reservoir_id,dam_id,dam_name,reservoir_name,river_name,state,district,latitude,longitude,crs,elevation_m,surface_area_m2,surface_area_km2,storage_volume_m3,gross_storage_m3,live_storage_m3,dead_storage_m3,minimum_water_level_m,dead_storage_level_m,normal_water_level_m,current_water_level_m,maximum_water_level_m,full_reservoir_level_m,spillway_crest_level_m,inflow_m3s,outflow_m3s,net_inflow_m3s,water_level_change_m,catchment_area_km2,maximum_depth_m,average_depth_m,reservoir_boundary_wkt,measurement_timestamp,data_source,data_status
R001,D001,Tehri,Tehri,Bhagirathi,Uttarakhand,Tehri Garhwal,30.38,78.48,EPSG:4326,818.0,2025248.21,2.0252,687455843.56,4050496426.34,3363040582.79,687455843.56,817,818,828,825.68,831,831,829.5,39.95,34.79,5.16,-0.149,405.05,1.0,1.0,"POLYGON((78.46000000000001 30.36,78.5 30.36,78.5 30.4,78.46000000000001 30.4,78.46000000000001 30.36))",2026-08-02 06:00:00,CWC/State reservoir anchor + synthetic prototype elevation-storage curve,SYNTHETIC_PROTOTYPE
R001,D001,Tehri,Tehri,Bhagirathi,Uttarakhand,Tehri Garhwal,30.38,78.48,EPSG:4326,819.0,2274509.53,2.2745,792872341.05,4050496426.34,3363040582.79,687455843.56,817,818,828,826.48,831,831,829.5,40.63,48.5,-7.87,-0.093,405.05,2.0,1.3,"POLYGON((78.46000000000001 30.36,78.5 30.36,78.5 30.4,78.46000000000001 30.4,78.46000000000001 30.36))",2026-08-03 06:00:00,CWC/State reservoir anchor + synthetic prototype elevation-storage curve,SYNTHETIC_PROTOTYPE
R001,D001,Tehri,Tehri,Bhagirathi,Uttarakhand,Tehri Garhwal,30.38,78.48,EPSG:4326,820.0,2523770.85,2.5238,956175277.9,4050496426.34,3363040582.79,687455843.56,817,818,828,825.61,831,831,829.5,41.5,43.63,-2.13,-0.14,405.05,3.0,1.95,"POLYGON((78.46000000000001 30.36,78.5 30.36,78.5 30.4,78.46000000000001 30.4,78.46000000000001 30.36))",2026-08-04 06:00:00,CWC/State reservoir anchor + synthetic prototype elevation-storage curve,SYNTHETIC_PROTOTYPE
R001,D001,Tehri,Tehri,Bhagirathi,Uttarakhand,Tehri Garhwal,30.38,78.48,EPSG:4326,821.0,2773032.17,2.773,1151994945.87,4050496426.34,3363040582.79,687455843.56,817,818,828,826.79,831,831,829.5,40.45,44.52,-4.07,-0.069,405.05,4.0,2.6,"POLYGON((78.46000000000001 30.36,78.5 30.36,78.5 30.4,78.46000000000001 30.4,78.46000000000001 30.36))",2026-08-05 06:00:00,CWC/State reservoir anchor + synthetic prototype elevation-storage curve,SYNTHETIC_PROTOTYPE
R001,D001,Tehri,Tehri,Bhagirathi,Uttarakhand,Tehri Garhwal,30.38,78.48,EPSG:4326,822.0,3022293.49,3.0223,1372454265.17,4050496426.34,3363040582.79,687455843.56,817,818,828,825.54,831,831,829.5,36.65,29.69,6.96,-0.035,405.05,5.0,3.25,"POLYGON((78.46000000000001 30.36,78.5 30.36,78.5 30.4,78.46000000000001 30.4,78.46000000000001 30.36))",2026-08-06 06:00:00,CWC/State reservoir anchor + synthetic prototype elevation-storage curve,SYNTHETIC_PROTOTYPE
R001,D001,Tehri,Tehri,Bhagirathi,Uttarakhand,Tehri Garhwal,30.38,78.48,EPSG:4326,823.0,3271554.81,3.2716,1613257787.48,4050496426.34,3363040582.79,687455843.56,817,818,828,825.26,831,831,829.5,37.94,39.44,-1.51,-0.028,405.05,6.0,3.9,"POLYGON((78.46000000000001 30.36,78.5 30.36,78.5 30.4,78.46000000000001 30.4,78.46000000000001 30.36))",2026-08-07 06:00:00,CWC/State reservoir anchor + synthetic prototype elevation-storage curve,SYNTHETIC_PROTOTYPE
R001,D001,Tehri,Tehri,Bhagirathi,Uttarakhand,Tehri Garhwal,30.38,78.48,EPSG:4326,824.0,3520816.12,3.5208,1871622342.88,4050496426.34,3363040582.79,687455843.56,817,818,828,826.21,831,831,829.5,35.41,32.58,2.83,0.017,405.05,7.0,4.55,"POLYGON((78.46000000000001 30.36,78.5 30.36,78.5 30.4,78.46000000000001 30.4,78.46000000000001 30.36))",2026-08-08 06:00:00,CWC/State reservoir anchor + synthetic prototype elevation-storage curve,SYNTHETIC_PROTOTYPE
R001,D001,Tehri,Tehri,Bhagirathi,Uttarakhand,Tehri Garhwal,30.38,78.48,EPSG:4326,825.0,3770077.44,3.7701,2145568019.37,4050496426.34,3363040582.79,687455843.56,817,818,828,825.51,831,831,829.5,37.41,34.78,2.62,-0.121,405.05,8.0,5.2,"POLYGON((78.46000000000001 30.36,78.5 30.36,78.5 30.4,78.46000000000001 30.4,78.46000000000001 30.36))",2026-08-09 06:00:00,CWC/State reservoir anchor + synthetic prototype elevation-storage curve,SYNTHETIC_PROTOTYPE
R001,D001,Tehri,Tehri,Bhagirathi,Uttarakhand,Tehri Garhwal,30.38,78.48,EPSG:4326,826.0,4019338.76,4.0193,2433599879.48,4050496426.34,3363040582.79,687455843.56,817,818,828,825.21,831,831,829.5,42.65,37.71,4.94,0.133,405.05,9.0,5.85,"POLYGON((78.46000000000001 30.36,78.5 30.36,78.5 30.4,78.46000000000001 30.4,78.46000000000001 30.36))",2026-08-10 06:00:00,CWC/State reservoir anchor + synthetic prototype elevation-storage curve,SYNTHETIC_PROTOTYPE
R001,D001,Tehri,Tehri,Bhagirathi,Uttarakhand,Tehri Garhwal,30.38,78.48,EPSG:4326,827.0,4268600.08,4.2686,2734541287.68,4050496426.34,3363040582.79,687455843.56,817,818,828,826.61,831,831,829.5,39.32,38.68,0.64,0.01,405.05,10.0,6.5,"POLYGON((78.46000000000001 30.36,78.5 30.36,78.5 30.4,78.46000000000001 30.4,78.46000000000001 30.36))",2026-08-11 06:00:00,CWC/State reservoir anchor + synthetic prototype elevation-storage curve,SYNTHETIC_PROTOTYPE
R001,D001,Tehri,Tehri,Bhagirathi,Uttarakhand,Tehri Garhwal,30.38,78.48,EPSG:4326,828.0,4517861.4,4.5179,3047437256.39,4050496426.34,3363040582.79,687455843.56,817,818,828,826.39,831,831,829.5,38.02,38.45,-0.42,-0.232,405.05,11.0,7.15,"POLYGON((78.46000000000001 30.36,78.5 30.36,78.5 30.4,78.46000000000001 30.4,78.46000000000001 30.36))",2026-08-12 06:00:00,CWC/State reservoir anchor + synthetic prototype elevation-storage curve,SYNTHETIC_PROTOTYPE
R001,D001,Tehri,Tehri,Bhagirathi,Uttarakhand,Tehri Garhwal,30.38,78.48,EPSG:4326,829.0,4767122.72,4.7671,3371494135.7,4050496426.34,3363040582.79,687455843.56,817,818,828,826.59,831,831,829.5,42.25,42.97,-0.72,0.3,405.05,12.0,7.8,"POLYGON((78.46000000000001 30.36,78.5 30.36,78.5 30.4,78.46000000000001 30.4,78.46000000000001 30.36))",2026-08-13 06:00:00,CWC/State reservoir anchor + synthetic prototype elevation-storage curve,SYNTHETIC_PROTOTYPE
R001,D001,Tehri,Tehri,Bhagirathi,Uttarakhand,Tehri Garhwal,30.38,78.48,EPSG:4326,830.0,5016384.04,5.0164,3706039836.02,4050496426.34,3363040582.79,687455843.56,817,818,828,825.82,831,831,829.5,42.05,34.8,7.25,0.087,405.05,13.0,8.45,"POLYGON((78.46000000000001 30.36,78.5 30.36,78.5 30.4,78.46000000000001 30.4,78.46000000000001 30.36))",2026-08-14 06:00:00,CWC/State reservoir anchor + synthetic prototype elevation-storage curve,SYNTHETIC_PROTOTYPE
R001,D001,Tehri,Tehri,Bhagirathi,Uttarakhand,Tehri Garhwal,30.38,78.48,EPSG:4326,831.0,5265645.35,5.2656,4050496426.34,4050496426.34,3363040582.79,687455843.56,817,818,828,825.81,831,831,829.5,40.12,44.09,-3.97,0.1,405.05,14.0,9.1,"POLYGON((78.46000000000001 30.36,78.5 30.36,78.5 30.4,78.46000000000001 30.4,78.46000000000001 30.36))",2026-08-15 06:00:00,CWC/State reservoir anchor + synthetic prototype elevation-storage curve,SYNTHETIC_PROTOTYPE
R002,D002,Sardar Sarovar,Sardar Sarovar,Narmada,Gujarat,Narmada,21.83,73.75,EPSG:4326,126.0,1933978.4,1.934,543469689.65,3867956803.66,3324487114.0,543469689.65,125,126,136,133.44,139,139,137.5,39.07,36.44,2.64,-0.178,386.8,1.0,1.0,"POLYGON((73.73 21.81,73.77 21.81,73.77 21.849999999999998,73.73 21.849999999999998,73.73 21.81))",2026-08-02 06:00:00,CWC/State reservoir anchor + synthetic prototype elevation-storage curve,SYNTHETIC_PROTOTYPE
R002,D002,Sardar Sarovar,Sardar Sarovar,Narmada,Gujarat,Narmada,21.83,73.75,EPSG:4326,127.0,2172006.51,2.172,647677705.84,3867956803.66,3324487114.0,543469689.65,125,126,136,133.35,139,139,137.5,37.56,36.48,1.08,0.172,386.8,2.0,1.3,"POLYGON((73.73 21.81,73.77 21.81,73.77 21.849999999999998,73.73 21.849999999999998,73.73 21.81))",2026-08-03 06:00:00,CWC/State reservoir anchor + synthetic prototype elevation-storage curve,SYNTHETIC_PROTOTYPE
R002,D002,Sardar Sarovar,Sardar Sarovar,Narmada,Gujarat,Narmada,21.83,73.75,EPSG:4326,128.0,2410034.62,2.41,809108558.63,3867956803.66,3324487114.0,543469689.65,125,126,136,133.68,139,139,137.5,36.12,31.88,4.24,-0.299,386.8,3.0,1.95,"POLYGON((73.73 21.81,73.77 21.81,73.77 21.849999999999998,73.73 21.849999999999998,73.73 21.81))",2026-08-04 06:00:00,CWC/State reservoir anchor + synthetic prototype elevation-storage curve,SYNTHETIC_PROTOTYPE
R002,D002,Sardar Sarovar,Sardar Sarovar,Narmada,Gujarat,Narmada,21.83,73.75,EPSG:4326,129.0,2648062.73,2.6481,1002683374.88,3867956803.66,3324487114.0,543469689.65,125,126,136,134.55,139,139,137.5,37.78,37.25,0.54,0.103,386.8,4.0,2.6,"POLYGON((73.73 21.81,73.77 21.81,73.77 21.849999999999998,73.73 21.849999999999998,73.73 21.81))",2026-08-05 06:00:00,CWC/State reservoir anchor + synthetic prototype elevation-storage curve,SYNTHETIC_PROTOTYPE
R002,D002,Sardar Sarovar,Sardar Sarovar,Narmada,Gujarat,Narmada,21.83,73.75,EPSG:4326,130.0,2886090.85,2.8861,1220615376.63,3867956803.66,3324487114.0,543469689.65,125,126,136,133.43,139,139,137.5,38.05,36.0,2.05,0.229,386.8,5.0,3.25,"POLYGON((73.73 21.81,73.77 21.81,73.77 21.849999999999998,73.73 21.849999999999998,73.73 21.81))",2026-08-06 06:00:00,CWC/State reservoir anchor + synthetic prototype elevation-storage curve,SYNTHETIC_PROTOTYPE
R002,D002,Sardar Sarovar,Sardar Sarovar,Narmada,Gujarat,Narmada,21.83,73.75,EPSG:4326,131.0,3124118.96,3.1241,1458658358.04,3867956803.66,3324487114.0,543469689.65,125,126,136,133.49,139,139,137.5,37.85,36.17,1.68,-0.018,386.8,6.0,3.9,"POLYGON((73.73 21.81,73.77 21.81,73.77 21.849999999999998,73.73 21.849999999999998,73.73 21.81))",2026-08-07 06:00:00,CWC/State reservoir anchor + synthetic prototype elevation-storage curve,SYNTHETIC_PROTOTYPE
R002,D002,Sardar Sarovar,Sardar Sarovar,Narmada,Gujarat,Narmada,21.83,73.75,EPSG:4326,132.0,3362147.07,3.3621,1714061055.09,3867956803.66,3324487114.0,543469689.65,125,126,136,133.8,139,139,137.5,38.3,32.06,6.23,-0.067,386.8,7.0,4.55,"POLYGON((73.73 21.81,73.77 21.81,73.77 21.849999999999998,73.73 21.849999999999998,73.73 21.81))",2026-08-08 06:00:00,CWC/State reservoir anchor + synthetic prototype elevation-storage curve,SYNTHETIC_PROTOTYPE
R002,D002,Sardar Sarovar,Sardar Sarovar,Narmada,Gujarat,Narmada,21.83,73.75,EPSG:4326,133.0,3600175.18,3.6002,1984866253.25,3867956803.66,3324487114.0,543469689.65,125,126,136,134.6,139,139,137.5,40.93,44.8,-3.86,0.1,386.8,8.0,5.2,"POLYGON((73.73 21.81,73.77 21.81,73.77 21.849999999999998,73.73 21.849999999999998,73.73 21.81))",2026-08-09 06:00:00,CWC/State reservoir anchor + synthetic prototype elevation-storage curve,SYNTHETIC_PROTOTYPE
R002,D002,Sardar Sarovar,Sardar Sarovar,Narmada,Gujarat,Narmada,21.83,73.75,EPSG:4326,134.0,3838203.29,3.8382,2269596152.81,3867956803.66,3324487114.0,543469689.65,125,126,136,134.4,139,139,137.5,38.02,43.87,-5.85,0.088,386.8,9.0,5.85,"POLYGON((73.73 21.81,73.77 21.81,73.77 21.849999999999998,73.73 21.849999999999998,73.73 21.81))",2026-08-10 06:00:00,CWC/State reservoir anchor + synthetic prototype elevation-storage curve,SYNTHETIC_PROTOTYPE
R002,D002,Sardar Sarovar,Sardar Sarovar,Narmada,Gujarat,Narmada,21.83,73.75,EPSG:4326,135.0,4076231.4,4.0762,2567087607.04,3867956803.66,3324487114.0,543469689.65,125,126,136,133.4,139,139,137.5,36.18,38.03,-1.85,-0.305,386.8,10.0,6.5,"POLYGON((73.73 21.81,73.77 21.81,73.77 21.849999999999998,73.73 21.849999999999998,73.73 21.81))",2026-08-11 06:00:00,CWC/State reservoir anchor + synthetic prototype elevation-storage curve,SYNTHETIC_PROTOTYPE
R002,D002,Sardar Sarovar,Sardar Sarovar,Narmada,Gujarat,Narmada,21.83,73.75,EPSG:4326,136.0,4314259.51,4.3143,2876396576.24,3867956803.66,3324487114.0,543469689.65,125,126,136,134.04,139,139,137.5,38.09,33.08,5.01,0.337,386.8,11.0,7.15,"POLYGON((73.73 21.81,73.77 21.81,73.77 21.849999999999998,73.73 21.849999999999998,73.73 21.81))",2026-08-12 06:00:00,CWC/State reservoir anchor + synthetic prototype elevation-storage curve,SYNTHETIC_PROTOTYPE
R002,D002,Sardar Sarovar,Sardar Sarovar,Narmada,Gujarat,Narmada,21.83,73.75,EPSG:4326,137.0,4552287.62,4.5523,3196738508.76,3867956803.66,3324487114.0,543469689.65,125,126,136,134.29,139,139,137.5,37.07,33.67,3.4,0.074,386.8,12.0,7.8,"POLYGON((73.73 21.81,73.77 21.81,73.77 21.849999999999998,73.73 21.849999999999998,73.73 21.81))",2026-08-13 06:00:00,CWC/State reservoir anchor + synthetic prototype elevation-storage curve,SYNTHETIC_PROTOTYPE
R002,D002,Sardar Sarovar,Sardar Sarovar,Narmada,Gujarat,Narmada,21.83,73.75,EPSG:4326,138.0,4790315.73,4.7903,3527449019.8,3867956803.66,3324487114.0,543469689.65,125,126,136,134.65,139,139,137.5,38.34,37.19,1.15,0.078,386.8,13.0,8.45,"POLYGON((73.73 21.81,73.77 21.81,73.77 21.849999999999998,73.73 21.849999999999998,73.73 21.81))",2026-08-14 06:00:00,CWC/State reservoir anchor + synthetic prototype elevation-storage curve,SYNTHETIC_PROTOTYPE
R002,D002,Sardar Sarovar,Sardar Sarovar,Narmada,Gujarat,Narmada,21.83,73.75,EPSG:4326,139.0,5028343.84,5.0283,3867956803.66,3867956803.66,3324487114.0,543469689.65,125,126,136,134.4,139,139,137.5,36.68,36.25,0.43,-0.158,386.8,14.0,9.1,"POLYGON((73.73 21.81,73.77 21.81,73.77 21.849999999999998,73.73 21.849999999999998,73.73 21.81))",2026-08-15 06:00:00,CWC/State reservoir anchor + synthetic prototype elevation-storage curve,SYNTHETIC_PROTOTYPE
R003,D003,Bhakra,Bhakra,Sutlej,Himachal Pradesh,Bilaspur,31.41,76.43,EPSG:4326,498.0,1000000.0,1.0,184197436.98,1511173068.02,1326975631.04,184197436.98,497,498,508,506.21,511,511,509.5,15.85,16.41,-0.56,-0.089,151.12,1.0,1.0,"POLYGON((76.41000000000001 31.39,76.45 31.39,76.45 31.43,76.41000000000001 31.43,76.41000000000001 31.39))",2026-08-02 06:00:00,CWC/State reservoir anchor + synthetic prototype elevation-storage curve,SYNTHETIC_PROTOTYPE
R003,D003,Bhakra,Bhakra,Sutlej,Himachal Pradesh,Bilaspur,31.41,76.43,EPSG:4326,499.0,1000000.0,1.0,225792273.51,1511173068.02,1326975631.04,184197436.98,497,498,508,505.56,511,511,509.5,15.02,9.42,5.6,0.054,151.12,2.0,1.3,"POLYGON((76.41000000000001 31.39,76.45 31.39,76.45 31.43,76.41000000000001 31.43,76.41000000000001 31.39))",2026-08-03 06:00:00,CWC/State reservoir anchor + synthetic prototype elevation-storage curve,SYNTHETIC_PROTOTYPE
R003,D003,Bhakra,Bhakra,Sutlej,Himachal Pradesh,Bilaspur,31.41,76.43,EPSG:4326,500.0,1000000.0,1.0,290227718.85,1511173068.02,1326975631.04,184197436.98,497,498,508,505.75,511,511,509.5,13.5,15.72,-2.22,0.114,151.12,3.0,1.95,"POLYGON((76.41000000000001 31.39,76.45 31.39,76.45 31.43,76.41000000000001 31.43,76.41000000000001 31.39))",2026-08-04 06:00:00,CWC/State reservoir anchor + synthetic prototype elevation-storage curve,SYNTHETIC_PROTOTYPE
R003,D003,Bhakra,Bhakra,Sutlej,Himachal Pradesh,Bilaspur,31.41,76.43,EPSG:4326,501.0,1034572.33,1.0346,367493491.03,1511173068.02,1326975631.04,184197436.98,497,498,508,505.63,511,511,509.5,14.47,16.6,-2.13,-0.231,151.12,4.0,2.6,"POLYGON((76.41000000000001 31.39,76.45 31.39,76.45 31.43,76.41000000000001 31.43,76.41000000000001 31.39))",2026-08-05 06:00:00,CWC/State reservoir anchor + synthetic prototype elevation-storage curve,SYNTHETIC_PROTOTYPE
R003,D003,Bhakra,Bhakra,Sutlej,Himachal Pradesh,Bilaspur,31.41,76.43,EPSG:4326,502.0,1127567.6,1.1276,454481482.15,1511173068.02,1326975631.04,184197436.98,497,498,508,506.02,511,511,509.5,16.06,20.27,-4.22,-0.041,151.12,5.0,3.25,"POLYGON((76.41000000000001 31.39,76.45 31.39,76.45 31.43,76.41000000000001 31.43,76.41000000000001 31.39))",2026-08-06 06:00:00,CWC/State reservoir anchor + synthetic prototype elevation-storage curve,SYNTHETIC_PROTOTYPE
R003,D003,Bhakra,Bhakra,Sutlej,Himachal Pradesh,Bilaspur,31.41,76.43,EPSG:4326,503.0,1220562.86,1.2206,549496810.72,1511173068.02,1326975631.04,184197436.98,497,498,508,506.13,511,511,509.5,14.99,12.26,2.73,-0.081,151.12,6.0,3.9,"POLYGON((76.41000000000001 31.39,76.45 31.39,76.45 31.43,76.41000000000001 31.43,76.41000000000001 31.39))",2026-08-07 06:00:00,CWC/State reservoir anchor + synthetic prototype elevation-storage curve,SYNTHETIC_PROTOTYPE
R003,D003,Bhakra,Bhakra,Sutlej,Himachal Pradesh,Bilaspur,31.41,76.43,EPSG:4326,504.0,1313558.13,1.3136,651441304.25,1511173068.02,1326975631.04,184197436.98,497,498,508,506.68,511,511,509.5,15.07,12.84,2.23,-0.192,151.12,7.0,4.55,"POLYGON((76.41000000000001 31.39,76.45 31.39,76.45 31.43,76.41000000000001 31.43,76.41000000000001 31.39))",2026-08-08 06:00:00,CWC/State reservoir anchor + synthetic prototype elevation-storage curve,SYNTHETIC_PROTOTYPE
R003,D003,Bhakra,Bhakra,Sutlej,Himachal Pradesh,Bilaspur,31.41,76.43,EPSG:4326,505.0,1406553.39,1.4066,759533736.68,1511173068.02,1326975631.04,184197436.98,497,498,508,506.72,511,511,509.5,16.06,15.61,0.45,0.002,151.12,8.0,5.2,"POLYGON((76.41000000000001 31.39,76.45 31.39,76.45 31.43,76.41000000000001 31.43,76.41000000000001 31.39))",2026-08-09 06:00:00,CWC/State reservoir anchor + synthetic prototype elevation-storage curve,SYNTHETIC_PROTOTYPE
R003,D003,Bhakra,Bhakra,Sutlej,Himachal Pradesh,Bilaspur,31.41,76.43,EPSG:4326,506.0,1499548.66,1.4995,873184241.31,1511173068.02,1326975631.04,184197436.98,497,498,508,506.35,511,511,509.5,14.59,13.69,0.9,0.001,151.12,9.0,5.85,"POLYGON((76.41000000000001 31.39,76.45 31.39,76.45 31.43,76.41000000000001 31.43,76.41000000000001 31.39))",2026-08-10 06:00:00,CWC/State reservoir anchor + synthetic prototype elevation-storage curve,SYNTHETIC_PROTOTYPE
R003,D003,Bhakra,Bhakra,Sutlej,Himachal Pradesh,Bilaspur,31.41,76.43,EPSG:4326,507.0,1592543.93,1.5925,991928545.82,1511173068.02,1326975631.04,184197436.98,497,498,508,505.52,511,511,509.5,14.83,13.99,0.83,-0.121,151.12,10.0,6.5,"POLYGON((76.41000000000001 31.39,76.45 31.39,76.45 31.43,76.41000000000001 31.43,76.41000000000001 31.39))",2026-08-11 06:00:00,CWC/State reservoir anchor + synthetic prototype elevation-storage curve,SYNTHETIC_PROTOTYPE
R003,D003,Bhakra,Bhakra,Sutlej,Himachal Pradesh,Bilaspur,31.41,76.43,EPSG:4326,508.0,1685539.19,1.6855,1115389834.89,1511173068.02,1326975631.04,184197436.98,497,498,508,506.54,511,511,509.5,16.36,14.37,1.99,0.051,151.12,11.0,7.15,"POLYGON((76.41000000000001 31.39,76.45 31.39,76.45 31.43,76.41000000000001 31.43,76.41000000000001 31.39))",2026-08-12 06:00:00,CWC/State reservoir anchor + synthetic prototype elevation-storage curve,SYNTHETIC_PROTOTYPE
R003,D003,Bhakra,Bhakra,Sutlej,Himachal Pradesh,Bilaspur,31.41,76.43,EPSG:4326,509.0,1778534.46,1.7785,1243254953.17,1511173068.02,1326975631.04,184197436.98,497,498,508,506.25,511,511,509.5,16.18,11.9,4.28,-0.095,151.12,12.0,7.8,"POLYGON((76.41000000000001 31.39,76.45 31.39,76.45 31.43,76.41000000000001 31.43,76.41000000000001 31.39))",2026-08-13 06:00:00,CWC/State reservoir anchor + synthetic prototype elevation-storage curve,SYNTHETIC_PROTOTYPE
R003,D003,Bhakra,Bhakra,Sutlej,Himachal Pradesh,Bilaspur,31.41,76.43,EPSG:4326,510.0,1871529.72,1.8715,1375258710.15,1511173068.02,1326975631.04,184197436.98,497,498,508,506.2,511,511,509.5,13.78,15.73,-1.95,0.011,151.12,13.0,8.45,"POLYGON((76.41000000000001 31.39,76.45 31.39,76.45 31.43,76.41000000000001 31.43,76.41000000000001 31.39))",2026-08-14 06:00:00,CWC/State reservoir anchor + synthetic prototype elevation-storage curve,SYNTHETIC_PROTOTYPE
R003,D003,Bhakra,Bhakra,Sutlej,Himachal Pradesh,Bilaspur,31.41,76.43,EPSG:4326,511.0,1964524.99,1.9645,1511173068.02,1511173068.02,1326975631.04,184197436.98,497,498,508,505.86,511,511,509.5,14.54,15.79,-1.25,-0.021,151.12,14.0,9.1,"POLYGON((76.41000000000001 31.39,76.45 31.39,76.45 31.43,76.41000000000001 31.43,76.41000000000001 31.39))",2026-08-15 06:00:00,CWC/State reservoir anchor + synthetic prototype elevation-storage curve,SYNTHETIC_PROTOTYPE
R004,D004,Hirakud,Hirakud,Mahanadi,Odisha,Sambalpur,21.53,83.87,EPSG:4326,168.0,2519576.65,2.5196,770985037.17,5039153299.12,4268168261.94,770985037.17,167,168,178,176.48,181,181,179.5,53.76,49.98,3.78,-0.005,503.92,1.0,1.0,"POLYGON((83.85000000000001 21.51,83.89 21.51,83.89 21.55,83.85000000000001 21.55,83.85000000000001 21.51))",2026-08-02 06:00:00,CWC/State reservoir anchor + synthetic prototype elevation-storage curve,SYNTHETIC_PROTOTYPE
R004,D004,Hirakud,Hirakud,Mahanadi,Odisha,Sambalpur,21.53,83.87,EPSG:4326,169.0,2829678.39,2.8297,904773297.47,5039153299.12,4268168261.94,770985037.17,167,168,178,175.27,181,181,179.5,49.28,45.77,3.51,-0.045,503.92,2.0,1.3,"POLYGON((83.85000000000001 21.51,83.89 21.51,83.89 21.55,83.85000000000001 21.55,83.85000000000001 21.51))",2026-08-03 06:00:00,CWC/State reservoir anchor + synthetic prototype elevation-storage curve,SYNTHETIC_PROTOTYPE
R004,D004,Hirakud,Hirakud,Mahanadi,Odisha,Sambalpur,21.53,83.87,EPSG:4326,170.0,3139780.13,3.1398,1112027535.11,5039153299.12,4268168261.94,770985037.17,167,168,178,175.6,181,181,179.5,50.01,50.17,-0.16,0.102,503.92,3.0,1.95,"POLYGON((83.85000000000001 21.51,83.89 21.51,83.89 21.55,83.85000000000001 21.55,83.85000000000001 21.51))",2026-08-04 06:00:00,CWC/State reservoir anchor + synthetic prototype elevation-storage curve,SYNTHETIC_PROTOTYPE
R004,D004,Hirakud,Hirakud,Mahanadi,Odisha,Sambalpur,21.53,83.87,EPSG:4326,171.0,3449881.87,3.4499,1360550046.61,5039153299.12,4268168261.94,770985037.17,167,168,178,176.14,181,181,179.5,51.36,47.32,4.04,0.142,503.92,4.0,2.6,"POLYGON((83.85000000000001 21.51,83.89 21.51,83.89 21.55,83.85000000000001 21.55,83.85000000000001 21.51))",2026-08-05 06:00:00,CWC/State reservoir anchor + synthetic prototype elevation-storage curve,SYNTHETIC_PROTOTYPE
R004,D004,Hirakud,Hirakud,Mahanadi,Odisha,Sambalpur,21.53,83.87,EPSG:4326,172.0,3759983.62,3.76,1640343717.4,5039153299.12,4268168261.94,770985037.17,167,168,178,175.7,181,181,179.5,52.83,51.79,1.03,0.117,503.92,5.0,3.25,"POLYGON((83.85000000000001 21.51,83.89 21.51,83.89 21.55,83.85000000000001 21.55,83.85000000000001 21.51))",2026-08-06 06:00:00,CWC/State reservoir anchor + synthetic prototype elevation-storage curve,SYNTHETIC_PROTOTYPE
R004,D004,Hirakud,Hirakud,Mahanadi,Odisha,Sambalpur,21.53,83.87,EPSG:4326,173.0,4070085.36,4.0701,1945957023.57,5039153299.12,4268168261.94,770985037.17,167,168,178,176.25,181,181,179.5,52.49,59.21,-6.72,0.227,503.92,6.0,3.9,"POLYGON((83.85000000000001 21.51,83.89 21.51,83.89 21.55,83.85000000000001 21.55,83.85000000000001 21.51))",2026-08-07 06:00:00,CWC/State reservoir anchor + synthetic prototype elevation-storage curve,SYNTHETIC_PROTOTYPE
R004,D004,Hirakud,Hirakud,Mahanadi,Odisha,Sambalpur,21.53,83.87,EPSG:4326,174.0,4380187.1,4.3802,2273857733.73,5039153299.12,4268168261.94,770985037.17,167,168,178,175.26,181,181,179.5,47.25,53.0,-5.75,0.131,503.92,7.0,4.55,"POLYGON((83.85000000000001 21.51,83.89 21.51,83.89 21.55,83.85000000000001 21.55,83.85000000000001 21.51))",2026-08-08 06:00:00,CWC/State reservoir anchor + synthetic prototype elevation-storage curve,SYNTHETIC_PROTOTYPE
R004,D004,Hirakud,Hirakud,Mahanadi,Odisha,Sambalpur,21.53,83.87,EPSG:4326,175.0,4690288.84,4.6903,2621533062.98,5039153299.12,4268168261.94,770985037.17,167,168,178,175.28,181,181,179.5,55.13,66.43,-11.3,-0.253,503.92,8.0,5.2,"POLYGON((83.85000000000001 21.51,83.89 21.51,83.89 21.55,83.85000000000001 21.55,83.85000000000001 21.51))",2026-08-09 06:00:00,CWC/State reservoir anchor + synthetic prototype elevation-storage curve,SYNTHETIC_PROTOTYPE
R004,D004,Hirakud,Hirakud,Mahanadi,Odisha,Sambalpur,21.53,83.87,EPSG:4326,176.0,5000390.58,5.0004,2987085726.84,5039153299.12,4268168261.94,770985037.17,167,168,178,176.2,181,181,179.5,52.45,45.05,7.4,0.126,503.92,9.0,5.85,"POLYGON((83.85000000000001 21.51,83.89 21.51,83.89 21.55,83.85000000000001 21.55,83.85000000000001 21.51))",2026-08-10 06:00:00,CWC/State reservoir anchor + synthetic prototype elevation-storage curve,SYNTHETIC_PROTOTYPE
R004,D004,Hirakud,Hirakud,Mahanadi,Odisha,Sambalpur,21.53,83.87,EPSG:4326,177.0,5310492.32,5.3105,3369022410.5,5039153299.12,4268168261.94,770985037.17,167,168,178,176.48,181,181,179.5,46.25,32.43,13.82,0.007,503.92,10.0,6.5,"POLYGON((83.85000000000001 21.51,83.89 21.51,83.89 21.55,83.85000000000001 21.55,83.85000000000001 21.51))",2026-08-11 06:00:00,CWC/State reservoir anchor + synthetic prototype elevation-storage curve,SYNTHETIC_PROTOTYPE
R004,D004,Hirakud,Hirakud,Mahanadi,Odisha,Sambalpur,21.53,83.87,EPSG:4326,178.0,5620594.06,5.6206,3766131101.3,5039153299.12,4268168261.94,770985037.17,167,168,178,175.52,181,181,179.5,49.77,50.04,-0.27,-0.227,503.92,11.0,7.15,"POLYGON((83.85000000000001 21.51,83.89 21.51,83.89 21.55,83.85000000000001 21.55,83.85000000000001 21.51))",2026-08-12 06:00:00,CWC/State reservoir anchor + synthetic prototype elevation-storage curve,SYNTHETIC_PROTOTYPE
R004,D004,Hirakud,Hirakud,Mahanadi,Odisha,Sambalpur,21.53,83.87,EPSG:4326,179.0,5930695.81,5.9307,4177404546.65,5039153299.12,4268168261.94,770985037.17,167,168,178,175.35,181,181,179.5,49.97,43.17,6.8,0.076,503.92,12.0,7.8,"POLYGON((83.85000000000001 21.51,83.89 21.51,83.89 21.55,83.85000000000001 21.55,83.85000000000001 21.51))",2026-08-13 06:00:00,CWC/State reservoir anchor + synthetic prototype elevation-storage curve,SYNTHETIC_PROTOTYPE
R004,D004,Hirakud,Hirakud,Mahanadi,Odisha,Sambalpur,21.53,83.87,EPSG:4326,180.0,6240797.55,6.2408,4601989770.98,5039153299.12,4268168261.94,770985037.17,167,168,178,176.49,181,181,179.5,50.24,53.09,-2.86,-0.099,503.92,13.0,8.45,"POLYGON((83.85000000000001 21.51,83.89 21.51,83.89 21.55,83.85000000000001 21.55,83.85000000000001 21.51))",2026-08-14 06:00:00,CWC/State reservoir anchor + synthetic prototype elevation-storage curve,SYNTHETIC_PROTOTYPE
R004,D004,Hirakud,Hirakud,Mahanadi,Odisha,Sambalpur,21.53,83.87,EPSG:4326,181.0,6550899.29,6.5509,5039153299.12,5039153299.12,4268168261.94,770985037.17,167,168,178,176.63,181,181,179.5,47.87,41.89,5.98,-0.117,503.92,14.0,9.1,"POLYGON((83.85000000000001 21.51,83.89 21.51,83.89 21.55,83.85000000000001 21.55,83.85000000000001 21.51))",2026-08-15 06:00:00,CWC/State reservoir anchor + synthetic prototype elevation-storage curve,SYNTHETIC_PROTOTYPE
R005,D005,Nagarjuna Sagar,Nagarjuna Sagar,Krishna,Telangana,Nalgonda,16.58,79.31,EPSG:4326,300.0,1000000.0,1.0,136209378.97,938852220.45,802642841.48,136209378.97,299,300,310,308.71,313,313,311.5,10.34,7.22,3.12,-0.013,93.89,1.0,1.0,"POLYGON((79.29 16.56,79.33 16.56,79.33 16.599999999999998,79.29 16.599999999999998,79.29 16.56))",2026-08-02 06:00:00,CWC/State reservoir anchor + synthetic prototype elevation-storage curve,SYNTHETIC_PROTOTYPE
R005,D005,Nagarjuna Sagar,Nagarjuna Sagar,Krishna,Telangana,Nalgonda,16.58,79.31,EPSG:4326,301.0,1000000.0,1.0,161368693.88,938852220.45,802642841.48,136209378.97,299,300,310,308.25,313,313,311.5,9.38,6.3,3.08,0.111,93.89,2.0,1.3,"POLYGON((79.29 16.56,79.33 16.56,79.33 16.599999999999998,79.29 16.599999999999998,79.29 16.56))",2026-08-03 06:00:00,CWC/State reservoir anchor + synthetic prototype elevation-storage curve,SYNTHETIC_PROTOTYPE
R005,D005,Nagarjuna Sagar,Nagarjuna Sagar,Krishna,Telangana,Nalgonda,16.58,79.31,EPSG:4326,302.0,1000000.0,1.0,200343523.36,938852220.45,802642841.48,136209378.97,299,300,310,308.26,313,313,311.5,9.35,9.52,-0.17,0.173,93.89,3.0,1.95,"POLYGON((79.29 16.56,79.33 16.56,79.33 16.599999999999998,79.29 16.599999999999998,79.29 16.56))",2026-08-04 06:00:00,CWC/State reservoir anchor + synthetic prototype elevation-storage curve,SYNTHETIC_PROTOTYPE
R005,D005,Nagarjuna Sagar,Nagarjuna Sagar,Krishna,Telangana,Nalgonda,16.58,79.31,EPSG:4326,303.0,1000000.0,1.0,247078985.17,938852220.45,802642841.48,136209378.97,299,300,310,308.06,313,313,311.5,9.38,4.7,4.68,-0.295,93.89,4.0,2.6,"POLYGON((79.29 16.56,79.33 16.56,79.33 16.599999999999998,79.29 16.599999999999998,79.29 16.56))",2026-08-05 06:00:00,CWC/State reservoir anchor + synthetic prototype elevation-storage curve,SYNTHETIC_PROTOTYPE
R005,D005,Nagarjuna Sagar,Nagarjuna Sagar,Krishna,Telangana,Nalgonda,16.58,79.31,EPSG:4326,304.0,1000000.0,1.0,299695089.59,938852220.45,802642841.48,136209378.97,299,300,310,307.33,313,313,311.5,7.86,6.83,1.03,0.007,93.89,5.0,3.25,"POLYGON((79.29 16.56,79.33 16.56,79.33 16.599999999999998,79.29 16.599999999999998,79.29 16.56))",2026-08-06 06:00:00,CWC/State reservoir anchor + synthetic prototype elevation-storage curve,SYNTHETIC_PROTOTYPE
R005,D005,Nagarjuna Sagar,Nagarjuna Sagar,Krishna,Telangana,Nalgonda,16.58,79.31,EPSG:4326,305.0,1000000.0,1.0,357166659.93,938852220.45,802642841.48,136209378.97,299,300,310,307.32,313,313,311.5,8.84,6.9,1.94,0.024,93.89,6.0,3.9,"POLYGON((79.29 16.56,79.33 16.56,79.33 16.599999999999998,79.29 16.599999999999998,79.29 16.56))",2026-08-07 06:00:00,CWC/State reservoir anchor + synthetic prototype elevation-storage curve,SYNTHETIC_PROTOTYPE
R005,D005,Nagarjuna Sagar,Nagarjuna Sagar,Krishna,Telangana,Nalgonda,16.58,79.31,EPSG:4326,306.0,1000000.0,1.0,418829448.64,938852220.45,802642841.48,136209378.97,299,300,310,307.41,313,313,311.5,9.41,9.3,0.11,0.121,93.89,7.0,4.55,"POLYGON((79.29 16.56,79.33 16.56,79.33 16.599999999999998,79.29 16.599999999999998,79.29 16.56))",2026-08-08 06:00:00,CWC/State reservoir anchor + synthetic prototype elevation-storage curve,SYNTHETIC_PROTOTYPE
R005,D005,Nagarjuna Sagar,Nagarjuna Sagar,Krishna,Telangana,Nalgonda,16.58,79.31,EPSG:4326,307.0,1000000.0,1.0,484210918.41,938852220.45,802642841.48,136209378.97,299,300,310,307.69,313,313,311.5,9.65,10.11,-0.47,0.077,93.89,8.0,5.2,"POLYGON((79.29 16.56,79.33 16.56,79.33 16.599999999999998,79.29 16.599999999999998,79.29 16.56))",2026-08-09 06:00:00,CWC/State reservoir anchor + synthetic prototype elevation-storage curve,SYNTHETIC_PROTOTYPE
R005,D005,Nagarjuna Sagar,Nagarjuna Sagar,Krishna,Telangana,Nalgonda,16.58,79.31,EPSG:4326,308.0,1000000.0,1.0,552954278.75,938852220.45,802642841.48,136209378.97,299,300,310,307.9,313,313,311.5,9.07,11.35,-2.28,-0.021,93.89,9.0,5.85,"POLYGON((79.29 16.56,79.33 16.56,79.33 16.599999999999998,79.29 16.599999999999998,79.29 16.56))",2026-08-10 06:00:00,CWC/State reservoir anchor + synthetic prototype elevation-storage curve,SYNTHETIC_PROTOTYPE
R005,D005,Nagarjuna Sagar,Nagarjuna Sagar,Krishna,Telangana,Nalgonda,16.58,79.31,EPSG:4326,309.0,1000000.0,1.0,624778706.99,938852220.45,802642841.48,136209378.97,299,300,310,307.35,313,313,311.5,9.39,6.57,2.82,0.219,93.89,10.0,6.5,"POLYGON((79.29 16.56,79.33 16.56,79.33 16.599999999999998,79.29 16.599999999999998,79.29 16.56))",2026-08-11 06:00:00,CWC/State reservoir anchor + synthetic prototype elevation-storage curve,SYNTHETIC_PROTOTYPE
R005,D005,Nagarjuna Sagar,Nagarjuna Sagar,Krishna,Telangana,Nalgonda,16.58,79.31,EPSG:4326,310.0,1047181.32,1.0472,699456280.22,938852220.45,802642841.48,136209378.97,299,300,310,308.28,313,313,311.5,9.17,10.79,-1.62,-0.392,93.89,11.0,7.15,"POLYGON((79.29 16.56,79.33 16.56,79.33 16.599999999999998,79.29 16.599999999999998,79.29 16.56))",2026-08-12 06:00:00,CWC/State reservoir anchor + synthetic prototype elevation-storage curve,SYNTHETIC_PROTOTYPE
R005,D005,Nagarjuna Sagar,Nagarjuna Sagar,Krishna,Telangana,Nalgonda,16.58,79.31,EPSG:4326,311.0,1104956.84,1.105,776797581.34,938852220.45,802642841.48,136209378.97,299,300,310,308.41,313,313,311.5,9.51,9.37,0.13,-0.162,93.89,12.0,7.8,"POLYGON((79.29 16.56,79.33 16.56,79.33 16.599999999999998,79.29 16.599999999999998,79.29 16.56))",2026-08-13 06:00:00,CWC/State reservoir anchor + synthetic prototype elevation-storage curve,SYNTHETIC_PROTOTYPE
R005,D005,Nagarjuna Sagar,Nagarjuna Sagar,Krishna,Telangana,Nalgonda,16.58,79.31,EPSG:4326,312.0,1162732.37,1.1627,856642205.55,938852220.45,802642841.48,136209378.97,299,300,310,308.4,313,313,311.5,9.26,8.89,0.38,0.05,93.89,13.0,8.45,"POLYGON((79.29 16.56,79.33 16.56,79.33 16.599999999999998,79.29 16.599999999999998,79.29 16.56))",2026-08-14 06:00:00,CWC/State reservoir anchor + synthetic prototype elevation-storage curve,SYNTHETIC_PROTOTYPE
R005,D005,Nagarjuna Sagar,Nagarjuna Sagar,Krishna,Telangana,Nalgonda,16.58,79.31,EPSG:4326,313.0,1220507.89,1.2205,938852220.45,938852220.45,802642841.48,136209378.97,299,300,310,308.48,313,313,311.5,9.39,12.64,-3.25,-0.058,93.89,14.0,9.1,"POLYGON((79.29 16.56,79.33 16.56,79.33 16.599999999999998,79.29 16.599999999999998,79.29 16.56))",2026-08-15 06:00:00,CWC/State reservoir anchor + synthetic prototype elevation-storage curve,SYNTHETIC_PROTOTYPE
R006,D006,Tungabhadra,Tungabhadra,Tungabhadra,Karnataka,Vijayanagara,15.27,76.34,EPSG:4326,486.0,2274529.26,2.2745,817361717.21,4549058517.41,3731696800.2,817361717.21,485,486,496,494.44,499,499,497.5,47.68,53.85,-6.16,0.017,454.91,1.0,1.0,"POLYGON((76.32000000000001 15.25,76.36 15.25,76.36 15.29,76.32000000000001 15.29,76.32000000000001 15.25))",2026-08-02 06:00:00,CWC/State reservoir anchor + synthetic prototype elevation-storage curve,SYNTHETIC_PROTOTYPE
R006,D006,Tungabhadra,Tungabhadra,Tungabhadra,Karnataka,Vijayanagara,15.27,76.34,EPSG:4326,487.0,2554471.32,2.5545,934333962.03,4549058517.41,3731696800.2,817361717.21,485,486,496,494.42,499,499,497.5,45.98,44.34,1.64,0.008,454.91,2.0,1.3,"POLYGON((76.32000000000001 15.25,76.36 15.25,76.36 15.29,76.32000000000001 15.29,76.32000000000001 15.25))",2026-08-03 06:00:00,CWC/State reservoir anchor + synthetic prototype elevation-storage curve,SYNTHETIC_PROTOTYPE
R006,D006,Tungabhadra,Tungabhadra,Tungabhadra,Karnataka,Vijayanagara,15.27,76.34,EPSG:4326,488.0,2834413.38,2.8344,1115538152.67,4549058517.41,3731696800.2,817361717.21,485,486,496,493.81,499,499,497.5,48.93,52.75,-3.82,-0.087,454.91,3.0,1.95,"POLYGON((76.32000000000001 15.25,76.36 15.25,76.36 15.29,76.32000000000001 15.29,76.32000000000001 15.25))",2026-08-04 06:00:00,CWC/State reservoir anchor + synthetic prototype elevation-storage curve,SYNTHETIC_PROTOTYPE
R006,D006,Tungabhadra,Tungabhadra,Tungabhadra,Karnataka,Vijayanagara,15.27,76.34,EPSG:4326,489.0,3114355.45,3.1144,1332823555.69,4549058517.41,3731696800.2,817361717.21,485,486,496,494.07,499,499,497.5,44.05,54.12,-10.07,0.01,454.91,4.0,2.6,"POLYGON((76.32000000000001 15.25,76.36 15.25,76.36 15.29,76.32000000000001 15.29,76.32000000000001 15.25))",2026-08-05 06:00:00,CWC/State reservoir anchor + synthetic prototype elevation-storage curve,SYNTHETIC_PROTOTYPE
R006,D006,Tungabhadra,Tungabhadra,Tungabhadra,Karnataka,Vijayanagara,15.27,76.34,EPSG:4326,490.0,3394297.51,3.3943,1577449606.47,4549058517.41,3731696800.2,817361717.21,485,486,496,493.81,499,499,497.5,44.7,37.64,7.06,0.131,454.91,5.0,3.25,"POLYGON((76.32000000000001 15.25,76.36 15.25,76.36 15.29,76.32000000000001 15.29,76.32000000000001 15.25))",2026-08-06 06:00:00,CWC/State reservoir anchor + synthetic prototype elevation-storage curve,SYNTHETIC_PROTOTYPE
R006,D006,Tungabhadra,Tungabhadra,Tungabhadra,Karnataka,Vijayanagara,15.27,76.34,EPSG:4326,491.0,3674239.57,3.6742,1844649990.04,4549058517.41,3731696800.2,817361717.21,485,486,496,493.42,499,499,497.5,44.6,43.15,1.44,0.016,454.91,6.0,3.9,"POLYGON((76.32000000000001 15.25,76.36 15.25,76.36 15.29,76.32000000000001 15.29,76.32000000000001 15.25))",2026-08-07 06:00:00,CWC/State reservoir anchor + synthetic prototype elevation-storage curve,SYNTHETIC_PROTOTYPE
R006,D006,Tungabhadra,Tungabhadra,Tungabhadra,Karnataka,Vijayanagara,15.27,76.34,EPSG:4326,492.0,3954181.63,3.9542,2131336445.63,4549058517.41,3731696800.2,817361717.21,485,486,496,494.34,499,499,497.5,41.87,40.45,1.42,0.133,454.91,7.0,4.55,"POLYGON((76.32000000000001 15.25,76.36 15.25,76.36 15.29,76.32000000000001 15.29,76.32000000000001 15.25))",2026-08-08 06:00:00,CWC/State reservoir anchor + synthetic prototype elevation-storage curve,SYNTHETIC_PROTOTYPE
R006,D006,Tungabhadra,Tungabhadra,Tungabhadra,Karnataka,Vijayanagara,15.27,76.34,EPSG:4326,493.0,4234123.7,4.2341,2435312023.46,4549058517.41,3731696800.2,817361717.21,485,486,496,494.78,499,499,497.5,43.74,47.34,-3.61,-0.047,454.91,8.0,5.2,"POLYGON((76.32000000000001 15.25,76.36 15.25,76.36 15.29,76.32000000000001 15.29,76.32000000000001 15.25))",2026-08-09 06:00:00,CWC/State reservoir anchor + synthetic prototype elevation-storage curve,SYNTHETIC_PROTOTYPE
R006,D006,Tungabhadra,Tungabhadra,Tungabhadra,Karnataka,Vijayanagara,15.27,76.34,EPSG:4326,494.0,4514065.76,4.5141,2754917911.12,4549058517.41,3731696800.2,817361717.21,485,486,496,494.4,499,499,497.5,44.12,45.33,-1.21,-0.149,454.91,9.0,5.85,"POLYGON((76.32000000000001 15.25,76.36 15.25,76.36 15.29,76.32000000000001 15.29,76.32000000000001 15.25))",2026-08-10 06:00:00,CWC/State reservoir anchor + synthetic prototype elevation-storage curve,SYNTHETIC_PROTOTYPE
R006,D006,Tungabhadra,Tungabhadra,Tungabhadra,Karnataka,Vijayanagara,15.27,76.34,EPSG:4326,495.0,4794007.82,4.794,3088848490.42,4549058517.41,3731696800.2,817361717.21,485,486,496,494.43,499,499,497.5,46.54,59.81,-13.27,-0.03,454.91,10.0,6.5,"POLYGON((76.32000000000001 15.25,76.36 15.25,76.36 15.29,76.32000000000001 15.29,76.32000000000001 15.25))",2026-08-11 06:00:00,CWC/State reservoir anchor + synthetic prototype elevation-storage curve,SYNTHETIC_PROTOTYPE
R006,D006,Tungabhadra,Tungabhadra,Tungabhadra,Karnataka,Vijayanagara,15.27,76.34,EPSG:4326,496.0,5073949.88,5.0739,3436044088.13,4549058517.41,3731696800.2,817361717.21,485,486,496,493.7,499,499,497.5,43.11,45.08,-1.97,-0.166,454.91,11.0,7.15,"POLYGON((76.32000000000001 15.25,76.36 15.25,76.36 15.29,76.32000000000001 15.29,76.32000000000001 15.25))",2026-08-12 06:00:00,CWC/State reservoir anchor + synthetic prototype elevation-storage curve,SYNTHETIC_PROTOTYPE
R006,D006,Tungabhadra,Tungabhadra,Tungabhadra,Karnataka,Vijayanagara,15.27,76.34,EPSG:4326,497.0,5353891.95,5.3539,3795624054.47,4549058517.41,3731696800.2,817361717.21,485,486,496,493.29,499,499,497.5,48.4,42.24,6.16,0.229,454.91,12.0,7.8,"POLYGON((76.32000000000001 15.25,76.36 15.25,76.36 15.29,76.32000000000001 15.29,76.32000000000001 15.25))",2026-08-13 06:00:00,CWC/State reservoir anchor + synthetic prototype elevation-storage curve,SYNTHETIC_PROTOTYPE
R006,D006,Tungabhadra,Tungabhadra,Tungabhadra,Karnataka,Vijayanagara,15.27,76.34,EPSG:4326,498.0,5633834.01,5.6338,4166842625.49,4549058517.41,3731696800.2,817361717.21,485,486,496,493.59,499,499,497.5,46.08,49.69,-3.61,-0.03,454.91,13.0,8.45,"POLYGON((76.32000000000001 15.25,76.36 15.25,76.36 15.29,76.32000000000001 15.29,76.32000000000001 15.25))",2026-08-14 06:00:00,CWC/State reservoir anchor + synthetic prototype elevation-storage curve,SYNTHETIC_PROTOTYPE
R006,D006,Tungabhadra,Tungabhadra,Tungabhadra,Karnataka,Vijayanagara,15.27,76.34,EPSG:4326,499.0,5913776.07,5.9138,4549058517.41,4549058517.41,3731696800.2,817361717.21,485,486,496,494.01,499,499,497.5,44.14,35.62,8.52,0.222,454.91,14.0,9.1,"POLYGON((76.32000000000001 15.25,76.36 15.25,76.36 15.29,76.32000000000001 15.29,76.32000000000001 15.25))",2026-08-15 06:00:00,CWC/State reservoir anchor + synthetic prototype elevation-storage curve,SYNTHETIC_PROTOTYPE
R007,D007,Krishna Raja Sagara,Krishna Raja Sagara,Cauvery,Karnataka,Mandya,12.42,76.57,EPSG:4326,730.0,1000000.0,1.0,285067597.36,1716782731.11,1431715133.75,285067597.36,729,730,740,738.27,743,743,741.5,16.43,14.94,1.5,-0.031,171.68,1.0,1.0,"POLYGON((76.55 12.4,76.58999999999999 12.4,76.58999999999999 12.44,76.55 12.44,76.55 12.4))",2026-08-02 06:00:00,CWC/State reservoir anchor + synthetic prototype elevation-storage curve,SYNTHETIC_PROTOTYPE
R007,D007,Krishna Raja Sagara,Krishna Raja Sagara,Cauvery,Karnataka,Mandya,12.42,76.57,EPSG:4326,731.0,1000000.0,1.0,329945555.6,1716782731.11,1431715133.75,285067597.36,729,730,740,738.03,743,743,741.5,17.35,18.27,-0.91,-0.006,171.68,2.0,1.3,"POLYGON((76.55 12.4,76.58999999999999 12.4,76.58999999999999 12.44,76.55 12.44,76.55 12.4))",2026-08-03 06:00:00,CWC/State reservoir anchor + synthetic prototype elevation-storage curve,SYNTHETIC_PROTOTYPE
R007,D007,Krishna Raja Sagara,Krishna Raja Sagara,Cauvery,Karnataka,Mandya,12.42,76.57,EPSG:4326,732.0,1069687.7,1.0697,399466954.56,1716782731.11,1431715133.75,285067597.36,729,730,740,738.47,743,743,741.5,17.35,17.09,0.26,0.281,171.68,3.0,1.95,"POLYGON((76.55 12.4,76.58999999999999 12.4,76.58999999999999 12.44,76.55 12.44,76.55 12.4))",2026-08-04 06:00:00,CWC/State reservoir anchor + synthetic prototype elevation-storage curve,SYNTHETIC_PROTOTYPE
R007,D007,Krishna Raja Sagara,Krishna Raja Sagara,Cauvery,Karnataka,Mandya,12.42,76.57,EPSG:4326,733.0,1175335.87,1.1753,482831390.76,1716782731.11,1431715133.75,285067597.36,729,730,740,737.38,743,743,741.5,17.68,17.85,-0.17,0.058,171.68,4.0,2.6,"POLYGON((76.55 12.4,76.58999999999999 12.4,76.58999999999999 12.44,76.55 12.44,76.55 12.4))",2026-08-05 06:00:00,CWC/State reservoir anchor + synthetic prototype elevation-storage curve,SYNTHETIC_PROTOTYPE
R007,D007,Krishna Raja Sagara,Krishna Raja Sagara,Cauvery,Karnataka,Mandya,12.42,76.57,EPSG:4326,734.0,1280984.04,1.281,576685430.3,1716782731.11,1431715133.75,285067597.36,729,730,740,738.75,743,743,741.5,15.5,11.47,4.03,0.106,171.68,5.0,3.25,"POLYGON((76.55 12.4,76.58999999999999 12.4,76.58999999999999 12.44,76.55 12.44,76.55 12.4))",2026-08-06 06:00:00,CWC/State reservoir anchor + synthetic prototype elevation-storage curve,SYNTHETIC_PROTOTYPE
R007,D007,Krishna Raja Sagara,Krishna Raja Sagara,Cauvery,Karnataka,Mandya,12.42,76.57,EPSG:4326,735.0,1386632.21,1.3866,679200412.99,1716782731.11,1431715133.75,285067597.36,729,730,740,738.66,743,743,741.5,17.04,11.83,5.21,-0.102,171.68,6.0,3.9,"POLYGON((76.55 12.4,76.58999999999999 12.4,76.58999999999999 12.44,76.55 12.44,76.55 12.4))",2026-08-07 06:00:00,CWC/State reservoir anchor + synthetic prototype elevation-storage curve,SYNTHETIC_PROTOTYPE
R007,D007,Krishna Raja Sagara,Krishna Raja Sagara,Cauvery,Karnataka,Mandya,12.42,76.57,EPSG:4326,736.0,1492280.37,1.4923,789191486.51,1716782731.11,1431715133.75,285067597.36,729,730,740,737.31,743,743,741.5,17.71,24.77,-7.06,-0.117,171.68,7.0,4.55,"POLYGON((76.55 12.4,76.58999999999999 12.4,76.58999999999999 12.44,76.55 12.44,76.55 12.4))",2026-08-08 06:00:00,CWC/State reservoir anchor + synthetic prototype elevation-storage curve,SYNTHETIC_PROTOTYPE
R007,D007,Krishna Raja Sagara,Krishna Raja Sagara,Cauvery,Karnataka,Mandya,12.42,76.57,EPSG:4326,737.0,1597928.54,1.5979,905815761.84,1716782731.11,1431715133.75,285067597.36,729,730,740,738.42,743,743,741.5,16.16,16.0,0.16,-0.173,171.68,8.0,5.2,"POLYGON((76.55 12.4,76.58999999999999 12.4,76.58999999999999 12.44,76.55 12.44,76.55 12.4))",2026-08-09 06:00:00,CWC/State reservoir anchor + synthetic prototype elevation-storage curve,SYNTHETIC_PROTOTYPE
R007,D007,Krishna Raja Sagara,Krishna Raja Sagara,Cauvery,Karnataka,Mandya,12.42,76.57,EPSG:4326,738.0,1703576.71,1.7036,1028436813.52,1716782731.11,1431715133.75,285067597.36,729,730,740,738.56,743,743,741.5,17.27,13.73,3.54,0.159,171.68,9.0,5.85,"POLYGON((76.55 12.4,76.58999999999999 12.4,76.58999999999999 12.44,76.55 12.44,76.55 12.4))",2026-08-10 06:00:00,CWC/State reservoir anchor + synthetic prototype elevation-storage curve,SYNTHETIC_PROTOTYPE
R007,D007,Krishna Raja Sagara,Krishna Raja Sagara,Cauvery,Karnataka,Mandya,12.42,76.57,EPSG:4326,739.0,1809224.88,1.8092,1156553723.77,1716782731.11,1431715133.75,285067597.36,729,730,740,737.47,743,743,741.5,18.1,16.6,1.5,-0.02,171.68,10.0,6.5,"POLYGON((76.55 12.4,76.58999999999999 12.4,76.58999999999999 12.44,76.55 12.44,76.55 12.4))",2026-08-11 06:00:00,CWC/State reservoir anchor + synthetic prototype elevation-storage curve,SYNTHETIC_PROTOTYPE
R007,D007,Krishna Raja Sagara,Krishna Raja Sagara,Cauvery,Karnataka,Mandya,12.42,76.57,EPSG:4326,740.0,1914873.05,1.9149,1289759934.83,1716782731.11,1431715133.75,285067597.36,729,730,740,738.15,743,743,741.5,16.83,15.81,1.02,-0.217,171.68,11.0,7.15,"POLYGON((76.55 12.4,76.58999999999999 12.4,76.58999999999999 12.44,76.55 12.44,76.55 12.4))",2026-08-12 06:00:00,CWC/State reservoir anchor + synthetic prototype elevation-storage curve,SYNTHETIC_PROTOTYPE
R007,D007,Krishna Raja Sagara,Krishna Raja Sagara,Cauvery,Karnataka,Mandya,12.42,76.57,EPSG:4326,741.0,2020521.21,2.0205,1427717573.73,1716782731.11,1431715133.75,285067597.36,729,730,740,738.02,743,743,741.5,17.85,17.25,0.6,0.15,171.68,12.0,7.8,"POLYGON((76.55 12.4,76.58999999999999 12.4,76.58999999999999 12.44,76.55 12.44,76.55 12.4))",2026-08-13 06:00:00,CWC/State reservoir anchor + synthetic prototype elevation-storage curve,SYNTHETIC_PROTOTYPE
R007,D007,Krishna Raja Sagara,Krishna Raja Sagara,Cauvery,Karnataka,Mandya,12.42,76.57,EPSG:4326,742.0,2126169.38,2.1262,1570140518.17,1716782731.11,1431715133.75,285067597.36,729,730,740,738.49,743,743,741.5,15.68,13.42,2.26,0.059,171.68,13.0,8.45,"POLYGON((76.55 12.4,76.58999999999999 12.4,76.58999999999999 12.44,76.55 12.44,76.55 12.4))",2026-08-14 06:00:00,CWC/State reservoir anchor + synthetic prototype elevation-storage curve,SYNTHETIC_PROTOTYPE
R007,D007,Krishna Raja Sagara,Krishna Raja Sagara,Cauvery,Karnataka,Mandya,12.42,76.57,EPSG:4326,743.0,2231817.55,2.2318,1716782731.11,1716782731.11,1431715133.75,285067597.36,729,730,740,738.23,743,743,741.5,16.84,19.95,-3.11,-0.182,171.68,14.0,9.1,"POLYGON((76.55 12.4,76.58999999999999 12.4,76.58999999999999 12.44,76.55 12.44,76.55 12.4))",2026-08-15 06:00:00,CWC/State reservoir anchor + synthetic prototype elevation-storage curve,SYNTHETIC_PROTOTYPE
R008,D008,Mettur,Mettur,Cauvery,Tamil Nadu,Salem,11.79,77.8,EPSG:4326,108.0,1527077.48,1.5271,371106836.4,3054154958.1,2683048121.7,371106836.4,107,108,118,115.74,121,121,119.5,31.25,22.23,9.02,0.09,305.42,1.0,1.0,"POLYGON((77.78 11.77,77.82 11.77,77.82 11.809999999999999,77.78 11.809999999999999,77.78 11.77))",2026-08-02 06:00:00,CWC/State reservoir anchor + synthetic prototype elevation-storage curve,SYNTHETIC_PROTOTYPE
R008,D008,Mettur,Mettur,Cauvery,Tamil Nadu,Salem,11.79,77.8,EPSG:4326,109.0,1715025.48,1.715,455208567.74,3054154958.1,2683048121.7,371106836.4,107,108,118,116.43,121,121,119.5,32.59,30.71,1.88,-0.169,305.42,2.0,1.3,"POLYGON((77.78 11.77,77.82 11.77,77.82 11.809999999999999,77.78 11.809999999999999,77.78 11.77))",2026-08-03 06:00:00,CWC/State reservoir anchor + synthetic prototype elevation-storage curve,SYNTHETIC_PROTOTYPE
R008,D008,Mettur,Mettur,Cauvery,Tamil Nadu,Salem,11.79,77.8,EPSG:4326,110.0,1902973.47,1.903,585492347.31,3054154958.1,2683048121.7,371106836.4,107,108,118,116.73,121,121,119.5,34.42,33.52,0.9,-0.097,305.42,3.0,1.95,"POLYGON((77.78 11.77,77.82 11.77,77.82 11.809999999999999,77.78 11.809999999999999,77.78 11.77))",2026-08-04 06:00:00,CWC/State reservoir anchor + synthetic prototype elevation-storage curve,SYNTHETIC_PROTOTYPE
R008,D008,Mettur,Mettur,Cauvery,Tamil Nadu,Salem,11.79,77.8,EPSG:4326,111.0,2090921.47,2.0909,741718113.68,3054154958.1,2683048121.7,371106836.4,107,108,118,116.04,121,121,119.5,30.79,22.94,7.85,0.148,305.42,4.0,2.6,"POLYGON((77.78 11.77,77.82 11.77,77.82 11.809999999999999,77.78 11.809999999999999,77.78 11.77))",2026-08-05 06:00:00,CWC/State reservoir anchor + synthetic prototype elevation-storage curve,SYNTHETIC_PROTOTYPE
R008,D008,Mettur,Mettur,Cauvery,Tamil Nadu,Salem,11.79,77.8,EPSG:4326,112.0,2278869.47,2.2789,917601498.96,3054154958.1,2683048121.7,371106836.4,107,108,118,116.09,121,121,119.5,28.63,33.39,-4.76,-0.157,305.42,5.0,3.25,"POLYGON((77.78 11.77,77.82 11.77,77.82 11.809999999999999,77.78 11.809999999999999,77.78 11.77))",2026-08-06 06:00:00,CWC/State reservoir anchor + synthetic prototype elevation-storage curve,SYNTHETIC_PROTOTYPE
R008,D008,Mettur,Mettur,Cauvery,Tamil Nadu,Salem,11.79,77.8,EPSG:4326,113.0,2466817.47,2.4668,1109715576.18,3054154958.1,2683048121.7,371106836.4,107,108,118,116.21,121,121,119.5,29.78,27.68,2.1,-0.08,305.42,6.0,3.9,"POLYGON((77.78 11.77,77.82 11.77,77.82 11.809999999999999,77.78 11.809999999999999,77.78 11.77))",2026-08-07 06:00:00,CWC/State reservoir anchor + synthetic prototype elevation-storage curve,SYNTHETIC_PROTOTYPE
R008,D008,Mettur,Mettur,Cauvery,Tamil Nadu,Salem,11.79,77.8,EPSG:4326,114.0,2654765.46,2.6548,1315839920.52,3054154958.1,2683048121.7,371106836.4,107,108,118,115.56,121,121,119.5,29.28,27.9,1.37,-0.193,305.42,7.0,4.55,"POLYGON((77.78 11.77,77.82 11.77,77.82 11.809999999999999,77.78 11.809999999999999,77.78 11.77))",2026-08-08 06:00:00,CWC/State reservoir anchor + synthetic prototype elevation-storage curve,SYNTHETIC_PROTOTYPE
R008,D008,Mettur,Mettur,Cauvery,Tamil Nadu,Salem,11.79,77.8,EPSG:4326,115.0,2842713.46,2.8427,1534394949.71,3054154958.1,2683048121.7,371106836.4,107,108,118,115.93,121,121,119.5,30.47,34.58,-4.11,0.001,305.42,8.0,5.2,"POLYGON((77.78 11.77,77.82 11.77,77.82 11.809999999999999,77.78 11.809999999999999,77.78 11.77))",2026-08-09 06:00:00,CWC/State reservoir anchor + synthetic prototype elevation-storage curve,SYNTHETIC_PROTOTYPE
R008,D008,Mettur,Mettur,Cauvery,Tamil Nadu,Salem,11.79,77.8,EPSG:4326,116.0,3030661.46,3.0307,1764187996.28,3054154958.1,2683048121.7,371106836.4,107,108,118,116.49,121,121,119.5,29.55,25.11,4.44,-0.078,305.42,9.0,5.85,"POLYGON((77.78 11.77,77.82 11.77,77.82 11.809999999999999,77.78 11.809999999999999,77.78 11.77))",2026-08-10 06:00:00,CWC/State reservoir anchor + synthetic prototype elevation-storage curve,SYNTHETIC_PROTOTYPE
R008,D008,Mettur,Mettur,Cauvery,Tamil Nadu,Salem,11.79,77.8,EPSG:4326,117.0,3218609.46,3.2186,2004280335.38,3054154958.1,2683048121.7,371106836.4,107,108,118,116.28,121,121,119.5,32.83,28.98,3.85,-0.034,305.42,10.0,6.5,"POLYGON((77.78 11.77,77.82 11.77,77.82 11.809999999999999,77.78 11.809999999999999,77.78 11.77))",2026-08-11 06:00:00,CWC/State reservoir anchor + synthetic prototype elevation-storage curve,SYNTHETIC_PROTOTYPE
R008,D008,Mettur,Mettur,Cauvery,Tamil Nadu,Salem,11.79,77.8,EPSG:4326,118.0,3406557.45,3.4066,2253910073.85,3054154958.1,2683048121.7,371106836.4,107,108,118,115.83,121,121,119.5,29.39,32.05,-2.66,0.09,305.42,11.0,7.15,"POLYGON((77.78 11.77,77.82 11.77,77.82 11.809999999999999,77.78 11.809999999999999,77.78 11.77))",2026-08-12 06:00:00,CWC/State reservoir anchor + synthetic prototype elevation-storage curve,SYNTHETIC_PROTOTYPE
R008,D008,Mettur,Mettur,Cauvery,Tamil Nadu,Salem,11.79,77.8,EPSG:4326,119.0,3594505.45,3.5945,2512444034.39,3054154958.1,2683048121.7,371106836.4,107,108,118,116.41,121,121,119.5,30.47,25.41,5.06,0.008,305.42,12.0,7.8,"POLYGON((77.78 11.77,77.82 11.77,77.82 11.809999999999999,77.78 11.809999999999999,77.78 11.77))",2026-08-13 06:00:00,CWC/State reservoir anchor + synthetic prototype elevation-storage curve,SYNTHETIC_PROTOTYPE
R008,D008,Mettur,Mettur,Cauvery,Tamil Nadu,Salem,11.79,77.8,EPSG:4326,120.0,3782453.45,3.7825,2779346021.09,3054154958.1,2683048121.7,371106836.4,107,108,118,115.81,121,121,119.5,32.01,27.62,4.39,-0.258,305.42,13.0,8.45,"POLYGON((77.78 11.77,77.82 11.77,77.82 11.809999999999999,77.78 11.809999999999999,77.78 11.77))",2026-08-14 06:00:00,CWC/State reservoir anchor + synthetic prototype elevation-storage curve,SYNTHETIC_PROTOTYPE
R008,D008,Mettur,Mettur,Cauvery,Tamil Nadu,Salem,11.79,77.8,EPSG:4326,121.0,3970401.45,3.9704,3054154958.1,3054154958.1,2683048121.7,371106836.4,107,108,118,116.34,121,121,119.5,31.54,26.36,5.17,-0.009,305.42,14.0,9.1,"POLYGON((77.78 11.77,77.82 11.77,77.82 11.809999999999999,77.78 11.809999999999999,77.78 11.77))",2026-08-15 06:00:00,CWC/State reservoir anchor + synthetic prototype elevation-storage curve,SYNTHETIC_PROTOTYPE
R009,D009,Bhavanisagar,Bhavanisagar,Bhavani,Tamil Nadu,Erode,11.47,77.07,EPSG:4326,93.0,2636867.58,2.6369,727532522.57,5273735168.22,4546202645.65,727532522.57,92,93,103,101.28,106,106,104.5,49.87,44.68,5.19,0.057,527.37,1.0,1.0,"POLYGON((77.05 11.450000000000001,77.08999999999999 11.450000000000001,77.08999999999999 11.49,77.05 11.49,77.05 11.450000000000001))",2026-08-02 06:00:00,CWC/State reservoir anchor + synthetic prototype elevation-storage curve,SYNTHETIC_PROTOTYPE
R009,D009,Bhavanisagar,Bhavanisagar,Bhavani,Tamil Nadu,Erode,11.47,77.07,EPSG:4326,94.0,2961405.13,2.9614,870035935.18,5273735168.22,4546202645.65,727532522.57,92,93,103,100.67,106,106,104.5,50.61,45.51,5.1,-0.113,527.37,2.0,1.3,"POLYGON((77.05 11.450000000000001,77.08999999999999 11.450000000000001,77.08999999999999 11.49,77.05 11.49,77.05 11.450000000000001))",2026-08-03 06:00:00,CWC/State reservoir anchor + synthetic prototype elevation-storage curve,SYNTHETIC_PROTOTYPE
R009,D009,Bhavanisagar,Bhavanisagar,Bhavani,Tamil Nadu,Erode,11.47,77.07,EPSG:4326,95.0,3285942.68,3.2859,1090791000.5,5273735168.22,4546202645.65,727532522.57,92,93,103,100.92,106,106,104.5,53.88,46.63,7.25,-0.275,527.37,3.0,1.95,"POLYGON((77.05 11.450000000000001,77.08999999999999 11.450000000000001,77.08999999999999 11.49,77.05 11.49,77.05 11.450000000000001))",2026-08-04 06:00:00,CWC/State reservoir anchor + synthetic prototype elevation-storage curve,SYNTHETIC_PROTOTYPE
R009,D009,Bhavanisagar,Bhavanisagar,Bhavani,Tamil Nadu,Erode,11.47,77.07,EPSG:4326,96.0,3610480.23,3.6105,1355502612.13,5273735168.22,4546202645.65,727532522.57,92,93,103,101.62,106,106,104.5,57.65,55.11,2.54,-0.005,527.37,4.0,2.6,"POLYGON((77.05 11.450000000000001,77.08999999999999 11.450000000000001,77.08999999999999 11.49,77.05 11.49,77.05 11.450000000000001))",2026-08-05 06:00:00,CWC/State reservoir anchor + synthetic prototype elevation-storage curve,SYNTHETIC_PROTOTYPE
R009,D009,Bhavanisagar,Bhavanisagar,Bhavani,Tamil Nadu,Erode,11.47,77.07,EPSG:4326,97.0,3935017.78,3.935,1653522429.6,5273735168.22,4546202645.65,727532522.57,92,93,103,100.99,106,106,104.5,53.16,53.53,-0.37,-0.156,527.37,5.0,3.25,"POLYGON((77.05 11.450000000000001,77.08999999999999 11.450000000000001,77.08999999999999 11.49,77.05 11.49,77.05 11.450000000000001))",2026-08-06 06:00:00,CWC/State reservoir anchor + synthetic prototype elevation-storage curve,SYNTHETIC_PROTOTYPE
R009,D009,Bhavanisagar,Bhavanisagar,Bhavani,Tamil Nadu,Erode,11.47,77.07,EPSG:4326,98.0,4259555.33,4.2596,1979043809.21,5273735168.22,4546202645.65,727532522.57,92,93,103,100.52,106,106,104.5,48.63,41.71,6.92,0.112,527.37,6.0,3.9,"POLYGON((77.05 11.450000000000001,77.08999999999999 11.450000000000001,77.08999999999999 11.49,77.05 11.49,77.05 11.450000000000001))",2026-08-07 06:00:00,CWC/State reservoir anchor + synthetic prototype elevation-storage curve,SYNTHETIC_PROTOTYPE
R009,D009,Bhavanisagar,Bhavanisagar,Bhavani,Tamil Nadu,Erode,11.47,77.07,EPSG:4326,99.0,4584092.88,4.5841,2328304425.14,5273735168.22,4546202645.65,727532522.57,92,93,103,100.96,106,106,104.5,54.9,47.61,7.29,-0.053,527.37,7.0,4.55,"POLYGON((77.05 11.450000000000001,77.08999999999999 11.450000000000001,77.08999999999999 11.49,77.05 11.49,77.05 11.450000000000001))",2026-08-08 06:00:00,CWC/State reservoir anchor + synthetic prototype elevation-storage curve,SYNTHETIC_PROTOTYPE
R009,D009,Bhavanisagar,Bhavanisagar,Bhavani,Tamil Nadu,Erode,11.47,77.07,EPSG:4326,100.0,4908630.43,4.9086,2698627806.19,5273735168.22,4546202645.65,727532522.57,92,93,103,101.07,106,106,104.5,56.41,34.5,21.9,-0.161,527.37,8.0,5.2,"POLYGON((77.05 11.450000000000001,77.08999999999999 11.450000000000001,77.08999999999999 11.49,77.05 11.49,77.05 11.450000000000001))",2026-08-09 06:00:00,CWC/State reservoir anchor + synthetic prototype elevation-storage curve,SYNTHETIC_PROTOTYPE
R009,D009,Bhavanisagar,Bhavanisagar,Bhavani,Tamil Nadu,Erode,11.47,77.07,EPSG:4326,101.0,5233167.97,5.2332,3087993076.16,5273735168.22,4546202645.65,727532522.57,92,93,103,101.43,106,106,104.5,55.48,47.23,8.25,-0.226,527.37,9.0,5.85,"POLYGON((77.05 11.450000000000001,77.08999999999999 11.450000000000001,77.08999999999999 11.49,77.05 11.49,77.05 11.450000000000001))",2026-08-10 06:00:00,CWC/State reservoir anchor + synthetic prototype elevation-storage curve,SYNTHETIC_PROTOTYPE
R009,D009,Bhavanisagar,Bhavanisagar,Bhavani,Tamil Nadu,Erode,11.47,77.07,EPSG:4326,102.0,5557705.52,5.5577,3494809643.63,5273735168.22,4546202645.65,727532522.57,92,93,103,100.91,106,106,104.5,50.16,59.89,-9.73,-0.06,527.37,10.0,6.5,"POLYGON((77.05 11.450000000000001,77.08999999999999 11.450000000000001,77.08999999999999 11.49,77.05 11.49,77.05 11.450000000000001))",2026-08-11 06:00:00,CWC/State reservoir anchor + synthetic prototype elevation-storage curve,SYNTHETIC_PROTOTYPE
R009,D009,Bhavanisagar,Bhavanisagar,Bhavani,Tamil Nadu,Erode,11.47,77.07,EPSG:4326,103.0,5882243.07,5.8822,3917786543.78,5273735168.22,4546202645.65,727532522.57,92,93,103,101.23,106,106,104.5,50.44,37.09,13.36,-0.005,527.37,11.0,7.15,"POLYGON((77.05 11.450000000000001,77.08999999999999 11.450000000000001,77.08999999999999 11.49,77.05 11.49,77.05 11.450000000000001))",2026-08-12 06:00:00,CWC/State reservoir anchor + synthetic prototype elevation-storage curve,SYNTHETIC_PROTOTYPE
R009,D009,Bhavanisagar,Bhavanisagar,Bhavani,Tamil Nadu,Erode,11.47,77.07,EPSG:4326,104.0,6206780.62,6.2068,4355850910.16,5273735168.22,4546202645.65,727532522.57,92,93,103,100.96,106,106,104.5,52.52,51.83,0.68,-0.01,527.37,12.0,7.8,"POLYGON((77.05 11.450000000000001,77.08999999999999 11.450000000000001,77.08999999999999 11.49,77.05 11.49,77.05 11.450000000000001))",2026-08-13 06:00:00,CWC/State reservoir anchor + synthetic prototype elevation-storage curve,SYNTHETIC_PROTOTYPE
R009,D009,Bhavanisagar,Bhavanisagar,Bhavani,Tamil Nadu,Erode,11.47,77.07,EPSG:4326,105.0,6531318.17,6.5313,4808094203.24,5273735168.22,4546202645.65,727532522.57,92,93,103,101.74,106,106,104.5,52.64,62.08,-9.44,-0.021,527.37,13.0,8.45,"POLYGON((77.05 11.450000000000001,77.08999999999999 11.450000000000001,77.08999999999999 11.49,77.05 11.49,77.05 11.450000000000001))",2026-08-14 06:00:00,CWC/State reservoir anchor + synthetic prototype elevation-storage curve,SYNTHETIC_PROTOTYPE
R009,D009,Bhavanisagar,Bhavanisagar,Bhavani,Tamil Nadu,Erode,11.47,77.07,EPSG:4326,106.0,6855855.72,6.8559,5273735168.22,5273735168.22,4546202645.65,727532522.57,92,93,103,100.31,106,106,104.5,50.72,50.26,0.46,-0.111,527.37,14.0,9.1,"POLYGON((77.05 11.450000000000001,77.08999999999999 11.450000000000001,77.08999999999999 11.49,77.05 11.49,77.05 11.450000000000001))",2026-08-15 06:00:00,CWC/State reservoir anchor + synthetic prototype elevation-storage curve,SYNTHETIC_PROTOTYPE
R010,D010,Vaigai,Vaigai,Vaigai,Tamil Nadu,Theni,10.08,77.58,EPSG:4326,258.0,2406774.41,2.4068,726637414.5,4813548818.85,4086911404.34,726637414.5,257,258,268,265.71,271,271,269.5,49.59,48.87,0.72,-0.027,481.35,1.0,1.0,"POLYGON((77.56 10.06,77.6 10.06,77.6 10.1,77.56 10.1,77.56 10.06))",2026-08-02 06:00:00,CWC/State reservoir anchor + synthetic prototype elevation-storage curve,SYNTHETIC_PROTOTYPE
R010,D010,Vaigai,Vaigai,Vaigai,Tamil Nadu,Theni,10.08,77.58,EPSG:4326,259.0,2702992.8,2.703,854744071.32,4813548818.85,4086911404.34,726637414.5,257,258,268,266.25,271,271,269.5,46.39,40.16,6.22,-0.082,481.35,2.0,1.3,"POLYGON((77.56 10.06,77.6 10.06,77.6 10.1,77.56 10.1,77.56 10.06))",2026-08-03 06:00:00,CWC/State reservoir anchor + synthetic prototype elevation-storage curve,SYNTHETIC_PROTOTYPE
R010,D010,Vaigai,Vaigai,Vaigai,Tamil Nadu,Theni,10.08,77.58,EPSG:4326,260.0,2999211.19,2.9992,1053196816.25,4813548818.85,4086911404.34,726637414.5,257,258,268,265.75,271,271,269.5,48.7,48.67,0.03,0.01,481.35,3.0,1.95,"POLYGON((77.56 10.06,77.6 10.06,77.6 10.1,77.56 10.1,77.56 10.06))",2026-08-04 06:00:00,CWC/State reservoir anchor + synthetic prototype elevation-storage curve,SYNTHETIC_PROTOTYPE
R010,D010,Vaigai,Vaigai,Vaigai,Tamil Nadu,Theni,10.08,77.58,EPSG:4326,261.0,3295429.58,3.2954,1291165289.89,4813548818.85,4086911404.34,726637414.5,257,258,268,265.43,271,271,269.5,44.9,40.97,3.94,-0.311,481.35,4.0,2.6,"POLYGON((77.56 10.06,77.6 10.06,77.6 10.1,77.56 10.1,77.56 10.06))",2026-08-05 06:00:00,CWC/State reservoir anchor + synthetic prototype elevation-storage curve,SYNTHETIC_PROTOTYPE
R010,D010,Vaigai,Vaigai,Vaigai,Tamil Nadu,Theni,10.08,77.58,EPSG:4326,262.0,3591647.96,3.5916,1559076926.41,4813548818.85,4086911404.34,726637414.5,257,258,268,265.42,271,271,269.5,48.36,49.38,-1.03,-0.064,481.35,5.0,3.25,"POLYGON((77.56 10.06,77.6 10.06,77.6 10.1,77.56 10.1,77.56 10.06))",2026-08-06 06:00:00,CWC/State reservoir anchor + synthetic prototype elevation-storage curve,SYNTHETIC_PROTOTYPE
R010,D010,Vaigai,Vaigai,Vaigai,Tamil Nadu,Theni,10.08,77.58,EPSG:4326,263.0,3887866.35,3.8879,1851711712.49,4813548818.85,4086911404.34,726637414.5,257,258,268,265.24,271,271,269.5,47.24,40.72,6.51,-0.083,481.35,6.0,3.9,"POLYGON((77.56 10.06,77.6 10.06,77.6 10.1,77.56 10.1,77.56 10.06))",2026-08-07 06:00:00,CWC/State reservoir anchor + synthetic prototype elevation-storage curve,SYNTHETIC_PROTOTYPE
R010,D010,Vaigai,Vaigai,Vaigai,Tamil Nadu,Theni,10.08,77.58,EPSG:4326,264.0,4184084.74,4.1841,2165687420.47,4813548818.85,4086911404.34,726637414.5,257,258,268,265.22,271,271,269.5,48.36,40.16,8.19,0.021,481.35,7.0,4.55,"POLYGON((77.56 10.06,77.6 10.06,77.6 10.1,77.56 10.1,77.56 10.06))",2026-08-08 06:00:00,CWC/State reservoir anchor + synthetic prototype elevation-storage curve,SYNTHETIC_PROTOTYPE
R010,D010,Vaigai,Vaigai,Vaigai,Tamil Nadu,Theni,10.08,77.58,EPSG:4326,265.0,4480303.13,4.4803,2498597976.22,4813548818.85,4086911404.34,726637414.5,257,258,268,265.49,271,271,269.5,47.79,44.84,2.96,-0.25,481.35,8.0,5.2,"POLYGON((77.56 10.06,77.6 10.06,77.6 10.1,77.56 10.1,77.56 10.06))",2026-08-09 06:00:00,CWC/State reservoir anchor + synthetic prototype elevation-storage curve,SYNTHETIC_PROTOTYPE
R010,D010,Vaigai,Vaigai,Vaigai,Tamil Nadu,Theni,10.08,77.58,EPSG:4326,266.0,4776521.52,4.7765,2848626667.49,4813548818.85,4086911404.34,726637414.5,257,258,268,266.51,271,271,269.5,49.24,50.92,-1.68,0.057,481.35,9.0,5.85,"POLYGON((77.56 10.06,77.6 10.06,77.6 10.1,77.56 10.1,77.56 10.06))",2026-08-10 06:00:00,CWC/State reservoir anchor + synthetic prototype elevation-storage curve,SYNTHETIC_PROTOTYPE
R010,D010,Vaigai,Vaigai,Vaigai,Tamil Nadu,Theni,10.08,77.58,EPSG:4326,267.0,5072739.91,5.0727,3214343596.25,4813548818.85,4086911404.34,726637414.5,257,258,268,266.27,271,271,269.5,46.56,44.85,1.71,0.065,481.35,10.0,6.5,"POLYGON((77.56 10.06,77.6 10.06,77.6 10.1,77.56 10.1,77.56 10.06))",2026-08-11 06:00:00,CWC/State reservoir anchor + synthetic prototype elevation-storage curve,SYNTHETIC_PROTOTYPE
R010,D010,Vaigai,Vaigai,Vaigai,Tamil Nadu,Theni,10.08,77.58,EPSG:4326,268.0,5368958.3,5.369,3594588220.55,4813548818.85,4086911404.34,726637414.5,257,258,268,266.44,271,271,269.5,48.63,38.28,10.35,0.175,481.35,11.0,7.15,"POLYGON((77.56 10.06,77.6 10.06,77.6 10.1,77.56 10.1,77.56 10.06))",2026-08-12 06:00:00,CWC/State reservoir anchor + synthetic prototype elevation-storage curve,SYNTHETIC_PROTOTYPE
R010,D010,Vaigai,Vaigai,Vaigai,Tamil Nadu,Theni,10.08,77.58,EPSG:4326,269.0,5665176.69,5.6652,3988396062.91,4813548818.85,4086911404.34,726637414.5,257,258,268,265.38,271,271,269.5,50.57,52.22,-1.65,0.141,481.35,12.0,7.8,"POLYGON((77.56 10.06,77.6 10.06,77.6 10.1,77.56 10.1,77.56 10.06))",2026-08-13 06:00:00,CWC/State reservoir anchor + synthetic prototype elevation-storage curve,SYNTHETIC_PROTOTYPE
R010,D010,Vaigai,Vaigai,Vaigai,Tamil Nadu,Theni,10.08,77.58,EPSG:4326,270.0,5961395.08,5.9614,4394950371.21,4813548818.85,4086911404.34,726637414.5,257,258,268,266.66,271,271,269.5,47.78,30.73,17.05,-0.224,481.35,13.0,8.45,"POLYGON((77.56 10.06,77.6 10.06,77.6 10.1,77.56 10.1,77.56 10.06))",2026-08-14 06:00:00,CWC/State reservoir anchor + synthetic prototype elevation-storage curve,SYNTHETIC_PROTOTYPE
R010,D010,Vaigai,Vaigai,Vaigai,Tamil Nadu,Theni,10.08,77.58,EPSG:4326,271.0,6257613.46,6.2576,4813548818.85,4813548818.85,4086911404.34,726637414.5,257,258,268,266.29,271,271,269.5,45.02,40.95,4.06,-0.056,481.35,14.0,9.1,"POLYGON((77.56 10.06,77.6 10.06,77.6 10.1,77.56 10.1,77.56 10.06))",2026-08-15 06:00:00,CWC/State reservoir anchor + synthetic prototype elevation-storage curve,SYNTHETIC_PROTOTYPE
R011,D011,Papanasam,Papanasam,Tamiraparani,Tamil Nadu,Tirunelveli,8.71,77.35,EPSG:4326,131.0,2876299.57,2.8763,809886129.22,5752599139.01,4942713009.79,809886129.22,130,131,141,138.23,144,144,142.5,62.11,61.24,0.87,-0.189,575.26,1.0,1.0,"POLYGON((77.33 8.690000000000001,77.36999999999999 8.690000000000001,77.36999999999999 8.73,77.33 8.73,77.33 8.690000000000001))",2026-08-02 06:00:00,CWC/State reservoir anchor + synthetic prototype elevation-storage curve,SYNTHETIC_PROTOTYPE
R011,D011,Papanasam,Papanasam,Tamiraparani,Tamil Nadu,Tirunelveli,8.71,77.35,EPSG:4326,132.0,3230305.67,3.2303,964818393.87,5752599139.01,4942713009.79,809886129.22,130,131,141,139.56,144,144,142.5,55.53,58.79,-3.26,0.017,575.26,2.0,1.3,"POLYGON((77.33 8.690000000000001,77.36999999999999 8.690000000000001,77.36999999999999 8.73,77.33 8.73,77.33 8.690000000000001))",2026-08-03 06:00:00,CWC/State reservoir anchor + synthetic prototype elevation-storage curve,SYNTHETIC_PROTOTYPE
R011,D011,Papanasam,Papanasam,Tamiraparani,Tamil Nadu,Tirunelveli,8.71,77.35,EPSG:4326,133.0,3584311.77,3.5843,1204827258.06,5752599139.01,4942713009.79,809886129.22,130,131,141,138.41,144,144,142.5,60.39,54.02,6.37,0.11,575.26,3.0,1.95,"POLYGON((77.33 8.690000000000001,77.36999999999999 8.690000000000001,77.36999999999999 8.73,77.33 8.73,77.33 8.690000000000001))",2026-08-04 06:00:00,CWC/State reservoir anchor + synthetic prototype elevation-storage curve,SYNTHETIC_PROTOTYPE
R011,D011,Papanasam,Papanasam,Tamiraparani,Tamil Nadu,Tirunelveli,8.71,77.35,EPSG:4326,134.0,3938317.87,3.9383,1492626467.33,5752599139.01,4942713009.79,809886129.22,130,131,141,139.68,144,144,142.5,59.21,67.89,-8.68,-0.046,575.26,4.0,2.6,"POLYGON((77.33 8.690000000000001,77.36999999999999 8.690000000000001,77.36999999999999 8.73,77.33 8.73,77.33 8.690000000000001))",2026-08-05 06:00:00,CWC/State reservoir anchor + synthetic prototype elevation-storage curve,SYNTHETIC_PROTOTYPE
R011,D011,Papanasam,Papanasam,Tamiraparani,Tamil Nadu,Tirunelveli,8.71,77.35,EPSG:4326,135.0,4292323.97,4.2923,1816638955.08,5752599139.01,4942713009.79,809886129.22,130,131,141,139.57,144,144,142.5,58.57,50.52,8.05,0.087,575.26,5.0,3.25,"POLYGON((77.33 8.690000000000001,77.36999999999999 8.690000000000001,77.36999999999999 8.73,77.33 8.73,77.33 8.690000000000001))",2026-08-06 06:00:00,CWC/State reservoir anchor + synthetic prototype elevation-storage curve,SYNTHETIC_PROTOTYPE
R011,D011,Papanasam,Papanasam,Tamiraparani,Tamil Nadu,Tirunelveli,8.71,77.35,EPSG:4326,136.0,4646330.07,4.6463,2170551634.16,5752599139.01,4942713009.79,809886129.22,130,131,141,138.59,144,144,142.5,57.37,59.8,-2.43,-0.055,575.26,6.0,3.9,"POLYGON((77.33 8.690000000000001,77.36999999999999 8.690000000000001,77.36999999999999 8.73,77.33 8.73,77.33 8.690000000000001))",2026-08-07 06:00:00,CWC/State reservoir anchor + synthetic prototype elevation-storage curve,SYNTHETIC_PROTOTYPE
R011,D011,Papanasam,Papanasam,Tamiraparani,Tamil Nadu,Tirunelveli,8.71,77.35,EPSG:4326,137.0,5000336.17,5.0003,2550274036.5,5752599139.01,4942713009.79,809886129.22,130,131,141,138.54,144,144,142.5,55.8,49.15,6.65,-0.05,575.26,7.0,4.55,"POLYGON((77.33 8.690000000000001,77.36999999999999 8.690000000000001,77.36999999999999 8.73,77.33 8.73,77.33 8.690000000000001))",2026-08-08 06:00:00,CWC/State reservoir anchor + synthetic prototype elevation-storage curve,SYNTHETIC_PROTOTYPE
R011,D011,Papanasam,Papanasam,Tamiraparani,Tamil Nadu,Tirunelveli,8.71,77.35,EPSG:4326,138.0,5354342.28,5.3543,2952896254.65,5752599139.01,4942713009.79,809886129.22,130,131,141,139.32,144,144,142.5,60.11,63.24,-3.13,-0.002,575.26,8.0,5.2,"POLYGON((77.33 8.690000000000001,77.36999999999999 8.690000000000001,77.36999999999999 8.73,77.33 8.73,77.33 8.690000000000001))",2026-08-09 06:00:00,CWC/State reservoir anchor + synthetic prototype elevation-storage curve,SYNTHETIC_PROTOTYPE
R011,D011,Papanasam,Papanasam,Tamiraparani,Tamil Nadu,Tirunelveli,8.71,77.35,EPSG:4326,139.0,5708348.38,5.7083,3376221155.77,5752599139.01,4942713009.79,809886129.22,130,131,141,139.03,144,144,142.5,59.7,37.17,22.54,0.081,575.26,9.0,5.85,"POLYGON((77.33 8.690000000000001,77.36999999999999 8.690000000000001,77.36999999999999 8.73,77.33 8.73,77.33 8.690000000000001))",2026-08-10 06:00:00,CWC/State reservoir anchor + synthetic prototype elevation-storage curve,SYNTHETIC_PROTOTYPE
R011,D011,Papanasam,Papanasam,Tamiraparani,Tamil Nadu,Tirunelveli,8.71,77.35,EPSG:4326,140.0,6062354.48,6.0624,3818519420.36,5752599139.01,4942713009.79,809886129.22,130,131,141,138.34,144,144,142.5,59.49,73.33,-13.84,0.047,575.26,10.0,6.5,"POLYGON((77.33 8.690000000000001,77.36999999999999 8.690000000000001,77.36999999999999 8.73,77.33 8.73,77.33 8.690000000000001))",2026-08-11 06:00:00,CWC/State reservoir anchor + synthetic prototype elevation-storage curve,SYNTHETIC_PROTOTYPE
R011,D011,Papanasam,Papanasam,Tamiraparani,Tamil Nadu,Tirunelveli,8.71,77.35,EPSG:4326,141.0,6416360.58,6.4164,4278387488.32,5752599139.01,4942713009.79,809886129.22,130,131,141,138.7,144,144,142.5,58.39,64.7,-6.3,-0.006,575.26,11.0,7.15,"POLYGON((77.33 8.690000000000001,77.36999999999999 8.690000000000001,77.36999999999999 8.73,77.33 8.73,77.33 8.690000000000001))",2026-08-12 06:00:00,CWC/State reservoir anchor + synthetic prototype elevation-storage curve,SYNTHETIC_PROTOTYPE
R011,D011,Papanasam,Papanasam,Tamiraparani,Tamil Nadu,Tirunelveli,8.71,77.35,EPSG:4326,142.0,6770366.68,6.7704,4754658920.02,5752599139.01,4942713009.79,809886129.22,130,131,141,138.67,144,144,142.5,60.13,76.21,-16.08,-0.007,575.26,12.0,7.8,"POLYGON((77.33 8.690000000000001,77.36999999999999 8.690000000000001,77.36999999999999 8.73,77.33 8.73,77.33 8.690000000000001))",2026-08-13 06:00:00,CWC/State reservoir anchor + synthetic prototype elevation-storage curve,SYNTHETIC_PROTOTYPE
R011,D011,Papanasam,Papanasam,Tamiraparani,Tamil Nadu,Tirunelveli,8.71,77.35,EPSG:4326,143.0,7124372.78,7.1244,5246345934.98,5752599139.01,4942713009.79,809886129.22,130,131,141,138.81,144,144,142.5,58.1,68.8,-10.71,0.22,575.26,13.0,8.45,"POLYGON((77.33 8.690000000000001,77.36999999999999 8.690000000000001,77.36999999999999 8.73,77.33 8.73,77.33 8.690000000000001))",2026-08-14 06:00:00,CWC/State reservoir anchor + synthetic prototype elevation-storage curve,SYNTHETIC_PROTOTYPE
R011,D011,Papanasam,Papanasam,Tamiraparani,Tamil Nadu,Tirunelveli,8.71,77.35,EPSG:4326,144.0,7478378.88,7.4784,5752599139.01,5752599139.01,4942713009.79,809886129.22,130,131,141,138.24,144,144,142.5,54.75,53.34,1.41,0.118,575.26,14.0,9.1,"POLYGON((77.33 8.690000000000001,77.36999999999999 8.690000000000001,77.36999999999999 8.73,77.33 8.73,77.33 8.690000000000001))",2026-08-15 06:00:00,CWC/State reservoir anchor + synthetic prototype elevation-storage curve,SYNTHETIC_PROTOTYPE
R012,D012,Koyna,Koyna,Koyna,Maharashtra,Satara,17.4,73.75,EPSG:4326,638.0,2255361.03,2.2554,453209678.56,4510722059.6,4057512381.04,453209678.56,637,638,648,645.95,651,651,649.5,43.04,45.12,-2.08,-0.228,451.07,1.0,1.0,"POLYGON((73.73 17.38,73.77 17.38,73.77 17.419999999999998,73.73 17.419999999999998,73.73 17.38))",2026-08-02 06:00:00,CWC/State reservoir anchor + synthetic prototype elevation-storage curve,SYNTHETIC_PROTOTYPE
R012,D012,Koyna,Koyna,Koyna,Maharashtra,Satara,17.4,73.75,EPSG:4326,639.0,2532943.93,2.5329,580394805.59,4510722059.6,4057512381.04,453209678.56,637,638,648,645.69,651,651,649.5,47.45,50.76,-3.31,-0.071,451.07,2.0,1.3,"POLYGON((73.73 17.38,73.77 17.38,73.77 17.419999999999998,73.73 17.419999999999998,73.73 17.38))",2026-08-03 06:00:00,CWC/State reservoir anchor + synthetic prototype elevation-storage curve,SYNTHETIC_PROTOTYPE
R012,D012,Koyna,Koyna,Koyna,Maharashtra,Satara,17.4,73.75,EPSG:4326,640.0,2810526.82,2.8105,777419989.15,4510722059.6,4057512381.04,453209678.56,637,638,648,645.48,651,651,649.5,47.43,45.82,1.61,-0.137,451.07,3.0,1.95,"POLYGON((73.73 17.38,73.77 17.38,73.77 17.419999999999998,73.73 17.419999999999998,73.73 17.38))",2026-08-04 06:00:00,CWC/State reservoir anchor + synthetic prototype elevation-storage curve,SYNTHETIC_PROTOTYPE
R012,D012,Koyna,Koyna,Koyna,Maharashtra,Satara,17.4,73.75,EPSG:4326,641.0,3088109.72,3.0881,1013676646.69,4510722059.6,4057512381.04,453209678.56,637,638,648,646.38,651,651,649.5,43.18,44.45,-1.27,0.101,451.07,4.0,2.6,"POLYGON((73.73 17.38,73.77 17.38,73.77 17.419999999999998,73.73 17.419999999999998,73.73 17.38))",2026-08-05 06:00:00,CWC/State reservoir anchor + synthetic prototype elevation-storage curve,SYNTHETIC_PROTOTYPE
R012,D012,Koyna,Koyna,Koyna,Maharashtra,Satara,17.4,73.75,EPSG:4326,642.0,3365692.61,3.3657,1279661072.25,4510722059.6,4057512381.04,453209678.56,637,638,648,646.01,651,651,649.5,45.69,39.71,5.98,-0.053,451.07,5.0,3.25,"POLYGON((73.73 17.38,73.77 17.38,73.77 17.419999999999998,73.73 17.419999999999998,73.73 17.38))",2026-08-06 06:00:00,CWC/State reservoir anchor + synthetic prototype elevation-storage curve,SYNTHETIC_PROTOTYPE
R012,D012,Koyna,Koyna,Koyna,Maharashtra,Satara,17.4,73.75,EPSG:4326,643.0,3643275.51,3.6433,1570190802.45,4510722059.6,4057512381.04,453209678.56,637,638,648,645.31,651,651,649.5,47.17,42.96,4.21,0.182,451.07,6.0,3.9,"POLYGON((73.73 17.38,73.77 17.38,73.77 17.419999999999998,73.73 17.419999999999998,73.73 17.38))",2026-08-07 06:00:00,CWC/State reservoir anchor + synthetic prototype elevation-storage curve,SYNTHETIC_PROTOTYPE
R012,D012,Koyna,Koyna,Koyna,Maharashtra,Satara,17.4,73.75,EPSG:4326,644.0,3920858.41,3.9209,1881907939.54,4510722059.6,4057512381.04,453209678.56,637,638,648,645.21,651,651,649.5,50.16,64.19,-14.03,0.033,451.07,7.0,4.55,"POLYGON((73.73 17.38,73.77 17.38,73.77 17.419999999999998,73.73 17.419999999999998,73.73 17.38))",2026-08-08 06:00:00,CWC/State reservoir anchor + synthetic prototype elevation-storage curve,SYNTHETIC_PROTOTYPE
R012,D012,Koyna,Koyna,Koyna,Maharashtra,Satara,17.4,73.75,EPSG:4326,645.0,4198441.3,4.1984,2212423717.37,4510722059.6,4057512381.04,453209678.56,637,638,648,645.32,651,651,649.5,48.57,47.72,0.85,0.018,451.07,8.0,5.2,"POLYGON((73.73 17.38,73.77 17.38,73.77 17.419999999999998,73.73 17.419999999999998,73.73 17.38))",2026-08-09 06:00:00,CWC/State reservoir anchor + synthetic prototype elevation-storage curve,SYNTHETIC_PROTOTYPE
R012,D012,Koyna,Koyna,Koyna,Maharashtra,Satara,17.4,73.75,EPSG:4326,646.0,4476024.2,4.476,2559934492.14,4510722059.6,4057512381.04,453209678.56,637,638,648,645.93,651,651,649.5,46.13,40.71,5.42,-0.216,451.07,9.0,5.85,"POLYGON((73.73 17.38,73.77 17.38,73.77 17.419999999999998,73.73 17.419999999999998,73.73 17.38))",2026-08-10 06:00:00,CWC/State reservoir anchor + synthetic prototype elevation-storage curve,SYNTHETIC_PROTOTYPE
R012,D012,Koyna,Koyna,Koyna,Maharashtra,Satara,17.4,73.75,EPSG:4326,647.0,4753607.09,4.7536,2923020651.72,4510722059.6,4057512381.04,453209678.56,637,638,648,645.83,651,651,649.5,46.61,41.61,5.0,0.032,451.07,10.0,6.5,"POLYGON((73.73 17.38,73.77 17.38,73.77 17.419999999999998,73.73 17.419999999999998,73.73 17.38))",2026-08-11 06:00:00,CWC/State reservoir anchor + synthetic prototype elevation-storage curve,SYNTHETIC_PROTOTYPE
R012,D012,Koyna,Koyna,Koyna,Maharashtra,Satara,17.4,73.75,EPSG:4326,648.0,5031189.99,5.0312,3300530002.5,4510722059.6,4057512381.04,453209678.56,637,638,648,646.73,651,651,649.5,46.5,44.3,2.2,-0.134,451.07,11.0,7.15,"POLYGON((73.73 17.38,73.77 17.38,73.77 17.419999999999998,73.73 17.419999999999998,73.73 17.38))",2026-08-12 06:00:00,CWC/State reservoir anchor + synthetic prototype elevation-storage curve,SYNTHETIC_PROTOTYPE
R012,D012,Koyna,Koyna,Koyna,Maharashtra,Satara,17.4,73.75,EPSG:4326,649.0,5308772.89,5.3088,3691505004.9,4510722059.6,4057512381.04,453209678.56,637,638,648,646.11,651,651,649.5,44.29,37.82,6.47,-0.004,451.07,12.0,7.8,"POLYGON((73.73 17.38,73.77 17.38,73.77 17.419999999999998,73.73 17.419999999999998,73.73 17.38))",2026-08-13 06:00:00,CWC/State reservoir anchor + synthetic prototype elevation-storage curve,SYNTHETIC_PROTOTYPE
R012,D012,Koyna,Koyna,Koyna,Maharashtra,Satara,17.4,73.75,EPSG:4326,650.0,5586355.78,5.5864,4095134782.08,4510722059.6,4057512381.04,453209678.56,637,638,648,646.08,651,651,649.5,43.44,41.25,2.19,0.105,451.07,13.0,8.45,"POLYGON((73.73 17.38,73.77 17.38,73.77 17.419999999999998,73.73 17.419999999999998,73.73 17.38))",2026-08-14 06:00:00,CWC/State reservoir anchor + synthetic prototype elevation-storage curve,SYNTHETIC_PROTOTYPE
R012,D012,Koyna,Koyna,Koyna,Maharashtra,Satara,17.4,73.75,EPSG:4326,651.0,5863938.68,5.8639,4510722059.6,4510722059.6,4057512381.04,453209678.56,637,638,648,645.47,651,651,649.5,41.51,35.3,6.2,0.38,451.07,14.0,9.1,"POLYGON((73.73 17.38,73.77 17.38,73.77 17.419999999999998,73.73 17.419999999999998,73.73 17.38))",2026-08-15 06:00:00,CWC/State reservoir anchor + synthetic prototype elevation-storage curve,SYNTHETIC_PROTOTYPE
R013,D013,Jayakwadi,Jayakwadi,Godavari,Maharashtra,Chhatrapati Sambhajinagar,19.48,75.38,EPSG:4326,450.0,2524097.41,2.5241,472050485.11,5048194820.66,4576144335.56,472050485.11,449,450,460,457.84,463,463,461.5,52.28,67.24,-14.96,-0.055,504.82,1.0,1.0,"POLYGON((75.36 19.46,75.39999999999999 19.46,75.39999999999999 19.5,75.36 19.5,75.36 19.46))",2026-08-02 06:00:00,CWC/State reservoir anchor + synthetic prototype elevation-storage curve,SYNTHETIC_PROTOTYPE
R013,D013,Jayakwadi,Jayakwadi,Godavari,Maharashtra,Chhatrapati Sambhajinagar,19.48,75.38,EPSG:4326,451.0,2834755.55,2.8348,615492437.71,5048194820.66,4576144335.56,472050485.11,449,450,460,458.3,463,463,461.5,53.54,57.21,-3.67,-0.076,504.82,2.0,1.3,"POLYGON((75.36 19.46,75.39999999999999 19.46,75.39999999999999 19.5,75.36 19.5,75.36 19.46))",2026-08-03 06:00:00,CWC/State reservoir anchor + synthetic prototype elevation-storage curve,SYNTHETIC_PROTOTYPE
R013,D013,Jayakwadi,Jayakwadi,Godavari,Maharashtra,Chhatrapati Sambhajinagar,19.48,75.38,EPSG:4326,452.0,3145413.7,3.1454,837701415.28,5048194820.66,4576144335.56,472050485.11,449,450,460,458.68,463,463,461.5,55.34,68.4,-13.06,0.103,504.82,3.0,1.95,"POLYGON((75.36 19.46,75.39999999999999 19.46,75.39999999999999 19.5,75.36 19.5,75.36 19.46))",2026-08-04 06:00:00,CWC/State reservoir anchor + synthetic prototype elevation-storage curve,SYNTHETIC_PROTOTYPE
R013,D013,Jayakwadi,Jayakwadi,Godavari,Maharashtra,Chhatrapati Sambhajinagar,19.48,75.38,EPSG:4326,453.0,3456071.84,3.4561,1104156440.83,5048194820.66,4576144335.56,472050485.11,449,450,460,458.66,463,463,461.5,45.36,49.47,-4.11,0.065,504.82,4.0,2.6,"POLYGON((75.36 19.46,75.39999999999999 19.46,75.39999999999999 19.5,75.36 19.5,75.36 19.46))",2026-08-05 06:00:00,CWC/State reservoir anchor + synthetic prototype elevation-storage curve,SYNTHETIC_PROTOTYPE
R013,D013,Jayakwadi,Jayakwadi,Godavari,Maharashtra,Chhatrapati Sambhajinagar,19.48,75.38,EPSG:4326,454.0,3766729.98,3.7667,1404139042.99,5048194820.66,4576144335.56,472050485.11,449,450,460,457.95,463,463,461.5,52.2,49.73,2.48,0.055,504.82,5.0,3.25,"POLYGON((75.36 19.46,75.39999999999999 19.46,75.39999999999999 19.5,75.36 19.5,75.36 19.46))",2026-08-06 06:00:00,CWC/State reservoir anchor + synthetic prototype elevation-storage curve,SYNTHETIC_PROTOTYPE
R013,D013,Jayakwadi,Jayakwadi,Godavari,Maharashtra,Chhatrapati Sambhajinagar,19.48,75.38,EPSG:4326,455.0,4077388.12,4.0774,1731804335.01,5048194820.66,4576144335.56,472050485.11,449,450,460,457.98,463,463,461.5,48.61,46.35,2.26,-0.051,504.82,6.0,3.9,"POLYGON((75.36 19.46,75.39999999999999 19.46,75.39999999999999 19.5,75.36 19.5,75.36 19.46))",2026-08-07 06:00:00,CWC/State reservoir anchor + synthetic prototype elevation-storage curve,SYNTHETIC_PROTOTYPE
R013,D013,Jayakwadi,Jayakwadi,Godavari,Maharashtra,Chhatrapati Sambhajinagar,19.48,75.38,EPSG:4326,456.0,4388046.27,4.388,2083365212.02,5048194820.66,4576144335.56,472050485.11,449,450,460,457.43,463,463,461.5,44.65,52.39,-7.74,0.167,504.82,7.0,4.55,"POLYGON((75.36 19.46,75.39999999999999 19.46,75.39999999999999 19.5,75.36 19.5,75.36 19.46))",2026-08-08 06:00:00,CWC/State reservoir anchor + synthetic prototype elevation-storage curve,SYNTHETIC_PROTOTYPE
R013,D013,Jayakwadi,Jayakwadi,Godavari,Maharashtra,Chhatrapati Sambhajinagar,19.48,75.38,EPSG:4326,457.0,4698704.41,4.6987,2456127575.38,5048194820.66,4576144335.56,472050485.11,449,450,460,457.39,463,463,461.5,55.48,55.65,-0.17,-0.134,504.82,8.0,5.2,"POLYGON((75.36 19.46,75.39999999999999 19.46,75.39999999999999 19.5,75.36 19.5,75.36 19.46))",2026-08-09 06:00:00,CWC/State reservoir anchor + synthetic prototype elevation-storage curve,SYNTHETIC_PROTOTYPE
R013,D013,Jayakwadi,Jayakwadi,Godavari,Maharashtra,Chhatrapati Sambhajinagar,19.48,75.38,EPSG:4326,458.0,5009362.55,5.0094,2848057239.22,5048194820.66,4576144335.56,472050485.11,449,450,460,457.22,463,463,461.5,47.44,44.08,3.36,-0.3,504.82,9.0,5.85,"POLYGON((75.36 19.46,75.39999999999999 19.46,75.39999999999999 19.5,75.36 19.5,75.36 19.46))",2026-08-10 06:00:00,CWC/State reservoir anchor + synthetic prototype elevation-storage curve,SYNTHETIC_PROTOTYPE
R013,D013,Jayakwadi,Jayakwadi,Godavari,Maharashtra,Chhatrapati Sambhajinagar,19.48,75.38,EPSG:4326,459.0,5320020.7,5.32,3257553136.33,5048194820.66,4576144335.56,472050485.11,449,450,460,458.26,463,463,461.5,51.35,40.53,10.82,-0.016,504.82,10.0,6.5,"POLYGON((75.36 19.46,75.39999999999999 19.46,75.39999999999999 19.5,75.36 19.5,75.36 19.46))",2026-08-11 06:00:00,CWC/State reservoir anchor + synthetic prototype elevation-storage curve,SYNTHETIC_PROTOTYPE
R013,D013,Jayakwadi,Jayakwadi,Godavari,Maharashtra,Chhatrapati Sambhajinagar,19.48,75.38,EPSG:4326,460.0,5630678.84,5.6307,3683315799.49,5048194820.66,4576144335.56,472050485.11,449,450,460,457.66,463,463,461.5,49.69,49.18,0.51,-0.092,504.82,11.0,7.15,"POLYGON((75.36 19.46,75.39999999999999 19.46,75.39999999999999 19.5,75.36 19.5,75.36 19.46))",2026-08-12 06:00:00,CWC/State reservoir anchor + synthetic prototype elevation-storage curve,SYNTHETIC_PROTOTYPE
R013,D013,Jayakwadi,Jayakwadi,Godavari,Maharashtra,Chhatrapati Sambhajinagar,19.48,75.38,EPSG:4326,461.0,5941336.98,5.9413,4124265296.27,5048194820.66,4576144335.56,472050485.11,449,450,460,457.94,463,463,461.5,46.23,46.04,0.19,0.297,504.82,12.0,7.8,"POLYGON((75.36 19.46,75.39999999999999 19.46,75.39999999999999 19.5,75.36 19.5,75.36 19.46))",2026-08-13 06:00:00,CWC/State reservoir anchor + synthetic prototype elevation-storage curve,SYNTHETIC_PROTOTYPE
R013,D013,Jayakwadi,Jayakwadi,Godavari,Maharashtra,Chhatrapati Sambhajinagar,19.48,75.38,EPSG:4326,462.0,6251995.12,6.252,4579487103.39,5048194820.66,4576144335.56,472050485.11,449,450,460,457.25,463,463,461.5,53.82,59.08,-5.26,0.216,504.82,13.0,8.45,"POLYGON((75.36 19.46,75.39999999999999 19.46,75.39999999999999 19.5,75.36 19.5,75.36 19.46))",2026-08-14 06:00:00,CWC/State reservoir anchor + synthetic prototype elevation-storage curve,SYNTHETIC_PROTOTYPE
R013,D013,Jayakwadi,Jayakwadi,Godavari,Maharashtra,Chhatrapati Sambhajinagar,19.48,75.38,EPSG:4326,463.0,6562653.27,6.5627,5048194820.66,5048194820.66,4576144335.56,472050485.11,449,450,460,457.85,463,463,461.5,50.34,49.86,0.48,0.014,504.82,14.0,9.1,"POLYGON((75.36 19.46,75.39999999999999 19.46,75.39999999999999 19.5,75.36 19.5,75.36 19.46))",2026-08-15 06:00:00,CWC/State reservoir anchor + synthetic prototype elevation-storage curve,SYNTHETIC_PROTOTYPE
R014,D014,Ukai,Ukai,Tapi,Gujarat,Tapi,21.24,73.59,EPSG:4326,93.0,1457371.34,1.4574,491753270.88,2914742677.03,2422989406.15,491753270.88,92,93,103,101.38,106,106,104.5,27.57,25.96,1.61,-0.01,291.47,1.0,1.0,"POLYGON((73.57000000000001 21.22,73.61 21.22,73.61 21.259999999999998,73.57000000000001 21.259999999999998,73.57000000000001 21.22))",2026-08-02 06:00:00,CWC/State reservoir anchor + synthetic prototype elevation-storage curve,SYNTHETIC_PROTOTYPE
R014,D014,Ukai,Ukai,Tapi,Gujarat,Tapi,21.24,73.59,EPSG:4326,94.0,1636740.12,1.6367,567703307.87,2914742677.03,2422989406.15,491753270.88,92,93,103,101.16,106,106,104.5,28.8,31.17,-2.37,-0.167,291.47,2.0,1.3,"POLYGON((73.57000000000001 21.22,73.61 21.22,73.61 21.259999999999998,73.57000000000001 21.259999999999998,73.57000000000001 21.22))",2026-08-03 06:00:00,CWC/State reservoir anchor + synthetic prototype elevation-storage curve,SYNTHETIC_PROTOTYPE
R014,D014,Ukai,Ukai,Tapi,Gujarat,Tapi,21.24,73.59,EPSG:4326,95.0,1816108.9,1.8161,685359124.46,2914742677.03,2422989406.15,491753270.88,92,93,103,100.96,106,106,104.5,28.85,32.94,-4.1,0.018,291.47,3.0,1.95,"POLYGON((73.57000000000001 21.22,73.61 21.22,73.61 21.259999999999998,73.57000000000001 21.259999999999998,73.57000000000001 21.22))",2026-08-04 06:00:00,CWC/State reservoir anchor + synthetic prototype elevation-storage curve,SYNTHETIC_PROTOTYPE
R014,D014,Ukai,Ukai,Tapi,Gujarat,Tapi,21.24,73.59,EPSG:4326,96.0,1995477.68,1.9955,826442459.42,2914742677.03,2422989406.15,491753270.88,92,93,103,100.41,106,106,104.5,31.41,28.18,3.23,-0.078,291.47,4.0,2.6,"POLYGON((73.57000000000001 21.22,73.61 21.22,73.61 21.259999999999998,73.57000000000001 21.259999999999998,73.57000000000001 21.22))",2026-08-05 06:00:00,CWC/State reservoir anchor + synthetic prototype elevation-storage curve,SYNTHETIC_PROTOTYPE
R014,D014,Ukai,Ukai,Tapi,Gujarat,Tapi,21.24,73.59,EPSG:4326,97.0,2174846.46,2.1748,985278067.25,2914742677.03,2422989406.15,491753270.88,92,93,103,100.73,106,106,104.5,31.32,22.03,9.29,-0.079,291.47,5.0,3.25,"POLYGON((73.57000000000001 21.22,73.61 21.22,73.61 21.259999999999998,73.57000000000001 21.259999999999998,73.57000000000001 21.22))",2026-08-06 06:00:00,CWC/State reservoir anchor + synthetic prototype elevation-storage curve,SYNTHETIC_PROTOTYPE
R014,D014,Ukai,Ukai,Tapi,Gujarat,Tapi,21.24,73.59,EPSG:4326,98.0,2354215.24,2.3542,1158771181.34,2914742677.03,2422989406.15,491753270.88,92,93,103,101.18,106,106,104.5,30.11,32.91,-2.8,-0.236,291.47,6.0,3.9,"POLYGON((73.57000000000001 21.22,73.61 21.22,73.61 21.259999999999998,73.57000000000001 21.259999999999998,73.57000000000001 21.22))",2026-08-07 06:00:00,CWC/State reservoir anchor + synthetic prototype elevation-storage curve,SYNTHETIC_PROTOTYPE
R014,D014,Ukai,Ukai,Tapi,Gujarat,Tapi,21.24,73.59,EPSG:4326,99.0,2533584.02,2.5336,1344916595.07,2914742677.03,2422989406.15,491753270.88,92,93,103,101.1,106,106,104.5,30.24,28.88,1.36,0.081,291.47,7.0,4.55,"POLYGON((73.57000000000001 21.22,73.61 21.22,73.61 21.259999999999998,73.57000000000001 21.259999999999998,73.57000000000001 21.22))",2026-08-08 06:00:00,CWC/State reservoir anchor + synthetic prototype elevation-storage curve,SYNTHETIC_PROTOTYPE
R014,D014,Ukai,Ukai,Tapi,Gujarat,Tapi,21.24,73.59,EPSG:4326,100.0,2712952.8,2.713,1542287829.72,2914742677.03,2422989406.15,491753270.88,92,93,103,100.45,106,106,104.5,27.81,18.8,9.01,-0.225,291.47,8.0,5.2,"POLYGON((73.57000000000001 21.22,73.61 21.22,73.61 21.259999999999998,73.57000000000001 21.259999999999998,73.57000000000001 21.22))",2026-08-09 06:00:00,CWC/State reservoir anchor + synthetic prototype elevation-storage curve,SYNTHETIC_PROTOTYPE
R014,D014,Ukai,Ukai,Tapi,Gujarat,Tapi,21.24,73.59,EPSG:4326,101.0,2892321.58,2.8923,1749807818.99,2914742677.03,2422989406.15,491753270.88,92,93,103,101.63,106,106,104.5,28.2,29.83,-1.63,0.238,291.47,9.0,5.85,"POLYGON((73.57000000000001 21.22,73.61 21.22,73.61 21.259999999999998,73.57000000000001 21.259999999999998,73.57000000000001 21.22))",2026-08-10 06:00:00,CWC/State reservoir anchor + synthetic prototype elevation-storage curve,SYNTHETIC_PROTOTYPE
R014,D014,Ukai,Ukai,Tapi,Gujarat,Tapi,21.24,73.59,EPSG:4326,102.0,3071690.36,3.0717,1966628825.46,2914742677.03,2422989406.15,491753270.88,92,93,103,101.71,106,106,104.5,28.86,22.01,6.84,-0.138,291.47,10.0,6.5,"POLYGON((73.57000000000001 21.22,73.61 21.22,73.61 21.259999999999998,73.57000000000001 21.259999999999998,73.57000000000001 21.22))",2026-08-11 06:00:00,CWC/State reservoir anchor + synthetic prototype elevation-storage curve,SYNTHETIC_PROTOTYPE
R014,D014,Ukai,Ukai,Tapi,Gujarat,Tapi,21.24,73.59,EPSG:4326,103.0,3251059.14,3.2511,2192062803.65,2914742677.03,2422989406.15,491753270.88,92,93,103,100.85,106,106,104.5,27.37,29.24,-1.87,-0.297,291.47,11.0,7.15,"POLYGON((73.57000000000001 21.22,73.61 21.22,73.61 21.259999999999998,73.57000000000001 21.259999999999998,73.57000000000001 21.22))",2026-08-12 06:00:00,CWC/State reservoir anchor + synthetic prototype elevation-storage curve,SYNTHETIC_PROTOTYPE
R014,D014,Ukai,Ukai,Tapi,Gujarat,Tapi,21.24,73.59,EPSG:4326,104.0,3430427.92,3.4304,2425537948.01,2914742677.03,2422989406.15,491753270.88,92,93,103,100.89,106,106,104.5,30.16,29.65,0.51,0.016,291.47,12.0,7.8,"POLYGON((73.57000000000001 21.22,73.61 21.22,73.61 21.259999999999998,73.57000000000001 21.259999999999998,73.57000000000001 21.22))",2026-08-13 06:00:00,CWC/State reservoir anchor + synthetic prototype elevation-storage curve,SYNTHETIC_PROTOTYPE
R014,D014,Ukai,Ukai,Tapi,Gujarat,Tapi,21.24,73.59,EPSG:4326,105.0,3609796.7,3.6098,2666570034.24,2914742677.03,2422989406.15,491753270.88,92,93,103,101.1,106,106,104.5,30.07,30.24,-0.18,0.064,291.47,13.0,8.45,"POLYGON((73.57000000000001 21.22,73.61 21.22,73.61 21.259999999999998,73.57000000000001 21.259999999999998,73.57000000000001 21.22))",2026-08-14 06:00:00,CWC/State reservoir anchor + synthetic prototype elevation-storage curve,SYNTHETIC_PROTOTYPE
R014,D014,Ukai,Ukai,Tapi,Gujarat,Tapi,21.24,73.59,EPSG:4326,106.0,3789165.48,3.7892,2914742677.03,2914742677.03,2422989406.15,491753270.88,92,93,103,100.57,106,106,104.5,29.72,31.59,-1.87,-0.025,291.47,14.0,9.1,"POLYGON((73.57000000000001 21.22,73.61 21.22,73.61 21.259999999999998,73.57000000000001 21.259999999999998,73.57000000000001 21.22))",2026-08-15 06:00:00,CWC/State reservoir anchor + synthetic prototype elevation-storage curve,SYNTHETIC_PROTOTYPE
R015,D015,Gandhi Sagar,Gandhi Sagar,Chambal,Madhya Pradesh,Mandsaur,24.28,75.55,EPSG:4326,389.0,1190204.98,1.1902,371508419.59,2380409953.99,2008901534.39,371508419.59,388,389,399,397.22,402,402,400.5,22.19,28.17,-5.98,-0.182,238.04,1.0,1.0,"POLYGON((75.53 24.26,75.57 24.26,75.57 24.3,75.53 24.3,75.53 24.26))",2026-08-02 06:00:00,CWC/State reservoir anchor + synthetic prototype elevation-storage curve,SYNTHETIC_PROTOTYPE
R015,D015,Gandhi Sagar,Gandhi Sagar,Chambal,Madhya Pradesh,Mandsaur,24.28,75.55,EPSG:4326,390.0,1336691.74,1.3367,434478627.16,2380409953.99,2008901534.39,371508419.59,388,389,399,397.41,402,402,400.5,21.77,20.75,1.02,-0.108,238.04,2.0,1.3,"POLYGON((75.53 24.26,75.57 24.26,75.57 24.3,75.53 24.3,75.53 24.26))",2026-08-03 06:00:00,CWC/State reservoir anchor + synthetic prototype elevation-storage curve,SYNTHETIC_PROTOTYPE
R015,D015,Gandhi Sagar,Gandhi Sagar,Chambal,Madhya Pradesh,Mandsaur,24.28,75.55,EPSG:4326,391.0,1483178.51,1.4832,532027114.11,2380409953.99,2008901534.39,371508419.59,388,389,399,396.85,402,402,400.5,23.91,21.43,2.48,-0.109,238.04,3.0,1.95,"POLYGON((75.53 24.26,75.57 24.26,75.57 24.3,75.53 24.3,75.53 24.26))",2026-08-04 06:00:00,CWC/State reservoir anchor + synthetic prototype elevation-storage curve,SYNTHETIC_PROTOTYPE
R015,D015,Gandhi Sagar,Gandhi Sagar,Chambal,Madhya Pradesh,Mandsaur,24.28,75.55,EPSG:4326,392.0,1629665.28,1.6297,648999366.39,2380409953.99,2008901534.39,371508419.59,388,389,399,397.18,402,402,400.5,23.76,27.53,-3.77,-0.151,238.04,4.0,2.6,"POLYGON((75.53 24.26,75.57 24.26,75.57 24.3,75.53 24.3,75.53 24.26))",2026-08-05 06:00:00,CWC/State reservoir anchor + synthetic prototype elevation-storage curve,SYNTHETIC_PROTOTYPE
R015,D015,Gandhi Sagar,Gandhi Sagar,Chambal,Madhya Pradesh,Mandsaur,24.28,75.55,EPSG:4326,393.0,1776152.04,1.7762,780690035.56,2380409953.99,2008901534.39,371508419.59,388,389,399,396.33,402,402,400.5,23.25,20.07,3.18,-0.172,238.04,5.0,3.25,"POLYGON((75.53 24.26,75.57 24.26,75.57 24.3,75.53 24.3,75.53 24.26))",2026-08-06 06:00:00,CWC/State reservoir anchor + synthetic prototype elevation-storage curve,SYNTHETIC_PROTOTYPE
R015,D015,Gandhi Sagar,Gandhi Sagar,Chambal,Madhya Pradesh,Mandsaur,24.28,75.55,EPSG:4326,394.0,1922638.81,1.9226,924533249.33,2380409953.99,2008901534.39,371508419.59,388,389,399,396.52,402,402,400.5,23.23,23.12,0.11,-0.144,238.04,6.0,3.9,"POLYGON((75.53 24.26,75.57 24.26,75.57 24.3,75.53 24.3,75.53 24.26))",2026-08-07 06:00:00,CWC/State reservoir anchor + synthetic prototype elevation-storage curve,SYNTHETIC_PROTOTYPE
R015,D015,Gandhi Sagar,Gandhi Sagar,Chambal,Madhya Pradesh,Mandsaur,24.28,75.55,EPSG:4326,395.0,2069125.58,2.0691,1078866490.04,2380409953.99,2008901534.39,371508419.59,388,389,399,397.79,402,402,400.5,23.24,15.28,7.96,-0.062,238.04,7.0,4.55,"POLYGON((75.53 24.26,75.57 24.26,75.57 24.3,75.53 24.3,75.53 24.26))",2026-08-08 06:00:00,CWC/State reservoir anchor + synthetic prototype elevation-storage curve,SYNTHETIC_PROTOTYPE
R015,D015,Gandhi Sagar,Gandhi Sagar,Chambal,Madhya Pradesh,Mandsaur,24.28,75.55,EPSG:4326,396.0,2215612.34,2.2156,1242507063.59,2380409953.99,2008901534.39,371508419.59,388,389,399,397.16,402,402,400.5,23.98,23.26,0.72,-0.07,238.04,8.0,5.2,"POLYGON((75.53 24.26,75.57 24.26,75.57 24.3,75.53 24.3,75.53 24.26))",2026-08-09 06:00:00,CWC/State reservoir anchor + synthetic prototype elevation-storage curve,SYNTHETIC_PROTOTYPE
R015,D015,Gandhi Sagar,Gandhi Sagar,Chambal,Madhya Pradesh,Mandsaur,24.28,75.55,EPSG:4326,397.0,2362099.11,2.3621,1414561973.87,2380409953.99,2008901534.39,371508419.59,388,389,399,396.21,402,402,400.5,24.75,26.96,-2.21,-0.133,238.04,9.0,5.85,"POLYGON((75.53 24.26,75.57 24.26,75.57 24.3,75.53 24.3,75.53 24.26))",2026-08-10 06:00:00,CWC/State reservoir anchor + synthetic prototype elevation-storage curve,SYNTHETIC_PROTOTYPE
R015,D015,Gandhi Sagar,Gandhi Sagar,Chambal,Madhya Pradesh,Mandsaur,24.28,75.55,EPSG:4326,398.0,2508585.87,2.5086,1594328361.4,2380409953.99,2008901534.39,371508419.59,388,389,399,396.52,402,402,400.5,24.56,22.27,2.28,-0.12,238.04,10.0,6.5,"POLYGON((75.53 24.26,75.57 24.26,75.57 24.3,75.53 24.3,75.53 24.26))",2026-08-11 06:00:00,CWC/State reservoir anchor + synthetic prototype elevation-storage curve,SYNTHETIC_PROTOTYPE
R015,D015,Gandhi Sagar,Gandhi Sagar,Chambal,Madhya Pradesh,Mandsaur,24.28,75.55,EPSG:4326,399.0,2655072.64,2.6551,1781235767.42,2380409953.99,2008901534.39,371508419.59,388,389,399,397.68,402,402,400.5,25.53,26.42,-0.89,-0.072,238.04,11.0,7.15,"POLYGON((75.53 24.26,75.57 24.26,75.57 24.3,75.53 24.3,75.53 24.26))",2026-08-12 06:00:00,CWC/State reservoir anchor + synthetic prototype elevation-storage curve,SYNTHETIC_PROTOTYPE
R015,D015,Gandhi Sagar,Gandhi Sagar,Chambal,Madhya Pradesh,Mandsaur,24.28,75.55,EPSG:4326,400.0,2801559.41,2.8016,1974810107.67,2380409953.99,2008901534.39,371508419.59,388,389,399,396.22,402,402,400.5,24.92,22.52,2.4,0.373,238.04,12.0,7.8,"POLYGON((75.53 24.26,75.57 24.26,75.57 24.3,75.53 24.3,75.53 24.26))",2026-08-13 06:00:00,CWC/State reservoir anchor + synthetic prototype elevation-storage curve,SYNTHETIC_PROTOTYPE
R015,D015,Gandhi Sagar,Gandhi Sagar,Chambal,Madhya Pradesh,Mandsaur,24.28,75.55,EPSG:4326,401.0,2948046.17,2.948,2174649911.61,2380409953.99,2008901534.39,371508419.59,388,389,399,397.22,402,402,400.5,24.72,22.73,1.99,0.049,238.04,13.0,8.45,"POLYGON((75.53 24.26,75.57 24.26,75.57 24.3,75.53 24.3,75.53 24.26))",2026-08-14 06:00:00,CWC/State reservoir anchor + synthetic prototype elevation-storage curve,SYNTHETIC_PROTOTYPE
R015,D015,Gandhi Sagar,Gandhi Sagar,Chambal,Madhya Pradesh,Mandsaur,24.28,75.55,EPSG:4326,402.0,3094532.94,3.0945,2380409953.99,2380409953.99,2008901534.39,371508419.59,388,389,399,396.55,402,402,400.5,25.24,23.27,1.97,-0.042,238.04,14.0,9.1,"POLYGON((75.53 24.26,75.57 24.26,75.57 24.3,75.53 24.3,75.53 24.26))",2026-08-15 06:00:00,CWC/State reservoir anchor + synthetic prototype elevation-storage curve,SYNTHETIC_PROTOTYPE
R016,D016,Indira Sagar,Indira Sagar,Narmada,Madhya Pradesh,Khandwa,22.24,76.47,EPSG:4326,251.0,1000000.0,1.0,208683365.31,1456051130.63,1247367765.32,208683365.31,250,251,261,259.64,264,264,262.5,15.52,16.43,-0.91,-0.165,145.61,1.0,1.0,"POLYGON((76.45 22.22,76.49 22.22,76.49 22.259999999999998,76.45 22.259999999999998,76.45 22.22))",2026-08-02 06:00:00,CWC/State reservoir anchor + synthetic prototype elevation-storage curve,SYNTHETIC_PROTOTYPE
R016,D016,Indira Sagar,Indira Sagar,Narmada,Madhya Pradesh,Khandwa,22.24,76.47,EPSG:4326,252.0,1000000.0,1.0,247782846.17,1456051130.63,1247367765.32,208683365.31,250,251,261,259.47,264,264,262.5,15.19,21.11,-5.92,0.038,145.61,2.0,1.3,"POLYGON((76.45 22.22,76.49 22.22,76.49 22.259999999999998,76.45 22.259999999999998,76.45 22.22))",2026-08-03 06:00:00,CWC/State reservoir anchor + synthetic prototype elevation-storage curve,SYNTHETIC_PROTOTYPE
R016,D016,Indira Sagar,Indira Sagar,Narmada,Madhya Pradesh,Khandwa,22.24,76.47,EPSG:4326,253.0,1000000.0,1.0,308352683.02,1456051130.63,1247367765.32,208683365.31,250,251,261,258.36,264,264,262.5,14.67,19.61,-4.93,-0.017,145.61,3.0,1.95,"POLYGON((76.45 22.22,76.49 22.22,76.49 22.259999999999998,76.45 22.259999999999998,76.45 22.22))",2026-08-04 06:00:00,CWC/State reservoir anchor + synthetic prototype elevation-storage curve,SYNTHETIC_PROTOTYPE
R016,D016,Indira Sagar,Indira Sagar,Narmada,Madhya Pradesh,Khandwa,22.24,76.47,EPSG:4326,254.0,1000000.0,1.0,380983130.27,1456051130.63,1247367765.32,208683365.31,250,251,261,259.51,264,264,262.5,14.9,16.97,-2.07,0.046,145.61,4.0,2.6,"POLYGON((76.45 22.22,76.49 22.22,76.49 22.259999999999998,76.45 22.259999999999998,76.45 22.22))",2026-08-05 06:00:00,CWC/State reservoir anchor + synthetic prototype elevation-storage curve,SYNTHETIC_PROTOTYPE
R016,D016,Indira Sagar,Indira Sagar,Narmada,Madhya Pradesh,Khandwa,22.24,76.47,EPSG:4326,255.0,1086438.15,1.0864,462752541.52,1456051130.63,1247367765.32,208683365.31,250,251,261,259.63,264,264,262.5,14.36,14.69,-0.33,-0.171,145.61,5.0,3.25,"POLYGON((76.45 22.22,76.49 22.22,76.49 22.259999999999998,76.45 22.259999999999998,76.45 22.22))",2026-08-06 06:00:00,CWC/State reservoir anchor + synthetic prototype elevation-storage curve,SYNTHETIC_PROTOTYPE
R016,D016,Indira Sagar,Indira Sagar,Narmada,Madhya Pradesh,Khandwa,22.24,76.47,EPSG:4326,256.0,1176041.3,1.176,552067714.53,1456051130.63,1247367765.32,208683365.31,250,251,261,259.5,264,264,262.5,14.55,16.95,-2.41,-0.036,145.61,6.0,3.9,"POLYGON((76.45 22.22,76.49 22.22,76.49 22.259999999999998,76.45 22.259999999999998,76.45 22.22))",2026-08-07 06:00:00,CWC/State reservoir anchor + synthetic prototype elevation-storage curve,SYNTHETIC_PROTOTYPE
R016,D016,Indira Sagar,Indira Sagar,Narmada,Madhya Pradesh,Khandwa,22.24,76.47,EPSG:4326,257.0,1265644.44,1.2656,647896358.34,1456051130.63,1247367765.32,208683365.31,250,251,261,258.26,264,264,262.5,15.04,12.04,3.0,-0.159,145.61,7.0,4.55,"POLYGON((76.45 22.22,76.49 22.22,76.49 22.259999999999998,76.45 22.259999999999998,76.45 22.22))",2026-08-08 06:00:00,CWC/State reservoir anchor + synthetic prototype elevation-storage curve,SYNTHETIC_PROTOTYPE
R016,D016,Indira Sagar,Indira Sagar,Narmada,Madhya Pradesh,Khandwa,22.24,76.47,EPSG:4326,258.0,1355247.59,1.3552,749504114.14,1456051130.63,1247367765.32,208683365.31,250,251,261,259.59,264,264,262.5,15.39,21.97,-6.58,-0.033,145.61,8.0,5.2,"POLYGON((76.45 22.22,76.49 22.22,76.49 22.259999999999998,76.45 22.259999999999998,76.45 22.22))",2026-08-09 06:00:00,CWC/State reservoir anchor + synthetic prototype elevation-storage curve,SYNTHETIC_PROTOTYPE
R016,D016,Indira Sagar,Indira Sagar,Narmada,Madhya Pradesh,Khandwa,22.24,76.47,EPSG:4326,259.0,1444850.74,1.4449,856336502.52,1456051130.63,1247367765.32,208683365.31,250,251,261,258.21,264,264,262.5,15.1,15.44,-0.34,0.232,145.61,9.0,5.85,"POLYGON((76.45 22.22,76.49 22.22,76.49 22.259999999999998,76.45 22.259999999999998,76.45 22.22))",2026-08-10 06:00:00,CWC/State reservoir anchor + synthetic prototype elevation-storage curve,SYNTHETIC_PROTOTYPE
R016,D016,Indira Sagar,Indira Sagar,Narmada,Madhya Pradesh,Khandwa,22.24,76.47,EPSG:4326,260.0,1534453.88,1.5345,967957103.76,1456051130.63,1247367765.32,208683365.31,250,251,261,259.0,264,264,262.5,13.6,16.38,-2.78,0.211,145.61,10.0,6.5,"POLYGON((76.45 22.22,76.49 22.22,76.49 22.259999999999998,76.45 22.259999999999998,76.45 22.22))",2026-08-11 06:00:00,CWC/State reservoir anchor + synthetic prototype elevation-storage curve,SYNTHETIC_PROTOTYPE
R016,D016,Indira Sagar,Indira Sagar,Narmada,Madhya Pradesh,Khandwa,22.24,76.47,EPSG:4326,261.0,1624057.03,1.6241,1084011708.42,1456051130.63,1247367765.32,208683365.31,250,251,261,258.65,264,264,262.5,14.7,12.84,1.86,0.11,145.61,11.0,7.15,"POLYGON((76.45 22.22,76.49 22.22,76.49 22.259999999999998,76.45 22.259999999999998,76.45 22.22))",2026-08-12 06:00:00,CWC/State reservoir anchor + synthetic prototype elevation-storage curve,SYNTHETIC_PROTOTYPE
R016,D016,Indira Sagar,Indira Sagar,Narmada,Madhya Pradesh,Khandwa,22.24,76.47,EPSG:4326,262.0,1713660.18,1.7137,1204205947.95,1456051130.63,1247367765.32,208683365.31,250,251,261,258.27,264,264,262.5,14.59,15.93,-1.34,-0.32,145.61,12.0,7.8,"POLYGON((76.45 22.22,76.49 22.22,76.49 22.259999999999998,76.45 22.259999999999998,76.45 22.22))",2026-08-13 06:00:00,CWC/State reservoir anchor + synthetic prototype elevation-storage curve,SYNTHETIC_PROTOTYPE
R016,D016,Indira Sagar,Indira Sagar,Narmada,Madhya Pradesh,Khandwa,22.24,76.47,EPSG:4326,263.0,1803263.32,1.8033,1328290541.15,1456051130.63,1247367765.32,208683365.31,250,251,261,259.02,264,264,262.5,15.22,17.19,-1.98,0.01,145.61,13.0,8.45,"POLYGON((76.45 22.22,76.49 22.22,76.49 22.259999999999998,76.45 22.259999999999998,76.45 22.22))",2026-08-14 06:00:00,CWC/State reservoir anchor + synthetic prototype elevation-storage curve,SYNTHETIC_PROTOTYPE
R016,D016,Indira Sagar,Indira Sagar,Narmada,Madhya Pradesh,Khandwa,22.24,76.47,EPSG:4326,264.0,1892866.47,1.8929,1456051130.63,1456051130.63,1247367765.32,208683365.31,250,251,261,259.72,264,264,262.5,15.31,14.02,1.3,-0.028,145.61,14.0,9.1,"POLYGON((76.45 22.22,76.49 22.22,76.49 22.259999999999998,76.45 22.259999999999998,76.45 22.22))",2026-08-15 06:00:00,CWC/State reservoir anchor + synthetic prototype elevation-storage curve,SYNTHETIC_PROTOTYPE
R017,D017,Rihand,Rihand,Rihand,Uttar Pradesh,Sonbhadra,24.2,83.0,EPSG:4326,256.0,2568468.83,2.5685,731372831.04,5136937650.1,4405564819.06,731372831.04,255,256,266,263.54,269,269,267.5,54.43,49.62,4.81,0.189,513.69,1.0,1.0,"POLYGON((82.98 24.18,83.02 24.18,83.02 24.22,82.98 24.22,82.98 24.18))",2026-08-02 06:00:00,CWC/State reservoir anchor + synthetic prototype elevation-storage curve,SYNTHETIC_PROTOTYPE
R017,D017,Rihand,Rihand,Rihand,Uttar Pradesh,Sonbhadra,24.2,83.0,EPSG:4326,257.0,2884588.07,2.8846,869467867.73,5136937650.1,4405564819.06,731372831.04,255,256,266,263.51,269,269,267.5,51.12,41.84,9.28,0.14,513.69,2.0,1.3,"POLYGON((82.98 24.18,83.02 24.18,83.02 24.22,82.98 24.22,82.98 24.18))",2026-08-03 06:00:00,CWC/State reservoir anchor + synthetic prototype elevation-storage curve,SYNTHETIC_PROTOTYPE
R017,D017,Rihand,Rihand,Rihand,Uttar Pradesh,Sonbhadra,24.2,83.0,EPSG:4326,258.0,3200707.31,3.2007,1083393824.24,5136937650.1,4405564819.06,731372831.04,255,256,266,263.29,269,269,267.5,54.43,51.21,3.22,0.107,513.69,3.0,1.95,"POLYGON((82.98 24.18,83.02 24.18,83.02 24.22,82.98 24.22,82.98 24.18))",2026-08-04 06:00:00,CWC/State reservoir anchor + synthetic prototype elevation-storage curve,SYNTHETIC_PROTOTYPE
R017,D017,Rihand,Rihand,Rihand,Uttar Pradesh,Sonbhadra,24.2,83.0,EPSG:4326,259.0,3516826.55,3.5168,1339916521.15,5136937650.1,4405564819.06,731372831.04,255,256,266,263.6,269,269,267.5,49.71,52.19,-2.47,-0.08,513.69,4.0,2.6,"POLYGON((82.98 24.18,83.02 24.18,83.02 24.22,82.98 24.22,82.98 24.18))",2026-08-05 06:00:00,CWC/State reservoir anchor + synthetic prototype elevation-storage curve,SYNTHETIC_PROTOTYPE
R017,D017,Rihand,Rihand,Rihand,Uttar Pradesh,Sonbhadra,24.2,83.0,EPSG:4326,260.0,3832945.79,3.8329,1628717026.88,5136937650.1,4405564819.06,731372831.04,255,256,266,264.01,269,269,267.5,50.11,50.58,-0.47,-0.085,513.69,5.0,3.25,"POLYGON((82.98 24.18,83.02 24.18,83.02 24.22,82.98 24.22,82.98 24.18))",2026-08-06 06:00:00,CWC/State reservoir anchor + synthetic prototype elevation-storage curve,SYNTHETIC_PROTOTYPE
R017,D017,Rihand,Rihand,Rihand,Uttar Pradesh,Sonbhadra,24.2,83.0,EPSG:4326,261.0,4149065.03,4.1491,1944168327.6,5136937650.1,4405564819.06,731372831.04,255,256,266,264.65,269,269,267.5,50.28,58.11,-7.83,0.133,513.69,6.0,3.9,"POLYGON((82.98 24.18,83.02 24.18,83.02 24.22,82.98 24.22,82.98 24.18))",2026-08-07 06:00:00,CWC/State reservoir anchor + synthetic prototype elevation-storage curve,SYNTHETIC_PROTOTYPE
R017,D017,Rihand,Rihand,Rihand,Uttar Pradesh,Sonbhadra,24.2,83.0,EPSG:4326,262.0,4465184.27,4.4652,2282624485.88,5136937650.1,4405564819.06,731372831.04,255,256,266,264.58,269,269,267.5,54.46,58.89,-4.44,-0.124,513.69,7.0,4.55,"POLYGON((82.98 24.18,83.02 24.18,83.02 24.22,82.98 24.22,82.98 24.18))",2026-08-08 06:00:00,CWC/State reservoir anchor + synthetic prototype elevation-storage curve,SYNTHETIC_PROTOTYPE
R017,D017,Rihand,Rihand,Rihand,Uttar Pradesh,Sonbhadra,24.2,83.0,EPSG:4326,263.0,4781303.51,4.7813,2641491827.79,5136937650.1,4405564819.06,731372831.04,255,256,266,264.35,269,269,267.5,53.45,51.09,2.36,0.255,513.69,8.0,5.2,"POLYGON((82.98 24.18,83.02 24.18,83.02 24.22,82.98 24.22,82.98 24.18))",2026-08-09 06:00:00,CWC/State reservoir anchor + synthetic prototype elevation-storage curve,SYNTHETIC_PROTOTYPE
R017,D017,Rihand,Rihand,Rihand,Uttar Pradesh,Sonbhadra,24.2,83.0,EPSG:4326,264.0,5097422.75,5.0974,3018811993.4,5136937650.1,4405564819.06,731372831.04,255,256,266,263.29,269,269,267.5,46.35,39.99,6.36,0.118,513.69,9.0,5.85,"POLYGON((82.98 24.18,83.02 24.18,83.02 24.22,82.98 24.22,82.98 24.18))",2026-08-10 06:00:00,CWC/State reservoir anchor + synthetic prototype elevation-storage curve,SYNTHETIC_PROTOTYPE
R017,D017,Rihand,Rihand,Rihand,Uttar Pradesh,Sonbhadra,24.2,83.0,EPSG:4326,265.0,5413541.99,5.4135,3413043596.59,5136937650.1,4405564819.06,731372831.04,255,256,266,263.76,269,269,267.5,53.26,52.74,0.52,0.098,513.69,10.0,6.5,"POLYGON((82.98 24.18,83.02 24.18,83.02 24.22,82.98 24.22,82.98 24.18))",2026-08-11 06:00:00,CWC/State reservoir anchor + synthetic prototype elevation-storage curve,SYNTHETIC_PROTOTYPE
R017,D017,Rihand,Rihand,Rihand,Uttar Pradesh,Sonbhadra,24.2,83.0,EPSG:4326,266.0,5729661.23,5.7297,3822935608.86,5136937650.1,4405564819.06,731372831.04,255,256,266,263.36,269,269,267.5,51.17,58.5,-7.34,0.095,513.69,11.0,7.15,"POLYGON((82.98 24.18,83.02 24.18,83.02 24.22,82.98 24.22,82.98 24.18))",2026-08-12 06:00:00,CWC/State reservoir anchor + synthetic prototype elevation-storage curve,SYNTHETIC_PROTOTYPE
R017,D017,Rihand,Rihand,Rihand,Uttar Pradesh,Sonbhadra,24.2,83.0,EPSG:4326,267.0,6045780.47,6.0458,4247448353.11,5136937650.1,4405564819.06,731372831.04,255,256,266,264.62,269,269,267.5,48.71,55.28,-6.56,-0.133,513.69,12.0,7.8,"POLYGON((82.98 24.18,83.02 24.18,83.02 24.22,82.98 24.22,82.98 24.18))",2026-08-13 06:00:00,CWC/State reservoir anchor + synthetic prototype elevation-storage curve,SYNTHETIC_PROTOTYPE
R017,D017,Rihand,Rihand,Rihand,Uttar Pradesh,Sonbhadra,24.2,83.0,EPSG:4326,268.0,6361899.71,6.3619,4685701395.69,5136937650.1,4405564819.06,731372831.04,255,256,266,263.52,269,269,267.5,52.33,45.7,6.63,-0.235,513.69,13.0,8.45,"POLYGON((82.98 24.18,83.02 24.18,83.02 24.22,82.98 24.22,82.98 24.18))",2026-08-14 06:00:00,CWC/State reservoir anchor + synthetic prototype elevation-storage curve,SYNTHETIC_PROTOTYPE
R017,D017,Rihand,Rihand,Rihand,Uttar Pradesh,Sonbhadra,24.2,83.0,EPSG:4326,269.0,6678018.95,6.678,5136937650.1,5136937650.1,4405564819.06,731372831.04,255,256,266,263.52,269,269,267.5,51.3,54.86,-3.56,-0.021,513.69,14.0,9.1,"POLYGON((82.98 24.18,83.02 24.18,83.02 24.22,82.98 24.22,82.98 24.18))",2026-08-15 06:00:00,CWC/State reservoir anchor + synthetic prototype elevation-storage curve,SYNTHETIC_PROTOTYPE
R018,D018,Ramganga,Ramganga,Ramganga,Uttarakhand,Pauri Garhwal,29.78,78.77,EPSG:4326,353.0,1155611.73,1.1556,213991721.13,2311223455.65,2097231734.51,213991721.13,352,353,363,361.68,366,366,364.5,23.0,25.16,-2.16,-0.051,231.12,1.0,1.0,"POLYGON((78.75 29.76,78.78999999999999 29.76,78.78999999999999 29.8,78.75 29.8,78.75 29.76))",2026-08-02 06:00:00,CWC/State reservoir anchor + synthetic prototype elevation-storage curve,SYNTHETIC_PROTOTYPE
R018,D018,Ramganga,Ramganga,Ramganga,Uttarakhand,Pauri Garhwal,29.78,78.77,EPSG:4326,354.0,1297840.86,1.2978,279730691.1,2311223455.65,2097231734.51,213991721.13,352,353,363,360.42,366,366,364.5,22.83,22.23,0.6,-0.135,231.12,2.0,1.3,"POLYGON((78.75 29.76,78.78999999999999 29.76,78.78999999999999 29.8,78.75 29.8,78.75 29.76))",2026-08-03 06:00:00,CWC/State reservoir anchor + synthetic prototype elevation-storage curve,SYNTHETIC_PROTOTYPE
R018,D018,Ramganga,Ramganga,Ramganga,Uttarakhand,Pauri Garhwal,29.78,78.77,EPSG:4326,355.0,1440070.0,1.4401,381568326.74,2311223455.65,2097231734.51,213991721.13,352,353,363,360.89,366,366,364.5,24.3,22.73,1.57,-0.124,231.12,3.0,1.95,"POLYGON((78.75 29.76,78.78999999999999 29.76,78.78999999999999 29.8,78.75 29.8,78.75 29.76))",2026-08-04 06:00:00,CWC/State reservoir anchor + synthetic prototype elevation-storage curve,SYNTHETIC_PROTOTYPE
R018,D018,Ramganga,Ramganga,Ramganga,Uttarakhand,Pauri Garhwal,29.78,78.77,EPSG:4326,356.0,1582299.14,1.5823,503683779.06,2311223455.65,2097231734.51,213991721.13,352,353,363,360.84,366,366,364.5,23.53,25.02,-1.5,0.303,231.12,4.0,2.6,"POLYGON((78.75 29.76,78.78999999999999 29.76,78.78999999999999 29.8,78.75 29.8,78.75 29.76))",2026-08-05 06:00:00,CWC/State reservoir anchor + synthetic prototype elevation-storage curve,SYNTHETIC_PROTOTYPE
R018,D018,Ramganga,Ramganga,Ramganga,Uttarakhand,Pauri Garhwal,29.78,78.77,EPSG:4326,357.0,1724528.27,1.7245,641164808.27,2311223455.65,2097231734.51,213991721.13,352,353,363,361.35,366,366,364.5,23.54,30.34,-6.8,-0.099,231.12,5.0,3.25,"POLYGON((78.75 29.76,78.78999999999999 29.76,78.78999999999999 29.8,78.75 29.8,78.75 29.76))",2026-08-06 06:00:00,CWC/State reservoir anchor + synthetic prototype elevation-storage curve,SYNTHETIC_PROTOTYPE
R018,D018,Ramganga,Ramganga,Ramganga,Uttarakhand,Pauri Garhwal,29.78,78.77,EPSG:4326,358.0,1866757.41,1.8668,791332722.19,2311223455.65,2097231734.51,213991721.13,352,353,363,361.01,366,366,364.5,22.67,24.29,-1.62,0.007,231.12,6.0,3.9,"POLYGON((78.75 29.76,78.78999999999999 29.76,78.78999999999999 29.8,78.75 29.8,78.75 29.76))",2026-08-07 06:00:00,CWC/State reservoir anchor + synthetic prototype elevation-storage curve,SYNTHETIC_PROTOTYPE
R018,D018,Ramganga,Ramganga,Ramganga,Uttarakhand,Pauri Garhwal,29.78,78.77,EPSG:4326,359.0,2008986.54,2.009,952451903.28,2311223455.65,2097231734.51,213991721.13,352,353,363,360.42,366,366,364.5,22.78,16.03,6.75,-0.333,231.12,7.0,4.55,"POLYGON((78.75 29.76,78.78999999999999 29.76,78.78999999999999 29.8,78.75 29.8,78.75 29.76))",2026-08-08 06:00:00,CWC/State reservoir anchor + synthetic prototype elevation-storage curve,SYNTHETIC_PROTOTYPE
R018,D018,Ramganga,Ramganga,Ramganga,Uttarakhand,Pauri Garhwal,29.78,78.77,EPSG:4326,360.0,2151215.68,2.1512,1123287655.07,2311223455.65,2097231734.51,213991721.13,352,353,363,361.73,366,366,364.5,23.54,20.76,2.78,-0.033,231.12,8.0,5.2,"POLYGON((78.75 29.76,78.78999999999999 29.76,78.78999999999999 29.8,78.75 29.8,78.75 29.76))",2026-08-09 06:00:00,CWC/State reservoir anchor + synthetic prototype elevation-storage curve,SYNTHETIC_PROTOTYPE
R018,D018,Ramganga,Ramganga,Ramganga,Uttarakhand,Pauri Garhwal,29.78,78.77,EPSG:4326,361.0,2293444.81,2.2934,1302907716.95,2311223455.65,2097231734.51,213991721.13,352,353,363,360.34,366,366,364.5,23.43,17.97,5.46,-0.16,231.12,9.0,5.85,"POLYGON((78.75 29.76,78.78999999999999 29.76,78.78999999999999 29.8,78.75 29.8,78.75 29.76))",2026-08-10 06:00:00,CWC/State reservoir anchor + synthetic prototype elevation-storage curve,SYNTHETIC_PROTOTYPE
R018,D018,Ramganga,Ramganga,Ramganga,Uttarakhand,Pauri Garhwal,29.78,78.77,EPSG:4326,362.0,2435673.95,2.4357,1490578325.13,2311223455.65,2097231734.51,213991721.13,352,353,363,360.37,366,366,364.5,20.75,17.38,3.37,-0.158,231.12,10.0,6.5,"POLYGON((78.75 29.76,78.78999999999999 29.76,78.78999999999999 29.8,78.75 29.8,78.75 29.76))",2026-08-11 06:00:00,CWC/State reservoir anchor + synthetic prototype elevation-storage curve,SYNTHETIC_PROTOTYPE
R018,D018,Ramganga,Ramganga,Ramganga,Uttarakhand,Pauri Garhwal,29.78,78.77,EPSG:4326,363.0,2577903.09,2.5779,1685703938.11,2311223455.65,2097231734.51,213991721.13,352,353,363,360.42,366,366,364.5,23.87,18.57,5.3,-0.048,231.12,11.0,7.15,"POLYGON((78.75 29.76,78.78999999999999 29.76,78.78999999999999 29.8,78.75 29.8,78.75 29.76))",2026-08-12 06:00:00,CWC/State reservoir anchor + synthetic prototype elevation-storage curve,SYNTHETIC_PROTOTYPE
R018,D018,Ramganga,Ramganga,Ramganga,Uttarakhand,Pauri Garhwal,29.78,78.77,EPSG:4326,364.0,2720132.22,2.7201,1887789626.44,2311223455.65,2097231734.51,213991721.13,352,353,363,361.58,366,366,364.5,23.04,25.18,-2.14,0.029,231.12,12.0,7.8,"POLYGON((78.75 29.76,78.78999999999999 29.76,78.78999999999999 29.8,78.75 29.8,78.75 29.76))",2026-08-13 06:00:00,CWC/State reservoir anchor + synthetic prototype elevation-storage curve,SYNTHETIC_PROTOTYPE
R018,D018,Ramganga,Ramganga,Ramganga,Uttarakhand,Pauri Garhwal,29.78,78.77,EPSG:4326,365.0,2862361.36,2.8624,2096416267.15,2311223455.65,2097231734.51,213991721.13,352,353,363,361.1,366,366,364.5,23.26,19.57,3.69,-0.037,231.12,13.0,8.45,"POLYGON((78.75 29.76,78.78999999999999 29.76,78.78999999999999 29.8,78.75 29.8,78.75 29.76))",2026-08-14 06:00:00,CWC/State reservoir anchor + synthetic prototype elevation-storage curve,SYNTHETIC_PROTOTYPE
R018,D018,Ramganga,Ramganga,Ramganga,Uttarakhand,Pauri Garhwal,29.78,78.77,EPSG:4326,366.0,3004590.49,3.0046,2311223455.65,2311223455.65,2097231734.51,213991721.13,352,353,363,361.79,366,366,364.5,24.07,23.9,0.17,-0.297,231.12,14.0,9.1,"POLYGON((78.75 29.76,78.78999999999999 29.76,78.78999999999999 29.8,78.75 29.8,78.75 29.76))",2026-08-15 06:00:00,CWC/State reservoir anchor + synthetic prototype elevation-storage curve,SYNTHETIC_PROTOTYPE
R019,D019,Koldam,Koldam,Sutlej,Himachal Pradesh,Bilaspur,31.37,76.92,EPSG:4326,634.0,1501756.3,1.5018,364899305.46,3003512591.59,2638613286.13,364899305.46,633,634,644,642.22,647,647,645.5,29.51,25.91,3.6,-0.207,300.35,1.0,1.0,"POLYGON((76.9 31.35,76.94 31.35,76.94 31.39,76.9 31.39,76.9 31.35))",2026-08-02 06:00:00,CWC/State reservoir anchor + synthetic prototype elevation-storage curve,SYNTHETIC_PROTOTYPE
R019,D019,Koldam,Koldam,Sutlej,Himachal Pradesh,Bilaspur,31.37,76.92,EPSG:4326,635.0,1686587.84,1.6866,447608200.59,3003512591.59,2638613286.13,364899305.46,633,634,644,641.95,647,647,645.5,30.21,41.5,-11.29,-0.166,300.35,2.0,1.3,"POLYGON((76.9 31.35,76.94 31.35,76.94 31.39,76.9 31.39,76.9 31.35))",2026-08-03 06:00:00,CWC/State reservoir anchor + synthetic prototype elevation-storage curve,SYNTHETIC_PROTOTYPE
R019,D019,Koldam,Koldam,Sutlej,Himachal Pradesh,Bilaspur,31.37,76.92,EPSG:4326,636.0,1871419.38,1.8714,575734307.97,3003512591.59,2638613286.13,364899305.46,633,634,644,641.71,647,647,645.5,28.72,26.92,1.8,-0.123,300.35,3.0,1.95,"POLYGON((76.9 31.35,76.94 31.35,76.94 31.39,76.9 31.39,76.9 31.35))",2026-08-04 06:00:00,CWC/State reservoir anchor + synthetic prototype elevation-storage curve,SYNTHETIC_PROTOTYPE
R019,D019,Koldam,Koldam,Sutlej,Himachal Pradesh,Bilaspur,31.37,76.92,EPSG:4326,637.0,2056250.93,2.0563,729372768.43,3003512591.59,2638613286.13,364899305.46,633,634,644,642.72,647,647,645.5,29.0,32.96,-3.96,-0.056,300.35,4.0,2.6,"POLYGON((76.9 31.35,76.94 31.35,76.94 31.39,76.9 31.39,76.9 31.35))",2026-08-05 06:00:00,CWC/State reservoir anchor + synthetic prototype elevation-storage curve,SYNTHETIC_PROTOTYPE
R019,D019,Koldam,Koldam,Sutlej,Himachal Pradesh,Bilaspur,31.37,76.92,EPSG:4326,638.0,2241082.47,2.2411,902343291.57,3003512591.59,2638613286.13,364899305.46,633,634,644,641.32,647,647,645.5,28.36,21.53,6.82,-0.335,300.35,5.0,3.25,"POLYGON((76.9 31.35,76.94 31.35,76.94 31.39,76.9 31.39,76.9 31.35))",2026-08-06 06:00:00,CWC/State reservoir anchor + synthetic prototype elevation-storage curve,SYNTHETIC_PROTOTYPE
R019,D019,Koldam,Koldam,Sutlej,Himachal Pradesh,Bilaspur,31.37,76.92,EPSG:4326,639.0,2425914.02,2.4259,1091275704.86,3003512591.59,2638613286.13,364899305.46,633,634,644,641.5,647,647,645.5,31.16,28.18,2.99,0.28,300.35,6.0,3.9,"POLYGON((76.9 31.35,76.94 31.35,76.94 31.39,76.9 31.39,76.9 31.35))",2026-08-07 06:00:00,CWC/State reservoir anchor + synthetic prototype elevation-storage curve,SYNTHETIC_PROTOTYPE
R019,D019,Koldam,Koldam,Sutlej,Himachal Pradesh,Bilaspur,31.37,76.92,EPSG:4326,640.0,2610745.56,2.6107,1293986356.66,3003512591.59,2638613286.13,364899305.46,633,634,644,642.52,647,647,645.5,31.8,26.25,5.54,0.174,300.35,7.0,4.55,"POLYGON((76.9 31.35,76.94 31.35,76.94 31.39,76.9 31.39,76.9 31.35))",2026-08-08 06:00:00,CWC/State reservoir anchor + synthetic prototype elevation-storage curve,SYNTHETIC_PROTOTYPE
R019,D019,Koldam,Koldam,Sutlej,Himachal Pradesh,Bilaspur,31.37,76.92,EPSG:4326,641.0,2795577.1,2.7956,1508921824.69,3003512591.59,2638613286.13,364899305.46,633,634,644,641.21,647,647,645.5,28.91,24.65,4.26,-0.24,300.35,8.0,5.2,"POLYGON((76.9 31.35,76.94 31.35,76.94 31.39,76.9 31.39,76.9 31.35))",2026-08-09 06:00:00,CWC/State reservoir anchor + synthetic prototype elevation-storage curve,SYNTHETIC_PROTOTYPE
R019,D019,Koldam,Koldam,Sutlej,Himachal Pradesh,Bilaspur,31.37,76.92,EPSG:4326,642.0,2980408.65,2.9804,1734909193.62,3003512591.59,2638613286.13,364899305.46,633,634,644,642.59,647,647,645.5,32.24,20.53,11.71,-0.04,300.35,9.0,5.85,"POLYGON((76.9 31.35,76.94 31.35,76.94 31.39,76.9 31.39,76.9 31.35))",2026-08-10 06:00:00,CWC/State reservoir anchor + synthetic prototype elevation-storage curve,SYNTHETIC_PROTOTYPE
R019,D019,Koldam,Koldam,Sutlej,Himachal Pradesh,Bilaspur,31.37,76.92,EPSG:4326,643.0,3165240.19,3.1652,1971025285.13,3003512591.59,2638613286.13,364899305.46,633,634,644,641.66,647,647,645.5,29.69,30.45,-0.76,-0.032,300.35,10.0,6.5,"POLYGON((76.9 31.35,76.94 31.35,76.94 31.39,76.9 31.39,76.9 31.35))",2026-08-11 06:00:00,CWC/State reservoir anchor + synthetic prototype elevation-storage curve,SYNTHETIC_PROTOTYPE
R019,D019,Koldam,Koldam,Sutlej,Himachal Pradesh,Bilaspur,31.37,76.92,EPSG:4326,644.0,3350071.74,3.3501,2216520824.04,3003512591.59,2638613286.13,364899305.46,633,634,644,642.4,647,647,645.5,31.74,21.45,10.29,-0.107,300.35,11.0,7.15,"POLYGON((76.9 31.35,76.94 31.35,76.94 31.39,76.9 31.39,76.9 31.35))",2026-08-12 06:00:00,CWC/State reservoir anchor + synthetic prototype elevation-storage curve,SYNTHETIC_PROTOTYPE
R019,D019,Koldam,Koldam,Sutlej,Himachal Pradesh,Bilaspur,31.37,76.92,EPSG:4326,645.0,3534903.28,3.5349,2470773119.29,3003512591.59,2638613286.13,364899305.46,633,634,644,641.68,647,647,645.5,30.23,31.26,-1.02,-0.096,300.35,12.0,7.8,"POLYGON((76.9 31.35,76.94 31.35,76.94 31.39,76.9 31.39,76.9 31.35))",2026-08-13 06:00:00,CWC/State reservoir anchor + synthetic prototype elevation-storage curve,SYNTHETIC_PROTOTYPE
R019,D019,Koldam,Koldam,Sutlej,Himachal Pradesh,Bilaspur,31.37,76.92,EPSG:4326,646.0,3719734.82,3.7197,2733254855.07,3003512591.59,2638613286.13,364899305.46,633,634,644,641.29,647,647,645.5,31.23,32.88,-1.66,0.306,300.35,13.0,8.45,"POLYGON((76.9 31.35,76.94 31.35,76.94 31.39,76.9 31.39,76.9 31.35))",2026-08-14 06:00:00,CWC/State reservoir anchor + synthetic prototype elevation-storage curve,SYNTHETIC_PROTOTYPE
R019,D019,Koldam,Koldam,Sutlej,Himachal Pradesh,Bilaspur,31.37,76.92,EPSG:4326,647.0,3904566.37,3.9046,3003512591.59,3003512591.59,2638613286.13,364899305.46,633,634,644,642.43,647,647,645.5,33.5,26.16,7.34,0.376,300.35,14.0,9.1,"POLYGON((76.9 31.35,76.94 31.35,76.94 31.39,76.9 31.39,76.9 31.35))",2026-08-15 06:00:00,CWC/State reservoir anchor + synthetic prototype elevation-storage curve,SYNTHETIC_PROTOTYPE
R020,D020,Almatti,Almatti,Krishna,Karnataka,Vijayapura,16.33,75.89,EPSG:4326,507.0,2671120.48,2.6711,738325926.22,5342240963.76,4603915037.54,738325926.22,506,507,517,515.59,520,520,518.5,54.01,52.46,1.56,-0.032,534.22,1.0,1.0,"POLYGON((75.87 16.31,75.91 16.31,75.91 16.349999999999998,75.87 16.349999999999998,75.87 16.31))",2026-08-02 06:00:00,CWC/State reservoir anchor + synthetic prototype elevation-storage curve,SYNTHETIC_PROTOTYPE
R020,D020,Almatti,Almatti,Krishna,Karnataka,Vijayapura,16.33,75.89,EPSG:4326,508.0,2999873.77,2.9999,882638367.91,5342240963.76,4603915037.54,738325926.22,506,507,517,514.63,520,520,518.5,51.95,57.34,-5.39,-0.066,534.22,2.0,1.3,"POLYGON((75.87 16.31,75.91 16.31,75.91 16.349999999999998,75.87 16.349999999999998,75.87 16.31))",2026-08-03 06:00:00,CWC/State reservoir anchor + synthetic prototype elevation-storage curve,SYNTHETIC_PROTOTYPE
R020,D020,Almatti,Almatti,Krishna,Karnataka,Vijayapura,16.33,75.89,EPSG:4326,509.0,3328627.06,3.3286,1106195838.64,5342240963.76,4603915037.54,738325926.22,506,507,517,515.69,520,520,518.5,50.21,49.86,0.35,-0.027,534.22,3.0,1.95,"POLYGON((75.87 16.31,75.91 16.31,75.91 16.349999999999998,75.87 16.349999999999998,75.87 16.31))",2026-08-04 06:00:00,CWC/State reservoir anchor + synthetic prototype elevation-storage curve,SYNTHETIC_PROTOTYPE
R020,D020,Almatti,Almatti,Krishna,Karnataka,Vijayapura,16.33,75.89,EPSG:4326,510.0,3657380.35,3.6574,1374267868.06,5342240963.76,4603915037.54,738325926.22,506,507,517,515.51,520,520,518.5,56.21,59.04,-2.83,0.053,534.22,4.0,2.6,"POLYGON((75.87 16.31,75.91 16.31,75.91 16.349999999999998,75.87 16.349999999999998,75.87 16.31))",2026-08-05 06:00:00,CWC/State reservoir anchor + synthetic prototype elevation-storage curve,SYNTHETIC_PROTOTYPE
R020,D020,Almatti,Almatti,Krishna,Karnataka,Vijayapura,16.33,75.89,EPSG:4326,511.0,3986133.64,3.9861,1676070938.9,5342240963.76,4603915037.54,738325926.22,506,507,517,515.25,520,520,518.5,53.58,52.63,0.95,0.114,534.22,5.0,3.25,"POLYGON((75.87 16.31,75.91 16.31,75.91 16.349999999999998,75.87 16.349999999999998,75.87 16.31))",2026-08-06 06:00:00,CWC/State reservoir anchor + synthetic prototype elevation-storage curve,SYNTHETIC_PROTOTYPE
R020,D020,Almatti,Almatti,Krishna,Karnataka,Vijayapura,16.33,75.89,EPSG:4326,512.0,4314886.93,4.3149,2005724694.24,5342240963.76,4603915037.54,738325926.22,506,507,517,515.61,520,520,518.5,50.53,60.0,-9.47,-0.112,534.22,6.0,3.9,"POLYGON((75.87 16.31,75.91 16.31,75.91 16.349999999999998,75.87 16.349999999999998,75.87 16.31))",2026-08-07 06:00:00,CWC/State reservoir anchor + synthetic prototype elevation-storage curve,SYNTHETIC_PROTOTYPE
R020,D020,Almatti,Almatti,Krishna,Karnataka,Vijayapura,16.33,75.89,EPSG:4326,513.0,4643640.22,4.6436,2359419046.87,5342240963.76,4603915037.54,738325926.22,506,507,517,514.82,520,520,518.5,52.12,47.21,4.91,-0.108,534.22,7.0,4.55,"POLYGON((75.87 16.31,75.91 16.31,75.91 16.349999999999998,75.87 16.349999999999998,75.87 16.31))",2026-08-08 06:00:00,CWC/State reservoir anchor + synthetic prototype elevation-storage curve,SYNTHETIC_PROTOTYPE
R020,D020,Almatti,Almatti,Krishna,Karnataka,Vijayapura,16.33,75.89,EPSG:4326,514.0,4972393.51,4.9724,2734443548.78,5342240963.76,4603915037.54,738325926.22,506,507,517,514.74,520,520,518.5,56.47,50.39,6.08,-0.11,534.22,8.0,5.2,"POLYGON((75.87 16.31,75.91 16.31,75.91 16.349999999999998,75.87 16.349999999999998,75.87 16.31))",2026-08-09 06:00:00,CWC/State reservoir anchor + synthetic prototype elevation-storage curve,SYNTHETIC_PROTOTYPE
R020,D020,Almatti,Almatti,Krishna,Karnataka,Vijayapura,16.33,75.89,EPSG:4326,515.0,5301146.8,5.3011,3128751669.48,5342240963.76,4603915037.54,738325926.22,506,507,517,515.33,520,520,518.5,48.06,47.79,0.27,0.097,534.22,9.0,5.85,"POLYGON((75.87 16.31,75.91 16.31,75.91 16.349999999999998,75.87 16.349999999999998,75.87 16.31))",2026-08-10 06:00:00,CWC/State reservoir anchor + synthetic prototype elevation-storage curve,SYNTHETIC_PROTOTYPE
R020,D020,Almatti,Almatti,Krishna,Karnataka,Vijayapura,16.33,75.89,EPSG:4326,516.0,5629900.09,5.6299,3540732625.55,5342240963.76,4603915037.54,738325926.22,506,507,517,515.74,520,520,518.5,49.85,44.53,5.32,0.048,534.22,10.0,6.5,"POLYGON((75.87 16.31,75.91 16.31,75.91 16.349999999999998,75.87 16.349999999999998,75.87 16.31))",2026-08-11 06:00:00,CWC/State reservoir anchor + synthetic prototype elevation-storage curve,SYNTHETIC_PROTOTYPE
R020,D020,Almatti,Almatti,Krishna,Karnataka,Vijayapura,16.33,75.89,EPSG:4326,517.0,5958653.38,5.9587,3969079063.87,5342240963.76,4603915037.54,738325926.22,506,507,517,515.56,520,520,518.5,53.43,61.26,-7.83,0.194,534.22,11.0,7.15,"POLYGON((75.87 16.31,75.91 16.31,75.91 16.349999999999998,75.87 16.349999999999998,75.87 16.31))",2026-08-12 06:00:00,CWC/State reservoir anchor + synthetic prototype elevation-storage curve,SYNTHETIC_PROTOTYPE
R020,D020,Almatti,Almatti,Krishna,Karnataka,Vijayapura,16.33,75.89,EPSG:4326,518.0,6287406.67,6.2874,4412704498.33,5342240963.76,4603915037.54,738325926.22,506,507,517,515.46,520,520,518.5,53.79,56.44,-2.64,-0.092,534.22,12.0,7.8,"POLYGON((75.87 16.31,75.91 16.31,75.91 16.349999999999998,75.87 16.349999999999998,75.87 16.31))",2026-08-13 06:00:00,CWC/State reservoir anchor + synthetic prototype elevation-storage curve,SYNTHETIC_PROTOTYPE
R020,D020,Almatti,Almatti,Krishna,Karnataka,Vijayapura,16.33,75.89,EPSG:4326,519.0,6616159.96,6.6162,4870688855.8,5342240963.76,4603915037.54,738325926.22,506,507,517,514.68,520,520,518.5,50.59,50.97,-0.37,-0.009,534.22,13.0,8.45,"POLYGON((75.87 16.31,75.91 16.31,75.91 16.349999999999998,75.87 16.349999999999998,75.87 16.31))",2026-08-14 06:00:00,CWC/State reservoir anchor + synthetic prototype elevation-storage curve,SYNTHETIC_PROTOTYPE
R020,D020,Almatti,Almatti,Krishna,Karnataka,Vijayapura,16.33,75.89,EPSG:4326,520.0,6944913.25,6.9449,5342240963.76,5342240963.76,4603915037.54,738325926.22,506,507,517,514.4,520,520,518.5,53.68,71.1,-17.42,-0.222,534.22,14.0,9.1,"POLYGON((75.87 16.31,75.91 16.31,75.91 16.349999999999998,75.87 16.349999999999998,75.87 16.31))",2026-08-15 06:00:00,CWC/State reservoir anchor + synthetic prototype elevation-storage curve,SYNTHETIC_PROTOTYPE
R021,D021,Narayanpur,Narayanpur,Krishna,Karnataka,Yadgir,16.38,76.34,EPSG:4326,481.0,1041730.12,1.0417,251647701.62,2083460235.59,1831812533.97,251647701.62,480,481,491,489.48,494,494,492.5,20.66,22.19,-1.52,-0.074,208.35,1.0,1.0,"POLYGON((76.32000000000001 16.36,76.36 16.36,76.36 16.4,76.32000000000001 16.4,76.32000000000001 16.36))",2026-08-02 06:00:00,CWC/State reservoir anchor + synthetic prototype elevation-storage curve,SYNTHETIC_PROTOTYPE
R021,D021,Narayanpur,Narayanpur,Krishna,Karnataka,Yadgir,16.38,76.34,EPSG:4326,482.0,1169943.06,1.1699,309066949.66,2083460235.59,1831812533.97,251647701.62,480,481,491,489.78,494,494,492.5,19.98,14.4,5.57,0.08,208.35,2.0,1.3,"POLYGON((76.32000000000001 16.36,76.36 16.36,76.36 16.4,76.32000000000001 16.4,76.32000000000001 16.36))",2026-08-03 06:00:00,CWC/State reservoir anchor + synthetic prototype elevation-storage curve,SYNTHETIC_PROTOTYPE
R021,D021,Narayanpur,Narayanpur,Krishna,Karnataka,Yadgir,16.38,76.34,EPSG:4326,483.0,1298155.99,1.2982,398016327.22,2083460235.59,1831812533.97,251647701.62,480,481,491,488.84,494,494,492.5,20.88,17.32,3.56,0.005,208.35,3.0,1.95,"POLYGON((76.32000000000001 16.36,76.36 16.36,76.36 16.4,76.32000000000001 16.4,76.32000000000001 16.36))",2026-08-04 06:00:00,CWC/State reservoir anchor + synthetic prototype elevation-storage curve,SYNTHETIC_PROTOTYPE
R021,D021,Narayanpur,Narayanpur,Krishna,Karnataka,Yadgir,16.38,76.34,EPSG:4326,484.0,1426368.93,1.4264,504677223.33,2083460235.59,1831812533.97,251647701.62,480,481,491,489.68,494,494,492.5,21.36,19.24,2.11,-0.273,208.35,4.0,2.6,"POLYGON((76.32000000000001 16.36,76.36 16.36,76.36 16.4,76.32000000000001 16.4,76.32000000000001 16.36))",2026-08-05 06:00:00,CWC/State reservoir anchor + synthetic prototype elevation-storage curve,SYNTHETIC_PROTOTYPE
R021,D021,Narayanpur,Narayanpur,Krishna,Karnataka,Yadgir,16.38,76.34,EPSG:4326,485.0,1554581.87,1.5546,624759076.16,2083460235.59,1831812533.97,251647701.62,480,481,491,489.34,494,494,492.5,19.64,25.06,-5.43,-0.051,208.35,5.0,3.25,"POLYGON((76.32000000000001 16.36,76.36 16.36,76.36 16.4,76.32000000000001 16.4,76.32000000000001 16.36))",2026-08-06 06:00:00,CWC/State reservoir anchor + synthetic prototype elevation-storage curve,SYNTHETIC_PROTOTYPE
R021,D021,Narayanpur,Narayanpur,Krishna,Karnataka,Yadgir,16.38,76.34,EPSG:4326,486.0,1682794.81,1.6828,755922200.58,2083460235.59,1831812533.97,251647701.62,480,481,491,489.7,494,494,492.5,21.06,19.74,1.32,-0.009,208.35,6.0,3.9,"POLYGON((76.32000000000001 16.36,76.36 16.36,76.36 16.4,76.32000000000001 16.4,76.32000000000001 16.36))",2026-08-07 06:00:00,CWC/State reservoir anchor + synthetic prototype elevation-storage curve,SYNTHETIC_PROTOTYPE
R021,D021,Narayanpur,Narayanpur,Krishna,Karnataka,Yadgir,16.38,76.34,EPSG:4326,487.0,1811007.74,1.811,896650633.46,2083460235.59,1831812533.97,251647701.62,480,481,491,489.74,494,494,492.5,20.83,20.54,0.29,-0.022,208.35,7.0,4.55,"POLYGON((76.32000000000001 16.36,76.36 16.36,76.36 16.4,76.32000000000001 16.4,76.32000000000001 16.36))",2026-08-08 06:00:00,CWC/State reservoir anchor + synthetic prototype elevation-storage curve,SYNTHETIC_PROTOTYPE
R021,D021,Narayanpur,Narayanpur,Krishna,Karnataka,Yadgir,16.38,76.34,EPSG:4326,488.0,1939220.68,1.9392,1045865937.72,2083460235.59,1831812533.97,251647701.62,480,481,491,489.67,494,494,492.5,19.94,18.09,1.86,0.096,208.35,8.0,5.2,"POLYGON((76.32000000000001 16.36,76.36 16.36,76.36 16.4,76.32000000000001 16.4,76.32000000000001 16.36))",2026-08-09 06:00:00,CWC/State reservoir anchor + synthetic prototype elevation-storage curve,SYNTHETIC_PROTOTYPE
R021,D021,Narayanpur,Narayanpur,Krishna,Karnataka,Yadgir,16.38,76.34,EPSG:4326,489.0,2067433.62,2.0674,1202753836.79,2083460235.59,1831812533.97,251647701.62,480,481,491,489.55,494,494,492.5,21.77,19.98,1.79,0.176,208.35,9.0,5.85,"POLYGON((76.32000000000001 16.36,76.36 16.36,76.36 16.4,76.32000000000001 16.4,76.32000000000001 16.36))",2026-08-10 06:00:00,CWC/State reservoir anchor + synthetic prototype elevation-storage curve,SYNTHETIC_PROTOTYPE
R021,D021,Narayanpur,Narayanpur,Krishna,Karnataka,Yadgir,16.38,76.34,EPSG:4326,490.0,2195646.56,2.1956,1366673429.78,2083460235.59,1831812533.97,251647701.62,480,481,491,488.42,494,494,492.5,22.02,27.08,-5.06,-0.026,208.35,10.0,6.5,"POLYGON((76.32000000000001 16.36,76.36 16.36,76.36 16.4,76.32000000000001 16.4,76.32000000000001 16.36))",2026-08-11 06:00:00,CWC/State reservoir anchor + synthetic prototype elevation-storage curve,SYNTHETIC_PROTOTYPE
R021,D021,Narayanpur,Narayanpur,Krishna,Karnataka,Yadgir,16.38,76.34,EPSG:4326,491.0,2323859.49,2.3239,1537104545.08,2083460235.59,1831812533.97,251647701.62,480,481,491,489.03,494,494,492.5,21.69,16.77,4.92,-0.08,208.35,11.0,7.15,"POLYGON((76.32000000000001 16.36,76.36 16.36,76.36 16.4,76.32000000000001 16.4,76.32000000000001 16.36))",2026-08-12 06:00:00,CWC/State reservoir anchor + synthetic prototype elevation-storage curve,SYNTHETIC_PROTOTYPE
R021,D021,Narayanpur,Narayanpur,Krishna,Karnataka,Yadgir,16.38,76.34,EPSG:4326,492.0,2452072.43,2.4521,1713614889.99,2083460235.59,1831812533.97,251647701.62,480,481,491,488.72,494,494,492.5,20.45,14.44,6.02,-0.003,208.35,12.0,7.8,"POLYGON((76.32000000000001 16.36,76.36 16.36,76.36 16.4,76.32000000000001 16.4,76.32000000000001 16.36))",2026-08-13 06:00:00,CWC/State reservoir anchor + synthetic prototype elevation-storage curve,SYNTHETIC_PROTOTYPE
R021,D021,Narayanpur,Narayanpur,Krishna,Karnataka,Yadgir,16.38,76.34,EPSG:4326,493.0,2580285.37,2.5803,1895838384.46,2083460235.59,1831812533.97,251647701.62,480,481,491,488.21,494,494,492.5,21.76,25.34,-3.58,-0.028,208.35,13.0,8.45,"POLYGON((76.32000000000001 16.36,76.36 16.36,76.36 16.4,76.32000000000001 16.4,76.32000000000001 16.36))",2026-08-14 06:00:00,CWC/State reservoir anchor + synthetic prototype elevation-storage curve,SYNTHETIC_PROTOTYPE
R021,D021,Narayanpur,Narayanpur,Krishna,Karnataka,Yadgir,16.38,76.34,EPSG:4326,494.0,2708498.31,2.7085,2083460235.59,2083460235.59,1831812533.97,251647701.62,480,481,491,489.37,494,494,492.5,19.97,21.34,-1.37,-0.049,208.35,14.0,9.1,"POLYGON((76.32000000000001 16.36,76.36 16.36,76.36 16.4,76.32000000000001 16.4,76.32000000000001 16.36))",2026-08-15 06:00:00,CWC/State reservoir anchor + synthetic prototype elevation-storage curve,SYNTHETIC_PROTOTYPE
R022,D022,Srisailam,Srisailam,Krishna,Andhra Pradesh,Nandyal,16.07,78.87,EPSG:4326,873.0,1000000.0,1.0,166073140.97,1277645990.28,1111572849.3,166073140.97,872,873,883,881.38,886,886,884.5,12.65,12.56,0.08,-0.129,127.76,1.0,1.0,"POLYGON((78.85000000000001 16.05,78.89 16.05,78.89 16.09,78.85000000000001 16.09,78.85000000000001 16.05))",2026-08-02 06:00:00,CWC/State reservoir anchor + synthetic prototype elevation-storage curve,SYNTHETIC_PROTOTYPE
R022,D022,Srisailam,Srisailam,Krishna,Andhra Pradesh,Nandyal,16.07,78.87,EPSG:4326,874.0,1000000.0,1.0,200916049.82,1277645990.28,1111572849.3,166073140.97,872,873,883,880.58,886,886,884.5,11.84,8.95,2.9,0.034,127.76,2.0,1.3,"POLYGON((78.85000000000001 16.05,78.89 16.05,78.89 16.09,78.85000000000001 16.09,78.85000000000001 16.05))",2026-08-03 06:00:00,CWC/State reservoir anchor + synthetic prototype elevation-storage curve,SYNTHETIC_PROTOTYPE
R022,D022,Srisailam,Srisailam,Krishna,Andhra Pradesh,Nandyal,16.07,78.87,EPSG:4326,875.0,1000000.0,1.0,254891940.49,1277645990.28,1111572849.3,166073140.97,872,873,883,880.28,886,886,884.5,11.81,13.38,-1.58,-0.054,127.76,3.0,1.95,"POLYGON((78.85000000000001 16.05,78.89 16.05,78.89 16.09,78.85000000000001 16.09,78.85000000000001 16.05))",2026-08-04 06:00:00,CWC/State reservoir anchor + synthetic prototype elevation-storage curve,SYNTHETIC_PROTOTYPE
R022,D022,Srisailam,Srisailam,Krishna,Andhra Pradesh,Nandyal,16.07,78.87,EPSG:4326,876.0,1000000.0,1.0,319615461.05,1277645990.28,1111572849.3,166073140.97,872,873,883,881.07,886,886,884.5,12.34,11.51,0.84,0.096,127.76,4.0,2.6,"POLYGON((78.85000000000001 16.05,78.89 16.05,78.89 16.09,78.85000000000001 16.09,78.85000000000001 16.05))",2026-08-05 06:00:00,CWC/State reservoir anchor + synthetic prototype elevation-storage curve,SYNTHETIC_PROTOTYPE
R022,D022,Srisailam,Srisailam,Krishna,Andhra Pradesh,Nandyal,16.07,78.87,EPSG:4326,877.0,1000000.0,1.0,392483030.64,1277645990.28,1111572849.3,166073140.97,872,873,883,880.76,886,886,884.5,13.53,16.71,-3.18,0.204,127.76,5.0,3.25,"POLYGON((78.85000000000001 16.05,78.89 16.05,78.89 16.09,78.85000000000001 16.09,78.85000000000001 16.05))",2026-08-06 06:00:00,CWC/State reservoir anchor + synthetic prototype elevation-storage curve,SYNTHETIC_PROTOTYPE
R022,D022,Srisailam,Srisailam,Krishna,Andhra Pradesh,Nandyal,16.07,78.87,EPSG:4326,878.0,1031944.84,1.0319,472074891.29,1277645990.28,1111572849.3,166073140.97,872,873,883,880.23,886,886,884.5,13.2,9.24,3.96,0.047,127.76,6.0,3.9,"POLYGON((78.85000000000001 16.05,78.89 16.05,78.89 16.09,78.85000000000001 16.09,78.85000000000001 16.05))",2026-08-07 06:00:00,CWC/State reservoir anchor + synthetic prototype elevation-storage curve,SYNTHETIC_PROTOTYPE
R022,D022,Srisailam,Srisailam,Krishna,Andhra Pradesh,Nandyal,16.07,78.87,EPSG:4326,879.0,1110569.21,1.1106,557471132.56,1277645990.28,1111572849.3,166073140.97,872,873,883,881.04,886,886,884.5,12.53,14.81,-2.28,-0.139,127.76,7.0,4.55,"POLYGON((78.85000000000001 16.05,78.89 16.05,78.89 16.09,78.85000000000001 16.09,78.85000000000001 16.05))",2026-08-08 06:00:00,CWC/State reservoir anchor + synthetic prototype elevation-storage curve,SYNTHETIC_PROTOTYPE
R022,D022,Srisailam,Srisailam,Krishna,Andhra Pradesh,Nandyal,16.07,78.87,EPSG:4326,880.0,1189193.58,1.1892,648017341.76,1277645990.28,1111572849.3,166073140.97,872,873,883,880.83,886,886,884.5,13.7,15.46,-1.76,0.139,127.76,8.0,5.2,"POLYGON((78.85000000000001 16.05,78.89 16.05,78.89 16.09,78.85000000000001 16.09,78.85000000000001 16.05))",2026-08-09 06:00:00,CWC/State reservoir anchor + synthetic prototype elevation-storage curve,SYNTHETIC_PROTOTYPE
R022,D022,Srisailam,Srisailam,Krishna,Andhra Pradesh,Nandyal,16.07,78.87,EPSG:4326,881.0,1267817.94,1.2678,743219402.97,1277645990.28,1111572849.3,166073140.97,872,873,883,880.79,886,886,884.5,13.46,14.35,-0.89,-0.101,127.76,9.0,5.85,"POLYGON((78.85000000000001 16.05,78.89 16.05,78.89 16.09,78.85000000000001 16.09,78.85000000000001 16.05))",2026-08-10 06:00:00,CWC/State reservoir anchor + synthetic prototype elevation-storage curve,SYNTHETIC_PROTOTYPE
R022,D022,Srisailam,Srisailam,Krishna,Andhra Pradesh,Nandyal,16.07,78.87,EPSG:4326,882.0,1346442.31,1.3464,842688407.39,1277645990.28,1111572849.3,166073140.97,872,873,883,880.44,886,886,884.5,12.48,10.03,2.46,0.179,127.76,10.0,6.5,"POLYGON((78.85000000000001 16.05,78.89 16.05,78.89 16.09,78.85000000000001 16.09,78.85000000000001 16.05))",2026-08-11 06:00:00,CWC/State reservoir anchor + synthetic prototype elevation-storage curve,SYNTHETIC_PROTOTYPE
R022,D022,Srisailam,Srisailam,Krishna,Andhra Pradesh,Nandyal,16.07,78.87,EPSG:4326,883.0,1425066.68,1.4251,946108706.65,1277645990.28,1111572849.3,166073140.97,872,873,883,881.56,886,886,884.5,12.47,9.63,2.83,-0.068,127.76,11.0,7.15,"POLYGON((78.85000000000001 16.05,78.89 16.05,78.89 16.09,78.85000000000001 16.09,78.85000000000001 16.05))",2026-08-12 06:00:00,CWC/State reservoir anchor + synthetic prototype elevation-storage curve,SYNTHETIC_PROTOTYPE
R022,D022,Srisailam,Srisailam,Krishna,Andhra Pradesh,Nandyal,16.07,78.87,EPSG:4326,884.0,1503691.05,1.5037,1053217978.69,1277645990.28,1111572849.3,166073140.97,872,873,883,880.77,886,886,884.5,11.99,12.57,-0.58,-0.106,127.76,12.0,7.8,"POLYGON((78.85000000000001 16.05,78.89 16.05,78.89 16.09,78.85000000000001 16.09,78.85000000000001 16.05))",2026-08-13 06:00:00,CWC/State reservoir anchor + synthetic prototype elevation-storage curve,SYNTHETIC_PROTOTYPE
R022,D022,Srisailam,Srisailam,Krishna,Andhra Pradesh,Nandyal,16.07,78.87,EPSG:4326,885.0,1582315.42,1.5823,1163794080.34,1277645990.28,1111572849.3,166073140.97,872,873,883,881.74,886,886,884.5,13.28,12.02,1.26,0.027,127.76,13.0,8.45,"POLYGON((78.85000000000001 16.05,78.89 16.05,78.89 16.09,78.85000000000001 16.09,78.85000000000001 16.05))",2026-08-14 06:00:00,CWC/State reservoir anchor + synthetic prototype elevation-storage curve,SYNTHETIC_PROTOTYPE
R022,D022,Srisailam,Srisailam,Krishna,Andhra Pradesh,Nandyal,16.07,78.87,EPSG:4326,886.0,1660939.79,1.6609,1277645990.28,1277645990.28,1111572849.3,166073140.97,872,873,883,881.47,886,886,884.5,13.27,11.63,1.64,-0.014,127.76,14.0,9.1,"POLYGON((78.85000000000001 16.05,78.89 16.05,78.89 16.09,78.85000000000001 16.09,78.85000000000001 16.05))",2026-08-15 06:00:00,CWC/State reservoir anchor + synthetic prototype elevation-storage curve,SYNTHETIC_PROTOTYPE
R023,D023,Polavaram,Polavaram,Godavari,Andhra Pradesh,Eluru,17.27,81.65,EPSG:4326,33.0,2662824.19,2.6628,599795150.05,5325648378.48,4725853228.43,599795150.05,32,33,43,41.01,46,46,44.5,56.94,56.53,0.41,0.108,532.56,1.0,1.0,"POLYGON((81.63000000000001 17.25,81.67 17.25,81.67 17.29,81.63000000000001 17.29,81.63000000000001 17.25))",2026-08-02 06:00:00,CWC/State reservoir anchor + synthetic prototype elevation-storage curve,SYNTHETIC_PROTOTYPE
R023,D023,Polavaram,Polavaram,Godavari,Andhra Pradesh,Eluru,17.27,81.65,EPSG:4326,34.0,2990556.4,2.9906,747929816.5,5325648378.48,4725853228.43,599795150.05,32,33,43,41.47,46,46,44.5,55.64,65.36,-9.73,-0.09,532.56,2.0,1.3,"POLYGON((81.63000000000001 17.25,81.67 17.25,81.67 17.29,81.63000000000001 17.29,81.63000000000001 17.25))",2026-08-03 06:00:00,CWC/State reservoir anchor + synthetic prototype elevation-storage curve,SYNTHETIC_PROTOTYPE
R023,D023,Polavaram,Polavaram,Godavari,Andhra Pradesh,Eluru,17.27,81.65,EPSG:4326,35.0,3318288.61,3.3183,977408376.85,5325648378.48,4725853228.43,599795150.05,32,33,43,41.25,46,46,44.5,51.82,55.5,-3.68,0.21,532.56,3.0,1.95,"POLYGON((81.63000000000001 17.25,81.67 17.25,81.67 17.29,81.63000000000001 17.29,81.63000000000001 17.25))",2026-08-04 06:00:00,CWC/State reservoir anchor + synthetic prototype elevation-storage curve,SYNTHETIC_PROTOTYPE
R023,D023,Polavaram,Polavaram,Godavari,Andhra Pradesh,Eluru,17.27,81.65,EPSG:4326,36.0,3646020.81,3.646,1252580497.82,5325648378.48,4725853228.43,599795150.05,32,33,43,41.19,46,46,44.5,54.37,62.35,-7.98,0.025,532.56,4.0,2.6,"POLYGON((81.63000000000001 17.25,81.67 17.25,81.67 17.29,81.63000000000001 17.29,81.63000000000001 17.25))",2026-08-05 06:00:00,CWC/State reservoir anchor + synthetic prototype elevation-storage curve,SYNTHETIC_PROTOTYPE
R023,D023,Polavaram,Polavaram,Godavari,Andhra Pradesh,Eluru,17.27,81.65,EPSG:4326,37.0,3973753.02,3.9738,1562377052.51,5325648378.48,4725853228.43,599795150.05,32,33,43,40.94,46,46,44.5,49.3,41.14,8.16,0.239,532.56,5.0,3.25,"POLYGON((81.63000000000001 17.25,81.67 17.25,81.67 17.29,81.63000000000001 17.29,81.63000000000001 17.25))",2026-08-06 06:00:00,CWC/State reservoir anchor + synthetic prototype elevation-storage curve,SYNTHETIC_PROTOTYPE
R023,D023,Polavaram,Polavaram,Godavari,Andhra Pradesh,Eluru,17.27,81.65,EPSG:4326,38.0,4301485.23,4.3015,1900761938.25,5325648378.48,4725853228.43,599795150.05,32,33,43,41.07,46,46,44.5,51.0,59.77,-8.77,0.257,532.56,6.0,3.9,"POLYGON((81.63000000000001 17.25,81.67 17.25,81.67 17.29,81.63000000000001 17.29,81.63000000000001 17.25))",2026-08-07 06:00:00,CWC/State reservoir anchor + synthetic prototype elevation-storage curve,SYNTHETIC_PROTOTYPE
R023,D023,Polavaram,Polavaram,Godavari,Andhra Pradesh,Eluru,17.27,81.65,EPSG:4326,39.0,4629217.44,4.6292,2263824154.78,5325648378.48,4725853228.43,599795150.05,32,33,43,40.29,46,46,44.5,55.93,55.14,0.79,0.013,532.56,7.0,4.55,"POLYGON((81.63000000000001 17.25,81.67 17.25,81.67 17.29,81.63000000000001 17.29,81.63000000000001 17.25))",2026-08-08 06:00:00,CWC/State reservoir anchor + synthetic prototype elevation-storage curve,SYNTHETIC_PROTOTYPE
R023,D023,Polavaram,Polavaram,Godavari,Andhra Pradesh,Eluru,17.27,81.65,EPSG:4326,40.0,4956949.64,4.9569,2648781465.81,5325648378.48,4725853228.43,599795150.05,32,33,43,40.81,46,46,44.5,53.72,49.77,3.95,0.241,532.56,8.0,5.2,"POLYGON((81.63000000000001 17.25,81.67 17.25,81.67 17.29,81.63000000000001 17.29,81.63000000000001 17.25))",2026-08-09 06:00:00,CWC/State reservoir anchor + synthetic prototype elevation-storage curve,SYNTHETIC_PROTOTYPE
R023,D023,Polavaram,Polavaram,Godavari,Andhra Pradesh,Eluru,17.27,81.65,EPSG:4326,41.0,5284681.85,5.2847,3053533136.95,5325648378.48,4725853228.43,599795150.05,32,33,43,41.31,46,46,44.5,48.72,50.49,-1.77,0.028,532.56,9.0,5.85,"POLYGON((81.63000000000001 17.25,81.67 17.25,81.67 17.29,81.63000000000001 17.29,81.63000000000001 17.25))",2026-08-10 06:00:00,CWC/State reservoir anchor + synthetic prototype elevation-storage curve,SYNTHETIC_PROTOTYPE
R023,D023,Polavaram,Polavaram,Godavari,Andhra Pradesh,Eluru,17.27,81.65,EPSG:4326,42.0,5612414.06,5.6124,3476425721.94,5325648378.48,4725853228.43,599795150.05,32,33,43,41.28,46,46,44.5,55.49,55.05,0.44,-0.238,532.56,10.0,6.5,"POLYGON((81.63000000000001 17.25,81.67 17.25,81.67 17.29,81.63000000000001 17.29,81.63000000000001 17.25))",2026-08-11 06:00:00,CWC/State reservoir anchor + synthetic prototype elevation-storage curve,SYNTHETIC_PROTOTYPE
R023,D023,Polavaram,Polavaram,Godavari,Andhra Pradesh,Eluru,17.27,81.65,EPSG:4326,43.0,5940146.27,5.9401,3916117241.42,5325648378.48,4725853228.43,599795150.05,32,33,43,41.1,46,46,44.5,56.2,51.53,4.67,0.027,532.56,11.0,7.15,"POLYGON((81.63000000000001 17.25,81.67 17.25,81.67 17.29,81.63000000000001 17.29,81.63000000000001 17.25))",2026-08-12 06:00:00,CWC/State reservoir anchor + synthetic prototype elevation-storage curve,SYNTHETIC_PROTOTYPE
R023,D023,Polavaram,Polavaram,Godavari,Andhra Pradesh,Eluru,17.27,81.65,EPSG:4326,44.0,6267878.48,6.2679,4371492432.88,5325648378.48,4725853228.43,599795150.05,32,33,43,40.82,46,46,44.5,46.37,41.41,4.96,0.233,532.56,12.0,7.8,"POLYGON((81.63000000000001 17.25,81.67 17.25,81.67 17.29,81.63000000000001 17.29,81.63000000000001 17.25))",2026-08-13 06:00:00,CWC/State reservoir anchor + synthetic prototype elevation-storage curve,SYNTHETIC_PROTOTYPE
R023,D023,Polavaram,Polavaram,Godavari,Andhra Pradesh,Eluru,17.27,81.65,EPSG:4326,45.0,6595610.68,6.5956,4841606854.34,5325648378.48,4725853228.43,599795150.05,32,33,43,40.77,46,46,44.5,54.02,55.95,-1.93,0.215,532.56,13.0,8.45,"POLYGON((81.63000000000001 17.25,81.67 17.25,81.67 17.29,81.63000000000001 17.29,81.63000000000001 17.25))",2026-08-14 06:00:00,CWC/State reservoir anchor + synthetic prototype elevation-storage curve,SYNTHETIC_PROTOTYPE
R023,D023,Polavaram,Polavaram,Godavari,Andhra Pradesh,Eluru,17.27,81.65,EPSG:4326,46.0,6923342.89,6.9233,5325648378.48,5325648378.48,4725853228.43,599795150.05,32,33,43,41.63,46,46,44.5,58.07,58.3,-0.23,-0.243,532.56,14.0,9.1,"POLYGON((81.63000000000001 17.25,81.67 17.25,81.67 17.29,81.63000000000001 17.29,81.63000000000001 17.25))",2026-08-15 06:00:00,CWC/State reservoir anchor + synthetic prototype elevation-storage curve,SYNTHETIC_PROTOTYPE
R024,D024,Mullaperiyar,Mullaperiyar,Periyar,Kerala,Idukki,9.53,77.13,EPSG:4326,870.0,1340863.26,1.3409,347192348.69,2681726515.68,2334534167.0,347192348.69,869,870,880,877.64,883,883,881.5,27.78,33.26,-5.48,-0.148,268.17,1.0,1.0,"POLYGON((77.11 9.51,77.14999999999999 9.51,77.14999999999999 9.549999999999999,77.11 9.549999999999999,77.11 9.51))",2026-08-02 06:00:00,CWC/State reservoir anchor + synthetic prototype elevation-storage curve,SYNTHETIC_PROTOTYPE
R024,D024,Mullaperiyar,Mullaperiyar,Periyar,Kerala,Idukki,9.53,77.13,EPSG:4326,871.0,1505892.58,1.5059,420369703.85,2681726515.68,2334534167.0,347192348.69,869,870,880,878.47,883,883,881.5,28.61,23.14,5.47,0.042,268.17,2.0,1.3,"POLYGON((77.11 9.51,77.14999999999999 9.51,77.14999999999999 9.549999999999999,77.11 9.549999999999999,77.11 9.51))",2026-08-03 06:00:00,CWC/State reservoir anchor + synthetic prototype elevation-storage curve,SYNTHETIC_PROTOTYPE
R024,D024,Mullaperiyar,Mullaperiyar,Periyar,Kerala,Idukki,9.53,77.13,EPSG:4326,872.0,1670921.91,1.6709,533730300.09,2681726515.68,2334534167.0,347192348.69,869,870,880,877.66,883,883,881.5,28.0,29.81,-1.81,-0.114,268.17,3.0,1.95,"POLYGON((77.11 9.51,77.14999999999999 9.51,77.14999999999999 9.549999999999999,77.11 9.549999999999999,77.11 9.51))",2026-08-04 06:00:00,CWC/State reservoir anchor + synthetic prototype elevation-storage curve,SYNTHETIC_PROTOTYPE
R024,D024,Mullaperiyar,Mullaperiyar,Periyar,Kerala,Idukki,9.53,77.13,EPSG:4326,873.0,1835951.23,1.836,669663154.37,2681726515.68,2334534167.0,347192348.69,869,870,880,877.67,883,883,881.5,25.09,25.33,-0.25,-0.196,268.17,4.0,2.6,"POLYGON((77.11 9.51,77.14999999999999 9.51,77.14999999999999 9.549999999999999,77.11 9.549999999999999,77.11 9.51))",2026-08-05 06:00:00,CWC/State reservoir anchor + synthetic prototype elevation-storage curve,SYNTHETIC_PROTOTYPE
R024,D024,Mullaperiyar,Mullaperiyar,Periyar,Kerala,Idukki,9.53,77.13,EPSG:4326,874.0,2000980.55,2.001,822700205.41,2681726515.68,2334534167.0,347192348.69,869,870,880,878.59,883,883,881.5,25.12,23.15,1.97,-0.202,268.17,5.0,3.25,"POLYGON((77.11 9.51,77.14999999999999 9.51,77.14999999999999 9.549999999999999,77.11 9.549999999999999,77.11 9.51))",2026-08-06 06:00:00,CWC/State reservoir anchor + synthetic prototype elevation-storage curve,SYNTHETIC_PROTOTYPE
R024,D024,Mullaperiyar,Mullaperiyar,Periyar,Kerala,Idukki,9.53,77.13,EPSG:4326,875.0,2166009.88,2.166,989859666.18,2681726515.68,2334534167.0,347192348.69,869,870,880,877.55,883,883,881.5,24.62,25.35,-0.72,0.301,268.17,6.0,3.9,"POLYGON((77.11 9.51,77.14999999999999 9.51,77.14999999999999 9.549999999999999,77.11 9.549999999999999,77.11 9.51))",2026-08-07 06:00:00,CWC/State reservoir anchor + synthetic prototype elevation-storage curve,SYNTHETIC_PROTOTYPE
R024,D024,Mullaperiyar,Mullaperiyar,Periyar,Kerala,Idukki,9.53,77.13,EPSG:4326,876.0,2331039.2,2.331,1169209533.45,2681726515.68,2334534167.0,347192348.69,869,870,880,877.68,883,883,881.5,24.81,22.11,2.7,-0.033,268.17,7.0,4.55,"POLYGON((77.11 9.51,77.14999999999999 9.51,77.14999999999999 9.549999999999999,77.11 9.549999999999999,77.11 9.51))",2026-08-08 06:00:00,CWC/State reservoir anchor + synthetic prototype elevation-storage curve,SYNTHETIC_PROTOTYPE
R024,D024,Mullaperiyar,Mullaperiyar,Periyar,Kerala,Idukki,9.53,77.13,EPSG:4326,877.0,2496068.53,2.4961,1359375404.46,2681726515.68,2334534167.0,347192348.69,869,870,880,877.91,883,883,881.5,26.38,33.5,-7.12,-0.173,268.17,8.0,5.2,"POLYGON((77.11 9.51,77.14999999999999 9.51,77.14999999999999 9.549999999999999,77.11 9.549999999999999,77.11 9.51))",2026-08-09 06:00:00,CWC/State reservoir anchor + synthetic prototype elevation-storage curve,SYNTHETIC_PROTOTYPE
R024,D024,Mullaperiyar,Mullaperiyar,Periyar,Kerala,Idukki,9.53,77.13,EPSG:4326,878.0,2661097.85,2.6611,1559319533.0,2681726515.68,2334534167.0,347192348.69,869,870,880,878.28,883,883,881.5,25.05,26.4,-1.34,-0.206,268.17,9.0,5.85,"POLYGON((77.11 9.51,77.14999999999999 9.51,77.14999999999999 9.549999999999999,77.11 9.549999999999999,77.11 9.51))",2026-08-10 06:00:00,CWC/State reservoir anchor + synthetic prototype elevation-storage curve,SYNTHETIC_PROTOTYPE
R024,D024,Mullaperiyar,Mullaperiyar,Periyar,Kerala,Idukki,9.53,77.13,EPSG:4326,879.0,2826127.17,2.8261,1768225129.71,2681726515.68,2334534167.0,347192348.69,869,870,880,878.39,883,883,881.5,25.5,27.67,-2.17,-0.096,268.17,10.0,6.5,"POLYGON((77.11 9.51,77.14999999999999 9.51,77.14999999999999 9.549999999999999,77.11 9.549999999999999,77.11 9.51))",2026-08-11 06:00:00,CWC/State reservoir anchor + synthetic prototype elevation-storage curve,SYNTHETIC_PROTOTYPE
R024,D024,Mullaperiyar,Mullaperiyar,Periyar,Kerala,Idukki,9.53,77.13,EPSG:4326,880.0,2991156.5,2.9912,1985429267.37,2681726515.68,2334534167.0,347192348.69,869,870,880,877.58,883,883,881.5,27.65,30.12,-2.47,-0.047,268.17,11.0,7.15,"POLYGON((77.11 9.51,77.14999999999999 9.51,77.14999999999999 9.549999999999999,77.11 9.549999999999999,77.11 9.51))",2026-08-12 06:00:00,CWC/State reservoir anchor + synthetic prototype elevation-storage curve,SYNTHETIC_PROTOTYPE
R024,D024,Mullaperiyar,Mullaperiyar,Periyar,Kerala,Idukki,9.53,77.13,EPSG:4326,881.0,3156185.82,3.1562,2210381015.1,2681726515.68,2334534167.0,347192348.69,869,870,880,878.54,883,883,881.5,27.37,24.92,2.46,-0.042,268.17,12.0,7.8,"POLYGON((77.11 9.51,77.14999999999999 9.51,77.14999999999999 9.549999999999999,77.11 9.549999999999999,77.11 9.51))",2026-08-13 06:00:00,CWC/State reservoir anchor + synthetic prototype elevation-storage curve,SYNTHETIC_PROTOTYPE
R024,D024,Mullaperiyar,Mullaperiyar,Periyar,Kerala,Idukki,9.53,77.13,EPSG:4326,882.0,3321215.15,3.3212,2442613826.03,2681726515.68,2334534167.0,347192348.69,869,870,880,878.36,883,883,881.5,27.83,34.68,-6.86,0.392,268.17,13.0,8.45,"POLYGON((77.11 9.51,77.14999999999999 9.51,77.14999999999999 9.549999999999999,77.11 9.549999999999999,77.11 9.51))",2026-08-14 06:00:00,CWC/State reservoir anchor + synthetic prototype elevation-storage curve,SYNTHETIC_PROTOTYPE
R024,D024,Mullaperiyar,Mullaperiyar,Periyar,Kerala,Idukki,9.53,77.13,EPSG:4326,883.0,3486244.47,3.4862,2681726515.68,2681726515.68,2334534167.0,347192348.69,869,870,880,877.68,883,883,881.5,25.31,29.17,-3.86,0.147,268.17,14.0,9.1,"POLYGON((77.11 9.51,77.14999999999999 9.51,77.14999999999999 9.549999999999999,77.11 9.549999999999999,77.11 9.51))",2026-08-15 06:00:00,CWC/State reservoir anchor + synthetic prototype elevation-storage curve,SYNTHETIC_PROTOTYPE
R025,D025,Idukki,Idukki,Periyar,Kerala,Idukki,9.86,76.97,EPSG:4326,718.0,1744977.67,1.745,397102410.78,3489955337.6,3092852926.83,397102410.78,717,718,728,725.99,731,731,729.5,35.99,32.19,3.8,0.424,349.0,1.0,1.0,"POLYGON((76.95 9.84,76.99 9.84,76.99 9.879999999999999,76.95 9.879999999999999,76.95 9.84))",2026-08-02 06:00:00,CWC/State reservoir anchor + synthetic prototype elevation-storage curve,SYNTHETIC_PROTOTYPE
R025,D025,Idukki,Idukki,Periyar,Kerala,Idukki,9.86,76.97,EPSG:4326,719.0,1959744.15,1.9597,494049716.28,3489955337.6,3092852926.83,397102410.78,717,718,728,726.29,731,731,729.5,36.14,45.84,-9.7,0.22,349.0,2.0,1.3,"POLYGON((76.95 9.84,76.99 9.84,76.99 9.879999999999999,76.95 9.879999999999999,76.95 9.84))",2026-08-03 06:00:00,CWC/State reservoir anchor + synthetic prototype elevation-storage curve,SYNTHETIC_PROTOTYPE
R025,D025,Idukki,Idukki,Periyar,Kerala,Idukki,9.86,76.97,EPSG:4326,720.0,2174510.63,2.1745,644232847.81,3489955337.6,3092852926.83,397102410.78,717,718,728,726.01,731,731,729.5,37.67,46.26,-8.58,-0.18,349.0,3.0,1.95,"POLYGON((76.95 9.84,76.99 9.84,76.99 9.879999999999999,76.95 9.879999999999999,76.95 9.84))",2026-08-04 06:00:00,CWC/State reservoir anchor + synthetic prototype elevation-storage curve,SYNTHETIC_PROTOTYPE
R025,D025,Idukki,Idukki,Periyar,Kerala,Idukki,9.86,76.97,EPSG:4326,721.0,2389277.12,2.3893,824320306.86,3489955337.6,3092852926.83,397102410.78,717,718,728,725.34,731,731,729.5,34.59,23.24,11.35,0.014,349.0,4.0,2.6,"POLYGON((76.95 9.84,76.99 9.84,76.99 9.879999999999999,76.95 9.879999999999999,76.95 9.84))",2026-08-05 06:00:00,CWC/State reservoir anchor + synthetic prototype elevation-storage curve,SYNTHETIC_PROTOTYPE
R025,D025,Idukki,Idukki,Periyar,Kerala,Idukki,9.86,76.97,EPSG:4326,722.0,2604043.6,2.604,1027067860.49,3489955337.6,3092852926.83,397102410.78,717,718,728,726.48,731,731,729.5,33.17,32.35,0.82,0.29,349.0,5.0,3.25,"POLYGON((76.95 9.84,76.99 9.84,76.99 9.879999999999999,76.95 9.879999999999999,76.95 9.84))",2026-08-06 06:00:00,CWC/State reservoir anchor + synthetic prototype elevation-storage curve,SYNTHETIC_PROTOTYPE
R025,D025,Idukki,Idukki,Periyar,Kerala,Idukki,9.86,76.97,EPSG:4326,723.0,2818810.08,2.8188,1248525157.97,3489955337.6,3092852926.83,397102410.78,717,718,728,725.51,731,731,729.5,37.16,36.92,0.24,-0.117,349.0,6.0,3.9,"POLYGON((76.95 9.84,76.99 9.84,76.99 9.879999999999999,76.95 9.879999999999999,76.95 9.84))",2026-08-07 06:00:00,CWC/State reservoir anchor + synthetic prototype elevation-storage curve,SYNTHETIC_PROTOTYPE
R025,D025,Idukki,Idukki,Periyar,Kerala,Idukki,9.86,76.97,EPSG:4326,724.0,3033576.56,3.0336,1486132630.05,3489955337.6,3092852926.83,397102410.78,717,718,728,725.74,731,731,729.5,34.31,38.97,-4.66,-0.042,349.0,7.0,4.55,"POLYGON((76.95 9.84,76.99 9.84,76.99 9.879999999999999,76.95 9.879999999999999,76.95 9.84))",2026-08-08 06:00:00,CWC/State reservoir anchor + synthetic prototype elevation-storage curve,SYNTHETIC_PROTOTYPE
R025,D025,Idukki,Idukki,Periyar,Kerala,Idukki,9.86,76.97,EPSG:4326,725.0,3248343.05,3.2483,1738069431.43,3489955337.6,3092852926.83,397102410.78,717,718,728,726.75,731,731,729.5,32.59,33.17,-0.58,-0.113,349.0,8.0,5.2,"POLYGON((76.95 9.84,76.99 9.84,76.99 9.879999999999999,76.95 9.879999999999999,76.95 9.84))",2026-08-09 06:00:00,CWC/State reservoir anchor + synthetic prototype elevation-storage curve,SYNTHETIC_PROTOTYPE
R025,D025,Idukki,Idukki,Periyar,Kerala,Idukki,9.86,76.97,EPSG:4326,726.0,3463109.53,3.4631,2002960728.34,3489955337.6,3092852926.83,397102410.78,717,718,728,725.52,731,731,729.5,35.29,30.6,4.7,-0.185,349.0,9.0,5.85,"POLYGON((76.95 9.84,76.99 9.84,76.99 9.879999999999999,76.95 9.879999999999999,76.95 9.84))",2026-08-10 06:00:00,CWC/State reservoir anchor + synthetic prototype elevation-storage curve,SYNTHETIC_PROTOTYPE
R025,D025,Idukki,Idukki,Periyar,Kerala,Idukki,9.86,76.97,EPSG:4326,727.0,3677876.01,3.6779,2279724416.51,3489955337.6,3092852926.83,397102410.78,717,718,728,725.85,731,731,729.5,37.44,50.41,-12.98,-0.107,349.0,10.0,6.5,"POLYGON((76.95 9.84,76.99 9.84,76.99 9.879999999999999,76.95 9.879999999999999,76.95 9.84))",2026-08-11 06:00:00,CWC/State reservoir anchor + synthetic prototype elevation-storage curve,SYNTHETIC_PROTOTYPE
R025,D025,Idukki,Idukki,Periyar,Kerala,Idukki,9.86,76.97,EPSG:4326,728.0,3892642.49,3.8926,2567482232.33,3489955337.6,3092852926.83,397102410.78,717,718,728,726.09,731,731,729.5,36.13,34.35,1.78,0.044,349.0,11.0,7.15,"POLYGON((76.95 9.84,76.99 9.84,76.99 9.879999999999999,76.95 9.879999999999999,76.95 9.84))",2026-08-12 06:00:00,CWC/State reservoir anchor + synthetic prototype elevation-storage curve,SYNTHETIC_PROTOTYPE
R025,D025,Idukki,Idukki,Periyar,Kerala,Idukki,9.86,76.97,EPSG:4326,729.0,4107408.97,4.1074,2865504287.95,3489955337.6,3092852926.83,397102410.78,717,718,728,725.74,731,731,729.5,35.39,38.57,-3.19,-0.061,349.0,12.0,7.8,"POLYGON((76.95 9.84,76.99 9.84,76.99 9.879999999999999,76.95 9.879999999999999,76.95 9.84))",2026-08-13 06:00:00,CWC/State reservoir anchor + synthetic prototype elevation-storage curve,SYNTHETIC_PROTOTYPE
R025,D025,Idukki,Idukki,Periyar,Kerala,Idukki,9.86,76.97,EPSG:4326,730.0,4322175.46,4.3222,3173172489.67,3489955337.6,3092852926.83,397102410.78,717,718,728,725.94,731,731,729.5,31.9,29.76,2.13,-0.022,349.0,13.0,8.45,"POLYGON((76.95 9.84,76.99 9.84,76.99 9.879999999999999,76.95 9.879999999999999,76.95 9.84))",2026-08-14 06:00:00,CWC/State reservoir anchor + synthetic prototype elevation-storage curve,SYNTHETIC_PROTOTYPE
R025,D025,Idukki,Idukki,Periyar,Kerala,Idukki,9.86,76.97,EPSG:4326,731.0,4536941.94,4.5369,3489955337.6,3489955337.6,3092852926.83,397102410.78,717,718,728,726.45,731,731,729.5,33.23,33.73,-0.5,-0.213,349.0,14.0,9.1,"POLYGON((76.95 9.84,76.99 9.84,76.99 9.879999999999999,76.95 9.879999999999999,76.95 9.84))",2026-08-15 06:00:00,CWC/State reservoir anchor + synthetic prototype elevation-storage curve,SYNTHETIC_PROTOTYPE
R026,D026,Kakki,Kakki,Pamba,Kerala,Pathanamthitta,9.37,76.92,EPSG:4326,968.0,1792510.63,1.7925,450708122.33,3585021261.15,3134313138.82,450708122.33,967,968,978,976.48,981,981,979.5,37.19,46.51,-9.32,-0.052,358.5,1.0,1.0,"POLYGON((76.9 9.35,76.94 9.35,76.94 9.389999999999999,76.9 9.389999999999999,76.9 9.35))",2026-08-02 06:00:00,CWC/State reservoir anchor + synthetic prototype elevation-storage curve,SYNTHETIC_PROTOTYPE
R026,D026,Kakki,Kakki,Pamba,Kerala,Pathanamthitta,9.37,76.92,EPSG:4326,969.0,2013127.32,2.0131,548955022.71,3585021261.15,3134313138.82,450708122.33,967,968,978,975.36,981,981,979.5,38.48,29.97,8.5,-0.098,358.5,2.0,1.3,"POLYGON((76.9 9.35,76.94 9.35,76.94 9.389999999999999,76.9 9.389999999999999,76.9 9.35))",2026-08-03 06:00:00,CWC/State reservoir anchor + synthetic prototype elevation-storage curve,SYNTHETIC_PROTOTYPE
R026,D026,Kakki,Kakki,Pamba,Kerala,Pathanamthitta,9.37,76.92,EPSG:4326,970.0,2233744.02,2.2337,701151384.3,3585021261.15,3134313138.82,450708122.33,967,968,978,976.39,981,981,979.5,30.87,43.34,-12.47,-0.155,358.5,3.0,1.95,"POLYGON((76.9 9.35,76.94 9.35,76.94 9.389999999999999,76.9 9.389999999999999,76.9 9.35))",2026-08-04 06:00:00,CWC/State reservoir anchor + synthetic prototype elevation-storage curve,SYNTHETIC_PROTOTYPE
R026,D026,Kakki,Kakki,Pamba,Kerala,Pathanamthitta,9.37,76.92,EPSG:4326,971.0,2454360.71,2.4544,883652945.93,3585021261.15,3134313138.82,450708122.33,967,968,978,975.83,981,981,979.5,36.15,35.01,1.15,-0.222,358.5,4.0,2.6,"POLYGON((76.9 9.35,76.94 9.35,76.94 9.389999999999999,76.9 9.389999999999999,76.9 9.35))",2026-08-05 06:00:00,CWC/State reservoir anchor + synthetic prototype elevation-storage curve,SYNTHETIC_PROTOTYPE
R026,D026,Kakki,Kakki,Pamba,Kerala,Pathanamthitta,9.37,76.92,EPSG:4326,972.0,2674977.4,2.675,1089118364.51,3585021261.15,3134313138.82,450708122.33,967,968,978,976.43,981,981,979.5,34.63,37.04,-2.41,0.18,358.5,5.0,3.25,"POLYGON((76.9 9.35,76.94 9.35,76.94 9.389999999999999,76.9 9.389999999999999,76.9 9.35))",2026-08-06 06:00:00,CWC/State reservoir anchor + synthetic prototype elevation-storage curve,SYNTHETIC_PROTOTYPE
R026,D026,Kakki,Kakki,Pamba,Kerala,Pathanamthitta,9.37,76.92,EPSG:4326,973.0,2895594.1,2.8956,1313544334.19,3585021261.15,3134313138.82,450708122.33,967,968,978,976.28,981,981,979.5,35.99,48.49,-12.5,0.039,358.5,6.0,3.9,"POLYGON((76.9 9.35,76.94 9.35,76.94 9.389999999999999,76.9 9.389999999999999,76.9 9.35))",2026-08-07 06:00:00,CWC/State reservoir anchor + synthetic prototype elevation-storage curve,SYNTHETIC_PROTOTYPE
R026,D026,Kakki,Kakki,Pamba,Kerala,Pathanamthitta,9.37,76.92,EPSG:4326,974.0,3116210.79,3.1162,1554336974.26,3585021261.15,3134313138.82,450708122.33,967,968,978,975.49,981,981,979.5,32.42,26.29,6.13,-0.141,358.5,7.0,4.55,"POLYGON((76.9 9.35,76.94 9.35,76.94 9.389999999999999,76.9 9.389999999999999,76.9 9.35))",2026-08-08 06:00:00,CWC/State reservoir anchor + synthetic prototype elevation-storage curve,SYNTHETIC_PROTOTYPE
R026,D026,Kakki,Kakki,Pamba,Kerala,Pathanamthitta,9.37,76.92,EPSG:4326,975.0,3336827.48,3.3368,1809651030.7,3585021261.15,3134313138.82,450708122.33,967,968,978,976.79,981,981,979.5,36.8,36.47,0.33,-0.052,358.5,8.0,5.2,"POLYGON((76.9 9.35,76.94 9.35,76.94 9.389999999999999,76.9 9.389999999999999,76.9 9.35))",2026-08-09 06:00:00,CWC/State reservoir anchor + synthetic prototype elevation-storage curve,SYNTHETIC_PROTOTYPE
R026,D026,Kakki,Kakki,Pamba,Kerala,Pathanamthitta,9.37,76.92,EPSG:4326,976.0,3557444.17,3.5574,2078093239.85,3585021261.15,3134313138.82,450708122.33,967,968,978,976.48,981,981,979.5,34.93,32.4,2.53,0.098,358.5,9.0,5.85,"POLYGON((76.9 9.35,76.94 9.35,76.94 9.389999999999999,76.9 9.389999999999999,76.9 9.35))",2026-08-10 06:00:00,CWC/State reservoir anchor + synthetic prototype elevation-storage curve,SYNTHETIC_PROTOTYPE
R026,D026,Kakki,Kakki,Pamba,Kerala,Pathanamthitta,9.37,76.92,EPSG:4326,977.0,3778060.87,3.7781,2358566991.66,3585021261.15,3134313138.82,450708122.33,967,968,978,975.77,981,981,979.5,34.82,30.12,4.7,-0.015,358.5,10.0,6.5,"POLYGON((76.9 9.35,76.94 9.35,76.94 9.389999999999999,76.9 9.389999999999999,76.9 9.35))",2026-08-11 06:00:00,CWC/State reservoir anchor + synthetic prototype elevation-storage curve,SYNTHETIC_PROTOTYPE
R026,D026,Kakki,Kakki,Pamba,Kerala,Pathanamthitta,9.37,76.92,EPSG:4326,978.0,3998677.56,3.9987,2650182249.25,3585021261.15,3134313138.82,450708122.33,967,968,978,975.51,981,981,979.5,37.69,52.36,-14.67,-0.005,358.5,11.0,7.15,"POLYGON((76.9 9.35,76.94 9.35,76.94 9.389999999999999,76.9 9.389999999999999,76.9 9.35))",2026-08-12 06:00:00,CWC/State reservoir anchor + synthetic prototype elevation-storage curve,SYNTHETIC_PROTOTYPE
R026,D026,Kakki,Kakki,Pamba,Kerala,Pathanamthitta,9.37,76.92,EPSG:4326,979.0,4219294.25,4.2193,2952199340.49,3585021261.15,3134313138.82,450708122.33,967,968,978,976.2,981,981,979.5,35.54,31.03,4.51,0.226,358.5,12.0,7.8,"POLYGON((76.9 9.35,76.94 9.35,76.94 9.389999999999999,76.9 9.389999999999999,76.9 9.35))",2026-08-13 06:00:00,CWC/State reservoir anchor + synthetic prototype elevation-storage curve,SYNTHETIC_PROTOTYPE
R026,D026,Kakki,Kakki,Pamba,Kerala,Pathanamthitta,9.37,76.92,EPSG:4326,980.0,4439910.95,4.4399,3263991886.02,3585021261.15,3134313138.82,450708122.33,967,968,978,976.47,981,981,979.5,34.22,29.1,5.12,-0.064,358.5,13.0,8.45,"POLYGON((76.9 9.35,76.94 9.35,76.94 9.389999999999999,76.9 9.389999999999999,76.9 9.35))",2026-08-14 06:00:00,CWC/State reservoir anchor + synthetic prototype elevation-storage curve,SYNTHETIC_PROTOTYPE
R026,D026,Kakki,Kakki,Pamba,Kerala,Pathanamthitta,9.37,76.92,EPSG:4326,981.0,4660527.64,4.6605,3585021261.15,3585021261.15,3134313138.82,450708122.33,967,968,978,976.22,981,981,979.5,37.18,35.0,2.18,-0.183,358.5,14.0,9.1,"POLYGON((76.9 9.35,76.94 9.35,76.94 9.389999999999999,76.9 9.389999999999999,76.9 9.35))",2026-08-15 06:00:00,CWC/State reservoir anchor + synthetic prototype elevation-storage curve,SYNTHETIC_PROTOTYPE
R027,D027,Malampuzha,Malampuzha,Malampuzha,Kerala,Palakkad,10.83,76.69,EPSG:4326,103.0,1574397.19,1.5744,311153653.09,3148794373.93,2837640720.84,311153653.09,102,103,113,111.35,116,116,114.5,34.3,38.38,-4.08,-0.037,314.88,1.0,1.0,"POLYGON((76.67 10.81,76.71 10.81,76.71 10.85,76.67 10.85,76.67 10.81))",2026-08-02 06:00:00,CWC/State reservoir anchor + synthetic prototype elevation-storage curve,SYNTHETIC_PROTOTYPE
R027,D027,Malampuzha,Malampuzha,Malampuzha,Kerala,Palakkad,10.83,76.69,EPSG:4326,104.0,1768169.15,1.7682,400101180.95,3148794373.93,2837640720.84,311153653.09,102,103,113,110.3,116,116,114.5,32.62,45.91,-13.29,0.176,314.88,2.0,1.3,"POLYGON((76.67 10.81,76.71 10.81,76.71 10.85,76.67 10.85,76.67 10.81))",2026-08-03 06:00:00,CWC/State reservoir anchor + synthetic prototype elevation-storage curve,SYNTHETIC_PROTOTYPE
R027,D027,Malampuzha,Malampuzha,Malampuzha,Kerala,Palakkad,10.83,76.69,EPSG:4326,105.0,1961941.11,1.9619,537891686.9,3148794373.93,2837640720.84,311153653.09,102,103,113,110.71,116,116,114.5,34.16,36.31,-2.15,0.192,314.88,3.0,1.95,"POLYGON((76.67 10.81,76.71 10.81,76.71 10.85,76.67 10.85,76.67 10.81))",2026-08-04 06:00:00,CWC/State reservoir anchor + synthetic prototype elevation-storage curve,SYNTHETIC_PROTOTYPE
R027,D027,Malampuzha,Malampuzha,Malampuzha,Kerala,Palakkad,10.83,76.69,EPSG:4326,106.0,2155713.07,2.1557,703118912.12,3148794373.93,2837640720.84,311153653.09,102,103,113,110.37,116,116,114.5,30.43,32.37,-1.94,-0.104,314.88,4.0,2.6,"POLYGON((76.67 10.81,76.71 10.81,76.71 10.85,76.67 10.85,76.67 10.81))",2026-08-05 06:00:00,CWC/State reservoir anchor + synthetic prototype elevation-storage curve,SYNTHETIC_PROTOTYPE
R027,D027,Malampuzha,Malampuzha,Malampuzha,Kerala,Palakkad,10.83,76.69,EPSG:4326,107.0,2349485.03,2.3495,889136394.31,3148794373.93,2837640720.84,311153653.09,102,103,113,110.63,116,116,114.5,30.49,29.81,0.68,0.069,314.88,5.0,3.25,"POLYGON((76.67 10.81,76.71 10.81,76.71 10.85,76.67 10.85,76.67 10.81))",2026-08-06 06:00:00,CWC/State reservoir anchor + synthetic prototype elevation-storage curve,SYNTHETIC_PROTOTYPE
R027,D027,Malampuzha,Malampuzha,Malampuzha,Kerala,Palakkad,10.83,76.69,EPSG:4326,108.0,2543256.99,2.5433,1092319752.89,3148794373.93,2837640720.84,311153653.09,102,103,113,111.52,116,116,114.5,29.2,38.33,-9.13,0.112,314.88,6.0,3.9,"POLYGON((76.67 10.81,76.71 10.81,76.71 10.85,76.67 10.85,76.67 10.81))",2026-08-07 06:00:00,CWC/State reservoir anchor + synthetic prototype elevation-storage curve,SYNTHETIC_PROTOTYPE
R027,D027,Malampuzha,Malampuzha,Malampuzha,Kerala,Palakkad,10.83,76.69,EPSG:4326,109.0,2737028.96,2.737,1310320625.96,3148794373.93,2837640720.84,311153653.09,102,103,113,110.68,116,116,114.5,30.91,30.48,0.43,0.063,314.88,7.0,4.55,"POLYGON((76.67 10.81,76.71 10.81,76.71 10.85,76.67 10.85,76.67 10.81))",2026-08-08 06:00:00,CWC/State reservoir anchor + synthetic prototype elevation-storage curve,SYNTHETIC_PROTOTYPE
R027,D027,Malampuzha,Malampuzha,Malampuzha,Kerala,Palakkad,10.83,76.69,EPSG:4326,110.0,2930800.92,2.9308,1541468418.49,3148794373.93,2837640720.84,311153653.09,102,103,113,111.58,116,116,114.5,28.78,32.16,-3.38,-0.284,314.88,8.0,5.2,"POLYGON((76.67 10.81,76.71 10.81,76.71 10.85,76.67 10.85,76.67 10.81))",2026-08-09 06:00:00,CWC/State reservoir anchor + synthetic prototype elevation-storage curve,SYNTHETIC_PROTOTYPE
R027,D027,Malampuzha,Malampuzha,Malampuzha,Kerala,Palakkad,10.83,76.69,EPSG:4326,111.0,3124572.88,3.1246,1784501743.55,3148794373.93,2837640720.84,311153653.09,102,103,113,110.62,116,116,114.5,33.09,34.97,-1.88,0.211,314.88,9.0,5.85,"POLYGON((76.67 10.81,76.71 10.81,76.71 10.85,76.67 10.85,76.67 10.81))",2026-08-10 06:00:00,CWC/State reservoir anchor + synthetic prototype elevation-storage curve,SYNTHETIC_PROTOTYPE
R027,D027,Malampuzha,Malampuzha,Malampuzha,Kerala,Palakkad,10.83,76.69,EPSG:4326,112.0,3318344.84,3.3183,2038427788.59,3148794373.93,2837640720.84,311153653.09,102,103,113,111.53,116,116,114.5,29.58,30.34,-0.76,-0.03,314.88,10.0,6.5,"POLYGON((76.67 10.81,76.71 10.81,76.71 10.85,76.67 10.85,76.67 10.81))",2026-08-11 06:00:00,CWC/State reservoir anchor + synthetic prototype elevation-storage curve,SYNTHETIC_PROTOTYPE
R027,D027,Malampuzha,Malampuzha,Malampuzha,Kerala,Palakkad,10.83,76.69,EPSG:4326,113.0,3512116.8,3.5121,2302440761.48,3148794373.93,2837640720.84,311153653.09,102,103,113,110.94,116,116,114.5,30.81,31.37,-0.55,0.238,314.88,11.0,7.15,"POLYGON((76.67 10.81,76.71 10.81,76.71 10.85,76.67 10.85,76.67 10.81))",2026-08-12 06:00:00,CWC/State reservoir anchor + synthetic prototype elevation-storage curve,SYNTHETIC_PROTOTYPE
R027,D027,Malampuzha,Malampuzha,Malampuzha,Kerala,Palakkad,10.83,76.69,EPSG:4326,114.0,3705888.76,3.7059,2575871002.34,3148794373.93,2837640720.84,311153653.09,102,103,113,111.37,116,116,114.5,30.02,34.15,-4.13,0.103,314.88,12.0,7.8,"POLYGON((76.67 10.81,76.71 10.81,76.71 10.85,76.67 10.85,76.67 10.81))",2026-08-13 06:00:00,CWC/State reservoir anchor + synthetic prototype elevation-storage curve,SYNTHETIC_PROTOTYPE
R027,D027,Malampuzha,Malampuzha,Malampuzha,Kerala,Palakkad,10.83,76.69,EPSG:4326,115.0,3899660.72,3.8997,2858151420.57,3148794373.93,2837640720.84,311153653.09,102,103,113,110.2,116,116,114.5,31.32,18.68,12.63,-0.165,314.88,13.0,8.45,"POLYGON((76.67 10.81,76.71 10.81,76.71 10.85,76.67 10.85,76.67 10.81))",2026-08-14 06:00:00,CWC/State reservoir anchor + synthetic prototype elevation-storage curve,SYNTHETIC_PROTOTYPE
R027,D027,Malampuzha,Malampuzha,Malampuzha,Kerala,Palakkad,10.83,76.69,EPSG:4326,116.0,4093432.69,4.0934,3148794373.93,3148794373.93,2837640720.84,311153653.09,102,103,113,110.7,116,116,114.5,30.77,38.19,-7.42,-0.163,314.88,14.0,9.1,"POLYGON((76.67 10.81,76.71 10.81,76.71 10.85,76.67 10.85,76.67 10.81))",2026-08-15 06:00:00,CWC/State reservoir anchor + synthetic prototype elevation-storage curve,SYNTHETIC_PROTOTYPE
R028,D028,Maithon,Maithon,Barakar,Jharkhand,Dhanbad,23.82,86.77,EPSG:4326,138.0,2282362.65,2.2824,367782964.4,4564725306.23,4196942341.83,367782964.4,137,138,148,146.57,151,151,149.5,49.26,51.56,-2.3,-0.01,456.47,1.0,1.0,"POLYGON((86.75 23.8,86.78999999999999 23.8,86.78999999999999 23.84,86.75 23.84,86.75 23.8))",2026-08-02 06:00:00,CWC/State reservoir anchor + synthetic prototype elevation-storage curve,SYNTHETIC_PROTOTYPE
R028,D028,Maithon,Maithon,Barakar,Jharkhand,Dhanbad,23.82,86.77,EPSG:4326,139.0,2563268.83,2.5633,499338606.07,4564725306.23,4196942341.83,367782964.4,137,138,148,146.6,151,151,149.5,48.53,55.13,-6.6,0.008,456.47,2.0,1.3,"POLYGON((86.75 23.8,86.78999999999999 23.8,86.78999999999999 23.84,86.75 23.84,86.75 23.8))",2026-08-03 06:00:00,CWC/State reservoir anchor + synthetic prototype elevation-storage curve,SYNTHETIC_PROTOTYPE
R028,D028,Maithon,Maithon,Barakar,Jharkhand,Dhanbad,23.82,86.77,EPSG:4326,140.0,2844175.0,2.8442,703134246.76,4564725306.23,4196942341.83,367782964.4,137,138,148,145.55,151,151,149.5,45.38,41.55,3.83,0.001,456.47,3.0,1.95,"POLYGON((86.75 23.8,86.78999999999999 23.8,86.78999999999999 23.84,86.75 23.84,86.75 23.8))",2026-08-04 06:00:00,CWC/State reservoir anchor + synthetic prototype elevation-storage curve,SYNTHETIC_PROTOTYPE
R028,D028,Maithon,Maithon,Barakar,Jharkhand,Dhanbad,23.82,86.77,EPSG:4326,141.0,3125081.17,3.1251,947509488.64,4564725306.23,4196942341.83,367782964.4,137,138,148,145.92,151,151,149.5,42.99,39.97,3.02,0.099,456.47,4.0,2.6,"POLYGON((86.75 23.8,86.78999999999999 23.8,86.78999999999999 23.84,86.75 23.84,86.75 23.8))",2026-08-05 06:00:00,CWC/State reservoir anchor + synthetic prototype elevation-storage curve,SYNTHETIC_PROTOTYPE
R028,D028,Maithon,Maithon,Barakar,Jharkhand,Dhanbad,23.82,86.77,EPSG:4326,142.0,3405987.34,3.406,1222634046.03,4564725306.23,4196942341.83,367782964.4,137,138,148,145.8,151,151,149.5,45.33,40.9,4.43,-0.258,456.47,5.0,3.25,"POLYGON((86.75 23.8,86.78999999999999 23.8,86.78999999999999 23.84,86.75 23.84,86.75 23.8))",2026-08-06 06:00:00,CWC/State reservoir anchor + synthetic prototype elevation-storage curve,SYNTHETIC_PROTOTYPE
R028,D028,Maithon,Maithon,Barakar,Jharkhand,Dhanbad,23.82,86.77,EPSG:4326,143.0,3686893.52,3.6869,1523147368.41,4564725306.23,4196942341.83,367782964.4,137,138,148,146.47,151,151,149.5,42.59,47.61,-5.02,0.058,456.47,6.0,3.9,"POLYGON((86.75 23.8,86.78999999999999 23.8,86.78999999999999 23.84,86.75 23.84,86.75 23.8))",2026-08-07 06:00:00,CWC/State reservoir anchor + synthetic prototype elevation-storage curve,SYNTHETIC_PROTOTYPE
R028,D028,Maithon,Maithon,Barakar,Jharkhand,Dhanbad,23.82,86.77,EPSG:4326,144.0,3967799.69,3.9678,1845576169.23,4564725306.23,4196942341.83,367782964.4,137,138,148,146.4,151,151,149.5,48.51,53.06,-4.56,0.328,456.47,7.0,4.55,"POLYGON((86.75 23.8,86.78999999999999 23.8,86.78999999999999 23.84,86.75 23.84,86.75 23.8))",2026-08-08 06:00:00,CWC/State reservoir anchor + synthetic prototype elevation-storage curve,SYNTHETIC_PROTOTYPE
R028,D028,Maithon,Maithon,Barakar,Jharkhand,Dhanbad,23.82,86.77,EPSG:4326,145.0,4248705.86,4.2487,2187449596.18,4564725306.23,4196942341.83,367782964.4,137,138,148,146.35,151,151,149.5,47.21,44.78,2.43,0.063,456.47,8.0,5.2,"POLYGON((86.75 23.8,86.78999999999999 23.8,86.78999999999999 23.84,86.75 23.84,86.75 23.8))",2026-08-09 06:00:00,CWC/State reservoir anchor + synthetic prototype elevation-storage curve,SYNTHETIC_PROTOTYPE
R028,D028,Maithon,Maithon,Barakar,Jharkhand,Dhanbad,23.82,86.77,EPSG:4326,146.0,4529612.03,4.5296,2546902026.12,4564725306.23,4196942341.83,367782964.4,137,138,148,145.61,151,151,149.5,43.64,44.11,-0.47,-0.303,456.47,9.0,5.85,"POLYGON((86.75 23.8,86.78999999999999 23.8,86.78999999999999 23.84,86.75 23.84,86.75 23.8))",2026-08-10 06:00:00,CWC/State reservoir anchor + synthetic prototype elevation-storage curve,SYNTHETIC_PROTOTYPE
R028,D028,Maithon,Maithon,Barakar,Jharkhand,Dhanbad,23.82,86.77,EPSG:4326,147.0,4810518.21,4.8105,2922465064.21,4564725306.23,4196942341.83,367782964.4,137,138,148,146.25,151,151,149.5,45.24,43.37,1.87,-0.254,456.47,10.0,6.5,"POLYGON((86.75 23.8,86.78999999999999 23.8,86.78999999999999 23.84,86.75 23.84,86.75 23.8))",2026-08-11 06:00:00,CWC/State reservoir anchor + synthetic prototype elevation-storage curve,SYNTHETIC_PROTOTYPE
R028,D028,Maithon,Maithon,Barakar,Jharkhand,Dhanbad,23.82,86.77,EPSG:4326,148.0,5091424.38,5.0914,3312946923.51,4564725306.23,4196942341.83,367782964.4,137,138,148,146.23,151,151,149.5,44.81,44.55,0.26,-0.175,456.47,11.0,7.15,"POLYGON((86.75 23.8,86.78999999999999 23.8,86.78999999999999 23.84,86.75 23.84,86.75 23.8))",2026-08-12 06:00:00,CWC/State reservoir anchor + synthetic prototype elevation-storage curve,SYNTHETIC_PROTOTYPE
R028,D028,Maithon,Maithon,Barakar,Jharkhand,Dhanbad,23.82,86.77,EPSG:4326,149.0,5372330.55,5.3723,3717357160.15,4564725306.23,4196942341.83,367782964.4,137,138,148,145.63,151,151,149.5,47.13,38.81,8.32,0.201,456.47,12.0,7.8,"POLYGON((86.75 23.8,86.78999999999999 23.8,86.78999999999999 23.84,86.75 23.84,86.75 23.8))",2026-08-13 06:00:00,CWC/State reservoir anchor + synthetic prototype elevation-storage curve,SYNTHETIC_PROTOTYPE
R028,D028,Maithon,Maithon,Barakar,Jharkhand,Dhanbad,23.82,86.77,EPSG:4326,150.0,5653236.73,5.6532,4134857032.78,4564725306.23,4196942341.83,367782964.4,137,138,148,145.75,151,151,149.5,44.02,40.72,3.3,-0.059,456.47,13.0,8.45,"POLYGON((86.75 23.8,86.78999999999999 23.8,86.78999999999999 23.84,86.75 23.84,86.75 23.8))",2026-08-14 06:00:00,CWC/State reservoir anchor + synthetic prototype elevation-storage curve,SYNTHETIC_PROTOTYPE
R028,D028,Maithon,Maithon,Barakar,Jharkhand,Dhanbad,23.82,86.77,EPSG:4326,151.0,5934142.9,5.9341,4564725306.23,4564725306.23,4196942341.83,367782964.4,137,138,148,145.59,151,151,149.5,44.95,46.4,-1.45,-0.34,456.47,14.0,9.1,"POLYGON((86.75 23.8,86.78999999999999 23.8,86.78999999999999 23.84,86.75 23.84,86.75 23.8))",2026-08-15 06:00:00,CWC/State reservoir anchor + synthetic prototype elevation-storage curve,SYNTHETIC_PROTOTYPE
R029,D029,Panchet,Panchet,Damodar,Jharkhand,Dhanbad,23.65,86.75,EPSG:4326,128.0,2310054.76,2.3101,703165659.38,4620109518.4,3916943859.02,703165659.38,127,128,138,136.12,141,141,139.5,43.63,38.15,5.47,0.046,462.01,1.0,1.0,"POLYGON((86.73 23.63,86.77 23.63,86.77 23.669999999999998,86.73 23.669999999999998,86.73 23.63))",2026-08-02 06:00:00,CWC/State reservoir anchor + synthetic prototype elevation-storage curve,SYNTHETIC_PROTOTYPE
R029,D029,Panchet,Panchet,Damodar,Jharkhand,Dhanbad,23.65,86.75,EPSG:4326,129.0,2594369.19,2.5944,825944582.89,4620109518.4,3916943859.02,703165659.38,127,128,138,136.03,141,141,139.5,44.09,44.88,-0.79,-0.112,462.01,2.0,1.3,"POLYGON((86.73 23.63,86.77 23.63,86.77 23.669999999999998,86.73 23.669999999999998,86.73 23.63))",2026-08-03 06:00:00,CWC/State reservoir anchor + synthetic prototype elevation-storage curve,SYNTHETIC_PROTOTYPE
R029,D029,Panchet,Panchet,Damodar,Jharkhand,Dhanbad,23.65,86.75,EPSG:4326,130.0,2878683.62,2.8787,1016144022.93,4620109518.4,3916943859.02,703165659.38,127,128,138,136.45,141,141,139.5,46.51,57.55,-11.04,-0.098,462.01,3.0,1.95,"POLYGON((86.73 23.63,86.77 23.63,86.77 23.669999999999998,86.73 23.669999999999998,86.73 23.63))",2026-08-04 06:00:00,CWC/State reservoir anchor + synthetic prototype elevation-storage curve,SYNTHETIC_PROTOTYPE
R029,D029,Panchet,Panchet,Damodar,Jharkhand,Dhanbad,23.65,86.75,EPSG:4326,131.0,3162998.05,3.163,1244215801.15,4620109518.4,3916943859.02,703165659.38,127,128,138,135.22,141,141,139.5,46.05,39.93,6.12,0.132,462.01,4.0,2.6,"POLYGON((86.73 23.63,86.77 23.63,86.77 23.669999999999998,86.73 23.669999999999998,86.73 23.63))",2026-08-05 06:00:00,CWC/State reservoir anchor + synthetic prototype elevation-storage curve,SYNTHETIC_PROTOTYPE
R029,D029,Panchet,Panchet,Damodar,Jharkhand,Dhanbad,23.65,86.75,EPSG:4326,132.0,3447312.49,3.4473,1500985458.14,4620109518.4,3916943859.02,703165659.38,127,128,138,135.77,141,141,139.5,44.27,42.92,1.35,-0.076,462.01,5.0,3.25,"POLYGON((86.73 23.63,86.77 23.63,86.77 23.669999999999998,86.73 23.669999999999998,86.73 23.63))",2026-08-06 06:00:00,CWC/State reservoir anchor + synthetic prototype elevation-storage curve,SYNTHETIC_PROTOTYPE
R029,D029,Panchet,Panchet,Damodar,Jharkhand,Dhanbad,23.65,86.75,EPSG:4326,133.0,3731626.92,3.7316,1781450071.85,4620109518.4,3916943859.02,703165659.38,127,128,138,135.5,141,141,139.5,46.64,39.74,6.9,-0.079,462.01,6.0,3.9,"POLYGON((86.73 23.63,86.77 23.63,86.77 23.669999999999998,86.73 23.669999999999998,86.73 23.63))",2026-08-07 06:00:00,CWC/State reservoir anchor + synthetic prototype elevation-storage curve,SYNTHETIC_PROTOTYPE
R029,D029,Panchet,Panchet,Damodar,Jharkhand,Dhanbad,23.65,86.75,EPSG:4326,134.0,4015941.35,4.0159,2082368075.59,4620109518.4,3916943859.02,703165659.38,127,128,138,136.26,141,141,139.5,51.23,48.3,2.92,-0.084,462.01,7.0,4.55,"POLYGON((86.73 23.63,86.77 23.63,86.77 23.669999999999998,86.73 23.669999999999998,86.73 23.63))",2026-08-08 06:00:00,CWC/State reservoir anchor + synthetic prototype elevation-storage curve,SYNTHETIC_PROTOTYPE
R029,D029,Panchet,Panchet,Damodar,Jharkhand,Dhanbad,23.65,86.75,EPSG:4326,135.0,4300255.78,4.3003,2401433459.68,4620109518.4,3916943859.02,703165659.38,127,128,138,135.23,141,141,139.5,45.82,50.08,-4.26,0.309,462.01,8.0,5.2,"POLYGON((86.73 23.63,86.77 23.63,86.77 23.669999999999998,86.73 23.669999999999998,86.73 23.63))",2026-08-09 06:00:00,CWC/State reservoir anchor + synthetic prototype elevation-storage curve,SYNTHETIC_PROTOTYPE
R029,D029,Panchet,Panchet,Damodar,Jharkhand,Dhanbad,23.65,86.75,EPSG:4326,136.0,4584570.21,4.5846,2736905065.76,4620109518.4,3916943859.02,703165659.38,127,128,138,135.82,141,141,139.5,46.69,56.25,-9.56,0.091,462.01,9.0,5.85,"POLYGON((86.73 23.63,86.77 23.63,86.77 23.669999999999998,86.73 23.669999999999998,86.73 23.63))",2026-08-10 06:00:00,CWC/State reservoir anchor + synthetic prototype elevation-storage curve,SYNTHETIC_PROTOTYPE
R029,D029,Panchet,Panchet,Damodar,Jharkhand,Dhanbad,23.65,86.75,EPSG:4326,137.0,4868884.65,4.8689,3087412462.79,4620109518.4,3916943859.02,703165659.38,127,128,138,135.63,141,141,139.5,42.87,42.09,0.78,-0.036,462.01,10.0,6.5,"POLYGON((86.73 23.63,86.77 23.63,86.77 23.669999999999998,86.73 23.669999999999998,86.73 23.63))",2026-08-11 06:00:00,CWC/State reservoir anchor + synthetic prototype elevation-storage curve,SYNTHETIC_PROTOTYPE
R029,D029,Panchet,Panchet,Damodar,Jharkhand,Dhanbad,23.65,86.75,EPSG:4326,138.0,5153199.08,5.1532,3451843373.75,4620109518.4,3916943859.02,703165659.38,127,128,138,135.28,141,141,139.5,41.23,46.47,-5.24,-0.066,462.01,11.0,7.15,"POLYGON((86.73 23.63,86.77 23.63,86.77 23.669999999999998,86.73 23.669999999999998,86.73 23.63))",2026-08-12 06:00:00,CWC/State reservoir anchor + synthetic prototype elevation-storage curve,SYNTHETIC_PROTOTYPE
R029,D029,Panchet,Panchet,Damodar,Jharkhand,Dhanbad,23.65,86.75,EPSG:4326,139.0,5437513.51,5.4375,3829273432.09,4620109518.4,3916943859.02,703165659.38,127,128,138,136.54,141,141,139.5,45.61,44.14,1.48,-0.191,462.01,12.0,7.8,"POLYGON((86.73 23.63,86.77 23.63,86.77 23.669999999999998,86.73 23.669999999999998,86.73 23.63))",2026-08-13 06:00:00,CWC/State reservoir anchor + synthetic prototype elevation-storage curve,SYNTHETIC_PROTOTYPE
R029,D029,Panchet,Panchet,Damodar,Jharkhand,Dhanbad,23.65,86.75,EPSG:4326,140.0,5721827.94,5.7218,4218919852.99,4620109518.4,3916943859.02,703165659.38,127,128,138,136.61,141,141,139.5,44.05,45.88,-1.83,-0.056,462.01,13.0,8.45,"POLYGON((86.73 23.63,86.77 23.63,86.77 23.669999999999998,86.73 23.669999999999998,86.73 23.63))",2026-08-14 06:00:00,CWC/State reservoir anchor + synthetic prototype elevation-storage curve,SYNTHETIC_PROTOTYPE
R029,D029,Panchet,Panchet,Damodar,Jharkhand,Dhanbad,23.65,86.75,EPSG:4326,141.0,6006142.37,6.0061,4620109518.4,4620109518.4,3916943859.02,703165659.38,127,128,138,135.61,141,141,139.5,44.88,39.55,5.33,0.177,462.01,14.0,9.1,"POLYGON((86.73 23.63,86.77 23.63,86.77 23.669999999999998,86.73 23.669999999999998,86.73 23.63))",2026-08-15 06:00:00,CWC/State reservoir anchor + synthetic prototype elevation-storage curve,SYNTHETIC_PROTOTYPE
R030,D030,Tilaiya,Tilaiya,Barakar,Jharkhand,Koderma,24.36,85.56,EPSG:4326,368.0,1923967.28,1.924,499854787.81,3847934552.97,3348079765.16,499854787.81,367,368,378,375.94,381,381,379.5,40.1,37.47,2.63,-0.22,384.79,1.0,1.0,"POLYGON((85.54 24.34,85.58 24.34,85.58 24.38,85.54 24.38,85.54 24.34))",2026-08-02 06:00:00,CWC/State reservoir anchor + synthetic prototype elevation-storage curve,SYNTHETIC_PROTOTYPE
R030,D030,Tilaiya,Tilaiya,Barakar,Jharkhand,Koderma,24.36,85.56,EPSG:4326,369.0,2160763.25,2.1608,604802329.62,3847934552.97,3348079765.16,499854787.81,367,368,378,375.85,381,381,379.5,35.15,28.42,6.73,-0.049,384.79,2.0,1.3,"POLYGON((85.54 24.34,85.58 24.34,85.58 24.38,85.54 24.38,85.54 24.34))",2026-08-03 06:00:00,CWC/State reservoir anchor + synthetic prototype elevation-storage curve,SYNTHETIC_PROTOTYPE
R030,D030,Tilaiya,Tilaiya,Barakar,Jharkhand,Koderma,24.36,85.56,EPSG:4326,370.0,2397559.22,2.3976,767378797.25,3847934552.97,3348079765.16,499854787.81,367,368,378,375.6,381,381,379.5,37.49,38.03,-0.55,0.074,384.79,3.0,1.95,"POLYGON((85.54 24.34,85.58 24.34,85.58 24.38,85.54 24.38,85.54 24.34))",2026-08-04 06:00:00,CWC/State reservoir anchor + synthetic prototype elevation-storage curve,SYNTHETIC_PROTOTYPE
R030,D030,Tilaiya,Tilaiya,Barakar,Jharkhand,Koderma,24.36,85.56,EPSG:4326,371.0,2634355.19,2.6344,962327342.13,3847934552.97,3348079765.16,499854787.81,367,368,378,376.04,381,381,379.5,35.75,32.25,3.5,-0.173,384.79,4.0,2.6,"POLYGON((85.54 24.34,85.58 24.34,85.58 24.38,85.54 24.38,85.54 24.34))",2026-08-05 06:00:00,CWC/State reservoir anchor + synthetic prototype elevation-storage curve,SYNTHETIC_PROTOTYPE
R030,D030,Tilaiya,Tilaiya,Barakar,Jharkhand,Koderma,24.36,85.56,EPSG:4326,372.0,2871151.17,2.8712,1181805926.4,3847934552.97,3348079765.16,499854787.81,367,368,378,376.0,381,381,379.5,35.84,30.51,5.33,0.088,384.79,5.0,3.25,"POLYGON((85.54 24.34,85.58 24.34,85.58 24.38,85.54 24.38,85.54 24.34))",2026-08-06 06:00:00,CWC/State reservoir anchor + synthetic prototype elevation-storage curve,SYNTHETIC_PROTOTYPE
R030,D030,Tilaiya,Tilaiya,Barakar,Jharkhand,Koderma,24.36,85.56,EPSG:4326,373.0,3107947.14,3.1079,1421538210.5,3847934552.97,3348079765.16,499854787.81,367,368,378,375.89,381,381,379.5,39.56,33.85,5.72,-0.138,384.79,6.0,3.9,"POLYGON((85.54 24.34,85.58 24.34,85.58 24.38,85.54 24.38,85.54 24.34))",2026-08-07 06:00:00,CWC/State reservoir anchor + synthetic prototype elevation-storage curve,SYNTHETIC_PROTOTYPE
R030,D030,Tilaiya,Tilaiya,Barakar,Jharkhand,Koderma,24.36,85.56,EPSG:4326,374.0,3344743.11,3.3447,1678753405.71,3847934552.97,3348079765.16,499854787.81,367,368,378,376.72,381,381,379.5,39.34,27.69,11.66,-0.073,384.79,7.0,4.55,"POLYGON((85.54 24.34,85.58 24.34,85.58 24.38,85.54 24.38,85.54 24.34))",2026-08-08 06:00:00,CWC/State reservoir anchor + synthetic prototype elevation-storage curve,SYNTHETIC_PROTOTYPE
R030,D030,Tilaiya,Tilaiya,Barakar,Jharkhand,Koderma,24.36,85.56,EPSG:4326,375.0,3581539.08,3.5815,1951480407.84,3847934552.97,3348079765.16,499854787.81,367,368,378,376.14,381,381,379.5,36.97,38.82,-1.85,0.051,384.79,8.0,5.2,"POLYGON((85.54 24.34,85.58 24.34,85.58 24.38,85.54 24.38,85.54 24.34))",2026-08-09 06:00:00,CWC/State reservoir anchor + synthetic prototype elevation-storage curve,SYNTHETIC_PROTOTYPE
R030,D030,Tilaiya,Tilaiya,Barakar,Jharkhand,Koderma,24.36,85.56,EPSG:4326,376.0,3818335.06,3.8183,2238230929.82,3847934552.97,3348079765.16,499854787.81,367,368,378,376.15,381,381,379.5,40.5,41.29,-0.79,0.187,384.79,9.0,5.85,"POLYGON((85.54 24.34,85.58 24.34,85.58 24.38,85.54 24.38,85.54 24.34))",2026-08-10 06:00:00,CWC/State reservoir anchor + synthetic prototype elevation-storage curve,SYNTHETIC_PROTOTYPE
R030,D030,Tilaiya,Tilaiya,Barakar,Jharkhand,Koderma,24.36,85.56,EPSG:4326,377.0,4055131.03,4.0551,2537833570.49,3847934552.97,3348079765.16,499854787.81,367,368,378,375.83,381,381,379.5,38.29,46.34,-8.05,0.013,384.79,10.0,6.5,"POLYGON((85.54 24.34,85.58 24.34,85.58 24.38,85.54 24.38,85.54 24.34))",2026-08-11 06:00:00,CWC/State reservoir anchor + synthetic prototype elevation-storage curve,SYNTHETIC_PROTOTYPE
R030,D030,Tilaiya,Tilaiya,Barakar,Jharkhand,Koderma,24.36,85.56,EPSG:4326,378.0,4291927.0,4.2919,2849337590.64,3847934552.97,3348079765.16,499854787.81,367,368,378,376.52,381,381,379.5,36.71,35.15,1.56,-0.197,384.79,11.0,7.15,"POLYGON((85.54 24.34,85.58 24.34,85.58 24.38,85.54 24.38,85.54 24.34))",2026-08-12 06:00:00,CWC/State reservoir anchor + synthetic prototype elevation-storage curve,SYNTHETIC_PROTOTYPE
R030,D030,Tilaiya,Tilaiya,Barakar,Jharkhand,Koderma,24.36,85.56,EPSG:4326,379.0,4528722.97,4.5287,3171952870.96,3847934552.97,3348079765.16,499854787.81,367,368,378,375.3,381,381,379.5,39.73,41.74,-2.01,-0.331,384.79,12.0,7.8,"POLYGON((85.54 24.34,85.58 24.34,85.58 24.38,85.54 24.38,85.54 24.34))",2026-08-13 06:00:00,CWC/State reservoir anchor + synthetic prototype elevation-storage curve,SYNTHETIC_PROTOTYPE
R030,D030,Tilaiya,Tilaiya,Barakar,Jharkhand,Koderma,24.36,85.56,EPSG:4326,380.0,4765518.95,4.7655,3505010311.75,3847934552.97,3348079765.16,499854787.81,367,368,378,375.53,381,381,379.5,38.28,41.91,-3.63,0.014,384.79,13.0,8.45,"POLYGON((85.54 24.34,85.58 24.34,85.58 24.38,85.54 24.38,85.54 24.34))",2026-08-14 06:00:00,CWC/State reservoir anchor + synthetic prototype elevation-storage curve,SYNTHETIC_PROTOTYPE
R030,D030,Tilaiya,Tilaiya,Barakar,Jharkhand,Koderma,24.36,85.56,EPSG:4326,381.0,5002314.92,5.0023,3847934552.97,3847934552.97,3348079765.16,499854787.81,367,368,378,376.64,381,381,379.5,33.9,37.31,-3.4,0.131,384.79,14.0,9.1,"POLYGON((85.54 24.34,85.58 24.34,85.58 24.38,85.54 24.38,85.54 24.34))",2026-08-15 06:00:00,CWC/State reservoir anchor + synthetic prototype elevation-storage curve,SYNTHETIC_PROTOTYPE
R031,D031,Konar,Konar,Konar,Jharkhand,Bokaro,23.76,85.78,EPSG:4326,348.0,1362001.9,1.362,447162678.21,2724003803.65,2276841125.43,447162678.21,347,348,358,356.56,361,361,359.5,26.92,30.33,-3.42,-0.093,272.4,1.0,1.0,"POLYGON((85.76 23.740000000000002,85.8 23.740000000000002,85.8 23.78,85.76 23.78,85.76 23.740000000000002))",2026-08-02 06:00:00,CWC/State reservoir anchor + synthetic prototype elevation-storage curve,SYNTHETIC_PROTOTYPE
R031,D031,Konar,Konar,Konar,Jharkhand,Bokaro,23.76,85.78,EPSG:4326,349.0,1529632.91,1.5296,518531610.84,2724003803.65,2276841125.43,447162678.21,347,348,358,356.64,361,361,359.5,30.29,26.45,3.85,-0.041,272.4,2.0,1.3,"POLYGON((85.76 23.740000000000002,85.8 23.740000000000002,85.8 23.78,85.76 23.78,85.76 23.740000000000002))",2026-08-03 06:00:00,CWC/State reservoir anchor + synthetic prototype elevation-storage curve,SYNTHETIC_PROTOTYPE
R031,D031,Konar,Konar,Konar,Jharkhand,Bokaro,23.76,85.78,EPSG:4326,350.0,1697263.91,1.6973,629090741.3,2724003803.65,2276841125.43,447162678.21,347,348,358,356.59,361,361,359.5,25.85,30.73,-4.88,-0.106,272.4,3.0,1.95,"POLYGON((85.76 23.740000000000002,85.8 23.740000000000002,85.8 23.78,85.76 23.78,85.76 23.740000000000002))",2026-08-04 06:00:00,CWC/State reservoir anchor + synthetic prototype elevation-storage curve,SYNTHETIC_PROTOTYPE
R031,D031,Konar,Konar,Konar,Jharkhand,Bokaro,23.76,85.78,EPSG:4326,351.0,1864894.91,1.8649,761664304.49,2724003803.65,2276841125.43,447162678.21,347,348,358,355.69,361,361,359.5,24.89,29.56,-4.67,0.123,272.4,4.0,2.6,"POLYGON((85.76 23.740000000000002,85.8 23.740000000000002,85.8 23.78,85.76 23.78,85.76 23.740000000000002))",2026-08-05 06:00:00,CWC/State reservoir anchor + synthetic prototype elevation-storage curve,SYNTHETIC_PROTOTYPE
R031,D031,Konar,Konar,Konar,Jharkhand,Bokaro,23.76,85.78,EPSG:4326,352.0,2032525.92,2.0325,910919370.64,2724003803.65,2276841125.43,447162678.21,347,348,358,355.27,361,361,359.5,28.82,24.95,3.87,-0.208,272.4,5.0,3.25,"POLYGON((85.76 23.740000000000002,85.8 23.740000000000002,85.8 23.78,85.76 23.78,85.76 23.740000000000002))",2026-08-06 06:00:00,CWC/State reservoir anchor + synthetic prototype elevation-storage curve,SYNTHETIC_PROTOTYPE
R031,D031,Konar,Konar,Konar,Jharkhand,Bokaro,23.76,85.78,EPSG:4326,353.0,2200156.92,2.2002,1073947841.24,2724003803.65,2276841125.43,447162678.21,347,348,358,355.93,361,361,359.5,25.31,29.27,-3.96,0.342,272.4,6.0,3.9,"POLYGON((85.76 23.740000000000002,85.8 23.740000000000002,85.8 23.78,85.76 23.78,85.76 23.740000000000002))",2026-08-07 06:00:00,CWC/State reservoir anchor + synthetic prototype elevation-storage curve,SYNTHETIC_PROTOTYPE
R031,D031,Konar,Konar,Konar,Jharkhand,Bokaro,23.76,85.78,EPSG:4326,354.0,2367787.92,2.3678,1248865458.38,2724003803.65,2276841125.43,447162678.21,347,348,358,356.51,361,361,359.5,27.34,24.6,2.74,0.27,272.4,7.0,4.55,"POLYGON((85.76 23.740000000000002,85.8 23.740000000000002,85.8 23.78,85.76 23.78,85.76 23.740000000000002))",2026-08-08 06:00:00,CWC/State reservoir anchor + synthetic prototype elevation-storage curve,SYNTHETIC_PROTOTYPE
R031,D031,Konar,Konar,Konar,Jharkhand,Bokaro,23.76,85.78,EPSG:4326,355.0,2535418.92,2.5354,1434331784.76,2724003803.65,2276841125.43,447162678.21,347,348,358,355.43,361,361,359.5,27.9,22.61,5.29,0.206,272.4,8.0,5.2,"POLYGON((85.76 23.740000000000002,85.8 23.740000000000002,85.8 23.78,85.76 23.78,85.76 23.740000000000002))",2026-08-09 06:00:00,CWC/State reservoir anchor + synthetic prototype elevation-storage curve,SYNTHETIC_PROTOTYPE
R031,D031,Konar,Konar,Konar,Jharkhand,Bokaro,23.76,85.78,EPSG:4326,356.0,2703049.93,2.703,1629334719.87,2724003803.65,2276841125.43,447162678.21,347,348,358,355.69,361,361,359.5,26.57,23.33,3.24,0.021,272.4,9.0,5.85,"POLYGON((85.76 23.740000000000002,85.8 23.740000000000002,85.8 23.78,85.76 23.78,85.76 23.740000000000002))",2026-08-10 06:00:00,CWC/State reservoir anchor + synthetic prototype elevation-storage curve,SYNTHETIC_PROTOTYPE
R031,D031,Konar,Konar,Konar,Jharkhand,Bokaro,23.76,85.78,EPSG:4326,357.0,2870680.93,2.8707,1833077659.53,2724003803.65,2276841125.43,447162678.21,347,348,358,355.48,361,361,359.5,25.74,24.19,1.55,0.044,272.4,10.0,6.5,"POLYGON((85.76 23.740000000000002,85.8 23.740000000000002,85.8 23.78,85.76 23.78,85.76 23.740000000000002))",2026-08-11 06:00:00,CWC/State reservoir anchor + synthetic prototype elevation-storage curve,SYNTHETIC_PROTOTYPE
R031,D031,Konar,Konar,Konar,Jharkhand,Bokaro,23.76,85.78,EPSG:4326,358.0,3038311.93,3.0383,2044914059.36,2724003803.65,2276841125.43,447162678.21,347,348,358,356.31,361,361,359.5,27.39,32.32,-4.93,-0.235,272.4,11.0,7.15,"POLYGON((85.76 23.740000000000002,85.8 23.740000000000002,85.8 23.78,85.76 23.78,85.76 23.740000000000002))",2026-08-12 06:00:00,CWC/State reservoir anchor + synthetic prototype elevation-storage curve,SYNTHETIC_PROTOTYPE
R031,D031,Konar,Konar,Konar,Jharkhand,Bokaro,23.76,85.78,EPSG:4326,359.0,3205942.94,3.2059,2264306603.58,2724003803.65,2276841125.43,447162678.21,347,348,358,356.74,361,361,359.5,27.79,31.68,-3.89,0.155,272.4,12.0,7.8,"POLYGON((85.76 23.740000000000002,85.8 23.740000000000002,85.8 23.78,85.76 23.78,85.76 23.740000000000002))",2026-08-13 06:00:00,CWC/State reservoir anchor + synthetic prototype elevation-storage curve,SYNTHETIC_PROTOTYPE
R031,D031,Konar,Konar,Konar,Jharkhand,Bokaro,23.76,85.78,EPSG:4326,360.0,3373573.94,3.3736,2490800275.04,2724003803.65,2276841125.43,447162678.21,347,348,358,355.68,361,361,359.5,26.49,22.52,3.97,-0.16,272.4,13.0,8.45,"POLYGON((85.76 23.740000000000002,85.8 23.740000000000002,85.8 23.78,85.76 23.78,85.76 23.740000000000002))",2026-08-14 06:00:00,CWC/State reservoir anchor + synthetic prototype elevation-storage curve,SYNTHETIC_PROTOTYPE
R031,D031,Konar,Konar,Konar,Jharkhand,Bokaro,23.76,85.78,EPSG:4326,361.0,3541204.94,3.5412,2724003803.65,2724003803.65,2276841125.43,447162678.21,347,348,358,356.49,361,361,359.5,24.3,28.31,-4.01,-0.046,272.4,14.0,9.1,"POLYGON((85.76 23.740000000000002,85.8 23.740000000000002,85.8 23.78,85.76 23.78,85.76 23.740000000000002))",2026-08-15 06:00:00,CWC/State reservoir anchor + synthetic prototype elevation-storage curve,SYNTHETIC_PROTOTYPE
R032,D032,Rengali,Rengali,Brahmani,Odisha,Angul,21.4,85.01,EPSG:4326,113.0,2935137.84,2.9351,886962691.78,5870275670.39,4983312978.61,886962691.78,112,113,123,121.03,126,126,124.5,55.31,52.55,2.75,-0.345,587.03,1.0,1.0,"POLYGON((84.99000000000001 21.38,85.03 21.38,85.03 21.419999999999998,84.99000000000001 21.419999999999998,84.99000000000001 21.38))",2026-08-02 06:00:00,CWC/State reservoir anchor + synthetic prototype elevation-storage curve,SYNTHETIC_PROTOTYPE
R032,D032,Rengali,Rengali,Brahmani,Odisha,Angul,21.4,85.01,EPSG:4326,114.0,3296385.57,3.2964,1043167586.48,5870275670.39,4983312978.61,886962691.78,112,113,123,121.35,126,126,124.5,60.91,51.09,9.82,0.102,587.03,2.0,1.3,"POLYGON((84.99000000000001 21.38,85.03 21.38,85.03 21.419999999999998,84.99000000000001 21.419999999999998,84.99000000000001 21.38))",2026-08-03 06:00:00,CWC/State reservoir anchor + synthetic prototype elevation-storage curve,SYNTHETIC_PROTOTYPE
R032,D032,Rengali,Rengali,Brahmani,Odisha,Angul,21.4,85.01,EPSG:4326,115.0,3657633.3,3.6576,1285147908.93,5870275670.39,4983312978.61,886962691.78,112,113,123,120.6,126,126,124.5,58.48,46.16,12.32,-0.129,587.03,3.0,1.95,"POLYGON((84.99000000000001 21.38,85.03 21.38,85.03 21.419999999999998,84.99000000000001 21.419999999999998,84.99000000000001 21.38))",2026-08-04 06:00:00,CWC/State reservoir anchor + synthetic prototype elevation-storage curve,SYNTHETIC_PROTOTYPE
R032,D032,Rengali,Rengali,Brahmani,Odisha,Angul,21.4,85.01,EPSG:4326,116.0,4018881.04,4.0189,1575311131.43,5870275670.39,4983312978.61,886962691.78,112,113,123,121.38,126,126,124.5,59.43,61.05,-1.63,-0.068,587.03,4.0,2.6,"POLYGON((84.99000000000001 21.38,85.03 21.38,85.03 21.419999999999998,84.99000000000001 21.419999999999998,84.99000000000001 21.38))",2026-08-05 06:00:00,CWC/State reservoir anchor + synthetic prototype elevation-storage curve,SYNTHETIC_PROTOTYPE
R032,D032,Rengali,Rengali,Brahmani,Odisha,Angul,21.4,85.01,EPSG:4326,117.0,4380128.77,4.3801,1901985092.11,5870275670.39,4983312978.61,886962691.78,112,113,123,120.77,126,126,124.5,61.66,55.43,6.23,-0.114,587.03,5.0,3.25,"POLYGON((84.99000000000001 21.38,85.03 21.38,85.03 21.419999999999998,84.99000000000001 21.419999999999998,84.99000000000001 21.38))",2026-08-06 06:00:00,CWC/State reservoir anchor + synthetic prototype elevation-storage curve,SYNTHETIC_PROTOTYPE
R032,D032,Rengali,Rengali,Brahmani,Odisha,Angul,21.4,85.01,EPSG:4326,118.0,4741376.5,4.7414,2258804847.47,5870275670.39,4983312978.61,886962691.78,112,113,123,121.63,126,126,124.5,57.64,72.65,-15.01,0.016,587.03,6.0,3.9,"POLYGON((84.99000000000001 21.38,85.03 21.38,85.03 21.419999999999998,84.99000000000001 21.419999999999998,84.99000000000001 21.38))",2026-08-07 06:00:00,CWC/State reservoir anchor + synthetic prototype elevation-storage curve,SYNTHETIC_PROTOTYPE
R032,D032,Rengali,Rengali,Brahmani,Odisha,Angul,21.4,85.01,EPSG:4326,119.0,5102624.24,5.1026,2641646329.89,5870275670.39,4983312978.61,886962691.78,112,113,123,121.17,126,126,124.5,65.28,68.48,-3.19,0.11,587.03,7.0,4.55,"POLYGON((84.99000000000001 21.38,85.03 21.38,85.03 21.419999999999998,84.99000000000001 21.419999999999998,84.99000000000001 21.38))",2026-08-08 06:00:00,CWC/State reservoir anchor + synthetic prototype elevation-storage curve,SYNTHETIC_PROTOTYPE
R032,D032,Rengali,Rengali,Brahmani,Odisha,Angul,21.4,85.01,EPSG:4326,120.0,5463871.97,5.4639,3047575729.64,5870275670.39,4983312978.61,886962691.78,112,113,123,121.75,126,126,124.5,55.23,63.84,-8.61,-0.086,587.03,8.0,5.2,"POLYGON((84.99000000000001 21.38,85.03 21.38,85.03 21.419999999999998,84.99000000000001 21.419999999999998,84.99000000000001 21.38))",2026-08-09 06:00:00,CWC/State reservoir anchor + synthetic prototype elevation-storage curve,SYNTHETIC_PROTOTYPE
R032,D032,Rengali,Rengali,Brahmani,Odisha,Angul,21.4,85.01,EPSG:4326,121.0,5825119.7,5.8251,3474377866.39,5870275670.39,4983312978.61,886962691.78,112,113,123,120.4,126,126,124.5,56.86,58.24,-1.38,-0.147,587.03,9.0,5.85,"POLYGON((84.99000000000001 21.38,85.03 21.38,85.03 21.419999999999998,84.99000000000001 21.419999999999998,84.99000000000001 21.38))",2026-08-10 06:00:00,CWC/State reservoir anchor + synthetic prototype elevation-storage curve,SYNTHETIC_PROTOTYPE
R032,D032,Rengali,Rengali,Brahmani,Odisha,Angul,21.4,85.01,EPSG:4326,122.0,6186367.44,6.1864,3920309215.82,5870275670.39,4983312978.61,886962691.78,112,113,123,121.52,126,126,124.5,60.37,43.54,16.83,-0.061,587.03,10.0,6.5,"POLYGON((84.99000000000001 21.38,85.03 21.38,85.03 21.419999999999998,84.99000000000001 21.419999999999998,84.99000000000001 21.38))",2026-08-11 06:00:00,CWC/State reservoir anchor + synthetic prototype elevation-storage curve,SYNTHETIC_PROTOTYPE
R032,D032,Rengali,Rengali,Brahmani,Odisha,Angul,21.4,85.01,EPSG:4326,123.0,6547615.17,6.5476,4383954688.86,5870275670.39,4983312978.61,886962691.78,112,113,123,121.31,126,126,124.5,57.9,60.34,-2.44,0.088,587.03,11.0,7.15,"POLYGON((84.99000000000001 21.38,85.03 21.38,85.03 21.419999999999998,84.99000000000001 21.419999999999998,84.99000000000001 21.38))",2026-08-12 06:00:00,CWC/State reservoir anchor + synthetic prototype elevation-storage curve,SYNTHETIC_PROTOTYPE
R032,D032,Rengali,Rengali,Brahmani,Odisha,Angul,21.4,85.01,EPSG:4326,124.0,6908862.9,6.9089,4864138264.61,5870275670.39,4983312978.61,886962691.78,112,113,123,121.6,126,126,124.5,58.17,52.98,5.19,-0.177,587.03,12.0,7.8,"POLYGON((84.99000000000001 21.38,85.03 21.38,85.03 21.419999999999998,84.99000000000001 21.419999999999998,84.99000000000001 21.38))",2026-08-13 06:00:00,CWC/State reservoir anchor + synthetic prototype elevation-storage curve,SYNTHETIC_PROTOTYPE
R032,D032,Rengali,Rengali,Brahmani,Odisha,Angul,21.4,85.01,EPSG:4326,125.0,7270110.64,7.2701,5359864048.86,5870275670.39,4983312978.61,886962691.78,112,113,123,120.21,126,126,124.5,59.76,51.88,7.88,0.159,587.03,13.0,8.45,"POLYGON((84.99000000000001 21.38,85.03 21.38,85.03 21.419999999999998,84.99000000000001 21.419999999999998,84.99000000000001 21.38))",2026-08-14 06:00:00,CWC/State reservoir anchor + synthetic prototype elevation-storage curve,SYNTHETIC_PROTOTYPE
R032,D032,Rengali,Rengali,Brahmani,Odisha,Angul,21.4,85.01,EPSG:4326,126.0,7631358.37,7.6314,5870275670.39,5870275670.39,4983312978.61,886962691.78,112,113,123,121.42,126,126,124.5,61.73,74.85,-13.12,-0.163,587.03,14.0,9.1,"POLYGON((84.99000000000001 21.38,85.03 21.38,85.03 21.419999999999998,84.99000000000001 21.419999999999998,84.99000000000001 21.38))",2026-08-15 06:00:00,CWC/State reservoir anchor + synthetic prototype elevation-storage curve,SYNTHETIC_PROTOTYPE
R033,D033,Indravati,Indravati,Indravati,Odisha,Kalahandi,19.55,82.5,EPSG:4326,618.0,1877357.14,1.8774,407238795.77,3754714286.42,3347475490.65,407238795.77,617,618,628,625.95,631,631,629.5,39.66,39.72,-0.06,0.127,375.47,1.0,1.0,"POLYGON((82.48 19.53,82.52 19.53,82.52 19.57,82.48 19.57,82.48 19.53))",2026-08-02 06:00:00,CWC/State reservoir anchor + synthetic prototype elevation-storage curve,SYNTHETIC_PROTOTYPE
R033,D033,Indravati,Indravati,Indravati,Odisha,Kalahandi,19.55,82.5,EPSG:4326,619.0,2108416.48,2.1084,512167396.23,3754714286.42,3347475490.65,407238795.77,617,618,628,626.64,631,631,629.5,38.89,41.75,-2.85,0.035,375.47,2.0,1.3,"POLYGON((82.48 19.53,82.52 19.53,82.52 19.57,82.48 19.57,82.48 19.53))",2026-08-03 06:00:00,CWC/State reservoir anchor + synthetic prototype elevation-storage curve,SYNTHETIC_PROTOTYPE
R033,D033,Indravati,Indravati,Indravati,Odisha,Kalahandi,19.55,82.5,EPSG:4326,620.0,2339475.82,2.3395,674714521.43,3754714286.42,3347475490.65,407238795.77,617,618,628,625.34,631,631,629.5,37.97,43.47,-5.5,0.26,375.47,3.0,1.95,"POLYGON((82.48 19.53,82.52 19.53,82.52 19.57,82.48 19.57,82.48 19.53))",2026-08-04 06:00:00,CWC/State reservoir anchor + synthetic prototype elevation-storage curve,SYNTHETIC_PROTOTYPE
R033,D033,Indravati,Indravati,Indravati,Odisha,Kalahandi,19.55,82.5,EPSG:4326,621.0,2570535.17,2.5705,869627881.23,3754714286.42,3347475490.65,407238795.77,617,618,628,626.21,631,631,629.5,37.35,42.75,-5.4,-0.037,375.47,4.0,2.6,"POLYGON((82.48 19.53,82.52 19.53,82.52 19.57,82.48 19.57,82.48 19.53))",2026-08-05 06:00:00,CWC/State reservoir anchor + synthetic prototype elevation-storage curve,SYNTHETIC_PROTOTYPE
R033,D033,Indravati,Indravati,Indravati,Odisha,Kalahandi,19.55,82.5,EPSG:4326,622.0,2801594.51,2.8016,1089066853.16,3754714286.42,3347475490.65,407238795.77,617,618,628,626.39,631,631,629.5,41.36,39.52,1.84,-0.107,375.47,5.0,3.25,"POLYGON((82.48 19.53,82.52 19.53,82.52 19.57,82.48 19.57,82.48 19.53))",2026-08-06 06:00:00,CWC/State reservoir anchor + synthetic prototype elevation-storage curve,SYNTHETIC_PROTOTYPE
R033,D033,Indravati,Indravati,Indravati,Odisha,Kalahandi,19.55,82.5,EPSG:4326,623.0,3032653.85,3.0327,1328755869.44,3754714286.42,3347475490.65,407238795.77,617,618,628,625.82,631,631,629.5,36.95,48.66,-11.71,0.14,375.47,6.0,3.9,"POLYGON((82.48 19.53,82.52 19.53,82.52 19.57,82.48 19.57,82.48 19.53))",2026-08-07 06:00:00,CWC/State reservoir anchor + synthetic prototype elevation-storage curve,SYNTHETIC_PROTOTYPE
R033,D033,Indravati,Indravati,Indravati,Odisha,Kalahandi,19.55,82.5,EPSG:4326,624.0,3263713.19,3.2637,1585924641.44,3754714286.42,3347475490.65,407238795.77,617,618,628,626.52,631,631,629.5,35.67,37.53,-1.86,0.27,375.47,7.0,4.55,"POLYGON((82.48 19.53,82.52 19.53,82.52 19.57,82.48 19.57,82.48 19.53))",2026-08-08 06:00:00,CWC/State reservoir anchor + synthetic prototype elevation-storage curve,SYNTHETIC_PROTOTYPE
R033,D033,Indravati,Indravati,Indravati,Odisha,Kalahandi,19.55,82.5,EPSG:4326,625.0,3494772.53,3.4948,1858602420.74,3754714286.42,3347475490.65,407238795.77,617,618,628,626.43,631,631,629.5,36.24,39.47,-3.23,-0.153,375.47,8.0,5.2,"POLYGON((82.48 19.53,82.52 19.53,82.52 19.57,82.48 19.57,82.48 19.53))",2026-08-09 06:00:00,CWC/State reservoir anchor + synthetic prototype elevation-storage curve,SYNTHETIC_PROTOTYPE
R033,D033,Indravati,Indravati,Indravati,Odisha,Kalahandi,19.55,82.5,EPSG:4326,626.0,3725831.87,3.7258,2145301188.87,3754714286.42,3347475490.65,407238795.77,617,618,628,625.95,631,631,629.5,37.51,36.06,1.45,0.09,375.47,9.0,5.85,"POLYGON((82.48 19.53,82.52 19.53,82.52 19.57,82.48 19.57,82.48 19.53))",2026-08-10 06:00:00,CWC/State reservoir anchor + synthetic prototype elevation-storage curve,SYNTHETIC_PROTOTYPE
R033,D033,Indravati,Indravati,Indravati,Odisha,Kalahandi,19.55,82.5,EPSG:4326,627.0,3956891.21,3.9569,2444849756.08,3754714286.42,3347475490.65,407238795.77,617,618,628,625.98,631,631,629.5,38.56,36.09,2.47,0.222,375.47,10.0,6.5,"POLYGON((82.48 19.53,82.52 19.53,82.52 19.57,82.48 19.57,82.48 19.53))",2026-08-11 06:00:00,CWC/State reservoir anchor + synthetic prototype elevation-storage curve,SYNTHETIC_PROTOTYPE
R033,D033,Indravati,Indravati,Indravati,Odisha,Kalahandi,19.55,82.5,EPSG:4326,628.0,4187950.55,4.188,2756297554.77,3754714286.42,3347475490.65,407238795.77,617,618,628,625.59,631,631,629.5,38.05,43.71,-5.66,-0.078,375.47,11.0,7.15,"POLYGON((82.48 19.53,82.52 19.53,82.52 19.57,82.48 19.57,82.48 19.53))",2026-08-12 06:00:00,CWC/State reservoir anchor + synthetic prototype elevation-storage curve,SYNTHETIC_PROTOTYPE
R033,D033,Indravati,Indravati,Indravati,Odisha,Kalahandi,19.55,82.5,EPSG:4326,629.0,4419009.89,4.419,3078854608.23,3754714286.42,3347475490.65,407238795.77,617,618,628,626.61,631,631,629.5,39.07,37.7,1.37,-0.013,375.47,12.0,7.8,"POLYGON((82.48 19.53,82.52 19.53,82.52 19.57,82.48 19.57,82.48 19.53))",2026-08-13 06:00:00,CWC/State reservoir anchor + synthetic prototype elevation-storage curve,SYNTHETIC_PROTOTYPE
R033,D033,Indravati,Indravati,Indravati,Odisha,Kalahandi,19.55,82.5,EPSG:4326,630.0,4650069.23,4.6501,3411851937.51,3754714286.42,3347475490.65,407238795.77,617,618,628,626.22,631,631,629.5,37.54,43.68,-6.13,-0.023,375.47,13.0,8.45,"POLYGON((82.48 19.53,82.52 19.53,82.52 19.57,82.48 19.57,82.48 19.53))",2026-08-14 06:00:00,CWC/State reservoir anchor + synthetic prototype elevation-storage curve,SYNTHETIC_PROTOTYPE
R033,D033,Indravati,Indravati,Indravati,Odisha,Kalahandi,19.55,82.5,EPSG:4326,631.0,4881128.57,4.8811,3754714286.42,3754714286.42,3347475490.65,407238795.77,617,618,628,625.97,631,631,629.5,37.03,38.89,-1.86,-0.075,375.47,14.0,9.1,"POLYGON((82.48 19.53,82.52 19.53,82.52 19.57,82.48 19.57,82.48 19.53))",2026-08-15 06:00:00,CWC/State reservoir anchor + synthetic prototype elevation-storage curve,SYNTHETIC_PROTOTYPE
R034,D034,Balimela,Balimela,Sileru,Odisha,Malkangiri,18.13,81.9,EPSG:4326,448.0,1000000.0,1.0,141414367.73,1463627931.04,1322213563.31,141414367.73,447,448,458,456.14,461,461,459.5,14.55,12.87,1.68,0.199,146.36,1.0,1.0,"POLYGON((81.88000000000001 18.11,81.92 18.11,81.92 18.15,81.88000000000001 18.15,81.88000000000001 18.11))",2026-08-02 06:00:00,CWC/State reservoir anchor + synthetic prototype elevation-storage curve,SYNTHETIC_PROTOTYPE
R034,D034,Balimela,Balimela,Sileru,Odisha,Malkangiri,18.13,81.9,EPSG:4326,449.0,1000000.0,1.0,182859934.42,1463627931.04,1322213563.31,141414367.73,447,448,458,456.39,461,461,459.5,14.97,14.82,0.15,0.048,146.36,2.0,1.3,"POLYGON((81.88000000000001 18.11,81.92 18.11,81.92 18.15,81.88000000000001 18.15,81.88000000000001 18.11))",2026-08-03 06:00:00,CWC/State reservoir anchor + synthetic prototype elevation-storage curve,SYNTHETIC_PROTOTYPE
R034,D034,Balimela,Balimela,Sileru,Odisha,Malkangiri,18.13,81.9,EPSG:4326,450.0,1000000.0,1.0,247064142.7,1463627931.04,1322213563.31,141414367.73,447,448,458,456.66,461,461,459.5,14.57,15.41,-0.83,0.212,146.36,3.0,1.95,"POLYGON((81.88000000000001 18.11,81.92 18.11,81.92 18.15,81.88000000000001 18.15,81.88000000000001 18.11))",2026-08-04 06:00:00,CWC/State reservoir anchor + synthetic prototype elevation-storage curve,SYNTHETIC_PROTOTYPE
R034,D034,Balimela,Balimela,Sileru,Odisha,Malkangiri,18.13,81.9,EPSG:4326,451.0,1002022.2,1.002,324052634.1,1463627931.04,1322213563.31,141414367.73,447,448,458,455.91,461,461,459.5,14.62,20.41,-5.78,0.104,146.36,4.0,2.6,"POLYGON((81.88000000000001 18.11,81.92 18.11,81.92 18.15,81.88000000000001 18.15,81.88000000000001 18.11))",2026-08-05 06:00:00,CWC/State reservoir anchor + synthetic prototype elevation-storage curve,SYNTHETIC_PROTOTYPE
R034,D034,Balimela,Balimela,Sileru,Odisha,Malkangiri,18.13,81.9,EPSG:4326,452.0,1092091.61,1.0921,410728454.67,1463627931.04,1322213563.31,141414367.73,447,448,458,455.46,461,461,459.5,13.9,18.75,-4.85,-0.009,146.36,5.0,3.25,"POLYGON((81.88000000000001 18.11,81.92 18.11,81.92 18.15,81.88000000000001 18.15,81.88000000000001 18.11))",2026-08-06 06:00:00,CWC/State reservoir anchor + synthetic prototype elevation-storage curve,SYNTHETIC_PROTOTYPE
R034,D034,Balimela,Balimela,Sileru,Odisha,Malkangiri,18.13,81.9,EPSG:4326,453.0,1182161.02,1.1822,505402805.29,1463627931.04,1322213563.31,141414367.73,447,448,458,456.31,461,461,459.5,15.31,18.87,-3.56,-0.052,146.36,6.0,3.9,"POLYGON((81.88000000000001 18.11,81.92 18.11,81.92 18.15,81.88000000000001 18.15,81.88000000000001 18.11))",2026-08-07 06:00:00,CWC/State reservoir anchor + synthetic prototype elevation-storage curve,SYNTHETIC_PROTOTYPE
R034,D034,Balimela,Balimela,Sileru,Odisha,Malkangiri,18.13,81.9,EPSG:4326,454.0,1272230.43,1.2722,606981454.44,1463627931.04,1322213563.31,141414367.73,447,448,458,456.21,461,461,459.5,13.62,13.98,-0.36,-0.052,146.36,7.0,4.55,"POLYGON((81.88000000000001 18.11,81.92 18.11,81.92 18.15,81.88000000000001 18.15,81.88000000000001 18.11))",2026-08-08 06:00:00,CWC/State reservoir anchor + synthetic prototype elevation-storage curve,SYNTHETIC_PROTOTYPE
R034,D034,Balimela,Balimela,Sileru,Odisha,Malkangiri,18.13,81.9,EPSG:4326,455.0,1362299.84,1.3623,714685979.6,1463627931.04,1322213563.31,141414367.73,447,448,458,455.66,461,461,459.5,14.14,13.09,1.04,0.079,146.36,8.0,5.2,"POLYGON((81.88000000000001 18.11,81.92 18.11,81.92 18.15,81.88000000000001 18.15,81.88000000000001 18.11))",2026-08-09 06:00:00,CWC/State reservoir anchor + synthetic prototype elevation-storage curve,SYNTHETIC_PROTOTYPE
R034,D034,Balimela,Balimela,Sileru,Odisha,Malkangiri,18.13,81.9,EPSG:4326,456.0,1452369.25,1.4524,827928630.92,1463627931.04,1322213563.31,141414367.73,447,448,458,456.01,461,461,459.5,15.75,10.17,5.58,-0.063,146.36,9.0,5.85,"POLYGON((81.88000000000001 18.11,81.92 18.11,81.92 18.15,81.88000000000001 18.15,81.88000000000001 18.11))",2026-08-10 06:00:00,CWC/State reservoir anchor + synthetic prototype elevation-storage curve,SYNTHETIC_PROTOTYPE
R034,D034,Balimela,Balimela,Sileru,Odisha,Malkangiri,18.13,81.9,EPSG:4326,457.0,1542438.67,1.5424,946246802.2,1463627931.04,1322213563.31,141414367.73,447,448,458,455.23,461,461,459.5,15.0,12.33,2.66,-0.156,146.36,10.0,6.5,"POLYGON((81.88000000000001 18.11,81.92 18.11,81.92 18.15,81.88000000000001 18.15,81.88000000000001 18.11))",2026-08-11 06:00:00,CWC/State reservoir anchor + synthetic prototype elevation-storage curve,SYNTHETIC_PROTOTYPE
R034,D034,Balimela,Balimela,Sileru,Odisha,Malkangiri,18.13,81.9,EPSG:4326,458.0,1632508.08,1.6325,1069265030.36,1463627931.04,1322213563.31,141414367.73,447,448,458,456.71,461,461,459.5,15.15,15.43,-0.28,0.056,146.36,11.0,7.15,"POLYGON((81.88000000000001 18.11,81.92 18.11,81.92 18.15,81.88000000000001 18.15,81.88000000000001 18.11))",2026-08-12 06:00:00,CWC/State reservoir anchor + synthetic prototype elevation-storage curve,SYNTHETIC_PROTOTYPE
R034,D034,Balimela,Balimela,Sileru,Odisha,Malkangiri,18.13,81.9,EPSG:4326,459.0,1722577.49,1.7226,1196671283.89,1463627931.04,1322213563.31,141414367.73,447,448,458,456.32,461,461,459.5,14.46,10.21,4.25,0.043,146.36,12.0,7.8,"POLYGON((81.88000000000001 18.11,81.92 18.11,81.92 18.15,81.88000000000001 18.15,81.88000000000001 18.11))",2026-08-13 06:00:00,CWC/State reservoir anchor + synthetic prototype elevation-storage curve,SYNTHETIC_PROTOTYPE
R034,D034,Balimela,Balimela,Sileru,Odisha,Malkangiri,18.13,81.9,EPSG:4326,460.0,1812646.9,1.8126,1328201323.93,1463627931.04,1322213563.31,141414367.73,447,448,458,456.56,461,461,459.5,14.52,17.22,-2.7,-0.164,146.36,13.0,8.45,"POLYGON((81.88000000000001 18.11,81.92 18.11,81.92 18.15,81.88000000000001 18.15,81.88000000000001 18.11))",2026-08-14 06:00:00,CWC/State reservoir anchor + synthetic prototype elevation-storage curve,SYNTHETIC_PROTOTYPE
R034,D034,Balimela,Balimela,Sileru,Odisha,Malkangiri,18.13,81.9,EPSG:4326,461.0,1902716.31,1.9027,1463627931.04,1463627931.04,1322213563.31,141414367.73,447,448,458,455.99,461,461,459.5,14.06,18.22,-4.16,-0.111,146.36,14.0,9.1,"POLYGON((81.88000000000001 18.11,81.92 18.11,81.92 18.15,81.88000000000001 18.15,81.88000000000001 18.11))",2026-08-15 06:00:00,CWC/State reservoir anchor + synthetic prototype elevation-storage curve,SYNTHETIC_PROTOTYPE
R035,D035,Mahi Bajaj Sagar,Mahi Bajaj Sagar,Mahi,Rajasthan,Banswara,23.54,74.43,EPSG:4326,268.0,2295015.33,2.295,626067485.79,4590030650.42,3963963164.63,626067485.79,267,268,278,276.2,281,281,279.5,44.76,34.67,10.09,-0.192,459.0,1.0,1.0,"POLYGON((74.41000000000001 23.52,74.45 23.52,74.45 23.56,74.41000000000001 23.56,74.41000000000001 23.52))",2026-08-02 06:00:00,CWC/State reservoir anchor + synthetic prototype elevation-storage curve,SYNTHETIC_PROTOTYPE
R035,D035,Mahi Bajaj Sagar,Mahi Bajaj Sagar,Mahi,Rajasthan,Banswara,23.54,74.43,EPSG:4326,269.0,2577478.75,2.5775,750320257.27,4590030650.42,3963963164.63,626067485.79,267,268,278,276.45,281,281,279.5,43.12,48.78,-5.66,-0.011,459.0,2.0,1.3,"POLYGON((74.41000000000001 23.52,74.45 23.52,74.45 23.56,74.41000000000001 23.56,74.41000000000001 23.52))",2026-08-03 06:00:00,CWC/State reservoir anchor + synthetic prototype elevation-storage curve,SYNTHETIC_PROTOTYPE
R035,D035,Mahi Bajaj Sagar,Mahi Bajaj Sagar,Mahi,Rajasthan,Banswara,23.54,74.43,EPSG:4326,270.0,2859942.17,2.8599,942802866.51,4590030650.42,3963963164.63,626067485.79,267,268,278,276.64,281,281,279.5,47.34,52.78,-5.43,0.007,459.0,3.0,1.95,"POLYGON((74.41000000000001 23.52,74.45 23.52,74.45 23.56,74.41000000000001 23.56,74.41000000000001 23.52))",2026-08-04 06:00:00,CWC/State reservoir anchor + synthetic prototype elevation-storage curve,SYNTHETIC_PROTOTYPE
R035,D035,Mahi Bajaj Sagar,Mahi Bajaj Sagar,Mahi,Rajasthan,Banswara,23.54,74.43,EPSG:4326,271.0,3142405.6,3.1424,1173612436.49,4590030650.42,3963963164.63,626067485.79,267,268,278,276.08,281,281,279.5,44.01,54.98,-10.97,-0.165,459.0,4.0,2.6,"POLYGON((74.41000000000001 23.52,74.45 23.52,74.45 23.56,74.41000000000001 23.56,74.41000000000001 23.52))",2026-08-05 06:00:00,CWC/State reservoir anchor + synthetic prototype elevation-storage curve,SYNTHETIC_PROTOTYPE
R035,D035,Mahi Bajaj Sagar,Mahi Bajaj Sagar,Mahi,Rajasthan,Banswara,23.54,74.43,EPSG:4326,272.0,3424869.02,3.4249,1433464376.86,4590030650.42,3963963164.63,626067485.79,267,268,278,275.45,281,281,279.5,45.91,50.55,-4.64,0.274,459.0,5.0,3.25,"POLYGON((74.41000000000001 23.52,74.45 23.52,74.45 23.56,74.41000000000001 23.56,74.41000000000001 23.52))",2026-08-06 06:00:00,CWC/State reservoir anchor + synthetic prototype elevation-storage curve,SYNTHETIC_PROTOTYPE
R035,D035,Mahi Bajaj Sagar,Mahi Bajaj Sagar,Mahi,Rajasthan,Banswara,23.54,74.43,EPSG:4326,273.0,3707332.45,3.7073,1717295710.1,4590030650.42,3963963164.63,626067485.79,267,268,278,275.41,281,281,279.5,49.05,45.34,3.71,-0.192,459.0,6.0,3.9,"POLYGON((74.41000000000001 23.52,74.45 23.52,74.45 23.56,74.41000000000001 23.56,74.41000000000001 23.52))",2026-08-07 06:00:00,CWC/State reservoir anchor + synthetic prototype elevation-storage curve,SYNTHETIC_PROTOTYPE
R035,D035,Mahi Bajaj Sagar,Mahi Bajaj Sagar,Mahi,Rajasthan,Banswara,23.54,74.43,EPSG:4326,274.0,3989795.87,3.9898,2021825957.5,4590030650.42,3963963164.63,626067485.79,267,268,278,275.4,281,281,279.5,46.47,47.47,-0.99,0.015,459.0,7.0,4.55,"POLYGON((74.41000000000001 23.52,74.45 23.52,74.45 23.56,74.41000000000001 23.56,74.41000000000001 23.52))",2026-08-08 06:00:00,CWC/State reservoir anchor + synthetic prototype elevation-storage curve,SYNTHETIC_PROTOTYPE
R035,D035,Mahi Bajaj Sagar,Mahi Bajaj Sagar,Mahi,Rajasthan,Banswara,23.54,74.43,EPSG:4326,275.0,4272259.3,4.2723,2344721427.83,4590030650.42,3963963164.63,626067485.79,267,268,278,276.02,281,281,279.5,41.1,37.11,3.99,-0.188,459.0,8.0,5.2,"POLYGON((74.41000000000001 23.52,74.45 23.52,74.45 23.56,74.41000000000001 23.56,74.41000000000001 23.52))",2026-08-09 06:00:00,CWC/State reservoir anchor + synthetic prototype elevation-storage curve,SYNTHETIC_PROTOTYPE
R035,D035,Mahi Bajaj Sagar,Mahi Bajaj Sagar,Mahi,Rajasthan,Banswara,23.54,74.43,EPSG:4326,276.0,4554722.72,4.5547,2684220061.75,4590030650.42,3963963164.63,626067485.79,267,268,278,276.46,281,281,279.5,43.91,41.62,2.29,-0.025,459.0,9.0,5.85,"POLYGON((74.41000000000001 23.52,74.45 23.52,74.45 23.56,74.41000000000001 23.56,74.41000000000001 23.52))",2026-08-10 06:00:00,CWC/State reservoir anchor + synthetic prototype elevation-storage curve,SYNTHETIC_PROTOTYPE
R035,D035,Mahi Bajaj Sagar,Mahi Bajaj Sagar,Mahi,Rajasthan,Banswara,23.54,74.43,EPSG:4326,277.0,4837186.15,4.8372,3038934977.45,4590030650.42,3963963164.63,626067485.79,267,268,278,276.09,281,281,279.5,43.86,48.79,-4.93,-0.075,459.0,10.0,6.5,"POLYGON((74.41000000000001 23.52,74.45 23.52,74.45 23.56,74.41000000000001 23.56,74.41000000000001 23.52))",2026-08-11 06:00:00,CWC/State reservoir anchor + synthetic prototype elevation-storage curve,SYNTHETIC_PROTOTYPE
R035,D035,Mahi Bajaj Sagar,Mahi Bajaj Sagar,Mahi,Rajasthan,Banswara,23.54,74.43,EPSG:4326,278.0,5119649.57,5.1196,3407740546.05,4590030650.42,3963963164.63,626067485.79,267,268,278,275.72,281,281,279.5,42.73,37.92,4.82,-0.243,459.0,11.0,7.15,"POLYGON((74.41000000000001 23.52,74.45 23.52,74.45 23.56,74.41000000000001 23.56,74.41000000000001 23.52))",2026-08-12 06:00:00,CWC/State reservoir anchor + synthetic prototype elevation-storage curve,SYNTHETIC_PROTOTYPE
R035,D035,Mahi Bajaj Sagar,Mahi Bajaj Sagar,Mahi,Rajasthan,Banswara,23.54,74.43,EPSG:4326,279.0,5402113.0,5.4021,3789701304.83,4590030650.42,3963963164.63,626067485.79,267,268,278,276.27,281,281,279.5,45.74,50.39,-4.66,0.036,459.0,12.0,7.8,"POLYGON((74.41000000000001 23.52,74.45 23.52,74.45 23.56,74.41000000000001 23.56,74.41000000000001 23.52))",2026-08-13 06:00:00,CWC/State reservoir anchor + synthetic prototype elevation-storage curve,SYNTHETIC_PROTOTYPE
R035,D035,Mahi Bajaj Sagar,Mahi Bajaj Sagar,Mahi,Rajasthan,Banswara,23.54,74.43,EPSG:4326,280.0,5684576.42,5.6846,4184025072.36,4590030650.42,3963963164.63,626067485.79,267,268,278,276.28,281,281,279.5,43.34,51.46,-8.12,0.035,459.0,13.0,8.45,"POLYGON((74.41000000000001 23.52,74.45 23.52,74.45 23.56,74.41000000000001 23.56,74.41000000000001 23.52))",2026-08-14 06:00:00,CWC/State reservoir anchor + synthetic prototype elevation-storage curve,SYNTHETIC_PROTOTYPE
R035,D035,Mahi Bajaj Sagar,Mahi Bajaj Sagar,Mahi,Rajasthan,Banswara,23.54,74.43,EPSG:4326,281.0,5967039.85,5.967,4590030650.42,4590030650.42,3963963164.63,626067485.79,267,268,278,275.88,281,281,279.5,41.87,35.57,6.3,0.257,459.0,14.0,9.1,"POLYGON((74.41000000000001 23.52,74.45 23.52,74.45 23.56,74.41000000000001 23.56,74.41000000000001 23.52))",2026-08-15 06:00:00,CWC/State reservoir anchor + synthetic prototype elevation-storage curve,SYNTHETIC_PROTOTYPE
R036,D036,Bisalpur,Bisalpur,Banas,Rajasthan,Tonk,25.93,75.45,EPSG:4326,308.0,2078805.43,2.0788,368789853.48,4157610864.81,3788821011.33,368789853.48,307,308,318,316.0,321,321,319.5,40.31,39.21,1.11,0.063,415.76,1.0,1.0,"POLYGON((75.43 25.91,75.47 25.91,75.47 25.95,75.43 25.95,75.43 25.91))",2026-08-02 06:00:00,CWC/State reservoir anchor + synthetic prototype elevation-storage curve,SYNTHETIC_PROTOTYPE
R036,D036,Bisalpur,Bisalpur,Banas,Rajasthan,Tonk,25.93,75.45,EPSG:4326,309.0,2334658.41,2.3347,487552690.5,4157610864.81,3788821011.33,368789853.48,307,308,318,315.52,321,321,319.5,38.4,43.67,-5.28,-0.172,415.76,2.0,1.3,"POLYGON((75.43 25.91,75.47 25.91,75.47 25.95,75.43 25.95,75.43 25.91))",2026-08-03 06:00:00,CWC/State reservoir anchor + synthetic prototype elevation-storage curve,SYNTHETIC_PROTOTYPE
R036,D036,Bisalpur,Bisalpur,Banas,Rajasthan,Tonk,25.93,75.45,EPSG:4326,310.0,2590511.38,2.5905,671530725.59,4157610864.81,3788821011.33,368789853.48,307,308,318,315.92,321,321,319.5,38.76,40.74,-1.98,-0.356,415.76,3.0,1.95,"POLYGON((75.43 25.91,75.47 25.91,75.47 25.95,75.43 25.95,75.43 25.91))",2026-08-04 06:00:00,CWC/State reservoir anchor + synthetic prototype elevation-storage curve,SYNTHETIC_PROTOTYPE
R036,D036,Bisalpur,Bisalpur,Banas,Rajasthan,Tonk,25.93,75.45,EPSG:4326,311.0,2846364.36,2.8464,892142298.42,4157610864.81,3788821011.33,368789853.48,307,308,318,316.39,321,321,319.5,43.26,44.22,-0.96,0.317,415.76,4.0,2.6,"POLYGON((75.43 25.91,75.47 25.91,75.47 25.95,75.43 25.95,75.43 25.91))",2026-08-05 06:00:00,CWC/State reservoir anchor + synthetic prototype elevation-storage curve,SYNTHETIC_PROTOTYPE
R036,D036,Bisalpur,Bisalpur,Banas,Rajasthan,Tonk,25.93,75.45,EPSG:4326,312.0,3102217.34,3.1022,1140513045.23,4157610864.81,3788821011.33,368789853.48,307,308,318,316.03,321,321,319.5,41.86,37.33,4.54,-0.156,415.76,5.0,3.25,"POLYGON((75.43 25.91,75.47 25.91,75.47 25.95,75.43 25.95,75.43 25.91))",2026-08-06 06:00:00,CWC/State reservoir anchor + synthetic prototype elevation-storage curve,SYNTHETIC_PROTOTYPE
R036,D036,Bisalpur,Bisalpur,Banas,Rajasthan,Tonk,25.93,75.45,EPSG:4326,313.0,3358070.31,3.3581,1411803689.06,4157610864.81,3788821011.33,368789853.48,307,308,318,316.65,321,321,319.5,39.99,42.23,-2.24,-0.068,415.76,6.0,3.9,"POLYGON((75.43 25.91,75.47 25.91,75.47 25.95,75.43 25.95,75.43 25.91))",2026-08-07 06:00:00,CWC/State reservoir anchor + synthetic prototype elevation-storage curve,SYNTHETIC_PROTOTYPE
R036,D036,Bisalpur,Bisalpur,Banas,Rajasthan,Tonk,25.93,75.45,EPSG:4326,314.0,3613923.29,3.6139,1702878694.55,4157610864.81,3788821011.33,368789853.48,307,308,318,316.52,321,321,319.5,45.05,50.55,-5.51,0.079,415.76,7.0,4.55,"POLYGON((75.43 25.91,75.47 25.91,75.47 25.95,75.43 25.95,75.43 25.91))",2026-08-08 06:00:00,CWC/State reservoir anchor + synthetic prototype elevation-storage curve,SYNTHETIC_PROTOTYPE
R036,D036,Bisalpur,Bisalpur,Banas,Rajasthan,Tonk,25.93,75.45,EPSG:4326,315.0,3869776.27,3.8698,2011507481.36,4157610864.81,3788821011.33,368789853.48,307,308,318,316.6,321,321,319.5,42.58,51.48,-8.9,0.278,415.76,8.0,5.2,"POLYGON((75.43 25.91,75.47 25.91,75.47 25.95,75.43 25.95,75.43 25.91))",2026-08-09 06:00:00,CWC/State reservoir anchor + synthetic prototype elevation-storage curve,SYNTHETIC_PROTOTYPE
R036,D036,Bisalpur,Bisalpur,Banas,Rajasthan,Tonk,25.93,75.45,EPSG:4326,316.0,4125629.24,4.1256,2336005844.26,4157610864.81,3788821011.33,368789853.48,307,308,318,316.55,321,321,319.5,39.6,38.13,1.47,-0.052,415.76,9.0,5.85,"POLYGON((75.43 25.91,75.47 25.91,75.47 25.95,75.43 25.95,75.43 25.91))",2026-08-10 06:00:00,CWC/State reservoir anchor + synthetic prototype elevation-storage curve,SYNTHETIC_PROTOTYPE
R036,D036,Bisalpur,Bisalpur,Banas,Rajasthan,Tonk,25.93,75.45,EPSG:4326,317.0,4381482.22,4.3815,2675048178.87,4157610864.81,3788821011.33,368789853.48,307,308,318,316.31,321,321,319.5,42.65,51.53,-8.88,0.001,415.76,10.0,6.5,"POLYGON((75.43 25.91,75.47 25.91,75.47 25.95,75.43 25.95,75.43 25.91))",2026-08-11 06:00:00,CWC/State reservoir anchor + synthetic prototype elevation-storage curve,SYNTHETIC_PROTOTYPE
R036,D036,Bisalpur,Bisalpur,Banas,Rajasthan,Tonk,25.93,75.45,EPSG:4326,318.0,4637335.2,4.6373,3027558590.64,4157610864.81,3788821011.33,368789853.48,307,308,318,315.74,321,321,319.5,40.83,36.47,4.36,0.009,415.76,11.0,7.15,"POLYGON((75.43 25.91,75.47 25.91,75.47 25.95,75.43 25.95,75.43 25.91))",2026-08-12 06:00:00,CWC/State reservoir anchor + synthetic prototype elevation-storage curve,SYNTHETIC_PROTOTYPE
R036,D036,Bisalpur,Bisalpur,Banas,Rajasthan,Tonk,25.93,75.45,EPSG:4326,319.0,4893188.17,4.8932,3392642948.96,4157610864.81,3788821011.33,368789853.48,307,308,318,316.0,321,321,319.5,37.98,38.59,-0.61,-0.099,415.76,12.0,7.8,"POLYGON((75.43 25.91,75.47 25.91,75.47 25.95,75.43 25.95,75.43 25.91))",2026-08-13 06:00:00,CWC/State reservoir anchor + synthetic prototype elevation-storage curve,SYNTHETIC_PROTOTYPE
R036,D036,Bisalpur,Bisalpur,Banas,Rajasthan,Tonk,25.93,75.45,EPSG:4326,320.0,5149041.15,5.149,3769544073.83,4157610864.81,3788821011.33,368789853.48,307,308,318,316.39,321,321,319.5,39.47,31.53,7.94,-0.201,415.76,13.0,8.45,"POLYGON((75.43 25.91,75.47 25.91,75.47 25.95,75.43 25.95,75.43 25.91))",2026-08-14 06:00:00,CWC/State reservoir anchor + synthetic prototype elevation-storage curve,SYNTHETIC_PROTOTYPE
R036,D036,Bisalpur,Bisalpur,Banas,Rajasthan,Tonk,25.93,75.45,EPSG:4326,321.0,5404894.12,5.4049,4157610864.81,4157610864.81,3788821011.33,368789853.48,307,308,318,316.05,321,321,319.5,44.81,48.64,-3.83,-0.174,415.76,14.0,9.1,"POLYGON((75.43 25.91,75.47 25.91,75.47 25.95,75.43 25.95,75.43 25.91))",2026-08-15 06:00:00,CWC/State reservoir anchor + synthetic prototype elevation-storage curve,SYNTHETIC_PROTOTYPE
R037,D037,Rana Pratap Sagar,Rana Pratap Sagar,Chambal,Rajasthan,Chittorgarh,24.03,75.6,EPSG:4326,310.0,1258547.39,1.2585,326393192.71,2517094785.16,2190701592.45,326393192.71,309,310,320,317.55,323,323,321.5,24.0,22.84,1.16,0.05,251.71,1.0,1.0,"POLYGON((75.58 24.01,75.61999999999999 24.01,75.61999999999999 24.05,75.58 24.05,75.58 24.01))",2026-08-02 06:00:00,CWC/State reservoir anchor + synthetic prototype elevation-storage curve,SYNTHETIC_PROTOTYPE
R037,D037,Rana Pratap Sagar,Rana Pratap Sagar,Chambal,Rajasthan,Chittorgarh,24.03,75.6,EPSG:4326,311.0,1413445.53,1.4134,395062030.69,2517094785.16,2190701592.45,326393192.71,309,310,320,318.57,323,323,321.5,27.69,25.22,2.46,-0.188,251.71,2.0,1.3,"POLYGON((75.58 24.01,75.61999999999999 24.01,75.61999999999999 24.05,75.58 24.05,75.58 24.01))",2026-08-03 06:00:00,CWC/State reservoir anchor + synthetic prototype elevation-storage curve,SYNTHETIC_PROTOTYPE
R037,D037,Rana Pratap Sagar,Rana Pratap Sagar,Chambal,Rajasthan,Chittorgarh,24.03,75.6,EPSG:4326,312.0,1568343.67,1.5683,501438387.15,2517094785.16,2190701592.45,326393192.71,309,310,320,318.58,323,323,321.5,27.81,24.64,3.17,-0.019,251.71,3.0,1.95,"POLYGON((75.58 24.01,75.61999999999999 24.01,75.61999999999999 24.05,75.58 24.05,75.58 24.01))",2026-08-04 06:00:00,CWC/State reservoir anchor + synthetic prototype elevation-storage curve,SYNTHETIC_PROTOTYPE
R037,D037,Rana Pratap Sagar,Rana Pratap Sagar,Chambal,Rajasthan,Chittorgarh,24.03,75.6,EPSG:4326,313.0,1723241.81,1.7232,628996306.21,2517094785.16,2190701592.45,326393192.71,309,310,320,317.44,323,323,321.5,25.0,32.66,-7.66,-0.002,251.71,4.0,2.6,"POLYGON((75.58 24.01,75.61999999999999 24.01,75.61999999999999 24.05,75.58 24.05,75.58 24.01))",2026-08-05 06:00:00,CWC/State reservoir anchor + synthetic prototype elevation-storage curve,SYNTHETIC_PROTOTYPE
R037,D037,Rana Pratap Sagar,Rana Pratap Sagar,Chambal,Rajasthan,Chittorgarh,24.03,75.6,EPSG:4326,314.0,1878139.96,1.8781,772604618.38,2517094785.16,2190701592.45,326393192.71,309,310,320,317.61,323,323,321.5,25.92,32.44,-6.52,0.156,251.71,5.0,3.25,"POLYGON((75.58 24.01,75.61999999999999 24.01,75.61999999999999 24.05,75.58 24.05,75.58 24.01))",2026-08-06 06:00:00,CWC/State reservoir anchor + synthetic prototype elevation-storage curve,SYNTHETIC_PROTOTYPE
R037,D037,Rana Pratap Sagar,Rana Pratap Sagar,Chambal,Rajasthan,Chittorgarh,24.03,75.6,EPSG:4326,315.0,2033038.1,2.033,929465246.97,2517094785.16,2190701592.45,326393192.71,309,310,320,317.62,323,323,321.5,25.82,24.61,1.21,0.004,251.71,6.0,3.9,"POLYGON((75.58 24.01,75.61999999999999 24.01,75.61999999999999 24.05,75.58 24.05,75.58 24.01))",2026-08-07 06:00:00,CWC/State reservoir anchor + synthetic prototype elevation-storage curve,SYNTHETIC_PROTOTYPE
R037,D037,Rana Pratap Sagar,Rana Pratap Sagar,Chambal,Rajasthan,Chittorgarh,24.03,75.6,EPSG:4326,316.0,2187936.24,2.1879,1097765221.07,2517094785.16,2190701592.45,326393192.71,309,310,320,318.38,323,323,321.5,24.02,28.73,-4.71,0.176,251.71,7.0,4.55,"POLYGON((75.58 24.01,75.61999999999999 24.01,75.61999999999999 24.05,75.58 24.05,75.58 24.01))",2026-08-08 06:00:00,CWC/State reservoir anchor + synthetic prototype elevation-storage curve,SYNTHETIC_PROTOTYPE
R037,D037,Rana Pratap Sagar,Rana Pratap Sagar,Chambal,Rajasthan,Chittorgarh,24.03,75.6,EPSG:4326,317.0,2342834.38,2.3428,1276214816.0,2517094785.16,2190701592.45,326393192.71,309,310,320,318.78,323,323,321.5,26.37,25.98,0.39,-0.034,251.71,8.0,5.2,"POLYGON((75.58 24.01,75.61999999999999 24.01,75.61999999999999 24.05,75.58 24.05,75.58 24.01))",2026-08-09 06:00:00,CWC/State reservoir anchor + synthetic prototype elevation-storage curve,SYNTHETIC_PROTOTYPE
R037,D037,Rana Pratap Sagar,Rana Pratap Sagar,Chambal,Rajasthan,Chittorgarh,24.03,75.6,EPSG:4326,318.0,2497732.52,2.4977,1463840221.96,2517094785.16,2190701592.45,326393192.71,309,310,320,318.07,323,323,321.5,25.77,28.81,-3.04,0.149,251.71,9.0,5.85,"POLYGON((75.58 24.01,75.61999999999999 24.01,75.61999999999999 24.05,75.58 24.05,75.58 24.01))",2026-08-10 06:00:00,CWC/State reservoir anchor + synthetic prototype elevation-storage curve,SYNTHETIC_PROTOTYPE
R037,D037,Rana Pratap Sagar,Rana Pratap Sagar,Chambal,Rajasthan,Chittorgarh,24.03,75.6,EPSG:4326,319.0,2652630.66,2.6526,1659874972.64,2517094785.16,2190701592.45,326393192.71,309,310,320,317.59,323,323,321.5,24.47,25.39,-0.92,0.115,251.71,10.0,6.5,"POLYGON((75.58 24.01,75.61999999999999 24.01,75.61999999999999 24.05,75.58 24.05,75.58 24.01))",2026-08-11 06:00:00,CWC/State reservoir anchor + synthetic prototype elevation-storage curve,SYNTHETIC_PROTOTYPE
R037,D037,Rana Pratap Sagar,Rana Pratap Sagar,Chambal,Rajasthan,Chittorgarh,24.03,75.6,EPSG:4326,320.0,2807528.8,2.8075,1863696984.32,2517094785.16,2190701592.45,326393192.71,309,310,320,318.74,323,323,321.5,25.36,23.68,1.68,0.104,251.71,11.0,7.15,"POLYGON((75.58 24.01,75.61999999999999 24.01,75.61999999999999 24.05,75.58 24.05,75.58 24.01))",2026-08-12 06:00:00,CWC/State reservoir anchor + synthetic prototype elevation-storage curve,SYNTHETIC_PROTOTYPE
R037,D037,Rana Pratap Sagar,Rana Pratap Sagar,Chambal,Rajasthan,Chittorgarh,24.03,75.6,EPSG:4326,321.0,2962426.94,2.9624,2074789269.43,2517094785.16,2190701592.45,326393192.71,309,310,320,317.98,323,323,321.5,21.63,21.77,-0.14,0.16,251.71,12.0,7.8,"POLYGON((75.58 24.01,75.61999999999999 24.01,75.61999999999999 24.05,75.58 24.05,75.58 24.01))",2026-08-13 06:00:00,CWC/State reservoir anchor + synthetic prototype elevation-storage curve,SYNTHETIC_PROTOTYPE
R037,D037,Rana Pratap Sagar,Rana Pratap Sagar,Chambal,Rajasthan,Chittorgarh,24.03,75.6,EPSG:4326,322.0,3117325.08,3.1173,2292714025.43,2517094785.16,2190701592.45,326393192.71,309,310,320,318.21,323,323,321.5,28.3,26.02,2.28,-0.038,251.71,13.0,8.45,"POLYGON((75.58 24.01,75.61999999999999 24.01,75.61999999999999 24.05,75.58 24.05,75.58 24.01))",2026-08-14 06:00:00,CWC/State reservoir anchor + synthetic prototype elevation-storage curve,SYNTHETIC_PROTOTYPE
R037,D037,Rana Pratap Sagar,Rana Pratap Sagar,Chambal,Rajasthan,Chittorgarh,24.03,75.6,EPSG:4326,323.0,3272223.22,3.2722,2517094785.16,2517094785.16,2190701592.45,326393192.71,309,310,320,318.7,323,323,321.5,25.61,28.24,-2.63,-0.148,251.71,14.0,9.1,"POLYGON((75.58 24.01,75.61999999999999 24.01,75.61999999999999 24.05,75.58 24.05,75.58 24.01))",2026-08-15 06:00:00,CWC/State reservoir anchor + synthetic prototype elevation-storage curve,SYNTHETIC_PROTOTYPE
R038,D038,Pong,Pong,Beas,Himachal Pradesh,Kangra,31.99,76.08,EPSG:4326,418.0,2843695.07,2.8437,977568751.81,5687390143.71,4709821391.9,977568751.81,417,418,428,426.33,431,431,429.5,57.66,66.84,-9.18,-0.141,568.74,1.0,1.0,"POLYGON((76.06 31.97,76.1 31.97,76.1 32.01,76.06 32.01,76.06 31.97))",2026-08-02 06:00:00,CWC/State reservoir anchor + synthetic prototype elevation-storage curve,SYNTHETIC_PROTOTYPE
R038,D038,Pong,Pong,Beas,Himachal Pradesh,Kangra,31.99,76.08,EPSG:4326,419.0,3193688.31,3.1937,1125200890.85,5687390143.71,4709821391.9,977568751.81,417,418,428,426.01,431,431,429.5,54.88,51.37,3.51,0.172,568.74,2.0,1.3,"POLYGON((76.06 31.97,76.1 31.97,76.1 32.01,76.06 32.01,76.06 31.97))",2026-08-03 06:00:00,CWC/State reservoir anchor + synthetic prototype elevation-storage curve,SYNTHETIC_PROTOTYPE
R038,D038,Pong,Pong,Beas,Himachal Pradesh,Kangra,31.99,76.08,EPSG:4326,420.0,3543681.55,3.5437,1353900975.32,5687390143.71,4709821391.9,977568751.81,417,418,428,425.46,431,431,429.5,53.2,56.65,-3.45,0.084,568.74,3.0,1.95,"POLYGON((76.06 31.97,76.1 31.97,76.1 32.01,76.06 32.01,76.06 31.97))",2026-08-04 06:00:00,CWC/State reservoir anchor + synthetic prototype elevation-storage curve,SYNTHETIC_PROTOTYPE
R038,D038,Pong,Pong,Beas,Himachal Pradesh,Kangra,31.99,76.08,EPSG:4326,421.0,3893674.79,3.8937,1628139611.0,5687390143.71,4709821391.9,977568751.81,417,418,428,425.52,431,431,429.5,58.2,70.32,-12.12,0.129,568.74,4.0,2.6,"POLYGON((76.06 31.97,76.1 31.97,76.1 32.01,76.06 32.01,76.06 31.97))",2026-08-05 06:00:00,CWC/State reservoir anchor + synthetic prototype elevation-storage curve,SYNTHETIC_PROTOTYPE
R038,D038,Pong,Pong,Beas,Himachal Pradesh,Kangra,31.99,76.08,EPSG:4326,422.0,4243668.03,4.2437,1936885221.56,5687390143.71,4709821391.9,977568751.81,417,418,428,425.36,431,431,429.5,58.48,72.85,-14.38,0.192,568.74,5.0,3.25,"POLYGON((76.06 31.97,76.1 31.97,76.1 32.01,76.06 32.01,76.06 31.97))",2026-08-06 06:00:00,CWC/State reservoir anchor + synthetic prototype elevation-storage curve,SYNTHETIC_PROTOTYPE
R038,D038,Pong,Pong,Beas,Himachal Pradesh,Kangra,31.99,76.08,EPSG:4326,423.0,4593661.27,4.5937,2274122181.0,5687390143.71,4709821391.9,977568751.81,417,418,428,425.97,431,431,429.5,56.13,53.96,2.17,-0.28,568.74,6.0,3.9,"POLYGON((76.06 31.97,76.1 31.97,76.1 32.01,76.06 32.01,76.06 31.97))",2026-08-07 06:00:00,CWC/State reservoir anchor + synthetic prototype elevation-storage curve,SYNTHETIC_PROTOTYPE
R038,D038,Pong,Pong,Beas,Himachal Pradesh,Kangra,31.99,76.08,EPSG:4326,424.0,4943654.51,4.9437,2635952756.64,5687390143.71,4709821391.9,977568751.81,417,418,428,426.65,431,431,429.5,55.79,50.5,5.29,-0.221,568.74,7.0,4.55,"POLYGON((76.06 31.97,76.1 31.97,76.1 32.01,76.06 32.01,76.06 31.97))",2026-08-08 06:00:00,CWC/State reservoir anchor + synthetic prototype elevation-storage curve,SYNTHETIC_PROTOTYPE
R038,D038,Pong,Pong,Beas,Himachal Pradesh,Kangra,31.99,76.08,EPSG:4326,425.0,5293647.75,5.2936,3019604150.55,5687390143.71,4709821391.9,977568751.81,417,418,428,426.42,431,431,429.5,60.94,63.21,-2.26,-0.106,568.74,8.0,5.2,"POLYGON((76.06 31.97,76.1 31.97,76.1 32.01,76.06 32.01,76.06 31.97))",2026-08-09 06:00:00,CWC/State reservoir anchor + synthetic prototype elevation-storage curve,SYNTHETIC_PROTOTYPE
R038,D038,Pong,Pong,Beas,Himachal Pradesh,Kangra,31.99,76.08,EPSG:4326,426.0,5643640.99,5.6436,3422982754.78,5687390143.71,4709821391.9,977568751.81,417,418,428,426.68,431,431,429.5,54.64,46.1,8.54,0.001,568.74,9.0,5.85,"POLYGON((76.06 31.97,76.1 31.97,76.1 32.01,76.06 32.01,76.06 31.97))",2026-08-10 06:00:00,CWC/State reservoir anchor + synthetic prototype elevation-storage curve,SYNTHETIC_PROTOTYPE
R038,D038,Pong,Pong,Beas,Himachal Pradesh,Kangra,31.99,76.08,EPSG:4326,427.0,5993634.23,5.9936,3844440732.22,5687390143.71,4709821391.9,977568751.81,417,418,428,426.64,431,431,429.5,56.37,45.39,10.98,-0.134,568.74,10.0,6.5,"POLYGON((76.06 31.97,76.1 31.97,76.1 32.01,76.06 32.01,76.06 31.97))",2026-08-11 06:00:00,CWC/State reservoir anchor + synthetic prototype elevation-storage curve,SYNTHETIC_PROTOTYPE
R038,D038,Pong,Pong,Beas,Himachal Pradesh,Kangra,31.99,76.08,EPSG:4326,428.0,6343627.47,6.3436,4282640655.95,5687390143.71,4709821391.9,977568751.81,417,418,428,426.07,431,431,429.5,57.33,72.02,-14.69,-0.047,568.74,11.0,7.15,"POLYGON((76.06 31.97,76.1 31.97,76.1 32.01,76.06 32.01,76.06 31.97))",2026-08-12 06:00:00,CWC/State reservoir anchor + synthetic prototype elevation-storage curve,SYNTHETIC_PROTOTYPE
R038,D038,Pong,Pong,Beas,Himachal Pradesh,Kangra,31.99,76.08,EPSG:4326,429.0,6693620.71,6.6936,4736471046.86,5687390143.71,4709821391.9,977568751.81,417,418,428,425.6,431,431,429.5,52.25,41.97,10.29,0.109,568.74,12.0,7.8,"POLYGON((76.06 31.97,76.1 31.97,76.1 32.01,76.06 32.01,76.06 31.97))",2026-08-13 06:00:00,CWC/State reservoir anchor + synthetic prototype elevation-storage curve,SYNTHETIC_PROTOTYPE
R038,D038,Pong,Pong,Beas,Himachal Pradesh,Kangra,31.99,76.08,EPSG:4326,430.0,7043613.95,7.0436,5204990666.88,5687390143.71,4709821391.9,977568751.81,417,418,428,426.73,431,431,429.5,54.7,55.17,-0.47,0.014,568.74,13.0,8.45,"POLYGON((76.06 31.97,76.1 31.97,76.1 32.01,76.06 32.01,76.06 31.97))",2026-08-14 06:00:00,CWC/State reservoir anchor + synthetic prototype elevation-storage curve,SYNTHETIC_PROTOTYPE
R038,D038,Pong,Pong,Beas,Himachal Pradesh,Kangra,31.99,76.08,EPSG:4326,431.0,7393607.19,7.3936,5687390143.71,5687390143.71,4709821391.9,977568751.81,417,418,428,425.85,431,431,429.5,60.86,55.17,5.69,-0.121,568.74,14.0,9.1,"POLYGON((76.06 31.97,76.1 31.97,76.1 32.01,76.06 32.01,76.06 31.97))",2026-08-15 06:00:00,CWC/State reservoir anchor + synthetic prototype elevation-storage curve,SYNTHETIC_PROTOTYPE
R039,D039,Pandoh,Pandoh,Beas,Himachal Pradesh,Mandi,31.71,77.03,EPSG:4326,908.0,1000000.0,1.0,286061682.57,1948589033.06,1662527350.49,286061682.57,907,908,918,915.99,921,921,919.5,18.38,13.93,4.45,0.071,194.86,1.0,1.0,"POLYGON((77.01 31.69,77.05 31.69,77.05 31.73,77.01 31.73,77.01 31.69))",2026-08-02 06:00:00,CWC/State reservoir anchor + synthetic prototype elevation-storage curve,SYNTHETIC_PROTOTYPE
R039,D039,Pandoh,Pandoh,Beas,Himachal Pradesh,Mandi,31.71,77.03,EPSG:4326,909.0,1094207.69,1.0942,338174586.34,1948589033.06,1662527350.49,286061682.57,907,908,918,916.29,921,921,919.5,21.99,18.37,3.62,0.038,194.86,2.0,1.3,"POLYGON((77.01 31.69,77.05 31.69,77.05 31.73,77.01 31.73,77.01 31.69))",2026-08-03 06:00:00,CWC/State reservoir anchor + synthetic prototype elevation-storage curve,SYNTHETIC_PROTOTYPE
R039,D039,Pandoh,Pandoh,Beas,Himachal Pradesh,Mandi,31.71,77.03,EPSG:4326,910.0,1214120.86,1.2141,418903793.22,1948589033.06,1662527350.49,286061682.57,907,908,918,916.63,921,921,919.5,18.41,17.52,0.89,-0.104,194.86,3.0,1.95,"POLYGON((77.01 31.69,77.05 31.69,77.05 31.73,77.01 31.73,77.01 31.69))",2026-08-04 06:00:00,CWC/State reservoir anchor + synthetic prototype elevation-storage curve,SYNTHETIC_PROTOTYPE
R039,D039,Pandoh,Pandoh,Beas,Himachal Pradesh,Mandi,31.71,77.03,EPSG:4326,911.0,1334034.03,1.334,515707725.78,1948589033.06,1662527350.49,286061682.57,907,908,918,916.05,921,921,919.5,21.37,14.57,6.79,0.05,194.86,4.0,2.6,"POLYGON((77.01 31.69,77.05 31.69,77.05 31.73,77.01 31.73,77.01 31.69))",2026-08-05 06:00:00,CWC/State reservoir anchor + synthetic prototype elevation-storage curve,SYNTHETIC_PROTOTYPE
R039,D039,Pandoh,Pandoh,Beas,Himachal Pradesh,Mandi,31.71,77.03,EPSG:4326,912.0,1453947.2,1.4539,624692330.33,1948589033.06,1662527350.49,286061682.57,907,908,918,915.31,921,921,919.5,18.92,19.41,-0.49,0.023,194.86,5.0,3.25,"POLYGON((77.01 31.69,77.05 31.69,77.05 31.73,77.01 31.73,77.01 31.69))",2026-08-06 06:00:00,CWC/State reservoir anchor + synthetic prototype elevation-storage curve,SYNTHETIC_PROTOTYPE
R039,D039,Pandoh,Pandoh,Beas,Himachal Pradesh,Mandi,31.71,77.03,EPSG:4326,913.0,1573860.37,1.5739,743734141.47,1948589033.06,1662527350.49,286061682.57,907,908,918,915.33,921,921,919.5,19.89,22.24,-2.35,0.222,194.86,6.0,3.9,"POLYGON((77.01 31.69,77.05 31.69,77.05 31.73,77.01 31.73,77.01 31.69))",2026-08-07 06:00:00,CWC/State reservoir anchor + synthetic prototype elevation-storage curve,SYNTHETIC_PROTOTYPE
R039,D039,Pandoh,Pandoh,Beas,Himachal Pradesh,Mandi,31.71,77.03,EPSG:4326,914.0,1693773.54,1.6938,871457292.35,1948589033.06,1662527350.49,286061682.57,907,908,918,916.33,921,921,919.5,21.71,25.24,-3.54,-0.211,194.86,7.0,4.55,"POLYGON((77.01 31.69,77.05 31.69,77.05 31.73,77.01 31.73,77.01 31.69))",2026-08-08 06:00:00,CWC/State reservoir anchor + synthetic prototype elevation-storage curve,SYNTHETIC_PROTOTYPE
R039,D039,Pandoh,Pandoh,Beas,Himachal Pradesh,Mandi,31.71,77.03,EPSG:4326,915.0,1813686.72,1.8137,1006883008.6,1948589033.06,1662527350.49,286061682.57,907,908,918,916.39,921,921,919.5,19.37,16.67,2.7,0.209,194.86,8.0,5.2,"POLYGON((77.01 31.69,77.05 31.69,77.05 31.73,77.01 31.73,77.01 31.69))",2026-08-09 06:00:00,CWC/State reservoir anchor + synthetic prototype elevation-storage curve,SYNTHETIC_PROTOTYPE
R039,D039,Pandoh,Pandoh,Beas,Himachal Pradesh,Mandi,31.71,77.03,EPSG:4326,916.0,1933599.89,1.9336,1149272264.23,1948589033.06,1662527350.49,286061682.57,907,908,918,915.33,921,921,919.5,18.91,22.08,-3.16,-0.02,194.86,9.0,5.85,"POLYGON((77.01 31.69,77.05 31.69,77.05 31.73,77.01 31.73,77.01 31.69))",2026-08-10 06:00:00,CWC/State reservoir anchor + synthetic prototype elevation-storage curve,SYNTHETIC_PROTOTYPE
R039,D039,Pandoh,Pandoh,Beas,Himachal Pradesh,Mandi,31.71,77.03,EPSG:4326,917.0,2053513.06,2.0535,1298043386.59,1948589033.06,1662527350.49,286061682.57,907,908,918,915.21,921,921,919.5,17.63,17.13,0.49,-0.106,194.86,10.0,6.5,"POLYGON((77.01 31.69,77.05 31.69,77.05 31.73,77.01 31.73,77.01 31.69))",2026-08-11 06:00:00,CWC/State reservoir anchor + synthetic prototype elevation-storage curve,SYNTHETIC_PROTOTYPE
R039,D039,Pandoh,Pandoh,Beas,Himachal Pradesh,Mandi,31.71,77.03,EPSG:4326,918.0,2173426.23,2.1734,1452724275.22,1948589033.06,1662527350.49,286061682.57,907,908,918,915.75,921,921,919.5,18.78,24.92,-6.14,-0.158,194.86,11.0,7.15,"POLYGON((77.01 31.69,77.05 31.69,77.05 31.73,77.01 31.73,77.01 31.69))",2026-08-12 06:00:00,CWC/State reservoir anchor + synthetic prototype elevation-storage curve,SYNTHETIC_PROTOTYPE
R039,D039,Pandoh,Pandoh,Beas,Himachal Pradesh,Mandi,31.71,77.03,EPSG:4326,919.0,2293339.4,2.2933,1612922587.34,1948589033.06,1662527350.49,286061682.57,907,908,918,915.36,921,921,919.5,18.7,22.59,-3.89,0.05,194.86,12.0,7.8,"POLYGON((77.01 31.69,77.05 31.69,77.05 31.73,77.01 31.73,77.01 31.69))",2026-08-13 06:00:00,CWC/State reservoir anchor + synthetic prototype elevation-storage curve,SYNTHETIC_PROTOTYPE
R039,D039,Pandoh,Pandoh,Beas,Himachal Pradesh,Mandi,31.71,77.03,EPSG:4326,920.0,2413252.57,2.4133,1778306073.83,1948589033.06,1662527350.49,286061682.57,907,908,918,916.74,921,921,919.5,18.79,17.39,1.39,-0.137,194.86,13.0,8.45,"POLYGON((77.01 31.69,77.05 31.69,77.05 31.73,77.01 31.73,77.01 31.69))",2026-08-14 06:00:00,CWC/State reservoir anchor + synthetic prototype elevation-storage curve,SYNTHETIC_PROTOTYPE
R039,D039,Pandoh,Pandoh,Beas,Himachal Pradesh,Mandi,31.71,77.03,EPSG:4326,921.0,2533165.74,2.5332,1948589033.06,1948589033.06,1662527350.49,286061682.57,907,908,918,915.81,921,921,919.5,20.9,25.87,-4.97,0.097,194.86,14.0,9.1,"POLYGON((77.01 31.69,77.05 31.69,77.05 31.73,77.01 31.73,77.01 31.69))",2026-08-15 06:00:00,CWC/State reservoir anchor + synthetic prototype elevation-storage curve,SYNTHETIC_PROTOTYPE
R040,D040,Dulhasti,Dulhasti,Chenab,Jammu and Kashmir,Kishtwar,33.55,76.0,EPSG:4326,1088.0,1172500.98,1.1725,418433047.51,2345001957.78,1926568910.27,418433047.51,1087,1088,1098,1095.67,1101,1101,1099.5,22.22,26.55,-4.33,-0.115,234.5,1.0,1.0,"POLYGON((75.98 33.529999999999994,76.02 33.529999999999994,76.02 33.57,75.98 33.57,75.98 33.529999999999994))",2026-08-02 06:00:00,CWC/State reservoir anchor + synthetic prototype elevation-storage curve,SYNTHETIC_PROTOTYPE
R040,D040,Dulhasti,Dulhasti,Chenab,Jammu and Kashmir,Kishtwar,33.55,76.0,EPSG:4326,1089.0,1316808.79,1.3168,478822490.24,2345001957.78,1926568910.27,418433047.51,1087,1088,1098,1095.56,1101,1101,1099.5,23.57,22.75,0.82,-0.24,234.5,2.0,1.3,"POLYGON((75.98 33.529999999999994,76.02 33.529999999999994,76.02 33.57,75.98 33.57,75.98 33.529999999999994))",2026-08-03 06:00:00,CWC/State reservoir anchor + synthetic prototype elevation-storage curve,SYNTHETIC_PROTOTYPE
R040,D040,Dulhasti,Dulhasti,Chenab,Jammu and Kashmir,Kishtwar,33.55,76.0,EPSG:4326,1090.0,1461116.6,1.4611,572373059.54,2345001957.78,1926568910.27,418433047.51,1087,1088,1098,1096.0,1101,1101,1099.5,22.35,27.69,-5.35,0.098,234.5,3.0,1.95,"POLYGON((75.98 33.529999999999994,76.02 33.529999999999994,76.02 33.57,75.98 33.57,75.98 33.529999999999994))",2026-08-04 06:00:00,CWC/State reservoir anchor + synthetic prototype elevation-storage curve,SYNTHETIC_PROTOTYPE
R040,D040,Dulhasti,Dulhasti,Chenab,Jammu and Kashmir,Kishtwar,33.55,76.0,EPSG:4326,1091.0,1605424.42,1.6054,684551332.46,2345001957.78,1926568910.27,418433047.51,1087,1088,1098,1096.01,1101,1101,1099.5,24.84,22.78,2.06,0.042,234.5,4.0,2.6,"POLYGON((75.98 33.529999999999994,76.02 33.529999999999994,76.02 33.57,75.98 33.57,75.98 33.529999999999994))",2026-08-05 06:00:00,CWC/State reservoir anchor + synthetic prototype elevation-storage curve,SYNTHETIC_PROTOTYPE
R040,D040,Dulhasti,Dulhasti,Chenab,Jammu and Kashmir,Kishtwar,33.55,76.0,EPSG:4326,1092.0,1749732.23,1.7497,810844804.12,2345001957.78,1926568910.27,418433047.51,1087,1088,1098,1095.62,1101,1101,1099.5,22.18,18.56,3.63,-0.048,234.5,5.0,3.25,"POLYGON((75.98 33.529999999999994,76.02 33.529999999999994,76.02 33.57,75.98 33.57,75.98 33.529999999999994))",2026-08-06 06:00:00,CWC/State reservoir anchor + synthetic prototype elevation-storage curve,SYNTHETIC_PROTOTYPE
R040,D040,Dulhasti,Dulhasti,Chenab,Jammu and Kashmir,Kishtwar,33.55,76.0,EPSG:4326,1093.0,1894040.04,1.894,948792761.68,2345001957.78,1926568910.27,418433047.51,1087,1088,1098,1095.23,1101,1101,1099.5,22.2,23.62,-1.42,0.153,234.5,6.0,3.9,"POLYGON((75.98 33.529999999999994,76.02 33.529999999999994,76.02 33.57,75.98 33.57,75.98 33.529999999999994))",2026-08-07 06:00:00,CWC/State reservoir anchor + synthetic prototype elevation-storage curve,SYNTHETIC_PROTOTYPE
R040,D040,Dulhasti,Dulhasti,Chenab,Jammu and Kashmir,Kishtwar,33.55,76.0,EPSG:4326,1094.0,2038347.86,2.0383,1096800823.94,2345001957.78,1926568910.27,418433047.51,1087,1088,1098,1095.42,1101,1101,1099.5,23.44,22.3,1.15,-0.026,234.5,7.0,4.55,"POLYGON((75.98 33.529999999999994,76.02 33.529999999999994,76.02 33.57,75.98 33.57,75.98 33.529999999999994))",2026-08-08 06:00:00,CWC/State reservoir anchor + synthetic prototype elevation-storage curve,SYNTHETIC_PROTOTYPE
R040,D040,Dulhasti,Dulhasti,Chenab,Jammu and Kashmir,Kishtwar,33.55,76.0,EPSG:4326,1095.0,2182655.67,2.1827,1253734768.22,2345001957.78,1926568910.27,418433047.51,1087,1088,1098,1096.77,1101,1101,1099.5,22.67,21.17,1.5,0.097,234.5,8.0,5.2,"POLYGON((75.98 33.529999999999994,76.02 33.529999999999994,76.02 33.57,75.98 33.57,75.98 33.529999999999994))",2026-08-09 06:00:00,CWC/State reservoir anchor + synthetic prototype elevation-storage curve,SYNTHETIC_PROTOTYPE
R040,D040,Dulhasti,Dulhasti,Chenab,Jammu and Kashmir,Kishtwar,33.55,76.0,EPSG:4326,1096.0,2326963.48,2.327,1418738196.87,2345001957.78,1926568910.27,418433047.51,1087,1088,1098,1096.05,1101,1101,1099.5,24.96,18.19,6.76,-0.062,234.5,9.0,5.85,"POLYGON((75.98 33.529999999999994,76.02 33.529999999999994,76.02 33.57,75.98 33.57,75.98 33.529999999999994))",2026-08-10 06:00:00,CWC/State reservoir anchor + synthetic prototype elevation-storage curve,SYNTHETIC_PROTOTYPE
R040,D040,Dulhasti,Dulhasti,Chenab,Jammu and Kashmir,Kishtwar,33.55,76.0,EPSG:4326,1097.0,2471271.29,2.4713,1591137056.34,2345001957.78,1926568910.27,418433047.51,1087,1088,1098,1096.19,1101,1101,1099.5,23.65,21.92,1.74,0.117,234.5,10.0,6.5,"POLYGON((75.98 33.529999999999994,76.02 33.529999999999994,76.02 33.57,75.98 33.57,75.98 33.529999999999994))",2026-08-11 06:00:00,CWC/State reservoir anchor + synthetic prototype elevation-storage curve,SYNTHETIC_PROTOTYPE
R040,D040,Dulhasti,Dulhasti,Chenab,Jammu and Kashmir,Kishtwar,33.55,76.0,EPSG:4326,1098.0,2615579.11,2.6156,1770384267.5,2345001957.78,1926568910.27,418433047.51,1087,1088,1098,1095.75,1101,1101,1099.5,23.66,19.18,4.48,0.15,234.5,11.0,7.15,"POLYGON((75.98 33.529999999999994,76.02 33.529999999999994,76.02 33.57,75.98 33.57,75.98 33.529999999999994))",2026-08-12 06:00:00,CWC/State reservoir anchor + synthetic prototype elevation-storage curve,SYNTHETIC_PROTOTYPE
R040,D040,Dulhasti,Dulhasti,Chenab,Jammu and Kashmir,Kishtwar,33.55,76.0,EPSG:4326,1099.0,2759886.92,2.7599,1956025175.92,2345001957.78,1926568910.27,418433047.51,1087,1088,1098,1096.19,1101,1101,1099.5,22.78,25.88,-3.1,0.169,234.5,12.0,7.8,"POLYGON((75.98 33.529999999999994,76.02 33.529999999999994,76.02 33.57,75.98 33.57,75.98 33.529999999999994))",2026-08-13 06:00:00,CWC/State reservoir anchor + synthetic prototype elevation-storage curve,SYNTHETIC_PROTOTYPE
R040,D040,Dulhasti,Dulhasti,Chenab,Jammu and Kashmir,Kishtwar,33.55,76.0,EPSG:4326,1100.0,2904194.73,2.9042,2147674764.86,2345001957.78,1926568910.27,418433047.51,1087,1088,1098,1096.63,1101,1101,1099.5,23.19,20.16,3.04,-0.115,234.5,13.0,8.45,"POLYGON((75.98 33.529999999999994,76.02 33.529999999999994,76.02 33.57,75.98 33.57,75.98 33.529999999999994))",2026-08-14 06:00:00,CWC/State reservoir anchor + synthetic prototype elevation-storage curve,SYNTHETIC_PROTOTYPE
R040,D040,Dulhasti,Dulhasti,Chenab,Jammu and Kashmir,Kishtwar,33.55,76.0,EPSG:4326,1101.0,3048502.55,3.0485,2345001957.78,2345001957.78,1926568910.27,418433047.51,1087,1088,1098,1095.6,1101,1101,1099.5,23.68,24.35,-0.67,-0.083,234.5,14.0,9.1,"POLYGON((75.98 33.529999999999994,76.02 33.529999999999994,76.02 33.57,75.98 33.57,75.98 33.529999999999994))",2026-08-15 06:00:00,CWC/State reservoir anchor + synthetic prototype elevation-storage curve,SYNTHETIC_PROTOTYPE
R041,D041,Salal,Salal,Chenab,Jammu and Kashmir,Reasi,33.15,74.83,EPSG:4326,463.0,2671030.83,2.671,440720889.76,5342061651.28,4901340761.52,440720889.76,462,463,473,470.56,476,476,474.5,54.04,54.73,-0.69,0.037,534.21,1.0,1.0,"POLYGON((74.81 33.129999999999995,74.85 33.129999999999995,74.85 33.17,74.81 33.17,74.81 33.129999999999995))",2026-08-02 06:00:00,CWC/State reservoir anchor + synthetic prototype elevation-storage curve,SYNTHETIC_PROTOTYPE
R041,D041,Salal,Salal,Chenab,Jammu and Kashmir,Reasi,33.15,74.83,EPSG:4326,464.0,2999773.08,2.9998,594356316.8,5342061651.28,4901340761.52,440720889.76,462,463,473,470.92,476,476,474.5,56.44,58.57,-2.13,-0.027,534.21,2.0,1.3,"POLYGON((74.81 33.129999999999995,74.85 33.129999999999995,74.85 33.17,74.81 33.17,74.81 33.129999999999995))",2026-08-03 06:00:00,CWC/State reservoir anchor + synthetic prototype elevation-storage curve,SYNTHETIC_PROTOTYPE
R041,D041,Salal,Salal,Chenab,Jammu and Kashmir,Reasi,33.15,74.83,EPSG:4326,465.0,3328515.34,3.3285,832356222.29,5342061651.28,4901340761.52,440720889.76,462,463,473,471.47,476,476,474.5,53.07,49.02,4.05,-0.139,534.21,3.0,1.95,"POLYGON((74.81 33.129999999999995,74.85 33.129999999999995,74.85 33.17,74.81 33.17,74.81 33.129999999999995))",2026-08-04 06:00:00,CWC/State reservoir anchor + synthetic prototype elevation-storage curve,SYNTHETIC_PROTOTYPE
R041,D041,Salal,Salal,Chenab,Jammu and Kashmir,Reasi,33.15,74.83,EPSG:4326,466.0,3657257.59,3.6573,1117746450.85,5342061651.28,4901340761.52,440720889.76,462,463,473,471.35,476,476,474.5,56.59,56.47,0.12,-0.038,534.21,4.0,2.6,"POLYGON((74.81 33.129999999999995,74.85 33.129999999999995,74.85 33.17,74.81 33.17,74.81 33.129999999999995))",2026-08-05 06:00:00,CWC/State reservoir anchor + synthetic prototype elevation-storage curve,SYNTHETIC_PROTOTYPE
R041,D041,Salal,Salal,Chenab,Jammu and Kashmir,Reasi,33.15,74.83,EPSG:4326,467.0,3985999.85,3.986,1439046839.98,5342061651.28,4901340761.52,440720889.76,462,463,473,470.67,476,476,474.5,53.61,52.35,1.27,0.124,534.21,5.0,3.25,"POLYGON((74.81 33.129999999999995,74.85 33.129999999999995,74.85 33.17,74.81 33.17,74.81 33.129999999999995))",2026-08-06 06:00:00,CWC/State reservoir anchor + synthetic prototype elevation-storage curve,SYNTHETIC_PROTOTYPE
R041,D041,Salal,Salal,Chenab,Jammu and Kashmir,Reasi,33.15,74.83,EPSG:4326,468.0,4314742.1,4.3147,1789997145.32,5342061651.28,4901340761.52,440720889.76,462,463,473,471.4,476,476,474.5,54.06,49.02,5.05,0.249,534.21,6.0,3.9,"POLYGON((74.81 33.129999999999995,74.85 33.129999999999995,74.85 33.17,74.81 33.17,74.81 33.129999999999995))",2026-08-07 06:00:00,CWC/State reservoir anchor + synthetic prototype elevation-storage curve,SYNTHETIC_PROTOTYPE
R041,D041,Salal,Salal,Chenab,Jammu and Kashmir,Reasi,33.15,74.83,EPSG:4326,469.0,4643484.36,4.6435,2166541137.45,5342061651.28,4901340761.52,440720889.76,462,463,473,471.78,476,476,474.5,52.67,50.54,2.13,0.163,534.21,7.0,4.55,"POLYGON((74.81 33.129999999999995,74.85 33.129999999999995,74.85 33.17,74.81 33.17,74.81 33.129999999999995))",2026-08-08 06:00:00,CWC/State reservoir anchor + synthetic prototype elevation-storage curve,SYNTHETIC_PROTOTYPE
R041,D041,Salal,Salal,Chenab,Jammu and Kashmir,Reasi,33.15,74.83,EPSG:4326,470.0,4972226.61,4.9722,2565793265.87,5342061651.28,4901340761.52,440720889.76,462,463,473,471.8,476,476,474.5,54.85,51.82,3.03,0.059,534.21,8.0,5.2,"POLYGON((74.81 33.129999999999995,74.85 33.129999999999995,74.85 33.17,74.81 33.17,74.81 33.129999999999995))",2026-08-09 06:00:00,CWC/State reservoir anchor + synthetic prototype elevation-storage curve,SYNTHETIC_PROTOTYPE
R041,D041,Salal,Salal,Chenab,Jammu and Kashmir,Reasi,33.15,74.83,EPSG:4326,471.0,5300968.87,5.301,2985574788.51,5342061651.28,4901340761.52,440720889.76,462,463,473,470.94,476,476,474.5,54.88,53.58,1.3,-0.2,534.21,9.0,5.85,"POLYGON((74.81 33.129999999999995,74.85 33.129999999999995,74.85 33.17,74.81 33.17,74.81 33.129999999999995))",2026-08-10 06:00:00,CWC/State reservoir anchor + synthetic prototype elevation-storage curve,SYNTHETIC_PROTOTYPE
R041,D041,Salal,Salal,Chenab,Jammu and Kashmir,Reasi,33.15,74.83,EPSG:4326,472.0,5629711.12,5.6297,3424170860.88,5342061651.28,4901340761.52,440720889.76,462,463,473,471.43,476,476,474.5,54.51,57.46,-2.95,-0.176,534.21,10.0,6.5,"POLYGON((74.81 33.129999999999995,74.85 33.129999999999995,74.85 33.17,74.81 33.17,74.81 33.129999999999995))",2026-08-11 06:00:00,CWC/State reservoir anchor + synthetic prototype elevation-storage curve,SYNTHETIC_PROTOTYPE
R041,D041,Salal,Salal,Chenab,Jammu and Kashmir,Reasi,33.15,74.83,EPSG:4326,473.0,5958453.38,5.9585,3880189671.19,5342061651.28,4901340761.52,440720889.76,462,463,473,470.58,476,476,474.5,49.57,47.29,2.28,0.135,534.21,11.0,7.15,"POLYGON((74.81 33.129999999999995,74.85 33.129999999999995,74.85 33.17,74.81 33.17,74.81 33.129999999999995))",2026-08-12 06:00:00,CWC/State reservoir anchor + synthetic prototype elevation-storage curve,SYNTHETIC_PROTOTYPE
R041,D041,Salal,Salal,Chenab,Jammu and Kashmir,Reasi,33.15,74.83,EPSG:4326,474.0,6287195.64,6.2872,4352474543.31,5342061651.28,4901340761.52,440720889.76,462,463,473,470.52,476,476,474.5,56.5,78.51,-22.01,-0.089,534.21,12.0,7.8,"POLYGON((74.81 33.129999999999995,74.85 33.129999999999995,74.85 33.17,74.81 33.17,74.81 33.129999999999995))",2026-08-13 06:00:00,CWC/State reservoir anchor + synthetic prototype elevation-storage curve,SYNTHETIC_PROTOTYPE
R041,D041,Salal,Salal,Chenab,Jammu and Kashmir,Reasi,33.15,74.83,EPSG:4326,475.0,6615937.89,6.6159,4840045964.83,5342061651.28,4901340761.52,440720889.76,462,463,473,470.86,476,476,474.5,51.09,26.48,24.61,-0.027,534.21,13.0,8.45,"POLYGON((74.81 33.129999999999995,74.85 33.129999999999995,74.85 33.17,74.81 33.17,74.81 33.129999999999995))",2026-08-14 06:00:00,CWC/State reservoir anchor + synthetic prototype elevation-storage curve,SYNTHETIC_PROTOTYPE
R041,D041,Salal,Salal,Chenab,Jammu and Kashmir,Reasi,33.15,74.83,EPSG:4326,476.0,6944680.15,6.9447,5342061651.28,5342061651.28,4901340761.52,440720889.76,462,463,473,471.56,476,476,474.5,56.01,60.73,-4.72,0.032,534.21,14.0,9.1,"POLYGON((74.81 33.129999999999995,74.85 33.129999999999995,74.85 33.17,74.81 33.17,74.81 33.129999999999995))",2026-08-15 06:00:00,CWC/State reservoir anchor + synthetic prototype elevation-storage curve,SYNTHETIC_PROTOTYPE
R042,D042,Uri,Uri,Jhelum,Jammu and Kashmir,Baramulla,34.08,74.07,EPSG:4326,1438.0,1144010.72,1.144,238022769.65,2288021432.45,2049998662.79,238022769.65,1437,1438,1448,1445.79,1451,1451,1449.5,21.66,20.02,1.65,0.243,228.8,1.0,1.0,"POLYGON((74.05 34.059999999999995,74.08999999999999 34.059999999999995,74.08999999999999 34.1,74.05 34.1,74.05 34.059999999999995))",2026-08-02 06:00:00,CWC/State reservoir anchor + synthetic prototype elevation-storage curve,SYNTHETIC_PROTOTYPE
R042,D042,Uri,Uri,Jhelum,Jammu and Kashmir,Baramulla,34.08,74.07,EPSG:4326,1439.0,1284812.04,1.2848,302281191.04,2288021432.45,2049998662.79,238022769.65,1437,1438,1448,1445.55,1451,1451,1449.5,24.36,27.32,-2.95,0.026,228.8,2.0,1.3,"POLYGON((74.05 34.059999999999995,74.08999999999999 34.059999999999995,74.08999999999999 34.1,74.05 34.1,74.05 34.059999999999995))",2026-08-03 06:00:00,CWC/State reservoir anchor + synthetic prototype elevation-storage curve,SYNTHETIC_PROTOTYPE
R042,D042,Uri,Uri,Jhelum,Jammu and Kashmir,Baramulla,34.08,74.07,EPSG:4326,1440.0,1425613.35,1.4256,401825277.39,2288021432.45,2049998662.79,238022769.65,1437,1438,1448,1446.02,1451,1451,1449.5,22.61,22.91,-0.3,0.078,228.8,3.0,1.95,"POLYGON((74.05 34.059999999999995,74.08999999999999 34.059999999999995,74.08999999999999 34.1,74.05 34.1,74.05 34.059999999999995))",2026-08-04 06:00:00,CWC/State reservoir anchor + synthetic prototype elevation-storage curve,SYNTHETIC_PROTOTYPE
R042,D042,Uri,Uri,Jhelum,Jammu and Kashmir,Baramulla,34.08,74.07,EPSG:4326,1441.0,1566414.67,1.5664,521190490.98,2288021432.45,2049998662.79,238022769.65,1437,1438,1448,1445.91,1451,1451,1449.5,22.43,25.58,-3.15,-0.044,228.8,4.0,2.6,"POLYGON((74.05 34.059999999999995,74.08999999999999 34.059999999999995,74.08999999999999 34.1,74.05 34.1,74.05 34.059999999999995))",2026-08-05 06:00:00,CWC/State reservoir anchor + synthetic prototype elevation-storage curve,SYNTHETIC_PROTOTYPE
R042,D042,Uri,Uri,Jhelum,Jammu and Kashmir,Baramulla,34.08,74.07,EPSG:4326,1442.0,1707215.99,1.7072,655575223.68,2288021432.45,2049998662.79,238022769.65,1437,1438,1448,1446.1,1451,1451,1449.5,22.75,21.11,1.64,-0.041,228.8,5.0,3.25,"POLYGON((74.05 34.059999999999995,74.08999999999999 34.059999999999995,74.08999999999999 34.1,74.05 34.1,74.05 34.059999999999995))",2026-08-06 06:00:00,CWC/State reservoir anchor + synthetic prototype elevation-storage curve,SYNTHETIC_PROTOTYPE
R042,D042,Uri,Uri,Jhelum,Jammu and Kashmir,Baramulla,34.08,74.07,EPSG:4326,1443.0,1848017.31,1.848,802361111.8,2288021432.45,2049998662.79,238022769.65,1437,1438,1448,1445.39,1451,1451,1449.5,23.22,21.73,1.49,0.136,228.8,6.0,3.9,"POLYGON((74.05 34.059999999999995,74.08999999999999 34.059999999999995,74.08999999999999 34.1,74.05 34.1,74.05 34.059999999999995))",2026-08-07 06:00:00,CWC/State reservoir anchor + synthetic prototype elevation-storage curve,SYNTHETIC_PROTOTYPE
R042,D042,Uri,Uri,Jhelum,Jammu and Kashmir,Baramulla,34.08,74.07,EPSG:4326,1444.0,1988818.63,1.9888,959851626.72,2288021432.45,2049998662.79,238022769.65,1437,1438,1448,1445.46,1451,1451,1449.5,21.67,24.11,-2.45,-0.248,228.8,7.0,4.55,"POLYGON((74.05 34.059999999999995,74.08999999999999 34.059999999999995,74.08999999999999 34.1,74.05 34.1,74.05 34.059999999999995))",2026-08-08 06:00:00,CWC/State reservoir anchor + synthetic prototype elevation-storage curve,SYNTHETIC_PROTOTYPE
R042,D042,Uri,Uri,Jhelum,Jammu and Kashmir,Baramulla,34.08,74.07,EPSG:4326,1445.0,2129619.95,2.1296,1126839879.36,2288021432.45,2049998662.79,238022769.65,1437,1438,1448,1446.49,1451,1451,1449.5,21.8,19.94,1.86,-0.177,228.8,8.0,5.2,"POLYGON((74.05 34.059999999999995,74.08999999999999 34.059999999999995,74.08999999999999 34.1,74.05 34.1,74.05 34.059999999999995))",2026-08-09 06:00:00,CWC/State reservoir anchor + synthetic prototype elevation-storage curve,SYNTHETIC_PROTOTYPE
R042,D042,Uri,Uri,Jhelum,Jammu and Kashmir,Baramulla,34.08,74.07,EPSG:4326,1446.0,2270421.27,2.2704,1302414605.13,2288021432.45,2049998662.79,238022769.65,1437,1438,1448,1446.27,1451,1451,1449.5,23.73,22.81,0.92,-0.065,228.8,9.0,5.85,"POLYGON((74.05 34.059999999999995,74.08999999999999 34.059999999999995,74.08999999999999 34.1,74.05 34.1,74.05 34.059999999999995))",2026-08-10 06:00:00,CWC/State reservoir anchor + synthetic prototype elevation-storage curve,SYNTHETIC_PROTOTYPE
R042,D042,Uri,Uri,Jhelum,Jammu and Kashmir,Baramulla,34.08,74.07,EPSG:4326,1447.0,2411222.59,2.4112,1485858565.79,2288021432.45,2049998662.79,238022769.65,1437,1438,1448,1446.61,1451,1451,1449.5,23.23,20.38,2.85,0.087,228.8,10.0,6.5,"POLYGON((74.05 34.059999999999995,74.08999999999999 34.059999999999995,74.08999999999999 34.1,74.05 34.1,74.05 34.059999999999995))",2026-08-11 06:00:00,CWC/State reservoir anchor + synthetic prototype elevation-storage curve,SYNTHETIC_PROTOTYPE
R042,D042,Uri,Uri,Jhelum,Jammu and Kashmir,Baramulla,34.08,74.07,EPSG:4326,1448.0,2552023.91,2.552,1676589632.42,2288021432.45,2049998662.79,238022769.65,1437,1438,1448,1445.48,1451,1451,1449.5,22.93,21.22,1.71,0.025,228.8,11.0,7.15,"POLYGON((74.05 34.059999999999995,74.08999999999999 34.059999999999995,74.08999999999999 34.1,74.05 34.1,74.05 34.059999999999995))",2026-08-12 06:00:00,CWC/State reservoir anchor + synthetic prototype elevation-storage curve,SYNTHETIC_PROTOTYPE
R042,D042,Uri,Uri,Jhelum,Jammu and Kashmir,Baramulla,34.08,74.07,EPSG:4326,1449.0,2692825.22,2.6928,1874124022.17,2288021432.45,2049998662.79,238022769.65,1437,1438,1448,1446.39,1451,1451,1449.5,23.27,22.29,0.98,0.088,228.8,12.0,7.8,"POLYGON((74.05 34.059999999999995,74.08999999999999 34.059999999999995,74.08999999999999 34.1,74.05 34.1,74.05 34.059999999999995))",2026-08-13 06:00:00,CWC/State reservoir anchor + synthetic prototype elevation-storage curve,SYNTHETIC_PROTOTYPE
R042,D042,Uri,Uri,Jhelum,Jammu and Kashmir,Baramulla,34.08,74.07,EPSG:4326,1450.0,2833626.54,2.8336,2078052051.41,2288021432.45,2049998662.79,238022769.65,1437,1438,1448,1445.97,1451,1451,1449.5,22.0,23.98,-1.98,-0.045,228.8,13.0,8.45,"POLYGON((74.05 34.059999999999995,74.08999999999999 34.059999999999995,74.08999999999999 34.1,74.05 34.1,74.05 34.059999999999995))",2026-08-14 06:00:00,CWC/State reservoir anchor + synthetic prototype elevation-storage curve,SYNTHETIC_PROTOTYPE
R042,D042,Uri,Uri,Jhelum,Jammu and Kashmir,Baramulla,34.08,74.07,EPSG:4326,1451.0,2974427.86,2.9744,2288021432.45,2288021432.45,2049998662.79,238022769.65,1437,1438,1448,1445.74,1451,1451,1449.5,23.27,24.7,-1.43,0.019,228.8,14.0,9.1,"POLYGON((74.05 34.059999999999995,74.08999999999999 34.059999999999995,74.08999999999999 34.1,74.05 34.1,74.05 34.059999999999995))",2026-08-15 06:00:00,CWC/State reservoir anchor + synthetic prototype elevation-storage curve,SYNTHETIC_PROTOTYPE
R043,D043,Baglihar,Baglihar,Chenab,Jammu and Kashmir,Ramban,33.17,75.32,EPSG:4326,808.0,1000000.0,1.0,255038633.79,1812643938.31,1557605304.51,255038633.79,807,808,818,816.27,821,821,819.5,17.9,15.45,2.45,0.025,181.26,1.0,1.0,"POLYGON((75.3 33.15,75.33999999999999 33.15,75.33999999999999 33.190000000000005,75.3 33.190000000000005,75.3 33.15))",2026-08-02 06:00:00,CWC/State reservoir anchor + synthetic prototype elevation-storage curve,SYNTHETIC_PROTOTYPE
R043,D043,Baglihar,Baglihar,Chenab,Jammu and Kashmir,Ramban,33.17,75.32,EPSG:4326,809.0,1017869.29,1.0179,303862693.93,1812643938.31,1557605304.51,255038633.79,807,808,818,816.7,821,821,819.5,17.62,17.45,0.16,-0.034,181.26,2.0,1.3,"POLYGON((75.3 33.15,75.33999999999999 33.15,75.33999999999999 33.190000000000005,75.3 33.190000000000005,75.3 33.15))",2026-08-03 06:00:00,CWC/State reservoir anchor + synthetic prototype elevation-storage curve,SYNTHETIC_PROTOTYPE
R043,D043,Baglihar,Baglihar,Chenab,Jammu and Kashmir,Ramban,33.17,75.32,EPSG:4326,810.0,1129416.61,1.1294,379497083.24,1812643938.31,1557605304.51,255038633.79,807,808,818,816.17,821,821,819.5,18.83,25.25,-6.42,0.041,181.26,3.0,1.95,"POLYGON((75.3 33.15,75.33999999999999 33.15,75.33999999999999 33.190000000000005,75.3 33.190000000000005,75.3 33.15))",2026-08-04 06:00:00,CWC/State reservoir anchor + synthetic prototype elevation-storage curve,SYNTHETIC_PROTOTYPE
R043,D043,Baglihar,Baglihar,Chenab,Jammu and Kashmir,Ramban,33.17,75.32,EPSG:4326,811.0,1240963.93,1.241,470191722.82,1812643938.31,1557605304.51,255038633.79,807,808,818,815.56,821,821,819.5,19.2,22.57,-3.37,0.162,181.26,4.0,2.6,"POLYGON((75.3 33.15,75.33999999999999 33.15,75.33999999999999 33.190000000000005,75.3 33.190000000000005,75.3 33.15))",2026-08-05 06:00:00,CWC/State reservoir anchor + synthetic prototype elevation-storage curve,SYNTHETIC_PROTOTYPE
R043,D043,Baglihar,Baglihar,Chenab,Jammu and Kashmir,Ramban,33.17,75.32,EPSG:4326,812.0,1352511.25,1.3525,572298312.59,1812643938.31,1557605304.51,255038633.79,807,808,818,815.83,821,821,819.5,18.02,18.84,-0.82,0.045,181.26,5.0,3.25,"POLYGON((75.3 33.15,75.33999999999999 33.15,75.33999999999999 33.190000000000005,75.3 33.190000000000005,75.3 33.15))",2026-08-06 06:00:00,CWC/State reservoir anchor + synthetic prototype elevation-storage curve,SYNTHETIC_PROTOTYPE
R043,D043,Baglihar,Baglihar,Chenab,Jammu and Kashmir,Ramban,33.17,75.32,EPSG:4326,813.0,1464058.57,1.4641,683827398.98,1812643938.31,1557605304.51,255038633.79,807,808,818,816.18,821,821,819.5,18.31,15.81,2.5,-0.101,181.26,6.0,3.9,"POLYGON((75.3 33.15,75.33999999999999 33.15,75.33999999999999 33.190000000000005,75.3 33.190000000000005,75.3 33.15))",2026-08-07 06:00:00,CWC/State reservoir anchor + synthetic prototype elevation-storage curve,SYNTHETIC_PROTOTYPE
R043,D043,Baglihar,Baglihar,Chenab,Jammu and Kashmir,Ramban,33.17,75.32,EPSG:4326,814.0,1575605.88,1.5756,803489946.04,1812643938.31,1557605304.51,255038633.79,807,808,818,815.8,821,821,819.5,16.29,16.49,-0.2,-0.251,181.26,7.0,4.55,"POLYGON((75.3 33.15,75.33999999999999 33.15,75.33999999999999 33.190000000000005,75.3 33.190000000000005,75.3 33.15))",2026-08-08 06:00:00,CWC/State reservoir anchor + synthetic prototype elevation-storage curve,SYNTHETIC_PROTOTYPE
R043,D043,Baglihar,Baglihar,Chenab,Jammu and Kashmir,Ramban,33.17,75.32,EPSG:4326,815.0,1687153.2,1.6872,930368949.83,1812643938.31,1557605304.51,255038633.79,807,808,818,815.22,821,821,819.5,18.75,21.57,-2.82,0.25,181.26,8.0,5.2,"POLYGON((75.3 33.15,75.33999999999999 33.15,75.33999999999999 33.190000000000005,75.3 33.190000000000005,75.3 33.15))",2026-08-09 06:00:00,CWC/State reservoir anchor + synthetic prototype elevation-storage curve,SYNTHETIC_PROTOTYPE
R043,D043,Baglihar,Baglihar,Chenab,Jammu and Kashmir,Ramban,33.17,75.32,EPSG:4326,816.0,1798700.52,1.7987,1063772024.26,1812643938.31,1557605304.51,255038633.79,807,808,818,816.51,821,821,819.5,19.82,15.75,4.07,0.066,181.26,9.0,5.85,"POLYGON((75.3 33.15,75.33999999999999 33.15,75.33999999999999 33.190000000000005,75.3 33.190000000000005,75.3 33.15))",2026-08-10 06:00:00,CWC/State reservoir anchor + synthetic prototype elevation-storage curve,SYNTHETIC_PROTOTYPE
R043,D043,Baglihar,Baglihar,Chenab,Jammu and Kashmir,Ramban,33.17,75.32,EPSG:4326,817.0,1910247.84,1.9102,1203154206.01,1812643938.31,1557605304.51,255038633.79,807,808,818,815.91,821,821,819.5,18.51,21.52,-3.01,-0.089,181.26,10.0,6.5,"POLYGON((75.3 33.15,75.33999999999999 33.15,75.33999999999999 33.190000000000005,75.3 33.190000000000005,75.3 33.15))",2026-08-11 06:00:00,CWC/State reservoir anchor + synthetic prototype elevation-storage curve,SYNTHETIC_PROTOTYPE
R043,D043,Baglihar,Baglihar,Chenab,Jammu and Kashmir,Ramban,33.17,75.32,EPSG:4326,818.0,2021795.16,2.0218,1348073188.89,1812643938.31,1557605304.51,255038633.79,807,808,818,815.62,821,821,819.5,17.38,15.05,2.33,-0.218,181.26,11.0,7.15,"POLYGON((75.3 33.15,75.33999999999999 33.15,75.33999999999999 33.190000000000005,75.3 33.190000000000005,75.3 33.15))",2026-08-12 06:00:00,CWC/State reservoir anchor + synthetic prototype elevation-storage curve,SYNTHETIC_PROTOTYPE
R043,D043,Baglihar,Baglihar,Chenab,Jammu and Kashmir,Ramban,33.17,75.32,EPSG:4326,819.0,2133342.48,2.1333,1498161390.85,1812643938.31,1557605304.51,255038633.79,807,808,818,816.78,821,821,819.5,17.18,18.95,-1.77,-0.01,181.26,12.0,7.8,"POLYGON((75.3 33.15,75.33999999999999 33.15,75.33999999999999 33.190000000000005,75.3 33.190000000000005,75.3 33.15))",2026-08-13 06:00:00,CWC/State reservoir anchor + synthetic prototype elevation-storage curve,SYNTHETIC_PROTOTYPE
R043,D043,Baglihar,Baglihar,Chenab,Jammu and Kashmir,Ramban,33.17,75.32,EPSG:4326,820.0,2244889.8,2.2449,1653107530.98,1812643938.31,1557605304.51,255038633.79,807,808,818,815.38,821,821,819.5,18.06,19.28,-1.21,-0.118,181.26,13.0,8.45,"POLYGON((75.3 33.15,75.33999999999999 33.15,75.33999999999999 33.190000000000005,75.3 33.190000000000005,75.3 33.15))",2026-08-14 06:00:00,CWC/State reservoir anchor + synthetic prototype elevation-storage curve,SYNTHETIC_PROTOTYPE
R043,D043,Baglihar,Baglihar,Chenab,Jammu and Kashmir,Ramban,33.17,75.32,EPSG:4326,821.0,2356437.12,2.3564,1812643938.31,1812643938.31,1557605304.51,255038633.79,807,808,818,816.66,821,821,819.5,17.62,17.72,-0.1,0.14,181.26,14.0,9.1,"POLYGON((75.3 33.15,75.33999999999999 33.15,75.33999999999999 33.190000000000005,75.3 33.190000000000005,75.3 33.15))",2026-08-15 06:00:00,CWC/State reservoir anchor + synthetic prototype elevation-storage curve,SYNTHETIC_PROTOTYPE
R044,D044,Kishanganga,Kishanganga,Kishanganga,Jammu and Kashmir,Bandipora,34.55,74.79,EPSG:4326,1488.0,2718289.01,2.7183,911885102.09,5436578016.74,4524692914.65,911885102.09,1487,1488,1498,1496.33,1501,1501,1499.5,54.4,59.73,-5.33,0.168,543.66,1.0,1.0,"POLYGON((74.77000000000001 34.529999999999994,74.81 34.529999999999994,74.81 34.57,74.77000000000001 34.57,74.77000000000001 34.529999999999994))",2026-08-02 06:00:00,CWC/State reservoir anchor + synthetic prototype elevation-storage curve,SYNTHETIC_PROTOTYPE
R044,D044,Kishanganga,Kishanganga,Kishanganga,Jammu and Kashmir,Bandipora,34.55,74.79,EPSG:4326,1489.0,3052847.66,3.0528,1053714279.45,5436578016.74,4524692914.65,911885102.09,1487,1488,1498,1495.2,1501,1501,1499.5,55.62,56.8,-1.18,0.078,543.66,2.0,1.3,"POLYGON((74.77000000000001 34.529999999999994,74.81 34.529999999999994,74.81 34.57,74.77000000000001 34.57,74.77000000000001 34.529999999999994))",2026-08-03 06:00:00,CWC/State reservoir anchor + synthetic prototype elevation-storage curve,SYNTHETIC_PROTOTYPE
R044,D044,Kishanganga,Kishanganga,Kishanganga,Jammu and Kashmir,Bandipora,34.55,74.79,EPSG:4326,1490.0,3387406.3,3.3874,1273424872.62,5436578016.74,4524692914.65,911885102.09,1487,1488,1498,1495.32,1501,1501,1499.5,57.13,64.55,-7.43,0.132,543.66,3.0,1.95,"POLYGON((74.77000000000001 34.529999999999994,74.81 34.529999999999994,74.81 34.57,74.77000000000001 34.57,74.77000000000001 34.529999999999994))",2026-08-04 06:00:00,CWC/State reservoir anchor + synthetic prototype elevation-storage curve,SYNTHETIC_PROTOTYPE
R044,D044,Kishanganga,Kishanganga,Kishanganga,Jammu and Kashmir,Bandipora,34.55,74.79,EPSG:4326,1491.0,3721964.95,3.722,1536884037.75,5436578016.74,4524692914.65,911885102.09,1487,1488,1498,1496.6,1501,1501,1499.5,54.69,64.16,-9.47,-0.311,543.66,4.0,2.6,"POLYGON((74.77000000000001 34.529999999999994,74.81 34.529999999999994,74.81 34.57,74.77000000000001 34.57,74.77000000000001 34.529999999999994))",2026-08-05 06:00:00,CWC/State reservoir anchor + synthetic prototype elevation-storage curve,SYNTHETIC_PROTOTYPE
R044,D044,Kishanganga,Kishanganga,Kishanganga,Jammu and Kashmir,Bandipora,34.55,74.79,EPSG:4326,1492.0,4056523.6,4.0565,1833493815.55,5436578016.74,4524692914.65,911885102.09,1487,1488,1498,1495.92,1501,1501,1499.5,58.0,58.86,-0.86,-0.03,543.66,5.0,3.25,"POLYGON((74.77000000000001 34.529999999999994,74.81 34.529999999999994,74.81 34.57,74.77000000000001 34.57,74.77000000000001 34.529999999999994))",2026-08-06 06:00:00,CWC/State reservoir anchor + synthetic prototype elevation-storage curve,SYNTHETIC_PROTOTYPE
R044,D044,Kishanganga,Kishanganga,Kishanganga,Jammu and Kashmir,Bandipora,34.55,74.79,EPSG:4326,1493.0,4391082.24,4.3911,2157475035.64,5436578016.74,4524692914.65,911885102.09,1487,1488,1498,1496.2,1501,1501,1499.5,51.96,67.16,-15.2,0.022,543.66,6.0,3.9,"POLYGON((74.77000000000001 34.529999999999994,74.81 34.529999999999994,74.81 34.57,74.77000000000001 34.57,74.77000000000001 34.529999999999994))",2026-08-07 06:00:00,CWC/State reservoir anchor + synthetic prototype elevation-storage curve,SYNTHETIC_PROTOTYPE
R044,D044,Kishanganga,Kishanganga,Kishanganga,Jammu and Kashmir,Bandipora,34.55,74.79,EPSG:4326,1494.0,4725640.89,4.7256,2505083173.11,5436578016.74,4524692914.65,911885102.09,1487,1488,1498,1495.87,1501,1501,1499.5,50.1,53.93,-3.83,0.288,543.66,7.0,4.55,"POLYGON((74.77000000000001 34.529999999999994,74.81 34.529999999999994,74.81 34.57,74.77000000000001 34.57,74.77000000000001 34.529999999999994))",2026-08-08 06:00:00,CWC/State reservoir anchor + synthetic prototype elevation-storage curve,SYNTHETIC_PROTOTYPE
R044,D044,Kishanganga,Kishanganga,Kishanganga,Jammu and Kashmir,Bandipora,34.55,74.79,EPSG:4326,1495.0,5060199.54,5.0602,2873654420.15,5436578016.74,4524692914.65,911885102.09,1487,1488,1498,1496.21,1501,1501,1499.5,51.5,35.37,16.13,-0.052,543.66,8.0,5.2,"POLYGON((74.77000000000001 34.529999999999994,74.81 34.529999999999994,74.81 34.57,74.77000000000001 34.57,74.77000000000001 34.529999999999994))",2026-08-09 06:00:00,CWC/State reservoir anchor + synthetic prototype elevation-storage curve,SYNTHETIC_PROTOTYPE
R044,D044,Kishanganga,Kishanganga,Kishanganga,Jammu and Kashmir,Bandipora,34.55,74.79,EPSG:4326,1496.0,5394758.19,5.3948,3261177462.03,5436578016.74,4524692914.65,911885102.09,1487,1488,1498,1496.42,1501,1501,1499.5,53.23,37.41,15.82,0.251,543.66,9.0,5.85,"POLYGON((74.77000000000001 34.529999999999994,74.81 34.529999999999994,74.81 34.57,74.77000000000001 34.57,74.77000000000001 34.529999999999994))",2026-08-10 06:00:00,CWC/State reservoir anchor + synthetic prototype elevation-storage curve,SYNTHETIC_PROTOTYPE
R044,D044,Kishanganga,Kishanganga,Kishanganga,Jammu and Kashmir,Bandipora,34.55,74.79,EPSG:4326,1497.0,5729316.83,5.7293,3666069233.0,5436578016.74,4524692914.65,911885102.09,1487,1488,1498,1495.49,1501,1501,1499.5,49.18,57.26,-8.08,0.352,543.66,10.0,6.5,"POLYGON((74.77000000000001 34.529999999999994,74.81 34.529999999999994,74.81 34.57,74.77000000000001 34.57,74.77000000000001 34.529999999999994))",2026-08-11 06:00:00,CWC/State reservoir anchor + synthetic prototype elevation-storage curve,SYNTHETIC_PROTOTYPE
R044,D044,Kishanganga,Kishanganga,Kishanganga,Jammu and Kashmir,Bandipora,34.55,74.79,EPSG:4326,1498.0,6063875.48,6.0639,4087044876.26,5436578016.74,4524692914.65,911885102.09,1487,1488,1498,1495.93,1501,1501,1499.5,55.55,54.11,1.44,0.079,543.66,11.0,7.15,"POLYGON((74.77000000000001 34.529999999999994,74.81 34.529999999999994,74.81 34.57,74.77000000000001 34.57,74.77000000000001 34.529999999999994))",2026-08-12 06:00:00,CWC/State reservoir anchor + synthetic prototype elevation-storage curve,SYNTHETIC_PROTOTYPE
R044,D044,Kishanganga,Kishanganga,Kishanganga,Jammu and Kashmir,Bandipora,34.55,74.79,EPSG:4326,1499.0,6398434.13,6.3984,4523036601.5,5436578016.74,4524692914.65,911885102.09,1487,1488,1498,1495.86,1501,1501,1499.5,52.76,57.96,-5.21,-0.268,543.66,12.0,7.8,"POLYGON((74.77000000000001 34.529999999999994,74.81 34.529999999999994,74.81 34.57,74.77000000000001 34.57,74.77000000000001 34.529999999999994))",2026-08-13 06:00:00,CWC/State reservoir anchor + synthetic prototype elevation-storage curve,SYNTHETIC_PROTOTYPE
R044,D044,Kishanganga,Kishanganga,Kishanganga,Jammu and Kashmir,Bandipora,34.55,74.79,EPSG:4326,1500.0,6732992.77,6.733,4973140167.79,5436578016.74,4524692914.65,911885102.09,1487,1488,1498,1496.08,1501,1501,1499.5,59.89,57.03,2.86,0.051,543.66,13.0,8.45,"POLYGON((74.77000000000001 34.529999999999994,74.81 34.529999999999994,74.81 34.57,74.77000000000001 34.57,74.77000000000001 34.529999999999994))",2026-08-14 06:00:00,CWC/State reservoir anchor + synthetic prototype elevation-storage curve,SYNTHETIC_PROTOTYPE
R044,D044,Kishanganga,Kishanganga,Kishanganga,Jammu and Kashmir,Bandipora,34.55,74.79,EPSG:4326,1501.0,7067551.42,7.0676,5436578016.74,5436578016.74,4524692914.65,911885102.09,1487,1488,1498,1495.64,1501,1501,1499.5,50.13,40.63,9.5,-0.078,543.66,14.0,9.1,"POLYGON((74.77000000000001 34.529999999999994,74.81 34.529999999999994,74.81 34.57,74.77000000000001 34.57,74.77000000000001 34.529999999999994))",2026-08-15 06:00:00,CWC/State reservoir anchor + synthetic prototype elevation-storage curve,SYNTHETIC_PROTOTYPE
R045,D045,Ranjit Sagar,Ranjit Sagar,Ravi,Punjab,Pathankot,32.43,75.65,EPSG:4326,518.0,1385728.65,1.3857,338899180.34,2771457301.96,2432558121.62,338899180.34,517,518,528,525.35,531,531,529.5,27.06,29.15,-2.09,-0.163,277.15,1.0,1.0,"POLYGON((75.63000000000001 32.41,75.67 32.41,75.67 32.45,75.63000000000001 32.45,75.63000000000001 32.41))",2026-08-02 06:00:00,CWC/State reservoir anchor + synthetic prototype elevation-storage curve,SYNTHETIC_PROTOTYPE
R045,D045,Ranjit Sagar,Ranjit Sagar,Ravi,Punjab,Pathankot,32.43,75.65,EPSG:4326,519.0,1556279.87,1.5563,415149154.38,2771457301.96,2432558121.62,338899180.34,517,518,528,525.93,531,531,529.5,28.03,23.92,4.11,0.068,277.15,2.0,1.3,"POLYGON((75.63000000000001 32.41,75.67 32.41,75.67 32.45,75.63000000000001 32.45,75.63000000000001 32.41))",2026-08-03 06:00:00,CWC/State reservoir anchor + synthetic prototype elevation-storage curve,SYNTHETIC_PROTOTYPE
R045,D045,Ranjit Sagar,Ranjit Sagar,Ravi,Punjab,Pathankot,32.43,75.65,EPSG:4326,520.0,1726831.09,1.7268,533269609.83,2771457301.96,2432558121.62,338899180.34,517,518,528,526.42,531,531,529.5,27.74,21.94,5.8,-0.115,277.15,3.0,1.95,"POLYGON((75.63000000000001 32.41,75.67 32.41,75.67 32.45,75.63000000000001 32.45,75.63000000000001 32.41))",2026-08-04 06:00:00,CWC/State reservoir anchor + synthetic prototype elevation-storage curve,SYNTHETIC_PROTOTYPE
R045,D045,Ranjit Sagar,Ranjit Sagar,Ravi,Punjab,Pathankot,32.43,75.65,EPSG:4326,521.0,1897382.31,1.8974,674910102.11,2771457301.96,2432558121.62,338899180.34,517,518,528,526.72,531,531,529.5,28.69,28.16,0.53,0.139,277.15,4.0,2.6,"POLYGON((75.63000000000001 32.41,75.67 32.41,75.67 32.45,75.63000000000001 32.45,75.63000000000001 32.41))",2026-08-05 06:00:00,CWC/State reservoir anchor + synthetic prototype elevation-storage curve,SYNTHETIC_PROTOTYPE
R045,D045,Ranjit Sagar,Ranjit Sagar,Ravi,Punjab,Pathankot,32.43,75.65,EPSG:4326,522.0,2067933.53,2.0679,834372973.41,2771457301.96,2432558121.62,338899180.34,517,518,528,525.3,531,531,529.5,28.71,26.08,2.64,-0.045,277.15,5.0,3.25,"POLYGON((75.63000000000001 32.41,75.67 32.41,75.67 32.45,75.63000000000001 32.45,75.63000000000001 32.41))",2026-08-06 06:00:00,CWC/State reservoir anchor + synthetic prototype elevation-storage curve,SYNTHETIC_PROTOTYPE
R045,D045,Ranjit Sagar,Ranjit Sagar,Ravi,Punjab,Pathankot,32.43,75.65,EPSG:4326,523.0,2238484.74,2.2385,1008551235.46,2771457301.96,2432558121.62,338899180.34,517,518,528,526.7,531,531,529.5,27.29,27.82,-0.53,-0.066,277.15,6.0,3.9,"POLYGON((75.63000000000001 32.41,75.67 32.41,75.67 32.45,75.63000000000001 32.45,75.63000000000001 32.41))",2026-08-07 06:00:00,CWC/State reservoir anchor + synthetic prototype elevation-storage curve,SYNTHETIC_PROTOTYPE
R045,D045,Ranjit Sagar,Ranjit Sagar,Ravi,Punjab,Pathankot,32.43,75.65,EPSG:4326,524.0,2409035.96,2.409,1195431762.8,2771457301.96,2432558121.62,338899180.34,517,518,528,525.57,531,531,529.5,27.49,34.07,-6.58,-0.039,277.15,7.0,4.55,"POLYGON((75.63000000000001 32.41,75.67 32.41,75.67 32.45,75.63000000000001 32.45,75.63000000000001 32.41))",2026-08-08 06:00:00,CWC/State reservoir anchor + synthetic prototype elevation-storage curve,SYNTHETIC_PROTOTYPE
R045,D045,Ranjit Sagar,Ranjit Sagar,Ravi,Punjab,Pathankot,32.43,75.65,EPSG:4326,525.0,2579587.18,2.5796,1393582443.36,2771457301.96,2432558121.62,338899180.34,517,518,528,525.28,531,531,529.5,29.95,29.75,0.2,0.133,277.15,8.0,5.2,"POLYGON((75.63000000000001 32.41,75.67 32.41,75.67 32.45,75.63000000000001 32.45,75.63000000000001 32.41))",2026-08-09 06:00:00,CWC/State reservoir anchor + synthetic prototype elevation-storage curve,SYNTHETIC_PROTOTYPE
R045,D045,Ranjit Sagar,Ranjit Sagar,Ravi,Punjab,Pathankot,32.43,75.65,EPSG:4326,526.0,2750138.4,2.7501,1601921957.36,2771457301.96,2432558121.62,338899180.34,517,518,528,526.45,531,531,529.5,28.12,38.68,-10.56,-0.18,277.15,9.0,5.85,"POLYGON((75.63000000000001 32.41,75.67 32.41,75.67 32.45,75.63000000000001 32.45,75.63000000000001 32.41))",2026-08-10 06:00:00,CWC/State reservoir anchor + synthetic prototype elevation-storage curve,SYNTHETIC_PROTOTYPE
R045,D045,Ranjit Sagar,Ranjit Sagar,Ravi,Punjab,Pathankot,32.43,75.65,EPSG:4326,527.0,2920689.62,2.9207,1819599219.54,2771457301.96,2432558121.62,338899180.34,517,518,528,525.23,531,531,529.5,29.52,27.65,1.87,-0.449,277.15,10.0,6.5,"POLYGON((75.63000000000001 32.41,75.67 32.41,75.67 32.45,75.63000000000001 32.45,75.63000000000001 32.41))",2026-08-11 06:00:00,CWC/State reservoir anchor + synthetic prototype elevation-storage curve,SYNTHETIC_PROTOTYPE
R045,D045,Ranjit Sagar,Ranjit Sagar,Ravi,Punjab,Pathankot,32.43,75.65,EPSG:4326,528.0,3091240.84,3.0912,2045923467.25,2771457301.96,2432558121.62,338899180.34,517,518,528,526.71,531,531,529.5,29.1,32.78,-3.68,0.147,277.15,11.0,7.15,"POLYGON((75.63000000000001 32.41,75.67 32.41,75.67 32.45,75.63000000000001 32.45,75.63000000000001 32.41))",2026-08-12 06:00:00,CWC/State reservoir anchor + synthetic prototype elevation-storage curve,SYNTHETIC_PROTOTYPE
R045,D045,Ranjit Sagar,Ranjit Sagar,Ravi,Punjab,Pathankot,32.43,75.65,EPSG:4326,529.0,3261792.06,3.2618,2280320636.78,2771457301.96,2432558121.62,338899180.34,517,518,528,525.55,531,531,529.5,30.06,29.85,0.21,-0.112,277.15,12.0,7.8,"POLYGON((75.63000000000001 32.41,75.67 32.41,75.67 32.45,75.63000000000001 32.45,75.63000000000001 32.41))",2026-08-13 06:00:00,CWC/State reservoir anchor + synthetic prototype elevation-storage curve,SYNTHETIC_PROTOTYPE
R045,D045,Ranjit Sagar,Ranjit Sagar,Ravi,Punjab,Pathankot,32.43,75.65,EPSG:4326,530.0,3432343.27,3.4323,2522304591.57,2771457301.96,2432558121.62,338899180.34,517,518,528,526.08,531,531,529.5,27.22,31.73,-4.51,-0.2,277.15,13.0,8.45,"POLYGON((75.63000000000001 32.41,75.67 32.41,75.67 32.45,75.63000000000001 32.45,75.63000000000001 32.41))",2026-08-14 06:00:00,CWC/State reservoir anchor + synthetic prototype elevation-storage curve,SYNTHETIC_PROTOTYPE
R045,D045,Ranjit Sagar,Ranjit Sagar,Ravi,Punjab,Pathankot,32.43,75.65,EPSG:4326,531.0,3602894.49,3.6029,2771457301.96,2771457301.96,2432558121.62,338899180.34,517,518,528,526.74,531,531,529.5,28.22,27.41,0.8,0.065,277.15,14.0,9.1,"POLYGON((75.63000000000001 32.41,75.67 32.41,75.67 32.45,75.63000000000001 32.45,75.63000000000001 32.41))",2026-08-15 06:00:00,CWC/State reservoir anchor + synthetic prototype elevation-storage curve,SYNTHETIC_PROTOTYPE
R046,D046,Doyang,Doyang,Doyang,Nagaland,Wokha,26.12,94.18,EPSG:4326,348.0,2308551.8,2.3086,589314449.63,4617103604.08,4027789154.45,589314449.63,347,348,358,355.79,361,361,359.5,43.61,54.63,-11.03,0.033,461.71,1.0,1.0,"POLYGON((94.16000000000001 26.1,94.2 26.1,94.2 26.14,94.16000000000001 26.14,94.16000000000001 26.1))",2026-08-02 06:00:00,CWC/State reservoir anchor + synthetic prototype elevation-storage curve,SYNTHETIC_PROTOTYPE
R046,D046,Doyang,Doyang,Doyang,Nagaland,Wokha,26.12,94.18,EPSG:4326,349.0,2592681.25,2.5927,715567884.53,4617103604.08,4027789154.45,589314449.63,347,348,358,355.34,361,361,359.5,47.58,51.87,-4.29,-0.048,461.71,2.0,1.3,"POLYGON((94.16000000000001 26.1,94.2 26.1,94.2 26.14,94.16000000000001 26.14,94.16000000000001 26.1))",2026-08-03 06:00:00,CWC/State reservoir anchor + synthetic prototype elevation-storage curve,SYNTHETIC_PROTOTYPE
R046,D046,Doyang,Doyang,Doyang,Nagaland,Wokha,26.12,94.18,EPSG:4326,350.0,2876810.71,2.8768,911149764.01,4617103604.08,4027789154.45,589314449.63,347,348,358,355.39,361,361,359.5,46.5,51.76,-5.27,-0.175,461.71,3.0,1.95,"POLYGON((94.16000000000001 26.1,94.2 26.1,94.2 26.14,94.16000000000001 26.14,94.16000000000001 26.1))",2026-08-04 06:00:00,CWC/State reservoir anchor + synthetic prototype elevation-storage curve,SYNTHETIC_PROTOTYPE
R046,D046,Doyang,Doyang,Doyang,Nagaland,Wokha,26.12,94.18,EPSG:4326,351.0,3160940.16,3.1609,1145675728.08,4617103604.08,4027789154.45,589314449.63,347,348,358,355.44,361,361,359.5,48.49,56.02,-7.54,-0.091,461.71,4.0,2.6,"POLYGON((94.16000000000001 26.1,94.2 26.1,94.2 26.14,94.16000000000001 26.14,94.16000000000001 26.1))",2026-08-05 06:00:00,CWC/State reservoir anchor + synthetic prototype elevation-storage curve,SYNTHETIC_PROTOTYPE
R046,D046,Doyang,Doyang,Doyang,Nagaland,Wokha,26.12,94.18,EPSG:4326,352.0,3445069.61,3.4451,1409711690.0,4617103604.08,4027789154.45,589314449.63,347,348,358,356.75,361,361,359.5,47.11,47.84,-0.73,-0.187,461.71,5.0,3.25,"POLYGON((94.16000000000001 26.1,94.2 26.1,94.2 26.14,94.16000000000001 26.14,94.16000000000001 26.1))",2026-08-06 06:00:00,CWC/State reservoir anchor + synthetic prototype elevation-storage curve,SYNTHETIC_PROTOTYPE
R046,D046,Doyang,Doyang,Doyang,Nagaland,Wokha,26.12,94.18,EPSG:4326,353.0,3729199.06,3.7292,1698113150.42,4617103604.08,4027789154.45,589314449.63,347,348,358,356.78,361,361,359.5,46.44,45.39,1.05,0.032,461.71,6.0,3.9,"POLYGON((94.16000000000001 26.1,94.2 26.1,94.2 26.14,94.16000000000001 26.14,94.16000000000001 26.1))",2026-08-07 06:00:00,CWC/State reservoir anchor + synthetic prototype elevation-storage curve,SYNTHETIC_PROTOTYPE
R046,D046,Doyang,Doyang,Doyang,Nagaland,Wokha,26.12,94.18,EPSG:4326,354.0,4013328.52,4.0133,2007546809.79,4617103604.08,4027789154.45,589314449.63,347,348,358,356.04,361,361,359.5,46.25,43.56,2.69,-0.213,461.71,7.0,4.55,"POLYGON((94.16000000000001 26.1,94.2 26.1,94.2 26.14,94.16000000000001 26.14,94.16000000000001 26.1))",2026-08-08 06:00:00,CWC/State reservoir anchor + synthetic prototype elevation-storage curve,SYNTHETIC_PROTOTYPE
R046,D046,Doyang,Doyang,Doyang,Nagaland,Wokha,26.12,94.18,EPSG:4326,355.0,4297457.97,4.2975,2335641400.84,4617103604.08,4027789154.45,589314449.63,347,348,358,356.66,361,361,359.5,46.05,48.86,-2.82,0.161,461.71,8.0,5.2,"POLYGON((94.16000000000001 26.1,94.2 26.1,94.2 26.14,94.16000000000001 26.14,94.16000000000001 26.1))",2026-08-09 06:00:00,CWC/State reservoir anchor + synthetic prototype elevation-storage curve,SYNTHETIC_PROTOTYPE
R046,D046,Doyang,Doyang,Doyang,Nagaland,Wokha,26.12,94.18,EPSG:4326,356.0,4581587.42,4.5816,2680606492.31,4617103604.08,4027789154.45,589314449.63,347,348,358,356.03,361,361,359.5,43.4,34.04,9.36,0.068,461.71,9.0,5.85,"POLYGON((94.16000000000001 26.1,94.2 26.1,94.2 26.14,94.16000000000001 26.14,94.16000000000001 26.1))",2026-08-10 06:00:00,CWC/State reservoir anchor + synthetic prototype elevation-storage curve,SYNTHETIC_PROTOTYPE
R046,D046,Doyang,Doyang,Doyang,Nagaland,Wokha,26.12,94.18,EPSG:4326,357.0,4865716.88,4.8657,3041032871.42,4617103604.08,4027789154.45,589314449.63,347,348,358,355.68,361,361,359.5,51.06,55.46,-4.4,0.121,461.71,10.0,6.5,"POLYGON((94.16000000000001 26.1,94.2 26.1,94.2 26.14,94.16000000000001 26.14,94.16000000000001 26.1))",2026-08-11 06:00:00,CWC/State reservoir anchor + synthetic prototype elevation-storage curve,SYNTHETIC_PROTOTYPE
R046,D046,Doyang,Doyang,Doyang,Nagaland,Wokha,26.12,94.18,EPSG:4326,358.0,5149846.33,5.1498,3415776784.93,4617103604.08,4027789154.45,589314449.63,347,348,358,355.38,361,361,359.5,44.22,34.85,9.37,0.049,461.71,11.0,7.15,"POLYGON((94.16000000000001 26.1,94.2 26.1,94.2 26.14,94.16000000000001 26.14,94.16000000000001 26.1))",2026-08-12 06:00:00,CWC/State reservoir anchor + synthetic prototype elevation-storage curve,SYNTHETIC_PROTOTYPE
R046,D046,Doyang,Doyang,Doyang,Nagaland,Wokha,26.12,94.18,EPSG:4326,359.0,5433975.78,5.434,3803887707.69,4617103604.08,4027789154.45,589314449.63,347,348,358,356.35,361,361,359.5,47.82,51.62,-3.8,0.043,461.71,12.0,7.8,"POLYGON((94.16000000000001 26.1,94.2 26.1,94.2 26.14,94.16000000000001 26.14,94.16000000000001 26.1))",2026-08-13 06:00:00,CWC/State reservoir anchor + synthetic prototype elevation-storage curve,SYNTHETIC_PROTOTYPE
R046,D046,Doyang,Doyang,Doyang,Nagaland,Wokha,26.12,94.18,EPSG:4326,360.0,5718105.23,5.7181,4204560702.93,4617103604.08,4027789154.45,589314449.63,347,348,358,355.33,361,361,359.5,48.98,41.92,7.07,0.214,461.71,13.0,8.45,"POLYGON((94.16000000000001 26.1,94.2 26.1,94.2 26.14,94.16000000000001 26.14,94.16000000000001 26.1))",2026-08-14 06:00:00,CWC/State reservoir anchor + synthetic prototype elevation-storage curve,SYNTHETIC_PROTOTYPE
R046,D046,Doyang,Doyang,Doyang,Nagaland,Wokha,26.12,94.18,EPSG:4326,361.0,6002234.69,6.0022,4617103604.08,4617103604.08,4027789154.45,589314449.63,347,348,358,356.05,361,361,359.5,49.58,53.12,-3.55,0.025,461.71,14.0,9.1,"POLYGON((94.16000000000001 26.1,94.2 26.1,94.2 26.14,94.16000000000001 26.14,94.16000000000001 26.1))",2026-08-15 06:00:00,CWC/State reservoir anchor + synthetic prototype elevation-storage curve,SYNTHETIC_PROTOTYPE
R047,D047,Tuirial,Tuirial,Tuirial,Mizoram,Kolasib,23.75,92.77,EPSG:4326,338.0,1521315.05,1.5213,497219887.37,3042630100.63,2545410213.26,497219887.37,337,338,348,345.64,351,351,349.5,31.43,33.84,-2.41,0.157,304.26,1.0,1.0,"POLYGON((92.75 23.73,92.78999999999999 23.73,92.78999999999999 23.77,92.75 23.77,92.75 23.73))",2026-08-02 06:00:00,CWC/State reservoir anchor + synthetic prototype elevation-storage curve,SYNTHETIC_PROTOTYPE
R047,D047,Tuirial,Tuirial,Tuirial,Mizoram,Kolasib,23.75,92.77,EPSG:4326,339.0,1708553.83,1.7086,577007277.01,3042630100.63,2545410213.26,497219887.37,337,338,348,346.59,351,351,349.5,31.19,34.73,-3.54,0.077,304.26,2.0,1.3,"POLYGON((92.75 23.73,92.78999999999999 23.73,92.78999999999999 23.77,92.75 23.77,92.75 23.73))",2026-08-03 06:00:00,CWC/State reservoir anchor + synthetic prototype elevation-storage curve,SYNTHETIC_PROTOTYPE
R047,D047,Tuirial,Tuirial,Tuirial,Mizoram,Kolasib,23.75,92.77,EPSG:4326,340.0,1895792.6,1.8958,700607618.15,3042630100.63,2545410213.26,497219887.37,337,338,348,346.64,351,351,349.5,33.75,31.13,2.62,0.134,304.26,3.0,1.95,"POLYGON((92.75 23.73,92.78999999999999 23.73,92.78999999999999 23.77,92.75 23.77,92.75 23.73))",2026-08-04 06:00:00,CWC/State reservoir anchor + synthetic prototype elevation-storage curve,SYNTHETIC_PROTOTYPE
R047,D047,Tuirial,Tuirial,Tuirial,Mizoram,Kolasib,23.75,92.77,EPSG:4326,341.0,2083031.38,2.083,848819145.95,3042630100.63,2545410213.26,497219887.37,337,338,348,345.34,351,351,349.5,31.88,34.9,-3.01,0.075,304.26,4.0,2.6,"POLYGON((92.75 23.73,92.78999999999999 23.73,92.78999999999999 23.77,92.75 23.77,92.75 23.73))",2026-08-05 06:00:00,CWC/State reservoir anchor + synthetic prototype elevation-storage curve,SYNTHETIC_PROTOTYPE
R047,D047,Tuirial,Tuirial,Tuirial,Mizoram,Kolasib,23.75,92.77,EPSG:4326,342.0,2270270.15,2.2703,1015679874.84,3042630100.63,2545410213.26,497219887.37,337,338,348,346.46,351,351,349.5,28.63,24.97,3.66,-0.044,304.26,5.0,3.25,"POLYGON((92.75 23.73,92.78999999999999 23.73,92.78999999999999 23.77,92.75 23.77,92.75 23.73))",2026-08-06 06:00:00,CWC/State reservoir anchor + synthetic prototype elevation-storage curve,SYNTHETIC_PROTOTYPE
R047,D047,Tuirial,Tuirial,Tuirial,Mizoram,Kolasib,23.75,92.77,EPSG:4326,343.0,2457508.93,2.4575,1197938676.07,3042630100.63,2545410213.26,497219887.37,337,338,348,346.66,351,351,349.5,31.66,46.77,-15.11,0.108,304.26,6.0,3.9,"POLYGON((92.75 23.73,92.78999999999999 23.73,92.78999999999999 23.77,92.75 23.77,92.75 23.73))",2026-08-07 06:00:00,CWC/State reservoir anchor + synthetic prototype elevation-storage curve,SYNTHETIC_PROTOTYPE
R047,D047,Tuirial,Tuirial,Tuirial,Mizoram,Kolasib,23.75,92.77,EPSG:4326,344.0,2644747.7,2.6447,1393489030.54,3042630100.63,2545410213.26,497219887.37,337,338,348,345.74,351,351,349.5,29.06,26.18,2.89,-0.08,304.26,7.0,4.55,"POLYGON((92.75 23.73,92.78999999999999 23.73,92.78999999999999 23.77,92.75 23.77,92.75 23.73))",2026-08-08 06:00:00,CWC/State reservoir anchor + synthetic prototype elevation-storage curve,SYNTHETIC_PROTOTYPE
R047,D047,Tuirial,Tuirial,Tuirial,Mizoram,Kolasib,23.75,92.77,EPSG:4326,345.0,2831986.48,2.832,1600832387.14,3042630100.63,2545410213.26,497219887.37,337,338,348,345.46,351,351,349.5,28.77,25.83,2.94,-0.15,304.26,8.0,5.2,"POLYGON((92.75 23.73,92.78999999999999 23.73,92.78999999999999 23.77,92.75 23.77,92.75 23.73))",2026-08-09 06:00:00,CWC/State reservoir anchor + synthetic prototype elevation-storage curve,SYNTHETIC_PROTOTYPE
R047,D047,Tuirial,Tuirial,Tuirial,Mizoram,Kolasib,23.75,92.77,EPSG:4326,346.0,3019225.25,3.0192,1818837261.12,3042630100.63,2545410213.26,497219887.37,337,338,348,345.29,351,351,349.5,28.27,22.29,5.98,0.009,304.26,9.0,5.85,"POLYGON((92.75 23.73,92.78999999999999 23.73,92.78999999999999 23.77,92.75 23.77,92.75 23.73))",2026-08-10 06:00:00,CWC/State reservoir anchor + synthetic prototype elevation-storage curve,SYNTHETIC_PROTOTYPE
R047,D047,Tuirial,Tuirial,Tuirial,Mizoram,Kolasib,23.75,92.77,EPSG:4326,347.0,3206464.03,3.2065,2046613083.38,3042630100.63,2545410213.26,497219887.37,337,338,348,346.29,351,351,349.5,31.99,37.04,-5.05,0.101,304.26,10.0,6.5,"POLYGON((92.75 23.73,92.78999999999999 23.73,92.78999999999999 23.77,92.75 23.77,92.75 23.73))",2026-08-11 06:00:00,CWC/State reservoir anchor + synthetic prototype elevation-storage curve,SYNTHETIC_PROTOTYPE
R047,D047,Tuirial,Tuirial,Tuirial,Mizoram,Kolasib,23.75,92.77,EPSG:4326,348.0,3393702.8,3.3937,2283437045.16,3042630100.63,2545410213.26,497219887.37,337,338,348,346.3,351,351,349.5,28.23,38.25,-10.02,-0.032,304.26,11.0,7.15,"POLYGON((92.75 23.73,92.78999999999999 23.73,92.78999999999999 23.77,92.75 23.77,92.75 23.73))",2026-08-12 06:00:00,CWC/State reservoir anchor + synthetic prototype elevation-storage curve,SYNTHETIC_PROTOTYPE
R047,D047,Tuirial,Tuirial,Tuirial,Mizoram,Kolasib,23.75,92.77,EPSG:4326,349.0,3580941.58,3.5809,2528708450.59,3042630100.63,2545410213.26,497219887.37,337,338,348,345.58,351,351,349.5,28.66,30.34,-1.69,-0.117,304.26,12.0,7.8,"POLYGON((92.75 23.73,92.78999999999999 23.73,92.78999999999999 23.77,92.75 23.77,92.75 23.73))",2026-08-13 06:00:00,CWC/State reservoir anchor + synthetic prototype elevation-storage curve,SYNTHETIC_PROTOTYPE
R047,D047,Tuirial,Tuirial,Tuirial,Mizoram,Kolasib,23.75,92.77,EPSG:4326,350.0,3768180.36,3.7682,2781918610.1,3042630100.63,2545410213.26,497219887.37,337,338,348,345.71,351,351,349.5,31.57,31.93,-0.36,0.143,304.26,13.0,8.45,"POLYGON((92.75 23.73,92.78999999999999 23.73,92.78999999999999 23.77,92.75 23.77,92.75 23.73))",2026-08-14 06:00:00,CWC/State reservoir anchor + synthetic prototype elevation-storage curve,SYNTHETIC_PROTOTYPE
R047,D047,Tuirial,Tuirial,Tuirial,Mizoram,Kolasib,23.75,92.77,EPSG:4326,351.0,3955419.13,3.9554,3042630100.63,3042630100.63,2545410213.26,497219887.37,337,338,348,346.06,351,351,349.5,28.85,30.12,-1.27,-0.127,304.26,14.0,9.1,"POLYGON((92.75 23.73,92.78999999999999 23.73,92.78999999999999 23.77,92.75 23.77,92.75 23.73))",2026-08-15 06:00:00,CWC/State reservoir anchor + synthetic prototype elevation-storage curve,SYNTHETIC_PROTOTYPE
R048,D048,Gumti,Gumti,Gumti,Tripura,Gomati,23.55,91.58,EPSG:4326,18.0,2066214.37,2.0662,562883476.71,4132428747.08,3569545270.36,562883476.71,17,18,28,25.99,31,31,29.5,45.25,41.49,3.76,-0.164,413.24,1.0,1.0,"POLYGON((91.56 23.53,91.6 23.53,91.6 23.57,91.56 23.57,91.56 23.53))",2026-08-02 06:00:00,CWC/State reservoir anchor + synthetic prototype elevation-storage curve,SYNTHETIC_PROTOTYPE
R048,D048,Gumti,Gumti,Gumti,Tripura,Gomati,23.55,91.58,EPSG:4326,19.0,2320517.68,2.3205,674772985.86,4132428747.08,3569545270.36,562883476.71,17,18,28,26.6,31,31,29.5,42.58,35.25,7.33,0.024,413.24,2.0,1.3,"POLYGON((91.56 23.53,91.6 23.53,91.6 23.57,91.56 23.57,91.56 23.53))",2026-08-03 06:00:00,CWC/State reservoir anchor + synthetic prototype elevation-storage curve,SYNTHETIC_PROTOTYPE
R048,D048,Gumti,Gumti,Gumti,Tripura,Gomati,23.55,91.58,EPSG:4326,20.0,2574820.99,2.5748,848103402.64,4132428747.08,3569545270.36,562883476.71,17,18,28,26.13,31,31,29.5,42.72,34.92,7.81,-0.12,413.24,3.0,1.95,"POLYGON((91.56 23.53,91.6 23.53,91.6 23.57,91.56 23.57,91.56 23.53))",2026-08-04 06:00:00,CWC/State reservoir anchor + synthetic prototype elevation-storage curve,SYNTHETIC_PROTOTYPE
R048,D048,Gumti,Gumti,Gumti,Tripura,Gomati,23.55,91.58,EPSG:4326,21.0,2829124.3,2.8291,1055947213.16,4132428747.08,3569545270.36,562883476.71,17,18,28,25.67,31,31,29.5,41.6,43.87,-2.28,-0.27,413.24,4.0,2.6,"POLYGON((91.56 23.53,91.6 23.53,91.6 23.57,91.56 23.57,91.56 23.53))",2026-08-05 06:00:00,CWC/State reservoir anchor + synthetic prototype elevation-storage curve,SYNTHETIC_PROTOTYPE
R048,D048,Gumti,Gumti,Gumti,Tripura,Gomati,23.55,91.58,EPSG:4326,22.0,3083427.6,3.0834,1289943652.13,4132428747.08,3569545270.36,562883476.71,17,18,28,25.31,31,31,29.5,44.67,48.24,-3.57,-0.154,413.24,5.0,3.25,"POLYGON((91.56 23.53,91.6 23.53,91.6 23.57,91.56 23.57,91.56 23.53))",2026-08-06 06:00:00,CWC/State reservoir anchor + synthetic prototype elevation-storage curve,SYNTHETIC_PROTOTYPE
R048,D048,Gumti,Gumti,Gumti,Tripura,Gomati,23.55,91.58,EPSG:4326,23.0,3337730.91,3.3377,1545533512.86,4132428747.08,3569545270.36,562883476.71,17,18,28,25.36,31,31,29.5,37.82,30.28,7.54,-0.051,413.24,6.0,3.9,"POLYGON((91.56 23.53,91.6 23.53,91.6 23.57,91.56 23.57,91.56 23.53))",2026-08-07 06:00:00,CWC/State reservoir anchor + synthetic prototype elevation-storage curve,SYNTHETIC_PROTOTYPE
R048,D048,Gumti,Gumti,Gumti,Tripura,Gomati,23.55,91.58,EPSG:4326,24.0,3592034.22,3.592,1819762727.18,4132428747.08,3569545270.36,562883476.71,17,18,28,25.91,31,31,29.5,38.99,35.99,2.99,-0.05,413.24,7.0,4.55,"POLYGON((91.56 23.53,91.6 23.53,91.6 23.57,91.56 23.57,91.56 23.53))",2026-08-08 06:00:00,CWC/State reservoir anchor + synthetic prototype elevation-storage curve,SYNTHETIC_PROTOTYPE
R048,D048,Gumti,Gumti,Gumti,Tripura,Gomati,23.55,91.58,EPSG:4326,25.0,3846337.53,3.8463,2110529808.28,4132428747.08,3569545270.36,562883476.71,17,18,28,26.45,31,31,29.5,40.12,47.97,-7.85,0.007,413.24,8.0,5.2,"POLYGON((91.56 23.53,91.6 23.53,91.6 23.57,91.56 23.57,91.56 23.53))",2026-08-09 06:00:00,CWC/State reservoir anchor + synthetic prototype elevation-storage curve,SYNTHETIC_PROTOTYPE
R048,D048,Gumti,Gumti,Gumti,Tripura,Gomati,23.55,91.58,EPSG:4326,26.0,4100640.83,4.1006,2416248023.28,4132428747.08,3569545270.36,562883476.71,17,18,28,26.73,31,31,29.5,40.07,31.05,9.02,-0.072,413.24,9.0,5.85,"POLYGON((91.56 23.53,91.6 23.53,91.6 23.57,91.56 23.57,91.56 23.53))",2026-08-10 06:00:00,CWC/State reservoir anchor + synthetic prototype elevation-storage curve,SYNTHETIC_PROTOTYPE
R048,D048,Gumti,Gumti,Gumti,Tripura,Gomati,23.55,91.58,EPSG:4326,27.0,4354944.14,4.3549,2735668486.36,4132428747.08,3569545270.36,562883476.71,17,18,28,25.85,31,31,29.5,40.87,42.97,-2.1,0.033,413.24,10.0,6.5,"POLYGON((91.56 23.53,91.6 23.53,91.6 23.57,91.56 23.57,91.56 23.53))",2026-08-11 06:00:00,CWC/State reservoir anchor + synthetic prototype elevation-storage curve,SYNTHETIC_PROTOTYPE
R048,D048,Gumti,Gumti,Gumti,Tripura,Gomati,23.55,91.58,EPSG:4326,28.0,4609247.45,4.6092,3067777569.71,4132428747.08,3569545270.36,562883476.71,17,18,28,25.37,31,31,29.5,41.78,35.72,6.06,-0.078,413.24,11.0,7.15,"POLYGON((91.56 23.53,91.6 23.53,91.6 23.57,91.56 23.57,91.56 23.53))",2026-08-12 06:00:00,CWC/State reservoir anchor + synthetic prototype elevation-storage curve,SYNTHETIC_PROTOTYPE
R048,D048,Gumti,Gumti,Gumti,Tripura,Gomati,23.55,91.58,EPSG:4326,29.0,4863550.76,4.8636,3411732890.02,4132428747.08,3569545270.36,562883476.71,17,18,28,26.22,31,31,29.5,39.35,35.62,3.73,-0.187,413.24,12.0,7.8,"POLYGON((91.56 23.53,91.6 23.53,91.6 23.57,91.56 23.57,91.56 23.53))",2026-08-13 06:00:00,CWC/State reservoir anchor + synthetic prototype elevation-storage curve,SYNTHETIC_PROTOTYPE
R048,D048,Gumti,Gumti,Gumti,Tripura,Gomati,23.55,91.58,EPSG:4326,30.0,5117854.06,5.1179,3766821088.6,4132428747.08,3569545270.36,562883476.71,17,18,28,25.82,31,31,29.5,39.03,38.46,0.57,-0.098,413.24,13.0,8.45,"POLYGON((91.56 23.53,91.6 23.53,91.6 23.57,91.56 23.57,91.56 23.53))",2026-08-14 06:00:00,CWC/State reservoir anchor + synthetic prototype elevation-storage curve,SYNTHETIC_PROTOTYPE
R048,D048,Gumti,Gumti,Gumti,Tripura,Gomati,23.55,91.58,EPSG:4326,31.0,5372157.37,5.3722,4132428747.08,4132428747.08,3569545270.36,562883476.71,17,18,28,25.91,31,31,29.5,42.35,41.02,1.33,0.006,413.24,14.0,9.1,"POLYGON((91.56 23.53,91.6 23.53,91.6 23.57,91.56 23.57,91.56 23.53))",2026-08-15 06:00:00,CWC/State reservoir anchor + synthetic prototype elevation-storage curve,SYNTHETIC_PROTOTYPE
R049,D049,Bansagar,Bansagar,Sone,Madhya Pradesh,Shahdol,24.19,81.29,EPSG:4326,329.0,1000000.0,1.0,183258530.09,1376061863.92,1192803333.82,183258530.09,328,329,339,337.2,342,342,340.5,14.56,18.35,-3.79,-0.123,137.61,1.0,1.0,"POLYGON((81.27000000000001 24.17,81.31 24.17,81.31 24.21,81.27000000000001 24.21,81.27000000000001 24.17))",2026-08-02 06:00:00,CWC/State reservoir anchor + synthetic prototype elevation-storage curve,SYNTHETIC_PROTOTYPE
R049,D049,Bansagar,Bansagar,Sone,Madhya Pradesh,Shahdol,24.19,81.29,EPSG:4326,330.0,1000000.0,1.0,220647656.55,1376061863.92,1192803333.82,183258530.09,328,329,339,336.43,342,342,340.5,15.15,15.48,-0.33,-0.035,137.61,2.0,1.3,"POLYGON((81.27000000000001 24.17,81.31 24.17,81.31 24.21,81.27000000000001 24.21,81.27000000000001 24.17))",2026-08-03 06:00:00,CWC/State reservoir anchor + synthetic prototype elevation-storage curve,SYNTHETIC_PROTOTYPE
R049,D049,Bansagar,Bansagar,Sone,Madhya Pradesh,Shahdol,24.19,81.29,EPSG:4326,331.0,1000000.0,1.0,278567947.05,1376061863.92,1192803333.82,183258530.09,328,329,339,337.43,342,342,340.5,14.17,14.31,-0.14,0.193,137.61,3.0,1.95,"POLYGON((81.27000000000001 24.17,81.31 24.17,81.31 24.21,81.27000000000001 24.21,81.27000000000001 24.17))",2026-08-04 06:00:00,CWC/State reservoir anchor + synthetic prototype elevation-storage curve,SYNTHETIC_PROTOTYPE
R049,D049,Bansagar,Bansagar,Sone,Madhya Pradesh,Shahdol,24.19,81.29,EPSG:4326,332.0,1000000.0,1.0,348021272.7,1376061863.92,1192803333.82,183258530.09,328,329,339,337.13,342,342,340.5,13.26,10.56,2.7,0.106,137.61,4.0,2.6,"POLYGON((81.27000000000001 24.17,81.31 24.17,81.31 24.21,81.27000000000001 24.21,81.27000000000001 24.17))",2026-08-05 06:00:00,CWC/State reservoir anchor + synthetic prototype elevation-storage curve,SYNTHETIC_PROTOTYPE
R049,D049,Bansagar,Bansagar,Sone,Madhya Pradesh,Shahdol,24.19,81.29,EPSG:4326,333.0,1026753.85,1.0268,426213790.62,1376061863.92,1192803333.82,183258530.09,328,329,339,337.77,342,342,340.5,14.51,11.57,2.94,0.072,137.61,5.0,3.25,"POLYGON((81.27000000000001 24.17,81.31 24.17,81.31 24.21,81.27000000000001 24.21,81.27000000000001 24.17))",2026-08-06 06:00:00,CWC/State reservoir anchor + synthetic prototype elevation-storage curve,SYNTHETIC_PROTOTYPE
R049,D049,Bansagar,Bansagar,Sone,Madhya Pradesh,Shahdol,24.19,81.29,EPSG:4326,334.0,1111434.58,1.1114,511621991.07,1376061863.92,1192803333.82,183258530.09,328,329,339,337.45,342,342,340.5,14.97,11.48,3.49,-0.042,137.61,6.0,3.9,"POLYGON((81.27000000000001 24.17,81.31 24.17,81.31 24.21,81.27000000000001 24.21,81.27000000000001 24.17))",2026-08-07 06:00:00,CWC/State reservoir anchor + synthetic prototype elevation-storage curve,SYNTHETIC_PROTOTYPE
R049,D049,Bansagar,Bansagar,Sone,Madhya Pradesh,Shahdol,24.19,81.29,EPSG:4326,335.0,1196115.31,1.1961,603258739.26,1376061863.92,1192803333.82,183258530.09,328,329,339,336.53,342,342,340.5,12.67,10.87,1.8,-0.07,137.61,7.0,4.55,"POLYGON((81.27000000000001 24.17,81.31 24.17,81.31 24.21,81.27000000000001 24.21,81.27000000000001 24.17))",2026-08-08 06:00:00,CWC/State reservoir anchor + synthetic prototype elevation-storage curve,SYNTHETIC_PROTOTYPE
R049,D049,Bansagar,Bansagar,Sone,Madhya Pradesh,Shahdol,24.19,81.29,EPSG:4326,336.0,1280796.04,1.2808,700421799.93,1376061863.92,1192803333.82,183258530.09,328,329,339,336.57,342,342,340.5,13.26,15.51,-2.25,0.148,137.61,8.0,5.2,"POLYGON((81.27000000000001 24.17,81.31 24.17,81.31 24.21,81.27000000000001 24.21,81.27000000000001 24.17))",2026-08-09 06:00:00,CWC/State reservoir anchor + synthetic prototype elevation-storage curve,SYNTHETIC_PROTOTYPE
R049,D049,Bansagar,Bansagar,Sone,Madhya Pradesh,Shahdol,24.19,81.29,EPSG:4326,337.0,1365476.77,1.3655,802580948.63,1376061863.92,1192803333.82,183258530.09,328,329,339,337.48,342,342,340.5,13.22,13.07,0.15,-0.098,137.61,9.0,5.85,"POLYGON((81.27000000000001 24.17,81.31 24.17,81.31 24.21,81.27000000000001 24.21,81.27000000000001 24.17))",2026-08-10 06:00:00,CWC/State reservoir anchor + synthetic prototype elevation-storage curve,SYNTHETIC_PROTOTYPE
R049,D049,Bansagar,Bansagar,Sone,Madhya Pradesh,Shahdol,24.19,81.29,EPSG:4326,338.0,1450157.5,1.4502,909318856.24,1376061863.92,1192803333.82,183258530.09,328,329,339,337.18,342,342,340.5,13.25,15.39,-2.14,-0.173,137.61,10.0,6.5,"POLYGON((81.27000000000001 24.17,81.31 24.17,81.31 24.21,81.27000000000001 24.21,81.27000000000001 24.17))",2026-08-11 06:00:00,CWC/State reservoir anchor + synthetic prototype elevation-storage curve,SYNTHETIC_PROTOTYPE
R049,D049,Bansagar,Bansagar,Sone,Madhya Pradesh,Shahdol,24.19,81.29,EPSG:4326,339.0,1534838.23,1.5348,1020296807.72,1376061863.92,1192803333.82,183258530.09,328,329,339,336.99,342,342,340.5,11.97,8.44,3.53,-0.021,137.61,11.0,7.15,"POLYGON((81.27000000000001 24.17,81.31 24.17,81.31 24.21,81.27000000000001 24.21,81.27000000000001 24.17))",2026-08-12 06:00:00,CWC/State reservoir anchor + synthetic prototype elevation-storage curve,SYNTHETIC_PROTOTYPE
R049,D049,Bansagar,Bansagar,Sone,Madhya Pradesh,Shahdol,24.19,81.29,EPSG:4326,340.0,1619518.96,1.6195,1135233311.3,1376061863.92,1192803333.82,183258530.09,328,329,339,336.26,342,342,340.5,14.18,13.79,0.4,0.023,137.61,12.0,7.8,"POLYGON((81.27000000000001 24.17,81.31 24.17,81.31 24.21,81.27000000000001 24.21,81.27000000000001 24.17))",2026-08-13 06:00:00,CWC/State reservoir anchor + synthetic prototype elevation-storage curve,SYNTHETIC_PROTOTYPE
R049,D049,Bansagar,Bansagar,Sone,Madhya Pradesh,Shahdol,24.19,81.29,EPSG:4326,341.0,1704199.69,1.7042,1253889990.23,1376061863.92,1192803333.82,183258530.09,328,329,339,336.28,342,342,340.5,13.1,12.98,0.12,0.402,137.61,13.0,8.45,"POLYGON((81.27000000000001 24.17,81.31 24.17,81.31 24.21,81.27000000000001 24.21,81.27000000000001 24.17))",2026-08-14 06:00:00,CWC/State reservoir anchor + synthetic prototype elevation-storage curve,SYNTHETIC_PROTOTYPE
R049,D049,Bansagar,Bansagar,Sone,Madhya Pradesh,Shahdol,24.19,81.29,EPSG:4326,342.0,1788880.42,1.7889,1376061863.92,1376061863.92,1192803333.82,183258530.09,328,329,339,337.5,342,342,340.5,14.32,12.05,2.27,-0.066,137.61,14.0,9.1,"POLYGON((81.27000000000001 24.17,81.31 24.17,81.31 24.21,81.27000000000001 24.21,81.27000000000001 24.17))",2026-08-15 06:00:00,CWC/State reservoir anchor + synthetic prototype elevation-storage curve,SYNTHETIC_PROTOTYPE
R050,D050,Khadakwasla,Khadakwasla,Mutha,Maharashtra,Pune,18.44,73.76,EPSG:4326,549.0,2644585.04,2.6446,791238924.39,5289170086.61,4497931162.22,791238924.39,548,549,559,556.67,562,562,560.5,50.94,57.23,-6.29,-0.119,528.92,1.0,1.0,"POLYGON((73.74000000000001 18.42,73.78 18.42,73.78 18.46,73.74000000000001 18.46,73.74000000000001 18.42))",2026-08-02 06:00:00,CWC/State reservoir anchor + synthetic prototype elevation-storage curve,SYNTHETIC_PROTOTYPE
R050,D050,Khadakwasla,Khadakwasla,Mutha,Maharashtra,Pune,18.44,73.76,EPSG:4326,550.0,2970072.43,2.9701,932229238.78,5289170086.61,4497931162.22,791238924.39,548,549,559,557.01,562,562,560.5,49.35,41.2,8.14,-0.032,528.92,2.0,1.3,"POLYGON((73.74000000000001 18.42,73.78 18.42,73.78 18.46,73.74000000000001 18.46,73.74000000000001 18.42))",2026-08-03 06:00:00,CWC/State reservoir anchor + synthetic prototype elevation-storage curve,SYNTHETIC_PROTOTYPE
R050,D050,Khadakwasla,Khadakwasla,Mutha,Maharashtra,Pune,18.44,73.76,EPSG:4326,551.0,3295559.82,3.2956,1150640331.5,5289170086.61,4497931162.22,791238924.39,548,549,559,556.28,562,562,560.5,55.89,51.04,4.85,0.039,528.92,3.0,1.95,"POLYGON((73.74000000000001 18.42,73.78 18.42,73.78 18.46,73.74000000000001 18.46,73.74000000000001 18.42))",2026-08-04 06:00:00,CWC/State reservoir anchor + synthetic prototype elevation-storage curve,SYNTHETIC_PROTOTYPE
R050,D050,Khadakwasla,Khadakwasla,Mutha,Maharashtra,Pune,18.44,73.76,EPSG:4326,552.0,3621047.21,3.621,1412541240.83,5289170086.61,4497931162.22,791238924.39,548,549,559,557.29,562,562,560.5,52.88,38.13,14.75,0.111,528.92,4.0,2.6,"POLYGON((73.74000000000001 18.42,73.78 18.42,73.78 18.46,73.74000000000001 18.46,73.74000000000001 18.42))",2026-08-05 06:00:00,CWC/State reservoir anchor + synthetic prototype elevation-storage curve,SYNTHETIC_PROTOTYPE
R050,D050,Khadakwasla,Khadakwasla,Mutha,Maharashtra,Pune,18.44,73.76,EPSG:4326,553.0,3946534.6,3.9465,1707396690.19,5289170086.61,4497931162.22,791238924.39,548,549,559,556.35,562,562,560.5,56.59,58.2,-1.61,-0.061,528.92,5.0,3.25,"POLYGON((73.74000000000001 18.42,73.78 18.42,73.78 18.46,73.74000000000001 18.46,73.74000000000001 18.42))",2026-08-06 06:00:00,CWC/State reservoir anchor + synthetic prototype elevation-storage curve,SYNTHETIC_PROTOTYPE
R050,D050,Khadakwasla,Khadakwasla,Mutha,Maharashtra,Pune,18.44,73.76,EPSG:4326,554.0,4272021.99,4.272,2029461690.69,5289170086.61,4497931162.22,791238924.39,548,549,559,557.34,562,562,560.5,51.91,47.12,4.79,0.051,528.92,6.0,3.9,"POLYGON((73.74000000000001 18.42,73.78 18.42,73.78 18.46,73.74000000000001 18.46,73.74000000000001 18.42))",2026-08-07 06:00:00,CWC/State reservoir anchor + synthetic prototype elevation-storage curve,SYNTHETIC_PROTOTYPE
R050,D050,Khadakwasla,Khadakwasla,Mutha,Maharashtra,Pune,18.44,73.76,EPSG:4326,555.0,4597509.38,4.5975,2375013864.79,5289170086.61,4497931162.22,791238924.39,548,549,559,556.28,562,562,560.5,52.27,49.88,2.39,0.048,528.92,7.0,4.55,"POLYGON((73.74000000000001 18.42,73.78 18.42,73.78 18.46,73.74000000000001 18.46,73.74000000000001 18.42))",2026-08-08 06:00:00,CWC/State reservoir anchor + synthetic prototype elevation-storage curve,SYNTHETIC_PROTOTYPE
R050,D050,Khadakwasla,Khadakwasla,Mutha,Maharashtra,Pune,18.44,73.76,EPSG:4326,556.0,4922996.77,4.923,2741405160.02,5289170086.61,4497931162.22,791238924.39,548,549,559,556.53,562,562,560.5,50.69,62.85,-12.15,0.002,528.92,8.0,5.2,"POLYGON((73.74000000000001 18.42,73.78 18.42,73.78 18.46,73.74000000000001 18.46,73.74000000000001 18.42))",2026-08-09 06:00:00,CWC/State reservoir anchor + synthetic prototype elevation-storage curve,SYNTHETIC_PROTOTYPE
R050,D050,Khadakwasla,Khadakwasla,Mutha,Maharashtra,Pune,18.44,73.76,EPSG:4326,557.0,5248484.16,5.2485,3126636157.8,5289170086.61,4497931162.22,791238924.39,548,549,559,557.64,562,562,560.5,56.8,64.8,-8.0,0.08,528.92,9.0,5.85,"POLYGON((73.74000000000001 18.42,73.78 18.42,73.78 18.46,73.74000000000001 18.46,73.74000000000001 18.42))",2026-08-10 06:00:00,CWC/State reservoir anchor + synthetic prototype elevation-storage curve,SYNTHETIC_PROTOTYPE
R050,D050,Khadakwasla,Khadakwasla,Mutha,Maharashtra,Pune,18.44,73.76,EPSG:4326,558.0,5573971.55,5.574,3529133155.57,5289170086.61,4497931162.22,791238924.39,548,549,559,557.16,562,562,560.5,50.06,45.57,4.49,0.183,528.92,10.0,6.5,"POLYGON((73.74000000000001 18.42,73.78 18.42,73.78 18.46,73.74000000000001 18.46,73.74000000000001 18.42))",2026-08-11 06:00:00,CWC/State reservoir anchor + synthetic prototype elevation-storage curve,SYNTHETIC_PROTOTYPE
R050,D050,Khadakwasla,Khadakwasla,Mutha,Maharashtra,Pune,18.44,73.76,EPSG:4326,559.0,5899458.94,5.8995,3947618895.95,5289170086.61,4497931162.22,791238924.39,548,549,559,556.3,562,562,560.5,47.87,52.47,-4.59,-0.147,528.92,11.0,7.15,"POLYGON((73.74000000000001 18.42,73.78 18.42,73.78 18.46,73.74000000000001 18.46,73.74000000000001 18.42))",2026-08-12 06:00:00,CWC/State reservoir anchor + synthetic prototype elevation-storage curve,SYNTHETIC_PROTOTYPE
R050,D050,Khadakwasla,Khadakwasla,Mutha,Maharashtra,Pune,18.44,73.76,EPSG:4326,560.0,6224946.33,6.2249,4381031904.17,5289170086.61,4497931162.22,791238924.39,548,549,559,556.46,562,562,560.5,52.38,54.32,-1.94,0.266,528.92,12.0,7.8,"POLYGON((73.74000000000001 18.42,73.78 18.42,73.78 18.46,73.74000000000001 18.46,73.74000000000001 18.42))",2026-08-13 06:00:00,CWC/State reservoir anchor + synthetic prototype elevation-storage curve,SYNTHETIC_PROTOTYPE
R050,D050,Khadakwasla,Khadakwasla,Mutha,Maharashtra,Pune,18.44,73.76,EPSG:4326,561.0,6550433.72,6.5504,4828473287.53,5289170086.61,4497931162.22,791238924.39,548,549,559,557.24,562,562,560.5,53.84,60.41,-6.57,0.107,528.92,13.0,8.45,"POLYGON((73.74000000000001 18.42,73.78 18.42,73.78 18.46,73.74000000000001 18.46,73.74000000000001 18.42))",2026-08-14 06:00:00,CWC/State reservoir anchor + synthetic prototype elevation-storage curve,SYNTHETIC_PROTOTYPE
R050,D050,Khadakwasla,Khadakwasla,Mutha,Maharashtra,Pune,18.44,73.76,EPSG:4326,562.0,6875921.11,6.8759,5289170086.61,5289170086.61,4497931162.22,791238924.39,548,549,559,556.21,562,562,560.5,53.3,49.87,3.43,-0.009,528.92,14.0,9.1,"POLYGON((73.74000000000001 18.42,73.78 18.42,73.78 18.46,73.74000000000001 18.46,73.74000000000001 18.42))",2026-08-15 06:00:00,CWC/State reservoir anchor + synthetic prototype elevation-storage curve,SYNTHETIC_PROTOTYPE
