{"type": "FeatureCollection", "features": [{"type": "Feature", "properties": {"time_min": 25, "depth_min_m": 0.05, "depth_max_m": 1.0, "depth_class": "0.05\u20131.0 m", "max_depth_m": 0.9974272327806375, "mean_depth_m": 0.5666257801439187, "flooded_area_km2": 0.4512504548130559, "provenance": "Automated approximate 2D flood-routing prototype \u2014 not validated hydraulic output.", "model_type": "Automated approximate 2D flood-routing prototype"}, "geometry": {"type": "Polygon", "coordinates": [[[75.1163941918, 18.077227067099997], [75.1163941918, 18.076949289099996], [75.11694974779999, 18.076949289099996], [75.11694974779999, 18.077227067099997], [75.1163941918, 18.077227067099997]]]}}, {"type": "Feature", "properties": {"time_min": 25, "depth_min_m": 0.05, "depth_max_m": 1.0, "depth_class": "0.05\u20131.0 m", "max_depth_m": 0.9974272327806375, "mean_depth_m": 0.5666257801439187, "flooded_area_km2": 0.4512504548130559, "provenance": "Automated approximate 2D flood-routing prototype \u2014 not validated hydraulic output.", "model_type": "Automated approximate 2D flood-routing prototype"}, "geometry": {"type": "Polygon", "coordinates": [[[75.1175053038, 18.076949289099996], [75.1175053038, 18.0766715111], [75.1180608598, 18.0766715111], [75.1180608598, 18.076949289099996], [75.1175053038, 18.076949289099996]]]}}, {"type": "Feature", "properties": {"time_min": 25, "depth_min_m": 0.05, "depth_max_m": 1.0, "depth_class": "0.05\u20131.0 m", "max_depth_m": 0.9974272327806375, "mean_depth_m": 0.5666257801439187, "flooded_area_km2": 0.4512504548130559, "provenance": "Automated approximate 2D flood-routing prototype \u2014 not validated hydraulic output.", "model_type": "Automated approximate 2D flood-routing prototype"}, "geometry": {"type": "Polygon", "coordinates": [[[75.1183386378, 18.076949289099996], [75.1183386378, 18.076393733099998], [75.1194497498, 18.076393733099998], [75.1194497498, 18.076115955099997], [75.1197275278, 18.076115955099997], [75.1197275278, 18.0758381771], [75.12000530579999, 18.0758381771], [75.12000530579999, 18.076393733099998], [75.1197275278, 18.076393733099998], [75.1197275278, 18.0766715111], [75.1194497498, 18.0766715111], [75.1194497498, 18.076949289099996], [75.1183386378, 18.076949289099996]]]}}, {"type": "Feature", "properties": {"time_min": 25, "depth_min_m": 0.05, "depth_max_m": 1.0, "depth_class": "0.05\u20131.0 m", "max_depth_m": 0.9974272327806375, "mean_depth_m": 0.5666257801439187, "flooded_area_km2": 0.4512504548130559, "provenance": "Automated approximate 2D flood-routing prototype \u2014 not validated hydraulic output.", "model_type": "Automated approximate 2D flood-routing prototype"}, "geometry": {"type": "Polygon", "coordinates": [[[75.10833862979999, 18.0755603991], [75.10833862979999, 18.075282621099998], [75.1086164078, 18.075282621099998], [75.1086164078, 18.0755603991], [75.10833862979999, 18.0755603991]]]}}, {"type": "Feature", "properties": {"time_min": 25, "depth_min_m": 0.05, "depth_max_m": 1.0, "depth_class": "0.05\u20131.0 m", "max_depth_m": 0.9974272327806375, "mean_depth_m": 0.5666257801439187, "flooded_area_km2": 0.4512504548130559, "provenance": "Automated approximate 2D flood-routing prototype \u2014 not validated hydraulic output.", "model_type": "Automated approximate 2D flood-routing prototype"}, "geometry": {"type": "Polygon", "coordinates": [[[75.1191719718, 18.0755603991], [75.1191719718, 18.075282621099998], [75.1194497498, 18.075282621099998], [75.1194497498, 18.0755603991], [75.1191719718, 18.0755603991]]]}}, {"type": "Feature", "properties": {"time_min": 25, "depth_min_m": 0.05, "depth_max_m": 1.0, "depth_class": "0.05\u20131.0 m", "max_depth_m": 0.9974272327806375, "mean_depth_m": 0.5666257801439187, "flooded_area_km2": 0.4512504548130559, "provenance": "Automated approximate 2D flood-routing prototype \u2014 not validated hydraulic output.", "model_type": "Automated approximate 2D flood-routing prototype"}, "geometry": {"type": "Polygon", "coordinates": [[[75.10667196179999, 18.075282621099998], [75.10667196179999, 18.075004843099997], [75.1077830738, 18.075004843099997], [75.1077830738, 18.075282621099998], [75.10667196179999, 18.075282621099998]]]}}, {"type": "Feature", "properties": {"time_min": 25, "depth_min_m": 0.05, "depth_max_m": 1.0, "depth_class": "0.05\u20131.0 m", "max_depth_m": 0.9974272327806375, "mean_depth_m": 0.5666257801439187, "flooded_area_km2": 0.4512504548130559, "provenance": "Automated approximate 2D flood-routing prototype \u2014 not validated hydraulic output.", "model_type": "Automated approximate 2D flood-routing prototype"}, "geometry": {"type": "Polygon", "coordinates": [[[75.1047275158, 18.075004843099997], [75.1047275158, 18.0747270651], [75.10528307179999, 18.0747270651], [75.10528307179999, 18.075004843099997], [75.1047275158, 18.075004843099997]]]}}, {"type": "Feature", "properties": {"time_min": 25, "depth_min_m": 0.05, "depth_max_m": 1.0, "depth_class": "0.05\u20131.0 m", "max_depth_m": 0.9974272327806375, "mean_depth_m": 0.5666257801439187, "flooded_area_km2": 0.4512504548130559, "provenance": "Automated approximate 2D flood-routing prototype \u2014 not validated hydraulic output.", "model_type": "Automated approximate 2D flood-routing prototype"}, "geometry": {"type": "Polygon", "coordinates": [[[75.10333862579999, 18.0747270651], [75.10333862579999, 18.0744492871], [75.1038941818, 18.0744492871], [75.1038941818, 18.0747270651], [75.10333862579999, 18.0747270651]]]}}, {"type": "Feature", "properties": {"time_min": 25, "depth_min_m": 0.05, "depth_max_m": 1.0, "depth_class": "0.05\u20131.0 m", "max_depth_m": 0.9974272327806375, "mean_depth_m": 0.5666257801439187, "flooded_area_km2": 0.4512504548130559, "provenance": "Automated approximate 2D flood-routing prototype \u2014 not validated hydraulic output.", "model_type": "Automated approximate 2D flood-routing prototype"}, "geometry": {"type": "Polygon", "coordinates": [[[75.1183386378, 18.075282621099998], [75.1183386378, 18.075004843099997], [75.1177830818, 18.075004843099997], [75.1177830818, 18.0747270651], [75.1183386378, 18.0747270651], [75.1183386378, 18.074171509099997], [75.11861641579999, 18.074171509099997], [75.11861641579999, 18.075004843099997], [75.1191719718, 18.075004843099997], [75.1191719718, 18.075282621099998], [75.1183386378, 18.075282621099998]]]}}, {"type": "Feature", "properties": {"time_min": 25, "depth_min_m": 0.05, "depth_max_m": 1.0, "depth_class": "0.05\u20131.0 m", "max_depth_m": 0.9974272327806375, "mean_depth_m": 0.5666257801439187, "flooded_area_km2": 0.4512504548130559, "provenance": "Automated approximate 2D flood-routing prototype \u2014 not validated hydraulic output.", "model_type": "Automated approximate 2D flood-routing prototype"}, "geometry": {"type": "Polygon", "coordinates": [[[75.1013941798, 18.0744492871], [75.1013941798, 18.074171509099997], [75.1025052918, 18.074171509099997], [75.1025052918, 18.0744492871], [75.1013941798, 18.0744492871]]]}}, {"type": "Feature", "properties": {"time_min": 25, "depth_min_m": 0.05, "depth_max_m": 1.0, "depth_class": "0.05\u20131.0 m", "max_depth_m": 0.9974272327806375, "mean_depth_m": 0.5666257801439187, "flooded_area_km2": 0.4512504548130559, "provenance": "Automated approximate 2D flood-routing prototype \u2014 not validated hydraulic output.", "model_type": "Automated approximate 2D flood-routing prototype"}, "geometry": {"type": "Polygon", "coordinates": [[[75.1030608478, 18.0744492871], [75.1030608478, 18.074171509099997], [75.10333862579999, 18.074171509099997], [75.10333862579999, 18.0744492871], [75.1030608478, 18.0744492871]]]}}, {"type": "Feature", "properties": {"time_min": 25, "depth_min_m": 0.05, "depth_max_m": 1.0, "depth_class": "0.05\u20131.0 m", "max_depth_m": 0.9974272327806375, "mean_depth_m": 0.5666257801439187, "flooded_area_km2": 0.4512504548130559, "provenance": "Automated approximate 2D flood-routing prototype \u2014 not validated hydraulic output.", "model_type": "Automated approximate 2D flood-routing prototype"}, "geometry": {"type": "Polygon", "coordinates": [[[75.1000052898, 18.074171509099997], [75.1000052898, 18.073893731099997], [75.10028306779999, 18.073893731099997], [75.10028306779999, 18.074171509099997], [75.1000052898, 18.074171509099997]]]}}, {"type": "Feature", "properties": {"time_min": 25, "depth_min_m": 0.05, "depth_max_m": 1.0, "depth_class": "0.05\u20131.0 m", "max_depth_m": 0.9974272327806375, "mean_depth_m": 0.5666257801439187, "flooded_area_km2": 0.4512504548130559, "provenance": "Automated approximate 2D flood-routing prototype \u2014 not validated hydraulic output.", "model_type": "Automated approximate 2D flood-routing prototype"}, "geometry": {"type": "Polygon", "coordinates": [[[75.1180608598, 18.074171509099997], [75.1180608598, 18.0736159531], [75.1183386378, 18.0736159531], [75.1183386378, 18.074171509099997], [75.1180608598, 18.074171509099997]]]}}, {"type": "Feature", "properties": {"time_min": 25, "depth_min_m": 0.05, "depth_max_m": 1.0, "depth_class": "0.05\u20131.0 m", "max_depth_m": 0.9974272327806375, "mean_depth_m": 0.5666257801439187, "flooded_area_km2": 0.4512504548130559, "provenance": "Automated approximate 2D flood-routing prototype \u2014 not validated hydraulic output.", "model_type": "Automated approximate 2D flood-routing prototype"}, "geometry": {"type": "Polygon", "coordinates": [[[75.0983386218, 18.0736159531], [75.0983386218, 18.073338175099998], [75.0986163998, 18.073338175099998], [75.0986163998, 18.0736159531], [75.0983386218, 18.0736159531]]]}}, {"type": "Feature", "properties": {"time_min": 25, "depth_min_m": 0.05, "depth_max_m": 1.0, "depth_class": "0.05\u20131.0 m", "max_depth_m": 0.9974272327806375, "mean_depth_m": 0.5666257801439187, "flooded_area_km2": 0.4512504548130559, "provenance": "Automated approximate 2D flood-routing prototype \u2014 not validated hydraulic output.", "model_type": "Automated approximate 2D flood-routing prototype"}, "geometry": {"type": "Polygon", "coordinates": [[[75.09889417779999, 18.0736159531], [75.09889417779999, 18.073338175099998], [75.09917195579999, 18.073338175099998], [75.09917195579999, 18.0736159531], [75.09889417779999, 18.0736159531]]]}}, {"type": "Feature", "properties": {"time_min": 25, "depth_min_m": 0.05, "depth_max_m": 1.0, "depth_class": "0.05\u20131.0 m", "max_depth_m": 0.9974272327806375, "mean_depth_m": 0.5666257801439187, "flooded_area_km2": 0.4512504548130559, "provenance": "Automated approximate 2D flood-routing prototype \u2014 not validated hydraulic output.", "model_type": "Automated approximate 2D flood-routing prototype"}, "geometry": {"type": "Polygon", "coordinates": [[[75.0977830658, 18.073338175099998], [75.0977830658, 18.073060397099997], [75.0980608438, 18.073060397099997], [75.0980608438, 18.073338175099998], [75.0977830658, 18.073338175099998]]]}}, {"type": "Feature", "properties": {"time_min": 25, "depth_min_m": 0.05, "depth_max_m": 1.0, "depth_class": "0.05\u20131.0 m", "max_depth_m": 0.9974272327806375, "mean_depth_m": 0.5666257801439187, "flooded_area_km2": 0.4512504548130559, "provenance": "Automated approximate 2D flood-routing prototype \u2014 not validated hydraulic output.", "model_type": "Automated approximate 2D flood-routing prototype"}, "geometry": {"type": "Polygon", "coordinates": [[[75.1152830798, 18.072782619099996], [75.1152830798, 18.0725048411], [75.11556085779999, 18.0725048411], [75.11556085779999, 18.072782619099996], [75.1152830798, 18.072782619099996]]]}}, {"type": "Feature", "properties": {"time_min": 25, "depth_min_m": 0.05, "depth_max_m": 1.0, "depth_class": "0.05\u20131.0 m", "max_depth_m": 0.9974272327806375, "mean_depth_m": 0.5666257801439187, "flooded_area_km2": 0.4512504548130559, "provenance": "Automated approximate 2D flood-routing prototype \u2014 not validated hydraulic output.", "model_type": "Automated approximate 2D flood-routing prototype"}, "geometry": {"type": "Polygon", "coordinates": [[[75.1175053038, 18.072782619099996], [75.1175053038, 18.0725048411], [75.1177830818, 18.0725048411], [75.1177830818, 18.072782619099996], [75.1175053038, 18.072782619099996]]]}}, {"type": "Feature", "properties": {"time_min": 25, "depth_min_m": 0.05, "depth_max_m": 1.0, "depth_class": "0.05\u20131.0 m", "max_depth_m": 0.9974272327806375, "mean_depth_m": 0.5666257801439187, "flooded_area_km2": 0.4512504548130559, "provenance": "Automated approximate 2D flood-routing prototype \u2014 not validated hydraulic output.", "model_type": "Automated approximate 2D flood-routing prototype"}, "geometry": {"type": "Polygon", "coordinates": [[[75.1133386338, 18.0725048411], [75.1133386338, 18.072227063099998], [75.11389418979999, 18.072227063099998], [75.11389418979999, 18.0725048411], [75.1133386338, 18.0725048411]]]}}, {"type": "Feature", "properties": {"time_min": 25, "depth_min_m": 0.05, "depth_max_m": 1.0, "depth_class": "0.05\u20131.0 m", "max_depth_m": 0.9974272327806375, "mean_depth_m": 0.5666257801439187, "flooded_area_km2": 0.4512504548130559, "provenance": "Automated approximate 2D flood-routing prototype \u2014 not validated hydraulic output.", "model_type": "Automated approximate 2D flood-routing prototype"}, "geometry": {"type": "Polygon", "coordinates": [[[75.1119497438, 18.072227063099998], [75.1119497438, 18.071949285099997], [75.11250529979999, 18.071949285099997], [75.11250529979999, 18.072227063099998], [75.1119497438, 18.072227063099998]]]}}, {"type": "Feature", "properties": {"time_min": 25, "depth_min_m": 0.05, "depth_max_m": 1.0, "depth_class": "0.05\u20131.0 m", "max_depth_m": 0.9974272327806375, "mean_depth_m": 0.5666257801439187, "flooded_area_km2": 0.4512504548130559, "provenance": "Automated approximate 2D flood-routing prototype \u2014 not validated hydraulic output.", "model_type": "Automated approximate 2D flood-routing prototype"}, "geometry": {"type": "Polygon", "coordinates": [[[75.1108386318, 18.071949285099997], [75.1108386318, 18.0716715071], [75.11139418779999, 18.0716715071], [75.11139418779999, 18.071949285099997], [75.1108386318, 18.071949285099997]]]}}, {"type": "Feature", "properties": {"time_min": 25, "depth_min_m": 0.05, "depth_max_m": 1.0, "depth_class": "0.05\u20131.0 m", "max_depth_m": 0.9974272327806375, "mean_depth_m": 0.5666257801439187, "flooded_area_km2": 0.4512504548130559, "provenance": "Automated approximate 2D flood-routing prototype \u2014 not validated hydraulic output.", "model_type": "Automated approximate 2D flood-routing prototype"}, "geometry": {"type": "Polygon", "coordinates": [[[75.1088941858, 18.0716715071], [75.1088941858, 18.0713937291], [75.1100052978, 18.0713937291], [75.1100052978, 18.0716715071], [75.1088941858, 18.0716715071]]]}}, {"type": "Feature", "properties": {"time_min": 25, "depth_min_m": 0.05, "depth_max_m": 1.0, "depth_class": "0.05\u20131.0 m", "max_depth_m": 0.9974272327806375, "mean_depth_m": 0.5666257801439187, "flooded_area_km2": 0.4512504548130559, "provenance": "Automated approximate 2D flood-routing prototype \u2014 not validated hydraulic output.", "model_type": "Automated approximate 2D flood-routing prototype"}, "geometry": {"type": "Polygon", "coordinates": [[[75.1072275178, 18.0713937291], [75.1072275178, 18.071115951099998], [75.1086164078, 18.071115951099998], [75.1086164078, 18.0713937291], [75.1072275178, 18.0713937291]]]}}, {"type": "Feature", "properties": {"time_min": 25, "depth_min_m": 0.05, "depth_max_m": 1.0, "depth_class": "0.05\u20131.0 m", "max_depth_m": 0.9974272327806375, "mean_depth_m": 0.5666257801439187, "flooded_area_km2": 0.4512504548130559, "provenance": "Automated approximate 2D flood-routing prototype \u2014 not validated hydraulic output.", "model_type": "Automated approximate 2D flood-routing prototype"}, "geometry": {"type": "Polygon", "coordinates": [[[75.10639418379999, 18.071115951099998], [75.10639418379999, 18.070838173099997], [75.1072275178, 18.070838173099997], [75.1072275178, 18.071115951099998], [75.10639418379999, 18.071115951099998]]]}}, {"type": "Feature", "properties": {"time_min": 25, "depth_min_m": 0.05, "depth_max_m": 1.0, "depth_class": "0.05\u20131.0 m", "max_depth_m": 0.9974272327806375, "mean_depth_m": 0.5666257801439187, "flooded_area_km2": 0.4512504548130559, "provenance": "Automated approximate 2D flood-routing prototype \u2014 not validated hydraulic output.", "model_type": "Automated approximate 2D flood-routing prototype"}, "geometry": {"type": "Polygon", "coordinates": [[[75.10528307179999, 18.070838173099997], [75.10528307179999, 18.0705603951], [75.1061164058, 18.0705603951], [75.1061164058, 18.070838173099997], [75.10528307179999, 18.070838173099997]]]}}, {"type": "Feature", "properties": {"time_min": 25, "depth_min_m": 0.05, "depth_max_m": 1.0, "depth_class": "0.05\u20131.0 m", "max_depth_m": 0.9974272327806375, "mean_depth_m": 0.5666257801439187, "flooded_area_km2": 0.4512504548130559, "provenance": "Automated approximate 2D flood-routing prototype \u2014 not validated hydraulic output.", "model_type": "Automated approximate 2D flood-routing prototype"}, "geometry": {"type": "Polygon", "coordinates": [[[75.1013941798, 18.0702826171], [75.1013941798, 18.070004839099997], [75.1016719578, 18.070004839099997], [75.1016719578, 18.0702826171], [75.1013941798, 18.0702826171]]]}}, {"type": "Feature", "properties": {"time_min": 25, "depth_min_m": 0.05, "depth_max_m": 1.0, "depth_class": "0.05\u20131.0 m", "max_depth_m": 0.9974272327806375, "mean_depth_m": 0.5666257801439187, "flooded_area_km2": 0.4512504548130559, "provenance": "Automated approximate 2D flood-routing prototype \u2014 not validated hydraulic output.", "model_type": "Automated approximate 2D flood-routing prototype"}, "geometry": {"type": "Polygon", "coordinates": [[[75.10222751379999, 18.0702826171], [75.10222751379999, 18.070004839099997], [75.1025052918, 18.070004839099997], [75.1025052918, 18.0702826171], [75.10222751379999, 18.0702826171]]]}}, {"type": "Feature", "properties": {"time_min": 25, "depth_min_m": 0.05, "depth_max_m": 1.0, "depth_class": "0.05\u20131.0 m", "max_depth_m": 0.9974272327806375, "mean_depth_m": 0.5666257801439187, "flooded_area_km2": 0.4512504548130559, "provenance": "Automated approximate 2D flood-routing prototype \u2014 not validated hydraulic output.", "model_type": "Automated approximate 2D flood-routing prototype"}, "geometry": {"type": "Polygon", "coordinates": [[[75.10333862579999, 18.0702826171], [75.10333862579999, 18.070004839099997], [75.10361640379999, 18.070004839099997], [75.10361640379999, 18.0702826171], [75.10333862579999, 18.0702826171]]]}}, {"type": "Feature", "properties": {"time_min": 25, "depth_min_m": 0.05, "depth_max_m": 1.0, "depth_class": "0.05\u20131.0 m", "max_depth_m": 0.9974272327806375, "mean_depth_m": 0.5666257801439187, "flooded_area_km2": 0.4512504548130559, "provenance": "Automated approximate 2D flood-routing prototype \u2014 not validated hydraulic output.", "model_type": "Automated approximate 2D flood-routing prototype"}, "geometry": {"type": "Polygon", "coordinates": [[[75.1038941818, 18.0702826171], [75.1038941818, 18.070004839099997], [75.1041719598, 18.070004839099997], [75.1041719598, 18.0702826171], [75.1038941818, 18.0702826171]]]}}, {"type": "Feature", "properties": {"time_min": 25, "depth_min_m": 0.05, "depth_max_m": 1.0, "depth_class": "0.05\u20131.0 m", "max_depth_m": 0.9974272327806375, "mean_depth_m": 0.5666257801439187, "flooded_area_km2": 0.4512504548130559, "provenance": "Automated approximate 2D flood-routing prototype \u2014 not validated hydraulic output.", "model_type": "Automated approximate 2D flood-routing prototype"}, "geometry": {"type": "Polygon", "coordinates": [[[75.1011164018, 18.070004839099997], [75.1011164018, 18.069727061099996], [75.1008386238, 18.069727061099996], [75.1008386238, 18.068893727099997], [75.10056084579999, 18.068893727099997], [75.10056084579999, 18.068615949099996], [75.10028306779999, 18.068615949099996], [75.10028306779999, 18.067782615099997], [75.10056084579999, 18.067782615099997], [75.10056084579999, 18.068060393099998], [75.1011164018, 18.068060393099998], [75.1011164018, 18.0694492831], [75.1013941798, 18.0694492831], [75.1013941798, 18.070004839099997], [75.1011164018, 18.070004839099997]]]}}, {"type": "Feature", "properties": {"time_min": 25, "depth_min_m": 0.05, "depth_max_m": 1.0, "depth_class": "0.05\u20131.0 m", "max_depth_m": 0.9974272327806375, "mean_depth_m": 0.5666257801439187, "flooded_area_km2": 0.4512504548130559, "provenance": "Automated approximate 2D flood-routing prototype \u2014 not validated hydraulic output.", "model_type": "Automated approximate 2D flood-routing prototype"}, "geometry": {"type": "Polygon", "coordinates": [[[75.0994497338, 18.0683381711], [75.0994497338, 18.068060393099998], [75.09917195579999, 18.068060393099998], [75.09917195579999, 18.067782615099997], [75.1000052898, 18.067782615099997], [75.1000052898, 18.0683381711], [75.0994497338, 18.0683381711]]]}}, {"type": "Feature", "properties": {"time_min": 25, "depth_min_m": 0.05, "depth_max_m": 1.0, "depth_class": "0.05\u20131.0 m", "max_depth_m": 0.9974272327806375, "mean_depth_m": 0.5666257801439187, "flooded_area_km2": 0.4512504548130559, "provenance": "Automated approximate 2D flood-routing prototype \u2014 not validated hydraulic output.", "model_type": "Automated approximate 2D flood-routing prototype"}, "geometry": {"type": "Polygon", "coordinates": [[[75.09889417779999, 18.067782615099997], [75.09889417779999, 18.0675048371], [75.09917195579999, 18.0675048371], [75.09917195579999, 18.067782615099997], [75.09889417779999, 18.067782615099997]]]}}, {"type": "Feature", "properties": {"time_min": 25, "depth_min_m": 0.05, "depth_max_m": 1.0, "depth_class": "0.05\u20131.0 m", "max_depth_m": 0.9974272327806375, "mean_depth_m": 0.5666257801439187, "flooded_area_km2": 0.4512504548130559, "provenance": "Automated approximate 2D flood-routing prototype \u2014 not validated hydraulic output.", "model_type": "Automated approximate 2D flood-routing prototype"}, "geometry": {"type": "Polygon", "coordinates": [[[75.0986163998, 18.0675048371], [75.0986163998, 18.0672270591], [75.09889417779999, 18.0672270591], [75.09889417779999, 18.0675048371], [75.0986163998, 18.0675048371]]]}}, {"type": "Feature", "properties": {"time_min": 25, "depth_min_m": 0.05, "depth_max_m": 1.0, "depth_class": "0.05\u20131.0 m", "max_depth_m": 0.9974272327806375, "mean_depth_m": 0.5666257801439187, "flooded_area_km2": 0.4512504548130559, "provenance": "Automated approximate 2D flood-routing prototype \u2014 not validated hydraulic output.", "model_type": "Automated approximate 2D flood-routing prototype"}, "geometry": {"type": "Polygon", "coordinates": [[[75.0888941698, 18.066949281099998], [75.0888941698, 18.066671503099997], [75.0891719478, 18.066671503099997], [75.0891719478, 18.066949281099998], [75.0888941698, 18.066949281099998]]]}}, {"type": "Feature", "properties": {"time_min": 25, "depth_min_m": 0.05, "depth_max_m": 1.0, "depth_class": "0.05\u20131.0 m", "max_depth_m": 0.9974272327806375, "mean_depth_m": 0.5666257801439187, "flooded_area_km2": 0.4512504548130559, "provenance": "Automated approximate 2D flood-routing prototype \u2014 not validated hydraulic output.", "model_type": "Automated approximate 2D flood-routing prototype"}, "geometry": {"type": "Polygon", "coordinates": [[[75.08861639179999, 18.066671503099997], [75.08861639179999, 18.0663937251], [75.0888941698, 18.0663937251], [75.0888941698, 18.066671503099997], [75.08861639179999, 18.066671503099997]]]}}, {"type": "Feature", "properties": {"time_min": 25, "depth_min_m": 0.05, "depth_max_m": 1.0, "depth_class": "0.05\u20131.0 m", "max_depth_m": 0.9974272327806375, "mean_depth_m": 0.5666257801439187, "flooded_area_km2": 0.4512504548130559, "provenance": "Automated approximate 2D flood-routing prototype \u2014 not validated hydraulic output.", "model_type": "Automated approximate 2D flood-routing prototype"}, "geometry": {"type": "Polygon", "coordinates": [[[75.09583861979999, 18.066671503099997], [75.09583861979999, 18.0663937251], [75.09611639779999, 18.0663937251], [75.09611639779999, 18.066671503099997], [75.09583861979999, 18.066671503099997]]]}}, {"type": "Feature", "properties": {"time_min": 25, "depth_min_m": 0.05, "depth_max_m": 1.0, "depth_class": "0.05\u20131.0 m", "max_depth_m": 0.9974272327806375, "mean_depth_m": 0.5666257801439187, "flooded_area_km2": 0.4512504548130559, "provenance": "Automated approximate 2D flood-routing prototype \u2014 not validated hydraulic output.", "model_type": "Automated approximate 2D flood-routing prototype"}, "geometry": {"type": "Polygon", "coordinates": [[[75.0977830658, 18.0672270591], [75.0977830658, 18.066949281099998], [75.0969497318, 18.066949281099998], [75.0969497318, 18.0663937251], [75.0966719538, 18.0663937251], [75.0966719538, 18.0661159471], [75.09722750979999, 18.0661159471], [75.09722750979999, 18.0663937251], [75.09750528779999, 18.0663937251], [75.09750528779999, 18.066671503099997], [75.0980608438, 18.066671503099997], [75.0980608438, 18.066949281099998], [75.0986163998, 18.066949281099998], [75.0986163998, 18.0672270591], [75.0977830658, 18.0672270591]]]}}, {"type": "Feature", "properties": {"time_min": 25, "depth_min_m": 0.05, "depth_max_m": 1.0, "depth_class": "0.05\u20131.0 m", "max_depth_m": 0.9974272327806375, "mean_depth_m": 0.5666257801439187, "flooded_area_km2": 0.4512504548130559, "provenance": "Automated approximate 2D flood-routing prototype \u2014 not validated hydraulic output.", "model_type": "Automated approximate 2D flood-routing prototype"}, "geometry": {"type": "Polygon", "coordinates": [[[75.08833861379999, 18.0663937251], [75.08833861379999, 18.065838169099997], [75.08861639179999, 18.065838169099997], [75.08861639179999, 18.0663937251], [75.08833861379999, 18.0663937251]]]}}, {"type": "Feature", "properties": {"time_min": 25, "depth_min_m": 0.05, "depth_max_m": 1.0, "depth_class": "0.05\u20131.0 m", "max_depth_m": 0.9974272327806375, "mean_depth_m": 0.5666257801439187, "flooded_area_km2": 0.4512504548130559, "provenance": "Automated approximate 2D flood-routing prototype \u2014 not validated hydraulic output.", "model_type": "Automated approximate 2D flood-routing prototype"}, "geometry": {"type": "Polygon", "coordinates": [[[75.09611639779999, 18.0661159471], [75.09611639779999, 18.065838169099997], [75.0966719538, 18.065838169099997], [75.0966719538, 18.0661159471], [75.09611639779999, 18.0661159471]]]}}, {"type": "Feature", "properties": {"time_min": 25, "depth_min_m": 0.05, "depth_max_m": 1.0, "depth_class": "0.05\u20131.0 m", "max_depth_m": 0.9974272327806375, "mean_depth_m": 0.5666257801439187, "flooded_area_km2": 0.4512504548130559, "provenance": "Automated approximate 2D flood-routing prototype \u2014 not validated hydraulic output.", "model_type": "Automated approximate 2D flood-routing prototype"}, "geometry": {"type": "Polygon", "coordinates": [[[75.0952830638, 18.0672270591], [75.0952830638, 18.066949281099998], [75.0950052858, 18.066949281099998], [75.0950052858, 18.0663937251], [75.09472750779999, 18.0663937251], [75.09472750779999, 18.0661159471], [75.09444972979999, 18.0661159471], [75.09444972979999, 18.065560391099996], [75.0950052858, 18.065560391099996], [75.0950052858, 18.065838169099997], [75.09583861979999, 18.065838169099997], [75.09583861979999, 18.0663937251], [75.0955608418, 18.0663937251], [75.0955608418, 18.0672270591], [75.0952830638, 18.0672270591]]]}}, {"type": "Feature", "properties": {"time_min": 25, "depth_min_m": 0.05, "depth_max_m": 1.0, "depth_class": "0.05\u20131.0 m", "max_depth_m": 0.9974272327806375, "mean_depth_m": 0.5666257801439187, "flooded_area_km2": 0.4512504548130559, "provenance": "Automated approximate 2D flood-routing prototype \u2014 not validated hydraulic output.", "model_type": "Automated approximate 2D flood-routing prototype"}, "geometry": {"type": "Polygon", "coordinates": [[[75.0877830578, 18.065838169099997], [75.0877830578, 18.065560391099996], [75.0875052798, 18.065560391099996], [75.0875052798, 18.0652826131], [75.0880608358, 18.0652826131], [75.0880608358, 18.065560391099996], [75.08833861379999, 18.065560391099996], [75.08833861379999, 18.065838169099997], [75.0877830578, 18.065838169099997]]]}}, {"type": "Feature", "properties": {"time_min": 25, "depth_min_m": 0.05, "depth_max_m": 1.0, "depth_class": "0.05\u20131.0 m", "max_depth_m": 0.9974272327806375, "mean_depth_m": 0.5666257801439187, "flooded_area_km2": 0.4512504548130559, "provenance": "Automated approximate 2D flood-routing prototype \u2014 not validated hydraulic output.", "model_type": "Automated approximate 2D flood-routing prototype"}, "geometry": {"type": "Polygon", "coordinates": [[[75.0938941738, 18.065560391099996], [75.0938941738, 18.0652826131], [75.09444972979999, 18.0652826131], [75.09444972979999, 18.065560391099996], [75.0938941738, 18.065560391099996]]]}}, {"type": "Feature", "properties": {"time_min": 25, "depth_min_m": 0.05, "depth_max_m": 1.0, "depth_class": "0.05\u20131.0 m", "max_depth_m": 0.9974272327806375, "mean_depth_m": 0.5666257801439187, "flooded_area_km2": 0.4512504548130559, "provenance": "Automated approximate 2D flood-routing prototype \u2014 not validated hydraulic output.", "model_type": "Automated approximate 2D flood-routing prototype"}, "geometry": {"type": "Polygon", "coordinates": [[[75.0933386178, 18.0652826131], [75.0933386178, 18.065004835099998], [75.0938941738, 18.065004835099998], [75.0938941738, 18.0652826131], [75.0933386178, 18.0652826131]]]}}, {"type": "Feature", "properties": {"time_min": 25, "depth_min_m": 0.05, "depth_max_m": 1.0, "depth_class": "0.05\u20131.0 m", "max_depth_m": 0.9974272327806375, "mean_depth_m": 0.5666257801439187, "flooded_area_km2": 0.4512504548130559, "provenance": "Automated approximate 2D flood-routing prototype \u2014 not validated hydraulic output.", "model_type": "Automated approximate 2D flood-routing prototype"}, "geometry": {"type": "Polygon", "coordinates": [[[75.0872275018, 18.0652826131], [75.0872275018, 18.065004835099998], [75.08694972379999, 18.065004835099998], [75.08694972379999, 18.064727057099997], [75.0875052798, 18.064727057099997], [75.0875052798, 18.0652826131], [75.0872275018, 18.0652826131]]]}}, {"type": "Feature", "properties": {"time_min": 25, "depth_min_m": 0.05, "depth_max_m": 1.0, "depth_class": "0.05\u20131.0 m", "max_depth_m": 0.9974272327806375, "mean_depth_m": 0.5666257801439187, "flooded_area_km2": 0.4512504548130559, "provenance": "Automated approximate 2D flood-routing prototype \u2014 not validated hydraulic output.", "model_type": "Automated approximate 2D flood-routing prototype"}, "geometry": {"type": "Polygon", "coordinates": [[[75.09306083979999, 18.065004835099998], [75.09306083979999, 18.064727057099997], [75.0933386178, 18.064727057099997], [75.0933386178, 18.065004835099998], [75.09306083979999, 18.065004835099998]]]}}, {"type": "Feature", "properties": {"time_min": 25, "depth_min_m": 0.05, "depth_max_m": 1.0, "depth_class": "0.05\u20131.0 m", "max_depth_m": 0.9974272327806375, "mean_depth_m": 0.5666257801439187, "flooded_area_km2": 0.4512504548130559, "provenance": "Automated approximate 2D flood-routing prototype \u2014 not validated hydraulic output.", "model_type": "Automated approximate 2D flood-routing prototype"}, "geometry": {"type": "Polygon", "coordinates": [[[75.08556083379999, 18.063615945099997], [75.08556083379999, 18.0633381671], [75.0861163898, 18.0633381671], [75.0861163898, 18.063615945099997], [75.08556083379999, 18.063615945099997]]]}}, {"type": "Feature", "properties": {"time_min": 25, "depth_min_m": 0.05, "depth_max_m": 1.0, "depth_class": "0.05\u20131.0 m", "max_depth_m": 0.9974272327806375, "mean_depth_m": 0.5666257801439187, "flooded_area_km2": 0.4512504548130559, "provenance": "Automated approximate 2D flood-routing prototype \u2014 not validated hydraulic output.", "model_type": "Automated approximate 2D flood-routing prototype"}, "geometry": {"type": "Polygon", "coordinates": [[[75.08556083379999, 18.0630603891], [75.08556083379999, 18.0622270551], [75.0858386118, 18.0622270551], [75.0858386118, 18.0630603891], [75.08556083379999, 18.0630603891]]]}}, {"type": "Feature", "properties": {"time_min": 25, "depth_min_m": 0.05, "depth_max_m": 1.0, "depth_class": "0.05\u20131.0 m", "max_depth_m": 0.9974272327806375, "mean_depth_m": 0.5666257801439187, "flooded_area_km2": 0.4512504548130559, "provenance": "Automated approximate 2D flood-routing prototype \u2014 not validated hydraulic output.", "model_type": "Automated approximate 2D flood-routing prototype"}, "geometry": {"type": "Polygon", "coordinates": [[[75.0905608378, 18.062504833099997], [75.0905608378, 18.0622270551], [75.09139417179999, 18.0622270551], [75.09139417179999, 18.062504833099997], [75.0905608378, 18.062504833099997]]]}}, {"type": "Feature", "properties": {"time_min": 25, "depth_min_m": 0.05, "depth_max_m": 1.0, "depth_class": "0.05\u20131.0 m", "max_depth_m": 0.9974272327806375, "mean_depth_m": 0.5666257801439187, "flooded_area_km2": 0.4512504548130559, "provenance": "Automated approximate 2D flood-routing prototype \u2014 not validated hydraulic output.", "model_type": "Automated approximate 2D flood-routing prototype"}, "geometry": {"type": "Polygon", "coordinates": [[[75.09278306179999, 18.064449279099996], [75.09278306179999, 18.0641715011], [75.0922275058, 18.0641715011], [75.0922275058, 18.063615945099997], [75.0919497278, 18.063615945099997], [75.0919497278, 18.062504833099997], [75.09167194979999, 18.062504833099997], [75.09167194979999, 18.0622270551], [75.0922275058, 18.0622270551], [75.0922275058, 18.0630603891], [75.0925052838, 18.0630603891], [75.0925052838, 18.063893723099998], [75.09306083979999, 18.063893723099998], [75.09306083979999, 18.064449279099996], [75.09278306179999, 18.064449279099996]]]}}, {"type": "Feature", "properties": {"time_min": 25, "depth_min_m": 0.05, "depth_max_m": 1.0, "depth_class": "0.05\u20131.0 m", "max_depth_m": 0.9974272327806375, "mean_depth_m": 0.5666257801439187, "flooded_area_km2": 0.4512504548130559, "provenance": "Automated approximate 2D flood-routing prototype \u2014 not validated hydraulic output.", "model_type": "Automated approximate 2D flood-routing prototype"}, "geometry": {"type": "Polygon", "coordinates": [[[75.08528305579999, 18.061671499099997], [75.08528305579999, 18.061393721099996], [75.08556083379999, 18.061393721099996], [75.08556083379999, 18.061671499099997], [75.08528305579999, 18.061671499099997]]]}}, {"type": "Feature", "properties": {"time_min": 25, "depth_min_m": 0.05, "depth_max_m": 1.0, "depth_class": "0.05\u20131.0 m", "max_depth_m": 0.9974272327806375, "mean_depth_m": 0.5666257801439187, "flooded_area_km2": 0.4512504548130559, "provenance": "Automated approximate 2D flood-routing prototype \u2014 not validated hydraulic output.", "model_type": "Automated approximate 2D flood-routing prototype"}, "geometry": {"type": "Polygon", "coordinates": [[[75.0850052778, 18.061393721099996], [75.0850052778, 18.0611159431], [75.08528305579999, 18.0611159431], [75.08528305579999, 18.061393721099996], [75.0850052778, 18.061393721099996]]]}}, {"type": "Feature", "properties": {"time_min": 25, "depth_min_m": 0.05, "depth_max_m": 1.0, "depth_class": "0.05\u20131.0 m", "max_depth_m": 0.9974272327806375, "mean_depth_m": 0.5666257801439187, "flooded_area_km2": 0.4512504548130559, "provenance": "Automated approximate 2D flood-routing prototype \u2014 not validated hydraulic output.", "model_type": "Automated approximate 2D flood-routing prototype"}, "geometry": {"type": "Polygon", "coordinates": [[[75.0902830598, 18.0619492771], [75.0902830598, 18.061671499099997], [75.0905608378, 18.061671499099997], [75.0905608378, 18.0611159431], [75.0902830598, 18.0611159431], [75.0902830598, 18.060838165099998], [75.09000528179999, 18.060838165099998], [75.09000528179999, 18.0602826091], [75.0894497258, 18.0602826091], [75.0894497258, 18.0600048311], [75.0902830598, 18.0600048311], [75.0902830598, 18.0602826091], [75.0908386158, 18.0602826091], [75.0908386158, 18.0611159431], [75.0911163938, 18.0611159431], [75.0911163938, 18.0619492771], [75.0902830598, 18.0619492771]]]}}, {"type": "Feature", "properties": {"time_min": 25, "depth_min_m": 0.05, "depth_max_m": 1.0, "depth_class": "0.05\u20131.0 m", "max_depth_m": 0.9974272327806375, "mean_depth_m": 0.5666257801439187, "flooded_area_km2": 0.4512504548130559, "provenance": "Automated approximate 2D flood-routing prototype \u2014 not validated hydraulic output.", "model_type": "Automated approximate 2D flood-routing prototype"}, "geometry": {"type": "Polygon", "coordinates": [[[75.0888941698, 18.0600048311], [75.0888941698, 18.059727053099998], [75.0894497258, 18.059727053099998], [75.0894497258, 18.0600048311], [75.0888941698, 18.0600048311]]]}}, {"type": "Feature", "properties": {"time_min": 25, "depth_min_m": 0.05, "depth_max_m": 1.0, "depth_class": "0.05\u20131.0 m", "max_depth_m": 0.9974272327806375, "mean_depth_m": 0.5666257801439187, "flooded_area_km2": 0.4512504548130559, "provenance": "Automated approximate 2D flood-routing prototype \u2014 not validated hydraulic output.", "model_type": "Automated approximate 2D flood-routing prototype"}, "geometry": {"type": "Polygon", "coordinates": [[[75.08361638779999, 18.060838165099998], [75.08361638779999, 18.060560387099997], [75.0833386098, 18.060560387099997], [75.0833386098, 18.0602826091], [75.08389416579999, 18.0602826091], [75.08389416579999, 18.0600048311], [75.0841719438, 18.0600048311], [75.0841719438, 18.0591714971], [75.08389416579999, 18.0591714971], [75.08389416579999, 18.058338163099997], [75.0833386098, 18.058338163099997], [75.0833386098, 18.0580603851], [75.08361638779999, 18.0580603851], [75.08361638779999, 18.057504829099997], [75.08389416579999, 18.057504829099997], [75.08389416579999, 18.0577826071], [75.0841719438, 18.0577826071], [75.0841719438, 18.058338163099997], [75.0844497218, 18.058338163099997], [75.0844497218, 18.0591714971], [75.0847274998, 18.0591714971], [75.0847274998, 18.060560387099997], [75.0850052778, 18.060560387099997], [75.0850052778, 18.060838165099998], [75.0844497218, 18.060838165099998], [75.0844497218, 18.060560387099997], [75.08389416579999, 18.060560387099997], [75.08389416579999, 18.060838165099998], [75.08361638779999, 18.060838165099998]]]}}, {"type": "Feature", "properties": {"time_min": 25, "depth_min_m": 0.05, "depth_max_m": 1.0, "depth_class": "0.05\u20131.0 m", "max_depth_m": 0.9974272327806375, "mean_depth_m": 0.5666257801439187, "flooded_area_km2": 0.4512504548130559, "provenance": "Automated approximate 2D flood-routing prototype \u2014 not validated hydraulic output.", "model_type": "Automated approximate 2D flood-routing prototype"}, "geometry": {"type": "Polygon", "coordinates": [[[75.08861639179999, 18.059727053099998], [75.08861639179999, 18.0591714971], [75.08833861379999, 18.0591714971], [75.08833861379999, 18.0577826071], [75.0880608358, 18.0577826071], [75.0880608358, 18.057227051099996], [75.0877830578, 18.057227051099996], [75.0877830578, 18.0569492731], [75.0875052798, 18.0569492731], [75.0875052798, 18.056393717099997], [75.0877830578, 18.056393717099997], [75.0877830578, 18.056671495099998], [75.0880608358, 18.056671495099998], [75.0880608358, 18.0569492731], [75.08833861379999, 18.0569492731], [75.08833861379999, 18.057227051099996], [75.08861639179999, 18.057227051099996], [75.08861639179999, 18.0577826071], [75.0888941698, 18.0577826071], [75.0888941698, 18.058615941099998], [75.0891719478, 18.058615941099998], [75.0891719478, 18.0588937191], [75.0888941698, 18.0588937191], [75.0888941698, 18.059727053099998], [75.08861639179999, 18.059727053099998]]]}}, {"type": "Feature", "properties": {"time_min": 25, "depth_min_m": 0.05, "depth_max_m": 1.0, "depth_class": "0.05\u20131.0 m", "max_depth_m": 0.9974272327806375, "mean_depth_m": 0.5666257801439187, "flooded_area_km2": 0.4512504548130559, "provenance": "Automated approximate 2D flood-routing prototype \u2014 not validated hydraulic output.", "model_type": "Automated approximate 2D flood-routing prototype"}, "geometry": {"type": "Polygon", "coordinates": [[[75.08361638779999, 18.056671495099998], [75.08361638779999, 18.0561159391], [75.08389416579999, 18.0561159391], [75.08389416579999, 18.056671495099998], [75.08361638779999, 18.056671495099998]]]}}, {"type": "Feature", "properties": {"time_min": 25, "depth_min_m": 0.05, "depth_max_m": 1.0, "depth_class": "0.05\u20131.0 m", "max_depth_m": 0.9974272327806375, "mean_depth_m": 0.5666257801439187, "flooded_area_km2": 0.4512504548130559, "provenance": "Automated approximate 2D flood-routing prototype \u2014 not validated hydraulic output.", "model_type": "Automated approximate 2D flood-routing prototype"}, "geometry": {"type": "Polygon", "coordinates": [[[75.0872275018, 18.056393717099997], [75.0872275018, 18.0558381611], [75.0875052798, 18.0558381611], [75.0875052798, 18.056393717099997], [75.0872275018, 18.056393717099997]]]}}, {"type": "Feature", "properties": {"time_min": 25, "depth_min_m": 0.05, "depth_max_m": 1.0, "depth_class": "0.05\u20131.0 m", "max_depth_m": 0.9974272327806375, "mean_depth_m": 0.5666257801439187, "flooded_area_km2": 0.4512504548130559, "provenance": "Automated approximate 2D flood-routing prototype \u2014 not validated hydraulic output.", "model_type": "Automated approximate 2D flood-routing prototype"}, "geometry": {"type": "Polygon", "coordinates": [[[75.0833386098, 18.055282605099997], [75.0833386098, 18.0550048271], [75.08361638779999, 18.0550048271], [75.08361638779999, 18.055282605099997], [75.0833386098, 18.055282605099997]]]}}, {"type": "Feature", "properties": {"time_min": 25, "depth_min_m": 0.05, "depth_max_m": 1.0, "depth_class": "0.05\u20131.0 m", "max_depth_m": 0.9974272327806375, "mean_depth_m": 0.5666257801439187, "flooded_area_km2": 0.4512504548130559, "provenance": "Automated approximate 2D flood-routing prototype \u2014 not validated hydraulic output.", "model_type": "Automated approximate 2D flood-routing prototype"}, "geometry": {"type": "Polygon", "coordinates": [[[75.08667194579999, 18.054449271099998], [75.08667194579999, 18.054171493099997], [75.08694972379999, 18.054171493099997], [75.08694972379999, 18.054449271099998], [75.08667194579999, 18.054449271099998]]]}}, {"type": "Feature", "properties": {"time_min": 25, "depth_min_m": 0.05, "depth_max_m": 1.0, "depth_class": "0.05\u20131.0 m", "max_depth_m": 0.9974272327806375, "mean_depth_m": 0.5666257801439187, "flooded_area_km2": 0.4512504548130559, "provenance": "Automated approximate 2D flood-routing prototype \u2014 not validated hydraulic output.", "model_type": "Automated approximate 2D flood-routing prototype"}, "geometry": {"type": "Polygon", "coordinates": [[[75.0827830538, 18.053338159099997], [75.0827830538, 18.053060381099996], [75.0830608318, 18.053060381099996], [75.0830608318, 18.053338159099997], [75.0827830538, 18.053338159099997]]]}}, {"type": "Feature", "properties": {"time_min": 25, "depth_min_m": 0.05, "depth_max_m": 1.0, "depth_class": "0.05\u20131.0 m", "max_depth_m": 0.9974272327806375, "mean_depth_m": 0.5666257801439187, "flooded_area_km2": 0.4512504548130559, "provenance": "Automated approximate 2D flood-routing prototype \u2014 not validated hydraulic output.", "model_type": "Automated approximate 2D flood-routing prototype"}, "geometry": {"type": "Polygon", "coordinates": [[[75.08250527579999, 18.053060381099996], [75.08250527579999, 18.052504825099998], [75.0827830538, 18.052504825099998], [75.0827830538, 18.053060381099996], [75.08250527579999, 18.053060381099996]]]}}, {"type": "Feature", "properties": {"time_min": 25, "depth_min_m": 0.05, "depth_max_m": 1.0, "depth_class": "0.05\u20131.0 m", "max_depth_m": 0.9974272327806375, "mean_depth_m": 0.5666257801439187, "flooded_area_km2": 0.4512504548130559, "provenance": "Automated approximate 2D flood-routing prototype \u2014 not validated hydraulic output.", "model_type": "Automated approximate 2D flood-routing prototype"}, "geometry": {"type": "Polygon", "coordinates": [[[75.08222749779999, 18.052227047099997], [75.08222749779999, 18.0519492691], [75.08250527579999, 18.0519492691], [75.08250527579999, 18.052227047099997], [75.08222749779999, 18.052227047099997]]]}}, {"type": "Feature", "properties": {"time_min": 25, "depth_min_m": 0.05, "depth_max_m": 1.0, "depth_class": "0.05\u20131.0 m", "max_depth_m": 0.9974272327806375, "mean_depth_m": 0.5666257801439187, "flooded_area_km2": 0.4512504548130559, "provenance": "Automated approximate 2D flood-routing prototype \u2014 not validated hydraulic output.", "model_type": "Automated approximate 2D flood-routing prototype"}, "geometry": {"type": "Polygon", "coordinates": [[[75.08694972379999, 18.054171493099997], [75.08694972379999, 18.053338159099997], [75.08667194579999, 18.053338159099997], [75.08667194579999, 18.0527826031], [75.08694972379999, 18.0527826031], [75.08694972379999, 18.053060381099996], [75.0872275018, 18.053060381099996], [75.0872275018, 18.052504825099998], [75.08667194579999, 18.052504825099998], [75.08667194579999, 18.0519492691], [75.08694972379999, 18.0519492691], [75.08694972379999, 18.051393713099998], [75.08667194579999, 18.051393713099998], [75.08667194579999, 18.0508381571], [75.0875052798, 18.0508381571], [75.0875052798, 18.0536159371], [75.0872275018, 18.0536159371], [75.0872275018, 18.054171493099997], [75.08694972379999, 18.054171493099997]]]}}, {"type": "Feature", "properties": {"time_min": 25, "depth_min_m": 0.05, "depth_max_m": 1.0, "depth_class": "0.05\u20131.0 m", "max_depth_m": 0.9974272327806375, "mean_depth_m": 0.5666257801439187, "flooded_area_km2": 0.4512504548130559, "provenance": "Automated approximate 2D flood-routing prototype \u2014 not validated hydraulic output.", "model_type": "Automated approximate 2D flood-routing prototype"}, "geometry": {"type": "Polygon", "coordinates": [[[75.0819497198, 18.0505603791], [75.0819497198, 18.049171489099997], [75.08222749779999, 18.049171489099997], [75.08222749779999, 18.0505603791], [75.0819497198, 18.0505603791]]]}}, {"type": "Feature", "properties": {"time_min": 25, "depth_min_m": 0.05, "depth_max_m": 1.0, "depth_class": "0.05\u20131.0 m", "max_depth_m": 0.9974272327806375, "mean_depth_m": 0.5666257801439187, "flooded_area_km2": 0.4512504548130559, "provenance": "Automated approximate 2D flood-routing prototype \u2014 not validated hydraulic output.", "model_type": "Automated approximate 2D flood-routing prototype"}, "geometry": {"type": "Polygon", "coordinates": [[[75.08667194579999, 18.0505603791], [75.08667194579999, 18.050282601099997], [75.0863941678, 18.050282601099997], [75.0863941678, 18.050004823099997], [75.0861163898, 18.050004823099997], [75.0861163898, 18.0497270451], [75.0863941678, 18.0497270451], [75.0863941678, 18.049171489099997], [75.08667194579999, 18.049171489099997], [75.08667194579999, 18.049449267099998], [75.08694972379999, 18.049449267099998], [75.08694972379999, 18.050004823099997], [75.0872275018, 18.050004823099997], [75.0872275018, 18.050282601099997], [75.08694972379999, 18.050282601099997], [75.08694972379999, 18.0505603791], [75.08667194579999, 18.0505603791]]]}}, {"type": "Feature", "properties": {"time_min": 25, "depth_min_m": 0.05, "depth_max_m": 1.0, "depth_class": "0.05\u20131.0 m", "max_depth_m": 0.9974272327806375, "mean_depth_m": 0.5666257801439187, "flooded_area_km2": 0.4512504548130559, "provenance": "Automated approximate 2D flood-routing prototype \u2014 not validated hydraulic output.", "model_type": "Automated approximate 2D flood-routing prototype"}, "geometry": {"type": "Polygon", "coordinates": [[[75.0816719418, 18.049171489099997], [75.0816719418, 18.0486159331], [75.0819497198, 18.0486159331], [75.0819497198, 18.049171489099997], [75.0816719418, 18.049171489099997]]]}}, {"type": "Feature", "properties": {"time_min": 25, "depth_min_m": 0.05, "depth_max_m": 1.0, "depth_class": "0.05\u20131.0 m", "max_depth_m": 0.9974272327806375, "mean_depth_m": 0.5666257801439187, "flooded_area_km2": 0.4512504548130559, "provenance": "Automated approximate 2D flood-routing prototype \u2014 not validated hydraulic output.", "model_type": "Automated approximate 2D flood-routing prototype"}, "geometry": {"type": "Polygon", "coordinates": [[[75.0863941678, 18.048893711099996], [75.0863941678, 18.0486159331], [75.08667194579999, 18.0486159331], [75.08667194579999, 18.048893711099996], [75.0863941678, 18.048893711099996]]]}}, {"type": "Feature", "properties": {"time_min": 25, "depth_min_m": 0.05, "depth_max_m": 1.0, "depth_class": "0.05\u20131.0 m", "max_depth_m": 0.9974272327806375, "mean_depth_m": 0.5666257801439187, "flooded_area_km2": 0.4512504548130559, "provenance": "Automated approximate 2D flood-routing prototype \u2014 not validated hydraulic output.", "model_type": "Automated approximate 2D flood-routing prototype"}, "geometry": {"type": "Polygon", "coordinates": [[[75.08694972379999, 18.046949265099997], [75.08694972379999, 18.0466714871], [75.0872275018, 18.0466714871], [75.0872275018, 18.046949265099997], [75.08694972379999, 18.046949265099997]]]}}, {"type": "Feature", "properties": {"time_min": 25, "depth_min_m": 0.05, "depth_max_m": 1.0, "depth_class": "0.05\u20131.0 m", "max_depth_m": 0.9974272327806375, "mean_depth_m": 0.5666257801439187, "flooded_area_km2": 0.4512504548130559, "provenance": "Automated approximate 2D flood-routing prototype \u2014 not validated hydraulic output.", "model_type": "Automated approximate 2D flood-routing prototype"}, "geometry": {"type": "Polygon", "coordinates": [[[75.0863941678, 18.0466714871], [75.0863941678, 18.046115931099997], [75.08667194579999, 18.046115931099997], [75.08667194579999, 18.0463937091], [75.08694972379999, 18.0463937091], [75.08694972379999, 18.0466714871], [75.0863941678, 18.0466714871]]]}}, {"type": "Feature", "properties": {"time_min": 25, "depth_min_m": 0.05, "depth_max_m": 1.0, "depth_class": "0.05\u20131.0 m", "max_depth_m": 0.9974272327806375, "mean_depth_m": 0.5666257801439187, "flooded_area_km2": 0.4512504548130559, "provenance": "Automated approximate 2D flood-routing prototype \u2014 not validated hydraulic output.", "model_type": "Automated approximate 2D flood-routing prototype"}, "geometry": {"type": "Polygon", "coordinates": [[[75.0811163858, 18.046115931099997], [75.0811163858, 18.045838153099997], [75.0813941638, 18.045838153099997], [75.0813941638, 18.046115931099997], [75.0811163858, 18.046115931099997]]]}}, {"type": "Feature", "properties": {"time_min": 25, "depth_min_m": 0.05, "depth_max_m": 1.0, "depth_class": "0.05\u20131.0 m", "max_depth_m": 0.9974272327806375, "mean_depth_m": 0.5666257801439187, "flooded_area_km2": 0.4512504548130559, "provenance": "Automated approximate 2D flood-routing prototype \u2014 not validated hydraulic output.", "model_type": "Automated approximate 2D flood-routing prototype"}, "geometry": {"type": "Polygon", "coordinates": [[[75.08056082979999, 18.044727041099996], [75.08056082979999, 18.0444492631], [75.08083860779999, 18.0444492631], [75.08083860779999, 18.044727041099996], [75.08056082979999, 18.044727041099996]]]}}, {"type": "Feature", "properties": {"time_min": 25, "depth_min_m": 0.05, "depth_max_m": 1.0, "depth_class": "0.05\u20131.0 m", "max_depth_m": 0.9974272327806375, "mean_depth_m": 0.5666257801439187, "flooded_area_km2": 0.4512504548130559, "provenance": "Automated approximate 2D flood-routing prototype \u2014 not validated hydraulic output.", "model_type": "Automated approximate 2D flood-routing prototype"}, "geometry": {"type": "Polygon", "coordinates": [[[75.0861163898, 18.046115931099997], [75.0861163898, 18.045838153099997], [75.0858386118, 18.045838153099997], [75.0858386118, 18.045004819099997], [75.0861163898, 18.045004819099997], [75.0861163898, 18.044727041099996], [75.0858386118, 18.044727041099996], [75.0858386118, 18.0444492631], [75.0861163898, 18.0444492631], [75.0861163898, 18.043893707099997], [75.0863941678, 18.043893707099997], [75.0863941678, 18.0444492631], [75.08667194579999, 18.0444492631], [75.08667194579999, 18.045004819099997], [75.0863941678, 18.045004819099997], [75.0863941678, 18.046115931099997], [75.0861163898, 18.046115931099997]]]}}, {"type": "Feature", "properties": {"time_min": 25, "depth_min_m": 0.05, "depth_max_m": 1.0, "depth_class": "0.05\u20131.0 m", "max_depth_m": 0.9974272327806375, "mean_depth_m": 0.5666257801439187, "flooded_area_km2": 0.4512504548130559, "provenance": "Automated approximate 2D flood-routing prototype \u2014 not validated hydraulic output.", "model_type": "Automated approximate 2D flood-routing prototype"}, "geometry": {"type": "Polygon", "coordinates": [[[75.0847274998, 18.043893707099997], [75.0847274998, 18.0433381511], [75.0850052778, 18.0433381511], [75.0850052778, 18.0436159291], [75.0858386118, 18.0436159291], [75.0858386118, 18.043893707099997], [75.0847274998, 18.043893707099997]]]}}, {"type": "Feature", "properties": {"time_min": 25, "depth_min_m": 0.05, "depth_max_m": 1.0, "depth_class": "0.05\u20131.0 m", "max_depth_m": 0.9974272327806375, "mean_depth_m": 0.5666257801439187, "flooded_area_km2": 0.4512504548130559, "provenance": "Automated approximate 2D flood-routing prototype \u2014 not validated hydraulic output.", "model_type": "Automated approximate 2D flood-routing prototype"}, "geometry": {"type": "Polygon", "coordinates": [[[75.0841719438, 18.041115927099998], [75.0841719438, 18.040838149099997], [75.0844497218, 18.040838149099997], [75.0844497218, 18.041115927099998], [75.0841719438, 18.041115927099998]]]}}, {"type": "Feature", "properties": {"time_min": 25, "depth_min_m": 0.05, "depth_max_m": 1.0, "depth_class": "0.05\u20131.0 m", "max_depth_m": 0.9974272327806375, "mean_depth_m": 0.5666257801439187, "flooded_area_km2": 0.4512504548130559, "provenance": "Automated approximate 2D flood-routing prototype \u2014 not validated hydraulic output.", "model_type": "Automated approximate 2D flood-routing prototype"}, "geometry": {"type": "Polygon", "coordinates": [[[75.0844497218, 18.040560371099996], [75.0844497218, 18.040004815099998], [75.0847274998, 18.040004815099998], [75.0847274998, 18.040560371099996], [75.0844497218, 18.040560371099996]]]}}, {"type": "Feature", "properties": {"time_min": 25, "depth_min_m": 0.05, "depth_max_m": 1.0, "depth_class": "0.05\u20131.0 m", "max_depth_m": 0.9974272327806375, "mean_depth_m": 0.5666257801439187, "flooded_area_km2": 0.4512504548130559, "provenance": "Automated approximate 2D flood-routing prototype \u2014 not validated hydraulic output.", "model_type": "Automated approximate 2D flood-routing prototype"}, "geometry": {"type": "Polygon", "coordinates": [[[75.0847274998, 18.040004815099998], [75.0847274998, 18.039727037099997], [75.0850052778, 18.039727037099997], [75.0850052778, 18.040004815099998], [75.0847274998, 18.040004815099998]]]}}, {"type": "Feature", "properties": {"time_min": 25, "depth_min_m": 0.05, "depth_max_m": 1.0, "depth_class": "0.05\u20131.0 m", "max_depth_m": 0.9974272327806375, "mean_depth_m": 0.5666257801439187, "flooded_area_km2": 0.4512504548130559, "provenance": "Automated approximate 2D flood-routing prototype \u2014 not validated hydraulic output.", "model_type": "Automated approximate 2D flood-routing prototype"}, "geometry": {"type": "Polygon", "coordinates": [[[75.0830608318, 18.038893703099998], [75.0830608318, 18.038615925099997], [75.08361638779999, 18.038615925099997], [75.08361638779999, 18.038893703099998], [75.0830608318, 18.038893703099998]]]}}, {"type": "Feature", "properties": {"time_min": 25, "depth_min_m": 0.05, "depth_max_m": 1.0, "depth_class": "0.05\u20131.0 m", "max_depth_m": 0.9974272327806375, "mean_depth_m": 0.5666257801439187, "flooded_area_km2": 0.4512504548130559, "provenance": "Automated approximate 2D flood-routing prototype \u2014 not validated hydraulic output.", "model_type": "Automated approximate 2D flood-routing prototype"}, "geometry": {"type": "Polygon", "coordinates": [[[75.08056082979999, 18.037504813099996], [75.08056082979999, 18.0372270351], [75.08083860779999, 18.0372270351], [75.08083860779999, 18.037504813099996], [75.08056082979999, 18.037504813099996]]]}}, {"type": "Feature", "properties": {"time_min": 25, "depth_min_m": 0.05, "depth_max_m": 1.0, "depth_class": "0.05\u20131.0 m", "max_depth_m": 0.9974272327806375, "mean_depth_m": 0.5666257801439187, "flooded_area_km2": 0.4512504548130559, "provenance": "Automated approximate 2D flood-routing prototype \u2014 not validated hydraulic output.", "model_type": "Automated approximate 2D flood-routing prototype"}, "geometry": {"type": "Polygon", "coordinates": [[[75.07917193979999, 18.036393701099996], [75.07917193979999, 18.0361159231], [75.07944971779999, 18.0361159231], [75.07944971779999, 18.036393701099996], [75.07917193979999, 18.036393701099996]]]}}, {"type": "Feature", "properties": {"time_min": 25, "depth_min_m": 0.05, "depth_max_m": 1.0, "depth_class": "0.05\u20131.0 m", "max_depth_m": 0.9974272327806375, "mean_depth_m": 0.5666257801439187, "flooded_area_km2": 0.4512504548130559, "provenance": "Automated approximate 2D flood-routing prototype \u2014 not validated hydraulic output.", "model_type": "Automated approximate 2D flood-routing prototype"}, "geometry": {"type": "Polygon", "coordinates": [[[75.0758386038, 18.0394492591], [75.0758386038, 18.0391714811], [75.0752830478, 18.0391714811], [75.0752830478, 18.038893703099998], [75.07500526979999, 18.038893703099998], [75.07500526979999, 18.038615925099997], [75.0741719358, 18.038615925099997], [75.0741719358, 18.0383381471], [75.0738941578, 18.0383381471], [75.0738941578, 18.0380603691], [75.0736163798, 18.0380603691], [75.0736163798, 18.037782591099997], [75.07306082379999, 18.037782591099997], [75.07306082379999, 18.037504813099996], [75.0725052678, 18.037504813099996], [75.0725052678, 18.0372270351], [75.0722274898, 18.0372270351], [75.0722274898, 18.036671479099997], [75.07167193379999, 18.036671479099997], [75.07167193379999, 18.036949257099998], [75.07194971179999, 18.036949257099998], [75.07194971179999, 18.037504813099996], [75.07167193379999, 18.037504813099996], [75.07167193379999, 18.0372270351], [75.0713941558, 18.0372270351], [75.0713941558, 18.036949257099998], [75.0705608218, 18.036949257099998], [75.0705608218, 18.036671479099997], [75.07028304379999, 18.036671479099997], [75.07028304379999, 18.036393701099996], [75.07000526579999, 18.036393701099996], [75.07000526579999, 18.0361159231], [75.0711163778, 18.0361159231], [75.0711163778, 18.035838145099998], [75.0713941558, 18.035838145099998], [75.0713941558, 18.036393701099996], [75.0725052678, 18.036393701099996], [75.0725052678, 18.036949257099998], [75.0727830458, 18.036949257099998], [75.0727830458, 18.036671479099997], [75.07306082379999, 18.036671479099997], [75.07306082379999, 18.036949257099998], [75.0736163798, 18.036949257099998], [75.0736163798, 18.0372270351], [75.0738941578, 18.0372270351], [75.0738941578, 18.037782591099997], [75.07444971379999, 18.037782591099997], [75.07444971379999, 18.0380603691], [75.07500526979999, 18.0380603691], [75.07500526979999, 18.0383381471], [75.0755608258, 18.0383381471], [75.0755608258, 18.038615925099997], [75.0758386038, 18.038615925099997], [75.0758386038, 18.038893703099998], [75.07611638179999, 18.038893703099998], [75.07611638179999, 18.0394492591], [75.0758386038, 18.0394492591]], [[75.0705608218, 18.036671479099997], [75.0708385998, 18.036671479099997], [75.0708385998, 18.036393701099996], [75.0705608218, 18.036393701099996], [75.0705608218, 18.036671479099997]]]}}, {"type": "Feature", "properties": {"time_min": 25, "depth_min_m": 0.05, "depth_max_m": 1.0, "depth_class": "0.05\u20131.0 m", "max_depth_m": 0.9974272327806375, "mean_depth_m": 0.5666257801439187, "flooded_area_km2": 0.4512504548130559, "provenance": "Automated approximate 2D flood-routing prototype \u2014 not validated hydraulic output.", "model_type": "Automated approximate 2D flood-routing prototype"}, "geometry": {"type": "Polygon", "coordinates": [[[75.0788941618, 18.0361159231], [75.0788941618, 18.035838145099998], [75.07917193979999, 18.035838145099998], [75.07917193979999, 18.0361159231], [75.0788941618, 18.0361159231]]]}}, {"type": "Feature", "properties": {"time_min": 25, "depth_min_m": 0.05, "depth_max_m": 1.0, "depth_class": "0.05\u20131.0 m", "max_depth_m": 0.9974272327806375, "mean_depth_m": 0.5666257801439187, "flooded_area_km2": 0.4512504548130559, "provenance": "Automated approximate 2D flood-routing prototype \u2014 not validated hydraulic output.", "model_type": "Automated approximate 2D flood-routing prototype"}, "geometry": {"type": "Polygon", "coordinates": [[[75.0786163838, 18.035838145099998], [75.0786163838, 18.0352825891], [75.0788941618, 18.0352825891], [75.0788941618, 18.035838145099998], [75.0786163838, 18.035838145099998]]]}}, {"type": "Feature", "properties": {"time_min": 25, "depth_min_m": 0.05, "depth_max_m": 1.0, "depth_class": "0.05\u20131.0 m", "max_depth_m": 0.9974272327806375, "mean_depth_m": 0.5666257801439187, "flooded_area_km2": 0.4512504548130559, "provenance": "Automated approximate 2D flood-routing prototype \u2014 not validated hydraulic output.", "model_type": "Automated approximate 2D flood-routing prototype"}, "geometry": {"type": "Polygon", "coordinates": [[[75.07778304979999, 18.0352825891], [75.07778304979999, 18.0350048111], [75.07750527179999, 18.0350048111], [75.07750527179999, 18.034727033099998], [75.07806082779999, 18.034727033099998], [75.07806082779999, 18.0352825891], [75.07778304979999, 18.0352825891]]]}}, {"type": "Feature", "properties": {"time_min": 25, "depth_min_m": 0.05, "depth_max_m": 1.0, "depth_class": "0.05\u20131.0 m", "max_depth_m": 0.9974272327806375, "mean_depth_m": 0.5666257801439187, "flooded_area_km2": 0.4512504548130559, "provenance": "Automated approximate 2D flood-routing prototype \u2014 not validated hydraulic output.", "model_type": "Automated approximate 2D flood-routing prototype"}, "geometry": {"type": "Polygon", "coordinates": [[[75.0783386058, 18.0350048111], [75.0783386058, 18.034727033099998], [75.0786163838, 18.034727033099998], [75.0786163838, 18.0350048111], [75.0783386058, 18.0350048111]]]}}, {"type": "Feature", "properties": {"time_min": 25, "depth_min_m": 0.05, "depth_max_m": 1.0, "depth_class": "0.05\u20131.0 m", "max_depth_m": 0.9974272327806375, "mean_depth_m": 0.5666257801439187, "flooded_area_km2": 0.4512504548130559, "provenance": "Automated approximate 2D flood-routing prototype \u2014 not validated hydraulic output.", "model_type": "Automated approximate 2D flood-routing prototype"}, "geometry": {"type": "Polygon", "coordinates": [[[75.07639415979999, 18.034727033099998], [75.07639415979999, 18.034449255099997], [75.0766719378, 18.034449255099997], [75.0766719378, 18.034727033099998], [75.07639415979999, 18.034727033099998]]]}}, {"type": "Feature", "properties": {"time_min": 25, "depth_min_m": 0.05, "depth_max_m": 1.0, "depth_class": "0.05\u20131.0 m", "max_depth_m": 0.9974272327806375, "mean_depth_m": 0.5666257801439187, "flooded_area_km2": 0.4512504548130559, "provenance": "Automated approximate 2D flood-routing prototype \u2014 not validated hydraulic output.", "model_type": "Automated approximate 2D flood-routing prototype"}, "geometry": {"type": "Polygon", "coordinates": [[[75.0752830478, 18.0341714771], [75.0752830478, 18.0338936991], [75.0755608258, 18.0338936991], [75.0755608258, 18.0341714771], [75.0752830478, 18.0341714771]]]}}, {"type": "Feature", "properties": {"time_min": 25, "depth_min_m": 0.05, "depth_max_m": 1.0, "depth_class": "0.05\u20131.0 m", "max_depth_m": 0.9974272327806375, "mean_depth_m": 0.5666257801439187, "flooded_area_km2": 0.4512504548130559, "provenance": "Automated approximate 2D flood-routing prototype \u2014 not validated hydraulic output.", "model_type": "Automated approximate 2D flood-routing prototype"}, "geometry": {"type": "Polygon", "coordinates": [[[75.07306082379999, 18.0330603651], [75.07306082379999, 18.032782587099998], [75.07333860179999, 18.032782587099998], [75.07333860179999, 18.0330603651], [75.07306082379999, 18.0330603651]]]}}, {"type": "Feature", "properties": {"time_min": 25, "depth_min_m": 0.05, "depth_max_m": 1.0, "depth_class": "0.05\u20131.0 m", "max_depth_m": 0.9974272327806375, "mean_depth_m": 0.5666257801439187, "flooded_area_km2": 0.4512504548130559, "provenance": "Automated approximate 2D flood-routing prototype \u2014 not validated hydraulic output.", "model_type": "Automated approximate 2D flood-routing prototype"}, "geometry": {"type": "Polygon", "coordinates": [[[75.05972747979999, 18.031393697099997], [75.05972747979999, 18.0311159191], [75.0600052578, 18.0311159191], [75.0600052578, 18.031393697099997], [75.05972747979999, 18.031393697099997]]]}}, {"type": "Feature", "properties": {"time_min": 25, "depth_min_m": 0.05, "depth_max_m": 1.0, "depth_class": "0.05\u20131.0 m", "max_depth_m": 0.9974272327806375, "mean_depth_m": 0.5666257801439187, "flooded_area_km2": 0.4512504548130559, "provenance": "Automated approximate 2D flood-routing prototype \u2014 not validated hydraulic output.", "model_type": "Automated approximate 2D flood-routing prototype"}, "geometry": {"type": "Polygon", "coordinates": [[[75.0722274898, 18.032504809099997], [75.0722274898, 18.0322270311], [75.07194971179999, 18.0322270311], [75.07194971179999, 18.0319492531], [75.07167193379999, 18.0319492531], [75.07167193379999, 18.031671475099998], [75.0713941558, 18.031671475099998], [75.0713941558, 18.0311159191], [75.07167193379999, 18.0311159191], [75.07167193379999, 18.0308381411], [75.07194971179999, 18.0308381411], [75.07194971179999, 18.031671475099998], [75.0722274898, 18.031671475099998], [75.0722274898, 18.0319492531], [75.0725052678, 18.0319492531], [75.0725052678, 18.032504809099997], [75.0722274898, 18.032504809099997]]]}}, {"type": "Feature", "properties": {"time_min": 25, "depth_min_m": 0.05, "depth_max_m": 1.0, "depth_class": "0.05\u20131.0 m", "max_depth_m": 0.9974272327806375, "mean_depth_m": 0.5666257801439187, "flooded_area_km2": 0.4512504548130559, "provenance": "Automated approximate 2D flood-routing prototype \u2014 not validated hydraulic output.", "model_type": "Automated approximate 2D flood-routing prototype"}, "geometry": {"type": "Polygon", "coordinates": [[[75.0572274778, 18.030560363099998], [75.0572274778, 18.030282585099997], [75.05778303379999, 18.030282585099997], [75.05778303379999, 18.030560363099998], [75.0572274778, 18.030560363099998]]]}}, {"type": "Feature", "properties": {"time_min": 25, "depth_min_m": 0.05, "depth_max_m": 1.0, "depth_class": "0.05\u20131.0 m", "max_depth_m": 0.9974272327806375, "mean_depth_m": 0.5666257801439187, "flooded_area_km2": 0.4512504548130559, "provenance": "Automated approximate 2D flood-routing prototype \u2014 not validated hydraulic output.", "model_type": "Automated approximate 2D flood-routing prototype"}, "geometry": {"type": "Polygon", "coordinates": [[[75.06861637579999, 18.030560363099998], [75.06861637579999, 18.030282585099997], [75.06889415379999, 18.030282585099997], [75.06889415379999, 18.030560363099998], [75.06861637579999, 18.030560363099998]]]}}, {"type": "Feature", "properties": {"time_min": 25, "depth_min_m": 0.05, "depth_max_m": 1.0, "depth_class": "0.05\u20131.0 m", "max_depth_m": 0.9974272327806375, "mean_depth_m": 0.5666257801439187, "flooded_area_km2": 0.4512504548130559, "provenance": "Automated approximate 2D flood-routing prototype \u2014 not validated hydraulic output.", "model_type": "Automated approximate 2D flood-routing prototype"}, "geometry": {"type": "Polygon", "coordinates": [[[75.0691719318, 18.030560363099998], [75.0691719318, 18.030282585099997], [75.0694497098, 18.030282585099997], [75.0694497098, 18.030560363099998], [75.0691719318, 18.030560363099998]]]}}, {"type": "Feature", "properties": {"time_min": 25, "depth_min_m": 0.05, "depth_max_m": 1.0, "depth_class": "0.05\u20131.0 m", "max_depth_m": 0.9974272327806375, "mean_depth_m": 0.5666257801439187, "flooded_area_km2": 0.4512504548130559, "provenance": "Automated approximate 2D flood-routing prototype \u2014 not validated hydraulic output.", "model_type": "Automated approximate 2D flood-routing prototype"}, "geometry": {"type": "Polygon", "coordinates": [[[75.0680608198, 18.030282585099997], [75.0680608198, 18.0300048071], [75.0683385978, 18.0300048071], [75.0683385978, 18.030282585099997], [75.0680608198, 18.030282585099997]]]}}, {"type": "Feature", "properties": {"time_min": 25, "depth_min_m": 0.05, "depth_max_m": 1.0, "depth_class": "0.05\u20131.0 m", "max_depth_m": 0.9974272327806375, "mean_depth_m": 0.5666257801439187, "flooded_area_km2": 0.4512504548130559, "provenance": "Automated approximate 2D flood-routing prototype \u2014 not validated hydraulic output.", "model_type": "Automated approximate 2D flood-routing prototype"}, "geometry": {"type": "Polygon", "coordinates": [[[75.05639414379999, 18.030282585099997], [75.05639414379999, 18.0300048071], [75.0558385878, 18.0300048071], [75.0558385878, 18.0297270291], [75.05667192179999, 18.0297270291], [75.05667192179999, 18.0300048071], [75.0572274778, 18.0300048071], [75.0572274778, 18.030282585099997], [75.05639414379999, 18.030282585099997]]]}}, {"type": "Feature", "properties": {"time_min": 25, "depth_min_m": 0.05, "depth_max_m": 1.0, "depth_class": "0.05\u20131.0 m", "max_depth_m": 0.9974272327806375, "mean_depth_m": 0.5666257801439187, "flooded_area_km2": 0.4512504548130559, "provenance": "Automated approximate 2D flood-routing prototype \u2014 not validated hydraulic output.", "model_type": "Automated approximate 2D flood-routing prototype"}, "geometry": {"type": "Polygon", "coordinates": [[[75.0675052638, 18.0300048071], [75.0675052638, 18.0297270291], [75.0677830418, 18.0297270291], [75.0677830418, 18.0300048071], [75.0675052638, 18.0300048071]]]}}, {"type": "Feature", "properties": {"time_min": 25, "depth_min_m": 0.05, "depth_max_m": 1.0, "depth_class": "0.05\u20131.0 m", "max_depth_m": 0.9974272327806375, "mean_depth_m": 0.5666257801439187, "flooded_area_km2": 0.4512504548130559, "provenance": "Automated approximate 2D flood-routing prototype \u2014 not validated hydraulic output.", "model_type": "Automated approximate 2D flood-routing prototype"}, "geometry": {"type": "Polygon", "coordinates": [[[75.0666719298, 18.0297270291], [75.0666719298, 18.029449251099997], [75.06694970779999, 18.029449251099997], [75.06694970779999, 18.0297270291], [75.0666719298, 18.0297270291]]]}}, {"type": "Feature", "properties": {"time_min": 25, "depth_min_m": 0.05, "depth_max_m": 1.0, "depth_class": "0.05\u20131.0 m", "max_depth_m": 0.9974272327806375, "mean_depth_m": 0.5666257801439187, "flooded_area_km2": 0.4512504548130559, "provenance": "Automated approximate 2D flood-routing prototype \u2014 not validated hydraulic output.", "model_type": "Automated approximate 2D flood-routing prototype"}, "geometry": {"type": "Polygon", "coordinates": [[[75.0652830398, 18.029449251099997], [75.0652830398, 18.029171473099996], [75.06556081779999, 18.029171473099996], [75.06556081779999, 18.029449251099997], [75.0652830398, 18.029449251099997]]]}}, {"type": "Feature", "properties": {"time_min": 25, "depth_min_m": 0.05, "depth_max_m": 1.0, "depth_class": "0.05\u20131.0 m", "max_depth_m": 0.9974272327806375, "mean_depth_m": 0.5666257801439187, "flooded_area_km2": 0.4512504548130559, "provenance": "Automated approximate 2D flood-routing prototype \u2014 not validated hydraulic output.", "model_type": "Automated approximate 2D flood-routing prototype"}, "geometry": {"type": "Polygon", "coordinates": [[[75.0544496978, 18.029171473099996], [75.0544496978, 18.0288936951], [75.05500525379999, 18.0288936951], [75.05500525379999, 18.029171473099996], [75.0544496978, 18.029171473099996]]]}}, {"type": "Feature", "properties": {"time_min": 25, "depth_min_m": 0.05, "depth_max_m": 1.0, "depth_class": "0.05\u20131.0 m", "max_depth_m": 0.9974272327806375, "mean_depth_m": 0.5666257801439187, "flooded_area_km2": 0.4512504548130559, "provenance": "Automated approximate 2D flood-routing prototype \u2014 not validated hydraulic output.", "model_type": "Automated approximate 2D flood-routing prototype"}, "geometry": {"type": "Polygon", "coordinates": [[[75.0647274838, 18.029171473099996], [75.0647274838, 18.0288936951], [75.0650052618, 18.0288936951], [75.0650052618, 18.029171473099996], [75.0647274838, 18.029171473099996]]]}}, {"type": "Feature", "properties": {"time_min": 25, "depth_min_m": 0.05, "depth_max_m": 1.0, "depth_class": "0.05\u20131.0 m", "max_depth_m": 0.9974272327806375, "mean_depth_m": 0.5666257801439187, "flooded_area_km2": 0.4512504548130559, "provenance": "Automated approximate 2D flood-routing prototype \u2014 not validated hydraulic output.", "model_type": "Automated approximate 2D flood-routing prototype"}, "geometry": {"type": "Polygon", "coordinates": [[[75.0644497058, 18.0288936951], [75.0644497058, 18.028615917099998], [75.0647274838, 18.028615917099998], [75.0647274838, 18.0288936951], [75.0644497058, 18.0288936951]]]}}, {"type": "Feature", "properties": {"time_min": 25, "depth_min_m": 0.05, "depth_max_m": 1.0, "depth_class": "0.05\u20131.0 m", "max_depth_m": 0.9974272327806375, "mean_depth_m": 0.5666257801439187, "flooded_area_km2": 0.4512504548130559, "provenance": "Automated approximate 2D flood-routing prototype \u2014 not validated hydraulic output.", "model_type": "Automated approximate 2D flood-routing prototype"}, "geometry": {"type": "Polygon", "coordinates": [[[75.06417192779999, 18.028615917099998], [75.06417192779999, 18.028338139099997], [75.0644497058, 18.028338139099997], [75.0644497058, 18.028615917099998], [75.06417192779999, 18.028615917099998]]]}}, {"type": "Feature", "properties": {"time_min": 25, "depth_min_m": 0.05, "depth_max_m": 1.0, "depth_class": "0.05\u20131.0 m", "max_depth_m": 0.9974272327806375, "mean_depth_m": 0.5666257801439187, "flooded_area_km2": 0.4512504548130559, "provenance": "Automated approximate 2D flood-routing prototype \u2014 not validated hydraulic output.", "model_type": "Automated approximate 2D flood-routing prototype"}, "geometry": {"type": "Polygon", "coordinates": [[[75.0525052518, 18.0280603611], [75.0525052518, 18.0277825831], [75.0530608078, 18.0277825831], [75.0530608078, 18.0280603611], [75.0525052518, 18.0280603611]]]}}, {"type": "Feature", "properties": {"time_min": 25, "depth_min_m": 0.05, "depth_max_m": 1.0, "depth_class": "0.05\u20131.0 m", "max_depth_m": 0.9974272327806375, "mean_depth_m": 0.5666257801439187, "flooded_area_km2": 0.4512504548130559, "provenance": "Automated approximate 2D flood-routing prototype \u2014 not validated hydraulic output.", "model_type": "Automated approximate 2D flood-routing prototype"}, "geometry": {"type": "Polygon", "coordinates": [[[75.0636163718, 18.0280603611], [75.0636163718, 18.0277825831], [75.06389414979999, 18.0277825831], [75.06389414979999, 18.0280603611], [75.0636163718, 18.0280603611]]]}}, {"type": "Feature", "properties": {"time_min": 25, "depth_min_m": 0.05, "depth_max_m": 1.0, "depth_class": "0.05\u20131.0 m", "max_depth_m": 0.9974272327806375, "mean_depth_m": 0.5666257801439187, "flooded_area_km2": 0.4512504548130559, "provenance": "Automated approximate 2D flood-routing prototype \u2014 not validated hydraulic output.", "model_type": "Automated approximate 2D flood-routing prototype"}, "geometry": {"type": "Polygon", "coordinates": [[[75.05222747379999, 18.0277825831], [75.05222747379999, 18.027504805099998], [75.0525052518, 18.027504805099998], [75.0525052518, 18.0277825831], [75.05222747379999, 18.0277825831]]]}}, {"type": "Feature", "properties": {"time_min": 25, "depth_min_m": 0.05, "depth_max_m": 1.0, "depth_class": "0.05\u20131.0 m", "max_depth_m": 0.9974272327806375, "mean_depth_m": 0.5666257801439187, "flooded_area_km2": 0.4512504548130559, "provenance": "Automated approximate 2D flood-routing prototype \u2014 not validated hydraulic output.", "model_type": "Automated approximate 2D flood-routing prototype"}, "geometry": {"type": "Polygon", "coordinates": [[[75.0630608158, 18.0277825831], [75.0630608158, 18.027504805099998], [75.0633385938, 18.027504805099998], [75.0633385938, 18.0277825831], [75.0630608158, 18.0277825831]]]}}, {"type": "Feature", "properties": {"time_min": 25, "depth_min_m": 0.05, "depth_max_m": 1.0, "depth_class": "0.05\u20131.0 m", "max_depth_m": 0.9974272327806375, "mean_depth_m": 0.5666257801439187, "flooded_area_km2": 0.4512504548130559, "provenance": "Automated approximate 2D flood-routing prototype \u2014 not validated hydraulic output.", "model_type": "Automated approximate 2D flood-routing prototype"}, "geometry": {"type": "Polygon", "coordinates": [[[75.06250525979999, 18.027504805099998], [75.06250525979999, 18.027227027099997], [75.06278303779999, 18.027227027099997], [75.06278303779999, 18.027504805099998], [75.06250525979999, 18.027504805099998]]]}}, {"type": "Feature", "properties": {"time_min": 25, "depth_min_m": 0.05, "depth_max_m": 1.0, "depth_class": "0.05\u20131.0 m", "max_depth_m": 0.9974272327806375, "mean_depth_m": 0.5666257801439187, "flooded_area_km2": 0.4512504548130559, "provenance": "Automated approximate 2D flood-routing prototype \u2014 not validated hydraulic output.", "model_type": "Automated approximate 2D flood-routing prototype"}, "geometry": {"type": "Polygon", "coordinates": [[[75.0602830358, 18.027227027099997], [75.0602830358, 18.0266714711], [75.0605608138, 18.0266714711], [75.0605608138, 18.0269492491], [75.06250525979999, 18.0269492491], [75.06250525979999, 18.027227027099997], [75.0602830358, 18.027227027099997]]]}}, {"type": "Feature", "properties": {"time_min": 25, "depth_min_m": 0.05, "depth_max_m": 1.0, "depth_class": "0.05\u20131.0 m", "max_depth_m": 0.9974272327806375, "mean_depth_m": 0.5666257801439187, "flooded_area_km2": 0.4512504548130559, "provenance": "Automated approximate 2D flood-routing prototype \u2014 not validated hydraulic output.", "model_type": "Automated approximate 2D flood-routing prototype"}, "geometry": {"type": "Polygon", "coordinates": [[[75.0600052578, 18.0266714711], [75.0600052578, 18.026393693099998], [75.0602830358, 18.026393693099998], [75.0602830358, 18.0266714711], [75.0600052578, 18.0266714711]]]}}, {"type": "Feature", "properties": {"time_min": 25, "depth_min_m": 0.05, "depth_max_m": 1.0, "depth_class": "0.05\u20131.0 m", "max_depth_m": 0.9974272327806375, "mean_depth_m": 0.5666257801439187, "flooded_area_km2": 0.4512504548130559, "provenance": "Automated approximate 2D flood-routing prototype \u2014 not validated hydraulic output.", "model_type": "Automated approximate 2D flood-routing prototype"}, "geometry": {"type": "Polygon", "coordinates": [[[75.05194969579999, 18.027504805099998], [75.05194969579999, 18.027227027099997], [75.0511163618, 18.027227027099997], [75.0511163618, 18.0269492491], [75.0508385838, 18.0269492491], [75.0508385838, 18.0266714711], [75.05056080579999, 18.0266714711], [75.05056080579999, 18.026393693099998], [75.05028302779999, 18.026393693099998], [75.05028302779999, 18.0258381371], [75.05056080579999, 18.0258381371], [75.05056080579999, 18.026115915099997], [75.0508385838, 18.026115915099997], [75.0508385838, 18.026393693099998], [75.0511163618, 18.026393693099998], [75.0511163618, 18.0266714711], [75.0513941398, 18.0266714711], [75.0513941398, 18.0269492491], [75.05222747379999, 18.0269492491], [75.05222747379999, 18.027504805099998], [75.05194969579999, 18.027504805099998]]]}}, {"type": "Feature", "properties": {"time_min": 25, "depth_min_m": 0.05, "depth_max_m": 1.0, "depth_class": "0.05\u20131.0 m", "max_depth_m": 0.9974272327806375, "mean_depth_m": 0.5666257801439187, "flooded_area_km2": 0.4512504548130559, "provenance": "Automated approximate 2D flood-routing prototype \u2014 not validated hydraulic output.", "model_type": "Automated approximate 2D flood-routing prototype"}, "geometry": {"type": "Polygon", "coordinates": [[[75.05944970179999, 18.026393693099998], [75.05944970179999, 18.0258381371], [75.05972747979999, 18.0258381371], [75.05972747979999, 18.026115915099997], [75.0600052578, 18.026115915099997], [75.0600052578, 18.026393693099998], [75.05944970179999, 18.026393693099998]]]}}, {"type": "Feature", "properties": {"time_min": 25, "depth_min_m": 0.05, "depth_max_m": 1.0, "depth_class": "0.05\u20131.0 m", "max_depth_m": 0.9974272327806375, "mean_depth_m": 0.5666257801439187, "flooded_area_km2": 0.4512504548130559, "provenance": "Automated approximate 2D flood-routing prototype \u2014 not validated hydraulic output.", "model_type": "Automated approximate 2D flood-routing prototype"}, "geometry": {"type": "Polygon", "coordinates": [[[75.0588941458, 18.026115915099997], [75.0588941458, 18.0258381371], [75.0591719238, 18.0258381371], [75.0591719238, 18.026115915099997], [75.0588941458, 18.026115915099997]]]}}, {"type": "Feature", "properties": {"time_min": 25, "depth_min_m": 0.05, "depth_max_m": 1.0, "depth_class": "0.05\u20131.0 m", "max_depth_m": 0.9974272327806375, "mean_depth_m": 0.5666257801439187, "flooded_area_km2": 0.4512504548130559, "provenance": "Automated approximate 2D flood-routing prototype \u2014 not validated hydraulic output.", "model_type": "Automated approximate 2D flood-routing prototype"}, "geometry": {"type": "Polygon", "coordinates": [[[75.0500052498, 18.0258381371], [75.0500052498, 18.025560359099998], [75.05028302779999, 18.025560359099998], [75.05028302779999, 18.0258381371], [75.0500052498, 18.0258381371]]]}}, {"type": "Feature", "properties": {"time_min": 25, "depth_min_m": 0.05, "depth_max_m": 1.0, "depth_class": "0.05\u20131.0 m", "max_depth_m": 0.9974272327806375, "mean_depth_m": 0.5666257801439187, "flooded_area_km2": 0.4512504548130559, "provenance": "Automated approximate 2D flood-routing prototype \u2014 not validated hydraulic output.", "model_type": "Automated approximate 2D flood-routing prototype"}, "geometry": {"type": "Polygon", "coordinates": [[[75.05833858979999, 18.0258381371], [75.05833858979999, 18.025282581099997], [75.05806081179999, 18.025282581099997], [75.05806081179999, 18.025004803099996], [75.0586163678, 18.025004803099996], [75.0586163678, 18.025282581099997], [75.05944970179999, 18.025282581099997], [75.05944970179999, 18.0258381371], [75.0591719238, 18.0258381371], [75.0591719238, 18.025560359099998], [75.0588941458, 18.025560359099998], [75.0588941458, 18.0258381371], [75.05833858979999, 18.0258381371]]]}}, {"type": "Feature", "properties": {"time_min": 25, "depth_min_m": 0.05, "depth_max_m": 1.0, "depth_class": "0.05\u20131.0 m", "max_depth_m": 0.9974272327806375, "mean_depth_m": 0.5666257801439187, "flooded_area_km2": 0.4512504548130559, "provenance": "Automated approximate 2D flood-routing prototype \u2014 not validated hydraulic output.", "model_type": "Automated approximate 2D flood-routing prototype"}, "geometry": {"type": "Polygon", "coordinates": [[[75.0561163658, 18.025282581099997], [75.0561163658, 18.0247270251], [75.05639414379999, 18.0247270251], [75.05639414379999, 18.025004803099996], [75.0572274778, 18.025004803099996], [75.0572274778, 18.025282581099997], [75.0561163658, 18.025282581099997]]]}}, {"type": "Feature", "properties": {"time_min": 25, "depth_min_m": 0.05, "depth_max_m": 1.0, "depth_class": "0.05\u20131.0 m", "max_depth_m": 0.9974272327806375, "mean_depth_m": 0.5666257801439187, "flooded_area_km2": 0.4512504548130559, "provenance": "Automated approximate 2D flood-routing prototype \u2014 not validated hydraulic output.", "model_type": "Automated approximate 2D flood-routing prototype"}, "geometry": {"type": "Polygon", "coordinates": [[[75.0558385878, 18.0247270251], [75.0558385878, 18.024449247099998], [75.0561163658, 18.024449247099998], [75.0561163658, 18.0247270251], [75.0558385878, 18.0247270251]]]}}, {"type": "Feature", "properties": {"time_min": 25, "depth_min_m": 0.05, "depth_max_m": 1.0, "depth_class": "0.05\u20131.0 m", "max_depth_m": 0.9974272327806375, "mean_depth_m": 0.5666257801439187, "flooded_area_km2": 0.4512504548130559, "provenance": "Automated approximate 2D flood-routing prototype \u2014 not validated hydraulic output.", "model_type": "Automated approximate 2D flood-routing prototype"}, "geometry": {"type": "Polygon", "coordinates": [[[75.0547274758, 18.024449247099998], [75.0547274758, 18.024171469099997], [75.0544496978, 18.024171469099997], [75.0544496978, 18.0238936911], [75.0538941418, 18.0238936911], [75.0538941418, 18.0236159131], [75.0547274758, 18.0236159131], [75.0547274758, 18.0238936911], [75.05500525379999, 18.0238936911], [75.05500525379999, 18.024171469099997], [75.0555608098, 18.024171469099997], [75.0555608098, 18.024449247099998], [75.0547274758, 18.024449247099998]]]}}, {"type": "Feature", "properties": {"time_min": 25, "depth_min_m": 0.05, "depth_max_m": 1.0, "depth_class": "0.05\u20131.0 m", "max_depth_m": 0.9974272327806375, "mean_depth_m": 0.5666257801439187, "flooded_area_km2": 0.4512504548130559, "provenance": "Automated approximate 2D flood-routing prototype \u2014 not validated hydraulic output.", "model_type": "Automated approximate 2D flood-routing prototype"}, "geometry": {"type": "Polygon", "coordinates": [[[75.05361636379999, 18.0236159131], [75.05361636379999, 18.023338135099998], [75.0538941418, 18.023338135099998], [75.0538941418, 18.0236159131], [75.05361636379999, 18.0236159131]]]}}, {"type": "Feature", "properties": {"time_min": 25, "depth_min_m": 0.05, "depth_max_m": 1.0, "depth_class": "0.05\u20131.0 m", "max_depth_m": 0.9974272327806375, "mean_depth_m": 0.5666257801439187, "flooded_area_km2": 0.4512504548130559, "provenance": "Automated approximate 2D flood-routing prototype \u2014 not validated hydraulic output.", "model_type": "Automated approximate 2D flood-routing prototype"}, "geometry": {"type": "Polygon", "coordinates": [[[75.05333858579999, 18.023338135099998], [75.05333858579999, 18.023060357099997], [75.0530608078, 18.023060357099997], [75.0530608078, 18.0227825791], [75.0527830298, 18.0227825791], [75.0527830298, 18.022227023099997], [75.0525052518, 18.022227023099997], [75.0525052518, 18.021949245099997], [75.0530608078, 18.021949245099997], [75.0530608078, 18.0225048011], [75.05333858579999, 18.0225048011], [75.05333858579999, 18.0227825791], [75.05361636379999, 18.0227825791], [75.05361636379999, 18.023338135099998], [75.05333858579999, 18.023338135099998]]]}}, {"type": "Feature", "properties": {"time_min": 25, "depth_min_m": 0.05, "depth_max_m": 1.0, "depth_class": "0.05\u20131.0 m", "max_depth_m": 0.9974272327806375, "mean_depth_m": 0.5666257801439187, "flooded_area_km2": 0.4512504548130559, "provenance": "Automated approximate 2D flood-routing prototype \u2014 not validated hydraulic output.", "model_type": "Automated approximate 2D flood-routing prototype"}, "geometry": {"type": "Polygon", "coordinates": [[[75.05194969579999, 18.021949245099997], [75.05194969579999, 18.020282577099998], [75.05222747379999, 18.020282577099998], [75.05222747379999, 18.021949245099997], [75.05194969579999, 18.021949245099997]]]}}, {"type": "Feature", "properties": {"time_min": 25, "depth_min_m": 0.05, "depth_max_m": 1.0, "depth_class": "0.05\u20131.0 m", "max_depth_m": 0.9974272327806375, "mean_depth_m": 0.5666257801439187, "flooded_area_km2": 0.4512504548130559, "provenance": "Automated approximate 2D flood-routing prototype \u2014 not validated hydraulic output.", "model_type": "Automated approximate 2D flood-routing prototype"}, "geometry": {"type": "Polygon", "coordinates": [[[75.0516719178, 18.020282577099998], [75.0516719178, 18.020004799099997], [75.05194969579999, 18.020004799099997], [75.05194969579999, 18.020282577099998], [75.0516719178, 18.020282577099998]]]}}, {"type": "Feature", "properties": {"time_min": 25, "depth_min_m": 0.05, "depth_max_m": 1.0, "depth_class": "0.05\u20131.0 m", "max_depth_m": 0.9974272327806375, "mean_depth_m": 0.5666257801439187, "flooded_area_km2": 0.4512504548130559, "provenance": "Automated approximate 2D flood-routing prototype \u2014 not validated hydraulic output.", "model_type": "Automated approximate 2D flood-routing prototype"}, "geometry": {"type": "Polygon", "coordinates": [[[75.0511163618, 18.020004799099997], [75.0511163618, 18.0194492431], [75.0513941398, 18.0194492431], [75.0513941398, 18.0197270211], [75.0516719178, 18.0197270211], [75.0516719178, 18.020004799099997], [75.0511163618, 18.020004799099997]]]}}, {"type": "Feature", "properties": {"time_min": 25, "depth_min_m": 0.05, "depth_max_m": 1.0, "depth_class": "0.05\u20131.0 m", "max_depth_m": 0.9974272327806375, "mean_depth_m": 0.5666257801439187, "flooded_area_km2": 0.4512504548130559, "provenance": "Automated approximate 2D flood-routing prototype \u2014 not validated hydraulic output.", "model_type": "Automated approximate 2D flood-routing prototype"}, "geometry": {"type": "Polygon", "coordinates": [[[75.11583863579999, 18.0041714531], [75.11583863579999, 18.0038936751], [75.1161164138, 18.0038936751], [75.1161164138, 18.0041714531], [75.11583863579999, 18.0041714531]]]}}, {"type": "Feature", "properties": {"time_min": 25, "depth_min_m": 0.05, "depth_max_m": 1.0, "depth_class": "0.05\u20131.0 m", "max_depth_m": 0.9974272327806375, "mean_depth_m": 0.5666257801439187, "flooded_area_km2": 0.4512504548130559, "provenance": "Automated approximate 2D flood-routing prototype \u2014 not validated hydraulic output.", "model_type": "Automated approximate 2D flood-routing prototype"}, "geometry": {"type": "Polygon", "coordinates": [[[75.11556085779999, 18.0038936751], [75.11556085779999, 18.003615897099998], [75.11583863579999, 18.003615897099998], [75.11583863579999, 18.0038936751], [75.11556085779999, 18.0038936751]]]}}, {"type": "Feature", "properties": {"time_min": 25, "depth_min_m": 0.05, "depth_max_m": 1.0, "depth_class": "0.05\u20131.0 m", "max_depth_m": 0.9974272327806375, "mean_depth_m": 0.5666257801439187, "flooded_area_km2": 0.4512504548130559, "provenance": "Automated approximate 2D flood-routing prototype \u2014 not validated hydraulic output.", "model_type": "Automated approximate 2D flood-routing prototype"}, "geometry": {"type": "Polygon", "coordinates": [[[75.10667196179999, 18.003615897099998], [75.10667196179999, 18.0030603411], [75.10639418379999, 18.0030603411], [75.10639418379999, 18.0027825631], [75.1069497398, 18.0027825631], [75.1069497398, 18.003615897099998], [75.10667196179999, 18.003615897099998]]]}}, {"type": "Feature", "properties": {"time_min": 25, "depth_min_m": 0.05, "depth_max_m": 1.0, "depth_class": "0.05\u20131.0 m", "max_depth_m": 0.9974272327806375, "mean_depth_m": 0.5666257801439187, "flooded_area_km2": 0.4512504548130559, "provenance": "Automated approximate 2D flood-routing prototype \u2014 not validated hydraulic output.", "model_type": "Automated approximate 2D flood-routing prototype"}, "geometry": {"type": "Polygon", "coordinates": [[[75.1133386338, 18.0030603411], [75.1133386338, 18.0027825631], [75.1136164118, 18.0027825631], [75.1136164118, 18.0030603411], [75.1133386338, 18.0030603411]]]}}, {"type": "Feature", "properties": {"time_min": 25, "depth_min_m": 0.05, "depth_max_m": 1.0, "depth_class": "0.05\u20131.0 m", "max_depth_m": 0.9974272327806375, "mean_depth_m": 0.5666257801439187, "flooded_area_km2": 0.4512504548130559, "provenance": "Automated approximate 2D flood-routing prototype \u2014 not validated hydraulic output.", "model_type": "Automated approximate 2D flood-routing prototype"}, "geometry": {"type": "Polygon", "coordinates": [[[75.11417196779999, 18.0030603411], [75.11417196779999, 18.0027825631], [75.11444974579999, 18.0027825631], [75.11444974579999, 18.0030603411], [75.11417196779999, 18.0030603411]]]}}, {"type": "Feature", "properties": {"time_min": 25, "depth_min_m": 0.05, "depth_max_m": 1.0, "depth_class": "0.05\u20131.0 m", "max_depth_m": 0.9974272327806375, "mean_depth_m": 0.5666257801439187, "flooded_area_km2": 0.4512504548130559, "provenance": "Automated approximate 2D flood-routing prototype \u2014 not validated hydraulic output.", "model_type": "Automated approximate 2D flood-routing prototype"}, "geometry": {"type": "Polygon", "coordinates": [[[75.1069497398, 18.0027825631], [75.1069497398, 18.002227007099997], [75.1072275178, 18.002227007099997], [75.1072275178, 18.0027825631], [75.1069497398, 18.0027825631]]]}}, {"type": "Feature", "properties": {"time_min": 25, "depth_min_m": 0.05, "depth_max_m": 1.0, "depth_class": "0.05\u20131.0 m", "max_depth_m": 0.9974272327806375, "mean_depth_m": 0.5666257801439187, "flooded_area_km2": 0.4512504548130559, "provenance": "Automated approximate 2D flood-routing prototype \u2014 not validated hydraulic output.", "model_type": "Automated approximate 2D flood-routing prototype"}, "geometry": {"type": "Polygon", "coordinates": [[[75.1072275178, 18.0019492291], [75.1072275178, 18.001671451099998], [75.1075052958, 18.001671451099998], [75.1075052958, 18.0019492291], [75.1072275178, 18.0019492291]]]}}, {"type": "Feature", "properties": {"time_min": 25, "depth_min_m": 1.0, "depth_max_m": 3.0, "depth_class": "1.0\u20133.0 m", "max_depth_m": 2.9993498402025125, "mean_depth_m": 2.0279649967859052, "flooded_area_km2": 1.2689162789343131, "provenance": "Automated approximate 2D flood-routing prototype \u2014 not validated hydraulic output.", "model_type": "Automated approximate 2D flood-routing prototype"}, "geometry": {"type": "Polygon", "coordinates": [[[75.1147275238, 18.076949289099996], [75.1147275238, 18.0766715111], [75.1150053018, 18.0766715111], [75.1150053018, 18.076949289099996], [75.1147275238, 18.076949289099996]]]}}, {"type": "Feature", "properties": {"time_min": 25, "depth_min_m": 1.0, "depth_max_m": 3.0, "depth_class": "1.0\u20133.0 m", "max_depth_m": 2.9993498402025125, "mean_depth_m": 2.0279649967859052, "flooded_area_km2": 1.2689162789343131, "provenance": "Automated approximate 2D flood-routing prototype \u2014 not validated hydraulic output.", "model_type": "Automated approximate 2D flood-routing prototype"}, "geometry": {"type": "Polygon", "coordinates": [[[75.1133386338, 18.0766715111], [75.1133386338, 18.076393733099998], [75.1130608558, 18.076393733099998], [75.1130608558, 18.076115955099997], [75.1133386338, 18.076115955099997], [75.1133386338, 18.0758381771], [75.1136164118, 18.0758381771], [75.1136164118, 18.076115955099997], [75.11389418979999, 18.076115955099997], [75.11389418979999, 18.0758381771], [75.11417196779999, 18.0758381771], [75.11417196779999, 18.076393733099998], [75.11389418979999, 18.076393733099998], [75.11389418979999, 18.0766715111], [75.1133386338, 18.0766715111]]]}}, {"type": "Feature", "properties": {"time_min": 25, "depth_min_m": 1.0, "depth_max_m": 3.0, "depth_class": "1.0\u20133.0 m", "max_depth_m": 2.9993498402025125, "mean_depth_m": 2.0279649967859052, "flooded_area_km2": 1.2689162789343131, "provenance": "Automated approximate 2D flood-routing prototype \u2014 not validated hydraulic output.", "model_type": "Automated approximate 2D flood-routing prototype"}, "geometry": {"type": "Polygon", "coordinates": [[[75.11583863579999, 18.076115955099997], [75.11583863579999, 18.0758381771], [75.1161164138, 18.0758381771], [75.1161164138, 18.076115955099997], [75.11583863579999, 18.076115955099997]]]}}, {"type": "Feature", "properties": {"time_min": 25, "depth_min_m": 1.0, "depth_max_m": 3.0, "depth_class": "1.0\u20133.0 m", "max_depth_m": 2.9993498402025125, "mean_depth_m": 2.0279649967859052, "flooded_area_km2": 1.2689162789343131, "provenance": "Automated approximate 2D flood-routing prototype \u2014 not validated hydraulic output.", "model_type": "Automated approximate 2D flood-routing prototype"}, "geometry": {"type": "Polygon", "coordinates": [[[75.1088941858, 18.0758381771], [75.1088941858, 18.0755603991], [75.1091719638, 18.0755603991], [75.1091719638, 18.0758381771], [75.1088941858, 18.0758381771]]]}}, {"type": "Feature", "properties": {"time_min": 25, "depth_min_m": 1.0, "depth_max_m": 3.0, "depth_class": "1.0\u20133.0 m", "max_depth_m": 2.9993498402025125, "mean_depth_m": 2.0279649967859052, "flooded_area_km2": 1.2689162789343131, "provenance": "Automated approximate 2D flood-routing prototype \u2014 not validated hydraulic output.", "model_type": "Automated approximate 2D flood-routing prototype"}, "geometry": {"type": "Polygon", "coordinates": [[[75.1086164078, 18.0755603991], [75.1086164078, 18.075282621099998], [75.1088941858, 18.075282621099998], [75.1088941858, 18.0755603991], [75.1086164078, 18.0755603991]]]}}, {"type": "Feature", "properties": {"time_min": 25, "depth_min_m": 1.0, "depth_max_m": 3.0, "depth_class": "1.0\u20133.0 m", "max_depth_m": 2.9993498402025125, "mean_depth_m": 2.0279649967859052, "flooded_area_km2": 1.2689162789343131, "provenance": "Automated approximate 2D flood-routing prototype \u2014 not validated hydraulic output.", "model_type": "Automated approximate 2D flood-routing prototype"}, "geometry": {"type": "Polygon", "coordinates": [[[75.1061164058, 18.075282621099998], [75.1061164058, 18.075004843099997], [75.10667196179999, 18.075004843099997], [75.10667196179999, 18.075282621099998], [75.1061164058, 18.075282621099998]]]}}, {"type": "Feature", "properties": {"time_min": 25, "depth_min_m": 1.0, "depth_max_m": 3.0, "depth_class": "1.0\u20133.0 m", "max_depth_m": 2.9993498402025125, "mean_depth_m": 2.0279649967859052, "flooded_area_km2": 1.2689162789343131, "provenance": "Automated approximate 2D flood-routing prototype \u2014 not validated hydraulic output.", "model_type": "Automated approximate 2D flood-routing prototype"}, "geometry": {"type": "Polygon", "coordinates": [[[75.1077830738, 18.075282621099998], [75.1077830738, 18.075004843099997], [75.10833862979999, 18.075004843099997], [75.10833862979999, 18.075282621099998], [75.1077830738, 18.075282621099998]]]}}, {"type": "Feature", "properties": {"time_min": 25, "depth_min_m": 1.0, "depth_max_m": 3.0, "depth_class": "1.0\u20133.0 m", "max_depth_m": 2.9993498402025125, "mean_depth_m": 2.0279649967859052, "flooded_area_km2": 1.2689162789343131, "provenance": "Automated approximate 2D flood-routing prototype \u2014 not validated hydraulic output.", "model_type": "Automated approximate 2D flood-routing prototype"}, "geometry": {"type": "Polygon", "coordinates": [[[75.10528307179999, 18.075004843099997], [75.10528307179999, 18.0747270651], [75.1061164058, 18.0747270651], [75.1061164058, 18.075004843099997], [75.10528307179999, 18.075004843099997]]]}}, {"type": "Feature", "properties": {"time_min": 25, "depth_min_m": 1.0, "depth_max_m": 3.0, "depth_class": "1.0\u20133.0 m", "max_depth_m": 2.9993498402025125, "mean_depth_m": 2.0279649967859052, "flooded_area_km2": 1.2689162789343131, "provenance": "Automated approximate 2D flood-routing prototype \u2014 not validated hydraulic output.", "model_type": "Automated approximate 2D flood-routing prototype"}, "geometry": {"type": "Polygon", "coordinates": [[[75.10667196179999, 18.075004843099997], [75.10667196179999, 18.0747270651], [75.1075052958, 18.0747270651], [75.1075052958, 18.075004843099997], [75.10667196179999, 18.075004843099997]]]}}, {"type": "Feature", "properties": {"time_min": 25, "depth_min_m": 1.0, "depth_max_m": 3.0, "depth_class": "1.0\u20133.0 m", "max_depth_m": 2.9993498402025125, "mean_depth_m": 2.0279649967859052, "flooded_area_km2": 1.2689162789343131, "provenance": "Automated approximate 2D flood-routing prototype \u2014 not validated hydraulic output.", "model_type": "Automated approximate 2D flood-routing prototype"}, "geometry": {"type": "Polygon", "coordinates": [[[75.1038941818, 18.0747270651], [75.1038941818, 18.0744492871], [75.10333862579999, 18.0744492871], [75.10333862579999, 18.074171509099997], [75.10528307179999, 18.074171509099997], [75.10528307179999, 18.0747270651], [75.1038941818, 18.0747270651]]]}}, {"type": "Feature", "properties": {"time_min": 25, "depth_min_m": 1.0, "depth_max_m": 3.0, "depth_class": "1.0\u20133.0 m", "max_depth_m": 2.9993498402025125, "mean_depth_m": 2.0279649967859052, "flooded_area_km2": 1.2689162789343131, "provenance": "Automated approximate 2D flood-routing prototype \u2014 not validated hydraulic output.", "model_type": "Automated approximate 2D flood-routing prototype"}, "geometry": {"type": "Polygon", "coordinates": [[[75.1025052918, 18.0744492871], [75.1025052918, 18.074171509099997], [75.10028306779999, 18.074171509099997], [75.10028306779999, 18.073893731099997], [75.1000052898, 18.073893731099997], [75.1000052898, 18.0736159531], [75.1008386238, 18.0736159531], [75.1008386238, 18.073893731099997], [75.1027830698, 18.073893731099997], [75.1027830698, 18.074171509099997], [75.1030608478, 18.074171509099997], [75.1030608478, 18.0744492871], [75.1025052918, 18.0744492871]]]}}, {"type": "Feature", "properties": {"time_min": 25, "depth_min_m": 1.0, "depth_max_m": 3.0, "depth_class": "1.0\u20133.0 m", "max_depth_m": 2.9993498402025125, "mean_depth_m": 2.0279649967859052, "flooded_area_km2": 1.2689162789343131, "provenance": "Automated approximate 2D flood-routing prototype \u2014 not validated hydraulic output.", "model_type": "Automated approximate 2D flood-routing prototype"}, "geometry": {"type": "Polygon", "coordinates": [[[75.09917195579999, 18.0736159531], [75.09917195579999, 18.073338175099998], [75.0997275118, 18.073338175099998], [75.0997275118, 18.0736159531], [75.09917195579999, 18.0736159531]]]}}, {"type": "Feature", "properties": {"time_min": 25, "depth_min_m": 1.0, "depth_max_m": 3.0, "depth_class": "1.0\u20133.0 m", "max_depth_m": 2.9993498402025125, "mean_depth_m": 2.0279649967859052, "flooded_area_km2": 1.2689162789343131, "provenance": "Automated approximate 2D flood-routing prototype \u2014 not validated hydraulic output.", "model_type": "Automated approximate 2D flood-routing prototype"}, "geometry": {"type": "Polygon", "coordinates": [[[75.0980608438, 18.073338175099998], [75.0980608438, 18.073060397099997], [75.09889417779999, 18.073060397099997], [75.09889417779999, 18.073338175099998], [75.0980608438, 18.073338175099998]]]}}, {"type": "Feature", "properties": {"time_min": 25, "depth_min_m": 1.0, "depth_max_m": 3.0, "depth_class": "1.0\u20133.0 m", "max_depth_m": 2.9993498402025125, "mean_depth_m": 2.0279649967859052, "flooded_area_km2": 1.2689162789343131, "provenance": "Automated approximate 2D flood-routing prototype \u2014 not validated hydraulic output.", "model_type": "Automated approximate 2D flood-routing prototype"}, "geometry": {"type": "Polygon", "coordinates": [[[75.09750528779999, 18.073060397099997], [75.09750528779999, 18.072782619099996], [75.0980608438, 18.072782619099996], [75.0980608438, 18.073060397099997], [75.09750528779999, 18.073060397099997]]]}}, {"type": "Feature", "properties": {"time_min": 25, "depth_min_m": 1.0, "depth_max_m": 3.0, "depth_class": "1.0\u20133.0 m", "max_depth_m": 2.9993498402025125, "mean_depth_m": 2.0279649967859052, "flooded_area_km2": 1.2689162789343131, "provenance": "Automated approximate 2D flood-routing prototype \u2014 not validated hydraulic output.", "model_type": "Automated approximate 2D flood-routing prototype"}, "geometry": {"type": "Polygon", "coordinates": [[[75.11583863579999, 18.077227067099997], [75.11583863579999, 18.076949289099996], [75.1152830798, 18.076949289099996], [75.1152830798, 18.0766715111], [75.11583863579999, 18.0766715111], [75.11583863579999, 18.076393733099998], [75.1161164138, 18.076393733099998], [75.1161164138, 18.076115955099997], [75.1163941918, 18.076115955099997], [75.1163941918, 18.075004843099997], [75.1161164138, 18.075004843099997], [75.1161164138, 18.0747270651], [75.11556085779999, 18.0747270651], [75.11556085779999, 18.075282621099998], [75.11583863579999, 18.075282621099998], [75.11583863579999, 18.0755603991], [75.1150053018, 18.0755603991], [75.1150053018, 18.075282621099998], [75.11444974579999, 18.075282621099998], [75.11444974579999, 18.075004843099997], [75.11389418979999, 18.075004843099997], [75.11389418979999, 18.0747270651], [75.11417196779999, 18.0747270651], [75.11417196779999, 18.0744492871], [75.11444974579999, 18.0744492871], [75.11444974579999, 18.074171509099997], [75.11389418979999, 18.074171509099997], [75.11389418979999, 18.0744492871], [75.1133386338, 18.0744492871], [75.1133386338, 18.073893731099997], [75.11278307779999, 18.073893731099997], [75.11278307779999, 18.0736159531], [75.1130608558, 18.0736159531], [75.1130608558, 18.073338175099998], [75.11278307779999, 18.073338175099998], [75.11278307779999, 18.073060397099997], [75.1130608558, 18.073060397099997], [75.1130608558, 18.072782619099996], [75.11250529979999, 18.072782619099996], [75.11250529979999, 18.0725048411], [75.1119497438, 18.0725048411], [75.1119497438, 18.072227063099998], [75.1133386338, 18.072227063099998], [75.1133386338, 18.0725048411], [75.1152830798, 18.0725048411], [75.1152830798, 18.073060397099997], [75.11444974579999, 18.073060397099997], [75.11444974579999, 18.0736159531], [75.1147275238, 18.0736159531], [75.1147275238, 18.073893731099997], [75.11556085779999, 18.073893731099997], [75.11556085779999, 18.0736159531], [75.11583863579999, 18.0736159531], [75.11583863579999, 18.0744492871], [75.1161164138, 18.0744492871], [75.1161164138, 18.074171509099997], [75.1163941918, 18.074171509099997], [75.1163941918, 18.0747270651], [75.1166719698, 18.0747270651], [75.1166719698, 18.0755603991], [75.1175053038, 18.0755603991], [75.1175053038, 18.075282621099998], [75.11722752579999, 18.075282621099998], [75.11722752579999, 18.0747270651], [75.11694974779999, 18.0747270651], [75.11694974779999, 18.074171509099997], [75.11722752579999, 18.074171509099997], [75.11722752579999, 18.0744492871], [75.1175053038, 18.0744492871], [75.1175053038, 18.073338175099998], [75.1177830818, 18.073338175099998], [75.1177830818, 18.073060397099997], [75.1161164138, 18.073060397099997], [75.1161164138, 18.072782619099996], [75.1177830818, 18.072782619099996], [75.1177830818, 18.0725048411], [75.11889419379999, 18.0725048411], [75.11889419379999, 18.073338175099998], [75.1183386378, 18.073338175099998], [75.1183386378, 18.0736159531], [75.1180608598, 18.0736159531], [75.1180608598, 18.074171509099997], [75.1183386378, 18.074171509099997], [75.1183386378, 18.0747270651], [75.1177830818, 18.0747270651], [75.1177830818, 18.075004843099997], [75.1183386378, 18.075004843099997], [75.1183386378, 18.075282621099998], [75.1191719718, 18.075282621099998], [75.1191719718, 18.0755603991], [75.1197275278, 18.0755603991], [75.1197275278, 18.076115955099997], [75.1194497498, 18.076115955099997], [75.1194497498, 18.076393733099998], [75.1183386378, 18.076393733099998], [75.1183386378, 18.0766715111], [75.1175053038, 18.0766715111], [75.1175053038, 18.076949289099996], [75.1163941918, 18.076949289099996], [75.1163941918, 18.077227067099997], [75.11583863579999, 18.077227067099997]], [[75.1136164118, 18.073060397099997], [75.11417196779999, 18.073060397099997], [75.11417196779999, 18.072782619099996], [75.1136164118, 18.072782619099996], [75.1136164118, 18.073060397099997]], [[75.1180608598, 18.073060397099997], [75.1183386378, 18.073060397099997], [75.1183386378, 18.072782619099996], [75.1180608598, 18.072782619099996], [75.1180608598, 18.073060397099997]]]}}, {"type": "Feature", "properties": {"time_min": 25, "depth_min_m": 1.0, "depth_max_m": 3.0, "depth_class": "1.0\u20133.0 m", "max_depth_m": 2.9993498402025125, "mean_depth_m": 2.0279649967859052, "flooded_area_km2": 1.2689162789343131, "provenance": "Automated approximate 2D flood-routing prototype \u2014 not validated hydraulic output.", "model_type": "Automated approximate 2D flood-routing prototype"}, "geometry": {"type": "Polygon", "coordinates": [[[75.1077830738, 18.0725048411], [75.1077830738, 18.071949285099997], [75.10806085179999, 18.071949285099997], [75.10806085179999, 18.0725048411], [75.1077830738, 18.0725048411]]]}}, {"type": "Feature", "properties": {"time_min": 25, "depth_min_m": 1.0, "depth_max_m": 3.0, "depth_class": "1.0\u20133.0 m", "max_depth_m": 2.9993498402025125, "mean_depth_m": 2.0279649967859052, "flooded_area_km2": 1.2689162789343131, "provenance": "Automated approximate 2D flood-routing prototype \u2014 not validated hydraulic output.", "model_type": "Automated approximate 2D flood-routing prototype"}, "geometry": {"type": "Polygon", "coordinates": [[[75.1108386318, 18.072227063099998], [75.1108386318, 18.071949285099997], [75.1119497438, 18.071949285099997], [75.1119497438, 18.072227063099998], [75.1108386318, 18.072227063099998]]]}}, {"type": "Feature", "properties": {"time_min": 25, "depth_min_m": 1.0, "depth_max_m": 3.0, "depth_class": "1.0\u20133.0 m", "max_depth_m": 2.9993498402025125, "mean_depth_m": 2.0279649967859052, "flooded_area_km2": 1.2689162789343131, "provenance": "Automated approximate 2D flood-routing prototype \u2014 not validated hydraulic output.", "model_type": "Automated approximate 2D flood-routing prototype"}, "geometry": {"type": "Polygon", "coordinates": [[[75.10944974179999, 18.071949285099997], [75.10944974179999, 18.0716715071], [75.1108386318, 18.0716715071], [75.1108386318, 18.071949285099997], [75.10944974179999, 18.071949285099997]]]}}, {"type": "Feature", "properties": {"time_min": 25, "depth_min_m": 1.0, "depth_max_m": 3.0, "depth_class": "1.0\u20133.0 m", "max_depth_m": 2.9993498402025125, "mean_depth_m": 2.0279649967859052, "flooded_area_km2": 1.2689162789343131, "provenance": "Automated approximate 2D flood-routing prototype \u2014 not validated hydraulic output.", "model_type": "Automated approximate 2D flood-routing prototype"}, "geometry": {"type": "Polygon", "coordinates": [[[75.1075052958, 18.0716715071], [75.1075052958, 18.0713937291], [75.1088941858, 18.0713937291], [75.1088941858, 18.0716715071], [75.1075052958, 18.0716715071]]]}}, {"type": "Feature", "properties": {"time_min": 25, "depth_min_m": 1.0, "depth_max_m": 3.0, "depth_class": "1.0\u20133.0 m", "max_depth_m": 2.9993498402025125, "mean_depth_m": 2.0279649967859052, "flooded_area_km2": 1.2689162789343131, "provenance": "Automated approximate 2D flood-routing prototype \u2014 not validated hydraulic output.", "model_type": "Automated approximate 2D flood-routing prototype"}, "geometry": {"type": "Polygon", "coordinates": [[[75.10528307179999, 18.0713937291], [75.10528307179999, 18.071115951099998], [75.10500529379999, 18.071115951099998], [75.10500529379999, 18.070838173099997], [75.1044497378, 18.070838173099997], [75.1044497378, 18.0705603951], [75.10528307179999, 18.0705603951], [75.10528307179999, 18.070838173099997], [75.10639418379999, 18.070838173099997], [75.10639418379999, 18.071115951099998], [75.1072275178, 18.071115951099998], [75.1072275178, 18.0713937291], [75.10528307179999, 18.0713937291]]]}}, {"type": "Feature", "properties": {"time_min": 25, "depth_min_m": 1.0, "depth_max_m": 3.0, "depth_class": "1.0\u20133.0 m", "max_depth_m": 2.9993498402025125, "mean_depth_m": 2.0279649967859052, "flooded_area_km2": 1.2689162789343131, "provenance": "Automated approximate 2D flood-routing prototype \u2014 not validated hydraulic output.", "model_type": "Automated approximate 2D flood-routing prototype"}, "geometry": {"type": "Polygon", "coordinates": [[[75.1016719578, 18.0705603951], [75.1016719578, 18.0702826171], [75.10361640379999, 18.0702826171], [75.10361640379999, 18.0705603951], [75.1016719578, 18.0705603951]]]}}, {"type": "Feature", "properties": {"time_min": 25, "depth_min_m": 1.0, "depth_max_m": 3.0, "depth_class": "1.0\u20133.0 m", "max_depth_m": 2.9993498402025125, "mean_depth_m": 2.0279649967859052, "flooded_area_km2": 1.2689162789343131, "provenance": "Automated approximate 2D flood-routing prototype \u2014 not validated hydraulic output.", "model_type": "Automated approximate 2D flood-routing prototype"}, "geometry": {"type": "Polygon", "coordinates": [[[75.1038941818, 18.0705603951], [75.1038941818, 18.0702826171], [75.1044497378, 18.0702826171], [75.1044497378, 18.0705603951], [75.1038941818, 18.0705603951]]]}}, {"type": "Feature", "properties": {"time_min": 25, "depth_min_m": 1.0, "depth_max_m": 3.0, "depth_class": "1.0\u20133.0 m", "max_depth_m": 2.9993498402025125, "mean_depth_m": 2.0279649967859052, "flooded_area_km2": 1.2689162789343131, "provenance": "Automated approximate 2D flood-routing prototype \u2014 not validated hydraulic output.", "model_type": "Automated approximate 2D flood-routing prototype"}, "geometry": {"type": "Polygon", "coordinates": [[[75.10361640379999, 18.0702826171], [75.10361640379999, 18.070004839099997], [75.1038941818, 18.070004839099997], [75.1038941818, 18.0702826171], [75.10361640379999, 18.0702826171]]]}}, {"type": "Feature", "properties": {"time_min": 25, "depth_min_m": 1.0, "depth_max_m": 3.0, "depth_class": "1.0\u20133.0 m", "max_depth_m": 2.9993498402025125, "mean_depth_m": 2.0279649967859052, "flooded_area_km2": 1.2689162789343131, "provenance": "Automated approximate 2D flood-routing prototype \u2014 not validated hydraulic output.", "model_type": "Automated approximate 2D flood-routing prototype"}, "geometry": {"type": "Polygon", "coordinates": [[[75.0919497278, 18.069727061099996], [75.0919497278, 18.0694492831], [75.0922275058, 18.0694492831], [75.0922275058, 18.069727061099996], [75.0919497278, 18.069727061099996]]]}}, {"type": "Feature", "properties": {"time_min": 25, "depth_min_m": 1.0, "depth_max_m": 3.0, "depth_class": "1.0\u20133.0 m", "max_depth_m": 2.9993498402025125, "mean_depth_m": 2.0279649967859052, "flooded_area_km2": 1.2689162789343131, "provenance": "Automated approximate 2D flood-routing prototype \u2014 not validated hydraulic output.", "model_type": "Automated approximate 2D flood-routing prototype"}, "geometry": {"type": "Polygon", "coordinates": [[[75.09167194979999, 18.0694492831], [75.09167194979999, 18.069171505099998], [75.0919497278, 18.069171505099998], [75.0919497278, 18.0694492831], [75.09167194979999, 18.0694492831]]]}}, {"type": "Feature", "properties": {"time_min": 25, "depth_min_m": 1.0, "depth_max_m": 3.0, "depth_class": "1.0\u20133.0 m", "max_depth_m": 2.9993498402025125, "mean_depth_m": 2.0279649967859052, "flooded_area_km2": 1.2689162789343131, "provenance": "Automated approximate 2D flood-routing prototype \u2014 not validated hydraulic output.", "model_type": "Automated approximate 2D flood-routing prototype"}, "geometry": {"type": "Polygon", "coordinates": [[[75.1008386238, 18.0702826171], [75.1008386238, 18.070004839099997], [75.1000052898, 18.070004839099997], [75.1000052898, 18.069727061099996], [75.09917195579999, 18.069727061099996], [75.09917195579999, 18.0694492831], [75.09889417779999, 18.0694492831], [75.09889417779999, 18.069171505099998], [75.09722750979999, 18.069171505099998], [75.09722750979999, 18.068893727099997], [75.0969497318, 18.068893727099997], [75.0969497318, 18.068615949099996], [75.09722750979999, 18.068615949099996], [75.09722750979999, 18.0683381711], [75.0977830658, 18.0683381711], [75.0977830658, 18.067782615099997], [75.09722750979999, 18.067782615099997], [75.09722750979999, 18.0675048371], [75.0966719538, 18.0675048371], [75.0966719538, 18.0672270591], [75.0963941758, 18.0672270591], [75.0963941758, 18.066949281099998], [75.09583861979999, 18.066949281099998], [75.09583861979999, 18.066671503099997], [75.09611639779999, 18.066671503099997], [75.09611639779999, 18.0663937251], [75.09583861979999, 18.0663937251], [75.09583861979999, 18.065838169099997], [75.09611639779999, 18.065838169099997], [75.09611639779999, 18.0661159471], [75.0966719538, 18.0661159471], [75.0966719538, 18.0663937251], [75.0969497318, 18.0663937251], [75.0969497318, 18.066949281099998], [75.0977830658, 18.066949281099998], [75.0977830658, 18.0672270591], [75.0986163998, 18.0672270591], [75.0986163998, 18.0675048371], [75.09889417779999, 18.0675048371], [75.09889417779999, 18.067782615099997], [75.09917195579999, 18.067782615099997], [75.09917195579999, 18.068060393099998], [75.0994497338, 18.068060393099998], [75.0994497338, 18.0683381711], [75.1000052898, 18.0683381711], [75.1000052898, 18.068060393099998], [75.10028306779999, 18.068060393099998], [75.10028306779999, 18.068615949099996], [75.10056084579999, 18.068615949099996], [75.10056084579999, 18.068893727099997], [75.1008386238, 18.068893727099997], [75.1008386238, 18.069727061099996], [75.1011164018, 18.069727061099996], [75.1011164018, 18.070004839099997], [75.1013941798, 18.070004839099997], [75.1013941798, 18.0702826171], [75.1008386238, 18.0702826171]]]}}, {"type": "Feature", "properties": {"time_min": 25, "depth_min_m": 1.0, "depth_max_m": 3.0, "depth_class": "1.0\u20133.0 m", "max_depth_m": 2.9993498402025125, "mean_depth_m": 2.0279649967859052, "flooded_area_km2": 1.2689162789343131, "provenance": "Automated approximate 2D flood-routing prototype \u2014 not validated hydraulic output.", "model_type": "Automated approximate 2D flood-routing prototype"}, "geometry": {"type": "Polygon", "coordinates": [[[75.0952830638, 18.068060393099998], [75.0952830638, 18.067782615099997], [75.09472750779999, 18.067782615099997], [75.09472750779999, 18.066949281099998], [75.09444972979999, 18.066949281099998], [75.09444972979999, 18.0663937251], [75.09417195179999, 18.0663937251], [75.09417195179999, 18.065838169099997], [75.0936163958, 18.065838169099997], [75.0936163958, 18.065560391099996], [75.09306083979999, 18.065560391099996], [75.09306083979999, 18.065004835099998], [75.0933386178, 18.065004835099998], [75.0933386178, 18.0652826131], [75.0938941738, 18.0652826131], [75.0938941738, 18.065560391099996], [75.09444972979999, 18.065560391099996], [75.09444972979999, 18.0661159471], [75.09472750779999, 18.0661159471], [75.09472750779999, 18.0663937251], [75.0950052858, 18.0663937251], [75.0950052858, 18.066949281099998], [75.0952830638, 18.066949281099998], [75.0952830638, 18.0672270591], [75.0955608418, 18.0672270591], [75.0955608418, 18.066949281099998], [75.09583861979999, 18.066949281099998], [75.09583861979999, 18.068060393099998], [75.0952830638, 18.068060393099998]]]}}, {"type": "Feature", "properties": {"time_min": 25, "depth_min_m": 1.0, "depth_max_m": 3.0, "depth_class": "1.0\u20133.0 m", "max_depth_m": 2.9993498402025125, "mean_depth_m": 2.0279649967859052, "flooded_area_km2": 1.2689162789343131, "provenance": "Automated approximate 2D flood-routing prototype \u2014 not validated hydraulic output.", "model_type": "Automated approximate 2D flood-routing prototype"}, "geometry": {"type": "Polygon", "coordinates": [[[75.09139417179999, 18.069171505099998], [75.09139417179999, 18.068893727099997], [75.0911163938, 18.068893727099997], [75.0911163938, 18.068615949099996], [75.0908386158, 18.068615949099996], [75.0908386158, 18.0683381711], [75.0905608378, 18.0683381711], [75.0905608378, 18.068060393099998], [75.0902830598, 18.068060393099998], [75.0902830598, 18.067782615099997], [75.08972750379999, 18.067782615099997], [75.08972750379999, 18.0675048371], [75.0894497258, 18.0675048371], [75.0894497258, 18.0672270591], [75.0891719478, 18.0672270591], [75.0891719478, 18.066671503099997], [75.0888941698, 18.066671503099997], [75.0888941698, 18.0663937251], [75.08861639179999, 18.0663937251], [75.08861639179999, 18.065838169099997], [75.08833861379999, 18.065838169099997], [75.08833861379999, 18.065560391099996], [75.0880608358, 18.065560391099996], [75.0880608358, 18.0652826131], [75.0875052798, 18.0652826131], [75.0875052798, 18.064727057099997], [75.08667194579999, 18.064727057099997], [75.08667194579999, 18.064449279099996], [75.0863941678, 18.064449279099996], [75.0863941678, 18.0641715011], [75.0861163898, 18.0641715011], [75.0861163898, 18.063893723099998], [75.0858386118, 18.063893723099998], [75.0858386118, 18.063615945099997], [75.0861163898, 18.063615945099997], [75.0861163898, 18.0633381671], [75.08556083379999, 18.0633381671], [75.08556083379999, 18.0630603891], [75.0858386118, 18.0630603891], [75.0858386118, 18.0622270551], [75.0861163898, 18.0622270551], [75.0861163898, 18.062782611099998], [75.0863941678, 18.062782611099998], [75.0863941678, 18.0630603891], [75.08667194579999, 18.0630603891], [75.08667194579999, 18.063615945099997], [75.08694972379999, 18.063615945099997], [75.08694972379999, 18.0633381671], [75.0875052798, 18.0633381671], [75.0875052798, 18.063615945099997], [75.0877830578, 18.063615945099997], [75.0877830578, 18.063893723099998], [75.0880608358, 18.063893723099998], [75.0880608358, 18.0641715011], [75.08833861379999, 18.0641715011], [75.08833861379999, 18.064449279099996], [75.08861639179999, 18.064449279099996], [75.08861639179999, 18.065004835099998], [75.0888941698, 18.065004835099998], [75.0888941698, 18.0652826131], [75.0891719478, 18.0652826131], [75.0891719478, 18.0661159471], [75.0894497258, 18.0661159471], [75.0894497258, 18.0663937251], [75.09000528179999, 18.0663937251], [75.09000528179999, 18.066671503099997], [75.0902830598, 18.066671503099997], [75.0902830598, 18.066949281099998], [75.0905608378, 18.066949281099998], [75.0905608378, 18.0672270591], [75.0908386158, 18.0672270591], [75.0908386158, 18.067782615099997], [75.0911163938, 18.067782615099997], [75.0911163938, 18.068060393099998], [75.09139417179999, 18.068060393099998], [75.09139417179999, 18.068615949099996], [75.09167194979999, 18.068615949099996], [75.09167194979999, 18.069171505099998], [75.09139417179999, 18.069171505099998]]]}}, {"type": "Feature", "properties": {"time_min": 25, "depth_min_m": 1.0, "depth_max_m": 3.0, "depth_class": "1.0\u20133.0 m", "max_depth_m": 2.9993498402025125, "mean_depth_m": 2.0279649967859052, "flooded_area_km2": 1.2689162789343131, "provenance": "Automated approximate 2D flood-routing prototype \u2014 not validated hydraulic output.", "model_type": "Automated approximate 2D flood-routing prototype"}, "geometry": {"type": "Polygon", "coordinates": [[[75.09278306179999, 18.065004835099998], [75.09278306179999, 18.064727057099997], [75.0925052838, 18.064727057099997], [75.0925052838, 18.064449279099996], [75.0919497278, 18.064449279099996], [75.0919497278, 18.0641715011], [75.09167194979999, 18.0641715011], [75.09167194979999, 18.063893723099998], [75.09139417179999, 18.063893723099998], [75.09139417179999, 18.063615945099997], [75.0911163938, 18.063615945099997], [75.0911163938, 18.062782611099998], [75.0908386158, 18.062782611099998], [75.0908386158, 18.062504833099997], [75.09139417179999, 18.062504833099997], [75.09139417179999, 18.0622270551], [75.09167194979999, 18.0622270551], [75.09167194979999, 18.062504833099997], [75.0919497278, 18.062504833099997], [75.0919497278, 18.063615945099997], [75.0922275058, 18.063615945099997], [75.0922275058, 18.0641715011], [75.09278306179999, 18.0641715011], [75.09278306179999, 18.064449279099996], [75.09306083979999, 18.064449279099996], [75.09306083979999, 18.065004835099998], [75.09278306179999, 18.065004835099998]]]}}, {"type": "Feature", "properties": {"time_min": 25, "depth_min_m": 1.0, "depth_max_m": 3.0, "depth_class": "1.0\u20133.0 m", "max_depth_m": 2.9993498402025125, "mean_depth_m": 2.0279649967859052, "flooded_area_km2": 1.2689162789343131, "provenance": "Automated approximate 2D flood-routing prototype \u2014 not validated hydraulic output.", "model_type": "Automated approximate 2D flood-routing prototype"}, "geometry": {"type": "Polygon", "coordinates": [[[75.0902830598, 18.062504833099997], [75.0902830598, 18.0622270551], [75.0905608378, 18.0622270551], [75.0905608378, 18.062504833099997], [75.0902830598, 18.062504833099997]]]}}, {"type": "Feature", "properties": {"time_min": 25, "depth_min_m": 1.0, "depth_max_m": 3.0, "depth_class": "1.0\u20133.0 m", "max_depth_m": 2.9993498402025125, "mean_depth_m": 2.0279649967859052, "flooded_area_km2": 1.2689162789343131, "provenance": "Automated approximate 2D flood-routing prototype \u2014 not validated hydraulic output.", "model_type": "Automated approximate 2D flood-routing prototype"}, "geometry": {"type": "Polygon", "coordinates": [[[75.08556083379999, 18.0622270551], [75.08556083379999, 18.061393721099996], [75.0858386118, 18.061393721099996], [75.0858386118, 18.0622270551], [75.08556083379999, 18.0622270551]]]}}, {"type": "Feature", "properties": {"time_min": 25, "depth_min_m": 1.0, "depth_max_m": 3.0, "depth_class": "1.0\u20133.0 m", "max_depth_m": 2.9993498402025125, "mean_depth_m": 2.0279649967859052, "flooded_area_km2": 1.2689162789343131, "provenance": "Automated approximate 2D flood-routing prototype \u2014 not validated hydraulic output.", "model_type": "Automated approximate 2D flood-routing prototype"}, "geometry": {"type": "Polygon", "coordinates": [[[75.09000528179999, 18.0622270551], [75.09000528179999, 18.0619492771], [75.08972750379999, 18.0619492771], [75.08972750379999, 18.0611159431], [75.0894497258, 18.0611159431], [75.0894497258, 18.060838165099998], [75.0891719478, 18.060838165099998], [75.0891719478, 18.060560387099997], [75.0888941698, 18.060560387099997], [75.0888941698, 18.0602826091], [75.08861639179999, 18.0602826091], [75.08861639179999, 18.059727053099998], [75.0888941698, 18.059727053099998], [75.0888941698, 18.0600048311], [75.0894497258, 18.0600048311], [75.0894497258, 18.0602826091], [75.09000528179999, 18.0602826091], [75.09000528179999, 18.060838165099998], [75.0902830598, 18.060838165099998], [75.0902830598, 18.0611159431], [75.0905608378, 18.0611159431], [75.0905608378, 18.061671499099997], [75.0902830598, 18.061671499099997], [75.0902830598, 18.0622270551], [75.09000528179999, 18.0622270551]]]}}, {"type": "Feature", "properties": {"time_min": 25, "depth_min_m": 1.0, "depth_max_m": 3.0, "depth_class": "1.0\u20133.0 m", "max_depth_m": 2.9993498402025125, "mean_depth_m": 2.0279649967859052, "flooded_area_km2": 1.2689162789343131, "provenance": "Automated approximate 2D flood-routing prototype \u2014 not validated hydraulic output.", "model_type": "Automated approximate 2D flood-routing prototype"}, "geometry": {"type": "Polygon", "coordinates": [[[75.08528305579999, 18.061393721099996], [75.08528305579999, 18.0611159431], [75.0850052778, 18.0611159431], [75.0850052778, 18.060560387099997], [75.0847274998, 18.060560387099997], [75.0847274998, 18.0591714971], [75.0850052778, 18.0591714971], [75.0850052778, 18.0602826091], [75.08528305579999, 18.0602826091], [75.08528305579999, 18.060838165099998], [75.08556083379999, 18.060838165099998], [75.08556083379999, 18.061393721099996], [75.08528305579999, 18.061393721099996]]]}}, {"type": "Feature", "properties": {"time_min": 25, "depth_min_m": 1.0, "depth_max_m": 3.0, "depth_class": "1.0\u20133.0 m", "max_depth_m": 2.9993498402025125, "mean_depth_m": 2.0279649967859052, "flooded_area_km2": 1.2689162789343131, "provenance": "Automated approximate 2D flood-routing prototype \u2014 not validated hydraulic output.", "model_type": "Automated approximate 2D flood-routing prototype"}, "geometry": {"type": "Polygon", "coordinates": [[[75.0844497218, 18.0591714971], [75.0844497218, 18.058338163099997], [75.0847274998, 18.058338163099997], [75.0847274998, 18.0591714971], [75.0844497218, 18.0591714971]]]}}, {"type": "Feature", "properties": {"time_min": 25, "depth_min_m": 1.0, "depth_max_m": 3.0, "depth_class": "1.0\u20133.0 m", "max_depth_m": 2.9993498402025125, "mean_depth_m": 2.0279649967859052, "flooded_area_km2": 1.2689162789343131, "provenance": "Automated approximate 2D flood-routing prototype \u2014 not validated hydraulic output.", "model_type": "Automated approximate 2D flood-routing prototype"}, "geometry": {"type": "Polygon", "coordinates": [[[75.0841719438, 18.058338163099997], [75.0841719438, 18.0580603851], [75.0844497218, 18.0580603851], [75.0844497218, 18.058338163099997], [75.0841719438, 18.058338163099997]]]}}, {"type": "Feature", "properties": {"time_min": 25, "depth_min_m": 1.0, "depth_max_m": 3.0, "depth_class": "1.0\u20133.0 m", "max_depth_m": 2.9993498402025125, "mean_depth_m": 2.0279649967859052, "flooded_area_km2": 1.2689162789343131, "provenance": "Automated approximate 2D flood-routing prototype \u2014 not validated hydraulic output.", "model_type": "Automated approximate 2D flood-routing prototype"}, "geometry": {"type": "Polygon", "coordinates": [[[75.08389416579999, 18.0577826071], [75.08389416579999, 18.057504829099997], [75.0841719438, 18.057504829099997], [75.0841719438, 18.0577826071], [75.08389416579999, 18.0577826071]]]}}, {"type": "Feature", "properties": {"time_min": 25, "depth_min_m": 1.0, "depth_max_m": 3.0, "depth_class": "1.0\u20133.0 m", "max_depth_m": 2.9993498402025125, "mean_depth_m": 2.0279649967859052, "flooded_area_km2": 1.2689162789343131, "provenance": "Automated approximate 2D flood-routing prototype \u2014 not validated hydraulic output.", "model_type": "Automated approximate 2D flood-routing prototype"}, "geometry": {"type": "Polygon", "coordinates": [[[75.08361638779999, 18.0561159391], [75.08361638779999, 18.055282605099997], [75.08389416579999, 18.055282605099997], [75.08389416579999, 18.0561159391], [75.08361638779999, 18.0561159391]]]}}, {"type": "Feature", "properties": {"time_min": 25, "depth_min_m": 1.0, "depth_max_m": 3.0, "depth_class": "1.0\u20133.0 m", "max_depth_m": 2.9993498402025125, "mean_depth_m": 2.0279649967859052, "flooded_area_km2": 1.2689162789343131, "provenance": "Automated approximate 2D flood-routing prototype \u2014 not validated hydraulic output.", "model_type": "Automated approximate 2D flood-routing prototype"}, "geometry": {"type": "Polygon", "coordinates": [[[75.0830608318, 18.0547270491], [75.0830608318, 18.053060381099996], [75.0833386098, 18.053060381099996], [75.0833386098, 18.0547270491], [75.0830608318, 18.0547270491]]]}}, {"type": "Feature", "properties": {"time_min": 25, "depth_min_m": 1.0, "depth_max_m": 3.0, "depth_class": "1.0\u20133.0 m", "max_depth_m": 2.9993498402025125, "mean_depth_m": 2.0279649967859052, "flooded_area_km2": 1.2689162789343131, "provenance": "Automated approximate 2D flood-routing prototype \u2014 not validated hydraulic output.", "model_type": "Automated approximate 2D flood-routing prototype"}, "geometry": {"type": "Polygon", "coordinates": [[[75.0827830538, 18.053060381099996], [75.0827830538, 18.052504825099998], [75.08250527579999, 18.052504825099998], [75.08250527579999, 18.0519492691], [75.08222749779999, 18.0519492691], [75.08222749779999, 18.049171489099997], [75.0819497198, 18.049171489099997], [75.0819497198, 18.0486159331], [75.0816719418, 18.0486159331], [75.0816719418, 18.046949265099997], [75.08222749779999, 18.046949265099997], [75.08222749779999, 18.048060377099997], [75.08250527579999, 18.048060377099997], [75.08250527579999, 18.0497270451], [75.0827830538, 18.0497270451], [75.0827830538, 18.050282601099997], [75.08250527579999, 18.050282601099997], [75.08250527579999, 18.0508381571], [75.0827830538, 18.0508381571], [75.0827830538, 18.0516714911], [75.0830608318, 18.0516714911], [75.0830608318, 18.053060381099996], [75.0827830538, 18.053060381099996]]]}}, {"type": "Feature", "properties": {"time_min": 25, "depth_min_m": 1.0, "depth_max_m": 3.0, "depth_class": "1.0\u20133.0 m", "max_depth_m": 2.9993498402025125, "mean_depth_m": 2.0279649967859052, "flooded_area_km2": 1.2689162789343131, "provenance": "Automated approximate 2D flood-routing prototype \u2014 not validated hydraulic output.", "model_type": "Automated approximate 2D flood-routing prototype"}, "geometry": {"type": "Polygon", "coordinates": [[[75.0813941638, 18.046949265099997], [75.0813941638, 18.0466714871], [75.0816719418, 18.0466714871], [75.0816719418, 18.046949265099997], [75.0813941638, 18.046949265099997]]]}}, {"type": "Feature", "properties": {"time_min": 25, "depth_min_m": 1.0, "depth_max_m": 3.0, "depth_class": "1.0\u20133.0 m", "max_depth_m": 2.9993498402025125, "mean_depth_m": 2.0279649967859052, "flooded_area_km2": 1.2689162789343131, "provenance": "Automated approximate 2D flood-routing prototype \u2014 not validated hydraulic output.", "model_type": "Automated approximate 2D flood-routing prototype"}, "geometry": {"type": "Polygon", "coordinates": [[[75.0880608358, 18.059727053099998], [75.0880608358, 18.059449275099997], [75.0877830578, 18.059449275099997], [75.0877830578, 18.058615941099998], [75.0875052798, 18.058615941099998], [75.0875052798, 18.0580603851], [75.0872275018, 18.0580603851], [75.0872275018, 18.0569492731], [75.08694972379999, 18.0569492731], [75.08694972379999, 18.056671495099998], [75.08667194579999, 18.056671495099998], [75.08667194579999, 18.0558381611], [75.0863941678, 18.0558381611], [75.0863941678, 18.052504825099998], [75.0861163898, 18.052504825099998], [75.0861163898, 18.050282601099997], [75.0858386118, 18.050282601099997], [75.0858386118, 18.0497270451], [75.0861163898, 18.0497270451], [75.0861163898, 18.048338155099998], [75.0863941678, 18.048338155099998], [75.0863941678, 18.0477825991], [75.08667194579999, 18.0477825991], [75.08667194579999, 18.047227043099998], [75.0861163898, 18.047227043099998], [75.0861163898, 18.046949265099997], [75.0858386118, 18.046949265099997], [75.0858386118, 18.046115931099997], [75.08556083379999, 18.046115931099997], [75.08556083379999, 18.045838153099997], [75.08528305579999, 18.045838153099997], [75.08528305579999, 18.045282597099998], [75.0850052778, 18.045282597099998], [75.0850052778, 18.0444492631], [75.0847274998, 18.0444492631], [75.0847274998, 18.043893707099997], [75.0861163898, 18.043893707099997], [75.0861163898, 18.0444492631], [75.0858386118, 18.0444492631], [75.0858386118, 18.044727041099996], [75.0861163898, 18.044727041099996], [75.0861163898, 18.045004819099997], [75.0858386118, 18.045004819099997], [75.0858386118, 18.045838153099997], [75.0861163898, 18.045838153099997], [75.0861163898, 18.046115931099997], [75.0863941678, 18.046115931099997], [75.0863941678, 18.0466714871], [75.08694972379999, 18.0466714871], [75.08694972379999, 18.046949265099997], [75.0875052798, 18.046949265099997], [75.0875052798, 18.0486159331], [75.0872275018, 18.0486159331], [75.0872275018, 18.049449267099998], [75.0875052798, 18.049449267099998], [75.0875052798, 18.0508381571], [75.08667194579999, 18.0508381571], [75.08667194579999, 18.051393713099998], [75.08694972379999, 18.051393713099998], [75.08694972379999, 18.0519492691], [75.08667194579999, 18.0519492691], [75.08667194579999, 18.053338159099997], [75.08694972379999, 18.053338159099997], [75.08694972379999, 18.054171493099997], [75.08667194579999, 18.054171493099997], [75.08667194579999, 18.054449271099998], [75.08694972379999, 18.054449271099998], [75.08694972379999, 18.055282605099997], [75.0872275018, 18.055282605099997], [75.0872275018, 18.056393717099997], [75.0875052798, 18.056393717099997], [75.0875052798, 18.0569492731], [75.0877830578, 18.0569492731], [75.0877830578, 18.057227051099996], [75.0880608358, 18.057227051099996], [75.0880608358, 18.0577826071], [75.08833861379999, 18.0577826071], [75.08833861379999, 18.0591714971], [75.08861639179999, 18.0591714971], [75.08861639179999, 18.059727053099998], [75.0880608358, 18.059727053099998]], [[75.08667194579999, 18.0505603791], [75.08694972379999, 18.0505603791], [75.08694972379999, 18.050282601099997], [75.0872275018, 18.050282601099997], [75.0872275018, 18.050004823099997], [75.08694972379999, 18.050004823099997], [75.08694972379999, 18.049449267099998], [75.08667194579999, 18.049449267099998], [75.08667194579999, 18.049171489099997], [75.0863941678, 18.049171489099997], [75.0863941678, 18.0497270451], [75.0861163898, 18.0497270451], [75.0861163898, 18.050004823099997], [75.0863941678, 18.050004823099997], [75.0863941678, 18.050282601099997], [75.08667194579999, 18.050282601099997], [75.08667194579999, 18.0505603791]], [[75.0863941678, 18.048893711099996], [75.08667194579999, 18.048893711099996], [75.08667194579999, 18.0486159331], [75.0863941678, 18.0486159331], [75.0863941678, 18.048893711099996]]]}}, {"type": "Feature", "properties": {"time_min": 25, "depth_min_m": 1.0, "depth_max_m": 3.0, "depth_class": "1.0\u20133.0 m", "max_depth_m": 2.9993498402025125, "mean_depth_m": 2.0279649967859052, "flooded_area_km2": 1.2689162789343131, "provenance": "Automated approximate 2D flood-routing prototype \u2014 not validated hydraulic output.", "model_type": "Automated approximate 2D flood-routing prototype"}, "geometry": {"type": "Polygon", "coordinates": [[[75.0844497218, 18.0436159291], [75.0844497218, 18.043060373099998], [75.0847274998, 18.043060373099998], [75.0847274998, 18.0436159291], [75.0844497218, 18.0436159291]]]}}, {"type": "Feature", "properties": {"time_min": 25, "depth_min_m": 1.0, "depth_max_m": 3.0, "depth_class": "1.0\u20133.0 m", "max_depth_m": 2.9993498402025125, "mean_depth_m": 2.0279649967859052, "flooded_area_km2": 1.2689162789343131, "provenance": "Automated approximate 2D flood-routing prototype \u2014 not validated hydraulic output.", "model_type": "Automated approximate 2D flood-routing prototype"}, "geometry": {"type": "Polygon", "coordinates": [[[75.0841719438, 18.042782595099997], [75.0841719438, 18.0422270391], [75.0844497218, 18.0422270391], [75.0844497218, 18.042782595099997], [75.0841719438, 18.042782595099997]]]}}, {"type": "Feature", "properties": {"time_min": 25, "depth_min_m": 1.0, "depth_max_m": 3.0, "depth_class": "1.0\u20133.0 m", "max_depth_m": 2.9993498402025125, "mean_depth_m": 2.0279649967859052, "flooded_area_km2": 1.2689162789343131, "provenance": "Automated approximate 2D flood-routing prototype \u2014 not validated hydraulic output.", "model_type": "Automated approximate 2D flood-routing prototype"}, "geometry": {"type": "Polygon", "coordinates": [[[75.08389416579999, 18.041949261099997], [75.08389416579999, 18.041115927099998], [75.08361638779999, 18.041115927099998], [75.08361638779999, 18.040004815099998], [75.08389416579999, 18.040004815099998], [75.08389416579999, 18.0391714811], [75.0833386098, 18.0391714811], [75.0833386098, 18.038893703099998], [75.08361638779999, 18.038893703099998], [75.08361638779999, 18.038615925099997], [75.0841719438, 18.038615925099997], [75.0841719438, 18.0391714811], [75.0844497218, 18.0391714811], [75.0844497218, 18.0394492591], [75.0847274998, 18.0394492591], [75.0847274998, 18.040004815099998], [75.0844497218, 18.040004815099998], [75.0844497218, 18.040838149099997], [75.0841719438, 18.040838149099997], [75.0841719438, 18.041949261099997], [75.08389416579999, 18.041949261099997]]]}}, {"type": "Feature", "properties": {"time_min": 25, "depth_min_m": 1.0, "depth_max_m": 3.0, "depth_class": "1.0\u20133.0 m", "max_depth_m": 2.9993498402025125, "mean_depth_m": 2.0279649967859052, "flooded_area_km2": 1.2689162789343131, "provenance": "Automated approximate 2D flood-routing prototype \u2014 not validated hydraulic output.", "model_type": "Automated approximate 2D flood-routing prototype"}, "geometry": {"type": "Polygon", "coordinates": [[[75.0819497198, 18.038893703099998], [75.0819497198, 18.038615925099997], [75.08222749779999, 18.038615925099997], [75.08222749779999, 18.038893703099998], [75.0819497198, 18.038893703099998]]]}}, {"type": "Feature", "properties": {"time_min": 25, "depth_min_m": 1.0, "depth_max_m": 3.0, "depth_class": "1.0\u20133.0 m", "max_depth_m": 2.9993498402025125, "mean_depth_m": 2.0279649967859052, "flooded_area_km2": 1.2689162789343131, "provenance": "Automated approximate 2D flood-routing prototype \u2014 not validated hydraulic output.", "model_type": "Automated approximate 2D flood-routing prototype"}, "geometry": {"type": "Polygon", "coordinates": [[[75.0816719418, 18.038615925099997], [75.0816719418, 18.0383381471], [75.0819497198, 18.0383381471], [75.0819497198, 18.038615925099997], [75.0816719418, 18.038615925099997]]]}}, {"type": "Feature", "properties": {"time_min": 25, "depth_min_m": 1.0, "depth_max_m": 3.0, "depth_class": "1.0\u20133.0 m", "max_depth_m": 2.9993498402025125, "mean_depth_m": 2.0279649967859052, "flooded_area_km2": 1.2689162789343131, "provenance": "Automated approximate 2D flood-routing prototype \u2014 not validated hydraulic output.", "model_type": "Automated approximate 2D flood-routing prototype"}, "geometry": {"type": "Polygon", "coordinates": [[[75.0811163858, 18.0383381471], [75.0811163858, 18.0380603691], [75.0813941638, 18.0380603691], [75.0813941638, 18.0383381471], [75.0811163858, 18.0383381471]]]}}, {"type": "Feature", "properties": {"time_min": 25, "depth_min_m": 1.0, "depth_max_m": 3.0, "depth_class": "1.0\u20133.0 m", "max_depth_m": 2.9993498402025125, "mean_depth_m": 2.0279649967859052, "flooded_area_km2": 1.2689162789343131, "provenance": "Automated approximate 2D flood-routing prototype \u2014 not validated hydraulic output.", "model_type": "Automated approximate 2D flood-routing prototype"}, "geometry": {"type": "Polygon", "coordinates": [[[75.08083860779999, 18.0380603691], [75.08083860779999, 18.037782591099997], [75.0811163858, 18.037782591099997], [75.0811163858, 18.0380603691], [75.08083860779999, 18.0380603691]]]}}, {"type": "Feature", "properties": {"time_min": 25, "depth_min_m": 1.0, "depth_max_m": 3.0, "depth_class": "1.0\u20133.0 m", "max_depth_m": 2.9993498402025125, "mean_depth_m": 2.0279649967859052, "flooded_area_km2": 1.2689162789343131, "provenance": "Automated approximate 2D flood-routing prototype \u2014 not validated hydraulic output.", "model_type": "Automated approximate 2D flood-routing prototype"}, "geometry": {"type": "Polygon", "coordinates": [[[75.08056082979999, 18.037782591099997], [75.08056082979999, 18.037504813099996], [75.08083860779999, 18.037504813099996], [75.08083860779999, 18.037782591099997], [75.08056082979999, 18.037782591099997]]]}}, {"type": "Feature", "properties": {"time_min": 25, "depth_min_m": 1.0, "depth_max_m": 3.0, "depth_class": "1.0\u20133.0 m", "max_depth_m": 2.9993498402025125, "mean_depth_m": 2.0279649967859052, "flooded_area_km2": 1.2689162789343131, "provenance": "Automated approximate 2D flood-routing prototype \u2014 not validated hydraulic output.", "model_type": "Automated approximate 2D flood-routing prototype"}, "geometry": {"type": "Polygon", "coordinates": [[[75.0802830518, 18.037504813099996], [75.0802830518, 18.0372270351], [75.08056082979999, 18.0372270351], [75.08056082979999, 18.037504813099996], [75.0802830518, 18.037504813099996]]]}}, {"type": "Feature", "properties": {"time_min": 25, "depth_min_m": 1.0, "depth_max_m": 3.0, "depth_class": "1.0\u20133.0 m", "max_depth_m": 2.9993498402025125, "mean_depth_m": 2.0279649967859052, "flooded_area_km2": 1.2689162789343131, "provenance": "Automated approximate 2D flood-routing prototype \u2014 not validated hydraulic output.", "model_type": "Automated approximate 2D flood-routing prototype"}, "geometry": {"type": "Polygon", "coordinates": [[[75.0800052738, 18.0372270351], [75.0800052738, 18.036949257099998], [75.0802830518, 18.036949257099998], [75.0802830518, 18.0372270351], [75.0800052738, 18.0372270351]]]}}, {"type": "Feature", "properties": {"time_min": 25, "depth_min_m": 1.0, "depth_max_m": 3.0, "depth_class": "1.0\u20133.0 m", "max_depth_m": 2.9993498402025125, "mean_depth_m": 2.0279649967859052, "flooded_area_km2": 1.2689162789343131, "provenance": "Automated approximate 2D flood-routing prototype \u2014 not validated hydraulic output.", "model_type": "Automated approximate 2D flood-routing prototype"}, "geometry": {"type": "Polygon", "coordinates": [[[75.0797274958, 18.036949257099998], [75.0797274958, 18.036671479099997], [75.0800052738, 18.036671479099997], [75.0800052738, 18.036949257099998], [75.0797274958, 18.036949257099998]]]}}, {"type": "Feature", "properties": {"time_min": 25, "depth_min_m": 1.0, "depth_max_m": 3.0, "depth_class": "1.0\u20133.0 m", "max_depth_m": 2.9993498402025125, "mean_depth_m": 2.0279649967859052, "flooded_area_km2": 1.2689162789343131, "provenance": "Automated approximate 2D flood-routing prototype \u2014 not validated hydraulic output.", "model_type": "Automated approximate 2D flood-routing prototype"}, "geometry": {"type": "Polygon", "coordinates": [[[75.07000526579999, 18.036671479099997], [75.07000526579999, 18.036393701099996], [75.07028304379999, 18.036393701099996], [75.07028304379999, 18.036671479099997], [75.07000526579999, 18.036671479099997]]]}}, {"type": "Feature", "properties": {"time_min": 25, "depth_min_m": 1.0, "depth_max_m": 3.0, "depth_class": "1.0\u20133.0 m", "max_depth_m": 2.9993498402025125, "mean_depth_m": 2.0279649967859052, "flooded_area_km2": 1.2689162789343131, "provenance": "Automated approximate 2D flood-routing prototype \u2014 not validated hydraulic output.", "model_type": "Automated approximate 2D flood-routing prototype"}, "geometry": {"type": "Polygon", "coordinates": [[[75.0705608218, 18.036671479099997], [75.0705608218, 18.036393701099996], [75.0708385998, 18.036393701099996], [75.0708385998, 18.036671479099997], [75.0705608218, 18.036671479099997]]]}}, {"type": "Feature", "properties": {"time_min": 25, "depth_min_m": 1.0, "depth_max_m": 3.0, "depth_class": "1.0\u20133.0 m", "max_depth_m": 2.9993498402025125, "mean_depth_m": 2.0279649967859052, "flooded_area_km2": 1.2689162789343131, "provenance": "Automated approximate 2D flood-routing prototype \u2014 not validated hydraulic output.", "model_type": "Automated approximate 2D flood-routing prototype"}, "geometry": {"type": "Polygon", "coordinates": [[[75.07944971779999, 18.036671479099997], [75.07944971779999, 18.036393701099996], [75.0797274958, 18.036393701099996], [75.0797274958, 18.036671479099997], [75.07944971779999, 18.036671479099997]]]}}, {"type": "Feature", "properties": {"time_min": 25, "depth_min_m": 1.0, "depth_max_m": 3.0, "depth_class": "1.0\u20133.0 m", "max_depth_m": 2.9993498402025125, "mean_depth_m": 2.0279649967859052, "flooded_area_km2": 1.2689162789343131, "provenance": "Automated approximate 2D flood-routing prototype \u2014 not validated hydraulic output.", "model_type": "Automated approximate 2D flood-routing prototype"}, "geometry": {"type": "Polygon", "coordinates": [[[75.0788941618, 18.036393701099996], [75.0788941618, 18.0361159231], [75.07917193979999, 18.0361159231], [75.07917193979999, 18.036393701099996], [75.0788941618, 18.036393701099996]]]}}, {"type": "Feature", "properties": {"time_min": 25, "depth_min_m": 1.0, "depth_max_m": 3.0, "depth_class": "1.0\u20133.0 m", "max_depth_m": 2.9993498402025125, "mean_depth_m": 2.0279649967859052, "flooded_area_km2": 1.2689162789343131, "provenance": "Automated approximate 2D flood-routing prototype \u2014 not validated hydraulic output.", "model_type": "Automated approximate 2D flood-routing prototype"}, "geometry": {"type": "Polygon", "coordinates": [[[75.07750527179999, 18.0352825891], [75.07750527179999, 18.0350048111], [75.07778304979999, 18.0350048111], [75.07778304979999, 18.0352825891], [75.07750527179999, 18.0352825891]]]}}, {"type": "Feature", "properties": {"time_min": 25, "depth_min_m": 1.0, "depth_max_m": 3.0, "depth_class": "1.0\u20133.0 m", "max_depth_m": 2.9993498402025125, "mean_depth_m": 2.0279649967859052, "flooded_area_km2": 1.2689162789343131, "provenance": "Automated approximate 2D flood-routing prototype \u2014 not validated hydraulic output.", "model_type": "Automated approximate 2D flood-routing prototype"}, "geometry": {"type": "Polygon", "coordinates": [[[75.0783386058, 18.035838145099998], [75.0783386058, 18.035560367099997], [75.07778304979999, 18.035560367099997], [75.07778304979999, 18.0352825891], [75.07806082779999, 18.0352825891], [75.07806082779999, 18.034727033099998], [75.0783386058, 18.034727033099998], [75.0783386058, 18.0350048111], [75.0788941618, 18.0350048111], [75.0788941618, 18.0352825891], [75.0786163838, 18.0352825891], [75.0786163838, 18.035838145099998], [75.0783386058, 18.035838145099998]]]}}, {"type": "Feature", "properties": {"time_min": 25, "depth_min_m": 1.0, "depth_max_m": 3.0, "depth_class": "1.0\u20133.0 m", "max_depth_m": 2.9993498402025125, "mean_depth_m": 2.0279649967859052, "flooded_area_km2": 1.2689162789343131, "provenance": "Automated approximate 2D flood-routing prototype \u2014 not validated hydraulic output.", "model_type": "Automated approximate 2D flood-routing prototype"}, "geometry": {"type": "Polygon", "coordinates": [[[75.0769497158, 18.0350048111], [75.0769497158, 18.034727033099998], [75.07750527179999, 18.034727033099998], [75.07750527179999, 18.0350048111], [75.0769497158, 18.0350048111]]]}}, {"type": "Feature", "properties": {"time_min": 25, "depth_min_m": 1.0, "depth_max_m": 3.0, "depth_class": "1.0\u20133.0 m", "max_depth_m": 2.9993498402025125, "mean_depth_m": 2.0279649967859052, "flooded_area_km2": 1.2689162789343131, "provenance": "Automated approximate 2D flood-routing prototype \u2014 not validated hydraulic output.", "model_type": "Automated approximate 2D flood-routing prototype"}, "geometry": {"type": "Polygon", "coordinates": [[[75.0755608258, 18.034449255099997], [75.0755608258, 18.0341714771], [75.0758386038, 18.0341714771], [75.0758386038, 18.034449255099997], [75.0755608258, 18.034449255099997]]]}}, {"type": "Feature", "properties": {"time_min": 25, "depth_min_m": 1.0, "depth_max_m": 3.0, "depth_class": "1.0\u20133.0 m", "max_depth_m": 2.9993498402025125, "mean_depth_m": 2.0279649967859052, "flooded_area_km2": 1.2689162789343131, "provenance": "Automated approximate 2D flood-routing prototype \u2014 not validated hydraulic output.", "model_type": "Automated approximate 2D flood-routing prototype"}, "geometry": {"type": "Polygon", "coordinates": [[[75.07500526979999, 18.0341714771], [75.07500526979999, 18.0338936991], [75.0752830478, 18.0338936991], [75.0752830478, 18.0341714771], [75.07500526979999, 18.0341714771]]]}}, {"type": "Feature", "properties": {"time_min": 25, "depth_min_m": 1.0, "depth_max_m": 3.0, "depth_class": "1.0\u20133.0 m", "max_depth_m": 2.9993498402025125, "mean_depth_m": 2.0279649967859052, "flooded_area_km2": 1.2689162789343131, "provenance": "Automated approximate 2D flood-routing prototype \u2014 not validated hydraulic output.", "model_type": "Automated approximate 2D flood-routing prototype"}, "geometry": {"type": "Polygon", "coordinates": [[[75.0741719358, 18.0338936991], [75.0741719358, 18.033615921099997], [75.07472749179999, 18.033615921099997], [75.07472749179999, 18.0338936991], [75.0741719358, 18.0338936991]]]}}, {"type": "Feature", "properties": {"time_min": 25, "depth_min_m": 1.0, "depth_max_m": 3.0, "depth_class": "1.0\u20133.0 m", "max_depth_m": 2.9993498402025125, "mean_depth_m": 2.0279649967859052, "flooded_area_km2": 1.2689162789343131, "provenance": "Automated approximate 2D flood-routing prototype \u2014 not validated hydraulic output.", "model_type": "Automated approximate 2D flood-routing prototype"}, "geometry": {"type": "Polygon", "coordinates": [[[75.0738941578, 18.033615921099997], [75.0738941578, 18.033338143099996], [75.0741719358, 18.033338143099996], [75.0741719358, 18.033615921099997], [75.0738941578, 18.033615921099997]]]}}, {"type": "Feature", "properties": {"time_min": 25, "depth_min_m": 1.0, "depth_max_m": 3.0, "depth_class": "1.0\u20133.0 m", "max_depth_m": 2.9993498402025125, "mean_depth_m": 2.0279649967859052, "flooded_area_km2": 1.2689162789343131, "provenance": "Automated approximate 2D flood-routing prototype \u2014 not validated hydraulic output.", "model_type": "Automated approximate 2D flood-routing prototype"}, "geometry": {"type": "Polygon", "coordinates": [[[75.07333860179999, 18.033338143099996], [75.07333860179999, 18.0330603651], [75.0736163798, 18.0330603651], [75.0736163798, 18.033338143099996], [75.07333860179999, 18.033338143099996]]]}}, {"type": "Feature", "properties": {"time_min": 25, "depth_min_m": 1.0, "depth_max_m": 3.0, "depth_class": "1.0\u20133.0 m", "max_depth_m": 2.9993498402025125, "mean_depth_m": 2.0279649967859052, "flooded_area_km2": 1.2689162789343131, "provenance": "Automated approximate 2D flood-routing prototype \u2014 not validated hydraulic output.", "model_type": "Automated approximate 2D flood-routing prototype"}, "geometry": {"type": "Polygon", "coordinates": [[[75.0727830458, 18.0330603651], [75.0727830458, 18.032782587099998], [75.07306082379999, 18.032782587099998], [75.07306082379999, 18.0330603651], [75.0727830458, 18.0330603651]]]}}, {"type": "Feature", "properties": {"time_min": 25, "depth_min_m": 1.0, "depth_max_m": 3.0, "depth_class": "1.0\u20133.0 m", "max_depth_m": 2.9993498402025125, "mean_depth_m": 2.0279649967859052, "flooded_area_km2": 1.2689162789343131, "provenance": "Automated approximate 2D flood-routing prototype \u2014 not validated hydraulic output.", "model_type": "Automated approximate 2D flood-routing prototype"}, "geometry": {"type": "Polygon", "coordinates": [[[75.0813941638, 18.0463937091], [75.0813941638, 18.045838153099997], [75.0811163858, 18.045838153099997], [75.0811163858, 18.0455603751], [75.08083860779999, 18.0455603751], [75.08083860779999, 18.0444492631], [75.08056082979999, 18.0444492631], [75.08056082979999, 18.044171485099998], [75.0802830518, 18.044171485099998], [75.0802830518, 18.0436159291], [75.0800052738, 18.0436159291], [75.0800052738, 18.043060373099998], [75.0797274958, 18.043060373099998], [75.0797274958, 18.042782595099997], [75.07944971779999, 18.042782595099997], [75.07944971779999, 18.0422270391], [75.07917193979999, 18.0422270391], [75.07917193979999, 18.041949261099997], [75.0788941618, 18.041949261099997], [75.0788941618, 18.041671483099996], [75.0786163838, 18.041671483099996], [75.0786163838, 18.0413937051], [75.0783386058, 18.0413937051], [75.0783386058, 18.040838149099997], [75.07806082779999, 18.040838149099997], [75.07806082779999, 18.040560371099996], [75.07778304979999, 18.040560371099996], [75.07778304979999, 18.0402825931], [75.07750527179999, 18.0402825931], [75.07750527179999, 18.040004815099998], [75.0772274938, 18.040004815099998], [75.0772274938, 18.039727037099997], [75.07639415979999, 18.039727037099997], [75.07639415979999, 18.0394492591], [75.07611638179999, 18.0394492591], [75.07611638179999, 18.038893703099998], [75.0758386038, 18.038893703099998], [75.0758386038, 18.038615925099997], [75.0755608258, 18.038615925099997], [75.0755608258, 18.0383381471], [75.07500526979999, 18.0383381471], [75.07500526979999, 18.0380603691], [75.07444971379999, 18.0380603691], [75.07444971379999, 18.037782591099997], [75.0738941578, 18.037782591099997], [75.0738941578, 18.0372270351], [75.0736163798, 18.0372270351], [75.0736163798, 18.036949257099998], [75.07306082379999, 18.036949257099998], [75.07306082379999, 18.036671479099997], [75.0725052678, 18.036671479099997], [75.0725052678, 18.036393701099996], [75.0713941558, 18.036393701099996], [75.0713941558, 18.035838145099998], [75.0711163778, 18.035838145099998], [75.0711163778, 18.0361159231], [75.07000526579999, 18.0361159231], [75.07000526579999, 18.036393701099996], [75.0694497098, 18.036393701099996], [75.0694497098, 18.0361159231], [75.06889415379999, 18.0361159231], [75.06889415379999, 18.035838145099998], [75.0683385978, 18.035838145099998], [75.0683385978, 18.035560367099997], [75.0675052638, 18.035560367099997], [75.0675052638, 18.0352825891], [75.06694970779999, 18.0352825891], [75.06694970779999, 18.0350048111], [75.0663941518, 18.0350048111], [75.0663941518, 18.034727033099998], [75.06583859579999, 18.034727033099998], [75.06583859579999, 18.034449255099997], [75.0652830398, 18.034449255099997], [75.0652830398, 18.0338936991], [75.0650052618, 18.0338936991], [75.0650052618, 18.033615921099997], [75.0644497058, 18.033615921099997], [75.0644497058, 18.033338143099996], [75.06417192779999, 18.033338143099996], [75.06417192779999, 18.033615921099997], [75.06389414979999, 18.033615921099997], [75.06389414979999, 18.0330603651], [75.06417192779999, 18.0330603651], [75.06417192779999, 18.032504809099997], [75.0644497058, 18.032504809099997], [75.0644497058, 18.032782587099998], [75.0652830398, 18.032782587099998], [75.0652830398, 18.0330603651], [75.0661163738, 18.0330603651], [75.0661163738, 18.0338936991], [75.0666719298, 18.0338936991], [75.0666719298, 18.0341714771], [75.06722748579999, 18.0341714771], [75.06722748579999, 18.0338936991], [75.0677830418, 18.0338936991], [75.0677830418, 18.0341714771], [75.0683385978, 18.0341714771], [75.0683385978, 18.034449255099997], [75.06861637579999, 18.034449255099997], [75.06861637579999, 18.034727033099998], [75.07000526579999, 18.034727033099998], [75.07000526579999, 18.0352825891], [75.0713941558, 18.0352825891], [75.0713941558, 18.035560367099997], [75.07167193379999, 18.035560367099997], [75.07167193379999, 18.035838145099998], [75.0722274898, 18.035838145099998], [75.0722274898, 18.0361159231], [75.07306082379999, 18.0361159231], [75.07306082379999, 18.036393701099996], [75.0736163798, 18.036393701099996], [75.0736163798, 18.036671479099997], [75.0738941578, 18.036671479099997], [75.0738941578, 18.036949257099998], [75.0741719358, 18.036949257099998], [75.0741719358, 18.0372270351], [75.07472749179999, 18.0372270351], [75.07472749179999, 18.037504813099996], [75.0752830478, 18.037504813099996], [75.0752830478, 18.037782591099997], [75.0758386038, 18.037782591099997], [75.0758386038, 18.0380603691], [75.07611638179999, 18.0380603691], [75.07611638179999, 18.0383381471], [75.07639415979999, 18.0383381471], [75.07639415979999, 18.038615925099997], [75.0766719378, 18.038615925099997], [75.0766719378, 18.038893703099998], [75.0769497158, 18.038893703099998], [75.0769497158, 18.0391714811], [75.07750527179999, 18.0391714811], [75.07750527179999, 18.0394492591], [75.07778304979999, 18.0394492591], [75.07778304979999, 18.039727037099997], [75.07806082779999, 18.039727037099997], [75.07806082779999, 18.040004815099998], [75.0786163838, 18.040004815099998], [75.0786163838, 18.040560371099996], [75.0788941618, 18.040560371099996], [75.0788941618, 18.040838149099997], [75.07917193979999, 18.040838149099997], [75.07917193979999, 18.041115927099998], [75.0797274958, 18.041115927099998], [75.0797274958, 18.0413937051], [75.0800052738, 18.0413937051], [75.0800052738, 18.041949261099997], [75.0802830518, 18.041949261099997], [75.0802830518, 18.0425048171], [75.08056082979999, 18.0425048171], [75.08056082979999, 18.0433381511], [75.08083860779999, 18.0433381511], [75.08083860779999, 18.0436159291], [75.0811163858, 18.0436159291], [75.0811163858, 18.044727041099996], [75.0813941638, 18.044727041099996], [75.0813941638, 18.0455603751], [75.0816719418, 18.0455603751], [75.0816719418, 18.0463937091], [75.0813941638, 18.0463937091]]]}}, {"type": "Feature", "properties": {"time_min": 25, "depth_min_m": 1.0, "depth_max_m": 3.0, "depth_class": "1.0\u20133.0 m", "max_depth_m": 2.9993498402025125, "mean_depth_m": 2.0279649967859052, "flooded_area_km2": 1.2689162789343131, "provenance": "Automated approximate 2D flood-routing prototype \u2014 not validated hydraulic output.", "model_type": "Automated approximate 2D flood-routing prototype"}, "geometry": {"type": "Polygon", "coordinates": [[[75.0697274878, 18.030282585099997], [75.0697274878, 18.0300048071], [75.07000526579999, 18.0300048071], [75.07000526579999, 18.030282585099997], [75.0697274878, 18.030282585099997]]]}}, {"type": "Feature", "properties": {"time_min": 25, "depth_min_m": 1.0, "depth_max_m": 3.0, "depth_class": "1.0\u20133.0 m", "max_depth_m": 2.9993498402025125, "mean_depth_m": 2.0279649967859052, "flooded_area_km2": 1.2689162789343131, "provenance": "Automated approximate 2D flood-routing prototype \u2014 not validated hydraulic output.", "model_type": "Automated approximate 2D flood-routing prototype"}, "geometry": {"type": "Polygon", "coordinates": [[[75.0711163778, 18.032782587099998], [75.0711163778, 18.0322270311], [75.0705608218, 18.0322270311], [75.0705608218, 18.0319492531], [75.07028304379999, 18.0319492531], [75.07028304379999, 18.031671475099998], [75.07000526579999, 18.031671475099998], [75.07000526579999, 18.031393697099997], [75.0697274878, 18.031393697099997], [75.0697274878, 18.0311159191], [75.0694497098, 18.0311159191], [75.0694497098, 18.031393697099997], [75.0691719318, 18.031393697099997], [75.0691719318, 18.0311159191], [75.06861637579999, 18.0311159191], [75.06861637579999, 18.0308381411], [75.0683385978, 18.0308381411], [75.0683385978, 18.030560363099998], [75.0675052638, 18.030560363099998], [75.0675052638, 18.030282585099997], [75.0666719298, 18.030282585099997], [75.0666719298, 18.0300048071], [75.0663941518, 18.0300048071], [75.0663941518, 18.0297270291], [75.06556081779999, 18.0297270291], [75.06556081779999, 18.029449251099997], [75.0666719298, 18.029449251099997], [75.0666719298, 18.0297270291], [75.0675052638, 18.0297270291], [75.0675052638, 18.0300048071], [75.0680608198, 18.0300048071], [75.0680608198, 18.030282585099997], [75.06861637579999, 18.030282585099997], [75.06861637579999, 18.030560363099998], [75.0694497098, 18.030560363099998], [75.0694497098, 18.030282585099997], [75.0697274878, 18.030282585099997], [75.0697274878, 18.0308381411], [75.07000526579999, 18.0308381411], [75.07000526579999, 18.030560363099998], [75.07028304379999, 18.030560363099998], [75.07028304379999, 18.030282585099997], [75.0708385998, 18.030282585099997], [75.0708385998, 18.030560363099998], [75.0713941558, 18.030560363099998], [75.0713941558, 18.0308381411], [75.07167193379999, 18.0308381411], [75.07167193379999, 18.0311159191], [75.0713941558, 18.0311159191], [75.0713941558, 18.031671475099998], [75.07167193379999, 18.031671475099998], [75.07167193379999, 18.0319492531], [75.07194971179999, 18.0319492531], [75.07194971179999, 18.0322270311], [75.0722274898, 18.0322270311], [75.0722274898, 18.032504809099997], [75.0727830458, 18.032504809099997], [75.0727830458, 18.032782587099998], [75.07167193379999, 18.032782587099998], [75.07167193379999, 18.032504809099997], [75.0713941558, 18.032504809099997], [75.0713941558, 18.032782587099998], [75.0711163778, 18.032782587099998]]]}}, {"type": "Feature", "properties": {"time_min": 25, "depth_min_m": 1.0, "depth_max_m": 3.0, "depth_class": "1.0\u20133.0 m", "max_depth_m": 2.9993498402025125, "mean_depth_m": 2.0279649967859052, "flooded_area_km2": 1.2689162789343131, "provenance": "Automated approximate 2D flood-routing prototype \u2014 not validated hydraulic output.", "model_type": "Automated approximate 2D flood-routing prototype"}, "geometry": {"type": "Polygon", "coordinates": [[[75.0647274838, 18.029449251099997], [75.0647274838, 18.029171473099996], [75.0652830398, 18.029171473099996], [75.0652830398, 18.029449251099997], [75.0647274838, 18.029449251099997]]]}}, {"type": "Feature", "properties": {"time_min": 25, "depth_min_m": 1.0, "depth_max_m": 3.0, "depth_class": "1.0\u20133.0 m", "max_depth_m": 2.9993498402025125, "mean_depth_m": 2.0279649967859052, "flooded_area_km2": 1.2689162789343131, "provenance": "Automated approximate 2D flood-routing prototype \u2014 not validated hydraulic output.", "model_type": "Automated approximate 2D flood-routing prototype"}, "geometry": {"type": "Polygon", "coordinates": [[[75.06111636979999, 18.032504809099997], [75.06111636979999, 18.0322270311], [75.0605608138, 18.0322270311], [75.0605608138, 18.0319492531], [75.0600052578, 18.0319492531], [75.0600052578, 18.031671475099998], [75.05944970179999, 18.031671475099998], [75.05944970179999, 18.031393697099997], [75.0588941458, 18.031393697099997], [75.0588941458, 18.0311159191], [75.05833858979999, 18.0311159191], [75.05833858979999, 18.0308381411], [75.05778303379999, 18.0308381411], [75.05778303379999, 18.030282585099997], [75.0572274778, 18.030282585099997], [75.0572274778, 18.0300048071], [75.05667192179999, 18.0300048071], [75.05667192179999, 18.0297270291], [75.05528303179999, 18.0297270291], [75.05528303179999, 18.029449251099997], [75.05500525379999, 18.029449251099997], [75.05500525379999, 18.0288936951], [75.0558385878, 18.0288936951], [75.0558385878, 18.029171473099996], [75.05639414379999, 18.029171473099996], [75.05639414379999, 18.029449251099997], [75.0569496998, 18.029449251099997], [75.0569496998, 18.029171473099996], [75.0572274778, 18.029171473099996], [75.0572274778, 18.0297270291], [75.05778303379999, 18.0297270291], [75.05778303379999, 18.0300048071], [75.05833858979999, 18.0300048071], [75.05833858979999, 18.030282585099997], [75.0588941458, 18.030282585099997], [75.0588941458, 18.030560363099998], [75.0591719238, 18.030560363099998], [75.0591719238, 18.0308381411], [75.0602830358, 18.0308381411], [75.0602830358, 18.0311159191], [75.06111636979999, 18.0311159191], [75.06111636979999, 18.031393697099997], [75.0613941478, 18.031393697099997], [75.0613941478, 18.031671475099998], [75.0616719258, 18.031671475099998], [75.0616719258, 18.0319492531], [75.0613941478, 18.0319492531], [75.0613941478, 18.032504809099997], [75.06111636979999, 18.032504809099997]], [[75.05972747979999, 18.031393697099997], [75.0600052578, 18.031393697099997], [75.0600052578, 18.0311159191], [75.05972747979999, 18.0311159191], [75.05972747979999, 18.031393697099997]]]}}, {"type": "Feature", "properties": {"time_min": 25, "depth_min_m": 1.0, "depth_max_m": 3.0, "depth_class": "1.0\u20133.0 m", "max_depth_m": 2.9993498402025125, "mean_depth_m": 2.0279649967859052, "flooded_area_km2": 1.2689162789343131, "provenance": "Automated approximate 2D flood-routing prototype \u2014 not validated hydraulic output.", "model_type": "Automated approximate 2D flood-routing prototype"}, "geometry": {"type": "Polygon", "coordinates": [[[75.0538941418, 18.0288936951], [75.0538941418, 18.028615917099998], [75.05361636379999, 18.028615917099998], [75.05361636379999, 18.028338139099997], [75.0544496978, 18.028338139099997], [75.0544496978, 18.028615917099998], [75.0547274758, 18.028615917099998], [75.0547274758, 18.0288936951], [75.0538941418, 18.0288936951]]]}}, {"type": "Feature", "properties": {"time_min": 25, "depth_min_m": 1.0, "depth_max_m": 3.0, "depth_class": "1.0\u20133.0 m", "max_depth_m": 2.9993498402025125, "mean_depth_m": 2.0279649967859052, "flooded_area_km2": 1.2689162789343131, "provenance": "Automated approximate 2D flood-routing prototype \u2014 not validated hydraulic output.", "model_type": "Automated approximate 2D flood-routing prototype"}, "geometry": {"type": "Polygon", "coordinates": [[[75.0530608078, 18.028338139099997], [75.0530608078, 18.0277825831], [75.05333858579999, 18.0277825831], [75.05333858579999, 18.0280603611], [75.05361636379999, 18.0280603611], [75.05361636379999, 18.028338139099997], [75.0530608078, 18.028338139099997]]]}}, {"type": "Feature", "properties": {"time_min": 25, "depth_min_m": 1.0, "depth_max_m": 3.0, "depth_class": "1.0\u20133.0 m", "max_depth_m": 2.9993498402025125, "mean_depth_m": 2.0279649967859052, "flooded_area_km2": 1.2689162789343131, "provenance": "Automated approximate 2D flood-routing prototype \u2014 not validated hydraulic output.", "model_type": "Automated approximate 2D flood-routing prototype"}, "geometry": {"type": "Polygon", "coordinates": [[[75.0588941458, 18.0258381371], [75.0588941458, 18.025560359099998], [75.0591719238, 18.025560359099998], [75.0591719238, 18.0258381371], [75.0588941458, 18.0258381371]]]}}, {"type": "Feature", "properties": {"time_min": 25, "depth_min_m": 1.0, "depth_max_m": 3.0, "depth_class": "1.0\u20133.0 m", "max_depth_m": 2.9993498402025125, "mean_depth_m": 2.0279649967859052, "flooded_area_km2": 1.2689162789343131, "provenance": "Automated approximate 2D flood-routing prototype \u2014 not validated hydraulic output.", "model_type": "Automated approximate 2D flood-routing prototype"}, "geometry": {"type": "Polygon", "coordinates": [[[75.0525052518, 18.0277825831], [75.0525052518, 18.027504805099998], [75.05222747379999, 18.027504805099998], [75.05222747379999, 18.0269492491], [75.0513941398, 18.0269492491], [75.0513941398, 18.0266714711], [75.0511163618, 18.0266714711], [75.0511163618, 18.026393693099998], [75.0508385838, 18.026393693099998], [75.0508385838, 18.026115915099997], [75.05056080579999, 18.026115915099997], [75.05056080579999, 18.0258381371], [75.05028302779999, 18.0258381371], [75.05028302779999, 18.025560359099998], [75.0500052498, 18.025560359099998], [75.0500052498, 18.025282581099997], [75.05056080579999, 18.025282581099997], [75.05056080579999, 18.025560359099998], [75.0508385838, 18.025560359099998], [75.0508385838, 18.0258381371], [75.0511163618, 18.0258381371], [75.0511163618, 18.026115915099997], [75.0513941398, 18.026115915099997], [75.0513941398, 18.026393693099998], [75.05194969579999, 18.026393693099998], [75.05194969579999, 18.0266714711], [75.0525052518, 18.0266714711], [75.0525052518, 18.027227027099997], [75.0530608078, 18.027227027099997], [75.0530608078, 18.0277825831], [75.0525052518, 18.0277825831]]]}}, {"type": "Feature", "properties": {"time_min": 25, "depth_min_m": 1.0, "depth_max_m": 3.0, "depth_class": "1.0\u20133.0 m", "max_depth_m": 2.9993498402025125, "mean_depth_m": 2.0279649967859052, "flooded_area_km2": 1.2689162789343131, "provenance": "Automated approximate 2D flood-routing prototype \u2014 not validated hydraulic output.", "model_type": "Automated approximate 2D flood-routing prototype"}, "geometry": {"type": "Polygon", "coordinates": [[[75.06417192779999, 18.029171473099996], [75.06417192779999, 18.0288936951], [75.06389414979999, 18.0288936951], [75.06389414979999, 18.028615917099998], [75.06250525979999, 18.028615917099998], [75.06250525979999, 18.028338139099997], [75.0613941478, 18.028338139099997], [75.0613941478, 18.0280603611], [75.0605608138, 18.0280603611], [75.0605608138, 18.0277825831], [75.0600052578, 18.0277825831], [75.0600052578, 18.027227027099997], [75.05944970179999, 18.027227027099997], [75.05944970179999, 18.0269492491], [75.05833858979999, 18.0269492491], [75.05833858979999, 18.0266714711], [75.05806081179999, 18.0266714711], [75.05806081179999, 18.0258381371], [75.0575052558, 18.0258381371], [75.0575052558, 18.025560359099998], [75.05639414379999, 18.025560359099998], [75.05639414379999, 18.025282581099997], [75.05833858979999, 18.025282581099997], [75.05833858979999, 18.0258381371], [75.0588941458, 18.0258381371], [75.0588941458, 18.026115915099997], [75.0591719238, 18.026115915099997], [75.0591719238, 18.0258381371], [75.05944970179999, 18.0258381371], [75.05944970179999, 18.026393693099998], [75.0600052578, 18.026393693099998], [75.0600052578, 18.0266714711], [75.0602830358, 18.0266714711], [75.0602830358, 18.027227027099997], [75.06250525979999, 18.027227027099997], [75.06250525979999, 18.027504805099998], [75.0630608158, 18.027504805099998], [75.0630608158, 18.0277825831], [75.0636163718, 18.0277825831], [75.0636163718, 18.0280603611], [75.06417192779999, 18.0280603611], [75.06417192779999, 18.028615917099998], [75.0644497058, 18.028615917099998], [75.0644497058, 18.0288936951], [75.0647274838, 18.0288936951], [75.0647274838, 18.029171473099996], [75.06417192779999, 18.029171473099996]]]}}, {"type": "Feature", "properties": {"time_min": 25, "depth_min_m": 1.0, "depth_max_m": 3.0, "depth_class": "1.0\u20133.0 m", "max_depth_m": 2.9993498402025125, "mean_depth_m": 2.0279649967859052, "flooded_area_km2": 1.2689162789343131, "provenance": "Automated approximate 2D flood-routing prototype \u2014 not validated hydraulic output.", "model_type": "Automated approximate 2D flood-routing prototype"}, "geometry": {"type": "Polygon", "coordinates": [[[75.0558385878, 18.025282581099997], [75.0558385878, 18.025004803099996], [75.05500525379999, 18.025004803099996], [75.05500525379999, 18.0247270251], [75.0544496978, 18.0247270251], [75.0544496978, 18.024449247099998], [75.0538941418, 18.024449247099998], [75.0538941418, 18.024171469099997], [75.05361636379999, 18.024171469099997], [75.05361636379999, 18.0238936911], [75.05333858579999, 18.0238936911], [75.05333858579999, 18.0236159131], [75.0530608078, 18.0236159131], [75.0530608078, 18.023338135099998], [75.0527830298, 18.023338135099998], [75.0527830298, 18.023060357099997], [75.0525052518, 18.023060357099997], [75.0525052518, 18.0227825791], [75.05222747379999, 18.0227825791], [75.05222747379999, 18.022227023099997], [75.05194969579999, 18.022227023099997], [75.05194969579999, 18.021949245099997], [75.0525052518, 18.021949245099997], [75.0525052518, 18.022227023099997], [75.0527830298, 18.022227023099997], [75.0527830298, 18.0227825791], [75.0530608078, 18.0227825791], [75.0530608078, 18.023060357099997], [75.05333858579999, 18.023060357099997], [75.05333858579999, 18.023338135099998], [75.05361636379999, 18.023338135099998], [75.05361636379999, 18.0236159131], [75.0538941418, 18.0236159131], [75.0538941418, 18.0238936911], [75.0544496978, 18.0238936911], [75.0544496978, 18.024171469099997], [75.0547274758, 18.024171469099997], [75.0547274758, 18.024449247099998], [75.0558385878, 18.024449247099998], [75.0558385878, 18.0247270251], [75.0561163658, 18.0247270251], [75.0561163658, 18.025282581099997], [75.0558385878, 18.025282581099997]]]}}, {"type": "Feature", "properties": {"time_min": 25, "depth_min_m": 1.0, "depth_max_m": 3.0, "depth_class": "1.0\u20133.0 m", "max_depth_m": 2.9993498402025125, "mean_depth_m": 2.0279649967859052, "flooded_area_km2": 1.2689162789343131, "provenance": "Automated approximate 2D flood-routing prototype \u2014 not validated hydraulic output.", "model_type": "Automated approximate 2D flood-routing prototype"}, "geometry": {"type": "Polygon", "coordinates": [[[75.0516719178, 18.021949245099997], [75.0516719178, 18.0216714671], [75.0513941398, 18.0216714671], [75.0513941398, 18.021393689099998], [75.0516719178, 18.021393689099998], [75.0516719178, 18.020838133099996], [75.0513941398, 18.020838133099996], [75.0513941398, 18.0205603551], [75.0508385838, 18.0205603551], [75.0508385838, 18.020282577099998], [75.05056080579999, 18.020282577099998], [75.05056080579999, 18.0194492431], [75.0511163618, 18.0194492431], [75.0511163618, 18.020004799099997], [75.0516719178, 18.020004799099997], [75.0516719178, 18.020282577099998], [75.05194969579999, 18.020282577099998], [75.05194969579999, 18.021949245099997], [75.0516719178, 18.021949245099997]]]}}, {"type": "Feature", "properties": {"time_min": 25, "depth_min_m": 1.0, "depth_max_m": 3.0, "depth_class": "1.0\u20133.0 m", "max_depth_m": 2.9993498402025125, "mean_depth_m": 2.0279649967859052, "flooded_area_km2": 1.2689162789343131, "provenance": "Automated approximate 2D flood-routing prototype \u2014 not validated hydraulic output.", "model_type": "Automated approximate 2D flood-routing prototype"}, "geometry": {"type": "Polygon", "coordinates": [[[75.11583863579999, 18.0038936751], [75.11583863579999, 18.003615897099998], [75.1161164138, 18.003615897099998], [75.1161164138, 18.0038936751], [75.11583863579999, 18.0038936751]]]}}, {"type": "Feature", "properties": {"time_min": 25, "depth_min_m": 1.0, "depth_max_m": 3.0, "depth_class": "1.0\u20133.0 m", "max_depth_m": 2.9993498402025125, "mean_depth_m": 2.0279649967859052, "flooded_area_km2": 1.2689162789343131, "provenance": "Automated approximate 2D flood-routing prototype \u2014 not validated hydraulic output.", "model_type": "Automated approximate 2D flood-routing prototype"}, "geometry": {"type": "Polygon", "coordinates": [[[75.11556085779999, 18.003615897099998], [75.11556085779999, 18.003338119099997], [75.11583863579999, 18.003338119099997], [75.11583863579999, 18.003615897099998], [75.11556085779999, 18.003615897099998]]]}}, {"type": "Feature", "properties": {"time_min": 25, "depth_min_m": 1.0, "depth_max_m": 3.0, "depth_class": "1.0\u20133.0 m", "max_depth_m": 2.9993498402025125, "mean_depth_m": 2.0279649967859052, "flooded_area_km2": 1.2689162789343131, "provenance": "Automated approximate 2D flood-routing prototype \u2014 not validated hydraulic output.", "model_type": "Automated approximate 2D flood-routing prototype"}, "geometry": {"type": "Polygon", "coordinates": [[[75.1100052978, 18.003338119099997], [75.1100052978, 18.0030603411], [75.1102830758, 18.0030603411], [75.1102830758, 18.003338119099997], [75.1100052978, 18.003338119099997]]]}}, {"type": "Feature", "properties": {"time_min": 25, "depth_min_m": 1.0, "depth_max_m": 3.0, "depth_class": "1.0\u20133.0 m", "max_depth_m": 2.9993498402025125, "mean_depth_m": 2.0279649967859052, "flooded_area_km2": 1.2689162789343131, "provenance": "Automated approximate 2D flood-routing prototype \u2014 not validated hydraulic output.", "model_type": "Automated approximate 2D flood-routing prototype"}, "geometry": {"type": "Polygon", "coordinates": [[[75.1102830758, 18.0030603411], [75.1102830758, 18.0027825631], [75.1105608538, 18.0027825631], [75.1105608538, 18.0030603411], [75.1102830758, 18.0030603411]]]}}, {"type": "Feature", "properties": {"time_min": 25, "depth_min_m": 1.0, "depth_max_m": 3.0, "depth_class": "1.0\u20133.0 m", "max_depth_m": 2.9993498402025125, "mean_depth_m": 2.0279649967859052, "flooded_area_km2": 1.2689162789343131, "provenance": "Automated approximate 2D flood-routing prototype \u2014 not validated hydraulic output.", "model_type": "Automated approximate 2D flood-routing prototype"}, "geometry": {"type": "Polygon", "coordinates": [[[75.1136164118, 18.0030603411], [75.1136164118, 18.0027825631], [75.11417196779999, 18.0027825631], [75.11417196779999, 18.0030603411], [75.1136164118, 18.0030603411]]]}}, {"type": "Feature", "properties": {"time_min": 25, "depth_min_m": 1.0, "depth_max_m": 3.0, "depth_class": "1.0\u20133.0 m", "max_depth_m": 2.9993498402025125, "mean_depth_m": 2.0279649967859052, "flooded_area_km2": 1.2689162789343131, "provenance": "Automated approximate 2D flood-routing prototype \u2014 not validated hydraulic output.", "model_type": "Automated approximate 2D flood-routing prototype"}, "geometry": {"type": "Polygon", "coordinates": [[[75.11444974579999, 18.0030603411], [75.11444974579999, 18.0027825631], [75.1147275238, 18.0027825631], [75.1147275238, 18.0030603411], [75.11444974579999, 18.0030603411]]]}}, {"type": "Feature", "properties": {"time_min": 25, "depth_min_m": 1.0, "depth_max_m": 3.0, "depth_class": "1.0\u20133.0 m", "max_depth_m": 2.9993498402025125, "mean_depth_m": 2.0279649967859052, "flooded_area_km2": 1.2689162789343131, "provenance": "Automated approximate 2D flood-routing prototype \u2014 not validated hydraulic output.", "model_type": "Automated approximate 2D flood-routing prototype"}, "geometry": {"type": "Polygon", "coordinates": [[[75.1105608538, 18.0027825631], [75.1105608538, 18.002504785099998], [75.1108386318, 18.002504785099998], [75.1108386318, 18.0027825631], [75.1105608538, 18.0027825631]]]}}, {"type": "Feature", "properties": {"time_min": 25, "depth_min_m": 1.0, "depth_max_m": 3.0, "depth_class": "1.0\u20133.0 m", "max_depth_m": 2.9993498402025125, "mean_depth_m": 2.0279649967859052, "flooded_area_km2": 1.2689162789343131, "provenance": "Automated approximate 2D flood-routing prototype \u2014 not validated hydraulic output.", "model_type": "Automated approximate 2D flood-routing prototype"}, "geometry": {"type": "Polygon", "coordinates": [[[75.11139418779999, 18.0027825631], [75.11139418779999, 18.002504785099998], [75.1119497438, 18.002504785099998], [75.1119497438, 18.0027825631], [75.11139418779999, 18.0027825631]]]}}, {"type": "Feature", "properties": {"time_min": 25, "depth_min_m": 1.0, "depth_max_m": 3.0, "depth_class": "1.0\u20133.0 m", "max_depth_m": 2.9993498402025125, "mean_depth_m": 2.0279649967859052, "flooded_area_km2": 1.2689162789343131, "provenance": "Automated approximate 2D flood-routing prototype \u2014 not validated hydraulic output.", "model_type": "Automated approximate 2D flood-routing prototype"}, "geometry": {"type": "Polygon", "coordinates": [[[75.1122275218, 18.0027825631], [75.1122275218, 18.002504785099998], [75.11250529979999, 18.002504785099998], [75.11250529979999, 18.0027825631], [75.1122275218, 18.0027825631]]]}}, {"type": "Feature", "properties": {"time_min": 25, "depth_min_m": 1.0, "depth_max_m": 3.0, "depth_class": "1.0\u20133.0 m", "max_depth_m": 2.9993498402025125, "mean_depth_m": 2.0279649967859052, "flooded_area_km2": 1.2689162789343131, "provenance": "Automated approximate 2D flood-routing prototype \u2014 not validated hydraulic output.", "model_type": "Automated approximate 2D flood-routing prototype"}, "geometry": {"type": "Polygon", "coordinates": [[[75.1069497398, 18.003615897099998], [75.1069497398, 18.0027825631], [75.1072275178, 18.0027825631], [75.1072275178, 18.0019492291], [75.1075052958, 18.0019492291], [75.1075052958, 18.000560339099998], [75.1077830738, 18.000560339099998], [75.1077830738, 18.0030603411], [75.1075052958, 18.0030603411], [75.1075052958, 18.003615897099998], [75.1069497398, 18.003615897099998]]]}}, {"type": "Feature", "properties": {"time_min": 25, "depth_min_m": 1.0, "depth_max_m": 3.0, "depth_class": "1.0\u20133.0 m", "max_depth_m": 2.9993498402025125, "mean_depth_m": 2.0279649967859052, "flooded_area_km2": 1.2689162789343131, "provenance": "Automated approximate 2D flood-routing prototype \u2014 not validated hydraulic output.", "model_type": "Automated approximate 2D flood-routing prototype"}, "geometry": {"type": "Polygon", "coordinates": [[[75.1072275178, 18.000560339099998], [75.1072275178, 18.000282561099997], [75.1075052958, 18.000282561099997], [75.1075052958, 18.000560339099998], [75.1072275178, 18.000560339099998]]]}}, {"type": "Feature", "properties": {"time_min": 25, "depth_min_m": 1.0, "depth_max_m": 3.0, "depth_class": "1.0\u20133.0 m", "max_depth_m": 2.9993498402025125, "mean_depth_m": 2.0279649967859052, "flooded_area_km2": 1.2689162789343131, "provenance": "Automated approximate 2D flood-routing prototype \u2014 not validated hydraulic output.", "model_type": "Automated approximate 2D flood-routing prototype"}, "geometry": {"type": "Polygon", "coordinates": [[[75.1069497398, 18.000282561099997], [75.1069497398, 18.0000047831], [75.1072275178, 18.0000047831], [75.1072275178, 18.000282561099997], [75.1069497398, 18.000282561099997]]]}}, {"type": "Feature", "properties": {"time_min": 25, "depth_min_m": 3.0, "depth_max_m": 6.0, "depth_class": "3.0\u20136.0 m", "max_depth_m": 5.9994108753587625, "mean_depth_m": 4.534360848584356, "flooded_area_km2": 1.848321862914277, "provenance": "Automated approximate 2D flood-routing prototype \u2014 not validated hydraulic output.", "model_type": "Automated approximate 2D flood-routing prototype"}, "geometry": {"type": "Polygon", "coordinates": [[[75.1088941858, 18.0747270651], [75.1088941858, 18.0744492871], [75.1091719638, 18.0744492871], [75.1091719638, 18.0747270651], [75.1088941858, 18.0747270651]]]}}, {"type": "Feature", "properties": {"time_min": 25, "depth_min_m": 3.0, "depth_max_m": 6.0, "depth_class": "3.0\u20136.0 m", "max_depth_m": 5.9994108753587625, "mean_depth_m": 4.534360848584356, "flooded_area_km2": 1.848321862914277, "provenance": "Automated approximate 2D flood-routing prototype \u2014 not validated hydraulic output.", "model_type": "Automated approximate 2D flood-routing prototype"}, "geometry": {"type": "Polygon", "coordinates": [[[75.1166719698, 18.0755603991], [75.1166719698, 18.0747270651], [75.1163941918, 18.0747270651], [75.1163941918, 18.074171509099997], [75.1161164138, 18.074171509099997], [75.1161164138, 18.0744492871], [75.11583863579999, 18.0744492871], [75.11583863579999, 18.0736159531], [75.11556085779999, 18.0736159531], [75.11556085779999, 18.073893731099997], [75.1147275238, 18.073893731099997], [75.1147275238, 18.0736159531], [75.11444974579999, 18.0736159531], [75.11444974579999, 18.073060397099997], [75.1152830798, 18.073060397099997], [75.1152830798, 18.072782619099996], [75.1161164138, 18.072782619099996], [75.1161164138, 18.073060397099997], [75.1177830818, 18.073060397099997], [75.1177830818, 18.073338175099998], [75.1175053038, 18.073338175099998], [75.1175053038, 18.0744492871], [75.11722752579999, 18.0744492871], [75.11722752579999, 18.074171509099997], [75.11694974779999, 18.074171509099997], [75.11694974779999, 18.0747270651], [75.11722752579999, 18.0747270651], [75.11722752579999, 18.075282621099998], [75.1175053038, 18.075282621099998], [75.1175053038, 18.0755603991], [75.1166719698, 18.0755603991]]]}}, {"type": "Feature", "properties": {"time_min": 25, "depth_min_m": 3.0, "depth_max_m": 6.0, "depth_class": "3.0\u20136.0 m", "max_depth_m": 5.9994108753587625, "mean_depth_m": 4.534360848584356, "flooded_area_km2": 1.848321862914277, "provenance": "Automated approximate 2D flood-routing prototype \u2014 not validated hydraulic output.", "model_type": "Automated approximate 2D flood-routing prototype"}, "geometry": {"type": "Polygon", "coordinates": [[[75.1136164118, 18.073060397099997], [75.1136164118, 18.072782619099996], [75.11417196779999, 18.072782619099996], [75.11417196779999, 18.073060397099997], [75.1136164118, 18.073060397099997]]]}}, {"type": "Feature", "properties": {"time_min": 25, "depth_min_m": 3.0, "depth_max_m": 6.0, "depth_class": "3.0\u20136.0 m", "max_depth_m": 5.9994108753587625, "mean_depth_m": 4.534360848584356, "flooded_area_km2": 1.848321862914277, "provenance": "Automated approximate 2D flood-routing prototype \u2014 not validated hydraulic output.", "model_type": "Automated approximate 2D flood-routing prototype"}, "geometry": {"type": "Polygon", "coordinates": [[[75.1180608598, 18.073060397099997], [75.1180608598, 18.072782619099996], [75.1183386378, 18.072782619099996], [75.1183386378, 18.073060397099997], [75.1180608598, 18.073060397099997]]]}}, {"type": "Feature", "properties": {"time_min": 25, "depth_min_m": 3.0, "depth_max_m": 6.0, "depth_class": "3.0\u20136.0 m", "max_depth_m": 5.9994108753587625, "mean_depth_m": 4.534360848584356, "flooded_area_km2": 1.848321862914277, "provenance": "Automated approximate 2D flood-routing prototype \u2014 not validated hydraulic output.", "model_type": "Automated approximate 2D flood-routing prototype"}, "geometry": {"type": "Polygon", "coordinates": [[[75.1102830758, 18.076115955099997], [75.1102830758, 18.0758381771], [75.1091719638, 18.0758381771], [75.1091719638, 18.0755603991], [75.1088941858, 18.0755603991], [75.1088941858, 18.075282621099998], [75.10833862979999, 18.075282621099998], [75.10833862979999, 18.075004843099997], [75.1075052958, 18.075004843099997], [75.1075052958, 18.0747270651], [75.10667196179999, 18.0747270651], [75.10667196179999, 18.075004843099997], [75.1061164058, 18.075004843099997], [75.1061164058, 18.0747270651], [75.10528307179999, 18.0747270651], [75.10528307179999, 18.074171509099997], [75.1027830698, 18.074171509099997], [75.1027830698, 18.073893731099997], [75.1008386238, 18.073893731099997], [75.1008386238, 18.0736159531], [75.0997275118, 18.0736159531], [75.0997275118, 18.073338175099998], [75.09889417779999, 18.073338175099998], [75.09889417779999, 18.073060397099997], [75.0980608438, 18.073060397099997], [75.0980608438, 18.072782619099996], [75.0969497318, 18.072782619099996], [75.0969497318, 18.0725048411], [75.0963941758, 18.0725048411], [75.0963941758, 18.072227063099998], [75.09611639779999, 18.072227063099998], [75.09611639779999, 18.071949285099997], [75.0955608418, 18.071949285099997], [75.0955608418, 18.0716715071], [75.0952830638, 18.0716715071], [75.0952830638, 18.0713937291], [75.09583861979999, 18.0713937291], [75.09583861979999, 18.0716715071], [75.0966719538, 18.0716715071], [75.0966719538, 18.071949285099997], [75.09722750979999, 18.071949285099997], [75.09722750979999, 18.072227063099998], [75.0980608438, 18.072227063099998], [75.0980608438, 18.0725048411], [75.09917195579999, 18.0725048411], [75.09917195579999, 18.072782619099996], [75.10056084579999, 18.072782619099996], [75.10056084579999, 18.073060397099997], [75.1027830698, 18.073060397099997], [75.1027830698, 18.073338175099998], [75.1030608478, 18.073338175099998], [75.1030608478, 18.0736159531], [75.10333862579999, 18.0736159531], [75.10333862579999, 18.073338175099998], [75.10361640379999, 18.073338175099998], [75.10361640379999, 18.072782619099996], [75.1038941818, 18.072782619099996], [75.1038941818, 18.073338175099998], [75.1041719598, 18.073338175099998], [75.1041719598, 18.0736159531], [75.1044497378, 18.0736159531], [75.1044497378, 18.073338175099998], [75.1047275158, 18.073338175099998], [75.1047275158, 18.0736159531], [75.10528307179999, 18.0736159531], [75.10528307179999, 18.073893731099997], [75.10639418379999, 18.073893731099997], [75.10639418379999, 18.074171509099997], [75.1075052958, 18.074171509099997], [75.1075052958, 18.0744492871], [75.1077830738, 18.0744492871], [75.1077830738, 18.0747270651], [75.1086164078, 18.0747270651], [75.1086164078, 18.075004843099997], [75.1091719638, 18.075004843099997], [75.1091719638, 18.075282621099998], [75.10944974179999, 18.075282621099998], [75.10944974179999, 18.0755603991], [75.1105608538, 18.0755603991], [75.1105608538, 18.076115955099997], [75.1102830758, 18.076115955099997]]]}}, {"type": "Feature", "properties": {"time_min": 25, "depth_min_m": 3.0, "depth_max_m": 6.0, "depth_class": "3.0\u20136.0 m", "max_depth_m": 5.9994108753587625, "mean_depth_m": 4.534360848584356, "flooded_area_km2": 1.848321862914277, "provenance": "Automated approximate 2D flood-routing prototype \u2014 not validated hydraulic output.", "model_type": "Automated approximate 2D flood-routing prototype"}, "geometry": {"type": "Polygon", "coordinates": [[[75.0872275018, 18.049449267099998], [75.0872275018, 18.0486159331], [75.0875052798, 18.0486159331], [75.0875052798, 18.049449267099998], [75.0872275018, 18.049449267099998]]]}}, {"type": "Feature", "properties": {"time_min": 25, "depth_min_m": 3.0, "depth_max_m": 6.0, "depth_class": "3.0\u20136.0 m", "max_depth_m": 5.9994108753587625, "mean_depth_m": 4.534360848584356, "flooded_area_km2": 1.848321862914277, "provenance": "Automated approximate 2D flood-routing prototype \u2014 not validated hydraulic output.", "model_type": "Automated approximate 2D flood-routing prototype"}, "geometry": {"type": "Polygon", "coordinates": [[[75.0827830538, 18.043893707099997], [75.0827830538, 18.0436159291], [75.0833386098, 18.0436159291], [75.0833386098, 18.043893707099997], [75.0827830538, 18.043893707099997]]]}}, {"type": "Feature", "properties": {"time_min": 25, "depth_min_m": 3.0, "depth_max_m": 6.0, "depth_class": "3.0\u20136.0 m", "max_depth_m": 5.9994108753587625, "mean_depth_m": 4.534360848584356, "flooded_area_km2": 1.848321862914277, "provenance": "Automated approximate 2D flood-routing prototype \u2014 not validated hydraulic output.", "model_type": "Automated approximate 2D flood-routing prototype"}, "geometry": {"type": "Polygon", "coordinates": [[[75.0827830538, 18.0433381511], [75.0827830538, 18.043060373099998], [75.0830608318, 18.043060373099998], [75.0830608318, 18.0433381511], [75.0827830538, 18.0433381511]]]}}, {"type": "Feature", "properties": {"time_min": 25, "depth_min_m": 3.0, "depth_max_m": 6.0, "depth_class": "3.0\u20136.0 m", "max_depth_m": 5.9994108753587625, "mean_depth_m": 4.534360848584356, "flooded_area_km2": 1.848321862914277, "provenance": "Automated approximate 2D flood-routing prototype \u2014 not validated hydraulic output.", "model_type": "Automated approximate 2D flood-routing prototype"}, "geometry": {"type": "Polygon", "coordinates": [[[75.0816719418, 18.038893703099998], [75.0816719418, 18.038615925099997], [75.0819497198, 18.038615925099997], [75.0819497198, 18.038893703099998], [75.0816719418, 18.038893703099998]]]}}, {"type": "Feature", "properties": {"time_min": 25, "depth_min_m": 3.0, "depth_max_m": 6.0, "depth_class": "3.0\u20136.0 m", "max_depth_m": 5.9994108753587625, "mean_depth_m": 4.534360848584356, "flooded_area_km2": 1.848321862914277, "provenance": "Automated approximate 2D flood-routing prototype \u2014 not validated hydraulic output.", "model_type": "Automated approximate 2D flood-routing prototype"}, "geometry": {"type": "Polygon", "coordinates": [[[75.0813941638, 18.038615925099997], [75.0813941638, 18.0383381471], [75.0816719418, 18.0383381471], [75.0816719418, 18.038615925099997], [75.0813941638, 18.038615925099997]]]}}, {"type": "Feature", "properties": {"time_min": 25, "depth_min_m": 3.0, "depth_max_m": 6.0, "depth_class": "3.0\u20136.0 m", "max_depth_m": 5.9994108753587625, "mean_depth_m": 4.534360848584356, "flooded_area_km2": 1.848321862914277, "provenance": "Automated approximate 2D flood-routing prototype \u2014 not validated hydraulic output.", "model_type": "Automated approximate 2D flood-routing prototype"}, "geometry": {"type": "Polygon", "coordinates": [[[75.08056082979999, 18.0380603691], [75.08056082979999, 18.037782591099997], [75.08083860779999, 18.037782591099997], [75.08083860779999, 18.0380603691], [75.08056082979999, 18.0380603691]]]}}, {"type": "Feature", "properties": {"time_min": 25, "depth_min_m": 3.0, "depth_max_m": 6.0, "depth_class": "3.0\u20136.0 m", "max_depth_m": 5.9994108753587625, "mean_depth_m": 4.534360848584356, "flooded_area_km2": 1.848321862914277, "provenance": "Automated approximate 2D flood-routing prototype \u2014 not validated hydraulic output.", "model_type": "Automated approximate 2D flood-routing prototype"}, "geometry": {"type": "Polygon", "coordinates": [[[75.0802830518, 18.037782591099997], [75.0802830518, 18.037504813099996], [75.08056082979999, 18.037504813099996], [75.08056082979999, 18.037782591099997], [75.0802830518, 18.037782591099997]]]}}, {"type": "Feature", "properties": {"time_min": 25, "depth_min_m": 3.0, "depth_max_m": 6.0, "depth_class": "3.0\u20136.0 m", "max_depth_m": 5.9994108753587625, "mean_depth_m": 4.534360848584356, "flooded_area_km2": 1.848321862914277, "provenance": "Automated approximate 2D flood-routing prototype \u2014 not validated hydraulic output.", "model_type": "Automated approximate 2D flood-routing prototype"}, "geometry": {"type": "Polygon", "coordinates": [[[75.0800052738, 18.037504813099996], [75.0800052738, 18.0372270351], [75.0802830518, 18.0372270351], [75.0802830518, 18.037504813099996], [75.0800052738, 18.037504813099996]]]}}, {"type": "Feature", "properties": {"time_min": 25, "depth_min_m": 3.0, "depth_max_m": 6.0, "depth_class": "3.0\u20136.0 m", "max_depth_m": 5.9994108753587625, "mean_depth_m": 4.534360848584356, "flooded_area_km2": 1.848321862914277, "provenance": "Automated approximate 2D flood-routing prototype \u2014 not validated hydraulic output.", "model_type": "Automated approximate 2D flood-routing prototype"}, "geometry": {"type": "Polygon", "coordinates": [[[75.07944971779999, 18.0372270351], [75.07944971779999, 18.036949257099998], [75.07917193979999, 18.036949257099998], [75.07917193979999, 18.036671479099997], [75.0788941618, 18.036671479099997], [75.0788941618, 18.036393701099996], [75.07944971779999, 18.036393701099996], [75.07944971779999, 18.036671479099997], [75.0797274958, 18.036671479099997], [75.0797274958, 18.036949257099998], [75.0800052738, 18.036949257099998], [75.0800052738, 18.0372270351], [75.07944971779999, 18.0372270351]]]}}, {"type": "Feature", "properties": {"time_min": 25, "depth_min_m": 3.0, "depth_max_m": 6.0, "depth_class": "3.0\u20136.0 m", "max_depth_m": 5.9994108753587625, "mean_depth_m": 4.534360848584356, "flooded_area_km2": 1.848321862914277, "provenance": "Automated approximate 2D flood-routing prototype \u2014 not validated hydraulic output.", "model_type": "Automated approximate 2D flood-routing prototype"}, "geometry": {"type": "Polygon", "coordinates": [[[75.0783386058, 18.036393701099996], [75.0783386058, 18.0361159231], [75.07806082779999, 18.0361159231], [75.07806082779999, 18.035838145099998], [75.07778304979999, 18.035838145099998], [75.07778304979999, 18.035560367099997], [75.0783386058, 18.035560367099997], [75.0783386058, 18.035838145099998], [75.0788941618, 18.035838145099998], [75.0788941618, 18.036393701099996], [75.0783386058, 18.036393701099996]]]}}, {"type": "Feature", "properties": {"time_min": 25, "depth_min_m": 3.0, "depth_max_m": 6.0, "depth_class": "3.0\u20136.0 m", "max_depth_m": 5.9994108753587625, "mean_depth_m": 4.534360848584356, "flooded_area_km2": 1.848321862914277, "provenance": "Automated approximate 2D flood-routing prototype \u2014 not validated hydraulic output.", "model_type": "Automated approximate 2D flood-routing prototype"}, "geometry": {"type": "Polygon", "coordinates": [[[75.07750527179999, 18.035560367099997], [75.07750527179999, 18.0352825891], [75.07778304979999, 18.0352825891], [75.07778304979999, 18.035560367099997], [75.07750527179999, 18.035560367099997]]]}}, {"type": "Feature", "properties": {"time_min": 25, "depth_min_m": 3.0, "depth_max_m": 6.0, "depth_class": "3.0\u20136.0 m", "max_depth_m": 5.9994108753587625, "mean_depth_m": 4.534360848584356, "flooded_area_km2": 1.848321862914277, "provenance": "Automated approximate 2D flood-routing prototype \u2014 not validated hydraulic output.", "model_type": "Automated approximate 2D flood-routing prototype"}, "geometry": {"type": "Polygon", "coordinates": [[[75.0766719378, 18.0352825891], [75.0766719378, 18.0350048111], [75.0758386038, 18.0350048111], [75.0758386038, 18.034727033099998], [75.0752830478, 18.034727033099998], [75.0752830478, 18.034449255099997], [75.07500526979999, 18.034449255099997], [75.07500526979999, 18.0341714771], [75.0755608258, 18.0341714771], [75.0755608258, 18.034449255099997], [75.07639415979999, 18.034449255099997], [75.07639415979999, 18.034727033099998], [75.0769497158, 18.034727033099998], [75.0769497158, 18.0350048111], [75.07750527179999, 18.0350048111], [75.07750527179999, 18.0352825891], [75.0766719378, 18.0352825891]]]}}, {"type": "Feature", "properties": {"time_min": 25, "depth_min_m": 3.0, "depth_max_m": 6.0, "depth_class": "3.0\u20136.0 m", "max_depth_m": 5.9994108753587625, "mean_depth_m": 4.534360848584356, "flooded_area_km2": 1.848321862914277, "provenance": "Automated approximate 2D flood-routing prototype \u2014 not validated hydraulic output.", "model_type": "Automated approximate 2D flood-routing prototype"}, "geometry": {"type": "Polygon", "coordinates": [[[75.0647274838, 18.0341714771], [75.0647274838, 18.0338936991], [75.06417192779999, 18.0338936991], [75.06417192779999, 18.033338143099996], [75.0644497058, 18.033338143099996], [75.0644497058, 18.033615921099997], [75.0650052618, 18.033615921099997], [75.0650052618, 18.0338936991], [75.0652830398, 18.0338936991], [75.0652830398, 18.0341714771], [75.0647274838, 18.0341714771]]]}}, {"type": "Feature", "properties": {"time_min": 25, "depth_min_m": 3.0, "depth_max_m": 6.0, "depth_class": "3.0\u20136.0 m", "max_depth_m": 5.9994108753587625, "mean_depth_m": 4.534360848584356, "flooded_area_km2": 1.848321862914277, "provenance": "Automated approximate 2D flood-routing prototype \u2014 not validated hydraulic output.", "model_type": "Automated approximate 2D flood-routing prototype"}, "geometry": {"type": "Polygon", "coordinates": [[[75.0738941578, 18.0341714771], [75.0738941578, 18.0338936991], [75.07333860179999, 18.0338936991], [75.07333860179999, 18.033615921099997], [75.0727830458, 18.033615921099997], [75.0727830458, 18.033338143099996], [75.0722274898, 18.033338143099996], [75.0722274898, 18.0330603651], [75.0711163778, 18.0330603651], [75.0711163778, 18.032782587099998], [75.0713941558, 18.032782587099998], [75.0713941558, 18.032504809099997], [75.07167193379999, 18.032504809099997], [75.07167193379999, 18.032782587099998], [75.0727830458, 18.032782587099998], [75.0727830458, 18.0330603651], [75.07333860179999, 18.0330603651], [75.07333860179999, 18.033338143099996], [75.0738941578, 18.033338143099996], [75.0738941578, 18.033615921099997], [75.0741719358, 18.033615921099997], [75.0741719358, 18.0338936991], [75.07500526979999, 18.0338936991], [75.07500526979999, 18.0341714771], [75.0738941578, 18.0341714771]]]}}, {"type": "Feature", "properties": {"time_min": 25, "depth_min_m": 3.0, "depth_max_m": 6.0, "depth_class": "3.0\u20136.0 m", "max_depth_m": 5.9994108753587625, "mean_depth_m": 4.534360848584356, "flooded_area_km2": 1.848321862914277, "provenance": "Automated approximate 2D flood-routing prototype \u2014 not validated hydraulic output.", "model_type": "Automated approximate 2D flood-routing prototype"}, "geometry": {"type": "Polygon", "coordinates": [[[75.11444974579999, 18.076949289099996], [75.11444974579999, 18.0766715111], [75.11389418979999, 18.0766715111], [75.11389418979999, 18.076393733099998], [75.11417196779999, 18.076393733099998], [75.11417196779999, 18.0758381771], [75.11389418979999, 18.0758381771], [75.11389418979999, 18.076115955099997], [75.1136164118, 18.076115955099997], [75.1136164118, 18.0758381771], [75.1133386338, 18.0758381771], [75.1133386338, 18.076115955099997], [75.1130608558, 18.076115955099997], [75.1130608558, 18.076393733099998], [75.1119497438, 18.076393733099998], [75.1119497438, 18.076115955099997], [75.11139418779999, 18.076115955099997], [75.11139418779999, 18.075282621099998], [75.1116719658, 18.075282621099998], [75.1116719658, 18.073338175099998], [75.1119497438, 18.073338175099998], [75.1119497438, 18.072782619099996], [75.1086164078, 18.072782619099996], [75.1086164078, 18.073060397099997], [75.10833862979999, 18.073060397099997], [75.10833862979999, 18.072782619099996], [75.1077830738, 18.072782619099996], [75.1077830738, 18.0725048411], [75.1075052958, 18.0725048411], [75.1075052958, 18.072227063099998], [75.10639418379999, 18.072227063099998], [75.10639418379999, 18.0725048411], [75.1058386278, 18.0725048411], [75.1058386278, 18.071949285099997], [75.10500529379999, 18.071949285099997], [75.10500529379999, 18.0716715071], [75.1047275158, 18.0716715071], [75.1047275158, 18.0713937291], [75.1044497378, 18.0713937291], [75.1044497378, 18.071115951099998], [75.1041719598, 18.071115951099998], [75.1041719598, 18.0713937291], [75.10222751379999, 18.0713937291], [75.10222751379999, 18.071115951099998], [75.1011164018, 18.071115951099998], [75.1011164018, 18.070838173099997], [75.0997275118, 18.070838173099997], [75.0997275118, 18.0705603951], [75.0983386218, 18.0705603951], [75.0983386218, 18.0702826171], [75.09722750979999, 18.0702826171], [75.09722750979999, 18.070004839099997], [75.0969497318, 18.070004839099997], [75.0969497318, 18.069727061099996], [75.0963941758, 18.069727061099996], [75.0963941758, 18.0694492831], [75.09611639779999, 18.0694492831], [75.09611639779999, 18.069171505099998], [75.0955608418, 18.069171505099998], [75.0955608418, 18.068615949099996], [75.0952830638, 18.068615949099996], [75.0952830638, 18.0683381711], [75.09472750779999, 18.0683381711], [75.09472750779999, 18.068060393099998], [75.09444972979999, 18.068060393099998], [75.09444972979999, 18.067782615099997], [75.09417195179999, 18.067782615099997], [75.09417195179999, 18.0675048371], [75.0938941738, 18.0675048371], [75.0938941738, 18.0672270591], [75.0936163958, 18.0672270591], [75.0936163958, 18.066949281099998], [75.0933386178, 18.066949281099998], [75.0933386178, 18.066671503099997], [75.09306083979999, 18.066671503099997], [75.09306083979999, 18.0663937251], [75.09278306179999, 18.0663937251], [75.09278306179999, 18.065838169099997], [75.0922275058, 18.065838169099997], [75.0922275058, 18.065560391099996], [75.0919497278, 18.065560391099996], [75.0919497278, 18.0652826131], [75.09167194979999, 18.0652826131], [75.09167194979999, 18.065004835099998], [75.09139417179999, 18.065004835099998], [75.09139417179999, 18.064449279099996], [75.0911163938, 18.064449279099996], [75.0911163938, 18.0641715011], [75.0905608378, 18.0641715011], [75.0905608378, 18.063893723099998], [75.0902830598, 18.063893723099998], [75.0902830598, 18.0633381671], [75.09000528179999, 18.0633381671], [75.09000528179999, 18.062782611099998], [75.0894497258, 18.062782611099998], [75.0894497258, 18.062504833099997], [75.0891719478, 18.062504833099997], [75.0891719478, 18.0619492771], [75.0888941698, 18.0619492771], [75.0888941698, 18.061671499099997], [75.08861639179999, 18.061671499099997], [75.08861639179999, 18.0611159431], [75.08833861379999, 18.0611159431], [75.08833861379999, 18.060838165099998], [75.0880608358, 18.060838165099998], [75.0880608358, 18.060560387099997], [75.0877830578, 18.060560387099997], [75.0877830578, 18.0602826091], [75.0872275018, 18.0602826091], [75.0872275018, 18.0591714971], [75.08694972379999, 18.0591714971], [75.08694972379999, 18.0588937191], [75.08667194579999, 18.0588937191], [75.08667194579999, 18.0591714971], [75.0863941678, 18.0591714971], [75.0863941678, 18.059449275099997], [75.0861163898, 18.059449275099997], [75.0861163898, 18.0588937191], [75.0858386118, 18.0588937191], [75.0858386118, 18.0591714971], [75.08556083379999, 18.0591714971], [75.08556083379999, 18.0602826091], [75.0858386118, 18.0602826091], [75.0858386118, 18.060560387099997], [75.0861163898, 18.060560387099997], [75.0861163898, 18.061671499099997], [75.0863941678, 18.061671499099997], [75.0863941678, 18.0619492771], [75.08667194579999, 18.0619492771], [75.08667194579999, 18.0622270551], [75.08694972379999, 18.0622270551], [75.08694972379999, 18.062504833099997], [75.0872275018, 18.062504833099997], [75.0872275018, 18.062782611099998], [75.0875052798, 18.062782611099998], [75.0875052798, 18.0630603891], [75.0877830578, 18.0630603891], [75.0877830578, 18.0633381671], [75.08833861379999, 18.0633381671], [75.08833861379999, 18.063615945099997], [75.08861639179999, 18.063615945099997], [75.08861639179999, 18.063893723099998], [75.0888941698, 18.063893723099998], [75.0888941698, 18.0641715011], [75.0891719478, 18.0641715011], [75.0891719478, 18.064449279099996], [75.0894497258, 18.064449279099996], [75.0894497258, 18.064727057099997], [75.09000528179999, 18.064727057099997], [75.09000528179999, 18.0652826131], [75.0905608378, 18.0652826131], [75.0905608378, 18.065004835099998], [75.0908386158, 18.065004835099998], [75.0908386158, 18.0652826131], [75.0911163938, 18.0652826131], [75.0911163938, 18.065560391099996], [75.09167194979999, 18.065560391099996], [75.09167194979999, 18.065838169099997], [75.0919497278, 18.065838169099997], [75.0919497278, 18.067782615099997], [75.0922275058, 18.067782615099997], [75.0922275058, 18.068615949099996], [75.0925052838, 18.068615949099996], [75.0925052838, 18.068893727099997], [75.09278306179999, 18.068893727099997], [75.09278306179999, 18.069171505099998], [75.0933386178, 18.069171505099998], [75.0933386178, 18.0694492831], [75.09306083979999, 18.0694492831], [75.09306083979999, 18.069727061099996], [75.0933386178, 18.069727061099996], [75.0933386178, 18.070004839099997], [75.0936163958, 18.070004839099997], [75.0936163958, 18.0702826171], [75.0938941738, 18.0702826171], [75.0938941738, 18.0705603951], [75.0933386178, 18.0705603951], [75.0933386178, 18.0702826171], [75.09278306179999, 18.0702826171], [75.09278306179999, 18.070004839099997], [75.0925052838, 18.070004839099997], [75.0925052838, 18.069727061099996], [75.0922275058, 18.069727061099996], [75.0922275058, 18.0694492831], [75.0919497278, 18.0694492831], [75.0919497278, 18.069171505099998], [75.09167194979999, 18.069171505099998], [75.09167194979999, 18.068615949099996], [75.09139417179999, 18.068615949099996], [75.09139417179999, 18.068060393099998], [75.0911163938, 18.068060393099998], [75.0911163938, 18.067782615099997], [75.0908386158, 18.067782615099997], [75.0908386158, 18.0672270591], [75.0905608378, 18.0672270591], [75.0905608378, 18.066949281099998], [75.0902830598, 18.066949281099998], [75.0902830598, 18.066671503099997], [75.09000528179999, 18.066671503099997], [75.09000528179999, 18.0663937251], [75.0894497258, 18.0663937251], [75.0894497258, 18.0661159471], [75.0891719478, 18.0661159471], [75.0891719478, 18.0652826131], [75.0888941698, 18.0652826131], [75.0888941698, 18.065004835099998], [75.08861639179999, 18.065004835099998], [75.08861639179999, 18.064449279099996], [75.08833861379999, 18.064449279099996], [75.08833861379999, 18.0641715011], [75.0880608358, 18.0641715011], [75.0880608358, 18.063893723099998], [75.0877830578, 18.063893723099998], [75.0877830578, 18.063615945099997], [75.0875052798, 18.063615945099997], [75.0875052798, 18.0633381671], [75.08694972379999, 18.0633381671], [75.08694972379999, 18.063615945099997], [75.08667194579999, 18.063615945099997], [75.08667194579999, 18.0630603891], [75.0863941678, 18.0630603891], [75.0863941678, 18.062782611099998], [75.0861163898, 18.062782611099998], [75.0861163898, 18.0622270551], [75.0858386118, 18.0622270551], [75.0858386118, 18.061393721099996], [75.08556083379999, 18.061393721099996], [75.08556083379999, 18.060838165099998], [75.08528305579999, 18.060838165099998], [75.08528305579999, 18.0602826091], [75.0850052778, 18.0602826091], [75.0850052778, 18.0591714971], [75.0847274998, 18.0591714971], [75.0847274998, 18.058338163099997], [75.0844497218, 18.058338163099997], [75.0844497218, 18.0580603851], [75.0841719438, 18.0580603851], [75.0841719438, 18.057504829099997], [75.08389416579999, 18.057504829099997], [75.08389416579999, 18.055282605099997], [75.08361638779999, 18.055282605099997], [75.08361638779999, 18.0550048271], [75.0833386098, 18.0550048271], [75.0833386098, 18.053060381099996], [75.0830608318, 18.053060381099996], [75.0830608318, 18.0516714911], [75.0827830538, 18.0516714911], [75.0827830538, 18.0508381571], [75.08250527579999, 18.0508381571], [75.08250527579999, 18.050282601099997], [75.0827830538, 18.050282601099997], [75.0827830538, 18.0497270451], [75.08250527579999, 18.0497270451], [75.08250527579999, 18.048060377099997], [75.08222749779999, 18.048060377099997], [75.08222749779999, 18.046949265099997], [75.0816719418, 18.046949265099997], [75.0816719418, 18.0466714871], [75.0813941638, 18.0466714871], [75.0813941638, 18.0463937091], [75.0816719418, 18.0463937091], [75.0816719418, 18.0455603751], [75.0813941638, 18.0455603751], [75.0813941638, 18.044727041099996], [75.0811163858, 18.044727041099996], [75.0811163858, 18.0436159291], [75.08083860779999, 18.0436159291], [75.08083860779999, 18.0433381511], [75.08056082979999, 18.0433381511], [75.08056082979999, 18.0425048171], [75.0802830518, 18.0425048171], [75.0802830518, 18.041949261099997], [75.0800052738, 18.041949261099997], [75.0800052738, 18.0413937051], [75.0797274958, 18.0413937051], [75.0797274958, 18.041115927099998], [75.07917193979999, 18.041115927099998], [75.07917193979999, 18.040838149099997], [75.0788941618, 18.040838149099997], [75.0788941618, 18.040560371099996], [75.0786163838, 18.040560371099996], [75.0786163838, 18.040004815099998], [75.07806082779999, 18.040004815099998], [75.07806082779999, 18.039727037099997], [75.07778304979999, 18.039727037099997], [75.07778304979999, 18.0394492591], [75.07750527179999, 18.0394492591], [75.07750527179999, 18.0391714811], [75.0769497158, 18.0391714811], [75.0769497158, 18.038893703099998], [75.0766719378, 18.038893703099998], [75.0766719378, 18.038615925099997], [75.07639415979999, 18.038615925099997], [75.07639415979999, 18.0383381471], [75.07611638179999, 18.0383381471], [75.07611638179999, 18.0380603691], [75.0758386038, 18.0380603691], [75.0758386038, 18.037782591099997], [75.0752830478, 18.037782591099997], [75.0752830478, 18.037504813099996], [75.07472749179999, 18.037504813099996], [75.07472749179999, 18.0372270351], [75.0741719358, 18.0372270351], [75.0741719358, 18.036949257099998], [75.0738941578, 18.036949257099998], [75.0738941578, 18.036671479099997], [75.0736163798, 18.036671479099997], [75.0736163798, 18.036393701099996], [75.07306082379999, 18.036393701099996], [75.07306082379999, 18.0361159231], [75.0722274898, 18.0361159231], [75.0722274898, 18.035838145099998], [75.07167193379999, 18.035838145099998], [75.07167193379999, 18.035560367099997], [75.0713941558, 18.035560367099997], [75.0713941558, 18.0352825891], [75.07000526579999, 18.0352825891], [75.07000526579999, 18.034727033099998], [75.06861637579999, 18.034727033099998], [75.06861637579999, 18.034449255099997], [75.0683385978, 18.034449255099997], [75.0683385978, 18.0341714771], [75.0677830418, 18.0341714771], [75.0677830418, 18.0338936991], [75.06722748579999, 18.0338936991], [75.06722748579999, 18.0341714771], [75.0666719298, 18.0341714771], [75.0666719298, 18.0338936991], [75.0661163738, 18.0338936991], [75.0661163738, 18.0330603651], [75.0652830398, 18.0330603651], [75.0652830398, 18.032782587099998], [75.0644497058, 18.032782587099998], [75.0644497058, 18.032504809099997], [75.0661163738, 18.032504809099997], [75.0661163738, 18.032782587099998], [75.0666719298, 18.032782587099998], [75.0666719298, 18.0330603651], [75.06722748579999, 18.0330603651], [75.06722748579999, 18.033338143099996], [75.0675052638, 18.033338143099996], [75.0675052638, 18.033615921099997], [75.06861637579999, 18.033615921099997], [75.06861637579999, 18.0338936991], [75.0691719318, 18.0338936991], [75.0691719318, 18.0341714771], [75.07028304379999, 18.0341714771], [75.07028304379999, 18.034449255099997], [75.0708385998, 18.034449255099997], [75.0708385998, 18.034727033099998], [75.07167193379999, 18.034727033099998], [75.07167193379999, 18.0350048111], [75.0727830458, 18.0350048111], [75.0727830458, 18.035560367099997], [75.07306082379999, 18.035560367099997], [75.07306082379999, 18.035838145099998], [75.0738941578, 18.035838145099998], [75.0738941578, 18.0361159231], [75.07444971379999, 18.0361159231], [75.07444971379999, 18.036393701099996], [75.07472749179999, 18.036393701099996], [75.07472749179999, 18.036671479099997], [75.0752830478, 18.036671479099997], [75.0752830478, 18.036949257099998], [75.0758386038, 18.036949257099998], [75.0758386038, 18.036671479099997], [75.07611638179999, 18.036671479099997], [75.07611638179999, 18.0372270351], [75.07639415979999, 18.0372270351], [75.07639415979999, 18.036949257099998], [75.0766719378, 18.036949257099998], [75.0766719378, 18.037504813099996], [75.0769497158, 18.037504813099996], [75.0769497158, 18.037782591099997], [75.07750527179999, 18.037782591099997], [75.07750527179999, 18.0380603691], [75.07806082779999, 18.0380603691], [75.07806082779999, 18.038615925099997], [75.0786163838, 18.038615925099997], [75.0786163838, 18.038893703099998], [75.07917193979999, 18.038893703099998], [75.07917193979999, 18.0394492591], [75.07944971779999, 18.0394492591], [75.07944971779999, 18.040004815099998], [75.0797274958, 18.040004815099998], [75.0797274958, 18.0402825931], [75.0800052738, 18.0402825931], [75.0800052738, 18.040560371099996], [75.08083860779999, 18.040560371099996], [75.08083860779999, 18.040838149099997], [75.0811163858, 18.040838149099997], [75.0811163858, 18.041115927099998], [75.0813941638, 18.041115927099998], [75.0813941638, 18.041671483099996], [75.0819497198, 18.041671483099996], [75.0819497198, 18.041949261099997], [75.08222749779999, 18.041949261099997], [75.08222749779999, 18.0422270391], [75.0819497198, 18.0422270391], [75.0819497198, 18.0425048171], [75.08222749779999, 18.0425048171], [75.08222749779999, 18.0436159291], [75.08250527579999, 18.0436159291], [75.08250527579999, 18.044727041099996], [75.0827830538, 18.044727041099996], [75.0827830538, 18.045282597099998], [75.0830608318, 18.045282597099998], [75.0830608318, 18.045004819099997], [75.0833386098, 18.045004819099997], [75.0833386098, 18.044727041099996], [75.08361638779999, 18.044727041099996], [75.08361638779999, 18.044171485099998], [75.0841719438, 18.044171485099998], [75.0841719438, 18.043060373099998], [75.08389416579999, 18.043060373099998], [75.08389416579999, 18.0422270391], [75.08361638779999, 18.0422270391], [75.08361638779999, 18.041949261099997], [75.0833386098, 18.041949261099997], [75.0833386098, 18.041671483099996], [75.0830608318, 18.041671483099996], [75.0830608318, 18.040838149099997], [75.0827830538, 18.040838149099997], [75.0827830538, 18.040004815099998], [75.08250527579999, 18.040004815099998], [75.08250527579999, 18.0394492591], [75.08222749779999, 18.0394492591], [75.08222749779999, 18.0391714811], [75.0819497198, 18.0391714811], [75.0819497198, 18.038893703099998], [75.0833386098, 18.038893703099998], [75.0833386098, 18.0391714811], [75.08389416579999, 18.0391714811], [75.08389416579999, 18.040004815099998], [75.08361638779999, 18.040004815099998], [75.08361638779999, 18.041115927099998], [75.08389416579999, 18.041115927099998], [75.08389416579999, 18.041949261099997], [75.0841719438, 18.041949261099997], [75.0841719438, 18.042782595099997], [75.0844497218, 18.042782595099997], [75.0844497218, 18.0436159291], [75.0847274998, 18.0436159291], [75.0847274998, 18.0444492631], [75.0850052778, 18.0444492631], [75.0850052778, 18.045282597099998], [75.08528305579999, 18.045282597099998], [75.08528305579999, 18.045838153099997], [75.08556083379999, 18.045838153099997], [75.08556083379999, 18.046115931099997], [75.0858386118, 18.046115931099997], [75.0858386118, 18.046949265099997], [75.0861163898, 18.046949265099997], [75.0861163898, 18.047227043099998], [75.08667194579999, 18.047227043099998], [75.08667194579999, 18.0477825991], [75.0863941678, 18.0477825991], [75.0863941678, 18.048338155099998], [75.0861163898, 18.048338155099998], [75.0861163898, 18.0497270451], [75.0858386118, 18.0497270451], [75.0858386118, 18.050282601099997], [75.0861163898, 18.050282601099997], [75.0861163898, 18.052504825099998], [75.0863941678, 18.052504825099998], [75.0863941678, 18.0558381611], [75.08667194579999, 18.0558381611], [75.08667194579999, 18.056671495099998], [75.08694972379999, 18.056671495099998], [75.08694972379999, 18.0569492731], [75.0872275018, 18.0569492731], [75.0872275018, 18.0580603851], [75.0875052798, 18.0580603851], [75.0875052798, 18.058615941099998], [75.0877830578, 18.058615941099998], [75.0877830578, 18.059449275099997], [75.0880608358, 18.059449275099997], [75.0880608358, 18.059727053099998], [75.08861639179999, 18.059727053099998], [75.08861639179999, 18.0602826091], [75.0888941698, 18.0602826091], [75.0888941698, 18.060560387099997], [75.0891719478, 18.060560387099997], [75.0891719478, 18.060838165099998], [75.0894497258, 18.060838165099998], [75.0894497258, 18.0611159431], [75.08972750379999, 18.0611159431], [75.08972750379999, 18.0619492771], [75.09000528179999, 18.0619492771], [75.09000528179999, 18.0622270551], [75.0902830598, 18.0622270551], [75.0902830598, 18.062504833099997], [75.0908386158, 18.062504833099997], [75.0908386158, 18.062782611099998], [75.0911163938, 18.062782611099998], [75.0911163938, 18.063615945099997], [75.09139417179999, 18.063615945099997], [75.09139417179999, 18.063893723099998], [75.09167194979999, 18.063893723099998], [75.09167194979999, 18.0641715011], [75.0919497278, 18.0641715011], [75.0919497278, 18.064449279099996], [75.0925052838, 18.064449279099996], [75.0925052838, 18.064727057099997], [75.09278306179999, 18.064727057099997], [75.09278306179999, 18.065004835099998], [75.09306083979999, 18.065004835099998], [75.09306083979999, 18.065560391099996], [75.0936163958, 18.065560391099996], [75.0936163958, 18.065838169099997], [75.09417195179999, 18.065838169099997], [75.09417195179999, 18.0663937251], [75.09444972979999, 18.0663937251], [75.09444972979999, 18.066949281099998], [75.09472750779999, 18.066949281099998], [75.09472750779999, 18.067782615099997], [75.0952830638, 18.067782615099997], [75.0952830638, 18.068060393099998], [75.09583861979999, 18.068060393099998], [75.09583861979999, 18.066949281099998], [75.0963941758, 18.066949281099998], [75.0963941758, 18.0672270591], [75.0966719538, 18.0672270591], [75.0966719538, 18.0675048371], [75.09722750979999, 18.0675048371], [75.09722750979999, 18.067782615099997], [75.0977830658, 18.067782615099997], [75.0977830658, 18.0683381711], [75.09722750979999, 18.0683381711], [75.09722750979999, 18.068615949099996], [75.0969497318, 18.068615949099996], [75.0969497318, 18.068893727099997], [75.09722750979999, 18.068893727099997], [75.09722750979999, 18.069171505099998], [75.09889417779999, 18.069171505099998], [75.09889417779999, 18.0694492831], [75.09917195579999, 18.0694492831], [75.09917195579999, 18.069727061099996], [75.1000052898, 18.069727061099996], [75.1000052898, 18.070004839099997], [75.1008386238, 18.070004839099997], [75.1008386238, 18.0702826171], [75.1016719578, 18.0702826171], [75.1016719578, 18.0705603951], [75.10361640379999, 18.0705603951], [75.10361640379999, 18.0702826171], [75.1038941818, 18.0702826171], [75.1038941818, 18.0705603951], [75.1044497378, 18.0705603951], [75.1044497378, 18.070838173099997], [75.10500529379999, 18.070838173099997], [75.10500529379999, 18.071115951099998], [75.10528307179999, 18.071115951099998], [75.10528307179999, 18.0713937291], [75.1075052958, 18.0713937291], [75.1075052958, 18.0716715071], [75.10944974179999, 18.0716715071], [75.10944974179999, 18.071949285099997], [75.1108386318, 18.071949285099997], [75.1108386318, 18.072227063099998], [75.1119497438, 18.072227063099998], [75.1119497438, 18.0725048411], [75.11250529979999, 18.0725048411], [75.11250529979999, 18.072782619099996], [75.1130608558, 18.072782619099996], [75.1130608558, 18.073060397099997], [75.11278307779999, 18.073060397099997], [75.11278307779999, 18.073338175099998], [75.1130608558, 18.073338175099998], [75.1130608558, 18.0736159531], [75.11278307779999, 18.0736159531], [75.11278307779999, 18.073893731099997], [75.1133386338, 18.073893731099997], [75.1133386338, 18.0744492871], [75.11389418979999, 18.0744492871], [75.11389418979999, 18.074171509099997], [75.11444974579999, 18.074171509099997], [75.11444974579999, 18.0744492871], [75.11417196779999, 18.0744492871], [75.11417196779999, 18.0747270651], [75.11389418979999, 18.0747270651], [75.11389418979999, 18.075004843099997], [75.11444974579999, 18.075004843099997], [75.11444974579999, 18.075282621099998], [75.1150053018, 18.075282621099998], [75.1150053018, 18.0755603991], [75.11583863579999, 18.0755603991], [75.11583863579999, 18.075282621099998], [75.11556085779999, 18.075282621099998], [75.11556085779999, 18.0747270651], [75.1161164138, 18.0747270651], [75.1161164138, 18.075004843099997], [75.1163941918, 18.075004843099997], [75.1163941918, 18.076115955099997], [75.1161164138, 18.076115955099997], [75.1161164138, 18.076393733099998], [75.11583863579999, 18.076393733099998], [75.11583863579999, 18.0766715111], [75.1152830798, 18.0766715111], [75.1152830798, 18.076949289099996], [75.1150053018, 18.076949289099996], [75.1150053018, 18.0766715111], [75.1147275238, 18.0766715111], [75.1147275238, 18.076949289099996], [75.11444974579999, 18.076949289099996]], [[75.11583863579999, 18.076115955099997], [75.1161164138, 18.076115955099997], [75.1161164138, 18.0758381771], [75.11583863579999, 18.0758381771], [75.11583863579999, 18.076115955099997]], [[75.1077830738, 18.0725048411], [75.10806085179999, 18.0725048411], [75.10806085179999, 18.071949285099997], [75.1077830738, 18.071949285099997], [75.1077830738, 18.0725048411]], [[75.0861163898, 18.058615941099998], [75.08667194579999, 18.058615941099998], [75.08667194579999, 18.058338163099997], [75.0861163898, 18.058338163099997], [75.0861163898, 18.058615941099998]], [[75.0861163898, 18.0580603851], [75.0863941678, 18.0580603851], [75.0863941678, 18.0577826071], [75.0861163898, 18.0577826071], [75.0861163898, 18.0580603851]], [[75.0858386118, 18.0577826071], [75.0861163898, 18.0577826071], [75.0861163898, 18.057504829099997], [75.0858386118, 18.057504829099997], [75.0858386118, 18.0577826071]], [[75.0841719438, 18.057227051099996], [75.0847274998, 18.057227051099996], [75.0847274998, 18.056671495099998], [75.0850052778, 18.056671495099998], [75.0850052778, 18.0561159391], [75.0847274998, 18.0561159391], [75.0847274998, 18.056393717099997], [75.0841719438, 18.056393717099997], [75.0841719438, 18.057227051099996]], [[75.0850052778, 18.055282605099997], [75.08528305579999, 18.055282605099997], [75.08528305579999, 18.0550048271], [75.0850052778, 18.0550048271], [75.0850052778, 18.055282605099997]], [[75.08361638779999, 18.0550048271], [75.0844497218, 18.0550048271], [75.0844497218, 18.0547270491], [75.0847274998, 18.0547270491], [75.0847274998, 18.054171493099997], [75.0844497218, 18.054171493099997], [75.0844497218, 18.0538937151], [75.08361638779999, 18.0538937151], [75.08361638779999, 18.0550048271]], [[75.08528305579999, 18.0550048271], [75.08556083379999, 18.0550048271], [75.08556083379999, 18.054449271099998], [75.0850052778, 18.054449271099998], [75.0850052778, 18.0547270491], [75.08528305579999, 18.0547270491], [75.08528305579999, 18.0550048271]], [[75.08528305579999, 18.0538937151], [75.08556083379999, 18.0538937151], [75.08556083379999, 18.0536159371], [75.0858386118, 18.0536159371], [75.0858386118, 18.053338159099997], [75.08528305579999, 18.053338159099997], [75.08528305579999, 18.0538937151]], [[75.0850052778, 18.0527826031], [75.08528305579999, 18.0527826031], [75.08528305579999, 18.0505603791], [75.0850052778, 18.0505603791], [75.0850052778, 18.049171489099997], [75.08528305579999, 18.049171489099997], [75.08528305579999, 18.048893711099996], [75.08556083379999, 18.048893711099996], [75.08556083379999, 18.048338155099998], [75.08528305579999, 18.048338155099998], [75.08528305579999, 18.048060377099997], [75.08556083379999, 18.048060377099997], [75.08556083379999, 18.0475048211], [75.08528305579999, 18.0475048211], [75.08528305579999, 18.046949265099997], [75.0850052778, 18.046949265099997], [75.0850052778, 18.0463937091], [75.0847274998, 18.0463937091], [75.0847274998, 18.045838153099997], [75.0841719438, 18.045838153099997], [75.0841719438, 18.046115931099997], [75.08389416579999, 18.046115931099997], [75.08389416579999, 18.0455603751], [75.0830608318, 18.0455603751], [75.0830608318, 18.046949265099997], [75.0833386098, 18.046949265099997], [75.0833386098, 18.049449267099998], [75.08361638779999, 18.049449267099998], [75.08361638779999, 18.050282601099997], [75.0833386098, 18.050282601099997], [75.0833386098, 18.0516714911], [75.08389416579999, 18.0516714911], [75.08389416579999, 18.052227047099997], [75.0841719438, 18.052227047099997], [75.0841719438, 18.0519492691], [75.0847274998, 18.0519492691], [75.0847274998, 18.052504825099998], [75.0850052778, 18.052504825099998], [75.0850052778, 18.0527826031]], [[75.08361638779999, 18.052504825099998], [75.08389416579999, 18.052504825099998], [75.08389416579999, 18.052227047099997], [75.08361638779999, 18.052227047099997], [75.08361638779999, 18.052504825099998]]]}}, {"type": "Feature", "properties": {"time_min": 25, "depth_min_m": 3.0, "depth_max_m": 6.0, "depth_class": "3.0\u20136.0 m", "max_depth_m": 5.9994108753587625, "mean_depth_m": 4.534360848584356, "flooded_area_km2": 1.848321862914277, "provenance": "Automated approximate 2D flood-routing prototype \u2014 not validated hydraulic output.", "model_type": "Automated approximate 2D flood-routing prototype"}, "geometry": {"type": "Polygon", "coordinates": [[[75.0705608218, 18.032782587099998], [75.0705608218, 18.032504809099997], [75.07000526579999, 18.032504809099997], [75.07000526579999, 18.0322270311], [75.0694497098, 18.0322270311], [75.0694497098, 18.0319492531], [75.0691719318, 18.0319492531], [75.0691719318, 18.031671475099998], [75.06889415379999, 18.031671475099998], [75.06889415379999, 18.031393697099997], [75.06861637579999, 18.031393697099997], [75.06861637579999, 18.0311159191], [75.0691719318, 18.0311159191], [75.0691719318, 18.031393697099997], [75.0694497098, 18.031393697099997], [75.0694497098, 18.0311159191], [75.0697274878, 18.0311159191], [75.0697274878, 18.031393697099997], [75.07000526579999, 18.031393697099997], [75.07000526579999, 18.031671475099998], [75.07028304379999, 18.031671475099998], [75.07028304379999, 18.0319492531], [75.0705608218, 18.0319492531], [75.0705608218, 18.0322270311], [75.0711163778, 18.0322270311], [75.0711163778, 18.032782587099998], [75.0705608218, 18.032782587099998]]]}}, {"type": "Feature", "properties": {"time_min": 25, "depth_min_m": 3.0, "depth_max_m": 6.0, "depth_class": "3.0\u20136.0 m", "max_depth_m": 5.9994108753587625, "mean_depth_m": 4.534360848584356, "flooded_area_km2": 1.848321862914277, "provenance": "Automated approximate 2D flood-routing prototype \u2014 not validated hydraulic output.", "model_type": "Automated approximate 2D flood-routing prototype"}, "geometry": {"type": "Polygon", "coordinates": [[[75.0697274878, 18.0308381411], [75.0697274878, 18.030282585099997], [75.07028304379999, 18.030282585099997], [75.07028304379999, 18.030560363099998], [75.07000526579999, 18.030560363099998], [75.07000526579999, 18.0308381411], [75.0697274878, 18.0308381411]]]}}, {"type": "Feature", "properties": {"time_min": 25, "depth_min_m": 3.0, "depth_max_m": 6.0, "depth_class": "3.0\u20136.0 m", "max_depth_m": 5.9994108753587625, "mean_depth_m": 4.534360848584356, "flooded_area_km2": 1.848321862914277, "provenance": "Automated approximate 2D flood-routing prototype \u2014 not validated hydraulic output.", "model_type": "Automated approximate 2D flood-routing prototype"}, "geometry": {"type": "Polygon", "coordinates": [[[75.0677830418, 18.0311159191], [75.0677830418, 18.0308381411], [75.06694970779999, 18.0308381411], [75.06694970779999, 18.030560363099998], [75.0663941518, 18.030560363099998], [75.0663941518, 18.030282585099997], [75.06583859579999, 18.030282585099997], [75.06583859579999, 18.0300048071], [75.0652830398, 18.0300048071], [75.0652830398, 18.0297270291], [75.0647274838, 18.0297270291], [75.0647274838, 18.029449251099997], [75.06556081779999, 18.029449251099997], [75.06556081779999, 18.0297270291], [75.0663941518, 18.0297270291], [75.0663941518, 18.0300048071], [75.0666719298, 18.0300048071], [75.0666719298, 18.030282585099997], [75.0675052638, 18.030282585099997], [75.0675052638, 18.030560363099998], [75.0683385978, 18.030560363099998], [75.0683385978, 18.0308381411], [75.06861637579999, 18.0308381411], [75.06861637579999, 18.0311159191], [75.0677830418, 18.0311159191]]]}}, {"type": "Feature", "properties": {"time_min": 25, "depth_min_m": 3.0, "depth_max_m": 6.0, "depth_class": "3.0\u20136.0 m", "max_depth_m": 5.9994108753587625, "mean_depth_m": 4.534360848584356, "flooded_area_km2": 1.848321862914277, "provenance": "Automated approximate 2D flood-routing prototype \u2014 not validated hydraulic output.", "model_type": "Automated approximate 2D flood-routing prototype"}, "geometry": {"type": "Polygon", "coordinates": [[[75.0636163718, 18.033615921099997], [75.0636163718, 18.033338143099996], [75.0630608158, 18.033338143099996], [75.0630608158, 18.0330603651], [75.0622274818, 18.0330603651], [75.0622274818, 18.032782587099998], [75.0616719258, 18.032782587099998], [75.0616719258, 18.032504809099997], [75.0613941478, 18.032504809099997], [75.0613941478, 18.0319492531], [75.0616719258, 18.0319492531], [75.0616719258, 18.031671475099998], [75.0613941478, 18.031671475099998], [75.0613941478, 18.031393697099997], [75.06111636979999, 18.031393697099997], [75.06111636979999, 18.0311159191], [75.0602830358, 18.0311159191], [75.0602830358, 18.0308381411], [75.0591719238, 18.0308381411], [75.0591719238, 18.030560363099998], [75.0588941458, 18.030560363099998], [75.0588941458, 18.030282585099997], [75.05833858979999, 18.030282585099997], [75.05833858979999, 18.0300048071], [75.05778303379999, 18.0300048071], [75.05778303379999, 18.0297270291], [75.0572274778, 18.0297270291], [75.0572274778, 18.029171473099996], [75.05778303379999, 18.029171473099996], [75.05778303379999, 18.029449251099997], [75.0586163678, 18.029449251099997], [75.0586163678, 18.0297270291], [75.0591719238, 18.0297270291], [75.0591719238, 18.0300048071], [75.05972747979999, 18.0300048071], [75.05972747979999, 18.030282585099997], [75.0605608138, 18.030282585099997], [75.0605608138, 18.030560363099998], [75.0613941478, 18.030560363099998], [75.0613941478, 18.0308381411], [75.0622274818, 18.0308381411], [75.0622274818, 18.031393697099997], [75.06250525979999, 18.031393697099997], [75.06250525979999, 18.031671475099998], [75.0630608158, 18.031671475099998], [75.0630608158, 18.0319492531], [75.0633385938, 18.0319492531], [75.0633385938, 18.0322270311], [75.06417192779999, 18.0322270311], [75.06417192779999, 18.0330603651], [75.06389414979999, 18.0330603651], [75.06389414979999, 18.033615921099997], [75.0636163718, 18.033615921099997]]]}}, {"type": "Feature", "properties": {"time_min": 25, "depth_min_m": 3.0, "depth_max_m": 6.0, "depth_class": "3.0\u20136.0 m", "max_depth_m": 5.9994108753587625, "mean_depth_m": 4.534360848584356, "flooded_area_km2": 1.848321862914277, "provenance": "Automated approximate 2D flood-routing prototype \u2014 not validated hydraulic output.", "model_type": "Automated approximate 2D flood-routing prototype"}, "geometry": {"type": "Polygon", "coordinates": [[[75.06389414979999, 18.029449251099997], [75.06389414979999, 18.029171473099996], [75.06250525979999, 18.029171473099996], [75.06250525979999, 18.0288936951], [75.0619497038, 18.0288936951], [75.0619497038, 18.028615917099998], [75.06111636979999, 18.028615917099998], [75.06111636979999, 18.028338139099997], [75.0605608138, 18.028338139099997], [75.0605608138, 18.0280603611], [75.0613941478, 18.0280603611], [75.0613941478, 18.028338139099997], [75.06250525979999, 18.028338139099997], [75.06250525979999, 18.028615917099998], [75.06389414979999, 18.028615917099998], [75.06389414979999, 18.0288936951], [75.06417192779999, 18.0288936951], [75.06417192779999, 18.029171473099996], [75.0647274838, 18.029171473099996], [75.0647274838, 18.029449251099997], [75.06389414979999, 18.029449251099997]]]}}, {"type": "Feature", "properties": {"time_min": 25, "depth_min_m": 3.0, "depth_max_m": 6.0, "depth_class": "3.0\u20136.0 m", "max_depth_m": 5.9994108753587625, "mean_depth_m": 4.534360848584356, "flooded_area_km2": 1.848321862914277, "provenance": "Automated approximate 2D flood-routing prototype \u2014 not validated hydraulic output.", "model_type": "Automated approximate 2D flood-routing prototype"}, "geometry": {"type": "Polygon", "coordinates": [[[75.05972747979999, 18.0280603611], [75.05972747979999, 18.0277825831], [75.0588941458, 18.0277825831], [75.0588941458, 18.027504805099998], [75.0586163678, 18.027504805099998], [75.0586163678, 18.027227027099997], [75.05806081179999, 18.027227027099997], [75.05806081179999, 18.0269492491], [75.0575052558, 18.0269492491], [75.0575052558, 18.0266714711], [75.05667192179999, 18.0266714711], [75.05667192179999, 18.026393693099998], [75.0561163658, 18.026393693099998], [75.0561163658, 18.0258381371], [75.0558385878, 18.0258381371], [75.0558385878, 18.025560359099998], [75.05500525379999, 18.025560359099998], [75.05500525379999, 18.025282581099997], [75.0547274758, 18.025282581099997], [75.0547274758, 18.025004803099996], [75.0544496978, 18.025004803099996], [75.0544496978, 18.0247270251], [75.05500525379999, 18.0247270251], [75.05500525379999, 18.025004803099996], [75.0558385878, 18.025004803099996], [75.0558385878, 18.025282581099997], [75.05639414379999, 18.025282581099997], [75.05639414379999, 18.025560359099998], [75.0575052558, 18.025560359099998], [75.0575052558, 18.0258381371], [75.05806081179999, 18.0258381371], [75.05806081179999, 18.0266714711], [75.05833858979999, 18.0266714711], [75.05833858979999, 18.0269492491], [75.05944970179999, 18.0269492491], [75.05944970179999, 18.027227027099997], [75.0600052578, 18.027227027099997], [75.0600052578, 18.0277825831], [75.0605608138, 18.0277825831], [75.0605608138, 18.0280603611], [75.05972747979999, 18.0280603611]]]}}, {"type": "Feature", "properties": {"time_min": 25, "depth_min_m": 3.0, "depth_max_m": 6.0, "depth_class": "3.0\u20136.0 m", "max_depth_m": 5.9994108753587625, "mean_depth_m": 4.534360848584356, "flooded_area_km2": 1.848321862914277, "provenance": "Automated approximate 2D flood-routing prototype \u2014 not validated hydraulic output.", "model_type": "Automated approximate 2D flood-routing prototype"}, "geometry": {"type": "Polygon", "coordinates": [[[75.0538941418, 18.0247270251], [75.0538941418, 18.024449247099998], [75.0544496978, 18.024449247099998], [75.0544496978, 18.0247270251], [75.0538941418, 18.0247270251]]]}}, {"type": "Feature", "properties": {"time_min": 25, "depth_min_m": 3.0, "depth_max_m": 6.0, "depth_class": "3.0\u20136.0 m", "max_depth_m": 5.9994108753587625, "mean_depth_m": 4.534360848584356, "flooded_area_km2": 1.848321862914277, "provenance": "Automated approximate 2D flood-routing prototype \u2014 not validated hydraulic output.", "model_type": "Automated approximate 2D flood-routing prototype"}, "geometry": {"type": "Polygon", "coordinates": [[[75.05639414379999, 18.029449251099997], [75.05639414379999, 18.029171473099996], [75.0558385878, 18.029171473099996], [75.0558385878, 18.0288936951], [75.0547274758, 18.0288936951], [75.0547274758, 18.028615917099998], [75.0544496978, 18.028615917099998], [75.0544496978, 18.028338139099997], [75.05361636379999, 18.028338139099997], [75.05361636379999, 18.0280603611], [75.05333858579999, 18.0280603611], [75.05333858579999, 18.0277825831], [75.0530608078, 18.0277825831], [75.0530608078, 18.027227027099997], [75.0525052518, 18.027227027099997], [75.0525052518, 18.0266714711], [75.05194969579999, 18.0266714711], [75.05194969579999, 18.026393693099998], [75.0513941398, 18.026393693099998], [75.0513941398, 18.026115915099997], [75.0511163618, 18.026115915099997], [75.0511163618, 18.0258381371], [75.0508385838, 18.0258381371], [75.0508385838, 18.025560359099998], [75.05056080579999, 18.025560359099998], [75.05056080579999, 18.025282581099997], [75.0500052498, 18.025282581099997], [75.0500052498, 18.024171469099997], [75.05028302779999, 18.024171469099997], [75.05028302779999, 18.024449247099998], [75.05056080579999, 18.024449247099998], [75.05056080579999, 18.0247270251], [75.0511163618, 18.0247270251], [75.0511163618, 18.025004803099996], [75.0513941398, 18.025004803099996], [75.0513941398, 18.025282581099997], [75.0516719178, 18.025282581099997], [75.0516719178, 18.025560359099998], [75.05194969579999, 18.025560359099998], [75.05194969579999, 18.0258381371], [75.05222747379999, 18.0258381371], [75.05222747379999, 18.026115915099997], [75.0525052518, 18.026115915099997], [75.0525052518, 18.026393693099998], [75.0530608078, 18.026393693099998], [75.0530608078, 18.0266714711], [75.05333858579999, 18.0266714711], [75.05333858579999, 18.0269492491], [75.0538941418, 18.0269492491], [75.0538941418, 18.027227027099997], [75.0541719198, 18.027227027099997], [75.0541719198, 18.027504805099998], [75.0544496978, 18.027504805099998], [75.0544496978, 18.0277825831], [75.0547274758, 18.0277825831], [75.0547274758, 18.0280603611], [75.0555608098, 18.0280603611], [75.0555608098, 18.028338139099997], [75.0561163658, 18.028338139099997], [75.0561163658, 18.028615917099998], [75.0569496998, 18.028615917099998], [75.0569496998, 18.0288936951], [75.0572274778, 18.0288936951], [75.0572274778, 18.029171473099996], [75.0569496998, 18.029171473099996], [75.0569496998, 18.029449251099997], [75.05639414379999, 18.029449251099997]]]}}, {"type": "Feature", "properties": {"time_min": 25, "depth_min_m": 3.0, "depth_max_m": 6.0, "depth_class": "3.0\u20136.0 m", "max_depth_m": 5.9994108753587625, "mean_depth_m": 4.534360848584356, "flooded_area_km2": 1.848321862914277, "provenance": "Automated approximate 2D flood-routing prototype \u2014 not validated hydraulic output.", "model_type": "Automated approximate 2D flood-routing prototype"}, "geometry": {"type": "Polygon", "coordinates": [[[75.05361636379999, 18.024449247099998], [75.05361636379999, 18.024171469099997], [75.0538941418, 18.024171469099997], [75.0538941418, 18.024449247099998], [75.05361636379999, 18.024449247099998]]]}}, {"type": "Feature", "properties": {"time_min": 25, "depth_min_m": 3.0, "depth_max_m": 6.0, "depth_class": "3.0\u20136.0 m", "max_depth_m": 5.9994108753587625, "mean_depth_m": 4.534360848584356, "flooded_area_km2": 1.848321862914277, "provenance": "Automated approximate 2D flood-routing prototype \u2014 not validated hydraulic output.", "model_type": "Automated approximate 2D flood-routing prototype"}, "geometry": {"type": "Polygon", "coordinates": [[[75.05333858579999, 18.024171469099997], [75.05333858579999, 18.0238936911], [75.05361636379999, 18.0238936911], [75.05361636379999, 18.024171469099997], [75.05333858579999, 18.024171469099997]]]}}, {"type": "Feature", "properties": {"time_min": 25, "depth_min_m": 3.0, "depth_max_m": 6.0, "depth_class": "3.0\u20136.0 m", "max_depth_m": 5.9994108753587625, "mean_depth_m": 4.534360848584356, "flooded_area_km2": 1.848321862914277, "provenance": "Automated approximate 2D flood-routing prototype \u2014 not validated hydraulic output.", "model_type": "Automated approximate 2D flood-routing prototype"}, "geometry": {"type": "Polygon", "coordinates": [[[75.0530608078, 18.0238936911], [75.0530608078, 18.0236159131], [75.05333858579999, 18.0236159131], [75.05333858579999, 18.0238936911], [75.0530608078, 18.0238936911]]]}}, {"type": "Feature", "properties": {"time_min": 25, "depth_min_m": 3.0, "depth_max_m": 6.0, "depth_class": "3.0\u20136.0 m", "max_depth_m": 5.9994108753587625, "mean_depth_m": 4.534360848584356, "flooded_area_km2": 1.848321862914277, "provenance": "Automated approximate 2D flood-routing prototype \u2014 not validated hydraulic output.", "model_type": "Automated approximate 2D flood-routing prototype"}, "geometry": {"type": "Polygon", "coordinates": [[[75.0527830298, 18.0236159131], [75.0527830298, 18.023338135099998], [75.0530608078, 18.023338135099998], [75.0530608078, 18.0236159131], [75.0527830298, 18.0236159131]]]}}, {"type": "Feature", "properties": {"time_min": 25, "depth_min_m": 3.0, "depth_max_m": 6.0, "depth_class": "3.0\u20136.0 m", "max_depth_m": 5.9994108753587625, "mean_depth_m": 4.534360848584356, "flooded_area_km2": 1.848321862914277, "provenance": "Automated approximate 2D flood-routing prototype \u2014 not validated hydraulic output.", "model_type": "Automated approximate 2D flood-routing prototype"}, "geometry": {"type": "Polygon", "coordinates": [[[75.0525052518, 18.023338135099998], [75.0525052518, 18.023060357099997], [75.0527830298, 18.023060357099997], [75.0527830298, 18.023338135099998], [75.0525052518, 18.023338135099998]]]}}, {"type": "Feature", "properties": {"time_min": 25, "depth_min_m": 3.0, "depth_max_m": 6.0, "depth_class": "3.0\u20136.0 m", "max_depth_m": 5.9994108753587625, "mean_depth_m": 4.534360848584356, "flooded_area_km2": 1.848321862914277, "provenance": "Automated approximate 2D flood-routing prototype \u2014 not validated hydraulic output.", "model_type": "Automated approximate 2D flood-routing prototype"}, "geometry": {"type": "Polygon", "coordinates": [[[75.05222747379999, 18.023060357099997], [75.05222747379999, 18.0227825791], [75.0525052518, 18.0227825791], [75.0525052518, 18.023060357099997], [75.05222747379999, 18.023060357099997]]]}}, {"type": "Feature", "properties": {"time_min": 25, "depth_min_m": 3.0, "depth_max_m": 6.0, "depth_class": "3.0\u20136.0 m", "max_depth_m": 5.9994108753587625, "mean_depth_m": 4.534360848584356, "flooded_area_km2": 1.848321862914277, "provenance": "Automated approximate 2D flood-routing prototype \u2014 not validated hydraulic output.", "model_type": "Automated approximate 2D flood-routing prototype"}, "geometry": {"type": "Polygon", "coordinates": [[[75.05194969579999, 18.0227825791], [75.05194969579999, 18.022227023099997], [75.05222747379999, 18.022227023099997], [75.05222747379999, 18.0227825791], [75.05194969579999, 18.0227825791]]]}}, {"type": "Feature", "properties": {"time_min": 25, "depth_min_m": 3.0, "depth_max_m": 6.0, "depth_class": "3.0\u20136.0 m", "max_depth_m": 5.9994108753587625, "mean_depth_m": 4.534360848584356, "flooded_area_km2": 1.848321862914277, "provenance": "Automated approximate 2D flood-routing prototype \u2014 not validated hydraulic output.", "model_type": "Automated approximate 2D flood-routing prototype"}, "geometry": {"type": "Polygon", "coordinates": [[[75.0516719178, 18.022227023099997], [75.0516719178, 18.021949245099997], [75.05194969579999, 18.021949245099997], [75.05194969579999, 18.022227023099997], [75.0516719178, 18.022227023099997]]]}}, {"type": "Feature", "properties": {"time_min": 25, "depth_min_m": 3.0, "depth_max_m": 6.0, "depth_class": "3.0\u20136.0 m", "max_depth_m": 5.9994108753587625, "mean_depth_m": 4.534360848584356, "flooded_area_km2": 1.848321862914277, "provenance": "Automated approximate 2D flood-routing prototype \u2014 not validated hydraulic output.", "model_type": "Automated approximate 2D flood-routing prototype"}, "geometry": {"type": "Polygon", "coordinates": [[[75.0513941398, 18.021949245099997], [75.0513941398, 18.0216714671], [75.0516719178, 18.0216714671], [75.0516719178, 18.021949245099997], [75.0513941398, 18.021949245099997]]]}}, {"type": "Feature", "properties": {"time_min": 25, "depth_min_m": 3.0, "depth_max_m": 6.0, "depth_class": "3.0\u20136.0 m", "max_depth_m": 5.9994108753587625, "mean_depth_m": 4.534360848584356, "flooded_area_km2": 1.848321862914277, "provenance": "Automated approximate 2D flood-routing prototype \u2014 not validated hydraulic output.", "model_type": "Automated approximate 2D flood-routing prototype"}, "geometry": {"type": "Polygon", "coordinates": [[[75.0511163618, 18.0216714671], [75.0511163618, 18.021115911099997], [75.0508385838, 18.021115911099997], [75.0508385838, 18.020838133099996], [75.05056080579999, 18.020838133099996], [75.05056080579999, 18.0205603551], [75.05028302779999, 18.0205603551], [75.05028302779999, 18.020004799099997], [75.0500052498, 18.020004799099997], [75.0500052498, 18.019171465099998], [75.05028302779999, 18.019171465099998], [75.05028302779999, 18.0194492431], [75.05056080579999, 18.0194492431], [75.05056080579999, 18.020282577099998], [75.0508385838, 18.020282577099998], [75.0508385838, 18.0205603551], [75.0513941398, 18.0205603551], [75.0513941398, 18.020838133099996], [75.0516719178, 18.020838133099996], [75.0516719178, 18.021393689099998], [75.0513941398, 18.021393689099998], [75.0513941398, 18.0216714671], [75.0511163618, 18.0216714671]]]}}, {"type": "Feature", "properties": {"time_min": 25, "depth_min_m": 3.0, "depth_max_m": 6.0, "depth_class": "3.0\u20136.0 m", "max_depth_m": 5.9994108753587625, "mean_depth_m": 4.534360848584356, "flooded_area_km2": 1.848321862914277, "provenance": "Automated approximate 2D flood-routing prototype \u2014 not validated hydraulic output.", "model_type": "Automated approximate 2D flood-routing prototype"}, "geometry": {"type": "Polygon", "coordinates": [[[75.1161164138, 18.0041714531], [75.1161164138, 18.003615897099998], [75.11583863579999, 18.003615897099998], [75.11583863579999, 18.003338119099997], [75.11694974779999, 18.003338119099997], [75.11694974779999, 18.0030603411], [75.11722752579999, 18.0030603411], [75.11722752579999, 18.003338119099997], [75.1175053038, 18.003338119099997], [75.1175053038, 18.003615897099998], [75.11722752579999, 18.003615897099998], [75.11722752579999, 18.0038936751], [75.1166719698, 18.0038936751], [75.1166719698, 18.0041714531], [75.1161164138, 18.0041714531]]]}}, {"type": "Feature", "properties": {"time_min": 25, "depth_min_m": 3.0, "depth_max_m": 6.0, "depth_class": "3.0\u20136.0 m", "max_depth_m": 5.9994108753587625, "mean_depth_m": 4.534360848584356, "flooded_area_km2": 1.848321862914277, "provenance": "Automated approximate 2D flood-routing prototype \u2014 not validated hydraulic output.", "model_type": "Automated approximate 2D flood-routing prototype"}, "geometry": {"type": "Polygon", "coordinates": [[[75.1152830798, 18.003338119099997], [75.1152830798, 18.0030603411], [75.11583863579999, 18.0030603411], [75.11583863579999, 18.003338119099997], [75.1152830798, 18.003338119099997]]]}}, {"type": "Feature", "properties": {"time_min": 25, "depth_min_m": 3.0, "depth_max_m": 6.0, "depth_class": "3.0\u20136.0 m", "max_depth_m": 5.9994108753587625, "mean_depth_m": 4.534360848584356, "flooded_area_km2": 1.848321862914277, "provenance": "Automated approximate 2D flood-routing prototype \u2014 not validated hydraulic output.", "model_type": "Automated approximate 2D flood-routing prototype"}, "geometry": {"type": "Polygon", "coordinates": [[[75.1147275238, 18.0030603411], [75.1147275238, 18.0027825631], [75.1152830798, 18.0027825631], [75.1152830798, 18.0030603411], [75.1147275238, 18.0030603411]]]}}, {"type": "Feature", "properties": {"time_min": 25, "depth_min_m": 3.0, "depth_max_m": 6.0, "depth_class": "3.0\u20136.0 m", "max_depth_m": 5.9994108753587625, "mean_depth_m": 4.534360848584356, "flooded_area_km2": 1.848321862914277, "provenance": "Automated approximate 2D flood-routing prototype \u2014 not validated hydraulic output.", "model_type": "Automated approximate 2D flood-routing prototype"}, "geometry": {"type": "Polygon", "coordinates": [[[75.1108386318, 18.0027825631], [75.1108386318, 18.002504785099998], [75.11139418779999, 18.002504785099998], [75.11139418779999, 18.0027825631], [75.1108386318, 18.0027825631]]]}}, {"type": "Feature", "properties": {"time_min": 25, "depth_min_m": 3.0, "depth_max_m": 6.0, "depth_class": "3.0\u20136.0 m", "max_depth_m": 5.9994108753587625, "mean_depth_m": 4.534360848584356, "flooded_area_km2": 1.848321862914277, "provenance": "Automated approximate 2D flood-routing prototype \u2014 not validated hydraulic output.", "model_type": "Automated approximate 2D flood-routing prototype"}, "geometry": {"type": "Polygon", "coordinates": [[[75.1119497438, 18.0027825631], [75.1119497438, 18.002504785099998], [75.1122275218, 18.002504785099998], [75.1122275218, 18.0027825631], [75.1119497438, 18.0027825631]]]}}, {"type": "Feature", "properties": {"time_min": 25, "depth_min_m": 3.0, "depth_max_m": 6.0, "depth_class": "3.0\u20136.0 m", "max_depth_m": 5.9994108753587625, "mean_depth_m": 4.534360848584356, "flooded_area_km2": 1.848321862914277, "provenance": "Automated approximate 2D flood-routing prototype \u2014 not validated hydraulic output.", "model_type": "Automated approximate 2D flood-routing prototype"}, "geometry": {"type": "Polygon", "coordinates": [[[75.11250529979999, 18.0027825631], [75.11250529979999, 18.002504785099998], [75.1130608558, 18.002504785099998], [75.1130608558, 18.0027825631], [75.11250529979999, 18.0027825631]]]}}, {"type": "Feature", "properties": {"time_min": 25, "depth_min_m": 3.0, "depth_max_m": 6.0, "depth_class": "3.0\u20136.0 m", "max_depth_m": 5.9994108753587625, "mean_depth_m": 4.534360848584356, "flooded_area_km2": 1.848321862914277, "provenance": "Automated approximate 2D flood-routing prototype \u2014 not validated hydraulic output.", "model_type": "Automated approximate 2D flood-routing prototype"}, "geometry": {"type": "Polygon", "coordinates": [[[75.1075052958, 18.003615897099998], [75.1075052958, 18.0030603411], [75.1077830738, 18.0030603411], [75.1077830738, 18.000560339099998], [75.10806085179999, 18.000560339099998], [75.10806085179999, 18.0008381171], [75.10833862979999, 18.0008381171], [75.10833862979999, 18.002504785099998], [75.1105608538, 18.002504785099998], [75.1105608538, 18.0027825631], [75.1102830758, 18.0027825631], [75.1102830758, 18.0030603411], [75.1100052978, 18.0030603411], [75.1100052978, 18.003338119099997], [75.10806085179999, 18.003338119099997], [75.10806085179999, 18.003615897099998], [75.1075052958, 18.003615897099998]]]}}, {"type": "Feature", "properties": {"time_min": 25, "depth_min_m": 3.0, "depth_max_m": 6.0, "depth_class": "3.0\u20136.0 m", "max_depth_m": 5.9994108753587625, "mean_depth_m": 4.534360848584356, "flooded_area_km2": 1.848321862914277, "provenance": "Automated approximate 2D flood-routing prototype \u2014 not validated hydraulic output.", "model_type": "Automated approximate 2D flood-routing prototype"}, "geometry": {"type": "Polygon", "coordinates": [[[75.1075052958, 18.000560339099998], [75.1075052958, 18.000282561099997], [75.1072275178, 18.000282561099997], [75.1072275178, 18.0000047831], [75.1077830738, 18.0000047831], [75.1077830738, 18.000560339099998], [75.1075052958, 18.000560339099998]]]}}, {"type": "Feature", "properties": {"time_min": 25, "depth_min_m": 3.0, "depth_max_m": 6.0, "depth_class": "3.0\u20136.0 m", "max_depth_m": 5.9994108753587625, "mean_depth_m": 4.534360848584356, "flooded_area_km2": 1.848321862914277, "provenance": "Automated approximate 2D flood-routing prototype \u2014 not validated hydraulic output.", "model_type": "Automated approximate 2D flood-routing prototype"}, "geometry": {"type": "Polygon", "coordinates": [[[75.1136164118, 18.000282561099997], [75.1136164118, 18.0000047831], [75.11417196779999, 18.0000047831], [75.11417196779999, 18.000282561099997], [75.1136164118, 18.000282561099997]]]}}, {"type": "Feature", "properties": {"time_min": 25, "depth_min_m": 6.0, "depth_max_m": null, "depth_class": "6.0+ m", "max_depth_m": 11.495199449577512, "mean_depth_m": 7.3271178994582, "flooded_area_km2": 2.156977174006407, "provenance": "Automated approximate 2D flood-routing prototype \u2014 not validated hydraulic output.", "model_type": "Automated approximate 2D flood-routing prototype"}, "geometry": {"type": "Polygon", "coordinates": [[[75.1105608538, 18.076115955099997], [75.1105608538, 18.0755603991], [75.10944974179999, 18.0755603991], [75.10944974179999, 18.075282621099998], [75.1091719638, 18.075282621099998], [75.1091719638, 18.075004843099997], [75.1086164078, 18.075004843099997], [75.1086164078, 18.0747270651], [75.1077830738, 18.0747270651], [75.1077830738, 18.0744492871], [75.1075052958, 18.0744492871], [75.1075052958, 18.074171509099997], [75.10639418379999, 18.074171509099997], [75.10639418379999, 18.073893731099997], [75.10528307179999, 18.073893731099997], [75.10528307179999, 18.0736159531], [75.1047275158, 18.0736159531], [75.1047275158, 18.073338175099998], [75.1044497378, 18.073338175099998], [75.1044497378, 18.0736159531], [75.1041719598, 18.0736159531], [75.1041719598, 18.073338175099998], [75.1038941818, 18.073338175099998], [75.1038941818, 18.072782619099996], [75.10361640379999, 18.072782619099996], [75.10361640379999, 18.073338175099998], [75.10333862579999, 18.073338175099998], [75.10333862579999, 18.0736159531], [75.1030608478, 18.0736159531], [75.1030608478, 18.073338175099998], [75.1027830698, 18.073338175099998], [75.1027830698, 18.073060397099997], [75.10056084579999, 18.073060397099997], [75.10056084579999, 18.072782619099996], [75.09917195579999, 18.072782619099996], [75.09917195579999, 18.0725048411], [75.0980608438, 18.0725048411], [75.0980608438, 18.072227063099998], [75.09722750979999, 18.072227063099998], [75.09722750979999, 18.071949285099997], [75.0966719538, 18.071949285099997], [75.0966719538, 18.0716715071], [75.09583861979999, 18.0716715071], [75.09583861979999, 18.0713937291], [75.0952830638, 18.0713937291], [75.0952830638, 18.0716715071], [75.0950052858, 18.0716715071], [75.0950052858, 18.0713937291], [75.09472750779999, 18.0713937291], [75.09472750779999, 18.071115951099998], [75.09417195179999, 18.071115951099998], [75.09417195179999, 18.070838173099997], [75.0938941738, 18.070838173099997], [75.0938941738, 18.0702826171], [75.0936163958, 18.0702826171], [75.0936163958, 18.070004839099997], [75.0933386178, 18.070004839099997], [75.0933386178, 18.069727061099996], [75.09306083979999, 18.069727061099996], [75.09306083979999, 18.0694492831], [75.0933386178, 18.0694492831], [75.0933386178, 18.069171505099998], [75.09278306179999, 18.069171505099998], [75.09278306179999, 18.068893727099997], [75.0925052838, 18.068893727099997], [75.0925052838, 18.068615949099996], [75.0922275058, 18.068615949099996], [75.0922275058, 18.067782615099997], [75.0919497278, 18.067782615099997], [75.0919497278, 18.065838169099997], [75.09167194979999, 18.065838169099997], [75.09167194979999, 18.065560391099996], [75.0911163938, 18.065560391099996], [75.0911163938, 18.0652826131], [75.0908386158, 18.0652826131], [75.0908386158, 18.065004835099998], [75.0905608378, 18.065004835099998], [75.0905608378, 18.0652826131], [75.09000528179999, 18.0652826131], [75.09000528179999, 18.064727057099997], [75.0894497258, 18.064727057099997], [75.0894497258, 18.064449279099996], [75.0891719478, 18.064449279099996], [75.0891719478, 18.0641715011], [75.0888941698, 18.0641715011], [75.0888941698, 18.063893723099998], [75.08861639179999, 18.063893723099998], [75.08861639179999, 18.063615945099997], [75.08833861379999, 18.063615945099997], [75.08833861379999, 18.0633381671], [75.0877830578, 18.0633381671], [75.0877830578, 18.0630603891], [75.0875052798, 18.0630603891], [75.0875052798, 18.062782611099998], [75.0872275018, 18.062782611099998], [75.0872275018, 18.062504833099997], [75.08694972379999, 18.062504833099997], [75.08694972379999, 18.0622270551], [75.08667194579999, 18.0622270551], [75.08667194579999, 18.0619492771], [75.0863941678, 18.0619492771], [75.0863941678, 18.061671499099997], [75.0861163898, 18.061671499099997], [75.0861163898, 18.060560387099997], [75.0858386118, 18.060560387099997], [75.0858386118, 18.0602826091], [75.08556083379999, 18.0602826091], [75.08556083379999, 18.0591714971], [75.0858386118, 18.0591714971], [75.0858386118, 18.0588937191], [75.0861163898, 18.0588937191], [75.0861163898, 18.059449275099997], [75.0863941678, 18.059449275099997], [75.0863941678, 18.0591714971], [75.08667194579999, 18.0591714971], [75.08667194579999, 18.0588937191], [75.08694972379999, 18.0588937191], [75.08694972379999, 18.0591714971], [75.0872275018, 18.0591714971], [75.0872275018, 18.0602826091], [75.0877830578, 18.0602826091], [75.0877830578, 18.060560387099997], [75.0880608358, 18.060560387099997], [75.0880608358, 18.060838165099998], [75.08833861379999, 18.060838165099998], [75.08833861379999, 18.0611159431], [75.08861639179999, 18.0611159431], [75.08861639179999, 18.061671499099997], [75.0888941698, 18.061671499099997], [75.0888941698, 18.0619492771], [75.0891719478, 18.0619492771], [75.0891719478, 18.062504833099997], [75.0894497258, 18.062504833099997], [75.0894497258, 18.062782611099998], [75.09000528179999, 18.062782611099998], [75.09000528179999, 18.0633381671], [75.0902830598, 18.0633381671], [75.0902830598, 18.063893723099998], [75.0905608378, 18.063893723099998], [75.0905608378, 18.0641715011], [75.0911163938, 18.0641715011], [75.0911163938, 18.064449279099996], [75.09139417179999, 18.064449279099996], [75.09139417179999, 18.065004835099998], [75.09167194979999, 18.065004835099998], [75.09167194979999, 18.0652826131], [75.0919497278, 18.0652826131], [75.0919497278, 18.065560391099996], [75.0922275058, 18.065560391099996], [75.0922275058, 18.065838169099997], [75.09278306179999, 18.065838169099997], [75.09278306179999, 18.0663937251], [75.09306083979999, 18.0663937251], [75.09306083979999, 18.066671503099997], [75.0933386178, 18.066671503099997], [75.0933386178, 18.066949281099998], [75.0936163958, 18.066949281099998], [75.0936163958, 18.0672270591], [75.0938941738, 18.0672270591], [75.0938941738, 18.0675048371], [75.09417195179999, 18.0675048371], [75.09417195179999, 18.067782615099997], [75.09444972979999, 18.067782615099997], [75.09444972979999, 18.068060393099998], [75.09472750779999, 18.068060393099998], [75.09472750779999, 18.0683381711], [75.0952830638, 18.0683381711], [75.0952830638, 18.068615949099996], [75.0955608418, 18.068615949099996], [75.0955608418, 18.069171505099998], [75.09611639779999, 18.069171505099998], [75.09611639779999, 18.0694492831], [75.0963941758, 18.0694492831], [75.0963941758, 18.069727061099996], [75.0969497318, 18.069727061099996], [75.0969497318, 18.070004839099997], [75.09722750979999, 18.070004839099997], [75.09722750979999, 18.0702826171], [75.0983386218, 18.0702826171], [75.0983386218, 18.0705603951], [75.0997275118, 18.0705603951], [75.0997275118, 18.070838173099997], [75.1011164018, 18.070838173099997], [75.1011164018, 18.071115951099998], [75.10222751379999, 18.071115951099998], [75.10222751379999, 18.0713937291], [75.1041719598, 18.0713937291], [75.1041719598, 18.071115951099998], [75.1044497378, 18.071115951099998], [75.1044497378, 18.0713937291], [75.1047275158, 18.0713937291], [75.1047275158, 18.0716715071], [75.10500529379999, 18.0716715071], [75.10500529379999, 18.071949285099997], [75.1058386278, 18.071949285099997], [75.1058386278, 18.0725048411], [75.10639418379999, 18.0725048411], [75.10639418379999, 18.072227063099998], [75.1075052958, 18.072227063099998], [75.1075052958, 18.0725048411], [75.1077830738, 18.0725048411], [75.1077830738, 18.072782619099996], [75.10833862979999, 18.072782619099996], [75.10833862979999, 18.073060397099997], [75.1086164078, 18.073060397099997], [75.1086164078, 18.072782619099996], [75.1119497438, 18.072782619099996], [75.1119497438, 18.073338175099998], [75.1116719658, 18.073338175099998], [75.1116719658, 18.075282621099998], [75.11139418779999, 18.075282621099998], [75.11139418779999, 18.076115955099997], [75.1105608538, 18.076115955099997]], [[75.1088941858, 18.0747270651], [75.1091719638, 18.0747270651], [75.1091719638, 18.0744492871], [75.1088941858, 18.0744492871], [75.1088941858, 18.0747270651]]]}}, {"type": "Feature", "properties": {"time_min": 25, "depth_min_m": 6.0, "depth_max_m": null, "depth_class": "6.0+ m", "max_depth_m": 11.495199449577512, "mean_depth_m": 7.3271178994582, "flooded_area_km2": 2.156977174006407, "provenance": "Automated approximate 2D flood-routing prototype \u2014 not validated hydraulic output.", "model_type": "Automated approximate 2D flood-routing prototype"}, "geometry": {"type": "Polygon", "coordinates": [[[75.0861163898, 18.058615941099998], [75.0861163898, 18.058338163099997], [75.08667194579999, 18.058338163099997], [75.08667194579999, 18.058615941099998], [75.0861163898, 18.058615941099998]]]}}, {"type": "Feature", "properties": {"time_min": 25, "depth_min_m": 6.0, "depth_max_m": null, "depth_class": "6.0+ m", "max_depth_m": 11.495199449577512, "mean_depth_m": 7.3271178994582, "flooded_area_km2": 2.156977174006407, "provenance": "Automated approximate 2D flood-routing prototype \u2014 not validated hydraulic output.", "model_type": "Automated approximate 2D flood-routing prototype"}, "geometry": {"type": "Polygon", "coordinates": [[[75.0861163898, 18.0580603851], [75.0861163898, 18.0577826071], [75.0863941678, 18.0577826071], [75.0863941678, 18.0580603851], [75.0861163898, 18.0580603851]]]}}, {"type": "Feature", "properties": {"time_min": 25, "depth_min_m": 6.0, "depth_max_m": null, "depth_class": "6.0+ m", "max_depth_m": 11.495199449577512, "mean_depth_m": 7.3271178994582, "flooded_area_km2": 2.156977174006407, "provenance": "Automated approximate 2D flood-routing prototype \u2014 not validated hydraulic output.", "model_type": "Automated approximate 2D flood-routing prototype"}, "geometry": {"type": "Polygon", "coordinates": [[[75.0858386118, 18.0577826071], [75.0858386118, 18.057504829099997], [75.0861163898, 18.057504829099997], [75.0861163898, 18.0577826071], [75.0858386118, 18.0577826071]]]}}, {"type": "Feature", "properties": {"time_min": 25, "depth_min_m": 6.0, "depth_max_m": null, "depth_class": "6.0+ m", "max_depth_m": 11.495199449577512, "mean_depth_m": 7.3271178994582, "flooded_area_km2": 2.156977174006407, "provenance": "Automated approximate 2D flood-routing prototype \u2014 not validated hydraulic output.", "model_type": "Automated approximate 2D flood-routing prototype"}, "geometry": {"type": "Polygon", "coordinates": [[[75.0841719438, 18.057227051099996], [75.0841719438, 18.056393717099997], [75.0847274998, 18.056393717099997], [75.0847274998, 18.0561159391], [75.0850052778, 18.0561159391], [75.0850052778, 18.056671495099998], [75.0847274998, 18.056671495099998], [75.0847274998, 18.057227051099996], [75.0841719438, 18.057227051099996]]]}}, {"type": "Feature", "properties": {"time_min": 25, "depth_min_m": 6.0, "depth_max_m": null, "depth_class": "6.0+ m", "max_depth_m": 11.495199449577512, "mean_depth_m": 7.3271178994582, "flooded_area_km2": 2.156977174006407, "provenance": "Automated approximate 2D flood-routing prototype \u2014 not validated hydraulic output.", "model_type": "Automated approximate 2D flood-routing prototype"}, "geometry": {"type": "Polygon", "coordinates": [[[75.0850052778, 18.055282605099997], [75.0850052778, 18.0550048271], [75.08528305579999, 18.0550048271], [75.08528305579999, 18.055282605099997], [75.0850052778, 18.055282605099997]]]}}, {"type": "Feature", "properties": {"time_min": 25, "depth_min_m": 6.0, "depth_max_m": null, "depth_class": "6.0+ m", "max_depth_m": 11.495199449577512, "mean_depth_m": 7.3271178994582, "flooded_area_km2": 2.156977174006407, "provenance": "Automated approximate 2D flood-routing prototype \u2014 not validated hydraulic output.", "model_type": "Automated approximate 2D flood-routing prototype"}, "geometry": {"type": "Polygon", "coordinates": [[[75.08528305579999, 18.0550048271], [75.08528305579999, 18.0547270491], [75.0850052778, 18.0547270491], [75.0850052778, 18.054449271099998], [75.08556083379999, 18.054449271099998], [75.08556083379999, 18.0550048271], [75.08528305579999, 18.0550048271]]]}}, {"type": "Feature", "properties": {"time_min": 25, "depth_min_m": 6.0, "depth_max_m": null, "depth_class": "6.0+ m", "max_depth_m": 11.495199449577512, "mean_depth_m": 7.3271178994582, "flooded_area_km2": 2.156977174006407, "provenance": "Automated approximate 2D flood-routing prototype \u2014 not validated hydraulic output.", "model_type": "Automated approximate 2D flood-routing prototype"}, "geometry": {"type": "Polygon", "coordinates": [[[75.08361638779999, 18.0550048271], [75.08361638779999, 18.0538937151], [75.0844497218, 18.0538937151], [75.0844497218, 18.054171493099997], [75.0847274998, 18.054171493099997], [75.0847274998, 18.0547270491], [75.0844497218, 18.0547270491], [75.0844497218, 18.0550048271], [75.08361638779999, 18.0550048271]]]}}, {"type": "Feature", "properties": {"time_min": 25, "depth_min_m": 6.0, "depth_max_m": null, "depth_class": "6.0+ m", "max_depth_m": 11.495199449577512, "mean_depth_m": 7.3271178994582, "flooded_area_km2": 2.156977174006407, "provenance": "Automated approximate 2D flood-routing prototype \u2014 not validated hydraulic output.", "model_type": "Automated approximate 2D flood-routing prototype"}, "geometry": {"type": "Polygon", "coordinates": [[[75.08528305579999, 18.0538937151], [75.08528305579999, 18.053338159099997], [75.0858386118, 18.053338159099997], [75.0858386118, 18.0536159371], [75.08556083379999, 18.0536159371], [75.08556083379999, 18.0538937151], [75.08528305579999, 18.0538937151]]]}}, {"type": "Feature", "properties": {"time_min": 25, "depth_min_m": 6.0, "depth_max_m": null, "depth_class": "6.0+ m", "max_depth_m": 11.495199449577512, "mean_depth_m": 7.3271178994582, "flooded_area_km2": 2.156977174006407, "provenance": "Automated approximate 2D flood-routing prototype \u2014 not validated hydraulic output.", "model_type": "Automated approximate 2D flood-routing prototype"}, "geometry": {"type": "Polygon", "coordinates": [[[75.08361638779999, 18.052504825099998], [75.08361638779999, 18.052227047099997], [75.08389416579999, 18.052227047099997], [75.08389416579999, 18.052504825099998], [75.08361638779999, 18.052504825099998]]]}}, {"type": "Feature", "properties": {"time_min": 25, "depth_min_m": 6.0, "depth_max_m": null, "depth_class": "6.0+ m", "max_depth_m": 11.495199449577512, "mean_depth_m": 7.3271178994582, "flooded_area_km2": 2.156977174006407, "provenance": "Automated approximate 2D flood-routing prototype \u2014 not validated hydraulic output.", "model_type": "Automated approximate 2D flood-routing prototype"}, "geometry": {"type": "Polygon", "coordinates": [[[75.0850052778, 18.0527826031], [75.0850052778, 18.052504825099998], [75.0847274998, 18.052504825099998], [75.0847274998, 18.0519492691], [75.0841719438, 18.0519492691], [75.0841719438, 18.052227047099997], [75.08389416579999, 18.052227047099997], [75.08389416579999, 18.0516714911], [75.0833386098, 18.0516714911], [75.0833386098, 18.050282601099997], [75.08361638779999, 18.050282601099997], [75.08361638779999, 18.049449267099998], [75.0833386098, 18.049449267099998], [75.0833386098, 18.046949265099997], [75.0830608318, 18.046949265099997], [75.0830608318, 18.0455603751], [75.08389416579999, 18.0455603751], [75.08389416579999, 18.046115931099997], [75.0841719438, 18.046115931099997], [75.0841719438, 18.045838153099997], [75.0847274998, 18.045838153099997], [75.0847274998, 18.0463937091], [75.0850052778, 18.0463937091], [75.0850052778, 18.046949265099997], [75.08528305579999, 18.046949265099997], [75.08528305579999, 18.0475048211], [75.08556083379999, 18.0475048211], [75.08556083379999, 18.048060377099997], [75.08528305579999, 18.048060377099997], [75.08528305579999, 18.048338155099998], [75.08556083379999, 18.048338155099998], [75.08556083379999, 18.048893711099996], [75.08528305579999, 18.048893711099996], [75.08528305579999, 18.049171489099997], [75.0850052778, 18.049171489099997], [75.0850052778, 18.0505603791], [75.08528305579999, 18.0505603791], [75.08528305579999, 18.0527826031], [75.0850052778, 18.0527826031]]]}}, {"type": "Feature", "properties": {"time_min": 25, "depth_min_m": 6.0, "depth_max_m": null, "depth_class": "6.0+ m", "max_depth_m": 11.495199449577512, "mean_depth_m": 7.3271178994582, "flooded_area_km2": 2.156977174006407, "provenance": "Automated approximate 2D flood-routing prototype \u2014 not validated hydraulic output.", "model_type": "Automated approximate 2D flood-routing prototype"}, "geometry": {"type": "Polygon", "coordinates": [[[75.0827830538, 18.045282597099998], [75.0827830538, 18.044727041099996], [75.08250527579999, 18.044727041099996], [75.08250527579999, 18.0436159291], [75.08222749779999, 18.0436159291], [75.08222749779999, 18.0425048171], [75.0819497198, 18.0425048171], [75.0819497198, 18.0422270391], [75.08222749779999, 18.0422270391], [75.08222749779999, 18.041949261099997], [75.0819497198, 18.041949261099997], [75.0819497198, 18.041671483099996], [75.0813941638, 18.041671483099996], [75.0813941638, 18.041115927099998], [75.0811163858, 18.041115927099998], [75.0811163858, 18.040838149099997], [75.08083860779999, 18.040838149099997], [75.08083860779999, 18.040560371099996], [75.0800052738, 18.040560371099996], [75.0800052738, 18.0402825931], [75.0797274958, 18.0402825931], [75.0797274958, 18.040004815099998], [75.07944971779999, 18.040004815099998], [75.07944971779999, 18.0394492591], [75.07917193979999, 18.0394492591], [75.07917193979999, 18.038893703099998], [75.0786163838, 18.038893703099998], [75.0786163838, 18.038615925099997], [75.07806082779999, 18.038615925099997], [75.07806082779999, 18.0380603691], [75.07750527179999, 18.0380603691], [75.07750527179999, 18.037782591099997], [75.0769497158, 18.037782591099997], [75.0769497158, 18.037504813099996], [75.0766719378, 18.037504813099996], [75.0766719378, 18.036949257099998], [75.07639415979999, 18.036949257099998], [75.07639415979999, 18.0372270351], [75.07611638179999, 18.0372270351], [75.07611638179999, 18.036671479099997], [75.0758386038, 18.036671479099997], [75.0758386038, 18.036949257099998], [75.0752830478, 18.036949257099998], [75.0752830478, 18.036671479099997], [75.07472749179999, 18.036671479099997], [75.07472749179999, 18.036393701099996], [75.07444971379999, 18.036393701099996], [75.07444971379999, 18.0361159231], [75.0738941578, 18.0361159231], [75.0738941578, 18.035838145099998], [75.07306082379999, 18.035838145099998], [75.07306082379999, 18.035560367099997], [75.0727830458, 18.035560367099997], [75.0727830458, 18.0350048111], [75.07167193379999, 18.0350048111], [75.07167193379999, 18.034727033099998], [75.0708385998, 18.034727033099998], [75.0708385998, 18.034449255099997], [75.07028304379999, 18.034449255099997], [75.07028304379999, 18.0341714771], [75.0691719318, 18.0341714771], [75.0691719318, 18.0338936991], [75.06861637579999, 18.0338936991], [75.06861637579999, 18.033615921099997], [75.0675052638, 18.033615921099997], [75.0675052638, 18.033338143099996], [75.06722748579999, 18.033338143099996], [75.06722748579999, 18.0330603651], [75.0666719298, 18.0330603651], [75.0666719298, 18.032782587099998], [75.0661163738, 18.032782587099998], [75.0661163738, 18.032504809099997], [75.06417192779999, 18.032504809099997], [75.06417192779999, 18.0322270311], [75.0633385938, 18.0322270311], [75.0633385938, 18.0319492531], [75.0630608158, 18.0319492531], [75.0630608158, 18.031671475099998], [75.06250525979999, 18.031671475099998], [75.06250525979999, 18.031393697099997], [75.0622274818, 18.031393697099997], [75.0622274818, 18.0308381411], [75.0613941478, 18.0308381411], [75.0613941478, 18.030560363099998], [75.0605608138, 18.030560363099998], [75.0605608138, 18.030282585099997], [75.05972747979999, 18.030282585099997], [75.05972747979999, 18.0300048071], [75.0591719238, 18.0300048071], [75.0591719238, 18.0297270291], [75.0586163678, 18.0297270291], [75.0586163678, 18.029449251099997], [75.05778303379999, 18.029449251099997], [75.05778303379999, 18.029171473099996], [75.0572274778, 18.029171473099996], [75.0572274778, 18.0288936951], [75.0569496998, 18.0288936951], [75.0569496998, 18.028615917099998], [75.0561163658, 18.028615917099998], [75.0561163658, 18.028338139099997], [75.0555608098, 18.028338139099997], [75.0555608098, 18.0280603611], [75.0547274758, 18.0280603611], [75.0547274758, 18.0277825831], [75.0544496978, 18.0277825831], [75.0544496978, 18.027504805099998], [75.0541719198, 18.027504805099998], [75.0541719198, 18.027227027099997], [75.0538941418, 18.027227027099997], [75.0538941418, 18.0269492491], [75.05333858579999, 18.0269492491], [75.05333858579999, 18.0266714711], [75.0530608078, 18.0266714711], [75.0530608078, 18.026393693099998], [75.0525052518, 18.026393693099998], [75.0525052518, 18.026115915099997], [75.05222747379999, 18.026115915099997], [75.05222747379999, 18.0258381371], [75.05194969579999, 18.0258381371], [75.05194969579999, 18.025560359099998], [75.0516719178, 18.025560359099998], [75.0516719178, 18.025282581099997], [75.0513941398, 18.025282581099997], [75.0513941398, 18.025004803099996], [75.0511163618, 18.025004803099996], [75.0511163618, 18.0247270251], [75.05056080579999, 18.0247270251], [75.05056080579999, 18.024449247099998], [75.05028302779999, 18.024449247099998], [75.05028302779999, 18.024171469099997], [75.0500052498, 18.024171469099997], [75.0500052498, 18.020004799099997], [75.05028302779999, 18.020004799099997], [75.05028302779999, 18.0205603551], [75.05056080579999, 18.0205603551], [75.05056080579999, 18.020838133099996], [75.0508385838, 18.020838133099996], [75.0508385838, 18.021115911099997], [75.0511163618, 18.021115911099997], [75.0511163618, 18.0216714671], [75.0513941398, 18.0216714671], [75.0513941398, 18.021949245099997], [75.0516719178, 18.021949245099997], [75.0516719178, 18.022227023099997], [75.05194969579999, 18.022227023099997], [75.05194969579999, 18.0227825791], [75.05222747379999, 18.0227825791], [75.05222747379999, 18.023060357099997], [75.0525052518, 18.023060357099997], [75.0525052518, 18.023338135099998], [75.0527830298, 18.023338135099998], [75.0527830298, 18.0236159131], [75.0530608078, 18.0236159131], [75.0530608078, 18.0238936911], [75.05333858579999, 18.0238936911], [75.05333858579999, 18.024171469099997], [75.05361636379999, 18.024171469099997], [75.05361636379999, 18.024449247099998], [75.0538941418, 18.024449247099998], [75.0538941418, 18.0247270251], [75.0544496978, 18.0247270251], [75.0544496978, 18.025004803099996], [75.0547274758, 18.025004803099996], [75.0547274758, 18.025282581099997], [75.05500525379999, 18.025282581099997], [75.05500525379999, 18.025560359099998], [75.0558385878, 18.025560359099998], [75.0558385878, 18.0258381371], [75.0561163658, 18.0258381371], [75.0561163658, 18.026393693099998], [75.05667192179999, 18.026393693099998], [75.05667192179999, 18.0266714711], [75.0575052558, 18.0266714711], [75.0575052558, 18.0269492491], [75.05806081179999, 18.0269492491], [75.05806081179999, 18.027227027099997], [75.0586163678, 18.027227027099997], [75.0586163678, 18.027504805099998], [75.0588941458, 18.027504805099998], [75.0588941458, 18.0277825831], [75.05972747979999, 18.0277825831], [75.05972747979999, 18.0280603611], [75.0605608138, 18.0280603611], [75.0605608138, 18.028338139099997], [75.06111636979999, 18.028338139099997], [75.06111636979999, 18.028615917099998], [75.0619497038, 18.028615917099998], [75.0619497038, 18.0288936951], [75.06250525979999, 18.0288936951], [75.06250525979999, 18.029171473099996], [75.06389414979999, 18.029171473099996], [75.06389414979999, 18.029449251099997], [75.0647274838, 18.029449251099997], [75.0647274838, 18.0297270291], [75.0652830398, 18.0297270291], [75.0652830398, 18.0300048071], [75.06583859579999, 18.0300048071], [75.06583859579999, 18.030282585099997], [75.0663941518, 18.030282585099997], [75.0663941518, 18.030560363099998], [75.06694970779999, 18.030560363099998], [75.06694970779999, 18.0308381411], [75.0677830418, 18.0308381411], [75.0677830418, 18.0311159191], [75.06861637579999, 18.0311159191], [75.06861637579999, 18.031393697099997], [75.06889415379999, 18.031393697099997], [75.06889415379999, 18.031671475099998], [75.0691719318, 18.031671475099998], [75.0691719318, 18.0319492531], [75.0694497098, 18.0319492531], [75.0694497098, 18.0322270311], [75.07000526579999, 18.0322270311], [75.07000526579999, 18.032504809099997], [75.0705608218, 18.032504809099997], [75.0705608218, 18.032782587099998], [75.0711163778, 18.032782587099998], [75.0711163778, 18.0330603651], [75.0722274898, 18.0330603651], [75.0722274898, 18.033338143099996], [75.0727830458, 18.033338143099996], [75.0727830458, 18.033615921099997], [75.07333860179999, 18.033615921099997], [75.07333860179999, 18.0338936991], [75.0738941578, 18.0338936991], [75.0738941578, 18.0341714771], [75.07500526979999, 18.0341714771], [75.07500526979999, 18.034449255099997], [75.0752830478, 18.034449255099997], [75.0752830478, 18.034727033099998], [75.0758386038, 18.034727033099998], [75.0758386038, 18.0350048111], [75.0766719378, 18.0350048111], [75.0766719378, 18.0352825891], [75.07750527179999, 18.0352825891], [75.07750527179999, 18.035560367099997], [75.07778304979999, 18.035560367099997], [75.07778304979999, 18.035838145099998], [75.07806082779999, 18.035838145099998], [75.07806082779999, 18.0361159231], [75.0783386058, 18.0361159231], [75.0783386058, 18.036393701099996], [75.0788941618, 18.036393701099996], [75.0788941618, 18.036671479099997], [75.07917193979999, 18.036671479099997], [75.07917193979999, 18.036949257099998], [75.07944971779999, 18.036949257099998], [75.07944971779999, 18.0372270351], [75.0800052738, 18.0372270351], [75.0800052738, 18.037504813099996], [75.0802830518, 18.037504813099996], [75.0802830518, 18.037782591099997], [75.08056082979999, 18.037782591099997], [75.08056082979999, 18.0380603691], [75.0811163858, 18.0380603691], [75.0811163858, 18.0383381471], [75.0813941638, 18.0383381471], [75.0813941638, 18.038615925099997], [75.0816719418, 18.038615925099997], [75.0816719418, 18.038893703099998], [75.0819497198, 18.038893703099998], [75.0819497198, 18.0391714811], [75.08222749779999, 18.0391714811], [75.08222749779999, 18.0394492591], [75.08250527579999, 18.0394492591], [75.08250527579999, 18.040004815099998], [75.0827830538, 18.040004815099998], [75.0827830538, 18.040838149099997], [75.0830608318, 18.040838149099997], [75.0830608318, 18.041671483099996], [75.0833386098, 18.041671483099996], [75.0833386098, 18.041949261099997], [75.08361638779999, 18.041949261099997], [75.08361638779999, 18.0422270391], [75.08389416579999, 18.0422270391], [75.08389416579999, 18.043060373099998], [75.0841719438, 18.043060373099998], [75.0841719438, 18.044171485099998], [75.08361638779999, 18.044171485099998], [75.08361638779999, 18.044727041099996], [75.0833386098, 18.044727041099996], [75.0833386098, 18.045004819099997], [75.0830608318, 18.045004819099997], [75.0830608318, 18.045282597099998], [75.0827830538, 18.045282597099998]], [[75.0827830538, 18.043893707099997], [75.0833386098, 18.043893707099997], [75.0833386098, 18.0436159291], [75.0827830538, 18.0436159291], [75.0827830538, 18.043893707099997]], [[75.0827830538, 18.0433381511], [75.0830608318, 18.0433381511], [75.0830608318, 18.043060373099998], [75.0827830538, 18.043060373099998], [75.0827830538, 18.0433381511]]]}}, {"type": "Feature", "properties": {"time_min": 25, "depth_min_m": 6.0, "depth_max_m": null, "depth_class": "6.0+ m", "max_depth_m": 11.495199449577512, "mean_depth_m": 7.3271178994582, "flooded_area_km2": 2.156977174006407, "provenance": "Automated approximate 2D flood-routing prototype \u2014 not validated hydraulic output.", "model_type": "Automated approximate 2D flood-routing prototype"}, "geometry": {"type": "Polygon", "coordinates": [[[75.11583863579999, 18.003338119099997], [75.11583863579999, 18.0030603411], [75.1152830798, 18.0030603411], [75.1152830798, 18.0027825631], [75.1130608558, 18.0027825631], [75.1130608558, 18.002504785099998], [75.10833862979999, 18.002504785099998], [75.10833862979999, 18.0008381171], [75.10806085179999, 18.0008381171], [75.10806085179999, 18.000560339099998], [75.1077830738, 18.000560339099998], [75.1077830738, 18.0000047831], [75.1136164118, 18.0000047831], [75.1136164118, 18.000282561099997], [75.11417196779999, 18.000282561099997], [75.11417196779999, 18.0000047831], [75.1177830818, 18.0000047831], [75.1177830818, 18.000282561099997], [75.1180608598, 18.000282561099997], [75.1180608598, 18.001393673099997], [75.1183386378, 18.001393673099997], [75.1183386378, 18.001671451099998], [75.1180608598, 18.001671451099998], [75.1180608598, 18.0027825631], [75.1177830818, 18.0027825631], [75.1177830818, 18.003338119099997], [75.11722752579999, 18.003338119099997], [75.11722752579999, 18.0030603411], [75.11694974779999, 18.0030603411], [75.11694974779999, 18.003338119099997], [75.11583863579999, 18.003338119099997]]]}}]}