breach_id,dam_id,dam_name,reservoir_id,river_name,state,district,latitude,longitude,crs,breach_type,failure_mode,breach_location,breach_elevation_m,initial_reservoir_level_m,initial_storage_m3,breach_width_m,breach_depth_m,breach_length_m,breach_side_slope,breach_formation_time_min,breach_formation_rate_m_per_min,failure_start_time,peak_outflow_m3s,time_to_peak_min,breach_outflow_volume_m3,downstream_initial_flow_m3s,dam_height_m,reservoir_area_m2,simulation_duration_hr,scenario_severity,trigger_condition,breach_geometry_wkt,data_source,data_status
IN-B001-001,D001,Tehri,R001,Bhagirathi,Uttarakhand,Tehri Garhwal,30.38,78.48,EPSG:4326,Structural Failure,Sudden,Central dam section,213.3,254.36,409805363.19,86.44,46.7,86.38,0.91,45.42,1.9031,2026-08-02 06:00:00,503247.76,36.79,386718809.52,261.36,260,20352203.48,40.6,High,Foundation Failure,"POLYGON((78.479 30.378999999999998,78.48100000000001 30.378999999999998,78.48100000000001 30.381,78.479 30.381,78.479 30.378999999999998))",Indian dam anchor + synthetic dam-break scenario,SYNTHETIC_PROTOTYPE
IN-B001-002,D001,Tehri,R001,Bhagirathi,Uttarakhand,Tehri Garhwal,30.38,78.48,EPSG:4326,Overtopping,Progressive,Central dam section,114.97,253.52,403580061.74,41.36,145.03,150.27,0.85,168.02,0.2462,2026-08-03 06:00:00,101535.42,81.15,328623282.0,295.54,260,15562701.01,6.6,Extreme,Structural Failure,"POLYGON((78.479 30.378999999999998,78.48100000000001 30.378999999999998,78.48100000000001 30.381,78.479 30.381,78.479 30.378999999999998))",Indian dam anchor + synthetic dam-break scenario,SYNTHETIC_PROTOTYPE
IN-B001-003,D001,Tehri,R001,Bhagirathi,Uttarakhand,Tehri Garhwal,30.38,78.48,EPSG:4326,Piping,Sudden,Central dam section,116.86,243.24,435051320.53,66.12,143.14,195.3,1.8,118.21,0.5594,2026-08-04 06:00:00,118766.25,90.48,322675626.63,400.55,260,69352515.31,18.6,Low,Heavy Rainfall,"POLYGON((78.479 30.378999999999998,78.48100000000001 30.378999999999998,78.48100000000001 30.381,78.479 30.381,78.479 30.378999999999998))",Indian dam anchor + synthetic dam-break scenario,SYNTHETIC_PROTOTYPE
IN-B001-004,D001,Tehri,R001,Bhagirathi,Uttarakhand,Tehri Garhwal,30.38,78.48,EPSG:4326,Structural Failure,Progressive,Central dam section,210.78,245.53,103343185.36,71.5,49.22,142.99,0.52,54.25,1.3179,2026-08-05 06:00:00,67476.47,22.58,84112218.15,239.47,260,11087535.51,16.8,Medium,Overtopping,"POLYGON((78.479 30.378999999999998,78.48100000000001 30.378999999999998,78.48100000000001 30.381,78.479 30.381,78.479 30.378999999999998))",Indian dam anchor + synthetic dam-break scenario,SYNTHETIC_PROTOTYPE
IN-B001-005,D001,Tehri,R001,Bhagirathi,Uttarakhand,Tehri Garhwal,30.38,78.48,EPSG:4326,Overtopping,Sudden,Central dam section,166.51,244.47,315915800.68,21.11,93.49,141.84,1.72,85.5,0.2468,2026-08-06 06:00:00,125138.73,55.56,284452926.58,287.38,260,35557788.56,22.6,High,Foundation Failure,"POLYGON((78.479 30.378999999999998,78.48100000000001 30.378999999999998,78.48100000000001 30.381,78.479 30.381,78.479 30.378999999999998))",Indian dam anchor + synthetic dam-break scenario,SYNTHETIC_PROTOTYPE
IN-B001-006,D001,Tehri,R001,Bhagirathi,Uttarakhand,Tehri Garhwal,30.38,78.48,EPSG:4326,Piping,Progressive,Central dam section,153.88,250.47,253107873.48,22.94,106.12,149.28,1.11,171.11,0.1341,2026-08-07 06:00:00,62576.79,117.96,170396199.83,249.31,260,49201441.44,37.2,Extreme,Structural Failure,"POLYGON((78.479 30.378999999999998,78.48100000000001 30.378999999999998,78.48100000000001 30.381,78.479 30.381,78.479 30.378999999999998))",Indian dam anchor + synthetic dam-break scenario,SYNTHETIC_PROTOTYPE
IN-B001-007,D001,Tehri,R001,Bhagirathi,Uttarakhand,Tehri Garhwal,30.38,78.48,EPSG:4326,Structural Failure,Sudden,Central dam section,177.7,255.84,255194258.08,62.15,82.3,52.92,1.76,139.82,0.4445,2026-08-08 06:00:00,64146.47,122.37,192730005.06,449.91,260,27664795.0,40.1,Low,Heavy Rainfall,"POLYGON((78.479 30.378999999999998,78.48100000000001 30.378999999999998,78.48100000000001 30.381,78.479 30.381,78.479 30.378999999999998))",Indian dam anchor + synthetic dam-break scenario,SYNTHETIC_PROTOTYPE
IN-B001-008,D001,Tehri,R001,Bhagirathi,Uttarakhand,Tehri Garhwal,30.38,78.48,EPSG:4326,Overtopping,Progressive,Central dam section,127.29,250.63,92738601.45,97.65,132.71,87.68,0.77,37.72,2.589,2026-08-09 06:00:00,133046.03,15.66,77395221.81,220.12,260,68829196.3,12.8,Medium,Overtopping,"POLYGON((78.479 30.378999999999998,78.48100000000001 30.378999999999998,78.48100000000001 30.381,78.479 30.381,78.479 30.378999999999998))",Indian dam anchor + synthetic dam-break scenario,SYNTHETIC_PROTOTYPE
IN-B001-009,D001,Tehri,R001,Bhagirathi,Uttarakhand,Tehri Garhwal,30.38,78.48,EPSG:4326,Piping,Sudden,Central dam section,129.41,246.68,91545273.13,55.47,130.59,197.25,0.94,58.2,0.9531,2026-08-10 06:00:00,78134.75,30.37,66447319.41,191.62,260,26955851.91,31.7,High,Foundation Failure,"POLYGON((78.479 30.378999999999998,78.48100000000001 30.378999999999998,78.48100000000001 30.381,78.479 30.381,78.479 30.378999999999998))",Indian dam anchor + synthetic dam-break scenario,SYNTHETIC_PROTOTYPE
IN-B001-010,D001,Tehri,R001,Bhagirathi,Uttarakhand,Tehri Garhwal,30.38,78.48,EPSG:4326,Structural Failure,Progressive,Central dam section,113.8,248.85,346123591.24,73.2,146.2,98.01,0.73,173.49,0.4219,2026-08-11 06:00:00,95646.54,81.98,277755342.41,265.75,260,22491535.5,13.6,Extreme,Structural Failure,"POLYGON((78.479 30.378999999999998,78.48100000000001 30.378999999999998,78.48100000000001 30.381,78.479 30.381,78.479 30.378999999999998))",Indian dam anchor + synthetic dam-break scenario,SYNTHETIC_PROTOTYPE
IN-B001-011,D001,Tehri,R001,Bhagirathi,Uttarakhand,Tehri Garhwal,30.38,78.48,EPSG:4326,Overtopping,Sudden,Central dam section,126.67,242.68,367948608.4,69.28,133.33,87.69,1.97,51.04,1.3573,2026-08-12 06:00:00,188480.45,20.63,271339072.82,459.49,260,7350629.59,41.9,Low,Heavy Rainfall,"POLYGON((78.479 30.378999999999998,78.48100000000001 30.378999999999998,78.48100000000001 30.381,78.479 30.381,78.479 30.378999999999998))",Indian dam anchor + synthetic dam-break scenario,SYNTHETIC_PROTOTYPE
IN-B001-012,D001,Tehri,R001,Bhagirathi,Uttarakhand,Tehri Garhwal,30.38,78.48,EPSG:4326,Piping,Progressive,Central dam section,195.37,250.09,38472167.46,34.72,64.63,174.41,0.52,162.74,0.2133,2026-08-13 06:00:00,8394.44,93.51,33377387.05,139.96,260,52509488.24,45.0,Medium,Overtopping,"POLYGON((78.479 30.378999999999998,78.48100000000001 30.378999999999998,78.48100000000001 30.381,78.479 30.381,78.479 30.378999999999998))",Indian dam anchor + synthetic dam-break scenario,SYNTHETIC_PROTOTYPE
IN-B001-013,D001,Tehri,R001,Bhagirathi,Uttarakhand,Tehri Garhwal,30.38,78.48,EPSG:4326,Structural Failure,Sudden,Central dam section,191.38,254.98,451826496.21,65.64,68.62,195.94,0.69,171.07,0.3837,2026-08-14 06:00:00,91752.05,78.53,406923312.77,53.34,260,61288987.74,16.1,High,Foundation Failure,"POLYGON((78.479 30.378999999999998,78.48100000000001 30.378999999999998,78.48100000000001 30.381,78.479 30.381,78.479 30.378999999999998))",Indian dam anchor + synthetic dam-break scenario,SYNTHETIC_PROTOTYPE
IN-B001-014,D001,Tehri,R001,Bhagirathi,Uttarakhand,Tehri Garhwal,30.38,78.48,EPSG:4326,Overtopping,Progressive,Central dam section,200.55,251.09,406243106.01,61.09,59.45,153.82,1.54,90.53,0.6747,2026-08-15 06:00:00,180834.59,71.61,346489138.72,481.08,260,44519365.75,15.2,Extreme,Structural Failure,"POLYGON((78.479 30.378999999999998,78.48100000000001 30.378999999999998,78.48100000000001 30.381,78.479 30.381,78.479 30.378999999999998))",Indian dam anchor + synthetic dam-break scenario,SYNTHETIC_PROTOTYPE
IN-B002-001,D002,Sardar Sarovar,R002,Narmada,Gujarat,Narmada,21.83,73.75,EPSG:4326,Overtopping,Sudden,Central dam section,116.63,156.03,170547409.78,45.72,46.37,40.75,1.1,139.8,0.327,2026-08-02 06:00:00,70689.18,86.77,162667706.87,397.13,163,68899084.92,25.7,Extreme,Structural Failure,"POLYGON((73.749 21.828999999999997,73.751 21.828999999999997,73.751 21.831,73.749 21.831,73.749 21.828999999999997))",Indian dam anchor + synthetic dam-break scenario,SYNTHETIC_PROTOTYPE
IN-B002-002,D002,Sardar Sarovar,R002,Narmada,Gujarat,Narmada,21.83,73.75,EPSG:4326,Piping,Progressive,Central dam section,132.67,155.96,393139496.16,25.86,30.33,40.41,1.13,37.6,0.6876,2026-08-03 06:00:00,341362.42,23.66,295718104.83,96.74,163,22174432.2,41.8,Low,Heavy Rainfall,"POLYGON((73.749 21.828999999999997,73.751 21.828999999999997,73.751 21.831,73.749 21.831,73.749 21.828999999999997))",Indian dam anchor + synthetic dam-break scenario,SYNTHETIC_PROTOTYPE
IN-B002-003,D002,Sardar Sarovar,R002,Narmada,Gujarat,Narmada,21.83,73.75,EPSG:4326,Structural Failure,Sudden,Central dam section,105.32,154.52,349843277.35,72.99,57.68,77.76,0.98,70.27,1.0387,2026-08-04 06:00:00,246481.86,33.2,309080791.41,225.3,163,73387326.77,23.2,Medium,Overtopping,"POLYGON((73.749 21.828999999999997,73.751 21.828999999999997,73.751 21.831,73.749 21.831,73.749 21.828999999999997))",Indian dam anchor + synthetic dam-break scenario,SYNTHETIC_PROTOTYPE
IN-B002-004,D002,Sardar Sarovar,R002,Narmada,Gujarat,Narmada,21.83,73.75,EPSG:4326,Overtopping,Progressive,Central dam section,73.45,145.71,98043060.02,14.71,89.55,129.01,1.01,91.95,0.16,2026-08-05 06:00:00,34222.23,55.44,92829247.95,486.53,163,41306766.14,35.3,High,Foundation Failure,"POLYGON((73.749 21.828999999999997,73.751 21.828999999999997,73.751 21.831,73.749 21.831,73.749 21.828999999999997))",Indian dam anchor + synthetic dam-break scenario,SYNTHETIC_PROTOTYPE
IN-B002-005,D002,Sardar Sarovar,R002,Narmada,Gujarat,Narmada,21.83,73.75,EPSG:4326,Piping,Sudden,Central dam section,61.4,147.88,391629016.15,50.89,101.6,43.14,1.97,107.68,0.4726,2026-08-06 06:00:00,183971.74,44.59,268270674.84,85.13,163,46889663.29,24.1,Extreme,Structural Failure,"POLYGON((73.749 21.828999999999997,73.751 21.828999999999997,73.751 21.831,73.749 21.831,73.749 21.828999999999997))",Indian dam anchor + synthetic dam-break scenario,SYNTHETIC_PROTOTYPE
IN-B002-006,D002,Sardar Sarovar,R002,Narmada,Gujarat,Narmada,21.83,73.75,EPSG:4326,Structural Failure,Progressive,Central dam section,113.52,148.66,254731377.35,16.91,49.48,70.82,1.31,98.47,0.1717,2026-08-07 06:00:00,135876.36,56.97,233326954.04,101.33,163,71253833.51,34.3,Low,Heavy Rainfall,"POLYGON((73.749 21.828999999999997,73.751 21.828999999999997,73.751 21.831,73.749 21.831,73.749 21.828999999999997))",Indian dam anchor + synthetic dam-break scenario,SYNTHETIC_PROTOTYPE
IN-B002-007,D002,Sardar Sarovar,R002,Narmada,Gujarat,Narmada,21.83,73.75,EPSG:4326,Overtopping,Sudden,Central dam section,119.74,157.77,39068775.12,70.54,43.26,55.36,1.63,90.33,0.7809,2026-08-08 06:00:00,15885.88,76.28,28402969.03,472.71,163,7259821.37,9.3,Medium,Overtopping,"POLYGON((73.749 21.828999999999997,73.751 21.828999999999997,73.751 21.831,73.749 21.831,73.749 21.828999999999997))",Indian dam anchor + synthetic dam-break scenario,SYNTHETIC_PROTOTYPE
IN-B002-008,D002,Sardar Sarovar,R002,Narmada,Gujarat,Narmada,21.83,73.75,EPSG:4326,Piping,Progressive,Central dam section,132.47,158.07,388858143.14,55.58,30.53,127.53,1.85,60.24,0.9226,2026-08-09 06:00:00,252258.8,38.93,253782277.64,90.04,163,8851455.81,13.6,High,Foundation Failure,"POLYGON((73.749 21.828999999999997,73.751 21.828999999999997,73.751 21.831,73.749 21.831,73.749 21.828999999999997))",Indian dam anchor + synthetic dam-break scenario,SYNTHETIC_PROTOTYPE
IN-B002-009,D002,Sardar Sarovar,R002,Narmada,Gujarat,Narmada,21.83,73.75,EPSG:4326,Structural Failure,Sudden,Central dam section,131.79,153.34,451382391.34,29.36,31.21,118.56,1.52,126.09,0.2328,2026-08-10 06:00:00,162480.95,95.37,358859435.35,153.65,163,71053927.73,21.5,Extreme,Structural Failure,"POLYGON((73.749 21.828999999999997,73.751 21.828999999999997,73.751 21.831,73.749 21.831,73.749 21.828999999999997))",Indian dam anchor + synthetic dam-break scenario,SYNTHETIC_PROTOTYPE
IN-B002-010,D002,Sardar Sarovar,R002,Narmada,Gujarat,Narmada,21.83,73.75,EPSG:4326,Overtopping,Progressive,Central dam section,113.78,153.52,189573702.41,39.38,49.22,86.75,1.07,103.79,0.3794,2026-08-11 06:00:00,78643.43,81.95,132820270.39,363.03,163,17484772.84,45.1,Low,Heavy Rainfall,"POLYGON((73.749 21.828999999999997,73.751 21.828999999999997,73.751 21.831,73.749 21.831,73.749 21.828999999999997))",Indian dam anchor + synthetic dam-break scenario,SYNTHETIC_PROTOTYPE
IN-B002-011,D002,Sardar Sarovar,R002,Narmada,Gujarat,Narmada,21.83,73.75,EPSG:4326,Piping,Sudden,Central dam section,109.52,145.34,465769752.36,36.26,53.48,120.72,1.35,22.82,1.5891,2026-08-12 06:00:00,962571.24,15.11,315571780.2,54.48,163,55560964.41,46.2,Medium,Overtopping,"POLYGON((73.749 21.828999999999997,73.751 21.828999999999997,73.751 21.831,73.749 21.831,73.749 21.828999999999997))",Indian dam anchor + synthetic dam-break scenario,SYNTHETIC_PROTOTYPE
IN-B002-012,D002,Sardar Sarovar,R002,Narmada,Gujarat,Narmada,21.83,73.75,EPSG:4326,Structural Failure,Progressive,Central dam section,138.46,154.95,346312943.06,43.81,24.54,113.66,0.74,152.04,0.2882,2026-08-13 06:00:00,67695.59,114.9,283379565.68,298.57,163,42372762.09,45.5,High,Foundation Failure,"POLYGON((73.749 21.828999999999997,73.751 21.828999999999997,73.751 21.831,73.749 21.831,73.749 21.828999999999997))",Indian dam anchor + synthetic dam-break scenario,SYNTHETIC_PROTOTYPE
IN-B002-013,D002,Sardar Sarovar,R002,Narmada,Gujarat,Narmada,21.83,73.75,EPSG:4326,Overtopping,Sudden,Central dam section,57.94,147.72,67791785.42,60.61,105.06,61.12,0.79,176.64,0.3431,2026-08-14 06:00:00,10709.23,100.36,48973765.55,35.4,163,36156037.23,17.0,Extreme,Structural Failure,"POLYGON((73.749 21.828999999999997,73.751 21.828999999999997,73.751 21.831,73.749 21.831,73.749 21.828999999999997))",Indian dam anchor + synthetic dam-break scenario,SYNTHETIC_PROTOTYPE
IN-B002-014,D002,Sardar Sarovar,R002,Narmada,Gujarat,Narmada,21.83,73.75,EPSG:4326,Piping,Progressive,Central dam section,68.31,147.48,255352883.17,40.94,94.69,64.07,1.89,21.65,1.8912,2026-08-15 06:00:00,390852.75,16.62,201514870.69,180.09,163,6613091.31,18.0,Low,Heavy Rainfall,"POLYGON((73.749 21.828999999999997,73.751 21.828999999999997,73.751 21.831,73.749 21.831,73.749 21.828999999999997))",Indian dam anchor + synthetic dam-break scenario,SYNTHETIC_PROTOTYPE
IN-B003-001,D003,Bhakra,R003,Sutlej,Himachal Pradesh,Bilaspur,31.41,76.43,EPSG:4326,Piping,Sudden,Central dam section,182.7,211.9,376554805.1,77.94,43.3,96.25,0.99,112.61,0.6921,2026-08-02 06:00:00,116212.72,53.9,335384180.81,140.08,226,38953443.95,43.8,Low,Heavy Rainfall,"POLYGON((76.429 31.409,76.43100000000001 31.409,76.43100000000001 31.411,76.429 31.411,76.429 31.409))",Indian dam anchor + synthetic dam-break scenario,SYNTHETIC_PROTOTYPE
IN-B003-002,D003,Bhakra,R003,Sutlej,Himachal Pradesh,Bilaspur,31.41,76.43,EPSG:4326,Structural Failure,Progressive,Central dam section,85.61,216.89,319528845.53,18.62,140.39,145.52,0.64,121.45,0.1533,2026-08-03 06:00:00,148963.93,52.7,243597295.72,60.5,226,73502774.1,39.1,Medium,Overtopping,"POLYGON((76.429 31.409,76.43100000000001 31.409,76.43100000000001 31.411,76.429 31.411,76.429 31.409))",Indian dam anchor + synthetic dam-break scenario,SYNTHETIC_PROTOTYPE
IN-B003-003,D003,Bhakra,R003,Sutlej,Himachal Pradesh,Bilaspur,31.41,76.43,EPSG:4326,Overtopping,Sudden,Central dam section,145.66,218.06,250500090.06,31.33,80.34,101.53,1.67,172.48,0.1816,2026-08-04 06:00:00,61916.46,143.85,218274652.98,188.03,226,19094634.24,22.7,High,Foundation Failure,"POLYGON((76.429 31.409,76.43100000000001 31.409,76.43100000000001 31.411,76.429 31.411,76.429 31.409))",Indian dam anchor + synthetic dam-break scenario,SYNTHETIC_PROTOTYPE
IN-B003-004,D003,Bhakra,R003,Sutlej,Himachal Pradesh,Bilaspur,31.41,76.43,EPSG:4326,Piping,Progressive,Central dam section,96.77,211.18,452316683.56,66.23,129.23,175.31,1.92,159.11,0.4163,2026-08-05 06:00:00,137026.16,104.5,307600212.66,367.47,226,75929752.09,7.3,Extreme,Structural Failure,"POLYGON((76.429 31.409,76.43100000000001 31.409,76.43100000000001 31.411,76.429 31.411,76.429 31.409))",Indian dam anchor + synthetic dam-break scenario,SYNTHETIC_PROTOTYPE
IN-B003-005,D003,Bhakra,R003,Sutlej,Himachal Pradesh,Bilaspur,31.41,76.43,EPSG:4326,Structural Failure,Sudden,Central dam section,154.22,217.98,320390224.19,70.1,71.78,100.01,1.89,166.49,0.4211,2026-08-06 06:00:00,75270.55,97.28,218760926.37,215.31,226,33004405.93,43.2,Low,Heavy Rainfall,"POLYGON((76.429 31.409,76.43100000000001 31.409,76.43100000000001 31.411,76.429 31.411,76.429 31.409))",Indian dam anchor + synthetic dam-break scenario,SYNTHETIC_PROTOTYPE
IN-B003-006,D003,Bhakra,R003,Sutlej,Himachal Pradesh,Bilaspur,31.41,76.43,EPSG:4326,Overtopping,Progressive,Central dam section,155.56,216.67,270585482.61,45.79,70.44,100.39,0.54,129.02,0.3549,2026-08-07 06:00:00,102083.42,60.2,240628451.64,454.52,226,69495145.76,35.7,Medium,Overtopping,"POLYGON((76.429 31.409,76.43100000000001 31.409,76.43100000000001 31.411,76.429 31.411,76.429 31.409))",Indian dam anchor + synthetic dam-break scenario,SYNTHETIC_PROTOTYPE
IN-B003-007,D003,Bhakra,R003,Sutlej,Himachal Pradesh,Bilaspur,31.41,76.43,EPSG:4326,Piping,Sudden,Central dam section,86.08,210.2,442474959.2,100.18,139.92,139.27,1.78,120.62,0.8306,2026-08-08 06:00:00,125217.17,83.72,287635938.05,106.58,226,62588254.91,20.4,High,Foundation Failure,"POLYGON((76.429 31.409,76.43100000000001 31.409,76.43100000000001 31.411,76.429 31.411,76.429 31.409))",Indian dam anchor + synthetic dam-break scenario,SYNTHETIC_PROTOTYPE
IN-B003-008,D003,Bhakra,R003,Sutlej,Himachal Pradesh,Bilaspur,31.41,76.43,EPSG:4326,Structural Failure,Progressive,Central dam section,117.19,221.6,422138187.46,88.58,108.81,178.99,0.83,141.04,0.628,2026-08-09 06:00:00,141067.18,92.86,296727724.47,192.79,226,59838289.84,25.0,Extreme,Structural Failure,"POLYGON((76.429 31.409,76.43100000000001 31.409,76.43100000000001 31.411,76.429 31.411,76.429 31.409))",Indian dam anchor + synthetic dam-break scenario,SYNTHETIC_PROTOTYPE
IN-B003-009,D003,Bhakra,R003,Sutlej,Himachal Pradesh,Bilaspur,31.41,76.43,EPSG:4326,Overtopping,Sudden,Central dam section,80.31,216.81,171743760.18,73.39,145.69,140.33,1.85,30.19,2.431,2026-08-10 06:00:00,232950.72,17.25,153654304.0,239.46,226,67179770.49,15.9,Low,Heavy Rainfall,"POLYGON((76.429 31.409,76.43100000000001 31.409,76.43100000000001 31.411,76.429 31.411,76.429 31.409))",Indian dam anchor + synthetic dam-break scenario,SYNTHETIC_PROTOTYPE
IN-B003-010,D003,Bhakra,R003,Sutlej,Himachal Pradesh,Bilaspur,31.41,76.43,EPSG:4326,Piping,Progressive,Central dam section,113.57,218.55,493964369.66,61.85,112.43,96.28,1.44,107.98,0.5728,2026-08-11 06:00:00,219166.86,93.65,392910171.29,490.82,226,8111103.09,47.5,Medium,Overtopping,"POLYGON((76.429 31.409,76.43100000000001 31.409,76.43100000000001 31.411,76.429 31.411,76.429 31.409))",Indian dam anchor + synthetic dam-break scenario,SYNTHETIC_PROTOTYPE
IN-B003-011,D003,Bhakra,R003,Sutlej,Himachal Pradesh,Bilaspur,31.41,76.43,EPSG:4326,Structural Failure,Sudden,Central dam section,120.01,208.26,132906402.97,78.26,105.99,93.54,0.59,48.51,1.6133,2026-08-12 06:00:00,148872.99,38.84,124528366.48,130.01,226,78179300.93,21.6,High,Foundation Failure,"POLYGON((76.429 31.409,76.43100000000001 31.409,76.43100000000001 31.411,76.429 31.411,76.429 31.409))",Indian dam anchor + synthetic dam-break scenario,SYNTHETIC_PROTOTYPE
IN-B003-012,D003,Bhakra,R003,Sutlej,Himachal Pradesh,Bilaspur,31.41,76.43,EPSG:4326,Overtopping,Progressive,Central dam section,139.96,212.61,85324175.2,31.32,86.04,177.05,0.73,33.73,0.9287,2026-08-13 06:00:00,121039.51,29.4,81188058.48,492.36,226,70394828.77,22.2,Extreme,Structural Failure,"POLYGON((76.429 31.409,76.43100000000001 31.409,76.43100000000001 31.411,76.429 31.411,76.429 31.409))",Indian dam anchor + synthetic dam-break scenario,SYNTHETIC_PROTOTYPE
IN-B003-013,D003,Bhakra,R003,Sutlej,Himachal Pradesh,Bilaspur,31.41,76.43,EPSG:4326,Piping,Sudden,Central dam section,153.08,208.6,220569778.85,57.03,72.92,111.94,1.9,54.25,1.0512,2026-08-14 06:00:00,147175.16,31.13,174050404.63,317.68,226,58713967.53,23.9,Low,Heavy Rainfall,"POLYGON((76.429 31.409,76.43100000000001 31.409,76.43100000000001 31.411,76.429 31.411,76.429 31.409))",Indian dam anchor + synthetic dam-break scenario,SYNTHETIC_PROTOTYPE
IN-B003-014,D003,Bhakra,R003,Sutlej,Himachal Pradesh,Bilaspur,31.41,76.43,EPSG:4326,Structural Failure,Progressive,Central dam section,114.8,213.36,326669612.62,36.67,111.2,68.27,1.09,117.12,0.3131,2026-08-15 06:00:00,102458.31,62.36,297429833.53,360.96,226,55623568.03,46.8,Medium,Overtopping,"POLYGON((76.429 31.409,76.43100000000001 31.409,76.43100000000001 31.411,76.429 31.411,76.429 31.409))",Indian dam anchor + synthetic dam-break scenario,SYNTHETIC_PROTOTYPE
IN-B004-001,D004,Hirakud,R004,Mahanadi,Odisha,Sambalpur,21.53,83.87,EPSG:4326,Structural Failure,Sudden,Central dam section,37.45,49.94,87219319.66,24.9,23.55,39.94,0.83,121.27,0.2053,2026-08-02 06:00:00,29815.48,97.53,77971243.15,97.75,61,8135953.07,10.6,Medium,Overtopping,"POLYGON((83.869 21.529,83.87100000000001 21.529,83.87100000000001 21.531000000000002,83.869 21.531000000000002,83.869 21.529))",Indian dam anchor + synthetic dam-break scenario,SYNTHETIC_PROTOTYPE
IN-B004-002,D004,Hirakud,R004,Mahanadi,Odisha,Sambalpur,21.53,83.87,EPSG:4326,Overtopping,Progressive,Central dam section,20.26,47.38,270846411.73,22.57,40.74,22.8,1.25,33.03,0.6833,2026-08-03 06:00:00,370601.85,26.58,228327858.71,403.08,61,52962993.34,34.8,High,Foundation Failure,"POLYGON((83.869 21.529,83.87100000000001 21.529,83.87100000000001 21.531000000000002,83.869 21.531000000000002,83.869 21.529))",Indian dam anchor + synthetic dam-break scenario,SYNTHETIC_PROTOTYPE
IN-B004-003,D004,Hirakud,R004,Mahanadi,Odisha,Sambalpur,21.53,83.87,EPSG:4326,Piping,Sudden,Central dam section,32.45,57.67,37845540.31,21.5,28.55,25.37,1.7,80.38,0.2675,2026-08-04 06:00:00,19065.1,60.58,29406497.13,244.97,61,67211022.98,39.1,Extreme,Structural Failure,"POLYGON((83.869 21.529,83.87100000000001 21.529,83.87100000000001 21.531000000000002,83.869 21.531000000000002,83.869 21.529))",Indian dam anchor + synthetic dam-break scenario,SYNTHETIC_PROTOTYPE
IN-B004-004,D004,Hirakud,R004,Mahanadi,Odisha,Sambalpur,21.53,83.87,EPSG:4326,Structural Failure,Progressive,Central dam section,23.36,43.45,57444347.26,18.65,37.64,48.04,0.64,117.79,0.1584,2026-08-05 06:00:00,24804.65,60.17,43768349.17,67.18,61,57561063.27,20.7,Low,Heavy Rainfall,"POLYGON((83.869 21.529,83.87100000000001 21.529,83.87100000000001 21.531000000000002,83.869 21.531000000000002,83.869 21.529))",Indian dam anchor + synthetic dam-break scenario,SYNTHETIC_PROTOTYPE
IN-B004-005,D004,Hirakud,R004,Mahanadi,Odisha,Sambalpur,21.53,83.87,EPSG:4326,Overtopping,Sudden,Central dam section,44.65,43.73,142131750.92,8.69,16.35,13.11,0.57,173.49,0.0501,2026-08-06 06:00:00,39577.65,99.72,124104875.58,121.56,61,27792764.2,11.5,Medium,Overtopping,"POLYGON((83.869 21.529,83.87100000000001 21.529,83.87100000000001 21.531000000000002,83.869 21.531000000000002,83.869 21.529))",Indian dam anchor + synthetic dam-break scenario,SYNTHETIC_PROTOTYPE
IN-B004-006,D004,Hirakud,R004,Mahanadi,Odisha,Sambalpur,21.53,83.87,EPSG:4326,Piping,Progressive,Central dam section,51.64,51.66,156759921.16,8.3,9.36,24.59,0.54,85.25,0.0973,2026-08-07 06:00:00,78565.54,51.39,133599658.43,384.4,61,79425448.86,24.5,High,Foundation Failure,"POLYGON((83.869 21.529,83.87100000000001 21.529,83.87100000000001 21.531000000000002,83.869 21.531000000000002,83.869 21.529))",Indian dam anchor + synthetic dam-break scenario,SYNTHETIC_PROTOTYPE
IN-B004-007,D004,Hirakud,R004,Mahanadi,Odisha,Sambalpur,21.53,83.87,EPSG:4326,Structural Failure,Sudden,Central dam section,21.11,54.64,400677206.04,26.1,39.89,17.29,1.96,97.64,0.2673,2026-08-08 06:00:00,203153.83,41.95,317697544.32,188.62,61,52798570.26,28.3,Extreme,Structural Failure,"POLYGON((83.869 21.529,83.87100000000001 21.529,83.87100000000001 21.531000000000002,83.869 21.531000000000002,83.869 21.529))",Indian dam anchor + synthetic dam-break scenario,SYNTHETIC_PROTOTYPE
IN-B004-008,D004,Hirakud,R004,Mahanadi,Odisha,Sambalpur,21.53,83.87,EPSG:4326,Overtopping,Progressive,Central dam section,47.08,52.1,129726530.64,17.75,13.92,46.65,1.07,68.62,0.2587,2026-08-09 06:00:00,66377.62,36.39,103736406.57,418.21,61,67649624.53,31.7,Low,Heavy Rainfall,"POLYGON((83.869 21.529,83.87100000000001 21.529,83.87100000000001 21.531000000000002,83.869 21.531000000000002,83.869 21.529))",Indian dam anchor + synthetic dam-break scenario,SYNTHETIC_PROTOTYPE
IN-B004-009,D004,Hirakud,R004,Mahanadi,Odisha,Sambalpur,21.53,83.87,EPSG:4326,Piping,Sudden,Central dam section,31.64,56.47,249760249.76,17.35,29.36,30.66,0.69,26.72,0.6496,2026-08-10 06:00:00,256735.08,19.04,240280025.45,27.03,61,48582888.47,25.0,Medium,Overtopping,"POLYGON((83.869 21.529,83.87100000000001 21.529,83.87100000000001 21.531000000000002,83.869 21.531000000000002,83.869 21.529))",Indian dam anchor + synthetic dam-break scenario,SYNTHETIC_PROTOTYPE
IN-B004-010,D004,Hirakud,R004,Mahanadi,Odisha,Sambalpur,21.53,83.87,EPSG:4326,Structural Failure,Progressive,Central dam section,25.67,48.04,363442128.97,5.77,35.33,37.99,1.37,169.17,0.0341,2026-08-11 06:00:00,79499.72,120.15,250210580.24,107.62,61,19650798.59,31.6,High,Foundation Failure,"POLYGON((83.869 21.529,83.87100000000001 21.529,83.87100000000001 21.531000000000002,83.869 21.531000000000002,83.869 21.529))",Indian dam anchor + synthetic dam-break scenario,SYNTHETIC_PROTOTYPE
IN-B004-011,D004,Hirakud,R004,Mahanadi,Odisha,Sambalpur,21.53,83.87,EPSG:4326,Overtopping,Sudden,Central dam section,41.02,55.91,399105104.93,17.13,19.98,41.11,1.2,129.15,0.1327,2026-08-12 06:00:00,109143.23,63.4,312532217.06,122.51,61,58936153.6,30.7,Extreme,Structural Failure,"POLYGON((83.869 21.529,83.87100000000001 21.529,83.87100000000001 21.531000000000002,83.869 21.531000000000002,83.869 21.529))",Indian dam anchor + synthetic dam-break scenario,SYNTHETIC_PROTOTYPE
IN-B004-012,D004,Hirakud,R004,Mahanadi,Odisha,Sambalpur,21.53,83.87,EPSG:4326,Piping,Progressive,Central dam section,46.55,50.86,382614017.16,24.77,14.45,33.23,1.54,92.89,0.2667,2026-08-13 06:00:00,159906.36,50.1,264744054.64,398.5,61,42542656.94,16.4,Low,Heavy Rainfall,"POLYGON((83.869 21.529,83.87100000000001 21.529,83.87100000000001 21.531000000000002,83.869 21.531000000000002,83.869 21.529))",Indian dam anchor + synthetic dam-break scenario,SYNTHETIC_PROTOTYPE
IN-B004-013,D004,Hirakud,R004,Mahanadi,Odisha,Sambalpur,21.53,83.87,EPSG:4326,Structural Failure,Sudden,Central dam section,30.62,43.14,108529157.23,15.08,30.38,21.24,1.1,44.8,0.3365,2026-08-14 06:00:00,87549.01,37.21,80508790.43,118.59,61,11007950.1,37.9,Medium,Overtopping,"POLYGON((83.869 21.529,83.87100000000001 21.529,83.87100000000001 21.531000000000002,83.869 21.531000000000002,83.869 21.529))",Indian dam anchor + synthetic dam-break scenario,SYNTHETIC_PROTOTYPE
IN-B004-014,D004,Hirakud,R004,Mahanadi,Odisha,Sambalpur,21.53,83.87,EPSG:4326,Overtopping,Progressive,Central dam section,48.69,44.15,289944252.43,17.64,12.31,28.85,1.38,178.09,0.099,2026-08-15 06:00:00,53464.12,116.89,281273016.5,17.37,61,25596373.2,22.9,High,Foundation Failure,"POLYGON((83.869 21.529,83.87100000000001 21.529,83.87100000000001 21.531000000000002,83.869 21.531000000000002,83.869 21.529))",Indian dam anchor + synthetic dam-break scenario,SYNTHETIC_PROTOTYPE
IN-B005-001,D005,Nagarjuna Sagar,R005,Krishna,Telangana,Nalgonda,16.58,79.31,EPSG:4326,Overtopping,Sudden,Central dam section,54.31,112.72,159321751.78,43.43,69.69,79.42,1.14,108.87,0.3989,2026-08-02 06:00:00,78971.58,63.01,145363788.83,365.12,124,26165571.22,7.0,High,Foundation Failure,"POLYGON((79.309 16.578999999999997,79.311 16.578999999999997,79.311 16.581,79.309 16.581,79.309 16.578999999999997))",Indian dam anchor + synthetic dam-break scenario,SYNTHETIC_PROTOTYPE
IN-B005-002,D005,Nagarjuna Sagar,R005,Krishna,Telangana,Nalgonda,16.58,79.31,EPSG:4326,Piping,Progressive,Central dam section,47.37,112.14,128169739.39,10.3,76.63,36.04,1.13,114.4,0.0901,2026-08-03 06:00:00,44648.34,74.52,119558951.05,458.83,124,7839033.72,24.0,Extreme,Structural Failure,"POLYGON((79.309 16.578999999999997,79.311 16.578999999999997,79.311 16.581,79.309 16.581,79.309 16.578999999999997))",Indian dam anchor + synthetic dam-break scenario,SYNTHETIC_PROTOTYPE
IN-B005-003,D005,Nagarjuna Sagar,R005,Krishna,Telangana,Nalgonda,16.58,79.31,EPSG:4326,Structural Failure,Sudden,Central dam section,51.67,110.4,324905250.21,23.43,72.33,50.53,1.15,95.04,0.2466,2026-08-04 06:00:00,170178.45,63.74,240367354.9,390.78,124,69436913.86,18.7,Low,Heavy Rainfall,"POLYGON((79.309 16.578999999999997,79.311 16.578999999999997,79.311 16.581,79.309 16.581,79.309 16.578999999999997))",Indian dam anchor + synthetic dam-break scenario,SYNTHETIC_PROTOTYPE
IN-B005-004,D005,Nagarjuna Sagar,R005,Krishna,Telangana,Nalgonda,16.58,79.31,EPSG:4326,Overtopping,Progressive,Central dam section,98.27,111.55,397406739.33,32.76,25.73,33.11,2.0,38.86,0.8429,2026-08-05 06:00:00,299676.25,22.42,375471370.69,499.81,124,67443695.34,22.0,Medium,Overtopping,"POLYGON((79.309 16.578999999999997,79.311 16.578999999999997,79.311 16.581,79.309 16.581,79.309 16.578999999999997))",Indian dam anchor + synthetic dam-break scenario,SYNTHETIC_PROTOTYPE
IN-B005-005,D005,Nagarjuna Sagar,R005,Krishna,Telangana,Nalgonda,16.58,79.31,EPSG:4326,Piping,Sudden,Central dam section,70.76,107.97,90168354.33,11.03,53.24,61.1,0.89,15.58,0.7078,2026-08-06 06:00:00,265635.68,9.46,72591183.94,297.96,124,42042028.81,21.3,High,Foundation Failure,"POLYGON((79.309 16.578999999999997,79.311 16.578999999999997,79.311 16.581,79.309 16.581,79.309 16.578999999999997))",Indian dam anchor + synthetic dam-break scenario,SYNTHETIC_PROTOTYPE
IN-B005-006,D005,Nagarjuna Sagar,R005,Krishna,Telangana,Nalgonda,16.58,79.31,EPSG:4326,Structural Failure,Progressive,Central dam section,96.77,110.98,58580972.85,11.78,27.23,71.22,0.85,114.99,0.1024,2026-08-07 06:00:00,16977.58,92.84,52765903.93,378.3,124,77780324.18,44.5,Extreme,Structural Failure,"POLYGON((79.309 16.578999999999997,79.311 16.578999999999997,79.311 16.581,79.309 16.581,79.309 16.578999999999997))",Indian dam anchor + synthetic dam-break scenario,SYNTHETIC_PROTOTYPE
IN-B005-007,D005,Nagarjuna Sagar,R005,Krishna,Telangana,Nalgonda,16.58,79.31,EPSG:4326,Overtopping,Sudden,Central dam section,70.7,109.49,106482068.55,39.47,53.3,85.63,1.23,105.69,0.3734,2026-08-08 06:00:00,42413.96,67.89,87468213.94,310.86,124,48828032.09,46.0,Low,Heavy Rainfall,"POLYGON((79.309 16.578999999999997,79.311 16.578999999999997,79.311 16.581,79.309 16.581,79.309 16.578999999999997))",Indian dam anchor + synthetic dam-break scenario,SYNTHETIC_PROTOTYPE
IN-B005-008,D005,Nagarjuna Sagar,R005,Krishna,Telangana,Nalgonda,16.58,79.31,EPSG:4326,Piping,Progressive,Central dam section,95.58,116.79,106128373.51,19.99,28.42,79.07,1.11,55.17,0.3624,2026-08-09 06:00:00,78705.56,48.97,92629988.86,296.59,124,46610081.72,18.0,Medium,Overtopping,"POLYGON((79.309 16.578999999999997,79.311 16.578999999999997,79.311 16.581,79.309 16.581,79.309 16.578999999999997))",Indian dam anchor + synthetic dam-break scenario,SYNTHETIC_PROTOTYPE
IN-B005-009,D005,Nagarjuna Sagar,R005,Krishna,Telangana,Nalgonda,16.58,79.31,EPSG:4326,Structural Failure,Sudden,Central dam section,97.46,113.52,123870917.03,50.62,26.54,79.53,0.79,35.46,1.4276,2026-08-10 06:00:00,151810.45,23.1,81787753.49,130.92,124,59096197.79,27.8,High,Foundation Failure,"POLYGON((79.309 16.578999999999997,79.311 16.578999999999997,79.311 16.581,79.309 16.581,79.309 16.578999999999997))",Indian dam anchor + synthetic dam-break scenario,SYNTHETIC_PROTOTYPE
IN-B005-010,D005,Nagarjuna Sagar,R005,Krishna,Telangana,Nalgonda,16.58,79.31,EPSG:4326,Overtopping,Progressive,Central dam section,61.99,107.65,170317630.97,32.64,62.01,63.88,0.78,58.41,0.5588,2026-08-11 06:00:00,74674.49,35.31,111255055.13,277.4,124,76308815.93,29.5,Extreme,Structural Failure,"POLYGON((79.309 16.578999999999997,79.311 16.578999999999997,79.311 16.581,79.309 16.581,79.309 16.578999999999997))",Indian dam anchor + synthetic dam-break scenario,SYNTHETIC_PROTOTYPE
IN-B005-011,D005,Nagarjuna Sagar,R005,Krishna,Telangana,Nalgonda,16.58,79.31,EPSG:4326,Piping,Sudden,Central dam section,101.02,111.38,292392503.42,19.42,22.98,65.02,1.08,128.1,0.1516,2026-08-12 06:00:00,85055.57,106.48,194719349.94,156.42,124,23692383.89,47.2,Low,Heavy Rainfall,"POLYGON((79.309 16.578999999999997,79.311 16.578999999999997,79.311 16.581,79.309 16.581,79.309 16.578999999999997))",Indian dam anchor + synthetic dam-break scenario,SYNTHETIC_PROTOTYPE
IN-B005-012,D005,Nagarjuna Sagar,R005,Krishna,Telangana,Nalgonda,16.58,79.31,EPSG:4326,Structural Failure,Progressive,Central dam section,93.04,115.22,181835172.53,32.94,30.96,87.89,1.17,76.67,0.4297,2026-08-13 06:00:00,71171.7,51.72,145365599.92,196.84,124,19145851.87,42.1,Medium,Overtopping,"POLYGON((79.309 16.578999999999997,79.311 16.578999999999997,79.311 16.581,79.309 16.581,79.309 16.578999999999997))",Indian dam anchor + synthetic dam-break scenario,SYNTHETIC_PROTOTYPE
IN-B005-013,D005,Nagarjuna Sagar,R005,Krishna,Telangana,Nalgonda,16.58,79.31,EPSG:4326,Overtopping,Sudden,Central dam section,67.02,118.59,81129007.28,49.52,56.98,77.64,1.39,165.31,0.2995,2026-08-14 06:00:00,15513.73,72.19,72380337.16,34.45,124,3026546.03,46.6,High,Foundation Failure,"POLYGON((79.309 16.578999999999997,79.311 16.578999999999997,79.311 16.581,79.309 16.581,79.309 16.578999999999997))",Indian dam anchor + synthetic dam-break scenario,SYNTHETIC_PROTOTYPE
IN-B005-014,D005,Nagarjuna Sagar,R005,Krishna,Telangana,Nalgonda,16.58,79.31,EPSG:4326,Piping,Progressive,Central dam section,67.25,106.87,287412318.66,26.13,56.75,60.73,0.56,121.79,0.2145,2026-08-15 06:00:00,84379.79,87.98,226702543.87,478.13,124,47231099.38,32.6,Extreme,Structural Failure,"POLYGON((79.309 16.578999999999997,79.311 16.578999999999997,79.311 16.581,79.309 16.581,79.309 16.578999999999997))",Indian dam anchor + synthetic dam-break scenario,SYNTHETIC_PROTOTYPE
IN-B006-001,D006,Tungabhadra,R006,Tungabhadra,Karnataka,Vijayanagara,15.27,76.34,EPSG:4326,Piping,Sudden,Central dam section,27.02,35.76,134643826.12,15.55,21.98,21.21,1.85,91.07,0.1707,2026-08-02 06:00:00,45958.92,67.52,126232468.6,189.99,49,46493491.56,31.4,Extreme,Structural Failure,"POLYGON((76.339 15.269,76.34100000000001 15.269,76.34100000000001 15.270999999999999,76.339 15.270999999999999,76.339 15.269))",Indian dam anchor + synthetic dam-break scenario,SYNTHETIC_PROTOTYPE
IN-B006-002,D006,Tungabhadra,R006,Tungabhadra,Karnataka,Vijayanagara,15.27,76.34,EPSG:4326,Structural Failure,Progressive,Central dam section,18.0,40.42,312641367.05,20.14,31.0,17.45,1.11,174.81,0.1152,2026-08-03 06:00:00,103921.9,126.03,305181947.81,318.35,49,52951893.66,39.1,Low,Heavy Rainfall,"POLYGON((76.339 15.269,76.34100000000001 15.269,76.34100000000001 15.270999999999999,76.339 15.270999999999999,76.339 15.269))",Indian dam anchor + synthetic dam-break scenario,SYNTHETIC_PROTOTYPE
IN-B006-003,D006,Tungabhadra,R006,Tungabhadra,Karnataka,Vijayanagara,15.27,76.34,EPSG:4326,Overtopping,Sudden,Central dam section,16.1,45.08,58264698.5,18.2,32.9,28.88,1.73,56.43,0.3226,2026-08-04 06:00:00,58937.15,39.31,55176121.24,436.36,49,29406522.52,40.0,Medium,Overtopping,"POLYGON((76.339 15.269,76.34100000000001 15.269,76.34100000000001 15.270999999999999,76.339 15.270999999999999,76.339 15.269))",Indian dam anchor + synthetic dam-break scenario,SYNTHETIC_PROTOTYPE
IN-B006-004,D006,Tungabhadra,R006,Tungabhadra,Karnataka,Vijayanagara,15.27,76.34,EPSG:4326,Piping,Progressive,Central dam section,15.14,43.27,286565427.15,7.53,33.86,19.09,1.33,61.13,0.1232,2026-08-05 06:00:00,258027.94,25.64,191311680.46,263.96,49,71305569.52,30.5,High,Foundation Failure,"POLYGON((76.339 15.269,76.34100000000001 15.269,76.34100000000001 15.270999999999999,76.339 15.270999999999999,76.339 15.269))",Indian dam anchor + synthetic dam-break scenario,SYNTHETIC_PROTOTYPE
IN-B006-005,D006,Tungabhadra,R006,Tungabhadra,Karnataka,Vijayanagara,15.27,76.34,EPSG:4326,Structural Failure,Sudden,Central dam section,19.1,45.94,221040642.42,17.45,29.9,13.67,1.68,85.78,0.2035,2026-08-06 06:00:00,138161.58,48.66,195676538.61,359.14,49,39822763.91,10.4,Extreme,Structural Failure,"POLYGON((76.339 15.269,76.34100000000001 15.269,76.34100000000001 15.270999999999999,76.339 15.270999999999999,76.339 15.269))",Indian dam anchor + synthetic dam-break scenario,SYNTHETIC_PROTOTYPE
IN-B006-006,D006,Tungabhadra,R006,Tungabhadra,Karnataka,Vijayanagara,15.27,76.34,EPSG:4326,Overtopping,Progressive,Central dam section,26.22,34.43,73495995.62,20.71,22.78,15.05,1.92,126.2,0.1641,2026-08-07 06:00:00,22810.3,87.54,66807335.51,84.21,49,22100038.78,46.5,Low,Heavy Rainfall,"POLYGON((76.339 15.269,76.34100000000001 15.269,76.34100000000001 15.270999999999999,76.339 15.270999999999999,76.339 15.269))",Indian dam anchor + synthetic dam-break scenario,SYNTHETIC_PROTOTYPE
IN-B006-007,D006,Tungabhadra,R006,Tungabhadra,Karnataka,Vijayanagara,15.27,76.34,EPSG:4326,Piping,Sudden,Central dam section,17.55,45.79,453119685.12,5.38,31.45,11.67,1.31,113.08,0.0476,2026-08-08 06:00:00,171597.27,67.2,398791598.18,336.9,49,48532650.0,25.4,Medium,Overtopping,"POLYGON((76.339 15.269,76.34100000000001 15.269,76.34100000000001 15.270999999999999,76.339 15.270999999999999,76.339 15.269))",Indian dam anchor + synthetic dam-break scenario,SYNTHETIC_PROTOTYPE
IN-B006-008,D006,Tungabhadra,R006,Tungabhadra,Karnataka,Vijayanagara,15.27,76.34,EPSG:4326,Structural Failure,Progressive,Central dam section,26.03,39.09,47631251.63,7.36,22.97,37.41,0.8,64.35,0.1143,2026-08-09 06:00:00,20610.4,46.01,35242772.89,475.41,49,33879918.73,32.2,High,Foundation Failure,"POLYGON((76.339 15.269,76.34100000000001 15.269,76.34100000000001 15.270999999999999,76.339 15.270999999999999,76.339 15.269))",Indian dam anchor + synthetic dam-break scenario,SYNTHETIC_PROTOTYPE
IN-B006-009,D006,Tungabhadra,R006,Tungabhadra,Karnataka,Vijayanagara,15.27,76.34,EPSG:4326,Overtopping,Sudden,Central dam section,28.26,31.06,64196481.29,14.17,20.74,21.55,0.88,88.61,0.1599,2026-08-10 06:00:00,41442.4,70.8,46620028.16,201.8,49,57289456.21,44.8,Extreme,Structural Failure,"POLYGON((76.339 15.269,76.34100000000001 15.269,76.34100000000001 15.270999999999999,76.339 15.270999999999999,76.339 15.269))",Indian dam anchor + synthetic dam-break scenario,SYNTHETIC_PROTOTYPE
IN-B006-010,D006,Tungabhadra,R006,Tungabhadra,Karnataka,Vijayanagara,15.27,76.34,EPSG:4326,Piping,Progressive,Central dam section,25.22,31.89,470743300.3,11.83,23.78,20.02,1.97,49.56,0.2387,2026-08-11 06:00:00,546499.36,42.2,393085567.36,161.5,49,31934694.48,18.3,Low,Heavy Rainfall,"POLYGON((76.339 15.269,76.34100000000001 15.269,76.34100000000001 15.270999999999999,76.339 15.270999999999999,76.339 15.269))",Indian dam anchor + synthetic dam-break scenario,SYNTHETIC_PROTOTYPE
IN-B006-011,D006,Tungabhadra,R006,Tungabhadra,Karnataka,Vijayanagara,15.27,76.34,EPSG:4326,Structural Failure,Sudden,Central dam section,21.0,35.3,151558505.47,9.68,28.0,37.43,1.3,109.04,0.0888,2026-08-12 06:00:00,76212.44,79.73,141726257.93,164.95,49,15860284.06,29.4,Medium,Overtopping,"POLYGON((76.339 15.269,76.34100000000001 15.269,76.34100000000001 15.270999999999999,76.339 15.270999999999999,76.339 15.269))",Indian dam anchor + synthetic dam-break scenario,SYNTHETIC_PROTOTYPE
IN-B006-012,D006,Tungabhadra,R006,Tungabhadra,Karnataka,Vijayanagara,15.27,76.34,EPSG:4326,Overtopping,Progressive,Central dam section,18.52,41.87,70936108.83,18.74,30.48,11.27,0.68,145.78,0.1286,2026-08-13 06:00:00,16979.57,85.53,57458405.45,462.21,49,70116666.99,37.6,High,Foundation Failure,"POLYGON((76.339 15.269,76.34100000000001 15.269,76.34100000000001 15.270999999999999,76.339 15.270999999999999,76.339 15.269))",Indian dam anchor + synthetic dam-break scenario,SYNTHETIC_PROTOTYPE
IN-B006-013,D006,Tungabhadra,R006,Tungabhadra,Karnataka,Vijayanagara,15.27,76.34,EPSG:4326,Piping,Sudden,Central dam section,29.52,32.28,458657062.03,5.69,19.48,19.52,1.62,176.35,0.0323,2026-08-14 06:00:00,137700.6,133.21,377882807.5,295.32,49,38940590.51,27.2,Extreme,Structural Failure,"POLYGON((76.339 15.269,76.34100000000001 15.269,76.34100000000001 15.270999999999999,76.339 15.270999999999999,76.339 15.269))",Indian dam anchor + synthetic dam-break scenario,SYNTHETIC_PROTOTYPE
IN-B006-014,D006,Tungabhadra,R006,Tungabhadra,Karnataka,Vijayanagara,15.27,76.34,EPSG:4326,Structural Failure,Progressive,Central dam section,35.09,39.0,232785777.31,6.84,13.91,16.68,0.75,71.25,0.096,2026-08-15 06:00:00,181479.11,43.92,170544931.64,484.97,49,40963639.64,31.1,Low,Heavy Rainfall,"POLYGON((76.339 15.269,76.34100000000001 15.269,76.34100000000001 15.270999999999999,76.339 15.270999999999999,76.339 15.269))",Indian dam anchor + synthetic dam-break scenario,SYNTHETIC_PROTOTYPE
IN-B007-001,D007,Krishna Raja Sagara,R007,Cauvery,Karnataka,Mandya,12.42,76.57,EPSG:4326,Structural Failure,Sudden,Central dam section,18.39,24.38,216315452.72,16.99,20.61,19.78,0.8,75.22,0.2258,2026-08-02 06:00:00,144454.58,30.98,163082478.89,362.2,39,79479497.79,14.6,Low,Heavy Rainfall,"POLYGON((76.56899999999999 12.419,76.571 12.419,76.571 12.421,76.56899999999999 12.421,76.56899999999999 12.419))",Indian dam anchor + synthetic dam-break scenario,SYNTHETIC_PROTOTYPE
IN-B007-002,D007,Krishna Raja Sagara,R007,Cauvery,Karnataka,Mandya,12.42,76.57,EPSG:4326,Overtopping,Progressive,Central dam section,20.23,27.76,285733317.64,14.86,18.77,18.85,1.44,166.06,0.0895,2026-08-03 06:00:00,45192.52,130.88,240739315.18,405.17,39,47505940.46,35.5,Medium,Overtopping,"POLYGON((76.56899999999999 12.419,76.571 12.419,76.571 12.421,76.56899999999999 12.421,76.56899999999999 12.419))",Indian dam anchor + synthetic dam-break scenario,SYNTHETIC_PROTOTYPE
IN-B007-003,D007,Krishna Raja Sagara,R007,Cauvery,Karnataka,Mandya,12.42,76.57,EPSG:4326,Piping,Sudden,Central dam section,29.89,27.78,105247577.99,7.19,9.11,21.02,0.76,135.91,0.0529,2026-08-04 06:00:00,40185.35,82.57,98317272.8,109.85,39,24966623.94,46.2,High,Foundation Failure,"POLYGON((76.56899999999999 12.419,76.571 12.419,76.571 12.421,76.56899999999999 12.421,76.56899999999999 12.419))",Indian dam anchor + synthetic dam-break scenario,SYNTHETIC_PROTOTYPE
IN-B007-004,D007,Krishna Raja Sagara,R007,Cauvery,Karnataka,Mandya,12.42,76.57,EPSG:4326,Structural Failure,Progressive,Central dam section,27.51,22.98,142724124.14,10.29,11.49,7.93,0.57,98.69,0.1043,2026-08-05 06:00:00,65367.72,39.63,118903096.01,64.19,39,78208418.57,33.1,Extreme,Structural Failure,"POLYGON((76.56899999999999 12.419,76.571 12.419,76.571 12.421,76.56899999999999 12.421,76.56899999999999 12.419))",Indian dam anchor + synthetic dam-break scenario,SYNTHETIC_PROTOTYPE
IN-B007-005,D007,Krishna Raja Sagara,R007,Cauvery,Karnataka,Mandya,12.42,76.57,EPSG:4326,Overtopping,Sudden,Central dam section,23.75,21.5,287464929.03,10.22,15.25,10.13,0.8,133.89,0.0764,2026-08-06 06:00:00,94235.29,67.05,188726646.58,357.3,39,62882182.74,31.4,Low,Heavy Rainfall,"POLYGON((76.56899999999999 12.419,76.571 12.419,76.571 12.421,76.56899999999999 12.421,76.56899999999999 12.419))",Indian dam anchor + synthetic dam-break scenario,SYNTHETIC_PROTOTYPE
IN-B007-006,D007,Krishna Raja Sagara,R007,Cauvery,Karnataka,Mandya,12.42,76.57,EPSG:4326,Piping,Progressive,Central dam section,31.17,23.83,331102437.23,4.4,7.83,15.7,1.12,125.88,0.0349,2026-08-07 06:00:00,73270.16,57.48,257263040.2,450.22,39,66438363.96,32.5,Medium,Overtopping,"POLYGON((76.56899999999999 12.419,76.571 12.419,76.571 12.421,76.56899999999999 12.421,76.56899999999999 12.419))",Indian dam anchor + synthetic dam-break scenario,SYNTHETIC_PROTOTYPE
IN-B007-007,D007,Krishna Raja Sagara,R007,Cauvery,Karnataka,Mandya,12.42,76.57,EPSG:4326,Structural Failure,Sudden,Central dam section,30.96,34.76,441533017.68,6.16,8.04,27.66,1.9,97.91,0.0629,2026-08-08 06:00:00,194444.58,40.99,321078188.17,172.84,39,10214846.42,13.5,High,Foundation Failure,"POLYGON((76.56899999999999 12.419,76.571 12.419,76.571 12.421,76.56899999999999 12.421,76.56899999999999 12.419))",Indian dam anchor + synthetic dam-break scenario,SYNTHETIC_PROTOTYPE
IN-B007-008,D007,Krishna Raja Sagara,R007,Cauvery,Karnataka,Mandya,12.42,76.57,EPSG:4326,Overtopping,Progressive,Central dam section,26.4,21.49,268260666.44,11.06,12.6,18.71,1.26,34.64,0.3193,2026-08-09 06:00:00,278615.1,25.59,213262028.52,272.95,39,41141403.64,33.8,Extreme,Structural Failure,"POLYGON((76.56899999999999 12.419,76.571 12.419,76.571 12.421,76.56899999999999 12.421,76.56899999999999 12.419))",Indian dam anchor + synthetic dam-break scenario,SYNTHETIC_PROTOTYPE
IN-B007-009,D007,Krishna Raja Sagara,R007,Cauvery,Karnataka,Mandya,12.42,76.57,EPSG:4326,Piping,Sudden,Central dam section,16.69,30.59,115591892.92,7.18,22.31,18.04,0.63,155.79,0.0461,2026-08-10 06:00:00,25318.19,113.08,84291835.63,205.79,39,24250185.89,16.9,Low,Heavy Rainfall,"POLYGON((76.56899999999999 12.419,76.571 12.419,76.571 12.421,76.56899999999999 12.421,76.56899999999999 12.419))",Indian dam anchor + synthetic dam-break scenario,SYNTHETIC_PROTOTYPE
IN-B007-010,D007,Krishna Raja Sagara,R007,Cauvery,Karnataka,Mandya,12.42,76.57,EPSG:4326,Structural Failure,Progressive,Central dam section,12.18,32.63,24296860.0,16.41,26.82,25.57,0.78,166.34,0.0987,2026-08-11 06:00:00,5271.23,79.56,23703875.32,99.7,39,29479893.77,7.5,Medium,Overtopping,"POLYGON((76.56899999999999 12.419,76.571 12.419,76.571 12.421,76.56899999999999 12.421,76.56899999999999 12.419))",Indian dam anchor + synthetic dam-break scenario,SYNTHETIC_PROTOTYPE
IN-B007-011,D007,Krishna Raja Sagara,R007,Cauvery,Karnataka,Mandya,12.42,76.57,EPSG:4326,Overtopping,Sudden,Central dam section,22.69,35.18,488819640.79,13.22,16.31,10.75,0.59,59.36,0.2228,2026-08-12 06:00:00,289936.08,49.61,405925480.52,289.45,39,31296286.91,33.7,High,Foundation Failure,"POLYGON((76.56899999999999 12.419,76.571 12.419,76.571 12.421,76.56899999999999 12.421,76.56899999999999 12.419))",Indian dam anchor + synthetic dam-break scenario,SYNTHETIC_PROTOTYPE
IN-B007-012,D007,Krishna Raja Sagara,R007,Cauvery,Karnataka,Mandya,12.42,76.57,EPSG:4326,Piping,Progressive,Central dam section,20.45,32.42,462303863.3,7.5,18.55,13.61,1.4,85.14,0.0881,2026-08-13 06:00:00,223897.39,59.72,434981728.18,255.98,39,76490806.56,39.7,Extreme,Structural Failure,"POLYGON((76.56899999999999 12.419,76.571 12.419,76.571 12.421,76.56899999999999 12.421,76.56899999999999 12.419))",Indian dam anchor + synthetic dam-break scenario,SYNTHETIC_PROTOTYPE
IN-B007-013,D007,Krishna Raja Sagara,R007,Cauvery,Karnataka,Mandya,12.42,76.57,EPSG:4326,Structural Failure,Sudden,Central dam section,20.57,25.85,42495670.64,15.96,18.43,14.79,1.15,43.17,0.3696,2026-08-14 06:00:00,43703.33,21.47,39885670.32,145.26,39,9839020.4,17.5,Low,Heavy Rainfall,"POLYGON((76.56899999999999 12.419,76.571 12.419,76.571 12.421,76.56899999999999 12.421,76.56899999999999 12.419))",Indian dam anchor + synthetic dam-break scenario,SYNTHETIC_PROTOTYPE
IN-B007-014,D007,Krishna Raja Sagara,R007,Cauvery,Karnataka,Mandya,12.42,76.57,EPSG:4326,Overtopping,Progressive,Central dam section,21.03,23.68,395769349.64,9.64,17.97,30.03,1.49,73.98,0.1303,2026-08-15 06:00:00,189929.09,54.56,283080578.97,467.35,39,6030065.4,8.6,Medium,Overtopping,"POLYGON((76.56899999999999 12.419,76.571 12.419,76.571 12.421,76.56899999999999 12.421,76.56899999999999 12.419))",Indian dam anchor + synthetic dam-break scenario,SYNTHETIC_PROTOTYPE
IN-B008-001,D008,Mettur,R008,Cauvery,Tamil Nadu,Salem,11.79,77.8,EPSG:4326,Overtopping,Sudden,Central dam section,44.05,48.7,238160095.41,18.51,20.95,34.56,0.91,63.93,0.2896,2026-08-02 06:00:00,107142.95,30.71,232520436.2,384.75,65,19861661.48,14.7,Medium,Overtopping,"POLYGON((77.79899999999999 11.789,77.801 11.789,77.801 11.790999999999999,77.79899999999999 11.790999999999999,77.79899999999999 11.789))",Indian dam anchor + synthetic dam-break scenario,SYNTHETIC_PROTOTYPE
IN-B008-002,D008,Mettur,R008,Cauvery,Tamil Nadu,Salem,11.79,77.8,EPSG:4326,Piping,Progressive,Central dam section,27.24,55.5,306401834.87,22.27,37.76,32.43,1.31,167.23,0.1332,2026-08-03 06:00:00,49603.91,86.03,211476731.16,187.42,65,48110467.69,41.5,High,Foundation Failure,"POLYGON((77.79899999999999 11.789,77.801 11.789,77.801 11.790999999999999,77.79899999999999 11.790999999999999,77.79899999999999 11.789))",Indian dam anchor + synthetic dam-break scenario,SYNTHETIC_PROTOTYPE
IN-B008-003,D008,Mettur,R008,Cauvery,Tamil Nadu,Salem,11.79,77.8,EPSG:4326,Structural Failure,Sudden,Central dam section,36.82,53.53,309581869.3,13.21,28.18,39.05,1.17,16.78,0.7875,2026-08-04 06:00:00,535782.05,10.41,277407486.96,164.41,65,29717396.04,8.5,Extreme,Structural Failure,"POLYGON((77.79899999999999 11.789,77.801 11.789,77.801 11.790999999999999,77.79899999999999 11.790999999999999,77.79899999999999 11.789))",Indian dam anchor + synthetic dam-break scenario,SYNTHETIC_PROTOTYPE
IN-B008-004,D008,Mettur,R008,Cauvery,Tamil Nadu,Salem,11.79,77.8,EPSG:4326,Overtopping,Progressive,Central dam section,31.86,56.58,302977720.0,11.14,33.14,25.3,1.11,113.01,0.0986,2026-08-05 06:00:00,125242.38,95.24,197529602.66,73.67,65,44819456.82,12.7,Low,Heavy Rainfall,"POLYGON((77.79899999999999 11.789,77.801 11.789,77.801 11.790999999999999,77.79899999999999 11.790999999999999,77.79899999999999 11.789))",Indian dam anchor + synthetic dam-break scenario,SYNTHETIC_PROTOTYPE
IN-B008-005,D008,Mettur,R008,Cauvery,Tamil Nadu,Salem,11.79,77.8,EPSG:4326,Piping,Sudden,Central dam section,46.7,55.17,436051200.86,12.36,18.3,44.71,1.82,57.31,0.2157,2026-08-06 06:00:00,310466.46,40.5,399359046.53,201.08,65,44380798.7,6.8,Medium,Overtopping,"POLYGON((77.79899999999999 11.789,77.801 11.789,77.801 11.790999999999999,77.79899999999999 11.790999999999999,77.79899999999999 11.789))",Indian dam anchor + synthetic dam-break scenario,SYNTHETIC_PROTOTYPE
IN-B008-006,D008,Mettur,R008,Cauvery,Tamil Nadu,Salem,11.79,77.8,EPSG:4326,Structural Failure,Progressive,Central dam section,54.49,47.65,321873356.13,21.52,10.51,42.14,0.85,178.87,0.1203,2026-08-07 06:00:00,92064.7,112.86,287833820.45,74.1,65,23896013.04,13.2,High,Foundation Failure,"POLYGON((77.79899999999999 11.789,77.801 11.789,77.801 11.790999999999999,77.79899999999999 11.790999999999999,77.79899999999999 11.789))",Indian dam anchor + synthetic dam-break scenario,SYNTHETIC_PROTOTYPE
IN-B008-007,D008,Mettur,R008,Cauvery,Tamil Nadu,Salem,11.79,77.8,EPSG:4326,Overtopping,Sudden,Central dam section,51.26,47.64,281987152.71,11.42,13.74,21.01,1.05,117.5,0.0972,2026-08-08 06:00:00,134018.74,88.81,214930329.44,260.74,65,12764840.79,38.2,Extreme,Structural Failure,"POLYGON((77.79899999999999 11.789,77.801 11.789,77.801 11.790999999999999,77.79899999999999 11.790999999999999,77.79899999999999 11.789))",Indian dam anchor + synthetic dam-break scenario,SYNTHETIC_PROTOTYPE
IN-B008-008,D008,Mettur,R008,Cauvery,Tamil Nadu,Salem,11.79,77.8,EPSG:4326,Piping,Progressive,Central dam section,38.44,48.35,425479053.68,11.51,26.56,50.94,0.7,92.48,0.1244,2026-08-09 06:00:00,192041.93,45.55,335858189.52,223.89,65,61715976.71,37.3,Low,Heavy Rainfall,"POLYGON((77.79899999999999 11.789,77.801 11.789,77.801 11.790999999999999,77.79899999999999 11.790999999999999,77.79899999999999 11.789))",Indian dam anchor + synthetic dam-break scenario,SYNTHETIC_PROTOTYPE
IN-B008-009,D008,Mettur,R008,Cauvery,Tamil Nadu,Salem,11.79,77.8,EPSG:4326,Structural Failure,Sudden,Central dam section,42.11,47.66,148330529.92,7.14,22.89,14.53,1.53,52.55,0.1359,2026-08-10 06:00:00,80853.56,23.54,141230070.13,317.08,65,55653376.74,29.2,Medium,Overtopping,"POLYGON((77.79899999999999 11.789,77.801 11.789,77.801 11.790999999999999,77.79899999999999 11.790999999999999,77.79899999999999 11.789))",Indian dam anchor + synthetic dam-break scenario,SYNTHETIC_PROTOTYPE
IN-B008-010,D008,Mettur,R008,Cauvery,Tamil Nadu,Salem,11.79,77.8,EPSG:4326,Overtopping,Progressive,Central dam section,54.16,50.43,226442543.28,13.88,10.84,24.17,1.75,24.88,0.5578,2026-08-11 06:00:00,432245.07,13.63,212544295.48,71.23,65,42627334.61,38.7,High,Foundation Failure,"POLYGON((77.79899999999999 11.789,77.801 11.789,77.801 11.790999999999999,77.79899999999999 11.790999999999999,77.79899999999999 11.789))",Indian dam anchor + synthetic dam-break scenario,SYNTHETIC_PROTOTYPE
IN-B008-011,D008,Mettur,R008,Cauvery,Tamil Nadu,Salem,11.79,77.8,EPSG:4326,Piping,Sudden,Central dam section,31.63,58.42,24471955.74,22.99,33.37,35.04,0.9,51.36,0.4477,2026-08-12 06:00:00,19032.42,26.73,21063378.09,86.86,65,19683893.42,37.4,Extreme,Structural Failure,"POLYGON((77.79899999999999 11.789,77.801 11.789,77.801 11.790999999999999,77.79899999999999 11.790999999999999,77.79899999999999 11.789))",Indian dam anchor + synthetic dam-break scenario,SYNTHETIC_PROTOTYPE
IN-B008-012,D008,Mettur,R008,Cauvery,Tamil Nadu,Salem,11.79,77.8,EPSG:4326,Structural Failure,Progressive,Central dam section,27.8,52.67,299369675.2,14.75,37.2,20.04,1.99,78.13,0.1888,2026-08-13 06:00:00,133608.52,46.48,257683039.81,91.82,65,14699800.21,6.6,Low,Heavy Rainfall,"POLYGON((77.79899999999999 11.789,77.801 11.789,77.801 11.790999999999999,77.79899999999999 11.790999999999999,77.79899999999999 11.789))",Indian dam anchor + synthetic dam-break scenario,SYNTHETIC_PROTOTYPE
IN-B008-013,D008,Mettur,R008,Cauvery,Tamil Nadu,Salem,11.79,77.8,EPSG:4326,Overtopping,Sudden,Central dam section,48.11,56.44,464639620.64,10.91,16.89,44.01,0.74,44.31,0.2463,2026-08-14 06:00:00,396022.24,37.4,326966521.2,472.45,65,75873871.28,14.8,Medium,Overtopping,"POLYGON((77.79899999999999 11.789,77.801 11.789,77.801 11.790999999999999,77.79899999999999 11.790999999999999,77.79899999999999 11.789))",Indian dam anchor + synthetic dam-break scenario,SYNTHETIC_PROTOTYPE
IN-B008-014,D008,Mettur,R008,Cauvery,Tamil Nadu,Salem,11.79,77.8,EPSG:4326,Piping,Progressive,Central dam section,30.92,54.58,22720369.49,11.38,34.08,26.34,1.43,37.27,0.3053,2026-08-15 06:00:00,20220.09,33.09,15212451.2,54.54,65,37596260.37,40.5,High,Foundation Failure,"POLYGON((77.79899999999999 11.789,77.801 11.789,77.801 11.790999999999999,77.79899999999999 11.790999999999999,77.79899999999999 11.789))",Indian dam anchor + synthetic dam-break scenario,SYNTHETIC_PROTOTYPE
IN-B009-001,D009,Bhavanisagar,R009,Bhavani,Tamil Nadu,Erode,11.47,77.07,EPSG:4326,Piping,Sudden,Central dam section,17.08,26.79,426681912.67,4.58,14.92,12.83,0.54,92.34,0.0496,2026-08-02 06:00:00,180181.4,65.21,313603115.48,382.55,32,1933383.52,23.5,High,Foundation Failure,"POLYGON((77.06899999999999 11.469000000000001,77.071 11.469000000000001,77.071 11.471,77.06899999999999 11.471,77.06899999999999 11.469000000000001))",Indian dam anchor + synthetic dam-break scenario,SYNTHETIC_PROTOTYPE
IN-B009-002,D009,Bhavanisagar,R009,Bhavani,Tamil Nadu,Erode,11.47,77.07,EPSG:4326,Structural Failure,Progressive,Central dam section,21.53,18.78,466149642.61,10.13,10.47,13.59,0.83,79.37,0.1277,2026-08-03 06:00:00,328699.19,53.5,371802218.13,120.77,32,54255107.16,41.7,Extreme,Structural Failure,"POLYGON((77.06899999999999 11.469000000000001,77.071 11.469000000000001,77.071 11.471,77.06899999999999 11.471,77.06899999999999 11.469000000000001))",Indian dam anchor + synthetic dam-break scenario,SYNTHETIC_PROTOTYPE
IN-B009-003,D009,Bhavanisagar,R009,Bhavani,Tamil Nadu,Erode,11.47,77.07,EPSG:4326,Overtopping,Sudden,Central dam section,22.94,23.13,313734594.26,10.76,9.06,22.99,1.59,136.66,0.0787,2026-08-04 06:00:00,112697.56,80.77,215654409.46,334.23,32,44368266.5,30.3,Low,Heavy Rainfall,"POLYGON((77.06899999999999 11.469000000000001,77.071 11.469000000000001,77.071 11.471,77.06899999999999 11.471,77.06899999999999 11.469000000000001))",Indian dam anchor + synthetic dam-break scenario,SYNTHETIC_PROTOTYPE
IN-B009-004,D009,Bhavanisagar,R009,Bhavani,Tamil Nadu,Erode,11.47,77.07,EPSG:4326,Piping,Progressive,Central dam section,11.96,18.74,262222204.84,12.37,20.04,18.04,1.32,137.74,0.0898,2026-08-05 06:00:00,84757.89,89.86,202263071.84,356.27,32,7437518.55,25.3,Medium,Overtopping,"POLYGON((77.06899999999999 11.469000000000001,77.071 11.469000000000001,77.071 11.471,77.06899999999999 11.471,77.06899999999999 11.469000000000001))",Indian dam anchor + synthetic dam-break scenario,SYNTHETIC_PROTOTYPE
IN-B009-005,D009,Bhavanisagar,R009,Bhavani,Tamil Nadu,Erode,11.47,77.07,EPSG:4326,Structural Failure,Sudden,Central dam section,12.41,21.48,443491598.01,9.01,19.59,14.25,1.24,89.95,0.1002,2026-08-06 06:00:00,238098.44,48.17,431745219.03,195.1,32,28983811.1,21.0,High,Foundation Failure,"POLYGON((77.06899999999999 11.469000000000001,77.071 11.469000000000001,77.071 11.471,77.06899999999999 11.471,77.06899999999999 11.469000000000001))",Indian dam anchor + synthetic dam-break scenario,SYNTHETIC_PROTOTYPE
IN-B009-006,D009,Bhavanisagar,R009,Bhavani,Tamil Nadu,Erode,11.47,77.07,EPSG:4326,Overtopping,Progressive,Central dam section,18.32,17.69,88477866.49,4.5,13.68,9.42,1.85,58.38,0.077,2026-08-07 06:00:00,40360.91,28.2,60598108.83,292.86,32,40131343.99,17.3,Extreme,Structural Failure,"POLYGON((77.06899999999999 11.469000000000001,77.071 11.469000000000001,77.071 11.471,77.06899999999999 11.471,77.06899999999999 11.469000000000001))",Indian dam anchor + synthetic dam-break scenario,SYNTHETIC_PROTOTYPE
IN-B009-007,D009,Bhavanisagar,R009,Bhavani,Tamil Nadu,Erode,11.47,77.07,EPSG:4326,Piping,Sudden,Central dam section,13.11,24.66,417926842.79,4.0,18.89,18.65,1.3,38.86,0.1029,2026-08-08 06:00:00,593779.8,19.2,273588244.97,69.72,32,68438230.95,37.1,Low,Heavy Rainfall,"POLYGON((77.06899999999999 11.469000000000001,77.071 11.469000000000001,77.071 11.471,77.06899999999999 11.471,77.06899999999999 11.469000000000001))",Indian dam anchor + synthetic dam-break scenario,SYNTHETIC_PROTOTYPE
IN-B009-008,D009,Bhavanisagar,R009,Bhavani,Tamil Nadu,Erode,11.47,77.07,EPSG:4326,Structural Failure,Progressive,Central dam section,18.46,28.66,263338753.76,5.59,13.54,9.12,0.59,33.3,0.1678,2026-08-09 06:00:00,385524.36,20.07,221169669.32,219.51,32,4094680.14,21.1,Medium,Overtopping,"POLYGON((77.06899999999999 11.469000000000001,77.071 11.469000000000001,77.071 11.471,77.06899999999999 11.471,77.06899999999999 11.469000000000001))",Indian dam anchor + synthetic dam-break scenario,SYNTHETIC_PROTOTYPE
IN-B009-009,D009,Bhavanisagar,R009,Bhavani,Tamil Nadu,Erode,11.47,77.07,EPSG:4326,Overtopping,Sudden,Central dam section,23.5,18.98,267644324.11,9.75,8.5,18.64,1.99,92.22,0.1058,2026-08-10 06:00:00,74227.1,67.49,176317985.97,171.41,32,17098038.77,28.1,High,Foundation Failure,"POLYGON((77.06899999999999 11.469000000000001,77.071 11.469000000000001,77.071 11.471,77.06899999999999 11.471,77.06899999999999 11.469000000000001))",Indian dam anchor + synthetic dam-break scenario,SYNTHETIC_PROTOTYPE
IN-B009-010,D009,Bhavanisagar,R009,Bhavani,Tamil Nadu,Erode,11.47,77.07,EPSG:4326,Piping,Progressive,Central dam section,20.83,24.75,66847744.2,8.74,11.17,19.87,1.76,157.01,0.0557,2026-08-11 06:00:00,24802.28,85.5,56717117.77,48.14,32,76748398.21,18.4,Extreme,Structural Failure,"POLYGON((77.06899999999999 11.469000000000001,77.071 11.469000000000001,77.071 11.471,77.06899999999999 11.471,77.06899999999999 11.469000000000001))",Indian dam anchor + synthetic dam-break scenario,SYNTHETIC_PROTOTYPE
IN-B009-011,D009,Bhavanisagar,R009,Bhavani,Tamil Nadu,Erode,11.47,77.07,EPSG:4326,Structural Failure,Sudden,Central dam section,23.41,25.07,226352773.56,5.8,8.59,10.87,1.67,163.42,0.0355,2026-08-12 06:00:00,58141.77,144.36,214600458.01,265.57,32,56449854.96,16.4,Low,Heavy Rainfall,"POLYGON((77.06899999999999 11.469000000000001,77.071 11.469000000000001,77.071 11.471,77.06899999999999 11.471,77.06899999999999 11.469000000000001))",Indian dam anchor + synthetic dam-break scenario,SYNTHETIC_PROTOTYPE
IN-B009-012,D009,Bhavanisagar,R009,Bhavani,Tamil Nadu,Erode,11.47,77.07,EPSG:4326,Overtopping,Progressive,Central dam section,23.86,17.03,167567192.29,9.05,8.14,8.63,1.56,27.71,0.3266,2026-08-13 06:00:00,339339.3,19.45,127859605.82,201.0,32,65309536.45,29.0,Medium,Overtopping,"POLYGON((77.06899999999999 11.469000000000001,77.071 11.469000000000001,77.071 11.471,77.06899999999999 11.471,77.06899999999999 11.469000000000001))",Indian dam anchor + synthetic dam-break scenario,SYNTHETIC_PROTOTYPE
IN-B009-013,D009,Bhavanisagar,R009,Bhavani,Tamil Nadu,Erode,11.47,77.07,EPSG:4326,Piping,Sudden,Central dam section,17.91,17.34,338653444.77,10.6,14.09,24.11,1.08,91.67,0.1156,2026-08-14 06:00:00,185553.85,52.22,265891052.97,34.45,32,6301642.91,42.6,High,Foundation Failure,"POLYGON((77.06899999999999 11.469000000000001,77.071 11.469000000000001,77.071 11.471,77.06899999999999 11.471,77.06899999999999 11.469000000000001))",Indian dam anchor + synthetic dam-break scenario,SYNTHETIC_PROTOTYPE
IN-B009-014,D009,Bhavanisagar,R009,Bhavani,Tamil Nadu,Erode,11.47,77.07,EPSG:4326,Structural Failure,Progressive,Central dam section,11.86,26.1,24358654.96,11.02,20.14,15.44,1.74,70.85,0.1555,2026-08-15 06:00:00,8733.11,29.56,16838417.78,483.86,32,8525355.44,10.7,Extreme,Structural Failure,"POLYGON((77.06899999999999 11.469000000000001,77.071 11.469000000000001,77.071 11.471,77.06899999999999 11.471,77.06899999999999 11.469000000000001))",Indian dam anchor + synthetic dam-break scenario,SYNTHETIC_PROTOTYPE
IN-B010-001,D010,Vaigai,R010,Vaigai,Tamil Nadu,Theni,10.08,77.58,EPSG:4326,Structural Failure,Sudden,Central dam section,12.5,29.64,41398354.59,13.21,20.5,19.16,1.76,101.1,0.1307,2026-08-02 06:00:00,11839.9,68.53,37237329.95,315.3,33,18927997.19,31.3,Extreme,Structural Failure,"POLYGON((77.579 10.079,77.581 10.079,77.581 10.081,77.579 10.081,77.579 10.079))",Indian dam anchor + synthetic dam-break scenario,SYNTHETIC_PROTOTYPE
IN-B010-002,D010,Vaigai,R010,Vaigai,Tamil Nadu,Theni,10.08,77.58,EPSG:4326,Overtopping,Progressive,Central dam section,23.05,24.17,170864341.94,4.0,9.95,21.18,1.99,67.27,0.0595,2026-08-03 06:00:00,123211.28,54.26,112755693.58,178.57,33,54893451.58,26.1,Low,Heavy Rainfall,"POLYGON((77.579 10.079,77.581 10.079,77.581 10.081,77.579 10.081,77.579 10.079))",Indian dam anchor + synthetic dam-break scenario,SYNTHETIC_PROTOTYPE
IN-B010-003,D010,Vaigai,R010,Vaigai,Tamil Nadu,Theni,10.08,77.58,EPSG:4326,Piping,Sudden,Central dam section,11.18,15.83,123844147.26,4.0,21.82,8.91,0.85,115.83,0.0345,2026-08-04 06:00:00,31652.64,92.27,112566647.51,481.49,33,78265058.41,16.8,Medium,Overtopping,"POLYGON((77.579 10.079,77.581 10.079,77.581 10.081,77.579 10.081,77.579 10.079))",Indian dam anchor + synthetic dam-break scenario,SYNTHETIC_PROTOTYPE
IN-B010-004,D010,Vaigai,R010,Vaigai,Tamil Nadu,Theni,10.08,77.58,EPSG:4326,Structural Failure,Progressive,Central dam section,12.46,21.4,269100346.07,5.73,20.54,11.51,1.35,151.22,0.0379,2026-08-05 06:00:00,95194.0,118.86,249988630.98,134.36,33,74224446.73,22.9,High,Foundation Failure,"POLYGON((77.579 10.079,77.581 10.079,77.581 10.081,77.579 10.081,77.579 10.079))",Indian dam anchor + synthetic dam-break scenario,SYNTHETIC_PROTOTYPE
IN-B010-005,D010,Vaigai,R010,Vaigai,Tamil Nadu,Theni,10.08,77.58,EPSG:4326,Overtopping,Sudden,Central dam section,11.78,20.05,402579076.87,7.58,21.22,14.6,0.54,55.63,0.1363,2026-08-06 06:00:00,210302.85,31.82,343338535.29,130.67,33,10178461.77,8.5,Extreme,Structural Failure,"POLYGON((77.579 10.079,77.581 10.079,77.581 10.081,77.579 10.081,77.579 10.079))",Indian dam anchor + synthetic dam-break scenario,SYNTHETIC_PROTOTYPE
IN-B010-006,D010,Vaigai,R010,Vaigai,Tamil Nadu,Theni,10.08,77.58,EPSG:4326,Piping,Progressive,Central dam section,24.77,20.62,480827410.61,14.07,8.23,9.69,1.61,69.16,0.2035,2026-08-07 06:00:00,401023.59,49.75,379421682.75,324.1,33,13276470.39,11.8,Low,Heavy Rainfall,"POLYGON((77.579 10.079,77.581 10.079,77.581 10.081,77.579 10.081,77.579 10.079))",Indian dam anchor + synthetic dam-break scenario,SYNTHETIC_PROTOTYPE
IN-B010-007,D010,Vaigai,R010,Vaigai,Tamil Nadu,Theni,10.08,77.58,EPSG:4326,Structural Failure,Sudden,Central dam section,24.25,25.6,249001411.65,8.03,8.75,9.36,0.77,117.4,0.0684,2026-08-08 06:00:00,87964.56,46.99,179962275.26,238.08,33,31546662.03,33.8,Medium,Overtopping,"POLYGON((77.579 10.079,77.581 10.079,77.581 10.081,77.579 10.081,77.579 10.079))",Indian dam anchor + synthetic dam-break scenario,SYNTHETIC_PROTOTYPE
IN-B010-008,D010,Vaigai,R010,Vaigai,Tamil Nadu,Theni,10.08,77.58,EPSG:4326,Overtopping,Progressive,Central dam section,11.53,23.39,107096933.75,11.35,21.47,11.71,1.4,154.71,0.0733,2026-08-09 06:00:00,30337.08,70.13,81529832.53,211.36,33,24716537.46,35.2,High,Foundation Failure,"POLYGON((77.579 10.079,77.581 10.079,77.581 10.081,77.579 10.081,77.579 10.079))",Indian dam anchor + synthetic dam-break scenario,SYNTHETIC_PROTOTYPE
IN-B010-009,D010,Vaigai,R010,Vaigai,Tamil Nadu,Theni,10.08,77.58,EPSG:4326,Piping,Sudden,Central dam section,19.52,15.41,63717222.08,4.32,13.48,6.76,1.21,63.39,0.0682,2026-08-10 06:00:00,50877.24,32.98,54869993.89,388.18,33,12170732.11,41.9,Extreme,Structural Failure,"POLYGON((77.579 10.079,77.581 10.079,77.581 10.081,77.579 10.081,77.579 10.079))",Indian dam anchor + synthetic dam-break scenario,SYNTHETIC_PROTOTYPE
IN-B010-010,D010,Vaigai,R010,Vaigai,Tamil Nadu,Theni,10.08,77.58,EPSG:4326,Structural Failure,Progressive,Central dam section,13.98,21.69,434604305.98,5.66,19.02,7.48,1.13,60.11,0.0942,2026-08-11 06:00:00,367340.28,45.84,359837473.39,63.27,33,7522112.42,18.9,Low,Heavy Rainfall,"POLYGON((77.579 10.079,77.581 10.079,77.581 10.081,77.579 10.081,77.579 10.079))",Indian dam anchor + synthetic dam-break scenario,SYNTHETIC_PROTOTYPE
IN-B010-011,D010,Vaigai,R010,Vaigai,Tamil Nadu,Theni,10.08,77.58,EPSG:4326,Overtopping,Sudden,Central dam section,12.43,15.22,39986141.63,7.32,20.57,20.06,0.56,134.77,0.0543,2026-08-12 06:00:00,7940.63,103.51,38642941.24,16.62,33,31865549.44,44.6,Medium,Overtopping,"POLYGON((77.579 10.079,77.581 10.079,77.581 10.081,77.579 10.081,77.579 10.079))",Indian dam anchor + synthetic dam-break scenario,SYNTHETIC_PROTOTYPE
IN-B010-012,D010,Vaigai,R010,Vaigai,Tamil Nadu,Theni,10.08,77.58,EPSG:4326,Piping,Progressive,Central dam section,19.31,18.35,415701532.52,5.5,13.69,15.64,0.72,126.27,0.0435,2026-08-13 06:00:00,160370.14,51.23,406062553.24,414.36,33,60183794.93,40.3,High,Foundation Failure,"POLYGON((77.579 10.079,77.581 10.079,77.581 10.081,77.579 10.081,77.579 10.079))",Indian dam anchor + synthetic dam-break scenario,SYNTHETIC_PROTOTYPE
IN-B010-013,D010,Vaigai,R010,Vaigai,Tamil Nadu,Theni,10.08,77.58,EPSG:4326,Structural Failure,Sudden,Central dam section,22.66,15.58,116985537.22,8.26,10.34,23.52,1.85,103.83,0.0796,2026-08-14 06:00:00,43143.84,52.82,103727907.78,423.02,33,41227524.82,17.7,Extreme,Structural Failure,"POLYGON((77.579 10.079,77.581 10.079,77.581 10.081,77.579 10.081,77.579 10.079))",Indian dam anchor + synthetic dam-break scenario,SYNTHETIC_PROTOTYPE
IN-B010-014,D010,Vaigai,R010,Vaigai,Tamil Nadu,Theni,10.08,77.58,EPSG:4326,Overtopping,Progressive,Central dam section,11.74,22.74,297647713.68,12.05,21.26,7.05,0.59,130.74,0.0921,2026-08-15 06:00:00,122043.9,61.19,244910818.4,242.12,33,25600249.55,20.3,Low,Heavy Rainfall,"POLYGON((77.579 10.079,77.581 10.079,77.581 10.081,77.579 10.081,77.579 10.079))",Indian dam anchor + synthetic dam-break scenario,SYNTHETIC_PROTOTYPE
IN-B011-001,D011,Papanasam,R011,Tamiraparani,Tamil Nadu,Tirunelveli,8.71,77.35,EPSG:4326,Overtopping,Sudden,Central dam section,29.74,32.04,468997399.39,9.56,13.26,15.15,0.93,111.02,0.0861,2026-08-02 06:00:00,106004.81,60.21,408417187.68,263.82,43,66598227.04,23.1,Low,Heavy Rainfall,"POLYGON((77.34899999999999 8.709000000000001,77.351 8.709000000000001,77.351 8.711,77.34899999999999 8.711,77.34899999999999 8.709000000000001))",Indian dam anchor + synthetic dam-break scenario,SYNTHETIC_PROTOTYPE
IN-B011-002,D011,Papanasam,R011,Tamiraparani,Tamil Nadu,Tirunelveli,8.71,77.35,EPSG:4326,Piping,Progressive,Central dam section,19.77,28.81,51085297.0,14.1,23.23,33.81,0.66,36.57,0.3857,2026-08-03 06:00:00,63751.92,15.76,43568911.8,424.11,43,11893920.01,37.5,Medium,Overtopping,"POLYGON((77.34899999999999 8.709000000000001,77.351 8.709000000000001,77.351 8.711,77.34899999999999 8.711,77.34899999999999 8.709000000000001))",Indian dam anchor + synthetic dam-break scenario,SYNTHETIC_PROTOTYPE
IN-B011-003,D011,Papanasam,R011,Tamiraparani,Tamil Nadu,Tirunelveli,8.71,77.35,EPSG:4326,Structural Failure,Sudden,Central dam section,32.82,29.7,314320284.68,8.37,10.18,32.2,0.78,90.91,0.0921,2026-08-04 06:00:00,152346.9,55.44,287439256.47,137.37,43,7507454.23,34.8,High,Foundation Failure,"POLYGON((77.34899999999999 8.709000000000001,77.351 8.709000000000001,77.351 8.711,77.34899999999999 8.711,77.34899999999999 8.709000000000001))",Indian dam anchor + synthetic dam-break scenario,SYNTHETIC_PROTOTYPE
IN-B011-004,D011,Papanasam,R011,Tamiraparani,Tamil Nadu,Tirunelveli,8.71,77.35,EPSG:4326,Overtopping,Progressive,Central dam section,16.95,37.39,166762904.49,15.41,26.05,24.54,0.88,64.1,0.2404,2026-08-05 06:00:00,65212.55,41.07,154330371.31,136.82,43,9837172.66,19.0,Extreme,Structural Failure,"POLYGON((77.34899999999999 8.709000000000001,77.351 8.709000000000001,77.351 8.711,77.34899999999999 8.711,77.34899999999999 8.709000000000001))",Indian dam anchor + synthetic dam-break scenario,SYNTHETIC_PROTOTYPE
IN-B011-005,D011,Papanasam,R011,Tamiraparani,Tamil Nadu,Tirunelveli,8.71,77.35,EPSG:4326,Piping,Sudden,Central dam section,14.06,33.09,239936573.43,16.31,28.94,10.55,1.64,144.26,0.113,2026-08-06 06:00:00,69871.98,123.81,166131893.06,136.71,43,56044444.33,6.2,Low,Heavy Rainfall,"POLYGON((77.34899999999999 8.709000000000001,77.351 8.709000000000001,77.351 8.711,77.34899999999999 8.711,77.34899999999999 8.709000000000001))",Indian dam anchor + synthetic dam-break scenario,SYNTHETIC_PROTOTYPE
IN-B011-006,D011,Papanasam,R011,Tamiraparani,Tamil Nadu,Tirunelveli,8.71,77.35,EPSG:4326,Structural Failure,Progressive,Central dam section,25.68,34.57,85860307.44,14.45,17.32,20.22,1.67,137.14,0.1054,2026-08-07 06:00:00,29254.89,120.15,64021790.1,347.41,43,61825096.58,25.3,Medium,Overtopping,"POLYGON((77.34899999999999 8.709000000000001,77.351 8.709000000000001,77.351 8.711,77.34899999999999 8.711,77.34899999999999 8.709000000000001))",Indian dam anchor + synthetic dam-break scenario,SYNTHETIC_PROTOTYPE
IN-B011-007,D011,Papanasam,R011,Tamiraparani,Tamil Nadu,Tirunelveli,8.71,77.35,EPSG:4326,Overtopping,Sudden,Central dam section,18.5,33.03,136938525.21,18.38,24.5,12.13,1.31,106.85,0.172,2026-08-08 06:00:00,37804.5,91.72,123510093.55,84.41,43,67879559.52,15.3,High,Foundation Failure,"POLYGON((77.34899999999999 8.709000000000001,77.351 8.709000000000001,77.351 8.711,77.34899999999999 8.711,77.34899999999999 8.709000000000001))",Indian dam anchor + synthetic dam-break scenario,SYNTHETIC_PROTOTYPE
IN-B011-008,D011,Papanasam,R011,Tamiraparani,Tamil Nadu,Tirunelveli,8.71,77.35,EPSG:4326,Piping,Progressive,Central dam section,14.68,32.83,224181976.14,16.44,28.32,20.36,1.0,131.21,0.1253,2026-08-09 06:00:00,69776.44,76.53,159659798.85,326.9,43,78057916.79,12.9,Extreme,Structural Failure,"POLYGON((77.34899999999999 8.709000000000001,77.351 8.709000000000001,77.351 8.711,77.34899999999999 8.711,77.34899999999999 8.709000000000001))",Indian dam anchor + synthetic dam-break scenario,SYNTHETIC_PROTOTYPE
IN-B011-009,D011,Papanasam,R011,Tamiraparani,Tamil Nadu,Tirunelveli,8.71,77.35,EPSG:4326,Structural Failure,Sudden,Central dam section,29.86,39.94,170406635.52,9.66,13.14,28.54,0.74,74.52,0.1296,2026-08-10 06:00:00,93449.36,36.28,118929433.15,429.28,43,15645088.48,27.3,Low,Heavy Rainfall,"POLYGON((77.34899999999999 8.709000000000001,77.351 8.709000000000001,77.351 8.711,77.34899999999999 8.711,77.34899999999999 8.709000000000001))",Indian dam anchor + synthetic dam-break scenario,SYNTHETIC_PROTOTYPE
IN-B011-010,D011,Papanasam,R011,Tamiraparani,Tamil Nadu,Tirunelveli,8.71,77.35,EPSG:4326,Overtopping,Progressive,Central dam section,13.23,26.37,137727564.37,9.09,29.77,27.05,0.91,94.3,0.0964,2026-08-11 06:00:00,38432.1,63.45,133480881.16,197.8,43,50198734.58,28.8,Medium,Overtopping,"POLYGON((77.34899999999999 8.709000000000001,77.351 8.709000000000001,77.351 8.711,77.34899999999999 8.711,77.34899999999999 8.709000000000001))",Indian dam anchor + synthetic dam-break scenario,SYNTHETIC_PROTOTYPE
IN-B011-011,D011,Papanasam,R011,Tamiraparani,Tamil Nadu,Tirunelveli,8.71,77.35,EPSG:4326,Piping,Sudden,Central dam section,25.84,33.89,39035172.84,14.41,17.16,15.69,1.97,102.76,0.1403,2026-08-12 06:00:00,21555.12,49.41,37176350.05,408.32,43,62794022.45,35.0,High,Foundation Failure,"POLYGON((77.34899999999999 8.709000000000001,77.351 8.709000000000001,77.351 8.711,77.34899999999999 8.711,77.34899999999999 8.709000000000001))",Indian dam anchor + synthetic dam-break scenario,SYNTHETIC_PROTOTYPE
IN-B011-012,D011,Papanasam,R011,Tamiraparani,Tamil Nadu,Tirunelveli,8.71,77.35,EPSG:4326,Structural Failure,Progressive,Central dam section,22.62,26.79,31506057.99,13.75,20.38,14.01,1.34,177.87,0.0773,2026-08-13 06:00:00,10214.83,139.34,29207590.84,145.68,43,9911061.75,27.8,Extreme,Structural Failure,"POLYGON((77.34899999999999 8.709000000000001,77.351 8.709000000000001,77.351 8.711,77.34899999999999 8.711,77.34899999999999 8.709000000000001))",Indian dam anchor + synthetic dam-break scenario,SYNTHETIC_PROTOTYPE
IN-B011-013,D011,Papanasam,R011,Tamiraparani,Tamil Nadu,Tirunelveli,8.71,77.35,EPSG:4326,Overtopping,Sudden,Central dam section,30.18,28.04,474702706.66,12.2,12.82,20.36,0.99,33.9,0.3598,2026-08-14 06:00:00,351091.65,20.24,335308609.77,489.24,43,19101344.0,37.8,Low,Heavy Rainfall,"POLYGON((77.34899999999999 8.709000000000001,77.351 8.709000000000001,77.351 8.711,77.34899999999999 8.711,77.34899999999999 8.709000000000001))",Indian dam anchor + synthetic dam-break scenario,SYNTHETIC_PROTOTYPE
IN-B011-014,D011,Papanasam,R011,Tamiraparani,Tamil Nadu,Tirunelveli,8.71,77.35,EPSG:4326,Piping,Progressive,Central dam section,20.16,30.02,109538742.6,9.28,22.84,10.84,1.98,63.4,0.1464,2026-08-15 06:00:00,66132.66,44.43,75028784.91,31.36,43,28469675.56,45.7,Medium,Overtopping,"POLYGON((77.34899999999999 8.709000000000001,77.351 8.709000000000001,77.351 8.711,77.34899999999999 8.711,77.34899999999999 8.709000000000001))",Indian dam anchor + synthetic dam-break scenario,SYNTHETIC_PROTOTYPE
IN-B012-001,D012,Koyna,R012,Koyna,Maharashtra,Satara,17.4,73.75,EPSG:4326,Piping,Sudden,Central dam section,74.55,85.99,123402292.95,44.79,28.45,50.91,1.24,138.93,0.3224,2026-08-02 06:00:00,36256.52,122.2,95789971.82,167.89,103,34236163.33,15.3,Medium,Overtopping,"POLYGON((73.749 17.398999999999997,73.751 17.398999999999997,73.751 17.401,73.749 17.401,73.749 17.398999999999997))",Indian dam anchor + synthetic dam-break scenario,SYNTHETIC_PROTOTYPE
IN-B012-002,D012,Koyna,R012,Koyna,Maharashtra,Satara,17.4,73.75,EPSG:4326,Structural Failure,Progressive,Central dam section,44.45,97.97,290949370.95,24.0,58.55,45.85,1.4,30.77,0.7801,2026-08-03 06:00:00,346374.64,14.51,222972105.87,470.99,103,4489551.85,39.0,High,Foundation Failure,"POLYGON((73.749 17.398999999999997,73.751 17.398999999999997,73.751 17.401,73.749 17.401,73.749 17.398999999999997))",Indian dam anchor + synthetic dam-break scenario,SYNTHETIC_PROTOTYPE
IN-B012-003,D012,Koyna,R012,Koyna,Maharashtra,Satara,17.4,73.75,EPSG:4326,Overtopping,Sudden,Central dam section,56.89,98.01,270203966.58,40.33,46.11,69.14,0.59,123.31,0.3271,2026-08-04 06:00:00,66076.62,63.56,227653783.98,172.25,103,17988309.02,22.0,Extreme,Structural Failure,"POLYGON((73.749 17.398999999999997,73.751 17.398999999999997,73.751 17.401,73.749 17.401,73.749 17.398999999999997))",Indian dam anchor + synthetic dam-break scenario,SYNTHETIC_PROTOTYPE
IN-B012-004,D012,Koyna,R012,Koyna,Maharashtra,Satara,17.4,73.75,EPSG:4326,Piping,Progressive,Central dam section,78.83,89.58,312841900.19,15.57,24.17,43.36,1.64,19.12,0.814,2026-08-05 06:00:00,771846.38,9.96,289139794.6,168.79,103,27772483.11,39.6,Low,Heavy Rainfall,"POLYGON((73.749 17.398999999999997,73.751 17.398999999999997,73.751 17.401,73.749 17.401,73.749 17.398999999999997))",Indian dam anchor + synthetic dam-break scenario,SYNTHETIC_PROTOTYPE
IN-B012-005,D012,Koyna,R012,Koyna,Maharashtra,Satara,17.4,73.75,EPSG:4326,Structural Failure,Sudden,Central dam section,44.59,91.99,263801727.57,35.12,58.41,60.11,1.62,77.28,0.4545,2026-08-06 06:00:00,105957.6,57.81,204967523.78,468.05,103,31871881.27,12.0,Medium,Overtopping,"POLYGON((73.749 17.398999999999997,73.751 17.398999999999997,73.751 17.401,73.749 17.401,73.749 17.398999999999997))",Indian dam anchor + synthetic dam-break scenario,SYNTHETIC_PROTOTYPE
IN-B012-006,D012,Koyna,R012,Koyna,Maharashtra,Satara,17.4,73.75,EPSG:4326,Overtopping,Progressive,Central dam section,44.09,95.32,303433279.87,46.21,58.91,56.39,0.84,115.55,0.3999,2026-08-07 06:00:00,142602.27,55.59,275304650.85,343.97,103,17341161.52,34.3,High,Foundation Failure,"POLYGON((73.749 17.398999999999997,73.751 17.398999999999997,73.751 17.401,73.749 17.401,73.749 17.398999999999997))",Indian dam anchor + synthetic dam-break scenario,SYNTHETIC_PROTOTYPE
IN-B012-007,D012,Koyna,R012,Koyna,Maharashtra,Satara,17.4,73.75,EPSG:4326,Piping,Sudden,Central dam section,71.61,91.63,331225549.58,35.69,31.39,39.51,0.92,39.85,0.8956,2026-08-08 06:00:00,362145.88,25.73,251517564.45,174.58,103,35930954.14,23.3,Extreme,Structural Failure,"POLYGON((73.749 17.398999999999997,73.751 17.398999999999997,73.751 17.401,73.749 17.401,73.749 17.398999999999997))",Indian dam anchor + synthetic dam-break scenario,SYNTHETIC_PROTOTYPE
IN-B012-008,D012,Koyna,R012,Koyna,Maharashtra,Satara,17.4,73.75,EPSG:4326,Structural Failure,Progressive,Central dam section,64.01,85.0,322573794.01,20.86,38.99,25.76,0.54,51.3,0.4067,2026-08-09 06:00:00,255625.86,24.88,214049455.82,149.87,103,51801610.39,29.5,Low,Heavy Rainfall,"POLYGON((73.749 17.398999999999997,73.751 17.398999999999997,73.751 17.401,73.749 17.401,73.749 17.398999999999997))",Indian dam anchor + synthetic dam-break scenario,SYNTHETIC_PROTOTYPE
IN-B012-009,D012,Koyna,R012,Koyna,Maharashtra,Satara,17.4,73.75,EPSG:4326,Overtopping,Sudden,Central dam section,53.51,97.5,432681390.05,9.01,49.49,21.96,1.8,41.24,0.2186,2026-08-10 06:00:00,335291.78,28.48,377098478.97,280.07,103,50607777.1,9.1,Medium,Overtopping,"POLYGON((73.749 17.398999999999997,73.751 17.398999999999997,73.751 17.401,73.749 17.401,73.749 17.398999999999997))",Indian dam anchor + synthetic dam-break scenario,SYNTHETIC_PROTOTYPE
IN-B012-010,D012,Koyna,R012,Koyna,Maharashtra,Satara,17.4,73.75,EPSG:4326,Piping,Progressive,Central dam section,72.69,88.41,55633538.16,23.97,30.31,65.83,1.27,27.49,0.8718,2026-08-11 06:00:00,74910.49,23.48,50329893.76,31.84,103,67509624.32,37.1,High,Foundation Failure,"POLYGON((73.749 17.398999999999997,73.751 17.398999999999997,73.751 17.401,73.749 17.401,73.749 17.398999999999997))",Indian dam anchor + synthetic dam-break scenario,SYNTHETIC_PROTOTYPE
IN-B012-011,D012,Koyna,R012,Koyna,Maharashtra,Satara,17.4,73.75,EPSG:4326,Structural Failure,Sudden,Central dam section,48.42,87.56,153192525.28,15.82,54.58,56.45,1.89,87.71,0.1803,2026-08-12 06:00:00,48706.79,73.91,142483885.85,184.51,103,59737933.08,10.7,Extreme,Structural Failure,"POLYGON((73.749 17.398999999999997,73.751 17.398999999999997,73.751 17.401,73.749 17.401,73.749 17.398999999999997))",Indian dam anchor + synthetic dam-break scenario,SYNTHETIC_PROTOTYPE
IN-B012-012,D012,Koyna,R012,Koyna,Maharashtra,Satara,17.4,73.75,EPSG:4326,Overtopping,Progressive,Central dam section,59.65,95.81,63814554.72,45.34,43.35,68.54,0.63,123.85,0.3661,2026-08-13 06:00:00,24251.51,80.44,52361924.37,107.22,103,79422977.16,40.7,Low,Heavy Rainfall,"POLYGON((73.749 17.398999999999997,73.751 17.398999999999997,73.751 17.401,73.749 17.401,73.749 17.398999999999997))",Indian dam anchor + synthetic dam-break scenario,SYNTHETIC_PROTOTYPE
IN-B012-013,D012,Koyna,R012,Koyna,Maharashtra,Satara,17.4,73.75,EPSG:4326,Piping,Sudden,Central dam section,32.45,99.13,323203861.28,24.28,70.55,40.28,0.71,169.9,0.1429,2026-08-14 06:00:00,98678.11,123.45,236302944.2,223.27,103,43591190.36,20.6,Medium,Overtopping,"POLYGON((73.749 17.398999999999997,73.751 17.398999999999997,73.751 17.401,73.749 17.401,73.749 17.398999999999997))",Indian dam anchor + synthetic dam-break scenario,SYNTHETIC_PROTOTYPE
IN-B012-014,D012,Koyna,R012,Koyna,Maharashtra,Satara,17.4,73.75,EPSG:4326,Structural Failure,Progressive,Central dam section,80.31,92.31,185412541.62,34.26,22.69,44.51,1.86,75.81,0.4519,2026-08-15 06:00:00,107710.29,61.91,175416013.5,275.41,103,9693735.43,38.1,High,Foundation Failure,"POLYGON((73.749 17.398999999999997,73.751 17.398999999999997,73.751 17.401,73.749 17.401,73.749 17.398999999999997))",Indian dam anchor + synthetic dam-break scenario,SYNTHETIC_PROTOTYPE
IN-B013-001,D013,Jayakwadi,R013,Godavari,Maharashtra,Chhatrapati Sambhajinagar,19.48,75.38,EPSG:4326,Structural Failure,Sudden,Central dam section,22.07,35.88,343267895.16,11.12,18.93,8.92,0.57,117.61,0.0945,2026-08-02 06:00:00,94264.7,56.88,277371154.06,178.49,41,48690535.22,20.8,High,Foundation Failure,"POLYGON((75.37899999999999 19.479,75.381 19.479,75.381 19.481,75.37899999999999 19.481,75.37899999999999 19.479))",Indian dam anchor + synthetic dam-break scenario,SYNTHETIC_PROTOTYPE
IN-B013-002,D013,Jayakwadi,R013,Godavari,Maharashtra,Chhatrapati Sambhajinagar,19.48,75.38,EPSG:4326,Overtopping,Progressive,Central dam section,17.8,30.22,39095809.8,15.1,23.2,21.33,0.85,133.98,0.1127,2026-08-03 06:00:00,8159.1,114.58,33095216.43,213.89,41,74632890.85,8.9,Extreme,Structural Failure,"POLYGON((75.37899999999999 19.479,75.381 19.479,75.381 19.481,75.37899999999999 19.481,75.37899999999999 19.479))",Indian dam anchor + synthetic dam-break scenario,SYNTHETIC_PROTOTYPE
IN-B013-003,D013,Jayakwadi,R013,Godavari,Maharashtra,Chhatrapati Sambhajinagar,19.48,75.38,EPSG:4326,Piping,Sudden,Central dam section,30.01,28.54,291894465.81,10.45,10.99,8.72,1.19,21.96,0.4758,2026-08-04 06:00:00,723812.19,18.11,266482113.86,237.07,41,44528431.27,20.4,Low,Heavy Rainfall,"POLYGON((75.37899999999999 19.479,75.381 19.479,75.381 19.481,75.37899999999999 19.481,75.37899999999999 19.479))",Indian dam anchor + synthetic dam-break scenario,SYNTHETIC_PROTOTYPE
IN-B013-004,D013,Jayakwadi,R013,Godavari,Maharashtra,Chhatrapati Sambhajinagar,19.48,75.38,EPSG:4326,Structural Failure,Progressive,Central dam section,21.52,33.31,419504444.61,14.97,19.48,24.63,0.77,122.74,0.1219,2026-08-05 06:00:00,167226.06,87.75,372393658.08,141.67,41,7601638.06,6.2,Medium,Overtopping,"POLYGON((75.37899999999999 19.479,75.381 19.479,75.381 19.481,75.37899999999999 19.481,75.37899999999999 19.479))",Indian dam anchor + synthetic dam-break scenario,SYNTHETIC_PROTOTYPE
IN-B013-005,D013,Jayakwadi,R013,Godavari,Maharashtra,Chhatrapati Sambhajinagar,19.48,75.38,EPSG:4326,Overtopping,Sudden,Central dam section,16.42,28.42,278306495.75,14.48,24.58,26.02,1.01,33.67,0.4299,2026-08-06 06:00:00,437571.66,13.59,206506717.56,432.96,41,60109769.64,27.6,High,Foundation Failure,"POLYGON((75.37899999999999 19.479,75.381 19.479,75.381 19.481,75.37899999999999 19.481,75.37899999999999 19.479))",Indian dam anchor + synthetic dam-break scenario,SYNTHETIC_PROTOTYPE
IN-B013-006,D013,Jayakwadi,R013,Godavari,Maharashtra,Chhatrapati Sambhajinagar,19.48,75.38,EPSG:4326,Piping,Progressive,Central dam section,30.44,29.92,456498641.43,16.39,10.56,20.08,1.18,21.43,0.7647,2026-08-07 06:00:00,686344.82,12.12,422984783.17,351.17,41,39099047.81,11.8,Extreme,Structural Failure,"POLYGON((75.37899999999999 19.479,75.381 19.479,75.381 19.481,75.37899999999999 19.481,75.37899999999999 19.479))",Indian dam anchor + synthetic dam-break scenario,SYNTHETIC_PROTOTYPE
IN-B013-007,D013,Jayakwadi,R013,Godavari,Maharashtra,Chhatrapati Sambhajinagar,19.48,75.38,EPSG:4326,Structural Failure,Sudden,Central dam section,26.53,34.55,317674410.5,11.59,14.47,16.15,0.95,56.75,0.2042,2026-08-08 06:00:00,236545.86,47.57,229840812.44,263.4,41,67568742.9,30.2,Low,Heavy Rainfall,"POLYGON((75.37899999999999 19.479,75.381 19.479,75.381 19.481,75.37899999999999 19.481,75.37899999999999 19.479))",Indian dam anchor + synthetic dam-break scenario,SYNTHETIC_PROTOTYPE
IN-B013-008,D013,Jayakwadi,R013,Godavari,Maharashtra,Chhatrapati Sambhajinagar,19.48,75.38,EPSG:4326,Overtopping,Progressive,Central dam section,12.51,33.0,202499473.84,18.13,28.49,10.02,0.9,52.14,0.3476,2026-08-09 06:00:00,226371.72,27.49,186575116.16,356.11,41,40794040.62,44.4,Medium,Overtopping,"POLYGON((75.37899999999999 19.479,75.381 19.479,75.381 19.481,75.37899999999999 19.481,75.37899999999999 19.479))",Indian dam anchor + synthetic dam-break scenario,SYNTHETIC_PROTOTYPE
IN-B013-009,D013,Jayakwadi,R013,Godavari,Maharashtra,Chhatrapati Sambhajinagar,19.48,75.38,EPSG:4326,Piping,Sudden,Central dam section,17.91,26.04,458935860.41,4.25,23.09,20.85,1.5,26.1,0.1627,2026-08-10 06:00:00,477170.4,11.92,317556257.05,271.92,41,2186929.94,9.6,High,Foundation Failure,"POLYGON((75.37899999999999 19.479,75.381 19.479,75.381 19.481,75.37899999999999 19.481,75.37899999999999 19.479))",Indian dam anchor + synthetic dam-break scenario,SYNTHETIC_PROTOTYPE
IN-B013-010,D013,Jayakwadi,R013,Godavari,Maharashtra,Chhatrapati Sambhajinagar,19.48,75.38,EPSG:4326,Structural Failure,Progressive,Central dam section,26.51,29.6,122882489.98,13.9,14.49,31.5,1.44,125.65,0.1106,2026-08-11 06:00:00,28797.14,82.67,117248410.75,152.3,41,50454247.46,26.1,Extreme,Structural Failure,"POLYGON((75.37899999999999 19.479,75.381 19.479,75.381 19.481,75.37899999999999 19.481,75.37899999999999 19.479))",Indian dam anchor + synthetic dam-break scenario,SYNTHETIC_PROTOTYPE
IN-B013-011,D013,Jayakwadi,R013,Godavari,Maharashtra,Chhatrapati Sambhajinagar,19.48,75.38,EPSG:4326,Overtopping,Sudden,Central dam section,12.58,33.89,317496841.66,5.95,28.42,17.3,1.7,55.07,0.1081,2026-08-12 06:00:00,229687.27,29.95,255207109.18,368.41,41,6741977.9,32.6,Low,Heavy Rainfall,"POLYGON((75.37899999999999 19.479,75.381 19.479,75.381 19.481,75.37899999999999 19.481,75.37899999999999 19.479))",Indian dam anchor + synthetic dam-break scenario,SYNTHETIC_PROTOTYPE
IN-B013-012,D013,Jayakwadi,R013,Godavari,Maharashtra,Chhatrapati Sambhajinagar,19.48,75.38,EPSG:4326,Piping,Progressive,Central dam section,15.84,31.68,487139681.33,5.88,25.16,17.0,0.58,107.59,0.0547,2026-08-13 06:00:00,194172.41,74.68,404129027.23,285.35,41,38103798.52,38.3,Medium,Overtopping,"POLYGON((75.37899999999999 19.479,75.381 19.479,75.381 19.481,75.37899999999999 19.481,75.37899999999999 19.479))",Indian dam anchor + synthetic dam-break scenario,SYNTHETIC_PROTOTYPE
IN-B013-013,D013,Jayakwadi,R013,Godavari,Maharashtra,Chhatrapati Sambhajinagar,19.48,75.38,EPSG:4326,Structural Failure,Sudden,Central dam section,23.83,35.73,329489894.39,4.61,17.17,24.81,1.7,132.64,0.0348,2026-08-14 06:00:00,89176.63,65.96,321302437.12,374.59,41,21113558.75,32.9,High,Foundation Failure,"POLYGON((75.37899999999999 19.479,75.381 19.479,75.381 19.481,75.37899999999999 19.481,75.37899999999999 19.479))",Indian dam anchor + synthetic dam-break scenario,SYNTHETIC_PROTOTYPE
IN-B013-014,D013,Jayakwadi,R013,Godavari,Maharashtra,Chhatrapati Sambhajinagar,19.48,75.38,EPSG:4326,Overtopping,Progressive,Central dam section,24.45,25.51,119792467.05,6.25,16.55,16.65,1.07,120.08,0.0521,2026-08-15 06:00:00,39312.59,100.97,97635097.96,144.84,41,79813652.53,22.9,Extreme,Structural Failure,"POLYGON((75.37899999999999 19.479,75.381 19.479,75.381 19.481,75.37899999999999 19.481,75.37899999999999 19.479))",Indian dam anchor + synthetic dam-break scenario,SYNTHETIC_PROTOTYPE
IN-B014-001,D014,Ukai,R014,Tapi,Gujarat,Tapi,21.24,73.59,EPSG:4326,Overtopping,Sudden,Central dam section,31.75,75.61,197970982.43,12.89,49.25,36.57,0.77,105.01,0.1228,2026-08-02 06:00:00,85145.8,74.54,184411450.99,196.21,81,17669316.25,8.0,Extreme,Structural Failure,"POLYGON((73.589 21.238999999999997,73.59100000000001 21.238999999999997,73.59100000000001 21.241,73.589 21.241,73.589 21.238999999999997))",Indian dam anchor + synthetic dam-break scenario,SYNTHETIC_PROTOTYPE
IN-B014-002,D014,Ukai,R014,Tapi,Gujarat,Tapi,21.24,73.59,EPSG:4326,Piping,Progressive,Central dam section,33.41,66.44,392264361.74,11.11,47.59,29.67,0.98,29.96,0.3709,2026-08-03 06:00:00,500746.03,12.37,316688580.9,33.38,81,79274858.15,17.9,Low,Heavy Rainfall,"POLYGON((73.589 21.238999999999997,73.59100000000001 21.238999999999997,73.59100000000001 21.241,73.589 21.241,73.589 21.238999999999997))",Indian dam anchor + synthetic dam-break scenario,SYNTHETIC_PROTOTYPE
IN-B014-003,D014,Ukai,R014,Tapi,Gujarat,Tapi,21.24,73.59,EPSG:4326,Structural Failure,Sudden,Central dam section,33.9,70.07,449183391.45,32.56,47.1,33.09,0.83,155.3,0.2097,2026-08-04 06:00:00,148932.63,133.68,342906037.46,357.48,81,22801695.17,20.8,Medium,Overtopping,"POLYGON((73.589 21.238999999999997,73.59100000000001 21.238999999999997,73.59100000000001 21.241,73.589 21.241,73.589 21.238999999999997))",Indian dam anchor + synthetic dam-break scenario,SYNTHETIC_PROTOTYPE
IN-B014-004,D014,Ukai,R014,Tapi,Gujarat,Tapi,21.24,73.59,EPSG:4326,Overtopping,Progressive,Central dam section,45.1,77.59,153509808.53,7.01,35.9,28.95,1.73,30.4,0.2307,2026-08-05 06:00:00,240526.91,20.97,110663674.97,10.86,81,46051572.46,23.5,High,Foundation Failure,"POLYGON((73.589 21.238999999999997,73.59100000000001 21.238999999999997,73.59100000000001 21.241,73.589 21.241,73.589 21.238999999999997))",Indian dam anchor + synthetic dam-break scenario,SYNTHETIC_PROTOTYPE
IN-B014-005,D014,Ukai,R014,Tapi,Gujarat,Tapi,21.24,73.59,EPSG:4326,Piping,Sudden,Central dam section,31.22,68.71,20915479.42,19.96,49.78,18.72,0.68,41.05,0.4863,2026-08-06 06:00:00,20950.91,31.36,14537789.22,407.69,81,46346539.8,43.7,Extreme,Structural Failure,"POLYGON((73.589 21.238999999999997,73.59100000000001 21.238999999999997,73.59100000000001 21.241,73.589 21.241,73.589 21.238999999999997))",Indian dam anchor + synthetic dam-break scenario,SYNTHETIC_PROTOTYPE
IN-B014-006,D014,Ukai,R014,Tapi,Gujarat,Tapi,21.24,73.59,EPSG:4326,Structural Failure,Progressive,Central dam section,57.53,70.89,139862336.89,10.55,23.47,43.24,1.51,49.92,0.2114,2026-08-07 06:00:00,108949.71,32.45,132791581.61,335.95,81,25905329.07,37.6,Low,Heavy Rainfall,"POLYGON((73.589 21.238999999999997,73.59100000000001 21.238999999999997,73.59100000000001 21.241,73.589 21.241,73.589 21.238999999999997))",Indian dam anchor + synthetic dam-break scenario,SYNTHETIC_PROTOTYPE
IN-B014-007,D014,Ukai,R014,Tapi,Gujarat,Tapi,21.24,73.59,EPSG:4326,Overtopping,Sudden,Central dam section,25.34,73.8,328888882.66,15.07,55.66,20.34,1.95,86.89,0.1735,2026-08-08 06:00:00,200212.58,53.32,281109282.93,465.5,81,43564200.28,11.3,Medium,Overtopping,"POLYGON((73.589 21.238999999999997,73.59100000000001 21.238999999999997,73.59100000000001 21.241,73.589 21.241,73.589 21.238999999999997))",Indian dam anchor + synthetic dam-break scenario,SYNTHETIC_PROTOTYPE
IN-B014-008,D014,Ukai,R014,Tapi,Gujarat,Tapi,21.24,73.59,EPSG:4326,Piping,Progressive,Central dam section,24.7,65.93,344693760.79,30.14,56.3,16.24,1.52,109.93,0.2741,2026-08-09 06:00:00,166535.65,60.27,278687455.74,448.88,81,14009323.85,9.7,High,Foundation Failure,"POLYGON((73.589 21.238999999999997,73.59100000000001 21.238999999999997,73.59100000000001 21.241,73.589 21.241,73.589 21.238999999999997))",Indian dam anchor + synthetic dam-break scenario,SYNTHETIC_PROTOTYPE
IN-B014-009,D014,Ukai,R014,Tapi,Gujarat,Tapi,21.24,73.59,EPSG:4326,Structural Failure,Sudden,Central dam section,36.68,63.5,134116507.5,14.07,44.32,18.93,1.35,143.76,0.0979,2026-08-10 06:00:00,49162.22,76.08,119288916.66,154.85,81,69224427.4,24.9,Extreme,Structural Failure,"POLYGON((73.589 21.238999999999997,73.59100000000001 21.238999999999997,73.59100000000001 21.241,73.589 21.241,73.589 21.238999999999997))",Indian dam anchor + synthetic dam-break scenario,SYNTHETIC_PROTOTYPE
IN-B014-010,D014,Ukai,R014,Tapi,Gujarat,Tapi,21.24,73.59,EPSG:4326,Overtopping,Progressive,Central dam section,33.65,68.83,217795154.46,26.31,47.35,26.17,0.84,22.28,1.1808,2026-08-11 06:00:00,278347.05,15.94,178323152.56,83.72,81,40107784.01,38.8,Low,Heavy Rainfall,"POLYGON((73.589 21.238999999999997,73.59100000000001 21.238999999999997,73.59100000000001 21.241,73.589 21.241,73.589 21.238999999999997))",Indian dam anchor + synthetic dam-break scenario,SYNTHETIC_PROTOTYPE
IN-B014-011,D014,Ukai,R014,Tapi,Gujarat,Tapi,21.24,73.59,EPSG:4326,Piping,Sudden,Central dam section,24.67,68.89,87504786.78,31.0,56.33,29.87,0.92,66.06,0.4693,2026-08-12 06:00:00,54321.22,44.52,80282375.52,342.09,81,62727388.64,26.4,Medium,Overtopping,"POLYGON((73.589 21.238999999999997,73.59100000000001 21.238999999999997,73.59100000000001 21.241,73.589 21.241,73.589 21.238999999999997))",Indian dam anchor + synthetic dam-break scenario,SYNTHETIC_PROTOTYPE
IN-B014-012,D014,Ukai,R014,Tapi,Gujarat,Tapi,21.24,73.59,EPSG:4326,Structural Failure,Progressive,Central dam section,34.86,72.16,246182261.84,29.26,46.14,40.81,1.4,72.07,0.406,2026-08-13 06:00:00,164714.12,56.08,240025772.0,296.74,81,77746423.69,42.1,High,Foundation Failure,"POLYGON((73.589 21.238999999999997,73.59100000000001 21.238999999999997,73.59100000000001 21.241,73.589 21.241,73.589 21.238999999999997))",Indian dam anchor + synthetic dam-break scenario,SYNTHETIC_PROTOTYPE
IN-B014-013,D014,Ukai,R014,Tapi,Gujarat,Tapi,21.24,73.59,EPSG:4326,Overtopping,Sudden,Central dam section,32.5,66.56,307697042.18,29.33,48.5,19.93,1.63,51.95,0.5646,2026-08-14 06:00:00,187814.49,32.07,230723270.33,481.42,81,54125570.67,13.4,Extreme,Structural Failure,"POLYGON((73.589 21.238999999999997,73.59100000000001 21.238999999999997,73.59100000000001 21.241,73.589 21.241,73.589 21.238999999999997))",Indian dam anchor + synthetic dam-break scenario,SYNTHETIC_PROTOTYPE
IN-B014-014,D014,Ukai,R014,Tapi,Gujarat,Tapi,21.24,73.59,EPSG:4326,Piping,Progressive,Central dam section,34.96,77.77,228373300.55,13.01,46.04,17.27,1.15,150.84,0.0863,2026-08-15 06:00:00,81143.91,93.19,182297798.34,148.94,81,59186878.78,16.8,Low,Heavy Rainfall,"POLYGON((73.589 21.238999999999997,73.59100000000001 21.238999999999997,73.59100000000001 21.241,73.589 21.241,73.589 21.238999999999997))",Indian dam anchor + synthetic dam-break scenario,SYNTHETIC_PROTOTYPE
IN-B015-001,D015,Gandhi Sagar,R015,Chambal,Madhya Pradesh,Mandsaur,24.28,75.55,EPSG:4326,Piping,Sudden,Central dam section,22.01,49.76,385766726.1,23.33,41.99,15.26,0.99,17.08,1.3663,2026-08-02 06:00:00,741135.5,8.66,271210691.27,161.76,64,6903447.53,23.8,Low,Heavy Rainfall,"POLYGON((75.54899999999999 24.279,75.551 24.279,75.551 24.281000000000002,75.54899999999999 24.281000000000002,75.54899999999999 24.279))",Indian dam anchor + synthetic dam-break scenario,SYNTHETIC_PROTOTYPE
IN-B015-002,D015,Gandhi Sagar,R015,Chambal,Madhya Pradesh,Mandsaur,24.28,75.55,EPSG:4326,Structural Failure,Progressive,Central dam section,29.83,47.35,340826142.86,23.26,34.17,25.52,0.99,71.84,0.3239,2026-08-03 06:00:00,168484.02,32.15,265828317.62,71.44,64,11361969.78,10.2,Medium,Overtopping,"POLYGON((75.54899999999999 24.279,75.551 24.279,75.551 24.281000000000002,75.54899999999999 24.281000000000002,75.54899999999999 24.279))",Indian dam anchor + synthetic dam-break scenario,SYNTHETIC_PROTOTYPE
IN-B015-003,D015,Gandhi Sagar,R015,Chambal,Madhya Pradesh,Mandsaur,24.28,75.55,EPSG:4326,Overtopping,Sudden,Central dam section,42.6,53.21,303669516.96,8.87,21.4,17.95,0.62,84.89,0.1045,2026-08-04 06:00:00,95428.33,52.12,207172329.89,43.62,64,79806551.04,18.9,High,Foundation Failure,"POLYGON((75.54899999999999 24.279,75.551 24.279,75.551 24.281000000000002,75.54899999999999 24.281000000000002,75.54899999999999 24.279))",Indian dam anchor + synthetic dam-break scenario,SYNTHETIC_PROTOTYPE
IN-B015-004,D015,Gandhi Sagar,R015,Chambal,Madhya Pradesh,Mandsaur,24.28,75.55,EPSG:4326,Piping,Progressive,Central dam section,28.11,58.72,107991258.23,8.84,35.89,30.3,1.97,173.19,0.051,2026-08-05 06:00:00,34355.96,152.07,104595799.39,12.2,64,60324386.07,8.9,Extreme,Structural Failure,"POLYGON((75.54899999999999 24.279,75.551 24.279,75.551 24.281000000000002,75.54899999999999 24.281000000000002,75.54899999999999 24.279))",Indian dam anchor + synthetic dam-break scenario,SYNTHETIC_PROTOTYPE
IN-B015-005,D015,Gandhi Sagar,R015,Chambal,Madhya Pradesh,Mandsaur,24.28,75.55,EPSG:4326,Structural Failure,Sudden,Central dam section,38.26,57.62,272589978.8,15.11,25.74,23.49,1.42,124.43,0.1214,2026-08-06 06:00:00,80271.34,84.79,189715451.6,290.4,64,13731951.48,23.5,Low,Heavy Rainfall,"POLYGON((75.54899999999999 24.279,75.551 24.279,75.551 24.281000000000002,75.54899999999999 24.281000000000002,75.54899999999999 24.279))",Indian dam anchor + synthetic dam-break scenario,SYNTHETIC_PROTOTYPE
IN-B015-006,D015,Gandhi Sagar,R015,Chambal,Madhya Pradesh,Mandsaur,24.28,75.55,EPSG:4326,Overtopping,Progressive,Central dam section,26.36,50.7,167580845.31,19.85,37.64,42.38,1.14,163.55,0.1214,2026-08-07 06:00:00,40169.61,96.15,133591960.37,382.8,64,42374993.5,47.9,Medium,Overtopping,"POLYGON((75.54899999999999 24.279,75.551 24.279,75.551 24.281000000000002,75.54899999999999 24.281000000000002,75.54899999999999 24.279))",Indian dam anchor + synthetic dam-break scenario,SYNTHETIC_PROTOTYPE
IN-B015-007,D015,Gandhi Sagar,R015,Chambal,Madhya Pradesh,Mandsaur,24.28,75.55,EPSG:4326,Piping,Sudden,Central dam section,34.36,58.89,125844216.89,25.61,29.64,20.62,1.89,78.85,0.3248,2026-08-08 06:00:00,81290.04,59.62,86090232.64,270.62,64,69835551.94,13.7,High,Foundation Failure,"POLYGON((75.54899999999999 24.279,75.551 24.279,75.551 24.281000000000002,75.54899999999999 24.281000000000002,75.54899999999999 24.279))",Indian dam anchor + synthetic dam-break scenario,SYNTHETIC_PROTOTYPE
IN-B015-008,D015,Gandhi Sagar,R015,Chambal,Madhya Pradesh,Mandsaur,24.28,75.55,EPSG:4326,Structural Failure,Progressive,Central dam section,21.72,53.16,309131992.0,11.0,42.28,43.95,1.57,149.78,0.0734,2026-08-09 06:00:00,112061.08,89.08,256863081.59,452.92,64,56887093.1,28.1,Extreme,Structural Failure,"POLYGON((75.54899999999999 24.279,75.551 24.279,75.551 24.281000000000002,75.54899999999999 24.281000000000002,75.54899999999999 24.279))",Indian dam anchor + synthetic dam-break scenario,SYNTHETIC_PROTOTYPE
IN-B015-009,D015,Gandhi Sagar,R015,Chambal,Madhya Pradesh,Mandsaur,24.28,75.55,EPSG:4326,Overtopping,Sudden,Central dam section,50.22,55.46,236466514.61,8.11,13.78,14.8,0.85,30.45,0.2665,2026-08-10 06:00:00,218475.7,19.06,220680033.0,373.21,64,77073266.11,29.8,Low,Heavy Rainfall,"POLYGON((75.54899999999999 24.279,75.551 24.279,75.551 24.281000000000002,75.54899999999999 24.281000000000002,75.54899999999999 24.279))",Indian dam anchor + synthetic dam-break scenario,SYNTHETIC_PROTOTYPE
IN-B015-010,D015,Gandhi Sagar,R015,Chambal,Madhya Pradesh,Mandsaur,24.28,75.55,EPSG:4326,Piping,Progressive,Central dam section,26.85,52.71,67322797.0,12.39,37.15,39.54,1.94,131.21,0.0945,2026-08-11 06:00:00,16944.36,62.82,53871619.8,50.85,64,44451690.03,25.5,Medium,Overtopping,"POLYGON((75.54899999999999 24.279,75.551 24.279,75.551 24.281000000000002,75.54899999999999 24.281000000000002,75.54899999999999 24.279))",Indian dam anchor + synthetic dam-break scenario,SYNTHETIC_PROTOTYPE
IN-B015-011,D015,Gandhi Sagar,R015,Chambal,Madhya Pradesh,Mandsaur,24.28,75.55,EPSG:4326,Structural Failure,Sudden,Central dam section,38.69,46.36,403265728.22,11.55,25.31,21.63,0.58,54.03,0.2137,2026-08-12 06:00:00,243250.65,25.99,265857016.18,101.59,64,25396501.85,37.6,High,Foundation Failure,"POLYGON((75.54899999999999 24.279,75.551 24.279,75.551 24.281000000000002,75.54899999999999 24.281000000000002,75.54899999999999 24.279))",Indian dam anchor + synthetic dam-break scenario,SYNTHETIC_PROTOTYPE
IN-B015-012,D015,Gandhi Sagar,R015,Chambal,Madhya Pradesh,Mandsaur,24.28,75.55,EPSG:4326,Overtopping,Progressive,Central dam section,51.25,53.29,296723520.42,18.65,12.75,48.45,1.41,134.44,0.1387,2026-08-13 06:00:00,101178.16,111.47,261861503.01,349.87,64,52938078.44,36.1,Extreme,Structural Failure,"POLYGON((75.54899999999999 24.279,75.551 24.279,75.551 24.281000000000002,75.54899999999999 24.281000000000002,75.54899999999999 24.279))",Indian dam anchor + synthetic dam-break scenario,SYNTHETIC_PROTOTYPE
IN-B015-013,D015,Gandhi Sagar,R015,Chambal,Madhya Pradesh,Mandsaur,24.28,75.55,EPSG:4326,Piping,Sudden,Central dam section,27.82,46.11,449984211.53,10.17,36.18,29.6,1.26,132.7,0.0767,2026-08-14 06:00:00,186233.74,60.83,305369037.3,484.78,64,47439303.68,28.4,Low,Heavy Rainfall,"POLYGON((75.54899999999999 24.279,75.551 24.279,75.551 24.281000000000002,75.54899999999999 24.281000000000002,75.54899999999999 24.279))",Indian dam anchor + synthetic dam-break scenario,SYNTHETIC_PROTOTYPE
IN-B015-014,D015,Gandhi Sagar,R015,Chambal,Madhya Pradesh,Mandsaur,24.28,75.55,EPSG:4326,Structural Failure,Progressive,Central dam section,38.59,51.02,115379947.67,20.92,25.41,34.77,1.74,141.38,0.148,2026-08-15 06:00:00,40585.49,89.17,91201608.33,246.62,64,18468815.27,31.8,Medium,Overtopping,"POLYGON((75.54899999999999 24.279,75.551 24.279,75.551 24.281000000000002,75.54899999999999 24.281000000000002,75.54899999999999 24.279))",Indian dam anchor + synthetic dam-break scenario,SYNTHETIC_PROTOTYPE
IN-B016-001,D016,Indira Sagar,R016,Narmada,Madhya Pradesh,Khandwa,22.24,76.47,EPSG:4326,Structural Failure,Sudden,Central dam section,54.82,81.1,56657004.19,39.59,37.18,48.78,0.71,55.7,0.7108,2026-08-02 06:00:00,42400.28,24.99,45523915.88,491.9,92,34854989.58,8.7,Medium,Overtopping,"POLYGON((76.469 22.238999999999997,76.471 22.238999999999997,76.471 22.241,76.469 22.241,76.469 22.238999999999997))",Indian dam anchor + synthetic dam-break scenario,SYNTHETIC_PROTOTYPE
IN-B016-002,D016,Indira Sagar,R016,Narmada,Madhya Pradesh,Khandwa,22.24,76.47,EPSG:4326,Overtopping,Progressive,Central dam section,35.83,88.17,484760751.58,9.11,56.17,60.54,1.27,141.79,0.0642,2026-08-03 06:00:00,113373.14,63.62,322001983.35,397.56,92,11242760.83,36.5,High,Foundation Failure,"POLYGON((76.469 22.238999999999997,76.471 22.238999999999997,76.471 22.241,76.469 22.241,76.469 22.238999999999997))",Indian dam anchor + synthetic dam-break scenario,SYNTHETIC_PROTOTYPE
IN-B016-003,D016,Indira Sagar,R016,Narmada,Madhya Pradesh,Khandwa,22.24,76.47,EPSG:4326,Piping,Sudden,Central dam section,76.1,75.34,497524320.81,8.15,15.9,48.21,1.84,153.27,0.0532,2026-08-04 06:00:00,85818.92,135.78,482843085.48,427.62,92,55026078.06,14.1,Extreme,Structural Failure,"POLYGON((76.469 22.238999999999997,76.471 22.238999999999997,76.471 22.241,76.469 22.241,76.469 22.238999999999997))",Indian dam anchor + synthetic dam-break scenario,SYNTHETIC_PROTOTYPE
IN-B016-004,D016,Indira Sagar,R016,Narmada,Madhya Pradesh,Khandwa,22.24,76.47,EPSG:4326,Structural Failure,Progressive,Central dam section,48.79,77.62,185424244.68,29.8,43.21,71.95,1.53,141.21,0.211,2026-08-05 06:00:00,41344.38,111.91,177530293.98,440.54,92,14665623.47,17.7,Low,Heavy Rainfall,"POLYGON((76.469 22.238999999999997,76.471 22.238999999999997,76.471 22.241,76.469 22.241,76.469 22.238999999999997))",Indian dam anchor + synthetic dam-break scenario,SYNTHETIC_PROTOTYPE
IN-B016-005,D016,Indira Sagar,R016,Narmada,Madhya Pradesh,Khandwa,22.24,76.47,EPSG:4326,Overtopping,Sudden,Central dam section,60.78,88.97,77864469.25,11.81,31.22,32.85,1.89,137.9,0.0857,2026-08-06 06:00:00,19608.46,77.33,64257794.73,385.92,92,33777205.86,35.1,Medium,Overtopping,"POLYGON((76.469 22.238999999999997,76.471 22.238999999999997,76.471 22.241,76.469 22.241,76.469 22.238999999999997))",Indian dam anchor + synthetic dam-break scenario,SYNTHETIC_PROTOTYPE
IN-B016-006,D016,Indira Sagar,R016,Narmada,Madhya Pradesh,Khandwa,22.24,76.47,EPSG:4326,Piping,Progressive,Central dam section,47.9,81.75,246771869.33,36.22,44.1,26.38,0.8,167.24,0.2166,2026-08-07 06:00:00,56824.23,93.12,219858106.92,325.99,92,2478877.46,8.1,High,Foundation Failure,"POLYGON((76.469 22.238999999999997,76.471 22.238999999999997,76.471 22.241,76.469 22.241,76.469 22.238999999999997))",Indian dam anchor + synthetic dam-break scenario,SYNTHETIC_PROTOTYPE
IN-B016-007,D016,Indira Sagar,R016,Narmada,Madhya Pradesh,Khandwa,22.24,76.47,EPSG:4326,Structural Failure,Sudden,Central dam section,66.51,86.96,488269144.46,7.89,25.49,47.07,1.69,129.51,0.0609,2026-08-08 06:00:00,100743.23,107.47,394055683.03,396.07,92,70025562.28,46.0,Extreme,Structural Failure,"POLYGON((76.469 22.238999999999997,76.471 22.238999999999997,76.471 22.241,76.469 22.241,76.469 22.238999999999997))",Indian dam anchor + synthetic dam-break scenario,SYNTHETIC_PROTOTYPE
IN-B016-008,D016,Indira Sagar,R016,Narmada,Madhya Pradesh,Khandwa,22.24,76.47,EPSG:4326,Overtopping,Progressive,Central dam section,59.36,85.54,392062328.19,27.71,32.64,18.8,1.95,175.11,0.1582,2026-08-09 06:00:00,102499.97,110.34,312927173.48,81.43,92,14402127.85,44.9,Low,Heavy Rainfall,"POLYGON((76.469 22.238999999999997,76.471 22.238999999999997,76.471 22.241,76.469 22.241,76.469 22.238999999999997))",Indian dam anchor + synthetic dam-break scenario,SYNTHETIC_PROTOTYPE
IN-B016-009,D016,Indira Sagar,R016,Narmada,Madhya Pradesh,Khandwa,22.24,76.47,EPSG:4326,Piping,Sudden,Central dam section,78.07,77.9,244028894.19,25.32,13.93,47.54,1.88,166.73,0.1519,2026-08-10 06:00:00,66711.98,94.01,179981072.56,338.23,92,15193272.59,17.0,Medium,Overtopping,"POLYGON((76.469 22.238999999999997,76.471 22.238999999999997,76.471 22.241,76.469 22.241,76.469 22.238999999999997))",Indian dam anchor + synthetic dam-break scenario,SYNTHETIC_PROTOTYPE
IN-B016-010,D016,Indira Sagar,R016,Narmada,Madhya Pradesh,Khandwa,22.24,76.47,EPSG:4326,Structural Failure,Progressive,Central dam section,66.21,88.09,441822631.15,25.99,25.79,27.26,0.94,88.55,0.2936,2026-08-11 06:00:00,253378.63,54.81,335226073.56,107.24,92,13286721.99,13.7,High,Foundation Failure,"POLYGON((76.469 22.238999999999997,76.471 22.238999999999997,76.471 22.241,76.469 22.241,76.469 22.238999999999997))",Indian dam anchor + synthetic dam-break scenario,SYNTHETIC_PROTOTYPE
IN-B016-011,D016,Indira Sagar,R016,Narmada,Madhya Pradesh,Khandwa,22.24,76.47,EPSG:4326,Overtopping,Sudden,Central dam section,50.82,76.62,133796496.48,10.63,41.18,30.42,1.0,51.05,0.2083,2026-08-12 06:00:00,78976.41,44.63,89366989.79,19.64,92,68840879.88,42.7,Extreme,Structural Failure,"POLYGON((76.469 22.238999999999997,76.471 22.238999999999997,76.471 22.241,76.469 22.241,76.469 22.238999999999997))",Indian dam anchor + synthetic dam-break scenario,SYNTHETIC_PROTOTYPE
IN-B016-012,D016,Indira Sagar,R016,Narmada,Madhya Pradesh,Khandwa,22.24,76.47,EPSG:4326,Piping,Progressive,Central dam section,74.95,80.98,215081385.88,17.16,17.05,37.24,1.39,142.8,0.1201,2026-08-13 06:00:00,82822.65,91.56,195484074.22,68.87,92,14893525.89,22.6,Low,Heavy Rainfall,"POLYGON((76.469 22.238999999999997,76.471 22.238999999999997,76.471 22.241,76.469 22.241,76.469 22.238999999999997))",Indian dam anchor + synthetic dam-break scenario,SYNTHETIC_PROTOTYPE
IN-B016-013,D016,Indira Sagar,R016,Narmada,Madhya Pradesh,Khandwa,22.24,76.47,EPSG:4326,Structural Failure,Sudden,Central dam section,50.78,88.93,306329354.68,20.06,41.22,70.62,1.86,84.16,0.2384,2026-08-14 06:00:00,109949.54,58.52,262315683.62,313.11,92,67271907.46,12.9,Medium,Overtopping,"POLYGON((76.469 22.238999999999997,76.471 22.238999999999997,76.471 22.241,76.469 22.241,76.469 22.238999999999997))",Indian dam anchor + synthetic dam-break scenario,SYNTHETIC_PROTOTYPE
IN-B016-014,D016,Indira Sagar,R016,Narmada,Madhya Pradesh,Khandwa,22.24,76.47,EPSG:4326,Overtopping,Progressive,Central dam section,56.53,84.98,313826523.58,20.92,35.47,35.7,1.74,15.51,1.3492,2026-08-15 06:00:00,781347.38,11.85,304991088.05,299.92,92,60893369.21,13.7,High,Foundation Failure,"POLYGON((76.469 22.238999999999997,76.471 22.238999999999997,76.471 22.241,76.469 22.241,76.469 22.238999999999997))",Indian dam anchor + synthetic dam-break scenario,SYNTHETIC_PROTOTYPE
IN-B017-001,D017,Rihand,R017,Rihand,Uttar Pradesh,Sonbhadra,24.2,83.0,EPSG:4326,Overtopping,Sudden,Central dam section,65.0,75.62,134753980.28,8.9,26.0,36.5,1.21,25.43,0.3498,2026-08-02 06:00:00,304722.21,21.77,103308973.36,298.34,91,45459730.6,24.8,High,Foundation Failure,"POLYGON((82.999 24.198999999999998,83.001 24.198999999999998,83.001 24.201,82.999 24.201,82.999 24.198999999999998))",Indian dam anchor + synthetic dam-break scenario,SYNTHETIC_PROTOTYPE
IN-B017-002,D017,Rihand,R017,Rihand,Uttar Pradesh,Sonbhadra,24.2,83.0,EPSG:4326,Piping,Progressive,Central dam section,57.68,86.32,141452434.78,28.03,33.32,25.69,1.55,178.94,0.1567,2026-08-03 06:00:00,21671.71,119.41,123738515.96,450.8,91,29836657.17,23.6,Extreme,Structural Failure,"POLYGON((82.999 24.198999999999998,83.001 24.198999999999998,83.001 24.201,82.999 24.201,82.999 24.198999999999998))",Indian dam anchor + synthetic dam-break scenario,SYNTHETIC_PROTOTYPE
IN-B017-003,D017,Rihand,R017,Rihand,Uttar Pradesh,Sonbhadra,24.2,83.0,EPSG:4326,Structural Failure,Sudden,Central dam section,56.98,77.38,150220579.89,29.41,34.02,24.65,1.77,167.27,0.1758,2026-08-04 06:00:00,49940.36,80.73,133084644.0,349.88,91,23861265.59,23.2,Low,Heavy Rainfall,"POLYGON((82.999 24.198999999999998,83.001 24.198999999999998,83.001 24.201,82.999 24.201,82.999 24.198999999999998))",Indian dam anchor + synthetic dam-break scenario,SYNTHETIC_PROTOTYPE
IN-B017-004,D017,Rihand,R017,Rihand,Uttar Pradesh,Sonbhadra,24.2,83.0,EPSG:4326,Overtopping,Progressive,Central dam section,30.34,76.97,430047071.57,10.49,60.66,55.97,1.87,94.92,0.1106,2026-08-05 06:00:00,261038.73,64.76,293111239.76,321.92,91,13944300.82,27.4,Medium,Overtopping,"POLYGON((82.999 24.198999999999998,83.001 24.198999999999998,83.001 24.201,82.999 24.201,82.999 24.198999999999998))",Indian dam anchor + synthetic dam-break scenario,SYNTHETIC_PROTOTYPE
IN-B017-005,D017,Rihand,R017,Rihand,Uttar Pradesh,Sonbhadra,24.2,83.0,EPSG:4326,Piping,Sudden,Central dam section,51.4,77.27,228554930.36,11.14,39.6,35.39,1.91,34.81,0.32,2026-08-06 06:00:00,268518.91,16.34,221226250.72,247.37,91,49902461.41,16.3,High,Foundation Failure,"POLYGON((82.999 24.198999999999998,83.001 24.198999999999998,83.001 24.201,82.999 24.201,82.999 24.198999999999998))",Indian dam anchor + synthetic dam-break scenario,SYNTHETIC_PROTOTYPE
IN-B017-006,D017,Rihand,R017,Rihand,Uttar Pradesh,Sonbhadra,24.2,83.0,EPSG:4326,Structural Failure,Progressive,Central dam section,56.63,83.49,296103298.26,29.55,34.37,62.56,1.96,94.74,0.3119,2026-08-07 06:00:00,178293.49,62.1,227568109.47,449.48,91,36518843.43,35.1,Extreme,Structural Failure,"POLYGON((82.999 24.198999999999998,83.001 24.198999999999998,83.001 24.201,82.999 24.201,82.999 24.198999999999998))",Indian dam anchor + synthetic dam-break scenario,SYNTHETIC_PROTOTYPE
IN-B017-007,D017,Rihand,R017,Rihand,Uttar Pradesh,Sonbhadra,24.2,83.0,EPSG:4326,Overtopping,Sudden,Central dam section,74.19,87.67,36198755.15,32.65,16.81,40.45,1.19,59.84,0.5456,2026-08-08 06:00:00,21024.04,25.63,34053623.72,265.58,91,41702050.77,29.5,Low,Heavy Rainfall,"POLYGON((82.999 24.198999999999998,83.001 24.198999999999998,83.001 24.201,82.999 24.201,82.999 24.198999999999998))",Indian dam anchor + synthetic dam-break scenario,SYNTHETIC_PROTOTYPE
IN-B017-008,D017,Rihand,R017,Rihand,Uttar Pradesh,Sonbhadra,24.2,83.0,EPSG:4326,Piping,Progressive,Central dam section,49.07,87.7,415976352.66,14.05,41.93,63.63,1.22,125.83,0.1117,2026-08-09 06:00:00,141336.37,83.76,271065280.74,66.6,91,14644139.24,29.7,Medium,Overtopping,"POLYGON((82.999 24.198999999999998,83.001 24.198999999999998,83.001 24.201,82.999 24.201,82.999 24.198999999999998))",Indian dam anchor + synthetic dam-break scenario,SYNTHETIC_PROTOTYPE
IN-B017-009,D017,Rihand,R017,Rihand,Uttar Pradesh,Sonbhadra,24.2,83.0,EPSG:4326,Structural Failure,Sudden,Central dam section,47.15,76.89,431627871.25,39.3,43.85,45.43,1.44,19.5,2.0154,2026-08-10 06:00:00,690249.88,14.0,409351961.82,15.69,91,32967291.98,30.0,High,Foundation Failure,"POLYGON((82.999 24.198999999999998,83.001 24.198999999999998,83.001 24.201,82.999 24.201,82.999 24.198999999999998))",Indian dam anchor + synthetic dam-break scenario,SYNTHETIC_PROTOTYPE
IN-B017-010,D017,Rihand,R017,Rihand,Uttar Pradesh,Sonbhadra,24.2,83.0,EPSG:4326,Overtopping,Progressive,Central dam section,60.34,85.79,315906323.14,25.4,30.66,68.42,1.39,141.01,0.1801,2026-08-11 06:00:00,85921.45,96.26,284101779.79,452.13,91,49114853.35,27.4,Extreme,Structural Failure,"POLYGON((82.999 24.198999999999998,83.001 24.198999999999998,83.001 24.201,82.999 24.201,82.999 24.198999999999998))",Indian dam anchor + synthetic dam-break scenario,SYNTHETIC_PROTOTYPE
IN-B017-011,D017,Rihand,R017,Rihand,Uttar Pradesh,Sonbhadra,24.2,83.0,EPSG:4326,Piping,Sudden,Central dam section,36.33,82.81,155066285.43,17.0,54.67,71.56,0.68,68.59,0.2479,2026-08-12 06:00:00,130725.62,50.59,130259040.41,353.9,91,57825706.91,39.6,Low,Heavy Rainfall,"POLYGON((82.999 24.198999999999998,83.001 24.198999999999998,83.001 24.201,82.999 24.201,82.999 24.198999999999998))",Indian dam anchor + synthetic dam-break scenario,SYNTHETIC_PROTOTYPE
IN-B017-012,D017,Rihand,R017,Rihand,Uttar Pradesh,Sonbhadra,24.2,83.0,EPSG:4326,Structural Failure,Progressive,Central dam section,68.07,73.72,81116564.11,30.94,22.93,61.93,0.69,116.73,0.2651,2026-08-13 06:00:00,25330.65,88.32,78132605.23,21.59,91,37714334.51,37.8,Medium,Overtopping,"POLYGON((82.999 24.198999999999998,83.001 24.198999999999998,83.001 24.201,82.999 24.201,82.999 24.198999999999998))",Indian dam anchor + synthetic dam-break scenario,SYNTHETIC_PROTOTYPE
IN-B017-013,D017,Rihand,R017,Rihand,Uttar Pradesh,Sonbhadra,24.2,83.0,EPSG:4326,Overtopping,Sudden,Central dam section,66.09,86.3,386393362.05,15.15,24.91,28.52,1.12,42.96,0.3527,2026-08-14 06:00:00,310503.07,32.5,323124119.01,384.79,91,1320558.86,18.2,High,Foundation Failure,"POLYGON((82.999 24.198999999999998,83.001 24.198999999999998,83.001 24.201,82.999 24.201,82.999 24.198999999999998))",Indian dam anchor + synthetic dam-break scenario,SYNTHETIC_PROTOTYPE
IN-B017-014,D017,Rihand,R017,Rihand,Uttar Pradesh,Sonbhadra,24.2,83.0,EPSG:4326,Piping,Progressive,Central dam section,76.53,73.31,266313132.35,13.45,14.47,48.17,1.52,15.04,0.8937,2026-08-15 06:00:00,522560.82,11.41,215337359.43,337.05,91,31546359.78,30.6,Extreme,Structural Failure,"POLYGON((82.999 24.198999999999998,83.001 24.198999999999998,83.001 24.201,82.999 24.201,82.999 24.198999999999998))",Indian dam anchor + synthetic dam-break scenario,SYNTHETIC_PROTOTYPE
IN-B018-001,D018,Ramganga,R018,Ramganga,Uttarakhand,Pauri Garhwal,29.78,78.77,EPSG:4326,Piping,Sudden,Central dam section,79.53,111.87,203222344.89,48.0,48.47,52.47,0.65,101.61,0.4723,2026-08-02 06:00:00,73503.4,43.34,174905821.24,405.82,128,49283673.58,35.7,Extreme,Structural Failure,"POLYGON((78.76899999999999 29.779,78.771 29.779,78.771 29.781000000000002,78.76899999999999 29.781000000000002,78.76899999999999 29.779))",Indian dam anchor + synthetic dam-break scenario,SYNTHETIC_PROTOTYPE
IN-B018-002,D018,Ramganga,R018,Ramganga,Uttarakhand,Pauri Garhwal,29.78,78.77,EPSG:4326,Structural Failure,Progressive,Central dam section,55.25,122.55,63356951.57,30.62,72.75,69.17,1.04,26.62,1.1503,2026-08-03 06:00:00,63632.89,14.78,41683762.7,183.59,128,29233340.75,34.8,Low,Heavy Rainfall,"POLYGON((78.76899999999999 29.779,78.771 29.779,78.771 29.781000000000002,78.76899999999999 29.781000000000002,78.76899999999999 29.779))",Indian dam anchor + synthetic dam-break scenario,SYNTHETIC_PROTOTYPE
IN-B018-003,D018,Ramganga,R018,Ramganga,Uttarakhand,Pauri Garhwal,29.78,78.77,EPSG:4326,Overtopping,Sudden,Central dam section,88.89,111.29,188481968.84,12.67,39.11,95.61,1.05,68.78,0.1843,2026-08-04 06:00:00,120406.93,55.58,166009393.14,427.45,128,1489566.59,14.2,Medium,Overtopping,"POLYGON((78.76899999999999 29.779,78.771 29.779,78.771 29.781000000000002,78.76899999999999 29.781000000000002,78.76899999999999 29.779))",Indian dam anchor + synthetic dam-break scenario,SYNTHETIC_PROTOTYPE
IN-B018-004,D018,Ramganga,R018,Ramganga,Uttarakhand,Pauri Garhwal,29.78,78.77,EPSG:4326,Piping,Progressive,Central dam section,61.94,113.18,160890851.86,30.91,66.06,73.18,1.67,160.17,0.193,2026-08-05 06:00:00,46421.18,138.4,154932956.23,80.65,128,45740848.88,36.6,High,Foundation Failure,"POLYGON((78.76899999999999 29.779,78.771 29.779,78.771 29.781000000000002,78.76899999999999 29.781000000000002,78.76899999999999 29.779))",Indian dam anchor + synthetic dam-break scenario,SYNTHETIC_PROTOTYPE
IN-B018-005,D018,Ramganga,R018,Ramganga,Uttarakhand,Pauri Garhwal,29.78,78.77,EPSG:4326,Structural Failure,Sudden,Central dam section,55.0,111.0,413501133.16,27.24,73.0,100.45,1.04,128.19,0.2125,2026-08-06 06:00:00,97234.58,78.15,295006866.08,340.14,128,76902724.62,10.7,Extreme,Structural Failure,"POLYGON((78.76899999999999 29.779,78.771 29.779,78.771 29.781000000000002,78.76899999999999 29.781000000000002,78.76899999999999 29.779))",Indian dam anchor + synthetic dam-break scenario,SYNTHETIC_PROTOTYPE
IN-B018-006,D018,Ramganga,R018,Ramganga,Uttarakhand,Pauri Garhwal,29.78,78.77,EPSG:4326,Overtopping,Progressive,Central dam section,82.83,111.46,366383628.97,52.76,45.17,59.85,1.11,95.55,0.5522,2026-08-07 06:00:00,105906.0,78.61,319168578.06,199.87,128,71709213.23,32.8,Low,Heavy Rainfall,"POLYGON((78.76899999999999 29.779,78.771 29.779,78.771 29.781000000000002,78.76899999999999 29.781000000000002,78.76899999999999 29.779))",Indian dam anchor + synthetic dam-break scenario,SYNTHETIC_PROTOTYPE
IN-B018-007,D018,Ramganga,R018,Ramganga,Uttarakhand,Pauri Garhwal,29.78,78.77,EPSG:4326,Piping,Sudden,Central dam section,84.54,115.29,199442458.41,16.91,43.46,70.0,1.94,99.94,0.1692,2026-08-08 06:00:00,78443.86,67.57,191518350.15,399.63,128,31386202.07,28.3,Medium,Overtopping,"POLYGON((78.76899999999999 29.779,78.771 29.779,78.771 29.781000000000002,78.76899999999999 29.781000000000002,78.76899999999999 29.779))",Indian dam anchor + synthetic dam-break scenario,SYNTHETIC_PROTOTYPE
IN-B018-008,D018,Ramganga,R018,Ramganga,Uttarakhand,Pauri Garhwal,29.78,78.77,EPSG:4326,Structural Failure,Progressive,Central dam section,41.5,124.48,172004599.54,49.38,86.5,71.93,0.6,173.88,0.284,2026-08-09 06:00:00,47932.66,121.1,131875203.74,356.24,128,1340331.14,12.4,High,Foundation Failure,"POLYGON((78.76899999999999 29.779,78.771 29.779,78.771 29.781000000000002,78.76899999999999 29.781000000000002,78.76899999999999 29.779))",Indian dam anchor + synthetic dam-break scenario,SYNTHETIC_PROTOTYPE
IN-B018-009,D018,Ramganga,R018,Ramganga,Uttarakhand,Pauri Garhwal,29.78,78.77,EPSG:4326,Overtopping,Sudden,Central dam section,95.22,118.59,109031333.97,54.76,32.78,92.28,1.83,41.76,1.3112,2026-08-10 06:00:00,122984.36,19.69,77622025.27,30.65,128,58825360.17,22.6,Extreme,Structural Failure,"POLYGON((78.76899999999999 29.779,78.771 29.779,78.771 29.781000000000002,78.76899999999999 29.781000000000002,78.76899999999999 29.779))",Indian dam anchor + synthetic dam-break scenario,SYNTHETIC_PROTOTYPE
IN-B018-010,D018,Ramganga,R018,Ramganga,Uttarakhand,Pauri Garhwal,29.78,78.77,EPSG:4326,Piping,Progressive,Central dam section,55.86,123.52,33700864.11,18.12,72.14,81.94,0.59,53.28,0.3401,2026-08-11 06:00:00,33576.01,38.7,31939324.22,251.85,128,40167677.45,21.0,Low,Heavy Rainfall,"POLYGON((78.76899999999999 29.779,78.771 29.779,78.771 29.781000000000002,78.76899999999999 29.781000000000002,78.76899999999999 29.779))",Indian dam anchor + synthetic dam-break scenario,SYNTHETIC_PROTOTYPE
IN-B018-011,D018,Ramganga,R018,Ramganga,Uttarakhand,Pauri Garhwal,29.78,78.77,EPSG:4326,Structural Failure,Sudden,Central dam section,98.61,123.54,254985553.18,23.24,29.39,70.51,0.73,26.16,0.8883,2026-08-12 06:00:00,281757.27,22.29,241000166.24,235.52,128,9824781.57,7.8,Medium,Overtopping,"POLYGON((78.76899999999999 29.779,78.771 29.779,78.771 29.781000000000002,78.76899999999999 29.781000000000002,78.76899999999999 29.779))",Indian dam anchor + synthetic dam-break scenario,SYNTHETIC_PROTOTYPE
IN-B018-012,D018,Ramganga,R018,Ramganga,Uttarakhand,Pauri Garhwal,29.78,78.77,EPSG:4326,Overtopping,Progressive,Central dam section,85.69,123.68,67267510.13,13.22,42.31,90.35,1.13,72.23,0.1831,2026-08-13 06:00:00,40544.94,35.4,62557617.74,271.19,128,79321789.57,18.0,High,Foundation Failure,"POLYGON((78.76899999999999 29.779,78.771 29.779,78.771 29.781000000000002,78.76899999999999 29.781000000000002,78.76899999999999 29.779))",Indian dam anchor + synthetic dam-break scenario,SYNTHETIC_PROTOTYPE
IN-B018-013,D018,Ramganga,R018,Ramganga,Uttarakhand,Pauri Garhwal,29.78,78.77,EPSG:4326,Piping,Sudden,Central dam section,76.39,123.76,224484529.43,14.38,51.61,61.9,1.36,64.51,0.223,2026-08-14 06:00:00,195942.63,48.87,188119341.57,449.38,128,33258912.9,9.4,Extreme,Structural Failure,"POLYGON((78.76899999999999 29.779,78.771 29.779,78.771 29.781000000000002,78.76899999999999 29.781000000000002,78.76899999999999 29.779))",Indian dam anchor + synthetic dam-break scenario,SYNTHETIC_PROTOTYPE
IN-B018-014,D018,Ramganga,R018,Ramganga,Uttarakhand,Pauri Garhwal,29.78,78.77,EPSG:4326,Structural Failure,Progressive,Central dam section,43.9,121.91,271914013.21,35.31,84.1,80.89,0.87,111.97,0.3153,2026-08-15 06:00:00,62011.97,79.49,181422025.88,420.05,128,69546600.07,7.5,Low,Heavy Rainfall,"POLYGON((78.76899999999999 29.779,78.771 29.779,78.771 29.781000000000002,78.76899999999999 29.781000000000002,78.76899999999999 29.779))",Indian dam anchor + synthetic dam-break scenario,SYNTHETIC_PROTOTYPE
IN-B019-001,D019,Koldam,R019,Sutlej,Himachal Pradesh,Bilaspur,31.37,76.92,EPSG:4326,Structural Failure,Sudden,Central dam section,97.63,162.93,36156383.46,49.88,69.37,123.73,1.45,104.33,0.4781,2026-08-02 06:00:00,15792.7,76.16,26776438.14,412.67,167,22763302.1,47.5,Low,Heavy Rainfall,"POLYGON((76.919 31.369,76.921 31.369,76.921 31.371000000000002,76.919 31.371000000000002,76.919 31.369))",Indian dam anchor + synthetic dam-break scenario,SYNTHETIC_PROTOTYPE
IN-B019-002,D019,Koldam,R019,Sutlej,Himachal Pradesh,Bilaspur,31.37,76.92,EPSG:4326,Overtopping,Progressive,Central dam section,131.63,160.52,255400465.69,58.2,35.37,33.73,1.37,75.05,0.7754,2026-08-03 06:00:00,123884.17,59.56,192667020.27,237.51,167,3959239.49,25.0,Medium,Overtopping,"POLYGON((76.919 31.369,76.921 31.369,76.921 31.371000000000002,76.919 31.371000000000002,76.919 31.369))",Indian dam anchor + synthetic dam-break scenario,SYNTHETIC_PROTOTYPE
IN-B019-003,D019,Koldam,R019,Sutlej,Himachal Pradesh,Bilaspur,31.37,76.92,EPSG:4326,Piping,Sudden,Central dam section,91.57,158.93,219525850.55,35.77,75.43,37.27,1.83,45.21,0.7913,2026-08-04 06:00:00,137254.47,29.21,211669583.81,107.59,167,43180374.02,24.1,High,Foundation Failure,"POLYGON((76.919 31.369,76.921 31.369,76.921 31.371000000000002,76.919 31.371000000000002,76.919 31.369))",Indian dam anchor + synthetic dam-break scenario,SYNTHETIC_PROTOTYPE
IN-B019-004,D019,Koldam,R019,Sutlej,Himachal Pradesh,Bilaspur,31.37,76.92,EPSG:4326,Structural Failure,Progressive,Central dam section,75.24,156.04,426053835.59,19.83,91.76,77.86,0.74,152.29,0.1302,2026-08-05 06:00:00,146474.97,87.34,330814948.05,342.44,167,53946802.31,15.3,Extreme,Structural Failure,"POLYGON((76.919 31.369,76.921 31.369,76.921 31.371000000000002,76.919 31.371000000000002,76.919 31.369))",Indian dam anchor + synthetic dam-break scenario,SYNTHETIC_PROTOTYPE
IN-B019-005,D019,Koldam,R019,Sutlej,Himachal Pradesh,Bilaspur,31.37,76.92,EPSG:4326,Overtopping,Sudden,Central dam section,104.55,161.52,449748473.11,67.96,62.45,105.78,1.45,174.55,0.3893,2026-08-06 06:00:00,110239.01,102.28,423344619.25,471.03,167,56528478.58,12.5,Low,Heavy Rainfall,"POLYGON((76.919 31.369,76.921 31.369,76.921 31.371000000000002,76.919 31.371000000000002,76.919 31.369))",Indian dam anchor + synthetic dam-break scenario,SYNTHETIC_PROTOTYPE
IN-B019-006,D019,Koldam,R019,Sutlej,Himachal Pradesh,Bilaspur,31.37,76.92,EPSG:4326,Piping,Progressive,Central dam section,102.02,157.49,438658479.7,63.43,64.98,121.78,0.78,110.86,0.5722,2026-08-07 06:00:00,168211.44,69.3,413999393.84,197.43,167,59865787.01,29.0,Medium,Overtopping,"POLYGON((76.919 31.369,76.921 31.369,76.921 31.371000000000002,76.919 31.371000000000002,76.919 31.369))",Indian dam anchor + synthetic dam-break scenario,SYNTHETIC_PROTOTYPE
IN-B019-007,D019,Koldam,R019,Sutlej,Himachal Pradesh,Bilaspur,31.37,76.92,EPSG:4326,Structural Failure,Sudden,Central dam section,56.16,149.12,492741706.85,27.27,110.84,107.25,1.54,92.49,0.2949,2026-08-08 06:00:00,135829.79,81.95,365207297.01,191.68,167,31270825.03,32.9,High,Foundation Failure,"POLYGON((76.919 31.369,76.921 31.369,76.921 31.371000000000002,76.919 31.371000000000002,76.919 31.369))",Indian dam anchor + synthetic dam-break scenario,SYNTHETIC_PROTOTYPE
IN-B019-008,D019,Koldam,R019,Sutlej,Himachal Pradesh,Bilaspur,31.37,76.92,EPSG:4326,Overtopping,Progressive,Central dam section,69.95,149.73,274887316.71,36.92,97.05,88.93,1.39,42.19,0.8751,2026-08-09 06:00:00,238948.73,35.68,248404255.45,265.3,167,36601595.62,17.2,Extreme,Structural Failure,"POLYGON((76.919 31.369,76.921 31.369,76.921 31.371000000000002,76.919 31.371000000000002,76.919 31.369))",Indian dam anchor + synthetic dam-break scenario,SYNTHETIC_PROTOTYPE
IN-B019-009,D019,Koldam,R019,Sutlej,Himachal Pradesh,Bilaspur,31.37,76.92,EPSG:4326,Piping,Sudden,Central dam section,90.61,150.64,457396588.75,61.35,76.39,98.74,1.7,129.72,0.473,2026-08-10 06:00:00,149929.48,53.99,417901856.27,191.89,167,7933637.11,21.8,Low,Heavy Rainfall,"POLYGON((76.919 31.369,76.921 31.369,76.921 31.371000000000002,76.919 31.371000000000002,76.919 31.369))",Indian dam anchor + synthetic dam-break scenario,SYNTHETIC_PROTOTYPE
IN-B019-010,D019,Koldam,R019,Sutlej,Himachal Pradesh,Bilaspur,31.37,76.92,EPSG:4326,Structural Failure,Progressive,Central dam section,72.76,157.85,400182508.47,57.15,94.24,65.43,0.97,48.16,1.1866,2026-08-11 06:00:00,264232.09,24.84,263405828.42,474.8,167,19684481.9,11.8,Medium,Overtopping,"POLYGON((76.919 31.369,76.921 31.369,76.921 31.371000000000002,76.919 31.371000000000002,76.919 31.369))",Indian dam anchor + synthetic dam-break scenario,SYNTHETIC_PROTOTYPE
IN-B019-011,D019,Koldam,R019,Sutlej,Himachal Pradesh,Bilaspur,31.37,76.92,EPSG:4326,Overtopping,Sudden,Central dam section,55.21,163.34,379945338.51,55.13,111.79,80.97,0.96,59.48,0.9268,2026-08-12 06:00:00,193624.6,31.92,292632642.27,250.72,167,16766169.99,10.9,High,Foundation Failure,"POLYGON((76.919 31.369,76.921 31.369,76.921 31.371000000000002,76.919 31.371000000000002,76.919 31.369))",Indian dam anchor + synthetic dam-break scenario,SYNTHETIC_PROTOTYPE
IN-B019-012,D019,Koldam,R019,Sutlej,Himachal Pradesh,Bilaspur,31.37,76.92,EPSG:4326,Piping,Progressive,Central dam section,102.6,151.84,107481088.88,28.84,64.4,133.52,1.36,78.15,0.3691,2026-08-13 06:00:00,43546.76,37.54,70656945.93,341.26,167,65862075.8,6.6,Extreme,Structural Failure,"POLYGON((76.919 31.369,76.921 31.369,76.921 31.371000000000002,76.919 31.371000000000002,76.919 31.369))",Indian dam anchor + synthetic dam-break scenario,SYNTHETIC_PROTOTYPE
IN-B019-013,D019,Koldam,R019,Sutlej,Himachal Pradesh,Bilaspur,31.37,76.92,EPSG:4326,Structural Failure,Sudden,Central dam section,97.71,153.5,467604491.36,35.41,69.29,49.95,1.0,36.85,0.9608,2026-08-14 06:00:00,616248.36,18.38,373116103.81,174.77,167,34076336.01,32.6,Low,Heavy Rainfall,"POLYGON((76.919 31.369,76.921 31.369,76.921 31.371000000000002,76.919 31.371000000000002,76.919 31.369))",Indian dam anchor + synthetic dam-break scenario,SYNTHETIC_PROTOTYPE
IN-B019-014,D019,Koldam,R019,Sutlej,Himachal Pradesh,Bilaspur,31.37,76.92,EPSG:4326,Overtopping,Progressive,Central dam section,123.29,157.18,208484695.48,51.63,43.71,122.53,0.53,36.62,1.4098,2026-08-15 06:00:00,236189.64,24.67,171557894.41,133.31,167,38319157.64,29.7,Medium,Overtopping,"POLYGON((76.919 31.369,76.921 31.369,76.921 31.371000000000002,76.919 31.371000000000002,76.919 31.369))",Indian dam anchor + synthetic dam-break scenario,SYNTHETIC_PROTOTYPE
IN-B020-001,D020,Almatti,R020,Krishna,Karnataka,Vijayapura,16.33,75.89,EPSG:4326,Overtopping,Sudden,Central dam section,25.82,39.01,395645669.51,20.66,26.18,21.23,0.81,134.68,0.1534,2026-08-02 06:00:00,141642.1,72.74,376127182.14,41.88,52,66505648.58,34.7,Medium,Overtopping,"POLYGON((75.889 16.328999999999997,75.891 16.328999999999997,75.891 16.331,75.889 16.331,75.889 16.328999999999997))",Indian dam anchor + synthetic dam-break scenario,SYNTHETIC_PROTOTYPE
IN-B020-002,D020,Almatti,R020,Krishna,Karnataka,Vijayapura,16.33,75.89,EPSG:4326,Piping,Progressive,Central dam section,43.19,41.71,101069469.97,21.94,8.81,20.34,1.12,162.17,0.1353,2026-08-03 06:00:00,32948.93,112.18,69513740.09,405.35,52,17977670.7,21.2,High,Foundation Failure,"POLYGON((75.889 16.328999999999997,75.891 16.328999999999997,75.891 16.331,75.889 16.331,75.889 16.328999999999997))",Indian dam anchor + synthetic dam-break scenario,SYNTHETIC_PROTOTYPE
IN-B020-003,D020,Almatti,R020,Krishna,Karnataka,Vijayapura,16.33,75.89,EPSG:4326,Structural Failure,Sudden,Central dam section,18.69,34.02,160482640.23,9.74,33.31,23.25,1.83,97.49,0.0999,2026-08-04 06:00:00,88866.01,85.5,130843834.49,260.0,52,33014840.91,25.4,Extreme,Structural Failure,"POLYGON((75.889 16.328999999999997,75.891 16.328999999999997,75.891 16.331,75.889 16.331,75.889 16.328999999999997))",Indian dam anchor + synthetic dam-break scenario,SYNTHETIC_PROTOTYPE
IN-B020-004,D020,Almatti,R020,Krishna,Karnataka,Vijayapura,16.33,75.89,EPSG:4326,Overtopping,Progressive,Central dam section,39.16,42.97,224571654.73,23.14,12.84,28.05,0.96,177.82,0.1302,2026-08-05 06:00:00,56788.92,113.81,198145811.96,238.67,52,23358046.39,39.4,Low,Heavy Rainfall,"POLYGON((75.889 16.328999999999997,75.891 16.328999999999997,75.891 16.331,75.889 16.331,75.889 16.328999999999997))",Indian dam anchor + synthetic dam-break scenario,SYNTHETIC_PROTOTYPE
IN-B020-005,D020,Almatti,R020,Krishna,Karnataka,Vijayapura,16.33,75.89,EPSG:4326,Piping,Sudden,Central dam section,33.23,34.44,305494314.02,15.13,18.77,18.43,0.59,88.05,0.1718,2026-08-06 06:00:00,102373.07,47.56,225808866.72,62.01,52,55584148.67,24.4,Medium,Overtopping,"POLYGON((75.889 16.328999999999997,75.891 16.328999999999997,75.891 16.331,75.889 16.331,75.889 16.328999999999997))",Indian dam anchor + synthetic dam-break scenario,SYNTHETIC_PROTOTYPE
IN-B020-006,D020,Almatti,R020,Krishna,Karnataka,Vijayapura,16.33,75.89,EPSG:4326,Structural Failure,Progressive,Central dam section,27.73,44.68,127736192.93,21.08,24.27,35.93,1.45,110.3,0.1911,2026-08-07 06:00:00,43738.68,82.73,121475513.56,54.36,52,13821672.41,42.7,High,Foundation Failure,"POLYGON((75.889 16.328999999999997,75.891 16.328999999999997,75.891 16.331,75.889 16.331,75.889 16.328999999999997))",Indian dam anchor + synthetic dam-break scenario,SYNTHETIC_PROTOTYPE
IN-B020-007,D020,Almatti,R020,Krishna,Karnataka,Vijayapura,16.33,75.89,EPSG:4326,Overtopping,Sudden,Central dam section,35.04,35.83,74906917.95,6.62,16.96,34.47,1.31,15.29,0.4331,2026-08-08 06:00:00,240121.36,12.68,57790189.24,385.2,52,34836328.49,43.0,Extreme,Structural Failure,"POLYGON((75.889 16.328999999999997,75.891 16.328999999999997,75.891 16.331,75.889 16.331,75.889 16.328999999999997))",Indian dam anchor + synthetic dam-break scenario,SYNTHETIC_PROTOTYPE
IN-B020-008,D020,Almatti,R020,Krishna,Karnataka,Vijayapura,16.33,75.89,EPSG:4326,Piping,Progressive,Central dam section,24.66,38.25,257311764.78,20.08,27.34,18.95,1.44,125.79,0.1596,2026-08-09 06:00:00,64728.66,83.11,235015598.94,141.57,52,73429911.85,23.0,Low,Heavy Rainfall,"POLYGON((75.889 16.328999999999997,75.891 16.328999999999997,75.891 16.331,75.889 16.331,75.889 16.328999999999997))",Indian dam anchor + synthetic dam-break scenario,SYNTHETIC_PROTOTYPE
IN-B020-009,D020,Almatti,R020,Krishna,Karnataka,Vijayapura,16.33,75.89,EPSG:4326,Structural Failure,Sudden,Central dam section,15.89,47.17,28688740.1,5.82,36.11,13.47,1.17,120.1,0.0485,2026-08-10 06:00:00,9387.14,105.51,26475132.56,380.09,52,68129813.65,35.1,Medium,Overtopping,"POLYGON((75.889 16.328999999999997,75.891 16.328999999999997,75.891 16.331,75.889 16.331,75.889 16.328999999999997))",Indian dam anchor + synthetic dam-break scenario,SYNTHETIC_PROTOTYPE
IN-B020-010,D020,Almatti,R020,Krishna,Karnataka,Vijayapura,16.33,75.89,EPSG:4326,Overtopping,Progressive,Central dam section,23.67,42.08,301850176.58,13.85,28.33,13.64,1.04,83.4,0.166,2026-08-11 06:00:00,158961.19,60.59,291497769.85,152.65,52,37322842.38,36.9,High,Foundation Failure,"POLYGON((75.889 16.328999999999997,75.891 16.328999999999997,75.891 16.331,75.889 16.331,75.889 16.328999999999997))",Indian dam anchor + synthetic dam-break scenario,SYNTHETIC_PROTOTYPE
IN-B020-011,D020,Almatti,R020,Krishna,Karnataka,Vijayapura,16.33,75.89,EPSG:4326,Piping,Sudden,Central dam section,23.43,47.47,227885313.39,10.2,28.57,38.19,0.81,158.29,0.0645,2026-08-12 06:00:00,59361.95,130.33,184036214.43,44.04,52,46008555.18,11.0,Extreme,Structural Failure,"POLYGON((75.889 16.328999999999997,75.891 16.328999999999997,75.891 16.331,75.889 16.331,75.889 16.328999999999997))",Indian dam anchor + synthetic dam-break scenario,SYNTHETIC_PROTOTYPE
IN-B020-012,D020,Almatti,R020,Krishna,Karnataka,Vijayapura,16.33,75.89,EPSG:4326,Structural Failure,Progressive,Central dam section,29.89,46.01,54499039.61,15.81,22.11,20.28,0.98,34.84,0.4537,2026-08-13 06:00:00,86519.42,20.39,44065895.97,307.67,52,22411461.48,40.4,Low,Heavy Rainfall,"POLYGON((75.889 16.328999999999997,75.891 16.328999999999997,75.891 16.331,75.889 16.331,75.889 16.328999999999997))",Indian dam anchor + synthetic dam-break scenario,SYNTHETIC_PROTOTYPE
IN-B020-013,D020,Almatti,R020,Krishna,Karnataka,Vijayapura,16.33,75.89,EPSG:4326,Overtopping,Sudden,Central dam section,26.89,43.15,310955288.16,17.08,25.11,28.92,0.98,151.44,0.1128,2026-08-14 06:00:00,107702.74,101.9,285454951.28,107.13,52,76803034.44,15.5,Medium,Overtopping,"POLYGON((75.889 16.328999999999997,75.891 16.328999999999997,75.891 16.331,75.889 16.331,75.889 16.328999999999997))",Indian dam anchor + synthetic dam-break scenario,SYNTHETIC_PROTOTYPE
IN-B020-014,D020,Almatti,R020,Krishna,Karnataka,Vijayapura,16.33,75.89,EPSG:4326,Piping,Progressive,Central dam section,41.94,44.82,280325281.7,14.56,10.06,19.23,0.68,122.13,0.1192,2026-08-15 06:00:00,80663.53,82.46,226138550.36,252.82,52,69112340.98,36.2,High,Foundation Failure,"POLYGON((75.889 16.328999999999997,75.891 16.328999999999997,75.891 16.331,75.889 16.331,75.889 16.328999999999997))",Indian dam anchor + synthetic dam-break scenario,SYNTHETIC_PROTOTYPE
IN-B021-001,D021,Narayanpur,R021,Krishna,Karnataka,Yadgir,16.38,76.34,EPSG:4326,Piping,Sudden,Central dam section,14.74,24.37,197409766.21,13.23,15.26,18.03,1.51,167.12,0.0792,2026-08-02 06:00:00,37129.45,86.05,138527249.55,244.06,30,65184037.12,22.3,High,Foundation Failure,"POLYGON((76.339 16.378999999999998,76.34100000000001 16.378999999999998,76.34100000000001 16.381,76.339 16.381,76.339 16.378999999999998))",Indian dam anchor + synthetic dam-break scenario,SYNTHETIC_PROTOTYPE
IN-B021-002,D021,Narayanpur,R021,Krishna,Karnataka,Yadgir,16.38,76.34,EPSG:4326,Structural Failure,Progressive,Central dam section,11.04,15.85,169351387.93,8.08,18.96,19.89,1.49,19.88,0.4062,2026-08-03 06:00:00,229096.02,16.43,110945707.05,212.78,30,35788153.65,25.7,Extreme,Structural Failure,"POLYGON((76.339 16.378999999999998,76.34100000000001 16.378999999999998,76.34100000000001 16.381,76.339 16.381,76.339 16.378999999999998))",Indian dam anchor + synthetic dam-break scenario,SYNTHETIC_PROTOTYPE
IN-B021-003,D021,Narayanpur,R021,Krishna,Karnataka,Yadgir,16.38,76.34,EPSG:4326,Overtopping,Sudden,Central dam section,21.97,19.62,401442319.86,10.45,8.03,16.15,1.87,78.96,0.1324,2026-08-04 06:00:00,231462.78,65.32,340386829.75,316.56,30,16558965.53,39.7,Low,Heavy Rainfall,"POLYGON((76.339 16.378999999999998,76.34100000000001 16.378999999999998,76.34100000000001 16.381,76.339 16.381,76.339 16.378999999999998))",Indian dam anchor + synthetic dam-break scenario,SYNTHETIC_PROTOTYPE
IN-B021-004,D021,Narayanpur,R021,Krishna,Karnataka,Yadgir,16.38,76.34,EPSG:4326,Piping,Progressive,Central dam section,20.79,24.01,447024884.03,10.88,9.21,7.85,1.2,73.91,0.1472,2026-08-05 06:00:00,301753.91,34.79,302364611.4,410.13,30,18489318.92,40.6,Medium,Overtopping,"POLYGON((76.339 16.378999999999998,76.34100000000001 16.378999999999998,76.34100000000001 16.381,76.339 16.381,76.339 16.378999999999998))",Indian dam anchor + synthetic dam-break scenario,SYNTHETIC_PROTOTYPE
IN-B021-005,D021,Narayanpur,R021,Krishna,Karnataka,Yadgir,16.38,76.34,EPSG:4326,Structural Failure,Sudden,Central dam section,23.5,25.35,86477375.35,7.45,6.5,23.74,1.81,133.23,0.056,2026-08-06 06:00:00,23432.78,80.4,58453272.02,337.52,30,23756019.12,19.8,High,Foundation Failure,"POLYGON((76.339 16.378999999999998,76.34100000000001 16.378999999999998,76.34100000000001 16.381,76.339 16.381,76.339 16.378999999999998))",Indian dam anchor + synthetic dam-break scenario,SYNTHETIC_PROTOTYPE
IN-B021-006,D021,Narayanpur,R021,Krishna,Karnataka,Yadgir,16.38,76.34,EPSG:4326,Overtopping,Progressive,Central dam section,20.39,26.3,353645245.31,9.92,9.61,6.68,1.42,26.83,0.3697,2026-08-07 06:00:00,582287.55,12.57,243291514.51,214.16,30,68657229.76,6.9,Extreme,Structural Failure,"POLYGON((76.339 16.378999999999998,76.34100000000001 16.378999999999998,76.34100000000001 16.381,76.339 16.381,76.339 16.378999999999998))",Indian dam anchor + synthetic dam-break scenario,SYNTHETIC_PROTOTYPE
IN-B021-007,D021,Narayanpur,R021,Krishna,Karnataka,Yadgir,16.38,76.34,EPSG:4326,Piping,Sudden,Central dam section,11.7,16.11,398602994.32,8.33,18.3,20.72,1.89,73.14,0.114,2026-08-08 06:00:00,214939.16,60.61,320885449.15,60.55,30,70845045.63,25.3,Low,Heavy Rainfall,"POLYGON((76.339 16.378999999999998,76.34100000000001 16.378999999999998,76.34100000000001 16.381,76.339 16.381,76.339 16.378999999999998))",Indian dam anchor + synthetic dam-break scenario,SYNTHETIC_PROTOTYPE
IN-B021-008,D021,Narayanpur,R021,Krishna,Karnataka,Yadgir,16.38,76.34,EPSG:4326,Structural Failure,Progressive,Central dam section,24.63,21.13,492677769.46,4.99,5.37,14.89,1.83,78.77,0.0634,2026-08-09 06:00:00,310743.16,48.75,359615389.48,25.64,30,77394877.7,46.4,Medium,Overtopping,"POLYGON((76.339 16.378999999999998,76.34100000000001 16.378999999999998,76.34100000000001 16.381,76.339 16.381,76.339 16.378999999999998))",Indian dam anchor + synthetic dam-break scenario,SYNTHETIC_PROTOTYPE
IN-B021-009,D021,Narayanpur,R021,Krishna,Karnataka,Yadgir,16.38,76.34,EPSG:4326,Overtopping,Sudden,Central dam section,25.28,14.7,423474195.25,10.52,4.72,17.3,0.58,25.96,0.4052,2026-08-10 06:00:00,766475.75,10.92,325637520.67,426.29,30,64463424.82,9.7,High,Foundation Failure,"POLYGON((76.339 16.378999999999998,76.34100000000001 16.378999999999998,76.34100000000001 16.381,76.339 16.381,76.339 16.378999999999998))",Indian dam anchor + synthetic dam-break scenario,SYNTHETIC_PROTOTYPE
IN-B021-010,D021,Narayanpur,R021,Krishna,Karnataka,Yadgir,16.38,76.34,EPSG:4326,Piping,Progressive,Central dam section,18.89,26.13,268018518.84,10.34,11.11,22.39,1.01,78.63,0.1315,2026-08-11 06:00:00,95097.5,64.46,254707333.46,164.71,30,79861266.52,24.3,Extreme,Structural Failure,"POLYGON((76.339 16.378999999999998,76.34100000000001 16.378999999999998,76.34100000000001 16.381,76.339 16.381,76.339 16.378999999999998))",Indian dam anchor + synthetic dam-break scenario,SYNTHETIC_PROTOTYPE
IN-B021-011,D021,Narayanpur,R021,Krishna,Karnataka,Yadgir,16.38,76.34,EPSG:4326,Structural Failure,Sudden,Central dam section,20.73,19.13,115273497.13,4.0,9.27,10.31,1.79,122.34,0.0327,2026-08-12 06:00:00,29076.18,62.17,100491824.87,60.04,30,18221931.28,44.4,Low,Heavy Rainfall,"POLYGON((76.339 16.378999999999998,76.34100000000001 16.378999999999998,76.34100000000001 16.381,76.339 16.381,76.339 16.378999999999998))",Indian dam anchor + synthetic dam-break scenario,SYNTHETIC_PROTOTYPE
IN-B021-012,D021,Narayanpur,R021,Krishna,Karnataka,Yadgir,16.38,76.34,EPSG:4326,Overtopping,Progressive,Central dam section,19.58,16.39,293059687.32,4.0,10.42,16.28,0.95,19.13,0.2091,2026-08-13 06:00:00,746801.44,12.48,191455131.73,346.07,30,9225238.74,21.7,Medium,Overtopping,"POLYGON((76.339 16.378999999999998,76.34100000000001 16.378999999999998,76.34100000000001 16.381,76.339 16.381,76.339 16.378999999999998))",Indian dam anchor + synthetic dam-break scenario,SYNTHETIC_PROTOTYPE
IN-B021-013,D021,Narayanpur,R021,Krishna,Karnataka,Yadgir,16.38,76.34,EPSG:4326,Piping,Sudden,Central dam section,14.06,17.51,101749011.03,4.0,15.94,17.46,1.75,90.58,0.0442,2026-08-14 06:00:00,63367.71,68.56,70450711.21,39.68,30,29751696.46,29.7,High,Foundation Failure,"POLYGON((76.339 16.378999999999998,76.34100000000001 16.378999999999998,76.34100000000001 16.381,76.339 16.381,76.339 16.378999999999998))",Indian dam anchor + synthetic dam-break scenario,SYNTHETIC_PROTOTYPE
IN-B021-014,D021,Narayanpur,R021,Krishna,Karnataka,Yadgir,16.38,76.34,EPSG:4326,Structural Failure,Progressive,Central dam section,16.82,26.05,402928378.1,4.0,13.18,13.44,1.21,93.11,0.043,2026-08-15 06:00:00,172559.45,81.73,360286696.44,223.17,30,67087979.59,36.9,Extreme,Structural Failure,"POLYGON((76.339 16.378999999999998,76.34100000000001 16.378999999999998,76.34100000000001 16.381,76.339 16.381,76.339 16.378999999999998))",Indian dam anchor + synthetic dam-break scenario,SYNTHETIC_PROTOTYPE
IN-B022-001,D022,Srisailam,R022,Krishna,Andhra Pradesh,Nandyal,16.07,78.87,EPSG:4326,Structural Failure,Sudden,Central dam section,119.69,134.79,87979300.36,38.19,25.31,69.98,1.7,179.41,0.2128,2026-08-02 06:00:00,22068.84,112.14,66377128.27,465.41,145,47877278.78,6.9,Extreme,Structural Failure,"POLYGON((78.869 16.069,78.87100000000001 16.069,78.87100000000001 16.071,78.869 16.071,78.869 16.069))",Indian dam anchor + synthetic dam-break scenario,SYNTHETIC_PROTOTYPE
IN-B022-002,D022,Srisailam,R022,Krishna,Andhra Pradesh,Nandyal,16.07,78.87,EPSG:4326,Overtopping,Progressive,Central dam section,74.28,140.64,346882548.8,26.79,70.72,54.7,1.64,26.31,1.0181,2026-08-03 06:00:00,582091.19,10.62,315760252.41,206.02,145,8039039.35,27.8,Low,Heavy Rainfall,"POLYGON((78.869 16.069,78.87100000000001 16.069,78.87100000000001 16.071,78.869 16.071,78.869 16.069))",Indian dam anchor + synthetic dam-break scenario,SYNTHETIC_PROTOTYPE
IN-B022-003,D022,Srisailam,R022,Krishna,Andhra Pradesh,Nandyal,16.07,78.87,EPSG:4326,Piping,Sudden,Central dam section,47.19,136.32,332302327.77,41.56,97.81,110.83,1.4,143.23,0.2902,2026-08-04 06:00:00,113194.46,70.06,264865989.67,198.97,145,65665282.28,15.1,Medium,Overtopping,"POLYGON((78.869 16.069,78.87100000000001 16.069,78.87100000000001 16.071,78.869 16.071,78.869 16.069))",Indian dam anchor + synthetic dam-break scenario,SYNTHETIC_PROTOTYPE
IN-B022-004,D022,Srisailam,R022,Krishna,Andhra Pradesh,Nandyal,16.07,78.87,EPSG:4326,Structural Failure,Progressive,Central dam section,56.86,133.18,370226787.24,34.07,88.14,81.96,1.87,121.77,0.2798,2026-08-05 06:00:00,169696.3,100.12,246208548.1,230.37,145,55482094.83,23.1,High,Foundation Failure,"POLYGON((78.869 16.069,78.87100000000001 16.069,78.87100000000001 16.071,78.869 16.071,78.869 16.069))",Indian dam anchor + synthetic dam-break scenario,SYNTHETIC_PROTOTYPE
IN-B022-005,D022,Srisailam,R022,Krishna,Andhra Pradesh,Nandyal,16.07,78.87,EPSG:4326,Overtopping,Sudden,Central dam section,96.42,139.85,211329545.81,55.85,48.58,49.61,0.86,103.83,0.5378,2026-08-06 06:00:00,78757.2,43.76,177190838.62,160.75,145,49372188.65,37.6,Extreme,Structural Failure,"POLYGON((78.869 16.069,78.87100000000001 16.069,78.87100000000001 16.071,78.869 16.071,78.869 16.069))",Indian dam anchor + synthetic dam-break scenario,SYNTHETIC_PROTOTYPE
IN-B022-006,D022,Srisailam,R022,Krishna,Andhra Pradesh,Nandyal,16.07,78.87,EPSG:4326,Piping,Progressive,Central dam section,91.14,141.95,147874694.1,28.81,53.86,105.74,0.76,59.89,0.481,2026-08-07 06:00:00,93753.2,47.75,143646598.71,277.16,145,63932492.34,9.1,Low,Heavy Rainfall,"POLYGON((78.869 16.069,78.87100000000001 16.069,78.87100000000001 16.071,78.869 16.071,78.869 16.069))",Indian dam anchor + synthetic dam-break scenario,SYNTHETIC_PROTOTYPE
IN-B022-007,D022,Srisailam,R022,Krishna,Andhra Pradesh,Nandyal,16.07,78.87,EPSG:4326,Structural Failure,Sudden,Central dam section,77.83,129.16,227991169.65,56.02,67.17,42.87,1.7,114.59,0.4889,2026-08-08 06:00:00,56834.47,83.69,165862345.29,352.12,145,63340134.25,35.5,Medium,Overtopping,"POLYGON((78.869 16.069,78.87100000000001 16.069,78.87100000000001 16.071,78.869 16.071,78.869 16.069))",Indian dam anchor + synthetic dam-break scenario,SYNTHETIC_PROTOTYPE
IN-B022-008,D022,Srisailam,R022,Krishna,Andhra Pradesh,Nandyal,16.07,78.87,EPSG:4326,Overtopping,Progressive,Central dam section,79.71,137.7,153038969.84,52.5,65.29,106.85,1.12,104.73,0.5013,2026-08-09 06:00:00,41620.48,48.41,127808972.71,497.7,145,66928843.06,20.4,High,Foundation Failure,"POLYGON((78.869 16.069,78.87100000000001 16.069,78.87100000000001 16.071,78.869 16.071,78.869 16.069))",Indian dam anchor + synthetic dam-break scenario,SYNTHETIC_PROTOTYPE
IN-B022-009,D022,Srisailam,R022,Krishna,Andhra Pradesh,Nandyal,16.07,78.87,EPSG:4326,Piping,Sudden,Central dam section,80.0,129.06,120146994.9,19.65,65.0,81.56,1.36,102.95,0.1909,2026-08-10 06:00:00,67240.35,86.28,98152252.29,333.85,145,24444109.94,37.6,Extreme,Structural Failure,"POLYGON((78.869 16.069,78.87100000000001 16.069,78.87100000000001 16.071,78.869 16.071,78.869 16.069))",Indian dam anchor + synthetic dam-break scenario,SYNTHETIC_PROTOTYPE
IN-B022-010,D022,Srisailam,R022,Krishna,Andhra Pradesh,Nandyal,16.07,78.87,EPSG:4326,Structural Failure,Progressive,Central dam section,115.36,128.12,237415841.67,30.0,29.64,53.06,1.7,116.75,0.2569,2026-08-11 06:00:00,69713.61,62.05,218703280.06,347.18,145,64018923.34,33.3,Low,Heavy Rainfall,"POLYGON((78.869 16.069,78.87100000000001 16.069,78.87100000000001 16.071,78.869 16.071,78.869 16.069))",Indian dam anchor + synthetic dam-break scenario,SYNTHETIC_PROTOTYPE
IN-B022-011,D022,Srisailam,R022,Krishna,Andhra Pradesh,Nandyal,16.07,78.87,EPSG:4326,Overtopping,Sudden,Central dam section,54.31,132.5,54581771.22,17.2,90.69,50.88,1.86,139.33,0.1235,2026-08-12 06:00:00,21117.78,91.59,38645567.58,129.6,145,68150553.76,22.6,Medium,Overtopping,"POLYGON((78.869 16.069,78.87100000000001 16.069,78.87100000000001 16.071,78.869 16.071,78.869 16.069))",Indian dam anchor + synthetic dam-break scenario,SYNTHETIC_PROTOTYPE
IN-B022-012,D022,Srisailam,R022,Krishna,Andhra Pradesh,Nandyal,16.07,78.87,EPSG:4326,Piping,Progressive,Central dam section,116.12,135.82,339434712.39,47.3,28.88,108.82,1.25,43.71,1.0822,2026-08-13 06:00:00,367745.65,24.92,237220391.44,39.3,145,66434289.32,43.6,High,Foundation Failure,"POLYGON((78.869 16.069,78.87100000000001 16.069,78.87100000000001 16.071,78.869 16.071,78.869 16.069))",Indian dam anchor + synthetic dam-break scenario,SYNTHETIC_PROTOTYPE
IN-B022-013,D022,Srisailam,R022,Krishna,Andhra Pradesh,Nandyal,16.07,78.87,EPSG:4326,Structural Failure,Sudden,Central dam section,76.97,133.41,392746084.58,17.41,68.03,62.05,1.67,64.7,0.2691,2026-08-14 06:00:00,282965.98,50.36,348819614.25,290.79,145,57886708.63,42.4,Extreme,Structural Failure,"POLYGON((78.869 16.069,78.87100000000001 16.069,78.87100000000001 16.071,78.869 16.071,78.869 16.069))",Indian dam anchor + synthetic dam-break scenario,SYNTHETIC_PROTOTYPE
IN-B022-014,D022,Srisailam,R022,Krishna,Andhra Pradesh,Nandyal,16.07,78.87,EPSG:4326,Overtopping,Progressive,Central dam section,74.3,135.42,353950938.41,31.35,70.7,33.56,0.67,30.45,1.0296,2026-08-15 06:00:00,638321.88,22.85,311356847.43,449.38,145,47745659.93,33.7,Low,Heavy Rainfall,"POLYGON((78.869 16.069,78.87100000000001 16.069,78.87100000000001 16.071,78.869 16.071,78.869 16.069))",Indian dam anchor + synthetic dam-break scenario,SYNTHETIC_PROTOTYPE
IN-B023-001,D023,Polavaram,R023,Godavari,Andhra Pradesh,Eluru,17.27,81.65,EPSG:4326,Overtopping,Sudden,Central dam section,30.77,36.51,210458675.87,4.25,14.23,27.43,1.44,128.33,0.0331,2026-08-02 06:00:00,60176.35,112.02,188864317.17,197.58,45,47624060.86,25.2,Low,Heavy Rainfall,"POLYGON((81.649 17.269,81.65100000000001 17.269,81.65100000000001 17.271,81.649 17.271,81.649 17.269))",Indian dam anchor + synthetic dam-break scenario,SYNTHETIC_PROTOTYPE
IN-B023-002,D023,Polavaram,R023,Godavari,Andhra Pradesh,Eluru,17.27,81.65,EPSG:4326,Piping,Progressive,Central dam section,19.21,29.94,318769556.48,19.92,25.79,11.26,1.98,121.46,0.164,2026-08-03 06:00:00,135946.81,95.02,251784390.71,431.73,45,58874937.47,47.1,Medium,Overtopping,"POLYGON((81.649 17.269,81.65100000000001 17.269,81.65100000000001 17.271,81.649 17.271,81.649 17.269))",Indian dam anchor + synthetic dam-break scenario,SYNTHETIC_PROTOTYPE
IN-B023-003,D023,Polavaram,R023,Godavari,Andhra Pradesh,Eluru,17.27,81.65,EPSG:4326,Structural Failure,Sudden,Central dam section,27.09,29.26,188970871.57,15.75,17.91,16.84,0.78,65.52,0.2403,2026-08-04 06:00:00,154217.58,30.44,143672064.96,487.92,45,22569780.97,40.5,High,Foundation Failure,"POLYGON((81.649 17.269,81.65100000000001 17.269,81.65100000000001 17.271,81.649 17.271,81.649 17.269))",Indian dam anchor + synthetic dam-break scenario,SYNTHETIC_PROTOTYPE
IN-B023-004,D023,Polavaram,R023,Godavari,Andhra Pradesh,Eluru,17.27,81.65,EPSG:4326,Overtopping,Progressive,Central dam section,38.16,37.12,465551254.02,9.58,6.84,30.4,0.98,135.09,0.0709,2026-08-05 06:00:00,155617.74,92.82,334510840.12,433.27,45,18268156.21,47.2,Extreme,Structural Failure,"POLYGON((81.649 17.269,81.65100000000001 17.269,81.65100000000001 17.271,81.649 17.271,81.649 17.269))",Indian dam anchor + synthetic dam-break scenario,SYNTHETIC_PROTOTYPE
IN-B023-005,D023,Polavaram,R023,Godavari,Andhra Pradesh,Eluru,17.27,81.65,EPSG:4326,Piping,Sudden,Central dam section,18.52,33.23,299229029.12,15.07,26.48,19.07,1.65,58.61,0.2572,2026-08-06 06:00:00,227233.1,23.65,257827019.47,213.96,45,7974497.52,12.3,Low,Heavy Rainfall,"POLYGON((81.649 17.269,81.65100000000001 17.269,81.65100000000001 17.271,81.649 17.271,81.649 17.269))",Indian dam anchor + synthetic dam-break scenario,SYNTHETIC_PROTOTYPE
IN-B023-006,D023,Polavaram,R023,Godavari,Andhra Pradesh,Eluru,17.27,81.65,EPSG:4326,Structural Failure,Progressive,Central dam section,20.19,36.78,136029003.78,7.5,24.81,28.13,0.6,34.1,0.2199,2026-08-07 06:00:00,183718.01,13.7,112303429.17,208.81,45,68940624.18,31.8,Medium,Overtopping,"POLYGON((81.649 17.269,81.65100000000001 17.269,81.65100000000001 17.271,81.649 17.271,81.649 17.269))",Indian dam anchor + synthetic dam-break scenario,SYNTHETIC_PROTOTYPE
IN-B023-007,D023,Polavaram,R023,Godavari,Andhra Pradesh,Eluru,17.27,81.65,EPSG:4326,Overtopping,Sudden,Central dam section,18.15,27.45,355366550.58,18.55,26.85,29.78,1.45,36.38,0.5098,2026-08-08 06:00:00,267017.22,27.59,324300081.16,441.06,45,27611271.5,23.7,High,Foundation Failure,"POLYGON((81.649 17.269,81.65100000000001 17.269,81.65100000000001 17.271,81.649 17.271,81.649 17.269))",Indian dam anchor + synthetic dam-break scenario,SYNTHETIC_PROTOTYPE
IN-B023-008,D023,Polavaram,R023,Godavari,Andhra Pradesh,Eluru,17.27,81.65,EPSG:4326,Piping,Progressive,Central dam section,34.28,37.42,194044719.24,15.03,10.72,19.71,1.93,107.5,0.1398,2026-08-09 06:00:00,57833.42,94.1,174143748.96,336.73,45,48324579.02,40.1,Extreme,Structural Failure,"POLYGON((81.649 17.269,81.65100000000001 17.269,81.65100000000001 17.271,81.649 17.271,81.649 17.269))",Indian dam anchor + synthetic dam-break scenario,SYNTHETIC_PROTOTYPE
IN-B023-009,D023,Polavaram,R023,Godavari,Andhra Pradesh,Eluru,17.27,81.65,EPSG:4326,Structural Failure,Sudden,Central dam section,35.77,32.52,35256339.17,4.1,9.23,13.91,1.54,80.65,0.0509,2026-08-10 06:00:00,15830.84,44.25,33614218.95,121.49,45,40704525.68,32.5,Low,Heavy Rainfall,"POLYGON((81.649 17.269,81.65100000000001 17.269,81.65100000000001 17.271,81.649 17.271,81.649 17.269))",Indian dam anchor + synthetic dam-break scenario,SYNTHETIC_PROTOTYPE
IN-B023-010,D023,Polavaram,R023,Godavari,Andhra Pradesh,Eluru,17.27,81.65,EPSG:4326,Overtopping,Progressive,Central dam section,30.79,28.39,451721911.54,13.56,14.21,28.37,1.33,39.13,0.3464,2026-08-11 06:00:00,405047.76,15.72,425636224.86,176.25,45,5660114.59,30.4,Medium,Overtopping,"POLYGON((81.649 17.269,81.65100000000001 17.269,81.65100000000001 17.271,81.649 17.271,81.649 17.269))",Indian dam anchor + synthetic dam-break scenario,SYNTHETIC_PROTOTYPE
IN-B023-011,D023,Polavaram,R023,Godavari,Andhra Pradesh,Eluru,17.27,81.65,EPSG:4326,Piping,Sudden,Central dam section,31.35,33.04,424825128.31,11.12,13.65,33.86,1.99,18.86,0.5895,2026-08-12 06:00:00,1008787.1,10.22,281030988.81,427.72,45,66426615.45,18.6,High,Foundation Failure,"POLYGON((81.649 17.269,81.65100000000001 17.269,81.65100000000001 17.271,81.649 17.271,81.649 17.269))",Indian dam anchor + synthetic dam-break scenario,SYNTHETIC_PROTOTYPE
IN-B023-012,D023,Polavaram,R023,Godavari,Andhra Pradesh,Eluru,17.27,81.65,EPSG:4326,Structural Failure,Progressive,Central dam section,30.94,28.48,487429738.09,15.81,14.06,12.38,1.7,87.04,0.1816,2026-08-13 06:00:00,288383.35,69.45,406117370.02,385.95,45,51828399.76,18.9,Extreme,Structural Failure,"POLYGON((81.649 17.269,81.65100000000001 17.269,81.65100000000001 17.271,81.649 17.271,81.649 17.269))",Indian dam anchor + synthetic dam-break scenario,SYNTHETIC_PROTOTYPE
IN-B023-013,D023,Polavaram,R023,Godavari,Andhra Pradesh,Eluru,17.27,81.65,EPSG:4326,Overtopping,Sudden,Central dam section,24.54,40.1,398497740.35,5.64,20.46,18.64,1.92,140.48,0.0401,2026-08-14 06:00:00,113853.19,84.14,279204102.7,437.18,45,73144459.13,44.1,Low,Heavy Rainfall,"POLYGON((81.649 17.269,81.65100000000001 17.269,81.65100000000001 17.271,81.649 17.271,81.649 17.269))",Indian dam anchor + synthetic dam-break scenario,SYNTHETIC_PROTOTYPE
IN-B023-014,D023,Polavaram,R023,Godavari,Andhra Pradesh,Eluru,17.27,81.65,EPSG:4326,Piping,Progressive,Central dam section,20.93,39.18,208439608.45,19.94,24.07,10.67,0.72,90.73,0.2198,2026-08-15 06:00:00,83315.59,42.33,201767690.8,469.07,45,20802324.79,6.1,Medium,Overtopping,"POLYGON((81.649 17.269,81.65100000000001 17.269,81.65100000000001 17.271,81.649 17.271,81.649 17.269))",Indian dam anchor + synthetic dam-break scenario,SYNTHETIC_PROTOTYPE
IN-B024-001,D024,Mullaperiyar,R024,Periyar,Kerala,Idukki,9.53,77.13,EPSG:4326,Piping,Sudden,Central dam section,33.03,38.24,195925269.48,19.51,20.97,32.58,1.02,66.52,0.2934,2026-08-02 06:00:00,77476.66,56.58,128189006.36,141.89,54,77274444.08,36.1,Medium,Overtopping,"POLYGON((77.12899999999999 9.529,77.131 9.529,77.131 9.530999999999999,77.12899999999999 9.530999999999999,77.12899999999999 9.529))",Indian dam anchor + synthetic dam-break scenario,SYNTHETIC_PROTOTYPE
IN-B024-002,D024,Mullaperiyar,R024,Periyar,Kerala,Idukki,9.53,77.13,EPSG:4326,Structural Failure,Progressive,Central dam section,16.71,38.69,294352542.99,14.99,37.29,42.6,0.59,87.34,0.1717,2026-08-03 06:00:00,144156.53,58.3,262399729.93,100.24,54,64780611.38,25.4,High,Foundation Failure,"POLYGON((77.12899999999999 9.529,77.131 9.529,77.131 9.530999999999999,77.12899999999999 9.530999999999999,77.12899999999999 9.529))",Indian dam anchor + synthetic dam-break scenario,SYNTHETIC_PROTOTYPE
IN-B024-003,D024,Mullaperiyar,R024,Periyar,Kerala,Idukki,9.53,77.13,EPSG:4326,Overtopping,Sudden,Central dam section,24.71,42.11,126134282.58,14.22,29.29,31.91,1.89,162.89,0.0873,2026-08-04 06:00:00,28512.43,117.77,111317106.11,185.85,54,5872721.26,45.1,Extreme,Structural Failure,"POLYGON((77.12899999999999 9.529,77.131 9.529,77.131 9.530999999999999,77.12899999999999 9.530999999999999,77.12899999999999 9.529))",Indian dam anchor + synthetic dam-break scenario,SYNTHETIC_PROTOTYPE
IN-B024-004,D024,Mullaperiyar,R024,Periyar,Kerala,Idukki,9.53,77.13,EPSG:4326,Piping,Progressive,Central dam section,25.01,44.6,252496785.21,16.65,28.99,42.36,0.66,124.78,0.1334,2026-08-05 06:00:00,55701.45,77.37,186769305.02,164.59,54,22357711.25,19.0,Low,Heavy Rainfall,"POLYGON((77.12899999999999 9.529,77.131 9.529,77.131 9.530999999999999,77.12899999999999 9.530999999999999,77.12899999999999 9.529))",Indian dam anchor + synthetic dam-break scenario,SYNTHETIC_PROTOTYPE
IN-B024-005,D024,Mullaperiyar,R024,Periyar,Kerala,Idukki,9.53,77.13,EPSG:4326,Structural Failure,Sudden,Central dam section,18.36,44.12,197203468.2,12.88,35.64,19.63,0.63,102.94,0.1251,2026-08-06 06:00:00,102769.83,46.68,173532994.5,277.01,54,1199495.04,16.9,Medium,Overtopping,"POLYGON((77.12899999999999 9.529,77.131 9.529,77.131 9.530999999999999,77.12899999999999 9.530999999999999,77.12899999999999 9.529))",Indian dam anchor + synthetic dam-break scenario,SYNTHETIC_PROTOTYPE
IN-B024-006,D024,Mullaperiyar,R024,Periyar,Kerala,Idukki,9.53,77.13,EPSG:4326,Overtopping,Progressive,Central dam section,45.78,46.14,200352101.7,21.2,8.22,14.78,1.12,131.29,0.1615,2026-08-07 06:00:00,39460.62,95.75,187200609.64,88.58,54,3144718.26,23.3,High,Foundation Failure,"POLYGON((77.12899999999999 9.529,77.131 9.529,77.131 9.530999999999999,77.12899999999999 9.530999999999999,77.12899999999999 9.529))",Indian dam anchor + synthetic dam-break scenario,SYNTHETIC_PROTOTYPE
IN-B024-007,D024,Mullaperiyar,R024,Periyar,Kerala,Idukki,9.53,77.13,EPSG:4326,Piping,Sudden,Central dam section,30.76,49.45,360782450.08,23.0,23.24,31.69,1.74,29.34,0.7842,2026-08-08 06:00:00,656280.45,13.18,297358846.93,453.32,54,47484041.06,33.1,Extreme,Structural Failure,"POLYGON((77.12899999999999 9.529,77.131 9.529,77.131 9.530999999999999,77.12899999999999 9.530999999999999,77.12899999999999 9.529))",Indian dam anchor + synthetic dam-break scenario,SYNTHETIC_PROTOTYPE
IN-B024-008,D024,Mullaperiyar,R024,Periyar,Kerala,Idukki,9.53,77.13,EPSG:4326,Structural Failure,Progressive,Central dam section,21.4,43.84,212945067.39,13.9,32.6,13.65,1.47,44.43,0.3129,2026-08-09 06:00:00,143891.73,24.37,143184773.59,305.62,54,47286643.17,40.8,Low,Heavy Rainfall,"POLYGON((77.12899999999999 9.529,77.131 9.529,77.131 9.530999999999999,77.12899999999999 9.530999999999999,77.12899999999999 9.529))",Indian dam anchor + synthetic dam-break scenario,SYNTHETIC_PROTOTYPE
IN-B024-009,D024,Mullaperiyar,R024,Periyar,Kerala,Idukki,9.53,77.13,EPSG:4326,Overtopping,Sudden,Central dam section,40.3,42.28,119842188.19,12.25,13.7,23.98,1.87,69.53,0.1762,2026-08-10 06:00:00,56731.43,56.79,87964092.03,10.62,54,38354690.9,41.0,Medium,Overtopping,"POLYGON((77.12899999999999 9.529,77.131 9.529,77.131 9.530999999999999,77.12899999999999 9.530999999999999,77.12899999999999 9.529))",Indian dam anchor + synthetic dam-break scenario,SYNTHETIC_PROTOTYPE
IN-B024-010,D024,Mullaperiyar,R024,Periyar,Kerala,Idukki,9.53,77.13,EPSG:4326,Piping,Progressive,Central dam section,28.58,44.66,196617109.46,16.07,25.42,21.39,1.22,108.45,0.1481,2026-08-11 06:00:00,101102.2,85.0,145156368.82,255.89,54,24999751.15,19.7,High,Foundation Failure,"POLYGON((77.12899999999999 9.529,77.131 9.529,77.131 9.530999999999999,77.12899999999999 9.530999999999999,77.12899999999999 9.529))",Indian dam anchor + synthetic dam-break scenario,SYNTHETIC_PROTOTYPE
IN-B024-011,D024,Mullaperiyar,R024,Periyar,Kerala,Idukki,9.53,77.13,EPSG:4326,Structural Failure,Sudden,Central dam section,20.82,49.69,291316686.16,7.7,33.18,22.0,1.88,19.6,0.393,2026-08-12 06:00:00,455663.1,15.96,273994753.55,250.46,54,22709249.13,15.4,Extreme,Structural Failure,"POLYGON((77.12899999999999 9.529,77.131 9.529,77.131 9.530999999999999,77.12899999999999 9.530999999999999,77.12899999999999 9.529))",Indian dam anchor + synthetic dam-break scenario,SYNTHETIC_PROTOTYPE
IN-B024-012,D024,Mullaperiyar,R024,Periyar,Kerala,Idukki,9.53,77.13,EPSG:4326,Overtopping,Progressive,Central dam section,21.9,41.82,470718467.5,16.54,32.1,12.28,1.33,83.75,0.1974,2026-08-13 06:00:00,218529.86,69.86,361636646.76,476.78,54,52133883.09,15.2,Low,Heavy Rainfall,"POLYGON((77.12899999999999 9.529,77.131 9.529,77.131 9.530999999999999,77.12899999999999 9.530999999999999,77.12899999999999 9.529))",Indian dam anchor + synthetic dam-break scenario,SYNTHETIC_PROTOTYPE
IN-B024-013,D024,Mullaperiyar,R024,Periyar,Kerala,Idukki,9.53,77.13,EPSG:4326,Piping,Sudden,Central dam section,32.82,44.35,103856917.94,15.57,21.18,14.87,1.38,35.48,0.439,2026-08-14 06:00:00,105506.44,28.01,82997493.93,288.81,54,5798818.51,6.3,Medium,Overtopping,"POLYGON((77.12899999999999 9.529,77.131 9.529,77.131 9.530999999999999,77.12899999999999 9.530999999999999,77.12899999999999 9.529))",Indian dam anchor + synthetic dam-break scenario,SYNTHETIC_PROTOTYPE
IN-B024-014,D024,Mullaperiyar,R024,Periyar,Kerala,Idukki,9.53,77.13,EPSG:4326,Structural Failure,Progressive,Central dam section,22.21,38.96,52784016.7,12.74,31.79,31.04,1.89,133.69,0.0953,2026-08-15 06:00:00,10450.08,89.2,41803915.96,81.31,54,36875540.68,18.5,High,Foundation Failure,"POLYGON((77.12899999999999 9.529,77.131 9.529,77.131 9.530999999999999,77.12899999999999 9.530999999999999,77.12899999999999 9.529))",Indian dam anchor + synthetic dam-break scenario,SYNTHETIC_PROTOTYPE
IN-B025-001,D025,Idukki,R025,Periyar,Kerala,Idukki,9.86,76.97,EPSG:4326,Structural Failure,Sudden,Central dam section,73.97,158.26,280840016.22,29.22,95.03,37.09,1.31,95.23,0.3068,2026-08-02 06:00:00,148829.77,68.44,262279851.83,229.58,169,59271088.47,38.8,High,Foundation Failure,"POLYGON((76.969 9.859,76.971 9.859,76.971 9.860999999999999,76.969 9.860999999999999,76.969 9.859))",Indian dam anchor + synthetic dam-break scenario,SYNTHETIC_PROTOTYPE
IN-B025-002,D025,Idukki,R025,Periyar,Kerala,Idukki,9.86,76.97,EPSG:4326,Overtopping,Progressive,Central dam section,99.3,155.78,459700342.77,23.4,69.7,121.01,1.9,100.56,0.2327,2026-08-03 06:00:00,160857.85,84.82,407359854.34,235.8,169,50722984.02,16.5,Extreme,Structural Failure,"POLYGON((76.969 9.859,76.971 9.859,76.971 9.860999999999999,76.969 9.860999999999999,76.969 9.859))",Indian dam anchor + synthetic dam-break scenario,SYNTHETIC_PROTOTYPE
IN-B025-003,D025,Idukki,R025,Periyar,Kerala,Idukki,9.86,76.97,EPSG:4326,Piping,Sudden,Central dam section,70.77,158.91,137174061.81,14.82,98.23,106.17,1.84,111.05,0.1335,2026-08-04 06:00:00,33912.05,60.86,93265744.32,393.26,169,5284504.34,15.4,Low,Heavy Rainfall,"POLYGON((76.969 9.859,76.971 9.859,76.971 9.860999999999999,76.969 9.860999999999999,76.969 9.859))",Indian dam anchor + synthetic dam-break scenario,SYNTHETIC_PROTOTYPE
IN-B025-004,D025,Idukki,R025,Periyar,Kerala,Idukki,9.86,76.97,EPSG:4326,Structural Failure,Progressive,Central dam section,101.47,151.02,277073820.99,28.55,67.53,52.99,0.79,85.49,0.3339,2026-08-05 06:00:00,158169.94,58.55,240435126.25,81.78,169,48737708.84,25.9,Medium,Overtopping,"POLYGON((76.969 9.859,76.971 9.859,76.971 9.860999999999999,76.969 9.860999999999999,76.969 9.859))",Indian dam anchor + synthetic dam-break scenario,SYNTHETIC_PROTOTYPE
IN-B025-005,D025,Idukki,R025,Periyar,Kerala,Idukki,9.86,76.97,EPSG:4326,Overtopping,Sudden,Central dam section,62.35,161.6,349692357.7,20.2,106.65,126.73,1.46,118.98,0.1698,2026-08-06 06:00:00,103730.61,83.4,252450997.68,89.93,169,58159996.85,47.1,High,Foundation Failure,"POLYGON((76.969 9.859,76.971 9.859,76.971 9.860999999999999,76.969 9.860999999999999,76.969 9.859))",Indian dam anchor + synthetic dam-break scenario,SYNTHETIC_PROTOTYPE
IN-B025-006,D025,Idukki,R025,Periyar,Kerala,Idukki,9.86,76.97,EPSG:4326,Piping,Progressive,Central dam section,130.66,156.96,153179249.34,69.03,38.34,70.3,1.37,62.32,1.1076,2026-08-07 06:00:00,109736.36,41.07,140460738.34,290.54,169,78306211.63,34.3,Extreme,Structural Failure,"POLYGON((76.969 9.859,76.971 9.859,76.971 9.860999999999999,76.969 9.860999999999999,76.969 9.859))",Indian dam anchor + synthetic dam-break scenario,SYNTHETIC_PROTOTYPE
IN-B025-007,D025,Idukki,R025,Periyar,Kerala,Idukki,9.86,76.97,EPSG:4326,Structural Failure,Sudden,Central dam section,100.4,155.48,97355304.45,65.48,68.6,41.55,1.52,106.5,0.6148,2026-08-08 06:00:00,25130.26,73.58,75387122.73,37.94,169,69738403.68,44.9,Low,Heavy Rainfall,"POLYGON((76.969 9.859,76.971 9.859,76.971 9.860999999999999,76.969 9.860999999999999,76.969 9.859))",Indian dam anchor + synthetic dam-break scenario,SYNTHETIC_PROTOTYPE
IN-B025-008,D025,Idukki,R025,Periyar,Kerala,Idukki,9.86,76.97,EPSG:4326,Overtopping,Progressive,Central dam section,128.43,157.32,166158274.79,33.01,40.57,117.9,0.52,16.71,1.976,2026-08-09 06:00:00,363347.82,11.6,114691267.69,173.4,169,8089560.91,23.5,Medium,Overtopping,"POLYGON((76.969 9.859,76.971 9.859,76.971 9.860999999999999,76.969 9.860999999999999,76.969 9.859))",Indian dam anchor + synthetic dam-break scenario,SYNTHETIC_PROTOTYPE
IN-B025-009,D025,Idukki,R025,Periyar,Kerala,Idukki,9.86,76.97,EPSG:4326,Piping,Sudden,Central dam section,116.39,156.06,315831835.32,52.64,52.61,54.13,1.31,58.14,0.9053,2026-08-10 06:00:00,224509.08,32.19,229367465.59,205.37,169,17936012.35,25.5,High,Foundation Failure,"POLYGON((76.969 9.859,76.971 9.859,76.971 9.860999999999999,76.969 9.860999999999999,76.969 9.859))",Indian dam anchor + synthetic dam-break scenario,SYNTHETIC_PROTOTYPE
IN-B025-010,D025,Idukki,R025,Periyar,Kerala,Idukki,9.86,76.97,EPSG:4326,Structural Failure,Progressive,Central dam section,136.86,153.72,261816835.15,42.87,32.14,133.78,1.62,15.35,2.794,2026-08-11 06:00:00,641335.97,9.84,192280182.77,423.04,169,24760017.29,7.4,Extreme,Structural Failure,"POLYGON((76.969 9.859,76.971 9.859,76.971 9.860999999999999,76.969 9.860999999999999,76.969 9.859))",Indian dam anchor + synthetic dam-break scenario,SYNTHETIC_PROTOTYPE
IN-B025-011,D025,Idukki,R025,Periyar,Kerala,Idukki,9.86,76.97,EPSG:4326,Overtopping,Sudden,Central dam section,71.88,158.6,300776055.37,54.89,97.12,105.53,1.6,54.16,1.0135,2026-08-12 06:00:00,226428.91,22.08,220577898.79,481.55,169,4242901.16,21.9,Low,Heavy Rainfall,"POLYGON((76.969 9.859,76.971 9.859,76.971 9.860999999999999,76.969 9.860999999999999,76.969 9.859))",Indian dam anchor + synthetic dam-break scenario,SYNTHETIC_PROTOTYPE
IN-B025-012,D025,Idukki,R025,Periyar,Kerala,Idukki,9.86,76.97,EPSG:4326,Piping,Progressive,Central dam section,79.15,155.05,63467045.79,23.33,89.85,113.11,0.8,53.87,0.4331,2026-08-13 06:00:00,29626.24,33.88,55094448.82,225.37,169,11456747.06,7.2,Medium,Overtopping,"POLYGON((76.969 9.859,76.971 9.859,76.971 9.860999999999999,76.969 9.860999999999999,76.969 9.859))",Indian dam anchor + synthetic dam-break scenario,SYNTHETIC_PROTOTYPE
IN-B025-013,D025,Idukki,R025,Periyar,Kerala,Idukki,9.86,76.97,EPSG:4326,Structural Failure,Sudden,Central dam section,110.13,156.51,121953637.51,56.98,58.87,76.4,1.57,56.17,1.0145,2026-08-14 06:00:00,93625.87,28.9,100417130.91,332.54,169,64325550.76,44.1,High,Foundation Failure,"POLYGON((76.969 9.859,76.971 9.859,76.971 9.860999999999999,76.969 9.860999999999999,76.969 9.859))",Indian dam anchor + synthetic dam-break scenario,SYNTHETIC_PROTOTYPE
IN-B025-014,D025,Idukki,R025,Periyar,Kerala,Idukki,9.86,76.97,EPSG:4326,Overtopping,Progressive,Central dam section,91.39,159.01,150827356.34,50.54,77.61,113.44,1.61,53.19,0.9502,2026-08-15 06:00:00,92629.95,21.99,121300516.68,292.36,169,51815988.28,41.0,Extreme,Structural Failure,"POLYGON((76.969 9.859,76.971 9.859,76.971 9.860999999999999,76.969 9.860999999999999,76.969 9.859))",Indian dam anchor + synthetic dam-break scenario,SYNTHETIC_PROTOTYPE
IN-B026-001,D026,Kakki,R026,Pamba,Kerala,Pathanamthitta,9.37,76.92,EPSG:4326,Overtopping,Sudden,Central dam section,82.43,92.11,117196076.79,41.28,27.57,40.39,0.75,143.34,0.288,2026-08-02 06:00:00,47283.59,93.92,80906175.9,380.26,110,17051544.93,22.3,Extreme,Structural Failure,"POLYGON((76.919 9.369,76.921 9.369,76.921 9.370999999999999,76.919 9.370999999999999,76.919 9.369))",Indian dam anchor + synthetic dam-break scenario,SYNTHETIC_PROTOTYPE
IN-B026-002,D026,Kakki,R026,Pamba,Kerala,Pathanamthitta,9.37,76.92,EPSG:4326,Piping,Progressive,Central dam section,81.61,92.39,407194528.27,17.45,28.39,28.34,1.34,30.31,0.5756,2026-08-03 06:00:00,629758.33,14.71,283349029.32,427.76,110,67581515.83,17.4,Low,Heavy Rainfall,"POLYGON((76.919 9.369,76.921 9.369,76.921 9.370999999999999,76.919 9.370999999999999,76.919 9.369))",Indian dam anchor + synthetic dam-break scenario,SYNTHETIC_PROTOTYPE
IN-B026-003,D026,Kakki,R026,Pamba,Kerala,Pathanamthitta,9.37,76.92,EPSG:4326,Structural Failure,Sudden,Central dam section,87.07,104.04,100205385.37,21.6,22.93,32.32,1.76,110.0,0.1963,2026-08-04 06:00:00,43225.66,56.3,76976518.61,354.74,110,20155088.78,19.9,Medium,Overtopping,"POLYGON((76.919 9.369,76.921 9.369,76.921 9.370999999999999,76.919 9.370999999999999,76.919 9.369))",Indian dam anchor + synthetic dam-break scenario,SYNTHETIC_PROTOTYPE
IN-B026-004,D026,Kakki,R026,Pamba,Kerala,Pathanamthitta,9.37,76.92,EPSG:4326,Overtopping,Progressive,Central dam section,60.53,96.12,388216795.65,12.08,49.47,84.7,1.16,89.21,0.1354,2026-08-05 06:00:00,111959.43,41.1,287787165.08,437.26,110,13062054.52,41.9,High,Foundation Failure,"POLYGON((76.919 9.369,76.921 9.369,76.921 9.370999999999999,76.919 9.370999999999999,76.919 9.369))",Indian dam anchor + synthetic dam-break scenario,SYNTHETIC_PROTOTYPE
IN-B026-005,D026,Kakki,R026,Pamba,Kerala,Pathanamthitta,9.37,76.92,EPSG:4326,Piping,Sudden,Central dam section,66.71,93.46,310656761.11,9.82,43.29,56.13,1.43,19.06,0.5151,2026-08-06 06:00:00,686543.71,9.67,268584563.68,315.33,110,61551450.86,38.4,Extreme,Structural Failure,"POLYGON((76.919 9.369,76.921 9.369,76.921 9.370999999999999,76.919 9.370999999999999,76.919 9.369))",Indian dam anchor + synthetic dam-break scenario,SYNTHETIC_PROTOTYPE
IN-B026-006,D026,Kakki,R026,Pamba,Kerala,Pathanamthitta,9.37,76.92,EPSG:4326,Structural Failure,Progressive,Central dam section,65.48,106.95,444845092.83,34.02,44.52,32.28,0.99,109.59,0.3105,2026-08-07 06:00:00,177755.61,81.6,341402349.82,257.91,110,28468399.35,40.1,Low,Heavy Rainfall,"POLYGON((76.919 9.369,76.921 9.369,76.921 9.370999999999999,76.919 9.370999999999999,76.919 9.369))",Indian dam anchor + synthetic dam-break scenario,SYNTHETIC_PROTOTYPE
IN-B026-007,D026,Kakki,R026,Pamba,Kerala,Pathanamthitta,9.37,76.92,EPSG:4326,Overtopping,Sudden,Central dam section,83.74,94.06,191122139.86,23.3,26.26,30.16,1.58,157.73,0.1477,2026-08-08 06:00:00,46313.05,95.49,152756544.11,232.19,110,42296822.93,21.4,Medium,Overtopping,"POLYGON((76.919 9.369,76.921 9.369,76.921 9.370999999999999,76.919 9.370999999999999,76.919 9.369))",Indian dam anchor + synthetic dam-break scenario,SYNTHETIC_PROTOTYPE
IN-B026-008,D026,Kakki,R026,Pamba,Kerala,Pathanamthitta,9.37,76.92,EPSG:4326,Piping,Progressive,Central dam section,65.33,102.95,349963799.0,16.73,44.67,77.84,1.12,152.98,0.1094,2026-08-09 06:00:00,72658.35,117.88,256648006.46,366.67,110,67513443.71,24.2,High,Foundation Failure,"POLYGON((76.919 9.369,76.921 9.369,76.921 9.370999999999999,76.919 9.370999999999999,76.919 9.369))",Indian dam anchor + synthetic dam-break scenario,SYNTHETIC_PROTOTYPE
IN-B026-009,D026,Kakki,R026,Pamba,Kerala,Pathanamthitta,9.37,76.92,EPSG:4326,Structural Failure,Sudden,Central dam section,42.61,95.32,383545276.46,12.62,67.39,30.38,0.67,121.72,0.1037,2026-08-10 06:00:00,158622.59,50.22,289288924.52,341.06,110,73156374.96,6.4,Extreme,Structural Failure,"POLYGON((76.919 9.369,76.921 9.369,76.921 9.370999999999999,76.919 9.370999999999999,76.919 9.369))",Indian dam anchor + synthetic dam-break scenario,SYNTHETIC_PROTOTYPE
IN-B026-010,D026,Kakki,R026,Pamba,Kerala,Pathanamthitta,9.37,76.92,EPSG:4326,Overtopping,Progressive,Central dam section,65.9,104.0,224189437.12,42.69,44.1,65.39,1.8,93.57,0.4563,2026-08-11 06:00:00,69021.3,54.81,215461758.53,165.79,110,12870113.39,34.3,Low,Heavy Rainfall,"POLYGON((76.919 9.369,76.921 9.369,76.921 9.370999999999999,76.919 9.370999999999999,76.919 9.369))",Indian dam anchor + synthetic dam-break scenario,SYNTHETIC_PROTOTYPE
IN-B026-011,D026,Kakki,R026,Pamba,Kerala,Pathanamthitta,9.37,76.92,EPSG:4326,Piping,Sudden,Central dam section,63.07,101.66,493250990.57,32.97,46.93,86.75,1.93,150.73,0.2187,2026-08-12 06:00:00,112990.24,106.07,462505978.79,32.12,110,12715267.38,42.9,Medium,Overtopping,"POLYGON((76.919 9.369,76.921 9.369,76.921 9.370999999999999,76.919 9.370999999999999,76.919 9.369))",Indian dam anchor + synthetic dam-break scenario,SYNTHETIC_PROTOTYPE
IN-B026-012,D026,Kakki,R026,Pamba,Kerala,Pathanamthitta,9.37,76.92,EPSG:4326,Structural Failure,Progressive,Central dam section,57.13,100.17,63163210.72,24.44,52.87,71.87,1.6,71.27,0.3429,2026-08-13 06:00:00,26444.88,48.4,60003072.84,314.52,110,45209886.57,20.4,High,Foundation Failure,"POLYGON((76.919 9.369,76.921 9.369,76.921 9.370999999999999,76.919 9.370999999999999,76.919 9.369))",Indian dam anchor + synthetic dam-break scenario,SYNTHETIC_PROTOTYPE
IN-B026-013,D026,Kakki,R026,Pamba,Kerala,Pathanamthitta,9.37,76.92,EPSG:4326,Overtopping,Sudden,Central dam section,44.91,97.26,161842887.87,38.92,65.09,37.32,1.88,45.66,0.8523,2026-08-14 06:00:00,141429.84,23.83,122423245.09,117.04,110,1123927.27,31.8,Extreme,Structural Failure,"POLYGON((76.919 9.369,76.921 9.369,76.921 9.370999999999999,76.919 9.370999999999999,76.919 9.369))",Indian dam anchor + synthetic dam-break scenario,SYNTHETIC_PROTOTYPE
IN-B026-014,D026,Kakki,R026,Pamba,Kerala,Pathanamthitta,9.37,76.92,EPSG:4326,Piping,Progressive,Central dam section,63.96,104.18,210312989.84,28.94,46.04,47.25,1.57,72.19,0.4009,2026-08-15 06:00:00,85554.29,41.24,168897385.59,313.57,110,70834067.92,7.9,Low,Heavy Rainfall,"POLYGON((76.919 9.369,76.921 9.369,76.921 9.370999999999999,76.919 9.370999999999999,76.919 9.369))",Indian dam anchor + synthetic dam-break scenario,SYNTHETIC_PROTOTYPE
IN-B027-001,D027,Malampuzha,R027,Malampuzha,Kerala,Palakkad,10.83,76.69,EPSG:4326,Piping,Sudden,Central dam section,11.55,20.2,268324623.73,11.25,21.45,19.28,1.31,107.9,0.1043,2026-08-02 06:00:00,118854.22,57.2,216066471.6,168.34,33,67444155.26,18.5,Low,Heavy Rainfall,"POLYGON((76.689 10.829,76.691 10.829,76.691 10.831,76.689 10.831,76.689 10.829))",Indian dam anchor + synthetic dam-break scenario,SYNTHETIC_PROTOTYPE
IN-B027-002,D027,Malampuzha,R027,Malampuzha,Kerala,Palakkad,10.83,76.69,EPSG:4326,Structural Failure,Progressive,Central dam section,18.15,28.53,424387639.34,10.0,14.85,19.37,0.79,137.5,0.0727,2026-08-03 06:00:00,129102.51,103.22,382058069.6,454.48,33,61019683.67,23.8,Medium,Overtopping,"POLYGON((76.689 10.829,76.691 10.829,76.691 10.831,76.689 10.831,76.689 10.829))",Indian dam anchor + synthetic dam-break scenario,SYNTHETIC_PROTOTYPE
IN-B027-003,D027,Malampuzha,R027,Malampuzha,Kerala,Palakkad,10.83,76.69,EPSG:4326,Overtopping,Sudden,Central dam section,24.8,28.09,206722160.69,7.17,8.2,12.92,1.29,168.12,0.0426,2026-08-04 06:00:00,31747.81,73.83,179341455.99,305.28,33,67071385.69,35.0,High,Foundation Failure,"POLYGON((76.689 10.829,76.691 10.829,76.691 10.831,76.689 10.831,76.689 10.829))",Indian dam anchor + synthetic dam-break scenario,SYNTHETIC_PROTOTYPE
IN-B027-004,D027,Malampuzha,R027,Malampuzha,Kerala,Palakkad,10.83,76.69,EPSG:4326,Piping,Progressive,Central dam section,10.07,17.06,37357573.71,4.0,22.93,25.62,1.84,128.6,0.0311,2026-08-05 06:00:00,10183.33,64.15,34998425.74,248.52,33,37658343.76,21.4,Extreme,Structural Failure,"POLYGON((76.689 10.829,76.691 10.829,76.691 10.831,76.689 10.831,76.689 10.829))",Indian dam anchor + synthetic dam-break scenario,SYNTHETIC_PROTOTYPE
IN-B027-005,D027,Malampuzha,R027,Malampuzha,Kerala,Palakkad,10.83,76.69,EPSG:4326,Structural Failure,Sudden,Central dam section,11.18,24.31,414256590.06,5.06,21.82,25.25,1.6,106.59,0.0474,2026-08-06 06:00:00,165198.61,81.48,290649484.24,426.58,33,44017338.15,41.6,Low,Heavy Rainfall,"POLYGON((76.689 10.829,76.691 10.829,76.691 10.831,76.689 10.831,76.689 10.829))",Indian dam anchor + synthetic dam-break scenario,SYNTHETIC_PROTOTYPE
IN-B027-006,D027,Malampuzha,R027,Malampuzha,Kerala,Palakkad,10.83,76.69,EPSG:4326,Overtopping,Progressive,Central dam section,21.51,28.05,159811205.77,13.68,11.49,24.18,1.62,83.09,0.1646,2026-08-07 06:00:00,93119.94,46.94,154777726.6,150.52,33,61467365.54,34.9,Medium,Overtopping,"POLYGON((76.689 10.829,76.691 10.829,76.691 10.831,76.689 10.831,76.689 10.829))",Indian dam anchor + synthetic dam-break scenario,SYNTHETIC_PROTOTYPE
IN-B027-007,D027,Malampuzha,R027,Malampuzha,Kerala,Palakkad,10.83,76.69,EPSG:4326,Piping,Sudden,Central dam section,23.83,23.46,178674580.37,6.63,9.17,21.98,1.54,113.53,0.0584,2026-08-08 06:00:00,66620.63,77.32,158639177.36,446.84,33,29472194.06,6.3,High,Foundation Failure,"POLYGON((76.689 10.829,76.691 10.829,76.691 10.831,76.689 10.831,76.689 10.829))",Indian dam anchor + synthetic dam-break scenario,SYNTHETIC_PROTOTYPE
IN-B027-008,D027,Malampuzha,R027,Malampuzha,Kerala,Palakkad,10.83,76.69,EPSG:4326,Structural Failure,Progressive,Central dam section,26.77,17.28,206595353.79,11.9,6.23,25.79,1.81,101.64,0.1171,2026-08-09 06:00:00,52657.76,77.82,153523291.02,373.98,33,78049891.9,6.1,Extreme,Structural Failure,"POLYGON((76.689 10.829,76.691 10.829,76.691 10.831,76.689 10.831,76.689 10.829))",Indian dam anchor + synthetic dam-break scenario,SYNTHETIC_PROTOTYPE
IN-B027-009,D027,Malampuzha,R027,Malampuzha,Kerala,Palakkad,10.83,76.69,EPSG:4326,Overtopping,Sudden,Central dam section,10.92,19.76,341791181.49,5.85,22.08,16.03,1.99,39.0,0.15,2026-08-10 06:00:00,233527.09,19.55,318937604.27,90.66,33,3168516.91,29.7,Low,Heavy Rainfall,"POLYGON((76.689 10.829,76.691 10.829,76.691 10.831,76.689 10.831,76.689 10.829))",Indian dam anchor + synthetic dam-break scenario,SYNTHETIC_PROTOTYPE
IN-B027-010,D027,Malampuzha,R027,Malampuzha,Kerala,Palakkad,10.83,76.69,EPSG:4326,Piping,Progressive,Central dam section,27.6,20.45,467526256.02,11.92,5.4,26.16,1.8,154.97,0.0769,2026-08-11 06:00:00,122406.04,104.18,431987434.66,360.18,33,6812655.46,26.5,Medium,Overtopping,"POLYGON((76.689 10.829,76.691 10.829,76.691 10.831,76.689 10.831,76.689 10.829))",Indian dam anchor + synthetic dam-break scenario,SYNTHETIC_PROTOTYPE
IN-B027-011,D027,Malampuzha,R027,Malampuzha,Kerala,Palakkad,10.83,76.69,EPSG:4326,Structural Failure,Sudden,Central dam section,22.52,21.91,69969372.78,11.0,10.48,16.55,0.53,22.78,0.4828,2026-08-12 06:00:00,105064.37,16.0,47002115.57,480.78,33,34085767.06,27.1,High,Foundation Failure,"POLYGON((76.689 10.829,76.691 10.829,76.691 10.831,76.689 10.831,76.689 10.829))",Indian dam anchor + synthetic dam-break scenario,SYNTHETIC_PROTOTYPE
IN-B027-012,D027,Malampuzha,R027,Malampuzha,Kerala,Palakkad,10.83,76.69,EPSG:4326,Overtopping,Progressive,Central dam section,10.88,24.78,260344099.37,4.0,22.12,10.87,1.05,144.42,0.0277,2026-08-13 06:00:00,62896.65,112.52,208178865.58,65.98,33,71612132.25,17.9,Extreme,Structural Failure,"POLYGON((76.689 10.829,76.691 10.829,76.691 10.831,76.689 10.831,76.689 10.829))",Indian dam anchor + synthetic dam-break scenario,SYNTHETIC_PROTOTYPE
IN-B027-013,D027,Malampuzha,R027,Malampuzha,Kerala,Palakkad,10.83,76.69,EPSG:4326,Piping,Sudden,Central dam section,15.08,17.4,294853710.74,9.51,17.92,13.77,1.51,100.57,0.0945,2026-08-14 06:00:00,119840.88,58.82,257244042.81,58.4,33,54709561.9,37.0,Low,Heavy Rainfall,"POLYGON((76.689 10.829,76.691 10.829,76.691 10.831,76.689 10.831,76.689 10.829))",Indian dam anchor + synthetic dam-break scenario,SYNTHETIC_PROTOTYPE
IN-B027-014,D027,Malampuzha,R027,Malampuzha,Kerala,Palakkad,10.83,76.69,EPSG:4326,Structural Failure,Progressive,Central dam section,20.03,29.29,116644332.94,13.21,12.97,11.13,0.78,99.76,0.1324,2026-08-15 06:00:00,51030.94,62.73,94399440.24,115.8,33,42842127.36,41.2,Medium,Overtopping,"POLYGON((76.689 10.829,76.691 10.829,76.691 10.831,76.689 10.831,76.689 10.829))",Indian dam anchor + synthetic dam-break scenario,SYNTHETIC_PROTOTYPE
IN-B028-001,D028,Maithon,R028,Barakar,Jharkhand,Dhanbad,23.82,86.77,EPSG:4326,Structural Failure,Sudden,Central dam section,17.03,49.1,497389685.61,9.32,38.97,26.94,0.64,165.49,0.0563,2026-08-02 06:00:00,126040.91,91.7,413115593.43,375.04,56,47812959.09,26.7,Medium,Overtopping,"POLYGON((86.76899999999999 23.819,86.771 23.819,86.771 23.821,86.76899999999999 23.821,86.76899999999999 23.819))",Indian dam anchor + synthetic dam-break scenario,SYNTHETIC_PROTOTYPE
IN-B028-002,D028,Maithon,R028,Barakar,Jharkhand,Dhanbad,23.82,86.77,EPSG:4326,Overtopping,Progressive,Central dam section,36.75,41.34,203214082.31,14.88,19.25,38.69,1.28,159.6,0.0932,2026-08-03 06:00:00,55950.53,97.42,156054741.41,236.86,56,77549973.45,8.3,High,Foundation Failure,"POLYGON((86.76899999999999 23.819,86.771 23.819,86.771 23.821,86.76899999999999 23.821,86.76899999999999 23.819))",Indian dam anchor + synthetic dam-break scenario,SYNTHETIC_PROTOTYPE
IN-B028-003,D028,Maithon,R028,Barakar,Jharkhand,Dhanbad,23.82,86.77,EPSG:4326,Piping,Sudden,Central dam section,19.93,39.43,499148871.8,14.93,36.07,21.61,1.7,86.7,0.1722,2026-08-04 06:00:00,221055.73,41.71,416545193.5,291.61,56,59178606.26,9.5,Extreme,Structural Failure,"POLYGON((86.76899999999999 23.819,86.771 23.819,86.771 23.821,86.76899999999999 23.821,86.76899999999999 23.819))",Indian dam anchor + synthetic dam-break scenario,SYNTHETIC_PROTOTYPE
IN-B028-004,D028,Maithon,R028,Barakar,Jharkhand,Dhanbad,23.82,86.77,EPSG:4326,Structural Failure,Progressive,Central dam section,29.14,52.71,97900003.56,21.05,26.86,29.56,2.0,60.78,0.3463,2026-08-05 06:00:00,88806.67,37.06,78465949.27,306.31,56,41044347.47,6.0,Low,Heavy Rainfall,"POLYGON((86.76899999999999 23.819,86.771 23.819,86.771 23.821,86.76899999999999 23.821,86.76899999999999 23.819))",Indian dam anchor + synthetic dam-break scenario,SYNTHETIC_PROTOTYPE
IN-B028-005,D028,Maithon,R028,Barakar,Jharkhand,Dhanbad,23.82,86.77,EPSG:4326,Overtopping,Sudden,Central dam section,20.61,48.82,346187625.1,10.17,35.39,14.35,0.69,133.05,0.0764,2026-08-06 06:00:00,67864.6,67.06,339169061.1,441.35,56,52544642.92,28.6,Medium,Overtopping,"POLYGON((86.76899999999999 23.819,86.771 23.819,86.771 23.821,86.76899999999999 23.821,86.76899999999999 23.819))",Indian dam anchor + synthetic dam-break scenario,SYNTHETIC_PROTOTYPE
IN-B028-006,D028,Maithon,R028,Barakar,Jharkhand,Dhanbad,23.82,86.77,EPSG:4326,Piping,Progressive,Central dam section,27.91,39.27,393352775.34,23.15,28.09,24.74,1.15,116.18,0.1993,2026-08-07 06:00:00,131820.97,68.4,303875357.82,140.4,56,28298734.07,47.6,High,Foundation Failure,"POLYGON((86.76899999999999 23.819,86.771 23.819,86.771 23.821,86.76899999999999 23.821,86.76899999999999 23.819))",Indian dam anchor + synthetic dam-break scenario,SYNTHETIC_PROTOTYPE
IN-B028-007,D028,Maithon,R028,Barakar,Jharkhand,Dhanbad,23.82,86.77,EPSG:4326,Structural Failure,Sudden,Central dam section,36.99,50.27,290738623.71,7.27,19.01,37.14,0.53,40.89,0.1778,2026-08-08 06:00:00,244035.69,28.48,222893410.72,174.78,56,32578965.18,44.4,Extreme,Structural Failure,"POLYGON((86.76899999999999 23.819,86.771 23.819,86.771 23.821,86.76899999999999 23.821,86.76899999999999 23.819))",Indian dam anchor + synthetic dam-break scenario,SYNTHETIC_PROTOTYPE
IN-B028-008,D028,Maithon,R028,Barakar,Jharkhand,Dhanbad,23.82,86.77,EPSG:4326,Overtopping,Progressive,Central dam section,32.8,40.05,386769955.86,21.52,23.2,42.44,1.93,171.91,0.1252,2026-08-09 06:00:00,104109.13,84.07,306803445.12,77.36,56,67175673.46,38.3,Low,Heavy Rainfall,"POLYGON((86.76899999999999 23.819,86.771 23.819,86.771 23.821,86.76899999999999 23.821,86.76899999999999 23.819))",Indian dam anchor + synthetic dam-break scenario,SYNTHETIC_PROTOTYPE
IN-B028-009,D028,Maithon,R028,Barakar,Jharkhand,Dhanbad,23.82,86.77,EPSG:4326,Piping,Sudden,Central dam section,22.49,47.7,150637721.9,9.54,33.51,27.17,0.67,66.55,0.1434,2026-08-10 06:00:00,114843.64,46.47,132142576.11,329.18,56,16155121.3,7.6,Medium,Overtopping,"POLYGON((86.76899999999999 23.819,86.771 23.819,86.771 23.821,86.76899999999999 23.821,86.76899999999999 23.819))",Indian dam anchor + synthetic dam-break scenario,SYNTHETIC_PROTOTYPE
IN-B028-010,D028,Maithon,R028,Barakar,Jharkhand,Dhanbad,23.82,86.77,EPSG:4326,Structural Failure,Progressive,Central dam section,41.77,42.53,418838304.47,24.43,14.23,41.8,1.45,43.02,0.5679,2026-08-11 06:00:00,400771.14,35.77,392831539.63,432.1,56,32191476.13,42.9,High,Foundation Failure,"POLYGON((86.76899999999999 23.819,86.771 23.819,86.771 23.821,86.76899999999999 23.821,86.76899999999999 23.819))",Indian dam anchor + synthetic dam-break scenario,SYNTHETIC_PROTOTYPE
IN-B028-011,D028,Maithon,R028,Barakar,Jharkhand,Dhanbad,23.82,86.77,EPSG:4326,Overtopping,Sudden,Central dam section,43.56,44.15,42002266.09,10.42,12.44,26.33,0.67,163.2,0.0639,2026-08-12 06:00:00,10668.05,121.62,35550341.16,181.2,56,44929488.36,12.6,Extreme,Structural Failure,"POLYGON((86.76899999999999 23.819,86.771 23.819,86.771 23.821,86.76899999999999 23.821,86.76899999999999 23.819))",Indian dam anchor + synthetic dam-break scenario,SYNTHETIC_PROTOTYPE
IN-B028-012,D028,Maithon,R028,Barakar,Jharkhand,Dhanbad,23.82,86.77,EPSG:4326,Piping,Progressive,Central dam section,31.66,45.29,452679914.1,24.73,24.34,28.09,1.17,60.25,0.4105,2026-08-13 06:00:00,282150.11,33.83,331952641.16,413.52,56,70216740.35,33.7,Low,Heavy Rainfall,"POLYGON((86.76899999999999 23.819,86.771 23.819,86.771 23.821,86.76899999999999 23.821,86.76899999999999 23.819))",Indian dam anchor + synthetic dam-break scenario,SYNTHETIC_PROTOTYPE
IN-B028-013,D028,Maithon,R028,Barakar,Jharkhand,Dhanbad,23.82,86.77,EPSG:4326,Structural Failure,Sudden,Central dam section,27.45,47.92,326210063.52,21.04,28.55,36.69,1.86,39.84,0.528,2026-08-14 06:00:00,394454.8,24.48,303299221.67,163.73,56,19952203.06,42.0,Medium,Overtopping,"POLYGON((86.76899999999999 23.819,86.771 23.819,86.771 23.821,86.76899999999999 23.821,86.76899999999999 23.819))",Indian dam anchor + synthetic dam-break scenario,SYNTHETIC_PROTOTYPE
IN-B028-014,D028,Maithon,R028,Barakar,Jharkhand,Dhanbad,23.82,86.77,EPSG:4326,Overtopping,Progressive,Central dam section,39.34,49.26,23556663.27,15.04,16.66,16.15,1.0,83.14,0.1809,2026-08-15 06:00:00,13576.06,38.52,15370748.03,225.33,56,25266029.85,19.8,High,Foundation Failure,"POLYGON((86.76899999999999 23.819,86.771 23.819,86.771 23.821,86.76899999999999 23.821,86.76899999999999 23.819))",Indian dam anchor + synthetic dam-break scenario,SYNTHETIC_PROTOTYPE
IN-B029-001,D029,Panchet,R029,Damodar,Jharkhand,Dhanbad,23.65,86.75,EPSG:4326,Overtopping,Sudden,Central dam section,24.35,34.96,364898687.51,10.53,20.65,19.82,1.15,84.02,0.1253,2026-08-02 06:00:00,199906.16,36.02,314264162.59,498.74,45,52287401.27,28.1,High,Foundation Failure,"POLYGON((86.749 23.648999999999997,86.751 23.648999999999997,86.751 23.651,86.749 23.651,86.749 23.648999999999997))",Indian dam anchor + synthetic dam-break scenario,SYNTHETIC_PROTOTYPE
IN-B029-002,D029,Panchet,R029,Damodar,Jharkhand,Dhanbad,23.65,86.75,EPSG:4326,Piping,Progressive,Central dam section,30.6,27.91,298763330.17,11.88,14.4,31.37,1.64,97.53,0.1218,2026-08-03 06:00:00,112384.81,73.64,230619048.45,135.63,45,56427697.12,40.6,Extreme,Structural Failure,"POLYGON((86.749 23.648999999999997,86.751 23.648999999999997,86.751 23.651,86.749 23.651,86.749 23.648999999999997))",Indian dam anchor + synthetic dam-break scenario,SYNTHETIC_PROTOTYPE
IN-B029-003,D029,Panchet,R029,Damodar,Jharkhand,Dhanbad,23.65,86.75,EPSG:4326,Structural Failure,Sudden,Central dam section,14.53,31.63,31481987.56,15.43,30.47,19.08,0.62,135.11,0.1142,2026-08-04 06:00:00,11673.77,60.99,23889563.29,354.29,45,40173238.56,29.1,Low,Heavy Rainfall,"POLYGON((86.749 23.648999999999997,86.751 23.648999999999997,86.751 23.651,86.749 23.651,86.749 23.648999999999997))",Indian dam anchor + synthetic dam-break scenario,SYNTHETIC_PROTOTYPE
IN-B029-004,D029,Panchet,R029,Damodar,Jharkhand,Dhanbad,23.65,86.75,EPSG:4326,Overtopping,Progressive,Central dam section,26.79,35.52,259582086.74,13.19,18.21,23.16,1.55,110.86,0.119,2026-08-05 06:00:00,95973.85,75.76,170964624.15,295.82,45,57626323.59,20.1,Medium,Overtopping,"POLYGON((86.749 23.648999999999997,86.751 23.648999999999997,86.751 23.651,86.749 23.651,86.749 23.648999999999997))",Indian dam anchor + synthetic dam-break scenario,SYNTHETIC_PROTOTYPE
IN-B029-005,D029,Panchet,R029,Damodar,Jharkhand,Dhanbad,23.65,86.75,EPSG:4326,Piping,Sudden,Central dam section,29.3,30.07,50855881.62,5.56,15.7,23.57,0.95,137.42,0.0405,2026-08-06 06:00:00,11383.76,64.98,38246983.24,243.26,45,64755512.12,10.5,High,Foundation Failure,"POLYGON((86.749 23.648999999999997,86.751 23.648999999999997,86.751 23.651,86.749 23.651,86.749 23.648999999999997))",Indian dam anchor + synthetic dam-break scenario,SYNTHETIC_PROTOTYPE
IN-B029-006,D029,Panchet,R029,Damodar,Jharkhand,Dhanbad,23.65,86.75,EPSG:4326,Structural Failure,Progressive,Central dam section,17.99,40.28,366832412.72,5.74,27.01,9.32,1.0,82.87,0.0692,2026-08-07 06:00:00,205632.02,46.26,311424796.01,229.47,45,45822349.9,41.3,Extreme,Structural Failure,"POLYGON((86.749 23.648999999999997,86.751 23.648999999999997,86.751 23.651,86.749 23.651,86.749 23.648999999999997))",Indian dam anchor + synthetic dam-break scenario,SYNTHETIC_PROTOTYPE
IN-B029-007,D029,Panchet,R029,Damodar,Jharkhand,Dhanbad,23.65,86.75,EPSG:4326,Overtopping,Sudden,Central dam section,36.43,38.89,35687968.52,15.59,8.57,17.36,1.83,85.73,0.1819,2026-08-08 06:00:00,23962.65,37.14,24854078.21,406.26,45,44598421.33,12.7,Low,Heavy Rainfall,"POLYGON((86.749 23.648999999999997,86.751 23.648999999999997,86.751 23.651,86.749 23.651,86.749 23.648999999999997))",Indian dam anchor + synthetic dam-break scenario,SYNTHETIC_PROTOTYPE
IN-B029-008,D029,Panchet,R029,Damodar,Jharkhand,Dhanbad,23.65,86.75,EPSG:4326,Piping,Progressive,Central dam section,23.88,40.63,133172272.74,19.0,21.12,9.33,1.91,54.84,0.3464,2026-08-09 06:00:00,105709.31,34.08,105059383.48,413.4,45,1304360.6,21.9,Medium,Overtopping,"POLYGON((86.749 23.648999999999997,86.751 23.648999999999997,86.751 23.651,86.749 23.651,86.749 23.648999999999997))",Indian dam anchor + synthetic dam-break scenario,SYNTHETIC_PROTOTYPE
IN-B029-009,D029,Panchet,R029,Damodar,Jharkhand,Dhanbad,23.65,86.75,EPSG:4326,Structural Failure,Sudden,Central dam section,28.52,36.34,406496410.55,18.01,16.48,25.53,0.8,140.63,0.1281,2026-08-10 06:00:00,153633.75,56.54,277920962.99,309.76,45,34208226.03,28.9,High,Foundation Failure,"POLYGON((86.749 23.648999999999997,86.751 23.648999999999997,86.751 23.651,86.749 23.651,86.749 23.648999999999997))",Indian dam anchor + synthetic dam-break scenario,SYNTHETIC_PROTOTYPE
IN-B029-010,D029,Panchet,R029,Damodar,Jharkhand,Dhanbad,23.65,86.75,EPSG:4326,Overtopping,Progressive,Central dam section,24.94,37.17,231669403.1,12.58,20.06,12.55,1.25,66.6,0.1888,2026-08-11 06:00:00,91579.31,48.0,214861699.49,342.82,45,34048371.8,23.5,Extreme,Structural Failure,"POLYGON((86.749 23.648999999999997,86.751 23.648999999999997,86.751 23.651,86.749 23.651,86.749 23.648999999999997))",Indian dam anchor + synthetic dam-break scenario,SYNTHETIC_PROTOTYPE
IN-B029-011,D029,Panchet,R029,Damodar,Jharkhand,Dhanbad,23.65,86.75,EPSG:4326,Piping,Sudden,Central dam section,22.8,37.54,317883239.15,13.95,22.2,14.6,1.61,172.86,0.0807,2026-08-12 06:00:00,105265.78,122.12,212978602.89,480.19,45,41719331.56,40.9,Low,Heavy Rainfall,"POLYGON((86.749 23.648999999999997,86.751 23.648999999999997,86.751 23.651,86.749 23.651,86.749 23.648999999999997))",Indian dam anchor + synthetic dam-break scenario,SYNTHETIC_PROTOTYPE
IN-B029-012,D029,Panchet,R029,Damodar,Jharkhand,Dhanbad,23.65,86.75,EPSG:4326,Structural Failure,Progressive,Central dam section,15.16,31.69,37450433.66,14.66,29.84,25.61,0.92,96.15,0.1525,2026-08-13 06:00:00,9991.65,65.53,28157301.57,300.87,45,32191490.37,35.8,Medium,Overtopping,"POLYGON((86.749 23.648999999999997,86.751 23.648999999999997,86.751 23.651,86.749 23.651,86.749 23.648999999999997))",Indian dam anchor + synthetic dam-break scenario,SYNTHETIC_PROTOTYPE
IN-B029-013,D029,Panchet,R029,Damodar,Jharkhand,Dhanbad,23.65,86.75,EPSG:4326,Overtopping,Sudden,Central dam section,16.8,33.48,77711010.16,19.62,28.2,35.7,1.88,156.93,0.125,2026-08-14 06:00:00,23429.59,112.52,63444228.82,60.95,45,51516977.46,18.9,High,Foundation Failure,"POLYGON((86.749 23.648999999999997,86.751 23.648999999999997,86.751 23.651,86.749 23.651,86.749 23.648999999999997))",Indian dam anchor + synthetic dam-break scenario,SYNTHETIC_PROTOTYPE
IN-B029-014,D029,Panchet,R029,Damodar,Jharkhand,Dhanbad,23.65,86.75,EPSG:4326,Piping,Progressive,Central dam section,20.38,31.86,52168558.16,19.03,24.62,15.99,0.83,140.86,0.1351,2026-08-15 06:00:00,10169.62,68.82,50831873.71,349.99,45,69244453.32,17.9,Extreme,Structural Failure,"POLYGON((86.749 23.648999999999997,86.751 23.648999999999997,86.751 23.651,86.749 23.651,86.749 23.648999999999997))",Indian dam anchor + synthetic dam-break scenario,SYNTHETIC_PROTOTYPE
IN-B030-001,D030,Tilaiya,R030,Barakar,Jharkhand,Koderma,24.36,85.56,EPSG:4326,Piping,Sudden,Central dam section,13.8,29.96,451501040.66,10.25,20.2,23.83,1.74,84.82,0.1208,2026-08-02 06:00:00,222692.01,74.05,310843621.91,126.76,34,67976879.7,30.5,Extreme,Structural Failure,"POLYGON((85.559 24.358999999999998,85.561 24.358999999999998,85.561 24.361,85.559 24.361,85.559 24.358999999999998))",Indian dam anchor + synthetic dam-break scenario,SYNTHETIC_PROTOTYPE
IN-B030-002,D030,Tilaiya,R030,Barakar,Jharkhand,Koderma,24.36,85.56,EPSG:4326,Structural Failure,Progressive,Central dam section,17.98,28.91,446632315.29,13.96,16.02,24.21,0.86,60.59,0.2304,2026-08-03 06:00:00,233280.84,40.16,300703194.71,318.4,34,8424530.62,28.5,Low,Heavy Rainfall,"POLYGON((85.559 24.358999999999998,85.561 24.358999999999998,85.561 24.361,85.559 24.361,85.559 24.358999999999998))",Indian dam anchor + synthetic dam-break scenario,SYNTHETIC_PROTOTYPE
IN-B030-003,D030,Tilaiya,R030,Barakar,Jharkhand,Koderma,24.36,85.56,EPSG:4326,Overtopping,Sudden,Central dam section,27.69,30.77,483821698.7,13.05,6.31,21.01,1.32,145.62,0.0896,2026-08-04 06:00:00,118080.59,130.33,473007727.39,251.74,34,55596017.09,47.3,Medium,Overtopping,"POLYGON((85.559 24.358999999999998,85.561 24.358999999999998,85.561 24.361,85.559 24.361,85.559 24.358999999999998))",Indian dam anchor + synthetic dam-break scenario,SYNTHETIC_PROTOTYPE
IN-B030-004,D030,Tilaiya,R030,Barakar,Jharkhand,Koderma,24.36,85.56,EPSG:4326,Piping,Progressive,Central dam section,27.26,18.45,459414693.43,6.94,6.74,24.56,1.55,15.59,0.4452,2026-08-05 06:00:00,962803.63,12.6,363422150.0,317.19,34,21477217.29,12.8,High,Foundation Failure,"POLYGON((85.559 24.358999999999998,85.561 24.358999999999998,85.561 24.361,85.559 24.361,85.559 24.358999999999998))",Indian dam anchor + synthetic dam-break scenario,SYNTHETIC_PROTOTYPE
IN-B030-005,D030,Tilaiya,R030,Barakar,Jharkhand,Koderma,24.36,85.56,EPSG:4326,Structural Failure,Sudden,Central dam section,17.96,23.31,399441937.39,4.0,16.04,9.24,0.64,149.63,0.0267,2026-08-06 06:00:00,88673.17,103.94,379068369.85,212.05,34,52637198.16,27.2,Extreme,Structural Failure,"POLYGON((85.559 24.358999999999998,85.561 24.358999999999998,85.561 24.361,85.559 24.361,85.559 24.358999999999998))",Indian dam anchor + synthetic dam-break scenario,SYNTHETIC_PROTOTYPE
IN-B030-006,D030,Tilaiya,R030,Barakar,Jharkhand,Koderma,24.36,85.56,EPSG:4326,Overtopping,Progressive,Central dam section,13.96,17.59,395557195.61,10.82,20.04,8.03,1.06,138.47,0.0782,2026-08-07 06:00:00,161876.79,86.7,354048184.67,104.51,34,18723265.11,24.7,Low,Heavy Rainfall,"POLYGON((85.559 24.358999999999998,85.561 24.358999999999998,85.561 24.361,85.559 24.361,85.559 24.358999999999998))",Indian dam anchor + synthetic dam-break scenario,SYNTHETIC_PROTOTYPE
IN-B030-007,D030,Tilaiya,R030,Barakar,Jharkhand,Koderma,24.36,85.56,EPSG:4326,Piping,Sudden,Central dam section,15.6,26.27,181462284.3,9.59,18.4,13.25,1.71,95.09,0.1008,2026-08-08 06:00:00,49648.5,69.07,154824242.11,231.86,34,53455256.79,15.5,Medium,Overtopping,"POLYGON((85.559 24.358999999999998,85.561 24.358999999999998,85.561 24.361,85.559 24.361,85.559 24.358999999999998))",Indian dam anchor + synthetic dam-break scenario,SYNTHETIC_PROTOTYPE
IN-B030-008,D030,Tilaiya,R030,Barakar,Jharkhand,Koderma,24.36,85.56,EPSG:4326,Structural Failure,Progressive,Central dam section,27.71,24.41,479359218.77,7.81,6.29,7.62,1.54,16.05,0.4864,2026-08-09 06:00:00,855863.94,7.15,424846174.1,479.47,34,51234021.39,11.3,High,Foundation Failure,"POLYGON((85.559 24.358999999999998,85.561 24.358999999999998,85.561 24.361,85.559 24.361,85.559 24.358999999999998))",Indian dam anchor + synthetic dam-break scenario,SYNTHETIC_PROTOTYPE
IN-B030-009,D030,Tilaiya,R030,Barakar,Jharkhand,Koderma,24.36,85.56,EPSG:4326,Overtopping,Sudden,Central dam section,22.43,23.42,187563695.34,14.01,11.57,12.78,0.53,29.07,0.4819,2026-08-10 06:00:00,339874.45,15.63,176155608.87,182.23,34,62752562.51,44.6,Extreme,Structural Failure,"POLYGON((85.559 24.358999999999998,85.561 24.358999999999998,85.561 24.361,85.559 24.361,85.559 24.358999999999998))",Indian dam anchor + synthetic dam-break scenario,SYNTHETIC_PROTOTYPE
IN-B030-010,D030,Tilaiya,R030,Barakar,Jharkhand,Koderma,24.36,85.56,EPSG:4326,Piping,Progressive,Central dam section,14.75,30.4,69197218.7,9.76,19.25,19.71,1.03,84.37,0.1156,2026-08-11 06:00:00,37676.28,45.78,65811909.53,324.68,34,66831028.37,9.5,Low,Heavy Rainfall,"POLYGON((85.559 24.358999999999998,85.561 24.358999999999998,85.561 24.361,85.559 24.361,85.559 24.358999999999998))",Indian dam anchor + synthetic dam-break scenario,SYNTHETIC_PROTOTYPE
IN-B030-011,D030,Tilaiya,R030,Barakar,Jharkhand,Koderma,24.36,85.56,EPSG:4326,Structural Failure,Sudden,Central dam section,23.27,23.36,378670996.56,5.34,10.73,21.15,1.15,148.22,0.0361,2026-08-12 06:00:00,117620.72,128.92,369966878.14,326.64,34,9256134.03,29.6,Medium,Overtopping,"POLYGON((85.559 24.358999999999998,85.561 24.358999999999998,85.561 24.361,85.559 24.361,85.559 24.358999999999998))",Indian dam anchor + synthetic dam-break scenario,SYNTHETIC_PROTOTYPE
IN-B030-012,D030,Tilaiya,R030,Barakar,Jharkhand,Koderma,24.36,85.56,EPSG:4326,Overtopping,Progressive,Central dam section,17.28,19.73,464368121.77,11.39,16.72,15.88,1.41,92.02,0.1238,2026-08-13 06:00:00,147489.58,64.93,321122979.67,19.94,34,16195637.87,40.6,High,Foundation Failure,"POLYGON((85.559 24.358999999999998,85.561 24.358999999999998,85.561 24.361,85.559 24.361,85.559 24.358999999999998))",Indian dam anchor + synthetic dam-break scenario,SYNTHETIC_PROTOTYPE
IN-B030-013,D030,Tilaiya,R030,Barakar,Jharkhand,Koderma,24.36,85.56,EPSG:4326,Piping,Sudden,Central dam section,13.6,16.19,498220013.25,11.53,20.4,17.1,0.96,56.83,0.2028,2026-08-14 06:00:00,300294.62,50.74,473801758.43,135.74,34,68382740.32,47.5,Extreme,Structural Failure,"POLYGON((85.559 24.358999999999998,85.561 24.358999999999998,85.561 24.361,85.559 24.361,85.559 24.358999999999998))",Indian dam anchor + synthetic dam-break scenario,SYNTHETIC_PROTOTYPE
IN-B030-014,D030,Tilaiya,R030,Barakar,Jharkhand,Koderma,24.36,85.56,EPSG:4326,Structural Failure,Progressive,Central dam section,27.64,30.7,367833562.27,13.1,6.36,16.44,1.34,149.48,0.0877,2026-08-15 06:00:00,108981.85,100.75,304380995.58,234.45,34,4274792.78,38.7,Low,Heavy Rainfall,"POLYGON((85.559 24.358999999999998,85.561 24.358999999999998,85.561 24.361,85.559 24.361,85.559 24.358999999999998))",Indian dam anchor + synthetic dam-break scenario,SYNTHETIC_PROTOTYPE
IN-B031-001,D031,Konar,R031,Konar,Jharkhand,Bokaro,23.76,85.78,EPSG:4326,Structural Failure,Sudden,Central dam section,28.69,36.13,305438227.32,6.77,19.31,34.52,0.57,63.7,0.1063,2026-08-02 06:00:00,266079.8,43.85,255872095.77,92.38,48,27742841.44,28.4,Low,Heavy Rainfall,"POLYGON((85.779 23.759,85.781 23.759,85.781 23.761000000000003,85.779 23.761000000000003,85.779 23.759))",Indian dam anchor + synthetic dam-break scenario,SYNTHETIC_PROTOTYPE
IN-B031-002,D031,Konar,R031,Konar,Jharkhand,Bokaro,23.76,85.78,EPSG:4326,Overtopping,Progressive,Central dam section,26.25,41.47,181482419.05,10.39,21.75,35.32,0.91,127.75,0.0814,2026-08-03 06:00:00,53554.63,101.02,155186583.26,143.62,48,68695192.09,26.6,Medium,Overtopping,"POLYGON((85.779 23.759,85.781 23.759,85.781 23.761000000000003,85.779 23.761000000000003,85.779 23.759))",Indian dam anchor + synthetic dam-break scenario,SYNTHETIC_PROTOTYPE
IN-B031-003,D031,Konar,R031,Konar,Jharkhand,Bokaro,23.76,85.78,EPSG:4326,Piping,Sudden,Central dam section,37.49,37.11,482623412.3,13.51,10.51,17.38,1.64,172.12,0.0785,2026-08-04 06:00:00,136725.74,138.15,320814740.03,166.33,48,60696083.99,36.0,High,Foundation Failure,"POLYGON((85.779 23.759,85.781 23.759,85.781 23.761000000000003,85.779 23.761000000000003,85.779 23.759))",Indian dam anchor + synthetic dam-break scenario,SYNTHETIC_PROTOTYPE
IN-B031-004,D031,Konar,R031,Konar,Jharkhand,Bokaro,23.76,85.78,EPSG:4326,Structural Failure,Progressive,Central dam section,20.52,38.83,311793812.76,21.47,27.48,35.4,1.32,66.35,0.3235,2026-08-05 06:00:00,244203.31,48.47,272683622.56,157.14,48,51830347.1,29.1,Extreme,Structural Failure,"POLYGON((85.779 23.759,85.781 23.759,85.781 23.761000000000003,85.779 23.761000000000003,85.779 23.759))",Indian dam anchor + synthetic dam-break scenario,SYNTHETIC_PROTOTYPE
IN-B031-005,D031,Konar,R031,Konar,Jharkhand,Bokaro,23.76,85.78,EPSG:4326,Overtopping,Sudden,Central dam section,40.73,33.9,462308375.6,13.32,7.27,26.45,1.49,152.9,0.0871,2026-08-06 06:00:00,133068.94,68.55,442632638.21,376.5,48,21939922.28,8.3,Low,Heavy Rainfall,"POLYGON((85.779 23.759,85.781 23.759,85.781 23.761000000000003,85.779 23.761000000000003,85.779 23.759))",Indian dam anchor + synthetic dam-break scenario,SYNTHETIC_PROTOTYPE
IN-B031-006,D031,Konar,R031,Konar,Jharkhand,Bokaro,23.76,85.78,EPSG:4326,Piping,Progressive,Central dam section,40.74,37.78,314484643.56,13.9,7.26,11.54,1.83,40.05,0.3472,2026-08-07 06:00:00,339751.21,34.51,264285214.02,208.21,48,59396361.99,6.8,Medium,Overtopping,"POLYGON((85.779 23.759,85.781 23.759,85.781 23.761000000000003,85.779 23.761000000000003,85.779 23.759))",Indian dam anchor + synthetic dam-break scenario,SYNTHETIC_PROTOTYPE
IN-B031-007,D031,Konar,R031,Konar,Jharkhand,Bokaro,23.76,85.78,EPSG:4326,Structural Failure,Sudden,Central dam section,23.82,43.35,414890161.17,20.55,24.18,10.66,1.81,153.27,0.1341,2026-08-08 06:00:00,151221.1,87.92,317454893.69,320.0,48,72064108.02,35.8,High,Foundation Failure,"POLYGON((85.779 23.759,85.781 23.759,85.781 23.761000000000003,85.779 23.761000000000003,85.779 23.759))",Indian dam anchor + synthetic dam-break scenario,SYNTHETIC_PROTOTYPE
IN-B031-008,D031,Konar,R031,Konar,Jharkhand,Bokaro,23.76,85.78,EPSG:4326,Overtopping,Progressive,Central dam section,27.52,41.09,226589731.37,5.47,20.48,15.23,0.77,109.71,0.0498,2026-08-09 06:00:00,93915.56,90.67,169374120.47,415.03,48,12153156.54,36.0,Extreme,Structural Failure,"POLYGON((85.779 23.759,85.781 23.759,85.781 23.761000000000003,85.779 23.761000000000003,85.779 23.759))",Indian dam anchor + synthetic dam-break scenario,SYNTHETIC_PROTOTYPE
IN-B031-009,D031,Konar,R031,Konar,Jharkhand,Bokaro,23.76,85.78,EPSG:4326,Piping,Sudden,Central dam section,38.92,37.45,84072537.55,17.97,9.08,25.08,0.73,160.67,0.1118,2026-08-10 06:00:00,17529.76,65.81,63210510.8,122.78,48,58813365.21,32.3,Low,Heavy Rainfall,"POLYGON((85.779 23.759,85.781 23.759,85.781 23.761000000000003,85.779 23.761000000000003,85.779 23.759))",Indian dam anchor + synthetic dam-break scenario,SYNTHETIC_PROTOTYPE
IN-B031-010,D031,Konar,R031,Konar,Jharkhand,Bokaro,23.76,85.78,EPSG:4326,Structural Failure,Progressive,Central dam section,23.23,36.42,95914288.71,7.38,24.77,13.52,1.02,24.41,0.3022,2026-08-11 06:00:00,210811.89,14.52,68600855.19,451.22,48,45252373.9,32.3,Medium,Overtopping,"POLYGON((85.779 23.759,85.781 23.759,85.781 23.761000000000003,85.779 23.761000000000003,85.779 23.759))",Indian dam anchor + synthetic dam-break scenario,SYNTHETIC_PROTOTYPE
IN-B031-011,D031,Konar,R031,Konar,Jharkhand,Bokaro,23.76,85.78,EPSG:4326,Overtopping,Sudden,Central dam section,29.45,43.79,468684406.12,8.32,18.55,18.32,0.94,130.69,0.0637,2026-08-12 06:00:00,114505.72,102.13,327721636.18,29.21,48,17440556.9,33.3,High,Foundation Failure,"POLYGON((85.779 23.759,85.781 23.759,85.781 23.761000000000003,85.779 23.761000000000003,85.779 23.759))",Indian dam anchor + synthetic dam-break scenario,SYNTHETIC_PROTOTYPE
IN-B031-012,D031,Konar,R031,Konar,Jharkhand,Bokaro,23.76,85.78,EPSG:4326,Piping,Progressive,Central dam section,16.07,41.07,230378241.03,5.4,31.93,32.22,0.87,169.7,0.0318,2026-08-13 06:00:00,55019.98,146.56,217465775.96,362.85,48,63993086.91,30.9,Extreme,Structural Failure,"POLYGON((85.779 23.759,85.781 23.759,85.781 23.761000000000003,85.779 23.761000000000003,85.779 23.759))",Indian dam anchor + synthetic dam-break scenario,SYNTHETIC_PROTOTYPE
IN-B031-013,D031,Konar,R031,Konar,Jharkhand,Bokaro,23.76,85.78,EPSG:4326,Structural Failure,Sudden,Central dam section,15.08,33.12,25527586.54,16.64,32.92,13.69,1.63,44.04,0.3779,2026-08-14 06:00:00,16121.95,22.78,23078927.05,211.26,48,42670485.56,42.0,Low,Heavy Rainfall,"POLYGON((85.779 23.759,85.781 23.759,85.781 23.761000000000003,85.779 23.761000000000003,85.779 23.759))",Indian dam anchor + synthetic dam-break scenario,SYNTHETIC_PROTOTYPE
IN-B031-014,D031,Konar,R031,Konar,Jharkhand,Bokaro,23.76,85.78,EPSG:4326,Overtopping,Progressive,Central dam section,25.86,41.84,489245514.32,10.98,22.14,26.14,1.9,97.76,0.1123,2026-08-15 06:00:00,136764.26,54.11,336947680.18,185.28,48,73276616.74,33.3,Medium,Overtopping,"POLYGON((85.779 23.759,85.781 23.759,85.781 23.761000000000003,85.779 23.761000000000003,85.779 23.759))",Indian dam anchor + synthetic dam-break scenario,SYNTHETIC_PROTOTYPE
IN-B032-001,D032,Rengali,R032,Brahmani,Odisha,Angul,21.4,85.01,EPSG:4326,Overtopping,Sudden,Central dam section,54.21,56.11,462649263.21,24.68,15.79,44.86,1.62,24.0,1.028,2026-08-02 06:00:00,659384.63,9.67,412618481.98,419.62,70,5776012.02,30.3,Medium,Overtopping,"POLYGON((85.009 21.398999999999997,85.01100000000001 21.398999999999997,85.01100000000001 21.401,85.009 21.401,85.009 21.398999999999997))",Indian dam anchor + synthetic dam-break scenario,SYNTHETIC_PROTOTYPE
IN-B032-002,D032,Rengali,R032,Brahmani,Odisha,Angul,21.4,85.01,EPSG:4326,Piping,Progressive,Central dam section,32.8,58.79,141828025.58,10.27,37.2,26.81,0.52,91.96,0.1117,2026-08-03 06:00:00,77779.26,40.04,104356026.99,195.85,70,47395709.49,30.4,High,Foundation Failure,"POLYGON((85.009 21.398999999999997,85.01100000000001 21.398999999999997,85.01100000000001 21.401,85.009 21.401,85.009 21.398999999999997))",Indian dam anchor + synthetic dam-break scenario,SYNTHETIC_PROTOTYPE
IN-B032-003,D032,Rengali,R032,Brahmani,Odisha,Angul,21.4,85.01,EPSG:4326,Structural Failure,Sudden,Central dam section,27.24,64.53,116406149.84,13.27,42.76,27.95,0.95,90.05,0.1473,2026-08-04 06:00:00,65498.84,43.46,99691579.69,108.13,70,48726801.49,34.8,Extreme,Structural Failure,"POLYGON((85.009 21.398999999999997,85.01100000000001 21.398999999999997,85.01100000000001 21.401,85.009 21.401,85.009 21.398999999999997))",Indian dam anchor + synthetic dam-break scenario,SYNTHETIC_PROTOTYPE
IN-B032-004,D032,Rengali,R032,Brahmani,Odisha,Angul,21.4,85.01,EPSG:4326,Overtopping,Progressive,Central dam section,38.92,64.65,425051955.35,20.79,31.08,55.95,0.55,39.11,0.5316,2026-08-05 06:00:00,279912.82,24.69,326117721.38,75.09,70,42855145.03,36.5,Low,Heavy Rainfall,"POLYGON((85.009 21.398999999999997,85.01100000000001 21.398999999999997,85.01100000000001 21.401,85.009 21.401,85.009 21.398999999999997))",Indian dam anchor + synthetic dam-break scenario,SYNTHETIC_PROTOTYPE
IN-B032-005,D032,Rengali,R032,Brahmani,Odisha,Angul,21.4,85.01,EPSG:4326,Piping,Sudden,Central dam section,29.77,63.78,247768939.87,13.79,40.23,37.5,0.55,135.44,0.1018,2026-08-06 06:00:00,63056.93,64.98,178802291.27,104.77,70,35709465.15,30.6,Medium,Overtopping,"POLYGON((85.009 21.398999999999997,85.01100000000001 21.398999999999997,85.01100000000001 21.401,85.009 21.401,85.009 21.398999999999997))",Indian dam anchor + synthetic dam-break scenario,SYNTHETIC_PROTOTYPE
IN-B032-006,D032,Rengali,R032,Brahmani,Odisha,Angul,21.4,85.01,EPSG:4326,Structural Failure,Progressive,Central dam section,56.36,58.6,458390612.36,29.37,13.64,23.37,0.59,83.67,0.351,2026-08-07 06:00:00,310308.98,63.3,366842048.7,32.68,70,73517703.62,29.0,High,Foundation Failure,"POLYGON((85.009 21.398999999999997,85.01100000000001 21.398999999999997,85.01100000000001 21.401,85.009 21.401,85.009 21.398999999999997))",Indian dam anchor + synthetic dam-break scenario,SYNTHETIC_PROTOTYPE
IN-B032-007,D032,Rengali,R032,Brahmani,Odisha,Angul,21.4,85.01,EPSG:4326,Overtopping,Sudden,Central dam section,43.38,55.57,365799196.98,30.72,26.62,16.06,0.59,23.27,1.3198,2026-08-08 06:00:00,537883.43,10.55,241310926.15,35.54,70,15324172.11,29.4,Extreme,Structural Failure,"POLYGON((85.009 21.398999999999997,85.01100000000001 21.398999999999997,85.01100000000001 21.401,85.009 21.401,85.009 21.398999999999997))",Indian dam anchor + synthetic dam-break scenario,SYNTHETIC_PROTOTYPE
IN-B032-008,D032,Rengali,R032,Brahmani,Odisha,Angul,21.4,85.01,EPSG:4326,Piping,Progressive,Central dam section,57.79,59.81,79357492.33,27.83,12.21,40.92,0.58,110.19,0.2526,2026-08-09 06:00:00,28172.52,60.47,77208126.07,114.16,70,43982880.22,23.0,Low,Heavy Rainfall,"POLYGON((85.009 21.398999999999997,85.01100000000001 21.398999999999997,85.01100000000001 21.401,85.009 21.401,85.009 21.398999999999997))",Indian dam anchor + synthetic dam-break scenario,SYNTHETIC_PROTOTYPE
IN-B032-009,D032,Rengali,R032,Brahmani,Odisha,Angul,21.4,85.01,EPSG:4326,Structural Failure,Sudden,Central dam section,51.62,61.29,46906910.7,21.15,18.38,32.13,0.95,48.6,0.4351,2026-08-10 06:00:00,26566.52,19.86,32868293.57,488.86,70,63558655.5,39.0,Medium,Overtopping,"POLYGON((85.009 21.398999999999997,85.01100000000001 21.398999999999997,85.01100000000001 21.401,85.009 21.401,85.009 21.398999999999997))",Indian dam anchor + synthetic dam-break scenario,SYNTHETIC_PROTOTYPE
IN-B032-010,D032,Rengali,R032,Brahmani,Odisha,Angul,21.4,85.01,EPSG:4326,Overtopping,Progressive,Central dam section,23.89,62.79,302713454.43,7.31,46.11,46.4,0.69,48.15,0.1519,2026-08-11 06:00:00,233321.61,34.34,210148684.91,172.46,70,72996197.63,44.7,High,Foundation Failure,"POLYGON((85.009 21.398999999999997,85.01100000000001 21.398999999999997,85.01100000000001 21.401,85.009 21.401,85.009 21.398999999999997))",Indian dam anchor + synthetic dam-break scenario,SYNTHETIC_PROTOTYPE
IN-B032-011,D032,Rengali,R032,Brahmani,Odisha,Angul,21.4,85.01,EPSG:4326,Piping,Sudden,Central dam section,38.78,58.62,276537345.55,6.6,31.22,26.96,1.58,23.09,0.2859,2026-08-12 06:00:00,309260.6,14.22,270858686.14,106.58,70,41716405.24,40.1,Extreme,Structural Failure,"POLYGON((85.009 21.398999999999997,85.01100000000001 21.398999999999997,85.01100000000001 21.401,85.009 21.401,85.009 21.398999999999997))",Indian dam anchor + synthetic dam-break scenario,SYNTHETIC_PROTOTYPE
IN-B032-012,D032,Rengali,R032,Brahmani,Odisha,Angul,21.4,85.01,EPSG:4326,Structural Failure,Progressive,Central dam section,53.74,56.86,408003633.5,14.27,16.26,43.01,1.26,159.8,0.0893,2026-08-13 06:00:00,106637.18,99.4,390441496.38,63.86,70,11887780.12,23.3,Low,Heavy Rainfall,"POLYGON((85.009 21.398999999999997,85.01100000000001 21.398999999999997,85.01100000000001 21.401,85.009 21.401,85.009 21.398999999999997))",Indian dam anchor + synthetic dam-break scenario,SYNTHETIC_PROTOTYPE
IN-B032-013,D032,Rengali,R032,Brahmani,Odisha,Angul,21.4,85.01,EPSG:4326,Overtopping,Sudden,Central dam section,21.19,54.37,38617944.09,15.78,48.81,34.0,1.5,126.22,0.125,2026-08-14 06:00:00,12627.5,59.18,32591430.66,473.91,70,45718242.67,33.9,Medium,Overtopping,"POLYGON((85.009 21.398999999999997,85.01100000000001 21.398999999999997,85.01100000000001 21.401,85.009 21.401,85.009 21.398999999999997))",Indian dam anchor + synthetic dam-break scenario,SYNTHETIC_PROTOTYPE
IN-B032-014,D032,Rengali,R032,Brahmani,Odisha,Angul,21.4,85.01,EPSG:4326,Piping,Progressive,Central dam section,54.23,53.66,154968607.95,18.51,15.77,21.78,0.63,26.16,0.7078,2026-08-15 06:00:00,166426.95,11.3,127848414.34,21.57,70,33018176.45,31.4,High,Foundation Failure,"POLYGON((85.009 21.398999999999997,85.01100000000001 21.398999999999997,85.01100000000001 21.401,85.009 21.401,85.009 21.398999999999997))",Indian dam anchor + synthetic dam-break scenario,SYNTHETIC_PROTOTYPE
IN-B033-001,D033,Indravati,R033,Indravati,Odisha,Kalahandi,19.55,82.5,EPSG:4326,Piping,Sudden,Central dam section,23.6,34.84,142732343.25,7.26,21.4,30.31,1.35,78.54,0.0924,2026-08-02 06:00:00,87726.94,41.31,126886088.44,85.88,45,38211726.5,27.7,High,Foundation Failure,"POLYGON((82.499 19.549,82.501 19.549,82.501 19.551000000000002,82.499 19.551000000000002,82.499 19.549))",Indian dam anchor + synthetic dam-break scenario,SYNTHETIC_PROTOTYPE
IN-B033-002,D033,Indravati,R033,Indravati,Odisha,Kalahandi,19.55,82.5,EPSG:4326,Structural Failure,Progressive,Central dam section,34.57,38.11,196420965.74,12.52,10.43,18.15,0.98,165.69,0.0755,2026-08-03 06:00:00,43918.54,75.99,159009945.21,22.78,45,49604081.69,18.8,Extreme,Structural Failure,"POLYGON((82.499 19.549,82.501 19.549,82.501 19.551000000000002,82.499 19.551000000000002,82.499 19.549))",Indian dam anchor + synthetic dam-break scenario,SYNTHETIC_PROTOTYPE
IN-B033-003,D033,Indravati,R033,Indravati,Odisha,Kalahandi,19.55,82.5,EPSG:4326,Overtopping,Sudden,Central dam section,29.16,38.84,482295870.55,19.23,15.84,16.51,0.92,147.17,0.1307,2026-08-04 06:00:00,85184.78,112.89,314528452.58,223.58,45,74840501.94,30.4,Low,Heavy Rainfall,"POLYGON((82.499 19.549,82.501 19.549,82.501 19.551000000000002,82.499 19.551000000000002,82.499 19.549))",Indian dam anchor + synthetic dam-break scenario,SYNTHETIC_PROTOTYPE
IN-B033-004,D033,Indravati,R033,Indravati,Odisha,Kalahandi,19.55,82.5,EPSG:4326,Piping,Progressive,Central dam section,22.13,34.69,88715867.83,11.07,22.87,17.6,1.96,83.32,0.1329,2026-08-05 06:00:00,33209.49,34.78,63347624.87,374.49,45,28085282.15,47.6,Medium,Overtopping,"POLYGON((82.499 19.549,82.501 19.549,82.501 19.551000000000002,82.499 19.551000000000002,82.499 19.549))",Indian dam anchor + synthetic dam-break scenario,SYNTHETIC_PROTOTYPE
IN-B033-005,D033,Indravati,R033,Indravati,Odisha,Kalahandi,19.55,82.5,EPSG:4326,Structural Failure,Sudden,Central dam section,28.43,40.42,309138517.61,4.09,16.57,10.13,1.09,107.5,0.038,2026-08-06 06:00:00,137116.15,65.76,280732939.79,88.86,45,77596682.89,29.7,High,Foundation Failure,"POLYGON((82.499 19.549,82.501 19.549,82.501 19.551000000000002,82.499 19.551000000000002,82.499 19.549))",Indian dam anchor + synthetic dam-break scenario,SYNTHETIC_PROTOTYPE
IN-B033-006,D033,Indravati,R033,Indravati,Odisha,Kalahandi,19.55,82.5,EPSG:4326,Overtopping,Progressive,Central dam section,14.39,40.78,92408100.33,18.61,30.61,24.7,0.59,93.27,0.1996,2026-08-07 06:00:00,56687.58,59.09,82479934.12,249.82,45,2495594.09,32.8,Extreme,Structural Failure,"POLYGON((82.499 19.549,82.501 19.549,82.501 19.551000000000002,82.499 19.551000000000002,82.499 19.549))",Indian dam anchor + synthetic dam-break scenario,SYNTHETIC_PROTOTYPE
IN-B033-007,D033,Indravati,R033,Indravati,Odisha,Kalahandi,19.55,82.5,EPSG:4326,Piping,Sudden,Central dam section,26.17,27.21,22059318.62,5.65,18.83,14.39,0.6,75.83,0.0745,2026-08-08 06:00:00,8719.06,66.6,18445046.0,285.26,45,10509510.89,9.0,Low,Heavy Rainfall,"POLYGON((82.499 19.549,82.501 19.549,82.501 19.551000000000002,82.499 19.551000000000002,82.499 19.549))",Indian dam anchor + synthetic dam-break scenario,SYNTHETIC_PROTOTYPE
IN-B033-008,D033,Indravati,R033,Indravati,Odisha,Kalahandi,19.55,82.5,EPSG:4326,Structural Failure,Progressive,Central dam section,14.98,38.77,153830134.91,11.07,30.02,32.92,1.71,34.11,0.3247,2026-08-09 06:00:00,209042.59,21.08,112811233.01,209.79,45,34817783.43,9.3,Medium,Overtopping,"POLYGON((82.499 19.549,82.501 19.549,82.501 19.551000000000002,82.499 19.551000000000002,82.499 19.549))",Indian dam anchor + synthetic dam-break scenario,SYNTHETIC_PROTOTYPE
IN-B033-009,D033,Indravati,R033,Indravati,Odisha,Kalahandi,19.55,82.5,EPSG:4326,Overtopping,Sudden,Central dam section,30.45,39.82,24305112.99,4.0,14.55,35.17,0.54,90.22,0.0443,2026-08-10 06:00:00,13587.24,61.7,23470797.71,489.74,45,31211079.97,14.2,High,Foundation Failure,"POLYGON((82.499 19.549,82.501 19.549,82.501 19.551000000000002,82.499 19.551000000000002,82.499 19.549))",Indian dam anchor + synthetic dam-break scenario,SYNTHETIC_PROTOTYPE
IN-B033-010,D033,Indravati,R033,Indravati,Odisha,Kalahandi,19.55,82.5,EPSG:4326,Piping,Progressive,Central dam section,21.81,31.62,93221983.93,6.41,23.19,17.09,1.46,28.86,0.2221,2026-08-11 06:00:00,150265.58,16.16,88293831.74,104.35,45,58767146.7,7.0,Extreme,Structural Failure,"POLYGON((82.499 19.549,82.501 19.549,82.501 19.551000000000002,82.499 19.551000000000002,82.499 19.549))",Indian dam anchor + synthetic dam-break scenario,SYNTHETIC_PROTOTYPE
IN-B033-011,D033,Indravati,R033,Indravati,Odisha,Kalahandi,19.55,82.5,EPSG:4326,Structural Failure,Sudden,Central dam section,18.68,35.08,224217501.26,4.16,26.32,22.43,1.56,43.74,0.095,2026-08-12 06:00:00,128163.17,20.51,211892914.15,237.4,45,48673647.44,10.2,Low,Heavy Rainfall,"POLYGON((82.499 19.549,82.501 19.549,82.501 19.551000000000002,82.499 19.551000000000002,82.499 19.549))",Indian dam anchor + synthetic dam-break scenario,SYNTHETIC_PROTOTYPE
IN-B033-012,D033,Indravati,R033,Indravati,Odisha,Kalahandi,19.55,82.5,EPSG:4326,Overtopping,Progressive,Central dam section,29.15,37.37,175223501.32,4.14,15.85,25.87,0.95,39.75,0.1041,2026-08-13 06:00:00,211405.46,21.38,133440528.02,350.06,45,50163817.4,10.6,Medium,Overtopping,"POLYGON((82.499 19.549,82.501 19.549,82.501 19.551000000000002,82.499 19.551000000000002,82.499 19.549))",Indian dam anchor + synthetic dam-break scenario,SYNTHETIC_PROTOTYPE
IN-B033-013,D033,Indravati,R033,Indravati,Odisha,Kalahandi,19.55,82.5,EPSG:4326,Piping,Sudden,Central dam section,29.97,36.42,192578146.75,18.99,15.03,32.33,1.91,118.2,0.1606,2026-08-14 06:00:00,71353.31,103.24,177168120.03,255.37,45,53039566.27,17.4,High,Foundation Failure,"POLYGON((82.499 19.549,82.501 19.549,82.501 19.551000000000002,82.499 19.551000000000002,82.499 19.549))",Indian dam anchor + synthetic dam-break scenario,SYNTHETIC_PROTOTYPE
IN-B033-014,D033,Indravati,R033,Indravati,Odisha,Kalahandi,19.55,82.5,EPSG:4326,Structural Failure,Progressive,Central dam section,29.73,41.61,85522623.05,4.7,15.27,10.93,1.29,171.52,0.0274,2026-08-15 06:00:00,18201.32,124.37,79749056.66,407.79,45,78980383.72,47.8,Extreme,Structural Failure,"POLYGON((82.499 19.549,82.501 19.549,82.501 19.551000000000002,82.499 19.551000000000002,82.499 19.549))",Indian dam anchor + synthetic dam-break scenario,SYNTHETIC_PROTOTYPE
IN-B034-001,D034,Balimela,R034,Sileru,Odisha,Malkangiri,18.13,81.9,EPSG:4326,Structural Failure,Sudden,Central dam section,40.89,54.6,234861352.35,26.54,29.11,24.74,0.98,91.68,0.2895,2026-08-02 06:00:00,79070.84,61.81,162567656.89,410.49,70,52917185.36,20.5,Extreme,Structural Failure,"POLYGON((81.899 18.128999999999998,81.90100000000001 18.128999999999998,81.90100000000001 18.131,81.899 18.131,81.899 18.128999999999998))",Indian dam anchor + synthetic dam-break scenario,SYNTHETIC_PROTOTYPE
IN-B034-002,D034,Balimela,R034,Sileru,Odisha,Malkangiri,18.13,81.9,EPSG:4326,Overtopping,Progressive,Central dam section,59.02,56.81,396435595.21,17.34,10.98,22.13,1.51,32.77,0.5291,2026-08-03 06:00:00,394174.39,13.83,357203930.87,452.4,70,30655015.07,13.6,Low,Heavy Rainfall,"POLYGON((81.899 18.128999999999998,81.90100000000001 18.128999999999998,81.90100000000001 18.131,81.899 18.131,81.899 18.128999999999998))",Indian dam anchor + synthetic dam-break scenario,SYNTHETIC_PROTOTYPE
IN-B034-003,D034,Balimela,R034,Sileru,Odisha,Malkangiri,18.13,81.9,EPSG:4326,Piping,Sudden,Central dam section,30.83,66.92,362635969.12,27.75,39.17,47.36,1.39,129.03,0.2151,2026-08-04 06:00:00,117061.37,98.13,243964996.52,437.92,70,57919794.53,41.9,Medium,Overtopping,"POLYGON((81.899 18.128999999999998,81.90100000000001 18.128999999999998,81.90100000000001 18.131,81.899 18.131,81.899 18.128999999999998))",Indian dam anchor + synthetic dam-break scenario,SYNTHETIC_PROTOTYPE
IN-B034-004,D034,Balimela,R034,Sileru,Odisha,Malkangiri,18.13,81.9,EPSG:4326,Structural Failure,Progressive,Central dam section,29.37,53.35,223651922.87,29.28,40.63,54.56,1.72,62.15,0.4711,2026-08-05 06:00:00,163155.34,41.65,151423303.58,434.93,70,35867735.53,34.4,High,Foundation Failure,"POLYGON((81.899 18.128999999999998,81.90100000000001 18.128999999999998,81.90100000000001 18.131,81.899 18.131,81.899 18.128999999999998))",Indian dam anchor + synthetic dam-break scenario,SYNTHETIC_PROTOTYPE
IN-B034-005,D034,Balimela,R034,Sileru,Odisha,Malkangiri,18.13,81.9,EPSG:4326,Overtopping,Sudden,Central dam section,27.37,54.36,207846323.73,9.89,42.63,14.9,0.51,140.32,0.0705,2026-08-06 06:00:00,74809.29,115.11,143223075.63,237.09,70,15180242.66,44.0,Extreme,Structural Failure,"POLYGON((81.899 18.128999999999998,81.90100000000001 18.128999999999998,81.90100000000001 18.131,81.899 18.131,81.899 18.128999999999998))",Indian dam anchor + synthetic dam-break scenario,SYNTHETIC_PROTOTYPE
IN-B034-006,D034,Balimela,R034,Sileru,Odisha,Malkangiri,18.13,81.9,EPSG:4326,Piping,Progressive,Central dam section,48.1,64.92,82576335.68,5.79,21.9,33.93,1.88,41.92,0.1382,2026-08-07 06:00:00,66459.17,29.8,58122234.03,293.33,70,49671944.08,15.8,Low,Heavy Rainfall,"POLYGON((81.899 18.128999999999998,81.90100000000001 18.128999999999998,81.90100000000001 18.131,81.899 18.131,81.899 18.128999999999998))",Indian dam anchor + synthetic dam-break scenario,SYNTHETIC_PROTOTYPE
IN-B034-007,D034,Balimela,R034,Sileru,Odisha,Malkangiri,18.13,81.9,EPSG:4326,Structural Failure,Sudden,Central dam section,43.85,53.64,107226315.91,26.73,26.15,36.02,1.04,81.08,0.3296,2026-08-08 06:00:00,61968.98,45.53,97002800.53,249.01,70,8527688.51,21.9,Medium,Overtopping,"POLYGON((81.899 18.128999999999998,81.90100000000001 18.128999999999998,81.90100000000001 18.131,81.899 18.131,81.899 18.128999999999998))",Indian dam anchor + synthetic dam-break scenario,SYNTHETIC_PROTOTYPE
IN-B034-008,D034,Balimela,R034,Sileru,Odisha,Malkangiri,18.13,81.9,EPSG:4326,Overtopping,Progressive,Central dam section,32.27,63.22,128558258.68,28.45,37.73,16.49,0.74,80.66,0.3527,2026-08-09 06:00:00,43172.81,46.12,113892931.77,65.41,70,73629046.67,27.9,High,Foundation Failure,"POLYGON((81.899 18.128999999999998,81.90100000000001 18.128999999999998,81.90100000000001 18.131,81.899 18.131,81.899 18.128999999999998))",Indian dam anchor + synthetic dam-break scenario,SYNTHETIC_PROTOTYPE
IN-B034-009,D034,Balimela,R034,Sileru,Odisha,Malkangiri,18.13,81.9,EPSG:4326,Piping,Sudden,Central dam section,46.77,65.47,197895708.15,25.29,23.23,46.17,1.89,163.66,0.1545,2026-08-10 06:00:00,57392.18,105.46,171310346.86,209.8,70,49337621.79,29.9,Extreme,Structural Failure,"POLYGON((81.899 18.128999999999998,81.90100000000001 18.128999999999998,81.90100000000001 18.131,81.899 18.131,81.899 18.128999999999998))",Indian dam anchor + synthetic dam-break scenario,SYNTHETIC_PROTOTYPE
IN-B034-010,D034,Balimela,R034,Sileru,Odisha,Malkangiri,18.13,81.9,EPSG:4326,Structural Failure,Progressive,Central dam section,35.56,52.86,358764799.73,29.81,34.44,21.04,1.72,98.32,0.3031,2026-08-11 06:00:00,123579.84,72.49,281361262.92,56.17,70,3956310.14,47.4,Low,Heavy Rainfall,"POLYGON((81.899 18.128999999999998,81.90100000000001 18.128999999999998,81.90100000000001 18.131,81.899 18.131,81.899 18.128999999999998))",Indian dam anchor + synthetic dam-break scenario,SYNTHETIC_PROTOTYPE
IN-B034-011,D034,Balimela,R034,Sileru,Odisha,Malkangiri,18.13,81.9,EPSG:4326,Overtopping,Sudden,Central dam section,51.19,56.26,176374787.82,21.81,18.81,25.26,1.85,61.11,0.3569,2026-08-12 06:00:00,144899.58,40.95,116563956.08,417.45,70,44536770.71,12.3,Medium,Overtopping,"POLYGON((81.899 18.128999999999998,81.90100000000001 18.128999999999998,81.90100000000001 18.131,81.899 18.131,81.899 18.128999999999998))",Indian dam anchor + synthetic dam-break scenario,SYNTHETIC_PROTOTYPE
IN-B034-012,D034,Balimela,R034,Sileru,Odisha,Malkangiri,18.13,81.9,EPSG:4326,Piping,Progressive,Central dam section,49.79,53.47,228076061.6,12.85,20.21,43.14,0.77,116.63,0.1102,2026-08-13 06:00:00,63229.52,71.52,188631275.99,183.12,70,58766765.59,14.5,High,Foundation Failure,"POLYGON((81.899 18.128999999999998,81.90100000000001 18.128999999999998,81.90100000000001 18.131,81.899 18.131,81.899 18.128999999999998))",Indian dam anchor + synthetic dam-break scenario,SYNTHETIC_PROTOTYPE
IN-B034-013,D034,Balimela,R034,Sileru,Odisha,Malkangiri,18.13,81.9,EPSG:4326,Structural Failure,Sudden,Central dam section,33.84,57.88,93823583.99,16.45,36.16,14.66,0.94,172.18,0.0955,2026-08-14 06:00:00,14915.49,112.92,91025673.48,460.33,70,2778348.6,40.2,Extreme,Structural Failure,"POLYGON((81.899 18.128999999999998,81.90100000000001 18.128999999999998,81.90100000000001 18.131,81.899 18.131,81.899 18.128999999999998))",Indian dam anchor + synthetic dam-break scenario,SYNTHETIC_PROTOTYPE
IN-B034-014,D034,Balimela,R034,Sileru,Odisha,Malkangiri,18.13,81.9,EPSG:4326,Overtopping,Progressive,Central dam section,22.26,64.4,298526837.3,21.99,47.74,19.49,1.99,63.96,0.3439,2026-08-15 06:00:00,124090.58,28.15,216584964.77,134.7,70,57087376.92,24.2,Low,Heavy Rainfall,"POLYGON((81.899 18.128999999999998,81.90100000000001 18.128999999999998,81.90100000000001 18.131,81.899 18.131,81.899 18.128999999999998))",Indian dam anchor + synthetic dam-break scenario,SYNTHETIC_PROTOTYPE
IN-B035-001,D035,Mahi Bajaj Sagar,R035,Mahi,Rajasthan,Banswara,23.54,74.43,EPSG:4326,Overtopping,Sudden,Central dam section,31.61,37.17,311160926.91,8.9,11.39,11.29,1.69,50.26,0.177,2026-08-02 06:00:00,288593.88,22.7,230174567.73,126.94,43,40381033.89,15.0,Low,Heavy Rainfall,"POLYGON((74.429 23.538999999999998,74.43100000000001 23.538999999999998,74.43100000000001 23.541,74.429 23.541,74.429 23.538999999999998))",Indian dam anchor + synthetic dam-break scenario,SYNTHETIC_PROTOTYPE
IN-B035-002,D035,Mahi Bajaj Sagar,R035,Mahi,Rajasthan,Banswara,23.54,74.43,EPSG:4326,Piping,Progressive,Central dam section,33.91,29.73,413501492.62,6.96,9.09,9.32,1.77,132.01,0.0528,2026-08-03 06:00:00,116752.41,89.67,354037520.5,172.36,43,16876496.68,43.8,Medium,Overtopping,"POLYGON((74.429 23.538999999999998,74.43100000000001 23.538999999999998,74.43100000000001 23.541,74.429 23.541,74.429 23.538999999999998))",Indian dam anchor + synthetic dam-break scenario,SYNTHETIC_PROTOTYPE
IN-B035-003,D035,Mahi Bajaj Sagar,R035,Mahi,Rajasthan,Banswara,23.54,74.43,EPSG:4326,Structural Failure,Sudden,Central dam section,23.53,28.15,99533477.92,15.85,19.47,17.06,1.12,132.15,0.12,2026-08-04 06:00:00,32478.85,101.37,83549744.43,147.35,43,4659652.7,33.6,High,Foundation Failure,"POLYGON((74.429 23.538999999999998,74.43100000000001 23.538999999999998,74.43100000000001 23.541,74.429 23.541,74.429 23.538999999999998))",Indian dam anchor + synthetic dam-break scenario,SYNTHETIC_PROTOTYPE
IN-B035-004,D035,Mahi Bajaj Sagar,R035,Mahi,Rajasthan,Banswara,23.54,74.43,EPSG:4326,Overtopping,Progressive,Central dam section,24.79,35.47,214235996.2,8.84,18.21,15.98,1.27,108.02,0.0819,2026-08-05 06:00:00,51853.42,83.66,206744498.69,365.88,43,50650121.12,27.5,Extreme,Structural Failure,"POLYGON((74.429 23.538999999999998,74.43100000000001 23.538999999999998,74.43100000000001 23.541,74.429 23.541,74.429 23.538999999999998))",Indian dam anchor + synthetic dam-break scenario,SYNTHETIC_PROTOTYPE
IN-B035-005,D035,Mahi Bajaj Sagar,R035,Mahi,Rajasthan,Banswara,23.54,74.43,EPSG:4326,Piping,Sudden,Central dam section,29.87,29.99,59849415.3,4.0,13.13,13.64,1.11,67.6,0.0592,2026-08-06 06:00:00,29136.99,58.01,49107626.42,345.14,43,67622342.18,39.2,Low,Heavy Rainfall,"POLYGON((74.429 23.538999999999998,74.43100000000001 23.538999999999998,74.43100000000001 23.541,74.429 23.541,74.429 23.538999999999998))",Indian dam anchor + synthetic dam-break scenario,SYNTHETIC_PROTOTYPE
IN-B035-006,D035,Mahi Bajaj Sagar,R035,Mahi,Rajasthan,Banswara,23.54,74.43,EPSG:4326,Structural Failure,Progressive,Central dam section,31.5,29.13,498259377.2,6.97,11.5,11.27,1.39,165.88,0.042,2026-08-07 06:00:00,98331.76,109.46,356420623.25,221.24,43,19669909.54,14.4,Medium,Overtopping,"POLYGON((74.429 23.538999999999998,74.43100000000001 23.538999999999998,74.43100000000001 23.541,74.429 23.541,74.429 23.538999999999998))",Indian dam anchor + synthetic dam-break scenario,SYNTHETIC_PROTOTYPE
IN-B035-007,D035,Mahi Bajaj Sagar,R035,Mahi,Rajasthan,Banswara,23.54,74.43,EPSG:4326,Overtopping,Sudden,Central dam section,23.59,39.05,170969416.73,17.72,19.41,9.57,0.88,171.68,0.1032,2026-08-08 06:00:00,54366.43,86.64,165794517.98,149.33,43,7620607.96,18.1,High,Foundation Failure,"POLYGON((74.429 23.538999999999998,74.43100000000001 23.538999999999998,74.43100000000001 23.541,74.429 23.541,74.429 23.538999999999998))",Indian dam anchor + synthetic dam-break scenario,SYNTHETIC_PROTOTYPE
IN-B035-008,D035,Mahi Bajaj Sagar,R035,Mahi,Rajasthan,Banswara,23.54,74.43,EPSG:4326,Piping,Progressive,Central dam section,22.56,36.57,308875013.41,13.8,20.44,22.56,1.51,28.14,0.4904,2026-08-09 06:00:00,314404.89,16.86,277698927.42,63.22,43,75716111.18,13.8,Extreme,Structural Failure,"POLYGON((74.429 23.538999999999998,74.43100000000001 23.538999999999998,74.43100000000001 23.541,74.429 23.541,74.429 23.538999999999998))",Indian dam anchor + synthetic dam-break scenario,SYNTHETIC_PROTOTYPE
IN-B035-009,D035,Mahi Bajaj Sagar,R035,Mahi,Rajasthan,Banswara,23.54,74.43,EPSG:4326,Structural Failure,Sudden,Central dam section,33.86,29.7,413084523.71,8.4,9.14,28.69,1.03,174.15,0.0483,2026-08-10 06:00:00,111690.35,141.73,350715370.86,207.41,43,60348089.33,28.7,Low,Heavy Rainfall,"POLYGON((74.429 23.538999999999998,74.43100000000001 23.538999999999998,74.43100000000001 23.541,74.429 23.541,74.429 23.538999999999998))",Indian dam anchor + synthetic dam-break scenario,SYNTHETIC_PROTOTYPE
IN-B035-010,D035,Mahi Bajaj Sagar,R035,Mahi,Rajasthan,Banswara,23.54,74.43,EPSG:4326,Overtopping,Progressive,Central dam section,18.09,31.98,194483406.47,15.82,24.91,12.35,1.94,103.1,0.1535,2026-08-11 06:00:00,97323.12,79.19,154559576.05,314.23,43,19645384.19,26.6,Medium,Overtopping,"POLYGON((74.429 23.538999999999998,74.43100000000001 23.538999999999998,74.43100000000001 23.541,74.429 23.541,74.429 23.538999999999998))",Indian dam anchor + synthetic dam-break scenario,SYNTHETIC_PROTOTYPE
IN-B035-011,D035,Mahi Bajaj Sagar,R035,Mahi,Rajasthan,Banswara,23.54,74.43,EPSG:4326,Piping,Sudden,Central dam section,32.23,34.92,222892457.46,13.64,10.77,21.87,1.69,161.41,0.0845,2026-08-12 06:00:00,58932.52,136.46,183639272.49,168.86,43,69174518.24,39.5,High,Foundation Failure,"POLYGON((74.429 23.538999999999998,74.43100000000001 23.538999999999998,74.43100000000001 23.541,74.429 23.541,74.429 23.538999999999998))",Indian dam anchor + synthetic dam-break scenario,SYNTHETIC_PROTOTYPE
IN-B035-012,D035,Mahi Bajaj Sagar,R035,Mahi,Rajasthan,Banswara,23.54,74.43,EPSG:4326,Structural Failure,Progressive,Central dam section,17.76,36.36,150443631.0,11.13,25.24,24.0,1.22,73.73,0.1509,2026-08-13 06:00:00,100760.42,62.69,111759796.79,292.72,43,55957790.53,17.5,Extreme,Structural Failure,"POLYGON((74.429 23.538999999999998,74.43100000000001 23.538999999999998,74.43100000000001 23.541,74.429 23.541,74.429 23.538999999999998))",Indian dam anchor + synthetic dam-break scenario,SYNTHETIC_PROTOTYPE
IN-B035-013,D035,Mahi Bajaj Sagar,R035,Mahi,Rajasthan,Banswara,23.54,74.43,EPSG:4326,Overtopping,Sudden,Central dam section,23.79,38.93,332057230.87,6.63,19.21,20.4,1.18,88.91,0.0746,2026-08-14 06:00:00,131090.89,70.07,308612286.39,290.34,43,9693422.51,29.3,Low,Heavy Rainfall,"POLYGON((74.429 23.538999999999998,74.43100000000001 23.538999999999998,74.43100000000001 23.541,74.429 23.541,74.429 23.538999999999998))",Indian dam anchor + synthetic dam-break scenario,SYNTHETIC_PROTOTYPE
IN-B035-014,D035,Mahi Bajaj Sagar,R035,Mahi,Rajasthan,Banswara,23.54,74.43,EPSG:4326,Piping,Progressive,Central dam section,20.21,25.18,138211806.13,14.26,22.79,11.37,0.87,83.01,0.1718,2026-08-15 06:00:00,86397.68,36.5,132285594.85,353.39,43,66486595.96,23.3,Medium,Overtopping,"POLYGON((74.429 23.538999999999998,74.43100000000001 23.538999999999998,74.43100000000001 23.541,74.429 23.541,74.429 23.538999999999998))",Indian dam anchor + synthetic dam-break scenario,SYNTHETIC_PROTOTYPE
IN-B036-001,D036,Bisalpur,R036,Banas,Rajasthan,Tonk,25.93,75.45,EPSG:4326,Piping,Sudden,Central dam section,11.93,33.85,223800127.21,5.15,27.07,22.87,1.05,76.01,0.0678,2026-08-02 06:00:00,168616.61,56.64,161316581.72,281.11,39,7596677.78,33.5,Medium,Overtopping,"POLYGON((75.449 25.929,75.45100000000001 25.929,75.45100000000001 25.931,75.449 25.931,75.449 25.929))",Indian dam anchor + synthetic dam-break scenario,SYNTHETIC_PROTOTYPE
IN-B036-002,D036,Bisalpur,R036,Banas,Rajasthan,Tonk,25.93,75.45,EPSG:4326,Structural Failure,Progressive,Central dam section,27.39,23.11,329903389.39,11.75,11.61,7.96,0.82,72.56,0.162,2026-08-03 06:00:00,227966.95,34.38,290481669.71,380.47,39,35631902.01,18.4,High,Foundation Failure,"POLYGON((75.449 25.929,75.45100000000001 25.929,75.45100000000001 25.931,75.449 25.931,75.449 25.929))",Indian dam anchor + synthetic dam-break scenario,SYNTHETIC_PROTOTYPE
IN-B036-003,D036,Bisalpur,R036,Banas,Rajasthan,Tonk,25.93,75.45,EPSG:4326,Overtopping,Sudden,Central dam section,20.53,25.44,375770960.09,12.69,18.47,31.05,1.13,145.72,0.0871,2026-08-04 06:00:00,73129.71,122.96,278360138.36,47.95,39,3491154.78,28.8,Extreme,Structural Failure,"POLYGON((75.449 25.929,75.45100000000001 25.929,75.45100000000001 25.931,75.449 25.931,75.449 25.929))",Indian dam anchor + synthetic dam-break scenario,SYNTHETIC_PROTOTYPE
IN-B036-004,D036,Bisalpur,R036,Banas,Rajasthan,Tonk,25.93,75.45,EPSG:4326,Piping,Progressive,Central dam section,31.62,33.29,471551307.6,8.15,7.38,23.68,0.79,115.59,0.0705,2026-08-05 06:00:00,232199.82,92.87,402059308.63,366.82,39,46943020.17,45.8,Low,Heavy Rainfall,"POLYGON((75.449 25.929,75.45100000000001 25.929,75.45100000000001 25.931,75.449 25.931,75.449 25.929))",Indian dam anchor + synthetic dam-break scenario,SYNTHETIC_PROTOTYPE
IN-B036-005,D036,Bisalpur,R036,Banas,Rajasthan,Tonk,25.93,75.45,EPSG:4326,Structural Failure,Sudden,Central dam section,17.09,29.94,61606662.07,4.17,21.91,27.83,1.32,28.95,0.1441,2026-08-06 06:00:00,56231.33,11.73,47357666.91,94.64,39,45461844.19,46.7,Medium,Overtopping,"POLYGON((75.449 25.929,75.45100000000001 25.929,75.45100000000001 25.931,75.449 25.931,75.449 25.929))",Indian dam anchor + synthetic dam-break scenario,SYNTHETIC_PROTOTYPE
IN-B036-006,D036,Bisalpur,R036,Banas,Rajasthan,Tonk,25.93,75.45,EPSG:4326,Overtopping,Progressive,Central dam section,20.74,32.72,375615672.61,11.52,18.26,16.5,0.94,82.14,0.1402,2026-08-07 06:00:00,206744.01,54.29,308918758.15,467.43,39,4535728.75,40.0,High,Foundation Failure,"POLYGON((75.449 25.929,75.45100000000001 25.929,75.45100000000001 25.931,75.449 25.931,75.449 25.929))",Indian dam anchor + synthetic dam-break scenario,SYNTHETIC_PROTOTYPE
IN-B036-007,D036,Bisalpur,R036,Banas,Rajasthan,Tonk,25.93,75.45,EPSG:4326,Piping,Sudden,Central dam section,14.53,25.39,69010750.32,16.32,24.47,10.19,0.97,76.97,0.212,2026-08-08 06:00:00,47417.01,48.88,52261826.14,194.57,39,13365842.27,14.4,Extreme,Structural Failure,"POLYGON((75.449 25.929,75.45100000000001 25.929,75.45100000000001 25.931,75.449 25.931,75.449 25.929))",Indian dam anchor + synthetic dam-break scenario,SYNTHETIC_PROTOTYPE
IN-B036-008,D036,Bisalpur,R036,Banas,Rajasthan,Tonk,25.93,75.45,EPSG:4326,Structural Failure,Progressive,Central dam section,26.15,35.97,53588634.92,12.59,12.85,8.13,1.5,127.02,0.0991,2026-08-09 06:00:00,24036.04,95.72,41210692.22,361.19,39,76057840.38,35.3,Low,Heavy Rainfall,"POLYGON((75.449 25.929,75.45100000000001 25.929,75.45100000000001 25.931,75.449 25.931,75.449 25.929))",Indian dam anchor + synthetic dam-break scenario,SYNTHETIC_PROTOTYPE
IN-B036-009,D036,Bisalpur,R036,Banas,Rajasthan,Tonk,25.93,75.45,EPSG:4326,Overtopping,Sudden,Central dam section,19.11,31.42,430562787.89,10.52,19.89,17.18,0.59,131.45,0.0801,2026-08-10 06:00:00,143599.31,104.09,349675009.32,90.77,39,17794986.97,14.8,Medium,Overtopping,"POLYGON((75.449 25.929,75.45100000000001 25.929,75.45100000000001 25.931,75.449 25.931,75.449 25.929))",Indian dam anchor + synthetic dam-break scenario,SYNTHETIC_PROTOTYPE
IN-B036-010,D036,Bisalpur,R036,Banas,Rajasthan,Tonk,25.93,75.45,EPSG:4326,Piping,Progressive,Central dam section,27.6,25.88,278484625.08,5.74,11.4,8.67,1.12,126.11,0.0455,2026-08-11 06:00:00,114446.4,55.13,196887642.87,215.68,39,76172402.21,26.7,High,Foundation Failure,"POLYGON((75.449 25.929,75.45100000000001 25.929,75.45100000000001 25.931,75.449 25.931,75.449 25.929))",Indian dam anchor + synthetic dam-break scenario,SYNTHETIC_PROTOTYPE
IN-B036-011,D036,Bisalpur,R036,Banas,Rajasthan,Tonk,25.93,75.45,EPSG:4326,Structural Failure,Sudden,Central dam section,23.81,25.26,198280715.56,11.5,15.19,17.59,0.93,103.63,0.111,2026-08-12 06:00:00,73454.96,79.29,178541722.53,208.79,39,12027795.19,21.9,Extreme,Structural Failure,"POLYGON((75.449 25.929,75.45100000000001 25.929,75.45100000000001 25.931,75.449 25.931,75.449 25.929))",Indian dam anchor + synthetic dam-break scenario,SYNTHETIC_PROTOTYPE
IN-B036-012,D036,Bisalpur,R036,Banas,Rajasthan,Tonk,25.93,75.45,EPSG:4326,Overtopping,Progressive,Central dam section,29.38,29.0,359615392.9,6.67,9.62,25.86,0.62,85.24,0.0783,2026-08-13 06:00:00,153595.27,76.05,286323681.66,330.44,39,4560332.45,6.6,Low,Heavy Rainfall,"POLYGON((75.449 25.929,75.45100000000001 25.929,75.45100000000001 25.931,75.449 25.931,75.449 25.929))",Indian dam anchor + synthetic dam-break scenario,SYNTHETIC_PROTOTYPE
IN-B036-013,D036,Bisalpur,R036,Banas,Rajasthan,Tonk,25.93,75.45,EPSG:4326,Piping,Sudden,Central dam section,32.96,33.94,405203351.5,9.51,6.04,17.68,1.63,33.77,0.2815,2026-08-14 06:00:00,439785.05,21.5,285027550.27,81.56,39,73883609.77,25.3,Medium,Overtopping,"POLYGON((75.449 25.929,75.45100000000001 25.929,75.45100000000001 25.931,75.449 25.931,75.449 25.929))",Indian dam anchor + synthetic dam-break scenario,SYNTHETIC_PROTOTYPE
IN-B036-014,D036,Bisalpur,R036,Banas,Rajasthan,Tonk,25.93,75.45,EPSG:4326,Structural Failure,Progressive,Central dam section,27.7,25.4,165474830.75,6.75,11.3,12.81,0.74,178.58,0.0378,2026-08-15 06:00:00,34966.54,136.97,127940798.04,313.29,39,46342680.71,30.1,High,Foundation Failure,"POLYGON((75.449 25.929,75.45100000000001 25.929,75.45100000000001 25.931,75.449 25.931,75.449 25.929))",Indian dam anchor + synthetic dam-break scenario,SYNTHETIC_PROTOTYPE
IN-B037-001,D037,Rana Pratap Sagar,R037,Chambal,Rajasthan,Chittorgarh,24.03,75.6,EPSG:4326,Structural Failure,Sudden,Central dam section,37.43,42.84,303241936.25,21.18,16.57,31.59,1.62,20.98,1.0094,2026-08-02 06:00:00,711928.29,14.54,279427149.37,281.32,54,53586549.18,37.3,High,Foundation Failure,"POLYGON((75.59899999999999 24.029,75.601 24.029,75.601 24.031000000000002,75.59899999999999 24.031000000000002,75.59899999999999 24.029))",Indian dam anchor + synthetic dam-break scenario,SYNTHETIC_PROTOTYPE
IN-B037-002,D037,Rana Pratap Sagar,R037,Chambal,Rajasthan,Chittorgarh,24.03,75.6,EPSG:4326,Overtopping,Progressive,Central dam section,26.24,47.59,39741248.16,13.75,27.76,14.39,1.38,53.38,0.2577,2026-08-03 06:00:00,28812.73,34.65,38476969.03,56.55,54,37833401.01,37.0,Extreme,Structural Failure,"POLYGON((75.59899999999999 24.029,75.601 24.029,75.601 24.031000000000002,75.59899999999999 24.031000000000002,75.59899999999999 24.029))",Indian dam anchor + synthetic dam-break scenario,SYNTHETIC_PROTOTYPE
IN-B037-003,D037,Rana Pratap Sagar,R037,Chambal,Rajasthan,Chittorgarh,24.03,75.6,EPSG:4326,Piping,Sudden,Central dam section,18.31,50.73,361986277.19,19.16,35.69,22.77,0.58,155.07,0.1236,2026-08-04 06:00:00,135142.16,111.65,270613368.25,69.53,54,39297572.55,12.4,Low,Heavy Rainfall,"POLYGON((75.59899999999999 24.029,75.601 24.029,75.601 24.031000000000002,75.59899999999999 24.031000000000002,75.59899999999999 24.029))",Indian dam anchor + synthetic dam-break scenario,SYNTHETIC_PROTOTYPE
IN-B037-004,D037,Rana Pratap Sagar,R037,Chambal,Rajasthan,Chittorgarh,24.03,75.6,EPSG:4326,Structural Failure,Progressive,Central dam section,45.83,44.28,444868195.38,19.22,8.17,37.14,1.26,138.89,0.1384,2026-08-05 06:00:00,148197.88,80.39,301340165.35,60.33,54,73663540.12,22.7,Medium,Overtopping,"POLYGON((75.59899999999999 24.029,75.601 24.029,75.601 24.031000000000002,75.59899999999999 24.031000000000002,75.59899999999999 24.029))",Indian dam anchor + synthetic dam-break scenario,SYNTHETIC_PROTOTYPE
IN-B037-005,D037,Rana Pratap Sagar,R037,Chambal,Rajasthan,Chittorgarh,24.03,75.6,EPSG:4326,Overtopping,Sudden,Central dam section,26.4,43.45,55971086.96,22.93,27.6,27.62,0.71,123.19,0.1862,2026-08-06 06:00:00,19455.65,77.74,46401485.75,454.75,54,70536448.01,35.1,High,Foundation Failure,"POLYGON((75.59899999999999 24.029,75.601 24.029,75.601 24.031000000000002,75.59899999999999 24.031000000000002,75.59899999999999 24.029))",Indian dam anchor + synthetic dam-break scenario,SYNTHETIC_PROTOTYPE
IN-B037-006,D037,Rana Pratap Sagar,R037,Chambal,Rajasthan,Chittorgarh,24.03,75.6,EPSG:4326,Piping,Progressive,Central dam section,17.9,38.74,266857761.23,12.33,36.1,29.88,1.16,43.48,0.2836,2026-08-07 06:00:00,284444.84,17.69,189780475.07,60.28,54,21320192.88,31.4,Extreme,Structural Failure,"POLYGON((75.59899999999999 24.029,75.601 24.029,75.601 24.031000000000002,75.59899999999999 24.031000000000002,75.59899999999999 24.029))",Indian dam anchor + synthetic dam-break scenario,SYNTHETIC_PROTOTYPE
IN-B037-007,D037,Rana Pratap Sagar,R037,Chambal,Rajasthan,Chittorgarh,24.03,75.6,EPSG:4326,Structural Failure,Sudden,Central dam section,31.83,37.36,172334499.13,8.42,22.17,15.51,0.73,33.18,0.2536,2026-08-08 06:00:00,170364.23,17.19,161162220.28,45.91,54,22581587.12,36.9,Low,Heavy Rainfall,"POLYGON((75.59899999999999 24.029,75.601 24.029,75.601 24.031000000000002,75.59899999999999 24.031000000000002,75.59899999999999 24.029))",Indian dam anchor + synthetic dam-break scenario,SYNTHETIC_PROTOTYPE
IN-B037-008,D037,Rana Pratap Sagar,R037,Chambal,Rajasthan,Chittorgarh,24.03,75.6,EPSG:4326,Overtopping,Progressive,Central dam section,27.18,49.85,402343956.46,16.12,26.82,36.91,1.78,36.83,0.4377,2026-08-09 06:00:00,575347.33,21.2,353205339.06,311.07,54,47487964.71,41.2,Medium,Overtopping,"POLYGON((75.59899999999999 24.029,75.601 24.029,75.601 24.031000000000002,75.59899999999999 24.031000000000002,75.59899999999999 24.029))",Indian dam anchor + synthetic dam-break scenario,SYNTHETIC_PROTOTYPE
IN-B037-009,D037,Rana Pratap Sagar,R037,Chambal,Rajasthan,Chittorgarh,24.03,75.6,EPSG:4326,Piping,Sudden,Central dam section,45.87,42.84,124245228.96,20.94,8.13,26.15,1.81,153.8,0.1362,2026-08-10 06:00:00,23412.18,130.81,112745417.2,236.22,54,9717139.31,7.3,High,Foundation Failure,"POLYGON((75.59899999999999 24.029,75.601 24.029,75.601 24.031000000000002,75.59899999999999 24.031000000000002,75.59899999999999 24.029))",Indian dam anchor + synthetic dam-break scenario,SYNTHETIC_PROTOTYPE
IN-B037-010,D037,Rana Pratap Sagar,R037,Chambal,Rajasthan,Chittorgarh,24.03,75.6,EPSG:4326,Structural Failure,Progressive,Central dam section,38.56,46.43,150073366.86,5.27,15.44,15.48,1.0,87.72,0.0601,2026-08-11 06:00:00,97919.59,49.8,121398420.29,286.03,54,33102412.96,47.7,Extreme,Structural Failure,"POLYGON((75.59899999999999 24.029,75.601 24.029,75.601 24.031000000000002,75.59899999999999 24.031000000000002,75.59899999999999 24.029))",Indian dam anchor + synthetic dam-break scenario,SYNTHETIC_PROTOTYPE
IN-B037-011,D037,Rana Pratap Sagar,R037,Chambal,Rajasthan,Chittorgarh,24.03,75.6,EPSG:4326,Overtopping,Sudden,Central dam section,34.63,37.76,166160512.42,13.72,19.37,20.55,1.1,49.46,0.2774,2026-08-12 06:00:00,93211.09,32.37,138690090.23,451.82,54,77455920.09,10.7,Low,Heavy Rainfall,"POLYGON((75.59899999999999 24.029,75.601 24.029,75.601 24.031000000000002,75.59899999999999 24.031000000000002,75.59899999999999 24.029))",Indian dam anchor + synthetic dam-break scenario,SYNTHETIC_PROTOTYPE
IN-B037-012,D037,Rana Pratap Sagar,R037,Chambal,Rajasthan,Chittorgarh,24.03,75.6,EPSG:4326,Piping,Progressive,Central dam section,19.6,42.69,244768820.47,15.61,34.4,28.57,1.79,87.87,0.1776,2026-08-13 06:00:00,138655.06,60.28,217456240.37,74.52,54,36612318.15,13.3,Medium,Overtopping,"POLYGON((75.59899999999999 24.029,75.601 24.029,75.601 24.031000000000002,75.59899999999999 24.031000000000002,75.59899999999999 24.029))",Indian dam anchor + synthetic dam-break scenario,SYNTHETIC_PROTOTYPE
IN-B037-013,D037,Rana Pratap Sagar,R037,Chambal,Rajasthan,Chittorgarh,24.03,75.6,EPSG:4326,Structural Failure,Sudden,Central dam section,20.69,46.02,173892078.92,7.62,33.31,34.71,0.65,32.23,0.2365,2026-08-14 06:00:00,250873.9,16.41,140756523.64,347.6,54,64095596.24,13.0,High,Foundation Failure,"POLYGON((75.59899999999999 24.029,75.601 24.029,75.601 24.031000000000002,75.59899999999999 24.031000000000002,75.59899999999999 24.029))",Indian dam anchor + synthetic dam-break scenario,SYNTHETIC_PROTOTYPE
IN-B037-014,D037,Rana Pratap Sagar,R037,Chambal,Rajasthan,Chittorgarh,24.03,75.6,EPSG:4326,Overtopping,Progressive,Central dam section,17.76,43.65,473727622.7,7.16,36.24,25.84,1.62,71.77,0.0998,2026-08-15 06:00:00,256836.16,33.54,464191187.84,440.9,54,19965823.75,8.7,Extreme,Structural Failure,"POLYGON((75.59899999999999 24.029,75.601 24.029,75.601 24.031000000000002,75.59899999999999 24.031000000000002,75.59899999999999 24.029))",Indian dam anchor + synthetic dam-break scenario,SYNTHETIC_PROTOTYPE
IN-B038-001,D038,Pong,R038,Beas,Himachal Pradesh,Kangra,31.99,76.08,EPSG:4326,Overtopping,Sudden,Central dam section,70.97,125.51,412795334.63,19.28,61.03,102.15,0.99,157.62,0.1223,2026-08-02 06:00:00,118417.46,64.96,375679477.7,316.47,132,33763518.2,35.0,Extreme,Structural Failure,"POLYGON((76.079 31.988999999999997,76.081 31.988999999999997,76.081 31.991,76.079 31.991,76.079 31.988999999999997))",Indian dam anchor + synthetic dam-break scenario,SYNTHETIC_PROTOTYPE
IN-B038-002,D038,Pong,R038,Beas,Himachal Pradesh,Kangra,31.99,76.08,EPSG:4326,Piping,Progressive,Central dam section,48.45,127.98,445544027.35,39.55,83.55,40.67,1.04,54.32,0.7282,2026-08-03 06:00:00,388491.29,34.38,430826233.93,200.33,132,77379174.45,28.5,Low,Heavy Rainfall,"POLYGON((76.079 31.988999999999997,76.081 31.988999999999997,76.081 31.991,76.079 31.991,76.079 31.988999999999997))",Indian dam anchor + synthetic dam-break scenario,SYNTHETIC_PROTOTYPE
IN-B038-003,D038,Pong,R038,Beas,Himachal Pradesh,Kangra,31.99,76.08,EPSG:4326,Structural Failure,Sudden,Central dam section,107.05,115.77,254760944.38,21.22,24.95,95.85,0.63,69.88,0.3037,2026-08-04 06:00:00,161672.37,42.41,166022627.86,311.8,132,75936145.25,18.8,Medium,Overtopping,"POLYGON((76.079 31.988999999999997,76.081 31.988999999999997,76.081 31.991,76.079 31.991,76.079 31.988999999999997))",Indian dam anchor + synthetic dam-break scenario,SYNTHETIC_PROTOTYPE
IN-B038-004,D038,Pong,R038,Beas,Himachal Pradesh,Kangra,31.99,76.08,EPSG:4326,Overtopping,Progressive,Central dam section,86.53,120.69,196169818.76,11.57,45.47,96.52,0.65,33.25,0.348,2026-08-05 06:00:00,297273.98,14.94,147882721.94,224.64,132,40101828.95,46.8,High,Foundation Failure,"POLYGON((76.079 31.988999999999997,76.081 31.988999999999997,76.081 31.991,76.079 31.991,76.079 31.988999999999997))",Indian dam anchor + synthetic dam-break scenario,SYNTHETIC_PROTOTYPE
IN-B038-005,D038,Pong,R038,Beas,Himachal Pradesh,Kangra,31.99,76.08,EPSG:4326,Piping,Sudden,Central dam section,74.88,114.15,152153775.46,39.55,57.12,52.97,1.63,64.54,0.6128,2026-08-06 06:00:00,65613.83,28.61,111756599.67,121.61,132,21546002.78,14.6,Extreme,Structural Failure,"POLYGON((76.079 31.988999999999997,76.081 31.988999999999997,76.081 31.991,76.079 31.991,76.079 31.988999999999997))",Indian dam anchor + synthetic dam-break scenario,SYNTHETIC_PROTOTYPE
IN-B038-006,D038,Pong,R038,Beas,Himachal Pradesh,Kangra,31.99,76.08,EPSG:4326,Structural Failure,Progressive,Central dam section,101.44,118.83,110785449.28,48.21,30.56,59.15,1.05,93.83,0.5138,2026-08-07 06:00:00,52496.2,48.5,73624836.67,483.38,132,21991278.75,22.3,Low,Heavy Rainfall,"POLYGON((76.079 31.988999999999997,76.081 31.988999999999997,76.081 31.991,76.079 31.991,76.079 31.988999999999997))",Indian dam anchor + synthetic dam-break scenario,SYNTHETIC_PROTOTYPE
IN-B038-007,D038,Pong,R038,Beas,Himachal Pradesh,Kangra,31.99,76.08,EPSG:4326,Overtopping,Sudden,Central dam section,59.28,121.63,49107815.53,12.1,72.72,59.95,1.37,148.89,0.0812,2026-08-08 06:00:00,18113.31,75.21,42127618.5,92.53,132,66429121.02,36.6,Medium,Overtopping,"POLYGON((76.079 31.988999999999997,76.081 31.988999999999997,76.081 31.991,76.079 31.991,76.079 31.988999999999997))",Indian dam anchor + synthetic dam-break scenario,SYNTHETIC_PROTOTYPE
IN-B038-008,D038,Pong,R038,Beas,Himachal Pradesh,Kangra,31.99,76.08,EPSG:4326,Piping,Progressive,Central dam section,60.22,124.31,333604459.92,30.31,71.78,78.0,1.58,56.26,0.5388,2026-08-09 06:00:00,303405.26,35.8,318198937.64,391.59,132,1377384.61,31.5,High,Foundation Failure,"POLYGON((76.079 31.988999999999997,76.081 31.988999999999997,76.081 31.991,76.079 31.991,76.079 31.988999999999997))",Indian dam anchor + synthetic dam-break scenario,SYNTHETIC_PROTOTYPE
IN-B038-009,D038,Pong,R038,Beas,Himachal Pradesh,Kangra,31.99,76.08,EPSG:4326,Structural Failure,Sudden,Central dam section,82.41,128.08,132631331.62,55.43,49.59,57.26,1.22,25.39,2.183,2026-08-10 06:00:00,290441.76,16.78,123547559.01,64.13,132,54547964.46,34.2,Extreme,Structural Failure,"POLYGON((76.079 31.988999999999997,76.081 31.988999999999997,76.081 31.991,76.079 31.991,76.079 31.988999999999997))",Indian dam anchor + synthetic dam-break scenario,SYNTHETIC_PROTOTYPE
IN-B038-010,D038,Pong,R038,Beas,Himachal Pradesh,Kangra,31.99,76.08,EPSG:4326,Overtopping,Progressive,Central dam section,71.49,116.51,241689799.49,37.31,60.51,56.75,1.71,105.07,0.3551,2026-08-11 06:00:00,106308.95,84.11,170573644.85,11.83,132,9345184.72,17.8,Low,Heavy Rainfall,"POLYGON((76.079 31.988999999999997,76.081 31.988999999999997,76.081 31.991,76.079 31.991,76.079 31.988999999999997))",Indian dam anchor + synthetic dam-break scenario,SYNTHETIC_PROTOTYPE
IN-B038-011,D038,Pong,R038,Beas,Himachal Pradesh,Kangra,31.99,76.08,EPSG:4326,Piping,Sudden,Central dam section,71.24,115.42,485733848.81,11.07,60.76,29.89,1.74,124.91,0.0886,2026-08-12 06:00:00,152930.51,89.43,452777872.54,101.38,132,54603187.59,7.7,Medium,Overtopping,"POLYGON((76.079 31.988999999999997,76.081 31.988999999999997,76.081 31.991,76.079 31.991,76.079 31.988999999999997))",Indian dam anchor + synthetic dam-break scenario,SYNTHETIC_PROTOTYPE
IN-B038-012,D038,Pong,R038,Beas,Himachal Pradesh,Kangra,31.99,76.08,EPSG:4326,Structural Failure,Progressive,Central dam section,111.08,121.6,318076324.89,55.25,20.92,94.48,1.49,62.73,0.8808,2026-08-13 06:00:00,194064.17,38.41,304617835.22,431.93,132,45716086.9,11.2,High,Foundation Failure,"POLYGON((76.079 31.988999999999997,76.081 31.988999999999997,76.081 31.991,76.079 31.991,76.079 31.988999999999997))",Indian dam anchor + synthetic dam-break scenario,SYNTHETIC_PROTOTYPE
IN-B038-013,D038,Pong,R038,Beas,Himachal Pradesh,Kangra,31.99,76.08,EPSG:4326,Overtopping,Sudden,Central dam section,56.25,128.87,57001683.25,43.4,75.75,72.94,0.87,116.28,0.3732,2026-08-14 06:00:00,20744.36,50.84,43024932.91,150.89,132,31540380.85,40.3,Extreme,Structural Failure,"POLYGON((76.079 31.988999999999997,76.081 31.988999999999997,76.081 31.991,76.079 31.991,76.079 31.988999999999997))",Indian dam anchor + synthetic dam-break scenario,SYNTHETIC_PROTOTYPE
IN-B038-014,D038,Pong,R038,Beas,Himachal Pradesh,Kangra,31.99,76.08,EPSG:4326,Piping,Progressive,Central dam section,106.76,116.7,106603903.7,13.14,25.24,39.04,1.22,36.88,0.3563,2026-08-15 06:00:00,105697.04,29.6,90154324.02,215.65,132,34628916.63,10.7,Low,Heavy Rainfall,"POLYGON((76.079 31.988999999999997,76.081 31.988999999999997,76.081 31.991,76.079 31.991,76.079 31.988999999999997))",Indian dam anchor + synthetic dam-break scenario,SYNTHETIC_PROTOTYPE
IN-B039-001,D039,Pandoh,R039,Beas,Himachal Pradesh,Mandi,31.71,77.03,EPSG:4326,Piping,Sudden,Central dam section,28.0,58.98,491495650.24,15.63,36.0,37.48,0.92,54.34,0.2877,2026-08-02 06:00:00,447403.56,37.7,437488008.34,289.69,64,5060922.05,38.0,Low,Heavy Rainfall,"POLYGON((77.029 31.709,77.031 31.709,77.031 31.711000000000002,77.029 31.711000000000002,77.029 31.709))",Indian dam anchor + synthetic dam-break scenario,SYNTHETIC_PROTOTYPE
IN-B039-002,D039,Pandoh,R039,Beas,Himachal Pradesh,Mandi,31.71,77.03,EPSG:4326,Structural Failure,Progressive,Central dam section,54.25,58.38,82935411.11,6.6,9.75,24.56,0.95,27.93,0.2363,2026-08-03 06:00:00,80593.37,12.44,66949316.56,404.65,64,50284404.74,27.3,Medium,Overtopping,"POLYGON((77.029 31.709,77.031 31.709,77.031 31.711000000000002,77.029 31.711000000000002,77.029 31.709))",Indian dam anchor + synthetic dam-break scenario,SYNTHETIC_PROTOTYPE
IN-B039-003,D039,Pandoh,R039,Beas,Himachal Pradesh,Mandi,31.71,77.03,EPSG:4326,Overtopping,Sudden,Central dam section,37.37,55.38,102000980.97,28.44,26.63,49.34,0.73,89.79,0.3167,2026-08-04 06:00:00,40259.72,71.2,81917413.45,95.7,64,50360284.52,45.8,High,Foundation Failure,"POLYGON((77.029 31.709,77.031 31.709,77.031 31.711000000000002,77.029 31.711000000000002,77.029 31.709))",Indian dam anchor + synthetic dam-break scenario,SYNTHETIC_PROTOTYPE
IN-B039-004,D039,Pandoh,R039,Beas,Himachal Pradesh,Mandi,31.71,77.03,EPSG:4326,Piping,Progressive,Central dam section,42.07,60.39,215430998.0,20.05,21.93,32.71,0.93,126.96,0.158,2026-08-05 06:00:00,57459.25,91.79,168395617.9,292.22,64,21248790.94,8.0,Extreme,Structural Failure,"POLYGON((77.029 31.709,77.031 31.709,77.031 31.711000000000002,77.029 31.711000000000002,77.029 31.709))",Indian dam anchor + synthetic dam-break scenario,SYNTHETIC_PROTOTYPE
IN-B039-005,D039,Pandoh,R039,Beas,Himachal Pradesh,Mandi,31.71,77.03,EPSG:4326,Structural Failure,Sudden,Central dam section,35.89,46.39,452601385.61,27.0,28.11,42.43,1.53,80.83,0.3341,2026-08-06 06:00:00,275266.9,35.67,427797465.34,255.77,64,65320164.06,6.2,Low,Heavy Rainfall,"POLYGON((77.029 31.709,77.031 31.709,77.031 31.711000000000002,77.029 31.711000000000002,77.029 31.709))",Indian dam anchor + synthetic dam-break scenario,SYNTHETIC_PROTOTYPE
IN-B039-006,D039,Pandoh,R039,Beas,Himachal Pradesh,Mandi,31.71,77.03,EPSG:4326,Overtopping,Progressive,Central dam section,47.52,59.91,433458587.58,26.54,16.48,28.33,1.62,47.98,0.5531,2026-08-07 06:00:00,254450.69,25.8,368289985.31,424.96,64,48820545.88,39.8,Medium,Overtopping,"POLYGON((77.029 31.709,77.031 31.709,77.031 31.711000000000002,77.029 31.711000000000002,77.029 31.709))",Indian dam anchor + synthetic dam-break scenario,SYNTHETIC_PROTOTYPE
IN-B039-007,D039,Pandoh,R039,Beas,Himachal Pradesh,Mandi,31.71,77.03,EPSG:4326,Piping,Sudden,Central dam section,19.58,48.73,341629840.06,20.13,44.42,40.96,1.67,87.25,0.2308,2026-08-08 06:00:00,185356.11,58.97,252381576.76,437.36,64,42838955.36,27.7,High,Foundation Failure,"POLYGON((77.029 31.709,77.031 31.709,77.031 31.711000000000002,77.029 31.711000000000002,77.029 31.709))",Indian dam anchor + synthetic dam-break scenario,SYNTHETIC_PROTOTYPE
IN-B039-008,D039,Pandoh,R039,Beas,Himachal Pradesh,Mandi,31.71,77.03,EPSG:4326,Structural Failure,Progressive,Central dam section,23.83,46.32,424114072.16,5.74,40.17,45.41,0.58,78.96,0.0727,2026-08-09 06:00:00,250430.6,44.08,325408696.39,190.98,64,37425243.46,38.7,Extreme,Structural Failure,"POLYGON((77.029 31.709,77.031 31.709,77.031 31.711000000000002,77.029 31.711000000000002,77.029 31.709))",Indian dam anchor + synthetic dam-break scenario,SYNTHETIC_PROTOTYPE
IN-B039-009,D039,Pandoh,R039,Beas,Himachal Pradesh,Mandi,31.71,77.03,EPSG:4326,Overtopping,Sudden,Central dam section,20.37,48.05,305911397.16,23.17,43.63,46.22,1.81,50.19,0.4617,2026-08-10 06:00:00,239385.45,23.44,254744366.34,293.57,64,75308547.55,6.3,Low,Heavy Rainfall,"POLYGON((77.029 31.709,77.031 31.709,77.031 31.711000000000002,77.029 31.711000000000002,77.029 31.709))",Indian dam anchor + synthetic dam-break scenario,SYNTHETIC_PROTOTYPE
IN-B039-010,D039,Pandoh,R039,Beas,Himachal Pradesh,Mandi,31.71,77.03,EPSG:4326,Piping,Progressive,Central dam section,28.53,52.49,330859288.15,14.22,35.47,43.41,1.67,127.14,0.1119,2026-08-11 06:00:00,92351.73,72.87,254926764.45,149.57,64,24539284.99,31.7,Medium,Overtopping,"POLYGON((77.029 31.709,77.031 31.709,77.031 31.711000000000002,77.029 31.711000000000002,77.029 31.709))",Indian dam anchor + synthetic dam-break scenario,SYNTHETIC_PROTOTYPE
IN-B039-011,D039,Pandoh,R039,Beas,Himachal Pradesh,Mandi,31.71,77.03,EPSG:4326,Structural Failure,Sudden,Central dam section,35.12,55.12,296902198.94,19.39,28.88,32.73,0.84,119.09,0.1628,2026-08-12 06:00:00,131622.88,94.47,268724534.78,294.77,64,44995874.81,16.1,High,Foundation Failure,"POLYGON((77.029 31.709,77.031 31.709,77.031 31.711000000000002,77.029 31.711000000000002,77.029 31.709))",Indian dam anchor + synthetic dam-break scenario,SYNTHETIC_PROTOTYPE
IN-B039-012,D039,Pandoh,R039,Beas,Himachal Pradesh,Mandi,31.71,77.03,EPSG:4326,Overtopping,Progressive,Central dam section,21.52,54.63,232646438.58,20.71,42.48,49.57,1.46,170.06,0.1218,2026-08-13 06:00:00,38509.16,130.49,169016545.87,186.34,64,71903784.68,22.5,Extreme,Structural Failure,"POLYGON((77.029 31.709,77.031 31.709,77.031 31.711000000000002,77.029 31.711000000000002,77.029 31.709))",Indian dam anchor + synthetic dam-break scenario,SYNTHETIC_PROTOTYPE
IN-B039-013,D039,Pandoh,R039,Beas,Himachal Pradesh,Mandi,31.71,77.03,EPSG:4326,Piping,Sudden,Central dam section,39.34,48.17,167470730.53,14.13,24.66,36.8,1.56,174.74,0.0809,2026-08-14 06:00:00,28637.2,79.31,139852921.89,424.26,64,76010311.2,31.1,Low,Heavy Rainfall,"POLYGON((77.029 31.709,77.031 31.709,77.031 31.711000000000002,77.029 31.711000000000002,77.029 31.709))",Indian dam anchor + synthetic dam-break scenario,SYNTHETIC_PROTOTYPE
IN-B039-014,D039,Pandoh,R039,Beas,Himachal Pradesh,Mandi,31.71,77.03,EPSG:4326,Structural Failure,Progressive,Central dam section,36.91,48.15,105092770.89,12.15,27.09,39.21,1.53,73.99,0.1641,2026-08-15 06:00:00,69424.18,61.83,99142013.82,165.65,64,22664521.8,9.3,Medium,Overtopping,"POLYGON((77.029 31.709,77.031 31.709,77.031 31.711000000000002,77.029 31.711000000000002,77.029 31.709))",Indian dam anchor + synthetic dam-break scenario,SYNTHETIC_PROTOTYPE
IN-B040-001,D040,Dulhasti,R040,Chenab,Jammu and Kashmir,Kishtwar,33.55,76.0,EPSG:4326,Structural Failure,Sudden,Central dam section,38.77,56.8,451394723.66,12.38,26.23,25.17,1.57,19.49,0.6352,2026-08-02 06:00:00,893228.05,11.48,323041203.2,405.27,65,38998561.22,6.1,Medium,Overtopping,"POLYGON((75.999 33.549,76.001 33.549,76.001 33.550999999999995,75.999 33.550999999999995,75.999 33.549))",Indian dam anchor + synthetic dam-break scenario,SYNTHETIC_PROTOTYPE
IN-B040-002,D040,Dulhasti,R040,Chenab,Jammu and Kashmir,Kishtwar,33.55,76.0,EPSG:4326,Overtopping,Progressive,Central dam section,46.61,52.85,190286187.05,15.95,18.39,46.07,1.8,82.23,0.1939,2026-08-03 06:00:00,84522.28,65.2,180601424.72,154.23,65,74262001.71,22.2,High,Foundation Failure,"POLYGON((75.999 33.549,76.001 33.549,76.001 33.550999999999995,75.999 33.550999999999995,75.999 33.549))",Indian dam anchor + synthetic dam-break scenario,SYNTHETIC_PROTOTYPE
IN-B040-003,D040,Dulhasti,R040,Chenab,Jammu and Kashmir,Kishtwar,33.55,76.0,EPSG:4326,Piping,Sudden,Central dam section,22.36,56.35,189300667.22,13.89,42.64,38.39,1.59,34.53,0.4023,2026-08-04 06:00:00,188238.55,14.11,144749174.58,210.48,65,31315049.63,22.2,Extreme,Structural Failure,"POLYGON((75.999 33.549,76.001 33.549,76.001 33.550999999999995,75.999 33.550999999999995,75.999 33.549))",Indian dam anchor + synthetic dam-break scenario,SYNTHETIC_PROTOTYPE
IN-B040-004,D040,Dulhasti,R040,Chenab,Jammu and Kashmir,Kishtwar,33.55,76.0,EPSG:4326,Structural Failure,Progressive,Central dam section,43.62,57.55,276666693.27,21.47,21.38,37.94,0.93,143.36,0.1498,2026-08-05 06:00:00,49268.56,86.5,236686831.47,404.52,65,12259134.8,16.8,Low,Heavy Rainfall,"POLYGON((75.999 33.549,76.001 33.549,76.001 33.550999999999995,75.999 33.550999999999995,75.999 33.549))",Indian dam anchor + synthetic dam-break scenario,SYNTHETIC_PROTOTYPE
IN-B040-005,D040,Dulhasti,R040,Chenab,Jammu and Kashmir,Kishtwar,33.55,76.0,EPSG:4326,Overtopping,Sudden,Central dam section,22.84,55.75,465172684.64,14.83,42.16,27.72,0.77,121.33,0.1222,2026-08-06 06:00:00,132503.08,93.12,373290176.04,207.7,65,42862402.51,19.1,Medium,Overtopping,"POLYGON((75.999 33.549,76.001 33.549,76.001 33.550999999999995,75.999 33.550999999999995,75.999 33.549))",Indian dam anchor + synthetic dam-break scenario,SYNTHETIC_PROTOTYPE
IN-B040-006,D040,Dulhasti,R040,Chenab,Jammu and Kashmir,Kishtwar,33.55,76.0,EPSG:4326,Piping,Progressive,Central dam section,32.25,55.77,71179864.73,19.56,32.75,15.52,1.93,179.68,0.1089,2026-08-07 06:00:00,12528.78,131.88,62847488.49,459.53,65,64130049.88,36.4,High,Foundation Failure,"POLYGON((75.999 33.549,76.001 33.549,76.001 33.550999999999995,75.999 33.550999999999995,75.999 33.549))",Indian dam anchor + synthetic dam-break scenario,SYNTHETIC_PROTOTYPE
IN-B040-007,D040,Dulhasti,R040,Chenab,Jammu and Kashmir,Kishtwar,33.55,76.0,EPSG:4326,Structural Failure,Sudden,Central dam section,22.41,52.97,357000290.73,20.73,42.59,24.71,0.65,166.02,0.1249,2026-08-08 06:00:00,123163.81,92.2,316689515.56,77.68,65,15973448.07,27.1,Extreme,Structural Failure,"POLYGON((75.999 33.549,76.001 33.549,76.001 33.550999999999995,75.999 33.550999999999995,75.999 33.549))",Indian dam anchor + synthetic dam-break scenario,SYNTHETIC_PROTOTYPE
IN-B040-008,D040,Dulhasti,R040,Chenab,Jammu and Kashmir,Kishtwar,33.55,76.0,EPSG:4326,Overtopping,Progressive,Central dam section,39.56,57.81,409185811.29,9.69,25.44,13.36,0.55,19.43,0.4985,2026-08-09 06:00:00,968401.67,8.9,267884057.39,79.77,65,28560502.92,22.5,Low,Heavy Rainfall,"POLYGON((75.999 33.549,76.001 33.549,76.001 33.550999999999995,75.999 33.550999999999995,75.999 33.549))",Indian dam anchor + synthetic dam-break scenario,SYNTHETIC_PROTOTYPE
IN-B040-009,D040,Dulhasti,R040,Chenab,Jammu and Kashmir,Kishtwar,33.55,76.0,EPSG:4326,Piping,Sudden,Central dam section,23.5,60.83,412692256.6,9.72,41.5,30.7,0.76,91.39,0.1064,2026-08-10 06:00:00,251815.78,53.31,317008200.54,33.55,65,18790346.16,13.4,Medium,Overtopping,"POLYGON((75.999 33.549,76.001 33.549,76.001 33.550999999999995,75.999 33.550999999999995,75.999 33.549))",Indian dam anchor + synthetic dam-break scenario,SYNTHETIC_PROTOTYPE
IN-B040-010,D040,Dulhasti,R040,Chenab,Jammu and Kashmir,Kishtwar,33.55,76.0,EPSG:4326,Structural Failure,Progressive,Central dam section,35.62,53.21,40446328.5,7.0,29.38,39.01,1.12,147.44,0.0475,2026-08-11 06:00:00,14154.92,110.55,27686598.41,226.93,65,66182569.22,32.5,High,Foundation Failure,"POLYGON((75.999 33.549,76.001 33.549,76.001 33.550999999999995,75.999 33.550999999999995,75.999 33.549))",Indian dam anchor + synthetic dam-break scenario,SYNTHETIC_PROTOTYPE
IN-B040-011,D040,Dulhasti,R040,Chenab,Jammu and Kashmir,Kishtwar,33.55,76.0,EPSG:4326,Overtopping,Sudden,Central dam section,38.61,48.2,123471969.04,17.81,26.39,35.97,0.81,146.0,0.122,2026-08-12 06:00:00,21653.57,103.94,100145165.9,302.66,65,22187244.77,38.9,Extreme,Structural Failure,"POLYGON((75.999 33.549,76.001 33.549,76.001 33.550999999999995,75.999 33.550999999999995,75.999 33.549))",Indian dam anchor + synthetic dam-break scenario,SYNTHETIC_PROTOTYPE
IN-B040-012,D040,Dulhasti,R040,Chenab,Jammu and Kashmir,Kishtwar,33.55,76.0,EPSG:4326,Piping,Progressive,Central dam section,44.54,47.43,172713212.05,23.81,20.46,20.58,1.29,132.7,0.1794,2026-08-13 06:00:00,70833.0,109.31,114250086.14,10.3,65,7316262.75,12.3,Low,Heavy Rainfall,"POLYGON((75.999 33.549,76.001 33.549,76.001 33.550999999999995,75.999 33.550999999999995,75.999 33.549))",Indian dam anchor + synthetic dam-break scenario,SYNTHETIC_PROTOTYPE
IN-B040-013,D040,Dulhasti,R040,Chenab,Jammu and Kashmir,Kishtwar,33.55,76.0,EPSG:4326,Structural Failure,Sudden,Central dam section,22.64,50.55,469859790.27,15.28,42.36,15.31,0.57,179.98,0.0849,2026-08-14 06:00:00,108178.1,102.91,440144016.94,54.97,65,48176339.26,47.2,Medium,Overtopping,"POLYGON((75.999 33.549,76.001 33.549,76.001 33.550999999999995,75.999 33.550999999999995,75.999 33.549))",Indian dam anchor + synthetic dam-break scenario,SYNTHETIC_PROTOTYPE
IN-B040-014,D040,Dulhasti,R040,Chenab,Jammu and Kashmir,Kishtwar,33.55,76.0,EPSG:4326,Overtopping,Progressive,Central dam section,54.63,61.21,89373283.71,15.57,10.37,47.04,1.74,115.3,0.1351,2026-08-15 06:00:00,29500.53,52.32,86664090.99,315.32,65,8889134.84,32.4,High,Foundation Failure,"POLYGON((75.999 33.549,76.001 33.549,76.001 33.550999999999995,75.999 33.550999999999995,75.999 33.549))",Indian dam anchor + synthetic dam-break scenario,SYNTHETIC_PROTOTYPE
IN-B041-001,D041,Salal,R041,Chenab,Jammu and Kashmir,Reasi,33.15,74.83,EPSG:4326,Overtopping,Sudden,Central dam section,54.92,104.14,182425097.33,45.78,58.08,74.19,0.65,136.13,0.3363,2026-08-02 06:00:00,61444.3,63.68,174600647.25,411.06,113,7125974.1,14.2,High,Foundation Failure,"POLYGON((74.829 33.149,74.831 33.149,74.831 33.150999999999996,74.829 33.150999999999996,74.829 33.149))",Indian dam anchor + synthetic dam-break scenario,SYNTHETIC_PROTOTYPE
IN-B041-002,D041,Salal,R041,Chenab,Jammu and Kashmir,Reasi,33.15,74.83,EPSG:4326,Piping,Progressive,Central dam section,84.73,96.41,46465753.89,12.82,28.27,39.75,1.44,48.03,0.2669,2026-08-03 06:00:00,33003.48,26.72,33378769.69,166.19,113,48401904.43,33.8,Extreme,Structural Failure,"POLYGON((74.829 33.149,74.831 33.149,74.831 33.150999999999996,74.829 33.150999999999996,74.829 33.149))",Indian dam anchor + synthetic dam-break scenario,SYNTHETIC_PROTOTYPE
IN-B041-003,D041,Salal,R041,Chenab,Jammu and Kashmir,Reasi,33.15,74.83,EPSG:4326,Structural Failure,Sudden,Central dam section,48.47,99.73,466853053.23,36.45,64.53,42.79,1.21,103.15,0.3533,2026-08-04 06:00:00,123571.61,70.79,378677199.57,112.05,113,69995675.31,47.6,Low,Heavy Rainfall,"POLYGON((74.829 33.149,74.831 33.149,74.831 33.150999999999996,74.829 33.150999999999996,74.829 33.149))",Indian dam anchor + synthetic dam-break scenario,SYNTHETIC_PROTOTYPE
IN-B041-004,D041,Salal,R041,Chenab,Jammu and Kashmir,Reasi,33.15,74.83,EPSG:4326,Overtopping,Progressive,Central dam section,77.2,107.0,159897618.64,10.77,35.8,69.26,0.91,42.34,0.2543,2026-08-05 06:00:00,111893.72,19.37,149348740.85,300.03,113,48450772.78,28.4,Medium,Overtopping,"POLYGON((74.829 33.149,74.831 33.149,74.831 33.150999999999996,74.829 33.150999999999996,74.829 33.149))",Indian dam anchor + synthetic dam-break scenario,SYNTHETIC_PROTOTYPE
IN-B041-005,D041,Salal,R041,Chenab,Jammu and Kashmir,Reasi,33.15,74.83,EPSG:4326,Piping,Sudden,Central dam section,43.42,96.53,236438788.93,30.74,69.58,71.88,1.82,46.6,0.6597,2026-08-06 06:00:00,292856.68,22.02,211810386.8,112.49,113,9594358.77,24.7,High,Foundation Failure,"POLYGON((74.829 33.149,74.831 33.149,74.831 33.150999999999996,74.829 33.150999999999996,74.829 33.149))",Indian dam anchor + synthetic dam-break scenario,SYNTHETIC_PROTOTYPE
IN-B041-006,D041,Salal,R041,Chenab,Jammu and Kashmir,Reasi,33.15,74.83,EPSG:4326,Structural Failure,Progressive,Central dam section,62.16,105.09,358636739.83,34.43,50.84,72.9,1.84,38.43,0.896,2026-08-07 06:00:00,282145.34,19.7,316804290.02,482.98,113,25964899.31,21.1,Extreme,Structural Failure,"POLYGON((74.829 33.149,74.831 33.149,74.831 33.150999999999996,74.829 33.150999999999996,74.829 33.149))",Indian dam anchor + synthetic dam-break scenario,SYNTHETIC_PROTOTYPE
IN-B041-007,D041,Salal,R041,Chenab,Jammu and Kashmir,Reasi,33.15,74.83,EPSG:4326,Overtopping,Sudden,Central dam section,49.75,107.93,315181042.6,31.3,63.25,55.91,1.76,77.73,0.4027,2026-08-08 06:00:00,182947.64,63.27,228632496.11,337.18,113,8271838.0,42.6,Low,Heavy Rainfall,"POLYGON((74.829 33.149,74.831 33.149,74.831 33.150999999999996,74.829 33.150999999999996,74.829 33.149))",Indian dam anchor + synthetic dam-break scenario,SYNTHETIC_PROTOTYPE
IN-B041-008,D041,Salal,R041,Chenab,Jammu and Kashmir,Reasi,33.15,74.83,EPSG:4326,Piping,Progressive,Central dam section,94.66,103.61,95210643.25,22.71,18.34,40.43,1.96,135.9,0.1671,2026-08-09 06:00:00,40165.02,68.15,92353539.34,158.39,113,56164067.02,47.4,Medium,Overtopping,"POLYGON((74.829 33.149,74.831 33.149,74.831 33.150999999999996,74.829 33.150999999999996,74.829 33.149))",Indian dam anchor + synthetic dam-break scenario,SYNTHETIC_PROTOTYPE
IN-B041-009,D041,Salal,R041,Chenab,Jammu and Kashmir,Reasi,33.15,74.83,EPSG:4326,Structural Failure,Sudden,Central dam section,85.9,108.15,47144235.77,43.15,27.1,87.68,1.69,137.98,0.3127,2026-08-10 06:00:00,19305.06,82.29,32330041.83,278.22,113,42524294.78,30.5,High,Foundation Failure,"POLYGON((74.829 33.149,74.831 33.149,74.831 33.150999999999996,74.829 33.150999999999996,74.829 33.149))",Indian dam anchor + synthetic dam-break scenario,SYNTHETIC_PROTOTYPE
IN-B041-010,D041,Salal,R041,Chenab,Jammu and Kashmir,Reasi,33.15,74.83,EPSG:4326,Overtopping,Progressive,Central dam section,61.46,101.6,270715651.65,20.03,51.54,65.44,0.73,62.01,0.323,2026-08-11 06:00:00,234523.39,50.87,182426904.86,120.57,113,22475747.02,35.4,Extreme,Structural Failure,"POLYGON((74.829 33.149,74.831 33.149,74.831 33.150999999999996,74.829 33.150999999999996,74.829 33.149))",Indian dam anchor + synthetic dam-break scenario,SYNTHETIC_PROTOTYPE
IN-B041-011,D041,Salal,R041,Chenab,Jammu and Kashmir,Reasi,33.15,74.83,EPSG:4326,Piping,Sudden,Central dam section,91.45,109.62,335003270.12,25.54,21.55,52.69,1.88,135.36,0.1887,2026-08-12 06:00:00,126156.33,99.67,263994343.54,55.36,113,4950345.58,22.8,Low,Heavy Rainfall,"POLYGON((74.829 33.149,74.831 33.149,74.831 33.150999999999996,74.829 33.150999999999996,74.829 33.149))",Indian dam anchor + synthetic dam-break scenario,SYNTHETIC_PROTOTYPE
IN-B041-012,D041,Salal,R041,Chenab,Jammu and Kashmir,Reasi,33.15,74.83,EPSG:4326,Structural Failure,Progressive,Central dam section,79.57,96.0,280495509.58,31.1,33.43,52.91,0.84,74.74,0.4162,2026-08-13 06:00:00,170310.27,58.29,187949912.67,109.75,113,74749358.84,41.4,Medium,Overtopping,"POLYGON((74.829 33.149,74.831 33.149,74.831 33.150999999999996,74.829 33.150999999999996,74.829 33.149))",Indian dam anchor + synthetic dam-break scenario,SYNTHETIC_PROTOTYPE
IN-B041-013,D041,Salal,R041,Chenab,Jammu and Kashmir,Reasi,33.15,74.83,EPSG:4326,Overtopping,Sudden,Central dam section,41.83,103.17,380495253.83,39.42,71.17,37.88,0.65,151.16,0.2608,2026-08-14 06:00:00,136545.77,100.82,349762133.62,282.58,113,65241510.73,32.3,High,Foundation Failure,"POLYGON((74.829 33.149,74.831 33.149,74.831 33.150999999999996,74.829 33.150999999999996,74.829 33.149))",Indian dam anchor + synthetic dam-break scenario,SYNTHETIC_PROTOTYPE
IN-B041-014,D041,Salal,R041,Chenab,Jammu and Kashmir,Reasi,33.15,74.83,EPSG:4326,Piping,Progressive,Central dam section,66.79,102.39,289704801.78,39.78,46.21,74.8,1.67,125.52,0.317,2026-08-15 06:00:00,60196.82,67.07,206991651.16,335.94,113,11587621.59,36.0,Extreme,Structural Failure,"POLYGON((74.829 33.149,74.831 33.149,74.831 33.150999999999996,74.829 33.150999999999996,74.829 33.149))",Indian dam anchor + synthetic dam-break scenario,SYNTHETIC_PROTOTYPE
IN-B042-001,D042,Uri,R042,Jhelum,Jammu and Kashmir,Baramulla,34.08,74.07,EPSG:4326,Piping,Sudden,Central dam section,27.91,39.64,104012630.25,13.48,24.09,30.19,1.17,108.7,0.124,2026-08-02 06:00:00,51030.23,88.18,84627778.08,435.25,52,72671416.15,41.7,Extreme,Structural Failure,"POLYGON((74.06899999999999 34.079,74.071 34.079,74.071 34.080999999999996,74.06899999999999 34.080999999999996,74.06899999999999 34.079))",Indian dam anchor + synthetic dam-break scenario,SYNTHETIC_PROTOTYPE
IN-B042-002,D042,Uri,R042,Jhelum,Jammu and Kashmir,Baramulla,34.08,74.07,EPSG:4326,Structural Failure,Progressive,Central dam section,26.43,37.21,351024336.79,20.94,25.57,16.35,1.98,95.77,0.2187,2026-08-03 06:00:00,124858.66,80.29,299722064.97,158.01,52,41859998.38,21.7,Low,Heavy Rainfall,"POLYGON((74.06899999999999 34.079,74.071 34.079,74.071 34.080999999999996,74.06899999999999 34.080999999999996,74.06899999999999 34.079))",Indian dam anchor + synthetic dam-break scenario,SYNTHETIC_PROTOTYPE
IN-B042-003,D042,Uri,R042,Jhelum,Jammu and Kashmir,Baramulla,34.08,74.07,EPSG:4326,Overtopping,Sudden,Central dam section,29.96,34.17,471431231.28,20.53,22.04,39.87,1.08,32.8,0.6261,2026-08-04 06:00:00,791190.34,22.37,327388874.63,366.83,52,40787278.8,29.0,Medium,Overtopping,"POLYGON((74.06899999999999 34.079,74.071 34.079,74.071 34.080999999999996,74.06899999999999 34.080999999999996,74.06899999999999 34.079))",Indian dam anchor + synthetic dam-break scenario,SYNTHETIC_PROTOTYPE
IN-B042-004,D042,Uri,R042,Jhelum,Jammu and Kashmir,Baramulla,34.08,74.07,EPSG:4326,Piping,Progressive,Central dam section,23.84,45.76,312887841.18,11.01,28.16,37.84,1.35,33.89,0.3247,2026-08-05 06:00:00,316374.89,18.24,233390928.79,241.71,52,38709067.9,29.9,High,Foundation Failure,"POLYGON((74.06899999999999 34.079,74.071 34.079,74.071 34.080999999999996,74.06899999999999 34.080999999999996,74.06899999999999 34.079))",Indian dam anchor + synthetic dam-break scenario,SYNTHETIC_PROTOTYPE
IN-B042-005,D042,Uri,R042,Jhelum,Jammu and Kashmir,Baramulla,34.08,74.07,EPSG:4326,Structural Failure,Sudden,Central dam section,25.16,44.77,375620951.33,9.53,26.84,34.55,1.34,109.01,0.0874,2026-08-06 06:00:00,136221.73,68.66,259809269.89,143.88,52,20227424.69,29.4,Extreme,Structural Failure,"POLYGON((74.06899999999999 34.079,74.071 34.079,74.071 34.080999999999996,74.06899999999999 34.080999999999996,74.06899999999999 34.079))",Indian dam anchor + synthetic dam-break scenario,SYNTHETIC_PROTOTYPE
IN-B042-006,D042,Uri,R042,Jhelum,Jammu and Kashmir,Baramulla,34.08,74.07,EPSG:4326,Overtopping,Progressive,Central dam section,22.94,35.76,234944815.93,11.66,29.06,18.73,1.04,66.74,0.1747,2026-08-07 06:00:00,140257.98,38.86,227034119.08,115.58,52,76569979.56,12.9,Low,Heavy Rainfall,"POLYGON((74.06899999999999 34.079,74.071 34.079,74.071 34.080999999999996,74.06899999999999 34.080999999999996,74.06899999999999 34.079))",Indian dam anchor + synthetic dam-break scenario,SYNTHETIC_PROTOTYPE
IN-B042-007,D042,Uri,R042,Jhelum,Jammu and Kashmir,Baramulla,34.08,74.07,EPSG:4326,Piping,Sudden,Central dam section,37.41,39.83,74440718.21,14.24,14.59,14.26,0.84,42.5,0.3352,2026-08-08 06:00:00,68761.32,27.16,50853788.68,81.64,52,8925686.47,46.4,Medium,Overtopping,"POLYGON((74.06899999999999 34.079,74.071 34.079,74.071 34.080999999999996,74.06899999999999 34.080999999999996,74.06899999999999 34.079))",Indian dam anchor + synthetic dam-break scenario,SYNTHETIC_PROTOTYPE
IN-B042-008,D042,Uri,R042,Jhelum,Jammu and Kashmir,Baramulla,34.08,74.07,EPSG:4326,Structural Failure,Progressive,Central dam section,31.1,34.95,27490714.08,6.51,20.9,28.46,1.91,60.92,0.1068,2026-08-09 06:00:00,20217.85,50.24,22885345.95,338.21,52,65246388.01,11.7,High,Foundation Failure,"POLYGON((74.06899999999999 34.079,74.071 34.079,74.071 34.080999999999996,74.06899999999999 34.080999999999996,74.06899999999999 34.079))",Indian dam anchor + synthetic dam-break scenario,SYNTHETIC_PROTOTYPE
IN-B042-009,D042,Uri,R042,Jhelum,Jammu and Kashmir,Baramulla,34.08,74.07,EPSG:4326,Overtopping,Sudden,Central dam section,30.66,38.49,433490480.31,13.13,21.34,22.25,1.5,43.01,0.3052,2026-08-10 06:00:00,458269.45,29.37,322838813.99,344.48,52,40557700.58,24.9,Extreme,Structural Failure,"POLYGON((74.06899999999999 34.079,74.071 34.079,74.071 34.080999999999996,74.06899999999999 34.080999999999996,74.06899999999999 34.079))",Indian dam anchor + synthetic dam-break scenario,SYNTHETIC_PROTOTYPE
IN-B042-010,D042,Uri,R042,Jhelum,Jammu and Kashmir,Baramulla,34.08,74.07,EPSG:4326,Piping,Progressive,Central dam section,41.95,46.36,180553502.35,22.61,10.05,28.28,1.77,152.38,0.1484,2026-08-11 06:00:00,38746.42,114.25,141700819.22,444.17,52,32508239.93,37.3,Low,Heavy Rainfall,"POLYGON((74.06899999999999 34.079,74.071 34.079,74.071 34.080999999999996,74.06899999999999 34.080999999999996,74.06899999999999 34.079))",Indian dam anchor + synthetic dam-break scenario,SYNTHETIC_PROTOTYPE
IN-B042-011,D042,Uri,R042,Jhelum,Jammu and Kashmir,Baramulla,34.08,74.07,EPSG:4326,Structural Failure,Sudden,Central dam section,31.31,34.08,319296443.73,7.5,20.69,23.69,0.55,121.69,0.0616,2026-08-12 06:00:00,101972.82,78.05,252154051.77,476.47,52,33866615.8,23.5,Medium,Overtopping,"POLYGON((74.06899999999999 34.079,74.071 34.079,74.071 34.080999999999996,74.06899999999999 34.080999999999996,74.06899999999999 34.079))",Indian dam anchor + synthetic dam-break scenario,SYNTHETIC_PROTOTYPE
IN-B042-012,D042,Uri,R042,Jhelum,Jammu and Kashmir,Baramulla,34.08,74.07,EPSG:4326,Overtopping,Progressive,Central dam section,17.96,38.6,284944208.76,16.13,34.04,14.7,1.52,20.75,0.7772,2026-08-13 06:00:00,613319.16,17.34,198151248.17,311.75,52,59577939.14,38.6,High,Foundation Failure,"POLYGON((74.06899999999999 34.079,74.071 34.079,74.071 34.080999999999996,74.06899999999999 34.080999999999996,74.06899999999999 34.079))",Indian dam anchor + synthetic dam-break scenario,SYNTHETIC_PROTOTYPE
IN-B042-013,D042,Uri,R042,Jhelum,Jammu and Kashmir,Baramulla,34.08,74.07,EPSG:4326,Piping,Sudden,Central dam section,31.07,38.4,313338680.42,7.52,20.93,18.84,1.8,113.93,0.066,2026-08-14 06:00:00,124801.51,86.91,267304415.42,97.21,52,10098808.33,16.5,Extreme,Structural Failure,"POLYGON((74.06899999999999 34.079,74.071 34.079,74.071 34.080999999999996,74.06899999999999 34.080999999999996,74.06899999999999 34.079))",Indian dam anchor + synthetic dam-break scenario,SYNTHETIC_PROTOTYPE
IN-B042-014,D042,Uri,R042,Jhelum,Jammu and Kashmir,Baramulla,34.08,74.07,EPSG:4326,Structural Failure,Progressive,Central dam section,32.17,45.15,325283669.91,9.5,19.83,23.9,0.57,73.33,0.1296,2026-08-15 06:00:00,127452.46,45.03,244845710.16,331.14,52,20185341.93,41.4,Low,Heavy Rainfall,"POLYGON((74.06899999999999 34.079,74.071 34.079,74.071 34.080999999999996,74.06899999999999 34.080999999999996,74.06899999999999 34.079))",Indian dam anchor + synthetic dam-break scenario,SYNTHETIC_PROTOTYPE
IN-B043-001,D043,Baglihar,R043,Chenab,Jammu and Kashmir,Ramban,33.17,75.32,EPSG:4326,Structural Failure,Sudden,Central dam section,75.61,135.06,210788398.56,27.76,68.39,94.31,0.9,177.91,0.156,2026-08-02 06:00:00,45094.95,73.73,188466103.17,358.69,144,8601295.27,38.0,Low,Heavy Rainfall,"POLYGON((75.31899999999999 33.169000000000004,75.321 33.169000000000004,75.321 33.171,75.31899999999999 33.171,75.31899999999999 33.169000000000004))",Indian dam anchor + synthetic dam-break scenario,SYNTHETIC_PROTOTYPE
IN-B043-002,D043,Baglihar,R043,Chenab,Jammu and Kashmir,Ramban,33.17,75.32,EPSG:4326,Overtopping,Progressive,Central dam section,46.82,132.42,391617876.1,44.26,97.18,34.47,0.74,172.28,0.2569,2026-08-03 06:00:00,110678.41,105.6,329236454.43,345.37,144,48299247.93,27.7,Medium,Overtopping,"POLYGON((75.31899999999999 33.169000000000004,75.321 33.169000000000004,75.321 33.171,75.31899999999999 33.171,75.31899999999999 33.169000000000004))",Indian dam anchor + synthetic dam-break scenario,SYNTHETIC_PROTOTYPE
IN-B043-003,D043,Baglihar,R043,Chenab,Jammu and Kashmir,Ramban,33.17,75.32,EPSG:4326,Piping,Sudden,Central dam section,72.03,136.88,44462962.92,31.32,71.97,47.28,1.44,123.04,0.2546,2026-08-04 06:00:00,12491.52,102.75,34991131.31,464.49,144,36856723.41,40.3,High,Foundation Failure,"POLYGON((75.31899999999999 33.169000000000004,75.321 33.169000000000004,75.321 33.171,75.31899999999999 33.171,75.31899999999999 33.169000000000004))",Indian dam anchor + synthetic dam-break scenario,SYNTHETIC_PROTOTYPE
IN-B043-004,D043,Baglihar,R043,Chenab,Jammu and Kashmir,Ramban,33.17,75.32,EPSG:4326,Structural Failure,Progressive,Central dam section,51.49,138.17,261803878.9,53.0,92.51,69.95,1.45,77.82,0.6811,2026-08-05 06:00:00,132049.01,35.77,226661388.96,66.22,144,72519935.03,40.1,Extreme,Structural Failure,"POLYGON((75.31899999999999 33.169000000000004,75.321 33.169000000000004,75.321 33.171,75.31899999999999 33.171,75.31899999999999 33.169000000000004))",Indian dam anchor + synthetic dam-break scenario,SYNTHETIC_PROTOTYPE
IN-B043-005,D043,Baglihar,R043,Chenab,Jammu and Kashmir,Ramban,33.17,75.32,EPSG:4326,Overtopping,Sudden,Central dam section,89.16,135.26,445177862.82,19.23,54.84,37.48,0.55,133.81,0.1437,2026-08-06 06:00:00,115650.62,110.12,392800834.08,70.05,144,52248196.99,23.2,Low,Heavy Rainfall,"POLYGON((75.31899999999999 33.169000000000004,75.321 33.169000000000004,75.321 33.171,75.31899999999999 33.171,75.31899999999999 33.169000000000004))",Indian dam anchor + synthetic dam-break scenario,SYNTHETIC_PROTOTYPE
IN-B043-006,D043,Baglihar,R043,Chenab,Jammu and Kashmir,Ramban,33.17,75.32,EPSG:4326,Piping,Progressive,Central dam section,108.84,133.32,158761939.04,52.91,35.16,47.69,0.71,147.05,0.3598,2026-08-07 06:00:00,45256.94,100.07,154495309.4,209.36,144,29231008.53,33.6,Medium,Overtopping,"POLYGON((75.31899999999999 33.169000000000004,75.321 33.169000000000004,75.321 33.171,75.31899999999999 33.171,75.31899999999999 33.169000000000004))",Indian dam anchor + synthetic dam-break scenario,SYNTHETIC_PROTOTYPE
IN-B043-007,D043,Baglihar,R043,Chenab,Jammu and Kashmir,Ramban,33.17,75.32,EPSG:4326,Structural Failure,Sudden,Central dam section,61.44,132.48,474561166.89,41.61,82.56,95.56,0.96,86.02,0.4838,2026-08-08 06:00:00,200685.32,65.83,344820212.72,68.62,144,13732303.92,32.0,High,Foundation Failure,"POLYGON((75.31899999999999 33.169000000000004,75.321 33.169000000000004,75.321 33.171,75.31899999999999 33.171,75.31899999999999 33.169000000000004))",Indian dam anchor + synthetic dam-break scenario,SYNTHETIC_PROTOTYPE
IN-B043-008,D043,Baglihar,R043,Chenab,Jammu and Kashmir,Ramban,33.17,75.32,EPSG:4326,Overtopping,Progressive,Central dam section,112.77,132.18,365222486.08,43.36,31.23,107.95,0.68,148.73,0.2915,2026-08-09 06:00:00,115757.46,132.33,354324095.84,354.78,144,59633983.04,46.0,Extreme,Structural Failure,"POLYGON((75.31899999999999 33.169000000000004,75.321 33.169000000000004,75.321 33.171,75.31899999999999 33.171,75.31899999999999 33.169000000000004))",Indian dam anchor + synthetic dam-break scenario,SYNTHETIC_PROTOTYPE
IN-B043-009,D043,Baglihar,R043,Chenab,Jammu and Kashmir,Ramban,33.17,75.32,EPSG:4326,Piping,Sudden,Central dam section,120.4,139.65,482964540.91,55.57,23.6,65.99,0.72,136.0,0.4086,2026-08-10 06:00:00,149748.34,113.39,398410487.18,341.67,144,22790676.95,27.4,Low,Heavy Rainfall,"POLYGON((75.31899999999999 33.169000000000004,75.321 33.169000000000004,75.321 33.171,75.31899999999999 33.171,75.31899999999999 33.169000000000004))",Indian dam anchor + synthetic dam-break scenario,SYNTHETIC_PROTOTYPE
IN-B043-010,D043,Baglihar,R043,Chenab,Jammu and Kashmir,Ramban,33.17,75.32,EPSG:4326,Structural Failure,Progressive,Central dam section,50.27,132.69,374367887.47,52.47,93.73,30.35,0.59,107.08,0.49,2026-08-11 06:00:00,128569.86,60.69,302099505.74,79.94,144,68886925.92,37.1,Medium,Overtopping,"POLYGON((75.31899999999999 33.169000000000004,75.321 33.169000000000004,75.321 33.171,75.31899999999999 33.171,75.31899999999999 33.169000000000004))",Indian dam anchor + synthetic dam-break scenario,SYNTHETIC_PROTOTYPE
IN-B043-011,D043,Baglihar,R043,Chenab,Jammu and Kashmir,Ramban,33.17,75.32,EPSG:4326,Overtopping,Sudden,Central dam section,112.58,132.61,447970902.42,51.02,31.42,52.18,1.93,102.17,0.4993,2026-08-12 06:00:00,142877.82,63.24,356680140.06,149.62,144,78910691.77,42.0,High,Foundation Failure,"POLYGON((75.31899999999999 33.169000000000004,75.321 33.169000000000004,75.321 33.171,75.31899999999999 33.171,75.31899999999999 33.169000000000004))",Indian dam anchor + synthetic dam-break scenario,SYNTHETIC_PROTOTYPE
IN-B043-012,D043,Baglihar,R043,Chenab,Jammu and Kashmir,Ramban,33.17,75.32,EPSG:4326,Piping,Progressive,Central dam section,83.76,130.73,32662654.95,29.69,60.24,47.3,1.45,143.1,0.2075,2026-08-13 06:00:00,5758.19,58.63,21370017.13,173.81,144,68312322.27,30.6,Extreme,Structural Failure,"POLYGON((75.31899999999999 33.169000000000004,75.321 33.169000000000004,75.321 33.171,75.31899999999999 33.171,75.31899999999999 33.169000000000004))",Indian dam anchor + synthetic dam-break scenario,SYNTHETIC_PROTOTYPE
IN-B043-013,D043,Baglihar,R043,Chenab,Jammu and Kashmir,Ramban,33.17,75.32,EPSG:4326,Structural Failure,Sudden,Central dam section,106.68,139.81,221098277.15,37.06,37.32,43.48,1.3,179.34,0.2066,2026-08-14 06:00:00,54987.73,157.2,172321946.88,109.68,144,1405561.47,43.0,Low,Heavy Rainfall,"POLYGON((75.31899999999999 33.169000000000004,75.321 33.169000000000004,75.321 33.171,75.31899999999999 33.171,75.31899999999999 33.169000000000004))",Indian dam anchor + synthetic dam-break scenario,SYNTHETIC_PROTOTYPE
IN-B043-014,D043,Baglihar,R043,Chenab,Jammu and Kashmir,Ramban,33.17,75.32,EPSG:4326,Overtopping,Progressive,Central dam section,118.63,137.71,441659286.25,64.79,25.37,100.97,0.73,103.1,0.6284,2026-08-15 06:00:00,217774.54,64.12,296315660.12,362.19,144,6901332.77,18.9,Medium,Overtopping,"POLYGON((75.31899999999999 33.169000000000004,75.321 33.169000000000004,75.321 33.171,75.31899999999999 33.171,75.31899999999999 33.169000000000004))",Indian dam anchor + synthetic dam-break scenario,SYNTHETIC_PROTOTYPE
IN-B044-001,D044,Kishanganga,R044,Kishanganga,Jammu and Kashmir,Bandipora,34.55,74.79,EPSG:4326,Overtopping,Sudden,Central dam section,29.93,28.56,332282714.19,13.99,7.07,13.42,1.32,87.3,0.1603,2026-08-02 06:00:00,166925.29,71.29,244206314.14,60.26,37,42169280.97,25.0,Medium,Overtopping,"POLYGON((74.789 34.549,74.79100000000001 34.549,74.79100000000001 34.550999999999995,74.789 34.550999999999995,74.789 34.549))",Indian dam anchor + synthetic dam-break scenario,SYNTHETIC_PROTOTYPE
IN-B044-002,D044,Kishanganga,R044,Kishanganga,Jammu and Kashmir,Bandipora,34.55,74.79,EPSG:4326,Piping,Progressive,Central dam section,17.44,32.94,135457570.18,6.13,19.56,15.01,1.9,29.32,0.2089,2026-08-03 06:00:00,173369.57,11.98,122526057.7,278.17,37,11130907.25,32.3,High,Foundation Failure,"POLYGON((74.789 34.549,74.79100000000001 34.549,74.79100000000001 34.550999999999995,74.789 34.550999999999995,74.789 34.549))",Indian dam anchor + synthetic dam-break scenario,SYNTHETIC_PROTOTYPE
IN-B044-003,D044,Kishanganga,R044,Kishanganga,Jammu and Kashmir,Bandipora,34.55,74.79,EPSG:4326,Structural Failure,Sudden,Central dam section,20.52,31.36,167785529.36,5.04,16.48,19.12,0.63,116.21,0.0433,2026-08-04 06:00:00,47345.88,80.19,164233309.64,83.45,37,61979530.67,9.8,Extreme,Structural Failure,"POLYGON((74.789 34.549,74.79100000000001 34.549,74.79100000000001 34.550999999999995,74.789 34.550999999999995,74.789 34.549))",Indian dam anchor + synthetic dam-break scenario,SYNTHETIC_PROTOTYPE
IN-B044-004,D044,Kishanganga,R044,Kishanganga,Jammu and Kashmir,Bandipora,34.55,74.79,EPSG:4326,Overtopping,Progressive,Central dam section,11.64,29.52,259077889.46,10.07,25.36,10.6,1.95,100.46,0.1003,2026-08-05 06:00:00,131662.19,67.28,169023737.08,383.69,37,30517036.66,36.2,Low,Heavy Rainfall,"POLYGON((74.789 34.549,74.79100000000001 34.549,74.79100000000001 34.550999999999995,74.789 34.550999999999995,74.789 34.549))",Indian dam anchor + synthetic dam-break scenario,SYNTHETIC_PROTOTYPE
IN-B044-005,D044,Kishanganga,R044,Kishanganga,Jammu and Kashmir,Bandipora,34.55,74.79,EPSG:4326,Piping,Sudden,Central dam section,22.77,32.07,81086212.26,6.26,14.23,10.39,1.96,144.71,0.0433,2026-08-06 06:00:00,27523.08,63.24,53995326.37,299.26,37,3963762.12,21.6,Medium,Overtopping,"POLYGON((74.789 34.549,74.79100000000001 34.549,74.79100000000001 34.550999999999995,74.789 34.550999999999995,74.789 34.549))",Indian dam anchor + synthetic dam-break scenario,SYNTHETIC_PROTOTYPE
IN-B044-006,D044,Kishanganga,R044,Kishanganga,Jammu and Kashmir,Bandipora,34.55,74.79,EPSG:4326,Structural Failure,Progressive,Central dam section,19.53,32.04,225077642.04,9.12,17.47,20.91,0.56,161.42,0.0565,2026-08-07 06:00:00,64454.45,134.08,168669340.86,99.93,37,66912080.5,19.6,High,Foundation Failure,"POLYGON((74.789 34.549,74.79100000000001 34.549,74.79100000000001 34.550999999999995,74.789 34.550999999999995,74.789 34.549))",Indian dam anchor + synthetic dam-break scenario,SYNTHETIC_PROTOTYPE
IN-B044-007,D044,Kishanganga,R044,Kishanganga,Jammu and Kashmir,Bandipora,34.55,74.79,EPSG:4326,Overtopping,Sudden,Central dam section,16.22,33.42,475587887.9,8.51,20.78,26.49,1.8,90.13,0.0944,2026-08-08 06:00:00,160480.29,60.75,312417885.98,263.84,37,34798724.24,32.8,Extreme,Structural Failure,"POLYGON((74.789 34.549,74.79100000000001 34.549,74.79100000000001 34.550999999999995,74.789 34.550999999999995,74.789 34.549))",Indian dam anchor + synthetic dam-break scenario,SYNTHETIC_PROTOTYPE
IN-B044-008,D044,Kishanganga,R044,Kishanganga,Jammu and Kashmir,Bandipora,34.55,74.79,EPSG:4326,Piping,Progressive,Central dam section,13.77,19.98,182646054.28,12.11,23.23,19.47,1.66,42.82,0.2827,2026-08-09 06:00:00,162568.21,35.51,158131124.26,21.65,37,71886524.28,29.0,Low,Heavy Rainfall,"POLYGON((74.789 34.549,74.79100000000001 34.549,74.79100000000001 34.550999999999995,74.789 34.550999999999995,74.789 34.549))",Indian dam anchor + synthetic dam-break scenario,SYNTHETIC_PROTOTYPE
IN-B044-009,D044,Kishanganga,R044,Kishanganga,Jammu and Kashmir,Bandipora,34.55,74.79,EPSG:4326,Structural Failure,Sudden,Central dam section,29.54,24.03,83662223.43,15.71,7.46,25.96,1.26,121.88,0.1289,2026-08-10 06:00:00,25969.59,68.55,55087909.51,398.11,37,31731590.5,40.7,Medium,Overtopping,"POLYGON((74.789 34.549,74.79100000000001 34.549,74.79100000000001 34.550999999999995,74.789 34.550999999999995,74.789 34.549))",Indian dam anchor + synthetic dam-break scenario,SYNTHETIC_PROTOTYPE
IN-B044-010,D044,Kishanganga,R044,Kishanganga,Jammu and Kashmir,Bandipora,34.55,74.79,EPSG:4326,Overtopping,Progressive,Central dam section,22.17,30.49,48006954.79,10.1,14.83,18.8,0.98,177.77,0.0568,2026-08-11 06:00:00,13632.75,111.22,38151094.57,434.74,37,17354242.68,9.6,High,Foundation Failure,"POLYGON((74.789 34.549,74.79100000000001 34.549,74.79100000000001 34.550999999999995,74.789 34.550999999999995,74.789 34.549))",Indian dam anchor + synthetic dam-break scenario,SYNTHETIC_PROTOTYPE
IN-B044-011,D044,Kishanganga,R044,Kishanganga,Jammu and Kashmir,Bandipora,34.55,74.79,EPSG:4326,Piping,Sudden,Central dam section,27.27,30.26,340098137.71,4.06,9.73,7.55,0.79,119.49,0.034,2026-08-12 06:00:00,127447.74,96.27,269267074.68,285.36,37,21269233.18,35.1,Extreme,Structural Failure,"POLYGON((74.789 34.549,74.79100000000001 34.549,74.79100000000001 34.550999999999995,74.789 34.550999999999995,74.789 34.549))",Indian dam anchor + synthetic dam-break scenario,SYNTHETIC_PROTOTYPE
IN-B044-012,D044,Kishanganga,R044,Kishanganga,Jammu and Kashmir,Bandipora,34.55,74.79,EPSG:4326,Structural Failure,Progressive,Central dam section,20.66,30.41,218838697.49,4.62,16.34,14.69,1.58,151.93,0.0304,2026-08-13 06:00:00,64939.17,82.97,213782688.07,316.07,37,44359031.36,21.6,Low,Heavy Rainfall,"POLYGON((74.789 34.549,74.79100000000001 34.549,74.79100000000001 34.550999999999995,74.789 34.550999999999995,74.789 34.549))",Indian dam anchor + synthetic dam-break scenario,SYNTHETIC_PROTOTYPE
IN-B044-013,D044,Kishanganga,R044,Kishanganga,Jammu and Kashmir,Bandipora,34.55,74.79,EPSG:4326,Overtopping,Sudden,Central dam section,27.88,22.99,136259773.52,12.39,9.12,15.96,1.05,59.76,0.2073,2026-08-14 06:00:00,80478.74,25.45,106245055.32,69.75,37,30404374.16,35.7,Medium,Overtopping,"POLYGON((74.789 34.549,74.79100000000001 34.549,74.79100000000001 34.550999999999995,74.789 34.550999999999995,74.789 34.549))",Indian dam anchor + synthetic dam-break scenario,SYNTHETIC_PROTOTYPE
IN-B044-014,D044,Kishanganga,R044,Kishanganga,Jammu and Kashmir,Bandipora,34.55,74.79,EPSG:4326,Piping,Progressive,Central dam section,22.57,21.0,213369410.25,6.63,14.43,14.49,1.82,116.51,0.0569,2026-08-15 06:00:00,77758.97,86.67,170791517.69,309.91,37,39571318.53,26.0,High,Foundation Failure,"POLYGON((74.789 34.549,74.79100000000001 34.549,74.79100000000001 34.550999999999995,74.789 34.550999999999995,74.789 34.549))",Indian dam anchor + synthetic dam-break scenario,SYNTHETIC_PROTOTYPE
IN-B045-001,D045,Ranjit Sagar,R045,Ravi,Punjab,Pathankot,32.43,75.65,EPSG:4326,Piping,Sudden,Central dam section,119.96,154.49,492310960.72,32.5,40.04,63.97,0.89,147.15,0.2209,2026-08-02 06:00:00,168509.01,83.13,330400827.76,454.3,160,71677636.21,22.6,High,Foundation Failure,"POLYGON((75.649 32.429,75.65100000000001 32.429,75.65100000000001 32.431,75.649 32.431,75.649 32.429))",Indian dam anchor + synthetic dam-break scenario,SYNTHETIC_PROTOTYPE
IN-B045-002,D045,Ranjit Sagar,R045,Ravi,Punjab,Pathankot,32.43,75.65,EPSG:4326,Structural Failure,Progressive,Central dam section,67.35,153.14,334590694.28,48.85,92.65,55.68,0.72,30.17,1.6193,2026-08-03 06:00:00,502213.99,19.53,245332908.31,416.68,160,8368819.44,22.1,Extreme,Structural Failure,"POLYGON((75.649 32.429,75.65100000000001 32.429,75.65100000000001 32.431,75.649 32.431,75.649 32.429))",Indian dam anchor + synthetic dam-break scenario,SYNTHETIC_PROTOTYPE
IN-B045-003,D045,Ranjit Sagar,R045,Ravi,Punjab,Pathankot,32.43,75.65,EPSG:4326,Overtopping,Sudden,Central dam section,77.06,142.46,43744528.68,67.36,82.94,120.59,0.82,134.13,0.5022,2026-08-04 06:00:00,13140.67,106.65,34288586.52,259.44,160,68850091.25,7.4,Low,Heavy Rainfall,"POLYGON((75.649 32.429,75.65100000000001 32.429,75.65100000000001 32.431,75.649 32.431,75.649 32.429))",Indian dam anchor + synthetic dam-break scenario,SYNTHETIC_PROTOTYPE
IN-B045-004,D045,Ranjit Sagar,R045,Ravi,Punjab,Pathankot,32.43,75.65,EPSG:4326,Piping,Progressive,Central dam section,80.96,155.8,214699480.43,71.47,79.04,41.78,0.97,34.88,2.0491,2026-08-05 06:00:00,215704.81,15.96,203462326.41,430.58,160,20263247.57,44.3,Medium,Overtopping,"POLYGON((75.649 32.429,75.65100000000001 32.429,75.65100000000001 32.431,75.649 32.431,75.649 32.429))",Indian dam anchor + synthetic dam-break scenario,SYNTHETIC_PROTOTYPE
IN-B045-005,D045,Ranjit Sagar,R045,Ravi,Punjab,Pathankot,32.43,75.65,EPSG:4326,Structural Failure,Sudden,Central dam section,119.91,147.0,231403046.51,32.42,40.09,46.96,0.56,17.75,1.8264,2026-08-06 06:00:00,624748.03,13.58,206177220.24,147.39,160,28405670.96,38.0,High,Foundation Failure,"POLYGON((75.649 32.429,75.65100000000001 32.429,75.65100000000001 32.431,75.649 32.431,75.649 32.429))",Indian dam anchor + synthetic dam-break scenario,SYNTHETIC_PROTOTYPE
IN-B045-006,D045,Ranjit Sagar,R045,Ravi,Punjab,Pathankot,32.43,75.65,EPSG:4326,Overtopping,Progressive,Central dam section,102.35,151.97,81029320.6,36.55,57.65,45.07,1.86,52.62,0.6946,2026-08-07 06:00:00,87247.53,41.36,63190872.71,330.91,160,74239306.21,11.7,Extreme,Structural Failure,"POLYGON((75.649 32.429,75.65100000000001 32.429,75.65100000000001 32.431,75.649 32.431,75.649 32.429))",Indian dam anchor + synthetic dam-break scenario,SYNTHETIC_PROTOTYPE
IN-B045-007,D045,Ranjit Sagar,R045,Ravi,Punjab,Pathankot,32.43,75.65,EPSG:4326,Piping,Sudden,Central dam section,123.28,155.98,366054657.58,47.78,36.72,104.8,1.44,105.25,0.454,2026-08-08 06:00:00,124310.35,85.36,274717885.82,437.85,160,24719181.17,30.1,Low,Heavy Rainfall,"POLYGON((75.649 32.429,75.65100000000001 32.429,75.65100000000001 32.431,75.649 32.431,75.649 32.429))",Indian dam anchor + synthetic dam-break scenario,SYNTHETIC_PROTOTYPE
IN-B045-008,D045,Ranjit Sagar,R045,Ravi,Punjab,Pathankot,32.43,75.65,EPSG:4326,Structural Failure,Progressive,Central dam section,72.94,151.86,35624352.12,31.54,87.06,125.2,1.32,167.59,0.1882,2026-08-09 06:00:00,12069.15,76.2,33042950.6,361.01,160,1777261.36,28.7,Medium,Overtopping,"POLYGON((75.649 32.429,75.65100000000001 32.429,75.65100000000001 32.431,75.649 32.431,75.649 32.429))",Indian dam anchor + synthetic dam-break scenario,SYNTHETIC_PROTOTYPE
IN-B045-009,D045,Ranjit Sagar,R045,Ravi,Punjab,Pathankot,32.43,75.65,EPSG:4326,Overtopping,Sudden,Central dam section,69.16,149.04,415195600.68,18.57,90.84,62.27,1.47,155.46,0.1195,2026-08-10 06:00:00,131267.13,126.46,305354483.81,155.62,160,4854827.0,35.4,High,Foundation Failure,"POLYGON((75.649 32.429,75.65100000000001 32.429,75.65100000000001 32.431,75.649 32.431,75.649 32.429))",Indian dam anchor + synthetic dam-break scenario,SYNTHETIC_PROTOTYPE
IN-B045-010,D045,Ranjit Sagar,R045,Ravi,Punjab,Pathankot,32.43,75.65,EPSG:4326,Piping,Progressive,Central dam section,78.92,150.84,132048003.16,35.51,81.08,91.48,1.68,41.04,0.8652,2026-08-11 06:00:00,105436.8,34.3,110601806.65,170.38,160,12219466.73,33.4,Extreme,Structural Failure,"POLYGON((75.649 32.429,75.65100000000001 32.429,75.65100000000001 32.431,75.649 32.431,75.649 32.429))",Indian dam anchor + synthetic dam-break scenario,SYNTHETIC_PROTOTYPE
IN-B045-011,D045,Ranjit Sagar,R045,Ravi,Punjab,Pathankot,32.43,75.65,EPSG:4326,Structural Failure,Sudden,Central dam section,104.28,147.23,79550032.07,56.72,55.72,80.95,1.44,44.69,1.2692,2026-08-12 06:00:00,85382.69,36.86,71012611.85,493.39,160,36200315.74,34.3,Low,Heavy Rainfall,"POLYGON((75.649 32.429,75.65100000000001 32.429,75.65100000000001 32.431,75.649 32.431,75.649 32.429))",Indian dam anchor + synthetic dam-break scenario,SYNTHETIC_PROTOTYPE
IN-B045-012,D045,Ranjit Sagar,R045,Ravi,Punjab,Pathankot,32.43,75.65,EPSG:4326,Overtopping,Progressive,Central dam section,70.16,142.87,296424926.16,19.91,89.84,126.62,0.94,174.69,0.114,2026-08-13 06:00:00,87134.57,118.61,237240787.23,329.49,160,71779514.88,37.6,Medium,Overtopping,"POLYGON((75.649 32.429,75.65100000000001 32.429,75.65100000000001 32.431,75.649 32.431,75.649 32.429))",Indian dam anchor + synthetic dam-break scenario,SYNTHETIC_PROTOTYPE
IN-B045-013,D045,Ranjit Sagar,R045,Ravi,Punjab,Pathankot,32.43,75.65,EPSG:4326,Piping,Sudden,Central dam section,119.51,147.11,142890052.33,51.48,40.49,84.35,1.41,23.72,2.1705,2026-08-14 06:00:00,284027.95,18.81,112732754.69,130.48,160,70978401.85,31.4,High,Foundation Failure,"POLYGON((75.649 32.429,75.65100000000001 32.429,75.65100000000001 32.431,75.649 32.431,75.649 32.429))",Indian dam anchor + synthetic dam-break scenario,SYNTHETIC_PROTOTYPE
IN-B045-014,D045,Ranjit Sagar,R045,Ravi,Punjab,Pathankot,32.43,75.65,EPSG:4326,Structural Failure,Progressive,Central dam section,127.9,143.5,398184790.92,51.82,32.1,96.63,1.28,34.55,1.4998,2026-08-15 06:00:00,487335.6,29.98,315632037.85,187.4,160,35144705.96,16.4,Extreme,Structural Failure,"POLYGON((75.649 32.429,75.65100000000001 32.429,75.65100000000001 32.431,75.649 32.431,75.649 32.429))",Indian dam anchor + synthetic dam-break scenario,SYNTHETIC_PROTOTYPE
IN-B046-001,D046,Doyang,R046,Doyang,Nagaland,Wokha,26.12,94.18,EPSG:4326,Structural Failure,Sudden,Central dam section,71.21,79.16,107943096.74,34.13,20.79,67.45,1.84,92.74,0.368,2026-08-02 06:00:00,61659.29,53.32,87957394.62,252.35,92,38409852.23,45.2,Extreme,Structural Failure,"POLYGON((94.179 26.119,94.18100000000001 26.119,94.18100000000001 26.121000000000002,94.179 26.121000000000002,94.179 26.119))",Indian dam anchor + synthetic dam-break scenario,SYNTHETIC_PROTOTYPE
IN-B046-002,D046,Doyang,R046,Doyang,Nagaland,Wokha,26.12,94.18,EPSG:4326,Overtopping,Progressive,Central dam section,28.96,84.39,349480246.07,35.72,63.04,64.06,0.94,87.21,0.4096,2026-08-03 06:00:00,195716.24,55.03,245718784.08,436.52,92,35041415.9,40.1,Low,Heavy Rainfall,"POLYGON((94.179 26.119,94.18100000000001 26.119,94.18100000000001 26.121000000000002,94.179 26.121000000000002,94.179 26.119))",Indian dam anchor + synthetic dam-break scenario,SYNTHETIC_PROTOTYPE
IN-B046-003,D046,Doyang,R046,Doyang,Nagaland,Wokha,26.12,94.18,EPSG:4326,Piping,Sudden,Central dam section,77.27,81.4,233267067.44,39.0,14.73,54.99,1.05,50.94,0.7655,2026-08-04 06:00:00,242032.88,38.62,226745501.71,359.32,92,45607276.31,47.9,Medium,Overtopping,"POLYGON((94.179 26.119,94.18100000000001 26.119,94.18100000000001 26.121000000000002,94.179 26.121000000000002,94.179 26.119))",Indian dam anchor + synthetic dam-break scenario,SYNTHETIC_PROTOTYPE
IN-B046-004,D046,Doyang,R046,Doyang,Nagaland,Wokha,26.12,94.18,EPSG:4326,Structural Failure,Progressive,Central dam section,66.3,86.91,144872635.5,12.58,25.7,36.89,0.71,40.73,0.309,2026-08-05 06:00:00,117474.23,17.77,126249193.41,366.65,92,46294329.08,43.4,High,Foundation Failure,"POLYGON((94.179 26.119,94.18100000000001 26.119,94.18100000000001 26.121000000000002,94.179 26.121000000000002,94.179 26.119))",Indian dam anchor + synthetic dam-break scenario,SYNTHETIC_PROTOTYPE
IN-B046-005,D046,Doyang,R046,Doyang,Nagaland,Wokha,26.12,94.18,EPSG:4326,Overtopping,Sudden,Central dam section,72.14,86.89,384671569.51,22.38,19.86,33.92,1.01,37.77,0.5924,2026-08-06 06:00:00,297153.41,17.82,337603328.02,98.77,92,62591795.47,28.4,Extreme,Structural Failure,"POLYGON((94.179 26.119,94.18100000000001 26.119,94.18100000000001 26.121000000000002,94.179 26.121000000000002,94.179 26.119))",Indian dam anchor + synthetic dam-break scenario,SYNTHETIC_PROTOTYPE
IN-B046-006,D046,Doyang,R046,Doyang,Nagaland,Wokha,26.12,94.18,EPSG:4326,Piping,Progressive,Central dam section,35.19,76.76,325422396.28,35.74,56.81,19.95,1.72,94.27,0.3791,2026-08-07 06:00:00,184325.84,41.39,266054157.12,29.14,92,70860310.0,23.1,Low,Heavy Rainfall,"POLYGON((94.179 26.119,94.18100000000001 26.119,94.18100000000001 26.121000000000002,94.179 26.121000000000002,94.179 26.119))",Indian dam anchor + synthetic dam-break scenario,SYNTHETIC_PROTOTYPE
IN-B046-007,D046,Doyang,R046,Doyang,Nagaland,Wokha,26.12,94.18,EPSG:4326,Structural Failure,Sudden,Central dam section,66.73,74.1,67370743.2,21.18,25.27,72.4,0.51,65.22,0.3248,2026-08-08 06:00:00,31997.08,29.28,53714410.05,17.93,92,12493787.3,18.0,Medium,Overtopping,"POLYGON((94.179 26.119,94.18100000000001 26.119,94.18100000000001 26.121000000000002,94.179 26.121000000000002,94.179 26.119))",Indian dam anchor + synthetic dam-break scenario,SYNTHETIC_PROTOTYPE
IN-B046-008,D046,Doyang,R046,Doyang,Nagaland,Wokha,26.12,94.18,EPSG:4326,Overtopping,Progressive,Central dam section,30.71,82.99,46875801.69,38.04,61.29,40.87,1.08,70.26,0.5414,2026-08-09 06:00:00,18083.6,43.32,34687273.77,303.97,92,12631905.7,19.9,High,Foundation Failure,"POLYGON((94.179 26.119,94.18100000000001 26.119,94.18100000000001 26.121000000000002,94.179 26.121000000000002,94.179 26.119))",Indian dam anchor + synthetic dam-break scenario,SYNTHETIC_PROTOTYPE
IN-B046-009,D046,Doyang,R046,Doyang,Nagaland,Wokha,26.12,94.18,EPSG:4326,Piping,Sudden,Central dam section,40.53,80.93,152781630.65,15.72,51.47,61.11,1.55,108.53,0.1448,2026-08-10 06:00:00,68547.75,68.8,108177083.07,179.81,92,79068875.47,26.8,Extreme,Structural Failure,"POLYGON((94.179 26.119,94.18100000000001 26.119,94.18100000000001 26.121000000000002,94.179 26.121000000000002,94.179 26.119))",Indian dam anchor + synthetic dam-break scenario,SYNTHETIC_PROTOTYPE
IN-B046-010,D046,Doyang,R046,Doyang,Nagaland,Wokha,26.12,94.18,EPSG:4326,Structural Failure,Progressive,Central dam section,53.82,81.25,315788257.1,36.99,38.18,63.48,0.93,54.62,0.6772,2026-08-11 06:00:00,228665.28,44.9,244505554.58,72.27,92,45186868.41,43.4,Low,Heavy Rainfall,"POLYGON((94.179 26.119,94.18100000000001 26.119,94.18100000000001 26.121000000000002,94.179 26.121000000000002,94.179 26.119))",Indian dam anchor + synthetic dam-break scenario,SYNTHETIC_PROTOTYPE
IN-B046-011,D046,Doyang,R046,Doyang,Nagaland,Wokha,26.12,94.18,EPSG:4326,Overtopping,Sudden,Central dam section,49.6,87.36,272855962.88,39.41,42.4,19.18,1.25,56.48,0.6977,2026-08-12 06:00:00,252042.15,33.43,250049437.77,171.76,92,49668665.38,43.9,Medium,Overtopping,"POLYGON((94.179 26.119,94.18100000000001 26.119,94.18100000000001 26.121000000000002,94.179 26.121000000000002,94.179 26.119))",Indian dam anchor + synthetic dam-break scenario,SYNTHETIC_PROTOTYPE
IN-B046-012,D046,Doyang,R046,Doyang,Nagaland,Wokha,26.12,94.18,EPSG:4326,Piping,Progressive,Central dam section,61.44,79.85,233402500.57,36.79,30.56,33.66,1.48,103.9,0.3541,2026-08-13 06:00:00,61706.17,47.42,205078860.14,210.09,92,26068434.68,25.2,High,Foundation Failure,"POLYGON((94.179 26.119,94.18100000000001 26.119,94.18100000000001 26.121000000000002,94.179 26.121000000000002,94.179 26.119))",Indian dam anchor + synthetic dam-break scenario,SYNTHETIC_PROTOTYPE
IN-B046-013,D046,Doyang,R046,Doyang,Nagaland,Wokha,26.12,94.18,EPSG:4326,Structural Failure,Sudden,Central dam section,76.05,75.61,137455281.99,37.64,15.95,31.61,0.78,161.59,0.233,2026-08-14 06:00:00,49553.87,119.77,105684824.3,332.75,92,64492954.33,43.7,Extreme,Structural Failure,"POLYGON((94.179 26.119,94.18100000000001 26.119,94.18100000000001 26.121000000000002,94.179 26.121000000000002,94.179 26.119))",Indian dam anchor + synthetic dam-break scenario,SYNTHETIC_PROTOTYPE
IN-B046-014,D046,Doyang,R046,Doyang,Nagaland,Wokha,26.12,94.18,EPSG:4326,Overtopping,Progressive,Central dam section,48.14,79.36,44915679.87,8.25,43.86,61.69,0.89,129.55,0.0637,2026-08-15 06:00:00,9120.0,114.7,37243985.61,303.12,92,50669525.24,20.7,Low,Heavy Rainfall,"POLYGON((94.179 26.119,94.18100000000001 26.119,94.18100000000001 26.121000000000002,94.179 26.121000000000002,94.179 26.119))",Indian dam anchor + synthetic dam-break scenario,SYNTHETIC_PROTOTYPE
IN-B047-001,D047,Tuirial,R047,Tuirial,Mizoram,Kolasib,23.75,92.77,EPSG:4326,Overtopping,Sudden,Central dam section,35.47,57.05,170029574.81,29.3,38.53,48.37,1.93,26.49,1.1061,2026-08-02 06:00:00,177565.51,12.73,137256439.74,126.17,74,73160888.24,6.5,Low,Heavy Rainfall,"POLYGON((92.76899999999999 23.749,92.771 23.749,92.771 23.751,92.76899999999999 23.751,92.76899999999999 23.749))",Indian dam anchor + synthetic dam-break scenario,SYNTHETIC_PROTOTYPE
IN-B047-002,D047,Tuirial,R047,Tuirial,Mizoram,Kolasib,23.75,92.77,EPSG:4326,Piping,Progressive,Central dam section,58.96,59.15,155437873.79,14.08,15.04,55.77,0.8,146.05,0.0964,2026-08-03 06:00:00,59919.07,88.64,136690146.01,90.49,74,56101403.17,46.8,Medium,Overtopping,"POLYGON((92.76899999999999 23.749,92.771 23.749,92.771 23.751,92.76899999999999 23.751,92.76899999999999 23.749))",Indian dam anchor + synthetic dam-break scenario,SYNTHETIC_PROTOTYPE
IN-B047-003,D047,Tuirial,R047,Tuirial,Mizoram,Kolasib,23.75,92.77,EPSG:4326,Structural Failure,Sudden,Central dam section,26.95,66.32,84279821.87,12.09,47.05,32.6,1.1,144.64,0.0836,2026-08-04 06:00:00,25125.44,88.22,81157363.01,162.36,74,10120010.93,36.4,High,Foundation Failure,"POLYGON((92.76899999999999 23.749,92.771 23.749,92.771 23.751,92.76899999999999 23.751,92.76899999999999 23.749))",Indian dam anchor + synthetic dam-break scenario,SYNTHETIC_PROTOTYPE
IN-B047-004,D047,Tuirial,R047,Tuirial,Mizoram,Kolasib,23.75,92.77,EPSG:4326,Overtopping,Progressive,Central dam section,29.6,64.94,30039042.34,21.16,44.4,18.06,1.71,46.74,0.4527,2026-08-05 06:00:00,26614.46,34.57,20617643.58,158.84,74,21504681.0,17.5,Extreme,Structural Failure,"POLYGON((92.76899999999999 23.749,92.771 23.749,92.771 23.751,92.76899999999999 23.751,92.76899999999999 23.749))",Indian dam anchor + synthetic dam-break scenario,SYNTHETIC_PROTOTYPE
IN-B047-005,D047,Tuirial,R047,Tuirial,Mizoram,Kolasib,23.75,92.77,EPSG:4326,Piping,Sudden,Central dam section,46.06,65.17,119113440.23,17.46,27.94,28.7,1.17,82.02,0.2128,2026-08-06 06:00:00,42257.7,45.46,81220795.86,94.23,74,37216973.34,13.7,Low,Heavy Rainfall,"POLYGON((92.76899999999999 23.749,92.771 23.749,92.771 23.751,92.76899999999999 23.751,92.76899999999999 23.749))",Indian dam anchor + synthetic dam-break scenario,SYNTHETIC_PROTOTYPE
IN-B047-006,D047,Tuirial,R047,Tuirial,Mizoram,Kolasib,23.75,92.77,EPSG:4326,Structural Failure,Progressive,Central dam section,34.58,65.12,168641128.03,24.43,39.42,56.27,1.44,30.51,0.8007,2026-08-07 06:00:00,178905.17,20.98,118671484.21,362.54,74,37039833.3,30.4,Medium,Overtopping,"POLYGON((92.76899999999999 23.749,92.771 23.749,92.771 23.751,92.76899999999999 23.751,92.76899999999999 23.749))",Indian dam anchor + synthetic dam-break scenario,SYNTHETIC_PROTOTYPE
IN-B047-007,D047,Tuirial,R047,Tuirial,Mizoram,Kolasib,23.75,92.77,EPSG:4326,Overtopping,Sudden,Central dam section,35.91,66.47,377679517.53,10.12,38.09,46.08,1.13,123.31,0.0821,2026-08-08 06:00:00,168345.01,77.79,305117704.47,377.13,74,15875255.99,43.7,High,Foundation Failure,"POLYGON((92.76899999999999 23.749,92.771 23.749,92.771 23.751,92.76899999999999 23.751,92.76899999999999 23.749))",Indian dam anchor + synthetic dam-break scenario,SYNTHETIC_PROTOTYPE
IN-B047-008,D047,Tuirial,R047,Tuirial,Mizoram,Kolasib,23.75,92.77,EPSG:4326,Piping,Progressive,Central dam section,33.02,56.84,406828892.61,9.58,40.98,46.15,1.87,69.69,0.1375,2026-08-09 06:00:00,327699.64,39.76,321558137.46,18.52,74,16525144.98,33.0,Extreme,Structural Failure,"POLYGON((92.76899999999999 23.749,92.771 23.749,92.771 23.751,92.76899999999999 23.751,92.76899999999999 23.749))",Indian dam anchor + synthetic dam-break scenario,SYNTHETIC_PROTOTYPE
IN-B047-009,D047,Tuirial,R047,Tuirial,Mizoram,Kolasib,23.75,92.77,EPSG:4326,Structural Failure,Sudden,Central dam section,34.52,70.59,169986380.06,31.39,39.48,43.24,1.0,108.69,0.2888,2026-08-10 06:00:00,48514.93,72.47,147358349.69,280.4,74,18836540.78,21.1,Low,Heavy Rainfall,"POLYGON((92.76899999999999 23.749,92.771 23.749,92.771 23.751,92.76899999999999 23.751,92.76899999999999 23.749))",Indian dam anchor + synthetic dam-break scenario,SYNTHETIC_PROTOTYPE
IN-B047-010,D047,Tuirial,R047,Tuirial,Mizoram,Kolasib,23.75,92.77,EPSG:4326,Overtopping,Progressive,Central dam section,43.21,56.76,359202123.41,20.38,30.79,39.7,1.32,135.9,0.15,2026-08-11 06:00:00,98911.67,107.72,299819300.49,196.36,74,3226595.76,23.6,Medium,Overtopping,"POLYGON((92.76899999999999 23.749,92.771 23.749,92.771 23.751,92.76899999999999 23.751,92.76899999999999 23.749))",Indian dam anchor + synthetic dam-break scenario,SYNTHETIC_PROTOTYPE
IN-B047-011,D047,Tuirial,R047,Tuirial,Mizoram,Kolasib,23.75,92.77,EPSG:4326,Piping,Sudden,Central dam section,25.37,57.1,491741635.17,17.34,48.63,45.69,0.8,128.49,0.135,2026-08-12 06:00:00,206360.53,54.98,346909884.8,46.82,74,72041506.05,28.2,High,Foundation Failure,"POLYGON((92.76899999999999 23.749,92.771 23.749,92.771 23.751,92.76899999999999 23.751,92.76899999999999 23.749))",Indian dam anchor + synthetic dam-break scenario,SYNTHETIC_PROTOTYPE
IN-B047-012,D047,Tuirial,R047,Tuirial,Mizoram,Kolasib,23.75,92.77,EPSG:4326,Structural Failure,Progressive,Central dam section,36.23,69.66,138242979.68,31.89,37.77,31.03,1.29,72.45,0.4402,2026-08-13 06:00:00,69503.15,55.05,113985389.24,173.22,74,14843825.63,36.2,Extreme,Structural Failure,"POLYGON((92.76899999999999 23.749,92.771 23.749,92.771 23.751,92.76899999999999 23.751,92.76899999999999 23.749))",Indian dam anchor + synthetic dam-break scenario,SYNTHETIC_PROTOTYPE
IN-B047-013,D047,Tuirial,R047,Tuirial,Mizoram,Kolasib,23.75,92.77,EPSG:4326,Overtopping,Sudden,Central dam section,59.35,67.65,203765474.4,26.42,14.65,57.94,1.03,44.09,0.5991,2026-08-14 06:00:00,253451.49,21.32,196149741.37,140.43,74,29452558.0,10.0,Low,Heavy Rainfall,"POLYGON((92.76899999999999 23.749,92.771 23.749,92.771 23.751,92.76899999999999 23.751,92.76899999999999 23.749))",Indian dam anchor + synthetic dam-break scenario,SYNTHETIC_PROTOTYPE
IN-B047-014,D047,Tuirial,R047,Tuirial,Mizoram,Kolasib,23.75,92.77,EPSG:4326,Piping,Progressive,Central dam section,62.11,63.11,295254350.31,30.25,11.89,44.38,1.72,142.02,0.213,2026-08-15 06:00:00,62433.7,78.42,207699849.86,21.05,74,63059786.72,12.8,Medium,Overtopping,"POLYGON((92.76899999999999 23.749,92.771 23.749,92.771 23.751,92.76899999999999 23.751,92.76899999999999 23.749))",Indian dam anchor + synthetic dam-break scenario,SYNTHETIC_PROTOTYPE
IN-B048-001,D048,Gumti,R048,Gumti,Tripura,Gomati,23.55,91.58,EPSG:4326,Piping,Sudden,Central dam section,22.84,18.17,290773940.34,10.73,7.16,20.62,1.04,71.65,0.1497,2026-08-02 06:00:00,181436.03,49.1,203904421.95,29.37,30,47545615.54,27.1,Medium,Overtopping,"POLYGON((91.579 23.549,91.581 23.549,91.581 23.551000000000002,91.579 23.551000000000002,91.579 23.549))",Indian dam anchor + synthetic dam-break scenario,SYNTHETIC_PROTOTYPE
IN-B048-002,D048,Gumti,R048,Gumti,Tripura,Gomati,23.55,91.58,EPSG:4326,Structural Failure,Progressive,Central dam section,9.02,23.04,118092593.55,9.41,20.98,16.09,1.15,142.95,0.0658,2026-08-03 06:00:00,22822.76,120.16,78584159.75,343.37,30,17411346.58,27.6,High,Foundation Failure,"POLYGON((91.579 23.549,91.581 23.549,91.581 23.551000000000002,91.579 23.551000000000002,91.579 23.549))",Indian dam anchor + synthetic dam-break scenario,SYNTHETIC_PROTOTYPE
IN-B048-003,D048,Gumti,R048,Gumti,Tripura,Gomati,23.55,91.58,EPSG:4326,Overtopping,Sudden,Central dam section,12.56,14.83,48739534.82,5.67,17.44,7.89,1.52,73.25,0.0774,2026-08-04 06:00:00,30881.11,34.28,46228661.79,327.25,30,62455430.06,14.6,Extreme,Structural Failure,"POLYGON((91.579 23.549,91.581 23.549,91.581 23.551000000000002,91.579 23.551000000000002,91.579 23.549))",Indian dam anchor + synthetic dam-break scenario,SYNTHETIC_PROTOTYPE
IN-B048-004,D048,Gumti,R048,Gumti,Tripura,Gomati,23.55,91.58,EPSG:4326,Piping,Progressive,Central dam section,20.12,24.28,291855680.42,5.16,9.88,14.28,0.54,78.25,0.0659,2026-08-05 06:00:00,168385.64,57.01,278911593.3,108.79,30,24927222.34,41.6,Low,Heavy Rainfall,"POLYGON((91.579 23.549,91.581 23.549,91.581 23.551000000000002,91.579 23.551000000000002,91.579 23.549))",Indian dam anchor + synthetic dam-break scenario,SYNTHETIC_PROTOTYPE
IN-B048-005,D048,Gumti,R048,Gumti,Tripura,Gomati,23.55,91.58,EPSG:4326,Structural Failure,Sudden,Central dam section,23.09,16.27,385203666.07,6.64,6.91,18.82,1.21,102.56,0.0647,2026-08-06 06:00:00,206735.29,91.63,258056532.36,203.85,30,79212653.71,45.4,Medium,Overtopping,"POLYGON((91.579 23.549,91.581 23.549,91.581 23.551000000000002,91.579 23.551000000000002,91.579 23.549))",Indian dam anchor + synthetic dam-break scenario,SYNTHETIC_PROTOTYPE
IN-B048-006,D048,Gumti,R048,Gumti,Tripura,Gomati,23.55,91.58,EPSG:4326,Overtopping,Progressive,Central dam section,17.47,21.22,485010922.07,4.0,12.53,21.74,1.72,112.38,0.0356,2026-08-07 06:00:00,141509.49,84.89,348811590.72,377.72,30,67215943.5,29.7,High,Foundation Failure,"POLYGON((91.579 23.549,91.581 23.549,91.581 23.551000000000002,91.579 23.551000000000002,91.579 23.549))",Indian dam anchor + synthetic dam-break scenario,SYNTHETIC_PROTOTYPE
IN-B048-007,D048,Gumti,R048,Gumti,Tripura,Gomati,23.55,91.58,EPSG:4326,Piping,Sudden,Central dam section,16.48,25.55,239026153.44,5.82,13.52,14.31,1.28,84.48,0.0689,2026-08-08 06:00:00,120309.94,44.98,159487635.29,56.97,30,34063964.23,24.4,Extreme,Structural Failure,"POLYGON((91.579 23.549,91.581 23.549,91.581 23.551000000000002,91.579 23.551000000000002,91.579 23.549))",Indian dam anchor + synthetic dam-break scenario,SYNTHETIC_PROTOTYPE
IN-B048-008,D048,Gumti,R048,Gumti,Tripura,Gomati,23.55,91.58,EPSG:4326,Structural Failure,Progressive,Central dam section,12.69,18.1,64608965.96,4.72,17.31,15.94,1.52,53.46,0.0884,2026-08-09 06:00:00,33496.98,27.95,44060690.86,403.44,30,21997925.74,32.9,Low,Heavy Rainfall,"POLYGON((91.579 23.549,91.581 23.549,91.581 23.551000000000002,91.579 23.551000000000002,91.579 23.549))",Indian dam anchor + synthetic dam-break scenario,SYNTHETIC_PROTOTYPE
IN-B048-009,D048,Gumti,R048,Gumti,Tripura,Gomati,23.55,91.58,EPSG:4326,Overtopping,Sudden,Central dam section,22.53,15.24,387520693.82,4.0,7.47,9.43,1.54,27.47,0.1456,2026-08-10 06:00:00,440364.15,16.45,332042381.68,449.49,30,64223439.98,35.6,Medium,Overtopping,"POLYGON((91.579 23.549,91.581 23.549,91.581 23.551000000000002,91.579 23.551000000000002,91.579 23.549))",Indian dam anchor + synthetic dam-break scenario,SYNTHETIC_PROTOTYPE
IN-B048-010,D048,Gumti,R048,Gumti,Tripura,Gomati,23.55,91.58,EPSG:4326,Piping,Progressive,Central dam section,17.33,18.02,244320735.35,9.27,12.67,23.28,0.84,169.5,0.0547,2026-08-11 06:00:00,55734.7,98.74,171518838.46,327.24,30,56240078.92,13.6,High,Foundation Failure,"POLYGON((91.579 23.549,91.581 23.549,91.581 23.551000000000002,91.579 23.551000000000002,91.579 23.549))",Indian dam anchor + synthetic dam-break scenario,SYNTHETIC_PROTOTYPE
IN-B048-011,D048,Gumti,R048,Gumti,Tripura,Gomati,23.55,91.58,EPSG:4326,Structural Failure,Sudden,Central dam section,11.7,22.41,264849046.37,10.27,18.3,6.59,0.79,109.87,0.0935,2026-08-12 06:00:00,85875.77,97.6,173269890.15,301.0,30,9336882.01,43.9,Extreme,Structural Failure,"POLYGON((91.579 23.549,91.581 23.549,91.581 23.551000000000002,91.579 23.551000000000002,91.579 23.549))",Indian dam anchor + synthetic dam-break scenario,SYNTHETIC_PROTOTYPE
IN-B048-012,D048,Gumti,R048,Gumti,Tripura,Gomati,23.55,91.58,EPSG:4326,Overtopping,Progressive,Central dam section,22.31,23.13,86494234.04,6.89,7.69,15.98,1.58,85.25,0.0808,2026-08-13 06:00:00,33862.23,76.66,56278585.07,24.64,30,71177101.26,38.2,Low,Heavy Rainfall,"POLYGON((91.579 23.549,91.581 23.549,91.581 23.551000000000002,91.579 23.551000000000002,91.579 23.549))",Indian dam anchor + synthetic dam-break scenario,SYNTHETIC_PROTOTYPE
IN-B048-013,D048,Gumti,R048,Gumti,Tripura,Gomati,23.55,91.58,EPSG:4326,Piping,Sudden,Central dam section,14.83,19.4,208721293.77,8.57,15.17,6.91,1.8,48.89,0.1752,2026-08-14 06:00:00,189539.5,41.16,186308586.74,408.17,30,49543514.08,28.9,Medium,Overtopping,"POLYGON((91.579 23.549,91.581 23.549,91.581 23.551000000000002,91.579 23.551000000000002,91.579 23.549))",Indian dam anchor + synthetic dam-break scenario,SYNTHETIC_PROTOTYPE
IN-B048-014,D048,Gumti,R048,Gumti,Tripura,Gomati,23.55,91.58,EPSG:4326,Structural Failure,Progressive,Central dam section,20.55,19.95,203531941.87,4.45,9.45,13.85,1.62,24.38,0.1824,2026-08-15 06:00:00,383495.36,12.69,182919116.42,479.46,30,79755558.54,13.6,High,Foundation Failure,"POLYGON((91.579 23.549,91.581 23.549,91.581 23.551000000000002,91.579 23.551000000000002,91.579 23.549))",Indian dam anchor + synthetic dam-break scenario,SYNTHETIC_PROTOTYPE
IN-B049-001,D049,Bansagar,R049,Sone,Madhya Pradesh,Shahdol,24.19,81.29,EPSG:4326,Structural Failure,Sudden,Central dam section,51.79,54.47,320843726.18,30.01,15.21,46.42,1.96,32.85,0.9137,2026-08-02 06:00:00,352752.61,18.54,249174207.02,36.73,67,23498611.53,16.8,High,Foundation Failure,"POLYGON((81.289 24.189,81.29100000000001 24.189,81.29100000000001 24.191000000000003,81.289 24.191000000000003,81.289 24.189))",Indian dam anchor + synthetic dam-break scenario,SYNTHETIC_PROTOTYPE
IN-B049-002,D049,Bansagar,R049,Sone,Madhya Pradesh,Shahdol,24.19,81.29,EPSG:4326,Overtopping,Progressive,Central dam section,27.74,49.83,252605578.08,7.32,39.26,19.95,0.6,56.2,0.1302,2026-08-03 06:00:00,254417.83,35.09,201708257.08,81.61,67,8075830.38,45.9,Extreme,Structural Failure,"POLYGON((81.289 24.189,81.29100000000001 24.189,81.29100000000001 24.191000000000003,81.289 24.191000000000003,81.289 24.189))",Indian dam anchor + synthetic dam-break scenario,SYNTHETIC_PROTOTYPE
IN-B049-003,D049,Bansagar,R049,Sone,Madhya Pradesh,Shahdol,24.19,81.29,EPSG:4326,Piping,Sudden,Central dam section,49.41,56.25,363019354.73,26.52,17.59,29.93,1.74,95.8,0.2768,2026-08-04 06:00:00,201985.96,63.95,348045056.97,155.06,67,20411743.52,34.3,Low,Heavy Rainfall,"POLYGON((81.289 24.189,81.29100000000001 24.189,81.29100000000001 24.191000000000003,81.289 24.191000000000003,81.289 24.189))",Indian dam anchor + synthetic dam-break scenario,SYNTHETIC_PROTOTYPE
IN-B049-004,D049,Bansagar,R049,Sone,Madhya Pradesh,Shahdol,24.19,81.29,EPSG:4326,Structural Failure,Progressive,Central dam section,52.15,61.11,325120238.35,19.79,14.85,46.69,0.71,56.78,0.3486,2026-08-05 06:00:00,332772.18,40.07,232805773.79,478.97,67,22191914.41,32.8,Medium,Overtopping,"POLYGON((81.289 24.189,81.29100000000001 24.189,81.29100000000001 24.191000000000003,81.289 24.191000000000003,81.289 24.189))",Indian dam anchor + synthetic dam-break scenario,SYNTHETIC_PROTOTYPE
IN-B049-005,D049,Bansagar,R049,Sone,Madhya Pradesh,Shahdol,24.19,81.29,EPSG:4326,Overtopping,Sudden,Central dam section,45.54,57.73,113426088.93,6.54,21.46,43.61,1.87,41.99,0.1557,2026-08-06 06:00:00,108279.68,36.44,104822560.73,117.96,67,58249410.66,8.6,High,Foundation Failure,"POLYGON((81.289 24.189,81.29100000000001 24.189,81.29100000000001 24.191000000000003,81.289 24.191000000000003,81.289 24.189))",Indian dam anchor + synthetic dam-break scenario,SYNTHETIC_PROTOTYPE
IN-B049-006,D049,Bansagar,R049,Sone,Madhya Pradesh,Shahdol,24.19,81.29,EPSG:4326,Piping,Progressive,Central dam section,48.22,52.28,40266764.28,22.59,18.78,46.79,2.0,137.12,0.1647,2026-08-07 06:00:00,10261.41,110.99,39339348.27,126.74,67,54460476.28,18.6,Extreme,Structural Failure,"POLYGON((81.289 24.189,81.29100000000001 24.189,81.29100000000001 24.191000000000003,81.289 24.191000000000003,81.289 24.189))",Indian dam anchor + synthetic dam-break scenario,SYNTHETIC_PROTOTYPE
IN-B049-007,D049,Bansagar,R049,Sone,Madhya Pradesh,Shahdol,24.19,81.29,EPSG:4326,Structural Failure,Sudden,Central dam section,35.8,58.48,442844924.62,26.61,31.2,46.21,1.12,79.8,0.3335,2026-08-08 06:00:00,304144.71,68.9,322849410.47,12.43,67,75638591.91,43.8,Low,Heavy Rainfall,"POLYGON((81.289 24.189,81.29100000000001 24.189,81.29100000000001 24.191000000000003,81.289 24.191000000000003,81.289 24.189))",Indian dam anchor + synthetic dam-break scenario,SYNTHETIC_PROTOTYPE
IN-B049-008,D049,Bansagar,R049,Sone,Madhya Pradesh,Shahdol,24.19,81.29,EPSG:4326,Overtopping,Progressive,Central dam section,21.58,63.83,493977239.93,16.08,45.42,14.29,1.9,125.38,0.1282,2026-08-09 06:00:00,142558.68,63.09,387334891.01,28.97,67,16018154.96,17.0,Medium,Overtopping,"POLYGON((81.289 24.189,81.29100000000001 24.189,81.29100000000001 24.191000000000003,81.289 24.191000000000003,81.289 24.189))",Indian dam anchor + synthetic dam-break scenario,SYNTHETIC_PROTOTYPE
IN-B049-009,D049,Bansagar,R049,Sone,Madhya Pradesh,Shahdol,24.19,81.29,EPSG:4326,Piping,Sudden,Central dam section,30.98,55.7,55971670.72,13.34,36.02,33.63,1.38,143.58,0.0929,2026-08-10 06:00:00,11572.8,81.55,48810026.64,153.98,67,45923857.99,36.4,High,Foundation Failure,"POLYGON((81.289 24.189,81.29100000000001 24.189,81.29100000000001 24.191000000000003,81.289 24.191000000000003,81.289 24.189))",Indian dam anchor + synthetic dam-break scenario,SYNTHETIC_PROTOTYPE
IN-B049-010,D049,Bansagar,R049,Sone,Madhya Pradesh,Shahdol,24.19,81.29,EPSG:4326,Structural Failure,Progressive,Central dam section,45.75,59.0,272017348.79,22.22,21.25,36.34,0.97,146.11,0.152,2026-08-11 06:00:00,93957.29,68.31,183275459.68,331.75,67,61108759.8,12.7,Extreme,Structural Failure,"POLYGON((81.289 24.189,81.29100000000001 24.189,81.29100000000001 24.191000000000003,81.289 24.191000000000003,81.289 24.189))",Indian dam anchor + synthetic dam-break scenario,SYNTHETIC_PROTOTYPE
IN-B049-011,D049,Bansagar,R049,Sone,Madhya Pradesh,Shahdol,24.19,81.29,EPSG:4326,Overtopping,Sudden,Central dam section,24.74,54.19,20745749.04,11.8,42.26,31.69,0.69,175.74,0.0672,2026-08-12 06:00:00,5038.48,115.27,19824946.23,466.94,67,34591138.77,30.5,Low,Heavy Rainfall,"POLYGON((81.289 24.189,81.29100000000001 24.189,81.29100000000001 24.191000000000003,81.289 24.191000000000003,81.289 24.189))",Indian dam anchor + synthetic dam-break scenario,SYNTHETIC_PROTOTYPE
IN-B049-012,D049,Bansagar,R049,Sone,Madhya Pradesh,Shahdol,24.19,81.29,EPSG:4326,Piping,Progressive,Central dam section,50.07,50.33,78611871.6,8.23,16.93,20.54,0.58,72.48,0.1135,2026-08-13 06:00:00,49125.18,32.13,66247612.06,465.56,67,17167336.05,17.2,Medium,Overtopping,"POLYGON((81.289 24.189,81.29100000000001 24.189,81.29100000000001 24.191000000000003,81.289 24.191000000000003,81.289 24.189))",Indian dam anchor + synthetic dam-break scenario,SYNTHETIC_PROTOTYPE
IN-B049-013,D049,Bansagar,R049,Sone,Madhya Pradesh,Shahdol,24.19,81.29,EPSG:4326,Structural Failure,Sudden,Central dam section,38.31,50.76,456967160.07,12.92,28.69,48.7,1.02,154.65,0.0835,2026-08-14 06:00:00,152155.71,107.08,330116129.68,428.76,67,14325863.6,20.7,High,Foundation Failure,"POLYGON((81.289 24.189,81.29100000000001 24.189,81.29100000000001 24.191000000000003,81.289 24.191000000000003,81.289 24.189))",Indian dam anchor + synthetic dam-break scenario,SYNTHETIC_PROTOTYPE
IN-B049-014,D049,Bansagar,R049,Sone,Madhya Pradesh,Shahdol,24.19,81.29,EPSG:4326,Overtopping,Progressive,Central dam section,36.29,62.07,240256726.57,6.53,30.71,30.7,1.31,139.84,0.0467,2026-08-15 06:00:00,67417.45,106.87,206275881.63,183.73,67,75599292.96,32.6,Extreme,Structural Failure,"POLYGON((81.289 24.189,81.29100000000001 24.189,81.29100000000001 24.191000000000003,81.289 24.191000000000003,81.289 24.189))",Indian dam anchor + synthetic dam-break scenario,SYNTHETIC_PROTOTYPE
IN-B050-001,D050,Khadakwasla,R050,Mutha,Maharashtra,Pune,18.44,73.76,EPSG:4326,Overtopping,Sudden,Central dam section,16.08,24.38,158160654.16,9.27,14.92,18.75,1.42,162.59,0.057,2026-08-02 06:00:00,39474.63,117.18,148258126.33,46.76,31,70490925.62,35.5,Extreme,Structural Failure,"POLYGON((73.759 18.439,73.76100000000001 18.439,73.76100000000001 18.441000000000003,73.759 18.441000000000003,73.759 18.439))",Indian dam anchor + synthetic dam-break scenario,SYNTHETIC_PROTOTYPE
IN-B050-002,D050,Khadakwasla,R050,Mutha,Maharashtra,Pune,18.44,73.76,EPSG:4326,Piping,Progressive,Central dam section,21.09,21.06,474813901.99,4.0,9.91,19.27,1.64,110.08,0.0363,2026-08-03 06:00:00,135177.06,93.87,403155984.16,234.32,31,48653713.36,10.5,Low,Heavy Rainfall,"POLYGON((73.759 18.439,73.76100000000001 18.439,73.76100000000001 18.441000000000003,73.759 18.441000000000003,73.759 18.439))",Indian dam anchor + synthetic dam-break scenario,SYNTHETIC_PROTOTYPE
IN-B050-003,D050,Khadakwasla,R050,Mutha,Maharashtra,Pune,18.44,73.76,EPSG:4326,Structural Failure,Sudden,Central dam section,9.35,25.08,146495792.54,11.08,21.65,16.18,1.76,29.07,0.3812,2026-08-04 06:00:00,141304.5,13.5,115034659.01,451.61,31,28938307.96,38.8,Medium,Overtopping,"POLYGON((73.759 18.439,73.76100000000001 18.439,73.76100000000001 18.441000000000003,73.759 18.441000000000003,73.759 18.439))",Indian dam anchor + synthetic dam-break scenario,SYNTHETIC_PROTOTYPE
IN-B050-004,D050,Khadakwasla,R050,Mutha,Maharashtra,Pune,18.44,73.76,EPSG:4326,Overtopping,Progressive,Central dam section,10.04,18.24,295679006.3,12.22,20.96,17.24,1.85,128.81,0.0948,2026-08-05 06:00:00,130180.16,64.59,254010191.71,189.06,31,31258073.94,20.4,High,Foundation Failure,"POLYGON((73.759 18.439,73.76100000000001 18.439,73.76100000000001 18.441000000000003,73.759 18.441000000000003,73.759 18.439))",Indian dam anchor + synthetic dam-break scenario,SYNTHETIC_PROTOTYPE
IN-B050-005,D050,Khadakwasla,R050,Mutha,Maharashtra,Pune,18.44,73.76,EPSG:4326,Piping,Sudden,Central dam section,14.88,24.11,381246328.24,8.12,16.12,21.01,0.68,93.43,0.087,2026-08-06 06:00:00,229794.51,80.94,286169662.5,339.52,31,5666749.37,23.3,Extreme,Structural Failure,"POLYGON((73.759 18.439,73.76100000000001 18.439,73.76100000000001 18.441000000000003,73.759 18.441000000000003,73.759 18.439))",Indian dam anchor + synthetic dam-break scenario,SYNTHETIC_PROTOTYPE
IN-B050-006,D050,Khadakwasla,R050,Mutha,Maharashtra,Pune,18.44,73.76,EPSG:4326,Structural Failure,Progressive,Central dam section,20.98,23.77,190988997.7,4.0,10.02,11.26,0.65,18.7,0.2139,2026-08-07 06:00:00,580355.01,16.06,143725454.55,338.91,31,47885471.04,45.8,Low,Heavy Rainfall,"POLYGON((73.759 18.439,73.76100000000001 18.439,73.76100000000001 18.441000000000003,73.759 18.441000000000003,73.759 18.439))",Indian dam anchor + synthetic dam-break scenario,SYNTHETIC_PROTOTYPE
IN-B050-007,D050,Khadakwasla,R050,Mutha,Maharashtra,Pune,18.44,73.76,EPSG:4326,Overtopping,Sudden,Central dam section,24.74,26.84,337986524.22,13.62,6.26,18.44,1.45,97.02,0.1404,2026-08-08 06:00:00,167692.83,46.38,299093497.73,380.67,31,16031789.62,11.9,Medium,Overtopping,"POLYGON((73.759 18.439,73.76100000000001 18.439,73.76100000000001 18.441000000000003,73.759 18.441000000000003,73.759 18.439))",Indian dam anchor + synthetic dam-break scenario,SYNTHETIC_PROTOTYPE
IN-B050-008,D050,Khadakwasla,R050,Mutha,Maharashtra,Pune,18.44,73.76,EPSG:4326,Piping,Progressive,Central dam section,24.79,25.57,90423730.79,12.61,6.21,17.03,1.13,82.07,0.1537,2026-08-09 06:00:00,56014.56,39.96,61044532.58,295.92,31,78788232.84,27.1,High,Foundation Failure,"POLYGON((73.759 18.439,73.76100000000001 18.439,73.76100000000001 18.441000000000003,73.759 18.441000000000003,73.759 18.439))",Indian dam anchor + synthetic dam-break scenario,SYNTHETIC_PROTOTYPE
IN-B050-009,D050,Khadakwasla,R050,Mutha,Maharashtra,Pune,18.44,73.76,EPSG:4326,Structural Failure,Sudden,Central dam section,23.29,23.69,69866090.87,8.78,7.71,11.36,0.94,154.36,0.0569,2026-08-10 06:00:00,14561.71,84.32,51978115.93,378.5,31,45381603.08,34.7,Extreme,Structural Failure,"POLYGON((73.759 18.439,73.76100000000001 18.439,73.76100000000001 18.441000000000003,73.759 18.441000000000003,73.759 18.439))",Indian dam anchor + synthetic dam-break scenario,SYNTHETIC_PROTOTYPE
IN-B050-010,D050,Khadakwasla,R050,Mutha,Maharashtra,Pune,18.44,73.76,EPSG:4326,Overtopping,Progressive,Central dam section,19.37,19.18,377575827.2,4.76,11.63,20.62,1.46,35.49,0.134,2026-08-11 06:00:00,335589.32,31.81,359804250.3,476.01,31,65140535.04,33.6,Low,Heavy Rainfall,"POLYGON((73.759 18.439,73.76100000000001 18.439,73.76100000000001 18.441000000000003,73.759 18.441000000000003,73.759 18.439))",Indian dam anchor + synthetic dam-break scenario,SYNTHETIC_PROTOTYPE
IN-B050-011,D050,Khadakwasla,R050,Mutha,Maharashtra,Pune,18.44,73.76,EPSG:4326,Piping,Sudden,Central dam section,16.26,18.17,91255369.39,4.0,14.74,18.47,1.26,179.8,0.0222,2026-08-12 06:00:00,22109.85,119.8,82152415.64,307.03,31,58145283.53,43.9,Medium,Overtopping,"POLYGON((73.759 18.439,73.76100000000001 18.439,73.76100000000001 18.441000000000003,73.759 18.441000000000003,73.759 18.439))",Indian dam anchor + synthetic dam-break scenario,SYNTHETIC_PROTOTYPE
IN-B050-012,D050,Khadakwasla,R050,Mutha,Maharashtra,Pune,18.44,73.76,EPSG:4326,Structural Failure,Progressive,Central dam section,24.52,21.69,314860976.97,13.89,6.48,12.53,0.81,178.3,0.0779,2026-08-13 06:00:00,77375.1,111.97,291080457.49,473.02,31,28596777.02,16.5,High,Foundation Failure,"POLYGON((73.759 18.439,73.76100000000001 18.439,73.76100000000001 18.441000000000003,73.759 18.441000000000003,73.759 18.439))",Indian dam anchor + synthetic dam-break scenario,SYNTHETIC_PROTOTYPE
IN-B050-013,D050,Khadakwasla,R050,Mutha,Maharashtra,Pune,18.44,73.76,EPSG:4326,Overtopping,Sudden,Central dam section,13.6,21.09,459242977.91,5.93,17.4,21.22,1.04,27.14,0.2184,2026-08-14 06:00:00,449062.86,17.29,350359861.54,323.68,31,63622407.66,28.8,Extreme,Structural Failure,"POLYGON((73.759 18.439,73.76100000000001 18.439,73.76100000000001 18.441000000000003,73.759 18.441000000000003,73.759 18.439))",Indian dam anchor + synthetic dam-break scenario,SYNTHETIC_PROTOTYPE
IN-B050-014,D050,Khadakwasla,R050,Mutha,Maharashtra,Pune,18.44,73.76,EPSG:4326,Piping,Progressive,Central dam section,12.02,19.3,44812118.61,5.35,18.98,16.2,1.43,49.58,0.1079,2026-08-15 06:00:00,40506.3,24.95,42629725.15,162.0,31,62225014.12,41.5,Low,Heavy Rainfall,"POLYGON((73.759 18.439,73.76100000000001 18.439,73.76100000000001 18.441000000000003,73.759 18.441000000000003,73.759 18.439))",Indian dam anchor + synthetic dam-break scenario,SYNTHETIC_PROTOTYPE
