{"type": "FeatureCollection", "features": [{"type": "Feature", "properties": {"time_min": 60, "depth_min_m": 0.05, "depth_max_m": 1.0, "depth_class": "0.05\u20131.0 m", "class_area_km2": 0.41605291933763755, "flooded_area_km2": 6.592769144818747, "frame_max_depth_m": 132.33808102972478, "class_mean_depth_m": 0.5374198675141908, "scenario_id": "baseline", "model_type": "Automated approximate 2D flood-routing prototype", "validated_hydraulic_output": false}, "geometry": {"type": "Polygon", "coordinates": [[[75.1147275238, 18.113338207099996], [75.1147275238, 18.1130604291], [75.1150053018, 18.1130604291], [75.1150053018, 18.113338207099996], [75.1147275238, 18.113338207099996]]]}}, {"type": "Feature", "properties": {"time_min": 60, "depth_min_m": 0.05, "depth_max_m": 1.0, "depth_class": "0.05\u20131.0 m", "class_area_km2": 0.41605291933763755, "flooded_area_km2": 6.592769144818747, "frame_max_depth_m": 132.33808102972478, "class_mean_depth_m": 0.5374198675141908, "scenario_id": "baseline", "model_type": "Automated approximate 2D flood-routing prototype", "validated_hydraulic_output": false}, "geometry": {"type": "Polygon", "coordinates": [[[75.1150053018, 18.112782651099998], [75.1150053018, 18.112504873099997], [75.1152830798, 18.112504873099997], [75.1152830798, 18.112782651099998], [75.1150053018, 18.112782651099998]]]}}, {"type": "Feature", "properties": {"time_min": 60, "depth_min_m": 0.05, "depth_max_m": 1.0, "depth_class": "0.05\u20131.0 m", "class_area_km2": 0.41605291933763755, "flooded_area_km2": 6.592769144818747, "frame_max_depth_m": 132.33808102972478, "class_mean_depth_m": 0.5374198675141908, "scenario_id": "baseline", "model_type": "Automated approximate 2D flood-routing prototype", "validated_hydraulic_output": false}, "geometry": {"type": "Polygon", "coordinates": [[[75.1147275238, 18.1119493171], [75.1147275238, 18.111671539099998], [75.1150053018, 18.111671539099998], [75.1150053018, 18.1119493171], [75.1147275238, 18.1119493171]]]}}, {"type": "Feature", "properties": {"time_min": 60, "depth_min_m": 0.05, "depth_max_m": 1.0, "depth_class": "0.05\u20131.0 m", "class_area_km2": 0.41605291933763755, "flooded_area_km2": 6.592769144818747, "frame_max_depth_m": 132.33808102972478, "class_mean_depth_m": 0.5374198675141908, "scenario_id": "baseline", "model_type": "Automated approximate 2D flood-routing prototype", "validated_hydraulic_output": false}, "geometry": {"type": "Polygon", "coordinates": [[[75.1361164298, 18.1025048651], [75.1361164298, 18.101949309099997], [75.1363942078, 18.101949309099997], [75.1363942078, 18.1025048651], [75.1361164298, 18.1025048651]]]}}, {"type": "Feature", "properties": {"time_min": 60, "depth_min_m": 0.05, "depth_max_m": 1.0, "depth_class": "0.05\u20131.0 m", "class_area_km2": 0.41605291933763755, "flooded_area_km2": 6.592769144818747, "frame_max_depth_m": 132.33808102972478, "class_mean_depth_m": 0.5374198675141908, "scenario_id": "baseline", "model_type": "Automated approximate 2D flood-routing prototype", "validated_hydraulic_output": false}, "geometry": {"type": "Polygon", "coordinates": [[[75.13528309579999, 18.102227087099998], [75.13528309579999, 18.101949309099997], [75.13556087379999, 18.101949309099997], [75.13556087379999, 18.102227087099998], [75.13528309579999, 18.102227087099998]]]}}, {"type": "Feature", "properties": {"time_min": 60, "depth_min_m": 0.05, "depth_max_m": 1.0, "depth_class": "0.05\u20131.0 m", "class_area_km2": 0.41605291933763755, "flooded_area_km2": 6.592769144818747, "frame_max_depth_m": 132.33808102972478, "class_mean_depth_m": 0.5374198675141908, "scenario_id": "baseline", "model_type": "Automated approximate 2D flood-routing prototype", "validated_hydraulic_output": false}, "geometry": {"type": "Polygon", "coordinates": [[[75.13861643179999, 18.101393753099998], [75.13861643179999, 18.101115975099997], [75.1388942098, 18.101115975099997], [75.1388942098, 18.101393753099998], [75.13861643179999, 18.101393753099998]]]}}, {"type": "Feature", "properties": {"time_min": 60, "depth_min_m": 0.05, "depth_max_m": 1.0, "depth_class": "0.05\u20131.0 m", "class_area_km2": 0.41605291933763755, "flooded_area_km2": 6.592769144818747, "frame_max_depth_m": 132.33808102972478, "class_mean_depth_m": 0.5374198675141908, "scenario_id": "baseline", "model_type": "Automated approximate 2D flood-routing prototype", "validated_hydraulic_output": false}, "geometry": {"type": "Polygon", "coordinates": [[[75.1391719878, 18.101115975099997], [75.1391719878, 18.100838197099996], [75.1394497658, 18.100838197099996], [75.1394497658, 18.101115975099997], [75.1391719878, 18.101115975099997]]]}}, {"type": "Feature", "properties": {"time_min": 60, "depth_min_m": 0.05, "depth_max_m": 1.0, "depth_class": "0.05\u20131.0 m", "class_area_km2": 0.41605291933763755, "flooded_area_km2": 6.592769144818747, "frame_max_depth_m": 132.33808102972478, "class_mean_depth_m": 0.5374198675141908, "scenario_id": "baseline", "model_type": "Automated approximate 2D flood-routing prototype", "validated_hydraulic_output": false}, "geometry": {"type": "Polygon", "coordinates": [[[75.1438942138, 18.101115975099997], [75.1438942138, 18.100838197099996], [75.1441719918, 18.100838197099996], [75.1441719918, 18.101115975099997], [75.1438942138, 18.101115975099997]]]}}, {"type": "Feature", "properties": {"time_min": 60, "depth_min_m": 0.05, "depth_max_m": 1.0, "depth_class": "0.05\u20131.0 m", "class_area_km2": 0.41605291933763755, "flooded_area_km2": 6.592769144818747, "frame_max_depth_m": 132.33808102972478, "class_mean_depth_m": 0.5374198675141908, "scenario_id": "baseline", "model_type": "Automated approximate 2D flood-routing prototype", "validated_hydraulic_output": false}, "geometry": {"type": "Polygon", "coordinates": [[[75.1347275398, 18.1005604191], [75.1347275398, 18.100282641099998], [75.1350053178, 18.100282641099998], [75.1350053178, 18.1005604191], [75.1347275398, 18.1005604191]]]}}, {"type": "Feature", "properties": {"time_min": 60, "depth_min_m": 0.05, "depth_max_m": 1.0, "depth_class": "0.05\u20131.0 m", "class_area_km2": 0.41605291933763755, "flooded_area_km2": 6.592769144818747, "frame_max_depth_m": 132.33808102972478, "class_mean_depth_m": 0.5374198675141908, "scenario_id": "baseline", "model_type": "Automated approximate 2D flood-routing prototype", "validated_hydraulic_output": false}, "geometry": {"type": "Polygon", "coordinates": [[[75.1441719918, 18.1005604191], [75.1441719918, 18.100282641099998], [75.14444976979999, 18.100282641099998], [75.14444976979999, 18.1005604191], [75.1441719918, 18.1005604191]]]}}, {"type": "Feature", "properties": {"time_min": 60, "depth_min_m": 0.05, "depth_max_m": 1.0, "depth_class": "0.05\u20131.0 m", "class_area_km2": 0.41605291933763755, "flooded_area_km2": 6.592769144818747, "frame_max_depth_m": 132.33808102972478, "class_mean_depth_m": 0.5374198675141908, "scenario_id": "baseline", "model_type": "Automated approximate 2D flood-routing prototype", "validated_hydraulic_output": false}, "geometry": {"type": "Polygon", "coordinates": [[[75.1433386578, 18.100282641099998], [75.1433386578, 18.100004863099997], [75.1436164358, 18.100004863099997], [75.1436164358, 18.100282641099998], [75.1433386578, 18.100282641099998]]]}}, {"type": "Feature", "properties": {"time_min": 60, "depth_min_m": 0.05, "depth_max_m": 1.0, "depth_class": "0.05\u20131.0 m", "class_area_km2": 0.41605291933763755, "flooded_area_km2": 6.592769144818747, "frame_max_depth_m": 132.33808102972478, "class_mean_depth_m": 0.5374198675141908, "scenario_id": "baseline", "model_type": "Automated approximate 2D flood-routing prototype", "validated_hydraulic_output": false}, "geometry": {"type": "Polygon", "coordinates": [[[75.13556087379999, 18.0997270851], [75.13556087379999, 18.0994493071], [75.1358386518, 18.0994493071], [75.1358386518, 18.0997270851], [75.13556087379999, 18.0997270851]]]}}, {"type": "Feature", "properties": {"time_min": 60, "depth_min_m": 0.05, "depth_max_m": 1.0, "depth_class": "0.05\u20131.0 m", "class_area_km2": 0.41605291933763755, "flooded_area_km2": 6.592769144818747, "frame_max_depth_m": 132.33808102972478, "class_mean_depth_m": 0.5374198675141908, "scenario_id": "baseline", "model_type": "Automated approximate 2D flood-routing prototype", "validated_hydraulic_output": false}, "geometry": {"type": "Polygon", "coordinates": [[[75.1363942078, 18.0997270851], [75.1363942078, 18.0994493071], [75.13667198579999, 18.0994493071], [75.13667198579999, 18.0997270851], [75.1363942078, 18.0997270851]]]}}, {"type": "Feature", "properties": {"time_min": 60, "depth_min_m": 0.05, "depth_max_m": 1.0, "depth_class": "0.05\u20131.0 m", "class_area_km2": 0.41605291933763755, "flooded_area_km2": 6.592769144818747, "frame_max_depth_m": 132.33808102972478, "class_mean_depth_m": 0.5374198675141908, "scenario_id": "baseline", "model_type": "Automated approximate 2D flood-routing prototype", "validated_hydraulic_output": false}, "geometry": {"type": "Polygon", "coordinates": [[[75.1377830978, 18.0997270851], [75.1377830978, 18.0994493071], [75.1380608758, 18.0994493071], [75.1380608758, 18.0997270851], [75.1377830978, 18.0997270851]]]}}, {"type": "Feature", "properties": {"time_min": 60, "depth_min_m": 0.05, "depth_max_m": 1.0, "depth_class": "0.05\u20131.0 m", "class_area_km2": 0.41605291933763755, "flooded_area_km2": 6.592769144818747, "frame_max_depth_m": 132.33808102972478, "class_mean_depth_m": 0.5374198675141908, "scenario_id": "baseline", "model_type": "Automated approximate 2D flood-routing prototype", "validated_hydraulic_output": false}, "geometry": {"type": "Polygon", "coordinates": [[[75.1441719918, 18.098893751099997], [75.1441719918, 18.0983381951], [75.14444976979999, 18.0983381951], [75.14444976979999, 18.098893751099997], [75.1441719918, 18.098893751099997]]]}}, {"type": "Feature", "properties": {"time_min": 60, "depth_min_m": 0.05, "depth_max_m": 1.0, "depth_class": "0.05\u20131.0 m", "class_area_km2": 0.41605291933763755, "flooded_area_km2": 6.592769144818747, "frame_max_depth_m": 132.33808102972478, "class_mean_depth_m": 0.5374198675141908, "scenario_id": "baseline", "model_type": "Automated approximate 2D flood-routing prototype", "validated_hydraulic_output": false}, "geometry": {"type": "Polygon", "coordinates": [[[75.1436164358, 18.0983381951], [75.1436164358, 18.098060417099997], [75.1441719918, 18.098060417099997], [75.1441719918, 18.0983381951], [75.1436164358, 18.0983381951]]]}}, {"type": "Feature", "properties": {"time_min": 60, "depth_min_m": 0.05, "depth_max_m": 1.0, "depth_class": "0.05\u20131.0 m", "class_area_km2": 0.41605291933763755, "flooded_area_km2": 6.592769144818747, "frame_max_depth_m": 132.33808102972478, "class_mean_depth_m": 0.5374198675141908, "scenario_id": "baseline", "model_type": "Automated approximate 2D flood-routing prototype", "validated_hydraulic_output": false}, "geometry": {"type": "Polygon", "coordinates": [[[75.1402830998, 18.0983381951], [75.1402830998, 18.098060417099997], [75.14000532179999, 18.098060417099997], [75.14000532179999, 18.097782639099997], [75.1405608778, 18.097782639099997], [75.1405608778, 18.0983381951], [75.1402830998, 18.0983381951]]]}}, {"type": "Feature", "properties": {"time_min": 60, "depth_min_m": 0.05, "depth_max_m": 1.0, "depth_class": "0.05\u20131.0 m", "class_area_km2": 0.41605291933763755, "flooded_area_km2": 6.592769144818747, "frame_max_depth_m": 132.33808102972478, "class_mean_depth_m": 0.5374198675141908, "scenario_id": "baseline", "model_type": "Automated approximate 2D flood-routing prototype", "validated_hydraulic_output": false}, "geometry": {"type": "Polygon", "coordinates": [[[75.1377830978, 18.097782639099997], [75.1377830978, 18.0975048611], [75.1380608758, 18.0975048611], [75.1380608758, 18.097782639099997], [75.1377830978, 18.097782639099997]]]}}, {"type": "Feature", "properties": {"time_min": 60, "depth_min_m": 0.05, "depth_max_m": 1.0, "depth_class": "0.05\u20131.0 m", "class_area_km2": 0.41605291933763755, "flooded_area_km2": 6.592769144818747, "frame_max_depth_m": 132.33808102972478, "class_mean_depth_m": 0.5374198675141908, "scenario_id": "baseline", "model_type": "Automated approximate 2D flood-routing prototype", "validated_hydraulic_output": false}, "geometry": {"type": "Polygon", "coordinates": [[[75.1405608778, 18.097782639099997], [75.1405608778, 18.0975048611], [75.1408386558, 18.0975048611], [75.1408386558, 18.097782639099997], [75.1405608778, 18.097782639099997]]]}}, {"type": "Feature", "properties": {"time_min": 60, "depth_min_m": 0.05, "depth_max_m": 1.0, "depth_class": "0.05\u20131.0 m", "class_area_km2": 0.41605291933763755, "flooded_area_km2": 6.592769144818747, "frame_max_depth_m": 132.33808102972478, "class_mean_depth_m": 0.5374198675141908, "scenario_id": "baseline", "model_type": "Automated approximate 2D flood-routing prototype", "validated_hydraulic_output": false}, "geometry": {"type": "Polygon", "coordinates": [[[75.14472754779999, 18.097782639099997], [75.14472754779999, 18.0975048611], [75.1450053258, 18.0975048611], [75.1450053258, 18.097782639099997], [75.14472754779999, 18.097782639099997]]]}}, {"type": "Feature", "properties": {"time_min": 60, "depth_min_m": 0.05, "depth_max_m": 1.0, "depth_class": "0.05\u20131.0 m", "class_area_km2": 0.41605291933763755, "flooded_area_km2": 6.592769144818747, "frame_max_depth_m": 132.33808102972478, "class_mean_depth_m": 0.5374198675141908, "scenario_id": "baseline", "model_type": "Automated approximate 2D flood-routing prototype", "validated_hydraulic_output": false}, "geometry": {"type": "Polygon", "coordinates": [[[75.1313942038, 18.097227083099998], [75.1313942038, 18.096949305099997], [75.1316719818, 18.096949305099997], [75.1316719818, 18.097227083099998], [75.1313942038, 18.097227083099998]]]}}, {"type": "Feature", "properties": {"time_min": 60, "depth_min_m": 0.05, "depth_max_m": 1.0, "depth_class": "0.05\u20131.0 m", "class_area_km2": 0.41605291933763755, "flooded_area_km2": 6.592769144818747, "frame_max_depth_m": 132.33808102972478, "class_mean_depth_m": 0.5374198675141908, "scenario_id": "baseline", "model_type": "Automated approximate 2D flood-routing prototype", "validated_hydraulic_output": false}, "geometry": {"type": "Polygon", "coordinates": [[[75.1469497718, 18.097227083099998], [75.1469497718, 18.096949305099997], [75.1472275498, 18.096949305099997], [75.1472275498, 18.097227083099998], [75.1469497718, 18.097227083099998]]]}}, {"type": "Feature", "properties": {"time_min": 60, "depth_min_m": 0.05, "depth_max_m": 1.0, "depth_class": "0.05\u20131.0 m", "class_area_km2": 0.41605291933763755, "flooded_area_km2": 6.592769144818747, "frame_max_depth_m": 132.33808102972478, "class_mean_depth_m": 0.5374198675141908, "scenario_id": "baseline", "model_type": "Automated approximate 2D flood-routing prototype", "validated_hydraulic_output": false}, "geometry": {"type": "Polygon", "coordinates": [[[75.13972754379999, 18.096949305099997], [75.13972754379999, 18.096671527099996], [75.14000532179999, 18.096671527099996], [75.14000532179999, 18.096949305099997], [75.13972754379999, 18.096949305099997]]]}}, {"type": "Feature", "properties": {"time_min": 60, "depth_min_m": 0.05, "depth_max_m": 1.0, "depth_class": "0.05\u20131.0 m", "class_area_km2": 0.41605291933763755, "flooded_area_km2": 6.592769144818747, "frame_max_depth_m": 132.33808102972478, "class_mean_depth_m": 0.5374198675141908, "scenario_id": "baseline", "model_type": "Automated approximate 2D flood-routing prototype", "validated_hydraulic_output": false}, "geometry": {"type": "Polygon", "coordinates": [[[75.1394497658, 18.096671527099996], [75.1394497658, 18.0963937491], [75.13972754379999, 18.0963937491], [75.13972754379999, 18.096671527099996], [75.1394497658, 18.096671527099996]]]}}, {"type": "Feature", "properties": {"time_min": 60, "depth_min_m": 0.05, "depth_max_m": 1.0, "depth_class": "0.05\u20131.0 m", "class_area_km2": 0.41605291933763755, "flooded_area_km2": 6.592769144818747, "frame_max_depth_m": 132.33808102972478, "class_mean_depth_m": 0.5374198675141908, "scenario_id": "baseline", "model_type": "Automated approximate 2D flood-routing prototype", "validated_hydraulic_output": false}, "geometry": {"type": "Polygon", "coordinates": [[[75.1486164398, 18.096671527099996], [75.1486164398, 18.0963937491], [75.14889421779999, 18.0963937491], [75.14889421779999, 18.096671527099996], [75.1486164398, 18.096671527099996]]]}}, {"type": "Feature", "properties": {"time_min": 60, "depth_min_m": 0.05, "depth_max_m": 1.0, "depth_class": "0.05\u20131.0 m", "class_area_km2": 0.41605291933763755, "flooded_area_km2": 6.592769144818747, "frame_max_depth_m": 132.33808102972478, "class_mean_depth_m": 0.5374198675141908, "scenario_id": "baseline", "model_type": "Automated approximate 2D flood-routing prototype", "validated_hydraulic_output": false}, "geometry": {"type": "Polygon", "coordinates": [[[75.1313942038, 18.0955604151], [75.1313942038, 18.095004859099998], [75.1316719818, 18.095004859099998], [75.1316719818, 18.0955604151], [75.1313942038, 18.0955604151]]]}}, {"type": "Feature", "properties": {"time_min": 60, "depth_min_m": 0.05, "depth_max_m": 1.0, "depth_class": "0.05\u20131.0 m", "class_area_km2": 0.41605291933763755, "flooded_area_km2": 6.592769144818747, "frame_max_depth_m": 132.33808102972478, "class_mean_depth_m": 0.5374198675141908, "scenario_id": "baseline", "model_type": "Automated approximate 2D flood-routing prototype", "validated_hydraulic_output": false}, "geometry": {"type": "Polygon", "coordinates": [[[75.1408386558, 18.0952826371], [75.1408386558, 18.095004859099998], [75.1411164338, 18.095004859099998], [75.1411164338, 18.0952826371], [75.1408386558, 18.0952826371]]]}}, {"type": "Feature", "properties": {"time_min": 60, "depth_min_m": 0.05, "depth_max_m": 1.0, "depth_class": "0.05\u20131.0 m", "class_area_km2": 0.41605291933763755, "flooded_area_km2": 6.592769144818747, "frame_max_depth_m": 132.33808102972478, "class_mean_depth_m": 0.5374198675141908, "scenario_id": "baseline", "model_type": "Automated approximate 2D flood-routing prototype", "validated_hydraulic_output": false}, "geometry": {"type": "Polygon", "coordinates": [[[75.1411164338, 18.095004859099998], [75.1411164338, 18.094727081099997], [75.14139421179999, 18.094727081099997], [75.14139421179999, 18.095004859099998], [75.1411164338, 18.095004859099998]]]}}, {"type": "Feature", "properties": {"time_min": 60, "depth_min_m": 0.05, "depth_max_m": 1.0, "depth_class": "0.05\u20131.0 m", "class_area_km2": 0.41605291933763755, "flooded_area_km2": 6.592769144818747, "frame_max_depth_m": 132.33808102972478, "class_mean_depth_m": 0.5374198675141908, "scenario_id": "baseline", "model_type": "Automated approximate 2D flood-routing prototype", "validated_hydraulic_output": false}, "geometry": {"type": "Polygon", "coordinates": [[[75.1419497678, 18.095004859099998], [75.1419497678, 18.094727081099997], [75.1422275458, 18.094727081099997], [75.1422275458, 18.095004859099998], [75.1419497678, 18.095004859099998]]]}}, {"type": "Feature", "properties": {"time_min": 60, "depth_min_m": 0.05, "depth_max_m": 1.0, "depth_class": "0.05\u20131.0 m", "class_area_km2": 0.41605291933763755, "flooded_area_km2": 6.592769144818747, "frame_max_depth_m": 132.33808102972478, "class_mean_depth_m": 0.5374198675141908, "scenario_id": "baseline", "model_type": "Automated approximate 2D flood-routing prototype", "validated_hydraulic_output": false}, "geometry": {"type": "Polygon", "coordinates": [[[75.14278310179999, 18.095004859099998], [75.14278310179999, 18.094727081099997], [75.14306087979999, 18.094727081099997], [75.14306087979999, 18.095004859099998], [75.14278310179999, 18.095004859099998]]]}}, {"type": "Feature", "properties": {"time_min": 60, "depth_min_m": 0.05, "depth_max_m": 1.0, "depth_class": "0.05\u20131.0 m", "class_area_km2": 0.41605291933763755, "flooded_area_km2": 6.592769144818747, "frame_max_depth_m": 132.33808102972478, "class_mean_depth_m": 0.5374198675141908, "scenario_id": "baseline", "model_type": "Automated approximate 2D flood-routing prototype", "validated_hydraulic_output": false}, "geometry": {"type": "Polygon", "coordinates": [[[75.14167198979999, 18.094727081099997], [75.14167198979999, 18.0944493031], [75.1419497678, 18.0944493031], [75.1419497678, 18.094727081099997], [75.14167198979999, 18.094727081099997]]]}}, {"type": "Feature", "properties": {"time_min": 60, "depth_min_m": 0.05, "depth_max_m": 1.0, "depth_class": "0.05\u20131.0 m", "class_area_km2": 0.41605291933763755, "flooded_area_km2": 6.592769144818747, "frame_max_depth_m": 132.33808102972478, "class_mean_depth_m": 0.5374198675141908, "scenario_id": "baseline", "model_type": "Automated approximate 2D flood-routing prototype", "validated_hydraulic_output": false}, "geometry": {"type": "Polygon", "coordinates": [[[75.14306087979999, 18.094727081099997], [75.14306087979999, 18.0944493031], [75.1433386578, 18.0944493031], [75.1433386578, 18.094727081099997], [75.14306087979999, 18.094727081099997]]]}}, {"type": "Feature", "properties": {"time_min": 60, "depth_min_m": 0.05, "depth_max_m": 1.0, "depth_class": "0.05\u20131.0 m", "class_area_km2": 0.41605291933763755, "flooded_area_km2": 6.592769144818747, "frame_max_depth_m": 132.33808102972478, "class_mean_depth_m": 0.5374198675141908, "scenario_id": "baseline", "model_type": "Automated approximate 2D flood-routing prototype", "validated_hydraulic_output": false}, "geometry": {"type": "Polygon", "coordinates": [[[75.1436164358, 18.0944493031], [75.1436164358, 18.0941715251], [75.1438942138, 18.0941715251], [75.1438942138, 18.0944493031], [75.1436164358, 18.0944493031]]]}}, {"type": "Feature", "properties": {"time_min": 60, "depth_min_m": 0.05, "depth_max_m": 1.0, "depth_class": "0.05\u20131.0 m", "class_area_km2": 0.41605291933763755, "flooded_area_km2": 6.592769144818747, "frame_max_depth_m": 132.33808102972478, "class_mean_depth_m": 0.5374198675141908, "scenario_id": "baseline", "model_type": "Automated approximate 2D flood-routing prototype", "validated_hydraulic_output": false}, "geometry": {"type": "Polygon", "coordinates": [[[75.1441719918, 18.0944493031], [75.1441719918, 18.0941715251], [75.14444976979999, 18.0941715251], [75.14444976979999, 18.0944493031], [75.1441719918, 18.0944493031]]]}}, {"type": "Feature", "properties": {"time_min": 60, "depth_min_m": 0.05, "depth_max_m": 1.0, "depth_class": "0.05\u20131.0 m", "class_area_km2": 0.41605291933763755, "flooded_area_km2": 6.592769144818747, "frame_max_depth_m": 132.33808102972478, "class_mean_depth_m": 0.5374198675141908, "scenario_id": "baseline", "model_type": "Automated approximate 2D flood-routing prototype", "validated_hydraulic_output": false}, "geometry": {"type": "Polygon", "coordinates": [[[75.1472275498, 18.0944493031], [75.1472275498, 18.0941715251], [75.14778310579999, 18.0941715251], [75.14778310579999, 18.093893747099997], [75.1480608838, 18.093893747099997], [75.1480608838, 18.0944493031], [75.1472275498, 18.0944493031]]]}}, {"type": "Feature", "properties": {"time_min": 60, "depth_min_m": 0.05, "depth_max_m": 1.0, "depth_class": "0.05\u20131.0 m", "class_area_km2": 0.41605291933763755, "flooded_area_km2": 6.592769144818747, "frame_max_depth_m": 132.33808102972478, "class_mean_depth_m": 0.5374198675141908, "scenario_id": "baseline", "model_type": "Automated approximate 2D flood-routing prototype", "validated_hydraulic_output": false}, "geometry": {"type": "Polygon", "coordinates": [[[75.13972754379999, 18.0941715251], [75.13972754379999, 18.093893747099997], [75.14000532179999, 18.093893747099997], [75.14000532179999, 18.0941715251], [75.13972754379999, 18.0941715251]]]}}, {"type": "Feature", "properties": {"time_min": 60, "depth_min_m": 0.05, "depth_max_m": 1.0, "depth_class": "0.05\u20131.0 m", "class_area_km2": 0.41605291933763755, "flooded_area_km2": 6.592769144818747, "frame_max_depth_m": 132.33808102972478, "class_mean_depth_m": 0.5374198675141908, "scenario_id": "baseline", "model_type": "Automated approximate 2D flood-routing prototype", "validated_hydraulic_output": false}, "geometry": {"type": "Polygon", "coordinates": [[[75.14472754779999, 18.0941715251], [75.14472754779999, 18.093893747099997], [75.1450053258, 18.093893747099997], [75.1450053258, 18.0941715251], [75.14472754779999, 18.0941715251]]]}}, {"type": "Feature", "properties": {"time_min": 60, "depth_min_m": 0.05, "depth_max_m": 1.0, "depth_class": "0.05\u20131.0 m", "class_area_km2": 0.41605291933763755, "flooded_area_km2": 6.592769144818747, "frame_max_depth_m": 132.33808102972478, "class_mean_depth_m": 0.5374198675141908, "scenario_id": "baseline", "model_type": "Automated approximate 2D flood-routing prototype", "validated_hydraulic_output": false}, "geometry": {"type": "Polygon", "coordinates": [[[75.1433386578, 18.0941715251], [75.1433386578, 18.093615969099996], [75.1436164358, 18.093615969099996], [75.1436164358, 18.0941715251], [75.1433386578, 18.0941715251]]]}}, {"type": "Feature", "properties": {"time_min": 60, "depth_min_m": 0.05, "depth_max_m": 1.0, "depth_class": "0.05\u20131.0 m", "class_area_km2": 0.41605291933763755, "flooded_area_km2": 6.592769144818747, "frame_max_depth_m": 132.33808102972478, "class_mean_depth_m": 0.5374198675141908, "scenario_id": "baseline", "model_type": "Automated approximate 2D flood-routing prototype", "validated_hydraulic_output": false}, "geometry": {"type": "Polygon", "coordinates": [[[75.1438942138, 18.093893747099997], [75.1438942138, 18.093615969099996], [75.1441719918, 18.093615969099996], [75.1441719918, 18.093893747099997], [75.1438942138, 18.093893747099997]]]}}, {"type": "Feature", "properties": {"time_min": 60, "depth_min_m": 0.05, "depth_max_m": 1.0, "depth_class": "0.05\u20131.0 m", "class_area_km2": 0.41605291933763755, "flooded_area_km2": 6.592769144818747, "frame_max_depth_m": 132.33808102972478, "class_mean_depth_m": 0.5374198675141908, "scenario_id": "baseline", "model_type": "Automated approximate 2D flood-routing prototype", "validated_hydraulic_output": false}, "geometry": {"type": "Polygon", "coordinates": [[[75.1297275358, 18.0933381911], [75.1297275358, 18.093060413099998], [75.1300053138, 18.093060413099998], [75.1300053138, 18.0933381911], [75.1297275358, 18.0933381911]]]}}, {"type": "Feature", "properties": {"time_min": 60, "depth_min_m": 0.05, "depth_max_m": 1.0, "depth_class": "0.05\u20131.0 m", "class_area_km2": 0.41605291933763755, "flooded_area_km2": 6.592769144818747, "frame_max_depth_m": 132.33808102972478, "class_mean_depth_m": 0.5374198675141908, "scenario_id": "baseline", "model_type": "Automated approximate 2D flood-routing prototype", "validated_hydraulic_output": false}, "geometry": {"type": "Polygon", "coordinates": [[[75.1472275498, 18.0933381911], [75.1472275498, 18.092782635099997], [75.14750532779999, 18.092782635099997], [75.14750532779999, 18.0933381911], [75.1472275498, 18.0933381911]]]}}, {"type": "Feature", "properties": {"time_min": 60, "depth_min_m": 0.05, "depth_max_m": 1.0, "depth_class": "0.05\u20131.0 m", "class_area_km2": 0.41605291933763755, "flooded_area_km2": 6.592769144818747, "frame_max_depth_m": 132.33808102972478, "class_mean_depth_m": 0.5374198675141908, "scenario_id": "baseline", "model_type": "Automated approximate 2D flood-routing prototype", "validated_hydraulic_output": false}, "geometry": {"type": "Polygon", "coordinates": [[[75.1425053238, 18.093060413099998], [75.1425053238, 18.092782635099997], [75.14278310179999, 18.092782635099997], [75.14278310179999, 18.093060413099998], [75.1425053238, 18.093060413099998]]]}}, {"type": "Feature", "properties": {"time_min": 60, "depth_min_m": 0.05, "depth_max_m": 1.0, "depth_class": "0.05\u20131.0 m", "class_area_km2": 0.41605291933763755, "flooded_area_km2": 6.592769144818747, "frame_max_depth_m": 132.33808102972478, "class_mean_depth_m": 0.5374198675141908, "scenario_id": "baseline", "model_type": "Automated approximate 2D flood-routing prototype", "validated_hydraulic_output": false}, "geometry": {"type": "Polygon", "coordinates": [[[75.1441719918, 18.093060413099998], [75.1441719918, 18.092782635099997], [75.14444976979999, 18.092782635099997], [75.14444976979999, 18.093060413099998], [75.1441719918, 18.093060413099998]]]}}, {"type": "Feature", "properties": {"time_min": 60, "depth_min_m": 0.05, "depth_max_m": 1.0, "depth_class": "0.05\u20131.0 m", "class_area_km2": 0.41605291933763755, "flooded_area_km2": 6.592769144818747, "frame_max_depth_m": 132.33808102972478, "class_mean_depth_m": 0.5374198675141908, "scenario_id": "baseline", "model_type": "Automated approximate 2D flood-routing prototype", "validated_hydraulic_output": false}, "geometry": {"type": "Polygon", "coordinates": [[[75.14611643779999, 18.093060413099998], [75.14611643779999, 18.092782635099997], [75.1463942158, 18.092782635099997], [75.1463942158, 18.093060413099998], [75.14611643779999, 18.093060413099998]]]}}, {"type": "Feature", "properties": {"time_min": 60, "depth_min_m": 0.05, "depth_max_m": 1.0, "depth_class": "0.05\u20131.0 m", "class_area_km2": 0.41605291933763755, "flooded_area_km2": 6.592769144818747, "frame_max_depth_m": 132.33808102972478, "class_mean_depth_m": 0.5374198675141908, "scenario_id": "baseline", "model_type": "Automated approximate 2D flood-routing prototype", "validated_hydraulic_output": false}, "geometry": {"type": "Polygon", "coordinates": [[[75.14472754779999, 18.092782635099997], [75.14472754779999, 18.092504857099996], [75.1450053258, 18.092504857099996], [75.1450053258, 18.092782635099997], [75.14472754779999, 18.092782635099997]]]}}, {"type": "Feature", "properties": {"time_min": 60, "depth_min_m": 0.05, "depth_max_m": 1.0, "depth_class": "0.05\u20131.0 m", "class_area_km2": 0.41605291933763755, "flooded_area_km2": 6.592769144818747, "frame_max_depth_m": 132.33808102972478, "class_mean_depth_m": 0.5374198675141908, "scenario_id": "baseline", "model_type": "Automated approximate 2D flood-routing prototype", "validated_hydraulic_output": false}, "geometry": {"type": "Polygon", "coordinates": [[[75.1452831038, 18.092504857099996], [75.1452831038, 18.0922270791], [75.1455608818, 18.0922270791], [75.1455608818, 18.092504857099996], [75.1452831038, 18.092504857099996]]]}}, {"type": "Feature", "properties": {"time_min": 60, "depth_min_m": 0.05, "depth_max_m": 1.0, "depth_class": "0.05\u20131.0 m", "class_area_km2": 0.41605291933763755, "flooded_area_km2": 6.592769144818747, "frame_max_depth_m": 132.33808102972478, "class_mean_depth_m": 0.5374198675141908, "scenario_id": "baseline", "model_type": "Automated approximate 2D flood-routing prototype", "validated_hydraulic_output": false}, "geometry": {"type": "Polygon", "coordinates": [[[75.1463942158, 18.092504857099996], [75.1463942158, 18.0922270791], [75.1466719938, 18.0922270791], [75.1466719938, 18.092504857099996], [75.1463942158, 18.092504857099996]]]}}, {"type": "Feature", "properties": {"time_min": 60, "depth_min_m": 0.05, "depth_max_m": 1.0, "depth_class": "0.05\u20131.0 m", "class_area_km2": 0.41605291933763755, "flooded_area_km2": 6.592769144818747, "frame_max_depth_m": 132.33808102972478, "class_mean_depth_m": 0.5374198675141908, "scenario_id": "baseline", "model_type": "Automated approximate 2D flood-routing prototype", "validated_hydraulic_output": false}, "geometry": {"type": "Polygon", "coordinates": [[[75.1466719938, 18.0922270791], [75.1466719938, 18.091949301099998], [75.1469497718, 18.091949301099998], [75.1469497718, 18.0922270791], [75.1466719938, 18.0922270791]]]}}, {"type": "Feature", "properties": {"time_min": 60, "depth_min_m": 0.05, "depth_max_m": 1.0, "depth_class": "0.05\u20131.0 m", "class_area_km2": 0.41605291933763755, "flooded_area_km2": 6.592769144818747, "frame_max_depth_m": 132.33808102972478, "class_mean_depth_m": 0.5374198675141908, "scenario_id": "baseline", "model_type": "Automated approximate 2D flood-routing prototype", "validated_hydraulic_output": false}, "geometry": {"type": "Polygon", "coordinates": [[[75.1305608698, 18.091949301099998], [75.1305608698, 18.091671523099997], [75.13083864779999, 18.091671523099997], [75.13083864779999, 18.091949301099998], [75.1305608698, 18.091949301099998]]]}}, {"type": "Feature", "properties": {"time_min": 60, "depth_min_m": 0.05, "depth_max_m": 1.0, "depth_class": "0.05\u20131.0 m", "class_area_km2": 0.41605291933763755, "flooded_area_km2": 6.592769144818747, "frame_max_depth_m": 132.33808102972478, "class_mean_depth_m": 0.5374198675141908, "scenario_id": "baseline", "model_type": "Automated approximate 2D flood-routing prototype", "validated_hydraulic_output": false}, "geometry": {"type": "Polygon", "coordinates": [[[75.14889421779999, 18.090838189099998], [75.14889421779999, 18.090560411099997], [75.14917199579999, 18.090560411099997], [75.14917199579999, 18.090838189099998], [75.14889421779999, 18.090838189099998]]]}}, {"type": "Feature", "properties": {"time_min": 60, "depth_min_m": 0.05, "depth_max_m": 1.0, "depth_class": "0.05\u20131.0 m", "class_area_km2": 0.41605291933763755, "flooded_area_km2": 6.592769144818747, "frame_max_depth_m": 132.33808102972478, "class_mean_depth_m": 0.5374198675141908, "scenario_id": "baseline", "model_type": "Automated approximate 2D flood-routing prototype", "validated_hydraulic_output": false}, "geometry": {"type": "Polygon", "coordinates": [[[75.1511164418, 18.090838189099998], [75.1511164418, 18.0902826331], [75.1513942198, 18.0902826331], [75.1513942198, 18.090560411099997], [75.1516719978, 18.090560411099997], [75.1516719978, 18.090838189099998], [75.1511164418, 18.090838189099998]]]}}, {"type": "Feature", "properties": {"time_min": 60, "depth_min_m": 0.05, "depth_max_m": 1.0, "depth_class": "0.05\u20131.0 m", "class_area_km2": 0.41605291933763755, "flooded_area_km2": 6.592769144818747, "frame_max_depth_m": 132.33808102972478, "class_mean_depth_m": 0.5374198675141908, "scenario_id": "baseline", "model_type": "Automated approximate 2D flood-routing prototype", "validated_hydraulic_output": false}, "geometry": {"type": "Polygon", "coordinates": [[[75.14917199579999, 18.090560411099997], [75.14917199579999, 18.0902826331], [75.1497275518, 18.0902826331], [75.1497275518, 18.090560411099997], [75.14917199579999, 18.090560411099997]]]}}, {"type": "Feature", "properties": {"time_min": 60, "depth_min_m": 0.05, "depth_max_m": 1.0, "depth_class": "0.05\u20131.0 m", "class_area_km2": 0.41605291933763755, "flooded_area_km2": 6.592769144818747, "frame_max_depth_m": 132.33808102972478, "class_mean_depth_m": 0.5374198675141908, "scenario_id": "baseline", "model_type": "Automated approximate 2D flood-routing prototype", "validated_hydraulic_output": false}, "geometry": {"type": "Polygon", "coordinates": [[[75.1516719978, 18.090560411099997], [75.1516719978, 18.0902826331], [75.15194977579999, 18.0902826331], [75.15194977579999, 18.090560411099997], [75.1516719978, 18.090560411099997]]]}}, {"type": "Feature", "properties": {"time_min": 60, "depth_min_m": 0.05, "depth_max_m": 1.0, "depth_class": "0.05\u20131.0 m", "class_area_km2": 0.41605291933763755, "flooded_area_km2": 6.592769144818747, "frame_max_depth_m": 132.33808102972478, "class_mean_depth_m": 0.5374198675141908, "scenario_id": "baseline", "model_type": "Automated approximate 2D flood-routing prototype", "validated_hydraulic_output": false}, "geometry": {"type": "Polygon", "coordinates": [[[75.13111642579999, 18.090838189099998], [75.13111642579999, 18.090560411099997], [75.13083864779999, 18.090560411099997], [75.13083864779999, 18.0900048551], [75.13111642579999, 18.0900048551], [75.13111642579999, 18.0902826331], [75.1313942038, 18.0902826331], [75.1313942038, 18.090838189099998], [75.13111642579999, 18.090838189099998]]]}}, {"type": "Feature", "properties": {"time_min": 60, "depth_min_m": 0.05, "depth_max_m": 1.0, "depth_class": "0.05\u20131.0 m", "class_area_km2": 0.41605291933763755, "flooded_area_km2": 6.592769144818747, "frame_max_depth_m": 132.33808102972478, "class_mean_depth_m": 0.5374198675141908, "scenario_id": "baseline", "model_type": "Automated approximate 2D flood-routing prototype", "validated_hydraulic_output": false}, "geometry": {"type": "Polygon", "coordinates": [[[75.1500053298, 18.0902826331], [75.1500053298, 18.0900048551], [75.15028310779999, 18.0900048551], [75.15028310779999, 18.0902826331], [75.1500053298, 18.0902826331]]]}}, {"type": "Feature", "properties": {"time_min": 60, "depth_min_m": 0.05, "depth_max_m": 1.0, "depth_class": "0.05\u20131.0 m", "class_area_km2": 0.41605291933763755, "flooded_area_km2": 6.592769144818747, "frame_max_depth_m": 132.33808102972478, "class_mean_depth_m": 0.5374198675141908, "scenario_id": "baseline", "model_type": "Automated approximate 2D flood-routing prototype", "validated_hydraulic_output": false}, "geometry": {"type": "Polygon", "coordinates": [[[75.1313942038, 18.0900048551], [75.1313942038, 18.089727077099997], [75.1316719818, 18.089727077099997], [75.1316719818, 18.0900048551], [75.1313942038, 18.0900048551]]]}}, {"type": "Feature", "properties": {"time_min": 60, "depth_min_m": 0.05, "depth_max_m": 1.0, "depth_class": "0.05\u20131.0 m", "class_area_km2": 0.41605291933763755, "flooded_area_km2": 6.592769144818747, "frame_max_depth_m": 132.33808102972478, "class_mean_depth_m": 0.5374198675141908, "scenario_id": "baseline", "model_type": "Automated approximate 2D flood-routing prototype", "validated_hydraulic_output": false}, "geometry": {"type": "Polygon", "coordinates": [[[75.1494497738, 18.0900048551], [75.1494497738, 18.089727077099997], [75.1497275518, 18.089727077099997], [75.1497275518, 18.0900048551], [75.1494497738, 18.0900048551]]]}}, {"type": "Feature", "properties": {"time_min": 60, "depth_min_m": 0.05, "depth_max_m": 1.0, "depth_class": "0.05\u20131.0 m", "class_area_km2": 0.41605291933763755, "flooded_area_km2": 6.592769144818747, "frame_max_depth_m": 132.33808102972478, "class_mean_depth_m": 0.5374198675141908, "scenario_id": "baseline", "model_type": "Automated approximate 2D flood-routing prototype", "validated_hydraulic_output": false}, "geometry": {"type": "Polygon", "coordinates": [[[75.1319497598, 18.089449299099996], [75.1319497598, 18.0891715211], [75.13222753779999, 18.0891715211], [75.13222753779999, 18.089449299099996], [75.1319497598, 18.089449299099996]]]}}, {"type": "Feature", "properties": {"time_min": 60, "depth_min_m": 0.05, "depth_max_m": 1.0, "depth_class": "0.05\u20131.0 m", "class_area_km2": 0.41605291933763755, "flooded_area_km2": 6.592769144818747, "frame_max_depth_m": 132.33808102972478, "class_mean_depth_m": 0.5374198675141908, "scenario_id": "baseline", "model_type": "Automated approximate 2D flood-routing prototype", "validated_hydraulic_output": false}, "geometry": {"type": "Polygon", "coordinates": [[[75.1483386618, 18.089449299099996], [75.1483386618, 18.0891715211], [75.1486164398, 18.0891715211], [75.1486164398, 18.089449299099996], [75.1483386618, 18.089449299099996]]]}}, {"type": "Feature", "properties": {"time_min": 60, "depth_min_m": 0.05, "depth_max_m": 1.0, "depth_class": "0.05\u20131.0 m", "class_area_km2": 0.41605291933763755, "flooded_area_km2": 6.592769144818747, "frame_max_depth_m": 132.33808102972478, "class_mean_depth_m": 0.5374198675141908, "scenario_id": "baseline", "model_type": "Automated approximate 2D flood-routing prototype", "validated_hydraulic_output": false}, "geometry": {"type": "Polygon", "coordinates": [[[75.1316719818, 18.0891715211], [75.1316719818, 18.088893743099998], [75.1319497598, 18.088893743099998], [75.1319497598, 18.0891715211], [75.1316719818, 18.0891715211]]]}}, {"type": "Feature", "properties": {"time_min": 60, "depth_min_m": 0.05, "depth_max_m": 1.0, "depth_class": "0.05\u20131.0 m", "class_area_km2": 0.41605291933763755, "flooded_area_km2": 6.592769144818747, "frame_max_depth_m": 132.33808102972478, "class_mean_depth_m": 0.5374198675141908, "scenario_id": "baseline", "model_type": "Automated approximate 2D flood-routing prototype", "validated_hydraulic_output": false}, "geometry": {"type": "Polygon", "coordinates": [[[75.1497275518, 18.0891715211], [75.1497275518, 18.088893743099998], [75.1500053298, 18.088893743099998], [75.1500053298, 18.0891715211], [75.1497275518, 18.0891715211]]]}}, {"type": "Feature", "properties": {"time_min": 60, "depth_min_m": 0.05, "depth_max_m": 1.0, "depth_class": "0.05\u20131.0 m", "class_area_km2": 0.41605291933763755, "flooded_area_km2": 6.592769144818747, "frame_max_depth_m": 132.33808102972478, "class_mean_depth_m": 0.5374198675141908, "scenario_id": "baseline", "model_type": "Automated approximate 2D flood-routing prototype", "validated_hydraulic_output": false}, "geometry": {"type": "Polygon", "coordinates": [[[75.13222753779999, 18.088893743099998], [75.13222753779999, 18.088615965099997], [75.13250531579999, 18.088615965099997], [75.13250531579999, 18.088893743099998], [75.13222753779999, 18.088893743099998]]]}}, {"type": "Feature", "properties": {"time_min": 60, "depth_min_m": 0.05, "depth_max_m": 1.0, "depth_class": "0.05\u20131.0 m", "class_area_km2": 0.41605291933763755, "flooded_area_km2": 6.592769144818747, "frame_max_depth_m": 132.33808102972478, "class_mean_depth_m": 0.5374198675141908, "scenario_id": "baseline", "model_type": "Automated approximate 2D flood-routing prototype", "validated_hydraulic_output": false}, "geometry": {"type": "Polygon", "coordinates": [[[75.15028310779999, 18.088615965099997], [75.15028310779999, 18.088338187099996], [75.15056088579999, 18.088338187099996], [75.15056088579999, 18.088615965099997], [75.15028310779999, 18.088615965099997]]]}}, {"type": "Feature", "properties": {"time_min": 60, "depth_min_m": 0.05, "depth_max_m": 1.0, "depth_class": "0.05\u20131.0 m", "class_area_km2": 0.41605291933763755, "flooded_area_km2": 6.592769144818747, "frame_max_depth_m": 132.33808102972478, "class_mean_depth_m": 0.5374198675141908, "scenario_id": "baseline", "model_type": "Automated approximate 2D flood-routing prototype", "validated_hydraulic_output": false}, "geometry": {"type": "Polygon", "coordinates": [[[75.13250531579999, 18.088338187099996], [75.13250531579999, 18.0880604091], [75.1327830938, 18.0880604091], [75.1327830938, 18.088338187099996], [75.13250531579999, 18.088338187099996]]]}}, {"type": "Feature", "properties": {"time_min": 60, "depth_min_m": 0.05, "depth_max_m": 1.0, "depth_class": "0.05\u20131.0 m", "class_area_km2": 0.41605291933763755, "flooded_area_km2": 6.592769144818747, "frame_max_depth_m": 132.33808102972478, "class_mean_depth_m": 0.5374198675141908, "scenario_id": "baseline", "model_type": "Automated approximate 2D flood-routing prototype", "validated_hydraulic_output": false}, "geometry": {"type": "Polygon", "coordinates": [[[75.15500533379999, 18.0880604091], [75.15500533379999, 18.087782631099998], [75.15528311179999, 18.087782631099998], [75.15528311179999, 18.0880604091], [75.15500533379999, 18.0880604091]]]}}, {"type": "Feature", "properties": {"time_min": 60, "depth_min_m": 0.05, "depth_max_m": 1.0, "depth_class": "0.05\u20131.0 m", "class_area_km2": 0.41605291933763755, "flooded_area_km2": 6.592769144818747, "frame_max_depth_m": 132.33808102972478, "class_mean_depth_m": 0.5374198675141908, "scenario_id": "baseline", "model_type": "Automated approximate 2D flood-routing prototype", "validated_hydraulic_output": false}, "geometry": {"type": "Polygon", "coordinates": [[[75.13250531579999, 18.087782631099998], [75.13250531579999, 18.087504853099997], [75.1327830938, 18.087504853099997], [75.1327830938, 18.087782631099998], [75.13250531579999, 18.087782631099998]]]}}, {"type": "Feature", "properties": {"time_min": 60, "depth_min_m": 0.05, "depth_max_m": 1.0, "depth_class": "0.05\u20131.0 m", "class_area_km2": 0.41605291933763755, "flooded_area_km2": 6.592769144818747, "frame_max_depth_m": 132.33808102972478, "class_mean_depth_m": 0.5374198675141908, "scenario_id": "baseline", "model_type": "Automated approximate 2D flood-routing prototype", "validated_hydraulic_output": false}, "geometry": {"type": "Polygon", "coordinates": [[[75.1330608718, 18.087504853099997], [75.1330608718, 18.0872270751], [75.13389420579999, 18.0872270751], [75.13389420579999, 18.087504853099997], [75.1330608718, 18.087504853099997]]]}}, {"type": "Feature", "properties": {"time_min": 60, "depth_min_m": 0.05, "depth_max_m": 1.0, "depth_class": "0.05\u20131.0 m", "class_area_km2": 0.41605291933763755, "flooded_area_km2": 6.592769144818747, "frame_max_depth_m": 132.33808102972478, "class_mean_depth_m": 0.5374198675141908, "scenario_id": "baseline", "model_type": "Automated approximate 2D flood-routing prototype", "validated_hydraulic_output": false}, "geometry": {"type": "Polygon", "coordinates": [[[75.1511164418, 18.087504853099997], [75.1511164418, 18.0872270751], [75.1513942198, 18.0872270751], [75.1513942198, 18.087504853099997], [75.1511164418, 18.087504853099997]]]}}, {"type": "Feature", "properties": {"time_min": 60, "depth_min_m": 0.05, "depth_max_m": 1.0, "depth_class": "0.05\u20131.0 m", "class_area_km2": 0.41605291933763755, "flooded_area_km2": 6.592769144818747, "frame_max_depth_m": 132.33808102972478, "class_mean_depth_m": 0.5374198675141908, "scenario_id": "baseline", "model_type": "Automated approximate 2D flood-routing prototype", "validated_hydraulic_output": false}, "geometry": {"type": "Polygon", "coordinates": [[[75.1497275518, 18.0872270751], [75.1497275518, 18.0869492971], [75.15028310779999, 18.0869492971], [75.15028310779999, 18.0872270751], [75.1497275518, 18.0872270751]]]}}, {"type": "Feature", "properties": {"time_min": 60, "depth_min_m": 0.05, "depth_max_m": 1.0, "depth_class": "0.05\u20131.0 m", "class_area_km2": 0.41605291933763755, "flooded_area_km2": 6.592769144818747, "frame_max_depth_m": 132.33808102972478, "class_mean_depth_m": 0.5374198675141908, "scenario_id": "baseline", "model_type": "Automated approximate 2D flood-routing prototype", "validated_hydraulic_output": false}, "geometry": {"type": "Polygon", "coordinates": [[[75.15083866379999, 18.0872270751], [75.15083866379999, 18.0869492971], [75.1511164418, 18.0869492971], [75.1511164418, 18.0872270751], [75.15083866379999, 18.0872270751]]]}}, {"type": "Feature", "properties": {"time_min": 60, "depth_min_m": 0.05, "depth_max_m": 1.0, "depth_class": "0.05\u20131.0 m", "class_area_km2": 0.41605291933763755, "flooded_area_km2": 6.592769144818747, "frame_max_depth_m": 132.33808102972478, "class_mean_depth_m": 0.5374198675141908, "scenario_id": "baseline", "model_type": "Automated approximate 2D flood-routing prototype", "validated_hydraulic_output": false}, "geometry": {"type": "Polygon", "coordinates": [[[75.1316719818, 18.0869492971], [75.1316719818, 18.086671519099998], [75.1319497598, 18.086671519099998], [75.1319497598, 18.0869492971], [75.1316719818, 18.0869492971]]]}}, {"type": "Feature", "properties": {"time_min": 60, "depth_min_m": 0.05, "depth_max_m": 1.0, "depth_class": "0.05\u20131.0 m", "class_area_km2": 0.41605291933763755, "flooded_area_km2": 6.592769144818747, "frame_max_depth_m": 132.33808102972478, "class_mean_depth_m": 0.5374198675141908, "scenario_id": "baseline", "model_type": "Automated approximate 2D flood-routing prototype", "validated_hydraulic_output": false}, "geometry": {"type": "Polygon", "coordinates": [[[75.14750532779999, 18.086671519099998], [75.14750532779999, 18.086393741099997], [75.14778310579999, 18.086393741099997], [75.14778310579999, 18.086671519099998], [75.14750532779999, 18.086671519099998]]]}}, {"type": "Feature", "properties": {"time_min": 60, "depth_min_m": 0.05, "depth_max_m": 1.0, "depth_class": "0.05\u20131.0 m", "class_area_km2": 0.41605291933763755, "flooded_area_km2": 6.592769144818747, "frame_max_depth_m": 132.33808102972478, "class_mean_depth_m": 0.5374198675141908, "scenario_id": "baseline", "model_type": "Automated approximate 2D flood-routing prototype", "validated_hydraulic_output": false}, "geometry": {"type": "Polygon", "coordinates": [[[75.1319497598, 18.086393741099997], [75.1319497598, 18.0861159631], [75.13222753779999, 18.0861159631], [75.13222753779999, 18.086393741099997], [75.1319497598, 18.086393741099997]]]}}, {"type": "Feature", "properties": {"time_min": 60, "depth_min_m": 0.05, "depth_max_m": 1.0, "depth_class": "0.05\u20131.0 m", "class_area_km2": 0.41605291933763755, "flooded_area_km2": 6.592769144818747, "frame_max_depth_m": 132.33808102972478, "class_mean_depth_m": 0.5374198675141908, "scenario_id": "baseline", "model_type": "Automated approximate 2D flood-routing prototype", "validated_hydraulic_output": false}, "geometry": {"type": "Polygon", "coordinates": [[[75.1469497718, 18.0861159631], [75.1469497718, 18.0858381851], [75.1472275498, 18.0858381851], [75.1472275498, 18.0861159631], [75.1469497718, 18.0861159631]]]}}, {"type": "Feature", "properties": {"time_min": 60, "depth_min_m": 0.05, "depth_max_m": 1.0, "depth_class": "0.05\u20131.0 m", "class_area_km2": 0.41605291933763755, "flooded_area_km2": 6.592769144818747, "frame_max_depth_m": 132.33808102972478, "class_mean_depth_m": 0.5374198675141908, "scenario_id": "baseline", "model_type": "Automated approximate 2D flood-routing prototype", "validated_hydraulic_output": false}, "geometry": {"type": "Polygon", "coordinates": [[[75.13222753779999, 18.0861159631], [75.13222753779999, 18.0858381851], [75.13250531579999, 18.0858381851], [75.13250531579999, 18.085560407099997], [75.1327830938, 18.085560407099997], [75.1327830938, 18.0861159631], [75.13222753779999, 18.0861159631]]]}}, {"type": "Feature", "properties": {"time_min": 60, "depth_min_m": 0.05, "depth_max_m": 1.0, "depth_class": "0.05\u20131.0 m", "class_area_km2": 0.41605291933763755, "flooded_area_km2": 6.592769144818747, "frame_max_depth_m": 132.33808102972478, "class_mean_depth_m": 0.5374198675141908, "scenario_id": "baseline", "model_type": "Automated approximate 2D flood-routing prototype", "validated_hydraulic_output": false}, "geometry": {"type": "Polygon", "coordinates": [[[75.1313942038, 18.0858381851], [75.1313942038, 18.085560407099997], [75.1316719818, 18.085560407099997], [75.1316719818, 18.0858381851], [75.1313942038, 18.0858381851]]]}}, {"type": "Feature", "properties": {"time_min": 60, "depth_min_m": 0.05, "depth_max_m": 1.0, "depth_class": "0.05\u20131.0 m", "class_area_km2": 0.41605291933763755, "flooded_area_km2": 6.592769144818747, "frame_max_depth_m": 132.33808102972478, "class_mean_depth_m": 0.5374198675141908, "scenario_id": "baseline", "model_type": "Automated approximate 2D flood-routing prototype", "validated_hydraulic_output": false}, "geometry": {"type": "Polygon", "coordinates": [[[75.14583865979999, 18.0858381851], [75.14583865979999, 18.085560407099997], [75.14611643779999, 18.085560407099997], [75.14611643779999, 18.0858381851], [75.14583865979999, 18.0858381851]]]}}, {"type": "Feature", "properties": {"time_min": 60, "depth_min_m": 0.05, "depth_max_m": 1.0, "depth_class": "0.05\u20131.0 m", "class_area_km2": 0.41605291933763755, "flooded_area_km2": 6.592769144818747, "frame_max_depth_m": 132.33808102972478, "class_mean_depth_m": 0.5374198675141908, "scenario_id": "baseline", "model_type": "Automated approximate 2D flood-routing prototype", "validated_hydraulic_output": false}, "geometry": {"type": "Polygon", "coordinates": [[[75.1347275398, 18.085282629099996], [75.1347275398, 18.0850048511], [75.1350053178, 18.0850048511], [75.1350053178, 18.085282629099996], [75.1347275398, 18.085282629099996]]]}}, {"type": "Feature", "properties": {"time_min": 60, "depth_min_m": 0.05, "depth_max_m": 1.0, "depth_class": "0.05\u20131.0 m", "class_area_km2": 0.41605291933763755, "flooded_area_km2": 6.592769144818747, "frame_max_depth_m": 132.33808102972478, "class_mean_depth_m": 0.5374198675141908, "scenario_id": "baseline", "model_type": "Automated approximate 2D flood-routing prototype", "validated_hydraulic_output": false}, "geometry": {"type": "Polygon", "coordinates": [[[75.1452831038, 18.0850048511], [75.1452831038, 18.084727073099998], [75.14583865979999, 18.084727073099998], [75.14583865979999, 18.0850048511], [75.1452831038, 18.0850048511]]]}}, {"type": "Feature", "properties": {"time_min": 60, "depth_min_m": 0.05, "depth_max_m": 1.0, "depth_class": "0.05\u20131.0 m", "class_area_km2": 0.41605291933763755, "flooded_area_km2": 6.592769144818747, "frame_max_depth_m": 132.33808102972478, "class_mean_depth_m": 0.5374198675141908, "scenario_id": "baseline", "model_type": "Automated approximate 2D flood-routing prototype", "validated_hydraulic_output": false}, "geometry": {"type": "Polygon", "coordinates": [[[75.1350053178, 18.084727073099998], [75.1350053178, 18.084449295099997], [75.13528309579999, 18.084449295099997], [75.13528309579999, 18.084727073099998], [75.1350053178, 18.084727073099998]]]}}, {"type": "Feature", "properties": {"time_min": 60, "depth_min_m": 0.05, "depth_max_m": 1.0, "depth_class": "0.05\u20131.0 m", "class_area_km2": 0.41605291933763755, "flooded_area_km2": 6.592769144818747, "frame_max_depth_m": 132.33808102972478, "class_mean_depth_m": 0.5374198675141908, "scenario_id": "baseline", "model_type": "Automated approximate 2D flood-routing prototype", "validated_hydraulic_output": false}, "geometry": {"type": "Polygon", "coordinates": [[[75.1105608538, 18.085560407099997], [75.1105608538, 18.0850048511], [75.1102830758, 18.0850048511], [75.1102830758, 18.084727073099998], [75.1100052978, 18.084727073099998], [75.1100052978, 18.0841715171], [75.1102830758, 18.0841715171], [75.1102830758, 18.084449295099997], [75.1108386318, 18.084449295099997], [75.1108386318, 18.084727073099998], [75.11111640979999, 18.084727073099998], [75.11111640979999, 18.0850048511], [75.11139418779999, 18.0850048511], [75.11139418779999, 18.084727073099998], [75.1119497438, 18.084727073099998], [75.1119497438, 18.0850048511], [75.1116719658, 18.0850048511], [75.1116719658, 18.085282629099996], [75.11111640979999, 18.085282629099996], [75.11111640979999, 18.085560407099997], [75.1105608538, 18.085560407099997]]]}}, {"type": "Feature", "properties": {"time_min": 60, "depth_min_m": 0.05, "depth_max_m": 1.0, "depth_class": "0.05\u20131.0 m", "class_area_km2": 0.41605291933763755, "flooded_area_km2": 6.592769144818747, "frame_max_depth_m": 132.33808102972478, "class_mean_depth_m": 0.5374198675141908, "scenario_id": "baseline", "model_type": "Automated approximate 2D flood-routing prototype", "validated_hydraulic_output": false}, "geometry": {"type": "Polygon", "coordinates": [[[75.13417198379999, 18.084449295099997], [75.13417198379999, 18.0841715171], [75.1344497618, 18.0841715171], [75.1344497618, 18.084449295099997], [75.13417198379999, 18.084449295099997]]]}}, {"type": "Feature", "properties": {"time_min": 60, "depth_min_m": 0.05, "depth_max_m": 1.0, "depth_class": "0.05\u20131.0 m", "class_area_km2": 0.41605291933763755, "flooded_area_km2": 6.592769144818747, "frame_max_depth_m": 132.33808102972478, "class_mean_depth_m": 0.5374198675141908, "scenario_id": "baseline", "model_type": "Automated approximate 2D flood-routing prototype", "validated_hydraulic_output": false}, "geometry": {"type": "Polygon", "coordinates": [[[75.1436164358, 18.084449295099997], [75.1436164358, 18.0841715171], [75.1438942138, 18.0841715171], [75.1438942138, 18.084449295099997], [75.1436164358, 18.084449295099997]]]}}, {"type": "Feature", "properties": {"time_min": 60, "depth_min_m": 0.05, "depth_max_m": 1.0, "depth_class": "0.05\u20131.0 m", "class_area_km2": 0.41605291933763755, "flooded_area_km2": 6.592769144818747, "frame_max_depth_m": 132.33808102972478, "class_mean_depth_m": 0.5374198675141908, "scenario_id": "baseline", "model_type": "Automated approximate 2D flood-routing prototype", "validated_hydraulic_output": false}, "geometry": {"type": "Polygon", "coordinates": [[[75.1119497438, 18.084727073099998], [75.1119497438, 18.0838937391], [75.1122275218, 18.0838937391], [75.1122275218, 18.083615961099998], [75.11250529979999, 18.083615961099998], [75.11250529979999, 18.0841715171], [75.1122275218, 18.0841715171], [75.1122275218, 18.084727073099998], [75.1119497438, 18.084727073099998]]]}}, {"type": "Feature", "properties": {"time_min": 60, "depth_min_m": 0.05, "depth_max_m": 1.0, "depth_class": "0.05\u20131.0 m", "class_area_km2": 0.41605291933763755, "flooded_area_km2": 6.592769144818747, "frame_max_depth_m": 132.33808102972478, "class_mean_depth_m": 0.5374198675141908, "scenario_id": "baseline", "model_type": "Automated approximate 2D flood-routing prototype", "validated_hydraulic_output": false}, "geometry": {"type": "Polygon", "coordinates": [[[75.11250529979999, 18.083615961099998], [75.11250529979999, 18.083338183099997], [75.11278307779999, 18.083338183099997], [75.11278307779999, 18.083615961099998], [75.11250529979999, 18.083615961099998]]]}}, {"type": "Feature", "properties": {"time_min": 60, "depth_min_m": 0.05, "depth_max_m": 1.0, "depth_class": "0.05\u20131.0 m", "class_area_km2": 0.41605291933763755, "flooded_area_km2": 6.592769144818747, "frame_max_depth_m": 132.33808102972478, "class_mean_depth_m": 0.5374198675141908, "scenario_id": "baseline", "model_type": "Automated approximate 2D flood-routing prototype", "validated_hydraulic_output": false}, "geometry": {"type": "Polygon", "coordinates": [[[75.1405608778, 18.083615961099998], [75.1405608778, 18.083338183099997], [75.1408386558, 18.083338183099997], [75.1408386558, 18.083615961099998], [75.1405608778, 18.083615961099998]]]}}, {"type": "Feature", "properties": {"time_min": 60, "depth_min_m": 0.05, "depth_max_m": 1.0, "depth_class": "0.05\u20131.0 m", "class_area_km2": 0.41605291933763755, "flooded_area_km2": 6.592769144818747, "frame_max_depth_m": 132.33808102972478, "class_mean_depth_m": 0.5374198675141908, "scenario_id": "baseline", "model_type": "Automated approximate 2D flood-routing prototype", "validated_hydraulic_output": false}, "geometry": {"type": "Polygon", "coordinates": [[[75.1408386558, 18.083338183099997], [75.1408386558, 18.0830604051], [75.1411164338, 18.0830604051], [75.1411164338, 18.083338183099997], [75.1408386558, 18.083338183099997]]]}}, {"type": "Feature", "properties": {"time_min": 60, "depth_min_m": 0.05, "depth_max_m": 1.0, "depth_class": "0.05\u20131.0 m", "class_area_km2": 0.41605291933763755, "flooded_area_km2": 6.592769144818747, "frame_max_depth_m": 132.33808102972478, "class_mean_depth_m": 0.5374198675141908, "scenario_id": "baseline", "model_type": "Automated approximate 2D flood-routing prototype", "validated_hydraulic_output": false}, "geometry": {"type": "Polygon", "coordinates": [[[75.1344497618, 18.0830604051], [75.1344497618, 18.0827826271], [75.13528309579999, 18.0827826271], [75.13528309579999, 18.0830604051], [75.1344497618, 18.0830604051]]]}}, {"type": "Feature", "properties": {"time_min": 60, "depth_min_m": 0.05, "depth_max_m": 1.0, "depth_class": "0.05\u20131.0 m", "class_area_km2": 0.41605291933763755, "flooded_area_km2": 6.592769144818747, "frame_max_depth_m": 132.33808102972478, "class_mean_depth_m": 0.5374198675141908, "scenario_id": "baseline", "model_type": "Automated approximate 2D flood-routing prototype", "validated_hydraulic_output": false}, "geometry": {"type": "Polygon", "coordinates": [[[75.10972751979999, 18.0841715171], [75.10972751979999, 18.0838937391], [75.10944974179999, 18.0838937391], [75.10944974179999, 18.082504849099998], [75.10972751979999, 18.082504849099998], [75.10972751979999, 18.083615961099998], [75.1100052978, 18.083615961099998], [75.1100052978, 18.0841715171], [75.10972751979999, 18.0841715171]]]}}, {"type": "Feature", "properties": {"time_min": 60, "depth_min_m": 0.05, "depth_max_m": 1.0, "depth_class": "0.05\u20131.0 m", "class_area_km2": 0.41605291933763755, "flooded_area_km2": 6.592769144818747, "frame_max_depth_m": 132.33808102972478, "class_mean_depth_m": 0.5374198675141908, "scenario_id": "baseline", "model_type": "Automated approximate 2D flood-routing prototype", "validated_hydraulic_output": false}, "geometry": {"type": "Polygon", "coordinates": [[[75.11250529979999, 18.0830604051], [75.11250529979999, 18.082504849099998], [75.11278307779999, 18.082504849099998], [75.11278307779999, 18.0827826271], [75.1130608558, 18.0827826271], [75.1130608558, 18.0830604051], [75.11250529979999, 18.0830604051]]]}}, {"type": "Feature", "properties": {"time_min": 60, "depth_min_m": 0.05, "depth_max_m": 1.0, "depth_class": "0.05\u20131.0 m", "class_area_km2": 0.41605291933763755, "flooded_area_km2": 6.592769144818747, "frame_max_depth_m": 132.33808102972478, "class_mean_depth_m": 0.5374198675141908, "scenario_id": "baseline", "model_type": "Automated approximate 2D flood-routing prototype", "validated_hydraulic_output": false}, "geometry": {"type": "Polygon", "coordinates": [[[75.1358386518, 18.0830604051], [75.1358386518, 18.082504849099998], [75.1361164298, 18.082504849099998], [75.1361164298, 18.0827826271], [75.1363942078, 18.0827826271], [75.1363942078, 18.0830604051], [75.1358386518, 18.0830604051]]]}}, {"type": "Feature", "properties": {"time_min": 60, "depth_min_m": 0.05, "depth_max_m": 1.0, "depth_class": "0.05\u20131.0 m", "class_area_km2": 0.41605291933763755, "flooded_area_km2": 6.592769144818747, "frame_max_depth_m": 132.33808102972478, "class_mean_depth_m": 0.5374198675141908, "scenario_id": "baseline", "model_type": "Automated approximate 2D flood-routing prototype", "validated_hydraulic_output": false}, "geometry": {"type": "Polygon", "coordinates": [[[75.11278307779999, 18.082504849099998], [75.11278307779999, 18.082227071099997], [75.1130608558, 18.082227071099997], [75.1130608558, 18.082504849099998], [75.11278307779999, 18.082504849099998]]]}}, {"type": "Feature", "properties": {"time_min": 60, "depth_min_m": 0.05, "depth_max_m": 1.0, "depth_class": "0.05\u20131.0 m", "class_area_km2": 0.41605291933763755, "flooded_area_km2": 6.592769144818747, "frame_max_depth_m": 132.33808102972478, "class_mean_depth_m": 0.5374198675141908, "scenario_id": "baseline", "model_type": "Automated approximate 2D flood-routing prototype", "validated_hydraulic_output": false}, "geometry": {"type": "Polygon", "coordinates": [[[75.1130608558, 18.082227071099997], [75.1130608558, 18.0819492931], [75.1133386338, 18.0819492931], [75.1133386338, 18.082227071099997], [75.1130608558, 18.082227071099997]]]}}, {"type": "Feature", "properties": {"time_min": 60, "depth_min_m": 0.05, "depth_max_m": 1.0, "depth_class": "0.05\u20131.0 m", "class_area_km2": 0.41605291933763755, "flooded_area_km2": 6.592769144818747, "frame_max_depth_m": 132.33808102972478, "class_mean_depth_m": 0.5374198675141908, "scenario_id": "baseline", "model_type": "Automated approximate 2D flood-routing prototype", "validated_hydraulic_output": false}, "geometry": {"type": "Polygon", "coordinates": [[[75.1133386338, 18.0819492931], [75.1133386338, 18.0816715151], [75.1136164118, 18.0816715151], [75.1136164118, 18.0819492931], [75.1133386338, 18.0819492931]]]}}, {"type": "Feature", "properties": {"time_min": 60, "depth_min_m": 0.05, "depth_max_m": 1.0, "depth_class": "0.05\u20131.0 m", "class_area_km2": 0.41605291933763755, "flooded_area_km2": 6.592769144818747, "frame_max_depth_m": 132.33808102972478, "class_mean_depth_m": 0.5374198675141908, "scenario_id": "baseline", "model_type": "Automated approximate 2D flood-routing prototype", "validated_hydraulic_output": false}, "geometry": {"type": "Polygon", "coordinates": [[[75.1136164118, 18.0816715151], [75.1136164118, 18.081393737099997], [75.11389418979999, 18.081393737099997], [75.11389418979999, 18.0816715151], [75.1136164118, 18.0816715151]]]}}, {"type": "Feature", "properties": {"time_min": 60, "depth_min_m": 0.05, "depth_max_m": 1.0, "depth_class": "0.05\u20131.0 m", "class_area_km2": 0.41605291933763755, "flooded_area_km2": 6.592769144818747, "frame_max_depth_m": 132.33808102972478, "class_mean_depth_m": 0.5374198675141908, "scenario_id": "baseline", "model_type": "Automated approximate 2D flood-routing prototype", "validated_hydraulic_output": false}, "geometry": {"type": "Polygon", "coordinates": [[[75.1347275398, 18.0816715151], [75.1347275398, 18.081393737099997], [75.1350053178, 18.081393737099997], [75.1350053178, 18.0816715151], [75.1347275398, 18.0816715151]]]}}, {"type": "Feature", "properties": {"time_min": 60, "depth_min_m": 0.05, "depth_max_m": 1.0, "depth_class": "0.05\u20131.0 m", "class_area_km2": 0.41605291933763755, "flooded_area_km2": 6.592769144818747, "frame_max_depth_m": 132.33808102972478, "class_mean_depth_m": 0.5374198675141908, "scenario_id": "baseline", "model_type": "Automated approximate 2D flood-routing prototype", "validated_hydraulic_output": false}, "geometry": {"type": "Polygon", "coordinates": [[[75.13528309579999, 18.0816715151], [75.13528309579999, 18.081393737099997], [75.13556087379999, 18.081393737099997], [75.13556087379999, 18.0816715151], [75.13528309579999, 18.0816715151]]]}}, {"type": "Feature", "properties": {"time_min": 60, "depth_min_m": 0.05, "depth_max_m": 1.0, "depth_class": "0.05\u20131.0 m", "class_area_km2": 0.41605291933763755, "flooded_area_km2": 6.592769144818747, "frame_max_depth_m": 132.33808102972478, "class_mean_depth_m": 0.5374198675141908, "scenario_id": "baseline", "model_type": "Automated approximate 2D flood-routing prototype", "validated_hydraulic_output": false}, "geometry": {"type": "Polygon", "coordinates": [[[75.11389418979999, 18.081393737099997], [75.11389418979999, 18.081115959099996], [75.11417196779999, 18.081115959099996], [75.11417196779999, 18.081393737099997], [75.11389418979999, 18.081393737099997]]]}}, {"type": "Feature", "properties": {"time_min": 60, "depth_min_m": 0.05, "depth_max_m": 1.0, "depth_class": "0.05\u20131.0 m", "class_area_km2": 0.41605291933763755, "flooded_area_km2": 6.592769144818747, "frame_max_depth_m": 132.33808102972478, "class_mean_depth_m": 0.5374198675141908, "scenario_id": "baseline", "model_type": "Automated approximate 2D flood-routing prototype", "validated_hydraulic_output": false}, "geometry": {"type": "Polygon", "coordinates": [[[75.1091719638, 18.082504849099998], [75.1091719638, 18.081115959099996], [75.10944974179999, 18.081115959099996], [75.10944974179999, 18.0808381811], [75.10972751979999, 18.0808381811], [75.10972751979999, 18.081393737099997], [75.10944974179999, 18.081393737099997], [75.10944974179999, 18.082504849099998], [75.1091719638, 18.082504849099998]]]}}, {"type": "Feature", "properties": {"time_min": 60, "depth_min_m": 0.05, "depth_max_m": 1.0, "depth_class": "0.05\u20131.0 m", "class_area_km2": 0.41605291933763755, "flooded_area_km2": 6.592769144818747, "frame_max_depth_m": 132.33808102972478, "class_mean_depth_m": 0.5374198675141908, "scenario_id": "baseline", "model_type": "Automated approximate 2D flood-routing prototype", "validated_hydraulic_output": false}, "geometry": {"type": "Polygon", "coordinates": [[[75.11444974579999, 18.081115959099996], [75.11444974579999, 18.0808381811], [75.1147275238, 18.0808381811], [75.1147275238, 18.081115959099996], [75.11444974579999, 18.081115959099996]]]}}, {"type": "Feature", "properties": {"time_min": 60, "depth_min_m": 0.05, "depth_max_m": 1.0, "depth_class": "0.05\u20131.0 m", "class_area_km2": 0.41605291933763755, "flooded_area_km2": 6.592769144818747, "frame_max_depth_m": 132.33808102972478, "class_mean_depth_m": 0.5374198675141908, "scenario_id": "baseline", "model_type": "Automated approximate 2D flood-routing prototype", "validated_hydraulic_output": false}, "geometry": {"type": "Polygon", "coordinates": [[[75.13417198379999, 18.081115959099996], [75.13417198379999, 18.0808381811], [75.1347275398, 18.0808381811], [75.1347275398, 18.081115959099996], [75.13417198379999, 18.081115959099996]]]}}, {"type": "Feature", "properties": {"time_min": 60, "depth_min_m": 0.05, "depth_max_m": 1.0, "depth_class": "0.05\u20131.0 m", "class_area_km2": 0.41605291933763755, "flooded_area_km2": 6.592769144818747, "frame_max_depth_m": 132.33808102972478, "class_mean_depth_m": 0.5374198675141908, "scenario_id": "baseline", "model_type": "Automated approximate 2D flood-routing prototype", "validated_hydraulic_output": false}, "geometry": {"type": "Polygon", "coordinates": [[[75.1350053178, 18.081115959099996], [75.1350053178, 18.0808381811], [75.13528309579999, 18.0808381811], [75.13528309579999, 18.081115959099996], [75.1350053178, 18.081115959099996]]]}}, {"type": "Feature", "properties": {"time_min": 60, "depth_min_m": 0.05, "depth_max_m": 1.0, "depth_class": "0.05\u20131.0 m", "class_area_km2": 0.41605291933763755, "flooded_area_km2": 6.592769144818747, "frame_max_depth_m": 132.33808102972478, "class_mean_depth_m": 0.5374198675141908, "scenario_id": "baseline", "model_type": "Automated approximate 2D flood-routing prototype", "validated_hydraulic_output": false}, "geometry": {"type": "Polygon", "coordinates": [[[75.10972751979999, 18.0808381811], [75.10972751979999, 18.080560403099998], [75.1100052978, 18.080560403099998], [75.1100052978, 18.0808381811], [75.10972751979999, 18.0808381811]]]}}, {"type": "Feature", "properties": {"time_min": 60, "depth_min_m": 0.05, "depth_max_m": 1.0, "depth_class": "0.05\u20131.0 m", "class_area_km2": 0.41605291933763755, "flooded_area_km2": 6.592769144818747, "frame_max_depth_m": 132.33808102972478, "class_mean_depth_m": 0.5374198675141908, "scenario_id": "baseline", "model_type": "Automated approximate 2D flood-routing prototype", "validated_hydraulic_output": false}, "geometry": {"type": "Polygon", "coordinates": [[[75.1147275238, 18.0808381811], [75.1147275238, 18.080560403099998], [75.1150053018, 18.080560403099998], [75.1150053018, 18.0808381811], [75.1147275238, 18.0808381811]]]}}, {"type": "Feature", "properties": {"time_min": 60, "depth_min_m": 0.05, "depth_max_m": 1.0, "depth_class": "0.05\u20131.0 m", "class_area_km2": 0.41605291933763755, "flooded_area_km2": 6.592769144818747, "frame_max_depth_m": 132.33808102972478, "class_mean_depth_m": 0.5374198675141908, "scenario_id": "baseline", "model_type": "Automated approximate 2D flood-routing prototype", "validated_hydraulic_output": false}, "geometry": {"type": "Polygon", "coordinates": [[[75.11556085779999, 18.0808381811], [75.11556085779999, 18.080560403099998], [75.11583863579999, 18.080560403099998], [75.11583863579999, 18.0808381811], [75.11556085779999, 18.0808381811]]]}}, {"type": "Feature", "properties": {"time_min": 60, "depth_min_m": 0.05, "depth_max_m": 1.0, "depth_class": "0.05\u20131.0 m", "class_area_km2": 0.41605291933763755, "flooded_area_km2": 6.592769144818747, "frame_max_depth_m": 132.33808102972478, "class_mean_depth_m": 0.5374198675141908, "scenario_id": "baseline", "model_type": "Automated approximate 2D flood-routing prototype", "validated_hydraulic_output": false}, "geometry": {"type": "Polygon", "coordinates": [[[75.1150053018, 18.080560403099998], [75.1150053018, 18.080282625099997], [75.11556085779999, 18.080282625099997], [75.11556085779999, 18.080560403099998], [75.1150053018, 18.080560403099998]]]}}, {"type": "Feature", "properties": {"time_min": 60, "depth_min_m": 0.05, "depth_max_m": 1.0, "depth_class": "0.05\u20131.0 m", "class_area_km2": 0.41605291933763755, "flooded_area_km2": 6.592769144818747, "frame_max_depth_m": 132.33808102972478, "class_mean_depth_m": 0.5374198675141908, "scenario_id": "baseline", "model_type": "Automated approximate 2D flood-routing prototype", "validated_hydraulic_output": false}, "geometry": {"type": "Polygon", "coordinates": [[[75.1161164138, 18.080560403099998], [75.1161164138, 18.080282625099997], [75.11694974779999, 18.080282625099997], [75.11694974779999, 18.080560403099998], [75.1161164138, 18.080560403099998]]]}}, {"type": "Feature", "properties": {"time_min": 60, "depth_min_m": 0.05, "depth_max_m": 1.0, "depth_class": "0.05\u20131.0 m", "class_area_km2": 0.41605291933763755, "flooded_area_km2": 6.592769144818747, "frame_max_depth_m": 132.33808102972478, "class_mean_depth_m": 0.5374198675141908, "scenario_id": "baseline", "model_type": "Automated approximate 2D flood-routing prototype", "validated_hydraulic_output": false}, "geometry": {"type": "Polygon", "coordinates": [[[75.10944974179999, 18.080282625099997], [75.10944974179999, 18.0800048471], [75.10972751979999, 18.0800048471], [75.10972751979999, 18.080282625099997], [75.10944974179999, 18.080282625099997]]]}}, {"type": "Feature", "properties": {"time_min": 60, "depth_min_m": 0.05, "depth_max_m": 1.0, "depth_class": "0.05\u20131.0 m", "class_area_km2": 0.41605291933763755, "flooded_area_km2": 6.592769144818747, "frame_max_depth_m": 132.33808102972478, "class_mean_depth_m": 0.5374198675141908, "scenario_id": "baseline", "model_type": "Automated approximate 2D flood-routing prototype", "validated_hydraulic_output": false}, "geometry": {"type": "Polygon", "coordinates": [[[75.1191719718, 18.080560403099998], [75.1191719718, 18.080282625099997], [75.11694974779999, 18.080282625099997], [75.11694974779999, 18.0800048471], [75.1194497498, 18.0800048471], [75.1194497498, 18.080282625099997], [75.1197275278, 18.080282625099997], [75.1197275278, 18.080560403099998], [75.1191719718, 18.080560403099998]]]}}, {"type": "Feature", "properties": {"time_min": 60, "depth_min_m": 0.05, "depth_max_m": 1.0, "depth_class": "0.05\u20131.0 m", "class_area_km2": 0.41605291933763755, "flooded_area_km2": 6.592769144818747, "frame_max_depth_m": 132.33808102972478, "class_mean_depth_m": 0.5374198675141908, "scenario_id": "baseline", "model_type": "Automated approximate 2D flood-routing prototype", "validated_hydraulic_output": false}, "geometry": {"type": "Polygon", "coordinates": [[[75.13222753779999, 18.080282625099997], [75.13222753779999, 18.0800048471], [75.13250531579999, 18.0800048471], [75.13250531579999, 18.080282625099997], [75.13222753779999, 18.080282625099997]]]}}, {"type": "Feature", "properties": {"time_min": 60, "depth_min_m": 0.05, "depth_max_m": 1.0, "depth_class": "0.05\u20131.0 m", "class_area_km2": 0.41605291933763755, "flooded_area_km2": 6.592769144818747, "frame_max_depth_m": 132.33808102972478, "class_mean_depth_m": 0.5374198675141908, "scenario_id": "baseline", "model_type": "Automated approximate 2D flood-routing prototype", "validated_hydraulic_output": false}, "geometry": {"type": "Polygon", "coordinates": [[[75.1072275178, 18.0800048471], [75.1072275178, 18.0797270691], [75.1077830738, 18.0797270691], [75.1077830738, 18.0800048471], [75.1072275178, 18.0800048471]]]}}, {"type": "Feature", "properties": {"time_min": 60, "depth_min_m": 0.05, "depth_max_m": 1.0, "depth_class": "0.05\u20131.0 m", "class_area_km2": 0.41605291933763755, "flooded_area_km2": 6.592769144818747, "frame_max_depth_m": 132.33808102972478, "class_mean_depth_m": 0.5374198675141908, "scenario_id": "baseline", "model_type": "Automated approximate 2D flood-routing prototype", "validated_hydraulic_output": false}, "geometry": {"type": "Polygon", "coordinates": [[[75.1191719718, 18.079449291099998], [75.1191719718, 18.079171513099997], [75.1194497498, 18.079171513099997], [75.1194497498, 18.079449291099998], [75.1191719718, 18.079449291099998]]]}}, {"type": "Feature", "properties": {"time_min": 60, "depth_min_m": 0.05, "depth_max_m": 1.0, "depth_class": "0.05\u20131.0 m", "class_area_km2": 0.41605291933763755, "flooded_area_km2": 6.592769144818747, "frame_max_depth_m": 132.33808102972478, "class_mean_depth_m": 0.5374198675141908, "scenario_id": "baseline", "model_type": "Automated approximate 2D flood-routing prototype", "validated_hydraulic_output": false}, "geometry": {"type": "Polygon", "coordinates": [[[75.11889419379999, 18.079171513099997], [75.11889419379999, 18.0788937351], [75.1191719718, 18.0788937351], [75.1191719718, 18.079171513099997], [75.11889419379999, 18.079171513099997]]]}}, {"type": "Feature", "properties": {"time_min": 60, "depth_min_m": 0.05, "depth_max_m": 1.0, "depth_class": "0.05\u20131.0 m", "class_area_km2": 0.41605291933763755, "flooded_area_km2": 6.592769144818747, "frame_max_depth_m": 132.33808102972478, "class_mean_depth_m": 0.5374198675141908, "scenario_id": "baseline", "model_type": "Automated approximate 2D flood-routing prototype", "validated_hydraulic_output": false}, "geometry": {"type": "Polygon", "coordinates": [[[75.1191719718, 18.0788937351], [75.1191719718, 18.0786159571], [75.1197275278, 18.0786159571], [75.1197275278, 18.0788937351], [75.1191719718, 18.0788937351]]]}}, {"type": "Feature", "properties": {"time_min": 60, "depth_min_m": 0.05, "depth_max_m": 1.0, "depth_class": "0.05\u20131.0 m", "class_area_km2": 0.41605291933763755, "flooded_area_km2": 6.592769144818747, "frame_max_depth_m": 132.33808102972478, "class_mean_depth_m": 0.5374198675141908, "scenario_id": "baseline", "model_type": "Automated approximate 2D flood-routing prototype", "validated_hydraulic_output": false}, "geometry": {"type": "Polygon", "coordinates": [[[75.12028308379999, 18.0788937351], [75.12028308379999, 18.0786159571], [75.1205608618, 18.0786159571], [75.1205608618, 18.0788937351], [75.12028308379999, 18.0788937351]]]}}, {"type": "Feature", "properties": {"time_min": 60, "depth_min_m": 0.05, "depth_max_m": 1.0, "depth_class": "0.05\u20131.0 m", "class_area_km2": 0.41605291933763755, "flooded_area_km2": 6.592769144818747, "frame_max_depth_m": 132.33808102972478, "class_mean_depth_m": 0.5374198675141908, "scenario_id": "baseline", "model_type": "Automated approximate 2D flood-routing prototype", "validated_hydraulic_output": false}, "geometry": {"type": "Polygon", "coordinates": [[[75.10639418379999, 18.0797270691], [75.10639418379999, 18.079449291099998], [75.1058386278, 18.079449291099998], [75.1058386278, 18.0786159571], [75.1055608498, 18.0786159571], [75.1055608498, 18.0788937351], [75.10500529379999, 18.0788937351], [75.10500529379999, 18.0786159571], [75.1047275158, 18.0786159571], [75.1047275158, 18.078338179099998], [75.10528307179999, 18.078338179099998], [75.10528307179999, 18.078060401099997], [75.1055608498, 18.078060401099997], [75.1055608498, 18.078338179099998], [75.1061164058, 18.078338179099998], [75.1061164058, 18.079171513099997], [75.1077830738, 18.079171513099997], [75.1077830738, 18.079449291099998], [75.1072275178, 18.079449291099998], [75.1072275178, 18.0797270691], [75.10639418379999, 18.0797270691]]]}}, {"type": "Feature", "properties": {"time_min": 60, "depth_min_m": 0.05, "depth_max_m": 1.0, "depth_class": "0.05\u20131.0 m", "class_area_km2": 0.41605291933763755, "flooded_area_km2": 6.592769144818747, "frame_max_depth_m": 132.33808102972478, "class_mean_depth_m": 0.5374198675141908, "scenario_id": "baseline", "model_type": "Automated approximate 2D flood-routing prototype", "validated_hydraulic_output": false}, "geometry": {"type": "Polygon", "coordinates": [[[75.1061164058, 18.078338179099998], [75.1061164058, 18.078060401099997], [75.10639418379999, 18.078060401099997], [75.10639418379999, 18.078338179099998], [75.1061164058, 18.078338179099998]]]}}, {"type": "Feature", "properties": {"time_min": 60, "depth_min_m": 0.05, "depth_max_m": 1.0, "depth_class": "0.05\u20131.0 m", "class_area_km2": 0.41605291933763755, "flooded_area_km2": 6.592769144818747, "frame_max_depth_m": 132.33808102972478, "class_mean_depth_m": 0.5374198675141908, "scenario_id": "baseline", "model_type": "Automated approximate 2D flood-routing prototype", "validated_hydraulic_output": false}, "geometry": {"type": "Polygon", "coordinates": [[[75.10333862579999, 18.0786159571], [75.10333862579999, 18.078338179099998], [75.10361640379999, 18.078338179099998], [75.10361640379999, 18.078060401099997], [75.1038941818, 18.078060401099997], [75.1038941818, 18.0777826231], [75.1041719598, 18.0777826231], [75.1041719598, 18.078060401099997], [75.1044497378, 18.078060401099997], [75.1044497378, 18.0786159571], [75.10333862579999, 18.0786159571]]]}}, {"type": "Feature", "properties": {"time_min": 60, "depth_min_m": 0.05, "depth_max_m": 1.0, "depth_class": "0.05\u20131.0 m", "class_area_km2": 0.41605291933763755, "flooded_area_km2": 6.592769144818747, "frame_max_depth_m": 132.33808102972478, "class_mean_depth_m": 0.5374198675141908, "scenario_id": "baseline", "model_type": "Automated approximate 2D flood-routing prototype", "validated_hydraulic_output": false}, "geometry": {"type": "Polygon", "coordinates": [[[75.1205608618, 18.078060401099997], [75.1205608618, 18.0777826231], [75.1208386398, 18.0777826231], [75.1208386398, 18.078060401099997], [75.1205608618, 18.078060401099997]]]}}, {"type": "Feature", "properties": {"time_min": 60, "depth_min_m": 0.05, "depth_max_m": 1.0, "depth_class": "0.05\u20131.0 m", "class_area_km2": 0.41605291933763755, "flooded_area_km2": 6.592769144818747, "frame_max_depth_m": 132.33808102972478, "class_mean_depth_m": 0.5374198675141908, "scenario_id": "baseline", "model_type": "Automated approximate 2D flood-routing prototype", "validated_hydraulic_output": false}, "geometry": {"type": "Polygon", "coordinates": [[[75.1077830738, 18.0797270691], [75.1077830738, 18.079449291099998], [75.1086164078, 18.079449291099998], [75.1086164078, 18.0788937351], [75.10833862979999, 18.0788937351], [75.10833862979999, 18.078338179099998], [75.10806085179999, 18.078338179099998], [75.10806085179999, 18.0786159571], [75.1077830738, 18.0786159571], [75.1077830738, 18.078338179099998], [75.1069497398, 18.078338179099998], [75.1069497398, 18.077504845099998], [75.1086164078, 18.077504845099998], [75.1086164078, 18.078338179099998], [75.1088941858, 18.078338179099998], [75.1088941858, 18.0786159571], [75.1091719638, 18.0786159571], [75.1091719638, 18.0788937351], [75.10944974179999, 18.0788937351], [75.10944974179999, 18.079449291099998], [75.10972751979999, 18.079449291099998], [75.10972751979999, 18.0797270691], [75.1091719638, 18.0797270691], [75.1091719638, 18.079449291099998], [75.1088941858, 18.079449291099998], [75.1088941858, 18.0797270691], [75.1077830738, 18.0797270691]], [[75.1072275178, 18.078060401099997], [75.1075052958, 18.078060401099997], [75.1075052958, 18.0777826231], [75.1072275178, 18.0777826231], [75.1072275178, 18.078060401099997]], [[75.10806085179999, 18.078060401099997], [75.10833862979999, 18.078060401099997], [75.10833862979999, 18.0777826231], [75.10806085179999, 18.0777826231], [75.10806085179999, 18.078060401099997]]]}}, {"type": "Feature", "properties": {"time_min": 60, "depth_min_m": 0.05, "depth_max_m": 1.0, "depth_class": "0.05\u20131.0 m", "class_area_km2": 0.41605291933763755, "flooded_area_km2": 6.592769144818747, "frame_max_depth_m": 132.33808102972478, "class_mean_depth_m": 0.5374198675141908, "scenario_id": "baseline", "model_type": "Automated approximate 2D flood-routing prototype", "validated_hydraulic_output": false}, "geometry": {"type": "Polygon", "coordinates": [[[75.10028306779999, 18.078060401099997], [75.10028306779999, 18.0777826231], [75.1000052898, 18.0777826231], [75.1000052898, 18.077504845099998], [75.10056084579999, 18.077504845099998], [75.10056084579999, 18.0777826231], [75.1011164018, 18.0777826231], [75.1011164018, 18.078060401099997], [75.10028306779999, 18.078060401099997]]]}}, {"type": "Feature", "properties": {"time_min": 60, "depth_min_m": 0.05, "depth_max_m": 1.0, "depth_class": "0.05\u20131.0 m", "class_area_km2": 0.41605291933763755, "flooded_area_km2": 6.592769144818747, "frame_max_depth_m": 132.33808102972478, "class_mean_depth_m": 0.5374198675141908, "scenario_id": "baseline", "model_type": "Automated approximate 2D flood-routing prototype", "validated_hydraulic_output": false}, "geometry": {"type": "Polygon", "coordinates": [[[75.10222751379999, 18.078338179099998], [75.10222751379999, 18.078060401099997], [75.10194973579999, 18.078060401099997], [75.10194973579999, 18.0777826231], [75.1011164018, 18.0777826231], [75.1011164018, 18.077504845099998], [75.1027830698, 18.077504845099998], [75.1027830698, 18.0777826231], [75.1030608478, 18.0777826231], [75.1030608478, 18.078338179099998], [75.10222751379999, 18.078338179099998]]]}}, {"type": "Feature", "properties": {"time_min": 60, "depth_min_m": 0.05, "depth_max_m": 1.0, "depth_class": "0.05\u20131.0 m", "class_area_km2": 0.41605291933763755, "flooded_area_km2": 6.592769144818747, "frame_max_depth_m": 132.33808102972478, "class_mean_depth_m": 0.5374198675141908, "scenario_id": "baseline", "model_type": "Automated approximate 2D flood-routing prototype", "validated_hydraulic_output": false}, "geometry": {"type": "Polygon", "coordinates": [[[75.1225053078, 18.077227067099997], [75.1225053078, 18.076949289099996], [75.1227830858, 18.076949289099996], [75.1227830858, 18.077227067099997], [75.1225053078, 18.077227067099997]]]}}, {"type": "Feature", "properties": {"time_min": 60, "depth_min_m": 0.05, "depth_max_m": 1.0, "depth_class": "0.05\u20131.0 m", "class_area_km2": 0.41605291933763755, "flooded_area_km2": 6.592769144818747, "frame_max_depth_m": 132.33808102972478, "class_mean_depth_m": 0.5374198675141908, "scenario_id": "baseline", "model_type": "Automated approximate 2D flood-routing prototype", "validated_hydraulic_output": false}, "geometry": {"type": "Polygon", "coordinates": [[[75.13250531579999, 18.077227067099997], [75.13250531579999, 18.076949289099996], [75.1327830938, 18.076949289099996], [75.1327830938, 18.077227067099997], [75.13250531579999, 18.077227067099997]]]}}, {"type": "Feature", "properties": {"time_min": 60, "depth_min_m": 0.05, "depth_max_m": 1.0, "depth_class": "0.05\u20131.0 m", "class_area_km2": 0.41605291933763755, "flooded_area_km2": 6.592769144818747, "frame_max_depth_m": 132.33808102972478, "class_mean_depth_m": 0.5374198675141908, "scenario_id": "baseline", "model_type": "Automated approximate 2D flood-routing prototype", "validated_hydraulic_output": false}, "geometry": {"type": "Polygon", "coordinates": [[[75.1316719818, 18.0766715111], [75.1316719818, 18.076393733099998], [75.13222753779999, 18.076393733099998], [75.13222753779999, 18.076115955099997], [75.1327830938, 18.076115955099997], [75.1327830938, 18.076393733099998], [75.13250531579999, 18.076393733099998], [75.13250531579999, 18.0766715111], [75.1316719818, 18.0766715111]]]}}, {"type": "Feature", "properties": {"time_min": 60, "depth_min_m": 0.05, "depth_max_m": 1.0, "depth_class": "0.05\u20131.0 m", "class_area_km2": 0.41605291933763755, "flooded_area_km2": 6.592769144818747, "frame_max_depth_m": 132.33808102972478, "class_mean_depth_m": 0.5374198675141908, "scenario_id": "baseline", "model_type": "Automated approximate 2D flood-routing prototype", "validated_hydraulic_output": false}, "geometry": {"type": "Polygon", "coordinates": [[[75.1302830918, 18.076393733099998], [75.1302830918, 18.076115955099997], [75.1305608698, 18.076115955099997], [75.1305608698, 18.076393733099998], [75.1302830918, 18.076393733099998]]]}}, {"type": "Feature", "properties": {"time_min": 60, "depth_min_m": 0.05, "depth_max_m": 1.0, "depth_class": "0.05\u20131.0 m", "class_area_km2": 0.41605291933763755, "flooded_area_km2": 6.592769144818747, "frame_max_depth_m": 132.33808102972478, "class_mean_depth_m": 0.5374198675141908, "scenario_id": "baseline", "model_type": "Automated approximate 2D flood-routing prototype", "validated_hydraulic_output": false}, "geometry": {"type": "Polygon", "coordinates": [[[75.1297275358, 18.076115955099997], [75.1297275358, 18.0758381771], [75.1300053138, 18.0758381771], [75.1300053138, 18.076115955099997], [75.1297275358, 18.076115955099997]]]}}, {"type": "Feature", "properties": {"time_min": 60, "depth_min_m": 0.05, "depth_max_m": 1.0, "depth_class": "0.05\u20131.0 m", "class_area_km2": 0.41605291933763755, "flooded_area_km2": 6.592769144818747, "frame_max_depth_m": 132.33808102972478, "class_mean_depth_m": 0.5374198675141908, "scenario_id": "baseline", "model_type": "Automated approximate 2D flood-routing prototype", "validated_hydraulic_output": false}, "geometry": {"type": "Polygon", "coordinates": [[[75.1305608698, 18.076115955099997], [75.1305608698, 18.0758381771], [75.13111642579999, 18.0758381771], [75.13111642579999, 18.076115955099997], [75.1305608698, 18.076115955099997]]]}}, {"type": "Feature", "properties": {"time_min": 60, "depth_min_m": 0.05, "depth_max_m": 1.0, "depth_class": "0.05\u20131.0 m", "class_area_km2": 0.41605291933763755, "flooded_area_km2": 6.592769144818747, "frame_max_depth_m": 132.33808102972478, "class_mean_depth_m": 0.5374198675141908, "scenario_id": "baseline", "model_type": "Automated approximate 2D flood-routing prototype", "validated_hydraulic_output": false}, "geometry": {"type": "Polygon", "coordinates": [[[75.1316719818, 18.076115955099997], [75.1316719818, 18.0758381771], [75.1319497598, 18.0758381771], [75.1319497598, 18.076115955099997], [75.1316719818, 18.076115955099997]]]}}, {"type": "Feature", "properties": {"time_min": 60, "depth_min_m": 0.05, "depth_max_m": 1.0, "depth_class": "0.05\u20131.0 m", "class_area_km2": 0.41605291933763755, "flooded_area_km2": 6.592769144818747, "frame_max_depth_m": 132.33808102972478, "class_mean_depth_m": 0.5374198675141908, "scenario_id": "baseline", "model_type": "Automated approximate 2D flood-routing prototype", "validated_hydraulic_output": false}, "geometry": {"type": "Polygon", "coordinates": [[[75.09306083979999, 18.076949289099996], [75.09306083979999, 18.076115955099997], [75.0933386178, 18.076115955099997], [75.0933386178, 18.0755603991], [75.0936163958, 18.0755603991], [75.0936163958, 18.0766715111], [75.0933386178, 18.0766715111], [75.0933386178, 18.076949289099996], [75.09306083979999, 18.076949289099996]]]}}, {"type": "Feature", "properties": {"time_min": 60, "depth_min_m": 0.05, "depth_max_m": 1.0, "depth_class": "0.05\u20131.0 m", "class_area_km2": 0.41605291933763755, "flooded_area_km2": 6.592769144818747, "frame_max_depth_m": 132.33808102972478, "class_mean_depth_m": 0.5374198675141908, "scenario_id": "baseline", "model_type": "Automated approximate 2D flood-routing prototype", "validated_hydraulic_output": false}, "geometry": {"type": "Polygon", "coordinates": [[[75.1302830918, 18.0755603991], [75.1302830918, 18.075282621099998], [75.13083864779999, 18.075282621099998], [75.13083864779999, 18.0755603991], [75.1302830918, 18.0755603991]]]}}, {"type": "Feature", "properties": {"time_min": 60, "depth_min_m": 0.05, "depth_max_m": 1.0, "depth_class": "0.05\u20131.0 m", "class_area_km2": 0.41605291933763755, "flooded_area_km2": 6.592769144818747, "frame_max_depth_m": 132.33808102972478, "class_mean_depth_m": 0.5374198675141908, "scenario_id": "baseline", "model_type": "Automated approximate 2D flood-routing prototype", "validated_hydraulic_output": false}, "geometry": {"type": "Polygon", "coordinates": [[[75.1288942018, 18.075282621099998], [75.1288942018, 18.075004843099997], [75.12917197979999, 18.075004843099997], [75.12917197979999, 18.075282621099998], [75.1288942018, 18.075282621099998]]]}}, {"type": "Feature", "properties": {"time_min": 60, "depth_min_m": 0.05, "depth_max_m": 1.0, "depth_class": "0.05\u20131.0 m", "class_area_km2": 0.41605291933763755, "flooded_area_km2": 6.592769144818747, "frame_max_depth_m": 132.33808102972478, "class_mean_depth_m": 0.5374198675141908, "scenario_id": "baseline", "model_type": "Automated approximate 2D flood-routing prototype", "validated_hydraulic_output": false}, "geometry": {"type": "Polygon", "coordinates": [[[75.1300053138, 18.075282621099998], [75.1300053138, 18.075004843099997], [75.1302830918, 18.075004843099997], [75.1302830918, 18.075282621099998], [75.1300053138, 18.075282621099998]]]}}, {"type": "Feature", "properties": {"time_min": 60, "depth_min_m": 0.05, "depth_max_m": 1.0, "depth_class": "0.05\u20131.0 m", "class_area_km2": 0.41605291933763755, "flooded_area_km2": 6.592769144818747, "frame_max_depth_m": 132.33808102972478, "class_mean_depth_m": 0.5374198675141908, "scenario_id": "baseline", "model_type": "Automated approximate 2D flood-routing prototype", "validated_hydraulic_output": false}, "geometry": {"type": "Polygon", "coordinates": [[[75.1283386458, 18.075004843099997], [75.1283386458, 18.0747270651], [75.1288942018, 18.0747270651], [75.1288942018, 18.075004843099997], [75.1283386458, 18.075004843099997]]]}}, {"type": "Feature", "properties": {"time_min": 60, "depth_min_m": 0.05, "depth_max_m": 1.0, "depth_class": "0.05\u20131.0 m", "class_area_km2": 0.41605291933763755, "flooded_area_km2": 6.592769144818747, "frame_max_depth_m": 132.33808102972478, "class_mean_depth_m": 0.5374198675141908, "scenario_id": "baseline", "model_type": "Automated approximate 2D flood-routing prototype", "validated_hydraulic_output": false}, "geometry": {"type": "Polygon", "coordinates": [[[75.12639419979999, 18.0747270651], [75.12639419979999, 18.0744492871], [75.1266719778, 18.0744492871], [75.1266719778, 18.0747270651], [75.12639419979999, 18.0747270651]]]}}, {"type": "Feature", "properties": {"time_min": 60, "depth_min_m": 0.05, "depth_max_m": 1.0, "depth_class": "0.05\u20131.0 m", "class_area_km2": 0.41605291933763755, "flooded_area_km2": 6.592769144818747, "frame_max_depth_m": 132.33808102972478, "class_mean_depth_m": 0.5374198675141908, "scenario_id": "baseline", "model_type": "Automated approximate 2D flood-routing prototype", "validated_hydraulic_output": false}, "geometry": {"type": "Polygon", "coordinates": [[[75.1205608618, 18.074171509099997], [75.1205608618, 18.073893731099997], [75.1208386398, 18.073893731099997], [75.1208386398, 18.074171509099997], [75.1205608618, 18.074171509099997]]]}}, {"type": "Feature", "properties": {"time_min": 60, "depth_min_m": 0.05, "depth_max_m": 1.0, "depth_class": "0.05\u20131.0 m", "class_area_km2": 0.41605291933763755, "flooded_area_km2": 6.592769144818747, "frame_max_depth_m": 132.33808102972478, "class_mean_depth_m": 0.5374198675141908, "scenario_id": "baseline", "model_type": "Automated approximate 2D flood-routing prototype", "validated_hydraulic_output": false}, "geometry": {"type": "Polygon", "coordinates": [[[75.1266719778, 18.074171509099997], [75.1266719778, 18.073893731099997], [75.1269497558, 18.073893731099997], [75.1269497558, 18.074171509099997], [75.1266719778, 18.074171509099997]]]}}, {"type": "Feature", "properties": {"time_min": 60, "depth_min_m": 0.05, "depth_max_m": 1.0, "depth_class": "0.05\u20131.0 m", "class_area_km2": 0.41605291933763755, "flooded_area_km2": 6.592769144818747, "frame_max_depth_m": 132.33808102972478, "class_mean_depth_m": 0.5374198675141908, "scenario_id": "baseline", "model_type": "Automated approximate 2D flood-routing prototype", "validated_hydraulic_output": false}, "geometry": {"type": "Polygon", "coordinates": [[[75.1272275338, 18.074171509099997], [75.1272275338, 18.073893731099997], [75.1275053118, 18.073893731099997], [75.1275053118, 18.074171509099997], [75.1272275338, 18.074171509099997]]]}}, {"type": "Feature", "properties": {"time_min": 60, "depth_min_m": 0.05, "depth_max_m": 1.0, "depth_class": "0.05\u20131.0 m", "class_area_km2": 0.41605291933763755, "flooded_area_km2": 6.592769144818747, "frame_max_depth_m": 132.33808102972478, "class_mean_depth_m": 0.5374198675141908, "scenario_id": "baseline", "model_type": "Automated approximate 2D flood-routing prototype", "validated_hydraulic_output": false}, "geometry": {"type": "Polygon", "coordinates": [[[75.1197275278, 18.0744492871], [75.1197275278, 18.074171509099997], [75.12000530579999, 18.074171509099997], [75.12000530579999, 18.0736159531], [75.12028308379999, 18.0736159531], [75.12028308379999, 18.0744492871], [75.1197275278, 18.0744492871]]]}}, {"type": "Feature", "properties": {"time_min": 60, "depth_min_m": 0.05, "depth_max_m": 1.0, "depth_class": "0.05\u20131.0 m", "class_area_km2": 0.41605291933763755, "flooded_area_km2": 6.592769144818747, "frame_max_depth_m": 132.33808102972478, "class_mean_depth_m": 0.5374198675141908, "scenario_id": "baseline", "model_type": "Automated approximate 2D flood-routing prototype", "validated_hydraulic_output": false}, "geometry": {"type": "Polygon", "coordinates": [[[75.09306083979999, 18.075282621099998], [75.09306083979999, 18.0747270651], [75.0933386178, 18.0747270651], [75.0933386178, 18.0744492871], [75.09444972979999, 18.0744492871], [75.09444972979999, 18.074171509099997], [75.09472750779999, 18.074171509099997], [75.09472750779999, 18.073893731099997], [75.09444972979999, 18.073893731099997], [75.09444972979999, 18.073338175099998], [75.0950052858, 18.073338175099998], [75.0950052858, 18.0736159531], [75.09583861979999, 18.0736159531], [75.09583861979999, 18.073893731099997], [75.09611639779999, 18.073893731099997], [75.09611639779999, 18.075282621099998], [75.0955608418, 18.075282621099998], [75.0955608418, 18.075004843099997], [75.0952830638, 18.075004843099997], [75.0952830638, 18.0747270651], [75.0950052858, 18.0747270651], [75.0950052858, 18.075004843099997], [75.0938941738, 18.075004843099997], [75.0938941738, 18.0747270651], [75.0936163958, 18.0747270651], [75.0936163958, 18.075004843099997], [75.0933386178, 18.075004843099997], [75.0933386178, 18.075282621099998], [75.09306083979999, 18.075282621099998]], [[75.09472750779999, 18.0744492871], [75.0950052858, 18.0744492871], [75.0950052858, 18.074171509099997], [75.09472750779999, 18.074171509099997], [75.09472750779999, 18.0744492871]]]}}, {"type": "Feature", "properties": {"time_min": 60, "depth_min_m": 0.05, "depth_max_m": 1.0, "depth_class": "0.05\u20131.0 m", "class_area_km2": 0.41605291933763755, "flooded_area_km2": 6.592769144818747, "frame_max_depth_m": 132.33808102972478, "class_mean_depth_m": 0.5374198675141908, "scenario_id": "baseline", "model_type": "Automated approximate 2D flood-routing prototype", "validated_hydraulic_output": false}, "geometry": {"type": "Polygon", "coordinates": [[[75.1194497498, 18.0736159531], [75.1194497498, 18.073338175099998], [75.1197275278, 18.073338175099998], [75.1197275278, 18.0736159531], [75.1194497498, 18.0736159531]]]}}, {"type": "Feature", "properties": {"time_min": 60, "depth_min_m": 0.05, "depth_max_m": 1.0, "depth_class": "0.05\u20131.0 m", "class_area_km2": 0.41605291933763755, "flooded_area_km2": 6.592769144818747, "frame_max_depth_m": 132.33808102972478, "class_mean_depth_m": 0.5374198675141908, "scenario_id": "baseline", "model_type": "Automated approximate 2D flood-routing prototype", "validated_hydraulic_output": false}, "geometry": {"type": "Polygon", "coordinates": [[[75.0908386158, 18.073060397099997], [75.0908386158, 18.0725048411], [75.0911163938, 18.0725048411], [75.0911163938, 18.073060397099997], [75.0908386158, 18.073060397099997]]]}}, {"type": "Feature", "properties": {"time_min": 60, "depth_min_m": 0.05, "depth_max_m": 1.0, "depth_class": "0.05\u20131.0 m", "class_area_km2": 0.41605291933763755, "flooded_area_km2": 6.592769144818747, "frame_max_depth_m": 132.33808102972478, "class_mean_depth_m": 0.5374198675141908, "scenario_id": "baseline", "model_type": "Automated approximate 2D flood-routing prototype", "validated_hydraulic_output": false}, "geometry": {"type": "Polygon", "coordinates": [[[75.1191719718, 18.072782619099996], [75.1191719718, 18.0725048411], [75.1194497498, 18.0725048411], [75.1194497498, 18.072782619099996], [75.1191719718, 18.072782619099996]]]}}, {"type": "Feature", "properties": {"time_min": 60, "depth_min_m": 0.05, "depth_max_m": 1.0, "depth_class": "0.05\u20131.0 m", "class_area_km2": 0.41605291933763755, "flooded_area_km2": 6.592769144818747, "frame_max_depth_m": 132.33808102972478, "class_mean_depth_m": 0.5374198675141908, "scenario_id": "baseline", "model_type": "Automated approximate 2D flood-routing prototype", "validated_hydraulic_output": false}, "geometry": {"type": "Polygon", "coordinates": [[[75.0905608378, 18.0725048411], [75.0905608378, 18.072227063099998], [75.0908386158, 18.072227063099998], [75.0908386158, 18.0725048411], [75.0905608378, 18.0725048411]]]}}, {"type": "Feature", "properties": {"time_min": 60, "depth_min_m": 0.05, "depth_max_m": 1.0, "depth_class": "0.05\u20131.0 m", "class_area_km2": 0.41605291933763755, "flooded_area_km2": 6.592769144818747, "frame_max_depth_m": 132.33808102972478, "class_mean_depth_m": 0.5374198675141908, "scenario_id": "baseline", "model_type": "Automated approximate 2D flood-routing prototype", "validated_hydraulic_output": false}, "geometry": {"type": "Polygon", "coordinates": [[[75.11722752579999, 18.0725048411], [75.11722752579999, 18.072227063099998], [75.1175053038, 18.072227063099998], [75.1175053038, 18.0725048411], [75.11722752579999, 18.0725048411]]]}}, {"type": "Feature", "properties": {"time_min": 60, "depth_min_m": 0.05, "depth_max_m": 1.0, "depth_class": "0.05\u20131.0 m", "class_area_km2": 0.41605291933763755, "flooded_area_km2": 6.592769144818747, "frame_max_depth_m": 132.33808102972478, "class_mean_depth_m": 0.5374198675141908, "scenario_id": "baseline", "model_type": "Automated approximate 2D flood-routing prototype", "validated_hydraulic_output": false}, "geometry": {"type": "Polygon", "coordinates": [[[75.11417196779999, 18.071949285099997], [75.11417196779999, 18.0716715071], [75.11444974579999, 18.0716715071], [75.11444974579999, 18.071949285099997], [75.11417196779999, 18.071949285099997]]]}}, {"type": "Feature", "properties": {"time_min": 60, "depth_min_m": 0.05, "depth_max_m": 1.0, "depth_class": "0.05\u20131.0 m", "class_area_km2": 0.41605291933763755, "flooded_area_km2": 6.592769144818747, "frame_max_depth_m": 132.33808102972478, "class_mean_depth_m": 0.5374198675141908, "scenario_id": "baseline", "model_type": "Automated approximate 2D flood-routing prototype", "validated_hydraulic_output": false}, "geometry": {"type": "Polygon", "coordinates": [[[75.09139417179999, 18.0716715071], [75.09139417179999, 18.0713937291], [75.09167194979999, 18.0713937291], [75.09167194979999, 18.0716715071], [75.09139417179999, 18.0716715071]]]}}, {"type": "Feature", "properties": {"time_min": 60, "depth_min_m": 0.05, "depth_max_m": 1.0, "depth_class": "0.05\u20131.0 m", "class_area_km2": 0.41605291933763755, "flooded_area_km2": 6.592769144818747, "frame_max_depth_m": 132.33808102972478, "class_mean_depth_m": 0.5374198675141908, "scenario_id": "baseline", "model_type": "Automated approximate 2D flood-routing prototype", "validated_hydraulic_output": false}, "geometry": {"type": "Polygon", "coordinates": [[[75.1122275218, 18.0713937291], [75.1122275218, 18.071115951099998], [75.1130608558, 18.071115951099998], [75.1130608558, 18.0713937291], [75.1122275218, 18.0713937291]]]}}, {"type": "Feature", "properties": {"time_min": 60, "depth_min_m": 0.05, "depth_max_m": 1.0, "depth_class": "0.05\u20131.0 m", "class_area_km2": 0.41605291933763755, "flooded_area_km2": 6.592769144818747, "frame_max_depth_m": 132.33808102972478, "class_mean_depth_m": 0.5374198675141908, "scenario_id": "baseline", "model_type": "Automated approximate 2D flood-routing prototype", "validated_hydraulic_output": false}, "geometry": {"type": "Polygon", "coordinates": [[[75.1108386318, 18.070838173099997], [75.1108386318, 18.0705603951], [75.11111640979999, 18.0705603951], [75.11111640979999, 18.070838173099997], [75.1108386318, 18.070838173099997]]]}}, {"type": "Feature", "properties": {"time_min": 60, "depth_min_m": 0.05, "depth_max_m": 1.0, "depth_class": "0.05\u20131.0 m", "class_area_km2": 0.41605291933763755, "flooded_area_km2": 6.592769144818747, "frame_max_depth_m": 132.33808102972478, "class_mean_depth_m": 0.5374198675141908, "scenario_id": "baseline", "model_type": "Automated approximate 2D flood-routing prototype", "validated_hydraulic_output": false}, "geometry": {"type": "Polygon", "coordinates": [[[75.1102830758, 18.0705603951], [75.1102830758, 18.0702826171], [75.1105608538, 18.0702826171], [75.1105608538, 18.0705603951], [75.1102830758, 18.0705603951]]]}}, {"type": "Feature", "properties": {"time_min": 60, "depth_min_m": 0.05, "depth_max_m": 1.0, "depth_class": "0.05\u20131.0 m", "class_area_km2": 0.41605291933763755, "flooded_area_km2": 6.592769144818747, "frame_max_depth_m": 132.33808102972478, "class_mean_depth_m": 0.5374198675141908, "scenario_id": "baseline", "model_type": "Automated approximate 2D flood-routing prototype", "validated_hydraulic_output": false}, "geometry": {"type": "Polygon", "coordinates": [[[75.10972751979999, 18.0702826171], [75.10972751979999, 18.070004839099997], [75.1100052978, 18.070004839099997], [75.1100052978, 18.0702826171], [75.10972751979999, 18.0702826171]]]}}, {"type": "Feature", "properties": {"time_min": 60, "depth_min_m": 0.05, "depth_max_m": 1.0, "depth_class": "0.05\u20131.0 m", "class_area_km2": 0.41605291933763755, "flooded_area_km2": 6.592769144818747, "frame_max_depth_m": 132.33808102972478, "class_mean_depth_m": 0.5374198675141908, "scenario_id": "baseline", "model_type": "Automated approximate 2D flood-routing prototype", "validated_hydraulic_output": false}, "geometry": {"type": "Polygon", "coordinates": [[[75.0902830598, 18.072227063099998], [75.0902830598, 18.0713937291], [75.09000528179999, 18.0713937291], [75.09000528179999, 18.069171505099998], [75.0902830598, 18.069171505099998], [75.0902830598, 18.0694492831], [75.0905608378, 18.0694492831], [75.0905608378, 18.069727061099996], [75.09139417179999, 18.069727061099996], [75.09139417179999, 18.070004839099997], [75.09167194979999, 18.070004839099997], [75.09167194979999, 18.0705603951], [75.0919497278, 18.0705603951], [75.0919497278, 18.070838173099997], [75.0922275058, 18.070838173099997], [75.0922275058, 18.071115951099998], [75.0919497278, 18.071115951099998], [75.0919497278, 18.0713937291], [75.09167194979999, 18.0713937291], [75.09167194979999, 18.071115951099998], [75.09139417179999, 18.071115951099998], [75.09139417179999, 18.0713937291], [75.0908386158, 18.0713937291], [75.0908386158, 18.0716715071], [75.0905608378, 18.0716715071], [75.0905608378, 18.072227063099998], [75.0902830598, 18.072227063099998]], [[75.0908386158, 18.070838173099997], [75.0911163938, 18.070838173099997], [75.0911163938, 18.0705603951], [75.09139417179999, 18.0705603951], [75.09139417179999, 18.0702826171], [75.0908386158, 18.0702826171], [75.0908386158, 18.070004839099997], [75.0905608378, 18.070004839099997], [75.0905608378, 18.0705603951], [75.0908386158, 18.0705603951], [75.0908386158, 18.070838173099997]]]}}, {"type": "Feature", "properties": {"time_min": 60, "depth_min_m": 0.05, "depth_max_m": 1.0, "depth_class": "0.05\u20131.0 m", "class_area_km2": 0.41605291933763755, "flooded_area_km2": 6.592769144818747, "frame_max_depth_m": 132.33808102972478, "class_mean_depth_m": 0.5374198675141908, "scenario_id": "baseline", "model_type": "Automated approximate 2D flood-routing prototype", "validated_hydraulic_output": false}, "geometry": {"type": "Polygon", "coordinates": [[[75.1086164078, 18.0694492831], [75.1086164078, 18.069171505099998], [75.1088941858, 18.069171505099998], [75.1088941858, 18.0694492831], [75.1086164078, 18.0694492831]]]}}, {"type": "Feature", "properties": {"time_min": 60, "depth_min_m": 0.05, "depth_max_m": 1.0, "depth_class": "0.05\u20131.0 m", "class_area_km2": 0.41605291933763755, "flooded_area_km2": 6.592769144818747, "frame_max_depth_m": 132.33808102972478, "class_mean_depth_m": 0.5374198675141908, "scenario_id": "baseline", "model_type": "Automated approximate 2D flood-routing prototype", "validated_hydraulic_output": false}, "geometry": {"type": "Polygon", "coordinates": [[[75.1077830738, 18.068893727099997], [75.1077830738, 18.068615949099996], [75.10806085179999, 18.068615949099996], [75.10806085179999, 18.068893727099997], [75.1077830738, 18.068893727099997]]]}}, {"type": "Feature", "properties": {"time_min": 60, "depth_min_m": 0.05, "depth_max_m": 1.0, "depth_class": "0.05\u20131.0 m", "class_area_km2": 0.41605291933763755, "flooded_area_km2": 6.592769144818747, "frame_max_depth_m": 132.33808102972478, "class_mean_depth_m": 0.5374198675141908, "scenario_id": "baseline", "model_type": "Automated approximate 2D flood-routing prototype", "validated_hydraulic_output": false}, "geometry": {"type": "Polygon", "coordinates": [[[75.1075052958, 18.068615949099996], [75.1075052958, 18.0683381711], [75.1077830738, 18.0683381711], [75.1077830738, 18.068615949099996], [75.1075052958, 18.068615949099996]]]}}, {"type": "Feature", "properties": {"time_min": 60, "depth_min_m": 0.05, "depth_max_m": 1.0, "depth_class": "0.05\u20131.0 m", "class_area_km2": 0.41605291933763755, "flooded_area_km2": 6.592769144818747, "frame_max_depth_m": 132.33808102972478, "class_mean_depth_m": 0.5374198675141908, "scenario_id": "baseline", "model_type": "Automated approximate 2D flood-routing prototype", "validated_hydraulic_output": false}, "geometry": {"type": "Polygon", "coordinates": [[[75.1072275178, 18.0683381711], [75.1072275178, 18.068060393099998], [75.1075052958, 18.068060393099998], [75.1075052958, 18.0683381711], [75.1072275178, 18.0683381711]]]}}, {"type": "Feature", "properties": {"time_min": 60, "depth_min_m": 0.05, "depth_max_m": 1.0, "depth_class": "0.05\u20131.0 m", "class_area_km2": 0.41605291933763755, "flooded_area_km2": 6.592769144818747, "frame_max_depth_m": 132.33808102972478, "class_mean_depth_m": 0.5374198675141908, "scenario_id": "baseline", "model_type": "Automated approximate 2D flood-routing prototype", "validated_hydraulic_output": false}, "geometry": {"type": "Polygon", "coordinates": [[[75.1069497398, 18.068060393099998], [75.1069497398, 18.0675048371], [75.1072275178, 18.0675048371], [75.1072275178, 18.068060393099998], [75.1069497398, 18.068060393099998]]]}}, {"type": "Feature", "properties": {"time_min": 60, "depth_min_m": 0.05, "depth_max_m": 1.0, "depth_class": "0.05\u20131.0 m", "class_area_km2": 0.41605291933763755, "flooded_area_km2": 6.592769144818747, "frame_max_depth_m": 132.33808102972478, "class_mean_depth_m": 0.5374198675141908, "scenario_id": "baseline", "model_type": "Automated approximate 2D flood-routing prototype", "validated_hydraulic_output": false}, "geometry": {"type": "Polygon", "coordinates": [[[75.10667196179999, 18.0675048371], [75.10667196179999, 18.066671503099997], [75.1069497398, 18.066671503099997], [75.1069497398, 18.0675048371], [75.10667196179999, 18.0675048371]]]}}, {"type": "Feature", "properties": {"time_min": 60, "depth_min_m": 0.05, "depth_max_m": 1.0, "depth_class": "0.05\u20131.0 m", "class_area_km2": 0.41605291933763755, "flooded_area_km2": 6.592769144818747, "frame_max_depth_m": 132.33808102972478, "class_mean_depth_m": 0.5374198675141908, "scenario_id": "baseline", "model_type": "Automated approximate 2D flood-routing prototype", "validated_hydraulic_output": false}, "geometry": {"type": "Polygon", "coordinates": [[[75.0955608418, 18.066949281099998], [75.0955608418, 18.0661159471], [75.09583861979999, 18.0661159471], [75.09583861979999, 18.066949281099998], [75.0955608418, 18.066949281099998]]]}}, {"type": "Feature", "properties": {"time_min": 60, "depth_min_m": 0.05, "depth_max_m": 1.0, "depth_class": "0.05\u20131.0 m", "class_area_km2": 0.41605291933763755, "flooded_area_km2": 6.592769144818747, "frame_max_depth_m": 132.33808102972478, "class_mean_depth_m": 0.5374198675141908, "scenario_id": "baseline", "model_type": "Automated approximate 2D flood-routing prototype", "validated_hydraulic_output": false}, "geometry": {"type": "Polygon", "coordinates": [[[75.10667196179999, 18.0663937251], [75.10667196179999, 18.065838169099997], [75.1069497398, 18.065838169099997], [75.1069497398, 18.0663937251], [75.10667196179999, 18.0663937251]]]}}, {"type": "Feature", "properties": {"time_min": 60, "depth_min_m": 0.05, "depth_max_m": 1.0, "depth_class": "0.05\u20131.0 m", "class_area_km2": 0.41605291933763755, "flooded_area_km2": 6.592769144818747, "frame_max_depth_m": 132.33808102972478, "class_mean_depth_m": 0.5374198675141908, "scenario_id": "baseline", "model_type": "Automated approximate 2D flood-routing prototype", "validated_hydraulic_output": false}, "geometry": {"type": "Polygon", "coordinates": [[[75.0969497318, 18.0663937251], [75.0969497318, 18.0661159471], [75.0963941758, 18.0661159471], [75.0963941758, 18.065838169099997], [75.0969497318, 18.065838169099997], [75.0969497318, 18.065560391099996], [75.09722750979999, 18.065560391099996], [75.09722750979999, 18.065838169099997], [75.09750528779999, 18.065838169099997], [75.09750528779999, 18.0663937251], [75.0969497318, 18.0663937251]]]}}, {"type": "Feature", "properties": {"time_min": 60, "depth_min_m": 0.05, "depth_max_m": 1.0, "depth_class": "0.05\u20131.0 m", "class_area_km2": 0.41605291933763755, "flooded_area_km2": 6.592769144818747, "frame_max_depth_m": 132.33808102972478, "class_mean_depth_m": 0.5374198675141908, "scenario_id": "baseline", "model_type": "Automated approximate 2D flood-routing prototype", "validated_hydraulic_output": false}, "geometry": {"type": "Polygon", "coordinates": [[[75.1008386238, 18.065838169099997], [75.1008386238, 18.065560391099996], [75.1013941798, 18.065560391099996], [75.1013941798, 18.065838169099997], [75.1008386238, 18.065838169099997]]]}}, {"type": "Feature", "properties": {"time_min": 60, "depth_min_m": 0.05, "depth_max_m": 1.0, "depth_class": "0.05\u20131.0 m", "class_area_km2": 0.41605291933763755, "flooded_area_km2": 6.592769144818747, "frame_max_depth_m": 132.33808102972478, "class_mean_depth_m": 0.5374198675141908, "scenario_id": "baseline", "model_type": "Automated approximate 2D flood-routing prototype", "validated_hydraulic_output": false}, "geometry": {"type": "Polygon", "coordinates": [[[75.09472750779999, 18.065838169099997], [75.09472750779999, 18.065560391099996], [75.0950052858, 18.065560391099996], [75.0950052858, 18.0652826131], [75.0952830638, 18.0652826131], [75.0952830638, 18.065560391099996], [75.09611639779999, 18.065560391099996], [75.09611639779999, 18.065838169099997], [75.09472750779999, 18.065838169099997]]]}}, {"type": "Feature", "properties": {"time_min": 60, "depth_min_m": 0.05, "depth_max_m": 1.0, "depth_class": "0.05\u20131.0 m", "class_area_km2": 0.41605291933763755, "flooded_area_km2": 6.592769144818747, "frame_max_depth_m": 132.33808102972478, "class_mean_depth_m": 0.5374198675141908, "scenario_id": "baseline", "model_type": "Automated approximate 2D flood-routing prototype", "validated_hydraulic_output": false}, "geometry": {"type": "Polygon", "coordinates": [[[75.1069497398, 18.065838169099997], [75.1069497398, 18.0652826131], [75.1072275178, 18.0652826131], [75.1072275178, 18.065838169099997], [75.1069497398, 18.065838169099997]]]}}, {"type": "Feature", "properties": {"time_min": 60, "depth_min_m": 0.05, "depth_max_m": 1.0, "depth_class": "0.05\u20131.0 m", "class_area_km2": 0.41605291933763755, "flooded_area_km2": 6.592769144818747, "frame_max_depth_m": 132.33808102972478, "class_mean_depth_m": 0.5374198675141908, "scenario_id": "baseline", "model_type": "Automated approximate 2D flood-routing prototype", "validated_hydraulic_output": false}, "geometry": {"type": "Polygon", "coordinates": [[[75.09417195179999, 18.065560391099996], [75.09417195179999, 18.0652826131], [75.09472750779999, 18.0652826131], [75.09472750779999, 18.065560391099996], [75.09417195179999, 18.065560391099996]]]}}, {"type": "Feature", "properties": {"time_min": 60, "depth_min_m": 0.05, "depth_max_m": 1.0, "depth_class": "0.05\u20131.0 m", "class_area_km2": 0.41605291933763755, "flooded_area_km2": 6.592769144818747, "frame_max_depth_m": 132.33808102972478, "class_mean_depth_m": 0.5374198675141908, "scenario_id": "baseline", "model_type": "Automated approximate 2D flood-routing prototype", "validated_hydraulic_output": false}, "geometry": {"type": "Polygon", "coordinates": [[[75.0938941738, 18.0652826131], [75.0938941738, 18.065004835099998], [75.09417195179999, 18.065004835099998], [75.09417195179999, 18.0652826131], [75.0938941738, 18.0652826131]]]}}, {"type": "Feature", "properties": {"time_min": 60, "depth_min_m": 0.05, "depth_max_m": 1.0, "depth_class": "0.05\u20131.0 m", "class_area_km2": 0.41605291933763755, "flooded_area_km2": 6.592769144818747, "frame_max_depth_m": 132.33808102972478, "class_mean_depth_m": 0.5374198675141908, "scenario_id": "baseline", "model_type": "Automated approximate 2D flood-routing prototype", "validated_hydraulic_output": false}, "geometry": {"type": "Polygon", "coordinates": [[[75.0933386178, 18.065004835099998], [75.0933386178, 18.064727057099997], [75.0936163958, 18.064727057099997], [75.0936163958, 18.065004835099998], [75.0933386178, 18.065004835099998]]]}}, {"type": "Feature", "properties": {"time_min": 60, "depth_min_m": 0.05, "depth_max_m": 1.0, "depth_class": "0.05\u20131.0 m", "class_area_km2": 0.41605291933763755, "flooded_area_km2": 6.592769144818747, "frame_max_depth_m": 132.33808102972478, "class_mean_depth_m": 0.5374198675141908, "scenario_id": "baseline", "model_type": "Automated approximate 2D flood-routing prototype", "validated_hydraulic_output": false}, "geometry": {"type": "Polygon", "coordinates": [[[75.09306083979999, 18.064727057099997], [75.09306083979999, 18.064449279099996], [75.0933386178, 18.064449279099996], [75.0933386178, 18.064727057099997], [75.09306083979999, 18.064727057099997]]]}}, {"type": "Feature", "properties": {"time_min": 60, "depth_min_m": 0.05, "depth_max_m": 1.0, "depth_class": "0.05\u20131.0 m", "class_area_km2": 0.41605291933763755, "flooded_area_km2": 6.592769144818747, "frame_max_depth_m": 132.33808102972478, "class_mean_depth_m": 0.5374198675141908, "scenario_id": "baseline", "model_type": "Automated approximate 2D flood-routing prototype", "validated_hydraulic_output": false}, "geometry": {"type": "Polygon", "coordinates": [[[75.1041719598, 18.064449279099996], [75.1041719598, 18.0641715011], [75.1044497378, 18.0641715011], [75.1044497378, 18.064449279099996], [75.1041719598, 18.064449279099996]]]}}, {"type": "Feature", "properties": {"time_min": 60, "depth_min_m": 0.05, "depth_max_m": 1.0, "depth_class": "0.05\u20131.0 m", "class_area_km2": 0.41605291933763755, "flooded_area_km2": 6.592769144818747, "frame_max_depth_m": 132.33808102972478, "class_mean_depth_m": 0.5374198675141908, "scenario_id": "baseline", "model_type": "Automated approximate 2D flood-routing prototype", "validated_hydraulic_output": false}, "geometry": {"type": "Polygon", "coordinates": [[[75.1044497378, 18.0641715011], [75.1044497378, 18.063893723099998], [75.1047275158, 18.063893723099998], [75.1047275158, 18.0641715011], [75.1044497378, 18.0641715011]]]}}, {"type": "Feature", "properties": {"time_min": 60, "depth_min_m": 0.05, "depth_max_m": 1.0, "depth_class": "0.05\u20131.0 m", "class_area_km2": 0.41605291933763755, "flooded_area_km2": 6.592769144818747, "frame_max_depth_m": 132.33808102972478, "class_mean_depth_m": 0.5374198675141908, "scenario_id": "baseline", "model_type": "Automated approximate 2D flood-routing prototype", "validated_hydraulic_output": false}, "geometry": {"type": "Polygon", "coordinates": [[[75.1055608498, 18.063893723099998], [75.1055608498, 18.063615945099997], [75.1058386278, 18.063615945099997], [75.1058386278, 18.063893723099998], [75.1055608498, 18.063893723099998]]]}}, {"type": "Feature", "properties": {"time_min": 60, "depth_min_m": 0.05, "depth_max_m": 1.0, "depth_class": "0.05\u20131.0 m", "class_area_km2": 0.41605291933763755, "flooded_area_km2": 6.592769144818747, "frame_max_depth_m": 132.33808102972478, "class_mean_depth_m": 0.5374198675141908, "scenario_id": "baseline", "model_type": "Automated approximate 2D flood-routing prototype", "validated_hydraulic_output": false}, "geometry": {"type": "Polygon", "coordinates": [[[75.09278306179999, 18.0641715011], [75.09278306179999, 18.063893723099998], [75.0925052838, 18.063893723099998], [75.0925052838, 18.063615945099997], [75.0922275058, 18.063615945099997], [75.0922275058, 18.0633381671], [75.09278306179999, 18.0633381671], [75.09278306179999, 18.063615945099997], [75.09306083979999, 18.063615945099997], [75.09306083979999, 18.0641715011], [75.09278306179999, 18.0641715011]]]}}, {"type": "Feature", "properties": {"time_min": 60, "depth_min_m": 0.05, "depth_max_m": 1.0, "depth_class": "0.05\u20131.0 m", "class_area_km2": 0.41605291933763755, "flooded_area_km2": 6.592769144818747, "frame_max_depth_m": 132.33808102972478, "class_mean_depth_m": 0.5374198675141908, "scenario_id": "baseline", "model_type": "Automated approximate 2D flood-routing prototype", "validated_hydraulic_output": false}, "geometry": {"type": "Polygon", "coordinates": [[[75.1061164058, 18.063615945099997], [75.1061164058, 18.0633381671], [75.10639418379999, 18.0633381671], [75.10639418379999, 18.063615945099997], [75.1061164058, 18.063615945099997]]]}}, {"type": "Feature", "properties": {"time_min": 60, "depth_min_m": 0.05, "depth_max_m": 1.0, "depth_class": "0.05\u20131.0 m", "class_area_km2": 0.41605291933763755, "flooded_area_km2": 6.592769144818747, "frame_max_depth_m": 132.33808102972478, "class_mean_depth_m": 0.5374198675141908, "scenario_id": "baseline", "model_type": "Automated approximate 2D flood-routing prototype", "validated_hydraulic_output": false}, "geometry": {"type": "Polygon", "coordinates": [[[75.1072275178, 18.0652826131], [75.1072275178, 18.063615945099997], [75.1069497398, 18.063615945099997], [75.1069497398, 18.063893723099998], [75.10667196179999, 18.063893723099998], [75.10667196179999, 18.0633381671], [75.10639418379999, 18.0633381671], [75.10639418379999, 18.0630603891], [75.10667196179999, 18.0630603891], [75.10667196179999, 18.062782611099998], [75.1072275178, 18.062782611099998], [75.1072275178, 18.0633381671], [75.1075052958, 18.0633381671], [75.1075052958, 18.0630603891], [75.1077830738, 18.0630603891], [75.1077830738, 18.063615945099997], [75.1075052958, 18.063615945099997], [75.1075052958, 18.0652826131], [75.1072275178, 18.0652826131]]]}}, {"type": "Feature", "properties": {"time_min": 60, "depth_min_m": 0.05, "depth_max_m": 1.0, "depth_class": "0.05\u20131.0 m", "class_area_km2": 0.41605291933763755, "flooded_area_km2": 6.592769144818747, "frame_max_depth_m": 132.33808102972478, "class_mean_depth_m": 0.5374198675141908, "scenario_id": "baseline", "model_type": "Automated approximate 2D flood-routing prototype", "validated_hydraulic_output": false}, "geometry": {"type": "Polygon", "coordinates": [[[75.1077830738, 18.0630603891], [75.1077830738, 18.062782611099998], [75.10806085179999, 18.062782611099998], [75.10806085179999, 18.0630603891], [75.1077830738, 18.0630603891]]]}}, {"type": "Feature", "properties": {"time_min": 60, "depth_min_m": 1.0, "depth_max_m": 3.0, "depth_class": "1.0\u20133.0 m", "class_area_km2": 0.8943784014394768, "flooded_area_km2": 6.592769144818747, "frame_max_depth_m": 132.33808102972478, "class_mean_depth_m": 1.9620635771040413, "scenario_id": "baseline", "model_type": "Automated approximate 2D flood-routing prototype", "validated_hydraulic_output": false}, "geometry": {"type": "Polygon", "coordinates": [[[75.11389418979999, 18.112227095099996], [75.11389418979999, 18.1119493171], [75.11417196779999, 18.1119493171], [75.11417196779999, 18.112227095099996], [75.11389418979999, 18.112227095099996]]]}}, {"type": "Feature", "properties": {"time_min": 60, "depth_min_m": 1.0, "depth_max_m": 3.0, "depth_class": "1.0\u20133.0 m", "class_area_km2": 0.8943784014394768, "flooded_area_km2": 6.592769144818747, "frame_max_depth_m": 132.33808102972478, "class_mean_depth_m": 1.9620635771040413, "scenario_id": "baseline", "model_type": "Automated approximate 2D flood-routing prototype", "validated_hydraulic_output": false}, "geometry": {"type": "Polygon", "coordinates": [[[75.1391719878, 18.1038937551], [75.1391719878, 18.1036159771], [75.1394497658, 18.1036159771], [75.1394497658, 18.1038937551], [75.1391719878, 18.1038937551]]]}}, {"type": "Feature", "properties": {"time_min": 60, "depth_min_m": 1.0, "depth_max_m": 3.0, "depth_class": "1.0\u20133.0 m", "class_area_km2": 0.8943784014394768, "flooded_area_km2": 6.592769144818747, "frame_max_depth_m": 132.33808102972478, "class_mean_depth_m": 1.9620635771040413, "scenario_id": "baseline", "model_type": "Automated approximate 2D flood-routing prototype", "validated_hydraulic_output": false}, "geometry": {"type": "Polygon", "coordinates": [[[75.1394497658, 18.103338199099998], [75.1394497658, 18.103060421099997], [75.13972754379999, 18.103060421099997], [75.13972754379999, 18.103338199099998], [75.1394497658, 18.103338199099998]]]}}, {"type": "Feature", "properties": {"time_min": 60, "depth_min_m": 1.0, "depth_max_m": 3.0, "depth_class": "1.0\u20133.0 m", "class_area_km2": 0.8943784014394768, "flooded_area_km2": 6.592769144818747, "frame_max_depth_m": 132.33808102972478, "class_mean_depth_m": 1.9620635771040413, "scenario_id": "baseline", "model_type": "Automated approximate 2D flood-routing prototype", "validated_hydraulic_output": false}, "geometry": {"type": "Polygon", "coordinates": [[[75.1347275398, 18.1025048651], [75.1347275398, 18.102227087099998], [75.1350053178, 18.102227087099998], [75.1350053178, 18.1025048651], [75.1347275398, 18.1025048651]]]}}, {"type": "Feature", "properties": {"time_min": 60, "depth_min_m": 1.0, "depth_max_m": 3.0, "depth_class": "1.0\u20133.0 m", "class_area_km2": 0.8943784014394768, "flooded_area_km2": 6.592769144818747, "frame_max_depth_m": 132.33808102972478, "class_mean_depth_m": 1.9620635771040413, "scenario_id": "baseline", "model_type": "Automated approximate 2D flood-routing prototype", "validated_hydraulic_output": false}, "geometry": {"type": "Polygon", "coordinates": [[[75.1358386518, 18.1025048651], [75.1358386518, 18.102227087099998], [75.1361164298, 18.102227087099998], [75.1361164298, 18.1025048651], [75.1358386518, 18.1025048651]]]}}, {"type": "Feature", "properties": {"time_min": 60, "depth_min_m": 1.0, "depth_max_m": 3.0, "depth_class": "1.0\u20133.0 m", "class_area_km2": 0.8943784014394768, "flooded_area_km2": 6.592769144818747, "frame_max_depth_m": 132.33808102972478, "class_mean_depth_m": 1.9620635771040413, "scenario_id": "baseline", "model_type": "Automated approximate 2D flood-routing prototype", "validated_hydraulic_output": false}, "geometry": {"type": "Polygon", "coordinates": [[[75.1363942078, 18.1025048651], [75.1363942078, 18.102227087099998], [75.13667198579999, 18.102227087099998], [75.13667198579999, 18.1025048651], [75.1363942078, 18.1025048651]]]}}, {"type": "Feature", "properties": {"time_min": 60, "depth_min_m": 1.0, "depth_max_m": 3.0, "depth_class": "1.0\u20133.0 m", "class_area_km2": 0.8943784014394768, "flooded_area_km2": 6.592769144818747, "frame_max_depth_m": 132.33808102972478, "class_mean_depth_m": 1.9620635771040413, "scenario_id": "baseline", "model_type": "Automated approximate 2D flood-routing prototype", "validated_hydraulic_output": false}, "geometry": {"type": "Polygon", "coordinates": [[[75.13528309579999, 18.101949309099997], [75.13528309579999, 18.1016715311], [75.13556087379999, 18.1016715311], [75.13556087379999, 18.101949309099997], [75.13528309579999, 18.101949309099997]]]}}, {"type": "Feature", "properties": {"time_min": 60, "depth_min_m": 1.0, "depth_max_m": 3.0, "depth_class": "1.0\u20133.0 m", "class_area_km2": 0.8943784014394768, "flooded_area_km2": 6.592769144818747, "frame_max_depth_m": 132.33808102972478, "class_mean_depth_m": 1.9620635771040413, "scenario_id": "baseline", "model_type": "Automated approximate 2D flood-routing prototype", "validated_hydraulic_output": false}, "geometry": {"type": "Polygon", "coordinates": [[[75.1388942098, 18.101393753099998], [75.1388942098, 18.101115975099997], [75.1391719878, 18.101115975099997], [75.1391719878, 18.101393753099998], [75.1388942098, 18.101393753099998]]]}}, {"type": "Feature", "properties": {"time_min": 60, "depth_min_m": 1.0, "depth_max_m": 3.0, "depth_class": "1.0\u20133.0 m", "class_area_km2": 0.8943784014394768, "flooded_area_km2": 6.592769144818747, "frame_max_depth_m": 132.33808102972478, "class_mean_depth_m": 1.9620635771040413, "scenario_id": "baseline", "model_type": "Automated approximate 2D flood-routing prototype", "validated_hydraulic_output": false}, "geometry": {"type": "Polygon", "coordinates": [[[75.13861643179999, 18.101115975099997], [75.13861643179999, 18.100838197099996], [75.1388942098, 18.100838197099996], [75.1388942098, 18.101115975099997], [75.13861643179999, 18.101115975099997]]]}}, {"type": "Feature", "properties": {"time_min": 60, "depth_min_m": 1.0, "depth_max_m": 3.0, "depth_class": "1.0\u20133.0 m", "class_area_km2": 0.8943784014394768, "flooded_area_km2": 6.592769144818747, "frame_max_depth_m": 132.33808102972478, "class_mean_depth_m": 1.9620635771040413, "scenario_id": "baseline", "model_type": "Automated approximate 2D flood-routing prototype", "validated_hydraulic_output": false}, "geometry": {"type": "Polygon", "coordinates": [[[75.14306087979999, 18.100838197099996], [75.14306087979999, 18.1005604191], [75.1433386578, 18.1005604191], [75.1433386578, 18.100838197099996], [75.14306087979999, 18.100838197099996]]]}}, {"type": "Feature", "properties": {"time_min": 60, "depth_min_m": 1.0, "depth_max_m": 3.0, "depth_class": "1.0\u20133.0 m", "class_area_km2": 0.8943784014394768, "flooded_area_km2": 6.592769144818747, "frame_max_depth_m": 132.33808102972478, "class_mean_depth_m": 1.9620635771040413, "scenario_id": "baseline", "model_type": "Automated approximate 2D flood-routing prototype", "validated_hydraulic_output": false}, "geometry": {"type": "Polygon", "coordinates": [[[75.14306087979999, 18.100282641099998], [75.14306087979999, 18.100004863099997], [75.1433386578, 18.100004863099997], [75.1433386578, 18.100282641099998], [75.14306087979999, 18.100282641099998]]]}}, {"type": "Feature", "properties": {"time_min": 60, "depth_min_m": 1.0, "depth_max_m": 3.0, "depth_class": "1.0\u20133.0 m", "class_area_km2": 0.8943784014394768, "flooded_area_km2": 6.592769144818747, "frame_max_depth_m": 132.33808102972478, "class_mean_depth_m": 1.9620635771040413, "scenario_id": "baseline", "model_type": "Automated approximate 2D flood-routing prototype", "validated_hydraulic_output": false}, "geometry": {"type": "Polygon", "coordinates": [[[75.1375053198, 18.100004863099997], [75.1375053198, 18.0997270851], [75.1377830978, 18.0997270851], [75.1377830978, 18.100004863099997], [75.1375053198, 18.100004863099997]]]}}, {"type": "Feature", "properties": {"time_min": 60, "depth_min_m": 1.0, "depth_max_m": 3.0, "depth_class": "1.0\u20133.0 m", "class_area_km2": 0.8943784014394768, "flooded_area_km2": 6.592769144818747, "frame_max_depth_m": 132.33808102972478, "class_mean_depth_m": 1.9620635771040413, "scenario_id": "baseline", "model_type": "Automated approximate 2D flood-routing prototype", "validated_hydraulic_output": false}, "geometry": {"type": "Polygon", "coordinates": [[[75.1350053178, 18.0997270851], [75.1350053178, 18.0994493071], [75.13556087379999, 18.0994493071], [75.13556087379999, 18.0997270851], [75.1350053178, 18.0997270851]]]}}, {"type": "Feature", "properties": {"time_min": 60, "depth_min_m": 1.0, "depth_max_m": 3.0, "depth_class": "1.0\u20133.0 m", "class_area_km2": 0.8943784014394768, "flooded_area_km2": 6.592769144818747, "frame_max_depth_m": 132.33808102972478, "class_mean_depth_m": 1.9620635771040413, "scenario_id": "baseline", "model_type": "Automated approximate 2D flood-routing prototype", "validated_hydraulic_output": false}, "geometry": {"type": "Polygon", "coordinates": [[[75.1358386518, 18.0994493071], [75.1358386518, 18.099171529099998], [75.1361164298, 18.099171529099998], [75.1361164298, 18.0994493071], [75.1358386518, 18.0994493071]]]}}, {"type": "Feature", "properties": {"time_min": 60, "depth_min_m": 1.0, "depth_max_m": 3.0, "depth_class": "1.0\u20133.0 m", "class_area_km2": 0.8943784014394768, "flooded_area_km2": 6.592769144818747, "frame_max_depth_m": 132.33808102972478, "class_mean_depth_m": 1.9620635771040413, "scenario_id": "baseline", "model_type": "Automated approximate 2D flood-routing prototype", "validated_hydraulic_output": false}, "geometry": {"type": "Polygon", "coordinates": [[[75.1377830978, 18.0994493071], [75.1377830978, 18.099171529099998], [75.13833865379999, 18.099171529099998], [75.13833865379999, 18.0994493071], [75.1377830978, 18.0994493071]]]}}, {"type": "Feature", "properties": {"time_min": 60, "depth_min_m": 1.0, "depth_max_m": 3.0, "depth_class": "1.0\u20133.0 m", "class_area_km2": 0.8943784014394768, "flooded_area_km2": 6.592769144818747, "frame_max_depth_m": 132.33808102972478, "class_mean_depth_m": 1.9620635771040413, "scenario_id": "baseline", "model_type": "Automated approximate 2D flood-routing prototype", "validated_hydraulic_output": false}, "geometry": {"type": "Polygon", "coordinates": [[[75.1394497658, 18.0994493071], [75.1394497658, 18.099171529099998], [75.13972754379999, 18.099171529099998], [75.13972754379999, 18.0994493071], [75.1394497658, 18.0994493071]]]}}, {"type": "Feature", "properties": {"time_min": 60, "depth_min_m": 1.0, "depth_max_m": 3.0, "depth_class": "1.0\u20133.0 m", "class_area_km2": 0.8943784014394768, "flooded_area_km2": 6.592769144818747, "frame_max_depth_m": 132.33808102972478, "class_mean_depth_m": 1.9620635771040413, "scenario_id": "baseline", "model_type": "Automated approximate 2D flood-routing prototype", "validated_hydraulic_output": false}, "geometry": {"type": "Polygon", "coordinates": [[[75.1333386498, 18.0986159731], [75.1333386498, 18.0983381951], [75.13361642779999, 18.0983381951], [75.13361642779999, 18.0986159731], [75.1333386498, 18.0986159731]]]}}, {"type": "Feature", "properties": {"time_min": 60, "depth_min_m": 1.0, "depth_max_m": 3.0, "depth_class": "1.0\u20133.0 m", "class_area_km2": 0.8943784014394768, "flooded_area_km2": 6.592769144818747, "frame_max_depth_m": 132.33808102972478, "class_mean_depth_m": 1.9620635771040413, "scenario_id": "baseline", "model_type": "Automated approximate 2D flood-routing prototype", "validated_hydraulic_output": false}, "geometry": {"type": "Polygon", "coordinates": [[[75.14000532179999, 18.0986159731], [75.14000532179999, 18.0983381951], [75.1402830998, 18.0983381951], [75.1402830998, 18.0986159731], [75.14000532179999, 18.0986159731]]]}}, {"type": "Feature", "properties": {"time_min": 60, "depth_min_m": 1.0, "depth_max_m": 3.0, "depth_class": "1.0\u20133.0 m", "class_area_km2": 0.8943784014394768, "flooded_area_km2": 6.592769144818747, "frame_max_depth_m": 132.33808102972478, "class_mean_depth_m": 1.9620635771040413, "scenario_id": "baseline", "model_type": "Automated approximate 2D flood-routing prototype", "validated_hydraulic_output": false}, "geometry": {"type": "Polygon", "coordinates": [[[75.13972754379999, 18.0983381951], [75.13972754379999, 18.098060417099997], [75.14000532179999, 18.098060417099997], [75.14000532179999, 18.0983381951], [75.13972754379999, 18.0983381951]]]}}, {"type": "Feature", "properties": {"time_min": 60, "depth_min_m": 1.0, "depth_max_m": 3.0, "depth_class": "1.0\u20133.0 m", "class_area_km2": 0.8943784014394768, "flooded_area_km2": 6.592769144818747, "frame_max_depth_m": 132.33808102972478, "class_mean_depth_m": 1.9620635771040413, "scenario_id": "baseline", "model_type": "Automated approximate 2D flood-routing prototype", "validated_hydraulic_output": false}, "geometry": {"type": "Polygon", "coordinates": [[[75.1405608778, 18.098060417099997], [75.1405608778, 18.097782639099997], [75.1408386558, 18.097782639099997], [75.1408386558, 18.098060417099997], [75.1405608778, 18.098060417099997]]]}}, {"type": "Feature", "properties": {"time_min": 60, "depth_min_m": 1.0, "depth_max_m": 3.0, "depth_class": "1.0\u20133.0 m", "class_area_km2": 0.8943784014394768, "flooded_area_km2": 6.592769144818747, "frame_max_depth_m": 132.33808102972478, "class_mean_depth_m": 1.9620635771040413, "scenario_id": "baseline", "model_type": "Automated approximate 2D flood-routing prototype", "validated_hydraulic_output": false}, "geometry": {"type": "Polygon", "coordinates": [[[75.14444976979999, 18.098060417099997], [75.14444976979999, 18.097782639099997], [75.14472754779999, 18.097782639099997], [75.14472754779999, 18.098060417099997], [75.14444976979999, 18.098060417099997]]]}}, {"type": "Feature", "properties": {"time_min": 60, "depth_min_m": 1.0, "depth_max_m": 3.0, "depth_class": "1.0\u20133.0 m", "class_area_km2": 0.8943784014394768, "flooded_area_km2": 6.592769144818747, "frame_max_depth_m": 132.33808102972478, "class_mean_depth_m": 1.9620635771040413, "scenario_id": "baseline", "model_type": "Automated approximate 2D flood-routing prototype", "validated_hydraulic_output": false}, "geometry": {"type": "Polygon", "coordinates": [[[75.1327830938, 18.098060417099997], [75.1327830938, 18.097782639099997], [75.1330608718, 18.097782639099997], [75.1330608718, 18.0975048611], [75.1333386498, 18.0975048611], [75.1333386498, 18.098060417099997], [75.1327830938, 18.098060417099997]]]}}, {"type": "Feature", "properties": {"time_min": 60, "depth_min_m": 1.0, "depth_max_m": 3.0, "depth_class": "1.0\u20133.0 m", "class_area_km2": 0.8943784014394768, "flooded_area_km2": 6.592769144818747, "frame_max_depth_m": 132.33808102972478, "class_mean_depth_m": 1.9620635771040413, "scenario_id": "baseline", "model_type": "Automated approximate 2D flood-routing prototype", "validated_hydraulic_output": false}, "geometry": {"type": "Polygon", "coordinates": [[[75.14000532179999, 18.097782639099997], [75.14000532179999, 18.0975048611], [75.1402830998, 18.0975048611], [75.1402830998, 18.097782639099997], [75.14000532179999, 18.097782639099997]]]}}, {"type": "Feature", "properties": {"time_min": 60, "depth_min_m": 1.0, "depth_max_m": 3.0, "depth_class": "1.0\u20133.0 m", "class_area_km2": 0.8943784014394768, "flooded_area_km2": 6.592769144818747, "frame_max_depth_m": 132.33808102972478, "class_mean_depth_m": 1.9620635771040413, "scenario_id": "baseline", "model_type": "Automated approximate 2D flood-routing prototype", "validated_hydraulic_output": false}, "geometry": {"type": "Polygon", "coordinates": [[[75.1441719918, 18.097782639099997], [75.1441719918, 18.0975048611], [75.14444976979999, 18.0975048611], [75.14444976979999, 18.097782639099997], [75.1441719918, 18.097782639099997]]]}}, {"type": "Feature", "properties": {"time_min": 60, "depth_min_m": 1.0, "depth_max_m": 3.0, "depth_class": "1.0\u20133.0 m", "class_area_km2": 0.8943784014394768, "flooded_area_km2": 6.592769144818747, "frame_max_depth_m": 132.33808102972478, "class_mean_depth_m": 1.9620635771040413, "scenario_id": "baseline", "model_type": "Automated approximate 2D flood-routing prototype", "validated_hydraulic_output": false}, "geometry": {"type": "Polygon", "coordinates": [[[75.1394497658, 18.098060417099997], [75.1394497658, 18.097227083099998], [75.13972754379999, 18.097227083099998], [75.13972754379999, 18.098060417099997], [75.1394497658, 18.098060417099997]]]}}, {"type": "Feature", "properties": {"time_min": 60, "depth_min_m": 1.0, "depth_max_m": 3.0, "depth_class": "1.0\u20133.0 m", "class_area_km2": 0.8943784014394768, "flooded_area_km2": 6.592769144818747, "frame_max_depth_m": 132.33808102972478, "class_mean_depth_m": 1.9620635771040413, "scenario_id": "baseline", "model_type": "Automated approximate 2D flood-routing prototype", "validated_hydraulic_output": false}, "geometry": {"type": "Polygon", "coordinates": [[[75.1405608778, 18.0975048611], [75.1405608778, 18.097227083099998], [75.1408386558, 18.097227083099998], [75.1408386558, 18.0975048611], [75.1405608778, 18.0975048611]]]}}, {"type": "Feature", "properties": {"time_min": 60, "depth_min_m": 1.0, "depth_max_m": 3.0, "depth_class": "1.0\u20133.0 m", "class_area_km2": 0.8943784014394768, "flooded_area_km2": 6.592769144818747, "frame_max_depth_m": 132.33808102972478, "class_mean_depth_m": 1.9620635771040413, "scenario_id": "baseline", "model_type": "Automated approximate 2D flood-routing prototype", "validated_hydraulic_output": false}, "geometry": {"type": "Polygon", "coordinates": [[[75.14472754779999, 18.0975048611], [75.14472754779999, 18.097227083099998], [75.1450053258, 18.097227083099998], [75.1450053258, 18.0975048611], [75.14472754779999, 18.0975048611]]]}}, {"type": "Feature", "properties": {"time_min": 60, "depth_min_m": 1.0, "depth_max_m": 3.0, "depth_class": "1.0\u20133.0 m", "class_area_km2": 0.8943784014394768, "flooded_area_km2": 6.592769144818747, "frame_max_depth_m": 132.33808102972478, "class_mean_depth_m": 1.9620635771040413, "scenario_id": "baseline", "model_type": "Automated approximate 2D flood-routing prototype", "validated_hydraulic_output": false}, "geometry": {"type": "Polygon", "coordinates": [[[75.1469497718, 18.0975048611], [75.1469497718, 18.097227083099998], [75.1472275498, 18.097227083099998], [75.1472275498, 18.0975048611], [75.1469497718, 18.0975048611]]]}}, {"type": "Feature", "properties": {"time_min": 60, "depth_min_m": 1.0, "depth_max_m": 3.0, "depth_class": "1.0\u20133.0 m", "class_area_km2": 0.8943784014394768, "flooded_area_km2": 6.592769144818747, "frame_max_depth_m": 132.33808102972478, "class_mean_depth_m": 1.9620635771040413, "scenario_id": "baseline", "model_type": "Automated approximate 2D flood-routing prototype", "validated_hydraulic_output": false}, "geometry": {"type": "Polygon", "coordinates": [[[75.1316719818, 18.0975048611], [75.1316719818, 18.096949305099997], [75.1319497598, 18.096949305099997], [75.1319497598, 18.0975048611], [75.1316719818, 18.0975048611]]]}}, {"type": "Feature", "properties": {"time_min": 60, "depth_min_m": 1.0, "depth_max_m": 3.0, "depth_class": "1.0\u20133.0 m", "class_area_km2": 0.8943784014394768, "flooded_area_km2": 6.592769144818747, "frame_max_depth_m": 132.33808102972478, "class_mean_depth_m": 1.9620635771040413, "scenario_id": "baseline", "model_type": "Automated approximate 2D flood-routing prototype", "validated_hydraulic_output": false}, "geometry": {"type": "Polygon", "coordinates": [[[75.1394497658, 18.0963937491], [75.1394497658, 18.095838193099997], [75.13972754379999, 18.095838193099997], [75.13972754379999, 18.0963937491], [75.1394497658, 18.0963937491]]]}}, {"type": "Feature", "properties": {"time_min": 60, "depth_min_m": 1.0, "depth_max_m": 3.0, "depth_class": "1.0\u20133.0 m", "class_area_km2": 0.8943784014394768, "flooded_area_km2": 6.592769144818747, "frame_max_depth_m": 132.33808102972478, "class_mean_depth_m": 1.9620635771040413, "scenario_id": "baseline", "model_type": "Automated approximate 2D flood-routing prototype", "validated_hydraulic_output": false}, "geometry": {"type": "Polygon", "coordinates": [[[75.1358386518, 18.096115971099998], [75.1358386518, 18.095838193099997], [75.1361164298, 18.095838193099997], [75.1361164298, 18.096115971099998], [75.1358386518, 18.096115971099998]]]}}, {"type": "Feature", "properties": {"time_min": 60, "depth_min_m": 1.0, "depth_max_m": 3.0, "depth_class": "1.0\u20133.0 m", "class_area_km2": 0.8943784014394768, "flooded_area_km2": 6.592769144818747, "frame_max_depth_m": 132.33808102972478, "class_mean_depth_m": 1.9620635771040413, "scenario_id": "baseline", "model_type": "Automated approximate 2D flood-routing prototype", "validated_hydraulic_output": false}, "geometry": {"type": "Polygon", "coordinates": [[[75.1402830998, 18.0955604151], [75.1402830998, 18.0952826371], [75.1408386558, 18.0952826371], [75.1408386558, 18.0955604151], [75.1402830998, 18.0955604151]]]}}, {"type": "Feature", "properties": {"time_min": 60, "depth_min_m": 1.0, "depth_max_m": 3.0, "depth_class": "1.0\u20133.0 m", "class_area_km2": 0.8943784014394768, "flooded_area_km2": 6.592769144818747, "frame_max_depth_m": 132.33808102972478, "class_mean_depth_m": 1.9620635771040413, "scenario_id": "baseline", "model_type": "Automated approximate 2D flood-routing prototype", "validated_hydraulic_output": false}, "geometry": {"type": "Polygon", "coordinates": [[[75.1391719878, 18.095838193099997], [75.1391719878, 18.0955604151], [75.13861643179999, 18.0955604151], [75.13861643179999, 18.0952826371], [75.1391719878, 18.0952826371], [75.1391719878, 18.095004859099998], [75.1394497658, 18.095004859099998], [75.1394497658, 18.095838193099997], [75.1391719878, 18.095838193099997]]]}}, {"type": "Feature", "properties": {"time_min": 60, "depth_min_m": 1.0, "depth_max_m": 3.0, "depth_class": "1.0\u20133.0 m", "class_area_km2": 0.8943784014394768, "flooded_area_km2": 6.592769144818747, "frame_max_depth_m": 132.33808102972478, "class_mean_depth_m": 1.9620635771040413, "scenario_id": "baseline", "model_type": "Automated approximate 2D flood-routing prototype", "validated_hydraulic_output": false}, "geometry": {"type": "Polygon", "coordinates": [[[75.13556087379999, 18.0952826371], [75.13556087379999, 18.095004859099998], [75.1358386518, 18.095004859099998], [75.1358386518, 18.0952826371], [75.13556087379999, 18.0952826371]]]}}, {"type": "Feature", "properties": {"time_min": 60, "depth_min_m": 1.0, "depth_max_m": 3.0, "depth_class": "1.0\u20133.0 m", "class_area_km2": 0.8943784014394768, "flooded_area_km2": 6.592769144818747, "frame_max_depth_m": 132.33808102972478, "class_mean_depth_m": 1.9620635771040413, "scenario_id": "baseline", "model_type": "Automated approximate 2D flood-routing prototype", "validated_hydraulic_output": false}, "geometry": {"type": "Polygon", "coordinates": [[[75.13083864779999, 18.0952826371], [75.13083864779999, 18.094727081099997], [75.13111642579999, 18.094727081099997], [75.13111642579999, 18.0952826371], [75.13083864779999, 18.0952826371]]]}}, {"type": "Feature", "properties": {"time_min": 60, "depth_min_m": 1.0, "depth_max_m": 3.0, "depth_class": "1.0\u20133.0 m", "class_area_km2": 0.8943784014394768, "flooded_area_km2": 6.592769144818747, "frame_max_depth_m": 132.33808102972478, "class_mean_depth_m": 1.9620635771040413, "scenario_id": "baseline", "model_type": "Automated approximate 2D flood-routing prototype", "validated_hydraulic_output": false}, "geometry": {"type": "Polygon", "coordinates": [[[75.1422275458, 18.095004859099998], [75.1422275458, 18.094727081099997], [75.14278310179999, 18.094727081099997], [75.14278310179999, 18.095004859099998], [75.1422275458, 18.095004859099998]]]}}, {"type": "Feature", "properties": {"time_min": 60, "depth_min_m": 1.0, "depth_max_m": 3.0, "depth_class": "1.0\u20133.0 m", "class_area_km2": 0.8943784014394768, "flooded_area_km2": 6.592769144818747, "frame_max_depth_m": 132.33808102972478, "class_mean_depth_m": 1.9620635771040413, "scenario_id": "baseline", "model_type": "Automated approximate 2D flood-routing prototype", "validated_hydraulic_output": false}, "geometry": {"type": "Polygon", "coordinates": [[[75.1394497658, 18.094727081099997], [75.1394497658, 18.0944493031], [75.13972754379999, 18.0944493031], [75.13972754379999, 18.094727081099997], [75.1394497658, 18.094727081099997]]]}}, {"type": "Feature", "properties": {"time_min": 60, "depth_min_m": 1.0, "depth_max_m": 3.0, "depth_class": "1.0\u20133.0 m", "class_area_km2": 0.8943784014394768, "flooded_area_km2": 6.592769144818747, "frame_max_depth_m": 132.33808102972478, "class_mean_depth_m": 1.9620635771040413, "scenario_id": "baseline", "model_type": "Automated approximate 2D flood-routing prototype", "validated_hydraulic_output": false}, "geometry": {"type": "Polygon", "coordinates": [[[75.1408386558, 18.095004859099998], [75.1408386558, 18.094727081099997], [75.1405608778, 18.094727081099997], [75.1405608778, 18.0944493031], [75.1411164338, 18.0944493031], [75.1411164338, 18.095004859099998], [75.1408386558, 18.095004859099998]]]}}, {"type": "Feature", "properties": {"time_min": 60, "depth_min_m": 1.0, "depth_max_m": 3.0, "depth_class": "1.0\u20133.0 m", "class_area_km2": 0.8943784014394768, "flooded_area_km2": 6.592769144818747, "frame_max_depth_m": 132.33808102972478, "class_mean_depth_m": 1.9620635771040413, "scenario_id": "baseline", "model_type": "Automated approximate 2D flood-routing prototype", "validated_hydraulic_output": false}, "geometry": {"type": "Polygon", "coordinates": [[[75.14139421179999, 18.094727081099997], [75.14139421179999, 18.0944493031], [75.14167198979999, 18.0944493031], [75.14167198979999, 18.094727081099997], [75.14139421179999, 18.094727081099997]]]}}, {"type": "Feature", "properties": {"time_min": 60, "depth_min_m": 1.0, "depth_max_m": 3.0, "depth_class": "1.0\u20133.0 m", "class_area_km2": 0.8943784014394768, "flooded_area_km2": 6.592769144818747, "frame_max_depth_m": 132.33808102972478, "class_mean_depth_m": 1.9620635771040413, "scenario_id": "baseline", "model_type": "Automated approximate 2D flood-routing prototype", "validated_hydraulic_output": false}, "geometry": {"type": "Polygon", "coordinates": [[[75.1302830918, 18.0944493031], [75.1302830918, 18.0941715251], [75.1305608698, 18.0941715251], [75.1305608698, 18.0944493031], [75.1302830918, 18.0944493031]]]}}, {"type": "Feature", "properties": {"time_min": 60, "depth_min_m": 1.0, "depth_max_m": 3.0, "depth_class": "1.0\u20133.0 m", "class_area_km2": 0.8943784014394768, "flooded_area_km2": 6.592769144818747, "frame_max_depth_m": 132.33808102972478, "class_mean_depth_m": 1.9620635771040413, "scenario_id": "baseline", "model_type": "Automated approximate 2D flood-routing prototype", "validated_hydraulic_output": false}, "geometry": {"type": "Polygon", "coordinates": [[[75.13972754379999, 18.0944493031], [75.13972754379999, 18.0941715251], [75.14000532179999, 18.0941715251], [75.14000532179999, 18.0944493031], [75.13972754379999, 18.0944493031]]]}}, {"type": "Feature", "properties": {"time_min": 60, "depth_min_m": 1.0, "depth_max_m": 3.0, "depth_class": "1.0\u20133.0 m", "class_area_km2": 0.8943784014394768, "flooded_area_km2": 6.592769144818747, "frame_max_depth_m": 132.33808102972478, "class_mean_depth_m": 1.9620635771040413, "scenario_id": "baseline", "model_type": "Automated approximate 2D flood-routing prototype", "validated_hydraulic_output": false}, "geometry": {"type": "Polygon", "coordinates": [[[75.1419497678, 18.0944493031], [75.1419497678, 18.0941715251], [75.1422275458, 18.0941715251], [75.1422275458, 18.0944493031], [75.1419497678, 18.0944493031]]]}}, {"type": "Feature", "properties": {"time_min": 60, "depth_min_m": 1.0, "depth_max_m": 3.0, "depth_class": "1.0\u20133.0 m", "class_area_km2": 0.8943784014394768, "flooded_area_km2": 6.592769144818747, "frame_max_depth_m": 132.33808102972478, "class_mean_depth_m": 1.9620635771040413, "scenario_id": "baseline", "model_type": "Automated approximate 2D flood-routing prototype", "validated_hydraulic_output": false}, "geometry": {"type": "Polygon", "coordinates": [[[75.14306087979999, 18.0944493031], [75.14306087979999, 18.093893747099997], [75.1433386578, 18.093893747099997], [75.1433386578, 18.0941715251], [75.1436164358, 18.0941715251], [75.1436164358, 18.0944493031], [75.14306087979999, 18.0944493031]]]}}, {"type": "Feature", "properties": {"time_min": 60, "depth_min_m": 1.0, "depth_max_m": 3.0, "depth_class": "1.0\u20133.0 m", "class_area_km2": 0.8943784014394768, "flooded_area_km2": 6.592769144818747, "frame_max_depth_m": 132.33808102972478, "class_mean_depth_m": 1.9620635771040413, "scenario_id": "baseline", "model_type": "Automated approximate 2D flood-routing prototype", "validated_hydraulic_output": false}, "geometry": {"type": "Polygon", "coordinates": [[[75.1422275458, 18.0941715251], [75.1422275458, 18.093893747099997], [75.1425053238, 18.093893747099997], [75.1425053238, 18.0941715251], [75.1422275458, 18.0941715251]]]}}, {"type": "Feature", "properties": {"time_min": 60, "depth_min_m": 1.0, "depth_max_m": 3.0, "depth_class": "1.0\u20133.0 m", "class_area_km2": 0.8943784014394768, "flooded_area_km2": 6.592769144818747, "frame_max_depth_m": 132.33808102972478, "class_mean_depth_m": 1.9620635771040413, "scenario_id": "baseline", "model_type": "Automated approximate 2D flood-routing prototype", "validated_hydraulic_output": false}, "geometry": {"type": "Polygon", "coordinates": [[[75.1438942138, 18.0941715251], [75.1438942138, 18.093893747099997], [75.1441719918, 18.093893747099997], [75.1441719918, 18.0941715251], [75.1438942138, 18.0941715251]]]}}, {"type": "Feature", "properties": {"time_min": 60, "depth_min_m": 1.0, "depth_max_m": 3.0, "depth_class": "1.0\u20133.0 m", "class_area_km2": 0.8943784014394768, "flooded_area_km2": 6.592769144818747, "frame_max_depth_m": 132.33808102972478, "class_mean_depth_m": 1.9620635771040413, "scenario_id": "baseline", "model_type": "Automated approximate 2D flood-routing prototype", "validated_hydraulic_output": false}, "geometry": {"type": "Polygon", "coordinates": [[[75.14444976979999, 18.0941715251], [75.14444976979999, 18.093893747099997], [75.14472754779999, 18.093893747099997], [75.14472754779999, 18.0941715251], [75.14444976979999, 18.0941715251]]]}}, {"type": "Feature", "properties": {"time_min": 60, "depth_min_m": 1.0, "depth_max_m": 3.0, "depth_class": "1.0\u20133.0 m", "class_area_km2": 0.8943784014394768, "flooded_area_km2": 6.592769144818747, "frame_max_depth_m": 132.33808102972478, "class_mean_depth_m": 1.9620635771040413, "scenario_id": "baseline", "model_type": "Automated approximate 2D flood-routing prototype", "validated_hydraulic_output": false}, "geometry": {"type": "Polygon", "coordinates": [[[75.14750532779999, 18.0941715251], [75.14750532779999, 18.093615969099996], [75.14778310579999, 18.093615969099996], [75.14778310579999, 18.0941715251], [75.14750532779999, 18.0941715251]]]}}, {"type": "Feature", "properties": {"time_min": 60, "depth_min_m": 1.0, "depth_max_m": 3.0, "depth_class": "1.0\u20133.0 m", "class_area_km2": 0.8943784014394768, "flooded_area_km2": 6.592769144818747, "frame_max_depth_m": 132.33808102972478, "class_mean_depth_m": 1.9620635771040413, "scenario_id": "baseline", "model_type": "Automated approximate 2D flood-routing prototype", "validated_hydraulic_output": false}, "geometry": {"type": "Polygon", "coordinates": [[[75.1436164358, 18.093893747099997], [75.1436164358, 18.093615969099996], [75.1438942138, 18.093615969099996], [75.1438942138, 18.093893747099997], [75.1436164358, 18.093893747099997]]]}}, {"type": "Feature", "properties": {"time_min": 60, "depth_min_m": 1.0, "depth_max_m": 3.0, "depth_class": "1.0\u20133.0 m", "class_area_km2": 0.8943784014394768, "flooded_area_km2": 6.592769144818747, "frame_max_depth_m": 132.33808102972478, "class_mean_depth_m": 1.9620635771040413, "scenario_id": "baseline", "model_type": "Automated approximate 2D flood-routing prototype", "validated_hydraulic_output": false}, "geometry": {"type": "Polygon", "coordinates": [[[75.1433386578, 18.093615969099996], [75.1433386578, 18.0933381911], [75.1436164358, 18.0933381911], [75.1436164358, 18.093615969099996], [75.1433386578, 18.093615969099996]]]}}, {"type": "Feature", "properties": {"time_min": 60, "depth_min_m": 1.0, "depth_max_m": 3.0, "depth_class": "1.0\u20133.0 m", "class_area_km2": 0.8943784014394768, "flooded_area_km2": 6.592769144818747, "frame_max_depth_m": 132.33808102972478, "class_mean_depth_m": 1.9620635771040413, "scenario_id": "baseline", "model_type": "Automated approximate 2D flood-routing prototype", "validated_hydraulic_output": false}, "geometry": {"type": "Polygon", "coordinates": [[[75.1472275498, 18.093615969099996], [75.1472275498, 18.0933381911], [75.14750532779999, 18.0933381911], [75.14750532779999, 18.093615969099996], [75.1472275498, 18.093615969099996]]]}}, {"type": "Feature", "properties": {"time_min": 60, "depth_min_m": 1.0, "depth_max_m": 3.0, "depth_class": "1.0\u20133.0 m", "class_area_km2": 0.8943784014394768, "flooded_area_km2": 6.592769144818747, "frame_max_depth_m": 132.33808102972478, "class_mean_depth_m": 1.9620635771040413, "scenario_id": "baseline", "model_type": "Automated approximate 2D flood-routing prototype", "validated_hydraulic_output": false}, "geometry": {"type": "Polygon", "coordinates": [[[75.1441719918, 18.093615969099996], [75.1441719918, 18.093060413099998], [75.14444976979999, 18.093060413099998], [75.14444976979999, 18.093615969099996], [75.1441719918, 18.093615969099996]]]}}, {"type": "Feature", "properties": {"time_min": 60, "depth_min_m": 1.0, "depth_max_m": 3.0, "depth_class": "1.0\u20133.0 m", "class_area_km2": 0.8943784014394768, "flooded_area_km2": 6.592769144818747, "frame_max_depth_m": 132.33808102972478, "class_mean_depth_m": 1.9620635771040413, "scenario_id": "baseline", "model_type": "Automated approximate 2D flood-routing prototype", "validated_hydraulic_output": false}, "geometry": {"type": "Polygon", "coordinates": [[[75.1516719978, 18.0933381911], [75.1516719978, 18.093060413099998], [75.15194977579999, 18.093060413099998], [75.15194977579999, 18.0933381911], [75.1516719978, 18.0933381911]]]}}, {"type": "Feature", "properties": {"time_min": 60, "depth_min_m": 1.0, "depth_max_m": 3.0, "depth_class": "1.0\u20133.0 m", "class_area_km2": 0.8943784014394768, "flooded_area_km2": 6.592769144818747, "frame_max_depth_m": 132.33808102972478, "class_mean_depth_m": 1.9620635771040413, "scenario_id": "baseline", "model_type": "Automated approximate 2D flood-routing prototype", "validated_hydraulic_output": false}, "geometry": {"type": "Polygon", "coordinates": [[[75.12944975779999, 18.093060413099998], [75.12944975779999, 18.092782635099997], [75.1297275358, 18.092782635099997], [75.1297275358, 18.093060413099998], [75.12944975779999, 18.093060413099998]]]}}, {"type": "Feature", "properties": {"time_min": 60, "depth_min_m": 1.0, "depth_max_m": 3.0, "depth_class": "1.0\u20133.0 m", "class_area_km2": 0.8943784014394768, "flooded_area_km2": 6.592769144818747, "frame_max_depth_m": 132.33808102972478, "class_mean_depth_m": 1.9620635771040413, "scenario_id": "baseline", "model_type": "Automated approximate 2D flood-routing prototype", "validated_hydraulic_output": false}, "geometry": {"type": "Polygon", "coordinates": [[[75.14444976979999, 18.092782635099997], [75.14444976979999, 18.092504857099996], [75.14472754779999, 18.092504857099996], [75.14472754779999, 18.092782635099997], [75.14444976979999, 18.092782635099997]]]}}, {"type": "Feature", "properties": {"time_min": 60, "depth_min_m": 1.0, "depth_max_m": 3.0, "depth_class": "1.0\u20133.0 m", "class_area_km2": 0.8943784014394768, "flooded_area_km2": 6.592769144818747, "frame_max_depth_m": 132.33808102972478, "class_mean_depth_m": 1.9620635771040413, "scenario_id": "baseline", "model_type": "Automated approximate 2D flood-routing prototype", "validated_hydraulic_output": false}, "geometry": {"type": "Polygon", "coordinates": [[[75.1516719978, 18.092782635099997], [75.1516719978, 18.092504857099996], [75.15194977579999, 18.092504857099996], [75.15194977579999, 18.092782635099997], [75.1516719978, 18.092782635099997]]]}}, {"type": "Feature", "properties": {"time_min": 60, "depth_min_m": 1.0, "depth_max_m": 3.0, "depth_class": "1.0\u20133.0 m", "class_area_km2": 0.8943784014394768, "flooded_area_km2": 6.592769144818747, "frame_max_depth_m": 132.33808102972478, "class_mean_depth_m": 1.9620635771040413, "scenario_id": "baseline", "model_type": "Automated approximate 2D flood-routing prototype", "validated_hydraulic_output": false}, "geometry": {"type": "Polygon", "coordinates": [[[75.15222755379999, 18.092782635099997], [75.15222755379999, 18.092504857099996], [75.1525053318, 18.092504857099996], [75.1525053318, 18.092782635099997], [75.15222755379999, 18.092782635099997]]]}}, {"type": "Feature", "properties": {"time_min": 60, "depth_min_m": 1.0, "depth_max_m": 3.0, "depth_class": "1.0\u20133.0 m", "class_area_km2": 0.8943784014394768, "flooded_area_km2": 6.592769144818747, "frame_max_depth_m": 132.33808102972478, "class_mean_depth_m": 1.9620635771040413, "scenario_id": "baseline", "model_type": "Automated approximate 2D flood-routing prototype", "validated_hydraulic_output": false}, "geometry": {"type": "Polygon", "coordinates": [[[75.1300053138, 18.092504857099996], [75.1300053138, 18.0922270791], [75.1305608698, 18.0922270791], [75.1305608698, 18.092504857099996], [75.1300053138, 18.092504857099996]]]}}, {"type": "Feature", "properties": {"time_min": 60, "depth_min_m": 1.0, "depth_max_m": 3.0, "depth_class": "1.0\u20133.0 m", "class_area_km2": 0.8943784014394768, "flooded_area_km2": 6.592769144818747, "frame_max_depth_m": 132.33808102972478, "class_mean_depth_m": 1.9620635771040413, "scenario_id": "baseline", "model_type": "Automated approximate 2D flood-routing prototype", "validated_hydraulic_output": false}, "geometry": {"type": "Polygon", "coordinates": [[[75.1305608698, 18.0922270791], [75.1305608698, 18.091949301099998], [75.13083864779999, 18.091949301099998], [75.13083864779999, 18.0922270791], [75.1305608698, 18.0922270791]]]}}, {"type": "Feature", "properties": {"time_min": 60, "depth_min_m": 1.0, "depth_max_m": 3.0, "depth_class": "1.0\u20133.0 m", "class_area_km2": 0.8943784014394768, "flooded_area_km2": 6.592769144818747, "frame_max_depth_m": 132.33808102972478, "class_mean_depth_m": 1.9620635771040413, "scenario_id": "baseline", "model_type": "Automated approximate 2D flood-routing prototype", "validated_hydraulic_output": false}, "geometry": {"type": "Polygon", "coordinates": [[[75.13111642579999, 18.0922270791], [75.13111642579999, 18.091949301099998], [75.1313942038, 18.091949301099998], [75.1313942038, 18.0922270791], [75.13111642579999, 18.0922270791]]]}}, {"type": "Feature", "properties": {"time_min": 60, "depth_min_m": 1.0, "depth_max_m": 3.0, "depth_class": "1.0\u20133.0 m", "class_area_km2": 0.8943784014394768, "flooded_area_km2": 6.592769144818747, "frame_max_depth_m": 132.33808102972478, "class_mean_depth_m": 1.9620635771040413, "scenario_id": "baseline", "model_type": "Automated approximate 2D flood-routing prototype", "validated_hydraulic_output": false}, "geometry": {"type": "Polygon", "coordinates": [[[75.14611643779999, 18.0922270791], [75.14611643779999, 18.091949301099998], [75.1466719938, 18.091949301099998], [75.1466719938, 18.0922270791], [75.14611643779999, 18.0922270791]]]}}, {"type": "Feature", "properties": {"time_min": 60, "depth_min_m": 1.0, "depth_max_m": 3.0, "depth_class": "1.0\u20133.0 m", "class_area_km2": 0.8943784014394768, "flooded_area_km2": 6.592769144818747, "frame_max_depth_m": 132.33808102972478, "class_mean_depth_m": 1.9620635771040413, "scenario_id": "baseline", "model_type": "Automated approximate 2D flood-routing prototype", "validated_hydraulic_output": false}, "geometry": {"type": "Polygon", "coordinates": [[[75.1469497718, 18.091671523099997], [75.1469497718, 18.0913937451], [75.1472275498, 18.0913937451], [75.1472275498, 18.091671523099997], [75.1469497718, 18.091671523099997]]]}}, {"type": "Feature", "properties": {"time_min": 60, "depth_min_m": 1.0, "depth_max_m": 3.0, "depth_class": "1.0\u20133.0 m", "class_area_km2": 0.8943784014394768, "flooded_area_km2": 6.592769144818747, "frame_max_depth_m": 132.33808102972478, "class_mean_depth_m": 1.9620635771040413, "scenario_id": "baseline", "model_type": "Automated approximate 2D flood-routing prototype", "validated_hydraulic_output": false}, "geometry": {"type": "Polygon", "coordinates": [[[75.14778310579999, 18.091671523099997], [75.14778310579999, 18.0913937451], [75.1480608838, 18.0913937451], [75.1480608838, 18.091671523099997], [75.14778310579999, 18.091671523099997]]]}}, {"type": "Feature", "properties": {"time_min": 60, "depth_min_m": 1.0, "depth_max_m": 3.0, "depth_class": "1.0\u20133.0 m", "class_area_km2": 0.8943784014394768, "flooded_area_km2": 6.592769144818747, "frame_max_depth_m": 132.33808102972478, "class_mean_depth_m": 1.9620635771040413, "scenario_id": "baseline", "model_type": "Automated approximate 2D flood-routing prototype", "validated_hydraulic_output": false}, "geometry": {"type": "Polygon", "coordinates": [[[75.14889421779999, 18.0911159671], [75.14889421779999, 18.090838189099998], [75.14917199579999, 18.090838189099998], [75.14917199579999, 18.0911159671], [75.14889421779999, 18.0911159671]]]}}, {"type": "Feature", "properties": {"time_min": 60, "depth_min_m": 1.0, "depth_max_m": 3.0, "depth_class": "1.0\u20133.0 m", "class_area_km2": 0.8943784014394768, "flooded_area_km2": 6.592769144818747, "frame_max_depth_m": 132.33808102972478, "class_mean_depth_m": 1.9620635771040413, "scenario_id": "baseline", "model_type": "Automated approximate 2D flood-routing prototype", "validated_hydraulic_output": false}, "geometry": {"type": "Polygon", "coordinates": [[[75.1472275498, 18.0913937451], [75.1472275498, 18.090838189099998], [75.14750532779999, 18.090838189099998], [75.14750532779999, 18.090560411099997], [75.1480608838, 18.090560411099997], [75.1480608838, 18.090838189099998], [75.14778310579999, 18.090838189099998], [75.14778310579999, 18.0911159671], [75.14750532779999, 18.0911159671], [75.14750532779999, 18.0913937451], [75.1472275498, 18.0913937451]]]}}, {"type": "Feature", "properties": {"time_min": 60, "depth_min_m": 1.0, "depth_max_m": 3.0, "depth_class": "1.0\u20133.0 m", "class_area_km2": 0.8943784014394768, "flooded_area_km2": 6.592769144818747, "frame_max_depth_m": 132.33808102972478, "class_mean_depth_m": 1.9620635771040413, "scenario_id": "baseline", "model_type": "Automated approximate 2D flood-routing prototype", "validated_hydraulic_output": false}, "geometry": {"type": "Polygon", "coordinates": [[[75.1513942198, 18.090560411099997], [75.1513942198, 18.0902826331], [75.1516719978, 18.0902826331], [75.1516719978, 18.090560411099997], [75.1513942198, 18.090560411099997]]]}}, {"type": "Feature", "properties": {"time_min": 60, "depth_min_m": 1.0, "depth_max_m": 3.0, "depth_class": "1.0\u20133.0 m", "class_area_km2": 0.8943784014394768, "flooded_area_km2": 6.592769144818747, "frame_max_depth_m": 132.33808102972478, "class_mean_depth_m": 1.9620635771040413, "scenario_id": "baseline", "model_type": "Automated approximate 2D flood-routing prototype", "validated_hydraulic_output": false}, "geometry": {"type": "Polygon", "coordinates": [[[75.13111642579999, 18.0913937451], [75.13111642579999, 18.090838189099998], [75.1313942038, 18.090838189099998], [75.1313942038, 18.0900048551], [75.1316719818, 18.0900048551], [75.1316719818, 18.089727077099997], [75.1319497598, 18.089727077099997], [75.1319497598, 18.089449299099996], [75.13222753779999, 18.089449299099996], [75.13222753779999, 18.0902826331], [75.1316719818, 18.0902826331], [75.1316719818, 18.0911159671], [75.1313942038, 18.0911159671], [75.1313942038, 18.0913937451], [75.13111642579999, 18.0913937451]]]}}, {"type": "Feature", "properties": {"time_min": 60, "depth_min_m": 1.0, "depth_max_m": 3.0, "depth_class": "1.0\u20133.0 m", "class_area_km2": 0.8943784014394768, "flooded_area_km2": 6.592769144818747, "frame_max_depth_m": 132.33808102972478, "class_mean_depth_m": 1.9620635771040413, "scenario_id": "baseline", "model_type": "Automated approximate 2D flood-routing prototype", "validated_hydraulic_output": false}, "geometry": {"type": "Polygon", "coordinates": [[[75.1497275518, 18.0902826331], [75.1497275518, 18.089727077099997], [75.1494497738, 18.089727077099997], [75.1494497738, 18.089449299099996], [75.15028310779999, 18.089449299099996], [75.15028310779999, 18.089727077099997], [75.1500053298, 18.089727077099997], [75.1500053298, 18.0902826331], [75.1497275518, 18.0902826331]]]}}, {"type": "Feature", "properties": {"time_min": 60, "depth_min_m": 1.0, "depth_max_m": 3.0, "depth_class": "1.0\u20133.0 m", "class_area_km2": 0.8943784014394768, "flooded_area_km2": 6.592769144818747, "frame_max_depth_m": 132.33808102972478, "class_mean_depth_m": 1.9620635771040413, "scenario_id": "baseline", "model_type": "Automated approximate 2D flood-routing prototype", "validated_hydraulic_output": false}, "geometry": {"type": "Polygon", "coordinates": [[[75.14778310579999, 18.089727077099997], [75.14778310579999, 18.0891715211], [75.1480608838, 18.0891715211], [75.1480608838, 18.089727077099997], [75.14778310579999, 18.089727077099997]]]}}, {"type": "Feature", "properties": {"time_min": 60, "depth_min_m": 1.0, "depth_max_m": 3.0, "depth_class": "1.0\u20133.0 m", "class_area_km2": 0.8943784014394768, "flooded_area_km2": 6.592769144818747, "frame_max_depth_m": 132.33808102972478, "class_mean_depth_m": 1.9620635771040413, "scenario_id": "baseline", "model_type": "Automated approximate 2D flood-routing prototype", "validated_hydraulic_output": false}, "geometry": {"type": "Polygon", "coordinates": [[[75.13222753779999, 18.089449299099996], [75.13222753779999, 18.088893743099998], [75.13250531579999, 18.088893743099998], [75.13250531579999, 18.089449299099996], [75.13222753779999, 18.089449299099996]]]}}, {"type": "Feature", "properties": {"time_min": 60, "depth_min_m": 1.0, "depth_max_m": 3.0, "depth_class": "1.0\u20133.0 m", "class_area_km2": 0.8943784014394768, "flooded_area_km2": 6.592769144818747, "frame_max_depth_m": 132.33808102972478, "class_mean_depth_m": 1.9620635771040413, "scenario_id": "baseline", "model_type": "Automated approximate 2D flood-routing prototype", "validated_hydraulic_output": false}, "geometry": {"type": "Polygon", "coordinates": [[[75.15056088579999, 18.0891715211], [75.15056088579999, 18.088893743099998], [75.1511164418, 18.088893743099998], [75.1511164418, 18.0891715211], [75.15056088579999, 18.0891715211]]]}}, {"type": "Feature", "properties": {"time_min": 60, "depth_min_m": 1.0, "depth_max_m": 3.0, "depth_class": "1.0\u20133.0 m", "class_area_km2": 0.8943784014394768, "flooded_area_km2": 6.592769144818747, "frame_max_depth_m": 132.33808102972478, "class_mean_depth_m": 1.9620635771040413, "scenario_id": "baseline", "model_type": "Automated approximate 2D flood-routing prototype", "validated_hydraulic_output": false}, "geometry": {"type": "Polygon", "coordinates": [[[75.1500053298, 18.088893743099998], [75.1500053298, 18.088615965099997], [75.15028310779999, 18.088615965099997], [75.15028310779999, 18.088893743099998], [75.1500053298, 18.088893743099998]]]}}, {"type": "Feature", "properties": {"time_min": 60, "depth_min_m": 1.0, "depth_max_m": 3.0, "depth_class": "1.0\u20133.0 m", "class_area_km2": 0.8943784014394768, "flooded_area_km2": 6.592769144818747, "frame_max_depth_m": 132.33808102972478, "class_mean_depth_m": 1.9620635771040413, "scenario_id": "baseline", "model_type": "Automated approximate 2D flood-routing prototype", "validated_hydraulic_output": false}, "geometry": {"type": "Polygon", "coordinates": [[[75.13250531579999, 18.088615965099997], [75.13250531579999, 18.088338187099996], [75.1327830938, 18.088338187099996], [75.1327830938, 18.088615965099997], [75.13250531579999, 18.088615965099997]]]}}, {"type": "Feature", "properties": {"time_min": 60, "depth_min_m": 1.0, "depth_max_m": 3.0, "depth_class": "1.0\u20133.0 m", "class_area_km2": 0.8943784014394768, "flooded_area_km2": 6.592769144818747, "frame_max_depth_m": 132.33808102972478, "class_mean_depth_m": 1.9620635771040413, "scenario_id": "baseline", "model_type": "Automated approximate 2D flood-routing prototype", "validated_hydraulic_output": false}, "geometry": {"type": "Polygon", "coordinates": [[[75.1327830938, 18.0880604091], [75.1327830938, 18.087782631099998], [75.1330608718, 18.087782631099998], [75.1330608718, 18.0880604091], [75.1327830938, 18.0880604091]]]}}, {"type": "Feature", "properties": {"time_min": 60, "depth_min_m": 1.0, "depth_max_m": 3.0, "depth_class": "1.0\u20133.0 m", "class_area_km2": 0.8943784014394768, "flooded_area_km2": 6.592769144818747, "frame_max_depth_m": 132.33808102972478, "class_mean_depth_m": 1.9620635771040413, "scenario_id": "baseline", "model_type": "Automated approximate 2D flood-routing prototype", "validated_hydraulic_output": false}, "geometry": {"type": "Polygon", "coordinates": [[[75.1330608718, 18.087782631099998], [75.1330608718, 18.087504853099997], [75.13361642779999, 18.087504853099997], [75.13361642779999, 18.087782631099998], [75.1330608718, 18.087782631099998]]]}}, {"type": "Feature", "properties": {"time_min": 60, "depth_min_m": 1.0, "depth_max_m": 3.0, "depth_class": "1.0\u20133.0 m", "class_area_km2": 0.8943784014394768, "flooded_area_km2": 6.592769144818747, "frame_max_depth_m": 132.33808102972478, "class_mean_depth_m": 1.9620635771040413, "scenario_id": "baseline", "model_type": "Automated approximate 2D flood-routing prototype", "validated_hydraulic_output": false}, "geometry": {"type": "Polygon", "coordinates": [[[75.1313942038, 18.087504853099997], [75.1313942038, 18.0872270751], [75.1319497598, 18.0872270751], [75.1319497598, 18.087504853099997], [75.1313942038, 18.087504853099997]]]}}, {"type": "Feature", "properties": {"time_min": 60, "depth_min_m": 1.0, "depth_max_m": 3.0, "depth_class": "1.0\u20133.0 m", "class_area_km2": 0.8943784014394768, "flooded_area_km2": 6.592769144818747, "frame_max_depth_m": 132.33808102972478, "class_mean_depth_m": 1.9620635771040413, "scenario_id": "baseline", "model_type": "Automated approximate 2D flood-routing prototype", "validated_hydraulic_output": false}, "geometry": {"type": "Polygon", "coordinates": [[[75.15056088579999, 18.087504853099997], [75.15056088579999, 18.0872270751], [75.15083866379999, 18.0872270751], [75.15083866379999, 18.087504853099997], [75.15056088579999, 18.087504853099997]]]}}, {"type": "Feature", "properties": {"time_min": 60, "depth_min_m": 1.0, "depth_max_m": 3.0, "depth_class": "1.0\u20133.0 m", "class_area_km2": 0.8943784014394768, "flooded_area_km2": 6.592769144818747, "frame_max_depth_m": 132.33808102972478, "class_mean_depth_m": 1.9620635771040413, "scenario_id": "baseline", "model_type": "Automated approximate 2D flood-routing prototype", "validated_hydraulic_output": false}, "geometry": {"type": "Polygon", "coordinates": [[[75.1469497718, 18.0872270751], [75.1469497718, 18.0869492971], [75.1472275498, 18.0869492971], [75.1472275498, 18.0872270751], [75.1469497718, 18.0872270751]]]}}, {"type": "Feature", "properties": {"time_min": 60, "depth_min_m": 1.0, "depth_max_m": 3.0, "depth_class": "1.0\u20133.0 m", "class_area_km2": 0.8943784014394768, "flooded_area_km2": 6.592769144818747, "frame_max_depth_m": 132.33808102972478, "class_mean_depth_m": 1.9620635771040413, "scenario_id": "baseline", "model_type": "Automated approximate 2D flood-routing prototype", "validated_hydraulic_output": false}, "geometry": {"type": "Polygon", "coordinates": [[[75.13361642779999, 18.0872270751], [75.13361642779999, 18.086671519099998], [75.13389420579999, 18.086671519099998], [75.13389420579999, 18.0872270751], [75.13361642779999, 18.0872270751]]]}}, {"type": "Feature", "properties": {"time_min": 60, "depth_min_m": 1.0, "depth_max_m": 3.0, "depth_class": "1.0\u20133.0 m", "class_area_km2": 0.8943784014394768, "flooded_area_km2": 6.592769144818747, "frame_max_depth_m": 132.33808102972478, "class_mean_depth_m": 1.9620635771040413, "scenario_id": "baseline", "model_type": "Automated approximate 2D flood-routing prototype", "validated_hydraulic_output": false}, "geometry": {"type": "Polygon", "coordinates": [[[75.1472275498, 18.0869492971], [75.1472275498, 18.086671519099998], [75.14750532779999, 18.086671519099998], [75.14750532779999, 18.0869492971], [75.1472275498, 18.0869492971]]]}}, {"type": "Feature", "properties": {"time_min": 60, "depth_min_m": 1.0, "depth_max_m": 3.0, "depth_class": "1.0\u20133.0 m", "class_area_km2": 0.8943784014394768, "flooded_area_km2": 6.592769144818747, "frame_max_depth_m": 132.33808102972478, "class_mean_depth_m": 1.9620635771040413, "scenario_id": "baseline", "model_type": "Automated approximate 2D flood-routing prototype", "validated_hydraulic_output": false}, "geometry": {"type": "Polygon", "coordinates": [[[75.14778310579999, 18.0869492971], [75.14778310579999, 18.086671519099998], [75.1480608838, 18.086671519099998], [75.1480608838, 18.0869492971], [75.14778310579999, 18.0869492971]]]}}, {"type": "Feature", "properties": {"time_min": 60, "depth_min_m": 1.0, "depth_max_m": 3.0, "depth_class": "1.0\u20133.0 m", "class_area_km2": 0.8943784014394768, "flooded_area_km2": 6.592769144818747, "frame_max_depth_m": 132.33808102972478, "class_mean_depth_m": 1.9620635771040413, "scenario_id": "baseline", "model_type": "Automated approximate 2D flood-routing prototype", "validated_hydraulic_output": false}, "geometry": {"type": "Polygon", "coordinates": [[[75.14889421779999, 18.0872270751], [75.14889421779999, 18.0869492971], [75.1486164398, 18.0869492971], [75.1486164398, 18.086671519099998], [75.1494497738, 18.086671519099998], [75.1494497738, 18.0872270751], [75.14889421779999, 18.0872270751]]]}}, {"type": "Feature", "properties": {"time_min": 60, "depth_min_m": 1.0, "depth_max_m": 3.0, "depth_class": "1.0\u20133.0 m", "class_area_km2": 0.8943784014394768, "flooded_area_km2": 6.592769144818747, "frame_max_depth_m": 132.33808102972478, "class_mean_depth_m": 1.9620635771040413, "scenario_id": "baseline", "model_type": "Automated approximate 2D flood-routing prototype", "validated_hydraulic_output": false}, "geometry": {"type": "Polygon", "coordinates": [[[75.1394497658, 18.0869492971], [75.1394497658, 18.086671519099998], [75.1391719878, 18.086671519099998], [75.1391719878, 18.086393741099997], [75.13972754379999, 18.086393741099997], [75.13972754379999, 18.0869492971], [75.1394497658, 18.0869492971]]]}}, {"type": "Feature", "properties": {"time_min": 60, "depth_min_m": 1.0, "depth_max_m": 3.0, "depth_class": "1.0\u20133.0 m", "class_area_km2": 0.8943784014394768, "flooded_area_km2": 6.592769144818747, "frame_max_depth_m": 132.33808102972478, "class_mean_depth_m": 1.9620635771040413, "scenario_id": "baseline", "model_type": "Automated approximate 2D flood-routing prototype", "validated_hydraulic_output": false}, "geometry": {"type": "Polygon", "coordinates": [[[75.1319497598, 18.0872270751], [75.1319497598, 18.086671519099998], [75.1316719818, 18.086671519099998], [75.1316719818, 18.0858381851], [75.1319497598, 18.0858381851], [75.1319497598, 18.086393741099997], [75.13222753779999, 18.086393741099997], [75.13222753779999, 18.0861159631], [75.1327830938, 18.0861159631], [75.1327830938, 18.0858381851], [75.1330608718, 18.0858381851], [75.1330608718, 18.086393741099997], [75.13250531579999, 18.086393741099997], [75.13250531579999, 18.086671519099998], [75.13222753779999, 18.086671519099998], [75.13222753779999, 18.0872270751], [75.1319497598, 18.0872270751]]]}}, {"type": "Feature", "properties": {"time_min": 60, "depth_min_m": 1.0, "depth_max_m": 3.0, "depth_class": "1.0\u20133.0 m", "class_area_km2": 0.8943784014394768, "flooded_area_km2": 6.592769144818747, "frame_max_depth_m": 132.33808102972478, "class_mean_depth_m": 1.9620635771040413, "scenario_id": "baseline", "model_type": "Automated approximate 2D flood-routing prototype", "validated_hydraulic_output": false}, "geometry": {"type": "Polygon", "coordinates": [[[75.1455608818, 18.0858381851], [75.1455608818, 18.085560407099997], [75.14583865979999, 18.085560407099997], [75.14583865979999, 18.0858381851], [75.1455608818, 18.0858381851]]]}}, {"type": "Feature", "properties": {"time_min": 60, "depth_min_m": 1.0, "depth_max_m": 3.0, "depth_class": "1.0\u20133.0 m", "class_area_km2": 0.8943784014394768, "flooded_area_km2": 6.592769144818747, "frame_max_depth_m": 132.33808102972478, "class_mean_depth_m": 1.9620635771040413, "scenario_id": "baseline", "model_type": "Automated approximate 2D flood-routing prototype", "validated_hydraulic_output": false}, "geometry": {"type": "Polygon", "coordinates": [[[75.1327830938, 18.085560407099997], [75.1327830938, 18.085282629099996], [75.1330608718, 18.085282629099996], [75.1330608718, 18.085560407099997], [75.1327830938, 18.085560407099997]]]}}, {"type": "Feature", "properties": {"time_min": 60, "depth_min_m": 1.0, "depth_max_m": 3.0, "depth_class": "1.0\u20133.0 m", "class_area_km2": 0.8943784014394768, "flooded_area_km2": 6.592769144818747, "frame_max_depth_m": 132.33808102972478, "class_mean_depth_m": 1.9620635771040413, "scenario_id": "baseline", "model_type": "Automated approximate 2D flood-routing prototype", "validated_hydraulic_output": false}, "geometry": {"type": "Polygon", "coordinates": [[[75.1344497618, 18.085560407099997], [75.1344497618, 18.085282629099996], [75.1347275398, 18.085282629099996], [75.1347275398, 18.085560407099997], [75.1344497618, 18.085560407099997]]]}}, {"type": "Feature", "properties": {"time_min": 60, "depth_min_m": 1.0, "depth_max_m": 3.0, "depth_class": "1.0\u20133.0 m", "class_area_km2": 0.8943784014394768, "flooded_area_km2": 6.592769144818747, "frame_max_depth_m": 132.33808102972478, "class_mean_depth_m": 1.9620635771040413, "scenario_id": "baseline", "model_type": "Automated approximate 2D flood-routing prototype", "validated_hydraulic_output": false}, "geometry": {"type": "Polygon", "coordinates": [[[75.1402830998, 18.085560407099997], [75.1402830998, 18.0850048511], [75.1408386558, 18.0850048511], [75.1408386558, 18.085282629099996], [75.1405608778, 18.085282629099996], [75.1405608778, 18.085560407099997], [75.1402830998, 18.085560407099997]]]}}, {"type": "Feature", "properties": {"time_min": 60, "depth_min_m": 1.0, "depth_max_m": 3.0, "depth_class": "1.0\u20133.0 m", "class_area_km2": 0.8943784014394768, "flooded_area_km2": 6.592769144818747, "frame_max_depth_m": 132.33808102972478, "class_mean_depth_m": 1.9620635771040413, "scenario_id": "baseline", "model_type": "Automated approximate 2D flood-routing prototype", "validated_hydraulic_output": false}, "geometry": {"type": "Polygon", "coordinates": [[[75.13861643179999, 18.085282629099996], [75.13861643179999, 18.0850048511], [75.1388942098, 18.0850048511], [75.1388942098, 18.085282629099996], [75.13861643179999, 18.085282629099996]]]}}, {"type": "Feature", "properties": {"time_min": 60, "depth_min_m": 1.0, "depth_max_m": 3.0, "depth_class": "1.0\u20133.0 m", "class_area_km2": 0.8943784014394768, "flooded_area_km2": 6.592769144818747, "frame_max_depth_m": 132.33808102972478, "class_mean_depth_m": 1.9620635771040413, "scenario_id": "baseline", "model_type": "Automated approximate 2D flood-routing prototype", "validated_hydraulic_output": false}, "geometry": {"type": "Polygon", "coordinates": [[[75.1452831038, 18.085282629099996], [75.1452831038, 18.0850048511], [75.1455608818, 18.0850048511], [75.1455608818, 18.085282629099996], [75.1452831038, 18.085282629099996]]]}}, {"type": "Feature", "properties": {"time_min": 60, "depth_min_m": 1.0, "depth_max_m": 3.0, "depth_class": "1.0\u20133.0 m", "class_area_km2": 0.8943784014394768, "flooded_area_km2": 6.592769144818747, "frame_max_depth_m": 132.33808102972478, "class_mean_depth_m": 1.9620635771040413, "scenario_id": "baseline", "model_type": "Automated approximate 2D flood-routing prototype", "validated_hydraulic_output": false}, "geometry": {"type": "Polygon", "coordinates": [[[75.1344497618, 18.0850048511], [75.1344497618, 18.084727073099998], [75.1350053178, 18.084727073099998], [75.1350053178, 18.0850048511], [75.1344497618, 18.0850048511]]]}}, {"type": "Feature", "properties": {"time_min": 60, "depth_min_m": 1.0, "depth_max_m": 3.0, "depth_class": "1.0\u20133.0 m", "class_area_km2": 0.8943784014394768, "flooded_area_km2": 6.592769144818747, "frame_max_depth_m": 132.33808102972478, "class_mean_depth_m": 1.9620635771040413, "scenario_id": "baseline", "model_type": "Automated approximate 2D flood-routing prototype", "validated_hydraulic_output": false}, "geometry": {"type": "Polygon", "coordinates": [[[75.1377830978, 18.0850048511], [75.1377830978, 18.084727073099998], [75.13861643179999, 18.084727073099998], [75.13861643179999, 18.0850048511], [75.1377830978, 18.0850048511]]]}}, {"type": "Feature", "properties": {"time_min": 60, "depth_min_m": 1.0, "depth_max_m": 3.0, "depth_class": "1.0\u20133.0 m", "class_area_km2": 0.8943784014394768, "flooded_area_km2": 6.592769144818747, "frame_max_depth_m": 132.33808102972478, "class_mean_depth_m": 1.9620635771040413, "scenario_id": "baseline", "model_type": "Automated approximate 2D flood-routing prototype", "validated_hydraulic_output": false}, "geometry": {"type": "Polygon", "coordinates": [[[75.1391719878, 18.0850048511], [75.1391719878, 18.084727073099998], [75.1394497658, 18.084727073099998], [75.1394497658, 18.0850048511], [75.1391719878, 18.0850048511]]]}}, {"type": "Feature", "properties": {"time_min": 60, "depth_min_m": 1.0, "depth_max_m": 3.0, "depth_class": "1.0\u20133.0 m", "class_area_km2": 0.8943784014394768, "flooded_area_km2": 6.592769144818747, "frame_max_depth_m": 132.33808102972478, "class_mean_depth_m": 1.9620635771040413, "scenario_id": "baseline", "model_type": "Automated approximate 2D flood-routing prototype", "validated_hydraulic_output": false}, "geometry": {"type": "Polygon", "coordinates": [[[75.14000532179999, 18.0850048511], [75.14000532179999, 18.084727073099998], [75.1402830998, 18.084727073099998], [75.1402830998, 18.0850048511], [75.14000532179999, 18.0850048511]]]}}, {"type": "Feature", "properties": {"time_min": 60, "depth_min_m": 1.0, "depth_max_m": 3.0, "depth_class": "1.0\u20133.0 m", "class_area_km2": 0.8943784014394768, "flooded_area_km2": 6.592769144818747, "frame_max_depth_m": 132.33808102972478, "class_mean_depth_m": 1.9620635771040413, "scenario_id": "baseline", "model_type": "Automated approximate 2D flood-routing prototype", "validated_hydraulic_output": false}, "geometry": {"type": "Polygon", "coordinates": [[[75.13861643179999, 18.084727073099998], [75.13861643179999, 18.084449295099997], [75.1388942098, 18.084449295099997], [75.1388942098, 18.084727073099998], [75.13861643179999, 18.084727073099998]]]}}, {"type": "Feature", "properties": {"time_min": 60, "depth_min_m": 1.0, "depth_max_m": 3.0, "depth_class": "1.0\u20133.0 m", "class_area_km2": 0.8943784014394768, "flooded_area_km2": 6.592769144818747, "frame_max_depth_m": 132.33808102972478, "class_mean_depth_m": 1.9620635771040413, "scenario_id": "baseline", "model_type": "Automated approximate 2D flood-routing prototype", "validated_hydraulic_output": false}, "geometry": {"type": "Polygon", "coordinates": [[[75.1433386578, 18.084727073099998], [75.1433386578, 18.084449295099997], [75.1438942138, 18.084449295099997], [75.1438942138, 18.084727073099998], [75.1433386578, 18.084727073099998]]]}}, {"type": "Feature", "properties": {"time_min": 60, "depth_min_m": 1.0, "depth_max_m": 3.0, "depth_class": "1.0\u20133.0 m", "class_area_km2": 0.8943784014394768, "flooded_area_km2": 6.592769144818747, "frame_max_depth_m": 132.33808102972478, "class_mean_depth_m": 1.9620635771040413, "scenario_id": "baseline", "model_type": "Automated approximate 2D flood-routing prototype", "validated_hydraulic_output": false}, "geometry": {"type": "Polygon", "coordinates": [[[75.1361164298, 18.084449295099997], [75.1361164298, 18.0841715171], [75.1358386518, 18.0841715171], [75.1358386518, 18.0838937391], [75.1363942078, 18.0838937391], [75.1363942078, 18.084449295099997], [75.1361164298, 18.084449295099997]]]}}, {"type": "Feature", "properties": {"time_min": 60, "depth_min_m": 1.0, "depth_max_m": 3.0, "depth_class": "1.0\u20133.0 m", "class_area_km2": 0.8943784014394768, "flooded_area_km2": 6.592769144818747, "frame_max_depth_m": 132.33808102972478, "class_mean_depth_m": 1.9620635771040413, "scenario_id": "baseline", "model_type": "Automated approximate 2D flood-routing prototype", "validated_hydraulic_output": false}, "geometry": {"type": "Polygon", "coordinates": [[[75.1405608778, 18.0841715171], [75.1405608778, 18.0838937391], [75.1422275458, 18.0838937391], [75.1422275458, 18.0841715171], [75.1405608778, 18.0841715171]]]}}, {"type": "Feature", "properties": {"time_min": 60, "depth_min_m": 1.0, "depth_max_m": 3.0, "depth_class": "1.0\u20133.0 m", "class_area_km2": 0.8943784014394768, "flooded_area_km2": 6.592769144818747, "frame_max_depth_m": 132.33808102972478, "class_mean_depth_m": 1.9620635771040413, "scenario_id": "baseline", "model_type": "Automated approximate 2D flood-routing prototype", "validated_hydraulic_output": false}, "geometry": {"type": "Polygon", "coordinates": [[[75.14278310179999, 18.0841715171], [75.14278310179999, 18.0838937391], [75.14306087979999, 18.0838937391], [75.14306087979999, 18.0841715171], [75.14278310179999, 18.0841715171]]]}}, {"type": "Feature", "properties": {"time_min": 60, "depth_min_m": 1.0, "depth_max_m": 3.0, "depth_class": "1.0\u20133.0 m", "class_area_km2": 0.8943784014394768, "flooded_area_km2": 6.592769144818747, "frame_max_depth_m": 132.33808102972478, "class_mean_depth_m": 1.9620635771040413, "scenario_id": "baseline", "model_type": "Automated approximate 2D flood-routing prototype", "validated_hydraulic_output": false}, "geometry": {"type": "Polygon", "coordinates": [[[75.1436164358, 18.0841715171], [75.1436164358, 18.0838937391], [75.1438942138, 18.0838937391], [75.1438942138, 18.0841715171], [75.1436164358, 18.0841715171]]]}}, {"type": "Feature", "properties": {"time_min": 60, "depth_min_m": 1.0, "depth_max_m": 3.0, "depth_class": "1.0\u20133.0 m", "class_area_km2": 0.8943784014394768, "flooded_area_km2": 6.592769144818747, "frame_max_depth_m": 132.33808102972478, "class_mean_depth_m": 1.9620635771040413, "scenario_id": "baseline", "model_type": "Automated approximate 2D flood-routing prototype", "validated_hydraulic_output": false}, "geometry": {"type": "Polygon", "coordinates": [[[75.14444976979999, 18.084449295099997], [75.14444976979999, 18.0841715171], [75.1441719918, 18.0841715171], [75.1441719918, 18.0838937391], [75.14444976979999, 18.0838937391], [75.14444976979999, 18.083615961099998], [75.14472754779999, 18.083615961099998], [75.14472754779999, 18.0838937391], [75.1450053258, 18.0838937391], [75.1450053258, 18.0841715171], [75.14472754779999, 18.0841715171], [75.14472754779999, 18.084449295099997], [75.14444976979999, 18.084449295099997]]]}}, {"type": "Feature", "properties": {"time_min": 60, "depth_min_m": 1.0, "depth_max_m": 3.0, "depth_class": "1.0\u20133.0 m", "class_area_km2": 0.8943784014394768, "flooded_area_km2": 6.592769144818747, "frame_max_depth_m": 132.33808102972478, "class_mean_depth_m": 1.9620635771040413, "scenario_id": "baseline", "model_type": "Automated approximate 2D flood-routing prototype", "validated_hydraulic_output": false}, "geometry": {"type": "Polygon", "coordinates": [[[75.13556087379999, 18.083615961099998], [75.13556087379999, 18.083338183099997], [75.1358386518, 18.083338183099997], [75.1358386518, 18.083615961099998], [75.13556087379999, 18.083615961099998]]]}}, {"type": "Feature", "properties": {"time_min": 60, "depth_min_m": 1.0, "depth_max_m": 3.0, "depth_class": "1.0\u20133.0 m", "class_area_km2": 0.8943784014394768, "flooded_area_km2": 6.592769144818747, "frame_max_depth_m": 132.33808102972478, "class_mean_depth_m": 1.9620635771040413, "scenario_id": "baseline", "model_type": "Automated approximate 2D flood-routing prototype", "validated_hydraulic_output": false}, "geometry": {"type": "Polygon", "coordinates": [[[75.1411164338, 18.083338183099997], [75.1411164338, 18.0830604051], [75.14139421179999, 18.0830604051], [75.14139421179999, 18.083338183099997], [75.1411164338, 18.083338183099997]]]}}, {"type": "Feature", "properties": {"time_min": 60, "depth_min_m": 1.0, "depth_max_m": 3.0, "depth_class": "1.0\u20133.0 m", "class_area_km2": 0.8943784014394768, "flooded_area_km2": 6.592769144818747, "frame_max_depth_m": 132.33808102972478, "class_mean_depth_m": 1.9620635771040413, "scenario_id": "baseline", "model_type": "Automated approximate 2D flood-routing prototype", "validated_hydraulic_output": false}, "geometry": {"type": "Polygon", "coordinates": [[[75.14278310179999, 18.083338183099997], [75.14278310179999, 18.0830604051], [75.14306087979999, 18.0830604051], [75.14306087979999, 18.083338183099997], [75.14278310179999, 18.083338183099997]]]}}, {"type": "Feature", "properties": {"time_min": 60, "depth_min_m": 1.0, "depth_max_m": 3.0, "depth_class": "1.0\u20133.0 m", "class_area_km2": 0.8943784014394768, "flooded_area_km2": 6.592769144818747, "frame_max_depth_m": 132.33808102972478, "class_mean_depth_m": 1.9620635771040413, "scenario_id": "baseline", "model_type": "Automated approximate 2D flood-routing prototype", "validated_hydraulic_output": false}, "geometry": {"type": "Polygon", "coordinates": [[[75.13417198379999, 18.0827826271], [75.13417198379999, 18.082504849099998], [75.1344497618, 18.082504849099998], [75.1344497618, 18.0827826271], [75.13417198379999, 18.0827826271]]]}}, {"type": "Feature", "properties": {"time_min": 60, "depth_min_m": 1.0, "depth_max_m": 3.0, "depth_class": "1.0\u20133.0 m", "class_area_km2": 0.8943784014394768, "flooded_area_km2": 6.592769144818747, "frame_max_depth_m": 132.33808102972478, "class_mean_depth_m": 1.9620635771040413, "scenario_id": "baseline", "model_type": "Automated approximate 2D flood-routing prototype", "validated_hydraulic_output": false}, "geometry": {"type": "Polygon", "coordinates": [[[75.13556087379999, 18.0819492931], [75.13556087379999, 18.0816715151], [75.1361164298, 18.0816715151], [75.1361164298, 18.0819492931], [75.13556087379999, 18.0819492931]]]}}, {"type": "Feature", "properties": {"time_min": 60, "depth_min_m": 1.0, "depth_max_m": 3.0, "depth_class": "1.0\u20133.0 m", "class_area_km2": 0.8943784014394768, "flooded_area_km2": 6.592769144818747, "frame_max_depth_m": 132.33808102972478, "class_mean_depth_m": 1.9620635771040413, "scenario_id": "baseline", "model_type": "Automated approximate 2D flood-routing prototype", "validated_hydraulic_output": false}, "geometry": {"type": "Polygon", "coordinates": [[[75.1350053178, 18.0816715151], [75.1350053178, 18.081393737099997], [75.13528309579999, 18.081393737099997], [75.13528309579999, 18.0816715151], [75.1350053178, 18.0816715151]]]}}, {"type": "Feature", "properties": {"time_min": 60, "depth_min_m": 1.0, "depth_max_m": 3.0, "depth_class": "1.0\u20133.0 m", "class_area_km2": 0.8943784014394768, "flooded_area_km2": 6.592769144818747, "frame_max_depth_m": 132.33808102972478, "class_mean_depth_m": 1.9620635771040413, "scenario_id": "baseline", "model_type": "Automated approximate 2D flood-routing prototype", "validated_hydraulic_output": false}, "geometry": {"type": "Polygon", "coordinates": [[[75.1380608758, 18.0816715151], [75.1380608758, 18.081393737099997], [75.13833865379999, 18.081393737099997], [75.13833865379999, 18.0816715151], [75.1380608758, 18.0816715151]]]}}, {"type": "Feature", "properties": {"time_min": 60, "depth_min_m": 1.0, "depth_max_m": 3.0, "depth_class": "1.0\u20133.0 m", "class_area_km2": 0.8943784014394768, "flooded_area_km2": 6.592769144818747, "frame_max_depth_m": 132.33808102972478, "class_mean_depth_m": 1.9620635771040413, "scenario_id": "baseline", "model_type": "Automated approximate 2D flood-routing prototype", "validated_hydraulic_output": false}, "geometry": {"type": "Polygon", "coordinates": [[[75.1344497618, 18.0816715151], [75.1344497618, 18.081393737099997], [75.13417198379999, 18.081393737099997], [75.13417198379999, 18.081115959099996], [75.1347275398, 18.081115959099996], [75.1347275398, 18.0816715151], [75.1344497618, 18.0816715151]]]}}, {"type": "Feature", "properties": {"time_min": 60, "depth_min_m": 1.0, "depth_max_m": 3.0, "depth_class": "1.0\u20133.0 m", "class_area_km2": 0.8943784014394768, "flooded_area_km2": 6.592769144818747, "frame_max_depth_m": 132.33808102972478, "class_mean_depth_m": 1.9620635771040413, "scenario_id": "baseline", "model_type": "Automated approximate 2D flood-routing prototype", "validated_hydraulic_output": false}, "geometry": {"type": "Polygon", "coordinates": [[[75.1358386518, 18.081393737099997], [75.1358386518, 18.0808381811], [75.1361164298, 18.0808381811], [75.1361164298, 18.081393737099997], [75.1358386518, 18.081393737099997]]]}}, {"type": "Feature", "properties": {"time_min": 60, "depth_min_m": 1.0, "depth_max_m": 3.0, "depth_class": "1.0\u20133.0 m", "class_area_km2": 0.8943784014394768, "flooded_area_km2": 6.592769144818747, "frame_max_depth_m": 132.33808102972478, "class_mean_depth_m": 1.9620635771040413, "scenario_id": "baseline", "model_type": "Automated approximate 2D flood-routing prototype", "validated_hydraulic_output": false}, "geometry": {"type": "Polygon", "coordinates": [[[75.1347275398, 18.081115959099996], [75.1347275398, 18.0808381811], [75.1350053178, 18.0808381811], [75.1350053178, 18.081115959099996], [75.1347275398, 18.081115959099996]]]}}, {"type": "Feature", "properties": {"time_min": 60, "depth_min_m": 1.0, "depth_max_m": 3.0, "depth_class": "1.0\u20133.0 m", "class_area_km2": 0.8943784014394768, "flooded_area_km2": 6.592769144818747, "frame_max_depth_m": 132.33808102972478, "class_mean_depth_m": 1.9620635771040413, "scenario_id": "baseline", "model_type": "Automated approximate 2D flood-routing prototype", "validated_hydraulic_output": false}, "geometry": {"type": "Polygon", "coordinates": [[[75.1350053178, 18.0808381811], [75.1350053178, 18.080560403099998], [75.13528309579999, 18.080560403099998], [75.13528309579999, 18.0808381811], [75.1350053178, 18.0808381811]]]}}, {"type": "Feature", "properties": {"time_min": 60, "depth_min_m": 1.0, "depth_max_m": 3.0, "depth_class": "1.0\u20133.0 m", "class_area_km2": 0.8943784014394768, "flooded_area_km2": 6.592769144818747, "frame_max_depth_m": 132.33808102972478, "class_mean_depth_m": 1.9620635771040413, "scenario_id": "baseline", "model_type": "Automated approximate 2D flood-routing prototype", "validated_hydraulic_output": false}, "geometry": {"type": "Polygon", "coordinates": [[[75.13250531579999, 18.0800048471], [75.13250531579999, 18.0797270691], [75.1327830938, 18.0797270691], [75.1327830938, 18.0800048471], [75.13250531579999, 18.0800048471]]]}}, {"type": "Feature", "properties": {"time_min": 60, "depth_min_m": 1.0, "depth_max_m": 3.0, "depth_class": "1.0\u20133.0 m", "class_area_km2": 0.8943784014394768, "flooded_area_km2": 6.592769144818747, "frame_max_depth_m": 132.33808102972478, "class_mean_depth_m": 1.9620635771040413, "scenario_id": "baseline", "model_type": "Automated approximate 2D flood-routing prototype", "validated_hydraulic_output": false}, "geometry": {"type": "Polygon", "coordinates": [[[75.1197275278, 18.0788937351], [75.1197275278, 18.0786159571], [75.12028308379999, 18.0786159571], [75.12028308379999, 18.0788937351], [75.1197275278, 18.0788937351]]]}}, {"type": "Feature", "properties": {"time_min": 60, "depth_min_m": 1.0, "depth_max_m": 3.0, "depth_class": "1.0\u20133.0 m", "class_area_km2": 0.8943784014394768, "flooded_area_km2": 6.592769144818747, "frame_max_depth_m": 132.33808102972478, "class_mean_depth_m": 1.9620635771040413, "scenario_id": "baseline", "model_type": "Automated approximate 2D flood-routing prototype", "validated_hydraulic_output": false}, "geometry": {"type": "Polygon", "coordinates": [[[75.12028308379999, 18.0786159571], [75.12028308379999, 18.078338179099998], [75.1205608618, 18.078338179099998], [75.1205608618, 18.0786159571], [75.12028308379999, 18.0786159571]]]}}, {"type": "Feature", "properties": {"time_min": 60, "depth_min_m": 1.0, "depth_max_m": 3.0, "depth_class": "1.0\u20133.0 m", "class_area_km2": 0.8943784014394768, "flooded_area_km2": 6.592769144818747, "frame_max_depth_m": 132.33808102972478, "class_mean_depth_m": 1.9620635771040413, "scenario_id": "baseline", "model_type": "Automated approximate 2D flood-routing prototype", "validated_hydraulic_output": false}, "geometry": {"type": "Polygon", "coordinates": [[[75.11111640979999, 18.0850048511], [75.11111640979999, 18.084727073099998], [75.1108386318, 18.084727073099998], [75.1108386318, 18.084449295099997], [75.1102830758, 18.084449295099997], [75.1102830758, 18.0841715171], [75.1100052978, 18.0841715171], [75.1100052978, 18.083615961099998], [75.10972751979999, 18.083615961099998], [75.10972751979999, 18.082504849099998], [75.10944974179999, 18.082504849099998], [75.10944974179999, 18.081393737099997], [75.10972751979999, 18.081393737099997], [75.10972751979999, 18.0808381811], [75.1100052978, 18.0808381811], [75.1100052978, 18.080560403099998], [75.10972751979999, 18.080560403099998], [75.10972751979999, 18.0800048471], [75.10944974179999, 18.0800048471], [75.10944974179999, 18.0797270691], [75.10972751979999, 18.0797270691], [75.10972751979999, 18.079449291099998], [75.10944974179999, 18.079449291099998], [75.10944974179999, 18.0788937351], [75.1091719638, 18.0788937351], [75.1091719638, 18.0786159571], [75.1088941858, 18.0786159571], [75.1088941858, 18.078338179099998], [75.1086164078, 18.078338179099998], [75.1086164078, 18.077504845099998], [75.1091719638, 18.077504845099998], [75.1091719638, 18.0777826231], [75.10944974179999, 18.0777826231], [75.10944974179999, 18.078060401099997], [75.10972751979999, 18.078060401099997], [75.10972751979999, 18.078338179099998], [75.1100052978, 18.078338179099998], [75.1100052978, 18.0786159571], [75.1102830758, 18.0786159571], [75.1102830758, 18.0797270691], [75.1100052978, 18.0797270691], [75.1100052978, 18.080282625099997], [75.1102830758, 18.080282625099997], [75.1102830758, 18.080560403099998], [75.1108386318, 18.080560403099998], [75.1108386318, 18.081115959099996], [75.1105608538, 18.081115959099996], [75.1105608538, 18.081393737099997], [75.1102830758, 18.081393737099997], [75.1102830758, 18.0819492931], [75.1100052978, 18.0819492931], [75.1100052978, 18.082227071099997], [75.1102830758, 18.082227071099997], [75.1102830758, 18.082504849099998], [75.1108386318, 18.082504849099998], [75.1108386318, 18.0827826271], [75.11111640979999, 18.0827826271], [75.11111640979999, 18.083615961099998], [75.1116719658, 18.083615961099998], [75.1116719658, 18.083338183099997], [75.1119497438, 18.083338183099997], [75.1119497438, 18.082504849099998], [75.1122275218, 18.082504849099998], [75.1122275218, 18.0819492931], [75.1119497438, 18.0819492931], [75.1119497438, 18.0816715151], [75.1122275218, 18.0816715151], [75.1122275218, 18.081393737099997], [75.1130608558, 18.081393737099997], [75.1130608558, 18.081115959099996], [75.1133386338, 18.081115959099996], [75.1133386338, 18.0808381811], [75.1136164118, 18.0808381811], [75.1136164118, 18.080560403099998], [75.11389418979999, 18.080560403099998], [75.11389418979999, 18.080282625099997], [75.11417196779999, 18.080282625099997], [75.11417196779999, 18.079449291099998], [75.11444974579999, 18.079449291099998], [75.11444974579999, 18.079171513099997], [75.1152830798, 18.079171513099997], [75.1152830798, 18.079449291099998], [75.11583863579999, 18.079449291099998], [75.11583863579999, 18.079171513099997], [75.1161164138, 18.079171513099997], [75.1161164138, 18.079449291099998], [75.1163941918, 18.079449291099998], [75.1163941918, 18.0797270691], [75.11694974779999, 18.0797270691], [75.11694974779999, 18.079449291099998], [75.1175053038, 18.079449291099998], [75.1175053038, 18.0797270691], [75.1177830818, 18.0797270691], [75.1177830818, 18.079449291099998], [75.1180608598, 18.079449291099998], [75.1180608598, 18.079171513099997], [75.11861641579999, 18.079171513099997], [75.11861641579999, 18.0786159571], [75.1191719718, 18.0786159571], [75.1191719718, 18.0788937351], [75.11889419379999, 18.0788937351], [75.11889419379999, 18.079171513099997], [75.1191719718, 18.079171513099997], [75.1191719718, 18.079449291099998], [75.1194497498, 18.079449291099998], [75.1194497498, 18.0797270691], [75.1197275278, 18.0797270691], [75.1197275278, 18.080282625099997], [75.1194497498, 18.080282625099997], [75.1194497498, 18.0800048471], [75.11694974779999, 18.0800048471], [75.11694974779999, 18.080282625099997], [75.1161164138, 18.080282625099997], [75.1161164138, 18.080560403099998], [75.11556085779999, 18.080560403099998], [75.11556085779999, 18.080282625099997], [75.1150053018, 18.080282625099997], [75.1150053018, 18.080560403099998], [75.1147275238, 18.080560403099998], [75.1147275238, 18.0808381811], [75.11444974579999, 18.0808381811], [75.11444974579999, 18.081115959099996], [75.11389418979999, 18.081115959099996], [75.11389418979999, 18.081393737099997], [75.1136164118, 18.081393737099997], [75.1136164118, 18.0816715151], [75.1133386338, 18.0816715151], [75.1133386338, 18.0819492931], [75.1130608558, 18.0819492931], [75.1130608558, 18.082227071099997], [75.11278307779999, 18.082227071099997], [75.11278307779999, 18.082504849099998], [75.11250529979999, 18.082504849099998], [75.11250529979999, 18.0830604051], [75.11278307779999, 18.0830604051], [75.11278307779999, 18.083338183099997], [75.11250529979999, 18.083338183099997], [75.11250529979999, 18.083615961099998], [75.1122275218, 18.083615961099998], [75.1122275218, 18.0838937391], [75.1119497438, 18.0838937391], [75.1119497438, 18.084727073099998], [75.11139418779999, 18.084727073099998], [75.11139418779999, 18.0850048511], [75.11111640979999, 18.0850048511]]]}}, {"type": "Feature", "properties": {"time_min": 60, "depth_min_m": 1.0, "depth_max_m": 3.0, "depth_class": "1.0\u20133.0 m", "class_area_km2": 0.8943784014394768, "flooded_area_km2": 6.592769144818747, "frame_max_depth_m": 132.33808102972478, "class_mean_depth_m": 1.9620635771040413, "scenario_id": "baseline", "model_type": "Automated approximate 2D flood-routing prototype", "validated_hydraulic_output": false}, "geometry": {"type": "Polygon", "coordinates": [[[75.1327830938, 18.077227067099997], [75.1327830938, 18.076949289099996], [75.1330608718, 18.076949289099996], [75.1330608718, 18.077227067099997], [75.1327830938, 18.077227067099997]]]}}, {"type": "Feature", "properties": {"time_min": 60, "depth_min_m": 1.0, "depth_max_m": 3.0, "depth_class": "1.0\u20133.0 m", "class_area_km2": 0.8943784014394768, "flooded_area_km2": 6.592769144818747, "frame_max_depth_m": 132.33808102972478, "class_mean_depth_m": 1.9620635771040413, "scenario_id": "baseline", "model_type": "Automated approximate 2D flood-routing prototype", "validated_hydraulic_output": false}, "geometry": {"type": "Polygon", "coordinates": [[[75.1205608618, 18.0777826231], [75.1205608618, 18.0766715111], [75.1208386398, 18.0766715111], [75.1208386398, 18.0777826231], [75.1205608618, 18.0777826231]]]}}, {"type": "Feature", "properties": {"time_min": 60, "depth_min_m": 1.0, "depth_max_m": 3.0, "depth_class": "1.0\u20133.0 m", "class_area_km2": 0.8943784014394768, "flooded_area_km2": 6.592769144818747, "frame_max_depth_m": 132.33808102972478, "class_mean_depth_m": 1.9620635771040413, "scenario_id": "baseline", "model_type": "Automated approximate 2D flood-routing prototype", "validated_hydraulic_output": false}, "geometry": {"type": "Polygon", "coordinates": [[[75.1225053078, 18.076949289099996], [75.1225053078, 18.0766715111], [75.1227830858, 18.0766715111], [75.1227830858, 18.076949289099996], [75.1225053078, 18.076949289099996]]]}}, {"type": "Feature", "properties": {"time_min": 60, "depth_min_m": 1.0, "depth_max_m": 3.0, "depth_class": "1.0\u20133.0 m", "class_area_km2": 0.8943784014394768, "flooded_area_km2": 6.592769144818747, "frame_max_depth_m": 132.33808102972478, "class_mean_depth_m": 1.9620635771040413, "scenario_id": "baseline", "model_type": "Automated approximate 2D flood-routing prototype", "validated_hydraulic_output": false}, "geometry": {"type": "Polygon", "coordinates": [[[75.13250531579999, 18.076949289099996], [75.13250531579999, 18.0766715111], [75.1327830938, 18.0766715111], [75.1327830938, 18.076949289099996], [75.13250531579999, 18.076949289099996]]]}}, {"type": "Feature", "properties": {"time_min": 60, "depth_min_m": 1.0, "depth_max_m": 3.0, "depth_class": "1.0\u20133.0 m", "class_area_km2": 0.8943784014394768, "flooded_area_km2": 6.592769144818747, "frame_max_depth_m": 132.33808102972478, "class_mean_depth_m": 1.9620635771040413, "scenario_id": "baseline", "model_type": "Automated approximate 2D flood-routing prototype", "validated_hydraulic_output": false}, "geometry": {"type": "Polygon", "coordinates": [[[75.13083864779999, 18.076393733099998], [75.13083864779999, 18.076115955099997], [75.13111642579999, 18.076115955099997], [75.13111642579999, 18.076393733099998], [75.13083864779999, 18.076393733099998]]]}}, {"type": "Feature", "properties": {"time_min": 60, "depth_min_m": 1.0, "depth_max_m": 3.0, "depth_class": "1.0\u20133.0 m", "class_area_km2": 0.8943784014394768, "flooded_area_km2": 6.592769144818747, "frame_max_depth_m": 132.33808102972478, "class_mean_depth_m": 1.9620635771040413, "scenario_id": "baseline", "model_type": "Automated approximate 2D flood-routing prototype", "validated_hydraulic_output": false}, "geometry": {"type": "Polygon", "coordinates": [[[75.1319497598, 18.076393733099998], [75.1319497598, 18.076115955099997], [75.13222753779999, 18.076115955099997], [75.13222753779999, 18.076393733099998], [75.1319497598, 18.076393733099998]]]}}, {"type": "Feature", "properties": {"time_min": 60, "depth_min_m": 1.0, "depth_max_m": 3.0, "depth_class": "1.0\u20133.0 m", "class_area_km2": 0.8943784014394768, "flooded_area_km2": 6.592769144818747, "frame_max_depth_m": 132.33808102972478, "class_mean_depth_m": 1.9620635771040413, "scenario_id": "baseline", "model_type": "Automated approximate 2D flood-routing prototype", "validated_hydraulic_output": false}, "geometry": {"type": "Polygon", "coordinates": [[[75.12028308379999, 18.076115955099997], [75.12028308379999, 18.0755603991], [75.1205608618, 18.0755603991], [75.1205608618, 18.076115955099997], [75.12028308379999, 18.076115955099997]]]}}, {"type": "Feature", "properties": {"time_min": 60, "depth_min_m": 1.0, "depth_max_m": 3.0, "depth_class": "1.0\u20133.0 m", "class_area_km2": 0.8943784014394768, "flooded_area_km2": 6.592769144818747, "frame_max_depth_m": 132.33808102972478, "class_mean_depth_m": 1.9620635771040413, "scenario_id": "baseline", "model_type": "Automated approximate 2D flood-routing prototype", "validated_hydraulic_output": false}, "geometry": {"type": "Polygon", "coordinates": [[[75.1300053138, 18.076115955099997], [75.1300053138, 18.0758381771], [75.1302830918, 18.0758381771], [75.1302830918, 18.0755603991], [75.13083864779999, 18.0755603991], [75.13083864779999, 18.0758381771], [75.1305608698, 18.0758381771], [75.1305608698, 18.076115955099997], [75.1300053138, 18.076115955099997]]]}}, {"type": "Feature", "properties": {"time_min": 60, "depth_min_m": 1.0, "depth_max_m": 3.0, "depth_class": "1.0\u20133.0 m", "class_area_km2": 0.8943784014394768, "flooded_area_km2": 6.592769144818747, "frame_max_depth_m": 132.33808102972478, "class_mean_depth_m": 1.9620635771040413, "scenario_id": "baseline", "model_type": "Automated approximate 2D flood-routing prototype", "validated_hydraulic_output": false}, "geometry": {"type": "Polygon", "coordinates": [[[75.13111642579999, 18.076115955099997], [75.13111642579999, 18.0755603991], [75.1313942038, 18.0755603991], [75.1313942038, 18.076115955099997], [75.13111642579999, 18.076115955099997]]]}}, {"type": "Feature", "properties": {"time_min": 60, "depth_min_m": 1.0, "depth_max_m": 3.0, "depth_class": "1.0\u20133.0 m", "class_area_km2": 0.8943784014394768, "flooded_area_km2": 6.592769144818747, "frame_max_depth_m": 132.33808102972478, "class_mean_depth_m": 1.9620635771040413, "scenario_id": "baseline", "model_type": "Automated approximate 2D flood-routing prototype", "validated_hydraulic_output": false}, "geometry": {"type": "Polygon", "coordinates": [[[75.1077830738, 18.079449291099998], [75.1077830738, 18.079171513099997], [75.1061164058, 18.079171513099997], [75.1061164058, 18.078338179099998], [75.1055608498, 18.078338179099998], [75.1055608498, 18.078060401099997], [75.10528307179999, 18.078060401099997], [75.10528307179999, 18.078338179099998], [75.1044497378, 18.078338179099998], [75.1044497378, 18.078060401099997], [75.1041719598, 18.078060401099997], [75.1041719598, 18.0777826231], [75.1038941818, 18.0777826231], [75.1038941818, 18.078060401099997], [75.10361640379999, 18.078060401099997], [75.10361640379999, 18.078338179099998], [75.1030608478, 18.078338179099998], [75.1030608478, 18.0777826231], [75.1027830698, 18.0777826231], [75.1027830698, 18.077504845099998], [75.1011164018, 18.077504845099998], [75.1011164018, 18.0777826231], [75.10056084579999, 18.0777826231], [75.10056084579999, 18.077504845099998], [75.0994497338, 18.077504845099998], [75.0994497338, 18.077227067099997], [75.09917195579999, 18.077227067099997], [75.09917195579999, 18.076949289099996], [75.09889417779999, 18.076949289099996], [75.09889417779999, 18.0766715111], [75.0983386218, 18.0766715111], [75.0983386218, 18.076393733099998], [75.0997275118, 18.076393733099998], [75.0997275118, 18.0766715111], [75.1000052898, 18.0766715111], [75.1000052898, 18.076949289099996], [75.10028306779999, 18.076949289099996], [75.10028306779999, 18.077227067099997], [75.1008386238, 18.077227067099997], [75.1008386238, 18.076949289099996], [75.1013941798, 18.076949289099996], [75.1013941798, 18.0766715111], [75.1016719578, 18.0766715111], [75.1016719578, 18.076115955099997], [75.10194973579999, 18.076115955099997], [75.10194973579999, 18.0755603991], [75.10222751379999, 18.0755603991], [75.10222751379999, 18.075282621099998], [75.1027830698, 18.075282621099998], [75.1027830698, 18.0758381771], [75.1030608478, 18.0758381771], [75.1030608478, 18.076393733099998], [75.1038941818, 18.076393733099998], [75.1038941818, 18.076949289099996], [75.10500529379999, 18.076949289099996], [75.10500529379999, 18.077227067099997], [75.1058386278, 18.077227067099997], [75.1058386278, 18.076949289099996], [75.10639418379999, 18.076949289099996], [75.10639418379999, 18.077227067099997], [75.10833862979999, 18.077227067099997], [75.10833862979999, 18.077504845099998], [75.1069497398, 18.077504845099998], [75.1069497398, 18.078338179099998], [75.1077830738, 18.078338179099998], [75.1077830738, 18.0786159571], [75.10806085179999, 18.0786159571], [75.10806085179999, 18.078338179099998], [75.10833862979999, 18.078338179099998], [75.10833862979999, 18.0788937351], [75.1086164078, 18.0788937351], [75.1086164078, 18.079449291099998], [75.1077830738, 18.079449291099998]], [[75.1061164058, 18.078338179099998], [75.10639418379999, 18.078338179099998], [75.10639418379999, 18.078060401099997], [75.1061164058, 18.078060401099997], [75.1061164058, 18.078338179099998]]]}}, {"type": "Feature", "properties": {"time_min": 60, "depth_min_m": 1.0, "depth_max_m": 3.0, "depth_class": "1.0\u20133.0 m", "class_area_km2": 0.8943784014394768, "flooded_area_km2": 6.592769144818747, "frame_max_depth_m": 132.33808102972478, "class_mean_depth_m": 1.9620635771040413, "scenario_id": "baseline", "model_type": "Automated approximate 2D flood-routing prototype", "validated_hydraulic_output": false}, "geometry": {"type": "Polygon", "coordinates": [[[75.09889417779999, 18.0755603991], [75.09889417779999, 18.075282621099998], [75.09917195579999, 18.075282621099998], [75.09917195579999, 18.0755603991], [75.09889417779999, 18.0755603991]]]}}, {"type": "Feature", "properties": {"time_min": 60, "depth_min_m": 1.0, "depth_max_m": 3.0, "depth_class": "1.0\u20133.0 m", "class_area_km2": 0.8943784014394768, "flooded_area_km2": 6.592769144818747, "frame_max_depth_m": 132.33808102972478, "class_mean_depth_m": 1.9620635771040413, "scenario_id": "baseline", "model_type": "Automated approximate 2D flood-routing prototype", "validated_hydraulic_output": false}, "geometry": {"type": "Polygon", "coordinates": [[[75.1297275358, 18.0755603991], [75.1297275358, 18.075282621099998], [75.1302830918, 18.075282621099998], [75.1302830918, 18.0755603991], [75.1297275358, 18.0755603991]]]}}, {"type": "Feature", "properties": {"time_min": 60, "depth_min_m": 1.0, "depth_max_m": 3.0, "depth_class": "1.0\u20133.0 m", "class_area_km2": 0.8943784014394768, "flooded_area_km2": 6.592769144818747, "frame_max_depth_m": 132.33808102972478, "class_mean_depth_m": 1.9620635771040413, "scenario_id": "baseline", "model_type": "Automated approximate 2D flood-routing prototype", "validated_hydraulic_output": false}, "geometry": {"type": "Polygon", "coordinates": [[[75.13083864779999, 18.075282621099998], [75.13083864779999, 18.075004843099997], [75.13111642579999, 18.075004843099997], [75.13111642579999, 18.075282621099998], [75.13083864779999, 18.075282621099998]]]}}, {"type": "Feature", "properties": {"time_min": 60, "depth_min_m": 1.0, "depth_max_m": 3.0, "depth_class": "1.0\u20133.0 m", "class_area_km2": 0.8943784014394768, "flooded_area_km2": 6.592769144818747, "frame_max_depth_m": 132.33808102972478, "class_mean_depth_m": 1.9620635771040413, "scenario_id": "baseline", "model_type": "Automated approximate 2D flood-routing prototype", "validated_hydraulic_output": false}, "geometry": {"type": "Polygon", "coordinates": [[[75.12806086779999, 18.075004843099997], [75.12806086779999, 18.0747270651], [75.1283386458, 18.0747270651], [75.1283386458, 18.075004843099997], [75.12806086779999, 18.075004843099997]]]}}, {"type": "Feature", "properties": {"time_min": 60, "depth_min_m": 1.0, "depth_max_m": 3.0, "depth_class": "1.0\u20133.0 m", "class_area_km2": 0.8943784014394768, "flooded_area_km2": 6.592769144818747, "frame_max_depth_m": 132.33808102972478, "class_mean_depth_m": 1.9620635771040413, "scenario_id": "baseline", "model_type": "Automated approximate 2D flood-routing prototype", "validated_hydraulic_output": false}, "geometry": {"type": "Polygon", "coordinates": [[[75.12000530579999, 18.075004843099997], [75.12000530579999, 18.0747270651], [75.1197275278, 18.0747270651], [75.1197275278, 18.0744492871], [75.12028308379999, 18.0744492871], [75.12028308379999, 18.075004843099997], [75.12000530579999, 18.075004843099997]]]}}, {"type": "Feature", "properties": {"time_min": 60, "depth_min_m": 1.0, "depth_max_m": 3.0, "depth_class": "1.0\u20133.0 m", "class_area_km2": 0.8943784014394768, "flooded_area_km2": 6.592769144818747, "frame_max_depth_m": 132.33808102972478, "class_mean_depth_m": 1.9620635771040413, "scenario_id": "baseline", "model_type": "Automated approximate 2D flood-routing prototype", "validated_hydraulic_output": false}, "geometry": {"type": "Polygon", "coordinates": [[[75.09472750779999, 18.0744492871], [75.09472750779999, 18.074171509099997], [75.0950052858, 18.074171509099997], [75.0950052858, 18.0744492871], [75.09472750779999, 18.0744492871]]]}}, {"type": "Feature", "properties": {"time_min": 60, "depth_min_m": 1.0, "depth_max_m": 3.0, "depth_class": "1.0\u20133.0 m", "class_area_km2": 0.8943784014394768, "flooded_area_km2": 6.592769144818747, "frame_max_depth_m": 132.33808102972478, "class_mean_depth_m": 1.9620635771040413, "scenario_id": "baseline", "model_type": "Automated approximate 2D flood-routing prototype", "validated_hydraulic_output": false}, "geometry": {"type": "Polygon", "coordinates": [[[75.0983386218, 18.075282621099998], [75.0983386218, 18.0747270651], [75.0986163998, 18.0747270651], [75.0986163998, 18.073893731099997], [75.0994497338, 18.073893731099997], [75.0994497338, 18.0747270651], [75.09889417779999, 18.0747270651], [75.09889417779999, 18.075004843099997], [75.0986163998, 18.075004843099997], [75.0986163998, 18.075282621099998], [75.0983386218, 18.075282621099998]]]}}, {"type": "Feature", "properties": {"time_min": 60, "depth_min_m": 1.0, "depth_max_m": 3.0, "depth_class": "1.0\u20133.0 m", "class_area_km2": 0.8943784014394768, "flooded_area_km2": 6.592769144818747, "frame_max_depth_m": 132.33808102972478, "class_mean_depth_m": 1.9620635771040413, "scenario_id": "baseline", "model_type": "Automated approximate 2D flood-routing prototype", "validated_hydraulic_output": false}, "geometry": {"type": "Polygon", "coordinates": [[[75.12028308379999, 18.074171509099997], [75.12028308379999, 18.073893731099997], [75.1205608618, 18.073893731099997], [75.1205608618, 18.074171509099997], [75.12028308379999, 18.074171509099997]]]}}, {"type": "Feature", "properties": {"time_min": 60, "depth_min_m": 1.0, "depth_max_m": 3.0, "depth_class": "1.0\u20133.0 m", "class_area_km2": 0.8943784014394768, "flooded_area_km2": 6.592769144818747, "frame_max_depth_m": 132.33808102972478, "class_mean_depth_m": 1.9620635771040413, "scenario_id": "baseline", "model_type": "Automated approximate 2D flood-routing prototype", "validated_hydraulic_output": false}, "geometry": {"type": "Polygon", "coordinates": [[[75.1194497498, 18.0744492871], [75.1194497498, 18.073893731099997], [75.1197275278, 18.073893731099997], [75.1197275278, 18.0736159531], [75.12000530579999, 18.0736159531], [75.12000530579999, 18.074171509099997], [75.1197275278, 18.074171509099997], [75.1197275278, 18.0744492871], [75.1194497498, 18.0744492871]]]}}, {"type": "Feature", "properties": {"time_min": 60, "depth_min_m": 1.0, "depth_max_m": 3.0, "depth_class": "1.0\u20133.0 m", "class_area_km2": 0.8943784014394768, "flooded_area_km2": 6.592769144818747, "frame_max_depth_m": 132.33808102972478, "class_mean_depth_m": 1.9620635771040413, "scenario_id": "baseline", "model_type": "Automated approximate 2D flood-routing prototype", "validated_hydraulic_output": false}, "geometry": {"type": "Polygon", "coordinates": [[[75.1272275338, 18.073893731099997], [75.1272275338, 18.0736159531], [75.1275053118, 18.0736159531], [75.1275053118, 18.073893731099997], [75.1272275338, 18.073893731099997]]]}}, {"type": "Feature", "properties": {"time_min": 60, "depth_min_m": 1.0, "depth_max_m": 3.0, "depth_class": "1.0\u20133.0 m", "class_area_km2": 0.8943784014394768, "flooded_area_km2": 6.592769144818747, "frame_max_depth_m": 132.33808102972478, "class_mean_depth_m": 1.9620635771040413, "scenario_id": "baseline", "model_type": "Automated approximate 2D flood-routing prototype", "validated_hydraulic_output": false}, "geometry": {"type": "Polygon", "coordinates": [[[75.0908386158, 18.073338175099998], [75.0908386158, 18.073060397099997], [75.0911163938, 18.073060397099997], [75.0911163938, 18.073338175099998], [75.0908386158, 18.073338175099998]]]}}, {"type": "Feature", "properties": {"time_min": 60, "depth_min_m": 1.0, "depth_max_m": 3.0, "depth_class": "1.0\u20133.0 m", "class_area_km2": 0.8943784014394768, "flooded_area_km2": 6.592769144818747, "frame_max_depth_m": 132.33808102972478, "class_mean_depth_m": 1.9620635771040413, "scenario_id": "baseline", "model_type": "Automated approximate 2D flood-routing prototype", "validated_hydraulic_output": false}, "geometry": {"type": "Polygon", "coordinates": [[[75.1191719718, 18.0736159531], [75.1191719718, 18.072782619099996], [75.1197275278, 18.072782619099996], [75.1197275278, 18.073060397099997], [75.1194497498, 18.073060397099997], [75.1194497498, 18.0736159531], [75.1191719718, 18.0736159531]]]}}, {"type": "Feature", "properties": {"time_min": 60, "depth_min_m": 1.0, "depth_max_m": 3.0, "depth_class": "1.0\u20133.0 m", "class_area_km2": 0.8943784014394768, "flooded_area_km2": 6.592769144818747, "frame_max_depth_m": 132.33808102972478, "class_mean_depth_m": 1.9620635771040413, "scenario_id": "baseline", "model_type": "Automated approximate 2D flood-routing prototype", "validated_hydraulic_output": false}, "geometry": {"type": "Polygon", "coordinates": [[[75.09278306179999, 18.076393733099998], [75.09278306179999, 18.076115955099997], [75.0925052838, 18.076115955099997], [75.0925052838, 18.0758381771], [75.0922275058, 18.0758381771], [75.0922275058, 18.075282621099998], [75.0919497278, 18.075282621099998], [75.0919497278, 18.075004843099997], [75.09167194979999, 18.075004843099997], [75.09167194979999, 18.0744492871], [75.09139417179999, 18.0744492871], [75.09139417179999, 18.074171509099997], [75.0919497278, 18.074171509099997], [75.0919497278, 18.073893731099997], [75.0911163938, 18.073893731099997], [75.0911163938, 18.0736159531], [75.09278306179999, 18.0736159531], [75.09278306179999, 18.073338175099998], [75.0938941738, 18.073338175099998], [75.0938941738, 18.073060397099997], [75.09417195179999, 18.073060397099997], [75.09417195179999, 18.072782619099996], [75.09472750779999, 18.072782619099996], [75.09472750779999, 18.0725048411], [75.0950052858, 18.0725048411], [75.0950052858, 18.072782619099996], [75.0952830638, 18.072782619099996], [75.0952830638, 18.073060397099997], [75.0955608418, 18.073060397099997], [75.0955608418, 18.0736159531], [75.0950052858, 18.0736159531], [75.0950052858, 18.073338175099998], [75.09444972979999, 18.073338175099998], [75.09444972979999, 18.073893731099997], [75.09472750779999, 18.073893731099997], [75.09472750779999, 18.074171509099997], [75.09444972979999, 18.074171509099997], [75.09444972979999, 18.0744492871], [75.0933386178, 18.0744492871], [75.0933386178, 18.0747270651], [75.09306083979999, 18.0747270651], [75.09306083979999, 18.075282621099998], [75.0933386178, 18.075282621099998], [75.0933386178, 18.076115955099997], [75.09306083979999, 18.076115955099997], [75.09306083979999, 18.076393733099998], [75.09278306179999, 18.076393733099998]]]}}, {"type": "Feature", "properties": {"time_min": 60, "depth_min_m": 1.0, "depth_max_m": 3.0, "depth_class": "1.0\u20133.0 m", "class_area_km2": 0.8943784014394768, "flooded_area_km2": 6.592769144818747, "frame_max_depth_m": 132.33808102972478, "class_mean_depth_m": 1.9620635771040413, "scenario_id": "baseline", "model_type": "Automated approximate 2D flood-routing prototype", "validated_hydraulic_output": false}, "geometry": {"type": "Polygon", "coordinates": [[[75.0905608378, 18.072782619099996], [75.0905608378, 18.0725048411], [75.0908386158, 18.0725048411], [75.0908386158, 18.072782619099996], [75.0905608378, 18.072782619099996]]]}}, {"type": "Feature", "properties": {"time_min": 60, "depth_min_m": 1.0, "depth_max_m": 3.0, "depth_class": "1.0\u20133.0 m", "class_area_km2": 0.8943784014394768, "flooded_area_km2": 6.592769144818747, "frame_max_depth_m": 132.33808102972478, "class_mean_depth_m": 1.9620635771040413, "scenario_id": "baseline", "model_type": "Automated approximate 2D flood-routing prototype", "validated_hydraulic_output": false}, "geometry": {"type": "Polygon", "coordinates": [[[75.11556085779999, 18.0725048411], [75.11556085779999, 18.072227063099998], [75.1161164138, 18.072227063099998], [75.1161164138, 18.0725048411], [75.11556085779999, 18.0725048411]]]}}, {"type": "Feature", "properties": {"time_min": 60, "depth_min_m": 1.0, "depth_max_m": 3.0, "depth_class": "1.0\u20133.0 m", "class_area_km2": 0.8943784014394768, "flooded_area_km2": 6.592769144818747, "frame_max_depth_m": 132.33808102972478, "class_mean_depth_m": 1.9620635771040413, "scenario_id": "baseline", "model_type": "Automated approximate 2D flood-routing prototype", "validated_hydraulic_output": false}, "geometry": {"type": "Polygon", "coordinates": [[[75.1175053038, 18.0725048411], [75.1175053038, 18.072227063099998], [75.1177830818, 18.072227063099998], [75.1177830818, 18.0725048411], [75.1175053038, 18.0725048411]]]}}, {"type": "Feature", "properties": {"time_min": 60, "depth_min_m": 1.0, "depth_max_m": 3.0, "depth_class": "1.0\u20133.0 m", "class_area_km2": 0.8943784014394768, "flooded_area_km2": 6.592769144818747, "frame_max_depth_m": 132.33808102972478, "class_mean_depth_m": 1.9620635771040413, "scenario_id": "baseline", "model_type": "Automated approximate 2D flood-routing prototype", "validated_hydraulic_output": false}, "geometry": {"type": "Polygon", "coordinates": [[[75.11444974579999, 18.072227063099998], [75.11444974579999, 18.071949285099997], [75.1150053018, 18.071949285099997], [75.1150053018, 18.072227063099998], [75.11444974579999, 18.072227063099998]]]}}, {"type": "Feature", "properties": {"time_min": 60, "depth_min_m": 1.0, "depth_max_m": 3.0, "depth_class": "1.0\u20133.0 m", "class_area_km2": 0.8943784014394768, "flooded_area_km2": 6.592769144818747, "frame_max_depth_m": 132.33808102972478, "class_mean_depth_m": 1.9620635771040413, "scenario_id": "baseline", "model_type": "Automated approximate 2D flood-routing prototype", "validated_hydraulic_output": false}, "geometry": {"type": "Polygon", "coordinates": [[[75.11389418979999, 18.071949285099997], [75.11389418979999, 18.0716715071], [75.11417196779999, 18.0716715071], [75.11417196779999, 18.071949285099997], [75.11389418979999, 18.071949285099997]]]}}, {"type": "Feature", "properties": {"time_min": 60, "depth_min_m": 1.0, "depth_max_m": 3.0, "depth_class": "1.0\u20133.0 m", "class_area_km2": 0.8943784014394768, "flooded_area_km2": 6.592769144818747, "frame_max_depth_m": 132.33808102972478, "class_mean_depth_m": 1.9620635771040413, "scenario_id": "baseline", "model_type": "Automated approximate 2D flood-routing prototype", "validated_hydraulic_output": false}, "geometry": {"type": "Polygon", "coordinates": [[[75.1130608558, 18.0716715071], [75.1130608558, 18.0713937291], [75.1136164118, 18.0713937291], [75.1136164118, 18.0716715071], [75.1130608558, 18.0716715071]]]}}, {"type": "Feature", "properties": {"time_min": 60, "depth_min_m": 1.0, "depth_max_m": 3.0, "depth_class": "1.0\u20133.0 m", "class_area_km2": 0.8943784014394768, "flooded_area_km2": 6.592769144818747, "frame_max_depth_m": 132.33808102972478, "class_mean_depth_m": 1.9620635771040413, "scenario_id": "baseline", "model_type": "Automated approximate 2D flood-routing prototype", "validated_hydraulic_output": false}, "geometry": {"type": "Polygon", "coordinates": [[[75.11139418779999, 18.0713937291], [75.11139418779999, 18.071115951099998], [75.1122275218, 18.071115951099998], [75.1122275218, 18.0713937291], [75.11139418779999, 18.0713937291]]]}}, {"type": "Feature", "properties": {"time_min": 60, "depth_min_m": 1.0, "depth_max_m": 3.0, "depth_class": "1.0\u20133.0 m", "class_area_km2": 0.8943784014394768, "flooded_area_km2": 6.592769144818747, "frame_max_depth_m": 132.33808102972478, "class_mean_depth_m": 1.9620635771040413, "scenario_id": "baseline", "model_type": "Automated approximate 2D flood-routing prototype", "validated_hydraulic_output": false}, "geometry": {"type": "Polygon", "coordinates": [[[75.11111640979999, 18.071115951099998], [75.11111640979999, 18.070838173099997], [75.11139418779999, 18.070838173099997], [75.11139418779999, 18.071115951099998], [75.11111640979999, 18.071115951099998]]]}}, {"type": "Feature", "properties": {"time_min": 60, "depth_min_m": 1.0, "depth_max_m": 3.0, "depth_class": "1.0\u20133.0 m", "class_area_km2": 0.8943784014394768, "flooded_area_km2": 6.592769144818747, "frame_max_depth_m": 132.33808102972478, "class_mean_depth_m": 1.9620635771040413, "scenario_id": "baseline", "model_type": "Automated approximate 2D flood-routing prototype", "validated_hydraulic_output": false}, "geometry": {"type": "Polygon", "coordinates": [[[75.1100052978, 18.070838173099997], [75.1100052978, 18.0705603951], [75.10972751979999, 18.0705603951], [75.10972751979999, 18.0702826171], [75.1102830758, 18.0702826171], [75.1102830758, 18.0705603951], [75.1108386318, 18.0705603951], [75.1108386318, 18.070838173099997], [75.1100052978, 18.070838173099997]]]}}, {"type": "Feature", "properties": {"time_min": 60, "depth_min_m": 1.0, "depth_max_m": 3.0, "depth_class": "1.0\u20133.0 m", "class_area_km2": 0.8943784014394768, "flooded_area_km2": 6.592769144818747, "frame_max_depth_m": 132.33808102972478, "class_mean_depth_m": 1.9620635771040413, "scenario_id": "baseline", "model_type": "Automated approximate 2D flood-routing prototype", "validated_hydraulic_output": false}, "geometry": {"type": "Polygon", "coordinates": [[[75.1088941858, 18.0702826171], [75.1088941858, 18.069727061099996], [75.1086164078, 18.069727061099996], [75.1086164078, 18.0694492831], [75.1091719638, 18.0694492831], [75.1091719638, 18.069727061099996], [75.10972751979999, 18.069727061099996], [75.10972751979999, 18.0702826171], [75.1088941858, 18.0702826171]]]}}, {"type": "Feature", "properties": {"time_min": 60, "depth_min_m": 1.0, "depth_max_m": 3.0, "depth_class": "1.0\u20133.0 m", "class_area_km2": 0.8943784014394768, "flooded_area_km2": 6.592769144818747, "frame_max_depth_m": 132.33808102972478, "class_mean_depth_m": 1.9620635771040413, "scenario_id": "baseline", "model_type": "Automated approximate 2D flood-routing prototype", "validated_hydraulic_output": false}, "geometry": {"type": "Polygon", "coordinates": [[[75.10806085179999, 18.0694492831], [75.10806085179999, 18.069171505099998], [75.1077830738, 18.069171505099998], [75.1077830738, 18.068893727099997], [75.10833862979999, 18.068893727099997], [75.10833862979999, 18.069171505099998], [75.1086164078, 18.069171505099998], [75.1086164078, 18.0694492831], [75.10806085179999, 18.0694492831]]]}}, {"type": "Feature", "properties": {"time_min": 60, "depth_min_m": 1.0, "depth_max_m": 3.0, "depth_class": "1.0\u20133.0 m", "class_area_km2": 0.8943784014394768, "flooded_area_km2": 6.592769144818747, "frame_max_depth_m": 132.33808102972478, "class_mean_depth_m": 1.9620635771040413, "scenario_id": "baseline", "model_type": "Automated approximate 2D flood-routing prototype", "validated_hydraulic_output": false}, "geometry": {"type": "Polygon", "coordinates": [[[75.10500529379999, 18.069171505099998], [75.10500529379999, 18.068893727099997], [75.10528307179999, 18.068893727099997], [75.10528307179999, 18.068615949099996], [75.1055608498, 18.068615949099996], [75.1055608498, 18.0683381711], [75.1058386278, 18.0683381711], [75.1058386278, 18.068893727099997], [75.1055608498, 18.068893727099997], [75.1055608498, 18.069171505099998], [75.10500529379999, 18.069171505099998]]]}}, {"type": "Feature", "properties": {"time_min": 60, "depth_min_m": 1.0, "depth_max_m": 3.0, "depth_class": "1.0\u20133.0 m", "class_area_km2": 0.8943784014394768, "flooded_area_km2": 6.592769144818747, "frame_max_depth_m": 132.33808102972478, "class_mean_depth_m": 1.9620635771040413, "scenario_id": "baseline", "model_type": "Automated approximate 2D flood-routing prototype", "validated_hydraulic_output": false}, "geometry": {"type": "Polygon", "coordinates": [[[75.1058386278, 18.0683381711], [75.1058386278, 18.068060393099998], [75.1061164058, 18.068060393099998], [75.1061164058, 18.0683381711], [75.1058386278, 18.0683381711]]]}}, {"type": "Feature", "properties": {"time_min": 60, "depth_min_m": 1.0, "depth_max_m": 3.0, "depth_class": "1.0\u20133.0 m", "class_area_km2": 0.8943784014394768, "flooded_area_km2": 6.592769144818747, "frame_max_depth_m": 132.33808102972478, "class_mean_depth_m": 1.9620635771040413, "scenario_id": "baseline", "model_type": "Automated approximate 2D flood-routing prototype", "validated_hydraulic_output": false}, "geometry": {"type": "Polygon", "coordinates": [[[75.0911163938, 18.073060397099997], [75.0911163938, 18.0725048411], [75.0908386158, 18.0725048411], [75.0908386158, 18.072227063099998], [75.0905608378, 18.072227063099998], [75.0905608378, 18.0716715071], [75.0908386158, 18.0716715071], [75.0908386158, 18.0713937291], [75.09139417179999, 18.0713937291], [75.09139417179999, 18.0716715071], [75.09167194979999, 18.0716715071], [75.09167194979999, 18.0713937291], [75.0919497278, 18.0713937291], [75.0919497278, 18.071115951099998], [75.0922275058, 18.071115951099998], [75.0922275058, 18.070838173099997], [75.0919497278, 18.070838173099997], [75.0919497278, 18.0705603951], [75.09167194979999, 18.0705603951], [75.09167194979999, 18.070004839099997], [75.09139417179999, 18.070004839099997], [75.09139417179999, 18.069727061099996], [75.0905608378, 18.069727061099996], [75.0905608378, 18.0694492831], [75.0902830598, 18.0694492831], [75.0902830598, 18.069171505099998], [75.09000528179999, 18.069171505099998], [75.09000528179999, 18.0683381711], [75.08972750379999, 18.0683381711], [75.08972750379999, 18.0672270591], [75.0894497258, 18.0672270591], [75.0894497258, 18.066671503099997], [75.08972750379999, 18.066671503099997], [75.08972750379999, 18.066949281099998], [75.0902830598, 18.066949281099998], [75.0902830598, 18.0672270591], [75.0905608378, 18.0672270591], [75.0905608378, 18.067782615099997], [75.0908386158, 18.067782615099997], [75.0908386158, 18.068060393099998], [75.09139417179999, 18.068060393099998], [75.09139417179999, 18.0683381711], [75.0911163938, 18.0683381711], [75.0911163938, 18.068893727099997], [75.09139417179999, 18.068893727099997], [75.09139417179999, 18.069171505099998], [75.09167194979999, 18.069171505099998], [75.09167194979999, 18.0694492831], [75.0919497278, 18.0694492831], [75.0919497278, 18.069727061099996], [75.0922275058, 18.069727061099996], [75.0922275058, 18.0702826171], [75.0925052838, 18.0702826171], [75.0925052838, 18.0705603951], [75.09278306179999, 18.0705603951], [75.09278306179999, 18.070838173099997], [75.09306083979999, 18.070838173099997], [75.09306083979999, 18.071115951099998], [75.0933386178, 18.071115951099998], [75.0933386178, 18.0713937291], [75.0936163958, 18.0713937291], [75.0936163958, 18.0716715071], [75.09417195179999, 18.0716715071], [75.09417195179999, 18.071949285099997], [75.09444972979999, 18.071949285099997], [75.09444972979999, 18.072227063099998], [75.09417195179999, 18.072227063099998], [75.09417195179999, 18.0725048411], [75.0936163958, 18.0725048411], [75.0936163958, 18.072782619099996], [75.0922275058, 18.072782619099996], [75.0922275058, 18.073060397099997], [75.0911163938, 18.073060397099997]]]}}, {"type": "Feature", "properties": {"time_min": 60, "depth_min_m": 1.0, "depth_max_m": 3.0, "depth_class": "1.0\u20133.0 m", "class_area_km2": 0.8943784014394768, "flooded_area_km2": 6.592769144818747, "frame_max_depth_m": 132.33808102972478, "class_mean_depth_m": 1.9620635771040413, "scenario_id": "baseline", "model_type": "Automated approximate 2D flood-routing prototype", "validated_hydraulic_output": false}, "geometry": {"type": "Polygon", "coordinates": [[[75.09444972979999, 18.066949281099998], [75.09444972979999, 18.0661159471], [75.09417195179999, 18.0661159471], [75.09417195179999, 18.065560391099996], [75.09472750779999, 18.065560391099996], [75.09472750779999, 18.065838169099997], [75.0963941758, 18.065838169099997], [75.0963941758, 18.0661159471], [75.0969497318, 18.0661159471], [75.0969497318, 18.0663937251], [75.09611639779999, 18.0663937251], [75.09611639779999, 18.066671503099997], [75.09583861979999, 18.066671503099997], [75.09583861979999, 18.0661159471], [75.0955608418, 18.0661159471], [75.0955608418, 18.066949281099998], [75.09444972979999, 18.066949281099998]]]}}, {"type": "Feature", "properties": {"time_min": 60, "depth_min_m": 1.0, "depth_max_m": 3.0, "depth_class": "1.0\u20133.0 m", "class_area_km2": 0.8943784014394768, "flooded_area_km2": 6.592769144818747, "frame_max_depth_m": 132.33808102972478, "class_mean_depth_m": 1.9620635771040413, "scenario_id": "baseline", "model_type": "Automated approximate 2D flood-routing prototype", "validated_hydraulic_output": false}, "geometry": {"type": "Polygon", "coordinates": [[[75.1008386238, 18.0661159471], [75.1008386238, 18.065838169099997], [75.10222751379999, 18.065838169099997], [75.10222751379999, 18.065560391099996], [75.1027830698, 18.065560391099996], [75.1027830698, 18.0661159471], [75.1008386238, 18.0661159471]]]}}, {"type": "Feature", "properties": {"time_min": 60, "depth_min_m": 1.0, "depth_max_m": 3.0, "depth_class": "1.0\u20133.0 m", "class_area_km2": 0.8943784014394768, "flooded_area_km2": 6.592769144818747, "frame_max_depth_m": 132.33808102972478, "class_mean_depth_m": 1.9620635771040413, "scenario_id": "baseline", "model_type": "Automated approximate 2D flood-routing prototype", "validated_hydraulic_output": false}, "geometry": {"type": "Polygon", "coordinates": [[[75.10028306779999, 18.065838169099997], [75.10028306779999, 18.065560391099996], [75.1008386238, 18.065560391099996], [75.1008386238, 18.065838169099997], [75.10028306779999, 18.065838169099997]]]}}, {"type": "Feature", "properties": {"time_min": 60, "depth_min_m": 1.0, "depth_max_m": 3.0, "depth_class": "1.0\u20133.0 m", "class_area_km2": 0.8943784014394768, "flooded_area_km2": 6.592769144818747, "frame_max_depth_m": 132.33808102972478, "class_mean_depth_m": 1.9620635771040413, "scenario_id": "baseline", "model_type": "Automated approximate 2D flood-routing prototype", "validated_hydraulic_output": false}, "geometry": {"type": "Polygon", "coordinates": [[[75.1027830698, 18.065560391099996], [75.1027830698, 18.0652826131], [75.1030608478, 18.0652826131], [75.1030608478, 18.065560391099996], [75.1027830698, 18.065560391099996]]]}}, {"type": "Feature", "properties": {"time_min": 60, "depth_min_m": 1.0, "depth_max_m": 3.0, "depth_class": "1.0\u20133.0 m", "class_area_km2": 0.8943784014394768, "flooded_area_km2": 6.592769144818747, "frame_max_depth_m": 132.33808102972478, "class_mean_depth_m": 1.9620635771040413, "scenario_id": "baseline", "model_type": "Automated approximate 2D flood-routing prototype", "validated_hydraulic_output": false}, "geometry": {"type": "Polygon", "coordinates": [[[75.1030608478, 18.0652826131], [75.1030608478, 18.065004835099998], [75.10333862579999, 18.065004835099998], [75.10333862579999, 18.0652826131], [75.1030608478, 18.0652826131]]]}}, {"type": "Feature", "properties": {"time_min": 60, "depth_min_m": 1.0, "depth_max_m": 3.0, "depth_class": "1.0\u20133.0 m", "class_area_km2": 0.8943784014394768, "flooded_area_km2": 6.592769144818747, "frame_max_depth_m": 132.33808102972478, "class_mean_depth_m": 1.9620635771040413, "scenario_id": "baseline", "model_type": "Automated approximate 2D flood-routing prototype", "validated_hydraulic_output": false}, "geometry": {"type": "Polygon", "coordinates": [[[75.10333862579999, 18.065004835099998], [75.10333862579999, 18.064727057099997], [75.10361640379999, 18.064727057099997], [75.10361640379999, 18.065004835099998], [75.10333862579999, 18.065004835099998]]]}}, {"type": "Feature", "properties": {"time_min": 60, "depth_min_m": 1.0, "depth_max_m": 3.0, "depth_class": "1.0\u20133.0 m", "class_area_km2": 0.8943784014394768, "flooded_area_km2": 6.592769144818747, "frame_max_depth_m": 132.33808102972478, "class_mean_depth_m": 1.9620635771040413, "scenario_id": "baseline", "model_type": "Automated approximate 2D flood-routing prototype", "validated_hydraulic_output": false}, "geometry": {"type": "Polygon", "coordinates": [[[75.1072275178, 18.069171505099998], [75.1072275178, 18.068893727099997], [75.1069497398, 18.068893727099997], [75.1069497398, 18.068615949099996], [75.10667196179999, 18.068615949099996], [75.10667196179999, 18.068060393099998], [75.1061164058, 18.068060393099998], [75.1061164058, 18.0675048371], [75.10639418379999, 18.0675048371], [75.10639418379999, 18.066949281099998], [75.1061164058, 18.066949281099998], [75.1061164058, 18.0663937251], [75.1058386278, 18.0663937251], [75.1058386278, 18.066671503099997], [75.1055608498, 18.066671503099997], [75.1055608498, 18.0663937251], [75.10528307179999, 18.0663937251], [75.10528307179999, 18.065838169099997], [75.1055608498, 18.065838169099997], [75.1055608498, 18.0652826131], [75.1058386278, 18.0652826131], [75.1058386278, 18.065004835099998], [75.1061164058, 18.065004835099998], [75.1061164058, 18.064727057099997], [75.10639418379999, 18.064727057099997], [75.10639418379999, 18.0641715011], [75.1061164058, 18.0641715011], [75.1061164058, 18.064449279099996], [75.1058386278, 18.064449279099996], [75.1058386278, 18.064727057099997], [75.1044497378, 18.064727057099997], [75.1044497378, 18.065004835099998], [75.1041719598, 18.065004835099998], [75.1041719598, 18.064727057099997], [75.10361640379999, 18.064727057099997], [75.10361640379999, 18.064449279099996], [75.1044497378, 18.064449279099996], [75.1044497378, 18.0641715011], [75.1047275158, 18.0641715011], [75.1047275158, 18.063893723099998], [75.1058386278, 18.063893723099998], [75.1058386278, 18.063615945099997], [75.10639418379999, 18.063615945099997], [75.10639418379999, 18.0633381671], [75.10667196179999, 18.0633381671], [75.10667196179999, 18.063893723099998], [75.1069497398, 18.063893723099998], [75.1069497398, 18.063615945099997], [75.1072275178, 18.063615945099997], [75.1072275178, 18.0652826131], [75.1069497398, 18.0652826131], [75.1069497398, 18.065838169099997], [75.10667196179999, 18.065838169099997], [75.10667196179999, 18.0663937251], [75.1069497398, 18.0663937251], [75.1069497398, 18.066671503099997], [75.10667196179999, 18.066671503099997], [75.10667196179999, 18.0675048371], [75.1069497398, 18.0675048371], [75.1069497398, 18.068060393099998], [75.1072275178, 18.068060393099998], [75.1072275178, 18.0683381711], [75.1075052958, 18.0683381711], [75.1075052958, 18.068615949099996], [75.1077830738, 18.068615949099996], [75.1077830738, 18.068893727099997], [75.1075052958, 18.068893727099997], [75.1075052958, 18.069171505099998], [75.1072275178, 18.069171505099998]]]}}, {"type": "Feature", "properties": {"time_min": 60, "depth_min_m": 1.0, "depth_max_m": 3.0, "depth_class": "1.0\u20133.0 m", "class_area_km2": 0.8943784014394768, "flooded_area_km2": 6.592769144818747, "frame_max_depth_m": 132.33808102972478, "class_mean_depth_m": 1.9620635771040413, "scenario_id": "baseline", "model_type": "Automated approximate 2D flood-routing prototype", "validated_hydraulic_output": false}, "geometry": {"type": "Polygon", "coordinates": [[[75.0933386178, 18.065560391099996], [75.0933386178, 18.0652826131], [75.09306083979999, 18.0652826131], [75.09306083979999, 18.065004835099998], [75.09278306179999, 18.065004835099998], [75.09278306179999, 18.064449279099996], [75.0922275058, 18.064449279099996], [75.0922275058, 18.0641715011], [75.0919497278, 18.0641715011], [75.0919497278, 18.063893723099998], [75.09139417179999, 18.063893723099998], [75.09139417179999, 18.0633381671], [75.0922275058, 18.0633381671], [75.0922275058, 18.063615945099997], [75.0925052838, 18.063615945099997], [75.0925052838, 18.063893723099998], [75.09278306179999, 18.063893723099998], [75.09278306179999, 18.0641715011], [75.09306083979999, 18.0641715011], [75.09306083979999, 18.064727057099997], [75.0933386178, 18.064727057099997], [75.0933386178, 18.065004835099998], [75.0938941738, 18.065004835099998], [75.0938941738, 18.0652826131], [75.09417195179999, 18.0652826131], [75.09417195179999, 18.065560391099996], [75.0933386178, 18.065560391099996]]]}}, {"type": "Feature", "properties": {"time_min": 60, "depth_min_m": 3.0, "depth_max_m": 6.0, "depth_class": "3.0\u20136.0 m", "class_area_km2": 1.090221098828343, "flooded_area_km2": 6.592769144818747, "frame_max_depth_m": 132.33808102972478, "class_mean_depth_m": 4.5118216219365825, "scenario_id": "baseline", "model_type": "Automated approximate 2D flood-routing prototype", "validated_hydraulic_output": false}, "geometry": {"type": "Polygon", "coordinates": [[[75.1358386518, 18.102227087099998], [75.1358386518, 18.101949309099997], [75.1361164298, 18.101949309099997], [75.1361164298, 18.102227087099998], [75.1358386518, 18.102227087099998]]]}}, {"type": "Feature", "properties": {"time_min": 60, "depth_min_m": 3.0, "depth_max_m": 6.0, "depth_class": "3.0\u20136.0 m", "class_area_km2": 1.090221098828343, "flooded_area_km2": 6.592769144818747, "frame_max_depth_m": 132.33808102972478, "class_mean_depth_m": 4.5118216219365825, "scenario_id": "baseline", "model_type": "Automated approximate 2D flood-routing prototype", "validated_hydraulic_output": false}, "geometry": {"type": "Polygon", "coordinates": [[[75.1363942078, 18.102227087099998], [75.1363942078, 18.101949309099997], [75.13667198579999, 18.101949309099997], [75.13667198579999, 18.102227087099998], [75.1363942078, 18.102227087099998]]]}}, {"type": "Feature", "properties": {"time_min": 60, "depth_min_m": 3.0, "depth_max_m": 6.0, "depth_class": "3.0\u20136.0 m", "class_area_km2": 1.090221098828343, "flooded_area_km2": 6.592769144818747, "frame_max_depth_m": 132.33808102972478, "class_mean_depth_m": 4.5118216219365825, "scenario_id": "baseline", "model_type": "Automated approximate 2D flood-routing prototype", "validated_hydraulic_output": false}, "geometry": {"type": "Polygon", "coordinates": [[[75.1388942098, 18.101115975099997], [75.1388942098, 18.100838197099996], [75.1391719878, 18.100838197099996], [75.1391719878, 18.101115975099997], [75.1388942098, 18.101115975099997]]]}}, {"type": "Feature", "properties": {"time_min": 60, "depth_min_m": 3.0, "depth_max_m": 6.0, "depth_class": "3.0\u20136.0 m", "class_area_km2": 1.090221098828343, "flooded_area_km2": 6.592769144818747, "frame_max_depth_m": 132.33808102972478, "class_mean_depth_m": 4.5118216219365825, "scenario_id": "baseline", "model_type": "Automated approximate 2D flood-routing prototype", "validated_hydraulic_output": false}, "geometry": {"type": "Polygon", "coordinates": [[[75.13861643179999, 18.100838197099996], [75.13861643179999, 18.1005604191], [75.1388942098, 18.1005604191], [75.1388942098, 18.100838197099996], [75.13861643179999, 18.100838197099996]]]}}, {"type": "Feature", "properties": {"time_min": 60, "depth_min_m": 3.0, "depth_max_m": 6.0, "depth_class": "3.0\u20136.0 m", "class_area_km2": 1.090221098828343, "flooded_area_km2": 6.592769144818747, "frame_max_depth_m": 132.33808102972478, "class_mean_depth_m": 4.5118216219365825, "scenario_id": "baseline", "model_type": "Automated approximate 2D flood-routing prototype", "validated_hydraulic_output": false}, "geometry": {"type": "Polygon", "coordinates": [[[75.1394497658, 18.1005604191], [75.1394497658, 18.100282641099998], [75.13972754379999, 18.100282641099998], [75.13972754379999, 18.1005604191], [75.1394497658, 18.1005604191]]]}}, {"type": "Feature", "properties": {"time_min": 60, "depth_min_m": 3.0, "depth_max_m": 6.0, "depth_class": "3.0\u20136.0 m", "class_area_km2": 1.090221098828343, "flooded_area_km2": 6.592769144818747, "frame_max_depth_m": 132.33808102972478, "class_mean_depth_m": 4.5118216219365825, "scenario_id": "baseline", "model_type": "Automated approximate 2D flood-routing prototype", "validated_hydraulic_output": false}, "geometry": {"type": "Polygon", "coordinates": [[[75.14306087979999, 18.1005604191], [75.14306087979999, 18.100282641099998], [75.1433386578, 18.100282641099998], [75.1433386578, 18.1005604191], [75.14306087979999, 18.1005604191]]]}}, {"type": "Feature", "properties": {"time_min": 60, "depth_min_m": 3.0, "depth_max_m": 6.0, "depth_class": "3.0\u20136.0 m", "class_area_km2": 1.090221098828343, "flooded_area_km2": 6.592769144818747, "frame_max_depth_m": 132.33808102972478, "class_mean_depth_m": 4.5118216219365825, "scenario_id": "baseline", "model_type": "Automated approximate 2D flood-routing prototype", "validated_hydraulic_output": false}, "geometry": {"type": "Polygon", "coordinates": [[[75.1436164358, 18.100282641099998], [75.1436164358, 18.100004863099997], [75.1438942138, 18.100004863099997], [75.1438942138, 18.100282641099998], [75.1436164358, 18.100282641099998]]]}}, {"type": "Feature", "properties": {"time_min": 60, "depth_min_m": 3.0, "depth_max_m": 6.0, "depth_class": "3.0\u20136.0 m", "class_area_km2": 1.090221098828343, "flooded_area_km2": 6.592769144818747, "frame_max_depth_m": 132.33808102972478, "class_mean_depth_m": 4.5118216219365825, "scenario_id": "baseline", "model_type": "Automated approximate 2D flood-routing prototype", "validated_hydraulic_output": false}, "geometry": {"type": "Polygon", "coordinates": [[[75.1347275398, 18.0997270851], [75.1347275398, 18.0994493071], [75.1350053178, 18.0994493071], [75.1350053178, 18.0997270851], [75.1347275398, 18.0997270851]]]}}, {"type": "Feature", "properties": {"time_min": 60, "depth_min_m": 3.0, "depth_max_m": 6.0, "depth_class": "3.0\u20136.0 m", "class_area_km2": 1.090221098828343, "flooded_area_km2": 6.592769144818747, "frame_max_depth_m": 132.33808102972478, "class_mean_depth_m": 4.5118216219365825, "scenario_id": "baseline", "model_type": "Automated approximate 2D flood-routing prototype", "validated_hydraulic_output": false}, "geometry": {"type": "Polygon", "coordinates": [[[75.13667198579999, 18.0997270851], [75.13667198579999, 18.0994493071], [75.13694976379999, 18.0994493071], [75.13694976379999, 18.0997270851], [75.13667198579999, 18.0997270851]]]}}, {"type": "Feature", "properties": {"time_min": 60, "depth_min_m": 3.0, "depth_max_m": 6.0, "depth_class": "3.0\u20136.0 m", "class_area_km2": 1.090221098828343, "flooded_area_km2": 6.592769144818747, "frame_max_depth_m": 132.33808102972478, "class_mean_depth_m": 4.5118216219365825, "scenario_id": "baseline", "model_type": "Automated approximate 2D flood-routing prototype", "validated_hydraulic_output": false}, "geometry": {"type": "Polygon", "coordinates": [[[75.13528309579999, 18.0994493071], [75.13528309579999, 18.099171529099998], [75.1358386518, 18.099171529099998], [75.1358386518, 18.0994493071], [75.13528309579999, 18.0994493071]]]}}, {"type": "Feature", "properties": {"time_min": 60, "depth_min_m": 3.0, "depth_max_m": 6.0, "depth_class": "3.0\u20136.0 m", "class_area_km2": 1.090221098828343, "flooded_area_km2": 6.592769144818747, "frame_max_depth_m": 132.33808102972478, "class_mean_depth_m": 4.5118216219365825, "scenario_id": "baseline", "model_type": "Automated approximate 2D flood-routing prototype", "validated_hydraulic_output": false}, "geometry": {"type": "Polygon", "coordinates": [[[75.1361164298, 18.0994493071], [75.1361164298, 18.099171529099998], [75.13667198579999, 18.099171529099998], [75.13667198579999, 18.0994493071], [75.1361164298, 18.0994493071]]]}}, {"type": "Feature", "properties": {"time_min": 60, "depth_min_m": 3.0, "depth_max_m": 6.0, "depth_class": "3.0\u20136.0 m", "class_area_km2": 1.090221098828343, "flooded_area_km2": 6.592769144818747, "frame_max_depth_m": 132.33808102972478, "class_mean_depth_m": 4.5118216219365825, "scenario_id": "baseline", "model_type": "Automated approximate 2D flood-routing prototype", "validated_hydraulic_output": false}, "geometry": {"type": "Polygon", "coordinates": [[[75.1375053198, 18.0997270851], [75.1375053198, 18.0994493071], [75.13694976379999, 18.0994493071], [75.13694976379999, 18.099171529099998], [75.1377830978, 18.099171529099998], [75.1377830978, 18.0997270851], [75.1375053198, 18.0997270851]]]}}, {"type": "Feature", "properties": {"time_min": 60, "depth_min_m": 3.0, "depth_max_m": 6.0, "depth_class": "3.0\u20136.0 m", "class_area_km2": 1.090221098828343, "flooded_area_km2": 6.592769144818747, "frame_max_depth_m": 132.33808102972478, "class_mean_depth_m": 4.5118216219365825, "scenario_id": "baseline", "model_type": "Automated approximate 2D flood-routing prototype", "validated_hydraulic_output": false}, "geometry": {"type": "Polygon", "coordinates": [[[75.13972754379999, 18.099171529099998], [75.13972754379999, 18.098893751099997], [75.14000532179999, 18.098893751099997], [75.14000532179999, 18.099171529099998], [75.13972754379999, 18.099171529099998]]]}}, {"type": "Feature", "properties": {"time_min": 60, "depth_min_m": 3.0, "depth_max_m": 6.0, "depth_class": "3.0\u20136.0 m", "class_area_km2": 1.090221098828343, "flooded_area_km2": 6.592769144818747, "frame_max_depth_m": 132.33808102972478, "class_mean_depth_m": 4.5118216219365825, "scenario_id": "baseline", "model_type": "Automated approximate 2D flood-routing prototype", "validated_hydraulic_output": false}, "geometry": {"type": "Polygon", "coordinates": [[[75.13361642779999, 18.099171529099998], [75.13361642779999, 18.0986159731], [75.13417198379999, 18.0986159731], [75.13417198379999, 18.098893751099997], [75.1344497618, 18.098893751099997], [75.1344497618, 18.099171529099998], [75.13361642779999, 18.099171529099998]]]}}, {"type": "Feature", "properties": {"time_min": 60, "depth_min_m": 3.0, "depth_max_m": 6.0, "depth_class": "3.0\u20136.0 m", "class_area_km2": 1.090221098828343, "flooded_area_km2": 6.592769144818747, "frame_max_depth_m": 132.33808102972478, "class_mean_depth_m": 4.5118216219365825, "scenario_id": "baseline", "model_type": "Automated approximate 2D flood-routing prototype", "validated_hydraulic_output": false}, "geometry": {"type": "Polygon", "coordinates": [[[75.1402830998, 18.098893751099997], [75.1402830998, 18.0983381951], [75.1405608778, 18.0983381951], [75.1405608778, 18.098893751099997], [75.1402830998, 18.098893751099997]]]}}, {"type": "Feature", "properties": {"time_min": 60, "depth_min_m": 3.0, "depth_max_m": 6.0, "depth_class": "3.0\u20136.0 m", "class_area_km2": 1.090221098828343, "flooded_area_km2": 6.592769144818747, "frame_max_depth_m": 132.33808102972478, "class_mean_depth_m": 4.5118216219365825, "scenario_id": "baseline", "model_type": "Automated approximate 2D flood-routing prototype", "validated_hydraulic_output": false}, "geometry": {"type": "Polygon", "coordinates": [[[75.13972754379999, 18.0986159731], [75.13972754379999, 18.0983381951], [75.14000532179999, 18.0983381951], [75.14000532179999, 18.0986159731], [75.13972754379999, 18.0986159731]]]}}, {"type": "Feature", "properties": {"time_min": 60, "depth_min_m": 3.0, "depth_max_m": 6.0, "depth_class": "3.0\u20136.0 m", "class_area_km2": 1.090221098828343, "flooded_area_km2": 6.592769144818747, "frame_max_depth_m": 132.33808102972478, "class_mean_depth_m": 4.5118216219365825, "scenario_id": "baseline", "model_type": "Automated approximate 2D flood-routing prototype", "validated_hydraulic_output": false}, "geometry": {"type": "Polygon", "coordinates": [[[75.1377830978, 18.099171529099998], [75.1377830978, 18.097782639099997], [75.1380608758, 18.097782639099997], [75.1380608758, 18.098893751099997], [75.13833865379999, 18.098893751099997], [75.13833865379999, 18.099171529099998], [75.1377830978, 18.099171529099998]]]}}, {"type": "Feature", "properties": {"time_min": 60, "depth_min_m": 3.0, "depth_max_m": 6.0, "depth_class": "3.0\u20136.0 m", "class_area_km2": 1.090221098828343, "flooded_area_km2": 6.592769144818747, "frame_max_depth_m": 132.33808102972478, "class_mean_depth_m": 4.5118216219365825, "scenario_id": "baseline", "model_type": "Automated approximate 2D flood-routing prototype", "validated_hydraulic_output": false}, "geometry": {"type": "Polygon", "coordinates": [[[75.1436164358, 18.098060417099997], [75.1436164358, 18.097782639099997], [75.1441719918, 18.097782639099997], [75.1441719918, 18.098060417099997], [75.1436164358, 18.098060417099997]]]}}, {"type": "Feature", "properties": {"time_min": 60, "depth_min_m": 3.0, "depth_max_m": 6.0, "depth_class": "3.0\u20136.0 m", "class_area_km2": 1.090221098828343, "flooded_area_km2": 6.592769144818747, "frame_max_depth_m": 132.33808102972478, "class_mean_depth_m": 4.5118216219365825, "scenario_id": "baseline", "model_type": "Automated approximate 2D flood-routing prototype", "validated_hydraulic_output": false}, "geometry": {"type": "Polygon", "coordinates": [[[75.1333386498, 18.0983381951], [75.1333386498, 18.0975048611], [75.13361642779999, 18.0975048611], [75.13361642779999, 18.0983381951], [75.1333386498, 18.0983381951]]]}}, {"type": "Feature", "properties": {"time_min": 60, "depth_min_m": 3.0, "depth_max_m": 6.0, "depth_class": "3.0\u20136.0 m", "class_area_km2": 1.090221098828343, "flooded_area_km2": 6.592769144818747, "frame_max_depth_m": 132.33808102972478, "class_mean_depth_m": 4.5118216219365825, "scenario_id": "baseline", "model_type": "Automated approximate 2D flood-routing prototype", "validated_hydraulic_output": false}, "geometry": {"type": "Polygon", "coordinates": [[[75.1450053258, 18.098060417099997], [75.1450053258, 18.0975048611], [75.1452831038, 18.0975048611], [75.1452831038, 18.098060417099997], [75.1450053258, 18.098060417099997]]]}}, {"type": "Feature", "properties": {"time_min": 60, "depth_min_m": 3.0, "depth_max_m": 6.0, "depth_class": "3.0\u20136.0 m", "class_area_km2": 1.090221098828343, "flooded_area_km2": 6.592769144818747, "frame_max_depth_m": 132.33808102972478, "class_mean_depth_m": 4.5118216219365825, "scenario_id": "baseline", "model_type": "Automated approximate 2D flood-routing prototype", "validated_hydraulic_output": false}, "geometry": {"type": "Polygon", "coordinates": [[[75.1375053198, 18.097782639099997], [75.1375053198, 18.0975048611], [75.1377830978, 18.0975048611], [75.1377830978, 18.097782639099997], [75.1375053198, 18.097782639099997]]]}}, {"type": "Feature", "properties": {"time_min": 60, "depth_min_m": 3.0, "depth_max_m": 6.0, "depth_class": "3.0\u20136.0 m", "class_area_km2": 1.090221098828343, "flooded_area_km2": 6.592769144818747, "frame_max_depth_m": 132.33808102972478, "class_mean_depth_m": 4.5118216219365825, "scenario_id": "baseline", "model_type": "Automated approximate 2D flood-routing prototype", "validated_hydraulic_output": false}, "geometry": {"type": "Polygon", "coordinates": [[[75.14444976979999, 18.097782639099997], [75.14444976979999, 18.0975048611], [75.14472754779999, 18.0975048611], [75.14472754779999, 18.097782639099997], [75.14444976979999, 18.097782639099997]]]}}, {"type": "Feature", "properties": {"time_min": 60, "depth_min_m": 3.0, "depth_max_m": 6.0, "depth_class": "3.0\u20136.0 m", "class_area_km2": 1.090221098828343, "flooded_area_km2": 6.592769144818747, "frame_max_depth_m": 132.33808102972478, "class_mean_depth_m": 4.5118216219365825, "scenario_id": "baseline", "model_type": "Automated approximate 2D flood-routing prototype", "validated_hydraulic_output": false}, "geometry": {"type": "Polygon", "coordinates": [[[75.1327830938, 18.097782639099997], [75.1327830938, 18.097227083099998], [75.1333386498, 18.097227083099998], [75.1333386498, 18.0975048611], [75.1330608718, 18.0975048611], [75.1330608718, 18.097782639099997], [75.1327830938, 18.097782639099997]]]}}, {"type": "Feature", "properties": {"time_min": 60, "depth_min_m": 3.0, "depth_max_m": 6.0, "depth_class": "3.0\u20136.0 m", "class_area_km2": 1.090221098828343, "flooded_area_km2": 6.592769144818747, "frame_max_depth_m": 132.33808102972478, "class_mean_depth_m": 4.5118216219365825, "scenario_id": "baseline", "model_type": "Automated approximate 2D flood-routing prototype", "validated_hydraulic_output": false}, "geometry": {"type": "Polygon", "coordinates": [[[75.1375053198, 18.097227083099998], [75.1375053198, 18.096949305099997], [75.1377830978, 18.096949305099997], [75.1377830978, 18.097227083099998], [75.1375053198, 18.097227083099998]]]}}, {"type": "Feature", "properties": {"time_min": 60, "depth_min_m": 3.0, "depth_max_m": 6.0, "depth_class": "3.0\u20136.0 m", "class_area_km2": 1.090221098828343, "flooded_area_km2": 6.592769144818747, "frame_max_depth_m": 132.33808102972478, "class_mean_depth_m": 4.5118216219365825, "scenario_id": "baseline", "model_type": "Automated approximate 2D flood-routing prototype", "validated_hydraulic_output": false}, "geometry": {"type": "Polygon", "coordinates": [[[75.1394497658, 18.097227083099998], [75.1394497658, 18.096671527099996], [75.13972754379999, 18.096671527099996], [75.13972754379999, 18.097227083099998], [75.1394497658, 18.097227083099998]]]}}, {"type": "Feature", "properties": {"time_min": 60, "depth_min_m": 3.0, "depth_max_m": 6.0, "depth_class": "3.0\u20136.0 m", "class_area_km2": 1.090221098828343, "flooded_area_km2": 6.592769144818747, "frame_max_depth_m": 132.33808102972478, "class_mean_depth_m": 4.5118216219365825, "scenario_id": "baseline", "model_type": "Automated approximate 2D flood-routing prototype", "validated_hydraulic_output": false}, "geometry": {"type": "Polygon", "coordinates": [[[75.13222753779999, 18.0975048611], [75.13222753779999, 18.0963937491], [75.13250531579999, 18.0963937491], [75.13250531579999, 18.096671527099996], [75.1327830938, 18.096671527099996], [75.1327830938, 18.096949305099997], [75.13250531579999, 18.096949305099997], [75.13250531579999, 18.0975048611], [75.13222753779999, 18.0975048611]]]}}, {"type": "Feature", "properties": {"time_min": 60, "depth_min_m": 3.0, "depth_max_m": 6.0, "depth_class": "3.0\u20136.0 m", "class_area_km2": 1.090221098828343, "flooded_area_km2": 6.592769144818747, "frame_max_depth_m": 132.33808102972478, "class_mean_depth_m": 4.5118216219365825, "scenario_id": "baseline", "model_type": "Automated approximate 2D flood-routing prototype", "validated_hydraulic_output": false}, "geometry": {"type": "Polygon", "coordinates": [[[75.13528309579999, 18.096671527099996], [75.13528309579999, 18.0963937491], [75.13556087379999, 18.0963937491], [75.13556087379999, 18.096671527099996], [75.13528309579999, 18.096671527099996]]]}}, {"type": "Feature", "properties": {"time_min": 60, "depth_min_m": 3.0, "depth_max_m": 6.0, "depth_class": "3.0\u20136.0 m", "class_area_km2": 1.090221098828343, "flooded_area_km2": 6.592769144818747, "frame_max_depth_m": 132.33808102972478, "class_mean_depth_m": 4.5118216219365825, "scenario_id": "baseline", "model_type": "Automated approximate 2D flood-routing prototype", "validated_hydraulic_output": false}, "geometry": {"type": "Polygon", "coordinates": [[[75.1316719818, 18.0963937491], [75.1316719818, 18.096115971099998], [75.1319497598, 18.096115971099998], [75.1319497598, 18.0963937491], [75.1316719818, 18.0963937491]]]}}, {"type": "Feature", "properties": {"time_min": 60, "depth_min_m": 3.0, "depth_max_m": 6.0, "depth_class": "3.0\u20136.0 m", "class_area_km2": 1.090221098828343, "flooded_area_km2": 6.592769144818747, "frame_max_depth_m": 132.33808102972478, "class_mean_depth_m": 4.5118216219365825, "scenario_id": "baseline", "model_type": "Automated approximate 2D flood-routing prototype", "validated_hydraulic_output": false}, "geometry": {"type": "Polygon", "coordinates": [[[75.13528309579999, 18.096115971099998], [75.13528309579999, 18.095838193099997], [75.13556087379999, 18.095838193099997], [75.13556087379999, 18.096115971099998], [75.13528309579999, 18.096115971099998]]]}}, {"type": "Feature", "properties": {"time_min": 60, "depth_min_m": 3.0, "depth_max_m": 6.0, "depth_class": "3.0\u20136.0 m", "class_area_km2": 1.090221098828343, "flooded_area_km2": 6.592769144818747, "frame_max_depth_m": 132.33808102972478, "class_mean_depth_m": 4.5118216219365825, "scenario_id": "baseline", "model_type": "Automated approximate 2D flood-routing prototype", "validated_hydraulic_output": false}, "geometry": {"type": "Polygon", "coordinates": [[[75.1391719878, 18.096115971099998], [75.1391719878, 18.095838193099997], [75.1394497658, 18.095838193099997], [75.1394497658, 18.096115971099998], [75.1391719878, 18.096115971099998]]]}}, {"type": "Feature", "properties": {"time_min": 60, "depth_min_m": 3.0, "depth_max_m": 6.0, "depth_class": "3.0\u20136.0 m", "class_area_km2": 1.090221098828343, "flooded_area_km2": 6.592769144818747, "frame_max_depth_m": 132.33808102972478, "class_mean_depth_m": 4.5118216219365825, "scenario_id": "baseline", "model_type": "Automated approximate 2D flood-routing prototype", "validated_hydraulic_output": false}, "geometry": {"type": "Polygon", "coordinates": [[[75.1358386518, 18.095838193099997], [75.1358386518, 18.0955604151], [75.1361164298, 18.0955604151], [75.1361164298, 18.095838193099997], [75.1358386518, 18.095838193099997]]]}}, {"type": "Feature", "properties": {"time_min": 60, "depth_min_m": 3.0, "depth_max_m": 6.0, "depth_class": "3.0\u20136.0 m", "class_area_km2": 1.090221098828343, "flooded_area_km2": 6.592769144818747, "frame_max_depth_m": 132.33808102972478, "class_mean_depth_m": 4.5118216219365825, "scenario_id": "baseline", "model_type": "Automated approximate 2D flood-routing prototype", "validated_hydraulic_output": false}, "geometry": {"type": "Polygon", "coordinates": [[[75.1388942098, 18.095838193099997], [75.1388942098, 18.0955604151], [75.1391719878, 18.0955604151], [75.1391719878, 18.095838193099997], [75.1388942098, 18.095838193099997]]]}}, {"type": "Feature", "properties": {"time_min": 60, "depth_min_m": 3.0, "depth_max_m": 6.0, "depth_class": "3.0\u20136.0 m", "class_area_km2": 1.090221098828343, "flooded_area_km2": 6.592769144818747, "frame_max_depth_m": 132.33808102972478, "class_mean_depth_m": 4.5118216219365825, "scenario_id": "baseline", "model_type": "Automated approximate 2D flood-routing prototype", "validated_hydraulic_output": false}, "geometry": {"type": "Polygon", "coordinates": [[[75.14000532179999, 18.095838193099997], [75.14000532179999, 18.0955604151], [75.1402830998, 18.0955604151], [75.1402830998, 18.095838193099997], [75.14000532179999, 18.095838193099997]]]}}, {"type": "Feature", "properties": {"time_min": 60, "depth_min_m": 3.0, "depth_max_m": 6.0, "depth_class": "3.0\u20136.0 m", "class_area_km2": 1.090221098828343, "flooded_area_km2": 6.592769144818747, "frame_max_depth_m": 132.33808102972478, "class_mean_depth_m": 4.5118216219365825, "scenario_id": "baseline", "model_type": "Automated approximate 2D flood-routing prototype", "validated_hydraulic_output": false}, "geometry": {"type": "Polygon", "coordinates": [[[75.1394497658, 18.0955604151], [75.1394497658, 18.0952826371], [75.13972754379999, 18.0952826371], [75.13972754379999, 18.0955604151], [75.1394497658, 18.0955604151]]]}}, {"type": "Feature", "properties": {"time_min": 60, "depth_min_m": 3.0, "depth_max_m": 6.0, "depth_class": "3.0\u20136.0 m", "class_area_km2": 1.090221098828343, "flooded_area_km2": 6.592769144818747, "frame_max_depth_m": 132.33808102972478, "class_mean_depth_m": 4.5118216219365825, "scenario_id": "baseline", "model_type": "Automated approximate 2D flood-routing prototype", "validated_hydraulic_output": false}, "geometry": {"type": "Polygon", "coordinates": [[[75.13528309579999, 18.0952826371], [75.13528309579999, 18.095004859099998], [75.13556087379999, 18.095004859099998], [75.13556087379999, 18.0952826371], [75.13528309579999, 18.0952826371]]]}}, {"type": "Feature", "properties": {"time_min": 60, "depth_min_m": 3.0, "depth_max_m": 6.0, "depth_class": "3.0\u20136.0 m", "class_area_km2": 1.090221098828343, "flooded_area_km2": 6.592769144818747, "frame_max_depth_m": 132.33808102972478, "class_mean_depth_m": 4.5118216219365825, "scenario_id": "baseline", "model_type": "Automated approximate 2D flood-routing prototype", "validated_hydraulic_output": false}, "geometry": {"type": "Polygon", "coordinates": [[[75.13833865379999, 18.0952826371], [75.13833865379999, 18.095004859099998], [75.13861643179999, 18.095004859099998], [75.13861643179999, 18.0952826371], [75.13833865379999, 18.0952826371]]]}}, {"type": "Feature", "properties": {"time_min": 60, "depth_min_m": 3.0, "depth_max_m": 6.0, "depth_class": "3.0\u20136.0 m", "class_area_km2": 1.090221098828343, "flooded_area_km2": 6.592769144818747, "frame_max_depth_m": 132.33808102972478, "class_mean_depth_m": 4.5118216219365825, "scenario_id": "baseline", "model_type": "Automated approximate 2D flood-routing prototype", "validated_hydraulic_output": false}, "geometry": {"type": "Polygon", "coordinates": [[[75.1316719818, 18.095004859099998], [75.1316719818, 18.0944493031], [75.1319497598, 18.0944493031], [75.1319497598, 18.095004859099998], [75.1316719818, 18.095004859099998]]]}}, {"type": "Feature", "properties": {"time_min": 60, "depth_min_m": 3.0, "depth_max_m": 6.0, "depth_class": "3.0\u20136.0 m", "class_area_km2": 1.090221098828343, "flooded_area_km2": 6.592769144818747, "frame_max_depth_m": 132.33808102972478, "class_mean_depth_m": 4.5118216219365825, "scenario_id": "baseline", "model_type": "Automated approximate 2D flood-routing prototype", "validated_hydraulic_output": false}, "geometry": {"type": "Polygon", "coordinates": [[[75.13833865379999, 18.094727081099997], [75.13833865379999, 18.0944493031], [75.13861643179999, 18.0944493031], [75.13861643179999, 18.094727081099997], [75.13833865379999, 18.094727081099997]]]}}, {"type": "Feature", "properties": {"time_min": 60, "depth_min_m": 3.0, "depth_max_m": 6.0, "depth_class": "3.0\u20136.0 m", "class_area_km2": 1.090221098828343, "flooded_area_km2": 6.592769144818747, "frame_max_depth_m": 132.33808102972478, "class_mean_depth_m": 4.5118216219365825, "scenario_id": "baseline", "model_type": "Automated approximate 2D flood-routing prototype", "validated_hydraulic_output": false}, "geometry": {"type": "Polygon", "coordinates": [[[75.1411164338, 18.094727081099997], [75.1411164338, 18.0941715251], [75.14167198979999, 18.0941715251], [75.14167198979999, 18.0944493031], [75.14139421179999, 18.0944493031], [75.14139421179999, 18.094727081099997], [75.1411164338, 18.094727081099997]]]}}, {"type": "Feature", "properties": {"time_min": 60, "depth_min_m": 3.0, "depth_max_m": 6.0, "depth_class": "3.0\u20136.0 m", "class_area_km2": 1.090221098828343, "flooded_area_km2": 6.592769144818747, "frame_max_depth_m": 132.33808102972478, "class_mean_depth_m": 4.5118216219365825, "scenario_id": "baseline", "model_type": "Automated approximate 2D flood-routing prototype", "validated_hydraulic_output": false}, "geometry": {"type": "Polygon", "coordinates": [[[75.1419497678, 18.094727081099997], [75.1419497678, 18.0944493031], [75.1422275458, 18.0944493031], [75.1422275458, 18.0941715251], [75.1425053238, 18.0941715251], [75.1425053238, 18.094727081099997], [75.1419497678, 18.094727081099997]]]}}, {"type": "Feature", "properties": {"time_min": 60, "depth_min_m": 3.0, "depth_max_m": 6.0, "depth_class": "3.0\u20136.0 m", "class_area_km2": 1.090221098828343, "flooded_area_km2": 6.592769144818747, "frame_max_depth_m": 132.33808102972478, "class_mean_depth_m": 4.5118216219365825, "scenario_id": "baseline", "model_type": "Automated approximate 2D flood-routing prototype", "validated_hydraulic_output": false}, "geometry": {"type": "Polygon", "coordinates": [[[75.14278310179999, 18.094727081099997], [75.14278310179999, 18.0941715251], [75.14306087979999, 18.0941715251], [75.14306087979999, 18.094727081099997], [75.14278310179999, 18.094727081099997]]]}}, {"type": "Feature", "properties": {"time_min": 60, "depth_min_m": 3.0, "depth_max_m": 6.0, "depth_class": "3.0\u20136.0 m", "class_area_km2": 1.090221098828343, "flooded_area_km2": 6.592769144818747, "frame_max_depth_m": 132.33808102972478, "class_mean_depth_m": 4.5118216219365825, "scenario_id": "baseline", "model_type": "Automated approximate 2D flood-routing prototype", "validated_hydraulic_output": false}, "geometry": {"type": "Polygon", "coordinates": [[[75.1327830938, 18.0944493031], [75.1327830938, 18.093893747099997], [75.1330608718, 18.093893747099997], [75.1330608718, 18.0944493031], [75.1327830938, 18.0944493031]]]}}, {"type": "Feature", "properties": {"time_min": 60, "depth_min_m": 3.0, "depth_max_m": 6.0, "depth_class": "3.0\u20136.0 m", "class_area_km2": 1.090221098828343, "flooded_area_km2": 6.592769144818747, "frame_max_depth_m": 132.33808102972478, "class_mean_depth_m": 4.5118216219365825, "scenario_id": "baseline", "model_type": "Automated approximate 2D flood-routing prototype", "validated_hydraulic_output": false}, "geometry": {"type": "Polygon", "coordinates": [[[75.1408386558, 18.0941715251], [75.1408386558, 18.093893747099997], [75.1411164338, 18.093893747099997], [75.1411164338, 18.0941715251], [75.1408386558, 18.0941715251]]]}}, {"type": "Feature", "properties": {"time_min": 60, "depth_min_m": 3.0, "depth_max_m": 6.0, "depth_class": "3.0\u20136.0 m", "class_area_km2": 1.090221098828343, "flooded_area_km2": 6.592769144818747, "frame_max_depth_m": 132.33808102972478, "class_mean_depth_m": 4.5118216219365825, "scenario_id": "baseline", "model_type": "Automated approximate 2D flood-routing prototype", "validated_hydraulic_output": false}, "geometry": {"type": "Polygon", "coordinates": [[[75.1419497678, 18.0941715251], [75.1419497678, 18.093893747099997], [75.1422275458, 18.093893747099997], [75.1422275458, 18.0941715251], [75.1419497678, 18.0941715251]]]}}, {"type": "Feature", "properties": {"time_min": 60, "depth_min_m": 3.0, "depth_max_m": 6.0, "depth_class": "3.0\u20136.0 m", "class_area_km2": 1.090221098828343, "flooded_area_km2": 6.592769144818747, "frame_max_depth_m": 132.33808102972478, "class_mean_depth_m": 4.5118216219365825, "scenario_id": "baseline", "model_type": "Automated approximate 2D flood-routing prototype", "validated_hydraulic_output": false}, "geometry": {"type": "Polygon", "coordinates": [[[75.1425053238, 18.0941715251], [75.1425053238, 18.093893747099997], [75.14278310179999, 18.093893747099997], [75.14278310179999, 18.0941715251], [75.1425053238, 18.0941715251]]]}}, {"type": "Feature", "properties": {"time_min": 60, "depth_min_m": 3.0, "depth_max_m": 6.0, "depth_class": "3.0\u20136.0 m", "class_area_km2": 1.090221098828343, "flooded_area_km2": 6.592769144818747, "frame_max_depth_m": 132.33808102972478, "class_mean_depth_m": 4.5118216219365825, "scenario_id": "baseline", "model_type": "Automated approximate 2D flood-routing prototype", "validated_hydraulic_output": false}, "geometry": {"type": "Polygon", "coordinates": [[[75.1305608698, 18.093893747099997], [75.1305608698, 18.093615969099996], [75.13083864779999, 18.093615969099996], [75.13083864779999, 18.093893747099997], [75.1305608698, 18.093893747099997]]]}}, {"type": "Feature", "properties": {"time_min": 60, "depth_min_m": 3.0, "depth_max_m": 6.0, "depth_class": "3.0\u20136.0 m", "class_area_km2": 1.090221098828343, "flooded_area_km2": 6.592769144818747, "frame_max_depth_m": 132.33808102972478, "class_mean_depth_m": 4.5118216219365825, "scenario_id": "baseline", "model_type": "Automated approximate 2D flood-routing prototype", "validated_hydraulic_output": false}, "geometry": {"type": "Polygon", "coordinates": [[[75.13972754379999, 18.093893747099997], [75.13972754379999, 18.093615969099996], [75.14000532179999, 18.093615969099996], [75.14000532179999, 18.093893747099997], [75.13972754379999, 18.093893747099997]]]}}, {"type": "Feature", "properties": {"time_min": 60, "depth_min_m": 3.0, "depth_max_m": 6.0, "depth_class": "3.0\u20136.0 m", "class_area_km2": 1.090221098828343, "flooded_area_km2": 6.592769144818747, "frame_max_depth_m": 132.33808102972478, "class_mean_depth_m": 4.5118216219365825, "scenario_id": "baseline", "model_type": "Automated approximate 2D flood-routing prototype", "validated_hydraulic_output": false}, "geometry": {"type": "Polygon", "coordinates": [[[75.14278310179999, 18.093893747099997], [75.14278310179999, 18.093615969099996], [75.1433386578, 18.093615969099996], [75.1433386578, 18.093893747099997], [75.14278310179999, 18.093893747099997]]]}}, {"type": "Feature", "properties": {"time_min": 60, "depth_min_m": 3.0, "depth_max_m": 6.0, "depth_class": "3.0\u20136.0 m", "class_area_km2": 1.090221098828343, "flooded_area_km2": 6.592769144818747, "frame_max_depth_m": 132.33808102972478, "class_mean_depth_m": 4.5118216219365825, "scenario_id": "baseline", "model_type": "Automated approximate 2D flood-routing prototype", "validated_hydraulic_output": false}, "geometry": {"type": "Polygon", "coordinates": [[[75.1441719918, 18.093893747099997], [75.1441719918, 18.093615969099996], [75.14472754779999, 18.093615969099996], [75.14472754779999, 18.093893747099997], [75.1441719918, 18.093893747099997]]]}}, {"type": "Feature", "properties": {"time_min": 60, "depth_min_m": 3.0, "depth_max_m": 6.0, "depth_class": "3.0\u20136.0 m", "class_area_km2": 1.090221098828343, "flooded_area_km2": 6.592769144818747, "frame_max_depth_m": 132.33808102972478, "class_mean_depth_m": 4.5118216219365825, "scenario_id": "baseline", "model_type": "Automated approximate 2D flood-routing prototype", "validated_hydraulic_output": false}, "geometry": {"type": "Polygon", "coordinates": [[[75.1511164418, 18.093893747099997], [75.1511164418, 18.093615969099996], [75.1513942198, 18.093615969099996], [75.1513942198, 18.093893747099997], [75.1511164418, 18.093893747099997]]]}}, {"type": "Feature", "properties": {"time_min": 60, "depth_min_m": 3.0, "depth_max_m": 6.0, "depth_class": "3.0\u20136.0 m", "class_area_km2": 1.090221098828343, "flooded_area_km2": 6.592769144818747, "frame_max_depth_m": 132.33808102972478, "class_mean_depth_m": 4.5118216219365825, "scenario_id": "baseline", "model_type": "Automated approximate 2D flood-routing prototype", "validated_hydraulic_output": false}, "geometry": {"type": "Polygon", "coordinates": [[[75.15028310779999, 18.0941715251], [75.15028310779999, 18.0933381911], [75.15056088579999, 18.0933381911], [75.15056088579999, 18.0941715251], [75.15028310779999, 18.0941715251]]]}}, {"type": "Feature", "properties": {"time_min": 60, "depth_min_m": 3.0, "depth_max_m": 6.0, "depth_class": "3.0\u20136.0 m", "class_area_km2": 1.090221098828343, "flooded_area_km2": 6.592769144818747, "frame_max_depth_m": 132.33808102972478, "class_mean_depth_m": 4.5118216219365825, "scenario_id": "baseline", "model_type": "Automated approximate 2D flood-routing prototype", "validated_hydraulic_output": false}, "geometry": {"type": "Polygon", "coordinates": [[[75.1405608778, 18.093893747099997], [75.1405608778, 18.0933381911], [75.1408386558, 18.0933381911], [75.1408386558, 18.093893747099997], [75.1405608778, 18.093893747099997]]]}}, {"type": "Feature", "properties": {"time_min": 60, "depth_min_m": 3.0, "depth_max_m": 6.0, "depth_class": "3.0\u20136.0 m", "class_area_km2": 1.090221098828343, "flooded_area_km2": 6.592769144818747, "frame_max_depth_m": 132.33808102972478, "class_mean_depth_m": 4.5118216219365825, "scenario_id": "baseline", "model_type": "Automated approximate 2D flood-routing prototype", "validated_hydraulic_output": false}, "geometry": {"type": "Polygon", "coordinates": [[[75.1302830918, 18.093615969099996], [75.1302830918, 18.0933381911], [75.1305608698, 18.0933381911], [75.1305608698, 18.093615969099996], [75.1302830918, 18.093615969099996]]]}}, {"type": "Feature", "properties": {"time_min": 60, "depth_min_m": 3.0, "depth_max_m": 6.0, "depth_class": "3.0\u20136.0 m", "class_area_km2": 1.090221098828343, "flooded_area_km2": 6.592769144818747, "frame_max_depth_m": 132.33808102972478, "class_mean_depth_m": 4.5118216219365825, "scenario_id": "baseline", "model_type": "Automated approximate 2D flood-routing prototype", "validated_hydraulic_output": false}, "geometry": {"type": "Polygon", "coordinates": [[[75.1388942098, 18.093615969099996], [75.1388942098, 18.0933381911], [75.1391719878, 18.0933381911], [75.1391719878, 18.093615969099996], [75.1388942098, 18.093615969099996]]]}}, {"type": "Feature", "properties": {"time_min": 60, "depth_min_m": 3.0, "depth_max_m": 6.0, "depth_class": "3.0\u20136.0 m", "class_area_km2": 1.090221098828343, "flooded_area_km2": 6.592769144818747, "frame_max_depth_m": 132.33808102972478, "class_mean_depth_m": 4.5118216219365825, "scenario_id": "baseline", "model_type": "Automated approximate 2D flood-routing prototype", "validated_hydraulic_output": false}, "geometry": {"type": "Polygon", "coordinates": [[[75.1419497678, 18.093615969099996], [75.1419497678, 18.0933381911], [75.1422275458, 18.0933381911], [75.1422275458, 18.093615969099996], [75.1419497678, 18.093615969099996]]]}}, {"type": "Feature", "properties": {"time_min": 60, "depth_min_m": 3.0, "depth_max_m": 6.0, "depth_class": "3.0\u20136.0 m", "class_area_km2": 1.090221098828343, "flooded_area_km2": 6.592769144818747, "frame_max_depth_m": 132.33808102972478, "class_mean_depth_m": 4.5118216219365825, "scenario_id": "baseline", "model_type": "Automated approximate 2D flood-routing prototype", "validated_hydraulic_output": false}, "geometry": {"type": "Polygon", "coordinates": [[[75.1436164358, 18.093615969099996], [75.1436164358, 18.0933381911], [75.1433386578, 18.0933381911], [75.1433386578, 18.093060413099998], [75.1441719918, 18.093060413099998], [75.1441719918, 18.093615969099996], [75.1436164358, 18.093615969099996]]]}}, {"type": "Feature", "properties": {"time_min": 60, "depth_min_m": 3.0, "depth_max_m": 6.0, "depth_class": "3.0\u20136.0 m", "class_area_km2": 1.090221098828343, "flooded_area_km2": 6.592769144818747, "frame_max_depth_m": 132.33808102972478, "class_mean_depth_m": 4.5118216219365825, "scenario_id": "baseline", "model_type": "Automated approximate 2D flood-routing prototype", "validated_hydraulic_output": false}, "geometry": {"type": "Polygon", "coordinates": [[[75.1516719978, 18.093060413099998], [75.1516719978, 18.092782635099997], [75.15194977579999, 18.092782635099997], [75.15194977579999, 18.093060413099998], [75.1516719978, 18.093060413099998]]]}}, {"type": "Feature", "properties": {"time_min": 60, "depth_min_m": 3.0, "depth_max_m": 6.0, "depth_class": "3.0\u20136.0 m", "class_area_km2": 1.090221098828343, "flooded_area_km2": 6.592769144818747, "frame_max_depth_m": 132.33808102972478, "class_mean_depth_m": 4.5118216219365825, "scenario_id": "baseline", "model_type": "Automated approximate 2D flood-routing prototype", "validated_hydraulic_output": false}, "geometry": {"type": "Polygon", "coordinates": [[[75.14472754779999, 18.092504857099996], [75.14472754779999, 18.0922270791], [75.1452831038, 18.0922270791], [75.1452831038, 18.092504857099996], [75.14472754779999, 18.092504857099996]]]}}, {"type": "Feature", "properties": {"time_min": 60, "depth_min_m": 3.0, "depth_max_m": 6.0, "depth_class": "3.0\u20136.0 m", "class_area_km2": 1.090221098828343, "flooded_area_km2": 6.592769144818747, "frame_max_depth_m": 132.33808102972478, "class_mean_depth_m": 4.5118216219365825, "scenario_id": "baseline", "model_type": "Automated approximate 2D flood-routing prototype", "validated_hydraulic_output": false}, "geometry": {"type": "Polygon", "coordinates": [[[75.1455608818, 18.0922270791], [75.1455608818, 18.091949301099998], [75.14583865979999, 18.091949301099998], [75.14583865979999, 18.0922270791], [75.1455608818, 18.0922270791]]]}}, {"type": "Feature", "properties": {"time_min": 60, "depth_min_m": 3.0, "depth_max_m": 6.0, "depth_class": "3.0\u20136.0 m", "class_area_km2": 1.090221098828343, "flooded_area_km2": 6.592769144818747, "frame_max_depth_m": 132.33808102972478, "class_mean_depth_m": 4.5118216219365825, "scenario_id": "baseline", "model_type": "Automated approximate 2D flood-routing prototype", "validated_hydraulic_output": false}, "geometry": {"type": "Polygon", "coordinates": [[[75.14611643779999, 18.091949301099998], [75.14611643779999, 18.091671523099997], [75.1466719938, 18.091671523099997], [75.1466719938, 18.0913937451], [75.1469497718, 18.0913937451], [75.1469497718, 18.091949301099998], [75.14611643779999, 18.091949301099998]]]}}, {"type": "Feature", "properties": {"time_min": 60, "depth_min_m": 3.0, "depth_max_m": 6.0, "depth_class": "3.0\u20136.0 m", "class_area_km2": 1.090221098828343, "flooded_area_km2": 6.592769144818747, "frame_max_depth_m": 132.33808102972478, "class_mean_depth_m": 4.5118216219365825, "scenario_id": "baseline", "model_type": "Automated approximate 2D flood-routing prototype", "validated_hydraulic_output": false}, "geometry": {"type": "Polygon", "coordinates": [[[75.1313942038, 18.091671523099997], [75.1313942038, 18.0911159671], [75.1316719818, 18.0911159671], [75.1316719818, 18.091671523099997], [75.1313942038, 18.091671523099997]]]}}, {"type": "Feature", "properties": {"time_min": 60, "depth_min_m": 3.0, "depth_max_m": 6.0, "depth_class": "3.0\u20136.0 m", "class_area_km2": 1.090221098828343, "flooded_area_km2": 6.592769144818747, "frame_max_depth_m": 132.33808102972478, "class_mean_depth_m": 4.5118216219365825, "scenario_id": "baseline", "model_type": "Automated approximate 2D flood-routing prototype", "validated_hydraulic_output": false}, "geometry": {"type": "Polygon", "coordinates": [[[75.14750532779999, 18.0913937451], [75.14750532779999, 18.0911159671], [75.1480608838, 18.0911159671], [75.1480608838, 18.0913937451], [75.14750532779999, 18.0913937451]]]}}, {"type": "Feature", "properties": {"time_min": 60, "depth_min_m": 3.0, "depth_max_m": 6.0, "depth_class": "3.0\u20136.0 m", "class_area_km2": 1.090221098828343, "flooded_area_km2": 6.592769144818747, "frame_max_depth_m": 132.33808102972478, "class_mean_depth_m": 4.5118216219365825, "scenario_id": "baseline", "model_type": "Automated approximate 2D flood-routing prototype", "validated_hydraulic_output": false}, "geometry": {"type": "Polygon", "coordinates": [[[75.14917199579999, 18.0911159671], [75.14917199579999, 18.090560411099997], [75.1494497738, 18.090560411099997], [75.1494497738, 18.0911159671], [75.14917199579999, 18.0911159671]]]}}, {"type": "Feature", "properties": {"time_min": 60, "depth_min_m": 3.0, "depth_max_m": 6.0, "depth_class": "3.0\u20136.0 m", "class_area_km2": 1.090221098828343, "flooded_area_km2": 6.592769144818747, "frame_max_depth_m": 132.33808102972478, "class_mean_depth_m": 4.5118216219365825, "scenario_id": "baseline", "model_type": "Automated approximate 2D flood-routing prototype", "validated_hydraulic_output": false}, "geometry": {"type": "Polygon", "coordinates": [[[75.1316719818, 18.0911159671], [75.1316719818, 18.0902826331], [75.13222753779999, 18.0902826331], [75.13222753779999, 18.090838189099998], [75.1319497598, 18.090838189099998], [75.1319497598, 18.0911159671], [75.1316719818, 18.0911159671]]]}}, {"type": "Feature", "properties": {"time_min": 60, "depth_min_m": 3.0, "depth_max_m": 6.0, "depth_class": "3.0\u20136.0 m", "class_area_km2": 1.090221098828343, "flooded_area_km2": 6.592769144818747, "frame_max_depth_m": 132.33808102972478, "class_mean_depth_m": 4.5118216219365825, "scenario_id": "baseline", "model_type": "Automated approximate 2D flood-routing prototype", "validated_hydraulic_output": false}, "geometry": {"type": "Polygon", "coordinates": [[[75.1472275498, 18.090838189099998], [75.1472275498, 18.0902826331], [75.14750532779999, 18.0902826331], [75.14750532779999, 18.089727077099997], [75.1480608838, 18.089727077099997], [75.1480608838, 18.089449299099996], [75.1483386618, 18.089449299099996], [75.1483386618, 18.0900048551], [75.1480608838, 18.0900048551], [75.1480608838, 18.0902826331], [75.14778310579999, 18.0902826331], [75.14778310579999, 18.090560411099997], [75.14750532779999, 18.090560411099997], [75.14750532779999, 18.090838189099998], [75.1472275498, 18.090838189099998]]]}}, {"type": "Feature", "properties": {"time_min": 60, "depth_min_m": 3.0, "depth_max_m": 6.0, "depth_class": "3.0\u20136.0 m", "class_area_km2": 1.090221098828343, "flooded_area_km2": 6.592769144818747, "frame_max_depth_m": 132.33808102972478, "class_mean_depth_m": 4.5118216219365825, "scenario_id": "baseline", "model_type": "Automated approximate 2D flood-routing prototype", "validated_hydraulic_output": false}, "geometry": {"type": "Polygon", "coordinates": [[[75.13222753779999, 18.0900048551], [75.13222753779999, 18.089449299099996], [75.13250531579999, 18.089449299099996], [75.13250531579999, 18.0900048551], [75.13222753779999, 18.0900048551]]]}}, {"type": "Feature", "properties": {"time_min": 60, "depth_min_m": 3.0, "depth_max_m": 6.0, "depth_class": "3.0\u20136.0 m", "class_area_km2": 1.090221098828343, "flooded_area_km2": 6.592769144818747, "frame_max_depth_m": 132.33808102972478, "class_mean_depth_m": 4.5118216219365825, "scenario_id": "baseline", "model_type": "Automated approximate 2D flood-routing prototype", "validated_hydraulic_output": false}, "geometry": {"type": "Polygon", "coordinates": [[[75.14750532779999, 18.089449299099996], [75.14750532779999, 18.0891715211], [75.14778310579999, 18.0891715211], [75.14778310579999, 18.089449299099996], [75.14750532779999, 18.089449299099996]]]}}, {"type": "Feature", "properties": {"time_min": 60, "depth_min_m": 3.0, "depth_max_m": 6.0, "depth_class": "3.0\u20136.0 m", "class_area_km2": 1.090221098828343, "flooded_area_km2": 6.592769144818747, "frame_max_depth_m": 132.33808102972478, "class_mean_depth_m": 4.5118216219365825, "scenario_id": "baseline", "model_type": "Automated approximate 2D flood-routing prototype", "validated_hydraulic_output": false}, "geometry": {"type": "Polygon", "coordinates": [[[75.1497275518, 18.089449299099996], [75.1497275518, 18.0891715211], [75.1500053298, 18.0891715211], [75.1500053298, 18.089449299099996], [75.1497275518, 18.089449299099996]]]}}, {"type": "Feature", "properties": {"time_min": 60, "depth_min_m": 3.0, "depth_max_m": 6.0, "depth_class": "3.0\u20136.0 m", "class_area_km2": 1.090221098828343, "flooded_area_km2": 6.592769144818747, "frame_max_depth_m": 132.33808102972478, "class_mean_depth_m": 4.5118216219365825, "scenario_id": "baseline", "model_type": "Automated approximate 2D flood-routing prototype", "validated_hydraulic_output": false}, "geometry": {"type": "Polygon", "coordinates": [[[75.1480608838, 18.088893743099998], [75.1480608838, 18.088615965099997], [75.1483386618, 18.088615965099997], [75.1483386618, 18.088893743099998], [75.1480608838, 18.088893743099998]]]}}, {"type": "Feature", "properties": {"time_min": 60, "depth_min_m": 3.0, "depth_max_m": 6.0, "depth_class": "3.0\u20136.0 m", "class_area_km2": 1.090221098828343, "flooded_area_km2": 6.592769144818747, "frame_max_depth_m": 132.33808102972478, "class_mean_depth_m": 4.5118216219365825, "scenario_id": "baseline", "model_type": "Automated approximate 2D flood-routing prototype", "validated_hydraulic_output": false}, "geometry": {"type": "Polygon", "coordinates": [[[75.13250531579999, 18.089449299099996], [75.13250531579999, 18.088615965099997], [75.1327830938, 18.088615965099997], [75.1327830938, 18.0880604091], [75.1330608718, 18.0880604091], [75.1330608718, 18.088893743099998], [75.1327830938, 18.088893743099998], [75.1327830938, 18.089449299099996], [75.13250531579999, 18.089449299099996]]]}}, {"type": "Feature", "properties": {"time_min": 60, "depth_min_m": 3.0, "depth_max_m": 6.0, "depth_class": "3.0\u20136.0 m", "class_area_km2": 1.090221098828343, "flooded_area_km2": 6.592769144818747, "frame_max_depth_m": 132.33808102972478, "class_mean_depth_m": 4.5118216219365825, "scenario_id": "baseline", "model_type": "Automated approximate 2D flood-routing prototype", "validated_hydraulic_output": false}, "geometry": {"type": "Polygon", "coordinates": [[[75.1486164398, 18.088338187099996], [75.1486164398, 18.0880604091], [75.14889421779999, 18.0880604091], [75.14889421779999, 18.088338187099996], [75.1486164398, 18.088338187099996]]]}}, {"type": "Feature", "properties": {"time_min": 60, "depth_min_m": 3.0, "depth_max_m": 6.0, "depth_class": "3.0\u20136.0 m", "class_area_km2": 1.090221098828343, "flooded_area_km2": 6.592769144818747, "frame_max_depth_m": 132.33808102972478, "class_mean_depth_m": 4.5118216219365825, "scenario_id": "baseline", "model_type": "Automated approximate 2D flood-routing prototype", "validated_hydraulic_output": false}, "geometry": {"type": "Polygon", "coordinates": [[[75.1330608718, 18.0880604091], [75.1330608718, 18.087782631099998], [75.1333386498, 18.087782631099998], [75.1333386498, 18.0880604091], [75.1330608718, 18.0880604091]]]}}, {"type": "Feature", "properties": {"time_min": 60, "depth_min_m": 3.0, "depth_max_m": 6.0, "depth_class": "3.0\u20136.0 m", "class_area_km2": 1.090221098828343, "flooded_area_km2": 6.592769144818747, "frame_max_depth_m": 132.33808102972478, "class_mean_depth_m": 4.5118216219365825, "scenario_id": "baseline", "model_type": "Automated approximate 2D flood-routing prototype", "validated_hydraulic_output": false}, "geometry": {"type": "Polygon", "coordinates": [[[75.1497275518, 18.0880604091], [75.1497275518, 18.087782631099998], [75.1500053298, 18.087782631099998], [75.1500053298, 18.0880604091], [75.1497275518, 18.0880604091]]]}}, {"type": "Feature", "properties": {"time_min": 60, "depth_min_m": 3.0, "depth_max_m": 6.0, "depth_class": "3.0\u20136.0 m", "class_area_km2": 1.090221098828343, "flooded_area_km2": 6.592769144818747, "frame_max_depth_m": 132.33808102972478, "class_mean_depth_m": 4.5118216219365825, "scenario_id": "baseline", "model_type": "Automated approximate 2D flood-routing prototype", "validated_hydraulic_output": false}, "geometry": {"type": "Polygon", "coordinates": [[[75.13361642779999, 18.087782631099998], [75.13361642779999, 18.087504853099997], [75.13389420579999, 18.087504853099997], [75.13389420579999, 18.087782631099998], [75.13361642779999, 18.087782631099998]]]}}, {"type": "Feature", "properties": {"time_min": 60, "depth_min_m": 3.0, "depth_max_m": 6.0, "depth_class": "3.0\u20136.0 m", "class_area_km2": 1.090221098828343, "flooded_area_km2": 6.592769144818747, "frame_max_depth_m": 132.33808102972478, "class_mean_depth_m": 4.5118216219365825, "scenario_id": "baseline", "model_type": "Automated approximate 2D flood-routing prototype", "validated_hydraulic_output": false}, "geometry": {"type": "Polygon", "coordinates": [[[75.1313942038, 18.0880604091], [75.1313942038, 18.087504853099997], [75.1319497598, 18.087504853099997], [75.1319497598, 18.0872270751], [75.13222753779999, 18.0872270751], [75.13222753779999, 18.087504853099997], [75.13250531579999, 18.087504853099997], [75.13250531579999, 18.087782631099998], [75.1316719818, 18.087782631099998], [75.1316719818, 18.0880604091], [75.1313942038, 18.0880604091]]]}}, {"type": "Feature", "properties": {"time_min": 60, "depth_min_m": 3.0, "depth_max_m": 6.0, "depth_class": "3.0\u20136.0 m", "class_area_km2": 1.090221098828343, "flooded_area_km2": 6.592769144818747, "frame_max_depth_m": 132.33808102972478, "class_mean_depth_m": 4.5118216219365825, "scenario_id": "baseline", "model_type": "Automated approximate 2D flood-routing prototype", "validated_hydraulic_output": false}, "geometry": {"type": "Polygon", "coordinates": [[[75.1466719938, 18.0872270751], [75.1466719938, 18.0869492971], [75.1469497718, 18.0869492971], [75.1469497718, 18.0872270751], [75.1466719938, 18.0872270751]]]}}, {"type": "Feature", "properties": {"time_min": 60, "depth_min_m": 3.0, "depth_max_m": 6.0, "depth_class": "3.0\u20136.0 m", "class_area_km2": 1.090221098828343, "flooded_area_km2": 6.592769144818747, "frame_max_depth_m": 132.33808102972478, "class_mean_depth_m": 4.5118216219365825, "scenario_id": "baseline", "model_type": "Automated approximate 2D flood-routing prototype", "validated_hydraulic_output": false}, "geometry": {"type": "Polygon", "coordinates": [[[75.14750532779999, 18.0872270751], [75.14750532779999, 18.0869492971], [75.14778310579999, 18.0869492971], [75.14778310579999, 18.0872270751], [75.14750532779999, 18.0872270751]]]}}, {"type": "Feature", "properties": {"time_min": 60, "depth_min_m": 3.0, "depth_max_m": 6.0, "depth_class": "3.0\u20136.0 m", "class_area_km2": 1.090221098828343, "flooded_area_km2": 6.592769144818747, "frame_max_depth_m": 132.33808102972478, "class_mean_depth_m": 4.5118216219365825, "scenario_id": "baseline", "model_type": "Automated approximate 2D flood-routing prototype", "validated_hydraulic_output": false}, "geometry": {"type": "Polygon", "coordinates": [[[75.15028310779999, 18.0872270751], [75.15028310779999, 18.0869492971], [75.15083866379999, 18.0869492971], [75.15083866379999, 18.0872270751], [75.15028310779999, 18.0872270751]]]}}, {"type": "Feature", "properties": {"time_min": 60, "depth_min_m": 3.0, "depth_max_m": 6.0, "depth_class": "3.0\u20136.0 m", "class_area_km2": 1.090221098828343, "flooded_area_km2": 6.592769144818747, "frame_max_depth_m": 132.33808102972478, "class_mean_depth_m": 4.5118216219365825, "scenario_id": "baseline", "model_type": "Automated approximate 2D flood-routing prototype", "validated_hydraulic_output": false}, "geometry": {"type": "Polygon", "coordinates": [[[75.1511164418, 18.0872270751], [75.1511164418, 18.0869492971], [75.1513942198, 18.0869492971], [75.1513942198, 18.0872270751], [75.1511164418, 18.0872270751]]]}}, {"type": "Feature", "properties": {"time_min": 60, "depth_min_m": 3.0, "depth_max_m": 6.0, "depth_class": "3.0\u20136.0 m", "class_area_km2": 1.090221098828343, "flooded_area_km2": 6.592769144818747, "frame_max_depth_m": 132.33808102972478, "class_mean_depth_m": 4.5118216219365825, "scenario_id": "baseline", "model_type": "Automated approximate 2D flood-routing prototype", "validated_hydraulic_output": false}, "geometry": {"type": "Polygon", "coordinates": [[[75.13222753779999, 18.0869492971], [75.13222753779999, 18.086671519099998], [75.13250531579999, 18.086671519099998], [75.13250531579999, 18.0869492971], [75.13222753779999, 18.0869492971]]]}}, {"type": "Feature", "properties": {"time_min": 60, "depth_min_m": 3.0, "depth_max_m": 6.0, "depth_class": "3.0\u20136.0 m", "class_area_km2": 1.090221098828343, "flooded_area_km2": 6.592769144818747, "frame_max_depth_m": 132.33808102972478, "class_mean_depth_m": 4.5118216219365825, "scenario_id": "baseline", "model_type": "Automated approximate 2D flood-routing prototype", "validated_hydraulic_output": false}, "geometry": {"type": "Polygon", "coordinates": [[[75.13389420579999, 18.0869492971], [75.13389420579999, 18.086671519099998], [75.13417198379999, 18.086671519099998], [75.13417198379999, 18.0869492971], [75.13389420579999, 18.0869492971]]]}}, {"type": "Feature", "properties": {"time_min": 60, "depth_min_m": 3.0, "depth_max_m": 6.0, "depth_class": "3.0\u20136.0 m", "class_area_km2": 1.090221098828343, "flooded_area_km2": 6.592769144818747, "frame_max_depth_m": 132.33808102972478, "class_mean_depth_m": 4.5118216219365825, "scenario_id": "baseline", "model_type": "Automated approximate 2D flood-routing prototype", "validated_hydraulic_output": false}, "geometry": {"type": "Polygon", "coordinates": [[[75.1483386618, 18.0869492971], [75.1483386618, 18.086671519099998], [75.1486164398, 18.086671519099998], [75.1486164398, 18.0869492971], [75.1483386618, 18.0869492971]]]}}, {"type": "Feature", "properties": {"time_min": 60, "depth_min_m": 3.0, "depth_max_m": 6.0, "depth_class": "3.0\u20136.0 m", "class_area_km2": 1.090221098828343, "flooded_area_km2": 6.592769144818747, "frame_max_depth_m": 132.33808102972478, "class_mean_depth_m": 4.5118216219365825, "scenario_id": "baseline", "model_type": "Automated approximate 2D flood-routing prototype", "validated_hydraulic_output": false}, "geometry": {"type": "Polygon", "coordinates": [[[75.1330608718, 18.0872270751], [75.1330608718, 18.0869492971], [75.1327830938, 18.0869492971], [75.1327830938, 18.086671519099998], [75.13250531579999, 18.086671519099998], [75.13250531579999, 18.086393741099997], [75.1333386498, 18.086393741099997], [75.1333386498, 18.086671519099998], [75.13361642779999, 18.086671519099998], [75.13361642779999, 18.0869492971], [75.1333386498, 18.0869492971], [75.1333386498, 18.0872270751], [75.1330608718, 18.0872270751]]]}}, {"type": "Feature", "properties": {"time_min": 60, "depth_min_m": 3.0, "depth_max_m": 6.0, "depth_class": "3.0\u20136.0 m", "class_area_km2": 1.090221098828343, "flooded_area_km2": 6.592769144818747, "frame_max_depth_m": 132.33808102972478, "class_mean_depth_m": 4.5118216219365825, "scenario_id": "baseline", "model_type": "Automated approximate 2D flood-routing prototype", "validated_hydraulic_output": false}, "geometry": {"type": "Polygon", "coordinates": [[[75.1469497718, 18.086671519099998], [75.1469497718, 18.086393741099997], [75.1472275498, 18.086393741099997], [75.1472275498, 18.086671519099998], [75.1469497718, 18.086671519099998]]]}}, {"type": "Feature", "properties": {"time_min": 60, "depth_min_m": 3.0, "depth_max_m": 6.0, "depth_class": "3.0\u20136.0 m", "class_area_km2": 1.090221098828343, "flooded_area_km2": 6.592769144818747, "frame_max_depth_m": 132.33808102972478, "class_mean_depth_m": 4.5118216219365825, "scenario_id": "baseline", "model_type": "Automated approximate 2D flood-routing prototype", "validated_hydraulic_output": false}, "geometry": {"type": "Polygon", "coordinates": [[[75.1480608838, 18.086671519099998], [75.1480608838, 18.086393741099997], [75.1483386618, 18.086393741099997], [75.1483386618, 18.086671519099998], [75.1480608838, 18.086671519099998]]]}}, {"type": "Feature", "properties": {"time_min": 60, "depth_min_m": 3.0, "depth_max_m": 6.0, "depth_class": "3.0\u20136.0 m", "class_area_km2": 1.090221098828343, "flooded_area_km2": 6.592769144818747, "frame_max_depth_m": 132.33808102972478, "class_mean_depth_m": 4.5118216219365825, "scenario_id": "baseline", "model_type": "Automated approximate 2D flood-routing prototype", "validated_hydraulic_output": false}, "geometry": {"type": "Polygon", "coordinates": [[[75.1472275498, 18.086393741099997], [75.1472275498, 18.0861159631], [75.14750532779999, 18.0861159631], [75.14750532779999, 18.086393741099997], [75.1472275498, 18.086393741099997]]]}}, {"type": "Feature", "properties": {"time_min": 60, "depth_min_m": 3.0, "depth_max_m": 6.0, "depth_class": "3.0\u20136.0 m", "class_area_km2": 1.090221098828343, "flooded_area_km2": 6.592769144818747, "frame_max_depth_m": 132.33808102972478, "class_mean_depth_m": 4.5118216219365825, "scenario_id": "baseline", "model_type": "Automated approximate 2D flood-routing prototype", "validated_hydraulic_output": false}, "geometry": {"type": "Polygon", "coordinates": [[[75.14611643779999, 18.086393741099997], [75.14611643779999, 18.0858381851], [75.1469497718, 18.0858381851], [75.1469497718, 18.0861159631], [75.1466719938, 18.0861159631], [75.1466719938, 18.086393741099997], [75.14611643779999, 18.086393741099997]]]}}, {"type": "Feature", "properties": {"time_min": 60, "depth_min_m": 3.0, "depth_max_m": 6.0, "depth_class": "3.0\u20136.0 m", "class_area_km2": 1.090221098828343, "flooded_area_km2": 6.592769144818747, "frame_max_depth_m": 132.33808102972478, "class_mean_depth_m": 4.5118216219365825, "scenario_id": "baseline", "model_type": "Automated approximate 2D flood-routing prototype", "validated_hydraulic_output": false}, "geometry": {"type": "Polygon", "coordinates": [[[75.1347275398, 18.0861159631], [75.1347275398, 18.0858381851], [75.1350053178, 18.0858381851], [75.1350053178, 18.0861159631], [75.1347275398, 18.0861159631]]]}}, {"type": "Feature", "properties": {"time_min": 60, "depth_min_m": 3.0, "depth_max_m": 6.0, "depth_class": "3.0\u20136.0 m", "class_area_km2": 1.090221098828343, "flooded_area_km2": 6.592769144818747, "frame_max_depth_m": 132.33808102972478, "class_mean_depth_m": 4.5118216219365825, "scenario_id": "baseline", "model_type": "Automated approximate 2D flood-routing prototype", "validated_hydraulic_output": false}, "geometry": {"type": "Polygon", "coordinates": [[[75.1455608818, 18.0861159631], [75.1455608818, 18.0858381851], [75.14583865979999, 18.0858381851], [75.14583865979999, 18.0861159631], [75.1455608818, 18.0861159631]]]}}, {"type": "Feature", "properties": {"time_min": 60, "depth_min_m": 3.0, "depth_max_m": 6.0, "depth_class": "3.0\u20136.0 m", "class_area_km2": 1.090221098828343, "flooded_area_km2": 6.592769144818747, "frame_max_depth_m": 132.33808102972478, "class_mean_depth_m": 4.5118216219365825, "scenario_id": "baseline", "model_type": "Automated approximate 2D flood-routing prototype", "validated_hydraulic_output": false}, "geometry": {"type": "Polygon", "coordinates": [[[75.1330608718, 18.0861159631], [75.1330608718, 18.0858381851], [75.1327830938, 18.0858381851], [75.1327830938, 18.085560407099997], [75.1330608718, 18.085560407099997], [75.1330608718, 18.085282629099996], [75.1333386498, 18.085282629099996], [75.1333386498, 18.0861159631], [75.1330608718, 18.0861159631]]]}}, {"type": "Feature", "properties": {"time_min": 60, "depth_min_m": 3.0, "depth_max_m": 6.0, "depth_class": "3.0\u20136.0 m", "class_area_km2": 1.090221098828343, "flooded_area_km2": 6.592769144818747, "frame_max_depth_m": 132.33808102972478, "class_mean_depth_m": 4.5118216219365825, "scenario_id": "baseline", "model_type": "Automated approximate 2D flood-routing prototype", "validated_hydraulic_output": false}, "geometry": {"type": "Polygon", "coordinates": [[[75.1405608778, 18.085560407099997], [75.1405608778, 18.085282629099996], [75.1408386558, 18.085282629099996], [75.1408386558, 18.085560407099997], [75.1405608778, 18.085560407099997]]]}}, {"type": "Feature", "properties": {"time_min": 60, "depth_min_m": 3.0, "depth_max_m": 6.0, "depth_class": "3.0\u20136.0 m", "class_area_km2": 1.090221098828343, "flooded_area_km2": 6.592769144818747, "frame_max_depth_m": 132.33808102972478, "class_mean_depth_m": 4.5118216219365825, "scenario_id": "baseline", "model_type": "Automated approximate 2D flood-routing prototype", "validated_hydraulic_output": false}, "geometry": {"type": "Polygon", "coordinates": [[[75.1344497618, 18.085282629099996], [75.1344497618, 18.0850048511], [75.1347275398, 18.0850048511], [75.1347275398, 18.085282629099996], [75.1344497618, 18.085282629099996]]]}}, {"type": "Feature", "properties": {"time_min": 60, "depth_min_m": 3.0, "depth_max_m": 6.0, "depth_class": "3.0\u20136.0 m", "class_area_km2": 1.090221098828343, "flooded_area_km2": 6.592769144818747, "frame_max_depth_m": 132.33808102972478, "class_mean_depth_m": 4.5118216219365825, "scenario_id": "baseline", "model_type": "Automated approximate 2D flood-routing prototype", "validated_hydraulic_output": false}, "geometry": {"type": "Polygon", "coordinates": [[[75.13833865379999, 18.085282629099996], [75.13833865379999, 18.0850048511], [75.13861643179999, 18.0850048511], [75.13861643179999, 18.085282629099996], [75.13833865379999, 18.085282629099996]]]}}, {"type": "Feature", "properties": {"time_min": 60, "depth_min_m": 3.0, "depth_max_m": 6.0, "depth_class": "3.0\u20136.0 m", "class_area_km2": 1.090221098828343, "flooded_area_km2": 6.592769144818747, "frame_max_depth_m": 132.33808102972478, "class_mean_depth_m": 4.5118216219365825, "scenario_id": "baseline", "model_type": "Automated approximate 2D flood-routing prototype", "validated_hydraulic_output": false}, "geometry": {"type": "Polygon", "coordinates": [[[75.1388942098, 18.085282629099996], [75.1388942098, 18.0850048511], [75.1391719878, 18.0850048511], [75.1391719878, 18.085282629099996], [75.1388942098, 18.085282629099996]]]}}, {"type": "Feature", "properties": {"time_min": 60, "depth_min_m": 3.0, "depth_max_m": 6.0, "depth_class": "3.0\u20136.0 m", "class_area_km2": 1.090221098828343, "flooded_area_km2": 6.592769144818747, "frame_max_depth_m": 132.33808102972478, "class_mean_depth_m": 4.5118216219365825, "scenario_id": "baseline", "model_type": "Automated approximate 2D flood-routing prototype", "validated_hydraulic_output": false}, "geometry": {"type": "Polygon", "coordinates": [[[75.14000532179999, 18.085282629099996], [75.14000532179999, 18.0850048511], [75.1402830998, 18.0850048511], [75.1402830998, 18.085282629099996], [75.14000532179999, 18.085282629099996]]]}}, {"type": "Feature", "properties": {"time_min": 60, "depth_min_m": 3.0, "depth_max_m": 6.0, "depth_class": "3.0\u20136.0 m", "class_area_km2": 1.090221098828343, "flooded_area_km2": 6.592769144818747, "frame_max_depth_m": 132.33808102972478, "class_mean_depth_m": 4.5118216219365825, "scenario_id": "baseline", "model_type": "Automated approximate 2D flood-routing prototype", "validated_hydraulic_output": false}, "geometry": {"type": "Polygon", "coordinates": [[[75.1394497658, 18.0850048511], [75.1394497658, 18.084727073099998], [75.13972754379999, 18.084727073099998], [75.13972754379999, 18.0850048511], [75.1394497658, 18.0850048511]]]}}, {"type": "Feature", "properties": {"time_min": 60, "depth_min_m": 3.0, "depth_max_m": 6.0, "depth_class": "3.0\u20136.0 m", "class_area_km2": 1.090221098828343, "flooded_area_km2": 6.592769144818747, "frame_max_depth_m": 132.33808102972478, "class_mean_depth_m": 4.5118216219365825, "scenario_id": "baseline", "model_type": "Automated approximate 2D flood-routing prototype", "validated_hydraulic_output": false}, "geometry": {"type": "Polygon", "coordinates": [[[75.13833865379999, 18.084727073099998], [75.13833865379999, 18.084449295099997], [75.13861643179999, 18.084449295099997], [75.13861643179999, 18.084727073099998], [75.13833865379999, 18.084727073099998]]]}}, {"type": "Feature", "properties": {"time_min": 60, "depth_min_m": 3.0, "depth_max_m": 6.0, "depth_class": "3.0\u20136.0 m", "class_area_km2": 1.090221098828343, "flooded_area_km2": 6.592769144818747, "frame_max_depth_m": 132.33808102972478, "class_mean_depth_m": 4.5118216219365825, "scenario_id": "baseline", "model_type": "Automated approximate 2D flood-routing prototype", "validated_hydraulic_output": false}, "geometry": {"type": "Polygon", "coordinates": [[[75.1438942138, 18.084727073099998], [75.1438942138, 18.084449295099997], [75.1441719918, 18.084449295099997], [75.1441719918, 18.084727073099998], [75.1438942138, 18.084727073099998]]]}}, {"type": "Feature", "properties": {"time_min": 60, "depth_min_m": 3.0, "depth_max_m": 6.0, "depth_class": "3.0\u20136.0 m", "class_area_km2": 1.090221098828343, "flooded_area_km2": 6.592769144818747, "frame_max_depth_m": 132.33808102972478, "class_mean_depth_m": 4.5118216219365825, "scenario_id": "baseline", "model_type": "Automated approximate 2D flood-routing prototype", "validated_hydraulic_output": false}, "geometry": {"type": "Polygon", "coordinates": [[[75.1450053258, 18.084727073099998], [75.1450053258, 18.084449295099997], [75.1452831038, 18.084449295099997], [75.1452831038, 18.084727073099998], [75.1450053258, 18.084727073099998]]]}}, {"type": "Feature", "properties": {"time_min": 60, "depth_min_m": 3.0, "depth_max_m": 6.0, "depth_class": "3.0\u20136.0 m", "class_area_km2": 1.090221098828343, "flooded_area_km2": 6.592769144818747, "frame_max_depth_m": 132.33808102972478, "class_mean_depth_m": 4.5118216219365825, "scenario_id": "baseline", "model_type": "Automated approximate 2D flood-routing prototype", "validated_hydraulic_output": false}, "geometry": {"type": "Polygon", "coordinates": [[[75.13389420579999, 18.084727073099998], [75.13389420579999, 18.0841715171], [75.13417198379999, 18.0841715171], [75.13417198379999, 18.084727073099998], [75.13389420579999, 18.084727073099998]]]}}, {"type": "Feature", "properties": {"time_min": 60, "depth_min_m": 3.0, "depth_max_m": 6.0, "depth_class": "3.0\u20136.0 m", "class_area_km2": 1.090221098828343, "flooded_area_km2": 6.592769144818747, "frame_max_depth_m": 132.33808102972478, "class_mean_depth_m": 4.5118216219365825, "scenario_id": "baseline", "model_type": "Automated approximate 2D flood-routing prototype", "validated_hydraulic_output": false}, "geometry": {"type": "Polygon", "coordinates": [[[75.1405608778, 18.084727073099998], [75.1405608778, 18.0841715171], [75.1408386558, 18.0841715171], [75.1408386558, 18.084449295099997], [75.1411164338, 18.084449295099997], [75.1411164338, 18.0841715171], [75.14139421179999, 18.0841715171], [75.14139421179999, 18.084727073099998], [75.1405608778, 18.084727073099998]]]}}, {"type": "Feature", "properties": {"time_min": 60, "depth_min_m": 3.0, "depth_max_m": 6.0, "depth_class": "3.0\u20136.0 m", "class_area_km2": 1.090221098828343, "flooded_area_km2": 6.592769144818747, "frame_max_depth_m": 132.33808102972478, "class_mean_depth_m": 4.5118216219365825, "scenario_id": "baseline", "model_type": "Automated approximate 2D flood-routing prototype", "validated_hydraulic_output": false}, "geometry": {"type": "Polygon", "coordinates": [[[75.1350053178, 18.084449295099997], [75.1350053178, 18.0841715171], [75.13528309579999, 18.0841715171], [75.13528309579999, 18.084449295099997], [75.1350053178, 18.084449295099997]]]}}, {"type": "Feature", "properties": {"time_min": 60, "depth_min_m": 3.0, "depth_max_m": 6.0, "depth_class": "3.0\u20136.0 m", "class_area_km2": 1.090221098828343, "flooded_area_km2": 6.592769144818747, "frame_max_depth_m": 132.33808102972478, "class_mean_depth_m": 4.5118216219365825, "scenario_id": "baseline", "model_type": "Automated approximate 2D flood-routing prototype", "validated_hydraulic_output": false}, "geometry": {"type": "Polygon", "coordinates": [[[75.13694976379999, 18.084449295099997], [75.13694976379999, 18.0841715171], [75.1372275418, 18.0841715171], [75.1372275418, 18.084449295099997], [75.13694976379999, 18.084449295099997]]]}}, {"type": "Feature", "properties": {"time_min": 60, "depth_min_m": 3.0, "depth_max_m": 6.0, "depth_class": "3.0\u20136.0 m", "class_area_km2": 1.090221098828343, "flooded_area_km2": 6.592769144818747, "frame_max_depth_m": 132.33808102972478, "class_mean_depth_m": 4.5118216219365825, "scenario_id": "baseline", "model_type": "Automated approximate 2D flood-routing prototype", "validated_hydraulic_output": false}, "geometry": {"type": "Polygon", "coordinates": [[[75.14306087979999, 18.084449295099997], [75.14306087979999, 18.0841715171], [75.1433386578, 18.0841715171], [75.1433386578, 18.084449295099997], [75.14306087979999, 18.084449295099997]]]}}, {"type": "Feature", "properties": {"time_min": 60, "depth_min_m": 3.0, "depth_max_m": 6.0, "depth_class": "3.0\u20136.0 m", "class_area_km2": 1.090221098828343, "flooded_area_km2": 6.592769144818747, "frame_max_depth_m": 132.33808102972478, "class_mean_depth_m": 4.5118216219365825, "scenario_id": "baseline", "model_type": "Automated approximate 2D flood-routing prototype", "validated_hydraulic_output": false}, "geometry": {"type": "Polygon", "coordinates": [[[75.1347275398, 18.0841715171], [75.1347275398, 18.0838937391], [75.1350053178, 18.0838937391], [75.1350053178, 18.0841715171], [75.1347275398, 18.0841715171]]]}}, {"type": "Feature", "properties": {"time_min": 60, "depth_min_m": 3.0, "depth_max_m": 6.0, "depth_class": "3.0\u20136.0 m", "class_area_km2": 1.090221098828343, "flooded_area_km2": 6.592769144818747, "frame_max_depth_m": 132.33808102972478, "class_mean_depth_m": 4.5118216219365825, "scenario_id": "baseline", "model_type": "Automated approximate 2D flood-routing prototype", "validated_hydraulic_output": false}, "geometry": {"type": "Polygon", "coordinates": [[[75.1375053198, 18.0841715171], [75.1375053198, 18.0838937391], [75.1380608758, 18.0838937391], [75.1380608758, 18.0841715171], [75.1375053198, 18.0841715171]]]}}, {"type": "Feature", "properties": {"time_min": 60, "depth_min_m": 3.0, "depth_max_m": 6.0, "depth_class": "3.0\u20136.0 m", "class_area_km2": 1.090221098828343, "flooded_area_km2": 6.592769144818747, "frame_max_depth_m": 132.33808102972478, "class_mean_depth_m": 4.5118216219365825, "scenario_id": "baseline", "model_type": "Automated approximate 2D flood-routing prototype", "validated_hydraulic_output": false}, "geometry": {"type": "Polygon", "coordinates": [[[75.1422275458, 18.0838937391], [75.1422275458, 18.083615961099998], [75.14278310179999, 18.083615961099998], [75.14278310179999, 18.0838937391], [75.1422275458, 18.0838937391]]]}}, {"type": "Feature", "properties": {"time_min": 60, "depth_min_m": 3.0, "depth_max_m": 6.0, "depth_class": "3.0\u20136.0 m", "class_area_km2": 1.090221098828343, "flooded_area_km2": 6.592769144818747, "frame_max_depth_m": 132.33808102972478, "class_mean_depth_m": 4.5118216219365825, "scenario_id": "baseline", "model_type": "Automated approximate 2D flood-routing prototype", "validated_hydraulic_output": false}, "geometry": {"type": "Polygon", "coordinates": [[[75.1438942138, 18.0838937391], [75.1438942138, 18.083615961099998], [75.14444976979999, 18.083615961099998], [75.14444976979999, 18.0838937391], [75.1438942138, 18.0838937391]]]}}, {"type": "Feature", "properties": {"time_min": 60, "depth_min_m": 3.0, "depth_max_m": 6.0, "depth_class": "3.0\u20136.0 m", "class_area_km2": 1.090221098828343, "flooded_area_km2": 6.592769144818747, "frame_max_depth_m": 132.33808102972478, "class_mean_depth_m": 4.5118216219365825, "scenario_id": "baseline", "model_type": "Automated approximate 2D flood-routing prototype", "validated_hydraulic_output": false}, "geometry": {"type": "Polygon", "coordinates": [[[75.1347275398, 18.083615961099998], [75.1347275398, 18.083338183099997], [75.1350053178, 18.083338183099997], [75.1350053178, 18.083615961099998], [75.1347275398, 18.083615961099998]]]}}, {"type": "Feature", "properties": {"time_min": 60, "depth_min_m": 3.0, "depth_max_m": 6.0, "depth_class": "3.0\u20136.0 m", "class_area_km2": 1.090221098828343, "flooded_area_km2": 6.592769144818747, "frame_max_depth_m": 132.33808102972478, "class_mean_depth_m": 4.5118216219365825, "scenario_id": "baseline", "model_type": "Automated approximate 2D flood-routing prototype", "validated_hydraulic_output": false}, "geometry": {"type": "Polygon", "coordinates": [[[75.14278310179999, 18.083615961099998], [75.14278310179999, 18.083338183099997], [75.14306087979999, 18.083338183099997], [75.14306087979999, 18.083615961099998], [75.14278310179999, 18.083615961099998]]]}}, {"type": "Feature", "properties": {"time_min": 60, "depth_min_m": 3.0, "depth_max_m": 6.0, "depth_class": "3.0\u20136.0 m", "class_area_km2": 1.090221098828343, "flooded_area_km2": 6.592769144818747, "frame_max_depth_m": 132.33808102972478, "class_mean_depth_m": 4.5118216219365825, "scenario_id": "baseline", "model_type": "Automated approximate 2D flood-routing prototype", "validated_hydraulic_output": false}, "geometry": {"type": "Polygon", "coordinates": [[[75.1350053178, 18.083338183099997], [75.1350053178, 18.0830604051], [75.13556087379999, 18.0830604051], [75.13556087379999, 18.083338183099997], [75.1350053178, 18.083338183099997]]]}}, {"type": "Feature", "properties": {"time_min": 60, "depth_min_m": 3.0, "depth_max_m": 6.0, "depth_class": "3.0\u20136.0 m", "class_area_km2": 1.090221098828343, "flooded_area_km2": 6.592769144818747, "frame_max_depth_m": 132.33808102972478, "class_mean_depth_m": 4.5118216219365825, "scenario_id": "baseline", "model_type": "Automated approximate 2D flood-routing prototype", "validated_hydraulic_output": false}, "geometry": {"type": "Polygon", "coordinates": [[[75.13556087379999, 18.0830604051], [75.13556087379999, 18.0827826271], [75.1358386518, 18.0827826271], [75.1358386518, 18.0830604051], [75.13556087379999, 18.0830604051]]]}}, {"type": "Feature", "properties": {"time_min": 60, "depth_min_m": 3.0, "depth_max_m": 6.0, "depth_class": "3.0\u20136.0 m", "class_area_km2": 1.090221098828343, "flooded_area_km2": 6.592769144818747, "frame_max_depth_m": 132.33808102972478, "class_mean_depth_m": 4.5118216219365825, "scenario_id": "baseline", "model_type": "Automated approximate 2D flood-routing prototype", "validated_hydraulic_output": false}, "geometry": {"type": "Polygon", "coordinates": [[[75.1347275398, 18.0827826271], [75.1347275398, 18.082504849099998], [75.1350053178, 18.082504849099998], [75.1350053178, 18.0827826271], [75.1347275398, 18.0827826271]]]}}, {"type": "Feature", "properties": {"time_min": 60, "depth_min_m": 3.0, "depth_max_m": 6.0, "depth_class": "3.0\u20136.0 m", "class_area_km2": 1.090221098828343, "flooded_area_km2": 6.592769144818747, "frame_max_depth_m": 132.33808102972478, "class_mean_depth_m": 4.5118216219365825, "scenario_id": "baseline", "model_type": "Automated approximate 2D flood-routing prototype", "validated_hydraulic_output": false}, "geometry": {"type": "Polygon", "coordinates": [[[75.1358386518, 18.082504849099998], [75.1358386518, 18.082227071099997], [75.13556087379999, 18.082227071099997], [75.13556087379999, 18.0819492931], [75.1361164298, 18.0819492931], [75.1361164298, 18.082504849099998], [75.1358386518, 18.082504849099998]]]}}, {"type": "Feature", "properties": {"time_min": 60, "depth_min_m": 3.0, "depth_max_m": 6.0, "depth_class": "3.0\u20136.0 m", "class_area_km2": 1.090221098828343, "flooded_area_km2": 6.592769144818747, "frame_max_depth_m": 132.33808102972478, "class_mean_depth_m": 4.5118216219365825, "scenario_id": "baseline", "model_type": "Automated approximate 2D flood-routing prototype", "validated_hydraulic_output": false}, "geometry": {"type": "Polygon", "coordinates": [[[75.13417198379999, 18.082504849099998], [75.13417198379999, 18.081393737099997], [75.1344497618, 18.081393737099997], [75.1344497618, 18.0816715151], [75.13556087379999, 18.0816715151], [75.13556087379999, 18.0819492931], [75.1344497618, 18.0819492931], [75.1344497618, 18.082504849099998], [75.13417198379999, 18.082504849099998]]]}}, {"type": "Feature", "properties": {"time_min": 60, "depth_min_m": 3.0, "depth_max_m": 6.0, "depth_class": "3.0\u20136.0 m", "class_area_km2": 1.090221098828343, "flooded_area_km2": 6.592769144818747, "frame_max_depth_m": 132.33808102972478, "class_mean_depth_m": 4.5118216219365825, "scenario_id": "baseline", "model_type": "Automated approximate 2D flood-routing prototype", "validated_hydraulic_output": false}, "geometry": {"type": "Polygon", "coordinates": [[[75.1361164298, 18.081393737099997], [75.1361164298, 18.081115959099996], [75.1363942078, 18.081115959099996], [75.1363942078, 18.081393737099997], [75.1361164298, 18.081393737099997]]]}}, {"type": "Feature", "properties": {"time_min": 60, "depth_min_m": 3.0, "depth_max_m": 6.0, "depth_class": "3.0\u20136.0 m", "class_area_km2": 1.090221098828343, "flooded_area_km2": 6.592769144818747, "frame_max_depth_m": 132.33808102972478, "class_mean_depth_m": 4.5118216219365825, "scenario_id": "baseline", "model_type": "Automated approximate 2D flood-routing prototype", "validated_hydraulic_output": false}, "geometry": {"type": "Polygon", "coordinates": [[[75.1327830938, 18.0808381811], [75.1327830938, 18.080560403099998], [75.1330608718, 18.080560403099998], [75.1330608718, 18.0808381811], [75.1327830938, 18.0808381811]]]}}, {"type": "Feature", "properties": {"time_min": 60, "depth_min_m": 3.0, "depth_max_m": 6.0, "depth_class": "3.0\u20136.0 m", "class_area_km2": 1.090221098828343, "flooded_area_km2": 6.592769144818747, "frame_max_depth_m": 132.33808102972478, "class_mean_depth_m": 4.5118216219365825, "scenario_id": "baseline", "model_type": "Automated approximate 2D flood-routing prototype", "validated_hydraulic_output": false}, "geometry": {"type": "Polygon", "coordinates": [[[75.1347275398, 18.0808381811], [75.1347275398, 18.080560403099998], [75.1350053178, 18.080560403099998], [75.1350053178, 18.0808381811], [75.1347275398, 18.0808381811]]]}}, {"type": "Feature", "properties": {"time_min": 60, "depth_min_m": 3.0, "depth_max_m": 6.0, "depth_class": "3.0\u20136.0 m", "class_area_km2": 1.090221098828343, "flooded_area_km2": 6.592769144818747, "frame_max_depth_m": 132.33808102972478, "class_mean_depth_m": 4.5118216219365825, "scenario_id": "baseline", "model_type": "Automated approximate 2D flood-routing prototype", "validated_hydraulic_output": false}, "geometry": {"type": "Polygon", "coordinates": [[[75.1361164298, 18.0808381811], [75.1361164298, 18.080560403099998], [75.1363942078, 18.080560403099998], [75.1363942078, 18.0808381811], [75.1361164298, 18.0808381811]]]}}, {"type": "Feature", "properties": {"time_min": 60, "depth_min_m": 3.0, "depth_max_m": 6.0, "depth_class": "3.0\u20136.0 m", "class_area_km2": 1.090221098828343, "flooded_area_km2": 6.592769144818747, "frame_max_depth_m": 132.33808102972478, "class_mean_depth_m": 4.5118216219365825, "scenario_id": "baseline", "model_type": "Automated approximate 2D flood-routing prototype", "validated_hydraulic_output": false}, "geometry": {"type": "Polygon", "coordinates": [[[75.13222753779999, 18.0808381811], [75.13222753779999, 18.080282625099997], [75.13250531579999, 18.080282625099997], [75.13250531579999, 18.0808381811], [75.13222753779999, 18.0808381811]]]}}, {"type": "Feature", "properties": {"time_min": 60, "depth_min_m": 3.0, "depth_max_m": 6.0, "depth_class": "3.0\u20136.0 m", "class_area_km2": 1.090221098828343, "flooded_area_km2": 6.592769144818747, "frame_max_depth_m": 132.33808102972478, "class_mean_depth_m": 4.5118216219365825, "scenario_id": "baseline", "model_type": "Automated approximate 2D flood-routing prototype", "validated_hydraulic_output": false}, "geometry": {"type": "Polygon", "coordinates": [[[75.1327830938, 18.080282625099997], [75.1327830938, 18.0800048471], [75.1330608718, 18.0800048471], [75.1330608718, 18.080282625099997], [75.1327830938, 18.080282625099997]]]}}, {"type": "Feature", "properties": {"time_min": 60, "depth_min_m": 3.0, "depth_max_m": 6.0, "depth_class": "3.0\u20136.0 m", "class_area_km2": 1.090221098828343, "flooded_area_km2": 6.592769144818747, "frame_max_depth_m": 132.33808102972478, "class_mean_depth_m": 4.5118216219365825, "scenario_id": "baseline", "model_type": "Automated approximate 2D flood-routing prototype", "validated_hydraulic_output": false}, "geometry": {"type": "Polygon", "coordinates": [[[75.13083864779999, 18.0766715111], [75.13083864779999, 18.076393733099998], [75.13111642579999, 18.076393733099998], [75.13111642579999, 18.0766715111], [75.13083864779999, 18.0766715111]]]}}, {"type": "Feature", "properties": {"time_min": 60, "depth_min_m": 3.0, "depth_max_m": 6.0, "depth_class": "3.0\u20136.0 m", "class_area_km2": 1.090221098828343, "flooded_area_km2": 6.592769144818747, "frame_max_depth_m": 132.33808102972478, "class_mean_depth_m": 4.5118216219365825, "scenario_id": "baseline", "model_type": "Automated approximate 2D flood-routing prototype", "validated_hydraulic_output": false}, "geometry": {"type": "Polygon", "coordinates": [[[75.13250531579999, 18.0766715111], [75.13250531579999, 18.076393733099998], [75.1330608718, 18.076393733099998], [75.1330608718, 18.0766715111], [75.13250531579999, 18.0766715111]]]}}, {"type": "Feature", "properties": {"time_min": 60, "depth_min_m": 3.0, "depth_max_m": 6.0, "depth_class": "3.0\u20136.0 m", "class_area_km2": 1.090221098828343, "flooded_area_km2": 6.592769144818747, "frame_max_depth_m": 132.33808102972478, "class_mean_depth_m": 4.5118216219365825, "scenario_id": "baseline", "model_type": "Automated approximate 2D flood-routing prototype", "validated_hydraulic_output": false}, "geometry": {"type": "Polygon", "coordinates": [[[75.1313942038, 18.076393733099998], [75.1313942038, 18.076115955099997], [75.1319497598, 18.076115955099997], [75.1319497598, 18.076393733099998], [75.1313942038, 18.076393733099998]]]}}, {"type": "Feature", "properties": {"time_min": 60, "depth_min_m": 3.0, "depth_max_m": 6.0, "depth_class": "3.0\u20136.0 m", "class_area_km2": 1.090221098828343, "flooded_area_km2": 6.592769144818747, "frame_max_depth_m": 132.33808102972478, "class_mean_depth_m": 4.5118216219365825, "scenario_id": "baseline", "model_type": "Automated approximate 2D flood-routing prototype", "validated_hydraulic_output": false}, "geometry": {"type": "Polygon", "coordinates": [[[75.13083864779999, 18.0758381771], [75.13083864779999, 18.0755603991], [75.13111642579999, 18.0755603991], [75.13111642579999, 18.0758381771], [75.13083864779999, 18.0758381771]]]}}, {"type": "Feature", "properties": {"time_min": 60, "depth_min_m": 3.0, "depth_max_m": 6.0, "depth_class": "3.0\u20136.0 m", "class_area_km2": 1.090221098828343, "flooded_area_km2": 6.592769144818747, "frame_max_depth_m": 132.33808102972478, "class_mean_depth_m": 4.5118216219365825, "scenario_id": "baseline", "model_type": "Automated approximate 2D flood-routing prototype", "validated_hydraulic_output": false}, "geometry": {"type": "Polygon", "coordinates": [[[75.1302830918, 18.075282621099998], [75.1302830918, 18.075004843099997], [75.1305608698, 18.075004843099997], [75.1305608698, 18.075282621099998], [75.1302830918, 18.075282621099998]]]}}, {"type": "Feature", "properties": {"time_min": 60, "depth_min_m": 3.0, "depth_max_m": 6.0, "depth_class": "3.0\u20136.0 m", "class_area_km2": 1.090221098828343, "flooded_area_km2": 6.592769144818747, "frame_max_depth_m": 132.33808102972478, "class_mean_depth_m": 4.5118216219365825, "scenario_id": "baseline", "model_type": "Automated approximate 2D flood-routing prototype", "validated_hydraulic_output": false}, "geometry": {"type": "Polygon", "coordinates": [[[75.12000530579999, 18.0758381771], [75.12000530579999, 18.0755603991], [75.1197275278, 18.0755603991], [75.1197275278, 18.0747270651], [75.12000530579999, 18.0747270651], [75.12000530579999, 18.075004843099997], [75.12028308379999, 18.075004843099997], [75.12028308379999, 18.0758381771], [75.12000530579999, 18.0758381771]]]}}, {"type": "Feature", "properties": {"time_min": 60, "depth_min_m": 3.0, "depth_max_m": 6.0, "depth_class": "3.0\u20136.0 m", "class_area_km2": 1.090221098828343, "flooded_area_km2": 6.592769144818747, "frame_max_depth_m": 132.33808102972478, "class_mean_depth_m": 4.5118216219365825, "scenario_id": "baseline", "model_type": "Automated approximate 2D flood-routing prototype", "validated_hydraulic_output": false}, "geometry": {"type": "Polygon", "coordinates": [[[75.1194497498, 18.0747270651], [75.1194497498, 18.0744492871], [75.1197275278, 18.0744492871], [75.1197275278, 18.0747270651], [75.1194497498, 18.0747270651]]]}}, {"type": "Feature", "properties": {"time_min": 60, "depth_min_m": 3.0, "depth_max_m": 6.0, "depth_class": "3.0\u20136.0 m", "class_area_km2": 1.090221098828343, "flooded_area_km2": 6.592769144818747, "frame_max_depth_m": 132.33808102972478, "class_mean_depth_m": 4.5118216219365825, "scenario_id": "baseline", "model_type": "Automated approximate 2D flood-routing prototype", "validated_hydraulic_output": false}, "geometry": {"type": "Polygon", "coordinates": [[[75.0911163938, 18.074171509099997], [75.0911163938, 18.073893731099997], [75.0919497278, 18.073893731099997], [75.0919497278, 18.074171509099997], [75.0911163938, 18.074171509099997]]]}}, {"type": "Feature", "properties": {"time_min": 60, "depth_min_m": 3.0, "depth_max_m": 6.0, "depth_class": "3.0\u20136.0 m", "class_area_km2": 1.090221098828343, "flooded_area_km2": 6.592769144818747, "frame_max_depth_m": 132.33808102972478, "class_mean_depth_m": 4.5118216219365825, "scenario_id": "baseline", "model_type": "Automated approximate 2D flood-routing prototype", "validated_hydraulic_output": false}, "geometry": {"type": "Polygon", "coordinates": [[[75.11111640979999, 18.083615961099998], [75.11111640979999, 18.0827826271], [75.1108386318, 18.0827826271], [75.1108386318, 18.082504849099998], [75.1102830758, 18.082504849099998], [75.1102830758, 18.082227071099997], [75.1100052978, 18.082227071099997], [75.1100052978, 18.0819492931], [75.1102830758, 18.0819492931], [75.1102830758, 18.081393737099997], [75.1105608538, 18.081393737099997], [75.1105608538, 18.081115959099996], [75.1108386318, 18.081115959099996], [75.1108386318, 18.080560403099998], [75.1102830758, 18.080560403099998], [75.1102830758, 18.080282625099997], [75.1100052978, 18.080282625099997], [75.1100052978, 18.0797270691], [75.1102830758, 18.0797270691], [75.1102830758, 18.0786159571], [75.1100052978, 18.0786159571], [75.1100052978, 18.078338179099998], [75.10972751979999, 18.078338179099998], [75.10972751979999, 18.078060401099997], [75.10944974179999, 18.078060401099997], [75.10944974179999, 18.0777826231], [75.1091719638, 18.0777826231], [75.1091719638, 18.077504845099998], [75.10833862979999, 18.077504845099998], [75.10833862979999, 18.077227067099997], [75.10639418379999, 18.077227067099997], [75.10639418379999, 18.076949289099996], [75.1058386278, 18.076949289099996], [75.1058386278, 18.077227067099997], [75.10500529379999, 18.077227067099997], [75.10500529379999, 18.076949289099996], [75.1038941818, 18.076949289099996], [75.1038941818, 18.076393733099998], [75.1030608478, 18.076393733099998], [75.1030608478, 18.0758381771], [75.1027830698, 18.0758381771], [75.1027830698, 18.075282621099998], [75.10222751379999, 18.075282621099998], [75.10222751379999, 18.0755603991], [75.10194973579999, 18.0755603991], [75.10194973579999, 18.076115955099997], [75.1016719578, 18.076115955099997], [75.1016719578, 18.0766715111], [75.1013941798, 18.0766715111], [75.1013941798, 18.076949289099996], [75.1008386238, 18.076949289099996], [75.1008386238, 18.077227067099997], [75.10028306779999, 18.077227067099997], [75.10028306779999, 18.076949289099996], [75.1000052898, 18.076949289099996], [75.1000052898, 18.0766715111], [75.0997275118, 18.0766715111], [75.0997275118, 18.076393733099998], [75.0980608438, 18.076393733099998], [75.0980608438, 18.076115955099997], [75.0977830658, 18.076115955099997], [75.0977830658, 18.0758381771], [75.09750528779999, 18.0758381771], [75.09750528779999, 18.075282621099998], [75.0969497318, 18.075282621099998], [75.0969497318, 18.075004843099997], [75.0966719538, 18.075004843099997], [75.0966719538, 18.073893731099997], [75.0969497318, 18.073893731099997], [75.0969497318, 18.0736159531], [75.0997275118, 18.0736159531], [75.0997275118, 18.073893731099997], [75.1000052898, 18.073893731099997], [75.1000052898, 18.0755603991], [75.10056084579999, 18.0755603991], [75.10056084579999, 18.0758381771], [75.1011164018, 18.0758381771], [75.1011164018, 18.076115955099997], [75.1013941798, 18.076115955099997], [75.1013941798, 18.0755603991], [75.1008386238, 18.0755603991], [75.1008386238, 18.075282621099998], [75.1011164018, 18.075282621099998], [75.1011164018, 18.0747270651], [75.1016719578, 18.0747270651], [75.1016719578, 18.075004843099997], [75.10194973579999, 18.075004843099997], [75.10194973579999, 18.0747270651], [75.1027830698, 18.0747270651], [75.1027830698, 18.0744492871], [75.1030608478, 18.0744492871], [75.1030608478, 18.075004843099997], [75.10333862579999, 18.075004843099997], [75.10333862579999, 18.075282621099998], [75.10361640379999, 18.075282621099998], [75.10361640379999, 18.0755603991], [75.1047275158, 18.0755603991], [75.1047275158, 18.0758381771], [75.10528307179999, 18.0758381771], [75.10528307179999, 18.076115955099997], [75.1061164058, 18.076115955099997], [75.1061164058, 18.0758381771], [75.10639418379999, 18.0758381771], [75.10639418379999, 18.076115955099997], [75.1069497398, 18.076115955099997], [75.1069497398, 18.076393733099998], [75.1072275178, 18.076393733099998], [75.1072275178, 18.0766715111], [75.1086164078, 18.0766715111], [75.1086164078, 18.076949289099996], [75.1100052978, 18.076949289099996], [75.1100052978, 18.077227067099997], [75.1105608538, 18.077227067099997], [75.1105608538, 18.0777826231], [75.1108386318, 18.0777826231], [75.1108386318, 18.078338179099998], [75.11111640979999, 18.078338179099998], [75.11111640979999, 18.079171513099997], [75.11139418779999, 18.079171513099997], [75.11139418779999, 18.079449291099998], [75.1116719658, 18.079449291099998], [75.1116719658, 18.0797270691], [75.1119497438, 18.0797270691], [75.1119497438, 18.0800048471], [75.11278307779999, 18.0800048471], [75.11278307779999, 18.0797270691], [75.1133386338, 18.0797270691], [75.1133386338, 18.079171513099997], [75.1136164118, 18.079171513099997], [75.1136164118, 18.0786159571], [75.11389418979999, 18.0786159571], [75.11389418979999, 18.078338179099998], [75.1150053018, 18.078338179099998], [75.1150053018, 18.0786159571], [75.1163941918, 18.0786159571], [75.1163941918, 18.079171513099997], [75.11694974779999, 18.079171513099997], [75.11694974779999, 18.0788937351], [75.1177830818, 18.0788937351], [75.1177830818, 18.078338179099998], [75.1180608598, 18.078338179099998], [75.1180608598, 18.078060401099997], [75.11722752579999, 18.078060401099997], [75.11722752579999, 18.077504845099998], [75.1177830818, 18.077504845099998], [75.1177830818, 18.077227067099997], [75.11861641579999, 18.077227067099997], [75.11861641579999, 18.077504845099998], [75.1194497498, 18.077504845099998], [75.1194497498, 18.0777826231], [75.1197275278, 18.0777826231], [75.1197275278, 18.078060401099997], [75.12028308379999, 18.078060401099997], [75.12028308379999, 18.076115955099997], [75.1205608618, 18.076115955099997], [75.1205608618, 18.078338179099998], [75.12028308379999, 18.078338179099998], [75.12028308379999, 18.0786159571], [75.11861641579999, 18.0786159571], [75.11861641579999, 18.079171513099997], [75.1180608598, 18.079171513099997], [75.1180608598, 18.079449291099998], [75.1177830818, 18.079449291099998], [75.1177830818, 18.0797270691], [75.1175053038, 18.0797270691], [75.1175053038, 18.079449291099998], [75.11694974779999, 18.079449291099998], [75.11694974779999, 18.0797270691], [75.1163941918, 18.0797270691], [75.1163941918, 18.079449291099998], [75.1161164138, 18.079449291099998], [75.1161164138, 18.079171513099997], [75.11583863579999, 18.079171513099997], [75.11583863579999, 18.079449291099998], [75.1152830798, 18.079449291099998], [75.1152830798, 18.079171513099997], [75.11444974579999, 18.079171513099997], [75.11444974579999, 18.079449291099998], [75.11417196779999, 18.079449291099998], [75.11417196779999, 18.080282625099997], [75.11389418979999, 18.080282625099997], [75.11389418979999, 18.080560403099998], [75.1136164118, 18.080560403099998], [75.1136164118, 18.0808381811], [75.1133386338, 18.0808381811], [75.1133386338, 18.081115959099996], [75.1130608558, 18.081115959099996], [75.1130608558, 18.081393737099997], [75.1122275218, 18.081393737099997], [75.1122275218, 18.0816715151], [75.1119497438, 18.0816715151], [75.1119497438, 18.0819492931], [75.1122275218, 18.0819492931], [75.1122275218, 18.082504849099998], [75.1119497438, 18.082504849099998], [75.1119497438, 18.083338183099997], [75.1116719658, 18.083338183099997], [75.1116719658, 18.083615961099998], [75.11111640979999, 18.083615961099998]], [[75.09889417779999, 18.0755603991], [75.09917195579999, 18.0755603991], [75.09917195579999, 18.075282621099998], [75.09889417779999, 18.075282621099998], [75.09889417779999, 18.0755603991]], [[75.0983386218, 18.075282621099998], [75.0986163998, 18.075282621099998], [75.0986163998, 18.075004843099997], [75.09889417779999, 18.075004843099997], [75.09889417779999, 18.0747270651], [75.0994497338, 18.0747270651], [75.0994497338, 18.073893731099997], [75.0986163998, 18.073893731099997], [75.0986163998, 18.0747270651], [75.0983386218, 18.0747270651], [75.0983386218, 18.075282621099998]]]}}, {"type": "Feature", "properties": {"time_min": 60, "depth_min_m": 3.0, "depth_max_m": 6.0, "depth_class": "3.0\u20136.0 m", "class_area_km2": 1.090221098828343, "flooded_area_km2": 6.592769144818747, "frame_max_depth_m": 132.33808102972478, "class_mean_depth_m": 4.5118216219365825, "scenario_id": "baseline", "model_type": "Automated approximate 2D flood-routing prototype", "validated_hydraulic_output": false}, "geometry": {"type": "Polygon", "coordinates": [[[75.1191719718, 18.0744492871], [75.1191719718, 18.074171509099997], [75.11889419379999, 18.074171509099997], [75.11889419379999, 18.073338175099998], [75.1191719718, 18.073338175099998], [75.1191719718, 18.0736159531], [75.1194497498, 18.0736159531], [75.1194497498, 18.0744492871], [75.1191719718, 18.0744492871]]]}}, {"type": "Feature", "properties": {"time_min": 60, "depth_min_m": 3.0, "depth_max_m": 6.0, "depth_class": "3.0\u20136.0 m", "class_area_km2": 1.090221098828343, "flooded_area_km2": 6.592769144818747, "frame_max_depth_m": 132.33808102972478, "class_mean_depth_m": 4.5118216219365825, "scenario_id": "baseline", "model_type": "Automated approximate 2D flood-routing prototype", "validated_hydraulic_output": false}, "geometry": {"type": "Polygon", "coordinates": [[[75.1194497498, 18.073338175099998], [75.1194497498, 18.073060397099997], [75.1197275278, 18.073060397099997], [75.1197275278, 18.073338175099998], [75.1194497498, 18.073338175099998]]]}}, {"type": "Feature", "properties": {"time_min": 60, "depth_min_m": 3.0, "depth_max_m": 6.0, "depth_class": "3.0\u20136.0 m", "class_area_km2": 1.090221098828343, "flooded_area_km2": 6.592769144818747, "frame_max_depth_m": 132.33808102972478, "class_mean_depth_m": 4.5118216219365825, "scenario_id": "baseline", "model_type": "Automated approximate 2D flood-routing prototype", "validated_hydraulic_output": false}, "geometry": {"type": "Polygon", "coordinates": [[[75.1166719698, 18.072782619099996], [75.1166719698, 18.0725048411], [75.11694974779999, 18.0725048411], [75.11694974779999, 18.072782619099996], [75.1166719698, 18.072782619099996]]]}}, {"type": "Feature", "properties": {"time_min": 60, "depth_min_m": 3.0, "depth_max_m": 6.0, "depth_class": "3.0\u20136.0 m", "class_area_km2": 1.090221098828343, "flooded_area_km2": 6.592769144818747, "frame_max_depth_m": 132.33808102972478, "class_mean_depth_m": 4.5118216219365825, "scenario_id": "baseline", "model_type": "Automated approximate 2D flood-routing prototype", "validated_hydraulic_output": false}, "geometry": {"type": "Polygon", "coordinates": [[[75.0908386158, 18.0736159531], [75.0908386158, 18.073338175099998], [75.0911163938, 18.073338175099998], [75.0911163938, 18.073060397099997], [75.0922275058, 18.073060397099997], [75.0922275058, 18.072782619099996], [75.0936163958, 18.072782619099996], [75.0936163958, 18.0725048411], [75.09417195179999, 18.0725048411], [75.09417195179999, 18.072227063099998], [75.09444972979999, 18.072227063099998], [75.09444972979999, 18.0725048411], [75.09472750779999, 18.0725048411], [75.09472750779999, 18.072782619099996], [75.09417195179999, 18.072782619099996], [75.09417195179999, 18.073060397099997], [75.0938941738, 18.073060397099997], [75.0938941738, 18.073338175099998], [75.09278306179999, 18.073338175099998], [75.09278306179999, 18.0736159531], [75.0908386158, 18.0736159531]]]}}, {"type": "Feature", "properties": {"time_min": 60, "depth_min_m": 3.0, "depth_max_m": 6.0, "depth_class": "3.0\u20136.0 m", "class_area_km2": 1.090221098828343, "flooded_area_km2": 6.592769144818747, "frame_max_depth_m": 132.33808102972478, "class_mean_depth_m": 4.5118216219365825, "scenario_id": "baseline", "model_type": "Automated approximate 2D flood-routing prototype", "validated_hydraulic_output": false}, "geometry": {"type": "Polygon", "coordinates": [[[75.1150053018, 18.0725048411], [75.1150053018, 18.072227063099998], [75.11556085779999, 18.072227063099998], [75.11556085779999, 18.0725048411], [75.1150053018, 18.0725048411]]]}}, {"type": "Feature", "properties": {"time_min": 60, "depth_min_m": 3.0, "depth_max_m": 6.0, "depth_class": "3.0\u20136.0 m", "class_area_km2": 1.090221098828343, "flooded_area_km2": 6.592769144818747, "frame_max_depth_m": 132.33808102972478, "class_mean_depth_m": 4.5118216219365825, "scenario_id": "baseline", "model_type": "Automated approximate 2D flood-routing prototype", "validated_hydraulic_output": false}, "geometry": {"type": "Polygon", "coordinates": [[[75.1177830818, 18.0725048411], [75.1177830818, 18.072227063099998], [75.1180608598, 18.072227063099998], [75.1180608598, 18.0725048411], [75.1177830818, 18.0725048411]]]}}, {"type": "Feature", "properties": {"time_min": 60, "depth_min_m": 3.0, "depth_max_m": 6.0, "depth_class": "3.0\u20136.0 m", "class_area_km2": 1.090221098828343, "flooded_area_km2": 6.592769144818747, "frame_max_depth_m": 132.33808102972478, "class_mean_depth_m": 4.5118216219365825, "scenario_id": "baseline", "model_type": "Automated approximate 2D flood-routing prototype", "validated_hydraulic_output": false}, "geometry": {"type": "Polygon", "coordinates": [[[75.11889419379999, 18.0725048411], [75.11889419379999, 18.072227063099998], [75.1191719718, 18.072227063099998], [75.1191719718, 18.0725048411], [75.11889419379999, 18.0725048411]]]}}, {"type": "Feature", "properties": {"time_min": 60, "depth_min_m": 3.0, "depth_max_m": 6.0, "depth_class": "3.0\u20136.0 m", "class_area_km2": 1.090221098828343, "flooded_area_km2": 6.592769144818747, "frame_max_depth_m": 132.33808102972478, "class_mean_depth_m": 4.5118216219365825, "scenario_id": "baseline", "model_type": "Automated approximate 2D flood-routing prototype", "validated_hydraulic_output": false}, "geometry": {"type": "Polygon", "coordinates": [[[75.11389418979999, 18.072227063099998], [75.11389418979999, 18.071949285099997], [75.11444974579999, 18.071949285099997], [75.11444974579999, 18.072227063099998], [75.11389418979999, 18.072227063099998]]]}}, {"type": "Feature", "properties": {"time_min": 60, "depth_min_m": 3.0, "depth_max_m": 6.0, "depth_class": "3.0\u20136.0 m", "class_area_km2": 1.090221098828343, "flooded_area_km2": 6.592769144818747, "frame_max_depth_m": 132.33808102972478, "class_mean_depth_m": 4.5118216219365825, "scenario_id": "baseline", "model_type": "Automated approximate 2D flood-routing prototype", "validated_hydraulic_output": false}, "geometry": {"type": "Polygon", "coordinates": [[[75.1130608558, 18.071949285099997], [75.1130608558, 18.0716715071], [75.11389418979999, 18.0716715071], [75.11389418979999, 18.071949285099997], [75.1130608558, 18.071949285099997]]]}}, {"type": "Feature", "properties": {"time_min": 60, "depth_min_m": 3.0, "depth_max_m": 6.0, "depth_class": "3.0\u20136.0 m", "class_area_km2": 1.090221098828343, "flooded_area_km2": 6.592769144818747, "frame_max_depth_m": 132.33808102972478, "class_mean_depth_m": 4.5118216219365825, "scenario_id": "baseline", "model_type": "Automated approximate 2D flood-routing prototype", "validated_hydraulic_output": false}, "geometry": {"type": "Polygon", "coordinates": [[[75.11139418779999, 18.0716715071], [75.11139418779999, 18.0713937291], [75.1130608558, 18.0713937291], [75.1130608558, 18.0716715071], [75.11139418779999, 18.0716715071]]]}}, {"type": "Feature", "properties": {"time_min": 60, "depth_min_m": 3.0, "depth_max_m": 6.0, "depth_class": "3.0\u20136.0 m", "class_area_km2": 1.090221098828343, "flooded_area_km2": 6.592769144818747, "frame_max_depth_m": 132.33808102972478, "class_mean_depth_m": 4.5118216219365825, "scenario_id": "baseline", "model_type": "Automated approximate 2D flood-routing prototype", "validated_hydraulic_output": false}, "geometry": {"type": "Polygon", "coordinates": [[[75.10222751379999, 18.069171505099998], [75.10222751379999, 18.068893727099997], [75.1025052918, 18.068893727099997], [75.1025052918, 18.069171505099998], [75.10222751379999, 18.069171505099998]]]}}, {"type": "Feature", "properties": {"time_min": 60, "depth_min_m": 3.0, "depth_max_m": 6.0, "depth_class": "3.0\u20136.0 m", "class_area_km2": 1.090221098828343, "flooded_area_km2": 6.592769144818747, "frame_max_depth_m": 132.33808102972478, "class_mean_depth_m": 4.5118216219365825, "scenario_id": "baseline", "model_type": "Automated approximate 2D flood-routing prototype", "validated_hydraulic_output": false}, "geometry": {"type": "Polygon", "coordinates": [[[75.1013941798, 18.068893727099997], [75.1013941798, 18.0683381711], [75.1016719578, 18.0683381711], [75.1016719578, 18.067782615099997], [75.1030608478, 18.067782615099997], [75.1030608478, 18.068060393099998], [75.1027830698, 18.068060393099998], [75.1027830698, 18.0683381711], [75.10222751379999, 18.0683381711], [75.10222751379999, 18.068615949099996], [75.10194973579999, 18.068615949099996], [75.10194973579999, 18.068893727099997], [75.1013941798, 18.068893727099997]]]}}, {"type": "Feature", "properties": {"time_min": 60, "depth_min_m": 3.0, "depth_max_m": 6.0, "depth_class": "3.0\u20136.0 m", "class_area_km2": 1.090221098828343, "flooded_area_km2": 6.592769144818747, "frame_max_depth_m": 132.33808102972478, "class_mean_depth_m": 4.5118216219365825, "scenario_id": "baseline", "model_type": "Automated approximate 2D flood-routing prototype", "validated_hydraulic_output": false}, "geometry": {"type": "Polygon", "coordinates": [[[75.0936163958, 18.0716715071], [75.0936163958, 18.0713937291], [75.0933386178, 18.0713937291], [75.0933386178, 18.071115951099998], [75.09306083979999, 18.071115951099998], [75.09306083979999, 18.070838173099997], [75.09278306179999, 18.070838173099997], [75.09278306179999, 18.0705603951], [75.0925052838, 18.0705603951], [75.0925052838, 18.0702826171], [75.0922275058, 18.0702826171], [75.0922275058, 18.069727061099996], [75.0919497278, 18.069727061099996], [75.0919497278, 18.0694492831], [75.09167194979999, 18.0694492831], [75.09167194979999, 18.069171505099998], [75.09139417179999, 18.069171505099998], [75.09139417179999, 18.068893727099997], [75.0911163938, 18.068893727099997], [75.0911163938, 18.0683381711], [75.09139417179999, 18.0683381711], [75.09139417179999, 18.068060393099998], [75.0908386158, 18.068060393099998], [75.0908386158, 18.067782615099997], [75.0905608378, 18.067782615099997], [75.0905608378, 18.0672270591], [75.0902830598, 18.0672270591], [75.0902830598, 18.066949281099998], [75.08972750379999, 18.066949281099998], [75.08972750379999, 18.066671503099997], [75.0894497258, 18.066671503099997], [75.0894497258, 18.065560391099996], [75.0891719478, 18.065560391099996], [75.0891719478, 18.064727057099997], [75.0894497258, 18.064727057099997], [75.0894497258, 18.065004835099998], [75.08972750379999, 18.065004835099998], [75.08972750379999, 18.0652826131], [75.09000528179999, 18.0652826131], [75.09000528179999, 18.065560391099996], [75.0902830598, 18.065560391099996], [75.0902830598, 18.065838169099997], [75.0905608378, 18.065838169099997], [75.0905608378, 18.0661159471], [75.0911163938, 18.0661159471], [75.0911163938, 18.0663937251], [75.09139417179999, 18.0663937251], [75.09139417179999, 18.066949281099998], [75.09167194979999, 18.066949281099998], [75.09167194979999, 18.067782615099997], [75.0919497278, 18.067782615099997], [75.0919497278, 18.068615949099996], [75.0922275058, 18.068615949099996], [75.0922275058, 18.068893727099997], [75.0925052838, 18.068893727099997], [75.0925052838, 18.069171505099998], [75.09278306179999, 18.069171505099998], [75.09278306179999, 18.069727061099996], [75.09306083979999, 18.069727061099996], [75.09306083979999, 18.070004839099997], [75.0933386178, 18.070004839099997], [75.0933386178, 18.0702826171], [75.0936163958, 18.0702826171], [75.0936163958, 18.070838173099997], [75.0938941738, 18.070838173099997], [75.0938941738, 18.0713937291], [75.09417195179999, 18.0713937291], [75.09417195179999, 18.0716715071], [75.0936163958, 18.0716715071]]]}}, {"type": "Feature", "properties": {"time_min": 60, "depth_min_m": 3.0, "depth_max_m": 6.0, "depth_class": "3.0\u20136.0 m", "class_area_km2": 1.090221098828343, "flooded_area_km2": 6.592769144818747, "frame_max_depth_m": 132.33808102972478, "class_mean_depth_m": 4.5118216219365825, "scenario_id": "baseline", "model_type": "Automated approximate 2D flood-routing prototype", "validated_hydraulic_output": false}, "geometry": {"type": "Polygon", "coordinates": [[[75.1102830758, 18.0713937291], [75.1102830758, 18.071115951099998], [75.10944974179999, 18.071115951099998], [75.10944974179999, 18.070838173099997], [75.1091719638, 18.070838173099997], [75.1091719638, 18.071115951099998], [75.1088941858, 18.071115951099998], [75.1088941858, 18.070838173099997], [75.1086164078, 18.070838173099997], [75.1086164078, 18.0705603951], [75.10833862979999, 18.0705603951], [75.10833862979999, 18.070004839099997], [75.1072275178, 18.070004839099997], [75.1072275178, 18.069727061099996], [75.1061164058, 18.069727061099996], [75.1061164058, 18.070004839099997], [75.1047275158, 18.070004839099997], [75.1047275158, 18.0702826171], [75.1044497378, 18.0702826171], [75.1044497378, 18.069727061099996], [75.10361640379999, 18.069727061099996], [75.10361640379999, 18.0694492831], [75.10333862579999, 18.0694492831], [75.10333862579999, 18.068893727099997], [75.1027830698, 18.068893727099997], [75.1027830698, 18.068615949099996], [75.1038941818, 18.068615949099996], [75.1038941818, 18.067782615099997], [75.1041719598, 18.067782615099997], [75.1041719598, 18.0675048371], [75.10361640379999, 18.0675048371], [75.10361640379999, 18.067782615099997], [75.1030608478, 18.067782615099997], [75.1030608478, 18.0675048371], [75.10333862579999, 18.0675048371], [75.10333862579999, 18.066949281099998], [75.1030608478, 18.066949281099998], [75.1030608478, 18.066671503099997], [75.1027830698, 18.066671503099997], [75.1027830698, 18.0663937251], [75.1011164018, 18.0663937251], [75.1011164018, 18.066671503099997], [75.1008386238, 18.066671503099997], [75.1008386238, 18.0675048371], [75.10056084579999, 18.0675048371], [75.10056084579999, 18.067782615099997], [75.0997275118, 18.067782615099997], [75.0997275118, 18.0675048371], [75.0994497338, 18.0675048371], [75.0994497338, 18.0672270591], [75.09917195579999, 18.0672270591], [75.09917195579999, 18.066949281099998], [75.0980608438, 18.066949281099998], [75.0980608438, 18.0663937251], [75.0983386218, 18.0663937251], [75.0983386218, 18.0661159471], [75.09889417779999, 18.0661159471], [75.09889417779999, 18.065838169099997], [75.0994497338, 18.065838169099997], [75.0994497338, 18.065560391099996], [75.10028306779999, 18.065560391099996], [75.10028306779999, 18.065838169099997], [75.1008386238, 18.065838169099997], [75.1008386238, 18.0661159471], [75.1027830698, 18.0661159471], [75.1027830698, 18.065560391099996], [75.1030608478, 18.065560391099996], [75.1030608478, 18.0652826131], [75.10333862579999, 18.0652826131], [75.10333862579999, 18.065004835099998], [75.10361640379999, 18.065004835099998], [75.10361640379999, 18.064727057099997], [75.1041719598, 18.064727057099997], [75.1041719598, 18.065004835099998], [75.1044497378, 18.065004835099998], [75.1044497378, 18.064727057099997], [75.1058386278, 18.064727057099997], [75.1058386278, 18.064449279099996], [75.1061164058, 18.064449279099996], [75.1061164058, 18.0641715011], [75.10639418379999, 18.0641715011], [75.10639418379999, 18.064727057099997], [75.1061164058, 18.064727057099997], [75.1061164058, 18.065004835099998], [75.1058386278, 18.065004835099998], [75.1058386278, 18.0652826131], [75.1055608498, 18.0652826131], [75.1055608498, 18.065838169099997], [75.10528307179999, 18.065838169099997], [75.10528307179999, 18.0663937251], [75.1055608498, 18.0663937251], [75.1055608498, 18.066671503099997], [75.1058386278, 18.066671503099997], [75.1058386278, 18.0663937251], [75.1061164058, 18.0663937251], [75.1061164058, 18.066949281099998], [75.10639418379999, 18.066949281099998], [75.10639418379999, 18.0675048371], [75.1061164058, 18.0675048371], [75.1061164058, 18.068060393099998], [75.10667196179999, 18.068060393099998], [75.10667196179999, 18.068615949099996], [75.1069497398, 18.068615949099996], [75.1069497398, 18.068893727099997], [75.1072275178, 18.068893727099997], [75.1072275178, 18.069171505099998], [75.1075052958, 18.069171505099998], [75.1075052958, 18.068893727099997], [75.1077830738, 18.068893727099997], [75.1077830738, 18.069171505099998], [75.10806085179999, 18.069171505099998], [75.10806085179999, 18.0694492831], [75.1086164078, 18.0694492831], [75.1086164078, 18.069727061099996], [75.1088941858, 18.069727061099996], [75.1088941858, 18.0702826171], [75.10972751979999, 18.0702826171], [75.10972751979999, 18.0705603951], [75.1100052978, 18.0705603951], [75.1100052978, 18.070838173099997], [75.11111640979999, 18.070838173099997], [75.11111640979999, 18.071115951099998], [75.11139418779999, 18.071115951099998], [75.11139418779999, 18.0713937291], [75.1108386318, 18.0713937291], [75.1108386318, 18.071115951099998], [75.1105608538, 18.071115951099998], [75.1105608538, 18.0713937291], [75.1102830758, 18.0713937291]], [[75.10500529379999, 18.069171505099998], [75.1055608498, 18.069171505099998], [75.1055608498, 18.068893727099997], [75.1058386278, 18.068893727099997], [75.1058386278, 18.0683381711], [75.1055608498, 18.0683381711], [75.1055608498, 18.068615949099996], [75.10528307179999, 18.068615949099996], [75.10528307179999, 18.068893727099997], [75.10500529379999, 18.068893727099997], [75.10500529379999, 18.069171505099998]], [[75.1058386278, 18.0683381711], [75.1061164058, 18.0683381711], [75.1061164058, 18.068060393099998], [75.1058386278, 18.068060393099998], [75.1058386278, 18.0683381711]]]}}, {"type": "Feature", "properties": {"time_min": 60, "depth_min_m": 3.0, "depth_max_m": 6.0, "depth_class": "3.0\u20136.0 m", "class_area_km2": 1.090221098828343, "flooded_area_km2": 6.592769144818747, "frame_max_depth_m": 132.33808102972478, "class_mean_depth_m": 4.5118216219365825, "scenario_id": "baseline", "model_type": "Automated approximate 2D flood-routing prototype", "validated_hydraulic_output": false}, "geometry": {"type": "Polygon", "coordinates": [[[75.0936163958, 18.066949281099998], [75.0936163958, 18.066671503099997], [75.0933386178, 18.066671503099997], [75.0933386178, 18.0661159471], [75.09306083979999, 18.0661159471], [75.09306083979999, 18.065838169099997], [75.0925052838, 18.065838169099997], [75.0925052838, 18.065560391099996], [75.0922275058, 18.065560391099996], [75.0922275058, 18.065004835099998], [75.0919497278, 18.065004835099998], [75.0919497278, 18.064727057099997], [75.09167194979999, 18.064727057099997], [75.09167194979999, 18.064449279099996], [75.09139417179999, 18.064449279099996], [75.09139417179999, 18.0641715011], [75.0908386158, 18.0641715011], [75.0908386158, 18.063893723099998], [75.0905608378, 18.063893723099998], [75.0905608378, 18.063615945099997], [75.0902830598, 18.063615945099997], [75.0902830598, 18.0630603891], [75.0911163938, 18.0630603891], [75.0911163938, 18.0633381671], [75.09139417179999, 18.0633381671], [75.09139417179999, 18.063893723099998], [75.0919497278, 18.063893723099998], [75.0919497278, 18.0641715011], [75.0922275058, 18.0641715011], [75.0922275058, 18.064449279099996], [75.09278306179999, 18.064449279099996], [75.09278306179999, 18.065004835099998], [75.09306083979999, 18.065004835099998], [75.09306083979999, 18.0652826131], [75.0933386178, 18.0652826131], [75.0933386178, 18.065560391099996], [75.09417195179999, 18.065560391099996], [75.09417195179999, 18.0661159471], [75.09444972979999, 18.0661159471], [75.09444972979999, 18.066949281099998], [75.0936163958, 18.066949281099998]]]}}, {"type": "Feature", "properties": {"time_min": 60, "depth_min_m": 6.0, "depth_max_m": null, "depth_class": "6.0+ m", "class_area_km2": 4.192116725213289, "flooded_area_km2": 6.592769144818747, "frame_max_depth_m": 132.33808102972478, "class_mean_depth_m": 22.16952122928543, "scenario_id": "baseline", "model_type": "Automated approximate 2D flood-routing prototype", "validated_hydraulic_output": false}, "geometry": {"type": "Polygon", "coordinates": [[[75.1150053018, 18.113615985099997], [75.1150053018, 18.1130604291], [75.1152830798, 18.1130604291], [75.1152830798, 18.112782651099998], [75.11556085779999, 18.112782651099998], [75.11556085779999, 18.1130604291], [75.11583863579999, 18.1130604291], [75.11583863579999, 18.113615985099997], [75.1150053018, 18.113615985099997]]]}}, {"type": "Feature", "properties": {"time_min": 60, "depth_min_m": 6.0, "depth_max_m": null, "depth_class": "6.0+ m", "class_area_km2": 4.192116725213289, "flooded_area_km2": 6.592769144818747, "frame_max_depth_m": 132.33808102972478, "class_mean_depth_m": 22.16952122928543, "scenario_id": "baseline", "model_type": "Automated approximate 2D flood-routing prototype", "validated_hydraulic_output": false}, "geometry": {"type": "Polygon", "coordinates": [[[75.1391719878, 18.1036159771], [75.1391719878, 18.103060421099997], [75.1394497658, 18.103060421099997], [75.1394497658, 18.103338199099998], [75.13972754379999, 18.103338199099998], [75.13972754379999, 18.1036159771], [75.1391719878, 18.1036159771]]]}}, {"type": "Feature", "properties": {"time_min": 60, "depth_min_m": 6.0, "depth_max_m": null, "depth_class": "6.0+ m", "class_area_km2": 4.192116725213289, "flooded_area_km2": 6.592769144818747, "frame_max_depth_m": 132.33808102972478, "class_mean_depth_m": 22.16952122928543, "scenario_id": "baseline", "model_type": "Automated approximate 2D flood-routing prototype", "validated_hydraulic_output": false}, "geometry": {"type": "Polygon", "coordinates": [[[75.13556087379999, 18.102227087099998], [75.13556087379999, 18.1016715311], [75.1358386518, 18.1016715311], [75.1358386518, 18.102227087099998], [75.13556087379999, 18.102227087099998]]]}}, {"type": "Feature", "properties": {"time_min": 60, "depth_min_m": 6.0, "depth_max_m": null, "depth_class": "6.0+ m", "class_area_km2": 4.192116725213289, "flooded_area_km2": 6.592769144818747, "frame_max_depth_m": 132.33808102972478, "class_mean_depth_m": 22.16952122928543, "scenario_id": "baseline", "model_type": "Automated approximate 2D flood-routing prototype", "validated_hydraulic_output": false}, "geometry": {"type": "Polygon", "coordinates": [[[75.1388942098, 18.100838197099996], [75.1388942098, 18.100282641099998], [75.1394497658, 18.100282641099998], [75.1394497658, 18.1005604191], [75.13972754379999, 18.1005604191], [75.13972754379999, 18.100838197099996], [75.1388942098, 18.100838197099996]]]}}, {"type": "Feature", "properties": {"time_min": 60, "depth_min_m": 6.0, "depth_max_m": null, "depth_class": "6.0+ m", "class_area_km2": 4.192116725213289, "flooded_area_km2": 6.592769144818747, "frame_max_depth_m": 132.33808102972478, "class_mean_depth_m": 22.16952122928543, "scenario_id": "baseline", "model_type": "Automated approximate 2D flood-routing prototype", "validated_hydraulic_output": false}, "geometry": {"type": "Polygon", "coordinates": [[[75.1436164358, 18.101115975099997], [75.1436164358, 18.100838197099996], [75.1433386578, 18.100838197099996], [75.1433386578, 18.100282641099998], [75.1438942138, 18.100282641099998], [75.1438942138, 18.100004863099997], [75.1441719918, 18.100004863099997], [75.1441719918, 18.100838197099996], [75.1438942138, 18.100838197099996], [75.1438942138, 18.101115975099997], [75.1436164358, 18.101115975099997]]]}}, {"type": "Feature", "properties": {"time_min": 60, "depth_min_m": 6.0, "depth_max_m": null, "depth_class": "6.0+ m", "class_area_km2": 4.192116725213289, "flooded_area_km2": 6.592769144818747, "frame_max_depth_m": 132.33808102972478, "class_mean_depth_m": 22.16952122928543, "scenario_id": "baseline", "model_type": "Automated approximate 2D flood-routing prototype", "validated_hydraulic_output": false}, "geometry": {"type": "Polygon", "coordinates": [[[75.13694976379999, 18.100004863099997], [75.13694976379999, 18.0994493071], [75.1375053198, 18.0994493071], [75.1375053198, 18.100004863099997], [75.13694976379999, 18.100004863099997]]]}}, {"type": "Feature", "properties": {"time_min": 60, "depth_min_m": 6.0, "depth_max_m": null, "depth_class": "6.0+ m", "class_area_km2": 4.192116725213289, "flooded_area_km2": 6.592769144818747, "frame_max_depth_m": 132.33808102972478, "class_mean_depth_m": 22.16952122928543, "scenario_id": "baseline", "model_type": "Automated approximate 2D flood-routing prototype", "validated_hydraulic_output": false}, "geometry": {"type": "Polygon", "coordinates": [[[75.1441719918, 18.098060417099997], [75.1441719918, 18.097782639099997], [75.14444976979999, 18.097782639099997], [75.14444976979999, 18.098060417099997], [75.1441719918, 18.098060417099997]]]}}, {"type": "Feature", "properties": {"time_min": 60, "depth_min_m": 6.0, "depth_max_m": null, "depth_class": "6.0+ m", "class_area_km2": 4.192116725213289, "flooded_area_km2": 6.592769144818747, "frame_max_depth_m": 132.33808102972478, "class_mean_depth_m": 22.16952122928543, "scenario_id": "baseline", "model_type": "Automated approximate 2D flood-routing prototype", "validated_hydraulic_output": false}, "geometry": {"type": "Polygon", "coordinates": [[[75.1425053238, 18.094727081099997], [75.1425053238, 18.0941715251], [75.14278310179999, 18.0941715251], [75.14278310179999, 18.094727081099997], [75.1425053238, 18.094727081099997]]]}}, {"type": "Feature", "properties": {"time_min": 60, "depth_min_m": 6.0, "depth_max_m": null, "depth_class": "6.0+ m", "class_area_km2": 4.192116725213289, "flooded_area_km2": 6.592769144818747, "frame_max_depth_m": 132.33808102972478, "class_mean_depth_m": 22.16952122928543, "scenario_id": "baseline", "model_type": "Automated approximate 2D flood-routing prototype", "validated_hydraulic_output": false}, "geometry": {"type": "Polygon", "coordinates": [[[75.14278310179999, 18.0941715251], [75.14278310179999, 18.093893747099997], [75.14306087979999, 18.093893747099997], [75.14306087979999, 18.0941715251], [75.14278310179999, 18.0941715251]]]}}, {"type": "Feature", "properties": {"time_min": 60, "depth_min_m": 6.0, "depth_max_m": null, "depth_class": "6.0+ m", "class_area_km2": 4.192116725213289, "flooded_area_km2": 6.592769144818747, "frame_max_depth_m": 132.33808102972478, "class_mean_depth_m": 22.16952122928543, "scenario_id": "baseline", "model_type": "Automated approximate 2D flood-routing prototype", "validated_hydraulic_output": false}, "geometry": {"type": "Polygon", "coordinates": [[[75.1441719918, 18.0941715251], [75.1441719918, 18.093893747099997], [75.14444976979999, 18.093893747099997], [75.14444976979999, 18.0941715251], [75.1441719918, 18.0941715251]]]}}, {"type": "Feature", "properties": {"time_min": 60, "depth_min_m": 6.0, "depth_max_m": null, "depth_class": "6.0+ m", "class_area_km2": 4.192116725213289, "flooded_area_km2": 6.592769144818747, "frame_max_depth_m": 132.33808102972478, "class_mean_depth_m": 22.16952122928543, "scenario_id": "baseline", "model_type": "Automated approximate 2D flood-routing prototype", "validated_hydraulic_output": false}, "geometry": {"type": "Polygon", "coordinates": [[[75.15056088579999, 18.0944493031], [75.15056088579999, 18.093060413099998], [75.15083866379999, 18.093060413099998], [75.15083866379999, 18.0933381911], [75.1511164418, 18.0933381911], [75.1511164418, 18.0944493031], [75.15056088579999, 18.0944493031]]]}}, {"type": "Feature", "properties": {"time_min": 60, "depth_min_m": 6.0, "depth_max_m": null, "depth_class": "6.0+ m", "class_area_km2": 4.192116725213289, "flooded_area_km2": 6.592769144818747, "frame_max_depth_m": 132.33808102972478, "class_mean_depth_m": 22.16952122928543, "scenario_id": "baseline", "model_type": "Automated approximate 2D flood-routing prototype", "validated_hydraulic_output": false}, "geometry": {"type": "Polygon", "coordinates": [[[75.15194977579999, 18.0933381911], [75.15194977579999, 18.092504857099996], [75.15222755379999, 18.092504857099996], [75.15222755379999, 18.092782635099997], [75.1525053318, 18.092782635099997], [75.1525053318, 18.0933381911], [75.15194977579999, 18.0933381911]]]}}, {"type": "Feature", "properties": {"time_min": 60, "depth_min_m": 6.0, "depth_max_m": null, "depth_class": "6.0+ m", "class_area_km2": 4.192116725213289, "flooded_area_km2": 6.592769144818747, "frame_max_depth_m": 132.33808102972478, "class_mean_depth_m": 22.16952122928543, "scenario_id": "baseline", "model_type": "Automated approximate 2D flood-routing prototype", "validated_hydraulic_output": false}, "geometry": {"type": "Polygon", "coordinates": [[[75.15028310779999, 18.089727077099997], [75.15028310779999, 18.089449299099996], [75.1500053298, 18.089449299099996], [75.1500053298, 18.088893743099998], [75.15028310779999, 18.088893743099998], [75.15028310779999, 18.088615965099997], [75.15056088579999, 18.088615965099997], [75.15056088579999, 18.0891715211], [75.15083866379999, 18.0891715211], [75.15083866379999, 18.089449299099996], [75.15056088579999, 18.089449299099996], [75.15056088579999, 18.089727077099997], [75.15028310779999, 18.089727077099997]]]}}, {"type": "Feature", "properties": {"time_min": 60, "depth_min_m": 6.0, "depth_max_m": null, "depth_class": "6.0+ m", "class_area_km2": 4.192116725213289, "flooded_area_km2": 6.592769144818747, "frame_max_depth_m": 132.33808102972478, "class_mean_depth_m": 22.16952122928543, "scenario_id": "baseline", "model_type": "Automated approximate 2D flood-routing prototype", "validated_hydraulic_output": false}, "geometry": {"type": "Polygon", "coordinates": [[[75.1333386498, 18.0872270751], [75.1333386498, 18.0869492971], [75.13361642779999, 18.0869492971], [75.13361642779999, 18.0872270751], [75.1333386498, 18.0872270751]]]}}, {"type": "Feature", "properties": {"time_min": 60, "depth_min_m": 6.0, "depth_max_m": null, "depth_class": "6.0+ m", "class_area_km2": 4.192116725213289, "flooded_area_km2": 6.592769144818747, "frame_max_depth_m": 132.33808102972478, "class_mean_depth_m": 22.16952122928543, "scenario_id": "baseline", "model_type": "Automated approximate 2D flood-routing prototype", "validated_hydraulic_output": false}, "geometry": {"type": "Polygon", "coordinates": [[[75.1327830938, 18.087782631099998], [75.1327830938, 18.087504853099997], [75.13222753779999, 18.087504853099997], [75.13222753779999, 18.0869492971], [75.13250531579999, 18.0869492971], [75.13250531579999, 18.086671519099998], [75.1327830938, 18.086671519099998], [75.1327830938, 18.0869492971], [75.1330608718, 18.0869492971], [75.1330608718, 18.087782631099998], [75.1327830938, 18.087782631099998]]]}}, {"type": "Feature", "properties": {"time_min": 60, "depth_min_m": 6.0, "depth_max_m": null, "depth_class": "6.0+ m", "class_area_km2": 4.192116725213289, "flooded_area_km2": 6.592769144818747, "frame_max_depth_m": 132.33808102972478, "class_mean_depth_m": 22.16952122928543, "scenario_id": "baseline", "model_type": "Automated approximate 2D flood-routing prototype", "validated_hydraulic_output": false}, "geometry": {"type": "Polygon", "coordinates": [[[75.1472275498, 18.086671519099998], [75.1472275498, 18.086393741099997], [75.14750532779999, 18.086393741099997], [75.14750532779999, 18.086671519099998], [75.1472275498, 18.086671519099998]]]}}, {"type": "Feature", "properties": {"time_min": 60, "depth_min_m": 6.0, "depth_max_m": null, "depth_class": "6.0+ m", "class_area_km2": 4.192116725213289, "flooded_area_km2": 6.592769144818747, "frame_max_depth_m": 132.33808102972478, "class_mean_depth_m": 22.16952122928543, "scenario_id": "baseline", "model_type": "Automated approximate 2D flood-routing prototype", "validated_hydraulic_output": false}, "geometry": {"type": "Polygon", "coordinates": [[[75.1408386558, 18.084449295099997], [75.1408386558, 18.0841715171], [75.1411164338, 18.0841715171], [75.1411164338, 18.084449295099997], [75.1408386558, 18.084449295099997]]]}}, {"type": "Feature", "properties": {"time_min": 60, "depth_min_m": 6.0, "depth_max_m": null, "depth_class": "6.0+ m", "class_area_km2": 4.192116725213289, "flooded_area_km2": 6.592769144818747, "frame_max_depth_m": 132.33808102972478, "class_mean_depth_m": 22.16952122928543, "scenario_id": "baseline", "model_type": "Automated approximate 2D flood-routing prototype", "validated_hydraulic_output": false}, "geometry": {"type": "Polygon", "coordinates": [[[75.1438942138, 18.084449295099997], [75.1438942138, 18.0838937391], [75.1441719918, 18.0838937391], [75.1441719918, 18.084449295099997], [75.1438942138, 18.084449295099997]]]}}, {"type": "Feature", "properties": {"time_min": 60, "depth_min_m": 6.0, "depth_max_m": null, "depth_class": "6.0+ m", "class_area_km2": 4.192116725213289, "flooded_area_km2": 6.592769144818747, "frame_max_depth_m": 132.33808102972478, "class_mean_depth_m": 22.16952122928543, "scenario_id": "baseline", "model_type": "Automated approximate 2D flood-routing prototype", "validated_hydraulic_output": false}, "geometry": {"type": "Polygon", "coordinates": [[[75.14278310179999, 18.0838937391], [75.14278310179999, 18.083615961099998], [75.1433386578, 18.083615961099998], [75.1433386578, 18.0838937391], [75.14278310179999, 18.0838937391]]]}}, {"type": "Feature", "properties": {"time_min": 60, "depth_min_m": 6.0, "depth_max_m": null, "depth_class": "6.0+ m", "class_area_km2": 4.192116725213289, "flooded_area_km2": 6.592769144818747, "frame_max_depth_m": 132.33808102972478, "class_mean_depth_m": 22.16952122928543, "scenario_id": "baseline", "model_type": "Automated approximate 2D flood-routing prototype", "validated_hydraulic_output": false}, "geometry": {"type": "Polygon", "coordinates": [[[75.1344497618, 18.0994493071], [75.1344497618, 18.098893751099997], [75.13417198379999, 18.098893751099997], [75.13417198379999, 18.0986159731], [75.13361642779999, 18.0986159731], [75.13361642779999, 18.0975048611], [75.1333386498, 18.0975048611], [75.1333386498, 18.097227083099998], [75.1327830938, 18.097227083099998], [75.1327830938, 18.0975048611], [75.13250531579999, 18.0975048611], [75.13250531579999, 18.096949305099997], [75.1327830938, 18.096949305099997], [75.1327830938, 18.096671527099996], [75.13250531579999, 18.096671527099996], [75.13250531579999, 18.0963937491], [75.1319497598, 18.0963937491], [75.1319497598, 18.0955604151], [75.1316719818, 18.0955604151], [75.1316719818, 18.095004859099998], [75.1319497598, 18.095004859099998], [75.1319497598, 18.0944493031], [75.1316719818, 18.0944493031], [75.1316719818, 18.094727081099997], [75.1305608698, 18.094727081099997], [75.1305608698, 18.093893747099997], [75.13083864779999, 18.093893747099997], [75.13083864779999, 18.093615969099996], [75.1305608698, 18.093615969099996], [75.1305608698, 18.0933381911], [75.1300053138, 18.0933381911], [75.1300053138, 18.093060413099998], [75.1297275358, 18.093060413099998], [75.1297275358, 18.092504857099996], [75.1305608698, 18.092504857099996], [75.1305608698, 18.0922270791], [75.1313942038, 18.0922270791], [75.1313942038, 18.091671523099997], [75.1316719818, 18.091671523099997], [75.1316719818, 18.0911159671], [75.1319497598, 18.0911159671], [75.1319497598, 18.090838189099998], [75.13222753779999, 18.090838189099998], [75.13222753779999, 18.0900048551], [75.13250531579999, 18.0900048551], [75.13250531579999, 18.089449299099996], [75.1327830938, 18.089449299099996], [75.1327830938, 18.088893743099998], [75.1330608718, 18.088893743099998], [75.1330608718, 18.0880604091], [75.1333386498, 18.0880604091], [75.1333386498, 18.087782631099998], [75.13389420579999, 18.087782631099998], [75.13389420579999, 18.0869492971], [75.13417198379999, 18.0869492971], [75.13417198379999, 18.086671519099998], [75.1333386498, 18.086671519099998], [75.1333386498, 18.086393741099997], [75.1330608718, 18.086393741099997], [75.1330608718, 18.0861159631], [75.1333386498, 18.0861159631], [75.1333386498, 18.0850048511], [75.13361642779999, 18.0850048511], [75.13361642779999, 18.084727073099998], [75.13417198379999, 18.084727073099998], [75.13417198379999, 18.084449295099997], [75.1344497618, 18.084449295099997], [75.1344497618, 18.085560407099997], [75.1347275398, 18.085560407099997], [75.1347275398, 18.0861159631], [75.1350053178, 18.0861159631], [75.1350053178, 18.084727073099998], [75.13528309579999, 18.084727073099998], [75.13528309579999, 18.0841715171], [75.1350053178, 18.0841715171], [75.1350053178, 18.0838937391], [75.1347275398, 18.0838937391], [75.1347275398, 18.083615961099998], [75.1350053178, 18.083615961099998], [75.1350053178, 18.083338183099997], [75.13556087379999, 18.083338183099997], [75.13556087379999, 18.0838937391], [75.1358386518, 18.0838937391], [75.1358386518, 18.0841715171], [75.1361164298, 18.0841715171], [75.1361164298, 18.084449295099997], [75.1372275418, 18.084449295099997], [75.1372275418, 18.0841715171], [75.1380608758, 18.0841715171], [75.1380608758, 18.0838937391], [75.13833865379999, 18.0838937391], [75.13833865379999, 18.084727073099998], [75.1377830978, 18.084727073099998], [75.1377830978, 18.0850048511], [75.13833865379999, 18.0850048511], [75.13833865379999, 18.085282629099996], [75.1391719878, 18.085282629099996], [75.1391719878, 18.0850048511], [75.14000532179999, 18.0850048511], [75.14000532179999, 18.085282629099996], [75.1402830998, 18.085282629099996], [75.1402830998, 18.085560407099997], [75.1408386558, 18.085560407099997], [75.1408386558, 18.0850048511], [75.1405608778, 18.0850048511], [75.1405608778, 18.084727073099998], [75.14139421179999, 18.084727073099998], [75.14139421179999, 18.0841715171], [75.1422275458, 18.0841715171], [75.1422275458, 18.0838937391], [75.14278310179999, 18.0838937391], [75.14278310179999, 18.0841715171], [75.14306087979999, 18.0841715171], [75.14306087979999, 18.084449295099997], [75.1433386578, 18.084449295099997], [75.1433386578, 18.084727073099998], [75.1441719918, 18.084727073099998], [75.1441719918, 18.084449295099997], [75.14472754779999, 18.084449295099997], [75.14472754779999, 18.0841715171], [75.1450053258, 18.0841715171], [75.1450053258, 18.084727073099998], [75.1452831038, 18.084727073099998], [75.1452831038, 18.085282629099996], [75.1455608818, 18.085282629099996], [75.1455608818, 18.0861159631], [75.14583865979999, 18.0861159631], [75.14583865979999, 18.0858381851], [75.14611643779999, 18.0858381851], [75.14611643779999, 18.086393741099997], [75.1466719938, 18.086393741099997], [75.1466719938, 18.0861159631], [75.1472275498, 18.0861159631], [75.1472275498, 18.086393741099997], [75.1469497718, 18.086393741099997], [75.1469497718, 18.0869492971], [75.1466719938, 18.0869492971], [75.1466719938, 18.0872270751], [75.1472275498, 18.0872270751], [75.1472275498, 18.0869492971], [75.14750532779999, 18.0869492971], [75.14750532779999, 18.0872270751], [75.14778310579999, 18.0872270751], [75.14778310579999, 18.0869492971], [75.1480608838, 18.0869492971], [75.1480608838, 18.086671519099998], [75.1483386618, 18.086671519099998], [75.1483386618, 18.0869492971], [75.14889421779999, 18.0869492971], [75.14889421779999, 18.0872270751], [75.15056088579999, 18.0872270751], [75.15056088579999, 18.087782631099998], [75.1497275518, 18.087782631099998], [75.1497275518, 18.0880604091], [75.1486164398, 18.0880604091], [75.1486164398, 18.088338187099996], [75.1483386618, 18.088338187099996], [75.1483386618, 18.088615965099997], [75.1480608838, 18.088615965099997], [75.1480608838, 18.0891715211], [75.14750532779999, 18.0891715211], [75.14750532779999, 18.0902826331], [75.1472275498, 18.0902826331], [75.1472275498, 18.0913937451], [75.1466719938, 18.0913937451], [75.1466719938, 18.091671523099997], [75.14611643779999, 18.091671523099997], [75.14611643779999, 18.091949301099998], [75.1455608818, 18.091949301099998], [75.1455608818, 18.0922270791], [75.14472754779999, 18.0922270791], [75.14472754779999, 18.092504857099996], [75.14444976979999, 18.092504857099996], [75.14444976979999, 18.092782635099997], [75.1441719918, 18.092782635099997], [75.1441719918, 18.093060413099998], [75.14278310179999, 18.093060413099998], [75.14278310179999, 18.092782635099997], [75.1425053238, 18.092782635099997], [75.1425053238, 18.093060413099998], [75.1422275458, 18.093060413099998], [75.1422275458, 18.0933381911], [75.1419497678, 18.0933381911], [75.1419497678, 18.093615969099996], [75.14278310179999, 18.093615969099996], [75.14278310179999, 18.093893747099997], [75.1419497678, 18.093893747099997], [75.1419497678, 18.0941715251], [75.14167198979999, 18.0941715251], [75.14167198979999, 18.0933381911], [75.14139421179999, 18.0933381911], [75.14139421179999, 18.093615969099996], [75.1411164338, 18.093615969099996], [75.1411164338, 18.093893747099997], [75.1408386558, 18.093893747099997], [75.1408386558, 18.0933381911], [75.1405608778, 18.0933381911], [75.1405608778, 18.094727081099997], [75.1408386558, 18.094727081099997], [75.1408386558, 18.0952826371], [75.1402830998, 18.0952826371], [75.1402830998, 18.0955604151], [75.13972754379999, 18.0955604151], [75.13972754379999, 18.0952826371], [75.1394497658, 18.0952826371], [75.1394497658, 18.094727081099997], [75.13972754379999, 18.094727081099997], [75.13972754379999, 18.0944493031], [75.14000532179999, 18.0944493031], [75.14000532179999, 18.093615969099996], [75.1391719878, 18.093615969099996], [75.1391719878, 18.0933381911], [75.1388942098, 18.0933381911], [75.1388942098, 18.093615969099996], [75.13861643179999, 18.093615969099996], [75.13861643179999, 18.0944493031], [75.13833865379999, 18.0944493031], [75.13833865379999, 18.0952826371], [75.13861643179999, 18.0952826371], [75.13861643179999, 18.0955604151], [75.1388942098, 18.0955604151], [75.1388942098, 18.095838193099997], [75.1391719878, 18.095838193099997], [75.1391719878, 18.096115971099998], [75.1394497658, 18.096115971099998], [75.1394497658, 18.098060417099997], [75.13972754379999, 18.098060417099997], [75.13972754379999, 18.0986159731], [75.1402830998, 18.0986159731], [75.1402830998, 18.098893751099997], [75.13972754379999, 18.098893751099997], [75.13972754379999, 18.099171529099998], [75.1394497658, 18.099171529099998], [75.1394497658, 18.0994493071], [75.13833865379999, 18.0994493071], [75.13833865379999, 18.098893751099997], [75.1380608758, 18.098893751099997], [75.1380608758, 18.097227083099998], [75.1377830978, 18.097227083099998], [75.1377830978, 18.0975048611], [75.1375053198, 18.0975048611], [75.1375053198, 18.097782639099997], [75.1377830978, 18.097782639099997], [75.1377830978, 18.099171529099998], [75.13694976379999, 18.099171529099998], [75.13694976379999, 18.0994493071], [75.13667198579999, 18.0994493071], [75.13667198579999, 18.099171529099998], [75.13528309579999, 18.099171529099998], [75.13528309579999, 18.0994493071], [75.1344497618, 18.0994493071]], [[75.1375053198, 18.097227083099998], [75.1377830978, 18.097227083099998], [75.1377830978, 18.096949305099997], [75.1375053198, 18.096949305099997], [75.1375053198, 18.097227083099998]], [[75.13528309579999, 18.096671527099996], [75.13556087379999, 18.096671527099996], [75.13556087379999, 18.0963937491], [75.13528309579999, 18.0963937491], [75.13528309579999, 18.096671527099996]], [[75.13528309579999, 18.096115971099998], [75.1361164298, 18.096115971099998], [75.1361164298, 18.0955604151], [75.1358386518, 18.0955604151], [75.1358386518, 18.095004859099998], [75.13528309579999, 18.095004859099998], [75.13528309579999, 18.096115971099998]], [[75.1327830938, 18.0944493031], [75.1330608718, 18.0944493031], [75.1330608718, 18.093893747099997], [75.1327830938, 18.093893747099997], [75.1327830938, 18.0944493031]], [[75.1394497658, 18.0869492971], [75.13972754379999, 18.0869492971], [75.13972754379999, 18.086393741099997], [75.1391719878, 18.086393741099997], [75.1391719878, 18.086671519099998], [75.1394497658, 18.086671519099998], [75.1394497658, 18.0869492971]]]}}, {"type": "Feature", "properties": {"time_min": 60, "depth_min_m": 6.0, "depth_max_m": null, "depth_class": "6.0+ m", "class_area_km2": 4.192116725213289, "flooded_area_km2": 6.592769144818747, "frame_max_depth_m": 132.33808102972478, "class_mean_depth_m": 22.16952122928543, "scenario_id": "baseline", "model_type": "Automated approximate 2D flood-routing prototype", "validated_hydraulic_output": false}, "geometry": {"type": "Polygon", "coordinates": [[[75.1422275458, 18.083615961099998], [75.1422275458, 18.0827826271], [75.14278310179999, 18.0827826271], [75.14278310179999, 18.083615961099998], [75.1422275458, 18.083615961099998]]]}}, {"type": "Feature", "properties": {"time_min": 60, "depth_min_m": 6.0, "depth_max_m": null, "depth_class": "6.0+ m", "class_area_km2": 4.192116725213289, "flooded_area_km2": 6.592769144818747, "frame_max_depth_m": 132.33808102972478, "class_mean_depth_m": 22.16952122928543, "scenario_id": "baseline", "model_type": "Automated approximate 2D flood-routing prototype", "validated_hydraulic_output": false}, "geometry": {"type": "Polygon", "coordinates": [[[75.13528309579999, 18.0830604051], [75.13528309579999, 18.0827826271], [75.1350053178, 18.0827826271], [75.1350053178, 18.082504849099998], [75.1347275398, 18.082504849099998], [75.1347275398, 18.0827826271], [75.1344497618, 18.0827826271], [75.1344497618, 18.0819492931], [75.13556087379999, 18.0819492931], [75.13556087379999, 18.082227071099997], [75.1358386518, 18.082227071099997], [75.1358386518, 18.0827826271], [75.13556087379999, 18.0827826271], [75.13556087379999, 18.0830604051], [75.13528309579999, 18.0830604051]]]}}, {"type": "Feature", "properties": {"time_min": 60, "depth_min_m": 6.0, "depth_max_m": null, "depth_class": "6.0+ m", "class_area_km2": 4.192116725213289, "flooded_area_km2": 6.592769144818747, "frame_max_depth_m": 132.33808102972478, "class_mean_depth_m": 22.16952122928543, "scenario_id": "baseline", "model_type": "Automated approximate 2D flood-routing prototype", "validated_hydraulic_output": false}, "geometry": {"type": "Polygon", "coordinates": [[[75.1361164298, 18.081115959099996], [75.1361164298, 18.0808381811], [75.1363942078, 18.0808381811], [75.1363942078, 18.081115959099996], [75.1361164298, 18.081115959099996]]]}}, {"type": "Feature", "properties": {"time_min": 60, "depth_min_m": 6.0, "depth_max_m": null, "depth_class": "6.0+ m", "class_area_km2": 4.192116725213289, "flooded_area_km2": 6.592769144818747, "frame_max_depth_m": 132.33808102972478, "class_mean_depth_m": 22.16952122928543, "scenario_id": "baseline", "model_type": "Automated approximate 2D flood-routing prototype", "validated_hydraulic_output": false}, "geometry": {"type": "Polygon", "coordinates": [[[75.13250531579999, 18.0808381811], [75.13250531579999, 18.0800048471], [75.1327830938, 18.0800048471], [75.1327830938, 18.080282625099997], [75.1330608718, 18.080282625099997], [75.1330608718, 18.080560403099998], [75.1327830938, 18.080560403099998], [75.1327830938, 18.0808381811], [75.13250531579999, 18.0808381811]]]}}, {"type": "Feature", "properties": {"time_min": 60, "depth_min_m": 6.0, "depth_max_m": null, "depth_class": "6.0+ m", "class_area_km2": 4.192116725213289, "flooded_area_km2": 6.592769144818747, "frame_max_depth_m": 132.33808102972478, "class_mean_depth_m": 22.16952122928543, "scenario_id": "baseline", "model_type": "Automated approximate 2D flood-routing prototype", "validated_hydraulic_output": false}, "geometry": {"type": "Polygon", "coordinates": [[[75.1327830938, 18.076949289099996], [75.1327830938, 18.0766715111], [75.1330608718, 18.0766715111], [75.1330608718, 18.076949289099996], [75.1327830938, 18.076949289099996]]]}}, {"type": "Feature", "properties": {"time_min": 60, "depth_min_m": 6.0, "depth_max_m": null, "depth_class": "6.0+ m", "class_area_km2": 4.192116725213289, "flooded_area_km2": 6.592769144818747, "frame_max_depth_m": 132.33808102972478, "class_mean_depth_m": 22.16952122928543, "scenario_id": "baseline", "model_type": "Automated approximate 2D flood-routing prototype", "validated_hydraulic_output": false}, "geometry": {"type": "Polygon", "coordinates": [[[75.13111642579999, 18.0766715111], [75.13111642579999, 18.076115955099997], [75.1313942038, 18.076115955099997], [75.1313942038, 18.0766715111], [75.13111642579999, 18.0766715111]]]}}, {"type": "Feature", "properties": {"time_min": 60, "depth_min_m": 6.0, "depth_max_m": null, "depth_class": "6.0+ m", "class_area_km2": 4.192116725213289, "flooded_area_km2": 6.592769144818747, "frame_max_depth_m": 132.33808102972478, "class_mean_depth_m": 22.16952122928543, "scenario_id": "baseline", "model_type": "Automated approximate 2D flood-routing prototype", "validated_hydraulic_output": false}, "geometry": {"type": "Polygon", "coordinates": [[[75.1313942038, 18.076115955099997], [75.1313942038, 18.0758381771], [75.1316719818, 18.0758381771], [75.1316719818, 18.076115955099997], [75.1313942038, 18.076115955099997]]]}}, {"type": "Feature", "properties": {"time_min": 60, "depth_min_m": 6.0, "depth_max_m": null, "depth_class": "6.0+ m", "class_area_km2": 4.192116725213289, "flooded_area_km2": 6.592769144818747, "frame_max_depth_m": 132.33808102972478, "class_mean_depth_m": 22.16952122928543, "scenario_id": "baseline", "model_type": "Automated approximate 2D flood-routing prototype", "validated_hydraulic_output": false}, "geometry": {"type": "Polygon", "coordinates": [[[75.1297275358, 18.0758381771], [75.1297275358, 18.0755603991], [75.1302830918, 18.0755603991], [75.1302830918, 18.0758381771], [75.1297275358, 18.0758381771]]]}}, {"type": "Feature", "properties": {"time_min": 60, "depth_min_m": 6.0, "depth_max_m": null, "depth_class": "6.0+ m", "class_area_km2": 4.192116725213289, "flooded_area_km2": 6.592769144818747, "frame_max_depth_m": 132.33808102972478, "class_mean_depth_m": 22.16952122928543, "scenario_id": "baseline", "model_type": "Automated approximate 2D flood-routing prototype", "validated_hydraulic_output": false}, "geometry": {"type": "Polygon", "coordinates": [[[75.1119497438, 18.0800048471], [75.1119497438, 18.0797270691], [75.1116719658, 18.0797270691], [75.1116719658, 18.079449291099998], [75.11139418779999, 18.079449291099998], [75.11139418779999, 18.079171513099997], [75.11111640979999, 18.079171513099997], [75.11111640979999, 18.078338179099998], [75.1108386318, 18.078338179099998], [75.1108386318, 18.0777826231], [75.1105608538, 18.0777826231], [75.1105608538, 18.077227067099997], [75.1100052978, 18.077227067099997], [75.1100052978, 18.076949289099996], [75.1086164078, 18.076949289099996], [75.1086164078, 18.0766715111], [75.1072275178, 18.0766715111], [75.1072275178, 18.076393733099998], [75.1069497398, 18.076393733099998], [75.1069497398, 18.076115955099997], [75.10639418379999, 18.076115955099997], [75.10639418379999, 18.0758381771], [75.1061164058, 18.0758381771], [75.1061164058, 18.076115955099997], [75.10528307179999, 18.076115955099997], [75.10528307179999, 18.0758381771], [75.1047275158, 18.0758381771], [75.1047275158, 18.0755603991], [75.10361640379999, 18.0755603991], [75.10361640379999, 18.075282621099998], [75.10333862579999, 18.075282621099998], [75.10333862579999, 18.075004843099997], [75.1030608478, 18.075004843099997], [75.1030608478, 18.0744492871], [75.1027830698, 18.0744492871], [75.1027830698, 18.0747270651], [75.10194973579999, 18.0747270651], [75.10194973579999, 18.075004843099997], [75.1016719578, 18.075004843099997], [75.1016719578, 18.0747270651], [75.1011164018, 18.0747270651], [75.1011164018, 18.075282621099998], [75.1008386238, 18.075282621099998], [75.1008386238, 18.0755603991], [75.1013941798, 18.0755603991], [75.1013941798, 18.076115955099997], [75.1011164018, 18.076115955099997], [75.1011164018, 18.0758381771], [75.10056084579999, 18.0758381771], [75.10056084579999, 18.0755603991], [75.1000052898, 18.0755603991], [75.1000052898, 18.073893731099997], [75.0997275118, 18.073893731099997], [75.0997275118, 18.0736159531], [75.0969497318, 18.0736159531], [75.0969497318, 18.073893731099997], [75.0966719538, 18.073893731099997], [75.0966719538, 18.0747270651], [75.0963941758, 18.0747270651], [75.0963941758, 18.0744492871], [75.09611639779999, 18.0744492871], [75.09611639779999, 18.073893731099997], [75.09583861979999, 18.073893731099997], [75.09583861979999, 18.0736159531], [75.0955608418, 18.0736159531], [75.0955608418, 18.073060397099997], [75.0952830638, 18.073060397099997], [75.0952830638, 18.072782619099996], [75.0950052858, 18.072782619099996], [75.0950052858, 18.0725048411], [75.09444972979999, 18.0725048411], [75.09444972979999, 18.071949285099997], [75.09417195179999, 18.071949285099997], [75.09417195179999, 18.0713937291], [75.0938941738, 18.0713937291], [75.0938941738, 18.070838173099997], [75.0936163958, 18.070838173099997], [75.0936163958, 18.0702826171], [75.0933386178, 18.0702826171], [75.0933386178, 18.070004839099997], [75.09306083979999, 18.070004839099997], [75.09306083979999, 18.069727061099996], [75.09278306179999, 18.069727061099996], [75.09278306179999, 18.069171505099998], [75.0925052838, 18.069171505099998], [75.0925052838, 18.068893727099997], [75.0922275058, 18.068893727099997], [75.0922275058, 18.068615949099996], [75.0919497278, 18.068615949099996], [75.0919497278, 18.067782615099997], [75.09167194979999, 18.067782615099997], [75.09167194979999, 18.066949281099998], [75.09139417179999, 18.066949281099998], [75.09139417179999, 18.0663937251], [75.0911163938, 18.0663937251], [75.0911163938, 18.0661159471], [75.0905608378, 18.0661159471], [75.0905608378, 18.065838169099997], [75.0902830598, 18.065838169099997], [75.0902830598, 18.065560391099996], [75.09000528179999, 18.065560391099996], [75.09000528179999, 18.0652826131], [75.08972750379999, 18.0652826131], [75.08972750379999, 18.065004835099998], [75.0894497258, 18.065004835099998], [75.0894497258, 18.064727057099997], [75.0891719478, 18.064727057099997], [75.0891719478, 18.0641715011], [75.0888941698, 18.0641715011], [75.0888941698, 18.063893723099998], [75.0891719478, 18.063893723099998], [75.0891719478, 18.062782611099998], [75.09000528179999, 18.062782611099998], [75.09000528179999, 18.0630603891], [75.0902830598, 18.0630603891], [75.0902830598, 18.063615945099997], [75.0905608378, 18.063615945099997], [75.0905608378, 18.063893723099998], [75.0908386158, 18.063893723099998], [75.0908386158, 18.0641715011], [75.09139417179999, 18.0641715011], [75.09139417179999, 18.064449279099996], [75.09167194979999, 18.064449279099996], [75.09167194979999, 18.064727057099997], [75.0919497278, 18.064727057099997], [75.0919497278, 18.065004835099998], [75.0922275058, 18.065004835099998], [75.0922275058, 18.065560391099996], [75.0925052838, 18.065560391099996], [75.0925052838, 18.065838169099997], [75.09306083979999, 18.065838169099997], [75.09306083979999, 18.0661159471], [75.0933386178, 18.0661159471], [75.0933386178, 18.066671503099997], [75.0936163958, 18.066671503099997], [75.0936163958, 18.066949281099998], [75.09583861979999, 18.066949281099998], [75.09583861979999, 18.066671503099997], [75.09611639779999, 18.066671503099997], [75.09611639779999, 18.0663937251], [75.0980608438, 18.0663937251], [75.0980608438, 18.066949281099998], [75.09917195579999, 18.066949281099998], [75.09917195579999, 18.0672270591], [75.0994497338, 18.0672270591], [75.0994497338, 18.0675048371], [75.0997275118, 18.0675048371], [75.0997275118, 18.067782615099997], [75.10056084579999, 18.067782615099997], [75.10056084579999, 18.0675048371], [75.1008386238, 18.0675048371], [75.1008386238, 18.066671503099997], [75.1011164018, 18.066671503099997], [75.1011164018, 18.0663937251], [75.1027830698, 18.0663937251], [75.1027830698, 18.066671503099997], [75.1030608478, 18.066671503099997], [75.1030608478, 18.066949281099998], [75.10333862579999, 18.066949281099998], [75.10333862579999, 18.0675048371], [75.1030608478, 18.0675048371], [75.1030608478, 18.067782615099997], [75.10361640379999, 18.067782615099997], [75.10361640379999, 18.0675048371], [75.1041719598, 18.0675048371], [75.1041719598, 18.067782615099997], [75.1038941818, 18.067782615099997], [75.1038941818, 18.068615949099996], [75.1027830698, 18.068615949099996], [75.1027830698, 18.068893727099997], [75.10333862579999, 18.068893727099997], [75.10333862579999, 18.0694492831], [75.10361640379999, 18.0694492831], [75.10361640379999, 18.069727061099996], [75.1044497378, 18.069727061099996], [75.1044497378, 18.0702826171], [75.1047275158, 18.0702826171], [75.1047275158, 18.070004839099997], [75.1061164058, 18.070004839099997], [75.1061164058, 18.069727061099996], [75.1072275178, 18.069727061099996], [75.1072275178, 18.070004839099997], [75.10833862979999, 18.070004839099997], [75.10833862979999, 18.0705603951], [75.1086164078, 18.0705603951], [75.1086164078, 18.070838173099997], [75.1088941858, 18.070838173099997], [75.1088941858, 18.071115951099998], [75.1091719638, 18.071115951099998], [75.1091719638, 18.070838173099997], [75.10944974179999, 18.070838173099997], [75.10944974179999, 18.071115951099998], [75.1102830758, 18.071115951099998], [75.1102830758, 18.0713937291], [75.1105608538, 18.0713937291], [75.1105608538, 18.071115951099998], [75.1108386318, 18.071115951099998], [75.1108386318, 18.0713937291], [75.11139418779999, 18.0713937291], [75.11139418779999, 18.0716715071], [75.1130608558, 18.0716715071], [75.1130608558, 18.071949285099997], [75.11389418979999, 18.071949285099997], [75.11389418979999, 18.072227063099998], [75.1150053018, 18.072227063099998], [75.1150053018, 18.0725048411], [75.1166719698, 18.0725048411], [75.1166719698, 18.072782619099996], [75.11694974779999, 18.072782619099996], [75.11694974779999, 18.0725048411], [75.1180608598, 18.0725048411], [75.1180608598, 18.072227063099998], [75.11889419379999, 18.072227063099998], [75.11889419379999, 18.0725048411], [75.1191719718, 18.0725048411], [75.1191719718, 18.073338175099998], [75.11889419379999, 18.073338175099998], [75.11889419379999, 18.074171509099997], [75.1191719718, 18.074171509099997], [75.1191719718, 18.0744492871], [75.1194497498, 18.0744492871], [75.1194497498, 18.0747270651], [75.1197275278, 18.0747270651], [75.1197275278, 18.0755603991], [75.12000530579999, 18.0755603991], [75.12000530579999, 18.0758381771], [75.12028308379999, 18.0758381771], [75.12028308379999, 18.078060401099997], [75.1197275278, 18.078060401099997], [75.1197275278, 18.0777826231], [75.1194497498, 18.0777826231], [75.1194497498, 18.077504845099998], [75.11861641579999, 18.077504845099998], [75.11861641579999, 18.077227067099997], [75.1177830818, 18.077227067099997], [75.1177830818, 18.077504845099998], [75.11722752579999, 18.077504845099998], [75.11722752579999, 18.078060401099997], [75.1180608598, 18.078060401099997], [75.1180608598, 18.078338179099998], [75.1177830818, 18.078338179099998], [75.1177830818, 18.0788937351], [75.11694974779999, 18.0788937351], [75.11694974779999, 18.079171513099997], [75.1163941918, 18.079171513099997], [75.1163941918, 18.0786159571], [75.1150053018, 18.0786159571], [75.1150053018, 18.078338179099998], [75.11389418979999, 18.078338179099998], [75.11389418979999, 18.0786159571], [75.1136164118, 18.0786159571], [75.1136164118, 18.079171513099997], [75.1133386338, 18.079171513099997], [75.1133386338, 18.0797270691], [75.11278307779999, 18.0797270691], [75.11278307779999, 18.0800048471], [75.1119497438, 18.0800048471]], [[75.10222751379999, 18.069171505099998], [75.1025052918, 18.069171505099998], [75.1025052918, 18.068893727099997], [75.10222751379999, 18.068893727099997], [75.10222751379999, 18.069171505099998]], [[75.1013941798, 18.068893727099997], [75.10194973579999, 18.068893727099997], [75.10194973579999, 18.068615949099996], [75.10222751379999, 18.068615949099996], [75.10222751379999, 18.0683381711], [75.1027830698, 18.0683381711], [75.1027830698, 18.068060393099998], [75.1030608478, 18.068060393099998], [75.1030608478, 18.067782615099997], [75.1016719578, 18.067782615099997], [75.1016719578, 18.0683381711], [75.1013941798, 18.0683381711], [75.1013941798, 18.068893727099997]]]}}]}