SlNo,Station,Agency,State LGD Code,State,District LGD Code,District,Tehsil,Block,Village,River,Basin,Tributary,Subtributary,SubSubtributary,Local River,Latitude,Longitude,Data Acquisition Time,Gate-1 Discharge (cusec),Gate-2 Discharge (cusec),Gate-3 Discharge (cusec),Gate-4 Discharge (cusec),Gate-5 Discharge (cusec),Gate-6 Discharge (cusec),Gate-7 Discharge (cusec),Gate-8 Discharge (cusec),Gate-9 Discharge (cusec),Gate-10 Discharge (cusec),Gate-11 Discharge (cusec),Gate-12 Discharge (cusec),Gate-13 Discharge (cusec),Gate-14 Discharge (cusec),Gate-15 Discharge (cusec),Gate-16 Discharge (cusec),Gate-17 Discharge (cusec),Gate-18 Discharge (cusec),Gate-19 Discharge (cusec),Gate-20 Discharge (cusec),Gate-21 Discharge (cusec),Gate-22 Discharge (cusec),Gate-23 Discharge (cusec),Gate-24 Discharge (cusec),Gate-25 Discharge (cusec),Gate-26 Discharge (cusec),Gate-27 Discharge (cusec),Gate-28 Discharge (cusec),Gate-29 Discharge (cusec),Gate-30 Discharge (cusec),Gate-31 Discharge (cusec),Gate-32 Discharge (cusec),Gate-33 Discharge (cusec),Gate-34 Discharge (cusec),Gate-35 Discharge (cusec),Gate-36 Discharge (cusec),Gate-37 Discharge (cusec),Gate-38 Discharge (cusec),Gate-39 Discharge (cusec),Gate-40 Discharge (cusec),Gate-41 Discharge (cusec),Gate-42 Discharge (cusec),Gate-43 Discharge (cusec),Gate-44 Discharge (cusec),Gate-45 Discharge (cusec),Gate-46 Discharge (cusec),Gate-47 Discharge (cusec),Gate-48 Discharge (cusec),Gate-49 Discharge (cusec),Gate-50 Discharge (cusec)
1,Ujjani Dam_1,Maharashtra SW,27,Maharashtra,496,Solapur,-,-,-,-,-,-,-,-,-,18.07402000,75.12002000,23-10-2023 03:00,0,0,0,0,0,0,0,0,0,0,0,0,0,0,0,0,0,0,0,0,0,0,0,0,0,0,0,0,0,0,0,0,0,0,0,0,0,0,0,0,0,0,0,0,0,0,0,0,0,0
2,Ujjani Dam_1,Maharashtra SW,27,Maharashtra,496,Solapur,-,-,-,-,-,-,-,-,-,18.07402000,75.12002000,23-10-2023 04:00,0,0,0,0,0,0,0,0,0,0,0,0,0,0,0,0,0,0,0,0,0,0,0,0,0,0,0,0,0,0,0,0,0,0,0,0,0,0,0,0,0,0,0,0,0,0,0,0,0,0
3,Ujjani Dam_1,Maharashtra SW,27,Maharashtra,496,Solapur,-,-,-,-,-,-,-,-,-,18.07402000,75.12002000,23-10-2023 05:00,0,0,0,0,0,0,0,0,0,0,0,0,0,0,0,0,0,0,0,0,0,0,0,0,0,0,0,0,0,0,0,0,0,0,0,0,0,0,0,0,0,0,0,0,0,0,0,0,0,0
4,Ujjani Dam_1,Maharashtra SW,27,Maharashtra,496,Solapur,-,-,-,-,-,-,-,-,-,18.07402000,75.12002000,06-11-2023 14:00,0,0,0,0,0,0,0,0,0,0,0,0,0,0,0,0,0,0,0,0,0,0,0,0,0,0,0,0,0,0,0,0,0,0,0,0,0,0,0,0,0,0,0,0,"","","","","",""
5,Ujjani Dam_1,Maharashtra SW,27,Maharashtra,496,Solapur,-,-,-,-,-,-,-,-,-,18.07402000,75.12002000,06-11-2023 15:00,0,0,0,0,0,0,0,0,0,0,0,0,0,0,0,0,0,0,0,0,0,0,0,0,0,0,0,0,0,0,0,0,0,0,0,0,0,0,0,0,0,0,0,0,"","","","","",""
6,Ujjani Dam_1,Maharashtra SW,27,Maharashtra,496,Solapur,-,-,-,-,-,-,-,-,-,18.07402000,75.12002000,06-11-2023 16:00,0,0,0,0,0,0,0,0,0,0,0,0,0,0,0,0,0,0,0,0,0,0,0,0,0,0,0,0,0,0,0,0,0,0,0,0,0,0,0,0,0,0,0,0,"","","","","",""
7,Ujjani Dam_1,Maharashtra SW,27,Maharashtra,496,Solapur,-,-,-,-,-,-,-,-,-,18.07402000,75.12002000,06-11-2023 17:00,0,0,0,0,0,0,0,0,0,0,0,0,0,0,0,0,0,0,0,0,0,0,0,0,0,0,0,0,0,0,0,0,0,0,0,0,0,0,0,0,0,0,0,0,"","","","","",""
8,Ujjani Dam_1,Maharashtra SW,27,Maharashtra,496,Solapur,-,-,-,-,-,-,-,-,-,18.07402000,75.12002000,06-11-2023 18:00,0,0,0,0,0,0,0,0,0,0,0,0,0,0,0,0,0,0,0,0,0,0,0,0,0,0,0,0,0,0,0,0,0,0,0,0,0,0,0,0,0,0,0,0,"","","","","",""
9,Ujjani Dam_1,Maharashtra SW,27,Maharashtra,496,Solapur,-,-,-,-,-,-,-,-,-,18.07402000,75.12002000,06-11-2023 19:00,0,0,0,0,0,0,0,0,0,0,0,0,0,0,0,0,0,0,0,0,0,0,0,0,0,0,0,0,0,0,0,0,0,0,0,0,0,0,0,0,0,0,0,0,"","","","","",""
10,Ujjani Dam_1,Maharashtra SW,27,Maharashtra,496,Solapur,-,-,-,-,-,-,-,-,-,18.07402000,75.12002000,06-11-2023 20:00,0,0,0,0,0,0,0,0,0,0,0,0,0,0,0,0,0,0,0,0,0,0,0,0,0,0,0,0,0,0,0,0,0,0,0,0,0,0,0,0,0,0,0,0,"","","","","",""
11,Ujjani Dam_1,Maharashtra SW,27,Maharashtra,496,Solapur,-,-,-,-,-,-,-,-,-,18.07402000,75.12002000,06-11-2023 21:00,0,0,0,0,0,0,0,0,0,0,0,0,0,0,0,0,0,0,0,0,0,0,0,0,0,0,0,0,0,0,0,0,0,0,0,0,0,0,0,0,0,0,0,0,"","","","","",""
12,Ujjani Dam_1,Maharashtra SW,27,Maharashtra,496,Solapur,-,-,-,-,-,-,-,-,-,18.07402000,75.12002000,06-11-2023 22:00,0,0,0,0,0,0,0,0,0,0,0,0,0,0,0,0,0,0,0,0,0,0,0,0,0,0,0,0,0,0,0,0,0,0,0,0,0,0,0,0,0,0,0,0,"","","","","",""
13,Ujjani Dam_1,Maharashtra SW,27,Maharashtra,496,Solapur,-,-,-,-,-,-,-,-,-,18.07402000,75.12002000,06-11-2023 23:00,0,0,0,0,0,0,0,0,0,0,0,0,0,0,0,0,0,0,0,0,0,0,0,0,0,0,0,0,0,0,0,0,0,0,0,0,0,0,0,0,0,0,0,0,"","","","","",""
14,Ujjani Dam_1,Maharashtra SW,27,Maharashtra,496,Solapur,-,-,-,-,-,-,-,-,-,18.07402000,75.12002000,07-11-2023 00:00,0,0,0,0,0,0,0,0,0,0,0,0,0,0,0,0,0,0,0,0,0,0,0,0,0,0,0,0,0,0,0,0,0,0,0,0,0,0,0,0,0,0,0,0,"","","","","",""
15,Ujjani Dam_1,Maharashtra SW,27,Maharashtra,496,Solapur,-,-,-,-,-,-,-,-,-,18.07402000,75.12002000,07-11-2023 01:00,0,0,0,0,0,0,0,0,0,0,0,0,0,0,0,0,0,0,0,0,0,0,0,0,0,0,0,0,0,0,0,0,0,0,0,0,0,0,0,0,0,0,0,0,"","","","","",""
16,Ujjani Dam_1,Maharashtra SW,27,Maharashtra,496,Solapur,-,-,-,-,-,-,-,-,-,18.07402000,75.12002000,07-11-2023 02:00,0,0,0,0,0,0,0,0,0,0,0,0,0,0,0,0,0,0,0,0,0,0,0,0,0,0,0,0,0,0,0,0,0,0,0,0,0,0,0,0,0,0,0,0,"","","","","",""
17,Ujjani Dam_1,Maharashtra SW,27,Maharashtra,496,Solapur,-,-,-,-,-,-,-,-,-,18.07402000,75.12002000,07-11-2023 03:00,0,0,0,0,0,0,0,0,0,0,0,0,0,0,0,0,0,0,0,0,0,0,0,0,0,0,0,0,0,0,0,0,0,0,0,0,0,0,0,0,0,0,0,0,"","","","","",""
18,Ujjani Dam_1,Maharashtra SW,27,Maharashtra,496,Solapur,-,-,-,-,-,-,-,-,-,18.07402000,75.12002000,07-11-2023 04:00,0,0,0,0,0,0,0,0,0,0,0,0,0,0,0,0,0,0,0,0,0,0,0,0,0,0,0,0,0,0,0,0,0,0,0,0,0,0,0,0,0,0,0,0,"","","","","",""
19,Ujjani Dam_1,Maharashtra SW,27,Maharashtra,496,Solapur,-,-,-,-,-,-,-,-,-,18.07402000,75.12002000,07-11-2023 05:00,0,0,0,0,0,0,0,0,0,0,0,0,0,0,0,0,0,0,0,0,0,0,0,0,0,0,0,0,0,0,0,0,0,0,0,0,0,0,0,0,0,0,0,0,"","","","","",""
20,Ujjani Dam_1,Maharashtra SW,27,Maharashtra,496,Solapur,-,-,-,-,-,-,-,-,-,18.07402000,75.12002000,07-11-2023 06:00,0,0,0,0,0,0,0,0,0,0,0,0,0,0,0,0,0,0,0,0,0,0,0,0,0,0,0,0,0,0,0,0,0,0,0,0,0,0,0,0,0,0,0,0,"","","","","",""
21,Ujjani Dam_1,Maharashtra SW,27,Maharashtra,496,Solapur,-,-,-,-,-,-,-,-,-,18.07402000,75.12002000,07-11-2023 07:00,0,0,0,0,0,0,0,0,0,0,0,0,0,0,0,0,0,0,0,0,0,0,0,0,0,0,0,0,0,0,0,0,0,0,0,0,0,0,0,0,0,0,0,0,"","","","","",""
22,Ujjani Dam_1,Maharashtra SW,27,Maharashtra,496,Solapur,-,-,-,-,-,-,-,-,-,18.07402000,75.12002000,07-11-2023 08:00,0,0,0,0,0,0,0,0,0,0,0,0,0,0,0,0,0,0,0,0,0,0,0,0,0,0,0,0,0,0,0,0,0,0,0,0,0,0,0,0,0,0,0,0,"","","","","",""
23,Ujjani Dam_1,Maharashtra SW,27,Maharashtra,496,Solapur,-,-,-,-,-,-,-,-,-,18.07402000,75.12002000,07-11-2023 09:00,0,0,0,0,0,0,0,0,0,0,0,0,0,0,0,0,0,0,0,0,0,0,0,0,0,0,0,0,0,0,0,0,0,0,0,0,0,0,0,0,0,0,0,0,"","","","","",""
24,Ujjani Dam_1,Maharashtra SW,27,Maharashtra,496,Solapur,-,-,-,-,-,-,-,-,-,18.07402000,75.12002000,07-11-2023 10:00,0,0,0,0,0,0,0,0,0,0,0,0,0,0,0,0,0,0,0,0,0,0,0,0,0,0,0,0,0,0,0,0,0,0,0,0,0,0,0,0,0,0,0,0,"","","","","",""
25,Ujjani Dam_1,Maharashtra SW,27,Maharashtra,496,Solapur,-,-,-,-,-,-,-,-,-,18.07402000,75.12002000,07-11-2023 11:00,0,0,0,0,0,0,0,0,0,0,0,0,0,0,0,0,0,0,0,0,0,0,0,0,0,0,0,0,0,0,0,0,0,0,0,0,0,0,0,0,0,0,0,0,"","","","","",""
26,Ujjani Dam_1,Maharashtra SW,27,Maharashtra,496,Solapur,-,-,-,-,-,-,-,-,-,18.07402000,75.12002000,07-11-2023 12:00,0,0,0,0,0,0,0,0,0,0,0,0,0,0,0,0,0,0,0,0,0,0,0,0,0,0,0,0,0,0,0,0,0,0,0,0,0,0,0,0,0,0,0,0,"","","","","",""
27,Ujjani Dam_1,Maharashtra SW,27,Maharashtra,496,Solapur,-,-,-,-,-,-,-,-,-,18.07402000,75.12002000,07-11-2023 13:00,0,0,0,0,0,0,0,0,0,0,0,0,0,0,0,0,0,0,0,0,0,0,0,0,0,0,0,0,0,0,0,0,0,0,0,0,0,0,0,0,0,0,0,0,"","","","","",""
28,Ujjani Dam_1,Maharashtra SW,27,Maharashtra,496,Solapur,-,-,-,-,-,-,-,-,-,18.07402000,75.12002000,07-11-2023 14:00,0,0,0,0,0,0,0,0,0,0,0,0,0,0,0,0,0,0,0,0,0,0,0,0,0,0,0,0,0,0,0,0,0,0,0,0,0,0,0,0,0,0,0,0,"","","","","",""
29,Ujjani Dam_1,Maharashtra SW,27,Maharashtra,496,Solapur,-,-,-,-,-,-,-,-,-,18.07402000,75.12002000,07-11-2023 15:00,0,0,0,0,0,0,0,0,0,0,0,0,0,0,0,0,0,0,0,0,0,0,0,0,0,0,0,0,0,0,0,0,0,0,0,0,0,0,0,0,0,0,0,0,"","","","","",""
30,Ujjani Dam_1,Maharashtra SW,27,Maharashtra,496,Solapur,-,-,-,-,-,-,-,-,-,18.07402000,75.12002000,07-11-2023 16:00,0,0,0,0,0,0,0,0,0,0,0,0,0,0,0,0,0,0,0,0,0,0,0,0,0,0,0,0,0,0,0,0,0,0,0,0,0,0,0,0,0,0,0,0,"","","","","",""
31,Ujjani Dam_1,Maharashtra SW,27,Maharashtra,496,Solapur,-,-,-,-,-,-,-,-,-,18.07402000,75.12002000,07-11-2023 17:00,0,0,0,0,0,0,0,0,0,0,0,0,0,0,0,0,0,0,0,0,0,0,0,0,0,0,0,0,0,0,0,0,0,0,0,0,0,0,0,0,0,0,0,0,"","","","","",""
32,Ujjani Dam_1,Maharashtra SW,27,Maharashtra,496,Solapur,-,-,-,-,-,-,-,-,-,18.07402000,75.12002000,07-11-2023 18:00,0,0,0,0,0,0,0,0,0,0,0,0,0,0,0,0,0,0,0,0,0,0,0,0,0,0,0,0,0,0,0,0,0,0,0,0,0,0,0,0,0,0,0,0,"","","","","",""
33,Ujjani Dam_1,Maharashtra SW,27,Maharashtra,496,Solapur,-,-,-,-,-,-,-,-,-,18.07402000,75.12002000,07-11-2023 19:00,0,0,0,0,0,0,0,0,0,0,0,0,0,0,0,0,0,0,0,0,0,0,0,0,0,0,0,0,0,0,0,0,0,0,0,0,0,0,0,0,0,0,0,0,"","","","","",""
34,Ujjani Dam_1,Maharashtra SW,27,Maharashtra,496,Solapur,-,-,-,-,-,-,-,-,-,18.07402000,75.12002000,07-11-2023 20:00,0,0,0,0,0,0,0,0,0,0,0,0,0,0,0,0,0,0,0,0,0,0,0,0,0,0,0,0,0,0,0,0,0,0,0,0,0,0,0,0,0,0,0,0,"","","","","",""
35,Ujjani Dam_1,Maharashtra SW,27,Maharashtra,496,Solapur,-,-,-,-,-,-,-,-,-,18.07402000,75.12002000,07-11-2023 21:00,0,0,0,0,0,0,0,0,0,0,0,0,0,0,0,0,0,0,0,0,0,0,0,0,0,0,0,0,0,0,0,0,0,0,0,0,0,0,0,0,0,0,0,0,"","","","","",""
36,Ujjani Dam_1,Maharashtra SW,27,Maharashtra,496,Solapur,-,-,-,-,-,-,-,-,-,18.07402000,75.12002000,07-11-2023 22:00,0,0,0,0,0,0,0,0,0,0,0,0,0,0,0,0,0,0,0,0,0,0,0,0,0,0,0,0,0,0,0,0,0,0,0,0,0,0,0,0,0,0,0,0,"","","","","",""
37,Ujjani Dam_1,Maharashtra SW,27,Maharashtra,496,Solapur,-,-,-,-,-,-,-,-,-,18.07402000,75.12002000,07-11-2023 23:00,0,0,0,0,0,0,0,0,0,0,0,0,0,0,0,0,0,0,0,0,0,0,0,0,0,0,0,0,0,0,0,0,0,0,0,0,0,0,0,0,0,0,0,0,"","","","","",""
38,Ujjani Dam_1,Maharashtra SW,27,Maharashtra,496,Solapur,-,-,-,-,-,-,-,-,-,18.07402000,75.12002000,08-11-2023 00:00,0,0,0,0,0,0,0,0,0,0,0,0,0,0,0,0,0,0,0,0,0,0,0,0,0,0,0,0,0,0,0,0,0,0,0,0,0,0,0,0,0,0,0,0,"","","","","",""
39,Ujjani Dam_1,Maharashtra SW,27,Maharashtra,496,Solapur,-,-,-,-,-,-,-,-,-,18.07402000,75.12002000,08-11-2023 01:00,0,0,0,0,0,0,0,0,0,0,0,0,0,0,0,0,0,0,0,0,0,0,0,0,0,0,0,0,0,0,0,0,0,0,0,0,0,0,0,0,0,0,0,0,"","","","","",""
40,Ujjani Dam_1,Maharashtra SW,27,Maharashtra,496,Solapur,-,-,-,-,-,-,-,-,-,18.07402000,75.12002000,08-11-2023 02:00,0,0,0,0,0,0,0,0,0,0,0,0,0,0,0,0,0,0,0,0,0,0,0,0,0,0,0,0,0,0,0,0,0,0,0,0,0,0,0,0,0,0,0,0,"","","","","",""
41,Ujjani Dam_1,Maharashtra SW,27,Maharashtra,496,Solapur,-,-,-,-,-,-,-,-,-,18.07402000,75.12002000,08-11-2023 03:00,0,0,0,0,0,0,0,0,0,0,0,0,0,0,0,0,0,0,0,0,0,0,0,0,0,0,0,0,0,0,0,0,0,0,0,0,0,0,0,0,0,0,0,0,"","","","","",""
42,Ujjani Dam_1,Maharashtra SW,27,Maharashtra,496,Solapur,-,-,-,-,-,-,-,-,-,18.07402000,75.12002000,08-11-2023 04:00,0,0,0,0,0,0,0,0,0,0,0,0,0,0,0,0,0,0,0,0,0,0,0,0,0,0,0,0,0,0,0,0,0,0,0,0,0,0,0,0,0,0,0,0,"","","","","",""
43,Ujjani Dam_1,Maharashtra SW,27,Maharashtra,496,Solapur,-,-,-,-,-,-,-,-,-,18.07402000,75.12002000,08-11-2023 05:00,0,0,0,0,0,0,0,0,0,0,0,0,0,0,0,0,0,0,0,0,0,0,0,0,0,0,0,0,0,0,0,0,0,0,0,0,0,0,0,0,0,0,0,0,"","","","","",""
44,Ujjani Dam_1,Maharashtra SW,27,Maharashtra,496,Solapur,-,-,-,-,-,-,-,-,-,18.07402000,75.12002000,08-11-2023 06:00,0,0,0,0,0,0,0,0,0,0,0,0,0,0,0,0,0,0,0,0,0,0,0,0,0,0,0,0,0,0,0,0,0,0,0,0,0,0,0,0,0,0,0,0,"","","","","",""
45,Ujjani Dam_1,Maharashtra SW,27,Maharashtra,496,Solapur,-,-,-,-,-,-,-,-,-,18.07402000,75.12002000,08-11-2023 07:00,0,0,0,0,0,0,0,0,0,0,0,0,0,0,0,0,0,0,0,0,0,0,0,0,0,0,0,0,0,0,0,0,0,0,0,0,0,0,0,0,0,0,0,0,"","","","","",""
46,Ujjani Dam_1,Maharashtra SW,27,Maharashtra,496,Solapur,-,-,-,-,-,-,-,-,-,18.07402000,75.12002000,08-11-2023 08:00,0,0,0,0,0,0,0,0,0,0,0,0,0,0,0,0,0,0,0,0,0,0,0,0,0,0,0,0,0,0,0,0,0,0,0,0,0,0,0,0,0,0,0,0,"","","","","",""
47,Ujjani Dam_1,Maharashtra SW,27,Maharashtra,496,Solapur,-,-,-,-,-,-,-,-,-,18.07402000,75.12002000,08-11-2023 09:00,0,0,0,0,0,0,0,0,0,0,0,0,0,0,0,0,0,0,0,0,0,0,0,0,0,0,0,0,0,0,0,0,0,0,0,0,0,0,0,0,0,0,0,0,"","","","","",""
48,Ujjani Dam_1,Maharashtra SW,27,Maharashtra,496,Solapur,-,-,-,-,-,-,-,-,-,18.07402000,75.12002000,08-11-2023 10:00,0,0,0,0,0,0,0,0,0,0,0,0,0,0,0,0,0,0,0,0,0,0,0,0,0,0,0,0,0,0,0,0,0,0,0,0,0,0,0,0,0,0,0,0,"","","","","",""
49,Ujjani Dam_1,Maharashtra SW,27,Maharashtra,496,Solapur,-,-,-,-,-,-,-,-,-,18.07402000,75.12002000,08-11-2023 11:00,0,0,0,0,0,0,0,0,0,0,0,0,0,0,0,0,0,0,0,0,0,0,0,0,0,0,0,0,0,0,0,0,0,0,0,0,0,0,0,0,0,0,0,0,"","","","","",""
50,Ujjani Dam_1,Maharashtra SW,27,Maharashtra,496,Solapur,-,-,-,-,-,-,-,-,-,18.07402000,75.12002000,08-11-2023 12:00,0,0,0,0,0,0,0,0,0,0,0,0,0,0,0,0,0,0,0,0,0,0,0,0,0,0,0,0,0,0,0,0,0,0,0,0,0,0,0,0,0,0,0,0,"","","","","",""
51,Ujjani Dam_1,Maharashtra SW,27,Maharashtra,496,Solapur,-,-,-,-,-,-,-,-,-,18.07402000,75.12002000,08-11-2023 13:00,0,0,0,0,0,0,0,0,0,0,0,0,0,0,0,0,0,0,0,0,0,0,0,0,0,0,0,0,0,0,0,0,0,0,0,0,0,0,0,0,0,0,0,0,"","","","","",""
52,Ujjani Dam_1,Maharashtra SW,27,Maharashtra,496,Solapur,-,-,-,-,-,-,-,-,-,18.07402000,75.12002000,08-11-2023 14:00,0,0,0,0,0,0,0,0,0,0,0,0,0,0,0,0,0,0,0,0,0,0,0,0,0,0,0,0,0,0,0,0,0,0,0,0,0,0,0,0,0,0,0,0,"","","","","",""
53,Ujjani Dam_1,Maharashtra SW,27,Maharashtra,496,Solapur,-,-,-,-,-,-,-,-,-,18.07402000,75.12002000,08-11-2023 15:00,0,0,0,0,0,0,0,0,0,0,0,0,0,0,0,0,0,0,0,0,0,0,0,0,0,0,0,0,0,0,0,0,0,0,0,0,0,0,0,0,0,0,0,0,"","","","","",""
54,Ujjani Dam_1,Maharashtra SW,27,Maharashtra,496,Solapur,-,-,-,-,-,-,-,-,-,18.07402000,75.12002000,08-11-2023 16:00,0,0,0,0,0,0,0,0,0,0,0,0,0,0,0,0,0,0,0,0,0,0,0,0,0,0,0,0,0,0,0,0,0,0,0,0,0,0,0,0,0,0,0,0,"","","","","",""
55,Ujjani Dam_1,Maharashtra SW,27,Maharashtra,496,Solapur,-,-,-,-,-,-,-,-,-,18.07402000,75.12002000,08-11-2023 18:00,0,0,0,0,0,0,0,0,0,0,0,0,0,0,0,0,0,0,0,0,0,0,0,0,0,0,0,0,0,0,0,0,0,0,0,0,0,0,0,0,0,0,0,0,"","","","","",""
56,Ujjani Dam_1,Maharashtra SW,27,Maharashtra,496,Solapur,-,-,-,-,-,-,-,-,-,18.07402000,75.12002000,08-11-2023 19:00,0,0,0,0,0,0,0,0,0,0,0,0,0,0,0,0,0,0,0,0,0,0,0,0,0,0,0,0,0,0,0,0,0,0,0,0,0,0,0,0,0,0,0,0,"","","","","",""
57,Ujjani Dam_1,Maharashtra SW,27,Maharashtra,496,Solapur,-,-,-,-,-,-,-,-,-,18.07402000,75.12002000,08-11-2023 20:00,0,0,0,0,0,0,0,0,0,0,0,0,0,0,0,0,0,0,0,0,0,0,0,0,0,0,0,0,0,0,0,0,0,0,0,0,0,0,0,0,0,0,0,0,"","","","","",""
58,Ujjani Dam_1,Maharashtra SW,27,Maharashtra,496,Solapur,-,-,-,-,-,-,-,-,-,18.07402000,75.12002000,08-11-2023 21:00,0,0,0,0,0,0,0,0,0,0,0,0,0,0,0,0,0,0,0,0,0,0,0,0,0,0,0,0,0,0,0,0,0,0,0,0,0,0,0,0,0,0,0,0,"","","","","",""
59,Ujjani Dam_1,Maharashtra SW,27,Maharashtra,496,Solapur,-,-,-,-,-,-,-,-,-,18.07402000,75.12002000,08-11-2023 22:00,0,0,0,0,0,0,0,0,0,0,0,0,0,0,0,0,0,0,0,0,0,0,0,0,0,0,0,0,0,0,0,0,0,0,0,0,0,0,0,0,0,0,0,0,"","","","","",""
60,Ujjani Dam_1,Maharashtra SW,27,Maharashtra,496,Solapur,-,-,-,-,-,-,-,-,-,18.07402000,75.12002000,08-11-2023 23:00,0,0,0,0,0,0,0,0,0,0,0,0,0,0,0,0,0,0,0,0,0,0,0,0,0,0,0,0,0,0,0,0,0,0,0,0,0,0,0,0,0,0,0,0,"","","","","",""
61,Ujjani Dam_1,Maharashtra SW,27,Maharashtra,496,Solapur,-,-,-,-,-,-,-,-,-,18.07402000,75.12002000,09-11-2023 00:00,0,0,0,0,0,0,0,0,0,0,0,0,0,0,0,0,0,0,0,0,0,0,0,0,0,0,0,0,0,0,0,0,0,0,0,0,0,0,0,0,0,0,0,0,"","","","","",""
62,Ujjani Dam_1,Maharashtra SW,27,Maharashtra,496,Solapur,-,-,-,-,-,-,-,-,-,18.07402000,75.12002000,09-11-2023 01:00,0,0,0,0,0,0,0,0,0,0,0,0,0,0,0,0,0,0,0,0,0,0,0,0,0,0,0,0,0,0,0,0,0,0,0,0,0,0,0,0,0,0,0,0,"","","","","",""
63,Ujjani Dam_1,Maharashtra SW,27,Maharashtra,496,Solapur,-,-,-,-,-,-,-,-,-,18.07402000,75.12002000,09-11-2023 02:00,0,0,0,0,0,0,0,0,0,0,0,0,0,0,0,0,0,0,0,0,0,0,0,0,0,0,0,0,0,0,0,0,0,0,0,0,0,0,0,0,0,0,0,0,"","","","","",""
64,Ujjani Dam_1,Maharashtra SW,27,Maharashtra,496,Solapur,-,-,-,-,-,-,-,-,-,18.07402000,75.12002000,09-11-2023 03:00,0,0,0,0,0,0,0,0,0,0,0,0,0,0,0,0,0,0,0,0,0,0,0,0,0,0,0,0,0,0,0,0,0,0,0,0,0,0,0,0,0,0,0,0,"","","","","",""
65,Ujjani Dam_1,Maharashtra SW,27,Maharashtra,496,Solapur,-,-,-,-,-,-,-,-,-,18.07402000,75.12002000,09-11-2023 04:00,0,0,0,0,0,0,0,0,0,0,0,0,0,0,0,0,0,0,0,0,0,0,0,0,0,0,0,0,0,0,0,0,0,0,0,0,0,0,0,0,0,0,0,0,"","","","","",""
66,Ujjani Dam_1,Maharashtra SW,27,Maharashtra,496,Solapur,-,-,-,-,-,-,-,-,-,18.07402000,75.12002000,09-11-2023 05:00,0,0,0,0,0,0,0,0,0,0,0,0,0,0,0,0,0,0,0,0,0,0,0,0,0,0,0,0,0,0,0,0,0,0,0,0,0,0,0,0,0,0,0,0,"","","","","",""
67,Ujjani Dam_1,Maharashtra SW,27,Maharashtra,496,Solapur,-,-,-,-,-,-,-,-,-,18.07402000,75.12002000,09-11-2023 06:00,0,0,0,0,0,0,0,0,0,0,0,0,0,0,0,0,0,0,0,0,0,0,0,0,0,0,0,0,0,0,0,0,0,0,0,0,0,0,0,0,0,0,0,0,"","","","","",""
68,Ujjani Dam_1,Maharashtra SW,27,Maharashtra,496,Solapur,-,-,-,-,-,-,-,-,-,18.07402000,75.12002000,09-11-2023 07:00,0,0,0,0,0,0,0,0,0,0,0,0,0,0,0,0,0,0,0,0,0,0,0,0,0,0,0,0,0,0,0,0,0,0,0,0,0,0,0,0,0,0,0,0,"","","","","",""
69,Ujjani Dam_1,Maharashtra SW,27,Maharashtra,496,Solapur,-,-,-,-,-,-,-,-,-,18.07402000,75.12002000,09-11-2023 08:00,0,0,0,0,0,0,0,0,0,0,0,0,0,0,0,0,0,0,0,0,0,0,0,0,0,0,0,0,0,0,0,0,0,0,0,0,0,0,0,0,0,0,0,0,"","","","","",""
70,Ujjani Dam_1,Maharashtra SW,27,Maharashtra,496,Solapur,-,-,-,-,-,-,-,-,-,18.07402000,75.12002000,09-11-2023 09:00,0,0,0,0,0,0,0,0,0,0,0,0,0,0,0,0,0,0,0,0,0,0,0,0,0,0,0,0,0,0,0,0,0,0,0,0,0,0,0,0,0,0,0,0,"","","","","",""
71,Ujjani Dam_1,Maharashtra SW,27,Maharashtra,496,Solapur,-,-,-,-,-,-,-,-,-,18.07402000,75.12002000,09-11-2023 10:00,0,0,0,0,0,0,0,0,0,0,0,0,0,0,0,0,0,0,0,0,0,0,0,0,0,0,0,0,0,0,0,0,0,0,0,0,0,0,0,0,0,0,0,0,"","","","","",""
72,Ujjani Dam_1,Maharashtra SW,27,Maharashtra,496,Solapur,-,-,-,-,-,-,-,-,-,18.07402000,75.12002000,09-11-2023 11:00,0,0,0,0,0,0,0,0,0,0,0,0,0,0,0,0,0,0,0,0,0,0,0,0,0,0,0,0,0,0,0,0,0,0,0,0,0,0,0,0,0,0,0,0,"","","","","",""
73,Ujjani Dam_1,Maharashtra SW,27,Maharashtra,496,Solapur,-,-,-,-,-,-,-,-,-,18.07402000,75.12002000,09-11-2023 12:00,0,0,0,0,0,0,0,0,0,0,0,0,0,0,0,0,0,0,0,0,0,0,0,0,0,0,0,0,0,0,0,0,0,0,0,0,0,0,0,0,0,0,0,0,"","","","","",""
74,Ujjani Dam_1,Maharashtra SW,27,Maharashtra,496,Solapur,-,-,-,-,-,-,-,-,-,18.07402000,75.12002000,09-11-2023 13:00,0,0,0,0,0,0,0,0,0,0,0,0,0,0,0,0,0,0,0,0,0,0,0,0,0,0,0,0,0,0,0,0,0,0,0,0,0,0,0,0,0,0,0,0,"","","","","",""
75,Ujjani Dam_1,Maharashtra SW,27,Maharashtra,496,Solapur,-,-,-,-,-,-,-,-,-,18.07402000,75.12002000,09-11-2023 14:00,0,0,0,0,0,0,0,0,0,0,0,0,0,0,0,0,0,0,0,0,0,0,0,0,0,0,0,0,0,0,0,0,0,0,0,0,0,0,0,0,0,0,0,0,"","","","","",""
76,Ujjani Dam_1,Maharashtra SW,27,Maharashtra,496,Solapur,-,-,-,-,-,-,-,-,-,18.07402000,75.12002000,09-11-2023 15:00,0,0,0,0,0,0,0,0,0,0,0,0,0,0,0,0,0,0,0,0,0,0,0,0,0,0,0,0,0,0,0,0,0,0,0,0,0,0,0,0,0,0,0,0,"","","","","",""
77,Ujjani Dam_1,Maharashtra SW,27,Maharashtra,496,Solapur,-,-,-,-,-,-,-,-,-,18.07402000,75.12002000,09-11-2023 16:00,0,0,0,0,0,0,0,0,0,0,0,0,0,0,0,0,0,0,0,0,0,0,0,0,0,0,0,0,0,0,0,0,0,0,0,0,0,0,0,0,0,0,0,0,"","","","","",""
78,Ujjani Dam_1,Maharashtra SW,27,Maharashtra,496,Solapur,-,-,-,-,-,-,-,-,-,18.07402000,75.12002000,09-11-2023 17:00,0,0,0,0,0,0,0,0,0,0,0,0,0,0,0,0,0,0,0,0,0,0,0,0,0,0,0,0,0,0,0,0,0,0,0,0,0,0,0,0,0,0,0,0,"","","","","",""
79,Ujjani Dam_1,Maharashtra SW,27,Maharashtra,496,Solapur,-,-,-,-,-,-,-,-,-,18.07402000,75.12002000,09-11-2023 18:00,0,0,0,0,0,0,0,0,0,0,0,0,0,0,0,0,0,0,0,0,0,0,0,0,0,0,0,0,0,0,0,0,0,0,0,0,0,0,0,0,0,0,0,0,"","","","","",""
80,Ujjani Dam_1,Maharashtra SW,27,Maharashtra,496,Solapur,-,-,-,-,-,-,-,-,-,18.07402000,75.12002000,09-11-2023 19:00,0,0,0,0,0,0,0,0,0,0,0,0,0,0,0,0,0,0,0,0,0,0,0,0,0,0,0,0,0,0,0,0,0,0,0,0,0,0,0,0,0,0,0,0,"","","","","",""
81,Ujjani Dam_1,Maharashtra SW,27,Maharashtra,496,Solapur,-,-,-,-,-,-,-,-,-,18.07402000,75.12002000,09-11-2023 20:00,0,0,0,0,0,0,0,0,0,0,0,0,0,0,0,0,0,0,0,0,0,0,0,0,0,0,0,0,0,0,0,0,0,0,0,0,0,0,0,0,0,0,0,0,"","","","","",""
82,Ujjani Dam_1,Maharashtra SW,27,Maharashtra,496,Solapur,-,-,-,-,-,-,-,-,-,18.07402000,75.12002000,09-11-2023 21:00,0,0,0,0,0,0,0,0,0,0,0,0,0,0,0,0,0,0,0,0,0,0,0,0,0,0,0,0,0,0,0,0,0,0,0,0,0,0,0,0,0,0,0,0,"","","","","",""
83,Ujjani Dam_1,Maharashtra SW,27,Maharashtra,496,Solapur,-,-,-,-,-,-,-,-,-,18.07402000,75.12002000,09-11-2023 22:00,0,0,0,0,0,0,0,0,0,0,0,0,0,0,0,0,0,0,0,0,0,0,0,0,0,0,0,0,0,0,0,0,0,0,0,0,0,0,0,0,0,0,0,0,"","","","","",""
84,Ujjani Dam_1,Maharashtra SW,27,Maharashtra,496,Solapur,-,-,-,-,-,-,-,-,-,18.07402000,75.12002000,09-11-2023 23:00,0,0,0,0,0,0,0,0,0,0,0,0,0,0,0,0,0,0,0,0,0,0,0,0,0,0,0,0,0,0,0,0,0,0,0,0,0,0,0,0,0,0,0,0,"","","","","",""
85,Ujjani Dam_1,Maharashtra SW,27,Maharashtra,496,Solapur,-,-,-,-,-,-,-,-,-,18.07402000,75.12002000,10-11-2023 00:00,0,0,0,0,0,0,0,0,0,0,0,0,0,0,0,0,0,0,0,0,0,0,0,0,0,0,0,0,0,0,0,0,0,0,0,0,0,0,0,0,0,0,0,0,"","","","","",""
86,Ujjani Dam_1,Maharashtra SW,27,Maharashtra,496,Solapur,-,-,-,-,-,-,-,-,-,18.07402000,75.12002000,10-11-2023 01:00,0,0,0,0,0,0,0,0,0,0,0,0,0,0,0,0,0,0,0,0,0,0,0,0,0,0,0,0,0,0,0,0,0,0,0,0,0,0,0,0,0,0,0,0,"","","","","",""
87,Ujjani Dam_1,Maharashtra SW,27,Maharashtra,496,Solapur,-,-,-,-,-,-,-,-,-,18.07402000,75.12002000,10-11-2023 02:00,0,0,0,0,0,0,0,0,0,0,0,0,0,0,0,0,0,0,0,0,0,0,0,0,0,0,0,0,0,0,0,0,0,0,0,0,0,0,0,0,0,0,0,0,"","","","","",""
88,Ujjani Dam_1,Maharashtra SW,27,Maharashtra,496,Solapur,-,-,-,-,-,-,-,-,-,18.07402000,75.12002000,10-11-2023 03:00,0,0,0,0,0,0,0,0,0,0,0,0,0,0,0,0,0,0,0,0,0,0,0,0,0,0,0,0,0,0,0,0,0,0,0,0,0,0,0,0,0,0,0,0,"","","","","",""
89,Ujjani Dam_1,Maharashtra SW,27,Maharashtra,496,Solapur,-,-,-,-,-,-,-,-,-,18.07402000,75.12002000,10-11-2023 04:00,0,0,0,0,0,0,0,0,0,0,0,0,0,0,0,0,0,0,0,0,0,0,0,0,0,0,0,0,0,0,0,0,0,0,0,0,0,0,0,0,0,0,0,0,"","","","","",""
90,Ujjani Dam_1,Maharashtra SW,27,Maharashtra,496,Solapur,-,-,-,-,-,-,-,-,-,18.07402000,75.12002000,10-11-2023 05:00,0,0,0,0,0,0,0,0,0,0,0,0,0,0,0,0,0,0,0,0,0,0,0,0,0,0,0,0,0,0,0,0,0,0,0,0,0,0,0,0,0,0,0,0,"","","","","",""
91,Ujjani Dam_1,Maharashtra SW,27,Maharashtra,496,Solapur,-,-,-,-,-,-,-,-,-,18.07402000,75.12002000,10-11-2023 06:00,0,0,0,0,0,0,0,0,0,0,0,0,0,0,0,0,0,0,0,0,0,0,0,0,0,0,0,0,0,0,0,0,0,0,0,0,0,0,0,0,0,0,0,0,"","","","","",""
92,Ujjani Dam_1,Maharashtra SW,27,Maharashtra,496,Solapur,-,-,-,-,-,-,-,-,-,18.07402000,75.12002000,10-11-2023 07:00,0,0,0,0,0,0,0,0,0,0,0,0,0,0,0,0,0,0,0,0,0,0,0,0,0,0,0,0,0,0,0,0,0,0,0,0,0,0,0,0,0,0,0,0,"","","","","",""
93,Ujjani Dam_1,Maharashtra SW,27,Maharashtra,496,Solapur,-,-,-,-,-,-,-,-,-,18.07402000,75.12002000,10-11-2023 08:00,0,0,0,0,0,0,0,0,0,0,0,0,0,0,0,0,0,0,0,0,0,0,0,0,0,0,0,0,0,0,0,0,0,0,0,0,0,0,0,0,0,0,0,0,"","","","","",""
94,Ujjani Dam_1,Maharashtra SW,27,Maharashtra,496,Solapur,-,-,-,-,-,-,-,-,-,18.07402000,75.12002000,10-11-2023 09:00,0,0,0,0,0,0,0,0,0,0,0,0,0,0,0,0,0,0,0,0,0,0,0,0,0,0,0,0,0,0,0,0,0,0,0,0,0,0,0,0,0,0,0,0,"","","","","",""
95,Ujjani Dam_1,Maharashtra SW,27,Maharashtra,496,Solapur,-,-,-,-,-,-,-,-,-,18.07402000,75.12002000,10-11-2023 10:00,0,0,0,0,0,0,0,0,0,0,0,0,0,0,0,0,0,0,0,0,0,0,0,0,0,0,0,0,0,0,0,0,0,0,0,0,0,0,0,0,0,0,0,0,"","","","","",""
96,Ujjani Dam_1,Maharashtra SW,27,Maharashtra,496,Solapur,-,-,-,-,-,-,-,-,-,18.07402000,75.12002000,10-11-2023 11:00,0,0,0,0,0,0,0,0,0,0,0,0,0,0,0,0,0,0,0,0,0,0,0,0,0,0,0,0,0,0,0,0,0,0,0,0,0,0,0,0,0,0,0,0,"","","","","",""
97,Ujjani Dam_1,Maharashtra SW,27,Maharashtra,496,Solapur,-,-,-,-,-,-,-,-,-,18.07402000,75.12002000,10-11-2023 12:00,0,0,0,0,0,0,0,0,0,0,0,0,0,0,0,0,0,0,0,0,0,0,0,0,0,0,0,0,0,0,0,0,0,0,0,0,0,0,0,0,0,0,0,0,"","","","","",""
98,Ujjani Dam_1,Maharashtra SW,27,Maharashtra,496,Solapur,-,-,-,-,-,-,-,-,-,18.07402000,75.12002000,10-11-2023 13:00,0,0,0,0,0,0,0,0,0,0,0,0,0,0,0,0,0,0,0,0,0,0,0,0,0,0,0,0,0,0,0,0,0,0,0,0,0,0,0,0,0,0,0,0,"","","","","",""
99,Ujjani Dam_1,Maharashtra SW,27,Maharashtra,496,Solapur,-,-,-,-,-,-,-,-,-,18.07402000,75.12002000,10-11-2023 14:00,0,0,0,0,0,0,0,0,0,0,0,0,0,0,0,0,0,0,0,0,0,0,0,0,0,0,0,0,0,0,0,0,0,0,0,0,0,0,0,0,0,0,0,0,"","","","","",""
100,Ujjani Dam_1,Maharashtra SW,27,Maharashtra,496,Solapur,-,-,-,-,-,-,-,-,-,18.07402000,75.12002000,10-11-2023 15:00,0,0,0,0,0,0,0,0,0,0,0,0,0,0,0,0,0,0,0,0,0,0,0,0,0,0,0,0,0,0,0,0,0,0,0,0,0,0,0,0,0,0,0,0,"","","","","",""
101,Ujjani Dam_1,Maharashtra SW,27,Maharashtra,496,Solapur,-,-,-,-,-,-,-,-,-,18.07402000,75.12002000,10-11-2023 16:00,0,0,0,0,0,0,0,0,0,0,0,0,0,0,0,0,0,0,0,0,0,0,0,0,0,0,0,0,0,0,0,0,0,0,0,0,0,0,0,0,0,0,0,0,"","","","","",""
102,Ujjani Dam_1,Maharashtra SW,27,Maharashtra,496,Solapur,-,-,-,-,-,-,-,-,-,18.07402000,75.12002000,10-11-2023 17:00,0,0,0,0,0,0,0,0,0,0,0,0,0,0,0,0,0,0,0,0,0,0,0,0,0,0,0,0,0,0,0,0,0,0,0,0,0,0,0,0,0,0,0,0,"","","","","",""
103,Ujjani Dam_1,Maharashtra SW,27,Maharashtra,496,Solapur,-,-,-,-,-,-,-,-,-,18.07402000,75.12002000,10-11-2023 18:00,0,0,0,0,0,0,0,0,0,0,0,0,0,0,0,0,0,0,0,0,0,0,0,0,0,0,0,0,0,0,0,0,0,0,0,0,0,0,0,0,0,0,0,0,"","","","","",""
104,Ujjani Dam_1,Maharashtra SW,27,Maharashtra,496,Solapur,-,-,-,-,-,-,-,-,-,18.07402000,75.12002000,10-11-2023 19:00,0,0,0,0,0,0,0,0,0,0,0,0,0,0,0,0,0,0,0,0,0,0,0,0,0,0,0,0,0,0,0,0,0,0,0,0,0,0,0,0,0,0,0,0,"","","","","",""
105,Ujjani Dam_1,Maharashtra SW,27,Maharashtra,496,Solapur,-,-,-,-,-,-,-,-,-,18.07402000,75.12002000,10-11-2023 20:00,0,0,0,0,0,0,0,0,0,0,0,0,0,0,0,0,0,0,0,0,0,0,0,0,0,0,0,0,0,0,0,0,0,0,0,0,0,0,0,0,0,0,0,0,"","","","","",""
106,Ujjani Dam_1,Maharashtra SW,27,Maharashtra,496,Solapur,-,-,-,-,-,-,-,-,-,18.07402000,75.12002000,10-11-2023 21:00,0,0,0,0,0,0,0,0,0,0,0,0,0,0,0,0,0,0,0,0,0,0,0,0,0,0,0,0,0,0,0,0,0,0,0,0,0,0,0,0,0,0,0,0,"","","","","",""
107,Ujjani Dam_1,Maharashtra SW,27,Maharashtra,496,Solapur,-,-,-,-,-,-,-,-,-,18.07402000,75.12002000,10-11-2023 22:00,0,0,0,0,0,0,0,0,0,0,0,0,0,0,0,0,0,0,0,0,0,0,0,0,0,0,0,0,0,0,0,0,0,0,0,0,0,0,0,0,0,0,0,0,"","","","","",""
108,Ujjani Dam_1,Maharashtra SW,27,Maharashtra,496,Solapur,-,-,-,-,-,-,-,-,-,18.07402000,75.12002000,10-11-2023 23:00,0,0,0,0,0,0,0,0,0,0,0,0,0,0,0,0,0,0,0,0,0,0,0,0,0,0,0,0,0,0,0,0,0,0,0,0,0,0,0,0,0,0,0,0,"","","","","",""
109,Ujjani Dam_1,Maharashtra SW,27,Maharashtra,496,Solapur,-,-,-,-,-,-,-,-,-,18.07402000,75.12002000,11-11-2023 00:00,0,0,0,0,0,0,0,0,0,0,0,0,0,0,0,0,0,0,0,0,0,0,0,0,0,0,0,0,0,0,0,0,0,0,0,0,0,0,0,0,0,0,0,0,"","","","","",""
110,Ujjani Dam_1,Maharashtra SW,27,Maharashtra,496,Solapur,-,-,-,-,-,-,-,-,-,18.07402000,75.12002000,11-11-2023 01:00,0,0,0,0,0,0,0,0,0,0,0,0,0,0,0,0,0,0,0,0,0,0,0,0,0,0,0,0,0,0,0,0,0,0,0,0,0,0,0,0,0,0,0,0,"","","","","",""
111,Ujjani Dam_1,Maharashtra SW,27,Maharashtra,496,Solapur,-,-,-,-,-,-,-,-,-,18.07402000,75.12002000,11-11-2023 02:00,0,0,0,0,0,0,0,0,0,0,0,0,0,0,0,0,0,0,0,0,0,0,0,0,0,0,0,0,0,0,0,0,0,0,0,0,0,0,0,0,0,0,0,0,"","","","","",""
112,Ujjani Dam_1,Maharashtra SW,27,Maharashtra,496,Solapur,-,-,-,-,-,-,-,-,-,18.07402000,75.12002000,11-11-2023 03:00,0,0,0,0,0,0,0,0,0,0,0,0,0,0,0,0,0,0,0,0,0,0,0,0,0,0,0,0,0,0,0,0,0,0,0,0,0,0,0,0,0,0,0,0,"","","","","",""
113,Ujjani Dam_1,Maharashtra SW,27,Maharashtra,496,Solapur,-,-,-,-,-,-,-,-,-,18.07402000,75.12002000,11-11-2023 05:00,0,0,0,0,0,0,0,0,0,0,0,0,0,0,0,0,0,0,0,0,0,0,0,0,0,0,0,0,0,0,0,0,0,0,0,0,0,0,0,0,0,0,0,0,"","","","","",""
114,Ujjani Dam_1,Maharashtra SW,27,Maharashtra,496,Solapur,-,-,-,-,-,-,-,-,-,18.07402000,75.12002000,11-11-2023 06:00,0,0,0,0,0,0,0,0,0,0,0,0,0,0,0,0,0,0,0,0,0,0,0,0,0,0,0,0,0,0,0,0,0,0,0,0,0,0,0,0,0,0,0,0,"","","","","",""
115,Ujjani Dam_1,Maharashtra SW,27,Maharashtra,496,Solapur,-,-,-,-,-,-,-,-,-,18.07402000,75.12002000,11-11-2023 07:00,0,0,0,0,0,0,0,0,0,0,0,0,0,0,0,0,0,0,0,0,0,0,0,0,0,0,0,0,0,0,0,0,0,0,0,0,0,0,0,0,0,0,0,0,"","","","","",""
116,Ujjani Dam_1,Maharashtra SW,27,Maharashtra,496,Solapur,-,-,-,-,-,-,-,-,-,18.07402000,75.12002000,11-11-2023 08:00,0,0,0,0,0,0,0,0,0,0,0,0,0,0,0,0,0,0,0,0,0,0,0,0,0,0,0,0,0,0,0,0,0,0,0,0,0,0,0,0,0,0,0,0,"","","","","",""
117,Ujjani Dam_1,Maharashtra SW,27,Maharashtra,496,Solapur,-,-,-,-,-,-,-,-,-,18.07402000,75.12002000,11-11-2023 09:00,0,0,0,0,0,0,0,0,0,0,0,0,0,0,0,0,0,0,0,0,0,0,0,0,0,0,0,0,0,0,0,0,0,0,0,0,0,0,0,0,0,0,0,0,"","","","","",""
118,Ujjani Dam_1,Maharashtra SW,27,Maharashtra,496,Solapur,-,-,-,-,-,-,-,-,-,18.07402000,75.12002000,11-11-2023 10:00,0,0,0,0,0,0,0,0,0,0,0,0,0,0,0,0,0,0,0,0,0,0,0,0,0,0,0,0,0,0,0,0,0,0,0,0,0,0,0,0,0,0,0,0,"","","","","",""
119,Ujjani Dam_1,Maharashtra SW,27,Maharashtra,496,Solapur,-,-,-,-,-,-,-,-,-,18.07402000,75.12002000,11-11-2023 11:00,0,0,0,0,0,0,0,0,0,0,0,0,0,0,0,0,0,0,0,0,0,0,0,0,0,0,0,0,0,0,0,0,0,0,0,0,0,0,0,0,0,0,0,0,"","","","","",""
120,Ujjani Dam_1,Maharashtra SW,27,Maharashtra,496,Solapur,-,-,-,-,-,-,-,-,-,18.07402000,75.12002000,11-11-2023 12:00,0,0,0,0,0,0,0,0,0,0,0,0,0,0,0,0,0,0,0,0,0,0,0,0,0,0,0,0,0,0,0,0,0,0,0,0,0,0,0,0,0,0,0,0,"","","","","",""
121,Ujjani Dam_1,Maharashtra SW,27,Maharashtra,496,Solapur,-,-,-,-,-,-,-,-,-,18.07402000,75.12002000,11-11-2023 13:00,0,0,0,0,0,0,0,0,0,0,0,0,0,0,0,0,0,0,0,0,0,0,0,0,0,0,0,0,0,0,0,0,0,0,0,0,0,0,0,0,0,0,0,0,"","","","","",""
122,Ujjani Dam_1,Maharashtra SW,27,Maharashtra,496,Solapur,-,-,-,-,-,-,-,-,-,18.07402000,75.12002000,11-11-2023 14:00,0,0,0,0,0,0,0,0,0,0,0,0,0,0,0,0,0,0,0,0,0,0,0,0,0,0,0,0,0,0,0,0,0,0,0,0,0,0,0,0,0,0,0,0,"","","","","",""
123,Ujjani Dam_1,Maharashtra SW,27,Maharashtra,496,Solapur,-,-,-,-,-,-,-,-,-,18.07402000,75.12002000,11-11-2023 15:00,0,0,0,0,0,0,0,0,0,0,0,0,0,0,0,0,0,0,0,0,0,0,0,0,0,0,0,0,0,0,0,0,0,0,0,0,0,0,0,0,0,0,0,0,"","","","","",""
124,Ujjani Dam_1,Maharashtra SW,27,Maharashtra,496,Solapur,-,-,-,-,-,-,-,-,-,18.07402000,75.12002000,11-11-2023 16:00,0,0,0,0,0,0,0,0,0,0,0,0,0,0,0,0,0,0,0,0,0,0,0,0,0,0,0,0,0,0,0,0,0,0,0,0,0,0,0,0,0,0,0,0,"","","","","",""
125,Ujjani Dam_1,Maharashtra SW,27,Maharashtra,496,Solapur,-,-,-,-,-,-,-,-,-,18.07402000,75.12002000,11-11-2023 17:00,0,0,0,0,0,0,0,0,0,0,0,0,0,0,0,0,0,0,0,0,0,0,0,0,0,0,0,0,0,0,0,0,0,0,0,0,0,0,0,0,0,0,0,0,"","","","","",""
126,Ujjani Dam_1,Maharashtra SW,27,Maharashtra,496,Solapur,-,-,-,-,-,-,-,-,-,18.07402000,75.12002000,11-11-2023 18:00,0,0,0,0,0,0,0,0,0,0,0,0,0,0,0,0,0,0,0,0,0,0,0,0,0,0,0,0,0,0,0,0,0,0,0,0,0,0,0,0,0,0,0,0,"","","","","",""
127,Ujjani Dam_1,Maharashtra SW,27,Maharashtra,496,Solapur,-,-,-,-,-,-,-,-,-,18.07402000,75.12002000,11-11-2023 19:00,0,0,0,0,0,0,0,0,0,0,0,0,0,0,0,0,0,0,0,0,0,0,0,0,0,0,0,0,0,0,0,0,0,0,0,0,0,0,0,0,0,0,0,0,"","","","","",""
128,Ujjani Dam_1,Maharashtra SW,27,Maharashtra,496,Solapur,-,-,-,-,-,-,-,-,-,18.07402000,75.12002000,11-11-2023 20:00,0,0,0,0,0,0,0,0,0,0,0,0,0,0,0,0,0,0,0,0,0,0,0,0,0,0,0,0,0,0,0,0,0,0,0,0,0,0,0,0,0,0,0,0,"","","","","",""
129,Ujjani Dam_1,Maharashtra SW,27,Maharashtra,496,Solapur,-,-,-,-,-,-,-,-,-,18.07402000,75.12002000,11-11-2023 21:00,0,0,0,0,0,0,0,0,0,0,0,0,0,0,0,0,0,0,0,0,0,0,0,0,0,0,0,0,0,0,0,0,0,0,0,0,0,0,0,0,0,0,0,0,"","","","","",""
130,Ujjani Dam_1,Maharashtra SW,27,Maharashtra,496,Solapur,-,-,-,-,-,-,-,-,-,18.07402000,75.12002000,11-11-2023 22:00,0,0,0,0,0,0,0,0,0,0,0,0,0,0,0,0,0,0,0,0,0,0,0,0,0,0,0,0,0,0,0,0,0,0,0,0,0,0,0,0,0,0,0,0,"","","","","",""
131,Ujjani Dam_1,Maharashtra SW,27,Maharashtra,496,Solapur,-,-,-,-,-,-,-,-,-,18.07402000,75.12002000,11-11-2023 23:00,0,0,0,0,0,0,0,0,0,0,0,0,0,0,0,0,0,0,0,0,0,0,0,0,0,0,0,0,0,0,0,0,0,0,0,0,0,0,0,0,0,0,0,0,"","","","","",""
132,Ujjani Dam_1,Maharashtra SW,27,Maharashtra,496,Solapur,-,-,-,-,-,-,-,-,-,18.07402000,75.12002000,12-11-2023 00:00,0,0,0,0,0,0,0,0,0,0,0,0,0,0,0,0,0,0,0,0,0,0,0,0,0,0,0,0,0,0,0,0,0,0,0,0,0,0,0,0,0,0,0,0,"","","","","",""
133,Ujjani Dam_1,Maharashtra SW,27,Maharashtra,496,Solapur,-,-,-,-,-,-,-,-,-,18.07402000,75.12002000,12-11-2023 01:00,0,0,0,0,0,0,0,0,0,0,0,0,0,0,0,0,0,0,0,0,0,0,0,0,0,0,0,0,0,0,0,0,0,0,0,0,0,0,0,0,0,0,0,0,"","","","","",""
134,Ujjani Dam_1,Maharashtra SW,27,Maharashtra,496,Solapur,-,-,-,-,-,-,-,-,-,18.07402000,75.12002000,12-11-2023 02:00,0,0,0,0,0,0,0,0,0,0,0,0,0,0,0,0,0,0,0,0,0,0,0,0,0,0,0,0,0,0,0,0,0,0,0,0,0,0,0,0,0,0,0,0,"","","","","",""
135,Ujjani Dam_1,Maharashtra SW,27,Maharashtra,496,Solapur,-,-,-,-,-,-,-,-,-,18.07402000,75.12002000,12-11-2023 03:00,0,0,0,0,0,0,0,0,0,0,0,0,0,0,0,0,0,0,0,0,0,0,0,0,0,0,0,0,0,0,0,0,0,0,0,0,0,0,0,0,0,0,0,0,"","","","","",""
136,Ujjani Dam_1,Maharashtra SW,27,Maharashtra,496,Solapur,-,-,-,-,-,-,-,-,-,18.07402000,75.12002000,12-11-2023 04:00,0,0,0,0,0,0,0,0,0,0,0,0,0,0,0,0,0,0,0,0,0,0,0,0,0,0,0,0,0,0,0,0,0,0,0,0,0,0,0,0,0,0,0,0,"","","","","",""
137,Ujjani Dam_1,Maharashtra SW,27,Maharashtra,496,Solapur,-,-,-,-,-,-,-,-,-,18.07402000,75.12002000,12-11-2023 05:00,0,0,0,0,0,0,0,0,0,0,0,0,0,0,0,0,0,0,0,0,0,0,0,0,0,0,0,0,0,0,0,0,0,0,0,0,0,0,0,0,0,0,0,0,"","","","","",""
138,Ujjani Dam_1,Maharashtra SW,27,Maharashtra,496,Solapur,-,-,-,-,-,-,-,-,-,18.07402000,75.12002000,12-11-2023 06:00,0,0,0,0,0,0,0,0,0,0,0,0,0,0,0,0,0,0,0,0,0,0,0,0,0,0,0,0,0,0,0,0,0,0,0,0,0,0,0,0,0,0,0,0,"","","","","",""
139,Ujjani Dam_1,Maharashtra SW,27,Maharashtra,496,Solapur,-,-,-,-,-,-,-,-,-,18.07402000,75.12002000,12-11-2023 07:00,0,0,0,0,0,0,0,0,0,0,0,0,0,0,0,0,0,0,0,0,0,0,0,0,0,0,0,0,0,0,0,0,0,0,0,0,0,0,0,0,0,0,0,0,"","","","","",""
140,Ujjani Dam_1,Maharashtra SW,27,Maharashtra,496,Solapur,-,-,-,-,-,-,-,-,-,18.07402000,75.12002000,12-11-2023 08:00,0,0,0,0,0,0,0,0,0,0,0,0,0,0,0,0,0,0,0,0,0,0,0,0,0,0,0,0,0,0,0,0,0,0,0,0,0,0,0,0,0,0,0,0,"","","","","",""
141,Ujjani Dam_1,Maharashtra SW,27,Maharashtra,496,Solapur,-,-,-,-,-,-,-,-,-,18.07402000,75.12002000,12-11-2023 09:00,0,0,0,0,0,0,0,0,0,0,0,0,0,0,0,0,0,0,0,0,0,0,0,0,0,0,0,0,0,0,0,0,0,0,0,0,0,0,0,0,0,0,0,0,"","","","","",""
142,Ujjani Dam_1,Maharashtra SW,27,Maharashtra,496,Solapur,-,-,-,-,-,-,-,-,-,18.07402000,75.12002000,12-11-2023 10:00,0,0,0,0,0,0,0,0,0,0,0,0,0,0,0,0,0,0,0,0,0,0,0,0,0,0,0,0,0,0,0,0,0,0,0,0,0,0,0,0,0,0,0,0,"","","","","",""
143,Ujjani Dam_1,Maharashtra SW,27,Maharashtra,496,Solapur,-,-,-,-,-,-,-,-,-,18.07402000,75.12002000,12-11-2023 11:00,0,0,0,0,0,0,0,0,0,0,0,0,0,0,0,0,0,0,0,0,0,0,0,0,0,0,0,0,0,0,0,0,0,0,0,0,0,0,0,0,0,0,0,0,"","","","","",""
144,Ujjani Dam_1,Maharashtra SW,27,Maharashtra,496,Solapur,-,-,-,-,-,-,-,-,-,18.07402000,75.12002000,12-11-2023 12:00,0,0,0,0,0,0,0,0,0,0,0,0,0,0,0,0,0,0,0,0,0,0,0,0,0,0,0,0,0,0,0,0,0,0,0,0,0,0,0,0,0,0,0,0,"","","","","",""
145,Ujjani Dam_1,Maharashtra SW,27,Maharashtra,496,Solapur,-,-,-,-,-,-,-,-,-,18.07402000,75.12002000,12-11-2023 13:00,0,0,0,0,0,0,0,0,0,0,0,0,0,0,0,0,0,0,0,0,0,0,0,0,0,0,0,0,0,0,0,0,0,0,0,0,0,0,0,0,0,0,0,0,"","","","","",""
146,Ujjani Dam_1,Maharashtra SW,27,Maharashtra,496,Solapur,-,-,-,-,-,-,-,-,-,18.07402000,75.12002000,12-11-2023 14:00,0,0,0,0,0,0,0,0,0,0,0,0,0,0,0,0,0,0,0,0,0,0,0,0,0,0,0,0,0,0,0,0,0,0,0,0,0,0,0,0,0,0,0,0,"","","","","",""
147,Ujjani Dam_1,Maharashtra SW,27,Maharashtra,496,Solapur,-,-,-,-,-,-,-,-,-,18.07402000,75.12002000,12-11-2023 15:00,0,0,0,0,0,0,0,0,0,0,0,0,0,0,0,0,0,0,0,0,0,0,0,0,0,0,0,0,0,0,0,0,0,0,0,0,0,0,0,0,0,0,0,0,"","","","","",""
148,Ujjani Dam_1,Maharashtra SW,27,Maharashtra,496,Solapur,-,-,-,-,-,-,-,-,-,18.07402000,75.12002000,12-11-2023 16:00,0,0,0,0,0,0,0,0,0,0,0,0,0,0,0,0,0,0,0,0,0,0,0,0,0,0,0,0,0,0,0,0,0,0,0,0,0,0,0,0,0,0,0,0,"","","","","",""
149,Ujjani Dam_1,Maharashtra SW,27,Maharashtra,496,Solapur,-,-,-,-,-,-,-,-,-,18.07402000,75.12002000,12-11-2023 17:00,0,0,0,0,0,0,0,0,0,0,0,0,0,0,0,0,0,0,0,0,0,0,0,0,0,0,0,0,0,0,0,0,0,0,0,0,0,0,0,0,0,0,0,0,"","","","","",""
150,Ujjani Dam_1,Maharashtra SW,27,Maharashtra,496,Solapur,-,-,-,-,-,-,-,-,-,18.07402000,75.12002000,12-11-2023 18:00,0,0,0,0,0,0,0,0,0,0,0,0,0,0,0,0,0,0,0,0,0,0,0,0,0,0,0,0,0,0,0,0,0,0,0,0,0,0,0,0,0,0,0,0,"","","","","",""
151,Ujjani Dam_1,Maharashtra SW,27,Maharashtra,496,Solapur,-,-,-,-,-,-,-,-,-,18.07402000,75.12002000,12-11-2023 19:00,0,0,0,0,0,0,0,0,0,0,0,0,0,0,0,0,0,0,0,0,0,0,0,0,0,0,0,0,0,0,0,0,0,0,0,0,0,0,0,0,0,0,0,0,"","","","","",""
152,Ujjani Dam_1,Maharashtra SW,27,Maharashtra,496,Solapur,-,-,-,-,-,-,-,-,-,18.07402000,75.12002000,12-11-2023 20:00,0,0,0,0,0,0,0,0,0,0,0,0,0,0,0,0,0,0,0,0,0,0,0,0,0,0,0,0,0,0,0,0,0,0,0,0,0,0,0,0,0,0,0,0,"","","","","",""
153,Ujjani Dam_1,Maharashtra SW,27,Maharashtra,496,Solapur,-,-,-,-,-,-,-,-,-,18.07402000,75.12002000,12-11-2023 21:00,0,0,0,0,0,0,0,0,0,0,0,0,0,0,0,0,0,0,0,0,0,0,0,0,0,0,0,0,0,0,0,0,0,0,0,0,0,0,0,0,0,0,0,0,"","","","","",""
154,Ujjani Dam_1,Maharashtra SW,27,Maharashtra,496,Solapur,-,-,-,-,-,-,-,-,-,18.07402000,75.12002000,12-11-2023 22:00,0,0,0,0,0,0,0,0,0,0,0,0,0,0,0,0,0,0,0,0,0,0,0,0,0,0,0,0,0,0,0,0,0,0,0,0,0,0,0,0,0,0,0,0,"","","","","",""
155,Ujjani Dam_1,Maharashtra SW,27,Maharashtra,496,Solapur,-,-,-,-,-,-,-,-,-,18.07402000,75.12002000,12-11-2023 23:00,0,0,0,0,0,0,0,0,0,0,0,0,0,0,0,0,0,0,0,0,0,0,0,0,0,0,0,0,0,0,0,0,0,0,0,0,0,0,0,0,0,0,0,0,"","","","","",""
156,Ujjani Dam_1,Maharashtra SW,27,Maharashtra,496,Solapur,-,-,-,-,-,-,-,-,-,18.07402000,75.12002000,13-11-2023 00:00,0,0,0,0,0,0,0,0,0,0,0,0,0,0,0,0,0,0,0,0,0,0,0,0,0,0,0,0,0,0,0,0,0,0,0,0,0,0,0,0,0,0,0,0,"","","","","",""
157,Ujjani Dam_1,Maharashtra SW,27,Maharashtra,496,Solapur,-,-,-,-,-,-,-,-,-,18.07402000,75.12002000,13-11-2023 01:00,0,0,0,0,0,0,0,0,0,0,0,0,0,0,0,0,0,0,0,0,0,0,0,0,0,0,0,0,0,0,0,0,0,0,0,0,0,0,0,0,0,0,0,0,"","","","","",""
158,Ujjani Dam_1,Maharashtra SW,27,Maharashtra,496,Solapur,-,-,-,-,-,-,-,-,-,18.07402000,75.12002000,13-11-2023 02:00,0,0,0,0,0,0,0,0,0,0,0,0,0,0,0,0,0,0,0,0,0,0,0,0,0,0,0,0,0,0,0,0,0,0,0,0,0,0,0,0,0,0,0,0,"","","","","",""
159,Ujjani Dam_1,Maharashtra SW,27,Maharashtra,496,Solapur,-,-,-,-,-,-,-,-,-,18.07402000,75.12002000,13-11-2023 03:00,0,0,0,0,0,0,0,0,0,0,0,0,0,0,0,0,0,0,0,0,0,0,0,0,0,0,0,0,0,0,0,0,0,0,0,0,0,0,0,0,0,0,0,0,"","","","","",""
160,Ujjani Dam_1,Maharashtra SW,27,Maharashtra,496,Solapur,-,-,-,-,-,-,-,-,-,18.07402000,75.12002000,13-11-2023 04:00,0,0,0,0,0,0,0,0,0,0,0,0,0,0,0,0,0,0,0,0,0,0,0,0,0,0,0,0,0,0,0,0,0,0,0,0,0,0,0,0,0,0,0,0,"","","","","",""
161,Ujjani Dam_1,Maharashtra SW,27,Maharashtra,496,Solapur,-,-,-,-,-,-,-,-,-,18.07402000,75.12002000,13-11-2023 05:00,0,0,0,0,0,0,0,0,0,0,0,0,0,0,0,0,0,0,0,0,0,0,0,0,0,0,0,0,0,0,0,0,0,0,0,0,0,0,0,0,0,0,0,0,"","","","","",""
162,Ujjani Dam_1,Maharashtra SW,27,Maharashtra,496,Solapur,-,-,-,-,-,-,-,-,-,18.07402000,75.12002000,13-11-2023 06:00,0,0,0,0,0,0,0,0,0,0,0,0,0,0,0,0,0,0,0,0,0,0,0,0,0,0,0,0,0,0,0,0,0,0,0,0,0,0,0,0,0,0,0,0,"","","","","",""
163,Ujjani Dam_1,Maharashtra SW,27,Maharashtra,496,Solapur,-,-,-,-,-,-,-,-,-,18.07402000,75.12002000,13-11-2023 07:00,0,0,0,0,0,0,0,0,0,0,0,0,0,0,0,0,0,0,0,0,0,0,0,0,0,0,0,0,0,0,0,0,0,0,0,0,0,0,0,0,0,0,0,0,"","","","","",""
164,Ujjani Dam_1,Maharashtra SW,27,Maharashtra,496,Solapur,-,-,-,-,-,-,-,-,-,18.07402000,75.12002000,13-11-2023 08:00,0,0,0,0,0,0,0,0,0,0,0,0,0,0,0,0,0,0,0,0,0,0,0,0,0,0,0,0,0,0,0,0,0,0,0,0,0,0,0,0,0,0,0,0,"","","","","",""
165,Ujjani Dam_1,Maharashtra SW,27,Maharashtra,496,Solapur,-,-,-,-,-,-,-,-,-,18.07402000,75.12002000,13-11-2023 09:00,0,0,0,0,0,0,0,0,0,0,0,0,0,0,0,0,0,0,0,0,0,0,0,0,0,0,0,0,0,0,0,0,0,0,0,0,0,0,0,0,0,0,0,0,"","","","","",""
166,Ujjani Dam_1,Maharashtra SW,27,Maharashtra,496,Solapur,-,-,-,-,-,-,-,-,-,18.07402000,75.12002000,13-11-2023 10:00,0,0,0,0,0,0,0,0,0,0,0,0,0,0,0,0,0,0,0,0,0,0,0,0,0,0,0,0,0,0,0,0,0,0,0,0,0,0,0,0,0,0,0,0,"","","","","",""
167,Ujjani Dam_1,Maharashtra SW,27,Maharashtra,496,Solapur,-,-,-,-,-,-,-,-,-,18.07402000,75.12002000,13-11-2023 11:00,0,0,0,0,0,0,0,0,0,0,0,0,0,0,0,0,0,0,0,0,0,0,0,0,0,0,0,0,0,0,0,0,0,0,0,0,0,0,0,0,0,0,0,0,"","","","","",""
168,Ujjani Dam_1,Maharashtra SW,27,Maharashtra,496,Solapur,-,-,-,-,-,-,-,-,-,18.07402000,75.12002000,13-11-2023 13:00,0,0,0,0,0,0,0,0,0,0,0,0,0,0,0,0,0,0,0,0,0,0,0,0,0,0,0,0,0,0,0,0,0,0,0,0,0,0,0,0,0,0,0,0,"","","","","",""
169,Ujjani Dam_1,Maharashtra SW,27,Maharashtra,496,Solapur,-,-,-,-,-,-,-,-,-,18.07402000,75.12002000,13-11-2023 14:00,0,0,0,0,0,0,0,0,0,0,0,0,0,0,0,0,0,0,0,0,0,0,0,0,0,0,0,0,0,0,0,0,0,0,0,0,0,0,0,0,0,0,0,0,"","","","","",""
170,Ujjani Dam_1,Maharashtra SW,27,Maharashtra,496,Solapur,-,-,-,-,-,-,-,-,-,18.07402000,75.12002000,13-11-2023 15:00,0,0,0,0,0,0,0,0,0,0,0,0,0,0,0,0,0,0,0,0,0,0,0,0,0,0,0,0,0,0,0,0,0,0,0,0,0,0,0,0,0,0,0,0,"","","","","",""
171,Ujjani Dam_1,Maharashtra SW,27,Maharashtra,496,Solapur,-,-,-,-,-,-,-,-,-,18.07402000,75.12002000,13-11-2023 16:00,0,0,0,0,0,0,0,0,0,0,0,0,0,0,0,0,0,0,0,0,0,0,0,0,0,0,0,0,0,0,0,0,0,0,0,0,0,0,0,0,0,0,0,0,"","","","","",""
172,Ujjani Dam_1,Maharashtra SW,27,Maharashtra,496,Solapur,-,-,-,-,-,-,-,-,-,18.07402000,75.12002000,13-11-2023 17:00,0,0,0,0,0,0,0,0,0,0,0,0,0,0,0,0,0,0,0,0,0,0,0,0,0,0,0,0,0,0,0,0,0,0,0,0,0,0,0,0,0,0,0,0,"","","","","",""
173,Ujjani Dam_1,Maharashtra SW,27,Maharashtra,496,Solapur,-,-,-,-,-,-,-,-,-,18.07402000,75.12002000,13-11-2023 18:00,0,0,0,0,0,0,0,0,0,0,0,0,0,0,0,0,0,0,0,0,0,0,0,0,0,0,0,0,0,0,0,0,0,0,0,0,0,0,0,0,0,0,0,0,"","","","","",""
174,Ujjani Dam_1,Maharashtra SW,27,Maharashtra,496,Solapur,-,-,-,-,-,-,-,-,-,18.07402000,75.12002000,13-11-2023 19:00,0,0,0,0,0,0,0,0,0,0,0,0,0,0,0,0,0,0,0,0,0,0,0,0,0,0,0,0,0,0,0,0,0,0,0,0,0,0,0,0,0,0,0,0,"","","","","",""
175,Ujjani Dam_1,Maharashtra SW,27,Maharashtra,496,Solapur,-,-,-,-,-,-,-,-,-,18.07402000,75.12002000,13-11-2023 20:00,0,0,0,0,0,0,0,0,0,0,0,0,0,0,0,0,0,0,0,0,0,0,0,0,0,0,0,0,0,0,0,0,0,0,0,0,0,0,0,0,0,0,0,0,"","","","","",""
176,Ujjani Dam_1,Maharashtra SW,27,Maharashtra,496,Solapur,-,-,-,-,-,-,-,-,-,18.07402000,75.12002000,13-11-2023 21:00,0,0,0,0,0,0,0,0,0,0,0,0,0,0,0,0,0,0,0,0,0,0,0,0,0,0,0,0,0,0,0,0,0,0,0,0,0,0,0,0,0,0,0,0,"","","","","",""
177,Ujjani Dam_1,Maharashtra SW,27,Maharashtra,496,Solapur,-,-,-,-,-,-,-,-,-,18.07402000,75.12002000,13-11-2023 22:00,0,0,0,0,0,0,0,0,0,0,0,0,0,0,0,0,0,0,0,0,0,0,0,0,0,0,0,0,0,0,0,0,0,0,0,0,0,0,0,0,0,0,0,0,"","","","","",""
178,Ujjani Dam_1,Maharashtra SW,27,Maharashtra,496,Solapur,-,-,-,-,-,-,-,-,-,18.07402000,75.12002000,13-11-2023 23:00,0,0,0,0,0,0,0,0,0,0,0,0,0,0,0,0,0,0,0,0,0,0,0,0,0,0,0,0,0,0,0,0,0,0,0,0,0,0,0,0,0,0,0,0,"","","","","",""
179,Ujjani Dam_1,Maharashtra SW,27,Maharashtra,496,Solapur,-,-,-,-,-,-,-,-,-,18.07402000,75.12002000,14-11-2023 00:00,0,0,0,0,0,0,0,0,0,0,0,0,0,0,0,0,0,0,0,0,0,0,0,0,0,0,0,0,0,0,0,0,0,0,0,0,0,0,0,0,0,0,0,0,"","","","","",""
180,Ujjani Dam_1,Maharashtra SW,27,Maharashtra,496,Solapur,-,-,-,-,-,-,-,-,-,18.07402000,75.12002000,14-11-2023 01:00,0,0,0,0,0,0,0,0,0,0,0,0,0,0,0,0,0,0,0,0,0,0,0,0,0,0,0,0,0,0,0,0,0,0,0,0,0,0,0,0,0,0,0,0,"","","","","",""
181,Ujjani Dam_1,Maharashtra SW,27,Maharashtra,496,Solapur,-,-,-,-,-,-,-,-,-,18.07402000,75.12002000,14-11-2023 02:00,0,0,0,0,0,0,0,0,0,0,0,0,0,0,0,0,0,0,0,0,0,0,0,0,0,0,0,0,0,0,0,0,0,0,0,0,0,0,0,0,0,0,0,0,"","","","","",""
182,Ujjani Dam_1,Maharashtra SW,27,Maharashtra,496,Solapur,-,-,-,-,-,-,-,-,-,18.07402000,75.12002000,14-11-2023 03:00,0,0,0,0,0,0,0,0,0,0,0,0,0,0,0,0,0,0,0,0,0,0,0,0,0,0,0,0,0,0,0,0,0,0,0,0,0,0,0,0,0,0,0,0,"","","","","",""
183,Ujjani Dam_1,Maharashtra SW,27,Maharashtra,496,Solapur,-,-,-,-,-,-,-,-,-,18.07402000,75.12002000,14-11-2023 04:00,0,0,0,0,0,0,0,0,0,0,0,0,0,0,0,0,0,0,0,0,0,0,0,0,0,0,0,0,0,0,0,0,0,0,0,0,0,0,0,0,0,0,0,0,"","","","","",""
184,Ujjani Dam_1,Maharashtra SW,27,Maharashtra,496,Solapur,-,-,-,-,-,-,-,-,-,18.07402000,75.12002000,14-11-2023 05:00,0,0,0,0,0,0,0,0,0,0,0,0,0,0,0,0,0,0,0,0,0,0,0,0,0,0,0,0,0,0,0,0,0,0,0,0,0,0,0,0,0,0,0,0,"","","","","",""
185,Ujjani Dam_1,Maharashtra SW,27,Maharashtra,496,Solapur,-,-,-,-,-,-,-,-,-,18.07402000,75.12002000,14-11-2023 06:00,0,0,0,0,0,0,0,0,0,0,0,0,0,0,0,0,0,0,0,0,0,0,0,0,0,0,0,0,0,0,0,0,0,0,0,0,0,0,0,0,0,0,0,0,"","","","","",""
186,Ujjani Dam_1,Maharashtra SW,27,Maharashtra,496,Solapur,-,-,-,-,-,-,-,-,-,18.07402000,75.12002000,14-11-2023 07:00,0,0,0,0,0,0,0,0,0,0,0,0,0,0,0,0,0,0,0,0,0,0,0,0,0,0,0,0,0,0,0,0,0,0,0,0,0,0,0,0,0,0,0,0,"","","","","",""
187,Ujjani Dam_1,Maharashtra SW,27,Maharashtra,496,Solapur,-,-,-,-,-,-,-,-,-,18.07402000,75.12002000,14-11-2023 08:00,0,0,0,0,0,0,0,0,0,0,0,0,0,0,0,0,0,0,0,0,0,0,0,0,0,0,0,0,0,0,0,0,0,0,0,0,0,0,0,0,0,0,0,0,"","","","","",""
188,Ujjani Dam_1,Maharashtra SW,27,Maharashtra,496,Solapur,-,-,-,-,-,-,-,-,-,18.07402000,75.12002000,14-11-2023 09:00,0,0,0,0,0,0,0,0,0,0,0,0,0,0,0,0,0,0,0,0,0,0,0,0,0,0,0,0,0,0,0,0,0,0,0,0,0,0,0,0,0,0,0,0,"","","","","",""
189,Ujjani Dam_1,Maharashtra SW,27,Maharashtra,496,Solapur,-,-,-,-,-,-,-,-,-,18.07402000,75.12002000,14-11-2023 10:00,0,0,0,0,0,0,0,0,0,0,0,0,0,0,0,0,0,0,0,0,0,0,0,0,0,0,0,0,0,0,0,0,0,0,0,0,0,0,0,0,0,0,0,0,"","","","","",""
190,Ujjani Dam_1,Maharashtra SW,27,Maharashtra,496,Solapur,-,-,-,-,-,-,-,-,-,18.07402000,75.12002000,14-11-2023 11:00,0,0,0,0,0,0,0,0,0,0,0,0,0,0,0,0,0,0,0,0,0,0,0,0,0,0,0,0,0,0,0,0,0,0,0,0,0,0,0,0,0,0,0,0,"","","","","",""
191,Ujjani Dam_1,Maharashtra SW,27,Maharashtra,496,Solapur,-,-,-,-,-,-,-,-,-,18.07402000,75.12002000,14-11-2023 12:00,0,0,0,0,0,0,0,0,0,0,0,0,0,0,0,0,0,0,0,0,0,0,0,0,0,0,0,0,0,0,0,0,0,0,0,0,0,0,0,0,0,0,0,0,"","","","","",""
192,Ujjani Dam_1,Maharashtra SW,27,Maharashtra,496,Solapur,-,-,-,-,-,-,-,-,-,18.07402000,75.12002000,14-11-2023 13:00,0,0,0,0,0,0,0,0,0,0,0,0,0,0,0,0,0,0,0,0,0,0,0,0,0,0,0,0,0,0,0,0,0,0,0,0,0,0,0,0,0,0,0,0,"","","","","",""
193,Ujjani Dam_1,Maharashtra SW,27,Maharashtra,496,Solapur,-,-,-,-,-,-,-,-,-,18.07402000,75.12002000,14-11-2023 14:00,0,0,0,0,0,0,0,0,0,0,0,0,0,0,0,0,0,0,0,0,0,0,0,0,0,0,0,0,0,0,0,0,0,0,0,0,0,0,0,0,0,0,0,0,"","","","","",""
194,Ujjani Dam_1,Maharashtra SW,27,Maharashtra,496,Solapur,-,-,-,-,-,-,-,-,-,18.07402000,75.12002000,14-11-2023 15:00,0,0,0,0,0,0,0,0,0,0,0,0,0,0,0,0,0,0,0,0,0,0,0,0,0,0,0,0,0,0,0,0,0,0,0,0,0,0,0,0,0,0,0,0,"","","","","",""
195,Ujjani Dam_1,Maharashtra SW,27,Maharashtra,496,Solapur,-,-,-,-,-,-,-,-,-,18.07402000,75.12002000,14-11-2023 16:00,0,0,0,0,0,0,0,0,0,0,0,0,0,0,0,0,0,0,0,0,0,0,0,0,0,0,0,0,0,0,0,0,0,0,0,0,0,0,0,0,0,0,0,0,"","","","","",""
196,Ujjani Dam_1,Maharashtra SW,27,Maharashtra,496,Solapur,-,-,-,-,-,-,-,-,-,18.07402000,75.12002000,14-11-2023 17:00,0,0,0,0,0,0,0,0,0,0,0,0,0,0,0,0,0,0,0,0,0,0,0,0,0,0,0,0,0,0,0,0,0,0,0,0,0,0,0,0,0,0,0,0,"","","","","",""
197,Ujjani Dam_1,Maharashtra SW,27,Maharashtra,496,Solapur,-,-,-,-,-,-,-,-,-,18.07402000,75.12002000,14-11-2023 18:00,0,0,0,0,0,0,0,0,0,0,0,0,0,0,0,0,0,0,0,0,0,0,0,0,0,0,0,0,0,0,0,0,0,0,0,0,0,0,0,0,0,0,0,0,"","","","","",""
198,Ujjani Dam_1,Maharashtra SW,27,Maharashtra,496,Solapur,-,-,-,-,-,-,-,-,-,18.07402000,75.12002000,14-11-2023 19:00,0,0,0,0,0,0,0,0,0,0,0,0,0,0,0,0,0,0,0,0,0,0,0,0,0,0,0,0,0,0,0,0,0,0,0,0,0,0,0,0,0,0,0,0,"","","","","",""
199,Ujjani Dam_1,Maharashtra SW,27,Maharashtra,496,Solapur,-,-,-,-,-,-,-,-,-,18.07402000,75.12002000,14-11-2023 20:00,0,0,0,0,0,0,0,0,0,0,0,0,0,0,0,0,0,0,0,0,0,0,0,0,0,0,0,0,0,0,0,0,0,0,0,0,0,0,0,0,0,0,0,0,"","","","","",""
200,Ujjani Dam_1,Maharashtra SW,27,Maharashtra,496,Solapur,-,-,-,-,-,-,-,-,-,18.07402000,75.12002000,14-11-2023 21:00,0,0,0,0,0,0,0,0,0,0,0,0,0,0,0,0,0,0,0,0,0,0,0,0,0,0,0,0,0,0,0,0,0,0,0,0,0,0,0,0,0,0,0,0,"","","","","",""
201,Ujjani Dam_1,Maharashtra SW,27,Maharashtra,496,Solapur,-,-,-,-,-,-,-,-,-,18.07402000,75.12002000,14-11-2023 22:00,0,0,0,0,0,0,0,0,0,0,0,0,0,0,0,0,0,0,0,0,0,0,0,0,0,0,0,0,0,0,0,0,0,0,0,0,0,0,0,0,0,0,0,0,"","","","","",""
202,Ujjani Dam_1,Maharashtra SW,27,Maharashtra,496,Solapur,-,-,-,-,-,-,-,-,-,18.07402000,75.12002000,14-11-2023 23:00,0,0,0,0,0,0,0,0,0,0,0,0,0,0,0,0,0,0,0,0,0,0,0,0,0,0,0,0,0,0,0,0,0,0,0,0,0,0,0,0,0,0,0,0,"","","","","",""
203,Ujjani Dam_1,Maharashtra SW,27,Maharashtra,496,Solapur,-,-,-,-,-,-,-,-,-,18.07402000,75.12002000,15-11-2023 00:00,0,0,0,0,0,0,0,0,0,0,0,0,0,0,0,0,0,0,0,0,0,0,0,0,0,0,0,0,0,0,0,0,0,0,0,0,0,0,0,0,0,0,0,0,"","","","","",""
204,Ujjani Dam_1,Maharashtra SW,27,Maharashtra,496,Solapur,-,-,-,-,-,-,-,-,-,18.07402000,75.12002000,15-11-2023 01:00,0,0,0,0,0,0,0,0,0,0,0,0,0,0,0,0,0,0,0,0,0,0,0,0,0,0,0,0,0,0,0,0,0,0,0,0,0,0,0,0,0,0,0,0,"","","","","",""
205,Ujjani Dam_1,Maharashtra SW,27,Maharashtra,496,Solapur,-,-,-,-,-,-,-,-,-,18.07402000,75.12002000,15-11-2023 02:00,0,0,0,0,0,0,0,0,0,0,0,0,0,0,0,0,0,0,0,0,0,0,0,0,0,0,0,0,0,0,0,0,0,0,0,0,0,0,0,0,0,0,0,0,"","","","","",""
206,Ujjani Dam_1,Maharashtra SW,27,Maharashtra,496,Solapur,-,-,-,-,-,-,-,-,-,18.07402000,75.12002000,15-11-2023 03:00,0,0,0,0,0,0,0,0,0,0,0,0,0,0,0,0,0,0,0,0,0,0,0,0,0,0,0,0,0,0,0,0,0,0,0,0,0,0,0,0,0,0,0,0,"","","","","",""
207,Ujjani Dam_1,Maharashtra SW,27,Maharashtra,496,Solapur,-,-,-,-,-,-,-,-,-,18.07402000,75.12002000,15-11-2023 04:00,0,0,0,0,0,0,0,0,0,0,0,0,0,0,0,0,0,0,0,0,0,0,0,0,0,0,0,0,0,0,0,0,0,0,0,0,0,0,0,0,0,0,0,0,"","","","","",""
208,Ujjani Dam_1,Maharashtra SW,27,Maharashtra,496,Solapur,-,-,-,-,-,-,-,-,-,18.07402000,75.12002000,15-11-2023 05:00,0,0,0,0,0,0,0,0,0,0,0,0,0,0,0,0,0,0,0,0,0,0,0,0,0,0,0,0,0,0,0,0,0,0,0,0,0,0,0,0,0,0,0,0,"","","","","",""
209,Ujjani Dam_1,Maharashtra SW,27,Maharashtra,496,Solapur,-,-,-,-,-,-,-,-,-,18.07402000,75.12002000,15-11-2023 06:00,0,0,0,0,0,0,0,0,0,0,0,0,0,0,0,0,0,0,0,0,0,0,0,0,0,0,0,0,0,0,0,0,0,0,0,0,0,0,0,0,0,0,0,0,"","","","","",""
210,Ujjani Dam_1,Maharashtra SW,27,Maharashtra,496,Solapur,-,-,-,-,-,-,-,-,-,18.07402000,75.12002000,15-11-2023 07:00,0,0,0,0,0,0,0,0,0,0,0,0,0,0,0,0,0,0,0,0,0,0,0,0,0,0,0,0,0,0,0,0,0,0,0,0,0,0,0,0,0,0,0,0,"","","","","",""
211,Ujjani Dam_1,Maharashtra SW,27,Maharashtra,496,Solapur,-,-,-,-,-,-,-,-,-,18.07402000,75.12002000,15-11-2023 08:00,0,0,0,0,0,0,0,0,0,0,0,0,0,0,0,0,0,0,0,0,0,0,0,0,0,0,0,0,0,0,0,0,0,0,0,0,0,0,0,0,0,0,0,0,"","","","","",""
212,Ujjani Dam_1,Maharashtra SW,27,Maharashtra,496,Solapur,-,-,-,-,-,-,-,-,-,18.07402000,75.12002000,15-11-2023 09:00,0,0,0,0,0,0,0,0,0,0,0,0,0,0,0,0,0,0,0,0,0,0,0,0,0,0,0,0,0,0,0,0,0,0,0,0,0,0,0,0,0,0,0,0,"","","","","",""
213,Ujjani Dam_1,Maharashtra SW,27,Maharashtra,496,Solapur,-,-,-,-,-,-,-,-,-,18.07402000,75.12002000,15-11-2023 10:00,0,0,0,0,0,0,0,0,0,0,0,0,0,0,0,0,0,0,0,0,0,0,0,0,0,0,0,0,0,0,0,0,0,0,0,0,0,0,0,0,0,0,0,0,"","","","","",""
214,Ujjani Dam_1,Maharashtra SW,27,Maharashtra,496,Solapur,-,-,-,-,-,-,-,-,-,18.07402000,75.12002000,15-11-2023 11:00,0,0,0,0,0,0,0,0,0,0,0,0,0,0,0,0,0,0,0,0,0,0,0,0,0,0,0,0,0,0,0,0,0,0,0,0,0,0,0,0,0,0,0,0,"","","","","",""
215,Ujjani Dam_1,Maharashtra SW,27,Maharashtra,496,Solapur,-,-,-,-,-,-,-,-,-,18.07402000,75.12002000,15-11-2023 12:00,0,0,0,0,0,0,0,0,0,0,0,0,0,0,0,0,0,0,0,0,0,0,0,0,0,0,0,0,0,0,0,0,0,0,0,0,0,0,0,0,0,0,0,0,"","","","","",""
216,Ujjani Dam_1,Maharashtra SW,27,Maharashtra,496,Solapur,-,-,-,-,-,-,-,-,-,18.07402000,75.12002000,15-11-2023 13:00,0,0,0,0,0,0,0,0,0,0,0,0,0,0,0,0,0,0,0,0,0,0,0,0,0,0,0,0,0,0,0,0,0,0,0,0,0,0,0,0,0,0,0,0,"","","","","",""
217,Ujjani Dam_1,Maharashtra SW,27,Maharashtra,496,Solapur,-,-,-,-,-,-,-,-,-,18.07402000,75.12002000,15-11-2023 14:00,0,0,0,0,0,0,0,0,0,0,0,0,0,0,0,0,0,0,0,0,0,0,0,0,0,0,0,0,0,0,0,0,0,0,0,0,0,0,0,0,0,0,0,0,"","","","","",""
218,Ujjani Dam_1,Maharashtra SW,27,Maharashtra,496,Solapur,-,-,-,-,-,-,-,-,-,18.07402000,75.12002000,15-11-2023 15:00,0,0,0,0,0,0,0,0,0,0,0,0,0,0,0,0,0,0,0,0,0,0,0,0,0,0,0,0,0,0,0,0,0,0,0,0,0,0,0,0,0,0,0,0,"","","","","",""
219,Ujjani Dam_1,Maharashtra SW,27,Maharashtra,496,Solapur,-,-,-,-,-,-,-,-,-,18.07402000,75.12002000,15-11-2023 16:00,0,0,0,0,0,0,0,0,0,0,0,0,0,0,0,0,0,0,0,0,0,0,0,0,0,0,0,0,0,0,0,0,0,0,0,0,0,0,0,0,0,0,0,0,"","","","","",""
220,Ujjani Dam_1,Maharashtra SW,27,Maharashtra,496,Solapur,-,-,-,-,-,-,-,-,-,18.07402000,75.12002000,15-11-2023 17:00,0,0,0,0,0,0,0,0,0,0,0,0,0,0,0,0,0,0,0,0,0,0,0,0,0,0,0,0,0,0,0,0,0,0,0,0,0,0,0,0,0,0,0,0,"","","","","",""
221,Ujjani Dam_1,Maharashtra SW,27,Maharashtra,496,Solapur,-,-,-,-,-,-,-,-,-,18.07402000,75.12002000,15-11-2023 18:00,0,0,0,0,0,0,0,0,0,0,0,0,0,0,0,0,0,0,0,0,0,0,0,0,0,0,0,0,0,0,0,0,0,0,0,0,0,0,0,0,0,0,0,0,"","","","","",""
222,Ujjani Dam_1,Maharashtra SW,27,Maharashtra,496,Solapur,-,-,-,-,-,-,-,-,-,18.07402000,75.12002000,15-11-2023 19:00,0,0,0,0,0,0,0,0,0,0,0,0,0,0,0,0,0,0,0,0,0,0,0,0,0,0,0,0,0,0,0,0,0,0,0,0,0,0,0,0,0,0,0,0,"","","","","",""
223,Ujjani Dam_1,Maharashtra SW,27,Maharashtra,496,Solapur,-,-,-,-,-,-,-,-,-,18.07402000,75.12002000,15-11-2023 20:00,0,0,0,0,0,0,0,0,0,0,0,0,0,0,0,0,0,0,0,0,0,0,0,0,0,0,0,0,0,0,0,0,0,0,0,0,0,0,0,0,0,0,0,0,"","","","","",""
224,Ujjani Dam_1,Maharashtra SW,27,Maharashtra,496,Solapur,-,-,-,-,-,-,-,-,-,18.07402000,75.12002000,15-11-2023 21:00,0,0,0,0,0,0,0,0,0,0,0,0,0,0,0,0,0,0,0,0,0,0,0,0,0,0,0,0,0,0,0,0,0,0,0,0,0,0,0,0,0,0,0,0,"","","","","",""
225,Ujjani Dam_1,Maharashtra SW,27,Maharashtra,496,Solapur,-,-,-,-,-,-,-,-,-,18.07402000,75.12002000,15-11-2023 22:00,0,0,0,0,0,0,0,0,0,0,0,0,0,0,0,0,0,0,0,0,0,0,0,0,0,0,0,0,0,0,0,0,0,0,0,0,0,0,0,0,0,0,0,0,"","","","","",""
226,Ujjani Dam_1,Maharashtra SW,27,Maharashtra,496,Solapur,-,-,-,-,-,-,-,-,-,18.07402000,75.12002000,15-11-2023 23:00,0,0,0,0,0,0,0,0,0,0,0,0,0,0,0,0,0,0,0,0,0,0,0,0,0,0,0,0,0,0,0,0,0,0,0,0,0,0,0,0,0,0,0,0,"","","","","",""
227,Ujjani Dam_1,Maharashtra SW,27,Maharashtra,496,Solapur,-,-,-,-,-,-,-,-,-,18.07402000,75.12002000,16-11-2023 01:00,0,0,0,0,0,0,0,0,0,0,0,0,0,0,0,0,0,0,0,0,0,0,0,0,0,0,0,0,0,0,0,0,0,0,0,0,0,0,0,0,0,0,0,0,"","","","","",""
228,Ujjani Dam_1,Maharashtra SW,27,Maharashtra,496,Solapur,-,-,-,-,-,-,-,-,-,18.07402000,75.12002000,16-11-2023 02:00,0,0,0,0,0,0,0,0,0,0,0,0,0,0,0,0,0,0,0,0,0,0,0,0,0,0,0,0,0,0,0,0,0,0,0,0,0,0,0,0,0,0,0,0,"","","","","",""
229,Ujjani Dam_1,Maharashtra SW,27,Maharashtra,496,Solapur,-,-,-,-,-,-,-,-,-,18.07402000,75.12002000,16-11-2023 03:00,0,0,0,0,0,0,0,0,0,0,0,0,0,0,0,0,0,0,0,0,0,0,0,0,0,0,0,0,0,0,0,0,0,0,0,0,0,0,0,0,0,0,0,0,"","","","","",""
230,Ujjani Dam_1,Maharashtra SW,27,Maharashtra,496,Solapur,-,-,-,-,-,-,-,-,-,18.07402000,75.12002000,16-11-2023 04:00,0,0,0,0,0,0,0,0,0,0,0,0,0,0,0,0,0,0,0,0,0,0,0,0,0,0,0,0,0,0,0,0,0,0,0,0,0,0,0,0,0,0,0,0,"","","","","",""
231,Ujjani Dam_1,Maharashtra SW,27,Maharashtra,496,Solapur,-,-,-,-,-,-,-,-,-,18.07402000,75.12002000,16-11-2023 05:00,0,0,0,0,0,0,0,0,0,0,0,0,0,0,0,0,0,0,0,0,0,0,0,0,0,0,0,0,0,0,0,0,0,0,0,0,0,0,0,0,0,0,0,0,"","","","","",""
232,Ujjani Dam_1,Maharashtra SW,27,Maharashtra,496,Solapur,-,-,-,-,-,-,-,-,-,18.07402000,75.12002000,16-11-2023 06:00,0,0,0,0,0,0,0,0,0,0,0,0,0,0,0,0,0,0,0,0,0,0,0,0,0,0,0,0,0,0,0,0,0,0,0,0,0,0,0,0,0,0,0,0,"","","","","",""
233,Ujjani Dam_1,Maharashtra SW,27,Maharashtra,496,Solapur,-,-,-,-,-,-,-,-,-,18.07402000,75.12002000,16-11-2023 07:00,0,0,0,0,0,0,0,0,0,0,0,0,0,0,0,0,0,0,0,0,0,0,0,0,0,0,0,0,0,0,0,0,0,0,0,0,0,0,0,0,0,0,0,0,"","","","","",""
234,Ujjani Dam_1,Maharashtra SW,27,Maharashtra,496,Solapur,-,-,-,-,-,-,-,-,-,18.07402000,75.12002000,16-11-2023 08:00,0,0,0,0,0,0,0,0,0,0,0,0,0,0,0,0,0,0,0,0,0,0,0,0,0,0,0,0,0,0,0,0,0,0,0,0,0,0,0,0,0,0,0,0,"","","","","",""
235,Ujjani Dam_1,Maharashtra SW,27,Maharashtra,496,Solapur,-,-,-,-,-,-,-,-,-,18.07402000,75.12002000,16-11-2023 09:00,0,0,0,0,0,0,0,0,0,0,0,0,0,0,0,0,0,0,0,0,0,0,0,0,0,0,0,0,0,0,0,0,0,0,0,0,0,0,0,0,0,0,0,0,"","","","","",""
236,Ujjani Dam_1,Maharashtra SW,27,Maharashtra,496,Solapur,-,-,-,-,-,-,-,-,-,18.07402000,75.12002000,16-11-2023 10:00,0,0,0,0,0,0,0,0,0,0,0,0,0,0,0,0,0,0,0,0,0,0,0,0,0,0,0,0,0,0,0,0,0,0,0,0,0,0,0,0,0,0,0,0,"","","","","",""
237,Ujjani Dam_1,Maharashtra SW,27,Maharashtra,496,Solapur,-,-,-,-,-,-,-,-,-,18.07402000,75.12002000,16-11-2023 11:00,0,0,0,0,0,0,0,0,0,0,0,0,0,0,0,0,0,0,0,0,0,0,0,0,0,0,0,0,0,0,0,0,0,0,0,0,0,0,0,0,0,0,0,0,"","","","","",""
238,Ujjani Dam_1,Maharashtra SW,27,Maharashtra,496,Solapur,-,-,-,-,-,-,-,-,-,18.07402000,75.12002000,16-11-2023 12:00,0,0,0,0,0,0,0,0,0,0,0,0,0,0,0,0,0,0,0,0,0,0,0,0,0,0,0,0,0,0,0,0,0,0,0,0,0,0,0,0,0,0,0,0,"","","","","",""
239,Ujjani Dam_1,Maharashtra SW,27,Maharashtra,496,Solapur,-,-,-,-,-,-,-,-,-,18.07402000,75.12002000,16-11-2023 13:00,0,0,0,0,0,0,0,0,0,0,0,0,0,0,0,0,0,0,0,0,0,0,0,0,0,0,0,0,0,0,0,0,0,0,0,0,0,0,0,0,0,0,0,0,"","","","","",""
240,Ujjani Dam_1,Maharashtra SW,27,Maharashtra,496,Solapur,-,-,-,-,-,-,-,-,-,18.07402000,75.12002000,16-11-2023 14:00,0,0,0,0,0,0,0,0,0,0,0,0,0,0,0,0,0,0,0,0,0,0,0,0,0,0,0,0,0,0,0,0,0,0,0,0,0,0,0,0,0,0,0,0,"","","","","",""
241,Ujjani Dam_1,Maharashtra SW,27,Maharashtra,496,Solapur,-,-,-,-,-,-,-,-,-,18.07402000,75.12002000,16-11-2023 15:00,0,0,0,0,0,0,0,0,0,0,0,0,0,0,0,0,0,0,0,0,0,0,0,0,0,0,0,0,0,0,0,0,0,0,0,0,0,0,0,0,0,0,0,0,"","","","","",""
242,Ujjani Dam_1,Maharashtra SW,27,Maharashtra,496,Solapur,-,-,-,-,-,-,-,-,-,18.07402000,75.12002000,16-11-2023 16:00,0,0,0,0,0,0,0,0,0,0,0,0,0,0,0,0,0,0,0,0,0,0,0,0,0,0,0,0,0,0,0,0,0,0,0,0,0,0,0,0,0,0,0,0,"","","","","",""
243,Ujjani Dam_1,Maharashtra SW,27,Maharashtra,496,Solapur,-,-,-,-,-,-,-,-,-,18.07402000,75.12002000,16-11-2023 17:00,0,0,0,0,0,0,0,0,0,0,0,0,0,0,0,0,0,0,0,0,0,0,0,0,0,0,0,0,0,0,0,0,0,0,0,0,0,0,0,0,0,0,0,0,"","","","","",""
244,Ujjani Dam_1,Maharashtra SW,27,Maharashtra,496,Solapur,-,-,-,-,-,-,-,-,-,18.07402000,75.12002000,16-11-2023 18:00,0,0,0,0,0,0,0,0,0,0,0,0,0,0,0,0,0,0,0,0,0,0,0,0,0,0,0,0,0,0,0,0,0,0,0,0,0,0,0,0,0,0,0,0,"","","","","",""
245,Ujjani Dam_1,Maharashtra SW,27,Maharashtra,496,Solapur,-,-,-,-,-,-,-,-,-,18.07402000,75.12002000,16-11-2023 19:00,0,0,0,0,0,0,0,0,0,0,0,0,0,0,0,0,0,0,0,0,0,0,0,0,0,0,0,0,0,0,0,0,0,0,0,0,0,0,0,0,0,0,0,0,"","","","","",""
246,Ujjani Dam_1,Maharashtra SW,27,Maharashtra,496,Solapur,-,-,-,-,-,-,-,-,-,18.07402000,75.12002000,16-11-2023 20:00,0,0,0,0,0,0,0,0,0,0,0,0,0,0,0,0,0,0,0,0,0,0,0,0,0,0,0,0,0,0,0,0,0,0,0,0,0,0,0,0,0,0,0,0,"","","","","",""
247,Ujjani Dam_1,Maharashtra SW,27,Maharashtra,496,Solapur,-,-,-,-,-,-,-,-,-,18.07402000,75.12002000,16-11-2023 21:00,0,0,0,0,0,0,0,0,0,0,0,0,0,0,0,0,0,0,0,0,0,0,0,0,0,0,0,0,0,0,0,0,0,0,0,0,0,0,0,0,0,0,0,0,"","","","","",""
248,Ujjani Dam_1,Maharashtra SW,27,Maharashtra,496,Solapur,-,-,-,-,-,-,-,-,-,18.07402000,75.12002000,16-11-2023 22:00,0,0,0,0,0,0,0,0,0,0,0,0,0,0,0,0,0,0,0,0,0,0,0,0,0,0,0,0,0,0,0,0,0,0,0,0,0,0,0,0,0,0,0,0,"","","","","",""
249,Ujjani Dam_1,Maharashtra SW,27,Maharashtra,496,Solapur,-,-,-,-,-,-,-,-,-,18.07402000,75.12002000,16-11-2023 23:00,0,0,0,0,0,0,0,0,0,0,0,0,0,0,0,0,0,0,0,0,0,0,0,0,0,0,0,0,0,0,0,0,0,0,0,0,0,0,0,0,0,0,0,0,"","","","","",""
250,Ujjani Dam_1,Maharashtra SW,27,Maharashtra,496,Solapur,-,-,-,-,-,-,-,-,-,18.07402000,75.12002000,17-11-2023 00:00,0,0,0,0,0,0,0,0,0,0,0,0,0,0,0,0,0,0,0,0,0,0,0,0,0,0,0,0,0,0,0,0,0,0,0,0,0,0,0,0,0,0,0,0,"","","","","",""
251,Ujjani Dam_1,Maharashtra SW,27,Maharashtra,496,Solapur,-,-,-,-,-,-,-,-,-,18.07402000,75.12002000,17-11-2023 01:00,0,0,0,0,0,0,0,0,0,0,0,0,0,0,0,0,0,0,0,0,0,0,0,0,0,0,0,0,0,0,0,0,0,0,0,0,0,0,0,0,0,0,0,0,"","","","","",""
252,Ujjani Dam_1,Maharashtra SW,27,Maharashtra,496,Solapur,-,-,-,-,-,-,-,-,-,18.07402000,75.12002000,17-11-2023 02:00,0,0,0,0,0,0,0,0,0,0,0,0,0,0,0,0,0,0,0,0,0,0,0,0,0,0,0,0,0,0,0,0,0,0,0,0,0,0,0,0,0,0,0,0,"","","","","",""
253,Ujjani Dam_1,Maharashtra SW,27,Maharashtra,496,Solapur,-,-,-,-,-,-,-,-,-,18.07402000,75.12002000,17-11-2023 03:00,0,0,0,0,0,0,0,0,0,0,0,0,0,0,0,0,0,0,0,0,0,0,0,0,0,0,0,0,0,0,0,0,0,0,0,0,0,0,0,0,0,0,0,0,"","","","","",""
254,Ujjani Dam_1,Maharashtra SW,27,Maharashtra,496,Solapur,-,-,-,-,-,-,-,-,-,18.07402000,75.12002000,17-11-2023 04:00,0,0,0,0,0,0,0,0,0,0,0,0,0,0,0,0,0,0,0,0,0,0,0,0,0,0,0,0,0,0,0,0,0,0,0,0,0,0,0,0,0,0,0,0,"","","","","",""
255,Ujjani Dam_1,Maharashtra SW,27,Maharashtra,496,Solapur,-,-,-,-,-,-,-,-,-,18.07402000,75.12002000,17-11-2023 05:00,0,0,0,0,0,0,0,0,0,0,0,0,0,0,0,0,0,0,0,0,0,0,0,0,0,0,0,0,0,0,0,0,0,0,0,0,0,0,0,0,0,0,0,0,"","","","","",""
256,Ujjani Dam_1,Maharashtra SW,27,Maharashtra,496,Solapur,-,-,-,-,-,-,-,-,-,18.07402000,75.12002000,17-11-2023 06:00,0,0,0,0,0,0,0,0,0,0,0,0,0,0,0,0,0,0,0,0,0,0,0,0,0,0,0,0,0,0,0,0,0,0,0,0,0,0,0,0,0,0,0,0,"","","","","",""
257,Ujjani Dam_1,Maharashtra SW,27,Maharashtra,496,Solapur,-,-,-,-,-,-,-,-,-,18.07402000,75.12002000,17-11-2023 07:00,0,0,0,0,0,0,0,0,0,0,0,0,0,0,0,0,0,0,0,0,0,0,0,0,0,0,0,0,0,0,0,0,0,0,0,0,0,0,0,0,0,0,0,0,"","","","","",""
258,Ujjani Dam_1,Maharashtra SW,27,Maharashtra,496,Solapur,-,-,-,-,-,-,-,-,-,18.07402000,75.12002000,17-11-2023 08:00,0,0,0,0,0,0,0,0,0,0,0,0,0,0,0,0,0,0,0,0,0,0,0,0,0,0,0,0,0,0,0,0,0,0,0,0,0,0,0,0,0,0,0,0,"","","","","",""
259,Ujjani Dam_1,Maharashtra SW,27,Maharashtra,496,Solapur,-,-,-,-,-,-,-,-,-,18.07402000,75.12002000,17-11-2023 09:00,0,0,0,0,0,0,0,0,0,0,0,0,0,0,0,0,0,0,0,0,0,0,0,0,0,0,0,0,0,0,0,0,0,0,0,0,0,0,0,0,0,0,0,0,"","","","","",""
260,Ujjani Dam_1,Maharashtra SW,27,Maharashtra,496,Solapur,-,-,-,-,-,-,-,-,-,18.07402000,75.12002000,17-11-2023 10:00,0,0,0,0,0,0,0,0,0,0,0,0,0,0,0,0,0,0,0,0,0,0,0,0,0,0,0,0,0,0,0,0,0,0,0,0,0,0,0,0,0,0,0,0,"","","","","",""
261,Ujjani Dam_1,Maharashtra SW,27,Maharashtra,496,Solapur,-,-,-,-,-,-,-,-,-,18.07402000,75.12002000,17-11-2023 11:00,0,0,0,0,0,0,0,0,0,0,0,0,0,0,0,0,0,0,0,0,0,0,0,0,0,0,0,0,0,0,0,0,0,0,0,0,0,0,0,0,0,0,0,0,"","","","","",""
262,Ujjani Dam_1,Maharashtra SW,27,Maharashtra,496,Solapur,-,-,-,-,-,-,-,-,-,18.07402000,75.12002000,17-11-2023 12:00,0,0,0,0,0,0,0,0,0,0,0,0,0,0,0,0,0,0,0,0,0,0,0,0,0,0,0,0,0,0,0,0,0,0,0,0,0,0,0,0,0,0,0,0,"","","","","",""
263,Ujjani Dam_1,Maharashtra SW,27,Maharashtra,496,Solapur,-,-,-,-,-,-,-,-,-,18.07402000,75.12002000,17-11-2023 13:00,0,0,0,0,0,0,0,0,0,0,0,0,0,0,0,0,0,0,0,0,0,0,0,0,0,0,0,0,0,0,0,0,0,0,0,0,0,0,0,0,0,0,0,0,"","","","","",""
264,Ujjani Dam_1,Maharashtra SW,27,Maharashtra,496,Solapur,-,-,-,-,-,-,-,-,-,18.07402000,75.12002000,17-11-2023 14:00,0,0,0,0,0,0,0,0,0,0,0,0,0,0,0,0,0,0,0,0,0,0,0,0,0,0,0,0,0,0,0,0,0,0,0,0,0,0,0,0,0,0,0,0,"","","","","",""
265,Ujjani Dam_1,Maharashtra SW,27,Maharashtra,496,Solapur,-,-,-,-,-,-,-,-,-,18.07402000,75.12002000,17-11-2023 15:00,0,0,0,0,0,0,0,0,0,0,0,0,0,0,0,0,0,0,0,0,0,0,0,0,0,0,0,0,0,0,0,0,0,0,0,0,0,0,0,0,0,0,0,0,"","","","","",""
266,Ujjani Dam_1,Maharashtra SW,27,Maharashtra,496,Solapur,-,-,-,-,-,-,-,-,-,18.07402000,75.12002000,17-11-2023 16:00,0,0,0,0,0,0,0,0,0,0,0,0,0,0,0,0,0,0,0,0,0,0,0,0,0,0,0,0,0,0,0,0,0,0,0,0,0,0,0,0,0,0,0,0,"","","","","",""
267,Ujjani Dam_1,Maharashtra SW,27,Maharashtra,496,Solapur,-,-,-,-,-,-,-,-,-,18.07402000,75.12002000,17-11-2023 17:00,0,0,0,0,0,0,0,0,0,0,0,0,0,0,0,0,0,0,0,0,0,0,0,0,0,0,0,0,0,0,0,0,0,0,0,0,0,0,0,0,0,0,0,0,"","","","","",""
268,Ujjani Dam_1,Maharashtra SW,27,Maharashtra,496,Solapur,-,-,-,-,-,-,-,-,-,18.07402000,75.12002000,17-11-2023 18:00,0,0,0,0,0,0,0,0,0,0,0,0,0,0,0,0,0,0,0,0,0,0,0,0,0,0,0,0,0,0,0,0,0,0,0,0,0,0,0,0,0,0,0,0,"","","","","",""
269,Ujjani Dam_1,Maharashtra SW,27,Maharashtra,496,Solapur,-,-,-,-,-,-,-,-,-,18.07402000,75.12002000,17-11-2023 19:00,0,0,0,0,0,0,0,0,0,0,0,0,0,0,0,0,0,0,0,0,0,0,0,0,0,0,0,0,0,0,0,0,0,0,0,0,0,0,0,0,0,0,0,0,"","","","","",""
270,Ujjani Dam_1,Maharashtra SW,27,Maharashtra,496,Solapur,-,-,-,-,-,-,-,-,-,18.07402000,75.12002000,17-11-2023 20:00,0,0,0,0,0,0,0,0,0,0,0,0,0,0,0,0,0,0,0,0,0,0,0,0,0,0,0,0,0,0,0,0,0,0,0,0,0,0,0,0,0,0,0,0,"","","","","",""
271,Ujjani Dam_1,Maharashtra SW,27,Maharashtra,496,Solapur,-,-,-,-,-,-,-,-,-,18.07402000,75.12002000,17-11-2023 21:00,0,0,0,0,0,0,0,0,0,0,0,0,0,0,0,0,0,0,0,0,0,0,0,0,0,0,0,0,0,0,0,0,0,0,0,0,0,0,0,0,0,0,0,0,"","","","","",""
272,Ujjani Dam_1,Maharashtra SW,27,Maharashtra,496,Solapur,-,-,-,-,-,-,-,-,-,18.07402000,75.12002000,17-11-2023 22:00,0,0,0,0,0,0,0,0,0,0,0,0,0,0,0,0,0,0,0,0,0,0,0,0,0,0,0,0,0,0,0,0,0,0,0,0,0,0,0,0,0,0,0,0,"","","","","",""
273,Ujjani Dam_1,Maharashtra SW,27,Maharashtra,496,Solapur,-,-,-,-,-,-,-,-,-,18.07402000,75.12002000,17-11-2023 23:00,0,0,0,0,0,0,0,0,0,0,0,0,0,0,0,0,0,0,0,0,0,0,0,0,0,0,0,0,0,0,0,0,0,0,0,0,0,0,0,0,0,0,0,0,"","","","","",""
274,Ujjani Dam_1,Maharashtra SW,27,Maharashtra,496,Solapur,-,-,-,-,-,-,-,-,-,18.07402000,75.12002000,18-11-2023 00:00,0,0,0,0,0,0,0,0,0,0,0,0,0,0,0,0,0,0,0,0,0,0,0,0,0,0,0,0,0,0,0,0,0,0,0,0,0,0,0,0,0,0,0,0,"","","","","",""
275,Ujjani Dam_1,Maharashtra SW,27,Maharashtra,496,Solapur,-,-,-,-,-,-,-,-,-,18.07402000,75.12002000,18-11-2023 01:00,0,0,0,0,0,0,0,0,0,0,0,0,0,0,0,0,0,0,0,0,0,0,0,0,0,0,0,0,0,0,0,0,0,0,0,0,0,0,0,0,0,0,0,0,"","","","","",""
276,Ujjani Dam_1,Maharashtra SW,27,Maharashtra,496,Solapur,-,-,-,-,-,-,-,-,-,18.07402000,75.12002000,18-11-2023 02:00,0,0,0,0,0,0,0,0,0,0,0,0,0,0,0,0,0,0,0,0,0,0,0,0,0,0,0,0,0,0,0,0,0,0,0,0,0,0,0,0,0,0,0,0,"","","","","",""
277,Ujjani Dam_1,Maharashtra SW,27,Maharashtra,496,Solapur,-,-,-,-,-,-,-,-,-,18.07402000,75.12002000,18-11-2023 03:00,0,0,0,0,0,0,0,0,0,0,0,0,0,0,0,0,0,0,0,0,0,0,0,0,0,0,0,0,0,0,0,0,0,0,0,0,0,0,0,0,0,0,0,0,"","","","","",""
278,Ujjani Dam_1,Maharashtra SW,27,Maharashtra,496,Solapur,-,-,-,-,-,-,-,-,-,18.07402000,75.12002000,18-11-2023 04:00,0,0,0,0,0,0,0,0,0,0,0,0,0,0,0,0,0,0,0,0,0,0,0,0,0,0,0,0,0,0,0,0,0,0,0,0,0,0,0,0,0,0,0,0,"","","","","",""
279,Ujjani Dam_1,Maharashtra SW,27,Maharashtra,496,Solapur,-,-,-,-,-,-,-,-,-,18.07402000,75.12002000,18-11-2023 05:00,0,0,0,0,0,0,0,0,0,0,0,0,0,0,0,0,0,0,0,0,0,0,0,0,0,0,0,0,0,0,0,0,0,0,0,0,0,0,0,0,0,0,0,0,"","","","","",""
280,Ujjani Dam_1,Maharashtra SW,27,Maharashtra,496,Solapur,-,-,-,-,-,-,-,-,-,18.07402000,75.12002000,18-11-2023 06:00,0,0,0,0,0,0,0,0,0,0,0,0,0,0,0,0,0,0,0,0,0,0,0,0,0,0,0,0,0,0,0,0,0,0,0,0,0,0,0,0,0,0,0,0,"","","","","",""
281,Ujjani Dam_1,Maharashtra SW,27,Maharashtra,496,Solapur,-,-,-,-,-,-,-,-,-,18.07402000,75.12002000,18-11-2023 07:00,0,0,0,0,0,0,0,0,0,0,0,0,0,0,0,0,0,0,0,0,0,0,0,0,0,0,0,0,0,0,0,0,0,0,0,0,0,0,0,0,0,0,0,0,"","","","","",""
282,Ujjani Dam_1,Maharashtra SW,27,Maharashtra,496,Solapur,-,-,-,-,-,-,-,-,-,18.07402000,75.12002000,18-11-2023 08:00,0,0,0,0,0,0,0,0,0,0,0,0,0,0,0,0,0,0,0,0,0,0,0,0,0,0,0,0,0,0,0,0,0,0,0,0,0,0,0,0,0,0,0,0,"","","","","",""
283,Ujjani Dam_1,Maharashtra SW,27,Maharashtra,496,Solapur,-,-,-,-,-,-,-,-,-,18.07402000,75.12002000,18-11-2023 10:00,0,0,0,0,0,0,0,0,0,0,0,0,0,0,0,0,0,0,0,0,0,0,0,0,0,0,0,0,0,0,0,0,0,0,0,0,0,0,0,0,0,0,0,0,"","","","","",""
284,Ujjani Dam_1,Maharashtra SW,27,Maharashtra,496,Solapur,-,-,-,-,-,-,-,-,-,18.07402000,75.12002000,18-11-2023 11:00,0,0,0,0,0,0,0,0,0,0,0,0,0,0,0,0,0,0,0,0,0,0,0,0,0,0,0,0,0,0,0,0,0,0,0,0,0,0,0,0,0,0,0,0,"","","","","",""
285,Ujjani Dam_1,Maharashtra SW,27,Maharashtra,496,Solapur,-,-,-,-,-,-,-,-,-,18.07402000,75.12002000,18-11-2023 12:00,0,0,0,0,0,0,0,0,0,0,0,0,0,0,0,0,0,0,0,0,0,0,0,0,0,0,0,0,0,0,0,0,0,0,0,0,0,0,0,0,0,0,0,0,"","","","","",""
286,Ujjani Dam_1,Maharashtra SW,27,Maharashtra,496,Solapur,-,-,-,-,-,-,-,-,-,18.07402000,75.12002000,18-11-2023 13:00,0,0,0,0,0,0,0,0,0,0,0,0,0,0,0,0,0,0,0,0,0,0,0,0,0,0,0,0,0,0,0,0,0,0,0,0,0,0,0,0,0,0,0,0,"","","","","",""
287,Ujjani Dam_1,Maharashtra SW,27,Maharashtra,496,Solapur,-,-,-,-,-,-,-,-,-,18.07402000,75.12002000,18-11-2023 14:00,0,0,0,0,0,0,0,0,0,0,0,0,0,0,0,0,0,0,0,0,0,0,0,0,0,0,0,0,0,0,0,0,0,0,0,0,0,0,0,0,0,0,0,0,"","","","","",""
288,Ujjani Dam_1,Maharashtra SW,27,Maharashtra,496,Solapur,-,-,-,-,-,-,-,-,-,18.07402000,75.12002000,18-11-2023 15:00,0,0,0,0,0,0,0,0,0,0,0,0,0,0,0,0,0,0,0,0,0,0,0,0,0,0,0,0,0,0,0,0,0,0,0,0,0,0,0,0,0,0,0,0,"","","","","",""
289,Ujjani Dam_1,Maharashtra SW,27,Maharashtra,496,Solapur,-,-,-,-,-,-,-,-,-,18.07402000,75.12002000,18-11-2023 16:00,0,0,0,0,0,0,0,0,0,0,0,0,0,0,0,0,0,0,0,0,0,0,0,0,0,0,0,0,0,0,0,0,0,0,0,0,0,0,0,0,0,0,0,0,"","","","","",""
290,Ujjani Dam_1,Maharashtra SW,27,Maharashtra,496,Solapur,-,-,-,-,-,-,-,-,-,18.07402000,75.12002000,18-11-2023 17:00,0,0,0,0,0,0,0,0,0,0,0,0,0,0,0,0,0,0,0,0,0,0,0,0,0,0,0,0,0,0,0,0,0,0,0,0,0,0,0,0,0,0,0,0,"","","","","",""
291,Ujjani Dam_1,Maharashtra SW,27,Maharashtra,496,Solapur,-,-,-,-,-,-,-,-,-,18.07402000,75.12002000,18-11-2023 18:00,0,0,0,0,0,0,0,0,0,0,0,0,0,0,0,0,0,0,0,0,0,0,0,0,0,0,0,0,0,0,0,0,0,0,0,0,0,0,0,0,0,0,0,0,"","","","","",""
292,Ujjani Dam_1,Maharashtra SW,27,Maharashtra,496,Solapur,-,-,-,-,-,-,-,-,-,18.07402000,75.12002000,18-11-2023 19:00,0,0,0,0,0,0,0,0,0,0,0,0,0,0,0,0,0,0,0,0,0,0,0,0,0,0,0,0,0,0,0,0,0,0,0,0,0,0,0,0,0,0,0,0,"","","","","",""
293,Ujjani Dam_1,Maharashtra SW,27,Maharashtra,496,Solapur,-,-,-,-,-,-,-,-,-,18.07402000,75.12002000,18-11-2023 20:00,0,0,0,0,0,0,0,0,0,0,0,0,0,0,0,0,0,0,0,0,0,0,0,0,0,0,0,0,0,0,0,0,0,0,0,0,0,0,0,0,0,0,0,0,"","","","","",""
294,Ujjani Dam_1,Maharashtra SW,27,Maharashtra,496,Solapur,-,-,-,-,-,-,-,-,-,18.07402000,75.12002000,18-11-2023 21:00,0,0,0,0,0,0,0,0,0,0,0,0,0,0,0,0,0,0,0,0,0,0,0,0,0,0,0,0,0,0,0,0,0,0,0,0,0,0,0,0,0,0,0,0,"","","","","",""
295,Ujjani Dam_1,Maharashtra SW,27,Maharashtra,496,Solapur,-,-,-,-,-,-,-,-,-,18.07402000,75.12002000,18-11-2023 22:00,0,0,0,0,0,0,0,0,0,0,0,0,0,0,0,0,0,0,0,0,0,0,0,0,0,0,0,0,0,0,0,0,0,0,0,0,0,0,0,0,0,0,0,0,"","","","","",""
296,Ujjani Dam_1,Maharashtra SW,27,Maharashtra,496,Solapur,-,-,-,-,-,-,-,-,-,18.07402000,75.12002000,18-11-2023 23:00,363.39,0,0,0,0,0,0,363.39,0,0,0,0,0,0,0,363.39,0,0,0,0,0,0,0,0,0,0,0,0,0,0,0,0,0,0,0,0,0,0,0,0,0,0,0,0,"","","","","",""
297,Ujjani Dam_1,Maharashtra SW,27,Maharashtra,496,Solapur,-,-,-,-,-,-,-,-,-,18.07402000,75.12002000,19-11-2023 00:00,363.39,0,0,0,0,0,0,363.39,0,0,363.39,0,0,0,0,363.39,0,0,0,0,0,0,0,0,0,0,0,0,0,0,0,0,0,0,0,0,0,0,0,0,0,0,0,0,"","","","","",""
298,Ujjani Dam_1,Maharashtra SW,27,Maharashtra,496,Solapur,-,-,-,-,-,-,-,-,-,18.07402000,75.12002000,19-11-2023 01:00,363.39,0,0,0,0,0,363.39,363.39,0,0,0,0,0,0,0,363.39,0,0,0,0,0,0,0,0,0,0,0,0,0,0,0,0,0,0,0,0,0,0,0,0,0,0,0,0,"","","","","",""
299,Ujjani Dam_1,Maharashtra SW,27,Maharashtra,496,Solapur,-,-,-,-,-,-,-,-,-,18.07402000,75.12002000,19-11-2023 02:00,363.39,0,0,0,0,0,363.39,363.39,0,0,0,0,0,0,0,363.39,0,0,0,0,0,0,0,0,0,0,0,0,0,0,0,0,0,0,0,0,0,0,0,0,0,0,0,0,"","","","","",""
300,Ujjani Dam_1,Maharashtra SW,27,Maharashtra,496,Solapur,-,-,-,-,-,-,-,-,-,18.07402000,75.12002000,19-11-2023 03:00,363.39,0,0,0,0,0,363.39,363.39,0,0,0,0,0,0,0,363.39,0,0,0,0,0,0,0,0,0,0,0,0,0,0,0,0,0,0,0,0,0,0,0,0,0,0,0,0,"","","","","",""
301,Ujjani Dam_1,Maharashtra SW,27,Maharashtra,496,Solapur,-,-,-,-,-,-,-,-,-,18.07402000,75.12002000,19-11-2023 04:00,363.39,0,0,0,0,0,363.39,363.39,0,0,0,0,0,0,0,363.39,0,0,0,0,0,0,0,0,0,0,0,0,0,0,0,0,0,0,0,0,0,0,0,0,0,0,0,0,"","","","","",""
302,Ujjani Dam_1,Maharashtra SW,27,Maharashtra,496,Solapur,-,-,-,-,-,-,-,-,-,18.07402000,75.12002000,19-11-2023 05:00,363.39,0,0,0,0,0,363.39,363.39,0,0,0,0,0,0,0,363.39,0,0,0,0,0,0,0,0,0,0,0,0,0,0,0,0,0,0,0,0,0,0,0,0,0,0,0,0,"","","","","",""
303,Ujjani Dam_1,Maharashtra SW,27,Maharashtra,496,Solapur,-,-,-,-,-,-,-,-,-,18.07402000,75.12002000,19-11-2023 06:00,363.39,0,0,0,0,0,363.39,363.39,0,0,0,0,0,0,0,363.39,0,0,0,0,0,0,0,0,0,0,0,0,0,0,0,0,0,0,0,0,0,0,0,0,0,0,0,0,"","","","","",""
304,Ujjani Dam_1,Maharashtra SW,27,Maharashtra,496,Solapur,-,-,-,-,-,-,-,-,-,18.07402000,75.12002000,19-11-2023 07:00,363.39,0,0,0,0,0,363.39,363.39,0,0,0,0,0,0,0,363.39,0,0,0,0,0,0,0,0,0,0,0,0,0,0,0,0,0,0,0,0,0,0,0,0,0,0,0,0,"","","","","",""
305,Ujjani Dam_1,Maharashtra SW,27,Maharashtra,496,Solapur,-,-,-,-,-,-,-,-,-,18.07402000,75.12002000,19-11-2023 08:00,363.39,0,0,0,0,0,363.39,363.39,0,0,0,0,0,0,0,363.39,0,0,0,0,0,0,0,0,0,0,0,0,0,0,0,0,0,0,0,0,0,0,0,0,0,0,0,0,"","","","","",""
306,Ujjani Dam_1,Maharashtra SW,27,Maharashtra,496,Solapur,-,-,-,-,-,-,-,-,-,18.07402000,75.12002000,19-11-2023 09:00,363.39,0,0,0,0,0,363.39,363.39,0,0,0,0,0,0,0,363.39,0,0,0,0,0,0,0,0,0,0,0,0,0,0,0,0,0,0,0,0,0,0,0,0,0,0,0,0,"","","","","",""
307,Ujjani Dam_1,Maharashtra SW,27,Maharashtra,496,Solapur,-,-,-,-,-,-,-,-,-,18.07402000,75.12002000,19-11-2023 10:00,363.39,0,0,0,0,0,363.39,363.39,0,0,0,0,0,0,0,363.39,0,0,0,0,0,0,0,0,0,0,0,0,0,0,0,0,0,0,0,0,0,0,0,0,0,0,0,0,"","","","","",""
308,Ujjani Dam_1,Maharashtra SW,27,Maharashtra,496,Solapur,-,-,-,-,-,-,-,-,-,18.07402000,75.12002000,19-11-2023 11:00,363.39,0,0,0,0,0,363.39,363.39,0,0,0,0,0,0,0,363.39,0,0,0,0,0,0,0,0,0,0,0,0,0,0,0,0,0,0,0,0,0,0,0,0,0,0,0,0,"","","","","",""
309,Ujjani Dam_1,Maharashtra SW,27,Maharashtra,496,Solapur,-,-,-,-,-,-,-,-,-,18.07402000,75.12002000,19-11-2023 12:00,363.39,0,0,0,0,0,363.39,363.39,363.39,363.39,0,0,0,0,0,363.39,0,0,0,0,0,0,0,0,0,0,0,0,0,0,0,0,0,0,0,0,0,0,0,0,0,0,0,0,"","","","","",""
310,Ujjani Dam_1,Maharashtra SW,27,Maharashtra,496,Solapur,-,-,-,-,-,-,-,-,-,18.07402000,75.12002000,19-11-2023 13:00,363.39,0,0,0,0,0,363.39,363.39,363.39,363.39,0,0,0,0,0,363.39,0,0,0,0,0,0,0,0,0,0,0,0,0,0,0,0,0,0,0,0,0,0,0,0,0,0,0,0,"","","","","",""
311,Ujjani Dam_1,Maharashtra SW,27,Maharashtra,496,Solapur,-,-,-,-,-,-,-,-,-,18.07402000,75.12002000,19-11-2023 14:00,363.39,0,0,0,0,0,363.39,363.39,363.39,363.39,0,0,0,0,0,363.39,0,0,0,0,0,0,0,0,0,0,0,0,0,0,0,0,0,0,0,0,0,0,0,0,0,0,0,0,"","","","","",""
312,Ujjani Dam_1,Maharashtra SW,27,Maharashtra,496,Solapur,-,-,-,-,-,-,-,-,-,18.07402000,75.12002000,19-11-2023 15:00,363.39,0,0,0,0,0,363.39,363.39,363.39,363.39,0,0,0,0,0,363.39,0,0,0,0,0,0,0,0,0,0,0,0,0,0,0,0,0,0,0,0,0,0,0,0,0,0,0,0,"","","","","",""
313,Ujjani Dam_1,Maharashtra SW,27,Maharashtra,496,Solapur,-,-,-,-,-,-,-,-,-,18.07402000,75.12002000,19-11-2023 16:00,363.39,0,0,0,0,0,363.39,363.39,363.39,363.39,0,0,0,0,0,363.39,0,0,0,0,0,0,0,0,0,0,0,0,0,0,0,0,0,0,0,0,0,0,0,0,0,0,0,0,"","","","","",""
314,Ujjani Dam_1,Maharashtra SW,27,Maharashtra,496,Solapur,-,-,-,-,-,-,-,-,-,18.07402000,75.12002000,19-11-2023 17:00,363.39,0,0,0,0,0,363.39,363.39,363.39,363.39,0,0,0,0,0,363.39,0,0,0,0,0,0,0,0,0,0,0,0,0,0,0,0,0,0,0,0,0,0,0,0,0,0,0,0,"","","","","",""
315,Ujjani Dam_1,Maharashtra SW,27,Maharashtra,496,Solapur,-,-,-,-,-,-,-,-,-,18.07402000,75.12002000,19-11-2023 18:00,363.39,0,0,0,0,0,363.39,363.39,363.39,363.39,0,0,0,0,0,363.39,0,0,0,0,0,0,0,0,0,0,0,0,0,0,0,0,0,0,0,0,0,0,0,0,0,0,0,0,"","","","","",""
316,Ujjani Dam_1,Maharashtra SW,27,Maharashtra,496,Solapur,-,-,-,-,-,-,-,-,-,18.07402000,75.12002000,19-11-2023 19:00,363.39,0,0,0,0,0,363.39,363.39,363.39,363.39,0,0,0,0,0,363.39,0,0,0,0,0,0,0,0,0,0,0,0,0,0,0,0,0,0,0,0,0,0,0,0,0,0,0,0,"","","","","",""
317,Ujjani Dam_1,Maharashtra SW,27,Maharashtra,496,Solapur,-,-,-,-,-,-,-,-,-,18.07402000,75.12002000,19-11-2023 20:00,363.39,0,0,0,0,0,363.39,363.39,363.39,363.39,0,0,0,0,0,363.39,0,0,0,0,0,0,0,0,0,0,0,0,0,0,0,0,0,0,0,0,0,0,0,0,0,0,0,0,"","","","","",""
318,Ujjani Dam_1,Maharashtra SW,27,Maharashtra,496,Solapur,-,-,-,-,-,-,-,-,-,18.07402000,75.12002000,19-11-2023 21:00,363.39,0,0,0,0,0,363.39,363.39,363.39,363.39,0,0,0,0,0,363.39,0,0,0,0,0,0,0,0,0,0,0,0,0,0,0,0,0,0,0,0,0,0,0,0,0,0,0,0,"","","","","",""
319,Ujjani Dam_1,Maharashtra SW,27,Maharashtra,496,Solapur,-,-,-,-,-,-,-,-,-,18.07402000,75.12002000,19-11-2023 22:00,363.39,0,0,0,0,0,363.39,363.39,363.39,363.39,0,0,0,0,0,363.39,0,0,0,0,0,0,0,0,0,0,0,0,0,0,0,0,0,0,0,0,0,0,0,0,0,0,0,0,"","","","","",""
320,Ujjani Dam_1,Maharashtra SW,27,Maharashtra,496,Solapur,-,-,-,-,-,-,-,-,-,18.07402000,75.12002000,19-11-2023 23:00,363.39,0,0,0,0,0,363.39,363.39,363.39,363.39,0,0,0,0,0,363.39,0,0,0,0,0,0,0,0,0,0,0,0,0,0,0,0,0,0,0,0,0,0,0,0,0,0,0,0,"","","","","",""
321,Ujjani Dam_1,Maharashtra SW,27,Maharashtra,496,Solapur,-,-,-,-,-,-,-,-,-,18.07402000,75.12002000,20-11-2023 00:00,363.39,0,0,0,0,0,363.39,363.39,363.39,363.39,0,0,0,0,0,363.39,0,0,0,0,0,0,0,0,0,0,0,0,0,0,0,0,0,0,0,0,0,0,0,0,0,0,0,0,"","","","","",""
322,Ujjani Dam_1,Maharashtra SW,27,Maharashtra,496,Solapur,-,-,-,-,-,-,-,-,-,18.07402000,75.12002000,20-11-2023 01:00,363.39,0,0,0,0,0,363.39,363.39,363.39,363.39,0,0,0,0,0,363.39,0,0,0,0,0,0,0,0,0,0,0,0,0,0,0,0,0,0,0,0,0,0,0,0,0,0,0,0,"","","","","",""
323,Ujjani Dam_1,Maharashtra SW,27,Maharashtra,496,Solapur,-,-,-,-,-,-,-,-,-,18.07402000,75.12002000,20-11-2023 02:00,363.39,0,0,0,0,0,363.39,363.39,363.39,363.39,0,0,0,0,0,363.39,0,0,0,0,0,0,0,0,0,0,0,0,0,0,0,0,0,0,0,0,0,0,0,0,0,0,0,0,"","","","","",""
324,Ujjani Dam_1,Maharashtra SW,27,Maharashtra,496,Solapur,-,-,-,-,-,-,-,-,-,18.07402000,75.12002000,20-11-2023 03:00,363.39,0,0,0,0,0,363.39,363.39,363.39,363.39,0,0,0,0,0,363.39,0,0,0,0,0,0,0,0,0,0,0,0,0,0,0,0,0,0,0,0,0,0,0,0,0,0,0,0,"","","","","",""
325,Ujjani Dam_1,Maharashtra SW,27,Maharashtra,496,Solapur,-,-,-,-,-,-,-,-,-,18.07402000,75.12002000,20-11-2023 04:00,363.39,0,0,0,0,0,363.39,363.39,363.39,363.39,0,0,0,0,0,363.39,0,0,0,0,0,0,0,0,0,0,0,0,0,0,0,0,0,0,0,0,0,0,0,0,0,0,0,0,"","","","","",""
326,Ujjani Dam_1,Maharashtra SW,27,Maharashtra,496,Solapur,-,-,-,-,-,-,-,-,-,18.07402000,75.12002000,20-11-2023 05:00,363.39,0,0,0,0,0,363.39,363.39,363.39,363.39,0,0,0,0,0,363.39,0,0,0,0,0,0,0,0,0,0,0,0,0,0,0,0,0,0,0,0,0,0,0,0,0,0,0,0,"","","","","",""
327,Ujjani Dam_1,Maharashtra SW,27,Maharashtra,496,Solapur,-,-,-,-,-,-,-,-,-,18.07402000,75.12002000,20-11-2023 06:00,363.39,0,0,0,0,0,363.39,363.39,363.39,363.39,0,0,0,0,0,363.39,0,0,0,0,0,0,0,0,0,0,0,0,0,0,0,0,0,0,0,0,0,0,0,0,0,0,0,0,"","","","","",""
328,Ujjani Dam_1,Maharashtra SW,27,Maharashtra,496,Solapur,-,-,-,-,-,-,-,-,-,18.07402000,75.12002000,20-11-2023 07:00,363.39,0,0,0,0,0,363.39,363.39,363.39,363.39,0,0,0,0,0,363.39,0,0,0,0,0,0,0,0,0,0,0,0,0,0,0,0,0,0,0,0,0,0,0,0,0,0,0,0,"","","","","",""
329,Ujjani Dam_1,Maharashtra SW,27,Maharashtra,496,Solapur,-,-,-,-,-,-,-,-,-,18.07402000,75.12002000,20-11-2023 08:00,363.39,0,0,0,0,0,363.39,363.39,363.39,363.39,0,0,0,0,0,363.39,0,0,0,0,0,0,0,0,0,0,0,0,0,0,0,0,0,0,0,0,0,0,0,0,0,0,0,0,"","","","","",""
330,Ujjani Dam_1,Maharashtra SW,27,Maharashtra,496,Solapur,-,-,-,-,-,-,-,-,-,18.07402000,75.12002000,20-11-2023 09:00,363.39,0,0,0,0,0,363.39,363.39,363.39,363.39,0,0,0,0,0,363.39,0,0,0,0,0,0,0,0,0,0,0,0,0,0,0,0,0,0,0,0,0,0,0,0,0,0,0,0,"","","","","",""
331,Ujjani Dam_1,Maharashtra SW,27,Maharashtra,496,Solapur,-,-,-,-,-,-,-,-,-,18.07402000,75.12002000,20-11-2023 10:00,363.39,0,0,0,0,0,363.39,363.39,363.39,363.39,0,0,0,0,0,363.39,0,0,0,0,0,0,0,0,0,0,0,0,0,0,0,0,0,0,0,0,0,0,0,0,0,0,0,0,"","","","","",""
332,Ujjani Dam_1,Maharashtra SW,27,Maharashtra,496,Solapur,-,-,-,-,-,-,-,-,-,18.07402000,75.12002000,20-11-2023 11:00,363.39,0,0,0,0,0,363.39,363.39,363.39,363.39,0,0,0,0,0,363.39,0,0,0,0,0,0,0,0,0,0,0,0,0,0,0,0,0,0,0,0,0,0,0,0,0,0,0,0,"","","","","",""
333,Ujjani Dam_1,Maharashtra SW,27,Maharashtra,496,Solapur,-,-,-,-,-,-,-,-,-,18.07402000,75.12002000,20-11-2023 12:00,363.39,0,0,0,0,0,363.39,363.39,363.39,363.39,0,0,0,0,0,363.39,0,0,0,0,0,0,0,0,0,0,0,0,0,0,0,0,0,0,0,0,0,0,0,0,0,0,0,0,"","","","","",""
334,Ujjani Dam_1,Maharashtra SW,27,Maharashtra,496,Solapur,-,-,-,-,-,-,-,-,-,18.07402000,75.12002000,20-11-2023 13:00,454.15,0,0,0,0,0,454.15,363.39,454.15,363.39,0,0,0,0,0,454.15,0,0,0,0,0,0,0,0,0,0,0,0,0,0,0,0,0,0,0,0,0,0,0,0,0,0,0,0,"","","","","",""
335,Ujjani Dam_1,Maharashtra SW,27,Maharashtra,496,Solapur,-,-,-,-,-,-,-,-,-,18.07402000,75.12002000,20-11-2023 14:00,454.15,0,0,0,0,0,454.15,363.39,454.15,363.39,0,0,0,0,0,454.15,0,0,0,0,0,0,0,0,0,0,0,0,0,0,0,0,0,0,0,0,0,0,0,0,0,0,0,0,"","","","","",""
336,Ujjani Dam_1,Maharashtra SW,27,Maharashtra,496,Solapur,-,-,-,-,-,-,-,-,-,18.07402000,75.12002000,20-11-2023 15:00,454.15,0,0,0,0,0,454.15,363.39,454.15,363.39,0,0,0,0,0,454.15,0,0,0,0,0,0,0,0,0,0,0,0,0,0,0,0,0,0,0,0,0,0,0,0,0,0,0,0,"","","","","",""
337,Ujjani Dam_1,Maharashtra SW,27,Maharashtra,496,Solapur,-,-,-,-,-,-,-,-,-,18.07402000,75.12002000,20-11-2023 16:00,454.15,0,0,0,0,0,454.15,363.39,454.15,363.39,0,0,0,0,0,454.15,0,0,0,0,0,0,0,0,0,0,0,0,0,0,0,0,0,0,0,0,0,0,0,0,0,0,0,0,"","","","","",""
338,Ujjani Dam_1,Maharashtra SW,27,Maharashtra,496,Solapur,-,-,-,-,-,-,-,-,-,18.07402000,75.12002000,20-11-2023 17:00,454.15,0,0,0,0,0,454.15,363.39,454.15,363.39,0,0,0,0,0,454.15,0,0,0,0,0,0,0,0,0,0,0,0,0,0,0,0,0,0,0,0,0,0,0,0,0,0,0,0,"","","","","",""
339,Ujjani Dam_1,Maharashtra SW,27,Maharashtra,496,Solapur,-,-,-,-,-,-,-,-,-,18.07402000,75.12002000,20-11-2023 19:00,454.15,0,0,0,0,0,454.15,363.39,454.15,363.39,0,0,0,0,0,454.15,0,0,0,0,0,0,0,0,0,0,0,0,0,0,0,0,0,0,0,0,0,0,0,0,0,0,0,0,"","","","","",""
340,Ujjani Dam_1,Maharashtra SW,27,Maharashtra,496,Solapur,-,-,-,-,-,-,-,-,-,18.07402000,75.12002000,20-11-2023 20:00,363.39,0,0,0,0,363.39,363.39,363.39,363.39,363.39,363.39,0,0,0,0,363.39,0,0,0,0,0,0,0,0,0,0,0,0,0,0,0,0,0,0,0,0,0,0,0,0,0,0,0,0,"","","","","",""
341,Ujjani Dam_1,Maharashtra SW,27,Maharashtra,496,Solapur,-,-,-,-,-,-,-,-,-,18.07402000,75.12002000,20-11-2023 21:00,363.39,0,0,0,0,363.39,363.39,363.39,363.39,363.39,363.39,0,0,0,0,363.39,0,0,0,0,0,0,0,0,0,0,0,0,0,0,0,0,0,0,0,0,0,0,0,0,0,0,0,0,"","","","","",""
342,Ujjani Dam_1,Maharashtra SW,27,Maharashtra,496,Solapur,-,-,-,-,-,-,-,-,-,18.07402000,75.12002000,20-11-2023 22:00,363.39,0,0,0,0,363.39,363.39,363.39,363.39,363.39,363.39,0,0,0,0,363.39,0,0,0,0,0,0,0,0,0,0,0,0,0,0,0,0,0,0,0,0,0,0,0,0,0,0,0,0,"","","","","",""
343,Ujjani Dam_1,Maharashtra SW,27,Maharashtra,496,Solapur,-,-,-,-,-,-,-,-,-,18.07402000,75.12002000,20-11-2023 23:00,363.39,0,0,0,0,363.39,363.39,363.39,363.39,363.39,363.39,0,0,0,0,363.39,0,0,0,0,0,0,0,0,0,0,0,0,0,0,0,0,0,0,0,0,0,0,0,0,0,0,0,0,"","","","","",""
344,Ujjani Dam_1,Maharashtra SW,27,Maharashtra,496,Solapur,-,-,-,-,-,-,-,-,-,18.07402000,75.12002000,21-11-2023 00:00,363.39,0,0,0,0,363.39,363.39,363.39,363.39,363.39,363.39,0,0,0,0,363.39,0,0,0,0,0,0,0,0,0,0,0,0,0,0,0,0,0,0,0,0,0,0,0,0,0,0,0,0,"","","","","",""
345,Ujjani Dam_1,Maharashtra SW,27,Maharashtra,496,Solapur,-,-,-,-,-,-,-,-,-,18.07402000,75.12002000,21-11-2023 01:00,363.39,0,0,0,0,363.39,363.39,363.39,363.39,363.39,363.39,0,0,0,0,363.39,0,0,0,0,0,0,0,0,0,0,0,0,0,0,0,0,0,0,0,0,0,0,0,0,0,0,0,0,"","","","","",""
346,Ujjani Dam_1,Maharashtra SW,27,Maharashtra,496,Solapur,-,-,-,-,-,-,-,-,-,18.07402000,75.12002000,21-11-2023 02:00,363.39,0,0,0,0,363.39,363.39,363.39,363.39,363.39,363.39,0,0,0,0,363.39,0,0,0,0,0,0,0,0,0,0,0,0,0,0,0,0,0,0,0,0,0,0,0,0,0,0,0,0,"","","","","",""
347,Ujjani Dam_1,Maharashtra SW,27,Maharashtra,496,Solapur,-,-,-,-,-,-,-,-,-,18.07402000,75.12002000,21-11-2023 03:00,363.39,0,0,0,0,363.39,363.39,363.39,363.39,363.39,363.39,0,0,0,0,363.39,0,0,0,0,0,0,0,0,0,0,0,0,0,0,0,0,0,0,0,0,0,0,0,0,0,0,0,0,"","","","","",""
348,Ujjani Dam_1,Maharashtra SW,27,Maharashtra,496,Solapur,-,-,-,-,-,-,-,-,-,18.07402000,75.12002000,21-11-2023 04:00,363.39,0,0,0,0,363.39,363.39,363.39,363.39,363.39,363.39,0,0,0,0,363.39,0,0,0,0,0,0,0,0,0,0,0,0,0,0,0,0,0,0,0,0,0,0,0,0,0,0,0,0,"","","","","",""
349,Ujjani Dam_1,Maharashtra SW,27,Maharashtra,496,Solapur,-,-,-,-,-,-,-,-,-,18.07402000,75.12002000,21-11-2023 05:00,363.39,0,0,0,0,363.39,363.39,363.39,363.39,363.39,363.39,0,0,0,0,363.39,0,0,0,0,0,0,0,0,0,0,0,0,0,0,0,0,0,0,0,0,0,0,0,0,0,0,0,0,"","","","","",""
350,Ujjani Dam_1,Maharashtra SW,27,Maharashtra,496,Solapur,-,-,-,-,-,-,-,-,-,18.07402000,75.12002000,21-11-2023 06:00,363.39,0,0,0,0,363.39,363.39,363.39,363.39,363.39,363.39,0,0,0,0,363.39,0,0,0,0,0,0,0,0,0,0,0,0,0,0,0,0,0,0,0,0,0,0,0,0,0,0,0,0,"","","","","",""
351,Ujjani Dam_1,Maharashtra SW,27,Maharashtra,496,Solapur,-,-,-,-,-,-,-,-,-,18.07402000,75.12002000,21-11-2023 07:00,363.39,0,0,0,0,363.39,363.39,363.39,363.39,363.39,363.39,0,0,0,0,363.39,0,0,0,0,0,0,0,0,0,0,0,0,0,0,0,0,0,0,0,0,0,0,0,0,0,0,0,0,"","","","","",""
352,Ujjani Dam_1,Maharashtra SW,27,Maharashtra,496,Solapur,-,-,-,-,-,-,-,-,-,18.07402000,75.12002000,21-11-2023 08:00,363.39,0,0,0,0,363.39,363.39,363.39,363.39,363.39,363.39,0,0,0,0,363.39,0,0,0,0,0,0,0,0,0,0,0,0,0,0,0,0,0,0,0,0,0,0,0,0,0,0,0,0,"","","","","",""
353,Ujjani Dam_1,Maharashtra SW,27,Maharashtra,496,Solapur,-,-,-,-,-,-,-,-,-,18.07402000,75.12002000,21-11-2023 09:00,363.39,0,0,0,0,363.39,363.39,363.39,363.39,363.39,363.39,0,0,0,0,363.39,0,0,0,0,0,0,0,0,0,0,0,0,0,0,0,0,0,0,0,0,0,0,0,0,0,0,0,0,"","","","","",""
354,Ujjani Dam_1,Maharashtra SW,27,Maharashtra,496,Solapur,-,-,-,-,-,-,-,-,-,18.07402000,75.12002000,21-11-2023 10:00,363.39,0,0,0,0,363.39,363.39,363.39,363.39,363.39,363.39,0,0,0,0,363.39,0,0,0,0,0,0,0,0,0,0,0,0,0,0,0,0,0,0,0,0,0,0,0,0,0,0,0,0,"","","","","",""
355,Ujjani Dam_1,Maharashtra SW,27,Maharashtra,496,Solapur,-,-,-,-,-,-,-,-,-,18.07402000,75.12002000,21-11-2023 17:00,363.39,0,0,0,0,363.39,363.39,363.39,363.39,363.39,363.39,0,0,0,0,363.39,0,0,0,0,0,0,0,0,0,0,0,0,0,0,0,0,0,0,0,0,0,0,0,0,0,0,0,0,"","","","","",""
356,Ujjani Dam_1,Maharashtra SW,27,Maharashtra,496,Solapur,-,-,-,-,-,-,-,-,-,18.07402000,75.12002000,21-11-2023 18:00,363.39,0,0,0,0,363.39,363.39,363.39,363.39,363.39,363.39,0,0,0,0,363.39,0,0,0,0,0,0,0,0,0,0,0,0,0,0,0,0,0,0,0,0,0,0,0,0,0,0,0,0,"","","","","",""
357,Ujjani Dam_1,Maharashtra SW,27,Maharashtra,496,Solapur,-,-,-,-,-,-,-,-,-,18.07402000,75.12002000,21-11-2023 19:00,363.39,0,0,0,0,363.39,363.39,363.39,363.39,363.39,363.39,0,0,0,0,363.39,0,0,0,0,0,0,0,0,0,0,0,0,0,0,0,0,0,0,0,0,0,0,0,0,0,0,0,0,"","","","","",""
358,Ujjani Dam_1,Maharashtra SW,27,Maharashtra,496,Solapur,-,-,-,-,-,-,-,-,-,18.07402000,75.12002000,21-11-2023 20:00,363.39,0,0,0,0,363.39,363.39,363.39,363.39,363.39,363.39,0,0,0,0,363.39,0,0,0,0,0,0,0,0,0,0,0,0,0,0,0,0,0,0,0,0,0,0,0,0,0,0,0,0,"","","","","",""
359,Ujjani Dam_1,Maharashtra SW,27,Maharashtra,496,Solapur,-,-,-,-,-,-,-,-,-,18.07402000,75.12002000,21-11-2023 21:00,363.39,0,0,0,0,363.39,363.39,363.39,363.39,363.39,363.39,0,0,0,0,363.39,0,0,0,0,0,0,0,0,0,0,0,0,0,0,0,0,0,0,0,0,0,0,0,0,0,0,0,0,"","","","","",""
360,Ujjani Dam_1,Maharashtra SW,27,Maharashtra,496,Solapur,-,-,-,-,-,-,-,-,-,18.07402000,75.12002000,21-11-2023 22:00,363.39,0,0,0,0,363.39,363.39,363.39,363.39,363.39,363.39,0,0,0,0,363.39,0,0,0,0,0,0,0,0,0,0,0,0,0,0,0,0,0,0,0,0,0,0,0,0,0,0,0,0,"","","","","",""
361,Ujjani Dam_1,Maharashtra SW,27,Maharashtra,496,Solapur,-,-,-,-,-,-,-,-,-,18.07402000,75.12002000,21-11-2023 23:00,363.39,0,0,0,0,363.39,363.39,363.39,363.39,363.39,363.39,0,0,0,0,363.39,0,0,0,0,0,0,0,0,0,0,0,0,0,0,0,0,0,0,0,0,0,0,0,0,0,0,0,0,"","","","","",""
362,Ujjani Dam_1,Maharashtra SW,27,Maharashtra,496,Solapur,-,-,-,-,-,-,-,-,-,18.07402000,75.12002000,22-11-2023 00:00,363.39,0,0,0,0,363.39,363.39,363.39,363.39,363.39,363.39,0,0,0,0,363.39,0,0,0,0,0,0,0,0,0,0,0,0,0,0,0,0,0,0,0,0,0,0,0,0,0,0,0,0,"","","","","",""
363,Ujjani Dam_1,Maharashtra SW,27,Maharashtra,496,Solapur,-,-,-,-,-,-,-,-,-,18.07402000,75.12002000,22-11-2023 01:00,363.39,0,0,0,0,363.39,363.39,363.39,363.39,363.39,363.39,0,0,0,0,363.39,0,0,0,0,0,0,0,0,0,0,0,0,0,0,0,0,0,0,0,0,0,0,0,0,0,0,0,0,"","","","","",""
364,Ujjani Dam_1,Maharashtra SW,27,Maharashtra,496,Solapur,-,-,-,-,-,-,-,-,-,18.07402000,75.12002000,22-11-2023 02:00,363.39,0,0,0,0,363.39,363.39,363.39,363.39,363.39,363.39,0,0,0,0,363.39,0,0,0,0,0,0,0,0,0,0,0,0,0,0,0,0,0,0,0,0,0,0,0,0,0,0,0,0,"","","","","",""
365,Ujjani Dam_1,Maharashtra SW,27,Maharashtra,496,Solapur,-,-,-,-,-,-,-,-,-,18.07402000,75.12002000,22-11-2023 03:00,363.39,0,0,0,0,363.39,363.39,363.39,363.39,363.39,363.39,0,0,0,0,363.39,0,0,0,0,0,0,0,0,0,0,0,0,0,0,0,0,0,0,0,0,0,0,0,0,0,0,0,0,"","","","","",""
366,Ujjani Dam_1,Maharashtra SW,27,Maharashtra,496,Solapur,-,-,-,-,-,-,-,-,-,18.07402000,75.12002000,22-11-2023 04:00,363.39,0,0,0,0,363.39,363.39,363.39,363.39,363.39,363.39,0,0,0,0,363.39,0,0,0,0,0,0,0,0,0,0,0,0,0,0,0,0,0,0,0,0,0,0,0,0,0,0,0,0,"","","","","",""
367,Ujjani Dam_1,Maharashtra SW,27,Maharashtra,496,Solapur,-,-,-,-,-,-,-,-,-,18.07402000,75.12002000,22-11-2023 05:00,363.39,0,0,0,0,363.39,363.39,363.39,363.39,363.39,363.39,0,0,0,0,363.39,0,0,0,0,0,0,0,0,0,0,0,0,0,0,0,0,0,0,0,0,0,0,0,0,0,0,0,0,"","","","","",""
368,Ujjani Dam_1,Maharashtra SW,27,Maharashtra,496,Solapur,-,-,-,-,-,-,-,-,-,18.07402000,75.12002000,22-11-2023 06:00,363.39,0,0,0,0,363.39,363.39,363.39,363.39,363.39,363.39,0,0,0,0,363.39,0,0,0,0,0,0,0,0,0,0,0,0,0,0,0,0,0,0,0,0,0,0,0,0,0,0,0,0,"","","","","",""
369,Ujjani Dam_1,Maharashtra SW,27,Maharashtra,496,Solapur,-,-,-,-,-,-,-,-,-,18.07402000,75.12002000,22-11-2023 07:00,363.39,0,0,0,0,363.39,363.39,363.39,363.39,363.39,363.39,0,0,0,0,363.39,0,0,0,0,0,0,0,0,0,0,0,0,0,0,0,0,0,0,0,0,0,0,0,0,0,0,0,0,"","","","","",""
370,Ujjani Dam_1,Maharashtra SW,27,Maharashtra,496,Solapur,-,-,-,-,-,-,-,-,-,18.07402000,75.12002000,22-11-2023 08:00,363.39,0,0,0,0,363.39,363.39,363.39,363.39,363.39,363.39,0,0,0,0,363.39,0,0,0,0,0,0,0,0,0,0,0,0,0,0,0,0,0,0,0,0,0,0,0,0,0,0,0,0,"","","","","",""
371,Ujjani Dam_1,Maharashtra SW,27,Maharashtra,496,Solapur,-,-,-,-,-,-,-,-,-,18.07402000,75.12002000,22-11-2023 09:00,363.39,0,0,0,0,363.39,363.39,363.39,363.39,363.39,363.39,0,0,0,0,363.39,0,0,0,0,0,0,0,0,0,0,0,0,0,0,0,0,0,0,0,0,0,0,0,0,0,0,0,0,"","","","","",""
372,Ujjani Dam_1,Maharashtra SW,27,Maharashtra,496,Solapur,-,-,-,-,-,-,-,-,-,18.07402000,75.12002000,22-11-2023 10:00,363.39,0,0,0,0,363.39,363.39,363.39,363.39,363.39,363.39,0,0,0,0,363.39,0,0,0,0,0,0,0,0,0,0,0,0,0,0,0,0,0,0,0,0,0,0,0,0,0,0,0,0,"","","","","",""
373,Ujjani Dam_1,Maharashtra SW,27,Maharashtra,496,Solapur,-,-,-,-,-,-,-,-,-,18.07402000,75.12002000,22-11-2023 11:00,0,0,0,0,0,0,0,0,90.76,817.53,0,0,0,0,0,0,0,0,0,0,0,0,0,0,0,0,0,0,0,0,0,0,0,0,0,0,0,0,0,0,0,0,0,0,"","","","","",""
374,Ujjani Dam_1,Maharashtra SW,27,Maharashtra,496,Solapur,-,-,-,-,-,-,-,-,-,18.07402000,75.12002000,22-11-2023 12:00,0,0,0,0,0,0,0,0,90.76,817.53,0,0,0,0,0,0,0,0,0,0,0,0,0,0,0,0,0,0,0,0,0,0,0,0,0,0,0,0,0,0,0,0,0,0,"","","","","",""
375,Ujjani Dam_1,Maharashtra SW,27,Maharashtra,496,Solapur,-,-,-,-,-,-,-,-,-,18.07402000,75.12002000,22-11-2023 13:00,0,0,0,0,0,0,0,0,90.76,817.53,0,0,0,0,0,0,0,0,0,0,0,0,0,0,0,0,0,0,0,0,0,0,0,0,0,0,0,0,0,0,0,0,0,0,"","","","","",""
376,Ujjani Dam_1,Maharashtra SW,27,Maharashtra,496,Solapur,-,-,-,-,-,-,-,-,-,18.07402000,75.12002000,22-11-2023 14:00,0,0,0,0,0,0,0,0,90.76,817.53,0,0,0,0,0,0,0,0,0,0,0,0,0,0,0,0,0,0,0,0,0,0,0,0,0,0,0,0,0,0,0,0,0,0,"","","","","",""
377,Ujjani Dam_1,Maharashtra SW,27,Maharashtra,496,Solapur,-,-,-,-,-,-,-,-,-,18.07402000,75.12002000,22-11-2023 15:00,0,0,0,0,0,0,0,0,90.76,817.53,0,0,0,0,0,0,0,0,0,0,0,0,0,0,0,0,0,0,0,0,0,0,0,0,0,0,0,0,0,0,0,0,0,0,"","","","","",""
378,Ujjani Dam_1,Maharashtra SW,27,Maharashtra,496,Solapur,-,-,-,-,-,-,-,-,-,18.07402000,75.12002000,22-11-2023 17:00,0,0,0,0,0,0,0,0,0,0,0,0,0,0,0,0,0,0,0,0,0,0,0,0,0,0,0,0,0,0,0,0,0,0,0,0,0,0,0,0,0,0,0,0,"","","","","",""
379,Ujjani Dam_1,Maharashtra SW,27,Maharashtra,496,Solapur,-,-,-,-,-,-,-,-,-,18.07402000,75.12002000,22-11-2023 18:00,0,0,0,0,0,0,0,0,0,0,0,0,0,0,0,0,0,0,0,0,0,0,0,0,0,0,0,0,0,0,0,0,0,0,0,0,0,0,0,0,0,0,0,0,"","","","","",""
380,Ujjani Dam_1,Maharashtra SW,27,Maharashtra,496,Solapur,-,-,-,-,-,-,-,-,-,18.07402000,75.12002000,22-11-2023 19:00,0,0,0,0,0,0,0,0,0,0,0,0,0,0,0,0,0,0,0,0,0,0,0,0,0,0,0,0,0,0,0,0,0,0,0,0,0,0,0,0,0,0,0,0,"","","","","",""
381,Ujjani Dam_1,Maharashtra SW,27,Maharashtra,496,Solapur,-,-,-,-,-,-,-,-,-,18.07402000,75.12002000,22-11-2023 20:00,0,0,0,0,0,0,0,0,0,0,0,0,0,0,0,0,0,0,0,0,0,0,0,0,0,0,0,0,0,0,0,0,0,0,0,0,0,0,0,0,0,0,0,0,"","","","","",""
382,Ujjani Dam_1,Maharashtra SW,27,Maharashtra,496,Solapur,-,-,-,-,-,-,-,-,-,18.07402000,75.12002000,22-11-2023 21:00,0,0,0,0,0,0,0,0,0,0,0,0,0,0,0,0,0,0,0,0,0,0,0,0,0,0,0,0,0,0,0,0,0,0,0,0,0,0,0,0,0,0,0,0,"","","","","",""
383,Ujjani Dam_1,Maharashtra SW,27,Maharashtra,496,Solapur,-,-,-,-,-,-,-,-,-,18.07402000,75.12002000,22-11-2023 22:00,0,0,0,0,0,0,0,0,0,0,0,0,0,0,0,0,0,0,0,0,0,0,0,0,0,0,0,0,0,0,0,0,0,0,0,0,0,0,0,0,0,0,0,0,"","","","","",""
384,Ujjani Dam_1,Maharashtra SW,27,Maharashtra,496,Solapur,-,-,-,-,-,-,-,-,-,18.07402000,75.12002000,22-11-2023 23:00,0,0,0,0,0,0,0,0,0,0,0,0,0,0,0,0,0,0,0,0,0,0,0,0,0,0,0,0,0,0,0,0,0,0,0,0,0,0,0,0,0,0,0,0,"","","","","",""
385,Ujjani Dam_1,Maharashtra SW,27,Maharashtra,496,Solapur,-,-,-,-,-,-,-,-,-,18.07402000,75.12002000,23-11-2023 00:00,0,0,0,0,0,0,0,0,0,0,0,0,0,0,0,0,0,0,0,0,0,0,0,0,0,0,0,0,0,0,0,0,0,0,0,0,0,0,0,0,0,0,0,0,"","","","","",""
386,Ujjani Dam_1,Maharashtra SW,27,Maharashtra,496,Solapur,-,-,-,-,-,-,-,-,-,18.07402000,75.12002000,23-11-2023 01:00,0,0,0,0,0,0,0,0,0,0,0,0,0,0,0,0,0,0,0,0,0,0,0,0,0,0,0,0,0,0,0,0,0,0,0,0,0,0,0,0,0,0,0,0,"","","","","",""
387,Ujjani Dam_1,Maharashtra SW,27,Maharashtra,496,Solapur,-,-,-,-,-,-,-,-,-,18.07402000,75.12002000,23-11-2023 02:00,0,0,0,0,0,0,0,0,0,0,0,0,0,0,0,0,0,0,0,0,0,0,0,0,0,0,0,0,0,0,0,0,0,0,0,0,0,0,0,0,0,0,0,0,"","","","","",""
388,Ujjani Dam_1,Maharashtra SW,27,Maharashtra,496,Solapur,-,-,-,-,-,-,-,-,-,18.07402000,75.12002000,23-11-2023 03:00,0,0,0,0,0,0,0,0,0,0,0,0,0,0,0,0,0,0,0,0,0,0,0,0,0,0,0,0,0,0,0,0,0,0,0,0,0,0,0,0,0,0,0,0,"","","","","",""
389,Ujjani Dam_1,Maharashtra SW,27,Maharashtra,496,Solapur,-,-,-,-,-,-,-,-,-,18.07402000,75.12002000,23-11-2023 04:00,0,0,0,0,0,0,0,0,0,0,0,0,0,0,0,0,0,0,0,0,0,0,0,0,0,0,0,0,0,0,0,0,0,0,0,0,0,0,0,0,0,0,0,0,"","","","","",""
390,Ujjani Dam_1,Maharashtra SW,27,Maharashtra,496,Solapur,-,-,-,-,-,-,-,-,-,18.07402000,75.12002000,23-11-2023 05:00,0,0,0,0,0,0,0,0,0,0,0,0,0,0,0,0,0,0,0,0,0,0,0,0,0,0,0,0,0,0,0,0,0,0,0,0,0,0,0,0,0,0,0,0,"","","","","",""
391,Ujjani Dam_1,Maharashtra SW,27,Maharashtra,496,Solapur,-,-,-,-,-,-,-,-,-,18.07402000,75.12002000,23-11-2023 07:00,0,0,0,0,0,0,0,0,0,0,0,0,0,0,0,0,0,0,0,0,0,0,0,0,0,0,0,0,0,0,0,0,0,0,0,0,0,0,0,0,0,0,0,0,"","","","","",""
392,Ujjani Dam_1,Maharashtra SW,27,Maharashtra,496,Solapur,-,-,-,-,-,-,-,-,-,18.07402000,75.12002000,23-11-2023 08:00,0,0,0,0,0,0,0,0,0,0,0,0,0,0,0,0,0,0,0,0,0,0,0,0,0,0,0,0,0,0,0,0,0,0,0,0,0,0,0,0,0,0,0,0,"","","","","",""
393,Ujjani Dam_1,Maharashtra SW,27,Maharashtra,496,Solapur,-,-,-,-,-,-,-,-,-,18.07402000,75.12002000,23-11-2023 09:00,0,0,0,0,0,0,0,0,0,0,0,0,0,0,0,0,0,0,0,0,0,0,0,0,0,0,0,0,0,0,0,0,0,0,0,0,0,0,0,0,0,0,0,0,"","","","","",""
394,Ujjani Dam_1,Maharashtra SW,27,Maharashtra,496,Solapur,-,-,-,-,-,-,-,-,-,18.07402000,75.12002000,23-11-2023 10:00,0,0,0,0,0,0,0,0,0,0,0,0,0,0,0,0,0,0,0,0,0,0,0,0,0,0,0,0,0,0,0,0,0,0,0,0,0,0,0,0,0,0,0,0,"","","","","",""
395,Ujjani Dam_1,Maharashtra SW,27,Maharashtra,496,Solapur,-,-,-,-,-,-,-,-,-,18.07402000,75.12002000,23-11-2023 13:00,0,0,0,0,0,0,0,0,0,0,0,0,0,0,0,0,0,0,0,0,0,0,0,0,0,0,0,0,0,0,0,0,0,0,0,0,0,0,0,0,0,0,0,0,"","","","","",""
396,Ujjani Dam_1,Maharashtra SW,27,Maharashtra,496,Solapur,-,-,-,-,-,-,-,-,-,18.07402000,75.12002000,23-11-2023 15:00,0,0,0,0,0,0,0,0,0,0,0,0,0,0,0,0,0,0,0,0,0,0,0,0,0,0,0,0,0,0,0,0,0,0,0,0,0,0,0,0,0,0,0,0,"","","","","",""
397,Ujjani Dam_1,Maharashtra SW,27,Maharashtra,496,Solapur,-,-,-,-,-,-,-,-,-,18.07402000,75.12002000,23-11-2023 16:00,0,0,0,0,0,0,0,0,0,0,0,0,0,0,0,0,0,0,0,0,0,0,0,0,0,0,0,0,0,0,0,0,0,0,0,0,0,0,0,0,0,0,0,0,"","","","","",""
398,Ujjani Dam_1,Maharashtra SW,27,Maharashtra,496,Solapur,-,-,-,-,-,-,-,-,-,18.07402000,75.12002000,23-11-2023 17:00,0,0,0,0,0,0,0,0,0,0,0,0,0,0,0,0,0,0,0,0,0,0,0,0,0,0,0,0,0,0,0,0,0,0,0,0,0,0,0,0,0,0,0,0,"","","","","",""
399,Ujjani Dam_1,Maharashtra SW,27,Maharashtra,496,Solapur,-,-,-,-,-,-,-,-,-,18.07402000,75.12002000,23-11-2023 18:00,0,0,0,0,0,0,0,0,0,0,0,0,0,0,0,0,0,0,0,0,0,0,0,0,0,0,0,0,0,0,0,0,0,0,0,0,0,0,0,0,0,0,0,0,"","","","","",""
400,Ujjani Dam_1,Maharashtra SW,27,Maharashtra,496,Solapur,-,-,-,-,-,-,-,-,-,18.07402000,75.12002000,23-11-2023 19:00,0,0,0,0,0,0,0,0,0,0,0,0,0,0,0,0,0,0,0,0,0,0,0,0,0,0,0,0,0,0,0,0,0,0,0,0,0,0,0,0,0,0,0,0,"","","","","",""
401,Ujjani Dam_1,Maharashtra SW,27,Maharashtra,496,Solapur,-,-,-,-,-,-,-,-,-,18.07402000,75.12002000,23-11-2023 20:00,0,0,0,0,0,0,0,0,0,0,0,0,0,0,0,0,0,0,0,0,0,0,0,0,0,0,0,0,0,0,0,0,0,0,0,0,0,0,0,0,0,0,0,0,"","","","","",""
402,Ujjani Dam_1,Maharashtra SW,27,Maharashtra,496,Solapur,-,-,-,-,-,-,-,-,-,18.07402000,75.12002000,23-11-2023 21:00,0,0,0,0,0,0,0,0,0,0,0,0,0,0,0,0,0,0,0,0,0,0,0,0,0,0,0,0,0,0,0,0,0,0,0,0,0,0,0,0,0,0,0,0,"","","","","",""
403,Ujjani Dam_1,Maharashtra SW,27,Maharashtra,496,Solapur,-,-,-,-,-,-,-,-,-,18.07402000,75.12002000,23-11-2023 23:00,0,0,0,0,0,0,0,0,0,0,0,0,0,0,0,0,0,0,0,0,0,0,0,0,0,0,0,0,0,0,0,0,0,0,0,0,0,0,0,0,0,0,0,0,"","","","","",""
404,Ujjani Dam_1,Maharashtra SW,27,Maharashtra,496,Solapur,-,-,-,-,-,-,-,-,-,18.07402000,75.12002000,24-11-2023 00:00,0,0,0,0,0,0,0,0,0,0,0,0,0,0,0,0,0,0,0,0,0,0,0,0,0,0,0,0,0,0,0,0,0,0,0,0,0,0,0,0,0,0,0,0,"","","","","",""
405,Ujjani Dam_1,Maharashtra SW,27,Maharashtra,496,Solapur,-,-,-,-,-,-,-,-,-,18.07402000,75.12002000,24-11-2023 01:00,0,0,0,0,0,0,0,0,0,0,0,0,0,0,0,0,0,0,0,0,0,0,0,0,0,0,0,0,0,0,0,0,0,0,0,0,0,0,0,0,0,0,0,0,"","","","","",""
406,Ujjani Dam_1,Maharashtra SW,27,Maharashtra,496,Solapur,-,-,-,-,-,-,-,-,-,18.07402000,75.12002000,24-11-2023 02:00,0,0,0,0,0,0,0,0,0,0,0,0,0,0,0,0,0,0,0,0,0,0,0,0,0,0,0,0,0,0,0,0,0,0,0,0,0,0,0,0,0,0,0,0,"","","","","",""
407,Ujjani Dam_1,Maharashtra SW,27,Maharashtra,496,Solapur,-,-,-,-,-,-,-,-,-,18.07402000,75.12002000,24-11-2023 03:00,0,0,0,0,0,0,0,0,0,0,0,0,0,0,0,0,0,0,0,0,0,0,0,0,0,0,0,0,0,0,0,0,0,0,0,0,0,0,0,0,0,0,0,0,"","","","","",""
408,Ujjani Dam_1,Maharashtra SW,27,Maharashtra,496,Solapur,-,-,-,-,-,-,-,-,-,18.07402000,75.12002000,24-11-2023 04:00,0,0,0,0,0,0,0,0,0,0,0,0,0,0,0,0,0,0,0,0,0,0,0,0,0,0,0,0,0,0,0,0,0,0,0,0,0,0,0,0,0,0,0,0,"","","","","",""
409,Ujjani Dam_1,Maharashtra SW,27,Maharashtra,496,Solapur,-,-,-,-,-,-,-,-,-,18.07402000,75.12002000,24-11-2023 05:00,0,0,0,0,0,0,0,0,0,0,0,0,0,0,0,0,0,0,0,0,0,0,0,0,0,0,0,0,0,0,0,0,0,0,0,0,0,0,0,0,0,0,0,0,"","","","","",""
410,Ujjani Dam_1,Maharashtra SW,27,Maharashtra,496,Solapur,-,-,-,-,-,-,-,-,-,18.07402000,75.12002000,24-11-2023 07:00,0,0,0,0,0,0,0,0,0,0,0,0,0,0,0,0,0,0,0,0,0,0,0,0,0,0,0,0,0,0,0,0,0,0,0,0,0,0,0,0,0,0,0,0,"","","","","",""
411,Ujjani Dam_1,Maharashtra SW,27,Maharashtra,496,Solapur,-,-,-,-,-,-,-,-,-,18.07402000,75.12002000,24-11-2023 08:00,0,0,0,0,0,0,0,0,0,0,0,0,0,0,0,0,0,0,0,0,0,0,0,0,0,0,0,0,0,0,0,0,0,0,0,0,0,0,0,0,0,0,0,0,"","","","","",""
412,Ujjani Dam_1,Maharashtra SW,27,Maharashtra,496,Solapur,-,-,-,-,-,-,-,-,-,18.07402000,75.12002000,24-11-2023 09:00,0,0,0,0,0,0,0,0,0,0,0,0,0,0,0,0,0,0,0,0,0,0,0,0,0,0,0,0,0,0,0,0,0,0,0,0,0,0,0,0,0,0,0,0,"","","","","",""
413,Ujjani Dam_1,Maharashtra SW,27,Maharashtra,496,Solapur,-,-,-,-,-,-,-,-,-,18.07402000,75.12002000,24-11-2023 10:00,0,0,0,0,0,0,0,0,0,0,0,0,0,0,0,0,0,0,0,0,0,0,0,0,0,0,0,0,0,0,0,0,0,0,0,0,0,0,0,0,0,0,0,0,"","","","","",""
414,Ujjani Dam_1,Maharashtra SW,27,Maharashtra,496,Solapur,-,-,-,-,-,-,-,-,-,18.07402000,75.12002000,24-11-2023 11:00,0,0,0,0,0,0,0,0,0,0,0,0,0,0,0,0,0,0,0,0,0,0,0,0,0,0,0,0,0,0,0,0,0,0,0,0,0,0,0,0,0,0,0,0,"","","","","",""
415,Ujjani Dam_1,Maharashtra SW,27,Maharashtra,496,Solapur,-,-,-,-,-,-,-,-,-,18.07402000,75.12002000,24-11-2023 12:00,0,0,0,0,0,0,0,0,0,0,0,0,0,0,0,0,0,0,0,0,0,0,0,0,0,0,0,0,0,0,0,0,0,0,0,0,0,0,0,0,0,0,0,0,"","","","","",""
416,Ujjani Dam_1,Maharashtra SW,27,Maharashtra,496,Solapur,-,-,-,-,-,-,-,-,-,18.07402000,75.12002000,24-11-2023 13:00,0,0,0,0,0,0,0,0,0,0,0,0,0,0,0,0,0,0,0,0,0,0,0,0,0,0,0,0,0,0,0,0,0,0,0,0,0,0,0,0,0,0,0,0,"","","","","",""
417,Ujjani Dam_1,Maharashtra SW,27,Maharashtra,496,Solapur,-,-,-,-,-,-,-,-,-,18.07402000,75.12002000,24-11-2023 15:00,0,0,0,0,0,0,0,0,0,0,0,0,0,0,0,0,0,0,0,0,0,0,0,0,0,0,0,0,0,0,0,0,0,0,0,0,0,0,0,0,0,0,0,0,"","","","","",""
418,Ujjani Dam_1,Maharashtra SW,27,Maharashtra,496,Solapur,-,-,-,-,-,-,-,-,-,18.07402000,75.12002000,24-11-2023 16:00,0,0,0,0,0,0,0,0,0,0,0,0,0,0,0,0,0,0,0,0,0,0,0,0,0,0,0,0,0,0,0,0,0,0,0,0,0,0,0,0,0,0,0,0,"","","","","",""
419,Ujjani Dam_1,Maharashtra SW,27,Maharashtra,496,Solapur,-,-,-,-,-,-,-,-,-,18.07402000,75.12002000,24-11-2023 17:00,0,0,0,0,0,0,0,0,0,0,0,0,0,0,0,0,0,0,0,0,0,0,0,0,0,0,0,0,0,0,0,0,0,0,0,0,0,0,0,0,0,0,0,0,"","","","","",""
420,Ujjani Dam_1,Maharashtra SW,27,Maharashtra,496,Solapur,-,-,-,-,-,-,-,-,-,18.07402000,75.12002000,24-11-2023 18:00,0,0,0,0,0,0,0,0,0,0,0,0,0,0,0,0,0,0,0,0,0,0,0,0,0,0,0,0,0,0,0,0,0,0,0,0,0,0,0,0,0,0,0,0,"","","","","",""
421,Ujjani Dam_1,Maharashtra SW,27,Maharashtra,496,Solapur,-,-,-,-,-,-,-,-,-,18.07402000,75.12002000,24-11-2023 19:00,0,0,0,0,0,0,0,0,0,0,0,0,0,0,0,0,0,0,0,0,0,0,0,0,0,0,0,0,0,0,0,0,0,0,0,0,0,0,0,0,0,0,0,0,"","","","","",""
422,Ujjani Dam_1,Maharashtra SW,27,Maharashtra,496,Solapur,-,-,-,-,-,-,-,-,-,18.07402000,75.12002000,24-11-2023 20:00,0,0,0,0,0,0,0,0,0,0,0,0,0,0,0,0,0,0,0,0,0,0,0,0,0,0,0,0,0,0,0,0,0,0,0,0,0,0,0,0,0,0,0,0,"","","","","",""
423,Ujjani Dam_1,Maharashtra SW,27,Maharashtra,496,Solapur,-,-,-,-,-,-,-,-,-,18.07402000,75.12002000,24-11-2023 22:00,0,0,0,0,0,0,0,0,0,0,0,0,0,0,0,0,0,0,0,0,0,0,0,0,0,0,0,0,0,0,0,0,0,0,0,0,0,0,0,0,0,0,0,0,"","","","","",""
424,Ujjani Dam_1,Maharashtra SW,27,Maharashtra,496,Solapur,-,-,-,-,-,-,-,-,-,18.07402000,75.12002000,24-11-2023 23:00,0,0,0,0,0,0,0,0,0,0,0,0,0,0,0,0,0,0,0,0,0,0,0,0,0,0,0,0,0,0,0,0,0,0,0,0,0,0,0,0,0,0,0,0,"","","","","",""
425,Ujjani Dam_1,Maharashtra SW,27,Maharashtra,496,Solapur,-,-,-,-,-,-,-,-,-,18.07402000,75.12002000,25-11-2023 00:00,0,0,0,0,0,0,0,0,0,0,0,0,0,0,0,0,0,0,0,0,0,0,0,0,0,0,0,0,0,0,0,0,0,0,0,0,0,0,0,0,0,0,0,0,"","","","","",""
426,Ujjani Dam_1,Maharashtra SW,27,Maharashtra,496,Solapur,-,-,-,-,-,-,-,-,-,18.07402000,75.12002000,25-11-2023 01:00,0,0,0,0,0,0,0,0,0,0,0,0,0,0,0,0,0,0,0,0,0,0,0,0,0,0,0,0,0,0,0,0,0,0,0,0,0,0,0,0,0,0,0,0,"","","","","",""
427,Ujjani Dam_1,Maharashtra SW,27,Maharashtra,496,Solapur,-,-,-,-,-,-,-,-,-,18.07402000,75.12002000,25-11-2023 02:00,0,0,0,0,0,0,0,0,0,0,0,0,0,0,0,0,0,0,0,0,0,0,0,0,0,0,0,0,0,0,0,0,0,0,0,0,0,0,0,0,0,0,0,0,"","","","","",""
428,Ujjani Dam_1,Maharashtra SW,27,Maharashtra,496,Solapur,-,-,-,-,-,-,-,-,-,18.07402000,75.12002000,25-11-2023 03:00,0,0,0,0,0,0,0,0,0,0,0,0,0,0,0,0,0,0,0,0,0,0,0,0,0,0,0,0,0,0,0,0,0,0,0,0,0,0,0,0,0,0,0,0,"","","","","",""
429,Ujjani Dam_1,Maharashtra SW,27,Maharashtra,496,Solapur,-,-,-,-,-,-,-,-,-,18.07402000,75.12002000,25-11-2023 04:00,0,0,0,0,0,0,0,0,0,0,0,0,0,0,0,0,0,0,0,0,0,0,0,0,0,0,0,0,0,0,0,0,0,0,0,0,0,0,0,0,0,0,0,0,"","","","","",""
430,Ujjani Dam_1,Maharashtra SW,27,Maharashtra,496,Solapur,-,-,-,-,-,-,-,-,-,18.07402000,75.12002000,25-11-2023 06:00,0,0,0,0,0,0,0,0,0,0,0,0,0,0,0,0,0,0,0,0,0,0,0,0,0,0,0,0,0,0,0,0,0,0,0,0,0,0,0,0,0,0,0,0,"","","","","",""
431,Ujjani Dam_1,Maharashtra SW,27,Maharashtra,496,Solapur,-,-,-,-,-,-,-,-,-,18.07402000,75.12002000,25-11-2023 07:00,0,0,0,0,0,0,0,0,0,0,0,0,0,0,0,0,0,0,0,0,0,0,0,0,0,0,0,0,0,0,0,0,0,0,0,0,0,0,0,0,0,0,0,0,"","","","","",""
432,Ujjani Dam_1,Maharashtra SW,27,Maharashtra,496,Solapur,-,-,-,-,-,-,-,-,-,18.07402000,75.12002000,25-11-2023 08:00,0,0,0,0,0,0,0,0,0,0,0,0,0,0,0,0,0,0,0,0,0,0,0,0,0,0,0,0,0,0,0,0,0,0,0,0,0,0,0,0,0,0,0,0,"","","","","",""
433,Ujjani Dam_1,Maharashtra SW,27,Maharashtra,496,Solapur,-,-,-,-,-,-,-,-,-,18.07402000,75.12002000,25-11-2023 09:00,0,0,0,0,0,0,0,0,0,0,0,0,0,0,0,0,0,0,0,0,0,0,0,0,0,0,0,0,0,0,0,0,0,0,0,0,0,0,0,0,0,0,0,0,"","","","","",""
434,Ujjani Dam_1,Maharashtra SW,27,Maharashtra,496,Solapur,-,-,-,-,-,-,-,-,-,18.07402000,75.12002000,25-11-2023 10:00,0,0,0,0,0,0,0,0,0,0,0,0,0,0,0,0,0,0,0,0,0,0,0,0,0,0,0,0,0,0,0,0,0,0,0,0,0,0,0,0,0,0,0,0,"","","","","",""
435,Ujjani Dam_1,Maharashtra SW,27,Maharashtra,496,Solapur,-,-,-,-,-,-,-,-,-,18.07402000,75.12002000,25-11-2023 11:00,0,0,0,0,0,0,0,0,0,0,0,0,0,0,0,0,0,0,0,0,0,0,0,0,0,0,0,0,0,0,0,0,0,0,0,0,0,0,0,0,0,0,0,0,"","","","","",""
436,Ujjani Dam_1,Maharashtra SW,27,Maharashtra,496,Solapur,-,-,-,-,-,-,-,-,-,18.07402000,75.12002000,25-11-2023 12:00,0,0,0,0,0,0,0,0,0,0,0,0,0,0,0,0,0,0,0,0,0,0,0,0,0,0,0,0,0,0,0,0,0,0,0,0,0,0,0,0,0,0,0,0,"","","","","",""
437,Ujjani Dam_1,Maharashtra SW,27,Maharashtra,496,Solapur,-,-,-,-,-,-,-,-,-,18.07402000,75.12002000,25-11-2023 14:00,0,0,0,0,0,0,0,0,0,0,0,0,0,0,0,0,0,0,0,0,0,0,0,0,0,0,0,0,0,0,0,0,0,0,0,0,0,0,0,0,0,0,0,0,"","","","","",""
438,Ujjani Dam_1,Maharashtra SW,27,Maharashtra,496,Solapur,-,-,-,-,-,-,-,-,-,18.07402000,75.12002000,25-11-2023 15:00,0,0,0,0,0,0,0,0,0,0,0,0,0,0,0,0,0,0,0,0,0,0,0,0,0,0,0,0,0,0,0,0,0,0,0,0,0,0,0,0,0,0,0,0,"","","","","",""
439,Ujjani Dam_1,Maharashtra SW,27,Maharashtra,496,Solapur,-,-,-,-,-,-,-,-,-,18.07402000,75.12002000,25-11-2023 16:00,0,0,0,0,0,0,0,0,0,0,0,0,0,0,0,0,0,0,0,0,0,0,0,0,0,0,0,0,0,0,0,0,0,0,0,0,0,0,0,0,0,0,0,0,"","","","","",""
440,Ujjani Dam_1,Maharashtra SW,27,Maharashtra,496,Solapur,-,-,-,-,-,-,-,-,-,18.07402000,75.12002000,25-11-2023 17:00,0,0,0,0,0,0,0,0,0,0,0,0,0,0,0,0,0,0,0,0,0,0,0,0,0,0,0,0,0,0,0,0,0,0,0,0,0,0,0,0,0,0,0,0,"","","","","",""
441,Ujjani Dam_1,Maharashtra SW,27,Maharashtra,496,Solapur,-,-,-,-,-,-,-,-,-,18.07402000,75.12002000,25-11-2023 18:00,0,0,0,0,0,0,0,0,0,0,0,0,0,0,0,0,0,0,0,0,0,0,0,0,0,0,0,0,0,0,0,0,0,0,0,0,0,0,0,0,0,0,0,0,"","","","","",""
442,Ujjani Dam_1,Maharashtra SW,27,Maharashtra,496,Solapur,-,-,-,-,-,-,-,-,-,18.07402000,75.12002000,25-11-2023 19:00,0,0,0,0,0,0,0,0,0,0,0,0,0,0,0,0,0,0,0,0,0,0,0,0,0,0,0,0,0,0,0,0,0,0,0,0,0,0,0,0,0,0,0,0,"","","","","",""
443,Ujjani Dam_1,Maharashtra SW,27,Maharashtra,496,Solapur,-,-,-,-,-,-,-,-,-,18.07402000,75.12002000,25-11-2023 20:00,0,0,0,0,0,0,0,0,0,0,0,0,0,0,0,0,0,0,0,0,0,0,0,0,0,0,0,0,0,0,0,0,0,0,0,0,0,0,0,0,0,0,0,0,"","","","","",""
444,Ujjani Dam_1,Maharashtra SW,27,Maharashtra,496,Solapur,-,-,-,-,-,-,-,-,-,18.07402000,75.12002000,25-11-2023 22:00,0,0,0,0,0,0,0,0,0,0,0,0,0,0,0,0,0,0,0,0,0,0,0,0,0,0,0,0,0,0,0,0,0,0,0,0,0,0,0,0,0,0,0,0,"","","","","",""
445,Ujjani Dam_1,Maharashtra SW,27,Maharashtra,496,Solapur,-,-,-,-,-,-,-,-,-,18.07402000,75.12002000,25-11-2023 23:00,0,0,0,0,0,0,0,0,0,0,0,0,0,0,0,0,0,0,0,0,0,0,0,0,0,0,0,0,0,0,0,0,0,0,0,0,0,0,0,0,0,0,0,0,"","","","","",""
446,Ujjani Dam_1,Maharashtra SW,27,Maharashtra,496,Solapur,-,-,-,-,-,-,-,-,-,18.07402000,75.12002000,26-11-2023 00:00,0,0,0,0,0,0,0,0,0,0,0,0,0,0,0,0,0,0,0,0,0,0,0,0,0,0,0,0,0,0,0,0,0,0,0,0,0,0,0,0,0,0,0,0,"","","","","",""
447,Ujjani Dam_1,Maharashtra SW,27,Maharashtra,496,Solapur,-,-,-,-,-,-,-,-,-,18.07402000,75.12002000,26-11-2023 01:00,0,0,0,0,0,0,0,0,0,0,0,0,0,0,0,0,0,0,0,0,0,0,0,0,0,0,0,0,0,0,0,0,0,0,0,0,0,0,0,0,0,0,0,0,"","","","","",""
448,Ujjani Dam_1,Maharashtra SW,27,Maharashtra,496,Solapur,-,-,-,-,-,-,-,-,-,18.07402000,75.12002000,26-11-2023 02:00,0,0,0,0,0,0,0,0,0,0,0,0,0,0,0,0,0,0,0,0,0,0,0,0,0,0,0,0,0,0,0,0,0,0,0,0,0,0,0,0,0,0,0,0,"","","","","",""
449,Ujjani Dam_1,Maharashtra SW,27,Maharashtra,496,Solapur,-,-,-,-,-,-,-,-,-,18.07402000,75.12002000,26-11-2023 03:00,0,0,0,0,0,0,0,0,0,0,0,0,0,0,0,0,0,0,0,0,0,0,0,0,0,0,0,0,0,0,0,0,0,0,0,0,0,0,0,0,0,0,0,0,"","","","","",""
450,Ujjani Dam_1,Maharashtra SW,27,Maharashtra,496,Solapur,-,-,-,-,-,-,-,-,-,18.07402000,75.12002000,26-11-2023 04:00,0,0,0,0,0,0,0,0,0,0,0,0,0,0,0,0,0,0,0,0,0,0,0,0,0,0,0,0,0,0,0,0,0,0,0,0,0,0,0,0,0,0,0,0,"","","","","",""
451,Ujjani Dam_1,Maharashtra SW,27,Maharashtra,496,Solapur,-,-,-,-,-,-,-,-,-,18.07402000,75.12002000,26-11-2023 06:00,0,0,0,0,0,0,0,0,0,0,0,0,0,0,0,0,0,0,0,0,0,0,0,0,0,0,0,0,0,0,0,0,0,0,0,0,0,0,0,0,0,0,0,0,"","","","","",""
452,Ujjani Dam_1,Maharashtra SW,27,Maharashtra,496,Solapur,-,-,-,-,-,-,-,-,-,18.07402000,75.12002000,26-11-2023 07:00,0,0,0,0,0,0,0,0,0,0,0,0,0,0,0,0,0,0,0,0,0,0,0,0,0,0,0,0,0,0,0,0,0,0,0,0,0,0,0,0,0,0,0,0,"","","","","",""
453,Ujjani Dam_1,Maharashtra SW,27,Maharashtra,496,Solapur,-,-,-,-,-,-,-,-,-,18.07402000,75.12002000,26-11-2023 08:00,0,0,0,0,0,0,0,0,0,0,0,0,0,0,0,0,0,0,0,0,0,0,0,0,0,0,0,0,0,0,0,0,0,0,0,0,0,0,0,0,0,0,0,0,"","","","","",""
454,Ujjani Dam_1,Maharashtra SW,27,Maharashtra,496,Solapur,-,-,-,-,-,-,-,-,-,18.07402000,75.12002000,26-11-2023 09:00,0,0,0,0,0,0,0,0,0,0,0,0,0,0,0,0,0,0,0,0,0,0,0,0,0,0,0,0,0,0,0,0,0,0,0,0,0,0,0,0,0,0,0,0,"","","","","",""
455,Ujjani Dam_1,Maharashtra SW,27,Maharashtra,496,Solapur,-,-,-,-,-,-,-,-,-,18.07402000,75.12002000,26-11-2023 10:00,0,0,0,0,0,0,0,0,0,0,0,0,0,0,0,0,0,0,0,0,0,0,0,0,0,0,0,0,0,0,0,0,0,0,0,0,0,0,0,0,0,0,0,0,"","","","","",""
456,Ujjani Dam_1,Maharashtra SW,27,Maharashtra,496,Solapur,-,-,-,-,-,-,-,-,-,18.07402000,75.12002000,26-11-2023 11:00,0,0,0,0,0,0,0,0,0,0,0,0,0,0,0,0,0,0,0,0,0,0,0,0,0,0,0,0,0,0,0,0,0,0,0,0,0,0,0,0,0,0,0,0,"","","","","",""
457,Ujjani Dam_1,Maharashtra SW,27,Maharashtra,496,Solapur,-,-,-,-,-,-,-,-,-,18.07402000,75.12002000,26-11-2023 12:00,0,0,0,0,0,0,0,0,0,0,0,0,0,0,0,0,0,0,0,0,0,0,0,0,0,0,0,0,0,0,0,0,0,0,0,0,0,0,0,0,0,0,0,0,"","","","","",""
458,Ujjani Dam_1,Maharashtra SW,27,Maharashtra,496,Solapur,-,-,-,-,-,-,-,-,-,18.07402000,75.12002000,26-11-2023 14:00,0,0,0,0,0,0,0,0,0,0,0,0,0,0,0,0,0,0,0,0,0,0,0,0,0,0,0,0,0,0,0,0,0,0,0,0,0,0,0,0,0,0,0,0,"","","","","",""
459,Ujjani Dam_1,Maharashtra SW,27,Maharashtra,496,Solapur,-,-,-,-,-,-,-,-,-,18.07402000,75.12002000,26-11-2023 15:00,0,0,0,0,0,0,0,0,0,0,0,0,0,0,0,0,0,0,0,0,0,0,0,0,0,0,0,0,0,0,0,0,0,0,0,0,0,0,0,0,0,0,0,0,"","","","","",""
460,Ujjani Dam_1,Maharashtra SW,27,Maharashtra,496,Solapur,-,-,-,-,-,-,-,-,-,18.07402000,75.12002000,26-11-2023 16:00,0,0,0,0,0,0,0,0,0,0,0,0,0,0,0,0,0,0,0,0,0,0,0,0,0,0,0,0,0,0,0,0,0,0,0,0,0,0,0,0,0,0,0,0,"","","","","",""
461,Ujjani Dam_1,Maharashtra SW,27,Maharashtra,496,Solapur,-,-,-,-,-,-,-,-,-,18.07402000,75.12002000,26-11-2023 17:00,0,0,0,0,0,0,0,0,0,0,0,0,0,0,0,0,0,0,0,0,0,0,0,0,0,0,0,0,0,0,0,0,0,0,0,0,0,0,0,0,0,0,0,0,"","","","","",""
462,Ujjani Dam_1,Maharashtra SW,27,Maharashtra,496,Solapur,-,-,-,-,-,-,-,-,-,18.07402000,75.12002000,26-11-2023 18:00,0,0,0,0,0,0,0,0,0,0,0,0,0,0,0,0,0,0,0,0,0,0,0,0,0,0,0,0,0,0,0,0,0,0,0,0,0,0,0,0,0,0,0,0,"","","","","",""
463,Ujjani Dam_1,Maharashtra SW,27,Maharashtra,496,Solapur,-,-,-,-,-,-,-,-,-,18.07402000,75.12002000,26-11-2023 19:00,0,0,0,0,0,0,0,0,0,0,0,0,0,0,0,0,0,0,0,0,0,0,0,0,0,0,0,0,0,0,0,0,0,0,0,0,0,0,0,0,0,0,0,0,"","","","","",""
464,Ujjani Dam_1,Maharashtra SW,27,Maharashtra,496,Solapur,-,-,-,-,-,-,-,-,-,18.07402000,75.12002000,26-11-2023 20:00,0,0,0,0,0,0,0,0,0,0,0,0,0,0,0,0,0,0,0,0,0,0,0,0,0,0,0,0,0,0,0,0,0,0,0,0,0,0,0,0,0,0,0,0,"","","","","",""
465,Ujjani Dam_1,Maharashtra SW,27,Maharashtra,496,Solapur,-,-,-,-,-,-,-,-,-,18.07402000,75.12002000,26-11-2023 22:00,0,0,0,0,0,0,0,0,0,0,0,0,0,0,0,0,0,0,0,0,0,0,0,0,0,0,0,0,0,0,0,0,0,0,0,0,0,0,0,0,0,0,0,0,"","","","","",""
466,Ujjani Dam_1,Maharashtra SW,27,Maharashtra,496,Solapur,-,-,-,-,-,-,-,-,-,18.07402000,75.12002000,26-11-2023 23:00,0,0,0,0,0,0,0,0,0,0,0,0,0,0,0,0,0,0,0,0,0,0,0,0,0,0,0,0,0,0,0,0,0,0,0,0,0,0,0,0,0,0,0,0,"","","","","",""
467,Ujjani Dam_1,Maharashtra SW,27,Maharashtra,496,Solapur,-,-,-,-,-,-,-,-,-,18.07402000,75.12002000,27-11-2023 00:00,0,0,0,0,0,0,0,0,0,0,0,0,0,0,0,0,0,0,0,0,0,0,0,0,0,0,0,0,0,0,0,0,0,0,0,0,0,0,0,0,0,0,0,0,"","","","","",""
468,Ujjani Dam_1,Maharashtra SW,27,Maharashtra,496,Solapur,-,-,-,-,-,-,-,-,-,18.07402000,75.12002000,27-11-2023 01:00,0,0,0,0,0,0,0,0,0,0,0,0,0,0,0,0,0,0,0,0,0,0,0,0,0,0,0,0,0,0,0,0,0,0,0,0,0,0,0,0,0,0,0,0,"","","","","",""
469,Ujjani Dam_1,Maharashtra SW,27,Maharashtra,496,Solapur,-,-,-,-,-,-,-,-,-,18.07402000,75.12002000,27-11-2023 02:00,0,0,0,0,0,0,0,0,0,0,0,0,0,0,0,0,0,0,0,0,0,0,0,0,0,0,0,0,0,0,0,0,0,0,0,0,0,0,0,0,0,0,0,0,"","","","","",""
470,Ujjani Dam_1,Maharashtra SW,27,Maharashtra,496,Solapur,-,-,-,-,-,-,-,-,-,18.07402000,75.12002000,27-11-2023 03:00,0,0,0,0,0,0,0,0,0,0,0,0,0,0,0,0,0,0,0,0,0,0,0,0,0,0,0,0,0,0,0,0,0,0,0,0,0,0,0,0,0,0,0,0,"","","","","",""
471,Ujjani Dam_1,Maharashtra SW,27,Maharashtra,496,Solapur,-,-,-,-,-,-,-,-,-,18.07402000,75.12002000,27-11-2023 05:00,0,0,0,0,0,0,0,0,0,0,0,0,0,0,0,0,0,0,0,0,0,0,0,0,0,0,0,0,0,0,0,0,0,0,0,0,0,0,0,0,0,0,0,0,"","","","","",""
472,Ujjani Dam_1,Maharashtra SW,27,Maharashtra,496,Solapur,-,-,-,-,-,-,-,-,-,18.07402000,75.12002000,27-11-2023 06:00,0,0,0,0,0,0,0,0,0,0,0,0,0,0,0,0,0,0,0,0,0,0,0,0,0,0,0,0,0,0,0,0,0,0,0,0,0,0,0,0,0,0,0,0,"","","","","",""
473,Ujjani Dam_1,Maharashtra SW,27,Maharashtra,496,Solapur,-,-,-,-,-,-,-,-,-,18.07402000,75.12002000,27-11-2023 07:00,0,0,0,0,0,0,0,0,0,0,0,0,0,0,0,0,0,0,0,0,0,0,0,0,0,0,0,0,0,0,0,0,0,0,0,0,0,0,0,0,0,0,0,0,"","","","","",""
474,Ujjani Dam_1,Maharashtra SW,27,Maharashtra,496,Solapur,-,-,-,-,-,-,-,-,-,18.07402000,75.12002000,27-11-2023 08:00,0,"","","","","","","","","","","","","","","","","","","","","","","","","","","","","","","","","","","","","","","","","","","","","","","","",""
475,Ujjani Dam_1,Maharashtra SW,27,Maharashtra,496,Solapur,-,-,-,-,-,-,-,-,-,18.07402000,75.12002000,27-11-2023 09:00,0,0,0,0,0,0,0,0,0,0,0,0,0,0,0,0,0,0,0,0,0,0,0,0,0,0,0,0,0,0,0,0,0,0,0,0,0,0,0,0,0,0,0,0,"","","","","",""
476,Ujjani Dam_1,Maharashtra SW,27,Maharashtra,496,Solapur,-,-,-,-,-,-,-,-,-,18.07402000,75.12002000,27-11-2023 10:00,0,0,0,0,0,0,0,0,0,0,0,0,0,0,0,0,0,0,0,0,0,0,0,0,0,0,0,0,0,0,0,0,0,0,0,0,0,0,0,0,0,0,0,0,"","","","","",""
477,Ujjani Dam_1,Maharashtra SW,27,Maharashtra,496,Solapur,-,-,-,-,-,-,-,-,-,18.07402000,75.12002000,27-11-2023 11:00,0,0,0,0,0,0,0,0,0,0,0,0,0,0,0,0,0,0,0,0,0,0,0,0,0,0,0,0,0,0,0,0,0,0,0,0,0,0,0,0,0,0,0,0,"","","","","",""
478,Ujjani Dam_1,Maharashtra SW,27,Maharashtra,496,Solapur,-,-,-,-,-,-,-,-,-,18.07402000,75.12002000,27-11-2023 12:00,0,0,0,0,0,0,0,0,0,0,0,0,0,0,0,0,0,0,0,0,0,0,0,0,0,0,0,0,0,0,0,0,0,0,0,0,0,0,0,0,0,0,0,0,"","","","","",""
479,Ujjani Dam_1,Maharashtra SW,27,Maharashtra,496,Solapur,-,-,-,-,-,-,-,-,-,18.07402000,75.12002000,27-11-2023 14:00,0,0,0,0,0,0,0,0,0,0,0,0,0,0,0,0,0,0,0,0,0,0,0,0,0,0,0,0,0,0,0,0,0,0,0,0,0,0,0,0,0,0,0,0,"","","","","",""
480,Ujjani Dam_1,Maharashtra SW,27,Maharashtra,496,Solapur,-,-,-,-,-,-,-,-,-,18.07402000,75.12002000,27-11-2023 15:00,0,0,0,0,0,0,0,0,0,0,0,0,0,0,0,0,0,0,0,0,0,0,0,0,0,0,0,0,0,0,0,0,0,0,0,0,0,0,0,0,0,0,0,0,"","","","","",""
481,Ujjani Dam_1,Maharashtra SW,27,Maharashtra,496,Solapur,-,-,-,-,-,-,-,-,-,18.07402000,75.12002000,27-11-2023 16:00,0,0,0,0,0,0,0,0,0,0,0,0,0,0,0,0,0,0,0,0,0,0,0,0,0,0,0,0,0,0,0,0,0,0,0,0,0,0,0,0,0,0,0,0,"","","","","",""
482,Ujjani Dam_1,Maharashtra SW,27,Maharashtra,496,Solapur,-,-,-,-,-,-,-,-,-,18.07402000,75.12002000,27-11-2023 17:00,0,0,0,0,0,0,0,0,0,0,0,0,0,0,0,0,0,0,0,0,0,0,0,0,0,0,0,0,0,0,0,0,0,0,0,0,0,0,0,0,0,0,0,0,"","","","","",""
483,Ujjani Dam_1,Maharashtra SW,27,Maharashtra,496,Solapur,-,-,-,-,-,-,-,-,-,18.07402000,75.12002000,27-11-2023 18:00,0,0,0,0,0,0,0,0,0,0,0,0,0,0,0,0,0,0,0,0,0,0,0,0,0,0,0,0,0,0,0,0,0,0,0,0,0,0,0,0,0,0,0,0,"","","","","",""
484,Ujjani Dam_1,Maharashtra SW,27,Maharashtra,496,Solapur,-,-,-,-,-,-,-,-,-,18.07402000,75.12002000,27-11-2023 19:00,0,0,0,0,0,0,0,0,0,0,0,0,0,0,0,0,0,0,0,0,0,0,0,0,0,0,0,0,0,0,0,0,0,0,0,0,0,0,0,0,0,0,0,0,"","","","","",""
485,Ujjani Dam_1,Maharashtra SW,27,Maharashtra,496,Solapur,-,-,-,-,-,-,-,-,-,18.07402000,75.12002000,27-11-2023 21:00,0,0,0,0,0,0,0,0,0,0,0,0,0,0,0,0,0,0,0,0,0,0,0,0,0,0,0,0,0,0,0,0,0,0,0,0,0,0,0,0,0,0,0,0,"","","","","",""
486,Ujjani Dam_1,Maharashtra SW,27,Maharashtra,496,Solapur,-,-,-,-,-,-,-,-,-,18.07402000,75.12002000,27-11-2023 22:00,0,0,0,0,0,0,0,0,0,0,0,0,0,0,0,0,0,0,0,0,0,0,0,0,0,0,0,0,0,0,0,0,0,0,0,0,0,0,0,0,0,0,0,0,"","","","","",""
487,Ujjani Dam_1,Maharashtra SW,27,Maharashtra,496,Solapur,-,-,-,-,-,-,-,-,-,18.07402000,75.12002000,27-11-2023 23:00,0,0,0,0,0,0,0,0,0,0,0,0,0,0,0,0,0,0,0,0,0,0,0,0,0,0,0,0,0,0,0,0,0,0,0,0,0,0,0,0,0,0,0,0,"","","","","",""
488,Ujjani Dam_1,Maharashtra SW,27,Maharashtra,496,Solapur,-,-,-,-,-,-,-,-,-,18.07402000,75.12002000,28-11-2023 00:00,0,0,0,0,0,0,0,0,0,0,0,0,0,0,0,0,0,0,0,0,0,0,0,0,0,0,0,0,0,0,0,0,0,0,0,0,0,0,0,0,0,0,0,0,"","","","","",""
489,Ujjani Dam_1,Maharashtra SW,27,Maharashtra,496,Solapur,-,-,-,-,-,-,-,-,-,18.07402000,75.12002000,28-11-2023 01:00,0,0,0,0,0,0,0,0,0,0,0,0,0,0,0,0,0,0,0,0,0,0,0,0,0,0,0,0,0,0,0,0,0,0,0,0,0,0,0,0,0,0,0,0,"","","","","",""
490,Ujjani Dam_1,Maharashtra SW,27,Maharashtra,496,Solapur,-,-,-,-,-,-,-,-,-,18.07402000,75.12002000,28-11-2023 02:00,0,0,0,0,0,0,0,0,0,0,0,0,0,0,0,0,0,0,0,0,0,0,0,0,0,0,0,0,0,0,0,0,0,0,0,0,0,0,0,0,0,0,0,0,"","","","","",""
491,Ujjani Dam_1,Maharashtra SW,27,Maharashtra,496,Solapur,-,-,-,-,-,-,-,-,-,18.07402000,75.12002000,28-11-2023 03:00,0,0,0,0,0,0,0,0,0,0,0,0,0,0,0,0,0,0,0,0,0,0,0,0,0,0,0,0,0,0,0,0,0,0,0,0,0,0,0,0,0,0,0,0,"","","","","",""
492,Ujjani Dam_1,Maharashtra SW,27,Maharashtra,496,Solapur,-,-,-,-,-,-,-,-,-,18.07402000,75.12002000,28-11-2023 05:00,0,0,0,0,0,0,0,0,0,0,0,0,0,0,0,0,0,0,0,0,0,0,0,0,0,0,0,0,0,0,0,0,0,0,0,0,0,0,0,0,0,0,0,0,"","","","","",""
493,Ujjani Dam_1,Maharashtra SW,27,Maharashtra,496,Solapur,-,-,-,-,-,-,-,-,-,18.07402000,75.12002000,28-11-2023 06:00,0,0,0,0,0,0,0,0,0,0,0,0,0,0,0,0,0,0,0,0,0,0,0,0,0,0,0,0,0,0,0,0,0,0,0,0,0,0,0,0,0,0,0,0,"","","","","",""
494,Ujjani Dam_1,Maharashtra SW,27,Maharashtra,496,Solapur,-,-,-,-,-,-,-,-,-,18.07402000,75.12002000,28-11-2023 07:00,0,0,0,0,0,0,0,0,0,0,0,0,0,0,0,0,0,0,0,0,0,0,0,0,0,0,0,0,0,0,0,0,0,0,0,0,0,0,0,0,0,0,0,0,"","","","","",""
495,Ujjani Dam_1,Maharashtra SW,27,Maharashtra,496,Solapur,-,-,-,-,-,-,-,-,-,18.07402000,75.12002000,28-11-2023 08:00,0,0,0,0,0,0,0,0,0,0,0,0,0,0,0,0,0,0,0,0,0,0,0,0,0,0,0,0,0,0,0,0,0,0,0,0,0,0,0,0,0,0,0,0,"","","","","",""
496,Ujjani Dam_1,Maharashtra SW,27,Maharashtra,496,Solapur,-,-,-,-,-,-,-,-,-,18.07402000,75.12002000,28-11-2023 09:00,0,0,0,0,0,0,0,0,0,0,0,0,0,0,0,0,0,0,0,0,0,0,0,0,0,0,0,0,0,0,0,0,0,0,0,0,0,0,0,0,0,0,0,0,"","","","","",""
497,Ujjani Dam_1,Maharashtra SW,27,Maharashtra,496,Solapur,-,-,-,-,-,-,-,-,-,18.07402000,75.12002000,28-11-2023 10:00,0,0,0,0,0,0,0,0,0,0,0,0,0,0,0,0,0,0,0,0,0,0,0,0,0,0,0,0,0,0,0,0,0,0,0,0,0,0,0,0,0,0,0,0,"","","","","",""
498,Ujjani Dam_1,Maharashtra SW,27,Maharashtra,496,Solapur,-,-,-,-,-,-,-,-,-,18.07402000,75.12002000,28-11-2023 11:00,0,0,0,0,0,0,0,0,0,0,0,0,0,0,0,0,0,0,0,0,0,0,0,0,0,0,0,0,0,0,0,0,0,0,0,0,0,0,0,0,0,0,0,0,"","","","","",""
499,Ujjani Dam_1,Maharashtra SW,27,Maharashtra,496,Solapur,-,-,-,-,-,-,-,-,-,18.07402000,75.12002000,28-11-2023 13:00,0,0,0,0,0,0,0,0,0,0,0,0,0,0,0,0,0,0,0,0,0,0,0,0,0,0,0,0,0,0,0,0,0,0,0,0,0,0,0,0,0,0,0,0,"","","","","",""
500,Ujjani Dam_1,Maharashtra SW,27,Maharashtra,496,Solapur,-,-,-,-,-,-,-,-,-,18.07402000,75.12002000,28-11-2023 14:00,0,0,0,0,0,0,0,0,0,0,0,0,0,0,0,0,0,0,0,0,0,0,0,0,0,0,0,0,0,0,0,0,0,0,0,0,0,0,0,0,0,0,0,0,"","","","","",""
501,Ujjani Dam_1,Maharashtra SW,27,Maharashtra,496,Solapur,-,-,-,-,-,-,-,-,-,18.07402000,75.12002000,28-11-2023 15:00,0,0,0,0,0,0,0,0,0,0,0,0,0,0,0,0,0,0,0,0,0,0,0,0,0,0,0,0,0,0,0,0,0,0,0,0,0,0,0,0,0,0,0,0,"","","","","",""
502,Ujjani Dam_1,Maharashtra SW,27,Maharashtra,496,Solapur,-,-,-,-,-,-,-,-,-,18.07402000,75.12002000,28-11-2023 16:00,0,0,0,0,0,0,0,0,0,0,0,0,0,0,0,0,0,0,0,0,0,0,0,0,0,0,0,0,0,0,0,0,0,0,0,0,0,0,0,0,0,0,0,0,"","","","","",""
503,Ujjani Dam_1,Maharashtra SW,27,Maharashtra,496,Solapur,-,-,-,-,-,-,-,-,-,18.07402000,75.12002000,28-11-2023 17:00,0,0,0,0,0,0,0,0,0,0,0,0,0,0,0,0,0,0,0,0,0,0,0,0,0,0,0,0,0,0,0,0,0,0,0,0,0,0,0,0,0,0,0,0,"","","","","",""
504,Ujjani Dam_1,Maharashtra SW,27,Maharashtra,496,Solapur,-,-,-,-,-,-,-,-,-,18.07402000,75.12002000,28-11-2023 18:00,0,0,0,0,0,0,0,0,0,0,0,0,0,0,0,0,0,0,0,0,0,0,0,0,0,0,0,0,0,0,0,0,0,0,0,0,0,0,0,0,0,0,0,0,"","","","","",""
505,Ujjani Dam_1,Maharashtra SW,27,Maharashtra,496,Solapur,-,-,-,-,-,-,-,-,-,18.07402000,75.12002000,28-11-2023 19:00,0,0,0,0,0,0,0,0,0,0,0,0,0,0,0,0,0,0,0,0,0,0,0,0,0,0,0,0,0,0,0,0,0,0,0,0,0,0,0,0,0,0,0,0,"","","","","",""
506,Ujjani Dam_1,Maharashtra SW,27,Maharashtra,496,Solapur,-,-,-,-,-,-,-,-,-,18.07402000,75.12002000,28-11-2023 21:00,0,0,0,0,0,0,0,0,0,0,0,0,0,0,0,0,0,0,0,0,0,0,0,0,0,0,0,0,0,0,0,0,0,0,0,0,0,0,0,0,0,0,0,0,"","","","","",""
507,Ujjani Dam_1,Maharashtra SW,27,Maharashtra,496,Solapur,-,-,-,-,-,-,-,-,-,18.07402000,75.12002000,28-11-2023 22:00,0,0,0,0,0,0,0,0,0,0,0,0,0,0,0,0,0,0,0,0,0,0,0,0,0,0,0,0,0,0,0,0,0,0,0,0,0,0,0,0,0,0,0,0,"","","","","",""
508,Ujjani Dam_1,Maharashtra SW,27,Maharashtra,496,Solapur,-,-,-,-,-,-,-,-,-,18.07402000,75.12002000,28-11-2023 23:00,0,0,0,0,0,0,0,0,0,0,0,0,0,0,0,0,0,0,0,0,0,0,0,0,0,0,0,0,0,0,0,0,0,0,0,0,0,0,0,0,0,0,0,0,"","","","","",""
509,Ujjani Dam_1,Maharashtra SW,27,Maharashtra,496,Solapur,-,-,-,-,-,-,-,-,-,18.07402000,75.12002000,29-11-2023 00:00,0,0,0,0,0,0,0,0,0,0,0,0,0,0,0,0,0,0,0,0,0,0,0,0,0,0,0,0,0,0,0,0,0,0,0,0,0,0,0,0,0,0,0,0,"","","","","",""
510,Ujjani Dam_1,Maharashtra SW,27,Maharashtra,496,Solapur,-,-,-,-,-,-,-,-,-,18.07402000,75.12002000,29-11-2023 02:00,0,0,0,0,0,0,0,0,0,0,0,0,0,0,0,0,0,0,0,0,0,0,0,0,0,0,0,0,0,0,0,0,0,0,0,0,0,0,0,0,0,0,0,0,"","","","","",""
511,Ujjani Dam_1,Maharashtra SW,27,Maharashtra,496,Solapur,-,-,-,-,-,-,-,-,-,18.07402000,75.12002000,29-11-2023 03:00,0,0,0,0,0,0,0,0,0,0,0,0,0,0,0,0,0,0,0,0,0,0,0,0,0,0,0,0,0,0,0,0,0,0,0,0,0,0,0,0,0,0,0,0,"","","","","",""
512,Ujjani Dam_1,Maharashtra SW,27,Maharashtra,496,Solapur,-,-,-,-,-,-,-,-,-,18.07402000,75.12002000,29-11-2023 05:00,0,0,0,0,0,0,0,0,0,0,0,0,0,0,0,0,0,0,0,0,0,0,0,0,0,0,0,0,0,0,0,0,0,0,0,0,0,0,0,0,0,0,0,0,"","","","","",""
513,Ujjani Dam_1,Maharashtra SW,27,Maharashtra,496,Solapur,-,-,-,-,-,-,-,-,-,18.07402000,75.12002000,29-11-2023 06:00,0,0,0,0,0,0,0,0,0,0,0,0,0,0,0,0,0,0,0,0,0,0,0,0,0,0,0,0,0,0,0,0,0,0,0,0,0,0,0,0,0,0,0,0,"","","","","",""
514,Ujjani Dam_1,Maharashtra SW,27,Maharashtra,496,Solapur,-,-,-,-,-,-,-,-,-,18.07402000,75.12002000,29-11-2023 07:00,0,0,0,0,0,0,0,0,0,0,0,0,0,0,0,0,0,0,0,0,0,0,0,0,0,0,0,0,0,0,0,0,0,0,0,0,0,0,0,0,0,0,0,0,"","","","","",""
515,Ujjani Dam_1,Maharashtra SW,27,Maharashtra,496,Solapur,-,-,-,-,-,-,-,-,-,18.07402000,75.12002000,29-11-2023 08:00,0,0,0,0,0,0,0,0,0,0,0,0,0,0,0,0,0,0,0,0,0,0,0,0,0,0,0,0,0,0,0,0,0,0,0,0,0,0,0,0,0,0,0,0,"","","","","",""
516,Ujjani Dam_1,Maharashtra SW,27,Maharashtra,496,Solapur,-,-,-,-,-,-,-,-,-,18.07402000,75.12002000,29-11-2023 09:00,0,0,0,0,0,0,0,0,0,0,0,0,0,0,0,0,0,0,0,0,0,0,0,0,0,0,0,0,0,0,0,0,0,0,0,0,0,0,0,0,0,0,0,0,"","","","","",""
517,Ujjani Dam_1,Maharashtra SW,27,Maharashtra,496,Solapur,-,-,-,-,-,-,-,-,-,18.07402000,75.12002000,29-11-2023 10:00,0,0,0,0,0,0,0,0,0,0,0,0,0,0,0,0,0,0,0,0,0,0,0,0,0,0,0,0,0,0,0,0,0,0,0,0,0,0,0,0,0,0,0,0,"","","","","",""
518,Ujjani Dam_1,Maharashtra SW,27,Maharashtra,496,Solapur,-,-,-,-,-,-,-,-,-,18.07402000,75.12002000,29-11-2023 11:00,0,0,0,0,0,0,0,0,0,0,0,0,0,0,0,0,0,0,0,0,0,0,0,0,0,0,0,0,0,0,0,0,0,0,0,0,0,0,0,0,0,0,0,0,"","","","","",""
519,Ujjani Dam_1,Maharashtra SW,27,Maharashtra,496,Solapur,-,-,-,-,-,-,-,-,-,18.07402000,75.12002000,29-11-2023 13:00,0,0,0,0,0,0,0,0,0,0,0,0,0,0,0,0,0,0,0,0,0,0,0,0,0,0,0,0,0,0,0,0,0,0,0,0,0,0,0,0,0,0,0,0,"","","","","",""
520,Ujjani Dam_1,Maharashtra SW,27,Maharashtra,496,Solapur,-,-,-,-,-,-,-,-,-,18.07402000,75.12002000,29-11-2023 14:00,0,0,0,0,0,0,0,0,0,0,0,0,0,0,0,0,0,0,0,0,0,0,0,0,0,0,0,0,0,0,0,0,0,0,0,0,0,0,0,0,0,0,0,0,"","","","","",""
521,Ujjani Dam_1,Maharashtra SW,27,Maharashtra,496,Solapur,-,-,-,-,-,-,-,-,-,18.07402000,75.12002000,29-11-2023 15:00,0,0,0,0,0,0,0,0,0,0,0,0,0,0,0,0,0,0,0,0,0,0,0,0,0,0,0,0,0,0,0,0,0,0,0,0,0,0,0,0,0,0,0,0,"","","","","",""
522,Ujjani Dam_1,Maharashtra SW,27,Maharashtra,496,Solapur,-,-,-,-,-,-,-,-,-,18.07402000,75.12002000,29-11-2023 16:00,0,0,0,0,0,0,0,0,0,0,0,0,0,0,0,0,0,0,0,0,0,0,0,0,0,0,0,0,0,0,0,0,0,0,0,0,0,0,0,0,0,0,0,0,"","","","","",""
523,Ujjani Dam_1,Maharashtra SW,27,Maharashtra,496,Solapur,-,-,-,-,-,-,-,-,-,18.07402000,75.12002000,29-11-2023 17:00,0,0,0,0,0,0,0,0,0,0,0,0,0,0,0,0,0,0,0,0,0,0,0,0,0,0,0,0,0,0,0,0,0,0,0,0,0,0,0,0,0,0,0,0,"","","","","",""
524,Ujjani Dam_1,Maharashtra SW,27,Maharashtra,496,Solapur,-,-,-,-,-,-,-,-,-,18.07402000,75.12002000,29-11-2023 18:00,0,0,0,0,0,0,0,0,0,0,0,0,0,0,0,0,0,0,0,0,0,0,0,0,0,0,0,0,0,0,0,0,0,0,0,0,0,0,0,0,0,0,0,0,"","","","","",""
525,Ujjani Dam_1,Maharashtra SW,27,Maharashtra,496,Solapur,-,-,-,-,-,-,-,-,-,18.07402000,75.12002000,30-11-2023 13:00,0,0,0,0,0,0,0,0,0,0,0,0,0,0,0,0,0,0,0,0,0,0,0,0,0,0,0,0,0,0,0,0,0,0,0,0,0,0,0,0,0,0,0,0,"","","","","",""
526,Ujjani Dam_1,Maharashtra SW,27,Maharashtra,496,Solapur,-,-,-,-,-,-,-,-,-,18.07402000,75.12002000,30-11-2023 14:00,0,0,0,0,0,0,0,0,0,0,0,0,0,0,0,0,0,0,0,0,0,0,0,0,0,0,0,0,0,0,0,0,0,0,0,0,0,0,0,0,0,0,0,0,"","","","","",""
527,Ujjani Dam_1,Maharashtra SW,27,Maharashtra,496,Solapur,-,-,-,-,-,-,-,-,-,18.07402000,75.12002000,30-11-2023 15:00,0,0,0,0,0,0,0,0,0,0,0,0,0,0,0,0,0,0,0,0,0,0,0,0,0,0,0,0,0,0,0,0,0,0,0,0,0,0,0,0,0,0,0,0,"","","","","",""
528,Ujjani Dam_1,Maharashtra SW,27,Maharashtra,496,Solapur,-,-,-,-,-,-,-,-,-,18.07402000,75.12002000,30-11-2023 16:00,0,0,0,0,0,0,0,0,0,0,0,0,0,0,0,0,0,0,0,0,0,0,0,0,0,0,0,0,0,0,0,0,0,0,0,0,0,0,0,0,0,0,0,0,"","","","","",""
529,Ujjani Dam_1,Maharashtra SW,27,Maharashtra,496,Solapur,-,-,-,-,-,-,-,-,-,18.07402000,75.12002000,30-11-2023 17:00,0,0,0,0,0,0,0,0,0,0,0,0,0,0,0,0,0,0,0,0,0,0,0,0,0,0,0,0,0,0,0,0,0,0,0,0,0,0,0,0,0,0,0,0,"","","","","",""
530,Ujjani Dam_1,Maharashtra SW,27,Maharashtra,496,Solapur,-,-,-,-,-,-,-,-,-,18.07402000,75.12002000,30-11-2023 18:00,0,0,0,0,0,0,0,0,0,0,0,0,0,0,0,0,0,0,0,0,0,0,0,0,0,0,0,0,0,0,0,0,0,0,0,0,0,0,0,0,0,0,0,0,"","","","","",""
531,Ujjani Dam_1,Maharashtra SW,27,Maharashtra,496,Solapur,-,-,-,-,-,-,-,-,-,18.07402000,75.12002000,30-11-2023 20:00,0,0,0,0,0,0,0,0,0,0,0,0,0,0,0,0,0,0,0,0,0,0,0,0,0,0,0,0,0,0,0,0,0,0,0,0,0,0,0,0,0,0,0,0,"","","","","",""
532,Ujjani Dam_1,Maharashtra SW,27,Maharashtra,496,Solapur,-,-,-,-,-,-,-,-,-,18.07402000,75.12002000,30-11-2023 21:00,0,0,0,0,0,0,0,0,0,0,0,0,0,0,0,0,0,0,0,0,0,0,0,0,0,0,0,0,0,0,0,0,0,0,0,0,0,0,0,0,0,0,0,0,"","","","","",""
533,Ujjani Dam_1,Maharashtra SW,27,Maharashtra,496,Solapur,-,-,-,-,-,-,-,-,-,18.07402000,75.12002000,30-11-2023 22:00,0,0,0,0,0,0,0,0,0,0,0,0,0,0,0,0,0,0,0,0,0,0,0,0,0,0,0,0,0,0,0,0,0,0,0,0,0,0,0,0,0,0,0,0,"","","","","",""
534,Ujjani Dam_1,Maharashtra SW,27,Maharashtra,496,Solapur,-,-,-,-,-,-,-,-,-,18.07402000,75.12002000,30-11-2023 23:00,0,0,0,0,0,0,0,0,0,0,0,0,0,0,0,0,0,0,0,0,0,0,0,0,0,0,0,0,0,0,0,0,0,0,0,0,0,0,0,0,0,0,0,0,"","","","","",""
535,Ujjani Dam_1,Maharashtra SW,27,Maharashtra,496,Solapur,-,-,-,-,-,-,-,-,-,18.07402000,75.12002000,01-12-2023 00:00,0,0,0,0,0,0,0,0,0,0,0,0,0,0,0,0,0,0,0,0,0,0,0,0,0,0,0,0,0,0,0,0,0,0,0,0,0,0,0,0,0,0,0,0,"","","","","",""
536,Ujjani Dam_1,Maharashtra SW,27,Maharashtra,496,Solapur,-,-,-,-,-,-,-,-,-,18.07402000,75.12002000,01-12-2023 01:00,0,0,0,0,0,0,0,0,0,0,0,0,0,0,0,0,0,0,0,0,0,0,0,0,0,0,0,0,0,0,0,0,0,0,0,0,0,0,0,0,0,0,0,0,"","","","","",""
537,Ujjani Dam_1,Maharashtra SW,27,Maharashtra,496,Solapur,-,-,-,-,-,-,-,-,-,18.07402000,75.12002000,01-12-2023 02:00,0,0,0,0,0,0,0,0,0,0,0,0,0,0,0,0,0,0,0,0,0,0,0,0,0,0,0,0,0,0,0,0,0,0,0,0,0,0,0,0,0,0,0,0,"","","","","",""
538,Ujjani Dam_1,Maharashtra SW,27,Maharashtra,496,Solapur,-,-,-,-,-,-,-,-,-,18.07402000,75.12002000,01-12-2023 04:00,0,0,0,0,0,0,0,0,0,0,0,0,0,0,0,0,0,0,0,0,0,0,0,0,0,0,0,0,0,0,0,0,0,0,0,0,0,0,0,0,0,0,0,0,"","","","","",""
539,Ujjani Dam_1,Maharashtra SW,27,Maharashtra,496,Solapur,-,-,-,-,-,-,-,-,-,18.07402000,75.12002000,01-12-2023 05:00,0,0,0,0,0,0,0,0,0,0,0,0,0,0,0,0,0,0,0,0,0,0,0,0,0,0,0,0,0,0,0,0,0,0,0,0,0,0,0,0,0,0,0,0,"","","","","",""
540,Ujjani Dam_1,Maharashtra SW,27,Maharashtra,496,Solapur,-,-,-,-,-,-,-,-,-,18.07402000,75.12002000,01-12-2023 06:00,0,0,0,0,0,0,0,0,0,0,0,0,0,0,0,0,0,0,0,0,0,0,0,0,0,0,0,0,0,0,0,0,0,0,0,0,0,0,0,0,0,0,0,0,"","","","","",""
541,Ujjani Dam_1,Maharashtra SW,27,Maharashtra,496,Solapur,-,-,-,-,-,-,-,-,-,18.07402000,75.12002000,01-12-2023 07:00,0,0,0,0,0,0,0,0,0,0,0,0,0,0,0,0,0,0,0,0,0,0,0,0,0,0,0,0,0,0,0,0,0,0,0,0,0,0,0,0,0,0,0,0,"","","","","",""
542,Ujjani Dam_1,Maharashtra SW,27,Maharashtra,496,Solapur,-,-,-,-,-,-,-,-,-,18.07402000,75.12002000,01-12-2023 08:00,0,0,0,0,0,0,0,0,0,0,0,0,0,0,0,0,0,0,0,0,0,0,0,0,0,0,0,0,0,0,0,0,0,0,0,0,0,0,0,0,0,0,0,0,"","","","","",""
543,Ujjani Dam_1,Maharashtra SW,27,Maharashtra,496,Solapur,-,-,-,-,-,-,-,-,-,18.07402000,75.12002000,01-12-2023 09:00,0,0,0,0,0,0,0,0,0,0,0,0,0,0,0,0,0,0,0,0,0,0,0,0,0,0,0,0,0,0,0,0,0,0,0,0,0,0,0,0,0,0,0,0,"","","","","",""
544,Ujjani Dam_1,Maharashtra SW,27,Maharashtra,496,Solapur,-,-,-,-,-,-,-,-,-,18.07402000,75.12002000,01-12-2023 10:00,0,0,0,0,0,0,0,0,0,0,0,0,0,0,0,0,0,0,0,0,0,0,0,0,0,0,0,0,0,0,0,0,0,0,0,0,0,0,0,0,0,0,0,0,"","","","","",""
545,Ujjani Dam_1,Maharashtra SW,27,Maharashtra,496,Solapur,-,-,-,-,-,-,-,-,-,18.07402000,75.12002000,01-12-2023 12:00,0,0,0,0,0,0,0,0,0,0,0,0,0,0,0,0,0,0,0,0,0,0,0,0,0,0,0,0,0,0,0,0,0,0,0,0,0,0,0,0,0,0,0,0,"","","","","",""
546,Ujjani Dam_1,Maharashtra SW,27,Maharashtra,496,Solapur,-,-,-,-,-,-,-,-,-,18.07402000,75.12002000,01-12-2023 13:00,0,0,0,0,0,0,0,0,0,0,0,0,0,0,0,0,0,0,0,0,0,0,0,0,0,0,0,0,0,0,0,0,0,0,0,0,0,0,0,0,0,0,0,0,"","","","","",""
547,Ujjani Dam_1,Maharashtra SW,27,Maharashtra,496,Solapur,-,-,-,-,-,-,-,-,-,18.07402000,75.12002000,01-12-2023 14:00,0,0,0,0,0,0,0,0,0,0,0,0,0,0,0,0,0,0,0,0,0,0,0,0,0,0,0,0,0,0,0,0,0,0,0,0,0,0,0,0,0,0,0,0,"","","","","",""
548,Ujjani Dam_1,Maharashtra SW,27,Maharashtra,496,Solapur,-,-,-,-,-,-,-,-,-,18.07402000,75.12002000,01-12-2023 15:00,0,0,0,0,0,0,0,0,0,0,0,0,0,0,0,0,0,0,0,0,0,0,0,0,0,0,0,0,0,0,0,0,0,0,0,0,0,0,0,0,0,0,0,0,"","","","","",""
549,Ujjani Dam_1,Maharashtra SW,27,Maharashtra,496,Solapur,-,-,-,-,-,-,-,-,-,18.07402000,75.12002000,01-12-2023 16:00,0,0,0,0,0,0,0,0,0,0,0,0,0,0,0,0,0,0,0,0,0,0,0,0,0,0,0,0,0,0,0,0,0,0,0,0,0,0,0,0,0,0,0,0,"","","","","",""
550,Ujjani Dam_1,Maharashtra SW,27,Maharashtra,496,Solapur,-,-,-,-,-,-,-,-,-,18.07402000,75.12002000,01-12-2023 17:00,0,0,0,0,0,0,0,0,0,0,0,0,0,0,0,0,0,0,0,0,0,0,0,0,0,0,0,0,0,0,0,0,0,0,0,0,0,0,0,0,0,0,0,0,"","","","","",""
551,Ujjani Dam_1,Maharashtra SW,27,Maharashtra,496,Solapur,-,-,-,-,-,-,-,-,-,18.07402000,75.12002000,01-12-2023 18:00,0,0,0,0,0,0,0,0,0,0,0,0,0,0,0,0,0,0,0,0,0,0,0,0,0,0,0,0,0,0,0,0,0,0,0,0,0,0,0,0,0,0,0,0,"","","","","",""
552,Ujjani Dam_1,Maharashtra SW,27,Maharashtra,496,Solapur,-,-,-,-,-,-,-,-,-,18.07402000,75.12002000,01-12-2023 20:00,0,0,0,0,0,0,0,0,0,0,0,0,0,0,0,0,0,0,0,0,0,0,0,0,0,0,0,0,0,0,0,0,0,0,0,0,0,0,0,0,0,0,0,0,"","","","","",""
553,Ujjani Dam_1,Maharashtra SW,27,Maharashtra,496,Solapur,-,-,-,-,-,-,-,-,-,18.07402000,75.12002000,01-12-2023 21:00,0,0,0,0,0,0,0,0,0,0,0,0,0,0,0,0,0,0,0,0,0,0,0,0,0,0,0,0,0,0,0,0,0,0,0,0,0,0,0,0,0,0,0,0,"","","","","",""
554,Ujjani Dam_1,Maharashtra SW,27,Maharashtra,496,Solapur,-,-,-,-,-,-,-,-,-,18.07402000,75.12002000,01-12-2023 22:00,0,0,0,0,0,0,0,0,0,0,0,0,0,0,0,0,0,0,0,0,0,0,0,0,0,0,0,0,0,0,0,0,0,0,0,0,0,0,0,0,0,0,0,0,"","","","","",""
555,Ujjani Dam_1,Maharashtra SW,27,Maharashtra,496,Solapur,-,-,-,-,-,-,-,-,-,18.07402000,75.12002000,01-12-2023 23:00,0,0,0,0,0,0,0,0,0,0,0,0,0,0,0,0,0,0,0,0,0,0,0,0,0,0,0,0,0,0,0,0,0,0,0,0,0,0,0,0,0,0,0,0,"","","","","",""
556,Ujjani Dam_1,Maharashtra SW,27,Maharashtra,496,Solapur,-,-,-,-,-,-,-,-,-,18.07402000,75.12002000,02-12-2023 00:00,0,0,0,0,0,0,0,0,0,0,0,0,0,0,0,0,0,0,0,0,0,0,0,0,0,0,0,0,0,0,0,0,0,0,0,0,0,0,0,0,0,0,0,0,"","","","","",""
557,Ujjani Dam_1,Maharashtra SW,27,Maharashtra,496,Solapur,-,-,-,-,-,-,-,-,-,18.07402000,75.12002000,02-12-2023 01:00,0,0,0,0,0,0,0,0,0,0,0,0,0,0,0,0,0,0,0,0,0,0,0,0,0,0,0,0,0,0,0,0,0,0,0,0,0,0,0,0,0,0,0,0,"","","","","",""
558,Ujjani Dam_1,Maharashtra SW,27,Maharashtra,496,Solapur,-,-,-,-,-,-,-,-,-,18.07402000,75.12002000,02-12-2023 02:00,0,0,0,0,0,0,0,0,0,0,0,0,0,0,0,0,0,0,0,0,0,0,0,0,0,0,0,0,0,0,0,0,0,0,0,0,0,0,0,0,0,0,0,0,"","","","","",""
559,Ujjani Dam_1,Maharashtra SW,27,Maharashtra,496,Solapur,-,-,-,-,-,-,-,-,-,18.07402000,75.12002000,02-12-2023 04:00,0,0,0,0,0,0,0,0,0,0,0,0,0,0,0,0,0,0,0,0,0,0,0,0,0,0,0,0,0,0,0,0,0,0,0,0,0,0,0,0,0,0,0,0,"","","","","",""
560,Ujjani Dam_1,Maharashtra SW,27,Maharashtra,496,Solapur,-,-,-,-,-,-,-,-,-,18.07402000,75.12002000,02-12-2023 05:00,0,0,0,0,0,0,0,0,0,0,0,0,0,0,0,0,0,0,0,0,0,0,0,0,0,0,0,0,0,0,0,0,0,0,0,0,0,0,0,0,0,0,0,0,"","","","","",""
561,Ujjani Dam_1,Maharashtra SW,27,Maharashtra,496,Solapur,-,-,-,-,-,-,-,-,-,18.07402000,75.12002000,02-12-2023 06:00,0,0,0,0,0,0,0,0,0,0,0,0,0,0,0,0,0,0,0,0,0,0,0,0,0,0,0,0,0,0,0,0,0,0,0,0,0,0,0,0,0,0,0,0,"","","","","",""
562,Ujjani Dam_1,Maharashtra SW,27,Maharashtra,496,Solapur,-,-,-,-,-,-,-,-,-,18.07402000,75.12002000,02-12-2023 07:00,0,0,0,0,0,0,0,0,0,0,0,0,0,0,0,0,0,0,0,0,0,0,0,0,0,0,0,0,0,0,0,0,0,0,0,0,0,0,0,0,0,0,0,0,"","","","","",""
563,Ujjani Dam_1,Maharashtra SW,27,Maharashtra,496,Solapur,-,-,-,-,-,-,-,-,-,18.07402000,75.12002000,02-12-2023 08:00,0,0,0,0,0,0,0,0,0,0,0,0,0,0,0,0,0,0,0,0,0,0,0,0,0,0,0,0,0,0,0,0,0,0,0,0,0,0,0,0,0,0,0,0,"","","","","",""
564,Ujjani Dam_1,Maharashtra SW,27,Maharashtra,496,Solapur,-,-,-,-,-,-,-,-,-,18.07402000,75.12002000,02-12-2023 09:00,0,0,0,0,0,0,0,0,0,0,0,0,0,0,0,0,0,0,0,0,0,0,0,0,0,0,0,0,0,0,0,0,0,0,0,0,0,0,0,0,0,0,0,0,"","","","","",""
565,Ujjani Dam_1,Maharashtra SW,27,Maharashtra,496,Solapur,-,-,-,-,-,-,-,-,-,18.07402000,75.12002000,02-12-2023 10:00,0,0,0,0,0,0,0,0,0,0,0,0,0,0,0,0,0,0,0,0,0,0,0,0,0,0,0,0,0,0,0,0,0,0,0,0,0,0,0,0,0,0,0,0,"","","","","",""
566,Ujjani Dam_1,Maharashtra SW,27,Maharashtra,496,Solapur,-,-,-,-,-,-,-,-,-,18.07402000,75.12002000,02-12-2023 12:00,0,0,0,0,0,0,0,0,0,0,0,0,0,0,0,0,0,0,0,0,0,0,0,0,0,0,0,0,0,0,0,0,0,0,0,0,0,0,0,0,0,0,0,0,"","","","","",""
567,Ujjani Dam_1,Maharashtra SW,27,Maharashtra,496,Solapur,-,-,-,-,-,-,-,-,-,18.07402000,75.12002000,02-12-2023 13:00,0,0,0,0,0,0,0,0,0,0,0,0,0,0,0,0,0,0,0,0,0,0,0,0,0,0,0,0,0,0,0,0,0,0,0,0,0,0,0,0,0,0,0,0,"","","","","",""
568,Ujjani Dam_1,Maharashtra SW,27,Maharashtra,496,Solapur,-,-,-,-,-,-,-,-,-,18.07402000,75.12002000,02-12-2023 14:00,0,0,0,0,0,0,0,0,0,0,0,0,0,0,0,0,0,0,0,0,0,0,0,0,0,0,0,0,0,0,0,0,0,0,0,0,0,0,0,0,0,0,0,0,"","","","","",""
569,Ujjani Dam_1,Maharashtra SW,27,Maharashtra,496,Solapur,-,-,-,-,-,-,-,-,-,18.07402000,75.12002000,02-12-2023 15:00,0,0,0,0,0,0,0,0,0,0,0,0,0,0,0,0,0,0,0,0,0,0,0,0,0,0,0,0,0,0,0,0,0,0,0,0,0,0,0,0,0,0,0,0,"","","","","",""
570,Ujjani Dam_1,Maharashtra SW,27,Maharashtra,496,Solapur,-,-,-,-,-,-,-,-,-,18.07402000,75.12002000,02-12-2023 16:00,0,0,0,0,0,0,0,0,0,0,0,0,0,0,0,0,0,0,0,0,0,0,0,0,0,0,0,0,0,0,0,0,0,0,0,0,0,0,0,0,0,0,0,0,"","","","","",""
571,Ujjani Dam_1,Maharashtra SW,27,Maharashtra,496,Solapur,-,-,-,-,-,-,-,-,-,18.07402000,75.12002000,02-12-2023 17:00,0,0,0,0,0,0,0,0,0,0,0,0,0,0,0,0,0,0,0,0,0,0,0,0,0,0,0,0,0,0,0,0,0,0,0,0,0,0,0,0,0,0,0,0,"","","","","",""
572,Ujjani Dam_1,Maharashtra SW,27,Maharashtra,496,Solapur,-,-,-,-,-,-,-,-,-,18.07402000,75.12002000,02-12-2023 19:00,0,0,0,0,0,0,0,0,0,0,0,0,0,0,0,0,0,0,0,0,0,0,0,0,0,0,0,0,0,0,0,0,0,0,0,0,0,0,0,0,0,0,0,0,"","","","","",""
573,Ujjani Dam_1,Maharashtra SW,27,Maharashtra,496,Solapur,-,-,-,-,-,-,-,-,-,18.07402000,75.12002000,02-12-2023 20:00,0,0,0,0,0,0,0,0,0,0,0,0,0,0,0,0,0,0,0,0,0,0,0,0,0,0,0,0,0,0,0,0,0,0,0,0,0,0,0,0,0,0,0,0,"","","","","",""
574,Ujjani Dam_1,Maharashtra SW,27,Maharashtra,496,Solapur,-,-,-,-,-,-,-,-,-,18.07402000,75.12002000,02-12-2023 21:00,0,0,0,0,0,0,0,0,0,0,0,0,0,0,0,0,0,0,0,0,0,0,0,0,0,0,0,0,0,0,0,0,0,0,0,0,0,0,0,0,0,0,0,0,"","","","","",""
575,Ujjani Dam_1,Maharashtra SW,27,Maharashtra,496,Solapur,-,-,-,-,-,-,-,-,-,18.07402000,75.12002000,02-12-2023 22:00,0,0,0,0,0,0,0,0,0,0,0,0,0,0,0,0,0,0,0,0,0,0,0,0,0,0,0,0,0,0,0,0,0,0,0,0,0,0,0,0,0,0,0,0,"","","","","",""
576,Ujjani Dam_1,Maharashtra SW,27,Maharashtra,496,Solapur,-,-,-,-,-,-,-,-,-,18.07402000,75.12002000,02-12-2023 23:00,0,0,0,0,0,0,0,0,0,0,0,0,0,0,0,0,0,0,0,0,0,0,0,0,0,0,0,0,0,0,0,0,0,0,0,0,0,0,0,0,0,0,0,0,"","","","","",""
577,Ujjani Dam_1,Maharashtra SW,27,Maharashtra,496,Solapur,-,-,-,-,-,-,-,-,-,18.07402000,75.12002000,03-12-2023 00:00,0,0,0,0,0,0,0,0,0,0,0,0,0,0,0,0,0,0,0,0,0,0,0,0,0,0,0,0,0,0,0,0,0,0,0,0,0,0,0,0,0,0,0,0,"","","","","",""
578,Ujjani Dam_1,Maharashtra SW,27,Maharashtra,496,Solapur,-,-,-,-,-,-,-,-,-,18.07402000,75.12002000,03-12-2023 01:00,0,0,0,0,0,0,0,0,0,0,0,0,0,0,0,0,0,0,0,0,0,0,0,0,0,0,0,0,0,0,0,0,0,0,0,0,0,0,0,0,0,0,0,0,"","","","","",""
579,Ujjani Dam_1,Maharashtra SW,27,Maharashtra,496,Solapur,-,-,-,-,-,-,-,-,-,18.07402000,75.12002000,03-12-2023 03:00,0,0,0,0,0,0,0,0,0,0,0,0,0,0,0,0,0,0,0,0,0,0,0,0,0,0,0,0,0,0,0,0,0,0,0,0,0,0,0,0,0,0,0,0,"","","","","",""
580,Ujjani Dam_1,Maharashtra SW,27,Maharashtra,496,Solapur,-,-,-,-,-,-,-,-,-,18.07402000,75.12002000,03-12-2023 04:00,0,0,0,0,0,0,0,0,0,0,0,0,0,0,0,0,0,0,0,0,0,0,0,0,0,0,0,0,0,0,0,0,0,0,0,0,0,0,0,0,0,0,0,0,"","","","","",""
581,Ujjani Dam_1,Maharashtra SW,27,Maharashtra,496,Solapur,-,-,-,-,-,-,-,-,-,18.07402000,75.12002000,03-12-2023 05:00,0,0,0,0,0,0,0,0,0,0,0,0,0,0,0,0,0,0,0,0,0,0,0,0,0,0,0,0,0,0,0,0,0,0,0,0,0,0,0,0,0,0,0,0,"","","","","",""
582,Ujjani Dam_1,Maharashtra SW,27,Maharashtra,496,Solapur,-,-,-,-,-,-,-,-,-,18.07402000,75.12002000,03-12-2023 06:00,0,0,0,0,0,0,0,0,0,0,0,0,0,0,0,0,0,0,0,0,0,0,0,0,0,0,0,0,0,0,0,0,0,0,0,0,0,0,0,0,0,0,0,0,"","","","","",""
583,Ujjani Dam_1,Maharashtra SW,27,Maharashtra,496,Solapur,-,-,-,-,-,-,-,-,-,18.07402000,75.12002000,03-12-2023 07:00,0,0,0,0,0,0,0,0,0,0,0,0,0,0,0,0,0,0,0,0,0,0,0,0,0,0,0,0,0,0,0,0,0,0,0,0,0,0,0,0,0,0,0,0,"","","","","",""
584,Ujjani Dam_1,Maharashtra SW,27,Maharashtra,496,Solapur,-,-,-,-,-,-,-,-,-,18.07402000,75.12002000,03-12-2023 08:00,0,0,0,0,0,0,0,0,0,0,0,0,0,0,0,0,0,0,0,0,0,0,0,0,0,0,0,0,0,0,0,0,0,0,0,0,0,0,0,0,0,0,0,0,"","","","","",""
585,Ujjani Dam_1,Maharashtra SW,27,Maharashtra,496,Solapur,-,-,-,-,-,-,-,-,-,18.07402000,75.12002000,03-12-2023 09:00,0,0,0,0,0,0,0,0,0,0,0,0,0,0,0,0,0,0,0,0,0,0,0,0,0,0,0,0,0,0,0,0,0,0,0,0,0,0,0,0,0,0,0,0,"","","","","",""
586,Ujjani Dam_1,Maharashtra SW,27,Maharashtra,496,Solapur,-,-,-,-,-,-,-,-,-,18.07402000,75.12002000,03-12-2023 11:00,0,0,0,0,0,0,0,0,0,0,0,0,0,0,0,0,0,0,0,0,0,0,0,0,0,0,0,0,0,0,0,0,0,0,0,0,0,0,0,0,0,0,0,0,"","","","","",""
587,Ujjani Dam_1,Maharashtra SW,27,Maharashtra,496,Solapur,-,-,-,-,-,-,-,-,-,18.07402000,75.12002000,03-12-2023 12:00,0,0,0,0,0,0,0,0,0,0,0,0,0,0,0,0,0,0,0,0,0,0,0,0,0,0,0,0,0,0,0,0,0,0,0,0,0,0,0,0,0,0,0,0,"","","","","",""
588,Ujjani Dam_1,Maharashtra SW,27,Maharashtra,496,Solapur,-,-,-,-,-,-,-,-,-,18.07402000,75.12002000,03-12-2023 13:00,0,0,0,0,0,0,0,0,0,0,0,0,0,0,0,0,0,0,0,0,0,0,0,0,0,0,0,0,0,0,0,0,0,0,0,0,0,0,0,0,0,0,0,0,"","","","","",""
589,Ujjani Dam_1,Maharashtra SW,27,Maharashtra,496,Solapur,-,-,-,-,-,-,-,-,-,18.07402000,75.12002000,03-12-2023 14:00,0,0,0,0,0,0,0,0,0,0,0,0,0,0,0,0,0,0,0,0,0,0,0,0,0,0,0,0,0,0,0,0,0,0,0,0,0,0,0,0,0,0,0,0,"","","","","",""
590,Ujjani Dam_1,Maharashtra SW,27,Maharashtra,496,Solapur,-,-,-,-,-,-,-,-,-,18.07402000,75.12002000,03-12-2023 15:00,0,0,0,0,0,0,0,0,0,0,0,0,0,0,0,0,0,0,0,0,0,0,0,0,0,0,0,0,0,0,0,0,0,0,0,0,0,0,0,0,0,0,0,0,"","","","","",""
591,Ujjani Dam_1,Maharashtra SW,27,Maharashtra,496,Solapur,-,-,-,-,-,-,-,-,-,18.07402000,75.12002000,03-12-2023 16:00,0,0,0,0,0,0,0,0,0,0,0,0,0,0,0,0,0,0,0,0,0,0,0,0,0,0,0,0,0,0,0,0,0,0,0,0,0,0,0,0,0,0,0,0,"","","","","",""
592,Ujjani Dam_1,Maharashtra SW,27,Maharashtra,496,Solapur,-,-,-,-,-,-,-,-,-,18.07402000,75.12002000,03-12-2023 17:00,0,0,0,0,0,0,0,0,0,0,0,0,0,0,0,0,0,0,0,0,0,0,0,0,0,0,0,0,0,0,0,0,0,0,0,0,0,0,0,0,0,0,0,0,"","","","","",""
593,Ujjani Dam_1,Maharashtra SW,27,Maharashtra,496,Solapur,-,-,-,-,-,-,-,-,-,18.07402000,75.12002000,03-12-2023 19:00,0,0,0,0,0,0,0,0,0,0,0,0,0,0,0,0,0,0,0,0,0,0,0,0,0,0,0,0,0,0,0,0,0,0,0,0,0,0,0,0,0,0,0,0,"","","","","",""
594,Ujjani Dam_1,Maharashtra SW,27,Maharashtra,496,Solapur,-,-,-,-,-,-,-,-,-,18.07402000,75.12002000,03-12-2023 20:00,0,0,0,0,0,0,0,0,0,0,0,0,0,0,0,0,0,0,0,0,0,0,0,0,0,0,0,0,0,0,0,0,0,0,0,0,0,0,0,0,0,0,0,0,"","","","","",""
595,Ujjani Dam_1,Maharashtra SW,27,Maharashtra,496,Solapur,-,-,-,-,-,-,-,-,-,18.07402000,75.12002000,03-12-2023 21:00,0,0,0,0,0,0,0,0,0,0,0,0,0,0,0,0,0,0,0,0,0,0,0,0,0,0,0,0,0,0,0,0,0,0,0,0,0,0,0,0,0,0,0,0,"","","","","",""
596,Ujjani Dam_1,Maharashtra SW,27,Maharashtra,496,Solapur,-,-,-,-,-,-,-,-,-,18.07402000,75.12002000,03-12-2023 22:00,0,0,0,0,0,0,0,0,0,0,0,0,0,0,0,0,0,0,0,0,0,0,0,0,0,0,0,0,0,0,0,0,0,0,0,0,0,0,0,0,0,0,0,0,"","","","","",""
597,Ujjani Dam_1,Maharashtra SW,27,Maharashtra,496,Solapur,-,-,-,-,-,-,-,-,-,18.07402000,75.12002000,03-12-2023 23:00,0,0,0,0,0,0,0,0,0,0,0,0,0,0,0,0,0,0,0,0,0,0,0,0,0,0,0,0,0,0,0,0,0,0,0,0,0,0,0,0,0,0,0,0,"","","","","",""
598,Ujjani Dam_1,Maharashtra SW,27,Maharashtra,496,Solapur,-,-,-,-,-,-,-,-,-,18.07402000,75.12002000,04-12-2023 00:00,0,0,0,0,0,0,0,0,0,0,0,0,0,0,0,0,0,0,0,0,0,0,0,0,0,0,0,0,0,0,0,0,0,0,0,0,0,0,0,0,0,0,0,0,"","","","","",""
599,Ujjani Dam_1,Maharashtra SW,27,Maharashtra,496,Solapur,-,-,-,-,-,-,-,-,-,18.07402000,75.12002000,04-12-2023 01:00,0,0,0,0,0,0,0,0,0,0,0,0,0,0,0,0,0,0,0,0,0,0,0,0,0,0,0,0,0,0,0,0,0,0,0,0,0,0,0,0,0,0,0,0,"","","","","",""
600,Ujjani Dam_1,Maharashtra SW,27,Maharashtra,496,Solapur,-,-,-,-,-,-,-,-,-,18.07402000,75.12002000,04-12-2023 03:00,0,0,0,0,0,0,0,0,0,0,0,0,0,0,0,0,0,0,0,0,0,0,0,0,0,0,0,0,0,0,0,0,0,0,0,0,0,0,0,0,0,0,0,0,"","","","","",""
601,Ujjani Dam_1,Maharashtra SW,27,Maharashtra,496,Solapur,-,-,-,-,-,-,-,-,-,18.07402000,75.12002000,04-12-2023 04:00,0,0,0,0,0,0,0,0,0,0,0,0,0,0,0,0,0,0,0,0,0,0,0,0,0,0,0,0,0,0,0,0,0,0,0,0,0,0,0,0,0,0,0,0,"","","","","",""
602,Ujjani Dam_1,Maharashtra SW,27,Maharashtra,496,Solapur,-,-,-,-,-,-,-,-,-,18.07402000,75.12002000,04-12-2023 05:00,0,0,0,0,0,0,0,0,0,0,0,0,0,0,0,0,0,0,0,0,0,0,0,0,0,0,0,0,0,0,0,0,0,0,0,0,0,0,0,0,0,0,0,0,"","","","","",""
603,Ujjani Dam_1,Maharashtra SW,27,Maharashtra,496,Solapur,-,-,-,-,-,-,-,-,-,18.07402000,75.12002000,04-12-2023 06:00,0,0,0,0,0,0,0,0,0,0,0,0,0,0,0,0,0,0,0,0,0,0,0,0,0,0,0,0,0,0,0,0,0,0,0,0,0,0,0,0,0,0,0,0,"","","","","",""
604,Ujjani Dam_1,Maharashtra SW,27,Maharashtra,496,Solapur,-,-,-,-,-,-,-,-,-,18.07402000,75.12002000,04-12-2023 07:00,0,0,0,0,0,0,0,0,0,0,0,0,0,0,0,0,0,0,0,0,0,0,0,0,0,0,0,0,0,0,0,0,0,0,0,0,0,0,0,0,0,0,0,0,"","","","","",""
605,Ujjani Dam_1,Maharashtra SW,27,Maharashtra,496,Solapur,-,-,-,-,-,-,-,-,-,18.07402000,75.12002000,04-12-2023 08:00,0,0,0,0,0,0,0,0,0,0,0,0,0,0,0,0,0,0,0,0,0,0,0,0,0,0,0,0,0,0,0,0,0,0,0,0,0,0,0,0,0,0,0,0,"","","","","",""
606,Ujjani Dam_1,Maharashtra SW,27,Maharashtra,496,Solapur,-,-,-,-,-,-,-,-,-,18.07402000,75.12002000,04-12-2023 09:00,0,0,0,0,0,0,0,0,0,0,0,0,0,0,0,0,0,0,0,0,0,0,0,0,0,0,0,0,0,0,0,0,0,0,0,0,0,0,0,0,0,0,0,0,"","","","","",""
607,Ujjani Dam_1,Maharashtra SW,27,Maharashtra,496,Solapur,-,-,-,-,-,-,-,-,-,18.07402000,75.12002000,04-12-2023 11:00,0,0,0,0,0,0,0,0,0,0,0,0,0,0,0,0,0,0,0,0,0,0,0,0,0,0,0,0,0,0,0,0,0,0,0,0,0,0,0,0,0,0,0,0,"","","","","",""
608,Ujjani Dam_1,Maharashtra SW,27,Maharashtra,496,Solapur,-,-,-,-,-,-,-,-,-,18.07402000,75.12002000,04-12-2023 13:00,0,0,0,0,0,0,0,0,0,0,0,0,0,0,0,0,0,0,0,0,0,0,0,0,0,0,0,0,0,0,0,0,0,0,0,0,0,0,0,0,0,0,0,0,"","","","","",""
609,Ujjani Dam_1,Maharashtra SW,27,Maharashtra,496,Solapur,-,-,-,-,-,-,-,-,-,18.07402000,75.12002000,04-12-2023 14:00,0,0,0,0,0,0,0,0,0,0,0,0,0,0,0,0,0,0,0,0,0,0,0,0,0,0,0,0,0,0,0,0,0,0,0,0,0,0,0,0,0,0,0,0,"","","","","",""
610,Ujjani Dam_1,Maharashtra SW,27,Maharashtra,496,Solapur,-,-,-,-,-,-,-,-,-,18.07402000,75.12002000,04-12-2023 15:00,0,0,0,0,0,0,0,0,0,0,0,0,0,0,0,0,0,0,0,0,0,0,0,0,0,0,0,0,0,0,0,0,0,0,0,0,0,0,0,0,0,0,0,0,"","","","","",""
611,Ujjani Dam_1,Maharashtra SW,27,Maharashtra,496,Solapur,-,-,-,-,-,-,-,-,-,18.07402000,75.12002000,04-12-2023 16:00,0,0,0,0,0,0,0,0,0,0,0,0,0,0,0,0,0,0,0,0,0,0,0,0,0,0,0,0,0,0,0,0,0,0,0,0,0,0,0,0,0,0,0,0,"","","","","",""
612,Ujjani Dam_1,Maharashtra SW,27,Maharashtra,496,Solapur,-,-,-,-,-,-,-,-,-,18.07402000,75.12002000,04-12-2023 17:00,0,0,0,0,0,0,0,0,0,0,0,0,0,0,0,0,0,0,0,0,0,0,0,0,0,0,0,0,0,0,0,0,0,0,0,0,0,0,0,0,0,0,0,0,"","","","","",""
613,Ujjani Dam_1,Maharashtra SW,27,Maharashtra,496,Solapur,-,-,-,-,-,-,-,-,-,18.07402000,75.12002000,04-12-2023 19:00,0,0,0,0,0,0,0,0,0,0,0,0,0,0,0,0,0,0,0,0,0,0,0,0,0,0,0,0,0,0,0,0,0,0,0,0,0,0,0,0,0,0,0,0,"","","","","",""
614,Ujjani Dam_1,Maharashtra SW,27,Maharashtra,496,Solapur,-,-,-,-,-,-,-,-,-,18.07402000,75.12002000,04-12-2023 20:00,0,0,0,0,0,0,0,0,0,0,0,0,0,0,0,0,0,0,0,0,0,0,0,0,0,0,0,0,0,0,0,0,0,0,0,0,0,0,0,0,0,0,0,0,"","","","","",""
615,Ujjani Dam_1,Maharashtra SW,27,Maharashtra,496,Solapur,-,-,-,-,-,-,-,-,-,18.07402000,75.12002000,04-12-2023 21:00,0,0,0,0,0,0,0,0,0,0,0,0,0,0,0,0,0,0,0,0,0,0,0,0,0,0,0,0,0,0,0,0,0,0,0,0,0,0,0,0,0,0,0,0,"","","","","",""
616,Ujjani Dam_1,Maharashtra SW,27,Maharashtra,496,Solapur,-,-,-,-,-,-,-,-,-,18.07402000,75.12002000,04-12-2023 22:00,0,0,0,0,0,0,0,0,0,0,0,0,0,0,0,0,0,0,0,0,0,0,0,0,0,0,0,0,0,0,0,0,0,0,0,0,0,0,0,0,0,0,0,0,"","","","","",""
617,Ujjani Dam_1,Maharashtra SW,27,Maharashtra,496,Solapur,-,-,-,-,-,-,-,-,-,18.07402000,75.12002000,04-12-2023 23:00,0,0,0,0,0,0,0,0,0,0,0,0,0,0,0,0,0,0,0,0,0,0,0,0,0,0,0,0,0,0,0,0,0,0,0,0,0,0,0,0,0,0,0,0,"","","","","",""
618,Ujjani Dam_1,Maharashtra SW,27,Maharashtra,496,Solapur,-,-,-,-,-,-,-,-,-,18.07402000,75.12002000,05-12-2023 00:00,0,0,0,0,0,0,0,0,0,0,0,0,0,0,0,0,0,0,0,0,0,0,0,0,0,0,0,0,0,0,0,0,0,0,0,0,0,0,0,0,0,0,0,0,"","","","","",""
619,Ujjani Dam_1,Maharashtra SW,27,Maharashtra,496,Solapur,-,-,-,-,-,-,-,-,-,18.07402000,75.12002000,05-12-2023 01:00,0,0,0,0,0,0,0,0,0,0,0,0,0,0,0,0,0,0,0,0,0,0,0,0,0,0,0,0,0,0,0,0,0,0,0,0,0,0,0,0,0,0,0,0,"","","","","",""
620,Ujjani Dam_1,Maharashtra SW,27,Maharashtra,496,Solapur,-,-,-,-,-,-,-,-,-,18.07402000,75.12002000,05-12-2023 03:00,0,0,0,0,0,0,0,0,0,0,0,0,0,0,0,0,0,0,0,0,0,0,0,0,0,0,0,0,0,0,0,0,0,0,0,0,0,0,0,0,0,0,0,0,"","","","","",""
621,Ujjani Dam_1,Maharashtra SW,27,Maharashtra,496,Solapur,-,-,-,-,-,-,-,-,-,18.07402000,75.12002000,05-12-2023 04:00,0,0,0,0,0,0,0,0,0,0,0,0,0,0,0,0,0,0,0,0,0,0,0,0,0,0,0,0,0,0,0,0,0,0,0,0,0,0,0,0,0,0,0,0,"","","","","",""
622,Ujjani Dam_1,Maharashtra SW,27,Maharashtra,496,Solapur,-,-,-,-,-,-,-,-,-,18.07402000,75.12002000,05-12-2023 05:00,0,0,0,0,0,0,0,0,0,0,0,0,0,0,0,0,0,0,0,0,0,0,0,0,0,0,0,0,0,0,0,0,0,0,0,0,0,0,0,0,0,0,0,0,"","","","","",""
623,Ujjani Dam_1,Maharashtra SW,27,Maharashtra,496,Solapur,-,-,-,-,-,-,-,-,-,18.07402000,75.12002000,05-12-2023 06:00,0,0,0,0,0,0,0,0,0,0,0,0,0,0,0,0,0,0,0,0,0,0,0,0,0,0,0,0,0,0,0,0,0,0,0,0,0,0,0,0,0,0,0,0,"","","","","",""
624,Ujjani Dam_1,Maharashtra SW,27,Maharashtra,496,Solapur,-,-,-,-,-,-,-,-,-,18.07402000,75.12002000,05-12-2023 07:00,0,0,0,0,0,0,0,0,0,0,0,0,0,0,0,0,0,0,0,0,0,0,0,0,0,0,0,0,0,0,0,0,0,0,0,0,0,0,0,0,0,0,0,0,"","","","","",""
625,Ujjani Dam_1,Maharashtra SW,27,Maharashtra,496,Solapur,-,-,-,-,-,-,-,-,-,18.07402000,75.12002000,05-12-2023 08:00,0,0,0,0,0,0,0,0,0,0,0,0,0,0,0,0,0,0,0,0,0,0,0,0,0,0,0,0,0,0,0,0,0,0,0,0,0,0,0,0,0,0,0,0,"","","","","",""
626,Ujjani Dam_1,Maharashtra SW,27,Maharashtra,496,Solapur,-,-,-,-,-,-,-,-,-,18.07402000,75.12002000,05-12-2023 10:00,0,0,0,0,0,0,0,0,0,0,0,0,0,0,0,0,0,0,0,0,0,0,0,0,0,0,0,0,0,0,0,0,0,0,0,0,0,0,0,0,0,0,0,0,"","","","","",""
627,Ujjani Dam_1,Maharashtra SW,27,Maharashtra,496,Solapur,-,-,-,-,-,-,-,-,-,18.07402000,75.12002000,05-12-2023 11:00,0,0,0,0,0,0,0,0,0,0,0,0,0,0,0,0,0,0,0,0,0,0,0,0,0,0,0,0,0,0,0,0,0,0,0,0,0,0,0,0,0,0,0,0,"","","","","",""
628,Ujjani Dam_1,Maharashtra SW,27,Maharashtra,496,Solapur,-,-,-,-,-,-,-,-,-,18.07402000,75.12002000,05-12-2023 12:00,0,0,0,0,0,0,0,0,0,0,0,0,0,0,0,0,0,0,0,0,0,0,0,0,0,0,0,0,0,0,0,0,0,0,0,0,0,0,0,0,0,0,0,0,"","","","","",""
629,Ujjani Dam_1,Maharashtra SW,27,Maharashtra,496,Solapur,-,-,-,-,-,-,-,-,-,18.07402000,75.12002000,05-12-2023 13:00,0,0,0,0,0,0,0,0,0,0,0,0,0,0,0,0,0,0,0,0,0,0,0,0,0,0,0,0,0,0,0,0,0,0,0,0,0,0,0,0,0,0,0,0,"","","","","",""
630,Ujjani Dam_1,Maharashtra SW,27,Maharashtra,496,Solapur,-,-,-,-,-,-,-,-,-,18.07402000,75.12002000,05-12-2023 14:00,0,0,0,0,0,0,0,0,0,0,0,0,0,0,0,0,0,0,0,0,0,0,0,0,0,0,0,0,0,0,0,0,0,0,0,0,0,0,0,0,0,0,0,0,"","","","","",""
631,Ujjani Dam_1,Maharashtra SW,27,Maharashtra,496,Solapur,-,-,-,-,-,-,-,-,-,18.07402000,75.12002000,05-12-2023 15:00,0,0,0,0,0,0,0,0,0,0,0,0,0,0,0,0,0,0,0,0,0,0,0,0,0,0,0,0,0,0,0,0,0,0,0,0,0,0,0,0,0,0,0,0,"","","","","",""
632,Ujjani Dam_1,Maharashtra SW,27,Maharashtra,496,Solapur,-,-,-,-,-,-,-,-,-,18.07402000,75.12002000,05-12-2023 16:00,0,0,0,0,0,0,0,0,0,0,0,0,0,0,0,0,0,0,0,0,0,0,0,0,0,0,0,0,0,0,0,0,0,0,0,0,0,0,0,0,0,0,0,0,"","","","","",""
633,Ujjani Dam_1,Maharashtra SW,27,Maharashtra,496,Solapur,-,-,-,-,-,-,-,-,-,18.07402000,75.12002000,05-12-2023 18:00,0,0,0,0,0,0,0,0,0,0,0,0,0,0,0,0,0,0,0,0,0,0,0,0,0,0,0,0,0,0,0,0,0,0,0,0,0,0,0,0,0,0,0,0,"","","","","",""
634,Ujjani Dam_1,Maharashtra SW,27,Maharashtra,496,Solapur,-,-,-,-,-,-,-,-,-,18.07402000,75.12002000,05-12-2023 19:00,0,0,0,0,0,0,0,0,0,0,0,0,0,0,0,0,0,0,0,0,0,0,0,0,0,0,0,0,0,0,0,0,0,0,0,0,0,0,0,0,0,0,0,0,"","","","","",""
635,Ujjani Dam_1,Maharashtra SW,27,Maharashtra,496,Solapur,-,-,-,-,-,-,-,-,-,18.07402000,75.12002000,05-12-2023 20:00,0,0,0,0,0,0,0,0,0,0,0,0,0,0,0,0,0,0,0,0,0,0,0,0,0,0,0,0,0,0,0,0,0,0,0,0,0,0,0,0,0,0,0,0,"","","","","",""
636,Ujjani Dam_1,Maharashtra SW,27,Maharashtra,496,Solapur,-,-,-,-,-,-,-,-,-,18.07402000,75.12002000,05-12-2023 21:00,0,0,0,0,0,0,0,0,0,0,0,0,0,0,0,0,0,0,0,0,0,0,0,0,0,0,0,0,0,0,0,0,0,0,0,0,0,0,0,0,0,0,0,0,"","","","","",""
637,Ujjani Dam_1,Maharashtra SW,27,Maharashtra,496,Solapur,-,-,-,-,-,-,-,-,-,18.07402000,75.12002000,05-12-2023 22:00,0,0,0,0,0,0,0,0,0,0,0,0,0,0,0,0,0,0,0,0,0,0,0,0,0,0,0,0,0,0,0,0,0,0,0,0,0,0,0,0,0,0,0,0,"","","","","",""
638,Ujjani Dam_1,Maharashtra SW,27,Maharashtra,496,Solapur,-,-,-,-,-,-,-,-,-,18.07402000,75.12002000,05-12-2023 23:00,0,0,0,0,0,0,0,0,0,0,0,0,0,0,0,0,0,0,0,0,0,0,0,0,0,0,0,0,0,0,0,0,0,0,0,0,0,0,0,0,0,0,0,0,"","","","","",""
639,Ujjani Dam_1,Maharashtra SW,27,Maharashtra,496,Solapur,-,-,-,-,-,-,-,-,-,18.07402000,75.12002000,06-12-2023 00:00,0,0,0,0,0,0,0,0,0,0,0,0,0,0,0,0,0,0,0,0,0,0,0,0,0,0,0,0,0,0,0,0,0,0,0,0,0,0,0,0,0,0,0,0,"","","","","",""
640,Ujjani Dam_1,Maharashtra SW,27,Maharashtra,496,Solapur,-,-,-,-,-,-,-,-,-,18.07402000,75.12002000,06-12-2023 02:00,0,0,0,0,0,0,0,0,0,0,0,0,0,0,0,0,0,0,0,0,0,0,0,0,0,0,0,0,0,0,0,0,0,0,0,0,0,0,0,0,0,0,0,0,"","","","","",""
641,Ujjani Dam_1,Maharashtra SW,27,Maharashtra,496,Solapur,-,-,-,-,-,-,-,-,-,18.07402000,75.12002000,06-12-2023 03:00,0,0,0,0,0,0,0,0,0,0,0,0,0,0,0,0,0,0,0,0,0,0,0,0,0,0,0,0,0,0,0,0,0,0,0,0,0,0,0,0,0,0,0,0,"","","","","",""
642,Ujjani Dam_1,Maharashtra SW,27,Maharashtra,496,Solapur,-,-,-,-,-,-,-,-,-,18.07402000,75.12002000,06-12-2023 04:00,0,0,0,0,0,0,0,0,0,0,0,0,0,0,0,0,0,0,0,0,0,0,0,0,0,0,0,0,0,0,0,0,0,0,0,0,0,0,0,0,0,0,0,0,"","","","","",""
643,Ujjani Dam_1,Maharashtra SW,27,Maharashtra,496,Solapur,-,-,-,-,-,-,-,-,-,18.07402000,75.12002000,06-12-2023 05:00,0,0,0,0,0,0,0,0,0,0,0,0,0,0,0,0,0,0,0,0,0,0,0,0,0,0,0,0,0,0,0,0,0,0,0,0,0,0,0,0,0,0,0,0,"","","","","",""
644,Ujjani Dam_1,Maharashtra SW,27,Maharashtra,496,Solapur,-,-,-,-,-,-,-,-,-,18.07402000,75.12002000,06-12-2023 06:00,0,0,0,0,0,0,0,0,0,0,0,0,0,0,0,0,0,0,0,0,0,0,0,0,0,0,0,0,0,0,0,0,0,0,0,0,0,0,0,0,0,0,0,0,"","","","","",""
645,Ujjani Dam_1,Maharashtra SW,27,Maharashtra,496,Solapur,-,-,-,-,-,-,-,-,-,18.07402000,75.12002000,06-12-2023 07:00,0,0,0,0,0,0,0,0,0,0,0,0,0,0,0,0,0,0,0,0,0,0,0,0,0,0,0,0,0,0,0,0,0,0,0,0,0,0,0,0,0,0,0,0,"","","","","",""
646,Ujjani Dam_1,Maharashtra SW,27,Maharashtra,496,Solapur,-,-,-,-,-,-,-,-,-,18.07402000,75.12002000,06-12-2023 08:00,0,0,0,0,0,0,0,0,0,0,0,0,0,0,0,0,0,0,0,0,0,0,0,0,0,0,0,0,0,0,0,0,0,0,0,0,0,0,0,0,0,0,0,0,"","","","","",""
647,Ujjani Dam_1,Maharashtra SW,27,Maharashtra,496,Solapur,-,-,-,-,-,-,-,-,-,18.07402000,75.12002000,06-12-2023 10:00,0,0,0,0,0,0,0,0,0,0,0,0,0,0,0,0,0,0,0,0,0,0,0,0,0,0,0,0,0,0,0,0,0,0,0,0,0,0,0,0,0,0,0,0,"","","","","",""
648,Ujjani Dam_1,Maharashtra SW,27,Maharashtra,496,Solapur,-,-,-,-,-,-,-,-,-,18.07402000,75.12002000,06-12-2023 11:00,0,0,0,0,0,0,0,0,0,0,0,0,0,0,0,0,0,0,0,0,0,0,0,0,0,0,0,0,0,0,0,0,0,0,0,0,0,0,0,0,0,0,0,0,"","","","","",""
649,Ujjani Dam_1,Maharashtra SW,27,Maharashtra,496,Solapur,-,-,-,-,-,-,-,-,-,18.07402000,75.12002000,06-12-2023 12:00,0,0,0,0,0,0,0,0,0,0,0,0,0,0,0,0,0,0,0,0,0,0,0,0,0,0,0,0,0,0,0,0,0,0,0,0,0,0,0,0,0,0,0,0,"","","","","",""
650,Ujjani Dam_1,Maharashtra SW,27,Maharashtra,496,Solapur,-,-,-,-,-,-,-,-,-,18.07402000,75.12002000,06-12-2023 13:00,0,0,0,0,0,0,0,0,0,0,0,0,0,0,0,0,0,0,0,0,0,0,0,0,0,0,0,0,0,0,0,0,0,0,0,0,0,0,0,0,0,0,0,0,"","","","","",""
651,Ujjani Dam_1,Maharashtra SW,27,Maharashtra,496,Solapur,-,-,-,-,-,-,-,-,-,18.07402000,75.12002000,06-12-2023 14:00,0,0,0,0,0,0,0,0,0,0,0,0,0,0,0,0,0,0,0,0,0,0,0,0,0,0,0,0,0,0,0,0,0,0,0,0,0,0,0,0,0,0,0,0,"","","","","",""
652,Ujjani Dam_1,Maharashtra SW,27,Maharashtra,496,Solapur,-,-,-,-,-,-,-,-,-,18.07402000,75.12002000,06-12-2023 15:00,0,0,0,0,0,0,0,0,0,0,0,0,0,0,0,0,0,0,0,0,0,0,0,0,0,0,0,0,0,0,0,0,0,0,0,0,0,0,0,0,0,0,0,0,"","","","","",""
653,Ujjani Dam_1,Maharashtra SW,27,Maharashtra,496,Solapur,-,-,-,-,-,-,-,-,-,18.07402000,75.12002000,06-12-2023 16:00,0,0,0,0,0,0,0,0,0,0,0,0,0,0,0,0,0,0,0,0,0,0,0,0,0,0,0,0,0,0,0,0,0,0,0,0,0,0,0,0,0,0,0,0,"","","","","",""
654,Ujjani Dam_1,Maharashtra SW,27,Maharashtra,496,Solapur,-,-,-,-,-,-,-,-,-,18.07402000,75.12002000,06-12-2023 18:00,0,0,0,0,0,0,0,0,0,0,0,0,0,0,0,0,0,0,0,0,0,0,0,0,0,0,0,0,0,0,0,0,0,0,0,0,0,0,0,0,0,0,0,0,"","","","","",""
655,Ujjani Dam_1,Maharashtra SW,27,Maharashtra,496,Solapur,-,-,-,-,-,-,-,-,-,18.07402000,75.12002000,06-12-2023 19:00,0,0,0,0,0,0,0,0,0,0,0,0,0,0,0,0,0,0,0,0,0,0,0,0,0,0,0,0,0,0,0,0,0,0,0,0,0,0,0,0,0,0,0,0,"","","","","",""
656,Ujjani Dam_1,Maharashtra SW,27,Maharashtra,496,Solapur,-,-,-,-,-,-,-,-,-,18.07402000,75.12002000,06-12-2023 20:00,0,0,0,0,0,0,0,0,0,0,0,0,0,0,0,0,0,0,0,0,0,0,0,0,0,0,0,0,0,0,0,0,0,0,0,0,0,0,0,0,0,0,0,0,"","","","","",""
657,Ujjani Dam_1,Maharashtra SW,27,Maharashtra,496,Solapur,-,-,-,-,-,-,-,-,-,18.07402000,75.12002000,06-12-2023 21:00,0,0,0,0,0,0,0,0,0,0,0,0,0,0,0,0,0,0,0,0,0,0,0,0,0,0,0,0,0,0,0,0,0,0,0,0,0,0,0,0,0,0,0,0,"","","","","",""
658,Ujjani Dam_1,Maharashtra SW,27,Maharashtra,496,Solapur,-,-,-,-,-,-,-,-,-,18.07402000,75.12002000,06-12-2023 22:00,0,0,0,0,0,0,0,0,0,0,0,0,0,0,0,0,0,0,0,0,0,0,0,0,0,0,0,0,0,0,0,0,0,0,0,0,0,0,0,0,0,0,0,0,"","","","","",""
659,Ujjani Dam_1,Maharashtra SW,27,Maharashtra,496,Solapur,-,-,-,-,-,-,-,-,-,18.07402000,75.12002000,06-12-2023 23:00,0,0,0,0,0,0,0,0,0,0,0,0,0,0,0,0,0,0,0,0,0,0,0,0,0,0,0,0,0,0,0,0,0,0,0,0,0,0,0,0,0,0,0,0,"","","","","",""
660,Ujjani Dam_1,Maharashtra SW,27,Maharashtra,496,Solapur,-,-,-,-,-,-,-,-,-,18.07402000,75.12002000,07-12-2023 00:00,0,0,0,0,0,0,0,0,0,0,0,0,0,0,0,0,0,0,0,0,0,0,0,0,0,0,0,0,0,0,0,0,0,0,0,0,0,0,0,0,0,0,0,0,"","","","","",""
661,Ujjani Dam_1,Maharashtra SW,27,Maharashtra,496,Solapur,-,-,-,-,-,-,-,-,-,18.07402000,75.12002000,07-12-2023 02:00,0,0,0,0,0,0,0,0,0,0,0,0,0,0,0,0,0,0,0,0,0,0,0,0,0,0,0,0,0,0,0,0,0,0,0,0,0,0,0,0,0,0,0,0,"","","","","",""
662,Ujjani Dam_1,Maharashtra SW,27,Maharashtra,496,Solapur,-,-,-,-,-,-,-,-,-,18.07402000,75.12002000,07-12-2023 03:00,0,0,0,0,0,0,0,0,0,0,0,0,0,0,0,0,0,0,0,0,0,0,0,0,0,0,0,0,0,0,0,0,0,0,0,0,0,0,0,0,0,0,0,0,"","","","","",""
663,Ujjani Dam_1,Maharashtra SW,27,Maharashtra,496,Solapur,-,-,-,-,-,-,-,-,-,18.07402000,75.12002000,07-12-2023 04:00,0,0,0,0,0,0,0,0,0,0,0,0,0,0,0,0,0,0,0,0,0,0,0,0,0,0,0,0,0,0,0,0,0,0,0,0,0,0,0,0,0,0,0,0,"","","","","",""
664,Ujjani Dam_1,Maharashtra SW,27,Maharashtra,496,Solapur,-,-,-,-,-,-,-,-,-,18.07402000,75.12002000,07-12-2023 05:00,0,0,0,0,0,0,0,0,0,0,0,0,0,0,0,0,0,0,0,0,0,0,0,0,0,0,0,0,0,0,0,0,0,0,0,0,0,0,0,0,0,0,0,0,"","","","","",""
665,Ujjani Dam_1,Maharashtra SW,27,Maharashtra,496,Solapur,-,-,-,-,-,-,-,-,-,18.07402000,75.12002000,07-12-2023 06:00,0,0,0,0,0,0,0,0,0,0,0,0,0,0,0,0,0,0,0,0,0,0,0,0,0,0,0,0,0,0,0,0,0,0,0,0,0,0,0,0,0,0,0,0,"","","","","",""
666,Ujjani Dam_1,Maharashtra SW,27,Maharashtra,496,Solapur,-,-,-,-,-,-,-,-,-,18.07402000,75.12002000,07-12-2023 07:00,0,0,0,0,0,0,0,0,0,0,0,0,0,0,0,0,0,0,0,0,0,0,0,0,0,0,0,0,0,0,0,0,0,0,0,0,0,0,0,0,0,0,0,0,"","","","","",""
667,Ujjani Dam_1,Maharashtra SW,27,Maharashtra,496,Solapur,-,-,-,-,-,-,-,-,-,18.07402000,75.12002000,07-12-2023 08:00,0,0,0,0,0,0,0,0,0,0,0,0,0,0,0,0,0,0,0,0,0,0,0,0,0,0,0,0,0,0,0,0,0,0,0,0,0,0,0,0,0,0,0,0,"","","","","",""
668,Ujjani Dam_1,Maharashtra SW,27,Maharashtra,496,Solapur,-,-,-,-,-,-,-,-,-,18.07402000,75.12002000,07-12-2023 10:00,0,0,0,0,0,0,0,0,0,0,0,0,0,0,0,0,0,0,0,0,0,0,0,0,0,0,0,0,0,0,0,0,0,0,0,0,0,0,0,0,0,0,0,0,"","","","","",""
669,Ujjani Dam_1,Maharashtra SW,27,Maharashtra,496,Solapur,-,-,-,-,-,-,-,-,-,18.07402000,75.12002000,07-12-2023 11:00,0,0,0,0,0,0,0,0,0,0,0,0,0,0,0,0,0,0,0,0,0,0,0,0,0,0,0,0,0,0,0,0,0,0,0,0,0,0,0,0,0,0,0,0,"","","","","",""
670,Ujjani Dam_1,Maharashtra SW,27,Maharashtra,496,Solapur,-,-,-,-,-,-,-,-,-,18.07402000,75.12002000,07-12-2023 12:00,0,0,0,0,0,0,0,0,0,0,0,0,0,0,0,0,0,0,0,0,0,0,0,0,0,0,0,0,0,0,0,0,0,0,0,0,0,0,0,0,0,0,0,0,"","","","","",""
671,Ujjani Dam_1,Maharashtra SW,27,Maharashtra,496,Solapur,-,-,-,-,-,-,-,-,-,18.07402000,75.12002000,07-12-2023 13:00,0,0,0,0,0,0,0,0,0,0,0,0,0,0,0,0,0,0,0,0,0,0,0,0,0,0,0,0,0,0,0,0,0,0,0,0,0,0,0,0,0,0,0,0,"","","","","",""
672,Ujjani Dam_1,Maharashtra SW,27,Maharashtra,496,Solapur,-,-,-,-,-,-,-,-,-,18.07402000,75.12002000,07-12-2023 14:00,0,0,0,0,0,0,0,0,0,0,0,0,0,0,0,0,0,0,0,0,0,0,0,0,0,0,0,0,0,0,0,0,0,0,0,0,0,0,0,0,0,0,0,0,"","","","","",""
673,Ujjani Dam_1,Maharashtra SW,27,Maharashtra,496,Solapur,-,-,-,-,-,-,-,-,-,18.07402000,75.12002000,07-12-2023 15:00,0,0,0,0,0,0,0,0,0,0,0,0,0,0,0,0,0,0,0,0,0,0,0,0,0,0,0,0,0,0,0,0,0,0,0,0,0,0,0,0,0,0,0,0,"","","","","",""
674,Ujjani Dam_1,Maharashtra SW,27,Maharashtra,496,Solapur,-,-,-,-,-,-,-,-,-,18.07402000,75.12002000,07-12-2023 16:00,0,0,0,0,0,0,0,0,0,0,0,0,0,0,0,0,0,0,0,0,0,0,0,0,0,0,0,0,0,0,0,0,0,0,0,0,0,0,0,0,0,0,0,0,"","","","","",""
675,Ujjani Dam_1,Maharashtra SW,27,Maharashtra,496,Solapur,-,-,-,-,-,-,-,-,-,18.07402000,75.12002000,07-12-2023 18:00,0,0,0,0,0,0,0,0,0,0,0,0,0,0,0,0,0,0,0,0,0,0,0,0,0,0,0,0,0,0,0,0,0,0,0,0,0,0,0,0,0,0,0,0,"","","","","",""
676,Ujjani Dam_1,Maharashtra SW,27,Maharashtra,496,Solapur,-,-,-,-,-,-,-,-,-,18.07402000,75.12002000,07-12-2023 19:00,0,0,0,0,0,0,0,0,0,0,0,0,0,0,0,0,0,0,0,0,0,0,0,0,0,0,0,0,0,0,0,0,0,0,0,0,0,0,0,0,0,0,0,0,"","","","","",""
677,Ujjani Dam_1,Maharashtra SW,27,Maharashtra,496,Solapur,-,-,-,-,-,-,-,-,-,18.07402000,75.12002000,07-12-2023 20:00,0,0,0,0,0,0,0,0,0,0,0,0,0,0,0,0,0,0,0,0,0,0,0,0,0,0,0,0,0,0,0,0,0,0,0,0,0,0,0,0,0,0,0,0,"","","","","",""
678,Ujjani Dam_1,Maharashtra SW,27,Maharashtra,496,Solapur,-,-,-,-,-,-,-,-,-,18.07402000,75.12002000,07-12-2023 21:00,0,0,0,0,0,0,0,0,0,0,0,0,0,0,0,0,0,0,0,0,0,0,0,0,0,0,0,0,0,0,0,0,0,0,0,0,0,0,0,0,0,0,0,0,"","","","","",""
679,Ujjani Dam_1,Maharashtra SW,27,Maharashtra,496,Solapur,-,-,-,-,-,-,-,-,-,18.07402000,75.12002000,07-12-2023 22:00,0,0,0,0,0,0,0,0,0,0,0,0,0,0,0,0,0,0,0,0,0,0,0,0,0,0,0,0,0,0,0,0,0,0,0,0,0,0,0,0,0,0,0,0,"","","","","",""
680,Ujjani Dam_1,Maharashtra SW,27,Maharashtra,496,Solapur,-,-,-,-,-,-,-,-,-,18.07402000,75.12002000,07-12-2023 23:00,0,0,0,0,0,0,0,0,0,0,0,0,0,0,0,0,0,0,0,0,0,0,0,0,0,0,0,0,0,0,0,0,0,0,0,0,0,0,0,0,0,0,0,0,"","","","","",""
681,Ujjani Dam_1,Maharashtra SW,27,Maharashtra,496,Solapur,-,-,-,-,-,-,-,-,-,18.07402000,75.12002000,08-12-2023 00:00,0,0,0,0,0,0,0,0,0,0,0,0,0,0,0,0,0,0,0,0,0,0,0,0,0,0,0,0,0,0,0,0,0,0,0,0,0,0,0,0,0,0,0,0,"","","","","",""
682,Ujjani Dam_1,Maharashtra SW,27,Maharashtra,496,Solapur,-,-,-,-,-,-,-,-,-,18.07402000,75.12002000,08-12-2023 02:00,0,0,0,0,0,0,0,0,0,0,0,0,0,0,0,0,0,0,0,0,0,0,0,0,0,0,0,0,0,0,0,0,0,0,0,0,0,0,0,0,0,0,0,0,"","","","","",""
683,Ujjani Dam_1,Maharashtra SW,27,Maharashtra,496,Solapur,-,-,-,-,-,-,-,-,-,18.07402000,75.12002000,08-12-2023 03:00,0,0,0,0,0,0,0,0,0,0,0,0,0,0,0,0,0,0,0,0,0,0,0,0,0,0,0,0,0,0,0,0,0,0,0,0,0,0,0,0,0,0,0,0,"","","","","",""
684,Ujjani Dam_1,Maharashtra SW,27,Maharashtra,496,Solapur,-,-,-,-,-,-,-,-,-,18.07402000,75.12002000,08-12-2023 04:00,0,0,0,0,0,0,0,0,0,0,0,0,0,0,0,0,0,0,0,0,0,0,0,0,0,0,0,0,0,0,0,0,0,0,0,0,0,0,0,0,0,0,0,0,"","","","","",""
685,Ujjani Dam_1,Maharashtra SW,27,Maharashtra,496,Solapur,-,-,-,-,-,-,-,-,-,18.07402000,75.12002000,08-12-2023 05:00,0,0,0,0,0,0,0,0,0,0,0,0,0,0,0,0,0,0,0,0,0,0,0,0,0,0,0,0,0,0,0,0,0,0,0,0,0,0,0,0,0,0,0,0,"","","","","",""
686,Ujjani Dam_1,Maharashtra SW,27,Maharashtra,496,Solapur,-,-,-,-,-,-,-,-,-,18.07402000,75.12002000,08-12-2023 06:00,0,0,0,0,0,0,0,0,0,0,0,0,0,0,0,0,0,0,0,0,0,0,0,0,0,0,0,0,0,0,0,0,0,0,0,0,0,0,0,0,0,0,0,0,"","","","","",""
687,Ujjani Dam_1,Maharashtra SW,27,Maharashtra,496,Solapur,-,-,-,-,-,-,-,-,-,18.07402000,75.12002000,08-12-2023 07:00,0,0,0,0,0,0,0,0,0,0,0,0,0,0,0,0,0,0,0,0,0,0,0,0,0,0,0,0,0,0,0,0,0,0,0,0,0,0,0,0,0,0,0,0,"","","","","",""
688,Ujjani Dam_1,Maharashtra SW,27,Maharashtra,496,Solapur,-,-,-,-,-,-,-,-,-,18.07402000,75.12002000,08-12-2023 09:00,0,0,0,0,0,0,0,0,0,0,0,0,0,0,0,0,0,0,0,0,0,0,0,0,0,0,0,0,0,0,0,0,0,0,0,0,0,0,0,0,0,0,0,0,"","","","","",""
689,Ujjani Dam_1,Maharashtra SW,27,Maharashtra,496,Solapur,-,-,-,-,-,-,-,-,-,18.07402000,75.12002000,08-12-2023 10:00,0,0,0,0,0,0,0,0,0,0,0,0,0,0,0,0,0,0,0,0,0,0,0,0,0,0,0,0,0,0,0,0,0,0,0,0,0,0,0,0,0,0,0,0,"","","","","",""
690,Ujjani Dam_1,Maharashtra SW,27,Maharashtra,496,Solapur,-,-,-,-,-,-,-,-,-,18.07402000,75.12002000,08-12-2023 11:00,0,0,0,0,0,0,0,0,0,0,0,0,0,0,0,0,0,0,0,0,0,0,0,0,0,0,0,0,0,0,0,0,0,0,0,0,0,0,0,0,0,0,0,0,"","","","","",""
691,Ujjani Dam_1,Maharashtra SW,27,Maharashtra,496,Solapur,-,-,-,-,-,-,-,-,-,18.07402000,75.12002000,08-12-2023 12:00,0,0,0,0,0,0,0,0,0,0,0,0,0,0,0,0,0,0,0,0,0,0,0,0,0,0,0,0,0,0,0,0,0,0,0,0,0,0,0,0,0,0,0,0,"","","","","",""
692,Ujjani Dam_1,Maharashtra SW,27,Maharashtra,496,Solapur,-,-,-,-,-,-,-,-,-,18.07402000,75.12002000,08-12-2023 13:00,0,0,0,0,0,0,0,0,0,0,0,0,0,0,0,0,0,0,0,0,0,0,0,0,0,0,0,0,0,0,0,0,0,0,0,0,0,0,0,0,0,0,0,0,"","","","","",""
693,Ujjani Dam_1,Maharashtra SW,27,Maharashtra,496,Solapur,-,-,-,-,-,-,-,-,-,18.07402000,75.12002000,08-12-2023 14:00,0,0,0,0,0,0,0,0,0,0,0,0,0,0,0,0,0,0,0,0,0,0,0,0,0,0,0,0,0,0,0,0,0,0,0,0,0,0,0,0,0,0,0,0,"","","","","",""
694,Ujjani Dam_1,Maharashtra SW,27,Maharashtra,496,Solapur,-,-,-,-,-,-,-,-,-,18.07402000,75.12002000,08-12-2023 15:00,0,0,0,0,0,0,0,0,0,0,0,0,0,0,0,0,0,0,0,0,0,0,0,0,0,0,0,0,0,0,0,0,0,0,0,0,0,0,0,0,0,0,0,0,"","","","","",""
695,Ujjani Dam_1,Maharashtra SW,27,Maharashtra,496,Solapur,-,-,-,-,-,-,-,-,-,18.07402000,75.12002000,08-12-2023 17:00,0,0,0,0,0,0,0,0,0,0,0,0,0,0,0,0,0,0,0,0,0,0,0,0,0,0,0,0,0,0,0,0,0,0,0,0,0,0,0,0,0,0,0,0,"","","","","",""
696,Ujjani Dam_1,Maharashtra SW,27,Maharashtra,496,Solapur,-,-,-,-,-,-,-,-,-,18.07402000,75.12002000,08-12-2023 18:00,0,0,0,0,0,0,0,0,0,0,0,0,0,0,0,0,0,0,0,0,0,0,0,0,0,0,0,0,0,0,0,0,0,0,0,0,0,0,0,0,0,0,0,0,"","","","","",""
697,Ujjani Dam_1,Maharashtra SW,27,Maharashtra,496,Solapur,-,-,-,-,-,-,-,-,-,18.07402000,75.12002000,08-12-2023 19:00,0,0,0,0,0,0,0,0,0,0,0,0,0,0,0,0,0,0,0,0,0,0,0,0,0,0,0,0,0,0,0,0,0,0,0,0,0,0,0,0,0,0,0,0,"","","","","",""
698,Ujjani Dam_1,Maharashtra SW,27,Maharashtra,496,Solapur,-,-,-,-,-,-,-,-,-,18.07402000,75.12002000,08-12-2023 20:00,0,0,0,0,0,0,0,0,0,0,0,0,0,0,0,0,0,0,0,0,0,0,0,0,0,0,0,0,0,0,0,0,0,0,0,0,0,0,0,0,0,0,0,0,"","","","","",""
699,Ujjani Dam_1,Maharashtra SW,27,Maharashtra,496,Solapur,-,-,-,-,-,-,-,-,-,18.07402000,75.12002000,08-12-2023 21:00,0,0,0,0,0,0,0,0,0,0,0,0,0,0,0,0,0,0,0,0,0,0,0,0,0,0,0,0,0,0,0,0,0,0,0,0,0,0,0,0,0,0,0,0,"","","","","",""
700,Ujjani Dam_1,Maharashtra SW,27,Maharashtra,496,Solapur,-,-,-,-,-,-,-,-,-,18.07402000,75.12002000,08-12-2023 22:00,0,0,0,0,0,0,0,0,0,0,0,0,0,0,0,0,0,0,0,0,0,0,0,0,0,0,0,0,0,0,0,0,0,0,0,0,0,0,0,0,0,0,0,0,"","","","","",""
701,Ujjani Dam_1,Maharashtra SW,27,Maharashtra,496,Solapur,-,-,-,-,-,-,-,-,-,18.07402000,75.12002000,08-12-2023 23:00,0,0,0,0,0,0,0,0,0,0,0,0,0,0,0,0,0,0,0,0,0,0,0,0,0,0,0,0,0,0,0,0,0,0,0,0,0,0,0,0,0,0,0,0,"","","","","",""
702,Ujjani Dam_1,Maharashtra SW,27,Maharashtra,496,Solapur,-,-,-,-,-,-,-,-,-,18.07402000,75.12002000,09-12-2023 01:00,0,0,0,0,0,0,0,0,0,0,0,0,0,0,0,0,0,0,0,0,0,0,0,0,0,0,0,0,0,0,0,0,0,0,0,0,0,0,0,0,0,0,0,0,"","","","","",""
703,Ujjani Dam_1,Maharashtra SW,27,Maharashtra,496,Solapur,-,-,-,-,-,-,-,-,-,18.07402000,75.12002000,09-12-2023 02:00,0,0,0,0,0,0,0,0,0,0,0,0,0,0,0,0,0,0,0,0,0,0,0,0,0,0,0,0,0,0,0,0,0,0,0,0,0,0,0,0,0,0,0,0,"","","","","",""
704,Ujjani Dam_1,Maharashtra SW,27,Maharashtra,496,Solapur,-,-,-,-,-,-,-,-,-,18.07402000,75.12002000,09-12-2023 03:00,0,0,0,0,0,0,0,0,0,0,0,0,0,0,0,0,0,0,0,0,0,0,0,0,0,0,0,0,0,0,0,0,0,0,0,0,0,0,0,0,0,0,0,0,"","","","","",""
705,Ujjani Dam_1,Maharashtra SW,27,Maharashtra,496,Solapur,-,-,-,-,-,-,-,-,-,18.07402000,75.12002000,09-12-2023 04:00,0,0,0,0,0,0,0,0,0,0,0,0,0,0,0,0,0,0,0,0,0,0,0,0,0,0,0,0,0,0,0,0,0,0,0,0,0,0,0,0,0,0,0,0,"","","","","",""
706,Ujjani Dam_1,Maharashtra SW,27,Maharashtra,496,Solapur,-,-,-,-,-,-,-,-,-,18.07402000,75.12002000,09-12-2023 05:00,0,0,0,0,0,0,0,0,0,0,0,0,0,0,0,0,0,0,0,0,0,0,0,0,0,0,0,0,0,0,0,0,0,0,0,0,0,0,0,0,0,0,0,0,"","","","","",""
707,Ujjani Dam_1,Maharashtra SW,27,Maharashtra,496,Solapur,-,-,-,-,-,-,-,-,-,18.07402000,75.12002000,09-12-2023 06:00,0,0,0,0,0,0,0,0,0,0,0,0,0,0,0,0,0,0,0,0,0,0,0,0,0,0,0,0,0,0,0,0,0,0,0,0,0,0,0,0,0,0,0,0,"","","","","",""
708,Ujjani Dam_1,Maharashtra SW,27,Maharashtra,496,Solapur,-,-,-,-,-,-,-,-,-,18.07402000,75.12002000,09-12-2023 07:00,0,0,0,0,0,0,0,0,0,0,0,0,0,0,0,0,0,0,0,0,0,0,0,0,0,0,0,0,0,0,0,0,0,0,0,0,0,0,0,0,0,0,0,0,"","","","","",""
709,Ujjani Dam_1,Maharashtra SW,27,Maharashtra,496,Solapur,-,-,-,-,-,-,-,-,-,18.07402000,75.12002000,09-12-2023 09:00,0,0,0,0,0,0,0,0,0,0,0,0,0,0,0,0,0,0,0,0,0,0,0,0,0,0,0,0,0,0,0,0,0,0,0,0,0,0,0,0,0,0,0,0,"","","","","",""
710,Ujjani Dam_1,Maharashtra SW,27,Maharashtra,496,Solapur,-,-,-,-,-,-,-,-,-,18.07402000,75.12002000,09-12-2023 10:00,0,0,0,0,0,0,0,0,0,0,0,0,0,0,0,0,0,0,0,0,0,0,0,0,0,0,0,0,0,0,0,0,0,0,0,0,0,0,0,0,0,0,0,0,"","","","","",""
711,Ujjani Dam_1,Maharashtra SW,27,Maharashtra,496,Solapur,-,-,-,-,-,-,-,-,-,18.07402000,75.12002000,09-12-2023 11:00,0,0,0,0,0,0,0,0,0,0,0,0,0,0,0,0,0,0,0,0,0,0,0,0,0,0,0,0,0,0,0,0,0,0,0,0,0,0,0,0,0,0,0,0,"","","","","",""
712,Ujjani Dam_1,Maharashtra SW,27,Maharashtra,496,Solapur,-,-,-,-,-,-,-,-,-,18.07402000,75.12002000,09-12-2023 12:00,0,0,0,0,0,0,0,0,0,0,0,0,0,0,0,0,0,0,0,0,0,0,0,0,0,0,0,0,0,0,0,0,0,0,0,0,0,0,0,0,0,0,0,0,"","","","","",""
713,Ujjani Dam_1,Maharashtra SW,27,Maharashtra,496,Solapur,-,-,-,-,-,-,-,-,-,18.07402000,75.12002000,09-12-2023 14:00,0,0,0,0,0,0,0,0,0,0,0,0,0,0,0,0,0,0,0,0,0,0,0,0,0,0,0,0,0,0,0,0,0,0,0,0,0,0,0,0,0,0,0,0,"","","","","",""
714,Ujjani Dam_1,Maharashtra SW,27,Maharashtra,496,Solapur,-,-,-,-,-,-,-,-,-,18.07402000,75.12002000,09-12-2023 15:00,0,0,0,0,0,0,0,0,0,0,0,0,0,0,0,0,0,0,0,0,0,0,0,0,0,0,0,0,0,0,0,0,0,0,0,0,0,0,0,0,0,0,0,0,"","","","","",""
715,Ujjani Dam_1,Maharashtra SW,27,Maharashtra,496,Solapur,-,-,-,-,-,-,-,-,-,18.07402000,75.12002000,09-12-2023 17:00,0,0,0,0,0,0,0,0,0,0,0,0,0,0,0,0,0,0,0,0,0,0,0,0,0,0,0,0,0,0,0,0,0,0,0,0,0,0,0,0,0,0,0,0,"","","","","",""
716,Ujjani Dam_1,Maharashtra SW,27,Maharashtra,496,Solapur,-,-,-,-,-,-,-,-,-,18.07402000,75.12002000,09-12-2023 18:00,0,0,0,0,0,0,0,0,0,0,0,0,0,0,0,0,0,0,0,0,0,0,0,0,0,0,0,0,0,0,0,0,0,0,0,0,0,0,0,0,0,0,0,0,"","","","","",""
717,Ujjani Dam_1,Maharashtra SW,27,Maharashtra,496,Solapur,-,-,-,-,-,-,-,-,-,18.07402000,75.12002000,09-12-2023 19:00,0,0,0,0,0,0,0,0,0,0,0,0,0,0,0,0,0,0,0,0,0,0,0,0,0,0,0,0,0,0,0,0,0,0,0,0,0,0,0,0,0,0,0,0,"","","","","",""
718,Ujjani Dam_1,Maharashtra SW,27,Maharashtra,496,Solapur,-,-,-,-,-,-,-,-,-,18.07402000,75.12002000,09-12-2023 20:00,0,0,0,0,0,0,0,0,0,0,0,0,0,0,0,0,0,0,0,0,0,0,0,0,0,0,0,0,0,0,0,0,0,0,0,0,0,0,0,0,0,0,0,0,"","","","","",""
719,Ujjani Dam_1,Maharashtra SW,27,Maharashtra,496,Solapur,-,-,-,-,-,-,-,-,-,18.07402000,75.12002000,09-12-2023 21:00,0,0,0,0,0,0,0,0,0,0,0,0,0,0,0,0,0,0,0,0,0,0,0,0,0,0,0,0,0,0,0,0,0,0,0,0,0,0,0,0,0,0,0,0,"","","","","",""
720,Ujjani Dam_1,Maharashtra SW,27,Maharashtra,496,Solapur,-,-,-,-,-,-,-,-,-,18.07402000,75.12002000,09-12-2023 22:00,0,0,0,0,0,0,0,0,0,0,0,0,0,0,0,0,0,0,0,0,0,0,0,0,0,0,0,0,0,0,0,0,0,0,0,0,0,0,0,0,0,0,0,0,"","","","","",""
721,Ujjani Dam_1,Maharashtra SW,27,Maharashtra,496,Solapur,-,-,-,-,-,-,-,-,-,18.07402000,75.12002000,09-12-2023 23:00,0,0,0,0,0,0,0,0,0,0,0,0,0,0,0,0,0,0,0,0,0,0,0,0,0,0,0,0,0,0,0,0,0,0,0,0,0,0,0,0,0,0,0,0,"","","","","",""
722,Ujjani Dam_1,Maharashtra SW,27,Maharashtra,496,Solapur,-,-,-,-,-,-,-,-,-,18.07402000,75.12002000,10-12-2023 01:00,0,0,0,0,0,0,0,0,0,0,0,0,0,0,0,0,0,0,0,0,0,0,0,0,0,0,0,0,0,0,0,0,0,0,0,0,0,0,0,0,0,0,0,0,"","","","","",""
723,Ujjani Dam_1,Maharashtra SW,27,Maharashtra,496,Solapur,-,-,-,-,-,-,-,-,-,18.07402000,75.12002000,10-12-2023 02:00,0,0,0,0,0,0,0,0,0,0,0,0,0,0,0,0,0,0,0,0,0,0,0,0,0,0,0,0,0,0,0,0,0,0,0,0,0,0,0,0,0,0,0,0,"","","","","",""
724,Ujjani Dam_1,Maharashtra SW,27,Maharashtra,496,Solapur,-,-,-,-,-,-,-,-,-,18.07402000,75.12002000,10-12-2023 03:00,0,0,0,0,0,0,0,0,0,0,0,0,0,0,0,0,0,0,0,0,0,0,0,0,0,0,0,0,0,0,0,0,0,0,0,0,0,0,0,0,0,0,0,0,"","","","","",""
725,Ujjani Dam_1,Maharashtra SW,27,Maharashtra,496,Solapur,-,-,-,-,-,-,-,-,-,18.07402000,75.12002000,10-12-2023 04:00,0,0,0,0,0,0,0,0,0,0,0,0,0,0,0,0,0,0,0,0,0,0,0,0,0,0,0,0,0,0,0,0,0,0,0,0,0,0,0,0,0,0,0,0,"","","","","",""
726,Ujjani Dam_1,Maharashtra SW,27,Maharashtra,496,Solapur,-,-,-,-,-,-,-,-,-,18.07402000,75.12002000,10-12-2023 05:00,0,0,0,0,0,0,0,0,0,0,0,0,0,0,0,0,0,0,0,0,0,0,0,0,0,0,0,0,0,0,0,0,0,0,0,0,0,0,0,0,0,0,0,0,"","","","","",""
727,Ujjani Dam_1,Maharashtra SW,27,Maharashtra,496,Solapur,-,-,-,-,-,-,-,-,-,18.07402000,75.12002000,10-12-2023 06:00,0,0,0,0,0,0,0,0,0,0,0,0,0,0,0,0,0,0,0,0,0,0,0,0,0,0,0,0,0,0,0,0,0,0,0,0,0,0,0,0,0,0,0,0,"","","","","",""
728,Ujjani Dam_1,Maharashtra SW,27,Maharashtra,496,Solapur,-,-,-,-,-,-,-,-,-,18.07402000,75.12002000,10-12-2023 07:00,0,0,0,0,0,0,0,0,0,0,0,0,0,0,0,0,0,0,0,0,0,0,0,0,0,0,0,0,0,0,0,0,0,0,0,0,0,0,0,0,0,0,0,0,"","","","","",""
729,Ujjani Dam_1,Maharashtra SW,27,Maharashtra,496,Solapur,-,-,-,-,-,-,-,-,-,18.07402000,75.12002000,10-12-2023 09:00,0,0,0,0,0,0,0,0,0,0,0,0,0,0,0,0,0,0,0,0,0,0,0,0,0,0,0,0,0,0,0,0,0,0,0,0,0,0,0,0,0,0,0,0,"","","","","",""
730,Ujjani Dam_1,Maharashtra SW,27,Maharashtra,496,Solapur,-,-,-,-,-,-,-,-,-,18.07402000,75.12002000,10-12-2023 10:00,0,0,0,0,0,0,0,0,0,0,0,0,0,0,0,0,0,0,0,0,0,0,0,0,0,0,0,0,0,0,0,0,0,0,0,0,0,0,0,0,0,0,0,0,"","","","","",""
731,Ujjani Dam_1,Maharashtra SW,27,Maharashtra,496,Solapur,-,-,-,-,-,-,-,-,-,18.07402000,75.12002000,10-12-2023 11:00,0,0,0,0,0,0,0,0,0,0,0,0,0,0,0,0,0,0,0,0,0,0,0,0,0,0,0,0,0,0,0,0,0,0,0,0,0,0,0,0,0,0,0,0,"","","","","",""
732,Ujjani Dam_1,Maharashtra SW,27,Maharashtra,496,Solapur,-,-,-,-,-,-,-,-,-,18.07402000,75.12002000,10-12-2023 12:00,0,0,0,0,0,0,0,0,0,0,0,0,0,0,0,0,0,0,0,0,0,0,0,0,0,0,0,0,0,0,0,0,0,0,0,0,0,0,0,0,0,0,0,0,"","","","","",""
733,Ujjani Dam_1,Maharashtra SW,27,Maharashtra,496,Solapur,-,-,-,-,-,-,-,-,-,18.07402000,75.12002000,10-12-2023 13:00,0,0,0,0,0,0,0,0,0,0,0,0,0,0,0,0,0,0,0,0,0,0,0,0,0,0,0,0,0,0,0,0,0,0,0,0,0,0,0,0,0,0,0,0,"","","","","",""
734,Ujjani Dam_1,Maharashtra SW,27,Maharashtra,496,Solapur,-,-,-,-,-,-,-,-,-,18.07402000,75.12002000,10-12-2023 14:00,0,0,0,0,0,0,0,0,0,0,0,0,0,0,0,0,0,0,0,0,0,0,0,0,0,0,0,0,0,0,0,0,0,0,0,0,0,0,0,0,0,0,0,0,"","","","","",""
735,Ujjani Dam_1,Maharashtra SW,27,Maharashtra,496,Solapur,-,-,-,-,-,-,-,-,-,18.07402000,75.12002000,10-12-2023 15:00,0,0,0,0,0,0,0,0,0,0,0,0,0,0,0,0,0,0,0,0,0,0,0,0,0,0,0,0,0,0,0,0,0,0,0,0,0,0,0,0,0,0,0,0,"","","","","",""
736,Ujjani Dam_1,Maharashtra SW,27,Maharashtra,496,Solapur,-,-,-,-,-,-,-,-,-,18.07402000,75.12002000,10-12-2023 17:00,0,0,0,0,0,0,0,0,0,0,0,0,0,0,0,0,0,0,0,0,0,0,0,0,0,0,0,0,0,0,0,0,0,0,0,0,0,0,0,0,0,0,0,0,"","","","","",""
737,Ujjani Dam_1,Maharashtra SW,27,Maharashtra,496,Solapur,-,-,-,-,-,-,-,-,-,18.07402000,75.12002000,10-12-2023 18:00,0,0,0,0,0,0,0,0,0,0,0,0,0,0,0,0,0,0,0,0,0,0,0,0,0,0,0,0,0,0,0,0,0,0,0,0,0,0,0,0,0,0,0,0,"","","","","",""
738,Ujjani Dam_1,Maharashtra SW,27,Maharashtra,496,Solapur,-,-,-,-,-,-,-,-,-,18.07402000,75.12002000,10-12-2023 19:00,0,0,0,0,0,0,0,0,0,0,0,0,0,0,0,0,0,0,0,0,0,0,0,0,0,0,0,0,0,0,0,0,0,0,0,0,0,0,0,0,0,0,0,0,"","","","","",""
739,Ujjani Dam_1,Maharashtra SW,27,Maharashtra,496,Solapur,-,-,-,-,-,-,-,-,-,18.07402000,75.12002000,10-12-2023 20:00,0,0,0,0,0,0,0,0,0,0,0,0,0,0,0,0,0,0,0,0,0,0,0,0,0,0,0,0,0,0,0,0,0,0,0,0,0,0,0,0,0,0,0,0,"","","","","",""
740,Ujjani Dam_1,Maharashtra SW,27,Maharashtra,496,Solapur,-,-,-,-,-,-,-,-,-,18.07402000,75.12002000,10-12-2023 21:00,0,0,0,0,0,0,0,0,0,0,0,0,0,0,0,0,0,0,0,0,0,0,0,0,0,0,0,0,0,0,0,0,0,0,0,0,0,0,0,0,0,0,0,0,"","","","","",""
741,Ujjani Dam_1,Maharashtra SW,27,Maharashtra,496,Solapur,-,-,-,-,-,-,-,-,-,18.07402000,75.12002000,10-12-2023 22:00,0,0,0,0,0,0,0,0,0,0,0,0,0,0,0,0,0,0,0,0,0,0,0,0,0,0,0,0,0,0,0,0,0,0,0,0,0,0,0,0,0,0,0,0,"","","","","",""
742,Ujjani Dam_1,Maharashtra SW,27,Maharashtra,496,Solapur,-,-,-,-,-,-,-,-,-,18.07402000,75.12002000,10-12-2023 23:00,0,0,0,0,0,0,0,0,0,0,0,0,0,0,0,0,0,0,0,0,0,0,0,0,0,0,0,0,0,0,0,0,0,0,0,0,0,0,0,0,0,0,0,0,"","","","","",""
743,Ujjani Dam_1,Maharashtra SW,27,Maharashtra,496,Solapur,-,-,-,-,-,-,-,-,-,18.07402000,75.12002000,11-12-2023 01:00,0,0,0,0,0,0,0,0,0,0,0,0,0,0,0,0,0,0,0,0,0,0,0,0,0,0,0,0,0,0,0,0,0,0,0,0,0,0,0,0,0,0,0,0,"","","","","",""
744,Ujjani Dam_1,Maharashtra SW,27,Maharashtra,496,Solapur,-,-,-,-,-,-,-,-,-,18.07402000,75.12002000,11-12-2023 02:00,0,0,0,0,0,0,0,0,0,0,0,0,0,0,0,0,0,0,0,0,0,0,0,0,0,0,0,0,0,0,0,0,0,0,0,0,0,0,0,0,0,0,0,0,"","","","","",""
745,Ujjani Dam_1,Maharashtra SW,27,Maharashtra,496,Solapur,-,-,-,-,-,-,-,-,-,18.07402000,75.12002000,11-12-2023 03:00,0,0,0,0,0,0,0,0,0,0,0,0,0,0,0,0,0,0,0,0,0,0,0,0,0,0,0,0,0,0,0,0,0,0,0,0,0,0,0,0,0,0,0,0,"","","","","",""
746,Ujjani Dam_1,Maharashtra SW,27,Maharashtra,496,Solapur,-,-,-,-,-,-,-,-,-,18.07402000,75.12002000,11-12-2023 04:00,0,0,0,0,0,0,0,0,0,0,0,0,0,0,0,0,0,0,0,0,0,0,0,0,0,0,0,0,0,0,0,0,0,0,0,0,0,0,0,0,0,0,0,0,"","","","","",""
747,Ujjani Dam_1,Maharashtra SW,27,Maharashtra,496,Solapur,-,-,-,-,-,-,-,-,-,18.07402000,75.12002000,11-12-2023 05:00,0,0,0,0,0,0,0,0,0,0,0,0,0,0,0,0,0,0,0,0,0,0,0,0,0,0,0,0,0,0,0,0,0,0,0,0,0,0,0,0,0,0,0,0,"","","","","",""
748,Ujjani Dam_1,Maharashtra SW,27,Maharashtra,496,Solapur,-,-,-,-,-,-,-,-,-,18.07402000,75.12002000,11-12-2023 06:00,0,0,0,0,0,0,0,0,0,0,0,0,0,0,0,0,0,0,0,0,0,0,0,0,0,0,0,0,0,0,0,0,0,0,0,0,0,0,0,0,0,0,0,0,"","","","","",""
749,Ujjani Dam_1,Maharashtra SW,27,Maharashtra,496,Solapur,-,-,-,-,-,-,-,-,-,18.07402000,75.12002000,11-12-2023 08:00,0,0,0,0,0,0,0,0,0,0,0,0,0,0,0,0,0,0,0,0,0,0,0,0,0,0,0,0,0,0,0,0,0,0,0,0,0,0,0,0,0,0,0,0,"","","","","",""
750,Ujjani Dam_1,Maharashtra SW,27,Maharashtra,496,Solapur,-,-,-,-,-,-,-,-,-,18.07402000,75.12002000,11-12-2023 09:00,0,0,0,0,0,0,0,0,0,0,0,0,0,0,0,0,0,0,0,0,0,0,0,0,0,0,0,0,0,0,0,0,0,0,0,0,0,0,0,0,0,0,0,0,"","","","","",""
751,Ujjani Dam_1,Maharashtra SW,27,Maharashtra,496,Solapur,-,-,-,-,-,-,-,-,-,18.07402000,75.12002000,11-12-2023 10:00,0,0,0,0,0,0,0,0,0,0,0,0,0,0,0,0,0,0,0,0,0,0,0,0,0,0,0,0,0,0,0,0,0,0,0,0,0,0,0,0,0,0,0,0,"","","","","",""
752,Ujjani Dam_1,Maharashtra SW,27,Maharashtra,496,Solapur,-,-,-,-,-,-,-,-,-,18.07402000,75.12002000,11-12-2023 11:00,0,0,0,0,0,0,0,0,0,0,0,0,0,0,0,0,0,0,0,0,0,0,0,0,0,0,0,0,0,0,0,0,0,0,0,0,0,0,0,0,0,0,0,0,"","","","","",""
753,Ujjani Dam_1,Maharashtra SW,27,Maharashtra,496,Solapur,-,-,-,-,-,-,-,-,-,18.07402000,75.12002000,11-12-2023 12:00,0,0,0,0,0,0,0,0,0,0,0,0,0,0,0,0,0,0,0,0,0,0,0,0,0,0,0,0,0,0,0,0,0,0,0,0,0,0,0,0,0,0,0,0,"","","","","",""
754,Ujjani Dam_1,Maharashtra SW,27,Maharashtra,496,Solapur,-,-,-,-,-,-,-,-,-,18.07402000,75.12002000,11-12-2023 13:00,0,0,0,0,0,0,0,0,0,0,0,0,0,0,0,0,0,0,0,0,0,0,0,0,0,0,0,0,0,0,0,0,0,0,0,0,0,0,0,0,0,0,0,0,"","","","","",""
755,Ujjani Dam_1,Maharashtra SW,27,Maharashtra,496,Solapur,-,-,-,-,-,-,-,-,-,18.07402000,75.12002000,11-12-2023 14:00,0,0,0,0,0,0,0,0,0,0,0,0,0,0,0,0,0,0,0,0,0,0,0,0,0,0,0,0,0,0,0,0,0,0,0,0,0,0,0,0,0,0,0,0,"","","","","",""
756,Ujjani Dam_1,Maharashtra SW,27,Maharashtra,496,Solapur,-,-,-,-,-,-,-,-,-,18.07402000,75.12002000,11-12-2023 16:00,0,0,0,0,0,0,0,0,0,0,0,0,0,0,0,0,0,0,0,0,0,0,0,0,0,0,0,0,0,0,0,0,0,0,0,0,0,0,0,0,0,0,0,0,"","","","","",""
757,Ujjani Dam_1,Maharashtra SW,27,Maharashtra,496,Solapur,-,-,-,-,-,-,-,-,-,18.07402000,75.12002000,11-12-2023 17:00,0,0,0,0,0,0,0,0,0,0,0,0,0,0,0,0,0,0,0,0,0,0,0,0,0,0,0,0,0,0,0,0,0,0,0,0,0,0,0,0,0,0,0,0,"","","","","",""
758,Ujjani Dam_1,Maharashtra SW,27,Maharashtra,496,Solapur,-,-,-,-,-,-,-,-,-,18.07402000,75.12002000,11-12-2023 18:00,0,0,0,0,0,0,0,0,0,0,0,0,0,0,0,0,0,0,0,0,0,0,0,0,0,0,0,0,0,0,0,0,0,0,0,0,0,0,0,0,0,0,0,0,"","","","","",""
759,Ujjani Dam_1,Maharashtra SW,27,Maharashtra,496,Solapur,-,-,-,-,-,-,-,-,-,18.07402000,75.12002000,11-12-2023 19:00,0,0,0,0,0,0,0,0,0,0,0,0,0,0,0,0,0,0,0,0,0,0,0,0,0,0,0,0,0,0,0,0,0,0,0,0,0,0,0,0,0,0,0,0,"","","","","",""
760,Ujjani Dam_1,Maharashtra SW,27,Maharashtra,496,Solapur,-,-,-,-,-,-,-,-,-,18.07402000,75.12002000,11-12-2023 20:00,0,0,0,0,0,0,0,0,0,0,0,0,0,0,0,0,0,0,0,0,0,0,0,0,0,0,0,0,0,0,0,0,0,0,0,0,0,0,0,0,0,0,0,0,"","","","","",""
761,Ujjani Dam_1,Maharashtra SW,27,Maharashtra,496,Solapur,-,-,-,-,-,-,-,-,-,18.07402000,75.12002000,11-12-2023 21:00,0,0,0,0,0,0,0,0,0,0,0,0,0,0,0,0,0,0,0,0,0,0,0,0,0,0,0,0,0,0,0,0,0,0,0,0,0,0,0,0,0,0,0,0,"","","","","",""
762,Ujjani Dam_1,Maharashtra SW,27,Maharashtra,496,Solapur,-,-,-,-,-,-,-,-,-,18.07402000,75.12002000,11-12-2023 22:00,0,0,0,0,0,0,0,0,0,0,0,0,0,0,0,0,0,0,0,0,0,0,0,0,0,0,0,0,0,0,0,0,0,0,0,0,0,0,0,0,0,0,0,0,"","","","","",""
763,Ujjani Dam_1,Maharashtra SW,27,Maharashtra,496,Solapur,-,-,-,-,-,-,-,-,-,18.07402000,75.12002000,12-12-2023 00:00,0,0,0,0,0,0,0,0,0,0,0,0,0,0,0,0,0,0,0,0,0,0,0,0,0,0,0,0,0,0,0,0,0,0,0,0,0,0,0,0,0,0,0,0,"","","","","",""
764,Ujjani Dam_1,Maharashtra SW,27,Maharashtra,496,Solapur,-,-,-,-,-,-,-,-,-,18.07402000,75.12002000,12-12-2023 01:00,0,0,0,0,0,0,0,0,0,0,0,0,0,0,0,0,0,0,0,0,0,0,0,0,0,0,0,0,0,0,0,0,0,0,0,0,0,0,0,0,0,0,0,0,"","","","","",""
765,Ujjani Dam_1,Maharashtra SW,27,Maharashtra,496,Solapur,-,-,-,-,-,-,-,-,-,18.07402000,75.12002000,12-12-2023 02:00,0,0,0,0,0,0,0,0,0,0,0,0,0,0,0,0,0,0,0,0,0,0,0,0,0,0,0,0,0,0,0,0,0,0,0,0,0,0,0,0,0,0,0,0,"","","","","",""
766,Ujjani Dam_1,Maharashtra SW,27,Maharashtra,496,Solapur,-,-,-,-,-,-,-,-,-,18.07402000,75.12002000,12-12-2023 03:00,0,0,0,0,0,0,0,0,0,0,0,0,0,0,0,0,0,0,0,0,0,0,0,0,0,0,0,0,0,0,0,0,0,0,0,0,0,0,0,0,0,0,0,0,"","","","","",""
767,Ujjani Dam_1,Maharashtra SW,27,Maharashtra,496,Solapur,-,-,-,-,-,-,-,-,-,18.07402000,75.12002000,12-12-2023 04:00,0,0,0,0,0,0,0,0,0,0,0,0,0,0,0,0,0,0,0,0,0,0,0,0,0,0,0,0,0,0,0,0,0,0,0,0,0,0,0,0,0,0,0,0,"","","","","",""
768,Ujjani Dam_1,Maharashtra SW,27,Maharashtra,496,Solapur,-,-,-,-,-,-,-,-,-,18.07402000,75.12002000,12-12-2023 05:00,0,0,0,0,0,0,0,0,0,0,0,0,0,0,0,0,0,0,0,0,0,0,0,0,0,0,0,0,0,0,0,0,0,0,0,0,0,0,0,0,0,0,0,0,"","","","","",""
769,Ujjani Dam_1,Maharashtra SW,27,Maharashtra,496,Solapur,-,-,-,-,-,-,-,-,-,18.07402000,75.12002000,12-12-2023 06:00,0,0,0,0,0,0,0,0,0,0,0,0,0,0,0,0,0,0,0,0,0,0,0,0,0,0,0,0,0,0,0,0,0,0,0,0,0,0,0,0,0,0,0,0,"","","","","",""
770,Ujjani Dam_1,Maharashtra SW,27,Maharashtra,496,Solapur,-,-,-,-,-,-,-,-,-,18.07402000,75.12002000,12-12-2023 08:00,0,0,0,0,0,0,0,0,0,0,0,0,0,0,0,0,0,0,0,0,0,0,0,0,0,0,0,0,0,0,0,0,0,0,0,0,0,0,0,0,0,0,0,0,"","","","","",""
771,Ujjani Dam_1,Maharashtra SW,27,Maharashtra,496,Solapur,-,-,-,-,-,-,-,-,-,18.07402000,75.12002000,12-12-2023 09:00,0,0,0,0,0,0,0,0,0,0,0,0,0,0,0,0,0,0,0,0,0,0,0,0,0,0,0,0,0,0,0,0,0,0,0,0,0,0,0,0,0,0,0,0,"","","","","",""
772,Ujjani Dam_1,Maharashtra SW,27,Maharashtra,496,Solapur,-,-,-,-,-,-,-,-,-,18.07402000,75.12002000,12-12-2023 10:00,0,0,0,0,0,0,0,0,0,0,0,0,0,0,0,0,0,0,0,0,0,0,0,0,0,0,0,0,0,0,0,0,0,0,0,0,0,0,0,0,0,0,0,0,"","","","","",""
773,Ujjani Dam_1,Maharashtra SW,27,Maharashtra,496,Solapur,-,-,-,-,-,-,-,-,-,18.07402000,75.12002000,12-12-2023 11:00,0,0,0,0,0,0,0,0,0,0,0,0,0,0,0,0,0,0,0,0,0,0,0,0,0,0,0,0,0,0,0,0,0,0,0,0,0,0,0,0,0,0,0,0,"","","","","",""
774,Ujjani Dam_1,Maharashtra SW,27,Maharashtra,496,Solapur,-,-,-,-,-,-,-,-,-,18.07402000,75.12002000,12-12-2023 12:00,0,0,0,0,0,0,0,0,0,0,0,0,0,0,0,0,0,0,0,0,0,0,0,0,0,0,0,0,0,0,0,0,0,0,0,0,0,0,0,0,0,0,0,0,"","","","","",""
775,Ujjani Dam_1,Maharashtra SW,27,Maharashtra,496,Solapur,-,-,-,-,-,-,-,-,-,18.07402000,75.12002000,12-12-2023 13:00,0,0,0,0,0,0,0,0,0,0,0,0,0,0,0,0,0,0,0,0,0,0,0,0,0,0,0,0,0,0,0,0,0,0,0,0,0,0,0,0,0,0,0,0,"","","","","",""
776,Ujjani Dam_1,Maharashtra SW,27,Maharashtra,496,Solapur,-,-,-,-,-,-,-,-,-,18.07402000,75.12002000,12-12-2023 14:00,0,0,0,0,0,0,0,0,0,0,0,0,0,0,0,0,0,0,0,0,0,0,0,0,0,0,0,0,0,0,0,0,0,0,0,0,0,0,0,0,0,0,0,0,"","","","","",""
777,Ujjani Dam_1,Maharashtra SW,27,Maharashtra,496,Solapur,-,-,-,-,-,-,-,-,-,18.07402000,75.12002000,12-12-2023 16:00,0,0,0,0,0,0,0,0,0,0,0,0,0,0,0,0,0,0,0,0,0,0,0,0,0,0,0,0,0,0,0,0,0,0,0,0,0,0,0,0,0,0,0,0,"","","","","",""
778,Ujjani Dam_1,Maharashtra SW,27,Maharashtra,496,Solapur,-,-,-,-,-,-,-,-,-,18.07402000,75.12002000,12-12-2023 17:00,0,0,0,0,0,0,0,0,0,0,0,0,0,0,0,0,0,0,0,0,0,0,0,0,0,0,0,0,0,0,0,0,0,0,0,0,0,0,0,0,0,0,0,0,"","","","","",""
779,Ujjani Dam_1,Maharashtra SW,27,Maharashtra,496,Solapur,-,-,-,-,-,-,-,-,-,18.07402000,75.12002000,12-12-2023 18:00,0,0,0,0,0,0,0,0,0,0,0,0,0,0,0,0,0,0,0,0,0,0,0,0,0,0,0,0,0,0,0,0,0,0,0,0,0,0,0,0,0,0,0,0,"","","","","",""
780,Ujjani Dam_1,Maharashtra SW,27,Maharashtra,496,Solapur,-,-,-,-,-,-,-,-,-,18.07402000,75.12002000,12-12-2023 19:00,0,0,0,0,0,0,0,0,0,0,0,0,0,0,0,0,0,0,0,0,0,0,0,0,0,0,0,0,0,0,0,0,0,0,0,0,0,0,0,0,0,0,0,0,"","","","","",""
781,Ujjani Dam_1,Maharashtra SW,27,Maharashtra,496,Solapur,-,-,-,-,-,-,-,-,-,18.07402000,75.12002000,12-12-2023 20:00,0,0,0,0,0,0,0,0,0,0,0,0,0,0,0,0,0,0,0,0,0,0,0,0,0,0,0,0,0,0,0,0,0,0,0,0,0,0,0,0,0,0,0,0,"","","","","",""
782,Ujjani Dam_1,Maharashtra SW,27,Maharashtra,496,Solapur,-,-,-,-,-,-,-,-,-,18.07402000,75.12002000,12-12-2023 21:00,0,0,0,0,0,0,0,0,0,0,0,0,0,0,0,0,0,0,0,0,0,0,0,0,0,0,0,0,0,0,0,0,0,0,0,0,0,0,0,0,0,0,0,0,"","","","","",""
783,Ujjani Dam_1,Maharashtra SW,27,Maharashtra,496,Solapur,-,-,-,-,-,-,-,-,-,18.07402000,75.12002000,12-12-2023 22:00,0,0,0,0,0,0,0,0,0,0,0,0,0,0,0,0,0,0,0,0,0,0,0,0,0,0,0,0,0,0,0,0,0,0,0,0,0,0,0,0,0,0,0,0,"","","","","",""
784,Ujjani Dam_1,Maharashtra SW,27,Maharashtra,496,Solapur,-,-,-,-,-,-,-,-,-,18.07402000,75.12002000,13-12-2023 00:00,0,0,0,0,0,0,0,0,0,0,0,0,0,0,0,0,0,0,0,0,0,0,0,0,0,0,0,0,0,0,0,0,0,0,0,0,0,0,0,0,0,0,0,0,"","","","","",""
785,Ujjani Dam_1,Maharashtra SW,27,Maharashtra,496,Solapur,-,-,-,-,-,-,-,-,-,18.07402000,75.12002000,13-12-2023 01:00,0,0,0,0,0,0,0,0,0,0,0,0,0,0,0,0,0,0,0,0,0,0,0,0,0,0,0,0,0,0,0,0,0,0,0,0,0,0,0,0,0,0,0,0,"","","","","",""
786,Ujjani Dam_1,Maharashtra SW,27,Maharashtra,496,Solapur,-,-,-,-,-,-,-,-,-,18.07402000,75.12002000,13-12-2023 02:00,0,0,0,0,0,0,0,0,0,0,0,0,0,0,0,0,0,0,0,0,0,0,0,0,0,0,0,0,0,0,0,0,0,0,0,0,0,0,0,0,0,0,0,0,"","","","","",""
787,Ujjani Dam_1,Maharashtra SW,27,Maharashtra,496,Solapur,-,-,-,-,-,-,-,-,-,18.07402000,75.12002000,13-12-2023 03:00,0,0,0,0,0,0,0,0,0,0,0,0,0,0,0,0,0,0,0,0,0,0,0,0,0,0,0,0,0,0,0,0,0,0,0,0,0,0,0,0,0,0,0,0,"","","","","",""
788,Ujjani Dam_1,Maharashtra SW,27,Maharashtra,496,Solapur,-,-,-,-,-,-,-,-,-,18.07402000,75.12002000,13-12-2023 04:00,0,0,0,0,0,0,0,0,0,0,0,0,0,0,0,0,0,0,0,0,0,0,0,0,0,0,0,0,0,0,0,0,0,0,0,0,0,0,0,0,0,0,0,0,"","","","","",""
789,Ujjani Dam_1,Maharashtra SW,27,Maharashtra,496,Solapur,-,-,-,-,-,-,-,-,-,18.07402000,75.12002000,13-12-2023 05:00,0,0,0,0,0,0,0,0,0,0,0,0,0,0,0,0,0,0,0,0,0,0,0,0,0,0,0,0,0,0,0,0,0,0,0,0,0,0,0,0,0,0,0,0,"","","","","",""
790,Ujjani Dam_1,Maharashtra SW,27,Maharashtra,496,Solapur,-,-,-,-,-,-,-,-,-,18.07402000,75.12002000,13-12-2023 06:00,0,0,0,0,0,0,0,0,0,0,0,0,0,0,0,0,0,0,0,0,0,0,0,0,0,0,0,0,0,0,0,0,0,0,0,0,0,0,0,0,0,0,0,0,"","","","","",""
791,Ujjani Dam_1,Maharashtra SW,27,Maharashtra,496,Solapur,-,-,-,-,-,-,-,-,-,18.07402000,75.12002000,13-12-2023 08:00,0,0,0,0,0,0,0,0,0,0,0,0,0,0,0,0,0,0,0,0,0,0,0,0,0,0,0,0,0,0,0,0,0,0,0,0,0,0,0,0,0,0,0,0,"","","","","",""
792,Ujjani Dam_1,Maharashtra SW,27,Maharashtra,496,Solapur,-,-,-,-,-,-,-,-,-,18.07402000,75.12002000,13-12-2023 09:00,0,0,0,0,0,0,0,0,0,0,0,0,0,0,0,0,0,0,0,0,0,0,0,0,0,0,0,0,0,0,0,0,0,0,0,0,0,0,0,0,0,0,0,0,"","","","","",""
793,Ujjani Dam_1,Maharashtra SW,27,Maharashtra,496,Solapur,-,-,-,-,-,-,-,-,-,18.07402000,75.12002000,13-12-2023 13:00,0,0,0,0,0,0,0,0,0,0,0,0,0,0,0,0,0,0,0,0,0,0,0,0,0,0,0,0,0,0,0,0,0,0,0,0,0,0,0,0,0,0,0,0,"","","","","",""
794,Ujjani Dam_1,Maharashtra SW,27,Maharashtra,496,Solapur,-,-,-,-,-,-,-,-,-,18.07402000,75.12002000,13-12-2023 14:00,0,0,0,0,0,0,0,0,0,0,0,0,0,0,0,0,0,0,0,0,0,0,0,0,0,0,0,0,0,0,0,0,0,0,0,0,0,0,0,0,0,0,0,0,"","","","","",""
795,Ujjani Dam_1,Maharashtra SW,27,Maharashtra,496,Solapur,-,-,-,-,-,-,-,-,-,18.07402000,75.12002000,13-12-2023 16:00,0,0,0,0,0,0,0,0,0,0,0,0,0,0,0,0,0,0,0,0,0,0,0,0,0,0,0,0,0,0,0,0,0,0,0,0,0,0,0,0,0,0,0,0,"","","","","",""
796,Ujjani Dam_1,Maharashtra SW,27,Maharashtra,496,Solapur,-,-,-,-,-,-,-,-,-,18.07402000,75.12002000,13-12-2023 17:00,0,0,0,0,0,0,0,0,0,0,0,0,0,0,0,0,0,0,0,0,0,0,0,0,0,0,0,0,0,0,0,0,0,0,0,0,0,0,0,0,0,0,0,0,"","","","","",""
797,Ujjani Dam_1,Maharashtra SW,27,Maharashtra,496,Solapur,-,-,-,-,-,-,-,-,-,18.07402000,75.12002000,13-12-2023 18:00,0,0,0,0,0,0,0,0,0,0,0,0,0,0,0,0,0,0,0,0,0,0,0,0,0,0,0,0,0,0,0,0,0,0,0,0,0,0,0,0,0,0,0,0,"","","","","",""
798,Ujjani Dam_1,Maharashtra SW,27,Maharashtra,496,Solapur,-,-,-,-,-,-,-,-,-,18.07402000,75.12002000,13-12-2023 19:00,0,0,0,0,0,0,0,0,0,0,0,0,0,0,0,0,0,0,0,0,0,0,0,0,0,0,0,0,0,0,0,0,0,0,0,0,0,0,0,0,0,0,0,0,"","","","","",""
799,Ujjani Dam_1,Maharashtra SW,27,Maharashtra,496,Solapur,-,-,-,-,-,-,-,-,-,18.07402000,75.12002000,13-12-2023 20:00,0,0,0,0,0,0,0,0,0,0,0,0,0,0,0,0,0,0,0,0,0,0,0,0,0,0,0,0,0,0,0,0,0,0,0,0,0,0,0,0,0,0,0,0,"","","","","",""
800,Ujjani Dam_1,Maharashtra SW,27,Maharashtra,496,Solapur,-,-,-,-,-,-,-,-,-,18.07402000,75.12002000,13-12-2023 21:00,0,0,0,0,0,0,0,0,0,0,0,0,0,0,0,0,0,0,0,0,0,0,0,0,0,0,0,0,0,0,0,0,0,0,0,0,0,0,0,0,0,0,0,0,"","","","","",""
801,Ujjani Dam_1,Maharashtra SW,27,Maharashtra,496,Solapur,-,-,-,-,-,-,-,-,-,18.07402000,75.12002000,13-12-2023 22:00,0,0,0,0,0,0,0,0,0,0,0,0,0,0,0,0,0,0,0,0,0,0,0,0,0,0,0,0,0,0,0,0,0,0,0,0,0,0,0,0,0,0,0,0,"","","","","",""
802,Ujjani Dam_1,Maharashtra SW,27,Maharashtra,496,Solapur,-,-,-,-,-,-,-,-,-,18.07402000,75.12002000,14-12-2023 00:00,0,0,0,0,0,0,0,0,0,0,0,0,0,0,0,0,0,0,0,0,0,0,0,0,0,0,0,0,0,0,0,0,0,0,0,0,0,0,0,0,0,0,0,0,"","","","","",""
803,Ujjani Dam_1,Maharashtra SW,27,Maharashtra,496,Solapur,-,-,-,-,-,-,-,-,-,18.07402000,75.12002000,14-12-2023 01:00,0,0,0,0,0,0,0,0,0,0,0,0,0,0,0,0,0,0,0,0,0,0,0,0,0,0,0,0,0,0,0,0,0,0,0,0,0,0,0,0,0,0,0,0,"","","","","",""
804,Ujjani Dam_1,Maharashtra SW,27,Maharashtra,496,Solapur,-,-,-,-,-,-,-,-,-,18.07402000,75.12002000,14-12-2023 02:00,0,0,0,0,0,0,0,0,0,0,0,0,0,0,0,0,0,0,0,0,0,0,0,0,0,0,0,0,0,0,0,0,0,0,0,0,0,0,0,0,0,0,0,0,"","","","","",""
805,Ujjani Dam_1,Maharashtra SW,27,Maharashtra,496,Solapur,-,-,-,-,-,-,-,-,-,18.07402000,75.12002000,14-12-2023 03:00,0,0,0,0,0,0,0,0,0,0,0,0,0,0,0,0,0,0,0,0,0,0,0,0,0,0,0,0,0,0,0,0,0,0,0,0,0,0,0,0,0,0,0,0,"","","","","",""
806,Ujjani Dam_1,Maharashtra SW,27,Maharashtra,496,Solapur,-,-,-,-,-,-,-,-,-,18.07402000,75.12002000,14-12-2023 04:00,0,0,0,0,0,0,0,0,0,0,0,0,0,0,0,0,0,0,0,0,0,0,0,0,0,0,0,0,0,0,0,0,0,0,0,0,0,0,0,0,0,0,0,0,"","","","","",""
807,Ujjani Dam_1,Maharashtra SW,27,Maharashtra,496,Solapur,-,-,-,-,-,-,-,-,-,18.07402000,75.12002000,14-12-2023 05:00,0,0,0,0,0,0,0,0,0,0,0,0,0,0,0,0,0,0,0,0,0,0,0,0,0,0,0,0,0,0,0,0,0,0,0,0,0,0,0,0,0,0,0,0,"","","","","",""
808,Ujjani Dam_1,Maharashtra SW,27,Maharashtra,496,Solapur,-,-,-,-,-,-,-,-,-,18.07402000,75.12002000,14-12-2023 07:00,0,0,0,0,0,0,0,0,0,0,0,0,0,0,0,0,0,0,0,0,0,0,0,0,0,0,0,0,0,0,0,0,0,0,0,0,0,0,0,0,0,0,0,0,"","","","","",""
809,Ujjani Dam_1,Maharashtra SW,27,Maharashtra,496,Solapur,-,-,-,-,-,-,-,-,-,18.07402000,75.12002000,14-12-2023 08:00,0,0,0,0,0,0,0,0,0,0,0,0,0,0,0,0,0,0,0,0,0,0,0,0,0,0,0,0,0,0,0,0,0,0,0,0,0,0,0,0,0,0,0,0,"","","","","",""
810,Ujjani Dam_1,Maharashtra SW,27,Maharashtra,496,Solapur,-,-,-,-,-,-,-,-,-,18.07402000,75.12002000,14-12-2023 09:00,0,0,0,0,0,0,0,0,0,0,0,0,0,0,0,0,0,0,0,0,0,0,0,0,0,0,0,0,0,0,0,0,0,0,0,0,0,0,0,0,0,0,0,0,"","","","","",""
811,Ujjani Dam_1,Maharashtra SW,27,Maharashtra,496,Solapur,-,-,-,-,-,-,-,-,-,18.07402000,75.12002000,14-12-2023 10:00,0,0,0,0,0,0,0,0,0,0,0,0,0,0,0,0,0,0,0,0,0,0,0,0,0,0,0,0,0,0,0,0,0,0,0,0,0,0,0,0,0,0,0,0,"","","","","",""
812,Ujjani Dam_1,Maharashtra SW,27,Maharashtra,496,Solapur,-,-,-,-,-,-,-,-,-,18.07402000,75.12002000,14-12-2023 11:00,0,0,0,0,0,0,0,0,0,0,0,0,0,0,0,0,0,0,0,0,0,0,0,0,0,0,0,0,0,0,0,0,0,0,0,0,0,0,0,0,0,0,0,0,"","","","","",""
813,Ujjani Dam_1,Maharashtra SW,27,Maharashtra,496,Solapur,-,-,-,-,-,-,-,-,-,18.07402000,75.12002000,14-12-2023 12:00,0,0,0,0,0,0,0,0,0,0,0,0,0,0,0,0,0,0,0,0,0,0,0,0,0,0,0,0,0,0,0,0,0,0,0,0,0,0,0,0,0,0,0,0,"","","","","",""
814,Ujjani Dam_1,Maharashtra SW,27,Maharashtra,496,Solapur,-,-,-,-,-,-,-,-,-,18.07402000,75.12002000,14-12-2023 13:00,0,0,0,0,0,0,0,0,0,0,0,0,0,0,0,0,0,0,0,0,0,0,0,0,0,0,0,0,0,0,0,0,0,0,0,0,0,0,0,0,0,0,0,0,"","","","","",""
815,Ujjani Dam_1,Maharashtra SW,27,Maharashtra,496,Solapur,-,-,-,-,-,-,-,-,-,18.07402000,75.12002000,14-12-2023 15:00,0,0,0,0,0,0,0,0,0,0,0,0,0,0,0,0,0,0,0,0,0,0,0,0,0,0,0,0,0,0,0,0,0,0,0,0,0,0,0,0,0,0,0,0,"","","","","",""
816,Ujjani Dam_1,Maharashtra SW,27,Maharashtra,496,Solapur,-,-,-,-,-,-,-,-,-,18.07402000,75.12002000,14-12-2023 16:00,0,0,0,0,0,0,0,0,0,0,0,0,0,0,0,0,0,0,0,0,0,0,0,0,0,0,0,0,0,0,0,0,0,0,0,0,0,0,0,0,0,0,0,0,"","","","","",""
817,Ujjani Dam_1,Maharashtra SW,27,Maharashtra,496,Solapur,-,-,-,-,-,-,-,-,-,18.07402000,75.12002000,14-12-2023 17:00,0,0,0,0,0,0,0,0,0,0,0,0,0,0,0,0,0,0,0,0,0,0,0,0,0,0,0,0,0,0,0,0,0,0,0,0,0,0,0,0,0,0,0,0,"","","","","",""
818,Ujjani Dam_1,Maharashtra SW,27,Maharashtra,496,Solapur,-,-,-,-,-,-,-,-,-,18.07402000,75.12002000,14-12-2023 18:00,0,0,0,0,0,0,0,0,0,0,0,0,0,0,0,0,0,0,0,0,0,0,0,0,0,0,0,0,0,0,0,0,0,0,0,0,0,0,0,0,0,0,0,0,"","","","","",""
819,Ujjani Dam_1,Maharashtra SW,27,Maharashtra,496,Solapur,-,-,-,-,-,-,-,-,-,18.07402000,75.12002000,14-12-2023 19:00,0,0,0,0,0,0,0,0,0,0,0,0,0,0,0,0,0,0,0,0,0,0,0,0,0,0,0,0,0,0,0,0,0,0,0,0,0,0,0,0,0,0,0,0,"","","","","",""
820,Ujjani Dam_1,Maharashtra SW,27,Maharashtra,496,Solapur,-,-,-,-,-,-,-,-,-,18.07402000,75.12002000,14-12-2023 20:00,0,0,0,0,0,0,0,0,0,0,0,0,0,0,0,0,0,0,0,0,0,0,0,0,0,0,0,0,0,0,0,0,0,0,0,0,0,0,0,0,0,0,0,0,"","","","","",""
821,Ujjani Dam_1,Maharashtra SW,27,Maharashtra,496,Solapur,-,-,-,-,-,-,-,-,-,18.07402000,75.12002000,14-12-2023 21:00,0,0,0,0,0,0,0,0,0,0,0,0,0,0,0,0,0,0,0,0,0,0,0,0,0,0,0,0,0,0,0,0,0,0,0,0,0,0,0,0,0,0,0,0,"","","","","",""
822,Ujjani Dam_1,Maharashtra SW,27,Maharashtra,496,Solapur,-,-,-,-,-,-,-,-,-,18.07402000,75.12002000,14-12-2023 23:00,0,0,0,0,0,0,0,0,0,0,0,0,0,0,0,0,0,0,0,0,0,0,0,0,0,0,0,0,0,0,0,0,0,0,0,0,0,0,0,0,0,0,0,0,"","","","","",""
823,Ujjani Dam_1,Maharashtra SW,27,Maharashtra,496,Solapur,-,-,-,-,-,-,-,-,-,18.07402000,75.12002000,15-12-2023 00:00,0,0,0,0,0,0,0,0,0,0,0,0,0,0,0,0,0,0,0,0,0,0,0,0,0,0,0,0,0,0,0,0,0,0,0,0,0,0,0,0,0,0,0,0,"","","","","",""
824,Ujjani Dam_1,Maharashtra SW,27,Maharashtra,496,Solapur,-,-,-,-,-,-,-,-,-,18.07402000,75.12002000,15-12-2023 02:00,0,0,0,0,0,0,0,0,0,0,0,0,0,0,0,0,0,0,0,0,0,0,0,0,0,0,0,0,0,0,0,0,0,0,0,0,0,0,0,0,0,0,0,0,"","","","","",""
825,Ujjani Dam_1,Maharashtra SW,27,Maharashtra,496,Solapur,-,-,-,-,-,-,-,-,-,18.07402000,75.12002000,15-12-2023 03:00,0,0,0,0,0,0,0,0,0,0,0,0,0,0,0,0,0,0,0,0,0,0,0,0,0,0,0,0,0,0,0,0,0,0,0,0,0,0,0,0,0,0,0,0,"","","","","",""
826,Ujjani Dam_1,Maharashtra SW,27,Maharashtra,496,Solapur,-,-,-,-,-,-,-,-,-,18.07402000,75.12002000,15-12-2023 04:00,0,0,0,0,0,0,0,0,0,0,0,0,0,0,0,0,0,0,0,0,0,0,0,0,0,0,0,0,0,0,0,0,0,0,0,0,0,0,0,0,0,0,0,0,"","","","","",""
827,Ujjani Dam_1,Maharashtra SW,27,Maharashtra,496,Solapur,-,-,-,-,-,-,-,-,-,18.07402000,75.12002000,15-12-2023 05:00,0,0,0,0,0,0,0,0,0,0,0,0,0,0,0,0,0,0,0,0,0,0,0,0,0,0,0,0,0,0,0,0,0,0,0,0,0,0,0,0,0,0,0,0,"","","","","",""
828,Ujjani Dam_1,Maharashtra SW,27,Maharashtra,496,Solapur,-,-,-,-,-,-,-,-,-,18.07402000,75.12002000,15-12-2023 07:00,0,0,0,0,0,0,0,0,0,0,0,0,0,0,0,0,0,0,0,0,0,0,0,0,0,0,0,0,0,0,0,0,0,0,0,0,0,0,0,0,0,0,0,0,"","","","","",""
829,Ujjani Dam_1,Maharashtra SW,27,Maharashtra,496,Solapur,-,-,-,-,-,-,-,-,-,18.07402000,75.12002000,15-12-2023 08:00,0,0,0,0,0,0,0,0,0,0,0,0,0,0,0,0,0,0,0,0,0,0,0,0,0,0,0,0,0,0,0,0,0,0,0,0,0,0,0,0,0,0,0,0,"","","","","",""
830,Ujjani Dam_1,Maharashtra SW,27,Maharashtra,496,Solapur,-,-,-,-,-,-,-,-,-,18.07402000,75.12002000,15-12-2023 09:00,0,0,0,0,0,0,0,0,0,0,0,0,0,0,0,0,0,0,0,0,0,0,0,0,0,0,0,0,0,0,0,0,0,0,0,0,0,0,0,0,0,0,0,0,"","","","","",""
831,Ujjani Dam_1,Maharashtra SW,27,Maharashtra,496,Solapur,-,-,-,-,-,-,-,-,-,18.07402000,75.12002000,15-12-2023 10:00,0,0,0,0,0,0,0,0,0,0,0,0,0,0,0,0,0,0,0,0,0,0,0,0,0,0,0,0,0,0,0,0,0,0,0,0,0,0,0,0,0,0,0,0,"","","","","",""
832,Ujjani Dam_1,Maharashtra SW,27,Maharashtra,496,Solapur,-,-,-,-,-,-,-,-,-,18.07402000,75.12002000,15-12-2023 11:00,0,0,0,0,0,0,0,0,0,0,0,0,0,0,0,0,0,0,0,0,0,0,0,0,0,0,0,0,0,0,0,0,0,0,0,0,0,0,0,0,0,0,0,0,"","","","","",""
833,Ujjani Dam_1,Maharashtra SW,27,Maharashtra,496,Solapur,-,-,-,-,-,-,-,-,-,18.07402000,75.12002000,15-12-2023 12:00,0,0,0,0,0,0,0,0,0,0,0,0,0,0,0,0,0,0,0,0,0,0,0,0,0,0,0,0,0,0,0,0,0,0,0,0,0,0,0,0,0,0,0,0,"","","","","",""
834,Ujjani Dam_1,Maharashtra SW,27,Maharashtra,496,Solapur,-,-,-,-,-,-,-,-,-,18.07402000,75.12002000,15-12-2023 13:00,0,0,0,0,0,0,0,0,0,0,0,0,0,0,0,0,0,0,0,0,0,0,0,0,0,0,0,0,0,0,0,0,0,0,0,0,0,0,0,0,0,0,0,0,"","","","","",""
835,Ujjani Dam_1,Maharashtra SW,27,Maharashtra,496,Solapur,-,-,-,-,-,-,-,-,-,18.07402000,75.12002000,15-12-2023 15:00,0,0,0,0,0,0,0,0,0,0,0,0,0,0,0,0,0,0,0,0,0,0,0,0,0,0,0,0,0,0,0,0,0,0,0,0,0,0,0,0,0,0,0,0,"","","","","",""
836,Ujjani Dam_1,Maharashtra SW,27,Maharashtra,496,Solapur,-,-,-,-,-,-,-,-,-,18.07402000,75.12002000,15-12-2023 16:00,0,0,0,0,0,0,0,0,0,0,0,0,0,0,0,0,0,0,0,0,0,0,0,0,0,0,0,0,0,0,0,0,0,0,0,0,0,0,0,0,0,0,0,0,"","","","","",""
837,Ujjani Dam_1,Maharashtra SW,27,Maharashtra,496,Solapur,-,-,-,-,-,-,-,-,-,18.07402000,75.12002000,15-12-2023 17:00,0,0,0,0,0,0,0,0,0,0,0,0,0,0,0,0,0,0,0,0,0,0,0,0,0,0,0,0,0,0,0,0,0,0,0,0,0,0,0,0,0,0,0,0,"","","","","",""
838,Ujjani Dam_1,Maharashtra SW,27,Maharashtra,496,Solapur,-,-,-,-,-,-,-,-,-,18.07402000,75.12002000,15-12-2023 18:00,0,0,0,0,0,0,0,0,0,0,0,0,0,0,0,0,0,0,0,0,0,0,0,0,0,0,0,0,0,0,0,0,0,0,0,0,0,0,0,0,0,0,0,0,"","","","","",""
839,Ujjani Dam_1,Maharashtra SW,27,Maharashtra,496,Solapur,-,-,-,-,-,-,-,-,-,18.07402000,75.12002000,15-12-2023 19:00,0,0,0,0,0,0,0,0,0,0,0,0,0,0,0,0,0,0,0,0,0,0,0,0,0,0,0,0,0,0,0,0,0,0,0,0,0,0,0,0,0,0,0,0,"","","","","",""
840,Ujjani Dam_1,Maharashtra SW,27,Maharashtra,496,Solapur,-,-,-,-,-,-,-,-,-,18.07402000,75.12002000,15-12-2023 20:00,0,0,0,0,0,0,0,0,0,0,0,0,0,0,0,0,0,0,0,0,0,0,0,0,0,0,0,0,0,0,0,0,0,0,0,0,0,0,0,0,0,0,0,0,"","","","","",""
841,Ujjani Dam_1,Maharashtra SW,27,Maharashtra,496,Solapur,-,-,-,-,-,-,-,-,-,18.07402000,75.12002000,15-12-2023 21:00,0,0,0,0,0,0,0,0,0,0,0,0,0,0,0,0,0,0,0,0,0,0,0,0,0,0,0,0,0,0,0,0,0,0,0,0,0,0,0,0,0,0,0,0,"","","","","",""
842,Ujjani Dam_1,Maharashtra SW,27,Maharashtra,496,Solapur,-,-,-,-,-,-,-,-,-,18.07402000,75.12002000,15-12-2023 23:00,0,0,0,0,0,0,0,0,0,0,0,0,0,0,0,0,0,0,0,0,0,0,0,0,0,0,0,0,0,0,0,0,0,0,0,0,0,0,0,0,0,0,0,0,"","","","","",""
843,Ujjani Dam_1,Maharashtra SW,27,Maharashtra,496,Solapur,-,-,-,-,-,-,-,-,-,18.07402000,75.12002000,16-12-2023 00:00,0,0,0,0,0,0,0,0,0,0,0,0,0,0,0,0,0,0,0,0,0,0,0,0,0,0,0,0,0,0,0,0,0,0,0,0,0,0,0,0,0,0,0,0,"","","","","",""
844,Ujjani Dam_1,Maharashtra SW,27,Maharashtra,496,Solapur,-,-,-,-,-,-,-,-,-,18.07402000,75.12002000,16-12-2023 01:00,0,0,0,0,0,0,0,0,0,0,0,0,0,0,0,0,0,0,0,0,0,0,0,0,0,0,0,0,0,0,0,0,0,0,0,0,0,0,0,0,0,0,0,0,"","","","","",""
845,Ujjani Dam_1,Maharashtra SW,27,Maharashtra,496,Solapur,-,-,-,-,-,-,-,-,-,18.07402000,75.12002000,16-12-2023 02:00,0,0,0,0,0,0,0,0,0,0,0,0,0,0,0,0,0,0,0,0,0,0,0,0,0,0,0,0,0,0,0,0,0,0,0,0,0,0,0,0,0,0,0,0,"","","","","",""
846,Ujjani Dam_1,Maharashtra SW,27,Maharashtra,496,Solapur,-,-,-,-,-,-,-,-,-,18.07402000,75.12002000,16-12-2023 03:00,0,0,0,0,0,0,0,0,0,0,0,0,0,0,0,0,0,0,0,0,0,0,0,0,0,0,0,0,0,0,0,0,0,0,0,0,0,0,0,0,0,0,0,0,"","","","","",""
847,Ujjani Dam_1,Maharashtra SW,27,Maharashtra,496,Solapur,-,-,-,-,-,-,-,-,-,18.07402000,75.12002000,16-12-2023 04:00,0,0,0,0,0,0,0,0,0,0,0,0,0,0,0,0,0,0,0,0,0,0,0,0,0,0,0,0,0,0,0,0,0,0,0,0,0,0,0,0,0,0,0,0,"","","","","",""
848,Ujjani Dam_1,Maharashtra SW,27,Maharashtra,496,Solapur,-,-,-,-,-,-,-,-,-,18.07402000,75.12002000,16-12-2023 05:00,0,0,0,0,0,0,0,0,0,0,0,0,0,0,0,0,0,0,0,0,0,0,0,0,0,0,0,0,0,0,0,0,0,0,0,0,0,0,0,0,0,0,0,0,"","","","","",""
849,Ujjani Dam_1,Maharashtra SW,27,Maharashtra,496,Solapur,-,-,-,-,-,-,-,-,-,18.07402000,75.12002000,16-12-2023 07:00,0,0,0,0,0,0,0,0,0,0,0,0,0,0,0,0,0,0,0,0,0,0,0,0,0,0,0,0,0,0,0,0,0,0,0,0,0,0,0,0,0,0,0,0,"","","","","",""
850,Ujjani Dam_1,Maharashtra SW,27,Maharashtra,496,Solapur,-,-,-,-,-,-,-,-,-,18.07402000,75.12002000,16-12-2023 08:00,0,0,0,0,0,0,0,0,0,0,0,0,0,0,0,0,0,0,0,0,0,0,0,0,0,0,0,0,0,0,0,0,0,0,0,0,0,0,0,0,0,0,0,0,"","","","","",""
851,Ujjani Dam_1,Maharashtra SW,27,Maharashtra,496,Solapur,-,-,-,-,-,-,-,-,-,18.07402000,75.12002000,16-12-2023 09:00,0,0,0,0,0,0,0,0,0,0,0,0,0,0,0,0,0,0,0,0,0,0,0,0,0,0,0,0,0,0,0,0,0,0,0,0,0,0,0,0,0,0,0,0,"","","","","",""
852,Ujjani Dam_1,Maharashtra SW,27,Maharashtra,496,Solapur,-,-,-,-,-,-,-,-,-,18.07402000,75.12002000,16-12-2023 10:00,0,0,0,0,0,0,0,0,0,0,0,0,0,0,0,0,0,0,0,0,0,0,0,0,0,0,0,0,0,0,0,0,0,0,0,0,0,0,0,0,0,0,0,0,"","","","","",""
853,Ujjani Dam_1,Maharashtra SW,27,Maharashtra,496,Solapur,-,-,-,-,-,-,-,-,-,18.07402000,75.12002000,16-12-2023 11:00,0,0,0,0,0,0,0,0,0,0,0,0,0,0,0,0,0,0,0,0,0,0,0,0,0,0,0,0,0,0,0,0,0,0,0,0,0,0,0,0,0,0,0,0,"","","","","",""
854,Ujjani Dam_1,Maharashtra SW,27,Maharashtra,496,Solapur,-,-,-,-,-,-,-,-,-,18.07402000,75.12002000,16-12-2023 12:00,0,0,0,0,0,0,0,0,0,0,0,0,0,0,0,0,0,0,0,0,0,0,0,0,0,0,0,0,0,0,0,0,0,0,0,0,0,0,0,0,0,0,0,0,"","","","","",""
855,Ujjani Dam_1,Maharashtra SW,27,Maharashtra,496,Solapur,-,-,-,-,-,-,-,-,-,18.07402000,75.12002000,16-12-2023 13:00,0,0,0,0,0,0,0,0,0,0,0,0,0,0,0,0,0,0,0,0,0,0,0,0,0,0,0,0,0,0,0,0,0,0,0,0,0,0,0,0,0,0,0,0,"","","","","",""
856,Ujjani Dam_1,Maharashtra SW,27,Maharashtra,496,Solapur,-,-,-,-,-,-,-,-,-,18.07402000,75.12002000,16-12-2023 15:00,0,0,0,0,0,0,0,0,0,0,0,0,0,0,0,0,0,0,0,0,0,0,0,0,0,0,0,0,0,0,0,0,0,0,0,0,0,0,0,0,0,0,0,0,"","","","","",""
857,Ujjani Dam_1,Maharashtra SW,27,Maharashtra,496,Solapur,-,-,-,-,-,-,-,-,-,18.07402000,75.12002000,16-12-2023 16:00,0,0,0,0,0,0,0,0,0,0,0,0,0,0,0,0,0,0,0,0,0,0,0,0,0,0,0,0,0,0,0,0,0,0,0,0,0,0,0,0,0,0,0,0,"","","","","",""
858,Ujjani Dam_1,Maharashtra SW,27,Maharashtra,496,Solapur,-,-,-,-,-,-,-,-,-,18.07402000,75.12002000,16-12-2023 17:00,0,0,0,0,0,0,0,0,0,0,0,0,0,0,0,0,0,0,0,0,0,0,0,0,0,0,0,0,0,0,0,0,0,0,0,0,0,0,0,0,0,0,0,0,"","","","","",""
859,Ujjani Dam_1,Maharashtra SW,27,Maharashtra,496,Solapur,-,-,-,-,-,-,-,-,-,18.07402000,75.12002000,16-12-2023 18:00,0,0,0,0,0,0,0,0,0,0,0,0,0,0,0,0,0,0,0,0,0,0,0,0,0,0,0,0,0,0,0,0,0,0,0,0,0,0,0,0,0,0,0,0,"","","","","",""
860,Ujjani Dam_1,Maharashtra SW,27,Maharashtra,496,Solapur,-,-,-,-,-,-,-,-,-,18.07402000,75.12002000,16-12-2023 19:00,0,0,0,0,0,0,0,0,0,0,0,0,0,0,0,0,0,0,0,0,0,0,0,0,0,0,0,0,0,0,0,0,0,0,0,0,0,0,0,0,0,0,0,0,"","","","","",""
861,Ujjani Dam_1,Maharashtra SW,27,Maharashtra,496,Solapur,-,-,-,-,-,-,-,-,-,18.07402000,75.12002000,16-12-2023 20:00,0,0,0,0,0,0,0,0,0,0,0,0,0,0,0,0,0,0,0,0,0,0,0,0,0,0,0,0,0,0,0,0,0,0,0,0,0,0,0,0,0,0,0,0,"","","","","",""
862,Ujjani Dam_1,Maharashtra SW,27,Maharashtra,496,Solapur,-,-,-,-,-,-,-,-,-,18.07402000,75.12002000,16-12-2023 21:00,0,0,0,0,0,0,0,0,0,0,0,0,0,0,0,0,0,0,0,0,0,0,0,0,0,0,0,0,0,0,0,0,0,0,0,0,0,0,0,0,0,0,0,0,"","","","","",""
863,Ujjani Dam_1,Maharashtra SW,27,Maharashtra,496,Solapur,-,-,-,-,-,-,-,-,-,18.07402000,75.12002000,16-12-2023 23:00,0,0,0,0,0,0,0,0,0,0,0,0,0,0,0,0,0,0,0,0,0,0,0,0,0,0,0,0,0,0,0,0,0,0,0,0,0,0,0,0,0,0,0,0,"","","","","",""
864,Ujjani Dam_1,Maharashtra SW,27,Maharashtra,496,Solapur,-,-,-,-,-,-,-,-,-,18.07402000,75.12002000,17-12-2023 00:00,0,0,0,0,0,0,0,0,0,0,0,0,0,0,0,0,0,0,0,0,0,0,0,0,0,0,0,0,0,0,0,0,0,0,0,0,0,0,0,0,0,0,0,0,"","","","","",""
865,Ujjani Dam_1,Maharashtra SW,27,Maharashtra,496,Solapur,-,-,-,-,-,-,-,-,-,18.07402000,75.12002000,17-12-2023 01:00,0,0,0,0,0,0,0,0,0,0,0,0,0,0,0,0,0,0,0,0,0,0,0,0,0,0,0,0,0,0,0,0,0,0,0,0,0,0,0,0,0,0,0,0,"","","","","",""
866,Ujjani Dam_1,Maharashtra SW,27,Maharashtra,496,Solapur,-,-,-,-,-,-,-,-,-,18.07402000,75.12002000,17-12-2023 02:00,0,0,0,0,0,0,0,0,0,0,0,0,0,0,0,0,0,0,0,0,0,0,0,0,0,0,0,0,0,0,0,0,0,0,0,0,0,0,0,0,0,0,0,0,"","","","","",""
867,Ujjani Dam_1,Maharashtra SW,27,Maharashtra,496,Solapur,-,-,-,-,-,-,-,-,-,18.07402000,75.12002000,17-12-2023 03:00,0,0,0,0,0,0,0,0,0,0,0,0,0,0,0,0,0,0,0,0,0,0,0,0,0,0,0,0,0,0,0,0,0,0,0,0,0,0,0,0,0,0,0,0,"","","","","",""
868,Ujjani Dam_1,Maharashtra SW,27,Maharashtra,496,Solapur,-,-,-,-,-,-,-,-,-,18.07402000,75.12002000,17-12-2023 04:00,0,0,0,0,0,0,0,0,0,0,0,0,0,0,0,0,0,0,0,0,0,0,0,0,0,0,0,0,0,0,0,0,0,0,0,0,0,0,0,0,0,0,0,0,"","","","","",""
869,Ujjani Dam_1,Maharashtra SW,27,Maharashtra,496,Solapur,-,-,-,-,-,-,-,-,-,18.07402000,75.12002000,17-12-2023 06:00,0,0,0,0,0,0,0,0,0,0,0,0,0,0,0,0,0,0,0,0,0,0,0,0,0,0,0,0,0,0,0,0,0,0,0,0,0,0,0,0,0,0,0,0,"","","","","",""
870,Ujjani Dam_1,Maharashtra SW,27,Maharashtra,496,Solapur,-,-,-,-,-,-,-,-,-,18.07402000,75.12002000,17-12-2023 07:00,0,0,0,0,0,0,0,0,0,0,0,0,0,0,0,0,0,0,0,0,0,0,0,0,0,0,0,0,0,0,0,0,0,0,0,0,0,0,0,0,0,0,0,0,"","","","","",""
871,Ujjani Dam_1,Maharashtra SW,27,Maharashtra,496,Solapur,-,-,-,-,-,-,-,-,-,18.07402000,75.12002000,17-12-2023 08:00,0,0,0,0,0,0,0,0,0,0,0,0,0,0,0,0,0,0,0,0,0,0,0,0,0,0,0,0,0,0,0,0,0,0,0,0,0,0,0,0,0,0,0,0,"","","","","",""
872,Ujjani Dam_1,Maharashtra SW,27,Maharashtra,496,Solapur,-,-,-,-,-,-,-,-,-,18.07402000,75.12002000,17-12-2023 09:00,0,0,0,0,0,0,0,0,0,0,0,0,0,0,0,0,0,0,0,0,0,0,0,0,0,0,0,0,0,0,0,0,0,0,0,0,0,0,0,0,0,0,0,0,"","","","","",""
873,Ujjani Dam_1,Maharashtra SW,27,Maharashtra,496,Solapur,-,-,-,-,-,-,-,-,-,18.07402000,75.12002000,17-12-2023 10:00,0,0,0,0,0,0,0,0,0,0,0,0,0,0,0,0,0,0,0,0,0,0,0,0,0,0,0,0,0,0,0,0,0,0,0,0,0,0,0,0,0,0,0,0,"","","","","",""
874,Ujjani Dam_1,Maharashtra SW,27,Maharashtra,496,Solapur,-,-,-,-,-,-,-,-,-,18.07402000,75.12002000,17-12-2023 11:00,0,0,0,0,0,0,0,0,0,0,0,0,0,0,0,0,0,0,0,0,0,0,0,0,0,0,0,0,0,0,0,0,0,0,0,0,0,0,0,0,0,0,0,0,"","","","","",""
875,Ujjani Dam_1,Maharashtra SW,27,Maharashtra,496,Solapur,-,-,-,-,-,-,-,-,-,18.07402000,75.12002000,17-12-2023 12:00,0,0,0,0,0,0,0,0,0,0,0,0,0,0,0,0,0,0,0,0,0,0,0,0,0,0,0,0,0,0,0,0,0,0,0,0,0,0,0,0,0,0,0,0,"","","","","",""
876,Ujjani Dam_1,Maharashtra SW,27,Maharashtra,496,Solapur,-,-,-,-,-,-,-,-,-,18.07402000,75.12002000,17-12-2023 14:00,0,0,0,0,0,0,0,0,0,0,0,0,0,0,0,0,0,0,0,0,0,0,0,0,0,0,0,0,0,0,0,0,0,0,0,0,0,0,0,0,0,0,0,0,"","","","","",""
877,Ujjani Dam_1,Maharashtra SW,27,Maharashtra,496,Solapur,-,-,-,-,-,-,-,-,-,18.07402000,75.12002000,17-12-2023 15:00,0,0,0,0,0,0,0,0,0,0,0,0,0,0,0,0,0,0,0,0,0,0,0,0,0,0,0,0,0,0,0,0,0,0,0,0,0,0,0,0,0,0,0,0,"","","","","",""
878,Ujjani Dam_1,Maharashtra SW,27,Maharashtra,496,Solapur,-,-,-,-,-,-,-,-,-,18.07402000,75.12002000,17-12-2023 16:00,0,0,0,0,0,0,0,0,0,0,0,0,0,0,0,0,0,0,0,0,0,0,0,0,0,0,0,0,0,0,0,0,0,0,0,0,0,0,0,0,0,0,0,0,"","","","","",""
879,Ujjani Dam_1,Maharashtra SW,27,Maharashtra,496,Solapur,-,-,-,-,-,-,-,-,-,18.07402000,75.12002000,17-12-2023 17:00,0,0,0,0,0,0,0,0,0,0,0,0,0,0,0,0,0,0,0,0,0,0,0,0,0,0,0,0,0,0,0,0,0,0,0,0,0,0,0,0,0,0,0,0,"","","","","",""
880,Ujjani Dam_1,Maharashtra SW,27,Maharashtra,496,Solapur,-,-,-,-,-,-,-,-,-,18.07402000,75.12002000,17-12-2023 18:00,0,0,0,0,0,0,0,0,0,0,0,0,0,0,0,0,0,0,0,0,0,0,0,0,0,0,0,0,0,0,0,0,0,0,0,0,0,0,0,0,0,0,0,0,"","","","","",""
881,Ujjani Dam_1,Maharashtra SW,27,Maharashtra,496,Solapur,-,-,-,-,-,-,-,-,-,18.07402000,75.12002000,17-12-2023 19:00,0,0,0,0,0,0,0,0,0,0,0,0,0,0,0,0,0,0,0,0,0,0,0,0,0,0,0,0,0,0,0,0,0,0,0,0,0,0,0,0,0,0,0,0,"","","","","",""
882,Ujjani Dam_1,Maharashtra SW,27,Maharashtra,496,Solapur,-,-,-,-,-,-,-,-,-,18.07402000,75.12002000,17-12-2023 20:00,0,0,0,0,0,0,0,0,0,0,0,0,0,0,0,0,0,0,0,0,0,0,0,0,0,0,0,0,0,0,0,0,0,0,0,0,0,0,0,0,0,0,0,0,"","","","","",""
883,Ujjani Dam_1,Maharashtra SW,27,Maharashtra,496,Solapur,-,-,-,-,-,-,-,-,-,18.07402000,75.12002000,17-12-2023 22:00,0,0,0,0,0,0,0,0,0,0,0,0,0,0,0,0,0,0,0,0,0,0,0,0,0,0,0,0,0,0,0,0,0,0,0,0,0,0,0,0,0,0,0,0,"","","","","",""
884,Ujjani Dam_1,Maharashtra SW,27,Maharashtra,496,Solapur,-,-,-,-,-,-,-,-,-,18.07402000,75.12002000,17-12-2023 23:00,0,0,0,0,0,0,0,0,0,0,0,0,0,0,0,0,0,0,0,0,0,0,0,0,0,0,0,0,0,0,0,0,0,0,0,0,0,0,0,0,0,0,0,0,"","","","","",""
885,Ujjani Dam_1,Maharashtra SW,27,Maharashtra,496,Solapur,-,-,-,-,-,-,-,-,-,18.07402000,75.12002000,18-12-2023 00:00,0,0,0,0,0,0,0,0,0,0,0,0,0,0,0,0,0,0,0,0,0,0,0,0,0,0,0,0,0,0,0,0,0,0,0,0,0,0,0,0,0,0,0,0,"","","","","",""
886,Ujjani Dam_1,Maharashtra SW,27,Maharashtra,496,Solapur,-,-,-,-,-,-,-,-,-,18.07402000,75.12002000,18-12-2023 01:00,0,0,0,0,0,0,0,0,0,0,0,0,0,0,0,0,0,0,0,0,0,0,0,0,0,0,0,0,0,0,0,0,0,0,0,0,0,0,0,0,0,0,0,0,"","","","","",""
887,Ujjani Dam_1,Maharashtra SW,27,Maharashtra,496,Solapur,-,-,-,-,-,-,-,-,-,18.07402000,75.12002000,18-12-2023 02:00,0,0,0,0,0,0,0,0,0,0,0,0,0,0,0,0,0,0,0,0,0,0,0,0,0,0,0,0,0,0,0,0,0,0,0,0,0,0,0,0,0,0,0,0,"","","","","",""
888,Ujjani Dam_1,Maharashtra SW,27,Maharashtra,496,Solapur,-,-,-,-,-,-,-,-,-,18.07402000,75.12002000,18-12-2023 03:00,0,0,0,0,0,0,0,0,0,0,0,0,0,0,0,0,0,0,0,0,0,0,0,0,0,0,0,0,0,0,0,0,0,0,0,0,0,0,0,0,0,0,0,0,"","","","","",""
889,Ujjani Dam_1,Maharashtra SW,27,Maharashtra,496,Solapur,-,-,-,-,-,-,-,-,-,18.07402000,75.12002000,18-12-2023 04:00,0,0,0,0,0,0,0,0,0,0,0,0,0,0,0,0,0,0,0,0,0,0,0,0,0,0,0,0,0,0,0,0,0,0,0,0,0,0,0,0,0,0,0,0,"","","","","",""
890,Ujjani Dam_1,Maharashtra SW,27,Maharashtra,496,Solapur,-,-,-,-,-,-,-,-,-,18.07402000,75.12002000,18-12-2023 06:00,0,0,0,0,0,0,0,0,0,0,0,0,0,0,0,0,0,0,0,0,0,0,0,0,0,0,0,0,0,0,0,0,0,0,0,0,0,0,0,0,0,0,0,0,"","","","","",""
891,Ujjani Dam_1,Maharashtra SW,27,Maharashtra,496,Solapur,-,-,-,-,-,-,-,-,-,18.07402000,75.12002000,18-12-2023 07:00,0,0,0,0,0,0,0,0,0,0,0,0,0,0,0,0,0,0,0,0,0,0,0,0,0,0,0,0,0,0,0,0,0,0,0,0,0,0,0,0,0,0,0,0,"","","","","",""
892,Ujjani Dam_1,Maharashtra SW,27,Maharashtra,496,Solapur,-,-,-,-,-,-,-,-,-,18.07402000,75.12002000,18-12-2023 08:00,0,0,0,0,0,0,0,0,0,0,0,0,0,0,0,0,0,0,0,0,0,0,0,0,0,0,0,0,0,0,0,0,0,0,0,0,0,0,0,0,0,0,0,0,"","","","","",""
893,Ujjani Dam_1,Maharashtra SW,27,Maharashtra,496,Solapur,-,-,-,-,-,-,-,-,-,18.07402000,75.12002000,18-12-2023 09:00,0,0,0,0,0,0,0,0,0,0,0,0,0,0,0,0,0,0,0,0,0,0,0,0,0,0,0,0,0,0,0,0,0,0,0,0,0,0,0,0,0,0,0,0,"","","","","",""
894,Ujjani Dam_1,Maharashtra SW,27,Maharashtra,496,Solapur,-,-,-,-,-,-,-,-,-,18.07402000,75.12002000,18-12-2023 10:00,0,0,0,0,0,0,0,0,0,0,0,0,0,0,0,0,0,0,0,0,0,0,0,0,0,0,0,0,0,0,0,0,0,0,0,0,0,0,0,0,0,0,0,0,"","","","","",""
895,Ujjani Dam_1,Maharashtra SW,27,Maharashtra,496,Solapur,-,-,-,-,-,-,-,-,-,18.07402000,75.12002000,18-12-2023 11:00,0,0,0,0,0,0,0,0,0,0,0,0,0,0,0,0,0,0,0,0,0,0,0,0,0,0,0,0,0,0,0,0,0,0,0,0,0,0,0,0,0,0,0,0,"","","","","",""
896,Ujjani Dam_1,Maharashtra SW,27,Maharashtra,496,Solapur,-,-,-,-,-,-,-,-,-,18.07402000,75.12002000,18-12-2023 12:00,0,0,0,0,0,0,0,0,0,0,0,0,0,0,0,0,0,0,0,0,0,0,0,0,0,0,0,0,0,0,0,0,0,0,0,0,0,0,0,0,0,0,0,0,"","","","","",""
897,Ujjani Dam_1,Maharashtra SW,27,Maharashtra,496,Solapur,-,-,-,-,-,-,-,-,-,18.07402000,75.12002000,18-12-2023 14:00,0,0,0,0,0,0,0,0,0,0,0,0,0,0,0,0,0,0,0,0,0,0,0,0,0,0,0,0,0,0,0,0,0,0,0,0,0,0,0,0,0,0,0,0,"","","","","",""
898,Ujjani Dam_1,Maharashtra SW,27,Maharashtra,496,Solapur,-,-,-,-,-,-,-,-,-,18.07402000,75.12002000,18-12-2023 15:00,0,0,0,0,0,0,0,0,0,0,0,0,0,0,0,0,0,0,0,0,0,0,0,0,0,0,0,0,0,0,0,0,0,0,0,0,0,0,0,0,0,0,0,0,"","","","","",""
899,Ujjani Dam_1,Maharashtra SW,27,Maharashtra,496,Solapur,-,-,-,-,-,-,-,-,-,18.07402000,75.12002000,18-12-2023 16:00,0,0,0,0,0,0,0,0,0,0,0,0,0,0,0,0,0,0,0,0,0,0,0,0,0,0,0,0,0,0,0,0,0,0,0,0,0,0,0,0,0,0,0,0,"","","","","",""
900,Ujjani Dam_1,Maharashtra SW,27,Maharashtra,496,Solapur,-,-,-,-,-,-,-,-,-,18.07402000,75.12002000,18-12-2023 17:00,0,0,0,0,0,0,0,0,0,0,0,0,0,0,0,0,0,0,0,0,0,0,0,0,0,0,0,0,0,0,0,0,0,0,0,0,0,0,0,0,0,0,0,0,"","","","","",""
901,Ujjani Dam_1,Maharashtra SW,27,Maharashtra,496,Solapur,-,-,-,-,-,-,-,-,-,18.07402000,75.12002000,18-12-2023 18:00,0,0,0,0,0,0,0,0,0,0,0,0,0,0,0,0,0,0,0,0,0,0,0,0,0,0,0,0,0,0,0,0,0,0,0,0,0,0,0,0,0,0,0,0,"","","","","",""
902,Ujjani Dam_1,Maharashtra SW,27,Maharashtra,496,Solapur,-,-,-,-,-,-,-,-,-,18.07402000,75.12002000,18-12-2023 19:00,0,0,0,0,0,0,0,0,0,0,0,0,0,0,0,0,0,0,0,0,0,0,0,0,0,0,0,0,0,0,0,0,0,0,0,0,0,0,0,0,0,0,0,0,"","","","","",""
903,Ujjani Dam_1,Maharashtra SW,27,Maharashtra,496,Solapur,-,-,-,-,-,-,-,-,-,18.07402000,75.12002000,18-12-2023 20:00,0,0,0,0,0,0,0,0,0,0,0,0,0,0,0,0,0,0,0,0,0,0,0,0,0,0,0,0,0,0,0,0,0,0,0,0,0,0,0,0,0,0,0,0,"","","","","",""
904,Ujjani Dam_1,Maharashtra SW,27,Maharashtra,496,Solapur,-,-,-,-,-,-,-,-,-,18.07402000,75.12002000,18-12-2023 22:00,0,0,0,0,0,0,0,0,0,0,0,0,0,0,0,0,0,0,0,0,0,0,0,0,0,0,0,0,0,0,0,0,0,0,0,0,0,0,0,0,0,0,0,0,"","","","","",""
905,Ujjani Dam_1,Maharashtra SW,27,Maharashtra,496,Solapur,-,-,-,-,-,-,-,-,-,18.07402000,75.12002000,18-12-2023 23:00,0,0,0,0,0,0,0,0,0,0,0,0,0,0,0,0,0,0,0,0,0,0,0,0,0,0,0,0,0,0,0,0,0,0,0,0,0,0,0,0,0,0,0,0,"","","","","",""
906,Ujjani Dam_1,Maharashtra SW,27,Maharashtra,496,Solapur,-,-,-,-,-,-,-,-,-,18.07402000,75.12002000,19-12-2023 00:00,0,0,0,0,0,0,0,0,0,0,0,0,0,0,0,0,0,0,0,0,0,0,0,0,0,0,0,0,0,0,0,0,0,0,0,0,0,0,0,0,0,0,0,0,"","","","","",""
907,Ujjani Dam_1,Maharashtra SW,27,Maharashtra,496,Solapur,-,-,-,-,-,-,-,-,-,18.07402000,75.12002000,19-12-2023 01:00,0,0,0,0,0,0,0,0,0,0,0,0,0,0,0,0,0,0,0,0,0,0,0,0,0,0,0,0,0,0,0,0,0,0,0,0,0,0,0,0,0,0,0,0,"","","","","",""
908,Ujjani Dam_1,Maharashtra SW,27,Maharashtra,496,Solapur,-,-,-,-,-,-,-,-,-,18.07402000,75.12002000,19-12-2023 02:00,0,0,0,0,0,0,0,0,0,0,0,0,0,0,0,0,0,0,0,0,0,0,0,0,0,0,0,0,0,0,0,0,0,0,0,0,0,0,0,0,0,0,0,0,"","","","","",""
909,Ujjani Dam_1,Maharashtra SW,27,Maharashtra,496,Solapur,-,-,-,-,-,-,-,-,-,18.07402000,75.12002000,19-12-2023 03:00,0,0,0,0,0,0,0,0,0,0,0,0,0,0,0,0,0,0,0,0,0,0,0,0,0,0,0,0,0,0,0,0,0,0,0,0,0,0,0,0,0,0,0,0,"","","","","",""
910,Ujjani Dam_1,Maharashtra SW,27,Maharashtra,496,Solapur,-,-,-,-,-,-,-,-,-,18.07402000,75.12002000,19-12-2023 04:00,0,0,0,0,0,0,0,0,0,0,0,0,0,0,0,0,0,0,0,0,0,0,0,0,0,0,0,0,0,0,0,0,0,0,0,0,0,0,0,0,0,0,0,0,"","","","","",""
911,Ujjani Dam_1,Maharashtra SW,27,Maharashtra,496,Solapur,-,-,-,-,-,-,-,-,-,18.07402000,75.12002000,19-12-2023 06:00,0,0,0,0,0,0,0,0,0,0,0,0,0,0,0,0,0,0,0,0,0,0,0,0,0,0,0,0,0,0,0,0,0,0,0,0,0,0,0,0,0,0,0,0,"","","","","",""
912,Ujjani Dam_1,Maharashtra SW,27,Maharashtra,496,Solapur,-,-,-,-,-,-,-,-,-,18.07402000,75.12002000,19-12-2023 07:00,0,0,0,0,0,0,0,0,0,0,0,0,0,0,0,0,0,0,0,0,0,0,0,0,0,0,0,0,0,0,0,0,0,0,0,0,0,0,0,0,0,0,0,0,"","","","","",""
913,Ujjani Dam_1,Maharashtra SW,27,Maharashtra,496,Solapur,-,-,-,-,-,-,-,-,-,18.07402000,75.12002000,19-12-2023 08:00,0,0,0,0,0,0,0,0,"",0,0,0,0,0,0,0,0,"",0,0,0,0,0,0,0,0,"",0,0,0,0,0,0,0,0,"",0,0,0,0,0,0,0,0,"","","","","",""
914,Ujjani Dam_1,Maharashtra SW,27,Maharashtra,496,Solapur,-,-,-,-,-,-,-,-,-,18.07402000,75.12002000,19-12-2023 09:00,0,0,0,0,0,0,0,0,0,0,0,0,0,0,0,0,0,0,0,0,0,0,0,0,0,0,0,0,0,0,0,0,0,0,0,0,0,0,0,0,0,0,0,0,"","","","","",""
915,Ujjani Dam_1,Maharashtra SW,27,Maharashtra,496,Solapur,-,-,-,-,-,-,-,-,-,18.07402000,75.12002000,19-12-2023 10:00,0,0,0,0,0,0,0,0,0,0,0,0,0,0,0,0,0,0,0,0,0,0,0,0,0,0,0,0,0,0,0,0,0,0,0,0,0,0,0,0,0,0,0,0,"","","","","",""
916,Ujjani Dam_1,Maharashtra SW,27,Maharashtra,496,Solapur,-,-,-,-,-,-,-,-,-,18.07402000,75.12002000,19-12-2023 11:00,0,0,0,0,0,0,0,0,0,0,0,0,0,0,0,0,0,0,0,0,0,0,0,0,0,0,0,0,0,0,0,0,0,0,0,0,0,0,0,0,0,0,0,0,"","","","","",""
917,Ujjani Dam_1,Maharashtra SW,27,Maharashtra,496,Solapur,-,-,-,-,-,-,-,-,-,18.07402000,75.12002000,19-12-2023 12:00,0,0,0,0,0,0,0,0,0,0,0,0,0,0,0,0,0,0,0,0,0,0,0,0,0,0,0,0,0,0,0,0,0,0,0,0,0,0,0,0,0,0,0,0,"","","","","",""
918,Ujjani Dam_1,Maharashtra SW,27,Maharashtra,496,Solapur,-,-,-,-,-,-,-,-,-,18.07402000,75.12002000,19-12-2023 14:00,0,0,0,0,0,0,0,0,0,0,0,0,0,0,0,0,0,0,0,0,0,0,0,0,0,0,0,0,0,0,0,0,0,0,0,0,0,0,0,0,0,0,0,0,"","","","","",""
919,Ujjani Dam_1,Maharashtra SW,27,Maharashtra,496,Solapur,-,-,-,-,-,-,-,-,-,18.07402000,75.12002000,19-12-2023 15:00,0,0,0,0,0,0,0,0,0,0,0,0,0,0,0,0,0,0,0,0,0,0,0,0,0,0,0,0,0,0,0,0,0,0,0,0,0,0,0,0,0,0,0,0,"","","","","",""
920,Ujjani Dam_1,Maharashtra SW,27,Maharashtra,496,Solapur,-,-,-,-,-,-,-,-,-,18.07402000,75.12002000,19-12-2023 16:00,0,0,0,0,0,0,0,0,0,0,0,0,0,0,0,0,0,0,0,0,0,0,0,0,0,0,0,0,0,0,0,0,0,0,0,0,0,0,0,0,0,0,0,0,"","","","","",""
921,Ujjani Dam_1,Maharashtra SW,27,Maharashtra,496,Solapur,-,-,-,-,-,-,-,-,-,18.07402000,75.12002000,19-12-2023 17:00,0,0,0,0,0,0,0,0,0,0,0,0,0,0,0,0,0,0,0,0,0,0,0,0,0,0,0,0,0,0,0,0,0,0,0,0,0,0,0,0,0,0,0,0,"","","","","",""
922,Ujjani Dam_1,Maharashtra SW,27,Maharashtra,496,Solapur,-,-,-,-,-,-,-,-,-,18.07402000,75.12002000,19-12-2023 18:00,0,0,0,0,0,0,0,0,0,0,0,0,0,0,0,0,0,0,0,0,0,0,0,0,0,0,0,0,0,0,0,0,0,0,0,0,0,0,0,0,0,0,0,0,"","","","","",""
923,Ujjani Dam_1,Maharashtra SW,27,Maharashtra,496,Solapur,-,-,-,-,-,-,-,-,-,18.07402000,75.12002000,19-12-2023 19:00,0,0,0,0,0,0,0,0,0,0,0,0,0,0,0,0,0,0,0,0,0,0,0,0,0,0,0,0,0,0,0,0,0,0,0,0,0,0,0,0,0,0,0,0,"","","","","",""
924,Ujjani Dam_1,Maharashtra SW,27,Maharashtra,496,Solapur,-,-,-,-,-,-,-,-,-,18.07402000,75.12002000,19-12-2023 20:00,0,0,0,0,0,0,0,0,0,0,0,0,0,0,0,0,0,0,0,0,0,0,0,0,0,0,0,0,0,0,0,0,0,0,0,0,0,0,0,0,0,0,0,0,"","","","","",""
925,Ujjani Dam_1,Maharashtra SW,27,Maharashtra,496,Solapur,-,-,-,-,-,-,-,-,-,18.07402000,75.12002000,19-12-2023 22:00,0,0,0,0,0,0,0,0,0,0,0,0,0,0,0,0,0,0,0,0,0,0,0,0,0,0,0,0,0,0,0,0,0,0,0,0,0,0,0,0,0,0,0,0,"","","","","",""
926,Ujjani Dam_1,Maharashtra SW,27,Maharashtra,496,Solapur,-,-,-,-,-,-,-,-,-,18.07402000,75.12002000,19-12-2023 23:00,0,0,0,0,0,0,0,0,0,0,0,0,0,0,0,0,0,0,0,0,0,0,0,0,0,0,0,0,0,0,0,0,0,0,0,0,0,0,0,0,0,0,0,0,"","","","","",""
927,Ujjani Dam_1,Maharashtra SW,27,Maharashtra,496,Solapur,-,-,-,-,-,-,-,-,-,18.07402000,75.12002000,20-12-2023 00:00,0,0,0,0,0,0,0,0,0,0,0,0,0,0,0,0,0,0,0,0,0,0,0,0,0,0,0,0,0,0,0,0,0,0,0,0,0,0,0,0,0,0,0,0,"","","","","",""
928,Ujjani Dam_1,Maharashtra SW,27,Maharashtra,496,Solapur,-,-,-,-,-,-,-,-,-,18.07402000,75.12002000,20-12-2023 01:00,0,0,0,0,0,0,0,0,0,0,0,0,0,0,0,0,0,0,0,0,0,0,0,0,0,0,0,0,0,0,0,0,0,0,0,0,0,0,0,0,0,0,0,0,"","","","","",""
929,Ujjani Dam_1,Maharashtra SW,27,Maharashtra,496,Solapur,-,-,-,-,-,-,-,-,-,18.07402000,75.12002000,20-12-2023 02:00,0,0,0,0,0,0,0,0,0,0,0,0,0,0,0,0,0,0,0,0,0,0,0,0,0,0,0,0,0,0,0,0,0,0,0,0,0,0,0,0,0,0,0,0,"","","","","",""
930,Ujjani Dam_1,Maharashtra SW,27,Maharashtra,496,Solapur,-,-,-,-,-,-,-,-,-,18.07402000,75.12002000,20-12-2023 03:00,0,0,0,0,0,0,0,0,0,0,0,0,0,0,0,0,0,0,0,0,0,0,0,0,0,0,0,0,0,0,0,0,0,0,0,0,0,0,0,0,0,0,0,0,"","","","","",""
931,Ujjani Dam_1,Maharashtra SW,27,Maharashtra,496,Solapur,-,-,-,-,-,-,-,-,-,18.07402000,75.12002000,20-12-2023 04:00,0,0,0,0,0,0,0,0,0,0,0,0,0,0,0,0,0,0,0,0,0,0,0,0,0,0,0,0,0,0,0,0,0,0,0,0,0,0,0,0,0,0,0,0,"","","","","",""
932,Ujjani Dam_1,Maharashtra SW,27,Maharashtra,496,Solapur,-,-,-,-,-,-,-,-,-,18.07402000,75.12002000,20-12-2023 05:00,0,0,0,0,0,0,0,0,0,0,0,0,0,0,0,0,0,0,0,0,0,0,0,0,0,0,0,0,0,0,0,0,0,0,0,0,0,0,0,0,0,0,0,0,"","","","","",""
933,Ujjani Dam_1,Maharashtra SW,27,Maharashtra,496,Solapur,-,-,-,-,-,-,-,-,-,18.07402000,75.12002000,20-12-2023 06:00,0,0,0,0,0,0,0,0,0,0,0,0,0,0,0,0,0,0,0,0,0,0,0,0,0,0,0,0,0,0,0,0,0,0,0,0,0,0,0,0,0,0,0,0,"","","","","",""
934,Ujjani Dam_1,Maharashtra SW,27,Maharashtra,496,Solapur,-,-,-,-,-,-,-,-,-,18.07402000,75.12002000,20-12-2023 07:00,0,0,0,0,0,0,0,0,0,0,0,0,0,0,0,0,0,0,0,0,0,0,0,0,0,0,0,0,0,0,0,0,0,0,0,0,0,0,0,0,0,0,0,0,"","","","","",""
935,Ujjani Dam_1,Maharashtra SW,27,Maharashtra,496,Solapur,-,-,-,-,-,-,-,-,-,18.07402000,75.12002000,20-12-2023 08:00,0,0,0,0,0,0,0,0,0,0,0,0,0,0,0,0,0,0,0,0,0,0,0,0,0,0,0,0,0,0,0,0,0,0,0,0,0,0,0,0,0,0,0,0,"","","","","",""
936,Ujjani Dam_1,Maharashtra SW,27,Maharashtra,496,Solapur,-,-,-,-,-,-,-,-,-,18.07402000,75.12002000,20-12-2023 09:00,0,0,0,0,0,0,0,0,0,0,0,0,0,0,0,0,0,0,0,0,0,0,0,0,0,0,0,0,0,0,0,0,0,0,0,0,0,0,0,0,0,0,0,0,"","","","","",""
937,Ujjani Dam_1,Maharashtra SW,27,Maharashtra,496,Solapur,-,-,-,-,-,-,-,-,-,18.07402000,75.12002000,20-12-2023 10:00,0,0,0,0,0,0,0,0,0,0,0,0,0,0,0,0,0,0,0,0,0,0,0,0,0,0,0,0,0,0,0,0,0,0,0,0,0,0,0,0,0,0,0,0,"","","","","",""
938,Ujjani Dam_1,Maharashtra SW,27,Maharashtra,496,Solapur,-,-,-,-,-,-,-,-,-,18.07402000,75.12002000,20-12-2023 11:00,0,0,0,0,0,0,0,0,0,0,0,0,0,0,0,0,0,0,0,0,0,0,0,0,0,0,0,0,0,0,0,0,0,0,0,0,0,0,0,0,0,0,0,0,"","","","","",""
939,Ujjani Dam_1,Maharashtra SW,27,Maharashtra,496,Solapur,-,-,-,-,-,-,-,-,-,18.07402000,75.12002000,20-12-2023 12:00,0,0,0,0,0,0,0,0,0,0,0,0,0,0,0,0,0,0,0,0,0,0,0,0,0,0,0,0,0,0,0,0,0,0,0,0,0,0,0,0,0,0,0,0,"","","","","",""
940,Ujjani Dam_1,Maharashtra SW,27,Maharashtra,496,Solapur,-,-,-,-,-,-,-,-,-,18.07402000,75.12002000,20-12-2023 13:00,0,0,0,0,0,0,0,0,0,0,0,0,0,0,0,0,0,0,0,0,0,0,0,0,0,0,0,0,0,0,0,0,0,0,0,0,0,0,0,0,0,0,0,0,"","","","","",""
941,Ujjani Dam_1,Maharashtra SW,27,Maharashtra,496,Solapur,-,-,-,-,-,-,-,-,-,18.07402000,75.12002000,20-12-2023 15:00,0,0,0,0,0,0,0,0,0,0,0,0,0,0,0,0,0,0,0,0,0,0,0,0,0,0,0,0,0,0,0,0,0,0,0,0,0,0,0,0,0,0,0,0,"","","","","",""
942,Ujjani Dam_1,Maharashtra SW,27,Maharashtra,496,Solapur,-,-,-,-,-,-,-,-,-,18.07402000,75.12002000,20-12-2023 16:00,0,0,0,0,0,0,0,0,0,0,0,0,0,0,0,0,0,0,0,0,0,0,0,0,0,0,0,0,0,0,0,0,0,0,0,0,0,0,0,0,0,0,0,0,"","","","","",""
943,Ujjani Dam_1,Maharashtra SW,27,Maharashtra,496,Solapur,-,-,-,-,-,-,-,-,-,18.07402000,75.12002000,20-12-2023 17:00,0,0,0,0,0,0,0,0,0,0,0,0,0,0,0,0,0,0,0,0,0,0,0,0,0,0,0,0,0,0,0,0,0,0,0,0,0,0,0,0,0,0,0,0,"","","","","",""
944,Ujjani Dam_1,Maharashtra SW,27,Maharashtra,496,Solapur,-,-,-,-,-,-,-,-,-,18.07402000,75.12002000,20-12-2023 18:00,0,0,0,0,0,0,0,0,0,0,0,0,0,0,0,0,0,0,0,0,0,0,0,0,0,0,0,0,0,0,0,0,0,0,0,0,0,0,0,0,0,0,0,0,"","","","","",""
945,Ujjani Dam_1,Maharashtra SW,27,Maharashtra,496,Solapur,-,-,-,-,-,-,-,-,-,18.07402000,75.12002000,20-12-2023 19:00,0,0,0,0,0,0,0,0,0,0,0,0,0,0,0,0,0,0,0,0,0,0,0,0,0,0,0,0,0,0,0,0,0,0,0,0,0,0,0,0,0,0,0,0,"","","","","",""
946,Ujjani Dam_1,Maharashtra SW,27,Maharashtra,496,Solapur,-,-,-,-,-,-,-,-,-,18.07402000,75.12002000,20-12-2023 20:00,0,0,0,0,0,0,0,0,0,0,0,0,0,0,0,0,0,0,0,0,0,0,0,0,0,0,0,0,0,0,0,0,0,0,0,0,0,0,0,0,0,0,0,0,"","","","","",""
947,Ujjani Dam_1,Maharashtra SW,27,Maharashtra,496,Solapur,-,-,-,-,-,-,-,-,-,18.07402000,75.12002000,20-12-2023 21:00,0,0,0,0,0,0,0,0,0,0,0,0,0,0,0,0,0,0,0,0,0,0,0,0,0,0,0,0,0,0,0,0,0,0,0,0,0,0,0,0,0,0,0,0,"","","","","",""
948,Ujjani Dam_1,Maharashtra SW,27,Maharashtra,496,Solapur,-,-,-,-,-,-,-,-,-,18.07402000,75.12002000,20-12-2023 23:00,0,0,0,0,0,0,0,0,0,0,0,0,0,0,0,0,0,0,0,0,0,0,0,0,0,0,0,0,0,0,0,0,0,0,0,0,0,0,0,0,0,0,0,0,"","","","","",""
949,Ujjani Dam_1,Maharashtra SW,27,Maharashtra,496,Solapur,-,-,-,-,-,-,-,-,-,18.07402000,75.12002000,21-12-2023 00:00,0,0,0,0,0,0,0,0,0,0,0,0,0,0,0,0,0,0,0,0,0,0,0,0,0,0,0,0,0,0,0,0,0,0,0,0,0,0,0,0,0,0,0,0,"","","","","",""
950,Ujjani Dam_1,Maharashtra SW,27,Maharashtra,496,Solapur,-,-,-,-,-,-,-,-,-,18.07402000,75.12002000,21-12-2023 01:00,0,0,0,0,0,0,0,0,0,0,0,0,0,0,0,0,0,0,0,0,0,0,0,0,0,0,0,0,0,0,0,0,0,0,0,0,0,0,0,0,0,0,0,0,"","","","","",""
951,Ujjani Dam_1,Maharashtra SW,27,Maharashtra,496,Solapur,-,-,-,-,-,-,-,-,-,18.07402000,75.12002000,21-12-2023 02:00,0,0,0,0,0,0,0,0,0,0,0,0,0,0,0,0,0,0,0,0,0,0,0,0,0,0,0,0,0,0,0,0,0,0,0,0,0,0,0,0,0,0,0,0,"","","","","",""
952,Ujjani Dam_1,Maharashtra SW,27,Maharashtra,496,Solapur,-,-,-,-,-,-,-,-,-,18.07402000,75.12002000,21-12-2023 03:00,0,0,0,0,0,0,0,0,0,0,0,0,0,0,0,0,0,0,0,0,0,0,0,0,0,0,0,0,0,0,0,0,0,0,0,0,0,0,0,0,0,0,0,0,"","","","","",""
953,Ujjani Dam_1,Maharashtra SW,27,Maharashtra,496,Solapur,-,-,-,-,-,-,-,-,-,18.07402000,75.12002000,21-12-2023 04:00,0,0,0,0,0,0,0,0,0,0,0,0,0,0,0,0,0,0,0,0,0,0,0,0,0,0,0,0,0,0,0,0,0,0,0,0,0,0,0,0,0,0,0,0,"","","","","",""
954,Ujjani Dam_1,Maharashtra SW,27,Maharashtra,496,Solapur,-,-,-,-,-,-,-,-,-,18.07402000,75.12002000,21-12-2023 05:00,0,0,0,0,0,0,0,0,0,0,0,0,0,0,0,0,0,0,0,0,0,0,0,0,0,0,0,0,0,0,0,0,0,0,0,0,0,0,0,0,0,0,0,0,"","","","","",""
955,Ujjani Dam_1,Maharashtra SW,27,Maharashtra,496,Solapur,-,-,-,-,-,-,-,-,-,18.07402000,75.12002000,21-12-2023 07:00,0,0,0,0,0,0,0,0,0,0,0,0,0,0,0,0,0,0,0,0,0,0,0,0,0,0,0,0,0,0,0,0,0,0,0,0,0,0,0,0,0,0,0,0,"","","","","",""
956,Ujjani Dam_1,Maharashtra SW,27,Maharashtra,496,Solapur,-,-,-,-,-,-,-,-,-,18.07402000,75.12002000,21-12-2023 08:00,0,0,0,0,0,0,0,0,0,0,0,0,0,0,0,0,0,0,0,0,0,0,0,0,0,0,0,0,0,0,0,0,0,0,0,0,0,0,0,0,0,0,0,0,"","","","","",""
957,Ujjani Dam_1,Maharashtra SW,27,Maharashtra,496,Solapur,-,-,-,-,-,-,-,-,-,18.07402000,75.12002000,21-12-2023 09:00,0,0,0,0,0,0,0,0,0,0,0,0,0,0,0,0,0,0,0,0,0,0,0,0,0,0,0,0,0,0,0,0,0,0,0,0,0,0,0,0,0,0,0,0,"","","","","",""
958,Ujjani Dam_1,Maharashtra SW,27,Maharashtra,496,Solapur,-,-,-,-,-,-,-,-,-,18.07402000,75.12002000,21-12-2023 10:00,0,0,0,0,0,0,0,0,0,0,0,0,0,0,0,0,0,0,0,0,0,0,0,0,0,0,0,0,0,0,0,0,0,0,0,0,0,0,0,0,0,0,0,0,"","","","","",""
959,Ujjani Dam_1,Maharashtra SW,27,Maharashtra,496,Solapur,-,-,-,-,-,-,-,-,-,18.07402000,75.12002000,21-12-2023 11:00,0,0,0,0,0,0,0,0,0,0,0,0,0,0,0,0,0,0,0,0,0,0,0,0,0,0,0,0,0,0,0,0,0,0,0,0,0,0,0,0,0,0,0,0,"","","","","",""
960,Ujjani Dam_1,Maharashtra SW,27,Maharashtra,496,Solapur,-,-,-,-,-,-,-,-,-,18.07402000,75.12002000,21-12-2023 12:00,0,0,0,0,0,0,0,0,0,0,0,0,0,0,0,0,0,0,0,0,0,0,0,0,0,0,0,0,0,0,0,0,0,0,0,0,0,0,0,0,0,0,0,0,"","","","","",""
961,Ujjani Dam_1,Maharashtra SW,27,Maharashtra,496,Solapur,-,-,-,-,-,-,-,-,-,18.07402000,75.12002000,21-12-2023 13:00,0,0,0,0,0,0,0,0,0,0,0,0,0,0,0,0,0,0,0,0,0,0,0,0,0,0,0,0,0,0,0,0,0,0,0,0,0,0,0,0,0,0,0,0,"","","","","",""
962,Ujjani Dam_1,Maharashtra SW,27,Maharashtra,496,Solapur,-,-,-,-,-,-,-,-,-,18.07402000,75.12002000,21-12-2023 15:00,0,0,0,0,0,0,0,0,0,0,0,0,0,0,0,0,0,0,0,0,0,0,0,0,0,0,0,0,0,0,0,0,0,0,0,0,0,0,0,0,0,0,0,0,"","","","","",""
963,Ujjani Dam_1,Maharashtra SW,27,Maharashtra,496,Solapur,-,-,-,-,-,-,-,-,-,18.07402000,75.12002000,21-12-2023 16:00,0,0,0,0,0,0,0,0,0,0,0,0,0,0,0,0,0,0,0,0,0,0,0,0,0,0,0,0,0,0,0,0,0,0,0,0,0,0,0,0,0,0,0,0,"","","","","",""
964,Ujjani Dam_1,Maharashtra SW,27,Maharashtra,496,Solapur,-,-,-,-,-,-,-,-,-,18.07402000,75.12002000,21-12-2023 17:00,0,0,0,0,0,0,0,0,0,0,0,0,0,0,0,0,0,0,0,0,0,0,0,0,0,0,0,0,0,0,0,0,0,0,0,0,0,0,0,0,0,0,0,0,"","","","","",""
965,Ujjani Dam_1,Maharashtra SW,27,Maharashtra,496,Solapur,-,-,-,-,-,-,-,-,-,18.07402000,75.12002000,21-12-2023 18:00,0,0,0,0,0,0,0,0,0,0,0,0,0,0,0,0,0,0,0,0,0,0,0,0,0,0,0,0,0,0,0,0,0,0,0,0,0,0,0,0,0,0,0,0,"","","","","",""
966,Ujjani Dam_1,Maharashtra SW,27,Maharashtra,496,Solapur,-,-,-,-,-,-,-,-,-,18.07402000,75.12002000,21-12-2023 19:00,0,0,0,0,0,0,0,0,0,0,0,0,0,0,0,0,0,0,0,0,0,0,0,0,0,0,0,0,0,0,0,0,0,0,0,0,0,0,0,0,0,0,0,0,"","","","","",""
967,Ujjani Dam_1,Maharashtra SW,27,Maharashtra,496,Solapur,-,-,-,-,-,-,-,-,-,18.07402000,75.12002000,21-12-2023 20:00,0,0,0,0,0,0,0,0,0,0,0,0,0,0,0,0,0,0,0,0,0,0,0,0,0,0,0,0,0,0,0,0,0,0,0,0,0,0,0,0,0,0,0,0,"","","","","",""
968,Ujjani Dam_1,Maharashtra SW,27,Maharashtra,496,Solapur,-,-,-,-,-,-,-,-,-,18.07402000,75.12002000,21-12-2023 21:00,0,0,0,0,0,0,0,0,0,0,0,0,0,0,0,0,0,0,0,0,0,0,0,0,0,0,0,0,0,0,0,0,0,0,0,0,0,0,0,0,0,0,0,0,"","","","","",""
969,Ujjani Dam_1,Maharashtra SW,27,Maharashtra,496,Solapur,-,-,-,-,-,-,-,-,-,18.07402000,75.12002000,21-12-2023 23:00,0,0,0,0,0,0,0,0,0,0,0,0,0,0,0,0,0,0,0,0,0,0,0,0,0,0,0,0,0,0,0,0,0,0,0,0,0,0,0,0,0,0,0,0,"","","","","",""
970,Ujjani Dam_1,Maharashtra SW,27,Maharashtra,496,Solapur,-,-,-,-,-,-,-,-,-,18.07402000,75.12002000,22-12-2023 00:00,0,0,0,0,0,0,0,0,0,0,0,0,0,0,0,0,0,0,0,0,0,0,0,0,0,0,0,0,0,0,0,0,0,0,0,0,0,0,0,0,0,0,0,0,"","","","","",""
971,Ujjani Dam_1,Maharashtra SW,27,Maharashtra,496,Solapur,-,-,-,-,-,-,-,-,-,18.07402000,75.12002000,22-12-2023 01:00,0,0,0,0,0,0,0,0,0,0,0,0,0,0,0,0,0,0,0,0,0,0,0,0,0,0,0,0,0,0,0,0,0,0,0,0,0,0,0,0,0,0,0,0,"","","","","",""
972,Ujjani Dam_1,Maharashtra SW,27,Maharashtra,496,Solapur,-,-,-,-,-,-,-,-,-,18.07402000,75.12002000,22-12-2023 02:00,0,0,0,0,0,0,0,0,0,0,0,0,0,0,0,0,0,0,0,0,0,0,0,0,0,0,0,0,0,0,0,0,0,0,0,0,0,0,0,0,0,0,0,0,"","","","","",""
973,Ujjani Dam_1,Maharashtra SW,27,Maharashtra,496,Solapur,-,-,-,-,-,-,-,-,-,18.07402000,75.12002000,22-12-2023 03:00,0,0,0,0,0,0,0,0,0,0,0,0,0,0,0,0,0,0,0,0,0,0,0,0,0,0,0,0,0,0,0,0,0,0,0,0,0,0,0,0,0,0,0,0,"","","","","",""
974,Ujjani Dam_1,Maharashtra SW,27,Maharashtra,496,Solapur,-,-,-,-,-,-,-,-,-,18.07402000,75.12002000,22-12-2023 04:00,0,0,0,0,0,0,0,0,0,0,0,0,0,0,0,0,0,0,0,0,0,0,0,0,0,0,0,0,0,0,0,0,0,0,0,0,0,0,0,0,0,0,0,0,"","","","","",""
975,Ujjani Dam_1,Maharashtra SW,27,Maharashtra,496,Solapur,-,-,-,-,-,-,-,-,-,18.07402000,75.12002000,22-12-2023 06:00,0,0,0,0,0,0,0,0,0,0,0,0,0,0,0,0,0,0,0,0,0,0,0,0,0,0,0,0,0,0,0,0,0,0,0,0,0,0,0,0,0,0,0,0,"","","","","",""
976,Ujjani Dam_1,Maharashtra SW,27,Maharashtra,496,Solapur,-,-,-,-,-,-,-,-,-,18.07402000,75.12002000,22-12-2023 07:00,0,0,0,0,0,0,0,0,0,0,0,0,0,0,0,0,0,0,0,0,0,0,0,0,0,0,0,0,0,0,0,0,0,0,0,0,0,0,0,0,0,0,0,0,"","","","","",""
977,Ujjani Dam_1,Maharashtra SW,27,Maharashtra,496,Solapur,-,-,-,-,-,-,-,-,-,18.07402000,75.12002000,22-12-2023 08:00,0,0,0,0,0,0,0,0,0,0,0,0,0,0,0,0,0,0,0,0,0,0,0,0,0,0,0,0,0,0,0,0,0,0,0,0,0,0,0,0,0,0,0,0,"","","","","",""
978,Ujjani Dam_1,Maharashtra SW,27,Maharashtra,496,Solapur,-,-,-,-,-,-,-,-,-,18.07402000,75.12002000,22-12-2023 09:00,0,0,0,0,0,0,0,0,0,0,0,0,0,0,0,0,0,0,0,0,0,0,0,0,0,0,0,0,0,0,0,0,0,0,0,0,0,0,0,0,0,0,0,0,"","","","","",""
979,Ujjani Dam_1,Maharashtra SW,27,Maharashtra,496,Solapur,-,-,-,-,-,-,-,-,-,18.07402000,75.12002000,22-12-2023 10:00,0,0,0,0,0,0,0,0,0,0,0,0,0,0,0,0,0,0,0,0,0,0,0,0,0,0,0,0,0,0,0,0,0,0,0,0,0,0,0,0,0,0,0,0,"","","","","",""
980,Ujjani Dam_1,Maharashtra SW,27,Maharashtra,496,Solapur,-,-,-,-,-,-,-,-,-,18.07402000,75.12002000,22-12-2023 11:00,0,0,0,0,0,0,0,0,0,0,0,0,0,0,0,0,0,0,0,0,0,0,0,0,0,0,0,0,0,0,0,0,0,0,0,0,0,0,0,0,0,0,0,0,"","","","","",""
981,Ujjani Dam_1,Maharashtra SW,27,Maharashtra,496,Solapur,-,-,-,-,-,-,-,-,-,18.07402000,75.12002000,22-12-2023 12:00,0,0,0,0,0,0,0,0,0,0,0,0,0,0,0,0,0,0,0,0,0,0,0,0,0,0,0,0,0,0,0,0,0,0,0,0,0,0,0,0,0,0,0,0,"","","","","",""
982,Ujjani Dam_1,Maharashtra SW,27,Maharashtra,496,Solapur,-,-,-,-,-,-,-,-,-,18.07402000,75.12002000,22-12-2023 14:00,0,0,0,0,0,0,0,0,0,0,0,0,0,0,0,0,0,0,0,0,0,0,0,0,0,0,0,0,0,0,0,0,0,0,0,0,0,0,0,0,0,0,0,0,"","","","","",""
983,Ujjani Dam_1,Maharashtra SW,27,Maharashtra,496,Solapur,-,-,-,-,-,-,-,-,-,18.07402000,75.12002000,22-12-2023 15:00,0,0,0,0,0,0,0,0,0,0,0,0,0,0,0,0,0,0,0,0,0,0,0,0,0,0,0,0,0,0,0,0,0,0,0,0,0,0,0,0,0,0,0,0,"","","","","",""
984,Ujjani Dam_1,Maharashtra SW,27,Maharashtra,496,Solapur,-,-,-,-,-,-,-,-,-,18.07402000,75.12002000,22-12-2023 16:00,0,0,0,0,0,0,0,0,0,0,0,0,0,0,0,0,0,0,0,0,0,0,0,0,0,0,0,0,0,0,0,0,0,0,0,0,0,0,0,0,0,0,0,0,"","","","","",""
985,Ujjani Dam_1,Maharashtra SW,27,Maharashtra,496,Solapur,-,-,-,-,-,-,-,-,-,18.07402000,75.12002000,22-12-2023 17:00,0,0,0,0,0,0,0,0,0,0,0,0,0,0,0,0,0,0,0,0,0,0,0,0,0,0,0,0,0,0,0,0,0,0,0,0,0,0,0,0,0,0,0,0,"","","","","",""
986,Ujjani Dam_1,Maharashtra SW,27,Maharashtra,496,Solapur,-,-,-,-,-,-,-,-,-,18.07402000,75.12002000,22-12-2023 18:00,0,0,0,0,0,0,0,0,0,0,0,0,0,0,0,0,0,0,0,0,0,0,0,0,0,0,0,0,0,0,0,0,0,0,0,0,0,0,0,0,0,0,0,0,"","","","","",""
987,Ujjani Dam_1,Maharashtra SW,27,Maharashtra,496,Solapur,-,-,-,-,-,-,-,-,-,18.07402000,75.12002000,22-12-2023 19:00,0,0,0,0,0,0,0,0,0,0,0,0,0,0,0,0,0,0,0,0,0,0,0,0,0,0,0,0,0,0,0,0,0,0,0,0,0,0,0,0,0,0,0,0,"","","","","",""
988,Ujjani Dam_1,Maharashtra SW,27,Maharashtra,496,Solapur,-,-,-,-,-,-,-,-,-,18.07402000,75.12002000,22-12-2023 20:00,0,0,0,0,0,0,0,0,0,0,0,0,0,0,0,0,0,0,0,0,0,0,0,0,0,0,0,0,0,0,0,0,0,0,0,0,0,0,0,0,0,0,0,0,"","","","","",""
989,Ujjani Dam_1,Maharashtra SW,27,Maharashtra,496,Solapur,-,-,-,-,-,-,-,-,-,18.07402000,75.12002000,22-12-2023 22:00,0,0,0,0,0,0,0,0,0,0,0,0,0,0,0,0,0,0,0,0,0,0,0,0,0,0,0,0,0,0,0,0,0,0,0,0,0,0,0,0,0,0,0,0,"","","","","",""
990,Ujjani Dam_1,Maharashtra SW,27,Maharashtra,496,Solapur,-,-,-,-,-,-,-,-,-,18.07402000,75.12002000,22-12-2023 23:00,0,0,0,0,0,0,0,0,0,0,0,0,0,0,0,0,0,0,0,0,0,0,0,0,0,0,0,0,0,0,0,0,0,0,0,0,0,0,0,0,0,0,0,0,"","","","","",""
991,Ujjani Dam_1,Maharashtra SW,27,Maharashtra,496,Solapur,-,-,-,-,-,-,-,-,-,18.07402000,75.12002000,23-12-2023 00:00,0,0,0,0,0,0,0,0,0,0,0,0,0,0,0,0,0,0,0,0,0,0,0,0,0,0,0,0,0,0,0,0,0,0,0,0,0,0,0,0,0,0,0,0,"","","","","",""
992,Ujjani Dam_1,Maharashtra SW,27,Maharashtra,496,Solapur,-,-,-,-,-,-,-,-,-,18.07402000,75.12002000,23-12-2023 01:00,0,0,0,0,0,0,0,0,0,0,0,0,0,0,0,0,0,0,0,0,0,0,0,0,0,0,0,0,0,0,0,0,0,0,0,0,0,0,0,0,0,0,0,0,"","","","","",""
993,Ujjani Dam_1,Maharashtra SW,27,Maharashtra,496,Solapur,-,-,-,-,-,-,-,-,-,18.07402000,75.12002000,23-12-2023 02:00,0,0,0,0,0,0,0,0,0,0,0,0,0,0,0,0,0,0,0,0,0,0,0,0,0,0,0,0,0,0,0,0,0,0,0,0,0,0,0,0,0,0,0,0,"","","","","",""
994,Ujjani Dam_1,Maharashtra SW,27,Maharashtra,496,Solapur,-,-,-,-,-,-,-,-,-,18.07402000,75.12002000,23-12-2023 03:00,0,0,0,0,0,0,0,0,0,0,0,0,0,0,0,0,0,0,0,0,0,0,0,0,0,0,0,0,0,0,0,0,0,0,0,0,0,0,0,0,0,0,0,0,"","","","","",""
995,Ujjani Dam_1,Maharashtra SW,27,Maharashtra,496,Solapur,-,-,-,-,-,-,-,-,-,18.07402000,75.12002000,23-12-2023 04:00,0,0,0,0,0,0,0,0,0,0,0,0,0,0,0,0,0,0,0,0,0,0,0,0,0,0,0,0,0,0,0,0,0,0,0,0,0,0,0,0,0,0,0,0,"","","","","",""
996,Ujjani Dam_1,Maharashtra SW,27,Maharashtra,496,Solapur,-,-,-,-,-,-,-,-,-,18.07402000,75.12002000,23-12-2023 06:00,0,0,0,0,0,0,0,0,0,0,0,0,0,0,0,0,0,0,0,0,0,0,0,0,0,0,0,0,0,0,0,0,0,0,0,0,0,0,0,0,0,0,0,0,"","","","","",""
997,Ujjani Dam_1,Maharashtra SW,27,Maharashtra,496,Solapur,-,-,-,-,-,-,-,-,-,18.07402000,75.12002000,23-12-2023 07:00,0,0,0,0,0,0,0,0,0,0,0,0,0,0,0,0,0,0,0,0,0,0,0,0,0,0,0,0,0,0,0,0,0,0,0,0,0,0,0,0,0,0,0,0,"","","","","",""
998,Ujjani Dam_1,Maharashtra SW,27,Maharashtra,496,Solapur,-,-,-,-,-,-,-,-,-,18.07402000,75.12002000,23-12-2023 08:00,0,0,0,0,0,0,0,0,0,0,0,0,0,0,0,0,0,0,0,0,0,0,0,0,0,0,0,0,0,0,0,0,0,0,0,0,0,0,0,0,0,0,0,0,"","","","","",""
999,Ujjani Dam_1,Maharashtra SW,27,Maharashtra,496,Solapur,-,-,-,-,-,-,-,-,-,18.07402000,75.12002000,23-12-2023 09:00,0,0,0,0,0,0,0,0,0,0,0,0,0,0,0,0,0,0,0,0,0,0,0,0,0,0,0,0,0,0,0,0,0,0,0,0,0,0,0,0,0,0,0,0,"","","","","",""
1000,Ujjani Dam_1,Maharashtra SW,27,Maharashtra,496,Solapur,-,-,-,-,-,-,-,-,-,18.07402000,75.12002000,23-12-2023 10:00,0,0,0,0,0,0,0,0,0,0,0,0,0,0,0,0,0,0,0,0,0,0,0,0,0,0,0,0,0,0,0,0,0,0,0,0,0,0,0,0,0,0,0,0,"","","","","",""
1001,Ujjani Dam_1,Maharashtra SW,27,Maharashtra,496,Solapur,-,-,-,-,-,-,-,-,-,18.07402000,75.12002000,23-12-2023 11:00,0,0,0,0,0,0,0,0,0,0,0,0,0,0,0,0,0,0,0,0,0,0,0,0,0,0,0,0,0,0,0,0,0,0,0,0,0,0,0,0,0,0,0,0,"","","","","",""
1002,Ujjani Dam_1,Maharashtra SW,27,Maharashtra,496,Solapur,-,-,-,-,-,-,-,-,-,18.07402000,75.12002000,23-12-2023 12:00,0,0,0,0,0,0,0,0,0,0,0,0,0,0,0,0,0,0,0,0,0,0,0,0,0,0,0,0,0,0,0,0,0,0,0,0,0,0,0,0,0,0,0,0,"","","","","",""
1003,Ujjani Dam_1,Maharashtra SW,27,Maharashtra,496,Solapur,-,-,-,-,-,-,-,-,-,18.07402000,75.12002000,23-12-2023 14:00,0,0,0,0,0,0,0,0,0,0,0,0,0,0,0,0,0,0,0,0,0,0,0,0,0,0,0,0,0,0,0,0,0,0,0,0,0,0,0,0,0,0,0,0,"","","","","",""
1004,Ujjani Dam_1,Maharashtra SW,27,Maharashtra,496,Solapur,-,-,-,-,-,-,-,-,-,18.07402000,75.12002000,23-12-2023 15:00,0,0,0,0,0,0,0,0,0,0,0,0,0,0,0,0,0,0,0,0,0,0,0,0,0,0,0,0,0,0,0,0,0,0,0,0,0,0,0,0,0,0,0,0,"","","","","",""
1005,Ujjani Dam_1,Maharashtra SW,27,Maharashtra,496,Solapur,-,-,-,-,-,-,-,-,-,18.07402000,75.12002000,23-12-2023 16:00,0,0,0,0,0,0,0,0,0,0,0,0,0,0,0,0,0,0,0,0,0,0,0,0,0,0,0,0,0,0,0,0,0,0,0,0,0,0,0,0,0,0,0,0,"","","","","",""
1006,Ujjani Dam_1,Maharashtra SW,27,Maharashtra,496,Solapur,-,-,-,-,-,-,-,-,-,18.07402000,75.12002000,23-12-2023 17:00,0,0,0,0,0,0,0,0,0,0,0,0,0,0,0,0,0,0,0,0,0,0,0,0,0,0,0,0,0,0,0,0,0,0,0,0,0,0,0,0,0,0,0,0,"","","","","",""
1007,Ujjani Dam_1,Maharashtra SW,27,Maharashtra,496,Solapur,-,-,-,-,-,-,-,-,-,18.07402000,75.12002000,23-12-2023 18:00,0,0,0,0,0,0,0,0,0,0,0,0,0,0,0,0,0,0,0,0,0,0,0,0,0,0,0,0,0,0,0,0,0,0,0,0,0,0,0,0,0,0,0,0,"","","","","",""
1008,Ujjani Dam_1,Maharashtra SW,27,Maharashtra,496,Solapur,-,-,-,-,-,-,-,-,-,18.07402000,75.12002000,23-12-2023 19:00,0,0,0,0,0,0,0,0,0,0,0,0,0,0,0,0,0,0,0,0,0,0,0,0,0,0,0,0,0,0,0,0,0,0,0,0,0,0,0,0,0,0,0,0,"","","","","",""
1009,Ujjani Dam_1,Maharashtra SW,27,Maharashtra,496,Solapur,-,-,-,-,-,-,-,-,-,18.07402000,75.12002000,23-12-2023 20:00,0,0,0,0,0,0,0,0,0,0,0,0,0,0,0,0,0,0,0,0,0,0,0,0,0,0,0,0,0,0,0,0,0,0,0,0,0,0,0,0,0,0,0,0,"","","","","",""
1010,Ujjani Dam_1,Maharashtra SW,27,Maharashtra,496,Solapur,-,-,-,-,-,-,-,-,-,18.07402000,75.12002000,23-12-2023 22:00,0,0,0,0,0,0,0,0,0,0,0,0,0,0,0,0,0,0,0,0,0,0,0,0,0,0,0,0,0,0,0,0,0,0,0,0,0,0,0,0,0,0,0,0,"","","","","",""
1011,Ujjani Dam_1,Maharashtra SW,27,Maharashtra,496,Solapur,-,-,-,-,-,-,-,-,-,18.07402000,75.12002000,23-12-2023 23:00,0,0,0,0,0,0,0,0,0,0,0,0,0,0,0,0,0,0,0,0,0,0,0,0,0,0,0,0,0,0,0,0,0,0,0,0,0,0,0,0,0,0,0,0,"","","","","",""
1012,Ujjani Dam_1,Maharashtra SW,27,Maharashtra,496,Solapur,-,-,-,-,-,-,-,-,-,18.07402000,75.12002000,24-12-2023 00:00,0,0,0,0,0,0,0,0,0,0,0,0,0,0,0,0,0,0,0,0,0,0,0,0,0,0,0,0,0,0,0,0,0,0,0,0,0,0,0,0,0,0,0,0,"","","","","",""
1013,Ujjani Dam_1,Maharashtra SW,27,Maharashtra,496,Solapur,-,-,-,-,-,-,-,-,-,18.07402000,75.12002000,24-12-2023 01:00,0,0,0,0,0,0,0,0,0,0,0,0,0,0,0,0,0,0,0,0,0,0,0,0,0,0,0,0,0,0,0,0,0,0,0,0,0,0,0,0,0,0,0,0,"","","","","",""
1014,Ujjani Dam_1,Maharashtra SW,27,Maharashtra,496,Solapur,-,-,-,-,-,-,-,-,-,18.07402000,75.12002000,24-12-2023 02:00,0,0,0,0,0,0,0,0,0,0,0,0,0,0,0,0,0,0,0,0,0,0,0,0,0,0,0,0,0,0,0,0,0,0,0,0,0,0,0,0,0,0,0,0,"","","","","",""
1015,Ujjani Dam_1,Maharashtra SW,27,Maharashtra,496,Solapur,-,-,-,-,-,-,-,-,-,18.07402000,75.12002000,24-12-2023 03:00,0,0,0,0,0,0,0,0,0,0,0,0,0,0,0,0,0,0,0,0,0,0,0,0,0,0,0,0,0,0,0,0,0,0,0,0,0,0,0,0,0,0,0,0,"","","","","",""
1016,Ujjani Dam_1,Maharashtra SW,27,Maharashtra,496,Solapur,-,-,-,-,-,-,-,-,-,18.07402000,75.12002000,24-12-2023 04:00,0,0,0,0,0,0,0,0,0,0,0,0,0,0,0,0,0,0,0,0,0,0,0,0,0,0,0,0,0,0,0,0,0,0,0,0,0,0,0,0,0,0,0,0,"","","","","",""
1017,Ujjani Dam_1,Maharashtra SW,27,Maharashtra,496,Solapur,-,-,-,-,-,-,-,-,-,18.07402000,75.12002000,24-12-2023 06:00,0,0,0,0,0,0,0,0,0,0,0,0,0,0,0,0,0,0,0,0,0,0,0,0,0,0,0,0,0,0,0,0,0,0,0,0,0,0,0,0,0,0,0,0,"","","","","",""
1018,Ujjani Dam_1,Maharashtra SW,27,Maharashtra,496,Solapur,-,-,-,-,-,-,-,-,-,18.07402000,75.12002000,24-12-2023 07:00,0,0,0,0,0,0,0,0,0,0,0,0,0,0,0,0,0,0,0,0,0,0,0,0,0,0,0,0,0,0,0,0,0,0,0,0,0,0,0,0,0,0,0,0,"","","","","",""
1019,Ujjani Dam_1,Maharashtra SW,27,Maharashtra,496,Solapur,-,-,-,-,-,-,-,-,-,18.07402000,75.12002000,24-12-2023 08:00,0,0,0,0,0,0,0,0,0,0,0,0,0,0,0,0,0,0,0,0,0,0,0,0,0,0,0,0,0,0,0,0,0,0,0,0,0,0,0,0,0,0,0,0,"","","","","",""
1020,Ujjani Dam_1,Maharashtra SW,27,Maharashtra,496,Solapur,-,-,-,-,-,-,-,-,-,18.07402000,75.12002000,24-12-2023 09:00,0,0,0,0,0,0,0,0,0,0,0,0,0,0,0,0,0,0,0,0,0,0,0,0,0,0,0,0,0,0,0,0,0,0,0,0,0,0,0,0,0,0,0,0,"","","","","",""
1021,Ujjani Dam_1,Maharashtra SW,27,Maharashtra,496,Solapur,-,-,-,-,-,-,-,-,-,18.07402000,75.12002000,24-12-2023 10:00,0,0,0,0,0,0,0,0,0,0,0,0,0,0,0,0,0,0,0,0,0,0,0,0,0,0,0,0,0,0,0,0,0,0,0,0,0,0,0,0,0,0,0,0,"","","","","",""
1022,Ujjani Dam_1,Maharashtra SW,27,Maharashtra,496,Solapur,-,-,-,-,-,-,-,-,-,18.07402000,75.12002000,24-12-2023 11:00,0,0,0,0,0,0,0,0,0,0,0,0,0,0,0,0,0,0,0,0,0,0,0,0,0,0,0,0,0,0,0,0,0,0,0,0,0,0,0,0,0,0,0,0,"","","","","",""
1023,Ujjani Dam_1,Maharashtra SW,27,Maharashtra,496,Solapur,-,-,-,-,-,-,-,-,-,18.07402000,75.12002000,24-12-2023 12:00,0,0,0,0,0,0,0,0,0,0,0,0,0,0,0,0,0,0,0,0,0,0,0,0,0,0,0,0,0,0,0,0,0,0,0,0,0,0,0,0,0,0,0,0,"","","","","",""
1024,Ujjani Dam_1,Maharashtra SW,27,Maharashtra,496,Solapur,-,-,-,-,-,-,-,-,-,18.07402000,75.12002000,24-12-2023 14:00,0,0,0,0,0,0,0,0,0,0,0,0,0,0,0,0,0,0,0,0,0,0,0,0,0,0,0,0,0,0,0,0,0,0,0,0,0,0,0,0,0,0,0,0,"","","","","",""
1025,Ujjani Dam_1,Maharashtra SW,27,Maharashtra,496,Solapur,-,-,-,-,-,-,-,-,-,18.07402000,75.12002000,24-12-2023 15:00,0,0,0,0,0,0,0,0,0,0,0,0,0,0,0,0,0,0,0,0,0,0,0,0,0,0,0,0,0,0,0,0,0,0,0,0,0,0,0,0,0,0,0,0,"","","","","",""
1026,Ujjani Dam_1,Maharashtra SW,27,Maharashtra,496,Solapur,-,-,-,-,-,-,-,-,-,18.07402000,75.12002000,24-12-2023 16:00,0,0,0,0,0,0,0,0,0,0,0,0,0,0,0,0,0,0,0,0,0,0,0,0,0,0,0,0,0,0,0,0,0,0,0,0,0,0,0,0,0,0,0,0,"","","","","",""
1027,Ujjani Dam_1,Maharashtra SW,27,Maharashtra,496,Solapur,-,-,-,-,-,-,-,-,-,18.07402000,75.12002000,24-12-2023 17:00,0,0,0,0,0,0,0,0,0,0,0,0,0,0,0,0,0,0,0,0,0,0,0,0,0,0,0,0,0,0,0,0,0,0,0,0,0,0,0,0,0,0,0,0,"","","","","",""
1028,Ujjani Dam_1,Maharashtra SW,27,Maharashtra,496,Solapur,-,-,-,-,-,-,-,-,-,18.07402000,75.12002000,24-12-2023 18:00,0,0,0,0,0,0,0,0,0,0,0,0,0,0,0,0,0,0,0,0,0,0,0,0,0,0,0,0,0,0,0,0,0,0,0,0,0,0,0,0,0,0,0,0,"","","","","",""
1029,Ujjani Dam_1,Maharashtra SW,27,Maharashtra,496,Solapur,-,-,-,-,-,-,-,-,-,18.07402000,75.12002000,24-12-2023 19:00,0,0,0,0,0,0,0,0,0,0,0,0,0,0,0,0,0,0,0,0,0,0,0,0,0,0,0,0,0,0,0,0,0,0,0,0,0,0,0,0,0,0,0,0,"","","","","",""
1030,Ujjani Dam_1,Maharashtra SW,27,Maharashtra,496,Solapur,-,-,-,-,-,-,-,-,-,18.07402000,75.12002000,24-12-2023 20:00,0,0,0,0,0,0,0,0,0,0,0,0,0,0,0,0,0,0,0,0,0,0,0,0,0,0,0,0,0,0,0,0,0,0,0,0,0,0,0,0,0,0,0,0,"","","","","",""
1031,Ujjani Dam_1,Maharashtra SW,27,Maharashtra,496,Solapur,-,-,-,-,-,-,-,-,-,18.07402000,75.12002000,24-12-2023 22:00,0,0,0,0,0,0,0,0,0,0,0,0,0,0,0,0,0,0,0,0,0,0,0,0,0,0,0,0,0,0,0,0,0,0,0,0,0,0,0,0,0,0,0,0,"","","","","",""
1032,Ujjani Dam_1,Maharashtra SW,27,Maharashtra,496,Solapur,-,-,-,-,-,-,-,-,-,18.07402000,75.12002000,24-12-2023 23:00,0,0,0,0,0,0,0,0,0,0,0,0,0,0,0,0,0,0,0,0,0,0,0,0,0,0,0,0,0,0,0,0,0,0,0,0,0,0,0,0,0,0,0,0,"","","","","",""
1033,Ujjani Dam_1,Maharashtra SW,27,Maharashtra,496,Solapur,-,-,-,-,-,-,-,-,-,18.07402000,75.12002000,25-12-2023 00:00,0,0,0,0,0,0,0,0,0,0,0,0,0,0,0,0,0,0,0,0,0,0,0,0,0,0,0,0,0,0,0,0,0,0,0,0,0,0,0,0,0,0,0,0,"","","","","",""
1034,Ujjani Dam_1,Maharashtra SW,27,Maharashtra,496,Solapur,-,-,-,-,-,-,-,-,-,18.07402000,75.12002000,25-12-2023 01:00,0,0,0,0,0,0,0,0,0,0,0,0,0,0,0,0,0,0,0,0,0,0,0,0,0,0,0,0,0,0,0,0,0,0,0,0,0,0,0,0,0,0,0,0,"","","","","",""
1035,Ujjani Dam_1,Maharashtra SW,27,Maharashtra,496,Solapur,-,-,-,-,-,-,-,-,-,18.07402000,75.12002000,25-12-2023 02:00,0,0,0,0,0,0,0,0,0,0,0,0,0,0,0,0,0,0,0,0,0,0,0,0,0,0,0,0,0,0,0,0,0,0,0,0,0,0,0,0,0,0,0,0,"","","","","",""
1036,Ujjani Dam_1,Maharashtra SW,27,Maharashtra,496,Solapur,-,-,-,-,-,-,-,-,-,18.07402000,75.12002000,25-12-2023 03:00,0,0,0,0,0,0,0,0,0,0,0,0,0,0,0,0,0,0,0,0,0,0,0,0,0,0,0,0,0,0,0,0,0,0,0,0,0,0,0,0,0,0,0,0,"","","","","",""
1037,Ujjani Dam_1,Maharashtra SW,27,Maharashtra,496,Solapur,-,-,-,-,-,-,-,-,-,18.07402000,75.12002000,25-12-2023 05:00,0,0,0,0,0,0,0,0,0,0,0,0,0,0,0,0,0,0,0,0,0,0,0,0,0,0,0,0,0,0,0,0,0,0,0,0,0,0,0,0,0,0,0,0,"","","","","",""
1038,Ujjani Dam_1,Maharashtra SW,27,Maharashtra,496,Solapur,-,-,-,-,-,-,-,-,-,18.07402000,75.12002000,25-12-2023 06:00,0,0,0,0,0,0,0,0,0,0,0,0,0,0,0,0,0,0,0,0,0,0,0,0,0,0,0,0,0,0,0,0,0,0,0,0,0,0,0,0,0,0,0,0,"","","","","",""
1039,Ujjani Dam_1,Maharashtra SW,27,Maharashtra,496,Solapur,-,-,-,-,-,-,-,-,-,18.07402000,75.12002000,25-12-2023 07:00,0,0,0,0,0,0,0,0,0,0,0,0,0,0,0,0,0,0,0,0,0,0,0,0,0,0,0,0,0,0,0,0,0,0,0,0,0,0,0,0,0,0,0,0,"","","","","",""
1040,Ujjani Dam_1,Maharashtra SW,27,Maharashtra,496,Solapur,-,-,-,-,-,-,-,-,-,18.07402000,75.12002000,25-12-2023 08:00,0,0,0,0,0,0,0,0,0,0,0,0,0,0,0,0,0,0,0,0,0,0,0,0,0,0,0,0,0,0,0,0,0,0,0,0,0,0,0,0,0,0,0,0,"","","","","",""
1041,Ujjani Dam_1,Maharashtra SW,27,Maharashtra,496,Solapur,-,-,-,-,-,-,-,-,-,18.07402000,75.12002000,25-12-2023 09:00,0,0,0,0,0,0,0,0,0,0,0,0,0,0,0,0,0,0,0,0,0,0,0,0,0,0,0,0,0,0,0,0,0,0,0,0,0,0,0,0,0,0,0,0,"","","","","",""
1042,Ujjani Dam_1,Maharashtra SW,27,Maharashtra,496,Solapur,-,-,-,-,-,-,-,-,-,18.07402000,75.12002000,25-12-2023 10:00,0,0,0,0,0,0,0,0,0,0,0,0,0,0,0,0,0,0,0,0,0,0,0,0,0,0,0,0,0,0,0,0,0,0,0,0,0,0,0,0,0,0,0,0,"","","","","",""
1043,Ujjani Dam_1,Maharashtra SW,27,Maharashtra,496,Solapur,-,-,-,-,-,-,-,-,-,18.07402000,75.12002000,25-12-2023 11:00,0,0,0,0,0,0,0,0,0,0,0,0,0,0,0,0,0,0,0,0,0,0,0,0,0,0,0,0,0,0,0,0,0,0,0,0,0,0,0,0,0,0,0,0,"","","","","",""
1044,Ujjani Dam_1,Maharashtra SW,27,Maharashtra,496,Solapur,-,-,-,-,-,-,-,-,-,18.07402000,75.12002000,25-12-2023 13:00,0,0,0,0,0,0,0,0,0,0,0,0,0,0,0,0,0,0,0,0,0,0,0,0,0,0,0,0,0,0,0,0,0,0,0,0,0,0,0,0,0,0,0,0,"","","","","",""
1045,Ujjani Dam_1,Maharashtra SW,27,Maharashtra,496,Solapur,-,-,-,-,-,-,-,-,-,18.07402000,75.12002000,25-12-2023 14:00,0,0,0,0,0,0,0,0,0,0,0,0,0,0,0,0,0,0,0,0,0,0,0,0,0,0,0,0,0,0,0,0,0,0,0,0,0,0,0,0,0,0,0,0,"","","","","",""
1046,Ujjani Dam_1,Maharashtra SW,27,Maharashtra,496,Solapur,-,-,-,-,-,-,-,-,-,18.07402000,75.12002000,25-12-2023 15:00,0,0,0,0,0,0,0,0,0,0,0,0,0,0,0,0,0,0,0,0,0,0,0,0,0,0,0,0,0,0,0,0,0,0,0,0,0,0,0,0,0,0,0,0,"","","","","",""
1047,Ujjani Dam_1,Maharashtra SW,27,Maharashtra,496,Solapur,-,-,-,-,-,-,-,-,-,18.07402000,75.12002000,25-12-2023 16:00,0,0,0,0,0,0,0,0,0,0,0,0,0,0,0,0,0,0,0,0,0,0,0,0,0,0,0,0,0,0,0,0,0,0,0,0,0,0,0,0,0,0,0,0,"","","","","",""
1048,Ujjani Dam_1,Maharashtra SW,27,Maharashtra,496,Solapur,-,-,-,-,-,-,-,-,-,18.07402000,75.12002000,25-12-2023 17:00,0,0,0,0,0,0,0,0,0,0,0,0,0,0,0,0,0,0,0,0,0,0,0,0,0,0,0,0,0,0,0,0,0,0,0,0,0,0,0,0,0,0,0,0,"","","","","",""
1049,Ujjani Dam_1,Maharashtra SW,27,Maharashtra,496,Solapur,-,-,-,-,-,-,-,-,-,18.07402000,75.12002000,25-12-2023 22:00,0,0,0,0,0,0,0,0,0,0,0,0,0,0,0,0,0,0,0,0,0,0,0,0,0,0,0,0,0,0,0,0,0,0,0,0,0,0,0,0,0,0,0,0,"","","","","",""
1050,Ujjani Dam_1,Maharashtra SW,27,Maharashtra,496,Solapur,-,-,-,-,-,-,-,-,-,18.07402000,75.12002000,25-12-2023 23:00,0,0,0,0,0,0,0,0,0,0,0,0,0,0,0,0,0,0,0,0,0,0,0,0,0,0,0,0,0,0,0,0,0,0,0,0,0,0,0,0,0,0,0,0,"","","","","",""
1051,Ujjani Dam_1,Maharashtra SW,27,Maharashtra,496,Solapur,-,-,-,-,-,-,-,-,-,18.07402000,75.12002000,26-12-2023 00:00,0,0,0,0,0,0,0,0,0,0,0,0,0,0,0,0,0,0,0,0,0,0,0,0,0,0,0,0,0,0,0,0,0,0,0,0,0,0,0,0,0,0,0,0,"","","","","",""
1052,Ujjani Dam_1,Maharashtra SW,27,Maharashtra,496,Solapur,-,-,-,-,-,-,-,-,-,18.07402000,75.12002000,26-12-2023 01:00,0,0,0,0,0,0,0,0,0,0,0,0,0,0,0,0,0,0,0,0,0,0,0,0,0,0,0,0,0,0,0,0,0,0,0,0,0,0,0,0,0,0,0,0,"","","","","",""
1053,Ujjani Dam_1,Maharashtra SW,27,Maharashtra,496,Solapur,-,-,-,-,-,-,-,-,-,18.07402000,75.12002000,26-12-2023 02:00,0,0,0,0,0,0,0,0,0,0,0,0,0,0,0,0,0,0,0,0,0,0,0,0,0,0,0,0,0,0,0,0,0,0,0,0,0,0,0,0,0,0,0,0,"","","","","",""
1054,Ujjani Dam_1,Maharashtra SW,27,Maharashtra,496,Solapur,-,-,-,-,-,-,-,-,-,18.07402000,75.12002000,26-12-2023 03:00,0,0,0,0,0,0,0,0,0,0,0,0,0,0,0,0,0,0,0,0,0,0,0,0,0,0,0,0,0,0,0,0,0,0,0,0,0,0,0,0,0,0,0,0,"","","","","",""
1055,Ujjani Dam_1,Maharashtra SW,27,Maharashtra,496,Solapur,-,-,-,-,-,-,-,-,-,18.07402000,75.12002000,26-12-2023 05:00,0,0,0,0,0,0,0,0,0,0,0,0,0,0,0,0,0,0,0,0,0,0,0,0,0,0,0,0,0,0,0,0,0,0,0,0,0,0,0,0,0,0,0,0,"","","","","",""
1056,Ujjani Dam_1,Maharashtra SW,27,Maharashtra,496,Solapur,-,-,-,-,-,-,-,-,-,18.07402000,75.12002000,26-12-2023 06:00,0,0,0,0,0,0,0,0,0,0,0,0,0,0,0,0,0,0,0,0,0,0,0,0,0,0,0,0,0,0,0,0,0,0,0,0,0,0,0,0,0,0,0,0,"","","","","",""
1057,Ujjani Dam_1,Maharashtra SW,27,Maharashtra,496,Solapur,-,-,-,-,-,-,-,-,-,18.07402000,75.12002000,26-12-2023 07:00,0,0,0,0,0,0,0,0,0,0,0,0,0,0,0,0,0,0,0,0,0,0,0,0,0,0,0,0,0,0,0,0,0,0,0,0,0,0,0,0,0,0,0,0,"","","","","",""
1058,Ujjani Dam_1,Maharashtra SW,27,Maharashtra,496,Solapur,-,-,-,-,-,-,-,-,-,18.07402000,75.12002000,26-12-2023 08:00,0,0,0,0,0,0,0,0,0,0,0,0,0,0,0,0,0,0,0,0,0,0,0,0,0,0,0,0,0,0,0,0,0,0,0,0,0,0,0,0,0,0,0,0,"","","","","",""
1059,Ujjani Dam_1,Maharashtra SW,27,Maharashtra,496,Solapur,-,-,-,-,-,-,-,-,-,18.07402000,75.12002000,26-12-2023 09:00,0,0,0,0,0,0,0,0,0,0,0,0,0,0,0,0,0,0,0,0,0,0,0,0,0,0,0,0,0,0,0,0,0,0,0,0,0,0,0,0,0,0,0,0,"","","","","",""
1060,Ujjani Dam_1,Maharashtra SW,27,Maharashtra,496,Solapur,-,-,-,-,-,-,-,-,-,18.07402000,75.12002000,26-12-2023 10:00,0,0,0,0,0,0,0,0,0,0,0,0,0,0,0,0,0,0,0,0,0,0,0,0,0,0,0,0,0,0,0,0,0,0,0,0,0,0,0,0,0,0,0,0,"","","","","",""
1061,Ujjani Dam_1,Maharashtra SW,27,Maharashtra,496,Solapur,-,-,-,-,-,-,-,-,-,18.07402000,75.12002000,26-12-2023 12:00,0,0,0,0,0,0,0,0,0,0,0,0,0,0,0,0,0,0,0,0,0,0,0,0,0,0,0,0,0,0,0,0,0,0,0,0,0,0,0,0,0,0,0,0,"","","","","",""
1062,Ujjani Dam_1,Maharashtra SW,27,Maharashtra,496,Solapur,-,-,-,-,-,-,-,-,-,18.07402000,75.12002000,26-12-2023 13:00,0,0,0,0,0,0,0,0,0,0,0,0,0,0,0,0,0,0,0,0,0,0,0,0,0,0,0,0,0,0,0,0,0,0,0,0,0,0,0,0,0,0,0,0,"","","","","",""
1063,Ujjani Dam_1,Maharashtra SW,27,Maharashtra,496,Solapur,-,-,-,-,-,-,-,-,-,18.07402000,75.12002000,26-12-2023 14:00,0,0,0,0,0,0,0,0,0,0,0,0,0,0,0,0,0,0,0,0,0,0,0,0,0,0,0,0,0,0,0,0,0,0,0,0,0,0,0,0,0,0,0,0,"","","","","",""
1064,Ujjani Dam_1,Maharashtra SW,27,Maharashtra,496,Solapur,-,-,-,-,-,-,-,-,-,18.07402000,75.12002000,26-12-2023 15:00,0,0,0,0,0,0,0,0,0,0,0,0,0,0,0,0,0,0,0,0,0,0,0,0,0,0,0,0,0,0,0,0,0,0,0,0,0,0,0,0,0,0,0,0,"","","","","",""
1065,Ujjani Dam_1,Maharashtra SW,27,Maharashtra,496,Solapur,-,-,-,-,-,-,-,-,-,18.07402000,75.12002000,26-12-2023 16:00,0,0,0,0,0,0,0,0,0,0,0,0,0,0,0,0,0,0,0,0,0,0,0,0,0,0,0,0,0,0,0,0,0,0,0,0,0,0,0,0,0,0,0,0,"","","","","",""
1066,Ujjani Dam_1,Maharashtra SW,27,Maharashtra,496,Solapur,-,-,-,-,-,-,-,-,-,18.07402000,75.12002000,26-12-2023 17:00,0,0,0,0,0,0,0,0,0,0,0,0,0,0,0,0,0,0,0,0,0,0,0,0,0,0,0,0,0,0,0,0,0,0,0,0,0,0,0,0,0,0,0,0,"","","","","",""
1067,Ujjani Dam_1,Maharashtra SW,27,Maharashtra,496,Solapur,-,-,-,-,-,-,-,-,-,18.07402000,75.12002000,26-12-2023 18:00,0,0,0,0,0,0,0,0,0,0,0,0,0,0,0,0,0,0,0,0,0,0,0,0,0,0,0,0,0,0,0,0,0,0,0,0,0,0,0,0,0,0,0,0,"","","","","",""
1068,Ujjani Dam_1,Maharashtra SW,27,Maharashtra,496,Solapur,-,-,-,-,-,-,-,-,-,18.07402000,75.12002000,26-12-2023 20:00,0,0,0,0,0,0,0,0,0,0,0,0,0,0,0,0,0,0,0,0,0,0,0,0,0,0,0,0,0,0,0,0,0,0,0,0,0,0,0,0,0,0,0,0,"","","","","",""
1069,Ujjani Dam_1,Maharashtra SW,27,Maharashtra,496,Solapur,-,-,-,-,-,-,-,-,-,18.07402000,75.12002000,26-12-2023 21:00,0,0,0,0,0,0,0,0,0,0,0,0,0,0,0,0,0,0,0,0,0,0,0,0,0,0,0,0,0,0,0,0,0,0,0,0,0,0,0,0,0,0,0,0,"","","","","",""
1070,Ujjani Dam_1,Maharashtra SW,27,Maharashtra,496,Solapur,-,-,-,-,-,-,-,-,-,18.07402000,75.12002000,26-12-2023 22:00,0,0,0,0,0,0,0,0,0,0,0,0,0,0,0,0,0,0,0,0,0,0,0,0,0,0,0,0,0,0,0,0,0,0,0,0,0,0,0,0,0,0,0,0,"","","","","",""
1071,Ujjani Dam_1,Maharashtra SW,27,Maharashtra,496,Solapur,-,-,-,-,-,-,-,-,-,18.07402000,75.12002000,26-12-2023 23:00,0,0,0,0,0,0,0,0,0,0,0,0,0,0,0,0,0,0,0,0,0,0,0,0,0,0,0,0,0,0,0,0,0,0,0,0,0,0,0,0,0,0,0,0,"","","","","",""
1072,Ujjani Dam_1,Maharashtra SW,27,Maharashtra,496,Solapur,-,-,-,-,-,-,-,-,-,18.07402000,75.12002000,27-12-2023 00:00,0,0,0,0,0,0,0,0,0,0,0,0,0,0,0,0,0,0,0,0,0,0,0,0,0,0,0,0,0,0,0,0,0,0,0,0,0,0,0,0,0,0,0,0,"","","","","",""
1073,Ujjani Dam_1,Maharashtra SW,27,Maharashtra,496,Solapur,-,-,-,-,-,-,-,-,-,18.07402000,75.12002000,27-12-2023 01:00,0,0,0,0,0,0,0,0,0,0,0,0,0,0,0,0,0,0,0,0,0,0,0,0,0,0,0,0,0,0,0,0,0,0,0,0,0,0,0,0,0,0,0,0,"","","","","",""
1074,Ujjani Dam_1,Maharashtra SW,27,Maharashtra,496,Solapur,-,-,-,-,-,-,-,-,-,18.07402000,75.12002000,27-12-2023 02:00,0,0,0,0,0,0,0,0,0,0,0,0,0,0,0,0,0,0,0,0,0,0,0,0,0,0,0,0,0,0,0,0,0,0,0,0,0,0,0,0,0,0,0,0,"","","","","",""
1075,Ujjani Dam_1,Maharashtra SW,27,Maharashtra,496,Solapur,-,-,-,-,-,-,-,-,-,18.07402000,75.12002000,27-12-2023 04:00,0,0,0,0,0,0,0,0,0,0,0,0,0,0,0,0,0,0,0,0,0,0,0,0,0,0,0,0,0,0,0,0,0,0,0,0,0,0,0,0,0,0,0,0,"","","","","",""
1076,Ujjani Dam_1,Maharashtra SW,27,Maharashtra,496,Solapur,-,-,-,-,-,-,-,-,-,18.07402000,75.12002000,27-12-2023 05:00,0,0,0,0,0,0,0,0,0,0,0,0,0,0,0,0,0,0,0,0,0,0,0,0,0,0,0,0,0,0,0,0,0,0,0,0,0,0,0,0,0,0,0,0,"","","","","",""
1077,Ujjani Dam_1,Maharashtra SW,27,Maharashtra,496,Solapur,-,-,-,-,-,-,-,-,-,18.07402000,75.12002000,27-12-2023 06:00,0,0,0,0,0,0,0,0,0,0,0,0,0,0,0,0,0,0,0,0,0,0,0,0,0,0,0,0,0,0,0,0,0,0,0,0,0,0,0,0,0,0,0,0,"","","","","",""
1078,Ujjani Dam_1,Maharashtra SW,27,Maharashtra,496,Solapur,-,-,-,-,-,-,-,-,-,18.07402000,75.12002000,27-12-2023 07:00,0,0,0,0,0,0,0,0,0,0,0,0,0,0,0,0,0,0,0,0,0,0,0,0,0,0,0,0,0,0,0,0,0,0,0,0,0,0,0,0,0,0,0,0,"","","","","",""
1079,Ujjani Dam_1,Maharashtra SW,27,Maharashtra,496,Solapur,-,-,-,-,-,-,-,-,-,18.07402000,75.12002000,27-12-2023 08:00,0,0,0,0,0,0,0,0,0,0,0,0,0,0,0,0,0,0,0,0,0,0,0,0,0,0,0,0,0,0,0,0,0,0,0,0,0,0,0,0,0,0,0,0,"","","","","",""
1080,Ujjani Dam_1,Maharashtra SW,27,Maharashtra,496,Solapur,-,-,-,-,-,-,-,-,-,18.07402000,75.12002000,27-12-2023 09:00,0,0,0,0,0,0,0,0,0,0,0,0,0,0,0,0,0,0,0,0,0,0,0,0,0,0,0,0,0,0,0,0,0,0,0,0,0,0,0,0,0,0,0,0,"","","","","",""
1081,Ujjani Dam_1,Maharashtra SW,27,Maharashtra,496,Solapur,-,-,-,-,-,-,-,-,-,18.07402000,75.12002000,27-12-2023 10:00,0,0,0,0,0,0,0,0,0,0,0,0,0,0,0,0,0,0,0,0,0,0,0,0,0,0,0,0,0,0,0,0,0,0,0,0,0,0,0,0,0,0,0,0,"","","","","",""
1082,Ujjani Dam_1,Maharashtra SW,27,Maharashtra,496,Solapur,-,-,-,-,-,-,-,-,-,18.07402000,75.12002000,27-12-2023 12:00,0,0,0,0,0,0,0,0,0,0,0,0,0,0,0,0,0,0,0,0,0,0,0,0,0,0,0,0,0,0,0,0,0,0,0,0,0,0,0,0,0,0,0,0,"","","","","",""
1083,Ujjani Dam_1,Maharashtra SW,27,Maharashtra,496,Solapur,-,-,-,-,-,-,-,-,-,18.07402000,75.12002000,27-12-2023 13:00,0,0,0,0,0,0,0,0,0,0,0,0,0,0,0,0,0,0,0,0,0,0,0,0,0,0,0,0,0,0,0,0,0,0,0,0,0,0,0,0,0,0,0,0,"","","","","",""
1084,Ujjani Dam_1,Maharashtra SW,27,Maharashtra,496,Solapur,-,-,-,-,-,-,-,-,-,18.07402000,75.12002000,27-12-2023 14:00,0,0,0,0,0,0,0,0,0,0,0,0,0,0,0,0,0,0,0,0,0,0,0,0,0,0,0,0,0,0,0,0,0,0,0,0,0,0,0,0,0,0,0,0,"","","","","",""
1085,Ujjani Dam_1,Maharashtra SW,27,Maharashtra,496,Solapur,-,-,-,-,-,-,-,-,-,18.07402000,75.12002000,27-12-2023 15:00,0,0,0,0,0,0,0,0,0,0,0,0,0,0,0,0,0,0,0,0,0,0,0,0,0,0,0,0,0,0,0,0,0,0,0,0,0,0,0,0,0,0,0,0,"","","","","",""
1086,Ujjani Dam_1,Maharashtra SW,27,Maharashtra,496,Solapur,-,-,-,-,-,-,-,-,-,18.07402000,75.12002000,27-12-2023 16:00,0,0,0,0,0,0,0,0,0,0,0,0,0,0,0,0,0,0,0,0,0,0,0,0,0,0,0,0,0,0,0,0,0,0,0,0,0,0,0,0,0,0,0,0,"","","","","",""
1087,Ujjani Dam_1,Maharashtra SW,27,Maharashtra,496,Solapur,-,-,-,-,-,-,-,-,-,18.07402000,75.12002000,27-12-2023 17:00,0,0,0,0,0,0,0,0,0,0,0,0,0,0,0,0,0,0,0,0,0,0,0,0,0,0,0,0,0,0,0,0,0,0,0,0,0,0,0,0,0,0,0,0,"","","","","",""
1088,Ujjani Dam_1,Maharashtra SW,27,Maharashtra,496,Solapur,-,-,-,-,-,-,-,-,-,18.07402000,75.12002000,27-12-2023 18:00,0,0,0,0,0,0,0,0,0,0,0,0,0,0,0,0,0,0,0,0,0,0,0,0,0,0,0,0,0,0,0,0,0,0,0,0,0,0,0,0,0,0,0,0,"","","","","",""
1089,Ujjani Dam_1,Maharashtra SW,27,Maharashtra,496,Solapur,-,-,-,-,-,-,-,-,-,18.07402000,75.12002000,27-12-2023 20:00,0,0,0,0,0,0,0,0,0,0,0,0,0,0,0,0,0,0,0,0,0,0,0,0,0,0,0,0,0,0,0,0,0,0,0,0,0,0,0,0,0,0,0,0,"","","","","",""
1090,Ujjani Dam_1,Maharashtra SW,27,Maharashtra,496,Solapur,-,-,-,-,-,-,-,-,-,18.07402000,75.12002000,28-12-2023 10:00,0,0,0,0,0,0,0,0,0,0,0,0,0,0,0,0,0,0,0,0,0,0,0,0,0,0,0,0,0,0,0,0,0,0,0,0,0,0,0,0,0,0,0,0,"","","","","",""
1091,Ujjani Dam_1,Maharashtra SW,27,Maharashtra,496,Solapur,-,-,-,-,-,-,-,-,-,18.07402000,75.12002000,28-12-2023 12:00,0,0,0,0,0,0,0,0,0,0,0,0,0,0,0,0,0,0,0,0,0,0,0,0,0,0,0,0,0,0,0,0,0,0,0,0,0,0,0,0,0,0,0,0,"","","","","",""
1092,Ujjani Dam_1,Maharashtra SW,27,Maharashtra,496,Solapur,-,-,-,-,-,-,-,-,-,18.07402000,75.12002000,28-12-2023 13:00,0,0,0,0,0,0,0,0,0,0,0,0,0,0,0,0,0,0,0,0,0,0,0,0,0,0,0,0,0,0,0,0,0,0,0,0,0,0,0,0,0,0,0,0,"","","","","",""
1093,Ujjani Dam_1,Maharashtra SW,27,Maharashtra,496,Solapur,-,-,-,-,-,-,-,-,-,18.07402000,75.12002000,28-12-2023 14:00,0,0,0,0,0,0,0,0,0,0,0,0,0,0,0,0,0,0,0,0,0,0,0,0,0,0,0,0,0,0,0,0,0,0,0,0,0,0,0,0,0,0,0,0,"","","","","",""
1094,Ujjani Dam_1,Maharashtra SW,27,Maharashtra,496,Solapur,-,-,-,-,-,-,-,-,-,18.07402000,75.12002000,28-12-2023 15:00,0,0,0,0,0,0,0,0,0,0,0,0,0,0,0,0,0,0,0,0,0,0,0,0,0,0,0,0,0,0,0,0,0,0,0,0,0,0,0,0,0,0,0,0,"","","","","",""
1095,Ujjani Dam_1,Maharashtra SW,27,Maharashtra,496,Solapur,-,-,-,-,-,-,-,-,-,18.07402000,75.12002000,28-12-2023 16:00,0,0,0,0,0,0,0,0,0,0,0,0,0,0,0,0,0,0,0,0,0,0,0,0,0,0,0,0,0,0,0,0,0,0,0,0,0,0,0,0,0,0,0,0,"","","","","",""
1096,Ujjani Dam_1,Maharashtra SW,27,Maharashtra,496,Solapur,-,-,-,-,-,-,-,-,-,18.07402000,75.12002000,28-12-2023 17:00,0,0,0,0,0,0,0,0,0,0,0,0,0,0,0,0,0,0,0,0,0,0,0,0,0,0,0,0,0,0,0,0,0,0,0,0,0,0,0,0,0,0,0,0,"","","","","",""
1097,Ujjani Dam_1,Maharashtra SW,27,Maharashtra,496,Solapur,-,-,-,-,-,-,-,-,-,18.07402000,75.12002000,28-12-2023 18:00,0,0,0,0,0,0,0,0,0,0,0,0,0,0,0,0,0,0,0,0,0,0,0,0,0,0,0,0,0,0,0,0,0,0,0,0,0,0,0,0,0,0,0,0,"","","","","",""
1098,Ujjani Dam_1,Maharashtra SW,27,Maharashtra,496,Solapur,-,-,-,-,-,-,-,-,-,18.07402000,75.12002000,28-12-2023 20:00,0,0,0,0,0,0,0,0,0,0,0,0,0,0,0,0,0,0,0,0,0,0,0,0,0,0,0,0,0,0,0,0,0,0,0,0,0,0,0,0,0,0,0,0,"","","","","",""
1099,Ujjani Dam_1,Maharashtra SW,27,Maharashtra,496,Solapur,-,-,-,-,-,-,-,-,-,18.07402000,75.12002000,28-12-2023 21:00,0,0,0,0,0,0,0,0,0,0,0,0,0,0,0,0,0,0,0,0,0,0,0,0,0,0,0,0,0,0,0,0,0,0,0,0,0,0,0,0,0,0,0,0,"","","","","",""
1100,Ujjani Dam_1,Maharashtra SW,27,Maharashtra,496,Solapur,-,-,-,-,-,-,-,-,-,18.07402000,75.12002000,29-12-2023 06:00,0,0,0,0,0,0,0,0,0,0,0,0,0,0,0,0,0,0,0,0,0,0,0,0,0,0,0,0,0,0,0,0,0,0,0,0,0,0,0,0,0,0,0,0,"","","","","",""
1101,Ujjani Dam_1,Maharashtra SW,27,Maharashtra,496,Solapur,-,-,-,-,-,-,-,-,-,18.07402000,75.12002000,29-12-2023 07:00,0,0,0,0,0,0,0,0,0,0,0,0,0,0,0,0,0,0,0,0,0,0,0,0,0,0,0,0,0,0,0,0,0,0,0,0,0,0,0,0,0,0,0,0,"","","","","",""
1102,Ujjani Dam_1,Maharashtra SW,27,Maharashtra,496,Solapur,-,-,-,-,-,-,-,-,-,18.07402000,75.12002000,29-12-2023 08:00,0,0,0,0,0,0,0,0,0,0,0,0,0,0,0,0,0,0,0,0,0,0,0,0,0,0,0,0,0,0,0,0,0,0,0,0,0,0,0,0,0,0,0,0,"","","","","",""
1103,Ujjani Dam_1,Maharashtra SW,27,Maharashtra,496,Solapur,-,-,-,-,-,-,-,-,-,18.07402000,75.12002000,29-12-2023 11:00,0,0,0,0,0,0,0,0,0,0,0,0,0,0,0,0,0,0,0,0,0,0,0,0,0,0,0,0,0,0,0,0,0,0,0,0,0,0,0,0,0,0,0,0,"","","","","",""
1104,Ujjani Dam_1,Maharashtra SW,27,Maharashtra,496,Solapur,-,-,-,-,-,-,-,-,-,18.07402000,75.12002000,29-12-2023 12:00,0,0,0,0,0,0,0,0,0,0,0,0,0,0,0,0,0,0,0,0,0,0,0,0,0,0,0,0,0,0,0,0,0,0,0,0,0,0,0,0,0,0,0,0,"","","","","",""
1105,Ujjani Dam_1,Maharashtra SW,27,Maharashtra,496,Solapur,-,-,-,-,-,-,-,-,-,18.07402000,75.12002000,29-12-2023 13:00,0,0,0,0,0,0,0,0,0,0,0,0,0,0,0,0,0,0,0,0,0,0,0,0,0,0,0,0,0,0,0,0,0,0,0,0,0,0,0,0,0,0,0,0,"","","","","",""
1106,Ujjani Dam_1,Maharashtra SW,27,Maharashtra,496,Solapur,-,-,-,-,-,-,-,-,-,18.07402000,75.12002000,29-12-2023 14:00,0,0,0,0,0,0,0,0,0,0,0,0,0,0,0,0,0,0,0,0,0,0,0,0,0,0,0,0,0,0,0,0,0,0,0,0,0,0,0,0,0,0,0,0,"","","","","",""
1107,Ujjani Dam_1,Maharashtra SW,27,Maharashtra,496,Solapur,-,-,-,-,-,-,-,-,-,18.07402000,75.12002000,29-12-2023 15:00,0,0,0,0,0,0,0,0,0,0,0,0,0,0,0,0,0,0,0,0,0,0,0,0,0,0,0,0,0,0,0,0,0,0,0,0,0,0,0,0,0,0,0,0,"","","","","",""
1108,Ujjani Dam_1,Maharashtra SW,27,Maharashtra,496,Solapur,-,-,-,-,-,-,-,-,-,18.07402000,75.12002000,29-12-2023 16:00,0,0,0,0,0,0,0,0,0,0,0,0,0,0,0,0,0,0,0,0,0,0,0,0,0,0,0,0,0,0,0,0,0,0,0,0,0,0,0,0,0,0,0,0,"","","","","",""
1109,Ujjani Dam_1,Maharashtra SW,27,Maharashtra,496,Solapur,-,-,-,-,-,-,-,-,-,18.07402000,75.12002000,29-12-2023 17:00,0,0,0,0,0,0,0,0,0,0,0,0,0,0,0,0,0,0,0,0,0,0,0,0,0,0,0,0,0,0,0,0,0,0,0,0,0,0,0,0,0,0,0,0,"","","","","",""
1110,Ujjani Dam_1,Maharashtra SW,27,Maharashtra,496,Solapur,-,-,-,-,-,-,-,-,-,18.07402000,75.12002000,29-12-2023 19:00,0,0,0,0,0,0,0,0,0,0,0,0,0,0,0,0,0,0,0,0,0,0,0,0,0,0,0,0,0,0,0,0,0,0,0,0,0,0,0,0,0,0,0,0,"","","","","",""
1111,Ujjani Dam_1,Maharashtra SW,27,Maharashtra,496,Solapur,-,-,-,-,-,-,-,-,-,18.07402000,75.12002000,29-12-2023 20:00,0,0,0,0,0,0,0,0,0,0,0,0,0,0,0,0,0,0,0,0,0,0,0,0,0,0,0,0,0,0,0,0,0,0,0,0,0,0,0,0,0,0,0,0,"","","","","",""
1112,Ujjani Dam_1,Maharashtra SW,27,Maharashtra,496,Solapur,-,-,-,-,-,-,-,-,-,18.07402000,75.12002000,29-12-2023 21:00,0,0,0,0,0,0,0,0,0,0,0,0,0,0,0,0,0,0,0,0,0,0,0,0,0,0,0,0,0,0,0,0,0,0,0,0,0,0,0,0,0,0,0,0,"","","","","",""
1113,Ujjani Dam_1,Maharashtra SW,27,Maharashtra,496,Solapur,-,-,-,-,-,-,-,-,-,18.07402000,75.12002000,29-12-2023 22:00,0,0,0,0,0,0,0,0,0,0,0,0,0,0,0,0,0,0,0,0,0,0,0,0,0,0,0,0,0,0,0,0,0,0,0,0,0,0,0,0,0,0,0,0,"","","","","",""
1114,Ujjani Dam_1,Maharashtra SW,27,Maharashtra,496,Solapur,-,-,-,-,-,-,-,-,-,18.07402000,75.12002000,29-12-2023 23:00,0,0,0,0,0,0,0,0,0,0,0,0,0,0,0,0,0,0,0,0,0,0,0,0,0,0,0,0,0,0,0,0,0,0,0,0,0,0,0,0,0,0,0,0,"","","","","",""
1115,Ujjani Dam_1,Maharashtra SW,27,Maharashtra,496,Solapur,-,-,-,-,-,-,-,-,-,18.07402000,75.12002000,30-12-2023 00:00,0,0,0,0,0,0,0,0,0,0,0,0,0,0,0,0,0,0,0,0,0,0,0,0,0,0,0,0,0,0,0,0,0,0,0,0,0,0,0,0,0,0,0,0,"","","","","",""
1116,Ujjani Dam_1,Maharashtra SW,27,Maharashtra,496,Solapur,-,-,-,-,-,-,-,-,-,18.07402000,75.12002000,30-12-2023 01:00,0,0,0,0,0,0,0,0,0,0,0,0,0,0,0,0,0,0,0,0,0,0,0,0,0,0,0,0,0,0,0,0,0,0,0,0,0,0,0,0,0,0,0,0,"","","","","",""
1117,Ujjani Dam_1,Maharashtra SW,27,Maharashtra,496,Solapur,-,-,-,-,-,-,-,-,-,18.07402000,75.12002000,30-12-2023 03:00,0,0,0,0,0,0,0,0,0,0,0,0,0,0,0,0,0,0,0,0,0,0,0,0,0,0,0,0,0,0,0,0,0,0,0,0,0,0,0,0,0,0,0,0,"","","","","",""
1118,Ujjani Dam_1,Maharashtra SW,27,Maharashtra,496,Solapur,-,-,-,-,-,-,-,-,-,18.07402000,75.12002000,30-12-2023 04:00,0,0,0,0,0,0,0,0,0,0,0,0,0,0,0,0,0,0,0,0,0,0,0,0,0,0,0,0,0,0,0,0,0,0,0,0,0,0,0,0,0,0,0,0,"","","","","",""
1119,Ujjani Dam_1,Maharashtra SW,27,Maharashtra,496,Solapur,-,-,-,-,-,-,-,-,-,18.07402000,75.12002000,30-12-2023 05:00,0,0,0,0,0,0,0,0,0,0,0,0,0,0,0,0,0,0,0,0,0,0,0,0,0,0,0,0,0,0,0,0,0,0,0,0,0,0,0,0,0,0,0,0,"","","","","",""
1120,Ujjani Dam_1,Maharashtra SW,27,Maharashtra,496,Solapur,-,-,-,-,-,-,-,-,-,18.07402000,75.12002000,30-12-2023 06:00,0,0,0,0,0,0,0,0,0,0,0,0,0,0,0,0,0,0,0,0,0,0,0,0,0,0,0,0,0,0,0,0,0,0,0,0,0,0,0,0,0,0,0,0,"","","","","",""
1121,Ujjani Dam_1,Maharashtra SW,27,Maharashtra,496,Solapur,-,-,-,-,-,-,-,-,-,18.07402000,75.12002000,30-12-2023 07:00,0,0,0,0,0,0,0,0,0,0,0,0,0,0,0,0,0,0,0,0,0,0,0,0,0,0,0,0,0,0,0,0,0,0,0,0,0,0,0,0,0,0,0,0,"","","","","",""
1122,Ujjani Dam_1,Maharashtra SW,27,Maharashtra,496,Solapur,-,-,-,-,-,-,-,-,-,18.07402000,75.12002000,30-12-2023 08:00,0,0,0,0,0,0,0,0,0,0,0,0,0,0,0,0,0,0,0,0,0,0,0,0,0,0,0,0,0,0,0,0,0,0,0,0,0,0,0,0,0,0,0,0,"","","","","",""
1123,Ujjani Dam_1,Maharashtra SW,27,Maharashtra,496,Solapur,-,-,-,-,-,-,-,-,-,18.07402000,75.12002000,30-12-2023 09:00,0,0,0,0,0,0,0,0,0,0,0,0,0,0,0,0,0,0,0,0,0,0,0,0,0,0,0,0,0,0,0,0,0,0,0,0,0,0,0,0,0,0,0,0,"","","","","",""
1124,Ujjani Dam_1,Maharashtra SW,27,Maharashtra,496,Solapur,-,-,-,-,-,-,-,-,-,18.07402000,75.12002000,30-12-2023 11:00,0,0,0,0,0,0,0,0,0,0,0,0,0,0,0,0,0,0,0,0,0,0,0,0,0,0,0,0,0,0,0,0,0,0,0,0,0,0,0,0,0,0,0,0,"","","","","",""
1125,Ujjani Dam_1,Maharashtra SW,27,Maharashtra,496,Solapur,-,-,-,-,-,-,-,-,-,18.07402000,75.12002000,30-12-2023 12:00,0,0,0,0,0,0,0,0,0,0,0,0,0,0,0,0,0,0,0,0,0,0,0,0,0,0,0,0,0,0,0,0,0,0,0,0,0,0,0,0,0,0,0,0,"","","","","",""
1126,Ujjani Dam_1,Maharashtra SW,27,Maharashtra,496,Solapur,-,-,-,-,-,-,-,-,-,18.07402000,75.12002000,30-12-2023 13:00,0,0,0,0,0,0,0,0,0,0,0,0,0,0,0,0,0,0,0,0,0,0,0,0,0,0,0,0,0,0,0,0,0,0,0,0,0,0,0,0,0,0,0,0,"","","","","",""
1127,Ujjani Dam_1,Maharashtra SW,27,Maharashtra,496,Solapur,-,-,-,-,-,-,-,-,-,18.07402000,75.12002000,30-12-2023 14:00,0,0,0,0,0,0,0,0,0,0,0,0,0,0,0,0,0,0,0,0,0,0,0,0,0,0,0,0,0,0,0,0,0,0,0,0,0,0,0,0,0,0,0,0,"","","","","",""
1128,Ujjani Dam_1,Maharashtra SW,27,Maharashtra,496,Solapur,-,-,-,-,-,-,-,-,-,18.07402000,75.12002000,30-12-2023 15:00,0,0,0,0,0,0,0,0,0,0,0,0,0,0,0,0,0,0,0,0,0,0,0,0,0,0,0,0,0,0,0,0,0,0,0,0,0,0,0,0,0,0,0,0,"","","","","",""
1129,Ujjani Dam_1,Maharashtra SW,27,Maharashtra,496,Solapur,-,-,-,-,-,-,-,-,-,18.07402000,75.12002000,30-12-2023 16:00,0,0,0,0,0,0,0,0,0,0,0,0,0,0,0,0,0,0,0,0,0,0,0,0,0,0,0,0,0,0,0,0,0,0,0,0,0,0,0,0,0,0,0,0,"","","","","",""
1130,Ujjani Dam_1,Maharashtra SW,27,Maharashtra,496,Solapur,-,-,-,-,-,-,-,-,-,18.07402000,75.12002000,30-12-2023 17:00,0,0,0,0,0,0,0,0,0,0,0,0,0,0,0,0,0,0,0,0,0,0,0,0,0,0,0,0,0,0,0,0,0,0,0,0,0,0,0,0,0,0,0,0,"","","","","",""
1131,Ujjani Dam_1,Maharashtra SW,27,Maharashtra,496,Solapur,-,-,-,-,-,-,-,-,-,18.07402000,75.12002000,30-12-2023 19:00,0,0,0,0,0,0,0,0,0,0,0,0,0,0,0,0,0,0,0,0,0,0,0,0,0,0,0,0,0,0,0,0,0,0,0,0,0,0,0,0,0,0,0,0,"","","","","",""
1132,Ujjani Dam_1,Maharashtra SW,27,Maharashtra,496,Solapur,-,-,-,-,-,-,-,-,-,18.07402000,75.12002000,30-12-2023 20:00,0,0,0,0,0,0,0,0,0,0,0,0,0,0,0,0,0,0,0,0,0,0,0,0,0,0,0,0,0,0,0,0,0,0,0,0,0,0,0,0,0,0,0,0,"","","","","",""
1133,Ujjani Dam_1,Maharashtra SW,27,Maharashtra,496,Solapur,-,-,-,-,-,-,-,-,-,18.07402000,75.12002000,30-12-2023 21:00,0,0,0,0,0,0,0,0,0,0,0,0,0,0,0,0,0,0,0,0,0,0,0,0,0,0,0,0,0,0,0,0,0,0,0,0,0,0,0,0,0,0,0,0,"","","","","",""
1134,Ujjani Dam_1,Maharashtra SW,27,Maharashtra,496,Solapur,-,-,-,-,-,-,-,-,-,18.07402000,75.12002000,30-12-2023 22:00,0,0,0,0,0,0,0,0,0,0,0,0,0,0,0,0,0,0,0,0,0,0,0,0,0,0,0,0,0,0,0,0,0,0,0,0,0,0,0,0,0,0,0,0,"","","","","",""
1135,Ujjani Dam_1,Maharashtra SW,27,Maharashtra,496,Solapur,-,-,-,-,-,-,-,-,-,18.07402000,75.12002000,30-12-2023 23:00,0,0,0,0,0,0,0,0,0,0,0,0,0,0,0,0,0,0,0,0,0,0,0,0,0,0,0,0,0,0,0,0,0,0,0,0,0,0,0,0,0,0,0,0,"","","","","",""
1136,Ujjani Dam_1,Maharashtra SW,27,Maharashtra,496,Solapur,-,-,-,-,-,-,-,-,-,18.07402000,75.12002000,31-12-2023 00:00,0,0,0,0,0,0,0,0,0,0,0,0,0,0,0,0,0,0,0,0,0,0,0,0,0,0,0,0,0,0,0,0,0,0,0,0,0,0,0,0,0,0,0,0,"","","","","",""
1137,Ujjani Dam_1,Maharashtra SW,27,Maharashtra,496,Solapur,-,-,-,-,-,-,-,-,-,18.07402000,75.12002000,31-12-2023 01:00,0,0,0,0,0,0,0,0,0,0,0,0,0,0,0,0,0,0,0,0,0,0,0,0,0,0,0,0,0,0,0,0,0,0,0,0,0,0,0,0,0,0,0,0,"","","","","",""
1138,Ujjani Dam_1,Maharashtra SW,27,Maharashtra,496,Solapur,-,-,-,-,-,-,-,-,-,18.07402000,75.12002000,31-12-2023 03:00,0,0,0,0,0,0,0,0,0,0,0,0,0,0,0,0,0,0,0,0,0,0,0,0,0,0,0,0,0,0,0,0,0,0,0,0,0,0,0,0,0,0,0,0,"","","","","",""
1139,Ujjani Dam_1,Maharashtra SW,27,Maharashtra,496,Solapur,-,-,-,-,-,-,-,-,-,18.07402000,75.12002000,31-12-2023 04:00,0,0,0,0,0,0,0,0,0,0,0,0,0,0,0,0,0,0,0,0,0,0,0,0,0,0,0,0,0,0,0,0,0,0,0,0,0,0,0,0,0,0,0,0,"","","","","",""
1140,Ujjani Dam_1,Maharashtra SW,27,Maharashtra,496,Solapur,-,-,-,-,-,-,-,-,-,18.07402000,75.12002000,31-12-2023 05:00,0,0,0,0,0,0,0,0,0,0,0,0,0,0,0,0,0,0,0,0,0,0,0,0,0,0,0,0,0,0,0,0,0,0,0,0,0,0,0,0,0,0,0,0,"","","","","",""
1141,Ujjani Dam_1,Maharashtra SW,27,Maharashtra,496,Solapur,-,-,-,-,-,-,-,-,-,18.07402000,75.12002000,31-12-2023 06:00,0,0,0,0,0,0,0,0,0,0,0,0,0,0,0,0,0,0,0,0,0,0,0,0,0,0,0,0,0,0,0,0,0,0,0,0,0,0,0,0,0,0,0,0,"","","","","",""
1142,Ujjani Dam_1,Maharashtra SW,27,Maharashtra,496,Solapur,-,-,-,-,-,-,-,-,-,18.07402000,75.12002000,31-12-2023 07:00,0,0,0,0,0,0,0,0,0,0,0,0,0,0,0,0,0,0,0,0,0,0,0,0,0,0,0,0,0,0,0,0,0,0,0,0,0,0,0,0,0,0,0,0,"","","","","",""
1143,Ujjani Dam_1,Maharashtra SW,27,Maharashtra,496,Solapur,-,-,-,-,-,-,-,-,-,18.07402000,75.12002000,31-12-2023 08:00,0,0,0,0,0,0,0,0,0,0,0,0,0,0,0,0,0,0,0,0,0,0,0,0,0,0,0,0,0,0,0,0,0,0,0,0,0,0,0,0,0,0,0,0,"","","","","",""
1144,Ujjani Dam_1,Maharashtra SW,27,Maharashtra,496,Solapur,-,-,-,-,-,-,-,-,-,18.07402000,75.12002000,31-12-2023 09:00,0,0,0,0,0,0,0,0,0,0,0,0,0,0,0,0,0,0,0,0,0,0,0,0,0,0,0,0,0,0,0,0,0,0,0,0,0,0,0,0,0,0,0,0,"","","","","",""
1145,Ujjani Dam_1,Maharashtra SW,27,Maharashtra,496,Solapur,-,-,-,-,-,-,-,-,-,18.07402000,75.12002000,31-12-2023 11:00,0,0,0,0,0,0,0,0,0,0,0,0,0,0,0,0,0,0,0,0,0,0,0,0,0,0,0,0,0,0,0,0,0,0,0,0,0,0,0,0,0,0,0,0,"","","","","",""
1146,Ujjani Dam_1,Maharashtra SW,27,Maharashtra,496,Solapur,-,-,-,-,-,-,-,-,-,18.07402000,75.12002000,31-12-2023 12:00,0,0,0,0,0,0,0,0,0,0,0,0,0,0,0,0,0,0,0,0,0,0,0,0,0,0,0,0,0,0,0,0,0,0,0,0,0,0,0,0,0,0,0,0,"","","","","",""
1147,Ujjani Dam_1,Maharashtra SW,27,Maharashtra,496,Solapur,-,-,-,-,-,-,-,-,-,18.07402000,75.12002000,31-12-2023 13:00,0,0,0,0,0,0,0,0,0,0,0,0,0,0,0,0,0,0,0,0,0,0,0,0,0,0,0,0,0,0,0,0,0,0,0,0,0,0,0,0,0,0,0,0,"","","","","",""
1148,Ujjani Dam_1,Maharashtra SW,27,Maharashtra,496,Solapur,-,-,-,-,-,-,-,-,-,18.07402000,75.12002000,31-12-2023 14:00,0,0,0,0,0,0,0,0,0,0,0,0,0,0,0,0,0,0,0,0,0,0,0,0,0,0,0,0,0,0,0,0,0,0,0,0,0,0,0,0,0,0,0,0,"","","","","",""
1149,Ujjani Dam_1,Maharashtra SW,27,Maharashtra,496,Solapur,-,-,-,-,-,-,-,-,-,18.07402000,75.12002000,31-12-2023 15:00,0,0,0,0,0,0,0,0,0,0,0,0,0,0,0,0,0,0,0,0,0,0,0,0,0,0,0,0,0,0,0,0,0,0,0,0,0,0,0,0,0,0,0,0,"","","","","",""
1150,Ujjani Dam_1,Maharashtra SW,27,Maharashtra,496,Solapur,-,-,-,-,-,-,-,-,-,18.07402000,75.12002000,31-12-2023 16:00,0,0,0,0,0,0,0,0,0,0,0,0,0,0,0,0,0,0,0,0,0,0,0,0,0,0,0,0,0,0,0,0,0,0,0,0,0,0,0,0,0,0,0,0,"","","","","",""
1151,Ujjani Dam_1,Maharashtra SW,27,Maharashtra,496,Solapur,-,-,-,-,-,-,-,-,-,18.07402000,75.12002000,31-12-2023 17:00,0,0,0,0,0,0,0,0,0,0,0,0,0,0,0,0,0,0,0,0,0,0,0,0,0,0,0,0,0,0,0,0,0,0,0,0,0,0,0,0,0,0,0,0,"","","","","",""
1152,Ujjani Dam_1,Maharashtra SW,27,Maharashtra,496,Solapur,-,-,-,-,-,-,-,-,-,18.07402000,75.12002000,31-12-2023 19:00,0,0,0,0,0,0,0,0,0,0,0,0,0,0,0,0,0,0,0,0,0,0,0,0,0,0,0,0,0,0,0,0,0,0,0,0,0,0,0,0,0,0,0,0,"","","","","",""
1153,Ujjani Dam_1,Maharashtra SW,27,Maharashtra,496,Solapur,-,-,-,-,-,-,-,-,-,18.07402000,75.12002000,31-12-2023 20:00,0,0,0,0,0,0,0,0,0,0,0,0,0,0,0,0,0,0,0,0,0,0,0,0,0,0,0,0,0,0,0,0,0,0,0,0,0,0,0,0,0,0,0,0,"","","","","",""
1154,Ujjani Dam_1,Maharashtra SW,27,Maharashtra,496,Solapur,-,-,-,-,-,-,-,-,-,18.07402000,75.12002000,31-12-2023 21:00,0,0,0,0,0,0,0,0,0,0,0,0,0,0,0,0,0,0,0,0,0,0,0,0,0,0,0,0,0,0,0,0,0,0,0,0,0,0,0,0,0,0,0,0,"","","","","",""
1155,Ujjani Dam_1,Maharashtra SW,27,Maharashtra,496,Solapur,-,-,-,-,-,-,-,-,-,18.07402000,75.12002000,31-12-2023 22:00,0,0,0,0,0,0,0,0,0,0,0,0,0,0,0,0,0,0,0,0,0,0,0,0,0,0,0,0,0,0,0,0,0,0,0,0,0,0,0,0,0,0,0,0,"","","","","",""
1156,Ujjani Dam_1,Maharashtra SW,27,Maharashtra,496,Solapur,-,-,-,-,-,-,-,-,-,18.07402000,75.12002000,31-12-2023 23:00,0,0,0,0,0,0,0,0,0,0,0,0,0,0,0,0,0,0,0,0,0,0,0,0,0,0,0,0,0,0,0,0,0,0,0,0,0,0,0,0,0,0,0,0,"","","","","",""
1157,Ujjani Dam_1,Maharashtra SW,27,Maharashtra,496,Solapur,-,-,-,-,-,-,-,-,-,18.07402000,75.12002000,01-01-2024 00:00,0,0,0,0,0,0,0,0,0,0,0,0,0,0,0,0,0,0,0,0,0,0,0,0,0,0,0,0,0,0,0,0,0,0,0,0,0,0,0,0,0,0,0,0,"","","","","",""
1158,Ujjani Dam_1,Maharashtra SW,27,Maharashtra,496,Solapur,-,-,-,-,-,-,-,-,-,18.07402000,75.12002000,01-01-2024 01:00,0,0,0,0,0,0,0,0,0,0,0,0,0,0,0,0,0,0,0,0,0,0,0,0,0,0,0,0,0,0,0,0,0,0,0,0,0,0,0,0,0,0,0,0,"","","","","",""
1159,Ujjani Dam_1,Maharashtra SW,27,Maharashtra,496,Solapur,-,-,-,-,-,-,-,-,-,18.07402000,75.12002000,01-01-2024 03:00,0,0,0,0,0,0,0,0,0,0,0,0,0,0,0,0,0,0,0,0,0,0,0,0,0,0,0,0,0,0,0,0,0,0,0,0,0,0,0,0,0,0,0,0,"","","","","",""
1160,Ujjani Dam_1,Maharashtra SW,27,Maharashtra,496,Solapur,-,-,-,-,-,-,-,-,-,18.07402000,75.12002000,01-01-2024 04:00,0,0,0,0,0,0,0,0,0,0,0,0,0,0,0,0,0,0,0,0,0,0,0,0,0,0,0,0,0,0,0,0,0,0,0,0,0,0,0,0,0,0,0,0,"","","","","",""
1161,Ujjani Dam_1,Maharashtra SW,27,Maharashtra,496,Solapur,-,-,-,-,-,-,-,-,-,18.07402000,75.12002000,01-01-2024 05:00,0,0,0,0,0,0,0,0,0,0,0,0,0,0,0,0,0,0,0,0,0,0,0,0,0,0,0,0,0,0,0,0,0,0,0,0,0,0,0,0,0,0,0,0,"","","","","",""
1162,Ujjani Dam_1,Maharashtra SW,27,Maharashtra,496,Solapur,-,-,-,-,-,-,-,-,-,18.07402000,75.12002000,01-01-2024 06:00,0,0,0,0,0,0,0,0,0,0,0,0,0,0,0,0,0,0,0,0,0,0,0,0,0,0,0,0,0,0,0,0,0,0,0,0,0,0,0,0,0,0,0,0,"","","","","",""
1163,Ujjani Dam_1,Maharashtra SW,27,Maharashtra,496,Solapur,-,-,-,-,-,-,-,-,-,18.07402000,75.12002000,01-01-2024 07:00,0,0,0,0,0,0,0,0,0,0,0,0,0,0,0,0,0,0,0,0,0,0,0,0,0,0,0,0,0,0,0,0,0,0,0,0,0,0,0,0,0,0,0,0,"","","","","",""
1164,Ujjani Dam_1,Maharashtra SW,27,Maharashtra,496,Solapur,-,-,-,-,-,-,-,-,-,18.07402000,75.12002000,01-01-2024 08:00,0,0,0,0,0,0,0,0,0,0,0,0,0,0,0,0,0,0,0,0,0,0,0,0,0,0,0,0,0,0,0,0,0,0,0,0,0,0,0,0,0,0,0,0,"","","","","",""
1165,Ujjani Dam_1,Maharashtra SW,27,Maharashtra,496,Solapur,-,-,-,-,-,-,-,-,-,18.07402000,75.12002000,01-01-2024 10:00,0,0,0,0,0,0,0,0,0,0,0,0,0,0,0,0,0,0,0,0,0,0,0,0,0,0,0,0,0,0,0,0,0,0,0,0,0,0,0,0,0,0,0,0,"","","","","",""
1166,Ujjani Dam_1,Maharashtra SW,27,Maharashtra,496,Solapur,-,-,-,-,-,-,-,-,-,18.07402000,75.12002000,01-01-2024 11:00,0,0,0,0,0,0,0,0,0,0,0,0,0,0,0,0,0,0,0,0,0,0,0,0,0,0,0,0,0,0,0,0,0,0,0,0,0,0,0,0,0,0,0,0,"","","","","",""
1167,Ujjani Dam_1,Maharashtra SW,27,Maharashtra,496,Solapur,-,-,-,-,-,-,-,-,-,18.07402000,75.12002000,01-01-2024 12:00,0,0,0,0,0,0,0,0,0,0,0,0,0,0,0,0,0,0,0,0,0,0,0,0,0,0,0,0,0,0,0,0,0,0,0,0,0,0,0,0,0,0,0,0,"","","","","",""
1168,Ujjani Dam_1,Maharashtra SW,27,Maharashtra,496,Solapur,-,-,-,-,-,-,-,-,-,18.07402000,75.12002000,01-01-2024 13:00,0,0,0,0,0,0,0,0,0,0,0,0,0,0,0,0,0,0,0,0,0,0,0,0,0,0,0,0,0,0,0,0,0,0,0,0,0,0,0,0,0,0,0,0,"","","","","",""
1169,Ujjani Dam_1,Maharashtra SW,27,Maharashtra,496,Solapur,-,-,-,-,-,-,-,-,-,18.07402000,75.12002000,01-01-2024 14:00,0,0,0,0,0,0,0,0,0,0,0,0,0,0,0,0,0,0,0,0,0,0,0,0,0,0,0,0,0,0,0,0,0,0,0,0,0,0,0,0,0,0,0,0,"","","","","",""
1170,Ujjani Dam_1,Maharashtra SW,27,Maharashtra,496,Solapur,-,-,-,-,-,-,-,-,-,18.07402000,75.12002000,01-01-2024 15:00,0,0,0,0,0,0,0,0,0,0,0,0,0,0,0,0,0,0,0,0,0,0,0,0,0,0,0,0,0,0,0,0,0,0,0,0,0,0,0,0,0,0,0,0,"","","","","",""
1171,Ujjani Dam_1,Maharashtra SW,27,Maharashtra,496,Solapur,-,-,-,-,-,-,-,-,-,18.07402000,75.12002000,01-01-2024 16:00,0,0,0,0,0,0,0,0,0,0,0,0,0,0,0,0,0,0,0,0,0,0,0,0,0,0,0,0,0,0,0,0,0,0,0,0,0,0,0,0,0,0,0,0,"","","","","",""
1172,Ujjani Dam_1,Maharashtra SW,27,Maharashtra,496,Solapur,-,-,-,-,-,-,-,-,-,18.07402000,75.12002000,01-01-2024 18:00,0,0,0,0,0,0,0,0,0,0,0,0,0,0,0,0,0,0,0,0,0,0,0,0,0,0,0,0,0,0,0,0,0,0,0,0,0,0,0,0,0,0,0,0,"","","","","",""
1173,Ujjani Dam_1,Maharashtra SW,27,Maharashtra,496,Solapur,-,-,-,-,-,-,-,-,-,18.07402000,75.12002000,01-01-2024 19:00,0,0,0,0,0,0,0,0,0,0,0,0,0,0,0,0,0,0,0,0,0,0,0,0,0,0,0,0,0,0,0,0,0,0,0,0,0,0,0,0,0,0,0,0,"","","","","",""
1174,Ujjani Dam_1,Maharashtra SW,27,Maharashtra,496,Solapur,-,-,-,-,-,-,-,-,-,18.07402000,75.12002000,01-01-2024 20:00,0,0,0,0,0,0,0,0,0,0,0,0,0,0,0,0,0,0,0,0,0,0,0,0,0,0,0,0,0,0,0,0,0,0,0,0,0,0,0,0,0,0,0,0,"","","","","",""
1175,Ujjani Dam_1,Maharashtra SW,27,Maharashtra,496,Solapur,-,-,-,-,-,-,-,-,-,18.07402000,75.12002000,01-01-2024 21:00,0,0,0,0,0,0,0,0,0,0,0,0,0,0,0,0,0,0,0,0,0,0,0,0,0,0,0,0,0,0,0,0,0,0,0,0,0,0,0,0,0,0,0,0,"","","","","",""
1176,Ujjani Dam_1,Maharashtra SW,27,Maharashtra,496,Solapur,-,-,-,-,-,-,-,-,-,18.07402000,75.12002000,01-01-2024 22:00,0,0,0,0,0,0,0,0,0,0,0,0,0,0,0,0,0,0,0,0,0,0,0,0,0,0,0,0,0,0,0,0,0,0,0,0,0,0,0,0,0,0,0,0,"","","","","",""
1177,Ujjani Dam_1,Maharashtra SW,27,Maharashtra,496,Solapur,-,-,-,-,-,-,-,-,-,18.07402000,75.12002000,01-01-2024 23:00,0,0,0,0,0,0,0,0,0,0,0,0,0,0,0,0,0,0,0,0,0,0,0,0,0,0,0,0,0,0,0,0,0,0,0,0,0,0,0,0,0,0,0,0,"","","","","",""
1178,Ujjani Dam_1,Maharashtra SW,27,Maharashtra,496,Solapur,-,-,-,-,-,-,-,-,-,18.07402000,75.12002000,02-01-2024 00:00,0,0,0,0,0,0,0,0,0,0,0,0,0,0,0,0,0,0,0,0,0,0,0,0,0,0,0,0,0,0,0,0,0,0,0,0,0,0,0,0,0,0,0,0,"","","","","",""
1179,Ujjani Dam_1,Maharashtra SW,27,Maharashtra,496,Solapur,-,-,-,-,-,-,-,-,-,18.07402000,75.12002000,02-01-2024 02:00,0,0,0,0,0,0,0,0,0,0,0,0,0,0,0,0,0,0,0,0,0,0,0,0,0,0,0,0,0,0,0,0,0,0,0,0,0,0,0,0,0,0,0,0,"","","","","",""
1180,Ujjani Dam_1,Maharashtra SW,27,Maharashtra,496,Solapur,-,-,-,-,-,-,-,-,-,18.07402000,75.12002000,02-01-2024 03:00,0,0,0,0,0,0,0,0,0,0,0,0,0,0,0,0,0,0,0,0,0,0,0,0,0,0,0,0,0,0,0,0,0,0,0,0,0,0,0,0,0,0,0,0,"","","","","",""
1181,Ujjani Dam_1,Maharashtra SW,27,Maharashtra,496,Solapur,-,-,-,-,-,-,-,-,-,18.07402000,75.12002000,02-01-2024 04:00,0,0,0,0,0,0,0,0,0,0,0,0,0,0,0,0,0,0,0,0,0,0,0,0,0,0,0,0,0,0,0,0,0,0,0,0,0,0,0,0,0,0,0,0,"","","","","",""
1182,Ujjani Dam_1,Maharashtra SW,27,Maharashtra,496,Solapur,-,-,-,-,-,-,-,-,-,18.07402000,75.12002000,02-01-2024 05:00,0,0,0,0,0,0,0,0,0,0,0,0,0,0,0,0,0,0,0,0,0,0,0,0,0,0,0,0,0,0,0,0,0,0,0,0,0,0,0,0,0,0,0,0,"","","","","",""
1183,Ujjani Dam_1,Maharashtra SW,27,Maharashtra,496,Solapur,-,-,-,-,-,-,-,-,-,18.07402000,75.12002000,02-01-2024 06:00,0,0,0,0,0,0,0,0,0,0,0,0,0,0,0,0,0,0,0,0,0,0,0,0,0,0,0,0,0,0,0,0,0,0,0,0,0,0,0,0,0,0,0,0,"","","","","",""
1184,Ujjani Dam_1,Maharashtra SW,27,Maharashtra,496,Solapur,-,-,-,-,-,-,-,-,-,18.07402000,75.12002000,02-01-2024 07:00,0,0,0,0,0,0,0,0,0,0,0,0,0,0,0,0,0,0,0,0,0,0,0,0,0,0,0,0,0,0,0,0,0,0,0,0,0,0,0,0,0,0,0,0,"","","","","",""
1185,Ujjani Dam_1,Maharashtra SW,27,Maharashtra,496,Solapur,-,-,-,-,-,-,-,-,-,18.07402000,75.12002000,02-01-2024 08:00,0,0,0,0,0,0,0,0,0,0,0,0,0,0,0,0,0,0,0,0,0,0,0,0,0,0,0,0,0,0,0,0,0,0,0,0,0,0,0,0,0,0,0,0,"","","","","",""
1186,Ujjani Dam_1,Maharashtra SW,27,Maharashtra,496,Solapur,-,-,-,-,-,-,-,-,-,18.07402000,75.12002000,02-01-2024 10:00,0,0,0,0,0,0,0,0,0,0,0,0,0,0,0,0,0,0,0,0,0,0,0,0,0,0,0,0,0,0,0,0,0,0,0,0,0,0,0,0,0,0,0,0,"","","","","",""
1187,Ujjani Dam_1,Maharashtra SW,27,Maharashtra,496,Solapur,-,-,-,-,-,-,-,-,-,18.07402000,75.12002000,02-01-2024 11:00,0,0,0,0,0,0,0,0,0,0,0,0,0,0,0,0,0,0,0,0,0,0,0,0,0,0,0,0,0,0,0,0,0,0,0,0,0,0,0,0,0,0,0,0,"","","","","",""
1188,Ujjani Dam_1,Maharashtra SW,27,Maharashtra,496,Solapur,-,-,-,-,-,-,-,-,-,18.07402000,75.12002000,02-01-2024 12:00,0,0,0,0,0,0,0,0,0,0,0,0,0,0,0,0,0,0,0,0,0,0,0,0,0,0,0,0,0,0,0,0,0,0,0,0,0,0,0,0,0,0,0,0,"","","","","",""
1189,Ujjani Dam_1,Maharashtra SW,27,Maharashtra,496,Solapur,-,-,-,-,-,-,-,-,-,18.07402000,75.12002000,02-01-2024 13:00,0,0,0,0,0,0,0,0,0,0,0,0,0,0,0,0,0,0,0,0,0,0,0,0,0,0,0,0,0,0,0,0,0,0,0,0,0,0,0,0,0,0,0,0,"","","","","",""
1190,Ujjani Dam_1,Maharashtra SW,27,Maharashtra,496,Solapur,-,-,-,-,-,-,-,-,-,18.07402000,75.12002000,02-01-2024 14:00,0,0,0,0,0,0,0,0,0,0,0,0,0,0,0,0,0,0,0,0,0,0,0,0,0,0,0,0,0,0,0,0,0,0,0,0,0,0,0,0,0,0,0,0,"","","","","",""
1191,Ujjani Dam_1,Maharashtra SW,27,Maharashtra,496,Solapur,-,-,-,-,-,-,-,-,-,18.07402000,75.12002000,02-01-2024 15:00,0,0,0,0,0,0,0,0,0,0,0,0,0,0,0,0,0,0,0,0,0,0,0,0,0,0,0,0,0,0,0,0,0,0,0,0,0,0,0,0,0,0,0,0,"","","","","",""
1192,Ujjani Dam_1,Maharashtra SW,27,Maharashtra,496,Solapur,-,-,-,-,-,-,-,-,-,18.07402000,75.12002000,02-01-2024 16:00,0,0,0,0,0,0,0,0,0,0,0,0,0,0,0,0,0,0,0,0,0,0,0,0,0,0,0,0,0,0,0,0,0,0,0,0,0,0,0,0,0,0,0,0,"","","","","",""
1193,Ujjani Dam_1,Maharashtra SW,27,Maharashtra,496,Solapur,-,-,-,-,-,-,-,-,-,18.07402000,75.12002000,02-01-2024 18:00,0,0,0,0,0,0,0,0,0,0,0,0,0,0,0,0,0,0,0,0,0,0,0,0,0,0,0,0,0,0,0,0,0,0,0,0,0,0,0,0,0,0,0,0,"","","","","",""
1194,Ujjani Dam_1,Maharashtra SW,27,Maharashtra,496,Solapur,-,-,-,-,-,-,-,-,-,18.07402000,75.12002000,02-01-2024 19:00,0,0,0,0,0,0,0,0,0,0,0,0,0,0,0,0,0,0,0,0,0,0,0,0,0,0,0,0,0,0,0,0,0,0,0,0,0,0,0,0,0,0,0,0,"","","","","",""
1195,Ujjani Dam_1,Maharashtra SW,27,Maharashtra,496,Solapur,-,-,-,-,-,-,-,-,-,18.07402000,75.12002000,02-01-2024 20:00,0,0,0,0,0,0,0,0,0,0,0,0,0,0,0,0,0,0,0,0,0,0,0,0,0,0,0,0,0,0,0,0,0,0,0,0,0,0,0,0,0,0,0,0,"","","","","",""
1196,Ujjani Dam_1,Maharashtra SW,27,Maharashtra,496,Solapur,-,-,-,-,-,-,-,-,-,18.07402000,75.12002000,02-01-2024 21:00,0,0,0,0,0,0,0,0,0,0,0,0,0,0,0,0,0,0,0,0,0,0,0,0,0,0,0,0,0,0,0,0,0,0,0,0,0,0,0,0,0,0,0,0,"","","","","",""
1197,Ujjani Dam_1,Maharashtra SW,27,Maharashtra,496,Solapur,-,-,-,-,-,-,-,-,-,18.07402000,75.12002000,02-01-2024 22:00,0,0,0,0,0,0,0,0,0,0,0,0,0,0,0,0,0,0,0,0,0,0,0,0,0,0,0,0,0,0,0,0,0,0,0,0,0,0,0,0,0,0,0,0,"","","","","",""
1198,Ujjani Dam_1,Maharashtra SW,27,Maharashtra,496,Solapur,-,-,-,-,-,-,-,-,-,18.07402000,75.12002000,02-01-2024 23:00,0,0,0,0,0,0,0,0,0,0,0,0,0,0,0,0,0,0,0,0,0,0,0,0,0,0,0,0,0,0,0,0,0,0,0,0,0,0,0,0,0,0,0,0,"","","","","",""
1199,Ujjani Dam_1,Maharashtra SW,27,Maharashtra,496,Solapur,-,-,-,-,-,-,-,-,-,18.07402000,75.12002000,03-01-2024 00:00,0,0,0,0,0,0,0,0,0,0,0,0,0,0,0,0,0,0,0,0,0,0,0,0,0,0,0,0,0,0,0,0,0,0,0,0,0,0,0,0,0,0,0,0,"","","","","",""
1200,Ujjani Dam_1,Maharashtra SW,27,Maharashtra,496,Solapur,-,-,-,-,-,-,-,-,-,18.07402000,75.12002000,03-01-2024 02:00,0,0,0,0,0,0,0,0,0,0,0,0,0,0,0,0,0,0,0,0,0,0,0,0,0,0,0,0,0,0,0,0,0,0,0,0,0,0,0,0,0,0,0,0,"","","","","",""
1201,Ujjani Dam_1,Maharashtra SW,27,Maharashtra,496,Solapur,-,-,-,-,-,-,-,-,-,18.07402000,75.12002000,03-01-2024 03:00,0,0,0,0,0,0,0,0,0,0,0,0,0,0,0,0,0,0,0,0,0,0,0,0,0,0,0,0,0,0,0,0,0,0,0,0,0,0,0,0,0,0,0,0,"","","","","",""
1202,Ujjani Dam_1,Maharashtra SW,27,Maharashtra,496,Solapur,-,-,-,-,-,-,-,-,-,18.07402000,75.12002000,03-01-2024 04:00,0,0,0,0,0,0,0,0,0,0,0,0,0,0,0,0,0,0,0,0,0,0,0,0,0,0,0,0,0,0,0,0,0,0,0,0,0,0,0,0,0,0,0,0,"","","","","",""
1203,Ujjani Dam_1,Maharashtra SW,27,Maharashtra,496,Solapur,-,-,-,-,-,-,-,-,-,18.07402000,75.12002000,03-01-2024 05:00,0,0,0,0,0,0,0,0,0,0,0,0,0,0,0,0,0,0,0,0,0,0,0,0,0,0,0,0,0,0,0,0,0,0,0,0,0,0,0,0,0,0,0,0,"","","","","",""
1204,Ujjani Dam_1,Maharashtra SW,27,Maharashtra,496,Solapur,-,-,-,-,-,-,-,-,-,18.07402000,75.12002000,03-01-2024 06:00,0,0,0,0,0,0,0,0,0,0,0,0,0,0,0,0,0,0,0,0,0,0,0,0,0,0,0,0,0,0,0,0,0,0,0,0,0,0,0,0,0,0,0,0,"","","","","",""
1205,Ujjani Dam_1,Maharashtra SW,27,Maharashtra,496,Solapur,-,-,-,-,-,-,-,-,-,18.07402000,75.12002000,03-01-2024 07:00,0,0,0,0,0,0,0,0,0,0,0,0,0,0,0,0,0,0,0,0,0,0,0,0,0,0,0,0,0,0,0,0,0,0,0,0,0,0,0,0,0,0,0,0,"","","","","",""
1206,Ujjani Dam_1,Maharashtra SW,27,Maharashtra,496,Solapur,-,-,-,-,-,-,-,-,-,18.07402000,75.12002000,03-01-2024 08:00,0,0,0,0,0,0,0,0,0,0,0,0,0,0,0,0,0,0,0,0,0,0,0,0,0,0,0,0,0,0,0,0,0,0,0,0,0,0,0,0,0,0,0,0,"","","","","",""
1207,Ujjani Dam_1,Maharashtra SW,27,Maharashtra,496,Solapur,-,-,-,-,-,-,-,-,-,18.07402000,75.12002000,03-01-2024 10:00,0,0,0,0,0,0,0,0,0,0,0,0,0,0,0,0,0,0,0,0,0,0,0,0,0,0,0,0,0,0,0,0,0,0,0,0,0,0,0,0,0,0,0,0,"","","","","",""
1208,Ujjani Dam_1,Maharashtra SW,27,Maharashtra,496,Solapur,-,-,-,-,-,-,-,-,-,18.07402000,75.12002000,03-01-2024 11:00,0,0,0,0,0,0,0,0,0,0,0,0,0,0,0,0,0,0,0,0,0,0,0,0,0,0,0,0,0,0,0,0,0,0,0,0,0,0,0,0,0,0,0,0,"","","","","",""
1209,Ujjani Dam_1,Maharashtra SW,27,Maharashtra,496,Solapur,-,-,-,-,-,-,-,-,-,18.07402000,75.12002000,03-01-2024 12:00,0,0,0,0,0,0,0,0,0,0,0,0,0,0,0,0,0,0,0,0,0,0,0,0,0,0,0,0,0,0,0,0,0,0,0,0,0,0,0,0,0,0,0,0,"","","","","",""
1210,Ujjani Dam_1,Maharashtra SW,27,Maharashtra,496,Solapur,-,-,-,-,-,-,-,-,-,18.07402000,75.12002000,03-01-2024 13:00,0,0,0,0,0,0,0,0,0,0,0,0,0,0,0,0,0,0,0,0,0,0,0,0,0,0,0,0,0,0,0,0,0,0,0,0,0,0,0,0,0,0,0,0,"","","","","",""
1211,Ujjani Dam_1,Maharashtra SW,27,Maharashtra,496,Solapur,-,-,-,-,-,-,-,-,-,18.07402000,75.12002000,03-01-2024 14:00,0,0,0,0,0,0,0,0,0,0,0,0,0,0,0,0,0,0,0,0,0,0,0,0,0,0,0,0,0,0,0,0,0,0,0,0,0,0,0,0,0,0,0,0,"","","","","",""
1212,Ujjani Dam_1,Maharashtra SW,27,Maharashtra,496,Solapur,-,-,-,-,-,-,-,-,-,18.07402000,75.12002000,03-01-2024 15:00,0,0,0,0,0,0,0,0,0,0,0,0,0,0,0,0,0,0,0,0,0,0,0,0,0,0,0,0,0,0,0,0,0,0,0,0,0,0,0,0,0,0,0,0,"","","","","",""
1213,Ujjani Dam_1,Maharashtra SW,27,Maharashtra,496,Solapur,-,-,-,-,-,-,-,-,-,18.07402000,75.12002000,03-01-2024 16:00,0,0,0,0,0,0,0,0,0,0,0,0,0,0,0,0,0,0,0,0,0,0,0,0,0,0,0,0,0,0,0,0,0,0,0,0,0,0,0,0,0,0,0,0,"","","","","",""
1214,Ujjani Dam_1,Maharashtra SW,27,Maharashtra,496,Solapur,-,-,-,-,-,-,-,-,-,18.07402000,75.12002000,03-01-2024 18:00,0,0,0,0,0,0,0,0,0,0,0,0,0,0,0,0,0,0,0,0,0,0,0,0,0,0,0,0,0,0,0,0,0,0,0,0,0,0,0,0,0,0,0,0,"","","","","",""
1215,Ujjani Dam_1,Maharashtra SW,27,Maharashtra,496,Solapur,-,-,-,-,-,-,-,-,-,18.07402000,75.12002000,03-01-2024 19:00,0,0,0,0,0,0,0,0,0,0,0,0,0,0,0,0,0,0,0,0,0,0,0,0,0,0,0,0,0,0,0,0,0,0,0,0,0,0,0,0,0,0,0,0,"","","","","",""
1216,Ujjani Dam_1,Maharashtra SW,27,Maharashtra,496,Solapur,-,-,-,-,-,-,-,-,-,18.07402000,75.12002000,03-01-2024 20:00,0,0,0,0,0,0,0,0,0,0,0,0,0,0,0,0,0,0,0,0,0,0,0,0,0,0,0,0,0,0,0,0,0,0,0,0,0,0,0,0,0,0,0,0,"","","","","",""
1217,Ujjani Dam_1,Maharashtra SW,27,Maharashtra,496,Solapur,-,-,-,-,-,-,-,-,-,18.07402000,75.12002000,03-01-2024 21:00,0,0,0,0,0,0,0,0,0,0,0,0,0,0,0,0,0,0,0,0,0,0,0,0,0,0,0,0,0,0,0,0,0,0,0,0,0,0,0,0,0,0,0,0,"","","","","",""
1218,Ujjani Dam_1,Maharashtra SW,27,Maharashtra,496,Solapur,-,-,-,-,-,-,-,-,-,18.07402000,75.12002000,03-01-2024 22:00,0,0,0,0,0,0,0,0,0,0,0,0,0,0,0,0,0,0,0,0,0,0,0,0,0,0,0,0,0,0,0,0,0,0,0,0,0,0,0,0,0,0,0,0,"","","","","",""
1219,Ujjani Dam_1,Maharashtra SW,27,Maharashtra,496,Solapur,-,-,-,-,-,-,-,-,-,18.07402000,75.12002000,03-01-2024 23:00,0,0,0,0,0,0,0,0,0,0,0,0,0,0,0,0,0,0,0,0,0,0,0,0,0,0,0,0,0,0,0,0,0,0,0,0,0,0,0,0,0,0,0,0,"","","","","",""
1220,Ujjani Dam_1,Maharashtra SW,27,Maharashtra,496,Solapur,-,-,-,-,-,-,-,-,-,18.07402000,75.12002000,04-01-2024 00:00,0,0,0,0,0,0,0,0,0,0,0,0,0,0,0,0,0,0,0,0,0,0,0,0,0,0,0,0,0,0,0,0,0,0,0,0,0,0,0,0,0,0,0,0,"","","","","",""
1221,Ujjani Dam_1,Maharashtra SW,27,Maharashtra,496,Solapur,-,-,-,-,-,-,-,-,-,18.07402000,75.12002000,04-01-2024 02:00,0,0,0,0,0,0,0,0,0,0,0,0,0,0,0,0,0,0,0,0,0,0,0,0,0,0,0,0,0,0,0,0,0,0,0,0,0,0,0,0,0,0,0,0,"","","","","",""
1222,Ujjani Dam_1,Maharashtra SW,27,Maharashtra,496,Solapur,-,-,-,-,-,-,-,-,-,18.07402000,75.12002000,04-01-2024 03:00,0,0,0,0,0,0,0,0,0,0,0,0,0,0,0,0,0,0,0,0,0,0,0,0,0,0,0,0,0,0,0,0,0,0,0,0,0,0,0,0,0,0,0,0,"","","","","",""
1223,Ujjani Dam_1,Maharashtra SW,27,Maharashtra,496,Solapur,-,-,-,-,-,-,-,-,-,18.07402000,75.12002000,04-01-2024 04:00,0,0,0,0,0,0,0,0,0,0,0,0,0,0,0,0,0,0,0,0,0,0,0,0,0,0,0,0,0,0,0,0,0,0,0,0,0,0,0,0,0,0,0,0,"","","","","",""
1224,Ujjani Dam_1,Maharashtra SW,27,Maharashtra,496,Solapur,-,-,-,-,-,-,-,-,-,18.07402000,75.12002000,04-01-2024 05:00,0,0,0,0,0,0,0,0,0,0,0,0,0,0,0,0,0,0,0,0,0,0,0,0,0,0,0,0,0,0,0,0,0,0,0,0,0,0,0,0,0,0,0,0,"","","","","",""
1225,Ujjani Dam_1,Maharashtra SW,27,Maharashtra,496,Solapur,-,-,-,-,-,-,-,-,-,18.07402000,75.12002000,04-01-2024 06:00,0,0,0,0,0,0,0,0,0,0,0,0,0,0,0,0,0,0,0,0,0,0,0,0,0,0,0,0,0,0,0,0,0,0,0,0,0,0,0,0,0,0,0,0,"","","","","",""
1226,Ujjani Dam_1,Maharashtra SW,27,Maharashtra,496,Solapur,-,-,-,-,-,-,-,-,-,18.07402000,75.12002000,04-01-2024 07:00,0,0,0,0,0,0,0,0,0,0,0,0,0,0,0,0,0,0,0,0,0,0,0,0,0,0,0,0,0,0,0,0,0,0,0,0,0,0,0,0,0,0,0,0,"","","","","",""
1227,Ujjani Dam_1,Maharashtra SW,27,Maharashtra,496,Solapur,-,-,-,-,-,-,-,-,-,18.07402000,75.12002000,04-01-2024 09:00,0,0,0,0,0,0,0,0,0,0,0,0,0,0,0,0,0,0,0,0,0,0,0,0,0,0,0,0,0,0,0,0,0,0,0,0,0,0,0,0,0,0,0,0,"","","","","",""
1228,Ujjani Dam_1,Maharashtra SW,27,Maharashtra,496,Solapur,-,-,-,-,-,-,-,-,-,18.07402000,75.12002000,04-01-2024 10:00,0,0,0,0,0,0,0,0,0,0,0,0,0,0,0,0,0,0,0,0,0,0,0,0,0,0,0,0,0,0,0,0,0,0,0,0,0,0,0,0,0,0,0,0,"","","","","",""
1229,Ujjani Dam_1,Maharashtra SW,27,Maharashtra,496,Solapur,-,-,-,-,-,-,-,-,-,18.07402000,75.12002000,04-01-2024 11:00,0,0,0,0,0,0,0,0,0,0,0,0,0,0,0,0,0,0,0,0,0,0,0,0,0,0,0,0,0,0,0,0,0,0,0,0,0,0,0,0,0,0,0,0,"","","","","",""
1230,Ujjani Dam_1,Maharashtra SW,27,Maharashtra,496,Solapur,-,-,-,-,-,-,-,-,-,18.07402000,75.12002000,04-01-2024 12:00,0,0,0,0,0,0,0,0,0,0,0,0,0,0,0,0,0,0,0,0,0,0,0,0,0,0,0,0,0,0,0,0,0,0,0,0,0,0,0,0,0,0,0,0,"","","","","",""
1231,Ujjani Dam_1,Maharashtra SW,27,Maharashtra,496,Solapur,-,-,-,-,-,-,-,-,-,18.07402000,75.12002000,04-01-2024 13:00,0,0,0,0,0,0,0,0,0,0,0,0,0,0,0,0,0,0,0,0,0,0,0,0,0,0,0,0,0,0,0,0,0,0,0,0,0,0,0,0,0,0,0,0,"","","","","",""
1232,Ujjani Dam_1,Maharashtra SW,27,Maharashtra,496,Solapur,-,-,-,-,-,-,-,-,-,18.07402000,75.12002000,04-01-2024 14:00,0,0,0,0,0,0,0,0,0,0,0,0,0,0,0,0,0,0,0,0,0,0,0,0,0,0,0,0,0,0,0,0,0,0,0,0,0,0,0,0,0,0,0,0,"","","","","",""
1233,Ujjani Dam_1,Maharashtra SW,27,Maharashtra,496,Solapur,-,-,-,-,-,-,-,-,-,18.07402000,75.12002000,04-01-2024 15:00,0,0,0,0,0,0,0,0,0,0,0,0,0,0,0,0,0,0,0,0,0,0,0,0,0,0,0,0,0,0,0,0,0,0,0,0,0,0,0,0,0,0,0,0,"","","","","",""
1234,Ujjani Dam_1,Maharashtra SW,27,Maharashtra,496,Solapur,-,-,-,-,-,-,-,-,-,18.07402000,75.12002000,04-01-2024 17:00,0,0,0,0,0,0,0,0,0,0,0,0,0,0,0,0,0,0,0,0,0,0,0,0,0,0,0,0,0,0,0,0,0,0,0,0,0,0,0,0,0,0,0,0,"","","","","",""
1235,Ujjani Dam_1,Maharashtra SW,27,Maharashtra,496,Solapur,-,-,-,-,-,-,-,-,-,18.07402000,75.12002000,04-01-2024 18:00,0,0,0,0,0,0,0,0,0,0,0,0,0,0,0,0,0,0,0,0,0,0,0,0,0,0,0,0,0,0,0,0,0,0,0,0,0,0,0,0,0,0,0,0,"","","","","",""
1236,Ujjani Dam_1,Maharashtra SW,27,Maharashtra,496,Solapur,-,-,-,-,-,-,-,-,-,18.07402000,75.12002000,04-01-2024 19:00,0,0,0,0,0,0,0,0,0,0,0,0,0,0,0,0,0,0,0,0,0,0,0,0,0,0,0,0,0,0,0,0,0,0,0,0,0,0,0,0,0,0,0,0,"","","","","",""
1237,Ujjani Dam_1,Maharashtra SW,27,Maharashtra,496,Solapur,-,-,-,-,-,-,-,-,-,18.07402000,75.12002000,04-01-2024 20:00,0,0,0,0,0,0,0,0,0,0,0,0,0,0,0,0,0,0,0,0,0,0,0,0,0,0,0,0,0,0,0,0,0,0,0,0,0,0,0,0,0,0,0,0,"","","","","",""
1238,Ujjani Dam_1,Maharashtra SW,27,Maharashtra,496,Solapur,-,-,-,-,-,-,-,-,-,18.07402000,75.12002000,04-01-2024 21:00,0,0,0,0,0,0,0,0,0,0,0,0,0,0,0,0,0,0,0,0,0,0,0,0,0,0,0,0,0,0,0,0,0,0,0,0,0,0,0,0,0,0,0,0,"","","","","",""
1239,Ujjani Dam_1,Maharashtra SW,27,Maharashtra,496,Solapur,-,-,-,-,-,-,-,-,-,18.07402000,75.12002000,04-01-2024 22:00,0,0,0,0,0,0,0,0,0,0,0,0,0,0,0,0,0,0,0,0,0,0,0,0,0,0,0,0,0,0,0,0,0,0,0,0,0,0,0,0,0,0,0,0,"","","","","",""
1240,Ujjani Dam_1,Maharashtra SW,27,Maharashtra,496,Solapur,-,-,-,-,-,-,-,-,-,18.07402000,75.12002000,04-01-2024 23:00,0,0,0,0,0,0,0,0,0,0,0,0,0,0,0,0,0,0,0,0,0,0,0,0,0,0,0,0,0,0,0,0,0,0,0,0,0,0,0,0,0,0,0,0,"","","","","",""
1241,Ujjani Dam_1,Maharashtra SW,27,Maharashtra,496,Solapur,-,-,-,-,-,-,-,-,-,18.07402000,75.12002000,05-01-2024 01:00,0,0,0,0,0,0,0,0,0,0,0,0,0,0,0,0,0,0,0,0,0,0,0,0,0,0,0,0,0,0,0,0,0,0,0,0,0,0,0,0,0,0,0,0,"","","","","",""
1242,Ujjani Dam_1,Maharashtra SW,27,Maharashtra,496,Solapur,-,-,-,-,-,-,-,-,-,18.07402000,75.12002000,05-01-2024 02:00,0,0,0,0,0,0,0,0,0,0,0,0,0,0,0,0,0,0,0,0,0,0,0,0,0,0,0,0,0,0,0,0,0,0,0,0,0,0,0,0,0,0,0,0,"","","","","",""
1243,Ujjani Dam_1,Maharashtra SW,27,Maharashtra,496,Solapur,-,-,-,-,-,-,-,-,-,18.07402000,75.12002000,05-01-2024 03:00,0,0,0,0,0,0,0,0,0,0,0,0,0,0,0,0,0,0,0,0,0,0,0,0,0,0,0,0,0,0,0,0,0,0,0,0,0,0,0,0,0,0,0,0,"","","","","",""
1244,Ujjani Dam_1,Maharashtra SW,27,Maharashtra,496,Solapur,-,-,-,-,-,-,-,-,-,18.07402000,75.12002000,05-01-2024 04:00,0,0,0,0,0,0,0,0,0,0,0,0,0,0,0,0,0,0,0,0,0,0,0,0,0,0,0,0,0,0,0,0,0,0,0,0,0,0,0,0,0,0,0,0,"","","","","",""
1245,Ujjani Dam_1,Maharashtra SW,27,Maharashtra,496,Solapur,-,-,-,-,-,-,-,-,-,18.07402000,75.12002000,05-01-2024 05:00,0,0,0,0,0,0,0,0,0,0,0,0,0,0,0,0,0,0,0,0,0,0,0,0,0,0,0,0,0,0,0,0,0,0,0,0,0,0,0,0,0,0,0,0,"","","","","",""
1246,Ujjani Dam_1,Maharashtra SW,27,Maharashtra,496,Solapur,-,-,-,-,-,-,-,-,-,18.07402000,75.12002000,05-01-2024 06:00,0,0,0,0,0,0,0,0,0,0,0,0,0,0,0,0,0,0,0,0,0,0,0,0,0,0,0,0,0,0,0,0,0,0,0,0,0,0,0,0,0,0,0,0,"","","","","",""
1247,Ujjani Dam_1,Maharashtra SW,27,Maharashtra,496,Solapur,-,-,-,-,-,-,-,-,-,18.07402000,75.12002000,05-01-2024 07:00,0,0,0,0,0,0,0,0,0,0,0,0,0,0,0,0,0,0,0,0,0,0,0,0,0,0,0,0,0,0,0,0,0,0,0,0,0,0,0,0,0,0,0,0,"","","","","",""
1248,Ujjani Dam_1,Maharashtra SW,27,Maharashtra,496,Solapur,-,-,-,-,-,-,-,-,-,18.07402000,75.12002000,05-01-2024 09:00,0,0,0,0,0,0,0,0,0,0,0,0,0,0,0,0,0,0,0,0,0,0,0,0,0,0,0,0,0,0,0,0,0,0,0,0,0,0,0,0,0,0,0,0,"","","","","",""
1249,Ujjani Dam_1,Maharashtra SW,27,Maharashtra,496,Solapur,-,-,-,-,-,-,-,-,-,18.07402000,75.12002000,05-01-2024 10:00,0,0,0,0,0,0,0,0,0,0,0,0,0,0,0,0,0,0,0,0,0,0,0,0,0,0,0,0,0,0,0,0,0,0,0,0,0,0,0,0,0,0,0,0,"","","","","",""
1250,Ujjani Dam_1,Maharashtra SW,27,Maharashtra,496,Solapur,-,-,-,-,-,-,-,-,-,18.07402000,75.12002000,05-01-2024 11:00,0,0,0,0,0,0,0,0,0,0,0,0,0,0,0,0,0,0,0,0,0,0,0,0,0,0,0,0,0,0,0,0,0,0,0,0,0,0,0,0,0,0,0,0,"","","","","",""
1251,Ujjani Dam_1,Maharashtra SW,27,Maharashtra,496,Solapur,-,-,-,-,-,-,-,-,-,18.07402000,75.12002000,05-01-2024 12:00,0,0,0,0,0,0,0,0,0,0,0,0,0,0,0,0,0,0,0,0,0,0,0,0,0,0,0,0,0,0,0,0,0,0,0,0,0,0,0,0,0,0,0,0,"","","","","",""
1252,Ujjani Dam_1,Maharashtra SW,27,Maharashtra,496,Solapur,-,-,-,-,-,-,-,-,-,18.07402000,75.12002000,05-01-2024 13:00,0,0,0,0,0,0,0,0,0,0,0,0,0,0,0,0,0,0,0,0,0,0,0,0,0,0,0,0,0,0,0,0,0,0,0,0,0,0,0,0,0,0,0,0,"","","","","",""
1253,Ujjani Dam_1,Maharashtra SW,27,Maharashtra,496,Solapur,-,-,-,-,-,-,-,-,-,18.07402000,75.12002000,05-01-2024 14:00,0,0,0,0,0,0,0,0,0,0,0,0,0,0,0,0,0,0,0,0,0,0,0,0,0,0,0,0,0,0,0,0,0,0,0,0,0,0,0,0,0,0,0,0,"","","","","",""
1254,Ujjani Dam_1,Maharashtra SW,27,Maharashtra,496,Solapur,-,-,-,-,-,-,-,-,-,18.07402000,75.12002000,05-01-2024 15:00,0,0,0,0,0,0,0,0,0,0,0,0,0,0,0,0,0,0,0,0,0,0,0,0,0,0,0,0,0,0,0,0,0,0,0,0,0,0,0,0,0,0,0,0,"","","","","",""
1255,Ujjani Dam_1,Maharashtra SW,27,Maharashtra,496,Solapur,-,-,-,-,-,-,-,-,-,18.07402000,75.12002000,05-01-2024 17:00,0,0,0,0,0,0,0,0,0,0,0,0,0,0,0,0,0,0,0,0,0,0,0,0,0,0,0,0,0,0,0,0,0,0,0,0,0,0,0,0,0,0,0,0,"","","","","",""
1256,Ujjani Dam_1,Maharashtra SW,27,Maharashtra,496,Solapur,-,-,-,-,-,-,-,-,-,18.07402000,75.12002000,05-01-2024 18:00,0,0,0,0,0,0,0,0,0,0,0,0,0,0,0,0,0,0,0,0,0,0,0,0,0,0,0,0,0,0,0,0,0,0,0,0,0,0,0,0,0,0,0,0,"","","","","",""
1257,Ujjani Dam_1,Maharashtra SW,27,Maharashtra,496,Solapur,-,-,-,-,-,-,-,-,-,18.07402000,75.12002000,05-01-2024 19:00,0,0,0,0,0,0,0,0,0,0,0,0,0,0,0,0,0,0,0,0,0,0,0,0,0,0,0,0,0,0,0,0,0,0,0,0,0,0,0,0,0,0,0,0,"","","","","",""
1258,Ujjani Dam_1,Maharashtra SW,27,Maharashtra,496,Solapur,-,-,-,-,-,-,-,-,-,18.07402000,75.12002000,05-01-2024 20:00,0,0,0,0,0,0,0,0,0,0,0,0,0,0,0,0,0,0,0,0,0,0,0,0,0,0,0,0,0,0,0,0,0,0,0,0,0,0,0,0,0,0,0,0,"","","","","",""
1259,Ujjani Dam_1,Maharashtra SW,27,Maharashtra,496,Solapur,-,-,-,-,-,-,-,-,-,18.07402000,75.12002000,05-01-2024 21:00,0,0,0,0,0,0,0,0,0,0,0,0,0,0,0,0,0,0,0,0,0,0,0,0,0,0,0,0,0,0,0,0,0,0,0,0,0,0,0,0,0,0,0,0,"","","","","",""
1260,Ujjani Dam_1,Maharashtra SW,27,Maharashtra,496,Solapur,-,-,-,-,-,-,-,-,-,18.07402000,75.12002000,05-01-2024 22:00,0,0,0,0,0,0,0,0,0,0,0,0,0,0,0,0,0,0,0,0,0,0,0,0,0,0,0,0,0,0,0,0,0,0,0,0,0,0,0,0,0,0,0,0,"","","","","",""
1261,Ujjani Dam_1,Maharashtra SW,27,Maharashtra,496,Solapur,-,-,-,-,-,-,-,-,-,18.07402000,75.12002000,05-01-2024 23:00,0,0,0,0,0,0,0,0,0,0,0,0,0,0,0,0,0,0,0,0,0,0,0,0,0,0,0,0,0,0,0,0,0,0,0,0,0,0,0,0,0,0,0,0,"","","","","",""
1262,Ujjani Dam_1,Maharashtra SW,27,Maharashtra,496,Solapur,-,-,-,-,-,-,-,-,-,18.07402000,75.12002000,06-01-2024 01:00,0,0,0,0,0,0,0,0,0,0,0,0,0,0,0,0,0,0,0,0,0,0,0,0,0,0,0,0,0,0,0,0,0,0,0,0,0,0,0,0,0,0,0,0,"","","","","",""
1263,Ujjani Dam_1,Maharashtra SW,27,Maharashtra,496,Solapur,-,-,-,-,-,-,-,-,-,18.07402000,75.12002000,06-01-2024 02:00,0,0,0,0,0,0,0,0,0,0,0,0,0,0,0,0,0,0,0,0,0,0,0,0,0,0,0,0,0,0,0,0,0,0,0,0,0,0,0,0,0,0,0,0,"","","","","",""
1264,Ujjani Dam_1,Maharashtra SW,27,Maharashtra,496,Solapur,-,-,-,-,-,-,-,-,-,18.07402000,75.12002000,06-01-2024 03:00,0,0,0,0,0,0,0,0,0,0,0,0,0,0,0,0,0,0,0,0,0,0,0,0,0,0,0,0,0,0,0,0,0,0,0,0,0,0,0,0,0,0,0,0,"","","","","",""
1265,Ujjani Dam_1,Maharashtra SW,27,Maharashtra,496,Solapur,-,-,-,-,-,-,-,-,-,18.07402000,75.12002000,06-01-2024 04:00,0,0,0,0,0,0,0,0,0,0,0,0,0,0,0,0,0,0,0,0,0,0,0,0,0,0,0,0,0,0,0,0,0,0,0,0,0,0,0,0,0,0,0,0,"","","","","",""
1266,Ujjani Dam_1,Maharashtra SW,27,Maharashtra,496,Solapur,-,-,-,-,-,-,-,-,-,18.07402000,75.12002000,06-01-2024 05:00,0,0,0,0,0,0,0,0,0,0,0,0,0,0,0,0,0,0,0,0,0,0,0,0,0,0,0,0,0,0,0,0,0,0,0,0,0,0,0,0,0,0,0,0,"","","","","",""
1267,Ujjani Dam_1,Maharashtra SW,27,Maharashtra,496,Solapur,-,-,-,-,-,-,-,-,-,18.07402000,75.12002000,06-01-2024 06:00,0,0,0,0,0,0,0,0,0,0,0,0,0,0,0,0,0,0,0,0,0,0,0,0,0,0,0,0,0,0,0,0,0,0,0,0,0,0,0,0,0,0,0,0,"","","","","",""
1268,Ujjani Dam_1,Maharashtra SW,27,Maharashtra,496,Solapur,-,-,-,-,-,-,-,-,-,18.07402000,75.12002000,06-01-2024 07:00,0,0,0,0,0,0,0,0,0,0,0,0,0,0,0,0,0,0,0,0,0,0,0,0,0,0,0,0,0,0,0,0,0,0,0,0,0,0,0,0,0,0,0,0,"","","","","",""
1269,Ujjani Dam_1,Maharashtra SW,27,Maharashtra,496,Solapur,-,-,-,-,-,-,-,-,-,18.07402000,75.12002000,06-01-2024 09:00,0,0,0,0,0,0,0,0,0,0,0,0,0,0,0,0,0,0,0,0,0,0,0,0,0,0,0,0,0,0,0,0,0,0,0,0,0,0,0,0,0,0,0,0,"","","","","",""
1270,Ujjani Dam_1,Maharashtra SW,27,Maharashtra,496,Solapur,-,-,-,-,-,-,-,-,-,18.07402000,75.12002000,06-01-2024 10:00,0,0,0,0,0,0,0,0,0,0,0,0,0,0,0,0,0,0,0,0,0,0,0,0,0,0,0,0,0,0,0,0,0,0,0,0,0,0,0,0,0,0,0,0,"","","","","",""
1271,Ujjani Dam_1,Maharashtra SW,27,Maharashtra,496,Solapur,-,-,-,-,-,-,-,-,-,18.07402000,75.12002000,06-01-2024 11:00,0,0,0,0,0,0,0,0,0,0,0,0,0,0,0,0,0,0,0,0,0,0,0,0,0,0,0,0,0,0,0,0,0,0,0,0,0,0,0,0,0,0,0,0,"","","","","",""
1272,Ujjani Dam_1,Maharashtra SW,27,Maharashtra,496,Solapur,-,-,-,-,-,-,-,-,-,18.07402000,75.12002000,06-01-2024 12:00,0,0,0,0,0,0,0,0,0,0,0,0,0,0,0,0,0,0,0,0,0,0,0,0,0,0,0,0,0,0,0,0,0,0,0,0,0,0,0,0,0,0,0,0,"","","","","",""
1273,Ujjani Dam_1,Maharashtra SW,27,Maharashtra,496,Solapur,-,-,-,-,-,-,-,-,-,18.07402000,75.12002000,06-01-2024 13:00,0,0,0,0,0,0,0,0,0,0,0,0,0,0,0,0,0,0,0,0,0,0,0,0,0,0,0,0,0,0,0,0,0,0,0,0,0,0,0,0,0,0,0,0,"","","","","",""
1274,Ujjani Dam_1,Maharashtra SW,27,Maharashtra,496,Solapur,-,-,-,-,-,-,-,-,-,18.07402000,75.12002000,06-01-2024 14:00,0,0,0,0,0,0,0,0,0,0,0,0,0,0,0,0,0,0,0,0,0,0,0,0,0,0,0,0,0,0,0,0,0,0,0,0,0,0,0,0,0,0,0,0,"","","","","",""
1275,Ujjani Dam_1,Maharashtra SW,27,Maharashtra,496,Solapur,-,-,-,-,-,-,-,-,-,18.07402000,75.12002000,06-01-2024 15:00,0,0,0,0,0,0,0,0,0,0,0,0,0,0,0,0,0,0,0,0,0,0,0,0,0,0,0,0,0,0,0,0,0,0,0,0,0,0,0,0,0,0,0,0,"","","","","",""
1276,Ujjani Dam_1,Maharashtra SW,27,Maharashtra,496,Solapur,-,-,-,-,-,-,-,-,-,18.07402000,75.12002000,06-01-2024 17:00,0,0,0,0,0,0,0,0,0,0,0,0,0,0,0,0,0,0,0,0,0,0,0,0,0,0,0,0,0,0,0,0,0,0,0,0,0,0,0,0,0,0,0,0,"","","","","",""
1277,Ujjani Dam_1,Maharashtra SW,27,Maharashtra,496,Solapur,-,-,-,-,-,-,-,-,-,18.07402000,75.12002000,06-01-2024 18:00,0,0,0,0,0,0,0,0,0,0,0,0,0,0,0,0,0,0,0,0,0,0,0,0,0,0,0,0,0,0,0,0,0,0,0,0,0,0,0,0,0,0,0,0,"","","","","",""
1278,Ujjani Dam_1,Maharashtra SW,27,Maharashtra,496,Solapur,-,-,-,-,-,-,-,-,-,18.07402000,75.12002000,06-01-2024 19:00,0,0,0,0,0,0,0,0,0,0,0,0,0,0,0,0,0,0,0,0,0,0,0,0,0,0,0,0,0,0,0,0,0,0,0,0,0,0,0,0,0,0,0,0,"","","","","",""
1279,Ujjani Dam_1,Maharashtra SW,27,Maharashtra,496,Solapur,-,-,-,-,-,-,-,-,-,18.07402000,75.12002000,06-01-2024 20:00,0,0,0,0,0,0,0,0,0,0,0,0,0,0,0,0,0,0,0,0,0,0,0,0,0,0,0,0,0,0,0,0,0,0,0,0,0,0,0,0,0,0,0,0,"","","","","",""
1280,Ujjani Dam_1,Maharashtra SW,27,Maharashtra,496,Solapur,-,-,-,-,-,-,-,-,-,18.07402000,75.12002000,06-01-2024 21:00,0,0,0,0,0,0,0,0,0,0,0,0,0,0,0,0,0,0,0,0,0,0,0,0,0,0,0,0,0,0,0,0,0,0,0,0,0,0,0,0,0,0,0,0,"","","","","",""
1281,Ujjani Dam_1,Maharashtra SW,27,Maharashtra,496,Solapur,-,-,-,-,-,-,-,-,-,18.07402000,75.12002000,06-01-2024 22:00,0,0,0,0,0,0,0,0,0,0,0,0,0,0,0,0,0,0,0,0,0,0,0,0,0,0,0,0,0,0,0,0,0,0,0,0,0,0,0,0,0,0,0,0,"","","","","",""
1282,Ujjani Dam_1,Maharashtra SW,27,Maharashtra,496,Solapur,-,-,-,-,-,-,-,-,-,18.07402000,75.12002000,06-01-2024 23:00,0,0,0,0,0,0,0,0,0,0,0,0,0,0,0,0,0,0,0,0,0,0,0,0,0,0,0,0,0,0,0,0,0,0,0,0,0,0,0,0,0,0,0,0,"","","","","",""
1283,Ujjani Dam_1,Maharashtra SW,27,Maharashtra,496,Solapur,-,-,-,-,-,-,-,-,-,18.07402000,75.12002000,07-01-2024 01:00,0,0,0,0,0,0,0,0,0,0,0,0,0,0,0,0,0,0,0,0,0,0,0,0,0,0,0,0,0,0,0,0,0,0,0,0,0,0,0,0,0,0,0,0,"","","","","",""
1284,Ujjani Dam_1,Maharashtra SW,27,Maharashtra,496,Solapur,-,-,-,-,-,-,-,-,-,18.07402000,75.12002000,07-01-2024 02:00,0,0,0,0,0,0,0,0,0,0,0,0,0,0,0,0,0,0,0,0,0,0,0,0,0,0,0,0,0,0,0,0,0,0,0,0,0,0,0,0,0,0,0,0,"","","","","",""
1285,Ujjani Dam_1,Maharashtra SW,27,Maharashtra,496,Solapur,-,-,-,-,-,-,-,-,-,18.07402000,75.12002000,07-01-2024 03:00,0,0,0,0,0,0,0,0,0,0,0,0,0,0,0,0,0,0,0,0,0,0,0,0,0,0,0,0,0,0,0,0,0,0,0,0,0,0,0,0,0,0,0,0,"","","","","",""
1286,Ujjani Dam_1,Maharashtra SW,27,Maharashtra,496,Solapur,-,-,-,-,-,-,-,-,-,18.07402000,75.12002000,07-01-2024 04:00,0,0,0,0,0,0,0,0,0,0,0,0,0,0,0,0,0,0,0,0,0,0,0,0,0,0,0,0,0,0,0,0,0,0,0,0,0,0,0,0,0,0,0,0,"","","","","",""
1287,Ujjani Dam_1,Maharashtra SW,27,Maharashtra,496,Solapur,-,-,-,-,-,-,-,-,-,18.07402000,75.12002000,07-01-2024 05:00,0,0,0,0,0,0,0,0,0,0,0,0,0,0,0,0,0,0,0,0,0,0,0,0,0,0,0,0,0,0,0,0,0,0,0,0,0,0,0,0,0,0,0,0,"","","","","",""
1288,Ujjani Dam_1,Maharashtra SW,27,Maharashtra,496,Solapur,-,-,-,-,-,-,-,-,-,18.07402000,75.12002000,07-01-2024 08:00,0,0,0,0,0,0,0,0,0,0,0,0,0,0,0,0,0,0,0,0,0,0,0,0,0,0,0,0,0,0,0,0,0,0,0,0,0,0,0,0,0,0,0,0,"","","","","",""
1289,Ujjani Dam_1,Maharashtra SW,27,Maharashtra,496,Solapur,-,-,-,-,-,-,-,-,-,18.07402000,75.12002000,07-01-2024 09:00,0,0,0,0,0,0,0,0,0,0,0,0,0,0,0,0,0,0,0,0,0,0,0,0,0,0,0,0,0,0,0,0,0,0,0,0,0,0,0,0,0,0,0,0,"","","","","",""
1290,Ujjani Dam_1,Maharashtra SW,27,Maharashtra,496,Solapur,-,-,-,-,-,-,-,-,-,18.07402000,75.12002000,07-01-2024 10:00,0,0,0,0,0,0,0,0,0,0,0,0,0,0,0,0,0,0,0,0,0,0,0,0,0,0,0,0,0,0,0,0,0,0,0,0,0,0,0,0,0,0,0,0,"","","","","",""
1291,Ujjani Dam_1,Maharashtra SW,27,Maharashtra,496,Solapur,-,-,-,-,-,-,-,-,-,18.07402000,75.12002000,07-01-2024 11:00,0,0,0,0,0,0,0,0,0,0,0,0,0,0,0,0,0,0,0,0,0,0,0,0,0,0,0,0,0,0,0,0,0,0,0,0,0,0,0,0,0,0,0,0,"","","","","",""
1292,Ujjani Dam_1,Maharashtra SW,27,Maharashtra,496,Solapur,-,-,-,-,-,-,-,-,-,18.07402000,75.12002000,07-01-2024 12:00,0,0,0,0,0,0,0,0,0,0,0,0,0,0,0,0,0,0,0,0,0,0,0,0,0,0,0,0,0,0,0,0,0,0,0,0,0,0,0,0,0,0,0,0,"","","","","",""
1293,Ujjani Dam_1,Maharashtra SW,27,Maharashtra,496,Solapur,-,-,-,-,-,-,-,-,-,18.07402000,75.12002000,07-01-2024 13:00,0,0,0,0,0,0,0,0,0,0,0,0,0,0,0,0,0,0,0,0,0,0,0,0,0,0,0,0,0,0,0,0,0,0,0,0,0,0,0,0,0,0,0,0,"","","","","",""
1294,Ujjani Dam_1,Maharashtra SW,27,Maharashtra,496,Solapur,-,-,-,-,-,-,-,-,-,18.07402000,75.12002000,07-01-2024 17:00,0,0,0,0,0,0,0,0,0,0,0,0,0,0,0,0,0,0,0,0,0,0,0,0,0,0,0,0,0,0,0,0,0,0,0,0,0,0,0,0,0,0,0,0,"","","","","",""
1295,Ujjani Dam_1,Maharashtra SW,27,Maharashtra,496,Solapur,-,-,-,-,-,-,-,-,-,18.07402000,75.12002000,07-01-2024 18:00,0,0,0,0,0,0,0,0,0,0,0,0,0,0,0,0,0,0,0,0,0,0,0,0,0,0,0,0,0,0,0,0,0,0,0,0,0,0,0,0,0,0,0,0,"","","","","",""
1296,Ujjani Dam_1,Maharashtra SW,27,Maharashtra,496,Solapur,-,-,-,-,-,-,-,-,-,18.07402000,75.12002000,07-01-2024 19:00,0,0,0,0,0,0,0,0,0,0,0,0,0,0,0,0,0,0,0,0,0,0,0,0,0,0,0,0,0,0,0,0,0,0,0,0,0,0,0,0,0,0,0,0,"","","","","",""
1297,Ujjani Dam_1,Maharashtra SW,27,Maharashtra,496,Solapur,-,-,-,-,-,-,-,-,-,18.07402000,75.12002000,07-01-2024 20:00,0,0,0,0,0,0,0,0,0,0,0,0,0,0,0,0,0,0,0,0,0,0,0,0,0,0,0,0,0,0,0,0,0,0,0,0,0,0,0,0,0,0,0,0,"","","","","",""
1298,Ujjani Dam_1,Maharashtra SW,27,Maharashtra,496,Solapur,-,-,-,-,-,-,-,-,-,18.07402000,75.12002000,07-01-2024 21:00,0,0,0,0,0,0,0,0,0,0,0,0,0,0,0,0,0,0,0,0,0,0,0,0,0,0,0,0,0,0,0,0,0,0,0,0,0,0,0,0,0,0,0,0,"","","","","",""
1299,Ujjani Dam_1,Maharashtra SW,27,Maharashtra,496,Solapur,-,-,-,-,-,-,-,-,-,18.07402000,75.12002000,07-01-2024 22:00,0,0,0,0,0,0,0,0,0,0,0,0,0,0,0,0,0,0,0,0,0,0,0,0,0,0,0,0,0,0,0,0,0,0,0,0,0,0,0,0,0,0,0,0,"","","","","",""
1300,Ujjani Dam_1,Maharashtra SW,27,Maharashtra,496,Solapur,-,-,-,-,-,-,-,-,-,18.07402000,75.12002000,08-01-2024 00:00,0,0,0,0,0,0,0,0,0,0,0,0,0,0,0,0,0,0,0,0,0,0,0,0,0,0,0,0,0,0,0,0,0,0,0,0,0,0,0,0,0,0,0,0,"","","","","",""
1301,Ujjani Dam_1,Maharashtra SW,27,Maharashtra,496,Solapur,-,-,-,-,-,-,-,-,-,18.07402000,75.12002000,08-01-2024 01:00,0,0,0,0,0,0,0,0,0,0,0,0,0,0,0,0,0,0,0,0,0,0,0,0,0,0,0,0,0,0,0,0,0,0,0,0,0,0,0,0,0,0,0,0,"","","","","",""
1302,Ujjani Dam_1,Maharashtra SW,27,Maharashtra,496,Solapur,-,-,-,-,-,-,-,-,-,18.07402000,75.12002000,08-01-2024 02:00,0,0,0,0,0,0,0,0,0,0,0,0,0,0,0,0,0,0,0,0,0,0,0,0,0,0,0,0,0,0,0,0,0,0,0,0,0,0,0,0,0,0,0,0,"","","","","",""
1303,Ujjani Dam_1,Maharashtra SW,27,Maharashtra,496,Solapur,-,-,-,-,-,-,-,-,-,18.07402000,75.12002000,08-01-2024 03:00,0,0,0,0,0,0,0,0,0,0,0,0,0,0,0,0,0,0,0,0,0,0,0,0,0,0,0,0,0,0,0,0,0,0,0,0,0,0,0,0,0,0,0,0,"","","","","",""
1304,Ujjani Dam_1,Maharashtra SW,27,Maharashtra,496,Solapur,-,-,-,-,-,-,-,-,-,18.07402000,75.12002000,08-01-2024 04:00,0,0,0,0,0,0,0,0,0,0,0,0,0,0,0,0,0,0,0,0,0,0,0,0,0,0,0,0,0,0,0,0,0,0,0,0,0,0,0,0,0,0,0,0,"","","","","",""
1305,Ujjani Dam_1,Maharashtra SW,27,Maharashtra,496,Solapur,-,-,-,-,-,-,-,-,-,18.07402000,75.12002000,08-01-2024 05:00,0,0,0,0,0,0,0,0,0,0,0,0,0,0,0,0,0,0,0,0,0,0,0,0,0,0,0,0,0,0,0,0,0,0,0,0,0,0,0,0,0,0,0,0,"","","","","",""
1306,Ujjani Dam_1,Maharashtra SW,27,Maharashtra,496,Solapur,-,-,-,-,-,-,-,-,-,18.07402000,75.12002000,08-01-2024 06:00,0,0,0,0,0,0,0,0,0,0,0,0,0,0,0,0,0,0,0,0,0,0,0,0,0,0,0,0,0,0,0,0,0,0,0,0,0,0,0,0,0,0,0,0,"","","","","",""
1307,Ujjani Dam_1,Maharashtra SW,27,Maharashtra,496,Solapur,-,-,-,-,-,-,-,-,-,18.07402000,75.12002000,08-01-2024 08:00,0,0,0,0,0,0,0,0,0,0,0,0,0,0,0,0,0,0,0,0,0,0,0,0,0,0,0,0,0,0,0,0,0,0,0,0,0,0,0,0,0,0,0,0,"","","","","",""
1308,Ujjani Dam_1,Maharashtra SW,27,Maharashtra,496,Solapur,-,-,-,-,-,-,-,-,-,18.07402000,75.12002000,08-01-2024 09:00,0,0,0,0,0,0,0,0,0,0,0,0,0,0,0,0,0,0,0,0,0,0,0,0,0,0,0,0,0,0,0,0,0,0,0,0,0,0,0,0,0,0,0,0,"","","","","",""
1309,Ujjani Dam_1,Maharashtra SW,27,Maharashtra,496,Solapur,-,-,-,-,-,-,-,-,-,18.07402000,75.12002000,08-01-2024 10:00,0,0,0,0,0,0,0,0,0,0,0,0,0,0,0,0,0,0,0,0,0,0,0,0,0,0,0,0,0,0,0,0,0,0,0,0,0,0,0,0,0,0,0,0,"","","","","",""
1310,Ujjani Dam_1,Maharashtra SW,27,Maharashtra,496,Solapur,-,-,-,-,-,-,-,-,-,18.07402000,75.12002000,08-01-2024 11:00,0,0,0,0,0,0,0,0,0,0,0,0,0,0,0,0,0,0,0,0,0,0,0,0,0,0,0,0,0,0,0,0,0,0,0,0,0,0,0,0,0,0,0,0,"","","","","",""
1311,Ujjani Dam_1,Maharashtra SW,27,Maharashtra,496,Solapur,-,-,-,-,-,-,-,-,-,18.07402000,75.12002000,08-01-2024 12:00,0,0,0,0,0,0,0,0,0,0,0,0,0,0,0,0,0,0,0,0,0,0,0,0,0,0,0,0,0,0,0,0,0,0,0,0,0,0,0,0,0,0,0,0,"","","","","",""
1312,Ujjani Dam_1,Maharashtra SW,27,Maharashtra,496,Solapur,-,-,-,-,-,-,-,-,-,18.07402000,75.12002000,08-01-2024 13:00,0,0,0,0,0,0,0,0,0,0,0,0,0,0,0,0,0,0,0,0,0,0,0,0,0,0,0,0,0,0,0,0,0,0,0,0,0,0,0,0,0,0,0,0,"","","","","",""
1313,Ujjani Dam_1,Maharashtra SW,27,Maharashtra,496,Solapur,-,-,-,-,-,-,-,-,-,18.07402000,75.12002000,08-01-2024 14:00,0,0,0,0,0,0,0,0,0,0,0,0,0,0,0,0,0,0,0,0,0,0,0,0,0,0,0,0,0,0,0,0,0,0,0,0,0,0,0,0,0,0,0,0,"","","","","",""
1314,Ujjani Dam_1,Maharashtra SW,27,Maharashtra,496,Solapur,-,-,-,-,-,-,-,-,-,18.07402000,75.12002000,08-01-2024 16:00,0,0,0,0,0,0,0,0,0,0,0,0,0,0,0,0,0,0,0,0,0,0,0,0,0,0,0,0,0,0,0,0,0,0,0,0,0,0,0,0,0,0,0,0,"","","","","",""
1315,Ujjani Dam_1,Maharashtra SW,27,Maharashtra,496,Solapur,-,-,-,-,-,-,-,-,-,18.07402000,75.12002000,08-01-2024 17:00,0,0,0,0,0,0,0,0,0,0,0,0,0,0,0,0,0,0,0,0,0,0,0,0,0,0,0,0,0,0,0,0,0,0,0,0,0,0,0,0,0,0,0,0,"","","","","",""
1316,Ujjani Dam_1,Maharashtra SW,27,Maharashtra,496,Solapur,-,-,-,-,-,-,-,-,-,18.07402000,75.12002000,08-01-2024 18:00,0,0,0,0,0,0,0,0,0,0,0,0,0,0,0,0,0,0,0,0,0,0,0,0,0,0,0,0,0,0,0,0,0,0,0,0,0,0,0,0,0,0,0,0,"","","","","",""
1317,Ujjani Dam_1,Maharashtra SW,27,Maharashtra,496,Solapur,-,-,-,-,-,-,-,-,-,18.07402000,75.12002000,08-01-2024 19:00,0,0,0,0,0,0,0,0,0,0,0,0,0,0,0,0,0,0,0,0,0,0,0,0,0,0,0,0,0,0,0,0,0,0,0,0,0,0,0,0,0,0,0,0,"","","","","",""
1318,Ujjani Dam_1,Maharashtra SW,27,Maharashtra,496,Solapur,-,-,-,-,-,-,-,-,-,18.07402000,75.12002000,08-01-2024 20:00,0,0,0,0,0,0,0,0,0,0,0,0,0,0,0,0,0,0,0,0,0,0,0,0,0,0,0,0,0,0,0,0,0,0,0,0,0,0,0,0,0,0,0,0,"","","","","",""
1319,Ujjani Dam_1,Maharashtra SW,27,Maharashtra,496,Solapur,-,-,-,-,-,-,-,-,-,18.07402000,75.12002000,08-01-2024 21:00,0,0,0,0,0,0,0,0,0,0,0,0,0,0,0,0,0,0,0,0,0,0,0,0,0,0,0,0,0,0,0,0,0,0,0,0,0,0,0,0,0,0,0,0,"","","","","",""
1320,Ujjani Dam_1,Maharashtra SW,27,Maharashtra,496,Solapur,-,-,-,-,-,-,-,-,-,18.07402000,75.12002000,08-01-2024 22:00,0,0,0,0,0,0,0,0,0,0,0,0,0,0,0,0,0,0,0,0,0,0,0,0,0,0,0,0,0,0,0,0,0,0,0,0,0,0,0,0,0,0,0,0,"","","","","",""
1321,Ujjani Dam_1,Maharashtra SW,27,Maharashtra,496,Solapur,-,-,-,-,-,-,-,-,-,18.07402000,75.12002000,09-01-2024 00:00,0,0,0,0,0,0,0,0,0,0,0,0,0,0,0,0,0,0,0,0,0,0,0,0,0,0,0,0,0,0,0,0,0,0,0,0,0,0,0,0,0,0,0,0,"","","","","",""
1322,Ujjani Dam_1,Maharashtra SW,27,Maharashtra,496,Solapur,-,-,-,-,-,-,-,-,-,18.07402000,75.12002000,09-01-2024 01:00,0,0,0,0,0,0,0,0,0,0,0,0,0,0,0,0,0,0,0,0,0,0,0,0,0,0,0,0,0,0,0,0,0,0,0,0,0,0,0,0,0,0,0,0,"","","","","",""
1323,Ujjani Dam_1,Maharashtra SW,27,Maharashtra,496,Solapur,-,-,-,-,-,-,-,-,-,18.07402000,75.12002000,09-01-2024 02:00,0,0,0,0,0,0,0,0,0,0,0,0,0,0,0,0,0,0,0,0,0,0,0,0,0,0,0,0,0,0,0,0,0,0,0,0,0,0,0,0,0,0,0,0,"","","","","",""
1324,Ujjani Dam_1,Maharashtra SW,27,Maharashtra,496,Solapur,-,-,-,-,-,-,-,-,-,18.07402000,75.12002000,09-01-2024 03:00,0,0,0,0,0,0,0,0,0,0,0,0,0,0,0,0,0,0,0,0,0,0,0,0,0,0,0,0,0,0,0,0,0,0,0,0,0,0,0,0,0,0,0,0,"","","","","",""
1325,Ujjani Dam_1,Maharashtra SW,27,Maharashtra,496,Solapur,-,-,-,-,-,-,-,-,-,18.07402000,75.12002000,09-01-2024 04:00,0,0,0,0,0,0,0,0,0,0,0,0,0,0,0,0,0,0,0,0,0,0,0,0,0,0,0,0,0,0,0,0,0,0,0,0,0,0,0,0,0,0,0,0,"","","","","",""
1326,Ujjani Dam_1,Maharashtra SW,27,Maharashtra,496,Solapur,-,-,-,-,-,-,-,-,-,18.07402000,75.12002000,09-01-2024 05:00,0,0,0,0,0,0,0,0,0,0,0,0,0,0,0,0,0,0,0,0,0,0,0,0,0,0,0,0,0,0,0,0,0,0,0,0,0,0,0,0,0,0,0,0,"","","","","",""
1327,Ujjani Dam_1,Maharashtra SW,27,Maharashtra,496,Solapur,-,-,-,-,-,-,-,-,-,18.07402000,75.12002000,09-01-2024 06:00,0,0,0,0,0,0,0,0,0,0,0,0,0,0,0,0,0,0,0,0,0,0,0,0,0,0,0,0,0,0,0,0,0,0,0,0,0,0,0,0,0,0,0,0,"","","","","",""
1328,Ujjani Dam_1,Maharashtra SW,27,Maharashtra,496,Solapur,-,-,-,-,-,-,-,-,-,18.07402000,75.12002000,09-01-2024 08:00,0,0,0,0,0,0,0,0,0,0,0,0,0,0,0,0,0,0,0,0,0,0,0,0,0,0,0,0,0,0,0,0,0,0,0,0,0,0,0,0,0,0,0,0,"","","","","",""
1329,Ujjani Dam_1,Maharashtra SW,27,Maharashtra,496,Solapur,-,-,-,-,-,-,-,-,-,18.07402000,75.12002000,09-01-2024 09:00,0,0,0,0,0,0,0,0,0,0,0,0,0,0,0,0,0,0,0,0,0,0,0,0,0,0,0,0,0,0,0,0,0,0,0,0,0,0,0,0,0,0,0,0,"","","","","",""
1330,Ujjani Dam_1,Maharashtra SW,27,Maharashtra,496,Solapur,-,-,-,-,-,-,-,-,-,18.07402000,75.12002000,09-01-2024 10:00,0,0,0,0,0,0,0,0,0,0,0,0,0,0,0,0,0,0,0,0,0,0,0,0,0,0,0,0,0,0,0,0,0,0,0,0,0,0,0,0,0,0,0,0,"","","","","",""
1331,Ujjani Dam_1,Maharashtra SW,27,Maharashtra,496,Solapur,-,-,-,-,-,-,-,-,-,18.07402000,75.12002000,09-01-2024 11:00,0,0,0,0,0,0,0,0,0,0,0,0,0,0,0,0,0,0,0,0,0,0,0,0,0,0,0,0,0,0,0,0,0,0,0,0,0,0,0,0,0,0,0,0,"","","","","",""
1332,Ujjani Dam_1,Maharashtra SW,27,Maharashtra,496,Solapur,-,-,-,-,-,-,-,-,-,18.07402000,75.12002000,09-01-2024 12:00,0,0,0,0,0,0,0,0,0,0,0,0,0,0,0,0,0,0,0,0,0,0,0,0,0,0,0,0,0,0,0,0,0,0,0,0,0,0,0,0,0,0,0,0,"","","","","",""
1333,Ujjani Dam_1,Maharashtra SW,27,Maharashtra,496,Solapur,-,-,-,-,-,-,-,-,-,18.07402000,75.12002000,09-01-2024 13:00,0,0,0,0,0,0,0,0,0,0,0,0,0,0,0,0,0,0,0,0,0,0,0,0,0,0,0,0,0,0,0,0,0,0,0,0,0,0,0,0,0,0,0,0,"","","","","",""
1334,Ujjani Dam_1,Maharashtra SW,27,Maharashtra,496,Solapur,-,-,-,-,-,-,-,-,-,18.07402000,75.12002000,09-01-2024 14:00,0,0,0,0,0,0,0,0,0,0,0,0,0,0,0,0,0,0,0,0,0,0,0,0,0,0,0,0,0,0,0,0,0,0,0,0,0,0,0,0,0,0,0,0,"","","","","",""
1335,Ujjani Dam_1,Maharashtra SW,27,Maharashtra,496,Solapur,-,-,-,-,-,-,-,-,-,18.07402000,75.12002000,09-01-2024 16:00,0,0,0,0,0,0,0,0,0,0,0,0,0,0,0,0,0,0,0,0,0,0,0,0,0,0,0,0,0,0,0,0,0,0,0,0,0,0,0,0,0,0,0,0,"","","","","",""
1336,Ujjani Dam_1,Maharashtra SW,27,Maharashtra,496,Solapur,-,-,-,-,-,-,-,-,-,18.07402000,75.12002000,09-01-2024 17:00,0,0,0,0,0,0,0,0,0,0,0,0,0,0,0,0,0,0,0,0,0,0,0,0,0,0,0,0,0,0,0,0,0,0,0,0,0,0,0,0,0,0,0,0,"","","","","",""
1337,Ujjani Dam_1,Maharashtra SW,27,Maharashtra,496,Solapur,-,-,-,-,-,-,-,-,-,18.07402000,75.12002000,09-01-2024 18:00,340.43,0,0,0,340.43,340.43,340.43,340.43,340.43,340.43,340.43,340.43,0,0,0,340.43,0,0,0,0,0,0,0,0,0,0,0,0,0,0,0,0,0,0,0,0,0,0,0,0,0,0,0,0,"","","","","",""
1338,Ujjani Dam_1,Maharashtra SW,27,Maharashtra,496,Solapur,-,-,-,-,-,-,-,-,-,18.07402000,75.12002000,09-01-2024 19:00,341.14,0,0,0,341.14,341.14,341.14,341.14,341.14,341.14,341.14,341.14,0,0,0,341.14,0,0,0,0,0,0,0,0,0,0,0,0,0,0,0,0,0,0,0,0,0,0,0,0,0,0,0,0,"","","","","",""
1339,Ujjani Dam_1,Maharashtra SW,27,Maharashtra,496,Solapur,-,-,-,-,-,-,-,-,-,18.07402000,75.12002000,09-01-2024 20:00,340.79,0,0,0,340.79,340.79,340.79,340.79,340.79,340.79,340.79,340.79,0,0,0,340.79,0,0,0,0,0,0,0,0,0,0,0,0,0,0,0,0,0,0,0,0,0,0,0,0,0,0,0,0,"","","","","",""
1340,Ujjani Dam_1,Maharashtra SW,27,Maharashtra,496,Solapur,-,-,-,-,-,-,-,-,-,18.07402000,75.12002000,09-01-2024 21:00,341.14,0,0,0,341.14,341.14,341.14,341.14,341.14,341.14,341.14,341.14,0,0,0,341.14,0,0,0,0,0,0,0,0,0,0,0,0,0,0,0,0,0,0,0,0,0,0,0,0,0,0,0,0,"","","","","",""
1341,Ujjani Dam_1,Maharashtra SW,27,Maharashtra,496,Solapur,-,-,-,-,-,-,-,-,-,18.07402000,75.12002000,09-01-2024 22:00,340.79,0,0,0,340.79,340.79,340.79,340.79,340.79,340.79,340.79,340.79,0,0,0,340.79,0,0,0,0,0,0,0,0,0,0,0,0,0,0,0,0,0,0,0,0,0,0,0,0,0,0,0,0,"","","","","",""
1342,Ujjani Dam_1,Maharashtra SW,27,Maharashtra,496,Solapur,-,-,-,-,-,-,-,-,-,18.07402000,75.12002000,10-01-2024 00:00,341.14,0,0,0,341.14,341.14,341.14,341.14,341.14,341.14,341.14,341.14,0,0,0,341.14,0,0,0,0,0,0,0,0,0,0,0,0,0,0,0,0,0,0,0,0,0,0,0,0,0,0,0,0,"","","","","",""
1343,Ujjani Dam_1,Maharashtra SW,27,Maharashtra,496,Solapur,-,-,-,-,-,-,-,-,-,18.07402000,75.12002000,10-01-2024 01:00,341.14,0,0,0,341.14,341.14,341.14,341.14,341.14,341.14,341.14,341.14,0,0,0,341.14,0,0,0,0,0,0,0,0,0,0,0,0,0,0,0,0,0,0,0,0,0,0,0,0,0,0,0,0,"","","","","",""
1344,Ujjani Dam_1,Maharashtra SW,27,Maharashtra,496,Solapur,-,-,-,-,-,-,-,-,-,18.07402000,75.12002000,10-01-2024 02:00,341.49,0,0,0,341.49,341.49,341.49,341.49,341.49,341.49,341.49,341.49,0,0,0,341.49,0,0,0,0,0,0,0,0,0,0,0,0,0,0,0,0,0,0,0,0,0,0,0,0,0,0,0,0,"","","","","",""
1345,Ujjani Dam_1,Maharashtra SW,27,Maharashtra,496,Solapur,-,-,-,-,-,-,-,-,-,18.07402000,75.12002000,10-01-2024 03:00,341.49,0,0,0,341.49,341.49,341.49,341.49,341.49,341.49,341.49,341.49,0,0,0,341.49,0,0,0,0,0,0,0,0,0,0,0,0,0,0,0,0,0,0,0,0,0,0,0,0,0,0,0,0,"","","","","",""
1346,Ujjani Dam_1,Maharashtra SW,27,Maharashtra,496,Solapur,-,-,-,-,-,-,-,-,-,18.07402000,75.12002000,10-01-2024 04:00,341.49,0,0,0,341.49,341.49,341.49,341.49,341.49,341.49,341.49,341.49,0,0,0,341.49,0,0,0,0,0,0,0,0,0,0,0,0,0,0,0,0,0,0,0,0,0,0,0,0,0,0,0,0,"","","","","",""
1347,Ujjani Dam_1,Maharashtra SW,27,Maharashtra,496,Solapur,-,-,-,-,-,-,-,-,-,18.07402000,75.12002000,10-01-2024 05:00,341.85,0,0,0,341.85,341.85,341.85,341.85,341.85,341.85,341.85,341.85,0,0,0,341.85,0,0,0,0,0,0,0,0,0,0,0,0,0,0,0,0,0,0,0,0,0,0,0,0,0,0,0,0,"","","","","",""
1348,Ujjani Dam_1,Maharashtra SW,27,Maharashtra,496,Solapur,-,-,-,-,-,-,-,-,-,18.07402000,75.12002000,10-01-2024 07:00,341.49,0,0,0,341.49,341.49,341.49,341.49,341.49,341.49,341.49,341.49,0,0,0,341.49,0,0,0,0,0,0,0,0,0,0,0,0,0,0,0,0,0,0,0,0,0,0,0,0,0,0,0,0,"","","","","",""
1349,Ujjani Dam_1,Maharashtra SW,27,Maharashtra,496,Solapur,-,-,-,-,-,-,-,-,-,18.07402000,75.12002000,10-01-2024 08:00,341.49,0,0,0,341.49,341.49,341.49,341.49,341.49,341.49,341.49,341.49,0,0,0,341.49,0,0,0,0,0,0,0,0,0,0,0,0,0,0,0,0,0,0,0,0,0,0,0,0,0,0,0,0,"","","","","",""
1350,Ujjani Dam_1,Maharashtra SW,27,Maharashtra,496,Solapur,-,-,-,-,-,-,-,-,-,18.07402000,75.12002000,10-01-2024 09:00,341.49,0,0,0,341.49,341.49,341.49,341.49,341.49,341.49,341.49,341.49,0,0,0,341.49,0,0,0,0,0,0,0,0,0,0,0,0,0,0,0,0,0,0,0,0,0,0,0,0,0,0,0,0,"","","","","",""
1351,Ujjani Dam_1,Maharashtra SW,27,Maharashtra,496,Solapur,-,-,-,-,-,-,-,-,-,18.07402000,75.12002000,10-01-2024 10:00,341.49,0,0,0,341.49,341.49,341.49,341.49,341.49,341.49,341.49,341.49,0,0,0,341.49,0,0,0,0,0,0,0,0,0,0,0,0,0,0,0,0,0,0,0,0,0,0,0,0,0,0,0,0,"","","","","",""
1352,Ujjani Dam_1,Maharashtra SW,27,Maharashtra,496,Solapur,-,-,-,-,-,-,-,-,-,18.07402000,75.12002000,10-01-2024 11:00,341.85,0,0,0,341.85,341.85,341.85,341.85,341.85,341.85,341.85,341.85,0,0,0,341.85,0,0,0,0,0,0,0,0,0,0,0,0,0,0,0,0,0,0,0,0,0,0,0,0,0,0,0,0,"","","","","",""
1353,Ujjani Dam_1,Maharashtra SW,27,Maharashtra,496,Solapur,-,-,-,-,-,-,-,-,-,18.07402000,75.12002000,10-01-2024 12:00,341.85,0,0,0,341.85,341.85,341.85,341.85,341.85,341.85,341.85,341.85,0,0,0,341.85,0,0,0,0,0,0,0,0,0,0,0,0,0,0,0,0,0,0,0,0,0,0,0,0,0,0,0,0,"","","","","",""
1354,Ujjani Dam_1,Maharashtra SW,27,Maharashtra,496,Solapur,-,-,-,-,-,-,-,-,-,18.07402000,75.12002000,10-01-2024 13:00,342.91,0,0,0,342.91,342.91,342.91,342.91,342.91,342.91,342.91,342.91,0,0,0,342.91,0,0,0,0,0,0,0,0,0,0,0,0,0,0,0,0,0,0,0,0,0,0,0,0,0,0,0,0,"","","","","",""
1355,Ujjani Dam_1,Maharashtra SW,27,Maharashtra,496,Solapur,-,-,-,-,-,-,-,-,-,18.07402000,75.12002000,10-01-2024 15:00,342.55,0,0,0,342.55,342.55,342.55,342.55,342.55,342.55,342.55,342.55,0,0,0,342.55,0,0,0,0,0,0,0,0,0,0,0,0,0,0,0,0,0,0,0,0,0,0,0,0,0,0,0,0,"","","","","",""
1356,Ujjani Dam_1,Maharashtra SW,27,Maharashtra,496,Solapur,-,-,-,-,-,-,-,-,-,18.07402000,75.12002000,10-01-2024 16:00,342.91,0,0,0,342.91,342.91,342.91,342.91,342.91,342.91,342.91,342.91,0,0,0,342.91,0,0,0,0,0,0,0,0,0,0,0,0,0,0,0,0,0,0,0,0,0,0,0,0,0,0,0,0,"","","","","",""
1357,Ujjani Dam_1,Maharashtra SW,27,Maharashtra,496,Solapur,-,-,-,-,-,-,-,-,-,18.07402000,75.12002000,10-01-2024 17:00,342.55,0,0,0,342.55,342.55,342.55,342.55,342.55,342.55,342.55,342.55,0,0,0,342.55,0,0,0,0,0,0,0,0,0,0,0,0,0,0,0,0,0,0,0,0,0,0,0,0,0,0,0,0,"","","","","",""
1358,Ujjani Dam_1,Maharashtra SW,27,Maharashtra,496,Solapur,-,-,-,-,-,-,-,-,-,18.07402000,75.12002000,10-01-2024 18:00,342.55,0,0,0,342.55,342.55,342.55,342.55,342.55,342.55,342.55,342.55,0,0,0,342.55,0,0,0,0,0,0,0,0,0,0,0,0,0,0,0,0,0,0,0,0,0,0,0,0,0,0,0,0,"","","","","",""
1359,Ujjani Dam_1,Maharashtra SW,27,Maharashtra,496,Solapur,-,-,-,-,-,-,-,-,-,18.07402000,75.12002000,10-01-2024 19:00,342.55,0,0,0,342.55,342.55,342.55,342.55,342.55,342.55,342.55,342.55,0,0,0,342.55,0,0,0,0,0,0,0,0,0,0,0,0,0,0,0,0,0,0,0,0,0,0,0,0,0,0,0,0,"","","","","",""
1360,Ujjani Dam_1,Maharashtra SW,27,Maharashtra,496,Solapur,-,-,-,-,-,-,-,-,-,18.07402000,75.12002000,10-01-2024 20:00,343.61,0,0,0,343.61,343.61,343.61,343.61,343.61,343.61,343.61,343.61,0,0,0,343.61,0,0,0,0,0,0,0,0,0,0,0,0,0,0,0,0,0,0,0,0,0,0,0,0,0,0,0,0,"","","","","",""
1361,Ujjani Dam_1,Maharashtra SW,27,Maharashtra,496,Solapur,-,-,-,-,-,-,-,-,-,18.07402000,75.12002000,10-01-2024 21:00,343.26,0,0,0,343.26,343.26,343.26,343.26,343.26,343.26,343.26,343.26,0,0,0,343.26,0,0,0,0,0,0,0,0,0,0,0,0,0,0,0,0,0,0,0,0,0,0,0,0,0,0,0,0,"","","","","",""
1362,Ujjani Dam_1,Maharashtra SW,27,Maharashtra,496,Solapur,-,-,-,-,-,-,-,-,-,18.07402000,75.12002000,10-01-2024 23:00,343.61,0,0,0,343.61,343.61,343.61,343.61,343.61,343.61,343.61,343.61,0,0,0,343.61,0,0,0,0,0,0,0,0,0,0,0,0,0,0,0,0,0,0,0,0,0,0,0,0,0,0,0,0,"","","","","",""
1363,Ujjani Dam_1,Maharashtra SW,27,Maharashtra,496,Solapur,-,-,-,-,-,-,-,-,-,18.07402000,75.12002000,11-01-2024 00:00,343.61,0,0,0,343.61,343.61,343.61,343.61,343.61,343.61,343.61,343.61,0,0,0,343.61,0,0,0,0,0,0,0,0,0,0,0,0,0,0,0,0,0,0,0,0,0,0,0,0,0,0,0,0,"","","","","",""
1364,Ujjani Dam_1,Maharashtra SW,27,Maharashtra,496,Solapur,-,-,-,-,-,-,-,-,-,18.07402000,75.12002000,11-01-2024 01:00,343.26,0,0,0,343.26,343.26,343.26,343.26,343.26,343.26,343.26,343.26,0,0,0,343.26,0,0,0,0,0,0,0,0,0,0,0,0,0,0,0,0,0,0,0,0,0,0,0,0,0,0,0,0,"","","","","",""
1365,Ujjani Dam_1,Maharashtra SW,27,Maharashtra,496,Solapur,-,-,-,-,-,-,-,-,-,18.07402000,75.12002000,11-01-2024 02:00,343.61,0,0,0,343.61,343.61,343.61,343.61,343.61,343.61,343.61,343.61,0,0,0,343.61,0,0,0,0,0,0,0,0,0,0,0,0,0,0,0,0,0,0,0,0,0,0,0,0,0,0,0,0,"","","","","",""
1366,Ujjani Dam_1,Maharashtra SW,27,Maharashtra,496,Solapur,-,-,-,-,-,-,-,-,-,18.07402000,75.12002000,11-01-2024 03:00,343.61,0,0,0,343.61,343.61,343.61,343.61,343.61,343.61,343.61,343.61,0,0,0,343.61,0,0,0,0,0,0,0,0,0,0,0,0,0,0,0,0,0,0,0,0,0,0,0,0,0,0,0,0,"","","","","",""
1367,Ujjani Dam_1,Maharashtra SW,27,Maharashtra,496,Solapur,-,-,-,-,-,-,-,-,-,18.07402000,75.12002000,11-01-2024 04:00,343.96,0,0,0,343.96,343.96,343.96,343.96,343.96,343.96,343.96,343.96,0,0,0,343.96,0,0,0,0,0,0,0,0,0,0,0,0,0,0,0,0,0,0,0,0,0,0,0,0,0,0,0,0,"","","","","",""
1368,Ujjani Dam_1,Maharashtra SW,27,Maharashtra,496,Solapur,-,-,-,-,-,-,-,-,-,18.07402000,75.12002000,11-01-2024 05:00,345.02,0,0,0,345.02,345.02,345.02,345.02,345.02,345.02,345.02,345.02,0,0,0,345.02,0,0,0,0,0,0,0,0,0,0,0,0,0,0,0,0,0,0,0,0,0,0,0,0,0,0,0,0,"","","","","",""
1369,Ujjani Dam_1,Maharashtra SW,27,Maharashtra,496,Solapur,-,-,-,-,-,-,-,-,-,18.07402000,75.12002000,11-01-2024 07:00,343.96,0,0,0,343.96,343.96,343.96,343.96,343.96,343.96,343.96,343.96,0,0,0,343.96,0,0,0,0,0,0,0,0,0,0,0,0,0,0,0,0,0,0,0,0,0,0,0,0,0,0,0,0,"","","","","",""
1370,Ujjani Dam_1,Maharashtra SW,27,Maharashtra,496,Solapur,-,-,-,-,-,-,-,-,-,18.07402000,75.12002000,11-01-2024 08:00,342.55,0,0,0,342.55,342.55,342.55,342.55,344.67,342.55,342.55,342.55,0,0,0,342.55,0,0,0,0,0,0,0,0,0,0,0,0,0,0,0,0,0,0,0,0,0,0,0,0,0,0,0,0,"","","","","",""
1371,Ujjani Dam_1,Maharashtra SW,27,Maharashtra,496,Solapur,-,-,-,-,-,-,-,-,-,18.07402000,75.12002000,11-01-2024 09:00,342.55,0,0,0,342.55,342.55,342.55,342.55,344.67,342.55,342.55,342.55,0,0,0,342.55,0,0,0,0,0,0,0,0,0,0,0,0,0,0,0,0,0,0,0,0,0,0,0,0,0,0,0,0,"","","","","",""
1372,Ujjani Dam_1,Maharashtra SW,27,Maharashtra,496,Solapur,-,-,-,-,-,-,-,-,-,18.07402000,75.12002000,11-01-2024 10:00,343.26,0,0,0,343.26,343.26,343.26,343.26,345.38,343.26,343.26,343.26,0,0,0,343.26,0,0,0,0,0,0,0,0,0,0,0,0,0,0,0,0,0,0,0,0,0,0,0,0,0,0,0,0,"","","","","",""
1373,Ujjani Dam_1,Maharashtra SW,27,Maharashtra,496,Solapur,-,-,-,-,-,-,-,-,-,18.07402000,75.12002000,11-01-2024 11:00,285.7,0,0,0,285.7,285.7,285.7,285.7,263.8,285.7,285.7,285.7,0,0,0,285.7,0,0,0,0,0,0,0,0,0,0,0,0,0,0,0,0,0,0,0,0,0,0,0,0,0,0,0,0,"","","","","",""
1374,Ujjani Dam_1,Maharashtra SW,27,Maharashtra,496,Solapur,-,-,-,-,-,-,-,-,-,18.07402000,75.12002000,11-01-2024 12:00,285.7,0,0,0,285.7,285.7,285.7,285.7,263.8,285.7,285.7,285.7,0,0,0,285.7,0,0,0,0,0,0,0,0,0,0,0,0,0,0,0,0,0,0,0,0,0,0,0,0,0,0,0,0,"","","","","",""
1375,Ujjani Dam_1,Maharashtra SW,27,Maharashtra,496,Solapur,-,-,-,-,-,-,-,-,-,18.07402000,75.12002000,11-01-2024 13:00,283.58,0,0,0,283.58,283.58,283.58,283.58,262.03,283.58,283.58,283.58,0,0,0,283.58,0,0,0,0,0,0,0,0,0,0,0,0,0,0,0,0,0,0,0,0,0,0,0,0,0,0,0,0,"","","","","",""
1376,Ujjani Dam_1,Maharashtra SW,27,Maharashtra,496,Solapur,-,-,-,-,-,-,-,-,-,18.07402000,75.12002000,11-01-2024 15:00,283.58,0,0,0,283.58,283.58,283.58,283.58,262.03,283.58,283.58,283.58,0,0,0,283.58,0,0,0,0,0,0,0,0,0,0,0,0,0,0,0,0,0,0,0,0,0,0,0,0,0,0,0,0,"","","","","",""
1377,Ujjani Dam_1,Maharashtra SW,27,Maharashtra,496,Solapur,-,-,-,-,-,-,-,-,-,18.07402000,75.12002000,11-01-2024 16:00,283.58,0,0,0,283.58,283.58,283.58,283.58,262.03,283.58,283.58,283.58,0,0,0,283.58,0,0,0,0,0,0,0,0,0,0,0,0,0,0,0,0,0,0,0,0,0,0,0,0,0,0,0,0,"","","","","",""
1378,Ujjani Dam_1,Maharashtra SW,27,Maharashtra,496,Solapur,-,-,-,-,-,-,-,-,-,18.07402000,75.12002000,11-01-2024 17:00,285.7,0,0,0,285.7,285.7,285.7,285.7,263.8,285.7,285.7,285.7,0,0,0,285.7,0,0,0,0,0,0,0,0,0,0,0,0,0,0,0,0,0,0,0,0,0,0,0,0,0,0,0,0,"","","","","",""
1379,Ujjani Dam_1,Maharashtra SW,27,Maharashtra,496,Solapur,-,-,-,-,-,-,-,-,-,18.07402000,75.12002000,11-01-2024 18:00,285.7,0,0,0,285.7,285.7,285.7,285.7,263.8,285.7,285.7,285.7,0,0,0,285.7,0,0,0,0,0,0,0,0,0,0,0,0,0,0,0,0,0,0,0,0,0,0,0,0,0,0,0,0,"","","","","",""
1380,Ujjani Dam_1,Maharashtra SW,27,Maharashtra,496,Solapur,-,-,-,-,-,-,-,-,-,18.07402000,75.12002000,11-01-2024 19:00,287.46,0,0,0,287.46,287.46,287.46,287.46,265.57,287.46,287.46,287.46,0,0,0,287.46,0,0,0,0,0,0,0,0,0,0,0,0,0,0,0,0,0,0,0,0,0,0,0,0,0,0,0,0,"","","","","",""
1381,Ujjani Dam_1,Maharashtra SW,27,Maharashtra,496,Solapur,-,-,-,-,-,-,-,-,-,18.07402000,75.12002000,11-01-2024 20:00,283.58,0,0,0,283.58,283.58,283.58,283.58,262.03,283.58,283.58,283.58,0,0,0,283.58,0,0,0,0,0,0,0,0,0,0,0,0,0,0,0,0,0,0,0,0,0,0,0,0,0,0,0,0,"","","","","",""
1382,Ujjani Dam_1,Maharashtra SW,27,Maharashtra,496,Solapur,-,-,-,-,-,-,-,-,-,18.07402000,75.12002000,11-01-2024 21:00,285.7,0,0,0,285.7,285.7,285.7,285.7,263.8,285.7,285.7,285.7,0,0,0,285.7,0,0,0,0,0,0,0,0,0,0,0,0,0,0,0,0,0,0,0,0,0,0,0,0,0,0,0,0,"","","","","",""
1383,Ujjani Dam_1,Maharashtra SW,27,Maharashtra,496,Solapur,-,-,-,-,-,-,-,-,-,18.07402000,75.12002000,11-01-2024 23:00,281.81,0,0,0,281.81,281.81,281.81,281.81,260.27,281.81,281.81,281.81,0,0,0,281.81,0,0,0,0,0,0,0,0,0,0,0,0,0,0,0,0,0,0,0,0,0,0,0,0,0,0,0,0,"","","","","",""
1384,Ujjani Dam_1,Maharashtra SW,27,Maharashtra,496,Solapur,-,-,-,-,-,-,-,-,-,18.07402000,75.12002000,12-01-2024 00:00,277.57,0,0,0,277.57,277.57,277.57,277.57,256.38,277.57,277.57,277.57,0,0,0,277.57,0,0,0,0,0,0,0,0,0,0,0,0,0,0,0,0,0,0,0,0,0,0,0,0,0,0,0,0,"","","","","",""
1385,Ujjani Dam_1,Maharashtra SW,27,Maharashtra,496,Solapur,-,-,-,-,-,-,-,-,-,18.07402000,75.12002000,12-01-2024 01:00,277.57,0,0,0,277.57,277.57,277.57,277.57,256.38,277.57,277.57,277.57,0,0,0,277.57,0,0,0,0,0,0,0,0,0,0,0,0,0,0,0,0,0,0,0,0,0,0,0,0,0,0,0,0,"","","","","",""
1386,Ujjani Dam_1,Maharashtra SW,27,Maharashtra,496,Solapur,-,-,-,-,-,-,-,-,-,18.07402000,75.12002000,12-01-2024 02:00,277.57,0,0,0,277.57,277.57,277.57,277.57,256.38,277.57,277.57,277.57,0,0,0,277.57,0,0,0,0,0,0,0,0,0,0,0,0,0,0,0,0,0,0,0,0,0,0,0,0,0,0,0,0,"","","","","",""
1387,Ujjani Dam_1,Maharashtra SW,27,Maharashtra,496,Solapur,-,-,-,-,-,-,-,-,-,18.07402000,75.12002000,12-01-2024 03:00,279.69,0,0,0,279.69,279.69,279.69,279.69,258.15,279.69,279.69,279.69,0,0,0,279.69,0,0,0,0,0,0,0,0,0,0,0,0,0,0,0,0,0,0,0,0,0,0,0,0,0,0,0,0,"","","","","",""
1388,Ujjani Dam_1,Maharashtra SW,27,Maharashtra,496,Solapur,-,-,-,-,-,-,-,-,-,18.07402000,75.12002000,12-01-2024 04:00,277.57,0,0,0,277.57,277.57,277.57,277.57,256.38,277.57,277.57,277.57,0,0,0,277.57,0,0,0,0,0,0,0,0,0,0,0,0,0,0,0,0,0,0,0,0,0,0,0,0,0,0,0,0,"","","","","",""
1389,Ujjani Dam_1,Maharashtra SW,27,Maharashtra,496,Solapur,-,-,-,-,-,-,-,-,-,18.07402000,75.12002000,12-01-2024 05:00,277.57,0,0,0,277.57,277.57,277.57,277.57,256.38,277.57,277.57,277.57,0,0,0,277.57,0,0,0,0,0,0,0,0,0,0,0,0,0,0,0,0,0,0,0,0,0,0,0,0,0,0,0,0,"","","","","",""
1390,Ujjani Dam_1,Maharashtra SW,27,Maharashtra,496,Solapur,-,-,-,-,-,-,-,-,-,18.07402000,75.12002000,12-01-2024 07:00,275.81,0,0,0,275.81,275.81,275.81,275.81,254.62,275.81,275.81,275.81,0,0,0,275.81,0,0,0,0,0,0,0,0,0,0,0,0,0,0,0,0,0,0,0,0,0,0,0,0,0,0,0,0,"","","","","",""
1391,Ujjani Dam_1,Maharashtra SW,27,Maharashtra,496,Solapur,-,-,-,-,-,-,-,-,-,18.07402000,75.12002000,12-01-2024 08:00,275.81,0,0,0,275.81,275.81,275.81,275.81,254.62,275.81,275.81,275.81,0,0,0,275.81,0,0,0,0,0,0,0,0,0,0,0,0,0,0,0,0,0,0,0,0,0,0,0,0,0,0,0,0,"","","","","",""
1392,Ujjani Dam_1,Maharashtra SW,27,Maharashtra,496,Solapur,-,-,-,-,-,-,-,-,-,18.07402000,75.12002000,12-01-2024 09:00,271.57,0,0,0,271.57,271.57,271.57,271.57,250.73,271.57,271.57,271.57,0,0,0,271.57,0,0,0,0,0,0,0,0,0,0,0,0,0,0,0,0,0,0,0,0,0,0,0,0,0,0,0,0,"","","","","",""
1393,Ujjani Dam_1,Maharashtra SW,27,Maharashtra,496,Solapur,-,-,-,-,-,-,-,-,-,18.07402000,75.12002000,12-01-2024 10:00,273.69,0,0,0,273.69,273.69,273.69,273.69,252.85,273.69,273.69,273.69,0,0,0,273.69,0,0,0,0,0,0,0,0,0,0,0,0,0,0,0,0,0,0,0,0,0,0,0,0,0,0,0,0,"","","","","",""
1394,Ujjani Dam_1,Maharashtra SW,27,Maharashtra,496,Solapur,-,-,-,-,-,-,-,-,-,18.07402000,75.12002000,12-01-2024 11:00,269.45,0,0,0,269.45,269.45,269.45,269.45,248.97,269.45,269.45,269.45,0,0,0,269.45,0,0,0,0,0,0,0,0,0,0,0,0,0,0,0,0,0,0,0,0,0,0,0,0,0,0,0,0,"","","","","",""
1395,Ujjani Dam_1,Maharashtra SW,27,Maharashtra,496,Solapur,-,-,-,-,-,-,-,-,-,18.07402000,75.12002000,12-01-2024 12:00,269.45,0,0,0,269.45,269.45,269.45,269.45,248.97,269.45,269.45,269.45,0,0,0,269.45,0,0,0,0,0,0,0,0,0,0,0,0,0,0,0,0,0,0,0,0,0,0,0,0,0,0,0,0,"","","","","",""
1396,Ujjani Dam_1,Maharashtra SW,27,Maharashtra,496,Solapur,-,-,-,-,-,-,-,-,-,18.07402000,75.12002000,12-01-2024 13:00,267.33,0,0,0,267.33,267.33,267.33,267.33,247.2,267.33,267.33,267.33,0,0,0,267.33,0,0,0,0,0,0,0,0,0,0,0,0,0,0,0,0,0,0,0,0,0,0,0,0,0,0,0,0,"","","","","",""
1397,Ujjani Dam_1,Maharashtra SW,27,Maharashtra,496,Solapur,-,-,-,-,-,-,-,-,-,18.07402000,75.12002000,12-01-2024 15:00,267.33,0,0,0,267.33,267.33,267.33,267.33,247.2,267.33,267.33,267.33,0,0,0,267.33,0,0,0,0,0,0,0,0,0,0,0,0,0,0,0,0,0,0,0,0,0,0,0,0,0,0,0,0,"","","","","",""
1398,Ujjani Dam_1,Maharashtra SW,27,Maharashtra,496,Solapur,-,-,-,-,-,-,-,-,-,18.07402000,75.12002000,12-01-2024 16:00,267.33,0,0,0,267.33,267.33,267.33,267.33,247.2,267.33,267.33,267.33,0,0,0,267.33,0,0,0,0,0,0,0,0,0,0,0,0,0,0,0,0,0,0,0,0,0,0,0,0,0,0,0,0,"","","","","",""
1399,Ujjani Dam_1,Maharashtra SW,27,Maharashtra,496,Solapur,-,-,-,-,-,-,-,-,-,18.07402000,75.12002000,12-01-2024 17:00,271.57,0,0,0,271.57,271.57,271.57,271.57,250.73,271.57,271.57,271.57,0,0,0,271.57,0,0,0,0,0,0,0,0,0,0,0,0,0,0,0,0,0,0,0,0,0,0,0,0,0,0,0,0,"","","","","",""
1400,Ujjani Dam_1,Maharashtra SW,27,Maharashtra,496,Solapur,-,-,-,-,-,-,-,-,-,18.07402000,75.12002000,12-01-2024 18:00,269.45,0,0,0,269.45,269.45,269.45,269.45,248.97,269.45,269.45,269.45,0,0,0,269.45,0,0,0,0,0,0,0,0,0,0,0,0,0,0,0,0,0,0,0,0,0,0,0,0,0,0,0,0,"","","","","",""
1401,Ujjani Dam_1,Maharashtra SW,27,Maharashtra,496,Solapur,-,-,-,-,-,-,-,-,-,18.07402000,75.12002000,12-01-2024 19:00,269.45,0,0,0,269.45,269.45,269.45,269.45,248.97,269.45,269.45,269.45,0,0,0,269.45,0,0,0,0,0,0,0,0,0,0,0,0,0,0,0,0,0,0,0,0,0,0,0,0,0,0,0,0,"","","","","",""
1402,Ujjani Dam_1,Maharashtra SW,27,Maharashtra,496,Solapur,-,-,-,-,-,-,-,-,-,18.07402000,75.12002000,12-01-2024 20:00,269.45,0,0,0,269.45,269.45,269.45,269.45,248.97,269.45,269.45,269.45,0,0,0,269.45,0,0,0,0,0,0,0,0,0,0,0,0,0,0,0,0,0,0,0,0,0,0,0,0,0,0,0,0,"","","","","",""
1403,Ujjani Dam_1,Maharashtra SW,27,Maharashtra,496,Solapur,-,-,-,-,-,-,-,-,-,18.07402000,75.12002000,12-01-2024 21:00,267.33,0,0,0,267.33,267.33,267.33,267.33,247.2,267.33,267.33,267.33,0,0,0,267.33,0,0,0,0,0,0,0,0,0,0,0,0,0,0,0,0,0,0,0,0,0,0,0,0,0,0,0,0,"","","","","",""
1404,Ujjani Dam_1,Maharashtra SW,27,Maharashtra,496,Solapur,-,-,-,-,-,-,-,-,-,18.07402000,75.12002000,12-01-2024 23:00,265.21,0,0,0,265.21,265.21,265.21,265.21,245.08,265.21,265.21,265.21,0,0,0,265.21,0,0,0,0,0,0,0,0,0,0,0,0,0,0,0,0,0,0,0,0,0,0,0,0,0,0,0,0,"","","","","",""
1405,Ujjani Dam_1,Maharashtra SW,27,Maharashtra,496,Solapur,-,-,-,-,-,-,-,-,-,18.07402000,75.12002000,13-01-2024 00:00,265.21,0,0,0,265.21,265.21,265.21,265.21,245.08,265.21,265.21,265.21,0,0,0,265.21,0,0,0,0,0,0,0,0,0,0,0,0,0,0,0,0,0,0,0,0,0,0,0,0,0,0,0,0,"","","","","",""
1406,Ujjani Dam_1,Maharashtra SW,27,Maharashtra,496,Solapur,-,-,-,-,-,-,-,-,-,18.07402000,75.12002000,13-01-2024 01:00,260.98,0,0,0,260.98,260.98,260.98,260.98,241.2,260.98,260.98,260.98,0,0,0,260.98,0,0,0,0,0,0,0,0,0,0,0,0,0,0,0,0,0,0,0,0,0,0,0,0,0,0,0,0,"","","","","",""
1407,Ujjani Dam_1,Maharashtra SW,27,Maharashtra,496,Solapur,-,-,-,-,-,-,-,-,-,18.07402000,75.12002000,13-01-2024 02:00,263.09,0,0,0,263.09,263.09,263.09,263.09,243.32,263.09,263.09,263.09,0,0,0,263.09,0,0,0,0,0,0,0,0,0,0,0,0,0,0,0,0,0,0,0,0,0,0,0,0,0,0,0,0,"","","","","",""
1408,Ujjani Dam_1,Maharashtra SW,27,Maharashtra,496,Solapur,-,-,-,-,-,-,-,-,-,18.07402000,75.12002000,13-01-2024 03:00,263.09,0,0,0,263.09,263.09,263.09,263.09,243.32,263.09,263.09,263.09,0,0,0,263.09,0,0,0,0,0,0,0,0,0,0,0,0,0,0,0,0,0,0,0,0,0,0,0,0,0,0,0,0,"","","","","",""
1409,Ujjani Dam_1,Maharashtra SW,27,Maharashtra,496,Solapur,-,-,-,-,-,-,-,-,-,18.07402000,75.12002000,13-01-2024 04:00,263.09,0,0,0,263.09,263.09,263.09,263.09,243.32,263.09,263.09,263.09,0,0,0,263.09,0,0,0,0,0,0,0,0,0,0,0,0,0,0,0,0,0,0,0,0,0,0,0,0,0,0,0,0,"","","","","",""
1410,Ujjani Dam_1,Maharashtra SW,27,Maharashtra,496,Solapur,-,-,-,-,-,-,-,-,-,18.07402000,75.12002000,13-01-2024 06:00,260.98,0,0,0,260.98,260.98,260.98,260.98,241.2,260.98,260.98,260.98,0,0,0,260.98,0,0,0,0,0,0,0,0,0,0,0,0,0,0,0,0,0,0,0,0,0,0,0,0,0,0,0,0,"","","","","",""
1411,Ujjani Dam_1,Maharashtra SW,27,Maharashtra,496,Solapur,-,-,-,-,-,-,-,-,-,18.07402000,75.12002000,13-01-2024 07:00,258.86,0,0,0,258.86,258.86,258.86,258.86,239.43,258.86,258.86,258.86,0,0,0,258.86,0,0,0,0,0,0,0,0,0,0,0,0,0,0,0,0,0,0,0,0,0,0,0,0,0,0,0,0,"","","","","",""
1412,Ujjani Dam_1,Maharashtra SW,27,Maharashtra,496,Solapur,-,-,-,-,-,-,-,-,-,18.07402000,75.12002000,13-01-2024 08:00,258.86,0,0,0,0,258.86,258.86,258.86,239.43,258.86,258.86,0,0,0,0,258.86,0,0,0,0,0,0,0,0,0,0,0,0,0,0,0,0,0,0,0,0,0,0,0,0,0,0,0,0,"","","","","",""
1413,Ujjani Dam_1,Maharashtra SW,27,Maharashtra,496,Solapur,-,-,-,-,-,-,-,-,-,18.07402000,75.12002000,13-01-2024 09:00,256.74,0,0,0,0,256.74,256.74,256.74,237.31,256.74,256.74,0,0,0,0,256.74,0,0,0,0,0,0,0,0,0,0,0,0,0,0,0,0,0,0,0,0,0,0,0,0,0,0,0,0,"","","","","",""
1414,Ujjani Dam_1,Maharashtra SW,27,Maharashtra,496,Solapur,-,-,-,-,-,-,-,-,-,18.07402000,75.12002000,13-01-2024 10:00,254.62,0,0,0,0,254.62,254.62,254.62,235.2,254.62,254.62,0,0,0,0,254.62,0,0,0,0,0,0,0,0,0,0,0,0,0,0,0,0,0,0,0,0,0,0,0,0,0,0,0,0,"","","","","",""
1415,Ujjani Dam_1,Maharashtra SW,27,Maharashtra,496,Solapur,-,-,-,-,-,-,-,-,-,18.07402000,75.12002000,13-01-2024 11:00,252.15,0,0,0,0,252.15,252.15,252.15,233.43,252.15,252.15,0,0,0,0,252.15,0,0,0,0,0,0,0,0,0,0,0,0,0,0,0,0,0,0,0,0,0,0,0,0,0,0,0,0,"","","","","",""
1416,Ujjani Dam_1,Maharashtra SW,27,Maharashtra,496,Solapur,-,-,-,-,-,-,-,-,-,18.07402000,75.12002000,13-01-2024 12:00,252.15,0,0,0,0,252.15,252.15,252.15,233.43,252.15,252.15,0,0,0,0,252.15,0,0,0,0,0,0,0,0,0,0,0,0,0,0,0,0,0,0,0,0,0,0,0,0,0,0,0,0,"","","","","",""
1417,Ujjani Dam_1,Maharashtra SW,27,Maharashtra,496,Solapur,-,-,-,-,-,-,-,-,-,18.07402000,75.12002000,13-01-2024 14:00,256.74,0,0,0,0,256.74,256.74,256.74,237.31,256.74,256.74,0,0,0,0,256.74,0,0,0,0,0,0,0,0,0,0,0,0,0,0,0,0,0,0,0,0,0,0,0,0,0,0,0,0,"","","","","",""
1418,Ujjani Dam_1,Maharashtra SW,27,Maharashtra,496,Solapur,-,-,-,-,-,-,-,-,-,18.07402000,75.12002000,13-01-2024 15:00,252.15,0,0,0,0,252.15,252.15,252.15,233.43,252.15,252.15,0,0,0,0,252.15,0,0,0,0,0,0,0,0,0,0,0,0,0,0,0,0,0,0,0,0,0,0,0,0,0,0,0,0,"","","","","",""
1419,Ujjani Dam_1,Maharashtra SW,27,Maharashtra,496,Solapur,-,-,-,-,-,-,-,-,-,18.07402000,75.12002000,13-01-2024 16:00,254.62,0,0,0,0,254.62,254.62,254.62,235.2,254.62,254.62,0,0,0,0,254.62,0,0,0,0,0,0,0,0,0,0,0,0,0,0,0,0,0,0,0,0,0,0,0,0,0,0,0,0,"","","","","",""
1420,Ujjani Dam_1,Maharashtra SW,27,Maharashtra,496,Solapur,-,-,-,-,-,-,-,-,-,18.07402000,75.12002000,13-01-2024 17:00,254.62,0,0,0,0,254.62,254.62,254.62,235.2,254.62,254.62,0,0,0,0,254.62,0,0,0,0,0,0,0,0,0,0,0,0,0,0,0,0,0,0,0,0,0,0,0,0,0,0,0,0,"","","","","",""
1421,Ujjani Dam_1,Maharashtra SW,27,Maharashtra,496,Solapur,-,-,-,-,-,-,-,-,-,18.07402000,75.12002000,13-01-2024 18:00,256.74,0,0,0,0,256.74,256.74,256.74,237.31,256.74,256.74,0,0,0,0,256.74,0,0,0,0,0,0,0,0,0,0,0,0,0,0,0,0,0,0,0,0,0,0,0,0,0,0,0,0,"","","","","",""
1422,Ujjani Dam_1,Maharashtra SW,27,Maharashtra,496,Solapur,-,-,-,-,-,-,-,-,-,18.07402000,75.12002000,13-01-2024 19:00,252.15,0,0,0,261.68,252.15,252.15,252.15,233.43,252.15,252.15,252.15,0,0,0,252.15,0,0,0,0,0,0,0,0,0,0,0,0,0,0,0,0,0,0,0,0,0,0,0,0,0,0,0,0,"","","","","",""
1423,Ujjani Dam_1,Maharashtra SW,27,Maharashtra,496,Solapur,-,-,-,-,-,-,-,-,-,18.07402000,75.12002000,13-01-2024 20:00,252.15,0,0,0,261.68,252.15,252.15,252.15,233.43,252.15,252.15,252.15,0,0,0,252.15,0,0,0,0,0,0,0,0,0,0,0,0,0,0,0,0,0,0,0,0,0,0,0,0,0,0,0,0,"","","","","",""
1424,Ujjani Dam_1,Maharashtra SW,27,Maharashtra,496,Solapur,-,-,-,-,-,-,-,-,-,18.07402000,75.12002000,13-01-2024 22:00,252.15,0,0,0,0,0,252.15,252.15,233.43,252.15,0,0,0,0,0,252.15,0,0,0,0,0,0,0,0,0,0,0,0,0,0,0,0,0,0,0,0,0,0,0,0,0,0,0,0,"","","","","",""
1425,Ujjani Dam_1,Maharashtra SW,27,Maharashtra,496,Solapur,-,-,-,-,-,-,-,-,-,18.07402000,75.12002000,13-01-2024 23:00,250.03,0,0,0,0,0,250.03,250.03,231.31,250.03,0,0,0,0,0,250.03,0,0,0,0,0,0,0,0,0,0,0,0,0,0,0,0,0,0,0,0,0,0,0,0,0,0,0,0,"","","","","",""
1426,Ujjani Dam_1,Maharashtra SW,27,Maharashtra,496,Solapur,-,-,-,-,-,-,-,-,-,18.07402000,75.12002000,14-01-2024 00:00,250.03,0,0,0,0,0,250.03,250.03,231.31,250.03,0,0,0,0,0,250.03,0,0,0,0,0,0,0,0,0,0,0,0,0,0,0,0,0,0,0,0,0,0,0,0,0,0,0,0,"","","","","",""
1427,Ujjani Dam_1,Maharashtra SW,27,Maharashtra,496,Solapur,-,-,-,-,-,-,-,-,-,18.07402000,75.12002000,14-01-2024 01:00,250.03,0,0,0,0,0,250.03,250.03,231.31,250.03,0,0,0,0,0,250.03,0,0,0,0,0,0,0,0,0,0,0,0,0,0,0,0,0,0,0,0,0,0,0,0,0,0,0,0,"","","","","",""
1428,Ujjani Dam_1,Maharashtra SW,27,Maharashtra,496,Solapur,-,-,-,-,-,-,-,-,-,18.07402000,75.12002000,14-01-2024 02:00,250.03,0,0,0,0,0,250.03,250.03,231.31,250.03,0,0,0,0,0,250.03,0,0,0,0,0,0,0,0,0,0,0,0,0,0,0,0,0,0,0,0,0,0,0,0,0,0,0,0,"","","","","",""
1429,Ujjani Dam_1,Maharashtra SW,27,Maharashtra,496,Solapur,-,-,-,-,-,-,-,-,-,18.07402000,75.12002000,14-01-2024 03:00,247.91,0,0,0,0,0,247.91,247.91,229.19,247.91,0,0,0,0,0,247.91,0,0,0,0,0,0,0,0,0,0,0,0,0,0,0,0,0,0,0,0,0,0,0,0,0,0,0,0,"","","","","",""
1430,Ujjani Dam_1,Maharashtra SW,27,Maharashtra,496,Solapur,-,-,-,-,-,-,-,-,-,18.07402000,75.12002000,14-01-2024 04:00,245.44,0,0,0,0,0,245.44,245.44,227.07,245.44,0,0,0,0,0,245.44,0,0,0,0,0,0,0,0,0,0,0,0,0,0,0,0,0,0,0,0,0,0,0,0,0,0,0,0,"","","","","",""
1431,Ujjani Dam_1,Maharashtra SW,27,Maharashtra,496,Solapur,-,-,-,-,-,-,-,-,-,18.07402000,75.12002000,14-01-2024 06:00,243.32,0,0,0,0,0,243.32,243.32,224.95,243.32,0,0,0,0,0,243.32,0,0,0,0,0,0,0,0,0,0,0,0,0,0,0,0,0,0,0,0,0,0,0,0,0,0,0,0,"","","","","",""
1432,Ujjani Dam_1,Maharashtra SW,27,Maharashtra,496,Solapur,-,-,-,-,-,-,-,-,-,18.07402000,75.12002000,14-01-2024 07:00,245.44,0,0,0,0,0,245.44,245.44,227.07,245.44,0,0,0,0,0,245.44,0,0,0,0,0,0,0,0,0,0,0,0,0,0,0,0,0,0,0,0,0,0,0,0,0,0,0,0,"","","","","",""
1433,Ujjani Dam_1,Maharashtra SW,27,Maharashtra,496,Solapur,-,-,-,-,-,-,-,-,-,18.07402000,75.12002000,14-01-2024 08:00,245.44,0,0,0,0,0,245.44,245.44,227.07,245.44,0,0,0,0,0,245.44,0,0,0,0,0,0,0,0,0,0,0,0,0,0,0,0,0,0,0,0,0,0,0,0,0,0,0,0,"","","","","",""
1434,Ujjani Dam_1,Maharashtra SW,27,Maharashtra,496,Solapur,-,-,-,-,-,-,-,-,-,18.07402000,75.12002000,14-01-2024 09:00,243.32,0,0,0,0,0,243.32,243.32,224.95,243.32,0,0,0,0,0,243.32,0,0,0,0,0,0,0,0,0,0,0,0,0,0,0,0,0,0,0,0,0,0,0,0,0,0,0,0,"","","","","",""
1435,Ujjani Dam_1,Maharashtra SW,27,Maharashtra,496,Solapur,-,-,-,-,-,-,-,-,-,18.07402000,75.12002000,14-01-2024 10:00,243.32,0,0,0,0,0,243.32,243.32,224.95,243.32,0,0,0,0,0,243.32,0,0,0,0,0,0,0,0,0,0,0,0,0,0,0,0,0,0,0,0,0,0,0,0,0,0,0,0,"","","","","",""
1436,Ujjani Dam_1,Maharashtra SW,27,Maharashtra,496,Solapur,-,-,-,-,-,-,-,-,-,18.07402000,75.12002000,14-01-2024 11:00,238.37,0,0,0,0,0,238.37,238.37,220.72,238.37,0,0,0,0,0,238.37,0,0,0,0,0,0,0,0,0,0,0,0,0,0,0,0,0,0,0,0,0,0,0,0,0,0,0,0,"","","","","",""
1437,Ujjani Dam_1,Maharashtra SW,27,Maharashtra,496,Solapur,-,-,-,-,-,-,-,-,-,18.07402000,75.12002000,14-01-2024 12:00,240.85,0,0,0,0,0,240.85,240.85,222.84,240.85,0,0,0,0,0,240.85,0,0,0,0,0,0,0,0,0,0,0,0,0,0,0,0,0,0,0,0,0,0,0,0,0,0,0,0,"","","","","",""
1438,Ujjani Dam_1,Maharashtra SW,27,Maharashtra,496,Solapur,-,-,-,-,-,-,-,-,-,18.07402000,75.12002000,14-01-2024 14:00,236.26,0,0,0,0,0,236.26,236.26,218.6,236.26,0,0,0,0,0,236.26,0,0,0,0,0,0,0,0,0,0,0,0,0,0,0,0,0,0,0,0,0,0,0,0,0,0,0,0,"","","","","",""
1439,Ujjani Dam_1,Maharashtra SW,27,Maharashtra,496,Solapur,-,-,-,-,-,-,-,-,-,18.07402000,75.12002000,14-01-2024 15:00,236.26,0,0,0,0,0,236.26,236.26,218.6,236.26,0,0,0,0,0,236.26,0,0,0,0,0,0,0,0,0,0,0,0,0,0,0,0,0,0,0,0,0,0,0,0,0,0,0,0,"","","","","",""
1440,Ujjani Dam_1,Maharashtra SW,27,Maharashtra,496,Solapur,-,-,-,-,-,-,-,-,-,18.07402000,75.12002000,14-01-2024 16:00,236.26,0,0,0,0,0,236.26,236.26,218.6,236.26,0,0,0,0,0,236.26,0,0,0,0,0,0,0,0,0,0,0,0,0,0,0,0,0,0,0,0,0,0,0,0,0,0,0,0,"","","","","",""
1441,Ujjani Dam_1,Maharashtra SW,27,Maharashtra,496,Solapur,-,-,-,-,-,-,-,-,-,18.07402000,75.12002000,14-01-2024 17:00,236.26,0,0,0,0,0,236.26,236.26,218.6,236.26,0,0,0,0,0,236.26,0,0,0,0,0,0,0,0,0,0,0,0,0,0,0,0,0,0,0,0,0,0,0,0,0,0,0,0,"","","","","",""
1442,Ujjani Dam_1,Maharashtra SW,27,Maharashtra,496,Solapur,-,-,-,-,-,-,-,-,-,18.07402000,75.12002000,14-01-2024 18:00,236.26,0,0,0,0,0,236.26,236.26,218.6,236.26,0,0,0,0,0,236.26,0,0,0,0,0,0,0,0,0,0,0,0,0,0,0,0,0,0,0,0,0,0,0,0,0,0,0,0,"","","","","",""
1443,Ujjani Dam_1,Maharashtra SW,27,Maharashtra,496,Solapur,-,-,-,-,-,-,-,-,-,18.07402000,75.12002000,14-01-2024 19:00,236.26,0,0,0,0,0,236.26,236.26,218.6,236.26,0,0,0,0,0,236.26,0,0,0,0,0,0,0,0,0,0,0,0,0,0,0,0,0,0,0,0,0,0,0,0,0,0,0,0,"","","","","",""
1444,Ujjani Dam_1,Maharashtra SW,27,Maharashtra,496,Solapur,-,-,-,-,-,-,-,-,-,18.07402000,75.12002000,14-01-2024 20:00,236.26,0,0,0,0,0,236.26,236.26,218.6,236.26,0,0,0,0,0,236.26,0,0,0,0,0,0,0,0,0,0,0,0,0,0,0,0,0,0,0,0,0,0,0,0,0,0,0,0,"","","","","",""
1445,Ujjani Dam_1,Maharashtra SW,27,Maharashtra,496,Solapur,-,-,-,-,-,-,-,-,-,18.07402000,75.12002000,14-01-2024 22:00,236.26,0,0,0,0,0,236.26,236.26,218.6,236.26,0,0,0,0,0,236.26,0,0,0,0,0,0,0,0,0,0,0,0,0,0,0,0,0,0,0,0,0,0,0,0,0,0,0,0,"","","","","",""
1446,Ujjani Dam_1,Maharashtra SW,27,Maharashtra,496,Solapur,-,-,-,-,-,-,-,-,-,18.07402000,75.12002000,14-01-2024 23:00,236.26,0,0,0,0,0,236.26,236.26,218.6,236.26,0,0,0,0,0,236.26,0,0,0,0,0,0,0,0,0,0,0,0,0,0,0,0,0,0,0,0,0,0,0,0,0,0,0,0,"","","","","",""
1447,Ujjani Dam_1,Maharashtra SW,27,Maharashtra,496,Solapur,-,-,-,-,-,-,-,-,-,18.07402000,75.12002000,15-01-2024 00:00,236.26,0,0,0,0,0,236.26,236.26,218.6,236.26,0,0,0,0,0,236.26,0,0,0,0,0,0,0,0,0,0,0,0,0,0,0,0,0,0,0,0,0,0,0,0,0,0,0,0,"","","","","",""
1448,Ujjani Dam_1,Maharashtra SW,27,Maharashtra,496,Solapur,-,-,-,-,-,-,-,-,-,18.07402000,75.12002000,15-01-2024 01:00,233.78,0,0,0,0,0,233.78,233.78,216.48,233.78,0,0,0,0,0,233.78,0,0,0,0,0,0,0,0,0,0,0,0,0,0,0,0,0,0,0,0,0,0,0,0,0,0,0,0,"","","","","",""
1449,Ujjani Dam_1,Maharashtra SW,27,Maharashtra,496,Solapur,-,-,-,-,-,-,-,-,-,18.07402000,75.12002000,15-01-2024 02:00,231.31,0,0,0,0,0,231.31,231.31,214.36,231.31,0,0,0,0,0,231.31,0,0,0,0,0,0,0,0,0,0,0,0,0,0,0,0,0,0,0,0,0,0,0,0,0,0,0,0,"","","","","",""
1450,Ujjani Dam_1,Maharashtra SW,27,Maharashtra,496,Solapur,-,-,-,-,-,-,-,-,-,18.07402000,75.12002000,15-01-2024 03:00,226.37,0,0,0,0,0,226.37,226.37,209.77,226.37,0,0,0,0,0,226.37,0,0,0,0,0,0,0,0,0,0,0,0,0,0,0,0,0,0,0,0,0,0,0,0,0,0,0,0,"","","","","",""
1451,Ujjani Dam_1,Maharashtra SW,27,Maharashtra,496,Solapur,-,-,-,-,-,-,-,-,-,18.07402000,75.12002000,15-01-2024 04:00,231.31,0,0,0,0,0,231.31,231.31,214.36,231.31,0,0,0,0,0,231.31,0,0,0,0,0,0,0,0,0,0,0,0,0,0,0,0,0,0,0,0,0,0,0,0,0,0,0,0,"","","","","",""
1452,Ujjani Dam_1,Maharashtra SW,27,Maharashtra,496,Solapur,-,-,-,-,-,-,-,-,-,18.07402000,75.12002000,15-01-2024 06:00,228.84,0,0,0,0,0,228.84,228.84,212.24,228.84,0,0,0,0,0,228.84,0,0,0,0,0,0,0,0,0,0,0,0,0,0,0,0,0,0,0,0,0,0,0,0,0,0,0,0,"","","","","",""
1453,Ujjani Dam_1,Maharashtra SW,27,Maharashtra,496,Solapur,-,-,-,-,-,-,-,-,-,18.07402000,75.12002000,15-01-2024 07:00,228.84,0,0,0,0,0,228.84,228.84,212.24,228.84,0,0,0,0,0,228.84,0,0,0,0,0,0,0,0,0,0,0,0,0,0,0,0,0,0,0,0,0,0,0,0,0,0,0,0,"","","","","",""
1454,Ujjani Dam_1,Maharashtra SW,27,Maharashtra,496,Solapur,-,-,-,-,-,-,-,-,-,18.07402000,75.12002000,15-01-2024 08:00,223.9,0,0,0,0,0,223.9,223.9,207.65,223.9,0,0,0,0,0,223.9,0,0,0,0,0,0,0,0,0,0,0,0,0,0,0,0,0,0,0,0,0,0,0,0,0,0,0,0,"","","","","",""
1455,Ujjani Dam_1,Maharashtra SW,27,Maharashtra,496,Solapur,-,-,-,-,-,-,-,-,-,18.07402000,75.12002000,15-01-2024 09:00,221.42,0,0,0,0,0,221.42,221.42,205.18,221.42,0,0,0,0,0,221.42,0,0,0,0,0,0,0,0,0,0,0,0,0,0,0,0,0,0,0,0,0,0,0,0,0,0,0,0,"","","","","",""
1456,Ujjani Dam_1,Maharashtra SW,27,Maharashtra,496,Solapur,-,-,-,-,-,-,-,-,-,18.07402000,75.12002000,15-01-2024 10:00,223.9,0,0,0,0,0,223.9,223.9,207.65,223.9,0,0,0,0,0,223.9,0,0,0,0,0,0,0,0,0,0,0,0,0,0,0,0,0,0,0,0,0,0,0,0,0,0,0,0,"","","","","",""
1457,Ujjani Dam_1,Maharashtra SW,27,Maharashtra,496,Solapur,-,-,-,-,-,-,-,-,-,18.07402000,75.12002000,15-01-2024 11:00,221.42,0,0,0,0,0,221.42,221.42,205.18,221.42,0,0,0,0,0,221.42,0,0,0,0,0,0,0,0,0,0,0,0,0,0,0,0,0,0,0,0,0,0,0,0,0,0,0,0,"","","","","",""
1458,Ujjani Dam_1,Maharashtra SW,27,Maharashtra,496,Solapur,-,-,-,-,-,-,-,-,-,18.07402000,75.12002000,15-01-2024 12:00,221.42,0,0,0,0,0,221.42,221.42,205.18,221.42,0,0,0,0,0,221.42,0,0,0,0,0,0,0,0,0,0,0,0,0,0,0,0,0,0,0,0,0,0,0,0,0,0,0,0,"","","","","",""
1459,Ujjani Dam_1,Maharashtra SW,27,Maharashtra,496,Solapur,-,-,-,-,-,-,-,-,-,18.07402000,75.12002000,15-01-2024 14:00,218.6,0,0,0,0,0,218.6,218.6,203.06,218.6,0,0,0,0,0,218.6,0,0,0,0,0,0,0,0,0,0,0,0,0,0,0,0,0,0,0,0,0,0,0,0,0,0,0,0,"","","","","",""
1460,Ujjani Dam_1,Maharashtra SW,27,Maharashtra,496,Solapur,-,-,-,-,-,-,-,-,-,18.07402000,75.12002000,15-01-2024 15:00,218.6,0,0,0,0,0,218.6,218.6,203.06,218.6,0,0,0,0,0,218.6,0,0,0,0,0,0,0,0,0,0,0,0,0,0,0,0,0,0,0,0,0,0,0,0,0,0,0,0,"","","","","",""
1461,Ujjani Dam_1,Maharashtra SW,27,Maharashtra,496,Solapur,-,-,-,-,-,-,-,-,-,18.07402000,75.12002000,15-01-2024 16:00,216.13,0,0,0,0,0,216.13,216.13,200.59,216.13,0,0,0,0,0,216.13,0,0,0,0,0,0,0,0,0,0,0,0,0,0,0,0,0,0,0,0,0,0,0,0,0,0,0,0,"","","","","",""
1462,Ujjani Dam_1,Maharashtra SW,27,Maharashtra,496,Solapur,-,-,-,-,-,-,-,-,-,18.07402000,75.12002000,15-01-2024 17:00,213.65,0,0,0,0,0,213.65,213.65,198.12,213.65,0,0,0,0,0,213.65,0,0,0,0,0,0,0,0,0,0,0,0,0,0,0,0,0,0,0,0,0,0,0,0,0,0,0,0,"","","","","",""
1463,Ujjani Dam_1,Maharashtra SW,27,Maharashtra,496,Solapur,-,-,-,-,-,-,-,-,-,18.07402000,75.12002000,15-01-2024 18:00,216.13,0,0,0,0,0,216.13,216.13,200.59,216.13,0,0,0,0,0,216.13,0,0,0,0,0,0,0,0,0,0,0,0,0,0,0,0,0,0,0,0,0,0,0,0,0,0,0,0,"","","","","",""
1464,Ujjani Dam_1,Maharashtra SW,27,Maharashtra,496,Solapur,-,-,-,-,-,-,-,-,-,18.07402000,75.12002000,15-01-2024 19:00,216.13,0,0,0,0,0,216.13,216.13,200.59,216.13,0,0,0,0,0,216.13,0,0,0,0,0,0,0,0,0,0,0,0,0,0,0,0,0,0,0,0,0,0,0,0,0,0,0,0,"","","","","",""
1465,Ujjani Dam_1,Maharashtra SW,27,Maharashtra,496,Solapur,-,-,-,-,-,-,-,-,-,18.07402000,75.12002000,15-01-2024 20:00,216.13,0,0,0,0,0,216.13,216.13,200.59,216.13,0,0,0,0,0,216.13,0,0,0,0,0,0,0,0,0,0,0,0,0,0,0,0,0,0,0,0,0,0,0,0,0,0,0,0,"","","","","",""
1466,Ujjani Dam_1,Maharashtra SW,27,Maharashtra,496,Solapur,-,-,-,-,-,-,-,-,-,18.07402000,75.12002000,15-01-2024 23:00,213.65,0,0,0,0,0,213.65,213.65,198.12,213.65,0,0,0,0,0,213.65,0,0,0,0,0,0,0,0,0,0,0,0,0,0,0,0,0,0,0,0,0,0,0,0,0,0,0,0,"","","","","",""
1467,Ujjani Dam_1,Maharashtra SW,27,Maharashtra,496,Solapur,-,-,-,-,-,-,-,-,-,18.07402000,75.12002000,16-01-2024 00:00,210.83,0,0,0,0,0,210.83,210.83,196,210.83,0,0,0,0,0,210.83,0,0,0,0,0,0,0,0,0,0,0,0,0,0,0,0,0,0,0,0,0,0,0,0,0,0,0,0,"","","","","",""
1468,Ujjani Dam_1,Maharashtra SW,27,Maharashtra,496,Solapur,-,-,-,-,-,-,-,-,-,18.07402000,75.12002000,16-01-2024 01:00,208.36,0,0,0,0,0,208.36,208.36,193.52,208.36,0,0,0,0,0,208.36,0,0,0,0,0,0,0,0,0,0,0,0,0,0,0,0,0,0,0,0,0,0,0,0,0,0,0,0,"","","","","",""
1469,Ujjani Dam_1,Maharashtra SW,27,Maharashtra,496,Solapur,-,-,-,-,-,-,-,-,-,18.07402000,75.12002000,16-01-2024 02:00,210.83,0,0,0,0,0,210.83,210.83,196,210.83,0,0,0,0,0,210.83,0,0,0,0,0,0,0,0,0,0,0,0,0,0,0,0,0,0,0,0,0,0,0,0,0,0,0,0,"","","","","",""
1470,Ujjani Dam_1,Maharashtra SW,27,Maharashtra,496,Solapur,-,-,-,-,-,-,-,-,-,18.07402000,75.12002000,16-01-2024 03:00,208.36,0,0,0,0,0,208.36,208.36,193.52,208.36,0,0,0,0,0,208.36,0,0,0,0,0,0,0,0,0,0,0,0,0,0,0,0,0,0,0,0,0,0,0,0,0,0,0,0,"","","","","",""
1471,Ujjani Dam_1,Maharashtra SW,27,Maharashtra,496,Solapur,-,-,-,-,-,-,-,-,-,18.07402000,75.12002000,16-01-2024 05:00,208.36,0,0,0,0,0,208.36,208.36,193.52,208.36,0,0,0,0,0,208.36,0,0,0,0,0,0,0,0,0,0,0,0,0,0,0,0,0,0,0,0,0,0,0,0,0,0,0,0,"","","","","",""
1472,Ujjani Dam_1,Maharashtra SW,27,Maharashtra,496,Solapur,-,-,-,-,-,-,-,-,-,18.07402000,75.12002000,16-01-2024 06:00,219.3,0,0,0,0,0,205.53,205.53,191.05,205.53,0,0,0,0,0,205.53,0,0,0,0,0,0,0,0,0,0,0,0,0,0,0,0,0,0,0,0,0,0,0,0,0,0,0,0,"","","","","",""
1473,Ujjani Dam_1,Maharashtra SW,27,Maharashtra,496,Solapur,-,-,-,-,-,-,-,-,-,18.07402000,75.12002000,16-01-2024 07:00,216.48,0,0,216.48,142.67,222.84,202.71,216.48,188.58,216.48,216.48,222.84,0,0,0,216.48,0,0,0,0,0,0,0,0,0,0,0,0,0,0,0,0,0,0,0,0,0,0,0,0,0,0,0,0,"","","","","",""
1474,Ujjani Dam_1,Maharashtra SW,27,Maharashtra,496,Solapur,-,-,-,-,-,-,-,-,-,18.07402000,75.12002000,16-01-2024 08:00,216.48,0,0,216.48,142.67,222.84,202.71,216.48,188.58,216.48,216.48,222.84,0,0,0,216.48,0,0,0,0,0,0,0,0,0,0,0,0,0,0,0,0,0,0,0,0,0,0,0,0,0,0,0,0,"","","","","",""
1475,Ujjani Dam_1,Maharashtra SW,27,Maharashtra,496,Solapur,-,-,-,-,-,-,-,-,-,18.07402000,75.12002000,16-01-2024 09:00,216.48,0,0,216.48,142.67,222.84,202.71,216.48,188.58,216.48,216.48,222.84,0,0,0,216.48,0,0,0,0,0,0,0,0,0,0,0,0,0,0,0,0,0,0,0,0,0,0,0,0,0,0,0,0,"","","","","",""
1476,Ujjani Dam_1,Maharashtra SW,27,Maharashtra,496,Solapur,-,-,-,-,-,-,-,-,-,18.07402000,75.12002000,16-01-2024 10:00,213.3,0,0,0,0,0,199.88,213.3,186.11,213.3,0,0,0,0,0,213.3,0,0,0,0,0,0,0,0,0,0,0,0,0,0,0,0,0,0,0,0,0,0,0,0,0,0,0,0,"","","","","",""
1477,Ujjani Dam_1,Maharashtra SW,27,Maharashtra,496,Solapur,-,-,-,-,-,-,-,-,-,18.07402000,75.12002000,16-01-2024 14:00,210.12,0,0,0,0,0,197.06,210.12,183.28,210.12,0,0,0,0,0,210.12,0,0,0,0,0,0,0,0,0,0,0,0,0,0,0,0,0,0,0,0,0,0,0,0,0,0,0,0,"","","","","",""
1478,Ujjani Dam_1,Maharashtra SW,27,Maharashtra,496,Solapur,-,-,-,-,-,-,-,-,-,18.07402000,75.12002000,16-01-2024 15:00,206.94,0,0,0,0,0,194.23,206.94,180.81,206.94,0,0,0,0,0,206.94,0,0,0,0,0,0,0,0,0,0,0,0,0,0,0,0,0,0,0,0,0,0,0,0,0,0,0,0,"","","","","",""
1479,Ujjani Dam_1,Maharashtra SW,27,Maharashtra,496,Solapur,-,-,-,-,-,-,-,-,-,18.07402000,75.12002000,16-01-2024 16:00,210.12,0,0,0,0,0,197.06,210.12,183.28,210.12,0,0,0,0,0,210.12,0,0,0,0,0,0,0,0,0,0,0,0,0,0,0,0,0,0,0,0,0,0,0,0,0,0,0,0,"","","","","",""
1480,Ujjani Dam_1,Maharashtra SW,27,Maharashtra,496,Solapur,-,-,-,-,-,-,-,-,-,18.07402000,75.12002000,16-01-2024 17:00,206.94,0,0,0,0,0,194.23,206.94,180.81,206.94,0,0,0,0,0,206.94,0,0,0,0,0,0,0,0,0,0,0,0,0,0,0,0,0,0,0,0,0,0,0,0,0,0,0,0,"","","","","",""
1481,Ujjani Dam_1,Maharashtra SW,27,Maharashtra,496,Solapur,-,-,-,-,-,-,-,-,-,18.07402000,75.12002000,16-01-2024 18:00,206.94,0,0,0,0,0,194.23,206.94,180.81,206.94,0,0,0,0,0,206.94,0,0,0,0,0,0,0,0,0,0,0,0,0,0,0,0,0,0,0,0,0,0,0,0,0,0,0,0,"","","","","",""
1482,Ujjani Dam_1,Maharashtra SW,27,Maharashtra,496,Solapur,-,-,-,-,-,-,-,-,-,18.07402000,75.12002000,16-01-2024 19:00,206.94,0,0,0,0,0,194.23,206.94,180.81,206.94,0,0,0,0,0,206.94,0,0,0,0,0,0,0,0,0,0,0,0,0,0,0,0,0,0,0,0,0,0,0,0,0,0,0,0,"","","","","",""
1483,Ujjani Dam_1,Maharashtra SW,27,Maharashtra,496,Solapur,-,-,-,-,-,-,-,-,-,18.07402000,75.12002000,16-01-2024 21:00,203.77,0,0,0,0,0,191.05,203.77,177.99,203.77,0,0,0,0,0,203.77,0,0,0,0,0,0,0,0,0,0,0,0,0,0,0,0,0,0,0,0,0,0,0,0,0,0,0,0,"","","","","",""
1484,Ujjani Dam_1,Maharashtra SW,27,Maharashtra,496,Solapur,-,-,-,-,-,-,-,-,-,18.07402000,75.12002000,16-01-2024 22:00,203.77,0,0,0,0,0,191.05,203.77,177.99,203.77,0,0,0,0,0,203.77,0,0,0,0,0,0,0,0,0,0,0,0,0,0,0,0,0,0,0,0,0,0,0,0,0,0,0,0,"","","","","",""
1485,Ujjani Dam_1,Maharashtra SW,27,Maharashtra,496,Solapur,-,-,-,-,-,-,-,-,-,18.07402000,75.12002000,17-01-2024 03:00,197.06,0,0,0,0,0,185.05,197.06,172.69,197.06,0,0,0,0,0,197.06,0,0,0,0,0,0,0,0,0,0,0,0,0,0,0,0,0,0,0,0,0,0,0,0,0,0,0,0,"","","","","",""
1486,Ujjani Dam_1,Maharashtra SW,27,Maharashtra,496,Solapur,-,-,-,-,-,-,-,-,-,18.07402000,75.12002000,17-01-2024 04:00,193.52,0,0,0,0,0,182.22,193.52,169.86,193.52,0,0,0,0,0,193.52,0,0,0,0,0,0,0,0,0,0,0,0,0,0,0,0,0,0,0,0,0,0,0,0,0,0,0,0,"","","","","",""
1487,Ujjani Dam_1,Maharashtra SW,27,Maharashtra,496,Solapur,-,-,-,-,-,-,-,-,-,18.07402000,75.12002000,17-01-2024 05:00,193.52,0,0,0,0,0,182.22,193.52,169.86,193.52,0,0,0,0,0,193.52,0,0,0,0,0,0,0,0,0,0,0,0,0,0,0,0,0,0,0,0,0,0,0,0,0,0,0,0,"","","","","",""
1488,Ujjani Dam_1,Maharashtra SW,27,Maharashtra,496,Solapur,-,-,-,-,-,-,-,-,-,18.07402000,75.12002000,17-01-2024 06:00,0,0,0,0,0,0,0,0,167.04,244.02,0,0,0,0,0,0,0,0,0,0,0,0,0,0,0,0,0,0,0,0,0,0,0,0,0,0,0,0,0,0,0,0,0,0,"","","","","",""
1489,Ujjani Dam_1,Maharashtra SW,27,Maharashtra,496,Solapur,-,-,-,-,-,-,-,-,-,18.07402000,75.12002000,17-01-2024 07:00,200.59,0,0,0,0,0,161.03,205.53,167.04,200.59,0,0,0,0,0,200.59,0,0,0,0,0,0,0,0,0,0,0,0,0,0,0,0,0,0,0,0,0,0,0,0,0,0,0,0,"","","","","",""
1490,Ujjani Dam_1,Maharashtra SW,27,Maharashtra,496,Solapur,-,-,-,-,-,-,-,-,-,18.07402000,75.12002000,17-01-2024 08:00,204.47,0,0,0,0,0,163.51,209.42,169.86,204.47,0,0,0,0,0,204.47,0,0,0,0,0,0,0,0,0,0,0,0,0,0,0,0,0,0,0,0,0,0,0,0,0,0,0,0,"","","","","",""
1491,Ujjani Dam_1,Maharashtra SW,27,Maharashtra,496,Solapur,-,-,-,-,-,-,-,-,-,18.07402000,75.12002000,17-01-2024 09:00,200.59,0,0,0,0,0,161.03,205.53,167.04,200.59,0,0,0,0,0,200.59,0,0,0,0,0,0,0,0,0,0,0,0,0,0,0,0,0,0,0,0,0,0,0,0,0,0,0,0,"","","","","",""
1492,Ujjani Dam_1,Maharashtra SW,27,Maharashtra,496,Solapur,-,-,-,-,-,-,-,-,-,18.07402000,75.12002000,17-01-2024 10:00,26.13,0,0,0,0,0,0,0,167.04,244.02,0,0,0,0,0,0,0,0,0,0,0,0,0,0,0,0,0,0,0,0,0,0,0,0,0,0,0,0,0,0,0,0,0,0,"","","","","",""
1493,Ujjani Dam_1,Maharashtra SW,27,Maharashtra,496,Solapur,-,-,-,-,-,-,-,-,-,18.07402000,75.12002000,17-01-2024 11:00,0,0,0,0,0,0,0,0,164.21,0,0,0,0,0,0,0,0,0,0,0,0,0,0,0,0,0,0,0,0,0,0,0,0,0,0,0,0,0,0,0,0,0,0,0,"","","","","",""
1494,Ujjani Dam_1,Maharashtra SW,27,Maharashtra,496,Solapur,-,-,-,-,-,-,-,-,-,18.07402000,75.12002000,17-01-2024 12:00,0,0,0,0,0,0,0,0,0,0,0,0,0,0,0,0,0,0,0,0,0,0,0,0,0,0,0,0,0,0,0,0,0,0,0,0,0,0,0,0,0,0,0,0,"","","","","",""
1495,Ujjani Dam_1,Maharashtra SW,27,Maharashtra,496,Solapur,-,-,-,-,-,-,-,-,-,18.07402000,75.12002000,17-01-2024 13:00,0,0,0,0,0,0,0,0,0,0,0,0,0,0,0,0,0,0,0,0,0,0,0,0,0,0,0,0,0,0,0,0,0,0,0,0,0,0,0,0,0,0,0,0,"","","","","",""
1496,Ujjani Dam_1,Maharashtra SW,27,Maharashtra,496,Solapur,-,-,-,-,-,-,-,-,-,18.07402000,75.12002000,17-01-2024 15:00,0,0,0,0,0,0,0,0,0,0,0,0,0,0,0,0,0,0,0,0,0,0,0,0,0,0,0,0,0,0,0,0,0,0,0,0,0,0,0,0,0,0,0,0,"","","","","",""
1497,Ujjani Dam_1,Maharashtra SW,27,Maharashtra,496,Solapur,-,-,-,-,-,-,-,-,-,18.07402000,75.12002000,17-01-2024 16:00,0,0,0,0,0,0,0,0,0,0,0,0,0,0,0,0,0,0,0,0,0,0,0,0,0,0,0,0,0,0,0,0,0,0,0,0,0,0,0,0,0,0,0,0,"","","","","",""
1498,Ujjani Dam_1,Maharashtra SW,27,Maharashtra,496,Solapur,-,-,-,-,-,-,-,-,-,18.07402000,75.12002000,17-01-2024 19:00,0,0,0,0,0,0,0,0,0,0,0,0,0,0,0,0,0,0,0,0,0,0,0,0,0,0,0,0,0,0,0,0,0,0,0,0,0,0,0,0,0,0,0,0,"","","","","",""
1499,Ujjani Dam_1,Maharashtra SW,27,Maharashtra,496,Solapur,-,-,-,-,-,-,-,-,-,18.07402000,75.12002000,17-01-2024 20:00,0,0,0,0,0,0,0,0,0,0,0,0,0,0,0,0,0,0,0,0,0,0,0,0,0,0,0,0,0,0,0,0,0,0,0,0,0,0,0,0,0,0,0,0,"","","","","",""
1500,Ujjani Dam_1,Maharashtra SW,27,Maharashtra,496,Solapur,-,-,-,-,-,-,-,-,-,18.07402000,75.12002000,17-01-2024 21:00,0,0,0,0,0,0,0,0,0,0,0,0,0,0,0,0,0,0,0,0,0,0,0,0,0,0,0,0,0,0,0,0,0,0,0,0,0,0,0,0,0,0,0,0,"","","","","",""
1501,Ujjani Dam_1,Maharashtra SW,27,Maharashtra,496,Solapur,-,-,-,-,-,-,-,-,-,18.07402000,75.12002000,17-01-2024 22:00,0,0,0,0,0,0,0,0,0,0,0,0,0,0,0,0,0,0,0,0,0,0,0,0,0,0,0,0,0,0,0,0,0,0,0,0,0,0,0,0,0,0,0,0,"","","","","",""
1502,Ujjani Dam_1,Maharashtra SW,27,Maharashtra,496,Solapur,-,-,-,-,-,-,-,-,-,18.07402000,75.12002000,17-01-2024 23:00,0,0,0,0,0,0,0,0,0,0,0,0,0,0,0,0,0,0,0,0,0,0,0,0,0,0,0,0,0,0,0,0,0,0,0,0,0,0,0,0,0,0,0,0,"","","","","",""
1503,Ujjani Dam_1,Maharashtra SW,27,Maharashtra,496,Solapur,-,-,-,-,-,-,-,-,-,18.07402000,75.12002000,18-01-2024 00:00,0,0,0,0,0,0,0,0,0,0,0,0,0,0,0,0,0,0,0,0,0,0,0,0,0,0,0,0,0,0,0,0,0,0,0,0,0,0,0,0,0,0,0,0,"","","","","",""
1504,Ujjani Dam_1,Maharashtra SW,27,Maharashtra,496,Solapur,-,-,-,-,-,-,-,-,-,18.07402000,75.12002000,18-01-2024 01:00,0,0,0,0,0,0,0,0,0,0,0,0,0,0,0,0,0,0,0,0,0,0,0,0,0,0,0,0,0,0,0,0,0,0,0,0,0,0,0,0,0,0,0,0,"","","","","",""
1505,Ujjani Dam_1,Maharashtra SW,27,Maharashtra,496,Solapur,-,-,-,-,-,-,-,-,-,18.07402000,75.12002000,18-01-2024 02:00,0,0,0,0,0,0,0,0,0,0,0,0,0,0,0,0,0,0,0,0,0,0,0,0,0,0,0,0,0,0,0,0,0,0,0,0,0,0,0,0,0,0,0,0,"","","","","",""
1506,Ujjani Dam_1,Maharashtra SW,27,Maharashtra,496,Solapur,-,-,-,-,-,-,-,-,-,18.07402000,75.12002000,18-01-2024 03:00,0,0,0,0,0,0,0,0,0,0,0,0,0,0,0,0,0,0,0,0,0,0,0,0,0,0,0,0,0,0,0,0,0,0,0,0,0,0,0,0,0,0,0,0,"","","","","",""
1507,Ujjani Dam_1,Maharashtra SW,27,Maharashtra,496,Solapur,-,-,-,-,-,-,-,-,-,18.07402000,75.12002000,18-01-2024 04:00,0,0,0,0,0,0,0,0,0,0,0,0,0,0,0,0,0,0,0,0,0,0,0,0,0,0,0,0,0,0,0,0,0,0,0,0,0,0,0,0,0,0,0,0,"","","","","",""
1508,Ujjani Dam_1,Maharashtra SW,27,Maharashtra,496,Solapur,-,-,-,-,-,-,-,-,-,18.07402000,75.12002000,18-01-2024 06:00,0,0,0,0,0,0,0,0,0,0,0,0,0,0,0,0,0,0,0,0,0,0,0,0,0,0,0,0,0,0,0,0,0,0,0,0,0,0,0,0,0,0,0,0,"","","","","",""
1509,Ujjani Dam_1,Maharashtra SW,27,Maharashtra,496,Solapur,-,-,-,-,-,-,-,-,-,18.07402000,75.12002000,18-01-2024 07:00,0,0,0,0,0,0,0,0,0,0,0,0,0,0,0,0,0,0,0,0,0,0,0,0,0,0,0,0,0,0,0,0,0,0,0,0,0,0,0,0,0,0,0,0,"","","","","",""
1510,Ujjani Dam_1,Maharashtra SW,27,Maharashtra,496,Solapur,-,-,-,-,-,-,-,-,-,18.07402000,75.12002000,18-01-2024 08:00,0,0,0,0,0,0,0,0,0,0,0,0,0,0,0,0,0,0,0,0,0,0,0,0,0,0,0,0,0,0,0,0,0,0,0,0,0,0,0,0,0,0,0,0,"","","","","",""
1511,Ujjani Dam_1,Maharashtra SW,27,Maharashtra,496,Solapur,-,-,-,-,-,-,-,-,-,18.07402000,75.12002000,18-01-2024 09:00,0,0,0,0,0,0,0,0,0,0,0,0,0,0,0,0,0,0,0,0,0,0,0,0,0,0,0,0,0,0,0,0,0,0,0,0,0,0,0,0,0,0,0,0,"","","","","",""
1512,Ujjani Dam_1,Maharashtra SW,27,Maharashtra,496,Solapur,-,-,-,-,-,-,-,-,-,18.07402000,75.12002000,18-01-2024 11:00,0,0,0,0,0,0,0,0,0,0,0,0,0,0,0,0,0,0,0,0,0,0,0,0,0,0,0,0,0,0,0,0,0,0,0,0,0,0,0,0,0,0,0,0,"","","","","",""
1513,Ujjani Dam_1,Maharashtra SW,27,Maharashtra,496,Solapur,-,-,-,-,-,-,-,-,-,18.07402000,75.12002000,18-01-2024 12:00,0,0,0,0,0,0,0,0,0,0,0,0,0,0,0,0,0,0,0,0,0,0,0,0,0,0,0,0,0,0,0,0,0,0,0,0,0,0,0,0,0,0,0,0,"","","","","",""
1514,Ujjani Dam_1,Maharashtra SW,27,Maharashtra,496,Solapur,-,-,-,-,-,-,-,-,-,18.07402000,75.12002000,18-01-2024 14:00,0,0,0,0,0,0,0,0,0,0,0,0,0,0,0,0,0,0,0,0,0,0,0,0,0,0,0,0,0,0,0,0,0,0,0,0,0,0,0,0,0,0,0,0,"","","","","",""
1515,Ujjani Dam_1,Maharashtra SW,27,Maharashtra,496,Solapur,-,-,-,-,-,-,-,-,-,18.07402000,75.12002000,18-01-2024 15:00,0,0,0,0,0,0,0,0,0,0,0,0,0,0,0,0,0,0,0,0,0,0,0,0,0,0,0,0,0,0,0,0,0,0,0,0,0,0,0,0,0,0,0,0,"","","","","",""
1516,Ujjani Dam_1,Maharashtra SW,27,Maharashtra,496,Solapur,-,-,-,-,-,-,-,-,-,18.07402000,75.12002000,18-01-2024 16:00,0,0,0,0,0,0,0,0,0,0,0,0,0,0,0,0,0,0,0,0,0,0,0,0,0,0,0,0,0,0,0,0,0,0,0,0,0,0,0,0,0,0,0,0,"","","","","",""
1517,Ujjani Dam_1,Maharashtra SW,27,Maharashtra,496,Solapur,-,-,-,-,-,-,-,-,-,18.07402000,75.12002000,18-01-2024 17:00,0,0,0,0,0,0,0,0,0,0,0,0,0,0,0,0,0,0,0,0,0,0,0,0,0,0,0,0,0,0,0,0,0,0,0,0,0,0,0,0,0,0,0,0,"","","","","",""
1518,Ujjani Dam_1,Maharashtra SW,27,Maharashtra,496,Solapur,-,-,-,-,-,-,-,-,-,18.07402000,75.12002000,18-01-2024 18:00,0,0,0,0,0,0,0,0,0,0,0,0,0,0,0,0,0,0,0,0,0,0,0,0,0,0,0,0,0,0,0,0,0,0,0,0,0,0,0,0,0,0,0,0,"","","","","",""
1519,Ujjani Dam_1,Maharashtra SW,27,Maharashtra,496,Solapur,-,-,-,-,-,-,-,-,-,18.07402000,75.12002000,18-01-2024 19:00,0,0,0,0,0,0,0,0,0,0,0,0,0,0,0,0,0,0,0,0,0,0,0,0,0,0,0,0,0,0,0,0,0,0,0,0,0,0,0,0,0,0,0,0,"","","","","",""
1520,Ujjani Dam_1,Maharashtra SW,27,Maharashtra,496,Solapur,-,-,-,-,-,-,-,-,-,18.07402000,75.12002000,18-01-2024 20:00,0,0,0,0,0,0,0,0,0,0,0,0,0,0,0,0,0,0,0,0,0,0,0,0,0,0,0,0,0,0,0,0,0,0,0,0,0,0,0,0,0,0,0,0,"","","","","",""
1521,Ujjani Dam_1,Maharashtra SW,27,Maharashtra,496,Solapur,-,-,-,-,-,-,-,-,-,18.07402000,75.12002000,18-01-2024 22:00,0,0,0,0,0,0,0,0,0,0,0,0,0,0,0,0,0,0,0,0,0,0,0,0,0,0,0,0,0,0,0,0,0,0,0,0,0,0,0,0,0,0,0,0,"","","","","",""
1522,Ujjani Dam_1,Maharashtra SW,27,Maharashtra,496,Solapur,-,-,-,-,-,-,-,-,-,18.07402000,75.12002000,18-01-2024 23:00,0,0,0,0,0,0,0,0,0,0,0,0,0,0,0,0,0,0,0,0,0,0,0,0,0,0,0,0,0,0,0,0,0,0,0,0,0,0,0,0,0,0,0,0,"","","","","",""
1523,Ujjani Dam_1,Maharashtra SW,27,Maharashtra,496,Solapur,-,-,-,-,-,-,-,-,-,18.07402000,75.12002000,19-01-2024 00:00,0,0,0,0,0,0,0,0,0,0,0,0,0,0,0,0,0,0,0,0,0,0,0,0,0,0,0,0,0,0,0,0,0,0,0,0,0,0,0,0,0,0,0,0,"","","","","",""
1524,Ujjani Dam_1,Maharashtra SW,27,Maharashtra,496,Solapur,-,-,-,-,-,-,-,-,-,18.07402000,75.12002000,19-01-2024 01:00,0,0,0,0,0,0,0,0,0,0,0,0,0,0,0,0,0,0,0,0,0,0,0,0,0,0,0,0,0,0,0,0,0,0,0,0,0,0,0,0,0,0,0,0,"","","","","",""
1525,Ujjani Dam_1,Maharashtra SW,27,Maharashtra,496,Solapur,-,-,-,-,-,-,-,-,-,18.07402000,75.12002000,19-01-2024 02:00,0,0,0,0,0,0,0,0,0,0,0,0,0,0,0,0,0,0,0,0,0,0,0,0,0,0,0,0,0,0,0,0,0,0,0,0,0,0,0,0,0,0,0,0,"","","","","",""
1526,Ujjani Dam_1,Maharashtra SW,27,Maharashtra,496,Solapur,-,-,-,-,-,-,-,-,-,18.07402000,75.12002000,19-01-2024 03:00,0,0,0,0,0,0,0,0,0,0,0,0,0,0,0,0,0,0,0,0,0,0,0,0,0,0,0,0,0,0,0,0,0,0,0,0,0,0,0,0,0,0,0,0,"","","","","",""
1527,Ujjani Dam_1,Maharashtra SW,27,Maharashtra,496,Solapur,-,-,-,-,-,-,-,-,-,18.07402000,75.12002000,19-01-2024 04:00,0,0,0,0,0,0,0,0,0,0,0,0,0,0,0,0,0,0,0,0,0,0,0,0,0,0,0,0,0,0,0,0,0,0,0,0,0,0,0,0,0,0,0,0,"","","","","",""
1528,Ujjani Dam_1,Maharashtra SW,27,Maharashtra,496,Solapur,-,-,-,-,-,-,-,-,-,18.07402000,75.12002000,19-01-2024 06:00,0,0,0,0,0,0,0,0,0,0,0,0,0,0,0,0,0,0,0,0,0,0,0,0,0,0,0,0,0,0,0,0,0,0,0,0,0,0,0,0,0,0,0,0,"","","","","",""
1529,Ujjani Dam_1,Maharashtra SW,27,Maharashtra,496,Solapur,-,-,-,-,-,-,-,-,-,18.07402000,75.12002000,19-01-2024 07:00,0,0,0,0,0,0,0,0,0,0,0,0,0,0,0,0,0,0,0,0,0,0,0,0,0,0,0,0,0,0,0,0,0,0,0,0,0,0,0,0,0,0,0,0,"","","","","",""
1530,Ujjani Dam_1,Maharashtra SW,27,Maharashtra,496,Solapur,-,-,-,-,-,-,-,-,-,18.07402000,75.12002000,19-01-2024 08:00,0,0,0,0,0,0,0,0,0,0,0,0,0,0,0,0,0,0,0,0,0,0,0,0,0,0,0,0,0,0,0,0,0,0,0,0,0,0,0,0,0,0,0,0,"","","","","",""
1531,Ujjani Dam_1,Maharashtra SW,27,Maharashtra,496,Solapur,-,-,-,-,-,-,-,-,-,18.07402000,75.12002000,19-01-2024 09:00,0,0,0,0,0,0,0,0,0,0,0,0,0,0,0,0,0,0,0,0,0,0,0,0,0,0,0,0,0,0,0,0,0,0,0,0,0,0,0,0,0,0,0,0,"","","","","",""
1532,Ujjani Dam_1,Maharashtra SW,27,Maharashtra,496,Solapur,-,-,-,-,-,-,-,-,-,18.07402000,75.12002000,19-01-2024 10:00,0,0,0,0,0,0,0,0,0,0,0,0,0,0,0,0,0,0,0,0,0,0,0,0,0,0,0,0,0,0,0,0,0,0,0,0,0,0,0,0,0,0,0,0,"","","","","",""
1533,Ujjani Dam_1,Maharashtra SW,27,Maharashtra,496,Solapur,-,-,-,-,-,-,-,-,-,18.07402000,75.12002000,19-01-2024 11:00,0,0,0,0,0,0,0,0,0,0,0,0,0,0,0,0,0,0,0,0,0,0,0,0,0,0,0,0,0,0,0,0,0,0,0,0,0,0,0,0,0,0,0,0,"","","","","",""
1534,Ujjani Dam_1,Maharashtra SW,27,Maharashtra,496,Solapur,-,-,-,-,-,-,-,-,-,18.07402000,75.12002000,19-01-2024 12:00,0,0,0,0,0,0,0,0,0,0,0,0,0,0,0,0,0,0,0,0,0,0,0,0,0,0,0,0,0,0,0,0,0,0,0,0,0,0,0,0,0,0,0,0,"","","","","",""
1535,Ujjani Dam_1,Maharashtra SW,27,Maharashtra,496,Solapur,-,-,-,-,-,-,-,-,-,18.07402000,75.12002000,19-01-2024 14:00,0,0,0,0,0,0,0,0,0,0,0,0,0,0,0,0,0,0,0,0,0,0,0,0,0,0,0,0,0,0,0,0,0,0,0,0,0,0,0,0,0,0,0,0,"","","","","",""
1536,Ujjani Dam_1,Maharashtra SW,27,Maharashtra,496,Solapur,-,-,-,-,-,-,-,-,-,18.07402000,75.12002000,19-01-2024 15:00,0,0,0,0,0,0,0,0,0,0,0,0,0,0,0,0,0,0,0,0,0,0,0,0,0,0,0,0,0,0,0,0,0,0,0,0,0,0,0,0,0,0,0,0,"","","","","",""
1537,Ujjani Dam_1,Maharashtra SW,27,Maharashtra,496,Solapur,-,-,-,-,-,-,-,-,-,18.07402000,75.12002000,19-01-2024 16:00,0,0,0,0,0,0,0,0,0,0,0,0,0,0,0,0,0,0,0,0,0,0,0,0,0,0,0,0,0,0,0,0,0,0,0,0,0,0,0,0,0,0,0,0,"","","","","",""
1538,Ujjani Dam_1,Maharashtra SW,27,Maharashtra,496,Solapur,-,-,-,-,-,-,-,-,-,18.07402000,75.12002000,19-01-2024 17:00,0,0,0,0,0,0,0,0,0,0,0,0,0,0,0,0,0,0,0,0,0,0,0,0,0,0,0,0,0,0,0,0,0,0,0,0,0,0,0,0,0,0,0,0,"","","","","",""
1539,Ujjani Dam_1,Maharashtra SW,27,Maharashtra,496,Solapur,-,-,-,-,-,-,-,-,-,18.07402000,75.12002000,19-01-2024 18:00,0,0,0,0,0,0,0,0,0,0,0,0,0,0,0,0,0,0,0,0,0,0,0,0,0,0,0,0,0,0,0,0,0,0,0,0,0,0,0,0,0,0,0,0,"","","","","",""
1540,Ujjani Dam_1,Maharashtra SW,27,Maharashtra,496,Solapur,-,-,-,-,-,-,-,-,-,18.07402000,75.12002000,19-01-2024 19:00,0,0,0,0,0,0,0,0,0,0,0,0,0,0,0,0,0,0,0,0,0,0,0,0,0,0,0,0,0,0,0,0,0,0,0,0,0,0,0,0,0,0,0,0,"","","","","",""
1541,Ujjani Dam_1,Maharashtra SW,27,Maharashtra,496,Solapur,-,-,-,-,-,-,-,-,-,18.07402000,75.12002000,19-01-2024 20:00,0,0,0,0,0,0,0,0,0,0,0,0,0,0,0,0,0,0,0,0,0,0,0,0,0,0,0,0,0,0,0,0,0,0,0,0,0,0,0,0,0,0,0,0,"","","","","",""
1542,Ujjani Dam_1,Maharashtra SW,27,Maharashtra,496,Solapur,-,-,-,-,-,-,-,-,-,18.07402000,75.12002000,19-01-2024 22:00,0,0,0,0,0,0,0,0,0,0,0,0,0,0,0,0,0,0,0,0,0,0,0,0,0,0,0,0,0,0,0,0,0,0,0,0,0,0,0,0,0,0,0,0,"","","","","",""
1543,Ujjani Dam_1,Maharashtra SW,27,Maharashtra,496,Solapur,-,-,-,-,-,-,-,-,-,18.07402000,75.12002000,19-01-2024 23:00,0,0,0,0,0,0,0,0,0,0,0,0,0,0,0,0,0,0,0,0,0,0,0,0,0,0,0,0,0,0,0,0,0,0,0,0,0,0,0,0,0,0,0,0,"","","","","",""
1544,Ujjani Dam_1,Maharashtra SW,27,Maharashtra,496,Solapur,-,-,-,-,-,-,-,-,-,18.07402000,75.12002000,20-01-2024 00:00,0,0,0,0,0,0,0,0,0,0,0,0,0,0,0,0,0,0,0,0,0,0,0,0,0,0,0,0,0,0,0,0,0,0,0,0,0,0,0,0,0,0,0,0,"","","","","",""
1545,Ujjani Dam_1,Maharashtra SW,27,Maharashtra,496,Solapur,-,-,-,-,-,-,-,-,-,18.07402000,75.12002000,20-01-2024 01:00,0,0,0,0,0,0,0,0,0,0,0,0,0,0,0,0,0,0,0,0,0,0,0,0,0,0,0,0,0,0,0,0,0,0,0,0,0,0,0,0,0,0,0,0,"","","","","",""
1546,Ujjani Dam_1,Maharashtra SW,27,Maharashtra,496,Solapur,-,-,-,-,-,-,-,-,-,18.07402000,75.12002000,20-01-2024 02:00,0,0,0,0,0,0,0,0,0,0,0,0,0,0,0,0,0,0,0,0,0,0,0,0,0,0,0,0,0,0,0,0,0,0,0,0,0,0,0,0,0,0,0,0,"","","","","",""
1547,Ujjani Dam_1,Maharashtra SW,27,Maharashtra,496,Solapur,-,-,-,-,-,-,-,-,-,18.07402000,75.12002000,20-01-2024 03:00,0,0,0,0,0,0,0,0,0,0,0,0,0,0,0,0,0,0,0,0,0,0,0,0,0,0,0,0,0,0,0,0,0,0,0,0,0,0,0,0,0,0,0,0,"","","","","",""
1548,Ujjani Dam_1,Maharashtra SW,27,Maharashtra,496,Solapur,-,-,-,-,-,-,-,-,-,18.07402000,75.12002000,20-01-2024 04:00,0,0,0,0,0,0,0,0,0,0,0,0,0,0,0,0,0,0,0,0,0,0,0,0,0,0,0,0,0,0,0,0,0,0,0,0,0,0,0,0,0,0,0,0,"","","","","",""
1549,Ujjani Dam_1,Maharashtra SW,27,Maharashtra,496,Solapur,-,-,-,-,-,-,-,-,-,18.07402000,75.12002000,20-01-2024 06:00,0,0,0,0,0,0,0,0,0,0,0,0,0,0,0,0,0,0,0,0,0,0,0,0,0,0,0,0,0,0,0,0,0,0,0,0,0,0,0,0,0,0,0,0,"","","","","",""
1550,Ujjani Dam_1,Maharashtra SW,27,Maharashtra,496,Solapur,-,-,-,-,-,-,-,-,-,18.07402000,75.12002000,20-01-2024 07:00,0,0,0,0,0,0,0,0,0,0,0,0,0,0,0,0,0,0,0,0,0,0,0,0,0,0,0,0,0,0,0,0,0,0,0,0,0,0,0,0,0,0,0,0,"","","","","",""
1551,Ujjani Dam_1,Maharashtra SW,27,Maharashtra,496,Solapur,-,-,-,-,-,-,-,-,-,18.07402000,75.12002000,20-01-2024 08:00,0,0,0,0,0,0,0,0,0,0,0,0,0,0,0,0,0,0,0,0,0,0,0,0,0,0,0,0,0,0,0,0,0,0,0,0,0,0,0,0,0,0,0,0,"","","","","",""
1552,Ujjani Dam_1,Maharashtra SW,27,Maharashtra,496,Solapur,-,-,-,-,-,-,-,-,-,18.07402000,75.12002000,20-01-2024 09:00,0,0,0,0,0,0,0,0,0,0,0,0,0,0,0,0,0,0,0,0,0,0,0,0,0,0,0,0,0,0,0,0,0,0,0,0,0,0,0,0,0,0,0,0,"","","","","",""
1553,Ujjani Dam_1,Maharashtra SW,27,Maharashtra,496,Solapur,-,-,-,-,-,-,-,-,-,18.07402000,75.12002000,20-01-2024 10:00,0,0,0,0,0,0,0,0,0,0,0,0,0,0,0,0,0,0,0,0,0,0,0,0,0,0,0,0,0,0,0,0,0,0,0,0,0,0,0,0,0,0,0,0,"","","","","",""
1554,Ujjani Dam_1,Maharashtra SW,27,Maharashtra,496,Solapur,-,-,-,-,-,-,-,-,-,18.07402000,75.12002000,20-01-2024 11:00,0,0,0,0,0,0,0,0,0,0,0,0,0,0,0,0,0,0,0,0,0,0,0,0,0,0,0,0,0,0,0,0,0,0,0,0,0,0,0,0,0,0,0,0,"","","","","",""
1555,Ujjani Dam_1,Maharashtra SW,27,Maharashtra,496,Solapur,-,-,-,-,-,-,-,-,-,18.07402000,75.12002000,20-01-2024 12:00,0,0,0,0,0,0,0,0,0,0,0,0,0,0,0,0,0,0,0,0,0,0,0,0,0,0,0,0,0,0,0,0,0,0,0,0,0,0,0,0,0,0,0,0,"","","","","",""
1556,Ujjani Dam_1,Maharashtra SW,27,Maharashtra,496,Solapur,-,-,-,-,-,-,-,-,-,18.07402000,75.12002000,20-01-2024 14:00,0,0,0,0,0,0,0,0,0,0,0,0,0,0,0,0,0,0,0,0,0,0,0,0,0,0,0,0,0,0,0,0,0,0,0,0,0,0,0,0,0,0,0,0,"","","","","",""
1557,Ujjani Dam_1,Maharashtra SW,27,Maharashtra,496,Solapur,-,-,-,-,-,-,-,-,-,18.07402000,75.12002000,20-01-2024 15:00,0,0,0,0,0,0,0,0,0,0,0,0,0,0,0,0,0,0,0,0,0,0,0,0,0,0,0,0,0,0,0,0,0,0,0,0,0,0,0,0,0,0,0,0,"","","","","",""
1558,Ujjani Dam_1,Maharashtra SW,27,Maharashtra,496,Solapur,-,-,-,-,-,-,-,-,-,18.07402000,75.12002000,20-01-2024 16:00,0,0,0,0,0,0,0,0,0,0,0,0,0,0,0,0,0,0,0,0,0,0,0,0,0,0,0,0,0,0,0,0,0,0,0,0,0,0,0,0,0,0,0,0,"","","","","",""
1559,Ujjani Dam_1,Maharashtra SW,27,Maharashtra,496,Solapur,-,-,-,-,-,-,-,-,-,18.07402000,75.12002000,20-01-2024 18:00,0,0,0,0,0,0,0,0,0,0,0,0,0,0,0,0,0,0,0,0,0,0,0,0,0,0,0,0,0,0,0,0,0,0,0,0,0,0,0,0,0,0,0,0,"","","","","",""
1560,Ujjani Dam_1,Maharashtra SW,27,Maharashtra,496,Solapur,-,-,-,-,-,-,-,-,-,18.07402000,75.12002000,20-01-2024 19:00,0,0,0,0,0,0,0,0,0,0,0,0,0,0,0,0,0,0,0,0,0,0,0,0,0,0,0,0,0,0,0,0,0,0,0,0,0,0,0,0,0,0,0,0,"","","","","",""
1561,Ujjani Dam_1,Maharashtra SW,27,Maharashtra,496,Solapur,-,-,-,-,-,-,-,-,-,18.07402000,75.12002000,20-01-2024 21:00,0,0,0,0,0,0,0,0,0,0,0,0,0,0,0,0,0,0,0,0,0,0,0,0,0,0,0,0,0,0,0,0,0,0,0,0,0,0,0,0,0,0,0,0,"","","","","",""
1562,Ujjani Dam_1,Maharashtra SW,27,Maharashtra,496,Solapur,-,-,-,-,-,-,-,-,-,18.07402000,75.12002000,20-01-2024 22:00,0,0,0,0,0,0,0,0,0,0,0,0,0,0,0,0,0,0,0,0,0,0,0,0,0,0,0,0,0,0,0,0,0,0,0,0,0,0,0,0,0,0,0,0,"","","","","",""
1563,Ujjani Dam_1,Maharashtra SW,27,Maharashtra,496,Solapur,-,-,-,-,-,-,-,-,-,18.07402000,75.12002000,20-01-2024 23:00,0,0,0,0,0,0,0,0,0,0,0,0,0,0,0,0,0,0,0,0,0,0,0,0,0,0,0,0,0,0,0,0,0,0,0,0,0,0,0,0,0,0,0,0,"","","","","",""
1564,Ujjani Dam_1,Maharashtra SW,27,Maharashtra,496,Solapur,-,-,-,-,-,-,-,-,-,18.07402000,75.12002000,21-01-2024 00:00,0,0,0,0,0,0,0,0,0,0,0,0,0,0,0,0,0,0,0,0,0,0,0,0,0,0,0,0,0,0,0,0,0,0,0,0,0,0,0,0,0,0,0,0,"","","","","",""
1565,Ujjani Dam_1,Maharashtra SW,27,Maharashtra,496,Solapur,-,-,-,-,-,-,-,-,-,18.07402000,75.12002000,21-01-2024 01:00,0,0,0,0,0,0,0,0,0,0,0,0,0,0,0,0,0,0,0,0,0,0,0,0,0,0,0,0,0,0,0,0,0,0,0,0,0,0,0,0,0,0,0,0,"","","","","",""
1566,Ujjani Dam_1,Maharashtra SW,27,Maharashtra,496,Solapur,-,-,-,-,-,-,-,-,-,18.07402000,75.12002000,21-01-2024 02:00,0,0,0,0,0,0,0,0,0,0,0,0,0,0,0,0,0,0,0,0,0,0,0,0,0,0,0,0,0,0,0,0,0,0,0,0,0,0,0,0,0,0,0,0,"","","","","",""
1567,Ujjani Dam_1,Maharashtra SW,27,Maharashtra,496,Solapur,-,-,-,-,-,-,-,-,-,18.07402000,75.12002000,21-01-2024 03:00,0,0,0,0,0,0,0,0,0,0,0,0,0,0,0,0,0,0,0,0,0,0,0,0,0,0,0,0,0,0,0,0,0,0,0,0,0,0,0,0,0,0,0,0,"","","","","",""
1568,Ujjani Dam_1,Maharashtra SW,27,Maharashtra,496,Solapur,-,-,-,-,-,-,-,-,-,18.07402000,75.12002000,21-01-2024 05:00,0,0,0,0,0,0,0,0,0,0,0,0,0,0,0,0,0,0,0,0,0,0,0,0,0,0,0,0,0,0,0,0,0,0,0,0,0,0,0,0,0,0,0,0,"","","","","",""
1569,Ujjani Dam_1,Maharashtra SW,27,Maharashtra,496,Solapur,-,-,-,-,-,-,-,-,-,18.07402000,75.12002000,21-01-2024 06:00,0,0,0,0,0,0,0,0,0,0,0,0,0,0,0,0,0,0,0,0,0,0,0,0,0,0,0,0,0,0,0,0,0,0,0,0,0,0,0,0,0,0,0,0,"","","","","",""
1570,Ujjani Dam_1,Maharashtra SW,27,Maharashtra,496,Solapur,-,-,-,-,-,-,-,-,-,18.07402000,75.12002000,21-01-2024 07:00,0,0,0,0,0,0,0,0,0,0,0,0,0,0,0,0,0,0,0,0,0,0,0,0,0,0,0,0,0,0,0,0,0,0,0,0,0,0,0,0,0,0,0,0,"","","","","",""
1571,Ujjani Dam_1,Maharashtra SW,27,Maharashtra,496,Solapur,-,-,-,-,-,-,-,-,-,18.07402000,75.12002000,21-01-2024 08:00,0,0,0,0,0,0,0,0,0,0,0,0,0,0,0,0,0,0,0,0,0,0,0,0,0,0,0,0,0,0,0,0,0,0,0,0,0,0,0,0,0,0,0,0,"","","","","",""
1572,Ujjani Dam_1,Maharashtra SW,27,Maharashtra,496,Solapur,-,-,-,-,-,-,-,-,-,18.07402000,75.12002000,21-01-2024 09:00,0,0,0,0,0,0,0,0,0,0,0,0,0,0,0,0,0,0,0,0,0,0,0,0,0,0,0,0,0,0,0,0,0,0,0,0,0,0,0,0,0,0,0,0,"","","","","",""
1573,Ujjani Dam_1,Maharashtra SW,27,Maharashtra,496,Solapur,-,-,-,-,-,-,-,-,-,18.07402000,75.12002000,21-01-2024 10:00,0,0,0,0,0,0,0,0,0,0,0,0,0,0,0,0,0,0,0,0,0,0,0,0,0,0,0,0,0,0,0,0,0,0,0,0,0,0,0,0,0,0,0,0,"","","","","",""
1574,Ujjani Dam_1,Maharashtra SW,27,Maharashtra,496,Solapur,-,-,-,-,-,-,-,-,-,18.07402000,75.12002000,21-01-2024 11:00,0,0,0,0,0,0,0,0,0,0,0,0,0,0,0,0,0,0,0,0,0,0,0,0,0,0,0,0,0,0,0,0,0,0,0,0,0,0,0,0,0,0,0,0,"","","","","",""
1575,Ujjani Dam_1,Maharashtra SW,27,Maharashtra,496,Solapur,-,-,-,-,-,-,-,-,-,18.07402000,75.12002000,21-01-2024 13:00,0,0,0,0,0,0,0,0,0,0,0,0,0,0,0,0,0,0,0,0,0,0,0,0,0,0,0,0,0,0,0,0,0,0,0,0,0,0,0,0,0,0,0,0,"","","","","",""
1576,Ujjani Dam_1,Maharashtra SW,27,Maharashtra,496,Solapur,-,-,-,-,-,-,-,-,-,18.07402000,75.12002000,21-01-2024 14:00,0,0,0,0,0,0,0,0,0,0,0,0,0,0,0,0,0,0,0,0,0,0,0,0,0,0,0,0,0,0,0,0,0,0,0,0,0,0,0,0,0,0,0,0,"","","","","",""
1577,Ujjani Dam_1,Maharashtra SW,27,Maharashtra,496,Solapur,-,-,-,-,-,-,-,-,-,18.07402000,75.12002000,21-01-2024 16:00,0,0,0,0,0,0,0,0,0,0,0,0,0,0,0,0,0,0,0,0,0,0,0,0,0,0,0,0,0,0,0,0,0,0,0,0,0,0,0,0,0,0,0,0,"","","","","",""
1578,Ujjani Dam_1,Maharashtra SW,27,Maharashtra,496,Solapur,-,-,-,-,-,-,-,-,-,18.07402000,75.12002000,21-01-2024 17:00,0,0,0,0,0,0,0,0,0,0,0,0,0,0,0,0,0,0,0,0,0,0,0,0,0,0,0,0,0,0,0,0,0,0,0,0,0,0,0,0,0,0,0,0,"","","","","",""
1579,Ujjani Dam_1,Maharashtra SW,27,Maharashtra,496,Solapur,-,-,-,-,-,-,-,-,-,18.07402000,75.12002000,21-01-2024 18:00,0,0,0,0,0,0,0,0,0,0,0,0,0,0,0,0,0,0,0,0,0,0,0,0,0,0,0,0,0,0,0,0,0,0,0,0,0,0,0,0,0,0,0,0,"","","","","",""
1580,Ujjani Dam_1,Maharashtra SW,27,Maharashtra,496,Solapur,-,-,-,-,-,-,-,-,-,18.07402000,75.12002000,21-01-2024 19:00,0,0,0,0,0,0,0,0,0,0,0,0,0,0,0,0,0,0,0,0,0,0,0,0,0,0,0,0,0,0,0,0,0,0,0,0,0,0,0,0,0,0,0,0,"","","","","",""
1581,Ujjani Dam_1,Maharashtra SW,27,Maharashtra,496,Solapur,-,-,-,-,-,-,-,-,-,18.07402000,75.12002000,21-01-2024 21:00,0,0,0,0,0,0,0,0,0,0,0,0,0,0,0,0,0,0,0,0,0,0,0,0,0,0,0,0,0,0,0,0,0,0,0,0,0,0,0,0,0,0,0,0,"","","","","",""
1582,Ujjani Dam_1,Maharashtra SW,27,Maharashtra,496,Solapur,-,-,-,-,-,-,-,-,-,18.07402000,75.12002000,21-01-2024 22:00,0,0,0,0,0,0,0,0,0,0,0,0,0,0,0,0,0,0,0,0,0,0,0,0,0,0,0,0,0,0,0,0,0,0,0,0,0,0,0,0,0,0,0,0,"","","","","",""
1583,Ujjani Dam_1,Maharashtra SW,27,Maharashtra,496,Solapur,-,-,-,-,-,-,-,-,-,18.07402000,75.12002000,21-01-2024 23:00,0,0,0,0,0,0,0,0,0,0,0,0,0,0,0,0,0,0,0,0,0,0,0,0,0,0,0,0,0,0,0,0,0,0,0,0,0,0,0,0,0,0,0,0,"","","","","",""
1584,Ujjani Dam_1,Maharashtra SW,27,Maharashtra,496,Solapur,-,-,-,-,-,-,-,-,-,18.07402000,75.12002000,22-01-2024 00:00,0,0,0,0,0,0,0,0,0,0,0,0,0,0,0,0,0,0,0,0,0,0,0,0,0,0,0,0,0,0,0,0,0,0,0,0,0,0,0,0,0,0,0,0,"","","","","",""
1585,Ujjani Dam_1,Maharashtra SW,27,Maharashtra,496,Solapur,-,-,-,-,-,-,-,-,-,18.07402000,75.12002000,22-01-2024 01:00,0,0,0,0,0,0,0,0,0,0,0,0,0,0,0,0,0,0,0,0,0,0,0,0,0,0,0,0,0,0,0,0,0,0,0,0,0,0,0,0,0,0,0,0,"","","","","",""
1586,Ujjani Dam_1,Maharashtra SW,27,Maharashtra,496,Solapur,-,-,-,-,-,-,-,-,-,18.07402000,75.12002000,22-01-2024 02:00,0,0,0,0,0,0,0,0,0,0,0,0,0,0,0,0,0,0,0,0,0,0,0,0,0,0,0,0,0,0,0,0,0,0,0,0,0,0,0,0,0,0,0,0,"","","","","",""
1587,Ujjani Dam_1,Maharashtra SW,27,Maharashtra,496,Solapur,-,-,-,-,-,-,-,-,-,18.07402000,75.12002000,22-01-2024 03:00,0,0,0,0,0,0,0,0,0,0,0,0,0,0,0,0,0,0,0,0,0,0,0,0,0,0,0,0,0,0,0,0,0,0,0,0,0,0,0,0,0,0,0,0,"","","","","",""
1588,Ujjani Dam_1,Maharashtra SW,27,Maharashtra,496,Solapur,-,-,-,-,-,-,-,-,-,18.07402000,75.12002000,22-01-2024 05:00,0,0,0,0,0,0,0,0,0,0,0,0,0,0,0,0,0,0,0,0,0,0,0,0,0,0,0,0,0,0,0,0,0,0,0,0,0,0,0,0,0,0,0,0,"","","","","",""
1589,Ujjani Dam_1,Maharashtra SW,27,Maharashtra,496,Solapur,-,-,-,-,-,-,-,-,-,18.07402000,75.12002000,22-01-2024 06:00,0,0,0,0,0,0,0,0,0,0,0,0,0,0,0,0,0,0,0,0,0,0,0,0,0,0,0,0,0,0,0,0,0,0,0,0,0,0,0,0,0,0,0,0,"","","","","",""
1590,Ujjani Dam_1,Maharashtra SW,27,Maharashtra,496,Solapur,-,-,-,-,-,-,-,-,-,18.07402000,75.12002000,22-01-2024 07:00,0,0,0,0,0,0,0,0,0,0,0,0,0,0,0,0,0,0,0,0,0,0,0,0,0,0,0,0,0,0,0,0,0,0,0,0,0,0,0,0,0,0,0,0,"","","","","",""
1591,Ujjani Dam_1,Maharashtra SW,27,Maharashtra,496,Solapur,-,-,-,-,-,-,-,-,-,18.07402000,75.12002000,22-01-2024 08:00,0,0,0,0,0,0,0,0,0,0,0,0,0,0,0,0,0,0,0,0,0,0,0,0,0,0,0,0,0,0,0,0,0,0,0,0,0,0,0,0,0,0,0,0,"","","","","",""
1592,Ujjani Dam_1,Maharashtra SW,27,Maharashtra,496,Solapur,-,-,-,-,-,-,-,-,-,18.07402000,75.12002000,22-01-2024 10:00,0,0,0,0,0,0,0,0,0,0,0,0,0,0,0,0,0,0,0,0,0,0,0,0,0,0,0,0,0,0,0,0,0,0,0,0,0,0,0,0,0,0,0,0,"","","","","",""
1593,Ujjani Dam_1,Maharashtra SW,27,Maharashtra,496,Solapur,-,-,-,-,-,-,-,-,-,18.07402000,75.12002000,22-01-2024 11:00,0,0,0,0,0,0,0,0,0,0,0,0,0,0,0,0,0,0,0,0,0,0,0,0,0,0,0,0,0,0,0,0,0,0,0,0,0,0,0,0,0,0,0,0,"","","","","",""
1594,Ujjani Dam_1,Maharashtra SW,27,Maharashtra,496,Solapur,-,-,-,-,-,-,-,-,-,18.07402000,75.12002000,22-01-2024 13:00,0,0,0,0,0,0,0,0,0,0,0,0,0,0,0,0,0,0,0,0,0,0,0,0,0,0,0,0,0,0,0,0,0,0,0,0,0,0,0,0,0,0,0,0,"","","","","",""
1595,Ujjani Dam_1,Maharashtra SW,27,Maharashtra,496,Solapur,-,-,-,-,-,-,-,-,-,18.07402000,75.12002000,22-01-2024 14:00,0,0,0,0,0,0,0,0,0,0,0,0,0,0,0,0,0,0,0,0,0,0,0,0,0,0,0,0,0,0,0,0,0,0,0,0,0,0,0,0,0,0,0,0,"","","","","",""
1596,Ujjani Dam_1,Maharashtra SW,27,Maharashtra,496,Solapur,-,-,-,-,-,-,-,-,-,18.07402000,75.12002000,22-01-2024 16:00,0,0,0,0,0,0,0,0,0,0,0,0,0,0,0,0,0,0,0,0,0,0,0,0,0,0,0,0,0,0,0,0,0,0,0,0,0,0,0,0,0,0,0,0,"","","","","",""
1597,Ujjani Dam_1,Maharashtra SW,27,Maharashtra,496,Solapur,-,-,-,-,-,-,-,-,-,18.07402000,75.12002000,22-01-2024 17:00,0,0,0,0,0,0,0,0,0,0,0,0,0,0,0,0,0,0,0,0,0,0,0,0,0,0,0,0,0,0,0,0,0,0,0,0,0,0,0,0,0,0,0,0,"","","","","",""
1598,Ujjani Dam_1,Maharashtra SW,27,Maharashtra,496,Solapur,-,-,-,-,-,-,-,-,-,18.07402000,75.12002000,22-01-2024 19:00,0,0,0,0,0,0,0,0,0,0,0,0,0,0,0,0,0,0,0,0,0,0,0,0,0,0,0,0,0,0,0,0,0,0,0,0,0,0,0,0,0,0,0,0,"","","","","",""
1599,Ujjani Dam_1,Maharashtra SW,27,Maharashtra,496,Solapur,-,-,-,-,-,-,-,-,-,18.07402000,75.12002000,22-01-2024 20:00,0,0,0,0,0,0,0,0,0,0,0,0,0,0,0,0,0,0,0,0,0,0,0,0,0,0,0,0,0,0,0,0,0,0,0,0,0,0,0,0,0,0,0,0,"","","","","",""
1600,Ujjani Dam_1,Maharashtra SW,27,Maharashtra,496,Solapur,-,-,-,-,-,-,-,-,-,18.07402000,75.12002000,22-01-2024 21:00,0,0,0,0,0,0,0,0,0,0,0,0,0,0,0,0,0,0,0,0,0,0,0,0,0,0,0,0,0,0,0,0,0,0,0,0,0,0,0,0,0,0,0,0,"","","","","",""
1601,Ujjani Dam_1,Maharashtra SW,27,Maharashtra,496,Solapur,-,-,-,-,-,-,-,-,-,18.07402000,75.12002000,22-01-2024 23:00,0,0,0,0,0,0,0,0,0,0,0,0,0,0,0,0,0,0,0,0,0,0,0,0,0,0,0,0,0,0,0,0,0,0,0,0,0,0,0,0,0,0,0,0,"","","","","",""
1602,Ujjani Dam_1,Maharashtra SW,27,Maharashtra,496,Solapur,-,-,-,-,-,-,-,-,-,18.07402000,75.12002000,23-01-2024 00:00,0,0,0,0,0,0,0,0,0,0,0,0,0,0,0,0,0,0,0,0,0,0,0,0,0,0,0,0,0,0,0,0,0,0,0,0,0,0,0,0,0,0,0,0,"","","","","",""
1603,Ujjani Dam_1,Maharashtra SW,27,Maharashtra,496,Solapur,-,-,-,-,-,-,-,-,-,18.07402000,75.12002000,23-01-2024 02:00,0,0,0,0,0,0,0,0,0,0,0,0,0,0,0,0,0,0,0,0,0,0,0,0,0,0,0,0,0,0,0,0,0,0,0,0,0,0,0,0,0,0,0,0,"","","","","",""
1604,Ujjani Dam_1,Maharashtra SW,27,Maharashtra,496,Solapur,-,-,-,-,-,-,-,-,-,18.07402000,75.12002000,23-01-2024 03:00,0,0,0,0,0,0,0,0,0,0,0,0,0,0,0,0,0,0,0,0,0,0,0,0,0,0,0,0,0,0,0,0,0,0,0,0,0,0,0,0,0,0,0,0,"","","","","",""
1605,Ujjani Dam_1,Maharashtra SW,27,Maharashtra,496,Solapur,-,-,-,-,-,-,-,-,-,18.07402000,75.12002000,23-01-2024 05:00,0,0,0,0,0,0,0,0,0,0,0,0,0,0,0,0,0,0,0,0,0,0,0,0,0,0,0,0,0,0,0,0,0,0,0,0,0,0,0,0,0,0,0,0,"","","","","",""
1606,Ujjani Dam_1,Maharashtra SW,27,Maharashtra,496,Solapur,-,-,-,-,-,-,-,-,-,18.07402000,75.12002000,23-01-2024 06:00,0,0,0,0,0,0,0,0,0,0,0,0,0,0,0,0,0,0,0,0,0,0,0,0,0,0,0,0,0,0,0,0,0,0,0,0,0,0,0,0,0,0,0,0,"","","","","",""
1607,Ujjani Dam_1,Maharashtra SW,27,Maharashtra,496,Solapur,-,-,-,-,-,-,-,-,-,18.07402000,75.12002000,23-01-2024 08:00,0,0,0,0,0,0,0,0,0,0,0,0,0,0,0,0,0,0,0,0,0,0,0,0,0,0,0,0,0,0,0,0,0,0,0,0,0,0,0,0,0,0,0,0,"","","","","",""
1608,Ujjani Dam_1,Maharashtra SW,27,Maharashtra,496,Solapur,-,-,-,-,-,-,-,-,-,18.07402000,75.12002000,23-01-2024 09:00,0,0,0,0,0,0,0,0,0,0,0,0,0,0,0,0,0,0,0,0,0,0,0,0,0,0,0,0,0,0,0,0,0,0,0,0,0,0,0,0,0,0,0,0,"","","","","",""
1609,Ujjani Dam_1,Maharashtra SW,27,Maharashtra,496,Solapur,-,-,-,-,-,-,-,-,-,18.07402000,75.12002000,23-01-2024 11:00,0,0,0,0,0,0,0,0,0,0,0,0,0,0,0,0,0,0,0,0,0,0,0,0,0,0,0,0,0,0,0,0,0,0,0,0,0,0,0,0,0,0,0,0,"","","","","",""
1610,Ujjani Dam_1,Maharashtra SW,27,Maharashtra,496,Solapur,-,-,-,-,-,-,-,-,-,18.07402000,75.12002000,23-01-2024 12:00,0,0,0,0,0,0,0,0,0,0,0,0,0,0,0,0,0,0,0,0,0,0,0,0,0,0,0,0,0,0,0,0,0,0,0,0,0,0,0,0,0,0,0,0,"","","","","",""
1611,Ujjani Dam_1,Maharashtra SW,27,Maharashtra,496,Solapur,-,-,-,-,-,-,-,-,-,18.07402000,75.12002000,23-01-2024 14:00,0,0,0,0,0,0,0,0,0,0,0,0,0,0,0,0,0,0,0,0,0,0,0,0,0,0,0,0,0,0,0,0,0,0,0,0,0,0,0,0,0,0,0,0,"","","","","",""
1612,Ujjani Dam_1,Maharashtra SW,27,Maharashtra,496,Solapur,-,-,-,-,-,-,-,-,-,18.07402000,75.12002000,23-01-2024 15:00,0,0,0,0,0,0,0,0,0,0,0,0,0,0,0,0,0,0,0,0,0,0,0,0,0,0,0,0,0,0,0,0,0,0,0,0,0,0,0,0,0,0,0,0,"","","","","",""
1613,Ujjani Dam_1,Maharashtra SW,27,Maharashtra,496,Solapur,-,-,-,-,-,-,-,-,-,18.07402000,75.12002000,23-01-2024 17:00,0,0,0,0,0,0,0,0,0,0,0,0,0,0,0,0,0,0,0,0,0,0,0,0,0,0,0,0,0,0,0,0,0,0,0,0,0,0,0,0,0,0,0,0,"","","","","",""
1614,Ujjani Dam_1,Maharashtra SW,27,Maharashtra,496,Solapur,-,-,-,-,-,-,-,-,-,18.07402000,75.12002000,23-01-2024 18:00,0,0,0,0,0,0,0,0,0,0,0,0,0,0,0,0,0,0,0,0,0,0,0,0,0,0,0,0,0,0,0,0,0,0,0,0,0,0,0,0,0,0,0,0,"","","","","",""
1615,Ujjani Dam_1,Maharashtra SW,27,Maharashtra,496,Solapur,-,-,-,-,-,-,-,-,-,18.07402000,75.12002000,23-01-2024 20:00,0,0,0,0,0,0,0,0,0,0,0,0,0,0,0,0,0,0,0,0,0,0,0,0,0,0,0,0,0,0,0,0,0,0,0,0,0,0,0,0,0,0,0,0,"","","","","",""
1616,Ujjani Dam_1,Maharashtra SW,27,Maharashtra,496,Solapur,-,-,-,-,-,-,-,-,-,18.07402000,75.12002000,23-01-2024 21:00,0,0,0,0,0,0,0,0,0,0,0,0,0,0,0,0,0,0,0,0,0,0,0,0,0,0,0,0,0,0,0,0,0,0,0,0,0,0,0,0,0,0,0,0,"","","","","",""
1617,Ujjani Dam_1,Maharashtra SW,27,Maharashtra,496,Solapur,-,-,-,-,-,-,-,-,-,18.07402000,75.12002000,23-01-2024 22:00,0,0,0,0,0,0,0,0,0,0,0,0,0,0,0,0,0,0,0,0,0,0,0,0,0,0,0,0,0,0,0,0,0,0,0,0,0,0,0,0,0,0,0,0,"","","","","",""
1618,Ujjani Dam_1,Maharashtra SW,27,Maharashtra,496,Solapur,-,-,-,-,-,-,-,-,-,18.07402000,75.12002000,24-01-2024 00:00,0,0,0,0,0,0,0,0,0,0,0,0,0,0,0,0,0,0,0,0,0,0,0,0,0,0,0,0,0,0,0,0,0,0,0,0,0,0,0,0,0,0,0,0,"","","","","",""
1619,Ujjani Dam_1,Maharashtra SW,27,Maharashtra,496,Solapur,-,-,-,-,-,-,-,-,-,18.07402000,75.12002000,24-01-2024 01:00,0,0,0,0,0,0,0,0,0,0,0,0,0,0,0,0,0,0,0,0,0,0,0,0,0,0,0,0,0,0,0,0,0,0,0,0,0,0,0,0,0,0,0,0,"","","","","",""
1620,Ujjani Dam_1,Maharashtra SW,27,Maharashtra,496,Solapur,-,-,-,-,-,-,-,-,-,18.07402000,75.12002000,24-01-2024 03:00,0,0,0,0,0,0,0,0,0,0,0,0,0,0,0,0,0,0,0,0,0,0,0,0,0,0,0,0,0,0,0,0,0,0,0,0,0,0,0,0,0,0,0,0,"","","","","",""
1621,Ujjani Dam_1,Maharashtra SW,27,Maharashtra,496,Solapur,-,-,-,-,-,-,-,-,-,18.07402000,75.12002000,24-01-2024 04:00,0,0,0,0,0,0,0,0,0,0,0,0,0,0,0,0,0,0,0,0,0,0,0,0,0,0,0,0,0,0,0,0,0,0,0,0,0,0,0,0,0,0,0,0,"","","","","",""
1622,Ujjani Dam_1,Maharashtra SW,27,Maharashtra,496,Solapur,-,-,-,-,-,-,-,-,-,18.07402000,75.12002000,24-01-2024 06:00,0,0,0,0,0,0,0,0,0,0,0,0,0,0,0,0,0,0,0,0,0,0,0,0,0,0,0,0,0,0,0,0,0,0,0,0,0,0,0,0,0,0,0,0,"","","","","",""
1623,Ujjani Dam_1,Maharashtra SW,27,Maharashtra,496,Solapur,-,-,-,-,-,-,-,-,-,18.07402000,75.12002000,24-01-2024 07:00,0,0,0,0,0,0,0,0,0,0,0,0,0,0,0,0,0,0,0,0,0,0,0,0,0,0,0,0,0,0,0,0,0,0,0,0,0,0,0,0,0,0,0,0,"","","","","",""
1624,Ujjani Dam_1,Maharashtra SW,27,Maharashtra,496,Solapur,-,-,-,-,-,-,-,-,-,18.07402000,75.12002000,24-01-2024 09:00,0,0,0,0,0,0,0,0,0,0,0,0,0,0,0,0,0,0,0,0,0,0,0,0,0,0,0,0,0,0,0,0,0,0,0,0,0,0,0,0,0,0,0,0,"","","","","",""
1625,Ujjani Dam_1,Maharashtra SW,27,Maharashtra,496,Solapur,-,-,-,-,-,-,-,-,-,18.07402000,75.12002000,24-01-2024 10:00,0,0,0,0,0,0,0,0,0,0,0,0,0,0,0,0,0,0,0,0,0,0,0,0,0,0,0,0,0,0,0,0,0,0,0,0,0,0,0,0,0,0,0,0,"","","","","",""
1626,Ujjani Dam_1,Maharashtra SW,27,Maharashtra,496,Solapur,-,-,-,-,-,-,-,-,-,18.07402000,75.12002000,24-01-2024 12:00,0,0,0,0,0,0,0,0,0,0,0,0,0,0,0,0,0,0,0,0,0,0,0,0,0,0,0,0,0,0,0,0,0,0,0,0,0,0,0,0,0,0,0,0,"","","","","",""
1627,Ujjani Dam_1,Maharashtra SW,27,Maharashtra,496,Solapur,-,-,-,-,-,-,-,-,-,18.07402000,75.12002000,24-01-2024 13:00,0,0,0,0,0,0,0,0,0,0,0,0,0,0,0,0,0,0,0,0,0,0,0,0,0,0,0,0,0,0,0,0,0,0,0,0,0,0,0,0,0,0,0,0,"","","","","",""
1628,Ujjani Dam_1,Maharashtra SW,27,Maharashtra,496,Solapur,-,-,-,-,-,-,-,-,-,18.07402000,75.12002000,24-01-2024 15:00,0,0,0,0,0,0,0,0,0,0,0,0,0,0,0,0,0,0,0,0,0,0,0,0,0,0,0,0,0,0,0,0,0,0,0,0,0,0,0,0,0,0,0,0,"","","","","",""
1629,Ujjani Dam_1,Maharashtra SW,27,Maharashtra,496,Solapur,-,-,-,-,-,-,-,-,-,18.07402000,75.12002000,24-01-2024 16:00,0,0,0,0,0,0,0,0,0,0,0,0,0,0,0,0,0,0,0,0,0,0,0,0,0,0,0,0,0,0,0,0,0,0,0,0,0,0,0,0,0,0,0,0,"","","","","",""
1630,Ujjani Dam_1,Maharashtra SW,27,Maharashtra,496,Solapur,-,-,-,-,-,-,-,-,-,18.07402000,75.12002000,25-01-2024 00:00,0,0,0,0,0,0,0,0,0,0,0,0,0,0,0,0,0,0,0,0,0,0,0,0,0,0,0,0,0,0,0,0,0,0,0,0,0,0,0,0,0,0,0,0,"","","","","",""
1631,Ujjani Dam_1,Maharashtra SW,27,Maharashtra,496,Solapur,-,-,-,-,-,-,-,-,-,18.07402000,75.12002000,25-01-2024 01:00,0,0,0,0,0,0,0,0,0,0,0,0,0,0,0,0,0,0,0,0,0,0,0,0,0,0,0,0,0,0,0,0,0,0,0,0,0,0,0,0,0,0,0,0,"","","","","",""
1632,Ujjani Dam_1,Maharashtra SW,27,Maharashtra,496,Solapur,-,-,-,-,-,-,-,-,-,18.07402000,75.12002000,25-01-2024 02:00,0,0,0,0,0,0,0,0,0,0,0,0,0,0,0,0,0,0,0,0,0,0,0,0,0,0,0,0,0,0,0,0,0,0,0,0,0,0,0,0,0,0,0,0,"","","","","",""
1633,Ujjani Dam_1,Maharashtra SW,27,Maharashtra,496,Solapur,-,-,-,-,-,-,-,-,-,18.07402000,75.12002000,25-01-2024 04:00,0,0,0,0,0,0,0,0,0,0,0,0,0,0,0,0,0,0,0,0,0,0,0,0,0,0,0,0,0,0,0,0,0,0,0,0,0,0,0,0,0,0,0,0,"","","","","",""
1634,Ujjani Dam_1,Maharashtra SW,27,Maharashtra,496,Solapur,-,-,-,-,-,-,-,-,-,18.07402000,75.12002000,25-01-2024 05:00,0,0,0,0,0,0,0,0,0,0,0,0,0,0,0,0,0,0,0,0,0,0,0,0,0,0,0,0,0,0,0,0,0,0,0,0,0,0,0,0,0,0,0,0,"","","","","",""
1635,Ujjani Dam_1,Maharashtra SW,27,Maharashtra,496,Solapur,-,-,-,-,-,-,-,-,-,18.07402000,75.12002000,25-01-2024 07:00,0,0,0,0,0,0,0,0,0,0,0,0,0,0,0,0,0,0,0,0,0,0,0,0,0,0,0,0,0,0,0,0,0,0,0,0,0,0,0,0,0,0,0,0,"","","","","",""
1636,Ujjani Dam_1,Maharashtra SW,27,Maharashtra,496,Solapur,-,-,-,-,-,-,-,-,-,18.07402000,75.12002000,25-01-2024 08:00,0,0,0,0,0,0,0,0,0,0,0,0,0,0,0,0,0,0,0,0,0,0,0,0,0,0,0,0,0,0,0,0,0,0,0,0,0,0,0,0,0,0,0,0,"","","","","",""
1637,Ujjani Dam_1,Maharashtra SW,27,Maharashtra,496,Solapur,-,-,-,-,-,-,-,-,-,18.07402000,75.12002000,25-01-2024 10:00,0,0,0,0,0,0,0,0,0,0,0,0,0,0,0,0,0,0,0,0,0,0,0,0,0,0,0,0,0,0,0,0,0,0,0,0,0,0,0,0,0,0,0,0,"","","","","",""
1638,Ujjani Dam_1,Maharashtra SW,27,Maharashtra,496,Solapur,-,-,-,-,-,-,-,-,-,18.07402000,75.12002000,25-01-2024 11:00,0,0,0,0,0,0,0,0,0,0,0,0,0,0,0,0,0,0,0,0,0,0,0,0,0,0,0,0,0,0,0,0,0,0,0,0,0,0,0,0,0,0,0,0,"","","","","",""
1639,Ujjani Dam_1,Maharashtra SW,27,Maharashtra,496,Solapur,-,-,-,-,-,-,-,-,-,18.07402000,75.12002000,25-01-2024 13:00,0,0,0,0,0,0,0,0,0,0,0,0,0,0,0,0,0,0,0,0,0,0,0,0,0,0,0,0,0,0,0,0,0,0,0,0,0,0,0,0,0,0,0,0,"","","","","",""
1640,Ujjani Dam_1,Maharashtra SW,27,Maharashtra,496,Solapur,-,-,-,-,-,-,-,-,-,18.07402000,75.12002000,25-01-2024 14:00,0,0,0,0,0,0,0,0,0,0,0,0,0,0,0,0,0,0,0,0,0,0,0,0,0,0,0,0,0,0,0,0,0,0,0,0,0,0,0,0,0,0,0,0,"","","","","",""
1641,Ujjani Dam_1,Maharashtra SW,27,Maharashtra,496,Solapur,-,-,-,-,-,-,-,-,-,18.07402000,75.12002000,25-01-2024 16:00,0,0,0,0,0,0,0,0,0,0,0,0,0,0,0,0,0,0,0,0,0,0,0,0,0,0,0,0,0,0,0,0,0,0,0,0,0,0,0,0,0,0,0,0,"","","","","",""
1642,Ujjani Dam_1,Maharashtra SW,27,Maharashtra,496,Solapur,-,-,-,-,-,-,-,-,-,18.07402000,75.12002000,25-01-2024 17:00,0,0,0,0,0,0,0,0,0,0,0,0,0,0,0,0,0,0,0,0,0,0,0,0,0,0,0,0,0,0,0,0,0,0,0,0,0,0,0,0,0,0,0,0,"","","","","",""
1643,Ujjani Dam_1,Maharashtra SW,27,Maharashtra,496,Solapur,-,-,-,-,-,-,-,-,-,18.07402000,75.12002000,25-01-2024 19:00,0,0,0,0,0,0,0,0,0,0,0,0,0,0,0,0,0,0,0,0,0,0,0,0,0,0,0,0,0,0,0,0,0,0,0,0,0,0,0,0,0,0,0,0,"","","","","",""
1644,Ujjani Dam_1,Maharashtra SW,27,Maharashtra,496,Solapur,-,-,-,-,-,-,-,-,-,18.07402000,75.12002000,25-01-2024 20:00,0,0,0,0,0,0,0,0,0,0,0,0,0,0,0,0,0,0,0,0,0,0,0,0,0,0,0,0,0,0,0,0,0,0,0,0,0,0,0,0,0,0,0,0,"","","","","",""
1645,Ujjani Dam_1,Maharashtra SW,27,Maharashtra,496,Solapur,-,-,-,-,-,-,-,-,-,18.07402000,75.12002000,25-01-2024 22:00,0,0,0,0,0,0,0,0,0,0,0,0,0,0,0,0,0,0,0,0,0,0,0,0,0,0,0,0,0,0,0,0,0,0,0,0,0,0,0,0,0,0,0,0,"","","","","",""
1646,Ujjani Dam_1,Maharashtra SW,27,Maharashtra,496,Solapur,-,-,-,-,-,-,-,-,-,18.07402000,75.12002000,25-01-2024 23:00,0,0,0,0,0,0,0,0,0,0,0,0,0,0,0,0,0,0,0,0,0,0,0,0,0,0,0,0,0,0,0,0,0,0,0,0,0,0,0,0,0,0,0,0,"","","","","",""
1647,Ujjani Dam_1,Maharashtra SW,27,Maharashtra,496,Solapur,-,-,-,-,-,-,-,-,-,18.07402000,75.12002000,26-01-2024 01:00,0,0,0,0,0,0,0,0,0,0,0,0,0,0,0,0,0,0,0,0,0,0,0,0,0,0,0,0,0,0,0,0,0,0,0,0,0,0,0,0,0,0,0,0,"","","","","",""
1648,Ujjani Dam_1,Maharashtra SW,27,Maharashtra,496,Solapur,-,-,-,-,-,-,-,-,-,18.07402000,75.12002000,26-01-2024 02:00,0,0,0,0,0,0,0,0,0,0,0,0,0,0,0,0,0,0,0,0,0,0,0,0,0,0,0,0,0,0,0,0,0,0,0,0,0,0,0,0,0,0,0,0,"","","","","",""
1649,Ujjani Dam_1,Maharashtra SW,27,Maharashtra,496,Solapur,-,-,-,-,-,-,-,-,-,18.07402000,75.12002000,26-01-2024 04:00,0,0,0,0,0,0,0,0,0,0,0,0,0,0,0,0,0,0,0,0,0,0,0,0,0,0,0,0,0,0,0,0,0,0,0,0,0,0,0,0,0,0,0,0,"","","","","",""
1650,Ujjani Dam_1,Maharashtra SW,27,Maharashtra,496,Solapur,-,-,-,-,-,-,-,-,-,18.07402000,75.12002000,26-01-2024 05:00,0,0,0,0,0,0,0,0,0,0,0,0,0,0,0,0,0,0,0,0,0,0,0,0,0,0,0,0,0,0,0,0,0,0,0,0,0,0,0,0,0,0,0,0,"","","","","",""
1651,Ujjani Dam_1,Maharashtra SW,27,Maharashtra,496,Solapur,-,-,-,-,-,-,-,-,-,18.07402000,75.12002000,26-01-2024 06:00,0,0,0,0,0,0,0,0,0,0,0,0,0,0,0,0,0,0,0,0,0,0,0,0,0,0,0,0,0,0,0,0,0,0,0,0,0,0,0,0,0,0,0,0,"","","","","",""
1652,Ujjani Dam_1,Maharashtra SW,27,Maharashtra,496,Solapur,-,-,-,-,-,-,-,-,-,18.07402000,75.12002000,26-01-2024 08:00,0,0,0,0,0,0,0,0,0,0,0,0,0,0,0,0,0,0,0,0,0,0,0,0,0,0,0,0,0,0,0,0,0,0,0,0,0,0,0,0,0,0,0,0,"","","","","",""
1653,Ujjani Dam_1,Maharashtra SW,27,Maharashtra,496,Solapur,-,-,-,-,-,-,-,-,-,18.07402000,75.12002000,26-01-2024 09:00,0,0,0,0,0,0,0,0,0,0,0,0,0,0,0,0,0,0,0,0,0,0,0,0,0,0,0,0,0,0,0,0,0,0,0,0,0,0,0,0,0,0,0,0,"","","","","",""
1654,Ujjani Dam_1,Maharashtra SW,27,Maharashtra,496,Solapur,-,-,-,-,-,-,-,-,-,18.07402000,75.12002000,26-01-2024 11:00,0,0,0,0,0,0,0,0,0,0,0,0,0,0,0,0,0,0,0,0,0,0,0,0,0,0,0,0,0,0,0,0,0,0,0,0,0,0,0,0,0,0,0,0,"","","","","",""
1655,Ujjani Dam_1,Maharashtra SW,27,Maharashtra,496,Solapur,-,-,-,-,-,-,-,-,-,18.07402000,75.12002000,26-01-2024 12:00,0,0,0,0,0,0,0,0,0,0,0,0,0,0,0,0,0,0,0,0,0,0,0,0,0,0,0,0,0,0,0,0,0,0,0,0,0,0,0,0,0,0,0,0,"","","","","",""
1656,Ujjani Dam_1,Maharashtra SW,27,Maharashtra,496,Solapur,-,-,-,-,-,-,-,-,-,18.07402000,75.12002000,26-01-2024 14:00,0,0,0,0,0,0,0,0,0,0,0,0,0,0,0,0,0,0,0,0,0,0,0,0,0,0,0,0,0,0,0,0,0,0,0,0,0,0,0,0,0,0,0,0,"","","","","",""
1657,Ujjani Dam_1,Maharashtra SW,27,Maharashtra,496,Solapur,-,-,-,-,-,-,-,-,-,18.07402000,75.12002000,26-01-2024 15:00,0,0,0,0,0,0,0,0,0,0,0,0,0,0,0,0,0,0,0,0,0,0,0,0,0,0,0,0,0,0,0,0,0,0,0,0,0,0,0,0,0,0,0,0,"","","","","",""
1658,Ujjani Dam_1,Maharashtra SW,27,Maharashtra,496,Solapur,-,-,-,-,-,-,-,-,-,18.07402000,75.12002000,26-01-2024 17:00,0,0,0,0,0,0,0,0,0,0,0,0,0,0,0,0,0,0,0,0,0,0,0,0,0,0,0,0,0,0,0,0,0,0,0,0,0,0,0,0,0,0,0,0,"","","","","",""
1659,Ujjani Dam_1,Maharashtra SW,27,Maharashtra,496,Solapur,-,-,-,-,-,-,-,-,-,18.07402000,75.12002000,26-01-2024 18:00,0,0,0,0,0,0,0,0,0,0,0,0,0,0,0,0,0,0,0,0,0,0,0,0,0,0,0,0,0,0,0,0,0,0,0,0,0,0,0,0,0,0,0,0,"","","","","",""
1660,Ujjani Dam_1,Maharashtra SW,27,Maharashtra,496,Solapur,-,-,-,-,-,-,-,-,-,18.07402000,75.12002000,26-01-2024 20:00,0,0,0,0,0,0,0,0,0,0,0,0,0,0,0,0,0,0,0,0,0,0,0,0,0,0,0,0,0,0,0,0,0,0,0,0,0,0,0,0,0,0,0,0,"","","","","",""
1661,Ujjani Dam_1,Maharashtra SW,27,Maharashtra,496,Solapur,-,-,-,-,-,-,-,-,-,18.07402000,75.12002000,26-01-2024 21:00,0,0,0,0,0,0,0,0,0,0,0,0,0,0,0,0,0,0,0,0,0,0,0,0,0,0,0,0,0,0,0,0,0,0,0,0,0,0,0,0,0,0,0,0,"","","","","",""
1662,Ujjani Dam_1,Maharashtra SW,27,Maharashtra,496,Solapur,-,-,-,-,-,-,-,-,-,18.07402000,75.12002000,26-01-2024 23:00,0,0,0,0,0,0,0,0,0,0,0,0,0,0,0,0,0,0,0,0,0,0,0,0,0,0,0,0,0,0,0,0,0,0,0,0,0,0,0,0,0,0,0,0,"","","","","",""
1663,Ujjani Dam_1,Maharashtra SW,27,Maharashtra,496,Solapur,-,-,-,-,-,-,-,-,-,18.07402000,75.12002000,27-01-2024 00:00,0,0,0,0,0,0,0,0,0,0,0,0,0,0,0,0,0,0,0,0,0,0,0,0,0,0,0,0,0,0,0,0,0,0,0,0,0,0,0,0,0,0,0,0,"","","","","",""
1664,Ujjani Dam_1,Maharashtra SW,27,Maharashtra,496,Solapur,-,-,-,-,-,-,-,-,-,18.07402000,75.12002000,27-01-2024 02:00,0,0,0,0,0,0,0,0,0,0,0,0,0,0,0,0,0,0,0,0,0,0,0,0,0,0,0,0,0,0,0,0,0,0,0,0,0,0,0,0,0,0,0,0,"","","","","",""
1665,Ujjani Dam_1,Maharashtra SW,27,Maharashtra,496,Solapur,-,-,-,-,-,-,-,-,-,18.07402000,75.12002000,27-01-2024 03:00,0,0,0,0,0,0,0,0,0,0,0,0,0,0,0,0,0,0,0,0,0,0,0,0,0,0,0,0,0,0,0,0,0,0,0,0,0,0,0,0,0,0,0,0,"","","","","",""
1666,Ujjani Dam_1,Maharashtra SW,27,Maharashtra,496,Solapur,-,-,-,-,-,-,-,-,-,18.07402000,75.12002000,27-01-2024 05:00,0,0,0,0,0,0,0,0,0,0,0,0,0,0,0,0,0,0,0,0,0,0,0,0,0,0,0,0,0,0,0,0,0,0,0,0,0,0,0,0,0,0,0,0,"","","","","",""
1667,Ujjani Dam_1,Maharashtra SW,27,Maharashtra,496,Solapur,-,-,-,-,-,-,-,-,-,18.07402000,75.12002000,27-01-2024 06:00,0,0,0,0,0,0,0,0,0,0,0,0,0,0,0,0,0,0,0,0,0,0,0,0,0,0,0,0,0,0,0,0,0,0,0,0,0,0,0,0,0,0,0,0,"","","","","",""
1668,Ujjani Dam_1,Maharashtra SW,27,Maharashtra,496,Solapur,-,-,-,-,-,-,-,-,-,18.07402000,75.12002000,27-01-2024 08:00,0,0,0,0,0,0,0,0,0,0,0,0,0,0,0,0,0,0,0,0,0,0,0,0,0,0,0,0,0,0,0,0,0,0,0,0,0,0,0,0,0,0,0,0,"","","","","",""
1669,Ujjani Dam_1,Maharashtra SW,27,Maharashtra,496,Solapur,-,-,-,-,-,-,-,-,-,18.07402000,75.12002000,27-01-2024 09:00,0,0,0,0,0,0,0,0,0,0,0,0,0,0,0,0,0,0,0,0,0,0,0,0,0,0,0,0,0,0,0,0,0,0,0,0,0,0,0,0,0,0,0,0,"","","","","",""
1670,Ujjani Dam_1,Maharashtra SW,27,Maharashtra,496,Solapur,-,-,-,-,-,-,-,-,-,18.07402000,75.12002000,27-01-2024 10:00,0,0,0,0,0,0,0,0,0,0,0,0,0,0,0,0,0,0,0,0,0,0,0,0,0,0,0,0,0,0,0,0,0,0,0,0,0,0,0,0,0,0,0,0,"","","","","",""
1671,Ujjani Dam_1,Maharashtra SW,27,Maharashtra,496,Solapur,-,-,-,-,-,-,-,-,-,18.07402000,75.12002000,27-01-2024 12:00,0,0,0,0,0,0,0,0,0,0,0,0,0,0,0,0,0,0,0,0,0,0,0,0,0,0,0,0,0,0,0,0,0,0,0,0,0,0,0,0,0,0,0,0,"","","","","",""
1672,Ujjani Dam_1,Maharashtra SW,27,Maharashtra,496,Solapur,-,-,-,-,-,-,-,-,-,18.07402000,75.12002000,27-01-2024 13:00,0,0,0,0,0,0,0,0,0,0,0,0,0,0,0,0,0,0,0,0,0,0,0,0,0,0,0,0,0,0,0,0,0,0,0,0,0,0,0,0,0,0,0,0,"","","","","",""
1673,Ujjani Dam_1,Maharashtra SW,27,Maharashtra,496,Solapur,-,-,-,-,-,-,-,-,-,18.07402000,75.12002000,27-01-2024 15:00,0,0,0,0,0,0,0,0,0,0,0,0,0,0,0,0,0,0,0,0,0,0,0,0,0,0,0,0,0,0,0,0,0,0,0,0,0,0,0,0,0,0,0,0,"","","","","",""
1674,Ujjani Dam_1,Maharashtra SW,27,Maharashtra,496,Solapur,-,-,-,-,-,-,-,-,-,18.07402000,75.12002000,27-01-2024 16:00,0,0,0,0,0,0,0,0,0,0,0,0,0,0,0,0,0,0,0,0,0,0,0,0,0,0,0,0,0,0,0,0,0,0,0,0,0,0,0,0,0,0,0,0,"","","","","",""
1675,Ujjani Dam_1,Maharashtra SW,27,Maharashtra,496,Solapur,-,-,-,-,-,-,-,-,-,18.07402000,75.12002000,27-01-2024 18:00,0,0,0,0,0,0,0,0,0,0,0,0,0,0,0,0,0,0,0,0,0,0,0,0,0,0,0,0,0,0,0,0,0,0,0,0,0,0,0,0,0,0,0,0,"","","","","",""
1676,Ujjani Dam_1,Maharashtra SW,27,Maharashtra,496,Solapur,-,-,-,-,-,-,-,-,-,18.07402000,75.12002000,27-01-2024 19:00,0,0,0,0,0,0,0,0,0,0,0,0,0,0,0,0,0,0,0,0,0,0,0,0,0,0,0,0,0,0,0,0,0,0,0,0,0,0,0,0,0,0,0,0,"","","","","",""
1677,Ujjani Dam_1,Maharashtra SW,27,Maharashtra,496,Solapur,-,-,-,-,-,-,-,-,-,18.07402000,75.12002000,27-01-2024 21:00,0,0,0,0,0,0,0,0,0,0,0,0,0,0,0,0,0,0,0,0,0,0,0,0,0,0,0,0,0,0,0,0,0,0,0,0,0,0,0,0,0,0,0,0,"","","","","",""
1678,Ujjani Dam_1,Maharashtra SW,27,Maharashtra,496,Solapur,-,-,-,-,-,-,-,-,-,18.07402000,75.12002000,27-01-2024 22:00,0,0,0,0,0,0,0,0,0,0,0,0,0,0,0,0,0,0,0,0,0,0,0,0,0,0,0,0,0,0,0,0,0,0,0,0,0,0,0,0,0,0,0,0,"","","","","",""
1679,Ujjani Dam_1,Maharashtra SW,27,Maharashtra,496,Solapur,-,-,-,-,-,-,-,-,-,18.07402000,75.12002000,28-01-2024 00:00,0,0,0,0,0,0,0,0,0,0,0,0,0,0,0,0,0,0,0,0,0,0,0,0,0,0,0,0,0,0,0,0,0,0,0,0,0,0,0,0,0,0,0,0,"","","","","",""
1680,Ujjani Dam_1,Maharashtra SW,27,Maharashtra,496,Solapur,-,-,-,-,-,-,-,-,-,18.07402000,75.12002000,28-01-2024 01:00,0,0,0,0,0,0,0,0,0,0,0,0,0,0,0,0,0,0,0,0,0,0,0,0,0,0,0,0,0,0,0,0,0,0,0,0,0,0,0,0,0,0,0,0,"","","","","",""
1681,Ujjani Dam_1,Maharashtra SW,27,Maharashtra,496,Solapur,-,-,-,-,-,-,-,-,-,18.07402000,75.12002000,28-01-2024 03:00,0,0,0,0,0,0,0,0,0,0,0,0,0,0,0,0,0,0,0,0,0,0,0,0,0,0,0,0,0,0,0,0,0,0,0,0,0,0,0,0,0,0,0,0,"","","","","",""
1682,Ujjani Dam_1,Maharashtra SW,27,Maharashtra,496,Solapur,-,-,-,-,-,-,-,-,-,18.07402000,75.12002000,28-01-2024 04:00,0,0,0,0,0,0,0,0,0,0,0,0,0,0,0,0,0,0,0,0,0,0,0,0,0,0,0,0,0,0,0,0,0,0,0,0,0,0,0,0,0,0,0,0,"","","","","",""
1683,Ujjani Dam_1,Maharashtra SW,27,Maharashtra,496,Solapur,-,-,-,-,-,-,-,-,-,18.07402000,75.12002000,28-01-2024 06:00,0,0,0,0,0,0,0,0,0,0,0,0,0,0,0,0,0,0,0,0,0,0,0,0,0,0,0,0,0,0,0,0,0,0,0,0,0,0,0,0,0,0,0,0,"","","","","",""
1684,Ujjani Dam_1,Maharashtra SW,27,Maharashtra,496,Solapur,-,-,-,-,-,-,-,-,-,18.07402000,75.12002000,28-01-2024 07:00,0,0,0,0,0,0,0,0,0,0,0,0,0,0,0,0,0,0,0,0,0,0,0,0,0,0,0,0,0,0,0,0,0,0,0,0,0,0,0,0,0,0,0,0,"","","","","",""
1685,Ujjani Dam_1,Maharashtra SW,27,Maharashtra,496,Solapur,-,-,-,-,-,-,-,-,-,18.07402000,75.12002000,28-01-2024 10:00,0,0,0,0,0,0,0,0,0,0,0,0,0,0,0,0,0,0,0,0,0,0,0,0,0,0,0,0,0,0,0,0,0,0,0,0,0,0,0,0,0,0,0,0,"","","","","",""
1686,Ujjani Dam_1,Maharashtra SW,27,Maharashtra,496,Solapur,-,-,-,-,-,-,-,-,-,18.07402000,75.12002000,28-01-2024 12:00,0,0,0,0,0,0,0,0,0,0,0,0,0,0,0,0,0,0,0,0,0,0,0,0,0,0,0,0,0,0,0,0,0,0,0,0,0,0,0,0,0,0,0,0,"","","","","",""
1687,Ujjani Dam_1,Maharashtra SW,27,Maharashtra,496,Solapur,-,-,-,-,-,-,-,-,-,18.07402000,75.12002000,28-01-2024 13:00,0,0,0,0,0,0,0,0,0,0,0,0,0,0,0,0,0,0,0,0,0,0,0,0,0,0,0,0,0,0,0,0,0,0,0,0,0,0,0,0,0,0,0,0,"","","","","",""
1688,Ujjani Dam_1,Maharashtra SW,27,Maharashtra,496,Solapur,-,-,-,-,-,-,-,-,-,18.07402000,75.12002000,28-01-2024 14:00,0,0,0,0,0,0,0,0,0,0,0,0,0,0,0,0,0,0,0,0,0,0,0,0,0,0,0,0,0,0,0,0,0,0,0,0,0,0,0,0,0,0,0,0,"","","","","",""
1689,Ujjani Dam_1,Maharashtra SW,27,Maharashtra,496,Solapur,-,-,-,-,-,-,-,-,-,18.07402000,75.12002000,28-01-2024 16:00,0,0,0,0,0,0,0,0,0,0,0,0,0,0,0,0,0,0,0,0,0,0,0,0,0,0,0,0,0,0,0,0,0,0,0,0,0,0,0,0,0,0,0,0,"","","","","",""
1690,Ujjani Dam_1,Maharashtra SW,27,Maharashtra,496,Solapur,-,-,-,-,-,-,-,-,-,18.07402000,75.12002000,28-01-2024 17:00,0,0,0,0,0,0,0,0,0,0,0,0,0,0,0,0,0,0,0,0,0,0,0,0,0,0,0,0,0,0,0,0,0,0,0,0,0,0,0,0,0,0,0,0,"","","","","",""
1691,Ujjani Dam_1,Maharashtra SW,27,Maharashtra,496,Solapur,-,-,-,-,-,-,-,-,-,18.07402000,75.12002000,28-01-2024 19:00,0,0,0,0,0,0,0,0,0,0,0,0,0,0,0,0,0,0,0,0,0,0,0,0,0,0,0,0,0,0,0,0,0,0,0,0,0,0,0,0,0,0,0,0,"","","","","",""
1692,Ujjani Dam_1,Maharashtra SW,27,Maharashtra,496,Solapur,-,-,-,-,-,-,-,-,-,18.07402000,75.12002000,28-01-2024 20:00,0,0,0,0,0,0,0,0,0,0,0,0,0,0,0,0,0,0,0,0,0,0,0,0,0,0,0,0,0,0,0,0,0,0,0,0,0,0,0,0,0,0,0,0,"","","","","",""
1693,Ujjani Dam_1,Maharashtra SW,27,Maharashtra,496,Solapur,-,-,-,-,-,-,-,-,-,18.07402000,75.12002000,28-01-2024 22:00,0,0,0,0,0,0,0,0,0,0,0,0,0,0,0,0,0,0,0,0,0,0,0,0,0,0,0,0,0,0,0,0,0,0,0,0,0,0,0,0,0,0,0,0,"","","","","",""
1694,Ujjani Dam_1,Maharashtra SW,27,Maharashtra,496,Solapur,-,-,-,-,-,-,-,-,-,18.07402000,75.12002000,28-01-2024 23:00,0,0,0,0,0,0,0,0,0,0,0,0,0,0,0,0,0,0,0,0,0,0,0,0,0,0,0,0,0,0,0,0,0,0,0,0,0,0,0,0,0,0,0,0,"","","","","",""
1695,Ujjani Dam_1,Maharashtra SW,27,Maharashtra,496,Solapur,-,-,-,-,-,-,-,-,-,18.07402000,75.12002000,29-01-2024 01:00,0,0,0,0,0,0,0,0,0,0,0,0,0,0,0,0,0,0,0,0,0,0,0,0,0,0,0,0,0,0,0,0,0,0,0,0,0,0,0,0,0,0,0,0,"","","","","",""
1696,Ujjani Dam_1,Maharashtra SW,27,Maharashtra,496,Solapur,-,-,-,-,-,-,-,-,-,18.07402000,75.12002000,29-01-2024 02:00,0,0,0,0,0,0,0,0,0,0,0,0,0,0,0,0,0,0,0,0,0,0,0,0,0,0,0,0,0,0,0,0,0,0,0,0,0,0,0,0,0,0,0,0,"","","","","",""
1697,Ujjani Dam_1,Maharashtra SW,27,Maharashtra,496,Solapur,-,-,-,-,-,-,-,-,-,18.07402000,75.12002000,29-01-2024 04:00,0,0,0,0,0,0,0,0,0,0,0,0,0,0,0,0,0,0,0,0,0,0,0,0,0,0,0,0,0,0,0,0,0,0,0,0,0,0,0,0,0,0,0,0,"","","","","",""
1698,Ujjani Dam_1,Maharashtra SW,27,Maharashtra,496,Solapur,-,-,-,-,-,-,-,-,-,18.07402000,75.12002000,29-01-2024 05:00,0,0,0,0,0,0,0,0,0,0,0,0,0,0,0,0,0,0,0,0,0,0,0,0,0,0,0,0,0,0,0,0,0,0,0,0,0,0,0,0,0,0,0,0,"","","","","",""
1699,Ujjani Dam_1,Maharashtra SW,27,Maharashtra,496,Solapur,-,-,-,-,-,-,-,-,-,18.07402000,75.12002000,29-01-2024 07:00,0,0,0,0,0,0,0,0,0,0,0,0,0,0,0,0,0,0,0,0,0,0,0,0,0,0,0,0,0,0,0,0,0,0,0,0,0,0,0,0,0,0,0,0,"","","","","",""
1700,Ujjani Dam_1,Maharashtra SW,27,Maharashtra,496,Solapur,-,-,-,-,-,-,-,-,-,18.07402000,75.12002000,29-01-2024 08:00,0,0,0,0,0,0,0,0,0,0,0,0,0,0,0,0,0,0,0,0,0,0,0,0,0,0,0,0,0,0,0,0,0,0,0,0,0,0,0,0,0,0,0,0,"","","","","",""
1701,Ujjani Dam_1,Maharashtra SW,27,Maharashtra,496,Solapur,-,-,-,-,-,-,-,-,-,18.07402000,75.12002000,29-01-2024 10:00,0,0,0,0,0,0,0,0,0,0,0,0,0,0,0,0,0,0,0,0,0,0,0,0,0,0,0,0,0,0,0,0,0,0,0,0,0,0,0,0,0,0,0,0,"","","","","",""
1702,Ujjani Dam_1,Maharashtra SW,27,Maharashtra,496,Solapur,-,-,-,-,-,-,-,-,-,18.07402000,75.12002000,29-01-2024 11:00,0,0,0,0,0,0,0,0,0,0,0,0,0,0,0,0,0,0,0,0,0,0,0,0,0,0,0,0,0,0,0,0,0,0,0,0,0,0,0,0,0,0,0,0,"","","","","",""
1703,Ujjani Dam_1,Maharashtra SW,27,Maharashtra,496,Solapur,-,-,-,-,-,-,-,-,-,18.07402000,75.12002000,29-01-2024 13:00,0,0,0,0,0,0,0,0,0,0,0,0,0,0,0,0,0,0,0,0,0,0,0,0,0,0,0,0,0,0,0,0,0,0,0,0,0,0,0,0,0,0,0,0,"","","","","",""
1704,Ujjani Dam_1,Maharashtra SW,27,Maharashtra,496,Solapur,-,-,-,-,-,-,-,-,-,18.07402000,75.12002000,29-01-2024 14:00,0,0,0,0,0,0,0,0,0,0,0,0,0,0,0,0,0,0,0,0,0,0,0,0,0,0,0,0,0,0,0,0,0,0,0,0,0,0,0,0,0,0,0,0,"","","","","",""
1705,Ujjani Dam_1,Maharashtra SW,27,Maharashtra,496,Solapur,-,-,-,-,-,-,-,-,-,18.07402000,75.12002000,29-01-2024 16:00,0,0,0,0,0,0,0,0,0,0,0,0,0,0,0,0,0,0,0,0,0,0,0,0,0,0,0,0,0,0,0,0,0,0,0,0,0,0,0,0,0,0,0,0,"","","","","",""
1706,Ujjani Dam_1,Maharashtra SW,27,Maharashtra,496,Solapur,-,-,-,-,-,-,-,-,-,18.07402000,75.12002000,29-01-2024 17:00,0,0,0,0,0,0,0,0,0,0,0,0,0,0,0,0,0,0,0,0,0,0,0,0,0,0,0,0,0,0,0,0,0,0,0,0,0,0,0,0,0,0,0,0,"","","","","",""
1707,Ujjani Dam_1,Maharashtra SW,27,Maharashtra,496,Solapur,-,-,-,-,-,-,-,-,-,18.07402000,75.12002000,29-01-2024 18:00,0,0,0,0,0,0,0,0,0,0,0,0,0,0,0,0,0,0,0,0,0,0,0,0,0,0,0,0,0,0,0,0,0,0,0,0,0,0,0,0,0,0,0,0,"","","","","",""
1708,Ujjani Dam_1,Maharashtra SW,27,Maharashtra,496,Solapur,-,-,-,-,-,-,-,-,-,18.07402000,75.12002000,29-01-2024 20:00,0,0,0,0,0,0,0,0,0,0,0,0,0,0,0,0,0,0,0,0,0,0,0,0,0,0,0,0,0,0,0,0,0,0,0,0,0,0,0,0,0,0,0,0,"","","","","",""
1709,Ujjani Dam_1,Maharashtra SW,27,Maharashtra,496,Solapur,-,-,-,-,-,-,-,-,-,18.07402000,75.12002000,29-01-2024 21:00,0,0,0,0,0,0,0,0,0,0,0,0,0,0,0,0,0,0,0,0,0,0,0,0,0,0,0,0,0,0,0,0,0,0,0,0,0,0,0,0,0,0,0,0,"","","","","",""
1710,Ujjani Dam_1,Maharashtra SW,27,Maharashtra,496,Solapur,-,-,-,-,-,-,-,-,-,18.07402000,75.12002000,29-01-2024 23:00,0,0,0,0,0,0,0,0,0,0,0,0,0,0,0,0,0,0,0,0,0,0,0,0,0,0,0,0,0,0,0,0,0,0,0,0,0,0,0,0,0,0,0,0,"","","","","",""
1711,Ujjani Dam_1,Maharashtra SW,27,Maharashtra,496,Solapur,-,-,-,-,-,-,-,-,-,18.07402000,75.12002000,30-01-2024 00:00,0,0,0,0,0,0,0,0,0,0,0,0,0,0,0,0,0,0,0,0,0,0,0,0,0,0,0,0,0,0,0,0,0,0,0,0,0,0,0,0,0,0,0,0,"","","","","",""
1712,Ujjani Dam_1,Maharashtra SW,27,Maharashtra,496,Solapur,-,-,-,-,-,-,-,-,-,18.07402000,75.12002000,30-01-2024 02:00,0,0,0,0,0,0,0,0,0,0,0,0,0,0,0,0,0,0,0,0,0,0,0,0,0,0,0,0,0,0,0,0,0,0,0,0,0,0,0,0,0,0,0,0,"","","","","",""
1713,Ujjani Dam_1,Maharashtra SW,27,Maharashtra,496,Solapur,-,-,-,-,-,-,-,-,-,18.07402000,75.12002000,30-01-2024 03:00,0,0,0,0,0,0,0,0,0,0,0,0,0,0,0,0,0,0,0,0,0,0,0,0,0,0,0,0,0,0,0,0,0,0,0,0,0,0,0,0,0,0,0,0,"","","","","",""
1714,Ujjani Dam_1,Maharashtra SW,27,Maharashtra,496,Solapur,-,-,-,-,-,-,-,-,-,18.07402000,75.12002000,30-01-2024 05:00,0,0,0,0,0,0,0,0,0,0,0,0,0,0,0,0,0,0,0,0,0,0,0,0,0,0,0,0,0,0,0,0,0,0,0,0,0,0,0,0,0,0,0,0,"","","","","",""
1715,Ujjani Dam_1,Maharashtra SW,27,Maharashtra,496,Solapur,-,-,-,-,-,-,-,-,-,18.07402000,75.12002000,30-01-2024 06:00,0,0,0,0,0,0,0,0,0,0,0,0,0,0,0,0,0,0,0,0,0,0,0,0,0,0,0,0,0,0,0,0,0,0,0,0,0,0,0,0,0,0,0,0,"","","","","",""
1716,Ujjani Dam_1,Maharashtra SW,27,Maharashtra,496,Solapur,-,-,-,-,-,-,-,-,-,18.07402000,75.12002000,30-01-2024 08:00,0,0,0,0,0,0,0,0,0,0,0,0,0,0,0,0,0,0,0,0,0,0,0,0,0,0,0,0,0,0,0,0,0,0,0,0,0,0,0,0,0,0,0,0,"","","","","",""
1717,Ujjani Dam_1,Maharashtra SW,27,Maharashtra,496,Solapur,-,-,-,-,-,-,-,-,-,18.07402000,75.12002000,30-01-2024 09:00,0,0,0,0,0,0,0,0,0,0,0,0,0,0,0,0,0,0,0,0,0,0,0,0,0,0,0,0,0,0,0,0,0,0,0,0,0,0,0,0,0,0,0,0,"","","","","",""
1718,Ujjani Dam_1,Maharashtra SW,27,Maharashtra,496,Solapur,-,-,-,-,-,-,-,-,-,18.07402000,75.12002000,30-01-2024 11:00,0,0,0,0,0,0,0,0,0,0,0,0,0,0,0,0,0,0,0,0,0,0,0,0,0,0,0,0,0,0,0,0,0,0,0,0,0,0,0,0,0,0,0,0,"","","","","",""
1719,Ujjani Dam_1,Maharashtra SW,27,Maharashtra,496,Solapur,-,-,-,-,-,-,-,-,-,18.07402000,75.12002000,30-01-2024 12:00,0,0,0,0,0,0,0,0,0,0,0,0,0,0,0,0,0,0,0,0,0,0,0,0,0,0,0,0,0,0,0,0,0,0,0,0,0,0,0,0,0,0,0,0,"","","","","",""
1720,Ujjani Dam_1,Maharashtra SW,27,Maharashtra,496,Solapur,-,-,-,-,-,-,-,-,-,18.07402000,75.12002000,30-01-2024 14:00,0,0,0,0,0,0,0,0,0,0,0,0,0,0,0,0,0,0,0,0,0,0,0,0,0,0,0,0,0,0,0,0,0,0,0,0,0,0,0,0,0,0,0,0,"","","","","",""
1721,Ujjani Dam_1,Maharashtra SW,27,Maharashtra,496,Solapur,-,-,-,-,-,-,-,-,-,18.07402000,75.12002000,30-01-2024 15:00,0,0,0,0,0,0,0,0,0,0,0,0,0,0,0,0,0,0,0,0,0,0,0,0,0,0,0,0,0,0,0,0,0,0,0,0,0,0,0,0,0,0,0,0,"","","","","",""
1722,Ujjani Dam_1,Maharashtra SW,27,Maharashtra,496,Solapur,-,-,-,-,-,-,-,-,-,18.07402000,75.12002000,30-01-2024 17:00,0,0,0,0,0,0,0,0,0,0,0,0,0,0,0,0,0,0,0,0,0,0,0,0,0,0,0,0,0,0,0,0,0,0,0,0,0,0,0,0,0,0,0,0,"","","","","",""
1723,Ujjani Dam_1,Maharashtra SW,27,Maharashtra,496,Solapur,-,-,-,-,-,-,-,-,-,18.07402000,75.12002000,30-01-2024 18:00,0,0,0,0,0,0,0,0,0,0,0,0,0,0,0,0,0,0,0,0,0,0,0,0,0,0,0,0,0,0,0,0,0,0,0,0,0,0,0,0,0,0,0,0,"","","","","",""
1724,Ujjani Dam_1,Maharashtra SW,27,Maharashtra,496,Solapur,-,-,-,-,-,-,-,-,-,18.07402000,75.12002000,30-01-2024 19:00,0,0,0,0,0,0,0,0,0,0,0,0,0,0,0,0,0,0,0,0,0,0,0,0,0,0,0,0,0,0,0,0,0,0,0,0,0,0,0,0,0,0,0,0,"","","","","",""
1725,Ujjani Dam_1,Maharashtra SW,27,Maharashtra,496,Solapur,-,-,-,-,-,-,-,-,-,18.07402000,75.12002000,30-01-2024 21:00,0,0,0,0,0,0,0,0,0,0,0,0,0,0,0,0,0,0,0,0,0,0,0,0,0,0,0,0,0,0,0,0,0,0,0,0,0,0,0,0,0,0,0,0,"","","","","",""
1726,Ujjani Dam_1,Maharashtra SW,27,Maharashtra,496,Solapur,-,-,-,-,-,-,-,-,-,18.07402000,75.12002000,30-01-2024 22:00,0,0,0,0,0,0,0,0,0,0,0,0,0,0,0,0,0,0,0,0,0,0,0,0,0,0,0,0,0,0,0,0,0,0,0,0,0,0,0,0,0,0,0,0,"","","","","",""
1727,Ujjani Dam_1,Maharashtra SW,27,Maharashtra,496,Solapur,-,-,-,-,-,-,-,-,-,18.07402000,75.12002000,31-01-2024 00:00,0,0,0,0,0,0,0,0,0,0,0,0,0,0,0,0,0,0,0,0,0,0,0,0,0,0,0,0,0,0,0,0,0,0,0,0,0,0,0,0,0,0,0,0,"","","","","",""
1728,Ujjani Dam_1,Maharashtra SW,27,Maharashtra,496,Solapur,-,-,-,-,-,-,-,-,-,18.07402000,75.12002000,31-01-2024 01:00,0,0,0,0,0,0,0,0,0,0,0,0,0,0,0,0,0,0,0,0,0,0,0,0,0,0,0,0,0,0,0,0,0,0,0,0,0,0,0,0,0,0,0,0,"","","","","",""
1729,Ujjani Dam_1,Maharashtra SW,27,Maharashtra,496,Solapur,-,-,-,-,-,-,-,-,-,18.07402000,75.12002000,31-01-2024 03:00,0,0,0,0,0,0,0,0,0,0,0,0,0,0,0,0,0,0,0,0,0,0,0,0,0,0,0,0,0,0,0,0,0,0,0,0,0,0,0,0,0,0,0,0,"","","","","",""
1730,Ujjani Dam_1,Maharashtra SW,27,Maharashtra,496,Solapur,-,-,-,-,-,-,-,-,-,18.07402000,75.12002000,31-01-2024 04:00,0,0,0,0,0,0,0,0,0,0,0,0,0,0,0,0,0,0,0,0,0,0,0,0,0,0,0,0,0,0,0,0,0,0,0,0,0,0,0,0,0,0,0,0,"","","","","",""
1731,Ujjani Dam_1,Maharashtra SW,27,Maharashtra,496,Solapur,-,-,-,-,-,-,-,-,-,18.07402000,75.12002000,31-01-2024 06:00,0,0,0,0,0,0,0,0,0,0,0,0,0,0,0,0,0,0,0,0,0,0,0,0,0,0,0,0,0,0,0,0,0,0,0,0,0,0,0,0,0,0,0,0,"","","","","",""
1732,Ujjani Dam_1,Maharashtra SW,27,Maharashtra,496,Solapur,-,-,-,-,-,-,-,-,-,18.07402000,75.12002000,31-01-2024 07:00,0,0,0,0,0,0,0,0,0,0,0,0,0,0,0,0,0,0,0,0,0,0,0,0,0,0,0,0,0,0,0,0,0,0,0,0,0,0,0,0,0,0,0,0,"","","","","",""
1733,Ujjani Dam_1,Maharashtra SW,27,Maharashtra,496,Solapur,-,-,-,-,-,-,-,-,-,18.07402000,75.12002000,31-01-2024 09:00,0,0,0,0,0,0,0,0,0,0,0,0,0,0,0,0,0,0,0,0,0,0,0,0,0,0,0,0,0,0,0,0,0,0,0,0,0,0,0,0,0,0,0,0,"","","","","",""
1734,Ujjani Dam_1,Maharashtra SW,27,Maharashtra,496,Solapur,-,-,-,-,-,-,-,-,-,18.07402000,75.12002000,31-01-2024 10:00,0,0,0,0,0,0,0,0,0,0,0,0,0,0,0,0,0,0,0,0,0,0,0,0,0,0,0,0,0,0,0,0,0,0,0,0,0,0,0,0,0,0,0,0,"","","","","",""
1735,Ujjani Dam_1,Maharashtra SW,27,Maharashtra,496,Solapur,-,-,-,-,-,-,-,-,-,18.07402000,75.12002000,31-01-2024 13:00,0,0,0,0,0,0,0,0,0,0,0,0,0,0,0,0,0,0,0,0,0,0,0,0,0,0,0,0,0,0,0,0,0,0,0,0,0,0,0,0,0,0,0,0,"","","","","",""
1736,Ujjani Dam_1,Maharashtra SW,27,Maharashtra,496,Solapur,-,-,-,-,-,-,-,-,-,18.07402000,75.12002000,31-01-2024 15:00,0,0,0,0,0,0,0,0,0,0,0,0,0,0,0,0,0,0,0,0,0,0,0,0,0,0,0,0,0,0,0,0,0,0,0,0,0,0,0,0,0,0,0,0,"","","","","",""
1737,Ujjani Dam_1,Maharashtra SW,27,Maharashtra,496,Solapur,-,-,-,-,-,-,-,-,-,18.07402000,75.12002000,31-01-2024 16:00,0,0,0,0,0,0,0,0,0,0,0,0,0,0,0,0,0,0,0,0,0,0,0,0,0,0,0,0,0,0,0,0,0,0,0,0,0,0,0,0,0,0,0,0,"","","","","",""
1738,Ujjani Dam_1,Maharashtra SW,27,Maharashtra,496,Solapur,-,-,-,-,-,-,-,-,-,18.07402000,75.12002000,31-01-2024 18:00,0,0,0,0,0,0,0,0,0,0,0,0,0,0,0,0,0,0,0,0,0,0,0,0,0,0,0,0,0,0,0,0,0,0,0,0,0,0,0,0,0,0,0,0,"","","","","",""
1739,Ujjani Dam_1,Maharashtra SW,27,Maharashtra,496,Solapur,-,-,-,-,-,-,-,-,-,18.07402000,75.12002000,31-01-2024 19:00,0,0,0,0,0,0,0,0,0,0,0,0,0,0,0,0,0,0,0,0,0,0,0,0,0,0,0,0,0,0,0,0,0,0,0,0,0,0,0,0,0,0,0,0,"","","","","",""
1740,Ujjani Dam_1,Maharashtra SW,27,Maharashtra,496,Solapur,-,-,-,-,-,-,-,-,-,18.07402000,75.12002000,31-01-2024 21:00,0,0,0,0,0,0,0,0,0,0,0,0,0,0,0,0,0,0,0,0,0,0,0,0,0,0,0,0,0,0,0,0,0,0,0,0,0,0,0,0,0,0,0,0,"","","","","",""
1741,Ujjani Dam_1,Maharashtra SW,27,Maharashtra,496,Solapur,-,-,-,-,-,-,-,-,-,18.07402000,75.12002000,31-01-2024 22:00,0,0,0,0,0,0,0,0,0,0,0,0,0,0,0,0,0,0,0,0,0,0,0,0,0,0,0,0,0,0,0,0,0,0,0,0,0,0,0,0,0,0,0,0,"","","","","",""
1742,Ujjani Dam_1,Maharashtra SW,27,Maharashtra,496,Solapur,-,-,-,-,-,-,-,-,-,18.07402000,75.12002000,31-01-2024 23:00,0,0,0,0,0,0,0,0,0,0,0,0,0,0,0,0,0,0,0,0,0,0,0,0,0,0,0,0,0,0,0,0,0,0,0,0,0,0,0,0,0,0,0,0,"","","","","",""
1743,Ujjani Dam_1,Maharashtra SW,27,Maharashtra,496,Solapur,-,-,-,-,-,-,-,-,-,18.07402000,75.12002000,01-02-2024 01:00,0,0,0,0,0,0,0,0,0,0,0,0,0,0,0,0,0,0,0,0,0,0,0,0,0,0,0,0,0,0,0,0,0,0,0,0,0,0,0,0,0,0,0,0,"","","","","",""
1744,Ujjani Dam_1,Maharashtra SW,27,Maharashtra,496,Solapur,-,-,-,-,-,-,-,-,-,18.07402000,75.12002000,01-02-2024 02:00,0,0,0,0,0,0,0,0,0,0,0,0,0,0,0,0,0,0,0,0,0,0,0,0,0,0,0,0,0,0,0,0,0,0,0,0,0,0,0,0,0,0,0,0,"","","","","",""
1745,Ujjani Dam_1,Maharashtra SW,27,Maharashtra,496,Solapur,-,-,-,-,-,-,-,-,-,18.07402000,75.12002000,01-02-2024 04:00,0,0,0,0,0,0,0,0,0,0,0,0,0,0,0,0,0,0,0,0,0,0,0,0,0,0,0,0,0,0,0,0,0,0,0,0,0,0,0,0,0,0,0,0,"","","","","",""
1746,Ujjani Dam_1,Maharashtra SW,27,Maharashtra,496,Solapur,-,-,-,-,-,-,-,-,-,18.07402000,75.12002000,01-02-2024 05:00,0,0,0,0,0,0,0,0,0,0,0,0,0,0,0,0,0,0,0,0,0,0,0,0,0,0,0,0,0,0,0,0,0,0,0,0,0,0,0,0,0,0,0,0,"","","","","",""
1747,Ujjani Dam_1,Maharashtra SW,27,Maharashtra,496,Solapur,-,-,-,-,-,-,-,-,-,18.07402000,75.12002000,01-02-2024 07:00,0,0,0,0,0,0,0,0,0,0,0,0,0,0,0,0,0,0,0,0,0,0,0,0,0,0,0,0,0,0,0,0,0,0,0,0,0,0,0,0,0,0,0,0,"","","","","",""
1748,Ujjani Dam_1,Maharashtra SW,27,Maharashtra,496,Solapur,-,-,-,-,-,-,-,-,-,18.07402000,75.12002000,01-02-2024 08:00,0,0,0,0,0,0,0,0,0,0,0,0,0,0,0,0,0,0,0,0,0,0,0,0,0,0,0,0,0,0,0,0,0,0,0,0,0,0,0,0,0,0,0,0,"","","","","",""
1749,Ujjani Dam_1,Maharashtra SW,27,Maharashtra,496,Solapur,-,-,-,-,-,-,-,-,-,18.07402000,75.12002000,01-02-2024 10:00,0,0,0,0,0,0,0,0,0,0,0,0,0,0,0,0,0,0,0,0,0,0,0,0,0,0,0,0,0,0,0,0,0,0,0,0,0,0,0,0,0,0,0,0,"","","","","",""
1750,Ujjani Dam_1,Maharashtra SW,27,Maharashtra,496,Solapur,-,-,-,-,-,-,-,-,-,18.07402000,75.12002000,01-02-2024 11:00,0,0,0,0,0,0,0,0,0,0,0,0,0,0,0,0,0,0,0,0,0,0,0,0,0,0,0,0,0,0,0,0,0,0,0,0,0,0,0,0,0,0,0,0,"","","","","",""
1751,Ujjani Dam_1,Maharashtra SW,27,Maharashtra,496,Solapur,-,-,-,-,-,-,-,-,-,18.07402000,75.12002000,01-02-2024 13:00,0,0,0,0,0,0,0,0,0,0,0,0,0,0,0,0,0,0,0,0,0,0,0,0,0,0,0,0,0,0,0,0,0,0,0,0,0,0,0,0,0,0,0,0,"","","","","",""
1752,Ujjani Dam_1,Maharashtra SW,27,Maharashtra,496,Solapur,-,-,-,-,-,-,-,-,-,18.07402000,75.12002000,01-02-2024 14:00,0,0,0,0,0,0,0,0,0,0,0,0,0,0,0,0,0,0,0,0,0,0,0,0,0,0,0,0,0,0,0,0,0,0,0,0,0,0,0,0,0,0,0,0,"","","","","",""
1753,Ujjani Dam_1,Maharashtra SW,27,Maharashtra,496,Solapur,-,-,-,-,-,-,-,-,-,18.07402000,75.12002000,01-02-2024 16:00,0,0,0,0,0,0,0,0,0,0,0,0,0,0,0,0,0,0,0,0,0,0,0,0,0,0,0,0,0,0,0,0,0,0,0,0,0,0,0,0,0,0,0,0,"","","","","",""
1754,Ujjani Dam_1,Maharashtra SW,27,Maharashtra,496,Solapur,-,-,-,-,-,-,-,-,-,18.07402000,75.12002000,02-02-2024 15:00,313.24,1409.41,1409.41,1409.41,1409.41,1409.41,1409.41,1409.41,1409.41,1409.41,1375.86,1409.41,1409.41,1409.41,1409.41,1443.31,0,0,0,0,0,0,0,0,0,0,0,0,0,0,0,0,0,0,0,0,0,0,0,0,0,0,0,0,"","","","","",""
1755,Ujjani Dam_1,Maharashtra SW,27,Maharashtra,496,Solapur,-,-,-,-,-,-,-,-,-,18.07402000,75.12002000,02-02-2024 16:00,1746.31,1409.41,1409.41,1409.41,1746.31,1746.31,1746.31,1746.31,1746.31,1746.31,1746.31,1746.31,1409.41,1409.41,1409.41,1746.31,0,0,0,0,0,0,0,0,0,0,0,0,0,0,0,0,0,0,0,0,0,0,0,0,0,0,0,0,"","","","","",""
1756,Ujjani Dam_1,Maharashtra SW,27,Maharashtra,496,Solapur,-,-,-,-,-,-,-,-,-,18.07402000,75.12002000,02-02-2024 17:00,0,0,0,0,0,0,0,0,0,0,0,0,0,0,0,0,0,0,0,0,0,0,0,0,0,0,0,0,0,0,0,0,0,0,0,0,0,0,0,0,0,0,0,0,"","","","","",""
1757,Ujjani Dam_1,Maharashtra SW,27,Maharashtra,496,Solapur,-,-,-,-,-,-,-,-,-,18.07402000,75.12002000,02-02-2024 19:00,0,0,0,0,0,0,0,0,0,0,0,0,0,0,0,0,0,0,0,0,0,0,0,0,0,0,0,0,0,0,0,0,0,0,0,0,0,0,0,0,0,0,0,0,"","","","","",""
1758,Ujjani Dam_1,Maharashtra SW,27,Maharashtra,496,Solapur,-,-,-,-,-,-,-,-,-,18.07402000,75.12002000,02-02-2024 20:00,0,0,0,0,0,0,0,0,0,0,0,0,0,0,0,0,0,0,0,0,0,0,0,0,0,0,0,0,0,0,0,0,0,0,0,0,0,0,0,0,0,0,0,0,"","","","","",""
1759,Ujjani Dam_1,Maharashtra SW,27,Maharashtra,496,Solapur,-,-,-,-,-,-,-,-,-,18.07402000,75.12002000,02-02-2024 22:00,0,0,0,0,0,0,0,0,0,0,0,0,0,0,0,0,0,0,0,0,0,0,0,0,0,0,0,0,0,0,0,0,0,0,0,0,0,0,0,0,0,0,0,0,"","","","","",""
1760,Ujjani Dam_1,Maharashtra SW,27,Maharashtra,496,Solapur,-,-,-,-,-,-,-,-,-,18.07402000,75.12002000,03-02-2024 08:00,0,"","","","","","","","","","","","","","","","","","","","","","","","","","","","","","","","","","","","","","","","","","","","","","","","",""
1761,Ujjani Dam_1,Maharashtra SW,27,Maharashtra,496,Solapur,-,-,-,-,-,-,-,-,-,18.07402000,75.12002000,03-02-2024 13:00,0,"","","","","","","","","","","","","","","","","","","","","","","","","","","","","","","","","","","","","","","","","","","","","","","","",""
1762,Ujjani Dam_1,Maharashtra SW,27,Maharashtra,496,Solapur,-,-,-,-,-,-,-,-,-,18.07402000,75.12002000,04-02-2024 00:00,0,0,0,0,0,0,0,0,0,0,0,0,0,0,0,0,0,0,0,0,0,0,0,0,0,0,0,0,0,0,0,0,0,0,0,0,0,0,0,0,0,0,0,0,"","","","","",""
1763,Ujjani Dam_1,Maharashtra SW,27,Maharashtra,496,Solapur,-,-,-,-,-,-,-,-,-,18.07402000,75.12002000,04-02-2024 01:00,0,0,0,0,0,0,0,0,0,0,0,0,0,0,0,0,0,0,0,0,0,0,0,0,0,0,0,0,0,0,0,0,0,0,0,0,0,0,0,0,0,0,0,0,"","","","","",""
1764,Ujjani Dam_1,Maharashtra SW,27,Maharashtra,496,Solapur,-,-,-,-,-,-,-,-,-,18.07402000,75.12002000,04-02-2024 02:00,0,0,0,0,0,0,0,0,0,0,0,0,0,0,0,0,0,0,0,0,0,0,0,0,0,0,0,0,0,0,0,0,0,0,0,0,0,0,0,0,0,0,0,0,"","","","","",""
1765,Ujjani Dam_1,Maharashtra SW,27,Maharashtra,496,Solapur,-,-,-,-,-,-,-,-,-,18.07402000,75.12002000,04-02-2024 06:00,0,0,0,0,0,0,0,0,0,0,0,0,0,0,0,0,0,0,0,0,0,0,0,0,0,0,0,0,0,0,0,0,0,0,0,0,0,0,0,0,0,0,0,0,"","","","","",""
1766,Ujjani Dam_1,Maharashtra SW,27,Maharashtra,496,Solapur,-,-,-,-,-,-,-,-,-,18.07402000,75.12002000,04-02-2024 07:00,0,0,0,0,0,0,0,0,0,0,0,0,0,0,0,0,0,0,0,0,0,0,0,0,0,0,0,0,0,0,0,0,0,0,0,0,0,0,0,0,0,0,0,0,"","","","","",""
1767,Ujjani Dam_1,Maharashtra SW,27,Maharashtra,496,Solapur,-,-,-,-,-,-,-,-,-,18.07402000,75.12002000,04-02-2024 08:00,0,0,0,0,0,0,0,0,0,0,0,0,0,0,0,0,0,0,0,0,0,0,0,0,0,0,0,0,0,0,0,0,0,0,0,0,0,0,0,0,0,0,0,0,"","","","","",""
1768,Ujjani Dam_1,Maharashtra SW,27,Maharashtra,496,Solapur,-,-,-,-,-,-,-,-,-,18.07402000,75.12002000,04-02-2024 09:00,0,0,0,0,0,0,0,0,0,0,0,0,0,0,0,0,0,0,0,0,0,0,0,0,0,0,0,0,0,0,0,0,0,0,0,0,0,0,0,0,0,0,0,0,"","","","","",""
1769,Ujjani Dam_1,Maharashtra SW,27,Maharashtra,496,Solapur,-,-,-,-,-,-,-,-,-,18.07402000,75.12002000,04-02-2024 11:00,0,0,0,0,0,0,0,0,0,0,0,0,0,0,0,0,0,0,0,0,0,0,0,0,0,0,0,0,0,0,0,0,0,0,0,0,0,0,0,0,0,0,0,0,"","","","","",""
1770,Ujjani Dam_1,Maharashtra SW,27,Maharashtra,496,Solapur,-,-,-,-,-,-,-,-,-,18.07402000,75.12002000,04-02-2024 12:00,0,0,0,0,0,0,0,0,0,0,0,0,0,0,0,0,0,0,0,0,0,0,0,0,0,0,0,0,0,0,0,0,0,0,0,0,0,0,0,0,0,0,0,0,"","","","","",""
1771,Ujjani Dam_1,Maharashtra SW,27,Maharashtra,496,Solapur,-,-,-,-,-,-,-,-,-,18.07402000,75.12002000,04-02-2024 14:00,0,0,0,0,0,0,0,0,0,0,0,0,0,0,0,0,0,0,0,0,0,0,0,0,0,0,0,0,0,0,0,0,0,0,0,0,0,0,0,0,0,0,0,0,"","","","","",""
1772,Ujjani Dam_1,Maharashtra SW,27,Maharashtra,496,Solapur,-,-,-,-,-,-,-,-,-,18.07402000,75.12002000,04-02-2024 15:00,0,0,0,0,0,0,0,0,0,0,0,0,0,0,0,0,0,0,0,0,0,0,0,0,0,0,0,0,0,0,0,0,0,0,0,0,0,0,0,0,0,0,0,0,"","","","","",""
1773,Ujjani Dam_1,Maharashtra SW,27,Maharashtra,496,Solapur,-,-,-,-,-,-,-,-,-,18.07402000,75.12002000,04-02-2024 17:00,0,0,0,0,0,0,0,0,0,0,0,0,0,0,0,0,0,0,0,0,0,0,0,0,0,0,0,0,0,0,0,0,0,0,0,0,0,0,0,0,0,0,0,0,"","","","","",""
1774,Ujjani Dam_1,Maharashtra SW,27,Maharashtra,496,Solapur,-,-,-,-,-,-,-,-,-,18.07402000,75.12002000,04-02-2024 18:00,0,0,0,0,0,0,0,0,0,0,0,0,0,0,0,0,0,0,0,0,0,0,0,0,0,0,0,0,0,0,0,0,0,0,0,0,0,0,0,0,0,0,0,0,"","","","","",""
1775,Ujjani Dam_1,Maharashtra SW,27,Maharashtra,496,Solapur,-,-,-,-,-,-,-,-,-,18.07402000,75.12002000,04-02-2024 20:00,0,0,0,0,0,0,0,0,0,0,0,0,0,0,0,0,0,0,0,0,0,0,0,0,0,0,0,0,0,0,0,0,0,0,0,0,0,0,0,0,0,0,0,0,"","","","","",""
1776,Ujjani Dam_1,Maharashtra SW,27,Maharashtra,496,Solapur,-,-,-,-,-,-,-,-,-,18.07402000,75.12002000,04-02-2024 21:00,0,0,0,0,0,0,0,0,0,0,0,0,0,0,0,0,0,0,0,0,0,0,0,0,0,0,0,0,0,0,0,0,0,0,0,0,0,0,0,0,0,0,0,0,"","","","","",""
1777,Ujjani Dam_1,Maharashtra SW,27,Maharashtra,496,Solapur,-,-,-,-,-,-,-,-,-,18.07402000,75.12002000,04-02-2024 22:00,0,0,0,0,0,0,0,0,0,0,0,0,0,0,0,0,0,0,0,0,0,0,0,0,0,0,0,0,0,0,0,0,0,0,0,0,0,0,0,0,0,0,0,0,"","","","","",""
1778,Ujjani Dam_1,Maharashtra SW,27,Maharashtra,496,Solapur,-,-,-,-,-,-,-,-,-,18.07402000,75.12002000,05-02-2024 00:00,0,0,0,0,0,0,0,0,0,0,0,0,0,0,0,0,0,0,0,0,0,0,0,0,0,0,0,0,0,0,0,0,0,0,0,0,0,0,0,0,0,0,0,0,"","","","","",""
1779,Ujjani Dam_1,Maharashtra SW,27,Maharashtra,496,Solapur,-,-,-,-,-,-,-,-,-,18.07402000,75.12002000,05-02-2024 01:00,0,0,0,0,0,0,0,0,0,0,0,0,0,0,0,0,0,0,0,0,0,0,0,0,0,0,0,0,0,0,0,0,0,0,0,0,0,0,0,0,0,0,0,0,"","","","","",""
1780,Ujjani Dam_1,Maharashtra SW,27,Maharashtra,496,Solapur,-,-,-,-,-,-,-,-,-,18.07402000,75.12002000,05-02-2024 03:00,0,0,0,0,0,0,0,0,0,0,0,0,0,0,0,0,0,0,0,0,0,0,0,0,0,0,0,0,0,0,0,0,0,0,0,0,0,0,0,0,0,0,0,0,"","","","","",""
1781,Ujjani Dam_1,Maharashtra SW,27,Maharashtra,496,Solapur,-,-,-,-,-,-,-,-,-,18.07402000,75.12002000,05-02-2024 04:00,0,0,0,0,0,0,0,0,0,0,0,0,0,0,0,0,0,0,0,0,0,0,0,0,0,0,0,0,0,0,0,0,0,0,0,0,0,0,0,0,0,0,0,0,"","","","","",""
1782,Ujjani Dam_1,Maharashtra SW,27,Maharashtra,496,Solapur,-,-,-,-,-,-,-,-,-,18.07402000,75.12002000,05-02-2024 06:00,0,0,0,0,0,0,0,0,0,0,0,0,0,0,0,0,0,0,0,0,0,0,0,0,0,0,0,0,0,0,0,0,0,0,0,0,0,0,0,0,0,0,0,0,"","","","","",""
1783,Ujjani Dam_1,Maharashtra SW,27,Maharashtra,496,Solapur,-,-,-,-,-,-,-,-,-,18.07402000,75.12002000,05-02-2024 07:00,0,0,0,0,0,0,0,0,0,0,0,0,0,0,0,0,0,0,0,0,0,0,0,0,0,0,0,0,0,0,0,0,0,0,0,0,0,0,0,0,0,0,0,0,"","","","","",""
1784,Ujjani Dam_1,Maharashtra SW,27,Maharashtra,496,Solapur,-,-,-,-,-,-,-,-,-,18.07402000,75.12002000,05-02-2024 09:00,0,0,0,0,0,0,0,0,0,0,0,0,0,0,0,0,0,0,0,0,0,0,0,0,0,0,0,0,0,0,0,0,0,0,0,0,0,0,0,0,0,0,0,0,"","","","","",""
1785,Ujjani Dam_1,Maharashtra SW,27,Maharashtra,496,Solapur,-,-,-,-,-,-,-,-,-,18.07402000,75.12002000,05-02-2024 10:00,0,0,0,0,0,0,0,0,0,0,0,0,0,0,0,0,0,0,0,0,0,0,0,0,0,0,0,0,0,0,0,0,0,0,0,0,0,0,0,0,0,0,0,0,"","","","","",""
1786,Ujjani Dam_1,Maharashtra SW,27,Maharashtra,496,Solapur,-,-,-,-,-,-,-,-,-,18.07402000,75.12002000,05-02-2024 15:00,0,0,0,0,0,0,0,0,0,0,0,0,0,0,0,0,0,0,0,0,0,0,0,0,0,0,0,0,0,0,0,0,0,0,0,0,0,0,0,0,0,0,0,0,"","","","","",""
1787,Ujjani Dam_1,Maharashtra SW,27,Maharashtra,496,Solapur,-,-,-,-,-,-,-,-,-,18.07402000,75.12002000,05-02-2024 16:00,0,0,0,0,0,0,0,0,0,0,0,0,0,0,0,0,0,0,0,0,0,0,0,0,0,0,0,0,0,0,0,0,0,0,0,0,0,0,0,0,0,0,0,0,"","","","","",""
1788,Ujjani Dam_1,Maharashtra SW,27,Maharashtra,496,Solapur,-,-,-,-,-,-,-,-,-,18.07402000,75.12002000,05-02-2024 18:00,0,0,0,0,0,0,0,0,0,0,0,0,0,0,0,0,0,0,0,0,0,0,0,0,0,0,0,0,0,0,0,0,0,0,0,0,0,0,0,0,0,0,0,0,"","","","","",""
1789,Ujjani Dam_1,Maharashtra SW,27,Maharashtra,496,Solapur,-,-,-,-,-,-,-,-,-,18.07402000,75.12002000,05-02-2024 19:00,0,0,0,0,0,0,0,0,0,0,0,0,0,0,0,0,0,0,0,0,0,0,0,0,0,0,0,0,0,0,0,0,0,0,0,0,0,0,0,0,0,0,0,0,"","","","","",""
1790,Ujjani Dam_1,Maharashtra SW,27,Maharashtra,496,Solapur,-,-,-,-,-,-,-,-,-,18.07402000,75.12002000,05-02-2024 21:00,0,0,0,0,0,0,0,0,0,0,0,0,0,0,0,0,0,0,0,0,0,0,0,0,0,0,0,0,0,0,0,0,0,0,0,0,0,0,0,0,0,0,0,0,"","","","","",""
1791,Ujjani Dam_1,Maharashtra SW,27,Maharashtra,496,Solapur,-,-,-,-,-,-,-,-,-,18.07402000,75.12002000,05-02-2024 22:00,0,0,0,0,0,0,0,0,0,0,0,0,0,0,0,0,0,0,0,0,0,0,0,0,0,0,0,0,0,0,0,0,0,0,0,0,0,0,0,0,0,0,0,0,"","","","","",""
1792,Ujjani Dam_1,Maharashtra SW,27,Maharashtra,496,Solapur,-,-,-,-,-,-,-,-,-,18.07402000,75.12002000,05-02-2024 23:00,0,0,0,0,0,0,0,0,0,0,0,0,0,0,0,0,0,0,0,0,0,0,0,0,0,0,0,0,0,0,0,0,0,0,0,0,0,0,0,0,0,0,0,0,"","","","","",""
1793,Ujjani Dam_1,Maharashtra SW,27,Maharashtra,496,Solapur,-,-,-,-,-,-,-,-,-,18.07402000,75.12002000,06-02-2024 01:00,0,0,0,0,0,0,0,0,0,0,0,0,0,0,0,0,0,0,0,0,0,0,0,0,0,0,0,0,0,0,0,0,0,0,0,0,0,0,0,0,0,0,0,0,"","","","","",""
1794,Ujjani Dam_1,Maharashtra SW,27,Maharashtra,496,Solapur,-,-,-,-,-,-,-,-,-,18.07402000,75.12002000,06-02-2024 02:00,0,0,0,0,0,0,0,0,0,0,0,0,0,0,0,0,0,0,0,0,0,0,0,0,0,0,0,0,0,0,0,0,0,0,0,0,0,0,0,0,0,0,0,0,"","","","","",""
1795,Ujjani Dam_1,Maharashtra SW,27,Maharashtra,496,Solapur,-,-,-,-,-,-,-,-,-,18.07402000,75.12002000,06-02-2024 04:00,0,0,0,0,0,0,0,0,0,0,0,0,0,0,0,0,0,0,0,0,0,0,0,0,0,0,0,0,0,0,0,0,0,0,0,0,0,0,0,0,0,0,0,0,"","","","","",""
1796,Ujjani Dam_1,Maharashtra SW,27,Maharashtra,496,Solapur,-,-,-,-,-,-,-,-,-,18.07402000,75.12002000,06-02-2024 05:00,0,0,0,0,0,0,0,0,0,0,0,0,0,0,0,0,0,0,0,0,0,0,0,0,0,0,0,0,0,0,0,0,0,0,0,0,0,0,0,0,0,0,0,0,"","","","","",""
1797,Ujjani Dam_1,Maharashtra SW,27,Maharashtra,496,Solapur,-,-,-,-,-,-,-,-,-,18.07402000,75.12002000,06-02-2024 07:00,0,0,0,0,0,0,0,0,0,0,0,0,0,0,0,0,0,0,0,0,0,0,0,0,0,0,0,0,0,0,0,0,0,0,0,0,0,0,0,0,0,0,0,0,"","","","","",""
1798,Ujjani Dam_1,Maharashtra SW,27,Maharashtra,496,Solapur,-,-,-,-,-,-,-,-,-,18.07402000,75.12002000,06-02-2024 08:00,0,0,0,0,0,0,0,0,0,0,0,0,0,0,0,0,0,0,0,0,0,0,0,0,0,0,0,0,0,0,0,0,0,0,0,0,0,0,0,0,0,0,0,0,"","","","","",""
1799,Ujjani Dam_1,Maharashtra SW,27,Maharashtra,496,Solapur,-,-,-,-,-,-,-,-,-,18.07402000,75.12002000,06-02-2024 10:00,0,0,0,0,0,0,0,0,0,0,0,0,0,0,0,0,0,0,0,0,0,0,0,0,0,0,0,0,0,0,0,0,0,0,0,0,0,0,0,0,0,0,0,0,"","","","","",""
1800,Ujjani Dam_1,Maharashtra SW,27,Maharashtra,496,Solapur,-,-,-,-,-,-,-,-,-,18.07402000,75.12002000,06-02-2024 11:00,0,0,0,0,0,0,0,0,0,0,0,0,0,0,0,0,0,0,0,0,0,0,0,0,0,0,0,0,0,0,0,0,0,0,0,0,0,0,0,0,0,0,0,0,"","","","","",""
1801,Ujjani Dam_1,Maharashtra SW,27,Maharashtra,496,Solapur,-,-,-,-,-,-,-,-,-,18.07402000,75.12002000,06-02-2024 13:00,0,0,0,0,0,0,0,0,0,0,0,0,0,0,0,0,0,0,0,0,0,0,0,0,0,0,0,0,0,0,0,0,0,0,0,0,0,0,0,0,0,0,0,0,"","","","","",""
1802,Ujjani Dam_1,Maharashtra SW,27,Maharashtra,496,Solapur,-,-,-,-,-,-,-,-,-,18.07402000,75.12002000,06-02-2024 14:00,0,0,0,0,0,0,0,0,0,0,0,0,0,0,0,0,0,0,0,0,0,0,0,0,0,0,0,0,0,0,0,0,0,0,0,0,0,0,0,0,0,0,0,0,"","","","","",""
1803,Ujjani Dam_1,Maharashtra SW,27,Maharashtra,496,Solapur,-,-,-,-,-,-,-,-,-,18.07402000,75.12002000,06-02-2024 16:00,0,0,0,0,0,0,0,0,0,0,0,0,0,0,0,0,0,0,0,0,0,0,0,0,0,0,0,0,0,0,0,0,0,0,0,0,0,0,0,0,0,0,0,0,"","","","","",""
1804,Ujjani Dam_1,Maharashtra SW,27,Maharashtra,496,Solapur,-,-,-,-,-,-,-,-,-,18.07402000,75.12002000,06-02-2024 17:00,0,0,0,0,0,0,0,0,0,0,0,0,0,0,0,0,0,0,0,0,0,0,0,0,0,0,0,0,0,0,0,0,0,0,0,0,0,0,0,0,0,0,0,0,"","","","","",""
1805,Ujjani Dam_1,Maharashtra SW,27,Maharashtra,496,Solapur,-,-,-,-,-,-,-,-,-,18.07402000,75.12002000,06-02-2024 19:00,0,0,0,0,0,0,0,0,0,0,0,0,0,0,0,0,0,0,0,0,0,0,0,0,0,0,0,0,0,0,0,0,0,0,0,0,0,0,0,0,0,0,0,0,"","","","","",""
1806,Ujjani Dam_1,Maharashtra SW,27,Maharashtra,496,Solapur,-,-,-,-,-,-,-,-,-,18.07402000,75.12002000,06-02-2024 20:00,0,0,0,0,0,0,0,0,0,0,0,0,0,0,0,0,0,0,0,0,0,0,0,0,0,0,0,0,0,0,0,0,0,0,0,0,0,0,0,0,0,0,0,0,"","","","","",""
1807,Ujjani Dam_1,Maharashtra SW,27,Maharashtra,496,Solapur,-,-,-,-,-,-,-,-,-,18.07402000,75.12002000,06-02-2024 22:00,0,0,0,0,0,0,0,0,0,0,0,0,0,0,0,0,0,0,0,0,0,0,0,0,0,0,0,0,0,0,0,0,0,0,0,0,0,0,0,0,0,0,0,0,"","","","","",""
1808,Ujjani Dam_1,Maharashtra SW,27,Maharashtra,496,Solapur,-,-,-,-,-,-,-,-,-,18.07402000,75.12002000,06-02-2024 23:00,0,0,0,0,0,0,0,0,0,0,0,0,0,0,0,0,0,0,0,0,0,0,0,0,0,0,0,0,0,0,0,0,0,0,0,0,0,0,0,0,0,0,0,0,"","","","","",""
1809,Ujjani Dam_1,Maharashtra SW,27,Maharashtra,496,Solapur,-,-,-,-,-,-,-,-,-,18.07402000,75.12002000,07-02-2024 01:00,0,0,0,0,0,0,0,0,0,0,0,0,0,0,0,0,0,0,0,0,0,0,0,0,0,0,0,0,0,0,0,0,0,0,0,0,0,0,0,0,0,0,0,0,"","","","","",""
1810,Ujjani Dam_1,Maharashtra SW,27,Maharashtra,496,Solapur,-,-,-,-,-,-,-,-,-,18.07402000,75.12002000,07-02-2024 02:00,0,0,0,0,0,0,0,0,0,0,0,0,0,0,0,0,0,0,0,0,0,0,0,0,0,0,0,0,0,0,0,0,0,0,0,0,0,0,0,0,0,0,0,0,"","","","","",""
1811,Ujjani Dam_1,Maharashtra SW,27,Maharashtra,496,Solapur,-,-,-,-,-,-,-,-,-,18.07402000,75.12002000,07-02-2024 03:00,0,0,0,0,0,0,0,0,0,0,0,0,0,0,0,0,0,0,0,0,0,0,0,0,0,0,0,0,0,0,0,0,0,0,0,0,0,0,0,0,0,0,0,0,"","","","","",""
1812,Ujjani Dam_1,Maharashtra SW,27,Maharashtra,496,Solapur,-,-,-,-,-,-,-,-,-,18.07402000,75.12002000,07-02-2024 05:00,0,0,0,0,0,0,0,0,0,0,0,0,0,0,0,0,0,0,0,0,0,0,0,0,0,0,0,0,0,0,0,0,0,0,0,0,0,0,0,0,0,0,0,0,"","","","","",""
1813,Ujjani Dam_1,Maharashtra SW,27,Maharashtra,496,Solapur,-,-,-,-,-,-,-,-,-,18.07402000,75.12002000,07-02-2024 06:00,0,0,0,0,0,0,0,0,0,0,0,0,0,0,0,0,0,0,0,0,0,0,0,0,0,0,0,0,0,0,0,0,0,0,0,0,0,0,0,0,0,0,0,0,"","","","","",""
1814,Ujjani Dam_1,Maharashtra SW,27,Maharashtra,496,Solapur,-,-,-,-,-,-,-,-,-,18.07402000,75.12002000,07-02-2024 08:00,0,0,0,0,0,0,0,0,0,0,0,0,0,0,0,0,0,0,0,0,0,0,0,0,0,0,0,0,0,0,0,0,0,0,0,0,0,0,0,0,0,0,0,0,"","","","","",""
1815,Ujjani Dam_1,Maharashtra SW,27,Maharashtra,496,Solapur,-,-,-,-,-,-,-,-,-,18.07402000,75.12002000,07-02-2024 09:00,0,0,0,0,0,0,0,0,0,0,0,0,0,0,0,0,0,0,0,0,0,0,0,0,0,0,0,0,0,0,0,0,0,0,0,0,0,0,0,0,0,0,0,0,"","","","","",""
1816,Ujjani Dam_1,Maharashtra SW,27,Maharashtra,496,Solapur,-,-,-,-,-,-,-,-,-,18.07402000,75.12002000,07-02-2024 11:00,0,0,0,0,0,0,0,0,0,0,0,0,0,0,0,0,0,0,0,0,0,0,0,0,0,0,0,0,0,0,0,0,0,0,0,0,0,0,0,0,0,0,0,0,"","","","","",""
1817,Ujjani Dam_1,Maharashtra SW,27,Maharashtra,496,Solapur,-,-,-,-,-,-,-,-,-,18.07402000,75.12002000,07-02-2024 12:00,0,0,0,0,0,0,0,0,0,0,0,0,0,0,0,0,0,0,0,0,0,0,0,0,0,0,0,0,0,0,0,0,0,0,0,0,0,0,0,0,0,0,0,0,"","","","","",""
1818,Ujjani Dam_1,Maharashtra SW,27,Maharashtra,496,Solapur,-,-,-,-,-,-,-,-,-,18.07402000,75.12002000,07-02-2024 13:00,0,0,0,0,0,0,0,0,0,0,0,0,0,0,0,0,0,0,0,0,0,0,0,0,0,0,0,0,0,0,0,0,0,0,0,0,0,0,0,0,0,0,0,0,"","","","","",""
1819,Ujjani Dam_1,Maharashtra SW,27,Maharashtra,496,Solapur,-,-,-,-,-,-,-,-,-,18.07402000,75.12002000,07-02-2024 22:00,0,"","","","","","","","","","","","","","","","","","","","","","","","","","","","","","","","","","","","","","","","","","","","","","","","",""
1820,Ujjani Dam_1,Maharashtra SW,27,Maharashtra,496,Solapur,-,-,-,-,-,-,-,-,-,18.07402000,75.12002000,08-02-2024 01:00,0,0,0,0,0,0,0,0,0,0,0,0,0,0,0,0,0,0,0,0,0,0,0,0,0,0,0,0,0,0,0,0,0,0,0,0,0,0,0,0,0,0,0,0,"","","","","",""
1821,Ujjani Dam_1,Maharashtra SW,27,Maharashtra,496,Solapur,-,-,-,-,-,-,-,-,-,18.07402000,75.12002000,08-02-2024 03:00,0,0,0,0,0,0,0,0,0,0,0,0,0,0,0,0,0,0,0,0,0,0,0,0,0,0,0,0,0,0,0,0,0,0,0,0,0,0,0,0,0,0,0,0,"","","","","",""
1822,Ujjani Dam_1,Maharashtra SW,27,Maharashtra,496,Solapur,-,-,-,-,-,-,-,-,-,18.07402000,75.12002000,08-02-2024 04:00,0,0,0,0,0,0,0,0,0,0,0,0,0,0,0,0,0,0,0,0,0,0,0,0,0,0,0,0,0,0,0,0,0,0,0,0,0,0,0,0,0,0,0,0,"","","","","",""
1823,Ujjani Dam_1,Maharashtra SW,27,Maharashtra,496,Solapur,-,-,-,-,-,-,-,-,-,18.07402000,75.12002000,08-02-2024 06:00,0,0,0,0,0,0,0,0,0,0,0,0,0,0,0,0,0,0,0,0,0,0,0,0,0,0,0,0,0,0,0,0,0,0,0,0,0,0,0,0,0,0,0,0,"","","","","",""
1824,Ujjani Dam_1,Maharashtra SW,27,Maharashtra,496,Solapur,-,-,-,-,-,-,-,-,-,18.07402000,75.12002000,08-02-2024 07:00,0,0,0,0,0,0,0,0,0,0,0,0,0,0,0,0,0,0,0,0,0,0,0,0,0,0,0,0,0,0,0,0,0,0,0,0,0,0,0,0,0,0,0,0,"","","","","",""
1825,Ujjani Dam_1,Maharashtra SW,27,Maharashtra,496,Solapur,-,-,-,-,-,-,-,-,-,18.07402000,75.12002000,08-02-2024 08:00,0,0,0,0,0,0,0,0,0,0,0,0,0,0,0,0,0,0,0,0,0,0,0,0,0,0,0,0,0,0,0,0,0,0,0,0,0,0,0,0,0,0,0,0,"","","","","",""
1826,Ujjani Dam_1,Maharashtra SW,27,Maharashtra,496,Solapur,-,-,-,-,-,-,-,-,-,18.07402000,75.12002000,08-02-2024 10:00,0,0,0,0,0,0,0,0,0,0,0,0,0,0,0,0,0,0,0,0,0,0,0,0,0,0,0,0,0,0,0,0,0,0,0,0,0,0,0,0,0,0,0,0,"","","","","",""
1827,Ujjani Dam_1,Maharashtra SW,27,Maharashtra,496,Solapur,-,-,-,-,-,-,-,-,-,18.07402000,75.12002000,08-02-2024 11:00,0,0,0,0,0,0,0,0,0,0,0,0,0,0,0,0,0,0,0,0,0,0,0,0,0,0,0,0,0,0,0,0,0,0,0,0,0,0,0,0,0,0,0,0,"","","","","",""
1828,Ujjani Dam_1,Maharashtra SW,27,Maharashtra,496,Solapur,-,-,-,-,-,-,-,-,-,18.07402000,75.12002000,08-02-2024 13:00,0,0,0,0,0,0,0,0,0,0,0,0,0,0,0,0,0,0,0,0,0,0,0,0,0,0,0,0,0,0,0,0,0,0,0,0,0,0,0,0,0,0,0,0,"","","","","",""
1829,Ujjani Dam_1,Maharashtra SW,27,Maharashtra,496,Solapur,-,-,-,-,-,-,-,-,-,18.07402000,75.12002000,08-02-2024 14:00,0,0,0,0,0,0,0,0,0,0,0,0,0,0,0,0,0,0,0,0,0,0,0,0,0,0,0,0,0,0,0,0,0,0,0,0,0,0,0,0,0,0,0,0,"","","","","",""
1830,Ujjani Dam_1,Maharashtra SW,27,Maharashtra,496,Solapur,-,-,-,-,-,-,-,-,-,18.07402000,75.12002000,08-02-2024 16:00,0,0,0,0,0,0,0,0,0,0,0,0,0,0,0,0,0,0,0,0,0,0,0,0,0,0,0,0,0,0,0,0,0,0,0,0,0,0,0,0,0,0,0,0,"","","","","",""
1831,Ujjani Dam_1,Maharashtra SW,27,Maharashtra,496,Solapur,-,-,-,-,-,-,-,-,-,18.07402000,75.12002000,08-02-2024 17:00,0,0,0,0,0,0,0,0,0,0,0,0,0,0,0,0,0,0,0,0,0,0,0,0,0,0,0,0,0,0,0,0,0,0,0,0,0,0,0,0,0,0,0,0,"","","","","",""
1832,Ujjani Dam_1,Maharashtra SW,27,Maharashtra,496,Solapur,-,-,-,-,-,-,-,-,-,18.07402000,75.12002000,08-02-2024 19:00,0,0,0,0,0,0,0,0,0,0,0,0,0,0,0,0,0,0,0,0,0,0,0,0,0,0,0,0,0,0,0,0,0,0,0,0,0,0,0,0,0,0,0,0,"","","","","",""
1833,Ujjani Dam_1,Maharashtra SW,27,Maharashtra,496,Solapur,-,-,-,-,-,-,-,-,-,18.07402000,75.12002000,08-02-2024 20:00,0,0,0,0,0,0,0,0,0,0,0,0,0,0,0,0,0,0,0,0,0,0,0,0,0,0,0,0,0,0,0,0,0,0,0,0,0,0,0,0,0,0,0,0,"","","","","",""
1834,Ujjani Dam_1,Maharashtra SW,27,Maharashtra,496,Solapur,-,-,-,-,-,-,-,-,-,18.07402000,75.12002000,08-02-2024 22:00,0,0,0,0,0,0,0,0,0,0,0,0,0,0,0,0,0,0,0,0,0,0,0,0,0,0,0,0,0,0,0,0,0,0,0,0,0,0,0,0,0,0,0,0,"","","","","",""
1835,Ujjani Dam_1,Maharashtra SW,27,Maharashtra,496,Solapur,-,-,-,-,-,-,-,-,-,18.07402000,75.12002000,08-02-2024 23:00,0,0,0,0,0,0,0,0,0,0,0,0,0,0,0,0,0,0,0,0,0,0,0,0,0,0,0,0,0,0,0,0,0,0,0,0,0,0,0,0,0,0,0,0,"","","","","",""
1836,Ujjani Dam_1,Maharashtra SW,27,Maharashtra,496,Solapur,-,-,-,-,-,-,-,-,-,18.07402000,75.12002000,09-02-2024 01:00,0,0,0,0,0,0,0,0,0,0,0,0,0,0,0,0,0,0,0,0,0,0,0,0,0,0,0,0,0,0,0,0,0,0,0,0,0,0,0,0,0,0,0,0,"","","","","",""
1837,Ujjani Dam_1,Maharashtra SW,27,Maharashtra,496,Solapur,-,-,-,-,-,-,-,-,-,18.07402000,75.12002000,09-02-2024 02:00,0,0,0,0,0,0,0,0,0,0,0,0,0,0,0,0,0,0,0,0,0,0,0,0,0,0,0,0,0,0,0,0,0,0,0,0,0,0,0,0,0,0,0,0,"","","","","",""
1838,Ujjani Dam_1,Maharashtra SW,27,Maharashtra,496,Solapur,-,-,-,-,-,-,-,-,-,18.07402000,75.12002000,09-02-2024 04:00,0,0,0,0,0,0,0,0,0,0,0,0,0,0,0,0,0,0,0,0,0,0,0,0,0,0,0,0,0,0,0,0,0,0,0,0,0,0,0,0,0,0,0,0,"","","","","",""
1839,Ujjani Dam_1,Maharashtra SW,27,Maharashtra,496,Solapur,-,-,-,-,-,-,-,-,-,18.07402000,75.12002000,09-02-2024 05:00,0,0,0,0,0,0,0,0,0,0,0,0,0,0,0,0,0,0,0,0,0,0,0,0,0,0,0,0,0,0,0,0,0,0,0,0,0,0,0,0,0,0,0,0,"","","","","",""
1840,Ujjani Dam_1,Maharashtra SW,27,Maharashtra,496,Solapur,-,-,-,-,-,-,-,-,-,18.07402000,75.12002000,09-02-2024 07:00,0,0,0,0,0,0,0,0,0,0,0,0,0,0,0,0,0,0,0,0,0,0,0,0,0,0,0,0,0,0,0,0,0,0,0,0,0,0,0,0,0,0,0,0,"","","","","",""
1841,Ujjani Dam_1,Maharashtra SW,27,Maharashtra,496,Solapur,-,-,-,-,-,-,-,-,-,18.07402000,75.12002000,09-02-2024 08:00,0,0,0,0,0,0,0,0,0,0,0,0,0,0,0,0,0,0,0,0,0,0,0,0,0,0,0,0,0,0,0,0,0,0,0,0,0,0,0,0,0,0,0,0,"","","","","",""
1842,Ujjani Dam_1,Maharashtra SW,27,Maharashtra,496,Solapur,-,-,-,-,-,-,-,-,-,18.07402000,75.12002000,09-02-2024 09:00,0,0,0,0,0,0,0,0,0,0,0,0,0,0,0,0,0,0,0,0,0,0,0,0,0,0,0,0,0,0,0,0,0,0,0,0,0,0,0,0,0,0,0,0,"","","","","",""
1843,Ujjani Dam_1,Maharashtra SW,27,Maharashtra,496,Solapur,-,-,-,-,-,-,-,-,-,18.07402000,75.12002000,09-02-2024 11:00,0,0,0,0,0,0,0,0,0,0,0,0,0,0,0,0,0,0,0,0,0,0,0,0,0,0,0,0,0,0,0,0,0,0,0,0,0,0,0,0,0,0,0,0,"","","","","",""
1844,Ujjani Dam_1,Maharashtra SW,27,Maharashtra,496,Solapur,-,-,-,-,-,-,-,-,-,18.07402000,75.12002000,09-02-2024 12:00,0,0,0,0,0,0,0,0,0,0,0,0,0,0,0,0,0,0,0,0,0,0,0,0,0,0,0,0,0,0,0,0,0,0,0,0,0,0,0,0,0,0,0,0,"","","","","",""
1845,Ujjani Dam_1,Maharashtra SW,27,Maharashtra,496,Solapur,-,-,-,-,-,-,-,-,-,18.07402000,75.12002000,09-02-2024 14:00,0,0,0,0,0,0,0,0,0,0,0,0,0,0,0,0,0,0,0,0,0,0,0,0,0,0,0,0,0,0,0,0,0,0,0,0,0,0,0,0,0,0,0,0,"","","","","",""
1846,Ujjani Dam_1,Maharashtra SW,27,Maharashtra,496,Solapur,-,-,-,-,-,-,-,-,-,18.07402000,75.12002000,09-02-2024 15:00,0,0,0,0,0,0,0,0,0,0,0,0,0,0,0,0,0,0,0,0,0,0,0,0,0,0,0,0,0,0,0,0,0,0,0,0,0,0,0,0,0,0,0,0,"","","","","",""
1847,Ujjani Dam_1,Maharashtra SW,27,Maharashtra,496,Solapur,-,-,-,-,-,-,-,-,-,18.07402000,75.12002000,09-02-2024 17:00,0,0,0,0,0,0,0,0,0,0,0,0,0,0,0,0,0,0,0,0,0,0,0,0,0,0,0,0,0,0,0,0,0,0,0,0,0,0,0,0,0,0,0,0,"","","","","",""
1848,Ujjani Dam_1,Maharashtra SW,27,Maharashtra,496,Solapur,-,-,-,-,-,-,-,-,-,18.07402000,75.12002000,09-02-2024 18:00,0,0,0,0,0,0,0,0,0,0,0,0,0,0,0,0,0,0,0,0,0,0,0,0,0,0,0,0,0,0,0,0,0,0,0,0,0,0,0,0,0,0,0,0,"","","","","",""
1849,Ujjani Dam_1,Maharashtra SW,27,Maharashtra,496,Solapur,-,-,-,-,-,-,-,-,-,18.07402000,75.12002000,09-02-2024 20:00,0,0,0,0,0,0,0,0,0,0,0,0,0,0,0,0,0,0,0,0,0,0,0,0,0,0,0,0,0,0,0,0,0,0,0,0,0,0,0,0,0,0,0,0,"","","","","",""
1850,Ujjani Dam_1,Maharashtra SW,27,Maharashtra,496,Solapur,-,-,-,-,-,-,-,-,-,18.07402000,75.12002000,09-02-2024 21:00,0,0,0,0,0,0,0,0,0,0,0,0,0,0,0,0,0,0,0,0,0,0,0,0,0,0,0,0,0,0,0,0,0,0,0,0,0,0,0,0,0,0,0,0,"","","","","",""
1851,Ujjani Dam_1,Maharashtra SW,27,Maharashtra,496,Solapur,-,-,-,-,-,-,-,-,-,18.07402000,75.12002000,09-02-2024 23:00,0,0,0,0,0,0,0,0,0,0,0,0,0,0,0,0,0,0,0,0,0,0,0,0,0,0,0,0,0,0,0,0,0,0,0,0,0,0,0,0,0,0,0,0,"","","","","",""
1852,Ujjani Dam_1,Maharashtra SW,27,Maharashtra,496,Solapur,-,-,-,-,-,-,-,-,-,18.07402000,75.12002000,10-02-2024 00:00,0,0,0,0,0,0,0,0,0,0,0,0,0,0,0,0,0,0,0,0,0,0,0,0,0,0,0,0,0,0,0,0,0,0,0,0,0,0,0,0,0,0,0,0,"","","","","",""
1853,Ujjani Dam_1,Maharashtra SW,27,Maharashtra,496,Solapur,-,-,-,-,-,-,-,-,-,18.07402000,75.12002000,10-02-2024 02:00,0,0,0,0,0,0,0,0,0,0,0,0,0,0,0,0,0,0,0,0,0,0,0,0,0,0,0,0,0,0,0,0,0,0,0,0,0,0,0,0,0,0,0,0,"","","","","",""
1854,Ujjani Dam_1,Maharashtra SW,27,Maharashtra,496,Solapur,-,-,-,-,-,-,-,-,-,18.07402000,75.12002000,10-02-2024 03:00,0,0,0,0,0,0,0,0,0,0,0,0,0,0,0,0,0,0,0,0,0,0,0,0,0,0,0,0,0,0,0,0,0,0,0,0,0,0,0,0,0,0,0,0,"","","","","",""
1855,Ujjani Dam_1,Maharashtra SW,27,Maharashtra,496,Solapur,-,-,-,-,-,-,-,-,-,18.07402000,75.12002000,10-02-2024 05:00,0,0,0,0,0,0,0,0,0,0,0,0,0,0,0,0,0,0,0,0,0,0,0,0,0,0,0,0,0,0,0,0,0,0,0,0,0,0,0,0,0,0,0,0,"","","","","",""
1856,Ujjani Dam_1,Maharashtra SW,27,Maharashtra,496,Solapur,-,-,-,-,-,-,-,-,-,18.07402000,75.12002000,10-02-2024 14:00,0,0,0,0,0,0,0,0,0,0,0,0,0,0,0,0,0,0,0,0,0,0,0,0,0,0,0,0,0,0,0,0,0,0,0,0,0,0,0,0,0,0,0,0,"","","","","",""
1857,Ujjani Dam_1,Maharashtra SW,27,Maharashtra,496,Solapur,-,-,-,-,-,-,-,-,-,18.07402000,75.12002000,10-02-2024 15:00,0,0,0,0,0,0,0,0,0,0,0,0,0,0,0,0,0,0,0,0,0,0,0,0,0,0,0,0,0,0,0,0,0,0,0,0,0,0,0,0,0,0,0,0,"","","","","",""
1858,Ujjani Dam_1,Maharashtra SW,27,Maharashtra,496,Solapur,-,-,-,-,-,-,-,-,-,18.07402000,75.12002000,10-02-2024 17:00,0,0,0,0,0,0,0,0,0,0,0,0,0,0,0,0,0,0,0,0,0,0,0,0,0,0,0,0,0,0,0,0,0,0,0,0,0,0,0,0,0,0,0,0,"","","","","",""
1859,Ujjani Dam_1,Maharashtra SW,27,Maharashtra,496,Solapur,-,-,-,-,-,-,-,-,-,18.07402000,75.12002000,10-02-2024 18:00,0,0,0,0,0,0,0,0,0,0,0,0,0,0,0,0,0,0,0,0,0,0,0,0,0,0,0,0,0,0,0,0,0,0,0,0,0,0,0,0,0,0,0,0,"","","","","",""
1860,Ujjani Dam_1,Maharashtra SW,27,Maharashtra,496,Solapur,-,-,-,-,-,-,-,-,-,18.07402000,75.12002000,10-02-2024 20:00,0,0,0,0,0,0,0,0,0,0,0,0,0,0,0,0,0,0,0,0,0,0,0,0,0,0,0,0,0,0,0,0,0,0,0,0,0,0,0,0,0,0,0,0,"","","","","",""
1861,Ujjani Dam_1,Maharashtra SW,27,Maharashtra,496,Solapur,-,-,-,-,-,-,-,-,-,18.07402000,75.12002000,10-02-2024 21:00,0,0,0,0,0,0,0,0,0,0,0,0,0,0,0,0,0,0,0,0,0,0,0,0,0,0,0,0,0,0,0,0,0,0,0,0,0,0,0,0,0,0,0,0,"","","","","",""
1862,Ujjani Dam_1,Maharashtra SW,27,Maharashtra,496,Solapur,-,-,-,-,-,-,-,-,-,18.07402000,75.12002000,10-02-2024 23:00,0,0,0,0,0,0,0,0,0,0,0,0,0,0,0,0,0,0,0,0,0,0,0,0,0,0,0,0,0,0,0,0,0,0,0,0,0,0,0,0,0,0,0,0,"","","","","",""
1863,Ujjani Dam_1,Maharashtra SW,27,Maharashtra,496,Solapur,-,-,-,-,-,-,-,-,-,18.07402000,75.12002000,11-02-2024 00:00,0,0,0,0,0,0,0,0,0,0,0,0,0,0,0,0,0,0,0,0,0,0,0,0,0,0,0,0,0,0,0,0,0,0,0,0,0,0,0,0,0,0,0,0,"","","","","",""
1864,Ujjani Dam_1,Maharashtra SW,27,Maharashtra,496,Solapur,-,-,-,-,-,-,-,-,-,18.07402000,75.12002000,11-02-2024 02:00,0,0,0,0,0,0,0,0,0,0,0,0,0,0,0,0,0,0,0,0,0,0,0,0,0,0,0,0,0,0,0,0,0,0,0,0,0,0,0,0,0,0,0,0,"","","","","",""
1865,Ujjani Dam_1,Maharashtra SW,27,Maharashtra,496,Solapur,-,-,-,-,-,-,-,-,-,18.07402000,75.12002000,11-02-2024 03:00,0,0,0,0,0,0,0,0,0,0,0,0,0,0,0,0,0,0,0,0,0,0,0,0,0,0,0,0,0,0,0,0,0,0,0,0,0,0,0,0,0,0,0,0,"","","","","",""
1866,Ujjani Dam_1,Maharashtra SW,27,Maharashtra,496,Solapur,-,-,-,-,-,-,-,-,-,18.07402000,75.12002000,11-02-2024 05:00,0,0,0,0,0,0,0,0,0,0,0,0,0,0,0,0,0,0,0,0,0,0,0,0,0,0,0,0,0,0,0,0,0,0,0,0,0,0,0,0,0,0,0,0,"","","","","",""
1867,Ujjani Dam_1,Maharashtra SW,27,Maharashtra,496,Solapur,-,-,-,-,-,-,-,-,-,18.07402000,75.12002000,11-02-2024 06:00,0,0,0,0,0,0,0,0,0,0,0,0,0,0,0,0,0,0,0,0,0,0,0,0,0,0,0,0,0,0,0,0,0,0,0,0,0,0,0,0,0,0,0,0,"","","","","",""
1868,Ujjani Dam_1,Maharashtra SW,27,Maharashtra,496,Solapur,-,-,-,-,-,-,-,-,-,18.07402000,75.12002000,11-02-2024 08:00,0,0,0,0,0,0,0,0,0,0,0,0,0,0,0,0,0,0,0,0,0,0,0,0,0,0,0,0,0,0,0,0,0,0,0,0,0,0,0,0,0,0,0,0,"","","","","",""
1869,Ujjani Dam_1,Maharashtra SW,27,Maharashtra,496,Solapur,-,-,-,-,-,-,-,-,-,18.07402000,75.12002000,11-02-2024 09:00,0,0,0,0,0,0,0,0,0,0,0,0,0,0,0,0,0,0,0,0,0,0,0,0,0,0,0,0,0,0,0,0,0,0,0,0,0,0,0,0,0,0,0,0,"","","","","",""
1870,Ujjani Dam_1,Maharashtra SW,27,Maharashtra,496,Solapur,-,-,-,-,-,-,-,-,-,18.07402000,75.12002000,11-02-2024 11:00,0,0,0,0,0,0,0,0,0,0,0,0,0,0,0,0,0,0,0,0,0,0,0,0,0,0,0,0,0,0,0,0,0,0,0,0,0,0,0,0,0,0,0,0,"","","","","",""
1871,Ujjani Dam_1,Maharashtra SW,27,Maharashtra,496,Solapur,-,-,-,-,-,-,-,-,-,18.07402000,75.12002000,11-02-2024 12:00,0,0,0,0,0,0,0,0,0,0,0,0,0,0,0,0,0,0,0,0,0,0,0,0,0,0,0,0,0,0,0,0,0,0,0,0,0,0,0,0,0,0,0,0,"","","","","",""
1872,Ujjani Dam_1,Maharashtra SW,27,Maharashtra,496,Solapur,-,-,-,-,-,-,-,-,-,18.07402000,75.12002000,11-02-2024 13:00,0,0,0,0,0,0,0,0,0,0,0,0,0,0,0,0,0,0,0,0,0,0,0,0,0,0,0,0,0,0,0,0,0,0,0,0,0,0,0,0,0,0,0,0,"","","","","",""
1873,Ujjani Dam_1,Maharashtra SW,27,Maharashtra,496,Solapur,-,-,-,-,-,-,-,-,-,18.07402000,75.12002000,11-02-2024 15:00,0,0,0,0,0,0,0,0,0,0,0,0,0,0,0,0,0,0,0,0,0,0,0,0,0,0,0,0,0,0,0,0,0,0,0,0,0,0,0,0,0,0,0,0,"","","","","",""
1874,Ujjani Dam_1,Maharashtra SW,27,Maharashtra,496,Solapur,-,-,-,-,-,-,-,-,-,18.07402000,75.12002000,11-02-2024 16:00,0,0,0,0,0,0,0,0,0,0,0,0,0,0,0,0,0,0,0,0,0,0,0,0,0,0,0,0,0,0,0,0,0,0,0,0,0,0,0,0,0,0,0,0,"","","","","",""
1875,Ujjani Dam_1,Maharashtra SW,27,Maharashtra,496,Solapur,-,-,-,-,-,-,-,-,-,18.07402000,75.12002000,11-02-2024 18:00,0,0,0,0,0,0,0,0,0,0,0,0,0,0,0,0,0,0,0,0,0,0,0,0,0,0,0,0,0,0,0,0,0,0,0,0,0,0,0,0,0,0,0,0,"","","","","",""
1876,Ujjani Dam_1,Maharashtra SW,27,Maharashtra,496,Solapur,-,-,-,-,-,-,-,-,-,18.07402000,75.12002000,11-02-2024 20:00,0,0,0,0,0,0,0,0,0,0,0,0,0,0,0,0,0,0,0,0,0,0,0,0,0,0,0,0,0,0,0,0,0,0,0,0,0,0,0,0,0,0,0,0,"","","","","",""
1877,Ujjani Dam_1,Maharashtra SW,27,Maharashtra,496,Solapur,-,-,-,-,-,-,-,-,-,18.07402000,75.12002000,11-02-2024 21:00,0,0,0,0,0,0,0,0,0,0,0,0,0,0,0,0,0,0,0,0,0,0,0,0,0,0,0,0,0,0,0,0,0,0,0,0,0,0,0,0,0,0,0,0,"","","","","",""
1878,Ujjani Dam_1,Maharashtra SW,27,Maharashtra,496,Solapur,-,-,-,-,-,-,-,-,-,18.07402000,75.12002000,11-02-2024 22:00,0,0,0,0,0,0,0,0,0,0,0,0,0,0,0,0,0,0,0,0,0,0,0,0,0,0,0,0,0,0,0,0,0,0,0,0,0,0,0,0,0,0,0,0,"","","","","",""
1879,Ujjani Dam_1,Maharashtra SW,27,Maharashtra,496,Solapur,-,-,-,-,-,-,-,-,-,18.07402000,75.12002000,12-02-2024 00:00,0,0,0,0,0,0,0,0,0,0,0,0,0,0,0,0,0,0,0,0,0,0,0,0,0,0,0,0,0,0,0,0,0,0,0,0,0,0,0,0,0,0,0,0,"","","","","",""
1880,Ujjani Dam_1,Maharashtra SW,27,Maharashtra,496,Solapur,-,-,-,-,-,-,-,-,-,18.07402000,75.12002000,12-02-2024 01:00,0,0,0,0,0,0,0,0,0,0,0,0,0,0,0,0,0,0,0,0,0,0,0,0,0,0,0,0,0,0,0,0,0,0,0,0,0,0,0,0,0,0,0,0,"","","","","",""
1881,Ujjani Dam_1,Maharashtra SW,27,Maharashtra,496,Solapur,-,-,-,-,-,-,-,-,-,18.07402000,75.12002000,12-02-2024 03:00,0,0,0,0,0,0,0,0,0,0,0,0,0,0,0,0,0,0,0,0,0,0,0,0,0,0,0,0,0,0,0,0,0,0,0,0,0,0,0,0,0,0,0,0,"","","","","",""
1882,Ujjani Dam_1,Maharashtra SW,27,Maharashtra,496,Solapur,-,-,-,-,-,-,-,-,-,18.07402000,75.12002000,12-02-2024 04:00,0,0,0,0,0,0,0,0,0,0,0,0,0,0,0,0,0,0,0,0,0,0,0,0,0,0,0,0,0,0,0,0,0,0,0,0,0,0,0,0,0,0,0,0,"","","","","",""
1883,Ujjani Dam_1,Maharashtra SW,27,Maharashtra,496,Solapur,-,-,-,-,-,-,-,-,-,18.07402000,75.12002000,12-02-2024 06:00,0,0,0,0,0,0,0,0,0,0,0,0,0,0,0,0,0,0,0,0,0,0,0,0,0,0,0,0,0,0,0,0,0,0,0,0,0,0,0,0,0,0,0,0,"","","","","",""
1884,Ujjani Dam_1,Maharashtra SW,27,Maharashtra,496,Solapur,-,-,-,-,-,-,-,-,-,18.07402000,75.12002000,12-02-2024 07:00,0,0,0,0,0,0,0,0,0,0,0,0,0,0,0,0,0,0,0,0,0,0,0,0,0,0,0,0,0,0,0,0,0,0,0,0,0,0,0,0,0,0,0,0,"","","","","",""
1885,Ujjani Dam_1,Maharashtra SW,27,Maharashtra,496,Solapur,-,-,-,-,-,-,-,-,-,18.07402000,75.12002000,12-02-2024 09:00,0,0,0,0,0,0,0,0,0,0,0,0,0,0,0,0,0,0,0,0,0,0,0,0,0,0,0,0,0,0,0,0,0,0,0,0,0,0,0,0,0,0,0,0,"","","","","",""
1886,Ujjani Dam_1,Maharashtra SW,27,Maharashtra,496,Solapur,-,-,-,-,-,-,-,-,-,18.07402000,75.12002000,12-02-2024 10:00,0,0,0,0,0,0,0,0,0,0,0,0,0,0,0,0,0,0,0,0,0,0,0,0,0,0,0,0,0,0,0,0,0,0,0,0,0,0,0,0,0,0,0,0,"","","","","",""
1887,Ujjani Dam_1,Maharashtra SW,27,Maharashtra,496,Solapur,-,-,-,-,-,-,-,-,-,18.07402000,75.12002000,12-02-2024 12:00,0,0,0,0,0,0,0,0,0,0,0,0,0,0,0,0,0,0,0,0,0,0,0,0,0,0,0,0,0,0,0,0,0,0,0,0,0,0,0,0,0,0,0,0,"","","","","",""
1888,Ujjani Dam_1,Maharashtra SW,27,Maharashtra,496,Solapur,-,-,-,-,-,-,-,-,-,18.07402000,75.12002000,12-02-2024 13:00,0,0,0,0,0,0,0,0,0,0,0,0,0,0,0,0,0,0,0,0,0,0,0,0,0,0,0,0,0,0,0,0,0,0,0,0,0,0,0,0,0,0,0,0,"","","","","",""
1889,Ujjani Dam_1,Maharashtra SW,27,Maharashtra,496,Solapur,-,-,-,-,-,-,-,-,-,18.07402000,75.12002000,12-02-2024 14:00,0,0,0,0,0,0,0,0,0,0,0,0,0,0,0,0,0,0,0,0,0,0,0,0,0,0,0,0,0,0,0,0,0,0,0,0,0,0,0,0,0,0,0,0,"","","","","",""
1890,Ujjani Dam_1,Maharashtra SW,27,Maharashtra,496,Solapur,-,-,-,-,-,-,-,-,-,18.07402000,75.12002000,12-02-2024 16:00,0,0,0,0,0,0,0,0,0,0,0,0,0,0,0,0,0,0,0,0,0,0,0,0,0,0,0,0,0,0,0,0,0,0,0,0,0,0,0,0,0,0,0,0,"","","","","",""
1891,Ujjani Dam_1,Maharashtra SW,27,Maharashtra,496,Solapur,-,-,-,-,-,-,-,-,-,18.07402000,75.12002000,12-02-2024 17:00,0,0,0,0,0,0,0,0,0,0,0,0,0,0,0,0,0,0,0,0,0,0,0,0,0,0,0,0,0,0,0,0,0,0,0,0,0,0,0,0,0,0,0,0,"","","","","",""
1892,Ujjani Dam_1,Maharashtra SW,27,Maharashtra,496,Solapur,-,-,-,-,-,-,-,-,-,18.07402000,75.12002000,12-02-2024 19:00,0,0,0,0,0,0,0,0,0,0,0,0,0,0,0,0,0,0,0,0,0,0,0,0,0,0,0,0,0,0,0,0,0,0,0,0,0,0,0,0,0,0,0,0,"","","","","",""
1893,Ujjani Dam_1,Maharashtra SW,27,Maharashtra,496,Solapur,-,-,-,-,-,-,-,-,-,18.07402000,75.12002000,12-02-2024 20:00,0,0,0,0,0,0,0,0,0,0,0,0,0,0,0,0,0,0,0,0,0,0,0,0,0,0,0,0,0,0,0,0,0,0,0,0,0,0,0,0,0,0,0,0,"","","","","",""
1894,Ujjani Dam_1,Maharashtra SW,27,Maharashtra,496,Solapur,-,-,-,-,-,-,-,-,-,18.07402000,75.12002000,12-02-2024 22:00,0,0,0,0,0,0,0,0,0,0,0,0,0,0,0,0,0,0,0,0,0,0,0,0,0,0,0,0,0,0,0,0,0,0,0,0,0,0,0,0,0,0,0,0,"","","","","",""
1895,Ujjani Dam_1,Maharashtra SW,27,Maharashtra,496,Solapur,-,-,-,-,-,-,-,-,-,18.07402000,75.12002000,12-02-2024 23:00,0,0,0,0,0,0,0,0,0,0,0,0,0,0,0,0,0,0,0,0,0,0,0,0,0,0,0,0,0,0,0,0,0,0,0,0,0,0,0,0,0,0,0,0,"","","","","",""
1896,Ujjani Dam_1,Maharashtra SW,27,Maharashtra,496,Solapur,-,-,-,-,-,-,-,-,-,18.07402000,75.12002000,13-02-2024 01:00,0,0,0,0,0,0,0,0,0,0,0,0,0,0,0,0,0,0,0,0,0,0,0,0,0,0,0,0,0,0,0,0,0,0,0,0,0,0,0,0,0,0,0,0,"","","","","",""
1897,Ujjani Dam_1,Maharashtra SW,27,Maharashtra,496,Solapur,-,-,-,-,-,-,-,-,-,18.07402000,75.12002000,13-02-2024 02:00,0,0,0,0,0,0,0,0,0,0,0,0,0,0,0,0,0,0,0,0,0,0,0,0,0,0,0,0,0,0,0,0,0,0,0,0,0,0,0,0,0,0,0,0,"","","","","",""
1898,Ujjani Dam_1,Maharashtra SW,27,Maharashtra,496,Solapur,-,-,-,-,-,-,-,-,-,18.07402000,75.12002000,13-02-2024 04:00,0,0,0,0,0,0,0,0,0,0,0,0,0,0,0,0,0,0,0,0,0,0,0,0,0,0,0,0,0,0,0,0,0,0,0,0,0,0,0,0,0,0,0,0,"","","","","",""
1899,Ujjani Dam_1,Maharashtra SW,27,Maharashtra,496,Solapur,-,-,-,-,-,-,-,-,-,18.07402000,75.12002000,13-02-2024 05:00,0,0,0,0,0,0,0,0,0,0,0,0,0,0,0,0,0,0,0,0,0,0,0,0,0,0,0,0,0,0,0,0,0,0,0,0,0,0,0,0,0,0,0,0,"","","","","",""
1900,Ujjani Dam_1,Maharashtra SW,27,Maharashtra,496,Solapur,-,-,-,-,-,-,-,-,-,18.07402000,75.12002000,13-02-2024 07:00,0,0,0,0,0,0,0,0,0,0,0,0,0,0,0,0,0,0,0,0,0,0,0,0,0,0,0,0,0,0,0,0,0,0,0,0,0,0,0,0,0,0,0,0,"","","","","",""
1901,Ujjani Dam_1,Maharashtra SW,27,Maharashtra,496,Solapur,-,-,-,-,-,-,-,-,-,18.07402000,75.12002000,13-02-2024 08:00,0,0,0,0,0,0,0,0,0,0,0,0,0,0,0,0,0,0,0,0,0,0,0,0,0,0,0,0,0,0,0,0,0,0,0,0,0,0,0,0,0,0,0,0,"","","","","",""
1902,Ujjani Dam_1,Maharashtra SW,27,Maharashtra,496,Solapur,-,-,-,-,-,-,-,-,-,18.07402000,75.12002000,13-02-2024 10:00,0,0,0,0,0,0,0,0,0,0,0,0,0,0,0,0,0,0,0,0,0,0,0,0,0,0,0,0,0,0,0,0,0,0,0,0,0,0,0,0,0,0,0,0,"","","","","",""
1903,Ujjani Dam_1,Maharashtra SW,27,Maharashtra,496,Solapur,-,-,-,-,-,-,-,-,-,18.07402000,75.12002000,13-02-2024 11:00,0,0,0,0,0,0,0,0,0,0,0,0,0,0,0,0,0,0,0,0,0,0,0,0,0,0,0,0,0,0,0,0,0,0,0,0,0,0,0,0,0,0,0,0,"","","","","",""
1904,Ujjani Dam_1,Maharashtra SW,27,Maharashtra,496,Solapur,-,-,-,-,-,-,-,-,-,18.07402000,75.12002000,13-02-2024 13:00,0,0,0,0,0,0,0,0,0,0,0,0,0,0,0,0,0,0,0,0,0,0,0,0,0,0,0,0,0,0,0,0,0,0,0,0,0,0,0,0,0,0,0,0,"","","","","",""
1905,Ujjani Dam_1,Maharashtra SW,27,Maharashtra,496,Solapur,-,-,-,-,-,-,-,-,-,18.07402000,75.12002000,13-02-2024 14:00,0,0,0,0,0,0,0,0,0,0,0,0,0,0,0,0,0,0,0,0,0,0,0,0,0,0,0,0,0,0,0,0,0,0,0,0,0,0,0,0,0,0,0,0,"","","","","",""
1906,Ujjani Dam_1,Maharashtra SW,27,Maharashtra,496,Solapur,-,-,-,-,-,-,-,-,-,18.07402000,75.12002000,13-02-2024 16:00,0,0,0,0,0,0,0,0,0,0,0,0,0,0,0,0,0,0,0,0,0,0,0,0,0,0,0,0,0,0,0,0,0,0,0,0,0,0,0,0,0,0,0,0,"","","","","",""
1907,Ujjani Dam_1,Maharashtra SW,27,Maharashtra,496,Solapur,-,-,-,-,-,-,-,-,-,18.07402000,75.12002000,13-02-2024 17:00,0,0,0,0,0,0,0,0,0,0,0,0,0,0,0,0,0,0,0,0,0,0,0,0,0,0,0,0,0,0,0,0,0,0,0,0,0,0,0,0,0,0,0,0,"","","","","",""
1908,Ujjani Dam_1,Maharashtra SW,27,Maharashtra,496,Solapur,-,-,-,-,-,-,-,-,-,18.07402000,75.12002000,13-02-2024 18:00,0,0,0,0,0,0,0,0,0,0,0,0,0,0,0,0,0,0,0,0,0,0,0,0,0,0,0,0,0,0,0,0,0,0,0,0,0,0,0,0,0,0,0,0,"","","","","",""
1909,Ujjani Dam_1,Maharashtra SW,27,Maharashtra,496,Solapur,-,-,-,-,-,-,-,-,-,18.07402000,75.12002000,13-02-2024 20:00,0,0,0,0,0,0,0,0,0,0,0,0,0,0,0,0,0,0,0,0,0,0,0,0,0,0,0,0,0,0,0,0,0,0,0,0,0,0,0,0,0,0,0,0,"","","","","",""
1910,Ujjani Dam_1,Maharashtra SW,27,Maharashtra,496,Solapur,-,-,-,-,-,-,-,-,-,18.07402000,75.12002000,13-02-2024 21:00,0,0,0,0,0,0,0,0,0,0,0,0,0,0,0,0,0,0,0,0,0,0,0,0,0,0,0,0,0,0,0,0,0,0,0,0,0,0,0,0,0,0,0,0,"","","","","",""
1911,Ujjani Dam_1,Maharashtra SW,27,Maharashtra,496,Solapur,-,-,-,-,-,-,-,-,-,18.07402000,75.12002000,13-02-2024 23:00,0,0,0,0,0,0,0,0,0,0,0,0,0,0,0,0,0,0,0,0,0,0,0,0,0,0,0,0,0,0,0,0,0,0,0,0,0,0,0,0,0,0,0,0,"","","","","",""
1912,Ujjani Dam_1,Maharashtra SW,27,Maharashtra,496,Solapur,-,-,-,-,-,-,-,-,-,18.07402000,75.12002000,14-02-2024 00:00,0,0,0,0,0,0,0,0,0,0,0,0,0,0,0,0,0,0,0,0,0,0,0,0,0,0,0,0,0,0,0,0,0,0,0,0,0,0,0,0,0,0,0,0,"","","","","",""
1913,Ujjani Dam_1,Maharashtra SW,27,Maharashtra,496,Solapur,-,-,-,-,-,-,-,-,-,18.07402000,75.12002000,14-02-2024 02:00,0,0,0,0,0,0,0,0,0,0,0,0,0,0,0,0,0,0,0,0,0,0,0,0,0,0,0,0,0,0,0,0,0,0,0,0,0,0,0,0,0,0,0,0,"","","","","",""
1914,Ujjani Dam_1,Maharashtra SW,27,Maharashtra,496,Solapur,-,-,-,-,-,-,-,-,-,18.07402000,75.12002000,14-02-2024 03:00,0,0,0,0,0,0,0,0,0,0,0,0,0,0,0,0,0,0,0,0,0,0,0,0,0,0,0,0,0,0,0,0,0,0,0,0,0,0,0,0,0,0,0,0,"","","","","",""
1915,Ujjani Dam_1,Maharashtra SW,27,Maharashtra,496,Solapur,-,-,-,-,-,-,-,-,-,18.07402000,75.12002000,14-02-2024 05:00,0,0,0,0,0,0,0,0,0,0,0,0,0,0,0,0,0,0,0,0,0,0,0,0,0,0,0,0,0,0,0,0,0,0,0,0,0,0,0,0,0,0,0,0,"","","","","",""
1916,Ujjani Dam_1,Maharashtra SW,27,Maharashtra,496,Solapur,-,-,-,-,-,-,-,-,-,18.07402000,75.12002000,14-02-2024 06:00,0,0,0,0,0,0,0,0,0,0,0,0,0,0,0,0,0,0,0,0,0,0,0,0,0,0,0,0,0,0,0,0,0,0,0,0,0,0,0,0,0,0,0,0,"","","","","",""
1917,Ujjani Dam_1,Maharashtra SW,27,Maharashtra,496,Solapur,-,-,-,-,-,-,-,-,-,18.07402000,75.12002000,14-02-2024 08:00,0,0,0,0,0,0,0,0,0,0,0,0,0,0,0,0,0,0,0,0,0,0,0,0,0,0,0,0,0,0,0,0,0,0,0,0,0,0,0,0,0,0,0,0,"","","","","",""
1918,Ujjani Dam_1,Maharashtra SW,27,Maharashtra,496,Solapur,-,-,-,-,-,-,-,-,-,18.07402000,75.12002000,14-02-2024 09:00,0,0,0,0,0,0,0,0,0,0,0,0,0,0,0,0,0,0,0,0,0,0,0,0,0,0,0,0,0,0,0,0,0,0,0,0,0,0,0,0,0,0,0,0,"","","","","",""
1919,Ujjani Dam_1,Maharashtra SW,27,Maharashtra,496,Solapur,-,-,-,-,-,-,-,-,-,18.07402000,75.12002000,14-02-2024 11:00,0,0,0,0,0,0,0,0,0,0,0,0,0,0,0,0,0,0,0,0,0,0,0,0,0,0,0,0,0,0,0,0,0,0,0,0,0,0,0,0,0,0,0,0,"","","","","",""
1920,Ujjani Dam_1,Maharashtra SW,27,Maharashtra,496,Solapur,-,-,-,-,-,-,-,-,-,18.07402000,75.12002000,14-02-2024 12:00,0,0,0,0,0,0,0,0,0,0,0,0,0,0,0,0,0,0,0,0,0,0,0,0,0,0,0,0,0,0,0,0,0,0,0,0,0,0,0,0,0,0,0,0,"","","","","",""
1921,Ujjani Dam_1,Maharashtra SW,27,Maharashtra,496,Solapur,-,-,-,-,-,-,-,-,-,18.07402000,75.12002000,14-02-2024 14:00,0,0,0,0,0,0,0,0,0,0,0,0,0,0,0,0,0,0,0,0,0,0,0,0,0,0,0,0,0,0,0,0,0,0,0,0,0,0,0,0,0,0,0,0,"","","","","",""
1922,Ujjani Dam_1,Maharashtra SW,27,Maharashtra,496,Solapur,-,-,-,-,-,-,-,-,-,18.07402000,75.12002000,14-02-2024 15:00,0,0,0,0,0,0,0,0,0,0,0,0,0,0,0,0,0,0,0,0,0,0,0,0,0,0,0,0,0,0,0,0,0,0,0,0,0,0,0,0,0,0,0,0,"","","","","",""
1923,Ujjani Dam_1,Maharashtra SW,27,Maharashtra,496,Solapur,-,-,-,-,-,-,-,-,-,18.07402000,75.12002000,14-02-2024 16:00,0,0,0,0,0,0,0,0,0,0,0,0,0,0,0,0,0,0,0,0,0,0,0,0,0,0,0,0,0,0,0,0,0,0,0,0,0,0,0,0,0,0,0,0,"","","","","",""
1924,Ujjani Dam_1,Maharashtra SW,27,Maharashtra,496,Solapur,-,-,-,-,-,-,-,-,-,18.07402000,75.12002000,15-02-2024 00:00,0,0,0,0,0,0,0,0,0,0,0,0,0,0,0,0,0,0,0,0,0,0,0,0,0,0,0,0,0,0,0,0,0,0,0,0,0,0,0,0,0,0,0,0,"","","","","",""
1925,Ujjani Dam_1,Maharashtra SW,27,Maharashtra,496,Solapur,-,-,-,-,-,-,-,-,-,18.07402000,75.12002000,15-02-2024 02:00,0,0,0,0,0,0,0,0,0,0,0,0,0,0,0,0,0,0,0,0,0,0,0,0,0,0,0,0,0,0,0,0,0,0,0,0,0,0,0,0,0,0,0,0,"","","","","",""
1926,Ujjani Dam_1,Maharashtra SW,27,Maharashtra,496,Solapur,-,-,-,-,-,-,-,-,-,18.07402000,75.12002000,15-02-2024 03:00,0,0,0,0,0,0,0,0,0,0,0,0,0,0,0,0,0,0,0,0,0,0,0,0,0,0,0,0,0,0,0,0,0,0,0,0,0,0,0,0,0,0,0,0,"","","","","",""
1927,Ujjani Dam_1,Maharashtra SW,27,Maharashtra,496,Solapur,-,-,-,-,-,-,-,-,-,18.07402000,75.12002000,15-02-2024 04:00,0,0,0,0,0,0,0,0,0,0,0,0,0,0,0,0,0,0,0,0,0,0,0,0,0,0,0,0,0,0,0,0,0,0,0,0,0,0,0,0,0,0,0,0,"","","","","",""
1928,Ujjani Dam_1,Maharashtra SW,27,Maharashtra,496,Solapur,-,-,-,-,-,-,-,-,-,18.07402000,75.12002000,15-02-2024 06:00,0,0,0,0,0,0,0,0,0,0,0,0,0,0,0,0,0,0,0,0,0,0,0,0,0,0,0,0,0,0,0,0,0,0,0,0,0,0,0,0,0,0,0,0,"","","","","",""
1929,Ujjani Dam_1,Maharashtra SW,27,Maharashtra,496,Solapur,-,-,-,-,-,-,-,-,-,18.07402000,75.12002000,15-02-2024 07:00,0,0,0,0,0,0,0,0,0,0,0,0,0,0,0,0,0,0,0,0,0,0,0,0,0,0,0,0,0,0,0,0,0,0,0,0,0,0,0,0,0,0,0,0,"","","","","",""
1930,Ujjani Dam_1,Maharashtra SW,27,Maharashtra,496,Solapur,-,-,-,-,-,-,-,-,-,18.07402000,75.12002000,15-02-2024 09:00,0,0,0,0,0,0,0,0,0,0,0,0,0,0,0,0,0,0,0,0,0,0,0,0,0,0,0,0,0,0,0,0,0,0,0,0,0,0,0,0,0,0,0,0,"","","","","",""
1931,Ujjani Dam_1,Maharashtra SW,27,Maharashtra,496,Solapur,-,-,-,-,-,-,-,-,-,18.07402000,75.12002000,15-02-2024 10:00,0,0,0,0,0,0,0,0,0,0,0,0,0,0,0,0,0,0,0,0,0,0,0,0,0,0,0,0,0,0,0,0,0,0,0,0,0,0,0,0,0,0,0,0,"","","","","",""
1932,Ujjani Dam_1,Maharashtra SW,27,Maharashtra,496,Solapur,-,-,-,-,-,-,-,-,-,18.07402000,75.12002000,15-02-2024 12:00,0,0,0,0,0,0,0,0,0,0,0,0,0,0,0,0,0,0,0,0,0,0,0,0,0,0,0,0,0,0,0,0,0,0,0,0,0,0,0,0,0,0,0,0,"","","","","",""
1933,Ujjani Dam_1,Maharashtra SW,27,Maharashtra,496,Solapur,-,-,-,-,-,-,-,-,-,18.07402000,75.12002000,15-02-2024 13:00,0,0,0,0,0,0,0,0,0,0,0,0,0,0,0,0,0,0,0,0,0,0,0,0,0,0,0,0,0,0,0,0,0,0,0,0,0,0,0,0,0,0,0,0,"","","","","",""
1934,Ujjani Dam_1,Maharashtra SW,27,Maharashtra,496,Solapur,-,-,-,-,-,-,-,-,-,18.07402000,75.12002000,15-02-2024 15:00,0,0,0,0,0,0,0,0,0,0,0,0,0,0,0,0,0,0,0,0,0,0,0,0,0,0,0,0,0,0,0,0,0,0,0,0,0,0,0,0,0,0,0,0,"","","","","",""
1935,Ujjani Dam_1,Maharashtra SW,27,Maharashtra,496,Solapur,-,-,-,-,-,-,-,-,-,18.07402000,75.12002000,15-02-2024 16:00,0,0,0,0,0,0,0,0,0,0,0,0,0,0,0,0,0,0,0,0,0,0,0,0,0,0,0,0,0,0,0,0,0,0,0,0,0,0,0,0,0,0,0,0,"","","","","",""
1936,Ujjani Dam_1,Maharashtra SW,27,Maharashtra,496,Solapur,-,-,-,-,-,-,-,-,-,18.07402000,75.12002000,15-02-2024 18:00,0,0,0,0,0,0,0,0,0,0,0,0,0,0,0,0,0,0,0,0,0,0,0,0,0,0,0,0,0,0,0,0,0,0,0,0,0,0,0,0,0,0,0,0,"","","","","",""
1937,Ujjani Dam_1,Maharashtra SW,27,Maharashtra,496,Solapur,-,-,-,-,-,-,-,-,-,18.07402000,75.12002000,15-02-2024 19:00,0,0,0,0,0,0,0,0,0,0,0,0,0,0,0,0,0,0,0,0,0,0,0,0,0,0,0,0,0,0,0,0,0,0,0,0,0,0,0,0,0,0,0,0,"","","","","",""
1938,Ujjani Dam_1,Maharashtra SW,27,Maharashtra,496,Solapur,-,-,-,-,-,-,-,-,-,18.07402000,75.12002000,15-02-2024 21:00,0,0,0,0,0,0,0,0,0,0,0,0,0,0,0,0,0,0,0,0,0,0,0,0,0,0,0,0,0,0,0,0,0,0,0,0,0,0,0,0,0,0,0,0,"","","","","",""
1939,Ujjani Dam_1,Maharashtra SW,27,Maharashtra,496,Solapur,-,-,-,-,-,-,-,-,-,18.07402000,75.12002000,15-02-2024 22:00,0,0,0,0,0,0,0,0,0,0,0,0,0,0,0,0,0,0,0,0,0,0,0,0,0,0,0,0,0,0,0,0,0,0,0,0,0,0,0,0,0,0,0,0,"","","","","",""
1940,Ujjani Dam_1,Maharashtra SW,27,Maharashtra,496,Solapur,-,-,-,-,-,-,-,-,-,18.07402000,75.12002000,16-02-2024 00:00,0,0,0,0,0,0,0,0,0,0,0,0,0,0,0,0,0,0,0,0,0,0,0,0,0,0,0,0,0,0,0,0,0,0,0,0,0,0,0,0,0,0,0,0,"","","","","",""
1941,Ujjani Dam_1,Maharashtra SW,27,Maharashtra,496,Solapur,-,-,-,-,-,-,-,-,-,18.07402000,75.12002000,16-02-2024 01:00,0,0,0,0,0,0,0,0,0,0,0,0,0,0,0,0,0,0,0,0,0,0,0,0,0,0,0,0,0,0,0,0,0,0,0,0,0,0,0,0,0,0,0,0,"","","","","",""
1942,Ujjani Dam_1,Maharashtra SW,27,Maharashtra,496,Solapur,-,-,-,-,-,-,-,-,-,18.07402000,75.12002000,16-02-2024 02:00,0,0,0,0,0,0,0,0,0,0,0,0,0,0,0,0,0,0,0,0,0,0,0,0,0,0,0,0,0,0,0,0,0,0,0,0,0,0,0,0,0,0,0,0,"","","","","",""
1943,Ujjani Dam_1,Maharashtra SW,27,Maharashtra,496,Solapur,-,-,-,-,-,-,-,-,-,18.07402000,75.12002000,16-02-2024 04:00,0,0,0,0,0,0,0,0,0,0,0,0,0,0,0,0,0,0,0,0,0,0,0,0,0,0,0,0,0,0,0,0,0,0,0,0,0,0,0,0,0,0,0,0,"","","","","",""
1944,Ujjani Dam_1,Maharashtra SW,27,Maharashtra,496,Solapur,-,-,-,-,-,-,-,-,-,18.07402000,75.12002000,16-02-2024 05:00,0,0,0,0,0,0,0,0,0,0,0,0,0,0,0,0,0,0,0,0,0,0,0,0,0,0,0,0,0,0,0,0,0,0,0,0,0,0,0,0,0,0,0,0,"","","","","",""
1945,Ujjani Dam_1,Maharashtra SW,27,Maharashtra,496,Solapur,-,-,-,-,-,-,-,-,-,18.07402000,75.12002000,16-02-2024 07:00,0,0,0,0,0,0,0,0,0,0,0,0,0,0,0,0,0,0,0,0,0,0,0,0,0,0,0,0,0,0,0,0,0,0,0,0,0,0,0,0,0,0,0,0,"","","","","",""
1946,Ujjani Dam_1,Maharashtra SW,27,Maharashtra,496,Solapur,-,-,-,-,-,-,-,-,-,18.07402000,75.12002000,16-02-2024 08:00,0,0,0,0,0,0,0,0,0,0,0,0,0,0,0,0,0,0,0,0,0,0,0,0,0,0,0,0,0,0,0,0,0,0,0,0,0,0,0,0,0,0,0,0,"","","","","",""
1947,Ujjani Dam_1,Maharashtra SW,27,Maharashtra,496,Solapur,-,-,-,-,-,-,-,-,-,18.07402000,75.12002000,16-02-2024 10:00,0,0,0,0,0,0,0,0,0,0,0,0,0,0,0,0,0,0,0,0,0,0,0,0,0,0,0,0,0,0,0,0,0,0,0,0,0,0,0,0,0,0,0,0,"","","","","",""
1948,Ujjani Dam_1,Maharashtra SW,27,Maharashtra,496,Solapur,-,-,-,-,-,-,-,-,-,18.07402000,75.12002000,16-02-2024 11:00,0,0,0,0,0,0,0,0,0,0,0,0,0,0,0,0,0,0,0,0,0,0,0,0,0,0,0,0,0,0,0,0,0,0,0,0,0,0,0,0,0,0,0,0,"","","","","",""
1949,Ujjani Dam_1,Maharashtra SW,27,Maharashtra,496,Solapur,-,-,-,-,-,-,-,-,-,18.07402000,75.12002000,16-02-2024 13:00,0,0,0,0,0,0,0,0,0,0,0,0,0,0,0,0,0,0,0,0,0,0,0,0,0,0,0,0,0,0,0,0,0,0,0,0,0,0,0,0,0,0,0,0,"","","","","",""
1950,Ujjani Dam_1,Maharashtra SW,27,Maharashtra,496,Solapur,-,-,-,-,-,-,-,-,-,18.07402000,75.12002000,16-02-2024 14:00,0,0,0,0,0,0,0,0,0,0,0,0,0,0,0,0,0,0,0,0,0,0,0,0,0,0,0,0,0,0,0,0,0,0,0,0,0,0,0,0,0,0,0,0,"","","","","",""
1951,Ujjani Dam_1,Maharashtra SW,27,Maharashtra,496,Solapur,-,-,-,-,-,-,-,-,-,18.07402000,75.12002000,16-02-2024 16:00,0,0,0,0,0,0,0,0,0,0,0,0,0,0,0,0,0,0,0,0,0,0,0,0,0,0,0,0,0,0,0,0,0,0,0,0,0,0,0,0,0,0,0,0,"","","","","",""
1952,Ujjani Dam_1,Maharashtra SW,27,Maharashtra,496,Solapur,-,-,-,-,-,-,-,-,-,18.07402000,75.12002000,16-02-2024 17:00,0,0,0,0,0,0,0,0,0,0,0,0,0,0,0,0,0,0,0,0,0,0,0,0,0,0,0,0,0,0,0,0,0,0,0,0,0,0,0,0,0,0,0,0,"","","","","",""
1953,Ujjani Dam_1,Maharashtra SW,27,Maharashtra,496,Solapur,-,-,-,-,-,-,-,-,-,18.07402000,75.12002000,16-02-2024 19:00,0,0,0,0,0,0,0,0,0,0,0,0,0,0,0,0,0,0,0,0,0,0,0,0,0,0,0,0,0,0,0,0,0,0,0,0,0,0,0,0,0,0,0,0,"","","","","",""
1954,Ujjani Dam_1,Maharashtra SW,27,Maharashtra,496,Solapur,-,-,-,-,-,-,-,-,-,18.07402000,75.12002000,16-02-2024 20:00,0,0,0,0,0,0,0,0,0,0,0,0,0,0,0,0,0,0,0,0,0,0,0,0,0,0,0,0,0,0,0,0,0,0,0,0,0,0,0,0,0,0,0,0,"","","","","",""
1955,Ujjani Dam_1,Maharashtra SW,27,Maharashtra,496,Solapur,-,-,-,-,-,-,-,-,-,18.07402000,75.12002000,16-02-2024 22:00,0,0,0,0,0,0,0,0,0,0,0,0,0,0,0,0,0,0,0,0,0,0,0,0,0,0,0,0,0,0,0,0,0,0,0,0,0,0,0,0,0,0,0,0,"","","","","",""
1956,Ujjani Dam_1,Maharashtra SW,27,Maharashtra,496,Solapur,-,-,-,-,-,-,-,-,-,18.07402000,75.12002000,16-02-2024 23:00,0,0,0,0,0,0,0,0,0,0,0,0,0,0,0,0,0,0,0,0,0,0,0,0,0,0,0,0,0,0,0,0,0,0,0,0,0,0,0,0,0,0,0,0,"","","","","",""
1957,Ujjani Dam_1,Maharashtra SW,27,Maharashtra,496,Solapur,-,-,-,-,-,-,-,-,-,18.07402000,75.12002000,17-02-2024 01:00,0,0,0,0,0,0,0,0,0,0,0,0,0,0,0,0,0,0,0,0,0,0,0,0,0,0,0,0,0,0,0,0,0,0,0,0,0,0,0,0,0,0,0,0,"","","","","",""
1958,Ujjani Dam_1,Maharashtra SW,27,Maharashtra,496,Solapur,-,-,-,-,-,-,-,-,-,18.07402000,75.12002000,17-02-2024 02:00,0,0,0,0,0,0,0,0,0,0,0,0,0,0,0,0,0,0,0,0,0,0,0,0,0,0,0,0,0,0,0,0,0,0,0,0,0,0,0,0,0,0,0,0,"","","","","",""
1959,Ujjani Dam_1,Maharashtra SW,27,Maharashtra,496,Solapur,-,-,-,-,-,-,-,-,-,18.07402000,75.12002000,17-02-2024 03:00,0,0,0,0,0,0,0,0,0,0,0,0,0,0,0,0,0,0,0,0,0,0,0,0,0,0,0,0,0,0,0,0,0,0,0,0,0,0,0,0,0,0,0,0,"","","","","",""
1960,Ujjani Dam_1,Maharashtra SW,27,Maharashtra,496,Solapur,-,-,-,-,-,-,-,-,-,18.07402000,75.12002000,17-02-2024 05:00,0,0,0,0,0,0,0,0,0,0,0,0,0,0,0,0,0,0,0,0,0,0,0,0,0,0,0,0,0,0,0,0,0,0,0,0,0,0,0,0,0,0,0,0,"","","","","",""
1961,Ujjani Dam_1,Maharashtra SW,27,Maharashtra,496,Solapur,-,-,-,-,-,-,-,-,-,18.07402000,75.12002000,17-02-2024 06:00,0,0,0,0,0,0,0,0,0,0,0,0,0,0,0,0,0,0,0,0,0,0,0,0,0,0,0,0,0,0,0,0,0,0,0,0,0,0,0,0,0,0,0,0,"","","","","",""
1962,Ujjani Dam_1,Maharashtra SW,27,Maharashtra,496,Solapur,-,-,-,-,-,-,-,-,-,18.07402000,75.12002000,17-02-2024 08:00,0,0,0,0,0,0,0,0,0,0,0,0,0,0,0,0,0,0,0,0,0,0,0,0,0,0,0,0,0,0,0,0,0,0,0,0,0,0,0,0,0,0,0,0,"","","","","",""
1963,Ujjani Dam_1,Maharashtra SW,27,Maharashtra,496,Solapur,-,-,-,-,-,-,-,-,-,18.07402000,75.12002000,17-02-2024 09:00,0,0,0,0,0,0,0,0,0,0,0,0,0,0,0,0,0,0,0,0,0,0,0,0,0,0,0,0,0,0,0,0,0,0,0,0,0,0,0,0,0,0,0,0,"","","","","",""
1964,Ujjani Dam_1,Maharashtra SW,27,Maharashtra,496,Solapur,-,-,-,-,-,-,-,-,-,18.07402000,75.12002000,17-02-2024 11:00,0,0,0,0,0,0,0,0,0,0,0,0,0,0,0,0,0,0,0,0,0,0,0,0,0,0,0,0,0,0,0,0,0,0,0,0,0,0,0,0,0,0,0,0,"","","","","",""
1965,Ujjani Dam_1,Maharashtra SW,27,Maharashtra,496,Solapur,-,-,-,-,-,-,-,-,-,18.07402000,75.12002000,17-02-2024 12:00,0,0,0,0,0,0,0,0,0,0,0,0,0,0,0,0,0,0,0,0,0,0,0,0,0,0,0,0,0,0,0,0,0,0,0,0,0,0,0,0,0,0,0,0,"","","","","",""
1966,Ujjani Dam_1,Maharashtra SW,27,Maharashtra,496,Solapur,-,-,-,-,-,-,-,-,-,18.07402000,75.12002000,17-02-2024 14:00,0,0,0,0,0,0,0,0,0,0,0,0,0,0,0,0,0,0,0,0,0,0,0,0,0,0,0,0,0,0,0,0,0,0,0,0,0,0,0,0,0,0,0,0,"","","","","",""
1967,Ujjani Dam_1,Maharashtra SW,27,Maharashtra,496,Solapur,-,-,-,-,-,-,-,-,-,18.07402000,75.12002000,17-02-2024 15:00,0,0,0,0,0,0,0,0,0,0,0,0,0,0,0,0,0,0,0,0,0,0,0,0,0,0,0,0,0,0,0,0,0,0,0,0,0,0,0,0,0,0,0,0,"","","","","",""
1968,Ujjani Dam_1,Maharashtra SW,27,Maharashtra,496,Solapur,-,-,-,-,-,-,-,-,-,18.07402000,75.12002000,17-02-2024 17:00,0,0,0,0,0,0,0,0,0,0,0,0,0,0,0,0,0,0,0,0,0,0,0,0,0,0,0,0,0,0,0,0,0,0,0,0,0,0,0,0,0,0,0,0,"","","","","",""
1969,Ujjani Dam_1,Maharashtra SW,27,Maharashtra,496,Solapur,-,-,-,-,-,-,-,-,-,18.07402000,75.12002000,17-02-2024 18:00,0,0,0,0,0,0,0,0,0,0,0,0,0,0,0,0,0,0,0,0,0,0,0,0,0,0,0,0,0,0,0,0,0,0,0,0,0,0,0,0,0,0,0,0,"","","","","",""
1970,Ujjani Dam_1,Maharashtra SW,27,Maharashtra,496,Solapur,-,-,-,-,-,-,-,-,-,18.07402000,75.12002000,17-02-2024 20:00,0,0,0,0,0,0,0,0,0,0,0,0,0,0,0,0,0,0,0,0,0,0,0,0,0,0,0,0,0,0,0,0,0,0,0,0,0,0,0,0,0,0,0,0,"","","","","",""
1971,Ujjani Dam_1,Maharashtra SW,27,Maharashtra,496,Solapur,-,-,-,-,-,-,-,-,-,18.07402000,75.12002000,17-02-2024 21:00,0,0,0,0,0,0,0,0,0,0,0,0,0,0,0,0,0,0,0,0,0,0,0,0,0,0,0,0,0,0,0,0,0,0,0,0,0,0,0,0,0,0,0,0,"","","","","",""
1972,Ujjani Dam_1,Maharashtra SW,27,Maharashtra,496,Solapur,-,-,-,-,-,-,-,-,-,18.07402000,75.12002000,17-02-2024 23:00,0,0,0,0,0,0,0,0,0,0,0,0,0,0,0,0,0,0,0,0,0,0,0,0,0,0,0,0,0,0,0,0,0,0,0,0,0,0,0,0,0,0,0,0,"","","","","",""
1973,Ujjani Dam_1,Maharashtra SW,27,Maharashtra,496,Solapur,-,-,-,-,-,-,-,-,-,18.07402000,75.12002000,18-02-2024 01:00,0,0,0,0,0,0,0,0,0,0,0,0,0,0,0,0,0,0,0,0,0,0,0,0,0,0,0,0,0,0,0,0,0,0,0,0,0,0,0,0,0,0,0,0,"","","","","",""
1974,Ujjani Dam_1,Maharashtra SW,27,Maharashtra,496,Solapur,-,-,-,-,-,-,-,-,-,18.07402000,75.12002000,18-02-2024 02:00,0,0,0,0,0,0,0,0,0,0,0,0,0,0,0,0,0,0,0,0,0,0,0,0,0,0,0,0,0,0,0,0,0,0,0,0,0,0,0,0,0,0,0,0,"","","","","",""
1975,Ujjani Dam_1,Maharashtra SW,27,Maharashtra,496,Solapur,-,-,-,-,-,-,-,-,-,18.07402000,75.12002000,18-02-2024 03:00,0,0,0,0,0,0,0,0,0,0,0,0,0,0,0,0,0,0,0,0,0,0,0,0,0,0,0,0,0,0,0,0,0,0,0,0,0,0,0,0,0,0,0,0,"","","","","",""
1976,Ujjani Dam_1,Maharashtra SW,27,Maharashtra,496,Solapur,-,-,-,-,-,-,-,-,-,18.07402000,75.12002000,18-02-2024 05:00,0,0,0,0,0,0,0,0,0,0,0,0,0,0,0,0,0,0,0,0,0,0,0,0,0,0,0,0,0,0,0,0,0,0,0,0,0,0,0,0,0,0,0,0,"","","","","",""
1977,Ujjani Dam_1,Maharashtra SW,27,Maharashtra,496,Solapur,-,-,-,-,-,-,-,-,-,18.07402000,75.12002000,18-02-2024 06:00,0,0,0,0,0,0,0,0,0,0,0,0,0,0,0,0,0,0,0,0,0,0,0,0,0,0,0,0,0,0,0,0,0,0,0,0,0,0,0,0,0,0,0,0,"","","","","",""
1978,Ujjani Dam_1,Maharashtra SW,27,Maharashtra,496,Solapur,-,-,-,-,-,-,-,-,-,18.07402000,75.12002000,18-02-2024 08:00,0,0,0,0,0,0,0,0,0,0,0,0,0,0,0,0,0,0,0,0,0,0,0,0,0,0,0,0,0,0,0,0,0,0,0,0,0,0,0,0,0,0,0,0,"","","","","",""
1979,Ujjani Dam_1,Maharashtra SW,27,Maharashtra,496,Solapur,-,-,-,-,-,-,-,-,-,18.07402000,75.12002000,18-02-2024 09:00,0,0,0,0,0,0,0,0,0,0,0,0,0,0,0,0,0,0,0,0,0,0,0,0,0,0,0,0,0,0,0,0,0,0,0,0,0,0,0,0,0,0,0,0,"","","","","",""
1980,Ujjani Dam_1,Maharashtra SW,27,Maharashtra,496,Solapur,-,-,-,-,-,-,-,-,-,18.07402000,75.12002000,18-02-2024 11:00,0,0,0,0,0,0,0,0,0,0,0,0,0,0,0,0,0,0,0,0,0,0,0,0,0,0,0,0,0,0,0,0,0,0,0,0,0,0,0,0,0,0,0,0,"","","","","",""
1981,Ujjani Dam_1,Maharashtra SW,27,Maharashtra,496,Solapur,-,-,-,-,-,-,-,-,-,18.07402000,75.12002000,18-02-2024 13:00,0,0,0,0,0,0,0,0,0,0,0,0,0,0,0,0,0,0,0,0,0,0,0,0,0,0,0,0,0,0,0,0,0,0,0,0,0,0,0,0,0,0,0,0,"","","","","",""
1982,Ujjani Dam_1,Maharashtra SW,27,Maharashtra,496,Solapur,-,-,-,-,-,-,-,-,-,18.07402000,75.12002000,18-02-2024 15:00,0,0,0,0,0,0,0,0,0,0,0,0,0,0,0,0,0,0,0,0,0,0,0,0,0,0,0,0,0,0,0,0,0,0,0,0,0,0,0,0,0,0,0,0,"","","","","",""
1983,Ujjani Dam_1,Maharashtra SW,27,Maharashtra,496,Solapur,-,-,-,-,-,-,-,-,-,18.07402000,75.12002000,18-02-2024 16:00,0,0,0,0,0,0,0,0,0,0,0,0,0,0,0,0,0,0,0,0,0,0,0,0,0,0,0,0,0,0,0,0,0,0,0,0,0,0,0,0,0,0,0,0,"","","","","",""
1984,Ujjani Dam_1,Maharashtra SW,27,Maharashtra,496,Solapur,-,-,-,-,-,-,-,-,-,18.07402000,75.12002000,18-02-2024 18:00,0,0,0,0,0,0,0,0,0,0,0,0,0,0,0,0,0,0,0,0,0,0,0,0,0,0,0,0,0,0,0,0,0,0,0,0,0,0,0,0,0,0,0,0,"","","","","",""
1985,Ujjani Dam_1,Maharashtra SW,27,Maharashtra,496,Solapur,-,-,-,-,-,-,-,-,-,18.07402000,75.12002000,18-02-2024 19:00,0,0,0,0,0,0,0,0,0,0,0,0,0,0,0,0,0,0,0,0,0,0,0,0,0,0,0,0,0,0,0,0,0,0,0,0,0,0,0,0,0,0,0,0,"","","","","",""
1986,Ujjani Dam_1,Maharashtra SW,27,Maharashtra,496,Solapur,-,-,-,-,-,-,-,-,-,18.07402000,75.12002000,18-02-2024 21:00,0,0,0,0,0,0,0,0,0,0,0,0,0,0,0,0,0,0,0,0,0,0,0,0,0,0,0,0,0,0,0,0,0,0,0,0,0,0,0,0,0,0,0,0,"","","","","",""
1987,Ujjani Dam_1,Maharashtra SW,27,Maharashtra,496,Solapur,-,-,-,-,-,-,-,-,-,18.07402000,75.12002000,18-02-2024 22:00,0,0,0,0,0,0,0,0,0,0,0,0,0,0,0,0,0,0,0,0,0,0,0,0,0,0,0,0,0,0,0,0,0,0,0,0,0,0,0,0,0,0,0,0,"","","","","",""
1988,Ujjani Dam_1,Maharashtra SW,27,Maharashtra,496,Solapur,-,-,-,-,-,-,-,-,-,18.07402000,75.12002000,19-02-2024 00:00,0,0,0,0,0,0,0,0,0,0,0,0,0,0,0,0,0,0,0,0,0,0,0,0,0,0,0,0,0,0,0,0,0,0,0,0,0,0,0,0,0,0,0,0,"","","","","",""
1989,Ujjani Dam_1,Maharashtra SW,27,Maharashtra,496,Solapur,-,-,-,-,-,-,-,-,-,18.07402000,75.12002000,19-02-2024 01:00,0,0,0,0,0,0,0,0,0,0,0,0,0,0,0,0,0,0,0,0,0,0,0,0,0,0,0,0,0,0,0,0,0,0,0,0,0,0,0,0,0,0,0,0,"","","","","",""
1990,Ujjani Dam_1,Maharashtra SW,27,Maharashtra,496,Solapur,-,-,-,-,-,-,-,-,-,18.07402000,75.12002000,19-02-2024 03:00,0,0,0,0,0,0,0,0,0,0,0,0,0,0,0,0,0,0,0,0,0,0,0,0,0,0,0,0,0,0,0,0,0,0,0,0,0,0,0,0,0,0,0,0,"","","","","",""
1991,Ujjani Dam_1,Maharashtra SW,27,Maharashtra,496,Solapur,-,-,-,-,-,-,-,-,-,18.07402000,75.12002000,19-02-2024 04:00,0,0,0,0,0,0,0,0,0,0,0,0,0,0,0,0,0,0,0,0,0,0,0,0,0,0,0,0,0,0,0,0,0,0,0,0,0,0,0,0,0,0,0,0,"","","","","",""
1992,Ujjani Dam_1,Maharashtra SW,27,Maharashtra,496,Solapur,-,-,-,-,-,-,-,-,-,18.07402000,75.12002000,19-02-2024 06:00,0,0,0,0,0,0,0,0,0,0,0,0,0,0,0,0,0,0,0,0,0,0,0,0,0,0,0,0,0,0,0,0,0,0,0,0,0,0,0,0,0,0,0,0,"","","","","",""
1993,Ujjani Dam_1,Maharashtra SW,27,Maharashtra,496,Solapur,-,-,-,-,-,-,-,-,-,18.07402000,75.12002000,19-02-2024 07:00,0,0,0,0,0,0,0,0,0,0,0,0,0,0,0,0,0,0,0,0,0,0,0,0,0,0,0,0,0,0,0,0,0,0,0,0,0,0,0,0,0,0,0,0,"","","","","",""
1994,Ujjani Dam_1,Maharashtra SW,27,Maharashtra,496,Solapur,-,-,-,-,-,-,-,-,-,18.07402000,75.12002000,19-02-2024 09:00,0,0,0,0,0,0,0,0,0,0,0,0,0,0,0,0,0,0,0,0,0,0,0,0,0,0,0,0,0,0,0,0,0,0,0,0,0,0,0,0,0,0,0,0,"","","","","",""
1995,Ujjani Dam_1,Maharashtra SW,27,Maharashtra,496,Solapur,-,-,-,-,-,-,-,-,-,18.07402000,75.12002000,19-02-2024 10:00,0,0,0,0,0,0,0,0,0,0,0,0,0,0,0,0,0,0,0,0,0,0,0,0,0,0,0,0,0,0,0,0,0,0,0,0,0,0,0,0,0,0,0,0,"","","","","",""
1996,Ujjani Dam_1,Maharashtra SW,27,Maharashtra,496,Solapur,-,-,-,-,-,-,-,-,-,18.07402000,75.12002000,19-02-2024 12:00,0,0,0,0,0,0,0,0,0,0,0,0,0,0,0,0,0,0,0,0,0,0,0,0,0,0,0,0,0,0,0,0,0,0,0,0,0,0,0,0,0,0,0,0,"","","","","",""
1997,Ujjani Dam_1,Maharashtra SW,27,Maharashtra,496,Solapur,-,-,-,-,-,-,-,-,-,18.07402000,75.12002000,19-02-2024 13:00,0,0,0,0,0,0,0,0,0,0,0,0,0,0,0,0,0,0,0,0,0,0,0,0,0,0,0,0,0,0,0,0,0,0,0,0,0,0,0,0,0,0,0,0,"","","","","",""
1998,Ujjani Dam_1,Maharashtra SW,27,Maharashtra,496,Solapur,-,-,-,-,-,-,-,-,-,18.07402000,75.12002000,19-02-2024 15:00,0,0,0,0,0,0,0,0,0,0,0,0,0,0,0,0,0,0,0,0,0,0,0,0,0,0,0,0,0,0,0,0,0,0,0,0,0,0,0,0,0,0,0,0,"","","","","",""
1999,Ujjani Dam_1,Maharashtra SW,27,Maharashtra,496,Solapur,-,-,-,-,-,-,-,-,-,18.07402000,75.12002000,19-02-2024 16:00,0,0,0,0,0,0,0,0,0,0,0,0,0,0,0,0,0,0,0,0,0,0,0,0,0,0,0,0,0,0,0,0,0,0,0,0,0,0,0,0,0,0,0,0,"","","","","",""
2000,Ujjani Dam_1,Maharashtra SW,27,Maharashtra,496,Solapur,-,-,-,-,-,-,-,-,-,18.07402000,75.12002000,19-02-2024 17:00,0,0,0,0,0,0,0,0,0,0,0,0,0,0,0,0,0,0,0,0,0,0,0,0,0,0,0,0,0,0,0,0,0,0,0,0,0,0,0,0,0,0,0,0,"","","","","",""
2001,Ujjani Dam_1,Maharashtra SW,27,Maharashtra,496,Solapur,-,-,-,-,-,-,-,-,-,18.07402000,75.12002000,19-02-2024 19:00,0,0,0,0,0,0,0,0,0,0,0,0,0,0,0,0,0,0,0,0,0,0,0,0,0,0,0,0,0,0,0,0,0,0,0,0,0,0,0,0,0,0,0,0,"","","","","",""
2002,Ujjani Dam_1,Maharashtra SW,27,Maharashtra,496,Solapur,-,-,-,-,-,-,-,-,-,18.07402000,75.12002000,19-02-2024 20:00,0,0,0,0,0,0,0,0,0,0,0,0,0,0,0,0,0,0,0,0,0,0,0,0,0,0,0,0,0,0,0,0,0,0,0,0,0,0,0,0,0,0,0,0,"","","","","",""
2003,Ujjani Dam_1,Maharashtra SW,27,Maharashtra,496,Solapur,-,-,-,-,-,-,-,-,-,18.07402000,75.12002000,19-02-2024 22:00,0,0,0,0,0,0,0,0,0,0,0,0,0,0,0,0,0,0,0,0,0,0,0,0,0,0,0,0,0,0,0,0,0,0,0,0,0,0,0,0,0,0,0,0,"","","","","",""
2004,Ujjani Dam_1,Maharashtra SW,27,Maharashtra,496,Solapur,-,-,-,-,-,-,-,-,-,18.07402000,75.12002000,19-02-2024 23:00,0,0,0,0,0,0,0,0,0,0,0,0,0,0,0,0,0,0,0,0,0,0,0,0,0,0,0,0,0,0,0,0,0,0,0,0,0,0,0,0,0,0,0,0,"","","","","",""
2005,Ujjani Dam_1,Maharashtra SW,27,Maharashtra,496,Solapur,-,-,-,-,-,-,-,-,-,18.07402000,75.12002000,20-02-2024 01:00,0,0,0,0,0,0,0,0,0,0,0,0,0,0,0,0,0,0,0,0,0,0,0,0,0,0,0,0,0,0,0,0,0,0,0,0,0,0,0,0,0,0,0,0,"","","","","",""
2006,Ujjani Dam_1,Maharashtra SW,27,Maharashtra,496,Solapur,-,-,-,-,-,-,-,-,-,18.07402000,75.12002000,20-02-2024 02:00,0,0,0,0,0,0,0,0,0,0,0,0,0,0,0,0,0,0,0,0,0,0,0,0,0,0,0,0,0,0,0,0,0,0,0,0,0,0,0,0,0,0,0,0,"","","","","",""
2007,Ujjani Dam_1,Maharashtra SW,27,Maharashtra,496,Solapur,-,-,-,-,-,-,-,-,-,18.07402000,75.12002000,20-02-2024 04:00,0,0,0,0,0,0,0,0,0,0,0,0,0,0,0,0,0,0,0,0,0,0,0,0,0,0,0,0,0,0,0,0,0,0,0,0,0,0,0,0,0,0,0,0,"","","","","",""
2008,Ujjani Dam_1,Maharashtra SW,27,Maharashtra,496,Solapur,-,-,-,-,-,-,-,-,-,18.07402000,75.12002000,20-02-2024 06:00,0,0,0,0,0,0,0,0,0,0,0,0,0,0,0,0,0,0,0,0,0,0,0,0,0,0,0,0,0,0,0,0,0,0,0,0,0,0,0,0,0,0,0,0,"","","","","",""
2009,Ujjani Dam_1,Maharashtra SW,27,Maharashtra,496,Solapur,-,-,-,-,-,-,-,-,-,18.07402000,75.12002000,20-02-2024 07:00,0,0,0,0,0,0,0,0,0,0,0,0,0,0,0,0,0,0,0,0,0,0,0,0,0,0,0,0,0,0,0,0,0,0,0,0,0,0,0,0,0,0,0,0,"","","","","",""
2010,Ujjani Dam_1,Maharashtra SW,27,Maharashtra,496,Solapur,-,-,-,-,-,-,-,-,-,18.07402000,75.12002000,20-02-2024 08:00,0,0,0,0,0,0,0,0,0,0,0,0,0,0,0,0,0,0,0,0,0,0,0,0,0,0,0,0,0,0,0,0,0,0,0,0,0,0,0,0,0,0,0,0,"","","","","",""
2011,Ujjani Dam_1,Maharashtra SW,27,Maharashtra,496,Solapur,-,-,-,-,-,-,-,-,-,18.07402000,75.12002000,20-02-2024 10:00,0,0,0,0,0,0,0,0,0,0,0,0,0,0,0,0,0,0,0,0,0,0,0,0,0,0,0,0,0,0,0,0,0,0,0,0,0,0,0,0,0,0,0,0,"","","","","",""
2012,Ujjani Dam_1,Maharashtra SW,27,Maharashtra,496,Solapur,-,-,-,-,-,-,-,-,-,18.07402000,75.12002000,20-02-2024 11:00,0,0,0,0,0,0,0,0,0,0,0,0,0,0,0,0,0,0,0,0,0,0,0,0,0,0,0,0,0,0,0,0,0,0,0,0,0,0,0,0,0,0,0,0,"","","","","",""
2013,Ujjani Dam_1,Maharashtra SW,27,Maharashtra,496,Solapur,-,-,-,-,-,-,-,-,-,18.07402000,75.12002000,20-02-2024 13:00,0,0,0,0,0,0,0,0,0,0,0,0,0,0,0,0,0,0,0,0,0,0,0,0,0,0,0,0,0,0,0,0,0,0,0,0,0,0,0,0,0,0,0,0,"","","","","",""
2014,Ujjani Dam_1,Maharashtra SW,27,Maharashtra,496,Solapur,-,-,-,-,-,-,-,-,-,18.07402000,75.12002000,20-02-2024 22:00,0,0,0,0,0,0,0,0,0,0,0,0,0,0,0,0,0,0,0,0,0,0,0,0,0,0,0,0,0,0,0,0,0,0,0,0,0,0,0,0,0,0,0,0,"","","","","",""
2015,Ujjani Dam_1,Maharashtra SW,27,Maharashtra,496,Solapur,-,-,-,-,-,-,-,-,-,18.07402000,75.12002000,20-02-2024 23:00,0,0,0,0,0,0,0,0,0,0,0,0,0,0,0,0,0,0,0,0,0,0,0,0,0,0,0,0,0,0,0,0,0,0,0,0,0,0,0,0,0,0,0,0,"","","","","",""
2016,Ujjani Dam_1,Maharashtra SW,27,Maharashtra,496,Solapur,-,-,-,-,-,-,-,-,-,18.07402000,75.12002000,21-02-2024 00:00,0,0,0,0,0,0,0,0,0,0,0,0,0,0,0,0,0,0,0,0,0,0,0,0,0,0,0,0,0,0,0,0,0,0,0,0,0,0,0,0,0,0,0,0,"","","","","",""
2017,Ujjani Dam_1,Maharashtra SW,27,Maharashtra,496,Solapur,-,-,-,-,-,-,-,-,-,18.07402000,75.12002000,21-02-2024 02:00,0,0,0,0,0,0,0,0,0,0,0,0,0,0,0,0,0,0,0,0,0,0,0,0,0,0,0,0,0,0,0,0,0,0,0,0,0,0,0,0,0,0,0,0,"","","","","",""
2018,Ujjani Dam_1,Maharashtra SW,27,Maharashtra,496,Solapur,-,-,-,-,-,-,-,-,-,18.07402000,75.12002000,21-02-2024 05:00,0,0,0,0,0,0,0,0,0,0,0,0,0,0,0,0,0,0,0,0,0,0,0,0,0,0,0,0,0,0,0,0,0,0,0,0,0,0,0,0,0,0,0,0,"","","","","",""
2019,Ujjani Dam_1,Maharashtra SW,27,Maharashtra,496,Solapur,-,-,-,-,-,-,-,-,-,18.07402000,75.12002000,21-02-2024 06:00,0,0,0,0,0,0,0,0,0,0,0,0,0,0,0,0,0,0,0,0,0,0,0,0,0,0,0,0,0,0,0,0,0,0,0,0,0,0,0,0,0,0,0,0,"","","","","",""
2020,Ujjani Dam_1,Maharashtra SW,27,Maharashtra,496,Solapur,-,-,-,-,-,-,-,-,-,18.07402000,75.12002000,21-02-2024 07:00,0,0,0,0,0,0,0,0,0,0,0,0,0,0,0,0,0,0,0,0,0,0,0,0,0,0,0,0,0,0,0,0,0,0,0,0,0,0,0,0,0,0,0,0,"","","","","",""
2021,Ujjani Dam_1,Maharashtra SW,27,Maharashtra,496,Solapur,-,-,-,-,-,-,-,-,-,18.07402000,75.12002000,21-02-2024 09:00,0,0,0,0,0,0,0,0,0,0,0,0,0,0,0,0,0,0,0,0,0,0,0,0,0,0,0,0,0,0,0,0,0,0,0,0,0,0,0,0,0,0,0,0,"","","","","",""
2022,Ujjani Dam_1,Maharashtra SW,27,Maharashtra,496,Solapur,-,-,-,-,-,-,-,-,-,18.07402000,75.12002000,21-02-2024 10:00,0,0,0,0,0,0,0,0,0,0,0,0,0,0,0,0,0,0,0,0,0,0,0,0,0,0,0,0,0,0,0,0,0,0,0,0,0,0,0,0,0,0,0,0,"","","","","",""
2023,Ujjani Dam_1,Maharashtra SW,27,Maharashtra,496,Solapur,-,-,-,-,-,-,-,-,-,18.07402000,75.12002000,21-02-2024 11:00,0,0,0,0,0,0,0,0,0,0,0,0,0,0,0,0,0,0,0,0,0,0,0,0,0,0,0,0,0,0,0,0,0,0,0,0,0,0,0,0,0,0,0,0,"","","","","",""
2024,Ujjani Dam_1,Maharashtra SW,27,Maharashtra,496,Solapur,-,-,-,-,-,-,-,-,-,18.07402000,75.12002000,21-02-2024 15:00,0,0,0,0,0,0,0,0,0,0,0,0,0,0,0,0,0,0,0,0,0,0,0,0,0,0,0,0,0,0,0,0,0,0,0,0,0,0,0,0,0,0,0,0,"","","","","",""
2025,Ujjani Dam_1,Maharashtra SW,27,Maharashtra,496,Solapur,-,-,-,-,-,-,-,-,-,18.07402000,75.12002000,21-02-2024 16:00,0,0,0,0,0,0,0,0,0,0,0,0,0,0,0,0,0,0,0,0,0,0,0,0,0,0,0,0,0,0,0,0,0,0,0,0,0,0,0,0,0,0,0,0,"","","","","",""
2026,Ujjani Dam_1,Maharashtra SW,27,Maharashtra,496,Solapur,-,-,-,-,-,-,-,-,-,18.07402000,75.12002000,21-02-2024 17:00,0,0,0,0,0,0,0,0,0,0,0,0,0,0,0,0,0,0,0,0,0,0,0,0,0,0,0,0,0,0,0,0,0,0,0,0,0,0,0,0,0,0,0,0,"","","","","",""
2027,Ujjani Dam_1,Maharashtra SW,27,Maharashtra,496,Solapur,-,-,-,-,-,-,-,-,-,18.07402000,75.12002000,21-02-2024 18:00,0,0,0,0,0,0,0,0,0,0,0,0,0,0,0,0,0,0,0,0,0,0,0,0,0,0,0,0,0,0,0,0,0,0,0,0,0,0,0,0,0,0,0,0,"","","","","",""
2028,Ujjani Dam_1,Maharashtra SW,27,Maharashtra,496,Solapur,-,-,-,-,-,-,-,-,-,18.07402000,75.12002000,21-02-2024 20:00,0,0,0,0,0,0,0,0,0,0,0,0,0,0,0,0,0,0,0,0,0,0,0,0,0,0,0,0,0,0,0,0,0,0,0,0,0,0,0,0,0,0,0,0,"","","","","",""
2029,Ujjani Dam_1,Maharashtra SW,27,Maharashtra,496,Solapur,-,-,-,-,-,-,-,-,-,18.07402000,75.12002000,21-02-2024 21:00,0,0,0,0,0,0,0,0,0,0,0,0,0,0,0,0,0,0,0,0,0,0,0,0,0,0,0,0,0,0,0,0,0,0,0,0,0,0,0,0,0,0,0,0,"","","","","",""
2030,Ujjani Dam_1,Maharashtra SW,27,Maharashtra,496,Solapur,-,-,-,-,-,-,-,-,-,18.07402000,75.12002000,21-02-2024 23:00,0,0,0,0,0,0,0,0,0,0,0,0,0,0,0,0,0,0,0,0,0,0,0,0,0,0,0,0,0,0,0,0,0,0,0,0,0,0,0,0,0,0,0,0,"","","","","",""
2031,Ujjani Dam_1,Maharashtra SW,27,Maharashtra,496,Solapur,-,-,-,-,-,-,-,-,-,18.07402000,75.12002000,22-02-2024 00:00,0,0,0,0,0,0,0,0,0,0,0,0,0,0,0,0,0,0,0,0,0,0,0,0,0,0,0,0,0,0,0,0,0,0,0,0,0,0,0,0,0,0,0,0,"","","","","",""
2032,Ujjani Dam_1,Maharashtra SW,27,Maharashtra,496,Solapur,-,-,-,-,-,-,-,-,-,18.07402000,75.12002000,22-02-2024 02:00,0,0,0,0,0,0,0,0,0,0,0,0,0,0,0,0,0,0,0,0,0,0,0,0,0,0,0,0,0,0,0,0,0,0,0,0,0,0,0,0,0,0,0,0,"","","","","",""
2033,Ujjani Dam_1,Maharashtra SW,27,Maharashtra,496,Solapur,-,-,-,-,-,-,-,-,-,18.07402000,75.12002000,22-02-2024 11:00,0,0,0,0,0,0,0,0,0,0,0,0,0,0,0,0,0,0,0,0,0,0,0,0,0,0,0,0,0,0,0,0,0,0,0,0,0,0,0,0,0,0,0,0,"","","","","",""
2034,Ujjani Dam_1,Maharashtra SW,27,Maharashtra,496,Solapur,-,-,-,-,-,-,-,-,-,18.07402000,75.12002000,22-02-2024 12:00,0,0,0,0,0,0,0,0,0,0,0,0,0,0,0,0,0,0,0,0,0,0,0,0,0,0,0,0,0,0,0,0,0,0,0,0,0,0,0,0,0,0,0,0,"","","","","",""
2035,Ujjani Dam_1,Maharashtra SW,27,Maharashtra,496,Solapur,-,-,-,-,-,-,-,-,-,18.07402000,75.12002000,22-02-2024 15:00,0,0,0,0,0,0,0,0,0,0,0,0,0,0,0,0,0,0,0,0,0,0,0,0,0,0,0,0,0,0,0,0,0,0,0,0,0,0,0,0,0,0,0,0,"","","","","",""
2036,Ujjani Dam_1,Maharashtra SW,27,Maharashtra,496,Solapur,-,-,-,-,-,-,-,-,-,18.07402000,75.12002000,22-02-2024 18:00,0,0,0,0,0,0,0,0,0,0,0,0,0,0,0,0,0,0,0,0,0,0,0,0,0,0,0,0,0,0,0,0,0,0,0,0,0,0,0,0,0,0,0,0,"","","","","",""
2037,Ujjani Dam_1,Maharashtra SW,27,Maharashtra,496,Solapur,-,-,-,-,-,-,-,-,-,18.07402000,75.12002000,22-02-2024 19:00,0,0,0,0,0,0,0,0,0,0,0,0,0,0,0,0,0,0,0,0,0,0,0,0,0,0,0,0,0,0,0,0,0,0,0,0,0,0,0,0,0,0,0,0,"","","","","",""
2038,Ujjani Dam_1,Maharashtra SW,27,Maharashtra,496,Solapur,-,-,-,-,-,-,-,-,-,18.07402000,75.12002000,22-02-2024 20:00,0,0,0,0,0,0,0,0,0,0,0,0,0,0,0,0,0,0,0,0,0,0,0,0,0,0,0,0,0,0,0,0,0,0,0,0,0,0,0,0,0,0,0,0,"","","","","",""
2039,Ujjani Dam_1,Maharashtra SW,27,Maharashtra,496,Solapur,-,-,-,-,-,-,-,-,-,18.07402000,75.12002000,22-02-2024 22:00,0,0,0,0,0,0,0,0,0,0,0,0,0,0,0,0,0,0,0,0,0,0,0,0,0,0,0,0,0,0,0,0,0,0,0,0,0,0,0,0,0,0,0,0,"","","","","",""
2040,Ujjani Dam_1,Maharashtra SW,27,Maharashtra,496,Solapur,-,-,-,-,-,-,-,-,-,18.07402000,75.12002000,22-02-2024 23:00,0,0,0,0,0,0,0,0,0,0,0,0,0,0,0,0,0,0,0,0,0,0,0,0,0,0,0,0,0,0,0,0,0,0,0,0,0,0,0,0,0,0,0,0,"","","","","",""
2041,Ujjani Dam_1,Maharashtra SW,27,Maharashtra,496,Solapur,-,-,-,-,-,-,-,-,-,18.07402000,75.12002000,23-02-2024 01:00,0,0,0,0,0,0,0,0,0,0,0,0,0,0,0,0,0,0,0,0,0,0,0,0,0,0,0,0,0,0,0,0,0,0,0,0,0,0,0,0,0,0,0,0,"","","","","",""
2042,Ujjani Dam_1,Maharashtra SW,27,Maharashtra,496,Solapur,-,-,-,-,-,-,-,-,-,18.07402000,75.12002000,23-02-2024 02:00,0,0,0,0,0,0,0,0,0,0,0,0,0,0,0,0,0,0,0,0,0,0,0,0,0,0,0,0,0,0,0,0,0,0,0,0,0,0,0,0,0,0,0,0,"","","","","",""
2043,Ujjani Dam_1,Maharashtra SW,27,Maharashtra,496,Solapur,-,-,-,-,-,-,-,-,-,18.07402000,75.12002000,23-02-2024 04:00,0,0,0,0,0,0,0,0,0,0,0,0,0,0,0,0,0,0,0,0,0,0,0,0,0,0,0,0,0,0,0,0,0,0,0,0,0,0,0,0,0,0,0,0,"","","","","",""
2044,Ujjani Dam_1,Maharashtra SW,27,Maharashtra,496,Solapur,-,-,-,-,-,-,-,-,-,18.07402000,75.12002000,23-02-2024 05:00,0,0,0,0,0,0,0,0,0,0,0,0,0,0,0,0,0,0,0,0,0,0,0,0,0,0,0,0,0,0,0,0,0,0,0,0,0,0,0,0,0,0,0,0,"","","","","",""
2045,Ujjani Dam_1,Maharashtra SW,27,Maharashtra,496,Solapur,-,-,-,-,-,-,-,-,-,18.07402000,75.12002000,23-02-2024 07:00,0,0,0,0,0,0,0,0,0,0,0,0,0,0,0,0,0,0,0,0,0,0,0,0,0,0,0,0,0,0,0,0,0,0,0,0,0,0,0,0,0,0,0,0,"","","","","",""
2046,Ujjani Dam_1,Maharashtra SW,27,Maharashtra,496,Solapur,-,-,-,-,-,-,-,-,-,18.07402000,75.12002000,23-02-2024 10:00,0,0,0,0,0,0,0,0,0,0,0,0,0,0,0,0,0,0,0,0,0,0,0,0,0,0,0,0,0,0,0,0,0,0,0,0,0,0,0,0,0,0,0,0,"","","","","",""
2047,Ujjani Dam_1,Maharashtra SW,27,Maharashtra,496,Solapur,-,-,-,-,-,-,-,-,-,18.07402000,75.12002000,23-02-2024 12:00,0,0,0,0,0,0,0,0,0,0,0,0,0,0,0,0,0,0,0,0,0,0,0,0,0,0,0,0,0,0,0,0,0,0,0,0,0,0,0,0,0,0,0,0,"","","","","",""
2048,Ujjani Dam_1,Maharashtra SW,27,Maharashtra,496,Solapur,-,-,-,-,-,-,-,-,-,18.07402000,75.12002000,23-02-2024 13:00,0,0,0,0,0,0,0,0,0,0,0,0,0,0,0,0,0,0,0,0,0,0,0,0,0,0,0,0,0,0,0,0,0,0,0,0,0,0,0,0,0,0,0,0,"","","","","",""
2049,Ujjani Dam_1,Maharashtra SW,27,Maharashtra,496,Solapur,-,-,-,-,-,-,-,-,-,18.07402000,75.12002000,23-02-2024 14:00,0,0,0,0,0,0,0,0,0,0,0,0,0,0,0,0,0,0,0,0,0,0,0,0,0,0,0,0,0,0,0,0,0,0,0,0,0,0,0,0,0,0,0,0,"","","","","",""
2050,Ujjani Dam_1,Maharashtra SW,27,Maharashtra,496,Solapur,-,-,-,-,-,-,-,-,-,18.07402000,75.12002000,23-02-2024 15:00,0,0,0,0,0,0,0,0,0,0,0,0,0,0,0,0,0,0,0,0,0,0,0,0,0,0,0,0,0,0,0,0,0,0,0,0,0,0,0,0,0,0,0,0,"","","","","",""
2051,Ujjani Dam_1,Maharashtra SW,27,Maharashtra,496,Solapur,-,-,-,-,-,-,-,-,-,18.07402000,75.12002000,23-02-2024 16:00,0,0,0,0,0,0,0,0,0,0,0,0,0,0,0,0,0,0,0,0,0,0,0,0,0,0,0,0,0,0,0,0,0,0,0,0,0,0,0,0,0,0,0,0,"","","","","",""
2052,Ujjani Dam_1,Maharashtra SW,27,Maharashtra,496,Solapur,-,-,-,-,-,-,-,-,-,18.07402000,75.12002000,23-02-2024 17:00,0,0,0,0,0,0,0,0,0,0,0,0,0,0,0,0,0,0,0,0,0,0,0,0,0,0,0,0,0,0,0,0,0,0,0,0,0,0,0,0,0,0,0,0,"","","","","",""
2053,Ujjani Dam_1,Maharashtra SW,27,Maharashtra,496,Solapur,-,-,-,-,-,-,-,-,-,18.07402000,75.12002000,23-02-2024 19:00,0,0,0,0,0,0,0,0,0,0,0,0,0,0,0,0,0,0,0,0,0,0,0,0,0,0,0,0,0,0,0,0,0,0,0,0,0,0,0,0,0,0,0,0,"","","","","",""
2054,Ujjani Dam_1,Maharashtra SW,27,Maharashtra,496,Solapur,-,-,-,-,-,-,-,-,-,18.07402000,75.12002000,23-02-2024 20:00,0,0,0,0,0,0,0,0,0,0,0,0,0,0,0,0,0,0,0,0,0,0,0,0,0,0,0,0,0,0,0,0,0,0,0,0,0,0,0,0,0,0,0,0,"","","","","",""
2055,Ujjani Dam_1,Maharashtra SW,27,Maharashtra,496,Solapur,-,-,-,-,-,-,-,-,-,18.07402000,75.12002000,23-02-2024 21:00,0,0,0,0,0,0,0,0,0,0,0,0,0,0,0,0,0,0,0,0,0,0,0,0,0,0,0,0,0,0,0,0,0,0,0,0,0,0,0,0,0,0,0,0,"","","","","",""
2056,Ujjani Dam_1,Maharashtra SW,27,Maharashtra,496,Solapur,-,-,-,-,-,-,-,-,-,18.07402000,75.12002000,23-02-2024 23:00,0,0,0,0,0,0,0,0,0,0,0,0,0,0,0,0,0,0,0,0,0,0,0,0,0,0,0,0,0,0,0,0,0,0,0,0,0,0,0,0,0,0,0,0,"","","","","",""
2057,Ujjani Dam_1,Maharashtra SW,27,Maharashtra,496,Solapur,-,-,-,-,-,-,-,-,-,18.07402000,75.12002000,24-02-2024 00:00,0,0,0,0,0,0,0,0,0,0,0,0,0,0,0,0,0,0,0,0,0,0,0,0,0,0,0,0,0,0,0,0,0,0,0,0,0,0,0,0,0,0,0,0,"","","","","",""
2058,Ujjani Dam_1,Maharashtra SW,27,Maharashtra,496,Solapur,-,-,-,-,-,-,-,-,-,18.07402000,75.12002000,24-02-2024 02:00,0,0,0,0,0,0,0,0,0,0,0,0,0,0,0,0,0,0,0,0,0,0,0,0,0,0,0,0,0,0,0,0,0,0,0,0,0,0,0,0,0,0,0,0,"","","","","",""
2059,Ujjani Dam_1,Maharashtra SW,27,Maharashtra,496,Solapur,-,-,-,-,-,-,-,-,-,18.07402000,75.12002000,24-02-2024 03:00,0,0,0,0,0,0,0,0,0,0,0,0,0,0,0,0,0,0,0,0,0,0,0,0,0,0,0,0,0,0,0,0,0,0,0,0,0,0,0,0,0,0,0,0,"","","","","",""
2060,Ujjani Dam_1,Maharashtra SW,27,Maharashtra,496,Solapur,-,-,-,-,-,-,-,-,-,18.07402000,75.12002000,24-02-2024 05:00,0,0,0,0,0,0,0,0,0,0,0,0,0,0,0,0,0,0,0,0,0,0,0,0,0,0,0,0,0,0,0,0,0,0,0,0,0,0,0,0,0,0,0,0,"","","","","",""
2061,Ujjani Dam_1,Maharashtra SW,27,Maharashtra,496,Solapur,-,-,-,-,-,-,-,-,-,18.07402000,75.12002000,24-02-2024 06:00,0,0,0,0,0,0,0,0,0,0,0,0,0,0,0,0,0,0,0,0,0,0,0,0,0,0,0,0,0,0,0,0,0,0,0,0,0,0,0,0,0,0,0,0,"","","","","",""
2062,Ujjani Dam_1,Maharashtra SW,27,Maharashtra,496,Solapur,-,-,-,-,-,-,-,-,-,18.07402000,75.12002000,24-02-2024 08:00,0,0,0,0,0,0,0,0,0,0,0,0,0,0,0,0,0,0,0,0,0,0,0,0,0,0,0,0,0,0,0,0,0,0,0,0,0,0,0,0,0,0,0,0,"","","","","",""
2063,Ujjani Dam_1,Maharashtra SW,27,Maharashtra,496,Solapur,-,-,-,-,-,-,-,-,-,18.07402000,75.12002000,24-02-2024 09:00,0,0,0,0,0,0,0,0,0,0,0,0,0,0,0,0,0,0,0,0,0,0,0,0,0,0,0,0,0,0,0,0,0,0,0,0,0,0,0,0,0,0,0,0,"","","","","",""
2064,Ujjani Dam_1,Maharashtra SW,27,Maharashtra,496,Solapur,-,-,-,-,-,-,-,-,-,18.07402000,75.12002000,24-02-2024 11:00,0,0,0,0,0,0,0,0,0,0,0,0,0,0,0,0,0,0,0,0,0,0,0,0,0,0,0,0,0,0,0,0,0,0,0,0,0,0,0,0,0,0,0,0,"","","","","",""
2065,Ujjani Dam_1,Maharashtra SW,27,Maharashtra,496,Solapur,-,-,-,-,-,-,-,-,-,18.07402000,75.12002000,24-02-2024 12:00,0,0,0,0,0,0,0,0,0,0,0,0,0,0,0,0,0,0,0,0,0,0,0,0,0,0,0,0,0,0,0,0,0,0,0,0,0,0,0,0,0,0,0,0,"","","","","",""
2066,Ujjani Dam_1,Maharashtra SW,27,Maharashtra,496,Solapur,-,-,-,-,-,-,-,-,-,18.07402000,75.12002000,24-02-2024 14:00,0,0,0,0,0,0,0,0,0,0,0,0,0,0,0,0,0,0,0,0,0,0,0,0,0,0,0,0,0,0,0,0,0,0,0,0,0,0,0,0,0,0,0,0,"","","","","",""
2067,Ujjani Dam_1,Maharashtra SW,27,Maharashtra,496,Solapur,-,-,-,-,-,-,-,-,-,18.07402000,75.12002000,24-02-2024 15:00,0,0,0,0,0,0,0,0,0,0,0,0,0,0,0,0,0,0,0,0,0,0,0,0,0,0,0,0,0,0,0,0,0,0,0,0,0,0,0,0,0,0,0,0,"","","","","",""
2068,Ujjani Dam_1,Maharashtra SW,27,Maharashtra,496,Solapur,-,-,-,-,-,-,-,-,-,18.07402000,75.12002000,24-02-2024 17:00,0,0,0,0,0,0,0,0,0,0,0,0,0,0,0,0,0,0,0,0,0,0,0,0,0,0,0,0,0,0,0,0,0,0,0,0,0,0,0,0,0,0,0,0,"","","","","",""
2069,Ujjani Dam_1,Maharashtra SW,27,Maharashtra,496,Solapur,-,-,-,-,-,-,-,-,-,18.07402000,75.12002000,24-02-2024 18:00,0,0,0,0,0,0,0,0,0,0,0,0,0,0,0,0,0,0,0,0,0,0,0,0,0,0,0,0,0,0,0,0,0,0,0,0,0,0,0,0,0,0,0,0,"","","","","",""
2070,Ujjani Dam_1,Maharashtra SW,27,Maharashtra,496,Solapur,-,-,-,-,-,-,-,-,-,18.07402000,75.12002000,24-02-2024 20:00,0,0,0,0,0,0,0,0,0,0,0,0,0,0,0,0,0,0,0,0,0,0,0,0,0,0,0,0,0,0,0,0,0,0,0,0,0,0,0,0,0,0,0,0,"","","","","",""
2071,Ujjani Dam_1,Maharashtra SW,27,Maharashtra,496,Solapur,-,-,-,-,-,-,-,-,-,18.07402000,75.12002000,24-02-2024 21:00,0,0,0,0,0,0,0,0,0,0,0,0,0,0,0,0,0,0,0,0,0,0,0,0,0,0,0,0,0,0,0,0,0,0,0,0,0,0,0,0,0,0,0,0,"","","","","",""
2072,Ujjani Dam_1,Maharashtra SW,27,Maharashtra,496,Solapur,-,-,-,-,-,-,-,-,-,18.07402000,75.12002000,24-02-2024 23:00,0,0,0,0,0,0,0,0,0,0,0,0,0,0,0,0,0,0,0,0,0,0,0,0,0,0,0,0,0,0,0,0,0,0,0,0,0,0,0,0,0,0,0,0,"","","","","",""
2073,Ujjani Dam_1,Maharashtra SW,27,Maharashtra,496,Solapur,-,-,-,-,-,-,-,-,-,18.07402000,75.12002000,25-02-2024 00:00,0,0,0,0,0,0,0,0,0,0,0,0,0,0,0,0,0,0,0,0,0,0,0,0,0,0,0,0,0,0,0,0,0,0,0,0,0,0,0,0,0,0,0,0,"","","","","",""
2074,Ujjani Dam_1,Maharashtra SW,27,Maharashtra,496,Solapur,-,-,-,-,-,-,-,-,-,18.07402000,75.12002000,25-02-2024 01:00,0,0,0,0,0,0,0,0,0,0,0,0,0,0,0,0,0,0,0,0,0,0,0,0,0,0,0,0,0,0,0,0,0,0,0,0,0,0,0,0,0,0,0,0,"","","","","",""
2075,Ujjani Dam_1,Maharashtra SW,27,Maharashtra,496,Solapur,-,-,-,-,-,-,-,-,-,18.07402000,75.12002000,25-02-2024 03:00,0,0,0,0,0,0,0,0,0,0,0,0,0,0,0,0,0,0,0,0,0,0,0,0,0,0,0,0,0,0,0,0,0,0,0,0,0,0,0,0,0,0,0,0,"","","","","",""
2076,Ujjani Dam_1,Maharashtra SW,27,Maharashtra,496,Solapur,-,-,-,-,-,-,-,-,-,18.07402000,75.12002000,25-02-2024 04:00,0,0,0,0,0,0,0,0,0,0,0,0,0,0,0,0,0,0,0,0,0,0,0,0,0,0,0,0,0,0,0,0,0,0,0,0,0,0,0,0,0,0,0,0,"","","","","",""
2077,Ujjani Dam_1,Maharashtra SW,27,Maharashtra,496,Solapur,-,-,-,-,-,-,-,-,-,18.07402000,75.12002000,25-02-2024 06:00,0,0,0,0,0,0,0,0,0,0,0,0,0,0,0,0,0,0,0,0,0,0,0,0,0,0,0,0,0,0,0,0,0,0,0,0,0,0,0,0,0,0,0,0,"","","","","",""
2078,Ujjani Dam_1,Maharashtra SW,27,Maharashtra,496,Solapur,-,-,-,-,-,-,-,-,-,18.07402000,75.12002000,25-02-2024 07:00,0,0,0,0,0,0,0,0,0,0,0,0,0,0,0,0,0,0,0,0,0,0,0,0,0,0,0,0,0,0,0,0,0,0,0,0,0,0,0,0,0,0,0,0,"","","","","",""
2079,Ujjani Dam_1,Maharashtra SW,27,Maharashtra,496,Solapur,-,-,-,-,-,-,-,-,-,18.07402000,75.12002000,25-02-2024 09:00,0,0,0,0,0,0,0,0,0,0,0,0,0,0,0,0,0,0,0,0,0,0,0,0,0,0,0,0,0,0,0,0,0,0,0,0,0,0,0,0,0,0,0,0,"","","","","",""
2080,Ujjani Dam_1,Maharashtra SW,27,Maharashtra,496,Solapur,-,-,-,-,-,-,-,-,-,18.07402000,75.12002000,25-02-2024 10:00,0,0,0,0,0,0,0,0,0,0,0,0,0,0,0,0,0,0,0,0,0,0,0,0,0,0,0,0,0,0,0,0,0,0,0,0,0,0,0,0,0,0,0,0,"","","","","",""
2081,Ujjani Dam_1,Maharashtra SW,27,Maharashtra,496,Solapur,-,-,-,-,-,-,-,-,-,18.07402000,75.12002000,25-02-2024 12:00,0,0,0,0,0,0,0,0,0,0,0,0,0,0,0,0,0,0,0,0,0,0,0,0,0,0,0,0,0,0,0,0,0,0,0,0,0,0,0,0,0,0,0,0,"","","","","",""
2082,Ujjani Dam_1,Maharashtra SW,27,Maharashtra,496,Solapur,-,-,-,-,-,-,-,-,-,18.07402000,75.12002000,25-02-2024 13:00,0,0,0,0,0,0,0,0,0,0,0,0,0,0,0,0,0,0,0,0,0,0,0,0,0,0,0,0,0,0,0,0,0,0,0,0,0,0,0,0,0,0,0,0,"","","","","",""
2083,Ujjani Dam_1,Maharashtra SW,27,Maharashtra,496,Solapur,-,-,-,-,-,-,-,-,-,18.07402000,75.12002000,25-02-2024 15:00,0,0,0,0,0,0,0,0,0,0,0,0,0,0,0,0,0,0,0,0,0,0,0,0,0,0,0,0,0,0,0,0,0,0,0,0,0,0,0,0,0,0,0,0,"","","","","",""
2084,Ujjani Dam_1,Maharashtra SW,27,Maharashtra,496,Solapur,-,-,-,-,-,-,-,-,-,18.07402000,75.12002000,25-02-2024 16:00,0,0,0,0,0,0,0,0,0,0,0,0,0,0,0,0,0,0,0,0,0,0,0,0,0,0,0,0,0,0,0,0,0,0,0,0,0,0,0,0,0,0,0,0,"","","","","",""
2085,Ujjani Dam_1,Maharashtra SW,27,Maharashtra,496,Solapur,-,-,-,-,-,-,-,-,-,18.07402000,75.12002000,25-02-2024 18:00,0,0,0,0,0,0,0,0,0,0,0,0,0,0,0,0,0,0,0,0,0,0,0,0,0,0,0,0,0,0,0,0,0,0,0,0,0,0,0,0,0,0,0,0,"","","","","",""
2086,Ujjani Dam_1,Maharashtra SW,27,Maharashtra,496,Solapur,-,-,-,-,-,-,-,-,-,18.07402000,75.12002000,25-02-2024 19:00,0,0,0,0,0,0,0,0,0,0,0,0,0,0,0,0,0,0,0,0,0,0,0,0,0,0,0,0,0,0,0,0,0,0,0,0,0,0,0,0,0,0,0,0,"","","","","",""
2087,Ujjani Dam_1,Maharashtra SW,27,Maharashtra,496,Solapur,-,-,-,-,-,-,-,-,-,18.07402000,75.12002000,25-02-2024 21:00,0,0,0,0,0,0,0,0,0,0,0,0,0,0,0,0,0,0,0,0,0,0,0,0,0,0,0,0,0,0,0,0,0,0,0,0,0,0,0,0,0,0,0,0,"","","","","",""
2088,Ujjani Dam_1,Maharashtra SW,27,Maharashtra,496,Solapur,-,-,-,-,-,-,-,-,-,18.07402000,75.12002000,25-02-2024 22:00,0,0,0,0,0,0,0,0,0,0,0,0,0,0,0,0,0,0,0,0,0,0,0,0,0,0,0,0,0,0,0,0,0,0,0,0,0,0,0,0,0,0,0,0,"","","","","",""
2089,Ujjani Dam_1,Maharashtra SW,27,Maharashtra,496,Solapur,-,-,-,-,-,-,-,-,-,18.07402000,75.12002000,26-02-2024 00:00,0,0,0,0,0,0,0,0,0,0,0,0,0,0,0,0,0,0,0,0,0,0,0,0,0,0,0,0,0,0,0,0,0,0,0,0,0,0,0,0,0,0,0,0,"","","","","",""
2090,Ujjani Dam_1,Maharashtra SW,27,Maharashtra,496,Solapur,-,-,-,-,-,-,-,-,-,18.07402000,75.12002000,26-02-2024 01:00,0,0,0,0,0,0,0,0,0,0,0,0,0,0,0,0,0,0,0,0,0,0,0,0,0,0,0,0,0,0,0,0,0,0,0,0,0,0,0,0,0,0,0,0,"","","","","",""
2091,Ujjani Dam_1,Maharashtra SW,27,Maharashtra,496,Solapur,-,-,-,-,-,-,-,-,-,18.07402000,75.12002000,26-02-2024 03:00,0,0,0,0,0,0,0,0,0,0,0,0,0,0,0,0,0,0,0,0,0,0,0,0,0,0,0,0,0,0,0,0,0,0,0,0,0,0,0,0,0,0,0,0,"","","","","",""
2092,Ujjani Dam_1,Maharashtra SW,27,Maharashtra,496,Solapur,-,-,-,-,-,-,-,-,-,18.07402000,75.12002000,26-02-2024 04:00,0,0,0,0,0,0,0,0,0,0,0,0,0,0,0,0,0,0,0,0,0,0,0,0,0,0,0,0,0,0,0,0,0,0,0,0,0,0,0,0,0,0,0,0,"","","","","",""
2093,Ujjani Dam_1,Maharashtra SW,27,Maharashtra,496,Solapur,-,-,-,-,-,-,-,-,-,18.07402000,75.12002000,26-02-2024 05:00,0,0,0,0,0,0,0,0,0,0,0,0,0,0,0,0,0,0,0,0,0,0,0,0,0,0,0,0,0,0,0,0,0,0,0,0,0,0,0,0,0,0,0,0,"","","","","",""
2094,Ujjani Dam_1,Maharashtra SW,27,Maharashtra,496,Solapur,-,-,-,-,-,-,-,-,-,18.07402000,75.12002000,26-02-2024 07:00,0,0,0,0,0,0,0,0,0,0,0,0,0,0,0,0,0,0,0,0,0,0,0,0,0,0,0,0,0,0,0,0,0,0,0,0,0,0,0,0,0,0,0,0,"","","","","",""
2095,Ujjani Dam_1,Maharashtra SW,27,Maharashtra,496,Solapur,-,-,-,-,-,-,-,-,-,18.07402000,75.12002000,26-02-2024 08:00,0,0,0,0,0,0,0,0,0,0,0,0,0,0,0,0,0,0,0,0,0,0,0,0,0,0,0,0,0,0,0,0,0,0,0,0,0,0,0,0,0,0,0,0,"","","","","",""
2096,Ujjani Dam_1,Maharashtra SW,27,Maharashtra,496,Solapur,-,-,-,-,-,-,-,-,-,18.07402000,75.12002000,26-02-2024 10:00,0,0,0,0,0,0,0,0,0,0,0,0,0,0,0,0,0,0,0,0,0,0,0,0,0,0,0,0,0,0,0,0,0,0,0,0,0,0,0,0,0,0,0,0,"","","","","",""
2097,Ujjani Dam_1,Maharashtra SW,27,Maharashtra,496,Solapur,-,-,-,-,-,-,-,-,-,18.07402000,75.12002000,26-02-2024 19:00,0,0,0,0,0,0,0,0,0,0,0,0,0,0,0,0,0,0,0,0,0,0,0,0,0,0,0,0,0,0,0,0,0,0,0,0,0,0,0,0,0,0,0,0,"","","","","",""
2098,Ujjani Dam_1,Maharashtra SW,27,Maharashtra,496,Solapur,-,-,-,-,-,-,-,-,-,18.07402000,75.12002000,26-02-2024 20:00,0,0,0,0,0,0,0,0,0,0,0,0,0,0,0,0,0,0,0,0,0,0,0,0,0,0,0,0,0,0,0,0,0,0,0,0,0,0,0,0,0,0,0,0,"","","","","",""
2099,Ujjani Dam_1,Maharashtra SW,27,Maharashtra,496,Solapur,-,-,-,-,-,-,-,-,-,18.07402000,75.12002000,26-02-2024 22:00,0,0,0,0,0,0,0,0,0,0,0,0,0,0,0,0,0,0,0,0,0,0,0,0,0,0,0,0,0,0,0,0,0,0,0,0,0,0,0,0,0,0,0,0,"","","","","",""
2100,Ujjani Dam_1,Maharashtra SW,27,Maharashtra,496,Solapur,-,-,-,-,-,-,-,-,-,18.07402000,75.12002000,26-02-2024 23:00,0,0,0,0,0,0,0,0,0,0,0,0,0,0,0,0,0,0,0,0,0,0,0,0,0,0,0,0,0,0,0,0,0,0,0,0,0,0,0,0,0,0,0,0,"","","","","",""
2101,Ujjani Dam_1,Maharashtra SW,27,Maharashtra,496,Solapur,-,-,-,-,-,-,-,-,-,18.07402000,75.12002000,27-02-2024 01:00,0,0,0,0,0,0,0,0,0,0,0,0,0,0,0,0,0,0,0,0,0,0,0,0,0,0,0,0,0,0,0,0,0,0,0,0,0,0,0,0,0,0,0,0,"","","","","",""
2102,Ujjani Dam_1,Maharashtra SW,27,Maharashtra,496,Solapur,-,-,-,-,-,-,-,-,-,18.07402000,75.12002000,27-02-2024 02:00,0,0,0,0,0,0,0,0,0,0,0,0,0,0,0,0,0,0,0,0,0,0,0,0,0,0,0,0,0,0,0,0,0,0,0,0,0,0,0,0,0,0,0,0,"","","","","",""
2103,Ujjani Dam_1,Maharashtra SW,27,Maharashtra,496,Solapur,-,-,-,-,-,-,-,-,-,18.07402000,75.12002000,27-02-2024 04:00,0,0,0,0,0,0,0,0,0,0,0,0,0,0,0,0,0,0,0,0,0,0,0,0,0,0,0,0,0,0,0,0,0,0,0,0,0,0,0,0,0,0,0,0,"","","","","",""
2104,Ujjani Dam_1,Maharashtra SW,27,Maharashtra,496,Solapur,-,-,-,-,-,-,-,-,-,18.07402000,75.12002000,27-02-2024 05:00,0,0,0,0,0,0,0,0,0,0,0,0,0,0,0,0,0,0,0,0,0,0,0,0,0,0,0,0,0,0,0,0,0,0,0,0,0,0,0,0,0,0,0,0,"","","","","",""
2105,Ujjani Dam_1,Maharashtra SW,27,Maharashtra,496,Solapur,-,-,-,-,-,-,-,-,-,18.07402000,75.12002000,27-02-2024 07:00,0,0,0,0,0,0,0,0,0,0,0,0,0,0,0,0,0,0,0,0,0,0,0,0,0,0,0,0,0,0,0,0,0,0,0,0,0,0,0,0,0,0,0,0,"","","","","",""
2106,Ujjani Dam_1,Maharashtra SW,27,Maharashtra,496,Solapur,-,-,-,-,-,-,-,-,-,18.07402000,75.12002000,27-02-2024 08:00,0,0,0,0,0,0,0,0,0,0,0,0,0,0,0,0,0,0,0,0,0,0,0,0,0,0,0,0,0,0,0,0,0,0,0,0,0,0,0,0,0,0,0,0,"","","","","",""
2107,Ujjani Dam_1,Maharashtra SW,27,Maharashtra,496,Solapur,-,-,-,-,-,-,-,-,-,18.07402000,75.12002000,27-02-2024 10:00,0,0,0,0,0,0,0,0,0,0,0,0,0,0,0,0,0,0,0,0,0,0,0,0,0,0,0,0,0,0,0,0,0,0,0,0,0,0,0,0,0,0,0,0,"","","","","",""
2108,Ujjani Dam_1,Maharashtra SW,27,Maharashtra,496,Solapur,-,-,-,-,-,-,-,-,-,18.07402000,75.12002000,27-02-2024 11:00,0,0,0,0,0,0,0,0,0,0,0,0,0,0,0,0,0,0,0,0,0,0,0,0,0,0,0,0,0,0,0,0,0,0,0,0,0,0,0,0,0,0,0,0,"","","","","",""
2109,Ujjani Dam_1,Maharashtra SW,27,Maharashtra,496,Solapur,-,-,-,-,-,-,-,-,-,18.07402000,75.12002000,27-02-2024 12:00,0,0,0,0,0,0,0,0,0,0,0,0,0,0,0,0,0,0,0,0,0,0,0,0,0,0,0,0,0,0,0,0,0,0,0,0,0,0,0,0,0,0,0,0,"","","","","",""
2110,Ujjani Dam_1,Maharashtra SW,27,Maharashtra,496,Solapur,-,-,-,-,-,-,-,-,-,18.07402000,75.12002000,27-02-2024 14:00,0,0,0,0,0,0,0,0,0,0,0,0,0,0,0,0,0,0,0,0,0,0,0,0,0,0,0,0,0,0,0,0,0,0,0,0,0,0,0,0,0,0,0,0,"","","","","",""
2111,Ujjani Dam_1,Maharashtra SW,27,Maharashtra,496,Solapur,-,-,-,-,-,-,-,-,-,18.07402000,75.12002000,27-02-2024 15:00,0,0,0,0,0,0,0,0,0,0,0,0,0,0,0,0,0,0,0,0,0,0,0,0,0,0,0,0,0,0,0,0,0,0,0,0,0,0,0,0,0,0,0,0,"","","","","",""
2112,Ujjani Dam_1,Maharashtra SW,27,Maharashtra,496,Solapur,-,-,-,-,-,-,-,-,-,18.07402000,75.12002000,27-02-2024 17:00,0,0,0,0,0,0,0,0,0,0,0,0,0,0,0,0,0,0,0,0,0,0,0,0,0,0,0,0,0,0,0,0,0,0,0,0,0,0,0,0,0,0,0,0,"","","","","",""
2113,Ujjani Dam_1,Maharashtra SW,27,Maharashtra,496,Solapur,-,-,-,-,-,-,-,-,-,18.07402000,75.12002000,27-02-2024 18:00,0,0,0,0,0,0,0,0,0,0,0,0,0,0,0,0,0,0,0,0,0,0,0,0,0,0,0,0,0,0,0,0,0,0,0,0,0,0,0,0,0,0,0,0,"","","","","",""
2114,Ujjani Dam_1,Maharashtra SW,27,Maharashtra,496,Solapur,-,-,-,-,-,-,-,-,-,18.07402000,75.12002000,27-02-2024 20:00,0,0,0,0,0,0,0,0,0,0,0,0,0,0,0,0,0,0,0,0,0,0,0,0,0,0,0,0,0,0,0,0,0,0,0,0,0,0,0,0,0,0,0,0,"","","","","",""
2115,Ujjani Dam_1,Maharashtra SW,27,Maharashtra,496,Solapur,-,-,-,-,-,-,-,-,-,18.07402000,75.12002000,27-02-2024 21:00,0,0,0,0,0,0,0,0,0,0,0,0,0,0,0,0,0,0,0,0,0,0,0,0,0,0,0,0,0,0,0,0,0,0,0,0,0,0,0,0,0,0,0,0,"","","","","",""
2116,Ujjani Dam_1,Maharashtra SW,27,Maharashtra,496,Solapur,-,-,-,-,-,-,-,-,-,18.07402000,75.12002000,27-02-2024 23:00,0,0,0,0,0,0,0,0,0,0,0,0,0,0,0,0,0,0,0,0,0,0,0,0,0,0,0,0,0,0,0,0,0,0,0,0,0,0,0,0,0,0,0,0,"","","","","",""
2117,Ujjani Dam_1,Maharashtra SW,27,Maharashtra,496,Solapur,-,-,-,-,-,-,-,-,-,18.07402000,75.12002000,28-02-2024 00:00,0,0,0,0,0,0,0,0,0,0,0,0,0,0,0,0,0,0,0,0,0,0,0,0,0,0,0,0,0,0,0,0,0,0,0,0,0,0,0,0,0,0,0,0,"","","","","",""
2118,Ujjani Dam_1,Maharashtra SW,27,Maharashtra,496,Solapur,-,-,-,-,-,-,-,-,-,18.07402000,75.12002000,28-02-2024 02:00,0,0,0,0,0,0,0,0,0,0,0,0,0,0,0,0,0,0,0,0,0,0,0,0,0,0,0,0,0,0,0,0,0,0,0,0,0,0,0,0,0,0,0,0,"","","","","",""
2119,Ujjani Dam_1,Maharashtra SW,27,Maharashtra,496,Solapur,-,-,-,-,-,-,-,-,-,18.07402000,75.12002000,28-02-2024 03:00,0,0,0,0,0,0,0,0,0,0,0,0,0,0,0,0,0,0,0,0,0,0,0,0,0,0,0,0,0,0,0,0,0,0,0,0,0,0,0,0,0,0,0,0,"","","","","",""
2120,Ujjani Dam_1,Maharashtra SW,27,Maharashtra,496,Solapur,-,-,-,-,-,-,-,-,-,18.07402000,75.12002000,28-02-2024 05:00,0,0,0,0,0,0,0,0,0,0,0,0,0,0,0,0,0,0,0,0,0,0,0,0,0,0,0,0,0,0,0,0,0,0,0,0,0,0,0,0,0,0,0,0,"","","","","",""
2121,Ujjani Dam_1,Maharashtra SW,27,Maharashtra,496,Solapur,-,-,-,-,-,-,-,-,-,18.07402000,75.12002000,28-02-2024 06:00,0,0,0,0,0,0,0,0,0,0,0,0,0,0,0,0,0,0,0,0,0,0,0,0,0,0,0,0,0,0,0,0,0,0,0,0,0,0,0,0,0,0,0,0,"","","","","",""
2122,Ujjani Dam_1,Maharashtra SW,27,Maharashtra,496,Solapur,-,-,-,-,-,-,-,-,-,18.07402000,75.12002000,28-02-2024 08:00,0,0,0,0,0,0,0,0,0,0,0,0,0,0,0,0,0,0,0,0,0,0,0,0,0,0,0,0,0,0,0,0,0,0,0,0,0,0,0,0,0,0,0,0,"","","","","",""
2123,Ujjani Dam_1,Maharashtra SW,27,Maharashtra,496,Solapur,-,-,-,-,-,-,-,-,-,18.07402000,75.12002000,28-02-2024 09:00,0,0,0,0,0,0,0,0,0,0,0,0,0,0,0,0,0,0,0,0,0,0,0,0,0,0,0,0,0,0,0,0,0,0,0,0,0,0,0,0,0,0,0,0,"","","","","",""
2124,Ujjani Dam_1,Maharashtra SW,27,Maharashtra,496,Solapur,-,-,-,-,-,-,-,-,-,18.07402000,75.12002000,28-02-2024 10:00,0,0,0,0,0,0,0,0,0,0,0,0,0,0,0,0,0,0,0,0,0,0,0,0,0,0,0,0,0,0,0,0,0,0,0,0,0,0,0,0,0,0,0,0,"","","","","",""
2125,Ujjani Dam_1,Maharashtra SW,27,Maharashtra,496,Solapur,-,-,-,-,-,-,-,-,-,18.07402000,75.12002000,28-02-2024 11:00,0,0,0,0,0,0,0,0,0,0,0,0,0,0,0,0,0,0,0,0,0,0,0,0,0,0,0,0,0,0,0,0,0,0,0,0,0,0,0,0,0,0,0,0,"","","","","",""
2126,Ujjani Dam_1,Maharashtra SW,27,Maharashtra,496,Solapur,-,-,-,-,-,-,-,-,-,18.07402000,75.12002000,28-02-2024 12:00,0,0,0,0,0,0,0,0,0,0,0,0,0,0,0,0,0,0,0,0,0,0,0,0,0,0,0,0,0,0,0,0,0,0,0,0,0,0,0,0,0,0,0,0,"","","","","",""
2127,Ujjani Dam_1,Maharashtra SW,27,Maharashtra,496,Solapur,-,-,-,-,-,-,-,-,-,18.07402000,75.12002000,28-02-2024 13:00,0,0,0,0,0,0,0,0,0,0,0,0,0,0,0,0,0,0,0,0,0,0,0,0,0,0,0,0,0,0,0,0,0,0,0,0,0,0,0,0,0,0,0,0,"","","","","",""
2128,Ujjani Dam_1,Maharashtra SW,27,Maharashtra,496,Solapur,-,-,-,-,-,-,-,-,-,18.07402000,75.12002000,28-02-2024 14:00,0,0,0,0,0,0,0,0,0,0,0,0,0,0,0,0,0,0,0,0,0,0,0,0,0,0,0,0,0,0,0,0,0,0,0,0,0,0,0,0,0,0,0,0,"","","","","",""
2129,Ujjani Dam_1,Maharashtra SW,27,Maharashtra,496,Solapur,-,-,-,-,-,-,-,-,-,18.07402000,75.12002000,28-02-2024 15:00,0,0,0,0,0,0,0,0,0,0,0,0,0,0,0,0,0,0,0,0,0,0,0,0,0,0,0,0,0,0,0,0,0,0,0,0,0,0,0,0,0,0,0,0,"","","","","",""
2130,Ujjani Dam_1,Maharashtra SW,27,Maharashtra,496,Solapur,-,-,-,-,-,-,-,-,-,18.07402000,75.12002000,28-02-2024 16:00,0,0,0,0,0,0,0,0,0,0,0,0,0,0,0,0,0,0,0,0,0,0,0,0,0,0,0,0,0,0,0,0,0,0,0,0,0,0,0,0,0,0,0,0,"","","","","",""
2131,Ujjani Dam_1,Maharashtra SW,27,Maharashtra,496,Solapur,-,-,-,-,-,-,-,-,-,18.07402000,75.12002000,28-02-2024 17:00,0,0,0,0,0,0,0,0,0,0,0,0,0,0,0,0,0,0,0,0,0,0,0,0,0,0,0,0,0,0,0,0,0,0,0,0,0,0,0,0,0,0,0,0,"","","","","",""
2132,Ujjani Dam_1,Maharashtra SW,27,Maharashtra,496,Solapur,-,-,-,-,-,-,-,-,-,18.07402000,75.12002000,28-02-2024 18:00,0,0,0,0,0,0,0,0,0,0,0,0,0,0,0,0,0,0,0,0,0,0,0,0,0,0,0,0,0,0,0,0,0,0,0,0,0,0,0,0,0,0,0,0,"","","","","",""
2133,Ujjani Dam_1,Maharashtra SW,27,Maharashtra,496,Solapur,-,-,-,-,-,-,-,-,-,18.07402000,75.12002000,28-02-2024 19:00,0,0,0,0,0,0,0,0,0,0,0,0,0,0,0,0,0,0,0,0,0,0,0,0,0,0,0,0,0,0,0,0,0,0,0,0,0,0,0,0,0,0,0,0,"","","","","",""
2134,Ujjani Dam_1,Maharashtra SW,27,Maharashtra,496,Solapur,-,-,-,-,-,-,-,-,-,18.07402000,75.12002000,28-02-2024 21:00,0,0,0,0,0,0,0,0,0,0,0,0,0,0,0,0,0,0,0,0,0,0,0,0,0,0,0,0,0,0,0,0,0,0,0,0,0,0,0,0,0,0,0,0,"","","","","",""
2135,Ujjani Dam_1,Maharashtra SW,27,Maharashtra,496,Solapur,-,-,-,-,-,-,-,-,-,18.07402000,75.12002000,28-02-2024 22:00,0,0,0,0,0,0,0,0,0,0,0,0,0,0,0,0,0,0,0,0,0,0,0,0,0,0,0,0,0,0,0,0,0,0,0,0,0,0,0,0,0,0,0,0,"","","","","",""
2136,Ujjani Dam_1,Maharashtra SW,27,Maharashtra,496,Solapur,-,-,-,-,-,-,-,-,-,18.07402000,75.12002000,29-02-2024 00:00,0,0,0,0,0,0,0,0,0,0,0,0,0,0,0,0,0,0,0,0,0,0,0,0,0,0,0,0,0,0,0,0,0,0,0,0,0,0,0,0,0,0,0,0,"","","","","",""
2137,Ujjani Dam_1,Maharashtra SW,27,Maharashtra,496,Solapur,-,-,-,-,-,-,-,-,-,18.07402000,75.12002000,29-02-2024 01:00,0,0,0,0,0,0,0,0,0,0,0,0,0,0,0,0,0,0,0,0,0,0,0,0,0,0,0,0,0,0,0,0,0,0,0,0,0,0,0,0,0,0,0,0,"","","","","",""
2138,Ujjani Dam_1,Maharashtra SW,27,Maharashtra,496,Solapur,-,-,-,-,-,-,-,-,-,18.07402000,75.12002000,29-02-2024 03:00,0,0,0,0,0,0,0,0,0,0,0,0,0,0,0,0,0,0,0,0,0,0,0,0,0,0,0,0,0,0,0,0,0,0,0,0,0,0,0,0,0,0,0,0,"","","","","",""
2139,Ujjani Dam_1,Maharashtra SW,27,Maharashtra,496,Solapur,-,-,-,-,-,-,-,-,-,18.07402000,75.12002000,29-02-2024 04:00,0,0,0,0,0,0,0,0,0,0,0,0,0,0,0,0,0,0,0,0,0,0,0,0,0,0,0,0,0,0,0,0,0,0,0,0,0,0,0,0,0,0,0,0,"","","","","",""
2140,Ujjani Dam_1,Maharashtra SW,27,Maharashtra,496,Solapur,-,-,-,-,-,-,-,-,-,18.07402000,75.12002000,29-02-2024 06:00,0,0,0,0,0,0,0,0,0,0,0,0,0,0,0,0,0,0,0,0,0,0,0,0,0,0,0,0,0,0,0,0,0,0,0,0,0,0,0,0,0,0,0,0,"","","","","",""
2141,Ujjani Dam_1,Maharashtra SW,27,Maharashtra,496,Solapur,-,-,-,-,-,-,-,-,-,18.07402000,75.12002000,29-02-2024 07:00,0,0,0,0,0,0,0,0,0,0,0,0,0,0,0,0,0,0,0,0,0,0,0,0,0,0,0,0,0,0,0,0,0,0,0,0,0,0,0,0,0,0,0,0,"","","","","",""
2142,Ujjani Dam_1,Maharashtra SW,27,Maharashtra,496,Solapur,-,-,-,-,-,-,-,-,-,18.07402000,75.12002000,29-02-2024 09:00,0,0,0,0,0,0,0,0,0,0,0,0,0,0,0,0,0,0,0,0,0,0,0,0,0,0,0,0,0,0,0,0,0,0,0,0,0,0,0,0,0,0,0,0,"","","","","",""
2143,Ujjani Dam_1,Maharashtra SW,27,Maharashtra,496,Solapur,-,-,-,-,-,-,-,-,-,18.07402000,75.12002000,29-02-2024 10:00,0,0,0,0,0,0,0,0,0,0,0,0,0,0,0,0,0,0,0,0,0,0,0,0,0,0,0,0,0,0,0,0,0,0,0,0,0,0,0,0,0,0,0,0,"","","","","",""
2144,Ujjani Dam_1,Maharashtra SW,27,Maharashtra,496,Solapur,-,-,-,-,-,-,-,-,-,18.07402000,75.12002000,29-02-2024 12:00,0,0,0,0,0,0,0,0,0,0,0,0,0,0,0,0,0,0,0,0,0,0,0,0,0,0,0,0,0,0,0,0,0,0,0,0,0,0,0,0,0,0,0,0,"","","","","",""
2145,Ujjani Dam_1,Maharashtra SW,27,Maharashtra,496,Solapur,-,-,-,-,-,-,-,-,-,18.07402000,75.12002000,29-02-2024 13:00,0,0,0,0,0,0,0,0,0,0,0,0,0,0,0,0,0,0,0,0,0,0,0,0,0,0,0,0,0,0,0,0,0,0,0,0,0,0,0,0,0,0,0,0,"","","","","",""
2146,Ujjani Dam_1,Maharashtra SW,27,Maharashtra,496,Solapur,-,-,-,-,-,-,-,-,-,18.07402000,75.12002000,29-02-2024 14:00,0,0,0,0,0,0,0,0,0,0,0,0,0,0,0,0,0,0,0,0,0,0,0,0,0,0,0,0,0,0,0,0,0,0,0,0,0,0,0,0,0,0,0,0,"","","","","",""
2147,Ujjani Dam_1,Maharashtra SW,27,Maharashtra,496,Solapur,-,-,-,-,-,-,-,-,-,18.07402000,75.12002000,29-02-2024 16:00,0,0,0,0,0,0,0,0,0,0,0,0,0,0,0,0,0,0,0,0,0,0,0,0,0,0,0,0,0,0,0,0,0,0,0,0,0,0,0,0,0,0,0,0,"","","","","",""
2148,Ujjani Dam_1,Maharashtra SW,27,Maharashtra,496,Solapur,-,-,-,-,-,-,-,-,-,18.07402000,75.12002000,29-02-2024 17:00,0,0,0,0,0,0,0,0,0,0,0,0,0,0,0,0,0,0,0,0,0,0,0,0,0,0,0,0,0,0,0,0,0,0,0,0,0,0,0,0,0,0,0,0,"","","","","",""
2149,Ujjani Dam_1,Maharashtra SW,27,Maharashtra,496,Solapur,-,-,-,-,-,-,-,-,-,18.07402000,75.12002000,29-02-2024 19:00,0,0,0,0,0,0,0,0,0,0,0,0,0,0,0,0,0,0,0,0,0,0,0,0,0,0,0,0,0,0,0,0,0,0,0,0,0,0,0,0,0,0,0,0,"","","","","",""
2150,Ujjani Dam_1,Maharashtra SW,27,Maharashtra,496,Solapur,-,-,-,-,-,-,-,-,-,18.07402000,75.12002000,29-02-2024 20:00,0,0,0,0,0,0,0,0,0,0,0,0,0,0,0,0,0,0,0,0,0,0,0,0,0,0,0,0,0,0,0,0,0,0,0,0,0,0,0,0,0,0,0,0,"","","","","",""
2151,Ujjani Dam_1,Maharashtra SW,27,Maharashtra,496,Solapur,-,-,-,-,-,-,-,-,-,18.07402000,75.12002000,29-02-2024 22:00,0,0,0,0,0,0,0,0,0,0,0,0,0,0,0,0,0,0,0,0,0,0,0,0,0,0,0,0,0,0,0,0,0,0,0,0,0,0,0,0,0,0,0,0,"","","","","",""
2152,Ujjani Dam_1,Maharashtra SW,27,Maharashtra,496,Solapur,-,-,-,-,-,-,-,-,-,18.07402000,75.12002000,29-02-2024 23:00,0,0,0,0,0,0,0,0,0,0,0,0,0,0,0,0,0,0,0,0,0,0,0,0,0,0,0,0,0,0,0,0,0,0,0,0,0,0,0,0,0,0,0,0,"","","","","",""
2153,Ujjani Dam_1,Maharashtra SW,27,Maharashtra,496,Solapur,-,-,-,-,-,-,-,-,-,18.07402000,75.12002000,01-03-2024 01:00,0,0,0,0,0,0,0,0,0,0,0,0,0,0,0,0,0,0,0,0,0,0,0,0,0,0,0,0,0,0,0,0,0,0,0,0,0,0,0,0,0,0,0,0,"","","","","",""
2154,Ujjani Dam_1,Maharashtra SW,27,Maharashtra,496,Solapur,-,-,-,-,-,-,-,-,-,18.07402000,75.12002000,01-03-2024 02:00,0,0,0,0,0,0,0,0,0,0,0,0,0,0,0,0,0,0,0,0,0,0,0,0,0,0,0,0,0,0,0,0,0,0,0,0,0,0,0,0,0,0,0,0,"","","","","",""
2155,Ujjani Dam_1,Maharashtra SW,27,Maharashtra,496,Solapur,-,-,-,-,-,-,-,-,-,18.07402000,75.12002000,01-03-2024 04:00,0,0,0,0,0,0,0,0,0,0,0,0,0,0,0,0,0,0,0,0,0,0,0,0,0,0,0,0,0,0,0,0,0,0,0,0,0,0,0,0,0,0,0,0,"","","","","",""
2156,Ujjani Dam_1,Maharashtra SW,27,Maharashtra,496,Solapur,-,-,-,-,-,-,-,-,-,18.07402000,75.12002000,01-03-2024 05:00,0,0,0,0,0,0,0,0,0,0,0,0,0,0,0,0,0,0,0,0,0,0,0,0,0,0,0,0,0,0,0,0,0,0,0,0,0,0,0,0,0,0,0,0,"","","","","",""
2157,Ujjani Dam_1,Maharashtra SW,27,Maharashtra,496,Solapur,-,-,-,-,-,-,-,-,-,18.07402000,75.12002000,01-03-2024 07:00,0,0,0,0,0,0,0,0,0,0,0,0,0,0,0,0,0,0,0,0,0,0,0,0,0,0,0,0,0,0,0,0,0,0,0,0,0,0,0,0,0,0,0,0,"","","","","",""
2158,Ujjani Dam_1,Maharashtra SW,27,Maharashtra,496,Solapur,-,-,-,-,-,-,-,-,-,18.07402000,75.12002000,01-03-2024 08:00,0,0,0,0,0,0,0,0,0,0,0,0,0,0,0,0,0,0,0,0,0,0,0,0,0,0,0,0,0,0,0,0,0,0,0,0,0,0,0,0,0,0,0,0,"","","","","",""
2159,Ujjani Dam_1,Maharashtra SW,27,Maharashtra,496,Solapur,-,-,-,-,-,-,-,-,-,18.07402000,75.12002000,01-03-2024 10:00,0,0,0,0,0,0,0,0,0,0,0,0,0,0,0,0,0,0,0,0,0,0,0,0,0,0,0,0,0,0,0,0,0,0,0,0,0,0,0,0,0,0,0,0,"","","","","",""
2160,Ujjani Dam_1,Maharashtra SW,27,Maharashtra,496,Solapur,-,-,-,-,-,-,-,-,-,18.07402000,75.12002000,01-03-2024 11:00,0,0,0,0,0,0,0,0,0,0,0,0,0,0,0,0,0,0,0,0,0,0,0,0,0,0,0,0,0,0,0,0,0,0,0,0,0,0,0,0,0,0,0,0,"","","","","",""
2161,Ujjani Dam_1,Maharashtra SW,27,Maharashtra,496,Solapur,-,-,-,-,-,-,-,-,-,18.07402000,75.12002000,01-03-2024 13:00,0,0,0,0,0,0,0,0,0,0,0,0,0,0,0,0,0,0,0,0,0,0,0,0,0,0,0,0,0,0,0,0,0,0,0,0,0,0,0,0,0,0,0,0,"","","","","",""
2162,Ujjani Dam_1,Maharashtra SW,27,Maharashtra,496,Solapur,-,-,-,-,-,-,-,-,-,18.07402000,75.12002000,01-03-2024 14:00,0,0,0,0,0,0,0,0,0,0,0,0,0,0,0,0,0,0,0,0,0,0,0,0,0,0,0,0,0,0,0,0,0,0,0,0,0,0,0,0,0,0,0,0,"","","","","",""
2163,Ujjani Dam_1,Maharashtra SW,27,Maharashtra,496,Solapur,-,-,-,-,-,-,-,-,-,18.07402000,75.12002000,01-03-2024 16:00,0,0,0,0,0,0,0,0,0,0,0,0,0,0,0,0,0,0,0,0,0,0,0,0,0,0,0,0,0,0,0,0,0,0,0,0,0,0,0,0,0,0,0,0,"","","","","",""
2164,Ujjani Dam_1,Maharashtra SW,27,Maharashtra,496,Solapur,-,-,-,-,-,-,-,-,-,18.07402000,75.12002000,01-03-2024 17:00,0,0,0,0,0,0,0,0,0,0,0,0,0,0,0,0,0,0,0,0,0,0,0,0,0,0,0,0,0,0,0,0,0,0,0,0,0,0,0,0,0,0,0,0,"","","","","",""
2165,Ujjani Dam_1,Maharashtra SW,27,Maharashtra,496,Solapur,-,-,-,-,-,-,-,-,-,18.07402000,75.12002000,01-03-2024 18:00,0,0,0,0,0,0,0,0,0,0,0,0,0,0,0,0,0,0,0,0,0,0,0,0,0,0,0,0,0,0,0,0,0,0,0,0,0,0,0,0,0,0,0,0,"","","","","",""
2166,Ujjani Dam_1,Maharashtra SW,27,Maharashtra,496,Solapur,-,-,-,-,-,-,-,-,-,18.07402000,75.12002000,01-03-2024 21:00,0,0,0,0,0,0,0,0,0,0,0,0,0,0,0,0,0,0,0,0,0,0,0,0,0,0,0,0,0,0,0,0,0,0,0,0,0,0,0,0,0,0,0,0,"","","","","",""
2167,Ujjani Dam_1,Maharashtra SW,27,Maharashtra,496,Solapur,-,-,-,-,-,-,-,-,-,18.07402000,75.12002000,01-03-2024 23:00,0,0,0,0,0,0,0,0,0,0,0,0,0,0,0,0,0,0,0,0,0,0,0,0,0,0,0,0,0,0,0,0,0,0,0,0,0,0,0,0,0,0,0,0,"","","","","",""
2168,Ujjani Dam_1,Maharashtra SW,27,Maharashtra,496,Solapur,-,-,-,-,-,-,-,-,-,18.07402000,75.12002000,02-03-2024 00:00,0,0,0,0,0,0,0,0,0,0,0,0,0,0,0,0,0,0,0,0,0,0,0,0,0,0,0,0,0,0,0,0,0,0,0,0,0,0,0,0,0,0,0,0,"","","","","",""
2169,Ujjani Dam_1,Maharashtra SW,27,Maharashtra,496,Solapur,-,-,-,-,-,-,-,-,-,18.07402000,75.12002000,02-03-2024 02:00,0,0,0,0,0,0,0,0,0,0,0,0,0,0,0,0,0,0,0,0,0,0,0,0,0,0,0,0,0,0,0,0,0,0,0,0,0,0,0,0,0,0,0,0,"","","","","",""
2170,Ujjani Dam_1,Maharashtra SW,27,Maharashtra,496,Solapur,-,-,-,-,-,-,-,-,-,18.07402000,75.12002000,05-03-2024 16:00,0,0,0,0,0,0,0,0,0,0,0,0,0,0,0,0,0,0,0,0,0,0,0,0,0,0,0,0,0,0,0,0,0,0,0,0,0,0,0,0,0,0,0,0,"","","","","",""
2171,Ujjani Dam_1,Maharashtra SW,27,Maharashtra,496,Solapur,-,-,-,-,-,-,-,-,-,18.07402000,75.12002000,07-03-2024 10:00,0,0,0,0,0,0,0,0,0,0,0,0,0,0,0,0,0,0,0,0,0,0,0,0,0,0,0,0,0,0,0,0,0,0,0,0,0,0,0,0,0,0,0,0,"","","","","",""
2172,Ujjani Dam_1,Maharashtra SW,27,Maharashtra,496,Solapur,-,-,-,-,-,-,-,-,-,18.07402000,75.12002000,07-03-2024 11:00,0,0,0,0,0,0,0,0,0,0,0,0,0,0,0,0,0,0,0,0,0,0,0,0,0,0,0,0,0,0,0,0,0,0,0,0,0,0,0,0,0,0,0,0,"","","","","",""
2173,Ujjani Dam_1,Maharashtra SW,27,Maharashtra,496,Solapur,-,-,-,-,-,-,-,-,-,18.07402000,75.12002000,07-03-2024 12:00,0,0,0,0,0,0,0,0,0,0,0,0,0,0,0,0,0,0,0,0,0,0,0,0,0,0,0,0,0,0,0,0,0,0,0,0,0,0,0,0,0,0,0,0,"","","","","",""
2174,Ujjani Dam_1,Maharashtra SW,27,Maharashtra,496,Solapur,-,-,-,-,-,-,-,-,-,18.07402000,75.12002000,07-03-2024 13:00,0,0,0,0,0,0,0,0,0,0,0,0,0,0,0,0,0,0,0,0,0,0,0,0,0,0,0,0,0,0,0,0,0,0,0,0,0,0,0,0,0,0,0,0,"","","","","",""
2175,Ujjani Dam_1,Maharashtra SW,27,Maharashtra,496,Solapur,-,-,-,-,-,-,-,-,-,18.07402000,75.12002000,07-03-2024 14:00,0,0,0,0,0,0,0,0,0,0,0,0,0,0,0,0,0,0,0,0,0,0,0,0,0,0,0,0,0,0,0,0,0,0,0,0,0,0,0,0,0,0,0,0,"","","","","",""
2176,Ujjani Dam_1,Maharashtra SW,27,Maharashtra,496,Solapur,-,-,-,-,-,-,-,-,-,18.07402000,75.12002000,07-03-2024 16:00,0,0,0,0,0,0,0,0,0,0,0,0,0,0,0,0,0,0,0,0,0,0,0,0,0,0,0,0,0,0,0,0,0,0,0,0,0,0,0,0,0,0,0,0,"","","","","",""
2177,Ujjani Dam_1,Maharashtra SW,27,Maharashtra,496,Solapur,-,-,-,-,-,-,-,-,-,18.07402000,75.12002000,08-03-2024 16:00,0,0,0,0,0,0,0,0,0,0,0,0,0,0,0,0,0,0,0,0,0,0,0,0,0,0,0,0,0,0,0,0,0,0,0,0,0,0,0,0,0,0,0,0,"","","","","",""
2178,Ujjani Dam_1,Maharashtra SW,27,Maharashtra,496,Solapur,-,-,-,-,-,-,-,-,-,18.07402000,75.12002000,13-03-2024 11:00,0,0,0,0,0,0,0,0,0,0,0,0,0,0,0,0,0,0,0,0,0,0,0,0,0,0,0,0,0,0,0,0,0,0,0,0,0,0,0,0,0,0,0,0,"","","","","",""
2179,Ujjani Dam_1,Maharashtra SW,27,Maharashtra,496,Solapur,-,-,-,-,-,-,-,-,-,18.07402000,75.12002000,13-03-2024 12:00,0,0,0,0,0,0,0,0,0,0,0,0,0,0,0,0,0,0,0,0,0,0,0,0,0,0,0,0,0,0,0,0,0,0,0,0,0,0,0,0,0,0,0,0,"","","","","",""
2180,Ujjani Dam_1,Maharashtra SW,27,Maharashtra,496,Solapur,-,-,-,-,-,-,-,-,-,18.07402000,75.12002000,13-03-2024 14:00,0,0,0,0,0,0,0,0,0,0,0,0,0,0,0,0,0,0,0,0,0,0,0,0,0,0,0,0,0,0,0,0,0,0,0,0,0,0,0,0,0,0,0,0,"","","","","",""
2181,Ujjani Dam_1,Maharashtra SW,27,Maharashtra,496,Solapur,-,-,-,-,-,-,-,-,-,18.07402000,75.12002000,13-03-2024 15:00,0,0,0,0,0,0,0,0,0,0,0,0,0,0,0,0,0,0,0,0,0,0,0,0,0,0,0,0,0,0,0,0,0,0,0,0,0,0,0,0,0,0,0,0,"","","","","",""
2182,Ujjani Dam_1,Maharashtra SW,27,Maharashtra,496,Solapur,-,-,-,-,-,-,-,-,-,18.07402000,75.12002000,13-03-2024 16:00,0,0,0,0,0,0,0,0,0,0,0,0,0,0,0,0,0,0,0,0,0,0,0,0,0,0,0,0,0,0,0,0,0,0,0,0,0,0,0,0,0,0,0,0,"","","","","",""
2183,Ujjani Dam_1,Maharashtra SW,27,Maharashtra,496,Solapur,-,-,-,-,-,-,-,-,-,18.07402000,75.12002000,13-03-2024 17:00,0,0,0,0,0,0,0,0,0,0,0,0,0,0,0,0,0,0,0,0,0,0,0,0,0,0,0,0,0,0,0,0,0,0,0,0,0,0,0,0,0,0,0,0,"","","","","",""
2184,Ujjani Dam_1,Maharashtra SW,27,Maharashtra,496,Solapur,-,-,-,-,-,-,-,-,-,18.07402000,75.12002000,13-03-2024 18:00,0,0,0,0,0,0,0,0,0,0,0,0,0,0,0,0,0,0,0,0,0,0,0,0,0,0,0,0,0,0,0,0,0,0,0,0,0,0,0,0,0,0,0,0,"","","","","",""
2185,Ujjani Dam_1,Maharashtra SW,27,Maharashtra,496,Solapur,-,-,-,-,-,-,-,-,-,18.07402000,75.12002000,13-03-2024 19:00,0,0,0,0,0,0,0,0,0,0,0,0,0,0,0,0,0,0,0,0,0,0,0,0,0,0,0,0,0,0,0,0,0,0,0,0,0,0,0,0,0,0,0,0,"","","","","",""
2186,Ujjani Dam_1,Maharashtra SW,27,Maharashtra,496,Solapur,-,-,-,-,-,-,-,-,-,18.07402000,75.12002000,13-03-2024 20:00,0,0,0,0,0,0,0,0,0,0,0,0,0,0,0,0,0,0,0,0,0,0,0,0,0,0,0,0,0,0,0,0,0,0,0,0,0,0,0,0,0,0,0,0,"","","","","",""
2187,Ujjani Dam_1,Maharashtra SW,27,Maharashtra,496,Solapur,-,-,-,-,-,-,-,-,-,18.07402000,75.12002000,13-03-2024 21:00,0,0,0,0,0,0,0,0,0,0,0,0,0,0,0,0,0,0,0,0,0,0,0,0,0,0,0,0,0,0,0,0,0,0,0,0,0,0,0,0,0,0,0,0,"","","","","",""
2188,Ujjani Dam_1,Maharashtra SW,27,Maharashtra,496,Solapur,-,-,-,-,-,-,-,-,-,18.07402000,75.12002000,13-03-2024 22:00,0,0,0,0,0,0,0,0,0,0,0,0,0,0,0,0,0,0,0,0,0,0,0,0,0,0,0,0,0,0,0,0,0,0,0,0,0,0,0,0,0,0,0,0,"","","","","",""
2189,Ujjani Dam_1,Maharashtra SW,27,Maharashtra,496,Solapur,-,-,-,-,-,-,-,-,-,18.07402000,75.12002000,13-03-2024 23:00,0,0,0,0,0,0,0,0,0,0,0,0,0,0,0,0,0,0,0,0,0,0,0,0,0,0,0,0,0,0,0,0,0,0,0,0,0,0,0,0,0,0,0,0,"","","","","",""
2190,Ujjani Dam_1,Maharashtra SW,27,Maharashtra,496,Solapur,-,-,-,-,-,-,-,-,-,18.07402000,75.12002000,14-03-2024 01:00,0,0,0,0,0,0,0,0,0,0,0,0,0,0,0,0,0,0,0,0,0,0,0,0,0,0,0,0,0,0,0,0,0,0,0,0,0,0,0,0,0,0,0,0,"","","","","",""
2191,Ujjani Dam_1,Maharashtra SW,27,Maharashtra,496,Solapur,-,-,-,-,-,-,-,-,-,18.07402000,75.12002000,14-03-2024 02:00,0,0,0,0,0,0,0,0,0,0,0,0,0,0,0,0,0,0,0,0,0,0,0,0,0,0,0,0,0,0,0,0,0,0,0,0,0,0,0,0,0,0,0,0,"","","","","",""
2192,Ujjani Dam_1,Maharashtra SW,27,Maharashtra,496,Solapur,-,-,-,-,-,-,-,-,-,18.07402000,75.12002000,14-03-2024 03:00,0,0,0,0,0,0,0,0,0,0,0,0,0,0,0,0,0,0,0,0,0,0,0,0,0,0,0,0,0,0,0,0,0,0,0,0,0,0,0,0,0,0,0,0,"","","","","",""
2193,Ujjani Dam_1,Maharashtra SW,27,Maharashtra,496,Solapur,-,-,-,-,-,-,-,-,-,18.07402000,75.12002000,14-03-2024 04:00,0,0,0,0,0,0,0,0,0,0,0,0,0,0,0,0,0,0,0,0,0,0,0,0,0,0,0,0,0,0,0,0,0,0,0,0,0,0,0,0,0,0,0,0,"","","","","",""
2194,Ujjani Dam_1,Maharashtra SW,27,Maharashtra,496,Solapur,-,-,-,-,-,-,-,-,-,18.07402000,75.12002000,14-03-2024 05:00,0,0,0,0,0,0,0,0,0,0,0,0,0,0,0,0,0,0,0,0,0,0,0,0,0,0,0,0,0,0,0,0,0,0,0,0,0,0,0,0,0,0,0,0,"","","","","",""
2195,Ujjani Dam_1,Maharashtra SW,27,Maharashtra,496,Solapur,-,-,-,-,-,-,-,-,-,18.07402000,75.12002000,14-03-2024 06:00,0,0,0,0,0,0,0,0,0,0,0,0,0,0,0,0,0,0,0,0,0,0,0,0,0,0,0,0,0,0,0,0,0,0,0,0,0,0,0,0,0,0,0,0,"","","","","",""
2196,Ujjani Dam_1,Maharashtra SW,27,Maharashtra,496,Solapur,-,-,-,-,-,-,-,-,-,18.07402000,75.12002000,14-03-2024 07:00,0,0,0,0,0,0,0,0,0,0,0,0,0,0,0,0,0,0,0,0,0,0,0,0,0,0,0,0,0,0,0,0,0,0,0,0,0,0,0,0,0,0,0,0,"","","","","",""
2197,Ujjani Dam_1,Maharashtra SW,27,Maharashtra,496,Solapur,-,-,-,-,-,-,-,-,-,18.07402000,75.12002000,14-03-2024 08:00,0,0,0,0,0,0,0,0,0,0,0,0,0,0,0,0,0,0,0,0,0,0,0,0,0,0,0,0,0,0,0,0,0,0,0,0,0,0,0,0,0,0,0,0,"","","","","",""
2198,Ujjani Dam_1,Maharashtra SW,27,Maharashtra,496,Solapur,-,-,-,-,-,-,-,-,-,18.07402000,75.12002000,14-03-2024 09:00,0,0,0,0,0,0,0,0,0,0,0,0,0,0,0,0,0,0,0,0,0,0,0,0,0,0,0,0,0,0,0,0,0,0,0,0,0,0,0,0,0,0,0,0,"","","","","",""
2199,Ujjani Dam_1,Maharashtra SW,27,Maharashtra,496,Solapur,-,-,-,-,-,-,-,-,-,18.07402000,75.12002000,14-03-2024 10:00,0,0,0,0,0,0,0,0,0,0,0,0,0,0,0,0,0,0,0,0,0,0,0,0,0,0,0,0,0,0,0,0,0,0,0,0,0,0,0,0,0,0,0,0,"","","","","",""
2200,Ujjani Dam_1,Maharashtra SW,27,Maharashtra,496,Solapur,-,-,-,-,-,-,-,-,-,18.07402000,75.12002000,14-03-2024 11:00,0,0,0,0,0,0,0,0,0,0,0,0,0,0,0,0,0,0,0,0,0,0,0,0,0,0,0,0,0,0,0,0,0,0,0,0,0,0,0,0,0,0,0,0,"","","","","",""
2201,Ujjani Dam_1,Maharashtra SW,27,Maharashtra,496,Solapur,-,-,-,-,-,-,-,-,-,18.07402000,75.12002000,14-03-2024 12:00,0,0,0,0,0,0,0,0,0,0,0,0,0,0,0,0,0,0,0,0,0,0,0,0,0,0,0,0,0,0,0,0,0,0,0,0,0,0,0,0,0,0,0,0,"","","","","",""
2202,Ujjani Dam_1,Maharashtra SW,27,Maharashtra,496,Solapur,-,-,-,-,-,-,-,-,-,18.07402000,75.12002000,14-03-2024 13:00,0,0,0,0,0,0,0,0,0,0,0,0,0,0,0,0,0,0,0,0,0,0,0,0,0,0,0,0,0,0,0,0,0,0,0,0,0,0,0,0,0,0,0,0,"","","","","",""
2203,Ujjani Dam_1,Maharashtra SW,27,Maharashtra,496,Solapur,-,-,-,-,-,-,-,-,-,18.07402000,75.12002000,14-03-2024 14:00,0,0,0,0,0,0,0,0,0,0,0,0,0,0,0,0,0,0,0,0,0,0,0,0,0,0,0,0,0,0,0,0,0,0,0,0,0,0,0,0,0,0,0,0,"","","","","",""
2204,Ujjani Dam_1,Maharashtra SW,27,Maharashtra,496,Solapur,-,-,-,-,-,-,-,-,-,18.07402000,75.12002000,14-03-2024 15:00,0,0,0,0,0,0,0,0,0,0,0,0,0,0,0,0,0,0,0,0,0,0,0,0,0,0,0,0,0,0,0,0,0,0,0,0,0,0,0,0,0,0,0,0,"","","","","",""
2205,Ujjani Dam_1,Maharashtra SW,27,Maharashtra,496,Solapur,-,-,-,-,-,-,-,-,-,18.07402000,75.12002000,14-03-2024 16:00,0,0,0,0,0,0,0,0,0,0,0,0,0,0,0,0,0,0,0,0,0,0,0,0,0,0,0,0,0,0,0,0,0,0,0,0,0,0,0,0,0,0,0,0,"","","","","",""
2206,Ujjani Dam_1,Maharashtra SW,27,Maharashtra,496,Solapur,-,-,-,-,-,-,-,-,-,18.07402000,75.12002000,14-03-2024 17:00,0,0,0,0,0,0,0,0,0,0,0,0,0,0,0,0,0,0,0,0,0,0,0,0,0,0,0,0,0,0,0,0,0,0,0,0,0,0,0,0,0,0,0,0,"","","","","",""
2207,Ujjani Dam_1,Maharashtra SW,27,Maharashtra,496,Solapur,-,-,-,-,-,-,-,-,-,18.07402000,75.12002000,14-03-2024 18:00,0,0,0,0,0,0,0,0,0,0,0,0,0,0,0,0,0,0,0,0,0,0,0,0,0,0,0,0,0,0,0,0,0,0,0,0,0,0,0,0,0,0,0,0,"","","","","",""
2208,Ujjani Dam_1,Maharashtra SW,27,Maharashtra,496,Solapur,-,-,-,-,-,-,-,-,-,18.07402000,75.12002000,14-03-2024 19:00,0,0,0,0,0,0,0,0,0,0,0,0,0,0,0,0,0,0,0,0,0,0,0,0,0,0,0,0,0,0,0,0,0,0,0,0,0,0,0,0,0,0,0,0,"","","","","",""
2209,Ujjani Dam_1,Maharashtra SW,27,Maharashtra,496,Solapur,-,-,-,-,-,-,-,-,-,18.07402000,75.12002000,14-03-2024 20:00,0,0,0,0,0,0,0,0,0,0,0,0,0,0,0,0,0,0,0,0,0,0,0,0,0,0,0,0,0,0,0,0,0,0,0,0,0,0,0,0,0,0,0,0,"","","","","",""
2210,Ujjani Dam_1,Maharashtra SW,27,Maharashtra,496,Solapur,-,-,-,-,-,-,-,-,-,18.07402000,75.12002000,14-03-2024 21:00,0,0,0,0,0,0,0,0,0,0,0,0,0,0,0,0,0,0,0,0,0,0,0,0,0,0,0,0,0,0,0,0,0,0,0,0,0,0,0,0,0,0,0,0,"","","","","",""
2211,Ujjani Dam_1,Maharashtra SW,27,Maharashtra,496,Solapur,-,-,-,-,-,-,-,-,-,18.07402000,75.12002000,14-03-2024 22:00,0,0,0,0,0,0,0,0,0,0,0,0,0,0,0,0,0,0,0,0,0,0,0,0,0,0,0,0,0,0,0,0,0,0,0,0,0,0,0,0,0,0,0,0,"","","","","",""
2212,Ujjani Dam_1,Maharashtra SW,27,Maharashtra,496,Solapur,-,-,-,-,-,-,-,-,-,18.07402000,75.12002000,14-03-2024 23:00,0,0,0,0,0,0,0,0,0,0,0,0,0,0,0,0,0,0,0,0,0,0,0,0,0,0,0,0,0,0,0,0,0,0,0,0,0,0,0,0,0,0,0,0,"","","","","",""
2213,Ujjani Dam_1,Maharashtra SW,27,Maharashtra,496,Solapur,-,-,-,-,-,-,-,-,-,18.07402000,75.12002000,15-03-2024 00:00,0,0,0,0,0,0,0,0,0,0,0,0,0,0,0,0,0,0,0,0,0,0,0,0,0,0,0,0,0,0,0,0,0,0,0,0,0,0,0,0,0,0,0,0,"","","","","",""
2214,Ujjani Dam_1,Maharashtra SW,27,Maharashtra,496,Solapur,-,-,-,-,-,-,-,-,-,18.07402000,75.12002000,15-03-2024 01:00,0,0,0,0,0,0,0,0,0,0,0,0,0,0,0,0,0,0,0,0,0,0,0,0,0,0,0,0,0,0,0,0,0,0,0,0,0,0,0,0,0,0,0,0,"","","","","",""
2215,Ujjani Dam_1,Maharashtra SW,27,Maharashtra,496,Solapur,-,-,-,-,-,-,-,-,-,18.07402000,75.12002000,15-03-2024 03:00,0,0,0,0,0,0,0,0,0,0,0,0,0,0,0,0,0,0,0,0,0,0,0,0,0,0,0,0,0,0,0,0,0,0,0,0,0,0,0,0,0,0,0,0,"","","","","",""
2216,Ujjani Dam_1,Maharashtra SW,27,Maharashtra,496,Solapur,-,-,-,-,-,-,-,-,-,18.07402000,75.12002000,15-03-2024 04:00,0,0,0,0,0,0,0,0,0,0,0,0,0,0,0,0,0,0,0,0,0,0,0,0,0,0,0,0,0,0,0,0,0,0,0,0,0,0,0,0,0,0,0,0,"","","","","",""
2217,Ujjani Dam_1,Maharashtra SW,27,Maharashtra,496,Solapur,-,-,-,-,-,-,-,-,-,18.07402000,75.12002000,15-03-2024 05:00,0,0,0,0,0,0,0,0,0,0,0,0,0,0,0,0,0,0,0,0,0,0,0,0,0,0,0,0,0,0,0,0,0,0,0,0,0,0,0,0,0,0,0,0,"","","","","",""
2218,Ujjani Dam_1,Maharashtra SW,27,Maharashtra,496,Solapur,-,-,-,-,-,-,-,-,-,18.07402000,75.12002000,15-03-2024 07:00,0,0,0,0,0,0,0,0,0,0,0,0,0,0,0,0,0,0,0,0,0,0,0,0,0,0,0,0,0,0,0,0,0,0,0,0,0,0,0,0,0,0,0,0,"","","","","",""
2219,Ujjani Dam_1,Maharashtra SW,27,Maharashtra,496,Solapur,-,-,-,-,-,-,-,-,-,18.07402000,75.12002000,15-03-2024 08:00,0,0,0,0,0,0,0,0,0,0,0,0,0,0,0,0,0,0,0,0,0,0,0,0,0,0,0,0,0,0,0,0,0,0,0,0,0,0,0,0,0,0,0,0,"","","","","",""
2220,Ujjani Dam_1,Maharashtra SW,27,Maharashtra,496,Solapur,-,-,-,-,-,-,-,-,-,18.07402000,75.12002000,15-03-2024 09:00,0,0,0,0,0,0,0,0,0,0,0,0,0,0,0,0,0,0,0,0,0,0,0,0,0,0,0,0,0,0,0,0,0,0,0,0,0,0,0,0,0,0,0,0,"","","","","",""
2221,Ujjani Dam_1,Maharashtra SW,27,Maharashtra,496,Solapur,-,-,-,-,-,-,-,-,-,18.07402000,75.12002000,15-03-2024 10:00,0,0,0,0,0,0,0,0,0,0,0,0,0,0,0,0,0,0,0,0,0,0,0,0,0,0,0,0,0,0,0,0,0,0,0,0,0,0,0,0,0,0,0,0,"","","","","",""
2222,Ujjani Dam_1,Maharashtra SW,27,Maharashtra,496,Solapur,-,-,-,-,-,-,-,-,-,18.07402000,75.12002000,15-03-2024 11:00,0,0,0,0,0,0,0,0,0,0,0,0,0,0,0,0,0,0,0,0,0,0,0,0,0,0,0,0,0,0,0,0,0,0,0,0,0,0,0,0,0,0,0,0,"","","","","",""
2223,Ujjani Dam_1,Maharashtra SW,27,Maharashtra,496,Solapur,-,-,-,-,-,-,-,-,-,18.07402000,75.12002000,15-03-2024 12:00,0,0,0,0,0,0,0,0,0,0,0,0,0,0,0,0,0,0,0,0,0,0,0,0,0,0,0,0,0,0,0,0,0,0,0,0,0,0,0,0,0,0,0,0,"","","","","",""
2224,Ujjani Dam_1,Maharashtra SW,27,Maharashtra,496,Solapur,-,-,-,-,-,-,-,-,-,18.07402000,75.12002000,15-03-2024 13:00,0,0,0,0,0,0,0,0,0,0,0,0,0,0,0,0,0,0,0,0,0,0,0,0,0,0,0,0,0,0,0,0,0,0,0,0,0,0,0,0,0,0,0,0,"","","","","",""
2225,Ujjani Dam_1,Maharashtra SW,27,Maharashtra,496,Solapur,-,-,-,-,-,-,-,-,-,18.07402000,75.12002000,15-03-2024 16:00,0,0,0,0,0,0,0,0,0,0,0,0,0,0,0,0,0,0,0,0,0,0,0,0,0,0,0,0,0,0,0,0,0,0,0,0,0,0,0,0,0,0,0,0,"","","","","",""
2226,Ujjani Dam_1,Maharashtra SW,27,Maharashtra,496,Solapur,-,-,-,-,-,-,-,-,-,18.07402000,75.12002000,15-03-2024 17:00,0,0,0,0,0,0,0,0,0,0,0,0,0,0,0,0,0,0,0,0,0,0,0,0,0,0,0,0,0,0,0,0,0,0,0,0,0,0,0,0,0,0,0,0,"","","","","",""
2227,Ujjani Dam_1,Maharashtra SW,27,Maharashtra,496,Solapur,-,-,-,-,-,-,-,-,-,18.07402000,75.12002000,15-03-2024 18:00,0,0,0,0,0,0,0,0,0,0,0,0,0,0,0,0,0,0,0,0,0,0,0,0,0,0,0,0,0,0,0,0,0,0,0,0,0,0,0,0,0,0,0,0,"","","","","",""
2228,Ujjani Dam_1,Maharashtra SW,27,Maharashtra,496,Solapur,-,-,-,-,-,-,-,-,-,18.07402000,75.12002000,15-03-2024 19:00,0,0,0,0,0,0,0,0,0,0,0,0,0,0,0,0,0,0,0,0,0,0,0,0,0,0,0,0,0,0,0,0,0,0,0,0,0,0,0,0,0,0,0,0,"","","","","",""
2229,Ujjani Dam_1,Maharashtra SW,27,Maharashtra,496,Solapur,-,-,-,-,-,-,-,-,-,18.07402000,75.12002000,15-03-2024 20:00,0,0,0,0,0,0,0,0,0,0,0,0,0,0,0,0,0,0,0,0,0,0,0,0,0,0,0,0,0,0,0,0,0,0,0,0,0,0,0,0,0,0,0,0,"","","","","",""
2230,Ujjani Dam_1,Maharashtra SW,27,Maharashtra,496,Solapur,-,-,-,-,-,-,-,-,-,18.07402000,75.12002000,15-03-2024 21:00,0,0,0,0,0,0,0,0,0,0,0,0,0,0,0,0,0,0,0,0,0,0,0,0,0,0,0,0,0,0,0,0,0,0,0,0,0,0,0,0,0,0,0,0,"","","","","",""
2231,Ujjani Dam_1,Maharashtra SW,27,Maharashtra,496,Solapur,-,-,-,-,-,-,-,-,-,18.07402000,75.12002000,15-03-2024 22:00,0,0,0,0,0,0,0,0,0,0,0,0,0,0,0,0,0,0,0,0,0,0,0,0,0,0,0,0,0,0,0,0,0,0,0,0,0,0,0,0,0,0,0,0,"","","","","",""
2232,Ujjani Dam_1,Maharashtra SW,27,Maharashtra,496,Solapur,-,-,-,-,-,-,-,-,-,18.07402000,75.12002000,15-03-2024 23:00,0,0,0,0,0,0,0,0,0,0,0,0,0,0,0,0,0,0,0,0,0,0,0,0,0,0,0,0,0,0,0,0,0,0,0,0,0,0,0,0,0,0,0,0,"","","","","",""
2233,Ujjani Dam_1,Maharashtra SW,27,Maharashtra,496,Solapur,-,-,-,-,-,-,-,-,-,18.07402000,75.12002000,16-03-2024 00:00,0,0,0,0,0,0,0,0,0,0,0,0,0,0,0,0,0,0,0,0,0,0,0,0,0,0,0,0,0,0,0,0,0,0,0,0,0,0,0,0,0,0,0,0,"","","","","",""
2234,Ujjani Dam_1,Maharashtra SW,27,Maharashtra,496,Solapur,-,-,-,-,-,-,-,-,-,18.07402000,75.12002000,16-03-2024 01:00,0,0,0,0,0,0,0,0,0,0,0,0,0,0,0,0,0,0,0,0,0,0,0,0,0,0,0,0,0,0,0,0,0,0,0,0,0,0,0,0,0,0,0,0,"","","","","",""
2235,Ujjani Dam_1,Maharashtra SW,27,Maharashtra,496,Solapur,-,-,-,-,-,-,-,-,-,18.07402000,75.12002000,16-03-2024 02:00,0,0,0,0,0,0,0,0,0,0,0,0,0,0,0,0,0,0,0,0,0,0,0,0,0,0,0,0,0,0,0,0,0,0,0,0,0,0,0,0,0,0,0,0,"","","","","",""
2236,Ujjani Dam_1,Maharashtra SW,27,Maharashtra,496,Solapur,-,-,-,-,-,-,-,-,-,18.07402000,75.12002000,16-03-2024 03:00,0,0,0,0,0,0,0,0,0,0,0,0,0,0,0,0,0,0,0,0,0,0,0,0,0,0,0,0,0,0,0,0,0,0,0,0,0,0,0,0,0,0,0,0,"","","","","",""
2237,Ujjani Dam_1,Maharashtra SW,27,Maharashtra,496,Solapur,-,-,-,-,-,-,-,-,-,18.07402000,75.12002000,16-03-2024 04:00,0,0,0,0,0,0,0,0,0,0,0,0,0,0,0,0,0,0,0,0,0,0,0,0,0,0,0,0,0,0,0,0,0,0,0,0,0,0,0,0,0,0,0,0,"","","","","",""
2238,Ujjani Dam_1,Maharashtra SW,27,Maharashtra,496,Solapur,-,-,-,-,-,-,-,-,-,18.07402000,75.12002000,16-03-2024 05:00,0,0,0,0,0,0,0,0,0,0,0,0,0,0,0,0,0,0,0,0,0,0,0,0,0,0,0,0,0,0,0,0,0,0,0,0,0,0,0,0,0,0,0,0,"","","","","",""
2239,Ujjani Dam_1,Maharashtra SW,27,Maharashtra,496,Solapur,-,-,-,-,-,-,-,-,-,18.07402000,75.12002000,16-03-2024 06:00,0,0,0,0,0,0,0,0,0,0,0,0,0,0,0,0,0,0,0,0,0,0,0,0,0,0,0,0,0,0,0,0,0,0,0,0,0,0,0,0,0,0,0,0,"","","","","",""
2240,Ujjani Dam_1,Maharashtra SW,27,Maharashtra,496,Solapur,-,-,-,-,-,-,-,-,-,18.07402000,75.12002000,16-03-2024 07:00,0,0,0,0,0,0,0,0,0,0,0,0,0,0,0,0,0,0,0,0,0,0,0,0,0,0,0,0,0,0,0,0,0,0,0,0,0,0,0,0,0,0,0,0,"","","","","",""
2241,Ujjani Dam_1,Maharashtra SW,27,Maharashtra,496,Solapur,-,-,-,-,-,-,-,-,-,18.07402000,75.12002000,16-03-2024 08:00,0,0,0,0,0,0,0,0,0,0,0,0,0,0,0,0,0,0,0,0,0,0,0,0,0,0,0,0,0,0,0,0,0,0,0,0,0,0,0,0,0,0,0,0,"","","","","",""
2242,Ujjani Dam_1,Maharashtra SW,27,Maharashtra,496,Solapur,-,-,-,-,-,-,-,-,-,18.07402000,75.12002000,16-03-2024 09:00,0,0,0,0,0,0,0,0,0,0,0,0,0,0,0,0,0,0,0,0,0,0,0,0,0,0,0,0,0,0,0,0,0,0,0,0,0,0,0,0,0,0,0,0,"","","","","",""
2243,Ujjani Dam_1,Maharashtra SW,27,Maharashtra,496,Solapur,-,-,-,-,-,-,-,-,-,18.07402000,75.12002000,16-03-2024 10:00,0,0,0,0,0,0,0,0,0,0,0,0,0,0,0,0,0,0,0,0,0,0,0,0,0,0,0,0,0,0,0,0,0,0,0,0,0,0,0,0,0,0,0,0,"","","","","",""
2244,Ujjani Dam_1,Maharashtra SW,27,Maharashtra,496,Solapur,-,-,-,-,-,-,-,-,-,18.07402000,75.12002000,16-03-2024 13:00,0,0,0,0,0,0,0,0,0,0,0,0,0,0,0,0,0,0,0,0,0,0,0,0,0,0,0,0,0,0,0,0,0,0,0,0,0,0,0,0,0,0,0,0,"","","","","",""
2245,Ujjani Dam_1,Maharashtra SW,27,Maharashtra,496,Solapur,-,-,-,-,-,-,-,-,-,18.07402000,75.12002000,16-03-2024 14:00,0,0,0,0,0,0,0,0,0,0,0,0,0,0,0,0,0,0,0,0,0,0,0,0,0,0,0,0,0,0,0,0,0,0,0,0,0,0,0,0,0,0,0,0,"","","","","",""
2246,Ujjani Dam_1,Maharashtra SW,27,Maharashtra,496,Solapur,-,-,-,-,-,-,-,-,-,18.07402000,75.12002000,16-03-2024 15:00,0,0,0,0,0,0,0,0,0,0,0,0,0,0,0,0,0,0,0,0,0,0,0,0,0,0,0,0,0,0,0,0,0,0,0,0,0,0,0,0,0,0,0,0,"","","","","",""
2247,Ujjani Dam_1,Maharashtra SW,27,Maharashtra,496,Solapur,-,-,-,-,-,-,-,-,-,18.07402000,75.12002000,16-03-2024 16:00,0,0,0,0,0,0,0,0,0,0,0,0,0,0,0,0,0,0,0,0,0,0,0,0,0,0,0,0,0,0,0,0,0,0,0,0,0,0,0,0,0,0,0,0,"","","","","",""
2248,Ujjani Dam_1,Maharashtra SW,27,Maharashtra,496,Solapur,-,-,-,-,-,-,-,-,-,18.07402000,75.12002000,16-03-2024 18:00,0,0,0,0,0,0,0,0,0,0,0,0,0,0,0,0,0,0,0,0,0,0,0,0,0,0,0,0,0,0,0,0,0,0,0,0,0,0,0,0,0,0,0,0,"","","","","",""
2249,Ujjani Dam_1,Maharashtra SW,27,Maharashtra,496,Solapur,-,-,-,-,-,-,-,-,-,18.07402000,75.12002000,16-03-2024 19:00,0,0,0,0,0,0,0,0,0,0,0,0,0,0,0,0,0,0,0,0,0,0,0,0,0,0,0,0,0,0,0,0,0,0,0,0,0,0,0,0,0,0,0,0,"","","","","",""
2250,Ujjani Dam_1,Maharashtra SW,27,Maharashtra,496,Solapur,-,-,-,-,-,-,-,-,-,18.07402000,75.12002000,16-03-2024 21:00,0,0,0,0,0,0,0,0,0,0,0,0,0,0,0,0,0,0,0,0,0,0,0,0,0,0,0,0,0,0,0,0,0,0,0,0,0,0,0,0,0,0,0,0,"","","","","",""
2251,Ujjani Dam_1,Maharashtra SW,27,Maharashtra,496,Solapur,-,-,-,-,-,-,-,-,-,18.07402000,75.12002000,19-04-2024 14:00,0,0,0,0,0,0,0,0,0,0,0,0,0,0,0,0,0,0,0,0,0,0,0,0,0,0,0,0,0,0,0,0,0,0,0,0,0,0,0,0,0,0,0,0,"","","","","",""
2252,Ujjani Dam_1,Maharashtra SW,27,Maharashtra,496,Solapur,-,-,-,-,-,-,-,-,-,18.07402000,75.12002000,19-04-2024 15:00,0,0,0,0,0,0,0,0,0,0,0,0,0,0,0,0,0,0,0,0,0,0,0,0,0,0,0,0,0,0,0,0,0,0,0,0,0,0,0,0,0,0,0,0,"","","","","",""
2253,Ujjani Dam_1,Maharashtra SW,27,Maharashtra,496,Solapur,-,-,-,-,-,-,-,-,-,18.07402000,75.12002000,19-04-2024 16:00,0,0,0,0,0,0,0,0,0,0,0,0,0,0,0,0,0,0,0,0,0,0,0,0,0,0,0,0,0,0,0,0,0,0,0,0,0,0,0,0,0,0,0,0,"","","","","",""
2254,Ujjani Dam_1,Maharashtra SW,27,Maharashtra,496,Solapur,-,-,-,-,-,-,-,-,-,18.07402000,75.12002000,19-04-2024 17:00,0,0,0,0,0,0,0,0,0,0,0,0,0,0,0,0,0,0,0,0,0,0,0,0,0,0,0,0,0,0,0,0,0,0,0,0,0,0,0,0,0,0,0,0,"","","","","",""
2255,Ujjani Dam_1,Maharashtra SW,27,Maharashtra,496,Solapur,-,-,-,-,-,-,-,-,-,18.07402000,75.12002000,19-04-2024 18:00,0,0,0,0,0,0,0,0,0,0,0,0,0,0,0,0,0,0,0,0,0,0,0,0,0,0,0,0,0,0,0,0,0,0,0,0,0,0,0,0,0,0,0,0,"","","","","",""
2256,Ujjani Dam_1,Maharashtra SW,27,Maharashtra,496,Solapur,-,-,-,-,-,-,-,-,-,18.07402000,75.12002000,19-04-2024 20:00,0,0,0,0,0,0,0,0,0,0,0,0,0,0,0,0,0,0,0,0,0,0,0,0,0,0,0,0,0,0,0,0,0,0,0,0,0,0,0,0,0,0,0,0,"","","","","",""
2257,Ujjani Dam_1,Maharashtra SW,27,Maharashtra,496,Solapur,-,-,-,-,-,-,-,-,-,18.07402000,75.12002000,19-04-2024 21:00,0,0,0,0,0,0,0,0,0,0,0,0,0,0,0,0,0,0,0,0,0,0,0,0,0,0,0,0,0,0,0,0,0,0,0,0,0,0,0,0,0,0,0,0,"","","","","",""
2258,Ujjani Dam_1,Maharashtra SW,27,Maharashtra,496,Solapur,-,-,-,-,-,-,-,-,-,18.07402000,75.12002000,19-04-2024 23:00,0,0,0,0,0,0,0,0,0,0,0,0,0,0,0,0,0,0,0,0,0,0,0,0,0,0,0,0,0,0,0,0,0,0,0,0,0,0,0,0,0,0,0,0,"","","","","",""
2259,Ujjani Dam_1,Maharashtra SW,27,Maharashtra,496,Solapur,-,-,-,-,-,-,-,-,-,18.07402000,75.12002000,20-04-2024 01:00,0,0,0,0,0,0,0,0,0,0,0,0,0,0,0,0,0,0,0,0,0,0,0,0,0,0,0,0,0,0,0,0,0,0,0,0,0,0,0,0,0,0,0,0,"","","","","",""
2260,Ujjani Dam_1,Maharashtra SW,27,Maharashtra,496,Solapur,-,-,-,-,-,-,-,-,-,18.07402000,75.12002000,20-04-2024 02:00,0,0,0,0,0,0,0,0,0,0,0,0,0,0,0,0,0,0,0,0,0,0,0,0,0,0,0,0,0,0,0,0,0,0,0,0,0,0,0,0,0,0,0,0,"","","","","",""
2261,Ujjani Dam_1,Maharashtra SW,27,Maharashtra,496,Solapur,-,-,-,-,-,-,-,-,-,18.07402000,75.12002000,20-04-2024 04:00,0,0,0,0,0,0,0,0,0,0,0,0,0,0,0,0,0,0,0,0,0,0,0,0,0,0,0,0,0,0,0,0,0,0,0,0,0,0,0,0,0,0,0,0,"","","","","",""
2262,Ujjani Dam_1,Maharashtra SW,27,Maharashtra,496,Solapur,-,-,-,-,-,-,-,-,-,18.07402000,75.12002000,20-04-2024 05:00,0,0,0,0,0,0,0,0,0,0,0,0,0,0,0,0,0,0,0,0,0,0,0,0,0,0,0,0,0,0,0,0,0,0,0,0,0,0,0,0,0,0,0,0,"","","","","",""
2263,Ujjani Dam_1,Maharashtra SW,27,Maharashtra,496,Solapur,-,-,-,-,-,-,-,-,-,18.07402000,75.12002000,20-04-2024 07:00,0,0,0,0,0,0,0,0,0,0,0,0,0,0,0,0,0,0,0,0,0,0,0,0,0,0,0,0,0,0,0,0,0,0,0,0,0,0,0,0,0,0,0,0,"","","","","",""
2264,Ujjani Dam_1,Maharashtra SW,27,Maharashtra,496,Solapur,-,-,-,-,-,-,-,-,-,18.07402000,75.12002000,20-04-2024 08:00,0,0,0,0,0,0,0,0,0,0,0,0,0,0,0,0,0,0,0,0,0,0,0,0,0,0,0,0,0,0,0,0,0,0,0,0,0,0,0,0,0,0,0,0,"","","","","",""
2265,Ujjani Dam_1,Maharashtra SW,27,Maharashtra,496,Solapur,-,-,-,-,-,-,-,-,-,18.07402000,75.12002000,20-04-2024 09:00,0,0,0,0,0,0,0,0,0,0,0,0,0,0,0,0,0,0,0,0,0,0,0,0,0,0,0,0,0,0,0,0,0,0,0,0,0,0,0,0,0,0,0,0,"","","","","",""
2266,Ujjani Dam_1,Maharashtra SW,27,Maharashtra,496,Solapur,-,-,-,-,-,-,-,-,-,18.07402000,75.12002000,20-04-2024 10:00,0,0,0,0,0,0,0,0,0,0,0,0,0,0,0,0,0,0,0,0,0,0,0,0,0,0,0,0,0,0,0,0,0,0,0,0,0,0,0,0,0,0,0,0,"","","","","",""
2267,Ujjani Dam_1,Maharashtra SW,27,Maharashtra,496,Solapur,-,-,-,-,-,-,-,-,-,18.07402000,75.12002000,20-04-2024 11:00,0,0,0,0,0,0,0,0,0,0,0,0,0,0,0,0,0,0,0,0,0,0,0,0,0,0,0,0,0,0,0,0,0,0,0,0,0,0,0,0,0,0,0,0,"","","","","",""
2268,Ujjani Dam_1,Maharashtra SW,27,Maharashtra,496,Solapur,-,-,-,-,-,-,-,-,-,18.07402000,75.12002000,20-04-2024 12:00,0,0,0,0,0,0,0,0,0,0,0,0,0,0,0,0,0,0,0,0,0,0,0,0,0,0,0,0,0,0,0,0,0,0,0,0,0,0,0,0,0,0,0,0,"","","","","",""
2269,Ujjani Dam_1,Maharashtra SW,27,Maharashtra,496,Solapur,-,-,-,-,-,-,-,-,-,18.07402000,75.12002000,20-04-2024 13:00,0,0,0,0,0,0,0,0,0,0,0,0,0,0,0,0,0,0,0,0,0,0,0,0,0,0,0,0,0,0,0,0,0,0,0,0,0,0,0,0,0,0,0,0,"","","","","",""
2270,Ujjani Dam_1,Maharashtra SW,27,Maharashtra,496,Solapur,-,-,-,-,-,-,-,-,-,18.07402000,75.12002000,20-04-2024 14:00,0,0,0,0,0,0,0,0,0,0,0,0,0,0,0,0,0,0,0,0,0,0,0,0,0,0,0,0,0,0,0,0,0,0,0,0,0,0,0,0,0,0,0,0,"","","","","",""
2271,Ujjani Dam_1,Maharashtra SW,27,Maharashtra,496,Solapur,-,-,-,-,-,-,-,-,-,18.07402000,75.12002000,20-04-2024 15:00,0,0,0,0,0,0,0,0,0,0,0,0,0,0,0,0,0,0,0,0,0,0,0,0,0,0,0,0,0,0,0,0,0,0,0,0,0,0,0,0,0,0,0,0,"","","","","",""
2272,Ujjani Dam_1,Maharashtra SW,27,Maharashtra,496,Solapur,-,-,-,-,-,-,-,-,-,18.07402000,75.12002000,20-04-2024 16:00,0,0,0,0,0,0,0,0,0,0,0,0,0,0,0,0,0,0,0,0,0,0,0,0,0,0,0,0,0,0,0,0,0,0,0,0,0,0,0,0,0,0,0,0,"","","","","",""
2273,Ujjani Dam_1,Maharashtra SW,27,Maharashtra,496,Solapur,-,-,-,-,-,-,-,-,-,18.07402000,75.12002000,20-04-2024 17:00,0,0,0,0,0,0,0,0,0,0,0,0,0,0,0,0,0,0,0,0,0,0,0,0,0,0,0,0,0,0,0,0,0,0,0,0,0,0,0,0,0,0,0,0,"","","","","",""
2274,Ujjani Dam_1,Maharashtra SW,27,Maharashtra,496,Solapur,-,-,-,-,-,-,-,-,-,18.07402000,75.12002000,20-04-2024 19:00,0,0,0,0,0,0,0,0,0,0,0,0,0,0,0,0,0,0,0,0,0,0,0,0,0,0,0,0,0,0,0,0,0,0,0,0,0,0,0,0,0,0,0,0,"","","","","",""
2275,Ujjani Dam_1,Maharashtra SW,27,Maharashtra,496,Solapur,-,-,-,-,-,-,-,-,-,18.07402000,75.12002000,20-04-2024 20:00,0,0,0,0,0,0,0,0,0,0,0,0,0,0,0,0,0,0,0,0,0,0,0,0,0,0,0,0,0,0,0,0,0,0,0,0,0,0,0,0,0,0,0,0,"","","","","",""
2276,Ujjani Dam_1,Maharashtra SW,27,Maharashtra,496,Solapur,-,-,-,-,-,-,-,-,-,18.07402000,75.12002000,20-04-2024 21:00,0,0,0,0,0,0,0,0,0,0,0,0,0,0,0,0,0,0,0,0,0,0,0,0,0,0,0,0,0,0,0,0,0,0,0,0,0,0,0,0,0,0,0,0,"","","","","",""
2277,Ujjani Dam_1,Maharashtra SW,27,Maharashtra,496,Solapur,-,-,-,-,-,-,-,-,-,18.07402000,75.12002000,20-04-2024 22:00,0,0,0,0,0,0,0,0,0,0,0,0,0,0,0,0,0,0,0,0,0,0,0,0,0,0,0,0,0,0,0,0,0,0,0,0,0,0,0,0,0,0,0,0,"","","","","",""
2278,Ujjani Dam_1,Maharashtra SW,27,Maharashtra,496,Solapur,-,-,-,-,-,-,-,-,-,18.07402000,75.12002000,21-04-2024 00:00,0,0,0,0,0,0,0,0,0,0,0,0,0,0,0,0,0,0,0,0,0,0,0,0,0,0,0,0,0,0,0,0,0,0,0,0,0,0,0,0,0,0,0,0,"","","","","",""
2279,Ujjani Dam_1,Maharashtra SW,27,Maharashtra,496,Solapur,-,-,-,-,-,-,-,-,-,18.07402000,75.12002000,21-04-2024 02:00,0,0,0,0,0,0,0,0,0,0,0,0,0,0,0,0,0,0,0,0,0,0,0,0,0,0,0,0,0,0,0,0,0,0,0,0,0,0,0,0,0,0,0,0,"","","","","",""
2280,Ujjani Dam_1,Maharashtra SW,27,Maharashtra,496,Solapur,-,-,-,-,-,-,-,-,-,18.07402000,75.12002000,21-04-2024 03:00,0,0,0,0,0,0,0,0,0,0,0,0,0,0,0,0,0,0,0,0,0,0,0,0,0,0,0,0,0,0,0,0,0,0,0,0,0,0,0,0,0,0,0,0,"","","","","",""
2281,Ujjani Dam_1,Maharashtra SW,27,Maharashtra,496,Solapur,-,-,-,-,-,-,-,-,-,18.07402000,75.12002000,21-04-2024 04:00,0,0,0,0,0,0,0,0,0,0,0,0,0,0,0,0,0,0,0,0,0,0,0,0,0,0,0,0,0,0,0,0,0,0,0,0,0,0,0,0,0,0,0,0,"","","","","",""
2282,Ujjani Dam_1,Maharashtra SW,27,Maharashtra,496,Solapur,-,-,-,-,-,-,-,-,-,18.07402000,75.12002000,21-04-2024 05:00,0,0,0,0,0,0,0,0,0,0,0,0,0,0,0,0,0,0,0,0,0,0,0,0,0,0,0,0,0,0,0,0,0,0,0,0,0,0,0,0,0,0,0,0,"","","","","",""
2283,Ujjani Dam_1,Maharashtra SW,27,Maharashtra,496,Solapur,-,-,-,-,-,-,-,-,-,18.07402000,75.12002000,21-04-2024 07:00,0,0,0,0,0,0,0,0,0,0,0,0,0,0,0,0,0,0,0,0,0,0,0,0,0,0,0,0,0,0,0,0,0,0,0,0,0,0,0,0,0,0,0,0,"","","","","",""
2284,Ujjani Dam_1,Maharashtra SW,27,Maharashtra,496,Solapur,-,-,-,-,-,-,-,-,-,18.07402000,75.12002000,21-04-2024 10:00,0,0,0,0,0,0,0,0,0,0,0,0,0,0,0,0,0,0,0,0,0,0,0,0,0,0,0,0,0,0,0,0,0,0,0,0,0,0,0,0,0,0,0,0,"","","","","",""
2285,Ujjani Dam_1,Maharashtra SW,27,Maharashtra,496,Solapur,-,-,-,-,-,-,-,-,-,18.07402000,75.12002000,21-04-2024 12:00,0,0,0,0,0,0,0,0,0,0,0,0,0,0,0,0,0,0,0,0,0,0,0,0,0,0,0,0,0,0,0,0,0,0,0,0,0,0,0,0,0,0,0,0,"","","","","",""
2286,Ujjani Dam_1,Maharashtra SW,27,Maharashtra,496,Solapur,-,-,-,-,-,-,-,-,-,18.07402000,75.12002000,21-04-2024 13:00,0,0,0,0,0,0,0,0,0,0,0,0,0,0,0,0,0,0,0,0,0,0,0,0,0,0,0,0,0,0,0,0,0,0,0,0,0,0,0,0,0,0,0,0,"","","","","",""
2287,Ujjani Dam_1,Maharashtra SW,27,Maharashtra,496,Solapur,-,-,-,-,-,-,-,-,-,18.07402000,75.12002000,21-04-2024 14:00,0,0,0,0,0,0,0,0,0,0,0,0,0,0,0,0,0,0,0,0,0,0,0,0,0,0,0,0,0,0,0,0,0,0,0,0,0,0,0,0,0,0,0,0,"","","","","",""
2288,Ujjani Dam_1,Maharashtra SW,27,Maharashtra,496,Solapur,-,-,-,-,-,-,-,-,-,18.07402000,75.12002000,21-04-2024 15:00,0,0,0,0,0,0,0,0,0,0,0,0,0,0,0,0,0,0,0,0,0,0,0,0,0,0,0,0,0,0,0,0,0,0,0,0,0,0,0,0,0,0,0,0,"","","","","",""
2289,Ujjani Dam_1,Maharashtra SW,27,Maharashtra,496,Solapur,-,-,-,-,-,-,-,-,-,18.07402000,75.12002000,21-04-2024 17:00,0,0,0,0,0,0,0,0,0,0,0,0,0,0,0,0,0,0,0,0,0,0,0,0,0,0,0,0,0,0,0,0,0,0,0,0,0,0,0,0,0,0,0,0,"","","","","",""
2290,Ujjani Dam_1,Maharashtra SW,27,Maharashtra,496,Solapur,-,-,-,-,-,-,-,-,-,18.07402000,75.12002000,21-04-2024 18:00,0,0,0,0,0,0,0,0,0,0,0,0,0,0,0,0,0,0,0,0,0,0,0,0,0,0,0,0,0,0,0,0,0,0,0,0,0,0,0,0,0,0,0,0,"","","","","",""
2291,Ujjani Dam_1,Maharashtra SW,27,Maharashtra,496,Solapur,-,-,-,-,-,-,-,-,-,18.07402000,75.12002000,21-04-2024 19:00,0,0,0,0,0,0,0,0,0,0,0,0,0,0,0,0,0,0,0,0,0,0,0,0,0,0,0,0,0,0,0,0,0,0,0,0,0,0,0,0,0,0,0,0,"","","","","",""
2292,Ujjani Dam_1,Maharashtra SW,27,Maharashtra,496,Solapur,-,-,-,-,-,-,-,-,-,18.07402000,75.12002000,21-04-2024 20:00,0,0,0,0,0,0,0,0,0,0,0,0,0,0,0,0,0,0,0,0,0,0,0,0,0,0,0,0,0,0,0,0,0,0,0,0,0,0,0,0,0,0,0,0,"","","","","",""
2293,Ujjani Dam_1,Maharashtra SW,27,Maharashtra,496,Solapur,-,-,-,-,-,-,-,-,-,18.07402000,75.12002000,21-04-2024 22:00,0,0,0,0,0,0,0,0,0,0,0,0,0,0,0,0,0,0,0,0,0,0,0,0,0,0,0,0,0,0,0,0,0,0,0,0,0,0,0,0,0,0,0,0,"","","","","",""
2294,Ujjani Dam_1,Maharashtra SW,27,Maharashtra,496,Solapur,-,-,-,-,-,-,-,-,-,18.07402000,75.12002000,22-04-2024 00:00,0,0,0,0,0,0,0,0,0,0,0,0,0,0,0,0,0,0,0,0,0,0,0,0,0,0,0,0,0,0,0,0,0,0,0,0,0,0,0,0,0,0,0,0,"","","","","",""
2295,Ujjani Dam_1,Maharashtra SW,27,Maharashtra,496,Solapur,-,-,-,-,-,-,-,-,-,18.07402000,75.12002000,22-04-2024 01:00,0,0,0,0,0,0,0,0,0,0,0,0,0,0,0,0,0,0,0,0,0,0,0,0,0,0,0,0,0,0,0,0,0,0,0,0,0,0,0,0,0,0,0,0,"","","","","",""
2296,Ujjani Dam_1,Maharashtra SW,27,Maharashtra,496,Solapur,-,-,-,-,-,-,-,-,-,18.07402000,75.12002000,22-04-2024 02:00,0,0,0,0,0,0,0,0,0,0,0,0,0,0,0,0,0,0,0,0,0,0,0,0,0,0,0,0,0,0,0,0,0,0,0,0,0,0,0,0,0,0,0,0,"","","","","",""
2297,Ujjani Dam_1,Maharashtra SW,27,Maharashtra,496,Solapur,-,-,-,-,-,-,-,-,-,18.07402000,75.12002000,22-04-2024 03:00,0,0,0,0,0,0,0,0,0,0,0,0,0,0,0,0,0,0,0,0,0,0,0,0,0,0,0,0,0,0,0,0,0,0,0,0,0,0,0,0,0,0,0,0,"","","","","",""
2298,Ujjani Dam_1,Maharashtra SW,27,Maharashtra,496,Solapur,-,-,-,-,-,-,-,-,-,18.07402000,75.12002000,22-04-2024 04:00,0,0,0,0,0,0,0,0,0,0,0,0,0,0,0,0,0,0,0,0,0,0,0,0,0,0,0,0,0,0,0,0,0,0,0,0,0,0,0,0,0,0,0,0,"","","","","",""
2299,Ujjani Dam_1,Maharashtra SW,27,Maharashtra,496,Solapur,-,-,-,-,-,-,-,-,-,18.07402000,75.12002000,22-04-2024 05:00,0,0,0,0,0,0,0,0,0,0,0,0,0,0,0,0,0,0,0,0,0,0,0,0,0,0,0,0,0,0,0,0,0,0,0,0,0,0,0,0,0,0,0,0,"","","","","",""
2300,Ujjani Dam_1,Maharashtra SW,27,Maharashtra,496,Solapur,-,-,-,-,-,-,-,-,-,18.07402000,75.12002000,22-04-2024 06:00,0,0,0,0,0,0,0,0,0,0,0,0,0,0,0,0,0,0,0,0,0,0,0,0,0,0,0,0,0,0,0,0,0,0,0,0,0,0,0,0,0,0,0,0,"","","","","",""
2301,Ujjani Dam_1,Maharashtra SW,27,Maharashtra,496,Solapur,-,-,-,-,-,-,-,-,-,18.07402000,75.12002000,22-04-2024 07:00,0,0,0,0,0,0,0,0,0,0,0,0,0,0,0,0,0,0,0,0,0,0,0,0,0,0,0,0,0,0,0,0,0,0,0,0,0,0,0,0,0,0,0,0,"","","","","",""
2302,Ujjani Dam_1,Maharashtra SW,27,Maharashtra,496,Solapur,-,-,-,-,-,-,-,-,-,18.07402000,75.12002000,22-04-2024 08:00,0,0,0,0,0,0,0,0,0,0,0,0,0,0,0,0,0,0,0,0,0,0,0,0,0,0,0,0,0,0,0,0,0,0,0,0,0,0,0,0,0,0,0,0,"","","","","",""
2303,Ujjani Dam_1,Maharashtra SW,27,Maharashtra,496,Solapur,-,-,-,-,-,-,-,-,-,18.07402000,75.12002000,22-04-2024 10:00,0,0,0,0,0,0,0,0,0,0,0,0,0,0,0,0,0,0,0,0,0,0,0,0,0,0,0,0,0,0,0,0,0,0,0,0,0,0,0,0,0,0,0,0,"","","","","",""
2304,Ujjani Dam_1,Maharashtra SW,27,Maharashtra,496,Solapur,-,-,-,-,-,-,-,-,-,18.07402000,75.12002000,22-04-2024 11:00,0,0,0,0,0,0,0,0,0,0,0,0,0,0,0,0,0,0,0,0,0,0,0,0,0,0,0,0,0,0,0,0,0,0,0,0,0,0,0,0,0,0,0,0,"","","","","",""
2305,Ujjani Dam_1,Maharashtra SW,27,Maharashtra,496,Solapur,-,-,-,-,-,-,-,-,-,18.07402000,75.12002000,22-04-2024 12:00,0,0,0,0,0,0,0,0,0,0,0,0,0,0,0,0,0,0,0,0,0,0,0,0,0,0,0,0,0,0,0,0,0,0,0,0,0,0,0,0,0,0,0,0,"","","","","",""
2306,Ujjani Dam_1,Maharashtra SW,27,Maharashtra,496,Solapur,-,-,-,-,-,-,-,-,-,18.07402000,75.12002000,22-04-2024 16:00,0,0,0,0,0,0,0,0,0,0,0,0,0,0,0,0,0,0,0,0,0,0,0,0,0,0,0,0,0,0,0,0,0,0,0,0,0,0,0,0,0,0,0,0,"","","","","",""
2307,Ujjani Dam_1,Maharashtra SW,27,Maharashtra,496,Solapur,-,-,-,-,-,-,-,-,-,18.07402000,75.12002000,22-04-2024 17:00,0,0,0,0,0,0,0,0,0,0,0,0,0,0,0,0,0,0,0,0,0,0,0,0,0,0,0,0,0,0,0,0,0,0,0,0,0,0,0,0,0,0,0,0,"","","","","",""
2308,Ujjani Dam_1,Maharashtra SW,27,Maharashtra,496,Solapur,-,-,-,-,-,-,-,-,-,18.07402000,75.12002000,22-04-2024 19:00,0,0,0,0,0,0,0,0,0,0,0,0,0,0,0,0,0,0,0,0,0,0,0,0,0,0,0,0,0,0,0,0,0,0,0,0,0,0,0,0,0,0,0,0,"","","","","",""
2309,Ujjani Dam_1,Maharashtra SW,27,Maharashtra,496,Solapur,-,-,-,-,-,-,-,-,-,18.07402000,75.12002000,22-04-2024 20:00,0,0,0,0,0,0,0,0,0,0,0,0,0,0,0,0,0,0,0,0,0,0,0,0,0,0,0,0,0,0,0,0,0,0,0,0,0,0,0,0,0,0,0,0,"","","","","",""
2310,Ujjani Dam_1,Maharashtra SW,27,Maharashtra,496,Solapur,-,-,-,-,-,-,-,-,-,18.07402000,75.12002000,22-04-2024 21:00,0,0,0,0,0,0,0,0,0,0,0,0,0,0,0,0,0,0,0,0,0,0,0,0,0,0,0,0,0,0,0,0,0,0,0,0,0,0,0,0,0,0,0,0,"","","","","",""
2311,Ujjani Dam_1,Maharashtra SW,27,Maharashtra,496,Solapur,-,-,-,-,-,-,-,-,-,18.07402000,75.12002000,22-04-2024 22:00,0,0,0,0,0,0,0,0,0,0,0,0,0,0,0,0,0,0,0,0,0,0,0,0,0,0,0,0,0,0,0,0,0,0,0,0,0,0,0,0,0,0,0,0,"","","","","",""
2312,Ujjani Dam_1,Maharashtra SW,27,Maharashtra,496,Solapur,-,-,-,-,-,-,-,-,-,18.07402000,75.12002000,23-04-2024 02:00,0,0,0,0,0,0,0,0,0,0,0,0,0,0,0,0,0,0,0,0,0,0,0,0,0,0,0,0,0,0,0,0,0,0,0,0,0,0,0,0,0,0,0,0,"","","","","",""
2313,Ujjani Dam_1,Maharashtra SW,27,Maharashtra,496,Solapur,-,-,-,-,-,-,-,-,-,18.07402000,75.12002000,23-04-2024 03:00,0,0,0,0,0,0,0,0,0,0,0,0,0,0,0,0,0,0,0,0,0,0,0,0,0,0,0,0,0,0,0,0,0,0,0,0,0,0,0,0,0,0,0,0,"","","","","",""
2314,Ujjani Dam_1,Maharashtra SW,27,Maharashtra,496,Solapur,-,-,-,-,-,-,-,-,-,18.07402000,75.12002000,23-04-2024 04:00,0,0,0,0,0,0,0,0,0,0,0,0,0,0,0,0,0,0,0,0,0,0,0,0,0,0,0,0,0,0,0,0,0,0,0,0,0,0,0,0,0,0,0,0,"","","","","",""
2315,Ujjani Dam_1,Maharashtra SW,27,Maharashtra,496,Solapur,-,-,-,-,-,-,-,-,-,18.07402000,75.12002000,23-04-2024 05:00,0,0,0,0,0,0,0,0,0,0,0,0,0,0,0,0,0,0,0,0,0,0,0,0,0,0,0,0,0,0,0,0,0,0,0,0,0,0,0,0,0,0,0,0,"","","","","",""
2316,Ujjani Dam_1,Maharashtra SW,27,Maharashtra,496,Solapur,-,-,-,-,-,-,-,-,-,18.07402000,75.12002000,23-04-2024 07:00,0,0,0,0,0,0,0,0,0,0,0,0,0,0,0,0,0,0,0,0,0,0,0,0,0,0,0,0,0,0,0,0,0,0,0,0,0,0,0,0,0,0,0,0,"","","","","",""
2317,Ujjani Dam_1,Maharashtra SW,27,Maharashtra,496,Solapur,-,-,-,-,-,-,-,-,-,18.07402000,75.12002000,23-04-2024 08:00,0,0,0,0,0,0,0,0,0,0,0,0,0,0,0,0,0,0,0,0,0,0,0,0,0,0,0,0,0,0,0,0,0,0,0,0,0,0,0,0,0,0,0,0,"","","","","",""
2318,Ujjani Dam_1,Maharashtra SW,27,Maharashtra,496,Solapur,-,-,-,-,-,-,-,-,-,18.07402000,75.12002000,23-04-2024 09:00,0,0,0,0,0,0,0,0,0,0,0,0,0,0,0,0,0,0,0,0,0,0,0,0,0,0,0,0,0,0,0,0,0,0,0,0,0,0,0,0,0,0,0,0,"","","","","",""
2319,Ujjani Dam_1,Maharashtra SW,27,Maharashtra,496,Solapur,-,-,-,-,-,-,-,-,-,18.07402000,75.12002000,23-04-2024 12:00,0,0,0,0,0,0,0,0,0,0,0,0,0,0,0,0,0,0,0,0,0,0,0,0,0,0,0,0,0,0,0,0,0,0,0,0,0,0,0,0,0,0,0,0,"","","","","",""
2320,Ujjani Dam_1,Maharashtra SW,27,Maharashtra,496,Solapur,-,-,-,-,-,-,-,-,-,18.07402000,75.12002000,23-04-2024 13:00,0,0,0,0,0,0,0,0,0,0,0,0,0,0,0,0,0,0,0,0,0,0,0,0,0,0,0,0,0,0,0,0,0,0,0,0,0,0,0,0,0,0,0,0,"","","","","",""
2321,Ujjani Dam_1,Maharashtra SW,27,Maharashtra,496,Solapur,-,-,-,-,-,-,-,-,-,18.07402000,75.12002000,23-04-2024 14:00,0,0,0,0,0,0,0,0,0,0,0,0,0,0,0,0,0,0,0,0,0,0,0,0,0,0,0,0,0,0,0,0,0,0,0,0,0,0,0,0,0,0,0,0,"","","","","",""
2322,Ujjani Dam_1,Maharashtra SW,27,Maharashtra,496,Solapur,-,-,-,-,-,-,-,-,-,18.07402000,75.12002000,23-04-2024 15:00,0,0,0,0,0,0,0,0,0,0,0,0,0,0,0,0,0,0,0,0,0,0,0,0,0,0,0,0,0,0,0,0,0,0,0,0,0,0,0,0,0,0,0,0,"","","","","",""
2323,Ujjani Dam_1,Maharashtra SW,27,Maharashtra,496,Solapur,-,-,-,-,-,-,-,-,-,18.07402000,75.12002000,23-04-2024 16:00,0,0,0,0,0,0,0,0,0,0,0,0,0,0,0,0,0,0,0,0,0,0,0,0,0,0,0,0,0,0,0,0,0,0,0,0,0,0,0,0,0,0,0,0,"","","","","",""
2324,Ujjani Dam_1,Maharashtra SW,27,Maharashtra,496,Solapur,-,-,-,-,-,-,-,-,-,18.07402000,75.12002000,23-04-2024 17:00,0,0,0,0,0,0,0,0,0,0,0,0,0,0,0,0,0,0,0,0,0,0,0,0,0,0,0,0,0,0,0,0,0,0,0,0,0,0,0,0,0,0,0,0,"","","","","",""
2325,Ujjani Dam_1,Maharashtra SW,27,Maharashtra,496,Solapur,-,-,-,-,-,-,-,-,-,18.07402000,75.12002000,23-04-2024 18:00,0,0,0,0,0,0,0,0,0,0,0,0,0,0,0,0,0,0,0,0,0,0,0,0,0,0,0,0,0,0,0,0,0,0,0,0,0,0,0,0,0,0,0,0,"","","","","",""
2326,Ujjani Dam_1,Maharashtra SW,27,Maharashtra,496,Solapur,-,-,-,-,-,-,-,-,-,18.07402000,75.12002000,23-04-2024 19:00,0,0,0,0,0,0,0,0,0,0,0,0,0,0,0,0,0,0,0,0,0,0,0,0,0,0,0,0,0,0,0,0,0,0,0,0,0,0,0,0,0,0,0,0,"","","","","",""
2327,Ujjani Dam_1,Maharashtra SW,27,Maharashtra,496,Solapur,-,-,-,-,-,-,-,-,-,18.07402000,75.12002000,23-04-2024 20:00,0,0,0,0,0,0,0,0,0,0,0,0,0,0,0,0,0,0,0,0,0,0,0,0,0,0,0,0,0,0,0,0,0,0,0,0,0,0,0,0,0,0,0,0,"","","","","",""
2328,Ujjani Dam_1,Maharashtra SW,27,Maharashtra,496,Solapur,-,-,-,-,-,-,-,-,-,18.07402000,75.12002000,23-04-2024 21:00,0,0,0,0,0,0,0,0,0,0,0,0,0,0,0,0,0,0,0,0,0,0,0,0,0,0,0,0,0,0,0,0,0,0,0,0,0,0,0,0,0,0,0,0,"","","","","",""
2329,Ujjani Dam_1,Maharashtra SW,27,Maharashtra,496,Solapur,-,-,-,-,-,-,-,-,-,18.07402000,75.12002000,24-04-2024 09:00,0,0,0,0,0,0,0,0,0,0,0,0,0,0,0,0,0,0,0,0,0,0,0,0,0,0,0,0,0,0,0,0,0,0,0,0,0,0,0,0,0,0,0,0,"","","","","",""
2330,Ujjani Dam_1,Maharashtra SW,27,Maharashtra,496,Solapur,-,-,-,-,-,-,-,-,-,18.07402000,75.12002000,24-04-2024 10:00,0,0,0,0,0,0,0,0,0,0,0,0,0,0,0,0,0,0,0,0,0,0,0,0,0,0,0,0,0,0,0,0,0,0,0,0,0,0,0,0,0,0,0,0,"","","","","",""
2331,Ujjani Dam_1,Maharashtra SW,27,Maharashtra,496,Solapur,-,-,-,-,-,-,-,-,-,18.07402000,75.12002000,24-04-2024 11:00,0,0,0,0,0,0,0,0,0,0,0,0,0,0,0,0,0,0,0,0,0,0,0,0,0,0,0,0,0,0,0,0,0,0,0,0,0,0,0,0,0,0,0,0,"","","","","",""
2332,Ujjani Dam_1,Maharashtra SW,27,Maharashtra,496,Solapur,-,-,-,-,-,-,-,-,-,18.07402000,75.12002000,24-04-2024 12:00,0,0,0,0,0,0,0,0,0,0,0,0,0,0,0,0,0,0,0,0,0,0,0,0,0,0,0,0,0,0,0,0,0,0,0,0,0,0,0,0,0,0,0,0,"","","","","",""
2333,Ujjani Dam_1,Maharashtra SW,27,Maharashtra,496,Solapur,-,-,-,-,-,-,-,-,-,18.07402000,75.12002000,25-04-2024 08:00,0,0,0,0,0,0,0,0,0,0,0,0,0,0,0,0,0,0,0,0,0,0,0,0,0,0,0,0,0,0,0,0,0,0,0,0,0,0,0,0,0,0,0,0,"","","","","",""
2334,Ujjani Dam_1,Maharashtra SW,27,Maharashtra,496,Solapur,-,-,-,-,-,-,-,-,-,18.07402000,75.12002000,25-04-2024 11:00,0,0,0,0,0,0,0,0,0,0,0,0,0,0,0,0,0,0,0,0,0,0,0,0,0,0,0,0,0,0,0,0,0,0,0,0,0,0,0,0,0,0,0,0,"","","","","",""
2335,Ujjani Dam_1,Maharashtra SW,27,Maharashtra,496,Solapur,-,-,-,-,-,-,-,-,-,18.07402000,75.12002000,25-04-2024 12:00,0,0,0,0,0,0,0,0,0,0,0,0,0,0,0,0,0,0,0,0,0,0,0,0,0,0,0,0,0,0,0,0,0,0,0,0,0,0,0,0,0,0,0,0,"","","","","",""
2336,Ujjani Dam_1,Maharashtra SW,27,Maharashtra,496,Solapur,-,-,-,-,-,-,-,-,-,18.07402000,75.12002000,25-04-2024 13:00,0,0,0,0,0,0,0,0,0,0,0,0,0,0,0,0,0,0,0,0,0,0,0,0,0,0,0,0,0,0,0,0,0,0,0,0,0,0,0,0,0,0,0,0,"","","","","",""
2337,Ujjani Dam_1,Maharashtra SW,27,Maharashtra,496,Solapur,-,-,-,-,-,-,-,-,-,18.07402000,75.12002000,25-04-2024 14:00,0,0,0,0,0,0,0,0,0,0,0,0,0,0,0,0,0,0,0,0,0,0,0,0,0,0,0,0,0,0,0,0,0,0,0,0,0,0,0,0,0,0,0,0,"","","","","",""
2338,Ujjani Dam_1,Maharashtra SW,27,Maharashtra,496,Solapur,-,-,-,-,-,-,-,-,-,18.07402000,75.12002000,25-04-2024 15:00,0,0,0,0,0,0,0,0,0,0,0,0,0,0,0,0,0,0,0,0,0,0,0,0,0,0,0,0,0,0,0,0,0,0,0,0,0,0,0,0,0,0,0,0,"","","","","",""
2339,Ujjani Dam_1,Maharashtra SW,27,Maharashtra,496,Solapur,-,-,-,-,-,-,-,-,-,18.07402000,75.12002000,25-04-2024 16:00,0,0,0,0,0,0,0,0,0,0,0,0,0,0,0,0,0,0,0,0,0,0,0,0,0,0,0,0,0,0,0,0,0,0,0,0,0,0,0,0,0,0,0,0,"","","","","",""
2340,Ujjani Dam_1,Maharashtra SW,27,Maharashtra,496,Solapur,-,-,-,-,-,-,-,-,-,18.07402000,75.12002000,25-04-2024 17:00,0,0,0,0,0,0,0,0,0,0,0,0,0,0,0,0,0,0,0,0,0,0,0,0,0,0,0,0,0,0,0,0,0,0,0,0,0,0,0,0,0,0,0,0,"","","","","",""
2341,Ujjani Dam_1,Maharashtra SW,27,Maharashtra,496,Solapur,-,-,-,-,-,-,-,-,-,18.07402000,75.12002000,25-04-2024 19:00,0,0,0,0,0,0,0,0,0,0,0,0,0,0,0,0,0,0,0,0,0,0,0,0,0,0,0,0,0,0,0,0,0,0,0,0,0,0,0,0,0,0,0,0,"","","","","",""
2342,Ujjani Dam_1,Maharashtra SW,27,Maharashtra,496,Solapur,-,-,-,-,-,-,-,-,-,18.07402000,75.12002000,25-04-2024 21:00,0,0,0,0,0,0,0,0,0,0,0,0,0,0,0,0,0,0,0,0,0,0,0,0,0,0,0,0,0,0,0,0,0,0,0,0,0,0,0,0,0,0,0,0,"","","","","",""
2343,Ujjani Dam_1,Maharashtra SW,27,Maharashtra,496,Solapur,-,-,-,-,-,-,-,-,-,18.07402000,75.12002000,25-04-2024 23:00,0,0,0,0,0,0,0,0,0,0,0,0,0,0,0,0,0,0,0,0,0,0,0,0,0,0,0,0,0,0,0,0,0,0,0,0,0,0,0,0,0,0,0,0,"","","","","",""
2344,Ujjani Dam_1,Maharashtra SW,27,Maharashtra,496,Solapur,-,-,-,-,-,-,-,-,-,18.07402000,75.12002000,26-04-2024 00:00,0,0,0,0,0,0,0,0,0,0,0,0,0,0,0,0,0,0,0,0,0,0,0,0,0,0,0,0,0,0,0,0,0,0,0,0,0,0,0,0,0,0,0,0,"","","","","",""
2345,Ujjani Dam_1,Maharashtra SW,27,Maharashtra,496,Solapur,-,-,-,-,-,-,-,-,-,18.07402000,75.12002000,26-04-2024 01:00,0,0,0,0,0,0,0,0,0,0,0,0,0,0,0,0,0,0,0,0,0,0,0,0,0,0,0,0,0,0,0,0,0,0,0,0,0,0,0,0,0,0,0,0,"","","","","",""
2346,Ujjani Dam_1,Maharashtra SW,27,Maharashtra,496,Solapur,-,-,-,-,-,-,-,-,-,18.07402000,75.12002000,26-04-2024 02:00,0,0,0,0,0,0,0,0,0,0,0,0,0,0,0,0,0,0,0,0,0,0,0,0,0,0,0,0,0,0,0,0,0,0,0,0,0,0,0,0,0,0,0,0,"","","","","",""
2347,Ujjani Dam_1,Maharashtra SW,27,Maharashtra,496,Solapur,-,-,-,-,-,-,-,-,-,18.07402000,75.12002000,26-04-2024 03:00,0,0,0,0,0,0,0,0,0,0,0,0,0,0,0,0,0,0,0,0,0,0,0,0,0,0,0,0,0,0,0,0,0,0,0,0,0,0,0,0,0,0,0,0,"","","","","",""
2348,Ujjani Dam_1,Maharashtra SW,27,Maharashtra,496,Solapur,-,-,-,-,-,-,-,-,-,18.07402000,75.12002000,26-04-2024 04:00,0,0,0,0,0,0,0,0,0,0,0,0,0,0,0,0,0,0,0,0,0,0,0,0,0,0,0,0,0,0,0,0,0,0,0,0,0,0,0,0,0,0,0,0,"","","","","",""
2349,Ujjani Dam_1,Maharashtra SW,27,Maharashtra,496,Solapur,-,-,-,-,-,-,-,-,-,18.07402000,75.12002000,26-04-2024 05:00,0,0,0,0,0,0,0,0,0,0,0,0,0,0,0,0,0,0,0,0,0,0,0,0,0,0,0,0,0,0,0,0,0,0,0,0,0,0,0,0,0,0,0,0,"","","","","",""
2350,Ujjani Dam_1,Maharashtra SW,27,Maharashtra,496,Solapur,-,-,-,-,-,-,-,-,-,18.07402000,75.12002000,26-04-2024 06:00,0,0,0,0,0,0,0,0,0,0,0,0,0,0,0,0,0,0,0,0,0,0,0,0,0,0,0,0,0,0,0,0,0,0,0,0,0,0,0,0,0,0,0,0,"","","","","",""
2351,Ujjani Dam_1,Maharashtra SW,27,Maharashtra,496,Solapur,-,-,-,-,-,-,-,-,-,18.07402000,75.12002000,26-04-2024 07:00,0,0,0,0,0,0,0,0,0,0,0,0,0,0,0,0,0,0,0,0,0,0,0,0,0,0,0,0,0,0,0,0,0,0,0,0,0,0,0,0,0,0,0,0,"","","","","",""
2352,Ujjani Dam_1,Maharashtra SW,27,Maharashtra,496,Solapur,-,-,-,-,-,-,-,-,-,18.07402000,75.12002000,26-04-2024 11:00,0,0,0,0,0,0,0,0,0,0,0,0,0,0,0,0,0,0,0,0,0,0,0,0,0,0,0,0,0,0,0,0,0,0,0,0,0,0,0,0,0,0,0,0,"","","","","",""
2353,Ujjani Dam_1,Maharashtra SW,27,Maharashtra,496,Solapur,-,-,-,-,-,-,-,-,-,18.07402000,75.12002000,26-04-2024 14:00,0,0,0,0,0,0,0,0,0,0,0,0,0,0,0,0,0,0,0,0,0,0,0,0,0,0,0,0,0,0,0,0,0,0,0,0,0,0,0,0,0,0,0,0,"","","","","",""
2354,Ujjani Dam_1,Maharashtra SW,27,Maharashtra,496,Solapur,-,-,-,-,-,-,-,-,-,18.07402000,75.12002000,26-04-2024 15:00,0,0,0,0,0,0,0,0,0,0,0,0,0,0,0,0,0,0,0,0,0,0,0,0,0,0,0,0,0,0,0,0,0,0,0,0,0,0,0,0,0,0,0,0,"","","","","",""
2355,Ujjani Dam_1,Maharashtra SW,27,Maharashtra,496,Solapur,-,-,-,-,-,-,-,-,-,18.07402000,75.12002000,26-04-2024 16:00,0,0,0,0,0,0,0,0,0,0,0,0,0,0,0,0,0,0,0,0,0,0,0,0,0,0,0,0,0,0,0,0,0,0,0,0,0,0,0,0,0,0,0,0,"","","","","",""
2356,Ujjani Dam_1,Maharashtra SW,27,Maharashtra,496,Solapur,-,-,-,-,-,-,-,-,-,18.07402000,75.12002000,26-04-2024 18:00,0,0,0,0,0,0,0,0,0,0,0,0,0,0,0,0,0,0,0,0,0,0,0,0,0,0,0,0,0,0,0,0,0,0,0,0,0,0,0,0,0,0,0,0,"","","","","",""
2357,Ujjani Dam_1,Maharashtra SW,27,Maharashtra,496,Solapur,-,-,-,-,-,-,-,-,-,18.07402000,75.12002000,27-04-2024 00:00,0,0,0,0,0,0,0,0,0,0,0,0,0,0,0,0,0,0,0,0,0,0,0,0,0,0,0,0,0,0,0,0,0,0,0,0,0,0,0,0,0,0,0,0,"","","","","",""
2358,Ujjani Dam_1,Maharashtra SW,27,Maharashtra,496,Solapur,-,-,-,-,-,-,-,-,-,18.07402000,75.12002000,27-04-2024 07:00,0,0,0,0,0,0,0,0,0,0,0,0,0,0,0,0,0,0,0,0,0,0,0,0,0,0,0,0,0,0,0,0,0,0,0,0,0,0,0,0,0,0,0,0,"","","","","",""
2359,Ujjani Dam_1,Maharashtra SW,27,Maharashtra,496,Solapur,-,-,-,-,-,-,-,-,-,18.07402000,75.12002000,03-05-2024 15:00,0,0,0,0,0,0,0,0,0,0,0,0,0,0,0,0,0,0,0,0,0,0,0,0,0,0,0,0,0,0,0,0,0,0,0,0,0,0,0,0,0,0,0,0,"","","","","",""
2360,Ujjani Dam_1,Maharashtra SW,27,Maharashtra,496,Solapur,-,-,-,-,-,-,-,-,-,18.07402000,75.12002000,03-05-2024 20:00,0,0,0,0,0,0,0,0,0,0,0,0,0,0,0,0,0,0,0,0,0,0,0,0,0,0,0,0,0,0,0,0,0,0,0,0,0,0,0,0,0,0,0,0,"","","","","",""
2361,Ujjani Dam_1,Maharashtra SW,27,Maharashtra,496,Solapur,-,-,-,-,-,-,-,-,-,18.07402000,75.12002000,04-05-2024 00:00,0,0,0,0,0,0,0,0,0,0,0,0,0,0,0,0,0,0,0,0,0,0,0,0,0,0,0,0,0,0,0,0,0,0,0,0,0,0,0,0,0,0,0,0,"","","","","",""
2362,Ujjani Dam_1,Maharashtra SW,27,Maharashtra,496,Solapur,-,-,-,-,-,-,-,-,-,18.07402000,75.12002000,04-05-2024 02:00,0,0,0,0,0,0,0,0,0,0,0,0,0,0,0,0,0,0,0,0,0,0,0,0,0,0,0,0,0,0,0,0,0,0,0,0,0,0,0,0,0,0,0,0,"","","","","",""
2363,Ujjani Dam_1,Maharashtra SW,27,Maharashtra,496,Solapur,-,-,-,-,-,-,-,-,-,18.07402000,75.12002000,04-05-2024 04:00,0,0,0,0,0,0,0,0,0,0,0,0,0,0,0,0,0,0,0,0,0,0,0,0,0,0,0,0,0,0,0,0,0,0,0,0,0,0,0,0,0,0,0,0,"","","","","",""
2364,Ujjani Dam_1,Maharashtra SW,27,Maharashtra,496,Solapur,-,-,-,-,-,-,-,-,-,18.07402000,75.12002000,04-05-2024 09:00,0,0,0,0,0,0,0,0,0,0,0,0,0,0,0,0,0,0,0,0,0,0,0,0,0,0,0,0,0,0,0,0,0,0,0,0,0,0,0,0,0,0,0,0,"","","","","",""
2365,Ujjani Dam_1,Maharashtra SW,27,Maharashtra,496,Solapur,-,-,-,-,-,-,-,-,-,18.07402000,75.12002000,04-05-2024 15:00,0,0,0,0,0,0,0,0,0,0,0,0,0,0,0,0,0,0,0,0,0,0,0,0,0,0,0,0,0,0,0,0,0,0,0,0,0,0,0,0,0,0,0,0,"","","","","",""
2366,Ujjani Dam_1,Maharashtra SW,27,Maharashtra,496,Solapur,-,-,-,-,-,-,-,-,-,18.07402000,75.12002000,04-05-2024 18:00,0,0,0,0,0,0,0,0,0,0,0,0,0,0,0,0,0,0,0,0,0,0,0,0,0,0,0,0,0,0,0,0,0,0,0,0,0,0,0,0,0,0,0,0,"","","","","",""
2367,Ujjani Dam_1,Maharashtra SW,27,Maharashtra,496,Solapur,-,-,-,-,-,-,-,-,-,18.07402000,75.12002000,04-05-2024 19:00,0,0,0,0,0,0,0,0,0,0,0,0,0,0,0,0,0,0,0,0,0,0,0,0,0,0,0,0,0,0,0,0,0,0,0,0,0,0,0,0,0,0,0,0,"","","","","",""
2368,Ujjani Dam_1,Maharashtra SW,27,Maharashtra,496,Solapur,-,-,-,-,-,-,-,-,-,18.07402000,75.12002000,04-05-2024 20:00,0,0,0,0,0,0,0,0,0,0,0,0,0,0,0,0,0,0,0,0,0,0,0,0,0,0,0,0,0,0,0,0,0,0,0,0,0,0,0,0,0,0,0,0,"","","","","",""
2369,Ujjani Dam_1,Maharashtra SW,27,Maharashtra,496,Solapur,-,-,-,-,-,-,-,-,-,18.07402000,75.12002000,05-05-2024 08:00,0,0,0,0,0,0,0,0,0,0,0,0,0,0,0,0,0,0,0,0,0,0,0,0,0,0,0,0,0,0,0,0,0,0,0,0,0,0,0,0,0,0,0,0,"","","","","",""
2370,Ujjani Dam_1,Maharashtra SW,27,Maharashtra,496,Solapur,-,-,-,-,-,-,-,-,-,18.07402000,75.12002000,06-05-2024 17:00,0,0,0,0,0,0,0,0,0,0,0,0,0,0,0,0,0,0,0,0,0,0,0,0,0,0,0,0,0,0,0,0,0,0,0,0,0,0,0,0,0,0,0,0,"","","","","",""
2371,Ujjani Dam_1,Maharashtra SW,27,Maharashtra,496,Solapur,-,-,-,-,-,-,-,-,-,18.07402000,75.12002000,06-05-2024 18:00,0,0,0,0,0,0,0,0,0,0,0,0,0,0,0,0,0,0,0,0,0,0,0,0,0,0,0,0,0,0,0,0,0,0,0,0,0,0,0,0,0,0,0,0,"","","","","",""
2372,Ujjani Dam_1,Maharashtra SW,27,Maharashtra,496,Solapur,-,-,-,-,-,-,-,-,-,18.07402000,75.12002000,06-05-2024 20:00,0,0,0,0,0,0,0,0,0,0,0,0,0,0,0,0,0,0,0,0,0,0,0,0,0,0,0,0,0,0,0,0,0,0,0,0,0,0,0,0,0,0,0,0,"","","","","",""
2373,Ujjani Dam_1,Maharashtra SW,27,Maharashtra,496,Solapur,-,-,-,-,-,-,-,-,-,18.07402000,75.12002000,06-05-2024 21:00,0,0,0,0,0,0,0,0,0,0,0,0,0,0,0,0,0,0,0,0,0,0,0,0,0,0,0,0,0,0,0,0,0,0,0,0,0,0,0,0,0,0,0,0,"","","","","",""
2374,Ujjani Dam_1,Maharashtra SW,27,Maharashtra,496,Solapur,-,-,-,-,-,-,-,-,-,18.07402000,75.12002000,07-05-2024 06:00,0,0,0,0,0,0,0,0,0,0,0,0,0,0,0,0,0,0,0,0,0,0,0,0,0,0,0,0,0,0,0,0,0,0,0,0,0,0,0,0,0,0,0,0,"","","","","",""
2375,Ujjani Dam_1,Maharashtra SW,27,Maharashtra,496,Solapur,-,-,-,-,-,-,-,-,-,18.07402000,75.12002000,07-05-2024 11:00,0,0,0,0,0,0,0,0,0,0,0,0,0,0,0,0,0,0,0,0,0,0,0,0,0,0,0,0,0,0,0,0,0,0,0,0,0,0,0,0,0,0,0,0,"","","","","",""
2376,Ujjani Dam_1,Maharashtra SW,27,Maharashtra,496,Solapur,-,-,-,-,-,-,-,-,-,18.07402000,75.12002000,07-05-2024 15:00,0,0,0,0,0,0,0,0,0,0,0,0,0,0,0,0,0,0,0,0,0,0,0,0,0,0,0,0,0,0,0,0,0,0,0,0,0,0,0,0,0,0,0,0,"","","","","",""
2377,Ujjani Dam_1,Maharashtra SW,27,Maharashtra,496,Solapur,-,-,-,-,-,-,-,-,-,18.07402000,75.12002000,07-05-2024 19:00,0,0,0,0,0,0,0,0,0,0,0,0,0,0,0,0,0,0,0,0,0,0,0,0,0,0,0,0,0,0,0,0,0,0,0,0,0,0,0,0,0,0,0,0,"","","","","",""
2378,Ujjani Dam_1,Maharashtra SW,27,Maharashtra,496,Solapur,-,-,-,-,-,-,-,-,-,18.07402000,75.12002000,07-05-2024 20:00,0,0,0,0,0,0,0,0,0,0,0,0,0,0,0,0,0,0,0,0,0,0,0,0,0,0,0,0,0,0,0,0,0,0,0,0,0,0,0,0,0,0,0,0,"","","","","",""
2379,Ujjani Dam_1,Maharashtra SW,27,Maharashtra,496,Solapur,-,-,-,-,-,-,-,-,-,18.07402000,75.12002000,07-05-2024 22:00,0,0,0,0,0,0,0,0,0,0,0,0,0,0,0,0,0,0,0,0,0,0,0,0,0,0,0,0,0,0,0,0,0,0,0,0,0,0,0,0,0,0,0,0,"","","","","",""
2380,Ujjani Dam_1,Maharashtra SW,27,Maharashtra,496,Solapur,-,-,-,-,-,-,-,-,-,18.07402000,75.12002000,08-05-2024 02:00,0,0,0,0,0,0,0,0,0,0,0,0,0,0,0,0,0,0,0,0,0,0,0,0,0,0,0,0,0,0,0,0,0,0,0,0,0,0,0,0,0,0,0,0,"","","","","",""
2381,Ujjani Dam_1,Maharashtra SW,27,Maharashtra,496,Solapur,-,-,-,-,-,-,-,-,-,18.07402000,75.12002000,08-05-2024 03:00,0,0,0,0,0,0,0,0,0,0,0,0,0,0,0,0,0,0,0,0,0,0,0,0,0,0,0,0,0,0,0,0,0,0,0,0,0,0,0,0,0,0,0,0,"","","","","",""
2382,Ujjani Dam_1,Maharashtra SW,27,Maharashtra,496,Solapur,-,-,-,-,-,-,-,-,-,18.07402000,75.12002000,08-05-2024 04:00,0,0,0,0,0,0,0,0,0,0,0,0,0,0,0,0,0,0,0,0,0,0,0,0,0,0,0,0,0,0,0,0,0,0,0,0,0,0,0,0,0,0,0,0,"","","","","",""
2383,Ujjani Dam_1,Maharashtra SW,27,Maharashtra,496,Solapur,-,-,-,-,-,-,-,-,-,18.07402000,75.12002000,08-05-2024 05:00,0,0,0,0,0,0,0,0,0,0,0,0,0,0,0,0,0,0,0,0,0,0,0,0,0,0,0,0,0,0,0,0,0,0,0,0,0,0,0,0,0,0,0,0,"","","","","",""
2384,Ujjani Dam_1,Maharashtra SW,27,Maharashtra,496,Solapur,-,-,-,-,-,-,-,-,-,18.07402000,75.12002000,08-05-2024 11:00,0,0,0,0,0,0,0,0,0,0,0,0,0,0,0,0,0,0,0,0,0,0,0,0,0,0,0,0,0,0,0,0,0,0,0,0,0,0,0,0,0,0,0,0,"","","","","",""
2385,Ujjani Dam_1,Maharashtra SW,27,Maharashtra,496,Solapur,-,-,-,-,-,-,-,-,-,18.07402000,75.12002000,08-05-2024 12:00,0,0,0,0,0,0,0,0,0,0,0,0,0,0,0,0,0,0,0,0,0,0,0,0,0,0,0,0,0,0,0,0,0,0,0,0,0,0,0,0,0,0,0,0,"","","","","",""
2386,Ujjani Dam_1,Maharashtra SW,27,Maharashtra,496,Solapur,-,-,-,-,-,-,-,-,-,18.07402000,75.12002000,08-05-2024 13:00,0,0,0,0,0,0,0,0,0,0,0,0,0,0,0,0,0,0,0,0,0,0,0,0,0,0,0,0,0,0,0,0,0,0,0,0,0,0,0,0,0,0,0,0,"","","","","",""
2387,Ujjani Dam_1,Maharashtra SW,27,Maharashtra,496,Solapur,-,-,-,-,-,-,-,-,-,18.07402000,75.12002000,08-05-2024 22:00,0,0,0,0,0,0,0,0,0,0,0,0,0,0,0,0,0,0,0,0,0,0,0,0,0,0,0,0,0,0,0,0,0,0,0,0,0,0,0,0,0,0,0,0,"","","","","",""
2388,Ujjani Dam_1,Maharashtra SW,27,Maharashtra,496,Solapur,-,-,-,-,-,-,-,-,-,18.07402000,75.12002000,08-05-2024 23:00,0,0,0,0,0,0,0,0,0,0,0,0,0,0,0,0,0,0,0,0,0,0,0,0,0,0,0,0,0,0,0,0,0,0,0,0,0,0,0,0,0,0,0,0,"","","","","",""
2389,Ujjani Dam_1,Maharashtra SW,27,Maharashtra,496,Solapur,-,-,-,-,-,-,-,-,-,18.07402000,75.12002000,09-05-2024 00:00,0,0,0,0,0,0,0,0,0,0,0,0,0,0,0,0,0,0,0,0,0,0,0,0,0,0,0,0,0,0,0,0,0,0,0,0,0,0,0,0,0,0,0,0,"","","","","",""
2390,Ujjani Dam_1,Maharashtra SW,27,Maharashtra,496,Solapur,-,-,-,-,-,-,-,-,-,18.07402000,75.12002000,09-05-2024 01:00,0,0,0,0,0,0,0,0,0,0,0,0,0,0,0,0,0,0,0,0,0,0,0,0,0,0,0,0,0,0,0,0,0,0,0,0,0,0,0,0,0,0,0,0,"","","","","",""
2391,Ujjani Dam_1,Maharashtra SW,27,Maharashtra,496,Solapur,-,-,-,-,-,-,-,-,-,18.07402000,75.12002000,09-05-2024 03:00,0,0,0,0,0,0,0,0,0,0,0,0,0,0,0,0,0,0,0,0,0,0,0,0,0,0,0,0,0,0,0,0,0,0,0,0,0,0,0,0,0,0,0,0,"","","","","",""
2392,Ujjani Dam_1,Maharashtra SW,27,Maharashtra,496,Solapur,-,-,-,-,-,-,-,-,-,18.07402000,75.12002000,09-05-2024 04:00,0,0,0,0,0,0,0,0,0,0,0,0,0,0,0,0,0,0,0,0,0,0,0,0,0,0,0,0,0,0,0,0,0,0,0,0,0,0,0,0,0,0,0,0,"","","","","",""
2393,Ujjani Dam_1,Maharashtra SW,27,Maharashtra,496,Solapur,-,-,-,-,-,-,-,-,-,18.07402000,75.12002000,09-05-2024 05:00,0,0,0,0,0,0,0,0,0,0,0,0,0,0,0,0,0,0,0,0,0,0,0,0,0,0,0,0,0,0,0,0,0,0,0,0,0,0,0,0,0,0,0,0,"","","","","",""
2394,Ujjani Dam_1,Maharashtra SW,27,Maharashtra,496,Solapur,-,-,-,-,-,-,-,-,-,18.07402000,75.12002000,09-05-2024 06:00,0,0,0,0,0,0,0,0,0,0,0,0,0,0,0,0,0,0,0,0,0,0,0,0,0,0,0,0,0,0,0,0,0,0,0,0,0,0,0,0,0,0,0,0,"","","","","",""
2395,Ujjani Dam_1,Maharashtra SW,27,Maharashtra,496,Solapur,-,-,-,-,-,-,-,-,-,18.07402000,75.12002000,15-05-2024 13:00,0,0,0,0,0,0,0,0,0,0,0,0,0,0,0,0,0,0,0,0,0,0,0,0,0,0,0,0,0,0,0,0,0,0,0,0,0,0,0,0,0,0,0,0,"","","","","",""
2396,Ujjani Dam_1,Maharashtra SW,27,Maharashtra,496,Solapur,-,-,-,-,-,-,-,-,-,18.07402000,75.12002000,14-06-2024 14:00,0,0,0,0,0,0,0,0,0,0,0,0,0,0,0,0,0,0,0,0,0,0,0,0,0,0,0,0,0,0,0,0,0,0,0,0,0,0,0,0,0,0,0,0,"","","","","",""
2397,Ujjani Dam_1,Maharashtra SW,27,Maharashtra,496,Solapur,-,-,-,-,-,-,-,-,-,18.07402000,75.12002000,14-06-2024 15:00,0,0,0,0,0,0,0,0,0,0,0,0,0,0,0,0,0,0,0,0,0,0,0,0,0,0,0,0,0,0,0,0,0,0,0,0,0,0,0,0,0,0,0,0,"","","","","",""
2398,Ujjani Dam_1,Maharashtra SW,27,Maharashtra,496,Solapur,-,-,-,-,-,-,-,-,-,18.07402000,75.12002000,14-06-2024 16:00,0,0,0,0,0,0,0,0,0,0,0,0,0,0,0,0,0,0,0,0,0,0,0,0,0,0,0,0,0,0,0,0,0,0,0,0,0,0,0,0,0,0,0,0,"","","","","",""
2399,Ujjani Dam_1,Maharashtra SW,27,Maharashtra,496,Solapur,-,-,-,-,-,-,-,-,-,18.07402000,75.12002000,14-06-2024 17:00,0,0,0,0,0,0,0,0,0,0,0,0,0,0,0,0,0,0,0,0,0,0,0,0,0,0,0,0,0,0,0,0,0,0,0,0,0,0,0,0,0,0,0,0,"","","","","",""
2400,Ujjani Dam_1,Maharashtra SW,27,Maharashtra,496,Solapur,-,-,-,-,-,-,-,-,-,18.07402000,75.12002000,14-06-2024 18:00,0,0,0,0,0,0,0,0,0,0,0,0,0,0,0,0,0,0,0,0,0,0,0,0,0,0,0,0,0,0,0,0,0,0,0,0,0,0,0,0,0,0,0,0,"","","","","",""
2401,Ujjani Dam_1,Maharashtra SW,27,Maharashtra,496,Solapur,-,-,-,-,-,-,-,-,-,18.07402000,75.12002000,14-06-2024 19:00,0,0,0,0,0,0,0,0,0,0,0,0,0,0,0,0,0,0,0,0,0,0,0,0,0,0,0,0,0,0,0,0,0,0,0,0,0,0,0,0,0,0,0,0,"","","","","",""
2402,Ujjani Dam_1,Maharashtra SW,27,Maharashtra,496,Solapur,-,-,-,-,-,-,-,-,-,18.07402000,75.12002000,14-06-2024 20:00,0,0,0,0,0,0,0,0,0,0,0,0,0,0,0,0,0,0,0,0,0,0,0,0,0,0,0,0,0,0,0,0,0,0,0,0,0,0,0,0,0,0,0,0,"","","","","",""
2403,Ujjani Dam_1,Maharashtra SW,27,Maharashtra,496,Solapur,-,-,-,-,-,-,-,-,-,18.07402000,75.12002000,14-06-2024 22:00,0,0,0,0,0,0,0,0,0,0,0,0,0,0,0,0,0,0,0,0,0,0,0,0,0,0,0,0,0,0,0,0,0,0,0,0,0,0,0,0,0,0,0,0,"","","","","",""
2404,Ujjani Dam_1,Maharashtra SW,27,Maharashtra,496,Solapur,-,-,-,-,-,-,-,-,-,18.07402000,75.12002000,14-06-2024 23:00,0,0,0,0,0,0,0,0,0,0,0,0,0,0,0,0,0,0,0,0,0,0,0,0,0,0,0,0,0,0,0,0,0,0,0,0,0,0,0,0,0,0,0,0,"","","","","",""
2405,Ujjani Dam_1,Maharashtra SW,27,Maharashtra,496,Solapur,-,-,-,-,-,-,-,-,-,18.07402000,75.12002000,15-06-2024 00:00,0,0,0,0,0,0,0,0,0,0,0,0,0,0,0,0,0,0,0,0,0,0,0,0,0,0,0,0,0,0,0,0,0,0,0,0,0,0,0,0,0,0,0,0,"","","","","",""
2406,Ujjani Dam_1,Maharashtra SW,27,Maharashtra,496,Solapur,-,-,-,-,-,-,-,-,-,18.07402000,75.12002000,15-06-2024 01:00,0,0,0,0,0,0,0,0,0,0,0,0,0,0,0,0,0,0,0,0,0,0,0,0,0,0,0,0,0,0,0,0,0,0,0,0,0,0,0,0,0,0,0,0,"","","","","",""
2407,Ujjani Dam_1,Maharashtra SW,27,Maharashtra,496,Solapur,-,-,-,-,-,-,-,-,-,18.07402000,75.12002000,15-06-2024 02:00,0,0,0,0,0,0,0,0,0,0,0,0,0,0,0,0,0,0,0,0,0,0,0,0,0,0,0,0,0,0,0,0,0,0,0,0,0,0,0,0,0,0,0,0,"","","","","",""
2408,Ujjani Dam_1,Maharashtra SW,27,Maharashtra,496,Solapur,-,-,-,-,-,-,-,-,-,18.07402000,75.12002000,15-06-2024 03:00,0,0,0,0,0,0,0,0,0,0,0,0,0,0,0,0,0,0,0,0,0,0,0,0,0,0,0,0,0,0,0,0,0,0,0,0,0,0,0,0,0,0,0,0,"","","","","",""
2409,Ujjani Dam_1,Maharashtra SW,27,Maharashtra,496,Solapur,-,-,-,-,-,-,-,-,-,18.07402000,75.12002000,15-06-2024 04:00,0,0,0,0,0,0,0,0,0,0,0,0,0,0,0,0,0,0,0,0,0,0,0,0,0,0,0,0,0,0,0,0,0,0,0,0,0,0,0,0,0,0,0,0,"","","","","",""
2410,Ujjani Dam_1,Maharashtra SW,27,Maharashtra,496,Solapur,-,-,-,-,-,-,-,-,-,18.07402000,75.12002000,15-06-2024 05:00,0,0,0,0,0,0,0,0,0,0,0,0,0,0,0,0,0,0,0,0,0,0,0,0,0,0,0,0,0,0,0,0,0,0,0,0,0,0,0,0,0,0,0,0,"","","","","",""
2411,Ujjani Dam_1,Maharashtra SW,27,Maharashtra,496,Solapur,-,-,-,-,-,-,-,-,-,18.07402000,75.12002000,15-06-2024 06:00,0,0,0,0,0,0,0,0,0,0,0,0,0,0,0,0,0,0,0,0,0,0,0,0,0,0,0,0,0,0,0,0,0,0,0,0,0,0,0,0,0,0,0,0,"","","","","",""
2412,Ujjani Dam_1,Maharashtra SW,27,Maharashtra,496,Solapur,-,-,-,-,-,-,-,-,-,18.07402000,75.12002000,15-06-2024 08:00,0,0,0,0,0,0,0,0,0,0,0,0,0,0,0,0,0,0,0,0,0,0,0,0,0,0,0,0,0,0,0,0,0,0,0,0,0,0,0,0,0,0,0,0,"","","","","",""
2413,Ujjani Dam_1,Maharashtra SW,27,Maharashtra,496,Solapur,-,-,-,-,-,-,-,-,-,18.07402000,75.12002000,15-06-2024 09:00,0,0,0,0,0,0,0,0,0,0,0,0,0,0,0,0,0,0,0,0,0,0,0,0,0,0,0,0,0,0,0,0,0,0,0,0,0,0,0,0,0,0,0,0,"","","","","",""
2414,Ujjani Dam_1,Maharashtra SW,27,Maharashtra,496,Solapur,-,-,-,-,-,-,-,-,-,18.07402000,75.12002000,15-06-2024 10:00,0,0,0,0,0,0,0,0,0,0,0,0,0,0,0,0,0,0,0,0,0,0,0,0,0,0,0,0,0,0,0,0,0,0,0,0,0,0,0,0,0,0,0,0,"","","","","",""
2415,Ujjani Dam_1,Maharashtra SW,27,Maharashtra,496,Solapur,-,-,-,-,-,-,-,-,-,18.07402000,75.12002000,15-06-2024 11:00,0,0,0,0,0,0,0,0,0,0,0,0,0,0,0,0,0,0,0,0,0,0,0,0,0,0,0,0,0,0,0,0,0,0,0,0,0,0,0,0,0,0,0,0,"","","","","",""
2416,Ujjani Dam_1,Maharashtra SW,27,Maharashtra,496,Solapur,-,-,-,-,-,-,-,-,-,18.07402000,75.12002000,15-06-2024 12:00,0,0,0,0,0,0,0,0,0,0,0,0,0,0,0,0,0,0,0,0,0,0,0,0,0,0,0,0,0,0,0,0,0,0,0,0,0,0,0,0,0,0,0,0,"","","","","",""
2417,Ujjani Dam_1,Maharashtra SW,27,Maharashtra,496,Solapur,-,-,-,-,-,-,-,-,-,18.07402000,75.12002000,15-06-2024 13:00,0,0,0,0,0,0,0,0,0,0,0,0,0,0,0,0,0,0,0,0,0,0,0,0,0,0,0,0,0,0,0,0,0,0,0,0,0,0,0,0,0,0,0,0,"","","","","",""
2418,Ujjani Dam_1,Maharashtra SW,27,Maharashtra,496,Solapur,-,-,-,-,-,-,-,-,-,18.07402000,75.12002000,15-06-2024 16:00,0,0,0,0,0,0,0,0,0,0,0,0,0,0,0,0,0,0,0,0,0,0,0,0,0,0,0,0,0,0,0,0,0,0,0,0,0,0,0,0,0,0,0,0,"","","","","",""
2419,Ujjani Dam_1,Maharashtra SW,27,Maharashtra,496,Solapur,-,-,-,-,-,-,-,-,-,18.07402000,75.12002000,15-06-2024 17:00,0,0,0,0,0,0,0,0,0,0,0,0,0,0,0,0,0,0,0,0,0,0,0,0,0,0,0,0,0,0,0,0,0,0,0,0,0,0,0,0,0,0,0,0,"","","","","",""
2420,Ujjani Dam_1,Maharashtra SW,27,Maharashtra,496,Solapur,-,-,-,-,-,-,-,-,-,18.07402000,75.12002000,15-06-2024 18:00,0,0,0,0,0,0,0,0,0,0,0,0,0,0,0,0,0,0,0,0,0,0,0,0,0,0,0,0,0,0,0,0,0,0,0,0,0,0,0,0,0,0,0,0,"","","","","",""
2421,Ujjani Dam_1,Maharashtra SW,27,Maharashtra,496,Solapur,-,-,-,-,-,-,-,-,-,18.07402000,75.12002000,15-06-2024 19:00,0,0,0,0,0,0,0,0,0,0,0,0,0,0,0,0,0,0,0,0,0,0,0,0,0,0,0,0,0,0,0,0,0,0,0,0,0,0,0,0,0,0,0,0,"","","","","",""
2422,Ujjani Dam_1,Maharashtra SW,27,Maharashtra,496,Solapur,-,-,-,-,-,-,-,-,-,18.07402000,75.12002000,15-06-2024 20:00,0,0,0,0,0,0,0,0,0,0,0,0,0,0,0,0,0,0,0,0,0,0,0,0,0,0,0,0,0,0,0,0,0,0,0,0,0,0,0,0,0,0,0,0,"","","","","",""
2423,Ujjani Dam_1,Maharashtra SW,27,Maharashtra,496,Solapur,-,-,-,-,-,-,-,-,-,18.07402000,75.12002000,15-06-2024 21:00,0,0,0,0,0,0,0,0,0,0,0,0,0,0,0,0,0,0,0,0,0,0,0,0,0,0,0,0,0,0,0,0,0,0,0,0,0,0,0,0,0,0,0,0,"","","","","",""
2424,Ujjani Dam_1,Maharashtra SW,27,Maharashtra,496,Solapur,-,-,-,-,-,-,-,-,-,18.07402000,75.12002000,15-06-2024 22:00,0,0,0,0,0,0,0,0,0,0,0,0,0,0,0,0,0,0,0,0,0,0,0,0,0,0,0,0,0,0,0,0,0,0,0,0,0,0,0,0,0,0,0,0,"","","","","",""
2425,Ujjani Dam_1,Maharashtra SW,27,Maharashtra,496,Solapur,-,-,-,-,-,-,-,-,-,18.07402000,75.12002000,15-06-2024 23:00,0,0,0,0,0,0,0,0,0,0,0,0,0,0,0,0,0,0,0,0,0,0,0,0,0,0,0,0,0,0,0,0,0,0,0,0,0,0,0,0,0,0,0,0,"","","","","",""
2426,Ujjani Dam_1,Maharashtra SW,27,Maharashtra,496,Solapur,-,-,-,-,-,-,-,-,-,18.07402000,75.12002000,16-06-2024 00:00,0,0,0,0,0,0,0,0,0,0,0,0,0,0,0,0,0,0,0,0,0,0,0,0,0,0,0,0,0,0,0,0,0,0,0,0,0,0,0,0,0,0,0,0,"","","","","",""
2427,Ujjani Dam_1,Maharashtra SW,27,Maharashtra,496,Solapur,-,-,-,-,-,-,-,-,-,18.07402000,75.12002000,16-06-2024 02:00,0,0,0,0,0,0,0,0,0,0,0,0,0,0,0,0,0,0,0,0,0,0,0,0,0,0,0,0,0,0,0,0,0,0,0,0,0,0,0,0,0,0,0,0,"","","","","",""
2428,Ujjani Dam_1,Maharashtra SW,27,Maharashtra,496,Solapur,-,-,-,-,-,-,-,-,-,18.07402000,75.12002000,16-06-2024 03:00,0,0,0,0,0,0,0,0,0,0,0,0,0,0,0,0,0,0,0,0,0,0,0,0,0,0,0,0,0,0,0,0,0,0,0,0,0,0,0,0,0,0,0,0,"","","","","",""
2429,Ujjani Dam_1,Maharashtra SW,27,Maharashtra,496,Solapur,-,-,-,-,-,-,-,-,-,18.07402000,75.12002000,16-06-2024 04:00,0,0,0,0,0,0,0,0,0,0,0,0,0,0,0,0,0,0,0,0,0,0,0,0,0,0,0,0,0,0,0,0,0,0,0,0,0,0,0,0,0,0,0,0,"","","","","",""
2430,Ujjani Dam_1,Maharashtra SW,27,Maharashtra,496,Solapur,-,-,-,-,-,-,-,-,-,18.07402000,75.12002000,16-06-2024 05:00,0,0,0,0,0,0,0,0,0,0,0,0,0,0,0,0,0,0,0,0,0,0,0,0,0,0,0,0,0,0,0,0,0,0,0,0,0,0,0,0,0,0,0,0,"","","","","",""
2431,Ujjani Dam_1,Maharashtra SW,27,Maharashtra,496,Solapur,-,-,-,-,-,-,-,-,-,18.07402000,75.12002000,16-06-2024 06:00,0,0,0,0,0,0,0,0,0,0,0,0,0,0,0,0,0,0,0,0,0,0,0,0,0,0,0,0,0,0,0,0,0,0,0,0,0,0,0,0,0,0,0,0,"","","","","",""
2432,Ujjani Dam_1,Maharashtra SW,27,Maharashtra,496,Solapur,-,-,-,-,-,-,-,-,-,18.07402000,75.12002000,16-06-2024 08:00,0,0,0,0,0,0,0,0,0,0,0,0,0,0,0,0,0,0,0,0,0,0,0,0,0,0,0,0,0,0,0,0,0,0,0,0,0,0,0,0,0,0,0,0,"","","","","",""
2433,Ujjani Dam_1,Maharashtra SW,27,Maharashtra,496,Solapur,-,-,-,-,-,-,-,-,-,18.07402000,75.12002000,16-06-2024 09:00,0,0,0,0,0,0,0,0,0,0,0,0,0,0,0,0,0,0,0,0,0,0,0,0,0,0,0,0,0,0,0,0,0,0,0,0,0,0,0,0,0,0,0,0,"","","","","",""
2434,Ujjani Dam_1,Maharashtra SW,27,Maharashtra,496,Solapur,-,-,-,-,-,-,-,-,-,18.07402000,75.12002000,16-06-2024 10:00,0,0,0,0,0,0,0,0,0,0,0,0,0,0,0,0,0,0,0,0,0,0,0,0,0,0,0,0,0,0,0,0,0,0,0,0,0,0,0,0,0,0,0,0,"","","","","",""
2435,Ujjani Dam_1,Maharashtra SW,27,Maharashtra,496,Solapur,-,-,-,-,-,-,-,-,-,18.07402000,75.12002000,16-06-2024 11:00,0,0,0,0,0,0,0,0,0,0,0,0,0,0,0,0,0,0,0,0,0,0,0,0,0,0,0,0,0,0,0,0,0,0,0,0,0,0,0,0,0,0,0,0,"","","","","",""
2436,Ujjani Dam_1,Maharashtra SW,27,Maharashtra,496,Solapur,-,-,-,-,-,-,-,-,-,18.07402000,75.12002000,16-06-2024 12:00,0,0,0,0,0,0,0,0,0,0,0,0,0,0,0,0,0,0,0,0,0,0,0,0,0,0,0,0,0,0,0,0,0,0,0,0,0,0,0,0,0,0,0,0,"","","","","",""
2437,Ujjani Dam_1,Maharashtra SW,27,Maharashtra,496,Solapur,-,-,-,-,-,-,-,-,-,18.07402000,75.12002000,17-06-2024 12:00,0,0,0,0,0,0,0,0,0,0,0,0,0,0,0,0,0,0,0,0,0,0,0,0,0,0,0,0,0,0,0,0,0,0,0,0,0,0,0,0,0,0,0,0,"","","","","",""
2438,Ujjani Dam_1,Maharashtra SW,27,Maharashtra,496,Solapur,-,-,-,-,-,-,-,-,-,18.07402000,75.12002000,17-06-2024 13:00,0,0,0,0,0,0,0,0,0,0,0,0,0,0,0,0,0,0,0,0,0,0,0,0,0,0,0,0,0,0,0,0,0,0,0,0,0,0,0,0,0,0,0,0,"","","","","",""
2439,Ujjani Dam_1,Maharashtra SW,27,Maharashtra,496,Solapur,-,-,-,-,-,-,-,-,-,18.07402000,75.12002000,03-07-2024 16:00,0,0,0,0,0,0,0,0,0,0,0,0,0,0,0,0,0,0,0,0,0,0,0,0,0,0,0,0,0,0,0,0,0,0,0,0,0,0,0,0,0,0,0,0,"","","","","",""
2440,Ujjani Dam_1,Maharashtra SW,27,Maharashtra,496,Solapur,-,-,-,-,-,-,-,-,-,18.07402000,75.12002000,03-07-2024 18:00,0,0,0,0,0,0,0,0,0,0,0,0,0,0,0,0,0,0,0,0,0,0,0,0,0,0,0,0,0,0,0,0,0,0,0,0,0,0,0,0,0,0,0,0,"","","","","",""
2441,Ujjani Dam_1,Maharashtra SW,27,Maharashtra,496,Solapur,-,-,-,-,-,-,-,-,-,18.07402000,75.12002000,03-07-2024 19:00,0,0,0,0,0,0,0,0,0,0,0,0,0,0,0,0,0,0,0,0,0,0,0,0,0,0,0,0,0,0,0,0,0,0,0,0,0,0,0,0,0,0,0,0,"","","","","",""
2442,Ujjani Dam_1,Maharashtra SW,27,Maharashtra,496,Solapur,-,-,-,-,-,-,-,-,-,18.07402000,75.12002000,03-07-2024 20:00,0,0,0,0,0,0,0,0,0,0,0,0,0,0,0,0,0,0,0,0,0,0,0,0,0,0,0,0,0,0,0,0,0,0,0,0,0,0,0,0,0,0,0,0,"","","","","",""
2443,Ujjani Dam_1,Maharashtra SW,27,Maharashtra,496,Solapur,-,-,-,-,-,-,-,-,-,18.07402000,75.12002000,03-07-2024 21:00,0,0,0,0,0,0,0,0,0,0,0,0,0,0,0,0,0,0,0,0,0,0,0,0,0,0,0,0,0,0,0,0,0,0,0,0,0,0,0,0,0,0,0,0,"","","","","",""
2444,Ujjani Dam_1,Maharashtra SW,27,Maharashtra,496,Solapur,-,-,-,-,-,-,-,-,-,18.07402000,75.12002000,03-07-2024 22:00,0,0,0,0,0,0,0,0,0,0,0,0,0,0,0,0,0,0,0,0,0,0,0,0,0,0,0,0,0,0,0,0,0,0,0,0,0,0,0,0,0,0,0,0,"","","","","",""
2445,Ujjani Dam_1,Maharashtra SW,27,Maharashtra,496,Solapur,-,-,-,-,-,-,-,-,-,18.07402000,75.12002000,04-07-2024 02:00,0,0,0,0,0,0,0,0,0,0,0,0,0,0,0,0,0,0,0,0,0,0,0,0,0,0,0,0,0,0,0,0,0,0,0,0,0,0,0,0,0,0,0,0,"","","","","",""
2446,Ujjani Dam_1,Maharashtra SW,27,Maharashtra,496,Solapur,-,-,-,-,-,-,-,-,-,18.07402000,75.12002000,04-07-2024 15:00,0,0,0,0,0,0,0,0,0,0,0,0,0,0,0,0,0,0,0,0,0,0,0,0,0,0,0,0,0,0,0,0,0,0,0,0,0,0,0,0,0,0,0,0,"","","","","",""
2447,Ujjani Dam_1,Maharashtra SW,27,Maharashtra,496,Solapur,-,-,-,-,-,-,-,-,-,18.07402000,75.12002000,04-07-2024 16:00,0,0,0,0,0,0,0,0,0,0,0,0,0,0,0,0,0,0,0,0,0,0,0,0,0,0,0,0,0,0,0,0,0,0,0,0,0,0,0,0,0,0,0,0,"","","","","",""
2448,Ujjani Dam_1,Maharashtra SW,27,Maharashtra,496,Solapur,-,-,-,-,-,-,-,-,-,18.07402000,75.12002000,11-07-2024 12:00,0,0,0,0,0,0,0,0,0,0,0,0,0,0,0,0,0,0,0,0,0,0,0,0,0,0,0,0,0,0,0,0,0,0,0,0,0,0,0,0,0,0,0,0,"","","","","",""
2449,Ujjani Dam_1,Maharashtra SW,27,Maharashtra,496,Solapur,-,-,-,-,-,-,-,-,-,18.07402000,75.12002000,12-07-2024 12:00,0,0,0,0,0,0,0,0,0,0,0,0,0,0,0,0,0,0,0,0,0,0,0,0,0,0,0,0,0,0,0,0,0,0,0,0,0,0,0,0,0,0,0,0,"","","","","",""
2450,Ujjani Dam_1,Maharashtra SW,27,Maharashtra,496,Solapur,-,-,-,-,-,-,-,-,-,18.07402000,75.12002000,12-07-2024 16:00,0,0,0,0,0,0,0,0,0,0,0,0,0,0,0,0,0,0,0,0,0,0,0,0,0,0,0,0,0,0,0,0,0,0,0,0,0,0,0,0,0,0,0,0,"","","","","",""
2451,Ujjani Dam_1,Maharashtra SW,27,Maharashtra,496,Solapur,-,-,-,-,-,-,-,-,-,18.07402000,75.12002000,12-07-2024 17:00,0,0,0,0,0,0,0,0,0,0,0,0,0,0,0,0,0,0,0,0,0,0,0,0,0,0,0,0,0,0,0,0,0,0,0,0,0,0,0,0,0,0,0,0,"","","","","",""
2452,Ujjani Dam_1,Maharashtra SW,27,Maharashtra,496,Solapur,-,-,-,-,-,-,-,-,-,18.07402000,75.12002000,12-07-2024 22:00,0,0,0,0,0,0,0,0,0,0,0,0,0,0,0,0,0,0,0,0,0,0,0,0,0,0,0,0,0,0,0,0,0,0,0,0,0,0,0,0,0,0,0,0,"","","","","",""
2453,Ujjani Dam_1,Maharashtra SW,27,Maharashtra,496,Solapur,-,-,-,-,-,-,-,-,-,18.07402000,75.12002000,14-07-2024 22:00,0,0,0,0,0,0,0,0,0,0,0,0,0,0,0,0,0,0,0,0,0,0,0,0,0,0,0,0,0,0,0,0,0,0,0,0,0,0,0,0,0,0,0,0,"","","","","",""
2454,Ujjani Dam_1,Maharashtra SW,27,Maharashtra,496,Solapur,-,-,-,-,-,-,-,-,-,18.07402000,75.12002000,15-07-2024 00:00,0,0,0,0,0,0,0,0,0,0,0,0,0,0,0,0,0,0,0,0,0,0,0,0,0,0,0,0,0,0,0,0,0,0,0,0,0,0,0,0,0,0,0,0,"","","","","",""
2455,Ujjani Dam_1,Maharashtra SW,27,Maharashtra,496,Solapur,-,-,-,-,-,-,-,-,-,18.07402000,75.12002000,15-07-2024 09:00,0,0,0,0,0,0,0,0,0,0,0,0,0,0,0,0,0,0,0,0,0,0,0,0,0,0,0,0,0,0,0,0,0,0,0,0,0,0,0,0,0,0,0,0,"","","","","",""
2456,Ujjani Dam_1,Maharashtra SW,27,Maharashtra,496,Solapur,-,-,-,-,-,-,-,-,-,18.07402000,75.12002000,15-07-2024 10:00,0,0,0,0,0,0,0,0,0,0,0,0,0,0,0,0,0,0,0,0,0,0,0,0,0,0,0,0,0,0,0,0,0,0,0,0,0,0,0,0,0,0,0,0,"","","","","",""
2457,Ujjani Dam_1,Maharashtra SW,27,Maharashtra,496,Solapur,-,-,-,-,-,-,-,-,-,18.07402000,75.12002000,15-07-2024 11:00,0,0,0,0,0,0,0,0,0,0,0,0,0,0,0,0,0,0,0,0,0,0,0,0,0,0,0,0,0,0,0,0,0,0,0,0,0,0,0,0,0,0,0,0,"","","","","",""
2458,Ujjani Dam_1,Maharashtra SW,27,Maharashtra,496,Solapur,-,-,-,-,-,-,-,-,-,18.07402000,75.12002000,16-07-2024 07:00,0,0,0,0,0,0,0,0,0,0,0,0,0,0,0,0,0,0,0,0,0,0,0,0,0,0,0,0,0,0,0,0,0,0,0,0,0,0,0,0,0,0,0,0,"","","","","",""
2459,Ujjani Dam_1,Maharashtra SW,27,Maharashtra,496,Solapur,-,-,-,-,-,-,-,-,-,18.07402000,75.12002000,16-07-2024 08:00,0,0,0,0,0,0,0,0,0,0,0,0,0,0,0,0,0,0,0,0,0,0,0,0,0,0,0,0,0,0,0,0,0,0,0,0,0,0,0,0,0,0,0,0,"","","","","",""
2460,Ujjani Dam_1,Maharashtra SW,27,Maharashtra,496,Solapur,-,-,-,-,-,-,-,-,-,18.07402000,75.12002000,16-07-2024 09:00,0,0,0,0,0,0,0,0,0,0,0,0,0,0,0,0,0,0,0,0,0,0,0,0,0,0,0,0,0,0,0,0,0,0,0,0,0,0,0,0,0,0,0,0,"","","","","",""
2461,Ujjani Dam_1,Maharashtra SW,27,Maharashtra,496,Solapur,-,-,-,-,-,-,-,-,-,18.07402000,75.12002000,16-07-2024 10:00,0,0,0,0,0,0,0,0,0,0,0,0,0,0,0,0,0,0,0,0,0,0,0,0,0,0,0,0,0,0,0,0,0,0,0,0,0,0,0,0,0,0,0,0,"","","","","",""
2462,Ujjani Dam_1,Maharashtra SW,27,Maharashtra,496,Solapur,-,-,-,-,-,-,-,-,-,18.07402000,75.12002000,16-07-2024 14:00,0,0,0,0,0,0,0,0,0,0,0,0,0,0,0,0,0,0,0,0,0,0,0,0,0,0,0,0,0,0,0,0,0,0,0,0,0,0,0,0,0,0,0,0,"","","","","",""
2463,Ujjani Dam_1,Maharashtra SW,27,Maharashtra,496,Solapur,-,-,-,-,-,-,-,-,-,18.07402000,75.12002000,16-07-2024 15:00,0,0,0,0,0,0,0,0,0,0,0,0,0,0,0,0,0,0,0,0,0,0,0,0,0,0,0,0,0,0,0,0,0,0,0,0,0,0,0,0,0,0,0,0,"","","","","",""
2464,Ujjani Dam_1,Maharashtra SW,27,Maharashtra,496,Solapur,-,-,-,-,-,-,-,-,-,18.07402000,75.12002000,16-07-2024 16:00,0,0,0,0,0,0,0,0,0,0,0,0,0,0,0,0,0,0,0,0,0,0,0,0,0,0,0,0,0,0,0,0,0,0,0,0,0,0,0,0,0,0,0,0,"","","","","",""
2465,Ujjani Dam_1,Maharashtra SW,27,Maharashtra,496,Solapur,-,-,-,-,-,-,-,-,-,18.07402000,75.12002000,16-07-2024 17:00,0,0,0,0,0,0,0,0,0,0,0,0,0,0,0,0,0,0,0,0,0,0,0,0,0,0,0,0,0,0,0,0,0,0,0,0,0,0,0,0,0,0,0,0,"","","","","",""
2466,Ujjani Dam_1,Maharashtra SW,27,Maharashtra,496,Solapur,-,-,-,-,-,-,-,-,-,18.07402000,75.12002000,16-07-2024 18:00,0,0,0,0,0,0,0,0,0,0,0,0,0,0,0,0,0,0,0,0,0,0,0,0,0,0,0,0,0,0,0,0,0,0,0,0,0,0,0,0,0,0,0,0,"","","","","",""
2467,Ujjani Dam_1,Maharashtra SW,27,Maharashtra,496,Solapur,-,-,-,-,-,-,-,-,-,18.07402000,75.12002000,16-07-2024 21:00,0,0,0,0,0,0,0,0,0,0,0,0,0,0,0,0,0,0,0,0,0,0,0,0,0,0,0,0,0,0,0,0,0,0,0,0,0,0,0,0,0,0,0,0,"","","","","",""
2468,Ujjani Dam_1,Maharashtra SW,27,Maharashtra,496,Solapur,-,-,-,-,-,-,-,-,-,18.07402000,75.12002000,16-07-2024 22:00,0,0,0,0,0,0,0,0,0,0,0,0,0,0,0,0,0,0,0,0,0,0,0,0,0,0,0,0,0,0,0,0,0,0,0,0,0,0,0,0,0,0,0,0,"","","","","",""
2469,Ujjani Dam_1,Maharashtra SW,27,Maharashtra,496,Solapur,-,-,-,-,-,-,-,-,-,18.07402000,75.12002000,16-07-2024 23:00,0,0,0,0,0,0,0,0,0,0,0,0,0,0,0,0,0,0,0,0,0,0,0,0,0,0,0,0,0,0,0,0,0,0,0,0,0,0,0,0,0,0,0,0,"","","","","",""
2470,Ujjani Dam_1,Maharashtra SW,27,Maharashtra,496,Solapur,-,-,-,-,-,-,-,-,-,18.07402000,75.12002000,17-07-2024 01:00,0,0,0,0,0,0,0,0,0,0,0,0,0,0,0,0,0,0,0,0,0,0,0,0,0,0,0,0,0,0,0,0,0,0,0,0,0,0,0,0,0,0,0,0,"","","","","",""
2471,Ujjani Dam_1,Maharashtra SW,27,Maharashtra,496,Solapur,-,-,-,-,-,-,-,-,-,18.07402000,75.12002000,17-07-2024 02:00,0,0,0,0,0,0,0,0,0,0,0,0,0,0,0,0,0,0,0,0,0,0,0,0,0,0,0,0,0,0,0,0,0,0,0,0,0,0,0,0,0,0,0,0,"","","","","",""
2472,Ujjani Dam_1,Maharashtra SW,27,Maharashtra,496,Solapur,-,-,-,-,-,-,-,-,-,18.07402000,75.12002000,17-07-2024 03:00,0,0,0,0,0,0,0,0,0,0,0,0,0,0,0,0,0,0,0,0,0,0,0,0,0,0,0,0,0,0,0,0,0,0,0,0,0,0,0,0,0,0,0,0,"","","","","",""
2473,Ujjani Dam_1,Maharashtra SW,27,Maharashtra,496,Solapur,-,-,-,-,-,-,-,-,-,18.07402000,75.12002000,17-07-2024 04:00,0,0,0,0,0,0,0,0,0,0,0,0,0,0,0,0,0,0,0,0,0,0,0,0,0,0,0,0,0,0,0,0,0,0,0,0,0,0,0,0,0,0,0,0,"","","","","",""
2474,Ujjani Dam_1,Maharashtra SW,27,Maharashtra,496,Solapur,-,-,-,-,-,-,-,-,-,18.07402000,75.12002000,17-07-2024 05:00,0,0,0,0,0,0,0,0,0,0,0,0,0,0,0,0,0,0,0,0,0,0,0,0,0,0,0,0,0,0,0,0,0,0,0,0,0,0,0,0,0,0,0,0,"","","","","",""
2475,Ujjani Dam_1,Maharashtra SW,27,Maharashtra,496,Solapur,-,-,-,-,-,-,-,-,-,18.07402000,75.12002000,17-07-2024 09:00,0,0,0,0,0,0,0,0,0,0,0,0,0,0,0,0,0,0,0,0,0,0,0,0,0,0,0,0,0,0,0,0,0,0,0,0,0,0,0,0,0,0,0,0,"","","","","",""
2476,Ujjani Dam_1,Maharashtra SW,27,Maharashtra,496,Solapur,-,-,-,-,-,-,-,-,-,18.07402000,75.12002000,17-07-2024 10:00,0,0,0,0,0,0,0,0,0,0,0,0,0,0,0,0,0,0,0,0,0,0,0,0,0,0,0,0,0,0,0,0,0,0,0,0,0,0,0,0,0,0,0,0,"","","","","",""
2477,Ujjani Dam_1,Maharashtra SW,27,Maharashtra,496,Solapur,-,-,-,-,-,-,-,-,-,18.07402000,75.12002000,17-07-2024 11:00,0,0,0,0,0,0,0,0,0,0,0,0,0,0,0,0,0,0,0,0,0,0,0,0,0,0,0,0,0,0,0,0,0,0,0,0,0,0,0,0,0,0,0,0,"","","","","",""
2478,Ujjani Dam_1,Maharashtra SW,27,Maharashtra,496,Solapur,-,-,-,-,-,-,-,-,-,18.07402000,75.12002000,17-07-2024 13:00,0,0,0,0,0,0,0,0,0,0,0,0,0,0,0,0,0,0,0,0,0,0,0,0,0,0,0,0,0,0,0,0,0,0,0,0,0,0,0,0,0,0,0,0,"","","","","",""
2479,Ujjani Dam_1,Maharashtra SW,27,Maharashtra,496,Solapur,-,-,-,-,-,-,-,-,-,18.07402000,75.12002000,17-07-2024 18:00,0,"","","","","","","","","","","","","","","","","","","","","","","","","","","","","","","","","","","","","","","","","","","","","","","","",""
2480,Ujjani Dam_1,Maharashtra SW,27,Maharashtra,496,Solapur,-,-,-,-,-,-,-,-,-,18.07402000,75.12002000,18-07-2024 05:00,0,0,0,0,0,0,0,0,0,0,0,0,0,0,0,0,0,0,0,0,0,0,0,0,0,0,0,0,0,0,0,0,0,0,0,0,0,0,0,0,0,0,0,0,"","","","","",""
2481,Ujjani Dam_1,Maharashtra SW,27,Maharashtra,496,Solapur,-,-,-,-,-,-,-,-,-,18.07402000,75.12002000,18-07-2024 08:00,0,0,0,0,0,0,0,0,0,0,0,0,0,0,0,0,0,0,0,0,0,0,0,0,0,0,0,0,0,0,0,0,0,0,0,0,0,0,0,0,0,0,0,0,"","","","","",""
2482,Ujjani Dam_1,Maharashtra SW,27,Maharashtra,496,Solapur,-,-,-,-,-,-,-,-,-,18.07402000,75.12002000,18-07-2024 09:00,0,0,0,0,0,0,0,0,0,0,0,0,0,0,0,0,0,0,0,0,0,0,0,0,0,0,0,0,0,0,0,0,0,0,0,0,0,0,0,0,0,0,0,0,"","","","","",""
2483,Ujjani Dam_1,Maharashtra SW,27,Maharashtra,496,Solapur,-,-,-,-,-,-,-,-,-,18.07402000,75.12002000,18-07-2024 10:00,0,0,0,0,0,0,0,0,0,0,0,0,0,0,0,0,0,0,0,0,0,0,0,0,0,0,0,0,0,0,0,0,0,0,0,0,0,0,0,0,0,0,0,0,"","","","","",""
2484,Ujjani Dam_1,Maharashtra SW,27,Maharashtra,496,Solapur,-,-,-,-,-,-,-,-,-,18.07402000,75.12002000,18-07-2024 11:00,0,0,0,0,0,0,0,0,0,0,0,0,0,0,0,0,0,0,0,0,0,0,0,0,0,0,0,0,0,0,0,0,0,0,0,0,0,0,0,0,0,0,0,0,"","","","","",""
2485,Ujjani Dam_1,Maharashtra SW,27,Maharashtra,496,Solapur,-,-,-,-,-,-,-,-,-,18.07402000,75.12002000,18-07-2024 12:00,0,0,0,0,0,0,0,0,0,0,0,0,0,0,0,0,0,0,0,0,0,0,0,0,0,0,0,0,0,0,0,0,0,0,0,0,0,0,0,0,0,0,0,0,"","","","","",""
2486,Ujjani Dam_1,Maharashtra SW,27,Maharashtra,496,Solapur,-,-,-,-,-,-,-,-,-,18.07402000,75.12002000,18-07-2024 15:00,0,0,0,0,0,0,0,0,0,0,0,0,0,0,0,0,0,0,0,0,0,0,0,0,0,0,0,0,0,0,0,0,0,0,0,0,0,0,0,0,0,0,0,0,"","","","","",""
2487,Ujjani Dam_1,Maharashtra SW,27,Maharashtra,496,Solapur,-,-,-,-,-,-,-,-,-,18.07402000,75.12002000,18-07-2024 16:00,0,0,0,0,0,0,0,0,0,0,0,0,0,0,0,0,0,0,0,0,0,0,0,0,0,0,0,0,0,0,0,0,0,0,0,0,0,0,0,0,0,0,0,0,"","","","","",""
2488,Ujjani Dam_1,Maharashtra SW,27,Maharashtra,496,Solapur,-,-,-,-,-,-,-,-,-,18.07402000,75.12002000,18-07-2024 17:00,0,0,0,0,0,0,0,0,0,0,0,0,0,0,0,0,0,0,0,0,0,0,0,0,0,0,0,0,0,0,0,0,0,0,0,0,0,0,0,0,0,0,0,0,"","","","","",""
2489,Ujjani Dam_1,Maharashtra SW,27,Maharashtra,496,Solapur,-,-,-,-,-,-,-,-,-,18.07402000,75.12002000,20-08-2024 16:00,828.84,0,0,0,0,0,828.84,828.84,861.68,828.84,0,0,0,0,0,828.84,0,0,0,0,0,0,0,0,0,0,0,0,0,0,0,0,0,0,0,0,0,0,0,0,0,0,0,0,"","","","","",""
2490,Ujjani Dam_1,Maharashtra SW,27,Maharashtra,496,Solapur,-,-,-,-,-,-,-,-,-,18.07402000,75.12002000,20-08-2024 17:00,829.54,0,0,0,0,0,829.54,829.54,862.38,829.54,0,0,0,0,0,829.54,0,0,0,0,0,0,0,0,0,0,0,0,0,0,0,0,0,0,0,0,0,0,0,0,0,0,0,0,"","","","","",""
2491,Ujjani Dam_1,Maharashtra SW,27,Maharashtra,496,Solapur,-,-,-,-,-,-,-,-,-,18.07402000,75.12002000,20-08-2024 19:00,829.54,0,0,0,0,0,829.54,829.54,862.38,829.54,0,0,0,0,0,829.54,0,0,0,0,0,0,0,0,0,0,0,0,0,0,0,0,0,0,0,0,0,0,0,0,0,0,0,0,"","","","","",""
2492,Ujjani Dam_1,Maharashtra SW,27,Maharashtra,496,Solapur,-,-,-,-,-,-,-,-,-,18.07402000,75.12002000,20-08-2024 20:00,829.54,0,0,0,0,0,829.54,829.54,862.38,829.54,0,0,0,0,0,829.54,0,0,0,0,0,0,0,0,0,0,0,0,0,0,0,0,0,0,0,0,0,0,0,0,0,0,0,0,"","","","","",""
2493,Ujjani Dam_1,Maharashtra SW,27,Maharashtra,496,Solapur,-,-,-,-,-,-,-,-,-,18.07402000,75.12002000,20-08-2024 21:00,830.25,0,0,0,0,0,830.25,830.25,863.09,830.25,0,0,0,0,0,830.25,0,0,0,0,0,0,0,0,0,0,0,0,0,0,0,0,0,0,0,0,0,0,0,0,0,0,0,0,"","","","","",""
2494,Ujjani Dam_1,Maharashtra SW,27,Maharashtra,496,Solapur,-,-,-,-,-,-,-,-,-,18.07402000,75.12002000,20-08-2024 22:00,831.66,0,0,0,0,0,831.66,831.66,864.5,831.66,0,0,0,0,0,831.66,0,0,0,0,0,0,0,0,0,0,0,0,0,0,0,0,0,0,0,0,0,0,0,0,0,0,0,0,"","","","","",""
2495,Ujjani Dam_1,Maharashtra SW,27,Maharashtra,496,Solapur,-,-,-,-,-,-,-,-,-,18.07402000,75.12002000,20-08-2024 23:00,831.66,0,0,0,0,0,831.66,831.66,864.5,831.66,0,0,0,0,0,831.66,0,0,0,0,0,0,0,0,0,0,0,0,0,0,0,0,0,0,0,0,0,0,0,0,0,0,0,0,"","","","","",""
2496,Ujjani Dam_1,Maharashtra SW,27,Maharashtra,496,Solapur,-,-,-,-,-,-,-,-,-,18.07402000,75.12002000,21-08-2024 00:00,831.66,0,0,0,0,0,831.66,831.66,864.5,831.66,0,0,0,0,0,831.66,0,0,0,0,0,0,0,0,0,0,0,0,0,0,0,0,0,0,0,0,0,0,0,0,0,0,0,0,"","","","","",""
2497,Ujjani Dam_1,Maharashtra SW,27,Maharashtra,496,Solapur,-,-,-,-,-,-,-,-,-,18.07402000,75.12002000,21-08-2024 01:00,830.95,0,0,0,0,0,830.95,830.95,863.8,830.95,0,0,0,0,0,830.95,0,0,0,0,0,0,0,0,0,0,0,0,0,0,0,0,0,0,0,0,0,0,0,0,0,0,0,0,"","","","","",""
2498,Ujjani Dam_1,Maharashtra SW,27,Maharashtra,496,Solapur,-,-,-,-,-,-,-,-,-,18.07402000,75.12002000,21-08-2024 13:00,832.72,0,0,0,0,0,832.72,832.72,865.92,832.72,0,0,0,0,0,832.72,0,0,0,0,0,0,0,0,0,0,0,0,0,0,0,0,0,0,0,0,0,0,0,0,0,0,0,0,"","","","","",""
2499,Ujjani Dam_1,Maharashtra SW,27,Maharashtra,496,Solapur,-,-,-,-,-,-,-,-,-,18.07402000,75.12002000,21-08-2024 14:00,832.72,0,0,0,0,0,832.72,832.72,865.92,832.72,0,0,0,0,0,832.72,0,0,0,0,0,0,0,0,0,0,0,0,0,0,0,0,0,0,0,0,0,0,0,0,0,0,0,0,"","","","","",""
2500,Ujjani Dam_1,Maharashtra SW,27,Maharashtra,496,Solapur,-,-,-,-,-,-,-,-,-,18.07402000,75.12002000,21-08-2024 15:00,832.72,0,0,0,0,0,832.72,832.72,865.92,832.72,0,0,0,0,0,832.72,0,0,0,0,0,0,0,0,0,0,0,0,0,0,0,0,0,0,0,0,0,0,0,0,0,0,0,0,"","","","","",""
2501,Ujjani Dam_1,Maharashtra SW,27,Maharashtra,496,Solapur,-,-,-,-,-,-,-,-,-,18.07402000,75.12002000,21-08-2024 16:00,832.72,0,0,0,0,0,832.72,832.72,865.92,832.72,0,0,0,0,0,832.72,0,0,0,0,0,0,0,0,0,0,0,0,0,0,0,0,0,0,0,0,0,0,0,0,0,0,0,0,"","","","","",""
2502,Ujjani Dam_1,Maharashtra SW,27,Maharashtra,496,Solapur,-,-,-,-,-,-,-,-,-,18.07402000,75.12002000,21-08-2024 17:00,830.95,0,0,0,0,0,830.95,830.95,863.8,830.95,0,0,0,0,0,830.95,0,0,0,0,0,0,0,0,0,0,0,0,0,0,0,0,0,0,0,0,0,0,0,0,0,0,0,0,"","","","","",""
2503,Ujjani Dam_1,Maharashtra SW,27,Maharashtra,496,Solapur,-,-,-,-,-,-,-,-,-,18.07402000,75.12002000,21-08-2024 19:00,832.72,0,0,0,0,0,832.72,832.72,865.92,832.72,0,0,0,0,0,832.72,0,0,0,0,0,0,0,0,0,0,0,0,0,0,0,0,0,0,0,0,0,0,0,0,0,0,0,0,"","","","","",""
2504,Ujjani Dam_1,Maharashtra SW,27,Maharashtra,496,Solapur,-,-,-,-,-,-,-,-,-,18.07402000,75.12002000,21-08-2024 20:00,834.13,0,0,0,0,0,834.13,834.13,867.33,834.13,0,0,0,0,0,834.13,0,0,0,0,0,0,0,0,0,0,0,0,0,0,0,0,0,0,0,0,0,0,0,0,0,0,0,0,"","","","","",""
2505,Ujjani Dam_1,Maharashtra SW,27,Maharashtra,496,Solapur,-,-,-,-,-,-,-,-,-,18.07402000,75.12002000,21-08-2024 21:00,832.72,0,0,0,0,0,832.72,832.72,865.92,832.72,0,0,0,0,0,832.72,0,0,0,0,0,0,0,0,0,0,0,0,0,0,0,0,0,0,0,0,0,0,0,0,0,0,0,0,"","","","","",""
2506,Ujjani Dam_1,Maharashtra SW,27,Maharashtra,496,Solapur,-,-,-,-,-,-,-,-,-,18.07402000,75.12002000,21-08-2024 23:00,832.72,0,0,0,0,0,832.72,832.72,865.92,832.72,0,0,0,0,0,832.72,0,0,0,0,0,0,0,0,0,0,0,0,0,0,0,0,0,0,0,0,0,0,0,0,0,0,0,0,"","","","","",""
2507,Ujjani Dam_1,Maharashtra SW,27,Maharashtra,496,Solapur,-,-,-,-,-,-,-,-,-,18.07402000,75.12002000,22-08-2024 00:00,832.01,0,0,0,0,0,832.01,832.01,865.21,832.01,0,0,0,0,0,832.01,0,0,0,0,0,0,0,0,0,0,0,0,0,0,0,0,0,0,0,0,0,0,0,0,0,0,0,0,"","","","","",""
2508,Ujjani Dam_1,Maharashtra SW,27,Maharashtra,496,Solapur,-,-,-,-,-,-,-,-,-,18.07402000,75.12002000,22-08-2024 01:00,832.01,0,0,0,0,0,832.01,832.01,865.21,832.01,0,0,0,0,0,832.01,0,0,0,0,0,0,0,0,0,0,0,0,0,0,0,0,0,0,0,0,0,0,0,0,0,0,0,0,"","","","","",""
2509,Ujjani Dam_1,Maharashtra SW,27,Maharashtra,496,Solapur,-,-,-,-,-,-,-,-,-,18.07402000,75.12002000,22-08-2024 02:00,832.01,0,0,0,0,0,832.01,832.01,865.21,832.01,0,0,0,0,0,832.01,0,0,0,0,0,0,0,0,0,0,0,0,0,0,0,0,0,0,0,0,0,0,0,0,0,0,0,0,"","","","","",""
2510,Ujjani Dam_1,Maharashtra SW,27,Maharashtra,496,Solapur,-,-,-,-,-,-,-,-,-,18.07402000,75.12002000,22-08-2024 03:00,832.01,0,0,0,0,0,832.01,832.01,865.21,832.01,0,0,0,0,0,832.01,0,0,0,0,0,0,0,0,0,0,0,0,0,0,0,0,0,0,0,0,0,0,0,0,0,0,0,0,"","","","","",""
2511,Ujjani Dam_1,Maharashtra SW,27,Maharashtra,496,Solapur,-,-,-,-,-,-,-,-,-,18.07402000,75.12002000,22-08-2024 04:00,832.01,0,0,0,0,0,832.01,832.01,865.21,832.01,0,0,0,0,0,832.01,0,0,0,0,0,0,0,0,0,0,0,0,0,0,0,0,0,0,0,0,0,0,0,0,0,0,0,0,"","","","","",""
2512,Ujjani Dam_1,Maharashtra SW,27,Maharashtra,496,Solapur,-,-,-,-,-,-,-,-,-,18.07402000,75.12002000,22-08-2024 05:00,832.72,0,0,0,0,0,832.72,832.72,865.92,832.72,0,0,0,0,0,832.72,0,0,0,0,0,0,0,0,0,0,0,0,0,0,0,0,0,0,0,0,0,0,0,0,0,0,0,0,"","","","","",""
2513,Ujjani Dam_1,Maharashtra SW,27,Maharashtra,496,Solapur,-,-,-,-,-,-,-,-,-,18.07402000,75.12002000,22-08-2024 06:00,832.01,0,0,0,0,0,832.01,832.01,865.21,832.01,0,0,0,0,0,832.01,0,0,0,0,0,0,0,0,0,0,0,0,0,0,0,0,0,0,0,0,0,0,0,0,0,0,0,0,"","","","","",""
2514,Ujjani Dam_1,Maharashtra SW,27,Maharashtra,496,Solapur,-,-,-,-,-,-,-,-,-,18.07402000,75.12002000,22-08-2024 07:00,832.01,0,0,0,0,0,832.01,832.01,865.21,832.01,0,0,0,0,0,832.01,0,0,0,0,0,0,0,0,0,0,0,0,0,0,0,0,0,0,0,0,0,0,0,0,0,0,0,0,"","","","","",""
2515,Ujjani Dam_1,Maharashtra SW,27,Maharashtra,496,Solapur,-,-,-,-,-,-,-,-,-,18.07402000,75.12002000,22-08-2024 08:00,832.72,0,0,0,0,0,832.72,832.72,865.92,832.72,0,0,0,0,0,832.72,0,0,0,0,0,0,0,0,0,0,0,0,0,0,0,0,0,0,0,0,0,0,0,0,0,0,0,0,"","","","","",""
2516,Ujjani Dam_1,Maharashtra SW,27,Maharashtra,496,Solapur,-,-,-,-,-,-,-,-,-,18.07402000,75.12002000,22-08-2024 10:00,832.72,0,0,0,0,0,832.72,832.72,865.92,832.72,0,0,0,0,0,832.72,0,0,0,0,0,0,0,0,0,0,0,0,0,0,0,0,0,0,0,0,0,0,0,0,0,0,0,0,"","","","","",""
2517,Ujjani Dam_1,Maharashtra SW,27,Maharashtra,496,Solapur,-,-,-,-,-,-,-,-,-,18.07402000,75.12002000,22-08-2024 11:00,833.43,0,0,0,0,0,833.43,833.43,866.62,833.43,0,0,0,0,0,833.43,0,0,0,0,0,0,0,0,0,0,0,0,0,0,0,0,0,0,0,0,0,0,0,0,0,0,0,0,"","","","","",""
2518,Ujjani Dam_1,Maharashtra SW,27,Maharashtra,496,Solapur,-,-,-,-,-,-,-,-,-,18.07402000,75.12002000,22-08-2024 12:00,832.72,0,0,0,0,0,832.72,832.72,865.92,832.72,0,0,0,0,0,832.72,0,0,0,0,0,0,0,0,0,0,0,0,0,0,0,0,0,0,0,0,0,0,0,0,0,0,0,0,"","","","","",""
2519,Ujjani Dam_1,Maharashtra SW,27,Maharashtra,496,Solapur,-,-,-,-,-,-,-,-,-,18.07402000,75.12002000,22-08-2024 13:00,833.43,0,0,0,0,0,833.43,833.43,866.62,833.43,0,0,0,0,0,833.43,0,0,0,0,0,0,0,0,0,0,0,0,0,0,0,0,0,0,0,0,0,0,0,0,0,0,0,0,"","","","","",""
2520,Ujjani Dam_1,Maharashtra SW,27,Maharashtra,496,Solapur,-,-,-,-,-,-,-,-,-,18.07402000,75.12002000,22-08-2024 14:00,832.72,0,0,0,0,0,832.72,832.72,865.92,832.72,0,0,0,0,0,832.72,0,0,0,0,0,0,0,0,0,0,0,0,0,0,0,0,0,0,0,0,0,0,0,0,0,0,0,0,"","","","","",""
2521,Ujjani Dam_1,Maharashtra SW,27,Maharashtra,496,Solapur,-,-,-,-,-,-,-,-,-,18.07402000,75.12002000,22-08-2024 15:00,833.43,0,0,0,0,0,833.43,833.43,866.62,833.43,0,0,0,0,0,833.43,0,0,0,0,0,0,0,0,0,0,0,0,0,0,0,0,0,0,0,0,0,0,0,0,0,0,0,0,"","","","","",""
2522,Ujjani Dam_1,Maharashtra SW,27,Maharashtra,496,Solapur,-,-,-,-,-,-,-,-,-,18.07402000,75.12002000,22-08-2024 16:00,831.66,0,0,0,0,0,831.66,831.66,864.5,831.66,0,0,0,0,0,831.66,0,0,0,0,0,0,0,0,0,0,0,0,0,0,0,0,0,0,0,0,0,0,0,0,0,0,0,0,"","","","","",""
2523,Ujjani Dam_1,Maharashtra SW,27,Maharashtra,496,Solapur,-,-,-,-,-,-,-,-,-,18.07402000,75.12002000,22-08-2024 18:00,832.72,0,0,0,0,0,832.72,832.72,865.92,832.72,0,0,0,0,0,832.72,0,0,0,0,0,0,0,0,0,0,0,0,0,0,0,0,0,0,0,0,0,0,0,0,0,0,0,0,"","","","","",""
2524,Ujjani Dam_1,Maharashtra SW,27,Maharashtra,496,Solapur,-,-,-,-,-,-,-,-,-,18.07402000,75.12002000,22-08-2024 19:00,832.72,0,0,0,0,0,832.72,832.72,865.92,832.72,0,0,0,0,0,832.72,0,0,0,0,0,0,0,0,0,0,0,0,0,0,0,0,0,0,0,0,0,0,0,0,0,0,0,0,"","","","","",""
2525,Ujjani Dam_1,Maharashtra SW,27,Maharashtra,496,Solapur,-,-,-,-,-,-,-,-,-,18.07402000,75.12002000,22-08-2024 20:00,833.43,0,0,0,0,0,833.43,833.43,866.62,833.43,0,0,0,0,0,833.43,0,0,0,0,0,0,0,0,0,0,0,0,0,0,0,0,0,0,0,0,0,0,0,0,0,0,0,0,"","","","","",""
2526,Ujjani Dam_1,Maharashtra SW,27,Maharashtra,496,Solapur,-,-,-,-,-,-,-,-,-,18.07402000,75.12002000,22-08-2024 21:00,833.43,0,0,0,0,0,833.43,833.43,866.62,833.43,0,0,0,0,0,833.43,0,0,0,0,0,0,0,0,0,0,0,0,0,0,0,0,0,0,0,0,0,0,0,0,0,0,0,0,"","","","","",""
2527,Ujjani Dam_1,Maharashtra SW,27,Maharashtra,496,Solapur,-,-,-,-,-,-,-,-,-,18.07402000,75.12002000,22-08-2024 22:00,833.43,0,0,0,0,0,833.43,833.43,866.62,833.43,0,0,0,0,0,833.43,0,0,0,0,0,0,0,0,0,0,0,0,0,0,0,0,0,0,0,0,0,0,0,0,0,0,0,0,"","","","","",""
2528,Ujjani Dam_1,Maharashtra SW,27,Maharashtra,496,Solapur,-,-,-,-,-,-,-,-,-,18.07402000,75.12002000,22-08-2024 23:00,834.13,0,0,0,0,0,834.13,834.13,867.33,834.13,0,0,0,0,0,834.13,0,0,0,0,0,0,0,0,0,0,0,0,0,0,0,0,0,0,0,0,0,0,0,0,0,0,0,0,"","","","","",""
2529,Ujjani Dam_1,Maharashtra SW,27,Maharashtra,496,Solapur,-,-,-,-,-,-,-,-,-,18.07402000,75.12002000,23-08-2024 01:00,833.43,0,0,0,0,0,833.43,833.43,866.62,833.43,0,0,0,0,0,833.43,0,0,0,0,0,0,0,0,0,0,0,0,0,0,0,0,0,0,0,0,0,0,0,0,0,0,0,0,"","","","","",""
2530,Ujjani Dam_1,Maharashtra SW,27,Maharashtra,496,Solapur,-,-,-,-,-,-,-,-,-,18.07402000,75.12002000,29-08-2024 17:00,5033.05,5033.05,5033.05,5033.05,5033.05,5033.05,5033.05,5033.05,5033.05,5033.05,5033.05,5033.05,5033.05,5033.05,5033.05,5033.05,0,0,0,0,0,0,0,0,0,0,0,0,0,0,0,0,0,0,0,0,0,0,0,0,0,0,0,0,"","","","","",""
2531,Ujjani Dam_1,Maharashtra SW,27,Maharashtra,496,Solapur,-,-,-,-,-,-,-,-,-,18.07402000,75.12002000,29-08-2024 18:00,5028.46,5028.46,5028.46,5028.46,5028.46,5028.46,5028.46,5028.46,5028.46,5028.46,5028.46,5028.46,5028.46,5028.46,5028.46,5028.46,0,0,0,0,0,0,0,0,0,0,0,0,0,0,0,0,0,0,0,0,0,0,0,0,0,0,0,0,"","","","","",""
2532,Ujjani Dam_1,Maharashtra SW,27,Maharashtra,496,Solapur,-,-,-,-,-,-,-,-,-,18.07402000,75.12002000,29-08-2024 19:00,4409.39,4409.39,4409.39,4409.39,4409.39,4409.39,4409.39,4409.39,4409.39,4409.39,4409.39,4439.05,4409.39,4409.39,4439.05,4409.39,0,0,0,0,0,0,0,0,0,0,0,0,0,0,0,0,0,0,0,0,0,0,0,0,0,0,0,0,"","","","","",""
2533,Ujjani Dam_1,Maharashtra SW,27,Maharashtra,496,Solapur,-,-,-,-,-,-,-,-,-,18.07402000,75.12002000,29-08-2024 20:00,4405.15,4405.15,4405.15,4405.15,4405.15,4405.15,4405.15,4405.15,4405.15,4405.15,4405.15,4434.82,4405.15,4405.15,4434.82,4405.15,0,0,0,0,0,0,0,0,0,0,0,0,0,0,0,0,0,0,0,0,0,0,0,0,0,0,0,0,"","","","","",""
2534,Ujjani Dam_1,Maharashtra SW,27,Maharashtra,496,Solapur,-,-,-,-,-,-,-,-,-,18.07402000,75.12002000,29-08-2024 21:00,4401.27,4401.27,4401.27,4401.27,4401.27,4401.27,4401.27,4401.27,4401.27,4401.27,4401.27,4430.93,4401.27,4401.27,4430.93,4401.27,0,0,0,0,0,0,0,0,0,0,0,0,0,0,0,0,0,0,0,0,0,0,0,0,0,0,0,0,"","","","","",""
2535,Ujjani Dam_1,Maharashtra SW,27,Maharashtra,496,Solapur,-,-,-,-,-,-,-,-,-,18.07402000,75.12002000,29-08-2024 22:00,3798.09,3798.09,3798.09,3798.09,3798.09,3798.09,3798.09,3798.09,3798.09,3798.09,3798.09,3798.09,3798.09,3798.09,3798.09,3798.09,0,0,0,0,0,0,0,0,0,0,0,0,0,0,0,0,0,0,0,0,0,0,0,0,0,0,0,0,"","","","","",""
2536,Ujjani Dam_1,Maharashtra SW,27,Maharashtra,496,Solapur,-,-,-,-,-,-,-,-,-,18.07402000,75.12002000,29-08-2024 23:00,3798.09,3187.5,3187.5,3187.5,3187.5,3187.5,3187.5,3187.5,3187.5,3187.5,3187.5,3187.5,3187.5,3187.5,3187.5,3798.09,0,0,0,0,0,0,0,0,0,0,0,0,0,0,0,0,0,0,0,0,0,0,0,0,0,0,0,0,"","","","","",""
2537,Ujjani Dam_1,Maharashtra SW,27,Maharashtra,496,Solapur,-,-,-,-,-,-,-,-,-,18.07402000,75.12002000,30-08-2024 00:00,3187.5,3187.5,3187.5,3187.5,3187.5,3187.5,3187.5,3187.5,3187.5,3187.5,3187.5,3187.5,3187.5,3187.5,3187.5,3187.5,0,0,0,0,0,0,0,0,0,0,0,0,0,0,0,0,0,0,0,0,0,0,0,0,0,0,0,0,"","","","","",""
2538,Ujjani Dam_1,Maharashtra SW,27,Maharashtra,496,Solapur,-,-,-,-,-,-,-,-,-,18.07402000,75.12002000,30-08-2024 01:00,2565.96,2565.96,2565.96,2565.96,2597.39,2565.96,2565.96,2565.96,2565.96,2565.96,2565.96,2565.96,2565.96,2565.96,2565.96,2565.96,0,0,0,0,0,0,0,0,0,0,0,0,0,0,0,0,0,0,0,0,0,0,0,0,0,0,0,0,"","","","","",""
2539,Ujjani Dam_1,Maharashtra SW,27,Maharashtra,496,Solapur,-,-,-,-,-,-,-,-,-,18.07402000,75.12002000,30-08-2024 02:00,2565.96,2565.96,2565.96,2565.96,2597.39,2565.96,2565.96,2565.96,2565.96,2565.96,2565.96,2565.96,2565.96,2565.96,2565.96,2565.96,0,0,0,0,0,0,0,0,0,0,0,0,0,0,0,0,0,0,0,0,0,0,0,0,0,0,0,0,"","","","","",""
2540,Ujjani Dam_1,Maharashtra SW,27,Maharashtra,496,Solapur,-,-,-,-,-,-,-,-,-,18.07402000,75.12002000,30-08-2024 04:00,2563.85,2563.85,2563.85,2563.85,2595.28,2563.85,2563.85,2563.85,2563.85,2563.85,2563.85,2563.85,2563.85,2563.85,2563.85,2563.85,0,0,0,0,0,0,0,0,0,0,0,0,0,0,0,0,0,0,0,0,0,0,0,0,0,0,0,0,"","","","","",""
2541,Ujjani Dam_1,Maharashtra SW,27,Maharashtra,496,Solapur,-,-,-,-,-,-,-,-,-,18.07402000,75.12002000,30-08-2024 05:00,2563.85,2563.85,2563.85,2563.85,2595.28,2563.85,2563.85,2563.85,2563.85,2563.85,2563.85,2563.85,2563.85,2563.85,2563.85,2563.85,0,0,0,0,0,0,0,0,0,0,0,0,0,0,0,0,0,0,0,0,0,0,0,0,0,0,0,0,"","","","","",""
2542,Ujjani Dam_1,Maharashtra SW,27,Maharashtra,496,Solapur,-,-,-,-,-,-,-,-,-,18.07402000,75.12002000,30-08-2024 06:00,2565.96,2565.96,2565.96,2565.96,2597.39,2565.96,2565.96,2565.96,2565.96,2565.96,2565.96,2565.96,2565.96,2565.96,2565.96,2565.96,0,0,0,0,0,0,0,0,0,0,0,0,0,0,0,0,0,0,0,0,0,0,0,0,0,0,0,0,"","","","","",""
2543,Ujjani Dam_1,Maharashtra SW,27,Maharashtra,496,Solapur,-,-,-,-,-,-,-,-,-,18.07402000,75.12002000,30-08-2024 07:00,2534.53,2534.53,2534.53,2534.53,2534.53,2534.53,2534.53,2534.53,2534.53,2534.53,2534.53,2534.53,2534.53,2534.53,2534.53,2534.53,0,0,0,0,0,0,0,0,0,0,0,0,0,0,0,0,0,0,0,0,0,0,0,0,0,0,0,0,"","","","","",""
2544,Ujjani Dam_1,Maharashtra SW,27,Maharashtra,496,Solapur,-,-,-,-,-,-,-,-,-,18.07402000,75.12002000,30-08-2024 08:00,2534.53,2534.53,2534.53,2534.53,2534.53,2534.53,2534.53,2534.53,2534.53,2534.53,2534.53,2534.53,2534.53,2534.53,2534.53,2534.53,0,0,0,0,0,0,0,0,0,0,0,0,0,0,0,0,0,0,0,0,0,0,0,0,0,0,0,0,"","","","","",""
2545,Ujjani Dam_1,Maharashtra SW,27,Maharashtra,496,Solapur,-,-,-,-,-,-,-,-,-,18.07402000,75.12002000,30-08-2024 09:00,2534.53,2534.53,2534.53,2534.53,2534.53,2534.53,2534.53,2534.53,2534.53,2534.53,2534.53,2534.53,2534.53,2534.53,2534.53,2534.53,0,0,0,0,0,0,0,0,0,0,0,0,0,0,0,0,0,0,0,0,0,0,0,0,0,0,0,0,"","","","","",""
2546,Ujjani Dam_1,Maharashtra SW,27,Maharashtra,496,Solapur,-,-,-,-,-,-,-,-,-,18.07402000,75.12002000,30-08-2024 11:00,2219.53,2250.96,2219.53,2219.53,2219.53,2219.53,2219.53,2219.53,2219.53,2219.53,2219.53,2219.53,2219.53,2219.53,2219.53,2219.53,0,0,0,0,0,0,0,0,0,0,0,0,0,0,0,0,0,0,0,0,0,0,0,0,0,0,0,0,"","","","","",""
2547,Ujjani Dam_1,Maharashtra SW,27,Maharashtra,496,Solapur,-,-,-,-,-,-,-,-,-,18.07402000,75.12002000,30-08-2024 12:00,2221.29,2253.08,2221.29,2221.29,2221.29,2221.29,2221.29,2221.29,2221.29,2221.29,2221.29,2221.29,2221.29,2221.29,2221.29,2221.29,0,0,0,0,0,0,0,0,0,0,0,0,0,0,0,0,0,0,0,0,0,0,0,0,0,0,0,0,"","","","","",""
2548,Ujjani Dam_1,Maharashtra SW,27,Maharashtra,496,Solapur,-,-,-,-,-,-,-,-,-,18.07402000,75.12002000,30-08-2024 13:00,2221.29,2253.08,2221.29,2221.29,2221.29,2221.29,2221.29,2221.29,2221.29,2221.29,2221.29,2221.29,2221.29,2221.29,2221.29,2221.29,0,0,0,0,0,0,0,0,0,0,0,0,0,0,0,0,0,0,0,0,0,0,0,0,0,0,0,0,"","","","","",""
2549,Ujjani Dam_1,Maharashtra SW,27,Maharashtra,496,Solapur,-,-,-,-,-,-,-,-,-,18.07402000,75.12002000,30-08-2024 14:00,2221.29,2253.08,2221.29,2221.29,2221.29,2221.29,2221.29,2221.29,2221.29,2221.29,2221.29,2221.29,2221.29,2221.29,2221.29,2221.29,0,0,0,0,0,0,0,0,0,0,0,0,0,0,0,0,0,0,0,0,0,0,0,0,0,0,0,0,"","","","","",""
2550,Ujjani Dam_1,Maharashtra SW,27,Maharashtra,496,Solapur,-,-,-,-,-,-,-,-,-,18.07402000,75.12002000,30-08-2024 15:00,2221.29,2253.08,2221.29,2221.29,2221.29,2221.29,2221.29,2221.29,2221.29,2221.29,2221.29,2221.29,2221.29,2221.29,2221.29,2221.29,0,0,0,0,0,0,0,0,0,0,0,0,0,0,0,0,0,0,0,0,0,0,0,0,0,0,0,0,"","","","","",""
2551,Ujjani Dam_1,Maharashtra SW,27,Maharashtra,496,Solapur,-,-,-,-,-,-,-,-,-,18.07402000,75.12002000,30-08-2024 16:00,2221.29,2253.08,2221.29,2221.29,2221.29,2221.29,2221.29,2221.29,2221.29,2221.29,2221.29,2221.29,2221.29,2221.29,2221.29,2221.29,0,0,0,0,0,0,0,0,0,0,0,0,0,0,0,0,0,0,0,0,0,0,0,0,0,0,0,0,"","","","","",""
2552,Ujjani Dam_1,Maharashtra SW,27,Maharashtra,496,Solapur,-,-,-,-,-,-,-,-,-,18.07402000,75.12002000,30-08-2024 17:00,2223.06,2254.84,2223.06,2223.06,2223.06,2223.06,2223.06,2223.06,2223.06,2223.06,2223.06,2223.06,2223.06,2223.06,2223.06,2223.06,0,0,0,0,0,0,0,0,0,0,0,0,0,0,0,0,0,0,0,0,0,0,0,0,0,0,0,0,"","","","","",""
2553,Ujjani Dam_1,Maharashtra SW,27,Maharashtra,496,Solapur,-,-,-,-,-,-,-,-,-,18.07402000,75.12002000,30-08-2024 19:00,2223.06,2254.84,2223.06,2223.06,2223.06,2223.06,2223.06,2223.06,2223.06,2223.06,2223.06,2223.06,2223.06,2223.06,2223.06,2223.06,0,0,0,0,0,0,0,0,0,0,0,0,0,0,0,0,0,0,0,0,0,0,0,0,0,0,0,0,"","","","","",""
2554,Ujjani Dam_1,Maharashtra SW,27,Maharashtra,496,Solapur,-,-,-,-,-,-,-,-,-,18.07402000,75.12002000,30-08-2024 20:00,2219.53,2250.96,2219.53,2219.53,2219.53,2219.53,2219.53,2219.53,2219.53,2219.53,2219.53,2219.53,2219.53,2219.53,2219.53,2219.53,0,0,0,0,0,0,0,0,0,0,0,0,0,0,0,0,0,0,0,0,0,0,0,0,0,0,0,0,"","","","","",""
2555,Ujjani Dam_1,Maharashtra SW,27,Maharashtra,496,Solapur,-,-,-,-,-,-,-,-,-,18.07402000,75.12002000,30-08-2024 21:00,2221.29,2253.08,2221.29,2221.29,2221.29,2221.29,2221.29,2221.29,2221.29,2221.29,2221.29,2221.29,2221.29,2221.29,2221.29,2221.29,0,0,0,0,0,0,0,0,0,0,0,0,0,0,0,0,0,0,0,0,0,0,0,0,0,0,0,0,"","","","","",""
2556,Ujjani Dam_1,Maharashtra SW,27,Maharashtra,496,Solapur,-,-,-,-,-,-,-,-,-,18.07402000,75.12002000,30-08-2024 22:00,2221.29,2253.08,2221.29,2221.29,2221.29,2221.29,2221.29,2221.29,2221.29,2221.29,2221.29,2221.29,2221.29,2221.29,2221.29,2221.29,0,0,0,0,0,0,0,0,0,0,0,0,0,0,0,0,0,0,0,0,0,0,0,0,0,0,0,0,"","","","","",""
2557,Ujjani Dam_1,Maharashtra SW,27,Maharashtra,496,Solapur,-,-,-,-,-,-,-,-,-,18.07402000,75.12002000,30-08-2024 23:00,2219.53,2250.96,2219.53,2219.53,2219.53,2219.53,2219.53,2219.53,2219.53,2219.53,2219.53,2219.53,2219.53,2219.53,2219.53,2219.53,0,0,0,0,0,0,0,0,0,0,0,0,0,0,0,0,0,0,0,0,0,0,0,0,0,0,0,0,"","","","","",""
2558,Ujjani Dam_1,Maharashtra SW,27,Maharashtra,496,Solapur,-,-,-,-,-,-,-,-,-,18.07402000,75.12002000,31-08-2024 00:00,2219.53,2250.96,2219.53,2219.53,2219.53,2219.53,2219.53,2219.53,2219.53,2219.53,2219.53,2219.53,2219.53,2219.53,2219.53,2219.53,0,0,0,0,0,0,0,0,0,0,0,0,0,0,0,0,0,0,0,0,0,0,0,0,0,0,0,0,"","","","","",""
2559,Ujjani Dam_1,Maharashtra SW,27,Maharashtra,496,Solapur,-,-,-,-,-,-,-,-,-,18.07402000,75.12002000,31-08-2024 01:00,2219.53,2250.96,2219.53,2219.53,2219.53,2219.53,2219.53,2219.53,2219.53,2219.53,2219.53,2219.53,2219.53,2219.53,2219.53,2219.53,0,0,0,0,0,0,0,0,0,0,0,0,0,0,0,0,0,0,0,0,0,0,0,0,0,0,0,0,"","","","","",""
2560,Ujjani Dam_1,Maharashtra SW,27,Maharashtra,496,Solapur,-,-,-,-,-,-,-,-,-,18.07402000,75.12002000,31-08-2024 03:00,2217.41,2249.19,2217.41,2217.41,2217.41,2217.41,2217.41,2217.41,2217.41,2217.41,2217.41,2217.41,2217.41,2217.41,2217.41,2217.41,0,0,0,0,0,0,0,0,0,0,0,0,0,0,0,0,0,0,0,0,0,0,0,0,0,0,0,0,"","","","","",""
2561,Ujjani Dam_1,Maharashtra SW,27,Maharashtra,496,Solapur,-,-,-,-,-,-,-,-,-,18.07402000,75.12002000,31-08-2024 04:00,1579.27,1579.27,1579.27,1579.27,1579.27,1579.27,1579.27,1579.27,1579.27,1579.27,1579.27,1579.27,1579.27,1579.27,1579.27,1579.27,0,0,0,0,0,0,0,0,0,0,0,0,0,0,0,0,0,0,0,0,0,0,0,0,0,0,0,0,"","","","","",""
2562,Ujjani Dam_1,Maharashtra SW,27,Maharashtra,496,Solapur,-,-,-,-,-,-,-,-,-,18.07402000,75.12002000,31-08-2024 05:00,1579.27,1579.27,1579.27,1579.27,1579.27,1579.27,1579.27,1579.27,1579.27,1579.27,1579.27,1579.27,1579.27,1579.27,1579.27,1579.27,0,0,0,0,0,0,0,0,0,0,0,0,0,0,0,0,0,0,0,0,0,0,0,0,0,0,0,0,"","","","","",""
2563,Ujjani Dam_1,Maharashtra SW,27,Maharashtra,496,Solapur,-,-,-,-,-,-,-,-,-,18.07402000,75.12002000,31-08-2024 06:00,1579.27,1579.27,1579.27,1579.27,1579.27,1579.27,1579.27,1579.27,1579.27,1579.27,1579.27,1579.27,1579.27,1579.27,1579.27,1579.27,0,0,0,0,0,0,0,0,0,0,0,0,0,0,0,0,0,0,0,0,0,0,0,0,0,0,0,0,"","","","","",""
2564,Ujjani Dam_1,Maharashtra SW,27,Maharashtra,496,Solapur,-,-,-,-,-,-,-,-,-,18.07402000,75.12002000,31-08-2024 07:00,1579.27,1579.27,1579.27,1579.27,1579.27,1579.27,1579.27,1579.27,1579.27,1579.27,1579.27,1579.27,1579.27,1579.27,1579.27,1579.27,0,0,0,0,0,0,0,0,0,0,0,0,0,0,0,0,0,0,0,0,0,0,0,0,0,0,0,0,"","","","","",""
2565,Ujjani Dam_1,Maharashtra SW,27,Maharashtra,496,Solapur,-,-,-,-,-,-,-,-,-,18.07402000,75.12002000,31-08-2024 08:00,1579.27,1579.27,1579.27,1579.27,1579.27,1579.27,1579.27,1579.27,1579.27,1579.27,1579.27,1579.27,1579.27,1579.27,1579.27,1579.27,0,0,0,0,0,0,0,0,0,0,0,0,0,0,0,0,0,0,0,0,0,0,0,0,0,0,0,0,"","","","","",""
2566,Ujjani Dam_1,Maharashtra SW,27,Maharashtra,496,Solapur,-,-,-,-,-,-,-,-,-,18.07402000,75.12002000,31-08-2024 09:00,1577.86,1577.86,1577.86,1577.86,1577.86,1577.86,1577.86,1577.86,1577.86,1577.86,1577.86,1577.86,1577.86,1577.86,1577.86,1577.86,0,0,0,0,0,0,0,0,0,0,0,0,0,0,0,0,0,0,0,0,0,0,0,0,0,0,0,0,"","","","","",""
2567,Ujjani Dam_1,Maharashtra SW,27,Maharashtra,496,Solapur,-,-,-,-,-,-,-,-,-,18.07402000,75.12002000,31-08-2024 11:00,1256.85,1256.85,1256.85,1256.85,1256.85,1256.85,1256.85,1256.85,1256.85,1256.85,1256.85,1256.85,1256.85,1256.85,1256.85,1256.85,0,0,0,0,0,0,0,0,0,0,0,0,0,0,0,0,0,0,0,0,0,0,0,0,0,0,0,0,"","","","","",""
2568,Ujjani Dam_1,Maharashtra SW,27,Maharashtra,496,Solapur,-,-,-,-,-,-,-,-,-,18.07402000,75.12002000,31-08-2024 12:00,1256.85,1256.85,1256.85,1256.85,1256.85,1256.85,1256.85,1256.85,1256.85,1256.85,1256.85,1256.85,1256.85,1256.85,1256.85,1256.85,0,0,0,0,0,0,0,0,0,0,0,0,0,0,0,0,0,0,0,0,0,0,0,0,0,0,0,0,"","","","","",""
2569,Ujjani Dam_1,Maharashtra SW,27,Maharashtra,496,Solapur,-,-,-,-,-,-,-,-,-,18.07402000,75.12002000,31-08-2024 13:00,1256.85,1256.85,1256.85,1256.85,1256.85,1256.85,1256.85,1256.85,1256.85,1256.85,1256.85,1256.85,1256.85,1256.85,1256.85,1256.85,0,0,0,0,0,0,0,0,0,0,0,0,0,0,0,0,0,0,0,0,0,0,0,0,0,0,0,0,"","","","","",""
2570,Ujjani Dam_1,Maharashtra SW,27,Maharashtra,496,Solapur,-,-,-,-,-,-,-,-,-,18.07402000,75.12002000,31-08-2024 14:00,1256.85,1256.85,1256.85,1256.85,1256.85,1256.85,1256.85,1256.85,1256.85,1256.85,1256.85,1256.85,1256.85,1256.85,1256.85,1256.85,0,0,0,0,0,0,0,0,0,0,0,0,0,0,0,0,0,0,0,0,0,0,0,0,0,0,0,0,"","","","","",""
2571,Ujjani Dam_1,Maharashtra SW,27,Maharashtra,496,Solapur,-,-,-,-,-,-,-,-,-,18.07402000,75.12002000,31-08-2024 15:00,1255.79,1255.79,1255.79,1255.79,1255.79,1255.79,1255.79,1255.79,1255.79,1255.79,1255.79,1255.79,1255.79,1255.79,1255.79,1255.79,0,0,0,0,0,0,0,0,0,0,0,0,0,0,0,0,0,0,0,0,0,0,0,0,0,0,0,0,"","","","","",""
2572,Ujjani Dam_1,Maharashtra SW,27,Maharashtra,496,Solapur,-,-,-,-,-,-,-,-,-,18.07402000,75.12002000,31-08-2024 16:00,1255.79,1255.79,1255.79,1255.79,1255.79,1255.79,1255.79,1255.79,1255.79,1255.79,1255.79,1255.79,1255.79,1255.79,1255.79,1255.79,0,0,0,0,0,0,0,0,0,0,0,0,0,0,0,0,0,0,0,0,0,0,0,0,0,0,0,0,"","","","","",""
2573,Ujjani Dam_1,Maharashtra SW,27,Maharashtra,496,Solapur,-,-,-,-,-,-,-,-,-,18.07402000,75.12002000,31-08-2024 18:00,1256.85,1256.85,1256.85,1256.85,1256.85,1256.85,1256.85,1256.85,1256.85,1256.85,1256.85,1256.85,1256.85,1256.85,1256.85,1256.85,0,0,0,0,0,0,0,0,0,0,0,0,0,0,0,0,0,0,0,0,0,0,0,0,0,0,0,0,"","","","","",""
2574,Ujjani Dam_1,Maharashtra SW,27,Maharashtra,496,Solapur,-,-,-,-,-,-,-,-,-,18.07402000,75.12002000,31-08-2024 19:00,1257.56,1257.56,1257.56,1257.56,1257.56,1257.56,1257.56,1257.56,1257.56,1257.56,1257.56,1257.56,1257.56,1257.56,1257.56,1257.56,0,0,0,0,0,0,0,0,0,0,0,0,0,0,0,0,0,0,0,0,0,0,0,0,0,0,0,0,"","","","","",""
2575,Ujjani Dam_1,Maharashtra SW,27,Maharashtra,496,Solapur,-,-,-,-,-,-,-,-,-,18.07402000,75.12002000,31-08-2024 20:00,1257.56,1257.56,1257.56,1257.56,1257.56,1257.56,1257.56,1257.56,1257.56,1257.56,1257.56,1257.56,1257.56,1257.56,1257.56,1257.56,0,0,0,0,0,0,0,0,0,0,0,0,0,0,0,0,0,0,0,0,0,0,0,0,0,0,0,0,"","","","","",""
2576,Ujjani Dam_1,Maharashtra SW,27,Maharashtra,496,Solapur,-,-,-,-,-,-,-,-,-,18.07402000,75.12002000,31-08-2024 21:00,1257.56,1257.56,1257.56,1257.56,1257.56,1257.56,1257.56,1257.56,1257.56,1257.56,1257.56,1257.56,1257.56,1257.56,1257.56,1257.56,0,0,0,0,0,0,0,0,0,0,0,0,0,0,0,0,0,0,0,0,0,0,0,0,0,0,0,0,"","","","","",""
2577,Ujjani Dam_1,Maharashtra SW,27,Maharashtra,496,Solapur,-,-,-,-,-,-,-,-,-,18.07402000,75.12002000,31-08-2024 22:00,1258.61,1258.61,1258.61,1258.61,1258.61,1258.61,1258.61,1258.61,1258.61,1258.61,1258.61,1258.61,1258.61,1258.61,1258.61,1258.61,0,0,0,0,0,0,0,0,0,0,0,0,0,0,0,0,0,0,0,0,0,0,0,0,0,0,0,0,"","","","","",""
2578,Ujjani Dam_1,Maharashtra SW,27,Maharashtra,496,Solapur,-,-,-,-,-,-,-,-,-,18.07402000,75.12002000,31-08-2024 23:00,1257.56,1257.56,1257.56,1257.56,1257.56,1257.56,1257.56,1257.56,1257.56,1257.56,1257.56,1257.56,1257.56,1257.56,1257.56,1257.56,0,0,0,0,0,0,0,0,0,0,0,0,0,0,0,0,0,0,0,0,0,0,0,0,0,0,0,0,"","","","","",""
2579,Ujjani Dam_1,Maharashtra SW,27,Maharashtra,496,Solapur,-,-,-,-,-,-,-,-,-,18.07402000,75.12002000,01-09-2024 00:00,1257.56,1257.56,1257.56,1257.56,1257.56,1257.56,1257.56,1257.56,1257.56,1257.56,1257.56,1257.56,1257.56,1257.56,1257.56,1257.56,0,0,0,0,0,0,0,0,0,0,0,0,0,0,0,0,0,0,0,0,0,0,0,0,0,0,0,0,"","","","","",""
2580,Ujjani Dam_1,Maharashtra SW,27,Maharashtra,496,Solapur,-,-,-,-,-,-,-,-,-,18.07402000,75.12002000,01-09-2024 02:00,1256.85,1256.85,1256.85,1256.85,1256.85,1256.85,1256.85,1256.85,1256.85,1256.85,1256.85,1256.85,1256.85,1256.85,1256.85,1256.85,0,0,0,0,0,0,0,0,0,0,0,0,0,0,0,0,0,0,0,0,0,0,0,0,0,0,0,0,"","","","","",""
2581,Ujjani Dam_1,Maharashtra SW,27,Maharashtra,496,Solapur,-,-,-,-,-,-,-,-,-,18.07402000,75.12002000,01-09-2024 03:00,1256.85,1256.85,1256.85,1256.85,1256.85,1256.85,1256.85,1256.85,1256.85,1256.85,1256.85,1256.85,1256.85,1256.85,1256.85,1256.85,0,0,0,0,0,0,0,0,0,0,0,0,0,0,0,0,0,0,0,0,0,0,0,0,0,0,0,0,"","","","","",""
2582,Ujjani Dam_1,Maharashtra SW,27,Maharashtra,496,Solapur,-,-,-,-,-,-,-,-,-,18.07402000,75.12002000,01-09-2024 04:00,1256.85,1256.85,1256.85,1256.85,1256.85,1256.85,1256.85,1256.85,1256.85,1256.85,1256.85,1256.85,1256.85,1256.85,1256.85,1256.85,0,0,0,0,0,0,0,0,0,0,0,0,0,0,0,0,0,0,0,0,0,0,0,0,0,0,0,0,"","","","","",""
2583,Ujjani Dam_1,Maharashtra SW,27,Maharashtra,496,Solapur,-,-,-,-,-,-,-,-,-,18.07402000,75.12002000,01-09-2024 05:00,1256.85,1256.85,1256.85,1256.85,1256.85,1256.85,1256.85,1256.85,1256.85,1256.85,1256.85,1256.85,1256.85,1256.85,1256.85,1256.85,0,0,0,0,0,0,0,0,0,0,0,0,0,0,0,0,0,0,0,0,0,0,0,0,0,0,0,0,"","","","","",""
2584,Ujjani Dam_1,Maharashtra SW,27,Maharashtra,496,Solapur,-,-,-,-,-,-,-,-,-,18.07402000,75.12002000,01-09-2024 06:00,1256.85,1256.85,1256.85,1256.85,1256.85,1256.85,1256.85,1256.85,1256.85,1256.85,1256.85,1256.85,1256.85,1256.85,1256.85,1256.85,0,0,0,0,0,0,0,0,0,0,0,0,0,0,0,0,0,0,0,0,0,0,0,0,0,0,0,0,"","","","","",""
2585,Ujjani Dam_1,Maharashtra SW,27,Maharashtra,496,Solapur,-,-,-,-,-,-,-,-,-,18.07402000,75.12002000,01-09-2024 07:00,1256.85,1256.85,1256.85,1256.85,1256.85,1256.85,1256.85,1256.85,1256.85,1256.85,1256.85,1256.85,1256.85,1256.85,1256.85,1256.85,0,0,0,0,0,0,0,0,0,0,0,0,0,0,0,0,0,0,0,0,0,0,0,0,0,0,0,0,"","","","","",""
2586,Ujjani Dam_1,Maharashtra SW,27,Maharashtra,496,Solapur,-,-,-,-,-,-,-,-,-,18.07402000,75.12002000,01-09-2024 08:00,1256.85,1256.85,1256.85,1256.85,1256.85,1256.85,1256.85,1256.85,1256.85,1256.85,1256.85,1256.85,1256.85,1256.85,1256.85,1256.85,0,0,0,0,0,0,0,0,0,0,0,0,0,0,0,0,0,0,0,0,0,0,0,0,0,0,0,0,"","","","","",""
2587,Ujjani Dam_1,Maharashtra SW,27,Maharashtra,496,Solapur,-,-,-,-,-,-,-,-,-,18.07402000,75.12002000,01-09-2024 10:00,1256.85,1256.85,1256.85,1256.85,1256.85,1256.85,1256.85,1256.85,1256.85,1256.85,1256.85,1256.85,1256.85,1256.85,1256.85,1256.85,0,0,0,0,0,0,0,0,0,0,0,0,0,0,0,0,0,0,0,0,0,0,0,0,0,0,0,0,"","","","","",""
2588,Ujjani Dam_1,Maharashtra SW,27,Maharashtra,496,Solapur,-,-,-,-,-,-,-,-,-,18.07402000,75.12002000,01-09-2024 11:00,1256.85,1256.85,1256.85,1256.85,1256.85,1256.85,1256.85,1256.85,1256.85,1256.85,1256.85,1256.85,1256.85,1256.85,1256.85,1256.85,0,0,0,0,0,0,0,0,0,0,0,0,0,0,0,0,0,0,0,0,0,0,0,0,0,0,0,0,"","","","","",""
2589,Ujjani Dam_1,Maharashtra SW,27,Maharashtra,496,Solapur,-,-,-,-,-,-,-,-,-,18.07402000,75.12002000,01-09-2024 12:00,1256.85,1256.85,1256.85,1256.85,1256.85,1256.85,1256.85,1256.85,1256.85,1256.85,1256.85,1256.85,1256.85,1256.85,1256.85,1256.85,0,0,0,0,0,0,0,0,0,0,0,0,0,0,0,0,0,0,0,0,0,0,0,0,0,0,0,0,"","","","","",""
2590,Ujjani Dam_1,Maharashtra SW,27,Maharashtra,496,Solapur,-,-,-,-,-,-,-,-,-,18.07402000,75.12002000,01-09-2024 13:00,1256.85,1256.85,1256.85,1256.85,1256.85,1256.85,1256.85,1256.85,1256.85,1256.85,1256.85,1256.85,1256.85,1256.85,1256.85,1256.85,0,0,0,0,0,0,0,0,0,0,0,0,0,0,0,0,0,0,0,0,0,0,0,0,0,0,0,0,"","","","","",""
2591,Ujjani Dam_1,Maharashtra SW,27,Maharashtra,496,Solapur,-,-,-,-,-,-,-,-,-,18.07402000,75.12002000,01-09-2024 14:00,1254.73,1254.73,1254.73,1254.73,1254.73,1254.73,1254.73,1254.73,1254.73,1254.73,1254.73,1254.73,1254.73,1254.73,1254.73,1254.73,0,0,0,0,0,0,0,0,0,0,0,0,0,0,0,0,0,0,0,0,0,0,0,0,0,0,0,0,"","","","","",""
2592,Ujjani Dam_1,Maharashtra SW,27,Maharashtra,496,Solapur,-,-,-,-,-,-,-,-,-,18.07402000,75.12002000,01-09-2024 15:00,1254.73,1254.73,1254.73,1254.73,1254.73,1254.73,1254.73,1254.73,1254.73,1254.73,1254.73,1254.73,1254.73,1254.73,1254.73,1254.73,0,0,0,0,0,0,0,0,0,0,0,0,0,0,0,0,0,0,0,0,0,0,0,0,0,0,0,0,"","","","","",""
2593,Ujjani Dam_1,Maharashtra SW,27,Maharashtra,496,Solapur,-,-,-,-,-,-,-,-,-,18.07402000,75.12002000,01-09-2024 16:00,1254.73,1254.73,1254.73,1254.73,1254.73,1254.73,1254.73,1254.73,1254.73,1254.73,1254.73,1254.73,1254.73,1254.73,1254.73,1254.73,0,0,0,0,0,0,0,0,0,0,0,0,0,0,0,0,0,0,0,0,0,0,0,0,0,0,0,0,"","","","","",""
2594,Ujjani Dam_1,Maharashtra SW,27,Maharashtra,496,Solapur,-,-,-,-,-,-,-,-,-,18.07402000,75.12002000,01-09-2024 18:00,1255.79,1255.79,1255.79,1255.79,1255.79,1255.79,1255.79,1255.79,1255.79,1255.79,1255.79,1255.79,1255.79,1255.79,1255.79,1255.79,0,0,0,0,0,0,0,0,0,0,0,0,0,0,0,0,0,0,0,0,0,0,0,0,0,0,0,0,"","","","","",""
2595,Ujjani Dam_1,Maharashtra SW,27,Maharashtra,496,Solapur,-,-,-,-,-,-,-,-,-,18.07402000,75.12002000,01-09-2024 19:00,1255.79,929.13,1255.79,1255.79,1255.79,1255.79,1255.79,1255.79,1255.79,1255.79,1255.79,1255.79,1255.79,929.13,929.13,1255.79,0,0,0,0,0,0,0,0,0,0,0,0,0,0,0,0,0,0,0,0,0,0,0,0,0,0,0,0,"","","","","",""
2596,Ujjani Dam_1,Maharashtra SW,27,Maharashtra,496,Solapur,-,-,-,-,-,-,-,-,-,18.07402000,75.12002000,01-09-2024 20:00,930.19,930.19,930.19,930.19,930.19,930.19,930.19,930.19,930.19,930.19,930.19,930.19,930.19,930.19,930.19,930.19,0,0,0,0,0,0,0,0,0,0,0,0,0,0,0,0,0,0,0,0,0,0,0,0,0,0,0,0,"","","","","",""
2597,Ujjani Dam_1,Maharashtra SW,27,Maharashtra,496,Solapur,-,-,-,-,-,-,-,-,-,18.07402000,75.12002000,01-09-2024 21:00,929.13,929.13,929.13,929.13,929.13,929.13,929.13,929.13,929.13,929.13,929.13,929.13,929.13,929.13,929.13,929.13,0,0,0,0,0,0,0,0,0,0,0,0,0,0,0,0,0,0,0,0,0,0,0,0,0,0,0,0,"","","","","",""
2598,Ujjani Dam_1,Maharashtra SW,27,Maharashtra,496,Solapur,-,-,-,-,-,-,-,-,-,18.07402000,75.12002000,01-09-2024 22:00,929.13,929.13,929.13,929.13,929.13,929.13,929.13,929.13,929.13,929.13,929.13,929.13,929.13,929.13,929.13,929.13,0,0,0,0,0,0,0,0,0,0,0,0,0,0,0,0,0,0,0,0,0,0,0,0,0,0,0,0,"","","","","",""
2599,Ujjani Dam_1,Maharashtra SW,27,Maharashtra,496,Solapur,-,-,-,-,-,-,-,-,-,18.07402000,75.12002000,01-09-2024 23:00,928.42,928.42,928.42,928.42,928.42,928.42,928.42,928.42,928.42,928.42,928.42,928.42,928.42,928.42,928.42,928.42,0,0,0,0,0,0,0,0,0,0,0,0,0,0,0,0,0,0,0,0,0,0,0,0,0,0,0,0,"","","","","",""
2600,Ujjani Dam_1,Maharashtra SW,27,Maharashtra,496,Solapur,-,-,-,-,-,-,-,-,-,18.07402000,75.12002000,02-09-2024 00:00,928.42,928.42,928.42,928.42,928.42,928.42,928.42,928.42,928.42,928.42,928.42,928.42,928.42,928.42,928.42,928.42,0,0,0,0,0,0,0,0,0,0,0,0,0,0,0,0,0,0,0,0,0,0,0,0,0,0,0,0,"","","","","",""
2601,Ujjani Dam_1,Maharashtra SW,27,Maharashtra,496,Solapur,-,-,-,-,-,-,-,-,-,18.07402000,75.12002000,02-09-2024 02:00,928.42,928.42,928.42,928.42,928.42,928.42,928.42,928.42,928.42,928.42,928.42,928.42,928.42,928.42,928.42,928.42,0,0,0,0,0,0,0,0,0,0,0,0,0,0,0,0,0,0,0,0,0,0,0,0,0,0,0,0,"","","","","",""
2602,Ujjani Dam_1,Maharashtra SW,27,Maharashtra,496,Solapur,-,-,-,-,-,-,-,-,-,18.07402000,75.12002000,02-09-2024 03:00,929.13,929.13,929.13,929.13,929.13,929.13,929.13,929.13,929.13,929.13,929.13,929.13,929.13,929.13,929.13,929.13,0,0,0,0,0,0,0,0,0,0,0,0,0,0,0,0,0,0,0,0,0,0,0,0,0,0,0,0,"","","","","",""
2603,Ujjani Dam_1,Maharashtra SW,27,Maharashtra,496,Solapur,-,-,-,-,-,-,-,-,-,18.07402000,75.12002000,02-09-2024 04:00,929.13,929.13,929.13,929.13,929.13,929.13,929.13,929.13,929.13,929.13,929.13,929.13,929.13,929.13,929.13,929.13,0,0,0,0,0,0,0,0,0,0,0,0,0,0,0,0,0,0,0,0,0,0,0,0,0,0,0,0,"","","","","",""
2604,Ujjani Dam_1,Maharashtra SW,27,Maharashtra,496,Solapur,-,-,-,-,-,-,-,-,-,18.07402000,75.12002000,02-09-2024 05:00,929.13,929.13,929.13,929.13,929.13,929.13,929.13,929.13,929.13,929.13,929.13,929.13,929.13,929.13,929.13,929.13,0,0,0,0,0,0,0,0,0,0,0,0,0,0,0,0,0,0,0,0,0,0,0,0,0,0,0,0,"","","","","",""
2605,Ujjani Dam_1,Maharashtra SW,27,Maharashtra,496,Solapur,-,-,-,-,-,-,-,-,-,18.07402000,75.12002000,02-09-2024 06:00,929.13,929.13,929.13,929.13,929.13,929.13,929.13,929.13,929.13,929.13,929.13,929.13,929.13,929.13,929.13,929.13,0,0,0,0,0,0,0,0,0,0,0,0,0,0,0,0,0,0,0,0,0,0,0,0,0,0,0,0,"","","","","",""
2606,Ujjani Dam_1,Maharashtra SW,27,Maharashtra,496,Solapur,-,-,-,-,-,-,-,-,-,18.07402000,75.12002000,02-09-2024 09:00,927.72,927.72,927.72,927.72,927.72,927.72,927.72,927.72,927.72,927.72,927.72,927.72,927.72,927.72,927.72,927.72,0,0,0,0,0,0,0,0,0,0,0,0,0,0,0,0,0,0,0,0,0,0,0,0,0,0,0,0,"","","","","",""
2607,Ujjani Dam_1,Maharashtra SW,27,Maharashtra,496,Solapur,-,-,-,-,-,-,-,-,-,18.07402000,75.12002000,02-09-2024 10:00,929.13,929.13,929.13,929.13,929.13,929.13,929.13,929.13,929.13,929.13,929.13,929.13,929.13,929.13,929.13,929.13,0,0,0,0,0,0,0,0,0,0,0,0,0,0,0,0,0,0,0,0,0,0,0,0,0,0,0,0,"","","","","",""
2608,Ujjani Dam_1,Maharashtra SW,27,Maharashtra,496,Solapur,-,-,-,-,-,-,-,-,-,18.07402000,75.12002000,02-09-2024 11:00,928.42,928.42,928.42,928.42,928.42,928.42,928.42,928.42,928.42,928.42,928.42,928.42,928.42,928.42,928.42,928.42,0,0,0,0,0,0,0,0,0,0,0,0,0,0,0,0,0,0,0,0,0,0,0,0,0,0,0,0,"","","","","",""
2609,Ujjani Dam_1,Maharashtra SW,27,Maharashtra,496,Solapur,-,-,-,-,-,-,-,-,-,18.07402000,75.12002000,02-09-2024 12:00,928.42,928.42,928.42,928.42,928.42,928.42,928.42,928.42,928.42,928.42,928.42,928.42,928.42,928.42,928.42,928.42,0,0,0,0,0,0,0,0,0,0,0,0,0,0,0,0,0,0,0,0,0,0,0,0,0,0,0,0,"","","","","",""
2610,Ujjani Dam_1,Maharashtra SW,27,Maharashtra,496,Solapur,-,-,-,-,-,-,-,-,-,18.07402000,75.12002000,02-09-2024 13:00,927.72,927.72,927.72,927.72,927.72,927.72,927.72,927.72,927.72,927.72,927.72,927.72,927.72,927.72,927.72,927.72,0,0,0,0,0,0,0,0,0,0,0,0,0,0,0,0,0,0,0,0,0,0,0,0,0,0,0,0,"","","","","",""
2611,Ujjani Dam_1,Maharashtra SW,27,Maharashtra,496,Solapur,-,-,-,-,-,-,-,-,-,18.07402000,75.12002000,02-09-2024 14:00,928.42,928.42,928.42,928.42,928.42,928.42,928.42,928.42,928.42,928.42,928.42,928.42,928.42,928.42,928.42,928.42,0,0,0,0,0,0,0,0,0,0,0,0,0,0,0,0,0,0,0,0,0,0,0,0,0,0,0,0,"","","","","",""
2612,Ujjani Dam_1,Maharashtra SW,27,Maharashtra,496,Solapur,-,-,-,-,-,-,-,-,-,18.07402000,75.12002000,02-09-2024 15:00,928.42,928.42,928.42,928.42,928.42,928.42,928.42,928.42,928.42,928.42,928.42,928.42,928.42,928.42,928.42,928.42,0,0,0,0,0,0,0,0,0,0,0,0,0,0,0,0,0,0,0,0,0,0,0,0,0,0,0,0,"","","","","",""
2613,Ujjani Dam_1,Maharashtra SW,27,Maharashtra,496,Solapur,-,-,-,-,-,-,-,-,-,18.07402000,75.12002000,02-09-2024 16:00,928.42,928.42,928.42,928.42,928.42,928.42,928.42,928.42,928.42,928.42,928.42,928.42,928.42,928.42,928.42,928.42,0,0,0,0,0,0,0,0,0,0,0,0,0,0,0,0,0,0,0,0,0,0,0,0,0,0,0,0,"","","","","",""
2614,Ujjani Dam_1,Maharashtra SW,27,Maharashtra,496,Solapur,-,-,-,-,-,-,-,-,-,18.07402000,75.12002000,02-09-2024 18:00,928.42,928.42,928.42,928.42,928.42,928.42,928.42,928.42,928.42,928.42,928.42,928.42,928.42,928.42,928.42,928.42,0,0,0,0,0,0,0,0,0,0,0,0,0,0,0,0,0,0,0,0,0,0,0,0,0,0,0,0,"","","","","",""
2615,Ujjani Dam_1,Maharashtra SW,27,Maharashtra,496,Solapur,-,-,-,-,-,-,-,-,-,18.07402000,75.12002000,02-09-2024 19:00,664.62,664.62,664.62,664.62,664.62,664.62,664.62,664.62,664.62,664.62,664.62,664.62,664.62,664.62,664.62,664.62,0,0,0,0,0,0,0,0,0,0,0,0,0,0,0,0,0,0,0,0,0,0,0,0,0,0,0,0,"","","","","",""
2616,Ujjani Dam_1,Maharashtra SW,27,Maharashtra,496,Solapur,-,-,-,-,-,-,-,-,-,18.07402000,75.12002000,02-09-2024 20:00,664.98,664.98,664.98,664.98,664.98,664.98,664.98,664.98,664.98,664.98,664.98,664.98,664.98,664.98,664.98,664.98,0,0,0,0,0,0,0,0,0,0,0,0,0,0,0,0,0,0,0,0,0,0,0,0,0,0,0,0,"","","","","",""
2617,Ujjani Dam_1,Maharashtra SW,27,Maharashtra,496,Solapur,-,-,-,-,-,-,-,-,-,18.07402000,75.12002000,02-09-2024 21:00,664.62,664.62,664.62,664.62,664.62,664.62,664.62,664.62,664.62,664.62,664.62,664.62,664.62,664.62,664.62,664.62,0,0,0,0,0,0,0,0,0,0,0,0,0,0,0,0,0,0,0,0,0,0,0,0,0,0,0,0,"","","","","",""
2618,Ujjani Dam_1,Maharashtra SW,27,Maharashtra,496,Solapur,-,-,-,-,-,-,-,-,-,18.07402000,75.12002000,02-09-2024 22:00,665.68,665.68,665.68,665.68,665.68,665.68,665.68,665.68,665.68,665.68,665.68,665.68,665.68,665.68,665.68,665.68,0,0,0,0,0,0,0,0,0,0,0,0,0,0,0,0,0,0,0,0,0,0,0,0,0,0,0,0,"","","","","",""
2619,Ujjani Dam_1,Maharashtra SW,27,Maharashtra,496,Solapur,-,-,-,-,-,-,-,-,-,18.07402000,75.12002000,02-09-2024 23:00,664.98,664.98,664.98,664.98,664.98,664.98,664.98,664.98,664.98,664.98,664.98,664.98,664.98,664.98,664.98,664.98,0,0,0,0,0,0,0,0,0,0,0,0,0,0,0,0,0,0,0,0,0,0,0,0,0,0,0,0,"","","","","",""
2620,Ujjani Dam_1,Maharashtra SW,27,Maharashtra,496,Solapur,-,-,-,-,-,-,-,-,-,18.07402000,75.12002000,03-09-2024 00:00,664.62,664.62,664.62,664.62,664.62,664.62,664.62,664.62,664.62,664.62,664.62,664.62,664.62,664.62,664.62,664.62,0,0,0,0,0,0,0,0,0,0,0,0,0,0,0,0,0,0,0,0,0,0,0,0,0,0,0,0,"","","","","",""
2621,Ujjani Dam_1,Maharashtra SW,27,Maharashtra,496,Solapur,-,-,-,-,-,-,-,-,-,18.07402000,75.12002000,03-09-2024 02:00,664.62,664.62,664.62,664.62,664.62,664.62,664.62,664.62,664.62,664.62,664.62,664.62,664.62,664.62,664.62,664.62,0,0,0,0,0,0,0,0,0,0,0,0,0,0,0,0,0,0,0,0,0,0,0,0,0,0,0,0,"","","","","",""
2622,Ujjani Dam_1,Maharashtra SW,27,Maharashtra,496,Solapur,-,-,-,-,-,-,-,-,-,18.07402000,75.12002000,03-09-2024 03:00,664.62,664.62,664.62,664.62,664.62,664.62,664.62,664.62,664.62,664.62,664.62,664.62,664.62,664.62,664.62,664.62,0,0,0,0,0,0,0,0,0,0,0,0,0,0,0,0,0,0,0,0,0,0,0,0,0,0,0,0,"","","","","",""
2623,Ujjani Dam_1,Maharashtra SW,27,Maharashtra,496,Solapur,-,-,-,-,-,-,-,-,-,18.07402000,75.12002000,03-09-2024 04:00,664.62,664.62,664.62,664.62,664.62,664.62,664.62,664.62,664.62,664.62,664.62,664.62,664.62,664.62,664.62,664.62,0,0,0,0,0,0,0,0,0,0,0,0,0,0,0,0,0,0,0,0,0,0,0,0,0,0,0,0,"","","","","",""
2624,Ujjani Dam_1,Maharashtra SW,27,Maharashtra,496,Solapur,-,-,-,-,-,-,-,-,-,18.07402000,75.12002000,03-09-2024 05:00,664.62,664.62,664.62,664.62,664.62,664.62,664.62,664.62,664.62,664.62,664.62,664.62,664.62,664.62,664.62,664.62,0,0,0,0,0,0,0,0,0,0,0,0,0,0,0,0,0,0,0,0,0,0,0,0,0,0,0,0,"","","","","",""
2625,Ujjani Dam_1,Maharashtra SW,27,Maharashtra,496,Solapur,-,-,-,-,-,-,-,-,-,18.07402000,75.12002000,03-09-2024 06:00,664.62,664.62,664.62,664.62,664.62,664.62,664.62,664.62,664.62,664.62,664.62,664.62,664.62,664.62,664.62,664.62,0,0,0,0,0,0,0,0,0,0,0,0,0,0,0,0,0,0,0,0,0,0,0,0,0,0,0,0,"","","","","",""
2626,Ujjani Dam_1,Maharashtra SW,27,Maharashtra,496,Solapur,-,-,-,-,-,-,-,-,-,18.07402000,75.12002000,03-09-2024 07:00,664.62,664.62,664.62,664.62,664.62,664.62,664.62,664.62,664.62,664.62,664.62,664.62,664.62,664.62,664.62,664.62,0,0,0,0,0,0,0,0,0,0,0,0,0,0,0,0,0,0,0,0,0,0,0,0,0,0,0,0,"","","","","",""
2627,Ujjani Dam_1,Maharashtra SW,27,Maharashtra,496,Solapur,-,-,-,-,-,-,-,-,-,18.07402000,75.12002000,03-09-2024 09:00,664.62,664.62,664.62,664.62,664.62,664.62,664.62,664.62,664.62,664.62,664.62,664.62,664.62,664.62,664.62,664.62,0,0,0,0,0,0,0,0,0,0,0,0,0,0,0,0,0,0,0,0,0,0,0,0,0,0,0,0,"","","","","",""
2628,Ujjani Dam_1,Maharashtra SW,27,Maharashtra,496,Solapur,-,-,-,-,-,-,-,-,-,18.07402000,75.12002000,03-09-2024 10:00,664.62,664.62,664.62,664.62,664.62,664.62,664.62,664.62,664.62,664.62,664.62,664.62,664.62,664.62,664.62,664.62,0,0,0,0,0,0,0,0,0,0,0,0,0,0,0,0,0,0,0,0,0,0,0,0,0,0,0,0,"","","","","",""
2629,Ujjani Dam_1,Maharashtra SW,27,Maharashtra,496,Solapur,-,-,-,-,-,-,-,-,-,18.07402000,75.12002000,03-09-2024 11:00,664.62,664.62,664.62,664.62,664.62,664.62,664.62,664.62,664.62,664.62,664.62,664.62,664.62,664.62,664.62,664.62,0,0,0,0,0,0,0,0,0,0,0,0,0,0,0,0,0,0,0,0,0,0,0,0,0,0,0,0,"","","","","",""
2630,Ujjani Dam_1,Maharashtra SW,27,Maharashtra,496,Solapur,-,-,-,-,-,-,-,-,-,18.07402000,75.12002000,03-09-2024 12:00,664.62,664.62,664.62,664.62,664.62,664.62,664.62,664.62,664.62,664.62,664.62,664.62,664.62,664.62,664.62,664.62,0,0,0,0,0,0,0,0,0,0,0,0,0,0,0,0,0,0,0,0,0,0,0,0,0,0,0,0,"","","","","",""
2631,Ujjani Dam_1,Maharashtra SW,27,Maharashtra,496,Solapur,-,-,-,-,-,-,-,-,-,18.07402000,75.12002000,03-09-2024 13:00,664.62,664.62,664.62,664.62,664.62,664.62,664.62,664.62,664.62,664.62,664.62,664.62,664.62,664.62,664.62,664.62,0,0,0,0,0,0,0,0,0,0,0,0,0,0,0,0,0,0,0,0,0,0,0,0,0,0,0,0,"","","","","",""
2632,Ujjani Dam_1,Maharashtra SW,27,Maharashtra,496,Solapur,-,-,-,-,-,-,-,-,-,18.07402000,75.12002000,03-09-2024 14:00,664.98,664.98,664.98,664.98,664.98,664.98,664.98,664.98,664.98,664.98,664.98,664.98,664.98,664.98,664.98,664.98,0,0,0,0,0,0,0,0,0,0,0,0,0,0,0,0,0,0,0,0,0,0,0,0,0,0,0,0,"","","","","",""
2633,Ujjani Dam_1,Maharashtra SW,27,Maharashtra,496,Solapur,-,-,-,-,-,-,-,-,-,18.07402000,75.12002000,03-09-2024 15:00,664.62,664.62,664.62,664.62,664.62,664.62,664.62,664.62,664.62,664.62,664.62,664.62,664.62,664.62,664.62,664.62,0,0,0,0,0,0,0,0,0,0,0,0,0,0,0,0,0,0,0,0,0,0,0,0,0,0,0,0,"","","","","",""
2634,Ujjani Dam_1,Maharashtra SW,27,Maharashtra,496,Solapur,-,-,-,-,-,-,-,-,-,18.07402000,75.12002000,03-09-2024 17:00,664.62,664.62,664.62,664.62,664.62,664.62,664.62,664.62,664.62,664.62,664.62,664.62,664.62,664.62,664.62,664.62,0,0,0,0,0,0,0,0,0,0,0,0,0,0,0,0,0,0,0,0,0,0,0,0,0,0,0,0,"","","","","",""
2635,Ujjani Dam_1,Maharashtra SW,27,Maharashtra,496,Solapur,-,-,-,-,-,-,-,-,-,18.07402000,75.12002000,03-09-2024 18:00,664.62,664.62,664.62,664.62,664.62,664.62,664.62,664.62,664.62,664.62,664.62,664.62,664.62,664.62,664.62,664.62,0,0,0,0,0,0,0,0,0,0,0,0,0,0,0,0,0,0,0,0,0,0,0,0,0,0,0,0,"","","","","",""
2636,Ujjani Dam_1,Maharashtra SW,27,Maharashtra,496,Solapur,-,-,-,-,-,-,-,-,-,18.07402000,75.12002000,03-09-2024 19:00,664.98,0,0,0,0,664.98,664.98,664.98,664.98,664.98,664.98,0,0,0,0,664.98,0,0,0,0,0,0,0,0,0,0,0,0,0,0,0,0,0,0,0,0,0,0,0,0,0,0,0,0,"","","","","",""
2637,Ujjani Dam_1,Maharashtra SW,27,Maharashtra,496,Solapur,-,-,-,-,-,-,-,-,-,18.07402000,75.12002000,03-09-2024 20:00,664.98,0,0,0,0,664.98,664.98,664.98,664.98,664.98,664.98,0,0,0,0,664.98,0,0,0,0,0,0,0,0,0,0,0,0,0,0,0,0,0,0,0,0,0,0,0,0,0,0,0,0,"","","","","",""
2638,Ujjani Dam_1,Maharashtra SW,27,Maharashtra,496,Solapur,-,-,-,-,-,-,-,-,-,18.07402000,75.12002000,03-09-2024 21:00,664.98,0,0,0,0,664.98,664.98,664.98,664.98,664.98,664.98,0,0,0,0,664.98,0,0,0,0,0,0,0,0,0,0,0,0,0,0,0,0,0,0,0,0,0,0,0,0,0,0,0,0,"","","","","",""
2639,Ujjani Dam_1,Maharashtra SW,27,Maharashtra,496,Solapur,-,-,-,-,-,-,-,-,-,18.07402000,75.12002000,03-09-2024 22:00,664.98,0,0,0,0,664.98,664.98,664.98,664.98,664.98,664.98,0,0,0,0,664.98,0,0,0,0,0,0,0,0,0,0,0,0,0,0,0,0,0,0,0,0,0,0,0,0,0,0,0,0,"","","","","",""
2640,Ujjani Dam_1,Maharashtra SW,27,Maharashtra,496,Solapur,-,-,-,-,-,-,-,-,-,18.07402000,75.12002000,03-09-2024 23:00,664.98,0,0,0,0,664.98,664.98,664.98,664.98,664.98,664.98,0,0,0,0,664.98,0,0,0,0,0,0,0,0,0,0,0,0,0,0,0,0,0,0,0,0,0,0,0,0,0,0,0,0,"","","","","",""
2641,Ujjani Dam_1,Maharashtra SW,27,Maharashtra,496,Solapur,-,-,-,-,-,-,-,-,-,18.07402000,75.12002000,04-09-2024 01:00,664.98,0,0,0,0,664.98,664.98,664.98,664.98,664.98,664.98,0,0,0,0,664.98,0,0,0,0,0,0,0,0,0,0,0,0,0,0,0,0,0,0,0,0,0,0,0,0,0,0,0,0,"","","","","",""
2642,Ujjani Dam_1,Maharashtra SW,27,Maharashtra,496,Solapur,-,-,-,-,-,-,-,-,-,18.07402000,75.12002000,04-09-2024 02:00,665.68,0,0,0,0,665.68,665.68,665.68,665.68,665.68,665.68,0,0,0,0,665.68,0,0,0,0,0,0,0,0,0,0,0,0,0,0,0,0,0,0,0,0,0,0,0,0,0,0,0,0,"","","","","",""
2643,Ujjani Dam_1,Maharashtra SW,27,Maharashtra,496,Solapur,-,-,-,-,-,-,-,-,-,18.07402000,75.12002000,04-09-2024 03:00,665.68,0,0,0,0,665.68,665.68,665.68,665.68,665.68,665.68,0,0,0,0,665.68,0,0,0,0,0,0,0,0,0,0,0,0,0,0,0,0,0,0,0,0,0,0,0,0,0,0,0,0,"","","","","",""
2644,Ujjani Dam_1,Maharashtra SW,27,Maharashtra,496,Solapur,-,-,-,-,-,-,-,-,-,18.07402000,75.12002000,04-09-2024 04:00,665.68,0,0,0,0,665.68,665.68,665.68,665.68,665.68,665.68,0,0,0,0,665.68,0,0,0,0,0,0,0,0,0,0,0,0,0,0,0,0,0,0,0,0,0,0,0,0,0,0,0,0,"","","","","",""
2645,Ujjani Dam_1,Maharashtra SW,27,Maharashtra,496,Solapur,-,-,-,-,-,-,-,-,-,18.07402000,75.12002000,04-09-2024 05:00,665.68,0,0,0,0,665.68,665.68,665.68,665.68,665.68,665.68,0,0,0,0,665.68,0,0,0,0,0,0,0,0,0,0,0,0,0,0,0,0,0,0,0,0,0,0,0,0,0,0,0,0,"","","","","",""
2646,Ujjani Dam_1,Maharashtra SW,27,Maharashtra,496,Solapur,-,-,-,-,-,-,-,-,-,18.07402000,75.12002000,04-09-2024 06:00,665.68,0,0,0,0,665.68,665.68,665.68,665.68,665.68,665.68,0,0,0,0,665.68,0,0,0,0,0,0,0,0,0,0,0,0,0,0,0,0,0,0,0,0,0,0,0,0,0,0,0,0,"","","","","",""
2647,Ujjani Dam_1,Maharashtra SW,27,Maharashtra,496,Solapur,-,-,-,-,-,-,-,-,-,18.07402000,75.12002000,04-09-2024 07:00,666.03,0,0,0,0,666.03,666.03,666.03,666.03,666.03,666.03,0,0,0,0,666.03,0,0,0,0,0,0,0,0,0,0,0,0,0,0,0,0,0,0,0,0,0,0,0,0,0,0,0,0,"","","","","",""
2648,Ujjani Dam_1,Maharashtra SW,27,Maharashtra,496,Solapur,-,-,-,-,-,-,-,-,-,18.07402000,75.12002000,04-09-2024 09:00,666.03,0,0,0,0,666.03,666.03,666.03,666.03,666.03,666.03,0,0,0,0,666.03,0,0,0,0,0,0,0,0,0,0,0,0,0,0,0,0,0,0,0,0,0,0,0,0,0,0,0,0,"","","","","",""
2649,Ujjani Dam_1,Maharashtra SW,27,Maharashtra,496,Solapur,-,-,-,-,-,-,-,-,-,18.07402000,75.12002000,04-09-2024 10:00,667.09,0,0,0,0,667.09,667.09,667.09,667.09,667.09,667.09,0,0,0,0,667.09,0,0,0,0,0,0,0,0,0,0,0,0,0,0,0,0,0,0,0,0,0,0,0,0,0,0,0,0,"","","","","",""
2650,Ujjani Dam_1,Maharashtra SW,27,Maharashtra,496,Solapur,-,-,-,-,-,-,-,-,-,18.07402000,75.12002000,04-09-2024 11:00,666.74,0,0,0,0,666.74,666.74,666.74,666.74,666.74,666.74,0,0,0,0,666.74,0,0,0,0,0,0,0,0,0,0,0,0,0,0,0,0,0,0,0,0,0,0,0,0,0,0,0,0,"","","","","",""
2651,Ujjani Dam_1,Maharashtra SW,27,Maharashtra,496,Solapur,-,-,-,-,-,-,-,-,-,18.07402000,75.12002000,04-09-2024 12:00,667.8,0,0,0,0,667.8,667.8,667.8,667.8,667.8,667.8,0,0,0,0,667.8,0,0,0,0,0,0,0,0,0,0,0,0,0,0,0,0,0,0,0,0,0,0,0,0,0,0,0,0,"","","","","",""
2652,Ujjani Dam_1,Maharashtra SW,27,Maharashtra,496,Solapur,-,-,-,-,-,-,-,-,-,18.07402000,75.12002000,04-09-2024 13:00,667.09,0,0,0,0,667.09,667.09,667.09,667.09,667.09,667.09,0,0,0,0,667.09,0,0,0,0,0,0,0,0,0,0,0,0,0,0,0,0,0,0,0,0,0,0,0,0,0,0,0,0,"","","","","",""
2653,Ujjani Dam_1,Maharashtra SW,27,Maharashtra,496,Solapur,-,-,-,-,-,-,-,-,-,18.07402000,75.12002000,04-09-2024 14:00,666.74,0,0,0,0,666.74,666.74,666.74,666.74,666.74,666.74,0,0,0,0,666.74,0,0,0,0,0,0,0,0,0,0,0,0,0,0,0,0,0,0,0,0,0,0,0,0,0,0,0,0,"","","","","",""
2654,Ujjani Dam_1,Maharashtra SW,27,Maharashtra,496,Solapur,-,-,-,-,-,-,-,-,-,18.07402000,75.12002000,04-09-2024 15:00,667.09,0,0,0,0,667.09,667.09,667.09,667.09,667.09,667.09,0,0,0,0,667.09,0,0,0,0,0,0,0,0,0,0,0,0,0,0,0,0,0,0,0,0,0,0,0,0,0,0,0,0,"","","","","",""
2655,Ujjani Dam_1,Maharashtra SW,27,Maharashtra,496,Solapur,-,-,-,-,-,-,-,-,-,18.07402000,75.12002000,04-09-2024 17:00,667.8,0,0,0,0,667.8,667.8,667.8,667.8,667.8,667.8,0,0,0,0,667.8,0,0,0,0,0,0,0,0,0,0,0,0,0,0,0,0,0,0,0,0,0,0,0,0,0,0,0,0,"","","","","",""
2656,Ujjani Dam_1,Maharashtra SW,27,Maharashtra,496,Solapur,-,-,-,-,-,-,-,-,-,18.07402000,75.12002000,04-09-2024 18:00,667.8,0,0,0,0,667.8,667.8,667.8,667.8,667.8,667.8,0,0,0,0,667.8,0,0,0,0,0,0,0,0,0,0,0,0,0,0,0,0,0,0,0,0,0,0,0,0,0,0,0,0,"","","","","",""
2657,Ujjani Dam_1,Maharashtra SW,27,Maharashtra,496,Solapur,-,-,-,-,-,-,-,-,-,18.07402000,75.12002000,04-09-2024 19:00,667.8,0,0,0,0,667.8,667.8,667.8,667.8,667.8,667.8,0,0,0,0,667.8,0,0,0,0,0,0,0,0,0,0,0,0,0,0,0,0,0,0,0,0,0,0,0,0,0,0,0,0,"","","","","",""
2658,Ujjani Dam_1,Maharashtra SW,27,Maharashtra,496,Solapur,-,-,-,-,-,-,-,-,-,18.07402000,75.12002000,04-09-2024 20:00,667.8,0,0,0,0,667.8,667.8,667.8,667.8,667.8,667.8,0,0,0,0,667.8,0,0,0,0,0,0,0,0,0,0,0,0,0,0,0,0,0,0,0,0,0,0,0,0,0,0,0,0,"","","","","",""
2659,Ujjani Dam_1,Maharashtra SW,27,Maharashtra,496,Solapur,-,-,-,-,-,-,-,-,-,18.07402000,75.12002000,04-09-2024 21:00,667.8,0,0,0,0,667.8,667.8,667.8,667.8,667.8,667.8,0,0,0,0,667.8,0,0,0,0,0,0,0,0,0,0,0,0,0,0,0,0,0,0,0,0,0,0,0,0,0,0,0,0,"","","","","",""
2660,Ujjani Dam_1,Maharashtra SW,27,Maharashtra,496,Solapur,-,-,-,-,-,-,-,-,-,18.07402000,75.12002000,04-09-2024 22:00,668.15,0,0,0,0,668.15,668.15,668.15,668.15,668.15,668.15,0,0,0,0,668.15,0,0,0,0,0,0,0,0,0,0,0,0,0,0,0,0,0,0,0,0,0,0,0,0,0,0,0,0,"","","","","",""
2661,Ujjani Dam_1,Maharashtra SW,27,Maharashtra,496,Solapur,-,-,-,-,-,-,-,-,-,18.07402000,75.12002000,04-09-2024 23:00,667.8,0,0,0,0,667.8,667.8,667.8,667.8,667.8,667.8,0,0,0,0,667.8,0,0,0,0,0,0,0,0,0,0,0,0,0,0,0,0,0,0,0,0,0,0,0,0,0,0,0,0,"","","","","",""
2662,Ujjani Dam_1,Maharashtra SW,27,Maharashtra,496,Solapur,-,-,-,-,-,-,-,-,-,18.07402000,75.12002000,05-09-2024 01:00,667.8,0,0,0,0,667.8,667.8,667.8,667.8,667.8,667.8,0,0,0,0,667.8,0,0,0,0,0,0,0,0,0,0,0,0,0,0,0,0,0,0,0,0,0,0,0,0,0,0,0,0,"","","","","",""
2663,Ujjani Dam_1,Maharashtra SW,27,Maharashtra,496,Solapur,-,-,-,-,-,-,-,-,-,18.07402000,75.12002000,05-09-2024 02:00,667.8,0,0,0,0,667.8,667.8,667.8,667.8,667.8,667.8,0,0,0,0,667.8,0,0,0,0,0,0,0,0,0,0,0,0,0,0,0,0,0,0,0,0,0,0,0,0,0,0,0,0,"","","","","",""
2664,Ujjani Dam_1,Maharashtra SW,27,Maharashtra,496,Solapur,-,-,-,-,-,-,-,-,-,18.07402000,75.12002000,05-09-2024 03:00,668.15,0,0,0,0,668.15,668.15,668.15,668.15,668.15,668.15,0,0,0,0,668.15,0,0,0,0,0,0,0,0,0,0,0,0,0,0,0,0,0,0,0,0,0,0,0,0,0,0,0,0,"","","","","",""
2665,Ujjani Dam_1,Maharashtra SW,27,Maharashtra,496,Solapur,-,-,-,-,-,-,-,-,-,18.07402000,75.12002000,05-09-2024 04:00,667.8,0,0,0,0,667.8,667.8,667.8,667.8,667.8,667.8,0,0,0,0,667.8,0,0,0,0,0,0,0,0,0,0,0,0,0,0,0,0,0,0,0,0,0,0,0,0,0,0,0,0,"","","","","",""
2666,Ujjani Dam_1,Maharashtra SW,27,Maharashtra,496,Solapur,-,-,-,-,-,-,-,-,-,18.07402000,75.12002000,05-09-2024 05:00,667.8,0,0,0,0,667.8,667.8,667.8,667.8,667.8,667.8,0,0,0,0,667.8,0,0,0,0,0,0,0,0,0,0,0,0,0,0,0,0,0,0,0,0,0,0,0,0,0,0,0,0,"","","","","",""
2667,Ujjani Dam_1,Maharashtra SW,27,Maharashtra,496,Solapur,-,-,-,-,-,-,-,-,-,18.07402000,75.12002000,05-09-2024 06:00,667.8,0,0,0,0,667.8,667.8,667.8,667.8,667.8,667.8,0,0,0,0,667.8,0,0,0,0,0,0,0,0,0,0,0,0,0,0,0,0,0,0,0,0,0,0,0,0,0,0,0,0,"","","","","",""
2668,Ujjani Dam_1,Maharashtra SW,27,Maharashtra,496,Solapur,-,-,-,-,-,-,-,-,-,18.07402000,75.12002000,05-09-2024 07:00,667.8,0,0,0,0,667.8,667.8,667.8,667.8,667.8,667.8,0,0,0,0,667.8,0,0,0,0,0,0,0,0,0,0,0,0,0,0,0,0,0,0,0,0,0,0,0,0,0,0,0,0,"","","","","",""
2669,Ujjani Dam_1,Maharashtra SW,27,Maharashtra,496,Solapur,-,-,-,-,-,-,-,-,-,18.07402000,75.12002000,05-09-2024 09:00,668.15,0,0,0,0,668.15,668.15,668.15,668.15,668.15,668.15,0,0,0,0,668.15,0,0,0,0,0,0,0,0,0,0,0,0,0,0,0,0,0,0,0,0,0,0,0,0,0,0,0,0,"","","","","",""
2670,Ujjani Dam_1,Maharashtra SW,27,Maharashtra,496,Solapur,-,-,-,-,-,-,-,-,-,18.07402000,75.12002000,05-09-2024 10:00,668.86,0,0,0,0,668.86,668.86,668.86,668.86,668.86,668.86,0,0,0,0,668.86,0,0,0,0,0,0,0,0,0,0,0,0,0,0,0,0,0,0,0,0,0,0,0,0,0,0,0,0,"","","","","",""
2671,Ujjani Dam_1,Maharashtra SW,27,Maharashtra,496,Solapur,-,-,-,-,-,-,-,-,-,18.07402000,75.12002000,05-09-2024 11:00,668.86,0,0,0,0,668.86,668.86,668.86,668.86,668.86,668.86,0,0,0,0,668.86,0,0,0,0,0,0,0,0,0,0,0,0,0,0,0,0,0,0,0,0,0,0,0,0,0,0,0,0,"","","","","",""
2672,Ujjani Dam_1,Maharashtra SW,27,Maharashtra,496,Solapur,-,-,-,-,-,-,-,-,-,18.07402000,75.12002000,05-09-2024 12:00,668.86,0,0,0,0,668.86,668.86,668.86,668.86,668.86,668.86,0,0,0,0,668.86,0,0,0,0,0,0,0,0,0,0,0,0,0,0,0,0,0,0,0,0,0,0,0,0,0,0,0,0,"","","","","",""
2673,Ujjani Dam_1,Maharashtra SW,27,Maharashtra,496,Solapur,-,-,-,-,-,-,-,-,-,18.07402000,75.12002000,05-09-2024 13:00,669.21,0,0,0,0,669.21,669.21,669.21,669.21,669.21,669.21,0,0,0,0,669.21,0,0,0,0,0,0,0,0,0,0,0,0,0,0,0,0,0,0,0,0,0,0,0,0,0,0,0,0,"","","","","",""
2674,Ujjani Dam_1,Maharashtra SW,27,Maharashtra,496,Solapur,-,-,-,-,-,-,-,-,-,18.07402000,75.12002000,05-09-2024 14:00,669.21,0,0,0,0,669.21,669.21,669.21,669.21,669.21,669.21,669.21,0,0,0,669.21,0,0,0,0,0,0,0,0,0,0,0,0,0,0,0,0,0,0,0,0,0,0,0,0,0,0,0,0,"","","","","",""
2675,Ujjani Dam_1,Maharashtra SW,27,Maharashtra,496,Solapur,-,-,-,-,-,-,-,-,-,18.07402000,75.12002000,05-09-2024 16:00,669.92,669.92,669.92,669.92,669.92,669.92,669.92,669.92,669.92,669.92,669.92,669.92,669.92,669.92,669.92,669.92,0,0,0,0,0,0,0,0,0,0,0,0,0,0,0,0,0,0,0,0,0,0,0,0,0,0,0,0,"","","","","",""
2676,Ujjani Dam_1,Maharashtra SW,27,Maharashtra,496,Solapur,-,-,-,-,-,-,-,-,-,18.07402000,75.12002000,05-09-2024 17:00,669.21,669.21,669.21,669.21,669.21,669.21,669.21,669.21,669.21,669.21,669.21,669.21,669.21,669.21,669.21,669.21,0,0,0,0,0,0,0,0,0,0,0,0,0,0,0,0,0,0,0,0,0,0,0,0,0,0,0,0,"","","","","",""
2677,Ujjani Dam_1,Maharashtra SW,27,Maharashtra,496,Solapur,-,-,-,-,-,-,-,-,-,18.07402000,75.12002000,05-09-2024 18:00,669.21,669.21,669.21,669.21,669.21,669.21,669.21,669.21,669.21,669.21,669.21,669.21,669.21,669.21,669.21,669.21,0,0,0,0,0,0,0,0,0,0,0,0,0,0,0,0,0,0,0,0,0,0,0,0,0,0,0,0,"","","","","",""
2678,Ujjani Dam_1,Maharashtra SW,27,Maharashtra,496,Solapur,-,-,-,-,-,-,-,-,-,18.07402000,75.12002000,05-09-2024 19:00,669.21,669.21,669.21,669.21,669.21,669.21,669.21,669.21,669.21,669.21,669.21,669.21,669.21,669.21,669.21,669.21,0,0,0,0,0,0,0,0,0,0,0,0,0,0,0,0,0,0,0,0,0,0,0,0,0,0,0,0,"","","","","",""
2679,Ujjani Dam_1,Maharashtra SW,27,Maharashtra,496,Solapur,-,-,-,-,-,-,-,-,-,18.07402000,75.12002000,05-09-2024 20:00,669.92,669.92,669.92,669.92,669.92,669.92,669.92,669.92,669.92,669.92,669.92,669.92,669.92,669.92,669.92,669.92,0,0,0,0,0,0,0,0,0,0,0,0,0,0,0,0,0,0,0,0,0,0,0,0,0,0,0,0,"","","","","",""
2680,Ujjani Dam_1,Maharashtra SW,27,Maharashtra,496,Solapur,-,-,-,-,-,-,-,-,-,18.07402000,75.12002000,05-09-2024 21:00,1260.73,668.86,668.86,668.86,668.86,668.86,668.86,668.86,1260.73,668.86,668.86,668.86,668.86,668.86,668.86,1130.07,0,0,0,0,0,0,0,0,0,0,0,0,0,0,0,0,0,0,0,0,0,0,0,0,0,0,0,0,"","","","","",""
2681,Ujjani Dam_1,Maharashtra SW,27,Maharashtra,496,Solapur,-,-,-,-,-,-,-,-,-,18.07402000,75.12002000,05-09-2024 22:00,1260.73,1260.73,1260.73,1260.73,1260.73,1260.73,1260.73,1260.73,1260.73,1260.73,1260.73,1260.73,1260.73,1260.73,1260.73,1260.73,0,0,0,0,0,0,0,0,0,0,0,0,0,0,0,0,0,0,0,0,0,0,0,0,0,0,0,0,"","","","","",""
2682,Ujjani Dam_1,Maharashtra SW,27,Maharashtra,496,Solapur,-,-,-,-,-,-,-,-,-,18.07402000,75.12002000,05-09-2024 23:00,1260.73,1260.73,1260.73,1260.73,1260.73,1260.73,1260.73,1260.73,1260.73,1260.73,1260.73,1260.73,1260.73,1260.73,1260.73,1260.73,0,0,0,0,0,0,0,0,0,0,0,0,0,0,0,0,0,0,0,0,0,0,0,0,0,0,0,0,"","","","","",""
2683,Ujjani Dam_1,Maharashtra SW,27,Maharashtra,496,Solapur,-,-,-,-,-,-,-,-,-,18.07402000,75.12002000,06-09-2024 01:00,1260.73,1260.73,1260.73,1260.73,1260.73,1260.73,1260.73,1260.73,1260.73,1260.73,1260.73,1260.73,1260.73,1260.73,1260.73,1260.73,0,0,0,0,0,0,0,0,0,0,0,0,0,0,0,0,0,0,0,0,0,0,0,0,0,0,0,0,"","","","","",""
2684,Ujjani Dam_1,Maharashtra SW,27,Maharashtra,496,Solapur,-,-,-,-,-,-,-,-,-,18.07402000,75.12002000,06-09-2024 02:00,1260.73,1260.73,1260.73,1260.73,1260.73,1260.73,1260.73,1260.73,1260.73,1260.73,1260.73,1260.73,1260.73,1260.73,1260.73,1260.73,0,0,0,0,0,0,0,0,0,0,0,0,0,0,0,0,0,0,0,0,0,0,0,0,0,0,0,0,"","","","","",""
2685,Ujjani Dam_1,Maharashtra SW,27,Maharashtra,496,Solapur,-,-,-,-,-,-,-,-,-,18.07402000,75.12002000,06-09-2024 03:00,1259.67,1259.67,1259.67,1259.67,1259.67,1259.67,1259.67,1259.67,1259.67,1259.67,1259.67,1259.67,1259.67,1259.67,1259.67,1259.67,0,0,0,0,0,0,0,0,0,0,0,0,0,0,0,0,0,0,0,0,0,0,0,0,0,0,0,0,"","","","","",""
2686,Ujjani Dam_1,Maharashtra SW,27,Maharashtra,496,Solapur,-,-,-,-,-,-,-,-,-,18.07402000,75.12002000,06-09-2024 04:00,1258.61,1258.61,1258.61,1258.61,1258.61,1258.61,1258.61,1258.61,1258.61,1258.61,1258.61,1258.61,1258.61,1258.61,1258.61,1258.61,0,0,0,0,0,0,0,0,0,0,0,0,0,0,0,0,0,0,0,0,0,0,0,0,0,0,0,0,"","","","","",""
2687,Ujjani Dam_1,Maharashtra SW,27,Maharashtra,496,Solapur,-,-,-,-,-,-,-,-,-,18.07402000,75.12002000,06-09-2024 05:00,1257.56,1257.56,1257.56,1257.56,1257.56,1257.56,1257.56,1257.56,1257.56,1257.56,1257.56,1257.56,1257.56,1257.56,1257.56,1257.56,0,0,0,0,0,0,0,0,0,0,0,0,0,0,0,0,0,0,0,0,0,0,0,0,0,0,0,0,"","","","","",""
2688,Ujjani Dam_1,Maharashtra SW,27,Maharashtra,496,Solapur,-,-,-,-,-,-,-,-,-,18.07402000,75.12002000,06-09-2024 06:00,1258.61,1258.61,1258.61,1258.61,1258.61,1258.61,1258.61,1258.61,1258.61,1258.61,1258.61,1258.61,1258.61,1258.61,1258.61,1258.61,0,0,0,0,0,0,0,0,0,0,0,0,0,0,0,0,0,0,0,0,0,0,0,0,0,0,0,0,"","","","","",""
2689,Ujjani Dam_1,Maharashtra SW,27,Maharashtra,496,Solapur,-,-,-,-,-,-,-,-,-,18.07402000,75.12002000,06-09-2024 08:00,1258.61,1258.61,1258.61,1258.61,1258.61,1258.61,1258.61,1258.61,1258.61,1258.61,1258.61,1258.61,1258.61,1258.61,1258.61,1258.61,0,0,0,0,0,0,0,0,0,0,0,0,0,0,0,0,0,0,0,0,0,0,0,0,0,0,0,0,"","","","","",""
2690,Ujjani Dam_1,Maharashtra SW,27,Maharashtra,496,Solapur,-,-,-,-,-,-,-,-,-,18.07402000,75.12002000,06-09-2024 09:00,1258.61,1258.61,1258.61,1258.61,1258.61,1258.61,1258.61,1258.61,1258.61,1258.61,1258.61,1258.61,1258.61,1258.61,1258.61,1258.61,0,0,0,0,0,0,0,0,0,0,0,0,0,0,0,0,0,0,0,0,0,0,0,0,0,0,0,0,"","","","","",""
2691,Ujjani Dam_1,Maharashtra SW,27,Maharashtra,496,Solapur,-,-,-,-,-,-,-,-,-,18.07402000,75.12002000,06-09-2024 10:00,1258.61,1258.61,1258.61,1258.61,1258.61,1258.61,1258.61,1258.61,1258.61,1258.61,1258.61,1258.61,1258.61,1258.61,1258.61,1258.61,0,0,0,0,0,0,0,0,0,0,0,0,0,0,0,0,0,0,0,0,0,0,0,0,0,0,0,0,"","","","","",""
2692,Ujjani Dam_1,Maharashtra SW,27,Maharashtra,496,Solapur,-,-,-,-,-,-,-,-,-,18.07402000,75.12002000,06-09-2024 11:00,1258.61,1258.61,1258.61,1258.61,1258.61,1258.61,1258.61,1258.61,1258.61,1258.61,1258.61,1258.61,1258.61,1258.61,1258.61,1258.61,0,0,0,0,0,0,0,0,0,0,0,0,0,0,0,0,0,0,0,0,0,0,0,0,0,0,0,0,"","","","","",""
2693,Ujjani Dam_1,Maharashtra SW,27,Maharashtra,496,Solapur,-,-,-,-,-,-,-,-,-,18.07402000,75.12002000,06-09-2024 12:00,1258.61,1258.61,1258.61,1258.61,1258.61,1258.61,1258.61,1258.61,1258.61,1258.61,1258.61,1291.46,1258.61,1258.61,1258.61,1258.61,0,0,0,0,0,0,0,0,0,0,0,0,0,0,0,0,0,0,0,0,0,0,0,0,0,0,0,0,"","","","","",""
2694,Ujjani Dam_1,Maharashtra SW,27,Maharashtra,496,Solapur,-,-,-,-,-,-,-,-,-,18.07402000,75.12002000,06-09-2024 13:00,1870.97,1257.56,1257.56,1257.56,1257.56,1257.56,1807.05,1870.97,1870.97,1774.92,1290.4,1290.4,1257.56,1257.56,1257.56,1903.11,0,0,0,0,0,0,0,0,0,0,0,0,0,0,0,0,0,0,0,0,0,0,0,0,0,0,0,0,"","","","","",""
2695,Ujjani Dam_1,Maharashtra SW,27,Maharashtra,496,Solapur,-,-,-,-,-,-,-,-,-,18.07402000,75.12002000,06-09-2024 14:00,1870.97,1870.97,1870.97,1870.97,1870.97,1870.97,1870.97,1870.97,1870.97,1774.92,1870.97,1870.97,1870.97,1870.97,1870.97,1903.11,0,0,0,0,0,0,0,0,0,0,0,0,0,0,0,0,0,0,0,0,0,0,0,0,0,0,0,0,"","","","","",""
2696,Ujjani Dam_1,Maharashtra SW,27,Maharashtra,496,Solapur,-,-,-,-,-,-,-,-,-,18.07402000,75.12002000,06-09-2024 16:00,1872.38,1872.38,1872.38,1872.38,1872.38,1872.38,1872.38,1872.38,1872.38,1776.33,1872.38,1872.38,1872.38,1872.38,1872.38,1904.52,0,0,0,0,0,0,0,0,0,0,0,0,0,0,0,0,0,0,0,0,0,0,0,0,0,0,0,0,"","","","","",""
2697,Ujjani Dam_1,Maharashtra SW,27,Maharashtra,496,Solapur,-,-,-,-,-,-,-,-,-,18.07402000,75.12002000,06-09-2024 17:00,1870.97,1870.97,1870.97,1870.97,1870.97,1870.97,1870.97,1870.97,1870.97,1870.97,1870.97,1870.97,1870.97,1870.97,1870.97,1903.11,0,0,0,0,0,0,0,0,0,0,0,0,0,0,0,0,0,0,0,0,0,0,0,0,0,0,0,0,"","","","","",""
2698,Ujjani Dam_1,Maharashtra SW,27,Maharashtra,496,Solapur,-,-,-,-,-,-,-,-,-,18.07402000,75.12002000,06-09-2024 18:00,1872.38,1872.38,1872.38,1872.38,1872.38,1872.38,1872.38,1872.38,1872.38,1872.38,1872.38,1872.38,1872.38,1872.38,1872.38,1904.52,0,0,0,0,0,0,0,0,0,0,0,0,0,0,0,0,0,0,0,0,0,0,0,0,0,0,0,0,"","","","","",""
2699,Ujjani Dam_1,Maharashtra SW,27,Maharashtra,496,Solapur,-,-,-,-,-,-,-,-,-,18.07402000,75.12002000,06-09-2024 19:00,1874.15,1874.15,1874.15,1874.15,1874.15,1874.15,1874.15,1874.15,1874.15,1874.15,1874.15,1874.15,1874.15,1874.15,1874.15,1906.29,0,0,0,0,0,0,0,0,0,0,0,0,0,0,0,0,0,0,0,0,0,0,0,0,0,0,0,0,"","","","","",""
2700,Ujjani Dam_1,Maharashtra SW,27,Maharashtra,496,Solapur,-,-,-,-,-,-,-,-,-,18.07402000,75.12002000,06-09-2024 20:00,1872.38,1872.38,1872.38,1872.38,1872.38,1872.38,1872.38,1872.38,1872.38,1872.38,1872.38,1872.38,1872.38,1872.38,1872.38,1904.52,0,0,0,0,0,0,0,0,0,0,0,0,0,0,0,0,0,0,0,0,0,0,0,0,0,0,0,0,"","","","","",""
2701,Ujjani Dam_1,Maharashtra SW,27,Maharashtra,496,Solapur,-,-,-,-,-,-,-,-,-,18.07402000,75.12002000,06-09-2024 21:00,1870.97,1870.97,1870.97,1870.97,1870.97,1870.97,1870.97,1870.97,1870.97,1870.97,1870.97,1870.97,1870.97,1870.97,1870.97,1903.11,0,0,0,0,0,0,0,0,0,0,0,0,0,0,0,0,0,0,0,0,0,0,0,0,0,0,0,0,"","","","","",""
2702,Ujjani Dam_1,Maharashtra SW,27,Maharashtra,496,Solapur,-,-,-,-,-,-,-,-,-,18.07402000,75.12002000,06-09-2024 22:00,1872.38,1872.38,1872.38,1872.38,1872.38,1872.38,1872.38,1872.38,1872.38,1872.38,1872.38,1872.38,1872.38,1872.38,1872.38,1904.52,0,0,0,0,0,0,0,0,0,0,0,0,0,0,0,0,0,0,0,0,0,0,0,0,0,0,0,0,"","","","","",""
2703,Ujjani Dam_1,Maharashtra SW,27,Maharashtra,496,Solapur,-,-,-,-,-,-,-,-,-,18.07402000,75.12002000,07-09-2024 00:00,1872.38,1872.38,1872.38,1872.38,1872.38,1872.38,1872.38,1872.38,1872.38,1872.38,1872.38,1872.38,1872.38,1872.38,1872.38,1904.52,0,0,0,0,0,0,0,0,0,0,0,0,0,0,0,0,0,0,0,0,0,0,0,0,0,0,0,0,"","","","","",""
2704,Ujjani Dam_1,Maharashtra SW,27,Maharashtra,496,Solapur,-,-,-,-,-,-,-,-,-,18.07402000,75.12002000,07-09-2024 01:00,1874.15,1874.15,1874.15,1874.15,1874.15,1874.15,1874.15,1874.15,1874.15,1874.15,1874.15,1874.15,1874.15,1874.15,1874.15,1906.29,0,0,0,0,0,0,0,0,0,0,0,0,0,0,0,0,0,0,0,0,0,0,0,0,0,0,0,0,"","","","","",""
2705,Ujjani Dam_1,Maharashtra SW,27,Maharashtra,496,Solapur,-,-,-,-,-,-,-,-,-,18.07402000,75.12002000,07-09-2024 02:00,1875.56,1875.56,1875.56,1875.56,1875.56,1875.56,1875.56,1875.56,1875.56,1875.56,1875.56,1875.56,1875.56,1875.56,1875.56,1907.7,0,0,0,0,0,0,0,0,0,0,0,0,0,0,0,0,0,0,0,0,0,0,0,0,0,0,0,0,"","","","","",""
2706,Ujjani Dam_1,Maharashtra SW,27,Maharashtra,496,Solapur,-,-,-,-,-,-,-,-,-,18.07402000,75.12002000,07-09-2024 03:00,1874.15,1874.15,1874.15,1874.15,1874.15,1874.15,1874.15,1874.15,1874.15,1874.15,1874.15,1874.15,1874.15,1874.15,1874.15,1906.29,0,0,0,0,0,0,0,0,0,0,0,0,0,0,0,0,0,0,0,0,0,0,0,0,0,0,0,0,"","","","","",""
2707,Ujjani Dam_1,Maharashtra SW,27,Maharashtra,496,Solapur,-,-,-,-,-,-,-,-,-,18.07402000,75.12002000,07-09-2024 04:00,1872.38,1872.38,1872.38,1872.38,1872.38,1872.38,1872.38,1872.38,1872.38,1872.38,1872.38,1872.38,1872.38,1872.38,1872.38,1904.52,0,0,0,0,0,0,0,0,0,0,0,0,0,0,0,0,0,0,0,0,0,0,0,0,0,0,0,0,"","","","","",""
2708,Ujjani Dam_1,Maharashtra SW,27,Maharashtra,496,Solapur,-,-,-,-,-,-,-,-,-,18.07402000,75.12002000,07-09-2024 05:00,1875.56,1875.56,1875.56,1875.56,1875.56,1875.56,1875.56,1875.56,1875.56,1875.56,1875.56,1875.56,1875.56,1875.56,1875.56,1907.7,0,0,0,0,0,0,0,0,0,0,0,0,0,0,0,0,0,0,0,0,0,0,0,0,0,0,0,0,"","","","","",""
2709,Ujjani Dam_1,Maharashtra SW,27,Maharashtra,496,Solapur,-,-,-,-,-,-,-,-,-,18.07402000,75.12002000,07-09-2024 06:00,1875.56,1875.56,1875.56,1875.56,1875.56,1875.56,1875.56,1875.56,1875.56,1875.56,1875.56,1875.56,1875.56,1875.56,1875.56,1907.7,0,0,0,0,0,0,0,0,0,0,0,0,0,0,0,0,0,0,0,0,0,0,0,0,0,0,0,0,"","","","","",""
2710,Ujjani Dam_1,Maharashtra SW,27,Maharashtra,496,Solapur,-,-,-,-,-,-,-,-,-,18.07402000,75.12002000,07-09-2024 08:00,1875.56,1875.56,1875.56,1875.56,1875.56,1875.56,1875.56,1875.56,1875.56,1875.56,1875.56,1875.56,1875.56,1875.56,1875.56,1907.7,0,0,0,0,0,0,0,0,0,0,0,0,0,0,0,0,0,0,0,0,0,0,0,0,0,0,0,0,"","","","","",""
2711,Ujjani Dam_1,Maharashtra SW,27,Maharashtra,496,Solapur,-,-,-,-,-,-,-,-,-,18.07402000,75.12002000,07-09-2024 09:00,1877.33,1877.33,1877.33,1877.33,1877.33,1877.33,1877.33,1877.33,1877.33,1877.33,1877.33,1877.33,1877.33,1877.33,1877.33,1909.46,0,0,0,0,0,0,0,0,0,0,0,0,0,0,0,0,0,0,0,0,0,0,0,0,0,0,0,0,"","","","","",""
2712,Ujjani Dam_1,Maharashtra SW,27,Maharashtra,496,Solapur,-,-,-,-,-,-,-,-,-,18.07402000,75.12002000,07-09-2024 10:00,1878.74,1878.74,1878.74,1878.74,1878.74,1878.74,1878.74,1878.74,1878.74,1878.74,1878.74,1878.74,1878.74,1878.74,1878.74,1910.88,0,0,0,0,0,0,0,0,0,0,0,0,0,0,0,0,0,0,0,0,0,0,0,0,0,0,0,0,"","","","","",""
2713,Ujjani Dam_1,Maharashtra SW,27,Maharashtra,496,Solapur,-,-,-,-,-,-,-,-,-,18.07402000,75.12002000,07-09-2024 11:00,1880.51,1880.51,1880.51,1880.51,1880.51,1880.51,1880.51,1880.51,1880.51,1880.51,1880.51,1880.51,1880.51,1880.51,1880.51,1912.64,0,0,0,0,0,0,0,0,0,0,0,0,0,0,0,0,0,0,0,0,0,0,0,0,0,0,0,0,"","","","","",""
2714,Ujjani Dam_1,Maharashtra SW,27,Maharashtra,496,Solapur,-,-,-,-,-,-,-,-,-,18.07402000,75.12002000,07-09-2024 12:00,1880.51,1880.51,1880.51,1880.51,1880.51,1880.51,1880.51,1880.51,1880.51,1880.51,1880.51,1880.51,1880.51,1880.51,1880.51,1912.64,0,0,0,0,0,0,0,0,0,0,0,0,0,0,0,0,0,0,0,0,0,0,0,0,0,0,0,0,"","","","","",""
2715,Ujjani Dam_1,Maharashtra SW,27,Maharashtra,496,Solapur,-,-,-,-,-,-,-,-,-,18.07402000,75.12002000,07-09-2024 13:00,1880.51,1880.51,1880.51,1880.51,1880.51,1880.51,1880.51,1880.51,1880.51,1880.51,1880.51,1880.51,1880.51,1880.51,1880.51,1912.64,0,0,0,0,0,0,0,0,0,0,0,0,0,0,0,0,0,0,0,0,0,0,0,0,0,0,0,0,"","","","","",""
2716,Ujjani Dam_1,Maharashtra SW,27,Maharashtra,496,Solapur,-,-,-,-,-,-,-,-,-,18.07402000,75.12002000,07-09-2024 14:00,1880.51,1880.51,1880.51,1880.51,1880.51,1880.51,1880.51,1880.51,1880.51,1880.51,1880.51,1880.51,1880.51,1880.51,1880.51,1912.64,0,0,0,0,0,0,0,0,0,0,0,0,0,0,0,0,0,0,0,0,0,0,0,0,0,0,0,0,"","","","","",""
2717,Ujjani Dam_1,Maharashtra SW,27,Maharashtra,496,Solapur,-,-,-,-,-,-,-,-,-,18.07402000,75.12002000,07-09-2024 16:00,1881.92,1881.92,1881.92,1881.92,1881.92,1881.92,1881.92,1881.92,1881.92,1881.92,1881.92,1881.92,1881.92,1881.92,1881.92,1914.06,0,0,0,0,0,0,0,0,0,0,0,0,0,0,0,0,0,0,0,0,0,0,0,0,0,0,0,0,"","","","","",""
2718,Ujjani Dam_1,Maharashtra SW,27,Maharashtra,496,Solapur,-,-,-,-,-,-,-,-,-,18.07402000,75.12002000,07-09-2024 17:00,1881.92,1881.92,1881.92,1881.92,1881.92,1881.92,1881.92,1881.92,1881.92,1881.92,1881.92,1881.92,1881.92,1881.92,1881.92,1914.06,0,0,0,0,0,0,0,0,0,0,0,0,0,0,0,0,0,0,0,0,0,0,0,0,0,0,0,0,"","","","","",""
2719,Ujjani Dam_1,Maharashtra SW,27,Maharashtra,496,Solapur,-,-,-,-,-,-,-,-,-,18.07402000,75.12002000,07-09-2024 18:00,1881.92,1881.92,1881.92,1881.92,1881.92,1881.92,1881.92,1881.92,1881.92,1881.92,1881.92,1881.92,1881.92,1881.92,1881.92,1914.06,0,0,0,0,0,0,0,0,0,0,0,0,0,0,0,0,0,0,0,0,0,0,0,0,0,0,0,0,"","","","","",""
2720,Ujjani Dam_1,Maharashtra SW,27,Maharashtra,496,Solapur,-,-,-,-,-,-,-,-,-,18.07402000,75.12002000,07-09-2024 19:00,1881.92,1881.92,1881.92,1881.92,1881.92,1881.92,1881.92,1881.92,1881.92,1881.92,1881.92,1881.92,1881.92,1881.92,1881.92,1914.06,0,0,0,0,0,0,0,0,0,0,0,0,0,0,0,0,0,0,0,0,0,0,0,0,0,0,0,0,"","","","","",""
2721,Ujjani Dam_1,Maharashtra SW,27,Maharashtra,496,Solapur,-,-,-,-,-,-,-,-,-,18.07402000,75.12002000,07-09-2024 20:00,1880.51,1880.51,1880.51,1880.51,1880.51,1880.51,1880.51,1880.51,1880.51,1880.51,1880.51,1880.51,1880.51,1880.51,1880.51,1912.64,0,0,0,0,0,0,0,0,0,0,0,0,0,0,0,0,0,0,0,0,0,0,0,0,0,0,0,0,"","","","","",""
2722,Ujjani Dam_1,Maharashtra SW,27,Maharashtra,496,Solapur,-,-,-,-,-,-,-,-,-,18.07402000,75.12002000,07-09-2024 21:00,1880.51,1880.51,1880.51,1880.51,1880.51,1880.51,1880.51,1880.51,1880.51,1880.51,1880.51,1880.51,1880.51,1880.51,1880.51,1912.64,0,0,0,0,0,0,0,0,0,0,0,0,0,0,0,0,0,0,0,0,0,0,0,0,0,0,0,0,"","","","","",""
2723,Ujjani Dam_1,Maharashtra SW,27,Maharashtra,496,Solapur,-,-,-,-,-,-,-,-,-,18.07402000,75.12002000,07-09-2024 22:00,1878.74,1878.74,1878.74,1878.74,1878.74,1878.74,1878.74,1878.74,1878.74,1878.74,1878.74,1878.74,1878.74,1878.74,1878.74,1910.88,0,0,0,0,0,0,0,0,0,0,0,0,0,0,0,0,0,0,0,0,0,0,0,0,0,0,0,0,"","","","","",""
2724,Ujjani Dam_1,Maharashtra SW,27,Maharashtra,496,Solapur,-,-,-,-,-,-,-,-,-,18.07402000,75.12002000,08-09-2024 00:00,1878.74,1878.74,1878.74,1878.74,1878.74,1878.74,1878.74,1878.74,1878.74,1878.74,1878.74,1878.74,1878.74,1878.74,1878.74,1910.88,0,0,0,0,0,0,0,0,0,0,0,0,0,0,0,0,0,0,0,0,0,0,0,0,0,0,0,0,"","","","","",""
2725,Ujjani Dam_1,Maharashtra SW,27,Maharashtra,496,Solapur,-,-,-,-,-,-,-,-,-,18.07402000,75.12002000,08-09-2024 01:00,1878.74,1878.74,1878.74,1878.74,1878.74,1878.74,1878.74,1878.74,1878.74,1878.74,1878.74,1878.74,1878.74,1878.74,1878.74,1910.88,0,0,0,0,0,0,0,0,0,0,0,0,0,0,0,0,0,0,0,0,0,0,0,0,0,0,0,0,"","","","","",""
2726,Ujjani Dam_1,Maharashtra SW,27,Maharashtra,496,Solapur,-,-,-,-,-,-,-,-,-,18.07402000,75.12002000,08-09-2024 02:00,1878.74,1878.74,1878.74,1878.74,1878.74,1878.74,1878.74,1878.74,1878.74,1878.74,1878.74,1878.74,1878.74,1878.74,1878.74,1910.88,0,0,0,0,0,0,0,0,0,0,0,0,0,0,0,0,0,0,0,0,0,0,0,0,0,0,0,0,"","","","","",""
2727,Ujjani Dam_1,Maharashtra SW,27,Maharashtra,496,Solapur,-,-,-,-,-,-,-,-,-,18.07402000,75.12002000,08-09-2024 03:00,1878.74,1878.74,1878.74,1878.74,1878.74,1878.74,1878.74,1878.74,1878.74,1878.74,1878.74,1878.74,1878.74,1878.74,1878.74,1910.88,0,0,0,0,0,0,0,0,0,0,0,0,0,0,0,0,0,0,0,0,0,0,0,0,0,0,0,0,"","","","","",""
2728,Ujjani Dam_1,Maharashtra SW,27,Maharashtra,496,Solapur,-,-,-,-,-,-,-,-,-,18.07402000,75.12002000,08-09-2024 04:00,1878.74,1878.74,1878.74,1878.74,1878.74,1878.74,1878.74,1878.74,1878.74,1878.74,1878.74,1878.74,1878.74,1878.74,1878.74,1910.88,0,0,0,0,0,0,0,0,0,0,0,0,0,0,0,0,0,0,0,0,0,0,0,0,0,0,0,0,"","","","","",""
2729,Ujjani Dam_1,Maharashtra SW,27,Maharashtra,496,Solapur,-,-,-,-,-,-,-,-,-,18.07402000,75.12002000,08-09-2024 05:00,1878.74,1878.74,1878.74,1878.74,1878.74,1878.74,1878.74,1878.74,1878.74,1878.74,1878.74,1878.74,1878.74,1878.74,1878.74,1910.88,0,0,0,0,0,0,0,0,0,0,0,0,0,0,0,0,0,0,0,0,0,0,0,0,0,0,0,0,"","","","","",""
2730,Ujjani Dam_1,Maharashtra SW,27,Maharashtra,496,Solapur,-,-,-,-,-,-,-,-,-,18.07402000,75.12002000,08-09-2024 06:00,1878.74,1878.74,1878.74,1878.74,1878.74,1878.74,1878.74,1878.74,1878.74,1878.74,1878.74,1878.74,1878.74,1878.74,1878.74,1910.88,0,0,0,0,0,0,0,0,0,0,0,0,0,0,0,0,0,0,0,0,0,0,0,0,0,0,0,0,"","","","","",""
2731,Ujjani Dam_1,Maharashtra SW,27,Maharashtra,496,Solapur,-,-,-,-,-,-,-,-,-,18.07402000,75.12002000,08-09-2024 08:00,1878.74,1878.74,1878.74,1878.74,1878.74,1878.74,1878.74,1878.74,1878.74,1878.74,1878.74,1878.74,1878.74,1878.74,1878.74,1910.88,0,0,0,0,0,0,0,0,0,0,0,0,0,0,0,0,0,0,0,0,0,0,0,0,0,0,0,0,"","","","","",""
2732,Ujjani Dam_1,Maharashtra SW,27,Maharashtra,496,Solapur,-,-,-,-,-,-,-,-,-,18.07402000,75.12002000,08-09-2024 09:00,1878.74,1878.74,1878.74,1878.74,1878.74,1878.74,1878.74,1878.74,1878.74,1878.74,1878.74,1878.74,1878.74,1878.74,1878.74,1910.88,0,0,0,0,0,0,0,0,0,0,0,0,0,0,0,0,0,0,0,0,0,0,0,0,0,0,0,0,"","","","","",""
2733,Ujjani Dam_1,Maharashtra SW,27,Maharashtra,496,Solapur,-,-,-,-,-,-,-,-,-,18.07402000,75.12002000,08-09-2024 10:00,1880.51,1880.51,1880.51,1880.51,1880.51,1880.51,1880.51,1880.51,1880.51,1880.51,1880.51,1880.51,1880.51,1880.51,1880.51,1912.64,0,0,0,0,0,0,0,0,0,0,0,0,0,0,0,0,0,0,0,0,0,0,0,0,0,0,0,0,"","","","","",""
2734,Ujjani Dam_1,Maharashtra SW,27,Maharashtra,496,Solapur,-,-,-,-,-,-,-,-,-,18.07402000,75.12002000,08-09-2024 11:00,1881.92,1881.92,1881.92,1881.92,1881.92,1881.92,1881.92,1881.92,1881.92,1881.92,1881.92,1881.92,1881.92,1881.92,1881.92,1914.06,0,0,0,0,0,0,0,0,0,0,0,0,0,0,0,0,0,0,0,0,0,0,0,0,0,0,0,0,"","","","","",""
2735,Ujjani Dam_1,Maharashtra SW,27,Maharashtra,496,Solapur,-,-,-,-,-,-,-,-,-,18.07402000,75.12002000,08-09-2024 12:00,1881.92,1881.92,1881.92,1881.92,1881.92,1881.92,1881.92,1881.92,1881.92,1881.92,1881.92,1881.92,1881.92,1881.92,1881.92,1914.06,0,0,0,0,0,0,0,0,0,0,0,0,0,0,0,0,0,0,0,0,0,0,0,0,0,0,0,0,"","","","","",""
2736,Ujjani Dam_1,Maharashtra SW,27,Maharashtra,496,Solapur,-,-,-,-,-,-,-,-,-,18.07402000,75.12002000,08-09-2024 13:00,1881.92,1881.92,1881.92,1881.92,1881.92,1881.92,1881.92,1881.92,1881.92,1881.92,1881.92,1881.92,1881.92,1881.92,1881.92,1914.06,0,0,0,0,0,0,0,0,0,0,0,0,0,0,0,0,0,0,0,0,0,0,0,0,0,0,0,0,"","","","","",""
2737,Ujjani Dam_1,Maharashtra SW,27,Maharashtra,496,Solapur,-,-,-,-,-,-,-,-,-,18.07402000,75.12002000,08-09-2024 14:00,1881.92,1881.92,1881.92,1881.92,1881.92,1881.92,1881.92,1881.92,1881.92,1881.92,1881.92,1881.92,1881.92,1881.92,1881.92,1914.06,0,0,0,0,0,0,0,0,0,0,0,0,0,0,0,0,0,0,0,0,0,0,0,0,0,0,0,0,"","","","","",""
2738,Ujjani Dam_1,Maharashtra SW,27,Maharashtra,496,Solapur,-,-,-,-,-,-,-,-,-,18.07402000,75.12002000,08-09-2024 16:00,1878.74,1878.74,1878.74,1878.74,1878.74,1878.74,1878.74,1878.74,1878.74,1878.74,1878.74,1878.74,1878.74,1878.74,1878.74,1910.88,0,0,0,0,0,0,0,0,0,0,0,0,0,0,0,0,0,0,0,0,0,0,0,0,0,0,0,0,"","","","","",""
2739,Ujjani Dam_1,Maharashtra SW,27,Maharashtra,496,Solapur,-,-,-,-,-,-,-,-,-,18.07402000,75.12002000,08-09-2024 17:00,1880.51,1880.51,1880.51,1880.51,1880.51,1880.51,1880.51,1880.51,1880.51,1880.51,1880.51,1880.51,1880.51,1880.51,1880.51,1912.64,0,0,0,0,0,0,0,0,0,0,0,0,0,0,0,0,0,0,0,0,0,0,0,0,0,0,0,0,"","","","","",""
2740,Ujjani Dam_1,Maharashtra SW,27,Maharashtra,496,Solapur,-,-,-,-,-,-,-,-,-,18.07402000,75.12002000,08-09-2024 18:00,1880.51,1880.51,1880.51,1880.51,1880.51,1880.51,1880.51,1880.51,1880.51,1880.51,1880.51,1880.51,1880.51,1880.51,1880.51,1912.64,0,0,0,0,0,0,0,0,0,0,0,0,0,0,0,0,0,0,0,0,0,0,0,0,0,0,0,0,"","","","","",""
2741,Ujjani Dam_1,Maharashtra SW,27,Maharashtra,496,Solapur,-,-,-,-,-,-,-,-,-,18.07402000,75.12002000,08-09-2024 19:00,1881.92,1881.92,1881.92,1881.92,1881.92,1881.92,1881.92,1881.92,1881.92,1881.92,1881.92,1881.92,1881.92,1881.92,1881.92,1914.06,0,0,0,0,0,0,0,0,0,0,0,0,0,0,0,0,0,0,0,0,0,0,0,0,0,0,0,0,"","","","","",""
2742,Ujjani Dam_1,Maharashtra SW,27,Maharashtra,496,Solapur,-,-,-,-,-,-,-,-,-,18.07402000,75.12002000,08-09-2024 20:00,1880.51,1880.51,1880.51,1880.51,1880.51,1880.51,1880.51,1880.51,1880.51,1880.51,1880.51,1880.51,1880.51,1880.51,1880.51,1912.64,0,0,0,0,0,0,0,0,0,0,0,0,0,0,0,0,0,0,0,0,0,0,0,0,0,0,0,0,"","","","","",""
2743,Ujjani Dam_1,Maharashtra SW,27,Maharashtra,496,Solapur,-,-,-,-,-,-,-,-,-,18.07402000,75.12002000,08-09-2024 21:00,1878.74,1878.74,1878.74,1878.74,1878.74,1878.74,1878.74,1878.74,1878.74,1878.74,1878.74,1878.74,1878.74,1878.74,1878.74,1910.88,0,0,0,0,0,0,0,0,0,0,0,0,0,0,0,0,0,0,0,0,0,0,0,0,0,0,0,0,"","","","","",""
2744,Ujjani Dam_1,Maharashtra SW,27,Maharashtra,496,Solapur,-,-,-,-,-,-,-,-,-,18.07402000,75.12002000,08-09-2024 22:00,1875.56,1875.56,1875.56,1875.56,1875.56,1875.56,1875.56,1875.56,1875.56,1875.56,1875.56,1875.56,1875.56,1875.56,1875.56,1907.7,0,0,0,0,0,0,0,0,0,0,0,0,0,0,0,0,0,0,0,0,0,0,0,0,0,0,0,0,"","","","","",""
2745,Ujjani Dam_1,Maharashtra SW,27,Maharashtra,496,Solapur,-,-,-,-,-,-,-,-,-,18.07402000,75.12002000,09-09-2024 00:00,1875.56,1875.56,1875.56,1875.56,1875.56,1875.56,1875.56,1875.56,1875.56,1875.56,1875.56,1875.56,1875.56,1875.56,1875.56,1907.7,0,0,0,0,0,0,0,0,0,0,0,0,0,0,0,0,0,0,0,0,0,0,0,0,0,0,0,0,"","","","","",""
2746,Ujjani Dam_1,Maharashtra SW,27,Maharashtra,496,Solapur,-,-,-,-,-,-,-,-,-,18.07402000,75.12002000,09-09-2024 01:00,1875.56,1875.56,1875.56,1875.56,1875.56,1875.56,1875.56,1875.56,1875.56,1875.56,1875.56,1875.56,1875.56,1875.56,1875.56,1907.7,0,0,0,0,0,0,0,0,0,0,0,0,0,0,0,0,0,0,0,0,0,0,0,0,0,0,0,0,"","","","","",""
2747,Ujjani Dam_1,Maharashtra SW,27,Maharashtra,496,Solapur,-,-,-,-,-,-,-,-,-,18.07402000,75.12002000,09-09-2024 02:00,1875.56,1875.56,1875.56,1875.56,1875.56,1875.56,1875.56,1875.56,1875.56,1875.56,1875.56,1875.56,1875.56,1875.56,1875.56,1907.7,0,0,0,0,0,0,0,0,0,0,0,0,0,0,0,0,0,0,0,0,0,0,0,0,0,0,0,0,"","","","","",""
2748,Ujjani Dam_1,Maharashtra SW,27,Maharashtra,496,Solapur,-,-,-,-,-,-,-,-,-,18.07402000,75.12002000,09-09-2024 03:00,1874.15,1874.15,1874.15,1874.15,1874.15,1874.15,1874.15,1874.15,1874.15,1874.15,1874.15,1874.15,1874.15,1874.15,1874.15,1906.29,0,0,0,0,0,0,0,0,0,0,0,0,0,0,0,0,0,0,0,0,0,0,0,0,0,0,0,0,"","","","","",""
2749,Ujjani Dam_1,Maharashtra SW,27,Maharashtra,496,Solapur,-,-,-,-,-,-,-,-,-,18.07402000,75.12002000,09-09-2024 04:00,1872.38,1872.38,1872.38,1872.38,1872.38,1872.38,1872.38,1872.38,1872.38,1872.38,1872.38,1872.38,1872.38,1872.38,1872.38,1904.52,0,0,0,0,0,0,0,0,0,0,0,0,0,0,0,0,0,0,0,0,0,0,0,0,0,0,0,0,"","","","","",""
2750,Ujjani Dam_1,Maharashtra SW,27,Maharashtra,496,Solapur,-,-,-,-,-,-,-,-,-,18.07402000,75.12002000,09-09-2024 05:00,1872.38,1872.38,1872.38,1872.38,1872.38,1872.38,1872.38,1872.38,1872.38,1872.38,1872.38,1872.38,1872.38,1872.38,1872.38,1904.52,0,0,0,0,0,0,0,0,0,0,0,0,0,0,0,0,0,0,0,0,0,0,0,0,0,0,0,0,"","","","","",""
2751,Ujjani Dam_1,Maharashtra SW,27,Maharashtra,496,Solapur,-,-,-,-,-,-,-,-,-,18.07402000,75.12002000,09-09-2024 06:00,1870.97,1870.97,1870.97,1870.97,1870.97,1870.97,1870.97,1870.97,1870.97,1870.97,1870.97,1870.97,1870.97,1870.97,1870.97,1903.11,0,0,0,0,0,0,0,0,0,0,0,0,0,0,0,0,0,0,0,0,0,0,0,0,0,0,0,0,"","","","","",""
2752,Ujjani Dam_1,Maharashtra SW,27,Maharashtra,496,Solapur,-,-,-,-,-,-,-,-,-,18.07402000,75.12002000,09-09-2024 08:00,1870.97,1870.97,1870.97,1870.97,1870.97,1870.97,1870.97,1870.97,1870.97,1870.97,1870.97,1870.97,1870.97,1870.97,1870.97,1903.11,0,0,0,0,0,0,0,0,0,0,0,0,0,0,0,0,0,0,0,0,0,0,0,0,0,0,0,0,"","","","","",""
2753,Ujjani Dam_1,Maharashtra SW,27,Maharashtra,496,Solapur,-,-,-,-,-,-,-,-,-,18.07402000,75.12002000,09-09-2024 09:00,1870.97,1870.97,1870.97,1870.97,1870.97,1870.97,1870.97,1870.97,1870.97,1870.97,1870.97,1870.97,1870.97,1870.97,1870.97,1903.11,0,0,0,0,0,0,0,0,0,0,0,0,0,0,0,0,0,0,0,0,0,0,0,0,0,0,0,0,"","","","","",""
2754,Ujjani Dam_1,Maharashtra SW,27,Maharashtra,496,Solapur,-,-,-,-,-,-,-,-,-,18.07402000,75.12002000,09-09-2024 10:00,1870.97,1870.97,1870.97,1870.97,1870.97,1870.97,1870.97,1870.97,1870.97,1870.97,1870.97,1870.97,1870.97,1870.97,1870.97,1903.11,0,0,0,0,0,0,0,0,0,0,0,0,0,0,0,0,0,0,0,0,0,0,0,0,0,0,0,0,"","","","","",""
2755,Ujjani Dam_1,Maharashtra SW,27,Maharashtra,496,Solapur,-,-,-,-,-,-,-,-,-,18.07402000,75.12002000,09-09-2024 11:00,1257.56,1257.56,1257.56,1257.56,1257.56,1257.56,1257.56,1257.56,1257.56,1257.56,1257.56,1257.56,1290.4,1257.56,1257.56,1257.56,0,0,0,0,0,0,0,0,0,0,0,0,0,0,0,0,0,0,0,0,0,0,0,0,0,0,0,0,"","","","","",""
2756,Ujjani Dam_1,Maharashtra SW,27,Maharashtra,496,Solapur,-,-,-,-,-,-,-,-,-,18.07402000,75.12002000,09-09-2024 12:00,1257.56,1257.56,1257.56,1257.56,1257.56,1257.56,1257.56,1257.56,1257.56,1257.56,1257.56,1257.56,1290.4,1257.56,1257.56,1257.56,0,0,0,0,0,0,0,0,0,0,0,0,0,0,0,0,0,0,0,0,0,0,0,0,0,0,0,0,"","","","","",""
2757,Ujjani Dam_1,Maharashtra SW,27,Maharashtra,496,Solapur,-,-,-,-,-,-,-,-,-,18.07402000,75.12002000,09-09-2024 13:00,1256.85,1256.85,1256.85,1256.85,1256.85,1256.85,1256.85,1256.85,1256.85,1256.85,1256.85,1256.85,1289.34,1256.85,1256.85,1256.85,0,0,0,0,0,0,0,0,0,0,0,0,0,0,0,0,0,0,0,0,0,0,0,0,0,0,0,0,"","","","","",""
2758,Ujjani Dam_1,Maharashtra SW,27,Maharashtra,496,Solapur,-,-,-,-,-,-,-,-,-,18.07402000,75.12002000,09-09-2024 15:00,1255.79,1255.79,1255.79,1255.79,1255.79,1255.79,1255.79,1255.79,1255.79,1255.79,1255.79,1255.79,1288.28,1255.79,1255.79,1255.79,0,0,0,0,0,0,0,0,0,0,0,0,0,0,0,0,0,0,0,0,0,0,0,0,0,0,0,0,"","","","","",""
2759,Ujjani Dam_1,Maharashtra SW,27,Maharashtra,496,Solapur,-,-,-,-,-,-,-,-,-,18.07402000,75.12002000,09-09-2024 16:00,929.13,929.13,929.13,929.13,929.13,929.13,929.13,929.13,929.13,929.13,929.13,929.13,929.13,929.13,929.13,929.13,0,0,0,0,0,0,0,0,0,0,0,0,0,0,0,0,0,0,0,0,0,0,0,0,0,0,0,0,"","","","","",""
2760,Ujjani Dam_1,Maharashtra SW,27,Maharashtra,496,Solapur,-,-,-,-,-,-,-,-,-,18.07402000,75.12002000,09-09-2024 17:00,930.19,930.19,930.19,930.19,930.19,930.19,930.19,930.19,930.19,930.19,930.19,930.19,930.19,930.19,930.19,930.19,0,0,0,0,0,0,0,0,0,0,0,0,0,0,0,0,0,0,0,0,0,0,0,0,0,0,0,0,"","","","","",""
2761,Ujjani Dam_1,Maharashtra SW,27,Maharashtra,496,Solapur,-,-,-,-,-,-,-,-,-,18.07402000,75.12002000,09-09-2024 18:00,930.19,930.19,930.19,930.19,930.19,930.19,930.19,930.19,930.19,930.19,930.19,930.19,930.19,930.19,930.19,930.19,0,0,0,0,0,0,0,0,0,0,0,0,0,0,0,0,0,0,0,0,0,0,0,0,0,0,0,0,"","","","","",""
2762,Ujjani Dam_1,Maharashtra SW,27,Maharashtra,496,Solapur,-,-,-,-,-,-,-,-,-,18.07402000,75.12002000,09-09-2024 19:00,930.89,930.89,930.89,930.89,930.89,930.89,930.89,930.89,930.89,930.89,930.89,930.89,930.89,930.89,930.89,930.89,0,0,0,0,0,0,0,0,0,0,0,0,0,0,0,0,0,0,0,0,0,0,0,0,0,0,0,0,"","","","","",""
2763,Ujjani Dam_1,Maharashtra SW,27,Maharashtra,496,Solapur,-,-,-,-,-,-,-,-,-,18.07402000,75.12002000,09-09-2024 20:00,930.19,930.19,930.19,930.19,930.19,930.19,930.19,930.19,930.19,930.19,930.19,930.19,930.19,930.19,930.19,930.19,0,0,0,0,0,0,0,0,0,0,0,0,0,0,0,0,0,0,0,0,0,0,0,0,0,0,0,0,"","","","","",""
2764,Ujjani Dam_1,Maharashtra SW,27,Maharashtra,496,Solapur,-,-,-,-,-,-,-,-,-,18.07402000,75.12002000,09-09-2024 21:00,930.19,930.19,930.19,930.19,930.19,930.19,930.19,930.19,930.19,930.19,930.19,930.19,930.19,930.19,930.19,930.19,0,0,0,0,0,0,0,0,0,0,0,0,0,0,0,0,0,0,0,0,0,0,0,0,0,0,0,0,"","","","","",""
2765,Ujjani Dam_1,Maharashtra SW,27,Maharashtra,496,Solapur,-,-,-,-,-,-,-,-,-,18.07402000,75.12002000,09-09-2024 23:00,929.13,929.13,929.13,929.13,929.13,929.13,929.13,929.13,929.13,929.13,929.13,929.13,929.13,929.13,929.13,929.13,0,0,0,0,0,0,0,0,0,0,0,0,0,0,0,0,0,0,0,0,0,0,0,0,0,0,0,0,"","","","","",""
2766,Ujjani Dam_1,Maharashtra SW,27,Maharashtra,496,Solapur,-,-,-,-,-,-,-,-,-,18.07402000,75.12002000,10-09-2024 00:00,929.13,929.13,929.13,929.13,929.13,929.13,929.13,929.13,929.13,929.13,929.13,929.13,929.13,929.13,929.13,929.13,0,0,0,0,0,0,0,0,0,0,0,0,0,0,0,0,0,0,0,0,0,0,0,0,0,0,0,0,"","","","","",""
2767,Ujjani Dam_1,Maharashtra SW,27,Maharashtra,496,Solapur,-,-,-,-,-,-,-,-,-,18.07402000,75.12002000,10-09-2024 01:00,929.13,929.13,929.13,929.13,929.13,929.13,929.13,929.13,929.13,929.13,929.13,929.13,929.13,929.13,929.13,929.13,0,0,0,0,0,0,0,0,0,0,0,0,0,0,0,0,0,0,0,0,0,0,0,0,0,0,0,0,"","","","","",""
2768,Ujjani Dam_1,Maharashtra SW,27,Maharashtra,496,Solapur,-,-,-,-,-,-,-,-,-,18.07402000,75.12002000,10-09-2024 02:00,929.13,929.13,929.13,929.13,929.13,929.13,929.13,929.13,929.13,929.13,929.13,929.13,929.13,929.13,929.13,929.13,0,0,0,0,0,0,0,0,0,0,0,0,0,0,0,0,0,0,0,0,0,0,0,0,0,0,0,0,"","","","","",""
2769,Ujjani Dam_1,Maharashtra SW,27,Maharashtra,496,Solapur,-,-,-,-,-,-,-,-,-,18.07402000,75.12002000,10-09-2024 03:00,929.13,929.13,929.13,929.13,929.13,929.13,929.13,929.13,929.13,929.13,929.13,929.13,929.13,929.13,929.13,929.13,0,0,0,0,0,0,0,0,0,0,0,0,0,0,0,0,0,0,0,0,0,0,0,0,0,0,0,0,"","","","","",""
2770,Ujjani Dam_1,Maharashtra SW,27,Maharashtra,496,Solapur,-,-,-,-,-,-,-,-,-,18.07402000,75.12002000,10-09-2024 04:00,929.13,929.13,929.13,929.13,929.13,929.13,929.13,929.13,929.13,929.13,929.13,929.13,929.13,929.13,929.13,929.13,0,0,0,0,0,0,0,0,0,0,0,0,0,0,0,0,0,0,0,0,0,0,0,0,0,0,0,0,"","","","","",""
2771,Ujjani Dam_1,Maharashtra SW,27,Maharashtra,496,Solapur,-,-,-,-,-,-,-,-,-,18.07402000,75.12002000,10-09-2024 05:00,928.42,928.42,928.42,928.42,928.42,928.42,928.42,928.42,928.42,928.42,928.42,928.42,928.42,928.42,928.42,928.42,0,0,0,0,0,0,0,0,0,0,0,0,0,0,0,0,0,0,0,0,0,0,0,0,0,0,0,0,"","","","","",""
2772,Ujjani Dam_1,Maharashtra SW,27,Maharashtra,496,Solapur,-,-,-,-,-,-,-,-,-,18.07402000,75.12002000,10-09-2024 07:00,928.42,928.42,928.42,928.42,928.42,928.42,928.42,928.42,928.42,928.42,928.42,928.42,928.42,928.42,928.42,928.42,0,0,0,0,0,0,0,0,0,0,0,0,0,0,0,0,0,0,0,0,0,0,0,0,0,0,0,0,"","","","","",""
2773,Ujjani Dam_1,Maharashtra SW,27,Maharashtra,496,Solapur,-,-,-,-,-,-,-,-,-,18.07402000,75.12002000,10-09-2024 08:00,928.42,928.42,928.42,928.42,928.42,928.42,928.42,928.42,928.42,928.42,928.42,928.42,928.42,928.42,928.42,928.42,0,0,0,0,0,0,0,0,0,0,0,0,0,0,0,0,0,0,0,0,0,0,0,0,0,0,0,0,"","","","","",""
2774,Ujjani Dam_1,Maharashtra SW,27,Maharashtra,496,Solapur,-,-,-,-,-,-,-,-,-,18.07402000,75.12002000,10-09-2024 09:00,928.42,928.42,928.42,928.42,928.42,928.42,928.42,928.42,928.42,928.42,928.42,928.42,928.42,928.42,928.42,928.42,0,0,0,0,0,0,0,0,0,0,0,0,0,0,0,0,0,0,0,0,0,0,0,0,0,0,0,0,"","","","","",""
2775,Ujjani Dam_1,Maharashtra SW,27,Maharashtra,496,Solapur,-,-,-,-,-,-,-,-,-,18.07402000,75.12002000,10-09-2024 10:00,928.42,928.42,928.42,928.42,928.42,928.42,928.42,928.42,928.42,928.42,928.42,928.42,928.42,928.42,928.42,928.42,0,0,0,0,0,0,0,0,0,0,0,0,0,0,0,0,0,0,0,0,0,0,0,0,0,0,0,0,"","","","","",""
2776,Ujjani Dam_1,Maharashtra SW,27,Maharashtra,496,Solapur,-,-,-,-,-,-,-,-,-,18.07402000,75.12002000,10-09-2024 11:00,929.13,929.13,929.13,929.13,929.13,929.13,929.13,929.13,929.13,929.13,929.13,929.13,929.13,929.13,929.13,929.13,0,0,0,0,0,0,0,0,0,0,0,0,0,0,0,0,0,0,0,0,0,0,0,0,0,0,0,0,"","","","","",""
2777,Ujjani Dam_1,Maharashtra SW,27,Maharashtra,496,Solapur,-,-,-,-,-,-,-,-,-,18.07402000,75.12002000,10-09-2024 12:00,928.42,928.42,928.42,928.42,928.42,928.42,928.42,928.42,928.42,928.42,928.42,928.42,928.42,928.42,928.42,928.42,0,0,0,0,0,0,0,0,0,0,0,0,0,0,0,0,0,0,0,0,0,0,0,0,0,0,0,0,"","","","","",""
2778,Ujjani Dam_1,Maharashtra SW,27,Maharashtra,496,Solapur,-,-,-,-,-,-,-,-,-,18.07402000,75.12002000,10-09-2024 13:00,928.42,665.68,665.68,665.68,665.68,665.68,665.68,928.42,928.42,665.68,665.68,665.68,665.68,665.68,665.68,928.42,0,0,0,0,0,0,0,0,0,0,0,0,0,0,0,0,0,0,0,0,0,0,0,0,0,0,0,0,"","","","","",""
2779,Ujjani Dam_1,Maharashtra SW,27,Maharashtra,496,Solapur,-,-,-,-,-,-,-,-,-,18.07402000,75.12002000,10-09-2024 15:00,666.03,666.03,666.03,666.03,666.03,666.03,666.03,666.03,666.03,666.03,666.03,666.03,666.03,666.03,666.03,666.03,0,0,0,0,0,0,0,0,0,0,0,0,0,0,0,0,0,0,0,0,0,0,0,0,0,0,0,0,"","","","","",""
2780,Ujjani Dam_1,Maharashtra SW,27,Maharashtra,496,Solapur,-,-,-,-,-,-,-,-,-,18.07402000,75.12002000,10-09-2024 16:00,666.03,666.03,666.03,666.03,666.03,666.03,666.03,666.03,666.03,666.03,666.03,666.03,666.03,666.03,666.03,666.03,0,0,0,0,0,0,0,0,0,0,0,0,0,0,0,0,0,0,0,0,0,0,0,0,0,0,0,0,"","","","","",""
2781,Ujjani Dam_1,Maharashtra SW,27,Maharashtra,496,Solapur,-,-,-,-,-,-,-,-,-,18.07402000,75.12002000,10-09-2024 17:00,666.03,666.03,666.03,666.03,666.03,666.03,666.03,666.03,666.03,666.03,666.03,666.03,666.03,666.03,666.03,666.03,0,0,0,0,0,0,0,0,0,0,0,0,0,0,0,0,0,0,0,0,0,0,0,0,0,0,0,0,"","","","","",""
2782,Ujjani Dam_1,Maharashtra SW,27,Maharashtra,496,Solapur,-,-,-,-,-,-,-,-,-,18.07402000,75.12002000,10-09-2024 18:00,666.03,666.03,666.03,666.03,666.03,666.03,666.03,666.03,666.03,666.03,666.03,666.03,666.03,666.03,666.03,666.03,0,0,0,0,0,0,0,0,0,0,0,0,0,0,0,0,0,0,0,0,0,0,0,0,0,0,0,0,"","","","","",""
2783,Ujjani Dam_1,Maharashtra SW,27,Maharashtra,496,Solapur,-,-,-,-,-,-,-,-,-,18.07402000,75.12002000,10-09-2024 19:00,666.03,666.03,666.03,666.03,666.03,666.03,666.03,666.03,666.03,666.03,666.03,666.03,666.03,666.03,666.03,666.03,0,0,0,0,0,0,0,0,0,0,0,0,0,0,0,0,0,0,0,0,0,0,0,0,0,0,0,0,"","","","","",""
2784,Ujjani Dam_1,Maharashtra SW,27,Maharashtra,496,Solapur,-,-,-,-,-,-,-,-,-,18.07402000,75.12002000,10-09-2024 20:00,666.03,666.03,666.03,666.03,666.03,666.03,666.03,666.03,666.03,666.03,666.03,666.03,666.03,666.03,666.03,666.03,0,0,0,0,0,0,0,0,0,0,0,0,0,0,0,0,0,0,0,0,0,0,0,0,0,0,0,0,"","","","","",""
2785,Ujjani Dam_1,Maharashtra SW,27,Maharashtra,496,Solapur,-,-,-,-,-,-,-,-,-,18.07402000,75.12002000,10-09-2024 21:00,665.68,665.68,665.68,665.68,665.68,665.68,665.68,665.68,665.68,665.68,665.68,665.68,665.68,665.68,665.68,665.68,0,0,0,0,0,0,0,0,0,0,0,0,0,0,0,0,0,0,0,0,0,0,0,0,0,0,0,0,"","","","","",""
2786,Ujjani Dam_1,Maharashtra SW,27,Maharashtra,496,Solapur,-,-,-,-,-,-,-,-,-,18.07402000,75.12002000,10-09-2024 23:00,664.98,664.98,664.98,664.98,664.98,664.98,664.98,664.98,664.98,664.98,664.98,664.98,664.98,664.98,664.98,664.98,0,0,0,0,0,0,0,0,0,0,0,0,0,0,0,0,0,0,0,0,0,0,0,0,0,0,0,0,"","","","","",""
2787,Ujjani Dam_1,Maharashtra SW,27,Maharashtra,496,Solapur,-,-,-,-,-,-,-,-,-,18.07402000,75.12002000,11-09-2024 00:00,664.98,664.98,664.98,664.98,664.98,664.98,664.98,664.98,664.98,664.98,664.98,664.98,664.98,664.98,664.98,664.98,0,0,0,0,0,0,0,0,0,0,0,0,0,0,0,0,0,0,0,0,0,0,0,0,0,0,0,0,"","","","","",""
2788,Ujjani Dam_1,Maharashtra SW,27,Maharashtra,496,Solapur,-,-,-,-,-,-,-,-,-,18.07402000,75.12002000,11-09-2024 01:00,664.98,664.98,664.98,664.98,664.98,664.98,664.98,664.98,664.98,664.98,664.98,664.98,664.98,664.98,664.98,664.98,0,0,0,0,0,0,0,0,0,0,0,0,0,0,0,0,0,0,0,0,0,0,0,0,0,0,0,0,"","","","","",""
2789,Ujjani Dam_1,Maharashtra SW,27,Maharashtra,496,Solapur,-,-,-,-,-,-,-,-,-,18.07402000,75.12002000,11-09-2024 02:00,665.68,665.68,665.68,665.68,665.68,665.68,665.68,665.68,665.68,665.68,665.68,665.68,665.68,665.68,665.68,665.68,0,0,0,0,0,0,0,0,0,0,0,0,0,0,0,0,0,0,0,0,0,0,0,0,0,0,0,0,"","","","","",""
2790,Ujjani Dam_1,Maharashtra SW,27,Maharashtra,496,Solapur,-,-,-,-,-,-,-,-,-,18.07402000,75.12002000,11-09-2024 03:00,664.98,664.98,664.98,664.98,664.98,664.98,664.98,664.98,664.98,664.98,664.98,664.98,664.98,664.98,664.98,664.98,0,0,0,0,0,0,0,0,0,0,0,0,0,0,0,0,0,0,0,0,0,0,0,0,0,0,0,0,"","","","","",""
2791,Ujjani Dam_1,Maharashtra SW,27,Maharashtra,496,Solapur,-,-,-,-,-,-,-,-,-,18.07402000,75.12002000,11-09-2024 04:00,664.98,664.98,664.98,664.98,664.98,664.98,664.98,664.98,664.98,664.98,664.98,664.98,664.98,664.98,664.98,664.98,0,0,0,0,0,0,0,0,0,0,0,0,0,0,0,0,0,0,0,0,0,0,0,0,0,0,0,0,"","","","","",""
2792,Ujjani Dam_1,Maharashtra SW,27,Maharashtra,496,Solapur,-,-,-,-,-,-,-,-,-,18.07402000,75.12002000,09-12-2024 16:00,0,0,0,0,0,0,0,0,0,0,0,0,0,0,0,0,0,0,0,0,0,0,0,0,0,0,0,0,0,0,0,0,0,0,0,0,0,0,0,0,0,0,0,0,"","","","","",""
2793,Ujjani Dam_1,Maharashtra SW,27,Maharashtra,496,Solapur,-,-,-,-,-,-,-,-,-,18.07402000,75.12002000,09-12-2024 17:00,0,0,0,0,0,0,0,0,0,0,0,0,0,0,0,0,0,0,0,0,0,0,0,0,0,0,0,0,0,0,0,0,0,0,0,0,0,0,0,0,0,0,0,0,"","","","","",""
2794,Ujjani Dam_1,Maharashtra SW,27,Maharashtra,496,Solapur,-,-,-,-,-,-,-,-,-,18.07402000,75.12002000,09-12-2024 18:00,0,0,0,0,0,0,0,0,0,0,0,0,0,0,0,0,0,0,0,0,0,0,0,0,0,0,0,0,0,0,0,0,0,0,0,0,0,0,0,0,0,0,0,0,"","","","","",""
2795,Ujjani Dam_1,Maharashtra SW,27,Maharashtra,496,Solapur,-,-,-,-,-,-,-,-,-,18.07402000,75.12002000,09-12-2024 19:00,0,0,0,0,0,0,0,0,0,0,0,0,0,0,0,0,0,0,0,0,0,0,0,0,0,0,0,0,0,0,0,0,0,0,0,0,0,0,0,0,0,0,0,0,"","","","","",""
2796,Ujjani Dam_1,Maharashtra SW,27,Maharashtra,496,Solapur,-,-,-,-,-,-,-,-,-,18.07402000,75.12002000,09-12-2024 20:00,0,0,0,0,0,0,0,0,0,0,0,0,0,0,0,0,0,0,0,0,0,0,0,0,0,0,0,0,0,0,0,0,0,0,0,0,0,0,0,0,0,0,0,0,"","","","","",""
2797,Ujjani Dam_1,Maharashtra SW,27,Maharashtra,496,Solapur,-,-,-,-,-,-,-,-,-,18.07402000,75.12002000,09-12-2024 21:00,0,0,0,0,0,0,0,0,0,0,0,0,0,0,0,0,0,0,0,0,0,0,0,0,0,0,0,0,0,0,0,0,0,0,0,0,0,0,0,0,0,0,0,0,"","","","","",""
2798,Ujjani Dam_1,Maharashtra SW,27,Maharashtra,496,Solapur,-,-,-,-,-,-,-,-,-,18.07402000,75.12002000,09-12-2024 22:00,0,0,0,0,0,0,0,0,0,0,0,0,0,0,0,0,0,0,0,0,0,0,0,0,0,0,0,0,0,0,0,0,0,0,0,0,0,0,0,0,0,0,0,0,"","","","","",""
2799,Ujjani Dam_1,Maharashtra SW,27,Maharashtra,496,Solapur,-,-,-,-,-,-,-,-,-,18.07402000,75.12002000,09-12-2024 23:00,0,0,0,0,0,0,0,0,0,0,0,0,0,0,0,0,0,0,0,0,0,0,0,0,0,0,0,0,0,0,0,0,0,0,0,0,0,0,0,0,0,0,0,0,"","","","","",""
2800,Ujjani Dam_1,Maharashtra SW,27,Maharashtra,496,Solapur,-,-,-,-,-,-,-,-,-,18.07402000,75.12002000,10-12-2024 01:00,0,0,0,0,0,0,0,0,0,0,0,0,0,0,0,0,0,0,0,0,0,0,0,0,0,0,0,0,0,0,0,0,0,0,0,0,0,0,0,0,0,0,0,0,"","","","","",""
2801,Ujjani Dam_1,Maharashtra SW,27,Maharashtra,496,Solapur,-,-,-,-,-,-,-,-,-,18.07402000,75.12002000,10-12-2024 02:00,0,0,0,0,0,0,0,0,0,0,0,0,0,0,0,0,0,0,0,0,0,0,0,0,0,0,0,0,0,0,0,0,0,0,0,0,0,0,0,0,0,0,0,0,"","","","","",""
2802,Ujjani Dam_1,Maharashtra SW,27,Maharashtra,496,Solapur,-,-,-,-,-,-,-,-,-,18.07402000,75.12002000,10-12-2024 03:00,0,0,0,0,0,0,0,0,0,0,0,0,0,0,0,0,0,0,0,0,0,0,0,0,0,0,0,0,0,0,0,0,0,0,0,0,0,0,0,0,0,0,0,0,"","","","","",""
2803,Ujjani Dam_1,Maharashtra SW,27,Maharashtra,496,Solapur,-,-,-,-,-,-,-,-,-,18.07402000,75.12002000,10-12-2024 04:00,0,0,0,0,0,0,0,0,0,0,0,0,0,0,0,0,0,0,0,0,0,0,0,0,0,0,0,0,0,0,0,0,0,0,0,0,0,0,0,0,0,0,0,0,"","","","","",""
2804,Ujjani Dam_1,Maharashtra SW,27,Maharashtra,496,Solapur,-,-,-,-,-,-,-,-,-,18.07402000,75.12002000,10-12-2024 05:00,0,0,0,0,0,0,0,0,0,0,0,0,0,0,0,0,0,0,0,0,0,0,0,0,0,0,0,0,0,0,0,0,0,0,0,0,0,0,0,0,0,0,0,0,"","","","","",""
2805,Ujjani Dam_1,Maharashtra SW,27,Maharashtra,496,Solapur,-,-,-,-,-,-,-,-,-,18.07402000,75.12002000,10-12-2024 06:00,0,0,0,0,0,0,0,0,0,0,0,0,0,0,0,0,0,0,0,0,0,0,0,0,0,0,0,0,0,0,0,0,0,0,0,0,0,0,0,0,0,0,0,0,"","","","","",""
2806,Ujjani Dam_1,Maharashtra SW,27,Maharashtra,496,Solapur,-,-,-,-,-,-,-,-,-,18.07402000,75.12002000,10-12-2024 07:00,0,0,0,0,0,0,0,0,0,0,0,0,0,0,0,0,0,0,0,0,0,0,0,0,0,0,0,0,0,0,0,0,0,0,0,0,0,0,0,0,0,0,0,0,"","","","","",""
2807,Ujjani Dam_1,Maharashtra SW,27,Maharashtra,496,Solapur,-,-,-,-,-,-,-,-,-,18.07402000,75.12002000,10-12-2024 08:00,0,0,0,0,0,0,0,0,0,0,0,0,0,0,0,0,0,0,0,0,0,0,0,0,0,0,0,0,0,0,0,0,0,0,0,0,0,0,0,0,0,0,0,0,"","","","","",""
2808,Ujjani Dam_1,Maharashtra SW,27,Maharashtra,496,Solapur,-,-,-,-,-,-,-,-,-,18.07402000,75.12002000,10-12-2024 09:00,0,0,0,0,0,0,0,0,0,0,0,0,0,0,0,0,0,0,0,0,0,0,0,0,0,0,0,0,0,0,0,0,0,0,0,0,0,0,0,0,0,0,0,0,"","","","","",""
2809,Ujjani Dam_1,Maharashtra SW,27,Maharashtra,496,Solapur,-,-,-,-,-,-,-,-,-,18.07402000,75.12002000,10-12-2024 11:00,0,0,0,0,0,0,0,0,0,0,0,0,0,0,0,0,0,0,0,0,0,0,0,0,0,0,0,0,0,0,0,0,0,0,0,0,0,0,0,0,0,0,0,0,"","","","","",""
2810,Ujjani Dam_1,Maharashtra SW,27,Maharashtra,496,Solapur,-,-,-,-,-,-,-,-,-,18.07402000,75.12002000,10-12-2024 12:00,0,0,0,0,0,0,0,0,0,0,0,0,0,0,0,0,0,0,0,0,0,0,0,0,0,0,0,0,0,0,0,0,0,0,0,0,0,0,0,0,0,0,0,0,"","","","","",""
2811,Ujjani Dam_1,Maharashtra SW,27,Maharashtra,496,Solapur,-,-,-,-,-,-,-,-,-,18.07402000,75.12002000,10-12-2024 13:00,0,0,0,0,0,0,0,0,0,0,0,0,0,0,0,0,0,0,0,0,0,0,0,0,0,0,0,0,0,0,0,0,0,0,0,0,0,0,0,0,0,0,0,0,"","","","","",""
2812,Ujjani Dam_1,Maharashtra SW,27,Maharashtra,496,Solapur,-,-,-,-,-,-,-,-,-,18.07402000,75.12002000,10-12-2024 14:00,0,0,0,0,0,0,0,0,0,0,0,0,0,0,0,0,0,0,0,0,0,0,0,0,0,0,0,0,0,0,0,0,0,0,0,0,0,0,0,0,0,0,0,0,"","","","","",""
2813,Ujjani Dam_1,Maharashtra SW,27,Maharashtra,496,Solapur,-,-,-,-,-,-,-,-,-,18.07402000,75.12002000,10-12-2024 16:00,0,0,0,0,0,0,0,0,0,0,0,0,0,0,0,0,0,0,0,0,0,0,0,0,0,0,0,0,0,0,0,0,0,0,0,0,0,0,0,0,0,0,0,0,"","","","","",""
2814,Ujjani Dam_1,Maharashtra SW,27,Maharashtra,496,Solapur,-,-,-,-,-,-,-,-,-,18.07402000,75.12002000,10-12-2024 17:00,0,0,0,0,0,0,0,0,0,0,0,0,0,0,0,0,0,0,0,0,0,0,0,0,0,0,0,0,0,0,0,0,0,0,0,0,0,0,0,0,0,0,0,0,"","","","","",""
2815,Ujjani Dam_1,Maharashtra SW,27,Maharashtra,496,Solapur,-,-,-,-,-,-,-,-,-,18.07402000,75.12002000,10-12-2024 18:00,0,0,0,0,0,0,0,0,0,0,0,0,0,0,0,0,0,0,0,0,0,0,0,0,0,0,0,0,0,0,0,0,0,0,0,0,0,0,0,0,0,0,0,0,"","","","","",""
2816,Ujjani Dam_1,Maharashtra SW,27,Maharashtra,496,Solapur,-,-,-,-,-,-,-,-,-,18.07402000,75.12002000,10-12-2024 19:00,0,0,0,0,0,0,0,0,0,0,0,0,0,0,0,0,0,0,0,0,0,0,0,0,0,0,0,0,0,0,0,0,0,0,0,0,0,0,0,0,0,0,0,0,"","","","","",""
2817,Ujjani Dam_1,Maharashtra SW,27,Maharashtra,496,Solapur,-,-,-,-,-,-,-,-,-,18.07402000,75.12002000,10-12-2024 20:00,0,0,0,0,0,0,0,0,0,0,0,0,0,0,0,0,0,0,0,0,0,0,0,0,0,0,0,0,0,0,0,0,0,0,0,0,0,0,0,0,0,0,0,0,"","","","","",""
2818,Ujjani Dam_1,Maharashtra SW,27,Maharashtra,496,Solapur,-,-,-,-,-,-,-,-,-,18.07402000,75.12002000,10-12-2024 22:00,0,0,0,0,0,0,0,0,0,0,0,0,0,0,0,0,0,0,0,0,0,0,0,0,0,0,0,0,0,0,0,0,0,0,0,0,0,0,0,0,0,0,0,0,"","","","","",""
2819,Ujjani Dam_1,Maharashtra SW,27,Maharashtra,496,Solapur,-,-,-,-,-,-,-,-,-,18.07402000,75.12002000,10-12-2024 23:00,0,0,0,0,0,0,0,0,0,0,0,0,0,0,0,0,0,0,0,0,0,0,0,0,0,0,0,0,0,0,0,0,0,0,0,0,0,0,0,0,0,0,0,0,"","","","","",""
2820,Ujjani Dam_1,Maharashtra SW,27,Maharashtra,496,Solapur,-,-,-,-,-,-,-,-,-,18.07402000,75.12002000,11-12-2024 00:00,0,0,0,0,0,0,0,0,0,0,0,0,0,0,0,0,0,0,0,0,0,0,0,0,0,0,0,0,0,0,0,0,0,0,0,0,0,0,0,0,0,0,0,0,"","","","","",""
2821,Ujjani Dam_1,Maharashtra SW,27,Maharashtra,496,Solapur,-,-,-,-,-,-,-,-,-,18.07402000,75.12002000,11-12-2024 01:00,0,0,0,0,0,0,0,0,0,0,0,0,0,0,0,0,0,0,0,0,0,0,0,0,0,0,0,0,0,0,0,0,0,0,0,0,0,0,0,0,0,0,0,0,"","","","","",""
2822,Ujjani Dam_1,Maharashtra SW,27,Maharashtra,496,Solapur,-,-,-,-,-,-,-,-,-,18.07402000,75.12002000,11-12-2024 02:00,0,0,0,0,0,0,0,0,0,0,0,0,0,0,0,0,0,0,0,0,0,0,0,0,0,0,0,0,0,0,0,0,0,0,0,0,0,0,0,0,0,0,0,0,"","","","","",""
2823,Ujjani Dam_1,Maharashtra SW,27,Maharashtra,496,Solapur,-,-,-,-,-,-,-,-,-,18.07402000,75.12002000,11-12-2024 03:00,0,0,0,0,0,0,0,0,0,0,0,0,0,0,0,0,0,0,0,0,0,0,0,0,0,0,0,0,0,0,0,0,0,0,0,0,0,0,0,0,0,0,0,0,"","","","","",""
2824,Ujjani Dam_1,Maharashtra SW,27,Maharashtra,496,Solapur,-,-,-,-,-,-,-,-,-,18.07402000,75.12002000,12-12-2024 16:00,0,0,0,0,0,0,0,0,0,0,0,0,0,0,0,0,0,0,0,0,0,0,0,0,0,0,0,0,0,0,0,0,0,0,0,0,0,0,0,0,0,0,0,0,"","","","","",""
2825,Ujjani Dam_1,Maharashtra SW,27,Maharashtra,496,Solapur,-,-,-,-,-,-,-,-,-,18.07402000,75.12002000,12-12-2024 17:00,0,0,0,0,0,0,0,0,0,0,0,0,0,0,0,0,0,0,0,0,0,0,0,0,0,0,0,0,0,0,0,0,0,0,0,0,0,0,0,0,0,0,0,0,"","","","","",""
2826,Ujjani Dam_1,Maharashtra SW,27,Maharashtra,496,Solapur,-,-,-,-,-,-,-,-,-,18.07402000,75.12002000,12-12-2024 19:00,0,0,0,0,0,0,0,0,0,0,0,0,0,0,0,0,0,0,0,0,0,0,0,0,0,0,0,0,0,0,0,0,0,0,0,0,0,0,0,0,0,0,0,0,"","","","","",""
2827,Ujjani Dam_1,Maharashtra SW,27,Maharashtra,496,Solapur,-,-,-,-,-,-,-,-,-,18.07402000,75.12002000,12-12-2024 20:00,0,0,0,0,0,0,0,0,0,0,0,0,0,0,0,0,0,0,0,0,0,0,0,0,0,0,0,0,0,0,0,0,0,0,0,0,0,0,0,0,0,0,0,0,"","","","","",""
2828,Ujjani Dam_1,Maharashtra SW,27,Maharashtra,496,Solapur,-,-,-,-,-,-,-,-,-,18.07402000,75.12002000,12-12-2024 21:00,0,0,0,0,0,0,0,0,0,0,0,0,0,0,0,0,0,0,0,0,0,0,0,0,0,0,0,0,0,0,0,0,0,0,0,0,0,0,0,0,0,0,0,0,"","","","","",""
2829,Ujjani Dam_1,Maharashtra SW,27,Maharashtra,496,Solapur,-,-,-,-,-,-,-,-,-,18.07402000,75.12002000,12-12-2024 22:00,0,0,0,0,0,0,0,0,0,0,0,0,0,0,0,0,0,0,0,0,0,0,0,0,0,0,0,0,0,0,0,0,0,0,0,0,0,0,0,0,0,0,0,0,"","","","","",""
2830,Ujjani Dam_1,Maharashtra SW,27,Maharashtra,496,Solapur,-,-,-,-,-,-,-,-,-,18.07402000,75.12002000,12-12-2024 23:00,0,0,0,0,0,0,0,0,0,0,0,0,0,0,0,0,0,0,0,0,0,0,0,0,0,0,0,0,0,0,0,0,0,0,0,0,0,0,0,0,0,0,0,0,"","","","","",""
2831,Ujjani Dam_1,Maharashtra SW,27,Maharashtra,496,Solapur,-,-,-,-,-,-,-,-,-,18.07402000,75.12002000,13-12-2024 00:00,0,0,0,0,0,0,0,0,0,0,0,0,0,0,0,0,0,0,0,0,0,0,0,0,0,0,0,0,0,0,0,0,0,0,0,0,0,0,0,0,0,0,0,0,"","","","","",""
2832,Ujjani Dam_1,Maharashtra SW,27,Maharashtra,496,Solapur,-,-,-,-,-,-,-,-,-,18.07402000,75.12002000,13-12-2024 01:00,0,0,0,0,0,0,0,0,0,0,0,0,0,0,0,0,0,0,0,0,0,0,0,0,0,0,0,0,0,0,0,0,0,0,0,0,0,0,0,0,0,0,0,0,"","","","","",""
2833,Ujjani Dam_1,Maharashtra SW,27,Maharashtra,496,Solapur,-,-,-,-,-,-,-,-,-,18.07402000,75.12002000,13-12-2024 02:00,0,0,0,0,0,0,0,0,0,0,0,0,0,0,0,0,0,0,0,0,0,0,0,0,0,0,0,0,0,0,0,0,0,0,0,0,0,0,0,0,0,0,0,0,"","","","","",""
2834,Ujjani Dam_1,Maharashtra SW,27,Maharashtra,496,Solapur,-,-,-,-,-,-,-,-,-,18.07402000,75.12002000,13-12-2024 03:00,0,0,0,0,0,0,0,0,0,0,0,0,0,0,0,0,0,0,0,0,0,0,0,0,0,0,0,0,0,0,0,0,0,0,0,0,0,0,0,0,0,0,0,0,"","","","","",""
2835,Ujjani Dam_1,Maharashtra SW,27,Maharashtra,496,Solapur,-,-,-,-,-,-,-,-,-,18.07402000,75.12002000,13-12-2024 04:00,0,0,0,0,0,0,0,0,0,0,0,0,0,0,0,0,0,0,0,0,0,0,0,0,0,0,0,0,0,0,0,0,0,0,0,0,0,0,0,0,0,0,0,0,"","","","","",""
2836,Ujjani Dam_1,Maharashtra SW,27,Maharashtra,496,Solapur,-,-,-,-,-,-,-,-,-,18.07402000,75.12002000,13-12-2024 05:00,0,0,0,0,0,0,0,0,0,0,0,0,0,0,0,0,0,0,0,0,0,0,0,0,0,0,0,0,0,0,0,0,0,0,0,0,0,0,0,0,0,0,0,0,"","","","","",""
2837,Ujjani Dam_1,Maharashtra SW,27,Maharashtra,496,Solapur,-,-,-,-,-,-,-,-,-,18.07402000,75.12002000,13-12-2024 06:00,0,0,0,0,0,0,0,0,0,0,0,0,0,0,0,0,0,0,0,0,0,0,0,0,0,0,0,0,0,0,0,0,0,0,0,0,0,0,0,0,0,0,0,0,"","","","","",""
2838,Ujjani Dam_1,Maharashtra SW,27,Maharashtra,496,Solapur,-,-,-,-,-,-,-,-,-,18.07402000,75.12002000,13-12-2024 08:00,0,0,0,0,0,0,0,0,0,0,0,0,0,0,0,0,0,0,0,0,0,0,0,0,0,0,0,0,0,0,0,0,0,0,0,0,0,0,0,0,0,0,0,0,"","","","","",""
2839,Ujjani Dam_1,Maharashtra SW,27,Maharashtra,496,Solapur,-,-,-,-,-,-,-,-,-,18.07402000,75.12002000,13-12-2024 09:00,0,0,0,0,0,0,0,0,0,0,0,0,0,0,0,0,0,0,0,0,0,0,0,0,0,0,0,0,0,0,0,0,0,0,0,0,0,0,0,0,0,0,0,0,"","","","","",""
2840,Ujjani Dam_1,Maharashtra SW,27,Maharashtra,496,Solapur,-,-,-,-,-,-,-,-,-,18.07402000,75.12002000,13-12-2024 10:00,0,0,0,0,0,0,0,0,0,0,0,0,0,0,0,0,0,0,0,0,0,0,0,0,0,0,0,0,0,0,0,0,0,0,0,0,0,0,0,0,0,0,0,0,"","","","","",""
2841,Ujjani Dam_1,Maharashtra SW,27,Maharashtra,496,Solapur,-,-,-,-,-,-,-,-,-,18.07402000,75.12002000,13-12-2024 11:00,0,0,0,0,0,0,0,0,0,0,0,0,0,0,0,0,0,0,0,0,0,0,0,0,0,0,0,0,0,0,0,0,0,0,0,0,0,0,0,0,0,0,0,0,"","","","","",""
2842,Ujjani Dam_1,Maharashtra SW,27,Maharashtra,496,Solapur,-,-,-,-,-,-,-,-,-,18.07402000,75.12002000,13-12-2024 12:00,0,0,0,0,0,0,0,0,0,0,0,0,0,0,0,0,0,0,0,0,0,0,0,0,0,0,0,0,0,0,0,0,0,0,0,0,0,0,0,0,0,0,0,0,"","","","","",""
2843,Ujjani Dam_1,Maharashtra SW,27,Maharashtra,496,Solapur,-,-,-,-,-,-,-,-,-,18.07402000,75.12002000,13-12-2024 13:00,0,0,0,0,0,0,0,0,0,0,0,0,0,0,0,0,0,0,0,0,0,0,0,0,0,0,0,0,0,0,0,0,0,0,0,0,0,0,0,0,0,0,0,0,"","","","","",""
2844,Ujjani Dam_1,Maharashtra SW,27,Maharashtra,496,Solapur,-,-,-,-,-,-,-,-,-,18.07402000,75.12002000,13-12-2024 14:00,0,0,0,0,0,0,0,0,0,0,0,0,0,0,0,0,0,0,0,0,0,0,0,0,0,0,0,0,0,0,0,0,0,0,0,0,0,0,0,0,0,0,0,0,"","","","","",""
2845,Ujjani Dam_1,Maharashtra SW,27,Maharashtra,496,Solapur,-,-,-,-,-,-,-,-,-,18.07402000,75.12002000,13-12-2024 15:00,0,0,0,0,0,0,0,0,0,0,0,0,0,0,0,0,0,0,0,0,0,0,0,0,0,0,0,0,0,0,0,0,0,0,0,0,0,0,0,0,0,0,0,0,"","","","","",""
2846,Ujjani Dam_1,Maharashtra SW,27,Maharashtra,496,Solapur,-,-,-,-,-,-,-,-,-,18.07402000,75.12002000,13-12-2024 16:00,0,0,0,0,0,0,0,0,0,0,0,0,0,0,0,0,0,0,0,0,0,0,0,0,0,0,0,0,0,0,0,0,0,0,0,0,0,0,0,0,0,0,0,0,"","","","","",""
2847,Ujjani Dam_1,Maharashtra SW,27,Maharashtra,496,Solapur,-,-,-,-,-,-,-,-,-,18.07402000,75.12002000,13-12-2024 18:00,0,0,0,0,0,0,0,0,0,0,0,0,0,0,0,0,0,0,0,0,0,0,0,0,0,0,0,0,0,0,0,0,0,0,0,0,0,0,0,0,0,0,0,0,"","","","","",""
2848,Ujjani Dam_1,Maharashtra SW,27,Maharashtra,496,Solapur,-,-,-,-,-,-,-,-,-,18.07402000,75.12002000,13-12-2024 19:00,0,0,0,0,0,0,0,0,0,0,0,0,0,0,0,0,0,0,0,0,0,0,0,0,0,0,0,0,0,0,0,0,0,0,0,0,0,0,0,0,0,0,0,0,"","","","","",""
2849,Ujjani Dam_1,Maharashtra SW,27,Maharashtra,496,Solapur,-,-,-,-,-,-,-,-,-,18.07402000,75.12002000,13-12-2024 20:00,0,0,0,0,0,0,0,0,0,0,0,0,0,0,0,0,0,0,0,0,0,0,0,0,0,0,0,0,0,0,0,0,0,0,0,0,0,0,0,0,0,0,0,0,"","","","","",""
2850,Ujjani Dam_1,Maharashtra SW,27,Maharashtra,496,Solapur,-,-,-,-,-,-,-,-,-,18.07402000,75.12002000,13-12-2024 21:00,0,0,0,0,0,0,0,0,0,0,0,0,0,0,0,0,0,0,0,0,0,0,0,0,0,0,0,0,0,0,0,0,0,0,0,0,0,0,0,0,0,0,0,0,"","","","","",""
2851,Ujjani Dam_1,Maharashtra SW,27,Maharashtra,496,Solapur,-,-,-,-,-,-,-,-,-,18.07402000,75.12002000,13-12-2024 22:00,0,0,0,0,0,0,0,0,0,0,0,0,0,0,0,0,0,0,0,0,0,0,0,0,0,0,0,0,0,0,0,0,0,0,0,0,0,0,0,0,0,0,0,0,"","","","","",""
2852,Ujjani Dam_1,Maharashtra SW,27,Maharashtra,496,Solapur,-,-,-,-,-,-,-,-,-,18.07402000,75.12002000,13-12-2024 23:00,0,0,0,0,0,0,0,0,0,0,0,0,0,0,0,0,0,0,0,0,0,0,0,0,0,0,0,0,0,0,0,0,0,0,0,0,0,0,0,0,0,0,0,0,"","","","","",""
2853,Ujjani Dam_1,Maharashtra SW,27,Maharashtra,496,Solapur,-,-,-,-,-,-,-,-,-,18.07402000,75.12002000,14-12-2024 00:00,0,0,0,0,0,0,0,0,0,0,0,0,0,0,0,0,0,0,0,0,0,0,0,0,0,0,0,0,0,0,0,0,0,0,0,0,0,0,0,0,0,0,0,0,"","","","","",""
2854,Ujjani Dam_1,Maharashtra SW,27,Maharashtra,496,Solapur,-,-,-,-,-,-,-,-,-,18.07402000,75.12002000,14-12-2024 01:00,0,0,0,0,0,0,0,0,0,0,0,0,0,0,0,0,0,0,0,0,0,0,0,0,0,0,0,0,0,0,0,0,0,0,0,0,0,0,0,0,0,0,0,0,"","","","","",""
2855,Ujjani Dam_1,Maharashtra SW,27,Maharashtra,496,Solapur,-,-,-,-,-,-,-,-,-,18.07402000,75.12002000,14-12-2024 02:00,0,0,0,0,0,0,0,0,0,0,0,0,0,0,0,0,0,0,0,0,0,0,0,0,0,0,0,0,0,0,0,0,0,0,0,0,0,0,0,0,0,0,0,0,"","","","","",""
2856,Ujjani Dam_1,Maharashtra SW,27,Maharashtra,496,Solapur,-,-,-,-,-,-,-,-,-,18.07402000,75.12002000,14-12-2024 03:00,0,0,0,0,0,0,0,0,0,0,0,0,0,0,0,0,0,0,0,0,0,0,0,0,0,0,0,0,0,0,0,0,0,0,0,0,0,0,0,0,0,0,0,0,"","","","","",""
2857,Ujjani Dam_1,Maharashtra SW,27,Maharashtra,496,Solapur,-,-,-,-,-,-,-,-,-,18.07402000,75.12002000,14-12-2024 04:00,0,0,0,0,0,0,0,0,0,0,0,0,0,0,0,0,0,0,0,0,0,0,0,0,0,0,0,0,0,0,0,0,0,0,0,0,0,0,0,0,0,0,0,0,"","","","","",""
2858,Ujjani Dam_1,Maharashtra SW,27,Maharashtra,496,Solapur,-,-,-,-,-,-,-,-,-,18.07402000,75.12002000,14-12-2024 06:00,0,0,0,0,0,0,0,0,0,0,0,0,0,0,0,0,0,0,0,0,0,0,0,0,0,0,0,0,0,0,0,0,0,0,0,0,0,0,0,0,0,0,0,0,"","","","","",""
2859,Ujjani Dam_1,Maharashtra SW,27,Maharashtra,496,Solapur,-,-,-,-,-,-,-,-,-,18.07402000,75.12002000,14-12-2024 07:00,0,0,0,0,0,0,0,0,0,0,0,0,0,0,0,0,0,0,0,0,0,0,0,0,0,0,0,0,0,0,0,0,0,0,0,0,0,0,0,0,0,0,0,0,"","","","","",""
2860,Ujjani Dam_1,Maharashtra SW,27,Maharashtra,496,Solapur,-,-,-,-,-,-,-,-,-,18.07402000,75.12002000,14-12-2024 08:00,0,0,0,0,0,0,0,0,0,0,0,0,0,0,0,0,0,0,0,0,0,0,0,0,0,0,0,0,0,0,0,0,0,0,0,0,0,0,0,0,0,0,0,0,"","","","","",""
2861,Ujjani Dam_1,Maharashtra SW,27,Maharashtra,496,Solapur,-,-,-,-,-,-,-,-,-,18.07402000,75.12002000,14-12-2024 09:00,0,0,0,0,0,0,0,0,0,0,0,0,0,0,0,0,0,0,0,0,0,0,0,0,0,0,0,0,0,0,0,0,0,0,0,0,0,0,0,0,0,0,0,0,"","","","","",""
2862,Ujjani Dam_1,Maharashtra SW,27,Maharashtra,496,Solapur,-,-,-,-,-,-,-,-,-,18.07402000,75.12002000,14-12-2024 11:00,0,0,0,0,0,0,0,0,0,0,0,0,0,0,0,0,0,0,0,0,0,0,0,0,0,0,0,0,0,0,0,0,0,0,0,0,0,0,0,0,0,0,0,0,"","","","","",""
2863,Ujjani Dam_1,Maharashtra SW,27,Maharashtra,496,Solapur,-,-,-,-,-,-,-,-,-,18.07402000,75.12002000,14-12-2024 12:00,0,0,0,0,0,0,0,0,0,0,0,0,0,0,0,0,0,0,0,0,0,0,0,0,0,0,0,0,0,0,0,0,0,0,0,0,0,0,0,0,0,0,0,0,"","","","","",""
2864,Ujjani Dam_1,Maharashtra SW,27,Maharashtra,496,Solapur,-,-,-,-,-,-,-,-,-,18.07402000,75.12002000,14-12-2024 13:00,0,0,0,0,0,0,0,0,0,0,0,0,0,0,0,0,0,0,0,0,0,0,0,0,0,0,0,0,0,0,0,0,0,0,0,0,0,0,0,0,0,0,0,0,"","","","","",""
2865,Ujjani Dam_1,Maharashtra SW,27,Maharashtra,496,Solapur,-,-,-,-,-,-,-,-,-,18.07402000,75.12002000,14-12-2024 14:00,0,0,0,0,0,0,0,0,0,0,0,0,0,0,0,0,0,0,0,0,0,0,0,0,0,0,0,0,0,0,0,0,0,0,0,0,0,0,0,0,0,0,0,0,"","","","","",""
2866,Ujjani Dam_1,Maharashtra SW,27,Maharashtra,496,Solapur,-,-,-,-,-,-,-,-,-,18.07402000,75.12002000,14-12-2024 15:00,0,0,0,0,0,0,0,0,0,0,0,0,0,0,0,0,0,0,0,0,0,0,0,0,0,0,0,0,0,0,0,0,0,0,0,0,0,0,0,0,0,0,0,0,"","","","","",""
2867,Ujjani Dam_1,Maharashtra SW,27,Maharashtra,496,Solapur,-,-,-,-,-,-,-,-,-,18.07402000,75.12002000,14-12-2024 16:00,0,0,0,0,0,0,0,0,0,0,0,0,0,0,0,0,0,0,0,0,0,0,0,0,0,0,0,0,0,0,0,0,0,0,0,0,0,0,0,0,0,0,0,0,"","","","","",""
2868,Ujjani Dam_1,Maharashtra SW,27,Maharashtra,496,Solapur,-,-,-,-,-,-,-,-,-,18.07402000,75.12002000,14-12-2024 17:00,0,0,0,0,0,0,0,0,0,0,0,0,0,0,0,0,0,0,0,0,0,0,0,0,0,0,0,0,0,0,0,0,0,0,0,0,0,0,0,0,0,0,0,0,"","","","","",""
2869,Ujjani Dam_1,Maharashtra SW,27,Maharashtra,496,Solapur,-,-,-,-,-,-,-,-,-,18.07402000,75.12002000,14-12-2024 18:00,0,0,0,0,0,0,0,0,0,0,0,0,0,0,0,0,0,0,0,0,0,0,0,0,0,0,0,0,0,0,0,0,0,0,0,0,0,0,0,0,0,0,0,0,"","","","","",""
2870,Ujjani Dam_1,Maharashtra SW,27,Maharashtra,496,Solapur,-,-,-,-,-,-,-,-,-,18.07402000,75.12002000,14-12-2024 19:00,0,0,0,0,0,0,0,0,0,0,0,0,0,0,0,0,0,0,0,0,0,0,0,0,0,0,0,0,0,0,0,0,0,0,0,0,0,0,0,0,0,0,0,0,"","","","","",""
2871,Ujjani Dam_1,Maharashtra SW,27,Maharashtra,496,Solapur,-,-,-,-,-,-,-,-,-,18.07402000,75.12002000,14-12-2024 20:00,0,0,0,0,0,0,0,0,0,0,0,0,0,0,0,0,0,0,0,0,0,0,0,0,0,0,0,0,0,0,0,0,0,0,0,0,0,0,0,0,0,0,0,0,"","","","","",""
2872,Ujjani Dam_1,Maharashtra SW,27,Maharashtra,496,Solapur,-,-,-,-,-,-,-,-,-,18.07402000,75.12002000,14-12-2024 22:00,0,0,0,0,0,0,0,0,0,0,0,0,0,0,0,0,0,0,0,0,0,0,0,0,0,0,0,0,0,0,0,0,0,0,0,0,0,0,0,0,0,0,0,0,"","","","","",""
2873,Ujjani Dam_1,Maharashtra SW,27,Maharashtra,496,Solapur,-,-,-,-,-,-,-,-,-,18.07402000,75.12002000,14-12-2024 23:00,0,0,0,0,0,0,0,0,0,0,0,0,0,0,0,0,0,0,0,0,0,0,0,0,0,0,0,0,0,0,0,0,0,0,0,0,0,0,0,0,0,0,0,0,"","","","","",""
2874,Ujjani Dam_1,Maharashtra SW,27,Maharashtra,496,Solapur,-,-,-,-,-,-,-,-,-,18.07402000,75.12002000,15-12-2024 00:00,0,0,0,0,0,0,0,0,0,0,0,0,0,0,0,0,0,0,0,0,0,0,0,0,0,0,0,0,0,0,0,0,0,0,0,0,0,0,0,0,0,0,0,0,"","","","","",""
2875,Ujjani Dam_1,Maharashtra SW,27,Maharashtra,496,Solapur,-,-,-,-,-,-,-,-,-,18.07402000,75.12002000,15-12-2024 01:00,0,0,0,0,0,0,0,0,0,0,0,0,0,0,0,0,0,0,0,0,0,0,0,0,0,0,0,0,0,0,0,0,0,0,0,0,0,0,0,0,0,0,0,0,"","","","","",""
2876,Ujjani Dam_1,Maharashtra SW,27,Maharashtra,496,Solapur,-,-,-,-,-,-,-,-,-,18.07402000,75.12002000,15-12-2024 02:00,0,0,0,0,0,0,0,0,0,0,0,0,0,0,0,0,0,0,0,0,0,0,0,0,0,0,0,0,0,0,0,0,0,0,0,0,0,0,0,0,0,0,0,0,"","","","","",""
2877,Ujjani Dam_1,Maharashtra SW,27,Maharashtra,496,Solapur,-,-,-,-,-,-,-,-,-,18.07402000,75.12002000,15-12-2024 03:00,0,0,0,0,0,0,0,0,0,0,0,0,0,0,0,0,0,0,0,0,0,0,0,0,0,0,0,0,0,0,0,0,0,0,0,0,0,0,0,0,0,0,0,0,"","","","","",""
2878,Ujjani Dam_1,Maharashtra SW,27,Maharashtra,496,Solapur,-,-,-,-,-,-,-,-,-,18.07402000,75.12002000,15-12-2024 04:00,0,0,0,0,0,0,0,0,0,0,0,0,0,0,0,0,0,0,0,0,0,0,0,0,0,0,0,0,0,0,0,0,0,0,0,0,0,0,0,0,0,0,0,0,"","","","","",""
2879,Ujjani Dam_1,Maharashtra SW,27,Maharashtra,496,Solapur,-,-,-,-,-,-,-,-,-,18.07402000,75.12002000,15-12-2024 06:00,0,0,0,0,0,0,0,0,0,0,0,0,0,0,0,0,0,0,0,0,0,0,0,0,0,0,0,0,0,0,0,0,0,0,0,0,0,0,0,0,0,0,0,0,"","","","","",""
2880,Ujjani Dam_1,Maharashtra SW,27,Maharashtra,496,Solapur,-,-,-,-,-,-,-,-,-,18.07402000,75.12002000,15-12-2024 07:00,0,0,0,0,0,0,0,0,0,0,0,0,0,0,0,0,0,0,0,0,0,0,0,0,0,0,0,0,0,0,0,0,0,0,0,0,0,0,0,0,0,0,0,0,"","","","","",""
2881,Ujjani Dam_1,Maharashtra SW,27,Maharashtra,496,Solapur,-,-,-,-,-,-,-,-,-,18.07402000,75.12002000,15-12-2024 08:00,0,0,0,0,0,0,0,0,0,0,0,0,0,0,0,0,0,0,0,0,0,0,0,0,0,0,0,0,0,0,0,0,0,0,0,0,0,0,0,0,0,0,0,0,"","","","","",""
2882,Ujjani Dam_1,Maharashtra SW,27,Maharashtra,496,Solapur,-,-,-,-,-,-,-,-,-,18.07402000,75.12002000,15-12-2024 09:00,0,0,0,0,0,0,0,0,0,0,0,0,0,0,0,0,0,0,0,0,0,0,0,0,0,0,0,0,0,0,0,0,0,0,0,0,0,0,0,0,0,0,0,0,"","","","","",""
2883,Ujjani Dam_1,Maharashtra SW,27,Maharashtra,496,Solapur,-,-,-,-,-,-,-,-,-,18.07402000,75.12002000,15-12-2024 10:00,0,0,0,0,0,0,0,0,0,0,0,0,0,0,0,0,0,0,0,0,0,0,0,0,0,0,0,0,0,0,0,0,0,0,0,0,0,0,0,0,0,0,0,0,"","","","","",""
2884,Ujjani Dam_1,Maharashtra SW,27,Maharashtra,496,Solapur,-,-,-,-,-,-,-,-,-,18.07402000,75.12002000,15-12-2024 11:00,0,0,0,0,0,0,0,0,0,0,0,0,0,0,0,0,0,0,0,0,0,0,0,0,0,0,0,0,0,0,0,0,0,0,0,0,0,0,0,0,0,0,0,0,"","","","","",""
2885,Ujjani Dam_1,Maharashtra SW,27,Maharashtra,496,Solapur,-,-,-,-,-,-,-,-,-,18.07402000,75.12002000,15-12-2024 12:00,0,0,0,0,0,0,0,0,0,0,0,0,0,0,0,0,0,0,0,0,0,0,0,0,0,0,0,0,0,0,0,0,0,0,0,0,0,0,0,0,0,0,0,0,"","","","","",""
2886,Ujjani Dam_1,Maharashtra SW,27,Maharashtra,496,Solapur,-,-,-,-,-,-,-,-,-,18.07402000,75.12002000,15-12-2024 14:00,0,0,0,0,0,0,0,0,0,0,0,0,0,0,0,0,0,0,0,0,0,0,0,0,0,0,0,0,0,0,0,0,0,0,0,0,0,0,0,0,0,0,0,0,"","","","","",""
2887,Ujjani Dam_1,Maharashtra SW,27,Maharashtra,496,Solapur,-,-,-,-,-,-,-,-,-,18.07402000,75.12002000,15-12-2024 15:00,0,0,0,0,0,0,0,0,0,0,0,0,0,0,0,0,0,0,0,0,0,0,0,0,0,0,0,0,0,0,0,0,0,0,0,0,0,0,0,0,0,0,0,0,"","","","","",""
2888,Ujjani Dam_1,Maharashtra SW,27,Maharashtra,496,Solapur,-,-,-,-,-,-,-,-,-,18.07402000,75.12002000,15-12-2024 16:00,0,0,0,0,0,0,0,0,0,0,0,0,0,0,0,0,0,0,0,0,0,0,0,0,0,0,0,0,0,0,0,0,0,0,0,0,0,0,0,0,0,0,0,0,"","","","","",""
2889,Ujjani Dam_1,Maharashtra SW,27,Maharashtra,496,Solapur,-,-,-,-,-,-,-,-,-,18.07402000,75.12002000,15-12-2024 17:00,0,0,0,0,0,0,0,0,0,0,0,0,0,0,0,0,0,0,0,0,0,0,0,0,0,0,0,0,0,0,0,0,0,0,0,0,0,0,0,0,0,0,0,0,"","","","","",""
2890,Ujjani Dam_1,Maharashtra SW,27,Maharashtra,496,Solapur,-,-,-,-,-,-,-,-,-,18.07402000,75.12002000,15-12-2024 18:00,0,0,0,0,0,0,0,0,0,0,0,0,0,0,0,0,0,0,0,0,0,0,0,0,0,0,0,0,0,0,0,0,0,0,0,0,0,0,0,0,0,0,0,0,"","","","","",""
2891,Ujjani Dam_1,Maharashtra SW,27,Maharashtra,496,Solapur,-,-,-,-,-,-,-,-,-,18.07402000,75.12002000,15-12-2024 19:00,0,0,0,0,0,0,0,0,0,0,0,0,0,0,0,0,0,0,0,0,0,0,0,0,0,0,0,0,0,0,0,0,0,0,0,0,0,0,0,0,0,0,0,0,"","","","","",""
2892,Ujjani Dam_1,Maharashtra SW,27,Maharashtra,496,Solapur,-,-,-,-,-,-,-,-,-,18.07402000,75.12002000,15-12-2024 20:00,0,0,0,0,0,0,0,0,0,0,0,0,0,0,0,0,0,0,0,0,0,0,0,0,0,0,0,0,0,0,0,0,0,0,0,0,0,0,0,0,0,0,0,0,"","","","","",""
2893,Ujjani Dam_1,Maharashtra SW,27,Maharashtra,496,Solapur,-,-,-,-,-,-,-,-,-,18.07402000,75.12002000,15-12-2024 22:00,0,0,0,0,0,0,0,0,0,0,0,0,0,0,0,0,0,0,0,0,0,0,0,0,0,0,0,0,0,0,0,0,0,0,0,0,0,0,0,0,0,0,0,0,"","","","","",""
2894,Ujjani Dam_1,Maharashtra SW,27,Maharashtra,496,Solapur,-,-,-,-,-,-,-,-,-,18.07402000,75.12002000,15-12-2024 23:00,0,0,0,0,0,0,0,0,0,0,0,0,0,0,0,0,0,0,0,0,0,0,0,0,0,0,0,0,0,0,0,0,0,0,0,0,0,0,0,0,0,0,0,0,"","","","","",""
2895,Ujjani Dam_1,Maharashtra SW,27,Maharashtra,496,Solapur,-,-,-,-,-,-,-,-,-,18.07402000,75.12002000,16-12-2024 00:00,0,0,0,0,0,0,0,0,0,0,0,0,0,0,0,0,0,0,0,0,0,0,0,0,0,0,0,0,0,0,0,0,0,0,0,0,0,0,0,0,0,0,0,0,"","","","","",""
2896,Ujjani Dam_1,Maharashtra SW,27,Maharashtra,496,Solapur,-,-,-,-,-,-,-,-,-,18.07402000,75.12002000,16-12-2024 01:00,0,0,0,0,0,0,0,0,0,0,0,0,0,0,0,0,0,0,0,0,0,0,0,0,0,0,0,0,0,0,0,0,0,0,0,0,0,0,0,0,0,0,0,0,"","","","","",""
2897,Ujjani Dam_1,Maharashtra SW,27,Maharashtra,496,Solapur,-,-,-,-,-,-,-,-,-,18.07402000,75.12002000,16-12-2024 02:00,0,0,0,0,0,0,0,0,0,0,0,0,0,0,0,0,0,0,0,0,0,0,0,0,0,0,0,0,0,0,0,0,0,0,0,0,0,0,0,0,0,0,0,0,"","","","","",""
2898,Ujjani Dam_1,Maharashtra SW,27,Maharashtra,496,Solapur,-,-,-,-,-,-,-,-,-,18.07402000,75.12002000,16-12-2024 03:00,0,0,0,0,0,0,0,0,0,0,0,0,0,0,0,0,0,0,0,0,0,0,0,0,0,0,0,0,0,0,0,0,0,0,0,0,0,0,0,0,0,0,0,0,"","","","","",""
2899,Ujjani Dam_1,Maharashtra SW,27,Maharashtra,496,Solapur,-,-,-,-,-,-,-,-,-,18.07402000,75.12002000,16-12-2024 05:00,0,0,0,0,0,0,0,0,0,0,0,0,0,0,0,0,0,0,0,0,0,0,0,0,0,0,0,0,0,0,0,0,0,0,0,0,0,0,0,0,0,0,0,0,"","","","","",""
2900,Ujjani Dam_1,Maharashtra SW,27,Maharashtra,496,Solapur,-,-,-,-,-,-,-,-,-,18.07402000,75.12002000,16-12-2024 06:00,0,0,0,0,0,0,0,0,0,0,0,0,0,0,0,0,0,0,0,0,0,0,0,0,0,0,0,0,0,0,0,0,0,0,0,0,0,0,0,0,0,0,0,0,"","","","","",""
2901,Ujjani Dam_1,Maharashtra SW,27,Maharashtra,496,Solapur,-,-,-,-,-,-,-,-,-,18.07402000,75.12002000,16-12-2024 07:00,0,0,0,0,0,0,0,0,0,0,0,0,0,0,0,0,0,0,0,0,0,0,0,0,0,0,0,0,0,0,0,0,0,0,0,0,0,0,0,0,0,0,0,0,"","","","","",""
2902,Ujjani Dam_1,Maharashtra SW,27,Maharashtra,496,Solapur,-,-,-,-,-,-,-,-,-,18.07402000,75.12002000,16-12-2024 08:00,0,0,0,0,0,0,0,0,0,0,0,0,0,0,0,0,0,0,0,0,0,0,0,0,0,0,0,0,0,0,0,0,0,0,0,0,0,0,0,0,0,0,0,0,"","","","","",""
2903,Ujjani Dam_1,Maharashtra SW,27,Maharashtra,496,Solapur,-,-,-,-,-,-,-,-,-,18.07402000,75.12002000,16-12-2024 09:00,0,0,0,0,0,0,0,0,0,0,0,0,0,0,0,0,0,0,0,0,0,0,0,0,0,0,0,0,0,0,0,0,0,0,0,0,0,0,0,0,0,0,0,0,"","","","","",""
2904,Ujjani Dam_1,Maharashtra SW,27,Maharashtra,496,Solapur,-,-,-,-,-,-,-,-,-,18.07402000,75.12002000,16-12-2024 10:00,0,0,0,0,0,0,0,0,0,0,0,0,0,0,0,0,0,0,0,0,0,0,0,0,0,0,0,0,0,0,0,0,0,0,0,0,0,0,0,0,0,0,0,0,"","","","","",""
2905,Ujjani Dam_1,Maharashtra SW,27,Maharashtra,496,Solapur,-,-,-,-,-,-,-,-,-,18.07402000,75.12002000,16-12-2024 11:00,0,0,0,0,0,0,0,0,0,0,0,0,0,0,0,0,0,0,0,0,0,0,0,0,0,0,0,0,0,0,0,0,0,0,0,0,0,0,0,0,0,0,0,0,"","","","","",""
2906,Ujjani Dam_1,Maharashtra SW,27,Maharashtra,496,Solapur,-,-,-,-,-,-,-,-,-,18.07402000,75.12002000,16-12-2024 13:00,0,0,0,0,0,0,0,0,0,0,0,0,0,0,0,0,0,0,0,0,0,0,0,0,0,0,0,0,0,0,0,0,0,0,0,0,0,0,0,0,0,0,0,0,"","","","","",""
2907,Ujjani Dam_1,Maharashtra SW,27,Maharashtra,496,Solapur,-,-,-,-,-,-,-,-,-,18.07402000,75.12002000,16-12-2024 14:00,0,0,0,0,0,0,0,0,0,0,0,0,0,0,0,0,0,0,0,0,0,0,0,0,0,0,0,0,0,0,0,0,0,0,0,0,0,0,0,0,0,0,0,0,"","","","","",""
2908,Ujjani Dam_1,Maharashtra SW,27,Maharashtra,496,Solapur,-,-,-,-,-,-,-,-,-,18.07402000,75.12002000,16-12-2024 15:00,0,0,0,0,0,0,0,0,0,0,0,0,0,0,0,0,0,0,0,0,0,0,0,0,0,0,0,0,0,0,0,0,0,0,0,0,0,0,0,0,0,0,0,0,"","","","","",""
2909,Ujjani Dam_1,Maharashtra SW,27,Maharashtra,496,Solapur,-,-,-,-,-,-,-,-,-,18.07402000,75.12002000,16-12-2024 16:00,0,0,0,0,0,0,0,0,0,0,0,0,0,0,0,0,0,0,0,0,0,0,0,0,0,0,0,0,0,0,0,0,0,0,0,0,0,0,0,0,0,0,0,0,"","","","","",""
2910,Ujjani Dam_1,Maharashtra SW,27,Maharashtra,496,Solapur,-,-,-,-,-,-,-,-,-,18.07402000,75.12002000,16-12-2024 17:00,0,0,0,0,0,0,0,0,0,0,0,0,0,0,0,0,0,0,0,0,0,0,0,0,0,0,0,0,0,0,0,0,0,0,0,0,0,0,0,0,0,0,0,0,"","","","","",""
2911,Ujjani Dam_1,Maharashtra SW,27,Maharashtra,496,Solapur,-,-,-,-,-,-,-,-,-,18.07402000,75.12002000,16-12-2024 18:00,0,0,0,0,0,0,0,0,0,0,0,0,0,0,0,0,0,0,0,0,0,0,0,0,0,0,0,0,0,0,0,0,0,0,0,0,0,0,0,0,0,0,0,0,"","","","","",""
2912,Ujjani Dam_1,Maharashtra SW,27,Maharashtra,496,Solapur,-,-,-,-,-,-,-,-,-,18.07402000,75.12002000,16-12-2024 19:00,0,0,0,0,0,0,0,0,0,0,0,0,0,0,0,0,0,0,0,0,0,0,0,0,0,0,0,0,0,0,0,0,0,0,0,0,0,0,0,0,0,0,0,0,"","","","","",""
2913,Ujjani Dam_1,Maharashtra SW,27,Maharashtra,496,Solapur,-,-,-,-,-,-,-,-,-,18.07402000,75.12002000,16-12-2024 21:00,0,0,0,0,0,0,0,0,0,0,0,0,0,0,0,0,0,0,0,0,0,0,0,0,0,0,0,0,0,0,0,0,0,0,0,0,0,0,0,0,0,0,0,0,"","","","","",""
2914,Ujjani Dam_1,Maharashtra SW,27,Maharashtra,496,Solapur,-,-,-,-,-,-,-,-,-,18.07402000,75.12002000,16-12-2024 22:00,0,0,0,0,0,0,0,0,0,0,0,0,0,0,0,0,0,0,0,0,0,0,0,0,0,0,0,0,0,0,0,0,0,0,0,0,0,0,0,0,0,0,0,0,"","","","","",""
2915,Ujjani Dam_1,Maharashtra SW,27,Maharashtra,496,Solapur,-,-,-,-,-,-,-,-,-,18.07402000,75.12002000,16-12-2024 23:00,0,0,0,0,0,0,0,0,0,0,0,0,0,0,0,0,0,0,0,0,0,0,0,0,0,0,0,0,0,0,0,0,0,0,0,0,0,0,0,0,0,0,0,0,"","","","","",""
2916,Ujjani Dam_1,Maharashtra SW,27,Maharashtra,496,Solapur,-,-,-,-,-,-,-,-,-,18.07402000,75.12002000,17-12-2024 00:00,0,0,0,0,0,0,0,0,0,0,0,0,0,0,0,0,0,0,0,0,0,0,0,0,0,0,0,0,0,0,0,0,0,0,0,0,0,0,0,0,0,0,0,0,"","","","","",""
2917,Ujjani Dam_1,Maharashtra SW,27,Maharashtra,496,Solapur,-,-,-,-,-,-,-,-,-,18.07402000,75.12002000,17-12-2024 02:00,0,0,0,0,0,0,0,0,0,0,0,0,0,0,0,0,0,0,0,0,0,0,0,0,0,0,0,0,0,0,0,0,0,0,0,0,0,0,0,0,0,0,0,0,"","","","","",""
2918,Ujjani Dam_1,Maharashtra SW,27,Maharashtra,496,Solapur,-,-,-,-,-,-,-,-,-,18.07402000,75.12002000,17-12-2024 03:00,0,0,0,0,0,0,0,0,0,0,0,0,0,0,0,0,0,0,0,0,0,0,0,0,0,0,0,0,0,0,0,0,0,0,0,0,0,0,0,0,0,0,0,0,"","","","","",""
2919,Ujjani Dam_1,Maharashtra SW,27,Maharashtra,496,Solapur,-,-,-,-,-,-,-,-,-,18.07402000,75.12002000,17-12-2024 04:00,0,0,0,0,0,0,0,0,0,0,0,0,0,0,0,0,0,0,0,0,0,0,0,0,0,0,0,0,0,0,0,0,0,0,0,0,0,0,0,0,0,0,0,0,"","","","","",""
2920,Ujjani Dam_1,Maharashtra SW,27,Maharashtra,496,Solapur,-,-,-,-,-,-,-,-,-,18.07402000,75.12002000,17-12-2024 05:00,0,0,0,0,0,0,0,0,0,0,0,0,0,0,0,0,0,0,0,0,0,0,0,0,0,0,0,0,0,0,0,0,0,0,0,0,0,0,0,0,0,0,0,0,"","","","","",""
2921,Ujjani Dam_1,Maharashtra SW,27,Maharashtra,496,Solapur,-,-,-,-,-,-,-,-,-,18.07402000,75.12002000,17-12-2024 06:00,0,0,0,0,0,0,0,0,0,0,0,0,0,0,0,0,0,0,0,0,0,0,0,0,0,0,0,0,0,0,0,0,0,0,0,0,0,0,0,0,0,0,0,0,"","","","","",""
2922,Ujjani Dam_1,Maharashtra SW,27,Maharashtra,496,Solapur,-,-,-,-,-,-,-,-,-,18.07402000,75.12002000,17-12-2024 07:00,0,0,0,0,0,0,0,0,0,0,0,0,0,0,0,0,0,0,0,0,0,0,0,0,0,0,0,0,0,0,0,0,0,0,0,0,0,0,0,0,0,0,0,0,"","","","","",""
2923,Ujjani Dam_1,Maharashtra SW,27,Maharashtra,496,Solapur,-,-,-,-,-,-,-,-,-,18.07402000,75.12002000,17-12-2024 08:00,0,0,0,0,0,0,0,0,0,0,0,0,0,0,0,0,0,0,0,0,0,0,0,0,0,0,0,0,0,0,0,0,0,0,0,0,0,0,0,0,0,0,0,0,"","","","","",""
2924,Ujjani Dam_1,Maharashtra SW,27,Maharashtra,496,Solapur,-,-,-,-,-,-,-,-,-,18.07402000,75.12002000,17-12-2024 09:00,0,0,0,0,0,0,0,0,0,0,0,0,0,0,0,0,0,0,0,0,0,0,0,0,0,0,0,0,0,0,0,0,0,0,0,0,0,0,0,0,0,0,0,0,"","","","","",""
2925,Ujjani Dam_1,Maharashtra SW,27,Maharashtra,496,Solapur,-,-,-,-,-,-,-,-,-,18.07402000,75.12002000,17-12-2024 10:00,0,0,0,0,0,0,0,0,0,0,0,0,0,0,0,0,0,0,0,0,0,0,0,0,0,0,0,0,0,0,0,0,0,0,0,0,0,0,0,0,0,0,0,0,"","","","","",""
2926,Ujjani Dam_1,Maharashtra SW,27,Maharashtra,496,Solapur,-,-,-,-,-,-,-,-,-,18.07402000,75.12002000,17-12-2024 12:00,0,0,0,0,0,0,0,0,0,0,0,0,0,0,0,0,0,0,0,0,0,0,0,0,0,0,0,0,0,0,0,0,0,0,0,0,0,0,0,0,0,0,0,0,"","","","","",""
2927,Ujjani Dam_1,Maharashtra SW,27,Maharashtra,496,Solapur,-,-,-,-,-,-,-,-,-,18.07402000,75.12002000,17-12-2024 13:00,0,0,0,0,0,0,0,0,0,0,0,0,0,0,0,0,0,0,0,0,0,0,0,0,0,0,0,0,0,0,0,0,0,0,0,0,0,0,0,0,0,0,0,0,"","","","","",""
2928,Ujjani Dam_1,Maharashtra SW,27,Maharashtra,496,Solapur,-,-,-,-,-,-,-,-,-,18.07402000,75.12002000,17-12-2024 14:00,0,0,0,0,0,0,0,0,0,0,0,0,0,0,0,0,0,0,0,0,0,0,0,0,0,0,0,0,0,0,0,0,0,0,0,0,0,0,0,0,0,0,0,0,"","","","","",""
2929,Ujjani Dam_1,Maharashtra SW,27,Maharashtra,496,Solapur,-,-,-,-,-,-,-,-,-,18.07402000,75.12002000,17-12-2024 15:00,0,0,0,0,0,0,0,0,0,0,0,0,0,0,0,0,0,0,0,0,0,0,0,0,0,0,0,0,0,0,0,0,0,0,0,0,0,0,0,0,0,0,0,0,"","","","","",""
2930,Ujjani Dam_1,Maharashtra SW,27,Maharashtra,496,Solapur,-,-,-,-,-,-,-,-,-,18.07402000,75.12002000,17-12-2024 16:00,0,0,0,0,0,0,0,0,0,0,0,0,0,0,0,0,0,0,0,0,0,0,0,0,0,0,0,0,0,0,0,0,0,0,0,0,0,0,0,0,0,0,0,0,"","","","","",""
2931,Ujjani Dam_1,Maharashtra SW,27,Maharashtra,496,Solapur,-,-,-,-,-,-,-,-,-,18.07402000,75.12002000,17-12-2024 17:00,0,0,0,0,0,0,0,0,0,0,0,0,0,0,0,0,0,0,0,0,0,0,0,0,0,0,0,0,0,0,0,0,0,0,0,0,0,0,0,0,0,0,0,0,"","","","","",""
2932,Ujjani Dam_1,Maharashtra SW,27,Maharashtra,496,Solapur,-,-,-,-,-,-,-,-,-,18.07402000,75.12002000,17-12-2024 18:00,0,0,0,0,0,0,0,0,0,0,0,0,0,0,0,0,0,0,0,0,0,0,0,0,0,0,0,0,0,0,0,0,0,0,0,0,0,0,0,0,0,0,0,0,"","","","","",""
2933,Ujjani Dam_1,Maharashtra SW,27,Maharashtra,496,Solapur,-,-,-,-,-,-,-,-,-,18.07402000,75.12002000,17-12-2024 19:00,0,0,0,0,0,0,0,0,0,0,0,0,0,0,0,0,0,0,0,0,0,0,0,0,0,0,0,0,0,0,0,0,0,0,0,0,0,0,0,0,0,0,0,0,"","","","","",""
2934,Ujjani Dam_1,Maharashtra SW,27,Maharashtra,496,Solapur,-,-,-,-,-,-,-,-,-,18.07402000,75.12002000,17-12-2024 21:00,0,0,0,0,0,0,0,0,0,0,0,0,0,0,0,0,0,0,0,0,0,0,0,0,0,0,0,0,0,0,0,0,0,0,0,0,0,0,0,0,0,0,0,0,"","","","","",""
2935,Ujjani Dam_1,Maharashtra SW,27,Maharashtra,496,Solapur,-,-,-,-,-,-,-,-,-,18.07402000,75.12002000,17-12-2024 22:00,0,0,0,0,0,0,0,0,0,0,0,0,0,0,0,0,0,0,0,0,0,0,0,0,0,0,0,0,0,0,0,0,0,0,0,0,0,0,0,0,0,0,0,0,"","","","","",""
2936,Ujjani Dam_1,Maharashtra SW,27,Maharashtra,496,Solapur,-,-,-,-,-,-,-,-,-,18.07402000,75.12002000,17-12-2024 23:00,0,0,0,0,0,0,0,0,0,0,0,0,0,0,0,0,0,0,0,0,0,0,0,0,0,0,0,0,0,0,0,0,0,0,0,0,0,0,0,0,0,0,0,0,"","","","","",""
2937,Ujjani Dam_1,Maharashtra SW,27,Maharashtra,496,Solapur,-,-,-,-,-,-,-,-,-,18.07402000,75.12002000,18-12-2024 00:00,0,0,0,0,0,0,0,0,0,0,0,0,0,0,0,0,0,0,0,0,0,0,0,0,0,0,0,0,0,0,0,0,0,0,0,0,0,0,0,0,0,0,0,0,"","","","","",""
2938,Ujjani Dam_1,Maharashtra SW,27,Maharashtra,496,Solapur,-,-,-,-,-,-,-,-,-,18.07402000,75.12002000,18-12-2024 01:00,0,0,0,0,0,0,0,0,0,0,0,0,0,0,0,0,0,0,0,0,0,0,0,0,0,0,0,0,0,0,0,0,0,0,0,0,0,0,0,0,0,0,0,0,"","","","","",""
2939,Ujjani Dam_1,Maharashtra SW,27,Maharashtra,496,Solapur,-,-,-,-,-,-,-,-,-,18.07402000,75.12002000,18-12-2024 02:00,0,0,0,0,0,0,0,0,0,0,0,0,0,0,0,0,0,0,0,0,0,0,0,0,0,0,0,0,0,0,0,0,0,0,0,0,0,0,0,0,0,0,0,0,"","","","","",""
2940,Ujjani Dam_1,Maharashtra SW,27,Maharashtra,496,Solapur,-,-,-,-,-,-,-,-,-,18.07402000,75.12002000,18-12-2024 03:00,0,0,0,0,0,0,0,0,0,0,0,0,0,0,0,0,0,0,0,0,0,0,0,0,0,0,0,0,0,0,0,0,0,0,0,0,0,0,0,0,0,0,0,0,"","","","","",""
2941,Ujjani Dam_1,Maharashtra SW,27,Maharashtra,496,Solapur,-,-,-,-,-,-,-,-,-,18.07402000,75.12002000,18-12-2024 05:00,0,0,0,0,0,0,0,0,0,0,0,0,0,0,0,0,0,0,0,0,0,0,0,0,0,0,0,0,0,0,0,0,0,0,0,0,0,0,0,0,0,0,0,0,"","","","","",""
2942,Ujjani Dam_1,Maharashtra SW,27,Maharashtra,496,Solapur,-,-,-,-,-,-,-,-,-,18.07402000,75.12002000,18-12-2024 06:00,0,0,0,0,0,0,0,0,0,0,0,0,0,0,0,0,0,0,0,0,0,0,0,0,0,0,0,0,0,0,0,0,0,0,0,0,0,0,0,0,0,0,0,0,"","","","","",""
2943,Ujjani Dam_1,Maharashtra SW,27,Maharashtra,496,Solapur,-,-,-,-,-,-,-,-,-,18.07402000,75.12002000,18-12-2024 07:00,0,0,0,0,0,0,0,0,0,0,0,0,0,0,0,0,0,0,0,0,0,0,0,0,0,0,0,0,0,0,0,0,0,0,0,0,0,0,0,0,0,0,0,0,"","","","","",""
2944,Ujjani Dam_1,Maharashtra SW,27,Maharashtra,496,Solapur,-,-,-,-,-,-,-,-,-,18.07402000,75.12002000,18-12-2024 08:00,0,0,0,0,0,0,0,0,0,0,0,0,0,0,0,0,0,0,0,0,0,0,0,0,0,0,0,0,0,0,0,0,0,0,0,0,0,0,0,0,0,0,0,0,"","","","","",""
2945,Ujjani Dam_1,Maharashtra SW,27,Maharashtra,496,Solapur,-,-,-,-,-,-,-,-,-,18.07402000,75.12002000,18-12-2024 09:00,0,0,0,0,0,0,0,0,0,0,0,0,0,0,0,0,0,0,0,0,0,0,0,0,0,0,0,0,0,0,0,0,0,0,0,0,0,0,0,0,0,0,0,0,"","","","","",""
2946,Ujjani Dam_1,Maharashtra SW,27,Maharashtra,496,Solapur,-,-,-,-,-,-,-,-,-,18.07402000,75.12002000,18-12-2024 10:00,0,0,0,0,0,0,0,0,0,0,0,0,0,0,0,0,0,0,0,0,0,0,0,0,0,0,0,0,0,0,0,0,0,0,0,0,0,0,0,0,0,0,0,0,"","","","","",""
2947,Ujjani Dam_1,Maharashtra SW,27,Maharashtra,496,Solapur,-,-,-,-,-,-,-,-,-,18.07402000,75.12002000,18-12-2024 11:00,0,0,0,0,0,0,0,0,0,0,0,0,0,0,0,0,0,0,0,0,0,0,0,0,0,0,0,0,0,0,0,0,0,0,0,0,0,0,0,0,0,0,0,0,"","","","","",""
2948,Ujjani Dam_1,Maharashtra SW,27,Maharashtra,496,Solapur,-,-,-,-,-,-,-,-,-,18.07402000,75.12002000,18-12-2024 12:00,0,0,0,0,0,0,0,0,0,0,0,0,0,0,0,0,0,0,0,0,0,0,0,0,0,0,0,0,0,0,0,0,0,0,0,0,0,0,0,0,0,0,0,0,"","","","","",""
2949,Ujjani Dam_1,Maharashtra SW,27,Maharashtra,496,Solapur,-,-,-,-,-,-,-,-,-,18.07402000,75.12002000,18-12-2024 13:00,0,0,0,0,0,0,0,0,0,0,0,0,0,0,0,0,0,0,0,0,0,0,0,0,0,0,0,0,0,0,0,0,0,0,0,0,0,0,0,0,0,0,0,0,"","","","","",""
2950,Ujjani Dam_1,Maharashtra SW,27,Maharashtra,496,Solapur,-,-,-,-,-,-,-,-,-,18.07402000,75.12002000,18-12-2024 14:00,0,0,0,0,0,0,0,0,0,0,0,0,0,0,0,0,0,0,0,0,0,0,0,0,0,0,0,0,0,0,0,0,0,0,0,0,0,0,0,0,0,0,0,0,"","","","","",""
2951,Ujjani Dam_1,Maharashtra SW,27,Maharashtra,496,Solapur,-,-,-,-,-,-,-,-,-,18.07402000,75.12002000,18-12-2024 15:00,0,0,0,0,0,0,0,0,0,0,0,0,0,0,0,0,0,0,0,0,0,0,0,0,0,0,0,0,0,0,0,0,0,0,0,0,0,0,0,0,0,0,0,0,"","","","","",""
2952,Ujjani Dam_1,Maharashtra SW,27,Maharashtra,496,Solapur,-,-,-,-,-,-,-,-,-,18.07402000,75.12002000,18-12-2024 17:00,0,0,0,0,0,0,0,0,0,0,0,0,0,0,0,0,0,0,0,0,0,0,0,0,0,0,0,0,0,0,0,0,0,0,0,0,0,0,0,0,0,0,0,0,"","","","","",""
2953,Ujjani Dam_1,Maharashtra SW,27,Maharashtra,496,Solapur,-,-,-,-,-,-,-,-,-,18.07402000,75.12002000,18-12-2024 18:00,0,0,0,0,0,0,0,0,0,0,0,0,0,0,0,0,0,0,0,0,0,0,0,0,0,0,0,0,0,0,0,0,0,0,0,0,0,0,0,0,0,0,0,0,"","","","","",""
2954,Ujjani Dam_1,Maharashtra SW,27,Maharashtra,496,Solapur,-,-,-,-,-,-,-,-,-,18.07402000,75.12002000,18-12-2024 19:00,0,0,0,0,0,0,0,0,0,0,0,0,0,0,0,0,0,0,0,0,0,0,0,0,0,0,0,0,0,0,0,0,0,0,0,0,0,0,0,0,0,0,0,0,"","","","","",""
2955,Ujjani Dam_1,Maharashtra SW,27,Maharashtra,496,Solapur,-,-,-,-,-,-,-,-,-,18.07402000,75.12002000,18-12-2024 20:00,0,0,0,0,0,0,0,0,0,0,0,0,0,0,0,0,0,0,0,0,0,0,0,0,0,0,0,0,0,0,0,0,0,0,0,0,0,0,0,0,0,0,0,0,"","","","","",""
2956,Ujjani Dam_1,Maharashtra SW,27,Maharashtra,496,Solapur,-,-,-,-,-,-,-,-,-,18.07402000,75.12002000,18-12-2024 21:00,0,0,0,0,0,0,0,0,0,0,0,0,0,0,0,0,0,0,0,0,0,0,0,0,0,0,0,0,0,0,0,0,0,0,0,0,0,0,0,0,0,0,0,0,"","","","","",""
2957,Ujjani Dam_1,Maharashtra SW,27,Maharashtra,496,Solapur,-,-,-,-,-,-,-,-,-,18.07402000,75.12002000,18-12-2024 22:00,0,0,0,0,0,0,0,0,0,0,0,0,0,0,0,0,0,0,0,0,0,0,0,0,0,0,0,0,0,0,0,0,0,0,0,0,0,0,0,0,0,0,0,0,"","","","","",""
2958,Ujjani Dam_1,Maharashtra SW,27,Maharashtra,496,Solapur,-,-,-,-,-,-,-,-,-,18.07402000,75.12002000,18-12-2024 23:00,0,0,0,0,0,0,0,0,0,0,0,0,0,0,0,0,0,0,0,0,0,0,0,0,0,0,0,0,0,0,0,0,0,0,0,0,0,0,0,0,0,0,0,0,"","","","","",""
2959,Ujjani Dam_1,Maharashtra SW,27,Maharashtra,496,Solapur,-,-,-,-,-,-,-,-,-,18.07402000,75.12002000,19-12-2024 00:00,0,0,0,0,0,0,0,0,0,0,0,0,0,0,0,0,0,0,0,0,0,0,0,0,0,0,0,0,0,0,0,0,0,0,0,0,0,0,0,0,0,0,0,0,"","","","","",""
2960,Ujjani Dam_1,Maharashtra SW,27,Maharashtra,496,Solapur,-,-,-,-,-,-,-,-,-,18.07402000,75.12002000,19-12-2024 01:00,0,0,0,0,0,0,0,0,0,0,0,0,0,0,0,0,0,0,0,0,0,0,0,0,0,0,0,0,0,0,0,0,0,0,0,0,0,0,0,0,0,0,0,0,"","","","","",""
2961,Ujjani Dam_1,Maharashtra SW,27,Maharashtra,496,Solapur,-,-,-,-,-,-,-,-,-,18.07402000,75.12002000,19-12-2024 02:00,0,0,0,0,0,0,0,0,0,0,0,0,0,0,0,0,0,0,0,0,0,0,0,0,0,0,0,0,0,0,0,0,0,0,0,0,0,0,0,0,0,0,0,0,"","","","","",""
2962,Ujjani Dam_1,Maharashtra SW,27,Maharashtra,496,Solapur,-,-,-,-,-,-,-,-,-,18.07402000,75.12002000,19-12-2024 04:00,0,0,0,0,0,0,0,0,0,0,0,0,0,0,0,0,0,0,0,0,0,0,0,0,0,0,0,0,0,0,0,0,0,0,0,0,0,0,0,0,0,0,0,0,"","","","","",""
2963,Ujjani Dam_1,Maharashtra SW,27,Maharashtra,496,Solapur,-,-,-,-,-,-,-,-,-,18.07402000,75.12002000,19-12-2024 05:00,0,0,0,0,0,0,0,0,0,0,0,0,0,0,0,0,0,0,0,0,0,0,0,0,0,0,0,0,0,0,0,0,0,0,0,0,0,0,0,0,0,0,0,0,"","","","","",""
2964,Ujjani Dam_1,Maharashtra SW,27,Maharashtra,496,Solapur,-,-,-,-,-,-,-,-,-,18.07402000,75.12002000,19-12-2024 06:00,0,0,0,0,0,0,0,0,0,0,0,0,0,0,0,0,0,0,0,0,0,0,0,0,0,0,0,0,0,0,0,0,0,0,0,0,0,0,0,0,0,0,0,0,"","","","","",""
2965,Ujjani Dam_1,Maharashtra SW,27,Maharashtra,496,Solapur,-,-,-,-,-,-,-,-,-,18.07402000,75.12002000,19-12-2024 07:00,0,0,0,0,0,0,0,0,0,0,0,0,0,0,0,0,0,0,0,0,0,0,0,0,0,0,0,0,0,0,0,0,0,0,0,0,0,0,0,0,0,0,0,0,"","","","","",""
2966,Ujjani Dam_1,Maharashtra SW,27,Maharashtra,496,Solapur,-,-,-,-,-,-,-,-,-,18.07402000,75.12002000,19-12-2024 08:00,0,0,0,0,0,0,0,0,0,0,0,0,0,0,0,0,0,0,0,0,0,0,0,0,0,0,0,0,0,0,0,0,0,0,0,0,0,0,0,0,0,0,0,0,"","","","","",""
2967,Ujjani Dam_1,Maharashtra SW,27,Maharashtra,496,Solapur,-,-,-,-,-,-,-,-,-,18.07402000,75.12002000,19-12-2024 09:00,0,0,0,0,0,0,0,0,0,0,0,0,0,0,0,0,0,0,0,0,0,0,0,0,0,0,0,0,0,0,0,0,0,0,0,0,0,0,0,0,0,0,0,0,"","","","","",""
2968,Ujjani Dam_1,Maharashtra SW,27,Maharashtra,496,Solapur,-,-,-,-,-,-,-,-,-,18.07402000,75.12002000,19-12-2024 10:00,0,0,0,0,0,0,0,0,0,0,0,0,0,0,0,0,0,0,0,0,0,0,0,0,0,0,0,0,0,0,0,0,0,0,0,0,0,0,0,0,0,0,0,0,"","","","","",""
2969,Ujjani Dam_1,Maharashtra SW,27,Maharashtra,496,Solapur,-,-,-,-,-,-,-,-,-,18.07402000,75.12002000,19-12-2024 12:00,0,0,0,0,0,0,0,0,0,0,0,0,0,0,0,0,0,0,0,0,0,0,0,0,0,0,0,0,0,0,0,0,0,0,0,0,0,0,0,0,0,0,0,0,"","","","","",""
2970,Ujjani Dam_1,Maharashtra SW,27,Maharashtra,496,Solapur,-,-,-,-,-,-,-,-,-,18.07402000,75.12002000,19-12-2024 13:00,0,0,0,0,0,0,0,0,0,0,0,0,0,0,0,0,0,0,0,0,0,0,0,0,0,0,0,0,0,0,0,0,0,0,0,0,0,0,0,0,0,0,0,0,"","","","","",""
2971,Ujjani Dam_1,Maharashtra SW,27,Maharashtra,496,Solapur,-,-,-,-,-,-,-,-,-,18.07402000,75.12002000,19-12-2024 14:00,0,0,0,0,0,0,0,0,0,0,0,0,0,0,0,0,0,0,0,0,0,0,0,0,0,0,0,0,0,0,0,0,0,0,0,0,0,0,0,0,0,0,0,0,"","","","","",""
2972,Ujjani Dam_1,Maharashtra SW,27,Maharashtra,496,Solapur,-,-,-,-,-,-,-,-,-,18.07402000,75.12002000,19-12-2024 15:00,0,0,0,0,0,0,0,0,0,0,0,0,0,0,0,0,0,0,0,0,0,0,0,0,0,0,0,0,0,0,0,0,0,0,0,0,0,0,0,0,0,0,0,0,"","","","","",""
2973,Ujjani Dam_1,Maharashtra SW,27,Maharashtra,496,Solapur,-,-,-,-,-,-,-,-,-,18.07402000,75.12002000,19-12-2024 16:00,0,0,0,0,0,0,0,0,0,0,0,0,0,0,0,0,0,0,0,0,0,0,0,0,0,0,0,0,0,0,0,0,0,0,0,0,0,0,0,0,0,0,0,0,"","","","","",""
2974,Ujjani Dam_1,Maharashtra SW,27,Maharashtra,496,Solapur,-,-,-,-,-,-,-,-,-,18.07402000,75.12002000,19-12-2024 17:00,0,0,0,0,0,0,0,0,0,0,0,0,0,0,0,0,0,0,0,0,0,0,0,0,0,0,0,0,0,0,0,0,0,0,0,0,0,0,0,0,0,0,0,0,"","","","","",""
2975,Ujjani Dam_1,Maharashtra SW,27,Maharashtra,496,Solapur,-,-,-,-,-,-,-,-,-,18.07402000,75.12002000,19-12-2024 18:00,0,0,0,0,0,0,0,0,0,0,0,0,0,0,0,0,0,0,0,0,0,0,0,0,0,0,0,0,0,0,0,0,0,0,0,0,0,0,0,0,0,0,0,0,"","","","","",""
2976,Ujjani Dam_1,Maharashtra SW,27,Maharashtra,496,Solapur,-,-,-,-,-,-,-,-,-,18.07402000,75.12002000,19-12-2024 20:00,0,0,0,0,0,0,0,0,0,0,0,0,0,0,0,0,0,0,0,0,0,0,0,0,0,0,0,0,0,0,0,0,0,0,0,0,0,0,0,0,0,0,0,0,"","","","","",""
2977,Ujjani Dam_1,Maharashtra SW,27,Maharashtra,496,Solapur,-,-,-,-,-,-,-,-,-,18.07402000,75.12002000,19-12-2024 21:00,0,0,0,0,0,0,0,0,0,0,0,0,0,0,0,0,0,0,0,0,0,0,0,0,0,0,0,0,0,0,0,0,0,0,0,0,0,0,0,0,0,0,0,0,"","","","","",""
2978,Ujjani Dam_1,Maharashtra SW,27,Maharashtra,496,Solapur,-,-,-,-,-,-,-,-,-,18.07402000,75.12002000,19-12-2024 22:00,0,0,0,0,0,0,0,0,0,0,0,0,0,0,0,0,0,0,0,0,0,0,0,0,0,0,0,0,0,0,0,0,0,0,0,0,0,0,0,0,0,0,0,0,"","","","","",""
2979,Ujjani Dam_1,Maharashtra SW,27,Maharashtra,496,Solapur,-,-,-,-,-,-,-,-,-,18.07402000,75.12002000,19-12-2024 23:00,0,0,0,0,0,0,0,0,0,0,0,0,0,0,0,0,0,0,0,0,0,0,0,0,0,0,0,0,0,0,0,0,0,0,0,0,0,0,0,0,0,0,0,0,"","","","","",""
2980,Ujjani Dam_1,Maharashtra SW,27,Maharashtra,496,Solapur,-,-,-,-,-,-,-,-,-,18.07402000,75.12002000,20-12-2024 00:00,0,0,0,0,0,0,0,0,0,0,0,0,0,0,0,0,0,0,0,0,0,0,0,0,0,0,0,0,0,0,0,0,0,0,0,0,0,0,0,0,0,0,0,0,"","","","","",""
2981,Ujjani Dam_1,Maharashtra SW,27,Maharashtra,496,Solapur,-,-,-,-,-,-,-,-,-,18.07402000,75.12002000,20-12-2024 01:00,0,0,0,0,0,0,0,0,0,0,0,0,0,0,0,0,0,0,0,0,0,0,0,0,0,0,0,0,0,0,0,0,0,0,0,0,0,0,0,0,0,0,0,0,"","","","","",""
2982,Ujjani Dam_1,Maharashtra SW,27,Maharashtra,496,Solapur,-,-,-,-,-,-,-,-,-,18.07402000,75.12002000,20-12-2024 03:00,0,0,0,0,0,0,0,0,0,0,0,0,0,0,0,0,0,0,0,0,0,0,0,0,0,0,0,0,0,0,0,0,0,0,0,0,0,0,0,0,0,0,0,0,"","","","","",""
2983,Ujjani Dam_1,Maharashtra SW,27,Maharashtra,496,Solapur,-,-,-,-,-,-,-,-,-,18.07402000,75.12002000,20-12-2024 04:00,0,0,0,0,0,0,0,0,0,0,0,0,0,0,0,0,0,0,0,0,0,0,0,0,0,0,0,0,0,0,0,0,0,0,0,0,0,0,0,0,0,0,0,0,"","","","","",""
2984,Ujjani Dam_1,Maharashtra SW,27,Maharashtra,496,Solapur,-,-,-,-,-,-,-,-,-,18.07402000,75.12002000,20-12-2024 05:00,0,0,0,0,0,0,0,0,0,0,0,0,0,0,0,0,0,0,0,0,0,0,0,0,0,0,0,0,0,0,0,0,0,0,0,0,0,0,0,0,0,0,0,0,"","","","","",""
2985,Ujjani Dam_1,Maharashtra SW,27,Maharashtra,496,Solapur,-,-,-,-,-,-,-,-,-,18.07402000,75.12002000,20-12-2024 06:00,0,0,0,0,0,0,0,0,0,0,0,0,0,0,0,0,0,0,0,0,0,0,0,0,0,0,0,0,0,0,0,0,0,0,0,0,0,0,0,0,0,0,0,0,"","","","","",""
2986,Ujjani Dam_1,Maharashtra SW,27,Maharashtra,496,Solapur,-,-,-,-,-,-,-,-,-,18.07402000,75.12002000,20-12-2024 07:00,0,0,0,0,0,0,0,0,0,0,0,0,0,0,0,0,0,0,0,0,0,0,0,0,0,0,0,0,0,0,0,0,0,0,0,0,0,0,0,0,0,0,0,0,"","","","","",""
2987,Ujjani Dam_1,Maharashtra SW,27,Maharashtra,496,Solapur,-,-,-,-,-,-,-,-,-,18.07402000,75.12002000,20-12-2024 08:00,0,0,0,0,0,0,0,0,0,0,0,0,0,0,0,0,0,0,0,0,0,0,0,0,0,0,0,0,0,0,0,0,0,0,0,0,0,0,0,0,0,0,0,0,"","","","","",""
2988,Ujjani Dam_1,Maharashtra SW,27,Maharashtra,496,Solapur,-,-,-,-,-,-,-,-,-,18.07402000,75.12002000,20-12-2024 09:00,0,0,0,0,0,0,0,0,0,0,0,0,0,0,0,0,0,0,0,0,0,0,0,0,0,0,0,0,0,0,0,0,0,0,0,0,0,0,0,0,0,0,0,0,"","","","","",""
2989,Ujjani Dam_1,Maharashtra SW,27,Maharashtra,496,Solapur,-,-,-,-,-,-,-,-,-,18.07402000,75.12002000,20-12-2024 10:00,0,0,0,0,0,0,0,0,0,0,0,0,0,0,0,0,0,0,0,0,0,0,0,0,0,0,0,0,0,0,0,0,0,0,0,0,0,0,0,0,0,0,0,0,"","","","","",""
2990,Ujjani Dam_1,Maharashtra SW,27,Maharashtra,496,Solapur,-,-,-,-,-,-,-,-,-,18.07402000,75.12002000,20-12-2024 12:00,0,0,0,0,0,0,0,0,0,0,0,0,0,0,0,0,0,0,0,0,0,0,0,0,0,0,0,0,0,0,0,0,0,0,0,0,0,0,0,0,0,0,0,0,"","","","","",""
2991,Ujjani Dam_1,Maharashtra SW,27,Maharashtra,496,Solapur,-,-,-,-,-,-,-,-,-,18.07402000,75.12002000,20-12-2024 13:00,0,0,0,0,0,0,0,0,0,0,0,0,0,0,0,0,0,0,0,0,0,0,0,0,0,0,0,0,0,0,0,0,0,0,0,0,0,0,0,0,0,0,0,0,"","","","","",""
2992,Ujjani Dam_1,Maharashtra SW,27,Maharashtra,496,Solapur,-,-,-,-,-,-,-,-,-,18.07402000,75.12002000,20-12-2024 14:00,0,0,0,0,0,0,0,0,0,0,0,0,0,0,0,0,0,0,0,0,0,0,0,0,0,0,0,0,0,0,0,0,0,0,0,0,0,0,0,0,0,0,0,0,"","","","","",""
2993,Ujjani Dam_1,Maharashtra SW,27,Maharashtra,496,Solapur,-,-,-,-,-,-,-,-,-,18.07402000,75.12002000,20-12-2024 15:00,0,0,0,0,0,0,0,0,0,0,0,0,0,0,0,0,0,0,0,0,0,0,0,0,0,0,0,0,0,0,0,0,0,0,0,0,0,0,0,0,0,0,0,0,"","","","","",""
2994,Ujjani Dam_1,Maharashtra SW,27,Maharashtra,496,Solapur,-,-,-,-,-,-,-,-,-,18.07402000,75.12002000,20-12-2024 16:00,0,0,0,0,0,0,0,0,0,0,0,0,0,0,0,0,0,0,0,0,0,0,0,0,0,0,0,0,0,0,0,0,0,0,0,0,0,0,0,0,0,0,0,0,"","","","","",""
2995,Ujjani Dam_1,Maharashtra SW,27,Maharashtra,496,Solapur,-,-,-,-,-,-,-,-,-,18.07402000,75.12002000,20-12-2024 17:00,0,0,0,0,0,0,0,0,0,0,0,0,0,0,0,0,0,0,0,0,0,0,0,0,0,0,0,0,0,0,0,0,0,0,0,0,0,0,0,0,0,0,0,0,"","","","","",""
2996,Ujjani Dam_1,Maharashtra SW,27,Maharashtra,496,Solapur,-,-,-,-,-,-,-,-,-,18.07402000,75.12002000,20-12-2024 18:00,0,0,0,0,0,0,0,0,0,0,0,0,0,0,0,0,0,0,0,0,0,0,0,0,0,0,0,0,0,0,0,0,0,0,0,0,0,0,0,0,0,0,0,0,"","","","","",""
2997,Ujjani Dam_1,Maharashtra SW,27,Maharashtra,496,Solapur,-,-,-,-,-,-,-,-,-,18.07402000,75.12002000,20-12-2024 20:00,0,0,0,0,0,0,0,0,0,0,0,0,0,0,0,0,0,0,0,0,0,0,0,0,0,0,0,0,0,0,0,0,0,0,0,0,0,0,0,0,0,0,0,0,"","","","","",""
2998,Ujjani Dam_1,Maharashtra SW,27,Maharashtra,496,Solapur,-,-,-,-,-,-,-,-,-,18.07402000,75.12002000,20-12-2024 21:00,0,0,0,0,0,0,0,0,0,0,0,0,0,0,0,0,0,0,0,0,0,0,0,0,0,0,0,0,0,0,0,0,0,0,0,0,0,0,0,0,0,0,0,0,"","","","","",""
2999,Ujjani Dam_1,Maharashtra SW,27,Maharashtra,496,Solapur,-,-,-,-,-,-,-,-,-,18.07402000,75.12002000,20-12-2024 22:00,0,0,0,0,0,0,0,0,0,0,0,0,0,0,0,0,0,0,0,0,0,0,0,0,0,0,0,0,0,0,0,0,0,0,0,0,0,0,0,0,0,0,0,0,"","","","","",""
3000,Ujjani Dam_1,Maharashtra SW,27,Maharashtra,496,Solapur,-,-,-,-,-,-,-,-,-,18.07402000,75.12002000,20-12-2024 23:00,0,0,0,0,0,0,0,0,0,0,0,0,0,0,0,0,0,0,0,0,0,0,0,0,0,0,0,0,0,0,0,0,0,0,0,0,0,0,0,0,0,0,0,0,"","","","","",""
3001,Ujjani Dam_1,Maharashtra SW,27,Maharashtra,496,Solapur,-,-,-,-,-,-,-,-,-,18.07402000,75.12002000,21-12-2024 00:00,0,0,0,0,0,0,0,0,0,0,0,0,0,0,0,0,0,0,0,0,0,0,0,0,0,0,0,0,0,0,0,0,0,0,0,0,0,0,0,0,0,0,0,0,"","","","","",""
3002,Ujjani Dam_1,Maharashtra SW,27,Maharashtra,496,Solapur,-,-,-,-,-,-,-,-,-,18.07402000,75.12002000,21-12-2024 01:00,0,0,0,0,0,0,0,0,0,0,0,0,0,0,0,0,0,0,0,0,0,0,0,0,0,0,0,0,0,0,0,0,0,0,0,0,0,0,0,0,0,0,0,0,"","","","","",""
3003,Ujjani Dam_1,Maharashtra SW,27,Maharashtra,496,Solapur,-,-,-,-,-,-,-,-,-,18.07402000,75.12002000,21-12-2024 03:00,0,0,0,0,0,0,0,0,0,0,0,0,0,0,0,0,0,0,0,0,0,0,0,0,0,0,0,0,0,0,0,0,0,0,0,0,0,0,0,0,0,0,0,0,"","","","","",""
3004,Ujjani Dam_1,Maharashtra SW,27,Maharashtra,496,Solapur,-,-,-,-,-,-,-,-,-,18.07402000,75.12002000,21-12-2024 04:00,0,0,0,0,0,0,0,0,0,0,0,0,0,0,0,0,0,0,0,0,0,0,0,0,0,0,0,0,0,0,0,0,0,0,0,0,0,0,0,0,0,0,0,0,"","","","","",""
3005,Ujjani Dam_1,Maharashtra SW,27,Maharashtra,496,Solapur,-,-,-,-,-,-,-,-,-,18.07402000,75.12002000,21-12-2024 05:00,0,0,0,0,0,0,0,0,0,0,0,0,0,0,0,0,0,0,0,0,0,0,0,0,0,0,0,0,0,0,0,0,0,0,0,0,0,0,0,0,0,0,0,0,"","","","","",""
3006,Ujjani Dam_1,Maharashtra SW,27,Maharashtra,496,Solapur,-,-,-,-,-,-,-,-,-,18.07402000,75.12002000,21-12-2024 06:00,0,0,0,0,0,0,0,0,0,0,0,0,0,0,0,0,0,0,0,0,0,0,0,0,0,0,0,0,0,0,0,0,0,0,0,0,0,0,0,0,0,0,0,0,"","","","","",""
3007,Ujjani Dam_1,Maharashtra SW,27,Maharashtra,496,Solapur,-,-,-,-,-,-,-,-,-,18.07402000,75.12002000,21-12-2024 07:00,0,0,0,0,0,0,0,0,0,0,0,0,0,0,0,0,0,0,0,0,0,0,0,0,0,0,0,0,0,0,0,0,0,0,0,0,0,0,0,0,0,0,0,0,"","","","","",""
3008,Ujjani Dam_1,Maharashtra SW,27,Maharashtra,496,Solapur,-,-,-,-,-,-,-,-,-,18.07402000,75.12002000,21-12-2024 08:00,0,0,0,0,0,0,0,0,0,0,0,0,0,0,0,0,0,0,0,0,0,0,0,0,0,0,0,0,0,0,0,0,0,0,0,0,0,0,0,0,0,0,0,0,"","","","","",""
3009,Ujjani Dam_1,Maharashtra SW,27,Maharashtra,496,Solapur,-,-,-,-,-,-,-,-,-,18.07402000,75.12002000,21-12-2024 09:00,0,0,0,0,0,0,0,0,0,0,0,0,0,0,0,0,0,0,0,0,0,0,0,0,0,0,0,0,0,0,0,0,0,0,0,0,0,0,0,0,0,0,0,0,"","","","","",""
3010,Ujjani Dam_1,Maharashtra SW,27,Maharashtra,496,Solapur,-,-,-,-,-,-,-,-,-,18.07402000,75.12002000,21-12-2024 10:00,0,0,0,0,0,0,0,0,0,0,0,0,0,0,0,0,0,0,0,0,0,0,0,0,0,0,0,0,0,0,0,0,0,0,0,0,0,0,0,0,0,0,0,0,"","","","","",""
3011,Ujjani Dam_1,Maharashtra SW,27,Maharashtra,496,Solapur,-,-,-,-,-,-,-,-,-,18.07402000,75.12002000,21-12-2024 12:00,0,0,0,0,0,0,0,0,0,0,0,0,0,0,0,0,0,0,0,0,0,0,0,0,0,0,0,0,0,0,0,0,0,0,0,0,0,0,0,0,0,0,0,0,"","","","","",""
3012,Ujjani Dam_1,Maharashtra SW,27,Maharashtra,496,Solapur,-,-,-,-,-,-,-,-,-,18.07402000,75.12002000,21-12-2024 13:00,0,0,0,0,0,0,0,0,0,0,0,0,0,0,0,0,0,0,0,0,0,0,0,0,0,0,0,0,0,0,0,0,0,0,0,0,0,0,0,0,0,0,0,0,"","","","","",""
3013,Ujjani Dam_1,Maharashtra SW,27,Maharashtra,496,Solapur,-,-,-,-,-,-,-,-,-,18.07402000,75.12002000,21-12-2024 14:00,0,0,0,0,0,0,0,0,0,0,0,0,0,0,0,0,0,0,0,0,0,0,0,0,0,0,0,0,0,0,0,0,0,0,0,0,0,0,0,0,0,0,0,0,"","","","","",""
3014,Ujjani Dam_1,Maharashtra SW,27,Maharashtra,496,Solapur,-,-,-,-,-,-,-,-,-,18.07402000,75.12002000,21-12-2024 15:00,0,0,0,0,0,0,0,0,0,0,0,0,0,0,0,0,0,0,0,0,0,0,0,0,0,0,0,0,0,0,0,0,0,0,0,0,0,0,0,0,0,0,0,0,"","","","","",""
3015,Ujjani Dam_1,Maharashtra SW,27,Maharashtra,496,Solapur,-,-,-,-,-,-,-,-,-,18.07402000,75.12002000,21-12-2024 16:00,0,0,0,0,0,0,0,0,0,0,0,0,0,0,0,0,0,0,0,0,0,0,0,0,0,0,0,0,0,0,0,0,0,0,0,0,0,0,0,0,0,0,0,0,"","","","","",""
3016,Ujjani Dam_1,Maharashtra SW,27,Maharashtra,496,Solapur,-,-,-,-,-,-,-,-,-,18.07402000,75.12002000,21-12-2024 17:00,0,0,0,0,0,0,0,0,0,0,0,0,0,0,0,0,0,0,0,0,0,0,0,0,0,0,0,0,0,0,0,0,0,0,0,0,0,0,0,0,0,0,0,0,"","","","","",""
3017,Ujjani Dam_1,Maharashtra SW,27,Maharashtra,496,Solapur,-,-,-,-,-,-,-,-,-,18.07402000,75.12002000,21-12-2024 18:00,0,0,0,0,0,0,0,0,0,0,0,0,0,0,0,0,0,0,0,0,0,0,0,0,0,0,0,0,0,0,0,0,0,0,0,0,0,0,0,0,0,0,0,0,"","","","","",""
3018,Ujjani Dam_1,Maharashtra SW,27,Maharashtra,496,Solapur,-,-,-,-,-,-,-,-,-,18.07402000,75.12002000,21-12-2024 20:00,0,0,0,0,0,0,0,0,0,0,0,0,0,0,0,0,0,0,0,0,0,0,0,0,0,0,0,0,0,0,0,0,0,0,0,0,0,0,0,0,0,0,0,0,"","","","","",""
3019,Ujjani Dam_1,Maharashtra SW,27,Maharashtra,496,Solapur,-,-,-,-,-,-,-,-,-,18.07402000,75.12002000,21-12-2024 21:00,0,0,0,0,0,0,0,0,0,0,0,0,0,0,0,0,0,0,0,0,0,0,0,0,0,0,0,0,0,0,0,0,0,0,0,0,0,0,0,0,0,0,0,0,"","","","","",""
3020,Ujjani Dam_1,Maharashtra SW,27,Maharashtra,496,Solapur,-,-,-,-,-,-,-,-,-,18.07402000,75.12002000,21-12-2024 22:00,0,0,0,0,0,0,0,0,0,0,0,0,0,0,0,0,0,0,0,0,0,0,0,0,0,0,0,0,0,0,0,0,0,0,0,0,0,0,0,0,0,0,0,0,"","","","","",""
3021,Ujjani Dam_1,Maharashtra SW,27,Maharashtra,496,Solapur,-,-,-,-,-,-,-,-,-,18.07402000,75.12002000,21-12-2024 23:00,0,0,0,0,0,0,0,0,0,0,0,0,0,0,0,0,0,0,0,0,0,0,0,0,0,0,0,0,0,0,0,0,0,0,0,0,0,0,0,0,0,0,0,0,"","","","","",""
3022,Ujjani Dam_1,Maharashtra SW,27,Maharashtra,496,Solapur,-,-,-,-,-,-,-,-,-,18.07402000,75.12002000,22-12-2024 00:00,0,0,0,0,0,0,0,0,0,0,0,0,0,0,0,0,0,0,0,0,0,0,0,0,0,0,0,0,0,0,0,0,0,0,0,0,0,0,0,0,0,0,0,0,"","","","","",""
3023,Ujjani Dam_1,Maharashtra SW,27,Maharashtra,496,Solapur,-,-,-,-,-,-,-,-,-,18.07402000,75.12002000,22-12-2024 01:00,0,0,0,0,0,0,0,0,0,0,0,0,0,0,0,0,0,0,0,0,0,0,0,0,0,0,0,0,0,0,0,0,0,0,0,0,0,0,0,0,0,0,0,0,"","","","","",""
3024,Ujjani Dam_1,Maharashtra SW,27,Maharashtra,496,Solapur,-,-,-,-,-,-,-,-,-,18.07402000,75.12002000,22-12-2024 02:00,0,0,0,0,0,0,0,0,0,0,0,0,0,0,0,0,0,0,0,0,0,0,0,0,0,0,0,0,0,0,0,0,0,0,0,0,0,0,0,0,0,0,0,0,"","","","","",""
3025,Ujjani Dam_1,Maharashtra SW,27,Maharashtra,496,Solapur,-,-,-,-,-,-,-,-,-,18.07402000,75.12002000,22-12-2024 04:00,0,0,0,0,0,0,0,0,0,0,0,0,0,0,0,0,0,0,0,0,0,0,0,0,0,0,0,0,0,0,0,0,0,0,0,0,0,0,0,0,0,0,0,0,"","","","","",""
3026,Ujjani Dam_1,Maharashtra SW,27,Maharashtra,496,Solapur,-,-,-,-,-,-,-,-,-,18.07402000,75.12002000,22-12-2024 05:00,0,0,0,0,0,0,0,0,0,0,0,0,0,0,0,0,0,0,0,0,0,0,0,0,0,0,0,0,0,0,0,0,0,0,0,0,0,0,0,0,0,0,0,0,"","","","","",""
3027,Ujjani Dam_1,Maharashtra SW,27,Maharashtra,496,Solapur,-,-,-,-,-,-,-,-,-,18.07402000,75.12002000,22-12-2024 06:00,0,0,0,0,0,0,0,0,0,0,0,0,0,0,0,0,0,0,0,0,0,0,0,0,0,0,0,0,0,0,0,0,0,0,0,0,0,0,0,0,0,0,0,0,"","","","","",""
3028,Ujjani Dam_1,Maharashtra SW,27,Maharashtra,496,Solapur,-,-,-,-,-,-,-,-,-,18.07402000,75.12002000,22-12-2024 07:00,0,0,0,0,0,0,0,0,0,0,0,0,0,0,0,0,0,0,0,0,0,0,0,0,0,0,0,0,0,0,0,0,0,0,0,0,0,0,0,0,0,0,0,0,"","","","","",""
3029,Ujjani Dam_1,Maharashtra SW,27,Maharashtra,496,Solapur,-,-,-,-,-,-,-,-,-,18.07402000,75.12002000,22-12-2024 08:00,0,0,0,0,0,0,0,0,0,0,0,0,0,0,0,0,0,0,0,0,0,0,0,0,0,0,0,0,0,0,0,0,0,0,0,0,0,0,0,0,0,0,0,0,"","","","","",""
3030,Ujjani Dam_1,Maharashtra SW,27,Maharashtra,496,Solapur,-,-,-,-,-,-,-,-,-,18.07402000,75.12002000,22-12-2024 09:00,0,0,0,0,0,0,0,0,0,0,0,0,0,0,0,0,0,0,0,0,0,0,0,0,0,0,0,0,0,0,0,0,0,0,0,0,0,0,0,0,0,0,0,0,"","","","","",""
3031,Ujjani Dam_1,Maharashtra SW,27,Maharashtra,496,Solapur,-,-,-,-,-,-,-,-,-,18.07402000,75.12002000,22-12-2024 11:00,0,0,0,0,0,0,0,0,0,0,0,0,0,0,0,0,0,0,0,0,0,0,0,0,0,0,0,0,0,0,0,0,0,0,0,0,0,0,0,0,0,0,0,0,"","","","","",""
3032,Ujjani Dam_1,Maharashtra SW,27,Maharashtra,496,Solapur,-,-,-,-,-,-,-,-,-,18.07402000,75.12002000,22-12-2024 12:00,0,0,0,0,0,0,0,0,0,0,0,0,0,0,0,0,0,0,0,0,0,0,0,0,0,0,0,0,0,0,0,0,0,0,0,0,0,0,0,0,0,0,0,0,"","","","","",""
3033,Ujjani Dam_1,Maharashtra SW,27,Maharashtra,496,Solapur,-,-,-,-,-,-,-,-,-,18.07402000,75.12002000,22-12-2024 13:00,0,0,0,0,0,0,0,0,0,0,0,0,0,0,0,0,0,0,0,0,0,0,0,0,0,0,0,0,0,0,0,0,0,0,0,0,0,0,0,0,0,0,0,0,"","","","","",""
3034,Ujjani Dam_1,Maharashtra SW,27,Maharashtra,496,Solapur,-,-,-,-,-,-,-,-,-,18.07402000,75.12002000,22-12-2024 14:00,0,0,0,0,0,0,0,0,0,0,0,0,0,0,0,0,0,0,0,0,0,0,0,0,0,0,0,0,0,0,0,0,0,0,0,0,0,0,0,0,0,0,0,0,"","","","","",""
3035,Ujjani Dam_1,Maharashtra SW,27,Maharashtra,496,Solapur,-,-,-,-,-,-,-,-,-,18.07402000,75.12002000,22-12-2024 15:00,0,0,0,0,0,0,0,0,0,0,0,0,0,0,0,0,0,0,0,0,0,0,0,0,0,0,0,0,0,0,0,0,0,0,0,0,0,0,0,0,0,0,0,0,"","","","","",""
3036,Ujjani Dam_1,Maharashtra SW,27,Maharashtra,496,Solapur,-,-,-,-,-,-,-,-,-,18.07402000,75.12002000,22-12-2024 16:00,0,0,0,0,0,0,0,0,0,0,0,0,0,0,0,0,0,0,0,0,0,0,0,0,0,0,0,0,0,0,0,0,0,0,0,0,0,0,0,0,0,0,0,0,"","","","","",""
3037,Ujjani Dam_1,Maharashtra SW,27,Maharashtra,496,Solapur,-,-,-,-,-,-,-,-,-,18.07402000,75.12002000,22-12-2024 17:00,0,0,0,0,0,0,0,0,0,0,0,0,0,0,0,0,0,0,0,0,0,0,0,0,0,0,0,0,0,0,0,0,0,0,0,0,0,0,0,0,0,0,0,0,"","","","","",""
3038,Ujjani Dam_1,Maharashtra SW,27,Maharashtra,496,Solapur,-,-,-,-,-,-,-,-,-,18.07402000,75.12002000,22-12-2024 19:00,0,0,0,0,0,0,0,0,0,0,0,0,0,0,0,0,0,0,0,0,0,0,0,0,0,0,0,0,0,0,0,0,0,0,0,0,0,0,0,0,0,0,0,0,"","","","","",""
3039,Ujjani Dam_1,Maharashtra SW,27,Maharashtra,496,Solapur,-,-,-,-,-,-,-,-,-,18.07402000,75.12002000,22-12-2024 21:00,0,0,0,0,0,0,0,0,0,0,0,0,0,0,0,0,0,0,0,0,0,0,0,0,0,0,0,0,0,0,0,0,0,0,0,0,0,0,0,0,0,0,0,0,"","","","","",""
3040,Ujjani Dam_1,Maharashtra SW,27,Maharashtra,496,Solapur,-,-,-,-,-,-,-,-,-,18.07402000,75.12002000,22-12-2024 22:00,0,0,0,0,0,0,0,0,0,0,0,0,0,0,0,0,0,0,0,0,0,0,0,0,0,0,0,0,0,0,0,0,0,0,0,0,0,0,0,0,0,0,0,0,"","","","","",""
3041,Ujjani Dam_1,Maharashtra SW,27,Maharashtra,496,Solapur,-,-,-,-,-,-,-,-,-,18.07402000,75.12002000,22-12-2024 23:00,0,0,0,0,0,0,0,0,0,0,0,0,0,0,0,0,0,0,0,0,0,0,0,0,0,0,0,0,0,0,0,0,0,0,0,0,0,0,0,0,0,0,0,0,"","","","","",""
3042,Ujjani Dam_1,Maharashtra SW,27,Maharashtra,496,Solapur,-,-,-,-,-,-,-,-,-,18.07402000,75.12002000,23-12-2024 00:00,0,0,0,0,0,0,0,0,0,0,0,0,0,0,0,0,0,0,0,0,0,0,0,0,0,0,0,0,0,0,0,0,0,0,0,0,0,0,0,0,0,0,0,0,"","","","","",""
3043,Ujjani Dam_1,Maharashtra SW,27,Maharashtra,496,Solapur,-,-,-,-,-,-,-,-,-,18.07402000,75.12002000,23-12-2024 01:00,0,0,0,0,0,0,0,0,0,0,0,0,0,0,0,0,0,0,0,0,0,0,0,0,0,0,0,0,0,0,0,0,0,0,0,0,0,0,0,0,0,0,0,0,"","","","","",""
3044,Ujjani Dam_1,Maharashtra SW,27,Maharashtra,496,Solapur,-,-,-,-,-,-,-,-,-,18.07402000,75.12002000,23-12-2024 03:00,0,0,0,0,0,0,0,0,0,0,0,0,0,0,0,0,0,0,0,0,0,0,0,0,0,0,0,0,0,0,0,0,0,0,0,0,0,0,0,0,0,0,0,0,"","","","","",""
3045,Ujjani Dam_1,Maharashtra SW,27,Maharashtra,496,Solapur,-,-,-,-,-,-,-,-,-,18.07402000,75.12002000,23-12-2024 04:00,0,0,0,0,0,0,0,0,0,0,0,0,0,0,0,0,0,0,0,0,0,0,0,0,0,0,0,0,0,0,0,0,0,0,0,0,0,0,0,0,0,0,0,0,"","","","","",""
3046,Ujjani Dam_1,Maharashtra SW,27,Maharashtra,496,Solapur,-,-,-,-,-,-,-,-,-,18.07402000,75.12002000,23-12-2024 05:00,0,0,0,0,0,0,0,0,0,0,0,0,0,0,0,0,0,0,0,0,0,0,0,0,0,0,0,0,0,0,0,0,0,0,0,0,0,0,0,0,0,0,0,0,"","","","","",""
3047,Ujjani Dam_1,Maharashtra SW,27,Maharashtra,496,Solapur,-,-,-,-,-,-,-,-,-,18.07402000,75.12002000,23-12-2024 07:00,0,0,0,0,0,0,0,0,0,0,0,0,0,0,0,0,0,0,0,0,0,0,0,0,0,0,0,0,0,0,0,0,0,0,0,0,0,0,0,0,0,0,0,0,"","","","","",""
3048,Ujjani Dam_1,Maharashtra SW,27,Maharashtra,496,Solapur,-,-,-,-,-,-,-,-,-,18.07402000,75.12002000,23-12-2024 08:00,0,0,0,0,0,0,0,0,0,0,0,0,0,0,0,0,0,0,0,0,0,0,0,0,0,0,0,0,0,0,0,0,0,0,0,0,0,0,0,0,0,0,0,0,"","","","","",""
3049,Ujjani Dam_1,Maharashtra SW,27,Maharashtra,496,Solapur,-,-,-,-,-,-,-,-,-,18.07402000,75.12002000,23-12-2024 09:00,0,0,0,0,0,0,0,0,0,0,0,0,0,0,0,0,0,0,0,0,0,0,0,0,0,0,0,0,0,0,0,0,0,0,0,0,0,0,0,0,0,0,0,0,"","","","","",""
3050,Ujjani Dam_1,Maharashtra SW,27,Maharashtra,496,Solapur,-,-,-,-,-,-,-,-,-,18.07402000,75.12002000,23-12-2024 10:00,0,0,0,0,0,0,0,0,0,0,0,0,0,0,0,0,0,0,0,0,0,0,0,0,0,0,0,0,0,0,0,0,0,0,0,0,0,0,0,0,0,0,0,0,"","","","","",""
3051,Ujjani Dam_1,Maharashtra SW,27,Maharashtra,496,Solapur,-,-,-,-,-,-,-,-,-,18.07402000,75.12002000,23-12-2024 11:00,0,0,0,0,0,0,0,0,0,0,0,0,0,0,0,0,0,0,0,0,0,0,0,0,0,0,0,0,0,0,0,0,0,0,0,0,0,0,0,0,0,0,0,0,"","","","","",""
3052,Ujjani Dam_1,Maharashtra SW,27,Maharashtra,496,Solapur,-,-,-,-,-,-,-,-,-,18.07402000,75.12002000,23-12-2024 12:00,0,0,0,0,0,0,0,0,0,0,0,0,0,0,0,0,0,0,0,0,0,0,0,0,0,0,0,0,0,0,0,0,0,0,0,0,0,0,0,0,0,0,0,0,"","","","","",""
3053,Ujjani Dam_1,Maharashtra SW,27,Maharashtra,496,Solapur,-,-,-,-,-,-,-,-,-,18.07402000,75.12002000,23-12-2024 13:00,0,0,0,0,0,0,0,0,0,0,0,0,0,0,0,0,0,0,0,0,0,0,0,0,0,0,0,0,0,0,0,0,0,0,0,0,0,0,0,0,0,0,0,0,"","","","","",""
3054,Ujjani Dam_1,Maharashtra SW,27,Maharashtra,496,Solapur,-,-,-,-,-,-,-,-,-,18.07402000,75.12002000,23-12-2024 14:00,0,0,0,0,0,0,0,0,0,0,0,0,0,0,0,0,0,0,0,0,0,0,0,0,0,0,0,0,0,0,0,0,0,0,0,0,0,0,0,0,0,0,0,0,"","","","","",""
3055,Ujjani Dam_1,Maharashtra SW,27,Maharashtra,496,Solapur,-,-,-,-,-,-,-,-,-,18.07402000,75.12002000,23-12-2024 15:00,0,0,0,0,0,0,0,0,0,0,0,0,0,0,0,0,0,0,0,0,0,0,0,0,0,0,0,0,0,0,0,0,0,0,0,0,0,0,0,0,0,0,0,0,"","","","","",""
3056,Ujjani Dam_1,Maharashtra SW,27,Maharashtra,496,Solapur,-,-,-,-,-,-,-,-,-,18.07402000,75.12002000,23-12-2024 16:00,0,0,0,0,0,0,0,0,0,0,0,0,0,0,0,0,0,0,0,0,0,0,0,0,0,0,0,0,0,0,0,0,0,0,0,0,0,0,0,0,0,0,0,0,"","","","","",""
3057,Ujjani Dam_1,Maharashtra SW,27,Maharashtra,496,Solapur,-,-,-,-,-,-,-,-,-,18.07402000,75.12002000,23-12-2024 17:00,0,0,0,0,0,0,0,0,0,0,0,0,0,0,0,0,0,0,0,0,0,0,0,0,0,0,0,0,0,0,0,0,0,0,0,0,0,0,0,0,0,0,0,0,"","","","","",""
3058,Ujjani Dam_1,Maharashtra SW,27,Maharashtra,496,Solapur,-,-,-,-,-,-,-,-,-,18.07402000,75.12002000,23-12-2024 19:00,0,0,0,0,0,0,0,0,0,0,0,0,0,0,0,0,0,0,0,0,0,0,0,0,0,0,0,0,0,0,0,0,0,0,0,0,0,0,0,0,0,0,0,0,"","","","","",""
3059,Ujjani Dam_1,Maharashtra SW,27,Maharashtra,496,Solapur,-,-,-,-,-,-,-,-,-,18.07402000,75.12002000,23-12-2024 20:00,0,0,0,0,0,0,0,0,0,0,0,0,0,0,0,0,0,0,0,0,0,0,0,0,0,0,0,0,0,0,0,0,0,0,0,0,0,0,0,0,0,0,0,0,"","","","","",""
3060,Ujjani Dam_1,Maharashtra SW,27,Maharashtra,496,Solapur,-,-,-,-,-,-,-,-,-,18.07402000,75.12002000,23-12-2024 21:00,0,0,0,0,0,0,0,0,0,0,0,0,0,0,0,0,0,0,0,0,0,0,0,0,0,0,0,0,0,0,0,0,0,0,0,0,0,0,0,0,0,0,0,0,"","","","","",""
3061,Ujjani Dam_1,Maharashtra SW,27,Maharashtra,496,Solapur,-,-,-,-,-,-,-,-,-,18.07402000,75.12002000,23-12-2024 22:00,0,0,0,0,0,0,0,0,0,0,0,0,0,0,0,0,0,0,0,0,0,0,0,0,0,0,0,0,0,0,0,0,0,0,0,0,0,0,0,0,0,0,0,0,"","","","","",""
3062,Ujjani Dam_1,Maharashtra SW,27,Maharashtra,496,Solapur,-,-,-,-,-,-,-,-,-,18.07402000,75.12002000,23-12-2024 23:00,0,0,0,0,0,0,0,0,0,0,0,0,0,0,0,0,0,0,0,0,0,0,0,0,0,0,0,0,0,0,0,0,0,0,0,0,0,0,0,0,0,0,0,0,"","","","","",""
3063,Ujjani Dam_1,Maharashtra SW,27,Maharashtra,496,Solapur,-,-,-,-,-,-,-,-,-,18.07402000,75.12002000,24-12-2024 00:00,0,0,0,0,0,0,0,0,0,0,0,0,0,0,0,0,0,0,0,0,0,0,0,0,0,0,0,0,0,0,0,0,0,0,0,0,0,0,0,0,0,0,0,0,"","","","","",""
3064,Ujjani Dam_1,Maharashtra SW,27,Maharashtra,496,Solapur,-,-,-,-,-,-,-,-,-,18.07402000,75.12002000,24-12-2024 01:00,0,0,0,0,0,0,0,0,0,0,0,0,0,0,0,0,0,0,0,0,0,0,0,0,0,0,0,0,0,0,0,0,0,0,0,0,0,0,0,0,0,0,0,0,"","","","","",""
3065,Ujjani Dam_1,Maharashtra SW,27,Maharashtra,496,Solapur,-,-,-,-,-,-,-,-,-,18.07402000,75.12002000,24-12-2024 03:00,0,0,0,0,0,0,0,0,0,0,0,0,0,0,0,0,0,0,0,0,0,0,0,0,0,0,0,0,0,0,0,0,0,0,0,0,0,0,0,0,0,0,0,0,"","","","","",""
3066,Ujjani Dam_1,Maharashtra SW,27,Maharashtra,496,Solapur,-,-,-,-,-,-,-,-,-,18.07402000,75.12002000,24-12-2024 04:00,0,0,0,0,0,0,0,0,0,0,0,0,0,0,0,0,0,0,0,0,0,0,0,0,0,0,0,0,0,0,0,0,0,0,0,0,0,0,0,0,0,0,0,0,"","","","","",""
3067,Ujjani Dam_1,Maharashtra SW,27,Maharashtra,496,Solapur,-,-,-,-,-,-,-,-,-,18.07402000,75.12002000,24-12-2024 05:00,0,0,0,0,0,0,0,0,0,0,0,0,0,0,0,0,0,0,0,0,0,0,0,0,0,0,0,0,0,0,0,0,0,0,0,0,0,0,0,0,0,0,0,0,"","","","","",""
3068,Ujjani Dam_1,Maharashtra SW,27,Maharashtra,496,Solapur,-,-,-,-,-,-,-,-,-,18.07402000,75.12002000,24-12-2024 06:00,0,0,0,0,0,0,0,0,0,0,0,0,0,0,0,0,0,0,0,0,0,0,0,0,0,0,0,0,0,0,0,0,0,0,0,0,0,0,0,0,0,0,0,0,"","","","","",""
3069,Ujjani Dam_1,Maharashtra SW,27,Maharashtra,496,Solapur,-,-,-,-,-,-,-,-,-,18.07402000,75.12002000,24-12-2024 07:00,0,0,0,0,0,0,0,0,0,0,0,0,0,0,0,0,0,0,0,0,0,0,0,0,0,0,0,0,0,0,0,0,0,0,0,0,0,0,0,0,0,0,0,0,"","","","","",""
3070,Ujjani Dam_1,Maharashtra SW,27,Maharashtra,496,Solapur,-,-,-,-,-,-,-,-,-,18.07402000,75.12002000,24-12-2024 08:00,0,0,0,0,0,0,0,0,0,0,0,0,0,0,0,0,0,0,0,0,0,0,0,0,0,0,0,0,0,0,0,0,0,0,0,0,0,0,0,0,0,0,0,0,"","","","","",""
3071,Ujjani Dam_1,Maharashtra SW,27,Maharashtra,496,Solapur,-,-,-,-,-,-,-,-,-,18.07402000,75.12002000,24-12-2024 09:00,0,0,0,0,0,0,0,0,0,0,0,0,0,0,0,0,0,0,0,0,0,0,0,0,0,0,0,0,0,0,0,0,0,0,0,0,0,0,0,0,0,0,0,0,"","","","","",""
3072,Ujjani Dam_1,Maharashtra SW,27,Maharashtra,496,Solapur,-,-,-,-,-,-,-,-,-,18.07402000,75.12002000,24-12-2024 11:00,0,0,0,0,0,0,0,0,0,0,0,0,0,0,0,0,0,0,0,0,0,0,0,0,0,0,0,0,0,0,0,0,0,0,0,0,0,0,0,0,0,0,0,0,"","","","","",""
3073,Ujjani Dam_1,Maharashtra SW,27,Maharashtra,496,Solapur,-,-,-,-,-,-,-,-,-,18.07402000,75.12002000,24-12-2024 12:00,0,0,0,0,0,0,0,0,0,0,0,0,0,0,0,0,0,0,0,0,0,0,0,0,0,0,0,0,0,0,0,0,0,0,0,0,0,0,0,0,0,0,0,0,"","","","","",""
3074,Ujjani Dam_1,Maharashtra SW,27,Maharashtra,496,Solapur,-,-,-,-,-,-,-,-,-,18.07402000,75.12002000,24-12-2024 13:00,0,0,0,0,0,0,0,0,0,0,0,0,0,0,0,0,0,0,0,0,0,0,0,0,0,0,0,0,0,0,0,0,0,0,0,0,0,0,0,0,0,0,0,0,"","","","","",""
3075,Ujjani Dam_1,Maharashtra SW,27,Maharashtra,496,Solapur,-,-,-,-,-,-,-,-,-,18.07402000,75.12002000,24-12-2024 14:00,0,0,0,0,0,0,0,0,0,0,0,0,0,0,0,0,0,0,0,0,0,0,0,0,0,0,0,0,0,0,0,0,0,0,0,0,0,0,0,0,0,0,0,0,"","","","","",""
3076,Ujjani Dam_1,Maharashtra SW,27,Maharashtra,496,Solapur,-,-,-,-,-,-,-,-,-,18.07402000,75.12002000,24-12-2024 15:00,0,0,0,0,0,0,0,0,0,0,0,0,0,0,0,0,0,0,0,0,0,0,0,0,0,0,0,0,0,0,0,0,0,0,0,0,0,0,0,0,0,0,0,0,"","","","","",""
3077,Ujjani Dam_1,Maharashtra SW,27,Maharashtra,496,Solapur,-,-,-,-,-,-,-,-,-,18.07402000,75.12002000,24-12-2024 16:00,0,0,0,0,0,0,0,0,0,0,0,0,0,0,0,0,0,0,0,0,0,0,0,0,0,0,0,0,0,0,0,0,0,0,0,0,0,0,0,0,0,0,0,0,"","","","","",""
3078,Ujjani Dam_1,Maharashtra SW,27,Maharashtra,496,Solapur,-,-,-,-,-,-,-,-,-,18.07402000,75.12002000,24-12-2024 17:00,0,0,0,0,0,0,0,0,0,0,0,0,0,0,0,0,0,0,0,0,0,0,0,0,0,0,0,0,0,0,0,0,0,0,0,0,0,0,0,0,0,0,0,0,"","","","","",""
3079,Ujjani Dam_1,Maharashtra SW,27,Maharashtra,496,Solapur,-,-,-,-,-,-,-,-,-,18.07402000,75.12002000,24-12-2024 19:00,0,0,0,0,0,0,0,0,0,0,0,0,0,0,0,0,0,0,0,0,0,0,0,0,0,0,0,0,0,0,0,0,0,0,0,0,0,0,0,0,0,0,0,0,"","","","","",""
3080,Ujjani Dam_1,Maharashtra SW,27,Maharashtra,496,Solapur,-,-,-,-,-,-,-,-,-,18.07402000,75.12002000,24-12-2024 20:00,0,0,0,0,0,0,0,0,0,0,0,0,0,0,0,0,0,0,0,0,0,0,0,0,0,0,0,0,0,0,0,0,0,0,0,0,0,0,0,0,0,0,0,0,"","","","","",""
3081,Ujjani Dam_1,Maharashtra SW,27,Maharashtra,496,Solapur,-,-,-,-,-,-,-,-,-,18.07402000,75.12002000,24-12-2024 21:00,0,0,0,0,0,0,0,0,0,0,0,0,0,0,0,0,0,0,0,0,0,0,0,0,0,0,0,0,0,0,0,0,0,0,0,0,0,0,0,0,0,0,0,0,"","","","","",""
3082,Ujjani Dam_1,Maharashtra SW,27,Maharashtra,496,Solapur,-,-,-,-,-,-,-,-,-,18.07402000,75.12002000,24-12-2024 22:00,0,0,0,0,0,0,0,0,0,0,0,0,0,0,0,0,0,0,0,0,0,0,0,0,0,0,0,0,0,0,0,0,0,0,0,0,0,0,0,0,0,0,0,0,"","","","","",""
3083,Ujjani Dam_1,Maharashtra SW,27,Maharashtra,496,Solapur,-,-,-,-,-,-,-,-,-,18.07402000,75.12002000,24-12-2024 23:00,0,0,0,0,0,0,0,0,0,0,0,0,0,0,0,0,0,0,0,0,0,0,0,0,0,0,0,0,0,0,0,0,0,0,0,0,0,0,0,0,0,0,0,0,"","","","","",""
3084,Ujjani Dam_1,Maharashtra SW,27,Maharashtra,496,Solapur,-,-,-,-,-,-,-,-,-,18.07402000,75.12002000,25-12-2024 00:00,0,0,0,0,0,0,0,0,0,0,0,0,0,0,0,0,0,0,0,0,0,0,0,0,0,0,0,0,0,0,0,0,0,0,0,0,0,0,0,0,0,0,0,0,"","","","","",""
3085,Ujjani Dam_1,Maharashtra SW,27,Maharashtra,496,Solapur,-,-,-,-,-,-,-,-,-,18.07402000,75.12002000,25-12-2024 02:00,0,0,0,0,0,0,0,0,0,0,0,0,0,0,0,0,0,0,0,0,0,0,0,0,0,0,0,0,0,0,0,0,0,0,0,0,0,0,0,0,0,0,0,0,"","","","","",""
3086,Ujjani Dam_1,Maharashtra SW,27,Maharashtra,496,Solapur,-,-,-,-,-,-,-,-,-,18.07402000,75.12002000,25-12-2024 03:00,0,0,0,0,0,0,0,0,0,0,0,0,0,0,0,0,0,0,0,0,0,0,0,0,0,0,0,0,0,0,0,0,0,0,0,0,0,0,0,0,0,0,0,0,"","","","","",""
3087,Ujjani Dam_1,Maharashtra SW,27,Maharashtra,496,Solapur,-,-,-,-,-,-,-,-,-,18.07402000,75.12002000,25-12-2024 04:00,0,0,0,0,0,0,0,0,0,0,0,0,0,0,0,0,0,0,0,0,0,0,0,0,0,0,0,0,0,0,0,0,0,0,0,0,0,0,0,0,0,0,0,0,"","","","","",""
3088,Ujjani Dam_1,Maharashtra SW,27,Maharashtra,496,Solapur,-,-,-,-,-,-,-,-,-,18.07402000,75.12002000,25-12-2024 05:00,0,0,0,0,0,0,0,0,0,0,0,0,0,0,0,0,0,0,0,0,0,0,0,0,0,0,0,0,0,0,0,0,0,0,0,0,0,0,0,0,0,0,0,0,"","","","","",""
3089,Ujjani Dam_1,Maharashtra SW,27,Maharashtra,496,Solapur,-,-,-,-,-,-,-,-,-,18.07402000,75.12002000,25-12-2024 06:00,0,0,0,0,0,0,0,0,0,0,0,0,0,0,0,0,0,0,0,0,0,0,0,0,0,0,0,0,0,0,0,0,0,0,0,0,0,0,0,0,0,0,0,0,"","","","","",""
3090,Ujjani Dam_1,Maharashtra SW,27,Maharashtra,496,Solapur,-,-,-,-,-,-,-,-,-,18.07402000,75.12002000,25-12-2024 07:00,0,0,0,0,0,0,0,0,0,0,0,0,0,0,0,0,0,0,0,0,0,0,0,0,0,0,0,0,0,0,0,0,0,0,0,0,0,0,0,0,0,0,0,0,"","","","","",""
3091,Ujjani Dam_1,Maharashtra SW,27,Maharashtra,496,Solapur,-,-,-,-,-,-,-,-,-,18.07402000,75.12002000,25-12-2024 08:00,0,0,0,0,0,0,0,0,0,0,0,0,0,0,0,0,0,0,0,0,0,0,0,0,0,0,0,0,0,0,0,0,0,0,0,0,0,0,0,0,0,0,0,0,"","","","","",""
3092,Ujjani Dam_1,Maharashtra SW,27,Maharashtra,496,Solapur,-,-,-,-,-,-,-,-,-,18.07402000,75.12002000,25-12-2024 10:00,0,0,0,0,0,0,0,0,0,0,0,0,0,0,0,0,0,0,0,0,0,0,0,0,0,0,0,0,0,0,0,0,0,0,0,0,0,0,0,0,0,0,0,0,"","","","","",""
3093,Ujjani Dam_1,Maharashtra SW,27,Maharashtra,496,Solapur,-,-,-,-,-,-,-,-,-,18.07402000,75.12002000,25-12-2024 11:00,0,0,0,0,0,0,0,0,0,0,0,0,0,0,0,0,0,0,0,0,0,0,0,0,0,0,0,0,0,0,0,0,0,0,0,0,0,0,0,0,0,0,0,0,"","","","","",""
3094,Ujjani Dam_1,Maharashtra SW,27,Maharashtra,496,Solapur,-,-,-,-,-,-,-,-,-,18.07402000,75.12002000,25-12-2024 12:00,0,0,0,0,0,0,0,0,0,0,0,0,0,0,0,0,0,0,0,0,0,0,0,0,0,0,0,0,0,0,0,0,0,0,0,0,0,0,0,0,0,0,0,0,"","","","","",""
3095,Ujjani Dam_1,Maharashtra SW,27,Maharashtra,496,Solapur,-,-,-,-,-,-,-,-,-,18.07402000,75.12002000,25-12-2024 13:00,0,0,0,0,0,0,0,0,0,0,0,0,0,0,0,0,0,0,0,0,0,0,0,0,0,0,0,0,0,0,0,0,0,0,0,0,0,0,0,0,0,0,0,0,"","","","","",""
3096,Ujjani Dam_1,Maharashtra SW,27,Maharashtra,496,Solapur,-,-,-,-,-,-,-,-,-,18.07402000,75.12002000,25-12-2024 14:00,0,0,0,0,0,0,0,0,0,0,0,0,0,0,0,0,0,0,0,0,0,0,0,0,0,0,0,0,0,0,0,0,0,0,0,0,0,0,0,0,0,0,0,0,"","","","","",""
3097,Ujjani Dam_1,Maharashtra SW,27,Maharashtra,496,Solapur,-,-,-,-,-,-,-,-,-,18.07402000,75.12002000,25-12-2024 15:00,0,0,0,0,0,0,0,0,0,0,0,0,0,0,0,0,0,0,0,0,0,0,0,0,0,0,0,0,0,0,0,0,0,0,0,0,0,0,0,0,0,0,0,0,"","","","","",""
3098,Ujjani Dam_1,Maharashtra SW,27,Maharashtra,496,Solapur,-,-,-,-,-,-,-,-,-,18.07402000,75.12002000,25-12-2024 16:00,0,0,0,0,0,0,0,0,0,0,0,0,0,0,0,0,0,0,0,0,0,0,0,0,0,0,0,0,0,0,0,0,0,0,0,0,0,0,0,0,0,0,0,0,"","","","","",""
3099,Ujjani Dam_1,Maharashtra SW,27,Maharashtra,496,Solapur,-,-,-,-,-,-,-,-,-,18.07402000,75.12002000,25-12-2024 18:00,0,0,0,0,0,0,0,0,0,0,0,0,0,0,0,0,0,0,0,0,0,0,0,0,0,0,0,0,0,0,0,0,0,0,0,0,0,0,0,0,0,0,0,0,"","","","","",""
3100,Ujjani Dam_1,Maharashtra SW,27,Maharashtra,496,Solapur,-,-,-,-,-,-,-,-,-,18.07402000,75.12002000,25-12-2024 19:00,0,0,0,0,0,0,0,0,0,0,0,0,0,0,0,0,0,0,0,0,0,0,0,0,0,0,0,0,0,0,0,0,0,0,0,0,0,0,0,0,0,0,0,0,"","","","","",""
3101,Ujjani Dam_1,Maharashtra SW,27,Maharashtra,496,Solapur,-,-,-,-,-,-,-,-,-,18.07402000,75.12002000,25-12-2024 20:00,0,0,0,0,0,0,0,0,0,0,0,0,0,0,0,0,0,0,0,0,0,0,0,0,0,0,0,0,0,0,0,0,0,0,0,0,0,0,0,0,0,0,0,0,"","","","","",""
3102,Ujjani Dam_1,Maharashtra SW,27,Maharashtra,496,Solapur,-,-,-,-,-,-,-,-,-,18.07402000,75.12002000,25-12-2024 21:00,0,0,0,0,0,0,0,0,0,0,0,0,0,0,0,0,0,0,0,0,0,0,0,0,0,0,0,0,0,0,0,0,0,0,0,0,0,0,0,0,0,0,0,0,"","","","","",""
3103,Ujjani Dam_1,Maharashtra SW,27,Maharashtra,496,Solapur,-,-,-,-,-,-,-,-,-,18.07402000,75.12002000,25-12-2024 22:00,0,0,0,0,0,0,0,0,0,0,0,0,0,0,0,0,0,0,0,0,0,0,0,0,0,0,0,0,0,0,0,0,0,0,0,0,0,0,0,0,0,0,0,0,"","","","","",""
3104,Ujjani Dam_1,Maharashtra SW,27,Maharashtra,496,Solapur,-,-,-,-,-,-,-,-,-,18.07402000,75.12002000,25-12-2024 23:00,0,0,0,0,0,0,0,0,0,0,0,0,0,0,0,0,0,0,0,0,0,0,0,0,0,0,0,0,0,0,0,0,0,0,0,0,0,0,0,0,0,0,0,0,"","","","","",""
3105,Ujjani Dam_1,Maharashtra SW,27,Maharashtra,496,Solapur,-,-,-,-,-,-,-,-,-,18.07402000,75.12002000,26-12-2024 00:00,0,0,0,0,0,0,0,0,0,0,0,0,0,0,0,0,0,0,0,0,0,0,0,0,0,0,0,0,0,0,0,0,0,0,0,0,0,0,0,0,0,0,0,0,"","","","","",""
3106,Ujjani Dam_1,Maharashtra SW,27,Maharashtra,496,Solapur,-,-,-,-,-,-,-,-,-,18.07402000,75.12002000,26-12-2024 02:00,0,0,0,0,0,0,0,0,0,0,0,0,0,0,0,0,0,0,0,0,0,0,0,0,0,0,0,0,0,0,0,0,0,0,0,0,0,0,0,0,0,0,0,0,"","","","","",""
3107,Ujjani Dam_1,Maharashtra SW,27,Maharashtra,496,Solapur,-,-,-,-,-,-,-,-,-,18.07402000,75.12002000,26-12-2024 03:00,0,0,0,0,0,0,0,0,0,0,0,0,0,0,0,0,0,0,0,0,0,0,0,0,0,0,0,0,0,0,0,0,0,0,0,0,0,0,0,0,0,0,0,0,"","","","","",""
3108,Ujjani Dam_1,Maharashtra SW,27,Maharashtra,496,Solapur,-,-,-,-,-,-,-,-,-,18.07402000,75.12002000,26-12-2024 04:00,0,0,0,0,0,0,0,0,0,0,0,0,0,0,0,0,0,0,0,0,0,0,0,0,0,0,0,0,0,0,0,0,0,0,0,0,0,0,0,0,0,0,0,0,"","","","","",""
3109,Ujjani Dam_1,Maharashtra SW,27,Maharashtra,496,Solapur,-,-,-,-,-,-,-,-,-,18.07402000,75.12002000,26-12-2024 05:00,0,0,0,0,0,0,0,0,0,0,0,0,0,0,0,0,0,0,0,0,0,0,0,0,0,0,0,0,0,0,0,0,0,0,0,0,0,0,0,0,0,0,0,0,"","","","","",""
3110,Ujjani Dam_1,Maharashtra SW,27,Maharashtra,496,Solapur,-,-,-,-,-,-,-,-,-,18.07402000,75.12002000,26-12-2024 06:00,0,0,0,0,0,0,0,0,0,0,0,0,0,0,0,0,0,0,0,0,0,0,0,0,0,0,0,0,0,0,0,0,0,0,0,0,0,0,0,0,0,0,0,0,"","","","","",""
3111,Ujjani Dam_1,Maharashtra SW,27,Maharashtra,496,Solapur,-,-,-,-,-,-,-,-,-,18.07402000,75.12002000,26-12-2024 07:00,0,0,0,0,0,0,0,0,0,0,0,0,0,0,0,0,0,0,0,0,0,0,0,0,0,0,0,0,0,0,0,0,0,0,0,0,0,0,0,0,0,0,0,0,"","","","","",""
3112,Ujjani Dam_1,Maharashtra SW,27,Maharashtra,496,Solapur,-,-,-,-,-,-,-,-,-,18.07402000,75.12002000,26-12-2024 08:00,0,0,0,0,0,0,0,0,0,0,0,0,0,0,0,0,0,0,0,0,0,0,0,0,0,0,0,0,0,0,0,0,0,0,0,0,0,0,0,0,0,0,0,0,"","","","","",""
3113,Ujjani Dam_1,Maharashtra SW,27,Maharashtra,496,Solapur,-,-,-,-,-,-,-,-,-,18.07402000,75.12002000,26-12-2024 10:00,0,0,0,0,0,0,0,0,0,0,0,0,0,0,0,0,0,0,0,0,0,0,0,0,0,0,0,0,0,0,0,0,0,0,0,0,0,0,0,0,0,0,0,0,"","","","","",""
3114,Ujjani Dam_1,Maharashtra SW,27,Maharashtra,496,Solapur,-,-,-,-,-,-,-,-,-,18.07402000,75.12002000,26-12-2024 11:00,0,0,0,0,0,0,0,0,0,0,0,0,0,0,0,0,0,0,0,0,0,0,0,0,0,0,0,0,0,0,0,0,0,0,0,0,0,0,0,0,0,0,0,0,"","","","","",""
3115,Ujjani Dam_1,Maharashtra SW,27,Maharashtra,496,Solapur,-,-,-,-,-,-,-,-,-,18.07402000,75.12002000,26-12-2024 12:00,0,0,0,0,0,0,0,0,0,0,0,0,0,0,0,0,0,0,0,0,0,0,0,0,0,0,0,0,0,0,0,0,0,0,0,0,0,0,0,0,0,0,0,0,"","","","","",""
3116,Ujjani Dam_1,Maharashtra SW,27,Maharashtra,496,Solapur,-,-,-,-,-,-,-,-,-,18.07402000,75.12002000,26-12-2024 13:00,0,0,0,0,0,0,0,0,0,0,0,0,0,0,0,0,0,0,0,0,0,0,0,0,0,0,0,0,0,0,0,0,0,0,0,0,0,0,0,0,0,0,0,0,"","","","","",""
3117,Ujjani Dam_1,Maharashtra SW,27,Maharashtra,496,Solapur,-,-,-,-,-,-,-,-,-,18.07402000,75.12002000,26-12-2024 14:00,0,0,0,0,0,0,0,0,0,0,0,0,0,0,0,0,0,0,0,0,0,0,0,0,0,0,0,0,0,0,0,0,0,0,0,0,0,0,0,0,0,0,0,0,"","","","","",""
3118,Ujjani Dam_1,Maharashtra SW,27,Maharashtra,496,Solapur,-,-,-,-,-,-,-,-,-,18.07402000,75.12002000,26-12-2024 15:00,0,0,0,0,0,0,0,0,0,0,0,0,0,0,0,0,0,0,0,0,0,0,0,0,0,0,0,0,0,0,0,0,0,0,0,0,0,0,0,0,0,0,0,0,"","","","","",""
3119,Ujjani Dam_1,Maharashtra SW,27,Maharashtra,496,Solapur,-,-,-,-,-,-,-,-,-,18.07402000,75.12002000,26-12-2024 16:00,763.86,0,0,0,0,0,0,0,0,0,0,0,0,0,0,763.86,0,0,0,0,0,0,0,0,0,0,0,0,0,0,0,0,0,0,0,0,0,0,0,0,0,0,0,0,"","","","","",""
3120,Ujjani Dam_1,Maharashtra SW,27,Maharashtra,496,Solapur,-,-,-,-,-,-,-,-,-,18.07402000,75.12002000,26-12-2024 18:00,762.44,0,0,0,0,0,0,0,0,0,0,0,0,0,0,762.44,0,0,0,0,0,0,0,0,0,0,0,0,0,0,0,0,0,0,0,0,0,0,0,0,0,0,0,0,"","","","","",""
3121,Ujjani Dam_1,Maharashtra SW,27,Maharashtra,496,Solapur,-,-,-,-,-,-,-,-,-,18.07402000,75.12002000,26-12-2024 19:00,763.15,0,0,0,0,0,0,0,0,0,0,0,0,0,0,763.15,0,0,0,0,0,0,0,0,0,0,0,0,0,0,0,0,0,0,0,0,0,0,0,0,0,0,0,0,"","","","","",""
3122,Ujjani Dam_1,Maharashtra SW,27,Maharashtra,496,Solapur,-,-,-,-,-,-,-,-,-,18.07402000,75.12002000,26-12-2024 20:00,762.44,0,0,0,0,0,0,0,0,0,0,0,0,0,0,762.44,0,0,0,0,0,0,0,0,0,0,0,0,0,0,0,0,0,0,0,0,0,0,0,0,0,0,0,0,"","","","","",""
3123,Ujjani Dam_1,Maharashtra SW,27,Maharashtra,496,Solapur,-,-,-,-,-,-,-,-,-,18.07402000,75.12002000,26-12-2024 21:00,761.74,0,0,0,0,0,0,728.89,728.89,0,0,0,0,0,0,761.74,0,0,0,0,0,0,0,0,0,0,0,0,0,0,0,0,0,0,0,0,0,0,0,0,0,0,0,0,"","","","","",""
3124,Ujjani Dam_1,Maharashtra SW,27,Maharashtra,496,Solapur,-,-,-,-,-,-,-,-,-,18.07402000,75.12002000,26-12-2024 22:00,762.44,0,0,0,0,0,0,729.6,729.6,0,0,0,0,0,0,762.44,0,0,0,0,0,0,0,0,0,0,0,0,0,0,0,0,0,0,0,0,0,0,0,0,0,0,0,0,"","","","","",""
3125,Ujjani Dam_1,Maharashtra SW,27,Maharashtra,496,Solapur,-,-,-,-,-,-,-,-,-,18.07402000,75.12002000,26-12-2024 23:00,762.44,0,0,0,0,0,0,729.6,729.6,0,0,0,0,0,0,762.44,0,0,0,0,0,0,0,0,0,0,0,0,0,0,0,0,0,0,0,0,0,0,0,0,0,0,0,0,"","","","","",""
3126,Ujjani Dam_1,Maharashtra SW,27,Maharashtra,496,Solapur,-,-,-,-,-,-,-,-,-,18.07402000,75.12002000,27-12-2024 01:00,761.74,0,0,0,0,0,0,728.89,728.89,0,0,0,0,0,0,761.74,0,0,0,0,0,0,0,0,0,0,0,0,0,0,0,0,0,0,0,0,0,0,0,0,0,0,0,0,"","","","","",""
3127,Ujjani Dam_1,Maharashtra SW,27,Maharashtra,496,Solapur,-,-,-,-,-,-,-,-,-,18.07402000,75.12002000,27-12-2024 02:00,761.38,0,0,0,0,0,0,728.54,728.54,0,0,0,0,0,0,761.38,0,0,0,0,0,0,0,0,0,0,0,0,0,0,0,0,0,0,0,0,0,0,0,0,0,0,0,0,"","","","","",""
3128,Ujjani Dam_1,Maharashtra SW,27,Maharashtra,496,Solapur,-,-,-,-,-,-,-,-,-,18.07402000,75.12002000,27-12-2024 03:00,761.38,0,0,0,0,0,0,728.54,728.54,0,0,0,0,0,0,761.38,0,0,0,0,0,0,0,0,0,0,0,0,0,0,0,0,0,0,0,0,0,0,0,0,0,0,0,0,"","","","","",""
3129,Ujjani Dam_1,Maharashtra SW,27,Maharashtra,496,Solapur,-,-,-,-,-,-,-,-,-,18.07402000,75.12002000,27-12-2024 04:00,761.74,0,0,0,0,0,0,728.89,728.89,0,0,0,0,0,0,761.74,0,0,0,0,0,0,0,0,0,0,0,0,0,0,0,0,0,0,0,0,0,0,0,0,0,0,0,0,"","","","","",""
3130,Ujjani Dam_1,Maharashtra SW,27,Maharashtra,496,Solapur,-,-,-,-,-,-,-,-,-,18.07402000,75.12002000,27-12-2024 05:00,761.38,0,0,0,0,0,0,728.54,728.54,0,0,0,0,0,0,761.38,0,0,0,0,0,0,0,0,0,0,0,0,0,0,0,0,0,0,0,0,0,0,0,0,0,0,0,0,"","","","","",""
3131,Ujjani Dam_1,Maharashtra SW,27,Maharashtra,496,Solapur,-,-,-,-,-,-,-,-,-,18.07402000,75.12002000,27-12-2024 06:00,761.38,0,0,0,0,0,728.54,728.54,728.54,0,0,0,0,0,0,761.38,0,0,0,0,0,0,0,0,0,0,0,0,0,0,0,0,0,0,0,0,0,0,0,0,0,0,0,0,"","","","","",""
3132,Ujjani Dam_1,Maharashtra SW,27,Maharashtra,496,Solapur,-,-,-,-,-,-,-,-,-,18.07402000,75.12002000,27-12-2024 07:00,761.38,0,0,0,0,0,728.54,728.54,728.54,728.54,0,0,0,0,0,761.38,0,0,0,0,0,0,0,0,0,0,0,0,0,0,0,0,0,0,0,0,0,0,0,0,0,0,0,0,"","","","","",""
3133,Ujjani Dam_1,Maharashtra SW,27,Maharashtra,496,Solapur,-,-,-,-,-,-,-,-,-,18.07402000,75.12002000,27-12-2024 09:00,760.68,0,0,0,0,0,727.84,727.84,727.84,727.84,0,0,0,0,0,760.68,0,0,0,0,0,0,0,0,0,0,0,0,0,0,0,0,0,0,0,0,0,0,0,0,0,0,0,0,"","","","","",""
3134,Ujjani Dam_1,Maharashtra SW,27,Maharashtra,496,Solapur,-,-,-,-,-,-,-,-,-,18.07402000,75.12002000,27-12-2024 10:00,760.68,0,0,0,0,0,727.84,727.84,727.84,727.84,0,0,0,0,0,760.68,0,0,0,0,0,0,0,0,0,0,0,0,0,0,0,0,0,0,0,0,0,0,0,0,0,0,0,0,"","","","","",""
3135,Ujjani Dam_1,Maharashtra SW,27,Maharashtra,496,Solapur,-,-,-,-,-,-,-,-,-,18.07402000,75.12002000,27-12-2024 11:00,759.27,0,0,0,0,0,726.78,726.78,726.78,726.78,0,0,0,0,0,759.27,0,0,0,0,0,0,0,0,0,0,0,0,0,0,0,0,0,0,0,0,0,0,0,0,0,0,0,0,"","","","","",""
3136,Ujjani Dam_1,Maharashtra SW,27,Maharashtra,496,Solapur,-,-,-,-,-,-,-,-,-,18.07402000,75.12002000,27-12-2024 12:00,761.38,0,0,0,0,0,728.54,728.54,728.54,728.54,0,0,0,0,0,761.38,0,0,0,0,0,0,0,0,0,0,0,0,0,0,0,0,0,0,0,0,0,0,0,0,0,0,0,0,"","","","","",""
3137,Ujjani Dam_1,Maharashtra SW,27,Maharashtra,496,Solapur,-,-,-,-,-,-,-,-,-,18.07402000,75.12002000,27-12-2024 13:00,759.97,0,0,0,0,0,727.13,727.13,727.13,727.13,0,0,0,0,0,759.97,0,0,0,0,0,0,0,0,0,0,0,0,0,0,0,0,0,0,0,0,0,0,0,0,0,0,0,0,"","","","","",""
3138,Ujjani Dam_1,Maharashtra SW,27,Maharashtra,496,Solapur,-,-,-,-,-,-,-,-,-,18.07402000,75.12002000,27-12-2024 14:00,759.97,0,0,0,0,0,727.13,727.13,727.13,727.13,0,0,0,0,0,759.97,0,0,0,0,0,0,0,0,0,0,0,0,0,0,0,0,0,0,0,0,0,0,0,0,0,0,0,0,"","","","","",""
3139,Ujjani Dam_1,Maharashtra SW,27,Maharashtra,496,Solapur,-,-,-,-,-,-,-,-,-,18.07402000,75.12002000,27-12-2024 15:00,759.27,0,0,0,0,0,726.78,726.78,726.78,726.78,0,0,0,0,0,759.27,0,0,0,0,0,0,0,0,0,0,0,0,0,0,0,0,0,0,0,0,0,0,0,0,0,0,0,0,"","","","","",""
3140,Ujjani Dam_1,Maharashtra SW,27,Maharashtra,496,Solapur,-,-,-,-,-,-,-,-,-,18.07402000,75.12002000,27-12-2024 17:00,759.27,0,0,0,0,0,726.78,726.78,726.78,726.78,0,0,0,0,0,759.27,0,0,0,0,0,0,0,0,0,0,0,0,0,0,0,0,0,0,0,0,0,0,0,0,0,0,0,0,"","","","","",""
3141,Ujjani Dam_1,Maharashtra SW,27,Maharashtra,496,Solapur,-,-,-,-,-,-,-,-,-,18.07402000,75.12002000,27-12-2024 18:00,759.97,0,0,0,0,0,727.13,727.13,727.13,727.13,0,0,0,0,0,759.97,0,0,0,0,0,0,0,0,0,0,0,0,0,0,0,0,0,0,0,0,0,0,0,0,0,0,0,0,"","","","","",""
3142,Ujjani Dam_1,Maharashtra SW,27,Maharashtra,496,Solapur,-,-,-,-,-,-,-,-,-,18.07402000,75.12002000,27-12-2024 19:00,759.27,0,0,0,0,0,726.78,726.78,726.78,726.78,0,0,0,0,0,759.27,0,0,0,0,0,0,0,0,0,0,0,0,0,0,0,0,0,0,0,0,0,0,0,0,0,0,0,0,"","","","","",""
3143,Ujjani Dam_1,Maharashtra SW,27,Maharashtra,496,Solapur,-,-,-,-,-,-,-,-,-,18.07402000,75.12002000,27-12-2024 20:00,759.27,0,0,0,0,0,726.78,726.78,726.78,726.78,0,0,0,0,0,759.27,0,0,0,0,0,0,0,0,0,0,0,0,0,0,0,0,0,0,0,0,0,0,0,0,0,0,0,0,"","","","","",""
3144,Ujjani Dam_1,Maharashtra SW,27,Maharashtra,496,Solapur,-,-,-,-,-,-,-,-,-,18.07402000,75.12002000,27-12-2024 21:00,759.27,0,0,0,0,0,726.78,726.78,726.78,726.78,0,0,0,0,0,759.27,0,0,0,0,0,0,0,0,0,0,0,0,0,0,0,0,0,0,0,0,0,0,0,0,0,0,0,0,"","","","","",""
3145,Ujjani Dam_1,Maharashtra SW,27,Maharashtra,496,Solapur,-,-,-,-,-,-,-,-,-,18.07402000,75.12002000,27-12-2024 22:00,759.27,0,0,0,0,0,726.78,726.78,726.78,726.78,0,0,0,0,0,759.27,0,0,0,0,0,0,0,0,0,0,0,0,0,0,0,0,0,0,0,0,0,0,0,0,0,0,0,0,"","","","","",""
3146,Ujjani Dam_1,Maharashtra SW,27,Maharashtra,496,Solapur,-,-,-,-,-,-,-,-,-,18.07402000,75.12002000,27-12-2024 23:00,759.27,0,0,0,0,0,726.78,726.78,726.78,726.78,0,0,0,0,0,759.27,0,0,0,0,0,0,0,0,0,0,0,0,0,0,0,0,0,0,0,0,0,0,0,0,0,0,0,0,"","","","","",""
3147,Ujjani Dam_1,Maharashtra SW,27,Maharashtra,496,Solapur,-,-,-,-,-,-,-,-,-,18.07402000,75.12002000,28-12-2024 01:00,758.56,0,0,0,0,0,726.07,726.07,726.07,726.07,0,0,0,0,0,758.56,0,0,0,0,0,0,0,0,0,0,0,0,0,0,0,0,0,0,0,0,0,0,0,0,0,0,0,0,"","","","","",""
3148,Ujjani Dam_1,Maharashtra SW,27,Maharashtra,496,Solapur,-,-,-,-,-,-,-,-,-,18.07402000,75.12002000,28-12-2024 02:00,759.27,0,0,0,0,0,726.78,726.78,726.78,726.78,0,0,0,0,0,759.27,0,0,0,0,0,0,0,0,0,0,0,0,0,0,0,0,0,0,0,0,0,0,0,0,0,0,0,0,"","","","","",""
3149,Ujjani Dam_1,Maharashtra SW,27,Maharashtra,496,Solapur,-,-,-,-,-,-,-,-,-,18.07402000,75.12002000,28-12-2024 03:00,758.21,0,0,0,0,0,725.36,725.36,725.36,725.36,0,0,0,0,0,758.21,0,0,0,0,0,0,0,0,0,0,0,0,0,0,0,0,0,0,0,0,0,0,0,0,0,0,0,0,"","","","","",""
3150,Ujjani Dam_1,Maharashtra SW,27,Maharashtra,496,Solapur,-,-,-,-,-,-,-,-,-,18.07402000,75.12002000,28-12-2024 04:00,758.56,0,0,0,0,0,726.07,726.07,726.07,726.07,0,0,0,0,0,758.56,0,0,0,0,0,0,0,0,0,0,0,0,0,0,0,0,0,0,0,0,0,0,0,0,0,0,0,0,"","","","","",""
3151,Ujjani Dam_1,Maharashtra SW,27,Maharashtra,496,Solapur,-,-,-,-,-,-,-,-,-,18.07402000,75.12002000,28-12-2024 05:00,758.56,0,0,0,0,0,726.07,726.07,726.07,726.07,0,0,0,0,0,758.56,0,0,0,0,0,0,0,0,0,0,0,0,0,0,0,0,0,0,0,0,0,0,0,0,0,0,0,0,"","","","","",""
3152,Ujjani Dam_1,Maharashtra SW,27,Maharashtra,496,Solapur,-,-,-,-,-,-,-,-,-,18.07402000,75.12002000,28-12-2024 07:00,759.27,0,0,0,0,0,726.78,726.78,726.78,726.78,0,0,0,0,0,759.27,0,0,0,0,0,0,0,0,0,0,0,0,0,0,0,0,0,0,0,0,0,0,0,0,0,0,0,0,"","","","","",""
3153,Ujjani Dam_1,Maharashtra SW,27,Maharashtra,496,Solapur,-,-,-,-,-,-,-,-,-,18.07402000,75.12002000,28-12-2024 08:00,758.21,0,0,0,0,0,725.36,725.36,725.36,725.36,0,0,0,0,0,758.21,0,0,0,0,0,0,0,0,0,0,0,0,0,0,0,0,0,0,0,0,0,0,0,0,0,0,0,0,"","","","","",""
3154,Ujjani Dam_1,Maharashtra SW,27,Maharashtra,496,Solapur,-,-,-,-,-,-,-,-,-,18.07402000,75.12002000,28-12-2024 09:00,757.5,0,0,0,0,0,724.66,724.66,724.66,724.66,0,0,0,0,0,757.5,0,0,0,0,0,0,0,0,0,0,0,0,0,0,0,0,0,0,0,0,0,0,0,0,0,0,0,0,"","","","","",""
3155,Ujjani Dam_1,Maharashtra SW,27,Maharashtra,496,Solapur,-,-,-,-,-,-,-,-,-,18.07402000,75.12002000,28-12-2024 10:00,756.79,0,0,0,0,0,724.3,724.3,724.3,724.3,0,0,0,0,0,756.79,0,0,0,0,0,0,0,0,0,0,0,0,0,0,0,0,0,0,0,0,0,0,0,0,0,0,0,0,"","","","","",""
3156,Ujjani Dam_1,Maharashtra SW,27,Maharashtra,496,Solapur,-,-,-,-,-,-,-,-,-,18.07402000,75.12002000,28-12-2024 11:00,758.56,0,0,0,0,0,726.07,726.07,726.07,726.07,0,0,0,0,0,758.56,0,0,0,0,0,0,0,0,0,0,0,0,0,0,0,0,0,0,0,0,0,0,0,0,0,0,0,0,"","","","","",""
3157,Ujjani Dam_1,Maharashtra SW,27,Maharashtra,496,Solapur,-,-,-,-,-,-,-,-,-,18.07402000,75.12002000,28-12-2024 12:00,756.79,0,0,0,0,0,724.3,724.3,724.3,724.3,0,0,0,0,0,756.79,0,0,0,0,0,0,0,0,0,0,0,0,0,0,0,0,0,0,0,0,0,0,0,0,0,0,0,0,"","","","","",""
3158,Ujjani Dam_1,Maharashtra SW,27,Maharashtra,496,Solapur,-,-,-,-,-,-,-,-,-,18.07402000,75.12002000,28-12-2024 13:00,757.5,0,0,0,0,0,724.66,724.66,724.66,724.66,0,0,0,0,0,757.5,0,0,0,0,0,0,0,0,0,0,0,0,0,0,0,0,0,0,0,0,0,0,0,0,0,0,0,0,"","","","","",""
3159,Ujjani Dam_1,Maharashtra SW,27,Maharashtra,496,Solapur,-,-,-,-,-,-,-,-,-,18.07402000,75.12002000,28-12-2024 14:00,757.5,0,0,0,0,0,724.66,724.66,724.66,724.66,0,0,0,0,0,757.5,0,0,0,0,0,0,0,0,0,0,0,0,0,0,0,0,0,0,0,0,0,0,0,0,0,0,0,0,"","","","","",""
3160,Ujjani Dam_1,Maharashtra SW,27,Maharashtra,496,Solapur,-,-,-,-,-,-,-,-,-,18.07402000,75.12002000,28-12-2024 16:00,756.79,0,0,0,0,0,724.3,724.3,724.3,724.3,0,0,0,0,0,756.79,0,0,0,0,0,0,0,0,0,0,0,0,0,0,0,0,0,0,0,0,0,0,0,0,0,0,0,0,"","","","","",""
3161,Ujjani Dam_1,Maharashtra SW,27,Maharashtra,496,Solapur,-,-,-,-,-,-,-,-,-,18.07402000,75.12002000,28-12-2024 17:00,757.5,0,0,0,0,0,724.66,724.66,724.66,724.66,0,0,0,0,0,757.5,0,0,0,0,0,0,0,0,0,0,0,0,0,0,0,0,0,0,0,0,0,0,0,0,0,0,0,0,"","","","","",""
3162,Ujjani Dam_1,Maharashtra SW,27,Maharashtra,496,Solapur,-,-,-,-,-,-,-,-,-,18.07402000,75.12002000,28-12-2024 18:00,757.5,0,0,0,0,0,724.66,724.66,724.66,724.66,0,0,0,0,0,757.5,0,0,0,0,0,0,0,0,0,0,0,0,0,0,0,0,0,0,0,0,0,0,0,0,0,0,0,0,"","","","","",""
3163,Ujjani Dam_1,Maharashtra SW,27,Maharashtra,496,Solapur,-,-,-,-,-,-,-,-,-,18.07402000,75.12002000,28-12-2024 19:00,756.79,0,0,0,0,0,724.3,724.3,724.3,724.3,0,0,0,0,0,756.79,0,0,0,0,0,0,0,0,0,0,0,0,0,0,0,0,0,0,0,0,0,0,0,0,0,0,0,0,"","","","","",""
3164,Ujjani Dam_1,Maharashtra SW,27,Maharashtra,496,Solapur,-,-,-,-,-,-,-,-,-,18.07402000,75.12002000,28-12-2024 20:00,756.79,0,0,0,0,0,724.3,724.3,724.3,724.3,0,0,0,0,0,756.79,0,0,0,0,0,0,0,0,0,0,0,0,0,0,0,0,0,0,0,0,0,0,0,0,0,0,0,0,"","","","","",""
3165,Ujjani Dam_1,Maharashtra SW,27,Maharashtra,496,Solapur,-,-,-,-,-,-,-,-,-,18.07402000,75.12002000,28-12-2024 21:00,756.79,0,0,0,0,0,724.3,724.3,724.3,724.3,0,0,0,0,0,756.79,0,0,0,0,0,0,0,0,0,0,0,0,0,0,0,0,0,0,0,0,0,0,0,0,0,0,0,0,"","","","","",""
3166,Ujjani Dam_1,Maharashtra SW,27,Maharashtra,496,Solapur,-,-,-,-,-,-,-,-,-,18.07402000,75.12002000,28-12-2024 22:00,756.09,0,0,0,0,0,723.6,723.6,723.6,723.6,0,0,0,0,0,756.09,0,0,0,0,0,0,0,0,0,0,0,0,0,0,0,0,0,0,0,0,0,0,0,0,0,0,0,0,"","","","","",""
3167,Ujjani Dam_1,Maharashtra SW,27,Maharashtra,496,Solapur,-,-,-,-,-,-,-,-,-,18.07402000,75.12002000,28-12-2024 23:00,755.38,0,0,0,0,0,722.89,722.89,722.89,722.89,0,0,0,0,0,755.38,0,0,0,0,0,0,0,0,0,0,0,0,0,0,0,0,0,0,0,0,0,0,0,0,0,0,0,0,"","","","","",""
3168,Ujjani Dam_1,Maharashtra SW,27,Maharashtra,496,Solapur,-,-,-,-,-,-,-,-,-,18.07402000,75.12002000,29-12-2024 01:00,756.09,0,0,0,0,0,723.6,723.6,723.6,723.6,0,0,0,0,0,756.09,0,0,0,0,0,0,0,0,0,0,0,0,0,0,0,0,0,0,0,0,0,0,0,0,0,0,0,0,"","","","","",""
3169,Ujjani Dam_1,Maharashtra SW,27,Maharashtra,496,Solapur,-,-,-,-,-,-,-,-,-,18.07402000,75.12002000,29-12-2024 02:00,755.38,0,0,0,0,0,722.89,722.89,722.89,722.89,0,0,0,0,0,755.38,0,0,0,0,0,0,0,0,0,0,0,0,0,0,0,0,0,0,0,0,0,0,0,0,0,0,0,0,"","","","","",""
3170,Ujjani Dam_1,Maharashtra SW,27,Maharashtra,496,Solapur,-,-,-,-,-,-,-,-,-,18.07402000,75.12002000,29-12-2024 03:00,756.09,0,0,0,0,0,723.6,723.6,723.6,723.6,0,0,0,0,0,756.09,0,0,0,0,0,0,0,0,0,0,0,0,0,0,0,0,0,0,0,0,0,0,0,0,0,0,0,0,"","","","","",""
3171,Ujjani Dam_1,Maharashtra SW,27,Maharashtra,496,Solapur,-,-,-,-,-,-,-,-,-,18.07402000,75.12002000,29-12-2024 04:00,754.67,0,0,0,0,0,722.19,722.19,722.19,722.19,0,0,0,0,0,754.67,0,0,0,0,0,0,0,0,0,0,0,0,0,0,0,0,0,0,0,0,0,0,0,0,0,0,0,0,"","","","","",""
3172,Ujjani Dam_1,Maharashtra SW,27,Maharashtra,496,Solapur,-,-,-,-,-,-,-,-,-,18.07402000,75.12002000,29-12-2024 05:00,754.67,0,0,0,0,0,722.19,722.19,722.19,722.19,0,0,0,0,0,754.67,0,0,0,0,0,0,0,0,0,0,0,0,0,0,0,0,0,0,0,0,0,0,0,0,0,0,0,0,"","","","","",""
3173,Ujjani Dam_1,Maharashtra SW,27,Maharashtra,496,Solapur,-,-,-,-,-,-,-,-,-,18.07402000,75.12002000,29-12-2024 06:00,754.32,0,0,0,0,0,721.83,721.83,721.83,721.83,0,0,0,0,0,754.32,0,0,0,0,0,0,0,0,0,0,0,0,0,0,0,0,0,0,0,0,0,0,0,0,0,0,0,0,"","","","","",""
3174,Ujjani Dam_1,Maharashtra SW,27,Maharashtra,496,Solapur,-,-,-,-,-,-,-,-,-,18.07402000,75.12002000,29-12-2024 07:00,754.67,0,0,0,0,0,722.19,722.19,722.19,722.19,0,0,0,0,0,754.67,0,0,0,0,0,0,0,0,0,0,0,0,0,0,0,0,0,0,0,0,0,0,0,0,0,0,0,0,"","","","","",""
3175,Ujjani Dam_1,Maharashtra SW,27,Maharashtra,496,Solapur,-,-,-,-,-,-,-,-,-,18.07402000,75.12002000,29-12-2024 09:00,754.32,0,0,0,0,0,721.83,721.83,721.83,721.83,0,0,0,0,0,754.32,0,0,0,0,0,0,0,0,0,0,0,0,0,0,0,0,0,0,0,0,0,0,0,0,0,0,0,0,"","","","","",""
3176,Ujjani Dam_1,Maharashtra SW,27,Maharashtra,496,Solapur,-,-,-,-,-,-,-,-,-,18.07402000,75.12002000,29-12-2024 10:00,753.62,0,0,0,0,0,721.13,721.13,721.13,721.13,0,0,0,0,0,753.62,0,0,0,0,0,0,0,0,0,0,0,0,0,0,0,0,0,0,0,0,0,0,0,0,0,0,0,0,"","","","","",""
3177,Ujjani Dam_1,Maharashtra SW,27,Maharashtra,496,Solapur,-,-,-,-,-,-,-,-,-,18.07402000,75.12002000,29-12-2024 11:00,754.32,0,0,0,0,0,721.83,721.83,721.83,721.83,0,0,0,0,0,754.32,0,0,0,0,0,0,0,0,0,0,0,0,0,0,0,0,0,0,0,0,0,0,0,0,0,0,0,0,"","","","","",""
3178,Ujjani Dam_1,Maharashtra SW,27,Maharashtra,496,Solapur,-,-,-,-,-,-,-,-,-,18.07402000,75.12002000,29-12-2024 12:00,753.62,0,0,0,0,0,721.13,721.13,721.13,721.13,0,0,0,0,0,753.62,0,0,0,0,0,0,0,0,0,0,0,0,0,0,0,0,0,0,0,0,0,0,0,0,0,0,0,0,"","","","","",""
3179,Ujjani Dam_1,Maharashtra SW,27,Maharashtra,496,Solapur,-,-,-,-,-,-,-,-,-,18.07402000,75.12002000,29-12-2024 13:00,754.32,0,0,0,0,0,721.83,721.83,721.83,721.83,0,0,0,0,0,754.32,0,0,0,0,0,0,0,0,0,0,0,0,0,0,0,0,0,0,0,0,0,0,0,0,0,0,0,0,"","","","","",""
3180,Ujjani Dam_1,Maharashtra SW,27,Maharashtra,496,Solapur,-,-,-,-,-,-,-,-,-,18.07402000,75.12002000,29-12-2024 14:00,753.62,0,0,0,0,0,721.13,721.13,721.13,721.13,0,0,0,0,0,753.62,0,0,0,0,0,0,0,0,0,0,0,0,0,0,0,0,0,0,0,0,0,0,0,0,0,0,0,0,"","","","","",""
3181,Ujjani Dam_1,Maharashtra SW,27,Maharashtra,496,Solapur,-,-,-,-,-,-,-,-,-,18.07402000,75.12002000,29-12-2024 16:00,753.62,0,0,0,0,0,721.13,721.13,721.13,721.13,0,0,0,0,0,753.62,0,0,0,0,0,0,0,0,0,0,0,0,0,0,0,0,0,0,0,0,0,0,0,0,0,0,0,0,"","","","","",""
3182,Ujjani Dam_1,Maharashtra SW,27,Maharashtra,496,Solapur,-,-,-,-,-,-,-,-,-,18.07402000,75.12002000,29-12-2024 17:00,753.62,0,0,0,0,0,721.13,721.13,721.13,721.13,0,0,0,0,0,753.62,0,0,0,0,0,0,0,0,0,0,0,0,0,0,0,0,0,0,0,0,0,0,0,0,0,0,0,0,"","","","","",""
3183,Ujjani Dam_1,Maharashtra SW,27,Maharashtra,496,Solapur,-,-,-,-,-,-,-,-,-,18.07402000,75.12002000,29-12-2024 18:00,754.32,0,0,0,0,0,721.83,721.83,721.83,721.83,0,0,0,0,0,754.32,0,0,0,0,0,0,0,0,0,0,0,0,0,0,0,0,0,0,0,0,0,0,0,0,0,0,0,0,"","","","","",""
3184,Ujjani Dam_1,Maharashtra SW,27,Maharashtra,496,Solapur,-,-,-,-,-,-,-,-,-,18.07402000,75.12002000,29-12-2024 19:00,753.62,0,0,0,0,0,721.13,721.13,721.13,721.13,0,0,0,0,0,753.62,0,0,0,0,0,0,0,0,0,0,0,0,0,0,0,0,0,0,0,0,0,0,0,0,0,0,0,0,"","","","","",""
3185,Ujjani Dam_1,Maharashtra SW,27,Maharashtra,496,Solapur,-,-,-,-,-,-,-,-,-,18.07402000,75.12002000,29-12-2024 20:00,753.62,0,0,0,0,0,721.13,721.13,721.13,721.13,0,0,0,0,0,753.62,0,0,0,0,0,0,0,0,0,0,0,0,0,0,0,0,0,0,0,0,0,0,0,0,0,0,0,0,"","","","","",""
3186,Ujjani Dam_1,Maharashtra SW,27,Maharashtra,496,Solapur,-,-,-,-,-,-,-,-,-,18.07402000,75.12002000,29-12-2024 21:00,752.91,0,0,0,0,0,720.42,720.42,720.42,720.42,0,0,0,0,0,752.91,0,0,0,0,0,0,0,0,0,0,0,0,0,0,0,0,0,0,0,0,0,0,0,0,0,0,0,0,"","","","","",""
3187,Ujjani Dam_1,Maharashtra SW,27,Maharashtra,496,Solapur,-,-,-,-,-,-,-,-,-,18.07402000,75.12002000,29-12-2024 22:00,752.91,0,0,0,0,0,720.42,720.42,720.42,720.42,0,0,0,0,0,752.91,0,0,0,0,0,0,0,0,0,0,0,0,0,0,0,0,0,0,0,0,0,0,0,0,0,0,0,0,"","","","","",""
3188,Ujjani Dam_1,Maharashtra SW,27,Maharashtra,496,Solapur,-,-,-,-,-,-,-,-,-,18.07402000,75.12002000,30-12-2024 00:00,752.2,0,0,0,0,0,720.07,720.07,720.07,720.07,0,0,0,0,0,752.2,0,0,0,0,0,0,0,0,0,0,0,0,0,0,0,0,0,0,0,0,0,0,0,0,0,0,0,0,"","","","","",""
3189,Ujjani Dam_1,Maharashtra SW,27,Maharashtra,496,Solapur,-,-,-,-,-,-,-,-,-,18.07402000,75.12002000,30-12-2024 01:00,751.5,0,0,0,0,0,719.36,719.36,719.36,719.36,0,0,0,0,0,751.5,0,0,0,0,0,0,0,0,0,0,0,0,0,0,0,0,0,0,0,0,0,0,0,0,0,0,0,0,"","","","","",""
3190,Ujjani Dam_1,Maharashtra SW,27,Maharashtra,496,Solapur,-,-,-,-,-,-,-,-,-,18.07402000,75.12002000,30-12-2024 02:00,752.91,0,0,0,0,0,720.42,720.42,720.42,720.42,0,0,0,0,0,752.91,0,0,0,0,0,0,0,0,0,0,0,0,0,0,0,0,0,0,0,0,0,0,0,0,0,0,0,0,"","","","","",""
3191,Ujjani Dam_1,Maharashtra SW,27,Maharashtra,496,Solapur,-,-,-,-,-,-,-,-,-,18.07402000,75.12002000,30-12-2024 03:00,752.2,0,0,0,0,0,720.07,720.07,720.07,720.07,0,0,0,0,0,752.2,0,0,0,0,0,0,0,0,0,0,0,0,0,0,0,0,0,0,0,0,0,0,0,0,0,0,0,0,"","","","","",""
3192,Ujjani Dam_1,Maharashtra SW,27,Maharashtra,496,Solapur,-,-,-,-,-,-,-,-,-,18.07402000,75.12002000,30-12-2024 04:00,751.5,0,0,0,0,0,719.36,719.36,719.36,719.36,0,0,0,0,0,751.5,0,0,0,0,0,0,0,0,0,0,0,0,0,0,0,0,0,0,0,0,0,0,0,0,0,0,0,0,"","","","","",""
3193,Ujjani Dam_1,Maharashtra SW,27,Maharashtra,496,Solapur,-,-,-,-,-,-,-,-,-,18.07402000,75.12002000,30-12-2024 05:00,751.5,0,0,0,0,0,719.36,719.36,719.36,719.36,0,0,0,0,0,751.5,0,0,0,0,0,0,0,0,0,0,0,0,0,0,0,0,0,0,0,0,0,0,0,0,0,0,0,0,"","","","","",""
3194,Ujjani Dam_1,Maharashtra SW,27,Maharashtra,496,Solapur,-,-,-,-,-,-,-,-,-,18.07402000,75.12002000,30-12-2024 07:00,751.5,0,0,0,0,0,719.36,719.36,719.36,719.36,0,0,0,0,0,751.5,0,0,0,0,0,0,0,0,0,0,0,0,0,0,0,0,0,0,0,0,0,0,0,0,0,0,0,0,"","","","","",""
3195,Ujjani Dam_1,Maharashtra SW,27,Maharashtra,496,Solapur,-,-,-,-,-,-,-,-,-,18.07402000,75.12002000,30-12-2024 08:00,751.5,0,0,0,0,0,719.36,719.36,719.36,719.36,0,0,0,0,0,751.5,0,0,0,0,0,0,0,0,0,0,0,0,0,0,0,0,0,0,0,0,0,0,0,0,0,0,0,0,"","","","","",""
3196,Ujjani Dam_1,Maharashtra SW,27,Maharashtra,496,Solapur,-,-,-,-,-,-,-,-,-,18.07402000,75.12002000,30-12-2024 09:00,751.5,0,0,0,0,0,719.36,719.36,719.36,719.36,0,0,0,0,0,751.5,0,0,0,0,0,0,0,0,0,0,0,0,0,0,0,0,0,0,0,0,0,0,0,0,0,0,0,0,"","","","","",""
3197,Ujjani Dam_1,Maharashtra SW,27,Maharashtra,496,Solapur,-,-,-,-,-,-,-,-,-,18.07402000,75.12002000,30-12-2024 10:00,751.5,0,0,0,0,0,719.36,719.36,719.36,719.36,0,0,0,0,0,751.5,0,0,0,0,0,0,0,0,0,0,0,0,0,0,0,0,0,0,0,0,0,0,0,0,0,0,0,0,"","","","","",""
3198,Ujjani Dam_1,Maharashtra SW,27,Maharashtra,496,Solapur,-,-,-,-,-,-,-,-,-,18.07402000,75.12002000,30-12-2024 11:00,751.5,0,0,0,0,0,719.36,719.36,719.36,719.36,0,0,0,0,0,751.5,0,0,0,0,0,0,0,0,0,0,0,0,0,0,0,0,0,0,0,0,0,0,0,0,0,0,0,0,"","","","","",""
3199,Ujjani Dam_1,Maharashtra SW,27,Maharashtra,496,Solapur,-,-,-,-,-,-,-,-,-,18.07402000,75.12002000,30-12-2024 12:00,751.5,0,0,0,0,0,719.36,719.36,719.36,719.36,0,0,0,0,0,751.5,0,0,0,0,0,0,0,0,0,0,0,0,0,0,0,0,0,0,0,0,0,0,0,0,0,0,0,0,"","","","","",""
3200,Ujjani Dam_1,Maharashtra SW,27,Maharashtra,496,Solapur,-,-,-,-,-,-,-,-,-,18.07402000,75.12002000,30-12-2024 13:00,751.14,0,0,0,0,0,718.65,718.65,718.65,718.65,0,0,0,0,0,751.14,0,0,0,0,0,0,0,0,0,0,0,0,0,0,0,0,0,0,0,0,0,0,0,0,0,0,0,0,"","","","","",""
3201,Ujjani Dam_1,Maharashtra SW,27,Maharashtra,496,Solapur,-,-,-,-,-,-,-,-,-,18.07402000,75.12002000,30-12-2024 14:00,751.14,0,0,0,0,0,718.65,718.65,718.65,718.65,0,0,0,0,0,751.14,0,0,0,0,0,0,0,0,0,0,0,0,0,0,0,0,0,0,0,0,0,0,0,0,0,0,0,0,"","","","","",""
3202,Ujjani Dam_1,Maharashtra SW,27,Maharashtra,496,Solapur,-,-,-,-,-,-,-,-,-,18.07402000,75.12002000,30-12-2024 16:00,751.14,0,0,0,0,0,718.65,718.65,718.65,718.65,0,0,0,0,0,751.14,0,0,0,0,0,0,0,0,0,0,0,0,0,0,0,0,0,0,0,0,0,0,0,0,0,0,0,0,"","","","","",""
3203,Ujjani Dam_1,Maharashtra SW,27,Maharashtra,496,Solapur,-,-,-,-,-,-,-,-,-,18.07402000,75.12002000,30-12-2024 17:00,751.14,0,0,0,0,0,718.65,718.65,718.65,718.65,0,0,0,0,0,751.14,0,0,0,0,0,0,0,0,0,0,0,0,0,0,0,0,0,0,0,0,0,0,0,0,0,0,0,0,"","","","","",""
3204,Ujjani Dam_1,Maharashtra SW,27,Maharashtra,496,Solapur,-,-,-,-,-,-,-,-,-,18.07402000,75.12002000,30-12-2024 18:00,751.14,0,0,0,0,0,718.65,718.65,718.65,718.65,0,0,0,0,0,751.14,0,0,0,0,0,0,0,0,0,0,0,0,0,0,0,0,0,0,0,0,0,0,0,0,0,0,0,0,"","","","","",""
3205,Ujjani Dam_1,Maharashtra SW,27,Maharashtra,496,Solapur,-,-,-,-,-,-,-,-,-,18.07402000,75.12002000,30-12-2024 19:00,751.14,0,0,0,0,0,718.65,718.65,718.65,718.65,0,0,0,0,0,751.14,0,0,0,0,0,0,0,0,0,0,0,0,0,0,0,0,0,0,0,0,0,0,0,0,0,0,0,0,"","","","","",""
3206,Ujjani Dam_1,Maharashtra SW,27,Maharashtra,496,Solapur,-,-,-,-,-,-,-,-,-,18.07402000,75.12002000,30-12-2024 20:00,751.14,0,0,0,0,0,718.65,718.65,718.65,718.65,0,0,0,0,0,751.14,0,0,0,0,0,0,0,0,0,0,0,0,0,0,0,0,0,0,0,0,0,0,0,0,0,0,0,0,"","","","","",""
3207,Ujjani Dam_1,Maharashtra SW,27,Maharashtra,496,Solapur,-,-,-,-,-,-,-,-,-,18.07402000,75.12002000,30-12-2024 21:00,751.14,0,0,0,0,0,718.65,718.65,718.65,718.65,0,0,0,0,0,751.14,0,0,0,0,0,0,0,0,0,0,0,0,0,0,0,0,0,0,0,0,0,0,0,0,0,0,0,0,"","","","","",""
3208,Ujjani Dam_1,Maharashtra SW,27,Maharashtra,496,Solapur,-,-,-,-,-,-,-,-,-,18.07402000,75.12002000,30-12-2024 22:00,750.44,0,0,0,0,0,717.95,717.95,717.95,717.95,0,0,0,0,0,750.44,0,0,0,0,0,0,0,0,0,0,0,0,0,0,0,0,0,0,0,0,0,0,0,0,0,0,0,0,"","","","","",""
3209,Ujjani Dam_1,Maharashtra SW,27,Maharashtra,496,Solapur,-,-,-,-,-,-,-,-,-,18.07402000,75.12002000,31-12-2024 00:00,749.73,0,0,0,0,0,717.59,717.59,717.59,717.59,0,0,0,0,0,749.73,0,0,0,0,0,0,0,0,0,0,0,0,0,0,0,0,0,0,0,0,0,0,0,0,0,0,0,0,"","","","","",""
3210,Ujjani Dam_1,Maharashtra SW,27,Maharashtra,496,Solapur,-,-,-,-,-,-,-,-,-,18.07402000,75.12002000,31-12-2024 01:00,749.73,0,0,0,0,0,717.59,717.59,717.59,717.59,0,0,0,0,0,749.73,0,0,0,0,0,0,0,0,0,0,0,0,0,0,0,0,0,0,0,0,0,0,0,0,0,0,0,0,"","","","","",""
3211,Ujjani Dam_1,Maharashtra SW,27,Maharashtra,496,Solapur,-,-,-,-,-,-,-,-,-,18.07402000,75.12002000,31-12-2024 02:00,749.73,0,0,0,0,0,717.59,717.59,717.59,717.59,0,0,0,0,0,749.73,0,0,0,0,0,0,0,0,0,0,0,0,0,0,0,0,0,0,0,0,0,0,0,0,0,0,0,0,"","","","","",""
3212,Ujjani Dam_1,Maharashtra SW,27,Maharashtra,496,Solapur,-,-,-,-,-,-,-,-,-,18.07402000,75.12002000,31-12-2024 03:00,749.73,0,0,0,0,0,717.59,717.59,717.59,717.59,0,0,0,0,0,749.73,0,0,0,0,0,0,0,0,0,0,0,0,0,0,0,0,0,0,0,0,0,0,0,0,0,0,0,0,"","","","","",""
3213,Ujjani Dam_1,Maharashtra SW,27,Maharashtra,496,Solapur,-,-,-,-,-,-,-,-,-,18.07402000,75.12002000,31-12-2024 04:00,749.02,0,0,0,0,0,716.89,716.89,716.89,716.89,0,0,0,0,0,749.02,0,0,0,0,0,0,0,0,0,0,0,0,0,0,0,0,0,0,0,0,0,0,0,0,0,0,0,0,"","","","","",""
3214,Ujjani Dam_1,Maharashtra SW,27,Maharashtra,496,Solapur,-,-,-,-,-,-,-,-,-,18.07402000,75.12002000,31-12-2024 05:00,747.61,0,0,0,0,0,715.48,715.48,715.48,715.48,0,0,0,0,0,747.61,0,0,0,0,0,0,0,0,0,0,0,0,0,0,0,0,0,0,0,0,0,0,0,0,0,0,0,0,"","","","","",""
3215,Ujjani Dam_1,Maharashtra SW,27,Maharashtra,496,Solapur,-,-,-,-,-,-,-,-,-,18.07402000,75.12002000,31-12-2024 06:00,748.32,0,0,0,0,0,716.18,716.18,716.18,716.18,0,0,0,0,0,748.32,0,0,0,0,0,0,0,0,0,0,0,0,0,0,0,0,0,0,0,0,0,0,0,0,0,0,0,0,"","","","","",""
3216,Ujjani Dam_1,Maharashtra SW,27,Maharashtra,496,Solapur,-,-,-,-,-,-,-,-,-,18.07402000,75.12002000,31-12-2024 08:00,748.32,0,0,0,0,0,716.18,716.18,716.18,716.18,0,0,0,0,0,748.32,0,0,0,0,0,0,0,0,0,0,0,0,0,0,0,0,0,0,0,0,0,0,0,0,0,0,0,0,"","","","","",""
3217,Ujjani Dam_1,Maharashtra SW,27,Maharashtra,496,Solapur,-,-,-,-,-,-,-,-,-,18.07402000,75.12002000,31-12-2024 09:00,747.61,0,0,0,0,0,715.48,715.48,715.48,715.48,0,0,0,0,0,747.61,0,0,0,0,0,0,0,0,0,0,0,0,0,0,0,0,0,0,0,0,0,0,0,0,0,0,0,0,"","","","","",""
3218,Ujjani Dam_1,Maharashtra SW,27,Maharashtra,496,Solapur,-,-,-,-,-,-,-,-,-,18.07402000,75.12002000,31-12-2024 10:00,748.32,0,0,0,0,0,716.18,716.18,716.18,716.18,0,0,0,0,0,748.32,0,0,0,0,0,0,0,0,0,0,0,0,0,0,0,0,0,0,0,0,0,0,0,0,0,0,0,0,"","","","","",""
3219,Ujjani Dam_1,Maharashtra SW,27,Maharashtra,496,Solapur,-,-,-,-,-,-,-,-,-,18.07402000,75.12002000,31-12-2024 11:00,747.61,0,0,0,0,0,715.48,715.48,715.48,715.48,0,0,0,0,0,747.61,0,0,0,0,0,0,0,0,0,0,0,0,0,0,0,0,0,0,0,0,0,0,0,0,0,0,0,0,"","","","","",""
3220,Ujjani Dam_1,Maharashtra SW,27,Maharashtra,496,Solapur,-,-,-,-,-,-,-,-,-,18.07402000,75.12002000,31-12-2024 12:00,747.61,0,0,0,0,0,715.48,715.48,715.48,715.48,0,0,0,0,0,747.61,0,0,0,0,0,0,0,0,0,0,0,0,0,0,0,0,0,0,0,0,0,0,0,0,0,0,0,0,"","","","","",""
3221,Ujjani Dam_1,Maharashtra SW,27,Maharashtra,496,Solapur,-,-,-,-,-,-,-,-,-,18.07402000,75.12002000,31-12-2024 13:00,747.61,0,0,0,0,0,715.48,715.48,715.48,715.48,0,0,0,0,0,747.61,0,0,0,0,0,0,0,0,0,0,0,0,0,0,0,0,0,0,0,0,0,0,0,0,0,0,0,0,"","","","","",""
3222,Ujjani Dam_1,Maharashtra SW,27,Maharashtra,496,Solapur,-,-,-,-,-,-,-,-,-,18.07402000,75.12002000,31-12-2024 14:00,747.61,0,0,0,0,0,715.48,715.48,715.48,715.48,0,0,0,0,0,747.61,0,0,0,0,0,0,0,0,0,0,0,0,0,0,0,0,0,0,0,0,0,0,0,0,0,0,0,0,"","","","","",""
3223,Ujjani Dam_1,Maharashtra SW,27,Maharashtra,496,Solapur,-,-,-,-,-,-,-,-,-,18.07402000,75.12002000,31-12-2024 16:00,747.61,0,0,0,0,0,715.48,715.48,715.48,715.48,0,0,0,0,0,747.61,0,0,0,0,0,0,0,0,0,0,0,0,0,0,0,0,0,0,0,0,0,0,0,0,0,0,0,0,"","","","","",""
3224,Ujjani Dam_1,Maharashtra SW,27,Maharashtra,496,Solapur,-,-,-,-,-,-,-,-,-,18.07402000,75.12002000,31-12-2024 17:00,747.61,0,0,0,0,0,715.48,715.48,715.48,715.48,0,0,0,0,0,747.61,0,0,0,0,0,0,0,0,0,0,0,0,0,0,0,0,0,0,0,0,0,0,0,0,0,0,0,0,"","","","","",""
3225,Ujjani Dam_1,Maharashtra SW,27,Maharashtra,496,Solapur,-,-,-,-,-,-,-,-,-,18.07402000,75.12002000,31-12-2024 18:00,747.61,0,0,0,0,0,715.48,715.48,715.48,715.48,0,0,0,0,0,747.61,0,0,0,0,0,0,0,0,0,0,0,0,0,0,0,0,0,0,0,0,0,0,0,0,0,0,0,0,"","","","","",""
3226,Ujjani Dam_1,Maharashtra SW,27,Maharashtra,496,Solapur,-,-,-,-,-,-,-,-,-,18.07402000,75.12002000,31-12-2024 19:00,747.26,0,0,0,0,0,715.12,715.12,715.12,715.12,0,0,0,0,0,747.26,0,0,0,0,0,0,0,0,0,0,0,0,0,0,0,0,0,0,0,0,0,0,0,0,0,0,0,0,"","","","","",""
3227,Ujjani Dam_1,Maharashtra SW,27,Maharashtra,496,Solapur,-,-,-,-,-,-,-,-,-,18.07402000,75.12002000,31-12-2024 20:00,747.26,0,0,0,0,0,715.12,715.12,715.12,715.12,0,0,0,0,0,747.26,0,0,0,0,0,0,0,0,0,0,0,0,0,0,0,0,0,0,0,0,0,0,0,0,0,0,0,0,"","","","","",""
3228,Ujjani Dam_1,Maharashtra SW,27,Maharashtra,496,Solapur,-,-,-,-,-,-,-,-,-,18.07402000,75.12002000,31-12-2024 21:00,747.26,0,0,0,0,0,715.12,715.12,715.12,715.12,0,0,0,0,0,747.26,0,0,0,0,0,0,0,0,0,0,0,0,0,0,0,0,0,0,0,0,0,0,0,0,0,0,0,0,"","","","","",""
3229,Ujjani Dam_1,Maharashtra SW,27,Maharashtra,496,Solapur,-,-,-,-,-,-,-,-,-,18.07402000,75.12002000,31-12-2024 22:00,746.55,0,0,0,0,0,714.42,714.42,714.42,714.42,0,0,0,0,0,746.55,0,0,0,0,0,0,0,0,0,0,0,0,0,0,0,0,0,0,0,0,0,0,0,0,0,0,0,0,"","","","","",""
3230,Ujjani Dam_1,Maharashtra SW,27,Maharashtra,496,Solapur,-,-,-,-,-,-,-,-,-,18.07402000,75.12002000,01-01-2025 00:00,746.55,0,0,0,0,0,714.42,714.42,714.42,714.42,0,0,0,0,0,746.55,0,0,0,0,0,0,0,0,0,0,0,0,0,0,0,0,0,0,0,0,0,0,0,0,0,0,0,0,"","","","","",""
3231,Ujjani Dam_1,Maharashtra SW,27,Maharashtra,496,Solapur,-,-,-,-,-,-,-,-,-,18.07402000,75.12002000,01-01-2025 01:00,745.85,0,0,0,0,0,713.71,713.71,713.71,713.71,0,0,0,0,0,745.85,0,0,0,0,0,0,0,0,0,0,0,0,0,0,0,0,0,0,0,0,0,0,0,0,0,0,0,0,"","","","","",""
3232,Ujjani Dam_1,Maharashtra SW,27,Maharashtra,496,Solapur,-,-,-,-,-,-,-,-,-,18.07402000,75.12002000,01-01-2025 02:00,745.85,0,0,0,0,0,713.71,713.71,713.71,713.71,0,0,0,0,0,745.85,0,0,0,0,0,0,0,0,0,0,0,0,0,0,0,0,0,0,0,0,0,0,0,0,0,0,0,0,"","","","","",""
3233,Ujjani Dam_1,Maharashtra SW,27,Maharashtra,496,Solapur,-,-,-,-,-,-,-,-,-,18.07402000,75.12002000,01-01-2025 03:00,745.85,0,0,0,0,0,713.71,713.71,713.71,713.71,0,0,0,0,0,745.85,0,0,0,0,0,0,0,0,0,0,0,0,0,0,0,0,0,0,0,0,0,0,0,0,0,0,0,0,"","","","","",""
3234,Ujjani Dam_1,Maharashtra SW,27,Maharashtra,496,Solapur,-,-,-,-,-,-,-,-,-,18.07402000,75.12002000,01-01-2025 04:00,745.14,0,0,0,0,0,713,713,713,713,0,0,0,0,0,745.14,0,0,0,0,0,0,0,0,0,0,0,0,0,0,0,0,0,0,0,0,0,0,0,0,0,0,0,0,"","","","","",""
3235,Ujjani Dam_1,Maharashtra SW,27,Maharashtra,496,Solapur,-,-,-,-,-,-,-,-,-,18.07402000,75.12002000,01-01-2025 05:00,745.14,0,0,0,0,0,713,713,713,713,0,0,0,0,0,745.14,0,0,0,0,0,0,0,0,0,0,0,0,0,0,0,0,0,0,0,0,0,0,0,0,0,0,0,0,"","","","","",""
3236,Ujjani Dam_1,Maharashtra SW,27,Maharashtra,496,Solapur,-,-,-,-,-,-,-,-,-,18.07402000,75.12002000,01-01-2025 06:00,745.14,0,0,0,0,0,713,713,713,713,0,0,0,0,0,745.14,0,0,0,0,0,0,0,0,0,0,0,0,0,0,0,0,0,0,0,0,0,0,0,0,0,0,0,0,"","","","","",""
3237,Ujjani Dam_1,Maharashtra SW,27,Maharashtra,496,Solapur,-,-,-,-,-,-,-,-,-,18.07402000,75.12002000,01-01-2025 08:00,745.14,0,0,0,0,0,713,713,713,713,0,0,0,0,0,745.14,0,0,0,0,0,0,0,0,0,0,0,0,0,0,0,0,0,0,0,0,0,0,0,0,0,0,0,0,"","","","","",""
3238,Ujjani Dam_1,Maharashtra SW,27,Maharashtra,496,Solapur,-,-,-,-,-,-,-,-,-,18.07402000,75.12002000,01-01-2025 09:00,745.14,0,0,0,0,0,713,713,713,713,0,0,0,0,0,745.14,0,0,0,0,0,0,0,0,0,0,0,0,0,0,0,0,0,0,0,0,0,0,0,0,0,0,0,0,"","","","","",""
3239,Ujjani Dam_1,Maharashtra SW,27,Maharashtra,496,Solapur,-,-,-,-,-,-,-,-,-,18.07402000,75.12002000,01-01-2025 10:00,745.14,0,0,0,0,0,713,745.14,713,713,0,0,0,0,0,745.14,0,0,0,0,0,0,0,0,0,0,0,0,0,0,0,0,0,0,0,0,0,0,0,0,0,0,0,0,"","","","","",""
3240,Ujjani Dam_1,Maharashtra SW,27,Maharashtra,496,Solapur,-,-,-,-,-,-,-,-,-,18.07402000,75.12002000,01-01-2025 11:00,745.14,0,0,0,0,0,745.14,745.14,745.14,745.14,0,0,0,0,0,745.14,0,0,0,0,0,0,0,0,0,0,0,0,0,0,0,0,0,0,0,0,0,0,0,0,0,0,0,0,"","","","","",""
3241,Ujjani Dam_1,Maharashtra SW,27,Maharashtra,496,Solapur,-,-,-,-,-,-,-,-,-,18.07402000,75.12002000,01-01-2025 12:00,745.14,0,0,0,0,0,745.14,745.14,745.14,745.14,0,0,0,0,0,745.14,0,0,0,0,0,0,0,0,0,0,0,0,0,0,0,0,0,0,0,0,0,0,0,0,0,0,0,0,"","","","","",""
3242,Ujjani Dam_1,Maharashtra SW,27,Maharashtra,496,Solapur,-,-,-,-,-,-,-,-,-,18.07402000,75.12002000,01-01-2025 13:00,745.14,0,0,0,0,0,745.14,745.14,745.14,745.14,0,0,0,0,0,745.14,0,0,0,0,0,0,0,0,0,0,0,0,0,0,0,0,0,0,0,0,0,0,0,0,0,0,0,0,"","","","","",""
3243,Ujjani Dam_1,Maharashtra SW,27,Maharashtra,496,Solapur,-,-,-,-,-,-,-,-,-,18.07402000,75.12002000,01-01-2025 14:00,745.14,0,0,0,0,0,745.14,745.14,745.14,745.14,0,0,0,0,0,745.14,0,0,0,0,0,0,0,0,0,0,0,0,0,0,0,0,0,0,0,0,0,0,0,0,0,0,0,0,"","","","","",""
3244,Ujjani Dam_1,Maharashtra SW,27,Maharashtra,496,Solapur,-,-,-,-,-,-,-,-,-,18.07402000,75.12002000,01-01-2025 16:00,745.14,0,0,0,0,0,745.14,745.14,745.14,745.14,0,0,0,0,0,745.14,0,0,0,0,0,0,0,0,0,0,0,0,0,0,0,0,0,0,0,0,0,0,0,0,0,0,0,0,"","","","","",""
3245,Ujjani Dam_1,Maharashtra SW,27,Maharashtra,496,Solapur,-,-,-,-,-,-,-,-,-,18.07402000,75.12002000,01-01-2025 17:00,745.14,0,0,0,0,0,745.14,745.14,745.14,745.14,0,0,0,0,0,745.14,0,0,0,0,0,0,0,0,0,0,0,0,0,0,0,0,0,0,0,0,0,0,0,0,0,0,0,0,"","","","","",""
3246,Ujjani Dam_1,Maharashtra SW,27,Maharashtra,496,Solapur,-,-,-,-,-,-,-,-,-,18.07402000,75.12002000,01-01-2025 19:00,745.14,0,0,0,0,0,745.14,745.14,745.14,745.14,0,0,0,0,0,745.14,0,0,0,0,0,0,0,0,0,0,0,0,0,0,0,0,0,0,0,0,0,0,0,0,0,0,0,0,"","","","","",""
3247,Ujjani Dam_1,Maharashtra SW,27,Maharashtra,496,Solapur,-,-,-,-,-,-,-,-,-,18.07402000,75.12002000,01-01-2025 20:00,745.14,0,0,0,0,0,745.14,745.14,745.14,745.14,0,0,0,0,0,745.14,0,0,0,0,0,0,0,0,0,0,0,0,0,0,0,0,0,0,0,0,0,0,0,0,0,0,0,0,"","","","","",""
3248,Ujjani Dam_1,Maharashtra SW,27,Maharashtra,496,Solapur,-,-,-,-,-,-,-,-,-,18.07402000,75.12002000,01-01-2025 21:00,745.14,0,0,0,0,0,745.14,745.14,745.14,745.14,0,0,0,0,0,745.14,0,0,0,0,0,0,0,0,0,0,0,0,0,0,0,0,0,0,0,0,0,0,0,0,0,0,0,0,"","","","","",""
3249,Ujjani Dam_1,Maharashtra SW,27,Maharashtra,496,Solapur,-,-,-,-,-,-,-,-,-,18.07402000,75.12002000,01-01-2025 23:00,745.14,0,0,0,0,0,745.14,745.14,745.14,745.14,0,0,0,0,0,745.14,0,0,0,0,0,0,0,0,0,0,0,0,0,0,0,0,0,0,0,0,0,0,0,0,0,0,0,0,"","","","","",""
3250,Ujjani Dam_1,Maharashtra SW,27,Maharashtra,496,Solapur,-,-,-,-,-,-,-,-,-,18.07402000,75.12002000,02-01-2025 00:00,745.14,0,0,0,0,0,745.14,745.14,745.14,745.14,0,0,0,0,0,745.14,0,0,0,0,0,0,0,0,0,0,0,0,0,0,0,0,0,0,0,0,0,0,0,0,0,0,0,0,"","","","","",""
3251,Ujjani Dam_1,Maharashtra SW,27,Maharashtra,496,Solapur,-,-,-,-,-,-,-,-,-,18.07402000,75.12002000,02-01-2025 01:00,745.14,0,0,0,0,0,745.14,745.14,745.14,745.14,0,0,0,0,0,745.14,0,0,0,0,0,0,0,0,0,0,0,0,0,0,0,0,0,0,0,0,0,0,0,0,0,0,0,0,"","","","","",""
3252,Ujjani Dam_1,Maharashtra SW,27,Maharashtra,496,Solapur,-,-,-,-,-,-,-,-,-,18.07402000,75.12002000,02-01-2025 02:00,745.14,0,0,0,0,0,745.14,745.14,745.14,745.14,0,0,0,0,0,745.14,0,0,0,0,0,0,0,0,0,0,0,0,0,0,0,0,0,0,0,0,0,0,0,0,0,0,0,0,"","","","","",""
3253,Ujjani Dam_1,Maharashtra SW,27,Maharashtra,496,Solapur,-,-,-,-,-,-,-,-,-,18.07402000,75.12002000,02-01-2025 03:00,745.14,0,0,0,0,0,745.14,745.14,745.14,745.14,0,0,0,0,0,745.14,0,0,0,0,0,0,0,0,0,0,0,0,0,0,0,0,0,0,0,0,0,0,0,0,0,0,0,0,"","","","","",""
3254,Ujjani Dam_1,Maharashtra SW,27,Maharashtra,496,Solapur,-,-,-,-,-,-,-,-,-,18.07402000,75.12002000,02-01-2025 04:00,745.14,0,0,0,0,0,745.14,745.14,745.14,745.14,0,0,0,0,0,745.14,0,0,0,0,0,0,0,0,0,0,0,0,0,0,0,0,0,0,0,0,0,0,0,0,0,0,0,0,"","","","","",""
3255,Ujjani Dam_1,Maharashtra SW,27,Maharashtra,496,Solapur,-,-,-,-,-,-,-,-,-,18.07402000,75.12002000,11-04-2025 17:00,315.71,0,315.71,315.71,315.71,315.71,315.71,315.71,315.71,315.71,315.71,289.58,315.71,315.71,0,315.71,0,0,0,0,0,0,0,0,0,0,0,0,0,0,0,0,0,0,0,0,0,0,0,0,0,0,0,0,"","","","","",""
3256,Ujjani Dam_1,Maharashtra SW,27,Maharashtra,496,Solapur,-,-,-,-,-,-,-,-,-,18.07402000,75.12002000,15-04-2025 09:00,0,"","","","","","","","","","","","","","","","","","","","","","","","","","","","","","","","","","","","","","","","","","","","","","","","",""
3257,Ujjani Dam_1,Maharashtra SW,27,Maharashtra,496,Solapur,-,-,-,-,-,-,-,-,-,18.07402000,75.12002000,15-04-2025 11:00,0,0,0,0,0,0,0,0,0,0,0,0,0,0,0,0,0,0,0,0,0,0,0,0,0,0,0,0,0,0,0,0,0,0,0,0,0,0,0,0,0,0,0,0,"","","","","",""
3258,Ujjani Dam_1,Maharashtra SW,27,Maharashtra,496,Solapur,-,-,-,-,-,-,-,-,-,18.07402000,75.12002000,15-04-2025 13:00,0,0,0,0,0,0,0,0,0,0,0,0,0,0,0,0,0,0,0,0,0,0,0,0,0,0,0,0,0,0,0,0,0,0,0,0,0,0,0,0,0,0,0,0,"","","","","",""
3259,Ujjani Dam_1,Maharashtra SW,27,Maharashtra,496,Solapur,-,-,-,-,-,-,-,-,-,18.07402000,75.12002000,15-04-2025 14:00,0,0,0,0,0,0,0,0,0,0,0,0,0,0,0,0,0,0,0,0,0,0,0,0,0,0,0,0,0,0,0,0,0,0,0,0,0,0,0,0,0,0,0,0,"","","","","",""
3260,Ujjani Dam_1,Maharashtra SW,27,Maharashtra,496,Solapur,-,-,-,-,-,-,-,-,-,18.07402000,75.12002000,15-04-2025 15:00,0,0,0,0,0,0,0,0,0,0,0,0,0,0,0,0,0,0,0,0,0,0,0,0,0,0,0,0,0,0,0,0,0,0,0,0,0,0,0,0,0,0,0,0,"","","","","",""
3261,Ujjani Dam_1,Maharashtra SW,27,Maharashtra,496,Solapur,-,-,-,-,-,-,-,-,-,18.07402000,75.12002000,15-04-2025 20:00,0,0,0,0,0,0,0,0,0,0,0,0,0,0,0,0,0,0,0,0,0,0,0,0,0,0,0,0,0,0,0,0,0,0,0,0,0,0,0,0,0,0,0,0,"","","","","",""
3262,Ujjani Dam_1,Maharashtra SW,27,Maharashtra,496,Solapur,-,-,-,-,-,-,-,-,-,18.07402000,75.12002000,15-04-2025 21:00,0,0,0,0,0,0,0,0,0,0,0,0,0,0,0,0,0,0,0,0,0,0,0,0,0,0,0,0,0,0,0,0,0,0,0,0,0,0,0,0,0,0,0,0,"","","","","",""
3263,Ujjani Dam_1,Maharashtra SW,27,Maharashtra,496,Solapur,-,-,-,-,-,-,-,-,-,18.07402000,75.12002000,15-04-2025 22:00,0,0,0,0,0,0,0,0,0,0,0,0,0,0,0,0,0,0,0,0,0,0,0,0,0,0,0,0,0,0,0,0,0,0,0,0,0,0,0,0,0,0,0,0,"","","","","",""
3264,Ujjani Dam_1,Maharashtra SW,27,Maharashtra,496,Solapur,-,-,-,-,-,-,-,-,-,18.07402000,75.12002000,15-04-2025 23:00,0,0,0,0,0,0,0,0,0,0,0,0,0,0,0,0,0,0,0,0,0,0,0,0,0,0,0,0,0,0,0,0,0,0,0,0,0,0,0,0,0,0,0,0,"","","","","",""
3265,Ujjani Dam_1,Maharashtra SW,27,Maharashtra,496,Solapur,-,-,-,-,-,-,-,-,-,18.07402000,75.12002000,16-04-2025 01:00,0,0,0,0,0,0,0,0,0,0,0,0,0,0,0,0,0,0,0,0,0,0,0,0,0,0,0,0,0,0,0,0,0,0,0,0,0,0,0,0,0,0,0,0,"","","","","",""
3266,Ujjani Dam_1,Maharashtra SW,27,Maharashtra,496,Solapur,-,-,-,-,-,-,-,-,-,18.07402000,75.12002000,16-04-2025 02:00,0,0,0,0,0,0,0,0,0,0,0,0,0,0,0,0,0,0,0,0,0,0,0,0,0,0,0,0,0,0,0,0,0,0,0,0,0,0,0,0,0,0,0,0,"","","","","",""
3267,Ujjani Dam_1,Maharashtra SW,27,Maharashtra,496,Solapur,-,-,-,-,-,-,-,-,-,18.07402000,75.12002000,16-04-2025 03:00,0,0,0,0,0,0,0,0,0,0,0,0,0,0,0,0,0,0,0,0,0,0,0,0,0,0,0,0,0,0,0,0,0,0,0,0,0,0,0,0,0,0,0,0,"","","","","",""
3268,Ujjani Dam_1,Maharashtra SW,27,Maharashtra,496,Solapur,-,-,-,-,-,-,-,-,-,18.07402000,75.12002000,16-04-2025 04:00,0,0,0,0,0,0,0,0,0,0,0,0,0,0,0,0,0,0,0,0,0,0,0,0,0,0,0,0,0,0,0,0,0,0,0,0,0,0,0,0,0,0,0,0,"","","","","",""
3269,Ujjani Dam_1,Maharashtra SW,27,Maharashtra,496,Solapur,-,-,-,-,-,-,-,-,-,18.07402000,75.12002000,16-04-2025 05:00,0,0,0,0,0,0,0,0,0,0,0,0,0,0,0,0,0,0,0,0,0,0,0,0,0,0,0,0,0,0,0,0,0,0,0,0,0,0,0,0,0,0,0,0,"","","","","",""
3270,Ujjani Dam_1,Maharashtra SW,27,Maharashtra,496,Solapur,-,-,-,-,-,-,-,-,-,18.07402000,75.12002000,16-04-2025 06:00,0,0,0,0,0,0,0,0,0,0,0,0,0,0,0,0,0,0,0,0,0,0,0,0,0,0,0,0,0,0,0,0,0,0,0,0,0,0,0,0,0,0,0,0,"","","","","",""
3271,Ujjani Dam_1,Maharashtra SW,27,Maharashtra,496,Solapur,-,-,-,-,-,-,-,-,-,18.07402000,75.12002000,16-04-2025 07:00,0,0,0,0,0,0,0,0,0,0,0,0,0,0,0,0,0,0,0,0,0,0,0,0,0,0,0,0,0,0,0,0,0,0,0,0,0,0,0,0,0,0,0,0,"","","","","",""
3272,Ujjani Dam_1,Maharashtra SW,27,Maharashtra,496,Solapur,-,-,-,-,-,-,-,-,-,18.07402000,75.12002000,16-04-2025 08:00,0,0,0,0,0,0,0,0,0,0,0,0,0,0,0,0,0,0,0,0,0,0,0,0,0,0,0,0,0,0,0,0,0,0,0,0,0,0,0,0,0,0,0,0,"","","","","",""
3273,Ujjani Dam_1,Maharashtra SW,27,Maharashtra,496,Solapur,-,-,-,-,-,-,-,-,-,18.07402000,75.12002000,16-04-2025 10:00,0,0,0,0,0,0,0,0,0,0,0,0,0,0,0,0,0,0,0,0,0,0,0,0,0,0,0,0,0,0,0,0,0,0,0,0,0,0,0,0,0,0,0,0,"","","","","",""
3274,Ujjani Dam_1,Maharashtra SW,27,Maharashtra,496,Solapur,-,-,-,-,-,-,-,-,-,18.07402000,75.12002000,16-04-2025 11:00,0,0,0,0,0,0,0,0,0,0,0,0,0,0,0,0,0,0,0,0,0,0,0,0,0,0,0,0,0,0,0,0,0,0,0,0,0,0,0,0,0,0,0,0,"","","","","",""
3275,Ujjani Dam_1,Maharashtra SW,27,Maharashtra,496,Solapur,-,-,-,-,-,-,-,-,-,18.07402000,75.12002000,16-04-2025 12:00,0,0,0,0,0,0,0,0,0,0,0,0,0,0,0,0,0,0,0,0,0,0,0,0,0,0,0,0,0,0,0,0,0,0,0,0,0,0,0,0,0,0,0,0,"","","","","",""
3276,Ujjani Dam_1,Maharashtra SW,27,Maharashtra,496,Solapur,-,-,-,-,-,-,-,-,-,18.07402000,75.12002000,16-04-2025 13:00,0,0,0,0,0,0,0,0,0,0,0,0,0,0,0,0,0,0,0,0,0,0,0,0,0,0,0,0,0,0,0,0,0,0,0,0,0,0,0,0,0,0,0,0,"","","","","",""
3277,Ujjani Dam_1,Maharashtra SW,27,Maharashtra,496,Solapur,-,-,-,-,-,-,-,-,-,18.07402000,75.12002000,16-04-2025 14:00,0,0,0,0,0,0,0,0,0,0,0,0,0,0,0,0,0,0,0,0,0,0,0,0,0,0,0,0,0,0,0,0,0,0,0,0,0,0,0,0,0,0,0,0,"","","","","",""
3278,Ujjani Dam_1,Maharashtra SW,27,Maharashtra,496,Solapur,-,-,-,-,-,-,-,-,-,18.07402000,75.12002000,16-04-2025 15:00,0,0,0,0,0,0,0,0,0,0,0,0,0,0,0,0,0,0,0,0,0,0,0,0,0,0,0,0,0,0,0,0,0,0,0,0,0,0,0,0,0,0,0,0,"","","","","",""
3279,Ujjani Dam_1,Maharashtra SW,27,Maharashtra,496,Solapur,-,-,-,-,-,-,-,-,-,18.07402000,75.12002000,16-04-2025 17:00,0,0,0,0,0,0,0,0,0,0,0,0,0,0,0,0,0,0,0,0,0,0,0,0,0,0,0,0,0,0,0,0,0,0,0,0,0,0,0,0,0,0,0,0,"","","","","",""
3280,Ujjani Dam_1,Maharashtra SW,27,Maharashtra,496,Solapur,-,-,-,-,-,-,-,-,-,18.07402000,75.12002000,16-04-2025 18:00,0,0,0,0,0,0,0,0,0,0,0,0,0,0,0,0,0,0,0,0,0,0,0,0,0,0,0,0,0,0,0,0,0,0,0,0,0,0,0,0,0,0,0,0,"","","","","",""
3281,Ujjani Dam_1,Maharashtra SW,27,Maharashtra,496,Solapur,-,-,-,-,-,-,-,-,-,18.07402000,75.12002000,16-04-2025 19:00,0,0,0,0,0,0,0,0,0,0,0,0,0,0,0,0,0,0,0,0,0,0,0,0,0,0,0,0,0,0,0,0,0,0,0,0,0,0,0,0,0,0,0,0,"","","","","",""
3282,Ujjani Dam_1,Maharashtra SW,27,Maharashtra,496,Solapur,-,-,-,-,-,-,-,-,-,18.07402000,75.12002000,16-04-2025 20:00,0,0,0,0,0,0,0,0,0,0,0,0,0,0,0,0,0,0,0,0,0,0,0,0,0,0,0,0,0,0,0,0,0,0,0,0,0,0,0,0,0,0,0,0,"","","","","",""
3283,Ujjani Dam_1,Maharashtra SW,27,Maharashtra,496,Solapur,-,-,-,-,-,-,-,-,-,18.07402000,75.12002000,16-04-2025 21:00,0,0,0,0,0,0,0,0,0,0,0,0,0,0,0,0,0,0,0,0,0,0,0,0,0,0,0,0,0,0,0,0,0,0,0,0,0,0,0,0,0,0,0,0,"","","","","",""
3284,Ujjani Dam_1,Maharashtra SW,27,Maharashtra,496,Solapur,-,-,-,-,-,-,-,-,-,18.07402000,75.12002000,16-04-2025 23:00,0,0,0,0,0,0,0,0,0,0,0,0,0,0,0,0,0,0,0,0,0,0,0,0,0,0,0,0,0,0,0,0,0,0,0,0,0,0,0,0,0,0,0,0,"","","","","",""
3285,Ujjani Dam_1,Maharashtra SW,27,Maharashtra,496,Solapur,-,-,-,-,-,-,-,-,-,18.07402000,75.12002000,17-04-2025 01:00,0,0,0,0,0,0,0,0,0,0,0,0,0,0,0,0,0,0,0,0,0,0,0,0,0,0,0,0,0,0,0,0,0,0,0,0,0,0,0,0,0,0,0,0,"","","","","",""
3286,Ujjani Dam_1,Maharashtra SW,27,Maharashtra,496,Solapur,-,-,-,-,-,-,-,-,-,18.07402000,75.12002000,17-04-2025 02:00,0,0,0,0,0,0,0,0,0,0,0,0,0,0,0,0,0,0,0,0,0,0,0,0,0,0,0,0,0,0,0,0,0,0,0,0,0,0,0,0,0,0,0,0,"","","","","",""
3287,Ujjani Dam_1,Maharashtra SW,27,Maharashtra,496,Solapur,-,-,-,-,-,-,-,-,-,18.07402000,75.12002000,17-04-2025 03:00,0,0,0,0,0,0,0,0,0,0,0,0,0,0,0,0,0,0,0,0,0,0,0,0,0,0,0,0,0,0,0,0,0,0,0,0,0,0,0,0,0,0,0,0,"","","","","",""
3288,Ujjani Dam_1,Maharashtra SW,27,Maharashtra,496,Solapur,-,-,-,-,-,-,-,-,-,18.07402000,75.12002000,17-04-2025 04:00,0,0,0,0,0,0,0,0,0,0,0,0,0,0,0,0,0,0,0,0,0,0,0,0,0,0,0,0,0,0,0,0,0,0,0,0,0,0,0,0,0,0,0,0,"","","","","",""
3289,Ujjani Dam_1,Maharashtra SW,27,Maharashtra,496,Solapur,-,-,-,-,-,-,-,-,-,18.07402000,75.12002000,17-04-2025 05:00,0,0,0,0,0,0,0,0,0,0,0,0,0,0,0,0,0,0,0,0,0,0,0,0,0,0,0,0,0,0,0,0,0,0,0,0,0,0,0,0,0,0,0,0,"","","","","",""
3290,Ujjani Dam_1,Maharashtra SW,27,Maharashtra,496,Solapur,-,-,-,-,-,-,-,-,-,18.07402000,75.12002000,17-04-2025 06:00,0,0,0,0,0,0,0,0,0,0,0,0,0,0,0,0,0,0,0,0,0,0,0,0,0,0,0,0,0,0,0,0,0,0,0,0,0,0,0,0,0,0,0,0,"","","","","",""
3291,Ujjani Dam_1,Maharashtra SW,27,Maharashtra,496,Solapur,-,-,-,-,-,-,-,-,-,18.07402000,75.12002000,17-04-2025 07:00,0,0,0,0,0,0,0,0,0,0,0,0,0,0,0,0,0,0,0,0,0,0,0,0,0,0,0,0,0,0,0,0,0,0,0,0,0,0,0,0,0,0,0,0,"","","","","",""
3292,Ujjani Dam_1,Maharashtra SW,27,Maharashtra,496,Solapur,-,-,-,-,-,-,-,-,-,18.07402000,75.12002000,17-04-2025 08:00,0,0,0,0,0,0,0,0,0,0,0,0,0,0,0,0,0,0,0,0,0,0,0,0,0,0,0,0,0,0,0,0,0,0,0,0,0,0,0,0,0,0,0,0,"","","","","",""
3293,Ujjani Dam_1,Maharashtra SW,27,Maharashtra,496,Solapur,-,-,-,-,-,-,-,-,-,18.07402000,75.12002000,17-04-2025 10:00,0,0,0,0,0,0,0,0,0,0,0,0,0,0,0,0,0,0,0,0,0,0,0,0,0,0,0,0,0,0,0,0,0,0,0,0,0,0,0,0,0,0,0,0,"","","","","",""
3294,Ujjani Dam_1,Maharashtra SW,27,Maharashtra,496,Solapur,-,-,-,-,-,-,-,-,-,18.07402000,75.12002000,17-04-2025 11:00,0,0,0,0,0,0,0,0,0,0,0,0,0,0,0,0,0,0,0,0,0,0,0,0,0,0,0,0,0,0,0,0,0,0,0,0,0,0,0,0,0,0,0,0,"","","","","",""
3295,Ujjani Dam_1,Maharashtra SW,27,Maharashtra,496,Solapur,-,-,-,-,-,-,-,-,-,18.07402000,75.12002000,17-04-2025 12:00,0,0,0,0,0,0,0,0,0,0,0,0,0,0,0,0,0,0,0,0,0,0,0,0,0,0,0,0,0,0,0,0,0,0,0,0,0,0,0,0,0,0,0,0,"","","","","",""
3296,Ujjani Dam_1,Maharashtra SW,27,Maharashtra,496,Solapur,-,-,-,-,-,-,-,-,-,18.07402000,75.12002000,17-04-2025 13:00,0,0,0,0,0,0,0,0,0,0,0,0,0,0,0,0,0,0,0,0,0,0,0,0,0,0,0,0,0,0,0,0,0,0,0,0,0,0,0,0,0,0,0,0,"","","","","",""
3297,Ujjani Dam_1,Maharashtra SW,27,Maharashtra,496,Solapur,-,-,-,-,-,-,-,-,-,18.07402000,75.12002000,17-04-2025 14:00,0,0,0,0,0,0,0,0,0,0,0,0,0,0,0,0,0,0,0,0,0,0,0,0,0,0,0,0,0,0,0,0,0,0,0,0,0,0,0,0,0,0,0,0,"","","","","",""
3298,Ujjani Dam_1,Maharashtra SW,27,Maharashtra,496,Solapur,-,-,-,-,-,-,-,-,-,18.07402000,75.12002000,17-04-2025 15:00,0,0,0,0,0,0,0,0,0,0,0,0,0,0,0,0,0,0,0,0,0,0,0,0,0,0,0,0,0,0,0,0,0,0,0,0,0,0,0,0,0,0,0,0,"","","","","",""
3299,Ujjani Dam_1,Maharashtra SW,27,Maharashtra,496,Solapur,-,-,-,-,-,-,-,-,-,18.07402000,75.12002000,17-04-2025 16:00,0,0,0,0,0,0,0,0,0,0,0,0,0,0,0,0,0,0,0,0,0,0,0,0,0,0,0,0,0,0,0,0,0,0,0,0,0,0,0,0,0,0,0,0,"","","","","",""
3300,Ujjani Dam_1,Maharashtra SW,27,Maharashtra,496,Solapur,-,-,-,-,-,-,-,-,-,18.07402000,75.12002000,17-04-2025 17:00,0,0,0,0,0,0,0,0,0,0,0,0,0,0,0,0,0,0,0,0,0,0,0,0,0,0,0,0,0,0,0,0,0,0,0,0,0,0,0,0,0,0,0,0,"","","","","",""
3301,Ujjani Dam_1,Maharashtra SW,27,Maharashtra,496,Solapur,-,-,-,-,-,-,-,-,-,18.07402000,75.12002000,17-04-2025 19:00,0,0,0,0,0,0,0,0,0,0,0,0,0,0,0,0,0,0,0,0,0,0,0,0,0,0,0,0,0,0,0,0,0,0,0,0,0,0,0,0,0,0,0,0,"","","","","",""
3302,Ujjani Dam_1,Maharashtra SW,27,Maharashtra,496,Solapur,-,-,-,-,-,-,-,-,-,18.07402000,75.12002000,17-04-2025 20:00,0,0,0,0,0,0,0,0,0,0,0,0,0,0,0,0,0,0,0,0,0,0,0,0,0,0,0,0,0,0,0,0,0,0,0,0,0,0,0,0,0,0,0,0,"","","","","",""
3303,Ujjani Dam_1,Maharashtra SW,27,Maharashtra,496,Solapur,-,-,-,-,-,-,-,-,-,18.07402000,75.12002000,17-04-2025 21:00,0,0,0,0,0,0,0,0,0,0,0,0,0,0,0,0,0,0,0,0,0,0,0,0,0,0,0,0,0,0,0,0,0,0,0,0,0,0,0,0,0,0,0,0,"","","","","",""
3304,Ujjani Dam_1,Maharashtra SW,27,Maharashtra,496,Solapur,-,-,-,-,-,-,-,-,-,18.07402000,75.12002000,06-05-2025 17:00,0,0,0,0,0,0,0,0,0,0,0,0,0,0,0,0,0,0,0,0,0,0,0,0,0,0,0,0,0,0,0,0,0,0,0,0,0,0,0,0,0,0,0,0,"","","","","",""
3305,Ujjani Dam_1,Maharashtra SW,27,Maharashtra,496,Solapur,-,-,-,-,-,-,-,-,-,18.07402000,75.12002000,06-05-2025 18:00,0,0,0,0,0,0,0,0,0,0,0,0,0,0,0,0,0,0,0,0,0,0,0,0,0,0,0,0,0,0,0,0,0,0,0,0,0,0,0,0,0,0,0,0,"","","","","",""
3306,Ujjani Dam_1,Maharashtra SW,27,Maharashtra,496,Solapur,-,-,-,-,-,-,-,-,-,18.07402000,75.12002000,06-05-2025 20:00,0,0,0,0,0,0,0,0,0,0,0,0,0,0,0,0,0,0,0,0,0,0,0,0,0,0,0,0,0,0,0,0,0,0,0,0,0,0,0,0,0,0,0,0,"","","","","",""
3307,Ujjani Dam_1,Maharashtra SW,27,Maharashtra,496,Solapur,-,-,-,-,-,-,-,-,-,18.07402000,75.12002000,06-05-2025 21:00,0,0,0,0,0,0,0,0,0,0,0,0,0,0,0,0,0,0,0,0,0,0,0,0,0,0,0,0,0,0,0,0,0,0,0,0,0,0,0,0,0,0,0,0,"","","","","",""
3308,Ujjani Dam_1,Maharashtra SW,27,Maharashtra,496,Solapur,-,-,-,-,-,-,-,-,-,18.07402000,75.12002000,06-05-2025 22:00,0,0,0,0,0,0,0,0,0,0,0,0,0,0,0,0,0,0,0,0,0,0,0,0,0,0,0,0,0,0,0,0,0,0,0,0,0,0,0,0,0,0,0,0,"","","","","",""
3309,Ujjani Dam_1,Maharashtra SW,27,Maharashtra,496,Solapur,-,-,-,-,-,-,-,-,-,18.07402000,75.12002000,06-05-2025 23:00,0,0,0,0,0,0,0,0,0,0,0,0,0,0,0,0,0,0,0,0,0,0,0,0,0,0,0,0,0,0,0,0,0,0,0,0,0,0,0,0,0,0,0,0,"","","","","",""
3310,Ujjani Dam_1,Maharashtra SW,27,Maharashtra,496,Solapur,-,-,-,-,-,-,-,-,-,18.07402000,75.12002000,22-05-2025 12:00,0,0,0,0,0,0,0,0,0,0,0,0,0,0,0,0,0,0,0,0,0,0,0,0,0,0,0,0,0,0,0,0,0,0,0,0,0,0,0,0,0,0,0,0,"","","","","",""
3311,Ujjani Dam_1,Maharashtra SW,27,Maharashtra,496,Solapur,-,-,-,-,-,-,-,-,-,18.07402000,75.12002000,17-09-2025 12:00,704.88,0,704.88,704.88,704.88,704.88,704.88,704.88,704.88,704.88,704.88,704.88,704.88,704.88,0,704.88,0,0,0,0,0,0,0,0,0,0,0,0,0,0,0,0,0,0,0,0,0,0,0,0,0,0,0,0,"","","","","",""
3312,Ujjani Dam_1,Maharashtra SW,27,Maharashtra,496,Solapur,-,-,-,-,-,-,-,-,-,18.07402000,75.12002000,17-09-2025 13:00,704.88,0,704.88,704.88,704.88,704.88,704.88,704.88,704.88,704.88,704.88,704.88,704.88,704.88,0,704.88,0,0,0,0,0,0,0,0,0,0,0,0,0,0,0,0,0,0,0,0,0,0,0,0,0,0,0,0,"","","","","",""
3313,Ujjani Dam_1,Maharashtra SW,27,Maharashtra,496,Solapur,-,-,-,-,-,-,-,-,-,18.07402000,75.12002000,17-09-2025 14:00,704.88,0,704.88,704.88,704.88,704.88,704.88,704.88,704.88,704.88,704.88,704.88,704.88,704.88,0,704.88,0,0,0,0,0,0,0,0,0,0,0,0,0,0,0,0,0,0,0,0,0,0,0,0,0,0,0,0,"","","","","",""
3314,Ujjani Dam_1,Maharashtra SW,27,Maharashtra,496,Solapur,-,-,-,-,-,-,-,-,-,18.07402000,75.12002000,17-09-2025 15:00,705.23,0,705.23,705.23,705.23,705.23,705.23,705.23,705.23,705.23,705.23,705.23,705.23,705.23,0,705.23,0,0,0,0,0,0,0,0,0,0,0,0,0,0,0,0,0,0,0,0,0,0,0,0,0,0,0,0,"","","","","",""
3315,Ujjani Dam_1,Maharashtra SW,27,Maharashtra,496,Solapur,-,-,-,-,-,-,-,-,-,18.07402000,75.12002000,17-09-2025 16:00,839.08,0,0,0,0,0,839.08,839.08,839.08,839.08,0,0,0,0,0,839.08,0,0,0,0,0,0,0,0,0,0,0,0,0,0,0,0,0,0,0,0,0,0,0,0,0,0,0,0,"","","","","",""
3316,Ujjani Dam_1,Maharashtra SW,27,Maharashtra,496,Solapur,-,-,-,-,-,-,-,-,-,18.07402000,75.12002000,17-09-2025 17:00,839.78,0,0,0,0,0,839.78,839.78,839.78,839.78,0,0,0,0,0,839.78,0,0,0,0,0,0,0,0,0,0,0,0,0,0,0,0,0,0,0,0,0,0,0,0,0,0,0,0,"","","","","",""
3317,Ujjani Dam_1,Maharashtra SW,27,Maharashtra,496,Solapur,-,-,-,-,-,-,-,-,-,18.07402000,75.12002000,17-09-2025 18:00,839.78,0,0,0,0,0,839.78,839.78,839.78,839.78,0,0,0,0,0,839.78,0,0,0,0,0,0,0,0,0,0,0,0,0,0,0,0,0,0,0,0,0,0,0,0,0,0,0,0,"","","","","",""
3318,Ujjani Dam_1,Maharashtra SW,27,Maharashtra,496,Solapur,-,-,-,-,-,-,-,-,-,18.07402000,75.12002000,17-09-2025 19:00,840.49,0,0,0,0,0,840.49,840.49,840.49,840.49,0,0,0,0,0,840.49,0,0,0,0,0,0,0,0,0,0,0,0,0,0,0,0,0,0,0,0,0,0,0,0,0,0,0,0,"","","","","",""
3319,Ujjani Dam_1,Maharashtra SW,27,Maharashtra,496,Solapur,-,-,-,-,-,-,-,-,-,18.07402000,75.12002000,17-09-2025 20:00,841.2,0,0,0,0,0,841.2,841.2,841.2,841.2,0,0,0,0,0,841.2,0,0,0,0,0,0,0,0,0,0,0,0,0,0,0,0,0,0,0,0,0,0,0,0,0,0,0,0,"","","","","",""
3320,Ujjani Dam_1,Maharashtra SW,27,Maharashtra,496,Solapur,-,-,-,-,-,-,-,-,-,18.07402000,75.12002000,17-09-2025 21:00,841.2,0,0,0,0,0,841.2,841.2,841.2,841.2,0,0,0,0,0,841.2,0,0,0,0,0,0,0,0,0,0,0,0,0,0,0,0,0,0,0,0,0,0,0,0,0,0,0,0,"","","","","",""
3321,Ujjani Dam_1,Maharashtra SW,27,Maharashtra,496,Solapur,-,-,-,-,-,-,-,-,-,18.07402000,75.12002000,17-09-2025 22:00,841.55,0,0,0,0,0,841.55,841.55,841.55,841.55,0,0,0,0,0,841.55,0,0,0,0,0,0,0,0,0,0,0,0,0,0,0,0,0,0,0,0,0,0,0,0,0,0,0,0,"","","","","",""
3322,Ujjani Dam_1,Maharashtra SW,27,Maharashtra,496,Solapur,-,-,-,-,-,-,-,-,-,18.07402000,75.12002000,18-09-2025 00:00,841.55,0,0,0,0,0,841.55,841.55,841.55,841.55,0,0,0,0,0,841.55,0,0,0,0,0,0,0,0,0,0,0,0,0,0,0,0,0,0,0,0,0,0,0,0,0,0,0,0,"","","","","",""
3323,Ujjani Dam_1,Maharashtra SW,27,Maharashtra,496,Solapur,-,-,-,-,-,-,-,-,-,18.07402000,75.12002000,18-09-2025 01:00,842.96,0,0,0,0,0,842.96,842.96,842.96,842.96,0,0,0,0,0,842.96,0,0,0,0,0,0,0,0,0,0,0,0,0,0,0,0,0,0,0,0,0,0,0,0,0,0,0,0,"","","","","",""
3324,Ujjani Dam_1,Maharashtra SW,27,Maharashtra,496,Solapur,-,-,-,-,-,-,-,-,-,18.07402000,75.12002000,18-09-2025 02:00,842.25,0,0,0,0,0,842.25,842.25,842.25,842.25,0,0,0,0,0,842.25,0,0,0,0,0,0,0,0,0,0,0,0,0,0,0,0,0,0,0,0,0,0,0,0,0,0,0,0,"","","","","",""
3325,Ujjani Dam_1,Maharashtra SW,27,Maharashtra,496,Solapur,-,-,-,-,-,-,-,-,-,18.07402000,75.12002000,18-09-2025 03:00,842.96,0,0,0,0,0,842.96,842.96,842.96,842.96,0,0,0,0,0,842.96,0,0,0,0,0,0,0,0,0,0,0,0,0,0,0,0,0,0,0,0,0,0,0,0,0,0,0,0,"","","","","",""
3326,Ujjani Dam_1,Maharashtra SW,27,Maharashtra,496,Solapur,-,-,-,-,-,-,-,-,-,18.07402000,75.12002000,18-09-2025 04:00,942.9,942.9,942.9,942.9,942.9,942.9,942.9,942.9,942.9,942.9,942.9,942.9,942.9,942.9,942.9,942.9,0,0,0,0,0,0,0,0,0,0,0,0,0,0,0,0,0,0,0,0,0,0,0,0,0,0,0,0,"","","","","",""
3327,Ujjani Dam_1,Maharashtra SW,27,Maharashtra,496,Solapur,-,-,-,-,-,-,-,-,-,18.07402000,75.12002000,18-09-2025 05:00,942.9,942.9,942.9,942.9,942.9,942.9,942.9,942.9,942.9,942.9,942.9,942.9,942.9,942.9,942.9,942.9,0,0,0,0,0,0,0,0,0,0,0,0,0,0,0,0,0,0,0,0,0,0,0,0,0,0,0,0,"","","","","",""
3328,Ujjani Dam_1,Maharashtra SW,27,Maharashtra,496,Solapur,-,-,-,-,-,-,-,-,-,18.07402000,75.12002000,18-09-2025 06:00,943.96,943.96,943.96,943.96,943.96,943.96,943.96,943.96,943.96,943.96,943.96,943.96,943.96,943.96,943.96,943.96,0,0,0,0,0,0,0,0,0,0,0,0,0,0,0,0,0,0,0,0,0,0,0,0,0,0,0,0,"","","","","",""
3329,Ujjani Dam_1,Maharashtra SW,27,Maharashtra,496,Solapur,-,-,-,-,-,-,-,-,-,18.07402000,75.12002000,18-09-2025 08:00,943.96,943.96,943.96,943.96,943.96,943.96,943.96,943.96,943.96,943.96,943.96,943.96,943.96,943.96,943.96,943.96,0,0,0,0,0,0,0,0,0,0,0,0,0,0,0,0,0,0,0,0,0,0,0,0,0,0,0,0,"","","","","",""
3330,Ujjani Dam_1,Maharashtra SW,27,Maharashtra,496,Solapur,-,-,-,-,-,-,-,-,-,18.07402000,75.12002000,18-09-2025 09:00,943.96,943.96,943.96,943.96,943.96,943.96,943.96,943.96,943.96,943.96,943.96,943.96,943.96,943.96,943.96,943.96,0,0,0,0,0,0,0,0,0,0,0,0,0,0,0,0,0,0,0,0,0,0,0,0,0,0,0,0,"","","","","",""
3331,Ujjani Dam_1,Maharashtra SW,27,Maharashtra,496,Solapur,-,-,-,-,-,-,-,-,-,18.07402000,75.12002000,18-09-2025 10:00,943.96,943.96,943.96,943.96,943.96,943.96,943.96,943.96,943.96,943.96,943.96,943.96,943.96,943.96,943.96,943.96,0,0,0,0,0,0,0,0,0,0,0,0,0,0,0,0,0,0,0,0,0,0,0,0,0,0,0,0,"","","","","",""
3332,Ujjani Dam_1,Maharashtra SW,27,Maharashtra,496,Solapur,-,-,-,-,-,-,-,-,-,18.07402000,75.12002000,18-09-2025 11:00,943.96,943.96,943.96,943.96,943.96,943.96,943.96,943.96,943.96,943.96,943.96,943.96,943.96,943.96,943.96,943.96,0,0,0,0,0,0,0,0,0,0,0,0,0,0,0,0,0,0,0,0,0,0,0,0,0,0,0,0,"","","","","",""
3333,Ujjani Dam_1,Maharashtra SW,27,Maharashtra,496,Solapur,-,-,-,-,-,-,-,-,-,18.07402000,75.12002000,18-09-2025 12:00,943.96,943.96,943.96,943.96,943.96,943.96,943.96,943.96,943.96,943.96,943.96,943.96,943.96,943.96,943.96,943.96,0,0,0,0,0,0,0,0,0,0,0,0,0,0,0,0,0,0,0,0,0,0,0,0,0,0,0,0,"","","","","",""
3334,Ujjani Dam_1,Maharashtra SW,27,Maharashtra,496,Solapur,-,-,-,-,-,-,-,-,-,18.07402000,75.12002000,18-09-2025 13:00,943.96,943.96,943.96,943.96,943.96,943.96,943.96,943.96,943.96,943.96,943.96,943.96,943.96,943.96,943.96,943.96,0,0,0,0,0,0,0,0,0,0,0,0,0,0,0,0,0,0,0,0,0,0,0,0,0,0,0,0,"","","","","",""
3335,Ujjani Dam_1,Maharashtra SW,27,Maharashtra,496,Solapur,-,-,-,-,-,-,-,-,-,18.07402000,75.12002000,18-09-2025 15:00,942.2,942.2,942.2,942.2,942.2,942.2,942.2,942.2,942.2,942.2,942.2,942.2,942.2,942.2,942.2,942.2,0,0,0,0,0,0,0,0,0,0,0,0,0,0,0,0,0,0,0,0,0,0,0,0,0,0,0,0,"","","","","",""
3336,Ujjani Dam_1,Maharashtra SW,27,Maharashtra,496,Solapur,-,-,-,-,-,-,-,-,-,18.07402000,75.12002000,18-09-2025 16:00,943.96,943.96,943.96,943.96,943.96,943.96,943.96,943.96,943.96,943.96,943.96,943.96,943.96,943.96,943.96,943.96,0,0,0,0,0,0,0,0,0,0,0,0,0,0,0,0,0,0,0,0,0,0,0,0,0,0,0,0,"","","","","",""
3337,Ujjani Dam_1,Maharashtra SW,27,Maharashtra,496,Solapur,-,-,-,-,-,-,-,-,-,18.07402000,75.12002000,18-09-2025 17:00,944.67,944.67,944.67,944.67,944.67,944.67,944.67,944.67,944.67,944.67,944.67,944.67,944.67,944.67,944.67,944.67,0,0,0,0,0,0,0,0,0,0,0,0,0,0,0,0,0,0,0,0,0,0,0,0,0,0,0,0,"","","","","",""
3338,Ujjani Dam_1,Maharashtra SW,27,Maharashtra,496,Solapur,-,-,-,-,-,-,-,-,-,18.07402000,75.12002000,18-09-2025 18:00,944.67,944.67,944.67,944.67,944.67,944.67,944.67,944.67,944.67,944.67,944.67,944.67,944.67,944.67,944.67,944.67,0,0,0,0,0,0,0,0,0,0,0,0,0,0,0,0,0,0,0,0,0,0,0,0,0,0,0,0,"","","","","",""
3339,Ujjani Dam_1,Maharashtra SW,27,Maharashtra,496,Solapur,-,-,-,-,-,-,-,-,-,18.07402000,75.12002000,18-09-2025 19:00,944.67,944.67,944.67,944.67,944.67,944.67,944.67,944.67,944.67,944.67,944.67,944.67,944.67,944.67,944.67,944.67,0,0,0,0,0,0,0,0,0,0,0,0,0,0,0,0,0,0,0,0,0,0,0,0,0,0,0,0,"","","","","",""
3340,Ujjani Dam_1,Maharashtra SW,27,Maharashtra,496,Solapur,-,-,-,-,-,-,-,-,-,18.07402000,75.12002000,18-09-2025 20:00,944.67,944.67,944.67,944.67,944.67,944.67,944.67,944.67,944.67,944.67,944.67,944.67,944.67,944.67,944.67,944.67,0,0,0,0,0,0,0,0,0,0,0,0,0,0,0,0,0,0,0,0,0,0,0,0,0,0,0,0,"","","","","",""
3341,Ujjani Dam_1,Maharashtra SW,27,Maharashtra,496,Solapur,-,-,-,-,-,-,-,-,-,18.07402000,75.12002000,18-09-2025 21:00,944.67,944.67,944.67,944.67,944.67,944.67,944.67,944.67,944.67,944.67,944.67,944.67,944.67,944.67,944.67,944.67,0,0,0,0,0,0,0,0,0,0,0,0,0,0,0,0,0,0,0,0,0,0,0,0,0,0,0,0,"","","","","",""
3342,Ujjani Dam_1,Maharashtra SW,27,Maharashtra,496,Solapur,-,-,-,-,-,-,-,-,-,18.07402000,75.12002000,18-09-2025 22:00,945.37,945.37,945.37,945.37,945.37,945.37,945.37,945.37,945.37,945.37,945.37,945.37,945.37,945.37,945.37,945.37,0,0,0,0,0,0,0,0,0,0,0,0,0,0,0,0,0,0,0,0,0,0,0,0,0,0,0,0,"","","","","",""
3343,Ujjani Dam_1,Maharashtra SW,27,Maharashtra,496,Solapur,-,-,-,-,-,-,-,-,-,18.07402000,75.12002000,20-09-2025 00:00,2541.95,2478.03,2478.03,2478.03,2478.03,2478.03,2541.95,2541.95,2541.95,2541.95,2478.03,2478.03,2478.03,2478.03,2478.03,2541.95,0,0,0,0,0,0,0,0,0,0,0,0,0,0,0,0,0,0,0,0,0,0,0,0,0,0,0,0,"","","","","",""
3344,Ujjani Dam_1,Maharashtra SW,27,Maharashtra,496,Solapur,-,-,-,-,-,-,-,-,-,18.07402000,75.12002000,20-09-2025 01:00,2541.95,2478.03,2478.03,2478.03,2478.03,2478.03,2541.95,2541.95,2541.95,2541.95,2478.03,2478.03,2478.03,2478.03,2478.03,2541.95,0,0,0,0,0,0,0,0,0,0,0,0,0,0,0,0,0,0,0,0,0,0,0,0,0,0,0,0,"","","","","",""
3345,Ujjani Dam_1,Maharashtra SW,27,Maharashtra,496,Solapur,-,-,-,-,-,-,-,-,-,18.07402000,75.12002000,20-09-2025 02:00,2541.95,2478.03,2478.03,2478.03,2478.03,2478.03,2541.95,2541.95,2541.95,2541.95,2478.03,2478.03,2478.03,2478.03,2478.03,2541.95,0,0,0,0,0,0,0,0,0,0,0,0,0,0,0,0,0,0,0,0,0,0,0,0,0,0,0,0,"","","","","",""
3346,Ujjani Dam_1,Maharashtra SW,27,Maharashtra,496,Solapur,-,-,-,-,-,-,-,-,-,18.07402000,75.12002000,20-09-2025 03:00,2541.95,2478.03,2478.03,2478.03,2478.03,2478.03,2541.95,2541.95,2541.95,2541.95,2478.03,2478.03,2478.03,2478.03,2478.03,2541.95,0,0,0,0,0,0,0,0,0,0,0,0,0,0,0,0,0,0,0,0,0,0,0,0,0,0,0,0,"","","","","",""
3347,Ujjani Dam_1,Maharashtra SW,27,Maharashtra,496,Solapur,-,-,-,-,-,-,-,-,-,18.07402000,75.12002000,20-09-2025 04:00,2541.95,2478.03,2478.03,2478.03,2478.03,2478.03,2541.95,2541.95,2541.95,2541.95,2478.03,2478.03,2478.03,2478.03,2478.03,2541.95,0,0,0,0,0,0,0,0,0,0,0,0,0,0,0,0,0,0,0,0,0,0,0,0,0,0,0,0,"","","","","",""
3348,Ujjani Dam_1,Maharashtra SW,27,Maharashtra,496,Solapur,-,-,-,-,-,-,-,-,-,18.07402000,75.12002000,20-09-2025 05:00,2541.95,2478.03,2478.03,2478.03,2478.03,2478.03,2541.95,2541.95,2541.95,2541.95,2478.03,2478.03,2478.03,2478.03,2478.03,2541.95,0,0,0,0,0,0,0,0,0,0,0,0,0,0,0,0,0,0,0,0,0,0,0,0,0,0,0,0,"","","","","",""
3349,Ujjani Dam_1,Maharashtra SW,27,Maharashtra,496,Solapur,-,-,-,-,-,-,-,-,-,18.07402000,75.12002000,20-09-2025 07:00,2188.8,2188.8,2188.8,2188.8,2188.8,2188.8,2188.8,2188.8,2188.8,2188.8,2188.8,2188.8,2188.8,2188.8,2188.8,2188.8,0,0,0,0,0,0,0,0,0,0,0,0,0,0,0,0,0,0,0,0,0,0,0,0,0,0,0,0,"","","","","",""
3350,Ujjani Dam_1,Maharashtra SW,27,Maharashtra,496,Solapur,-,-,-,-,-,-,-,-,-,18.07402000,75.12002000,20-09-2025 08:00,2190.92,2190.92,2190.92,2190.92,2190.92,2190.92,2190.92,2190.92,2190.92,2190.92,2190.92,2190.92,2190.92,2190.92,2190.92,2190.92,0,0,0,0,0,0,0,0,0,0,0,0,0,0,0,0,0,0,0,0,0,0,0,0,0,0,0,0,"","","","","",""
3351,Ujjani Dam_1,Maharashtra SW,27,Maharashtra,496,Solapur,-,-,-,-,-,-,-,-,-,18.07402000,75.12002000,20-09-2025 09:00,2188.8,2188.8,2188.8,2188.8,2188.8,2188.8,2188.8,2188.8,2188.8,2188.8,2188.8,2188.8,2188.8,2188.8,2188.8,2188.8,0,0,0,0,0,0,0,0,0,0,0,0,0,0,0,0,0,0,0,0,0,0,0,0,0,0,0,0,"","","","","",""
3352,Ujjani Dam_1,Maharashtra SW,27,Maharashtra,496,Solapur,-,-,-,-,-,-,-,-,-,18.07402000,75.12002000,20-09-2025 10:00,2190.92,2190.92,2190.92,2190.92,2190.92,2190.92,2190.92,2190.92,2190.92,2190.92,2190.92,2190.92,2190.92,2190.92,2190.92,2190.92,0,0,0,0,0,0,0,0,0,0,0,0,0,0,0,0,0,0,0,0,0,0,0,0,0,0,0,0,"","","","","",""
3353,Ujjani Dam_1,Maharashtra SW,27,Maharashtra,496,Solapur,-,-,-,-,-,-,-,-,-,18.07402000,75.12002000,20-09-2025 11:00,2190.92,2190.92,2190.92,2190.92,2190.92,2190.92,2190.92,2190.92,2190.92,2190.92,2190.92,2190.92,2190.92,2190.92,2190.92,2190.92,0,0,0,0,0,0,0,0,0,0,0,0,0,0,0,0,0,0,0,0,0,0,0,0,0,0,0,0,"","","","","",""
3354,Ujjani Dam_1,Maharashtra SW,27,Maharashtra,496,Solapur,-,-,-,-,-,-,-,-,-,18.07402000,75.12002000,20-09-2025 12:00,2192.69,2192.69,2192.69,2192.69,2192.69,2192.69,2192.69,2192.69,2192.69,2192.69,2192.69,2192.69,2192.69,2192.69,2192.69,2192.69,0,0,0,0,0,0,0,0,0,0,0,0,0,0,0,0,0,0,0,0,0,0,0,0,0,0,0,0,"","","","","",""
3355,Ujjani Dam_1,Maharashtra SW,27,Maharashtra,496,Solapur,-,-,-,-,-,-,-,-,-,18.07402000,75.12002000,20-09-2025 13:00,2192.69,2192.69,2192.69,2192.69,2192.69,2192.69,2192.69,2192.69,2192.69,2192.69,2192.69,2192.69,2192.69,2192.69,2192.69,2192.69,0,0,0,0,0,0,0,0,0,0,0,0,0,0,0,0,0,0,0,0,0,0,0,0,0,0,0,0,"","","","","",""
3356,Ujjani Dam_1,Maharashtra SW,27,Maharashtra,496,Solapur,-,-,-,-,-,-,-,-,-,18.07402000,75.12002000,20-09-2025 15:00,2188.8,2188.8,2188.8,2188.8,2188.8,2188.8,2188.8,2188.8,2188.8,2188.8,2188.8,2188.8,2188.8,2188.8,2188.8,2188.8,0,0,0,0,0,0,0,0,0,0,0,0,0,0,0,0,0,0,0,0,0,0,0,0,0,0,0,0,"","","","","",""
3357,Ujjani Dam_1,Maharashtra SW,27,Maharashtra,496,Solapur,-,-,-,-,-,-,-,-,-,18.07402000,75.12002000,20-09-2025 16:00,2190.92,2190.92,2190.92,2190.92,2190.92,2190.92,2190.92,2190.92,2190.92,2190.92,2190.92,2190.92,2190.92,2190.92,2190.92,2190.92,0,0,0,0,0,0,0,0,0,0,0,0,0,0,0,0,0,0,0,0,0,0,0,0,0,0,0,0,"","","","","",""
3358,Ujjani Dam_1,Maharashtra SW,27,Maharashtra,496,Solapur,-,-,-,-,-,-,-,-,-,18.07402000,75.12002000,20-09-2025 17:00,2188.8,2188.8,2188.8,2188.8,2188.8,2188.8,2188.8,2188.8,2188.8,2188.8,2188.8,2188.8,2188.8,2188.8,2188.8,2188.8,0,0,0,0,0,0,0,0,0,0,0,0,0,0,0,0,0,0,0,0,0,0,0,0,0,0,0,0,"","","","","",""
3359,Ujjani Dam_1,Maharashtra SW,27,Maharashtra,496,Solapur,-,-,-,-,-,-,-,-,-,18.07402000,75.12002000,20-09-2025 18:00,2188.8,2188.8,2188.8,2188.8,2188.8,2188.8,2188.8,2188.8,2188.8,2188.8,2188.8,2188.8,2188.8,2188.8,2188.8,2188.8,0,0,0,0,0,0,0,0,0,0,0,0,0,0,0,0,0,0,0,0,0,0,0,0,0,0,0,0,"","","","","",""
3360,Ujjani Dam_1,Maharashtra SW,27,Maharashtra,496,Solapur,-,-,-,-,-,-,-,-,-,18.07402000,75.12002000,20-09-2025 19:00,2192.69,2192.69,2192.69,2192.69,2192.69,2192.69,2192.69,2192.69,2192.69,2192.69,2192.69,2192.69,2192.69,2192.69,2192.69,2192.69,0,0,0,0,0,0,0,0,0,0,0,0,0,0,0,0,0,0,0,0,0,0,0,0,0,0,0,0,"","","","","",""
3361,Ujjani Dam_1,Maharashtra SW,27,Maharashtra,496,Solapur,-,-,-,-,-,-,-,-,-,18.07402000,75.12002000,20-09-2025 20:00,2188.8,2188.8,2188.8,2188.8,2188.8,2188.8,2188.8,2188.8,2188.8,2188.8,2188.8,2188.8,2188.8,2188.8,2188.8,2188.8,0,0,0,0,0,0,0,0,0,0,0,0,0,0,0,0,0,0,0,0,0,0,0,0,0,0,0,0,"","","","","",""
3362,Ujjani Dam_1,Maharashtra SW,27,Maharashtra,496,Solapur,-,-,-,-,-,-,-,-,-,18.07402000,75.12002000,20-09-2025 21:00,2188.8,2188.8,2188.8,2188.8,2188.8,2188.8,2188.8,2188.8,2188.8,2188.8,2188.8,2188.8,2188.8,2188.8,2188.8,2188.8,0,0,0,0,0,0,0,0,0,0,0,0,0,0,0,0,0,0,0,0,0,0,0,0,0,0,0,0,"","","","","",""
3363,Ujjani Dam_1,Maharashtra SW,27,Maharashtra,496,Solapur,-,-,-,-,-,-,-,-,-,18.07402000,75.12002000,20-09-2025 23:00,2188.8,2188.8,2188.8,2188.8,2188.8,2188.8,2188.8,2188.8,2188.8,2188.8,2188.8,2188.8,2188.8,2188.8,2188.8,2188.8,0,0,0,0,0,0,0,0,0,0,0,0,0,0,0,0,0,0,0,0,0,0,0,0,0,0,0,0,"","","","","",""
3364,Ujjani Dam_1,Maharashtra SW,27,Maharashtra,496,Solapur,-,-,-,-,-,-,-,-,-,18.07402000,75.12002000,21-09-2025 00:00,2188.8,2188.8,2188.8,2188.8,2188.8,2188.8,2188.8,2188.8,2188.8,2188.8,2188.8,2188.8,2188.8,2188.8,2188.8,2188.8,0,0,0,0,0,0,0,0,0,0,0,0,0,0,0,0,0,0,0,0,0,0,0,0,0,0,0,0,"","","","","",""
3365,Ujjani Dam_1,Maharashtra SW,27,Maharashtra,496,Solapur,-,-,-,-,-,-,-,-,-,18.07402000,75.12002000,21-09-2025 01:00,2188.8,2188.8,2188.8,2188.8,2188.8,2188.8,2188.8,2188.8,2188.8,2188.8,2188.8,2188.8,2188.8,2188.8,2188.8,2188.8,0,0,0,0,0,0,0,0,0,0,0,0,0,0,0,0,0,0,0,0,0,0,0,0,0,0,0,0,"","","","","",""
3366,Ujjani Dam_1,Maharashtra SW,27,Maharashtra,496,Solapur,-,-,-,-,-,-,-,-,-,18.07402000,75.12002000,21-09-2025 02:00,2185.27,2185.27,2185.27,2185.27,2185.27,2185.27,2185.27,2185.27,2185.27,2185.27,2185.27,2185.27,2185.27,2185.27,2185.27,2185.27,0,0,0,0,0,0,0,0,0,0,0,0,0,0,0,0,0,0,0,0,0,0,0,0,0,0,0,0,"","","","","",""
3367,Ujjani Dam_1,Maharashtra SW,27,Maharashtra,496,Solapur,-,-,-,-,-,-,-,-,-,18.07402000,75.12002000,21-09-2025 03:00,2187.04,2187.04,2187.04,2187.04,2187.04,2187.04,2187.04,2187.04,2187.04,2187.04,2187.04,2187.04,2187.04,2187.04,2187.04,2187.04,0,0,0,0,0,0,0,0,0,0,0,0,0,0,0,0,0,0,0,0,0,0,0,0,0,0,0,0,"","","","","",""
3368,Ujjani Dam_1,Maharashtra SW,27,Maharashtra,496,Solapur,-,-,-,-,-,-,-,-,-,18.07402000,75.12002000,21-09-2025 04:00,2187.04,2187.04,2187.04,2187.04,2187.04,2187.04,2187.04,2187.04,2187.04,2187.04,2187.04,2187.04,2187.04,2187.04,2187.04,2187.04,0,0,0,0,0,0,0,0,0,0,0,0,0,0,0,0,0,0,0,0,0,0,0,0,0,0,0,0,"","","","","",""
3369,Ujjani Dam_1,Maharashtra SW,27,Maharashtra,496,Solapur,-,-,-,-,-,-,-,-,-,18.07402000,75.12002000,21-09-2025 05:00,1175.27,1175.27,1175.27,1175.27,1175.27,1175.27,1175.27,1175.27,1175.27,1175.27,1175.27,1175.27,1175.27,1175.27,1175.27,1175.27,0,0,0,0,0,0,0,0,0,0,0,0,0,0,0,0,0,0,0,0,0,0,0,0,0,0,0,0,"","","","","",""
3370,Ujjani Dam_1,Maharashtra SW,27,Maharashtra,496,Solapur,-,-,-,-,-,-,-,-,-,18.07402000,75.12002000,21-09-2025 07:00,1242.37,1242.37,1242.37,1242.37,1242.37,1242.37,1242.37,1242.37,1242.37,1242.37,1242.37,1242.37,1242.37,1242.37,1242.37,1242.37,0,0,0,0,0,0,0,0,0,0,0,0,0,0,0,0,0,0,0,0,0,0,0,0,0,0,0,0,"","","","","",""
3371,Ujjani Dam_1,Maharashtra SW,27,Maharashtra,496,Solapur,-,-,-,-,-,-,-,-,-,18.07402000,75.12002000,21-09-2025 08:00,1242.37,1242.37,1242.37,1242.37,1242.37,1242.37,1242.37,1242.37,1242.37,1242.37,1242.37,1242.37,1242.37,1242.37,1242.37,1242.37,0,0,0,0,0,0,0,0,0,0,0,0,0,0,0,0,0,0,0,0,0,0,0,0,0,0,0,0,"","","","","",""
3372,Ujjani Dam_1,Maharashtra SW,27,Maharashtra,496,Solapur,-,-,-,-,-,-,-,-,-,18.07402000,75.12002000,21-09-2025 09:00,1242.37,1242.37,1242.37,1242.37,1242.37,1242.37,1242.37,1242.37,1242.37,1242.37,1242.37,1242.37,1242.37,1242.37,1242.37,1242.37,0,0,0,0,0,0,0,0,0,0,0,0,0,0,0,0,0,0,0,0,0,0,0,0,0,0,0,0,"","","","","",""
3373,Ujjani Dam_1,Maharashtra SW,27,Maharashtra,496,Solapur,-,-,-,-,-,-,-,-,-,18.07402000,75.12002000,21-09-2025 10:00,1242.37,1242.37,1242.37,1242.37,1242.37,1242.37,1242.37,1242.37,1242.37,1242.37,1242.37,1242.37,1242.37,1242.37,1242.37,1242.37,0,0,0,0,0,0,0,0,0,0,0,0,0,0,0,0,0,0,0,0,0,0,0,0,0,0,0,0,"","","","","",""
3374,Ujjani Dam_1,Maharashtra SW,27,Maharashtra,496,Solapur,-,-,-,-,-,-,-,-,-,18.07402000,75.12002000,21-09-2025 11:00,1243.43,1243.43,1243.43,1243.43,1243.43,1243.43,1243.43,1243.43,1243.43,1243.43,1243.43,1243.43,1243.43,1243.43,1243.43,1243.43,0,0,0,0,0,0,0,0,0,0,0,0,0,0,0,0,0,0,0,0,0,0,0,0,0,0,0,0,"","","","","",""
3375,Ujjani Dam_1,Maharashtra SW,27,Maharashtra,496,Solapur,-,-,-,-,-,-,-,-,-,18.07402000,75.12002000,21-09-2025 12:00,910.41,910.41,910.41,910.41,910.41,910.41,910.41,910.41,910.41,910.41,910.41,910.41,910.41,910.41,910.41,910.41,0,0,0,0,0,0,0,0,0,0,0,0,0,0,0,0,0,0,0,0,0,0,0,0,0,0,0,0,"","","","","",""
3376,Ujjani Dam_1,Maharashtra SW,27,Maharashtra,496,Solapur,-,-,-,-,-,-,-,-,-,18.07402000,75.12002000,21-09-2025 13:00,911.12,911.12,911.12,911.12,911.12,911.12,911.12,911.12,911.12,911.12,911.12,911.12,911.12,911.12,911.12,911.12,0,0,0,0,0,0,0,0,0,0,0,0,0,0,0,0,0,0,0,0,0,0,0,0,0,0,0,0,"","","","","",""
3377,Ujjani Dam_1,Maharashtra SW,27,Maharashtra,496,Solapur,-,-,-,-,-,-,-,-,-,18.07402000,75.12002000,21-09-2025 15:00,910.41,910.41,910.41,910.41,910.41,910.41,910.41,910.41,910.41,910.41,910.41,910.41,910.41,910.41,910.41,910.41,0,0,0,0,0,0,0,0,0,0,0,0,0,0,0,0,0,0,0,0,0,0,0,0,0,0,0,0,"","","","","",""
3378,Ujjani Dam_1,Maharashtra SW,27,Maharashtra,496,Solapur,-,-,-,-,-,-,-,-,-,18.07402000,75.12002000,21-09-2025 16:00,911.12,911.12,911.12,911.12,911.12,911.12,911.12,911.12,911.12,911.12,911.12,911.12,911.12,911.12,911.12,911.12,0,0,0,0,0,0,0,0,0,0,0,0,0,0,0,0,0,0,0,0,0,0,0,0,0,0,0,0,"","","","","",""
3379,Ujjani Dam_1,Maharashtra SW,27,Maharashtra,496,Solapur,-,-,-,-,-,-,-,-,-,18.07402000,75.12002000,21-09-2025 17:00,911.12,911.12,911.12,911.12,911.12,911.12,911.12,911.12,911.12,911.12,911.12,911.12,911.12,911.12,911.12,911.12,0,0,0,0,0,0,0,0,0,0,0,0,0,0,0,0,0,0,0,0,0,0,0,0,0,0,0,0,"","","","","",""
3380,Ujjani Dam_1,Maharashtra SW,27,Maharashtra,496,Solapur,-,-,-,-,-,-,-,-,-,18.07402000,75.12002000,21-09-2025 18:00,912.53,912.53,912.53,912.53,912.53,912.53,912.53,912.53,912.53,912.53,912.53,912.53,912.53,912.53,912.53,912.53,0,0,0,0,0,0,0,0,0,0,0,0,0,0,0,0,0,0,0,0,0,0,0,0,0,0,0,0,"","","","","",""
3381,Ujjani Dam_1,Maharashtra SW,27,Maharashtra,496,Solapur,-,-,-,-,-,-,-,-,-,18.07402000,75.12002000,21-09-2025 19:00,911.12,911.12,911.12,911.12,911.12,911.12,911.12,911.12,911.12,911.12,911.12,911.12,911.12,911.12,911.12,911.12,0,0,0,0,0,0,0,0,0,0,0,0,0,0,0,0,0,0,0,0,0,0,0,0,0,0,0,0,"","","","","",""
3382,Ujjani Dam_1,Maharashtra SW,27,Maharashtra,496,Solapur,-,-,-,-,-,-,-,-,-,18.07402000,75.12002000,21-09-2025 20:00,911.12,911.12,911.12,911.12,911.12,911.12,911.12,911.12,911.12,911.12,911.12,911.12,911.12,911.12,911.12,911.12,0,0,0,0,0,0,0,0,0,0,0,0,0,0,0,0,0,0,0,0,0,0,0,0,0,0,0,0,"","","","","",""
3383,Ujjani Dam_1,Maharashtra SW,27,Maharashtra,496,Solapur,-,-,-,-,-,-,-,-,-,18.07402000,75.12002000,21-09-2025 21:00,911.12,911.12,911.12,911.12,911.12,911.12,911.12,911.12,911.12,911.12,911.12,911.12,911.12,911.12,911.12,911.12,0,0,0,0,0,0,0,0,0,0,0,0,0,0,0,0,0,0,0,0,0,0,0,0,0,0,0,0,"","","","","",""
3384,Ujjani Dam_1,Maharashtra SW,27,Maharashtra,496,Solapur,-,-,-,-,-,-,-,-,-,18.07402000,75.12002000,21-09-2025 23:00,1900.99,1900.99,1900.99,1900.99,1900.99,1900.99,1900.99,1900.99,1900.99,1900.99,1900.99,1900.99,1900.99,1900.99,1900.99,1900.99,0,0,0,0,0,0,0,0,0,0,0,0,0,0,0,0,0,0,0,0,0,0,0,0,0,0,0,0,"","","","","",""
3385,Ujjani Dam_1,Maharashtra SW,27,Maharashtra,496,Solapur,-,-,-,-,-,-,-,-,-,18.07402000,75.12002000,22-09-2025 00:00,1900.99,1900.99,1900.99,1900.99,1900.99,1900.99,1900.99,1900.99,1900.99,1900.99,1900.99,1900.99,1900.99,1900.99,1900.99,1900.99,0,0,0,0,0,0,0,0,0,0,0,0,0,0,0,0,0,0,0,0,0,0,0,0,0,0,0,0,"","","","","",""
3386,Ujjani Dam_1,Maharashtra SW,27,Maharashtra,496,Solapur,-,-,-,-,-,-,-,-,-,18.07402000,75.12002000,22-09-2025 01:00,1900.99,1900.99,1900.99,1900.99,1900.99,1900.99,1900.99,1900.99,1900.99,1900.99,1900.99,1900.99,1900.99,1900.99,1900.99,1900.99,0,0,0,0,0,0,0,0,0,0,0,0,0,0,0,0,0,0,0,0,0,0,0,0,0,0,0,0,"","","","","",""
3387,Ujjani Dam_1,Maharashtra SW,27,Maharashtra,496,Solapur,-,-,-,-,-,-,-,-,-,18.07402000,75.12002000,22-09-2025 02:00,2224.82,2224.82,2224.82,2224.82,2224.82,2224.82,2224.82,2224.82,2224.82,2224.82,2224.82,2224.82,2224.82,2224.82,2224.82,2224.82,0,0,0,0,0,0,0,0,0,0,0,0,0,0,0,0,0,0,0,0,0,0,0,0,0,0,0,0,"","","","","",""
3388,Ujjani Dam_1,Maharashtra SW,27,Maharashtra,496,Solapur,-,-,-,-,-,-,-,-,-,18.07402000,75.12002000,22-09-2025 03:00,2226.59,2226.59,2226.59,2226.59,2226.59,2226.59,2226.59,2226.59,2226.59,2226.59,2226.59,2226.59,2226.59,2226.59,2226.59,2226.59,0,0,0,0,0,0,0,0,0,0,0,0,0,0,0,0,0,0,0,0,0,0,0,0,0,0,0,0,"","","","","",""
3389,Ujjani Dam_1,Maharashtra SW,27,Maharashtra,496,Solapur,-,-,-,-,-,-,-,-,-,18.07402000,75.12002000,22-09-2025 04:00,2226.59,2226.59,2226.59,2226.59,2226.59,2226.59,2226.59,2226.59,2226.59,2226.59,2226.59,2226.59,2226.59,2226.59,2226.59,2226.59,0,0,0,0,0,0,0,0,0,0,0,0,0,0,0,0,0,0,0,0,0,0,0,0,0,0,0,0,"","","","","",""
3390,Ujjani Dam_1,Maharashtra SW,27,Maharashtra,496,Solapur,-,-,-,-,-,-,-,-,-,18.07402000,75.12002000,22-09-2025 05:00,2869.32,2869.32,2869.32,2869.32,2869.32,2869.32,2869.32,2869.32,2869.32,2869.32,2869.32,2869.32,2869.32,2869.32,2869.32,2869.32,0,0,0,0,0,0,0,0,0,0,0,0,0,0,0,0,0,0,0,0,0,0,0,0,0,0,0,0,"","","","","",""
3391,Ujjani Dam_1,Maharashtra SW,27,Maharashtra,496,Solapur,-,-,-,-,-,-,-,-,-,18.07402000,75.12002000,22-09-2025 07:00,4362.42,4362.42,4362.42,4362.42,4362.42,4362.42,4362.42,4362.42,4362.42,4362.42,4362.42,4362.42,4362.42,4362.42,4362.42,4362.42,0,0,0,0,0,0,0,0,0,0,0,0,0,0,0,0,0,0,0,0,0,0,0,0,0,0,0,0,"","","","","",""
3392,Ujjani Dam_1,Maharashtra SW,27,Maharashtra,496,Solapur,-,-,-,-,-,-,-,-,-,18.07402000,75.12002000,22-09-2025 08:00,4358.89,4358.89,4358.89,4358.89,4358.89,4358.89,4358.89,4358.89,4358.89,4358.89,4358.89,4358.89,4358.89,4358.89,4358.89,4358.89,0,0,0,0,0,0,0,0,0,0,0,0,0,0,0,0,0,0,0,0,0,0,0,0,0,0,0,0,"","","","","",""
3393,Ujjani Dam_1,Maharashtra SW,27,Maharashtra,496,Solapur,-,-,-,-,-,-,-,-,-,18.07402000,75.12002000,22-09-2025 09:00,4351.12,3769.13,3769.13,3769.13,3769.13,3769.13,3769.13,3769.13,4351.12,4351.12,4351.12,4351.12,4351.12,3146.18,3769.13,3769.13,0,0,0,0,0,0,0,0,0,0,0,0,0,0,0,0,0,0,0,0,0,0,0,0,0,0,0,0,"","","","","",""
3394,Ujjani Dam_1,Maharashtra SW,27,Maharashtra,496,Solapur,-,-,-,-,-,-,-,-,-,18.07402000,75.12002000,22-09-2025 10:00,3772.67,3772.67,3772.67,3772.67,3772.67,3772.67,3772.67,3772.67,3772.67,3772.67,3772.67,3772.67,3772.67,3772.67,3772.67,3772.67,0,0,0,0,0,0,0,0,0,0,0,0,0,0,0,0,0,0,0,0,0,0,0,0,0,0,0,0,"","","","","",""
3395,Ujjani Dam_1,Maharashtra SW,27,Maharashtra,496,Solapur,-,-,-,-,-,-,-,-,-,18.07402000,75.12002000,22-09-2025 11:00,3765.96,3765.96,3765.96,3765.96,3765.96,3765.96,3765.96,3765.96,3765.96,3765.96,3765.96,3765.96,3765.96,3765.96,3765.96,3765.96,0,0,0,0,0,0,0,0,0,0,0,0,0,0,0,0,0,0,0,0,0,0,0,0,0,0,0,0,"","","","","",""
3396,Ujjani Dam_1,Maharashtra SW,27,Maharashtra,496,Solapur,-,-,-,-,-,-,-,-,-,18.07402000,75.12002000,22-09-2025 12:00,3143.36,3143.36,3143.36,3143.36,3143.36,3143.36,3143.36,3143.36,3143.36,3143.36,3143.36,3143.36,3143.36,3143.36,3143.36,3143.36,0,0,0,0,0,0,0,0,0,0,0,0,0,0,0,0,0,0,0,0,0,0,0,0,0,0,0,0,"","","","","",""
3397,Ujjani Dam_1,Maharashtra SW,27,Maharashtra,496,Solapur,-,-,-,-,-,-,-,-,-,18.07402000,75.12002000,22-09-2025 13:00,3140.89,3140.89,3140.89,3140.89,3140.89,3140.89,3140.89,3140.89,3140.89,3140.89,3140.89,3140.89,3140.89,3140.89,3140.89,3140.89,0,0,0,0,0,0,0,0,0,0,0,0,0,0,0,0,0,0,0,0,0,0,0,0,0,0,0,0,"","","","","",""
3398,Ujjani Dam_1,Maharashtra SW,27,Maharashtra,496,Solapur,-,-,-,-,-,-,-,-,-,18.07402000,75.12002000,22-09-2025 15:00,1865.32,1865.32,1865.32,1865.32,1865.32,1865.32,1865.32,1865.32,1865.32,1865.32,1865.32,1865.32,1865.32,1865.32,1865.32,1865.32,0,0,0,0,0,0,0,0,0,0,0,0,0,0,0,0,0,0,0,0,0,0,0,0,0,0,0,0,"","","","","",""
3399,Ujjani Dam_1,Maharashtra SW,27,Maharashtra,496,Solapur,-,-,-,-,-,-,-,-,-,18.07402000,75.12002000,22-09-2025 16:00,1865.32,1865.32,1865.32,1865.32,1865.32,1865.32,1865.32,1865.32,1865.32,1865.32,1865.32,1865.32,1865.32,1865.32,1865.32,1865.32,0,0,0,0,0,0,0,0,0,0,0,0,0,0,0,0,0,0,0,0,0,0,0,0,0,0,0,0,"","","","","",""
3400,Ujjani Dam_1,Maharashtra SW,27,Maharashtra,496,Solapur,-,-,-,-,-,-,-,-,-,18.07402000,75.12002000,22-09-2025 17:00,1863.56,1863.56,1863.56,1863.56,1863.56,1863.56,1863.56,1863.56,1863.56,1863.56,1863.56,1863.56,1863.56,1863.56,1863.56,1863.56,0,0,0,0,0,0,0,0,0,0,0,0,0,0,0,0,0,0,0,0,0,0,0,0,0,0,0,0,"","","","","",""
3401,Ujjani Dam_1,Maharashtra SW,27,Maharashtra,496,Solapur,-,-,-,-,-,-,-,-,-,18.07402000,75.12002000,22-09-2025 23:00,3143.36,3143.36,3143.36,3143.36,3143.36,3143.36,3143.36,3143.36,3143.36,3143.36,3143.36,3143.36,3143.36,3143.36,3143.36,3143.36,0,0,0,0,0,0,0,0,0,0,0,0,0,0,0,0,0,0,0,0,0,0,0,0,0,0,0,0,"","","","","",""
3402,Ujjani Dam_1,Maharashtra SW,27,Maharashtra,496,Solapur,-,-,-,-,-,-,-,-,-,18.07402000,75.12002000,23-09-2025 00:00,3143.36,3143.36,3143.36,3143.36,3143.36,3143.36,3143.36,3143.36,3143.36,3143.36,3143.36,3143.36,3143.36,3143.36,3143.36,3143.36,0,0,0,0,0,0,0,0,0,0,0,0,0,0,0,0,0,0,0,0,0,0,0,0,0,0,0,0,"","","","","",""
3403,Ujjani Dam_1,Maharashtra SW,27,Maharashtra,496,Solapur,-,-,-,-,-,-,-,-,-,18.07402000,75.12002000,23-09-2025 01:00,3143.36,3143.36,3143.36,3143.36,3143.36,3143.36,3143.36,3143.36,3143.36,3143.36,3143.36,3143.36,3143.36,3143.36,3143.36,3143.36,0,0,0,0,0,0,0,0,0,0,0,0,0,0,0,0,0,0,0,0,0,0,0,0,0,0,0,0,"","","","","",""
3404,Ujjani Dam_1,Maharashtra SW,27,Maharashtra,496,Solapur,-,-,-,-,-,-,-,-,-,18.07402000,75.12002000,23-09-2025 02:00,3143.36,3143.36,3143.36,3143.36,3143.36,3143.36,3143.36,3143.36,3143.36,3143.36,3143.36,3143.36,3143.36,3143.36,3143.36,3143.36,0,0,0,0,0,0,0,0,0,0,0,0,0,0,0,0,0,0,0,0,0,0,0,0,0,0,0,0,"","","","","",""
3405,Ujjani Dam_1,Maharashtra SW,27,Maharashtra,496,Solapur,-,-,-,-,-,-,-,-,-,18.07402000,75.12002000,23-09-2025 03:00,3143.36,3143.36,3143.36,3143.36,3143.36,3143.36,3143.36,3143.36,3143.36,3143.36,3143.36,3143.36,3143.36,3143.36,3143.36,3143.36,0,0,0,0,0,0,0,0,0,0,0,0,0,0,0,0,0,0,0,0,0,0,0,0,0,0,0,0,"","","","","",""
3406,Ujjani Dam_1,Maharashtra SW,27,Maharashtra,496,Solapur,-,-,-,-,-,-,-,-,-,18.07402000,75.12002000,23-09-2025 04:00,3143.36,3143.36,3143.36,3143.36,3143.36,3143.36,3143.36,3143.36,3143.36,3143.36,3143.36,3143.36,3143.36,3143.36,3143.36,3143.36,0,0,0,0,0,0,0,0,0,0,0,0,0,0,0,0,0,0,0,0,0,0,0,0,0,0,0,0,"","","","","",""
3407,Ujjani Dam_1,Maharashtra SW,27,Maharashtra,496,Solapur,-,-,-,-,-,-,-,-,-,18.07402000,75.12002000,23-09-2025 06:00,3140.89,3140.89,3140.89,3140.89,3140.89,3140.89,3140.89,3140.89,3140.89,3140.89,3140.89,3140.89,3140.89,3140.89,3140.89,3140.89,0,0,0,0,0,0,0,0,0,0,0,0,0,0,0,0,0,0,0,0,0,0,0,0,0,0,0,0,"","","","","",""
3408,Ujjani Dam_1,Maharashtra SW,27,Maharashtra,496,Solapur,-,-,-,-,-,-,-,-,-,18.07402000,75.12002000,23-09-2025 07:00,3140.89,3140.89,3140.89,3140.89,3140.89,3140.89,3140.89,3140.89,3140.89,3140.89,3140.89,3140.89,3140.89,3140.89,3140.89,3140.89,0,0,0,0,0,0,0,0,0,0,0,0,0,0,0,0,0,0,0,0,0,0,0,0,0,0,0,0,"","","","","",""
3409,Ujjani Dam_1,Maharashtra SW,27,Maharashtra,496,Solapur,-,-,-,-,-,-,-,-,-,18.07402000,75.12002000,23-09-2025 08:00,3140.89,3140.89,3140.89,3140.89,3140.89,3140.89,3140.89,3140.89,3140.89,3140.89,3140.89,3140.89,3140.89,3140.89,3140.89,3140.89,0,0,0,0,0,0,0,0,0,0,0,0,0,0,0,0,0,0,0,0,0,0,0,0,0,0,0,0,"","","","","",""
3410,Ujjani Dam_1,Maharashtra SW,27,Maharashtra,496,Solapur,-,-,-,-,-,-,-,-,-,18.07402000,75.12002000,23-09-2025 09:00,3140.89,3140.89,3140.89,3140.89,3140.89,3140.89,3140.89,3140.89,3140.89,3140.89,3140.89,3140.89,3140.89,3140.89,3140.89,3140.89,0,0,0,0,0,0,0,0,0,0,0,0,0,0,0,0,0,0,0,0,0,0,0,0,0,0,0,0,"","","","","",""
3411,Ujjani Dam_1,Maharashtra SW,27,Maharashtra,496,Solapur,-,-,-,-,-,-,-,-,-,18.07402000,75.12002000,23-09-2025 10:00,3138.06,3138.06,3138.06,3138.06,3138.06,3138.06,3138.06,3138.06,3138.06,3138.06,3138.06,3138.06,3138.06,3138.06,3138.06,3138.06,0,0,0,0,0,0,0,0,0,0,0,0,0,0,0,0,0,0,0,0,0,0,0,0,0,0,0,0,"","","","","",""
3412,Ujjani Dam_1,Maharashtra SW,27,Maharashtra,496,Solapur,-,-,-,-,-,-,-,-,-,18.07402000,75.12002000,23-09-2025 11:00,3138.06,3138.06,3138.06,3138.06,3138.06,3138.06,3138.06,3138.06,3138.06,3138.06,3138.06,3138.06,3138.06,3138.06,3138.06,3138.06,0,0,0,0,0,0,0,0,0,0,0,0,0,0,0,0,0,0,0,0,0,0,0,0,0,0,0,0,"","","","","",""
3413,Ujjani Dam_1,Maharashtra SW,27,Maharashtra,496,Solapur,-,-,-,-,-,-,-,-,-,18.07402000,75.12002000,23-09-2025 12:00,3138.06,3138.06,3138.06,3138.06,3138.06,3138.06,3138.06,3138.06,3138.06,3138.06,3138.06,3138.06,3138.06,3138.06,3138.06,3138.06,0,0,0,0,0,0,0,0,0,0,0,0,0,0,0,0,0,0,0,0,0,0,0,0,0,0,0,0,"","","","","",""
3414,Ujjani Dam_1,Maharashtra SW,27,Maharashtra,496,Solapur,-,-,-,-,-,-,-,-,-,18.07402000,75.12002000,23-09-2025 14:00,2505.58,2505.58,2505.58,2505.58,2505.58,2505.58,2505.58,2505.58,2505.58,2505.58,2505.58,2505.58,2505.58,2505.58,2505.58,2505.58,0,0,0,0,0,0,0,0,0,0,0,0,0,0,0,0,0,0,0,0,0,0,0,0,0,0,0,0,"","","","","",""
3415,Ujjani Dam_1,Maharashtra SW,27,Maharashtra,496,Solapur,-,-,-,-,-,-,-,-,-,18.07402000,75.12002000,23-09-2025 15:00,2507.69,2507.69,2507.69,2507.69,2507.69,2507.69,2507.69,2507.69,2507.69,2507.69,2507.69,2507.69,2507.69,2507.69,2507.69,2507.69,0,0,0,0,0,0,0,0,0,0,0,0,0,0,0,0,0,0,0,0,0,0,0,0,0,0,0,0,"","","","","",""
3416,Ujjani Dam_1,Maharashtra SW,27,Maharashtra,496,Solapur,-,-,-,-,-,-,-,-,-,18.07402000,75.12002000,23-09-2025 16:00,2507.69,2507.69,2507.69,2507.69,2507.69,2507.69,2507.69,2507.69,2507.69,2507.69,2507.69,2507.69,2507.69,2507.69,2507.69,2507.69,0,0,0,0,0,0,0,0,0,0,0,0,0,0,0,0,0,0,0,0,0,0,0,0,0,0,0,0,"","","","","",""
3417,Ujjani Dam_1,Maharashtra SW,27,Maharashtra,496,Solapur,-,-,-,-,-,-,-,-,-,18.07402000,75.12002000,23-09-2025 17:00,2505.58,2505.58,2505.58,2505.58,2505.58,2505.58,2505.58,2505.58,2505.58,2505.58,2505.58,2505.58,2505.58,2505.58,2505.58,2505.58,0,0,0,0,0,0,0,0,0,0,0,0,0,0,0,0,0,0,0,0,0,0,0,0,0,0,0,0,"","","","","",""
3418,Ujjani Dam_1,Maharashtra SW,27,Maharashtra,496,Solapur,-,-,-,-,-,-,-,-,-,18.07402000,75.12002000,23-09-2025 18:00,2505.58,2505.58,2505.58,2505.58,2505.58,2505.58,2505.58,2505.58,2505.58,2505.58,2505.58,2505.58,2505.58,2505.58,2505.58,2505.58,0,0,0,0,0,0,0,0,0,0,0,0,0,0,0,0,0,0,0,0,0,0,0,0,0,0,0,0,"","","","","",""
3419,Ujjani Dam_1,Maharashtra SW,27,Maharashtra,496,Solapur,-,-,-,-,-,-,-,-,-,18.07402000,75.12002000,23-09-2025 19:00,2501.34,2501.34,2501.34,2501.34,2501.34,2501.34,2501.34,2501.34,2501.34,2501.34,2501.34,2501.34,2501.34,2501.34,2501.34,2501.34,0,0,0,0,0,0,0,0,0,0,0,0,0,0,0,0,0,0,0,0,0,0,0,0,0,0,0,0,"","","","","",""
3420,Ujjani Dam_1,Maharashtra SW,27,Maharashtra,496,Solapur,-,-,-,-,-,-,-,-,-,18.07402000,75.12002000,23-09-2025 20:00,2183.51,2183.51,2183.51,2183.51,2183.51,2183.51,2183.51,2183.51,2183.51,2183.51,2183.51,2183.51,2183.51,2183.51,2183.51,2183.51,0,0,0,0,0,0,0,0,0,0,0,0,0,0,0,0,0,0,0,0,0,0,0,0,0,0,0,0,"","","","","",""
3421,Ujjani Dam_1,Maharashtra SW,27,Maharashtra,496,Solapur,-,-,-,-,-,-,-,-,-,18.07402000,75.12002000,23-09-2025 22:00,1862.14,1862.14,1862.14,1862.14,1862.14,1862.14,1862.14,1862.14,1862.14,1862.14,1862.14,1862.14,1862.14,1862.14,1862.14,1862.14,0,0,0,0,0,0,0,0,0,0,0,0,0,0,0,0,0,0,0,0,0,0,0,0,0,0,0,0,"","","","","",""
3422,Ujjani Dam_1,Maharashtra SW,27,Maharashtra,496,Solapur,-,-,-,-,-,-,-,-,-,18.07402000,75.12002000,23-09-2025 23:00,1860.73,1860.73,1860.73,1860.73,1860.73,1860.73,1860.73,1860.73,1860.73,1860.73,1860.73,1860.73,1860.73,1860.73,1860.73,1860.73,0,0,0,0,0,0,0,0,0,0,0,0,0,0,0,0,0,0,0,0,0,0,0,0,0,0,0,0,"","","","","",""
3423,Ujjani Dam_1,Maharashtra SW,27,Maharashtra,496,Solapur,-,-,-,-,-,-,-,-,-,18.07402000,75.12002000,24-09-2025 00:00,1862.14,1862.14,1862.14,1862.14,1862.14,1862.14,1862.14,1862.14,1862.14,1862.14,1862.14,1862.14,1862.14,1862.14,1862.14,1862.14,0,0,0,0,0,0,0,0,0,0,0,0,0,0,0,0,0,0,0,0,0,0,0,0,0,0,0,0,"","","","","",""
3424,Ujjani Dam_1,Maharashtra SW,27,Maharashtra,496,Solapur,-,-,-,-,-,-,-,-,-,18.07402000,75.12002000,24-09-2025 01:00,1860.73,1860.73,1860.73,1860.73,1860.73,1860.73,1860.73,1860.73,1860.73,1860.73,1860.73,1860.73,1860.73,1860.73,1860.73,1860.73,0,0,0,0,0,0,0,0,0,0,0,0,0,0,0,0,0,0,0,0,0,0,0,0,0,0,0,0,"","","","","",""
3425,Ujjani Dam_1,Maharashtra SW,27,Maharashtra,496,Solapur,-,-,-,-,-,-,-,-,-,18.07402000,75.12002000,24-09-2025 02:00,1862.14,1862.14,1862.14,1862.14,1862.14,1862.14,1862.14,1862.14,1862.14,1862.14,1862.14,1862.14,1862.14,1862.14,1862.14,1862.14,0,0,0,0,0,0,0,0,0,0,0,0,0,0,0,0,0,0,0,0,0,0,0,0,0,0,0,0,"","","","","",""
3426,Ujjani Dam_1,Maharashtra SW,27,Maharashtra,496,Solapur,-,-,-,-,-,-,-,-,-,18.07402000,75.12002000,24-09-2025 03:00,1862.14,1862.14,1862.14,1862.14,1862.14,1862.14,1862.14,1862.14,1862.14,1862.14,1862.14,1862.14,1862.14,1862.14,1862.14,1862.14,0,0,0,0,0,0,0,0,0,0,0,0,0,0,0,0,0,0,0,0,0,0,0,0,0,0,0,0,"","","","","",""
3427,Ujjani Dam_1,Maharashtra SW,27,Maharashtra,496,Solapur,-,-,-,-,-,-,-,-,-,18.07402000,75.12002000,24-09-2025 04:00,1863.56,1863.56,1863.56,1863.56,1863.56,1863.56,1863.56,1863.56,1863.56,1863.56,1863.56,1863.56,1863.56,1863.56,1863.56,1863.56,0,0,0,0,0,0,0,0,0,0,0,0,0,0,0,0,0,0,0,0,0,0,0,0,0,0,0,0,"","","","","",""
3428,Ujjani Dam_1,Maharashtra SW,27,Maharashtra,496,Solapur,-,-,-,-,-,-,-,-,-,18.07402000,75.12002000,24-09-2025 06:00,1863.56,1863.56,1863.56,1863.56,1863.56,1863.56,1863.56,1863.56,1863.56,1863.56,1863.56,1863.56,1863.56,1863.56,1863.56,1863.56,0,0,0,0,0,0,0,0,0,0,0,0,0,0,0,0,0,0,0,0,0,0,0,0,0,0,0,0,"","","","","",""
3429,Ujjani Dam_1,Maharashtra SW,27,Maharashtra,496,Solapur,-,-,-,-,-,-,-,-,-,18.07402000,75.12002000,24-09-2025 07:00,1865.32,1865.32,1865.32,1865.32,1865.32,1865.32,1865.32,1865.32,1865.32,1865.32,1865.32,1865.32,1865.32,1865.32,1865.32,1865.32,0,0,0,0,0,0,0,0,0,0,0,0,0,0,0,0,0,0,0,0,0,0,0,0,0,0,0,0,"","","","","",""
3430,Ujjani Dam_1,Maharashtra SW,27,Maharashtra,496,Solapur,-,-,-,-,-,-,-,-,-,18.07402000,75.12002000,24-09-2025 08:00,1865.32,1865.32,1865.32,1865.32,1865.32,1865.32,1865.32,1865.32,1865.32,1865.32,1865.32,1865.32,1865.32,1865.32,1865.32,1865.32,0,0,0,0,0,0,0,0,0,0,0,0,0,0,0,0,0,0,0,0,0,0,0,0,0,0,0,0,"","","","","",""
3431,Ujjani Dam_1,Maharashtra SW,27,Maharashtra,496,Solapur,-,-,-,-,-,-,-,-,-,18.07402000,75.12002000,24-09-2025 09:00,1865.32,1865.32,1865.32,1865.32,1865.32,1865.32,1865.32,1865.32,1865.32,1865.32,1865.32,1865.32,1865.32,1865.32,1865.32,1865.32,0,0,0,0,0,0,0,0,0,0,0,0,0,0,0,0,0,0,0,0,0,0,0,0,0,0,0,0,"","","","","",""
3432,Ujjani Dam_1,Maharashtra SW,27,Maharashtra,496,Solapur,-,-,-,-,-,-,-,-,-,18.07402000,75.12002000,24-09-2025 10:00,1865.32,1865.32,1865.32,1865.32,1865.32,1865.32,1865.32,1865.32,1865.32,1865.32,1865.32,1865.32,1865.32,1865.32,1865.32,1865.32,0,0,0,0,0,0,0,0,0,0,0,0,0,0,0,0,0,0,0,0,0,0,0,0,0,0,0,0,"","","","","",""
3433,Ujjani Dam_1,Maharashtra SW,27,Maharashtra,496,Solapur,-,-,-,-,-,-,-,-,-,18.07402000,75.12002000,24-09-2025 12:00,1866.73,1866.73,1866.73,1866.73,1866.73,1866.73,1866.73,1866.73,1866.73,1866.73,1866.73,1866.73,1866.73,1866.73,1866.73,1866.73,0,0,0,0,0,0,0,0,0,0,0,0,0,0,0,0,0,0,0,0,0,0,0,0,0,0,0,0,"","","","","",""
3434,Ujjani Dam_1,Maharashtra SW,27,Maharashtra,496,Solapur,-,-,-,-,-,-,-,-,-,18.07402000,75.12002000,24-09-2025 14:00,2190.92,2190.92,2190.92,2190.92,2190.92,2190.92,2190.92,2190.92,2190.92,2190.92,2190.92,2190.92,2190.92,2190.92,2190.92,2190.92,0,0,0,0,0,0,0,0,0,0,0,0,0,0,0,0,0,0,0,0,0,0,0,0,0,0,0,0,"","","","","",""
3435,Ujjani Dam_1,Maharashtra SW,27,Maharashtra,496,Solapur,-,-,-,-,-,-,-,-,-,18.07402000,75.12002000,24-09-2025 15:00,2190.92,2190.92,2190.92,2190.92,2190.92,2190.92,2190.92,2190.92,2190.92,2190.92,2190.92,2190.92,2190.92,2190.92,2190.92,2190.92,0,0,0,0,0,0,0,0,0,0,0,0,0,0,0,0,0,0,0,0,0,0,0,0,0,0,0,0,"","","","","",""
3436,Ujjani Dam_1,Maharashtra SW,27,Maharashtra,496,Solapur,-,-,-,-,-,-,-,-,-,18.07402000,75.12002000,24-09-2025 16:00,2188.8,2188.8,2188.8,2188.8,2188.8,2188.8,2188.8,2188.8,2188.8,2188.8,2188.8,2188.8,2188.8,2188.8,2188.8,2188.8,0,0,0,0,0,0,0,0,0,0,0,0,0,0,0,0,0,0,0,0,0,0,0,0,0,0,0,0,"","","","","",""
3437,Ujjani Dam_1,Maharashtra SW,27,Maharashtra,496,Solapur,-,-,-,-,-,-,-,-,-,18.07402000,75.12002000,24-09-2025 17:00,2190.92,2190.92,2190.92,2190.92,2190.92,2190.92,2190.92,2190.92,2190.92,2190.92,2190.92,2190.92,2190.92,2190.92,2190.92,2190.92,0,0,0,0,0,0,0,0,0,0,0,0,0,0,0,0,0,0,0,0,0,0,0,0,0,0,0,0,"","","","","",""
3438,Ujjani Dam_1,Maharashtra SW,27,Maharashtra,496,Solapur,-,-,-,-,-,-,-,-,-,18.07402000,75.12002000,24-09-2025 18:00,2511.93,2511.93,2511.93,2511.93,2511.93,2511.93,2511.93,2511.93,2511.93,2511.93,2511.93,2511.93,2511.93,2511.93,2511.93,2511.93,0,0,0,0,0,0,0,0,0,0,0,0,0,0,0,0,0,0,0,0,0,0,0,0,0,0,0,0,"","","","","",""
3439,Ujjani Dam_1,Maharashtra SW,27,Maharashtra,496,Solapur,-,-,-,-,-,-,-,-,-,18.07402000,75.12002000,24-09-2025 19:00,2511.93,2511.93,2511.93,2511.93,2511.93,2511.93,2511.93,2511.93,2511.93,2511.93,2511.93,2511.93,2511.93,2511.93,2511.93,2511.93,0,0,0,0,0,0,0,0,0,0,0,0,0,0,0,0,0,0,0,0,0,0,0,0,0,0,0,0,"","","","","",""
3440,Ujjani Dam_1,Maharashtra SW,27,Maharashtra,496,Solapur,-,-,-,-,-,-,-,-,-,18.07402000,75.12002000,24-09-2025 20:00,2830.47,2830.47,2830.47,2830.47,2830.47,2830.47,2830.47,2830.47,2830.47,2830.47,2830.47,2830.47,2830.47,2830.47,2830.47,2830.47,0,0,0,0,0,0,0,0,0,0,0,0,0,0,0,0,0,0,0,0,0,0,0,0,0,0,0,0,"","","","","",""
3441,Ujjani Dam_1,Maharashtra SW,27,Maharashtra,496,Solapur,-,-,-,-,-,-,-,-,-,18.07402000,75.12002000,24-09-2025 22:00,3146.18,3146.18,3146.18,3146.18,3146.18,3146.18,3146.18,3146.18,3146.18,3146.18,3146.18,3146.18,3146.18,3146.18,3146.18,3146.18,0,0,0,0,0,0,0,0,0,0,0,0,0,0,0,0,0,0,0,0,0,0,0,0,0,0,0,0,"","","","","",""
3442,Ujjani Dam_1,Maharashtra SW,27,Maharashtra,496,Solapur,-,-,-,-,-,-,-,-,-,18.07402000,75.12002000,24-09-2025 23:00,3143.36,3143.36,3143.36,3143.36,3143.36,3143.36,3143.36,3143.36,3143.36,3143.36,3143.36,3143.36,3143.36,3143.36,3143.36,3143.36,0,0,0,0,0,0,0,0,0,0,0,0,0,0,0,0,0,0,0,0,0,0,0,0,0,0,0,0,"","","","","",""
3443,Ujjani Dam_1,Maharashtra SW,27,Maharashtra,496,Solapur,-,-,-,-,-,-,-,-,-,18.07402000,75.12002000,25-09-2025 00:00,3456.25,3456.25,3456.25,3456.25,3456.25,3456.25,3456.25,3456.25,3456.25,3456.25,3456.25,3456.25,3456.25,3456.25,3456.25,3456.25,0,0,0,0,0,0,0,0,0,0,0,0,0,0,0,0,0,0,0,0,0,0,0,0,0,0,0,0,"","","","","",""
3444,Ujjani Dam_1,Maharashtra SW,27,Maharashtra,496,Solapur,-,-,-,-,-,-,-,-,-,18.07402000,75.12002000,25-09-2025 01:00,3453.07,3453.07,3453.07,3453.07,3453.07,3453.07,3453.07,3453.07,3453.07,3453.07,3453.07,3453.07,3453.07,3453.07,3453.07,3453.07,0,0,0,0,0,0,0,0,0,0,0,0,0,0,0,0,0,0,0,0,0,0,0,0,0,0,0,0,"","","","","",""
3445,Ujjani Dam_1,Maharashtra SW,27,Maharashtra,496,Solapur,-,-,-,-,-,-,-,-,-,18.07402000,75.12002000,25-09-2025 02:00,3450.24,3450.24,3450.24,3450.24,3450.24,3450.24,3450.24,3450.24,3450.24,3450.24,3450.24,3450.24,3450.24,3450.24,3450.24,3450.24,0,0,0,0,0,0,0,0,0,0,0,0,0,0,0,0,0,0,0,0,0,0,0,0,0,0,0,0,"","","","","",""
3446,Ujjani Dam_1,Maharashtra SW,27,Maharashtra,496,Solapur,-,-,-,-,-,-,-,-,-,18.07402000,75.12002000,25-09-2025 03:00,3447.06,3447.06,3447.06,3447.06,3447.06,3447.06,3447.06,3447.06,3447.06,3447.06,3447.06,3447.06,3447.06,3447.06,3447.06,3447.06,0,0,0,0,0,0,0,0,0,0,0,0,0,0,0,0,0,0,0,0,0,0,0,0,0,0,0,0,"","","","","",""
3447,Ujjani Dam_1,Maharashtra SW,27,Maharashtra,496,Solapur,-,-,-,-,-,-,-,-,-,18.07402000,75.12002000,25-09-2025 04:00,3447.06,3447.06,3447.06,3447.06,3447.06,3447.06,3447.06,3447.06,3447.06,3447.06,3447.06,3447.06,3447.06,3447.06,3447.06,3447.06,0,0,0,0,0,0,0,0,0,0,0,0,0,0,0,0,0,0,0,0,0,0,0,0,0,0,0,0,"","","","","",""
3448,Ujjani Dam_1,Maharashtra SW,27,Maharashtra,496,Solapur,-,-,-,-,-,-,-,-,-,18.07402000,75.12002000,25-09-2025 06:00,3444.24,3444.24,3444.24,3444.24,3444.24,3444.24,3444.24,3444.24,3444.24,3444.24,3444.24,3444.24,3444.24,3444.24,3444.24,3444.24,0,0,0,0,0,0,0,0,0,0,0,0,0,0,0,0,0,0,0,0,0,0,0,0,0,0,0,0,"","","","","",""
3449,Ujjani Dam_1,Maharashtra SW,27,Maharashtra,496,Solapur,-,-,-,-,-,-,-,-,-,18.07402000,75.12002000,25-09-2025 07:00,3132.76,3132.76,3132.76,3132.76,3132.76,3132.76,3132.76,3132.76,3132.76,3132.76,3132.76,3132.76,3132.76,3132.76,3132.76,3132.76,0,0,0,0,0,0,0,0,0,0,0,0,0,0,0,0,0,0,0,0,0,0,0,0,0,0,0,0,"","","","","",""
3450,Ujjani Dam_1,Maharashtra SW,27,Maharashtra,496,Solapur,-,-,-,-,-,-,-,-,-,18.07402000,75.12002000,25-09-2025 08:00,3132.76,3132.76,3132.76,3132.76,3132.76,3132.76,3132.76,3132.76,3132.76,3132.76,3132.76,3132.76,3132.76,3132.76,3132.76,3132.76,0,0,0,0,0,0,0,0,0,0,0,0,0,0,0,0,0,0,0,0,0,0,0,0,0,0,0,0,"","","","","",""
3451,Ujjani Dam_1,Maharashtra SW,27,Maharashtra,496,Solapur,-,-,-,-,-,-,-,-,-,18.07402000,75.12002000,25-09-2025 09:00,3132.76,3132.76,3132.76,3132.76,3132.76,3132.76,3132.76,3132.76,3132.76,3132.76,3132.76,3132.76,3132.76,3132.76,3132.76,3132.76,0,0,0,0,0,0,0,0,0,0,0,0,0,0,0,0,0,0,0,0,0,0,0,0,0,0,0,0,"","","","","",""
3452,Ujjani Dam_1,Maharashtra SW,27,Maharashtra,496,Solapur,-,-,-,-,-,-,-,-,-,18.07402000,75.12002000,25-09-2025 10:00,2501.34,2501.34,2501.34,2501.34,2501.34,2501.34,2501.34,2501.34,2501.34,2501.34,2501.34,2501.34,2501.34,2501.34,2501.34,2501.34,0,0,0,0,0,0,0,0,0,0,0,0,0,0,0,0,0,0,0,0,0,0,0,0,0,0,0,0,"","","","","",""
3453,Ujjani Dam_1,Maharashtra SW,27,Maharashtra,496,Solapur,-,-,-,-,-,-,-,-,-,18.07402000,75.12002000,25-09-2025 11:00,2499.22,2499.22,2499.22,2499.22,2499.22,2499.22,2499.22,2499.22,2499.22,2499.22,2499.22,2499.22,2499.22,2499.22,2499.22,2499.22,0,0,0,0,0,0,0,0,0,0,0,0,0,0,0,0,0,0,0,0,0,0,0,0,0,0,0,0,"","","","","",""
3454,Ujjani Dam_1,Maharashtra SW,27,Maharashtra,496,Solapur,-,-,-,-,-,-,-,-,-,18.07402000,75.12002000,25-09-2025 13:00,2497.1,2497.1,2497.1,2497.1,2497.1,2497.1,2497.1,2497.1,2497.1,2497.1,2497.1,2497.1,2497.1,2497.1,2497.1,2497.1,0,0,0,0,0,0,0,0,0,0,0,0,0,0,0,0,0,0,0,0,0,0,0,0,0,0,0,0,"","","","","",""
3455,Ujjani Dam_1,Maharashtra SW,27,Maharashtra,496,Solapur,-,-,-,-,-,-,-,-,-,18.07402000,75.12002000,25-09-2025 14:00,1532.3,1532.3,1532.3,1532.3,1532.3,1532.3,1532.3,1532.3,1532.3,1532.3,1532.3,1532.3,1532.3,1532.3,1532.3,1532.3,0,0,0,0,0,0,0,0,0,0,0,0,0,0,0,0,0,0,0,0,0,0,0,0,0,0,0,0,"","","","","",""
3456,Ujjani Dam_1,Maharashtra SW,27,Maharashtra,496,Solapur,-,-,-,-,-,-,-,-,-,18.07402000,75.12002000,25-09-2025 15:00,1531.24,1531.24,1531.24,1531.24,1531.24,1531.24,1531.24,1531.24,1531.24,1531.24,1531.24,1531.24,1531.24,1531.24,1531.24,1531.24,0,0,0,0,0,0,0,0,0,0,0,0,0,0,0,0,0,0,0,0,0,0,0,0,0,0,0,0,"","","","","",""
3457,Ujjani Dam_1,Maharashtra SW,27,Maharashtra,496,Solapur,-,-,-,-,-,-,-,-,-,18.07402000,75.12002000,25-09-2025 16:00,1532.3,1532.3,1532.3,1532.3,1532.3,1532.3,1532.3,1532.3,1532.3,1532.3,1532.3,1532.3,1532.3,1532.3,1532.3,1532.3,0,0,0,0,0,0,0,0,0,0,0,0,0,0,0,0,0,0,0,0,0,0,0,0,0,0,0,0,"","","","","",""
3458,Ujjani Dam_1,Maharashtra SW,27,Maharashtra,496,Solapur,-,-,-,-,-,-,-,-,-,18.07402000,75.12002000,25-09-2025 17:00,1532.3,1532.3,1532.3,1532.3,1532.3,1532.3,1532.3,1532.3,1532.3,1532.3,1532.3,1532.3,1532.3,1532.3,1532.3,1532.3,0,0,0,0,0,0,0,0,0,0,0,0,0,0,0,0,0,0,0,0,0,0,0,0,0,0,0,0,"","","","","",""
3459,Ujjani Dam_1,Maharashtra SW,27,Maharashtra,496,Solapur,-,-,-,-,-,-,-,-,-,18.07402000,75.12002000,25-09-2025 18:00,1531.24,1531.24,1531.24,1531.24,1531.24,1531.24,1531.24,1531.24,1531.24,1531.24,1531.24,1531.24,1531.24,1531.24,1531.24,1531.24,0,0,0,0,0,0,0,0,0,0,0,0,0,0,0,0,0,0,0,0,0,0,0,0,0,0,0,0,"","","","","",""
3460,Ujjani Dam_1,Maharashtra SW,27,Maharashtra,496,Solapur,-,-,-,-,-,-,-,-,-,18.07402000,75.12002000,25-09-2025 19:00,1661.91,1661.91,1661.91,1661.91,1661.91,1661.91,1661.91,1661.91,1661.91,1661.91,1661.91,1661.91,1661.91,1661.91,1661.91,1661.91,0,0,0,0,0,0,0,0,0,0,0,0,0,0,0,0,0,0,0,0,0,0,0,0,0,0,0,0,"","","","","",""
3461,Ujjani Dam_1,Maharashtra SW,27,Maharashtra,496,Solapur,-,-,-,-,-,-,-,-,-,18.07402000,75.12002000,25-09-2025 21:00,1532.3,1532.3,1532.3,1532.3,1532.3,1532.3,1532.3,1532.3,1532.3,1532.3,1532.3,1532.3,1532.3,1532.3,1532.3,1532.3,0,0,0,0,0,0,0,0,0,0,0,0,0,0,0,0,0,0,0,0,0,0,0,0,0,0,0,0,"","","","","",""
3462,Ujjani Dam_1,Maharashtra SW,27,Maharashtra,496,Solapur,-,-,-,-,-,-,-,-,-,18.07402000,75.12002000,25-09-2025 22:00,1533.72,1533.72,1533.72,1533.72,1533.72,1533.72,1533.72,1533.72,1533.72,1533.72,1533.72,1533.72,1533.72,1533.72,1533.72,1533.72,0,0,0,0,0,0,0,0,0,0,0,0,0,0,0,0,0,0,0,0,0,0,0,0,0,0,0,0,"","","","","",""
3463,Ujjani Dam_1,Maharashtra SW,27,Maharashtra,496,Solapur,-,-,-,-,-,-,-,-,-,18.07402000,75.12002000,25-09-2025 23:00,1532.3,1532.3,1532.3,1532.3,1532.3,1532.3,1532.3,1532.3,1532.3,1532.3,1532.3,1532.3,1532.3,1532.3,1532.3,1532.3,0,0,0,0,0,0,0,0,0,0,0,0,0,0,0,0,0,0,0,0,0,0,0,0,0,0,0,0,"","","","","",""
3464,Ujjani Dam_1,Maharashtra SW,27,Maharashtra,496,Solapur,-,-,-,-,-,-,-,-,-,18.07402000,75.12002000,26-09-2025 00:00,1532.3,1532.3,1532.3,1532.3,1532.3,1532.3,1532.3,1532.3,1532.3,1532.3,1532.3,1532.3,1532.3,1532.3,1532.3,1532.3,0,0,0,0,0,0,0,0,0,0,0,0,0,0,0,0,0,0,0,0,0,0,0,0,0,0,0,0,"","","","","",""
3465,Ujjani Dam_1,Maharashtra SW,27,Maharashtra,496,Solapur,-,-,-,-,-,-,-,-,-,18.07402000,75.12002000,26-09-2025 01:00,1532.3,1532.3,1532.3,1532.3,1532.3,1532.3,1532.3,1532.3,1532.3,1532.3,1532.3,1532.3,1532.3,1532.3,1532.3,1532.3,0,0,0,0,0,0,0,0,0,0,0,0,0,0,0,0,0,0,0,0,0,0,0,0,0,0,0,0,"","","","","",""
3466,Ujjani Dam_1,Maharashtra SW,27,Maharashtra,496,Solapur,-,-,-,-,-,-,-,-,-,18.07402000,75.12002000,26-09-2025 02:00,1532.3,1532.3,1532.3,1532.3,1532.3,1532.3,1532.3,1532.3,1532.3,1532.3,1532.3,1532.3,1532.3,1532.3,1532.3,1532.3,0,0,0,0,0,0,0,0,0,0,0,0,0,0,0,0,0,0,0,0,0,0,0,0,0,0,0,0,"","","","","",""
3467,Ujjani Dam_1,Maharashtra SW,27,Maharashtra,496,Solapur,-,-,-,-,-,-,-,-,-,18.07402000,75.12002000,26-09-2025 03:00,1531.24,1531.24,1531.24,1531.24,1531.24,1531.24,1531.24,1531.24,1531.24,1531.24,1531.24,1531.24,1531.24,1531.24,1531.24,1531.24,0,0,0,0,0,0,0,0,0,0,0,0,0,0,0,0,0,0,0,0,0,0,0,0,0,0,0,0,"","","","","",""
3468,Ujjani Dam_1,Maharashtra SW,27,Maharashtra,496,Solapur,-,-,-,-,-,-,-,-,-,18.07402000,75.12002000,26-09-2025 05:00,1531.24,1531.24,1531.24,1531.24,1531.24,1531.24,1531.24,1531.24,1531.24,1531.24,1531.24,1531.24,1531.24,1531.24,1531.24,1531.24,0,0,0,0,0,0,0,0,0,0,0,0,0,0,0,0,0,0,0,0,0,0,0,0,0,0,0,0,"","","","","",""
3469,Ujjani Dam_1,Maharashtra SW,27,Maharashtra,496,Solapur,-,-,-,-,-,-,-,-,-,18.07402000,75.12002000,26-09-2025 06:00,1531.24,1531.24,1531.24,1531.24,1531.24,1531.24,1531.24,1531.24,1531.24,1531.24,1531.24,1531.24,1531.24,1531.24,1531.24,1531.24,0,0,0,0,0,0,0,0,0,0,0,0,0,0,0,0,0,0,0,0,0,0,0,0,0,0,0,0,"","","","","",""
3470,Ujjani Dam_1,Maharashtra SW,27,Maharashtra,496,Solapur,-,-,-,-,-,-,-,-,-,18.07402000,75.12002000,26-09-2025 07:00,1531.24,1531.24,1531.24,1531.24,1531.24,1531.24,1531.24,1531.24,1531.24,1531.24,1531.24,1531.24,1531.24,1531.24,1531.24,1531.24,0,0,0,0,0,0,0,0,0,0,0,0,0,0,0,0,0,0,0,0,0,0,0,0,0,0,0,0,"","","","","",""
3471,Ujjani Dam_1,Maharashtra SW,27,Maharashtra,496,Solapur,-,-,-,-,-,-,-,-,-,18.07402000,75.12002000,26-09-2025 08:00,1203.52,1203.52,1203.52,1203.52,1203.52,1203.52,1203.52,1203.52,1203.52,1203.52,1203.52,1203.52,1203.52,1203.52,1203.52,1203.52,0,0,0,0,0,0,0,0,0,0,0,0,0,0,0,0,0,0,0,0,0,0,0,0,0,0,0,0,"","","","","",""
3472,Ujjani Dam_1,Maharashtra SW,27,Maharashtra,496,Solapur,-,-,-,-,-,-,-,-,-,18.07402000,75.12002000,26-09-2025 09:00,1203.52,1203.52,1203.52,1203.52,1203.52,1203.52,1203.52,1203.52,1203.52,1203.52,1203.52,1203.52,1203.52,1203.52,1203.52,1203.52,0,0,0,0,0,0,0,0,0,0,0,0,0,0,0,0,0,0,0,0,0,0,0,0,0,0,0,0,"","","","","",""
3473,Ujjani Dam_1,Maharashtra SW,27,Maharashtra,496,Solapur,-,-,-,-,-,-,-,-,-,18.07402000,75.12002000,26-09-2025 10:00,872.98,872.98,872.98,872.98,872.98,872.98,872.98,872.98,872.98,872.98,872.98,872.98,872.98,872.98,872.98,872.98,0,0,0,0,0,0,0,0,0,0,0,0,0,0,0,0,0,0,0,0,0,0,0,0,0,0,0,0,"","","","","",""
3474,Ujjani Dam_1,Maharashtra SW,27,Maharashtra,496,Solapur,-,-,-,-,-,-,-,-,-,18.07402000,75.12002000,26-09-2025 11:00,872.98,872.98,872.98,872.98,872.98,872.98,872.98,872.98,872.98,872.98,872.98,872.98,872.98,872.98,872.98,872.98,0,0,0,0,0,0,0,0,0,0,0,0,0,0,0,0,0,0,0,0,0,0,0,0,0,0,0,0,"","","","","",""
3475,Ujjani Dam_1,Maharashtra SW,27,Maharashtra,496,Solapur,-,-,-,-,-,-,-,-,-,18.07402000,75.12002000,26-09-2025 13:00,1854.37,1854.37,1854.37,1854.37,1854.37,1854.37,1854.37,1854.37,1854.37,1854.37,1854.37,1854.37,1854.37,1854.37,1854.37,1854.37,0,0,0,0,0,0,0,0,0,0,0,0,0,0,0,0,0,0,0,0,0,0,0,0,0,0,0,0,"","","","","",""
3476,Ujjani Dam_1,Maharashtra SW,27,Maharashtra,496,Solapur,-,-,-,-,-,-,-,-,-,18.07402000,75.12002000,26-09-2025 14:00,1854.37,1854.37,1854.37,1854.37,1854.37,1854.37,1854.37,1854.37,1854.37,1854.37,1854.37,1854.37,1854.37,1854.37,1854.37,1854.37,0,0,0,0,0,0,0,0,0,0,0,0,0,0,0,0,0,0,0,0,0,0,0,0,0,0,0,0,"","","","","",""
3477,Ujjani Dam_1,Maharashtra SW,27,Maharashtra,496,Solapur,-,-,-,-,-,-,-,-,-,18.07402000,75.12002000,26-09-2025 15:00,2491.1,2491.1,2491.1,2491.1,2491.1,2491.1,2491.1,2491.1,2491.1,2491.1,2491.1,2491.1,2491.1,2491.1,2491.1,2491.1,0,0,0,0,0,0,0,0,0,0,0,0,0,0,0,0,0,0,0,0,0,0,0,0,0,0,0,0,"","","","","",""
3478,Ujjani Dam_1,Maharashtra SW,27,Maharashtra,496,Solapur,-,-,-,-,-,-,-,-,-,18.07402000,75.12002000,26-09-2025 16:00,2208.23,2208.23,2208.23,2208.23,2208.23,2208.23,2208.23,2208.23,2208.23,2208.23,2208.23,2208.23,2208.23,2208.23,2208.23,2208.23,0,0,0,0,0,0,0,0,0,0,0,0,0,0,0,0,0,0,0,0,0,0,0,0,0,0,0,0,"","","","","",""
3479,Ujjani Dam_1,Maharashtra SW,27,Maharashtra,496,Solapur,-,-,-,-,-,-,-,-,-,18.07402000,75.12002000,26-09-2025 17:00,2206.46,2206.46,2206.46,2206.46,2206.46,2206.46,2206.46,2206.46,2206.46,2206.46,2206.46,2206.46,2206.46,2206.46,2206.46,2206.46,0,0,0,0,0,0,0,0,0,0,0,0,0,0,0,0,0,0,0,0,0,0,0,0,0,0,0,0,"","","","","",""
3480,Ujjani Dam_1,Maharashtra SW,27,Maharashtra,496,Solapur,-,-,-,-,-,-,-,-,-,18.07402000,75.12002000,26-09-2025 18:00,2491.1,2491.1,2491.1,2491.1,2491.1,2491.1,2491.1,2491.1,2491.1,2491.1,2491.1,2491.1,2491.1,2491.1,2491.1,2491.1,0,0,0,0,0,0,0,0,0,0,0,0,0,0,0,0,0,0,0,0,0,0,0,0,0,0,0,0,"","","","","",""
3481,Ujjani Dam_1,Maharashtra SW,27,Maharashtra,496,Solapur,-,-,-,-,-,-,-,-,-,18.07402000,75.12002000,26-09-2025 19:00,2488.98,2488.98,2488.98,2488.98,2488.98,2488.98,2488.98,2488.98,2488.98,2488.98,2488.98,2488.98,2488.98,2488.98,2488.98,2488.98,0,0,0,0,0,0,0,0,0,0,0,0,0,0,0,0,0,0,0,0,0,0,0,0,0,0,0,0,"","","","","",""
3482,Ujjani Dam_1,Maharashtra SW,27,Maharashtra,496,Solapur,-,-,-,-,-,-,-,-,-,18.07402000,75.12002000,26-09-2025 21:00,1524.89,1524.89,1524.89,1524.89,1524.89,1524.89,1524.89,1524.89,1524.89,1524.89,1524.89,1524.89,1524.89,1524.89,1524.89,1524.89,0,0,0,0,0,0,0,0,0,0,0,0,0,0,0,0,0,0,0,0,0,0,0,0,0,0,0,0,"","","","","",""
3483,Ujjani Dam_1,Maharashtra SW,27,Maharashtra,496,Solapur,-,-,-,-,-,-,-,-,-,18.07402000,75.12002000,26-09-2025 22:00,1524.89,1524.89,1524.89,1524.89,1524.89,1524.89,1524.89,1524.89,1524.89,1524.89,1524.89,1524.89,1524.89,1524.89,1524.89,1524.89,0,0,0,0,0,0,0,0,0,0,0,0,0,0,0,0,0,0,0,0,0,0,0,0,0,0,0,0,"","","","","",""
3484,Ujjani Dam_1,Maharashtra SW,27,Maharashtra,496,Solapur,-,-,-,-,-,-,-,-,-,18.07402000,75.12002000,26-09-2025 23:00,870.15,870.15,870.15,870.15,870.15,870.15,870.15,870.15,870.15,870.15,870.15,870.15,870.15,870.15,870.15,870.15,0,0,0,0,0,0,0,0,0,0,0,0,0,0,0,0,0,0,0,0,0,0,0,0,0,0,0,0,"","","","","",""
3485,Ujjani Dam_1,Maharashtra SW,27,Maharashtra,496,Solapur,-,-,-,-,-,-,-,-,-,18.07402000,75.12002000,27-09-2025 00:00,869.45,869.45,869.45,869.45,869.45,869.45,869.45,869.45,869.45,869.45,869.45,869.45,869.45,869.45,869.45,869.45,0,0,0,0,0,0,0,0,0,0,0,0,0,0,0,0,0,0,0,0,0,0,0,0,0,0,0,0,"","","","","",""
3486,Ujjani Dam_1,Maharashtra SW,27,Maharashtra,496,Solapur,-,-,-,-,-,-,-,-,-,18.07402000,75.12002000,27-09-2025 01:00,869.45,869.45,869.45,869.45,869.45,869.45,869.45,869.45,869.45,869.45,869.45,869.45,869.45,869.45,869.45,869.45,0,0,0,0,0,0,0,0,0,0,0,0,0,0,0,0,0,0,0,0,0,0,0,0,0,0,0,0,"","","","","",""
3487,Ujjani Dam_1,Maharashtra SW,27,Maharashtra,496,Solapur,-,-,-,-,-,-,-,-,-,18.07402000,75.12002000,27-09-2025 02:00,869.45,869.45,869.45,869.45,869.45,869.45,869.45,869.45,869.45,869.45,869.45,869.45,869.45,869.45,869.45,869.45,0,0,0,0,0,0,0,0,0,0,0,0,0,0,0,0,0,0,0,0,0,0,0,0,0,0,0,0,"","","","","",""
3488,Ujjani Dam_1,Maharashtra SW,27,Maharashtra,496,Solapur,-,-,-,-,-,-,-,-,-,18.07402000,75.12002000,27-09-2025 03:00,869.45,869.45,869.45,869.45,869.45,869.45,869.45,869.45,869.45,869.45,869.45,869.45,869.45,869.45,869.45,869.45,0,0,0,0,0,0,0,0,0,0,0,0,0,0,0,0,0,0,0,0,0,0,0,0,0,0,0,0,"","","","","",""
3489,Ujjani Dam_1,Maharashtra SW,27,Maharashtra,496,Solapur,-,-,-,-,-,-,-,-,-,18.07402000,75.12002000,27-09-2025 05:00,871.57,871.57,871.57,871.57,871.57,871.57,871.57,871.57,871.57,871.57,871.57,871.57,871.57,871.57,871.57,871.57,0,0,0,0,0,0,0,0,0,0,0,0,0,0,0,0,0,0,0,0,0,0,0,0,0,0,0,0,"","","","","",""
3490,Ujjani Dam_1,Maharashtra SW,27,Maharashtra,496,Solapur,-,-,-,-,-,-,-,-,-,18.07402000,75.12002000,27-09-2025 06:00,2524.65,2524.65,2524.65,2524.65,2524.65,2524.65,2524.65,2524.65,2524.65,2524.65,2524.65,2524.65,2524.65,2524.65,2524.65,2524.65,0,0,0,0,0,0,0,0,0,0,0,0,0,0,0,0,0,0,0,0,0,0,0,0,0,0,0,0,"","","","","",""
3491,Ujjani Dam_1,Maharashtra SW,27,Maharashtra,496,Solapur,-,-,-,-,-,-,-,-,-,18.07402000,75.12002000,27-09-2025 07:00,3178.67,3178.67,3178.67,3178.67,3178.67,3178.67,3178.67,3178.67,3178.67,3178.67,3178.67,3178.67,3178.67,3178.67,3178.67,3178.67,0,0,0,0,0,0,0,0,0,0,0,0,0,0,0,0,0,0,0,0,0,0,0,0,0,0,0,0,"","","","","",""
3492,Ujjani Dam_1,Maharashtra SW,27,Maharashtra,496,Solapur,-,-,-,-,-,-,-,-,-,18.07402000,75.12002000,27-09-2025 08:00,3184.32,3184.32,3184.32,3184.32,3184.32,3184.32,3184.32,3184.32,3184.32,3184.32,3184.32,3184.32,3184.32,3184.32,3184.32,3184.32,0,0,0,0,0,0,0,0,0,0,0,0,0,0,0,0,0,0,0,0,0,0,0,0,0,0,0,0,"","","","","",""
3493,Ujjani Dam_1,Maharashtra SW,27,Maharashtra,496,Solapur,-,-,-,-,-,-,-,-,-,18.07402000,75.12002000,27-09-2025 09:00,4403.03,4403.03,4403.03,4403.03,4403.03,4403.03,4403.03,4403.03,4403.03,4403.03,4403.03,4403.03,4403.03,4403.03,4403.03,4403.03,0,0,0,0,0,0,0,0,0,0,0,0,0,0,0,0,0,0,0,0,0,0,0,0,0,0,0,0,"","","","","",""
3494,Ujjani Dam_1,Maharashtra SW,27,Maharashtra,496,Solapur,-,-,-,-,-,-,-,-,-,18.07402000,75.12002000,27-09-2025 10:00,4997.38,4997.38,4997.38,4997.38,4997.38,4997.38,4997.38,4997.38,4997.38,4997.38,4997.38,4997.38,4997.38,4997.38,4997.38,4997.38,0,0,0,0,0,0,0,0,0,0,0,0,0,0,0,0,0,0,0,0,0,0,0,0,0,0,0,0,"","","","","",""
3495,Ujjani Dam_1,Maharashtra SW,27,Maharashtra,496,Solapur,-,-,-,-,-,-,-,-,-,18.07402000,75.12002000,27-09-2025 12:00,5570.54,5570.54,5570.54,5570.54,5570.54,5570.54,5570.54,5570.54,5570.54,5570.54,5570.54,5570.54,5570.54,5570.54,5570.54,5570.54,0,0,0,0,0,0,0,0,0,0,0,0,0,0,0,0,0,0,0,0,0,0,0,0,0,0,0,0,"","","","","",""
3496,Ujjani Dam_1,Maharashtra SW,27,Maharashtra,496,Solapur,-,-,-,-,-,-,-,-,-,18.07402000,75.12002000,27-09-2025 13:00,5560.29,5560.29,5560.29,5560.29,5560.29,5560.29,5560.29,5560.29,5560.29,5560.29,5560.29,5560.29,5560.29,5560.29,5560.29,5560.29,0,0,0,0,0,0,0,0,0,0,0,0,0,0,0,0,0,0,0,0,0,0,0,0,0,0,0,0,"","","","","",""
3497,Ujjani Dam_1,Maharashtra SW,27,Maharashtra,496,Solapur,-,-,-,-,-,-,-,-,-,18.07402000,75.12002000,27-09-2025 14:00,6174.77,6174.77,6174.77,6174.77,6174.77,6174.77,6174.77,6174.77,6174.77,6174.77,6174.77,6174.77,6174.77,6174.77,6174.77,6174.77,0,0,0,0,0,0,0,0,0,0,0,0,0,0,0,0,0,0,0,0,0,0,0,0,0,0,0,0,"","","","","",""
3498,Ujjani Dam_1,Maharashtra SW,27,Maharashtra,496,Solapur,-,-,-,-,-,-,-,-,-,18.07402000,75.12002000,27-09-2025 15:00,6157.11,6157.11,6157.11,6157.11,6157.11,6157.11,6157.11,6157.11,6157.11,6157.11,6157.11,6157.11,6157.11,6157.11,6157.11,6157.11,0,0,0,0,0,0,0,0,0,0,0,0,0,0,0,0,0,0,0,0,0,0,0,0,0,0,0,0,"","","","","",""
3499,Ujjani Dam_1,Maharashtra SW,27,Maharashtra,496,Solapur,-,-,-,-,-,-,-,-,-,18.07402000,75.12002000,27-09-2025 16:00,6151.46,6151.46,6151.46,6151.46,6151.46,6151.46,6151.46,6151.46,6151.46,6151.46,6151.46,6151.46,6151.46,6151.46,6151.46,6151.46,0,0,0,0,0,0,0,0,0,0,0,0,0,0,0,0,0,0,0,0,0,0,0,0,0,0,0,0,"","","","","",""
3500,Ujjani Dam_1,Maharashtra SW,27,Maharashtra,496,Solapur,-,-,-,-,-,-,-,-,-,18.07402000,75.12002000,27-09-2025 17:00,5575.83,5575.83,5575.83,5575.83,5575.83,5575.83,5575.83,5575.83,5575.83,5575.83,5575.83,5575.83,5575.83,5575.83,5575.83,5575.83,0,0,0,0,0,0,0,0,0,0,0,0,0,0,0,0,0,0,0,0,0,0,0,0,0,0,0,0,"","","","","",""
3501,Ujjani Dam_1,Maharashtra SW,27,Maharashtra,496,Solapur,-,-,-,-,-,-,-,-,-,18.07402000,75.12002000,27-09-2025 18:00,5020.33,5020.33,5020.33,5020.33,5020.33,5020.33,5020.33,5020.33,5020.33,5020.33,5020.33,5020.33,5020.33,5020.33,5020.33,5020.33,0,0,0,0,0,0,0,0,0,0,0,0,0,0,0,0,0,0,0,0,0,0,0,0,0,0,0,0,"","","","","",""
3502,Ujjani Dam_1,Maharashtra SW,27,Maharashtra,496,Solapur,-,-,-,-,-,-,-,-,-,18.07402000,75.12002000,27-09-2025 20:00,5011.15,5011.15,5011.15,5011.15,5011.15,5011.15,5011.15,5011.15,5011.15,5011.15,5011.15,5011.15,5011.15,5011.15,5011.15,5011.15,0,0,0,0,0,0,0,0,0,0,0,0,0,0,0,0,0,0,0,0,0,0,0,0,0,0,0,0,"","","","","",""
3503,Ujjani Dam_1,Maharashtra SW,27,Maharashtra,496,Solapur,-,-,-,-,-,-,-,-,-,18.07402000,75.12002000,27-09-2025 21:00,5006.56,5006.56,5006.56,5006.56,5006.56,5006.56,5006.56,5006.56,5006.56,5006.56,5006.56,5006.56,5006.56,5006.56,5006.56,5006.56,0,0,0,0,0,0,0,0,0,0,0,0,0,0,0,0,0,0,0,0,0,0,0,0,0,0,0,0,"","","","","",""
3504,Ujjani Dam_1,Maharashtra SW,27,Maharashtra,496,Solapur,-,-,-,-,-,-,-,-,-,18.07402000,75.12002000,27-09-2025 22:00,4411.86,4411.86,4411.86,4411.86,4411.86,4411.86,4411.86,4411.86,4411.86,4411.86,4411.86,4411.86,4411.86,4411.86,4411.86,4411.86,0,0,0,0,0,0,0,0,0,0,0,0,0,0,0,0,0,0,0,0,0,0,0,0,0,0,0,0,"","","","","",""
3505,Ujjani Dam_1,Maharashtra SW,27,Maharashtra,496,Solapur,-,-,-,-,-,-,-,-,-,18.07402000,75.12002000,27-09-2025 23:00,4411.86,4411.86,4411.86,4411.86,4411.86,4411.86,4411.86,4411.86,4411.86,4411.86,4411.86,4411.86,4411.86,4411.86,4411.86,4411.86,0,0,0,0,0,0,0,0,0,0,0,0,0,0,0,0,0,0,0,0,0,0,0,0,0,0,0,0,"","","","","",""
3506,Ujjani Dam_1,Maharashtra SW,27,Maharashtra,496,Solapur,-,-,-,-,-,-,-,-,-,18.07402000,75.12002000,28-09-2025 00:00,4407.62,4407.62,4407.62,4407.62,4407.62,4407.62,4407.62,4407.62,4407.62,4407.62,4407.62,4407.62,4407.62,4407.62,4407.62,4407.62,0,0,0,0,0,0,0,0,0,0,0,0,0,0,0,0,0,0,0,0,0,0,0,0,0,0,0,0,"","","","","",""
3507,Ujjani Dam_1,Maharashtra SW,27,Maharashtra,496,Solapur,-,-,-,-,-,-,-,-,-,18.07402000,75.12002000,28-09-2025 01:00,3184.32,3184.32,3184.32,3184.32,3184.32,3184.32,3184.32,3184.32,3184.32,3184.32,3184.32,3184.32,3184.32,3123.23,3123.23,3123.23,0,0,0,0,0,0,0,0,0,0,0,0,0,0,0,0,0,0,0,0,0,0,0,0,0,0,0,0,"","","","","",""
3508,Ujjani Dam_1,Maharashtra SW,27,Maharashtra,496,Solapur,-,-,-,-,-,-,-,-,-,18.07402000,75.12002000,28-09-2025 02:00,3120.4,3120.4,3120.4,3120.4,3120.4,3120.4,3120.4,3120.4,3120.4,3120.4,3120.4,3120.4,3120.4,3120.4,3120.4,3120.4,0,0,0,0,0,0,0,0,0,0,0,0,0,0,0,0,0,0,0,0,0,0,0,0,0,0,0,0,"","","","","",""
3509,Ujjani Dam_1,Maharashtra SW,27,Maharashtra,496,Solapur,-,-,-,-,-,-,-,-,-,18.07402000,75.12002000,28-09-2025 04:00,3120.4,3120.4,3120.4,3120.4,3120.4,3120.4,3120.4,3120.4,3120.4,3120.4,3120.4,3120.4,3120.4,3120.4,3120.4,3120.4,0,0,0,0,0,0,0,0,0,0,0,0,0,0,0,0,0,0,0,0,0,0,0,0,0,0,0,0,"","","","","",""
3510,Ujjani Dam_1,Maharashtra SW,27,Maharashtra,496,Solapur,-,-,-,-,-,-,-,-,-,18.07402000,75.12002000,28-09-2025 05:00,3120.4,3120.4,3120.4,3120.4,3120.4,3120.4,3120.4,3120.4,3120.4,3120.4,3120.4,3120.4,3120.4,3120.4,3120.4,3120.4,0,0,0,0,0,0,0,0,0,0,0,0,0,0,0,0,0,0,0,0,0,0,0,0,0,0,0,0,"","","","","",""
3511,Ujjani Dam_1,Maharashtra SW,27,Maharashtra,496,Solapur,-,-,-,-,-,-,-,-,-,18.07402000,75.12002000,28-09-2025 06:00,3114.75,3114.75,3114.75,3114.75,3114.75,3114.75,3114.75,3114.75,3114.75,3114.75,3114.75,3114.75,3114.75,3114.75,3114.75,3114.75,0,0,0,0,0,0,0,0,0,0,0,0,0,0,0,0,0,0,0,0,0,0,0,0,0,0,0,0,"","","","","",""
3512,Ujjani Dam_1,Maharashtra SW,27,Maharashtra,496,Solapur,-,-,-,-,-,-,-,-,-,18.07402000,75.12002000,28-09-2025 07:00,3114.75,2439.54,2439.54,3114.75,3114.75,3114.75,3114.75,3114.75,3114.75,3114.75,3114.75,3114.75,3114.75,3114.75,3114.75,3114.75,0,0,0,0,0,0,0,0,0,0,0,0,0,0,0,0,0,0,0,0,0,0,0,0,0,0,0,0,"","","","","",""
3513,Ujjani Dam_1,Maharashtra SW,27,Maharashtra,496,Solapur,-,-,-,-,-,-,-,-,-,18.07402000,75.12002000,28-09-2025 08:00,2439.54,2439.54,2439.54,2439.54,2439.54,2439.54,2439.54,2439.54,2439.54,2439.54,2439.54,2439.54,2439.54,2439.54,2439.54,2439.54,0,0,0,0,0,0,0,0,0,0,0,0,0,0,0,0,0,0,0,0,0,0,0,0,0,0,0,0,"","","","","",""
3514,Ujjani Dam_1,Maharashtra SW,27,Maharashtra,496,Solapur,-,-,-,-,-,-,-,-,-,18.07402000,75.12002000,28-09-2025 09:00,2439.54,2439.54,2439.54,2439.54,2439.54,2439.54,2439.54,2439.54,2439.54,2439.54,2439.54,2439.54,2439.54,2439.54,2439.54,2439.54,0,0,0,0,0,0,0,0,0,0,0,0,0,0,0,0,0,0,0,0,0,0,0,0,0,0,0,0,"","","","","",""
3515,Ujjani Dam_1,Maharashtra SW,27,Maharashtra,496,Solapur,-,-,-,-,-,-,-,-,-,18.07402000,75.12002000,28-09-2025 11:00,2537.01,2537.01,2537.01,2537.01,2537.01,2537.01,2537.01,2537.01,2537.01,2537.01,2537.01,2537.01,2537.01,2537.01,2537.01,2537.01,0,0,0,0,0,0,0,0,0,0,0,0,0,0,0,0,0,0,0,0,0,0,0,0,0,0,0,0,"","","","","",""
3516,Ujjani Dam_1,Maharashtra SW,27,Maharashtra,496,Solapur,-,-,-,-,-,-,-,-,-,18.07402000,75.12002000,28-09-2025 12:00,2539.12,2539.12,2539.12,2539.12,2539.12,2539.12,2539.12,2539.12,2539.12,2539.12,2539.12,2539.12,2539.12,2539.12,2539.12,2539.12,0,0,0,0,0,0,0,0,0,0,0,0,0,0,0,0,0,0,0,0,0,0,0,0,0,0,0,0,"","","","","",""
3517,Ujjani Dam_1,Maharashtra SW,27,Maharashtra,496,Solapur,-,-,-,-,-,-,-,-,-,18.07402000,75.12002000,28-09-2025 13:00,2539.12,2539.12,2539.12,2539.12,2539.12,2539.12,2539.12,2539.12,2539.12,2539.12,2539.12,2539.12,2539.12,2539.12,2539.12,2539.12,0,0,0,0,0,0,0,0,0,0,0,0,0,0,0,0,0,0,0,0,0,0,0,0,0,0,0,0,"","","","","",""
3518,Ujjani Dam_1,Maharashtra SW,27,Maharashtra,496,Solapur,-,-,-,-,-,-,-,-,-,18.07402000,75.12002000,28-09-2025 14:00,2539.12,2539.12,2539.12,2539.12,2539.12,2539.12,2539.12,2539.12,2539.12,2539.12,2539.12,2539.12,2539.12,2539.12,2539.12,2539.12,0,0,0,0,0,0,0,0,0,0,0,0,0,0,0,0,0,0,0,0,0,0,0,0,0,0,0,0,"","","","","",""
3519,Ujjani Dam_1,Maharashtra SW,27,Maharashtra,496,Solapur,-,-,-,-,-,-,-,-,-,18.07402000,75.12002000,28-09-2025 15:00,2539.12,2539.12,2539.12,2539.12,2539.12,2539.12,2539.12,2539.12,2539.12,2539.12,2539.12,2539.12,2539.12,2539.12,2539.12,2539.12,0,0,0,0,0,0,0,0,0,0,0,0,0,0,0,0,0,0,0,0,0,0,0,0,0,0,0,0,"","","","","",""
3520,Ujjani Dam_1,Maharashtra SW,27,Maharashtra,496,Solapur,-,-,-,-,-,-,-,-,-,18.07402000,75.12002000,28-09-2025 16:00,2539.12,2539.12,2539.12,2539.12,2539.12,2539.12,2539.12,2539.12,2539.12,2539.12,2539.12,2539.12,2539.12,2539.12,2539.12,2539.12,0,0,0,0,0,0,0,0,0,0,0,0,0,0,0,0,0,0,0,0,0,0,0,0,0,0,0,0,"","","","","",""
3521,Ujjani Dam_1,Maharashtra SW,27,Maharashtra,496,Solapur,-,-,-,-,-,-,-,-,-,18.07402000,75.12002000,28-09-2025 17:00,2539.12,2539.12,2539.12,2539.12,2539.12,2539.12,2539.12,2539.12,2539.12,2539.12,2539.12,2539.12,2539.12,2539.12,2539.12,2539.12,0,0,0,0,0,0,0,0,0,0,0,0,0,0,0,0,0,0,0,0,0,0,0,0,0,0,0,0,"","","","","",""
3522,Ujjani Dam_1,Maharashtra SW,27,Maharashtra,496,Solapur,-,-,-,-,-,-,-,-,-,18.07402000,75.12002000,28-09-2025 19:00,3577.38,3123.23,3123.23,3123.23,3123.23,3123.23,3123.23,3123.23,3123.23,3123.23,3123.23,3123.23,3123.23,3123.23,3123.23,3123.23,0,0,0,0,0,0,0,0,0,0,0,0,0,0,0,0,0,0,0,0,0,0,0,0,0,0,0,0,"","","","","",""
3523,Ujjani Dam_1,Maharashtra SW,27,Maharashtra,496,Solapur,-,-,-,-,-,-,-,-,-,18.07402000,75.12002000,28-09-2025 20:00,3723.93,3723.93,3723.93,3723.93,3723.93,3723.93,3723.93,3723.93,3723.93,3723.93,3723.93,3723.93,3723.93,3723.93,3723.93,3723.93,0,0,0,0,0,0,0,0,0,0,0,0,0,0,0,0,0,0,0,0,0,0,0,0,0,0,0,0,"","","","","",""
3524,Ujjani Dam_1,Maharashtra SW,27,Maharashtra,496,Solapur,-,-,-,-,-,-,-,-,-,18.07402000,75.12002000,28-09-2025 21:00,3727.11,3727.11,3727.11,3727.11,3727.11,3727.11,3727.11,3727.11,3727.11,3727.11,3727.11,3727.11,3727.11,3727.11,3727.11,3727.11,0,0,0,0,0,0,0,0,0,0,0,0,0,0,0,0,0,0,0,0,0,0,0,0,0,0,0,0,"","","","","",""
3525,Ujjani Dam_1,Maharashtra SW,27,Maharashtra,496,Solapur,-,-,-,-,-,-,-,-,-,18.07402000,75.12002000,28-09-2025 22:00,3727.11,3727.11,3727.11,3727.11,3727.11,3727.11,3727.11,3727.11,3727.11,3727.11,3727.11,3727.11,3727.11,3727.11,3727.11,3727.11,0,0,0,0,0,0,0,0,0,0,0,0,0,0,0,0,0,0,0,0,0,0,0,0,0,0,0,0,"","","","","",""
3526,Ujjani Dam_1,Maharashtra SW,27,Maharashtra,496,Solapur,-,-,-,-,-,-,-,-,-,18.07402000,75.12002000,28-09-2025 23:00,4670.01,4670.01,4670.01,4670.01,4670.01,4670.01,4670.01,4670.01,4670.01,4670.01,4670.01,4670.01,4670.01,4670.01,4670.01,4670.01,0,0,0,0,0,0,0,0,0,0,0,0,0,0,0,0,0,0,0,0,0,0,0,0,0,0,0,0,"","","","","",""
3527,Ujjani Dam_1,Maharashtra SW,27,Maharashtra,496,Solapur,-,-,-,-,-,-,-,-,-,18.07402000,75.12002000,29-09-2025 00:00,4670.01,4670.01,4670.01,4670.01,4670.01,4670.01,4670.01,4670.01,4670.01,4670.01,4670.01,4670.01,4670.01,4670.01,4670.01,4670.01,0,0,0,0,0,0,0,0,0,0,0,0,0,0,0,0,0,0,0,0,0,0,0,0,0,0,0,0,"","","","","",""
3528,Ujjani Dam_1,Maharashtra SW,27,Maharashtra,496,Solapur,-,-,-,-,-,-,-,-,-,18.07402000,75.12002000,29-09-2025 01:00,5239.99,4665.77,5296.85,5296.85,5296.85,5296.85,5239.99,5239.99,5239.99,5239.99,5239.99,5239.99,5239.99,5239.99,5239.99,5239.99,0,0,0,0,0,0,0,0,0,0,0,0,0,0,0,0,0,0,0,0,0,0,0,0,0,0,0,0,"","","","","",""
3529,Ujjani Dam_1,Maharashtra SW,27,Maharashtra,496,Solapur,-,-,-,-,-,-,-,-,-,18.07402000,75.12002000,29-09-2025 03:00,5301.79,5301.79,5301.79,5301.79,5301.79,5301.79,5301.79,5301.79,5301.79,5301.79,5301.79,5301.79,5301.79,5301.79,5301.79,5301.79,0,0,0,0,0,0,0,0,0,0,0,0,0,0,0,0,0,0,0,0,0,0,0,0,0,0,0,0,"","","","","",""
3530,Ujjani Dam_1,Maharashtra SW,27,Maharashtra,496,Solapur,-,-,-,-,-,-,-,-,-,18.07402000,75.12002000,29-09-2025 04:00,5301.79,5301.79,5301.79,5301.79,5301.79,5301.79,5301.79,5301.79,5301.79,5301.79,5301.79,5301.79,5301.79,5301.79,5301.79,5301.79,0,0,0,0,0,0,0,0,0,0,0,0,0,0,0,0,0,0,0,0,0,0,0,0,0,0,0,0,"","","","","",""
3531,Ujjani Dam_1,Maharashtra SW,27,Maharashtra,496,Solapur,-,-,-,-,-,-,-,-,-,18.07402000,75.12002000,29-09-2025 05:00,5301.79,5301.79,5301.79,5301.79,5301.79,5301.79,5301.79,5301.79,5301.79,5301.79,5301.79,5301.79,5301.79,5301.79,5301.79,5301.79,0,0,0,0,0,0,0,0,0,0,0,0,0,0,0,0,0,0,0,0,0,0,0,0,0,0,0,0,"","","","","",""
3532,Ujjani Dam_1,Maharashtra SW,27,Maharashtra,496,Solapur,-,-,-,-,-,-,-,-,-,18.07402000,75.12002000,29-09-2025 06:00,5306.74,5306.74,5306.74,5306.74,5306.74,5306.74,5306.74,5306.74,5306.74,5306.74,5306.74,5306.74,5306.74,5306.74,5306.74,5306.74,0,0,0,0,0,0,0,0,0,0,0,0,0,0,0,0,0,0,0,0,0,0,0,0,0,0,0,0,"","","","","",""
3533,Ujjani Dam_1,Maharashtra SW,27,Maharashtra,496,Solapur,-,-,-,-,-,-,-,-,-,18.07402000,75.12002000,29-09-2025 07:00,5316.98,5316.98,5316.98,5316.98,5316.98,5316.98,5316.98,5316.98,5316.98,5316.98,5316.98,5316.98,5316.98,5316.98,5316.98,5316.98,0,0,0,0,0,0,0,0,0,0,0,0,0,0,0,0,0,0,0,0,0,0,0,0,0,0,0,0,"","","","","",""
3534,Ujjani Dam_1,Maharashtra SW,27,Maharashtra,496,Solapur,-,-,-,-,-,-,-,-,-,18.07402000,75.12002000,29-09-2025 08:00,5326.86,5326.86,5326.86,5326.86,5326.86,5326.86,5326.86,5326.86,5326.86,5326.86,5326.86,5326.86,5326.86,5326.86,5326.86,5326.86,0,0,0,0,0,0,0,0,0,0,0,0,0,0,0,0,0,0,0,0,0,0,0,0,0,0,0,0,"","","","","",""
3535,Ujjani Dam_1,Maharashtra SW,27,Maharashtra,496,Solapur,-,-,-,-,-,-,-,-,-,18.07402000,75.12002000,29-09-2025 09:00,5892.96,5892.96,5892.96,5892.96,5892.96,5892.96,5892.96,5892.96,5892.96,5892.96,5892.96,5892.96,5892.96,5892.96,5892.96,5892.96,0,0,0,0,0,0,0,0,0,0,0,0,0,0,0,0,0,0,0,0,0,0,0,0,0,0,0,0,"","","","","",""
3536,Ujjani Dam_1,Maharashtra SW,27,Maharashtra,496,Solapur,-,-,-,-,-,-,-,-,-,18.07402000,75.12002000,29-09-2025 10:00,5904.26,5904.26,5904.26,5904.26,5904.26,5904.26,5904.26,5904.26,5904.26,5904.26,5904.26,5904.26,5904.26,5904.26,5904.26,5904.26,0,0,0,0,0,0,0,0,0,0,0,0,0,0,0,0,0,0,0,0,0,0,0,0,0,0,0,0,"","","","","",""
3537,Ujjani Dam_1,Maharashtra SW,27,Maharashtra,496,Solapur,-,-,-,-,-,-,-,-,-,18.07402000,75.12002000,29-09-2025 12:00,5926.51,5926.51,5926.51,5926.51,5926.51,5926.51,5926.51,5926.51,5926.51,5926.51,5926.51,5926.51,5926.51,5926.51,5926.51,5926.51,0,0,0,0,0,0,0,0,0,0,0,0,0,0,0,0,0,0,0,0,0,0,0,0,0,0,0,0,"","","","","",""
3538,Ujjani Dam_1,Maharashtra SW,27,Maharashtra,496,Solapur,-,-,-,-,-,-,-,-,-,18.07402000,75.12002000,29-09-2025 13:00,6512.73,6512.73,6512.73,6512.73,6512.73,6512.73,6512.73,6512.73,6512.73,6512.73,6512.73,6512.73,6512.73,6512.73,6512.73,6512.73,0,0,0,0,0,0,0,0,0,0,0,0,0,0,0,0,0,0,0,0,0,0,0,0,0,0,0,0,"","","","","",""
3539,Ujjani Dam_1,Maharashtra SW,27,Maharashtra,496,Solapur,-,-,-,-,-,-,-,-,-,18.07402000,75.12002000,29-09-2025 14:00,6531.45,6531.45,6531.45,6531.45,6531.45,6531.45,6531.45,6531.45,6531.45,6531.45,6531.45,6531.45,6531.45,6531.45,6531.45,6531.45,0,0,0,0,0,0,0,0,0,0,0,0,0,0,0,0,0,0,0,0,0,0,0,0,0,0,0,0,"","","","","",""
3540,Ujjani Dam_1,Maharashtra SW,27,Maharashtra,496,Solapur,-,-,-,-,-,-,-,-,-,18.07402000,75.12002000,29-09-2025 15:00,6537.8,6537.8,6537.8,6537.8,6537.8,6537.8,6537.8,6537.8,6537.8,6537.8,6537.8,6537.8,6537.8,6537.8,6537.8,6537.8,0,0,0,0,0,0,0,0,0,0,0,0,0,0,0,0,0,0,0,0,0,0,0,0,0,0,0,0,"","","","","",""
3541,Ujjani Dam_1,Maharashtra SW,27,Maharashtra,496,Solapur,-,-,-,-,-,-,-,-,-,18.07402000,75.12002000,29-09-2025 16:00,7795.36,7795.36,7795.36,7795.36,7795.36,7795.36,7795.36,7795.36,7795.36,7795.36,7795.36,7795.36,7795.36,7795.36,7795.36,7795.36,0,0,0,0,0,0,0,0,0,0,0,0,0,0,0,0,0,0,0,0,0,0,0,0,0,0,0,0,"","","","","",""
3542,Ujjani Dam_1,Maharashtra SW,27,Maharashtra,496,Solapur,-,-,-,-,-,-,-,-,-,18.07402000,75.12002000,29-09-2025 17:00,7803.48,7803.48,7803.48,7803.48,7803.48,7803.48,7803.48,7803.48,7803.48,7803.48,7803.48,7803.48,7803.48,7803.48,7803.48,7803.48,0,0,0,0,0,0,0,0,0,0,0,0,0,0,0,0,0,0,0,0,0,0,0,0,0,0,0,0,"","","","","",""
3543,Ujjani Dam_1,Maharashtra SW,27,Maharashtra,496,Solapur,-,-,-,-,-,-,-,-,-,18.07402000,75.12002000,29-09-2025 19:00,7803.48,7803.48,7803.48,7803.48,7803.48,7803.48,7803.48,7803.48,7803.48,7803.48,7803.48,7803.48,7803.48,7803.48,7803.48,7803.48,0,0,0,0,0,0,0,0,0,0,0,0,0,0,0,0,0,0,0,0,0,0,0,0,0,0,0,0,"","","","","",""
3544,Ujjani Dam_1,Maharashtra SW,27,Maharashtra,496,Solapur,-,-,-,-,-,-,-,-,-,18.07402000,75.12002000,29-09-2025 20:00,7811.25,7811.25,7811.25,7811.25,7811.25,7811.25,7811.25,7811.25,7811.25,7811.25,7811.25,7811.25,7811.25,7811.25,7811.25,7811.25,0,0,0,0,0,0,0,0,0,0,0,0,0,0,0,0,0,0,0,0,0,0,0,0,0,0,0,0,"","","","","",""
3545,Ujjani Dam_1,Maharashtra SW,27,Maharashtra,496,Solapur,-,-,-,-,-,-,-,-,-,18.07402000,75.12002000,29-09-2025 21:00,7803.48,7803.48,7803.48,7803.48,7803.48,7803.48,7803.48,7803.48,7803.48,7803.48,7803.48,7803.48,7803.48,7803.48,7803.48,7803.48,0,0,0,0,0,0,0,0,0,0,0,0,0,0,0,0,0,0,0,0,0,0,0,0,0,0,0,0,"","","","","",""
3546,Ujjani Dam_1,Maharashtra SW,27,Maharashtra,496,Solapur,-,-,-,-,-,-,-,-,-,18.07402000,75.12002000,29-09-2025 22:00,7795.36,7795.36,7795.36,7795.36,7795.36,7795.36,7795.36,7795.36,7795.36,7795.36,7795.36,7795.36,7795.36,7795.36,7795.36,7795.36,0,0,0,0,0,0,0,0,0,0,0,0,0,0,0,0,0,0,0,0,0,0,0,0,0,0,0,0,"","","","","",""
3547,Ujjani Dam_1,Maharashtra SW,27,Maharashtra,496,Solapur,-,-,-,-,-,-,-,-,-,18.07402000,75.12002000,29-09-2025 23:00,7262.46,7262.46,7262.46,7262.46,7262.46,7262.46,7262.46,7262.46,7262.46,7262.46,7262.46,7262.46,7262.46,7262.46,7262.46,7262.46,0,0,0,0,0,0,0,0,0,0,0,0,0,0,0,0,0,0,0,0,0,0,0,0,0,0,0,0,"","","","","",""
3548,Ujjani Dam_1,Maharashtra SW,27,Maharashtra,496,Solapur,-,-,-,-,-,-,-,-,-,18.07402000,75.12002000,30-09-2025 00:00,7255.4,6324.86,7255.4,7255.4,7255.4,7255.4,7255.4,7255.4,7255.4,7255.4,7255.4,7255.4,7255.4,7255.4,7255.4,7255.4,0,0,0,0,0,0,0,0,0,0,0,0,0,0,0,0,0,0,0,0,0,0,0,0,0,0,0,0,"","","","","",""
3549,Ujjani Dam_1,Maharashtra SW,27,Maharashtra,496,Solapur,-,-,-,-,-,-,-,-,-,18.07402000,75.12002000,30-09-2025 01:00,6324.86,6324.86,6324.86,6324.86,6324.86,6324.86,6324.86,6324.86,6324.86,6324.86,6324.86,6324.86,6324.86,6324.86,6324.86,6324.86,0,0,0,0,0,0,0,0,0,0,0,0,0,0,0,0,0,0,0,0,0,0,0,0,0,0,0,0,"","","","","",""
3550,Ujjani Dam_1,Maharashtra SW,27,Maharashtra,496,Solapur,-,-,-,-,-,-,-,-,-,18.07402000,75.12002000,30-09-2025 03:00,6312.85,6312.85,6312.85,6312.85,6312.85,6312.85,6312.85,6312.85,6312.85,6312.85,6312.85,6312.85,6312.85,6312.85,6312.85,6312.85,0,0,0,0,0,0,0,0,0,0,0,0,0,0,0,0,0,0,0,0,0,0,0,0,0,0,0,0,"","","","","",""
3551,Ujjani Dam_1,Maharashtra SW,27,Maharashtra,496,Solapur,-,-,-,-,-,-,-,-,-,18.07402000,75.12002000,30-09-2025 04:00,5039.05,5039.05,5039.05,5039.05,5039.05,5039.05,5039.05,5039.05,5039.05,5039.05,5039.05,5039.05,5039.05,5039.05,5039.05,5039.05,0,0,0,0,0,0,0,0,0,0,0,0,0,0,0,0,0,0,0,0,0,0,0,0,0,0,0,0,"","","","","",""
3552,Ujjani Dam_1,Maharashtra SW,27,Maharashtra,496,Solapur,-,-,-,-,-,-,-,-,-,18.07402000,75.12002000,30-09-2025 05:00,3673.43,3673.43,3673.43,3673.43,3673.43,3673.43,3673.43,3673.43,3673.43,3673.43,3673.43,3673.43,3673.43,3673.43,3673.43,3673.43,0,0,0,0,0,0,0,0,0,0,0,0,0,0,0,0,0,0,0,0,0,0,0,0,0,0,0,0,"","","","","",""
3553,Ujjani Dam_1,Maharashtra SW,27,Maharashtra,496,Solapur,-,-,-,-,-,-,-,-,-,18.07402000,75.12002000,30-09-2025 06:00,3126.05,3126.05,3126.05,3126.05,3126.05,3126.05,3126.05,3126.05,3126.05,3126.05,3126.05,3126.05,3126.05,3126.05,3126.05,3126.05,0,0,0,0,0,0,0,0,0,0,0,0,0,0,0,0,0,0,0,0,0,0,0,0,0,0,0,0,"","","","","",""
3554,Ujjani Dam_1,Maharashtra SW,27,Maharashtra,496,Solapur,-,-,-,-,-,-,-,-,-,18.07402000,75.12002000,30-09-2025 07:00,3123.23,3123.23,3123.23,3123.23,3123.23,3123.23,3123.23,3123.23,3123.23,3123.23,3123.23,3123.23,3123.23,3123.23,3123.23,3123.23,0,0,0,0,0,0,0,0,0,0,0,0,0,0,0,0,0,0,0,0,0,0,0,0,0,0,0,0,"","","","","",""
3555,Ujjani Dam_1,Maharashtra SW,27,Maharashtra,496,Solapur,-,-,-,-,-,-,-,-,-,18.07402000,75.12002000,30-09-2025 08:00,3123.23,3123.23,3123.23,3123.23,3123.23,3123.23,3123.23,3123.23,3123.23,3123.23,3123.23,3123.23,3123.23,3123.23,3123.23,3123.23,0,0,0,0,0,0,0,0,0,0,0,0,0,0,0,0,0,0,0,0,0,0,0,0,0,0,0,0,"","","","","",""
3556,Ujjani Dam_1,Maharashtra SW,27,Maharashtra,496,Solapur,-,-,-,-,-,-,-,-,-,18.07402000,75.12002000,30-09-2025 09:00,1225.07,1225.07,1225.07,1225.07,1225.07,1225.07,1225.07,1225.07,1225.07,1225.07,1225.07,1225.07,1225.07,1225.07,1225.07,1225.07,0,0,0,0,0,0,0,0,0,0,0,0,0,0,0,0,0,0,0,0,0,0,0,0,0,0,0,0,"","","","","",""
3557,Ujjani Dam_1,Maharashtra SW,27,Maharashtra,496,Solapur,-,-,-,-,-,-,-,-,-,18.07402000,75.12002000,30-09-2025 11:00,1227.18,1227.18,1227.18,1227.18,1227.18,1227.18,1227.18,1227.18,1227.18,1227.18,1227.18,1227.18,1227.18,1227.18,1227.18,1227.18,0,0,0,0,0,0,0,0,0,0,0,0,0,0,0,0,0,0,0,0,0,0,0,0,0,0,0,0,"","","","","",""
3558,Ujjani Dam_1,Maharashtra SW,27,Maharashtra,496,Solapur,-,-,-,-,-,-,-,-,-,18.07402000,75.12002000,30-09-2025 12:00,1227.18,1227.18,1227.18,1227.18,1227.18,1227.18,1227.18,1227.18,1227.18,1227.18,1227.18,1227.18,1227.18,1227.18,1227.18,1227.18,0,0,0,0,0,0,0,0,0,0,0,0,0,0,0,0,0,0,0,0,0,0,0,0,0,0,0,0,"","","","","",""
3559,Ujjani Dam_1,Maharashtra SW,27,Maharashtra,496,Solapur,-,-,-,-,-,-,-,-,-,18.07402000,75.12002000,30-09-2025 13:00,1230.36,1230.36,1230.36,1230.36,1230.36,1230.36,1230.36,1230.36,1230.36,1230.36,1230.36,1230.36,1230.36,1230.36,1230.36,1230.36,0,0,0,0,0,0,0,0,0,0,0,0,0,0,0,0,0,0,0,0,0,0,0,0,0,0,0,0,"","","","","",""
3560,Ujjani Dam_1,Maharashtra SW,27,Maharashtra,496,Solapur,-,-,-,-,-,-,-,-,-,18.07402000,75.12002000,30-09-2025 14:00,1230.36,1230.36,1230.36,1230.36,1230.36,1230.36,1230.36,1230.36,1230.36,1230.36,1230.36,1230.36,1230.36,1230.36,1230.36,1230.36,0,0,0,0,0,0,0,0,0,0,0,0,0,0,0,0,0,0,0,0,0,0,0,0,0,0,0,0,"","","","","",""
3561,Ujjani Dam_1,Maharashtra SW,27,Maharashtra,496,Solapur,-,-,-,-,-,-,-,-,-,18.07402000,75.12002000,30-09-2025 15:00,1230.36,1230.36,1230.36,1230.36,1230.36,1230.36,1230.36,1230.36,1230.36,1230.36,1230.36,1230.36,1230.36,1230.36,1230.36,1230.36,0,0,0,0,0,0,0,0,0,0,0,0,0,0,0,0,0,0,0,0,0,0,0,0,0,0,0,0,"","","","","",""
3562,Ujjani Dam_1,Maharashtra SW,27,Maharashtra,496,Solapur,-,-,-,-,-,-,-,-,-,18.07402000,75.12002000,30-09-2025 16:00,1232.13,1232.13,1232.13,1232.13,1232.13,1232.13,1232.13,1232.13,1232.13,1232.13,1232.13,1232.13,1232.13,1232.13,1232.13,1232.13,0,0,0,0,0,0,0,0,0,0,0,0,0,0,0,0,0,0,0,0,0,0,0,0,0,0,0,0,"","","","","",""
3563,Ujjani Dam_1,Maharashtra SW,27,Maharashtra,496,Solapur,-,-,-,-,-,-,-,-,-,18.07402000,75.12002000,30-09-2025 17:00,1232.13,1232.13,1232.13,1232.13,1232.13,1363.15,1978.68,1232.13,1232.13,1232.13,1232.13,1232.13,1232.13,1232.13,1232.13,1232.13,0,0,0,0,0,0,0,0,0,0,0,0,0,0,0,0,0,0,0,0,0,0,0,0,0,0,0,0,"","","","","",""
3564,Ujjani Dam_1,Maharashtra SW,27,Maharashtra,496,Solapur,-,-,-,-,-,-,-,-,-,18.07402000,75.12002000,30-09-2025 19:00,1919,1919,1919,1919,1919,1919,1919,1919,1919,1919,1919,1919,1919,1919,1919,1919,0,0,0,0,0,0,0,0,0,0,0,0,0,0,0,0,0,0,0,0,0,0,0,0,0,0,0,0,"","","","","",""
3565,Ujjani Dam_1,Maharashtra SW,27,Maharashtra,496,Solapur,-,-,-,-,-,-,-,-,-,18.07402000,75.12002000,30-09-2025 20:00,1919,1919,1919,1919,1919,1919,1919,1919,1919,1919,1919,1919,1919,1919,1919,1919,0,0,0,0,0,0,0,0,0,0,0,0,0,0,0,0,0,0,0,0,0,0,0,0,0,0,0,0,"","","","","",""
3566,Ujjani Dam_1,Maharashtra SW,27,Maharashtra,496,Solapur,-,-,-,-,-,-,-,-,-,18.07402000,75.12002000,30-09-2025 21:00,1531.24,1531.24,1531.24,1531.24,1531.24,1531.24,1531.24,1531.24,1531.24,1531.24,1531.24,1531.24,1531.24,1531.24,1531.24,1531.24,0,0,0,0,0,0,0,0,0,0,0,0,0,0,0,0,0,0,0,0,0,0,0,0,0,0,0,0,"","","","","",""
3567,Ujjani Dam_1,Maharashtra SW,27,Maharashtra,496,Solapur,-,-,-,-,-,-,-,-,-,18.07402000,75.12002000,30-09-2025 22:00,1529.83,1529.83,1529.83,1529.83,1529.83,1529.83,1529.83,1529.83,1529.83,1529.83,1529.83,1529.83,1529.83,1529.83,1529.83,1529.83,0,0,0,0,0,0,0,0,0,0,0,0,0,0,0,0,0,0,0,0,0,0,0,0,0,0,0,0,"","","","","",""
3568,Ujjani Dam_1,Maharashtra SW,27,Maharashtra,496,Solapur,-,-,-,-,-,-,-,-,-,18.07402000,75.12002000,30-09-2025 23:00,1531.24,1531.24,1531.24,1531.24,1531.24,1531.24,1531.24,1531.24,1531.24,1531.24,1531.24,1531.24,1531.24,1531.24,1531.24,1531.24,0,0,0,0,0,0,0,0,0,0,0,0,0,0,0,0,0,0,0,0,0,0,0,0,0,0,0,0,"","","","","",""
3569,Ujjani Dam_1,Maharashtra SW,27,Maharashtra,496,Solapur,-,-,-,-,-,-,-,-,-,18.07402000,75.12002000,01-10-2025 00:00,1532.3,1532.3,1532.3,1532.3,1532.3,1532.3,1532.3,1532.3,1532.3,1532.3,1532.3,1532.3,1532.3,1532.3,1532.3,1532.3,0,0,0,0,0,0,0,0,0,0,0,0,0,0,0,0,0,0,0,0,0,0,0,0,0,0,0,0,"","","","","",""
3570,Ujjani Dam_1,Maharashtra SW,27,Maharashtra,496,Solapur,-,-,-,-,-,-,-,-,-,18.07402000,75.12002000,01-10-2025 01:00,1532.3,1532.3,1532.3,1532.3,1532.3,1532.3,1532.3,1532.3,1532.3,1532.3,1532.3,1532.3,1532.3,1532.3,1532.3,1532.3,0,0,0,0,0,0,0,0,0,0,0,0,0,0,0,0,0,0,0,0,0,0,0,0,0,0,0,0,"","","","","",""
3571,Ujjani Dam_1,Maharashtra SW,27,Maharashtra,496,Solapur,-,-,-,-,-,-,-,-,-,18.07402000,75.12002000,01-10-2025 03:00,1532.3,1532.3,1532.3,1532.3,1532.3,1532.3,1532.3,1532.3,1532.3,1532.3,1532.3,1532.3,1532.3,1532.3,1532.3,1532.3,0,0,0,0,0,0,0,0,0,0,0,0,0,0,0,0,0,0,0,0,0,0,0,0,0,0,0,0,"","","","","",""
3572,Ujjani Dam_1,Maharashtra SW,27,Maharashtra,496,Solapur,-,-,-,-,-,-,-,-,-,18.07402000,75.12002000,01-10-2025 04:00,1531.24,1531.24,1531.24,1531.24,1531.24,1531.24,1531.24,1531.24,1531.24,1531.24,1531.24,1531.24,1531.24,1531.24,1531.24,1531.24,0,0,0,0,0,0,0,0,0,0,0,0,0,0,0,0,0,0,0,0,0,0,0,0,0,0,0,0,"","","","","",""
3573,Ujjani Dam_1,Maharashtra SW,27,Maharashtra,496,Solapur,-,-,-,-,-,-,-,-,-,18.07402000,75.12002000,01-10-2025 05:00,1531.24,1531.24,1531.24,1531.24,1531.24,1531.24,1531.24,1531.24,1531.24,1531.24,1531.24,1531.24,1531.24,1531.24,1531.24,1531.24,0,0,0,0,0,0,0,0,0,0,0,0,0,0,0,0,0,0,0,0,0,0,0,0,0,0,0,0,"","","","","",""
3574,Ujjani Dam_1,Maharashtra SW,27,Maharashtra,496,Solapur,-,-,-,-,-,-,-,-,-,18.07402000,75.12002000,01-10-2025 06:00,1531.24,1531.24,1531.24,1531.24,1531.24,1531.24,1531.24,1531.24,1531.24,1531.24,1531.24,1531.24,1531.24,1531.24,1531.24,1531.24,0,0,0,0,0,0,0,0,0,0,0,0,0,0,0,0,0,0,0,0,0,0,0,0,0,0,0,0,"","","","","",""
3575,Ujjani Dam_1,Maharashtra SW,27,Maharashtra,496,Solapur,-,-,-,-,-,-,-,-,-,18.07402000,75.12002000,01-10-2025 07:00,1531.24,1531.24,1531.24,1531.24,1531.24,1531.24,1531.24,1531.24,1531.24,1531.24,1531.24,1531.24,1531.24,1531.24,1531.24,1531.24,0,0,0,0,0,0,0,0,0,0,0,0,0,0,0,0,0,0,0,0,0,0,0,0,0,0,0,0,"","","","","",""
3576,Ujjani Dam_1,Maharashtra SW,27,Maharashtra,496,Solapur,-,-,-,-,-,-,-,-,-,18.07402000,75.12002000,01-10-2025 08:00,1532.3,1532.3,1532.3,1532.3,1532.3,1532.3,1532.3,1532.3,1532.3,1532.3,1532.3,1532.3,1532.3,1532.3,1532.3,1532.3,0,0,0,0,0,0,0,0,0,0,0,0,0,0,0,0,0,0,0,0,0,0,0,0,0,0,0,0,"","","","","",""
3577,Ujjani Dam_1,Maharashtra SW,27,Maharashtra,496,Solapur,-,-,-,-,-,-,-,-,-,18.07402000,75.12002000,01-10-2025 09:00,1533.72,1533.72,1533.72,1533.72,1533.72,1533.72,1533.72,1533.72,1533.72,1533.72,1533.72,1533.72,1533.72,1533.72,1533.72,1533.72,0,0,0,0,0,0,0,0,0,0,0,0,0,0,0,0,0,0,0,0,0,0,0,0,0,0,0,0,"","","","","",""
3578,Ujjani Dam_1,Maharashtra SW,27,Maharashtra,496,Solapur,-,-,-,-,-,-,-,-,-,18.07402000,75.12002000,01-10-2025 11:00,1534.78,1534.78,1534.78,1534.78,1534.78,1534.78,1534.78,1534.78,1534.78,1534.78,1534.78,1534.78,1534.78,1534.78,1534.78,1534.78,0,0,0,0,0,0,0,0,0,0,0,0,0,0,0,0,0,0,0,0,0,0,0,0,0,0,0,0,"","","","","",""
3579,Ujjani Dam_1,Maharashtra SW,27,Maharashtra,496,Solapur,-,-,-,-,-,-,-,-,-,18.07402000,75.12002000,01-10-2025 12:00,1536.19,1536.19,1536.19,1536.19,1536.19,1536.19,1536.19,1536.19,1536.19,1536.19,1536.19,1536.19,1536.19,1536.19,1536.19,1536.19,0,0,0,0,0,0,0,0,0,0,0,0,0,0,0,0,0,0,0,0,0,0,0,0,0,0,0,0,"","","","","",""
3580,Ujjani Dam_1,Maharashtra SW,27,Maharashtra,496,Solapur,-,-,-,-,-,-,-,-,-,18.07402000,75.12002000,01-10-2025 13:00,2215.64,2215.64,2215.64,2215.64,2215.64,2215.64,2215.64,2215.64,2215.64,2215.64,2215.64,2215.64,2215.64,2215.64,2215.64,2215.64,0,0,0,0,0,0,0,0,0,0,0,0,0,0,0,0,0,0,0,0,0,0,0,0,0,0,0,0,"","","","","",""
3581,Ujjani Dam_1,Maharashtra SW,27,Maharashtra,496,Solapur,-,-,-,-,-,-,-,-,-,18.07402000,75.12002000,01-10-2025 14:00,2215.64,2215.64,2215.64,2215.64,2215.64,2215.64,2215.64,2215.64,2215.64,2215.64,2215.64,2215.64,2215.64,2215.64,2215.64,2215.64,0,0,0,0,0,0,0,0,0,0,0,0,0,0,0,0,0,0,0,0,0,0,0,0,0,0,0,0,"","","","","",""
3582,Ujjani Dam_1,Maharashtra SW,27,Maharashtra,496,Solapur,-,-,-,-,-,-,-,-,-,18.07402000,75.12002000,01-10-2025 15:00,2215.64,2215.64,2215.64,2215.64,2215.64,2215.64,2215.64,2215.64,2215.64,2215.64,2215.64,2215.64,2215.64,2215.64,2215.64,2215.64,0,0,0,0,0,0,0,0,0,0,0,0,0,0,0,0,0,0,0,0,0,0,0,0,0,0,0,0,"","","","","",""
3583,Ujjani Dam_1,Maharashtra SW,27,Maharashtra,496,Solapur,-,-,-,-,-,-,-,-,-,18.07402000,75.12002000,01-10-2025 16:00,2213.88,2213.88,2213.88,2213.88,2213.88,2213.88,2213.88,2213.88,2213.88,2213.88,2213.88,2213.88,2213.88,2213.88,2213.88,2213.88,0,0,0,0,0,0,0,0,0,0,0,0,0,0,0,0,0,0,0,0,0,0,0,0,0,0,0,0,"","","","","",""
3584,Ujjani Dam_1,Maharashtra SW,27,Maharashtra,496,Solapur,-,-,-,-,-,-,-,-,-,18.07402000,75.12002000,01-10-2025 18:00,2213.88,2213.88,2213.88,2213.88,2213.88,2213.88,2213.88,2213.88,2213.88,2213.88,2213.88,2213.88,2213.88,2213.88,2213.88,2213.88,0,0,0,0,0,0,0,0,0,0,0,0,0,0,0,0,0,0,0,0,0,0,0,0,0,0,0,0,"","","","","",""
3585,Ujjani Dam_1,Maharashtra SW,27,Maharashtra,496,Solapur,-,-,-,-,-,-,-,-,-,18.07402000,75.12002000,01-10-2025 19:00,2213.88,2213.88,2213.88,2213.88,2213.88,2213.88,2213.88,2213.88,2213.88,2213.88,2213.88,2213.88,2213.88,2213.88,2213.88,2213.88,0,0,0,0,0,0,0,0,0,0,0,0,0,0,0,0,0,0,0,0,0,0,0,0,0,0,0,0,"","","","","",""
3586,Ujjani Dam_1,Maharashtra SW,27,Maharashtra,496,Solapur,-,-,-,-,-,-,-,-,-,18.07402000,75.12002000,01-10-2025 20:00,2211.76,2211.76,2211.76,2211.76,2211.76,2211.76,2211.76,2211.76,2211.76,2211.76,2211.76,2211.76,2211.76,2211.76,2211.76,2211.76,0,0,0,0,0,0,0,0,0,0,0,0,0,0,0,0,0,0,0,0,0,0,0,0,0,0,0,0,"","","","","",""
3587,Ujjani Dam_1,Maharashtra SW,27,Maharashtra,496,Solapur,-,-,-,-,-,-,-,-,-,18.07402000,75.12002000,01-10-2025 21:00,1890.04,1890.04,1890.04,1890.04,1890.04,1890.04,1890.04,1890.04,1890.04,1890.04,1890.04,1890.04,1890.04,1890.04,1890.04,1890.04,0,0,0,0,0,0,0,0,0,0,0,0,0,0,0,0,0,0,0,0,0,0,0,0,0,0,0,0,"","","","","",""
3588,Ujjani Dam_1,Maharashtra SW,27,Maharashtra,496,Solapur,-,-,-,-,-,-,-,-,-,18.07402000,75.12002000,01-10-2025 22:00,1888.28,1888.28,1888.28,1888.28,1888.28,1888.28,1888.28,1888.28,1888.28,1888.28,1888.28,1888.28,1888.28,1888.28,1888.28,1888.28,0,0,0,0,0,0,0,0,0,0,0,0,0,0,0,0,0,0,0,0,0,0,0,0,0,0,0,0,"","","","","",""
3589,Ujjani Dam_1,Maharashtra SW,27,Maharashtra,496,Solapur,-,-,-,-,-,-,-,-,-,18.07402000,75.12002000,01-10-2025 23:00,1888.28,1888.28,1888.28,1888.28,1888.28,1888.28,1888.28,1888.28,1888.28,1888.28,1888.28,1888.28,1888.28,1888.28,1888.28,1888.28,0,0,0,0,0,0,0,0,0,0,0,0,0,0,0,0,0,0,0,0,0,0,0,0,0,0,0,0,"","","","","",""
3590,Ujjani Dam_1,Maharashtra SW,27,Maharashtra,496,Solapur,-,-,-,-,-,-,-,-,-,18.07402000,75.12002000,02-10-2025 00:00,1565.15,1565.15,1565.15,1565.15,1565.15,1565.15,1565.15,1565.15,1565.15,1565.15,1565.15,1565.15,1565.15,1565.15,1565.15,1565.15,0,0,0,0,0,0,0,0,0,0,0,0,0,0,0,0,0,0,0,0,0,0,0,0,0,0,0,0,"","","","","",""
3591,Ujjani Dam_1,Maharashtra SW,27,Maharashtra,496,Solapur,-,-,-,-,-,-,-,-,-,18.07402000,75.12002000,02-10-2025 02:00,1563.73,1563.73,1563.73,1563.73,1563.73,1563.73,1563.73,1563.73,1563.73,1563.73,1563.73,1563.73,1563.73,1563.73,1563.73,1563.73,0,0,0,0,0,0,0,0,0,0,0,0,0,0,0,0,0,0,0,0,0,0,0,0,0,0,0,0,"","","","","",""
3592,Ujjani Dam_1,Maharashtra SW,27,Maharashtra,496,Solapur,-,-,-,-,-,-,-,-,-,18.07402000,75.12002000,02-10-2025 03:00,1563.73,1563.73,1563.73,1563.73,1563.73,1563.73,1563.73,1563.73,1563.73,1563.73,1563.73,1563.73,1563.73,1563.73,1563.73,1563.73,0,0,0,0,0,0,0,0,0,0,0,0,0,0,0,0,0,0,0,0,0,0,0,0,0,0,0,0,"","","","","",""
3593,Ujjani Dam_1,Maharashtra SW,27,Maharashtra,496,Solapur,-,-,-,-,-,-,-,-,-,18.07402000,75.12002000,02-10-2025 04:00,1269.21,1269.21,1269.21,1269.21,1269.21,1269.21,1269.21,1269.21,1269.21,1269.21,1269.21,1269.21,1269.21,1269.21,1269.21,1269.21,0,0,0,0,0,0,0,0,0,0,0,0,0,0,0,0,0,0,0,0,0,0,0,0,0,0,0,0,"","","","","",""
3594,Ujjani Dam_1,Maharashtra SW,27,Maharashtra,496,Solapur,-,-,-,-,-,-,-,-,-,18.07402000,75.12002000,02-10-2025 05:00,1269.21,1269.21,1269.21,1269.21,1269.21,1269.21,1269.21,1269.21,1269.21,1269.21,1269.21,1269.21,1269.21,1269.21,1269.21,1269.21,0,0,0,0,0,0,0,0,0,0,0,0,0,0,0,0,0,0,0,0,0,0,0,0,0,0,0,0,"","","","","",""
3595,Ujjani Dam_1,Maharashtra SW,27,Maharashtra,496,Solapur,-,-,-,-,-,-,-,-,-,18.07402000,75.12002000,02-10-2025 06:00,1268.15,1268.15,1268.15,1268.15,1268.15,1268.15,1268.15,1268.15,1268.15,1268.15,1268.15,1268.15,1268.15,1268.15,1268.15,1268.15,0,0,0,0,0,0,0,0,0,0,0,0,0,0,0,0,0,0,0,0,0,0,0,0,0,0,0,0,"","","","","",""
3596,Ujjani Dam_1,Maharashtra SW,27,Maharashtra,496,Solapur,-,-,-,-,-,-,-,-,-,18.07402000,75.12002000,02-10-2025 07:00,1270.27,1270.27,1270.27,1270.27,1270.27,1270.27,1270.27,1270.27,1270.27,1270.27,1270.27,1270.27,1270.27,1270.27,1270.27,1270.27,0,0,0,0,0,0,0,0,0,0,0,0,0,0,0,0,0,0,0,0,0,0,0,0,0,0,0,0,"","","","","",""
3597,Ujjani Dam_1,Maharashtra SW,27,Maharashtra,496,Solapur,-,-,-,-,-,-,-,-,-,18.07402000,75.12002000,02-10-2025 08:00,1270.27,1270.27,1270.27,1270.27,1270.27,1270.27,1270.27,1270.27,1270.27,1270.27,1270.27,1270.27,1270.27,1270.27,1270.27,1270.27,0,0,0,0,0,0,0,0,0,0,0,0,0,0,0,0,0,0,0,0,0,0,0,0,0,0,0,0,"","","","","",""
3598,Ujjani Dam_1,Maharashtra SW,27,Maharashtra,496,Solapur,-,-,-,-,-,-,-,-,-,18.07402000,75.12002000,02-10-2025 10:00,1271.33,1271.33,1271.33,1271.33,1271.33,1271.33,1271.33,1271.33,1271.33,1271.33,1271.33,1271.33,1271.33,1271.33,1271.33,1271.33,0,0,0,0,0,0,0,0,0,0,0,0,0,0,0,0,0,0,0,0,0,0,0,0,0,0,0,0,"","","","","",""
3599,Ujjani Dam_1,Maharashtra SW,27,Maharashtra,496,Solapur,-,-,-,-,-,-,-,-,-,18.07402000,75.12002000,02-10-2025 11:00,1270.27,1270.27,1270.27,1270.27,1270.27,1270.27,1270.27,1270.27,1270.27,1270.27,1270.27,1270.27,1270.27,1270.27,1270.27,1270.27,0,0,0,0,0,0,0,0,0,0,0,0,0,0,0,0,0,0,0,0,0,0,0,0,0,0,0,0,"","","","","",""
3600,Ujjani Dam_1,Maharashtra SW,27,Maharashtra,496,Solapur,-,-,-,-,-,-,-,-,-,18.07402000,75.12002000,02-10-2025 12:00,1271.33,1271.33,1271.33,1271.33,1271.33,1271.33,1271.33,1271.33,1271.33,1271.33,1271.33,1271.33,1271.33,1271.33,1271.33,1271.33,0,0,0,0,0,0,0,0,0,0,0,0,0,0,0,0,0,0,0,0,0,0,0,0,0,0,0,0,"","","","","",""
3601,Ujjani Dam_1,Maharashtra SW,27,Maharashtra,496,Solapur,-,-,-,-,-,-,-,-,-,18.07402000,75.12002000,02-10-2025 13:00,1271.33,1271.33,1271.33,1271.33,1271.33,1271.33,1271.33,1271.33,1271.33,1271.33,1271.33,1271.33,1271.33,1271.33,1271.33,1271.33,0,0,0,0,0,0,0,0,0,0,0,0,0,0,0,0,0,0,0,0,0,0,0,0,0,0,0,0,"","","","","",""
3602,Ujjani Dam_1,Maharashtra SW,27,Maharashtra,496,Solapur,-,-,-,-,-,-,-,-,-,18.07402000,75.12002000,02-10-2025 14:00,1271.33,1271.33,1271.33,1271.33,1271.33,1271.33,1271.33,1271.33,1271.33,1271.33,1271.33,1271.33,1271.33,1271.33,1271.33,1271.33,0,0,0,0,0,0,0,0,0,0,0,0,0,0,0,0,0,0,0,0,0,0,0,0,0,0,0,0,"","","","","",""
3603,Ujjani Dam_1,Maharashtra SW,27,Maharashtra,496,Solapur,-,-,-,-,-,-,-,-,-,18.07402000,75.12002000,02-10-2025 15:00,1271.33,1271.33,1271.33,1271.33,1271.33,1271.33,1271.33,1271.33,1271.33,1271.33,1271.33,1271.33,1271.33,1271.33,1271.33,1271.33,0,0,0,0,0,0,0,0,0,0,0,0,0,0,0,0,0,0,0,0,0,0,0,0,0,0,0,0,"","","","","",""
3604,Ujjani Dam_1,Maharashtra SW,27,Maharashtra,496,Solapur,-,-,-,-,-,-,-,-,-,18.07402000,75.12002000,02-10-2025 16:00,1272.39,1272.39,1272.39,1272.39,1272.39,1272.39,1272.39,1272.39,1272.39,1272.39,1272.39,1272.39,1272.39,1272.39,1272.39,1272.39,0,0,0,0,0,0,0,0,0,0,0,0,0,0,0,0,0,0,0,0,0,0,0,0,0,0,0,0,"","","","","",""
3605,Ujjani Dam_1,Maharashtra SW,27,Maharashtra,496,Solapur,-,-,-,-,-,-,-,-,-,18.07402000,75.12002000,02-10-2025 18:00,1272.39,1272.39,1272.39,1272.39,1272.39,1272.39,1272.39,1272.39,1272.39,1272.39,1272.39,1272.39,1272.39,1272.39,1272.39,1272.39,0,0,0,0,0,0,0,0,0,0,0,0,0,0,0,0,0,0,0,0,0,0,0,0,0,0,0,0,"","","","","",""
3606,Ujjani Dam_1,Maharashtra SW,27,Maharashtra,496,Solapur,-,-,-,-,-,-,-,-,-,18.07402000,75.12002000,02-10-2025 19:00,1272.39,1272.39,1272.39,1272.39,1272.39,1272.39,1272.39,1272.39,1272.39,1272.39,1272.39,1272.39,1272.39,1272.39,1272.39,1272.39,0,0,0,0,0,0,0,0,0,0,0,0,0,0,0,0,0,0,0,0,0,0,0,0,0,0,0,0,"","","","","",""
3607,Ujjani Dam_1,Maharashtra SW,27,Maharashtra,496,Solapur,-,-,-,-,-,-,-,-,-,18.07402000,75.12002000,02-10-2025 20:00,1271.33,1271.33,1271.33,1271.33,1271.33,1271.33,1271.33,1271.33,1271.33,1271.33,1271.33,1271.33,1271.33,1271.33,1271.33,1271.33,0,0,0,0,0,0,0,0,0,0,0,0,0,0,0,0,0,0,0,0,0,0,0,0,0,0,0,0,"","","","","",""
3608,Ujjani Dam_1,Maharashtra SW,27,Maharashtra,496,Solapur,-,-,-,-,-,-,-,-,-,18.07402000,75.12002000,02-10-2025 21:00,1272.39,1272.39,1272.39,1272.39,1272.39,1272.39,1272.39,1272.39,1272.39,1272.39,1272.39,1272.39,1272.39,1272.39,1272.39,1272.39,0,0,0,0,0,0,0,0,0,0,0,0,0,0,0,0,0,0,0,0,0,0,0,0,0,0,0,0,"","","","","",""
3609,Ujjani Dam_1,Maharashtra SW,27,Maharashtra,496,Solapur,-,-,-,-,-,-,-,-,-,18.07402000,75.12002000,02-10-2025 22:00,1567.62,1567.62,1567.62,1567.62,1567.62,1567.62,1567.62,1567.62,1338.07,1567.62,1272.39,1272.39,1272.39,1272.39,1272.39,1272.39,0,0,0,0,0,0,0,0,0,0,0,0,0,0,0,0,0,0,0,0,0,0,0,0,0,0,0,0,"","","","","",""
3610,Ujjani Dam_1,Maharashtra SW,27,Maharashtra,496,Solapur,-,-,-,-,-,-,-,-,-,18.07402000,75.12002000,02-10-2025 23:00,1567.62,1567.62,1567.62,1567.62,1567.62,1567.62,1567.62,1567.62,1567.62,1567.62,1567.62,1567.62,1567.62,1567.62,1567.62,1567.62,0,0,0,0,0,0,0,0,0,0,0,0,0,0,0,0,0,0,0,0,0,0,0,0,0,0,0,0,"","","","","",""
3611,Ujjani Dam_1,Maharashtra SW,27,Maharashtra,496,Solapur,-,-,-,-,-,-,-,-,-,18.07402000,75.12002000,03-10-2025 01:00,1566.21,1566.21,1566.21,1566.21,1566.21,1566.21,1566.21,1566.21,1566.21,1566.21,1566.21,1566.21,1566.21,1566.21,1566.21,1566.21,0,0,0,0,0,0,0,0,0,0,0,0,0,0,0,0,0,0,0,0,0,0,0,0,0,0,0,0,"","","","","",""
3612,Ujjani Dam_1,Maharashtra SW,27,Maharashtra,496,Solapur,-,-,-,-,-,-,-,-,-,18.07402000,75.12002000,03-10-2025 02:00,1566.21,1566.21,1566.21,1566.21,1566.21,1566.21,1566.21,1566.21,1566.21,1566.21,1566.21,1566.21,1566.21,1566.21,1566.21,1566.21,0,0,0,0,0,0,0,0,0,0,0,0,0,0,0,0,0,0,0,0,0,0,0,0,0,0,0,0,"","","","","",""
3613,Ujjani Dam_1,Maharashtra SW,27,Maharashtra,496,Solapur,-,-,-,-,-,-,-,-,-,18.07402000,75.12002000,03-10-2025 03:00,1566.21,1566.21,1566.21,1566.21,1566.21,1566.21,1566.21,1566.21,1566.21,1566.21,1566.21,1566.21,1566.21,1566.21,1566.21,1566.21,0,0,0,0,0,0,0,0,0,0,0,0,0,0,0,0,0,0,0,0,0,0,0,0,0,0,0,0,"","","","","",""
3614,Ujjani Dam_1,Maharashtra SW,27,Maharashtra,496,Solapur,-,-,-,-,-,-,-,-,-,18.07402000,75.12002000,03-10-2025 04:00,1566.21,1566.21,1566.21,1566.21,1566.21,1566.21,1566.21,1566.21,1566.21,1566.21,1566.21,1566.21,1566.21,1566.21,1566.21,1566.21,0,0,0,0,0,0,0,0,0,0,0,0,0,0,0,0,0,0,0,0,0,0,0,0,0,0,0,0,"","","","","",""
3615,Ujjani Dam_1,Maharashtra SW,27,Maharashtra,496,Solapur,-,-,-,-,-,-,-,-,-,18.07402000,75.12002000,03-10-2025 05:00,1566.21,1566.21,1566.21,1566.21,1566.21,1566.21,1566.21,1566.21,1566.21,1566.21,1566.21,1566.21,1566.21,1566.21,1566.21,1566.21,0,0,0,0,0,0,0,0,0,0,0,0,0,0,0,0,0,0,0,0,0,0,0,0,0,0,0,0,"","","","","",""
3616,Ujjani Dam_1,Maharashtra SW,27,Maharashtra,496,Solapur,-,-,-,-,-,-,-,-,-,18.07402000,75.12002000,03-10-2025 06:00,1565.15,1565.15,1565.15,1565.15,1565.15,1565.15,1565.15,1565.15,1565.15,1565.15,1565.15,1565.15,1565.15,1565.15,1565.15,1565.15,0,0,0,0,0,0,0,0,0,0,0,0,0,0,0,0,0,0,0,0,0,0,0,0,0,0,0,0,"","","","","",""
3617,Ujjani Dam_1,Maharashtra SW,27,Maharashtra,496,Solapur,-,-,-,-,-,-,-,-,-,18.07402000,75.12002000,03-10-2025 07:00,1565.15,1565.15,1565.15,1565.15,1565.15,1565.15,1565.15,1565.15,1565.15,1565.15,1565.15,1565.15,1565.15,1565.15,1565.15,1565.15,0,0,0,0,0,0,0,0,0,0,0,0,0,0,0,0,0,0,0,0,0,0,0,0,0,0,0,0,"","","","","",""
3618,Ujjani Dam_1,Maharashtra SW,27,Maharashtra,496,Solapur,-,-,-,-,-,-,-,-,-,18.07402000,75.12002000,03-10-2025 09:00,1205.29,1205.29,1205.29,1205.29,1205.29,1205.29,1205.29,1205.29,1205.29,1205.29,1205.29,1205.29,1205.29,1205.29,1205.29,1205.29,0,0,0,0,0,0,0,0,0,0,0,0,0,0,0,0,0,0,0,0,0,0,0,0,0,0,0,0,"","","","","",""
3619,Ujjani Dam_1,Maharashtra SW,27,Maharashtra,496,Solapur,-,-,-,-,-,-,-,-,-,18.07402000,75.12002000,03-10-2025 10:00,1205.29,1205.29,1205.29,1205.29,1205.29,1205.29,1205.29,1205.29,1205.29,1205.29,1205.29,1205.29,1205.29,1205.29,1205.29,1205.29,0,0,0,0,0,0,0,0,0,0,0,0,0,0,0,0,0,0,0,0,0,0,0,0,0,0,0,0,"","","","","",""
3620,Ujjani Dam_1,Maharashtra SW,27,Maharashtra,496,Solapur,-,-,-,-,-,-,-,-,-,18.07402000,75.12002000,03-10-2025 11:00,1204.58,1204.58,1204.58,1204.58,1204.58,1204.58,1204.58,1204.58,1204.58,1204.58,1204.58,1204.58,1204.58,1204.58,1204.58,1204.58,0,0,0,0,0,0,0,0,0,0,0,0,0,0,0,0,0,0,0,0,0,0,0,0,0,0,0,0,"","","","","",""
3621,Ujjani Dam_1,Maharashtra SW,27,Maharashtra,496,Solapur,-,-,-,-,-,-,-,-,-,18.07402000,75.12002000,03-10-2025 12:00,1205.29,1205.29,1205.29,1205.29,1205.29,1205.29,1205.29,1205.29,1205.29,1205.29,1205.29,1205.29,1205.29,1205.29,1205.29,1205.29,0,0,0,0,0,0,0,0,0,0,0,0,0,0,0,0,0,0,0,0,0,0,0,0,0,0,0,0,"","","","","",""
3622,Ujjani Dam_1,Maharashtra SW,27,Maharashtra,496,Solapur,-,-,-,-,-,-,-,-,-,18.07402000,75.12002000,03-10-2025 13:00,1204.58,1204.58,1204.58,1204.58,1204.58,1204.58,1204.58,1204.58,1204.58,1204.58,1204.58,1204.58,1204.58,1204.58,1204.58,1204.58,0,0,0,0,0,0,0,0,0,0,0,0,0,0,0,0,0,0,0,0,0,0,0,0,0,0,0,0,"","","","","",""
3623,Ujjani Dam_1,Maharashtra SW,27,Maharashtra,496,Solapur,-,-,-,-,-,-,-,-,-,18.07402000,75.12002000,03-10-2025 14:00,1205.29,1205.29,1205.29,1205.29,1205.29,1205.29,1205.29,1205.29,1205.29,1205.29,1205.29,1205.29,1205.29,1205.29,1205.29,1205.29,0,0,0,0,0,0,0,0,0,0,0,0,0,0,0,0,0,0,0,0,0,0,0,0,0,0,0,0,"","","","","",""
3624,Ujjani Dam_1,Maharashtra SW,27,Maharashtra,496,Solapur,-,-,-,-,-,-,-,-,-,18.07402000,75.12002000,03-10-2025 15:00,1204.58,1204.58,1204.58,1204.58,1204.58,1204.58,1204.58,1204.58,1204.58,1204.58,1204.58,1204.58,1204.58,1204.58,1204.58,1204.58,0,0,0,0,0,0,0,0,0,0,0,0,0,0,0,0,0,0,0,0,0,0,0,0,0,0,0,0,"","","","","",""
3625,Ujjani Dam_1,Maharashtra SW,27,Maharashtra,496,Solapur,-,-,-,-,-,-,-,-,-,18.07402000,75.12002000,03-10-2025 17:00,907.59,907.59,907.59,907.59,907.59,907.59,907.59,907.59,907.59,907.59,907.59,907.59,907.59,907.59,907.59,907.59,0,0,0,0,0,0,0,0,0,0,0,0,0,0,0,0,0,0,0,0,0,0,0,0,0,0,0,0,"","","","","",""
3626,Ujjani Dam_1,Maharashtra SW,27,Maharashtra,496,Solapur,-,-,-,-,-,-,-,-,-,18.07402000,75.12002000,03-10-2025 18:00,908.29,908.29,908.29,908.29,908.29,908.29,908.29,908.29,908.29,908.29,908.29,908.29,908.29,908.29,908.29,908.29,0,0,0,0,0,0,0,0,0,0,0,0,0,0,0,0,0,0,0,0,0,0,0,0,0,0,0,0,"","","","","",""
3627,Ujjani Dam_1,Maharashtra SW,27,Maharashtra,496,Solapur,-,-,-,-,-,-,-,-,-,18.07402000,75.12002000,03-10-2025 19:00,908.29,908.29,908.29,908.29,908.29,908.29,908.29,908.29,908.29,908.29,908.29,908.29,908.29,908.29,908.29,908.29,0,0,0,0,0,0,0,0,0,0,0,0,0,0,0,0,0,0,0,0,0,0,0,0,0,0,0,0,"","","","","",""
3628,Ujjani Dam_1,Maharashtra SW,27,Maharashtra,496,Solapur,-,-,-,-,-,-,-,-,-,18.07402000,75.12002000,03-10-2025 20:00,908.29,908.29,908.29,908.29,908.29,908.29,908.29,908.29,908.29,908.29,908.29,908.29,908.29,908.29,908.29,908.29,0,0,0,0,0,0,0,0,0,0,0,0,0,0,0,0,0,0,0,0,0,0,0,0,0,0,0,0,"","","","","",""
3629,Ujjani Dam_1,Maharashtra SW,27,Maharashtra,496,Solapur,-,-,-,-,-,-,-,-,-,18.07402000,75.12002000,03-10-2025 21:00,907.59,907.59,907.59,907.59,907.59,907.59,907.59,907.59,907.59,907.59,907.59,907.59,907.59,907.59,907.59,907.59,0,0,0,0,0,0,0,0,0,0,0,0,0,0,0,0,0,0,0,0,0,0,0,0,0,0,0,0,"","","","","",""
3630,Ujjani Dam_1,Maharashtra SW,27,Maharashtra,496,Solapur,-,-,-,-,-,-,-,-,-,18.07402000,75.12002000,03-10-2025 22:00,908.29,908.29,908.29,908.29,908.29,908.29,908.29,908.29,908.29,908.29,908.29,908.29,908.29,908.29,908.29,908.29,0,0,0,0,0,0,0,0,0,0,0,0,0,0,0,0,0,0,0,0,0,0,0,0,0,0,0,0,"","","","","",""
3631,Ujjani Dam_1,Maharashtra SW,27,Maharashtra,496,Solapur,-,-,-,-,-,-,-,-,-,18.07402000,75.12002000,03-10-2025 23:00,908.29,908.29,908.29,908.29,908.29,908.29,908.29,908.29,908.29,908.29,908.29,908.29,908.29,908.29,908.29,908.29,0,0,0,0,0,0,0,0,0,0,0,0,0,0,0,0,0,0,0,0,0,0,0,0,0,0,0,0,"","","","","",""
3632,Ujjani Dam_1,Maharashtra SW,27,Maharashtra,496,Solapur,-,-,-,-,-,-,-,-,-,18.07402000,75.12002000,04-10-2025 01:00,908.29,908.29,908.29,908.29,908.29,908.29,908.29,908.29,908.29,908.29,908.29,908.29,908.29,908.29,908.29,908.29,0,0,0,0,0,0,0,0,0,0,0,0,0,0,0,0,0,0,0,0,0,0,0,0,0,0,0,0,"","","","","",""
3633,Ujjani Dam_1,Maharashtra SW,27,Maharashtra,496,Solapur,-,-,-,-,-,-,-,-,-,18.07402000,75.12002000,04-10-2025 02:00,907.59,907.59,907.59,907.59,907.59,907.59,907.59,907.59,907.59,907.59,907.59,907.59,907.59,907.59,907.59,907.59,0,0,0,0,0,0,0,0,0,0,0,0,0,0,0,0,0,0,0,0,0,0,0,0,0,0,0,0,"","","","","",""
3634,Ujjani Dam_1,Maharashtra SW,27,Maharashtra,496,Solapur,-,-,-,-,-,-,-,-,-,18.07402000,75.12002000,04-10-2025 03:00,908.29,908.29,908.29,908.29,908.29,908.29,908.29,908.29,908.29,908.29,908.29,908.29,908.29,908.29,908.29,908.29,0,0,0,0,0,0,0,0,0,0,0,0,0,0,0,0,0,0,0,0,0,0,0,0,0,0,0,0,"","","","","",""
3635,Ujjani Dam_1,Maharashtra SW,27,Maharashtra,496,Solapur,-,-,-,-,-,-,-,-,-,18.07402000,75.12002000,04-10-2025 04:00,908.29,908.29,908.29,908.29,908.29,908.29,908.29,908.29,908.29,908.29,908.29,908.29,908.29,908.29,908.29,908.29,0,0,0,0,0,0,0,0,0,0,0,0,0,0,0,0,0,0,0,0,0,0,0,0,0,0,0,0,"","","","","",""
3636,Ujjani Dam_1,Maharashtra SW,27,Maharashtra,496,Solapur,-,-,-,-,-,-,-,-,-,18.07402000,75.12002000,04-10-2025 05:00,908.29,908.29,908.29,908.29,908.29,908.29,908.29,908.29,908.29,908.29,908.29,908.29,908.29,908.29,908.29,908.29,0,0,0,0,0,0,0,0,0,0,0,0,0,0,0,0,0,0,0,0,0,0,0,0,0,0,0,0,"","","","","",""
3637,Ujjani Dam_1,Maharashtra SW,27,Maharashtra,496,Solapur,-,-,-,-,-,-,-,-,-,18.07402000,75.12002000,04-10-2025 06:00,908.29,908.29,908.29,908.29,908.29,908.29,908.29,908.29,908.29,908.29,908.29,908.29,908.29,908.29,908.29,908.29,0,0,0,0,0,0,0,0,0,0,0,0,0,0,0,0,0,0,0,0,0,0,0,0,0,0,0,0,"","","","","",""
3638,Ujjani Dam_1,Maharashtra SW,27,Maharashtra,496,Solapur,-,-,-,-,-,-,-,-,-,18.07402000,75.12002000,04-10-2025 07:00,908.29,908.29,908.29,908.29,908.29,908.29,908.29,908.29,908.29,908.29,908.29,908.29,908.29,908.29,908.29,908.29,0,0,0,0,0,0,0,0,0,0,0,0,0,0,0,0,0,0,0,0,0,0,0,0,0,0,0,0,"","","","","",""
3639,Ujjani Dam_1,Maharashtra SW,27,Maharashtra,496,Solapur,-,-,-,-,-,-,-,-,-,18.07402000,75.12002000,04-10-2025 09:00,707.71,0,707.71,707.71,707.71,707.71,707.71,707.71,707.71,707.71,707.71,707.71,707.71,707.71,0,707.71,0,0,0,0,0,0,0,0,0,0,0,0,0,0,0,0,0,0,0,0,0,0,0,0,0,0,0,0,"","","","","",""
3640,Ujjani Dam_1,Maharashtra SW,27,Maharashtra,496,Solapur,-,-,-,-,-,-,-,-,-,18.07402000,75.12002000,04-10-2025 10:00,708.41,0,708.41,708.41,708.41,708.41,708.41,708.41,708.41,708.41,708.41,708.41,708.41,708.41,0,708.41,0,0,0,0,0,0,0,0,0,0,0,0,0,0,0,0,0,0,0,0,0,0,0,0,0,0,0,0,"","","","","",""
3641,Ujjani Dam_1,Maharashtra SW,27,Maharashtra,496,Solapur,-,-,-,-,-,-,-,-,-,18.07402000,75.12002000,04-10-2025 11:00,708.41,0,708.41,708.41,708.41,708.41,708.41,708.41,708.41,708.41,708.41,708.41,708.41,708.41,0,708.41,0,0,0,0,0,0,0,0,0,0,0,0,0,0,0,0,0,0,0,0,0,0,0,0,0,0,0,0,"","","","","",""
3642,Ujjani Dam_1,Maharashtra SW,27,Maharashtra,496,Solapur,-,-,-,-,-,-,-,-,-,18.07402000,75.12002000,04-10-2025 12:00,708.77,0,708.77,708.77,708.77,708.77,708.77,708.77,708.77,708.77,708.77,708.77,708.77,708.77,0,708.77,0,0,0,0,0,0,0,0,0,0,0,0,0,0,0,0,0,0,0,0,0,0,0,0,0,0,0,0,"","","","","",""
3643,Ujjani Dam_1,Maharashtra SW,27,Maharashtra,496,Solapur,-,-,-,-,-,-,-,-,-,18.07402000,75.12002000,04-10-2025 13:00,708.77,0,708.77,708.77,708.77,708.77,708.77,708.77,708.77,708.77,708.77,708.77,708.77,708.77,0,708.77,0,0,0,0,0,0,0,0,0,0,0,0,0,0,0,0,0,0,0,0,0,0,0,0,0,0,0,0,"","","","","",""
3644,Ujjani Dam_1,Maharashtra SW,27,Maharashtra,496,Solapur,-,-,-,-,-,-,-,-,-,18.07402000,75.12002000,04-10-2025 14:00,708.77,0,708.77,708.77,708.77,708.77,708.77,708.77,708.77,708.77,708.77,708.77,708.77,708.77,0,708.77,0,0,0,0,0,0,0,0,0,0,0,0,0,0,0,0,0,0,0,0,0,0,0,0,0,0,0,0,"","","","","",""
3645,Ujjani Dam_1,Maharashtra SW,27,Maharashtra,496,Solapur,-,-,-,-,-,-,-,-,-,18.07402000,75.12002000,04-10-2025 16:00,709.47,0,709.47,709.47,709.47,709.47,709.47,709.47,709.47,709.47,709.47,709.47,709.47,709.47,0,709.47,0,0,0,0,0,0,0,0,0,0,0,0,0,0,0,0,0,0,0,0,0,0,0,0,0,0,0,0,"","","","","",""
3646,Ujjani Dam_1,Maharashtra SW,27,Maharashtra,496,Solapur,-,-,-,-,-,-,-,-,-,18.07402000,75.12002000,04-10-2025 17:00,709.47,0,709.47,709.47,709.47,709.47,709.47,709.47,709.47,709.47,709.47,709.47,709.47,709.47,0,709.47,0,0,0,0,0,0,0,0,0,0,0,0,0,0,0,0,0,0,0,0,0,0,0,0,0,0,0,0,"","","","","",""
3647,Ujjani Dam_1,Maharashtra SW,27,Maharashtra,496,Solapur,-,-,-,-,-,-,-,-,-,18.07402000,75.12002000,04-10-2025 18:00,709.47,0,709.47,709.47,709.47,709.47,709.47,709.47,709.47,709.47,709.47,709.47,709.47,709.47,0,709.47,0,0,0,0,0,0,0,0,0,0,0,0,0,0,0,0,0,0,0,0,0,0,0,0,0,0,0,0,"","","","","",""
3648,Ujjani Dam_1,Maharashtra SW,27,Maharashtra,496,Solapur,-,-,-,-,-,-,-,-,-,18.07402000,75.12002000,04-10-2025 19:00,709.82,0,709.82,709.82,709.82,709.82,709.82,709.82,709.82,709.82,709.82,709.82,709.82,709.82,0,709.82,0,0,0,0,0,0,0,0,0,0,0,0,0,0,0,0,0,0,0,0,0,0,0,0,0,0,0,0,"","","","","",""
3649,Ujjani Dam_1,Maharashtra SW,27,Maharashtra,496,Solapur,-,-,-,-,-,-,-,-,-,18.07402000,75.12002000,04-10-2025 20:00,843.67,0,0,0,0,0,843.67,843.67,843.67,843.67,0,0,0,0,0,843.67,0,0,0,0,0,0,0,0,0,0,0,0,0,0,0,0,0,0,0,0,0,0,0,0,0,0,0,0,"","","","","",""
3650,Ujjani Dam_1,Maharashtra SW,27,Maharashtra,496,Solapur,-,-,-,-,-,-,-,-,-,18.07402000,75.12002000,04-10-2025 21:00,843.67,0,0,0,0,0,843.67,843.67,843.67,843.67,0,0,0,0,0,843.67,0,0,0,0,0,0,0,0,0,0,0,0,0,0,0,0,0,0,0,0,0,0,0,0,0,0,0,0,"","","","","",""
3651,Ujjani Dam_1,Maharashtra SW,27,Maharashtra,496,Solapur,-,-,-,-,-,-,-,-,-,18.07402000,75.12002000,04-10-2025 23:00,0,0,0,0,0,0,0,0,0,0,0,0,0,0,0,0,0,0,0,0,0,0,0,0,0,0,0,0,0,0,0,0,0,0,0,0,0,0,0,0,0,0,0,0,"","","","","",""
3652,Ujjani Dam_1,Maharashtra SW,27,Maharashtra,496,Solapur,-,-,-,-,-,-,-,-,-,18.07402000,75.12002000,05-10-2025 00:00,0,0,0,0,0,0,0,0,0,0,0,0,0,0,0,0,0,0,0,0,0,0,0,0,0,0,0,0,0,0,0,0,0,0,0,0,0,0,0,0,0,0,0,0,"","","","","",""
3653,Ujjani Dam_1,Maharashtra SW,27,Maharashtra,496,Solapur,-,-,-,-,-,-,-,-,-,18.07402000,75.12002000,05-10-2025 01:00,0,0,0,0,0,0,0,0,0,0,0,0,0,0,0,0,0,0,0,0,0,0,0,0,0,0,0,0,0,0,0,0,0,0,0,0,0,0,0,0,0,0,0,0,"","","","","",""
3654,Ujjani Dam_1,Maharashtra SW,27,Maharashtra,496,Solapur,-,-,-,-,-,-,-,-,-,18.07402000,75.12002000,05-10-2025 02:00,0,0,0,0,0,0,0,0,0,0,0,0,0,0,0,0,0,0,0,0,0,0,0,0,0,0,0,0,0,0,0,0,0,0,0,0,0,0,0,0,0,0,0,0,"","","","","",""
3655,Ujjani Dam_1,Maharashtra SW,27,Maharashtra,496,Solapur,-,-,-,-,-,-,-,-,-,18.07402000,75.12002000,05-10-2025 03:00,0,0,0,0,0,0,0,0,0,0,0,0,0,0,0,0,0,0,0,0,0,0,0,0,0,0,0,0,0,0,0,0,0,0,0,0,0,0,0,0,0,0,0,0,"","","","","",""
3656,Ujjani Dam_1,Maharashtra SW,27,Maharashtra,496,Solapur,-,-,-,-,-,-,-,-,-,18.07402000,75.12002000,05-10-2025 04:00,0,0,0,0,0,0,0,0,0,0,0,0,0,0,0,0,0,0,0,0,0,0,0,0,0,0,0,0,0,0,0,0,0,0,0,0,0,0,0,0,0,0,0,0,"","","","","",""
3657,Ujjani Dam_1,Maharashtra SW,27,Maharashtra,496,Solapur,-,-,-,-,-,-,-,-,-,18.07402000,75.12002000,05-10-2025 05:00,0,0,0,0,0,0,0,0,0,0,0,0,0,0,0,0,0,0,0,0,0,0,0,0,0,0,0,0,0,0,0,0,0,0,0,0,0,0,0,0,0,0,0,0,"","","","","",""
3658,Ujjani Dam_1,Maharashtra SW,27,Maharashtra,496,Solapur,-,-,-,-,-,-,-,-,-,18.07402000,75.12002000,05-10-2025 07:00,0,0,0,0,0,0,0,0,0,0,0,0,0,0,0,0,0,0,0,0,0,0,0,0,0,0,0,0,0,0,0,0,0,0,0,0,0,0,0,0,0,0,0,0,"","","","","",""
3659,Ujjani Dam_1,Maharashtra SW,27,Maharashtra,496,Solapur,-,-,-,-,-,-,-,-,-,18.07402000,75.12002000,05-10-2025 08:00,0,0,0,0,0,0,0,0,0,0,0,0,0,0,0,0,0,0,0,0,0,0,0,0,0,0,0,0,0,0,0,0,0,0,0,0,0,0,0,0,0,0,0,0,"","","","","",""
3660,Ujjani Dam_1,Maharashtra SW,27,Maharashtra,496,Solapur,-,-,-,-,-,-,-,-,-,18.07402000,75.12002000,05-10-2025 09:00,0,0,0,0,0,0,0,0,0,0,0,0,0,0,0,0,0,0,0,0,0,0,0,0,0,0,0,0,0,0,0,0,0,0,0,0,0,0,0,0,0,0,0,0,"","","","","",""
3661,Ujjani Dam_1,Maharashtra SW,27,Maharashtra,496,Solapur,-,-,-,-,-,-,-,-,-,18.07402000,75.12002000,05-10-2025 10:00,0,0,0,0,0,0,0,0,0,0,0,0,0,0,0,0,0,0,0,0,0,0,0,0,0,0,0,0,0,0,0,0,0,0,0,0,0,0,0,0,0,0,0,0,"","","","","",""
3662,Ujjani Dam_1,Maharashtra SW,27,Maharashtra,496,Solapur,-,-,-,-,-,-,-,-,-,18.07402000,75.12002000,05-10-2025 11:00,0,0,0,0,0,0,0,0,0,0,0,0,0,0,0,0,0,0,0,0,0,0,0,0,0,0,0,0,0,0,0,0,0,0,0,0,0,0,0,0,0,0,0,0,"","","","","",""
3663,Ujjani Dam_1,Maharashtra SW,27,Maharashtra,496,Solapur,-,-,-,-,-,-,-,-,-,18.07402000,75.12002000,05-10-2025 12:00,0,0,0,0,0,0,0,0,0,0,0,0,0,0,0,0,0,0,0,0,0,0,0,0,0,0,0,0,0,0,0,0,0,0,0,0,0,0,0,0,0,0,0,0,"","","","","",""
3664,Ujjani Dam_1,Maharashtra SW,27,Maharashtra,496,Solapur,-,-,-,-,-,-,-,-,-,18.07402000,75.12002000,05-10-2025 13:00,0,0,0,0,0,0,0,0,0,0,0,0,0,0,0,0,0,0,0,0,0,0,0,0,0,0,0,0,0,0,0,0,0,0,0,0,0,0,0,0,0,0,0,0,"","","","","",""
3665,Ujjani Dam_1,Maharashtra SW,27,Maharashtra,496,Solapur,-,-,-,-,-,-,-,-,-,18.07402000,75.12002000,05-10-2025 15:00,0,0,0,0,0,0,0,0,0,0,0,0,0,0,0,0,0,0,0,0,0,0,0,0,0,0,0,0,0,0,0,0,0,0,0,0,0,0,0,0,0,0,0,0,"","","","","",""
3666,Ujjani Dam_1,Maharashtra SW,27,Maharashtra,496,Solapur,-,-,-,-,-,-,-,-,-,18.07402000,75.12002000,05-10-2025 16:00,0,0,0,0,0,0,0,0,0,0,0,0,0,0,0,0,0,0,0,0,0,0,0,0,0,0,0,0,0,0,0,0,0,0,0,0,0,0,0,0,0,0,0,0,"","","","","",""
3667,Ujjani Dam_1,Maharashtra SW,27,Maharashtra,496,Solapur,-,-,-,-,-,-,-,-,-,18.07402000,75.12002000,05-10-2025 17:00,0,0,0,0,0,0,0,0,0,0,0,0,0,0,0,0,0,0,0,0,0,0,0,0,0,0,0,0,0,0,0,0,0,0,0,0,0,0,0,0,0,0,0,0,"","","","","",""
3668,Ujjani Dam_1,Maharashtra SW,27,Maharashtra,496,Solapur,-,-,-,-,-,-,-,-,-,18.07402000,75.12002000,05-10-2025 18:00,0,0,0,0,0,0,851.08,851.08,851.08,851.08,0,0,0,0,0,851.08,0,0,0,0,0,0,0,0,0,0,0,0,0,0,0,0,0,0,0,0,0,0,0,0,0,0,0,0,"","","","","",""
3669,Ujjani Dam_1,Maharashtra SW,27,Maharashtra,496,Solapur,-,-,-,-,-,-,-,-,-,18.07402000,75.12002000,05-10-2025 19:00,852.5,0,0,0,0,0,852.5,852.5,852.5,852.5,0,0,0,0,0,852.5,0,0,0,0,0,0,0,0,0,0,0,0,0,0,0,0,0,0,0,0,0,0,0,0,0,0,0,0,"","","","","",""
3670,Ujjani Dam_1,Maharashtra SW,27,Maharashtra,496,Solapur,-,-,-,-,-,-,-,-,-,18.07402000,75.12002000,05-10-2025 21:00,716.89,0,716.89,716.89,716.89,716.89,716.89,716.89,716.89,716.89,716.89,716.89,716.89,716.89,0,716.89,0,0,0,0,0,0,0,0,0,0,0,0,0,0,0,0,0,0,0,0,0,0,0,0,0,0,0,0,"","","","","",""
3671,Ujjani Dam_1,Maharashtra SW,27,Maharashtra,496,Solapur,-,-,-,-,-,-,-,-,-,18.07402000,75.12002000,05-10-2025 22:00,716.89,0,716.89,716.89,716.89,716.89,716.89,716.89,716.89,716.89,716.89,716.89,716.89,716.89,0,716.89,0,0,0,0,0,0,0,0,0,0,0,0,0,0,0,0,0,0,0,0,0,0,0,0,0,0,0,0,"","","","","",""
3672,Ujjani Dam_1,Maharashtra SW,27,Maharashtra,496,Solapur,-,-,-,-,-,-,-,-,-,18.07402000,75.12002000,05-10-2025 23:00,1255.44,1255.44,1255.44,1255.44,1255.44,1255.44,1255.44,1255.44,1255.44,1255.44,1255.44,1255.44,1255.44,1255.44,1255.44,1255.44,0,0,0,0,0,0,0,0,0,0,0,0,0,0,0,0,0,0,0,0,0,0,0,0,0,0,0,0,"","","","","",""
3673,Ujjani Dam_1,Maharashtra SW,27,Maharashtra,496,Solapur,-,-,-,-,-,-,-,-,-,18.07402000,75.12002000,06-10-2025 00:00,1254.38,1254.38,1254.38,1254.38,1254.38,1254.38,1254.38,1254.38,1254.38,1254.38,1254.38,1254.38,1254.38,1254.38,1254.38,1254.38,0,0,0,0,0,0,0,0,0,0,0,0,0,0,0,0,0,0,0,0,0,0,0,0,0,0,0,0,"","","","","",""
3674,Ujjani Dam_1,Maharashtra SW,27,Maharashtra,496,Solapur,-,-,-,-,-,-,-,-,-,18.07402000,75.12002000,06-10-2025 01:00,1254.38,1254.38,1254.38,1254.38,1254.38,1254.38,1254.38,1254.38,1254.38,1254.38,1254.38,1254.38,1254.38,1254.38,1254.38,1254.38,0,0,0,0,0,0,0,0,0,0,0,0,0,0,0,0,0,0,0,0,0,0,0,0,0,0,0,0,"","","","","",""
3675,Ujjani Dam_1,Maharashtra SW,27,Maharashtra,496,Solapur,-,-,-,-,-,-,-,-,-,18.07402000,75.12002000,06-10-2025 02:00,1254.38,1254.38,1254.38,1254.38,1254.38,1254.38,1254.38,1254.38,1254.38,1254.38,1254.38,1254.38,1254.38,1254.38,1254.38,1254.38,0,0,0,0,0,0,0,0,0,0,0,0,0,0,0,0,0,0,0,0,0,0,0,0,0,0,0,0,"","","","","",""
3676,Ujjani Dam_1,Maharashtra SW,27,Maharashtra,496,Solapur,-,-,-,-,-,-,-,-,-,18.07402000,75.12002000,06-10-2025 03:00,1916.53,1916.53,1916.53,1916.53,1916.53,1916.53,1916.53,1916.53,1916.53,1916.53,1916.53,1916.53,1916.53,1916.53,1916.53,1916.53,0,0,0,0,0,0,0,0,0,0,0,0,0,0,0,0,0,0,0,0,0,0,0,0,0,0,0,0,"","","","","",""
3677,Ujjani Dam_1,Maharashtra SW,27,Maharashtra,496,Solapur,-,-,-,-,-,-,-,-,-,18.07402000,75.12002000,06-10-2025 05:00,1913.35,1913.35,1913.35,1913.35,1913.35,1913.35,1913.35,1913.35,1913.35,1913.35,1913.35,1913.35,1913.35,1913.35,1913.35,1913.35,0,0,0,0,0,0,0,0,0,0,0,0,0,0,0,0,0,0,0,0,0,0,0,0,0,0,0,0,"","","","","",""
3678,Ujjani Dam_1,Maharashtra SW,27,Maharashtra,496,Solapur,-,-,-,-,-,-,-,-,-,18.07402000,75.12002000,06-10-2025 06:00,1913.35,1913.35,1913.35,1913.35,1913.35,1913.35,1913.35,1913.35,1913.35,1913.35,1913.35,1913.35,1913.35,1913.35,1913.35,1913.35,0,0,0,0,0,0,0,0,0,0,0,0,0,0,0,0,0,0,0,0,0,0,0,0,0,0,0,0,"","","","","",""
3679,Ujjani Dam_1,Maharashtra SW,27,Maharashtra,496,Solapur,-,-,-,-,-,-,-,-,-,18.07402000,75.12002000,06-10-2025 07:00,1913.35,1913.35,1913.35,1913.35,1913.35,1913.35,1913.35,1913.35,1913.35,1913.35,1913.35,1913.35,1913.35,1913.35,1913.35,1913.35,0,0,0,0,0,0,0,0,0,0,0,0,0,0,0,0,0,0,0,0,0,0,0,0,0,0,0,0,"","","","","",""
3680,Ujjani Dam_1,Maharashtra SW,27,Maharashtra,496,Solapur,-,-,-,-,-,-,-,-,-,18.07402000,75.12002000,06-10-2025 08:00,1913.35,1913.35,1913.35,1913.35,1913.35,1913.35,1913.35,1913.35,1913.35,1913.35,1913.35,1913.35,1913.35,1913.35,1913.35,1913.35,0,0,0,0,0,0,0,0,0,0,0,0,0,0,0,0,0,0,0,0,0,0,0,0,0,0,0,0,"","","","","",""
3681,Ujjani Dam_1,Maharashtra SW,27,Maharashtra,496,Solapur,-,-,-,-,-,-,-,-,-,18.07402000,75.12002000,06-10-2025 09:00,1911.58,1911.58,1911.58,1911.58,1911.58,1911.58,1911.58,1911.58,1911.58,1911.58,1911.58,1911.58,1911.58,1911.58,1911.58,1911.58,0,0,0,0,0,0,0,0,0,0,0,0,0,0,0,0,0,0,0,0,0,0,0,0,0,0,0,0,"","","","","",""
3682,Ujjani Dam_1,Maharashtra SW,27,Maharashtra,496,Solapur,-,-,-,-,-,-,-,-,-,18.07402000,75.12002000,06-10-2025 10:00,1911.58,1911.58,1911.58,1911.58,1911.58,1911.58,1911.58,1911.58,1911.58,1911.58,1911.58,1911.58,1911.58,1911.58,1911.58,1911.58,0,0,0,0,0,0,0,0,0,0,0,0,0,0,0,0,0,0,0,0,0,0,0,0,0,0,0,0,"","","","","",""
3683,Ujjani Dam_1,Maharashtra SW,27,Maharashtra,496,Solapur,-,-,-,-,-,-,-,-,-,18.07402000,75.12002000,06-10-2025 11:00,1581.74,1581.74,1581.74,1581.74,1581.74,1581.74,1581.74,1581.74,1581.74,1581.74,1581.74,1581.74,1581.74,1581.74,1581.74,1581.74,0,0,0,0,0,0,0,0,0,0,0,0,0,0,0,0,0,0,0,0,0,0,0,0,0,0,0,0,"","","","","",""
3684,Ujjani Dam_1,Maharashtra SW,27,Maharashtra,496,Solapur,-,-,-,-,-,-,-,-,-,18.07402000,75.12002000,06-10-2025 12:00,1580.33,1580.33,1580.33,1580.33,1580.33,1580.33,1580.33,1580.33,1580.33,1580.33,1580.33,1580.33,1580.33,1580.33,1580.33,1580.33,0,0,0,0,0,0,0,0,0,0,0,0,0,0,0,0,0,0,0,0,0,0,0,0,0,0,0,0,"","","","","",""
3685,Ujjani Dam_1,Maharashtra SW,27,Maharashtra,496,Solapur,-,-,-,-,-,-,-,-,-,18.07402000,75.12002000,06-10-2025 14:00,1249.43,1249.43,1249.43,1249.43,1249.43,1249.43,1249.43,1249.43,1249.43,1249.43,1249.43,1249.43,1249.43,1249.43,1249.43,1249.43,0,0,0,0,0,0,0,0,0,0,0,0,0,0,0,0,0,0,0,0,0,0,0,0,0,0,0,0,"","","","","",""
3686,Ujjani Dam_1,Maharashtra SW,27,Maharashtra,496,Solapur,-,-,-,-,-,-,-,-,-,18.07402000,75.12002000,06-10-2025 16:00,1249.43,1249.43,1249.43,1249.43,1249.43,1249.43,1249.43,1249.43,1249.43,1249.43,1249.43,1249.43,1249.43,1249.43,1249.43,1249.43,0,0,0,0,0,0,0,0,0,0,0,0,0,0,0,0,0,0,0,0,0,0,0,0,0,0,0,0,"","","","","",""
3687,Ujjani Dam_1,Maharashtra SW,27,Maharashtra,496,Solapur,-,-,-,-,-,-,-,-,-,18.07402000,75.12002000,06-10-2025 17:00,915.71,915.71,915.71,915.71,915.71,915.71,915.71,915.71,915.71,915.71,915.71,915.71,915.71,915.71,915.71,915.71,0,0,0,0,0,0,0,0,0,0,0,0,0,0,0,0,0,0,0,0,0,0,0,0,0,0,0,0,"","","","","",""
3688,Ujjani Dam_1,Maharashtra SW,27,Maharashtra,496,Solapur,-,-,-,-,-,-,-,-,-,18.07402000,75.12002000,06-10-2025 18:00,915,915,915,915,915,915,915,915,915,915,915,915,915,915,915,915,0,0,0,0,0,0,0,0,0,0,0,0,0,0,0,0,0,0,0,0,0,0,0,0,0,0,0,0,"","","","","",""
3689,Ujjani Dam_1,Maharashtra SW,27,Maharashtra,496,Solapur,-,-,-,-,-,-,-,-,-,18.07402000,75.12002000,06-10-2025 19:00,915,915,915,915,915,915,915,915,915,915,915,915,915,915,915,915,0,0,0,0,0,0,0,0,0,0,0,0,0,0,0,0,0,0,0,0,0,0,0,0,0,0,0,0,"","","","","",""
3690,Ujjani Dam_1,Maharashtra SW,27,Maharashtra,496,Solapur,-,-,-,-,-,-,-,-,-,18.07402000,75.12002000,06-10-2025 21:00,714.06,0,714.06,714.06,714.06,714.06,714.06,714.06,714.06,714.06,714.06,714.06,714.06,714.06,0,714.06,0,0,0,0,0,0,0,0,0,0,0,0,0,0,0,0,0,0,0,0,0,0,0,0,0,0,0,0,"","","","","",""
3691,Ujjani Dam_1,Maharashtra SW,27,Maharashtra,496,Solapur,-,-,-,-,-,-,-,-,-,18.07402000,75.12002000,06-10-2025 22:00,714.06,0,714.06,714.06,714.06,714.06,714.06,714.06,714.06,714.06,714.06,714.06,714.06,714.06,0,714.06,0,0,0,0,0,0,0,0,0,0,0,0,0,0,0,0,0,0,0,0,0,0,0,0,0,0,0,0,"","","","","",""
3692,Ujjani Dam_1,Maharashtra SW,27,Maharashtra,496,Solapur,-,-,-,-,-,-,-,-,-,18.07402000,75.12002000,06-10-2025 23:00,714.06,0,714.06,714.06,714.06,714.06,714.06,714.06,714.06,714.06,714.06,714.06,714.06,714.06,0,714.06,0,0,0,0,0,0,0,0,0,0,0,0,0,0,0,0,0,0,0,0,0,0,0,0,0,0,0,0,"","","","","",""
3693,Ujjani Dam_1,Maharashtra SW,27,Maharashtra,496,Solapur,-,-,-,-,-,-,-,-,-,18.07402000,75.12002000,07-10-2025 00:00,714.06,0,714.06,714.06,714.06,714.06,714.06,714.06,714.06,714.06,714.06,714.06,714.06,714.06,0,714.06,0,0,0,0,0,0,0,0,0,0,0,0,0,0,0,0,0,0,0,0,0,0,0,0,0,0,0,0,"","","","","",""
3694,Ujjani Dam_1,Maharashtra SW,27,Maharashtra,496,Solapur,-,-,-,-,-,-,-,-,-,18.07402000,75.12002000,07-10-2025 01:00,713.36,0,713.36,713.36,713.36,713.36,713.36,713.36,713.36,713.36,713.36,713.36,713.36,713.36,0,713.36,0,0,0,0,0,0,0,0,0,0,0,0,0,0,0,0,0,0,0,0,0,0,0,0,0,0,0,0,"","","","","",""
3695,Ujjani Dam_1,Maharashtra SW,27,Maharashtra,496,Solapur,-,-,-,-,-,-,-,-,-,18.07402000,75.12002000,07-10-2025 02:00,713.36,0,713.36,713.36,713.36,713.36,713.36,713.36,713.36,713.36,713.36,713.36,713.36,713.36,0,713.36,0,0,0,0,0,0,0,0,0,0,0,0,0,0,0,0,0,0,0,0,0,0,0,0,0,0,0,0,"","","","","",""
3696,Ujjani Dam_1,Maharashtra SW,27,Maharashtra,496,Solapur,-,-,-,-,-,-,-,-,-,18.07402000,75.12002000,07-10-2025 03:00,713.36,0,713.36,713.36,713.36,713.36,713.36,713.36,713.36,713.36,713.36,713.36,713.36,713.36,0,713.36,0,0,0,0,0,0,0,0,0,0,0,0,0,0,0,0,0,0,0,0,0,0,0,0,0,0,0,0,"","","","","",""
3697,Ujjani Dam_1,Maharashtra SW,27,Maharashtra,496,Solapur,-,-,-,-,-,-,-,-,-,18.07402000,75.12002000,07-10-2025 05:00,713.36,0,713.36,713.36,713.36,713.36,713.36,713.36,713.36,713.36,713.36,713.36,713.36,713.36,0,713.36,0,0,0,0,0,0,0,0,0,0,0,0,0,0,0,0,0,0,0,0,0,0,0,0,0,0,0,0,"","","","","",""
3698,Ujjani Dam_1,Maharashtra SW,27,Maharashtra,496,Solapur,-,-,-,-,-,-,-,-,-,18.07402000,75.12002000,07-10-2025 06:00,714.06,0,714.06,714.06,714.06,714.06,714.06,714.06,714.06,714.06,714.06,714.06,714.06,714.06,0,714.06,0,0,0,0,0,0,0,0,0,0,0,0,0,0,0,0,0,0,0,0,0,0,0,0,0,0,0,0,"","","","","",""
3699,Ujjani Dam_1,Maharashtra SW,27,Maharashtra,496,Solapur,-,-,-,-,-,-,-,-,-,18.07402000,75.12002000,07-10-2025 07:00,713.36,0,713.36,713.36,713.36,713.36,713.36,713.36,713.36,713.36,713.36,713.36,713.36,713.36,0,713.36,0,0,0,0,0,0,0,0,0,0,0,0,0,0,0,0,0,0,0,0,0,0,0,0,0,0,0,0,"","","","","",""
3700,Ujjani Dam_1,Maharashtra SW,27,Maharashtra,496,Solapur,-,-,-,-,-,-,-,-,-,18.07402000,75.12002000,07-10-2025 08:00,714.06,0,714.06,714.06,714.06,714.06,714.06,714.06,714.06,714.06,714.06,714.06,714.06,714.06,0,714.06,0,0,0,0,0,0,0,0,0,0,0,0,0,0,0,0,0,0,0,0,0,0,0,0,0,0,0,0,"","","","","",""
3701,Ujjani Dam_1,Maharashtra SW,27,Maharashtra,496,Solapur,-,-,-,-,-,-,-,-,-,18.07402000,75.12002000,07-10-2025 09:00,714.06,0,714.06,714.06,714.06,714.06,714.06,714.06,714.06,714.06,714.06,714.06,714.06,714.06,0,714.06,0,0,0,0,0,0,0,0,0,0,0,0,0,0,0,0,0,0,0,0,0,0,0,0,0,0,0,0,"","","","","",""
3702,Ujjani Dam_1,Maharashtra SW,27,Maharashtra,496,Solapur,-,-,-,-,-,-,-,-,-,18.07402000,75.12002000,07-10-2025 10:00,714.42,0,714.42,714.42,714.42,714.42,714.42,714.42,714.42,714.42,714.42,714.42,714.42,714.42,0,714.42,0,0,0,0,0,0,0,0,0,0,0,0,0,0,0,0,0,0,0,0,0,0,0,0,0,0,0,0,"","","","","",""
3703,Ujjani Dam_1,Maharashtra SW,27,Maharashtra,496,Solapur,-,-,-,-,-,-,-,-,-,18.07402000,75.12002000,07-10-2025 12:00,714.42,0,714.42,714.42,714.42,714.42,714.42,714.42,714.42,714.42,714.42,714.42,714.42,714.42,0,714.42,0,0,0,0,0,0,0,0,0,0,0,0,0,0,0,0,0,0,0,0,0,0,0,0,0,0,0,0,"","","","","",""
3704,Ujjani Dam_1,Maharashtra SW,27,Maharashtra,496,Solapur,-,-,-,-,-,-,-,-,-,18.07402000,75.12002000,07-10-2025 13:00,714.06,0,714.06,714.06,714.06,714.06,714.06,714.06,714.06,714.06,714.06,714.06,714.06,714.06,0,714.06,0,0,0,0,0,0,0,0,0,0,0,0,0,0,0,0,0,0,0,0,0,0,0,0,0,0,0,0,"","","","","",""
3705,Ujjani Dam_1,Maharashtra SW,27,Maharashtra,496,Solapur,-,-,-,-,-,-,-,-,-,18.07402000,75.12002000,07-10-2025 14:00,714.06,0,714.06,714.06,714.06,714.06,714.06,714.06,714.06,714.06,714.06,714.06,714.06,714.06,0,714.06,0,0,0,0,0,0,0,0,0,0,0,0,0,0,0,0,0,0,0,0,0,0,0,0,0,0,0,0,"","","","","",""
3706,Ujjani Dam_1,Maharashtra SW,27,Maharashtra,496,Solapur,-,-,-,-,-,-,-,-,-,18.07402000,75.12002000,07-10-2025 15:00,714.06,0,714.06,714.06,714.06,714.06,714.06,714.06,714.06,714.06,714.06,714.06,714.06,714.06,0,714.06,0,0,0,0,0,0,0,0,0,0,0,0,0,0,0,0,0,0,0,0,0,0,0,0,0,0,0,0,"","","","","",""
3707,Ujjani Dam_1,Maharashtra SW,27,Maharashtra,496,Solapur,-,-,-,-,-,-,-,-,-,18.07402000,75.12002000,07-10-2025 16:00,714.42,0,714.42,714.42,714.42,714.42,714.42,714.42,714.42,714.42,714.42,714.42,714.42,714.42,0,714.42,0,0,0,0,0,0,0,0,0,0,0,0,0,0,0,0,0,0,0,0,0,0,0,0,0,0,0,0,"","","","","",""
3708,Ujjani Dam_1,Maharashtra SW,27,Maharashtra,496,Solapur,-,-,-,-,-,-,-,-,-,18.07402000,75.12002000,07-10-2025 17:00,714.42,0,714.42,714.42,714.42,714.42,714.42,714.42,714.42,714.42,714.42,714.42,714.42,714.42,0,714.42,0,0,0,0,0,0,0,0,0,0,0,0,0,0,0,0,0,0,0,0,0,0,0,0,0,0,0,0,"","","","","",""
3709,Ujjani Dam_1,Maharashtra SW,27,Maharashtra,496,Solapur,-,-,-,-,-,-,-,-,-,18.07402000,75.12002000,07-10-2025 19:00,714.42,0,714.42,714.42,714.42,714.42,714.42,714.42,714.42,714.42,714.42,714.42,714.42,714.42,0,714.42,0,0,0,0,0,0,0,0,0,0,0,0,0,0,0,0,0,0,0,0,0,0,0,0,0,0,0,0,"","","","","",""
3710,Ujjani Dam_1,Maharashtra SW,27,Maharashtra,496,Solapur,-,-,-,-,-,-,-,-,-,18.07402000,75.12002000,07-10-2025 20:00,714.42,0,714.42,714.42,714.42,714.42,714.42,714.42,714.42,714.42,714.42,714.42,714.42,714.42,0,714.42,0,0,0,0,0,0,0,0,0,0,0,0,0,0,0,0,0,0,0,0,0,0,0,0,0,0,0,0,"","","","","",""
3711,Ujjani Dam_1,Maharashtra SW,27,Maharashtra,496,Solapur,-,-,-,-,-,-,-,-,-,18.07402000,75.12002000,07-10-2025 21:00,714.42,0,714.42,714.42,714.42,714.42,714.42,714.42,714.42,714.42,714.42,714.42,714.42,714.42,0,714.42,0,0,0,0,0,0,0,0,0,0,0,0,0,0,0,0,0,0,0,0,0,0,0,0,0,0,0,0,"","","","","",""
3712,Ujjani Dam_1,Maharashtra SW,27,Maharashtra,496,Solapur,-,-,-,-,-,-,-,-,-,18.07402000,75.12002000,07-10-2025 22:00,714.42,0,714.42,714.42,714.42,714.42,714.42,714.42,714.42,714.42,714.42,714.42,714.42,714.42,0,714.42,0,0,0,0,0,0,0,0,0,0,0,0,0,0,0,0,0,0,0,0,0,0,0,0,0,0,0,0,"","","","","",""
3713,Ujjani Dam_1,Maharashtra SW,27,Maharashtra,496,Solapur,-,-,-,-,-,-,-,-,-,18.07402000,75.12002000,07-10-2025 23:00,714.42,0,714.42,714.42,714.42,714.42,714.42,714.42,714.42,714.42,714.42,714.42,714.42,714.42,0,714.42,0,0,0,0,0,0,0,0,0,0,0,0,0,0,0,0,0,0,0,0,0,0,0,0,0,0,0,0,"","","","","",""
3714,Ujjani Dam_1,Maharashtra SW,27,Maharashtra,496,Solapur,-,-,-,-,-,-,-,-,-,18.07402000,75.12002000,08-10-2025 00:00,715.12,0,715.12,715.12,715.12,715.12,715.12,715.12,715.12,715.12,715.12,715.12,715.12,715.12,0,715.12,0,0,0,0,0,0,0,0,0,0,0,0,0,0,0,0,0,0,0,0,0,0,0,0,0,0,0,0,"","","","","",""
3715,Ujjani Dam_1,Maharashtra SW,27,Maharashtra,496,Solapur,-,-,-,-,-,-,-,-,-,18.07402000,75.12002000,08-10-2025 01:00,715.12,0,715.12,715.12,715.12,715.12,715.12,715.12,715.12,715.12,715.12,715.12,715.12,715.12,0,715.12,0,0,0,0,0,0,0,0,0,0,0,0,0,0,0,0,0,0,0,0,0,0,0,0,0,0,0,0,"","","","","",""
3716,Ujjani Dam_1,Maharashtra SW,27,Maharashtra,496,Solapur,-,-,-,-,-,-,-,-,-,18.07402000,75.12002000,08-10-2025 02:00,714.42,0,714.42,714.42,714.42,714.42,714.42,714.42,714.42,714.42,714.42,714.42,714.42,714.42,0,714.42,0,0,0,0,0,0,0,0,0,0,0,0,0,0,0,0,0,0,0,0,0,0,0,0,0,0,0,0,"","","","","",""
3717,Ujjani Dam_1,Maharashtra SW,27,Maharashtra,496,Solapur,-,-,-,-,-,-,-,-,-,18.07402000,75.12002000,08-10-2025 04:00,714.42,0,714.42,714.42,714.42,714.42,714.42,714.42,714.42,714.42,714.42,714.42,714.42,714.42,0,714.42,0,0,0,0,0,0,0,0,0,0,0,0,0,0,0,0,0,0,0,0,0,0,0,0,0,0,0,0,"","","","","",""
3718,Ujjani Dam_1,Maharashtra SW,27,Maharashtra,496,Solapur,-,-,-,-,-,-,-,-,-,18.07402000,75.12002000,08-10-2025 05:00,714.42,0,714.42,714.42,714.42,714.42,714.42,714.42,714.42,714.42,714.42,714.42,714.42,714.42,0,714.42,0,0,0,0,0,0,0,0,0,0,0,0,0,0,0,0,0,0,0,0,0,0,0,0,0,0,0,0,"","","","","",""
3719,Ujjani Dam_1,Maharashtra SW,27,Maharashtra,496,Solapur,-,-,-,-,-,-,-,-,-,18.07402000,75.12002000,08-10-2025 06:00,849.32,0,0,0,0,0,849.32,849.32,849.32,849.32,0,0,0,0,0,849.32,0,0,0,0,0,0,0,0,0,0,0,0,0,0,0,0,0,0,0,0,0,0,0,0,0,0,0,0,"","","","","",""
3720,Ujjani Dam_1,Maharashtra SW,27,Maharashtra,496,Solapur,-,-,-,-,-,-,-,-,-,18.07402000,75.12002000,08-10-2025 07:00,849.32,0,0,0,0,0,849.32,849.32,849.32,849.32,0,0,0,0,0,849.32,0,0,0,0,0,0,0,0,0,0,0,0,0,0,0,0,0,0,0,0,0,0,0,0,0,0,0,0,"","","","","",""
3721,Ujjani Dam_1,Maharashtra SW,27,Maharashtra,496,Solapur,-,-,-,-,-,-,-,-,-,18.07402000,75.12002000,08-10-2025 09:00,0,0,0,0,0,0,0,0,0,0,0,0,0,0,0,0,0,0,0,0,0,0,0,0,0,0,0,0,0,0,0,0,0,0,0,0,0,0,0,0,0,0,0,0,"","","","","",""
3722,Ujjani Dam_1,Maharashtra SW,27,Maharashtra,496,Solapur,-,-,-,-,-,-,-,-,-,18.07402000,75.12002000,08-10-2025 10:00,0,0,0,0,0,0,0,0,0,0,0,0,0,0,0,0,0,0,0,0,0,0,0,0,0,0,0,0,0,0,0,0,0,0,0,0,0,0,0,0,0,0,0,0,"","","","","",""
3723,Ujjani Dam_1,Maharashtra SW,27,Maharashtra,496,Solapur,-,-,-,-,-,-,-,-,-,18.07402000,75.12002000,08-10-2025 11:00,0,0,0,0,0,0,0,0,0,0,0,0,0,0,0,0,0,0,0,0,0,0,0,0,0,0,0,0,0,0,0,0,0,0,0,0,0,0,0,0,0,0,0,0,"","","","","",""
3724,Ujjani Dam_1,Maharashtra SW,27,Maharashtra,496,Solapur,-,-,-,-,-,-,-,-,-,18.07402000,75.12002000,08-10-2025 12:00,0,0,0,0,0,0,0,0,0,0,0,0,0,0,0,0,0,0,0,0,0,0,0,0,0,0,0,0,0,0,0,0,0,0,0,0,0,0,0,0,0,0,0,0,"","","","","",""
3725,Ujjani Dam_1,Maharashtra SW,27,Maharashtra,496,Solapur,-,-,-,-,-,-,-,-,-,18.07402000,75.12002000,08-10-2025 13:00,0,0,0,0,0,0,0,0,0,0,0,0,0,0,0,0,0,0,0,0,0,0,0,0,0,0,0,0,0,0,0,0,0,0,0,0,0,0,0,0,0,0,0,0,"","","","","",""
3726,Ujjani Dam_1,Maharashtra SW,27,Maharashtra,496,Solapur,-,-,-,-,-,-,-,-,-,18.07402000,75.12002000,08-10-2025 14:00,0,0,0,0,0,0,0,0,0,0,0,0,0,0,0,0,0,0,0,0,0,0,0,0,0,0,0,0,0,0,0,0,0,0,0,0,0,0,0,0,0,0,0,0,"","","","","",""
3727,Ujjani Dam_1,Maharashtra SW,27,Maharashtra,496,Solapur,-,-,-,-,-,-,-,-,-,18.07402000,75.12002000,08-10-2025 15:00,0,0,0,0,0,0,0,0,0,0,0,0,0,0,0,0,0,0,0,0,0,0,0,0,0,0,0,0,0,0,0,0,0,0,0,0,0,0,0,0,0,0,0,0,"","","","","",""
3728,Ujjani Dam_1,Maharashtra SW,27,Maharashtra,496,Solapur,-,-,-,-,-,-,-,-,-,18.07402000,75.12002000,08-10-2025 16:00,0,0,0,0,0,0,0,0,0,0,0,0,0,0,0,0,0,0,0,0,0,0,0,0,0,0,0,0,0,0,0,0,0,0,0,0,0,0,0,0,0,0,0,0,"","","","","",""
3729,Ujjani Dam_1,Maharashtra SW,27,Maharashtra,496,Solapur,-,-,-,-,-,-,-,-,-,18.07402000,75.12002000,08-10-2025 18:00,0,0,0,0,0,0,0,0,0,0,0,0,0,0,0,0,0,0,0,0,0,0,0,0,0,0,0,0,0,0,0,0,0,0,0,0,0,0,0,0,0,0,0,0,"","","","","",""
3730,Ujjani Dam_1,Maharashtra SW,27,Maharashtra,496,Solapur,-,-,-,-,-,-,-,-,-,18.07402000,75.12002000,08-10-2025 19:00,0,0,0,0,0,0,0,0,0,0,0,0,0,0,0,0,0,0,0,0,0,0,0,0,0,0,0,0,0,0,0,0,0,0,0,0,0,0,0,0,0,0,0,0,"","","","","",""
3731,Ujjani Dam_1,Maharashtra SW,27,Maharashtra,496,Solapur,-,-,-,-,-,-,-,-,-,18.07402000,75.12002000,08-10-2025 20:00,0,0,0,0,0,0,0,0,0,0,0,0,0,0,0,0,0,0,0,0,0,0,0,0,0,0,0,0,0,0,0,0,0,0,0,0,0,0,0,0,0,0,0,0,"","","","","",""
3732,Ujjani Dam_1,Maharashtra SW,27,Maharashtra,496,Solapur,-,-,-,-,-,-,-,-,-,18.07402000,75.12002000,08-10-2025 21:00,0,0,0,0,0,0,0,0,0,0,0,0,0,0,0,0,0,0,0,0,0,0,0,0,0,0,0,0,0,0,0,0,0,0,0,0,0,0,0,0,0,0,0,0,"","","","","",""
3733,Ujjani Dam_1,Maharashtra SW,27,Maharashtra,496,Solapur,-,-,-,-,-,-,-,-,-,18.07402000,75.12002000,08-10-2025 22:00,0,0,0,0,0,0,0,0,0,0,0,0,0,0,0,0,0,0,0,0,0,0,0,0,0,0,0,0,0,0,0,0,0,0,0,0,0,0,0,0,0,0,0,0,"","","","","",""
3734,Ujjani Dam_1,Maharashtra SW,27,Maharashtra,496,Solapur,-,-,-,-,-,-,-,-,-,18.07402000,75.12002000,08-10-2025 23:00,0,0,0,0,0,0,0,0,0,0,0,0,0,0,0,0,0,0,0,0,0,0,0,0,0,0,0,0,0,0,0,0,0,0,0,0,0,0,0,0,0,0,0,0,"","","","","",""
3735,Ujjani Dam_1,Maharashtra SW,27,Maharashtra,496,Solapur,-,-,-,-,-,-,-,-,-,18.07402000,75.12002000,09-10-2025 01:00,0,0,0,0,0,0,0,0,0,0,0,0,0,0,0,0,0,0,0,0,0,0,0,0,0,0,0,0,0,0,0,0,0,0,0,0,0,0,0,0,0,0,0,0,"","","","","",""
3736,Ujjani Dam_1,Maharashtra SW,27,Maharashtra,496,Solapur,-,-,-,-,-,-,-,-,-,18.07402000,75.12002000,09-10-2025 02:00,0,0,0,0,0,0,0,0,0,0,0,0,0,0,0,0,0,0,0,0,0,0,0,0,0,0,0,0,0,0,0,0,0,0,0,0,0,0,0,0,0,0,0,0,"","","","","",""
3737,Ujjani Dam_1,Maharashtra SW,27,Maharashtra,496,Solapur,-,-,-,-,-,-,-,-,-,18.07402000,75.12002000,09-10-2025 03:00,785.4,0,0,0,0,0,0,785.4,785.4,0,0,0,0,0,0,785.4,0,0,0,0,0,0,0,0,0,0,0,0,0,0,0,0,0,0,0,0,0,0,0,0,0,0,0,0,"","","","","",""
3738,Ujjani Dam_1,Maharashtra SW,27,Maharashtra,496,Solapur,-,-,-,-,-,-,-,-,-,18.07402000,75.12002000,09-10-2025 04:00,784.34,0,0,0,0,0,0,784.34,784.34,0,0,0,0,0,0,784.34,0,0,0,0,0,0,0,0,0,0,0,0,0,0,0,0,0,0,0,0,0,0,0,0,0,0,0,0,"","","","","",""
3739,Ujjani Dam_1,Maharashtra SW,27,Maharashtra,496,Solapur,-,-,-,-,-,-,-,-,-,18.07402000,75.12002000,09-10-2025 05:00,785.4,0,0,0,0,0,0,785.4,785.4,0,0,0,0,0,0,785.4,0,0,0,0,0,0,0,0,0,0,0,0,0,0,0,0,0,0,0,0,0,0,0,0,0,0,0,0,"","","","","",""
3740,Ujjani Dam_1,Maharashtra SW,27,Maharashtra,496,Solapur,-,-,-,-,-,-,-,-,-,18.07402000,75.12002000,09-10-2025 06:00,785.05,0,0,0,0,0,0,785.05,785.05,0,0,0,0,0,0,785.05,0,0,0,0,0,0,0,0,0,0,0,0,0,0,0,0,0,0,0,0,0,0,0,0,0,0,0,0,"","","","","",""
3741,Ujjani Dam_1,Maharashtra SW,27,Maharashtra,496,Solapur,-,-,-,-,-,-,-,-,-,18.07402000,75.12002000,09-10-2025 07:00,785.05,0,0,0,0,0,0,785.05,785.05,0,0,0,0,0,0,785.05,0,0,0,0,0,0,0,0,0,0,0,0,0,0,0,0,0,0,0,0,0,0,0,0,0,0,0,0,"","","","","",""
3742,Ujjani Dam_1,Maharashtra SW,27,Maharashtra,496,Solapur,-,-,-,-,-,-,-,-,-,18.07402000,75.12002000,09-10-2025 09:00,785.4,0,0,0,785.4,785.4,785.4,785.4,785.4,785.4,785.4,785.4,0,0,0,785.4,0,0,0,0,0,0,0,0,0,0,0,0,0,0,0,0,0,0,0,0,0,0,0,0,0,0,0,0,"","","","","",""
3743,Ujjani Dam_1,Maharashtra SW,27,Maharashtra,496,Solapur,-,-,-,-,-,-,-,-,-,18.07402000,75.12002000,09-10-2025 10:00,786.1,0,0,0,786.1,786.1,786.1,786.1,786.1,786.1,786.1,786.1,0,0,0,786.1,0,0,0,0,0,0,0,0,0,0,0,0,0,0,0,0,0,0,0,0,0,0,0,0,0,0,0,0,"","","","","",""
3744,Ujjani Dam_1,Maharashtra SW,27,Maharashtra,496,Solapur,-,-,-,-,-,-,-,-,-,18.07402000,75.12002000,09-10-2025 11:00,786.1,0,0,0,786.1,786.1,786.1,786.1,786.1,786.1,786.1,786.1,0,0,0,786.1,0,0,0,0,0,0,0,0,0,0,0,0,0,0,0,0,0,0,0,0,0,0,0,0,0,0,0,0,"","","","","",""
3745,Ujjani Dam_1,Maharashtra SW,27,Maharashtra,496,Solapur,-,-,-,-,-,-,-,-,-,18.07402000,75.12002000,09-10-2025 12:00,786.1,0,0,0,786.1,786.1,786.1,786.1,786.1,786.1,786.1,786.1,0,0,0,786.1,0,0,0,0,0,0,0,0,0,0,0,0,0,0,0,0,0,0,0,0,0,0,0,0,0,0,0,0,"","","","","",""
3746,Ujjani Dam_1,Maharashtra SW,27,Maharashtra,496,Solapur,-,-,-,-,-,-,-,-,-,18.07402000,75.12002000,09-10-2025 13:00,786.1,0,0,0,786.1,786.1,786.1,786.1,786.1,786.1,786.1,786.1,0,0,0,786.1,0,0,0,0,0,0,0,0,0,0,0,0,0,0,0,0,0,0,0,0,0,0,0,0,0,0,0,0,"","","","","",""
3747,Ujjani Dam_1,Maharashtra SW,27,Maharashtra,496,Solapur,-,-,-,-,-,-,-,-,-,18.07402000,75.12002000,09-10-2025 16:00,921.36,921.36,921.36,921.36,921.36,921.36,921.36,921.36,921.36,921.36,921.36,921.36,921.36,921.36,921.36,921.36,0,0,0,0,0,0,0,0,0,0,0,0,0,0,0,0,0,0,0,0,0,0,0,0,0,0,0,0,"","","","","",""
3748,Ujjani Dam_1,Maharashtra SW,27,Maharashtra,496,Solapur,-,-,-,-,-,-,-,-,-,18.07402000,75.12002000,09-10-2025 17:00,920.65,920.65,920.65,920.65,920.65,920.65,920.65,920.65,920.65,920.65,920.65,920.65,920.65,920.65,920.65,920.65,0,0,0,0,0,0,0,0,0,0,0,0,0,0,0,0,0,0,0,0,0,0,0,0,0,0,0,0,"","","","","",""
3749,Ujjani Dam_1,Maharashtra SW,27,Maharashtra,496,Solapur,-,-,-,-,-,-,-,-,-,18.07402000,75.12002000,09-10-2025 18:00,921.36,921.36,921.36,921.36,921.36,921.36,921.36,921.36,921.36,921.36,921.36,921.36,921.36,921.36,921.36,921.36,0,0,0,0,0,0,0,0,0,0,0,0,0,0,0,0,0,0,0,0,0,0,0,0,0,0,0,0,"","","","","",""
3750,Ujjani Dam_1,Maharashtra SW,27,Maharashtra,496,Solapur,-,-,-,-,-,-,-,-,-,18.07402000,75.12002000,09-10-2025 20:00,920.65,920.65,920.65,920.65,920.65,920.65,920.65,920.65,920.65,920.65,920.65,920.65,920.65,920.65,920.65,920.65,0,0,0,0,0,0,0,0,0,0,0,0,0,0,0,0,0,0,0,0,0,0,0,0,0,0,0,0,"","","","","",""
3751,Ujjani Dam_1,Maharashtra SW,27,Maharashtra,496,Solapur,-,-,-,-,-,-,-,-,-,18.07402000,75.12002000,09-10-2025 21:00,920.65,920.65,920.65,920.65,920.65,920.65,920.65,920.65,920.65,920.65,920.65,920.65,920.65,920.65,920.65,920.65,0,0,0,0,0,0,0,0,0,0,0,0,0,0,0,0,0,0,0,0,0,0,0,0,0,0,0,0,"","","","","",""
3752,Ujjani Dam_1,Maharashtra SW,27,Maharashtra,496,Solapur,-,-,-,-,-,-,-,-,-,18.07402000,75.12002000,09-10-2025 22:00,717.95,0,717.95,717.95,717.95,717.95,717.95,717.95,717.95,717.95,717.95,717.95,717.95,717.95,0,717.95,0,0,0,0,0,0,0,0,0,0,0,0,0,0,0,0,0,0,0,0,0,0,0,0,0,0,0,0,"","","","","",""
3753,Ujjani Dam_1,Maharashtra SW,27,Maharashtra,496,Solapur,-,-,-,-,-,-,-,-,-,18.07402000,75.12002000,09-10-2025 23:00,717.24,0,717.24,717.24,717.24,717.24,717.24,717.24,717.24,717.24,717.24,717.24,717.24,717.24,0,717.24,0,0,0,0,0,0,0,0,0,0,0,0,0,0,0,0,0,0,0,0,0,0,0,0,0,0,0,0,"","","","","",""
3754,Ujjani Dam_1,Maharashtra SW,27,Maharashtra,496,Solapur,-,-,-,-,-,-,-,-,-,18.07402000,75.12002000,10-10-2025 00:00,717.95,0,717.95,717.95,717.95,717.95,717.95,717.95,717.95,717.95,717.95,717.95,717.95,717.95,0,717.95,0,0,0,0,0,0,0,0,0,0,0,0,0,0,0,0,0,0,0,0,0,0,0,0,0,0,0,0,"","","","","",""
3755,Ujjani Dam_1,Maharashtra SW,27,Maharashtra,496,Solapur,-,-,-,-,-,-,-,-,-,18.07402000,75.12002000,10-10-2025 02:00,852.5,0,0,0,0,0,852.5,852.5,852.5,852.5,0,0,0,0,0,852.5,0,0,0,0,0,0,0,0,0,0,0,0,0,0,0,0,0,0,0,0,0,0,0,0,0,0,0,0,"","","","","",""
3756,Ujjani Dam_1,Maharashtra SW,27,Maharashtra,496,Solapur,-,-,-,-,-,-,-,-,-,18.07402000,75.12002000,10-10-2025 03:00,853.2,0,0,0,0,0,853.2,853.2,853.2,853.2,0,0,0,0,0,853.2,0,0,0,0,0,0,0,0,0,0,0,0,0,0,0,0,0,0,0,0,0,0,0,0,0,0,0,0,"","","","","",""
3757,Ujjani Dam_1,Maharashtra SW,27,Maharashtra,496,Solapur,-,-,-,-,-,-,-,-,-,18.07402000,75.12002000,10-10-2025 04:00,852.5,0,0,0,0,0,852.5,852.5,852.5,852.5,0,0,0,0,0,852.5,0,0,0,0,0,0,0,0,0,0,0,0,0,0,0,0,0,0,0,0,0,0,0,0,0,0,0,0,"","","","","",""
3758,Ujjani Dam_1,Maharashtra SW,27,Maharashtra,496,Solapur,-,-,-,-,-,-,-,-,-,18.07402000,75.12002000,10-10-2025 05:00,852.5,0,0,0,0,0,852.5,852.5,852.5,852.5,0,0,0,0,0,852.5,0,0,0,0,0,0,0,0,0,0,0,0,0,0,0,0,0,0,0,0,0,0,0,0,0,0,0,0,"","","","","",""
3759,Ujjani Dam_1,Maharashtra SW,27,Maharashtra,496,Solapur,-,-,-,-,-,-,-,-,-,18.07402000,75.12002000,10-10-2025 06:00,851.79,0,0,0,0,0,851.79,851.79,851.79,851.79,0,0,0,0,0,851.79,0,0,0,0,0,0,0,0,0,0,0,0,0,0,0,0,0,0,0,0,0,0,0,0,0,0,0,0,"","","","","",""
3760,Ujjani Dam_1,Maharashtra SW,27,Maharashtra,496,Solapur,-,-,-,-,-,-,-,-,-,18.07402000,75.12002000,10-10-2025 07:00,851.79,0,0,0,0,0,851.79,851.79,851.79,851.79,0,0,0,0,0,851.79,0,0,0,0,0,0,0,0,0,0,0,0,0,0,0,0,0,0,0,0,0,0,0,0,0,0,0,0,"","","","","",""
3761,Ujjani Dam_1,Maharashtra SW,27,Maharashtra,496,Solapur,-,-,-,-,-,-,-,-,-,18.07402000,75.12002000,10-10-2025 10:00,853.2,0,0,0,0,0,0,0,0,0,0,0,0,0,0,853.2,0,0,0,0,0,0,0,0,0,0,0,0,0,0,0,0,0,0,0,0,0,0,0,0,0,0,0,0,"","","","","",""
3762,Ujjani Dam_1,Maharashtra SW,27,Maharashtra,496,Solapur,-,-,-,-,-,-,-,-,-,18.07402000,75.12002000,10-10-2025 11:00,853.2,0,0,0,0,0,0,0,0,0,0,0,0,0,0,853.2,0,0,0,0,0,0,0,0,0,0,0,0,0,0,0,0,0,0,0,0,0,0,0,0,0,0,0,0,"","","","","",""
3763,Ujjani Dam_1,Maharashtra SW,27,Maharashtra,496,Solapur,-,-,-,-,-,-,-,-,-,18.07402000,75.12002000,10-10-2025 12:00,853.2,0,0,0,0,0,0,0,0,0,0,0,0,0,0,853.2,0,0,0,0,0,0,0,0,0,0,0,0,0,0,0,0,0,0,0,0,0,0,0,0,0,0,0,0,"","","","","",""
3764,Ujjani Dam_1,Maharashtra SW,27,Maharashtra,496,Solapur,-,-,-,-,-,-,-,-,-,18.07402000,75.12002000,10-10-2025 13:00,853.2,0,0,0,0,0,0,0,0,0,0,0,0,0,0,853.2,0,0,0,0,0,0,0,0,0,0,0,0,0,0,0,0,0,0,0,0,0,0,0,0,0,0,0,0,"","","","","",""
3765,Ujjani Dam_1,Maharashtra SW,27,Maharashtra,496,Solapur,-,-,-,-,-,-,-,-,-,18.07402000,75.12002000,10-10-2025 14:00,853.2,0,0,0,0,0,0,0,0,0,0,0,0,0,0,853.2,0,0,0,0,0,0,0,0,0,0,0,0,0,0,0,0,0,0,0,0,0,0,0,0,0,0,0,0,"","","","","",""
3766,Ujjani Dam_1,Maharashtra SW,27,Maharashtra,496,Solapur,-,-,-,-,-,-,-,-,-,18.07402000,75.12002000,10-10-2025 16:00,0,0,0,0,0,0,0,0,0,0,0,0,0,0,0,0,0,0,0,0,0,0,0,0,0,0,0,0,0,0,0,0,0,0,0,0,0,0,0,0,0,0,0,0,"","","","","",""
3767,Ujjani Dam_1,Maharashtra SW,27,Maharashtra,496,Solapur,-,-,-,-,-,-,-,-,-,18.07402000,75.12002000,10-10-2025 17:00,0,0,0,0,0,0,0,0,0,0,0,0,0,0,0,0,0,0,0,0,0,0,0,0,0,0,0,0,0,0,0,0,0,0,0,0,0,0,0,0,0,0,0,0,"","","","","",""
3768,Ujjani Dam_1,Maharashtra SW,27,Maharashtra,496,Solapur,-,-,-,-,-,-,-,-,-,18.07402000,75.12002000,10-10-2025 18:00,0,0,0,0,0,0,0,0,0,0,0,0,0,0,0,0,0,0,0,0,0,0,0,0,0,0,0,0,0,0,0,0,0,0,0,0,0,0,0,0,0,0,0,0,"","","","","",""
3769,Ujjani Dam_1,Maharashtra SW,27,Maharashtra,496,Solapur,-,-,-,-,-,-,-,-,-,18.07402000,75.12002000,10-10-2025 19:00,0,0,0,0,0,0,0,0,0,0,0,0,0,0,0,0,0,0,0,0,0,0,0,0,0,0,0,0,0,0,0,0,0,0,0,0,0,0,0,0,0,0,0,0,"","","","","",""
3770,Ujjani Dam_1,Maharashtra SW,27,Maharashtra,496,Solapur,-,-,-,-,-,-,-,-,-,18.07402000,75.12002000,10-10-2025 20:00,0,0,0,0,0,0,0,0,0,0,0,0,0,0,0,0,0,0,0,0,0,0,0,0,0,0,0,0,0,0,0,0,0,0,0,0,0,0,0,0,0,0,0,0,"","","","","",""
3771,Ujjani Dam_1,Maharashtra SW,27,Maharashtra,496,Solapur,-,-,-,-,-,-,-,-,-,18.07402000,75.12002000,10-10-2025 21:00,0,0,0,0,0,0,0,0,0,0,0,0,0,0,0,0,0,0,0,0,0,0,0,0,0,0,0,0,0,0,0,0,0,0,0,0,0,0,0,0,0,0,0,0,"","","","","",""
3772,Ujjani Dam_1,Maharashtra SW,27,Maharashtra,496,Solapur,-,-,-,-,-,-,-,-,-,18.07402000,75.12002000,10-10-2025 23:00,0,0,0,0,0,0,0,0,0,0,0,0,0,0,0,0,0,0,0,0,0,0,0,0,0,0,0,0,0,0,0,0,0,0,0,0,0,0,0,0,0,0,0,0,"","","","","",""
3773,Ujjani Dam_1,Maharashtra SW,27,Maharashtra,496,Solapur,-,-,-,-,-,-,-,-,-,18.07402000,75.12002000,11-10-2025 00:00,0,0,0,0,0,0,0,0,0,0,0,0,0,0,0,0,0,0,0,0,0,0,0,0,0,0,0,0,0,0,0,0,0,0,0,0,0,0,0,0,0,0,0,0,"","","","","",""
3774,Ujjani Dam_1,Maharashtra SW,27,Maharashtra,496,Solapur,-,-,-,-,-,-,-,-,-,18.07402000,75.12002000,11-10-2025 01:00,0,0,0,0,0,0,0,0,0,0,0,0,0,0,0,0,0,0,0,0,0,0,0,0,0,0,0,0,0,0,0,0,0,0,0,0,0,0,0,0,0,0,0,0,"","","","","",""
3775,Ujjani Dam_1,Maharashtra SW,27,Maharashtra,496,Solapur,-,-,-,-,-,-,-,-,-,18.07402000,75.12002000,11-10-2025 02:00,0,0,0,0,0,0,0,0,0,0,0,0,0,0,0,0,0,0,0,0,0,0,0,0,0,0,0,0,0,0,0,0,0,0,0,0,0,0,0,0,0,0,0,0,"","","","","",""
3776,Ujjani Dam_1,Maharashtra SW,27,Maharashtra,496,Solapur,-,-,-,-,-,-,-,-,-,18.07402000,75.12002000,11-10-2025 03:00,0,0,0,0,0,0,0,0,0,0,0,0,0,0,0,0,0,0,0,0,0,0,0,0,0,0,0,0,0,0,0,0,0,0,0,0,0,0,0,0,0,0,0,0,"","","","","",""
3777,Ujjani Dam_1,Maharashtra SW,27,Maharashtra,496,Solapur,-,-,-,-,-,-,-,-,-,18.07402000,75.12002000,11-10-2025 05:00,0,0,0,0,0,0,0,0,0,0,0,0,0,0,0,0,0,0,0,0,0,0,0,0,0,0,0,0,0,0,0,0,0,0,0,0,0,0,0,0,0,0,0,0,"","","","","",""
3778,Ujjani Dam_1,Maharashtra SW,27,Maharashtra,496,Solapur,-,-,-,-,-,-,-,-,-,18.07402000,75.12002000,11-10-2025 06:00,0,0,0,0,0,0,0,0,0,0,0,0,0,0,0,0,0,0,0,0,0,0,0,0,0,0,0,0,0,0,0,0,0,0,0,0,0,0,0,0,0,0,0,0,"","","","","",""
3779,Ujjani Dam_1,Maharashtra SW,27,Maharashtra,496,Solapur,-,-,-,-,-,-,-,-,-,18.07402000,75.12002000,11-10-2025 07:00,0,0,0,0,0,0,0,0,0,0,0,0,0,0,0,0,0,0,0,0,0,0,0,0,0,0,0,0,0,0,0,0,0,0,0,0,0,0,0,0,0,0,0,0,"","","","","",""
3780,Ujjani Dam_1,Maharashtra SW,27,Maharashtra,496,Solapur,-,-,-,-,-,-,-,-,-,18.07402000,75.12002000,11-10-2025 08:00,0,0,0,0,0,0,0,0,0,0,0,0,0,0,0,0,0,0,0,0,0,0,0,0,0,0,0,0,0,0,0,0,0,0,0,0,0,0,0,0,0,0,0,0,"","","","","",""
3781,Ujjani Dam_1,Maharashtra SW,27,Maharashtra,496,Solapur,-,-,-,-,-,-,-,-,-,18.07402000,75.12002000,11-10-2025 09:00,0,0,0,0,0,0,0,0,0,0,0,0,0,0,0,0,0,0,0,0,0,0,0,0,0,0,0,0,0,0,0,0,0,0,0,0,0,0,0,0,0,0,0,0,"","","","","",""
3782,Ujjani Dam_1,Maharashtra SW,27,Maharashtra,496,Solapur,-,-,-,-,-,-,-,-,-,18.07402000,75.12002000,11-10-2025 10:00,0,0,0,0,0,0,0,0,0,0,0,0,0,0,0,0,0,0,0,0,0,0,0,0,0,0,0,0,0,0,0,0,0,0,0,0,0,0,0,0,0,0,0,0,"","","","","",""
3783,Ujjani Dam_1,Maharashtra SW,27,Maharashtra,496,Solapur,-,-,-,-,-,-,-,-,-,18.07402000,75.12002000,11-10-2025 12:00,0,0,0,0,0,0,0,0,0,0,0,0,0,0,0,0,0,0,0,0,0,0,0,0,0,0,0,0,0,0,0,0,0,0,0,0,0,0,0,0,0,0,0,0,"","","","","",""
3784,Ujjani Dam_1,Maharashtra SW,27,Maharashtra,496,Solapur,-,-,-,-,-,-,-,-,-,18.07402000,75.12002000,11-10-2025 13:00,0,0,0,0,0,0,0,0,0,0,0,0,0,0,0,0,0,0,0,0,0,0,0,0,0,0,0,0,0,0,0,0,0,0,0,0,0,0,0,0,0,0,0,0,"","","","","",""
3785,Ujjani Dam_1,Maharashtra SW,27,Maharashtra,496,Solapur,-,-,-,-,-,-,-,-,-,18.07402000,75.12002000,11-10-2025 14:00,0,0,0,0,0,0,0,0,0,0,0,0,0,0,0,0,0,0,0,0,0,0,0,0,0,0,0,0,0,0,0,0,0,0,0,0,0,0,0,0,0,0,0,0,"","","","","",""
3786,Ujjani Dam_1,Maharashtra SW,27,Maharashtra,496,Solapur,-,-,-,-,-,-,-,-,-,18.07402000,75.12002000,11-10-2025 15:00,0,0,0,0,0,0,0,0,0,0,0,0,0,0,0,0,0,0,0,0,0,0,0,0,0,0,0,0,0,0,0,0,0,0,0,0,0,0,0,0,0,0,0,0,"","","","","",""
3787,Ujjani Dam_1,Maharashtra SW,27,Maharashtra,496,Solapur,-,-,-,-,-,-,-,-,-,18.07402000,75.12002000,11-10-2025 16:00,0,0,0,0,0,0,0,0,0,0,0,0,0,0,0,0,0,0,0,0,0,0,0,0,0,0,0,0,0,0,0,0,0,0,0,0,0,0,0,0,0,0,0,0,"","","","","",""
3788,Ujjani Dam_1,Maharashtra SW,27,Maharashtra,496,Solapur,-,-,-,-,-,-,-,-,-,18.07402000,75.12002000,11-10-2025 17:00,0,0,0,0,0,0,0,0,0,0,0,0,0,0,0,0,0,0,0,0,0,0,0,0,0,0,0,0,0,0,0,0,0,0,0,0,0,0,0,0,0,0,0,0,"","","","","",""
3789,Ujjani Dam_1,Maharashtra SW,27,Maharashtra,496,Solapur,-,-,-,-,-,-,-,-,-,18.07402000,75.12002000,11-10-2025 19:00,752.91,0,0,0,0,0,0,651.2,0,0,0,0,0,0,0,752.91,0,0,0,0,0,0,0,0,0,0,0,0,0,0,0,0,0,0,0,0,0,0,0,0,0,0,0,0,"","","","","",""
3790,Ujjani Dam_1,Maharashtra SW,27,Maharashtra,496,Solapur,-,-,-,-,-,-,-,-,-,18.07402000,75.12002000,11-10-2025 20:00,752.91,0,0,0,0,0,0,752.91,752.91,0,0,0,0,0,0,752.91,0,0,0,0,0,0,0,0,0,0,0,0,0,0,0,0,0,0,0,0,0,0,0,0,0,0,0,0,"","","","","",""
3791,Ujjani Dam_1,Maharashtra SW,27,Maharashtra,496,Solapur,-,-,-,-,-,-,-,-,-,18.07402000,75.12002000,11-10-2025 21:00,752.91,0,0,0,0,0,0,752.91,752.91,0,0,0,0,0,0,752.91,0,0,0,0,0,0,0,0,0,0,0,0,0,0,0,0,0,0,0,0,0,0,0,0,0,0,0,0,"","","","","",""
3792,Ujjani Dam_1,Maharashtra SW,27,Maharashtra,496,Solapur,-,-,-,-,-,-,-,-,-,18.07402000,75.12002000,11-10-2025 22:00,752.2,0,0,0,0,0,0,752.2,752.2,0,0,0,0,0,0,752.2,0,0,0,0,0,0,0,0,0,0,0,0,0,0,0,0,0,0,0,0,0,0,0,0,0,0,0,0,"","","","","",""
3793,Ujjani Dam_1,Maharashtra SW,27,Maharashtra,496,Solapur,-,-,-,-,-,-,-,-,-,18.07402000,75.12002000,11-10-2025 23:00,752.2,0,0,0,0,0,0,752.2,752.2,0,0,0,0,0,0,752.2,0,0,0,0,0,0,0,0,0,0,0,0,0,0,0,0,0,0,0,0,0,0,0,0,0,0,0,0,"","","","","",""
3794,Ujjani Dam_1,Maharashtra SW,27,Maharashtra,496,Solapur,-,-,-,-,-,-,-,-,-,18.07402000,75.12002000,12-10-2025 00:00,752.91,0,0,0,0,0,0,752.91,752.91,0,0,0,0,0,0,752.91,0,0,0,0,0,0,0,0,0,0,0,0,0,0,0,0,0,0,0,0,0,0,0,0,0,0,0,0,"","","","","",""
3795,Ujjani Dam_1,Maharashtra SW,27,Maharashtra,496,Solapur,-,-,-,-,-,-,-,-,-,18.07402000,75.12002000,12-10-2025 01:00,752.91,0,0,0,0,0,0,752.91,752.91,0,0,0,0,0,0,752.91,0,0,0,0,0,0,0,0,0,0,0,0,0,0,0,0,0,0,0,0,0,0,0,0,0,0,0,0,"","","","","",""
3796,Ujjani Dam_1,Maharashtra SW,27,Maharashtra,496,Solapur,-,-,-,-,-,-,-,-,-,18.07402000,75.12002000,12-10-2025 03:00,752.2,0,0,0,0,0,0,752.2,752.2,0,0,0,0,0,0,752.2,0,0,0,0,0,0,0,0,0,0,0,0,0,0,0,0,0,0,0,0,0,0,0,0,0,0,0,0,"","","","","",""
3797,Ujjani Dam_1,Maharashtra SW,27,Maharashtra,496,Solapur,-,-,-,-,-,-,-,-,-,18.07402000,75.12002000,12-10-2025 04:00,752.2,0,0,0,0,0,0,752.2,752.2,0,0,0,0,0,0,752.2,0,0,0,0,0,0,0,0,0,0,0,0,0,0,0,0,0,0,0,0,0,0,0,0,0,0,0,0,"","","","","",""
3798,Ujjani Dam_1,Maharashtra SW,27,Maharashtra,496,Solapur,-,-,-,-,-,-,-,-,-,18.07402000,75.12002000,12-10-2025 05:00,752.91,0,0,0,0,0,0,752.91,752.91,0,0,0,0,0,0,752.91,0,0,0,0,0,0,0,0,0,0,0,0,0,0,0,0,0,0,0,0,0,0,0,0,0,0,0,0,"","","","","",""
3799,Ujjani Dam_1,Maharashtra SW,27,Maharashtra,496,Solapur,-,-,-,-,-,-,-,-,-,18.07402000,75.12002000,12-10-2025 06:00,752.91,0,0,0,0,0,0,752.91,752.91,0,0,0,0,0,0,752.91,0,0,0,0,0,0,0,0,0,0,0,0,0,0,0,0,0,0,0,0,0,0,0,0,0,0,0,0,"","","","","",""
3800,Ujjani Dam_1,Maharashtra SW,27,Maharashtra,496,Solapur,-,-,-,-,-,-,-,-,-,18.07402000,75.12002000,12-10-2025 07:00,752.2,0,0,0,0,0,0,752.2,752.2,0,0,0,0,0,0,752.2,0,0,0,0,0,0,0,0,0,0,0,0,0,0,0,0,0,0,0,0,0,0,0,0,0,0,0,0,"","","","","",""
3801,Ujjani Dam_1,Maharashtra SW,27,Maharashtra,496,Solapur,-,-,-,-,-,-,-,-,-,18.07402000,75.12002000,12-10-2025 08:00,752.91,0,0,0,0,0,0,752.91,752.91,0,0,0,0,0,0,752.91,0,0,0,0,0,0,0,0,0,0,0,0,0,0,0,0,0,0,0,0,0,0,0,0,0,0,0,0,"","","","","",""
3802,Ujjani Dam_1,Maharashtra SW,27,Maharashtra,496,Solapur,-,-,-,-,-,-,-,-,-,18.07402000,75.12002000,12-10-2025 09:00,752.2,0,0,0,0,0,0,752.2,752.2,0,0,0,0,0,0,752.2,0,0,0,0,0,0,0,0,0,0,0,0,0,0,0,0,0,0,0,0,0,0,0,0,0,0,0,0,"","","","","",""
3803,Ujjani Dam_1,Maharashtra SW,27,Maharashtra,496,Solapur,-,-,-,-,-,-,-,-,-,18.07402000,75.12002000,12-10-2025 11:00,752.91,0,0,0,0,0,0,752.91,752.91,0,0,0,0,0,0,752.91,0,0,0,0,0,0,0,0,0,0,0,0,0,0,0,0,0,0,0,0,0,0,0,0,0,0,0,0,"","","","","",""
3804,Ujjani Dam_1,Maharashtra SW,27,Maharashtra,496,Solapur,-,-,-,-,-,-,-,-,-,18.07402000,75.12002000,12-10-2025 12:00,752.91,0,0,0,0,0,0,752.91,752.91,0,0,0,0,0,0,752.91,0,0,0,0,0,0,0,0,0,0,0,0,0,0,0,0,0,0,0,0,0,0,0,0,0,0,0,0,"","","","","",""
3805,Ujjani Dam_1,Maharashtra SW,27,Maharashtra,496,Solapur,-,-,-,-,-,-,-,-,-,18.07402000,75.12002000,12-10-2025 13:00,752.91,0,0,0,0,0,0,752.91,752.91,0,0,0,0,0,0,752.91,0,0,0,0,0,0,0,0,0,0,0,0,0,0,0,0,0,0,0,0,0,0,0,0,0,0,0,0,"","","","","",""
3806,Ujjani Dam_1,Maharashtra SW,27,Maharashtra,496,Solapur,-,-,-,-,-,-,-,-,-,18.07402000,75.12002000,12-10-2025 14:00,752.91,0,0,0,0,0,0,752.91,752.91,0,0,0,0,0,0,752.91,0,0,0,0,0,0,0,0,0,0,0,0,0,0,0,0,0,0,0,0,0,0,0,0,0,0,0,0,"","","","","",""
3807,Ujjani Dam_1,Maharashtra SW,27,Maharashtra,496,Solapur,-,-,-,-,-,-,-,-,-,18.07402000,75.12002000,12-10-2025 15:00,752.91,0,0,0,0,0,0,752.91,752.91,0,0,0,0,0,0,752.91,0,0,0,0,0,0,0,0,0,0,0,0,0,0,0,0,0,0,0,0,0,0,0,0,0,0,0,0,"","","","","",""
3808,Ujjani Dam_1,Maharashtra SW,27,Maharashtra,496,Solapur,-,-,-,-,-,-,-,-,-,18.07402000,75.12002000,12-10-2025 16:00,752.91,0,0,0,0,0,0,752.91,752.91,0,0,0,0,0,0,752.91,0,0,0,0,0,0,0,0,0,0,0,0,0,0,0,0,0,0,0,0,0,0,0,0,0,0,0,0,"","","","","",""
3809,Ujjani Dam_1,Maharashtra SW,27,Maharashtra,496,Solapur,-,-,-,-,-,-,-,-,-,18.07402000,75.12002000,12-10-2025 18:00,752.91,0,0,0,0,0,0,752.91,752.91,0,0,0,0,0,0,752.91,0,0,0,0,0,0,0,0,0,0,0,0,0,0,0,0,0,0,0,0,0,0,0,0,0,0,0,0,"","","","","",""
3810,Ujjani Dam_1,Maharashtra SW,27,Maharashtra,496,Solapur,-,-,-,-,-,-,-,-,-,18.07402000,75.12002000,12-10-2025 19:00,752.91,0,0,0,0,0,0,752.91,752.91,0,0,0,0,0,0,752.91,0,0,0,0,0,0,0,0,0,0,0,0,0,0,0,0,0,0,0,0,0,0,0,0,0,0,0,0,"","","","","",""
3811,Ujjani Dam_1,Maharashtra SW,27,Maharashtra,496,Solapur,-,-,-,-,-,-,-,-,-,18.07402000,75.12002000,12-10-2025 20:00,753.62,0,0,0,0,0,0,753.62,753.62,0,0,0,0,0,0,753.62,0,0,0,0,0,0,0,0,0,0,0,0,0,0,0,0,0,0,0,0,0,0,0,0,0,0,0,0,"","","","","",""
3812,Ujjani Dam_1,Maharashtra SW,27,Maharashtra,496,Solapur,-,-,-,-,-,-,-,-,-,18.07402000,75.12002000,12-10-2025 21:00,752.2,0,0,0,0,0,0,752.2,752.2,0,0,0,0,0,0,752.2,0,0,0,0,0,0,0,0,0,0,0,0,0,0,0,0,0,0,0,0,0,0,0,0,0,0,0,0,"","","","","",""
3813,Ujjani Dam_1,Maharashtra SW,27,Maharashtra,496,Solapur,-,-,-,-,-,-,-,-,-,18.07402000,75.12002000,12-10-2025 22:00,752.2,0,0,0,0,0,0,752.2,752.2,0,0,0,0,0,0,752.2,0,0,0,0,0,0,0,0,0,0,0,0,0,0,0,0,0,0,0,0,0,0,0,0,0,0,0,0,"","","","","",""
3814,Ujjani Dam_1,Maharashtra SW,27,Maharashtra,496,Solapur,-,-,-,-,-,-,-,-,-,18.07402000,75.12002000,12-10-2025 23:00,752.91,0,0,0,0,0,0,752.91,752.91,0,0,0,0,0,0,752.91,0,0,0,0,0,0,0,0,0,0,0,0,0,0,0,0,0,0,0,0,0,0,0,0,0,0,0,0,"","","","","",""
3815,Ujjani Dam_1,Maharashtra SW,27,Maharashtra,496,Solapur,-,-,-,-,-,-,-,-,-,18.07402000,75.12002000,13-10-2025 00:00,752.2,0,0,0,0,0,0,752.2,752.2,0,0,0,0,0,0,752.2,0,0,0,0,0,0,0,0,0,0,0,0,0,0,0,0,0,0,0,0,0,0,0,0,0,0,0,0,"","","","","",""
3816,Ujjani Dam_1,Maharashtra SW,27,Maharashtra,496,Solapur,-,-,-,-,-,-,-,-,-,18.07402000,75.12002000,13-10-2025 02:00,752.91,0,0,0,0,0,0,752.91,752.91,0,0,0,0,0,0,752.91,0,0,0,0,0,0,0,0,0,0,0,0,0,0,0,0,0,0,0,0,0,0,0,0,0,0,0,0,"","","","","",""
3817,Ujjani Dam_1,Maharashtra SW,27,Maharashtra,496,Solapur,-,-,-,-,-,-,-,-,-,18.07402000,75.12002000,13-10-2025 03:00,752.91,0,0,0,0,0,0,752.91,752.91,0,0,0,0,0,0,752.91,0,0,0,0,0,0,0,0,0,0,0,0,0,0,0,0,0,0,0,0,0,0,0,0,0,0,0,0,"","","","","",""
3818,Ujjani Dam_1,Maharashtra SW,27,Maharashtra,496,Solapur,-,-,-,-,-,-,-,-,-,18.07402000,75.12002000,13-10-2025 04:00,752.91,0,0,0,0,0,0,752.91,752.91,0,0,0,0,0,0,752.91,0,0,0,0,0,0,0,0,0,0,0,0,0,0,0,0,0,0,0,0,0,0,0,0,0,0,0,0,"","","","","",""
3819,Ujjani Dam_1,Maharashtra SW,27,Maharashtra,496,Solapur,-,-,-,-,-,-,-,-,-,18.07402000,75.12002000,13-10-2025 05:00,752.91,0,0,0,0,0,0,752.91,752.91,0,0,0,0,0,0,752.91,0,0,0,0,0,0,0,0,0,0,0,0,0,0,0,0,0,0,0,0,0,0,0,0,0,0,0,0,"","","","","",""
3820,Ujjani Dam_1,Maharashtra SW,27,Maharashtra,496,Solapur,-,-,-,-,-,-,-,-,-,18.07402000,75.12002000,13-10-2025 06:00,752.91,0,0,0,0,0,0,752.91,752.91,0,0,0,0,0,0,752.91,0,0,0,0,0,0,0,0,0,0,0,0,0,0,0,0,0,0,0,0,0,0,0,0,0,0,0,0,"","","","","",""
3821,Ujjani Dam_1,Maharashtra SW,27,Maharashtra,496,Solapur,-,-,-,-,-,-,-,-,-,18.07402000,75.12002000,13-10-2025 07:00,752.91,0,0,0,0,0,0,752.91,752.91,0,0,0,0,0,0,752.91,0,0,0,0,0,0,0,0,0,0,0,0,0,0,0,0,0,0,0,0,0,0,0,0,0,0,0,0,"","","","","",""
3822,Ujjani Dam_1,Maharashtra SW,27,Maharashtra,496,Solapur,-,-,-,-,-,-,-,-,-,18.07402000,75.12002000,13-10-2025 08:00,854.62,0,0,0,0,0,854.62,854.62,854.62,854.62,0,0,0,0,0,854.62,0,0,0,0,0,0,0,0,0,0,0,0,0,0,0,0,0,0,0,0,0,0,0,0,0,0,0,0,"","","","","",""
3823,Ujjani Dam_1,Maharashtra SW,27,Maharashtra,496,Solapur,-,-,-,-,-,-,-,-,-,18.07402000,75.12002000,13-10-2025 10:00,854.62,0,0,0,0,0,854.62,854.62,854.62,854.62,0,0,0,0,0,854.62,0,0,0,0,0,0,0,0,0,0,0,0,0,0,0,0,0,0,0,0,0,0,0,0,0,0,0,0,"","","","","",""
3824,Ujjani Dam_1,Maharashtra SW,27,Maharashtra,496,Solapur,-,-,-,-,-,-,-,-,-,18.07402000,75.12002000,13-10-2025 11:00,853.91,0,0,0,0,0,853.91,853.91,853.91,853.91,0,0,0,0,0,853.91,0,0,0,0,0,0,0,0,0,0,0,0,0,0,0,0,0,0,0,0,0,0,0,0,0,0,0,0,"","","","","",""
3825,Ujjani Dam_1,Maharashtra SW,27,Maharashtra,496,Solapur,-,-,-,-,-,-,-,-,-,18.07402000,75.12002000,13-10-2025 12:00,853.91,0,0,0,0,0,853.91,853.91,853.91,853.91,0,0,0,0,0,853.91,0,0,0,0,0,0,0,0,0,0,0,0,0,0,0,0,0,0,0,0,0,0,0,0,0,0,0,0,"","","","","",""
3826,Ujjani Dam_1,Maharashtra SW,27,Maharashtra,496,Solapur,-,-,-,-,-,-,-,-,-,18.07402000,75.12002000,13-10-2025 13:00,854.62,0,0,0,0,0,854.62,854.62,854.62,854.62,0,0,0,0,0,854.62,0,0,0,0,0,0,0,0,0,0,0,0,0,0,0,0,0,0,0,0,0,0,0,0,0,0,0,0,"","","","","",""
3827,Ujjani Dam_1,Maharashtra SW,27,Maharashtra,496,Solapur,-,-,-,-,-,-,-,-,-,18.07402000,75.12002000,13-10-2025 14:00,853.91,0,0,0,0,0,853.91,853.91,853.91,853.91,0,0,0,0,0,853.91,0,0,0,0,0,0,0,0,0,0,0,0,0,0,0,0,0,0,0,0,0,0,0,0,0,0,0,0,"","","","","",""
3828,Ujjani Dam_1,Maharashtra SW,27,Maharashtra,496,Solapur,-,-,-,-,-,-,-,-,-,18.07402000,75.12002000,13-10-2025 19:00,854.62,0,0,0,0,0,854.62,854.62,854.62,854.62,0,0,0,0,0,854.62,0,0,0,0,0,0,0,0,0,0,0,0,0,0,0,0,0,0,0,0,0,0,0,0,0,0,0,0,"","","","","",""
3829,Ujjani Dam_1,Maharashtra SW,27,Maharashtra,496,Solapur,-,-,-,-,-,-,-,-,-,18.07402000,75.12002000,13-10-2025 20:00,853.91,0,0,0,0,0,853.91,853.91,853.91,853.91,0,0,0,0,0,853.91,0,0,0,0,0,0,0,0,0,0,0,0,0,0,0,0,0,0,0,0,0,0,0,0,0,0,0,0,"","","","","",""
3830,Ujjani Dam_1,Maharashtra SW,27,Maharashtra,496,Solapur,-,-,-,-,-,-,-,-,-,18.07402000,75.12002000,13-10-2025 21:00,853.2,0,0,0,0,0,853.2,853.2,853.2,853.2,0,0,0,0,0,853.2,0,0,0,0,0,0,0,0,0,0,0,0,0,0,0,0,0,0,0,0,0,0,0,0,0,0,0,0,"","","","","",""
3831,Ujjani Dam_1,Maharashtra SW,27,Maharashtra,496,Solapur,-,-,-,-,-,-,-,-,-,18.07402000,75.12002000,13-10-2025 22:00,853.91,0,0,0,0,0,853.91,853.91,853.91,853.91,0,0,0,0,0,853.91,0,0,0,0,0,0,0,0,0,0,0,0,0,0,0,0,0,0,0,0,0,0,0,0,0,0,0,0,"","","","","",""
3832,Ujjani Dam_1,Maharashtra SW,27,Maharashtra,496,Solapur,-,-,-,-,-,-,-,-,-,18.07402000,75.12002000,13-10-2025 23:00,786.1,0,0,0,0,0,853.91,853.91,853.91,853.91,0,0,0,0,0,853.91,0,0,0,0,0,0,0,0,0,0,0,0,0,0,0,0,0,0,0,0,0,0,0,0,0,0,0,0,"","","","","",""
3833,Ujjani Dam_1,Maharashtra SW,27,Maharashtra,496,Solapur,-,-,-,-,-,-,-,-,-,18.07402000,75.12002000,14-10-2025 00:00,752.91,0,0,0,0,0,0,752.91,752.91,0,0,0,0,0,0,752.91,0,0,0,0,0,0,0,0,0,0,0,0,0,0,0,0,0,0,0,0,0,0,0,0,0,0,0,0,"","","","","",""
3834,Ujjani Dam_1,Maharashtra SW,27,Maharashtra,496,Solapur,-,-,-,-,-,-,-,-,-,18.07402000,75.12002000,14-10-2025 02:00,751.85,0,0,0,0,0,0,751.85,751.85,0,0,0,0,0,0,751.85,0,0,0,0,0,0,0,0,0,0,0,0,0,0,0,0,0,0,0,0,0,0,0,0,0,0,0,0,"","","","","",""
3835,Ujjani Dam_1,Maharashtra SW,27,Maharashtra,496,Solapur,-,-,-,-,-,-,-,-,-,18.07402000,75.12002000,14-10-2025 03:00,751.85,0,0,0,0,0,0,751.85,751.85,0,0,0,0,0,0,751.85,0,0,0,0,0,0,0,0,0,0,0,0,0,0,0,0,0,0,0,0,0,0,0,0,0,0,0,0,"","","","","",""
3836,Ujjani Dam_1,Maharashtra SW,27,Maharashtra,496,Solapur,-,-,-,-,-,-,-,-,-,18.07402000,75.12002000,14-10-2025 04:00,752.2,0,0,0,0,0,0,752.2,752.2,0,0,0,0,0,0,752.2,0,0,0,0,0,0,0,0,0,0,0,0,0,0,0,0,0,0,0,0,0,0,0,0,0,0,0,0,"","","","","",""
3837,Ujjani Dam_1,Maharashtra SW,27,Maharashtra,496,Solapur,-,-,-,-,-,-,-,-,-,18.07402000,75.12002000,14-10-2025 05:00,751.85,0,0,0,0,0,0,751.85,751.85,0,0,0,0,0,0,751.85,0,0,0,0,0,0,0,0,0,0,0,0,0,0,0,0,0,0,0,0,0,0,0,0,0,0,0,0,"","","","","",""
3838,Ujjani Dam_1,Maharashtra SW,27,Maharashtra,496,Solapur,-,-,-,-,-,-,-,-,-,18.07402000,75.12002000,14-10-2025 06:00,751.85,0,0,0,0,0,0,751.85,751.85,0,0,0,0,0,0,751.85,0,0,0,0,0,0,0,0,0,0,0,0,0,0,0,0,0,0,0,0,0,0,0,0,0,0,0,0,"","","","","",""
3839,Ujjani Dam_1,Maharashtra SW,27,Maharashtra,496,Solapur,-,-,-,-,-,-,-,-,-,18.07402000,75.12002000,14-10-2025 07:00,751.85,0,0,0,0,0,0,751.85,751.85,0,0,0,0,0,0,751.85,0,0,0,0,0,0,0,0,0,0,0,0,0,0,0,0,0,0,0,0,0,0,0,0,0,0,0,0,"","","","","",""
3840,Ujjani Dam_1,Maharashtra SW,27,Maharashtra,496,Solapur,-,-,-,-,-,-,-,-,-,18.07402000,75.12002000,14-10-2025 08:00,751.85,0,0,0,0,0,0,751.85,751.85,0,0,0,0,0,0,751.85,0,0,0,0,0,0,0,0,0,0,0,0,0,0,0,0,0,0,0,0,0,0,0,0,0,0,0,0,"","","","","",""
3841,Ujjani Dam_1,Maharashtra SW,27,Maharashtra,496,Solapur,-,-,-,-,-,-,-,-,-,18.07402000,75.12002000,14-10-2025 10:00,751.85,0,0,0,0,0,0,751.85,751.85,0,0,0,0,0,0,751.85,0,0,0,0,0,0,0,0,0,0,0,0,0,0,0,0,0,0,0,0,0,0,0,0,0,0,0,0,"","","","","",""
3842,Ujjani Dam_1,Maharashtra SW,27,Maharashtra,496,Solapur,-,-,-,-,-,-,-,-,-,18.07402000,75.12002000,14-10-2025 11:00,751.85,0,0,0,0,0,0,751.85,751.85,0,0,0,0,0,0,751.85,0,0,0,0,0,0,0,0,0,0,0,0,0,0,0,0,0,0,0,0,0,0,0,0,0,0,0,0,"","","","","",""
3843,Ujjani Dam_1,Maharashtra SW,27,Maharashtra,496,Solapur,-,-,-,-,-,-,-,-,-,18.07402000,75.12002000,14-10-2025 12:00,751.85,0,0,0,0,0,0,751.85,751.85,0,0,0,0,0,0,751.85,0,0,0,0,0,0,0,0,0,0,0,0,0,0,0,0,0,0,0,0,0,0,0,0,0,0,0,0,"","","","","",""
3844,Ujjani Dam_1,Maharashtra SW,27,Maharashtra,496,Solapur,-,-,-,-,-,-,-,-,-,18.07402000,75.12002000,14-10-2025 13:00,751.85,0,0,0,0,0,0,751.85,751.85,0,0,0,0,0,0,751.85,0,0,0,0,0,0,0,0,0,0,0,0,0,0,0,0,0,0,0,0,0,0,0,0,0,0,0,0,"","","","","",""
3845,Ujjani Dam_1,Maharashtra SW,27,Maharashtra,496,Solapur,-,-,-,-,-,-,-,-,-,18.07402000,75.12002000,14-10-2025 14:00,751.85,0,0,0,0,0,0,751.85,751.85,0,0,0,0,0,0,751.85,0,0,0,0,0,0,0,0,0,0,0,0,0,0,0,0,0,0,0,0,0,0,0,0,0,0,0,0,"","","","","",""
3846,Ujjani Dam_1,Maharashtra SW,27,Maharashtra,496,Solapur,-,-,-,-,-,-,-,-,-,18.07402000,75.12002000,14-10-2025 15:00,751.85,0,0,0,0,0,0,751.85,751.85,0,0,0,0,0,0,751.85,0,0,0,0,0,0,0,0,0,0,0,0,0,0,0,0,0,0,0,0,0,0,0,0,0,0,0,0,"","","","","",""
3847,Ujjani Dam_1,Maharashtra SW,27,Maharashtra,496,Solapur,-,-,-,-,-,-,-,-,-,18.07402000,75.12002000,14-10-2025 16:00,751.85,0,0,0,0,0,0,751.85,751.85,0,0,0,0,0,0,751.85,0,0,0,0,0,0,0,0,0,0,0,0,0,0,0,0,0,0,0,0,0,0,0,0,0,0,0,0,"","","","","",""
3848,Ujjani Dam_1,Maharashtra SW,27,Maharashtra,496,Solapur,-,-,-,-,-,-,-,-,-,18.07402000,75.12002000,14-10-2025 18:00,0,0,0,0,0,0,0,0,0,0,0,0,0,0,0,0,0,0,0,0,0,0,0,0,0,0,0,0,0,0,0,0,0,0,0,0,0,0,0,0,0,0,0,0,"","","","","",""
3849,Ujjani Dam_1,Maharashtra SW,27,Maharashtra,496,Solapur,-,-,-,-,-,-,-,-,-,18.07402000,75.12002000,14-10-2025 19:00,0,0,0,0,0,0,0,0,0,0,0,0,0,0,0,0,0,0,0,0,0,0,0,0,0,0,0,0,0,0,0,0,0,0,0,0,0,0,0,0,0,0,0,0,"","","","","",""
3850,Ujjani Dam_1,Maharashtra SW,27,Maharashtra,496,Solapur,-,-,-,-,-,-,-,-,-,18.07402000,75.12002000,14-10-2025 20:00,0,0,0,0,0,0,0,0,0,0,0,0,0,0,0,0,0,0,0,0,0,0,0,0,0,0,0,0,0,0,0,0,0,0,0,0,0,0,0,0,0,0,0,0,"","","","","",""
3851,Ujjani Dam_1,Maharashtra SW,27,Maharashtra,496,Solapur,-,-,-,-,-,-,-,-,-,18.07402000,75.12002000,14-10-2025 21:00,0,0,0,0,0,0,0,0,0,0,0,0,0,0,0,0,0,0,0,0,0,0,0,0,0,0,0,0,0,0,0,0,0,0,0,0,0,0,0,0,0,0,0,0,"","","","","",""
3852,Ujjani Dam_1,Maharashtra SW,27,Maharashtra,496,Solapur,-,-,-,-,-,-,-,-,-,18.07402000,75.12002000,14-10-2025 22:00,0,0,0,0,0,0,0,0,0,0,0,0,0,0,0,0,0,0,0,0,0,0,0,0,0,0,0,0,0,0,0,0,0,0,0,0,0,0,0,0,0,0,0,0,"","","","","",""
3853,Ujjani Dam_1,Maharashtra SW,27,Maharashtra,496,Solapur,-,-,-,-,-,-,-,-,-,18.07402000,75.12002000,14-10-2025 23:00,0,0,0,0,0,0,0,0,0,0,0,0,0,0,0,0,0,0,0,0,0,0,0,0,0,0,0,0,0,0,0,0,0,0,0,0,0,0,0,0,0,0,0,0,"","","","","",""
3854,Ujjani Dam_1,Maharashtra SW,27,Maharashtra,496,Solapur,-,-,-,-,-,-,-,-,-,18.07402000,75.12002000,15-10-2025 00:00,0,0,0,0,0,0,0,0,0,0,0,0,0,0,0,0,0,0,0,0,0,0,0,0,0,0,0,0,0,0,0,0,0,0,0,0,0,0,0,0,0,0,0,0,"","","","","",""
3855,Ujjani Dam_1,Maharashtra SW,27,Maharashtra,496,Solapur,-,-,-,-,-,-,-,-,-,18.07402000,75.12002000,15-10-2025 02:00,0,0,0,0,0,0,0,0,0,0,0,0,0,0,0,0,0,0,0,0,0,0,0,0,0,0,0,0,0,0,0,0,0,0,0,0,0,0,0,0,0,0,0,0,"","","","","",""
3856,Ujjani Dam_1,Maharashtra SW,27,Maharashtra,496,Solapur,-,-,-,-,-,-,-,-,-,18.07402000,75.12002000,15-10-2025 03:00,0,0,0,0,0,0,0,0,0,0,0,0,0,0,0,0,0,0,0,0,0,0,0,0,0,0,0,0,0,0,0,0,0,0,0,0,0,0,0,0,0,0,0,0,"","","","","",""
3857,Ujjani Dam_1,Maharashtra SW,27,Maharashtra,496,Solapur,-,-,-,-,-,-,-,-,-,18.07402000,75.12002000,15-10-2025 04:00,0,0,0,0,0,0,0,0,0,0,0,0,0,0,0,0,0,0,0,0,0,0,0,0,0,0,0,0,0,0,0,0,0,0,0,0,0,0,0,0,0,0,0,0,"","","","","",""
3858,Ujjani Dam_1,Maharashtra SW,27,Maharashtra,496,Solapur,-,-,-,-,-,-,-,-,-,18.07402000,75.12002000,15-10-2025 05:00,0,0,0,0,0,0,0,0,0,0,0,0,0,0,0,0,0,0,0,0,0,0,0,0,0,0,0,0,0,0,0,0,0,0,0,0,0,0,0,0,0,0,0,0,"","","","","",""
3859,Ujjani Dam_1,Maharashtra SW,27,Maharashtra,496,Solapur,-,-,-,-,-,-,-,-,-,18.07402000,75.12002000,15-10-2025 06:00,0,0,0,0,0,0,0,0,0,0,0,0,0,0,0,0,0,0,0,0,0,0,0,0,0,0,0,0,0,0,0,0,0,0,0,0,0,0,0,0,0,0,0,0,"","","","","",""
3860,Ujjani Dam_1,Maharashtra SW,27,Maharashtra,496,Solapur,-,-,-,-,-,-,-,-,-,18.07402000,75.12002000,15-10-2025 07:00,0,0,0,0,0,0,0,0,0,0,0,0,0,0,0,0,0,0,0,0,0,0,0,0,0,0,0,0,0,0,0,0,0,0,0,0,0,0,0,0,0,0,0,0,"","","","","",""
3861,Ujjani Dam_1,Maharashtra SW,27,Maharashtra,496,Solapur,-,-,-,-,-,-,-,-,-,18.07402000,75.12002000,15-10-2025 09:00,0,0,0,0,0,0,0,0,0,0,0,0,0,0,0,0,0,0,0,0,0,0,0,0,0,0,0,0,0,0,0,0,0,0,0,0,0,0,0,0,0,0,0,0,"","","","","",""
3862,Ujjani Dam_1,Maharashtra SW,27,Maharashtra,496,Solapur,-,-,-,-,-,-,-,-,-,18.07402000,75.12002000,15-10-2025 10:00,0,0,0,0,0,0,0,0,0,0,0,0,0,0,0,0,0,0,0,0,0,0,0,0,0,0,0,0,0,0,0,0,0,0,0,0,0,0,0,0,0,0,0,0,"","","","","",""
3863,Ujjani Dam_1,Maharashtra SW,27,Maharashtra,496,Solapur,-,-,-,-,-,-,-,-,-,18.07402000,75.12002000,15-10-2025 11:00,0,0,0,0,0,0,0,0,0,0,0,0,0,0,0,0,0,0,0,0,0,0,0,0,0,0,0,0,0,0,0,0,0,0,0,0,0,0,0,0,0,0,0,0,"","","","","",""
3864,Ujjani Dam_1,Maharashtra SW,27,Maharashtra,496,Solapur,-,-,-,-,-,-,-,-,-,18.07402000,75.12002000,15-10-2025 12:00,0,0,0,0,0,0,0,0,0,0,0,0,0,0,0,0,0,0,0,0,0,0,0,0,0,0,0,0,0,0,0,0,0,0,0,0,0,0,0,0,0,0,0,0,"","","","","",""
3865,Ujjani Dam_1,Maharashtra SW,27,Maharashtra,496,Solapur,-,-,-,-,-,-,-,-,-,18.07402000,75.12002000,15-10-2025 13:00,0,0,0,0,0,0,0,0,0,0,0,0,0,0,0,0,0,0,0,0,0,0,0,0,0,0,0,0,0,0,0,0,0,0,0,0,0,0,0,0,0,0,0,0,"","","","","",""
3866,Ujjani Dam_1,Maharashtra SW,27,Maharashtra,496,Solapur,-,-,-,-,-,-,-,-,-,18.07402000,75.12002000,15-10-2025 14:00,0,0,0,0,0,0,0,0,0,0,0,0,0,0,0,0,0,0,0,0,0,0,0,0,0,0,0,0,0,0,0,0,0,0,0,0,0,0,0,0,0,0,0,0,"","","","","",""
3867,Ujjani Dam_1,Maharashtra SW,27,Maharashtra,496,Solapur,-,-,-,-,-,-,-,-,-,18.07402000,75.12002000,15-10-2025 15:00,0,0,0,0,0,0,0,0,0,0,0,0,0,0,0,0,0,0,0,0,0,0,0,0,0,0,0,0,0,0,0,0,0,0,0,0,0,0,0,0,0,0,0,0,"","","","","",""
3868,Ujjani Dam_1,Maharashtra SW,27,Maharashtra,496,Solapur,-,-,-,-,-,-,-,-,-,18.07402000,75.12002000,15-10-2025 17:00,0,0,0,0,0,0,0,0,0,0,0,0,0,0,0,0,0,0,0,0,0,0,0,0,0,0,0,0,0,0,0,0,0,0,0,0,0,0,0,0,0,0,0,0,"","","","","",""
3869,Ujjani Dam_1,Maharashtra SW,27,Maharashtra,496,Solapur,-,-,-,-,-,-,-,-,-,18.07402000,75.12002000,15-10-2025 18:00,0,0,0,0,0,0,0,0,0,0,0,0,0,0,0,0,0,0,0,0,0,0,0,0,0,0,0,0,0,0,0,0,0,0,0,0,0,0,0,0,0,0,0,0,"","","","","",""
3870,Ujjani Dam_1,Maharashtra SW,27,Maharashtra,496,Solapur,-,-,-,-,-,-,-,-,-,18.07402000,75.12002000,15-10-2025 19:00,0,0,0,0,0,0,0,0,0,0,0,0,0,0,0,0,0,0,0,0,0,0,0,0,0,0,0,0,0,0,0,0,0,0,0,0,0,0,0,0,0,0,0,0,"","","","","",""
3871,Ujjani Dam_1,Maharashtra SW,27,Maharashtra,496,Solapur,-,-,-,-,-,-,-,-,-,18.07402000,75.12002000,15-10-2025 20:00,0,0,0,0,0,0,0,0,0,0,0,0,0,0,0,0,0,0,0,0,0,0,0,0,0,0,0,0,0,0,0,0,0,0,0,0,0,0,0,0,0,0,0,0,"","","","","",""
3872,Ujjani Dam_1,Maharashtra SW,27,Maharashtra,496,Solapur,-,-,-,-,-,-,-,-,-,18.07402000,75.12002000,15-10-2025 21:00,0,0,0,0,0,0,0,0,0,0,0,0,0,0,0,0,0,0,0,0,0,0,0,0,0,0,0,0,0,0,0,0,0,0,0,0,0,0,0,0,0,0,0,0,"","","","","",""
3873,Ujjani Dam_1,Maharashtra SW,27,Maharashtra,496,Solapur,-,-,-,-,-,-,-,-,-,18.07402000,75.12002000,15-10-2025 22:00,0,0,0,0,0,0,0,0,0,0,0,0,0,0,0,0,0,0,0,0,0,0,0,0,0,0,0,0,0,0,0,0,0,0,0,0,0,0,0,0,0,0,0,0,"","","","","",""
3874,Ujjani Dam_1,Maharashtra SW,27,Maharashtra,496,Solapur,-,-,-,-,-,-,-,-,-,18.07402000,75.12002000,15-10-2025 23:00,0,0,0,0,0,0,0,0,0,0,0,0,0,0,0,0,0,0,0,0,0,0,0,0,0,0,0,0,0,0,0,0,0,0,0,0,0,0,0,0,0,0,0,0,"","","","","",""
3875,Ujjani Dam_1,Maharashtra SW,27,Maharashtra,496,Solapur,-,-,-,-,-,-,-,-,-,18.07402000,75.12002000,16-10-2025 01:00,0,0,0,0,0,0,0,0,0,0,0,0,0,0,0,0,0,0,0,0,0,0,0,0,0,0,0,0,0,0,0,0,0,0,0,0,0,0,0,0,0,0,0,0,"","","","","",""
3876,Ujjani Dam_1,Maharashtra SW,27,Maharashtra,496,Solapur,-,-,-,-,-,-,-,-,-,18.07402000,75.12002000,16-10-2025 02:00,0,0,0,0,0,0,0,0,0,0,0,0,0,0,0,0,0,0,0,0,0,0,0,0,0,0,0,0,0,0,0,0,0,0,0,0,0,0,0,0,0,0,0,0,"","","","","",""
3877,Ujjani Dam_1,Maharashtra SW,27,Maharashtra,496,Solapur,-,-,-,-,-,-,-,-,-,18.07402000,75.12002000,16-10-2025 03:00,0,0,0,0,0,0,0,0,0,0,0,0,0,0,0,0,0,0,0,0,0,0,0,0,0,0,0,0,0,0,0,0,0,0,0,0,0,0,0,0,0,0,0,0,"","","","","",""
3878,Ujjani Dam_1,Maharashtra SW,27,Maharashtra,496,Solapur,-,-,-,-,-,-,-,-,-,18.07402000,75.12002000,16-10-2025 04:00,0,0,0,0,0,0,0,0,0,0,0,0,0,0,0,0,0,0,0,0,0,0,0,0,0,0,0,0,0,0,0,0,0,0,0,0,0,0,0,0,0,0,0,0,"","","","","",""
3879,Ujjani Dam_1,Maharashtra SW,27,Maharashtra,496,Solapur,-,-,-,-,-,-,-,-,-,18.07402000,75.12002000,16-10-2025 05:00,0,0,0,0,0,0,0,0,0,0,0,0,0,0,0,0,0,0,0,0,0,0,0,0,0,0,0,0,0,0,0,0,0,0,0,0,0,0,0,0,0,0,0,0,"","","","","",""
3880,Ujjani Dam_1,Maharashtra SW,27,Maharashtra,496,Solapur,-,-,-,-,-,-,-,-,-,18.07402000,75.12002000,16-10-2025 06:00,0,0,0,0,0,0,0,0,0,0,0,0,0,0,0,0,0,0,0,0,0,0,0,0,0,0,0,0,0,0,0,0,0,0,0,0,0,0,0,0,0,0,0,0,"","","","","",""
3881,Ujjani Dam_1,Maharashtra SW,27,Maharashtra,496,Solapur,-,-,-,-,-,-,-,-,-,18.07402000,75.12002000,16-10-2025 07:00,0,0,0,0,0,0,0,0,0,0,0,0,0,0,0,0,0,0,0,0,0,0,0,0,0,0,0,0,0,0,0,0,0,0,0,0,0,0,0,0,0,0,0,0,"","","","","",""
3882,Ujjani Dam_1,Maharashtra SW,27,Maharashtra,496,Solapur,-,-,-,-,-,-,-,-,-,18.07402000,75.12002000,16-10-2025 09:00,0,0,0,0,0,0,0,0,0,0,0,0,0,0,0,0,0,0,0,0,0,0,0,0,0,0,0,0,0,0,0,0,0,0,0,0,0,0,0,0,0,0,0,0,"","","","","",""
3883,Ujjani Dam_1,Maharashtra SW,27,Maharashtra,496,Solapur,-,-,-,-,-,-,-,-,-,18.07402000,75.12002000,16-10-2025 10:00,0,0,0,0,0,0,0,0,0,0,0,0,0,0,0,0,0,0,0,0,0,0,0,0,0,0,0,0,0,0,0,0,0,0,0,0,0,0,0,0,0,0,0,0,"","","","","",""
3884,Ujjani Dam_1,Maharashtra SW,27,Maharashtra,496,Solapur,-,-,-,-,-,-,-,-,-,18.07402000,75.12002000,16-10-2025 11:00,0,0,0,0,0,0,0,0,0,0,0,0,0,0,0,0,0,0,0,0,0,0,0,0,0,0,0,0,0,0,0,0,0,0,0,0,0,0,0,0,0,0,0,0,"","","","","",""
3885,Ujjani Dam_1,Maharashtra SW,27,Maharashtra,496,Solapur,-,-,-,-,-,-,-,-,-,18.07402000,75.12002000,16-10-2025 12:00,0,0,0,0,0,0,0,0,0,0,0,0,0,0,0,0,0,0,0,0,0,0,0,0,0,0,0,0,0,0,0,0,0,0,0,0,0,0,0,0,0,0,0,0,"","","","","",""
3886,Ujjani Dam_1,Maharashtra SW,27,Maharashtra,496,Solapur,-,-,-,-,-,-,-,-,-,18.07402000,75.12002000,16-10-2025 13:00,0,0,0,0,0,0,0,0,0,0,0,0,0,0,0,0,0,0,0,0,0,0,0,0,0,0,0,0,0,0,0,0,0,0,0,0,0,0,0,0,0,0,0,0,"","","","","",""
3887,Ujjani Dam_1,Maharashtra SW,27,Maharashtra,496,Solapur,-,-,-,-,-,-,-,-,-,18.07402000,75.12002000,16-10-2025 14:00,0,0,0,0,0,0,0,0,0,0,0,0,0,0,0,0,0,0,0,0,0,0,0,0,0,0,0,0,0,0,0,0,0,0,0,0,0,0,0,0,0,0,0,0,"","","","","",""
3888,Ujjani Dam_1,Maharashtra SW,27,Maharashtra,496,Solapur,-,-,-,-,-,-,-,-,-,18.07402000,75.12002000,16-10-2025 15:00,0,0,0,0,0,0,0,0,0,0,0,0,0,0,0,0,0,0,0,0,0,0,0,0,0,0,0,0,0,0,0,0,0,0,0,0,0,0,0,0,0,0,0,0,"","","","","",""
3889,Ujjani Dam_1,Maharashtra SW,27,Maharashtra,496,Solapur,-,-,-,-,-,-,-,-,-,18.07402000,75.12002000,16-10-2025 17:00,0,0,0,0,0,0,0,0,0,0,0,0,0,0,0,0,0,0,0,0,0,0,0,0,0,0,0,0,0,0,0,0,0,0,0,0,0,0,0,0,0,0,0,0,"","","","","",""
3890,Ujjani Dam_1,Maharashtra SW,27,Maharashtra,496,Solapur,-,-,-,-,-,-,-,-,-,18.07402000,75.12002000,16-10-2025 18:00,0,0,0,0,0,0,0,0,0,0,0,0,0,0,0,0,0,0,0,0,0,0,0,0,0,0,0,0,0,0,0,0,0,0,0,0,0,0,0,0,0,0,0,0,"","","","","",""
3891,Ujjani Dam_1,Maharashtra SW,27,Maharashtra,496,Solapur,-,-,-,-,-,-,-,-,-,18.07402000,75.12002000,16-10-2025 19:00,0,0,0,0,0,0,0,0,0,0,0,0,0,0,0,0,0,0,0,0,0,0,0,0,0,0,0,0,0,0,0,0,0,0,0,0,0,0,0,0,0,0,0,0,"","","","","",""
3892,Ujjani Dam_1,Maharashtra SW,27,Maharashtra,496,Solapur,-,-,-,-,-,-,-,-,-,18.07402000,75.12002000,16-10-2025 20:00,0,0,0,0,0,0,0,0,0,0,0,0,0,0,0,0,0,0,0,0,0,0,0,0,0,0,0,0,0,0,0,0,0,0,0,0,0,0,0,0,0,0,0,0,"","","","","",""
3893,Ujjani Dam_1,Maharashtra SW,27,Maharashtra,496,Solapur,-,-,-,-,-,-,-,-,-,18.07402000,75.12002000,16-10-2025 21:00,0,0,0,0,0,0,0,0,0,0,0,0,0,0,0,0,0,0,0,0,0,0,0,0,0,0,0,0,0,0,0,0,0,0,0,0,0,0,0,0,0,0,0,0,"","","","","",""
3894,Ujjani Dam_1,Maharashtra SW,27,Maharashtra,496,Solapur,-,-,-,-,-,-,-,-,-,18.07402000,75.12002000,16-10-2025 22:00,0,0,0,0,0,0,0,0,0,0,0,0,0,0,0,0,0,0,0,0,0,0,0,0,0,0,0,0,0,0,0,0,0,0,0,0,0,0,0,0,0,0,0,0,"","","","","",""
3895,Ujjani Dam_1,Maharashtra SW,27,Maharashtra,496,Solapur,-,-,-,-,-,-,-,-,-,18.07402000,75.12002000,16-10-2025 23:00,0,0,0,0,0,0,0,0,0,0,0,0,0,0,0,0,0,0,0,0,0,0,0,0,0,0,0,0,0,0,0,0,0,0,0,0,0,0,0,0,0,0,0,0,"","","","","",""
3896,Ujjani Dam_1,Maharashtra SW,27,Maharashtra,496,Solapur,-,-,-,-,-,-,-,-,-,18.07402000,75.12002000,17-10-2025 01:00,0,0,0,0,0,0,0,0,0,0,0,0,0,0,0,0,0,0,0,0,0,0,0,0,0,0,0,0,0,0,0,0,0,0,0,0,0,0,0,0,0,0,0,0,"","","","","",""
3897,Ujjani Dam_1,Maharashtra SW,27,Maharashtra,496,Solapur,-,-,-,-,-,-,-,-,-,18.07402000,75.12002000,17-10-2025 02:00,0,0,0,0,0,0,0,0,0,0,0,0,0,0,0,0,0,0,0,0,0,0,0,0,0,0,0,0,0,0,0,0,0,0,0,0,0,0,0,0,0,0,0,0,"","","","","",""
3898,Ujjani Dam_1,Maharashtra SW,27,Maharashtra,496,Solapur,-,-,-,-,-,-,-,-,-,18.07402000,75.12002000,17-10-2025 03:00,0,0,0,0,0,0,0,0,0,0,0,0,0,0,0,0,0,0,0,0,0,0,0,0,0,0,0,0,0,0,0,0,0,0,0,0,0,0,0,0,0,0,0,0,"","","","","",""
3899,Ujjani Dam_1,Maharashtra SW,27,Maharashtra,496,Solapur,-,-,-,-,-,-,-,-,-,18.07402000,75.12002000,17-10-2025 04:00,0,0,0,0,0,0,0,0,0,0,0,0,0,0,0,0,0,0,0,0,0,0,0,0,0,0,0,0,0,0,0,0,0,0,0,0,0,0,0,0,0,0,0,0,"","","","","",""
3900,Ujjani Dam_1,Maharashtra SW,27,Maharashtra,496,Solapur,-,-,-,-,-,-,-,-,-,18.07402000,75.12002000,17-10-2025 05:00,0,0,0,0,0,0,0,0,0,0,0,0,0,0,0,0,0,0,0,0,0,0,0,0,0,0,0,0,0,0,0,0,0,0,0,0,0,0,0,0,0,0,0,0,"","","","","",""
3901,Ujjani Dam_1,Maharashtra SW,27,Maharashtra,496,Solapur,-,-,-,-,-,-,-,-,-,18.07402000,75.12002000,17-10-2025 06:00,0,0,0,0,0,0,0,0,0,0,0,0,0,0,0,0,0,0,0,0,0,0,0,0,0,0,0,0,0,0,0,0,0,0,0,0,0,0,0,0,0,0,0,0,"","","","","",""
3902,Ujjani Dam_1,Maharashtra SW,27,Maharashtra,496,Solapur,-,-,-,-,-,-,-,-,-,18.07402000,75.12002000,17-10-2025 07:00,0,0,0,0,0,0,0,0,0,0,0,0,0,0,0,0,0,0,0,0,0,0,0,0,0,0,0,0,0,0,0,0,0,0,0,0,0,0,0,0,0,0,0,0,"","","","","",""
3903,Ujjani Dam_1,Maharashtra SW,27,Maharashtra,496,Solapur,-,-,-,-,-,-,-,-,-,18.07402000,75.12002000,17-10-2025 09:00,0,0,0,0,0,0,0,0,0,0,0,0,0,0,0,0,0,0,0,0,0,0,0,0,0,0,0,0,0,0,0,0,0,0,0,0,0,0,0,0,0,0,0,0,"","","","","",""
3904,Ujjani Dam_1,Maharashtra SW,27,Maharashtra,496,Solapur,-,-,-,-,-,-,-,-,-,18.07402000,75.12002000,17-10-2025 10:00,0,0,0,0,0,0,0,0,0,0,0,0,0,0,0,0,0,0,0,0,0,0,0,0,0,0,0,0,0,0,0,0,0,0,0,0,0,0,0,0,0,0,0,0,"","","","","",""
3905,Ujjani Dam_1,Maharashtra SW,27,Maharashtra,496,Solapur,-,-,-,-,-,-,-,-,-,18.07402000,75.12002000,17-10-2025 11:00,0,0,0,0,0,0,0,0,0,0,0,0,0,0,0,0,0,0,0,0,0,0,0,0,0,0,0,0,0,0,0,0,0,0,0,0,0,0,0,0,0,0,0,0,"","","","","",""
3906,Ujjani Dam_1,Maharashtra SW,27,Maharashtra,496,Solapur,-,-,-,-,-,-,-,-,-,18.07402000,75.12002000,17-10-2025 12:00,0,0,0,0,0,0,0,0,0,0,0,0,0,0,0,0,0,0,0,0,0,0,0,0,0,0,0,0,0,0,0,0,0,0,0,0,0,0,0,0,0,0,0,0,"","","","","",""
3907,Ujjani Dam_1,Maharashtra SW,27,Maharashtra,496,Solapur,-,-,-,-,-,-,-,-,-,18.07402000,75.12002000,17-10-2025 13:00,0,0,0,0,0,0,0,0,0,0,0,0,0,0,0,0,0,0,0,0,0,0,0,0,0,0,0,0,0,0,0,0,0,0,0,0,0,0,0,0,0,0,0,0,"","","","","",""
3908,Ujjani Dam_1,Maharashtra SW,27,Maharashtra,496,Solapur,-,-,-,-,-,-,-,-,-,18.07402000,75.12002000,17-10-2025 14:00,0,0,0,0,0,0,0,0,0,0,0,0,0,0,0,0,0,0,0,0,0,0,0,0,0,0,0,0,0,0,0,0,0,0,0,0,0,0,0,0,0,0,0,0,"","","","","",""
3909,Ujjani Dam_1,Maharashtra SW,27,Maharashtra,496,Solapur,-,-,-,-,-,-,-,-,-,18.07402000,75.12002000,17-10-2025 15:00,0,0,0,0,0,0,0,0,0,0,0,0,0,0,0,0,0,0,0,0,0,0,0,0,0,0,0,0,0,0,0,0,0,0,0,0,0,0,0,0,0,0,0,0,"","","","","",""
3910,Ujjani Dam_1,Maharashtra SW,27,Maharashtra,496,Solapur,-,-,-,-,-,-,-,-,-,18.07402000,75.12002000,17-10-2025 17:00,0,0,0,0,0,0,0,0,0,0,0,0,0,0,0,0,0,0,0,0,0,0,0,0,0,0,0,0,0,0,0,0,0,0,0,0,0,0,0,0,0,0,0,0,"","","","","",""
3911,Ujjani Dam_1,Maharashtra SW,27,Maharashtra,496,Solapur,-,-,-,-,-,-,-,-,-,18.07402000,75.12002000,17-10-2025 18:00,0,0,0,0,0,0,0,0,0,0,0,0,0,0,0,0,0,0,0,0,0,0,0,0,0,0,0,0,0,0,0,0,0,0,0,0,0,0,0,0,0,0,0,0,"","","","","",""
3912,Ujjani Dam_1,Maharashtra SW,27,Maharashtra,496,Solapur,-,-,-,-,-,-,-,-,-,18.07402000,75.12002000,17-10-2025 19:00,0,0,0,0,0,0,0,0,0,0,0,0,0,0,0,0,0,0,0,0,0,0,0,0,0,0,0,0,0,0,0,0,0,0,0,0,0,0,0,0,0,0,0,0,"","","","","",""
3913,Ujjani Dam_1,Maharashtra SW,27,Maharashtra,496,Solapur,-,-,-,-,-,-,-,-,-,18.07402000,75.12002000,17-10-2025 20:00,0,0,0,0,0,0,0,0,0,0,0,0,0,0,0,0,0,0,0,0,0,0,0,0,0,0,0,0,0,0,0,0,0,0,0,0,0,0,0,0,0,0,0,0,"","","","","",""
3914,Ujjani Dam_1,Maharashtra SW,27,Maharashtra,496,Solapur,-,-,-,-,-,-,-,-,-,18.07402000,75.12002000,17-10-2025 21:00,0,0,0,0,0,0,0,0,0,0,0,0,0,0,0,0,0,0,0,0,0,0,0,0,0,0,0,0,0,0,0,0,0,0,0,0,0,0,0,0,0,0,0,0,"","","","","",""
3915,Ujjani Dam_1,Maharashtra SW,27,Maharashtra,496,Solapur,-,-,-,-,-,-,-,-,-,18.07402000,75.12002000,17-10-2025 22:00,0,0,0,0,0,0,0,0,0,0,0,0,0,0,0,0,0,0,0,0,0,0,0,0,0,0,0,0,0,0,0,0,0,0,0,0,0,0,0,0,0,0,0,0,"","","","","",""
3916,Ujjani Dam_1,Maharashtra SW,27,Maharashtra,496,Solapur,-,-,-,-,-,-,-,-,-,18.07402000,75.12002000,17-10-2025 23:00,0,0,0,0,0,0,0,0,0,0,0,0,0,0,0,0,0,0,0,0,0,0,0,0,0,0,0,0,0,0,0,0,0,0,0,0,0,0,0,0,0,0,0,0,"","","","","",""
3917,Ujjani Dam_1,Maharashtra SW,27,Maharashtra,496,Solapur,-,-,-,-,-,-,-,-,-,18.07402000,75.12002000,18-10-2025 01:00,0,0,0,0,0,0,0,0,0,0,0,0,0,0,0,0,0,0,0,0,0,0,0,0,0,0,0,0,0,0,0,0,0,0,0,0,0,0,0,0,0,0,0,0,"","","","","",""
3918,Ujjani Dam_1,Maharashtra SW,27,Maharashtra,496,Solapur,-,-,-,-,-,-,-,-,-,18.07402000,75.12002000,18-10-2025 02:00,0,0,0,0,0,0,0,0,0,0,0,0,0,0,0,0,0,0,0,0,0,0,0,0,0,0,0,0,0,0,0,0,0,0,0,0,0,0,0,0,0,0,0,0,"","","","","",""
3919,Ujjani Dam_1,Maharashtra SW,27,Maharashtra,496,Solapur,-,-,-,-,-,-,-,-,-,18.07402000,75.12002000,18-10-2025 03:00,0,0,0,0,0,0,0,0,0,0,0,0,0,0,0,0,0,0,0,0,0,0,0,0,0,0,0,0,0,0,0,0,0,0,0,0,0,0,0,0,0,0,0,0,"","","","","",""
3920,Ujjani Dam_1,Maharashtra SW,27,Maharashtra,496,Solapur,-,-,-,-,-,-,-,-,-,18.07402000,75.12002000,18-10-2025 04:00,0,0,0,0,0,0,0,0,0,0,0,0,0,0,0,0,0,0,0,0,0,0,0,0,0,0,0,0,0,0,0,0,0,0,0,0,0,0,0,0,0,0,0,0,"","","","","",""
3921,Ujjani Dam_1,Maharashtra SW,27,Maharashtra,496,Solapur,-,-,-,-,-,-,-,-,-,18.07402000,75.12002000,18-10-2025 05:00,0,0,0,0,0,0,0,0,0,0,0,0,0,0,0,0,0,0,0,0,0,0,0,0,0,0,0,0,0,0,0,0,0,0,0,0,0,0,0,0,0,0,0,0,"","","","","",""
3922,Ujjani Dam_1,Maharashtra SW,27,Maharashtra,496,Solapur,-,-,-,-,-,-,-,-,-,18.07402000,75.12002000,18-10-2025 06:00,0,0,0,0,0,0,0,0,0,0,0,0,0,0,0,0,0,0,0,0,0,0,0,0,0,0,0,0,0,0,0,0,0,0,0,0,0,0,0,0,0,0,0,0,"","","","","",""
3923,Ujjani Dam_1,Maharashtra SW,27,Maharashtra,496,Solapur,-,-,-,-,-,-,-,-,-,18.07402000,75.12002000,18-10-2025 07:00,0,0,0,0,0,0,0,0,0,0,0,0,0,0,0,0,0,0,0,0,0,0,0,0,0,0,0,0,0,0,0,0,0,0,0,0,0,0,0,0,0,0,0,0,"","","","","",""
3924,Ujjani Dam_1,Maharashtra SW,27,Maharashtra,496,Solapur,-,-,-,-,-,-,-,-,-,18.07402000,75.12002000,18-10-2025 09:00,0,0,0,0,0,0,0,0,0,0,0,0,0,0,0,0,0,0,0,0,0,0,0,0,0,0,0,0,0,0,0,0,0,0,0,0,0,0,0,0,0,0,0,0,"","","","","",""
3925,Ujjani Dam_1,Maharashtra SW,27,Maharashtra,496,Solapur,-,-,-,-,-,-,-,-,-,18.07402000,75.12002000,18-10-2025 10:00,0,0,0,0,0,0,0,0,0,0,0,0,0,0,0,0,0,0,0,0,0,0,0,0,0,0,0,0,0,0,0,0,0,0,0,0,0,0,0,0,0,0,0,0,"","","","","",""
3926,Ujjani Dam_1,Maharashtra SW,27,Maharashtra,496,Solapur,-,-,-,-,-,-,-,-,-,18.07402000,75.12002000,18-10-2025 11:00,0,0,0,0,0,0,0,0,0,0,0,0,0,0,0,0,0,0,0,0,0,0,0,0,0,0,0,0,0,0,0,0,0,0,0,0,0,0,0,0,0,0,0,0,"","","","","",""
3927,Ujjani Dam_1,Maharashtra SW,27,Maharashtra,496,Solapur,-,-,-,-,-,-,-,-,-,18.07402000,75.12002000,18-10-2025 12:00,0,0,0,0,0,0,0,0,0,0,0,0,0,0,0,0,0,0,0,0,0,0,0,0,0,0,0,0,0,0,0,0,0,0,0,0,0,0,0,0,0,0,0,0,"","","","","",""
3928,Ujjani Dam_1,Maharashtra SW,27,Maharashtra,496,Solapur,-,-,-,-,-,-,-,-,-,18.07402000,75.12002000,18-10-2025 13:00,0,0,0,0,0,0,0,0,0,0,0,0,0,0,0,0,0,0,0,0,0,0,0,0,0,0,0,0,0,0,0,0,0,0,0,0,0,0,0,0,0,0,0,0,"","","","","",""
3929,Ujjani Dam_1,Maharashtra SW,27,Maharashtra,496,Solapur,-,-,-,-,-,-,-,-,-,18.07402000,75.12002000,18-10-2025 14:00,0,0,0,0,0,0,0,0,0,0,0,0,0,0,0,0,0,0,0,0,0,0,0,0,0,0,0,0,0,0,0,0,0,0,0,0,0,0,0,0,0,0,0,0,"","","","","",""
3930,Ujjani Dam_1,Maharashtra SW,27,Maharashtra,496,Solapur,-,-,-,-,-,-,-,-,-,18.07402000,75.12002000,18-10-2025 16:00,0,0,0,0,0,0,0,0,0,0,0,0,0,0,0,0,0,0,0,0,0,0,0,0,0,0,0,0,0,0,0,0,0,0,0,0,0,0,0,0,0,0,0,0,"","","","","",""
3931,Ujjani Dam_1,Maharashtra SW,27,Maharashtra,496,Solapur,-,-,-,-,-,-,-,-,-,18.07402000,75.12002000,18-10-2025 17:00,0,0,0,0,0,0,0,0,0,0,0,0,0,0,0,0,0,0,0,0,0,0,0,0,0,0,0,0,0,0,0,0,0,0,0,0,0,0,0,0,0,0,0,0,"","","","","",""
3932,Ujjani Dam_1,Maharashtra SW,27,Maharashtra,496,Solapur,-,-,-,-,-,-,-,-,-,18.07402000,75.12002000,18-10-2025 18:00,0,0,0,0,0,0,0,0,0,0,0,0,0,0,0,0,0,0,0,0,0,0,0,0,0,0,0,0,0,0,0,0,0,0,0,0,0,0,0,0,0,0,0,0,"","","","","",""
3933,Ujjani Dam_1,Maharashtra SW,27,Maharashtra,496,Solapur,-,-,-,-,-,-,-,-,-,18.07402000,75.12002000,18-10-2025 19:00,0,0,0,0,0,0,0,0,0,0,0,0,0,0,0,0,0,0,0,0,0,0,0,0,0,0,0,0,0,0,0,0,0,0,0,0,0,0,0,0,0,0,0,0,"","","","","",""
3934,Ujjani Dam_1,Maharashtra SW,27,Maharashtra,496,Solapur,-,-,-,-,-,-,-,-,-,18.07402000,75.12002000,18-10-2025 20:00,0,0,0,0,0,0,0,0,0,0,0,0,0,0,0,0,0,0,0,0,0,0,0,0,0,0,0,0,0,0,0,0,0,0,0,0,0,0,0,0,0,0,0,0,"","","","","",""
3935,Ujjani Dam_1,Maharashtra SW,27,Maharashtra,496,Solapur,-,-,-,-,-,-,-,-,-,18.07402000,75.12002000,18-10-2025 21:00,0,0,0,0,0,0,0,0,0,0,0,0,0,0,0,0,0,0,0,0,0,0,0,0,0,0,0,0,0,0,0,0,0,0,0,0,0,0,0,0,0,0,0,0,"","","","","",""
3936,Ujjani Dam_1,Maharashtra SW,27,Maharashtra,496,Solapur,-,-,-,-,-,-,-,-,-,18.07402000,75.12002000,18-10-2025 22:00,0,0,0,0,0,0,0,0,0,0,0,0,0,0,0,0,0,0,0,0,0,0,0,0,0,0,0,0,0,0,0,0,0,0,0,0,0,0,0,0,0,0,0,0,"","","","","",""
3937,Ujjani Dam_1,Maharashtra SW,27,Maharashtra,496,Solapur,-,-,-,-,-,-,-,-,-,18.07402000,75.12002000,19-10-2025 00:00,0,0,0,0,0,0,0,0,0,0,0,0,0,0,0,0,0,0,0,0,0,0,0,0,0,0,0,0,0,0,0,0,0,0,0,0,0,0,0,0,0,0,0,0,"","","","","",""
3938,Ujjani Dam_1,Maharashtra SW,27,Maharashtra,496,Solapur,-,-,-,-,-,-,-,-,-,18.07402000,75.12002000,19-10-2025 01:00,0,0,0,0,0,0,0,0,0,0,0,0,0,0,0,0,0,0,0,0,0,0,0,0,0,0,0,0,0,0,0,0,0,0,0,0,0,0,0,0,0,0,0,0,"","","","","",""
3939,Ujjani Dam_1,Maharashtra SW,27,Maharashtra,496,Solapur,-,-,-,-,-,-,-,-,-,18.07402000,75.12002000,19-10-2025 02:00,0,0,0,0,0,0,0,0,0,0,0,0,0,0,0,0,0,0,0,0,0,0,0,0,0,0,0,0,0,0,0,0,0,0,0,0,0,0,0,0,0,0,0,0,"","","","","",""
3940,Ujjani Dam_1,Maharashtra SW,27,Maharashtra,496,Solapur,-,-,-,-,-,-,-,-,-,18.07402000,75.12002000,19-10-2025 03:00,0,0,0,0,0,0,0,0,0,0,0,0,0,0,0,0,0,0,0,0,0,0,0,0,0,0,0,0,0,0,0,0,0,0,0,0,0,0,0,0,0,0,0,0,"","","","","",""
3941,Ujjani Dam_1,Maharashtra SW,27,Maharashtra,496,Solapur,-,-,-,-,-,-,-,-,-,18.07402000,75.12002000,19-10-2025 04:00,0,0,0,0,0,0,0,0,0,0,0,0,0,0,0,0,0,0,0,0,0,0,0,0,0,0,0,0,0,0,0,0,0,0,0,0,0,0,0,0,0,0,0,0,"","","","","",""
3942,Ujjani Dam_1,Maharashtra SW,27,Maharashtra,496,Solapur,-,-,-,-,-,-,-,-,-,18.07402000,75.12002000,19-10-2025 05:00,0,0,0,0,0,0,0,0,0,0,0,0,0,0,0,0,0,0,0,0,0,0,0,0,0,0,0,0,0,0,0,0,0,0,0,0,0,0,0,0,0,0,0,0,"","","","","",""
3943,Ujjani Dam_1,Maharashtra SW,27,Maharashtra,496,Solapur,-,-,-,-,-,-,-,-,-,18.07402000,75.12002000,19-10-2025 06:00,0,0,0,0,0,0,0,0,0,0,0,0,0,0,0,0,0,0,0,0,0,0,0,0,0,0,0,0,0,0,0,0,0,0,0,0,0,0,0,0,0,0,0,0,"","","","","",""
3944,Ujjani Dam_1,Maharashtra SW,27,Maharashtra,496,Solapur,-,-,-,-,-,-,-,-,-,18.07402000,75.12002000,19-10-2025 08:00,0,0,0,0,0,0,0,0,0,0,0,0,0,0,0,0,0,0,0,0,0,0,0,0,0,0,0,0,0,0,0,0,0,0,0,0,0,0,0,0,0,0,0,0,"","","","","",""
3945,Ujjani Dam_1,Maharashtra SW,27,Maharashtra,496,Solapur,-,-,-,-,-,-,-,-,-,18.07402000,75.12002000,19-10-2025 09:00,0,0,0,0,0,0,0,0,0,0,0,0,0,0,0,0,0,0,0,0,0,0,0,0,0,0,0,0,0,0,0,0,0,0,0,0,0,0,0,0,0,0,0,0,"","","","","",""
3946,Ujjani Dam_1,Maharashtra SW,27,Maharashtra,496,Solapur,-,-,-,-,-,-,-,-,-,18.07402000,75.12002000,19-10-2025 10:00,0,0,0,0,0,0,0,0,0,0,0,0,0,0,0,0,0,0,0,0,0,0,0,0,0,0,0,0,0,0,0,0,0,0,0,0,0,0,0,0,0,0,0,0,"","","","","",""
3947,Ujjani Dam_1,Maharashtra SW,27,Maharashtra,496,Solapur,-,-,-,-,-,-,-,-,-,18.07402000,75.12002000,19-10-2025 11:00,0,0,0,0,0,0,0,0,0,0,0,0,0,0,0,0,0,0,0,0,0,0,0,0,0,0,0,0,0,0,0,0,0,0,0,0,0,0,0,0,0,0,0,0,"","","","","",""
3948,Ujjani Dam_1,Maharashtra SW,27,Maharashtra,496,Solapur,-,-,-,-,-,-,-,-,-,18.07402000,75.12002000,19-10-2025 12:00,0,0,0,0,0,0,0,0,0,0,0,0,0,0,0,0,0,0,0,0,0,0,0,0,0,0,0,0,0,0,0,0,0,0,0,0,0,0,0,0,0,0,0,0,"","","","","",""
3949,Ujjani Dam_1,Maharashtra SW,27,Maharashtra,496,Solapur,-,-,-,-,-,-,-,-,-,18.07402000,75.12002000,19-10-2025 13:00,0,0,0,0,0,0,0,0,0,0,0,0,0,0,0,0,0,0,0,0,0,0,0,0,0,0,0,0,0,0,0,0,0,0,0,0,0,0,0,0,0,0,0,0,"","","","","",""
3950,Ujjani Dam_1,Maharashtra SW,27,Maharashtra,496,Solapur,-,-,-,-,-,-,-,-,-,18.07402000,75.12002000,19-10-2025 14:00,0,0,0,0,0,0,0,0,0,0,0,0,0,0,0,0,0,0,0,0,0,0,0,0,0,0,0,0,0,0,0,0,0,0,0,0,0,0,0,0,0,0,0,0,"","","","","",""
3951,Ujjani Dam_1,Maharashtra SW,27,Maharashtra,496,Solapur,-,-,-,-,-,-,-,-,-,18.07402000,75.12002000,19-10-2025 16:00,0,0,0,0,0,0,0,0,0,0,0,0,0,0,0,0,0,0,0,0,0,0,0,0,0,0,0,0,0,0,0,0,0,0,0,0,0,0,0,0,0,0,0,0,"","","","","",""
3952,Ujjani Dam_1,Maharashtra SW,27,Maharashtra,496,Solapur,-,-,-,-,-,-,-,-,-,18.07402000,75.12002000,19-10-2025 17:00,0,0,0,0,0,0,0,0,0,0,0,0,0,0,0,0,0,0,0,0,0,0,0,0,0,0,0,0,0,0,0,0,0,0,0,0,0,0,0,0,0,0,0,0,"","","","","",""
3953,Ujjani Dam_1,Maharashtra SW,27,Maharashtra,496,Solapur,-,-,-,-,-,-,-,-,-,18.07402000,75.12002000,19-10-2025 18:00,0,0,0,0,0,0,0,0,0,0,0,0,0,0,0,0,0,0,0,0,0,0,0,0,0,0,0,0,0,0,0,0,0,0,0,0,0,0,0,0,0,0,0,0,"","","","","",""
3954,Ujjani Dam_1,Maharashtra SW,27,Maharashtra,496,Solapur,-,-,-,-,-,-,-,-,-,18.07402000,75.12002000,19-10-2025 19:00,0,0,0,0,0,0,0,0,0,0,0,0,0,0,0,0,0,0,0,0,0,0,0,0,0,0,0,0,0,0,0,0,0,0,0,0,0,0,0,0,0,0,0,0,"","","","","",""
3955,Ujjani Dam_1,Maharashtra SW,27,Maharashtra,496,Solapur,-,-,-,-,-,-,-,-,-,18.07402000,75.12002000,19-10-2025 20:00,0,0,0,0,0,0,0,0,0,0,0,0,0,0,0,0,0,0,0,0,0,0,0,0,0,0,0,0,0,0,0,0,0,0,0,0,0,0,0,0,0,0,0,0,"","","","","",""
3956,Ujjani Dam_1,Maharashtra SW,27,Maharashtra,496,Solapur,-,-,-,-,-,-,-,-,-,18.07402000,75.12002000,19-10-2025 21:00,0,0,0,0,0,0,0,0,0,0,0,0,0,0,0,0,0,0,0,0,0,0,0,0,0,0,0,0,0,0,0,0,0,0,0,0,0,0,0,0,0,0,0,0,"","","","","",""
3957,Ujjani Dam_1,Maharashtra SW,27,Maharashtra,496,Solapur,-,-,-,-,-,-,-,-,-,18.07402000,75.12002000,19-10-2025 22:00,0,0,0,0,0,0,0,0,0,0,0,0,0,0,0,0,0,0,0,0,0,0,0,0,0,0,0,0,0,0,0,0,0,0,0,0,0,0,0,0,0,0,0,0,"","","","","",""
3958,Ujjani Dam_1,Maharashtra SW,27,Maharashtra,496,Solapur,-,-,-,-,-,-,-,-,-,18.07402000,75.12002000,20-10-2025 00:00,0,0,0,0,0,0,0,0,0,0,0,0,0,0,0,0,0,0,0,0,0,0,0,0,0,0,0,0,0,0,0,0,0,0,0,0,0,0,0,0,0,0,0,0,"","","","","",""
3959,Ujjani Dam_1,Maharashtra SW,27,Maharashtra,496,Solapur,-,-,-,-,-,-,-,-,-,18.07402000,75.12002000,20-10-2025 01:00,0,0,0,0,0,0,0,0,0,0,0,0,0,0,0,0,0,0,0,0,0,0,0,0,0,0,0,0,0,0,0,0,0,0,0,0,0,0,0,0,0,0,0,0,"","","","","",""
3960,Ujjani Dam_1,Maharashtra SW,27,Maharashtra,496,Solapur,-,-,-,-,-,-,-,-,-,18.07402000,75.12002000,20-10-2025 02:00,0,0,0,0,0,0,0,0,0,0,0,0,0,0,0,0,0,0,0,0,0,0,0,0,0,0,0,0,0,0,0,0,0,0,0,0,0,0,0,0,0,0,0,0,"","","","","",""
3961,Ujjani Dam_1,Maharashtra SW,27,Maharashtra,496,Solapur,-,-,-,-,-,-,-,-,-,18.07402000,75.12002000,20-10-2025 03:00,0,0,0,0,0,0,0,0,0,0,0,0,0,0,0,0,0,0,0,0,0,0,0,0,0,0,0,0,0,0,0,0,0,0,0,0,0,0,0,0,0,0,0,0,"","","","","",""
3962,Ujjani Dam_1,Maharashtra SW,27,Maharashtra,496,Solapur,-,-,-,-,-,-,-,-,-,18.07402000,75.12002000,20-10-2025 04:00,0,0,0,0,0,0,0,0,0,0,0,0,0,0,0,0,0,0,0,0,0,0,0,0,0,0,0,0,0,0,0,0,0,0,0,0,0,0,0,0,0,0,0,0,"","","","","",""
3963,Ujjani Dam_1,Maharashtra SW,27,Maharashtra,496,Solapur,-,-,-,-,-,-,-,-,-,18.07402000,75.12002000,20-10-2025 05:00,0,0,0,0,0,0,0,0,0,0,0,0,0,0,0,0,0,0,0,0,0,0,0,0,0,0,0,0,0,0,0,0,0,0,0,0,0,0,0,0,0,0,0,0,"","","","","",""
3964,Ujjani Dam_1,Maharashtra SW,27,Maharashtra,496,Solapur,-,-,-,-,-,-,-,-,-,18.07402000,75.12002000,20-10-2025 06:00,0,0,0,0,0,0,0,0,0,0,0,0,0,0,0,0,0,0,0,0,0,0,0,0,0,0,0,0,0,0,0,0,0,0,0,0,0,0,0,0,0,0,0,0,"","","","","",""
3965,Ujjani Dam_1,Maharashtra SW,27,Maharashtra,496,Solapur,-,-,-,-,-,-,-,-,-,18.07402000,75.12002000,20-10-2025 08:00,0,0,0,0,0,0,0,0,0,0,0,0,0,0,0,0,0,0,0,0,0,0,0,0,0,0,0,0,0,0,0,0,0,0,0,0,0,0,0,0,0,0,0,0,"","","","","",""
3966,Ujjani Dam_1,Maharashtra SW,27,Maharashtra,496,Solapur,-,-,-,-,-,-,-,-,-,18.07402000,75.12002000,20-10-2025 09:00,0,0,0,0,0,0,0,0,0,0,0,0,0,0,0,0,0,0,0,0,0,0,0,0,0,0,0,0,0,0,0,0,0,0,0,0,0,0,0,0,0,0,0,0,"","","","","",""
3967,Ujjani Dam_1,Maharashtra SW,27,Maharashtra,496,Solapur,-,-,-,-,-,-,-,-,-,18.07402000,75.12002000,20-10-2025 10:00,0,0,0,0,0,0,0,0,0,0,0,0,0,0,0,0,0,0,0,0,0,0,0,0,0,0,0,0,0,0,0,0,0,0,0,0,0,0,0,0,0,0,0,0,"","","","","",""
3968,Ujjani Dam_1,Maharashtra SW,27,Maharashtra,496,Solapur,-,-,-,-,-,-,-,-,-,18.07402000,75.12002000,20-10-2025 11:00,0,0,0,0,0,0,0,0,0,0,0,0,0,0,0,0,0,0,0,0,0,0,0,0,0,0,0,0,0,0,0,0,0,0,0,0,0,0,0,0,0,0,0,0,"","","","","",""
3969,Ujjani Dam_1,Maharashtra SW,27,Maharashtra,496,Solapur,-,-,-,-,-,-,-,-,-,18.07402000,75.12002000,20-10-2025 12:00,0,0,0,0,0,0,0,0,0,0,0,0,0,0,0,0,0,0,0,0,0,0,0,0,0,0,0,0,0,0,0,0,0,0,0,0,0,0,0,0,0,0,0,0,"","","","","",""
3970,Ujjani Dam_1,Maharashtra SW,27,Maharashtra,496,Solapur,-,-,-,-,-,-,-,-,-,18.07402000,75.12002000,20-10-2025 13:00,0,0,0,0,0,0,0,0,0,0,0,0,0,0,0,0,0,0,0,0,0,0,0,0,0,0,0,0,0,0,0,0,0,0,0,0,0,0,0,0,0,0,0,0,"","","","","",""
3971,Ujjani Dam_1,Maharashtra SW,27,Maharashtra,496,Solapur,-,-,-,-,-,-,-,-,-,18.07402000,75.12002000,20-10-2025 14:00,0,0,0,0,0,0,0,0,0,0,0,0,0,0,0,0,0,0,0,0,0,0,0,0,0,0,0,0,0,0,0,0,0,0,0,0,0,0,0,0,0,0,0,0,"","","","","",""
3972,Ujjani Dam_1,Maharashtra SW,27,Maharashtra,496,Solapur,-,-,-,-,-,-,-,-,-,18.07402000,75.12002000,20-10-2025 16:00,0,0,0,0,0,0,0,0,0,0,0,0,0,0,0,0,0,0,0,0,0,0,0,0,0,0,0,0,0,0,0,0,0,0,0,0,0,0,0,0,0,0,0,0,"","","","","",""
3973,Ujjani Dam_1,Maharashtra SW,27,Maharashtra,496,Solapur,-,-,-,-,-,-,-,-,-,18.07402000,75.12002000,20-10-2025 17:00,0,0,0,0,0,0,0,0,0,0,0,0,0,0,0,0,0,0,0,0,0,0,0,0,0,0,0,0,0,0,0,0,0,0,0,0,0,0,0,0,0,0,0,0,"","","","","",""
3974,Ujjani Dam_1,Maharashtra SW,27,Maharashtra,496,Solapur,-,-,-,-,-,-,-,-,-,18.07402000,75.12002000,20-10-2025 18:00,0,0,0,0,0,0,0,0,0,0,0,0,0,0,0,0,0,0,0,0,0,0,0,0,0,0,0,0,0,0,0,0,0,0,0,0,0,0,0,0,0,0,0,0,"","","","","",""
3975,Ujjani Dam_1,Maharashtra SW,27,Maharashtra,496,Solapur,-,-,-,-,-,-,-,-,-,18.07402000,75.12002000,20-10-2025 19:00,0,0,0,0,0,0,0,0,0,0,0,0,0,0,0,0,0,0,0,0,0,0,0,0,0,0,0,0,0,0,0,0,0,0,0,0,0,0,0,0,0,0,0,0,"","","","","",""
3976,Ujjani Dam_1,Maharashtra SW,27,Maharashtra,496,Solapur,-,-,-,-,-,-,-,-,-,18.07402000,75.12002000,20-10-2025 20:00,0,0,0,0,0,0,0,0,0,0,0,0,0,0,0,0,0,0,0,0,0,0,0,0,0,0,0,0,0,0,0,0,0,0,0,0,0,0,0,0,0,0,0,0,"","","","","",""
3977,Ujjani Dam_1,Maharashtra SW,27,Maharashtra,496,Solapur,-,-,-,-,-,-,-,-,-,18.07402000,75.12002000,20-10-2025 21:00,0,0,0,0,0,0,0,0,0,0,0,0,0,0,0,0,0,0,0,0,0,0,0,0,0,0,0,0,0,0,0,0,0,0,0,0,0,0,0,0,0,0,0,0,"","","","","",""
3978,Ujjani Dam_1,Maharashtra SW,27,Maharashtra,496,Solapur,-,-,-,-,-,-,-,-,-,18.07402000,75.12002000,20-10-2025 22:00,0,0,0,0,0,0,0,0,0,0,0,0,0,0,0,0,0,0,0,0,0,0,0,0,0,0,0,0,0,0,0,0,0,0,0,0,0,0,0,0,0,0,0,0,"","","","","",""
3979,Ujjani Dam_1,Maharashtra SW,27,Maharashtra,496,Solapur,-,-,-,-,-,-,-,-,-,18.07402000,75.12002000,21-10-2025 00:00,0,0,0,0,0,0,0,0,0,0,0,0,0,0,0,0,0,0,0,0,0,0,0,0,0,0,0,0,0,0,0,0,0,0,0,0,0,0,0,0,0,0,0,0,"","","","","",""
3980,Ujjani Dam_1,Maharashtra SW,27,Maharashtra,496,Solapur,-,-,-,-,-,-,-,-,-,18.07402000,75.12002000,21-10-2025 01:00,0,0,0,0,0,0,0,0,0,0,0,0,0,0,0,0,0,0,0,0,0,0,0,0,0,0,0,0,0,0,0,0,0,0,0,0,0,0,0,0,0,0,0,0,"","","","","",""
3981,Ujjani Dam_1,Maharashtra SW,27,Maharashtra,496,Solapur,-,-,-,-,-,-,-,-,-,18.07402000,75.12002000,21-10-2025 02:00,0,0,0,0,0,0,0,0,0,0,0,0,0,0,0,0,0,0,0,0,0,0,0,0,0,0,0,0,0,0,0,0,0,0,0,0,0,0,0,0,0,0,0,0,"","","","","",""
3982,Ujjani Dam_1,Maharashtra SW,27,Maharashtra,496,Solapur,-,-,-,-,-,-,-,-,-,18.07402000,75.12002000,21-10-2025 03:00,0,0,0,0,0,0,0,0,0,0,0,0,0,0,0,0,0,0,0,0,0,0,0,0,0,0,0,0,0,0,0,0,0,0,0,0,0,0,0,0,0,0,0,0,"","","","","",""
3983,Ujjani Dam_1,Maharashtra SW,27,Maharashtra,496,Solapur,-,-,-,-,-,-,-,-,-,18.07402000,75.12002000,21-10-2025 04:00,0,0,0,0,0,0,0,0,0,0,0,0,0,0,0,0,0,0,0,0,0,0,0,0,0,0,0,0,0,0,0,0,0,0,0,0,0,0,0,0,0,0,0,0,"","","","","",""
3984,Ujjani Dam_1,Maharashtra SW,27,Maharashtra,496,Solapur,-,-,-,-,-,-,-,-,-,18.07402000,75.12002000,21-10-2025 05:00,0,0,0,0,0,0,0,0,0,0,0,0,0,0,0,0,0,0,0,0,0,0,0,0,0,0,0,0,0,0,0,0,0,0,0,0,0,0,0,0,0,0,0,0,"","","","","",""
3985,Ujjani Dam_1,Maharashtra SW,27,Maharashtra,496,Solapur,-,-,-,-,-,-,-,-,-,18.07402000,75.12002000,21-10-2025 06:00,0,0,0,0,0,0,0,0,0,0,0,0,0,0,0,0,0,0,0,0,0,0,0,0,0,0,0,0,0,0,0,0,0,0,0,0,0,0,0,0,0,0,0,0,"","","","","",""
3986,Ujjani Dam_1,Maharashtra SW,27,Maharashtra,496,Solapur,-,-,-,-,-,-,-,-,-,18.07402000,75.12002000,21-10-2025 08:00,0,0,0,0,0,0,0,0,0,0,0,0,0,0,0,0,0,0,0,0,0,0,0,0,0,0,0,0,0,0,0,0,0,0,0,0,0,0,0,0,0,0,0,0,"","","","","",""
3987,Ujjani Dam_1,Maharashtra SW,27,Maharashtra,496,Solapur,-,-,-,-,-,-,-,-,-,18.07402000,75.12002000,21-10-2025 09:00,0,0,0,0,0,0,0,0,0,0,0,0,0,0,0,0,0,0,0,0,0,0,0,0,0,0,0,0,0,0,0,0,0,0,0,0,0,0,0,0,0,0,0,0,"","","","","",""
3988,Ujjani Dam_1,Maharashtra SW,27,Maharashtra,496,Solapur,-,-,-,-,-,-,-,-,-,18.07402000,75.12002000,21-10-2025 10:00,0,0,0,0,0,0,0,0,0,0,0,0,0,0,0,0,0,0,0,0,0,0,0,0,0,0,0,0,0,0,0,0,0,0,0,0,0,0,0,0,0,0,0,0,"","","","","",""
3989,Ujjani Dam_1,Maharashtra SW,27,Maharashtra,496,Solapur,-,-,-,-,-,-,-,-,-,18.07402000,75.12002000,21-10-2025 11:00,0,0,0,0,0,0,0,0,0,0,0,0,0,0,0,0,0,0,0,0,0,0,0,0,0,0,0,0,0,0,0,0,0,0,0,0,0,0,0,0,0,0,0,0,"","","","","",""
3990,Ujjani Dam_1,Maharashtra SW,27,Maharashtra,496,Solapur,-,-,-,-,-,-,-,-,-,18.07402000,75.12002000,21-10-2025 12:00,0,0,0,0,0,0,0,0,0,0,0,0,0,0,0,0,0,0,0,0,0,0,0,0,0,0,0,0,0,0,0,0,0,0,0,0,0,0,0,0,0,0,0,0,"","","","","",""
3991,Ujjani Dam_1,Maharashtra SW,27,Maharashtra,496,Solapur,-,-,-,-,-,-,-,-,-,18.07402000,75.12002000,21-10-2025 13:00,0,0,0,0,0,0,0,0,0,0,0,0,0,0,0,0,0,0,0,0,0,0,0,0,0,0,0,0,0,0,0,0,0,0,0,0,0,0,0,0,0,0,0,0,"","","","","",""
3992,Ujjani Dam_1,Maharashtra SW,27,Maharashtra,496,Solapur,-,-,-,-,-,-,-,-,-,18.07402000,75.12002000,21-10-2025 15:00,0,0,0,0,0,0,0,0,0,0,0,0,0,0,0,0,0,0,0,0,0,0,0,0,0,0,0,0,0,0,0,0,0,0,0,0,0,0,0,0,0,0,0,0,"","","","","",""
3993,Ujjani Dam_1,Maharashtra SW,27,Maharashtra,496,Solapur,-,-,-,-,-,-,-,-,-,18.07402000,75.12002000,21-10-2025 16:00,0,0,0,0,0,0,0,0,0,0,0,0,0,0,0,0,0,0,0,0,0,0,0,0,0,0,0,0,0,0,0,0,0,0,0,0,0,0,0,0,0,0,0,0,"","","","","",""
3994,Ujjani Dam_1,Maharashtra SW,27,Maharashtra,496,Solapur,-,-,-,-,-,-,-,-,-,18.07402000,75.12002000,21-10-2025 17:00,0,0,0,0,0,0,0,0,0,0,0,0,0,0,0,0,0,0,0,0,0,0,0,0,0,0,0,0,0,0,0,0,0,0,0,0,0,0,0,0,0,0,0,0,"","","","","",""
3995,Ujjani Dam_1,Maharashtra SW,27,Maharashtra,496,Solapur,-,-,-,-,-,-,-,-,-,18.07402000,75.12002000,21-10-2025 18:00,0,0,0,0,0,0,0,0,0,0,0,0,0,0,0,0,0,0,0,0,0,0,0,0,0,0,0,0,0,0,0,0,0,0,0,0,0,0,0,0,0,0,0,0,"","","","","",""
3996,Ujjani Dam_1,Maharashtra SW,27,Maharashtra,496,Solapur,-,-,-,-,-,-,-,-,-,18.07402000,75.12002000,21-10-2025 19:00,0,0,0,0,0,0,0,0,0,0,0,0,0,0,0,0,0,0,0,0,0,0,0,0,0,0,0,0,0,0,0,0,0,0,0,0,0,0,0,0,0,0,0,0,"","","","","",""
3997,Ujjani Dam_1,Maharashtra SW,27,Maharashtra,496,Solapur,-,-,-,-,-,-,-,-,-,18.07402000,75.12002000,21-10-2025 20:00,0,0,0,0,0,0,0,0,0,0,0,0,0,0,0,0,0,0,0,0,0,0,0,0,0,0,0,0,0,0,0,0,0,0,0,0,0,0,0,0,0,0,0,0,"","","","","",""
3998,Ujjani Dam_1,Maharashtra SW,27,Maharashtra,496,Solapur,-,-,-,-,-,-,-,-,-,18.07402000,75.12002000,21-10-2025 21:00,0,0,0,0,0,0,0,0,0,0,0,0,0,0,0,0,0,0,0,0,0,0,0,0,0,0,0,0,0,0,0,0,0,0,0,0,0,0,0,0,0,0,0,0,"","","","","",""
3999,Ujjani Dam_1,Maharashtra SW,27,Maharashtra,496,Solapur,-,-,-,-,-,-,-,-,-,18.07402000,75.12002000,21-10-2025 23:00,0,0,0,0,0,0,0,0,0,0,0,0,0,0,0,0,0,0,0,0,0,0,0,0,0,0,0,0,0,0,0,0,0,0,0,0,0,0,0,0,0,0,0,0,"","","","","",""
4000,Ujjani Dam_1,Maharashtra SW,27,Maharashtra,496,Solapur,-,-,-,-,-,-,-,-,-,18.07402000,75.12002000,22-10-2025 00:00,0,0,0,0,0,0,0,0,0,0,0,0,0,0,0,0,0,0,0,0,0,0,0,0,0,0,0,0,0,0,0,0,0,0,0,0,0,0,0,0,0,0,0,0,"","","","","",""
4001,Ujjani Dam_1,Maharashtra SW,27,Maharashtra,496,Solapur,-,-,-,-,-,-,-,-,-,18.07402000,75.12002000,22-10-2025 01:00,0,0,0,0,0,0,0,0,0,0,0,0,0,0,0,0,0,0,0,0,0,0,0,0,0,0,0,0,0,0,0,0,0,0,0,0,0,0,0,0,0,0,0,0,"","","","","",""
4002,Ujjani Dam_1,Maharashtra SW,27,Maharashtra,496,Solapur,-,-,-,-,-,-,-,-,-,18.07402000,75.12002000,22-10-2025 02:00,0,0,0,0,0,0,0,0,0,0,0,0,0,0,0,0,0,0,0,0,0,0,0,0,0,0,0,0,0,0,0,0,0,0,0,0,0,0,0,0,0,0,0,0,"","","","","",""
4003,Ujjani Dam_1,Maharashtra SW,27,Maharashtra,496,Solapur,-,-,-,-,-,-,-,-,-,18.07402000,75.12002000,22-10-2025 03:00,0,0,0,0,0,0,0,0,0,0,0,0,0,0,0,0,0,0,0,0,0,0,0,0,0,0,0,0,0,0,0,0,0,0,0,0,0,0,0,0,0,0,0,0,"","","","","",""
4004,Ujjani Dam_1,Maharashtra SW,27,Maharashtra,496,Solapur,-,-,-,-,-,-,-,-,-,18.07402000,75.12002000,22-10-2025 04:00,0,0,0,0,0,0,0,0,0,0,0,0,0,0,0,0,0,0,0,0,0,0,0,0,0,0,0,0,0,0,0,0,0,0,0,0,0,0,0,0,0,0,0,0,"","","","","",""
4005,Ujjani Dam_1,Maharashtra SW,27,Maharashtra,496,Solapur,-,-,-,-,-,-,-,-,-,18.07402000,75.12002000,22-10-2025 05:00,0,0,0,0,0,0,0,0,0,0,0,0,0,0,0,0,0,0,0,0,0,0,0,0,0,0,0,0,0,0,0,0,0,0,0,0,0,0,0,0,0,0,0,0,"","","","","",""
4006,Ujjani Dam_1,Maharashtra SW,27,Maharashtra,496,Solapur,-,-,-,-,-,-,-,-,-,18.07402000,75.12002000,22-10-2025 07:00,0,0,0,0,0,0,0,0,0,0,0,0,0,0,0,0,0,0,0,0,0,0,0,0,0,0,0,0,0,0,0,0,0,0,0,0,0,0,0,0,0,0,0,0,"","","","","",""
4007,Ujjani Dam_1,Maharashtra SW,27,Maharashtra,496,Solapur,-,-,-,-,-,-,-,-,-,18.07402000,75.12002000,22-10-2025 08:00,0,0,0,0,0,0,0,0,0,0,0,0,0,0,0,0,0,0,0,0,0,0,0,0,0,0,0,0,0,0,0,0,0,0,0,0,0,0,0,0,0,0,0,0,"","","","","",""
4008,Ujjani Dam_1,Maharashtra SW,27,Maharashtra,496,Solapur,-,-,-,-,-,-,-,-,-,18.07402000,75.12002000,22-10-2025 09:00,0,0,0,0,0,0,0,0,0,0,0,0,0,0,0,0,0,0,0,0,0,0,0,0,0,0,0,0,0,0,0,0,0,0,0,0,0,0,0,0,0,0,0,0,"","","","","",""
4009,Ujjani Dam_1,Maharashtra SW,27,Maharashtra,496,Solapur,-,-,-,-,-,-,-,-,-,18.07402000,75.12002000,22-10-2025 10:00,0,0,0,0,0,0,0,0,0,0,0,0,0,0,0,0,0,0,0,0,0,0,0,0,0,0,0,0,0,0,0,0,0,0,0,0,0,0,0,0,0,0,0,0,"","","","","",""
4010,Ujjani Dam_1,Maharashtra SW,27,Maharashtra,496,Solapur,-,-,-,-,-,-,-,-,-,18.07402000,75.12002000,22-10-2025 11:00,0,0,0,0,0,0,0,0,0,0,0,0,0,0,0,0,0,0,0,0,0,0,0,0,0,0,0,0,0,0,0,0,0,0,0,0,0,0,0,0,0,0,0,0,"","","","","",""
4011,Ujjani Dam_1,Maharashtra SW,27,Maharashtra,496,Solapur,-,-,-,-,-,-,-,-,-,18.07402000,75.12002000,22-10-2025 12:00,0,0,0,0,0,0,0,0,0,0,0,0,0,0,0,0,0,0,0,0,0,0,0,0,0,0,0,0,0,0,0,0,0,0,0,0,0,0,0,0,0,0,0,0,"","","","","",""
4012,Ujjani Dam_1,Maharashtra SW,27,Maharashtra,496,Solapur,-,-,-,-,-,-,-,-,-,18.07402000,75.12002000,22-10-2025 13:00,0,0,0,0,0,0,0,0,0,0,0,0,0,0,0,0,0,0,0,0,0,0,0,0,0,0,0,0,0,0,0,0,0,0,0,0,0,0,0,0,0,0,0,0,"","","","","",""
4013,Ujjani Dam_1,Maharashtra SW,27,Maharashtra,496,Solapur,-,-,-,-,-,-,-,-,-,18.07402000,75.12002000,22-10-2025 15:00,0,0,0,0,0,0,0,0,0,0,0,0,0,0,0,0,0,0,0,0,0,0,0,0,0,0,0,0,0,0,0,0,0,0,0,0,0,0,0,0,0,0,0,0,"","","","","",""
4014,Ujjani Dam_1,Maharashtra SW,27,Maharashtra,496,Solapur,-,-,-,-,-,-,-,-,-,18.07402000,75.12002000,22-10-2025 16:00,0,0,0,0,0,0,0,0,0,0,0,0,0,0,0,0,0,0,0,0,0,0,0,0,0,0,0,0,0,0,0,0,0,0,0,0,0,0,0,0,0,0,0,0,"","","","","",""
4015,Ujjani Dam_1,Maharashtra SW,27,Maharashtra,496,Solapur,-,-,-,-,-,-,-,-,-,18.07402000,75.12002000,22-10-2025 17:00,0,0,0,0,0,0,0,0,0,0,0,0,0,0,0,0,0,0,0,0,0,0,0,0,0,0,0,0,0,0,0,0,0,0,0,0,0,0,0,0,0,0,0,0,"","","","","",""
4016,Ujjani Dam_1,Maharashtra SW,27,Maharashtra,496,Solapur,-,-,-,-,-,-,-,-,-,18.07402000,75.12002000,22-10-2025 18:00,0,0,0,0,0,0,0,0,0,0,0,0,0,0,0,0,0,0,0,0,0,0,0,0,0,0,0,0,0,0,0,0,0,0,0,0,0,0,0,0,0,0,0,0,"","","","","",""
4017,Ujjani Dam_1,Maharashtra SW,27,Maharashtra,496,Solapur,-,-,-,-,-,-,-,-,-,18.07402000,75.12002000,22-10-2025 19:00,0,0,0,0,0,0,0,0,0,0,0,0,0,0,0,0,0,0,0,0,0,0,0,0,0,0,0,0,0,0,0,0,0,0,0,0,0,0,0,0,0,0,0,0,"","","","","",""
4018,Ujjani Dam_1,Maharashtra SW,27,Maharashtra,496,Solapur,-,-,-,-,-,-,-,-,-,18.07402000,75.12002000,22-10-2025 20:00,0,0,0,0,0,0,0,0,0,0,0,0,0,0,0,0,0,0,0,0,0,0,0,0,0,0,0,0,0,0,0,0,0,0,0,0,0,0,0,0,0,0,0,0,"","","","","",""
4019,Ujjani Dam_1,Maharashtra SW,27,Maharashtra,496,Solapur,-,-,-,-,-,-,-,-,-,18.07402000,75.12002000,22-10-2025 21:00,0,0,0,0,0,0,0,0,0,0,0,0,0,0,0,0,0,0,0,0,0,0,0,0,0,0,0,0,0,0,0,0,0,0,0,0,0,0,0,0,0,0,0,0,"","","","","",""
4020,Ujjani Dam_1,Maharashtra SW,27,Maharashtra,496,Solapur,-,-,-,-,-,-,-,-,-,18.07402000,75.12002000,22-10-2025 23:00,0,0,0,0,0,0,0,0,0,0,0,0,0,0,0,0,0,0,0,0,0,0,0,0,0,0,0,0,0,0,0,0,0,0,0,0,0,0,0,0,0,0,0,0,"","","","","",""
4021,Ujjani Dam_1,Maharashtra SW,27,Maharashtra,496,Solapur,-,-,-,-,-,-,-,-,-,18.07402000,75.12002000,23-10-2025 00:00,0,0,0,0,0,0,0,0,0,0,0,0,0,0,0,0,0,0,0,0,0,0,0,0,0,0,0,0,0,0,0,0,0,0,0,0,0,0,0,0,0,0,0,0,"","","","","",""
4022,Ujjani Dam_1,Maharashtra SW,27,Maharashtra,496,Solapur,-,-,-,-,-,-,-,-,-,18.07402000,75.12002000,23-10-2025 01:00,0,0,0,0,0,0,0,0,0,0,0,0,0,0,0,0,0,0,0,0,0,0,0,0,0,0,0,0,0,0,0,0,0,0,0,0,0,0,0,0,0,0,0,0,"","","","","",""
4023,Ujjani Dam_1,Maharashtra SW,27,Maharashtra,496,Solapur,-,-,-,-,-,-,-,-,-,18.07402000,75.12002000,23-10-2025 02:00,0,0,0,0,0,0,0,0,0,0,0,0,0,0,0,0,0,0,0,0,0,0,0,0,0,0,0,0,0,0,0,0,0,0,0,0,0,0,0,0,0,0,0,0,"","","","","",""
4024,Ujjani Dam_1,Maharashtra SW,27,Maharashtra,496,Solapur,-,-,-,-,-,-,-,-,-,18.07402000,75.12002000,23-10-2025 03:00,0,0,0,0,0,0,0,0,0,0,0,0,0,0,0,0,0,0,0,0,0,0,0,0,0,0,0,0,0,0,0,0,0,0,0,0,0,0,0,0,0,0,0,0,"","","","","",""
4025,Ujjani Dam_1,Maharashtra SW,27,Maharashtra,496,Solapur,-,-,-,-,-,-,-,-,-,18.07402000,75.12002000,23-10-2025 04:00,0,0,0,0,0,0,0,0,0,0,0,0,0,0,0,0,0,0,0,0,0,0,0,0,0,0,0,0,0,0,0,0,0,0,0,0,0,0,0,0,0,0,0,0,"","","","","",""
4026,Ujjani Dam_1,Maharashtra SW,27,Maharashtra,496,Solapur,-,-,-,-,-,-,-,-,-,18.07402000,75.12002000,23-10-2025 05:00,0,0,0,0,0,0,0,0,0,0,0,0,0,0,0,0,0,0,0,0,0,0,0,0,0,0,0,0,0,0,0,0,0,0,0,0,0,0,0,0,0,0,0,0,"","","","","",""
