SlNo,Station,Agency,State LGD Code,State,District LGD Code,District,Tehsil,Block,Village,River,Basin,Tributary,Subtributary,SubSubtributary,Local River,Latitude,Longitude,Data Acquisition Time,Gate-1 Discharge (cusec),Gate-2 Discharge (cusec),Gate-3 Discharge (cusec),Gate-4 Discharge (cusec),Gate-5 Discharge (cusec),Gate-6 Discharge (cusec),Gate-7 Discharge (cusec),Gate-8 Discharge (cusec),Gate-9 Discharge (cusec),Gate-10 Discharge (cusec),Gate-11 Discharge (cusec),Gate-12 Discharge (cusec),Gate-13 Discharge (cusec),Gate-14 Discharge (cusec),Gate-15 Discharge (cusec),Gate-16 Discharge (cusec),Gate-17 Discharge (cusec),Gate-18 Discharge (cusec),Gate-19 Discharge (cusec),Gate-20 Discharge (cusec),Gate-21 Discharge (cusec),Gate-22 Discharge (cusec),Gate-23 Discharge (cusec),Gate-24 Discharge (cusec),Gate-25 Discharge (cusec),Gate-26 Discharge (cusec),Gate-27 Discharge (cusec),Gate-28 Discharge (cusec),Gate-29 Discharge (cusec),Gate-30 Discharge (cusec),Gate-31 Discharge (cusec),Gate-32 Discharge (cusec),Gate-33 Discharge (cusec),Gate-34 Discharge (cusec),Gate-35 Discharge (cusec),Gate-36 Discharge (cusec),Gate-37 Discharge (cusec),Gate-38 Discharge (cusec),Gate-39 Discharge (cusec),Gate-40 Discharge (cusec),Gate-41 Discharge (cusec),Gate-42 Discharge (cusec),Gate-43 Discharge (cusec),Gate-44 Discharge (cusec),Gate-45 Discharge (cusec),Gate-46 Discharge (cusec),Gate-47 Discharge (cusec),Gate-48 Discharge (cusec),Gate-49 Discharge (cusec),Gate-50 Discharge (cusec)
1,Ujjani Dam Rain Gauge,Maharashtra SW,27,Maharashtra,496,Solapur,-,-,-,-,-,-,-,-,-,18.07402000,75.12002000,23-10-2023 03:00,0,0,0,0,0,0,0,0,0,0,0,0,0,0,0,0,0,0,0,0,0,0,0,0,0,0,0,0,0,0,0,0,0,0,0,0,0,0,0,0,0,0,0,0,0,0,0,0,0,0
2,Ujjani Dam Rain Gauge,Maharashtra SW,27,Maharashtra,496,Solapur,-,-,-,-,-,-,-,-,-,18.07402000,75.12002000,23-10-2023 04:00,0,0,0,0,0,0,0,0,0,0,0,0,0,0,0,0,0,0,0,0,0,0,0,0,0,0,0,0,0,0,0,0,0,0,0,0,0,0,0,0,0,0,0,0,0,0,0,0,0,0
3,Ujjani Dam Rain Gauge,Maharashtra SW,27,Maharashtra,496,Solapur,-,-,-,-,-,-,-,-,-,18.07402000,75.12002000,23-10-2023 05:00,0,0,0,0,0,0,0,0,0,0,0,0,0,0,0,0,0,0,0,0,0,0,0,0,0,0,0,0,0,0,0,0,0,0,0,0,0,0,0,0,0,0,0,0,0,0,0,0,0,0
4,Ujjani Dam Rain Gauge,Maharashtra SW,27,Maharashtra,496,Solapur,-,-,-,-,-,-,-,-,-,18.07402000,75.12002000,02-11-2023 11:00,0,0,0,0,0,0,0,0,0,0,0,0,0,0,0,0,0,0,0,0,0,0,0,0,0,0,0,0,0,0,0,0,0,0,0,0,0,0,0,0,0,0,0,0,0,0,0,0,0,0
5,Ujjani Dam Rain Gauge,Maharashtra SW,27,Maharashtra,496,Solapur,-,-,-,-,-,-,-,-,-,18.07402000,75.12002000,02-11-2023 12:00,0,0,0,0,0,0,0,0,0,0,0,0,0,0,0,0,0,0,0,0,0,0,0,0,0,0,0,0,0,0,0,0,0,0,0,0,0,0,0,0,0,0,0,0,0,0,0,0,0,0
6,Ujjani Dam Rain Gauge,Maharashtra SW,27,Maharashtra,496,Solapur,-,-,-,-,-,-,-,-,-,18.07402000,75.12002000,06-11-2023 14:00,0,0,0,0,0,0,0,0,0,0,0,0,0,0,0,0,0,0,0,0,0,0,0,0,0,0,0,0,0,0,0,0,0,0,0,0,0,0,0,0,0,0,0,0,"","","","","",""
7,Ujjani Dam Rain Gauge,Maharashtra SW,27,Maharashtra,496,Solapur,-,-,-,-,-,-,-,-,-,18.07402000,75.12002000,06-11-2023 15:00,0,0,0,0,0,0,0,0,0,0,0,0,0,0,0,0,0,0,0,0,0,0,0,0,0,0,0,0,0,0,0,0,0,0,0,0,0,0,0,0,0,0,0,0,"","","","","",""
8,Ujjani Dam Rain Gauge,Maharashtra SW,27,Maharashtra,496,Solapur,-,-,-,-,-,-,-,-,-,18.07402000,75.12002000,06-11-2023 16:00,0,0,0,0,0,0,0,0,0,0,0,0,0,0,0,0,0,0,0,0,0,0,0,0,0,0,0,0,0,0,0,0,0,0,0,0,0,0,0,0,0,0,0,0,"","","","","",""
9,Ujjani Dam Rain Gauge,Maharashtra SW,27,Maharashtra,496,Solapur,-,-,-,-,-,-,-,-,-,18.07402000,75.12002000,06-11-2023 17:00,0,0,0,0,0,0,0,0,0,0,0,0,0,0,0,0,0,0,0,0,0,0,0,0,0,0,0,0,0,0,0,0,0,0,0,0,0,0,0,0,0,0,0,0,"","","","","",""
10,Ujjani Dam Rain Gauge,Maharashtra SW,27,Maharashtra,496,Solapur,-,-,-,-,-,-,-,-,-,18.07402000,75.12002000,06-11-2023 18:00,0,0,0,0,0,0,0,0,0,0,0,0,0,0,0,0,0,0,0,0,0,0,0,0,0,0,0,0,0,0,0,0,0,0,0,0,0,0,0,0,0,0,0,0,"","","","","",""
11,Ujjani Dam Rain Gauge,Maharashtra SW,27,Maharashtra,496,Solapur,-,-,-,-,-,-,-,-,-,18.07402000,75.12002000,06-11-2023 19:00,0,0,0,0,0,0,0,0,0,0,0,0,0,0,0,0,0,0,0,0,0,0,0,0,0,0,0,0,0,0,0,0,0,0,0,0,0,0,0,0,0,0,0,0,"","","","","",""
12,Ujjani Dam Rain Gauge,Maharashtra SW,27,Maharashtra,496,Solapur,-,-,-,-,-,-,-,-,-,18.07402000,75.12002000,06-11-2023 20:00,0,0,0,0,0,0,0,0,0,0,0,0,0,0,0,0,0,0,0,0,0,0,0,0,0,0,0,0,0,0,0,0,0,0,0,0,0,0,0,0,0,0,0,0,"","","","","",""
13,Ujjani Dam Rain Gauge,Maharashtra SW,27,Maharashtra,496,Solapur,-,-,-,-,-,-,-,-,-,18.07402000,75.12002000,06-11-2023 21:00,0,0,0,0,0,0,0,0,0,0,0,0,0,0,0,0,0,0,0,0,0,0,0,0,0,0,0,0,0,0,0,0,0,0,0,0,0,0,0,0,0,0,0,0,"","","","","",""
14,Ujjani Dam Rain Gauge,Maharashtra SW,27,Maharashtra,496,Solapur,-,-,-,-,-,-,-,-,-,18.07402000,75.12002000,06-11-2023 22:00,0,0,0,0,0,0,0,0,0,0,0,0,0,0,0,0,0,0,0,0,0,0,0,0,0,0,0,0,0,0,0,0,0,0,0,0,0,0,0,0,0,0,0,0,"","","","","",""
15,Ujjani Dam Rain Gauge,Maharashtra SW,27,Maharashtra,496,Solapur,-,-,-,-,-,-,-,-,-,18.07402000,75.12002000,06-11-2023 23:00,0,0,0,0,0,0,0,0,0,0,0,0,0,0,0,0,0,0,0,0,0,0,0,0,0,0,0,0,0,0,0,0,0,0,0,0,0,0,0,0,0,0,0,0,"","","","","",""
16,Ujjani Dam Rain Gauge,Maharashtra SW,27,Maharashtra,496,Solapur,-,-,-,-,-,-,-,-,-,18.07402000,75.12002000,07-11-2023 00:00,0,0,0,0,0,0,0,0,0,0,0,0,0,0,0,0,0,0,0,0,0,0,0,0,0,0,0,0,0,0,0,0,0,0,0,0,0,0,0,0,0,0,0,0,"","","","","",""
17,Ujjani Dam Rain Gauge,Maharashtra SW,27,Maharashtra,496,Solapur,-,-,-,-,-,-,-,-,-,18.07402000,75.12002000,07-11-2023 01:00,0,0,0,0,0,0,0,0,0,0,0,0,0,0,0,0,0,0,0,0,0,0,0,0,0,0,0,0,0,0,0,0,0,0,0,0,0,0,0,0,0,0,0,0,"","","","","",""
18,Ujjani Dam Rain Gauge,Maharashtra SW,27,Maharashtra,496,Solapur,-,-,-,-,-,-,-,-,-,18.07402000,75.12002000,07-11-2023 02:00,0,0,0,0,0,0,0,0,0,0,0,0,0,0,0,0,0,0,0,0,0,0,0,0,0,0,0,0,0,0,0,0,0,0,0,0,0,0,0,0,0,0,0,0,"","","","","",""
19,Ujjani Dam Rain Gauge,Maharashtra SW,27,Maharashtra,496,Solapur,-,-,-,-,-,-,-,-,-,18.07402000,75.12002000,07-11-2023 03:00,0,0,0,0,0,0,0,0,0,0,0,0,0,0,0,0,0,0,0,0,0,0,0,0,0,0,0,0,0,0,0,0,0,0,0,0,0,0,0,0,0,0,0,0,"","","","","",""
20,Ujjani Dam Rain Gauge,Maharashtra SW,27,Maharashtra,496,Solapur,-,-,-,-,-,-,-,-,-,18.07402000,75.12002000,07-11-2023 04:00,0,0,0,0,0,0,0,0,0,0,0,0,0,0,0,0,0,0,0,0,0,0,0,0,0,0,0,0,0,0,0,0,0,0,0,0,0,0,0,0,0,0,0,0,"","","","","",""
21,Ujjani Dam Rain Gauge,Maharashtra SW,27,Maharashtra,496,Solapur,-,-,-,-,-,-,-,-,-,18.07402000,75.12002000,07-11-2023 05:00,0,0,0,0,0,0,0,0,0,0,0,0,0,0,0,0,0,0,0,0,0,0,0,0,0,0,0,0,0,0,0,0,0,0,0,0,0,0,0,0,0,0,0,0,"","","","","",""
22,Ujjani Dam Rain Gauge,Maharashtra SW,27,Maharashtra,496,Solapur,-,-,-,-,-,-,-,-,-,18.07402000,75.12002000,07-11-2023 06:00,0,0,0,0,0,0,0,0,0,0,0,0,0,0,0,0,0,0,0,0,0,0,0,0,0,0,0,0,0,0,0,0,0,0,0,0,0,0,0,0,0,0,0,0,"","","","","",""
23,Ujjani Dam Rain Gauge,Maharashtra SW,27,Maharashtra,496,Solapur,-,-,-,-,-,-,-,-,-,18.07402000,75.12002000,07-11-2023 07:00,0,0,0,0,0,0,0,0,0,0,0,0,0,0,0,0,0,0,0,0,0,0,0,0,0,0,0,0,0,0,0,0,0,0,0,0,0,0,0,0,0,0,0,0,"","","","","",""
24,Ujjani Dam Rain Gauge,Maharashtra SW,27,Maharashtra,496,Solapur,-,-,-,-,-,-,-,-,-,18.07402000,75.12002000,07-11-2023 08:00,0,0,0,0,0,0,0,0,0,0,0,0,0,0,0,0,0,0,0,0,0,0,0,0,0,0,0,0,0,0,0,0,0,0,0,0,0,0,0,0,0,0,0,0,"","","","","",""
25,Ujjani Dam Rain Gauge,Maharashtra SW,27,Maharashtra,496,Solapur,-,-,-,-,-,-,-,-,-,18.07402000,75.12002000,07-11-2023 09:00,0,0,0,0,0,0,0,0,0,0,0,0,0,0,0,0,0,0,0,0,0,0,0,0,0,0,0,0,0,0,0,0,0,0,0,0,0,0,0,0,0,0,0,0,"","","","","",""
26,Ujjani Dam Rain Gauge,Maharashtra SW,27,Maharashtra,496,Solapur,-,-,-,-,-,-,-,-,-,18.07402000,75.12002000,07-11-2023 10:00,0,0,0,0,0,0,0,0,0,0,0,0,0,0,0,0,0,0,0,0,0,0,0,0,0,0,0,0,0,0,0,0,0,0,0,0,0,0,0,0,0,0,0,0,"","","","","",""
27,Ujjani Dam Rain Gauge,Maharashtra SW,27,Maharashtra,496,Solapur,-,-,-,-,-,-,-,-,-,18.07402000,75.12002000,07-11-2023 11:00,0,0,0,0,0,0,0,0,0,0,0,0,0,0,0,0,0,0,0,0,0,0,0,0,0,0,0,0,0,0,0,0,0,0,0,0,0,0,0,0,0,0,0,0,"","","","","",""
28,Ujjani Dam Rain Gauge,Maharashtra SW,27,Maharashtra,496,Solapur,-,-,-,-,-,-,-,-,-,18.07402000,75.12002000,07-11-2023 12:00,0,0,0,0,0,0,0,0,0,0,0,0,0,0,0,0,0,0,0,0,0,0,0,0,0,0,0,0,0,0,0,0,0,0,0,0,0,0,0,0,0,0,0,0,"","","","","",""
29,Ujjani Dam Rain Gauge,Maharashtra SW,27,Maharashtra,496,Solapur,-,-,-,-,-,-,-,-,-,18.07402000,75.12002000,07-11-2023 13:00,0,0,0,0,0,0,0,0,0,0,0,0,0,0,0,0,0,0,0,0,0,0,0,0,0,0,0,0,0,0,0,0,0,0,0,0,0,0,0,0,0,0,0,0,"","","","","",""
30,Ujjani Dam Rain Gauge,Maharashtra SW,27,Maharashtra,496,Solapur,-,-,-,-,-,-,-,-,-,18.07402000,75.12002000,07-11-2023 14:00,0,0,0,0,0,0,0,0,0,0,0,0,0,0,0,0,0,0,0,0,0,0,0,0,0,0,0,0,0,0,0,0,0,0,0,0,0,0,0,0,0,0,0,0,"","","","","",""
31,Ujjani Dam Rain Gauge,Maharashtra SW,27,Maharashtra,496,Solapur,-,-,-,-,-,-,-,-,-,18.07402000,75.12002000,07-11-2023 15:00,0,0,0,0,0,0,0,0,0,0,0,0,0,0,0,0,0,0,0,0,0,0,0,0,0,0,0,0,0,0,0,0,0,0,0,0,0,0,0,0,0,0,0,0,"","","","","",""
32,Ujjani Dam Rain Gauge,Maharashtra SW,27,Maharashtra,496,Solapur,-,-,-,-,-,-,-,-,-,18.07402000,75.12002000,07-11-2023 16:00,0,0,0,0,0,0,0,0,0,0,0,0,0,0,0,0,0,0,0,0,0,0,0,0,0,0,0,0,0,0,0,0,0,0,0,0,0,0,0,0,0,0,0,0,"","","","","",""
33,Ujjani Dam Rain Gauge,Maharashtra SW,27,Maharashtra,496,Solapur,-,-,-,-,-,-,-,-,-,18.07402000,75.12002000,07-11-2023 17:00,0,0,0,0,0,0,0,0,0,0,0,0,0,0,0,0,0,0,0,0,0,0,0,0,0,0,0,0,0,0,0,0,0,0,0,0,0,0,0,0,0,0,0,0,"","","","","",""
34,Ujjani Dam Rain Gauge,Maharashtra SW,27,Maharashtra,496,Solapur,-,-,-,-,-,-,-,-,-,18.07402000,75.12002000,07-11-2023 18:00,0,0,0,0,0,0,0,0,0,0,0,0,0,0,0,0,0,0,0,0,0,0,0,0,0,0,0,0,0,0,0,0,0,0,0,0,0,0,0,0,0,0,0,0,"","","","","",""
35,Ujjani Dam Rain Gauge,Maharashtra SW,27,Maharashtra,496,Solapur,-,-,-,-,-,-,-,-,-,18.07402000,75.12002000,07-11-2023 19:00,0,0,0,0,0,0,0,0,0,0,0,0,0,0,0,0,0,0,0,0,0,0,0,0,0,0,0,0,0,0,0,0,0,0,0,0,0,0,0,0,0,0,0,0,"","","","","",""
36,Ujjani Dam Rain Gauge,Maharashtra SW,27,Maharashtra,496,Solapur,-,-,-,-,-,-,-,-,-,18.07402000,75.12002000,07-11-2023 20:00,0,0,0,0,0,0,0,0,0,0,0,0,0,0,0,0,0,0,0,0,0,0,0,0,0,0,0,0,0,0,0,0,0,0,0,0,0,0,0,0,0,0,0,0,"","","","","",""
37,Ujjani Dam Rain Gauge,Maharashtra SW,27,Maharashtra,496,Solapur,-,-,-,-,-,-,-,-,-,18.07402000,75.12002000,07-11-2023 21:00,0,0,0,0,0,0,0,0,0,0,0,0,0,0,0,0,0,0,0,0,0,0,0,0,0,0,0,0,0,0,0,0,0,0,0,0,0,0,0,0,0,0,0,0,"","","","","",""
38,Ujjani Dam Rain Gauge,Maharashtra SW,27,Maharashtra,496,Solapur,-,-,-,-,-,-,-,-,-,18.07402000,75.12002000,07-11-2023 22:00,0,0,0,0,0,0,0,0,0,0,0,0,0,0,0,0,0,0,0,0,0,0,0,0,0,0,0,0,0,0,0,0,0,0,0,0,0,0,0,0,0,0,0,0,"","","","","",""
39,Ujjani Dam Rain Gauge,Maharashtra SW,27,Maharashtra,496,Solapur,-,-,-,-,-,-,-,-,-,18.07402000,75.12002000,07-11-2023 23:00,0,0,0,0,0,0,0,0,0,0,0,0,0,0,0,0,0,0,0,0,0,0,0,0,0,0,0,0,0,0,0,0,0,0,0,0,0,0,0,0,0,0,0,0,"","","","","",""
40,Ujjani Dam Rain Gauge,Maharashtra SW,27,Maharashtra,496,Solapur,-,-,-,-,-,-,-,-,-,18.07402000,75.12002000,08-11-2023 00:00,0,0,0,0,0,0,0,0,0,0,0,0,0,0,0,0,0,0,0,0,0,0,0,0,0,0,0,0,0,0,0,0,0,0,0,0,0,0,0,0,0,0,0,0,"","","","","",""
41,Ujjani Dam Rain Gauge,Maharashtra SW,27,Maharashtra,496,Solapur,-,-,-,-,-,-,-,-,-,18.07402000,75.12002000,08-11-2023 01:00,0,0,0,0,0,0,0,0,0,0,0,0,0,0,0,0,0,0,0,0,0,0,0,0,0,0,0,0,0,0,0,0,0,0,0,0,0,0,0,0,0,0,0,0,"","","","","",""
42,Ujjani Dam Rain Gauge,Maharashtra SW,27,Maharashtra,496,Solapur,-,-,-,-,-,-,-,-,-,18.07402000,75.12002000,08-11-2023 02:00,0,0,0,0,0,0,0,0,0,0,0,0,0,0,0,0,0,0,0,0,0,0,0,0,0,0,0,0,0,0,0,0,0,0,0,0,0,0,0,0,0,0,0,0,"","","","","",""
43,Ujjani Dam Rain Gauge,Maharashtra SW,27,Maharashtra,496,Solapur,-,-,-,-,-,-,-,-,-,18.07402000,75.12002000,08-11-2023 03:00,0,0,0,0,0,0,0,0,0,0,0,0,0,0,0,0,0,0,0,0,0,0,0,0,0,0,0,0,0,0,0,0,0,0,0,0,0,0,0,0,0,0,0,0,"","","","","",""
44,Ujjani Dam Rain Gauge,Maharashtra SW,27,Maharashtra,496,Solapur,-,-,-,-,-,-,-,-,-,18.07402000,75.12002000,08-11-2023 04:00,0,0,0,0,0,0,0,0,0,0,0,0,0,0,0,0,0,0,0,0,0,0,0,0,0,0,0,0,0,0,0,0,0,0,0,0,0,0,0,0,0,0,0,0,"","","","","",""
45,Ujjani Dam Rain Gauge,Maharashtra SW,27,Maharashtra,496,Solapur,-,-,-,-,-,-,-,-,-,18.07402000,75.12002000,08-11-2023 05:00,0,0,0,0,0,0,0,0,0,0,0,0,0,0,0,0,0,0,0,0,0,0,0,0,0,0,0,0,0,0,0,0,0,0,0,0,0,0,0,0,0,0,0,0,"","","","","",""
46,Ujjani Dam Rain Gauge,Maharashtra SW,27,Maharashtra,496,Solapur,-,-,-,-,-,-,-,-,-,18.07402000,75.12002000,08-11-2023 06:00,0,0,0,0,0,0,0,0,0,0,0,0,0,0,0,0,0,0,0,0,0,0,0,0,0,0,0,0,0,0,0,0,0,0,0,0,0,0,0,0,0,0,0,0,"","","","","",""
47,Ujjani Dam Rain Gauge,Maharashtra SW,27,Maharashtra,496,Solapur,-,-,-,-,-,-,-,-,-,18.07402000,75.12002000,08-11-2023 07:00,0,0,0,0,0,0,0,0,0,0,0,0,0,0,0,0,0,0,0,0,0,0,0,0,0,0,0,0,0,0,0,0,0,0,0,0,0,0,0,0,0,0,0,0,"","","","","",""
48,Ujjani Dam Rain Gauge,Maharashtra SW,27,Maharashtra,496,Solapur,-,-,-,-,-,-,-,-,-,18.07402000,75.12002000,08-11-2023 08:00,0,0,0,0,0,0,0,0,0,0,0,0,0,0,0,0,0,0,0,0,0,0,0,0,0,0,0,0,0,0,0,0,0,0,0,0,0,0,0,0,0,0,0,0,"","","","","",""
49,Ujjani Dam Rain Gauge,Maharashtra SW,27,Maharashtra,496,Solapur,-,-,-,-,-,-,-,-,-,18.07402000,75.12002000,08-11-2023 09:00,0,0,0,0,0,0,0,0,0,0,0,0,0,0,0,0,0,0,0,0,0,0,0,0,0,0,0,0,0,0,0,0,0,0,0,0,0,0,0,0,0,0,0,0,"","","","","",""
50,Ujjani Dam Rain Gauge,Maharashtra SW,27,Maharashtra,496,Solapur,-,-,-,-,-,-,-,-,-,18.07402000,75.12002000,08-11-2023 10:00,0,0,0,0,0,0,0,0,0,0,0,0,0,0,0,0,0,0,0,0,0,0,0,0,0,0,0,0,0,0,0,0,0,0,0,0,0,0,0,0,0,0,0,0,"","","","","",""
51,Ujjani Dam Rain Gauge,Maharashtra SW,27,Maharashtra,496,Solapur,-,-,-,-,-,-,-,-,-,18.07402000,75.12002000,08-11-2023 11:00,0,0,0,0,0,0,0,0,0,0,0,0,0,0,0,0,0,0,0,0,0,0,0,0,0,0,0,0,0,0,0,0,0,0,0,0,0,0,0,0,0,0,0,0,"","","","","",""
52,Ujjani Dam Rain Gauge,Maharashtra SW,27,Maharashtra,496,Solapur,-,-,-,-,-,-,-,-,-,18.07402000,75.12002000,08-11-2023 12:00,0,0,0,0,0,0,0,0,0,0,0,0,0,0,0,0,0,0,0,0,0,0,0,0,0,0,0,0,0,0,0,0,0,0,0,0,0,0,0,0,0,0,0,0,"","","","","",""
53,Ujjani Dam Rain Gauge,Maharashtra SW,27,Maharashtra,496,Solapur,-,-,-,-,-,-,-,-,-,18.07402000,75.12002000,08-11-2023 13:00,0,0,0,0,0,0,0,0,0,0,0,0,0,0,0,0,0,0,0,0,0,0,0,0,0,0,0,0,0,0,0,0,0,0,0,0,0,0,0,0,0,0,0,0,"","","","","",""
54,Ujjani Dam Rain Gauge,Maharashtra SW,27,Maharashtra,496,Solapur,-,-,-,-,-,-,-,-,-,18.07402000,75.12002000,08-11-2023 14:00,0,0,0,0,0,0,0,0,0,0,0,0,0,0,0,0,0,0,0,0,0,0,0,0,0,0,0,0,0,0,0,0,0,0,0,0,0,0,0,0,0,0,0,0,"","","","","",""
55,Ujjani Dam Rain Gauge,Maharashtra SW,27,Maharashtra,496,Solapur,-,-,-,-,-,-,-,-,-,18.07402000,75.12002000,08-11-2023 15:00,0,0,0,0,0,0,0,0,0,0,0,0,0,0,0,0,0,0,0,0,0,0,0,0,0,0,0,0,0,0,0,0,0,0,0,0,0,0,0,0,0,0,0,0,"","","","","",""
56,Ujjani Dam Rain Gauge,Maharashtra SW,27,Maharashtra,496,Solapur,-,-,-,-,-,-,-,-,-,18.07402000,75.12002000,08-11-2023 16:00,0,0,0,0,0,0,0,0,0,0,0,0,0,0,0,0,0,0,0,0,0,0,0,0,0,0,0,0,0,0,0,0,0,0,0,0,0,0,0,0,0,0,0,0,"","","","","",""
57,Ujjani Dam Rain Gauge,Maharashtra SW,27,Maharashtra,496,Solapur,-,-,-,-,-,-,-,-,-,18.07402000,75.12002000,08-11-2023 17:00,0,0,0,0,0,0,0,0,0,0,0,0,0,0,0,0,0,0,0,0,0,0,0,0,0,0,0,0,0,0,0,0,0,0,0,0,0,0,0,0,0,0,0,0,"","","","","",""
58,Ujjani Dam Rain Gauge,Maharashtra SW,27,Maharashtra,496,Solapur,-,-,-,-,-,-,-,-,-,18.07402000,75.12002000,08-11-2023 19:00,0,0,0,0,0,0,0,0,0,0,0,0,0,0,0,0,0,0,0,0,0,0,0,0,0,0,0,0,0,0,0,0,0,0,0,0,0,0,0,0,0,0,0,0,"","","","","",""
59,Ujjani Dam Rain Gauge,Maharashtra SW,27,Maharashtra,496,Solapur,-,-,-,-,-,-,-,-,-,18.07402000,75.12002000,08-11-2023 20:00,0,0,0,0,0,0,0,0,0,0,0,0,0,0,0,0,0,0,0,0,0,0,0,0,0,0,0,0,0,0,0,0,0,0,0,0,0,0,0,0,0,0,0,0,"","","","","",""
60,Ujjani Dam Rain Gauge,Maharashtra SW,27,Maharashtra,496,Solapur,-,-,-,-,-,-,-,-,-,18.07402000,75.12002000,08-11-2023 21:00,0,0,0,0,0,0,0,0,0,0,0,0,0,0,0,0,0,0,0,0,0,0,0,0,0,0,0,0,0,0,0,0,0,0,0,0,0,0,0,0,0,0,0,0,"","","","","",""
61,Ujjani Dam Rain Gauge,Maharashtra SW,27,Maharashtra,496,Solapur,-,-,-,-,-,-,-,-,-,18.07402000,75.12002000,08-11-2023 22:00,0,0,0,0,0,0,0,0,0,0,0,0,0,0,0,0,0,0,0,0,0,0,0,0,0,0,0,0,0,0,0,0,0,0,0,0,0,0,0,0,0,0,0,0,"","","","","",""
62,Ujjani Dam Rain Gauge,Maharashtra SW,27,Maharashtra,496,Solapur,-,-,-,-,-,-,-,-,-,18.07402000,75.12002000,08-11-2023 23:00,0,0,0,0,0,0,0,0,0,0,0,0,0,0,0,0,0,0,0,0,0,0,0,0,0,0,0,0,0,0,0,0,0,0,0,0,0,0,0,0,0,0,0,0,"","","","","",""
63,Ujjani Dam Rain Gauge,Maharashtra SW,27,Maharashtra,496,Solapur,-,-,-,-,-,-,-,-,-,18.07402000,75.12002000,09-11-2023 00:00,0,0,0,0,0,0,0,0,0,0,0,0,0,0,0,0,0,0,0,0,0,0,0,0,0,0,0,0,0,0,0,0,0,0,0,0,0,0,0,0,0,0,0,0,"","","","","",""
64,Ujjani Dam Rain Gauge,Maharashtra SW,27,Maharashtra,496,Solapur,-,-,-,-,-,-,-,-,-,18.07402000,75.12002000,09-11-2023 01:00,0,0,0,0,0,0,0,0,0,0,0,0,0,0,0,0,0,0,0,0,0,0,0,0,0,0,0,0,0,0,0,0,0,0,0,0,0,0,0,0,0,0,0,0,"","","","","",""
65,Ujjani Dam Rain Gauge,Maharashtra SW,27,Maharashtra,496,Solapur,-,-,-,-,-,-,-,-,-,18.07402000,75.12002000,09-11-2023 02:00,0,0,0,0,0,0,0,0,0,0,0,0,0,0,0,0,0,0,0,0,0,0,0,0,0,0,0,0,0,0,0,0,0,0,0,0,0,0,0,0,0,0,0,0,"","","","","",""
66,Ujjani Dam Rain Gauge,Maharashtra SW,27,Maharashtra,496,Solapur,-,-,-,-,-,-,-,-,-,18.07402000,75.12002000,09-11-2023 03:00,0,0,0,0,0,0,0,0,0,0,0,0,0,0,0,0,0,0,0,0,0,0,0,0,0,0,0,0,0,0,0,0,0,0,0,0,0,0,0,0,0,0,0,0,"","","","","",""
67,Ujjani Dam Rain Gauge,Maharashtra SW,27,Maharashtra,496,Solapur,-,-,-,-,-,-,-,-,-,18.07402000,75.12002000,09-11-2023 04:00,0,0,0,0,0,0,0,0,0,0,0,0,0,0,0,0,0,0,0,0,0,0,0,0,0,0,0,0,0,0,0,0,0,0,0,0,0,0,0,0,0,0,0,0,"","","","","",""
68,Ujjani Dam Rain Gauge,Maharashtra SW,27,Maharashtra,496,Solapur,-,-,-,-,-,-,-,-,-,18.07402000,75.12002000,09-11-2023 05:00,0,0,0,0,0,0,0,0,0,0,0,0,0,0,0,0,0,0,0,0,0,0,0,0,0,0,0,0,0,0,0,0,0,0,0,0,0,0,0,0,0,0,0,0,"","","","","",""
69,Ujjani Dam Rain Gauge,Maharashtra SW,27,Maharashtra,496,Solapur,-,-,-,-,-,-,-,-,-,18.07402000,75.12002000,09-11-2023 06:00,0,0,0,0,0,0,0,0,0,0,0,0,0,0,0,0,0,0,0,0,0,0,0,0,0,0,0,0,0,0,0,0,0,0,0,0,0,0,0,0,0,0,0,0,"","","","","",""
70,Ujjani Dam Rain Gauge,Maharashtra SW,27,Maharashtra,496,Solapur,-,-,-,-,-,-,-,-,-,18.07402000,75.12002000,09-11-2023 07:00,0,0,0,0,0,0,0,0,0,0,0,0,0,0,0,0,0,0,0,0,0,0,0,0,0,0,0,0,0,0,0,0,0,0,0,0,0,0,0,0,0,0,0,0,"","","","","",""
71,Ujjani Dam Rain Gauge,Maharashtra SW,27,Maharashtra,496,Solapur,-,-,-,-,-,-,-,-,-,18.07402000,75.12002000,09-11-2023 08:00,0,0,0,0,0,0,0,0,0,0,0,0,0,0,0,0,0,0,0,0,0,0,0,0,0,0,0,0,0,0,0,0,0,0,0,0,0,0,0,0,0,0,0,0,"","","","","",""
72,Ujjani Dam Rain Gauge,Maharashtra SW,27,Maharashtra,496,Solapur,-,-,-,-,-,-,-,-,-,18.07402000,75.12002000,09-11-2023 09:00,0,0,0,0,0,0,0,0,0,0,0,0,0,0,0,0,0,0,0,0,0,0,0,0,0,0,0,0,0,0,0,0,0,0,0,0,0,0,0,0,0,0,0,0,"","","","","",""
73,Ujjani Dam Rain Gauge,Maharashtra SW,27,Maharashtra,496,Solapur,-,-,-,-,-,-,-,-,-,18.07402000,75.12002000,09-11-2023 10:00,0,0,0,0,0,0,0,0,0,0,0,0,0,0,0,0,0,0,0,0,0,0,0,0,0,0,0,0,0,0,0,0,0,0,0,0,0,0,0,0,0,0,0,0,"","","","","",""
74,Ujjani Dam Rain Gauge,Maharashtra SW,27,Maharashtra,496,Solapur,-,-,-,-,-,-,-,-,-,18.07402000,75.12002000,09-11-2023 11:00,0,0,0,0,0,0,0,0,0,0,0,0,0,0,0,0,0,0,0,0,0,0,0,0,0,0,0,0,0,0,0,0,0,0,0,0,0,0,0,0,0,0,0,0,"","","","","",""
75,Ujjani Dam Rain Gauge,Maharashtra SW,27,Maharashtra,496,Solapur,-,-,-,-,-,-,-,-,-,18.07402000,75.12002000,09-11-2023 12:00,0,0,0,0,0,0,0,0,0,0,0,0,0,0,0,0,0,0,0,0,0,0,0,0,0,0,0,0,0,0,0,0,0,0,0,0,0,0,0,0,0,0,0,0,"","","","","",""
76,Ujjani Dam Rain Gauge,Maharashtra SW,27,Maharashtra,496,Solapur,-,-,-,-,-,-,-,-,-,18.07402000,75.12002000,09-11-2023 13:00,0,0,0,0,0,0,0,0,0,0,0,0,0,0,0,0,0,0,0,0,0,0,0,0,0,0,0,0,0,0,0,0,0,0,0,0,0,0,0,0,0,0,0,0,"","","","","",""
77,Ujjani Dam Rain Gauge,Maharashtra SW,27,Maharashtra,496,Solapur,-,-,-,-,-,-,-,-,-,18.07402000,75.12002000,09-11-2023 14:00,0,0,0,0,0,0,0,0,0,0,0,0,0,0,0,0,0,0,0,0,0,0,0,0,0,0,0,0,0,0,0,0,0,0,0,0,0,0,0,0,0,0,0,0,"","","","","",""
78,Ujjani Dam Rain Gauge,Maharashtra SW,27,Maharashtra,496,Solapur,-,-,-,-,-,-,-,-,-,18.07402000,75.12002000,09-11-2023 15:00,0,0,0,0,0,0,0,0,0,0,0,0,0,0,0,0,0,0,0,0,0,0,0,0,0,0,0,0,0,0,0,0,0,0,0,0,0,0,0,0,0,0,0,0,"","","","","",""
79,Ujjani Dam Rain Gauge,Maharashtra SW,27,Maharashtra,496,Solapur,-,-,-,-,-,-,-,-,-,18.07402000,75.12002000,09-11-2023 16:00,0,0,0,0,0,0,0,0,0,0,0,0,0,0,0,0,0,0,0,0,0,0,0,0,0,0,0,0,0,0,0,0,0,0,0,0,0,0,0,0,0,0,0,0,"","","","","",""
80,Ujjani Dam Rain Gauge,Maharashtra SW,27,Maharashtra,496,Solapur,-,-,-,-,-,-,-,-,-,18.07402000,75.12002000,09-11-2023 17:00,0,0,0,0,0,0,0,0,0,0,0,0,0,0,0,0,0,0,0,0,0,0,0,0,0,0,0,0,0,0,0,0,0,0,0,0,0,0,0,0,0,0,0,0,"","","","","",""
81,Ujjani Dam Rain Gauge,Maharashtra SW,27,Maharashtra,496,Solapur,-,-,-,-,-,-,-,-,-,18.07402000,75.12002000,09-11-2023 18:00,0,0,0,0,0,0,0,0,0,0,0,0,0,0,0,0,0,0,0,0,0,0,0,0,0,0,0,0,0,0,0,0,0,0,0,0,0,0,0,0,0,0,0,0,"","","","","",""
82,Ujjani Dam Rain Gauge,Maharashtra SW,27,Maharashtra,496,Solapur,-,-,-,-,-,-,-,-,-,18.07402000,75.12002000,09-11-2023 19:00,0,0,0,0,0,0,0,0,0,0,0,0,0,0,0,0,0,0,0,0,0,0,0,0,0,0,0,0,0,0,0,0,0,0,0,0,0,0,0,0,0,0,0,0,"","","","","",""
83,Ujjani Dam Rain Gauge,Maharashtra SW,27,Maharashtra,496,Solapur,-,-,-,-,-,-,-,-,-,18.07402000,75.12002000,09-11-2023 20:00,0,0,0,0,0,0,0,0,0,0,0,0,0,0,0,0,0,0,0,0,0,0,0,0,0,0,0,0,0,0,0,0,0,0,0,0,0,0,0,0,0,0,0,0,"","","","","",""
84,Ujjani Dam Rain Gauge,Maharashtra SW,27,Maharashtra,496,Solapur,-,-,-,-,-,-,-,-,-,18.07402000,75.12002000,09-11-2023 21:00,0,0,0,0,0,0,0,0,0,0,0,0,0,0,0,0,0,0,0,0,0,0,0,0,0,0,0,0,0,0,0,0,0,0,0,0,0,0,0,0,0,0,0,0,"","","","","",""
85,Ujjani Dam Rain Gauge,Maharashtra SW,27,Maharashtra,496,Solapur,-,-,-,-,-,-,-,-,-,18.07402000,75.12002000,09-11-2023 22:00,0,0,0,0,0,0,0,0,0,0,0,0,0,0,0,0,0,0,0,0,0,0,0,0,0,0,0,0,0,0,0,0,0,0,0,0,0,0,0,0,0,0,0,0,"","","","","",""
86,Ujjani Dam Rain Gauge,Maharashtra SW,27,Maharashtra,496,Solapur,-,-,-,-,-,-,-,-,-,18.07402000,75.12002000,09-11-2023 23:00,0,0,0,0,0,0,0,0,0,0,0,0,0,0,0,0,0,0,0,0,0,0,0,0,0,0,0,0,0,0,0,0,0,0,0,0,0,0,0,0,0,0,0,0,"","","","","",""
87,Ujjani Dam Rain Gauge,Maharashtra SW,27,Maharashtra,496,Solapur,-,-,-,-,-,-,-,-,-,18.07402000,75.12002000,10-11-2023 00:00,0,0,0,0,0,0,0,0,0,0,0,0,0,0,0,0,0,0,0,0,0,0,0,0,0,0,0,0,0,0,0,0,0,0,0,0,0,0,0,0,0,0,0,0,"","","","","",""
88,Ujjani Dam Rain Gauge,Maharashtra SW,27,Maharashtra,496,Solapur,-,-,-,-,-,-,-,-,-,18.07402000,75.12002000,10-11-2023 01:00,0,0,0,0,0,0,0,0,0,0,0,0,0,0,0,0,0,0,0,0,0,0,0,0,0,0,0,0,0,0,0,0,0,0,0,0,0,0,0,0,0,0,0,0,"","","","","",""
89,Ujjani Dam Rain Gauge,Maharashtra SW,27,Maharashtra,496,Solapur,-,-,-,-,-,-,-,-,-,18.07402000,75.12002000,10-11-2023 02:00,0,0,0,0,0,0,0,0,0,0,0,0,0,0,0,0,0,0,0,0,0,0,0,0,0,0,0,0,0,0,0,0,0,0,0,0,0,0,0,0,0,0,0,0,"","","","","",""
90,Ujjani Dam Rain Gauge,Maharashtra SW,27,Maharashtra,496,Solapur,-,-,-,-,-,-,-,-,-,18.07402000,75.12002000,10-11-2023 03:00,0,0,0,0,0,0,0,0,0,0,0,0,0,0,0,0,0,0,0,0,0,0,0,0,0,0,0,0,0,0,0,0,0,0,0,0,0,0,0,0,0,0,0,0,"","","","","",""
91,Ujjani Dam Rain Gauge,Maharashtra SW,27,Maharashtra,496,Solapur,-,-,-,-,-,-,-,-,-,18.07402000,75.12002000,10-11-2023 04:00,0,0,0,0,0,0,0,0,0,0,0,0,0,0,0,0,0,0,0,0,0,0,0,0,0,0,0,0,0,0,0,0,0,0,0,0,0,0,0,0,0,0,0,0,"","","","","",""
92,Ujjani Dam Rain Gauge,Maharashtra SW,27,Maharashtra,496,Solapur,-,-,-,-,-,-,-,-,-,18.07402000,75.12002000,10-11-2023 05:00,0,0,0,0,0,0,0,0,0,0,0,0,0,0,0,0,0,0,0,0,0,0,0,0,0,0,0,0,0,0,0,0,0,0,0,0,0,0,0,0,0,0,0,0,"","","","","",""
93,Ujjani Dam Rain Gauge,Maharashtra SW,27,Maharashtra,496,Solapur,-,-,-,-,-,-,-,-,-,18.07402000,75.12002000,10-11-2023 06:00,0,0,0,0,0,0,0,0,0,0,0,0,0,0,0,0,0,0,0,0,0,0,0,0,0,0,0,0,0,0,0,0,0,0,0,0,0,0,0,0,0,0,0,0,"","","","","",""
94,Ujjani Dam Rain Gauge,Maharashtra SW,27,Maharashtra,496,Solapur,-,-,-,-,-,-,-,-,-,18.07402000,75.12002000,10-11-2023 07:00,0,0,0,0,0,0,0,0,0,0,0,0,0,0,0,0,0,0,0,0,0,0,0,0,0,0,0,0,0,0,0,0,0,0,0,0,0,0,0,0,0,0,0,0,"","","","","",""
95,Ujjani Dam Rain Gauge,Maharashtra SW,27,Maharashtra,496,Solapur,-,-,-,-,-,-,-,-,-,18.07402000,75.12002000,10-11-2023 08:00,0,0,0,0,0,0,0,0,0,0,0,0,0,0,0,0,0,0,0,0,0,0,0,0,0,0,0,0,0,0,0,0,0,0,0,0,0,0,0,0,0,0,0,0,"","","","","",""
96,Ujjani Dam Rain Gauge,Maharashtra SW,27,Maharashtra,496,Solapur,-,-,-,-,-,-,-,-,-,18.07402000,75.12002000,10-11-2023 09:00,0,0,0,0,0,0,0,0,0,0,0,0,0,0,0,0,0,0,0,0,0,0,0,0,0,0,0,0,0,0,0,0,0,0,0,0,0,0,0,0,0,0,0,0,"","","","","",""
97,Ujjani Dam Rain Gauge,Maharashtra SW,27,Maharashtra,496,Solapur,-,-,-,-,-,-,-,-,-,18.07402000,75.12002000,10-11-2023 10:00,0,0,0,0,0,0,0,0,0,0,0,0,0,0,0,0,0,0,0,0,0,0,0,0,0,0,0,0,0,0,0,0,0,0,0,0,0,0,0,0,0,0,0,0,"","","","","",""
98,Ujjani Dam Rain Gauge,Maharashtra SW,27,Maharashtra,496,Solapur,-,-,-,-,-,-,-,-,-,18.07402000,75.12002000,10-11-2023 11:00,0,0,0,0,0,0,0,0,0,0,0,0,0,0,0,0,0,0,0,0,0,0,0,0,0,0,0,0,0,0,0,0,0,0,0,0,0,0,0,0,0,0,0,0,"","","","","",""
99,Ujjani Dam Rain Gauge,Maharashtra SW,27,Maharashtra,496,Solapur,-,-,-,-,-,-,-,-,-,18.07402000,75.12002000,10-11-2023 12:00,0,0,0,0,0,0,0,0,0,0,0,0,0,0,0,0,0,0,0,0,0,0,0,0,0,0,0,0,0,0,0,0,0,0,0,0,0,0,0,0,0,0,0,0,"","","","","",""
100,Ujjani Dam Rain Gauge,Maharashtra SW,27,Maharashtra,496,Solapur,-,-,-,-,-,-,-,-,-,18.07402000,75.12002000,11-11-2023 13:00,0,0,0,0,0,0,0,0,0,0,0,0,0,0,0,0,0,0,0,0,0,0,0,0,0,0,0,0,0,0,0,0,0,0,0,0,0,0,0,0,0,0,0,0,"","","","","",""
101,Ujjani Dam Rain Gauge,Maharashtra SW,27,Maharashtra,496,Solapur,-,-,-,-,-,-,-,-,-,18.07402000,75.12002000,11-11-2023 14:00,0,0,0,0,0,0,0,0,0,0,0,0,0,0,0,0,0,0,0,0,0,0,0,0,0,0,0,0,0,0,0,0,0,0,0,0,0,0,0,0,0,0,0,0,"","","","","",""
102,Ujjani Dam Rain Gauge,Maharashtra SW,27,Maharashtra,496,Solapur,-,-,-,-,-,-,-,-,-,18.07402000,75.12002000,11-11-2023 15:00,0,0,0,0,0,0,0,0,0,0,0,0,0,0,0,0,0,0,0,0,0,0,0,0,0,0,0,0,0,0,0,0,0,0,0,0,0,0,0,0,0,0,0,0,"","","","","",""
103,Ujjani Dam Rain Gauge,Maharashtra SW,27,Maharashtra,496,Solapur,-,-,-,-,-,-,-,-,-,18.07402000,75.12002000,11-11-2023 16:00,0,0,0,0,0,0,0,0,0,0,0,0,0,0,0,0,0,0,0,0,0,0,0,0,0,0,0,0,0,0,0,0,0,0,0,0,0,0,0,0,0,0,0,0,"","","","","",""
104,Ujjani Dam Rain Gauge,Maharashtra SW,27,Maharashtra,496,Solapur,-,-,-,-,-,-,-,-,-,18.07402000,75.12002000,11-11-2023 17:00,0,0,0,0,0,0,0,0,0,0,0,0,0,0,0,0,0,0,0,0,0,0,0,0,0,0,0,0,0,0,0,0,0,0,0,0,0,0,0,0,0,0,0,0,"","","","","",""
105,Ujjani Dam Rain Gauge,Maharashtra SW,27,Maharashtra,496,Solapur,-,-,-,-,-,-,-,-,-,18.07402000,75.12002000,11-11-2023 18:00,0,0,0,0,0,0,0,0,0,0,0,0,0,0,0,0,0,0,0,0,0,0,0,0,0,0,0,0,0,0,0,0,0,0,0,0,0,0,0,0,0,0,0,0,"","","","","",""
106,Ujjani Dam Rain Gauge,Maharashtra SW,27,Maharashtra,496,Solapur,-,-,-,-,-,-,-,-,-,18.07402000,75.12002000,11-11-2023 19:00,0,0,0,0,0,0,0,0,0,0,0,0,0,0,0,0,0,0,0,0,0,0,0,0,0,0,0,0,0,0,0,0,0,0,0,0,0,0,0,0,0,0,0,0,"","","","","",""
107,Ujjani Dam Rain Gauge,Maharashtra SW,27,Maharashtra,496,Solapur,-,-,-,-,-,-,-,-,-,18.07402000,75.12002000,11-11-2023 20:00,0,0,0,0,0,0,0,0,0,0,0,0,0,0,0,0,0,0,0,0,0,0,0,0,0,0,0,0,0,0,0,0,0,0,0,0,0,0,0,0,0,0,0,0,"","","","","",""
108,Ujjani Dam Rain Gauge,Maharashtra SW,27,Maharashtra,496,Solapur,-,-,-,-,-,-,-,-,-,18.07402000,75.12002000,11-11-2023 21:00,0,0,0,0,0,0,0,0,0,0,0,0,0,0,0,0,0,0,0,0,0,0,0,0,0,0,0,0,0,0,0,0,0,0,0,0,0,0,0,0,0,0,0,0,"","","","","",""
109,Ujjani Dam Rain Gauge,Maharashtra SW,27,Maharashtra,496,Solapur,-,-,-,-,-,-,-,-,-,18.07402000,75.12002000,11-11-2023 22:00,0,0,0,0,0,0,0,0,0,0,0,0,0,0,0,0,0,0,0,0,0,0,0,0,0,0,0,0,0,0,0,0,0,0,0,0,0,0,0,0,0,0,0,0,"","","","","",""
110,Ujjani Dam Rain Gauge,Maharashtra SW,27,Maharashtra,496,Solapur,-,-,-,-,-,-,-,-,-,18.07402000,75.12002000,11-11-2023 23:00,0,0,0,0,0,0,0,0,0,0,0,0,0,0,0,0,0,0,0,0,0,0,0,0,0,0,0,0,0,0,0,0,0,0,0,0,0,0,0,0,0,0,0,0,"","","","","",""
111,Ujjani Dam Rain Gauge,Maharashtra SW,27,Maharashtra,496,Solapur,-,-,-,-,-,-,-,-,-,18.07402000,75.12002000,12-11-2023 00:00,0,0,0,0,0,0,0,0,0,0,0,0,0,0,0,0,0,0,0,0,0,0,0,0,0,0,0,0,0,0,0,0,0,0,0,0,0,0,0,0,0,0,0,0,"","","","","",""
112,Ujjani Dam Rain Gauge,Maharashtra SW,27,Maharashtra,496,Solapur,-,-,-,-,-,-,-,-,-,18.07402000,75.12002000,12-11-2023 01:00,0,0,0,0,0,0,0,0,0,0,0,0,0,0,0,0,0,0,0,0,0,0,0,0,0,0,0,0,0,0,0,0,0,0,0,0,0,0,0,0,0,0,0,0,"","","","","",""
113,Ujjani Dam Rain Gauge,Maharashtra SW,27,Maharashtra,496,Solapur,-,-,-,-,-,-,-,-,-,18.07402000,75.12002000,12-11-2023 02:00,0,0,0,0,0,0,0,0,0,0,0,0,0,0,0,0,0,0,0,0,0,0,0,0,0,0,0,0,0,0,0,0,0,0,0,0,0,0,0,0,0,0,0,0,"","","","","",""
114,Ujjani Dam Rain Gauge,Maharashtra SW,27,Maharashtra,496,Solapur,-,-,-,-,-,-,-,-,-,18.07402000,75.12002000,12-11-2023 03:00,0,0,0,0,0,0,0,0,0,0,0,0,0,0,0,0,0,0,0,0,0,0,0,0,0,0,0,0,0,0,0,0,0,0,0,0,0,0,0,0,0,0,0,0,"","","","","",""
115,Ujjani Dam Rain Gauge,Maharashtra SW,27,Maharashtra,496,Solapur,-,-,-,-,-,-,-,-,-,18.07402000,75.12002000,12-11-2023 04:00,0,0,0,0,0,0,0,0,0,0,0,0,0,0,0,0,0,0,0,0,0,0,0,0,0,0,0,0,0,0,0,0,0,0,0,0,0,0,0,0,0,0,0,0,"","","","","",""
116,Ujjani Dam Rain Gauge,Maharashtra SW,27,Maharashtra,496,Solapur,-,-,-,-,-,-,-,-,-,18.07402000,75.12002000,12-11-2023 05:00,0,0,0,0,0,0,0,0,0,0,0,0,0,0,0,0,0,0,0,0,0,0,0,0,0,0,0,0,0,0,0,0,0,0,0,0,0,0,0,0,0,0,0,0,"","","","","",""
117,Ujjani Dam Rain Gauge,Maharashtra SW,27,Maharashtra,496,Solapur,-,-,-,-,-,-,-,-,-,18.07402000,75.12002000,12-11-2023 06:00,0,0,0,0,0,0,0,0,0,0,0,0,0,0,0,0,0,0,0,0,0,0,0,0,0,0,0,0,0,0,0,0,0,0,0,0,0,0,0,0,0,0,0,0,"","","","","",""
118,Ujjani Dam Rain Gauge,Maharashtra SW,27,Maharashtra,496,Solapur,-,-,-,-,-,-,-,-,-,18.07402000,75.12002000,12-11-2023 07:00,0,0,0,0,0,0,0,0,0,0,0,0,0,0,0,0,0,0,0,0,0,0,0,0,0,0,0,0,0,0,0,0,0,0,0,0,0,0,0,0,0,0,0,0,"","","","","",""
119,Ujjani Dam Rain Gauge,Maharashtra SW,27,Maharashtra,496,Solapur,-,-,-,-,-,-,-,-,-,18.07402000,75.12002000,12-11-2023 08:00,0,0,0,0,0,0,0,0,0,0,0,0,0,0,0,0,0,0,0,0,0,0,0,0,0,0,0,0,0,0,0,0,0,0,0,0,0,0,0,0,0,0,0,0,"","","","","",""
120,Ujjani Dam Rain Gauge,Maharashtra SW,27,Maharashtra,496,Solapur,-,-,-,-,-,-,-,-,-,18.07402000,75.12002000,12-11-2023 09:00,0,0,0,0,0,0,0,0,0,0,0,0,0,0,0,0,0,0,0,0,0,0,0,0,0,0,0,0,0,0,0,0,0,0,0,0,0,0,0,0,0,0,0,0,"","","","","",""
121,Ujjani Dam Rain Gauge,Maharashtra SW,27,Maharashtra,496,Solapur,-,-,-,-,-,-,-,-,-,18.07402000,75.12002000,12-11-2023 10:00,0,0,0,0,0,0,0,0,0,0,0,0,0,0,0,0,0,0,0,0,0,0,0,0,0,0,0,0,0,0,0,0,0,0,0,0,0,0,0,0,0,0,0,0,"","","","","",""
122,Ujjani Dam Rain Gauge,Maharashtra SW,27,Maharashtra,496,Solapur,-,-,-,-,-,-,-,-,-,18.07402000,75.12002000,12-11-2023 11:00,0,0,0,0,0,0,0,0,0,0,0,0,0,0,0,0,0,0,0,0,0,0,0,0,0,0,0,0,0,0,0,0,0,0,0,0,0,0,0,0,0,0,0,0,"","","","","",""
123,Ujjani Dam Rain Gauge,Maharashtra SW,27,Maharashtra,496,Solapur,-,-,-,-,-,-,-,-,-,18.07402000,75.12002000,12-11-2023 12:00,0,0,0,0,0,0,0,0,0,0,0,0,0,0,0,0,0,0,0,0,0,0,0,0,0,0,0,0,0,0,0,0,0,0,0,0,0,0,0,0,0,0,0,0,"","","","","",""
124,Ujjani Dam Rain Gauge,Maharashtra SW,27,Maharashtra,496,Solapur,-,-,-,-,-,-,-,-,-,18.07402000,75.12002000,12-11-2023 13:00,0,0,0,0,0,0,0,0,0,0,0,0,0,0,0,0,0,0,0,0,0,0,0,0,0,0,0,0,0,0,0,0,0,0,0,0,0,0,0,0,0,0,0,0,"","","","","",""
125,Ujjani Dam Rain Gauge,Maharashtra SW,27,Maharashtra,496,Solapur,-,-,-,-,-,-,-,-,-,18.07402000,75.12002000,12-11-2023 14:00,0,0,0,0,0,0,0,0,0,0,0,0,0,0,0,0,0,0,0,0,0,0,0,0,0,0,0,0,0,0,0,0,0,0,0,0,0,0,0,0,0,0,0,0,"","","","","",""
126,Ujjani Dam Rain Gauge,Maharashtra SW,27,Maharashtra,496,Solapur,-,-,-,-,-,-,-,-,-,18.07402000,75.12002000,12-11-2023 15:00,0,0,0,0,0,0,0,0,0,0,0,0,0,0,0,0,0,0,0,0,0,0,0,0,0,0,0,0,0,0,0,0,0,0,0,0,0,0,0,0,0,0,0,0,"","","","","",""
127,Ujjani Dam Rain Gauge,Maharashtra SW,27,Maharashtra,496,Solapur,-,-,-,-,-,-,-,-,-,18.07402000,75.12002000,12-11-2023 16:00,0,0,0,0,0,0,0,0,0,0,0,0,0,0,0,0,0,0,0,0,0,0,0,0,0,0,0,0,0,0,0,0,0,0,0,0,0,0,0,0,0,0,0,0,"","","","","",""
128,Ujjani Dam Rain Gauge,Maharashtra SW,27,Maharashtra,496,Solapur,-,-,-,-,-,-,-,-,-,18.07402000,75.12002000,12-11-2023 17:00,0,0,0,0,0,0,0,0,0,0,0,0,0,0,0,0,0,0,0,0,0,0,0,0,0,0,0,0,0,0,0,0,0,0,0,0,0,0,0,0,0,0,0,0,"","","","","",""
129,Ujjani Dam Rain Gauge,Maharashtra SW,27,Maharashtra,496,Solapur,-,-,-,-,-,-,-,-,-,18.07402000,75.12002000,12-11-2023 18:00,0,0,0,0,0,0,0,0,0,0,0,0,0,0,0,0,0,0,0,0,0,0,0,0,0,0,0,0,0,0,0,0,0,0,0,0,0,0,0,0,0,0,0,0,"","","","","",""
130,Ujjani Dam Rain Gauge,Maharashtra SW,27,Maharashtra,496,Solapur,-,-,-,-,-,-,-,-,-,18.07402000,75.12002000,12-11-2023 19:00,0,0,0,0,0,0,0,0,0,0,0,0,0,0,0,0,0,0,0,0,0,0,0,0,0,0,0,0,0,0,0,0,0,0,0,0,0,0,0,0,0,0,0,0,"","","","","",""
131,Ujjani Dam Rain Gauge,Maharashtra SW,27,Maharashtra,496,Solapur,-,-,-,-,-,-,-,-,-,18.07402000,75.12002000,12-11-2023 20:00,0,0,0,0,0,0,0,0,0,0,0,0,0,0,0,0,0,0,0,0,0,0,0,0,0,0,0,0,0,0,0,0,0,0,0,0,0,0,0,0,0,0,0,0,"","","","","",""
132,Ujjani Dam Rain Gauge,Maharashtra SW,27,Maharashtra,496,Solapur,-,-,-,-,-,-,-,-,-,18.07402000,75.12002000,12-11-2023 21:00,0,0,0,0,0,0,0,0,0,0,0,0,0,0,0,0,0,0,0,0,0,0,0,0,0,0,0,0,0,0,0,0,0,0,0,0,0,0,0,0,0,0,0,0,"","","","","",""
133,Ujjani Dam Rain Gauge,Maharashtra SW,27,Maharashtra,496,Solapur,-,-,-,-,-,-,-,-,-,18.07402000,75.12002000,12-11-2023 22:00,0,0,0,0,0,0,0,0,0,0,0,0,0,0,0,0,0,0,0,0,0,0,0,0,0,0,0,0,0,0,0,0,0,0,0,0,0,0,0,0,0,0,0,0,"","","","","",""
134,Ujjani Dam Rain Gauge,Maharashtra SW,27,Maharashtra,496,Solapur,-,-,-,-,-,-,-,-,-,18.07402000,75.12002000,12-11-2023 23:00,0,0,0,0,0,0,0,0,0,0,0,0,0,0,0,0,0,0,0,0,0,0,0,0,0,0,0,0,0,0,0,0,0,0,0,0,0,0,0,0,0,0,0,0,"","","","","",""
135,Ujjani Dam Rain Gauge,Maharashtra SW,27,Maharashtra,496,Solapur,-,-,-,-,-,-,-,-,-,18.07402000,75.12002000,13-11-2023 00:00,0,0,0,0,0,0,0,0,0,0,0,0,0,0,0,0,0,0,0,0,0,0,0,0,0,0,0,0,0,0,0,0,0,0,0,0,0,0,0,0,0,0,0,0,"","","","","",""
136,Ujjani Dam Rain Gauge,Maharashtra SW,27,Maharashtra,496,Solapur,-,-,-,-,-,-,-,-,-,18.07402000,75.12002000,13-11-2023 01:00,0,0,0,0,0,0,0,0,0,0,0,0,0,0,0,0,0,0,0,0,0,0,0,0,0,0,0,0,0,0,0,0,0,0,0,0,0,0,0,0,0,0,0,0,"","","","","",""
137,Ujjani Dam Rain Gauge,Maharashtra SW,27,Maharashtra,496,Solapur,-,-,-,-,-,-,-,-,-,18.07402000,75.12002000,13-11-2023 02:00,0,0,0,0,0,0,0,0,0,0,0,0,0,0,0,0,0,0,0,0,0,0,0,0,0,0,0,0,0,0,0,0,0,0,0,0,0,0,0,0,0,0,0,0,"","","","","",""
138,Ujjani Dam Rain Gauge,Maharashtra SW,27,Maharashtra,496,Solapur,-,-,-,-,-,-,-,-,-,18.07402000,75.12002000,13-11-2023 03:00,0,0,0,0,0,0,0,0,0,0,0,0,0,0,0,0,0,0,0,0,0,0,0,0,0,0,0,0,0,0,0,0,0,0,0,0,0,0,0,0,0,0,0,0,"","","","","",""
139,Ujjani Dam Rain Gauge,Maharashtra SW,27,Maharashtra,496,Solapur,-,-,-,-,-,-,-,-,-,18.07402000,75.12002000,13-11-2023 04:00,0,0,0,0,0,0,0,0,0,0,0,0,0,0,0,0,0,0,0,0,0,0,0,0,0,0,0,0,0,0,0,0,0,0,0,0,0,0,0,0,0,0,0,0,"","","","","",""
140,Ujjani Dam Rain Gauge,Maharashtra SW,27,Maharashtra,496,Solapur,-,-,-,-,-,-,-,-,-,18.07402000,75.12002000,13-11-2023 05:00,0,0,0,0,0,0,0,0,0,0,0,0,0,0,0,0,0,0,0,0,0,0,0,0,0,0,0,0,0,0,0,0,0,0,0,0,0,0,0,0,0,0,0,0,"","","","","",""
141,Ujjani Dam Rain Gauge,Maharashtra SW,27,Maharashtra,496,Solapur,-,-,-,-,-,-,-,-,-,18.07402000,75.12002000,13-11-2023 06:00,0,0,0,0,0,0,0,0,0,0,0,0,0,0,0,0,0,0,0,0,0,0,0,0,0,0,0,0,0,0,0,0,0,0,0,0,0,0,0,0,0,0,0,0,"","","","","",""
142,Ujjani Dam Rain Gauge,Maharashtra SW,27,Maharashtra,496,Solapur,-,-,-,-,-,-,-,-,-,18.07402000,75.12002000,13-11-2023 07:00,0,0,0,0,0,0,0,0,0,0,0,0,0,0,0,0,0,0,0,0,0,0,0,0,0,0,0,0,0,0,0,0,0,0,0,0,0,0,0,0,0,0,0,0,"","","","","",""
143,Ujjani Dam Rain Gauge,Maharashtra SW,27,Maharashtra,496,Solapur,-,-,-,-,-,-,-,-,-,18.07402000,75.12002000,13-11-2023 08:00,0,0,0,0,0,0,0,0,0,0,0,0,0,0,0,0,0,0,0,0,0,0,0,0,0,0,0,0,0,0,0,0,0,0,0,0,0,0,0,0,0,0,0,0,"","","","","",""
144,Ujjani Dam Rain Gauge,Maharashtra SW,27,Maharashtra,496,Solapur,-,-,-,-,-,-,-,-,-,18.07402000,75.12002000,13-11-2023 09:00,0,0,0,0,0,0,0,0,0,0,0,0,0,0,0,0,0,0,0,0,0,0,0,0,0,0,0,0,0,0,0,0,0,0,0,0,0,0,0,0,0,0,0,0,"","","","","",""
145,Ujjani Dam Rain Gauge,Maharashtra SW,27,Maharashtra,496,Solapur,-,-,-,-,-,-,-,-,-,18.07402000,75.12002000,13-11-2023 10:00,0,0,0,0,0,0,0,0,0,0,0,0,0,0,0,0,0,0,0,0,0,0,0,0,0,0,0,0,0,0,0,0,0,0,0,0,0,0,0,0,0,0,0,0,"","","","","",""
146,Ujjani Dam Rain Gauge,Maharashtra SW,27,Maharashtra,496,Solapur,-,-,-,-,-,-,-,-,-,18.07402000,75.12002000,13-11-2023 11:00,0,0,0,0,0,0,0,0,0,0,0,0,0,0,0,0,0,0,0,0,0,0,0,0,0,0,0,0,0,0,0,0,0,0,0,0,0,0,0,0,0,0,0,0,"","","","","",""
147,Ujjani Dam Rain Gauge,Maharashtra SW,27,Maharashtra,496,Solapur,-,-,-,-,-,-,-,-,-,18.07402000,75.12002000,13-11-2023 12:00,0,0,0,0,0,0,0,0,0,0,0,0,0,0,0,0,0,0,0,0,0,0,0,0,0,0,0,0,0,0,0,0,0,0,0,0,0,0,0,0,0,0,0,0,"","","","","",""
148,Ujjani Dam Rain Gauge,Maharashtra SW,27,Maharashtra,496,Solapur,-,-,-,-,-,-,-,-,-,18.07402000,75.12002000,13-11-2023 14:00,0,0,0,0,0,0,0,0,0,0,0,0,0,0,0,0,0,0,0,0,0,0,0,0,0,0,0,0,0,0,0,0,0,0,0,0,0,0,0,0,0,0,0,0,"","","","","",""
149,Ujjani Dam Rain Gauge,Maharashtra SW,27,Maharashtra,496,Solapur,-,-,-,-,-,-,-,-,-,18.07402000,75.12002000,13-11-2023 15:00,0,0,0,0,0,0,0,0,0,0,0,0,0,0,0,0,0,0,0,0,0,0,0,0,0,0,0,0,0,0,0,0,0,0,0,0,0,0,0,0,0,0,0,0,"","","","","",""
150,Ujjani Dam Rain Gauge,Maharashtra SW,27,Maharashtra,496,Solapur,-,-,-,-,-,-,-,-,-,18.07402000,75.12002000,13-11-2023 16:00,0,0,0,0,0,0,0,0,0,0,0,0,0,0,0,0,0,0,0,0,0,0,0,0,0,0,0,0,0,0,0,0,0,0,0,0,0,0,0,0,0,0,0,0,"","","","","",""
151,Ujjani Dam Rain Gauge,Maharashtra SW,27,Maharashtra,496,Solapur,-,-,-,-,-,-,-,-,-,18.07402000,75.12002000,13-11-2023 17:00,0,0,0,0,0,0,0,0,0,0,0,0,0,0,0,0,0,0,0,0,0,0,0,0,0,0,0,0,0,0,0,0,0,0,0,0,0,0,0,0,0,0,0,0,"","","","","",""
152,Ujjani Dam Rain Gauge,Maharashtra SW,27,Maharashtra,496,Solapur,-,-,-,-,-,-,-,-,-,18.07402000,75.12002000,13-11-2023 18:00,0,0,0,0,0,0,0,0,0,0,0,0,0,0,0,0,0,0,0,0,0,0,0,0,0,0,0,0,0,0,0,0,0,0,0,0,0,0,0,0,0,0,0,0,"","","","","",""
153,Ujjani Dam Rain Gauge,Maharashtra SW,27,Maharashtra,496,Solapur,-,-,-,-,-,-,-,-,-,18.07402000,75.12002000,13-11-2023 19:00,0,0,0,0,0,0,0,0,0,0,0,0,0,0,0,0,0,0,0,0,0,0,0,0,0,0,0,0,0,0,0,0,0,0,0,0,0,0,0,0,0,0,0,0,"","","","","",""
154,Ujjani Dam Rain Gauge,Maharashtra SW,27,Maharashtra,496,Solapur,-,-,-,-,-,-,-,-,-,18.07402000,75.12002000,13-11-2023 20:00,0,0,0,0,0,0,0,0,0,0,0,0,0,0,0,0,0,0,0,0,0,0,0,0,0,0,0,0,0,0,0,0,0,0,0,0,0,0,0,0,0,0,0,0,"","","","","",""
155,Ujjani Dam Rain Gauge,Maharashtra SW,27,Maharashtra,496,Solapur,-,-,-,-,-,-,-,-,-,18.07402000,75.12002000,13-11-2023 21:00,0,0,0,0,0,0,0,0,0,0,0,0,0,0,0,0,0,0,0,0,0,0,0,0,0,0,0,0,0,0,0,0,0,0,0,0,0,0,0,0,0,0,0,0,"","","","","",""
156,Ujjani Dam Rain Gauge,Maharashtra SW,27,Maharashtra,496,Solapur,-,-,-,-,-,-,-,-,-,18.07402000,75.12002000,13-11-2023 22:00,0,0,0,0,0,0,0,0,0,0,0,0,0,0,0,0,0,0,0,0,0,0,0,0,0,0,0,0,0,0,0,0,0,0,0,0,0,0,0,0,0,0,0,0,"","","","","",""
157,Ujjani Dam Rain Gauge,Maharashtra SW,27,Maharashtra,496,Solapur,-,-,-,-,-,-,-,-,-,18.07402000,75.12002000,13-11-2023 23:00,0,0,0,0,0,0,0,0,0,0,0,0,0,0,0,0,0,0,0,0,0,0,0,0,0,0,0,0,0,0,0,0,0,0,0,0,0,0,0,0,0,0,0,0,"","","","","",""
158,Ujjani Dam Rain Gauge,Maharashtra SW,27,Maharashtra,496,Solapur,-,-,-,-,-,-,-,-,-,18.07402000,75.12002000,14-11-2023 00:00,0,0,0,0,0,0,0,0,0,0,0,0,0,0,0,0,0,0,0,0,0,0,0,0,0,0,0,0,0,0,0,0,0,0,0,0,0,0,0,0,0,0,0,0,"","","","","",""
159,Ujjani Dam Rain Gauge,Maharashtra SW,27,Maharashtra,496,Solapur,-,-,-,-,-,-,-,-,-,18.07402000,75.12002000,14-11-2023 01:00,0,0,0,0,0,0,0,0,0,0,0,0,0,0,0,0,0,0,0,0,0,0,0,0,0,0,0,0,0,0,0,0,0,0,0,0,0,0,0,0,0,0,0,0,"","","","","",""
160,Ujjani Dam Rain Gauge,Maharashtra SW,27,Maharashtra,496,Solapur,-,-,-,-,-,-,-,-,-,18.07402000,75.12002000,14-11-2023 02:00,0,0,0,0,0,0,0,0,0,0,0,0,0,0,0,0,0,0,0,0,0,0,0,0,0,0,0,0,0,0,0,0,0,0,0,0,0,0,0,0,0,0,0,0,"","","","","",""
161,Ujjani Dam Rain Gauge,Maharashtra SW,27,Maharashtra,496,Solapur,-,-,-,-,-,-,-,-,-,18.07402000,75.12002000,14-11-2023 03:00,0,0,0,0,0,0,0,0,0,0,0,0,0,0,0,0,0,0,0,0,0,0,0,0,0,0,0,0,0,0,0,0,0,0,0,0,0,0,0,0,0,0,0,0,"","","","","",""
162,Ujjani Dam Rain Gauge,Maharashtra SW,27,Maharashtra,496,Solapur,-,-,-,-,-,-,-,-,-,18.07402000,75.12002000,14-11-2023 04:00,0,0,0,0,0,0,0,0,0,0,0,0,0,0,0,0,0,0,0,0,0,0,0,0,0,0,0,0,0,0,0,0,0,0,0,0,0,0,0,0,0,0,0,0,"","","","","",""
163,Ujjani Dam Rain Gauge,Maharashtra SW,27,Maharashtra,496,Solapur,-,-,-,-,-,-,-,-,-,18.07402000,75.12002000,14-11-2023 05:00,0,0,0,0,0,0,0,0,0,0,0,0,0,0,0,0,0,0,0,0,0,0,0,0,0,0,0,0,0,0,0,0,0,0,0,0,0,0,0,0,0,0,0,0,"","","","","",""
164,Ujjani Dam Rain Gauge,Maharashtra SW,27,Maharashtra,496,Solapur,-,-,-,-,-,-,-,-,-,18.07402000,75.12002000,14-11-2023 06:00,0,0,0,0,0,0,0,0,0,0,0,0,0,0,0,0,0,0,0,0,0,0,0,0,0,0,0,0,0,0,0,0,0,0,0,0,0,0,0,0,0,0,0,0,"","","","","",""
165,Ujjani Dam Rain Gauge,Maharashtra SW,27,Maharashtra,496,Solapur,-,-,-,-,-,-,-,-,-,18.07402000,75.12002000,14-11-2023 07:00,0,0,0,0,0,0,0,0,0,0,0,0,0,0,0,0,0,0,0,0,0,0,0,0,0,0,0,0,0,0,0,0,0,0,0,0,0,0,0,0,0,0,0,0,"","","","","",""
166,Ujjani Dam Rain Gauge,Maharashtra SW,27,Maharashtra,496,Solapur,-,-,-,-,-,-,-,-,-,18.07402000,75.12002000,14-11-2023 08:00,0,0,0,0,0,0,0,0,0,0,0,0,0,0,0,0,0,0,0,0,0,0,0,0,0,0,0,0,0,0,0,0,0,0,0,0,0,0,0,0,0,0,0,0,"","","","","",""
167,Ujjani Dam Rain Gauge,Maharashtra SW,27,Maharashtra,496,Solapur,-,-,-,-,-,-,-,-,-,18.07402000,75.12002000,14-11-2023 09:00,0,0,0,0,0,0,0,0,0,0,0,0,0,0,0,0,0,0,0,0,0,0,0,0,0,0,0,0,0,0,0,0,0,0,0,0,0,0,0,0,0,0,0,0,"","","","","",""
168,Ujjani Dam Rain Gauge,Maharashtra SW,27,Maharashtra,496,Solapur,-,-,-,-,-,-,-,-,-,18.07402000,75.12002000,14-11-2023 10:00,0,0,0,0,0,0,0,0,0,0,0,0,0,0,0,0,0,0,0,0,0,0,0,0,0,0,0,0,0,0,0,0,0,0,0,0,0,0,0,0,0,0,0,0,"","","","","",""
169,Ujjani Dam Rain Gauge,Maharashtra SW,27,Maharashtra,496,Solapur,-,-,-,-,-,-,-,-,-,18.07402000,75.12002000,14-11-2023 11:00,0,0,0,0,0,0,0,0,0,0,0,0,0,0,0,0,0,0,0,0,0,0,0,0,0,0,0,0,0,0,0,0,0,0,0,0,0,0,0,0,0,0,0,0,"","","","","",""
170,Ujjani Dam Rain Gauge,Maharashtra SW,27,Maharashtra,496,Solapur,-,-,-,-,-,-,-,-,-,18.07402000,75.12002000,14-11-2023 12:00,0,0,0,0,0,0,0,0,0,0,0,0,0,0,0,0,0,0,0,0,0,0,0,0,0,0,0,0,0,0,0,0,0,0,0,0,0,0,0,0,0,0,0,0,"","","","","",""
171,Ujjani Dam Rain Gauge,Maharashtra SW,27,Maharashtra,496,Solapur,-,-,-,-,-,-,-,-,-,18.07402000,75.12002000,14-11-2023 13:00,0,0,0,0,0,0,0,0,0,0,0,0,0,0,0,0,0,0,0,0,0,0,0,0,0,0,0,0,0,0,0,0,0,0,0,0,0,0,0,0,0,0,0,0,"","","","","",""
172,Ujjani Dam Rain Gauge,Maharashtra SW,27,Maharashtra,496,Solapur,-,-,-,-,-,-,-,-,-,18.07402000,75.12002000,14-11-2023 14:00,0,0,0,0,0,0,0,0,0,0,0,0,0,0,0,0,0,0,0,0,0,0,0,0,0,0,0,0,0,0,0,0,0,0,0,0,0,0,0,0,0,0,0,0,"","","","","",""
173,Ujjani Dam Rain Gauge,Maharashtra SW,27,Maharashtra,496,Solapur,-,-,-,-,-,-,-,-,-,18.07402000,75.12002000,14-11-2023 15:00,0,0,0,0,0,0,0,0,0,0,0,0,0,0,0,0,0,0,0,0,0,0,0,0,0,0,0,0,0,0,0,0,0,0,0,0,0,0,0,0,0,0,0,0,"","","","","",""
174,Ujjani Dam Rain Gauge,Maharashtra SW,27,Maharashtra,496,Solapur,-,-,-,-,-,-,-,-,-,18.07402000,75.12002000,14-11-2023 16:00,0,0,0,0,0,0,0,0,0,0,0,0,0,0,0,0,0,0,0,0,0,0,0,0,0,0,0,0,0,0,0,0,0,0,0,0,0,0,0,0,0,0,0,0,"","","","","",""
175,Ujjani Dam Rain Gauge,Maharashtra SW,27,Maharashtra,496,Solapur,-,-,-,-,-,-,-,-,-,18.07402000,75.12002000,14-11-2023 17:00,0,0,0,0,0,0,0,0,0,0,0,0,0,0,0,0,0,0,0,0,0,0,0,0,0,0,0,0,0,0,0,0,0,0,0,0,0,0,0,0,0,0,0,0,"","","","","",""
176,Ujjani Dam Rain Gauge,Maharashtra SW,27,Maharashtra,496,Solapur,-,-,-,-,-,-,-,-,-,18.07402000,75.12002000,14-11-2023 18:00,0,0,0,0,0,0,0,0,0,0,0,0,0,0,0,0,0,0,0,0,0,0,0,0,0,0,0,0,0,0,0,0,0,0,0,0,0,0,0,0,0,0,0,0,"","","","","",""
177,Ujjani Dam Rain Gauge,Maharashtra SW,27,Maharashtra,496,Solapur,-,-,-,-,-,-,-,-,-,18.07402000,75.12002000,14-11-2023 19:00,0,0,0,0,0,0,0,0,0,0,0,0,0,0,0,0,0,0,0,0,0,0,0,0,0,0,0,0,0,0,0,0,0,0,0,0,0,0,0,0,0,0,0,0,"","","","","",""
178,Ujjani Dam Rain Gauge,Maharashtra SW,27,Maharashtra,496,Solapur,-,-,-,-,-,-,-,-,-,18.07402000,75.12002000,14-11-2023 20:00,0,0,0,0,0,0,0,0,0,0,0,0,0,0,0,0,0,0,0,0,0,0,0,0,0,0,0,0,0,0,0,0,0,0,0,0,0,0,0,0,0,0,0,0,"","","","","",""
179,Ujjani Dam Rain Gauge,Maharashtra SW,27,Maharashtra,496,Solapur,-,-,-,-,-,-,-,-,-,18.07402000,75.12002000,14-11-2023 21:00,0,0,0,0,0,0,0,0,0,0,0,0,0,0,0,0,0,0,0,0,0,0,0,0,0,0,0,0,0,0,0,0,0,0,0,0,0,0,0,0,0,0,0,0,"","","","","",""
180,Ujjani Dam Rain Gauge,Maharashtra SW,27,Maharashtra,496,Solapur,-,-,-,-,-,-,-,-,-,18.07402000,75.12002000,14-11-2023 22:00,0,0,0,0,0,0,0,0,0,0,0,0,0,0,0,0,0,0,0,0,0,0,0,0,0,0,0,0,0,0,0,0,0,0,0,0,0,0,0,0,0,0,0,0,"","","","","",""
181,Ujjani Dam Rain Gauge,Maharashtra SW,27,Maharashtra,496,Solapur,-,-,-,-,-,-,-,-,-,18.07402000,75.12002000,14-11-2023 23:00,0,0,0,0,0,0,0,0,0,0,0,0,0,0,0,0,0,0,0,0,0,0,0,0,0,0,0,0,0,0,0,0,0,0,0,0,0,0,0,0,0,0,0,0,"","","","","",""
182,Ujjani Dam Rain Gauge,Maharashtra SW,27,Maharashtra,496,Solapur,-,-,-,-,-,-,-,-,-,18.07402000,75.12002000,15-11-2023 00:00,0,0,0,0,0,0,0,0,0,0,0,0,0,0,0,0,0,0,0,0,0,0,0,0,0,0,0,0,0,0,0,0,0,0,0,0,0,0,0,0,0,0,0,0,"","","","","",""
183,Ujjani Dam Rain Gauge,Maharashtra SW,27,Maharashtra,496,Solapur,-,-,-,-,-,-,-,-,-,18.07402000,75.12002000,15-11-2023 01:00,0,0,0,0,0,0,0,0,0,0,0,0,0,0,0,0,0,0,0,0,0,0,0,0,0,0,0,0,0,0,0,0,0,0,0,0,0,0,0,0,0,0,0,0,"","","","","",""
184,Ujjani Dam Rain Gauge,Maharashtra SW,27,Maharashtra,496,Solapur,-,-,-,-,-,-,-,-,-,18.07402000,75.12002000,15-11-2023 02:00,0,0,0,0,0,0,0,0,0,0,0,0,0,0,0,0,0,0,0,0,0,0,0,0,0,0,0,0,0,0,0,0,0,0,0,0,0,0,0,0,0,0,0,0,"","","","","",""
185,Ujjani Dam Rain Gauge,Maharashtra SW,27,Maharashtra,496,Solapur,-,-,-,-,-,-,-,-,-,18.07402000,75.12002000,15-11-2023 03:00,0,0,0,0,0,0,0,0,0,0,0,0,0,0,0,0,0,0,0,0,0,0,0,0,0,0,0,0,0,0,0,0,0,0,0,0,0,0,0,0,0,0,0,0,"","","","","",""
186,Ujjani Dam Rain Gauge,Maharashtra SW,27,Maharashtra,496,Solapur,-,-,-,-,-,-,-,-,-,18.07402000,75.12002000,15-11-2023 04:00,0,0,0,0,0,0,0,0,0,0,0,0,0,0,0,0,0,0,0,0,0,0,0,0,0,0,0,0,0,0,0,0,0,0,0,0,0,0,0,0,0,0,0,0,"","","","","",""
187,Ujjani Dam Rain Gauge,Maharashtra SW,27,Maharashtra,496,Solapur,-,-,-,-,-,-,-,-,-,18.07402000,75.12002000,15-11-2023 05:00,0,0,0,0,0,0,0,0,0,0,0,0,0,0,0,0,0,0,0,0,0,0,0,0,0,0,0,0,0,0,0,0,0,0,0,0,0,0,0,0,0,0,0,0,"","","","","",""
188,Ujjani Dam Rain Gauge,Maharashtra SW,27,Maharashtra,496,Solapur,-,-,-,-,-,-,-,-,-,18.07402000,75.12002000,15-11-2023 06:00,0,0,0,0,0,0,0,0,0,0,0,0,0,0,0,0,0,0,0,0,0,0,0,0,0,0,0,0,0,0,0,0,0,0,0,0,0,0,0,0,0,0,0,0,"","","","","",""
189,Ujjani Dam Rain Gauge,Maharashtra SW,27,Maharashtra,496,Solapur,-,-,-,-,-,-,-,-,-,18.07402000,75.12002000,15-11-2023 07:00,0,0,0,0,0,0,0,0,0,0,0,0,0,0,0,0,0,0,0,0,0,0,0,0,0,0,0,0,0,0,0,0,0,0,0,0,0,0,0,0,0,0,0,0,"","","","","",""
190,Ujjani Dam Rain Gauge,Maharashtra SW,27,Maharashtra,496,Solapur,-,-,-,-,-,-,-,-,-,18.07402000,75.12002000,15-11-2023 08:00,0,0,0,0,0,0,0,0,0,0,0,0,0,0,0,0,0,0,0,0,0,0,0,0,0,0,0,0,0,0,0,0,0,0,0,0,0,0,0,0,0,0,0,0,"","","","","",""
191,Ujjani Dam Rain Gauge,Maharashtra SW,27,Maharashtra,496,Solapur,-,-,-,-,-,-,-,-,-,18.07402000,75.12002000,15-11-2023 09:00,0,0,0,0,0,0,0,0,0,0,0,0,0,0,0,0,0,0,0,0,0,0,0,0,0,0,0,0,0,0,0,0,0,0,0,0,0,0,0,0,0,0,0,0,"","","","","",""
192,Ujjani Dam Rain Gauge,Maharashtra SW,27,Maharashtra,496,Solapur,-,-,-,-,-,-,-,-,-,18.07402000,75.12002000,15-11-2023 10:00,0,0,0,0,0,0,0,0,0,0,0,0,0,0,0,0,0,0,0,0,0,0,0,0,0,0,0,0,0,0,0,0,0,0,0,0,0,0,0,0,0,0,0,0,"","","","","",""
193,Ujjani Dam Rain Gauge,Maharashtra SW,27,Maharashtra,496,Solapur,-,-,-,-,-,-,-,-,-,18.07402000,75.12002000,15-11-2023 11:00,0,0,0,0,0,0,0,0,0,0,0,0,0,0,0,0,0,0,0,0,0,0,0,0,0,0,0,0,0,0,0,0,0,0,0,0,0,0,0,0,0,0,0,0,"","","","","",""
194,Ujjani Dam Rain Gauge,Maharashtra SW,27,Maharashtra,496,Solapur,-,-,-,-,-,-,-,-,-,18.07402000,75.12002000,15-11-2023 12:00,0,0,0,0,0,0,0,0,0,0,0,0,0,0,0,0,0,0,0,0,0,0,0,0,0,0,0,0,0,0,0,0,0,0,0,0,0,0,0,0,0,0,0,0,"","","","","",""
195,Ujjani Dam Rain Gauge,Maharashtra SW,27,Maharashtra,496,Solapur,-,-,-,-,-,-,-,-,-,18.07402000,75.12002000,15-11-2023 13:00,0,0,0,0,0,0,0,0,0,0,0,0,0,0,0,0,0,0,0,0,0,0,0,0,0,0,0,0,0,0,0,0,0,0,0,0,0,0,0,0,0,0,0,0,"","","","","",""
196,Ujjani Dam Rain Gauge,Maharashtra SW,27,Maharashtra,496,Solapur,-,-,-,-,-,-,-,-,-,18.07402000,75.12002000,15-11-2023 14:00,0,0,0,0,0,0,0,0,0,0,0,0,0,0,0,0,0,0,0,0,0,0,0,0,0,0,0,0,0,0,0,0,0,0,0,0,0,0,0,0,0,0,0,0,"","","","","",""
197,Ujjani Dam Rain Gauge,Maharashtra SW,27,Maharashtra,496,Solapur,-,-,-,-,-,-,-,-,-,18.07402000,75.12002000,15-11-2023 15:00,0,0,0,0,0,0,0,0,0,0,0,0,0,0,0,0,0,0,0,0,0,0,0,0,0,0,0,0,0,0,0,0,0,0,0,0,0,0,0,0,0,0,0,0,"","","","","",""
198,Ujjani Dam Rain Gauge,Maharashtra SW,27,Maharashtra,496,Solapur,-,-,-,-,-,-,-,-,-,18.07402000,75.12002000,15-11-2023 16:00,0,0,0,0,0,0,0,0,0,0,0,0,0,0,0,0,0,0,0,0,0,0,0,0,0,0,0,0,0,0,0,0,0,0,0,0,0,0,0,0,0,0,0,0,"","","","","",""
199,Ujjani Dam Rain Gauge,Maharashtra SW,27,Maharashtra,496,Solapur,-,-,-,-,-,-,-,-,-,18.07402000,75.12002000,15-11-2023 17:00,0,0,0,0,0,0,0,0,0,0,0,0,0,0,0,0,0,0,0,0,0,0,0,0,0,0,0,0,0,0,0,0,0,0,0,0,0,0,0,0,0,0,0,0,"","","","","",""
200,Ujjani Dam Rain Gauge,Maharashtra SW,27,Maharashtra,496,Solapur,-,-,-,-,-,-,-,-,-,18.07402000,75.12002000,15-11-2023 18:00,0,0,0,0,0,0,0,0,0,0,0,0,0,0,0,0,0,0,0,0,0,0,0,0,0,0,0,0,0,0,0,0,0,0,0,0,0,0,0,0,0,0,0,0,"","","","","",""
201,Ujjani Dam Rain Gauge,Maharashtra SW,27,Maharashtra,496,Solapur,-,-,-,-,-,-,-,-,-,18.07402000,75.12002000,15-11-2023 19:00,0,0,0,0,0,0,0,0,0,0,0,0,0,0,0,0,0,0,0,0,0,0,0,0,0,0,0,0,0,0,0,0,0,0,0,0,0,0,0,0,0,0,0,0,"","","","","",""
202,Ujjani Dam Rain Gauge,Maharashtra SW,27,Maharashtra,496,Solapur,-,-,-,-,-,-,-,-,-,18.07402000,75.12002000,15-11-2023 20:00,0,0,0,0,0,0,0,0,0,0,0,0,0,0,0,0,0,0,0,0,0,0,0,0,0,0,0,0,0,0,0,0,0,0,0,0,0,0,0,0,0,0,0,0,"","","","","",""
203,Ujjani Dam Rain Gauge,Maharashtra SW,27,Maharashtra,496,Solapur,-,-,-,-,-,-,-,-,-,18.07402000,75.12002000,15-11-2023 21:00,0,0,0,0,0,0,0,0,0,0,0,0,0,0,0,0,0,0,0,0,0,0,0,0,0,0,0,0,0,0,0,0,0,0,0,0,0,0,0,0,0,0,0,0,"","","","","",""
204,Ujjani Dam Rain Gauge,Maharashtra SW,27,Maharashtra,496,Solapur,-,-,-,-,-,-,-,-,-,18.07402000,75.12002000,15-11-2023 22:00,0,0,0,0,0,0,0,0,0,0,0,0,0,0,0,0,0,0,0,0,0,0,0,0,0,0,0,0,0,0,0,0,0,0,0,0,0,0,0,0,0,0,0,0,"","","","","",""
205,Ujjani Dam Rain Gauge,Maharashtra SW,27,Maharashtra,496,Solapur,-,-,-,-,-,-,-,-,-,18.07402000,75.12002000,15-11-2023 23:00,0,0,0,0,0,0,0,0,0,0,0,0,0,0,0,0,0,0,0,0,0,0,0,0,0,0,0,0,0,0,0,0,0,0,0,0,0,0,0,0,0,0,0,0,"","","","","",""
206,Ujjani Dam Rain Gauge,Maharashtra SW,27,Maharashtra,496,Solapur,-,-,-,-,-,-,-,-,-,18.07402000,75.12002000,16-11-2023 00:00,0,0,0,0,0,0,0,0,0,0,0,0,0,0,0,0,0,0,0,0,0,0,0,0,0,0,0,0,0,0,0,0,0,0,0,0,0,0,0,0,0,0,0,0,"","","","","",""
207,Ujjani Dam Rain Gauge,Maharashtra SW,27,Maharashtra,496,Solapur,-,-,-,-,-,-,-,-,-,18.07402000,75.12002000,16-11-2023 02:00,0,0,0,0,0,0,0,0,0,0,0,0,0,0,0,0,0,0,0,0,0,0,0,0,0,0,0,0,0,0,0,0,0,0,0,0,0,0,0,0,0,0,0,0,"","","","","",""
208,Ujjani Dam Rain Gauge,Maharashtra SW,27,Maharashtra,496,Solapur,-,-,-,-,-,-,-,-,-,18.07402000,75.12002000,16-11-2023 03:00,0,0,0,0,0,0,0,0,0,0,0,0,0,0,0,0,0,0,0,0,0,0,0,0,0,0,0,0,0,0,0,0,0,0,0,0,0,0,0,0,0,0,0,0,"","","","","",""
209,Ujjani Dam Rain Gauge,Maharashtra SW,27,Maharashtra,496,Solapur,-,-,-,-,-,-,-,-,-,18.07402000,75.12002000,16-11-2023 04:00,0,0,0,0,0,0,0,0,0,0,0,0,0,0,0,0,0,0,0,0,0,0,0,0,0,0,0,0,0,0,0,0,0,0,0,0,0,0,0,0,0,0,0,0,"","","","","",""
210,Ujjani Dam Rain Gauge,Maharashtra SW,27,Maharashtra,496,Solapur,-,-,-,-,-,-,-,-,-,18.07402000,75.12002000,16-11-2023 05:00,0,0,0,0,0,0,0,0,0,0,0,0,0,0,0,0,0,0,0,0,0,0,0,0,0,0,0,0,0,0,0,0,0,0,0,0,0,0,0,0,0,0,0,0,"","","","","",""
211,Ujjani Dam Rain Gauge,Maharashtra SW,27,Maharashtra,496,Solapur,-,-,-,-,-,-,-,-,-,18.07402000,75.12002000,16-11-2023 06:00,0,0,0,0,0,0,0,0,0,0,0,0,0,0,0,0,0,0,0,0,0,0,0,0,0,0,0,0,0,0,0,0,0,0,0,0,0,0,0,0,0,0,0,0,"","","","","",""
212,Ujjani Dam Rain Gauge,Maharashtra SW,27,Maharashtra,496,Solapur,-,-,-,-,-,-,-,-,-,18.07402000,75.12002000,16-11-2023 07:00,0,0,0,0,0,0,0,0,0,0,0,0,0,0,0,0,0,0,0,0,0,0,0,0,0,0,0,0,0,0,0,0,0,0,0,0,0,0,0,0,0,0,0,0,"","","","","",""
213,Ujjani Dam Rain Gauge,Maharashtra SW,27,Maharashtra,496,Solapur,-,-,-,-,-,-,-,-,-,18.07402000,75.12002000,16-11-2023 08:00,0,0,0,0,0,0,0,0,0,0,0,0,0,0,0,0,0,0,0,0,0,0,0,0,0,0,0,0,0,0,0,0,0,0,0,0,0,0,0,0,0,0,0,0,"","","","","",""
214,Ujjani Dam Rain Gauge,Maharashtra SW,27,Maharashtra,496,Solapur,-,-,-,-,-,-,-,-,-,18.07402000,75.12002000,16-11-2023 09:00,0,0,0,0,0,0,0,0,0,0,0,0,0,0,0,0,0,0,0,0,0,0,0,0,0,0,0,0,0,0,0,0,0,0,0,0,0,0,0,0,0,0,0,0,"","","","","",""
215,Ujjani Dam Rain Gauge,Maharashtra SW,27,Maharashtra,496,Solapur,-,-,-,-,-,-,-,-,-,18.07402000,75.12002000,16-11-2023 10:00,0,0,0,0,0,0,0,0,0,0,0,0,0,0,0,0,0,0,0,0,0,0,0,0,0,0,0,0,0,0,0,0,0,0,0,0,0,0,0,0,0,0,0,0,"","","","","",""
216,Ujjani Dam Rain Gauge,Maharashtra SW,27,Maharashtra,496,Solapur,-,-,-,-,-,-,-,-,-,18.07402000,75.12002000,16-11-2023 11:00,0,0,0,0,0,0,0,0,0,0,0,0,0,0,0,0,0,0,0,0,0,0,0,0,0,0,0,0,0,0,0,0,0,0,0,0,0,0,0,0,0,0,0,0,"","","","","",""
217,Ujjani Dam Rain Gauge,Maharashtra SW,27,Maharashtra,496,Solapur,-,-,-,-,-,-,-,-,-,18.07402000,75.12002000,16-11-2023 12:00,0,0,0,0,0,0,0,0,0,0,0,0,0,0,0,0,0,0,0,0,0,0,0,0,0,0,0,0,0,0,0,0,0,0,0,0,0,0,0,0,0,0,0,0,"","","","","",""
218,Ujjani Dam Rain Gauge,Maharashtra SW,27,Maharashtra,496,Solapur,-,-,-,-,-,-,-,-,-,18.07402000,75.12002000,16-11-2023 13:00,0,0,0,0,0,0,0,0,0,0,0,0,0,0,0,0,0,0,0,0,0,0,0,0,0,0,0,0,0,0,0,0,0,0,0,0,0,0,0,0,0,0,0,0,"","","","","",""
219,Ujjani Dam Rain Gauge,Maharashtra SW,27,Maharashtra,496,Solapur,-,-,-,-,-,-,-,-,-,18.07402000,75.12002000,16-11-2023 14:00,0,0,0,0,0,0,0,0,0,0,0,0,0,0,0,0,0,0,0,0,0,0,0,0,0,0,0,0,0,0,0,0,0,0,0,0,0,0,0,0,0,0,0,0,"","","","","",""
220,Ujjani Dam Rain Gauge,Maharashtra SW,27,Maharashtra,496,Solapur,-,-,-,-,-,-,-,-,-,18.07402000,75.12002000,16-11-2023 15:00,0,0,0,0,0,0,0,0,0,0,0,0,0,0,0,0,0,0,0,0,0,0,0,0,0,0,0,0,0,0,0,0,0,0,0,0,0,0,0,0,0,0,0,0,"","","","","",""
221,Ujjani Dam Rain Gauge,Maharashtra SW,27,Maharashtra,496,Solapur,-,-,-,-,-,-,-,-,-,18.07402000,75.12002000,16-11-2023 16:00,0,0,0,0,0,0,0,0,0,0,0,0,0,0,0,0,0,0,0,0,0,0,0,0,0,0,0,0,0,0,0,0,0,0,0,0,0,0,0,0,0,0,0,0,"","","","","",""
222,Ujjani Dam Rain Gauge,Maharashtra SW,27,Maharashtra,496,Solapur,-,-,-,-,-,-,-,-,-,18.07402000,75.12002000,16-11-2023 17:00,0,0,0,0,0,0,0,0,0,0,0,0,0,0,0,0,0,0,0,0,0,0,0,0,0,0,0,0,0,0,0,0,0,0,0,0,0,0,0,0,0,0,0,0,"","","","","",""
223,Ujjani Dam Rain Gauge,Maharashtra SW,27,Maharashtra,496,Solapur,-,-,-,-,-,-,-,-,-,18.07402000,75.12002000,16-11-2023 18:00,0,0,0,0,0,0,0,0,0,0,0,0,0,0,0,0,0,0,0,0,0,0,0,0,0,0,0,0,0,0,0,0,0,0,0,0,0,0,0,0,0,0,0,0,"","","","","",""
224,Ujjani Dam Rain Gauge,Maharashtra SW,27,Maharashtra,496,Solapur,-,-,-,-,-,-,-,-,-,18.07402000,75.12002000,16-11-2023 19:00,0,0,0,0,0,0,0,0,0,0,0,0,0,0,0,0,0,0,0,0,0,0,0,0,0,0,0,0,0,0,0,0,0,0,0,0,0,0,0,0,0,0,0,0,"","","","","",""
225,Ujjani Dam Rain Gauge,Maharashtra SW,27,Maharashtra,496,Solapur,-,-,-,-,-,-,-,-,-,18.07402000,75.12002000,16-11-2023 20:00,0,0,0,0,0,0,0,0,0,0,0,0,0,0,0,0,0,0,0,0,0,0,0,0,0,0,0,0,0,0,0,0,0,0,0,0,0,0,0,0,0,0,0,0,"","","","","",""
226,Ujjani Dam Rain Gauge,Maharashtra SW,27,Maharashtra,496,Solapur,-,-,-,-,-,-,-,-,-,18.07402000,75.12002000,16-11-2023 21:00,0,0,0,0,0,0,0,0,0,0,0,0,0,0,0,0,0,0,0,0,0,0,0,0,0,0,0,0,0,0,0,0,0,0,0,0,0,0,0,0,0,0,0,0,"","","","","",""
227,Ujjani Dam Rain Gauge,Maharashtra SW,27,Maharashtra,496,Solapur,-,-,-,-,-,-,-,-,-,18.07402000,75.12002000,16-11-2023 22:00,0,0,0,0,0,0,0,0,0,0,0,0,0,0,0,0,0,0,0,0,0,0,0,0,0,0,0,0,0,0,0,0,0,0,0,0,0,0,0,0,0,0,0,0,"","","","","",""
228,Ujjani Dam Rain Gauge,Maharashtra SW,27,Maharashtra,496,Solapur,-,-,-,-,-,-,-,-,-,18.07402000,75.12002000,16-11-2023 23:00,0,0,0,0,0,0,0,0,0,0,0,0,0,0,0,0,0,0,0,0,0,0,0,0,0,0,0,0,0,0,0,0,0,0,0,0,0,0,0,0,0,0,0,0,"","","","","",""
229,Ujjani Dam Rain Gauge,Maharashtra SW,27,Maharashtra,496,Solapur,-,-,-,-,-,-,-,-,-,18.07402000,75.12002000,17-11-2023 00:00,0,0,0,0,0,0,0,0,0,0,0,0,0,0,0,0,0,0,0,0,0,0,0,0,0,0,0,0,0,0,0,0,0,0,0,0,0,0,0,0,0,0,0,0,"","","","","",""
230,Ujjani Dam Rain Gauge,Maharashtra SW,27,Maharashtra,496,Solapur,-,-,-,-,-,-,-,-,-,18.07402000,75.12002000,17-11-2023 01:00,0,0,0,0,0,0,0,0,0,0,0,0,0,0,0,0,0,0,0,0,0,0,0,0,0,0,0,0,0,0,0,0,0,0,0,0,0,0,0,0,0,0,0,0,"","","","","",""
231,Ujjani Dam Rain Gauge,Maharashtra SW,27,Maharashtra,496,Solapur,-,-,-,-,-,-,-,-,-,18.07402000,75.12002000,17-11-2023 02:00,0,0,0,0,0,0,0,0,0,0,0,0,0,0,0,0,0,0,0,0,0,0,0,0,0,0,0,0,0,0,0,0,0,0,0,0,0,0,0,0,0,0,0,0,"","","","","",""
232,Ujjani Dam Rain Gauge,Maharashtra SW,27,Maharashtra,496,Solapur,-,-,-,-,-,-,-,-,-,18.07402000,75.12002000,17-11-2023 03:00,0,0,0,0,0,0,0,0,0,0,0,0,0,0,0,0,0,0,0,0,0,0,0,0,0,0,0,0,0,0,0,0,0,0,0,0,0,0,0,0,0,0,0,0,"","","","","",""
233,Ujjani Dam Rain Gauge,Maharashtra SW,27,Maharashtra,496,Solapur,-,-,-,-,-,-,-,-,-,18.07402000,75.12002000,17-11-2023 04:00,0,0,0,0,0,0,0,0,0,0,0,0,0,0,0,0,0,0,0,0,0,0,0,0,0,0,0,0,0,0,0,0,0,0,0,0,0,0,0,0,0,0,0,0,"","","","","",""
234,Ujjani Dam Rain Gauge,Maharashtra SW,27,Maharashtra,496,Solapur,-,-,-,-,-,-,-,-,-,18.07402000,75.12002000,17-11-2023 05:00,0,0,0,0,0,0,0,0,0,0,0,0,0,0,0,0,0,0,0,0,0,0,0,0,0,0,0,0,0,0,0,0,0,0,0,0,0,0,0,0,0,0,0,0,"","","","","",""
235,Ujjani Dam Rain Gauge,Maharashtra SW,27,Maharashtra,496,Solapur,-,-,-,-,-,-,-,-,-,18.07402000,75.12002000,17-11-2023 06:00,0,0,0,0,0,0,0,0,0,0,0,0,0,0,0,0,0,0,0,0,0,0,0,0,0,0,0,0,0,0,0,0,0,0,0,0,0,0,0,0,0,0,0,0,"","","","","",""
236,Ujjani Dam Rain Gauge,Maharashtra SW,27,Maharashtra,496,Solapur,-,-,-,-,-,-,-,-,-,18.07402000,75.12002000,17-11-2023 07:00,0,0,0,0,0,0,0,0,0,0,0,0,0,0,0,0,0,0,0,0,0,0,0,0,0,0,0,0,0,0,0,0,0,0,0,0,0,0,0,0,0,0,0,0,"","","","","",""
237,Ujjani Dam Rain Gauge,Maharashtra SW,27,Maharashtra,496,Solapur,-,-,-,-,-,-,-,-,-,18.07402000,75.12002000,17-11-2023 08:00,0,0,0,0,0,0,0,0,0,0,0,0,0,0,0,0,0,0,0,0,0,0,0,0,0,0,0,0,0,0,0,0,0,0,0,0,0,0,0,0,0,0,0,0,"","","","","",""
238,Ujjani Dam Rain Gauge,Maharashtra SW,27,Maharashtra,496,Solapur,-,-,-,-,-,-,-,-,-,18.07402000,75.12002000,17-11-2023 09:00,0,0,0,0,0,0,0,0,0,0,0,0,0,0,0,0,0,0,0,0,0,0,0,0,0,0,0,0,0,0,0,0,0,0,0,0,0,0,0,0,0,0,0,0,"","","","","",""
239,Ujjani Dam Rain Gauge,Maharashtra SW,27,Maharashtra,496,Solapur,-,-,-,-,-,-,-,-,-,18.07402000,75.12002000,17-11-2023 10:00,0,0,0,0,0,0,0,0,0,0,0,0,0,0,0,0,0,0,0,0,0,0,0,0,0,0,0,0,0,0,0,0,0,0,0,0,0,0,0,0,0,0,0,0,"","","","","",""
240,Ujjani Dam Rain Gauge,Maharashtra SW,27,Maharashtra,496,Solapur,-,-,-,-,-,-,-,-,-,18.07402000,75.12002000,17-11-2023 11:00,0,0,0,0,0,0,0,0,0,0,0,0,0,0,0,0,0,0,0,0,0,0,0,0,0,0,0,0,0,0,0,0,0,0,0,0,0,0,0,0,0,0,0,0,"","","","","",""
241,Ujjani Dam Rain Gauge,Maharashtra SW,27,Maharashtra,496,Solapur,-,-,-,-,-,-,-,-,-,18.07402000,75.12002000,17-11-2023 12:00,0,0,0,0,0,0,0,0,0,0,0,0,0,0,0,0,0,0,0,0,0,0,0,0,0,0,0,0,0,0,0,0,0,0,0,0,0,0,0,0,0,0,0,0,"","","","","",""
242,Ujjani Dam Rain Gauge,Maharashtra SW,27,Maharashtra,496,Solapur,-,-,-,-,-,-,-,-,-,18.07402000,75.12002000,17-11-2023 13:00,0,0,0,0,0,0,0,0,0,0,0,0,0,0,0,0,0,0,0,0,0,0,0,0,0,0,0,0,0,0,0,0,0,0,0,0,0,0,0,0,0,0,0,0,"","","","","",""
243,Ujjani Dam Rain Gauge,Maharashtra SW,27,Maharashtra,496,Solapur,-,-,-,-,-,-,-,-,-,18.07402000,75.12002000,17-11-2023 14:00,0,0,0,0,0,0,0,0,0,0,0,0,0,0,0,0,0,0,0,0,0,0,0,0,0,0,0,0,0,0,0,0,0,0,0,0,0,0,0,0,0,0,0,0,"","","","","",""
244,Ujjani Dam Rain Gauge,Maharashtra SW,27,Maharashtra,496,Solapur,-,-,-,-,-,-,-,-,-,18.07402000,75.12002000,17-11-2023 15:00,0,0,0,0,0,0,0,0,0,0,0,0,0,0,0,0,0,0,0,0,0,0,0,0,0,0,0,0,0,0,0,0,0,0,0,0,0,0,0,0,0,0,0,0,"","","","","",""
245,Ujjani Dam Rain Gauge,Maharashtra SW,27,Maharashtra,496,Solapur,-,-,-,-,-,-,-,-,-,18.07402000,75.12002000,17-11-2023 16:00,0,0,0,0,0,0,0,0,0,0,0,0,0,0,0,0,0,0,0,0,0,0,0,0,0,0,0,0,0,0,0,0,0,0,0,0,0,0,0,0,0,0,0,0,"","","","","",""
246,Ujjani Dam Rain Gauge,Maharashtra SW,27,Maharashtra,496,Solapur,-,-,-,-,-,-,-,-,-,18.07402000,75.12002000,17-11-2023 17:00,0,0,0,0,0,0,0,0,0,0,0,0,0,0,0,0,0,0,0,0,0,0,0,0,0,0,0,0,0,0,0,0,0,0,0,0,0,0,0,0,0,0,0,0,"","","","","",""
247,Ujjani Dam Rain Gauge,Maharashtra SW,27,Maharashtra,496,Solapur,-,-,-,-,-,-,-,-,-,18.07402000,75.12002000,17-11-2023 18:00,0,0,0,0,0,0,0,0,0,0,0,0,0,0,0,0,0,0,0,0,0,0,0,0,0,0,0,0,0,0,0,0,0,0,0,0,0,0,0,0,0,0,0,0,"","","","","",""
248,Ujjani Dam Rain Gauge,Maharashtra SW,27,Maharashtra,496,Solapur,-,-,-,-,-,-,-,-,-,18.07402000,75.12002000,17-11-2023 19:00,0,0,0,0,0,0,0,0,0,0,0,0,0,0,0,0,0,0,0,0,0,0,0,0,0,0,0,0,0,0,0,0,0,0,0,0,0,0,0,0,0,0,0,0,"","","","","",""
249,Ujjani Dam Rain Gauge,Maharashtra SW,27,Maharashtra,496,Solapur,-,-,-,-,-,-,-,-,-,18.07402000,75.12002000,17-11-2023 20:00,0,0,0,0,0,0,0,0,0,0,0,0,0,0,0,0,0,0,0,0,0,0,0,0,0,0,0,0,0,0,0,0,0,0,0,0,0,0,0,0,0,0,0,0,"","","","","",""
250,Ujjani Dam Rain Gauge,Maharashtra SW,27,Maharashtra,496,Solapur,-,-,-,-,-,-,-,-,-,18.07402000,75.12002000,17-11-2023 21:00,0,0,0,0,0,0,0,0,0,0,0,0,0,0,0,0,0,0,0,0,0,0,0,0,0,0,0,0,0,0,0,0,0,0,0,0,0,0,0,0,0,0,0,0,"","","","","",""
251,Ujjani Dam Rain Gauge,Maharashtra SW,27,Maharashtra,496,Solapur,-,-,-,-,-,-,-,-,-,18.07402000,75.12002000,17-11-2023 22:00,0,0,0,0,0,0,0,0,0,0,0,0,0,0,0,0,0,0,0,0,0,0,0,0,0,0,0,0,0,0,0,0,0,0,0,0,0,0,0,0,0,0,0,0,"","","","","",""
252,Ujjani Dam Rain Gauge,Maharashtra SW,27,Maharashtra,496,Solapur,-,-,-,-,-,-,-,-,-,18.07402000,75.12002000,17-11-2023 23:00,0,0,0,0,0,0,0,0,0,0,0,0,0,0,0,0,0,0,0,0,0,0,0,0,0,0,0,0,0,0,0,0,0,0,0,0,0,0,0,0,0,0,0,0,"","","","","",""
253,Ujjani Dam Rain Gauge,Maharashtra SW,27,Maharashtra,496,Solapur,-,-,-,-,-,-,-,-,-,18.07402000,75.12002000,18-11-2023 00:00,0,0,0,0,0,0,0,0,0,0,0,0,0,0,0,0,0,0,0,0,0,0,0,0,0,0,0,0,0,0,0,0,0,0,0,0,0,0,0,0,0,0,0,0,"","","","","",""
254,Ujjani Dam Rain Gauge,Maharashtra SW,27,Maharashtra,496,Solapur,-,-,-,-,-,-,-,-,-,18.07402000,75.12002000,18-11-2023 01:00,0,0,0,0,0,0,0,0,0,0,0,0,0,0,0,0,0,0,0,0,0,0,0,0,0,0,0,0,0,0,0,0,0,0,0,0,0,0,0,0,0,0,0,0,"","","","","",""
255,Ujjani Dam Rain Gauge,Maharashtra SW,27,Maharashtra,496,Solapur,-,-,-,-,-,-,-,-,-,18.07402000,75.12002000,18-11-2023 02:00,0,0,0,0,0,0,0,0,0,0,0,0,0,0,0,0,0,0,0,0,0,0,0,0,0,0,0,0,0,0,0,0,0,0,0,0,0,0,0,0,0,0,0,0,"","","","","",""
256,Ujjani Dam Rain Gauge,Maharashtra SW,27,Maharashtra,496,Solapur,-,-,-,-,-,-,-,-,-,18.07402000,75.12002000,18-11-2023 03:00,0,0,0,0,0,0,0,0,0,0,0,0,0,0,0,0,0,0,0,0,0,0,0,0,0,0,0,0,0,0,0,0,0,0,0,0,0,0,0,0,0,0,0,0,"","","","","",""
257,Ujjani Dam Rain Gauge,Maharashtra SW,27,Maharashtra,496,Solapur,-,-,-,-,-,-,-,-,-,18.07402000,75.12002000,18-11-2023 04:00,0,0,0,0,0,0,0,0,0,0,0,0,0,0,0,0,0,0,0,0,0,0,0,0,0,0,0,0,0,0,0,0,0,0,0,0,0,0,0,0,0,0,0,0,"","","","","",""
258,Ujjani Dam Rain Gauge,Maharashtra SW,27,Maharashtra,496,Solapur,-,-,-,-,-,-,-,-,-,18.07402000,75.12002000,18-11-2023 05:00,0,0,0,0,0,0,0,0,0,0,0,0,0,0,0,0,0,0,0,0,0,0,0,0,0,0,0,0,0,0,0,0,0,0,0,0,0,0,0,0,0,0,0,0,"","","","","",""
259,Ujjani Dam Rain Gauge,Maharashtra SW,27,Maharashtra,496,Solapur,-,-,-,-,-,-,-,-,-,18.07402000,75.12002000,18-11-2023 06:00,0,0,0,0,0,0,0,0,0,0,0,0,0,0,0,0,0,0,0,0,0,0,0,0,0,0,0,0,0,0,0,0,0,0,0,0,0,0,0,0,0,0,0,0,"","","","","",""
260,Ujjani Dam Rain Gauge,Maharashtra SW,27,Maharashtra,496,Solapur,-,-,-,-,-,-,-,-,-,18.07402000,75.12002000,18-11-2023 07:00,0,0,0,0,0,0,0,0,0,0,0,0,0,0,0,0,0,0,0,0,0,0,0,0,0,0,0,0,0,0,0,0,0,0,0,0,0,0,0,0,0,0,0,0,"","","","","",""
261,Ujjani Dam Rain Gauge,Maharashtra SW,27,Maharashtra,496,Solapur,-,-,-,-,-,-,-,-,-,18.07402000,75.12002000,18-11-2023 08:00,0,0,0,0,0,0,0,0,0,0,0,0,0,0,0,0,0,0,0,0,0,0,0,0,0,0,0,0,0,0,0,0,0,0,0,0,0,0,0,0,0,0,0,0,"","","","","",""
262,Ujjani Dam Rain Gauge,Maharashtra SW,27,Maharashtra,496,Solapur,-,-,-,-,-,-,-,-,-,18.07402000,75.12002000,18-11-2023 09:00,0,0,0,0,0,0,0,0,0,0,0,0,0,0,0,0,0,0,0,0,0,0,0,0,0,0,0,0,0,0,0,0,0,0,0,0,0,0,0,0,0,0,0,0,"","","","","",""
263,Ujjani Dam Rain Gauge,Maharashtra SW,27,Maharashtra,496,Solapur,-,-,-,-,-,-,-,-,-,18.07402000,75.12002000,18-11-2023 11:00,0,0,0,0,0,0,0,0,0,0,0,0,0,0,0,0,0,0,0,0,0,0,0,0,0,0,0,0,0,0,0,0,0,0,0,0,0,0,0,0,0,0,0,0,"","","","","",""
264,Ujjani Dam Rain Gauge,Maharashtra SW,27,Maharashtra,496,Solapur,-,-,-,-,-,-,-,-,-,18.07402000,75.12002000,18-11-2023 12:00,0,0,0,0,0,0,0,0,0,0,0,0,0,0,0,0,0,0,0,0,0,0,0,0,0,0,0,0,0,0,0,0,0,0,0,0,0,0,0,0,0,0,0,0,"","","","","",""
265,Ujjani Dam Rain Gauge,Maharashtra SW,27,Maharashtra,496,Solapur,-,-,-,-,-,-,-,-,-,18.07402000,75.12002000,18-11-2023 13:00,0,0,0,0,0,0,0,0,0,0,0,0,0,0,0,0,0,0,0,0,0,0,0,0,0,0,0,0,0,0,0,0,0,0,0,0,0,0,0,0,0,0,0,0,"","","","","",""
266,Ujjani Dam Rain Gauge,Maharashtra SW,27,Maharashtra,496,Solapur,-,-,-,-,-,-,-,-,-,18.07402000,75.12002000,18-11-2023 14:00,0,0,0,0,0,0,0,0,0,0,0,0,0,0,0,0,0,0,0,0,0,0,0,0,0,0,0,0,0,0,0,0,0,0,0,0,0,0,0,0,0,0,0,0,"","","","","",""
267,Ujjani Dam Rain Gauge,Maharashtra SW,27,Maharashtra,496,Solapur,-,-,-,-,-,-,-,-,-,18.07402000,75.12002000,18-11-2023 15:00,0,0,0,0,0,0,0,0,0,0,0,0,0,0,0,0,0,0,0,0,0,0,0,0,0,0,0,0,0,0,0,0,0,0,0,0,0,0,0,0,0,0,0,0,"","","","","",""
268,Ujjani Dam Rain Gauge,Maharashtra SW,27,Maharashtra,496,Solapur,-,-,-,-,-,-,-,-,-,18.07402000,75.12002000,18-11-2023 16:00,0,0,0,0,0,0,0,0,0,0,0,0,0,0,0,0,0,0,0,0,0,0,0,0,0,0,0,0,0,0,0,0,0,0,0,0,0,0,0,0,0,0,0,0,"","","","","",""
269,Ujjani Dam Rain Gauge,Maharashtra SW,27,Maharashtra,496,Solapur,-,-,-,-,-,-,-,-,-,18.07402000,75.12002000,18-11-2023 17:00,0,0,0,0,0,0,0,0,0,0,0,0,0,0,0,0,0,0,0,0,0,0,0,0,0,0,0,0,0,0,0,0,0,0,0,0,0,0,0,0,0,0,0,0,"","","","","",""
270,Ujjani Dam Rain Gauge,Maharashtra SW,27,Maharashtra,496,Solapur,-,-,-,-,-,-,-,-,-,18.07402000,75.12002000,18-11-2023 18:00,0,0,0,0,0,0,0,0,0,0,0,0,0,0,0,0,0,0,0,0,0,0,0,0,0,0,0,0,0,0,0,0,0,0,0,0,0,0,0,0,0,0,0,0,"","","","","",""
271,Ujjani Dam Rain Gauge,Maharashtra SW,27,Maharashtra,496,Solapur,-,-,-,-,-,-,-,-,-,18.07402000,75.12002000,18-11-2023 19:00,0,0,0,0,0,0,0,0,0,0,0,0,0,0,0,0,0,0,0,0,0,0,0,0,0,0,0,0,0,0,0,0,0,0,0,0,0,0,0,0,0,0,0,0,"","","","","",""
272,Ujjani Dam Rain Gauge,Maharashtra SW,27,Maharashtra,496,Solapur,-,-,-,-,-,-,-,-,-,18.07402000,75.12002000,18-11-2023 20:00,0,0,0,0,0,0,0,0,0,0,0,0,0,0,0,0,0,0,0,0,0,0,0,0,0,0,0,0,0,0,0,0,0,0,0,0,0,0,0,0,0,0,0,0,"","","","","",""
273,Ujjani Dam Rain Gauge,Maharashtra SW,27,Maharashtra,496,Solapur,-,-,-,-,-,-,-,-,-,18.07402000,75.12002000,18-11-2023 21:00,0,0,0,0,0,0,0,0,0,0,0,0,0,0,0,0,0,0,0,0,0,0,0,0,0,0,0,0,0,0,0,0,0,0,0,0,0,0,0,0,0,0,0,0,"","","","","",""
274,Ujjani Dam Rain Gauge,Maharashtra SW,27,Maharashtra,496,Solapur,-,-,-,-,-,-,-,-,-,18.07402000,75.12002000,18-11-2023 22:00,0,0,0,0,0,0,0,0,0,0,0,0,0,0,0,0,0,0,0,0,0,0,0,0,0,0,0,0,0,0,0,0,0,0,0,0,0,0,0,0,0,0,0,0,"","","","","",""
275,Ujjani Dam Rain Gauge,Maharashtra SW,27,Maharashtra,496,Solapur,-,-,-,-,-,-,-,-,-,18.07402000,75.12002000,18-11-2023 23:00,0,0,0,0,0,0,0,0,0,0,0,0,0,0,0,0,0,0,0,0,0,0,0,0,0,0,0,0,0,0,0,0,0,0,0,0,0,0,0,0,0,0,0,0,"","","","","",""
276,Ujjani Dam Rain Gauge,Maharashtra SW,27,Maharashtra,496,Solapur,-,-,-,-,-,-,-,-,-,18.07402000,75.12002000,19-11-2023 00:00,0,0,0,0,0,0,0,0,0,0,0,0,0,0,0,0,0,0,0,0,0,0,0,0,0,0,0,0,0,0,0,0,0,0,0,0,0,0,0,0,0,0,0,0,"","","","","",""
277,Ujjani Dam Rain Gauge,Maharashtra SW,27,Maharashtra,496,Solapur,-,-,-,-,-,-,-,-,-,18.07402000,75.12002000,19-11-2023 01:00,0,0,0,0,0,0,0,0,0,0,0,0,0,0,0,0,0,0,0,0,0,0,0,0,0,0,0,0,0,0,0,0,0,0,0,0,0,0,0,0,0,0,0,0,"","","","","",""
278,Ujjani Dam Rain Gauge,Maharashtra SW,27,Maharashtra,496,Solapur,-,-,-,-,-,-,-,-,-,18.07402000,75.12002000,19-11-2023 02:00,0,0,0,0,0,0,0,0,0,0,0,0,0,0,0,0,0,0,0,0,0,0,0,0,0,0,0,0,0,0,0,0,0,0,0,0,0,0,0,0,0,0,0,0,"","","","","",""
279,Ujjani Dam Rain Gauge,Maharashtra SW,27,Maharashtra,496,Solapur,-,-,-,-,-,-,-,-,-,18.07402000,75.12002000,19-11-2023 03:00,0,0,0,0,0,0,0,0,0,0,0,0,0,0,0,0,0,0,0,0,0,0,0,0,0,0,0,0,0,0,0,0,0,0,0,0,0,0,0,0,0,0,0,0,"","","","","",""
280,Ujjani Dam Rain Gauge,Maharashtra SW,27,Maharashtra,496,Solapur,-,-,-,-,-,-,-,-,-,18.07402000,75.12002000,19-11-2023 04:00,0,0,0,0,0,0,0,0,0,0,0,0,0,0,0,0,0,0,0,0,0,0,0,0,0,0,0,0,0,0,0,0,0,0,0,0,0,0,0,0,0,0,0,0,"","","","","",""
281,Ujjani Dam Rain Gauge,Maharashtra SW,27,Maharashtra,496,Solapur,-,-,-,-,-,-,-,-,-,18.07402000,75.12002000,19-11-2023 05:00,0,0,0,0,0,0,0,0,0,0,0,0,0,0,0,0,0,0,0,0,0,0,0,0,0,0,0,0,0,0,0,0,0,0,0,0,0,0,0,0,0,0,0,0,"","","","","",""
282,Ujjani Dam Rain Gauge,Maharashtra SW,27,Maharashtra,496,Solapur,-,-,-,-,-,-,-,-,-,18.07402000,75.12002000,19-11-2023 06:00,0,0,0,0,0,0,0,0,0,0,0,0,0,0,0,0,0,0,0,0,0,0,0,0,0,0,0,0,0,0,0,0,0,0,0,0,0,0,0,0,0,0,0,0,"","","","","",""
283,Ujjani Dam Rain Gauge,Maharashtra SW,27,Maharashtra,496,Solapur,-,-,-,-,-,-,-,-,-,18.07402000,75.12002000,19-11-2023 07:00,0,0,0,0,0,0,0,0,0,0,0,0,0,0,0,0,0,0,0,0,0,0,0,0,0,0,0,0,0,0,0,0,0,0,0,0,0,0,0,0,0,0,0,0,"","","","","",""
284,Ujjani Dam Rain Gauge,Maharashtra SW,27,Maharashtra,496,Solapur,-,-,-,-,-,-,-,-,-,18.07402000,75.12002000,19-11-2023 08:00,0,0,0,0,0,0,0,0,0,0,0,0,0,0,0,0,0,0,0,0,0,0,0,0,0,0,0,0,0,0,0,0,0,0,0,0,0,0,0,0,0,0,0,0,"","","","","",""
285,Ujjani Dam Rain Gauge,Maharashtra SW,27,Maharashtra,496,Solapur,-,-,-,-,-,-,-,-,-,18.07402000,75.12002000,19-11-2023 09:00,0,0,0,0,0,0,0,0,0,0,0,0,0,0,0,0,0,0,0,0,0,0,0,0,0,0,0,0,0,0,0,0,0,0,0,0,0,0,0,0,0,0,0,0,"","","","","",""
286,Ujjani Dam Rain Gauge,Maharashtra SW,27,Maharashtra,496,Solapur,-,-,-,-,-,-,-,-,-,18.07402000,75.12002000,19-11-2023 10:00,0,0,0,0,0,0,0,0,0,0,0,0,0,0,0,0,0,0,0,0,0,0,0,0,0,0,0,0,0,0,0,0,0,0,0,0,0,0,0,0,0,0,0,0,"","","","","",""
287,Ujjani Dam Rain Gauge,Maharashtra SW,27,Maharashtra,496,Solapur,-,-,-,-,-,-,-,-,-,18.07402000,75.12002000,19-11-2023 11:00,0,0,0,0,0,0,0,0,0,0,0,0,0,0,0,0,0,0,0,0,0,0,0,0,0,0,0,0,0,0,0,0,0,0,0,0,0,0,0,0,0,0,0,0,"","","","","",""
288,Ujjani Dam Rain Gauge,Maharashtra SW,27,Maharashtra,496,Solapur,-,-,-,-,-,-,-,-,-,18.07402000,75.12002000,19-11-2023 12:00,0,0,0,0,0,0,0,0,0,0,0,0,0,0,0,0,0,0,0,0,0,0,0,0,0,0,0,0,0,0,0,0,0,0,0,0,0,0,0,0,0,0,0,0,"","","","","",""
289,Ujjani Dam Rain Gauge,Maharashtra SW,27,Maharashtra,496,Solapur,-,-,-,-,-,-,-,-,-,18.07402000,75.12002000,19-11-2023 13:00,0,0,0,0,0,0,0,0,0,0,0,0,0,0,0,0,0,0,0,0,0,0,0,0,0,0,0,0,0,0,0,0,0,0,0,0,0,0,0,0,0,0,0,0,"","","","","",""
290,Ujjani Dam Rain Gauge,Maharashtra SW,27,Maharashtra,496,Solapur,-,-,-,-,-,-,-,-,-,18.07402000,75.12002000,19-11-2023 14:00,0,0,0,0,0,0,0,0,0,0,0,0,0,0,0,0,0,0,0,0,0,0,0,0,0,0,0,0,0,0,0,0,0,0,0,0,0,0,0,0,0,0,0,0,"","","","","",""
291,Ujjani Dam Rain Gauge,Maharashtra SW,27,Maharashtra,496,Solapur,-,-,-,-,-,-,-,-,-,18.07402000,75.12002000,19-11-2023 15:00,0,0,0,0,0,0,0,0,0,0,0,0,0,0,0,0,0,0,0,0,0,0,0,0,0,0,0,0,0,0,0,0,0,0,0,0,0,0,0,0,0,0,0,0,"","","","","",""
292,Ujjani Dam Rain Gauge,Maharashtra SW,27,Maharashtra,496,Solapur,-,-,-,-,-,-,-,-,-,18.07402000,75.12002000,19-11-2023 16:00,0,0,0,0,0,0,0,0,0,0,0,0,0,0,0,0,0,0,0,0,0,0,0,0,0,0,0,0,0,0,0,0,0,0,0,0,0,0,0,0,0,0,0,0,"","","","","",""
293,Ujjani Dam Rain Gauge,Maharashtra SW,27,Maharashtra,496,Solapur,-,-,-,-,-,-,-,-,-,18.07402000,75.12002000,19-11-2023 17:00,0,0,0,0,0,0,0,0,0,0,0,0,0,0,0,0,0,0,0,0,0,0,0,0,0,0,0,0,0,0,0,0,0,0,0,0,0,0,0,0,0,0,0,0,"","","","","",""
294,Ujjani Dam Rain Gauge,Maharashtra SW,27,Maharashtra,496,Solapur,-,-,-,-,-,-,-,-,-,18.07402000,75.12002000,19-11-2023 18:00,0,0,0,0,0,0,0,0,0,0,0,0,0,0,0,0,0,0,0,0,0,0,0,0,0,0,0,0,0,0,0,0,0,0,0,0,0,0,0,0,0,0,0,0,"","","","","",""
295,Ujjani Dam Rain Gauge,Maharashtra SW,27,Maharashtra,496,Solapur,-,-,-,-,-,-,-,-,-,18.07402000,75.12002000,19-11-2023 19:00,0,0,0,0,0,0,0,0,0,0,0,0,0,0,0,0,0,0,0,0,0,0,0,0,0,0,0,0,0,0,0,0,0,0,0,0,0,0,0,0,0,0,0,0,"","","","","",""
296,Ujjani Dam Rain Gauge,Maharashtra SW,27,Maharashtra,496,Solapur,-,-,-,-,-,-,-,-,-,18.07402000,75.12002000,19-11-2023 20:00,0,0,0,0,0,0,0,0,0,0,0,0,0,0,0,0,0,0,0,0,0,0,0,0,0,0,0,0,0,0,0,0,0,0,0,0,0,0,0,0,0,0,0,0,"","","","","",""
297,Ujjani Dam Rain Gauge,Maharashtra SW,27,Maharashtra,496,Solapur,-,-,-,-,-,-,-,-,-,18.07402000,75.12002000,19-11-2023 21:00,0,0,0,0,0,0,0,0,0,0,0,0,0,0,0,0,0,0,0,0,0,0,0,0,0,0,0,0,0,0,0,0,0,0,0,0,0,0,0,0,0,0,0,0,"","","","","",""
298,Ujjani Dam Rain Gauge,Maharashtra SW,27,Maharashtra,496,Solapur,-,-,-,-,-,-,-,-,-,18.07402000,75.12002000,19-11-2023 22:00,0,0,0,0,0,0,0,0,0,0,0,0,0,0,0,0,0,0,0,0,0,0,0,0,0,0,0,0,0,0,0,0,0,0,0,0,0,0,0,0,0,0,0,0,"","","","","",""
299,Ujjani Dam Rain Gauge,Maharashtra SW,27,Maharashtra,496,Solapur,-,-,-,-,-,-,-,-,-,18.07402000,75.12002000,19-11-2023 23:00,0,0,0,0,0,0,0,0,0,0,0,0,0,0,0,0,0,0,0,0,0,0,0,0,0,0,0,0,0,0,0,0,0,0,0,0,0,0,0,0,0,0,0,0,"","","","","",""
300,Ujjani Dam Rain Gauge,Maharashtra SW,27,Maharashtra,496,Solapur,-,-,-,-,-,-,-,-,-,18.07402000,75.12002000,20-11-2023 00:00,0,0,0,0,0,0,0,0,0,0,0,0,0,0,0,0,0,0,0,0,0,0,0,0,0,0,0,0,0,0,0,0,0,0,0,0,0,0,0,0,0,0,0,0,"","","","","",""
301,Ujjani Dam Rain Gauge,Maharashtra SW,27,Maharashtra,496,Solapur,-,-,-,-,-,-,-,-,-,18.07402000,75.12002000,20-11-2023 01:00,0,0,0,0,0,0,0,0,0,0,0,0,0,0,0,0,0,0,0,0,0,0,0,0,0,0,0,0,0,0,0,0,0,0,0,0,0,0,0,0,0,0,0,0,"","","","","",""
302,Ujjani Dam Rain Gauge,Maharashtra SW,27,Maharashtra,496,Solapur,-,-,-,-,-,-,-,-,-,18.07402000,75.12002000,20-11-2023 02:00,0,0,0,0,0,0,0,0,0,0,0,0,0,0,0,0,0,0,0,0,0,0,0,0,0,0,0,0,0,0,0,0,0,0,0,0,0,0,0,0,0,0,0,0,"","","","","",""
303,Ujjani Dam Rain Gauge,Maharashtra SW,27,Maharashtra,496,Solapur,-,-,-,-,-,-,-,-,-,18.07402000,75.12002000,20-11-2023 03:00,0,0,0,0,0,0,0,0,0,0,0,0,0,0,0,0,0,0,0,0,0,0,0,0,0,0,0,0,0,0,0,0,0,0,0,0,0,0,0,0,0,0,0,0,"","","","","",""
304,Ujjani Dam Rain Gauge,Maharashtra SW,27,Maharashtra,496,Solapur,-,-,-,-,-,-,-,-,-,18.07402000,75.12002000,20-11-2023 04:00,0,0,0,0,0,0,0,0,0,0,0,0,0,0,0,0,0,0,0,0,0,0,0,0,0,0,0,0,0,0,0,0,0,0,0,0,0,0,0,0,0,0,0,0,"","","","","",""
305,Ujjani Dam Rain Gauge,Maharashtra SW,27,Maharashtra,496,Solapur,-,-,-,-,-,-,-,-,-,18.07402000,75.12002000,20-11-2023 05:00,0,0,0,0,0,0,0,0,0,0,0,0,0,0,0,0,0,0,0,0,0,0,0,0,0,0,0,0,0,0,0,0,0,0,0,0,0,0,0,0,0,0,0,0,"","","","","",""
306,Ujjani Dam Rain Gauge,Maharashtra SW,27,Maharashtra,496,Solapur,-,-,-,-,-,-,-,-,-,18.07402000,75.12002000,20-11-2023 06:00,0,0,0,0,0,0,0,0,0,0,0,0,0,0,0,0,0,0,0,0,0,0,0,0,0,0,0,0,0,0,0,0,0,0,0,0,0,0,0,0,0,0,0,0,"","","","","",""
307,Ujjani Dam Rain Gauge,Maharashtra SW,27,Maharashtra,496,Solapur,-,-,-,-,-,-,-,-,-,18.07402000,75.12002000,20-11-2023 07:00,0,0,0,0,0,0,0,0,0,0,0,0,0,0,0,0,0,0,0,0,0,0,0,0,0,0,0,0,0,0,0,0,0,0,0,0,0,0,0,0,0,0,0,0,"","","","","",""
308,Ujjani Dam Rain Gauge,Maharashtra SW,27,Maharashtra,496,Solapur,-,-,-,-,-,-,-,-,-,18.07402000,75.12002000,20-11-2023 08:00,0,0,0,0,0,0,0,0,0,0,0,0,0,0,0,0,0,0,0,0,0,0,0,0,0,0,0,0,0,0,0,0,0,0,0,0,0,0,0,0,0,0,0,0,"","","","","",""
309,Ujjani Dam Rain Gauge,Maharashtra SW,27,Maharashtra,496,Solapur,-,-,-,-,-,-,-,-,-,18.07402000,75.12002000,20-11-2023 09:00,0,0,0,0,0,0,0,0,0,0,0,0,0,0,0,0,0,0,0,0,0,0,0,0,0,0,0,0,0,0,0,0,0,0,0,0,0,0,0,0,0,0,0,0,"","","","","",""
310,Ujjani Dam Rain Gauge,Maharashtra SW,27,Maharashtra,496,Solapur,-,-,-,-,-,-,-,-,-,18.07402000,75.12002000,20-11-2023 10:00,0,0,0,0,0,0,0,0,0,0,0,0,0,0,0,0,0,0,0,0,0,0,0,0,0,0,0,0,0,0,0,0,0,0,0,0,0,0,0,0,0,0,0,0,"","","","","",""
311,Ujjani Dam Rain Gauge,Maharashtra SW,27,Maharashtra,496,Solapur,-,-,-,-,-,-,-,-,-,18.07402000,75.12002000,20-11-2023 11:00,0,0,0,0,0,0,0,0,0,0,0,0,0,0,0,0,0,0,0,0,0,0,0,0,0,0,0,0,0,0,0,0,0,0,0,0,0,0,0,0,0,0,0,0,"","","","","",""
312,Ujjani Dam Rain Gauge,Maharashtra SW,27,Maharashtra,496,Solapur,-,-,-,-,-,-,-,-,-,18.07402000,75.12002000,20-11-2023 12:00,0,0,0,0,0,0,0,0,0,0,0,0,0,0,0,0,0,0,0,0,0,0,0,0,0,0,0,0,0,0,0,0,0,0,0,0,0,0,0,0,0,0,0,0,"","","","","",""
313,Ujjani Dam Rain Gauge,Maharashtra SW,27,Maharashtra,496,Solapur,-,-,-,-,-,-,-,-,-,18.07402000,75.12002000,20-11-2023 13:00,0,0,0,0,0,0,0,0,0,0,0,0,0,0,0,0,0,0,0,0,0,0,0,0,0,0,0,0,0,0,0,0,0,0,0,0,0,0,0,0,0,0,0,0,"","","","","",""
314,Ujjani Dam Rain Gauge,Maharashtra SW,27,Maharashtra,496,Solapur,-,-,-,-,-,-,-,-,-,18.07402000,75.12002000,20-11-2023 14:00,0,0,0,0,0,0,0,0,0,0,0,0,0,0,0,0,0,0,0,0,0,0,0,0,0,0,0,0,0,0,0,0,0,0,0,0,0,0,0,0,0,0,0,0,"","","","","",""
315,Ujjani Dam Rain Gauge,Maharashtra SW,27,Maharashtra,496,Solapur,-,-,-,-,-,-,-,-,-,18.07402000,75.12002000,20-11-2023 15:00,0,0,0,0,0,0,0,0,0,0,0,0,0,0,0,0,0,0,0,0,0,0,0,0,0,0,0,0,0,0,0,0,0,0,0,0,0,0,0,0,0,0,0,0,"","","","","",""
316,Ujjani Dam Rain Gauge,Maharashtra SW,27,Maharashtra,496,Solapur,-,-,-,-,-,-,-,-,-,18.07402000,75.12002000,20-11-2023 16:00,0,0,0,0,0,0,0,0,0,0,0,0,0,0,0,0,0,0,0,0,0,0,0,0,0,0,0,0,0,0,0,0,0,0,0,0,0,0,0,0,0,0,0,0,"","","","","",""
317,Ujjani Dam Rain Gauge,Maharashtra SW,27,Maharashtra,496,Solapur,-,-,-,-,-,-,-,-,-,18.07402000,75.12002000,20-11-2023 17:00,0,0,0,0,0,0,0,0,0,0,0,0,0,0,0,0,0,0,0,0,0,0,0,0,0,0,0,0,0,0,0,0,0,0,0,0,0,0,0,0,0,0,0,0,"","","","","",""
318,Ujjani Dam Rain Gauge,Maharashtra SW,27,Maharashtra,496,Solapur,-,-,-,-,-,-,-,-,-,18.07402000,75.12002000,20-11-2023 18:00,0,0,0,0,0,0,0,0,0,0,0,0,0,0,0,0,0,0,0,0,0,0,0,0,0,0,0,0,0,0,0,0,0,0,0,0,0,0,0,0,0,0,0,0,"","","","","",""
319,Ujjani Dam Rain Gauge,Maharashtra SW,27,Maharashtra,496,Solapur,-,-,-,-,-,-,-,-,-,18.07402000,75.12002000,20-11-2023 20:00,0,0,0,0,0,0,0,0,0,0,0,0,0,0,0,0,0,0,0,0,0,0,0,0,0,0,0,0,0,0,0,0,0,0,0,0,0,0,0,0,0,0,0,0,"","","","","",""
320,Ujjani Dam Rain Gauge,Maharashtra SW,27,Maharashtra,496,Solapur,-,-,-,-,-,-,-,-,-,18.07402000,75.12002000,20-11-2023 22:00,0,0,0,0,0,0,0,0,0,0,0,0,0,0,0,0,0,0,0,0,0,0,0,0,0,0,0,0,0,0,0,0,0,0,0,0,0,0,0,0,0,0,0,0,"","","","","",""
321,Ujjani Dam Rain Gauge,Maharashtra SW,27,Maharashtra,496,Solapur,-,-,-,-,-,-,-,-,-,18.07402000,75.12002000,20-11-2023 23:00,0,0,0,0,0,0,0,0,0,0,0,0,0,0,0,0,0,0,0,0,0,0,0,0,0,0,0,0,0,0,0,0,0,0,0,0,0,0,0,0,0,0,0,0,"","","","","",""
322,Ujjani Dam Rain Gauge,Maharashtra SW,27,Maharashtra,496,Solapur,-,-,-,-,-,-,-,-,-,18.07402000,75.12002000,21-11-2023 00:00,0,0,0,0,0,0,0,0,0,0,0,0,0,0,0,0,0,0,0,0,0,0,0,0,0,0,0,0,0,0,0,0,0,0,0,0,0,0,0,0,0,0,0,0,"","","","","",""
323,Ujjani Dam Rain Gauge,Maharashtra SW,27,Maharashtra,496,Solapur,-,-,-,-,-,-,-,-,-,18.07402000,75.12002000,21-11-2023 01:00,0,0,0,0,0,0,0,0,0,0,0,0,0,0,0,0,0,0,0,0,0,0,0,0,0,0,0,0,0,0,0,0,0,0,0,0,0,0,0,0,0,0,0,0,"","","","","",""
324,Ujjani Dam Rain Gauge,Maharashtra SW,27,Maharashtra,496,Solapur,-,-,-,-,-,-,-,-,-,18.07402000,75.12002000,21-11-2023 02:00,0,0,0,0,0,0,0,0,0,0,0,0,0,0,0,0,0,0,0,0,0,0,0,0,0,0,0,0,0,0,0,0,0,0,0,0,0,0,0,0,0,0,0,0,"","","","","",""
325,Ujjani Dam Rain Gauge,Maharashtra SW,27,Maharashtra,496,Solapur,-,-,-,-,-,-,-,-,-,18.07402000,75.12002000,21-11-2023 03:00,0,0,0,0,0,0,0,0,0,0,0,0,0,0,0,0,0,0,0,0,0,0,0,0,0,0,0,0,0,0,0,0,0,0,0,0,0,0,0,0,0,0,0,0,"","","","","",""
326,Ujjani Dam Rain Gauge,Maharashtra SW,27,Maharashtra,496,Solapur,-,-,-,-,-,-,-,-,-,18.07402000,75.12002000,21-11-2023 04:00,0,0,0,0,0,0,0,0,0,0,0,0,0,0,0,0,0,0,0,0,0,0,0,0,0,0,0,0,0,0,0,0,0,0,0,0,0,0,0,0,0,0,0,0,"","","","","",""
327,Ujjani Dam Rain Gauge,Maharashtra SW,27,Maharashtra,496,Solapur,-,-,-,-,-,-,-,-,-,18.07402000,75.12002000,21-11-2023 05:00,0,0,0,0,0,0,0,0,0,0,0,0,0,0,0,0,0,0,0,0,0,0,0,0,0,0,0,0,0,0,0,0,0,0,0,0,0,0,0,0,0,0,0,0,"","","","","",""
328,Ujjani Dam Rain Gauge,Maharashtra SW,27,Maharashtra,496,Solapur,-,-,-,-,-,-,-,-,-,18.07402000,75.12002000,21-11-2023 06:00,0,0,0,0,0,0,0,0,0,0,0,0,0,0,0,0,0,0,0,0,0,0,0,0,0,0,0,0,0,0,0,0,0,0,0,0,0,0,0,0,0,0,0,0,"","","","","",""
329,Ujjani Dam Rain Gauge,Maharashtra SW,27,Maharashtra,496,Solapur,-,-,-,-,-,-,-,-,-,18.07402000,75.12002000,21-11-2023 07:00,0,0,0,0,0,0,0,0,0,0,0,0,0,0,0,0,0,0,0,0,0,0,0,0,0,0,0,0,0,0,0,0,0,0,0,0,0,0,0,0,0,0,0,0,"","","","","",""
330,Ujjani Dam Rain Gauge,Maharashtra SW,27,Maharashtra,496,Solapur,-,-,-,-,-,-,-,-,-,18.07402000,75.12002000,21-11-2023 08:00,0,0,0,0,0,0,0,0,0,0,0,0,0,0,0,0,0,0,0,0,0,0,0,0,0,0,0,0,0,0,0,0,0,0,0,0,0,0,0,0,0,0,0,0,"","","","","",""
331,Ujjani Dam Rain Gauge,Maharashtra SW,27,Maharashtra,496,Solapur,-,-,-,-,-,-,-,-,-,18.07402000,75.12002000,21-11-2023 09:00,0,0,0,0,0,0,0,0,0,0,0,0,0,0,0,0,0,0,0,0,0,0,0,0,0,0,0,0,0,0,0,0,0,0,0,0,0,0,0,0,0,0,0,0,"","","","","",""
332,Ujjani Dam Rain Gauge,Maharashtra SW,27,Maharashtra,496,Solapur,-,-,-,-,-,-,-,-,-,18.07402000,75.12002000,21-11-2023 10:00,0,0,0,0,0,0,0,0,0,0,0,0,0,0,0,0,0,0,0,0,0,0,0,0,0,0,0,0,0,0,0,0,0,0,0,0,0,0,0,0,0,0,0,0,"","","","","",""
333,Ujjani Dam Rain Gauge,Maharashtra SW,27,Maharashtra,496,Solapur,-,-,-,-,-,-,-,-,-,18.07402000,75.12002000,21-11-2023 17:00,0,0,0,0,0,0,0,0,0,0,0,0,0,0,0,0,0,0,0,0,0,0,0,0,0,0,0,0,0,0,0,0,0,0,0,0,0,0,0,0,0,0,0,0,"","","","","",""
334,Ujjani Dam Rain Gauge,Maharashtra SW,27,Maharashtra,496,Solapur,-,-,-,-,-,-,-,-,-,18.07402000,75.12002000,21-11-2023 18:00,0,0,0,0,0,0,0,0,0,0,0,0,0,0,0,0,0,0,0,0,0,0,0,0,0,0,0,0,0,0,0,0,0,0,0,0,0,0,0,0,0,0,0,0,"","","","","",""
335,Ujjani Dam Rain Gauge,Maharashtra SW,27,Maharashtra,496,Solapur,-,-,-,-,-,-,-,-,-,18.07402000,75.12002000,21-11-2023 19:00,0,0,0,0,0,0,0,0,0,0,0,0,0,0,0,0,0,0,0,0,0,0,0,0,0,0,0,0,0,0,0,0,0,0,0,0,0,0,0,0,0,0,0,0,"","","","","",""
336,Ujjani Dam Rain Gauge,Maharashtra SW,27,Maharashtra,496,Solapur,-,-,-,-,-,-,-,-,-,18.07402000,75.12002000,21-11-2023 20:00,0,0,0,0,0,0,0,0,0,0,0,0,0,0,0,0,0,0,0,0,0,0,0,0,0,0,0,0,0,0,0,0,0,0,0,0,0,0,0,0,0,0,0,0,"","","","","",""
337,Ujjani Dam Rain Gauge,Maharashtra SW,27,Maharashtra,496,Solapur,-,-,-,-,-,-,-,-,-,18.07402000,75.12002000,21-11-2023 21:00,0,0,0,0,0,0,0,0,0,0,0,0,0,0,0,0,0,0,0,0,0,0,0,0,0,0,0,0,0,0,0,0,0,0,0,0,0,0,0,0,0,0,0,0,"","","","","",""
338,Ujjani Dam Rain Gauge,Maharashtra SW,27,Maharashtra,496,Solapur,-,-,-,-,-,-,-,-,-,18.07402000,75.12002000,21-11-2023 22:00,0,0,0,0,0,0,0,0,0,0,0,0,0,0,0,0,0,0,0,0,0,0,0,0,0,0,0,0,0,0,0,0,0,0,0,0,0,0,0,0,0,0,0,0,"","","","","",""
339,Ujjani Dam Rain Gauge,Maharashtra SW,27,Maharashtra,496,Solapur,-,-,-,-,-,-,-,-,-,18.07402000,75.12002000,21-11-2023 23:00,0,0,0,0,0,0,0,0,0,0,0,0,0,0,0,0,0,0,0,0,0,0,0,0,0,0,0,0,0,0,0,0,0,0,0,0,0,0,0,0,0,0,0,0,"","","","","",""
340,Ujjani Dam Rain Gauge,Maharashtra SW,27,Maharashtra,496,Solapur,-,-,-,-,-,-,-,-,-,18.07402000,75.12002000,22-11-2023 00:00,0,0,0,0,0,0,0,0,0,0,0,0,0,0,0,0,0,0,0,0,0,0,0,0,0,0,0,0,0,0,0,0,0,0,0,0,0,0,0,0,0,0,0,0,"","","","","",""
341,Ujjani Dam Rain Gauge,Maharashtra SW,27,Maharashtra,496,Solapur,-,-,-,-,-,-,-,-,-,18.07402000,75.12002000,22-11-2023 01:00,0,0,0,0,0,0,0,0,0,0,0,0,0,0,0,0,0,0,0,0,0,0,0,0,0,0,0,0,0,0,0,0,0,0,0,0,0,0,0,0,0,0,0,0,"","","","","",""
342,Ujjani Dam Rain Gauge,Maharashtra SW,27,Maharashtra,496,Solapur,-,-,-,-,-,-,-,-,-,18.07402000,75.12002000,22-11-2023 02:00,0,0,0,0,0,0,0,0,0,0,0,0,0,0,0,0,0,0,0,0,0,0,0,0,0,0,0,0,0,0,0,0,0,0,0,0,0,0,0,0,0,0,0,0,"","","","","",""
343,Ujjani Dam Rain Gauge,Maharashtra SW,27,Maharashtra,496,Solapur,-,-,-,-,-,-,-,-,-,18.07402000,75.12002000,22-11-2023 03:00,0,0,0,0,0,0,0,0,0,0,0,0,0,0,0,0,0,0,0,0,0,0,0,0,0,0,0,0,0,0,0,0,0,0,0,0,0,0,0,0,0,0,0,0,"","","","","",""
344,Ujjani Dam Rain Gauge,Maharashtra SW,27,Maharashtra,496,Solapur,-,-,-,-,-,-,-,-,-,18.07402000,75.12002000,22-11-2023 04:00,0,0,0,0,0,0,0,0,0,0,0,0,0,0,0,0,0,0,0,0,0,0,0,0,0,0,0,0,0,0,0,0,0,0,0,0,0,0,0,0,0,0,0,0,"","","","","",""
345,Ujjani Dam Rain Gauge,Maharashtra SW,27,Maharashtra,496,Solapur,-,-,-,-,-,-,-,-,-,18.07402000,75.12002000,22-11-2023 05:00,0,0,0,0,0,0,0,0,0,0,0,0,0,0,0,0,0,0,0,0,0,0,0,0,0,0,0,0,0,0,0,0,0,0,0,0,0,0,0,0,0,0,0,0,"","","","","",""
346,Ujjani Dam Rain Gauge,Maharashtra SW,27,Maharashtra,496,Solapur,-,-,-,-,-,-,-,-,-,18.07402000,75.12002000,22-11-2023 06:00,0,0,0,0,0,0,0,0,0,0,0,0,0,0,0,0,0,0,0,0,0,0,0,0,0,0,0,0,0,0,0,0,0,0,0,0,0,0,0,0,0,0,0,0,"","","","","",""
347,Ujjani Dam Rain Gauge,Maharashtra SW,27,Maharashtra,496,Solapur,-,-,-,-,-,-,-,-,-,18.07402000,75.12002000,22-11-2023 07:00,0,0,0,0,0,0,0,0,0,0,0,0,0,0,0,0,0,0,0,0,0,0,0,0,0,0,0,0,0,0,0,0,0,0,0,0,0,0,0,0,0,0,0,0,"","","","","",""
348,Ujjani Dam Rain Gauge,Maharashtra SW,27,Maharashtra,496,Solapur,-,-,-,-,-,-,-,-,-,18.07402000,75.12002000,22-11-2023 08:00,0,0,0,0,0,0,0,0,0,0,0,0,0,0,0,0,0,0,0,0,0,0,0,0,0,0,0,0,0,0,0,0,0,0,0,0,0,0,0,0,0,0,0,0,"","","","","",""
349,Ujjani Dam Rain Gauge,Maharashtra SW,27,Maharashtra,496,Solapur,-,-,-,-,-,-,-,-,-,18.07402000,75.12002000,22-11-2023 09:00,0,0,0,0,0,0,0,0,0,0,0,0,0,0,0,0,0,0,0,0,0,0,0,0,0,0,0,0,0,0,0,0,0,0,0,0,0,0,0,0,0,0,0,0,"","","","","",""
350,Ujjani Dam Rain Gauge,Maharashtra SW,27,Maharashtra,496,Solapur,-,-,-,-,-,-,-,-,-,18.07402000,75.12002000,22-11-2023 10:00,0,0,0,0,0,0,0,0,0,0,0,0,0,0,0,0,0,0,0,0,0,0,0,0,0,0,0,0,0,0,0,0,0,0,0,0,0,0,0,0,0,0,0,0,"","","","","",""
351,Ujjani Dam Rain Gauge,Maharashtra SW,27,Maharashtra,496,Solapur,-,-,-,-,-,-,-,-,-,18.07402000,75.12002000,22-11-2023 11:00,0,0,0,0,0,0,0,0,0,0,0,0,0,0,0,0,0,0,0,0,0,0,0,0,0,0,0,0,0,0,0,0,0,0,0,0,0,0,0,0,0,0,0,0,"","","","","",""
352,Ujjani Dam Rain Gauge,Maharashtra SW,27,Maharashtra,496,Solapur,-,-,-,-,-,-,-,-,-,18.07402000,75.12002000,22-11-2023 12:00,0,0,0,0,0,0,0,0,0,0,0,0,0,0,0,0,0,0,0,0,0,0,0,0,0,0,0,0,0,0,0,0,0,0,0,0,0,0,0,0,0,0,0,0,"","","","","",""
353,Ujjani Dam Rain Gauge,Maharashtra SW,27,Maharashtra,496,Solapur,-,-,-,-,-,-,-,-,-,18.07402000,75.12002000,22-11-2023 13:00,0,0,0,0,0,0,0,0,0,0,0,0,0,0,0,0,0,0,0,0,0,0,0,0,0,0,0,0,0,0,0,0,0,0,0,0,0,0,0,0,0,0,0,0,"","","","","",""
354,Ujjani Dam Rain Gauge,Maharashtra SW,27,Maharashtra,496,Solapur,-,-,-,-,-,-,-,-,-,18.07402000,75.12002000,22-11-2023 14:00,0,0,0,0,0,0,0,0,0,0,0,0,0,0,0,0,0,0,0,0,0,0,0,0,0,0,0,0,0,0,0,0,0,0,0,0,0,0,0,0,0,0,0,0,"","","","","",""
355,Ujjani Dam Rain Gauge,Maharashtra SW,27,Maharashtra,496,Solapur,-,-,-,-,-,-,-,-,-,18.07402000,75.12002000,22-11-2023 15:00,0,0,0,0,0,0,0,0,0,0,0,0,0,0,0,0,0,0,0,0,0,0,0,0,0,0,0,0,0,0,0,0,0,0,0,0,0,0,0,0,0,0,0,0,"","","","","",""
356,Ujjani Dam Rain Gauge,Maharashtra SW,27,Maharashtra,496,Solapur,-,-,-,-,-,-,-,-,-,18.07402000,75.12002000,22-11-2023 17:00,0,0,0,0,0,0,0,0,0,0,0,0,0,0,0,0,0,0,0,0,0,0,0,0,0,0,0,0,0,0,0,0,0,0,0,0,0,0,0,0,0,0,0,0,"","","","","",""
357,Ujjani Dam Rain Gauge,Maharashtra SW,27,Maharashtra,496,Solapur,-,-,-,-,-,-,-,-,-,18.07402000,75.12002000,22-11-2023 18:00,0,0,0,0,0,0,0,0,0,0,0,0,0,0,0,0,0,0,0,0,0,0,0,0,0,0,0,0,0,0,0,0,0,0,0,0,0,0,0,0,0,0,0,0,"","","","","",""
358,Ujjani Dam Rain Gauge,Maharashtra SW,27,Maharashtra,496,Solapur,-,-,-,-,-,-,-,-,-,18.07402000,75.12002000,22-11-2023 19:00,0,0,0,0,0,0,0,0,0,0,0,0,0,0,0,0,0,0,0,0,0,0,0,0,0,0,0,0,0,0,0,0,0,0,0,0,0,0,0,0,0,0,0,0,"","","","","",""
359,Ujjani Dam Rain Gauge,Maharashtra SW,27,Maharashtra,496,Solapur,-,-,-,-,-,-,-,-,-,18.07402000,75.12002000,22-11-2023 20:00,0,0,0,0,0,0,0,0,0,0,0,0,0,0,0,0,0,0,0,0,0,0,0,0,0,0,0,0,0,0,0,0,0,0,0,0,0,0,0,0,0,0,0,0,"","","","","",""
360,Ujjani Dam Rain Gauge,Maharashtra SW,27,Maharashtra,496,Solapur,-,-,-,-,-,-,-,-,-,18.07402000,75.12002000,22-11-2023 21:00,0,0,0,0,0,0,0,0,0,0,0,0,0,0,0,0,0,0,0,0,0,0,0,0,0,0,0,0,0,0,0,0,0,0,0,0,0,0,0,0,0,0,0,0,"","","","","",""
361,Ujjani Dam Rain Gauge,Maharashtra SW,27,Maharashtra,496,Solapur,-,-,-,-,-,-,-,-,-,18.07402000,75.12002000,22-11-2023 22:00,0,0,0,0,0,0,0,0,0,0,0,0,0,0,0,0,0,0,0,0,0,0,0,0,0,0,0,0,0,0,0,0,0,0,0,0,0,0,0,0,0,0,0,0,"","","","","",""
362,Ujjani Dam Rain Gauge,Maharashtra SW,27,Maharashtra,496,Solapur,-,-,-,-,-,-,-,-,-,18.07402000,75.12002000,22-11-2023 23:00,0,0,0,0,0,0,0,0,0,0,0,0,0,0,0,0,0,0,0,0,0,0,0,0,0,0,0,0,0,0,0,0,0,0,0,0,0,0,0,0,0,0,0,0,"","","","","",""
363,Ujjani Dam Rain Gauge,Maharashtra SW,27,Maharashtra,496,Solapur,-,-,-,-,-,-,-,-,-,18.07402000,75.12002000,23-11-2023 00:00,0,0,0,0,0,0,0,0,0,0,0,0,0,0,0,0,0,0,0,0,0,0,0,0,0,0,0,0,0,0,0,0,0,0,0,0,0,0,0,0,0,0,0,0,"","","","","",""
364,Ujjani Dam Rain Gauge,Maharashtra SW,27,Maharashtra,496,Solapur,-,-,-,-,-,-,-,-,-,18.07402000,75.12002000,23-11-2023 01:00,0,0,0,0,0,0,0,0,0,0,0,0,0,0,0,0,0,0,0,0,0,0,0,0,0,0,0,0,0,0,0,0,0,0,0,0,0,0,0,0,0,0,0,0,"","","","","",""
365,Ujjani Dam Rain Gauge,Maharashtra SW,27,Maharashtra,496,Solapur,-,-,-,-,-,-,-,-,-,18.07402000,75.12002000,23-11-2023 02:00,0,0,0,0,0,0,0,0,0,0,0,0,0,0,0,0,0,0,0,0,0,0,0,0,0,0,0,0,0,0,0,0,0,0,0,0,0,0,0,0,0,0,0,0,"","","","","",""
366,Ujjani Dam Rain Gauge,Maharashtra SW,27,Maharashtra,496,Solapur,-,-,-,-,-,-,-,-,-,18.07402000,75.12002000,23-11-2023 03:00,0,0,0,0,0,0,0,0,0,0,0,0,0,0,0,0,0,0,0,0,0,0,0,0,0,0,0,0,0,0,0,0,0,0,0,0,0,0,0,0,0,0,0,0,"","","","","",""
367,Ujjani Dam Rain Gauge,Maharashtra SW,27,Maharashtra,496,Solapur,-,-,-,-,-,-,-,-,-,18.07402000,75.12002000,23-11-2023 04:00,0,0,0,0,0,0,0,0,0,0,0,0,0,0,0,0,0,0,0,0,0,0,0,0,0,0,0,0,0,0,0,0,0,0,0,0,0,0,0,0,0,0,0,0,"","","","","",""
368,Ujjani Dam Rain Gauge,Maharashtra SW,27,Maharashtra,496,Solapur,-,-,-,-,-,-,-,-,-,18.07402000,75.12002000,23-11-2023 05:00,0,0,0,0,0,0,0,0,0,0,0,0,0,0,0,0,0,0,0,0,0,0,0,0,0,0,0,0,0,0,0,0,0,0,0,0,0,0,0,0,0,0,0,0,"","","","","",""
369,Ujjani Dam Rain Gauge,Maharashtra SW,27,Maharashtra,496,Solapur,-,-,-,-,-,-,-,-,-,18.07402000,75.12002000,23-11-2023 07:00,0,0,0,0,0,0,0,0,0,0,0,0,0,0,0,0,0,0,0,0,0,0,0,0,0,0,0,0,0,0,0,0,0,0,0,0,0,0,0,0,0,0,0,0,"","","","","",""
370,Ujjani Dam Rain Gauge,Maharashtra SW,27,Maharashtra,496,Solapur,-,-,-,-,-,-,-,-,-,18.07402000,75.12002000,23-11-2023 08:00,0,0,0,0,0,0,0,0,0,0,0,0,0,0,0,0,0,0,0,0,0,0,0,0,0,0,0,0,0,0,0,0,0,0,0,0,0,0,0,0,0,0,0,0,"","","","","",""
371,Ujjani Dam Rain Gauge,Maharashtra SW,27,Maharashtra,496,Solapur,-,-,-,-,-,-,-,-,-,18.07402000,75.12002000,23-11-2023 09:00,0,0,0,0,0,0,0,0,0,0,0,0,0,0,0,0,0,0,0,0,0,0,0,0,0,0,0,0,0,0,0,0,0,0,0,0,0,0,0,0,0,0,0,0,"","","","","",""
372,Ujjani Dam Rain Gauge,Maharashtra SW,27,Maharashtra,496,Solapur,-,-,-,-,-,-,-,-,-,18.07402000,75.12002000,23-11-2023 10:00,0,0,0,0,0,0,0,0,0,0,0,0,0,0,0,0,0,0,0,0,0,0,0,0,0,0,0,0,0,0,0,0,0,0,0,0,0,0,0,0,0,0,0,0,"","","","","",""
373,Ujjani Dam Rain Gauge,Maharashtra SW,27,Maharashtra,496,Solapur,-,-,-,-,-,-,-,-,-,18.07402000,75.12002000,23-11-2023 15:00,0,0,0,0,0,0,0,0,0,0,0,0,0,0,0,0,0,0,0,0,0,0,0,0,0,0,0,0,0,0,0,0,0,0,0,0,0,0,0,0,0,0,0,0,"","","","","",""
374,Ujjani Dam Rain Gauge,Maharashtra SW,27,Maharashtra,496,Solapur,-,-,-,-,-,-,-,-,-,18.07402000,75.12002000,23-11-2023 16:00,0,0,0,0,0,0,0,0,0,0,0,0,0,0,0,0,0,0,0,0,0,0,0,0,0,0,0,0,0,0,0,0,0,0,0,0,0,0,0,0,0,0,0,0,"","","","","",""
375,Ujjani Dam Rain Gauge,Maharashtra SW,27,Maharashtra,496,Solapur,-,-,-,-,-,-,-,-,-,18.07402000,75.12002000,23-11-2023 17:00,0,0,0,0,0,0,0,0,0,0,0,0,0,0,0,0,0,0,0,0,0,0,0,0,0,0,0,0,0,0,0,0,0,0,0,0,0,0,0,0,0,0,0,0,"","","","","",""
376,Ujjani Dam Rain Gauge,Maharashtra SW,27,Maharashtra,496,Solapur,-,-,-,-,-,-,-,-,-,18.07402000,75.12002000,23-11-2023 18:00,0,0,0,0,0,0,0,0,0,0,0,0,0,0,0,0,0,0,0,0,0,0,0,0,0,0,0,0,0,0,0,0,0,0,0,0,0,0,0,0,0,0,0,0,"","","","","",""
377,Ujjani Dam Rain Gauge,Maharashtra SW,27,Maharashtra,496,Solapur,-,-,-,-,-,-,-,-,-,18.07402000,75.12002000,23-11-2023 19:00,0,0,0,0,0,0,0,0,0,0,0,0,0,0,0,0,0,0,0,0,0,0,0,0,0,0,0,0,0,0,0,0,0,0,0,0,0,0,0,0,0,0,0,0,"","","","","",""
378,Ujjani Dam Rain Gauge,Maharashtra SW,27,Maharashtra,496,Solapur,-,-,-,-,-,-,-,-,-,18.07402000,75.12002000,23-11-2023 20:00,0,0,0,0,0,0,0,0,0,0,0,0,0,0,0,0,0,0,0,0,0,0,0,0,0,0,0,0,0,0,0,0,0,0,0,0,0,0,0,0,0,0,0,0,"","","","","",""
379,Ujjani Dam Rain Gauge,Maharashtra SW,27,Maharashtra,496,Solapur,-,-,-,-,-,-,-,-,-,18.07402000,75.12002000,23-11-2023 21:00,0,0,0,0,0,0,0,0,0,0,0,0,0,0,0,0,0,0,0,0,0,0,0,0,0,0,0,0,0,0,0,0,0,0,0,0,0,0,0,0,0,0,0,0,"","","","","",""
380,Ujjani Dam Rain Gauge,Maharashtra SW,27,Maharashtra,496,Solapur,-,-,-,-,-,-,-,-,-,18.07402000,75.12002000,23-11-2023 23:00,0,0,0,0,0,0,0,0,0,0,0,0,0,0,0,0,0,0,0,0,0,0,0,0,0,0,0,0,0,0,0,0,0,0,0,0,0,0,0,0,0,0,0,0,"","","","","",""
381,Ujjani Dam Rain Gauge,Maharashtra SW,27,Maharashtra,496,Solapur,-,-,-,-,-,-,-,-,-,18.07402000,75.12002000,24-11-2023 00:00,0,0,0,0,0,0,0,0,0,0,0,0,0,0,0,0,0,0,0,0,0,0,0,0,0,0,0,0,0,0,0,0,0,0,0,0,0,0,0,0,0,0,0,0,"","","","","",""
382,Ujjani Dam Rain Gauge,Maharashtra SW,27,Maharashtra,496,Solapur,-,-,-,-,-,-,-,-,-,18.07402000,75.12002000,24-11-2023 01:00,0,0,0,0,0,0,0,0,0,0,0,0,0,0,0,0,0,0,0,0,0,0,0,0,0,0,0,0,0,0,0,0,0,0,0,0,0,0,0,0,0,0,0,0,"","","","","",""
383,Ujjani Dam Rain Gauge,Maharashtra SW,27,Maharashtra,496,Solapur,-,-,-,-,-,-,-,-,-,18.07402000,75.12002000,24-11-2023 02:00,0,0,0,0,0,0,0,0,0,0,0,0,0,0,0,0,0,0,0,0,0,0,0,0,0,0,0,0,0,0,0,0,0,0,0,0,0,0,0,0,0,0,0,0,"","","","","",""
384,Ujjani Dam Rain Gauge,Maharashtra SW,27,Maharashtra,496,Solapur,-,-,-,-,-,-,-,-,-,18.07402000,75.12002000,24-11-2023 03:00,0,0,0,0,0,0,0,0,0,0,0,0,0,0,0,0,0,0,0,0,0,0,0,0,0,0,0,0,0,0,0,0,0,0,0,0,0,0,0,0,0,0,0,0,"","","","","",""
385,Ujjani Dam Rain Gauge,Maharashtra SW,27,Maharashtra,496,Solapur,-,-,-,-,-,-,-,-,-,18.07402000,75.12002000,24-11-2023 04:00,0,0,0,0,0,0,0,0,0,0,0,0,0,0,0,0,0,0,0,0,0,0,0,0,0,0,0,0,0,0,0,0,0,0,0,0,0,0,0,0,0,0,0,0,"","","","","",""
386,Ujjani Dam Rain Gauge,Maharashtra SW,27,Maharashtra,496,Solapur,-,-,-,-,-,-,-,-,-,18.07402000,75.12002000,24-11-2023 05:00,0,0,0,0,0,0,0,0,0,0,0,0,0,0,0,0,0,0,0,0,0,0,0,0,0,0,0,0,0,0,0,0,0,0,0,0,0,0,0,0,0,0,0,0,"","","","","",""
387,Ujjani Dam Rain Gauge,Maharashtra SW,27,Maharashtra,496,Solapur,-,-,-,-,-,-,-,-,-,18.07402000,75.12002000,24-11-2023 07:00,0,0,0,0,0,0,0,0,0,0,0,0,0,0,0,0,0,0,0,0,0,0,0,0,0,0,0,0,0,0,0,0,0,0,0,0,0,0,0,0,0,0,0,0,"","","","","",""
388,Ujjani Dam Rain Gauge,Maharashtra SW,27,Maharashtra,496,Solapur,-,-,-,-,-,-,-,-,-,18.07402000,75.12002000,24-11-2023 08:00,0,0,0,0,0,0,0,0,0,0,0,0,0,0,0,0,0,0,0,0,0,0,0,0,0,0,0,0,0,0,0,0,0,0,0,0,0,0,0,0,0,0,0,0,"","","","","",""
389,Ujjani Dam Rain Gauge,Maharashtra SW,27,Maharashtra,496,Solapur,-,-,-,-,-,-,-,-,-,18.07402000,75.12002000,24-11-2023 09:00,0,0,0,0,0,0,0,0,0,0,0,0,0,0,0,0,0,0,0,0,0,0,0,0,0,0,0,0,0,0,0,0,0,0,0,0,0,0,0,0,0,0,0,0,"","","","","",""
390,Ujjani Dam Rain Gauge,Maharashtra SW,27,Maharashtra,496,Solapur,-,-,-,-,-,-,-,-,-,18.07402000,75.12002000,24-11-2023 10:00,0,0,0,0,0,0,0,0,0,0,0,0,0,0,0,0,0,0,0,0,0,0,0,0,0,0,0,0,0,0,0,0,0,0,0,0,0,0,0,0,0,0,0,0,"","","","","",""
391,Ujjani Dam Rain Gauge,Maharashtra SW,27,Maharashtra,496,Solapur,-,-,-,-,-,-,-,-,-,18.07402000,75.12002000,24-11-2023 11:00,0,0,0,0,0,0,0,0,0,0,0,0,0,0,0,0,0,0,0,0,0,0,0,0,0,0,0,0,0,0,0,0,0,0,0,0,0,0,0,0,0,0,0,0,"","","","","",""
392,Ujjani Dam Rain Gauge,Maharashtra SW,27,Maharashtra,496,Solapur,-,-,-,-,-,-,-,-,-,18.07402000,75.12002000,24-11-2023 12:00,0,0,0,0,0,0,0,0,0,0,0,0,0,0,0,0,0,0,0,0,0,0,0,0,0,0,0,0,0,0,0,0,0,0,0,0,0,0,0,0,0,0,0,0,"","","","","",""
393,Ujjani Dam Rain Gauge,Maharashtra SW,27,Maharashtra,496,Solapur,-,-,-,-,-,-,-,-,-,18.07402000,75.12002000,24-11-2023 13:00,0,0,0,0,0,0,0,0,0,0,0,0,0,0,0,0,0,0,0,0,0,0,0,0,0,0,0,0,0,0,0,0,0,0,0,0,0,0,0,0,0,0,0,0,"","","","","",""
394,Ujjani Dam Rain Gauge,Maharashtra SW,27,Maharashtra,496,Solapur,-,-,-,-,-,-,-,-,-,18.07402000,75.12002000,24-11-2023 15:00,0,0,0,0,0,0,0,0,0,0,0,0,0,0,0,0,0,0,0,0,0,0,0,0,0,0,0,0,0,0,0,0,0,0,0,0,0,0,0,0,0,0,0,0,"","","","","",""
395,Ujjani Dam Rain Gauge,Maharashtra SW,27,Maharashtra,496,Solapur,-,-,-,-,-,-,-,-,-,18.07402000,75.12002000,24-11-2023 16:00,0,0,0,0,0,0,0,0,0,0,0,0,0,0,0,0,0,0,0,0,0,0,0,0,0,0,0,0,0,0,0,0,0,0,0,0,0,0,0,0,0,0,0,0,"","","","","",""
396,Ujjani Dam Rain Gauge,Maharashtra SW,27,Maharashtra,496,Solapur,-,-,-,-,-,-,-,-,-,18.07402000,75.12002000,24-11-2023 17:00,0,0,0,0,0,0,0,0,0,0,0,0,0,0,0,0,0,0,0,0,0,0,0,0,0,0,0,0,0,0,0,0,0,0,0,0,0,0,0,0,0,0,0,0,"","","","","",""
397,Ujjani Dam Rain Gauge,Maharashtra SW,27,Maharashtra,496,Solapur,-,-,-,-,-,-,-,-,-,18.07402000,75.12002000,24-11-2023 18:00,0,0,0,0,0,0,0,0,0,0,0,0,0,0,0,0,0,0,0,0,0,0,0,0,0,0,0,0,0,0,0,0,0,0,0,0,0,0,0,0,0,0,0,0,"","","","","",""
398,Ujjani Dam Rain Gauge,Maharashtra SW,27,Maharashtra,496,Solapur,-,-,-,-,-,-,-,-,-,18.07402000,75.12002000,24-11-2023 19:00,0,0,0,0,0,0,0,0,0,0,0,0,0,0,0,0,0,0,0,0,0,0,0,0,0,0,0,0,0,0,0,0,0,0,0,0,0,0,0,0,0,0,0,0,"","","","","",""
399,Ujjani Dam Rain Gauge,Maharashtra SW,27,Maharashtra,496,Solapur,-,-,-,-,-,-,-,-,-,18.07402000,75.12002000,24-11-2023 20:00,0,0,0,0,0,0,0,0,0,0,0,0,0,0,0,0,0,0,0,0,0,0,0,0,0,0,0,0,0,0,0,0,0,0,0,0,0,0,0,0,0,0,0,0,"","","","","",""
400,Ujjani Dam Rain Gauge,Maharashtra SW,27,Maharashtra,496,Solapur,-,-,-,-,-,-,-,-,-,18.07402000,75.12002000,24-11-2023 21:00,0,0,0,0,0,0,0,0,0,0,0,0,0,0,0,0,0,0,0,0,0,0,0,0,0,0,0,0,0,0,0,0,0,0,0,0,0,0,0,0,0,0,0,0,"","","","","",""
401,Ujjani Dam Rain Gauge,Maharashtra SW,27,Maharashtra,496,Solapur,-,-,-,-,-,-,-,-,-,18.07402000,75.12002000,24-11-2023 23:00,0,0,0,0,0,0,0,0,0,0,0,0,0,0,0,0,0,0,0,0,0,0,0,0,0,0,0,0,0,0,0,0,0,0,0,0,0,0,0,0,0,0,0,0,"","","","","",""
402,Ujjani Dam Rain Gauge,Maharashtra SW,27,Maharashtra,496,Solapur,-,-,-,-,-,-,-,-,-,18.07402000,75.12002000,25-11-2023 00:00,0,0,0,0,0,0,0,0,0,0,0,0,0,0,0,0,0,0,0,0,0,0,0,0,0,0,0,0,0,0,0,0,0,0,0,0,0,0,0,0,0,0,0,0,"","","","","",""
403,Ujjani Dam Rain Gauge,Maharashtra SW,27,Maharashtra,496,Solapur,-,-,-,-,-,-,-,-,-,18.07402000,75.12002000,25-11-2023 01:00,0,0,0,0,0,0,0,0,0,0,0,0,0,0,0,0,0,0,0,0,0,0,0,0,0,0,0,0,0,0,0,0,0,0,0,0,0,0,0,0,0,0,0,0,"","","","","",""
404,Ujjani Dam Rain Gauge,Maharashtra SW,27,Maharashtra,496,Solapur,-,-,-,-,-,-,-,-,-,18.07402000,75.12002000,25-11-2023 02:00,0,0,0,0,0,0,0,0,0,0,0,0,0,0,0,0,0,0,0,0,0,0,0,0,0,0,0,0,0,0,0,0,0,0,0,0,0,0,0,0,0,0,0,0,"","","","","",""
405,Ujjani Dam Rain Gauge,Maharashtra SW,27,Maharashtra,496,Solapur,-,-,-,-,-,-,-,-,-,18.07402000,75.12002000,25-11-2023 03:00,0,0,0,0,0,0,0,0,0,0,0,0,0,0,0,0,0,0,0,0,0,0,0,0,0,0,0,0,0,0,0,0,0,0,0,0,0,0,0,0,0,0,0,0,"","","","","",""
406,Ujjani Dam Rain Gauge,Maharashtra SW,27,Maharashtra,496,Solapur,-,-,-,-,-,-,-,-,-,18.07402000,75.12002000,25-11-2023 04:00,0,0,0,0,0,0,0,0,0,0,0,0,0,0,0,0,0,0,0,0,0,0,0,0,0,0,0,0,0,0,0,0,0,0,0,0,0,0,0,0,0,0,0,0,"","","","","",""
407,Ujjani Dam Rain Gauge,Maharashtra SW,27,Maharashtra,496,Solapur,-,-,-,-,-,-,-,-,-,18.07402000,75.12002000,25-11-2023 06:00,0,0,0,0,0,0,0,0,0,0,0,0,0,0,0,0,0,0,0,0,0,0,0,0,0,0,0,0,0,0,0,0,0,0,0,0,0,0,0,0,0,0,0,0,"","","","","",""
408,Ujjani Dam Rain Gauge,Maharashtra SW,27,Maharashtra,496,Solapur,-,-,-,-,-,-,-,-,-,18.07402000,75.12002000,25-11-2023 07:00,0,0,0,0,0,0,0,0,0,0,0,0,0,0,0,0,0,0,0,0,0,0,0,0,0,0,0,0,0,0,0,0,0,0,0,0,0,0,0,0,0,0,0,0,"","","","","",""
409,Ujjani Dam Rain Gauge,Maharashtra SW,27,Maharashtra,496,Solapur,-,-,-,-,-,-,-,-,-,18.07402000,75.12002000,25-11-2023 08:00,0,0,0,0,0,0,0,0,0,0,0,0,0,0,0,0,0,0,0,0,0,0,0,0,0,0,0,0,0,0,0,0,0,0,0,0,0,0,0,0,0,0,0,0,"","","","","",""
410,Ujjani Dam Rain Gauge,Maharashtra SW,27,Maharashtra,496,Solapur,-,-,-,-,-,-,-,-,-,18.07402000,75.12002000,25-11-2023 09:00,0,0,0,0,0,0,0,0,0,0,0,0,0,0,0,0,0,0,0,0,0,0,0,0,0,0,0,0,0,0,0,0,0,0,0,0,0,0,0,0,0,0,0,0,"","","","","",""
411,Ujjani Dam Rain Gauge,Maharashtra SW,27,Maharashtra,496,Solapur,-,-,-,-,-,-,-,-,-,18.07402000,75.12002000,25-11-2023 10:00,0,0,0,0,0,0,0,0,0,0,0,0,0,0,0,0,0,0,0,0,0,0,0,0,0,0,0,0,0,0,0,0,0,0,0,0,0,0,0,0,0,0,0,0,"","","","","",""
412,Ujjani Dam Rain Gauge,Maharashtra SW,27,Maharashtra,496,Solapur,-,-,-,-,-,-,-,-,-,18.07402000,75.12002000,25-11-2023 11:00,0,0,0,0,0,0,0,0,0,0,0,0,0,0,0,0,0,0,0,0,0,0,0,0,0,0,0,0,0,0,0,0,0,0,0,0,0,0,0,0,0,0,0,0,"","","","","",""
413,Ujjani Dam Rain Gauge,Maharashtra SW,27,Maharashtra,496,Solapur,-,-,-,-,-,-,-,-,-,18.07402000,75.12002000,25-11-2023 12:00,0,0,0,0,0,0,0,0,0,0,0,0,0,0,0,0,0,0,0,0,0,0,0,0,0,0,0,0,0,0,0,0,0,0,0,0,0,0,0,0,0,0,0,0,"","","","","",""
414,Ujjani Dam Rain Gauge,Maharashtra SW,27,Maharashtra,496,Solapur,-,-,-,-,-,-,-,-,-,18.07402000,75.12002000,25-11-2023 14:00,0,0,0,0,0,0,0,0,0,0,0,0,0,0,0,0,0,0,0,0,0,0,0,0,0,0,0,0,0,0,0,0,0,0,0,0,0,0,0,0,0,0,0,0,"","","","","",""
415,Ujjani Dam Rain Gauge,Maharashtra SW,27,Maharashtra,496,Solapur,-,-,-,-,-,-,-,-,-,18.07402000,75.12002000,25-11-2023 15:00,0,0,0,0,0,0,0,0,0,0,0,0,0,0,0,0,0,0,0,0,0,0,0,0,0,0,0,0,0,0,0,0,0,0,0,0,0,0,0,0,0,0,0,0,"","","","","",""
416,Ujjani Dam Rain Gauge,Maharashtra SW,27,Maharashtra,496,Solapur,-,-,-,-,-,-,-,-,-,18.07402000,75.12002000,25-11-2023 16:00,0,0,0,0,0,0,0,0,0,0,0,0,0,0,0,0,0,0,0,0,0,0,0,0,0,0,0,0,0,0,0,0,0,0,0,0,0,0,0,0,0,0,0,0,"","","","","",""
417,Ujjani Dam Rain Gauge,Maharashtra SW,27,Maharashtra,496,Solapur,-,-,-,-,-,-,-,-,-,18.07402000,75.12002000,25-11-2023 17:00,0,0,0,0,0,0,0,0,0,0,0,0,0,0,0,0,0,0,0,0,0,0,0,0,0,0,0,0,0,0,0,0,0,0,0,0,0,0,0,0,0,0,0,0,"","","","","",""
418,Ujjani Dam Rain Gauge,Maharashtra SW,27,Maharashtra,496,Solapur,-,-,-,-,-,-,-,-,-,18.07402000,75.12002000,25-11-2023 18:00,0,0,0,0,0,0,0,0,0,0,0,0,0,0,0,0,0,0,0,0,0,0,0,0,0,0,0,0,0,0,0,0,0,0,0,0,0,0,0,0,0,0,0,0,"","","","","",""
419,Ujjani Dam Rain Gauge,Maharashtra SW,27,Maharashtra,496,Solapur,-,-,-,-,-,-,-,-,-,18.07402000,75.12002000,25-11-2023 19:00,0,0,0,0,0,0,0,0,0,0,0,0,0,0,0,0,0,0,0,0,0,0,0,0,0,0,0,0,0,0,0,0,0,0,0,0,0,0,0,0,0,0,0,0,"","","","","",""
420,Ujjani Dam Rain Gauge,Maharashtra SW,27,Maharashtra,496,Solapur,-,-,-,-,-,-,-,-,-,18.07402000,75.12002000,25-11-2023 20:00,0,0,0,0,0,0,0,0,0,0,0,0,0,0,0,0,0,0,0,0,0,0,0,0,0,0,0,0,0,0,0,0,0,0,0,0,0,0,0,0,0,0,0,0,"","","","","",""
421,Ujjani Dam Rain Gauge,Maharashtra SW,27,Maharashtra,496,Solapur,-,-,-,-,-,-,-,-,-,18.07402000,75.12002000,25-11-2023 22:00,0,0,0,0,0,0,0,0,0,0,0,0,0,0,0,0,0,0,0,0,0,0,0,0,0,0,0,0,0,0,0,0,0,0,0,0,0,0,0,0,0,0,0,0,"","","","","",""
422,Ujjani Dam Rain Gauge,Maharashtra SW,27,Maharashtra,496,Solapur,-,-,-,-,-,-,-,-,-,18.07402000,75.12002000,25-11-2023 23:00,0,0,0,0,0,0,0,0,0,0,0,0,0,0,0,0,0,0,0,0,0,0,0,0,0,0,0,0,0,0,0,0,0,0,0,0,0,0,0,0,0,0,0,0,"","","","","",""
423,Ujjani Dam Rain Gauge,Maharashtra SW,27,Maharashtra,496,Solapur,-,-,-,-,-,-,-,-,-,18.07402000,75.12002000,26-11-2023 00:00,0,0,0,0,0,0,0,0,0,0,0,0,0,0,0,0,0,0,0,0,0,0,0,0,0,0,0,0,0,0,0,0,0,0,0,0,0,0,0,0,0,0,0,0,"","","","","",""
424,Ujjani Dam Rain Gauge,Maharashtra SW,27,Maharashtra,496,Solapur,-,-,-,-,-,-,-,-,-,18.07402000,75.12002000,26-11-2023 01:00,0,0,0,0,0,0,0,0,0,0,0,0,0,0,0,0,0,0,0,0,0,0,0,0,0,0,0,0,0,0,0,0,0,0,0,0,0,0,0,0,0,0,0,0,"","","","","",""
425,Ujjani Dam Rain Gauge,Maharashtra SW,27,Maharashtra,496,Solapur,-,-,-,-,-,-,-,-,-,18.07402000,75.12002000,26-11-2023 02:00,0,0,0,0,0,0,0,0,0,0,0,0,0,0,0,0,0,0,0,0,0,0,0,0,0,0,0,0,0,0,0,0,0,0,0,0,0,0,0,0,0,0,0,0,"","","","","",""
426,Ujjani Dam Rain Gauge,Maharashtra SW,27,Maharashtra,496,Solapur,-,-,-,-,-,-,-,-,-,18.07402000,75.12002000,26-11-2023 03:00,0,0,0,0,0,0,0,0,0,0,0,0,0,0,0,0,0,0,0,0,0,0,0,0,0,0,0,0,0,0,0,0,0,0,0,0,0,0,0,0,0,0,0,0,"","","","","",""
427,Ujjani Dam Rain Gauge,Maharashtra SW,27,Maharashtra,496,Solapur,-,-,-,-,-,-,-,-,-,18.07402000,75.12002000,26-11-2023 04:00,0,0,0,0,0,0,0,0,0,0,0,0,0,0,0,0,0,0,0,0,0,0,0,0,0,0,0,0,0,0,0,0,0,0,0,0,0,0,0,0,0,0,0,0,"","","","","",""
428,Ujjani Dam Rain Gauge,Maharashtra SW,27,Maharashtra,496,Solapur,-,-,-,-,-,-,-,-,-,18.07402000,75.12002000,26-11-2023 06:00,0,0,0,0,0,0,0,0,0,0,0,0,0,0,0,0,0,0,0,0,0,0,0,0,0,0,0,0,0,0,0,0,0,0,0,0,0,0,0,0,0,0,0,0,"","","","","",""
429,Ujjani Dam Rain Gauge,Maharashtra SW,27,Maharashtra,496,Solapur,-,-,-,-,-,-,-,-,-,18.07402000,75.12002000,26-11-2023 07:00,0,0,0,0,0,0,0,0,0,0,0,0,0,0,0,0,0,0,0,0,0,0,0,0,0,0,0,0,0,0,0,0,0,0,0,0,0,0,0,0,0,0,0,0,"","","","","",""
430,Ujjani Dam Rain Gauge,Maharashtra SW,27,Maharashtra,496,Solapur,-,-,-,-,-,-,-,-,-,18.07402000,75.12002000,26-11-2023 08:00,0,0,0,0,0,0,0,0,0,0,0,0,0,0,0,0,0,0,0,0,0,0,0,0,0,0,0,0,0,0,0,0,0,0,0,0,0,0,0,0,0,0,0,0,"","","","","",""
431,Ujjani Dam Rain Gauge,Maharashtra SW,27,Maharashtra,496,Solapur,-,-,-,-,-,-,-,-,-,18.07402000,75.12002000,26-11-2023 09:00,0,0,0,0,0,0,0,0,0,0,0,0,0,0,0,0,0,0,0,0,0,0,0,0,0,0,0,0,0,0,0,0,0,0,0,0,0,0,0,0,0,0,0,0,"","","","","",""
432,Ujjani Dam Rain Gauge,Maharashtra SW,27,Maharashtra,496,Solapur,-,-,-,-,-,-,-,-,-,18.07402000,75.12002000,26-11-2023 10:00,0,0,0,0,0,0,0,0,0,0,0,0,0,0,0,0,0,0,0,0,0,0,0,0,0,0,0,0,0,0,0,0,0,0,0,0,0,0,0,0,0,0,0,0,"","","","","",""
433,Ujjani Dam Rain Gauge,Maharashtra SW,27,Maharashtra,496,Solapur,-,-,-,-,-,-,-,-,-,18.07402000,75.12002000,26-11-2023 11:00,0,0,0,0,0,0,0,0,0,0,0,0,0,0,0,0,0,0,0,0,0,0,0,0,0,0,0,0,0,0,0,0,0,0,0,0,0,0,0,0,0,0,0,0,"","","","","",""
434,Ujjani Dam Rain Gauge,Maharashtra SW,27,Maharashtra,496,Solapur,-,-,-,-,-,-,-,-,-,18.07402000,75.12002000,26-11-2023 12:00,0,0,0,0,0,0,0,0,0,0,0,0,0,0,0,0,0,0,0,0,0,0,0,0,0,0,0,0,0,0,0,0,0,0,0,0,0,0,0,0,0,0,0,0,"","","","","",""
435,Ujjani Dam Rain Gauge,Maharashtra SW,27,Maharashtra,496,Solapur,-,-,-,-,-,-,-,-,-,18.07402000,75.12002000,26-11-2023 14:00,0,0,0,0,0,0,0,0,0,0,0,0,0,0,0,0,0,0,0,0,0,0,0,0,0,0,0,0,0,0,0,0,0,0,0,0,0,0,0,0,0,0,0,0,"","","","","",""
436,Ujjani Dam Rain Gauge,Maharashtra SW,27,Maharashtra,496,Solapur,-,-,-,-,-,-,-,-,-,18.07402000,75.12002000,26-11-2023 15:00,0,0,0,0,0,0,0,0,0,0,0,0,0,0,0,0,0,0,0,0,0,0,0,0,0,0,0,0,0,0,0,0,0,0,0,0,0,0,0,0,0,0,0,0,"","","","","",""
437,Ujjani Dam Rain Gauge,Maharashtra SW,27,Maharashtra,496,Solapur,-,-,-,-,-,-,-,-,-,18.07402000,75.12002000,26-11-2023 16:00,0,0,0,0,0,0,0,0,0,0,0,0,0,0,0,0,0,0,0,0,0,0,0,0,0,0,0,0,0,0,0,0,0,0,0,0,0,0,0,0,0,0,0,0,"","","","","",""
438,Ujjani Dam Rain Gauge,Maharashtra SW,27,Maharashtra,496,Solapur,-,-,-,-,-,-,-,-,-,18.07402000,75.12002000,26-11-2023 17:00,0,0,0,0,0,0,0,0,0,0,0,0,0,0,0,0,0,0,0,0,0,0,0,0,0,0,0,0,0,0,0,0,0,0,0,0,0,0,0,0,0,0,0,0,"","","","","",""
439,Ujjani Dam Rain Gauge,Maharashtra SW,27,Maharashtra,496,Solapur,-,-,-,-,-,-,-,-,-,18.07402000,75.12002000,26-11-2023 18:00,0,0,0,0,0,0,0,0,0,0,0,0,0,0,0,0,0,0,0,0,0,0,0,0,0,0,0,0,0,0,0,0,0,0,0,0,0,0,0,0,0,0,0,0,"","","","","",""
440,Ujjani Dam Rain Gauge,Maharashtra SW,27,Maharashtra,496,Solapur,-,-,-,-,-,-,-,-,-,18.07402000,75.12002000,26-11-2023 19:00,0,0,0,0,0,0,0,0,0,0,0,0,0,0,0,0,0,0,0,0,0,0,0,0,0,0,0,0,0,0,0,0,0,0,0,0,0,0,0,0,0,0,0,0,"","","","","",""
441,Ujjani Dam Rain Gauge,Maharashtra SW,27,Maharashtra,496,Solapur,-,-,-,-,-,-,-,-,-,18.07402000,75.12002000,26-11-2023 20:00,0,0,0,0,0,0,0,0,0,0,0,0,0,0,0,0,0,0,0,0,0,0,0,0,0,0,0,0,0,0,0,0,0,0,0,0,0,0,0,0,0,0,0,0,"","","","","",""
442,Ujjani Dam Rain Gauge,Maharashtra SW,27,Maharashtra,496,Solapur,-,-,-,-,-,-,-,-,-,18.07402000,75.12002000,26-11-2023 22:00,0,0,0,0,0,0,0,0,0,0,0,0,0,0,0,0,0,0,0,0,0,0,0,0,0,0,0,0,0,0,0,0,0,0,0,0,0,0,0,0,0,0,0,0,"","","","","",""
443,Ujjani Dam Rain Gauge,Maharashtra SW,27,Maharashtra,496,Solapur,-,-,-,-,-,-,-,-,-,18.07402000,75.12002000,26-11-2023 23:00,0,0,0,0,0,0,0,0,0,0,0,0,0,0,0,0,0,0,0,0,0,0,0,0,0,0,0,0,0,0,0,0,0,0,0,0,0,0,0,0,0,0,0,0,"","","","","",""
444,Ujjani Dam Rain Gauge,Maharashtra SW,27,Maharashtra,496,Solapur,-,-,-,-,-,-,-,-,-,18.07402000,75.12002000,27-11-2023 00:00,0,0,0,0,0,0,0,0,0,0,0,0,0,0,0,0,0,0,0,0,0,0,0,0,0,0,0,0,0,0,0,0,0,0,0,0,0,0,0,0,0,0,0,0,"","","","","",""
445,Ujjani Dam Rain Gauge,Maharashtra SW,27,Maharashtra,496,Solapur,-,-,-,-,-,-,-,-,-,18.07402000,75.12002000,27-11-2023 01:00,0,0,0,0,0,0,0,0,0,0,0,0,0,0,0,0,0,0,0,0,0,0,0,0,0,0,0,0,0,0,0,0,0,0,0,0,0,0,0,0,0,0,0,0,"","","","","",""
446,Ujjani Dam Rain Gauge,Maharashtra SW,27,Maharashtra,496,Solapur,-,-,-,-,-,-,-,-,-,18.07402000,75.12002000,27-11-2023 02:00,0,0,0,0,0,0,0,0,0,0,0,0,0,0,0,0,0,0,0,0,0,0,0,0,0,0,0,0,0,0,0,0,0,0,0,0,0,0,0,0,0,0,0,0,"","","","","",""
447,Ujjani Dam Rain Gauge,Maharashtra SW,27,Maharashtra,496,Solapur,-,-,-,-,-,-,-,-,-,18.07402000,75.12002000,27-11-2023 03:00,0,0,0,0,0,0,0,0,0,0,0,0,0,0,0,0,0,0,0,0,0,0,0,0,0,0,0,0,0,0,0,0,0,0,0,0,0,0,0,0,0,0,0,0,"","","","","",""
448,Ujjani Dam Rain Gauge,Maharashtra SW,27,Maharashtra,496,Solapur,-,-,-,-,-,-,-,-,-,18.07402000,75.12002000,27-11-2023 04:00,0,0,0,0,0,0,0,0,0,0,0,0,0,0,0,0,0,0,0,0,0,0,0,0,0,0,0,0,0,0,0,0,0,0,0,0,0,0,0,0,0,0,0,0,"","","","","",""
449,Ujjani Dam Rain Gauge,Maharashtra SW,27,Maharashtra,496,Solapur,-,-,-,-,-,-,-,-,-,18.07402000,75.12002000,27-11-2023 06:00,0,0,0,0,0,0,0,0,0,0,0,0,0,0,0,0,0,0,0,0,0,0,0,0,0,0,0,0,0,0,0,0,0,0,0,0,0,0,0,0,0,0,0,0,"","","","","",""
450,Ujjani Dam Rain Gauge,Maharashtra SW,27,Maharashtra,496,Solapur,-,-,-,-,-,-,-,-,-,18.07402000,75.12002000,27-11-2023 07:00,0,0,0,0,0,0,0,0,0,0,0,0,0,0,0,0,0,0,0,0,0,0,0,0,0,0,0,0,0,0,0,0,0,0,0,0,0,0,0,0,0,0,0,0,"","","","","",""
451,Ujjani Dam Rain Gauge,Maharashtra SW,27,Maharashtra,496,Solapur,-,-,-,-,-,-,-,-,-,18.07402000,75.12002000,27-11-2023 08:00,0,0,0,0,0,0,0,0,0,0,0,0,0,0,0,0,0,0,0,0,0,0,0,0,0,0,0,0,0,0,0,0,0,0,0,0,0,0,0,0,0,0,0,0,"","","","","",""
452,Ujjani Dam Rain Gauge,Maharashtra SW,27,Maharashtra,496,Solapur,-,-,-,-,-,-,-,-,-,18.07402000,75.12002000,27-11-2023 09:00,0,0,0,0,0,0,0,0,0,0,0,0,0,0,0,0,0,0,0,0,0,0,0,0,0,0,0,0,0,0,0,0,0,0,0,0,0,0,0,0,0,0,0,0,"","","","","",""
453,Ujjani Dam Rain Gauge,Maharashtra SW,27,Maharashtra,496,Solapur,-,-,-,-,-,-,-,-,-,18.07402000,75.12002000,27-11-2023 10:00,0,0,0,0,0,0,0,0,0,0,0,0,0,0,0,0,0,0,0,0,0,0,0,0,0,0,0,0,0,0,0,0,0,0,0,0,0,0,0,0,0,0,0,0,"","","","","",""
454,Ujjani Dam Rain Gauge,Maharashtra SW,27,Maharashtra,496,Solapur,-,-,-,-,-,-,-,-,-,18.07402000,75.12002000,27-11-2023 11:00,0,0,0,0,0,0,0,0,0,0,0,0,0,0,0,0,0,0,0,0,0,0,0,0,0,0,0,0,0,0,0,0,0,0,0,0,0,0,0,0,0,0,0,0,"","","","","",""
455,Ujjani Dam Rain Gauge,Maharashtra SW,27,Maharashtra,496,Solapur,-,-,-,-,-,-,-,-,-,18.07402000,75.12002000,27-11-2023 12:00,0,0,0,0,0,0,0,0,0,0,0,0,0,0,0,0,0,0,0,0,0,0,0,0,0,0,0,0,0,0,0,0,0,0,0,0,0,0,0,0,0,0,0,0,"","","","","",""
456,Ujjani Dam Rain Gauge,Maharashtra SW,27,Maharashtra,496,Solapur,-,-,-,-,-,-,-,-,-,18.07402000,75.12002000,27-11-2023 14:00,0,0,0,0,0,0,0,0,0,0,0,0,0,0,0,0,0,0,0,0,0,0,0,0,0,0,0,0,0,0,0,0,0,0,0,0,0,0,0,0,0,0,0,0,"","","","","",""
457,Ujjani Dam Rain Gauge,Maharashtra SW,27,Maharashtra,496,Solapur,-,-,-,-,-,-,-,-,-,18.07402000,75.12002000,27-11-2023 15:00,0,0,0,0,0,0,0,0,0,0,0,0,0,0,0,0,0,0,0,0,0,0,0,0,0,0,0,0,0,0,0,0,0,0,0,0,0,0,0,0,0,0,0,0,"","","","","",""
458,Ujjani Dam Rain Gauge,Maharashtra SW,27,Maharashtra,496,Solapur,-,-,-,-,-,-,-,-,-,18.07402000,75.12002000,27-11-2023 16:00,0,0,0,0,0,0,0,0,0,0,0,0,0,0,0,0,0,0,0,0,0,0,0,0,0,0,0,0,0,0,0,0,0,0,0,0,0,0,0,0,0,0,0,0,"","","","","",""
459,Ujjani Dam Rain Gauge,Maharashtra SW,27,Maharashtra,496,Solapur,-,-,-,-,-,-,-,-,-,18.07402000,75.12002000,27-11-2023 17:00,0,0,0,0,0,0,0,0,0,0,0,0,0,0,0,0,0,0,0,0,0,0,0,0,0,0,0,0,0,0,0,0,0,0,0,0,0,0,0,0,0,0,0,0,"","","","","",""
460,Ujjani Dam Rain Gauge,Maharashtra SW,27,Maharashtra,496,Solapur,-,-,-,-,-,-,-,-,-,18.07402000,75.12002000,27-11-2023 18:00,0,0,0,0,0,0,0,0,0,0,0,0,0,0,0,0,0,0,0,0,0,0,0,0,0,0,0,0,0,0,0,0,0,0,0,0,0,0,0,0,0,0,0,0,"","","","","",""
461,Ujjani Dam Rain Gauge,Maharashtra SW,27,Maharashtra,496,Solapur,-,-,-,-,-,-,-,-,-,18.07402000,75.12002000,27-11-2023 19:00,0,0,0,0,0,0,0,0,0,0,0,0,0,0,0,0,0,0,0,0,0,0,0,0,0,0,0,0,0,0,0,0,0,0,0,0,0,0,0,0,0,0,0,0,"","","","","",""
462,Ujjani Dam Rain Gauge,Maharashtra SW,27,Maharashtra,496,Solapur,-,-,-,-,-,-,-,-,-,18.07402000,75.12002000,27-11-2023 20:00,0,0,0,0,0,0,0,0,0,0,0,0,0,0,0,0,0,0,0,0,0,0,0,0,0,0,0,0,0,0,0,0,0,0,0,0,0,0,0,0,0,0,0,0,"","","","","",""
463,Ujjani Dam Rain Gauge,Maharashtra SW,27,Maharashtra,496,Solapur,-,-,-,-,-,-,-,-,-,18.07402000,75.12002000,27-11-2023 22:00,0,0,0,0,0,0,0,0,0,0,0,0,0,0,0,0,0,0,0,0,0,0,0,0,0,0,0,0,0,0,0,0,0,0,0,0,0,0,0,0,0,0,0,0,"","","","","",""
464,Ujjani Dam Rain Gauge,Maharashtra SW,27,Maharashtra,496,Solapur,-,-,-,-,-,-,-,-,-,18.07402000,75.12002000,27-11-2023 23:00,0,0,0,0,0,0,0,0,0,0,0,0,0,0,0,0,0,0,0,0,0,0,0,0,0,0,0,0,0,0,0,0,0,0,0,0,0,0,0,0,0,0,0,0,"","","","","",""
465,Ujjani Dam Rain Gauge,Maharashtra SW,27,Maharashtra,496,Solapur,-,-,-,-,-,-,-,-,-,18.07402000,75.12002000,28-11-2023 00:00,0,0,0,0,0,0,0,0,0,0,0,0,0,0,0,0,0,0,0,0,0,0,0,0,0,0,0,0,0,0,0,0,0,0,0,0,0,0,0,0,0,0,0,0,"","","","","",""
466,Ujjani Dam Rain Gauge,Maharashtra SW,27,Maharashtra,496,Solapur,-,-,-,-,-,-,-,-,-,18.07402000,75.12002000,28-11-2023 01:00,0,0,0,0,0,0,0,0,0,0,0,0,0,0,0,0,0,0,0,0,0,0,0,0,0,0,0,0,0,0,0,0,0,0,0,0,0,0,0,0,0,0,0,0,"","","","","",""
467,Ujjani Dam Rain Gauge,Maharashtra SW,27,Maharashtra,496,Solapur,-,-,-,-,-,-,-,-,-,18.07402000,75.12002000,28-11-2023 02:00,0,0,0,0,0,0,0,0,0,0,0,0,0,0,0,0,0,0,0,0,0,0,0,0,0,0,0,0,0,0,0,0,0,0,0,0,0,0,0,0,0,0,0,0,"","","","","",""
468,Ujjani Dam Rain Gauge,Maharashtra SW,27,Maharashtra,496,Solapur,-,-,-,-,-,-,-,-,-,18.07402000,75.12002000,28-11-2023 03:00,0,0,0,0,0,0,0,0,0,0,0,0,0,0,0,0,0,0,0,0,0,0,0,0,0,0,0,0,0,0,0,0,0,0,0,0,0,0,0,0,0,0,0,0,"","","","","",""
469,Ujjani Dam Rain Gauge,Maharashtra SW,27,Maharashtra,496,Solapur,-,-,-,-,-,-,-,-,-,18.07402000,75.12002000,28-11-2023 05:00,0,0,0,0,0,0,0,0,0,0,0,0,0,0,0,0,0,0,0,0,0,0,0,0,0,0,0,0,0,0,0,0,0,0,0,0,0,0,0,0,0,0,0,0,"","","","","",""
470,Ujjani Dam Rain Gauge,Maharashtra SW,27,Maharashtra,496,Solapur,-,-,-,-,-,-,-,-,-,18.07402000,75.12002000,28-11-2023 06:00,0,0,0,0,0,0,0,0,0,0,0,0,0,0,0,0,0,0,0,0,0,0,0,0,0,0,0,0,0,0,0,0,0,0,0,0,0,0,0,0,0,0,0,0,"","","","","",""
471,Ujjani Dam Rain Gauge,Maharashtra SW,27,Maharashtra,496,Solapur,-,-,-,-,-,-,-,-,-,18.07402000,75.12002000,28-11-2023 07:00,0,0,0,0,0,0,0,0,0,0,0,0,0,0,0,0,0,0,0,0,0,0,0,0,0,0,0,0,0,0,0,0,0,0,0,0,0,0,0,0,0,0,0,0,"","","","","",""
472,Ujjani Dam Rain Gauge,Maharashtra SW,27,Maharashtra,496,Solapur,-,-,-,-,-,-,-,-,-,18.07402000,75.12002000,28-11-2023 08:00,0,0,0,0,0,0,0,0,0,0,0,0,0,0,0,0,0,0,0,0,0,0,0,0,0,0,0,0,0,0,0,0,0,0,0,0,0,0,0,0,0,0,0,0,"","","","","",""
473,Ujjani Dam Rain Gauge,Maharashtra SW,27,Maharashtra,496,Solapur,-,-,-,-,-,-,-,-,-,18.07402000,75.12002000,28-11-2023 09:00,0,0,0,0,0,0,0,0,0,0,0,0,0,0,0,0,0,0,0,0,0,0,0,0,0,0,0,0,0,0,0,0,0,0,0,0,0,0,0,0,0,0,0,0,"","","","","",""
474,Ujjani Dam Rain Gauge,Maharashtra SW,27,Maharashtra,496,Solapur,-,-,-,-,-,-,-,-,-,18.07402000,75.12002000,28-11-2023 10:00,0,0,0,0,0,0,0,0,0,0,0,0,0,0,0,0,0,0,0,0,0,0,0,0,0,0,0,0,0,0,0,0,0,0,0,0,0,0,0,0,0,0,0,0,"","","","","",""
475,Ujjani Dam Rain Gauge,Maharashtra SW,27,Maharashtra,496,Solapur,-,-,-,-,-,-,-,-,-,18.07402000,75.12002000,28-11-2023 11:00,0,0,0,0,0,0,0,0,0,0,0,0,0,0,0,0,0,0,0,0,0,0,0,0,0,0,0,0,0,0,0,0,0,0,0,0,0,0,0,0,0,0,0,0,"","","","","",""
476,Ujjani Dam Rain Gauge,Maharashtra SW,27,Maharashtra,496,Solapur,-,-,-,-,-,-,-,-,-,18.07402000,75.12002000,28-11-2023 13:00,0,0,0,0,0,0,0,0,0,0,0,0,0,0,0,0,0,0,0,0,0,0,0,0,0,0,0,0,0,0,0,0,0,0,0,0,0,0,0,0,0,0,0,0,"","","","","",""
477,Ujjani Dam Rain Gauge,Maharashtra SW,27,Maharashtra,496,Solapur,-,-,-,-,-,-,-,-,-,18.07402000,75.12002000,28-11-2023 14:00,0,0,0,0,0,0,0,0,0,0,0,0,0,0,0,0,0,0,0,0,0,0,0,0,0,0,0,0,0,0,0,0,0,0,0,0,0,0,0,0,0,0,0,0,"","","","","",""
478,Ujjani Dam Rain Gauge,Maharashtra SW,27,Maharashtra,496,Solapur,-,-,-,-,-,-,-,-,-,18.07402000,75.12002000,28-11-2023 15:00,0,0,0,0,0,0,0,0,0,0,0,0,0,0,0,0,0,0,0,0,0,0,0,0,0,0,0,0,0,0,0,0,0,0,0,0,0,0,0,0,0,0,0,0,"","","","","",""
479,Ujjani Dam Rain Gauge,Maharashtra SW,27,Maharashtra,496,Solapur,-,-,-,-,-,-,-,-,-,18.07402000,75.12002000,28-11-2023 16:00,0,0,0,0,0,0,0,0,0,0,0,0,0,0,0,0,0,0,0,0,0,0,0,0,0,0,0,0,0,0,0,0,0,0,0,0,0,0,0,0,0,0,0,0,"","","","","",""
480,Ujjani Dam Rain Gauge,Maharashtra SW,27,Maharashtra,496,Solapur,-,-,-,-,-,-,-,-,-,18.07402000,75.12002000,28-11-2023 17:00,0,0,0,0,0,0,0,0,0,0,0,0,0,0,0,0,0,0,0,0,0,0,0,0,0,0,0,0,0,0,0,0,0,0,0,0,0,0,0,0,0,0,0,0,"","","","","",""
481,Ujjani Dam Rain Gauge,Maharashtra SW,27,Maharashtra,496,Solapur,-,-,-,-,-,-,-,-,-,18.07402000,75.12002000,28-11-2023 18:00,0,0,0,0,0,0,0,0,0,0,0,0,0,0,0,0,0,0,0,0,0,0,0,0,0,0,0,0,0,0,0,0,0,0,0,0,0,0,0,0,0,0,0,0,"","","","","",""
482,Ujjani Dam Rain Gauge,Maharashtra SW,27,Maharashtra,496,Solapur,-,-,-,-,-,-,-,-,-,18.07402000,75.12002000,28-11-2023 19:00,0,0,0,0,0,0,0,0,0,0,0,0,0,0,0,0,0,0,0,0,0,0,0,0,0,0,0,0,0,0,0,0,0,0,0,0,0,0,0,0,0,0,0,0,"","","","","",""
483,Ujjani Dam Rain Gauge,Maharashtra SW,27,Maharashtra,496,Solapur,-,-,-,-,-,-,-,-,-,18.07402000,75.12002000,28-11-2023 21:00,0,0,0,0,0,0,0,0,0,0,0,0,0,0,0,0,0,0,0,0,0,0,0,0,0,0,0,0,0,0,0,0,0,0,0,0,0,0,0,0,0,0,0,0,"","","","","",""
484,Ujjani Dam Rain Gauge,Maharashtra SW,27,Maharashtra,496,Solapur,-,-,-,-,-,-,-,-,-,18.07402000,75.12002000,28-11-2023 22:00,0,0,0,0,0,0,0,0,0,0,0,0,0,0,0,0,0,0,0,0,0,0,0,0,0,0,0,0,0,0,0,0,0,0,0,0,0,0,0,0,0,0,0,0,"","","","","",""
485,Ujjani Dam Rain Gauge,Maharashtra SW,27,Maharashtra,496,Solapur,-,-,-,-,-,-,-,-,-,18.07402000,75.12002000,28-11-2023 23:00,0,0,0,0,0,0,0,0,0,0,0,0,0,0,0,0,0,0,0,0,0,0,0,0,0,0,0,0,0,0,0,0,0,0,0,0,0,0,0,0,0,0,0,0,"","","","","",""
486,Ujjani Dam Rain Gauge,Maharashtra SW,27,Maharashtra,496,Solapur,-,-,-,-,-,-,-,-,-,18.07402000,75.12002000,29-11-2023 00:00,0,0,0,0,0,0,0,0,0,0,0,0,0,0,0,0,0,0,0,0,0,0,0,0,0,0,0,0,0,0,0,0,0,0,0,0,0,0,0,0,0,0,0,0,"","","","","",""
487,Ujjani Dam Rain Gauge,Maharashtra SW,27,Maharashtra,496,Solapur,-,-,-,-,-,-,-,-,-,18.07402000,75.12002000,29-11-2023 02:00,0,0,0,0,0,0,0,0,0,0,0,0,0,0,0,0,0,0,0,0,0,0,0,0,0,0,0,0,0,0,0,0,0,0,0,0,0,0,0,0,0,0,0,0,"","","","","",""
488,Ujjani Dam Rain Gauge,Maharashtra SW,27,Maharashtra,496,Solapur,-,-,-,-,-,-,-,-,-,18.07402000,75.12002000,29-11-2023 03:00,0,0,0,0,0,0,0,0,0,0,0,0,0,0,0,0,0,0,0,0,0,0,0,0,0,0,0,0,0,0,0,0,0,0,0,0,0,0,0,0,0,0,0,0,"","","","","",""
489,Ujjani Dam Rain Gauge,Maharashtra SW,27,Maharashtra,496,Solapur,-,-,-,-,-,-,-,-,-,18.07402000,75.12002000,29-11-2023 05:00,0,0,0,0,0,0,0,0,0,0,0,0,0,0,0,0,0,0,0,0,0,0,0,0,0,0,0,0,0,0,0,0,0,0,0,0,0,0,0,0,0,0,0,0,"","","","","",""
490,Ujjani Dam Rain Gauge,Maharashtra SW,27,Maharashtra,496,Solapur,-,-,-,-,-,-,-,-,-,18.07402000,75.12002000,29-11-2023 06:00,0,0,0,0,0,0,0,0,0,0,0,0,0,0,0,0,0,0,0,0,0,0,0,0,0,0,0,0,0,0,0,0,0,0,0,0,0,0,0,0,0,0,0,0,"","","","","",""
491,Ujjani Dam Rain Gauge,Maharashtra SW,27,Maharashtra,496,Solapur,-,-,-,-,-,-,-,-,-,18.07402000,75.12002000,29-11-2023 07:00,0,0,0,0,0,0,0,0,0,0,0,0,0,0,0,0,0,0,0,0,0,0,0,0,0,0,0,0,0,0,0,0,0,0,0,0,0,0,0,0,0,0,0,0,"","","","","",""
492,Ujjani Dam Rain Gauge,Maharashtra SW,27,Maharashtra,496,Solapur,-,-,-,-,-,-,-,-,-,18.07402000,75.12002000,29-11-2023 08:00,0,0,0,0,0,0,0,0,0,0,0,0,0,0,0,0,0,0,0,0,0,0,0,0,0,0,0,0,0,0,0,0,0,0,0,0,0,0,0,0,0,0,0,0,"","","","","",""
493,Ujjani Dam Rain Gauge,Maharashtra SW,27,Maharashtra,496,Solapur,-,-,-,-,-,-,-,-,-,18.07402000,75.12002000,29-11-2023 09:00,0,0,0,0,0,0,0,0,0,0,0,0,0,0,0,0,0,0,0,0,0,0,0,0,0,0,0,0,0,0,0,0,0,0,0,0,0,0,0,0,0,0,0,0,"","","","","",""
494,Ujjani Dam Rain Gauge,Maharashtra SW,27,Maharashtra,496,Solapur,-,-,-,-,-,-,-,-,-,18.07402000,75.12002000,29-11-2023 10:00,0,0,0,0,0,0,0,0,0,0,0,0,0,0,0,0,0,0,0,0,0,0,0,0,0,0,0,0,0,0,0,0,0,0,0,0,0,0,0,0,0,0,0,0,"","","","","",""
495,Ujjani Dam Rain Gauge,Maharashtra SW,27,Maharashtra,496,Solapur,-,-,-,-,-,-,-,-,-,18.07402000,75.12002000,29-11-2023 11:00,0,0,0,0,0,0,0,0,0,0,0,0,0,0,0,0,0,0,0,0,0,0,0,0,0,0,0,0,0,0,0,0,0,0,0,0,0,0,0,0,0,0,0,0,"","","","","",""
496,Ujjani Dam Rain Gauge,Maharashtra SW,27,Maharashtra,496,Solapur,-,-,-,-,-,-,-,-,-,18.07402000,75.12002000,29-11-2023 13:00,0,0,0,0,0,0,0,0,0,0,0,0,0,0,0,0,0,0,0,0,0,0,0,0,0,0,0,0,0,0,0,0,0,0,0,0,0,0,0,0,0,0,0,0,"","","","","",""
497,Ujjani Dam Rain Gauge,Maharashtra SW,27,Maharashtra,496,Solapur,-,-,-,-,-,-,-,-,-,18.07402000,75.12002000,29-11-2023 14:00,0,0,0,0,0,0,0,0,0,0,0,0,0,0,0,0,0,0,0,0,0,0,0,0,0,0,0,0,0,0,0,0,0,0,0,0,0,0,0,0,0,0,0,0,"","","","","",""
498,Ujjani Dam Rain Gauge,Maharashtra SW,27,Maharashtra,496,Solapur,-,-,-,-,-,-,-,-,-,18.07402000,75.12002000,29-11-2023 15:00,0,0,0,0,0,0,0,0,0,0,0,0,0,0,0,0,0,0,0,0,0,0,0,0,0,0,0,0,0,0,0,0,0,0,0,0,0,0,0,0,0,0,0,0,"","","","","",""
499,Ujjani Dam Rain Gauge,Maharashtra SW,27,Maharashtra,496,Solapur,-,-,-,-,-,-,-,-,-,18.07402000,75.12002000,29-11-2023 16:00,0,0,0,0,0,0,0,0,0,0,0,0,0,0,0,0,0,0,0,0,0,0,0,0,0,0,0,0,0,0,0,0,0,0,0,0,0,0,0,0,0,0,0,0,"","","","","",""
500,Ujjani Dam Rain Gauge,Maharashtra SW,27,Maharashtra,496,Solapur,-,-,-,-,-,-,-,-,-,18.07402000,75.12002000,29-11-2023 17:00,0,0,0,0,0,0,0,0,0,0,0,0,0,0,0,0,0,0,0,0,0,0,0,0,0,0,0,0,0,0,0,0,0,0,0,0,0,0,0,0,0,0,0,0,"","","","","",""
501,Ujjani Dam Rain Gauge,Maharashtra SW,27,Maharashtra,496,Solapur,-,-,-,-,-,-,-,-,-,18.07402000,75.12002000,29-11-2023 18:00,0,0,0,0,0,0,0,0,0,0,0,0,0,0,0,0,0,0,0,0,0,0,0,0,0,0,0,0,0,0,0,0,0,0,0,0,0,0,0,0,0,0,0,0,"","","","","",""
502,Ujjani Dam Rain Gauge,Maharashtra SW,27,Maharashtra,496,Solapur,-,-,-,-,-,-,-,-,-,18.07402000,75.12002000,30-11-2023 13:00,0,0,0,0,0,0,0,0,0,0,0,0,0,0,0,0,0,0,0,0,0,0,0,0,0,0,0,0,0,0,0,0,0,0,0,0,0,0,0,0,0,0,0,0,"","","","","",""
503,Ujjani Dam Rain Gauge,Maharashtra SW,27,Maharashtra,496,Solapur,-,-,-,-,-,-,-,-,-,18.07402000,75.12002000,30-11-2023 14:00,0,0,0,0,0,0,0,0,0,0,0,0,0,0,0,0,0,0,0,0,0,0,0,0,0,0,0,0,0,0,0,0,0,0,0,0,0,0,0,0,0,0,0,0,"","","","","",""
504,Ujjani Dam Rain Gauge,Maharashtra SW,27,Maharashtra,496,Solapur,-,-,-,-,-,-,-,-,-,18.07402000,75.12002000,30-11-2023 15:00,0,0,0,0,0,0,0,0,0,0,0,0,0,0,0,0,0,0,0,0,0,0,0,0,0,0,0,0,0,0,0,0,0,0,0,0,0,0,0,0,0,0,0,0,"","","","","",""
505,Ujjani Dam Rain Gauge,Maharashtra SW,27,Maharashtra,496,Solapur,-,-,-,-,-,-,-,-,-,18.07402000,75.12002000,30-11-2023 16:00,0,0,0,0,0,0,0,0,0,0,0,0,0,0,0,0,0,0,0,0,0,0,0,0,0,0,0,0,0,0,0,0,0,0,0,0,0,0,0,0,0,0,0,0,"","","","","",""
506,Ujjani Dam Rain Gauge,Maharashtra SW,27,Maharashtra,496,Solapur,-,-,-,-,-,-,-,-,-,18.07402000,75.12002000,30-11-2023 17:00,0,0,0,0,0,0,0,0,0,0,0,0,0,0,0,0,0,0,0,0,0,0,0,0,0,0,0,0,0,0,0,0,0,0,0,0,0,0,0,0,0,0,0,0,"","","","","",""
507,Ujjani Dam Rain Gauge,Maharashtra SW,27,Maharashtra,496,Solapur,-,-,-,-,-,-,-,-,-,18.07402000,75.12002000,30-11-2023 18:00,0,0,0,0,0,0,0,0,0,0,0,0,0,0,0,0,0,0,0,0,0,0,0,0,0,0,0,0,0,0,0,0,0,0,0,0,0,0,0,0,0,0,0,0,"","","","","",""
508,Ujjani Dam Rain Gauge,Maharashtra SW,27,Maharashtra,496,Solapur,-,-,-,-,-,-,-,-,-,18.07402000,75.12002000,30-11-2023 20:00,0,0,0,0,0,0,0,0,0,0,0,0,0,0,0,0,0,0,0,0,0,0,0,0,0,0,0,0,0,0,0,0,0,0,0,0,0,0,0,0,0,0,0,0,"","","","","",""
509,Ujjani Dam Rain Gauge,Maharashtra SW,27,Maharashtra,496,Solapur,-,-,-,-,-,-,-,-,-,18.07402000,75.12002000,30-11-2023 21:00,0,0,0,0,0,0,0,0,0,0,0,0,0,0,0,0,0,0,0,0,0,0,0,0,0,0,0,0,0,0,0,0,0,0,0,0,0,0,0,0,0,0,0,0,"","","","","",""
510,Ujjani Dam Rain Gauge,Maharashtra SW,27,Maharashtra,496,Solapur,-,-,-,-,-,-,-,-,-,18.07402000,75.12002000,30-11-2023 22:00,0,0,0,0,0,0,0,0,0,0,0,0,0,0,0,0,0,0,0,0,0,0,0,0,0,0,0,0,0,0,0,0,0,0,0,0,0,0,0,0,0,0,0,0,"","","","","",""
511,Ujjani Dam Rain Gauge,Maharashtra SW,27,Maharashtra,496,Solapur,-,-,-,-,-,-,-,-,-,18.07402000,75.12002000,30-11-2023 23:00,0,0,0,0,0,0,0,0,0,0,0,0,0,0,0,0,0,0,0,0,0,0,0,0,0,0,0,0,0,0,0,0,0,0,0,0,0,0,0,0,0,0,0,0,"","","","","",""
512,Ujjani Dam Rain Gauge,Maharashtra SW,27,Maharashtra,496,Solapur,-,-,-,-,-,-,-,-,-,18.07402000,75.12002000,01-12-2023 00:00,0,0,0,0,0,0,0,0,0,0,0,0,0,0,0,0,0,0,0,0,0,0,0,0,0,0,0,0,0,0,0,0,0,0,0,0,0,0,0,0,0,0,0,0,"","","","","",""
513,Ujjani Dam Rain Gauge,Maharashtra SW,27,Maharashtra,496,Solapur,-,-,-,-,-,-,-,-,-,18.07402000,75.12002000,01-12-2023 01:00,0,0,0,0,0,0,0,0,0,0,0,0,0,0,0,0,0,0,0,0,0,0,0,0,0,0,0,0,0,0,0,0,0,0,0,0,0,0,0,0,0,0,0,0,"","","","","",""
514,Ujjani Dam Rain Gauge,Maharashtra SW,27,Maharashtra,496,Solapur,-,-,-,-,-,-,-,-,-,18.07402000,75.12002000,01-12-2023 02:00,0,0,0,0,0,0,0,0,0,0,0,0,0,0,0,0,0,0,0,0,0,0,0,0,0,0,0,0,0,0,0,0,0,0,0,0,0,0,0,0,0,0,0,0,"","","","","",""
515,Ujjani Dam Rain Gauge,Maharashtra SW,27,Maharashtra,496,Solapur,-,-,-,-,-,-,-,-,-,18.07402000,75.12002000,01-12-2023 04:00,0,0,0,0,0,0,0,0,0,0,0,0,0,0,0,0,0,0,0,0,0,0,0,0,0,0,0,0,0,0,0,0,0,0,0,0,0,0,0,0,0,0,0,0,"","","","","",""
516,Ujjani Dam Rain Gauge,Maharashtra SW,27,Maharashtra,496,Solapur,-,-,-,-,-,-,-,-,-,18.07402000,75.12002000,01-12-2023 05:00,0,0,0,0,0,0,0,0,0,0,0,0,0,0,0,0,0,0,0,0,0,0,0,0,0,0,0,0,0,0,0,0,0,0,0,0,0,0,0,0,0,0,0,0,"","","","","",""
517,Ujjani Dam Rain Gauge,Maharashtra SW,27,Maharashtra,496,Solapur,-,-,-,-,-,-,-,-,-,18.07402000,75.12002000,01-12-2023 06:00,0,0,0,0,0,0,0,0,0,0,0,0,0,0,0,0,0,0,0,0,0,0,0,0,0,0,0,0,0,0,0,0,0,0,0,0,0,0,0,0,0,0,0,0,"","","","","",""
518,Ujjani Dam Rain Gauge,Maharashtra SW,27,Maharashtra,496,Solapur,-,-,-,-,-,-,-,-,-,18.07402000,75.12002000,01-12-2023 07:00,0,0,0,0,0,0,0,0,0,0,0,0,0,0,0,0,0,0,0,0,0,0,0,0,0,0,0,0,0,0,0,0,0,0,0,0,0,0,0,0,0,0,0,0,"","","","","",""
519,Ujjani Dam Rain Gauge,Maharashtra SW,27,Maharashtra,496,Solapur,-,-,-,-,-,-,-,-,-,18.07402000,75.12002000,01-12-2023 08:00,0,0,0,0,0,0,0,0,0,0,0,0,0,0,0,0,0,0,0,0,0,0,0,0,0,0,0,0,0,0,0,0,0,0,0,0,0,0,0,0,0,0,0,0,"","","","","",""
520,Ujjani Dam Rain Gauge,Maharashtra SW,27,Maharashtra,496,Solapur,-,-,-,-,-,-,-,-,-,18.07402000,75.12002000,01-12-2023 09:00,0,0,0,0,0,0,0,0,0,0,0,0,0,0,0,0,0,0,0,0,0,0,0,0,0,0,0,0,0,0,0,0,0,0,0,0,0,0,0,0,0,0,0,0,"","","","","",""
521,Ujjani Dam Rain Gauge,Maharashtra SW,27,Maharashtra,496,Solapur,-,-,-,-,-,-,-,-,-,18.07402000,75.12002000,01-12-2023 10:00,0,0,0,0,0,0,0,0,0,0,0,0,0,0,0,0,0,0,0,0,0,0,0,0,0,0,0,0,0,0,0,0,0,0,0,0,0,0,0,0,0,0,0,0,"","","","","",""
522,Ujjani Dam Rain Gauge,Maharashtra SW,27,Maharashtra,496,Solapur,-,-,-,-,-,-,-,-,-,18.07402000,75.12002000,01-12-2023 12:00,0,0,0,0,0,0,0,0,0,0,0,0,0,0,0,0,0,0,0,0,0,0,0,0,0,0,0,0,0,0,0,0,0,0,0,0,0,0,0,0,0,0,0,0,"","","","","",""
523,Ujjani Dam Rain Gauge,Maharashtra SW,27,Maharashtra,496,Solapur,-,-,-,-,-,-,-,-,-,18.07402000,75.12002000,01-12-2023 13:00,0,0,0,0,0,0,0,0,0,0,0,0,0,0,0,0,0,0,0,0,0,0,0,0,0,0,0,0,0,0,0,0,0,0,0,0,0,0,0,0,0,0,0,0,"","","","","",""
524,Ujjani Dam Rain Gauge,Maharashtra SW,27,Maharashtra,496,Solapur,-,-,-,-,-,-,-,-,-,18.07402000,75.12002000,01-12-2023 14:00,0,0,0,0,0,0,0,0,0,0,0,0,0,0,0,0,0,0,0,0,0,0,0,0,0,0,0,0,0,0,0,0,0,0,0,0,0,0,0,0,0,0,0,0,"","","","","",""
525,Ujjani Dam Rain Gauge,Maharashtra SW,27,Maharashtra,496,Solapur,-,-,-,-,-,-,-,-,-,18.07402000,75.12002000,01-12-2023 15:00,0,0,0,0,0,0,0,0,0,0,0,0,0,0,0,0,0,0,0,0,0,0,0,0,0,0,0,0,0,0,0,0,0,0,0,0,0,0,0,0,0,0,0,0,"","","","","",""
526,Ujjani Dam Rain Gauge,Maharashtra SW,27,Maharashtra,496,Solapur,-,-,-,-,-,-,-,-,-,18.07402000,75.12002000,01-12-2023 16:00,0,0,0,0,0,0,0,0,0,0,0,0,0,0,0,0,0,0,0,0,0,0,0,0,0,0,0,0,0,0,0,0,0,0,0,0,0,0,0,0,0,0,0,0,"","","","","",""
527,Ujjani Dam Rain Gauge,Maharashtra SW,27,Maharashtra,496,Solapur,-,-,-,-,-,-,-,-,-,18.07402000,75.12002000,01-12-2023 17:00,0,0,0,0,0,0,0,0,0,0,0,0,0,0,0,0,0,0,0,0,0,0,0,0,0,0,0,0,0,0,0,0,0,0,0,0,0,0,0,0,0,0,0,0,"","","","","",""
528,Ujjani Dam Rain Gauge,Maharashtra SW,27,Maharashtra,496,Solapur,-,-,-,-,-,-,-,-,-,18.07402000,75.12002000,01-12-2023 18:00,0,0,0,0,0,0,0,0,0,0,0,0,0,0,0,0,0,0,0,0,0,0,0,0,0,0,0,0,0,0,0,0,0,0,0,0,0,0,0,0,0,0,0,0,"","","","","",""
529,Ujjani Dam Rain Gauge,Maharashtra SW,27,Maharashtra,496,Solapur,-,-,-,-,-,-,-,-,-,18.07402000,75.12002000,01-12-2023 20:00,0,0,0,0,0,0,0,0,0,0,0,0,0,0,0,0,0,0,0,0,0,0,0,0,0,0,0,0,0,0,0,0,0,0,0,0,0,0,0,0,0,0,0,0,"","","","","",""
530,Ujjani Dam Rain Gauge,Maharashtra SW,27,Maharashtra,496,Solapur,-,-,-,-,-,-,-,-,-,18.07402000,75.12002000,01-12-2023 21:00,0,0,0,0,0,0,0,0,0,0,0,0,0,0,0,0,0,0,0,0,0,0,0,0,0,0,0,0,0,0,0,0,0,0,0,0,0,0,0,0,0,0,0,0,"","","","","",""
531,Ujjani Dam Rain Gauge,Maharashtra SW,27,Maharashtra,496,Solapur,-,-,-,-,-,-,-,-,-,18.07402000,75.12002000,01-12-2023 22:00,0,0,0,0,0,0,0,0,0,0,0,0,0,0,0,0,0,0,0,0,0,0,0,0,0,0,0,0,0,0,0,0,0,0,0,0,0,0,0,0,0,0,0,0,"","","","","",""
532,Ujjani Dam Rain Gauge,Maharashtra SW,27,Maharashtra,496,Solapur,-,-,-,-,-,-,-,-,-,18.07402000,75.12002000,01-12-2023 23:00,0,0,0,0,0,0,0,0,0,0,0,0,0,0,0,0,0,0,0,0,0,0,0,0,0,0,0,0,0,0,0,0,0,0,0,0,0,0,0,0,0,0,0,0,"","","","","",""
533,Ujjani Dam Rain Gauge,Maharashtra SW,27,Maharashtra,496,Solapur,-,-,-,-,-,-,-,-,-,18.07402000,75.12002000,02-12-2023 00:00,0,0,0,0,0,0,0,0,0,0,0,0,0,0,0,0,0,0,0,0,0,0,0,0,0,0,0,0,0,0,0,0,0,0,0,0,0,0,0,0,0,0,0,0,"","","","","",""
534,Ujjani Dam Rain Gauge,Maharashtra SW,27,Maharashtra,496,Solapur,-,-,-,-,-,-,-,-,-,18.07402000,75.12002000,02-12-2023 01:00,0,0,0,0,0,0,0,0,0,0,0,0,0,0,0,0,0,0,0,0,0,0,0,0,0,0,0,0,0,0,0,0,0,0,0,0,0,0,0,0,0,0,0,0,"","","","","",""
535,Ujjani Dam Rain Gauge,Maharashtra SW,27,Maharashtra,496,Solapur,-,-,-,-,-,-,-,-,-,18.07402000,75.12002000,02-12-2023 02:00,0,0,0,0,0,0,0,0,0,0,0,0,0,0,0,0,0,0,0,0,0,0,0,0,0,0,0,0,0,0,0,0,0,0,0,0,0,0,0,0,0,0,0,0,"","","","","",""
536,Ujjani Dam Rain Gauge,Maharashtra SW,27,Maharashtra,496,Solapur,-,-,-,-,-,-,-,-,-,18.07402000,75.12002000,02-12-2023 04:00,0,0,0,0,0,0,0,0,0,0,0,0,0,0,0,0,0,0,0,0,0,0,0,0,0,0,0,0,0,0,0,0,0,0,0,0,0,0,0,0,0,0,0,0,"","","","","",""
537,Ujjani Dam Rain Gauge,Maharashtra SW,27,Maharashtra,496,Solapur,-,-,-,-,-,-,-,-,-,18.07402000,75.12002000,02-12-2023 05:00,0,0,0,0,0,0,0,0,0,0,0,0,0,0,0,0,0,0,0,0,0,0,0,0,0,0,0,0,0,0,0,0,0,0,0,0,0,0,0,0,0,0,0,0,"","","","","",""
538,Ujjani Dam Rain Gauge,Maharashtra SW,27,Maharashtra,496,Solapur,-,-,-,-,-,-,-,-,-,18.07402000,75.12002000,02-12-2023 06:00,0,0,0,0,0,0,0,0,0,0,0,0,0,0,0,0,0,0,0,0,0,0,0,0,0,0,0,0,0,0,0,0,0,0,0,0,0,0,0,0,0,0,0,0,"","","","","",""
539,Ujjani Dam Rain Gauge,Maharashtra SW,27,Maharashtra,496,Solapur,-,-,-,-,-,-,-,-,-,18.07402000,75.12002000,02-12-2023 07:00,0,0,0,0,0,0,0,0,0,0,0,0,0,0,0,0,0,0,0,0,0,0,0,0,0,0,0,0,0,0,0,0,0,0,0,0,0,0,0,0,0,0,0,0,"","","","","",""
540,Ujjani Dam Rain Gauge,Maharashtra SW,27,Maharashtra,496,Solapur,-,-,-,-,-,-,-,-,-,18.07402000,75.12002000,02-12-2023 08:00,0,0,0,0,0,0,0,0,0,0,0,0,0,0,0,0,0,0,0,0,0,0,0,0,0,0,0,0,0,0,0,0,0,0,0,0,0,0,0,0,0,0,0,0,"","","","","",""
541,Ujjani Dam Rain Gauge,Maharashtra SW,27,Maharashtra,496,Solapur,-,-,-,-,-,-,-,-,-,18.07402000,75.12002000,02-12-2023 09:00,0,0,0,0,0,0,0,0,0,0,0,0,0,0,0,0,0,0,0,0,0,0,0,0,0,0,0,0,0,0,0,0,0,0,0,0,0,0,0,0,0,0,0,0,"","","","","",""
542,Ujjani Dam Rain Gauge,Maharashtra SW,27,Maharashtra,496,Solapur,-,-,-,-,-,-,-,-,-,18.07402000,75.12002000,02-12-2023 10:00,0,0,0,0,0,0,0,0,0,0,0,0,0,0,0,0,0,0,0,0,0,0,0,0,0,0,0,0,0,0,0,0,0,0,0,0,0,0,0,0,0,0,0,0,"","","","","",""
543,Ujjani Dam Rain Gauge,Maharashtra SW,27,Maharashtra,496,Solapur,-,-,-,-,-,-,-,-,-,18.07402000,75.12002000,02-12-2023 12:00,0,0,0,0,0,0,0,0,0,0,0,0,0,0,0,0,0,0,0,0,0,0,0,0,0,0,0,0,0,0,0,0,0,0,0,0,0,0,0,0,0,0,0,0,"","","","","",""
544,Ujjani Dam Rain Gauge,Maharashtra SW,27,Maharashtra,496,Solapur,-,-,-,-,-,-,-,-,-,18.07402000,75.12002000,02-12-2023 13:00,0,0,0,0,0,0,0,0,0,0,0,0,0,0,0,0,0,0,0,0,0,0,0,0,0,0,0,0,0,0,0,0,0,0,0,0,0,0,0,0,0,0,0,0,"","","","","",""
545,Ujjani Dam Rain Gauge,Maharashtra SW,27,Maharashtra,496,Solapur,-,-,-,-,-,-,-,-,-,18.07402000,75.12002000,02-12-2023 14:00,0,0,0,0,0,0,0,0,0,0,0,0,0,0,0,0,0,0,0,0,0,0,0,0,0,0,0,0,0,0,0,0,0,0,0,0,0,0,0,0,0,0,0,0,"","","","","",""
546,Ujjani Dam Rain Gauge,Maharashtra SW,27,Maharashtra,496,Solapur,-,-,-,-,-,-,-,-,-,18.07402000,75.12002000,02-12-2023 15:00,0,0,0,0,0,0,0,0,0,0,0,0,0,0,0,0,0,0,0,0,0,0,0,0,0,0,0,0,0,0,0,0,0,0,0,0,0,0,0,0,0,0,0,0,"","","","","",""
547,Ujjani Dam Rain Gauge,Maharashtra SW,27,Maharashtra,496,Solapur,-,-,-,-,-,-,-,-,-,18.07402000,75.12002000,02-12-2023 16:00,0,0,0,0,0,0,0,0,0,0,0,0,0,0,0,0,0,0,0,0,0,0,0,0,0,0,0,0,0,0,0,0,0,0,0,0,0,0,0,0,0,0,0,0,"","","","","",""
548,Ujjani Dam Rain Gauge,Maharashtra SW,27,Maharashtra,496,Solapur,-,-,-,-,-,-,-,-,-,18.07402000,75.12002000,02-12-2023 17:00,0,0,0,0,0,0,0,0,0,0,0,0,0,0,0,0,0,0,0,0,0,0,0,0,0,0,0,0,0,0,0,0,0,0,0,0,0,0,0,0,0,0,0,0,"","","","","",""
549,Ujjani Dam Rain Gauge,Maharashtra SW,27,Maharashtra,496,Solapur,-,-,-,-,-,-,-,-,-,18.07402000,75.12002000,02-12-2023 19:00,0,0,0,0,0,0,0,0,0,0,0,0,0,0,0,0,0,0,0,0,0,0,0,0,0,0,0,0,0,0,0,0,0,0,0,0,0,0,0,0,0,0,0,0,"","","","","",""
550,Ujjani Dam Rain Gauge,Maharashtra SW,27,Maharashtra,496,Solapur,-,-,-,-,-,-,-,-,-,18.07402000,75.12002000,02-12-2023 20:00,0,0,0,0,0,0,0,0,0,0,0,0,0,0,0,0,0,0,0,0,0,0,0,0,0,0,0,0,0,0,0,0,0,0,0,0,0,0,0,0,0,0,0,0,"","","","","",""
551,Ujjani Dam Rain Gauge,Maharashtra SW,27,Maharashtra,496,Solapur,-,-,-,-,-,-,-,-,-,18.07402000,75.12002000,02-12-2023 21:00,0,0,0,0,0,0,0,0,0,0,0,0,0,0,0,0,0,0,0,0,0,0,0,0,0,0,0,0,0,0,0,0,0,0,0,0,0,0,0,0,0,0,0,0,"","","","","",""
552,Ujjani Dam Rain Gauge,Maharashtra SW,27,Maharashtra,496,Solapur,-,-,-,-,-,-,-,-,-,18.07402000,75.12002000,02-12-2023 22:00,0,0,0,0,0,0,0,0,0,0,0,0,0,0,0,0,0,0,0,0,0,0,0,0,0,0,0,0,0,0,0,0,0,0,0,0,0,0,0,0,0,0,0,0,"","","","","",""
553,Ujjani Dam Rain Gauge,Maharashtra SW,27,Maharashtra,496,Solapur,-,-,-,-,-,-,-,-,-,18.07402000,75.12002000,02-12-2023 23:00,0,0,0,0,0,0,0,0,0,0,0,0,0,0,0,0,0,0,0,0,0,0,0,0,0,0,0,0,0,0,0,0,0,0,0,0,0,0,0,0,0,0,0,0,"","","","","",""
554,Ujjani Dam Rain Gauge,Maharashtra SW,27,Maharashtra,496,Solapur,-,-,-,-,-,-,-,-,-,18.07402000,75.12002000,03-12-2023 00:00,0,0,0,0,0,0,0,0,0,0,0,0,0,0,0,0,0,0,0,0,0,0,0,0,0,0,0,0,0,0,0,0,0,0,0,0,0,0,0,0,0,0,0,0,"","","","","",""
555,Ujjani Dam Rain Gauge,Maharashtra SW,27,Maharashtra,496,Solapur,-,-,-,-,-,-,-,-,-,18.07402000,75.12002000,03-12-2023 01:00,0,0,0,0,0,0,0,0,0,0,0,0,0,0,0,0,0,0,0,0,0,0,0,0,0,0,0,0,0,0,0,0,0,0,0,0,0,0,0,0,0,0,0,0,"","","","","",""
556,Ujjani Dam Rain Gauge,Maharashtra SW,27,Maharashtra,496,Solapur,-,-,-,-,-,-,-,-,-,18.07402000,75.12002000,03-12-2023 03:00,0,0,0,0,0,0,0,0,0,0,0,0,0,0,0,0,0,0,0,0,0,0,0,0,0,0,0,0,0,0,0,0,0,0,0,0,0,0,0,0,0,0,0,0,"","","","","",""
557,Ujjani Dam Rain Gauge,Maharashtra SW,27,Maharashtra,496,Solapur,-,-,-,-,-,-,-,-,-,18.07402000,75.12002000,03-12-2023 04:00,0,0,0,0,0,0,0,0,0,0,0,0,0,0,0,0,0,0,0,0,0,0,0,0,0,0,0,0,0,0,0,0,0,0,0,0,0,0,0,0,0,0,0,0,"","","","","",""
558,Ujjani Dam Rain Gauge,Maharashtra SW,27,Maharashtra,496,Solapur,-,-,-,-,-,-,-,-,-,18.07402000,75.12002000,03-12-2023 05:00,0,0,0,0,0,0,0,0,0,0,0,0,0,0,0,0,0,0,0,0,0,0,0,0,0,0,0,0,0,0,0,0,0,0,0,0,0,0,0,0,0,0,0,0,"","","","","",""
559,Ujjani Dam Rain Gauge,Maharashtra SW,27,Maharashtra,496,Solapur,-,-,-,-,-,-,-,-,-,18.07402000,75.12002000,03-12-2023 06:00,0,0,0,0,0,0,0,0,0,0,0,0,0,0,0,0,0,0,0,0,0,0,0,0,0,0,0,0,0,0,0,0,0,0,0,0,0,0,0,0,0,0,0,0,"","","","","",""
560,Ujjani Dam Rain Gauge,Maharashtra SW,27,Maharashtra,496,Solapur,-,-,-,-,-,-,-,-,-,18.07402000,75.12002000,03-12-2023 07:00,0,0,0,0,0,0,0,0,0,0,0,0,0,0,0,0,0,0,0,0,0,0,0,0,0,0,0,0,0,0,0,0,0,0,0,0,0,0,0,0,0,0,0,0,"","","","","",""
561,Ujjani Dam Rain Gauge,Maharashtra SW,27,Maharashtra,496,Solapur,-,-,-,-,-,-,-,-,-,18.07402000,75.12002000,03-12-2023 08:00,0,0,0,0,0,0,0,0,0,0,0,0,0,0,0,0,0,0,0,0,0,0,0,0,0,0,0,0,0,0,0,0,0,0,0,0,0,0,0,0,0,0,0,0,"","","","","",""
562,Ujjani Dam Rain Gauge,Maharashtra SW,27,Maharashtra,496,Solapur,-,-,-,-,-,-,-,-,-,18.07402000,75.12002000,03-12-2023 09:00,0,0,0,0,0,0,0,0,0,0,0,0,0,0,0,0,0,0,0,0,0,0,0,0,0,0,0,0,0,0,0,0,0,0,0,0,0,0,0,0,0,0,0,0,"","","","","",""
563,Ujjani Dam Rain Gauge,Maharashtra SW,27,Maharashtra,496,Solapur,-,-,-,-,-,-,-,-,-,18.07402000,75.12002000,03-12-2023 11:00,0,0,0,0,0,0,0,0,0,0,0,0,0,0,0,0,0,0,0,0,0,0,0,0,0,0,0,0,0,0,0,0,0,0,0,0,0,0,0,0,0,0,0,0,"","","","","",""
564,Ujjani Dam Rain Gauge,Maharashtra SW,27,Maharashtra,496,Solapur,-,-,-,-,-,-,-,-,-,18.07402000,75.12002000,03-12-2023 12:00,0,0,0,0,0,0,0,0,0,0,0,0,0,0,0,0,0,0,0,0,0,0,0,0,0,0,0,0,0,0,0,0,0,0,0,0,0,0,0,0,0,0,0,0,"","","","","",""
565,Ujjani Dam Rain Gauge,Maharashtra SW,27,Maharashtra,496,Solapur,-,-,-,-,-,-,-,-,-,18.07402000,75.12002000,03-12-2023 13:00,0,0,0,0,0,0,0,0,0,0,0,0,0,0,0,0,0,0,0,0,0,0,0,0,0,0,0,0,0,0,0,0,0,0,0,0,0,0,0,0,0,0,0,0,"","","","","",""
566,Ujjani Dam Rain Gauge,Maharashtra SW,27,Maharashtra,496,Solapur,-,-,-,-,-,-,-,-,-,18.07402000,75.12002000,03-12-2023 14:00,0,0,0,0,0,0,0,0,0,0,0,0,0,0,0,0,0,0,0,0,0,0,0,0,0,0,0,0,0,0,0,0,0,0,0,0,0,0,0,0,0,0,0,0,"","","","","",""
567,Ujjani Dam Rain Gauge,Maharashtra SW,27,Maharashtra,496,Solapur,-,-,-,-,-,-,-,-,-,18.07402000,75.12002000,03-12-2023 15:00,0,0,0,0,0,0,0,0,0,0,0,0,0,0,0,0,0,0,0,0,0,0,0,0,0,0,0,0,0,0,0,0,0,0,0,0,0,0,0,0,0,0,0,0,"","","","","",""
568,Ujjani Dam Rain Gauge,Maharashtra SW,27,Maharashtra,496,Solapur,-,-,-,-,-,-,-,-,-,18.07402000,75.12002000,03-12-2023 16:00,0,0,0,0,0,0,0,0,0,0,0,0,0,0,0,0,0,0,0,0,0,0,0,0,0,0,0,0,0,0,0,0,0,0,0,0,0,0,0,0,0,0,0,0,"","","","","",""
569,Ujjani Dam Rain Gauge,Maharashtra SW,27,Maharashtra,496,Solapur,-,-,-,-,-,-,-,-,-,18.07402000,75.12002000,03-12-2023 17:00,0,0,0,0,0,0,0,0,0,0,0,0,0,0,0,0,0,0,0,0,0,0,0,0,0,0,0,0,0,0,0,0,0,0,0,0,0,0,0,0,0,0,0,0,"","","","","",""
570,Ujjani Dam Rain Gauge,Maharashtra SW,27,Maharashtra,496,Solapur,-,-,-,-,-,-,-,-,-,18.07402000,75.12002000,03-12-2023 19:00,0,0,0,0,0,0,0,0,0,0,0,0,0,0,0,0,0,0,0,0,0,0,0,0,0,0,0,0,0,0,0,0,0,0,0,0,0,0,0,0,0,0,0,0,"","","","","",""
571,Ujjani Dam Rain Gauge,Maharashtra SW,27,Maharashtra,496,Solapur,-,-,-,-,-,-,-,-,-,18.07402000,75.12002000,03-12-2023 20:00,0,0,0,0,0,0,0,0,0,0,0,0,0,0,0,0,0,0,0,0,0,0,0,0,0,0,0,0,0,0,0,0,0,0,0,0,0,0,0,0,0,0,0,0,"","","","","",""
572,Ujjani Dam Rain Gauge,Maharashtra SW,27,Maharashtra,496,Solapur,-,-,-,-,-,-,-,-,-,18.07402000,75.12002000,03-12-2023 21:00,0,0,0,0,0,0,0,0,0,0,0,0,0,0,0,0,0,0,0,0,0,0,0,0,0,0,0,0,0,0,0,0,0,0,0,0,0,0,0,0,0,0,0,0,"","","","","",""
573,Ujjani Dam Rain Gauge,Maharashtra SW,27,Maharashtra,496,Solapur,-,-,-,-,-,-,-,-,-,18.07402000,75.12002000,03-12-2023 22:00,0,0,0,0,0,0,0,0,0,0,0,0,0,0,0,0,0,0,0,0,0,0,0,0,0,0,0,0,0,0,0,0,0,0,0,0,0,0,0,0,0,0,0,0,"","","","","",""
574,Ujjani Dam Rain Gauge,Maharashtra SW,27,Maharashtra,496,Solapur,-,-,-,-,-,-,-,-,-,18.07402000,75.12002000,03-12-2023 23:00,0,0,0,0,0,0,0,0,0,0,0,0,0,0,0,0,0,0,0,0,0,0,0,0,0,0,0,0,0,0,0,0,0,0,0,0,0,0,0,0,0,0,0,0,"","","","","",""
575,Ujjani Dam Rain Gauge,Maharashtra SW,27,Maharashtra,496,Solapur,-,-,-,-,-,-,-,-,-,18.07402000,75.12002000,04-12-2023 00:00,0,0,0,0,0,0,0,0,0,0,0,0,0,0,0,0,0,0,0,0,0,0,0,0,0,0,0,0,0,0,0,0,0,0,0,0,0,0,0,0,0,0,0,0,"","","","","",""
576,Ujjani Dam Rain Gauge,Maharashtra SW,27,Maharashtra,496,Solapur,-,-,-,-,-,-,-,-,-,18.07402000,75.12002000,04-12-2023 01:00,0,0,0,0,0,0,0,0,0,0,0,0,0,0,0,0,0,0,0,0,0,0,0,0,0,0,0,0,0,0,0,0,0,0,0,0,0,0,0,0,0,0,0,0,"","","","","",""
577,Ujjani Dam Rain Gauge,Maharashtra SW,27,Maharashtra,496,Solapur,-,-,-,-,-,-,-,-,-,18.07402000,75.12002000,04-12-2023 03:00,0,0,0,0,0,0,0,0,0,0,0,0,0,0,0,0,0,0,0,0,0,0,0,0,0,0,0,0,0,0,0,0,0,0,0,0,0,0,0,0,0,0,0,0,"","","","","",""
578,Ujjani Dam Rain Gauge,Maharashtra SW,27,Maharashtra,496,Solapur,-,-,-,-,-,-,-,-,-,18.07402000,75.12002000,04-12-2023 04:00,0,0,0,0,0,0,0,0,0,0,0,0,0,0,0,0,0,0,0,0,0,0,0,0,0,0,0,0,0,0,0,0,0,0,0,0,0,0,0,0,0,0,0,0,"","","","","",""
579,Ujjani Dam Rain Gauge,Maharashtra SW,27,Maharashtra,496,Solapur,-,-,-,-,-,-,-,-,-,18.07402000,75.12002000,04-12-2023 05:00,0,0,0,0,0,0,0,0,0,0,0,0,0,0,0,0,0,0,0,0,0,0,0,0,0,0,0,0,0,0,0,0,0,0,0,0,0,0,0,0,0,0,0,0,"","","","","",""
580,Ujjani Dam Rain Gauge,Maharashtra SW,27,Maharashtra,496,Solapur,-,-,-,-,-,-,-,-,-,18.07402000,75.12002000,04-12-2023 06:00,0,0,0,0,0,0,0,0,0,0,0,0,0,0,0,0,0,0,0,0,0,0,0,0,0,0,0,0,0,0,0,0,0,0,0,0,0,0,0,0,0,0,0,0,"","","","","",""
581,Ujjani Dam Rain Gauge,Maharashtra SW,27,Maharashtra,496,Solapur,-,-,-,-,-,-,-,-,-,18.07402000,75.12002000,04-12-2023 07:00,0,0,0,0,0,0,0,0,0,0,0,0,0,0,0,0,0,0,0,0,0,0,0,0,0,0,0,0,0,0,0,0,0,0,0,0,0,0,0,0,0,0,0,0,"","","","","",""
582,Ujjani Dam Rain Gauge,Maharashtra SW,27,Maharashtra,496,Solapur,-,-,-,-,-,-,-,-,-,18.07402000,75.12002000,04-12-2023 08:00,0,0,0,0,0,0,0,0,0,0,0,0,0,0,0,0,0,0,0,0,0,0,0,0,0,0,0,0,0,0,0,0,0,0,0,0,0,0,0,0,0,0,0,0,"","","","","",""
583,Ujjani Dam Rain Gauge,Maharashtra SW,27,Maharashtra,496,Solapur,-,-,-,-,-,-,-,-,-,18.07402000,75.12002000,04-12-2023 09:00,0,0,0,0,0,0,0,0,0,0,0,0,0,0,0,0,0,0,0,0,0,0,0,0,0,0,0,0,0,0,0,0,0,0,0,0,0,0,0,0,0,0,0,0,"","","","","",""
584,Ujjani Dam Rain Gauge,Maharashtra SW,27,Maharashtra,496,Solapur,-,-,-,-,-,-,-,-,-,18.07402000,75.12002000,04-12-2023 11:00,0,0,0,0,0,0,0,0,0,0,0,0,0,0,0,0,0,0,0,0,0,0,0,0,0,0,0,0,0,0,0,0,0,0,0,0,0,0,0,0,0,0,0,0,"","","","","",""
585,Ujjani Dam Rain Gauge,Maharashtra SW,27,Maharashtra,496,Solapur,-,-,-,-,-,-,-,-,-,18.07402000,75.12002000,04-12-2023 12:00,0,0,0,0,0,"","","","",0,0,0,0,"","","","","",0,0,0,0,"","","","","",0,0,0,0,"","","","","",0,0,0,0,"","","","","","","","","",""
586,Ujjani Dam Rain Gauge,Maharashtra SW,27,Maharashtra,496,Solapur,-,-,-,-,-,-,-,-,-,18.07402000,75.12002000,04-12-2023 13:00,0,0,0,0,0,0,0,0,0,0,0,0,0,0,0,0,0,0,0,0,0,0,0,0,0,0,0,0,0,0,0,0,0,0,0,0,0,0,0,0,0,0,0,0,"","","","","",""
587,Ujjani Dam Rain Gauge,Maharashtra SW,27,Maharashtra,496,Solapur,-,-,-,-,-,-,-,-,-,18.07402000,75.12002000,04-12-2023 14:00,0,0,0,0,0,0,0,0,0,0,0,0,0,0,0,0,0,0,0,0,0,0,0,0,0,0,0,0,0,0,0,0,0,0,0,0,0,0,0,0,0,0,0,0,"","","","","",""
588,Ujjani Dam Rain Gauge,Maharashtra SW,27,Maharashtra,496,Solapur,-,-,-,-,-,-,-,-,-,18.07402000,75.12002000,04-12-2023 15:00,0,0,0,0,0,0,0,0,0,0,0,0,0,0,0,0,0,0,0,0,0,0,0,0,0,0,0,0,0,0,0,0,0,0,0,0,0,0,0,0,0,0,0,0,"","","","","",""
589,Ujjani Dam Rain Gauge,Maharashtra SW,27,Maharashtra,496,Solapur,-,-,-,-,-,-,-,-,-,18.07402000,75.12002000,04-12-2023 16:00,0,0,0,0,0,0,0,0,0,0,0,0,0,0,0,0,0,0,0,0,0,0,0,0,0,0,0,0,0,0,0,0,0,0,0,0,0,0,0,0,0,0,0,0,"","","","","",""
590,Ujjani Dam Rain Gauge,Maharashtra SW,27,Maharashtra,496,Solapur,-,-,-,-,-,-,-,-,-,18.07402000,75.12002000,04-12-2023 17:00,0,0,0,0,0,0,0,0,0,0,0,0,0,0,0,0,0,0,0,0,0,0,0,0,0,0,0,0,0,0,0,0,0,0,0,0,0,0,0,0,0,0,0,0,"","","","","",""
591,Ujjani Dam Rain Gauge,Maharashtra SW,27,Maharashtra,496,Solapur,-,-,-,-,-,-,-,-,-,18.07402000,75.12002000,04-12-2023 19:00,0,0,0,0,0,0,0,0,0,0,0,0,0,0,0,0,0,0,0,0,0,0,0,0,0,0,0,0,0,0,0,0,0,0,0,0,0,0,0,0,0,0,0,0,"","","","","",""
592,Ujjani Dam Rain Gauge,Maharashtra SW,27,Maharashtra,496,Solapur,-,-,-,-,-,-,-,-,-,18.07402000,75.12002000,04-12-2023 20:00,0,0,0,0,0,0,0,0,0,0,0,0,0,0,0,0,0,0,0,0,0,0,0,0,0,0,0,0,0,0,0,0,0,0,0,0,0,0,0,0,0,0,0,0,"","","","","",""
593,Ujjani Dam Rain Gauge,Maharashtra SW,27,Maharashtra,496,Solapur,-,-,-,-,-,-,-,-,-,18.07402000,75.12002000,04-12-2023 21:00,0,0,0,0,0,0,0,0,0,0,0,0,0,0,0,0,0,0,0,0,0,0,0,0,0,0,0,0,0,0,0,0,0,0,0,0,0,0,0,0,0,0,0,0,"","","","","",""
594,Ujjani Dam Rain Gauge,Maharashtra SW,27,Maharashtra,496,Solapur,-,-,-,-,-,-,-,-,-,18.07402000,75.12002000,04-12-2023 22:00,0,0,0,0,0,0,0,0,0,0,0,0,0,0,0,0,0,0,0,0,0,0,0,0,0,0,0,0,0,0,0,0,0,0,0,0,0,0,0,0,0,0,0,0,"","","","","",""
595,Ujjani Dam Rain Gauge,Maharashtra SW,27,Maharashtra,496,Solapur,-,-,-,-,-,-,-,-,-,18.07402000,75.12002000,04-12-2023 23:00,0,0,0,0,0,0,0,0,0,0,0,0,0,0,0,0,0,0,0,0,0,0,0,0,0,0,0,0,0,0,0,0,0,0,0,0,0,0,0,0,0,0,0,0,"","","","","",""
596,Ujjani Dam Rain Gauge,Maharashtra SW,27,Maharashtra,496,Solapur,-,-,-,-,-,-,-,-,-,18.07402000,75.12002000,05-12-2023 00:00,0,0,0,0,0,0,0,0,0,0,0,0,0,0,0,0,0,0,0,0,0,0,0,0,0,0,0,0,0,0,0,0,0,0,0,0,0,0,0,0,0,0,0,0,"","","","","",""
597,Ujjani Dam Rain Gauge,Maharashtra SW,27,Maharashtra,496,Solapur,-,-,-,-,-,-,-,-,-,18.07402000,75.12002000,05-12-2023 01:00,0,0,0,0,0,0,0,0,0,0,0,0,0,0,0,0,0,0,0,0,0,0,0,0,0,0,0,0,0,0,0,0,0,0,0,0,0,0,0,0,0,0,0,0,"","","","","",""
598,Ujjani Dam Rain Gauge,Maharashtra SW,27,Maharashtra,496,Solapur,-,-,-,-,-,-,-,-,-,18.07402000,75.12002000,05-12-2023 03:00,0,0,0,0,0,0,0,0,0,0,0,0,0,0,0,0,0,0,0,0,0,0,0,0,0,0,0,0,0,0,0,0,0,0,0,0,0,0,0,0,0,0,0,0,"","","","","",""
599,Ujjani Dam Rain Gauge,Maharashtra SW,27,Maharashtra,496,Solapur,-,-,-,-,-,-,-,-,-,18.07402000,75.12002000,05-12-2023 04:00,0,0,0,0,0,0,0,0,0,0,0,0,0,0,0,0,0,0,0,0,0,0,0,0,0,0,0,0,0,0,0,0,0,0,0,0,0,0,0,0,0,0,0,0,"","","","","",""
600,Ujjani Dam Rain Gauge,Maharashtra SW,27,Maharashtra,496,Solapur,-,-,-,-,-,-,-,-,-,18.07402000,75.12002000,05-12-2023 05:00,0,0,0,0,0,0,0,0,0,0,0,0,0,0,0,0,0,0,0,0,0,0,0,0,0,0,0,0,0,0,0,0,0,0,0,0,0,0,0,0,0,0,0,0,"","","","","",""
601,Ujjani Dam Rain Gauge,Maharashtra SW,27,Maharashtra,496,Solapur,-,-,-,-,-,-,-,-,-,18.07402000,75.12002000,05-12-2023 06:00,0,0,0,0,0,0,0,0,0,0,0,0,0,0,0,0,0,0,0,0,0,0,0,0,0,0,0,0,0,0,0,0,0,0,0,0,0,0,0,0,0,0,0,0,"","","","","",""
602,Ujjani Dam Rain Gauge,Maharashtra SW,27,Maharashtra,496,Solapur,-,-,-,-,-,-,-,-,-,18.07402000,75.12002000,05-12-2023 07:00,0,0,0,0,0,0,0,0,0,0,0,0,0,0,0,0,0,0,0,0,0,0,0,0,0,0,0,0,0,0,0,0,0,0,0,0,0,0,0,0,0,0,0,0,"","","","","",""
603,Ujjani Dam Rain Gauge,Maharashtra SW,27,Maharashtra,496,Solapur,-,-,-,-,-,-,-,-,-,18.07402000,75.12002000,05-12-2023 08:00,0,0,0,0,0,0,0,0,0,0,0,0,0,0,0,0,0,0,0,0,0,0,0,0,0,0,0,0,0,0,0,0,0,0,0,0,0,0,0,0,0,0,0,0,"","","","","",""
604,Ujjani Dam Rain Gauge,Maharashtra SW,27,Maharashtra,496,Solapur,-,-,-,-,-,-,-,-,-,18.07402000,75.12002000,05-12-2023 09:00,0,0,0,0,0,0,0,0,0,0,0,0,0,0,0,0,0,0,0,0,0,0,0,0,0,0,0,0,0,0,0,0,0,0,0,0,0,0,0,0,0,0,0,0,"","","","","",""
605,Ujjani Dam Rain Gauge,Maharashtra SW,27,Maharashtra,496,Solapur,-,-,-,-,-,-,-,-,-,18.07402000,75.12002000,05-12-2023 11:00,0,0,0,0,0,0,0,0,0,0,0,0,0,0,0,0,0,0,0,0,0,0,0,0,0,0,0,0,0,0,0,0,0,0,0,0,0,0,0,0,0,0,0,0,"","","","","",""
606,Ujjani Dam Rain Gauge,Maharashtra SW,27,Maharashtra,496,Solapur,-,-,-,-,-,-,-,-,-,18.07402000,75.12002000,05-12-2023 12:00,0,0,0,0,0,0,0,0,0,0,0,0,0,0,0,0,0,0,0,0,0,0,0,0,0,0,0,0,0,0,0,0,0,0,0,0,0,0,0,0,0,0,0,0,"","","","","",""
607,Ujjani Dam Rain Gauge,Maharashtra SW,27,Maharashtra,496,Solapur,-,-,-,-,-,-,-,-,-,18.07402000,75.12002000,05-12-2023 13:00,0,0,0,0,0,0,0,0,0,0,0,0,0,0,0,0,0,0,0,0,0,0,0,0,0,0,0,0,0,0,0,0,0,0,0,0,0,0,0,0,0,0,0,0,"","","","","",""
608,Ujjani Dam Rain Gauge,Maharashtra SW,27,Maharashtra,496,Solapur,-,-,-,-,-,-,-,-,-,18.07402000,75.12002000,05-12-2023 14:00,0,0,0,0,0,0,0,0,0,0,0,0,0,0,0,0,0,0,0,0,0,0,0,0,0,0,0,0,0,0,0,0,0,0,0,0,0,0,0,0,0,0,0,0,"","","","","",""
609,Ujjani Dam Rain Gauge,Maharashtra SW,27,Maharashtra,496,Solapur,-,-,-,-,-,-,-,-,-,18.07402000,75.12002000,05-12-2023 15:00,0,0,0,0,0,0,0,0,0,0,0,0,0,0,0,0,0,0,0,0,0,0,0,0,0,0,0,0,0,0,0,0,0,0,0,0,0,0,0,0,0,0,0,0,"","","","","",""
610,Ujjani Dam Rain Gauge,Maharashtra SW,27,Maharashtra,496,Solapur,-,-,-,-,-,-,-,-,-,18.07402000,75.12002000,05-12-2023 16:00,0,0,0,0,0,0,0,0,0,0,0,0,0,0,0,0,0,0,0,0,0,0,0,0,0,0,0,0,0,0,0,0,0,0,0,0,0,0,0,0,0,0,0,0,"","","","","",""
611,Ujjani Dam Rain Gauge,Maharashtra SW,27,Maharashtra,496,Solapur,-,-,-,-,-,-,-,-,-,18.07402000,75.12002000,05-12-2023 18:00,0,0,0,0,0,0,0,0,0,0,0,0,0,0,0,0,0,0,0,0,0,0,0,0,0,0,0,0,0,0,0,0,0,0,0,0,0,0,0,0,0,0,0,0,"","","","","",""
612,Ujjani Dam Rain Gauge,Maharashtra SW,27,Maharashtra,496,Solapur,-,-,-,-,-,-,-,-,-,18.07402000,75.12002000,05-12-2023 19:00,0,0,0,0,0,0,0,0,0,0,0,0,0,0,0,0,0,0,0,0,0,0,0,0,0,0,0,0,0,0,0,0,0,0,0,0,0,0,0,0,0,0,0,0,"","","","","",""
613,Ujjani Dam Rain Gauge,Maharashtra SW,27,Maharashtra,496,Solapur,-,-,-,-,-,-,-,-,-,18.07402000,75.12002000,05-12-2023 20:00,0,0,0,0,0,0,0,0,0,0,0,0,0,0,0,0,0,0,0,0,0,0,0,0,0,0,0,0,0,0,0,0,0,0,0,0,0,0,0,0,0,0,0,0,"","","","","",""
614,Ujjani Dam Rain Gauge,Maharashtra SW,27,Maharashtra,496,Solapur,-,-,-,-,-,-,-,-,-,18.07402000,75.12002000,05-12-2023 21:00,0,0,0,0,0,0,0,0,0,0,0,0,0,0,0,0,0,0,0,0,0,0,0,0,0,0,0,0,0,0,0,0,0,0,0,0,0,0,0,0,0,0,0,0,"","","","","",""
615,Ujjani Dam Rain Gauge,Maharashtra SW,27,Maharashtra,496,Solapur,-,-,-,-,-,-,-,-,-,18.07402000,75.12002000,05-12-2023 22:00,0,0,0,0,0,0,0,0,0,0,0,0,0,0,0,0,0,0,0,0,0,0,0,0,0,0,0,0,0,0,0,0,0,0,0,0,0,0,0,0,0,0,0,0,"","","","","",""
616,Ujjani Dam Rain Gauge,Maharashtra SW,27,Maharashtra,496,Solapur,-,-,-,-,-,-,-,-,-,18.07402000,75.12002000,05-12-2023 23:00,0,0,0,0,0,0,0,0,0,0,0,0,0,0,0,0,0,0,0,0,0,0,0,0,0,0,0,0,0,0,0,0,0,0,0,0,0,0,0,0,0,0,0,0,"","","","","",""
617,Ujjani Dam Rain Gauge,Maharashtra SW,27,Maharashtra,496,Solapur,-,-,-,-,-,-,-,-,-,18.07402000,75.12002000,06-12-2023 00:00,0,0,0,0,0,0,0,0,0,0,0,0,0,0,0,0,0,0,0,0,0,0,0,0,0,0,0,0,0,0,0,0,0,0,0,0,0,0,0,0,0,0,0,0,"","","","","",""
618,Ujjani Dam Rain Gauge,Maharashtra SW,27,Maharashtra,496,Solapur,-,-,-,-,-,-,-,-,-,18.07402000,75.12002000,06-12-2023 02:00,0,0,0,0,0,0,0,0,0,0,0,0,0,0,0,0,0,0,0,0,0,0,0,0,0,0,0,0,0,0,0,0,0,0,0,0,0,0,0,0,0,0,0,0,"","","","","",""
619,Ujjani Dam Rain Gauge,Maharashtra SW,27,Maharashtra,496,Solapur,-,-,-,-,-,-,-,-,-,18.07402000,75.12002000,06-12-2023 03:00,0,0,0,0,0,0,0,0,0,0,0,0,0,0,0,0,0,0,0,0,0,0,0,0,0,0,0,0,0,0,0,0,0,0,0,0,0,0,0,0,0,0,0,0,"","","","","",""
620,Ujjani Dam Rain Gauge,Maharashtra SW,27,Maharashtra,496,Solapur,-,-,-,-,-,-,-,-,-,18.07402000,75.12002000,06-12-2023 04:00,0,0,0,0,0,0,0,0,0,0,0,0,0,0,0,0,0,0,0,0,0,0,0,0,0,0,0,0,0,0,0,0,0,0,0,0,0,0,0,0,0,0,0,0,"","","","","",""
621,Ujjani Dam Rain Gauge,Maharashtra SW,27,Maharashtra,496,Solapur,-,-,-,-,-,-,-,-,-,18.07402000,75.12002000,06-12-2023 05:00,0,0,0,0,0,0,0,0,0,0,0,0,0,0,0,0,0,0,0,0,0,0,0,0,0,0,0,0,0,0,0,0,0,0,0,0,0,0,0,0,0,0,0,0,"","","","","",""
622,Ujjani Dam Rain Gauge,Maharashtra SW,27,Maharashtra,496,Solapur,-,-,-,-,-,-,-,-,-,18.07402000,75.12002000,06-12-2023 06:00,0,0,0,0,0,0,0,0,0,0,0,0,0,0,0,0,0,0,0,0,0,0,0,0,0,0,0,0,0,0,0,0,0,0,0,0,0,0,0,0,0,0,0,0,"","","","","",""
623,Ujjani Dam Rain Gauge,Maharashtra SW,27,Maharashtra,496,Solapur,-,-,-,-,-,-,-,-,-,18.07402000,75.12002000,06-12-2023 07:00,0,0,0,0,0,0,0,0,0,0,0,0,0,0,0,0,0,0,0,0,0,0,0,0,0,0,0,0,0,0,0,0,0,0,0,0,0,0,0,0,0,0,0,0,"","","","","",""
624,Ujjani Dam Rain Gauge,Maharashtra SW,27,Maharashtra,496,Solapur,-,-,-,-,-,-,-,-,-,18.07402000,75.12002000,06-12-2023 08:00,0,0,0,0,0,0,0,0,0,0,0,0,0,0,0,0,0,0,0,0,0,0,0,0,0,0,0,0,0,0,0,0,0,0,0,0,0,0,0,0,0,0,0,0,"","","","","",""
625,Ujjani Dam Rain Gauge,Maharashtra SW,27,Maharashtra,496,Solapur,-,-,-,-,-,-,-,-,-,18.07402000,75.12002000,06-12-2023 10:00,0,0,0,0,0,0,0,0,0,0,0,0,0,0,0,0,0,0,0,0,0,0,0,0,0,0,0,0,0,0,0,0,0,0,0,0,0,0,0,0,0,0,0,0,"","","","","",""
626,Ujjani Dam Rain Gauge,Maharashtra SW,27,Maharashtra,496,Solapur,-,-,-,-,-,-,-,-,-,18.07402000,75.12002000,06-12-2023 11:00,0,0,0,0,0,0,0,0,0,0,0,0,0,0,0,0,0,0,0,0,0,0,0,0,0,0,0,0,0,0,0,0,0,0,0,0,0,0,0,0,0,0,0,0,"","","","","",""
627,Ujjani Dam Rain Gauge,Maharashtra SW,27,Maharashtra,496,Solapur,-,-,-,-,-,-,-,-,-,18.07402000,75.12002000,06-12-2023 12:00,0,0,0,0,0,0,0,0,0,0,0,0,0,0,0,0,0,0,0,0,0,0,0,0,0,0,0,0,0,0,0,0,0,0,0,0,0,0,0,0,0,0,0,0,"","","","","",""
628,Ujjani Dam Rain Gauge,Maharashtra SW,27,Maharashtra,496,Solapur,-,-,-,-,-,-,-,-,-,18.07402000,75.12002000,06-12-2023 13:00,0,0,0,0,0,0,0,0,0,0,0,0,0,0,0,0,0,0,0,0,0,0,0,0,0,0,0,0,0,0,0,0,0,0,0,0,0,0,0,0,0,0,0,0,"","","","","",""
629,Ujjani Dam Rain Gauge,Maharashtra SW,27,Maharashtra,496,Solapur,-,-,-,-,-,-,-,-,-,18.07402000,75.12002000,06-12-2023 14:00,0,0,0,0,0,0,0,0,0,0,0,0,0,0,0,0,0,0,0,0,0,0,0,0,0,0,0,0,0,0,0,0,0,0,0,0,0,0,0,0,0,0,0,0,"","","","","",""
630,Ujjani Dam Rain Gauge,Maharashtra SW,27,Maharashtra,496,Solapur,-,-,-,-,-,-,-,-,-,18.07402000,75.12002000,06-12-2023 15:00,0,0,0,0,0,0,0,0,0,0,0,0,0,0,0,0,0,0,0,0,0,0,0,0,0,0,0,0,0,0,0,0,0,0,0,0,0,0,0,0,0,0,0,0,"","","","","",""
631,Ujjani Dam Rain Gauge,Maharashtra SW,27,Maharashtra,496,Solapur,-,-,-,-,-,-,-,-,-,18.07402000,75.12002000,06-12-2023 16:00,0,0,0,0,0,0,0,0,0,0,0,0,0,0,0,0,0,0,0,0,0,0,0,0,0,0,0,0,0,0,0,0,0,0,0,0,0,0,0,0,0,0,0,0,"","","","","",""
632,Ujjani Dam Rain Gauge,Maharashtra SW,27,Maharashtra,496,Solapur,-,-,-,-,-,-,-,-,-,18.07402000,75.12002000,06-12-2023 18:00,0,0,0,0,0,0,0,0,0,0,0,0,0,0,0,0,0,0,0,0,0,0,0,0,0,0,0,0,0,0,0,0,0,0,0,0,0,0,0,0,0,0,0,0,"","","","","",""
633,Ujjani Dam Rain Gauge,Maharashtra SW,27,Maharashtra,496,Solapur,-,-,-,-,-,-,-,-,-,18.07402000,75.12002000,06-12-2023 19:00,0,0,0,0,0,0,0,0,0,0,0,0,0,0,0,0,0,0,0,0,0,0,0,0,0,0,0,0,0,0,0,0,0,0,0,0,0,0,0,0,0,0,0,0,"","","","","",""
634,Ujjani Dam Rain Gauge,Maharashtra SW,27,Maharashtra,496,Solapur,-,-,-,-,-,-,-,-,-,18.07402000,75.12002000,06-12-2023 20:00,0,0,0,0,0,0,0,0,0,0,0,0,0,0,0,0,0,0,0,0,0,0,0,0,0,0,0,0,0,0,0,0,0,0,0,0,0,0,0,0,0,0,0,0,"","","","","",""
635,Ujjani Dam Rain Gauge,Maharashtra SW,27,Maharashtra,496,Solapur,-,-,-,-,-,-,-,-,-,18.07402000,75.12002000,06-12-2023 21:00,0,0,0,0,0,0,0,0,0,0,0,0,0,0,0,0,0,0,0,0,0,0,0,0,0,0,0,0,0,0,0,0,0,0,0,0,0,0,0,0,0,0,0,0,"","","","","",""
636,Ujjani Dam Rain Gauge,Maharashtra SW,27,Maharashtra,496,Solapur,-,-,-,-,-,-,-,-,-,18.07402000,75.12002000,06-12-2023 22:00,0,0,0,0,0,0,0,0,0,0,0,0,0,0,0,0,0,0,0,0,0,0,0,0,0,0,0,0,0,0,0,0,0,0,0,0,0,0,0,0,0,0,0,0,"","","","","",""
637,Ujjani Dam Rain Gauge,Maharashtra SW,27,Maharashtra,496,Solapur,-,-,-,-,-,-,-,-,-,18.07402000,75.12002000,06-12-2023 23:00,0,0,0,0,0,0,0,0,0,0,0,0,0,0,0,0,0,0,0,0,0,0,0,0,0,0,0,0,0,0,0,0,0,0,0,0,0,0,0,0,0,0,0,0,"","","","","",""
638,Ujjani Dam Rain Gauge,Maharashtra SW,27,Maharashtra,496,Solapur,-,-,-,-,-,-,-,-,-,18.07402000,75.12002000,07-12-2023 00:00,0,0,0,0,0,0,0,0,0,0,0,0,0,0,0,0,0,0,0,0,0,0,0,0,0,0,0,0,0,0,0,0,0,0,0,0,0,0,0,0,0,0,0,0,"","","","","",""
639,Ujjani Dam Rain Gauge,Maharashtra SW,27,Maharashtra,496,Solapur,-,-,-,-,-,-,-,-,-,18.07402000,75.12002000,07-12-2023 02:00,0,0,0,0,0,0,0,0,0,0,0,0,0,0,0,0,0,0,0,0,0,0,0,0,0,0,0,0,0,0,0,0,0,0,0,0,0,0,0,0,0,0,0,0,"","","","","",""
640,Ujjani Dam Rain Gauge,Maharashtra SW,27,Maharashtra,496,Solapur,-,-,-,-,-,-,-,-,-,18.07402000,75.12002000,07-12-2023 03:00,0,0,0,0,0,0,0,0,0,0,0,0,0,0,0,0,0,0,0,0,0,0,0,0,0,0,0,0,0,0,0,0,0,0,0,0,0,0,0,0,0,0,0,0,"","","","","",""
641,Ujjani Dam Rain Gauge,Maharashtra SW,27,Maharashtra,496,Solapur,-,-,-,-,-,-,-,-,-,18.07402000,75.12002000,07-12-2023 04:00,0,0,0,0,0,0,0,0,0,0,0,0,0,0,0,0,0,0,0,0,0,0,0,0,0,0,0,0,0,0,0,0,0,0,0,0,0,0,0,0,0,0,0,0,"","","","","",""
642,Ujjani Dam Rain Gauge,Maharashtra SW,27,Maharashtra,496,Solapur,-,-,-,-,-,-,-,-,-,18.07402000,75.12002000,07-12-2023 05:00,0,0,0,0,0,0,0,0,0,0,0,0,0,0,0,0,0,0,0,0,0,0,0,0,0,0,0,0,0,0,0,0,0,0,0,0,0,0,0,0,0,0,0,0,"","","","","",""
643,Ujjani Dam Rain Gauge,Maharashtra SW,27,Maharashtra,496,Solapur,-,-,-,-,-,-,-,-,-,18.07402000,75.12002000,07-12-2023 06:00,0,0,0,0,0,0,0,0,0,0,0,0,0,0,0,0,0,0,0,0,0,0,0,0,0,0,0,0,0,0,0,0,0,0,0,0,0,0,0,0,0,0,0,0,"","","","","",""
644,Ujjani Dam Rain Gauge,Maharashtra SW,27,Maharashtra,496,Solapur,-,-,-,-,-,-,-,-,-,18.07402000,75.12002000,07-12-2023 07:00,0,0,0,0,0,0,0,0,0,0,0,0,0,0,0,0,0,0,0,0,0,0,0,0,0,0,0,0,0,0,0,0,0,0,0,0,0,0,0,0,0,0,0,0,"","","","","",""
645,Ujjani Dam Rain Gauge,Maharashtra SW,27,Maharashtra,496,Solapur,-,-,-,-,-,-,-,-,-,18.07402000,75.12002000,07-12-2023 08:00,0,0,0,0,0,0,0,0,0,0,0,0,0,0,0,0,0,0,0,0,0,0,0,0,0,0,0,0,0,0,0,0,0,0,0,0,0,0,0,0,0,0,0,0,"","","","","",""
646,Ujjani Dam Rain Gauge,Maharashtra SW,27,Maharashtra,496,Solapur,-,-,-,-,-,-,-,-,-,18.07402000,75.12002000,07-12-2023 10:00,0,0,0,0,0,0,0,0,0,0,0,0,0,0,0,0,0,0,0,0,0,0,0,0,0,0,0,0,0,0,0,0,0,0,0,0,0,0,0,0,0,0,0,0,"","","","","",""
647,Ujjani Dam Rain Gauge,Maharashtra SW,27,Maharashtra,496,Solapur,-,-,-,-,-,-,-,-,-,18.07402000,75.12002000,07-12-2023 11:00,0,0,0,0,0,0,0,0,0,0,0,0,0,0,0,0,0,0,0,0,0,0,0,0,0,0,0,0,0,0,0,0,0,0,0,0,0,0,0,0,0,0,0,0,"","","","","",""
648,Ujjani Dam Rain Gauge,Maharashtra SW,27,Maharashtra,496,Solapur,-,-,-,-,-,-,-,-,-,18.07402000,75.12002000,07-12-2023 12:00,0,0,0,0,0,0,0,0,0,0,0,0,0,0,0,0,0,0,0,0,0,0,0,0,0,0,0,0,0,0,0,0,0,0,0,0,0,0,0,0,0,0,0,0,"","","","","",""
649,Ujjani Dam Rain Gauge,Maharashtra SW,27,Maharashtra,496,Solapur,-,-,-,-,-,-,-,-,-,18.07402000,75.12002000,07-12-2023 13:00,0,0,0,0,0,0,0,0,0,0,0,0,0,0,0,0,0,0,0,0,0,0,0,0,0,0,0,0,0,0,0,0,0,0,0,0,0,0,0,0,0,0,0,0,"","","","","",""
650,Ujjani Dam Rain Gauge,Maharashtra SW,27,Maharashtra,496,Solapur,-,-,-,-,-,-,-,-,-,18.07402000,75.12002000,07-12-2023 14:00,0,0,0,0,0,0,0,0,0,0,0,0,0,0,0,0,0,0,0,0,0,0,0,0,0,0,0,0,0,0,0,0,0,0,0,0,0,0,0,0,0,0,0,0,"","","","","",""
651,Ujjani Dam Rain Gauge,Maharashtra SW,27,Maharashtra,496,Solapur,-,-,-,-,-,-,-,-,-,18.07402000,75.12002000,07-12-2023 15:00,0,0,0,0,0,0,0,0,0,0,0,0,0,0,0,0,0,0,0,0,0,0,0,0,0,0,0,0,0,0,0,0,0,0,0,0,0,0,0,0,0,0,0,0,"","","","","",""
652,Ujjani Dam Rain Gauge,Maharashtra SW,27,Maharashtra,496,Solapur,-,-,-,-,-,-,-,-,-,18.07402000,75.12002000,07-12-2023 16:00,0,0,0,0,0,0,0,0,0,0,0,0,0,0,0,0,0,0,0,0,0,0,0,0,0,0,0,0,0,0,0,0,0,0,0,0,0,0,0,0,0,0,0,0,"","","","","",""
653,Ujjani Dam Rain Gauge,Maharashtra SW,27,Maharashtra,496,Solapur,-,-,-,-,-,-,-,-,-,18.07402000,75.12002000,07-12-2023 18:00,0,0,0,0,0,0,0,0,0,0,0,0,0,0,0,0,0,0,0,0,0,0,0,0,0,0,0,0,0,0,0,0,0,0,0,0,0,0,0,0,0,0,0,0,"","","","","",""
654,Ujjani Dam Rain Gauge,Maharashtra SW,27,Maharashtra,496,Solapur,-,-,-,-,-,-,-,-,-,18.07402000,75.12002000,07-12-2023 19:00,0,0,0,0,0,0,0,0,0,0,0,0,0,0,0,0,0,0,0,0,0,0,0,0,0,0,0,0,0,0,0,0,0,0,0,0,0,0,0,0,0,0,0,0,"","","","","",""
655,Ujjani Dam Rain Gauge,Maharashtra SW,27,Maharashtra,496,Solapur,-,-,-,-,-,-,-,-,-,18.07402000,75.12002000,07-12-2023 20:00,0,0,0,0,0,0,0,0,0,0,0,0,0,0,0,0,0,0,0,0,0,0,0,0,0,0,0,0,0,0,0,0,0,0,0,0,0,0,0,0,0,0,0,0,"","","","","",""
656,Ujjani Dam Rain Gauge,Maharashtra SW,27,Maharashtra,496,Solapur,-,-,-,-,-,-,-,-,-,18.07402000,75.12002000,07-12-2023 21:00,0,0,0,0,0,0,0,0,0,0,0,0,0,0,0,0,0,0,0,0,0,0,0,0,0,0,0,0,0,0,0,0,0,0,0,0,0,0,0,0,0,0,0,0,"","","","","",""
657,Ujjani Dam Rain Gauge,Maharashtra SW,27,Maharashtra,496,Solapur,-,-,-,-,-,-,-,-,-,18.07402000,75.12002000,07-12-2023 22:00,0,0,0,0,0,0,0,0,0,0,0,0,0,0,0,0,0,0,0,0,0,0,0,0,0,0,0,0,0,0,0,0,0,0,0,0,0,0,0,0,0,0,0,0,"","","","","",""
658,Ujjani Dam Rain Gauge,Maharashtra SW,27,Maharashtra,496,Solapur,-,-,-,-,-,-,-,-,-,18.07402000,75.12002000,07-12-2023 23:00,0,0,0,0,0,0,0,0,0,0,0,0,0,0,0,0,0,0,0,0,0,0,0,0,0,0,0,0,0,0,0,0,0,0,0,0,0,0,0,0,0,0,0,0,"","","","","",""
659,Ujjani Dam Rain Gauge,Maharashtra SW,27,Maharashtra,496,Solapur,-,-,-,-,-,-,-,-,-,18.07402000,75.12002000,08-12-2023 00:00,0,0,0,0,0,0,0,0,0,0,0,0,0,0,0,0,0,0,0,0,0,0,0,0,0,0,0,0,0,0,0,0,0,0,0,0,0,0,0,0,0,0,0,0,"","","","","",""
660,Ujjani Dam Rain Gauge,Maharashtra SW,27,Maharashtra,496,Solapur,-,-,-,-,-,-,-,-,-,18.07402000,75.12002000,08-12-2023 02:00,0,0,0,0,0,0,0,0,0,0,0,0,0,0,0,0,0,0,0,0,0,0,0,0,0,0,0,0,0,0,0,0,0,0,0,0,0,0,0,0,0,0,0,0,"","","","","",""
661,Ujjani Dam Rain Gauge,Maharashtra SW,27,Maharashtra,496,Solapur,-,-,-,-,-,-,-,-,-,18.07402000,75.12002000,08-12-2023 03:00,0,0,0,0,0,0,0,0,0,0,0,0,0,0,0,0,0,0,0,0,0,0,0,0,0,0,0,0,0,0,0,0,0,0,0,0,0,0,0,0,0,0,0,0,"","","","","",""
662,Ujjani Dam Rain Gauge,Maharashtra SW,27,Maharashtra,496,Solapur,-,-,-,-,-,-,-,-,-,18.07402000,75.12002000,08-12-2023 04:00,0,0,0,0,0,0,0,0,0,0,0,0,0,0,0,0,0,0,0,0,0,0,0,0,0,0,0,0,0,0,0,0,0,0,0,0,0,0,0,0,0,0,0,0,"","","","","",""
663,Ujjani Dam Rain Gauge,Maharashtra SW,27,Maharashtra,496,Solapur,-,-,-,-,-,-,-,-,-,18.07402000,75.12002000,08-12-2023 05:00,0,0,0,0,0,0,0,0,0,0,0,0,0,0,0,0,0,0,0,0,0,0,0,0,0,0,0,0,0,0,0,0,0,0,0,0,0,0,0,0,0,0,0,0,"","","","","",""
664,Ujjani Dam Rain Gauge,Maharashtra SW,27,Maharashtra,496,Solapur,-,-,-,-,-,-,-,-,-,18.07402000,75.12002000,08-12-2023 06:00,0,0,0,0,0,0,0,0,0,0,0,0,0,0,0,0,0,0,0,0,0,0,0,0,0,0,0,0,0,0,0,0,0,0,0,0,0,0,0,0,0,0,0,0,"","","","","",""
665,Ujjani Dam Rain Gauge,Maharashtra SW,27,Maharashtra,496,Solapur,-,-,-,-,-,-,-,-,-,18.07402000,75.12002000,08-12-2023 07:00,0,0,0,0,0,0,0,0,0,0,0,0,0,0,0,0,0,0,0,0,0,0,0,0,0,0,0,0,0,0,0,0,0,0,0,0,0,0,0,0,0,0,0,0,"","","","","",""
666,Ujjani Dam Rain Gauge,Maharashtra SW,27,Maharashtra,496,Solapur,-,-,-,-,-,-,-,-,-,18.07402000,75.12002000,08-12-2023 08:00,0,0,0,0,0,0,0,0,0,0,0,0,0,0,0,0,0,0,0,0,0,0,0,0,0,0,0,0,0,0,0,0,0,0,0,0,0,0,0,0,0,0,0,0,"","","","","",""
667,Ujjani Dam Rain Gauge,Maharashtra SW,27,Maharashtra,496,Solapur,-,-,-,-,-,-,-,-,-,18.07402000,75.12002000,08-12-2023 10:00,0,0,0,0,0,0,0,0,0,0,0,0,0,0,0,0,0,0,0,0,0,0,0,0,0,0,0,0,0,0,0,0,0,0,0,0,0,0,0,0,0,0,0,0,"","","","","",""
668,Ujjani Dam Rain Gauge,Maharashtra SW,27,Maharashtra,496,Solapur,-,-,-,-,-,-,-,-,-,18.07402000,75.12002000,08-12-2023 11:00,0,0,0,0,0,0,0,0,0,0,0,0,0,0,0,0,0,0,0,0,0,0,0,0,0,0,0,0,0,0,0,0,0,0,0,0,0,0,0,0,0,0,0,0,"","","","","",""
669,Ujjani Dam Rain Gauge,Maharashtra SW,27,Maharashtra,496,Solapur,-,-,-,-,-,-,-,-,-,18.07402000,75.12002000,08-12-2023 12:00,0,0,0,0,0,0,0,0,0,0,0,0,0,0,0,0,0,0,0,0,0,0,0,0,0,0,0,0,0,0,0,0,0,0,0,0,0,0,0,0,0,0,0,0,"","","","","",""
670,Ujjani Dam Rain Gauge,Maharashtra SW,27,Maharashtra,496,Solapur,-,-,-,-,-,-,-,-,-,18.07402000,75.12002000,08-12-2023 13:00,0,0,0,0,0,0,0,0,0,0,0,0,0,0,0,0,0,0,0,0,0,0,0,0,0,0,0,0,0,0,0,0,0,0,0,0,0,0,0,0,0,0,0,0,"","","","","",""
671,Ujjani Dam Rain Gauge,Maharashtra SW,27,Maharashtra,496,Solapur,-,-,-,-,-,-,-,-,-,18.07402000,75.12002000,08-12-2023 14:00,0,0,0,0,0,0,0,0,0,0,0,0,0,0,0,0,0,0,0,0,0,0,0,0,0,0,0,0,0,0,0,0,0,0,0,0,0,0,0,0,0,0,0,0,"","","","","",""
672,Ujjani Dam Rain Gauge,Maharashtra SW,27,Maharashtra,496,Solapur,-,-,-,-,-,-,-,-,-,18.07402000,75.12002000,08-12-2023 15:00,0,0,0,0,0,0,0,0,0,0,0,0,0,0,0,0,0,0,0,0,0,0,0,0,0,0,0,0,0,0,0,0,0,0,0,0,0,0,0,0,0,0,0,0,"","","","","",""
673,Ujjani Dam Rain Gauge,Maharashtra SW,27,Maharashtra,496,Solapur,-,-,-,-,-,-,-,-,-,18.07402000,75.12002000,08-12-2023 17:00,0,0,0,0,0,0,0,0,0,0,0,0,0,0,0,0,0,0,0,0,0,0,0,0,0,0,0,0,0,0,0,0,0,0,0,0,0,0,0,0,0,0,0,0,"","","","","",""
674,Ujjani Dam Rain Gauge,Maharashtra SW,27,Maharashtra,496,Solapur,-,-,-,-,-,-,-,-,-,18.07402000,75.12002000,08-12-2023 18:00,0,0,0,0,0,0,0,0,0,0,0,0,0,0,0,0,0,0,0,0,0,0,0,0,0,0,0,0,0,0,0,0,0,0,0,0,0,0,0,0,0,0,0,0,"","","","","",""
675,Ujjani Dam Rain Gauge,Maharashtra SW,27,Maharashtra,496,Solapur,-,-,-,-,-,-,-,-,-,18.07402000,75.12002000,08-12-2023 19:00,0,0,0,0,0,0,0,0,0,0,0,0,0,0,0,0,0,0,0,0,0,0,0,0,0,0,0,0,0,0,0,0,0,0,0,0,0,0,0,0,0,0,0,0,"","","","","",""
676,Ujjani Dam Rain Gauge,Maharashtra SW,27,Maharashtra,496,Solapur,-,-,-,-,-,-,-,-,-,18.07402000,75.12002000,08-12-2023 20:00,0,0,0,0,0,0,0,0,0,0,0,0,0,0,0,0,0,0,0,0,0,0,0,0,0,0,0,0,0,0,0,0,0,0,0,0,0,0,0,0,0,0,0,0,"","","","","",""
677,Ujjani Dam Rain Gauge,Maharashtra SW,27,Maharashtra,496,Solapur,-,-,-,-,-,-,-,-,-,18.07402000,75.12002000,08-12-2023 21:00,0,0,0,0,0,0,0,0,0,0,0,0,0,0,0,0,0,0,0,0,0,0,0,0,0,0,0,0,0,0,0,0,0,0,0,0,0,0,0,0,0,0,0,0,"","","","","",""
678,Ujjani Dam Rain Gauge,Maharashtra SW,27,Maharashtra,496,Solapur,-,-,-,-,-,-,-,-,-,18.07402000,75.12002000,08-12-2023 22:00,0,0,0,0,0,0,0,0,0,0,0,0,0,0,0,0,0,0,0,0,0,0,0,0,0,0,0,0,0,0,0,0,0,0,0,0,0,0,0,0,0,0,0,0,"","","","","",""
679,Ujjani Dam Rain Gauge,Maharashtra SW,27,Maharashtra,496,Solapur,-,-,-,-,-,-,-,-,-,18.07402000,75.12002000,08-12-2023 23:00,0,0,0,0,0,0,0,0,0,0,0,0,0,0,0,0,0,0,0,0,0,0,0,0,0,0,0,0,0,0,0,0,0,0,0,0,0,0,0,0,0,0,0,0,"","","","","",""
680,Ujjani Dam Rain Gauge,Maharashtra SW,27,Maharashtra,496,Solapur,-,-,-,-,-,-,-,-,-,18.07402000,75.12002000,09-12-2023 01:00,0,0,0,0,0,0,0,0,0,0,0,0,0,0,0,0,0,0,0,0,0,0,0,0,0,0,0,0,0,0,0,0,0,0,0,0,0,0,0,0,0,0,0,0,"","","","","",""
681,Ujjani Dam Rain Gauge,Maharashtra SW,27,Maharashtra,496,Solapur,-,-,-,-,-,-,-,-,-,18.07402000,75.12002000,09-12-2023 02:00,0,0,0,0,0,0,0,0,0,0,0,0,0,0,0,0,0,0,0,0,0,0,0,0,0,0,0,0,0,0,0,0,0,0,0,0,0,0,0,0,0,0,0,0,"","","","","",""
682,Ujjani Dam Rain Gauge,Maharashtra SW,27,Maharashtra,496,Solapur,-,-,-,-,-,-,-,-,-,18.07402000,75.12002000,09-12-2023 03:00,0,0,0,0,0,0,0,0,0,0,0,0,0,0,0,0,0,0,0,0,0,0,0,0,0,0,0,0,0,0,0,0,0,0,0,0,0,0,0,0,0,0,0,0,"","","","","",""
683,Ujjani Dam Rain Gauge,Maharashtra SW,27,Maharashtra,496,Solapur,-,-,-,-,-,-,-,-,-,18.07402000,75.12002000,09-12-2023 04:00,0,0,0,0,0,0,0,0,0,0,0,0,0,0,0,0,0,0,0,0,0,0,0,0,0,0,0,0,0,0,0,0,0,0,0,0,0,0,0,0,0,0,0,0,"","","","","",""
684,Ujjani Dam Rain Gauge,Maharashtra SW,27,Maharashtra,496,Solapur,-,-,-,-,-,-,-,-,-,18.07402000,75.12002000,09-12-2023 05:00,0,0,0,0,0,0,0,0,0,0,0,0,0,0,0,0,0,0,0,0,0,0,0,0,0,0,0,0,0,0,0,0,0,0,0,0,0,0,0,0,0,0,0,0,"","","","","",""
685,Ujjani Dam Rain Gauge,Maharashtra SW,27,Maharashtra,496,Solapur,-,-,-,-,-,-,-,-,-,18.07402000,75.12002000,09-12-2023 06:00,0,0,0,0,0,0,0,0,0,0,0,0,0,0,0,0,0,0,0,0,0,0,0,0,0,0,0,0,0,0,0,0,0,0,0,0,0,0,0,0,0,0,0,0,"","","","","",""
686,Ujjani Dam Rain Gauge,Maharashtra SW,27,Maharashtra,496,Solapur,-,-,-,-,-,-,-,-,-,18.07402000,75.12002000,09-12-2023 07:00,0,0,0,0,0,0,0,0,0,0,0,0,0,0,0,0,0,0,0,0,0,0,0,0,0,0,0,0,0,0,0,0,0,0,0,0,0,0,0,0,0,0,0,0,"","","","","",""
687,Ujjani Dam Rain Gauge,Maharashtra SW,27,Maharashtra,496,Solapur,-,-,-,-,-,-,-,-,-,18.07402000,75.12002000,09-12-2023 09:00,0,0,0,0,0,0,0,0,0,0,0,0,0,0,0,0,0,0,0,0,0,0,0,0,0,0,0,0,0,0,0,0,0,0,0,0,0,0,0,0,0,0,0,0,"","","","","",""
688,Ujjani Dam Rain Gauge,Maharashtra SW,27,Maharashtra,496,Solapur,-,-,-,-,-,-,-,-,-,18.07402000,75.12002000,09-12-2023 10:00,0,0,0,0,0,0,0,0,0,0,0,0,0,0,0,0,0,0,0,0,0,0,0,0,0,0,0,0,0,0,0,0,0,0,0,0,0,0,0,0,0,0,0,0,"","","","","",""
689,Ujjani Dam Rain Gauge,Maharashtra SW,27,Maharashtra,496,Solapur,-,-,-,-,-,-,-,-,-,18.07402000,75.12002000,09-12-2023 11:00,0,0,0,0,0,0,0,0,0,0,0,0,0,0,0,0,0,0,0,0,0,0,0,0,0,0,0,0,0,0,0,0,0,0,0,0,0,0,0,0,0,0,0,0,"","","","","",""
690,Ujjani Dam Rain Gauge,Maharashtra SW,27,Maharashtra,496,Solapur,-,-,-,-,-,-,-,-,-,18.07402000,75.12002000,09-12-2023 12:00,0,0,0,0,0,0,0,0,0,0,0,0,0,0,0,0,0,0,0,0,0,0,0,0,0,0,0,0,0,0,0,0,0,0,0,0,0,0,0,0,0,0,0,0,"","","","","",""
691,Ujjani Dam Rain Gauge,Maharashtra SW,27,Maharashtra,496,Solapur,-,-,-,-,-,-,-,-,-,18.07402000,75.12002000,09-12-2023 14:00,0,0,0,0,0,0,0,0,0,0,0,0,0,0,0,0,0,0,0,0,0,0,0,0,0,0,0,0,0,0,0,0,0,0,0,0,0,0,0,0,0,0,0,0,"","","","","",""
692,Ujjani Dam Rain Gauge,Maharashtra SW,27,Maharashtra,496,Solapur,-,-,-,-,-,-,-,-,-,18.07402000,75.12002000,09-12-2023 15:00,0,0,0,0,0,0,0,0,0,0,0,0,0,0,0,0,0,0,0,0,0,0,0,0,0,0,0,0,0,0,0,0,0,0,0,0,0,0,0,0,0,0,0,0,"","","","","",""
693,Ujjani Dam Rain Gauge,Maharashtra SW,27,Maharashtra,496,Solapur,-,-,-,-,-,-,-,-,-,18.07402000,75.12002000,09-12-2023 17:00,0,0,0,0,0,0,0,0,0,0,0,0,0,0,0,0,0,0,0,0,0,0,0,0,0,0,0,0,0,0,0,0,0,0,0,0,0,0,0,0,0,0,0,0,"","","","","",""
694,Ujjani Dam Rain Gauge,Maharashtra SW,27,Maharashtra,496,Solapur,-,-,-,-,-,-,-,-,-,18.07402000,75.12002000,09-12-2023 18:00,0,0,0,0,0,0,0,0,0,0,0,0,0,0,0,0,0,0,0,0,0,0,0,0,0,0,0,0,0,0,0,0,0,0,0,0,0,0,0,0,0,0,0,0,"","","","","",""
695,Ujjani Dam Rain Gauge,Maharashtra SW,27,Maharashtra,496,Solapur,-,-,-,-,-,-,-,-,-,18.07402000,75.12002000,09-12-2023 19:00,0,0,0,0,0,0,0,0,0,0,0,0,0,0,0,0,0,0,0,0,0,0,0,0,0,0,0,0,0,0,0,0,0,0,0,0,0,0,0,0,0,0,0,0,"","","","","",""
696,Ujjani Dam Rain Gauge,Maharashtra SW,27,Maharashtra,496,Solapur,-,-,-,-,-,-,-,-,-,18.07402000,75.12002000,09-12-2023 20:00,0,0,0,0,0,0,0,0,0,0,0,0,0,0,0,0,0,0,0,0,0,0,0,0,0,0,0,0,0,0,0,0,0,0,0,0,0,0,0,0,0,0,0,0,"","","","","",""
697,Ujjani Dam Rain Gauge,Maharashtra SW,27,Maharashtra,496,Solapur,-,-,-,-,-,-,-,-,-,18.07402000,75.12002000,09-12-2023 21:00,0,0,0,0,0,0,0,0,0,0,0,0,0,0,0,0,0,0,0,0,0,0,0,0,0,0,0,0,0,0,0,0,0,0,0,0,0,0,0,0,0,0,0,0,"","","","","",""
698,Ujjani Dam Rain Gauge,Maharashtra SW,27,Maharashtra,496,Solapur,-,-,-,-,-,-,-,-,-,18.07402000,75.12002000,09-12-2023 22:00,0,0,0,0,0,0,0,0,0,0,0,0,0,0,0,0,0,0,0,0,0,0,0,0,0,0,0,0,0,0,0,0,0,0,0,0,0,0,0,0,0,0,0,0,"","","","","",""
699,Ujjani Dam Rain Gauge,Maharashtra SW,27,Maharashtra,496,Solapur,-,-,-,-,-,-,-,-,-,18.07402000,75.12002000,09-12-2023 23:00,0,0,0,0,0,0,0,0,0,0,0,0,0,0,0,0,0,0,0,0,0,0,0,0,0,0,0,0,0,0,0,0,0,0,0,0,0,0,0,0,0,0,0,0,"","","","","",""
700,Ujjani Dam Rain Gauge,Maharashtra SW,27,Maharashtra,496,Solapur,-,-,-,-,-,-,-,-,-,18.07402000,75.12002000,10-12-2023 01:00,0,0,0,0,0,0,0,0,0,0,0,0,0,0,0,0,0,0,0,0,0,0,0,0,0,0,0,0,0,0,0,0,0,0,0,0,0,0,0,0,0,0,0,0,"","","","","",""
701,Ujjani Dam Rain Gauge,Maharashtra SW,27,Maharashtra,496,Solapur,-,-,-,-,-,-,-,-,-,18.07402000,75.12002000,10-12-2023 02:00,0,0,0,0,0,0,0,0,0,0,0,0,0,0,0,0,0,0,0,0,0,0,0,0,0,0,0,0,0,0,0,0,0,0,0,0,0,0,0,0,0,0,0,0,"","","","","",""
702,Ujjani Dam Rain Gauge,Maharashtra SW,27,Maharashtra,496,Solapur,-,-,-,-,-,-,-,-,-,18.07402000,75.12002000,10-12-2023 03:00,0,0,0,0,0,0,0,0,0,0,0,0,0,0,0,0,0,0,0,0,0,0,0,0,0,0,0,0,0,0,0,0,0,0,0,0,0,0,0,0,0,0,0,0,"","","","","",""
703,Ujjani Dam Rain Gauge,Maharashtra SW,27,Maharashtra,496,Solapur,-,-,-,-,-,-,-,-,-,18.07402000,75.12002000,10-12-2023 04:00,0,0,0,0,0,0,0,0,0,0,0,0,0,0,0,0,0,0,0,0,0,0,0,0,0,0,0,0,0,0,0,0,0,0,0,0,0,0,0,0,0,0,0,0,"","","","","",""
704,Ujjani Dam Rain Gauge,Maharashtra SW,27,Maharashtra,496,Solapur,-,-,-,-,-,-,-,-,-,18.07402000,75.12002000,10-12-2023 05:00,0,0,0,0,0,0,0,0,0,0,0,0,0,0,0,0,0,0,0,0,0,0,0,0,0,0,0,0,0,0,0,0,0,0,0,0,0,0,0,0,0,0,0,0,"","","","","",""
705,Ujjani Dam Rain Gauge,Maharashtra SW,27,Maharashtra,496,Solapur,-,-,-,-,-,-,-,-,-,18.07402000,75.12002000,10-12-2023 06:00,0,0,0,0,0,0,0,0,0,0,0,0,0,0,0,0,0,0,0,0,0,0,0,0,0,0,0,0,0,0,0,0,0,0,0,0,0,0,0,0,0,0,0,0,"","","","","",""
706,Ujjani Dam Rain Gauge,Maharashtra SW,27,Maharashtra,496,Solapur,-,-,-,-,-,-,-,-,-,18.07402000,75.12002000,10-12-2023 07:00,0,0,0,0,0,0,0,0,0,0,0,0,0,0,0,0,0,0,0,0,0,0,0,0,0,0,0,0,0,0,0,0,0,0,0,0,0,0,0,0,0,0,0,0,"","","","","",""
707,Ujjani Dam Rain Gauge,Maharashtra SW,27,Maharashtra,496,Solapur,-,-,-,-,-,-,-,-,-,18.07402000,75.12002000,10-12-2023 09:00,0,0,0,0,0,0,0,0,0,0,0,0,0,0,0,0,0,0,0,0,0,0,0,0,0,0,0,0,0,0,0,0,0,0,0,0,0,0,0,0,0,0,0,0,"","","","","",""
708,Ujjani Dam Rain Gauge,Maharashtra SW,27,Maharashtra,496,Solapur,-,-,-,-,-,-,-,-,-,18.07402000,75.12002000,10-12-2023 10:00,0,0,0,0,0,0,0,0,0,0,0,0,0,0,0,0,0,0,0,0,0,0,0,0,0,0,0,0,0,0,0,0,0,0,0,0,0,0,0,0,0,0,0,0,"","","","","",""
709,Ujjani Dam Rain Gauge,Maharashtra SW,27,Maharashtra,496,Solapur,-,-,-,-,-,-,-,-,-,18.07402000,75.12002000,10-12-2023 11:00,0,0,0,0,0,0,0,0,0,0,0,0,0,0,0,0,0,0,0,0,0,0,0,0,0,0,0,0,0,0,0,0,0,0,0,0,0,0,0,0,0,0,0,0,"","","","","",""
710,Ujjani Dam Rain Gauge,Maharashtra SW,27,Maharashtra,496,Solapur,-,-,-,-,-,-,-,-,-,18.07402000,75.12002000,10-12-2023 12:00,0,0,0,0,0,0,0,0,0,0,0,0,0,0,0,0,0,0,0,0,0,0,0,0,0,0,0,0,0,0,0,0,0,0,0,0,0,0,0,0,0,0,0,0,"","","","","",""
711,Ujjani Dam Rain Gauge,Maharashtra SW,27,Maharashtra,496,Solapur,-,-,-,-,-,-,-,-,-,18.07402000,75.12002000,10-12-2023 13:00,0,0,0,0,0,0,0,0,0,0,0,0,0,0,0,0,0,0,0,0,0,0,0,0,0,0,0,0,0,0,0,0,0,0,0,0,0,0,0,0,0,0,0,0,"","","","","",""
712,Ujjani Dam Rain Gauge,Maharashtra SW,27,Maharashtra,496,Solapur,-,-,-,-,-,-,-,-,-,18.07402000,75.12002000,10-12-2023 14:00,0,0,0,0,0,0,0,0,0,0,0,0,0,0,0,0,0,0,0,0,0,0,0,0,0,0,0,0,0,0,0,0,0,0,0,0,0,0,0,0,0,0,0,0,"","","","","",""
713,Ujjani Dam Rain Gauge,Maharashtra SW,27,Maharashtra,496,Solapur,-,-,-,-,-,-,-,-,-,18.07402000,75.12002000,10-12-2023 15:00,0,0,0,0,0,0,0,0,0,0,0,0,0,0,0,0,0,0,0,0,0,0,0,0,0,0,0,0,0,0,0,0,0,0,0,0,0,0,0,0,0,0,0,0,"","","","","",""
714,Ujjani Dam Rain Gauge,Maharashtra SW,27,Maharashtra,496,Solapur,-,-,-,-,-,-,-,-,-,18.07402000,75.12002000,10-12-2023 17:00,0,0,0,0,0,0,0,0,0,0,0,0,0,0,0,0,0,0,0,0,0,0,0,0,0,0,0,0,0,0,0,0,0,0,0,0,0,0,0,0,0,0,0,0,"","","","","",""
715,Ujjani Dam Rain Gauge,Maharashtra SW,27,Maharashtra,496,Solapur,-,-,-,-,-,-,-,-,-,18.07402000,75.12002000,10-12-2023 18:00,0,0,0,0,0,0,0,0,0,0,0,0,0,0,0,0,0,0,0,0,0,0,0,0,0,0,0,0,0,0,0,0,0,0,0,0,0,0,0,0,0,0,0,0,"","","","","",""
716,Ujjani Dam Rain Gauge,Maharashtra SW,27,Maharashtra,496,Solapur,-,-,-,-,-,-,-,-,-,18.07402000,75.12002000,10-12-2023 19:00,0,0,0,0,0,0,0,0,0,0,0,0,0,0,0,0,0,0,0,0,0,0,0,0,0,0,0,0,0,0,0,0,0,0,0,0,0,0,0,0,0,0,0,0,"","","","","",""
717,Ujjani Dam Rain Gauge,Maharashtra SW,27,Maharashtra,496,Solapur,-,-,-,-,-,-,-,-,-,18.07402000,75.12002000,10-12-2023 20:00,0,0,0,0,0,0,0,0,0,0,0,0,0,0,0,0,0,0,0,0,0,0,0,0,0,0,0,0,0,0,0,0,0,0,0,0,0,0,0,0,0,0,0,0,"","","","","",""
718,Ujjani Dam Rain Gauge,Maharashtra SW,27,Maharashtra,496,Solapur,-,-,-,-,-,-,-,-,-,18.07402000,75.12002000,10-12-2023 21:00,0,0,0,0,0,0,0,0,0,0,0,0,0,0,0,0,0,0,0,0,0,0,0,0,0,0,0,0,0,0,0,0,0,0,0,0,0,0,0,0,0,0,0,0,"","","","","",""
719,Ujjani Dam Rain Gauge,Maharashtra SW,27,Maharashtra,496,Solapur,-,-,-,-,-,-,-,-,-,18.07402000,75.12002000,10-12-2023 22:00,0,0,0,0,0,0,0,0,0,0,0,0,0,0,0,0,0,0,0,0,0,0,0,0,0,0,0,0,0,0,0,0,0,0,0,0,0,0,0,0,0,0,0,0,"","","","","",""
720,Ujjani Dam Rain Gauge,Maharashtra SW,27,Maharashtra,496,Solapur,-,-,-,-,-,-,-,-,-,18.07402000,75.12002000,10-12-2023 23:00,0,0,0,0,0,0,0,0,0,0,0,0,0,0,0,0,0,0,0,0,0,0,0,0,0,0,0,0,0,0,0,0,0,0,0,0,0,0,0,0,0,0,0,0,"","","","","",""
721,Ujjani Dam Rain Gauge,Maharashtra SW,27,Maharashtra,496,Solapur,-,-,-,-,-,-,-,-,-,18.07402000,75.12002000,11-12-2023 01:00,0,0,0,0,0,0,0,0,0,0,0,0,0,0,0,0,0,0,0,0,0,0,0,0,0,0,0,0,0,0,0,0,0,0,0,0,0,0,0,0,0,0,0,0,"","","","","",""
722,Ujjani Dam Rain Gauge,Maharashtra SW,27,Maharashtra,496,Solapur,-,-,-,-,-,-,-,-,-,18.07402000,75.12002000,11-12-2023 02:00,0,0,0,0,0,0,0,0,0,0,0,0,0,0,0,0,0,0,0,0,0,0,0,0,0,0,0,0,0,0,0,0,0,0,0,0,0,0,0,0,0,0,0,0,"","","","","",""
723,Ujjani Dam Rain Gauge,Maharashtra SW,27,Maharashtra,496,Solapur,-,-,-,-,-,-,-,-,-,18.07402000,75.12002000,11-12-2023 03:00,0,0,0,0,0,0,0,0,0,0,0,0,0,0,0,0,0,0,0,0,0,0,0,0,0,0,0,0,0,0,0,0,0,0,0,0,0,0,0,0,0,0,0,0,"","","","","",""
724,Ujjani Dam Rain Gauge,Maharashtra SW,27,Maharashtra,496,Solapur,-,-,-,-,-,-,-,-,-,18.07402000,75.12002000,11-12-2023 04:00,0,0,0,0,0,0,0,0,0,0,0,0,0,0,0,0,0,0,0,0,0,0,0,0,0,0,0,0,0,0,0,0,0,0,0,0,0,0,0,0,0,0,0,0,"","","","","",""
725,Ujjani Dam Rain Gauge,Maharashtra SW,27,Maharashtra,496,Solapur,-,-,-,-,-,-,-,-,-,18.07402000,75.12002000,11-12-2023 05:00,0,0,0,0,0,0,0,0,0,0,0,0,0,0,0,0,0,0,0,0,0,0,0,0,0,0,0,0,0,0,0,0,0,0,0,0,0,0,0,0,0,0,0,0,"","","","","",""
726,Ujjani Dam Rain Gauge,Maharashtra SW,27,Maharashtra,496,Solapur,-,-,-,-,-,-,-,-,-,18.07402000,75.12002000,11-12-2023 06:00,0,0,0,0,0,0,0,0,0,0,0,0,0,0,0,0,0,0,0,0,0,0,0,0,0,0,0,0,0,0,0,0,0,0,0,0,0,0,0,0,0,0,0,0,"","","","","",""
727,Ujjani Dam Rain Gauge,Maharashtra SW,27,Maharashtra,496,Solapur,-,-,-,-,-,-,-,-,-,18.07402000,75.12002000,11-12-2023 07:00,0,0,0,0,0,0,0,0,0,0,0,0,0,0,0,0,0,0,0,0,0,0,0,0,0,0,0,0,0,0,0,0,0,0,0,0,0,0,0,0,0,0,0,0,"","","","","",""
728,Ujjani Dam Rain Gauge,Maharashtra SW,27,Maharashtra,496,Solapur,-,-,-,-,-,-,-,-,-,18.07402000,75.12002000,11-12-2023 09:00,0,0,0,0,0,0,0,0,0,0,0,0,0,0,0,0,0,0,0,0,0,0,0,0,0,0,0,0,0,0,0,0,0,0,0,0,0,0,0,0,0,0,0,0,"","","","","",""
729,Ujjani Dam Rain Gauge,Maharashtra SW,27,Maharashtra,496,Solapur,-,-,-,-,-,-,-,-,-,18.07402000,75.12002000,11-12-2023 10:00,0,0,0,0,0,0,0,0,0,0,0,0,0,0,0,0,0,0,0,0,0,0,0,0,0,0,0,0,0,0,0,0,0,0,0,0,0,0,0,0,0,0,0,0,"","","","","",""
730,Ujjani Dam Rain Gauge,Maharashtra SW,27,Maharashtra,496,Solapur,-,-,-,-,-,-,-,-,-,18.07402000,75.12002000,11-12-2023 11:00,0,0,0,0,0,0,0,0,0,0,0,0,0,0,0,0,0,0,0,0,0,0,0,0,0,0,0,0,0,0,0,0,0,0,0,0,0,0,0,0,0,0,0,0,"","","","","",""
731,Ujjani Dam Rain Gauge,Maharashtra SW,27,Maharashtra,496,Solapur,-,-,-,-,-,-,-,-,-,18.07402000,75.12002000,11-12-2023 12:00,0,0,0,0,0,0,0,0,0,0,0,0,0,0,0,0,0,0,0,0,0,0,0,0,0,0,0,0,0,0,0,0,0,0,0,0,0,0,0,0,0,0,0,0,"","","","","",""
732,Ujjani Dam Rain Gauge,Maharashtra SW,27,Maharashtra,496,Solapur,-,-,-,-,-,-,-,-,-,18.07402000,75.12002000,11-12-2023 13:00,0,0,0,0,0,0,0,0,0,0,0,0,0,0,0,0,0,0,0,0,0,0,0,0,0,0,0,0,0,0,0,0,0,0,0,0,0,0,0,0,0,0,0,0,"","","","","",""
733,Ujjani Dam Rain Gauge,Maharashtra SW,27,Maharashtra,496,Solapur,-,-,-,-,-,-,-,-,-,18.07402000,75.12002000,11-12-2023 14:00,0,0,0,0,0,0,0,0,0,0,0,0,0,0,0,0,0,0,0,0,0,0,0,0,0,0,0,0,0,0,0,0,0,0,0,0,0,0,0,0,0,0,0,0,"","","","","",""
734,Ujjani Dam Rain Gauge,Maharashtra SW,27,Maharashtra,496,Solapur,-,-,-,-,-,-,-,-,-,18.07402000,75.12002000,11-12-2023 16:00,0,0,0,0,0,0,0,0,0,0,0,0,0,0,0,0,0,0,0,0,0,0,0,0,0,0,0,0,0,0,0,0,0,0,0,0,0,0,0,0,0,0,0,0,"","","","","",""
735,Ujjani Dam Rain Gauge,Maharashtra SW,27,Maharashtra,496,Solapur,-,-,-,-,-,-,-,-,-,18.07402000,75.12002000,11-12-2023 17:00,0,0,0,0,0,0,0,0,0,0,0,0,0,0,0,0,0,0,0,0,0,0,0,0,0,0,0,0,0,0,0,0,0,0,0,0,0,0,0,0,0,0,0,0,"","","","","",""
736,Ujjani Dam Rain Gauge,Maharashtra SW,27,Maharashtra,496,Solapur,-,-,-,-,-,-,-,-,-,18.07402000,75.12002000,11-12-2023 18:00,0,0,0,0,0,0,0,0,0,0,0,0,0,0,0,0,0,0,0,0,0,0,0,0,0,0,0,0,0,0,0,0,0,0,0,0,0,0,0,0,0,0,0,0,"","","","","",""
737,Ujjani Dam Rain Gauge,Maharashtra SW,27,Maharashtra,496,Solapur,-,-,-,-,-,-,-,-,-,18.07402000,75.12002000,11-12-2023 19:00,0,0,0,0,0,0,0,0,0,0,0,0,0,0,0,0,0,0,0,0,0,0,0,0,0,0,0,0,0,0,0,0,0,0,0,0,0,0,0,0,0,0,0,0,"","","","","",""
738,Ujjani Dam Rain Gauge,Maharashtra SW,27,Maharashtra,496,Solapur,-,-,-,-,-,-,-,-,-,18.07402000,75.12002000,11-12-2023 20:00,0,0,0,0,0,0,0,0,0,0,0,0,0,0,0,0,0,0,0,0,0,0,0,0,0,0,0,0,0,0,0,0,0,0,0,0,0,0,0,0,0,0,0,0,"","","","","",""
739,Ujjani Dam Rain Gauge,Maharashtra SW,27,Maharashtra,496,Solapur,-,-,-,-,-,-,-,-,-,18.07402000,75.12002000,11-12-2023 21:00,0,0,0,0,0,0,0,0,0,0,0,0,0,0,0,0,0,0,0,0,0,0,0,0,0,0,0,0,0,0,0,0,0,0,0,0,0,0,0,0,0,0,0,0,"","","","","",""
740,Ujjani Dam Rain Gauge,Maharashtra SW,27,Maharashtra,496,Solapur,-,-,-,-,-,-,-,-,-,18.07402000,75.12002000,11-12-2023 22:00,0,0,0,0,0,0,0,0,0,0,0,0,0,0,0,0,0,0,0,0,0,0,0,0,0,0,0,0,0,0,0,0,0,0,0,0,0,0,0,0,0,0,0,0,"","","","","",""
741,Ujjani Dam Rain Gauge,Maharashtra SW,27,Maharashtra,496,Solapur,-,-,-,-,-,-,-,-,-,18.07402000,75.12002000,12-12-2023 00:00,0,0,0,0,0,0,0,0,0,0,0,0,0,0,0,0,0,0,0,0,0,0,0,0,0,0,0,0,0,0,0,0,0,0,0,0,0,0,0,0,0,0,0,0,"","","","","",""
742,Ujjani Dam Rain Gauge,Maharashtra SW,27,Maharashtra,496,Solapur,-,-,-,-,-,-,-,-,-,18.07402000,75.12002000,12-12-2023 01:00,0,0,0,0,0,0,0,0,0,0,0,0,0,0,0,0,0,0,0,0,0,0,0,0,0,0,0,0,0,0,0,0,0,0,0,0,0,0,0,0,0,0,0,0,"","","","","",""
743,Ujjani Dam Rain Gauge,Maharashtra SW,27,Maharashtra,496,Solapur,-,-,-,-,-,-,-,-,-,18.07402000,75.12002000,12-12-2023 02:00,0,0,0,0,0,0,0,0,0,0,0,0,0,0,0,0,0,0,0,0,0,0,0,0,0,0,0,0,0,0,0,0,0,0,0,0,0,0,0,0,0,0,0,0,"","","","","",""
744,Ujjani Dam Rain Gauge,Maharashtra SW,27,Maharashtra,496,Solapur,-,-,-,-,-,-,-,-,-,18.07402000,75.12002000,12-12-2023 03:00,0,0,0,0,0,0,0,0,0,0,0,0,0,0,0,0,0,0,0,0,0,0,0,0,0,0,0,0,0,0,0,0,0,0,0,0,0,0,0,0,0,0,0,0,"","","","","",""
745,Ujjani Dam Rain Gauge,Maharashtra SW,27,Maharashtra,496,Solapur,-,-,-,-,-,-,-,-,-,18.07402000,75.12002000,12-12-2023 04:00,0,0,0,0,0,0,0,0,0,0,0,0,0,0,0,0,0,0,0,0,0,0,0,0,0,0,0,0,0,0,0,0,0,0,0,0,0,0,0,0,0,0,0,0,"","","","","",""
746,Ujjani Dam Rain Gauge,Maharashtra SW,27,Maharashtra,496,Solapur,-,-,-,-,-,-,-,-,-,18.07402000,75.12002000,12-12-2023 05:00,0,0,0,0,0,0,0,0,0,0,0,0,0,0,0,0,0,0,0,0,0,0,0,0,0,0,0,0,0,0,0,0,0,0,0,0,0,0,0,0,0,0,0,0,"","","","","",""
747,Ujjani Dam Rain Gauge,Maharashtra SW,27,Maharashtra,496,Solapur,-,-,-,-,-,-,-,-,-,18.07402000,75.12002000,12-12-2023 06:00,0,0,0,0,0,0,0,0,0,0,0,0,0,0,0,0,0,0,0,0,0,0,0,0,0,0,0,0,0,0,0,0,0,0,0,0,0,0,0,0,0,0,0,0,"","","","","",""
748,Ujjani Dam Rain Gauge,Maharashtra SW,27,Maharashtra,496,Solapur,-,-,-,-,-,-,-,-,-,18.07402000,75.12002000,12-12-2023 08:00,0,0,0,0,0,0,0,0,0,0,0,0,0,0,0,0,0,0,0,0,0,0,0,0,0,0,0,0,0,0,0,0,0,0,0,0,0,0,0,0,0,0,0,0,"","","","","",""
749,Ujjani Dam Rain Gauge,Maharashtra SW,27,Maharashtra,496,Solapur,-,-,-,-,-,-,-,-,-,18.07402000,75.12002000,12-12-2023 09:00,0,0,0,0,0,0,0,0,0,0,0,0,0,0,0,0,0,0,0,0,0,0,0,0,0,0,0,0,0,0,0,0,0,0,0,0,0,0,0,0,0,0,0,0,"","","","","",""
750,Ujjani Dam Rain Gauge,Maharashtra SW,27,Maharashtra,496,Solapur,-,-,-,-,-,-,-,-,-,18.07402000,75.12002000,12-12-2023 10:00,0,0,0,0,0,0,0,0,0,0,0,0,0,0,0,0,0,0,0,0,0,0,0,0,0,0,0,0,0,0,0,0,0,0,0,0,0,0,0,0,0,0,0,0,"","","","","",""
751,Ujjani Dam Rain Gauge,Maharashtra SW,27,Maharashtra,496,Solapur,-,-,-,-,-,-,-,-,-,18.07402000,75.12002000,12-12-2023 11:00,0,0,0,0,0,0,0,0,0,0,0,0,0,0,0,0,0,0,0,0,0,0,0,0,0,0,0,0,0,0,0,0,0,0,0,0,0,0,0,0,0,0,0,0,"","","","","",""
752,Ujjani Dam Rain Gauge,Maharashtra SW,27,Maharashtra,496,Solapur,-,-,-,-,-,-,-,-,-,18.07402000,75.12002000,12-12-2023 12:00,0,0,0,0,0,0,0,0,0,0,0,0,0,0,0,0,0,0,0,0,0,0,0,0,0,0,0,0,0,0,0,0,0,0,0,0,0,0,0,0,0,0,0,0,"","","","","",""
753,Ujjani Dam Rain Gauge,Maharashtra SW,27,Maharashtra,496,Solapur,-,-,-,-,-,-,-,-,-,18.07402000,75.12002000,12-12-2023 13:00,0,0,0,0,0,0,0,0,0,0,0,0,0,0,0,0,0,0,0,0,0,0,0,0,0,0,0,0,0,0,0,0,0,0,0,0,0,0,0,0,0,0,0,0,"","","","","",""
754,Ujjani Dam Rain Gauge,Maharashtra SW,27,Maharashtra,496,Solapur,-,-,-,-,-,-,-,-,-,18.07402000,75.12002000,12-12-2023 14:00,0,0,0,0,0,0,0,0,0,0,0,0,0,0,0,0,0,0,0,0,0,0,0,0,0,0,0,0,0,0,0,0,0,0,0,0,0,0,0,0,0,0,0,0,"","","","","",""
755,Ujjani Dam Rain Gauge,Maharashtra SW,27,Maharashtra,496,Solapur,-,-,-,-,-,-,-,-,-,18.07402000,75.12002000,12-12-2023 16:00,0,0,0,0,0,0,0,0,0,0,0,0,0,0,0,0,0,0,0,0,0,0,0,0,0,0,0,0,0,0,0,0,0,0,0,0,0,0,0,0,0,0,0,0,"","","","","",""
756,Ujjani Dam Rain Gauge,Maharashtra SW,27,Maharashtra,496,Solapur,-,-,-,-,-,-,-,-,-,18.07402000,75.12002000,12-12-2023 17:00,0,0,0,0,0,0,0,0,0,0,0,0,0,0,0,0,0,0,0,0,0,0,0,0,0,0,0,0,0,0,0,0,0,0,0,0,0,0,0,0,0,0,0,0,"","","","","",""
757,Ujjani Dam Rain Gauge,Maharashtra SW,27,Maharashtra,496,Solapur,-,-,-,-,-,-,-,-,-,18.07402000,75.12002000,12-12-2023 18:00,0,0,0,0,0,0,0,0,0,0,0,0,0,0,0,0,0,0,0,0,0,0,0,0,0,0,0,0,0,0,0,0,0,0,0,0,0,0,0,0,0,0,0,0,"","","","","",""
758,Ujjani Dam Rain Gauge,Maharashtra SW,27,Maharashtra,496,Solapur,-,-,-,-,-,-,-,-,-,18.07402000,75.12002000,12-12-2023 19:00,0,0,0,0,0,0,0,0,0,0,0,0,0,0,0,0,0,0,0,0,0,0,0,0,0,0,0,0,0,0,0,0,0,0,0,0,0,0,0,0,0,0,0,0,"","","","","",""
759,Ujjani Dam Rain Gauge,Maharashtra SW,27,Maharashtra,496,Solapur,-,-,-,-,-,-,-,-,-,18.07402000,75.12002000,12-12-2023 20:00,0,0,0,0,0,0,0,0,0,0,0,0,0,0,0,0,0,0,0,0,0,0,0,0,0,0,0,0,0,0,0,0,0,0,0,0,0,0,0,0,0,0,0,0,"","","","","",""
760,Ujjani Dam Rain Gauge,Maharashtra SW,27,Maharashtra,496,Solapur,-,-,-,-,-,-,-,-,-,18.07402000,75.12002000,12-12-2023 21:00,0,0,0,0,0,0,0,0,0,0,0,0,0,0,0,0,0,0,0,0,0,0,0,0,0,0,0,0,0,0,0,0,0,0,0,0,0,0,0,0,0,0,0,0,"","","","","",""
761,Ujjani Dam Rain Gauge,Maharashtra SW,27,Maharashtra,496,Solapur,-,-,-,-,-,-,-,-,-,18.07402000,75.12002000,12-12-2023 22:00,0,0,0,0,0,0,0,0,0,0,0,0,0,0,0,0,0,0,0,0,0,0,0,0,0,0,0,0,0,0,0,0,0,0,0,0,0,0,0,0,0,0,0,0,"","","","","",""
762,Ujjani Dam Rain Gauge,Maharashtra SW,27,Maharashtra,496,Solapur,-,-,-,-,-,-,-,-,-,18.07402000,75.12002000,13-12-2023 00:00,0,0,0,0,0,0,0,0,0,0,0,0,0,0,0,0,0,0,0,0,0,0,0,0,0,0,0,0,0,0,0,0,0,0,0,0,0,0,0,0,0,0,0,0,"","","","","",""
763,Ujjani Dam Rain Gauge,Maharashtra SW,27,Maharashtra,496,Solapur,-,-,-,-,-,-,-,-,-,18.07402000,75.12002000,13-12-2023 01:00,0,0,0,0,0,0,0,0,0,0,0,0,0,0,0,0,0,0,0,0,0,0,0,0,0,0,0,0,0,0,0,0,0,0,0,0,0,0,0,0,0,0,0,0,"","","","","",""
764,Ujjani Dam Rain Gauge,Maharashtra SW,27,Maharashtra,496,Solapur,-,-,-,-,-,-,-,-,-,18.07402000,75.12002000,13-12-2023 02:00,0,0,0,0,0,0,0,0,0,0,0,0,0,0,0,0,0,0,0,0,0,0,0,0,0,0,0,0,0,0,0,0,0,0,0,0,0,0,0,0,0,0,0,0,"","","","","",""
765,Ujjani Dam Rain Gauge,Maharashtra SW,27,Maharashtra,496,Solapur,-,-,-,-,-,-,-,-,-,18.07402000,75.12002000,13-12-2023 03:00,0,0,0,0,0,0,0,0,0,0,0,0,0,0,0,0,0,0,0,0,0,0,0,0,0,0,0,0,0,0,0,0,0,0,0,0,0,0,0,0,0,0,0,0,"","","","","",""
766,Ujjani Dam Rain Gauge,Maharashtra SW,27,Maharashtra,496,Solapur,-,-,-,-,-,-,-,-,-,18.07402000,75.12002000,13-12-2023 04:00,0,0,0,0,0,0,0,0,0,0,0,0,0,0,0,0,0,0,0,0,0,0,0,0,0,0,0,0,0,0,0,0,0,0,0,0,0,0,0,0,0,0,0,0,"","","","","",""
767,Ujjani Dam Rain Gauge,Maharashtra SW,27,Maharashtra,496,Solapur,-,-,-,-,-,-,-,-,-,18.07402000,75.12002000,13-12-2023 05:00,0,0,0,0,0,0,0,0,0,0,0,0,0,0,0,0,0,0,0,0,0,0,0,0,0,0,0,0,0,0,0,0,0,0,0,0,0,0,0,0,0,0,0,0,"","","","","",""
768,Ujjani Dam Rain Gauge,Maharashtra SW,27,Maharashtra,496,Solapur,-,-,-,-,-,-,-,-,-,18.07402000,75.12002000,13-12-2023 06:00,0,0,0,0,0,0,0,0,0,0,0,0,0,0,0,0,0,0,0,0,0,0,0,0,0,0,0,0,0,0,0,0,0,0,0,0,0,0,0,0,0,0,0,0,"","","","","",""
769,Ujjani Dam Rain Gauge,Maharashtra SW,27,Maharashtra,496,Solapur,-,-,-,-,-,-,-,-,-,18.07402000,75.12002000,13-12-2023 08:00,0,0,0,0,0,0,0,0,0,0,0,0,0,0,0,0,0,0,0,0,0,0,0,0,0,0,0,0,0,0,0,0,0,0,0,0,0,0,0,0,0,0,0,0,"","","","","",""
770,Ujjani Dam Rain Gauge,Maharashtra SW,27,Maharashtra,496,Solapur,-,-,-,-,-,-,-,-,-,18.07402000,75.12002000,13-12-2023 09:00,0,0,0,0,0,0,0,0,0,0,0,0,0,0,0,0,0,0,0,0,0,0,0,0,0,0,0,0,0,0,0,0,0,0,0,0,0,0,0,0,0,0,0,0,"","","","","",""
771,Ujjani Dam Rain Gauge,Maharashtra SW,27,Maharashtra,496,Solapur,-,-,-,-,-,-,-,-,-,18.07402000,75.12002000,13-12-2023 12:00,0,0,0,0,0,0,0,0,0,0,0,0,0,0,0,0,0,0,0,0,0,0,0,0,0,0,0,0,0,0,0,0,0,0,0,0,0,0,0,0,0,0,0,0,"","","","","",""
772,Ujjani Dam Rain Gauge,Maharashtra SW,27,Maharashtra,496,Solapur,-,-,-,-,-,-,-,-,-,18.07402000,75.12002000,13-12-2023 13:00,0,0,0,0,0,0,0,0,0,0,0,0,0,0,0,0,0,0,0,0,0,0,0,0,0,0,0,0,0,0,0,0,0,0,0,0,0,0,0,0,0,0,0,0,"","","","","",""
773,Ujjani Dam Rain Gauge,Maharashtra SW,27,Maharashtra,496,Solapur,-,-,-,-,-,-,-,-,-,18.07402000,75.12002000,13-12-2023 14:00,0,0,0,0,0,0,0,0,0,0,0,0,0,0,0,0,0,0,0,0,0,0,0,0,0,0,0,0,0,0,0,0,0,0,0,0,0,0,0,0,0,0,0,0,"","","","","",""
774,Ujjani Dam Rain Gauge,Maharashtra SW,27,Maharashtra,496,Solapur,-,-,-,-,-,-,-,-,-,18.07402000,75.12002000,13-12-2023 16:00,0,0,0,0,0,0,0,0,0,0,0,0,0,0,0,0,0,0,0,0,0,0,0,0,0,0,0,0,0,0,0,0,0,0,0,0,0,0,0,0,0,0,0,0,"","","","","",""
775,Ujjani Dam Rain Gauge,Maharashtra SW,27,Maharashtra,496,Solapur,-,-,-,-,-,-,-,-,-,18.07402000,75.12002000,13-12-2023 17:00,0,0,0,0,0,0,0,0,0,0,0,0,0,0,0,0,0,0,0,0,0,0,0,0,0,0,0,0,0,0,0,0,0,0,0,0,0,0,0,0,0,0,0,0,"","","","","",""
776,Ujjani Dam Rain Gauge,Maharashtra SW,27,Maharashtra,496,Solapur,-,-,-,-,-,-,-,-,-,18.07402000,75.12002000,13-12-2023 18:00,0,0,0,0,0,0,0,0,0,0,0,0,0,0,0,0,0,0,0,0,0,0,0,0,0,0,0,0,0,0,0,0,0,0,0,0,0,0,0,0,0,0,0,0,"","","","","",""
777,Ujjani Dam Rain Gauge,Maharashtra SW,27,Maharashtra,496,Solapur,-,-,-,-,-,-,-,-,-,18.07402000,75.12002000,13-12-2023 19:00,0,0,0,0,0,0,0,0,0,0,0,0,0,0,0,0,0,0,0,0,0,0,0,0,0,0,0,0,0,0,0,0,0,0,0,0,0,0,0,0,0,0,0,0,"","","","","",""
778,Ujjani Dam Rain Gauge,Maharashtra SW,27,Maharashtra,496,Solapur,-,-,-,-,-,-,-,-,-,18.07402000,75.12002000,13-12-2023 20:00,0,0,0,0,0,0,0,0,0,0,0,0,0,0,0,0,0,0,0,0,0,0,0,0,0,0,0,0,0,0,0,0,0,0,0,0,0,0,0,0,0,0,0,0,"","","","","",""
779,Ujjani Dam Rain Gauge,Maharashtra SW,27,Maharashtra,496,Solapur,-,-,-,-,-,-,-,-,-,18.07402000,75.12002000,13-12-2023 21:00,0,0,0,0,0,0,0,0,0,0,0,0,0,0,0,0,0,0,0,0,0,0,0,0,0,0,0,0,0,0,0,0,0,0,0,0,0,0,0,0,0,0,0,0,"","","","","",""
780,Ujjani Dam Rain Gauge,Maharashtra SW,27,Maharashtra,496,Solapur,-,-,-,-,-,-,-,-,-,18.07402000,75.12002000,13-12-2023 22:00,0,0,0,0,0,0,0,0,0,0,0,0,0,0,0,0,0,0,0,0,0,0,0,0,0,0,0,0,0,0,0,0,0,0,0,0,0,0,0,0,0,0,0,0,"","","","","",""
781,Ujjani Dam Rain Gauge,Maharashtra SW,27,Maharashtra,496,Solapur,-,-,-,-,-,-,-,-,-,18.07402000,75.12002000,14-12-2023 00:00,0,0,0,0,0,0,0,0,0,0,0,0,0,0,0,0,0,0,0,0,0,0,0,0,0,0,0,0,0,0,0,0,0,0,0,0,0,0,0,0,0,0,0,0,"","","","","",""
782,Ujjani Dam Rain Gauge,Maharashtra SW,27,Maharashtra,496,Solapur,-,-,-,-,-,-,-,-,-,18.07402000,75.12002000,14-12-2023 01:00,0,0,0,0,0,0,0,0,0,0,0,0,0,0,0,0,0,0,0,0,0,0,0,0,0,0,0,0,0,0,0,0,0,0,0,0,0,0,0,0,0,0,0,0,"","","","","",""
783,Ujjani Dam Rain Gauge,Maharashtra SW,27,Maharashtra,496,Solapur,-,-,-,-,-,-,-,-,-,18.07402000,75.12002000,14-12-2023 02:00,0,0,0,0,0,0,0,0,0,0,0,0,0,0,0,0,0,0,0,0,0,0,0,0,0,0,0,0,0,0,0,0,0,0,0,0,0,0,0,0,0,0,0,0,"","","","","",""
784,Ujjani Dam Rain Gauge,Maharashtra SW,27,Maharashtra,496,Solapur,-,-,-,-,-,-,-,-,-,18.07402000,75.12002000,14-12-2023 03:00,0,0,0,0,0,0,0,0,0,0,0,0,0,0,0,0,0,0,0,0,0,0,0,0,0,0,0,0,0,0,0,0,0,0,0,0,0,0,0,0,0,0,0,0,"","","","","",""
785,Ujjani Dam Rain Gauge,Maharashtra SW,27,Maharashtra,496,Solapur,-,-,-,-,-,-,-,-,-,18.07402000,75.12002000,14-12-2023 04:00,0,0,0,0,0,0,0,0,0,0,0,0,0,0,0,0,0,0,0,0,0,0,0,0,0,0,0,0,0,0,0,0,0,0,0,0,0,0,0,0,0,0,0,0,"","","","","",""
786,Ujjani Dam Rain Gauge,Maharashtra SW,27,Maharashtra,496,Solapur,-,-,-,-,-,-,-,-,-,18.07402000,75.12002000,14-12-2023 05:00,0,0,0,0,0,0,0,0,0,0,0,0,0,0,0,0,0,0,0,0,0,0,0,0,0,0,0,0,0,0,0,0,0,0,0,0,0,0,0,0,0,0,0,0,"","","","","",""
787,Ujjani Dam Rain Gauge,Maharashtra SW,27,Maharashtra,496,Solapur,-,-,-,-,-,-,-,-,-,18.07402000,75.12002000,14-12-2023 06:00,0,0,0,0,0,0,0,0,0,0,0,0,0,0,0,0,0,0,0,0,0,0,0,0,0,0,0,0,0,0,0,0,0,0,0,0,0,0,0,0,0,0,0,0,"","","","","",""
788,Ujjani Dam Rain Gauge,Maharashtra SW,27,Maharashtra,496,Solapur,-,-,-,-,-,-,-,-,-,18.07402000,75.12002000,14-12-2023 08:00,0,0,0,0,0,0,0,0,0,0,0,0,0,0,0,0,0,0,0,0,0,0,0,0,0,0,0,0,0,0,0,0,0,0,0,0,0,0,0,0,0,0,0,0,"","","","","",""
789,Ujjani Dam Rain Gauge,Maharashtra SW,27,Maharashtra,496,Solapur,-,-,-,-,-,-,-,-,-,18.07402000,75.12002000,14-12-2023 09:00,0,0,0,0,0,0,0,0,0,0,0,0,0,0,0,0,0,0,0,0,0,0,0,0,0,0,0,0,0,0,0,0,0,0,0,0,0,0,0,0,0,0,0,0,"","","","","",""
790,Ujjani Dam Rain Gauge,Maharashtra SW,27,Maharashtra,496,Solapur,-,-,-,-,-,-,-,-,-,18.07402000,75.12002000,14-12-2023 10:00,0,0,0,0,0,0,0,0,0,0,0,0,0,0,0,0,0,0,0,0,0,0,0,0,0,0,0,0,0,0,0,0,0,0,0,0,0,0,0,0,0,0,0,0,"","","","","",""
791,Ujjani Dam Rain Gauge,Maharashtra SW,27,Maharashtra,496,Solapur,-,-,-,-,-,-,-,-,-,18.07402000,75.12002000,14-12-2023 11:00,0,0,0,0,0,0,0,0,0,0,0,0,0,0,0,0,0,0,0,0,0,0,0,0,0,0,0,0,0,0,0,0,0,0,0,0,0,0,0,0,0,0,0,0,"","","","","",""
792,Ujjani Dam Rain Gauge,Maharashtra SW,27,Maharashtra,496,Solapur,-,-,-,-,-,-,-,-,-,18.07402000,75.12002000,14-12-2023 12:00,0,0,0,0,0,0,0,0,0,0,0,0,0,0,0,0,0,0,0,0,0,0,0,0,0,0,0,0,0,0,0,0,0,0,0,0,0,0,0,0,0,0,0,0,"","","","","",""
793,Ujjani Dam Rain Gauge,Maharashtra SW,27,Maharashtra,496,Solapur,-,-,-,-,-,-,-,-,-,18.07402000,75.12002000,14-12-2023 13:00,0,0,0,0,0,0,0,0,0,0,0,0,0,0,0,0,0,0,0,0,0,0,0,0,0,0,0,0,0,0,0,0,0,0,0,0,0,0,0,0,0,0,0,0,"","","","","",""
794,Ujjani Dam Rain Gauge,Maharashtra SW,27,Maharashtra,496,Solapur,-,-,-,-,-,-,-,-,-,18.07402000,75.12002000,14-12-2023 15:00,0,0,0,0,0,0,0,0,0,0,0,0,0,0,0,0,0,0,0,0,0,0,0,0,0,0,0,0,0,0,0,0,0,0,0,0,0,0,0,0,0,0,0,0,"","","","","",""
795,Ujjani Dam Rain Gauge,Maharashtra SW,27,Maharashtra,496,Solapur,-,-,-,-,-,-,-,-,-,18.07402000,75.12002000,14-12-2023 16:00,0,0,0,0,0,0,0,0,0,0,0,0,0,0,0,0,0,0,0,0,0,0,0,0,0,0,0,0,0,0,0,0,0,0,0,0,0,0,0,0,0,0,0,0,"","","","","",""
796,Ujjani Dam Rain Gauge,Maharashtra SW,27,Maharashtra,496,Solapur,-,-,-,-,-,-,-,-,-,18.07402000,75.12002000,14-12-2023 17:00,0,0,0,0,0,0,0,0,0,0,0,0,0,0,0,0,0,0,0,0,0,0,0,0,0,0,0,0,0,0,0,0,0,0,0,0,0,0,0,0,0,0,0,0,"","","","","",""
797,Ujjani Dam Rain Gauge,Maharashtra SW,27,Maharashtra,496,Solapur,-,-,-,-,-,-,-,-,-,18.07402000,75.12002000,14-12-2023 18:00,0,0,0,0,0,0,0,0,0,0,0,0,0,0,0,0,0,0,0,0,0,0,0,0,0,0,0,0,0,0,0,0,0,0,0,0,0,0,0,0,0,0,0,0,"","","","","",""
798,Ujjani Dam Rain Gauge,Maharashtra SW,27,Maharashtra,496,Solapur,-,-,-,-,-,-,-,-,-,18.07402000,75.12002000,14-12-2023 19:00,0,0,0,0,0,0,0,0,0,0,0,0,0,0,0,0,0,0,0,0,0,0,0,0,0,0,0,0,0,0,0,0,0,0,0,0,0,0,0,0,0,0,0,0,"","","","","",""
799,Ujjani Dam Rain Gauge,Maharashtra SW,27,Maharashtra,496,Solapur,-,-,-,-,-,-,-,-,-,18.07402000,75.12002000,14-12-2023 20:00,0,0,0,0,0,0,0,0,0,0,0,0,0,0,0,0,0,0,0,0,0,0,0,0,0,0,0,0,0,0,0,0,0,0,0,0,0,0,0,0,0,0,0,0,"","","","","",""
800,Ujjani Dam Rain Gauge,Maharashtra SW,27,Maharashtra,496,Solapur,-,-,-,-,-,-,-,-,-,18.07402000,75.12002000,14-12-2023 21:00,0,0,0,0,0,0,0,0,0,0,0,0,0,0,0,0,0,0,0,0,0,0,0,0,0,0,0,0,0,0,0,0,0,0,0,0,0,0,0,0,0,0,0,0,"","","","","",""
801,Ujjani Dam Rain Gauge,Maharashtra SW,27,Maharashtra,496,Solapur,-,-,-,-,-,-,-,-,-,18.07402000,75.12002000,14-12-2023 23:00,0,0,0,0,0,0,0,0,0,0,0,0,0,0,0,0,0,0,0,0,0,0,0,0,0,0,0,0,0,0,0,0,0,0,0,0,0,0,0,0,0,0,0,0,"","","","","",""
802,Ujjani Dam Rain Gauge,Maharashtra SW,27,Maharashtra,496,Solapur,-,-,-,-,-,-,-,-,-,18.07402000,75.12002000,15-12-2023 00:00,0,0,0,0,0,0,0,0,0,0,0,0,0,0,0,0,0,0,0,0,0,0,0,0,0,0,0,0,0,0,0,0,0,0,0,0,0,0,0,0,0,0,0,0,"","","","","",""
803,Ujjani Dam Rain Gauge,Maharashtra SW,27,Maharashtra,496,Solapur,-,-,-,-,-,-,-,-,-,18.07402000,75.12002000,15-12-2023 02:00,0,0,0,0,0,0,0,0,0,0,0,0,0,0,0,0,0,0,0,0,0,0,0,0,0,0,0,0,0,0,0,0,0,0,0,0,0,0,0,0,0,0,0,0,"","","","","",""
804,Ujjani Dam Rain Gauge,Maharashtra SW,27,Maharashtra,496,Solapur,-,-,-,-,-,-,-,-,-,18.07402000,75.12002000,15-12-2023 03:00,0,0,0,0,0,0,0,0,0,0,0,0,0,0,0,0,0,0,0,0,0,0,0,0,0,0,0,0,0,0,0,0,0,0,0,0,0,0,0,0,0,0,0,0,"","","","","",""
805,Ujjani Dam Rain Gauge,Maharashtra SW,27,Maharashtra,496,Solapur,-,-,-,-,-,-,-,-,-,18.07402000,75.12002000,15-12-2023 04:00,0,0,0,0,0,0,0,0,0,0,0,0,0,0,0,0,0,0,0,0,0,0,0,0,0,0,0,0,0,0,0,0,0,0,0,0,0,0,0,0,0,0,0,0,"","","","","",""
806,Ujjani Dam Rain Gauge,Maharashtra SW,27,Maharashtra,496,Solapur,-,-,-,-,-,-,-,-,-,18.07402000,75.12002000,15-12-2023 05:00,0,0,0,0,0,0,0,0,0,0,0,0,0,0,0,0,0,0,0,0,0,0,0,0,0,0,0,0,0,0,0,0,0,0,0,0,0,0,0,0,0,0,0,0,"","","","","",""
807,Ujjani Dam Rain Gauge,Maharashtra SW,27,Maharashtra,496,Solapur,-,-,-,-,-,-,-,-,-,18.07402000,75.12002000,15-12-2023 07:00,0,0,0,0,0,0,0,0,0,0,0,0,0,0,0,0,0,0,0,0,0,0,0,0,0,0,0,0,0,0,0,0,0,0,0,0,0,0,0,0,0,0,0,0,"","","","","",""
808,Ujjani Dam Rain Gauge,Maharashtra SW,27,Maharashtra,496,Solapur,-,-,-,-,-,-,-,-,-,18.07402000,75.12002000,15-12-2023 08:00,0,0,0,0,0,0,0,0,0,0,0,0,0,0,0,0,0,0,0,0,0,0,0,0,0,0,0,0,0,0,0,0,0,0,0,0,0,0,0,0,0,0,0,0,"","","","","",""
809,Ujjani Dam Rain Gauge,Maharashtra SW,27,Maharashtra,496,Solapur,-,-,-,-,-,-,-,-,-,18.07402000,75.12002000,15-12-2023 09:00,0,0,0,0,0,0,0,0,0,0,0,0,0,0,0,0,0,0,0,0,0,0,0,0,0,0,0,0,0,0,0,0,0,0,0,0,0,0,0,0,0,0,0,0,"","","","","",""
810,Ujjani Dam Rain Gauge,Maharashtra SW,27,Maharashtra,496,Solapur,-,-,-,-,-,-,-,-,-,18.07402000,75.12002000,15-12-2023 10:00,0,0,0,0,0,0,0,0,0,0,0,0,0,0,0,0,0,0,0,0,0,0,0,0,0,0,0,0,0,0,0,0,0,0,0,0,0,0,0,0,0,0,0,0,"","","","","",""
811,Ujjani Dam Rain Gauge,Maharashtra SW,27,Maharashtra,496,Solapur,-,-,-,-,-,-,-,-,-,18.07402000,75.12002000,15-12-2023 11:00,0,0,0,0,0,0,0,0,0,0,0,0,0,0,0,0,0,0,0,0,0,0,0,0,0,0,0,0,0,0,0,0,0,0,0,0,0,0,0,0,0,0,0,0,"","","","","",""
812,Ujjani Dam Rain Gauge,Maharashtra SW,27,Maharashtra,496,Solapur,-,-,-,-,-,-,-,-,-,18.07402000,75.12002000,15-12-2023 12:00,0,0,0,0,0,0,0,0,0,0,0,0,0,0,0,0,0,0,0,0,0,0,0,0,0,0,0,0,0,0,0,0,0,0,0,0,0,0,0,0,0,0,0,0,"","","","","",""
813,Ujjani Dam Rain Gauge,Maharashtra SW,27,Maharashtra,496,Solapur,-,-,-,-,-,-,-,-,-,18.07402000,75.12002000,15-12-2023 13:00,0,0,0,0,0,0,0,0,0,0,0,0,0,0,0,0,0,0,0,0,0,0,0,0,0,0,0,0,0,0,0,0,0,0,0,0,0,0,0,0,0,0,0,0,"","","","","",""
814,Ujjani Dam Rain Gauge,Maharashtra SW,27,Maharashtra,496,Solapur,-,-,-,-,-,-,-,-,-,18.07402000,75.12002000,15-12-2023 15:00,0,0,0,0,0,0,0,0,0,0,0,0,0,0,0,0,0,0,0,0,0,0,0,0,0,0,0,0,0,0,0,0,0,0,0,0,0,0,0,0,0,0,0,0,"","","","","",""
815,Ujjani Dam Rain Gauge,Maharashtra SW,27,Maharashtra,496,Solapur,-,-,-,-,-,-,-,-,-,18.07402000,75.12002000,15-12-2023 16:00,0,0,0,0,0,0,0,0,0,0,0,0,0,0,0,0,0,0,0,0,0,0,0,0,0,0,0,0,0,0,0,0,0,0,0,0,0,0,0,0,0,0,0,0,"","","","","",""
816,Ujjani Dam Rain Gauge,Maharashtra SW,27,Maharashtra,496,Solapur,-,-,-,-,-,-,-,-,-,18.07402000,75.12002000,15-12-2023 17:00,0,0,0,0,0,0,0,0,0,0,0,0,0,0,0,0,0,0,0,0,0,0,0,0,0,0,0,0,0,0,0,0,0,0,0,0,0,0,0,0,0,0,0,0,"","","","","",""
817,Ujjani Dam Rain Gauge,Maharashtra SW,27,Maharashtra,496,Solapur,-,-,-,-,-,-,-,-,-,18.07402000,75.12002000,15-12-2023 18:00,0,0,0,0,0,0,0,0,0,0,0,0,0,0,0,0,0,0,0,0,0,0,0,0,0,0,0,0,0,0,0,0,0,0,0,0,0,0,0,0,0,0,0,0,"","","","","",""
818,Ujjani Dam Rain Gauge,Maharashtra SW,27,Maharashtra,496,Solapur,-,-,-,-,-,-,-,-,-,18.07402000,75.12002000,15-12-2023 19:00,0,0,0,0,0,0,0,0,0,0,0,0,0,0,0,0,0,0,0,0,0,0,0,0,0,0,0,0,0,0,0,0,0,0,0,0,0,0,0,0,0,0,0,0,"","","","","",""
819,Ujjani Dam Rain Gauge,Maharashtra SW,27,Maharashtra,496,Solapur,-,-,-,-,-,-,-,-,-,18.07402000,75.12002000,15-12-2023 20:00,0,0,0,0,0,0,0,0,0,0,0,0,0,0,0,0,0,0,0,0,0,0,0,0,0,0,0,0,0,0,0,0,0,0,0,0,0,0,0,0,0,0,0,0,"","","","","",""
820,Ujjani Dam Rain Gauge,Maharashtra SW,27,Maharashtra,496,Solapur,-,-,-,-,-,-,-,-,-,18.07402000,75.12002000,15-12-2023 21:00,0,0,0,0,0,0,0,0,0,0,0,0,0,0,0,0,0,0,0,0,0,0,0,0,0,0,0,0,0,0,0,0,0,0,0,0,0,0,0,0,0,0,0,0,"","","","","",""
821,Ujjani Dam Rain Gauge,Maharashtra SW,27,Maharashtra,496,Solapur,-,-,-,-,-,-,-,-,-,18.07402000,75.12002000,15-12-2023 23:00,0,0,0,0,0,0,0,0,0,0,0,0,0,0,0,0,0,0,0,0,0,0,0,0,0,0,0,0,0,0,0,0,0,0,0,0,0,0,0,0,0,0,0,0,"","","","","",""
822,Ujjani Dam Rain Gauge,Maharashtra SW,27,Maharashtra,496,Solapur,-,-,-,-,-,-,-,-,-,18.07402000,75.12002000,16-12-2023 00:00,0,0,0,0,0,0,0,0,0,0,0,0,0,0,0,0,0,0,0,0,0,0,0,0,0,0,0,0,0,0,0,0,0,0,0,0,0,0,0,0,0,0,0,0,"","","","","",""
823,Ujjani Dam Rain Gauge,Maharashtra SW,27,Maharashtra,496,Solapur,-,-,-,-,-,-,-,-,-,18.07402000,75.12002000,16-12-2023 01:00,0,0,0,0,0,0,0,0,0,0,0,0,0,0,0,0,0,0,0,0,0,0,0,0,0,0,0,0,0,0,0,0,0,0,0,0,0,0,0,0,0,0,0,0,"","","","","",""
824,Ujjani Dam Rain Gauge,Maharashtra SW,27,Maharashtra,496,Solapur,-,-,-,-,-,-,-,-,-,18.07402000,75.12002000,16-12-2023 02:00,0,0,0,0,0,0,0,0,0,0,0,0,0,0,0,0,0,0,0,0,0,0,0,0,0,0,0,0,0,0,0,0,0,0,0,0,0,0,0,0,0,0,0,0,"","","","","",""
825,Ujjani Dam Rain Gauge,Maharashtra SW,27,Maharashtra,496,Solapur,-,-,-,-,-,-,-,-,-,18.07402000,75.12002000,16-12-2023 03:00,0,0,0,0,0,0,0,0,0,0,0,0,0,0,0,0,0,0,0,0,0,0,0,0,0,0,0,0,0,0,0,0,0,0,0,0,0,0,0,0,0,0,0,0,"","","","","",""
826,Ujjani Dam Rain Gauge,Maharashtra SW,27,Maharashtra,496,Solapur,-,-,-,-,-,-,-,-,-,18.07402000,75.12002000,16-12-2023 04:00,0,0,0,0,0,0,0,0,0,0,0,0,0,0,0,0,0,0,0,0,0,0,0,0,0,0,0,0,0,0,0,0,0,0,0,0,0,0,0,0,0,0,0,0,"","","","","",""
827,Ujjani Dam Rain Gauge,Maharashtra SW,27,Maharashtra,496,Solapur,-,-,-,-,-,-,-,-,-,18.07402000,75.12002000,16-12-2023 05:00,0,0,0,0,0,0,0,0,0,0,0,0,0,0,0,0,0,0,0,0,0,0,0,0,0,0,0,0,0,0,0,0,0,0,0,0,0,0,0,0,0,0,0,0,"","","","","",""
828,Ujjani Dam Rain Gauge,Maharashtra SW,27,Maharashtra,496,Solapur,-,-,-,-,-,-,-,-,-,18.07402000,75.12002000,16-12-2023 07:00,0,0,0,0,0,0,0,0,0,0,0,0,0,0,0,0,0,0,0,0,0,0,0,0,0,0,0,0,0,0,0,0,0,0,0,0,0,0,0,0,0,0,0,0,"","","","","",""
829,Ujjani Dam Rain Gauge,Maharashtra SW,27,Maharashtra,496,Solapur,-,-,-,-,-,-,-,-,-,18.07402000,75.12002000,16-12-2023 08:00,0,0,0,0,0,0,0,0,0,0,0,0,0,0,0,0,0,0,0,0,0,0,0,0,0,0,0,0,0,0,0,0,0,0,0,0,0,0,0,0,0,0,0,0,"","","","","",""
830,Ujjani Dam Rain Gauge,Maharashtra SW,27,Maharashtra,496,Solapur,-,-,-,-,-,-,-,-,-,18.07402000,75.12002000,16-12-2023 09:00,0,0,0,0,0,0,0,0,0,0,0,0,0,0,0,0,0,0,0,0,0,0,0,0,0,0,0,0,0,0,0,0,0,0,0,0,0,0,0,0,0,0,0,0,"","","","","",""
831,Ujjani Dam Rain Gauge,Maharashtra SW,27,Maharashtra,496,Solapur,-,-,-,-,-,-,-,-,-,18.07402000,75.12002000,16-12-2023 10:00,0,0,0,0,0,0,0,0,0,0,0,0,0,0,0,0,0,0,0,0,0,0,0,0,0,0,0,0,0,0,0,0,0,0,0,0,0,0,0,0,0,0,0,0,"","","","","",""
832,Ujjani Dam Rain Gauge,Maharashtra SW,27,Maharashtra,496,Solapur,-,-,-,-,-,-,-,-,-,18.07402000,75.12002000,16-12-2023 11:00,0,0,0,0,0,0,0,0,0,0,0,0,0,0,0,0,0,0,0,0,0,0,0,0,0,0,0,0,0,0,0,0,0,0,0,0,0,0,0,0,0,0,0,0,"","","","","",""
833,Ujjani Dam Rain Gauge,Maharashtra SW,27,Maharashtra,496,Solapur,-,-,-,-,-,-,-,-,-,18.07402000,75.12002000,16-12-2023 12:00,0,0,0,0,0,0,0,0,0,0,0,0,0,0,0,0,0,0,0,0,0,0,0,0,0,0,0,0,0,0,0,0,0,0,0,0,0,0,0,0,0,0,0,0,"","","","","",""
834,Ujjani Dam Rain Gauge,Maharashtra SW,27,Maharashtra,496,Solapur,-,-,-,-,-,-,-,-,-,18.07402000,75.12002000,16-12-2023 18:00,0,0,0,0,0,0,0,0,0,0,0,0,0,0,0,0,0,0,0,0,0,0,0,0,0,0,0,0,0,0,0,0,0,0,0,0,0,0,0,0,0,0,0,0,"","","","","",""
835,Ujjani Dam Rain Gauge,Maharashtra SW,27,Maharashtra,496,Solapur,-,-,-,-,-,-,-,-,-,18.07402000,75.12002000,16-12-2023 20:00,0,0,0,0,0,0,0,0,0,0,0,0,0,0,0,0,0,0,0,0,0,0,0,0,0,0,0,0,0,0,0,0,0,0,0,0,0,0,0,0,0,0,0,0,"","","","","",""
836,Ujjani Dam Rain Gauge,Maharashtra SW,27,Maharashtra,496,Solapur,-,-,-,-,-,-,-,-,-,18.07402000,75.12002000,16-12-2023 21:00,0,0,0,0,0,0,0,0,0,0,0,0,0,0,0,0,0,0,0,0,0,0,0,0,0,0,0,0,0,0,0,0,0,0,0,0,0,0,0,0,0,0,0,0,"","","","","",""
837,Ujjani Dam Rain Gauge,Maharashtra SW,27,Maharashtra,496,Solapur,-,-,-,-,-,-,-,-,-,18.07402000,75.12002000,16-12-2023 22:00,0,0,0,0,0,0,0,0,0,0,0,0,0,0,0,0,0,0,0,0,0,0,0,0,0,0,0,0,0,0,0,0,0,0,0,0,0,0,0,0,0,0,0,0,"","","","","",""
838,Ujjani Dam Rain Gauge,Maharashtra SW,27,Maharashtra,496,Solapur,-,-,-,-,-,-,-,-,-,18.07402000,75.12002000,17-12-2023 12:00,0,0,0,0,0,0,0,0,0,0,0,0,0,0,0,0,0,0,0,0,0,0,0,0,0,0,0,0,0,0,0,0,0,0,0,0,0,0,0,0,0,0,0,0,"","","","","",""
839,Ujjani Dam Rain Gauge,Maharashtra SW,27,Maharashtra,496,Solapur,-,-,-,-,-,-,-,-,-,18.07402000,75.12002000,17-12-2023 14:00,0,0,0,0,0,0,0,0,0,0,0,0,0,0,0,0,0,0,0,0,0,0,0,0,0,0,0,0,0,0,0,0,0,0,0,0,0,0,0,0,0,0,0,0,"","","","","",""
840,Ujjani Dam Rain Gauge,Maharashtra SW,27,Maharashtra,496,Solapur,-,-,-,-,-,-,-,-,-,18.07402000,75.12002000,17-12-2023 15:00,0,0,0,0,0,0,0,0,0,0,0,0,0,0,0,0,0,0,0,0,0,0,0,0,0,0,0,0,0,0,0,0,0,0,0,0,0,0,0,0,0,0,0,0,"","","","","",""
841,Ujjani Dam Rain Gauge,Maharashtra SW,27,Maharashtra,496,Solapur,-,-,-,-,-,-,-,-,-,18.07402000,75.12002000,17-12-2023 16:00,0,0,0,0,0,0,0,0,0,0,0,0,0,0,0,0,0,0,0,0,0,0,0,0,0,0,0,0,0,0,0,0,0,0,0,0,0,0,0,0,0,0,0,0,"","","","","",""
842,Ujjani Dam Rain Gauge,Maharashtra SW,27,Maharashtra,496,Solapur,-,-,-,-,-,-,-,-,-,18.07402000,75.12002000,17-12-2023 17:00,0,0,0,0,0,0,0,0,0,0,0,0,0,0,0,0,0,0,0,0,0,0,0,0,0,0,0,0,0,0,0,0,0,0,0,0,0,0,0,0,0,0,0,0,"","","","","",""
843,Ujjani Dam Rain Gauge,Maharashtra SW,27,Maharashtra,496,Solapur,-,-,-,-,-,-,-,-,-,18.07402000,75.12002000,17-12-2023 18:00,0,0,0,0,0,0,0,0,0,0,0,0,0,0,0,0,0,0,0,0,0,0,0,0,0,0,0,0,0,0,0,0,0,0,0,0,0,0,0,0,0,0,0,0,"","","","","",""
844,Ujjani Dam Rain Gauge,Maharashtra SW,27,Maharashtra,496,Solapur,-,-,-,-,-,-,-,-,-,18.07402000,75.12002000,17-12-2023 19:00,0,0,0,0,0,0,0,0,0,0,0,0,0,0,0,0,0,0,0,0,0,0,0,0,0,0,0,0,0,0,0,0,0,0,0,0,0,0,0,0,0,0,0,0,"","","","","",""
845,Ujjani Dam Rain Gauge,Maharashtra SW,27,Maharashtra,496,Solapur,-,-,-,-,-,-,-,-,-,18.07402000,75.12002000,17-12-2023 20:00,0,0,0,0,0,0,0,0,0,0,0,0,0,0,0,0,0,0,0,0,0,0,0,0,0,0,0,0,0,0,0,0,0,0,0,0,0,0,0,0,0,0,0,0,"","","","","",""
846,Ujjani Dam Rain Gauge,Maharashtra SW,27,Maharashtra,496,Solapur,-,-,-,-,-,-,-,-,-,18.07402000,75.12002000,17-12-2023 22:00,0,0,0,0,0,0,0,0,0,0,0,0,0,0,0,0,0,0,0,0,0,0,0,0,0,0,0,0,0,0,0,0,0,0,0,0,0,0,0,0,0,0,0,0,"","","","","",""
847,Ujjani Dam Rain Gauge,Maharashtra SW,27,Maharashtra,496,Solapur,-,-,-,-,-,-,-,-,-,18.07402000,75.12002000,17-12-2023 23:00,0,0,0,0,0,0,0,0,0,0,0,0,0,0,0,0,0,0,0,0,0,0,0,0,0,0,0,0,0,0,0,0,0,0,0,0,0,0,0,0,0,0,0,0,"","","","","",""
848,Ujjani Dam Rain Gauge,Maharashtra SW,27,Maharashtra,496,Solapur,-,-,-,-,-,-,-,-,-,18.07402000,75.12002000,18-12-2023 00:00,0,0,0,0,0,0,0,0,0,0,0,0,0,0,0,0,0,0,0,0,0,0,0,0,0,0,0,0,0,0,0,0,0,0,0,0,0,0,0,0,0,0,0,0,"","","","","",""
849,Ujjani Dam Rain Gauge,Maharashtra SW,27,Maharashtra,496,Solapur,-,-,-,-,-,-,-,-,-,18.07402000,75.12002000,18-12-2023 01:00,0,0,0,0,0,0,0,0,0,0,0,0,0,0,0,0,0,0,0,0,0,0,0,0,0,0,0,0,0,0,0,0,0,0,0,0,0,0,0,0,0,0,0,0,"","","","","",""
850,Ujjani Dam Rain Gauge,Maharashtra SW,27,Maharashtra,496,Solapur,-,-,-,-,-,-,-,-,-,18.07402000,75.12002000,18-12-2023 02:00,0,0,0,0,0,0,0,0,0,0,0,0,0,0,0,0,0,0,0,0,0,0,0,0,0,0,0,0,0,0,0,0,0,0,0,0,0,0,0,0,0,0,0,0,"","","","","",""
851,Ujjani Dam Rain Gauge,Maharashtra SW,27,Maharashtra,496,Solapur,-,-,-,-,-,-,-,-,-,18.07402000,75.12002000,18-12-2023 03:00,0,0,0,0,0,0,0,0,0,0,0,0,0,0,0,0,0,0,0,0,0,0,0,0,0,0,0,0,0,0,0,0,0,0,0,0,0,0,0,0,0,0,0,0,"","","","","",""
852,Ujjani Dam Rain Gauge,Maharashtra SW,27,Maharashtra,496,Solapur,-,-,-,-,-,-,-,-,-,18.07402000,75.12002000,18-12-2023 04:00,0,0,0,0,0,0,0,0,0,0,0,0,0,0,0,0,0,0,0,0,0,0,0,0,0,0,0,0,0,0,0,0,0,0,0,0,0,0,0,0,0,0,0,0,"","","","","",""
853,Ujjani Dam Rain Gauge,Maharashtra SW,27,Maharashtra,496,Solapur,-,-,-,-,-,-,-,-,-,18.07402000,75.12002000,18-12-2023 06:00,0,0,0,0,0,0,0,0,0,0,0,0,0,0,0,0,0,0,0,0,0,0,0,0,0,0,0,0,0,0,0,0,0,0,0,0,0,0,0,0,0,0,0,0,"","","","","",""
854,Ujjani Dam Rain Gauge,Maharashtra SW,27,Maharashtra,496,Solapur,-,-,-,-,-,-,-,-,-,18.07402000,75.12002000,18-12-2023 07:00,0,0,0,0,0,0,0,0,0,0,0,0,0,0,0,0,0,0,0,0,0,0,0,0,0,0,0,0,0,0,0,0,0,0,0,0,0,0,0,0,0,0,0,0,"","","","","",""
855,Ujjani Dam Rain Gauge,Maharashtra SW,27,Maharashtra,496,Solapur,-,-,-,-,-,-,-,-,-,18.07402000,75.12002000,18-12-2023 08:00,0,"","","","","","","","","","","","","","","","","","","","","","","","","","","","","","","","","","","","","","","","","","","","","","","","",""
856,Ujjani Dam Rain Gauge,Maharashtra SW,27,Maharashtra,496,Solapur,-,-,-,-,-,-,-,-,-,18.07402000,75.12002000,18-12-2023 09:00,0,0,0,0,0,0,0,0,0,0,0,0,0,0,0,0,0,0,0,0,0,0,0,0,0,0,0,0,0,0,0,0,0,0,0,0,0,0,0,0,0,0,0,0,"","","","","",""
857,Ujjani Dam Rain Gauge,Maharashtra SW,27,Maharashtra,496,Solapur,-,-,-,-,-,-,-,-,-,18.07402000,75.12002000,18-12-2023 10:00,0,0,0,0,0,0,0,0,0,0,0,0,0,0,0,0,0,0,0,0,0,0,0,0,0,0,0,0,0,0,0,0,0,0,0,0,0,0,0,0,0,0,0,0,"","","","","",""
858,Ujjani Dam Rain Gauge,Maharashtra SW,27,Maharashtra,496,Solapur,-,-,-,-,-,-,-,-,-,18.07402000,75.12002000,18-12-2023 11:00,0,0,0,0,0,0,0,0,0,0,0,0,0,0,0,0,0,0,0,0,0,0,0,0,0,0,0,0,0,0,0,0,0,0,0,0,0,0,0,0,0,0,0,0,"","","","","",""
859,Ujjani Dam Rain Gauge,Maharashtra SW,27,Maharashtra,496,Solapur,-,-,-,-,-,-,-,-,-,18.07402000,75.12002000,18-12-2023 12:00,0,0,0,0,0,0,0,0,0,0,0,0,0,0,0,0,0,0,0,0,0,0,0,0,0,0,0,0,0,0,0,0,0,0,0,0,0,0,0,0,0,0,0,0,"","","","","",""
860,Ujjani Dam Rain Gauge,Maharashtra SW,27,Maharashtra,496,Solapur,-,-,-,-,-,-,-,-,-,18.07402000,75.12002000,18-12-2023 14:00,0,0,0,0,0,0,0,0,0,0,0,0,0,0,0,0,0,0,0,0,0,0,0,0,0,0,0,0,0,0,0,0,0,0,0,0,0,0,0,0,0,0,0,0,"","","","","",""
861,Ujjani Dam Rain Gauge,Maharashtra SW,27,Maharashtra,496,Solapur,-,-,-,-,-,-,-,-,-,18.07402000,75.12002000,18-12-2023 15:00,0,0,0,0,0,0,0,0,0,0,0,0,0,0,0,0,0,0,0,0,0,0,0,0,0,0,0,0,0,0,0,0,0,0,0,0,0,0,0,0,0,0,0,0,"","","","","",""
862,Ujjani Dam Rain Gauge,Maharashtra SW,27,Maharashtra,496,Solapur,-,-,-,-,-,-,-,-,-,18.07402000,75.12002000,18-12-2023 16:00,0,0,0,0,0,0,0,0,0,0,0,0,0,0,0,0,0,0,0,0,0,0,0,0,0,0,0,0,0,0,0,0,0,0,0,0,0,0,0,0,0,0,0,0,"","","","","",""
863,Ujjani Dam Rain Gauge,Maharashtra SW,27,Maharashtra,496,Solapur,-,-,-,-,-,-,-,-,-,18.07402000,75.12002000,18-12-2023 17:00,0,0,0,0,0,0,0,0,0,0,0,0,0,0,0,0,0,0,0,0,0,0,0,0,0,0,0,0,0,0,0,0,0,0,0,0,0,0,0,0,0,0,0,0,"","","","","",""
864,Ujjani Dam Rain Gauge,Maharashtra SW,27,Maharashtra,496,Solapur,-,-,-,-,-,-,-,-,-,18.07402000,75.12002000,18-12-2023 18:00,0,0,0,0,0,0,0,0,0,0,0,0,0,0,0,0,0,0,0,0,0,0,0,0,0,0,0,0,0,0,0,0,0,0,0,0,0,0,0,0,0,0,0,0,"","","","","",""
865,Ujjani Dam Rain Gauge,Maharashtra SW,27,Maharashtra,496,Solapur,-,-,-,-,-,-,-,-,-,18.07402000,75.12002000,18-12-2023 19:00,0,0,0,0,0,0,0,0,0,0,0,0,0,0,0,0,0,0,0,0,0,0,0,0,0,0,0,0,0,0,0,0,0,0,0,0,0,0,0,0,0,0,0,0,"","","","","",""
866,Ujjani Dam Rain Gauge,Maharashtra SW,27,Maharashtra,496,Solapur,-,-,-,-,-,-,-,-,-,18.07402000,75.12002000,18-12-2023 20:00,0,0,0,0,0,0,0,0,0,0,0,0,0,0,0,0,0,0,0,0,0,0,0,0,0,0,0,0,0,0,0,0,0,0,0,0,0,0,0,0,0,0,0,0,"","","","","",""
867,Ujjani Dam Rain Gauge,Maharashtra SW,27,Maharashtra,496,Solapur,-,-,-,-,-,-,-,-,-,18.07402000,75.12002000,18-12-2023 22:00,0,0,0,0,0,0,0,0,0,0,0,0,0,0,0,0,0,0,0,0,0,0,0,0,0,0,0,0,0,0,0,0,0,0,0,0,0,0,0,0,0,0,0,0,"","","","","",""
868,Ujjani Dam Rain Gauge,Maharashtra SW,27,Maharashtra,496,Solapur,-,-,-,-,-,-,-,-,-,18.07402000,75.12002000,18-12-2023 23:00,0,0,0,0,0,0,0,0,0,0,0,0,0,0,0,0,0,0,0,0,0,0,0,0,0,0,0,0,0,0,0,0,0,0,0,0,0,0,0,0,0,0,0,0,"","","","","",""
869,Ujjani Dam Rain Gauge,Maharashtra SW,27,Maharashtra,496,Solapur,-,-,-,-,-,-,-,-,-,18.07402000,75.12002000,19-12-2023 00:00,0,0,0,0,0,0,0,0,0,0,0,0,0,0,0,0,0,0,0,0,0,0,0,0,0,0,0,0,0,0,0,0,0,0,0,0,0,0,0,0,0,0,0,0,"","","","","",""
870,Ujjani Dam Rain Gauge,Maharashtra SW,27,Maharashtra,496,Solapur,-,-,-,-,-,-,-,-,-,18.07402000,75.12002000,19-12-2023 01:00,0,0,0,0,0,0,0,0,0,0,0,0,0,0,0,0,0,0,0,0,0,0,0,0,0,0,0,0,0,0,0,0,0,0,0,0,0,0,0,0,0,0,0,0,"","","","","",""
871,Ujjani Dam Rain Gauge,Maharashtra SW,27,Maharashtra,496,Solapur,-,-,-,-,-,-,-,-,-,18.07402000,75.12002000,19-12-2023 02:00,0,0,0,0,0,0,0,0,0,0,0,0,0,0,0,0,0,0,0,0,0,0,0,0,0,0,0,0,0,0,0,0,0,0,0,0,0,0,0,0,0,0,0,0,"","","","","",""
872,Ujjani Dam Rain Gauge,Maharashtra SW,27,Maharashtra,496,Solapur,-,-,-,-,-,-,-,-,-,18.07402000,75.12002000,19-12-2023 03:00,0,0,0,0,0,0,0,0,0,0,0,0,0,0,0,0,0,0,0,0,0,0,0,0,0,0,0,0,0,0,0,0,0,0,0,0,0,0,0,0,0,0,0,0,"","","","","",""
873,Ujjani Dam Rain Gauge,Maharashtra SW,27,Maharashtra,496,Solapur,-,-,-,-,-,-,-,-,-,18.07402000,75.12002000,19-12-2023 04:00,0,0,0,0,0,0,0,0,0,0,0,0,0,0,0,0,0,0,0,0,0,0,0,0,0,0,0,0,0,0,0,0,0,0,0,0,0,0,0,0,0,0,0,0,"","","","","",""
874,Ujjani Dam Rain Gauge,Maharashtra SW,27,Maharashtra,496,Solapur,-,-,-,-,-,-,-,-,-,18.07402000,75.12002000,19-12-2023 06:00,0,0,0,0,0,0,0,0,0,0,0,0,0,0,0,0,0,0,0,0,0,0,0,0,0,0,0,0,0,0,0,0,0,0,0,0,0,0,0,0,0,0,0,0,"","","","","",""
875,Ujjani Dam Rain Gauge,Maharashtra SW,27,Maharashtra,496,Solapur,-,-,-,-,-,-,-,-,-,18.07402000,75.12002000,19-12-2023 07:00,0,0,0,0,0,0,0,0,0,0,0,0,0,0,0,0,0,0,0,0,0,0,0,0,0,0,0,0,0,0,0,0,0,0,0,0,0,0,0,0,0,0,0,0,"","","","","",""
876,Ujjani Dam Rain Gauge,Maharashtra SW,27,Maharashtra,496,Solapur,-,-,-,-,-,-,-,-,-,18.07402000,75.12002000,19-12-2023 09:00,0,0,0,0,0,0,0,0,0,0,0,0,0,0,0,0,0,0,0,0,0,0,0,0,0,0,0,0,0,0,0,0,0,0,0,0,0,0,0,0,0,0,0,0,"","","","","",""
877,Ujjani Dam Rain Gauge,Maharashtra SW,27,Maharashtra,496,Solapur,-,-,-,-,-,-,-,-,-,18.07402000,75.12002000,19-12-2023 10:00,0,0,0,0,0,0,0,0,0,0,0,0,0,0,0,0,0,0,0,0,0,0,0,0,0,0,0,0,0,0,0,0,0,0,0,0,0,0,0,0,0,0,0,0,"","","","","",""
878,Ujjani Dam Rain Gauge,Maharashtra SW,27,Maharashtra,496,Solapur,-,-,-,-,-,-,-,-,-,18.07402000,75.12002000,19-12-2023 11:00,0,0,0,0,0,0,0,0,0,0,0,0,0,0,0,0,0,0,0,0,0,0,0,0,0,0,0,0,0,0,0,0,0,0,0,0,0,0,0,0,0,0,0,0,"","","","","",""
879,Ujjani Dam Rain Gauge,Maharashtra SW,27,Maharashtra,496,Solapur,-,-,-,-,-,-,-,-,-,18.07402000,75.12002000,19-12-2023 12:00,0,0,0,0,0,0,0,0,0,0,0,0,0,0,0,0,0,0,0,0,0,0,0,0,0,0,0,0,0,0,0,0,0,0,0,0,0,0,0,0,0,0,0,0,"","","","","",""
880,Ujjani Dam Rain Gauge,Maharashtra SW,27,Maharashtra,496,Solapur,-,-,-,-,-,-,-,-,-,18.07402000,75.12002000,19-12-2023 14:00,0,0,0,0,0,0,0,0,0,0,0,0,0,0,0,0,0,0,0,0,0,0,0,0,0,0,0,0,0,0,0,0,0,0,0,0,0,0,0,0,0,0,0,0,"","","","","",""
881,Ujjani Dam Rain Gauge,Maharashtra SW,27,Maharashtra,496,Solapur,-,-,-,-,-,-,-,-,-,18.07402000,75.12002000,19-12-2023 15:00,0,0,0,0,0,0,0,0,0,0,0,0,0,0,0,0,0,0,0,0,0,0,0,0,0,0,0,0,0,0,0,0,0,0,0,0,0,0,0,0,0,0,0,0,"","","","","",""
882,Ujjani Dam Rain Gauge,Maharashtra SW,27,Maharashtra,496,Solapur,-,-,-,-,-,-,-,-,-,18.07402000,75.12002000,19-12-2023 16:00,0,0,0,0,0,0,0,0,0,0,0,0,0,0,0,0,0,0,0,0,0,0,0,0,0,0,0,0,0,0,0,0,0,0,0,0,0,0,0,0,0,0,0,0,"","","","","",""
883,Ujjani Dam Rain Gauge,Maharashtra SW,27,Maharashtra,496,Solapur,-,-,-,-,-,-,-,-,-,18.07402000,75.12002000,19-12-2023 17:00,0,0,0,0,0,0,0,0,0,0,0,0,0,0,0,0,0,0,0,0,0,0,0,0,0,0,0,0,0,0,0,0,0,0,0,0,0,0,0,0,0,0,0,0,"","","","","",""
884,Ujjani Dam Rain Gauge,Maharashtra SW,27,Maharashtra,496,Solapur,-,-,-,-,-,-,-,-,-,18.07402000,75.12002000,19-12-2023 18:00,0,0,0,0,0,0,0,0,0,0,0,0,0,0,0,0,0,0,0,0,0,0,0,0,0,0,0,0,0,0,0,0,0,0,0,0,0,0,0,0,0,0,0,0,"","","","","",""
885,Ujjani Dam Rain Gauge,Maharashtra SW,27,Maharashtra,496,Solapur,-,-,-,-,-,-,-,-,-,18.07402000,75.12002000,19-12-2023 19:00,0,0,0,0,0,0,0,0,0,0,0,0,0,0,0,0,0,0,0,0,0,0,0,0,0,0,0,0,0,0,0,0,0,0,0,0,0,0,0,0,0,0,0,0,"","","","","",""
886,Ujjani Dam Rain Gauge,Maharashtra SW,27,Maharashtra,496,Solapur,-,-,-,-,-,-,-,-,-,18.07402000,75.12002000,19-12-2023 20:00,0,0,0,0,0,0,0,0,0,0,0,0,0,0,0,0,0,0,0,0,0,0,0,0,0,0,0,0,0,0,0,0,0,0,0,0,0,0,0,0,0,0,0,0,"","","","","",""
887,Ujjani Dam Rain Gauge,Maharashtra SW,27,Maharashtra,496,Solapur,-,-,-,-,-,-,-,-,-,18.07402000,75.12002000,19-12-2023 22:00,0,0,0,0,0,0,0,0,0,0,0,0,0,0,0,0,0,0,0,0,0,0,0,0,0,0,0,0,0,0,0,0,0,0,0,0,0,0,0,0,0,0,0,0,"","","","","",""
888,Ujjani Dam Rain Gauge,Maharashtra SW,27,Maharashtra,496,Solapur,-,-,-,-,-,-,-,-,-,18.07402000,75.12002000,19-12-2023 23:00,0,0,0,0,0,0,0,0,0,0,0,0,0,0,0,0,0,0,0,0,0,0,0,0,0,0,0,0,0,0,0,0,0,0,0,0,0,0,0,0,0,0,0,0,"","","","","",""
889,Ujjani Dam Rain Gauge,Maharashtra SW,27,Maharashtra,496,Solapur,-,-,-,-,-,-,-,-,-,18.07402000,75.12002000,20-12-2023 00:00,0,0,0,0,0,0,0,0,0,0,0,0,0,0,0,0,0,0,0,0,0,0,0,0,0,0,0,0,0,0,0,0,0,0,0,0,0,0,0,0,0,0,0,0,"","","","","",""
890,Ujjani Dam Rain Gauge,Maharashtra SW,27,Maharashtra,496,Solapur,-,-,-,-,-,-,-,-,-,18.07402000,75.12002000,20-12-2023 01:00,0,0,0,0,0,0,0,0,0,0,0,0,0,0,0,0,0,0,0,0,0,0,0,0,0,0,0,0,0,0,0,0,0,0,0,0,0,0,0,0,0,0,0,0,"","","","","",""
891,Ujjani Dam Rain Gauge,Maharashtra SW,27,Maharashtra,496,Solapur,-,-,-,-,-,-,-,-,-,18.07402000,75.12002000,20-12-2023 02:00,0,0,0,0,0,0,0,0,0,0,0,0,0,0,0,0,0,0,0,0,0,0,0,0,0,0,0,0,0,0,0,0,0,0,0,0,0,0,0,0,0,0,0,0,"","","","","",""
892,Ujjani Dam Rain Gauge,Maharashtra SW,27,Maharashtra,496,Solapur,-,-,-,-,-,-,-,-,-,18.07402000,75.12002000,20-12-2023 03:00,0,0,0,0,0,0,0,0,0,0,0,0,0,0,0,0,0,0,0,0,0,0,0,0,0,0,0,0,0,0,0,0,0,0,0,0,0,0,0,0,0,0,0,0,"","","","","",""
893,Ujjani Dam Rain Gauge,Maharashtra SW,27,Maharashtra,496,Solapur,-,-,-,-,-,-,-,-,-,18.07402000,75.12002000,20-12-2023 04:00,0,0,0,0,0,0,0,0,0,0,0,0,0,0,0,0,0,0,0,0,0,0,0,0,0,0,0,0,0,0,0,0,0,0,0,0,0,0,0,0,0,0,0,0,"","","","","",""
894,Ujjani Dam Rain Gauge,Maharashtra SW,27,Maharashtra,496,Solapur,-,-,-,-,-,-,-,-,-,18.07402000,75.12002000,20-12-2023 05:00,0,0,0,0,0,0,0,0,0,0,0,0,0,0,0,0,0,0,0,0,0,0,0,0,0,0,0,0,0,0,0,0,0,0,0,0,0,0,0,0,0,0,0,0,"","","","","",""
895,Ujjani Dam Rain Gauge,Maharashtra SW,27,Maharashtra,496,Solapur,-,-,-,-,-,-,-,-,-,18.07402000,75.12002000,20-12-2023 06:00,0,0,0,0,0,0,0,0,0,0,0,0,0,0,0,0,0,0,0,0,0,0,0,0,0,0,0,0,0,0,0,0,0,0,0,0,0,0,0,0,0,0,0,0,"","","","","",""
896,Ujjani Dam Rain Gauge,Maharashtra SW,27,Maharashtra,496,Solapur,-,-,-,-,-,-,-,-,-,18.07402000,75.12002000,20-12-2023 07:00,0,0,0,0,0,0,0,0,0,0,0,0,0,0,0,0,0,0,0,0,0,0,0,0,0,0,0,0,0,0,0,0,0,0,0,0,0,0,0,0,0,0,0,0,"","","","","",""
897,Ujjani Dam Rain Gauge,Maharashtra SW,27,Maharashtra,496,Solapur,-,-,-,-,-,-,-,-,-,18.07402000,75.12002000,20-12-2023 08:00,0,0,0,0,0,0,0,0,0,0,0,0,0,0,0,0,0,0,0,0,0,0,0,0,0,0,0,0,0,0,0,0,0,0,0,0,0,0,0,0,0,0,0,0,"","","","","",""
898,Ujjani Dam Rain Gauge,Maharashtra SW,27,Maharashtra,496,Solapur,-,-,-,-,-,-,-,-,-,18.07402000,75.12002000,20-12-2023 09:00,0,0,0,0,0,0,0,0,0,0,0,0,0,0,0,0,0,0,0,0,0,0,0,0,0,0,0,0,0,0,0,0,0,0,0,0,0,0,0,0,0,0,0,0,"","","","","",""
899,Ujjani Dam Rain Gauge,Maharashtra SW,27,Maharashtra,496,Solapur,-,-,-,-,-,-,-,-,-,18.07402000,75.12002000,20-12-2023 10:00,0,0,0,0,0,0,0,0,0,0,0,0,0,0,0,0,0,0,0,0,0,0,0,0,0,0,0,0,0,0,0,0,0,0,0,0,0,0,0,0,0,0,0,0,"","","","","",""
900,Ujjani Dam Rain Gauge,Maharashtra SW,27,Maharashtra,496,Solapur,-,-,-,-,-,-,-,-,-,18.07402000,75.12002000,20-12-2023 11:00,0,0,0,0,0,0,0,0,0,0,0,0,0,0,0,0,0,0,0,0,0,0,0,0,0,0,0,0,0,0,0,0,0,0,0,0,0,0,0,0,0,0,0,0,"","","","","",""
901,Ujjani Dam Rain Gauge,Maharashtra SW,27,Maharashtra,496,Solapur,-,-,-,-,-,-,-,-,-,18.07402000,75.12002000,20-12-2023 12:00,0,0,0,0,0,0,0,0,0,0,0,0,0,0,0,0,0,0,0,0,0,0,0,0,0,0,0,0,0,0,0,0,0,0,0,0,0,0,0,0,0,0,0,0,"","","","","",""
902,Ujjani Dam Rain Gauge,Maharashtra SW,27,Maharashtra,496,Solapur,-,-,-,-,-,-,-,-,-,18.07402000,75.12002000,20-12-2023 13:00,0,0,0,0,0,0,0,0,0,0,0,0,0,0,0,0,0,0,0,0,0,0,0,0,0,0,0,0,0,0,0,0,0,0,0,0,0,0,0,0,0,0,0,0,"","","","","",""
903,Ujjani Dam Rain Gauge,Maharashtra SW,27,Maharashtra,496,Solapur,-,-,-,-,-,-,-,-,-,18.07402000,75.12002000,20-12-2023 15:00,0,0,0,0,0,0,0,0,0,0,0,0,0,0,0,0,0,0,0,0,0,0,0,0,0,0,0,0,0,0,0,0,0,0,0,0,0,0,0,0,0,0,0,0,"","","","","",""
904,Ujjani Dam Rain Gauge,Maharashtra SW,27,Maharashtra,496,Solapur,-,-,-,-,-,-,-,-,-,18.07402000,75.12002000,20-12-2023 16:00,0,0,0,0,0,0,0,0,0,0,0,0,0,0,0,0,0,0,0,0,0,0,0,0,0,0,0,0,0,0,0,0,0,0,0,0,0,0,0,0,0,0,0,0,"","","","","",""
905,Ujjani Dam Rain Gauge,Maharashtra SW,27,Maharashtra,496,Solapur,-,-,-,-,-,-,-,-,-,18.07402000,75.12002000,20-12-2023 17:00,0,0,0,0,0,0,0,0,0,0,0,0,0,0,0,0,0,0,0,0,0,0,0,0,0,0,0,0,0,0,0,0,0,0,0,0,0,0,0,0,0,0,0,0,"","","","","",""
906,Ujjani Dam Rain Gauge,Maharashtra SW,27,Maharashtra,496,Solapur,-,-,-,-,-,-,-,-,-,18.07402000,75.12002000,20-12-2023 18:00,0,0,0,0,0,0,0,0,0,0,0,0,0,0,0,0,0,0,0,0,0,0,0,0,0,0,0,0,0,0,0,0,0,0,0,0,0,0,0,0,0,0,0,0,"","","","","",""
907,Ujjani Dam Rain Gauge,Maharashtra SW,27,Maharashtra,496,Solapur,-,-,-,-,-,-,-,-,-,18.07402000,75.12002000,20-12-2023 19:00,0,0,0,0,0,0,0,0,0,0,0,0,0,0,0,0,0,0,0,0,0,0,0,0,0,0,0,0,0,0,0,0,0,0,0,0,0,0,0,0,0,0,0,0,"","","","","",""
908,Ujjani Dam Rain Gauge,Maharashtra SW,27,Maharashtra,496,Solapur,-,-,-,-,-,-,-,-,-,18.07402000,75.12002000,20-12-2023 20:00,0,0,0,0,0,0,0,0,0,0,0,0,0,0,0,0,0,0,0,0,0,0,0,0,0,0,0,0,0,0,0,0,0,0,0,0,0,0,0,0,0,0,0,0,"","","","","",""
909,Ujjani Dam Rain Gauge,Maharashtra SW,27,Maharashtra,496,Solapur,-,-,-,-,-,-,-,-,-,18.07402000,75.12002000,20-12-2023 21:00,0,0,0,0,0,0,0,0,0,0,0,0,0,0,0,0,0,0,0,0,0,0,0,0,0,0,0,0,0,0,0,0,0,0,0,0,0,0,0,0,0,0,0,0,"","","","","",""
910,Ujjani Dam Rain Gauge,Maharashtra SW,27,Maharashtra,496,Solapur,-,-,-,-,-,-,-,-,-,18.07402000,75.12002000,20-12-2023 23:00,0,0,0,0,0,0,0,0,0,0,0,0,0,0,0,0,0,0,0,0,0,0,0,0,0,0,0,0,0,0,0,0,0,0,0,0,0,0,0,0,0,0,0,0,"","","","","",""
911,Ujjani Dam Rain Gauge,Maharashtra SW,27,Maharashtra,496,Solapur,-,-,-,-,-,-,-,-,-,18.07402000,75.12002000,21-12-2023 00:00,0,0,0,0,0,0,0,0,0,0,0,0,0,0,0,0,0,0,0,0,0,0,0,0,0,0,0,0,0,0,0,0,0,0,0,0,0,0,0,0,0,0,0,0,"","","","","",""
912,Ujjani Dam Rain Gauge,Maharashtra SW,27,Maharashtra,496,Solapur,-,-,-,-,-,-,-,-,-,18.07402000,75.12002000,21-12-2023 01:00,0,0,0,0,0,0,0,0,0,0,0,0,0,0,0,0,0,0,0,0,0,0,0,0,0,0,0,0,0,0,0,0,0,0,0,0,0,0,0,0,0,0,0,0,"","","","","",""
913,Ujjani Dam Rain Gauge,Maharashtra SW,27,Maharashtra,496,Solapur,-,-,-,-,-,-,-,-,-,18.07402000,75.12002000,21-12-2023 02:00,0,0,0,0,0,0,0,0,0,0,0,0,0,0,0,0,0,0,0,0,0,0,0,0,0,0,0,0,0,0,0,0,0,0,0,0,0,0,0,0,0,0,0,0,"","","","","",""
914,Ujjani Dam Rain Gauge,Maharashtra SW,27,Maharashtra,496,Solapur,-,-,-,-,-,-,-,-,-,18.07402000,75.12002000,21-12-2023 03:00,0,0,0,0,0,0,0,0,0,0,0,0,0,0,0,0,0,0,0,0,0,0,0,0,0,0,0,0,0,0,0,0,0,0,0,0,0,0,0,0,0,0,0,0,"","","","","",""
915,Ujjani Dam Rain Gauge,Maharashtra SW,27,Maharashtra,496,Solapur,-,-,-,-,-,-,-,-,-,18.07402000,75.12002000,21-12-2023 04:00,0,0,0,0,0,0,0,0,0,0,0,0,0,0,0,0,0,0,0,0,0,0,0,0,0,0,0,0,0,0,0,0,0,0,0,0,0,0,0,0,0,0,0,0,"","","","","",""
916,Ujjani Dam Rain Gauge,Maharashtra SW,27,Maharashtra,496,Solapur,-,-,-,-,-,-,-,-,-,18.07402000,75.12002000,21-12-2023 05:00,0,0,0,0,0,0,0,0,0,0,0,0,0,0,0,0,0,0,0,0,0,0,0,0,0,0,0,0,0,0,0,0,0,0,0,0,0,0,0,0,0,0,0,0,"","","","","",""
917,Ujjani Dam Rain Gauge,Maharashtra SW,27,Maharashtra,496,Solapur,-,-,-,-,-,-,-,-,-,18.07402000,75.12002000,21-12-2023 07:00,0,0,0,0,0,0,0,0,0,0,0,0,0,0,0,0,0,0,0,0,0,0,0,0,0,0,0,0,0,0,0,0,0,0,0,0,0,0,0,0,0,0,0,0,"","","","","",""
918,Ujjani Dam Rain Gauge,Maharashtra SW,27,Maharashtra,496,Solapur,-,-,-,-,-,-,-,-,-,18.07402000,75.12002000,21-12-2023 08:00,0,0,0,0,0,0,0,0,0,0,0,0,0,0,0,0,0,0,0,0,0,0,0,0,0,0,0,0,0,0,0,0,0,0,0,0,0,0,0,0,0,0,0,0,"","","","","",""
919,Ujjani Dam Rain Gauge,Maharashtra SW,27,Maharashtra,496,Solapur,-,-,-,-,-,-,-,-,-,18.07402000,75.12002000,21-12-2023 09:00,0,0,0,0,0,0,0,0,0,0,0,0,0,0,0,0,0,0,0,0,0,0,0,0,0,0,0,0,0,0,0,0,0,0,0,0,0,0,0,0,0,0,0,0,"","","","","",""
920,Ujjani Dam Rain Gauge,Maharashtra SW,27,Maharashtra,496,Solapur,-,-,-,-,-,-,-,-,-,18.07402000,75.12002000,21-12-2023 10:00,0,0,0,0,0,0,0,0,0,0,0,0,0,0,0,0,0,0,0,0,0,0,0,0,0,0,0,0,0,0,0,0,0,0,0,0,0,0,0,0,0,0,0,0,"","","","","",""
921,Ujjani Dam Rain Gauge,Maharashtra SW,27,Maharashtra,496,Solapur,-,-,-,-,-,-,-,-,-,18.07402000,75.12002000,21-12-2023 11:00,0,0,0,0,0,0,0,0,0,0,0,0,0,0,0,0,0,0,0,0,0,0,0,0,0,0,0,0,0,0,0,0,0,0,0,0,0,0,0,0,0,0,0,0,"","","","","",""
922,Ujjani Dam Rain Gauge,Maharashtra SW,27,Maharashtra,496,Solapur,-,-,-,-,-,-,-,-,-,18.07402000,75.12002000,21-12-2023 12:00,0,0,0,0,0,0,0,0,0,0,0,0,0,0,0,0,0,0,0,0,0,0,0,0,0,0,0,0,0,0,0,0,0,0,0,0,0,0,0,0,0,0,0,0,"","","","","",""
923,Ujjani Dam Rain Gauge,Maharashtra SW,27,Maharashtra,496,Solapur,-,-,-,-,-,-,-,-,-,18.07402000,75.12002000,21-12-2023 13:00,0,0,0,0,0,0,0,0,0,0,0,0,0,0,0,0,0,0,0,0,0,0,0,0,0,0,0,0,0,0,0,0,0,0,0,0,0,0,0,0,0,0,0,0,"","","","","",""
924,Ujjani Dam Rain Gauge,Maharashtra SW,27,Maharashtra,496,Solapur,-,-,-,-,-,-,-,-,-,18.07402000,75.12002000,21-12-2023 15:00,0,0,0,0,0,0,0,0,0,0,0,0,0,0,0,0,0,0,0,0,0,0,0,0,0,0,0,0,0,0,0,0,0,0,0,0,0,0,0,0,0,0,0,0,"","","","","",""
925,Ujjani Dam Rain Gauge,Maharashtra SW,27,Maharashtra,496,Solapur,-,-,-,-,-,-,-,-,-,18.07402000,75.12002000,21-12-2023 16:00,0,0,0,0,0,0,0,0,0,0,0,0,0,0,0,0,0,0,0,0,0,0,0,0,0,0,0,0,0,0,0,0,0,0,0,0,0,0,0,0,0,0,0,0,"","","","","",""
926,Ujjani Dam Rain Gauge,Maharashtra SW,27,Maharashtra,496,Solapur,-,-,-,-,-,-,-,-,-,18.07402000,75.12002000,21-12-2023 17:00,0,0,0,0,0,0,0,0,0,0,0,0,0,0,0,0,0,0,0,0,0,0,0,0,0,0,0,0,0,0,0,0,0,0,0,0,0,0,0,0,0,0,0,0,"","","","","",""
927,Ujjani Dam Rain Gauge,Maharashtra SW,27,Maharashtra,496,Solapur,-,-,-,-,-,-,-,-,-,18.07402000,75.12002000,21-12-2023 18:00,0,0,0,0,0,0,0,0,0,0,0,0,0,0,0,0,0,0,0,0,0,0,0,0,0,0,0,0,0,0,0,0,0,0,0,0,0,0,0,0,0,0,0,0,"","","","","",""
928,Ujjani Dam Rain Gauge,Maharashtra SW,27,Maharashtra,496,Solapur,-,-,-,-,-,-,-,-,-,18.07402000,75.12002000,21-12-2023 19:00,0,0,0,0,0,0,0,0,0,0,0,0,0,0,0,0,0,0,0,0,0,0,0,0,0,0,0,0,0,0,0,0,0,0,0,0,0,0,0,0,0,0,0,0,"","","","","",""
929,Ujjani Dam Rain Gauge,Maharashtra SW,27,Maharashtra,496,Solapur,-,-,-,-,-,-,-,-,-,18.07402000,75.12002000,21-12-2023 20:00,0,0,0,0,0,0,0,0,0,0,0,0,0,0,0,0,0,0,0,0,0,0,0,0,0,0,0,0,0,0,0,0,0,0,0,0,0,0,0,0,0,0,0,0,"","","","","",""
930,Ujjani Dam Rain Gauge,Maharashtra SW,27,Maharashtra,496,Solapur,-,-,-,-,-,-,-,-,-,18.07402000,75.12002000,21-12-2023 21:00,0,0,0,0,0,0,0,0,0,0,0,0,0,0,0,0,0,0,0,0,0,0,0,0,0,0,0,0,0,0,0,0,0,0,0,0,0,0,0,0,0,0,0,0,"","","","","",""
931,Ujjani Dam Rain Gauge,Maharashtra SW,27,Maharashtra,496,Solapur,-,-,-,-,-,-,-,-,-,18.07402000,75.12002000,21-12-2023 23:00,0,0,0,0,0,0,0,0,0,0,0,0,0,0,0,0,0,0,0,0,0,0,0,0,0,0,0,0,0,0,0,0,0,0,0,0,0,0,0,0,0,0,0,0,"","","","","",""
932,Ujjani Dam Rain Gauge,Maharashtra SW,27,Maharashtra,496,Solapur,-,-,-,-,-,-,-,-,-,18.07402000,75.12002000,22-12-2023 00:00,0,0,0,0,0,0,0,0,0,0,0,0,0,0,0,0,0,0,0,0,0,0,0,0,0,0,0,0,0,0,0,0,0,0,0,0,0,0,0,0,0,0,0,0,"","","","","",""
933,Ujjani Dam Rain Gauge,Maharashtra SW,27,Maharashtra,496,Solapur,-,-,-,-,-,-,-,-,-,18.07402000,75.12002000,22-12-2023 01:00,0,0,0,0,0,0,0,0,0,0,0,0,0,0,0,0,0,0,0,0,0,0,0,0,0,0,0,0,0,0,0,0,0,0,0,0,0,0,0,0,0,0,0,0,"","","","","",""
934,Ujjani Dam Rain Gauge,Maharashtra SW,27,Maharashtra,496,Solapur,-,-,-,-,-,-,-,-,-,18.07402000,75.12002000,22-12-2023 02:00,0,0,0,0,0,0,0,0,0,0,0,0,0,0,0,0,0,0,0,0,0,0,0,0,0,0,0,0,0,0,0,0,0,0,0,0,0,0,0,0,0,0,0,0,"","","","","",""
935,Ujjani Dam Rain Gauge,Maharashtra SW,27,Maharashtra,496,Solapur,-,-,-,-,-,-,-,-,-,18.07402000,75.12002000,22-12-2023 03:00,0,0,0,0,0,0,0,0,0,0,0,0,0,0,0,0,0,0,0,0,0,0,0,0,0,0,0,0,0,0,0,0,0,0,0,0,0,0,0,0,0,0,0,0,"","","","","",""
936,Ujjani Dam Rain Gauge,Maharashtra SW,27,Maharashtra,496,Solapur,-,-,-,-,-,-,-,-,-,18.07402000,75.12002000,22-12-2023 04:00,0,0,0,0,0,0,0,0,0,0,0,0,0,0,0,0,0,0,0,0,0,0,0,0,0,0,0,0,0,0,0,0,0,0,0,0,0,0,0,0,0,0,0,0,"","","","","",""
937,Ujjani Dam Rain Gauge,Maharashtra SW,27,Maharashtra,496,Solapur,-,-,-,-,-,-,-,-,-,18.07402000,75.12002000,22-12-2023 05:00,0,0,0,0,0,0,0,0,0,0,0,0,0,0,0,0,0,0,0,0,0,0,0,0,0,0,0,0,0,0,0,0,0,0,0,0,0,0,0,0,0,0,0,0,"","","","","",""
938,Ujjani Dam Rain Gauge,Maharashtra SW,27,Maharashtra,496,Solapur,-,-,-,-,-,-,-,-,-,18.07402000,75.12002000,22-12-2023 07:00,0,0,0,0,0,0,0,0,0,0,0,0,0,0,0,0,0,0,0,0,0,0,0,0,0,0,0,0,0,0,0,0,0,0,0,0,0,0,0,0,0,0,0,0,"","","","","",""
939,Ujjani Dam Rain Gauge,Maharashtra SW,27,Maharashtra,496,Solapur,-,-,-,-,-,-,-,-,-,18.07402000,75.12002000,22-12-2023 09:00,0,0,0,0,0,0,0,0,0,0,0,0,0,0,0,0,0,0,0,0,0,0,0,0,0,0,0,0,0,0,0,0,0,0,0,0,0,0,0,0,0,0,0,0,"","","","","",""
940,Ujjani Dam Rain Gauge,Maharashtra SW,27,Maharashtra,496,Solapur,-,-,-,-,-,-,-,-,-,18.07402000,75.12002000,22-12-2023 10:00,0,0,0,0,0,0,0,0,0,0,0,0,0,0,0,0,0,0,0,0,0,0,0,0,0,0,0,0,0,0,0,0,0,0,0,0,0,0,0,0,0,0,0,0,"","","","","",""
941,Ujjani Dam Rain Gauge,Maharashtra SW,27,Maharashtra,496,Solapur,-,-,-,-,-,-,-,-,-,18.07402000,75.12002000,22-12-2023 11:00,0,0,0,0,0,0,0,0,0,0,0,0,0,0,0,0,0,0,0,0,0,0,0,0,0,0,0,0,0,0,0,0,0,0,0,0,0,0,0,0,0,0,0,0,"","","","","",""
942,Ujjani Dam Rain Gauge,Maharashtra SW,27,Maharashtra,496,Solapur,-,-,-,-,-,-,-,-,-,18.07402000,75.12002000,22-12-2023 12:00,0,0,0,0,0,0,0,0,0,0,0,0,0,0,0,0,0,0,0,0,0,0,0,0,0,0,0,0,0,0,0,0,0,0,0,0,0,0,0,0,0,0,0,0,"","","","","",""
943,Ujjani Dam Rain Gauge,Maharashtra SW,27,Maharashtra,496,Solapur,-,-,-,-,-,-,-,-,-,18.07402000,75.12002000,22-12-2023 14:00,0,0,0,0,0,0,0,0,0,0,0,0,0,0,0,0,0,0,0,0,0,0,0,0,0,0,0,0,0,0,0,0,0,0,0,0,0,0,0,0,0,0,0,0,"","","","","",""
944,Ujjani Dam Rain Gauge,Maharashtra SW,27,Maharashtra,496,Solapur,-,-,-,-,-,-,-,-,-,18.07402000,75.12002000,22-12-2023 15:00,0,0,0,0,0,0,0,0,0,0,0,0,0,0,0,0,0,0,0,0,0,0,0,0,0,0,0,0,0,0,0,0,0,0,0,0,0,0,0,0,0,0,0,0,"","","","","",""
945,Ujjani Dam Rain Gauge,Maharashtra SW,27,Maharashtra,496,Solapur,-,-,-,-,-,-,-,-,-,18.07402000,75.12002000,22-12-2023 16:00,0,0,0,0,0,0,0,0,0,0,0,0,0,0,0,0,0,0,0,0,0,0,0,0,0,0,0,0,0,0,0,0,0,0,0,0,0,0,0,0,0,0,0,0,"","","","","",""
946,Ujjani Dam Rain Gauge,Maharashtra SW,27,Maharashtra,496,Solapur,-,-,-,-,-,-,-,-,-,18.07402000,75.12002000,22-12-2023 17:00,0,0,0,0,0,0,0,0,0,0,0,0,0,0,0,0,0,0,0,0,0,0,0,0,0,0,0,0,0,0,0,0,0,0,0,0,0,0,0,0,0,0,0,0,"","","","","",""
947,Ujjani Dam Rain Gauge,Maharashtra SW,27,Maharashtra,496,Solapur,-,-,-,-,-,-,-,-,-,18.07402000,75.12002000,22-12-2023 18:00,0,0,0,0,0,0,0,0,0,0,0,0,0,0,0,0,0,0,0,0,0,0,0,0,0,0,0,0,0,0,0,0,0,0,0,0,0,0,0,0,0,0,0,0,"","","","","",""
948,Ujjani Dam Rain Gauge,Maharashtra SW,27,Maharashtra,496,Solapur,-,-,-,-,-,-,-,-,-,18.07402000,75.12002000,22-12-2023 19:00,0,0,0,0,0,0,0,0,0,0,0,0,0,0,0,0,0,0,0,0,0,0,0,0,0,0,0,0,0,0,0,0,0,0,0,0,0,0,0,0,0,0,0,0,"","","","","",""
949,Ujjani Dam Rain Gauge,Maharashtra SW,27,Maharashtra,496,Solapur,-,-,-,-,-,-,-,-,-,18.07402000,75.12002000,22-12-2023 20:00,0,0,0,0,0,0,0,0,0,0,0,0,0,0,0,0,0,0,0,0,0,0,0,0,0,0,0,0,0,0,0,0,0,0,0,0,0,0,0,0,0,0,0,0,"","","","","",""
950,Ujjani Dam Rain Gauge,Maharashtra SW,27,Maharashtra,496,Solapur,-,-,-,-,-,-,-,-,-,18.07402000,75.12002000,22-12-2023 22:00,0,0,0,0,0,0,0,0,0,0,0,0,0,0,0,0,0,0,0,0,0,0,0,0,0,0,0,0,0,0,0,0,0,0,0,0,0,0,0,0,0,0,0,0,"","","","","",""
951,Ujjani Dam Rain Gauge,Maharashtra SW,27,Maharashtra,496,Solapur,-,-,-,-,-,-,-,-,-,18.07402000,75.12002000,22-12-2023 23:00,0,0,0,0,0,0,0,0,0,0,0,0,0,0,0,0,0,0,0,0,0,0,0,0,0,0,0,0,0,0,0,0,0,0,0,0,0,0,0,0,0,0,0,0,"","","","","",""
952,Ujjani Dam Rain Gauge,Maharashtra SW,27,Maharashtra,496,Solapur,-,-,-,-,-,-,-,-,-,18.07402000,75.12002000,23-12-2023 00:00,0,0,0,0,0,0,0,0,0,0,0,0,0,0,0,0,0,0,0,0,0,0,0,0,0,0,0,0,0,0,0,0,0,0,0,0,0,0,0,0,0,0,0,0,"","","","","",""
953,Ujjani Dam Rain Gauge,Maharashtra SW,27,Maharashtra,496,Solapur,-,-,-,-,-,-,-,-,-,18.07402000,75.12002000,23-12-2023 01:00,0,0,0,0,0,0,0,0,0,0,0,0,0,0,0,0,0,0,0,0,0,0,0,0,0,0,0,0,0,0,0,0,0,0,0,0,0,0,0,0,0,0,0,0,"","","","","",""
954,Ujjani Dam Rain Gauge,Maharashtra SW,27,Maharashtra,496,Solapur,-,-,-,-,-,-,-,-,-,18.07402000,75.12002000,23-12-2023 02:00,0,0,0,0,0,0,0,0,0,0,0,0,0,0,0,0,0,0,0,0,0,0,0,0,0,0,0,0,0,0,0,0,0,0,0,0,0,0,0,0,0,0,0,0,"","","","","",""
955,Ujjani Dam Rain Gauge,Maharashtra SW,27,Maharashtra,496,Solapur,-,-,-,-,-,-,-,-,-,18.07402000,75.12002000,23-12-2023 03:00,0,0,0,0,0,0,0,0,0,0,0,0,0,0,0,0,0,0,0,0,0,0,0,0,0,0,0,0,0,0,0,0,0,0,0,0,0,0,0,0,0,0,0,0,"","","","","",""
956,Ujjani Dam Rain Gauge,Maharashtra SW,27,Maharashtra,496,Solapur,-,-,-,-,-,-,-,-,-,18.07402000,75.12002000,23-12-2023 04:00,0,0,0,0,0,0,0,0,0,0,0,0,0,0,0,0,0,0,0,0,0,0,0,0,0,0,0,0,0,0,0,0,0,0,0,0,0,0,0,0,0,0,0,0,"","","","","",""
957,Ujjani Dam Rain Gauge,Maharashtra SW,27,Maharashtra,496,Solapur,-,-,-,-,-,-,-,-,-,18.07402000,75.12002000,23-12-2023 06:00,0,0,0,0,0,0,0,0,0,0,0,0,0,0,0,0,0,0,0,0,0,0,0,0,0,0,0,0,0,0,0,0,0,0,0,0,0,0,0,0,0,0,0,0,"","","","","",""
958,Ujjani Dam Rain Gauge,Maharashtra SW,27,Maharashtra,496,Solapur,-,-,-,-,-,-,-,-,-,18.07402000,75.12002000,23-12-2023 07:00,0,0,0,0,0,0,0,0,0,0,0,0,0,0,0,0,0,0,0,0,0,0,0,0,0,0,0,0,0,0,0,0,0,0,0,0,0,0,0,0,0,0,0,0,"","","","","",""
959,Ujjani Dam Rain Gauge,Maharashtra SW,27,Maharashtra,496,Solapur,-,-,-,-,-,-,-,-,-,18.07402000,75.12002000,23-12-2023 08:00,0,0,0,0,0,0,0,0,0,0,0,0,0,0,0,0,0,0,0,0,0,0,0,0,0,0,0,0,0,0,0,0,0,0,0,0,0,0,0,0,0,0,0,0,"","","","","",""
960,Ujjani Dam Rain Gauge,Maharashtra SW,27,Maharashtra,496,Solapur,-,-,-,-,-,-,-,-,-,18.07402000,75.12002000,23-12-2023 09:00,0,0,0,0,0,0,0,0,0,0,0,0,0,0,0,0,0,0,0,0,0,0,0,0,0,0,0,0,0,0,0,0,0,0,0,0,0,0,0,0,0,0,0,0,"","","","","",""
961,Ujjani Dam Rain Gauge,Maharashtra SW,27,Maharashtra,496,Solapur,-,-,-,-,-,-,-,-,-,18.07402000,75.12002000,23-12-2023 10:00,0,0,0,0,0,0,0,0,0,0,0,0,0,0,0,0,0,0,0,0,0,0,0,0,0,0,0,0,0,0,0,0,0,0,0,0,0,0,0,0,0,0,0,0,"","","","","",""
962,Ujjani Dam Rain Gauge,Maharashtra SW,27,Maharashtra,496,Solapur,-,-,-,-,-,-,-,-,-,18.07402000,75.12002000,23-12-2023 11:00,0,0,0,0,0,0,0,0,0,0,0,0,0,0,0,0,0,0,0,0,0,0,0,0,0,0,0,0,0,0,0,0,0,0,0,0,0,0,0,0,0,0,0,0,"","","","","",""
963,Ujjani Dam Rain Gauge,Maharashtra SW,27,Maharashtra,496,Solapur,-,-,-,-,-,-,-,-,-,18.07402000,75.12002000,23-12-2023 12:00,0,0,0,0,0,0,0,0,0,0,0,0,0,0,0,0,0,0,0,0,0,0,0,0,0,0,0,0,0,0,0,0,0,0,0,0,0,0,0,0,0,0,0,0,"","","","","",""
964,Ujjani Dam Rain Gauge,Maharashtra SW,27,Maharashtra,496,Solapur,-,-,-,-,-,-,-,-,-,18.07402000,75.12002000,23-12-2023 14:00,0,0,0,0,0,0,0,0,0,0,0,0,0,0,0,0,0,0,0,0,0,0,0,0,0,0,0,0,0,0,0,0,0,0,0,0,0,0,0,0,0,0,0,0,"","","","","",""
965,Ujjani Dam Rain Gauge,Maharashtra SW,27,Maharashtra,496,Solapur,-,-,-,-,-,-,-,-,-,18.07402000,75.12002000,23-12-2023 15:00,0,0,0,0,0,0,0,0,0,0,0,0,0,0,0,0,0,0,0,0,0,0,0,0,0,0,0,0,0,0,0,0,0,0,0,0,0,0,0,0,0,0,0,0,"","","","","",""
966,Ujjani Dam Rain Gauge,Maharashtra SW,27,Maharashtra,496,Solapur,-,-,-,-,-,-,-,-,-,18.07402000,75.12002000,23-12-2023 16:00,0,0,0,0,0,0,0,0,0,0,0,0,0,0,0,0,0,0,0,0,0,0,0,0,0,0,0,0,0,0,0,0,0,0,0,0,0,0,0,0,0,0,0,0,"","","","","",""
967,Ujjani Dam Rain Gauge,Maharashtra SW,27,Maharashtra,496,Solapur,-,-,-,-,-,-,-,-,-,18.07402000,75.12002000,23-12-2023 17:00,0,0,0,0,0,0,0,0,0,0,0,0,0,0,0,0,0,0,0,0,0,0,0,0,0,0,0,0,0,0,0,0,0,0,0,0,0,0,0,0,0,0,0,0,"","","","","",""
968,Ujjani Dam Rain Gauge,Maharashtra SW,27,Maharashtra,496,Solapur,-,-,-,-,-,-,-,-,-,18.07402000,75.12002000,23-12-2023 18:00,0,0,0,0,0,0,0,0,0,0,0,0,0,0,0,0,0,0,0,0,0,0,0,0,0,0,0,0,0,0,0,0,0,0,0,0,0,0,0,0,0,0,0,0,"","","","","",""
969,Ujjani Dam Rain Gauge,Maharashtra SW,27,Maharashtra,496,Solapur,-,-,-,-,-,-,-,-,-,18.07402000,75.12002000,23-12-2023 19:00,0,0,0,0,0,0,0,0,0,0,0,0,0,0,0,0,0,0,0,0,0,0,0,0,0,0,0,0,0,0,0,0,0,0,0,0,0,0,0,0,0,0,0,0,"","","","","",""
970,Ujjani Dam Rain Gauge,Maharashtra SW,27,Maharashtra,496,Solapur,-,-,-,-,-,-,-,-,-,18.07402000,75.12002000,23-12-2023 20:00,0,0,0,0,0,0,0,0,0,0,0,0,0,0,0,0,0,0,0,0,0,0,0,0,0,0,0,0,0,0,0,0,0,0,0,0,0,0,0,0,0,0,0,0,"","","","","",""
971,Ujjani Dam Rain Gauge,Maharashtra SW,27,Maharashtra,496,Solapur,-,-,-,-,-,-,-,-,-,18.07402000,75.12002000,23-12-2023 22:00,0,0,0,0,0,0,0,0,0,0,0,0,0,0,0,0,0,0,0,0,0,0,0,0,0,0,0,0,0,0,0,0,0,0,0,0,0,0,0,0,0,0,0,0,"","","","","",""
972,Ujjani Dam Rain Gauge,Maharashtra SW,27,Maharashtra,496,Solapur,-,-,-,-,-,-,-,-,-,18.07402000,75.12002000,23-12-2023 23:00,0,0,0,0,0,0,0,0,0,0,0,0,0,0,0,0,0,0,0,0,0,0,0,0,0,0,0,0,0,0,0,0,0,0,0,0,0,0,0,0,0,0,0,0,"","","","","",""
973,Ujjani Dam Rain Gauge,Maharashtra SW,27,Maharashtra,496,Solapur,-,-,-,-,-,-,-,-,-,18.07402000,75.12002000,24-12-2023 00:00,0,0,0,0,0,0,0,0,0,0,0,0,0,0,0,0,0,0,0,0,0,0,0,0,0,0,0,0,0,0,0,0,0,0,0,0,0,0,0,0,0,0,0,0,"","","","","",""
974,Ujjani Dam Rain Gauge,Maharashtra SW,27,Maharashtra,496,Solapur,-,-,-,-,-,-,-,-,-,18.07402000,75.12002000,24-12-2023 01:00,0,0,0,0,0,0,0,0,0,0,0,0,0,0,0,0,0,0,0,0,0,0,0,0,0,0,0,0,0,0,0,0,0,0,0,0,0,0,0,0,0,0,0,0,"","","","","",""
975,Ujjani Dam Rain Gauge,Maharashtra SW,27,Maharashtra,496,Solapur,-,-,-,-,-,-,-,-,-,18.07402000,75.12002000,24-12-2023 02:00,0,0,0,0,0,0,0,0,0,0,0,0,0,0,0,0,0,0,0,0,0,0,0,0,0,0,0,0,0,0,0,0,0,0,0,0,0,0,0,0,0,0,0,0,"","","","","",""
976,Ujjani Dam Rain Gauge,Maharashtra SW,27,Maharashtra,496,Solapur,-,-,-,-,-,-,-,-,-,18.07402000,75.12002000,24-12-2023 03:00,0,0,0,0,0,0,0,0,0,0,0,0,0,0,0,0,0,0,0,0,0,0,0,0,0,0,0,0,0,0,0,0,0,0,0,0,0,0,0,0,0,0,0,0,"","","","","",""
977,Ujjani Dam Rain Gauge,Maharashtra SW,27,Maharashtra,496,Solapur,-,-,-,-,-,-,-,-,-,18.07402000,75.12002000,24-12-2023 04:00,0,0,0,0,0,0,0,0,0,0,0,0,0,0,0,0,0,0,0,0,0,0,0,0,0,0,0,0,0,0,0,0,0,0,0,0,0,0,0,0,0,0,0,0,"","","","","",""
978,Ujjani Dam Rain Gauge,Maharashtra SW,27,Maharashtra,496,Solapur,-,-,-,-,-,-,-,-,-,18.07402000,75.12002000,24-12-2023 06:00,0,0,0,0,0,0,0,0,0,0,0,0,0,0,0,0,0,0,0,0,0,0,0,0,0,0,0,0,0,0,0,0,0,0,0,0,0,0,0,0,0,0,0,0,"","","","","",""
979,Ujjani Dam Rain Gauge,Maharashtra SW,27,Maharashtra,496,Solapur,-,-,-,-,-,-,-,-,-,18.07402000,75.12002000,24-12-2023 07:00,0,0,0,0,0,0,0,0,0,0,0,0,0,0,0,0,0,0,0,0,0,0,0,0,0,0,0,0,0,0,0,0,0,0,0,0,0,0,0,0,0,0,0,0,"","","","","",""
980,Ujjani Dam Rain Gauge,Maharashtra SW,27,Maharashtra,496,Solapur,-,-,-,-,-,-,-,-,-,18.07402000,75.12002000,24-12-2023 08:00,0,0,0,0,0,0,0,0,0,0,0,0,0,0,0,0,0,0,0,0,0,0,0,0,0,0,0,0,0,0,0,0,0,0,0,"",0,0,0,0,0,0,0,0,"","","","","",""
981,Ujjani Dam Rain Gauge,Maharashtra SW,27,Maharashtra,496,Solapur,-,-,-,-,-,-,-,-,-,18.07402000,75.12002000,24-12-2023 09:00,0,0,0,0,0,0,0,0,0,0,0,0,0,0,0,0,0,0,0,0,0,0,0,0,0,0,0,0,0,0,0,0,0,0,0,0,0,0,0,0,0,0,0,0,"","","","","",""
982,Ujjani Dam Rain Gauge,Maharashtra SW,27,Maharashtra,496,Solapur,-,-,-,-,-,-,-,-,-,18.07402000,75.12002000,24-12-2023 10:00,0,0,0,0,0,0,0,0,0,0,0,0,0,0,0,0,0,0,0,0,0,0,0,0,0,0,0,0,0,0,0,0,0,0,0,0,0,0,0,0,0,0,0,0,"","","","","",""
983,Ujjani Dam Rain Gauge,Maharashtra SW,27,Maharashtra,496,Solapur,-,-,-,-,-,-,-,-,-,18.07402000,75.12002000,24-12-2023 11:00,0,0,0,0,0,0,0,0,0,0,0,0,0,0,0,0,0,0,0,0,0,0,0,0,0,0,0,0,0,0,0,0,0,0,0,0,0,0,0,0,0,0,0,0,"","","","","",""
984,Ujjani Dam Rain Gauge,Maharashtra SW,27,Maharashtra,496,Solapur,-,-,-,-,-,-,-,-,-,18.07402000,75.12002000,24-12-2023 12:00,0,0,0,0,0,0,0,0,0,0,0,0,0,0,0,0,0,0,0,0,0,0,0,0,0,0,0,0,0,0,0,0,0,0,0,0,0,0,0,0,0,0,0,0,"","","","","",""
985,Ujjani Dam Rain Gauge,Maharashtra SW,27,Maharashtra,496,Solapur,-,-,-,-,-,-,-,-,-,18.07402000,75.12002000,24-12-2023 14:00,0,0,0,0,0,0,0,0,0,0,0,0,0,0,0,0,0,0,0,0,0,0,0,0,0,0,0,0,0,0,0,0,0,0,0,0,0,0,0,0,0,0,0,0,"","","","","",""
986,Ujjani Dam Rain Gauge,Maharashtra SW,27,Maharashtra,496,Solapur,-,-,-,-,-,-,-,-,-,18.07402000,75.12002000,24-12-2023 15:00,0,0,0,0,0,0,0,0,0,0,0,0,0,0,0,0,0,0,0,0,0,0,0,0,0,0,0,0,0,0,0,0,0,0,0,0,0,0,0,0,0,0,0,0,"","","","","",""
987,Ujjani Dam Rain Gauge,Maharashtra SW,27,Maharashtra,496,Solapur,-,-,-,-,-,-,-,-,-,18.07402000,75.12002000,24-12-2023 16:00,0,0,0,0,0,0,0,0,0,0,0,0,0,0,0,0,0,0,0,0,0,0,0,0,0,0,0,0,0,0,0,0,0,0,0,0,0,0,0,0,0,0,0,0,"","","","","",""
988,Ujjani Dam Rain Gauge,Maharashtra SW,27,Maharashtra,496,Solapur,-,-,-,-,-,-,-,-,-,18.07402000,75.12002000,24-12-2023 17:00,0,0,0,0,0,0,0,0,0,0,0,0,0,0,0,0,0,0,0,0,0,0,0,0,0,0,0,0,0,0,0,0,0,0,0,0,0,0,0,0,0,0,0,0,"","","","","",""
989,Ujjani Dam Rain Gauge,Maharashtra SW,27,Maharashtra,496,Solapur,-,-,-,-,-,-,-,-,-,18.07402000,75.12002000,24-12-2023 18:00,0,0,0,0,0,0,0,0,0,0,0,0,0,0,0,0,0,0,0,0,0,0,0,0,0,0,0,0,0,0,0,0,0,0,0,0,0,0,0,0,0,0,0,0,"","","","","",""
990,Ujjani Dam Rain Gauge,Maharashtra SW,27,Maharashtra,496,Solapur,-,-,-,-,-,-,-,-,-,18.07402000,75.12002000,24-12-2023 19:00,0,0,0,0,0,0,0,0,0,0,0,0,0,0,0,0,0,0,0,0,0,0,0,0,0,0,0,0,0,0,0,0,0,0,0,0,0,0,0,0,0,0,0,0,"","","","","",""
991,Ujjani Dam Rain Gauge,Maharashtra SW,27,Maharashtra,496,Solapur,-,-,-,-,-,-,-,-,-,18.07402000,75.12002000,24-12-2023 20:00,0,0,0,0,0,0,0,0,0,0,0,0,0,0,0,0,0,0,0,0,0,0,0,0,0,0,0,0,0,0,0,0,0,0,0,0,0,0,0,0,0,0,0,0,"","","","","",""
992,Ujjani Dam Rain Gauge,Maharashtra SW,27,Maharashtra,496,Solapur,-,-,-,-,-,-,-,-,-,18.07402000,75.12002000,24-12-2023 22:00,0,0,0,0,0,0,0,0,0,0,0,0,0,0,0,0,0,0,0,0,0,0,0,0,0,0,0,0,0,0,0,0,0,0,0,0,0,0,0,0,0,0,0,0,"","","","","",""
993,Ujjani Dam Rain Gauge,Maharashtra SW,27,Maharashtra,496,Solapur,-,-,-,-,-,-,-,-,-,18.07402000,75.12002000,24-12-2023 23:00,0,0,0,0,0,0,0,0,0,0,0,0,0,0,0,0,0,0,0,0,0,0,0,0,0,0,0,0,0,0,0,0,0,0,0,0,0,0,0,0,0,0,0,0,"","","","","",""
994,Ujjani Dam Rain Gauge,Maharashtra SW,27,Maharashtra,496,Solapur,-,-,-,-,-,-,-,-,-,18.07402000,75.12002000,25-12-2023 00:00,0,0,0,0,0,0,0,0,0,0,0,0,0,0,0,0,0,0,0,0,0,0,0,0,0,0,0,0,0,0,0,0,0,0,0,0,0,0,0,0,0,0,0,0,"","","","","",""
995,Ujjani Dam Rain Gauge,Maharashtra SW,27,Maharashtra,496,Solapur,-,-,-,-,-,-,-,-,-,18.07402000,75.12002000,25-12-2023 01:00,0,0,0,0,0,0,0,0,0,0,0,0,0,0,0,0,0,0,0,0,0,0,0,0,0,0,0,0,0,0,0,0,0,0,0,0,0,0,0,0,0,0,0,0,"","","","","",""
996,Ujjani Dam Rain Gauge,Maharashtra SW,27,Maharashtra,496,Solapur,-,-,-,-,-,-,-,-,-,18.07402000,75.12002000,25-12-2023 02:00,0,0,0,0,0,0,0,0,0,0,0,0,0,0,0,0,0,0,0,0,0,0,0,0,0,0,0,0,0,0,0,0,0,0,0,0,0,0,0,0,0,0,0,0,"","","","","",""
997,Ujjani Dam Rain Gauge,Maharashtra SW,27,Maharashtra,496,Solapur,-,-,-,-,-,-,-,-,-,18.07402000,75.12002000,25-12-2023 03:00,0,0,0,0,0,0,0,0,0,0,0,0,0,0,0,0,0,0,0,0,0,0,0,0,0,0,0,0,0,0,0,0,0,0,0,0,0,0,0,0,0,0,0,0,"","","","","",""
998,Ujjani Dam Rain Gauge,Maharashtra SW,27,Maharashtra,496,Solapur,-,-,-,-,-,-,-,-,-,18.07402000,75.12002000,25-12-2023 04:00,0,0,0,0,0,0,0,0,0,0,0,0,0,0,0,0,0,0,0,0,0,0,0,0,0,0,0,0,0,0,0,0,0,0,0,0,0,0,0,0,0,0,0,0,"","","","","",""
999,Ujjani Dam Rain Gauge,Maharashtra SW,27,Maharashtra,496,Solapur,-,-,-,-,-,-,-,-,-,18.07402000,75.12002000,25-12-2023 06:00,0,0,0,0,0,0,0,0,0,0,0,0,0,0,0,0,0,0,0,0,0,0,0,0,0,0,0,0,0,0,0,0,0,0,0,0,0,0,0,0,0,0,0,0,"","","","","",""
1000,Ujjani Dam Rain Gauge,Maharashtra SW,27,Maharashtra,496,Solapur,-,-,-,-,-,-,-,-,-,18.07402000,75.12002000,25-12-2023 07:00,0,0,0,0,0,0,0,0,0,0,0,0,0,0,0,0,0,0,0,0,0,0,0,0,0,0,0,0,0,0,0,0,0,0,0,0,0,0,0,0,0,0,0,0,"","","","","",""
1001,Ujjani Dam Rain Gauge,Maharashtra SW,27,Maharashtra,496,Solapur,-,-,-,-,-,-,-,-,-,18.07402000,75.12002000,25-12-2023 08:00,0,0,0,0,0,0,0,0,0,0,0,0,0,0,0,0,0,0,0,0,0,0,0,0,0,0,0,0,0,0,0,0,0,0,0,0,0,0,0,0,0,0,0,0,"","","","","",""
1002,Ujjani Dam Rain Gauge,Maharashtra SW,27,Maharashtra,496,Solapur,-,-,-,-,-,-,-,-,-,18.07402000,75.12002000,25-12-2023 09:00,0,0,0,0,0,0,0,0,0,0,0,0,0,0,0,0,0,0,0,0,0,0,0,0,0,0,0,0,0,0,0,0,0,0,0,0,0,0,0,0,0,0,0,0,"","","","","",""
1003,Ujjani Dam Rain Gauge,Maharashtra SW,27,Maharashtra,496,Solapur,-,-,-,-,-,-,-,-,-,18.07402000,75.12002000,25-12-2023 10:00,0,0,0,0,0,0,0,0,0,0,0,0,0,0,0,0,0,0,0,0,0,0,0,0,0,0,0,0,0,0,0,0,0,0,0,0,0,0,0,0,0,0,0,0,"","","","","",""
1004,Ujjani Dam Rain Gauge,Maharashtra SW,27,Maharashtra,496,Solapur,-,-,-,-,-,-,-,-,-,18.07402000,75.12002000,25-12-2023 11:00,0,0,0,0,0,0,0,0,0,0,0,0,0,0,0,0,0,0,0,0,0,0,0,0,0,0,0,0,0,0,0,0,0,0,0,0,0,0,0,0,0,0,0,0,"","","","","",""
1005,Ujjani Dam Rain Gauge,Maharashtra SW,27,Maharashtra,496,Solapur,-,-,-,-,-,-,-,-,-,18.07402000,75.12002000,25-12-2023 13:00,0,0,0,0,0,0,0,0,0,0,0,0,0,0,0,0,0,0,0,0,0,0,0,0,0,0,0,0,0,0,0,0,0,0,0,0,0,0,0,0,0,0,0,0,"","","","","",""
1006,Ujjani Dam Rain Gauge,Maharashtra SW,27,Maharashtra,496,Solapur,-,-,-,-,-,-,-,-,-,18.07402000,75.12002000,25-12-2023 14:00,0,0,0,0,0,0,0,0,0,0,0,0,0,0,0,0,0,0,0,0,0,0,0,0,0,0,0,0,0,0,0,0,0,0,0,0,0,0,0,0,0,0,0,0,"","","","","",""
1007,Ujjani Dam Rain Gauge,Maharashtra SW,27,Maharashtra,496,Solapur,-,-,-,-,-,-,-,-,-,18.07402000,75.12002000,25-12-2023 15:00,0,0,0,0,0,0,0,0,0,0,0,0,0,0,0,0,0,0,0,0,0,0,0,0,0,0,0,0,0,0,0,0,0,0,0,0,0,0,0,0,0,0,0,0,"","","","","",""
1008,Ujjani Dam Rain Gauge,Maharashtra SW,27,Maharashtra,496,Solapur,-,-,-,-,-,-,-,-,-,18.07402000,75.12002000,25-12-2023 16:00,0,0,0,0,0,0,0,0,0,0,0,0,0,0,0,0,0,0,0,0,0,0,0,0,0,0,0,0,0,0,0,0,0,0,0,0,0,0,0,0,0,0,0,0,"","","","","",""
1009,Ujjani Dam Rain Gauge,Maharashtra SW,27,Maharashtra,496,Solapur,-,-,-,-,-,-,-,-,-,18.07402000,75.12002000,25-12-2023 17:00,0,0,0,0,0,0,0,0,0,0,0,0,0,0,0,0,0,0,0,0,0,0,0,0,0,0,0,0,0,0,0,0,0,0,0,0,0,0,0,0,0,0,0,0,"","","","","",""
1010,Ujjani Dam Rain Gauge,Maharashtra SW,27,Maharashtra,496,Solapur,-,-,-,-,-,-,-,-,-,18.07402000,75.12002000,25-12-2023 22:00,0,0,0,0,0,0,0,0,0,0,0,0,0,0,0,0,0,0,0,0,0,0,0,0,0,0,0,0,0,0,0,0,0,0,0,0,0,0,0,0,0,0,0,0,"","","","","",""
1011,Ujjani Dam Rain Gauge,Maharashtra SW,27,Maharashtra,496,Solapur,-,-,-,-,-,-,-,-,-,18.07402000,75.12002000,25-12-2023 23:00,0,0,0,0,0,0,0,0,0,0,0,0,0,0,0,0,0,0,0,0,0,0,0,0,0,0,0,0,0,0,0,0,0,0,0,0,0,0,0,0,0,0,0,0,"","","","","",""
1012,Ujjani Dam Rain Gauge,Maharashtra SW,27,Maharashtra,496,Solapur,-,-,-,-,-,-,-,-,-,18.07402000,75.12002000,26-12-2023 00:00,0,0,0,0,0,0,0,0,0,0,0,0,0,0,0,0,0,0,0,0,0,0,0,0,0,0,0,0,0,0,0,0,0,0,0,0,0,0,0,0,0,0,0,0,"","","","","",""
1013,Ujjani Dam Rain Gauge,Maharashtra SW,27,Maharashtra,496,Solapur,-,-,-,-,-,-,-,-,-,18.07402000,75.12002000,26-12-2023 01:00,0,0,0,0,0,0,0,0,0,0,0,0,0,0,0,0,0,0,0,0,0,0,0,0,0,0,0,0,0,0,0,0,0,0,0,0,0,0,0,0,0,0,0,0,"","","","","",""
1014,Ujjani Dam Rain Gauge,Maharashtra SW,27,Maharashtra,496,Solapur,-,-,-,-,-,-,-,-,-,18.07402000,75.12002000,26-12-2023 02:00,0,0,0,0,0,0,0,0,0,0,0,0,0,0,0,0,0,0,0,0,0,0,0,0,0,0,0,0,0,0,0,0,0,0,0,0,0,0,0,0,0,0,0,0,"","","","","",""
1015,Ujjani Dam Rain Gauge,Maharashtra SW,27,Maharashtra,496,Solapur,-,-,-,-,-,-,-,-,-,18.07402000,75.12002000,26-12-2023 03:00,0,0,0,0,0,0,0,0,0,0,0,0,0,0,0,0,0,0,0,0,0,0,0,0,0,0,0,0,0,0,0,0,0,0,0,0,0,0,0,0,0,0,0,0,"","","","","",""
1016,Ujjani Dam Rain Gauge,Maharashtra SW,27,Maharashtra,496,Solapur,-,-,-,-,-,-,-,-,-,18.07402000,75.12002000,26-12-2023 05:00,0,0,0,0,0,0,0,0,0,0,0,0,0,0,0,0,0,0,0,0,0,0,0,0,0,0,0,0,0,0,0,0,0,0,0,0,0,0,0,0,0,0,0,0,"","","","","",""
1017,Ujjani Dam Rain Gauge,Maharashtra SW,27,Maharashtra,496,Solapur,-,-,-,-,-,-,-,-,-,18.07402000,75.12002000,26-12-2023 06:00,0,0,0,0,0,0,0,0,0,0,0,0,0,0,0,0,0,0,0,0,0,0,0,0,0,0,0,0,0,0,0,0,0,0,0,0,0,0,0,0,0,0,0,0,"","","","","",""
1018,Ujjani Dam Rain Gauge,Maharashtra SW,27,Maharashtra,496,Solapur,-,-,-,-,-,-,-,-,-,18.07402000,75.12002000,26-12-2023 07:00,0,0,0,0,0,0,0,0,0,0,0,0,0,0,0,0,0,0,0,0,0,0,0,0,0,0,0,0,0,0,0,0,0,0,0,0,0,0,0,0,0,0,0,0,"","","","","",""
1019,Ujjani Dam Rain Gauge,Maharashtra SW,27,Maharashtra,496,Solapur,-,-,-,-,-,-,-,-,-,18.07402000,75.12002000,26-12-2023 08:00,0,0,0,0,0,0,0,0,0,0,0,0,0,0,0,0,0,0,0,0,0,0,0,0,0,0,0,0,0,0,0,0,0,0,0,0,0,0,0,0,0,0,0,0,"","","","","",""
1020,Ujjani Dam Rain Gauge,Maharashtra SW,27,Maharashtra,496,Solapur,-,-,-,-,-,-,-,-,-,18.07402000,75.12002000,26-12-2023 09:00,0,0,0,0,0,0,0,0,0,0,0,0,0,0,0,0,0,0,0,0,0,0,0,0,0,0,0,0,0,0,0,0,0,0,0,0,0,0,0,0,0,0,0,0,"","","","","",""
1021,Ujjani Dam Rain Gauge,Maharashtra SW,27,Maharashtra,496,Solapur,-,-,-,-,-,-,-,-,-,18.07402000,75.12002000,26-12-2023 10:00,0,0,0,0,0,0,0,0,0,0,0,0,0,0,0,0,0,0,0,0,0,0,0,0,0,0,0,0,0,0,0,0,0,0,0,0,0,0,0,0,0,0,0,0,"","","","","",""
1022,Ujjani Dam Rain Gauge,Maharashtra SW,27,Maharashtra,496,Solapur,-,-,-,-,-,-,-,-,-,18.07402000,75.12002000,26-12-2023 11:00,0,0,0,0,0,0,0,0,0,0,0,0,0,0,0,0,0,0,0,0,0,0,0,0,0,0,0,0,0,0,0,0,0,0,0,0,0,0,0,0,0,0,0,0,"","","","","",""
1023,Ujjani Dam Rain Gauge,Maharashtra SW,27,Maharashtra,496,Solapur,-,-,-,-,-,-,-,-,-,18.07402000,75.12002000,26-12-2023 13:00,0,0,0,0,0,0,0,0,0,0,0,0,0,0,0,0,0,0,0,0,0,0,0,0,0,0,0,0,0,0,0,0,0,0,0,0,0,0,0,0,0,0,0,0,"","","","","",""
1024,Ujjani Dam Rain Gauge,Maharashtra SW,27,Maharashtra,496,Solapur,-,-,-,-,-,-,-,-,-,18.07402000,75.12002000,26-12-2023 14:00,0,0,0,0,0,0,0,0,0,0,0,0,0,0,0,0,0,0,0,0,0,0,0,0,0,0,0,0,0,0,0,0,0,0,0,0,0,0,0,0,0,0,0,0,"","","","","",""
1025,Ujjani Dam Rain Gauge,Maharashtra SW,27,Maharashtra,496,Solapur,-,-,-,-,-,-,-,-,-,18.07402000,75.12002000,26-12-2023 15:00,0,0,0,0,0,0,0,0,0,0,0,0,0,0,0,0,0,0,0,0,0,0,0,0,0,0,0,0,0,0,0,0,0,0,0,0,0,0,0,0,0,0,0,0,"","","","","",""
1026,Ujjani Dam Rain Gauge,Maharashtra SW,27,Maharashtra,496,Solapur,-,-,-,-,-,-,-,-,-,18.07402000,75.12002000,26-12-2023 16:00,0,0,0,0,0,0,0,0,0,0,0,0,0,0,0,0,0,0,0,0,0,0,0,0,0,0,0,0,0,0,0,0,0,0,0,0,0,0,0,0,0,0,0,0,"","","","","",""
1027,Ujjani Dam Rain Gauge,Maharashtra SW,27,Maharashtra,496,Solapur,-,-,-,-,-,-,-,-,-,18.07402000,75.12002000,26-12-2023 17:00,0,0,0,0,0,0,0,0,0,0,0,0,0,0,0,0,0,0,0,0,0,0,0,0,0,0,0,0,0,0,0,0,0,0,0,0,0,0,0,0,0,0,0,0,"","","","","",""
1028,Ujjani Dam Rain Gauge,Maharashtra SW,27,Maharashtra,496,Solapur,-,-,-,-,-,-,-,-,-,18.07402000,75.12002000,26-12-2023 18:00,0,0,0,0,0,0,0,0,0,0,0,0,0,0,0,0,0,0,0,0,0,0,0,0,0,0,0,0,0,0,0,0,0,0,0,0,0,0,0,0,0,0,0,0,"","","","","",""
1029,Ujjani Dam Rain Gauge,Maharashtra SW,27,Maharashtra,496,Solapur,-,-,-,-,-,-,-,-,-,18.07402000,75.12002000,26-12-2023 20:00,0,0,0,0,0,0,0,0,0,0,0,0,0,0,0,0,0,0,0,0,0,0,0,0,0,0,0,0,0,0,0,0,0,0,0,0,0,0,0,0,0,0,0,0,"","","","","",""
1030,Ujjani Dam Rain Gauge,Maharashtra SW,27,Maharashtra,496,Solapur,-,-,-,-,-,-,-,-,-,18.07402000,75.12002000,26-12-2023 21:00,0,0,0,0,0,0,0,0,0,0,0,0,0,0,0,0,0,0,0,0,0,0,0,0,0,0,0,0,0,0,0,0,0,0,0,0,0,0,0,0,0,0,0,0,"","","","","",""
1031,Ujjani Dam Rain Gauge,Maharashtra SW,27,Maharashtra,496,Solapur,-,-,-,-,-,-,-,-,-,18.07402000,75.12002000,26-12-2023 22:00,0,0,0,0,0,0,0,0,0,0,0,0,0,0,0,0,0,0,0,0,0,0,0,0,0,0,0,0,0,0,0,0,0,0,0,0,0,0,0,0,0,0,0,0,"","","","","",""
1032,Ujjani Dam Rain Gauge,Maharashtra SW,27,Maharashtra,496,Solapur,-,-,-,-,-,-,-,-,-,18.07402000,75.12002000,26-12-2023 23:00,0,0,0,0,0,0,0,0,0,0,0,0,0,0,0,0,0,0,0,0,0,0,0,0,0,0,0,0,0,0,0,0,0,0,0,0,0,0,0,0,0,0,0,0,"","","","","",""
1033,Ujjani Dam Rain Gauge,Maharashtra SW,27,Maharashtra,496,Solapur,-,-,-,-,-,-,-,-,-,18.07402000,75.12002000,27-12-2023 00:00,0,0,0,0,0,0,0,0,0,0,0,0,0,0,0,0,0,0,0,0,0,0,0,0,0,0,0,0,0,0,0,0,0,0,0,0,0,0,0,0,0,0,0,0,"","","","","",""
1034,Ujjani Dam Rain Gauge,Maharashtra SW,27,Maharashtra,496,Solapur,-,-,-,-,-,-,-,-,-,18.07402000,75.12002000,27-12-2023 01:00,0,0,0,0,0,0,0,0,0,0,0,0,0,0,0,0,0,0,0,0,0,0,0,0,0,0,0,0,0,0,0,0,0,0,0,0,0,0,0,0,0,0,0,0,"","","","","",""
1035,Ujjani Dam Rain Gauge,Maharashtra SW,27,Maharashtra,496,Solapur,-,-,-,-,-,-,-,-,-,18.07402000,75.12002000,27-12-2023 02:00,0,0,0,0,0,0,0,0,0,0,0,0,0,0,0,0,0,0,0,0,0,0,0,0,0,0,0,0,0,0,0,0,0,0,0,0,0,0,0,0,0,0,0,0,"","","","","",""
1036,Ujjani Dam Rain Gauge,Maharashtra SW,27,Maharashtra,496,Solapur,-,-,-,-,-,-,-,-,-,18.07402000,75.12002000,27-12-2023 04:00,0,0,0,0,0,0,0,0,0,0,0,0,0,0,0,0,0,0,0,0,0,0,0,0,0,0,0,0,0,0,0,0,0,0,0,0,0,0,0,0,0,0,0,0,"","","","","",""
1037,Ujjani Dam Rain Gauge,Maharashtra SW,27,Maharashtra,496,Solapur,-,-,-,-,-,-,-,-,-,18.07402000,75.12002000,27-12-2023 05:00,0,0,0,0,0,0,0,0,0,0,0,0,0,0,0,0,0,0,0,0,0,0,0,0,0,0,0,0,0,0,0,0,0,0,0,0,0,0,0,0,0,0,0,0,"","","","","",""
1038,Ujjani Dam Rain Gauge,Maharashtra SW,27,Maharashtra,496,Solapur,-,-,-,-,-,-,-,-,-,18.07402000,75.12002000,27-12-2023 06:00,0,0,0,0,0,0,0,0,0,0,0,0,0,0,0,0,0,0,0,0,0,0,0,0,0,0,0,0,0,0,0,0,0,0,0,0,0,0,0,0,0,0,0,0,"","","","","",""
1039,Ujjani Dam Rain Gauge,Maharashtra SW,27,Maharashtra,496,Solapur,-,-,-,-,-,-,-,-,-,18.07402000,75.12002000,27-12-2023 07:00,0,0,0,0,0,0,0,0,0,0,0,0,0,0,0,0,0,0,0,0,0,0,0,0,0,0,0,0,0,0,0,0,0,0,0,0,0,0,0,0,0,0,0,0,"","","","","",""
1040,Ujjani Dam Rain Gauge,Maharashtra SW,27,Maharashtra,496,Solapur,-,-,-,-,-,-,-,-,-,18.07402000,75.12002000,27-12-2023 08:00,0,0,0,0,0,0,0,0,0,0,0,0,0,0,0,0,0,0,0,0,0,0,0,0,0,0,0,0,0,0,0,0,0,0,0,0,0,0,0,0,0,0,0,0,"","","","","",""
1041,Ujjani Dam Rain Gauge,Maharashtra SW,27,Maharashtra,496,Solapur,-,-,-,-,-,-,-,-,-,18.07402000,75.12002000,27-12-2023 09:00,0,0,0,0,0,0,0,0,0,0,0,0,0,0,0,0,0,0,0,0,0,0,0,0,0,0,0,0,0,0,0,0,0,0,0,0,0,0,0,0,0,0,0,0,"","","","","",""
1042,Ujjani Dam Rain Gauge,Maharashtra SW,27,Maharashtra,496,Solapur,-,-,-,-,-,-,-,-,-,18.07402000,75.12002000,27-12-2023 10:00,0,0,0,0,0,0,0,0,0,0,0,0,0,0,0,0,0,0,0,0,0,0,0,0,0,0,0,0,0,0,0,0,0,0,0,0,0,0,0,0,0,0,0,0,"","","","","",""
1043,Ujjani Dam Rain Gauge,Maharashtra SW,27,Maharashtra,496,Solapur,-,-,-,-,-,-,-,-,-,18.07402000,75.12002000,27-12-2023 12:00,0,0,0,0,0,0,0,0,0,0,0,0,0,0,0,0,0,0,0,0,0,0,0,0,0,0,0,0,0,0,0,0,0,0,0,0,0,0,0,0,0,0,0,0,"","","","","",""
1044,Ujjani Dam Rain Gauge,Maharashtra SW,27,Maharashtra,496,Solapur,-,-,-,-,-,-,-,-,-,18.07402000,75.12002000,27-12-2023 13:00,0,0,0,0,0,0,0,0,0,0,0,0,0,0,0,0,0,0,0,0,0,0,0,0,0,0,0,0,0,0,0,0,0,0,0,0,0,0,0,0,0,0,0,0,"","","","","",""
1045,Ujjani Dam Rain Gauge,Maharashtra SW,27,Maharashtra,496,Solapur,-,-,-,-,-,-,-,-,-,18.07402000,75.12002000,27-12-2023 14:00,0,0,0,0,0,0,0,0,0,0,0,0,0,0,0,0,0,0,0,0,0,0,0,0,0,0,0,0,0,0,0,0,0,0,0,0,0,0,0,0,0,0,0,0,"","","","","",""
1046,Ujjani Dam Rain Gauge,Maharashtra SW,27,Maharashtra,496,Solapur,-,-,-,-,-,-,-,-,-,18.07402000,75.12002000,27-12-2023 15:00,0,0,0,0,0,0,0,0,0,0,0,0,0,0,0,0,0,0,0,0,0,0,0,0,0,0,0,0,0,0,0,0,0,0,0,0,0,0,0,0,0,0,0,0,"","","","","",""
1047,Ujjani Dam Rain Gauge,Maharashtra SW,27,Maharashtra,496,Solapur,-,-,-,-,-,-,-,-,-,18.07402000,75.12002000,27-12-2023 16:00,0,0,0,0,0,0,0,0,0,0,0,0,0,0,0,0,0,0,0,0,0,0,0,0,0,0,0,0,0,0,0,0,0,0,0,0,0,0,0,0,0,0,0,0,"","","","","",""
1048,Ujjani Dam Rain Gauge,Maharashtra SW,27,Maharashtra,496,Solapur,-,-,-,-,-,-,-,-,-,18.07402000,75.12002000,27-12-2023 17:00,0,0,0,0,0,0,0,0,0,0,0,0,0,0,0,0,0,0,0,0,0,0,0,0,0,0,0,0,0,0,0,0,0,0,0,0,0,0,0,0,0,0,0,0,"","","","","",""
1049,Ujjani Dam Rain Gauge,Maharashtra SW,27,Maharashtra,496,Solapur,-,-,-,-,-,-,-,-,-,18.07402000,75.12002000,27-12-2023 18:00,0,0,0,0,0,0,0,0,0,0,0,0,0,0,0,0,0,0,0,0,0,0,0,0,0,0,0,0,0,0,0,0,0,0,0,0,0,0,0,0,0,0,0,0,"","","","","",""
1050,Ujjani Dam Rain Gauge,Maharashtra SW,27,Maharashtra,496,Solapur,-,-,-,-,-,-,-,-,-,18.07402000,75.12002000,27-12-2023 20:00,0,0,0,0,0,0,0,0,0,0,0,0,0,0,0,0,0,0,0,0,0,0,0,0,0,0,0,0,0,0,0,0,0,0,0,0,0,0,0,0,0,0,0,0,"","","","","",""
1051,Ujjani Dam Rain Gauge,Maharashtra SW,27,Maharashtra,496,Solapur,-,-,-,-,-,-,-,-,-,18.07402000,75.12002000,28-12-2023 09:00,0,0,0,0,0,0,0,0,0,0,0,0,0,0,0,0,0,0,0,0,0,0,0,0,0,0,0,0,0,0,0,0,0,0,0,0,0,0,0,0,0,0,0,0,"","","","","",""
1052,Ujjani Dam Rain Gauge,Maharashtra SW,27,Maharashtra,496,Solapur,-,-,-,-,-,-,-,-,-,18.07402000,75.12002000,28-12-2023 10:00,0,0,0,0,0,0,0,0,0,0,0,0,0,0,0,0,0,0,0,0,0,0,0,0,0,0,0,0,0,0,0,0,0,0,0,0,0,0,0,0,0,0,0,0,"","","","","",""
1053,Ujjani Dam Rain Gauge,Maharashtra SW,27,Maharashtra,496,Solapur,-,-,-,-,-,-,-,-,-,18.07402000,75.12002000,28-12-2023 12:00,0,0,0,0,0,0,0,0,0,0,0,0,0,0,0,0,0,0,0,0,0,0,0,0,0,0,0,0,0,0,0,0,0,0,0,0,0,0,0,0,0,0,0,0,"","","","","",""
1054,Ujjani Dam Rain Gauge,Maharashtra SW,27,Maharashtra,496,Solapur,-,-,-,-,-,-,-,-,-,18.07402000,75.12002000,28-12-2023 13:00,0,0,0,0,0,0,0,0,0,0,0,0,0,0,0,0,0,0,0,0,0,0,0,0,0,0,0,0,0,0,0,0,0,0,0,0,0,0,0,0,0,0,0,0,"","","","","",""
1055,Ujjani Dam Rain Gauge,Maharashtra SW,27,Maharashtra,496,Solapur,-,-,-,-,-,-,-,-,-,18.07402000,75.12002000,28-12-2023 14:00,0,0,0,0,0,0,0,0,0,0,0,0,0,0,0,0,0,0,0,0,0,0,0,0,0,0,0,0,0,0,0,0,0,0,0,0,0,0,0,0,0,0,0,0,"","","","","",""
1056,Ujjani Dam Rain Gauge,Maharashtra SW,27,Maharashtra,496,Solapur,-,-,-,-,-,-,-,-,-,18.07402000,75.12002000,28-12-2023 15:00,0,0,0,0,0,0,0,0,0,0,0,0,0,0,0,0,0,0,0,0,0,0,0,0,0,0,0,0,0,0,0,0,0,0,0,0,0,0,0,0,0,0,0,0,"","","","","",""
1057,Ujjani Dam Rain Gauge,Maharashtra SW,27,Maharashtra,496,Solapur,-,-,-,-,-,-,-,-,-,18.07402000,75.12002000,28-12-2023 16:00,0,0,0,0,0,0,0,0,0,0,0,0,0,0,0,0,0,0,0,0,0,0,0,0,0,0,0,0,0,0,0,0,0,0,0,0,0,0,0,0,0,0,0,0,"","","","","",""
1058,Ujjani Dam Rain Gauge,Maharashtra SW,27,Maharashtra,496,Solapur,-,-,-,-,-,-,-,-,-,18.07402000,75.12002000,28-12-2023 17:00,0,0,0,0,0,0,0,0,0,0,0,0,0,0,0,0,0,0,0,0,0,0,0,0,0,0,0,0,0,0,0,0,0,0,0,0,0,0,0,0,0,0,0,0,"","","","","",""
1059,Ujjani Dam Rain Gauge,Maharashtra SW,27,Maharashtra,496,Solapur,-,-,-,-,-,-,-,-,-,18.07402000,75.12002000,28-12-2023 18:00,0,0,0,0,0,0,0,0,0,0,0,0,0,0,0,0,0,0,0,0,0,0,0,0,0,0,0,0,0,0,0,0,0,0,0,0,0,0,0,0,0,0,0,0,"","","","","",""
1060,Ujjani Dam Rain Gauge,Maharashtra SW,27,Maharashtra,496,Solapur,-,-,-,-,-,-,-,-,-,18.07402000,75.12002000,28-12-2023 20:00,0,0,0,0,0,0,0,0,0,0,0,0,0,0,0,0,0,0,0,0,0,0,0,0,0,0,0,0,0,0,0,0,0,0,0,0,0,0,0,0,0,0,0,0,"","","","","",""
1061,Ujjani Dam Rain Gauge,Maharashtra SW,27,Maharashtra,496,Solapur,-,-,-,-,-,-,-,-,-,18.07402000,75.12002000,28-12-2023 21:00,0,0,0,0,0,0,0,0,0,0,0,0,0,0,0,0,0,0,0,0,0,0,0,0,0,0,0,0,0,0,0,0,0,0,0,0,0,0,0,0,0,0,0,0,"","","","","",""
1062,Ujjani Dam Rain Gauge,Maharashtra SW,27,Maharashtra,496,Solapur,-,-,-,-,-,-,-,-,-,18.07402000,75.12002000,29-12-2023 06:00,0,0,0,0,0,0,0,0,0,0,0,0,0,0,0,0,0,0,0,0,0,0,0,0,0,0,0,0,0,0,0,0,0,0,0,0,0,0,0,0,0,0,0,0,"","","","","",""
1063,Ujjani Dam Rain Gauge,Maharashtra SW,27,Maharashtra,496,Solapur,-,-,-,-,-,-,-,-,-,18.07402000,75.12002000,29-12-2023 07:00,0,0,0,0,0,0,0,0,0,0,0,0,0,0,0,0,0,0,0,0,0,0,0,0,0,0,0,0,0,0,0,0,0,0,0,0,0,0,0,0,0,0,0,0,"","","","","",""
1064,Ujjani Dam Rain Gauge,Maharashtra SW,27,Maharashtra,496,Solapur,-,-,-,-,-,-,-,-,-,18.07402000,75.12002000,29-12-2023 09:00,0,0,0,0,0,0,0,0,0,0,0,0,0,0,0,0,0,0,0,0,0,0,0,0,0,0,0,0,0,0,0,0,0,0,0,0,0,0,0,0,0,0,0,0,"","","","","",""
1065,Ujjani Dam Rain Gauge,Maharashtra SW,27,Maharashtra,496,Solapur,-,-,-,-,-,-,-,-,-,18.07402000,75.12002000,29-12-2023 10:00,0,0,0,0,0,0,0,0,0,0,0,0,0,0,0,0,0,0,0,0,0,0,0,0,0,0,0,0,0,0,0,0,0,0,0,0,0,0,0,0,0,0,0,0,"","","","","",""
1066,Ujjani Dam Rain Gauge,Maharashtra SW,27,Maharashtra,496,Solapur,-,-,-,-,-,-,-,-,-,18.07402000,75.12002000,29-12-2023 12:00,0,0,0,0,0,0,0,0,0,0,0,0,0,0,0,0,0,0,0,0,0,0,0,0,0,0,0,0,0,0,0,0,0,0,0,0,0,0,0,0,0,0,0,0,"","","","","",""
1067,Ujjani Dam Rain Gauge,Maharashtra SW,27,Maharashtra,496,Solapur,-,-,-,-,-,-,-,-,-,18.07402000,75.12002000,29-12-2023 13:00,0,0,0,0,0,0,0,0,0,0,0,0,0,0,0,0,0,0,0,0,0,0,0,0,0,0,0,0,0,0,0,0,0,0,0,0,0,0,0,0,0,0,0,0,"","","","","",""
1068,Ujjani Dam Rain Gauge,Maharashtra SW,27,Maharashtra,496,Solapur,-,-,-,-,-,-,-,-,-,18.07402000,75.12002000,29-12-2023 14:00,0,0,0,0,0,0,0,0,0,0,0,0,0,0,0,0,0,0,0,0,0,0,0,0,0,0,0,0,0,0,0,0,0,0,0,0,0,0,0,0,0,0,0,0,"","","","","",""
1069,Ujjani Dam Rain Gauge,Maharashtra SW,27,Maharashtra,496,Solapur,-,-,-,-,-,-,-,-,-,18.07402000,75.12002000,29-12-2023 15:00,0,0,0,0,0,0,0,0,0,0,0,0,0,0,0,0,0,0,0,0,0,0,0,0,0,0,0,0,0,0,0,0,0,0,0,0,0,0,0,0,0,0,0,0,"","","","","",""
1070,Ujjani Dam Rain Gauge,Maharashtra SW,27,Maharashtra,496,Solapur,-,-,-,-,-,-,-,-,-,18.07402000,75.12002000,29-12-2023 16:00,0,0,0,0,0,0,0,0,0,0,0,0,0,0,0,0,0,0,0,0,0,0,0,0,0,0,0,0,0,0,0,0,0,0,0,0,0,0,0,0,0,0,0,0,"","","","","",""
1071,Ujjani Dam Rain Gauge,Maharashtra SW,27,Maharashtra,496,Solapur,-,-,-,-,-,-,-,-,-,18.07402000,75.12002000,29-12-2023 17:00,0,0,0,0,0,0,0,0,0,0,0,0,0,0,0,0,0,0,0,0,0,0,0,0,0,0,0,0,0,0,0,0,0,0,0,0,0,0,0,0,0,0,0,0,"","","","","",""
1072,Ujjani Dam Rain Gauge,Maharashtra SW,27,Maharashtra,496,Solapur,-,-,-,-,-,-,-,-,-,18.07402000,75.12002000,29-12-2023 19:00,0,0,0,0,0,0,0,0,0,0,0,0,0,0,0,0,0,0,0,0,0,0,0,0,0,0,0,0,0,0,0,0,0,0,0,0,0,0,0,0,0,0,0,0,"","","","","",""
1073,Ujjani Dam Rain Gauge,Maharashtra SW,27,Maharashtra,496,Solapur,-,-,-,-,-,-,-,-,-,18.07402000,75.12002000,29-12-2023 20:00,0,0,0,0,0,0,0,0,0,0,0,0,0,0,0,0,0,0,0,0,0,0,0,0,0,0,0,0,0,0,0,0,0,0,0,0,0,0,0,0,0,0,0,0,"","","","","",""
1074,Ujjani Dam Rain Gauge,Maharashtra SW,27,Maharashtra,496,Solapur,-,-,-,-,-,-,-,-,-,18.07402000,75.12002000,29-12-2023 21:00,0,0,0,0,0,0,0,0,0,0,0,0,0,0,0,0,0,0,0,0,0,0,0,0,0,0,0,0,0,0,0,0,0,0,0,0,0,0,0,0,0,0,0,0,"","","","","",""
1075,Ujjani Dam Rain Gauge,Maharashtra SW,27,Maharashtra,496,Solapur,-,-,-,-,-,-,-,-,-,18.07402000,75.12002000,29-12-2023 22:00,0,0,0,0,0,0,0,0,0,0,0,0,0,0,0,0,0,0,0,0,0,0,0,0,0,0,0,0,0,0,0,0,0,0,0,0,0,0,0,0,0,0,0,0,"","","","","",""
1076,Ujjani Dam Rain Gauge,Maharashtra SW,27,Maharashtra,496,Solapur,-,-,-,-,-,-,-,-,-,18.07402000,75.12002000,29-12-2023 23:00,0,0,0,0,0,0,0,0,0,0,0,0,0,0,0,0,0,0,0,0,0,0,0,0,0,0,0,0,0,0,0,0,0,0,0,0,0,0,0,0,0,0,0,0,"","","","","",""
1077,Ujjani Dam Rain Gauge,Maharashtra SW,27,Maharashtra,496,Solapur,-,-,-,-,-,-,-,-,-,18.07402000,75.12002000,30-12-2023 00:00,0,0,0,0,0,0,0,0,0,0,0,0,0,0,0,0,0,0,0,0,0,0,0,0,0,0,0,0,0,0,0,0,0,0,0,0,0,0,0,0,0,0,0,0,"","","","","",""
1078,Ujjani Dam Rain Gauge,Maharashtra SW,27,Maharashtra,496,Solapur,-,-,-,-,-,-,-,-,-,18.07402000,75.12002000,30-12-2023 01:00,0,0,0,0,0,0,0,0,0,0,0,0,0,0,0,0,0,0,0,0,0,0,0,0,0,0,0,0,0,0,0,0,0,0,0,0,0,0,0,0,0,0,0,0,"","","","","",""
1079,Ujjani Dam Rain Gauge,Maharashtra SW,27,Maharashtra,496,Solapur,-,-,-,-,-,-,-,-,-,18.07402000,75.12002000,30-12-2023 03:00,0,0,0,0,0,0,0,0,0,0,0,0,0,0,0,0,0,0,0,0,0,0,0,0,0,0,0,0,0,0,0,0,0,0,0,0,0,0,0,0,0,0,0,0,"","","","","",""
1080,Ujjani Dam Rain Gauge,Maharashtra SW,27,Maharashtra,496,Solapur,-,-,-,-,-,-,-,-,-,18.07402000,75.12002000,30-12-2023 04:00,0,0,0,0,0,0,0,0,0,0,0,0,0,0,0,0,0,0,0,0,0,0,0,0,0,0,0,0,0,0,0,0,0,0,0,0,0,0,0,0,0,0,0,0,"","","","","",""
1081,Ujjani Dam Rain Gauge,Maharashtra SW,27,Maharashtra,496,Solapur,-,-,-,-,-,-,-,-,-,18.07402000,75.12002000,30-12-2023 05:00,0,0,0,0,0,0,0,0,0,0,0,0,0,0,0,0,0,0,0,0,0,0,0,0,0,0,0,0,0,0,0,0,0,0,0,0,0,0,0,0,0,0,0,0,"","","","","",""
1082,Ujjani Dam Rain Gauge,Maharashtra SW,27,Maharashtra,496,Solapur,-,-,-,-,-,-,-,-,-,18.07402000,75.12002000,30-12-2023 06:00,0,0,0,0,0,0,0,0,0,0,0,0,0,0,0,0,0,0,0,0,0,0,0,0,0,0,0,0,0,0,0,0,0,0,0,0,0,0,0,0,0,0,0,0,"","","","","",""
1083,Ujjani Dam Rain Gauge,Maharashtra SW,27,Maharashtra,496,Solapur,-,-,-,-,-,-,-,-,-,18.07402000,75.12002000,30-12-2023 07:00,0,0,0,0,0,0,0,0,0,0,0,0,0,0,0,0,0,0,0,0,0,0,0,0,0,0,0,0,0,0,0,0,0,0,0,0,0,0,0,0,0,0,0,0,"","","","","",""
1084,Ujjani Dam Rain Gauge,Maharashtra SW,27,Maharashtra,496,Solapur,-,-,-,-,-,-,-,-,-,18.07402000,75.12002000,30-12-2023 08:00,0,0,0,0,0,0,0,0,0,0,0,0,0,0,0,0,0,0,0,0,0,0,0,0,0,0,0,0,0,0,0,0,0,0,0,0,0,0,0,0,0,0,0,0,"","","","","",""
1085,Ujjani Dam Rain Gauge,Maharashtra SW,27,Maharashtra,496,Solapur,-,-,-,-,-,-,-,-,-,18.07402000,75.12002000,30-12-2023 09:00,0,0,0,0,0,0,0,0,0,0,0,0,0,0,0,0,0,0,0,0,0,0,0,0,0,0,0,0,0,0,0,0,0,0,0,0,0,0,0,0,0,0,0,0,"","","","","",""
1086,Ujjani Dam Rain Gauge,Maharashtra SW,27,Maharashtra,496,Solapur,-,-,-,-,-,-,-,-,-,18.07402000,75.12002000,30-12-2023 11:00,0,0,0,0,0,0,0,0,0,0,0,0,0,0,0,0,0,0,0,0,0,0,0,0,0,0,0,0,0,0,0,0,0,0,0,0,0,0,0,0,0,0,0,0,"","","","","",""
1087,Ujjani Dam Rain Gauge,Maharashtra SW,27,Maharashtra,496,Solapur,-,-,-,-,-,-,-,-,-,18.07402000,75.12002000,30-12-2023 12:00,0,0,0,0,0,0,0,0,0,0,0,0,0,0,0,0,0,0,0,0,0,0,0,0,0,0,0,0,0,0,0,0,0,0,0,0,0,0,0,0,0,0,0,0,"","","","","",""
1088,Ujjani Dam Rain Gauge,Maharashtra SW,27,Maharashtra,496,Solapur,-,-,-,-,-,-,-,-,-,18.07402000,75.12002000,30-12-2023 13:00,0,0,0,0,0,0,0,0,0,0,0,0,0,0,0,0,0,0,0,0,0,0,0,0,0,0,0,0,0,0,0,0,0,0,0,0,0,0,0,0,0,0,0,0,"","","","","",""
1089,Ujjani Dam Rain Gauge,Maharashtra SW,27,Maharashtra,496,Solapur,-,-,-,-,-,-,-,-,-,18.07402000,75.12002000,30-12-2023 14:00,0,0,0,0,0,0,0,0,0,0,0,0,0,0,0,0,0,0,0,0,0,0,0,0,0,0,0,0,0,0,0,0,0,0,0,0,0,0,0,0,0,0,0,0,"","","","","",""
1090,Ujjani Dam Rain Gauge,Maharashtra SW,27,Maharashtra,496,Solapur,-,-,-,-,-,-,-,-,-,18.07402000,75.12002000,30-12-2023 15:00,0,0,0,0,0,0,0,0,0,0,0,0,0,0,0,0,0,0,0,0,0,0,0,0,0,0,0,0,0,0,0,0,0,0,0,0,0,0,0,0,0,0,0,0,"","","","","",""
1091,Ujjani Dam Rain Gauge,Maharashtra SW,27,Maharashtra,496,Solapur,-,-,-,-,-,-,-,-,-,18.07402000,75.12002000,30-12-2023 16:00,0,0,0,0,0,0,0,0,0,0,0,0,0,0,0,0,0,0,0,0,0,0,0,0,0,0,0,0,0,0,0,0,0,0,0,0,0,0,0,0,0,0,0,0,"","","","","",""
1092,Ujjani Dam Rain Gauge,Maharashtra SW,27,Maharashtra,496,Solapur,-,-,-,-,-,-,-,-,-,18.07402000,75.12002000,30-12-2023 17:00,0,0,0,0,0,0,0,0,0,0,0,0,0,0,0,0,0,0,0,0,0,0,0,0,0,0,0,0,0,0,0,0,0,0,0,0,0,0,0,0,0,0,0,0,"","","","","",""
1093,Ujjani Dam Rain Gauge,Maharashtra SW,27,Maharashtra,496,Solapur,-,-,-,-,-,-,-,-,-,18.07402000,75.12002000,30-12-2023 19:00,0,0,0,0,0,0,0,0,0,0,0,0,0,0,0,0,0,0,0,0,0,0,0,0,0,0,0,0,0,0,0,0,0,0,0,0,0,0,0,0,0,0,0,0,"","","","","",""
1094,Ujjani Dam Rain Gauge,Maharashtra SW,27,Maharashtra,496,Solapur,-,-,-,-,-,-,-,-,-,18.07402000,75.12002000,30-12-2023 20:00,0,0,0,0,0,0,0,0,0,0,0,0,0,0,0,0,0,0,0,0,0,0,0,0,0,0,0,0,0,0,0,0,0,0,0,0,0,0,0,0,0,0,0,0,"","","","","",""
1095,Ujjani Dam Rain Gauge,Maharashtra SW,27,Maharashtra,496,Solapur,-,-,-,-,-,-,-,-,-,18.07402000,75.12002000,30-12-2023 21:00,0,0,0,0,0,0,0,0,0,0,0,0,0,0,0,0,0,0,0,0,0,0,0,0,0,0,0,0,0,0,0,0,0,0,0,0,0,0,0,0,0,0,0,0,"","","","","",""
1096,Ujjani Dam Rain Gauge,Maharashtra SW,27,Maharashtra,496,Solapur,-,-,-,-,-,-,-,-,-,18.07402000,75.12002000,30-12-2023 22:00,0,0,0,0,0,0,0,0,0,0,0,0,0,0,0,0,0,0,0,0,0,0,0,0,0,0,0,0,0,0,0,0,0,0,0,0,0,0,0,0,0,0,0,0,"","","","","",""
1097,Ujjani Dam Rain Gauge,Maharashtra SW,27,Maharashtra,496,Solapur,-,-,-,-,-,-,-,-,-,18.07402000,75.12002000,30-12-2023 23:00,0,0,0,0,0,0,0,0,0,0,0,0,0,0,0,0,0,0,0,0,0,0,0,0,0,0,0,0,0,0,0,0,0,0,0,0,0,0,0,0,0,0,0,0,"","","","","",""
1098,Ujjani Dam Rain Gauge,Maharashtra SW,27,Maharashtra,496,Solapur,-,-,-,-,-,-,-,-,-,18.07402000,75.12002000,31-12-2023 00:00,0,0,0,0,0,0,0,0,0,0,0,0,0,0,0,0,0,0,0,0,0,0,0,0,0,0,0,0,0,0,0,0,0,0,0,0,0,0,0,0,0,0,0,0,"","","","","",""
1099,Ujjani Dam Rain Gauge,Maharashtra SW,27,Maharashtra,496,Solapur,-,-,-,-,-,-,-,-,-,18.07402000,75.12002000,31-12-2023 01:00,0,0,0,0,0,0,0,0,0,0,0,0,0,0,0,0,0,0,0,0,0,0,0,0,0,0,0,0,0,0,0,0,0,0,0,0,0,0,0,0,0,0,0,0,"","","","","",""
1100,Ujjani Dam Rain Gauge,Maharashtra SW,27,Maharashtra,496,Solapur,-,-,-,-,-,-,-,-,-,18.07402000,75.12002000,31-12-2023 03:00,0,0,0,0,0,0,0,0,0,0,0,0,0,0,0,0,0,0,0,0,0,0,0,0,0,0,0,0,0,0,0,0,0,0,0,0,0,0,0,0,0,0,0,0,"","","","","",""
1101,Ujjani Dam Rain Gauge,Maharashtra SW,27,Maharashtra,496,Solapur,-,-,-,-,-,-,-,-,-,18.07402000,75.12002000,31-12-2023 04:00,0,0,0,0,0,0,0,0,0,0,0,0,0,0,0,0,0,0,0,0,0,0,0,0,0,0,0,0,0,0,0,0,0,0,0,0,0,0,0,0,0,0,0,0,"","","","","",""
1102,Ujjani Dam Rain Gauge,Maharashtra SW,27,Maharashtra,496,Solapur,-,-,-,-,-,-,-,-,-,18.07402000,75.12002000,31-12-2023 05:00,0,0,0,0,0,0,0,0,0,0,0,0,0,0,0,0,0,0,0,0,0,0,0,0,0,0,0,0,0,0,0,0,0,0,0,0,0,0,0,0,0,0,0,0,"","","","","",""
1103,Ujjani Dam Rain Gauge,Maharashtra SW,27,Maharashtra,496,Solapur,-,-,-,-,-,-,-,-,-,18.07402000,75.12002000,31-12-2023 06:00,0,0,0,0,0,0,0,0,0,0,0,0,0,0,0,0,0,0,0,0,0,0,0,0,0,0,0,0,0,0,0,0,0,0,0,0,0,0,0,0,0,0,0,0,"","","","","",""
1104,Ujjani Dam Rain Gauge,Maharashtra SW,27,Maharashtra,496,Solapur,-,-,-,-,-,-,-,-,-,18.07402000,75.12002000,31-12-2023 07:00,0,0,0,0,0,0,0,0,0,0,0,0,0,0,0,0,0,0,0,0,0,0,0,0,0,0,0,0,0,0,0,0,0,0,0,0,0,0,0,0,0,0,0,0,"","","","","",""
1105,Ujjani Dam Rain Gauge,Maharashtra SW,27,Maharashtra,496,Solapur,-,-,-,-,-,-,-,-,-,18.07402000,75.12002000,31-12-2023 08:00,0,0,0,0,0,0,0,0,0,0,0,0,0,0,0,0,0,0,0,0,0,0,0,0,0,0,0,0,0,0,0,0,0,0,0,0,0,0,0,0,0,0,0,0,"","","","","",""
1106,Ujjani Dam Rain Gauge,Maharashtra SW,27,Maharashtra,496,Solapur,-,-,-,-,-,-,-,-,-,18.07402000,75.12002000,31-12-2023 09:00,0,0,0,0,0,0,0,0,0,0,0,0,0,0,0,0,0,0,0,0,0,0,0,0,0,0,0,0,0,0,0,0,0,0,0,0,0,0,0,0,0,0,0,0,"","","","","",""
1107,Ujjani Dam Rain Gauge,Maharashtra SW,27,Maharashtra,496,Solapur,-,-,-,-,-,-,-,-,-,18.07402000,75.12002000,31-12-2023 11:00,0,0,0,0,0,0,0,0,0,0,0,0,0,0,0,0,0,0,0,0,0,0,0,0,0,0,0,0,0,0,0,0,0,0,0,0,0,0,0,0,0,0,0,0,"","","","","",""
1108,Ujjani Dam Rain Gauge,Maharashtra SW,27,Maharashtra,496,Solapur,-,-,-,-,-,-,-,-,-,18.07402000,75.12002000,31-12-2023 12:00,0,0,0,0,0,0,0,0,0,0,0,0,0,0,0,0,0,0,0,0,0,0,0,0,0,0,0,0,0,0,0,0,0,0,0,0,0,0,0,0,0,0,0,0,"","","","","",""
1109,Ujjani Dam Rain Gauge,Maharashtra SW,27,Maharashtra,496,Solapur,-,-,-,-,-,-,-,-,-,18.07402000,75.12002000,31-12-2023 13:00,0,0,0,0,0,0,0,0,0,0,0,0,0,0,0,0,0,0,0,0,0,0,0,0,0,0,0,0,0,0,0,0,0,0,0,0,0,0,0,0,0,0,0,0,"","","","","",""
1110,Ujjani Dam Rain Gauge,Maharashtra SW,27,Maharashtra,496,Solapur,-,-,-,-,-,-,-,-,-,18.07402000,75.12002000,31-12-2023 14:00,0,0,0,0,0,0,0,0,0,0,0,0,0,0,0,0,0,0,0,0,0,0,0,0,0,0,0,0,0,0,0,0,0,0,0,0,0,0,0,0,0,0,0,0,"","","","","",""
1111,Ujjani Dam Rain Gauge,Maharashtra SW,27,Maharashtra,496,Solapur,-,-,-,-,-,-,-,-,-,18.07402000,75.12002000,31-12-2023 15:00,0,0,0,0,0,0,0,0,0,0,0,0,0,0,0,0,0,0,0,0,0,0,0,0,0,0,0,0,0,0,0,0,0,0,0,0,0,0,0,0,0,0,0,0,"","","","","",""
1112,Ujjani Dam Rain Gauge,Maharashtra SW,27,Maharashtra,496,Solapur,-,-,-,-,-,-,-,-,-,18.07402000,75.12002000,31-12-2023 16:00,0,0,0,0,0,0,0,0,0,0,0,0,0,0,0,0,0,0,0,0,0,0,0,0,0,0,0,0,0,0,0,0,0,0,0,0,0,0,0,0,0,0,0,0,"","","","","",""
1113,Ujjani Dam Rain Gauge,Maharashtra SW,27,Maharashtra,496,Solapur,-,-,-,-,-,-,-,-,-,18.07402000,75.12002000,31-12-2023 17:00,0,0,0,0,0,0,0,0,0,0,0,0,0,0,0,0,0,0,0,0,0,0,0,0,0,0,0,0,0,0,0,0,0,0,0,0,0,0,0,0,0,0,0,0,"","","","","",""
1114,Ujjani Dam Rain Gauge,Maharashtra SW,27,Maharashtra,496,Solapur,-,-,-,-,-,-,-,-,-,18.07402000,75.12002000,31-12-2023 19:00,0,0,0,0,0,0,0,0,0,0,0,0,0,0,0,0,0,0,0,0,0,0,0,0,0,0,0,0,0,0,0,0,0,0,0,0,0,0,0,0,0,0,0,0,"","","","","",""
1115,Ujjani Dam Rain Gauge,Maharashtra SW,27,Maharashtra,496,Solapur,-,-,-,-,-,-,-,-,-,18.07402000,75.12002000,31-12-2023 20:00,0,0,0,0,0,0,0,0,0,0,0,0,0,0,0,0,0,0,0,0,0,0,0,0,0,0,0,0,0,0,0,0,0,0,0,0,0,0,0,0,0,0,0,0,"","","","","",""
1116,Ujjani Dam Rain Gauge,Maharashtra SW,27,Maharashtra,496,Solapur,-,-,-,-,-,-,-,-,-,18.07402000,75.12002000,31-12-2023 21:00,0,0,0,0,0,0,0,0,0,0,0,0,0,0,0,0,0,0,0,0,0,0,0,0,0,0,0,0,0,0,0,0,0,0,0,0,0,0,0,0,0,0,0,0,"","","","","",""
1117,Ujjani Dam Rain Gauge,Maharashtra SW,27,Maharashtra,496,Solapur,-,-,-,-,-,-,-,-,-,18.07402000,75.12002000,31-12-2023 22:00,0,0,0,0,0,0,0,0,0,0,0,0,0,0,0,0,0,0,0,0,0,0,0,0,0,0,0,0,0,0,0,0,0,0,0,0,0,0,0,0,0,0,0,0,"","","","","",""
1118,Ujjani Dam Rain Gauge,Maharashtra SW,27,Maharashtra,496,Solapur,-,-,-,-,-,-,-,-,-,18.07402000,75.12002000,31-12-2023 23:00,0,0,0,0,0,0,0,0,0,0,0,0,0,0,0,0,0,0,0,0,0,0,0,0,0,0,0,0,0,0,0,0,0,0,0,0,0,0,0,0,0,0,0,0,"","","","","",""
1119,Ujjani Dam Rain Gauge,Maharashtra SW,27,Maharashtra,496,Solapur,-,-,-,-,-,-,-,-,-,18.07402000,75.12002000,01-01-2024 00:00,0,0,0,0,0,0,0,0,0,0,0,0,0,0,0,0,0,0,0,0,0,0,0,0,0,0,0,0,0,0,0,0,0,0,0,0,0,0,0,0,0,0,0,0,"","","","","",""
1120,Ujjani Dam Rain Gauge,Maharashtra SW,27,Maharashtra,496,Solapur,-,-,-,-,-,-,-,-,-,18.07402000,75.12002000,01-01-2024 01:00,0,0,0,0,0,0,0,0,0,0,0,0,0,0,0,0,0,0,0,0,0,0,0,0,0,0,0,0,0,0,0,0,0,0,0,0,0,0,0,0,0,0,0,0,"","","","","",""
1121,Ujjani Dam Rain Gauge,Maharashtra SW,27,Maharashtra,496,Solapur,-,-,-,-,-,-,-,-,-,18.07402000,75.12002000,01-01-2024 03:00,0,0,0,0,0,0,0,0,0,0,0,0,0,0,0,0,0,0,0,0,0,0,0,0,0,0,0,0,0,0,0,0,0,0,0,0,0,0,0,0,0,0,0,0,"","","","","",""
1122,Ujjani Dam Rain Gauge,Maharashtra SW,27,Maharashtra,496,Solapur,-,-,-,-,-,-,-,-,-,18.07402000,75.12002000,01-01-2024 04:00,0,0,0,0,0,0,0,0,0,0,0,0,0,0,0,0,0,0,0,0,0,0,0,0,0,0,0,0,0,0,0,0,0,0,0,0,0,0,0,0,0,0,0,0,"","","","","",""
1123,Ujjani Dam Rain Gauge,Maharashtra SW,27,Maharashtra,496,Solapur,-,-,-,-,-,-,-,-,-,18.07402000,75.12002000,01-01-2024 05:00,0,0,0,0,0,0,0,0,0,0,0,0,0,0,0,0,0,0,0,0,0,0,0,0,0,0,0,0,0,0,0,0,0,0,0,0,0,0,0,0,0,0,0,0,"","","","","",""
1124,Ujjani Dam Rain Gauge,Maharashtra SW,27,Maharashtra,496,Solapur,-,-,-,-,-,-,-,-,-,18.07402000,75.12002000,01-01-2024 06:00,0,0,0,0,0,0,0,0,0,0,0,0,0,0,0,0,0,0,0,0,0,0,0,0,0,0,0,0,0,0,0,0,0,0,0,0,0,0,0,0,0,0,0,0,"","","","","",""
1125,Ujjani Dam Rain Gauge,Maharashtra SW,27,Maharashtra,496,Solapur,-,-,-,-,-,-,-,-,-,18.07402000,75.12002000,01-01-2024 07:00,0,0,0,0,0,0,0,0,0,0,0,0,0,0,0,0,0,0,0,0,0,0,0,0,0,0,0,0,0,0,0,0,0,0,0,0,0,0,0,0,0,0,0,0,"","","","","",""
1126,Ujjani Dam Rain Gauge,Maharashtra SW,27,Maharashtra,496,Solapur,-,-,-,-,-,-,-,-,-,18.07402000,75.12002000,01-01-2024 08:00,0,0,0,0,0,0,0,0,0,0,0,0,0,0,0,0,0,0,0,0,0,0,0,0,0,0,0,0,0,0,0,0,0,0,0,0,0,0,0,0,0,0,0,0,"","","","","",""
1127,Ujjani Dam Rain Gauge,Maharashtra SW,27,Maharashtra,496,Solapur,-,-,-,-,-,-,-,-,-,18.07402000,75.12002000,01-01-2024 09:00,0,0,0,0,0,0,0,0,0,0,0,0,0,0,0,0,0,0,0,0,0,0,0,0,0,0,0,0,0,0,0,0,0,0,0,0,0,0,0,0,0,0,0,0,"","","","","",""
1128,Ujjani Dam Rain Gauge,Maharashtra SW,27,Maharashtra,496,Solapur,-,-,-,-,-,-,-,-,-,18.07402000,75.12002000,01-01-2024 11:00,0,0,0,0,0,0,0,0,0,0,0,0,0,0,0,0,0,0,0,0,0,0,0,0,0,0,0,0,0,0,0,0,0,0,0,0,0,0,0,0,0,0,0,0,"","","","","",""
1129,Ujjani Dam Rain Gauge,Maharashtra SW,27,Maharashtra,496,Solapur,-,-,-,-,-,-,-,-,-,18.07402000,75.12002000,01-01-2024 12:00,0,0,0,0,0,0,0,0,0,0,0,0,0,0,0,0,0,0,0,0,0,0,0,0,0,0,0,0,0,0,0,0,0,0,0,0,0,0,0,0,0,0,0,0,"","","","","",""
1130,Ujjani Dam Rain Gauge,Maharashtra SW,27,Maharashtra,496,Solapur,-,-,-,-,-,-,-,-,-,18.07402000,75.12002000,01-01-2024 13:00,0,0,0,0,0,0,0,0,0,0,0,0,0,0,0,0,0,0,0,0,0,0,0,0,0,0,0,0,0,0,0,0,0,0,0,0,0,0,0,0,0,0,0,0,"","","","","",""
1131,Ujjani Dam Rain Gauge,Maharashtra SW,27,Maharashtra,496,Solapur,-,-,-,-,-,-,-,-,-,18.07402000,75.12002000,01-01-2024 14:00,0,0,0,0,0,0,0,0,0,0,0,0,0,0,0,0,0,0,0,0,0,0,0,0,0,0,0,0,0,0,0,0,0,0,0,0,0,0,0,0,0,0,0,0,"","","","","",""
1132,Ujjani Dam Rain Gauge,Maharashtra SW,27,Maharashtra,496,Solapur,-,-,-,-,-,-,-,-,-,18.07402000,75.12002000,01-01-2024 15:00,0,0,0,0,0,0,0,0,0,0,0,0,0,0,0,0,0,0,0,0,0,0,0,0,0,0,0,0,0,0,0,0,0,0,0,0,0,0,0,0,0,0,0,0,"","","","","",""
1133,Ujjani Dam Rain Gauge,Maharashtra SW,27,Maharashtra,496,Solapur,-,-,-,-,-,-,-,-,-,18.07402000,75.12002000,01-01-2024 16:00,0,0,0,0,0,0,0,0,0,0,0,0,0,0,0,0,0,0,0,0,0,0,0,0,0,0,0,0,0,0,0,0,0,0,0,0,0,0,0,0,0,0,0,0,"","","","","",""
1134,Ujjani Dam Rain Gauge,Maharashtra SW,27,Maharashtra,496,Solapur,-,-,-,-,-,-,-,-,-,18.07402000,75.12002000,01-01-2024 18:00,0,0,0,0,0,0,0,0,0,0,0,0,0,0,0,0,0,0,0,0,0,0,0,0,0,0,0,0,0,0,0,0,0,0,0,0,0,0,0,0,0,0,0,0,"","","","","",""
1135,Ujjani Dam Rain Gauge,Maharashtra SW,27,Maharashtra,496,Solapur,-,-,-,-,-,-,-,-,-,18.07402000,75.12002000,01-01-2024 19:00,0,0,0,0,0,0,0,0,0,0,0,0,0,0,0,0,0,0,0,0,0,0,0,0,0,0,0,0,0,0,0,0,0,0,0,0,0,0,0,0,0,0,0,0,"","","","","",""
1136,Ujjani Dam Rain Gauge,Maharashtra SW,27,Maharashtra,496,Solapur,-,-,-,-,-,-,-,-,-,18.07402000,75.12002000,01-01-2024 20:00,0,0,0,0,0,0,0,0,0,0,0,0,0,0,0,0,0,0,0,0,0,0,0,0,0,0,0,0,0,0,0,0,0,0,0,0,0,0,0,0,0,0,0,0,"","","","","",""
1137,Ujjani Dam Rain Gauge,Maharashtra SW,27,Maharashtra,496,Solapur,-,-,-,-,-,-,-,-,-,18.07402000,75.12002000,01-01-2024 21:00,0,0,0,0,0,0,0,0,0,0,0,0,0,0,0,0,0,0,0,0,0,0,0,0,0,0,0,0,0,0,0,0,0,0,0,0,0,0,0,0,0,0,0,0,"","","","","",""
1138,Ujjani Dam Rain Gauge,Maharashtra SW,27,Maharashtra,496,Solapur,-,-,-,-,-,-,-,-,-,18.07402000,75.12002000,01-01-2024 22:00,0,0,0,0,0,0,0,0,0,0,0,0,0,0,0,0,0,0,0,0,0,0,0,0,0,0,0,0,0,0,0,0,0,0,0,0,0,0,0,0,0,0,0,0,"","","","","",""
1139,Ujjani Dam Rain Gauge,Maharashtra SW,27,Maharashtra,496,Solapur,-,-,-,-,-,-,-,-,-,18.07402000,75.12002000,01-01-2024 23:00,0,0,0,0,0,0,0,0,0,0,0,0,0,0,0,0,0,0,0,0,0,0,0,0,0,0,0,0,0,0,0,0,0,0,0,0,0,0,0,0,0,0,0,0,"","","","","",""
1140,Ujjani Dam Rain Gauge,Maharashtra SW,27,Maharashtra,496,Solapur,-,-,-,-,-,-,-,-,-,18.07402000,75.12002000,02-01-2024 00:00,0,0,0,0,0,0,0,0,0,0,0,0,0,0,0,0,0,0,0,0,0,0,0,0,0,0,0,0,0,0,0,0,0,0,0,0,0,0,0,0,0,0,0,0,"","","","","",""
1141,Ujjani Dam Rain Gauge,Maharashtra SW,27,Maharashtra,496,Solapur,-,-,-,-,-,-,-,-,-,18.07402000,75.12002000,02-01-2024 02:00,0,0,0,0,0,0,0,0,0,0,0,0,0,0,0,0,0,0,0,0,0,0,0,0,0,0,0,0,0,0,0,0,0,0,0,0,0,0,0,0,0,0,0,0,"","","","","",""
1142,Ujjani Dam Rain Gauge,Maharashtra SW,27,Maharashtra,496,Solapur,-,-,-,-,-,-,-,-,-,18.07402000,75.12002000,02-01-2024 03:00,0,0,0,0,0,0,0,0,0,0,0,0,0,0,0,0,0,0,0,0,0,0,0,0,0,0,0,0,0,0,0,0,0,0,0,0,0,0,0,0,0,0,0,0,"","","","","",""
1143,Ujjani Dam Rain Gauge,Maharashtra SW,27,Maharashtra,496,Solapur,-,-,-,-,-,-,-,-,-,18.07402000,75.12002000,02-01-2024 04:00,0,0,0,0,0,0,0,0,0,0,0,0,0,0,0,0,0,0,0,0,0,0,0,0,0,0,0,0,0,0,0,0,0,0,0,0,0,0,0,0,0,0,0,0,"","","","","",""
1144,Ujjani Dam Rain Gauge,Maharashtra SW,27,Maharashtra,496,Solapur,-,-,-,-,-,-,-,-,-,18.07402000,75.12002000,02-01-2024 05:00,0,0,0,0,0,0,0,0,0,0,0,0,0,0,0,0,0,0,0,0,0,0,0,0,0,0,0,0,0,0,0,0,0,0,0,0,0,0,0,0,0,0,0,0,"","","","","",""
1145,Ujjani Dam Rain Gauge,Maharashtra SW,27,Maharashtra,496,Solapur,-,-,-,-,-,-,-,-,-,18.07402000,75.12002000,02-01-2024 06:00,0,0,0,0,0,0,0,0,0,0,0,0,0,0,0,0,0,0,0,0,0,0,0,0,0,0,0,0,0,0,0,0,0,0,0,0,0,0,0,0,0,0,0,0,"","","","","",""
1146,Ujjani Dam Rain Gauge,Maharashtra SW,27,Maharashtra,496,Solapur,-,-,-,-,-,-,-,-,-,18.07402000,75.12002000,02-01-2024 07:00,0,0,0,0,0,0,0,0,0,0,0,0,0,0,0,0,0,0,0,0,0,0,0,0,0,0,0,0,0,0,0,0,0,0,0,0,0,0,0,0,0,0,0,0,"","","","","",""
1147,Ujjani Dam Rain Gauge,Maharashtra SW,27,Maharashtra,496,Solapur,-,-,-,-,-,-,-,-,-,18.07402000,75.12002000,02-01-2024 08:00,0,0,0,0,0,0,0,0,0,0,0,0,0,0,0,0,0,0,0,0,0,0,0,0,0,0,0,0,0,0,0,0,0,0,0,0,0,0,0,0,0,0,0,0,"","","","","",""
1148,Ujjani Dam Rain Gauge,Maharashtra SW,27,Maharashtra,496,Solapur,-,-,-,-,-,-,-,-,-,18.07402000,75.12002000,02-01-2024 10:00,0,0,0,0,0,0,0,0,0,0,0,0,0,0,0,0,0,0,0,0,0,0,0,0,0,0,0,0,0,0,0,0,0,0,0,0,0,0,0,0,0,0,0,0,"","","","","",""
1149,Ujjani Dam Rain Gauge,Maharashtra SW,27,Maharashtra,496,Solapur,-,-,-,-,-,-,-,-,-,18.07402000,75.12002000,02-01-2024 11:00,0,0,0,0,0,0,0,0,0,0,0,0,0,0,0,0,0,0,0,0,0,0,0,0,0,0,0,0,0,0,0,0,0,0,0,0,0,0,0,0,0,0,0,0,"","","","","",""
1150,Ujjani Dam Rain Gauge,Maharashtra SW,27,Maharashtra,496,Solapur,-,-,-,-,-,-,-,-,-,18.07402000,75.12002000,02-01-2024 12:00,0,0,0,0,0,0,0,0,0,0,0,0,0,0,0,0,0,0,0,0,0,0,0,0,0,0,0,0,0,0,0,0,0,0,0,0,0,0,0,0,0,0,0,0,"","","","","",""
1151,Ujjani Dam Rain Gauge,Maharashtra SW,27,Maharashtra,496,Solapur,-,-,-,-,-,-,-,-,-,18.07402000,75.12002000,02-01-2024 13:00,0,0,0,0,0,0,0,0,0,0,0,0,0,0,0,0,0,0,0,0,0,0,0,0,0,0,0,0,0,0,0,0,0,0,0,0,0,0,0,0,0,0,0,0,"","","","","",""
1152,Ujjani Dam Rain Gauge,Maharashtra SW,27,Maharashtra,496,Solapur,-,-,-,-,-,-,-,-,-,18.07402000,75.12002000,02-01-2024 14:00,0,0,0,0,0,0,0,0,0,0,0,0,0,0,0,0,0,0,0,0,0,0,0,0,0,0,0,0,0,0,0,0,0,0,0,0,0,0,0,0,0,0,0,0,"","","","","",""
1153,Ujjani Dam Rain Gauge,Maharashtra SW,27,Maharashtra,496,Solapur,-,-,-,-,-,-,-,-,-,18.07402000,75.12002000,02-01-2024 15:00,0,0,0,0,0,0,0,0,0,0,0,0,0,0,0,0,0,0,0,0,0,0,0,0,0,0,0,0,0,0,0,0,0,0,0,0,0,0,0,0,0,0,0,0,"","","","","",""
1154,Ujjani Dam Rain Gauge,Maharashtra SW,27,Maharashtra,496,Solapur,-,-,-,-,-,-,-,-,-,18.07402000,75.12002000,02-01-2024 16:00,0,0,0,0,0,0,0,0,0,0,0,0,0,0,0,0,0,0,0,0,0,0,0,0,0,0,0,0,0,0,0,0,0,0,0,0,0,0,0,0,0,0,0,0,"","","","","",""
1155,Ujjani Dam Rain Gauge,Maharashtra SW,27,Maharashtra,496,Solapur,-,-,-,-,-,-,-,-,-,18.07402000,75.12002000,02-01-2024 19:00,0,0,0,0,0,0,0,0,0,0,0,0,0,0,0,0,0,0,0,0,0,0,0,0,0,0,0,0,0,0,0,0,0,0,0,0,0,0,0,0,0,0,0,0,"","","","","",""
1156,Ujjani Dam Rain Gauge,Maharashtra SW,27,Maharashtra,496,Solapur,-,-,-,-,-,-,-,-,-,18.07402000,75.12002000,02-01-2024 20:00,0,0,0,0,0,0,0,0,0,0,0,0,0,0,0,0,0,0,0,0,0,0,0,0,0,0,0,0,0,0,0,0,0,0,0,0,0,0,0,0,0,0,0,0,"","","","","",""
1157,Ujjani Dam Rain Gauge,Maharashtra SW,27,Maharashtra,496,Solapur,-,-,-,-,-,-,-,-,-,18.07402000,75.12002000,02-01-2024 21:00,0,0,0,0,0,0,0,0,0,0,0,0,0,0,0,0,0,0,0,0,0,0,0,0,0,0,0,0,0,0,0,0,0,0,0,0,0,0,0,0,0,0,0,0,"","","","","",""
1158,Ujjani Dam Rain Gauge,Maharashtra SW,27,Maharashtra,496,Solapur,-,-,-,-,-,-,-,-,-,18.07402000,75.12002000,02-01-2024 22:00,0,0,0,0,0,0,0,0,0,0,0,0,0,0,0,0,0,0,0,0,0,0,0,0,0,0,0,0,0,0,0,0,0,0,0,0,0,0,0,0,0,0,0,0,"","","","","",""
1159,Ujjani Dam Rain Gauge,Maharashtra SW,27,Maharashtra,496,Solapur,-,-,-,-,-,-,-,-,-,18.07402000,75.12002000,02-01-2024 23:00,0,0,0,0,0,0,0,0,0,0,0,0,0,0,0,0,0,0,0,0,0,0,0,0,0,0,0,0,0,0,0,0,0,0,0,0,0,0,0,0,0,0,0,0,"","","","","",""
1160,Ujjani Dam Rain Gauge,Maharashtra SW,27,Maharashtra,496,Solapur,-,-,-,-,-,-,-,-,-,18.07402000,75.12002000,03-01-2024 00:00,0,0,0,0,0,0,0,0,0,0,0,0,0,0,0,0,0,0,0,0,0,0,0,0,0,0,0,0,0,0,0,0,0,0,0,0,0,0,0,0,0,0,0,0,"","","","","",""
1161,Ujjani Dam Rain Gauge,Maharashtra SW,27,Maharashtra,496,Solapur,-,-,-,-,-,-,-,-,-,18.07402000,75.12002000,03-01-2024 02:00,0,0,0,0,0,0,0,0,0,0,0,0,0,0,0,0,0,0,0,0,0,0,0,0,0,0,0,0,0,0,0,0,0,0,0,0,0,0,0,0,0,0,0,0,"","","","","",""
1162,Ujjani Dam Rain Gauge,Maharashtra SW,27,Maharashtra,496,Solapur,-,-,-,-,-,-,-,-,-,18.07402000,75.12002000,03-01-2024 03:00,0,0,0,0,0,0,0,0,0,0,0,0,0,0,0,0,0,0,0,0,0,0,0,0,0,0,0,0,0,0,0,0,0,0,0,0,0,0,0,0,0,0,0,0,"","","","","",""
1163,Ujjani Dam Rain Gauge,Maharashtra SW,27,Maharashtra,496,Solapur,-,-,-,-,-,-,-,-,-,18.07402000,75.12002000,03-01-2024 04:00,0,0,0,0,0,0,0,0,0,0,0,0,0,0,0,0,0,0,0,0,0,0,0,0,0,0,0,0,0,0,0,0,0,0,0,0,0,0,0,0,0,0,0,0,"","","","","",""
1164,Ujjani Dam Rain Gauge,Maharashtra SW,27,Maharashtra,496,Solapur,-,-,-,-,-,-,-,-,-,18.07402000,75.12002000,03-01-2024 05:00,0,0,0,0,0,0,0,0,0,0,0,0,0,0,0,0,0,0,0,0,0,0,0,0,0,0,0,0,0,0,0,0,0,0,0,0,0,0,0,0,0,0,0,0,"","","","","",""
1165,Ujjani Dam Rain Gauge,Maharashtra SW,27,Maharashtra,496,Solapur,-,-,-,-,-,-,-,-,-,18.07402000,75.12002000,03-01-2024 06:00,0,0,0,0,0,0,0,0,0,0,0,0,0,0,0,0,0,0,0,0,0,0,0,0,0,0,0,0,0,0,0,0,0,0,0,0,0,0,0,0,0,0,0,0,"","","","","",""
1166,Ujjani Dam Rain Gauge,Maharashtra SW,27,Maharashtra,496,Solapur,-,-,-,-,-,-,-,-,-,18.07402000,75.12002000,03-01-2024 07:00,0,0,0,0,0,0,0,0,0,0,0,0,0,0,0,0,0,0,0,0,0,0,0,0,0,0,0,0,0,0,0,0,0,0,0,0,0,0,0,0,0,0,0,0,"","","","","",""
1167,Ujjani Dam Rain Gauge,Maharashtra SW,27,Maharashtra,496,Solapur,-,-,-,-,-,-,-,-,-,18.07402000,75.12002000,03-01-2024 08:00,0,0,0,0,0,0,0,0,0,0,0,0,0,0,0,0,0,0,0,0,0,0,0,0,0,0,0,0,0,0,0,0,0,0,0,0,0,0,0,0,0,0,0,0,"","","","","",""
1168,Ujjani Dam Rain Gauge,Maharashtra SW,27,Maharashtra,496,Solapur,-,-,-,-,-,-,-,-,-,18.07402000,75.12002000,03-01-2024 10:00,0,0,0,0,0,0,0,0,0,0,0,0,0,0,0,0,0,0,0,0,0,0,0,0,0,0,0,0,0,0,0,0,0,0,0,0,0,0,0,0,0,0,0,0,"","","","","",""
1169,Ujjani Dam Rain Gauge,Maharashtra SW,27,Maharashtra,496,Solapur,-,-,-,-,-,-,-,-,-,18.07402000,75.12002000,03-01-2024 11:00,0,0,0,0,0,0,0,0,0,0,0,0,0,0,0,0,0,0,0,0,0,0,0,0,0,0,0,0,0,0,0,0,0,0,0,0,0,0,0,0,0,0,0,0,"","","","","",""
1170,Ujjani Dam Rain Gauge,Maharashtra SW,27,Maharashtra,496,Solapur,-,-,-,-,-,-,-,-,-,18.07402000,75.12002000,03-01-2024 12:00,0,0,0,0,0,0,0,0,0,0,0,0,0,0,0,0,0,0,0,0,0,0,0,0,0,0,0,0,0,0,0,0,0,0,0,0,0,0,0,0,0,0,0,0,"","","","","",""
1171,Ujjani Dam Rain Gauge,Maharashtra SW,27,Maharashtra,496,Solapur,-,-,-,-,-,-,-,-,-,18.07402000,75.12002000,03-01-2024 13:00,0,0,0,0,0,0,0,0,0,0,0,0,0,0,0,0,0,0,0,0,0,0,0,0,0,0,0,0,0,0,0,0,0,0,0,0,0,0,0,0,0,0,0,0,"","","","","",""
1172,Ujjani Dam Rain Gauge,Maharashtra SW,27,Maharashtra,496,Solapur,-,-,-,-,-,-,-,-,-,18.07402000,75.12002000,03-01-2024 14:00,0,0,0,0,0,0,0,0,0,0,0,0,0,0,0,0,0,0,0,0,0,0,0,0,0,0,0,0,0,0,0,0,0,0,0,0,0,0,0,0,0,0,0,0,"","","","","",""
1173,Ujjani Dam Rain Gauge,Maharashtra SW,27,Maharashtra,496,Solapur,-,-,-,-,-,-,-,-,-,18.07402000,75.12002000,03-01-2024 15:00,0,0,0,0,0,0,0,0,0,0,0,0,0,0,0,0,0,0,0,0,0,0,0,0,0,0,0,0,0,0,0,0,0,0,0,0,0,0,0,0,0,0,0,0,"","","","","",""
1174,Ujjani Dam Rain Gauge,Maharashtra SW,27,Maharashtra,496,Solapur,-,-,-,-,-,-,-,-,-,18.07402000,75.12002000,03-01-2024 16:00,0,0,0,0,0,0,0,0,0,0,0,0,0,0,0,0,0,0,0,0,0,0,0,0,0,0,0,0,0,0,0,0,0,0,0,0,0,0,0,0,0,0,0,0,"","","","","",""
1175,Ujjani Dam Rain Gauge,Maharashtra SW,27,Maharashtra,496,Solapur,-,-,-,-,-,-,-,-,-,18.07402000,75.12002000,03-01-2024 18:00,0,0,0,0,0,0,0,0,0,0,0,0,0,0,0,0,0,0,0,0,0,0,0,0,0,0,0,0,0,0,0,0,0,0,0,0,0,0,0,0,0,0,0,0,"","","","","",""
1176,Ujjani Dam Rain Gauge,Maharashtra SW,27,Maharashtra,496,Solapur,-,-,-,-,-,-,-,-,-,18.07402000,75.12002000,03-01-2024 19:00,0,0,0,0,0,0,0,0,0,0,0,0,0,0,0,0,0,0,0,0,0,0,0,0,0,0,0,0,0,0,0,0,0,0,0,0,0,0,0,0,0,0,0,0,"","","","","",""
1177,Ujjani Dam Rain Gauge,Maharashtra SW,27,Maharashtra,496,Solapur,-,-,-,-,-,-,-,-,-,18.07402000,75.12002000,03-01-2024 20:00,0,0,0,0,0,0,0,0,0,0,0,0,0,0,0,0,0,0,0,0,0,0,0,0,0,0,0,0,0,0,0,0,0,0,0,0,0,0,0,0,0,0,0,0,"","","","","",""
1178,Ujjani Dam Rain Gauge,Maharashtra SW,27,Maharashtra,496,Solapur,-,-,-,-,-,-,-,-,-,18.07402000,75.12002000,03-01-2024 21:00,0,0,0,0,0,0,0,0,0,0,0,0,0,0,0,0,0,0,0,0,0,0,0,0,0,0,0,0,0,0,0,0,0,0,0,0,0,0,0,0,0,0,0,0,"","","","","",""
1179,Ujjani Dam Rain Gauge,Maharashtra SW,27,Maharashtra,496,Solapur,-,-,-,-,-,-,-,-,-,18.07402000,75.12002000,03-01-2024 22:00,0,0,0,0,0,0,0,0,0,0,0,0,0,0,0,0,0,0,0,0,0,0,0,0,0,0,0,0,0,0,0,0,0,0,0,0,0,0,0,0,0,0,0,0,"","","","","",""
1180,Ujjani Dam Rain Gauge,Maharashtra SW,27,Maharashtra,496,Solapur,-,-,-,-,-,-,-,-,-,18.07402000,75.12002000,03-01-2024 23:00,0,0,0,0,0,0,0,0,0,0,0,0,0,0,0,0,0,0,0,0,0,0,0,0,0,0,0,0,0,0,0,0,0,0,0,0,0,0,0,0,0,0,0,0,"","","","","",""
1181,Ujjani Dam Rain Gauge,Maharashtra SW,27,Maharashtra,496,Solapur,-,-,-,-,-,-,-,-,-,18.07402000,75.12002000,04-01-2024 00:00,0,0,0,0,0,0,0,0,0,0,0,0,0,0,0,0,0,0,0,0,0,0,0,0,0,0,0,0,0,0,0,0,0,0,0,0,0,0,0,0,0,0,0,0,"","","","","",""
1182,Ujjani Dam Rain Gauge,Maharashtra SW,27,Maharashtra,496,Solapur,-,-,-,-,-,-,-,-,-,18.07402000,75.12002000,04-01-2024 02:00,0,0,0,0,0,0,0,0,0,0,0,0,0,0,0,0,0,0,0,0,0,0,0,0,0,0,0,0,0,0,0,0,0,0,0,0,0,0,0,0,0,0,0,0,"","","","","",""
1183,Ujjani Dam Rain Gauge,Maharashtra SW,27,Maharashtra,496,Solapur,-,-,-,-,-,-,-,-,-,18.07402000,75.12002000,04-01-2024 03:00,0,0,0,0,0,0,0,0,0,0,0,0,0,0,0,0,0,0,0,0,0,0,0,0,0,0,0,0,0,0,0,0,0,0,0,0,0,0,0,0,0,0,0,0,"","","","","",""
1184,Ujjani Dam Rain Gauge,Maharashtra SW,27,Maharashtra,496,Solapur,-,-,-,-,-,-,-,-,-,18.07402000,75.12002000,04-01-2024 04:00,0,0,0,0,0,0,0,0,0,0,0,0,0,0,0,0,0,0,0,0,0,0,0,0,0,0,0,0,0,0,0,0,0,0,0,0,0,0,0,0,0,0,0,0,"","","","","",""
1185,Ujjani Dam Rain Gauge,Maharashtra SW,27,Maharashtra,496,Solapur,-,-,-,-,-,-,-,-,-,18.07402000,75.12002000,04-01-2024 05:00,0,0,0,0,0,0,0,0,0,0,0,0,0,0,0,0,0,0,0,0,0,0,0,0,0,0,0,0,0,0,0,0,0,0,0,0,0,0,0,0,0,0,0,0,"","","","","",""
1186,Ujjani Dam Rain Gauge,Maharashtra SW,27,Maharashtra,496,Solapur,-,-,-,-,-,-,-,-,-,18.07402000,75.12002000,04-01-2024 06:00,0,0,0,0,0,0,0,0,0,0,0,0,0,0,0,0,0,0,0,0,0,0,0,0,0,0,0,0,0,0,0,0,0,0,0,0,0,0,0,0,0,0,0,0,"","","","","",""
1187,Ujjani Dam Rain Gauge,Maharashtra SW,27,Maharashtra,496,Solapur,-,-,-,-,-,-,-,-,-,18.07402000,75.12002000,04-01-2024 07:00,0,0,0,0,0,0,0,0,0,0,0,0,0,0,0,0,0,0,0,0,0,0,0,0,0,0,0,0,0,0,0,0,0,0,0,0,0,0,0,0,0,0,0,0,"","","","","",""
1188,Ujjani Dam Rain Gauge,Maharashtra SW,27,Maharashtra,496,Solapur,-,-,-,-,-,-,-,-,-,18.07402000,75.12002000,04-01-2024 08:00,0,0,0,0,0,0,0,0,0,0,0,0,0,0,0,0,0,0,0,0,0,0,0,0,0,0,0,0,0,0,0,0,0,0,0,0,0,0,0,0,0,0,0,0,"","","","","",""
1189,Ujjani Dam Rain Gauge,Maharashtra SW,27,Maharashtra,496,Solapur,-,-,-,-,-,-,-,-,-,18.07402000,75.12002000,04-01-2024 10:00,0,0,0,0,0,0,0,0,0,0,0,0,0,0,0,0,0,0,0,0,0,0,0,0,0,0,0,0,0,0,0,0,0,0,0,0,0,0,0,0,0,0,0,0,"","","","","",""
1190,Ujjani Dam Rain Gauge,Maharashtra SW,27,Maharashtra,496,Solapur,-,-,-,-,-,-,-,-,-,18.07402000,75.12002000,04-01-2024 11:00,0,0,0,0,0,0,0,0,0,0,0,0,0,0,0,0,0,0,0,0,0,0,0,0,0,0,0,0,0,0,0,0,0,0,0,0,0,0,0,0,0,0,0,0,"","","","","",""
1191,Ujjani Dam Rain Gauge,Maharashtra SW,27,Maharashtra,496,Solapur,-,-,-,-,-,-,-,-,-,18.07402000,75.12002000,04-01-2024 12:00,0,0,0,0,0,0,0,0,0,0,0,0,0,0,0,0,0,0,0,0,0,0,0,0,0,0,0,0,0,0,0,0,0,0,0,0,0,0,0,0,0,0,0,0,"","","","","",""
1192,Ujjani Dam Rain Gauge,Maharashtra SW,27,Maharashtra,496,Solapur,-,-,-,-,-,-,-,-,-,18.07402000,75.12002000,04-01-2024 13:00,0,0,0,0,0,0,0,0,0,0,0,0,0,0,0,0,0,0,0,0,0,0,0,0,0,0,0,0,0,0,0,0,0,0,0,0,0,0,0,0,0,0,0,0,"","","","","",""
1193,Ujjani Dam Rain Gauge,Maharashtra SW,27,Maharashtra,496,Solapur,-,-,-,-,-,-,-,-,-,18.07402000,75.12002000,04-01-2024 14:00,0,0,0,0,0,0,0,0,0,0,0,0,0,0,0,0,0,0,0,0,0,0,0,0,0,0,0,0,0,0,0,0,0,0,0,0,0,0,0,0,0,0,0,0,"","","","","",""
1194,Ujjani Dam Rain Gauge,Maharashtra SW,27,Maharashtra,496,Solapur,-,-,-,-,-,-,-,-,-,18.07402000,75.12002000,04-01-2024 15:00,0,0,0,0,0,0,0,0,0,0,0,0,0,0,0,0,0,0,0,0,0,0,0,0,0,0,0,0,0,0,0,0,0,0,0,0,0,0,0,0,0,0,0,0,"","","","","",""
1195,Ujjani Dam Rain Gauge,Maharashtra SW,27,Maharashtra,496,Solapur,-,-,-,-,-,-,-,-,-,18.07402000,75.12002000,04-01-2024 17:00,0,0,0,0,0,0,0,0,0,0,0,0,0,0,0,0,0,0,0,0,0,0,0,0,0,0,0,0,0,0,0,0,0,0,0,0,0,0,0,0,0,0,0,0,"","","","","",""
1196,Ujjani Dam Rain Gauge,Maharashtra SW,27,Maharashtra,496,Solapur,-,-,-,-,-,-,-,-,-,18.07402000,75.12002000,04-01-2024 18:00,0,0,0,0,0,0,0,0,0,0,0,0,0,0,0,0,0,0,0,0,0,0,0,0,0,0,0,0,0,0,0,0,0,0,0,0,0,0,0,0,0,0,0,0,"","","","","",""
1197,Ujjani Dam Rain Gauge,Maharashtra SW,27,Maharashtra,496,Solapur,-,-,-,-,-,-,-,-,-,18.07402000,75.12002000,04-01-2024 19:00,0,0,0,0,0,0,0,0,0,0,0,0,0,0,0,0,0,0,0,0,0,0,0,0,0,0,0,0,0,0,0,0,0,0,0,0,0,0,0,0,0,0,0,0,"","","","","",""
1198,Ujjani Dam Rain Gauge,Maharashtra SW,27,Maharashtra,496,Solapur,-,-,-,-,-,-,-,-,-,18.07402000,75.12002000,04-01-2024 20:00,0,0,0,0,0,0,0,0,0,0,0,0,0,0,0,0,0,0,0,0,0,0,0,0,0,0,0,0,0,0,0,0,0,0,0,0,0,0,0,0,0,0,0,0,"","","","","",""
1199,Ujjani Dam Rain Gauge,Maharashtra SW,27,Maharashtra,496,Solapur,-,-,-,-,-,-,-,-,-,18.07402000,75.12002000,04-01-2024 21:00,0,0,0,0,0,0,0,0,0,0,0,0,0,0,0,0,0,0,0,0,0,0,0,0,0,0,0,0,0,0,0,0,0,0,0,0,0,0,0,0,0,0,0,0,"","","","","",""
1200,Ujjani Dam Rain Gauge,Maharashtra SW,27,Maharashtra,496,Solapur,-,-,-,-,-,-,-,-,-,18.07402000,75.12002000,04-01-2024 22:00,0,0,0,0,0,0,0,0,0,0,0,0,0,0,0,0,0,0,0,0,0,0,0,0,0,0,0,0,0,0,0,0,0,0,0,0,0,0,0,0,0,0,0,0,"","","","","",""
1201,Ujjani Dam Rain Gauge,Maharashtra SW,27,Maharashtra,496,Solapur,-,-,-,-,-,-,-,-,-,18.07402000,75.12002000,04-01-2024 23:00,0,0,0,0,0,0,0,0,0,0,0,0,0,0,0,0,0,0,0,0,0,0,0,0,0,0,0,0,0,0,0,0,0,0,0,0,0,0,0,0,0,0,0,0,"","","","","",""
1202,Ujjani Dam Rain Gauge,Maharashtra SW,27,Maharashtra,496,Solapur,-,-,-,-,-,-,-,-,-,18.07402000,75.12002000,05-01-2024 01:00,0,0,0,0,0,0,0,0,0,0,0,0,0,0,0,0,0,0,0,0,0,0,0,0,0,0,0,0,0,0,0,0,0,0,0,0,0,0,0,0,0,0,0,0,"","","","","",""
1203,Ujjani Dam Rain Gauge,Maharashtra SW,27,Maharashtra,496,Solapur,-,-,-,-,-,-,-,-,-,18.07402000,75.12002000,05-01-2024 02:00,0,0,0,0,0,0,0,0,0,0,0,0,0,0,0,0,0,0,0,0,0,0,0,0,0,0,0,0,0,0,0,0,0,0,0,0,0,0,0,0,0,0,0,0,"","","","","",""
1204,Ujjani Dam Rain Gauge,Maharashtra SW,27,Maharashtra,496,Solapur,-,-,-,-,-,-,-,-,-,18.07402000,75.12002000,05-01-2024 03:00,0,0,0,0,0,0,0,0,0,0,0,0,0,0,0,0,0,0,0,0,0,0,0,0,0,0,0,0,0,0,0,0,0,0,0,0,0,0,0,0,0,0,0,0,"","","","","",""
1205,Ujjani Dam Rain Gauge,Maharashtra SW,27,Maharashtra,496,Solapur,-,-,-,-,-,-,-,-,-,18.07402000,75.12002000,05-01-2024 04:00,0,0,0,0,0,0,0,0,0,0,0,0,0,0,0,0,0,0,0,0,0,0,0,0,0,0,0,0,0,0,0,0,0,0,0,0,0,0,0,0,0,0,0,0,"","","","","",""
1206,Ujjani Dam Rain Gauge,Maharashtra SW,27,Maharashtra,496,Solapur,-,-,-,-,-,-,-,-,-,18.07402000,75.12002000,05-01-2024 05:00,0,0,0,0,0,0,0,0,0,0,0,0,0,0,0,0,0,0,0,0,0,0,0,0,0,0,0,0,0,0,0,0,0,0,0,0,0,0,0,0,0,0,0,0,"","","","","",""
1207,Ujjani Dam Rain Gauge,Maharashtra SW,27,Maharashtra,496,Solapur,-,-,-,-,-,-,-,-,-,18.07402000,75.12002000,05-01-2024 06:00,0,0,0,0,0,0,0,0,0,0,0,0,0,0,0,0,0,0,0,0,0,0,0,0,0,0,0,0,0,0,0,0,0,0,0,0,0,0,0,0,0,0,0,0,"","","","","",""
1208,Ujjani Dam Rain Gauge,Maharashtra SW,27,Maharashtra,496,Solapur,-,-,-,-,-,-,-,-,-,18.07402000,75.12002000,05-01-2024 07:00,0,0,0,0,0,0,0,0,0,0,0,0,0,0,0,0,0,0,0,0,0,0,0,0,0,0,0,0,0,0,0,0,0,0,0,0,0,0,0,0,0,0,0,0,"","","","","",""
1209,Ujjani Dam Rain Gauge,Maharashtra SW,27,Maharashtra,496,Solapur,-,-,-,-,-,-,-,-,-,18.07402000,75.12002000,05-01-2024 09:00,0,0,0,0,0,0,0,0,0,0,0,0,0,0,0,0,0,0,0,0,0,0,0,0,0,0,0,0,0,0,0,0,0,0,0,0,0,0,0,0,0,0,0,0,"","","","","",""
1210,Ujjani Dam Rain Gauge,Maharashtra SW,27,Maharashtra,496,Solapur,-,-,-,-,-,-,-,-,-,18.07402000,75.12002000,05-01-2024 10:00,0,0,0,0,0,0,0,0,0,0,0,0,0,0,0,0,0,0,0,0,0,0,0,0,0,0,0,0,0,0,0,0,0,0,0,0,0,0,0,0,0,0,0,0,"","","","","",""
1211,Ujjani Dam Rain Gauge,Maharashtra SW,27,Maharashtra,496,Solapur,-,-,-,-,-,-,-,-,-,18.07402000,75.12002000,05-01-2024 11:00,0,0,0,0,0,0,0,0,0,0,0,0,0,0,0,0,0,0,0,0,0,0,0,0,0,0,0,0,0,0,0,0,0,0,0,0,0,0,0,0,0,0,0,0,"","","","","",""
1212,Ujjani Dam Rain Gauge,Maharashtra SW,27,Maharashtra,496,Solapur,-,-,-,-,-,-,-,-,-,18.07402000,75.12002000,05-01-2024 12:00,0,0,0,0,0,0,0,0,0,0,0,0,0,0,0,0,0,0,0,0,0,0,0,0,0,0,0,0,0,0,0,0,0,0,0,0,0,0,0,0,0,0,0,0,"","","","","",""
1213,Ujjani Dam Rain Gauge,Maharashtra SW,27,Maharashtra,496,Solapur,-,-,-,-,-,-,-,-,-,18.07402000,75.12002000,05-01-2024 13:00,0,0,0,0,0,0,0,0,0,0,0,0,0,0,0,0,0,0,0,0,0,0,0,0,0,0,0,0,0,0,0,0,0,0,0,0,0,0,0,0,0,0,0,0,"","","","","",""
1214,Ujjani Dam Rain Gauge,Maharashtra SW,27,Maharashtra,496,Solapur,-,-,-,-,-,-,-,-,-,18.07402000,75.12002000,05-01-2024 14:00,0,0,0,0,0,0,0,0,0,0,0,0,0,0,0,0,0,0,0,0,0,0,0,0,0,0,0,0,0,0,0,0,0,0,0,0,0,0,0,0,0,0,0,0,"","","","","",""
1215,Ujjani Dam Rain Gauge,Maharashtra SW,27,Maharashtra,496,Solapur,-,-,-,-,-,-,-,-,-,18.07402000,75.12002000,05-01-2024 15:00,0,0,0,0,0,0,0,0,0,0,0,0,0,0,0,0,0,0,0,0,0,0,0,0,0,0,0,0,0,0,0,0,0,0,0,0,0,0,0,0,0,0,0,0,"","","","","",""
1216,Ujjani Dam Rain Gauge,Maharashtra SW,27,Maharashtra,496,Solapur,-,-,-,-,-,-,-,-,-,18.07402000,75.12002000,05-01-2024 17:00,0,0,0,0,0,0,0,0,0,0,0,0,0,0,0,0,0,0,0,0,0,0,0,0,0,0,0,0,0,0,0,0,0,0,0,0,0,0,0,0,0,0,0,0,"","","","","",""
1217,Ujjani Dam Rain Gauge,Maharashtra SW,27,Maharashtra,496,Solapur,-,-,-,-,-,-,-,-,-,18.07402000,75.12002000,05-01-2024 18:00,0,0,0,0,0,0,0,0,0,0,0,0,0,0,0,0,0,0,0,0,0,0,0,0,0,0,0,0,0,0,0,0,0,0,0,0,0,0,0,0,0,0,0,0,"","","","","",""
1218,Ujjani Dam Rain Gauge,Maharashtra SW,27,Maharashtra,496,Solapur,-,-,-,-,-,-,-,-,-,18.07402000,75.12002000,05-01-2024 19:00,0,0,0,0,0,0,0,0,0,0,0,0,0,0,0,0,0,0,0,0,0,0,0,0,0,0,0,0,0,0,0,0,0,0,0,0,0,0,0,0,0,0,0,0,"","","","","",""
1219,Ujjani Dam Rain Gauge,Maharashtra SW,27,Maharashtra,496,Solapur,-,-,-,-,-,-,-,-,-,18.07402000,75.12002000,05-01-2024 20:00,0,0,0,0,0,0,0,0,0,0,0,0,0,0,0,0,0,0,0,0,0,0,0,0,0,0,0,0,0,0,0,0,0,0,0,0,0,0,0,0,0,0,0,0,"","","","","",""
1220,Ujjani Dam Rain Gauge,Maharashtra SW,27,Maharashtra,496,Solapur,-,-,-,-,-,-,-,-,-,18.07402000,75.12002000,05-01-2024 21:00,0,0,0,0,0,0,0,0,0,0,0,0,0,0,0,0,0,0,0,0,0,0,0,0,0,0,0,0,0,0,0,0,0,0,0,0,0,0,0,0,0,0,0,0,"","","","","",""
1221,Ujjani Dam Rain Gauge,Maharashtra SW,27,Maharashtra,496,Solapur,-,-,-,-,-,-,-,-,-,18.07402000,75.12002000,05-01-2024 22:00,0,0,0,0,0,0,0,0,0,0,0,0,0,0,0,0,0,0,0,0,0,0,0,0,0,0,0,0,0,0,0,0,0,0,0,0,0,0,0,0,0,0,0,0,"","","","","",""
1222,Ujjani Dam Rain Gauge,Maharashtra SW,27,Maharashtra,496,Solapur,-,-,-,-,-,-,-,-,-,18.07402000,75.12002000,05-01-2024 23:00,0,0,0,0,0,0,0,0,0,0,0,0,0,0,0,0,0,0,0,0,0,0,0,0,0,0,0,0,0,0,0,0,0,0,0,0,0,0,0,0,0,0,0,0,"","","","","",""
1223,Ujjani Dam Rain Gauge,Maharashtra SW,27,Maharashtra,496,Solapur,-,-,-,-,-,-,-,-,-,18.07402000,75.12002000,06-01-2024 01:00,0,0,0,0,0,0,0,0,0,0,0,0,0,0,0,0,0,0,0,0,0,0,0,0,0,0,0,0,0,0,0,0,0,0,0,0,0,0,0,0,0,0,0,0,"","","","","",""
1224,Ujjani Dam Rain Gauge,Maharashtra SW,27,Maharashtra,496,Solapur,-,-,-,-,-,-,-,-,-,18.07402000,75.12002000,06-01-2024 02:00,0,0,0,0,0,0,0,0,0,0,0,0,0,0,0,0,0,0,0,0,0,0,0,0,0,0,0,0,0,0,0,0,0,0,0,0,0,0,0,0,0,0,0,0,"","","","","",""
1225,Ujjani Dam Rain Gauge,Maharashtra SW,27,Maharashtra,496,Solapur,-,-,-,-,-,-,-,-,-,18.07402000,75.12002000,06-01-2024 03:00,0,0,0,0,0,0,0,0,0,0,0,0,0,0,0,0,0,0,0,0,0,0,0,0,0,0,0,0,0,0,0,0,0,0,0,0,0,0,0,0,0,0,0,0,"","","","","",""
1226,Ujjani Dam Rain Gauge,Maharashtra SW,27,Maharashtra,496,Solapur,-,-,-,-,-,-,-,-,-,18.07402000,75.12002000,06-01-2024 04:00,0,0,0,0,0,0,0,0,0,0,0,0,0,0,0,0,0,0,0,0,0,0,0,0,0,0,0,0,0,0,0,0,0,0,0,0,0,0,0,0,0,0,0,0,"","","","","",""
1227,Ujjani Dam Rain Gauge,Maharashtra SW,27,Maharashtra,496,Solapur,-,-,-,-,-,-,-,-,-,18.07402000,75.12002000,06-01-2024 05:00,0,0,0,0,0,0,0,0,0,0,0,0,0,0,0,0,0,0,0,0,0,0,0,0,0,0,0,0,0,0,0,0,0,0,0,0,0,0,0,0,0,0,0,0,"","","","","",""
1228,Ujjani Dam Rain Gauge,Maharashtra SW,27,Maharashtra,496,Solapur,-,-,-,-,-,-,-,-,-,18.07402000,75.12002000,06-01-2024 06:00,0,0,0,0,0,0,0,0,0,0,0,0,0,0,0,0,0,0,0,0,0,0,0,0,0,0,0,0,0,0,0,0,0,0,0,0,0,0,0,0,0,0,0,0,"","","","","",""
1229,Ujjani Dam Rain Gauge,Maharashtra SW,27,Maharashtra,496,Solapur,-,-,-,-,-,-,-,-,-,18.07402000,75.12002000,06-01-2024 07:00,0,0,0,0,0,0,0,0,0,0,0,0,0,0,0,0,0,0,0,0,0,0,0,0,0,0,0,0,0,0,0,0,0,0,0,0,0,0,0,0,0,0,0,0,"","","","","",""
1230,Ujjani Dam Rain Gauge,Maharashtra SW,27,Maharashtra,496,Solapur,-,-,-,-,-,-,-,-,-,18.07402000,75.12002000,06-01-2024 09:00,0,0,0,0,0,0,0,0,0,0,0,0,0,0,0,0,0,0,0,0,0,0,0,0,0,0,0,0,0,0,0,0,0,0,0,0,0,0,0,0,0,0,0,0,"","","","","",""
1231,Ujjani Dam Rain Gauge,Maharashtra SW,27,Maharashtra,496,Solapur,-,-,-,-,-,-,-,-,-,18.07402000,75.12002000,06-01-2024 10:00,0,0,0,0,0,0,0,0,0,0,0,0,0,0,0,0,0,0,0,0,0,0,0,0,0,0,0,0,0,0,0,0,0,0,0,0,0,0,0,0,0,0,0,0,"","","","","",""
1232,Ujjani Dam Rain Gauge,Maharashtra SW,27,Maharashtra,496,Solapur,-,-,-,-,-,-,-,-,-,18.07402000,75.12002000,06-01-2024 11:00,0,0,0,0,0,0,0,0,0,0,0,0,0,0,0,0,0,0,0,0,0,0,0,0,0,0,0,0,0,0,0,0,0,0,0,0,0,0,0,0,0,0,0,0,"","","","","",""
1233,Ujjani Dam Rain Gauge,Maharashtra SW,27,Maharashtra,496,Solapur,-,-,-,-,-,-,-,-,-,18.07402000,75.12002000,06-01-2024 12:00,0,0,0,0,0,0,0,0,0,0,0,0,0,0,0,0,0,0,0,0,0,0,0,0,0,0,0,0,0,0,0,0,0,0,0,0,0,0,0,0,0,0,0,0,"","","","","",""
1234,Ujjani Dam Rain Gauge,Maharashtra SW,27,Maharashtra,496,Solapur,-,-,-,-,-,-,-,-,-,18.07402000,75.12002000,06-01-2024 13:00,0,0,0,0,0,0,0,0,0,0,0,0,0,0,0,0,0,0,0,0,0,0,0,0,0,0,0,0,0,0,0,0,0,0,0,0,0,0,0,0,0,0,0,0,"","","","","",""
1235,Ujjani Dam Rain Gauge,Maharashtra SW,27,Maharashtra,496,Solapur,-,-,-,-,-,-,-,-,-,18.07402000,75.12002000,06-01-2024 14:00,0,0,0,0,0,0,0,0,0,0,0,0,0,0,0,0,0,0,0,0,0,0,0,0,0,0,0,0,0,0,0,0,0,0,0,0,0,0,0,0,0,0,0,0,"","","","","",""
1236,Ujjani Dam Rain Gauge,Maharashtra SW,27,Maharashtra,496,Solapur,-,-,-,-,-,-,-,-,-,18.07402000,75.12002000,06-01-2024 15:00,0,0,0,0,0,0,0,0,0,0,0,0,0,0,0,0,0,0,0,0,0,0,0,0,0,0,0,0,0,0,0,0,0,0,0,0,0,0,0,0,0,0,0,0,"","","","","",""
1237,Ujjani Dam Rain Gauge,Maharashtra SW,27,Maharashtra,496,Solapur,-,-,-,-,-,-,-,-,-,18.07402000,75.12002000,06-01-2024 17:00,0,0,0,0,0,0,0,0,0,0,0,0,0,0,0,0,0,0,0,0,0,0,0,0,0,0,0,0,0,0,0,0,0,0,0,0,0,0,0,0,0,0,0,0,"","","","","",""
1238,Ujjani Dam Rain Gauge,Maharashtra SW,27,Maharashtra,496,Solapur,-,-,-,-,-,-,-,-,-,18.07402000,75.12002000,06-01-2024 18:00,0,0,0,0,0,0,0,0,0,0,0,0,0,0,0,0,0,0,0,0,0,0,0,0,0,0,0,0,0,0,0,0,0,0,0,0,0,0,0,0,0,0,0,0,"","","","","",""
1239,Ujjani Dam Rain Gauge,Maharashtra SW,27,Maharashtra,496,Solapur,-,-,-,-,-,-,-,-,-,18.07402000,75.12002000,06-01-2024 19:00,0,0,0,0,0,0,0,0,0,0,0,0,0,0,0,0,0,0,0,0,0,0,0,0,0,0,0,0,0,0,0,0,0,0,0,0,0,0,0,0,0,0,0,0,"","","","","",""
1240,Ujjani Dam Rain Gauge,Maharashtra SW,27,Maharashtra,496,Solapur,-,-,-,-,-,-,-,-,-,18.07402000,75.12002000,06-01-2024 20:00,0,0,0,0,0,0,0,0,0,0,0,0,0,0,0,0,0,0,0,0,0,0,0,0,0,0,0,0,0,0,0,0,0,0,0,0,0,0,0,0,0,0,0,0,"","","","","",""
1241,Ujjani Dam Rain Gauge,Maharashtra SW,27,Maharashtra,496,Solapur,-,-,-,-,-,-,-,-,-,18.07402000,75.12002000,06-01-2024 21:00,0,0,0,0,0,0,0,0,0,0,0,0,0,0,0,0,0,0,0,0,0,0,0,0,0,0,0,0,0,0,0,0,0,0,0,0,0,0,0,0,0,0,0,0,"","","","","",""
1242,Ujjani Dam Rain Gauge,Maharashtra SW,27,Maharashtra,496,Solapur,-,-,-,-,-,-,-,-,-,18.07402000,75.12002000,06-01-2024 22:00,0,0,0,0,0,0,0,0,0,0,0,0,0,0,0,0,0,0,0,0,0,0,0,0,0,0,0,0,0,0,0,0,0,0,0,0,0,0,0,0,0,0,0,0,"","","","","",""
1243,Ujjani Dam Rain Gauge,Maharashtra SW,27,Maharashtra,496,Solapur,-,-,-,-,-,-,-,-,-,18.07402000,75.12002000,06-01-2024 23:00,0,0,0,0,0,0,0,0,0,0,0,0,0,0,0,0,0,0,0,0,0,0,0,0,0,0,0,0,0,0,0,0,0,0,0,0,0,0,0,0,0,0,0,0,"","","","","",""
1244,Ujjani Dam Rain Gauge,Maharashtra SW,27,Maharashtra,496,Solapur,-,-,-,-,-,-,-,-,-,18.07402000,75.12002000,07-01-2024 01:00,0,0,0,0,0,0,0,0,0,0,0,0,0,0,0,0,0,0,0,0,0,0,0,0,0,0,0,0,0,0,0,0,0,0,0,0,0,0,0,0,0,0,0,0,"","","","","",""
1245,Ujjani Dam Rain Gauge,Maharashtra SW,27,Maharashtra,496,Solapur,-,-,-,-,-,-,-,-,-,18.07402000,75.12002000,07-01-2024 02:00,0,0,0,0,0,0,0,0,0,0,0,0,0,0,0,0,0,0,0,0,0,0,0,0,0,0,0,0,0,0,0,0,0,0,0,0,0,0,0,0,0,0,0,0,"","","","","",""
1246,Ujjani Dam Rain Gauge,Maharashtra SW,27,Maharashtra,496,Solapur,-,-,-,-,-,-,-,-,-,18.07402000,75.12002000,07-01-2024 03:00,0,0,0,0,0,0,0,0,0,0,0,0,0,0,0,0,0,0,0,0,0,0,0,0,0,0,0,0,0,0,0,0,0,0,0,0,0,0,0,0,0,0,0,0,"","","","","",""
1247,Ujjani Dam Rain Gauge,Maharashtra SW,27,Maharashtra,496,Solapur,-,-,-,-,-,-,-,-,-,18.07402000,75.12002000,07-01-2024 04:00,0,0,0,0,0,0,0,0,0,0,0,0,0,0,0,0,0,0,0,0,0,0,0,0,0,0,0,0,0,0,0,0,0,0,0,0,0,0,0,0,0,0,0,0,"","","","","",""
1248,Ujjani Dam Rain Gauge,Maharashtra SW,27,Maharashtra,496,Solapur,-,-,-,-,-,-,-,-,-,18.07402000,75.12002000,07-01-2024 05:00,0,0,0,0,0,0,0,0,0,0,0,0,0,0,0,0,0,0,0,0,0,0,0,0,0,0,0,0,0,0,0,0,0,0,0,0,0,0,0,0,0,0,0,0,"","","","","",""
1249,Ujjani Dam Rain Gauge,Maharashtra SW,27,Maharashtra,496,Solapur,-,-,-,-,-,-,-,-,-,18.07402000,75.12002000,07-01-2024 07:00,0,0,0,0,0,0,0,0,0,0,0,0,0,0,0,0,0,0,0,0,0,0,0,0,0,0,0,0,0,0,0,0,0,0,0,0,0,0,0,0,0,0,0,0,"","","","","",""
1250,Ujjani Dam Rain Gauge,Maharashtra SW,27,Maharashtra,496,Solapur,-,-,-,-,-,-,-,-,-,18.07402000,75.12002000,07-01-2024 09:00,0,0,0,0,0,0,0,0,0,0,0,0,0,0,0,0,0,0,0,0,0,0,0,0,0,0,0,0,0,0,0,0,0,0,0,0,0,0,0,0,0,0,0,0,"","","","","",""
1251,Ujjani Dam Rain Gauge,Maharashtra SW,27,Maharashtra,496,Solapur,-,-,-,-,-,-,-,-,-,18.07402000,75.12002000,07-01-2024 10:00,0,0,0,0,0,0,0,0,0,0,0,0,0,0,0,0,0,0,0,0,0,0,0,0,0,0,0,0,0,0,0,0,0,0,0,0,0,0,0,0,0,0,0,0,"","","","","",""
1252,Ujjani Dam Rain Gauge,Maharashtra SW,27,Maharashtra,496,Solapur,-,-,-,-,-,-,-,-,-,18.07402000,75.12002000,07-01-2024 11:00,0,0,0,0,0,0,0,0,0,0,0,0,0,0,0,0,0,0,0,0,0,0,0,0,0,0,0,0,0,0,0,0,0,0,0,0,0,0,0,0,0,0,0,0,"","","","","",""
1253,Ujjani Dam Rain Gauge,Maharashtra SW,27,Maharashtra,496,Solapur,-,-,-,-,-,-,-,-,-,18.07402000,75.12002000,07-01-2024 12:00,0,0,0,0,0,0,0,0,0,0,0,0,0,0,0,0,0,0,0,0,0,0,0,0,0,0,0,0,0,0,0,0,0,0,0,0,0,0,0,0,0,0,0,0,"","","","","",""
1254,Ujjani Dam Rain Gauge,Maharashtra SW,27,Maharashtra,496,Solapur,-,-,-,-,-,-,-,-,-,18.07402000,75.12002000,07-01-2024 13:00,0,0,0,0,0,0,0,0,0,0,0,0,0,0,0,0,0,0,0,0,0,0,0,0,0,0,0,0,0,0,0,0,0,0,0,0,0,0,0,0,0,0,0,0,"","","","","",""
1255,Ujjani Dam Rain Gauge,Maharashtra SW,27,Maharashtra,496,Solapur,-,-,-,-,-,-,-,-,-,18.07402000,75.12002000,07-01-2024 14:00,0,0,0,0,0,0,0,0,0,0,0,0,0,0,0,0,0,0,0,0,0,0,0,0,0,0,0,0,0,0,0,0,0,0,0,0,0,0,0,0,0,0,0,0,"","","","","",""
1256,Ujjani Dam Rain Gauge,Maharashtra SW,27,Maharashtra,496,Solapur,-,-,-,-,-,-,-,-,-,18.07402000,75.12002000,07-01-2024 18:00,0,0,0,0,0,0,0,0,0,0,0,0,0,0,0,0,0,0,0,0,0,0,0,0,0,0,0,0,0,0,0,0,0,0,0,0,0,0,0,0,0,0,0,0,"","","","","",""
1257,Ujjani Dam Rain Gauge,Maharashtra SW,27,Maharashtra,496,Solapur,-,-,-,-,-,-,-,-,-,18.07402000,75.12002000,07-01-2024 19:00,0,0,0,0,0,0,0,0,0,0,0,0,0,0,0,0,0,0,0,0,0,0,0,0,0,0,0,0,0,0,0,0,0,0,0,0,0,0,0,0,0,0,0,0,"","","","","",""
1258,Ujjani Dam Rain Gauge,Maharashtra SW,27,Maharashtra,496,Solapur,-,-,-,-,-,-,-,-,-,18.07402000,75.12002000,07-01-2024 20:00,0,0,0,0,0,0,0,0,0,0,0,0,0,0,0,0,0,0,0,0,0,0,0,0,0,0,0,0,0,0,0,0,0,0,0,0,0,0,0,0,0,0,0,0,"","","","","",""
1259,Ujjani Dam Rain Gauge,Maharashtra SW,27,Maharashtra,496,Solapur,-,-,-,-,-,-,-,-,-,18.07402000,75.12002000,07-01-2024 21:00,0,0,0,0,0,0,0,0,0,0,0,0,0,0,0,0,0,0,0,0,0,0,0,0,0,0,0,0,0,0,0,0,0,0,0,0,0,0,0,0,0,0,0,0,"","","","","",""
1260,Ujjani Dam Rain Gauge,Maharashtra SW,27,Maharashtra,496,Solapur,-,-,-,-,-,-,-,-,-,18.07402000,75.12002000,07-01-2024 22:00,0,0,0,0,0,0,0,0,0,0,0,0,0,0,0,0,0,0,0,0,0,0,0,0,0,0,0,0,0,0,0,0,0,0,0,0,0,0,0,0,0,0,0,0,"","","","","",""
1261,Ujjani Dam Rain Gauge,Maharashtra SW,27,Maharashtra,496,Solapur,-,-,-,-,-,-,-,-,-,18.07402000,75.12002000,08-01-2024 00:00,0,0,0,0,0,0,0,0,0,0,0,0,0,0,0,0,0,0,0,0,0,0,0,0,0,0,0,0,0,0,0,0,0,0,0,0,0,0,0,0,0,0,0,0,"","","","","",""
1262,Ujjani Dam Rain Gauge,Maharashtra SW,27,Maharashtra,496,Solapur,-,-,-,-,-,-,-,-,-,18.07402000,75.12002000,08-01-2024 01:00,0,0,0,0,0,0,0,0,0,0,0,0,0,0,0,0,0,0,0,0,0,0,0,0,0,0,0,0,0,0,0,0,0,0,0,0,0,0,0,0,0,0,0,0,"","","","","",""
1263,Ujjani Dam Rain Gauge,Maharashtra SW,27,Maharashtra,496,Solapur,-,-,-,-,-,-,-,-,-,18.07402000,75.12002000,08-01-2024 02:00,0,0,0,0,0,0,0,0,0,0,0,0,0,0,0,0,0,0,0,0,0,0,0,0,0,0,0,0,0,0,0,0,0,0,0,0,0,0,0,0,0,0,0,0,"","","","","",""
1264,Ujjani Dam Rain Gauge,Maharashtra SW,27,Maharashtra,496,Solapur,-,-,-,-,-,-,-,-,-,18.07402000,75.12002000,08-01-2024 03:00,0,0,0,0,0,0,0,0,0,0,0,0,0,0,0,0,0,0,0,0,0,0,0,0,0,0,0,0,0,0,0,0,0,0,0,0,0,0,0,0,0,0,0,0,"","","","","",""
1265,Ujjani Dam Rain Gauge,Maharashtra SW,27,Maharashtra,496,Solapur,-,-,-,-,-,-,-,-,-,18.07402000,75.12002000,08-01-2024 04:00,0,0,0,0,0,0,0,0,0,0,0,0,0,0,0,0,0,0,0,0,0,0,0,0,0,0,0,0,0,0,0,0,0,0,0,0,0,0,0,0,0,0,0,0,"","","","","",""
1266,Ujjani Dam Rain Gauge,Maharashtra SW,27,Maharashtra,496,Solapur,-,-,-,-,-,-,-,-,-,18.07402000,75.12002000,08-01-2024 05:00,0,0,0,0,0,0,0,0,0,0,0,0,0,0,0,0,0,0,0,0,0,0,0,0,0,0,0,0,0,0,0,0,0,0,0,0,0,0,0,0,0,0,0,0,"","","","","",""
1267,Ujjani Dam Rain Gauge,Maharashtra SW,27,Maharashtra,496,Solapur,-,-,-,-,-,-,-,-,-,18.07402000,75.12002000,08-01-2024 06:00,0,0,0,0,0,0,0,0,0,0,0,0,0,0,0,0,0,0,0,0,0,0,0,0,0,0,0,0,0,0,0,0,0,0,0,0,0,0,0,0,0,0,0,0,"","","","","",""
1268,Ujjani Dam Rain Gauge,Maharashtra SW,27,Maharashtra,496,Solapur,-,-,-,-,-,-,-,-,-,18.07402000,75.12002000,08-01-2024 08:00,0,0,0,0,0,0,0,0,0,0,0,0,0,0,0,0,0,0,0,0,0,0,0,0,0,0,0,0,0,0,0,0,0,0,0,0,0,0,0,0,0,0,0,0,"","","","","",""
1269,Ujjani Dam Rain Gauge,Maharashtra SW,27,Maharashtra,496,Solapur,-,-,-,-,-,-,-,-,-,18.07402000,75.12002000,08-01-2024 09:00,0,0,0,0,0,0,0,0,0,0,0,0,0,0,0,0,0,0,0,0,0,0,0,0,0,0,0,0,0,0,0,0,0,0,0,0,0,0,0,0,0,0,0,0,"","","","","",""
1270,Ujjani Dam Rain Gauge,Maharashtra SW,27,Maharashtra,496,Solapur,-,-,-,-,-,-,-,-,-,18.07402000,75.12002000,08-01-2024 10:00,0,0,0,0,0,0,0,0,0,0,0,0,0,0,0,0,0,0,0,0,0,0,0,0,0,0,0,0,0,0,0,0,0,0,0,0,0,0,0,0,0,0,0,0,"","","","","",""
1271,Ujjani Dam Rain Gauge,Maharashtra SW,27,Maharashtra,496,Solapur,-,-,-,-,-,-,-,-,-,18.07402000,75.12002000,08-01-2024 11:00,0,0,0,0,0,0,0,0,0,0,0,0,0,0,0,0,0,0,0,0,0,0,0,0,0,0,0,0,0,0,0,0,0,0,0,0,0,0,0,0,0,0,0,0,"","","","","",""
1272,Ujjani Dam Rain Gauge,Maharashtra SW,27,Maharashtra,496,Solapur,-,-,-,-,-,-,-,-,-,18.07402000,75.12002000,08-01-2024 12:00,0,0,0,0,0,0,0,0,0,0,0,0,0,0,0,0,0,0,0,0,0,0,0,0,0,0,0,0,0,0,0,0,0,0,0,0,0,0,0,0,0,0,0,0,"","","","","",""
1273,Ujjani Dam Rain Gauge,Maharashtra SW,27,Maharashtra,496,Solapur,-,-,-,-,-,-,-,-,-,18.07402000,75.12002000,08-01-2024 13:00,0,0,0,0,0,0,0,0,0,0,0,0,0,0,0,0,0,0,0,0,0,0,0,0,0,0,0,0,0,0,0,0,0,0,0,0,0,0,0,0,0,0,0,0,"","","","","",""
1274,Ujjani Dam Rain Gauge,Maharashtra SW,27,Maharashtra,496,Solapur,-,-,-,-,-,-,-,-,-,18.07402000,75.12002000,08-01-2024 14:00,0,0,0,0,0,0,0,0,0,0,0,0,0,0,0,0,0,0,0,0,0,0,0,0,0,0,0,0,0,0,0,0,0,0,0,0,0,0,0,0,0,0,0,0,"","","","","",""
1275,Ujjani Dam Rain Gauge,Maharashtra SW,27,Maharashtra,496,Solapur,-,-,-,-,-,-,-,-,-,18.07402000,75.12002000,08-01-2024 16:00,0,0,0,0,0,0,0,0,0,0,0,0,0,0,0,0,0,0,0,0,0,0,0,0,0,0,0,0,0,0,0,0,0,0,0,0,0,0,0,0,0,0,0,0,"","","","","",""
1276,Ujjani Dam Rain Gauge,Maharashtra SW,27,Maharashtra,496,Solapur,-,-,-,-,-,-,-,-,-,18.07402000,75.12002000,08-01-2024 17:00,0,0,0,0,0,0,0,0,0,0,0,0,0,0,0,0,0,0,0,0,0,0,0,0,0,0,0,0,0,0,0,0,0,0,0,0,0,0,0,0,0,0,0,0,"","","","","",""
1277,Ujjani Dam Rain Gauge,Maharashtra SW,27,Maharashtra,496,Solapur,-,-,-,-,-,-,-,-,-,18.07402000,75.12002000,08-01-2024 18:00,0,0,0,0,0,0,0,0,0,0,0,0,0,0,0,0,0,0,0,0,0,0,0,0,0,0,0,0,0,0,0,0,0,0,0,0,0,0,0,0,0,0,0,0,"","","","","",""
1278,Ujjani Dam Rain Gauge,Maharashtra SW,27,Maharashtra,496,Solapur,-,-,-,-,-,-,-,-,-,18.07402000,75.12002000,08-01-2024 19:00,0,0,0,0,0,0,0,0,0,0,0,0,0,0,0,0,0,0,0,0,0,0,0,0,0,0,0,0,0,0,0,0,0,0,0,0,0,0,0,0,0,0,0,0,"","","","","",""
1279,Ujjani Dam Rain Gauge,Maharashtra SW,27,Maharashtra,496,Solapur,-,-,-,-,-,-,-,-,-,18.07402000,75.12002000,08-01-2024 20:00,0,0,0,0,0,0,0,0,0,0,0,0,0,0,0,0,0,0,0,0,0,0,0,0,0,0,0,0,0,0,0,0,0,0,0,0,0,0,0,0,0,0,0,0,"","","","","",""
1280,Ujjani Dam Rain Gauge,Maharashtra SW,27,Maharashtra,496,Solapur,-,-,-,-,-,-,-,-,-,18.07402000,75.12002000,08-01-2024 21:00,0,0,0,0,0,0,0,0,0,0,0,0,0,0,0,0,0,0,0,0,0,0,0,0,0,0,0,0,0,0,0,0,0,0,0,0,0,0,0,0,0,0,0,0,"","","","","",""
1281,Ujjani Dam Rain Gauge,Maharashtra SW,27,Maharashtra,496,Solapur,-,-,-,-,-,-,-,-,-,18.07402000,75.12002000,08-01-2024 22:00,0,0,0,0,0,0,0,0,0,0,0,0,0,0,0,0,0,0,0,0,0,0,0,0,0,0,0,0,0,0,0,0,0,0,0,0,0,0,0,0,0,0,0,0,"","","","","",""
1282,Ujjani Dam Rain Gauge,Maharashtra SW,27,Maharashtra,496,Solapur,-,-,-,-,-,-,-,-,-,18.07402000,75.12002000,09-01-2024 00:00,0,0,0,0,0,0,0,0,0,0,0,0,0,0,0,0,0,0,0,0,0,0,0,0,0,0,0,0,0,0,0,0,0,0,0,0,0,0,0,0,0,0,0,0,"","","","","",""
1283,Ujjani Dam Rain Gauge,Maharashtra SW,27,Maharashtra,496,Solapur,-,-,-,-,-,-,-,-,-,18.07402000,75.12002000,09-01-2024 01:00,0,0,0,0,0,0,0,0,0,0,0,0,0,0,0,0,0,0,0,0,0,0,0,0,0,0,0,0,0,0,0,0,0,0,0,0,0,0,0,0,0,0,0,0,"","","","","",""
1284,Ujjani Dam Rain Gauge,Maharashtra SW,27,Maharashtra,496,Solapur,-,-,-,-,-,-,-,-,-,18.07402000,75.12002000,09-01-2024 02:00,0,0,0,0,0,0,0,0,0,0,0,0,0,0,0,0,0,0,0,0,0,0,0,0,0,0,0,0,0,0,0,0,0,0,0,0,0,0,0,0,0,0,0,0,"","","","","",""
1285,Ujjani Dam Rain Gauge,Maharashtra SW,27,Maharashtra,496,Solapur,-,-,-,-,-,-,-,-,-,18.07402000,75.12002000,09-01-2024 03:00,0,0,0,0,0,0,0,0,0,0,0,0,0,0,0,0,0,0,0,0,0,0,0,0,0,0,0,0,0,0,0,0,0,0,0,0,0,0,0,0,0,0,0,0,"","","","","",""
1286,Ujjani Dam Rain Gauge,Maharashtra SW,27,Maharashtra,496,Solapur,-,-,-,-,-,-,-,-,-,18.07402000,75.12002000,09-01-2024 04:00,0,0,0,0,0,0,0,0,0,0,0,0,0,0,0,0,0,0,0,0,0,0,0,0,0,0,0,0,0,0,0,0,0,0,0,0,0,0,0,0,0,0,0,0,"","","","","",""
1287,Ujjani Dam Rain Gauge,Maharashtra SW,27,Maharashtra,496,Solapur,-,-,-,-,-,-,-,-,-,18.07402000,75.12002000,09-01-2024 05:00,0,0,0,0,0,0,0,0,0,0,0,0,0,0,0,0,0,0,0,0,0,0,0,0,0,0,0,0,0,0,0,0,0,0,0,0,0,0,0,0,0,0,0,0,"","","","","",""
1288,Ujjani Dam Rain Gauge,Maharashtra SW,27,Maharashtra,496,Solapur,-,-,-,-,-,-,-,-,-,18.07402000,75.12002000,09-01-2024 06:00,0,0,0,0,0,0,0,0,0,0,0,0,0,0,0,0,0,0,0,0,0,0,0,0,0,0,0,0,0,0,0,0,0,0,0,0,0,0,0,0,0,0,0,0,"","","","","",""
1289,Ujjani Dam Rain Gauge,Maharashtra SW,27,Maharashtra,496,Solapur,-,-,-,-,-,-,-,-,-,18.07402000,75.12002000,09-01-2024 08:00,0,0,0,0,0,0,0,0,0,0,0,0,0,0,0,0,0,0,0,0,0,0,0,0,0,0,0,0,0,0,0,0,0,0,0,0,0,0,0,0,0,0,0,0,"","","","","",""
1290,Ujjani Dam Rain Gauge,Maharashtra SW,27,Maharashtra,496,Solapur,-,-,-,-,-,-,-,-,-,18.07402000,75.12002000,09-01-2024 09:00,0,0,0,0,0,0,0,0,0,0,0,0,0,0,0,0,0,0,0,0,0,0,0,0,0,0,0,0,0,0,0,0,0,0,0,0,0,0,0,0,0,0,0,0,"","","","","",""
1291,Ujjani Dam Rain Gauge,Maharashtra SW,27,Maharashtra,496,Solapur,-,-,-,-,-,-,-,-,-,18.07402000,75.12002000,09-01-2024 10:00,0,0,0,0,0,0,0,0,0,0,0,0,0,0,0,0,0,0,0,0,0,0,0,0,0,0,0,0,0,0,0,0,0,0,0,0,0,0,0,0,0,0,0,0,"","","","","",""
1292,Ujjani Dam Rain Gauge,Maharashtra SW,27,Maharashtra,496,Solapur,-,-,-,-,-,-,-,-,-,18.07402000,75.12002000,09-01-2024 11:00,0,0,0,0,0,0,0,0,0,0,0,0,0,0,0,0,0,0,0,0,0,0,0,0,0,0,0,0,0,0,0,0,0,0,0,0,0,0,0,0,0,0,0,0,"","","","","",""
1293,Ujjani Dam Rain Gauge,Maharashtra SW,27,Maharashtra,496,Solapur,-,-,-,-,-,-,-,-,-,18.07402000,75.12002000,09-01-2024 12:00,0,0,0,0,0,0,0,0,0,0,0,0,0,0,0,0,0,0,0,0,0,0,0,0,0,0,0,0,0,0,0,0,0,0,0,0,0,0,0,0,0,0,0,0,"","","","","",""
1294,Ujjani Dam Rain Gauge,Maharashtra SW,27,Maharashtra,496,Solapur,-,-,-,-,-,-,-,-,-,18.07402000,75.12002000,09-01-2024 13:00,0,0,0,0,0,0,0,0,0,0,0,0,0,0,0,0,0,0,0,0,0,0,0,0,0,0,0,0,0,0,0,0,0,0,0,0,0,0,0,0,0,0,0,0,"","","","","",""
1295,Ujjani Dam Rain Gauge,Maharashtra SW,27,Maharashtra,496,Solapur,-,-,-,-,-,-,-,-,-,18.07402000,75.12002000,09-01-2024 14:00,0,0,0,0,0,0,0,0,0,0,0,0,0,0,0,0,0,0,0,0,0,0,0,0,0,0,0,0,0,0,0,0,0,0,0,0,0,0,0,0,0,0,0,0,"","","","","",""
1296,Ujjani Dam Rain Gauge,Maharashtra SW,27,Maharashtra,496,Solapur,-,-,-,-,-,-,-,-,-,18.07402000,75.12002000,09-01-2024 16:00,0,0,0,0,0,0,0,0,0,0,0,0,0,0,0,0,0,0,0,0,0,0,0,0,0,0,0,0,0,0,0,0,0,0,0,0,0,0,0,0,0,0,0,0,"","","","","",""
1297,Ujjani Dam Rain Gauge,Maharashtra SW,27,Maharashtra,496,Solapur,-,-,-,-,-,-,-,-,-,18.07402000,75.12002000,09-01-2024 17:00,0,0,0,0,0,0,0,0,0,0,0,0,0,0,0,0,0,0,0,0,0,0,0,0,0,0,0,0,0,0,0,0,0,0,0,0,0,0,0,0,0,0,0,0,"","","","","",""
1298,Ujjani Dam Rain Gauge,Maharashtra SW,27,Maharashtra,496,Solapur,-,-,-,-,-,-,-,-,-,18.07402000,75.12002000,09-01-2024 18:00,0,0,0,0,0,0,0,0,0,0,0,0,0,0,0,0,0,0,0,0,0,0,0,0,0,0,0,0,0,0,0,0,0,0,0,0,0,0,0,0,0,0,0,0,"","","","","",""
1299,Ujjani Dam Rain Gauge,Maharashtra SW,27,Maharashtra,496,Solapur,-,-,-,-,-,-,-,-,-,18.07402000,75.12002000,09-01-2024 19:00,0,0,0,0,0,0,0,0,0,0,0,0,0,0,0,0,0,0,0,0,0,0,0,0,0,0,0,0,0,0,0,0,0,0,0,0,0,0,0,0,0,0,0,0,"","","","","",""
1300,Ujjani Dam Rain Gauge,Maharashtra SW,27,Maharashtra,496,Solapur,-,-,-,-,-,-,-,-,-,18.07402000,75.12002000,09-01-2024 20:00,0,0,0,0,0,0,0,0,0,0,0,0,0,0,0,0,0,0,0,0,0,0,0,0,0,0,0,0,0,0,0,0,0,0,0,0,0,0,0,0,0,0,0,0,"","","","","",""
1301,Ujjani Dam Rain Gauge,Maharashtra SW,27,Maharashtra,496,Solapur,-,-,-,-,-,-,-,-,-,18.07402000,75.12002000,09-01-2024 21:00,0,0,0,0,0,0,0,0,0,0,0,0,0,0,0,0,0,0,0,0,0,0,0,0,0,0,0,0,0,0,0,0,0,0,0,0,0,0,0,0,0,0,0,0,"","","","","",""
1302,Ujjani Dam Rain Gauge,Maharashtra SW,27,Maharashtra,496,Solapur,-,-,-,-,-,-,-,-,-,18.07402000,75.12002000,09-01-2024 22:00,0,0,0,0,0,0,0,0,0,0,0,0,0,0,0,0,0,0,0,0,0,0,0,0,0,0,0,0,0,0,0,0,0,0,0,0,0,0,0,0,0,0,0,0,"","","","","",""
1303,Ujjani Dam Rain Gauge,Maharashtra SW,27,Maharashtra,496,Solapur,-,-,-,-,-,-,-,-,-,18.07402000,75.12002000,10-01-2024 00:00,0,0,0,0,0,0,0,0,0,0,0,0,0,0,0,0,0,0,0,0,0,0,0,0,0,0,0,0,0,0,0,0,0,0,0,0,0,0,0,0,0,0,0,0,"","","","","",""
1304,Ujjani Dam Rain Gauge,Maharashtra SW,27,Maharashtra,496,Solapur,-,-,-,-,-,-,-,-,-,18.07402000,75.12002000,10-01-2024 01:00,0,0,0,0,0,0,0,0,0,0,0,0,0,0,0,0,0,0,0,0,0,0,0,0,0,0,0,0,0,0,0,0,0,0,0,0,0,0,0,0,0,0,0,0,"","","","","",""
1305,Ujjani Dam Rain Gauge,Maharashtra SW,27,Maharashtra,496,Solapur,-,-,-,-,-,-,-,-,-,18.07402000,75.12002000,10-01-2024 02:00,0,0,0,0,0,0,0,0,0,0,0,0,0,0,0,0,0,0,0,0,0,0,0,0,0,0,0,0,0,0,0,0,0,0,0,0,0,0,0,0,0,0,0,0,"","","","","",""
1306,Ujjani Dam Rain Gauge,Maharashtra SW,27,Maharashtra,496,Solapur,-,-,-,-,-,-,-,-,-,18.07402000,75.12002000,10-01-2024 03:00,0,0,0,0,0,0,0,0,0,0,0,0,0,0,0,0,0,0,0,0,0,0,0,0,0,0,0,0,0,0,0,0,0,0,0,0,0,0,0,0,0,0,0,0,"","","","","",""
1307,Ujjani Dam Rain Gauge,Maharashtra SW,27,Maharashtra,496,Solapur,-,-,-,-,-,-,-,-,-,18.07402000,75.12002000,10-01-2024 04:00,0,0,0,0,0,0,0,0,0,0,0,0,0,0,0,0,0,0,0,0,0,0,0,0,0,0,0,0,0,0,0,0,0,0,0,0,0,0,0,0,0,0,0,0,"","","","","",""
1308,Ujjani Dam Rain Gauge,Maharashtra SW,27,Maharashtra,496,Solapur,-,-,-,-,-,-,-,-,-,18.07402000,75.12002000,10-01-2024 05:00,0,0,0,0,0,0,0,0,0,0,0,0,0,0,0,0,0,0,0,0,0,0,0,0,0,0,0,0,0,0,0,0,0,0,0,0,0,0,0,0,0,0,0,0,"","","","","",""
1309,Ujjani Dam Rain Gauge,Maharashtra SW,27,Maharashtra,496,Solapur,-,-,-,-,-,-,-,-,-,18.07402000,75.12002000,10-01-2024 06:00,0,0,0,0,0,0,0,0,0,0,0,0,0,0,0,0,0,0,0,0,0,0,0,0,0,0,0,0,0,0,0,0,0,0,0,0,0,0,0,0,0,0,0,0,"","","","","",""
1310,Ujjani Dam Rain Gauge,Maharashtra SW,27,Maharashtra,496,Solapur,-,-,-,-,-,-,-,-,-,18.07402000,75.12002000,10-01-2024 08:00,0,0,0,0,0,0,0,0,0,0,0,0,0,0,0,0,0,0,0,0,0,0,0,0,0,0,0,0,0,0,0,0,0,0,0,0,0,0,0,0,0,0,0,0,"","","","","",""
1311,Ujjani Dam Rain Gauge,Maharashtra SW,27,Maharashtra,496,Solapur,-,-,-,-,-,-,-,-,-,18.07402000,75.12002000,10-01-2024 09:00,0,0,0,0,0,0,0,0,0,0,0,0,0,0,0,0,0,0,0,0,0,0,0,0,0,0,0,0,0,0,0,0,0,0,0,0,0,0,0,0,0,0,0,0,"","","","","",""
1312,Ujjani Dam Rain Gauge,Maharashtra SW,27,Maharashtra,496,Solapur,-,-,-,-,-,-,-,-,-,18.07402000,75.12002000,10-01-2024 10:00,0,0,0,0,0,0,0,0,0,0,0,0,0,0,0,0,0,0,0,0,0,0,0,0,0,0,0,0,0,0,0,0,0,0,0,0,0,0,0,0,0,0,0,0,"","","","","",""
1313,Ujjani Dam Rain Gauge,Maharashtra SW,27,Maharashtra,496,Solapur,-,-,-,-,-,-,-,-,-,18.07402000,75.12002000,10-01-2024 11:00,0,0,0,0,0,0,0,0,0,0,0,0,0,0,0,0,0,0,0,0,0,0,0,0,0,0,0,0,0,0,0,0,0,0,0,0,0,0,0,0,0,0,0,0,"","","","","",""
1314,Ujjani Dam Rain Gauge,Maharashtra SW,27,Maharashtra,496,Solapur,-,-,-,-,-,-,-,-,-,18.07402000,75.12002000,10-01-2024 12:00,0,0,0,0,0,0,0,0,0,0,0,0,0,0,0,0,0,0,0,0,0,0,0,0,0,0,0,0,0,0,0,0,0,0,0,0,0,0,0,0,0,0,0,0,"","","","","",""
1315,Ujjani Dam Rain Gauge,Maharashtra SW,27,Maharashtra,496,Solapur,-,-,-,-,-,-,-,-,-,18.07402000,75.12002000,10-01-2024 13:00,0,0,0,0,0,0,0,0,0,0,0,0,0,0,0,0,0,0,0,0,0,0,0,0,0,0,0,0,0,0,0,0,0,0,0,0,0,0,0,0,0,0,0,0,"","","","","",""
1316,Ujjani Dam Rain Gauge,Maharashtra SW,27,Maharashtra,496,Solapur,-,-,-,-,-,-,-,-,-,18.07402000,75.12002000,10-01-2024 15:00,0,0,0,0,0,0,0,0,0,0,0,0,0,0,0,0,0,0,0,0,0,0,0,0,0,0,0,0,0,0,0,0,0,0,0,0,0,0,0,0,0,0,0,0,"","","","","",""
1317,Ujjani Dam Rain Gauge,Maharashtra SW,27,Maharashtra,496,Solapur,-,-,-,-,-,-,-,-,-,18.07402000,75.12002000,10-01-2024 16:00,0,0,0,0,0,0,0,0,0,0,0,0,0,0,0,0,0,0,0,0,0,0,0,0,0,0,0,0,0,0,0,0,0,0,0,0,0,0,0,0,0,0,0,0,"","","","","",""
1318,Ujjani Dam Rain Gauge,Maharashtra SW,27,Maharashtra,496,Solapur,-,-,-,-,-,-,-,-,-,18.07402000,75.12002000,10-01-2024 17:00,0,0,0,0,0,0,0,0,0,0,0,0,0,0,0,0,0,0,0,0,0,0,0,0,0,0,0,0,0,0,0,0,0,0,0,0,0,0,0,0,0,0,0,0,"","","","","",""
1319,Ujjani Dam Rain Gauge,Maharashtra SW,27,Maharashtra,496,Solapur,-,-,-,-,-,-,-,-,-,18.07402000,75.12002000,10-01-2024 18:00,0,0,0,0,0,0,0,0,0,0,0,0,0,0,0,0,0,0,0,0,0,0,0,0,0,0,0,0,0,0,0,0,0,0,0,0,0,0,0,0,0,0,0,0,"","","","","",""
1320,Ujjani Dam Rain Gauge,Maharashtra SW,27,Maharashtra,496,Solapur,-,-,-,-,-,-,-,-,-,18.07402000,75.12002000,10-01-2024 19:00,0,0,0,0,0,0,0,0,0,0,0,0,0,0,0,0,0,0,0,0,0,0,0,0,0,0,0,0,0,0,0,0,0,0,0,0,0,0,0,0,0,0,0,0,"","","","","",""
1321,Ujjani Dam Rain Gauge,Maharashtra SW,27,Maharashtra,496,Solapur,-,-,-,-,-,-,-,-,-,18.07402000,75.12002000,10-01-2024 20:00,0,0,0,0,0,0,0,0,0,0,0,0,0,0,0,0,0,0,0,0,0,0,0,0,0,0,0,0,0,0,0,0,0,0,0,0,0,0,0,0,0,0,0,0,"","","","","",""
1322,Ujjani Dam Rain Gauge,Maharashtra SW,27,Maharashtra,496,Solapur,-,-,-,-,-,-,-,-,-,18.07402000,75.12002000,10-01-2024 21:00,0,0,0,0,0,0,0,0,0,0,0,0,0,0,0,0,0,0,0,0,0,0,0,0,0,0,0,0,0,0,0,0,0,0,0,0,0,0,0,0,0,0,0,0,"","","","","",""
1323,Ujjani Dam Rain Gauge,Maharashtra SW,27,Maharashtra,496,Solapur,-,-,-,-,-,-,-,-,-,18.07402000,75.12002000,10-01-2024 23:00,0,0,0,0,0,0,0,0,0,0,0,0,0,0,0,0,0,0,0,0,0,0,0,0,0,0,0,0,0,0,0,0,0,0,0,0,0,0,0,0,0,0,0,0,"","","","","",""
1324,Ujjani Dam Rain Gauge,Maharashtra SW,27,Maharashtra,496,Solapur,-,-,-,-,-,-,-,-,-,18.07402000,75.12002000,11-01-2024 00:00,0,0,0,0,0,0,0,0,0,0,0,0,0,0,0,0,0,0,0,0,0,0,0,0,0,0,0,0,0,0,0,0,0,0,0,0,0,0,0,0,0,0,0,0,"","","","","",""
1325,Ujjani Dam Rain Gauge,Maharashtra SW,27,Maharashtra,496,Solapur,-,-,-,-,-,-,-,-,-,18.07402000,75.12002000,11-01-2024 01:00,0,0,0,0,0,0,0,0,0,0,0,0,0,0,0,0,0,0,0,0,0,0,0,0,0,0,0,0,0,0,0,0,0,0,0,0,0,0,0,0,0,0,0,0,"","","","","",""
1326,Ujjani Dam Rain Gauge,Maharashtra SW,27,Maharashtra,496,Solapur,-,-,-,-,-,-,-,-,-,18.07402000,75.12002000,11-01-2024 02:00,0,0,0,0,0,0,0,0,0,0,0,0,0,0,0,0,0,0,0,0,0,0,0,0,0,0,0,0,0,0,0,0,0,0,0,0,0,0,0,0,0,0,0,0,"","","","","",""
1327,Ujjani Dam Rain Gauge,Maharashtra SW,27,Maharashtra,496,Solapur,-,-,-,-,-,-,-,-,-,18.07402000,75.12002000,11-01-2024 03:00,0,0,0,0,0,0,0,0,0,0,0,0,0,0,0,0,0,0,0,0,0,0,0,0,0,0,0,0,0,0,0,0,0,0,0,0,0,0,0,0,0,0,0,0,"","","","","",""
1328,Ujjani Dam Rain Gauge,Maharashtra SW,27,Maharashtra,496,Solapur,-,-,-,-,-,-,-,-,-,18.07402000,75.12002000,11-01-2024 04:00,0,0,0,0,0,0,0,0,0,0,0,0,0,0,0,0,0,0,0,0,0,0,0,0,0,0,0,0,0,0,0,0,0,0,0,0,0,0,0,0,0,0,0,0,"","","","","",""
1329,Ujjani Dam Rain Gauge,Maharashtra SW,27,Maharashtra,496,Solapur,-,-,-,-,-,-,-,-,-,18.07402000,75.12002000,11-01-2024 05:00,0,0,0,0,0,0,0,0,0,0,0,0,0,0,0,0,0,0,0,0,0,0,0,0,0,0,0,0,0,0,0,0,0,0,0,0,0,0,0,0,0,0,0,0,"","","","","",""
1330,Ujjani Dam Rain Gauge,Maharashtra SW,27,Maharashtra,496,Solapur,-,-,-,-,-,-,-,-,-,18.07402000,75.12002000,11-01-2024 07:00,0,0,0,0,0,0,0,0,0,0,0,0,0,0,0,0,0,0,0,0,0,0,0,0,0,0,0,0,0,0,0,0,0,0,0,0,0,0,0,0,0,0,0,0,"","","","","",""
1331,Ujjani Dam Rain Gauge,Maharashtra SW,27,Maharashtra,496,Solapur,-,-,-,-,-,-,-,-,-,18.07402000,75.12002000,11-01-2024 08:00,0,0,0,0,0,0,0,0,0,0,0,0,0,0,0,0,0,0,0,0,0,0,0,0,0,0,0,0,0,0,0,0,0,0,0,0,0,0,0,0,0,0,0,0,"","","","","",""
1332,Ujjani Dam Rain Gauge,Maharashtra SW,27,Maharashtra,496,Solapur,-,-,-,-,-,-,-,-,-,18.07402000,75.12002000,11-01-2024 09:00,0,0,0,0,0,0,0,0,0,0,0,0,0,0,0,0,0,0,0,0,0,0,0,0,0,0,0,0,0,0,0,0,0,0,0,0,0,0,0,0,0,0,0,0,"","","","","",""
1333,Ujjani Dam Rain Gauge,Maharashtra SW,27,Maharashtra,496,Solapur,-,-,-,-,-,-,-,-,-,18.07402000,75.12002000,11-01-2024 10:00,0,0,0,0,0,0,0,0,0,0,0,0,0,0,0,0,0,0,0,0,0,0,0,0,0,0,0,0,0,0,0,0,0,0,0,0,0,0,0,0,0,0,0,0,"","","","","",""
1334,Ujjani Dam Rain Gauge,Maharashtra SW,27,Maharashtra,496,Solapur,-,-,-,-,-,-,-,-,-,18.07402000,75.12002000,11-01-2024 11:00,0,0,0,0,0,0,0,0,0,0,0,0,0,0,0,0,0,0,0,0,0,0,0,0,0,0,0,0,0,0,0,0,0,0,0,0,0,0,0,0,0,0,0,0,"","","","","",""
1335,Ujjani Dam Rain Gauge,Maharashtra SW,27,Maharashtra,496,Solapur,-,-,-,-,-,-,-,-,-,18.07402000,75.12002000,11-01-2024 12:00,0,0,0,0,0,0,0,0,0,0,0,0,0,0,0,0,0,0,0,0,0,0,0,0,0,0,0,0,0,0,0,0,0,0,0,0,0,0,0,0,0,0,0,0,"","","","","",""
1336,Ujjani Dam Rain Gauge,Maharashtra SW,27,Maharashtra,496,Solapur,-,-,-,-,-,-,-,-,-,18.07402000,75.12002000,11-01-2024 13:00,0,0,0,0,0,0,0,0,0,0,0,0,0,0,0,0,0,0,0,0,0,0,0,0,0,0,0,0,0,0,0,0,0,0,0,0,0,0,0,0,0,0,0,0,"","","","","",""
1337,Ujjani Dam Rain Gauge,Maharashtra SW,27,Maharashtra,496,Solapur,-,-,-,-,-,-,-,-,-,18.07402000,75.12002000,11-01-2024 15:00,0,0,0,0,0,0,0,0,0,0,0,0,0,0,0,0,0,0,0,0,0,0,0,0,0,0,0,0,0,0,0,0,0,0,0,0,0,0,0,0,0,0,0,0,"","","","","",""
1338,Ujjani Dam Rain Gauge,Maharashtra SW,27,Maharashtra,496,Solapur,-,-,-,-,-,-,-,-,-,18.07402000,75.12002000,11-01-2024 16:00,0,0,0,0,0,0,0,0,0,0,0,0,0,0,0,0,0,0,0,0,0,0,0,0,0,0,0,0,0,0,0,0,0,0,0,0,0,0,0,0,0,0,0,0,"","","","","",""
1339,Ujjani Dam Rain Gauge,Maharashtra SW,27,Maharashtra,496,Solapur,-,-,-,-,-,-,-,-,-,18.07402000,75.12002000,11-01-2024 17:00,0,0,0,0,0,0,0,0,0,0,0,0,0,0,0,0,0,0,0,0,0,0,0,0,0,0,0,0,0,0,0,0,0,0,0,0,0,0,0,0,0,0,0,0,"","","","","",""
1340,Ujjani Dam Rain Gauge,Maharashtra SW,27,Maharashtra,496,Solapur,-,-,-,-,-,-,-,-,-,18.07402000,75.12002000,11-01-2024 18:00,0,0,0,0,0,0,0,0,0,0,0,0,0,0,0,0,0,0,0,0,0,0,0,0,0,0,0,0,0,0,0,0,0,0,0,0,0,0,0,0,0,0,0,0,"","","","","",""
1341,Ujjani Dam Rain Gauge,Maharashtra SW,27,Maharashtra,496,Solapur,-,-,-,-,-,-,-,-,-,18.07402000,75.12002000,11-01-2024 19:00,0,0,0,0,0,0,0,0,0,0,0,0,0,0,0,0,0,0,0,0,0,0,0,0,0,0,0,0,0,0,0,0,0,0,0,0,0,0,0,0,0,0,0,0,"","","","","",""
1342,Ujjani Dam Rain Gauge,Maharashtra SW,27,Maharashtra,496,Solapur,-,-,-,-,-,-,-,-,-,18.07402000,75.12002000,11-01-2024 20:00,0,0,0,0,0,0,0,0,0,0,0,0,0,0,0,0,0,0,0,0,0,0,0,0,0,0,0,0,0,0,0,0,0,0,0,0,0,0,0,0,0,0,0,0,"","","","","",""
1343,Ujjani Dam Rain Gauge,Maharashtra SW,27,Maharashtra,496,Solapur,-,-,-,-,-,-,-,-,-,18.07402000,75.12002000,11-01-2024 21:00,0,0,0,0,0,0,0,0,0,0,0,0,0,0,0,0,0,0,0,0,0,0,0,0,0,0,0,0,0,0,0,0,0,0,0,0,0,0,0,0,0,0,0,0,"","","","","",""
1344,Ujjani Dam Rain Gauge,Maharashtra SW,27,Maharashtra,496,Solapur,-,-,-,-,-,-,-,-,-,18.07402000,75.12002000,11-01-2024 23:00,0,0,0,0,0,0,0,0,0,0,0,0,0,0,0,0,0,0,0,0,0,0,0,0,0,0,0,0,0,0,0,0,0,0,0,0,0,0,0,0,0,0,0,0,"","","","","",""
1345,Ujjani Dam Rain Gauge,Maharashtra SW,27,Maharashtra,496,Solapur,-,-,-,-,-,-,-,-,-,18.07402000,75.12002000,12-01-2024 00:00,0,0,0,0,0,0,0,0,0,0,0,0,0,0,0,0,0,0,0,0,0,0,0,0,0,0,0,0,0,0,0,0,0,0,0,0,0,0,0,0,0,0,0,0,"","","","","",""
1346,Ujjani Dam Rain Gauge,Maharashtra SW,27,Maharashtra,496,Solapur,-,-,-,-,-,-,-,-,-,18.07402000,75.12002000,12-01-2024 01:00,0,0,0,0,0,0,0,0,0,0,0,0,0,0,0,0,0,0,0,0,0,0,0,0,0,0,0,0,0,0,0,0,0,0,0,0,0,0,0,0,0,0,0,0,"","","","","",""
1347,Ujjani Dam Rain Gauge,Maharashtra SW,27,Maharashtra,496,Solapur,-,-,-,-,-,-,-,-,-,18.07402000,75.12002000,12-01-2024 02:00,0,0,0,0,0,0,0,0,0,0,0,0,0,0,0,0,0,0,0,0,0,0,0,0,0,0,0,0,0,0,0,0,0,0,0,0,0,0,0,0,0,0,0,0,"","","","","",""
1348,Ujjani Dam Rain Gauge,Maharashtra SW,27,Maharashtra,496,Solapur,-,-,-,-,-,-,-,-,-,18.07402000,75.12002000,12-01-2024 03:00,0,0,0,0,0,0,0,0,0,0,0,0,0,0,0,0,0,0,0,0,0,0,0,0,0,0,0,0,0,0,0,0,0,0,0,0,0,0,0,0,0,0,0,0,"","","","","",""
1349,Ujjani Dam Rain Gauge,Maharashtra SW,27,Maharashtra,496,Solapur,-,-,-,-,-,-,-,-,-,18.07402000,75.12002000,12-01-2024 04:00,0,0,0,0,0,0,0,0,0,0,0,0,0,0,0,0,0,0,0,0,0,0,0,0,0,0,0,0,0,0,0,0,0,0,0,0,0,0,0,0,0,0,0,0,"","","","","",""
1350,Ujjani Dam Rain Gauge,Maharashtra SW,27,Maharashtra,496,Solapur,-,-,-,-,-,-,-,-,-,18.07402000,75.12002000,12-01-2024 05:00,0,0,0,0,0,0,0,0,0,0,0,0,0,0,0,0,0,0,0,0,0,0,0,0,0,0,0,0,0,0,0,0,0,0,0,0,0,0,0,0,0,0,0,0,"","","","","",""
1351,Ujjani Dam Rain Gauge,Maharashtra SW,27,Maharashtra,496,Solapur,-,-,-,-,-,-,-,-,-,18.07402000,75.12002000,12-01-2024 07:00,0,0,0,0,0,0,0,0,0,0,0,0,0,0,0,0,0,0,0,0,0,0,0,0,0,0,0,0,0,0,0,0,0,0,0,0,0,0,0,0,0,0,0,0,"","","","","",""
1352,Ujjani Dam Rain Gauge,Maharashtra SW,27,Maharashtra,496,Solapur,-,-,-,-,-,-,-,-,-,18.07402000,75.12002000,12-01-2024 08:00,0,0,0,0,0,0,0,0,0,0,0,0,0,0,0,0,0,0,0,0,0,0,0,0,0,0,0,0,0,0,0,0,0,0,0,0,0,0,0,0,0,0,0,0,"","","","","",""
1353,Ujjani Dam Rain Gauge,Maharashtra SW,27,Maharashtra,496,Solapur,-,-,-,-,-,-,-,-,-,18.07402000,75.12002000,12-01-2024 09:00,0,0,0,0,0,0,0,0,0,0,0,0,0,0,0,0,0,0,0,0,0,0,0,0,0,0,0,0,0,0,0,0,0,0,0,0,0,0,0,0,0,0,0,0,"","","","","",""
1354,Ujjani Dam Rain Gauge,Maharashtra SW,27,Maharashtra,496,Solapur,-,-,-,-,-,-,-,-,-,18.07402000,75.12002000,12-01-2024 10:00,0,0,0,0,0,0,0,0,0,0,0,0,0,0,0,0,0,0,0,0,0,0,0,0,0,0,0,0,0,0,0,0,0,0,0,0,0,0,0,0,0,0,0,0,"","","","","",""
1355,Ujjani Dam Rain Gauge,Maharashtra SW,27,Maharashtra,496,Solapur,-,-,-,-,-,-,-,-,-,18.07402000,75.12002000,12-01-2024 11:00,0,0,0,0,0,0,0,0,0,0,0,0,0,0,0,0,0,0,0,0,0,0,0,0,0,0,0,0,0,0,0,0,0,0,0,0,0,0,0,0,0,0,0,0,"","","","","",""
1356,Ujjani Dam Rain Gauge,Maharashtra SW,27,Maharashtra,496,Solapur,-,-,-,-,-,-,-,-,-,18.07402000,75.12002000,12-01-2024 12:00,0,0,0,0,0,0,0,0,0,0,0,0,0,0,0,0,0,0,0,0,0,0,0,0,0,0,0,0,0,0,0,0,0,0,0,0,0,0,0,0,0,0,0,0,"","","","","",""
1357,Ujjani Dam Rain Gauge,Maharashtra SW,27,Maharashtra,496,Solapur,-,-,-,-,-,-,-,-,-,18.07402000,75.12002000,12-01-2024 13:00,0,0,0,0,0,0,0,0,0,0,0,0,0,0,0,0,0,0,0,0,0,0,0,0,0,0,0,0,0,0,0,0,0,0,0,0,0,0,0,0,0,0,0,0,"","","","","",""
1358,Ujjani Dam Rain Gauge,Maharashtra SW,27,Maharashtra,496,Solapur,-,-,-,-,-,-,-,-,-,18.07402000,75.12002000,12-01-2024 15:00,0,0,0,0,0,0,0,0,0,0,0,0,0,0,0,0,0,0,0,0,0,0,0,0,0,0,0,0,0,0,0,0,0,0,0,0,0,0,0,0,0,0,0,0,"","","","","",""
1359,Ujjani Dam Rain Gauge,Maharashtra SW,27,Maharashtra,496,Solapur,-,-,-,-,-,-,-,-,-,18.07402000,75.12002000,12-01-2024 16:00,0,0,0,0,0,0,0,0,0,0,0,0,0,0,0,0,0,0,0,0,0,0,0,0,0,0,0,0,0,0,0,0,0,0,0,0,0,0,0,0,0,0,0,0,"","","","","",""
1360,Ujjani Dam Rain Gauge,Maharashtra SW,27,Maharashtra,496,Solapur,-,-,-,-,-,-,-,-,-,18.07402000,75.12002000,12-01-2024 17:00,0,0,0,0,0,0,0,0,0,0,0,0,0,0,0,0,0,0,0,0,0,0,0,0,0,0,0,0,0,0,0,0,0,0,0,0,0,0,0,0,0,0,0,0,"","","","","",""
1361,Ujjani Dam Rain Gauge,Maharashtra SW,27,Maharashtra,496,Solapur,-,-,-,-,-,-,-,-,-,18.07402000,75.12002000,12-01-2024 18:00,0,0,0,0,0,0,0,0,0,0,0,0,0,0,0,0,0,0,0,0,0,0,0,0,0,0,0,0,0,0,0,0,0,0,0,0,0,0,0,0,0,0,0,0,"","","","","",""
1362,Ujjani Dam Rain Gauge,Maharashtra SW,27,Maharashtra,496,Solapur,-,-,-,-,-,-,-,-,-,18.07402000,75.12002000,12-01-2024 19:00,0,0,0,0,0,0,0,0,0,0,0,0,0,0,0,0,0,0,0,0,0,0,0,0,0,0,0,0,0,0,0,0,0,0,0,0,0,0,0,0,0,0,0,0,"","","","","",""
1363,Ujjani Dam Rain Gauge,Maharashtra SW,27,Maharashtra,496,Solapur,-,-,-,-,-,-,-,-,-,18.07402000,75.12002000,12-01-2024 20:00,0,0,0,0,0,0,0,0,0,0,0,0,0,0,0,0,0,0,0,0,0,0,0,0,0,0,0,0,0,0,0,0,0,0,0,0,0,0,0,0,0,0,0,0,"","","","","",""
1364,Ujjani Dam Rain Gauge,Maharashtra SW,27,Maharashtra,496,Solapur,-,-,-,-,-,-,-,-,-,18.07402000,75.12002000,12-01-2024 21:00,0,0,0,0,0,0,0,0,0,0,0,0,0,0,0,0,0,0,0,0,0,0,0,0,0,0,0,0,0,0,0,0,0,0,0,0,0,0,0,0,0,0,0,0,"","","","","",""
1365,Ujjani Dam Rain Gauge,Maharashtra SW,27,Maharashtra,496,Solapur,-,-,-,-,-,-,-,-,-,18.07402000,75.12002000,12-01-2024 23:00,0,0,0,0,0,0,0,0,0,0,0,0,0,0,0,0,0,0,0,0,0,0,0,0,0,0,0,0,0,0,0,0,0,0,0,0,0,0,0,0,0,0,0,0,"","","","","",""
1366,Ujjani Dam Rain Gauge,Maharashtra SW,27,Maharashtra,496,Solapur,-,-,-,-,-,-,-,-,-,18.07402000,75.12002000,13-01-2024 00:00,0,0,0,0,0,0,0,0,0,0,0,0,0,0,0,0,0,0,0,0,0,0,0,0,0,0,0,0,0,0,0,0,0,0,0,0,0,0,0,0,0,0,0,0,"","","","","",""
1367,Ujjani Dam Rain Gauge,Maharashtra SW,27,Maharashtra,496,Solapur,-,-,-,-,-,-,-,-,-,18.07402000,75.12002000,13-01-2024 01:00,0,0,0,0,0,0,0,0,0,0,0,0,0,0,0,0,0,0,0,0,0,0,0,0,0,0,0,0,0,0,0,0,0,0,0,0,0,0,0,0,0,0,0,0,"","","","","",""
1368,Ujjani Dam Rain Gauge,Maharashtra SW,27,Maharashtra,496,Solapur,-,-,-,-,-,-,-,-,-,18.07402000,75.12002000,13-01-2024 02:00,0,0,0,0,0,0,0,0,0,0,0,0,0,0,0,0,0,0,0,0,0,0,0,0,0,0,0,0,0,0,0,0,0,0,0,0,0,0,0,0,0,0,0,0,"","","","","",""
1369,Ujjani Dam Rain Gauge,Maharashtra SW,27,Maharashtra,496,Solapur,-,-,-,-,-,-,-,-,-,18.07402000,75.12002000,13-01-2024 03:00,0,0,0,0,0,0,0,0,0,0,0,0,0,0,0,0,0,0,0,0,0,0,0,0,0,0,0,0,0,0,0,0,0,0,0,0,0,0,0,0,0,0,0,0,"","","","","",""
1370,Ujjani Dam Rain Gauge,Maharashtra SW,27,Maharashtra,496,Solapur,-,-,-,-,-,-,-,-,-,18.07402000,75.12002000,13-01-2024 04:00,0,0,0,0,0,0,0,0,0,0,0,0,0,0,0,0,0,0,0,0,0,0,0,0,0,0,0,0,0,0,0,0,0,0,0,0,0,0,0,0,0,0,0,0,"","","","","",""
1371,Ujjani Dam Rain Gauge,Maharashtra SW,27,Maharashtra,496,Solapur,-,-,-,-,-,-,-,-,-,18.07402000,75.12002000,13-01-2024 05:00,0,0,0,0,0,0,0,0,0,0,0,0,0,0,0,0,0,0,0,0,0,0,0,0,0,0,0,0,0,0,0,0,0,0,0,0,0,0,0,0,0,0,0,0,"","","","","",""
1372,Ujjani Dam Rain Gauge,Maharashtra SW,27,Maharashtra,496,Solapur,-,-,-,-,-,-,-,-,-,18.07402000,75.12002000,13-01-2024 07:00,0,0,0,0,0,0,0,0,0,0,0,0,0,0,0,0,0,0,0,0,0,0,0,0,0,0,0,0,0,0,0,0,0,0,0,0,0,0,0,0,0,0,0,0,"","","","","",""
1373,Ujjani Dam Rain Gauge,Maharashtra SW,27,Maharashtra,496,Solapur,-,-,-,-,-,-,-,-,-,18.07402000,75.12002000,13-01-2024 08:00,0,0,0,0,0,0,0,0,0,0,0,0,0,0,0,0,0,0,0,0,0,0,0,0,0,0,0,0,0,0,0,0,0,0,0,0,0,0,0,0,0,0,0,0,"","","","","",""
1374,Ujjani Dam Rain Gauge,Maharashtra SW,27,Maharashtra,496,Solapur,-,-,-,-,-,-,-,-,-,18.07402000,75.12002000,13-01-2024 09:00,0,0,0,0,0,0,0,0,0,0,0,0,0,0,0,0,0,0,0,0,0,0,0,0,0,0,0,0,0,0,0,0,0,0,0,0,0,0,0,0,0,0,0,0,"","","","","",""
1375,Ujjani Dam Rain Gauge,Maharashtra SW,27,Maharashtra,496,Solapur,-,-,-,-,-,-,-,-,-,18.07402000,75.12002000,13-01-2024 10:00,0,0,0,0,0,0,0,0,0,0,0,0,0,0,0,0,0,0,0,0,0,0,0,0,0,0,0,0,0,0,0,0,0,0,0,0,0,0,0,0,0,0,0,0,"","","","","",""
1376,Ujjani Dam Rain Gauge,Maharashtra SW,27,Maharashtra,496,Solapur,-,-,-,-,-,-,-,-,-,18.07402000,75.12002000,13-01-2024 11:00,0,0,0,0,0,0,0,0,0,0,0,0,0,0,0,0,0,0,0,0,0,0,0,0,0,0,0,0,0,0,0,0,0,0,0,0,0,0,0,0,0,0,0,0,"","","","","",""
1377,Ujjani Dam Rain Gauge,Maharashtra SW,27,Maharashtra,496,Solapur,-,-,-,-,-,-,-,-,-,18.07402000,75.12002000,13-01-2024 12:00,0,0,0,0,0,0,0,0,0,0,0,0,0,0,0,0,0,0,0,0,0,0,0,0,0,0,0,0,0,0,0,0,0,0,0,0,0,0,0,0,0,0,0,0,"","","","","",""
1378,Ujjani Dam Rain Gauge,Maharashtra SW,27,Maharashtra,496,Solapur,-,-,-,-,-,-,-,-,-,18.07402000,75.12002000,13-01-2024 14:00,0,0,0,0,0,0,0,0,0,0,0,0,0,0,0,0,0,0,0,0,0,0,0,0,0,0,0,0,0,0,0,0,0,0,0,0,0,0,0,0,0,0,0,0,"","","","","",""
1379,Ujjani Dam Rain Gauge,Maharashtra SW,27,Maharashtra,496,Solapur,-,-,-,-,-,-,-,-,-,18.07402000,75.12002000,13-01-2024 15:00,0,0,0,0,0,0,0,0,0,0,0,0,0,0,0,0,0,0,0,0,0,0,0,0,0,0,0,0,0,0,0,0,0,0,0,0,0,0,0,0,0,0,0,0,"","","","","",""
1380,Ujjani Dam Rain Gauge,Maharashtra SW,27,Maharashtra,496,Solapur,-,-,-,-,-,-,-,-,-,18.07402000,75.12002000,13-01-2024 16:00,0,0,0,0,0,0,0,0,0,0,0,0,0,0,0,0,0,0,0,0,0,0,0,0,0,0,0,0,0,0,0,0,0,0,0,0,0,0,0,0,0,0,0,0,"","","","","",""
1381,Ujjani Dam Rain Gauge,Maharashtra SW,27,Maharashtra,496,Solapur,-,-,-,-,-,-,-,-,-,18.07402000,75.12002000,13-01-2024 17:00,0,0,0,0,0,0,0,0,0,0,0,0,0,0,0,0,0,0,0,0,0,0,0,0,0,0,0,0,0,0,0,0,0,0,0,0,0,0,0,0,0,0,0,0,"","","","","",""
1382,Ujjani Dam Rain Gauge,Maharashtra SW,27,Maharashtra,496,Solapur,-,-,-,-,-,-,-,-,-,18.07402000,75.12002000,13-01-2024 18:00,0,0,0,0,0,0,0,0,0,0,0,0,0,0,0,0,0,0,0,0,0,0,0,0,0,0,0,0,0,0,0,0,0,0,0,0,0,0,0,0,0,0,0,0,"","","","","",""
1383,Ujjani Dam Rain Gauge,Maharashtra SW,27,Maharashtra,496,Solapur,-,-,-,-,-,-,-,-,-,18.07402000,75.12002000,13-01-2024 19:00,0,0,0,0,0,0,0,0,0,0,0,0,0,0,0,0,0,0,0,0,0,0,0,0,0,0,0,0,0,0,0,0,0,0,0,0,0,0,0,0,0,0,0,0,"","","","","",""
1384,Ujjani Dam Rain Gauge,Maharashtra SW,27,Maharashtra,496,Solapur,-,-,-,-,-,-,-,-,-,18.07402000,75.12002000,13-01-2024 20:00,0,0,0,0,0,0,0,0,0,0,0,0,0,0,0,0,0,0,0,0,0,0,0,0,0,0,0,0,0,0,0,0,0,0,0,0,0,0,0,0,0,0,0,0,"","","","","",""
1385,Ujjani Dam Rain Gauge,Maharashtra SW,27,Maharashtra,496,Solapur,-,-,-,-,-,-,-,-,-,18.07402000,75.12002000,13-01-2024 22:00,0,0,0,0,0,0,0,0,0,0,0,0,0,0,0,0,0,0,0,0,0,0,0,0,0,0,0,0,0,0,0,0,0,0,0,0,0,0,0,0,0,0,0,0,"","","","","",""
1386,Ujjani Dam Rain Gauge,Maharashtra SW,27,Maharashtra,496,Solapur,-,-,-,-,-,-,-,-,-,18.07402000,75.12002000,13-01-2024 23:00,0,0,0,0,0,0,0,0,0,0,0,0,0,0,0,0,0,0,0,0,0,0,0,0,0,0,0,0,0,0,0,0,0,0,0,0,0,0,0,0,0,0,0,0,"","","","","",""
1387,Ujjani Dam Rain Gauge,Maharashtra SW,27,Maharashtra,496,Solapur,-,-,-,-,-,-,-,-,-,18.07402000,75.12002000,14-01-2024 00:00,0,0,0,0,0,0,0,0,0,0,0,0,0,0,0,0,0,0,0,0,0,0,0,0,0,0,0,0,0,0,0,0,0,0,0,0,0,0,0,0,0,0,0,0,"","","","","",""
1388,Ujjani Dam Rain Gauge,Maharashtra SW,27,Maharashtra,496,Solapur,-,-,-,-,-,-,-,-,-,18.07402000,75.12002000,14-01-2024 01:00,0,0,0,0,0,0,0,0,0,0,0,0,0,0,0,0,0,0,0,0,0,0,0,0,0,0,0,0,0,0,0,0,0,0,0,0,0,0,0,0,0,0,0,0,"","","","","",""
1389,Ujjani Dam Rain Gauge,Maharashtra SW,27,Maharashtra,496,Solapur,-,-,-,-,-,-,-,-,-,18.07402000,75.12002000,14-01-2024 02:00,0,0,0,0,0,0,0,0,0,0,0,0,0,0,0,0,0,0,0,0,0,0,0,0,0,0,0,0,0,0,0,0,0,0,0,0,0,0,0,0,0,0,0,0,"","","","","",""
1390,Ujjani Dam Rain Gauge,Maharashtra SW,27,Maharashtra,496,Solapur,-,-,-,-,-,-,-,-,-,18.07402000,75.12002000,14-01-2024 03:00,0,0,0,0,0,0,0,0,0,0,0,0,0,0,0,0,0,0,0,0,0,0,0,0,0,0,0,0,0,0,0,0,0,0,0,0,0,0,0,0,0,0,0,0,"","","","","",""
1391,Ujjani Dam Rain Gauge,Maharashtra SW,27,Maharashtra,496,Solapur,-,-,-,-,-,-,-,-,-,18.07402000,75.12002000,14-01-2024 04:00,0,0,0,0,0,0,0,0,0,0,0,0,0,0,0,0,0,0,0,0,0,0,0,0,0,0,0,0,0,0,0,0,0,0,0,0,0,0,0,0,0,0,0,0,"","","","","",""
1392,Ujjani Dam Rain Gauge,Maharashtra SW,27,Maharashtra,496,Solapur,-,-,-,-,-,-,-,-,-,18.07402000,75.12002000,14-01-2024 06:00,0,0,0,0,0,0,0,0,0,0,0,0,0,0,0,0,0,0,0,0,0,0,0,0,0,0,0,0,0,0,0,0,0,0,0,0,0,0,0,0,0,0,0,0,"","","","","",""
1393,Ujjani Dam Rain Gauge,Maharashtra SW,27,Maharashtra,496,Solapur,-,-,-,-,-,-,-,-,-,18.07402000,75.12002000,14-01-2024 07:00,0,0,0,0,0,0,0,0,0,0,0,0,0,0,0,0,0,0,0,0,0,0,0,0,0,0,0,0,0,0,0,0,0,0,0,0,0,0,0,0,0,0,0,0,"","","","","",""
1394,Ujjani Dam Rain Gauge,Maharashtra SW,27,Maharashtra,496,Solapur,-,-,-,-,-,-,-,-,-,18.07402000,75.12002000,14-01-2024 08:00,0,0,0,0,0,0,0,0,0,0,0,0,0,0,0,0,0,0,0,0,0,0,0,0,0,0,0,0,0,0,0,0,0,0,0,0,0,0,0,0,0,0,0,0,"","","","","",""
1395,Ujjani Dam Rain Gauge,Maharashtra SW,27,Maharashtra,496,Solapur,-,-,-,-,-,-,-,-,-,18.07402000,75.12002000,14-01-2024 09:00,0,0,0,0,0,0,0,0,0,0,0,0,0,0,0,0,0,0,0,0,0,0,0,0,0,0,0,0,0,0,0,0,0,0,0,0,0,0,0,0,0,0,0,0,"","","","","",""
1396,Ujjani Dam Rain Gauge,Maharashtra SW,27,Maharashtra,496,Solapur,-,-,-,-,-,-,-,-,-,18.07402000,75.12002000,14-01-2024 10:00,0,0,0,0,0,0,0,0,0,0,0,0,0,0,0,0,0,0,0,0,0,0,0,0,0,0,0,0,0,0,0,0,0,0,0,0,0,0,0,0,0,0,0,0,"","","","","",""
1397,Ujjani Dam Rain Gauge,Maharashtra SW,27,Maharashtra,496,Solapur,-,-,-,-,-,-,-,-,-,18.07402000,75.12002000,14-01-2024 11:00,0,0,0,0,0,0,0,0,0,0,0,0,0,0,0,0,0,0,0,0,0,0,0,0,0,0,0,0,0,0,0,0,0,0,0,0,0,0,0,0,0,0,0,0,"","","","","",""
1398,Ujjani Dam Rain Gauge,Maharashtra SW,27,Maharashtra,496,Solapur,-,-,-,-,-,-,-,-,-,18.07402000,75.12002000,14-01-2024 12:00,0,0,0,0,0,0,0,0,0,0,0,0,0,0,0,0,0,0,0,0,0,0,0,0,0,0,0,0,0,0,0,0,0,0,0,0,0,0,0,0,0,0,0,0,"","","","","",""
1399,Ujjani Dam Rain Gauge,Maharashtra SW,27,Maharashtra,496,Solapur,-,-,-,-,-,-,-,-,-,18.07402000,75.12002000,14-01-2024 14:00,0,0,0,0,0,0,0,0,0,0,0,0,0,0,0,0,0,0,0,0,0,0,0,0,0,0,0,0,0,0,0,0,0,0,0,0,0,0,0,0,0,0,0,0,"","","","","",""
1400,Ujjani Dam Rain Gauge,Maharashtra SW,27,Maharashtra,496,Solapur,-,-,-,-,-,-,-,-,-,18.07402000,75.12002000,14-01-2024 15:00,0,0,0,0,0,0,0,0,0,0,0,0,0,0,0,0,0,0,0,0,0,0,0,0,0,0,0,0,0,0,0,0,0,0,0,0,0,0,0,0,0,0,0,0,"","","","","",""
1401,Ujjani Dam Rain Gauge,Maharashtra SW,27,Maharashtra,496,Solapur,-,-,-,-,-,-,-,-,-,18.07402000,75.12002000,14-01-2024 16:00,0,0,0,0,0,0,0,0,0,0,0,0,0,0,0,0,0,0,0,0,0,0,0,0,0,0,0,0,0,0,0,0,0,0,0,0,0,0,0,0,0,0,0,0,"","","","","",""
1402,Ujjani Dam Rain Gauge,Maharashtra SW,27,Maharashtra,496,Solapur,-,-,-,-,-,-,-,-,-,18.07402000,75.12002000,14-01-2024 17:00,0,0,0,0,0,0,0,0,0,0,0,0,0,0,0,0,0,0,0,0,0,0,0,0,0,0,0,0,0,0,0,0,0,0,0,0,0,0,0,0,0,0,0,0,"","","","","",""
1403,Ujjani Dam Rain Gauge,Maharashtra SW,27,Maharashtra,496,Solapur,-,-,-,-,-,-,-,-,-,18.07402000,75.12002000,14-01-2024 18:00,0,0,0,0,0,0,0,0,0,0,0,0,0,0,0,0,0,0,0,0,0,0,0,0,0,0,0,0,0,0,0,0,0,0,0,0,0,0,0,0,0,0,0,0,"","","","","",""
1404,Ujjani Dam Rain Gauge,Maharashtra SW,27,Maharashtra,496,Solapur,-,-,-,-,-,-,-,-,-,18.07402000,75.12002000,14-01-2024 19:00,0,0,0,0,0,0,0,0,0,0,0,0,0,0,0,0,0,0,0,0,0,0,0,0,0,0,0,0,0,0,0,0,0,0,0,0,0,0,0,0,0,0,0,0,"","","","","",""
1405,Ujjani Dam Rain Gauge,Maharashtra SW,27,Maharashtra,496,Solapur,-,-,-,-,-,-,-,-,-,18.07402000,75.12002000,14-01-2024 20:00,0,0,0,0,0,0,0,0,0,0,0,0,0,0,0,0,0,0,0,0,0,0,0,0,0,0,0,0,0,0,0,0,0,0,0,0,0,0,0,0,0,0,0,0,"","","","","",""
1406,Ujjani Dam Rain Gauge,Maharashtra SW,27,Maharashtra,496,Solapur,-,-,-,-,-,-,-,-,-,18.07402000,75.12002000,14-01-2024 22:00,0,0,0,0,0,0,0,0,0,0,0,0,0,0,0,0,0,0,0,0,0,0,0,0,0,0,0,0,0,0,0,0,0,0,0,0,0,0,0,0,0,0,0,0,"","","","","",""
1407,Ujjani Dam Rain Gauge,Maharashtra SW,27,Maharashtra,496,Solapur,-,-,-,-,-,-,-,-,-,18.07402000,75.12002000,14-01-2024 23:00,0,0,0,0,0,0,0,0,0,0,0,0,0,0,0,0,0,0,0,0,0,0,0,0,0,0,0,0,0,0,0,0,0,0,0,0,0,0,0,0,0,0,0,0,"","","","","",""
1408,Ujjani Dam Rain Gauge,Maharashtra SW,27,Maharashtra,496,Solapur,-,-,-,-,-,-,-,-,-,18.07402000,75.12002000,15-01-2024 00:00,0,0,0,0,0,0,0,0,0,0,0,0,0,0,0,0,0,0,0,0,0,0,0,0,0,0,0,0,0,0,0,0,0,0,0,0,0,0,0,0,0,0,0,0,"","","","","",""
1409,Ujjani Dam Rain Gauge,Maharashtra SW,27,Maharashtra,496,Solapur,-,-,-,-,-,-,-,-,-,18.07402000,75.12002000,15-01-2024 01:00,0,0,0,0,0,0,0,0,0,0,0,0,0,0,0,0,0,0,0,0,0,0,0,0,0,0,0,0,0,0,0,0,0,0,0,0,0,0,0,0,0,0,0,0,"","","","","",""
1410,Ujjani Dam Rain Gauge,Maharashtra SW,27,Maharashtra,496,Solapur,-,-,-,-,-,-,-,-,-,18.07402000,75.12002000,15-01-2024 02:00,0,0,0,0,0,0,0,0,0,0,0,0,0,0,0,0,0,0,0,0,0,0,0,0,0,0,0,0,0,0,0,0,0,0,0,0,0,0,0,0,0,0,0,0,"","","","","",""
1411,Ujjani Dam Rain Gauge,Maharashtra SW,27,Maharashtra,496,Solapur,-,-,-,-,-,-,-,-,-,18.07402000,75.12002000,15-01-2024 03:00,0,0,0,0,0,0,0,0,0,0,0,0,0,0,0,0,0,0,0,0,0,0,0,0,0,0,0,0,0,0,0,0,0,0,0,0,0,0,0,0,0,0,0,0,"","","","","",""
1412,Ujjani Dam Rain Gauge,Maharashtra SW,27,Maharashtra,496,Solapur,-,-,-,-,-,-,-,-,-,18.07402000,75.12002000,15-01-2024 04:00,0,0,0,0,0,0,0,0,0,0,0,0,0,0,0,0,0,0,0,0,0,0,0,0,0,0,0,0,0,0,0,0,0,0,0,0,0,0,0,0,0,0,0,0,"","","","","",""
1413,Ujjani Dam Rain Gauge,Maharashtra SW,27,Maharashtra,496,Solapur,-,-,-,-,-,-,-,-,-,18.07402000,75.12002000,15-01-2024 06:00,0,0,0,0,0,0,0,0,0,0,0,0,0,0,0,0,0,0,0,0,0,0,0,0,0,0,0,0,0,0,0,0,0,0,0,0,0,0,0,0,0,0,0,0,"","","","","",""
1414,Ujjani Dam Rain Gauge,Maharashtra SW,27,Maharashtra,496,Solapur,-,-,-,-,-,-,-,-,-,18.07402000,75.12002000,15-01-2024 07:00,0,0,0,0,0,0,0,0,0,0,0,0,0,0,0,0,0,0,0,0,0,0,0,0,0,0,0,0,0,0,0,0,0,0,0,0,0,0,0,0,0,0,0,0,"","","","","",""
1415,Ujjani Dam Rain Gauge,Maharashtra SW,27,Maharashtra,496,Solapur,-,-,-,-,-,-,-,-,-,18.07402000,75.12002000,15-01-2024 08:00,0,0,0,0,0,0,0,0,0,0,0,0,0,0,0,0,0,0,0,0,0,0,0,0,0,0,0,0,0,0,0,0,0,0,0,0,0,0,0,0,0,0,0,0,"","","","","",""
1416,Ujjani Dam Rain Gauge,Maharashtra SW,27,Maharashtra,496,Solapur,-,-,-,-,-,-,-,-,-,18.07402000,75.12002000,15-01-2024 09:00,0,0,0,0,0,0,0,0,0,0,0,0,0,0,0,0,0,0,0,0,0,0,0,0,0,0,0,0,0,0,0,0,0,0,0,0,0,0,0,0,0,0,0,0,"","","","","",""
1417,Ujjani Dam Rain Gauge,Maharashtra SW,27,Maharashtra,496,Solapur,-,-,-,-,-,-,-,-,-,18.07402000,75.12002000,15-01-2024 10:00,0,0,0,0,0,0,0,0,0,0,0,0,0,0,0,0,0,0,0,0,0,0,0,0,0,0,0,0,0,0,0,0,0,0,0,0,0,0,0,0,0,0,0,0,"","","","","",""
1418,Ujjani Dam Rain Gauge,Maharashtra SW,27,Maharashtra,496,Solapur,-,-,-,-,-,-,-,-,-,18.07402000,75.12002000,15-01-2024 11:00,0,0,0,0,0,0,0,0,0,0,0,0,0,0,0,0,0,0,0,0,0,0,0,0,0,0,0,0,0,0,0,0,0,0,0,0,0,0,0,0,0,0,0,0,"","","","","",""
1419,Ujjani Dam Rain Gauge,Maharashtra SW,27,Maharashtra,496,Solapur,-,-,-,-,-,-,-,-,-,18.07402000,75.12002000,15-01-2024 12:00,0,0,0,0,0,0,0,0,0,0,0,0,0,0,0,0,0,0,0,0,0,0,0,0,0,0,0,0,0,0,0,0,0,0,0,0,0,0,0,0,0,0,0,0,"","","","","",""
1420,Ujjani Dam Rain Gauge,Maharashtra SW,27,Maharashtra,496,Solapur,-,-,-,-,-,-,-,-,-,18.07402000,75.12002000,15-01-2024 14:00,0,0,0,0,0,0,0,0,0,0,0,0,0,0,0,0,0,0,0,0,0,0,0,0,0,0,0,0,0,0,0,0,0,0,0,0,0,0,0,0,0,0,0,0,"","","","","",""
1421,Ujjani Dam Rain Gauge,Maharashtra SW,27,Maharashtra,496,Solapur,-,-,-,-,-,-,-,-,-,18.07402000,75.12002000,15-01-2024 15:00,0,0,0,0,0,0,0,0,0,0,0,0,0,0,0,0,0,0,0,0,0,0,0,0,0,0,0,0,0,0,0,0,0,0,0,0,0,0,0,0,0,0,0,0,"","","","","",""
1422,Ujjani Dam Rain Gauge,Maharashtra SW,27,Maharashtra,496,Solapur,-,-,-,-,-,-,-,-,-,18.07402000,75.12002000,15-01-2024 16:00,0,0,0,0,0,0,0,0,0,0,0,0,0,0,0,0,0,0,0,0,0,0,0,0,0,0,0,0,0,0,0,0,0,0,0,0,0,0,0,0,0,0,0,0,"","","","","",""
1423,Ujjani Dam Rain Gauge,Maharashtra SW,27,Maharashtra,496,Solapur,-,-,-,-,-,-,-,-,-,18.07402000,75.12002000,15-01-2024 17:00,0,0,0,0,0,0,0,0,0,0,0,0,0,0,0,0,0,0,0,0,0,0,0,0,0,0,0,0,0,0,0,0,0,0,0,0,0,0,0,0,0,0,0,0,"","","","","",""
1424,Ujjani Dam Rain Gauge,Maharashtra SW,27,Maharashtra,496,Solapur,-,-,-,-,-,-,-,-,-,18.07402000,75.12002000,15-01-2024 18:00,0,0,0,0,0,0,0,0,0,0,0,0,0,0,0,0,0,0,0,0,0,0,0,0,0,0,0,0,0,0,0,0,0,0,0,0,0,0,0,0,0,0,0,0,"","","","","",""
1425,Ujjani Dam Rain Gauge,Maharashtra SW,27,Maharashtra,496,Solapur,-,-,-,-,-,-,-,-,-,18.07402000,75.12002000,15-01-2024 19:00,0,0,0,0,0,0,0,0,0,0,0,0,0,0,0,0,0,0,0,0,0,0,0,0,0,0,0,0,0,0,0,0,0,0,0,0,0,0,0,0,0,0,0,0,"","","","","",""
1426,Ujjani Dam Rain Gauge,Maharashtra SW,27,Maharashtra,496,Solapur,-,-,-,-,-,-,-,-,-,18.07402000,75.12002000,15-01-2024 20:00,0,0,0,0,0,0,0,0,0,0,0,0,0,0,0,0,0,0,0,0,0,0,0,0,0,0,0,0,0,0,0,0,0,0,0,0,0,0,0,0,0,0,0,0,"","","","","",""
1427,Ujjani Dam Rain Gauge,Maharashtra SW,27,Maharashtra,496,Solapur,-,-,-,-,-,-,-,-,-,18.07402000,75.12002000,15-01-2024 23:00,0,0,0,0,0,0,0,0,0,0,0,0,0,0,0,0,0,0,0,0,0,0,0,0,0,0,0,0,0,0,0,0,0,0,0,0,0,0,0,0,0,0,0,0,"","","","","",""
1428,Ujjani Dam Rain Gauge,Maharashtra SW,27,Maharashtra,496,Solapur,-,-,-,-,-,-,-,-,-,18.07402000,75.12002000,16-01-2024 00:00,0,0,0,0,0,0,0,0,0,0,0,0,0,0,0,0,0,0,0,0,0,0,0,0,0,0,0,0,0,0,0,0,0,0,0,0,0,0,0,0,0,0,0,0,"","","","","",""
1429,Ujjani Dam Rain Gauge,Maharashtra SW,27,Maharashtra,496,Solapur,-,-,-,-,-,-,-,-,-,18.07402000,75.12002000,16-01-2024 01:00,0,0,0,0,0,0,0,0,0,0,0,0,0,0,0,0,0,0,0,0,0,0,0,0,0,0,0,0,0,0,0,0,0,0,0,0,0,0,0,0,0,0,0,0,"","","","","",""
1430,Ujjani Dam Rain Gauge,Maharashtra SW,27,Maharashtra,496,Solapur,-,-,-,-,-,-,-,-,-,18.07402000,75.12002000,16-01-2024 02:00,0,0,0,0,0,0,0,0,0,0,0,0,0,0,0,0,0,0,0,0,0,0,0,0,0,0,0,0,0,0,0,0,0,0,0,0,0,0,0,0,0,0,0,0,"","","","","",""
1431,Ujjani Dam Rain Gauge,Maharashtra SW,27,Maharashtra,496,Solapur,-,-,-,-,-,-,-,-,-,18.07402000,75.12002000,16-01-2024 03:00,0,0,0,0,0,0,0,0,0,0,0,0,0,0,0,0,0,0,0,0,0,0,0,0,0,0,0,0,0,0,0,0,0,0,0,0,0,0,0,0,0,0,0,0,"","","","","",""
1432,Ujjani Dam Rain Gauge,Maharashtra SW,27,Maharashtra,496,Solapur,-,-,-,-,-,-,-,-,-,18.07402000,75.12002000,16-01-2024 04:00,0,0,0,0,0,0,0,0,0,0,0,0,0,0,0,0,0,0,0,0,0,0,0,0,0,0,0,0,0,0,0,0,0,0,0,0,0,0,0,0,0,0,0,0,"","","","","",""
1433,Ujjani Dam Rain Gauge,Maharashtra SW,27,Maharashtra,496,Solapur,-,-,-,-,-,-,-,-,-,18.07402000,75.12002000,16-01-2024 06:00,0,0,0,0,0,0,0,0,0,0,0,0,0,0,0,0,0,0,0,0,0,0,0,0,0,0,0,0,0,0,0,0,0,0,0,0,0,0,0,0,0,0,0,0,"","","","","",""
1434,Ujjani Dam Rain Gauge,Maharashtra SW,27,Maharashtra,496,Solapur,-,-,-,-,-,-,-,-,-,18.07402000,75.12002000,16-01-2024 07:00,0,0,0,0,0,0,0,0,0,0,0,0,0,0,0,0,0,0,0,0,0,0,0,0,0,0,0,0,0,0,0,0,0,0,0,0,0,0,0,0,0,0,0,0,"","","","","",""
1435,Ujjani Dam Rain Gauge,Maharashtra SW,27,Maharashtra,496,Solapur,-,-,-,-,-,-,-,-,-,18.07402000,75.12002000,16-01-2024 08:00,0,0,0,0,0,0,0,0,0,0,0,0,0,0,0,0,0,0,0,0,0,0,0,0,0,0,0,0,0,0,0,0,0,0,0,0,0,0,0,0,0,0,0,0,"","","","","",""
1436,Ujjani Dam Rain Gauge,Maharashtra SW,27,Maharashtra,496,Solapur,-,-,-,-,-,-,-,-,-,18.07402000,75.12002000,16-01-2024 09:00,0,0,0,0,0,0,0,0,0,0,0,0,0,0,0,0,0,0,0,0,0,0,0,0,0,0,0,0,0,0,0,0,0,0,0,0,0,0,0,0,0,0,0,0,"","","","","",""
1437,Ujjani Dam Rain Gauge,Maharashtra SW,27,Maharashtra,496,Solapur,-,-,-,-,-,-,-,-,-,18.07402000,75.12002000,16-01-2024 10:00,0,0,0,0,0,0,0,0,0,0,0,0,0,0,0,0,0,0,0,0,0,0,0,0,0,0,0,0,0,0,0,0,0,0,0,0,0,0,0,0,0,0,0,0,"","","","","",""
1438,Ujjani Dam Rain Gauge,Maharashtra SW,27,Maharashtra,496,Solapur,-,-,-,-,-,-,-,-,-,18.07402000,75.12002000,16-01-2024 14:00,0,0,0,0,0,0,0,0,0,0,0,0,0,0,0,0,0,0,0,0,0,0,0,0,0,0,0,0,0,0,0,0,0,0,0,0,0,0,0,0,0,0,0,0,"","","","","",""
1439,Ujjani Dam Rain Gauge,Maharashtra SW,27,Maharashtra,496,Solapur,-,-,-,-,-,-,-,-,-,18.07402000,75.12002000,16-01-2024 15:00,0,0,0,0,0,0,0,0,0,0,0,0,0,0,0,0,0,0,0,0,0,0,0,0,0,0,0,0,0,0,0,0,0,0,0,0,0,0,0,0,0,0,0,0,"","","","","",""
1440,Ujjani Dam Rain Gauge,Maharashtra SW,27,Maharashtra,496,Solapur,-,-,-,-,-,-,-,-,-,18.07402000,75.12002000,16-01-2024 16:00,0,0,0,0,0,0,0,0,0,0,0,0,0,0,0,0,0,0,0,0,0,0,0,0,0,0,0,0,0,0,0,0,0,0,0,0,0,0,0,0,0,0,0,0,"","","","","",""
1441,Ujjani Dam Rain Gauge,Maharashtra SW,27,Maharashtra,496,Solapur,-,-,-,-,-,-,-,-,-,18.07402000,75.12002000,16-01-2024 17:00,0,0,0,0,0,0,0,0,0,0,0,0,0,0,0,0,0,0,0,0,0,0,0,0,0,0,0,0,0,0,0,0,0,0,0,0,0,0,0,0,0,0,0,0,"","","","","",""
1442,Ujjani Dam Rain Gauge,Maharashtra SW,27,Maharashtra,496,Solapur,-,-,-,-,-,-,-,-,-,18.07402000,75.12002000,16-01-2024 18:00,0,0,0,0,0,0,0,0,0,0,0,0,0,0,0,0,0,0,0,0,0,0,0,0,0,0,0,0,0,0,0,0,0,0,0,0,0,0,0,0,0,0,0,0,"","","","","",""
1443,Ujjani Dam Rain Gauge,Maharashtra SW,27,Maharashtra,496,Solapur,-,-,-,-,-,-,-,-,-,18.07402000,75.12002000,16-01-2024 19:00,0,0,0,0,0,0,0,0,0,0,0,0,0,0,0,0,0,0,0,0,0,0,0,0,0,0,0,0,0,0,0,0,0,0,0,0,0,0,0,0,0,0,0,0,"","","","","",""
1444,Ujjani Dam Rain Gauge,Maharashtra SW,27,Maharashtra,496,Solapur,-,-,-,-,-,-,-,-,-,18.07402000,75.12002000,16-01-2024 21:00,0,0,0,0,0,0,0,0,0,0,0,0,0,0,0,0,0,0,0,0,0,0,0,0,0,0,0,0,0,0,0,0,0,0,0,0,0,0,0,0,0,0,0,0,"","","","","",""
1445,Ujjani Dam Rain Gauge,Maharashtra SW,27,Maharashtra,496,Solapur,-,-,-,-,-,-,-,-,-,18.07402000,75.12002000,16-01-2024 22:00,0,0,0,0,0,0,0,0,0,0,0,0,0,0,0,0,0,0,0,0,0,0,0,0,0,0,0,0,0,0,0,0,0,0,0,0,0,0,0,0,0,0,0,0,"","","","","",""
1446,Ujjani Dam Rain Gauge,Maharashtra SW,27,Maharashtra,496,Solapur,-,-,-,-,-,-,-,-,-,18.07402000,75.12002000,17-01-2024 03:00,0,0,0,0,0,0,0,0,0,0,0,0,0,0,0,0,0,0,0,0,0,0,0,0,0,0,0,0,0,0,0,0,0,0,0,0,0,0,0,0,0,0,0,0,"","","","","",""
1447,Ujjani Dam Rain Gauge,Maharashtra SW,27,Maharashtra,496,Solapur,-,-,-,-,-,-,-,-,-,18.07402000,75.12002000,17-01-2024 04:00,0,0,0,0,0,0,0,0,0,0,0,0,0,0,0,0,0,0,0,0,0,0,0,0,0,0,0,0,0,0,0,0,0,0,0,0,0,0,0,0,0,0,0,0,"","","","","",""
1448,Ujjani Dam Rain Gauge,Maharashtra SW,27,Maharashtra,496,Solapur,-,-,-,-,-,-,-,-,-,18.07402000,75.12002000,17-01-2024 05:00,0,0,0,0,0,0,0,0,0,0,0,0,0,0,0,0,0,0,0,0,0,0,0,0,0,0,0,0,0,0,0,0,0,0,0,0,0,0,0,0,0,0,0,0,"","","","","",""
1449,Ujjani Dam Rain Gauge,Maharashtra SW,27,Maharashtra,496,Solapur,-,-,-,-,-,-,-,-,-,18.07402000,75.12002000,17-01-2024 06:00,0,0,0,0,0,0,0,0,0,0,0,0,0,0,0,0,0,0,0,0,0,0,0,0,0,0,0,0,0,0,0,0,0,0,0,0,0,0,0,0,0,0,0,0,"","","","","",""
1450,Ujjani Dam Rain Gauge,Maharashtra SW,27,Maharashtra,496,Solapur,-,-,-,-,-,-,-,-,-,18.07402000,75.12002000,17-01-2024 07:00,0,0,0,0,0,0,0,0,0,0,0,0,0,0,0,0,0,0,0,0,0,0,0,0,0,0,0,0,0,0,0,0,0,0,0,0,0,0,0,0,0,0,0,0,"","","","","",""
1451,Ujjani Dam Rain Gauge,Maharashtra SW,27,Maharashtra,496,Solapur,-,-,-,-,-,-,-,-,-,18.07402000,75.12002000,17-01-2024 08:00,0,0,0,0,0,0,0,0,0,0,0,0,0,0,0,0,0,0,0,0,0,0,0,0,0,0,0,0,0,0,0,0,0,0,0,0,0,0,0,0,0,0,0,0,"","","","","",""
1452,Ujjani Dam Rain Gauge,Maharashtra SW,27,Maharashtra,496,Solapur,-,-,-,-,-,-,-,-,-,18.07402000,75.12002000,17-01-2024 09:00,0,0,0,0,0,0,0,0,0,0,0,0,0,0,0,0,0,0,0,0,0,0,0,0,0,0,0,0,0,0,0,0,0,0,0,0,0,0,0,0,0,0,0,0,"","","","","",""
1453,Ujjani Dam Rain Gauge,Maharashtra SW,27,Maharashtra,496,Solapur,-,-,-,-,-,-,-,-,-,18.07402000,75.12002000,17-01-2024 10:00,0,0,0,0,0,0,0,0,0,0,0,0,0,0,0,0,0,0,0,0,0,0,0,0,0,0,0,0,0,0,0,0,0,0,0,0,0,0,0,0,0,0,0,0,"","","","","",""
1454,Ujjani Dam Rain Gauge,Maharashtra SW,27,Maharashtra,496,Solapur,-,-,-,-,-,-,-,-,-,18.07402000,75.12002000,17-01-2024 11:00,0,0,0,0,0,0,0,0,0,0,0,0,0,0,0,0,0,0,0,0,0,0,0,0,0,0,0,0,0,0,0,0,0,0,0,0,0,0,0,0,0,0,0,0,"","","","","",""
1455,Ujjani Dam Rain Gauge,Maharashtra SW,27,Maharashtra,496,Solapur,-,-,-,-,-,-,-,-,-,18.07402000,75.12002000,17-01-2024 12:00,0,0,0,0,0,0,0,0,0,0,0,0,0,0,0,0,0,0,0,0,0,0,0,0,0,0,0,0,0,0,0,0,0,0,0,0,0,0,0,0,0,0,0,0,"","","","","",""
1456,Ujjani Dam Rain Gauge,Maharashtra SW,27,Maharashtra,496,Solapur,-,-,-,-,-,-,-,-,-,18.07402000,75.12002000,17-01-2024 13:00,0,0,0,0,0,0,0,0,0,0,0,0,0,0,0,0,0,0,0,0,0,0,0,0,0,0,0,0,0,0,0,0,0,0,0,0,0,0,0,0,0,0,0,0,"","","","","",""
1457,Ujjani Dam Rain Gauge,Maharashtra SW,27,Maharashtra,496,Solapur,-,-,-,-,-,-,-,-,-,18.07402000,75.12002000,17-01-2024 15:00,0,0,0,0,0,0,0,0,0,0,0,0,0,0,0,0,0,0,0,0,0,0,0,0,0,0,0,0,0,0,0,0,0,0,0,0,0,0,0,0,0,0,0,0,"","","","","",""
1458,Ujjani Dam Rain Gauge,Maharashtra SW,27,Maharashtra,496,Solapur,-,-,-,-,-,-,-,-,-,18.07402000,75.12002000,17-01-2024 16:00,0,0,0,0,0,0,0,0,0,0,0,0,0,0,0,0,0,0,0,0,0,0,0,0,0,0,0,0,0,0,0,0,0,0,0,0,0,0,0,0,0,0,0,0,"","","","","",""
1459,Ujjani Dam Rain Gauge,Maharashtra SW,27,Maharashtra,496,Solapur,-,-,-,-,-,-,-,-,-,18.07402000,75.12002000,17-01-2024 19:00,0,0,0,0,0,0,0,0,0,0,0,0,0,0,0,0,0,0,0,0,0,0,0,0,0,0,0,0,0,0,0,0,0,0,0,0,0,0,0,0,0,0,0,0,"","","","","",""
1460,Ujjani Dam Rain Gauge,Maharashtra SW,27,Maharashtra,496,Solapur,-,-,-,-,-,-,-,-,-,18.07402000,75.12002000,17-01-2024 20:00,0,0,0,0,0,0,0,0,0,0,0,0,0,0,0,0,0,0,0,0,0,0,0,0,0,0,0,0,0,0,0,0,0,0,0,0,0,0,0,0,0,0,0,0,"","","","","",""
1461,Ujjani Dam Rain Gauge,Maharashtra SW,27,Maharashtra,496,Solapur,-,-,-,-,-,-,-,-,-,18.07402000,75.12002000,17-01-2024 21:00,0,0,0,0,0,0,0,0,0,0,0,0,0,0,0,0,0,0,0,0,0,0,0,0,0,0,0,0,0,0,0,0,0,0,0,0,0,0,0,0,0,0,0,0,"","","","","",""
1462,Ujjani Dam Rain Gauge,Maharashtra SW,27,Maharashtra,496,Solapur,-,-,-,-,-,-,-,-,-,18.07402000,75.12002000,17-01-2024 22:00,0,0,0,0,0,0,0,0,0,0,0,0,0,0,0,0,0,0,0,0,0,0,0,0,0,0,0,0,0,0,0,0,0,0,0,0,0,0,0,0,0,0,0,0,"","","","","",""
1463,Ujjani Dam Rain Gauge,Maharashtra SW,27,Maharashtra,496,Solapur,-,-,-,-,-,-,-,-,-,18.07402000,75.12002000,17-01-2024 23:00,0,0,0,0,0,0,0,0,0,0,0,0,0,0,0,0,0,0,0,0,0,0,0,0,0,0,0,0,0,0,0,0,0,0,0,0,0,0,0,0,0,0,0,0,"","","","","",""
1464,Ujjani Dam Rain Gauge,Maharashtra SW,27,Maharashtra,496,Solapur,-,-,-,-,-,-,-,-,-,18.07402000,75.12002000,18-01-2024 00:00,0,0,0,0,0,0,0,0,0,0,0,0,0,0,0,0,0,0,0,0,0,0,0,0,0,0,0,0,0,0,0,0,0,0,0,0,0,0,0,0,0,0,0,0,"","","","","",""
1465,Ujjani Dam Rain Gauge,Maharashtra SW,27,Maharashtra,496,Solapur,-,-,-,-,-,-,-,-,-,18.07402000,75.12002000,18-01-2024 01:00,0,0,0,0,0,0,0,0,0,0,0,0,0,0,0,0,0,0,0,0,0,0,0,0,0,0,0,0,0,0,0,0,0,0,0,0,0,0,0,0,0,0,0,0,"","","","","",""
1466,Ujjani Dam Rain Gauge,Maharashtra SW,27,Maharashtra,496,Solapur,-,-,-,-,-,-,-,-,-,18.07402000,75.12002000,18-01-2024 02:00,0,0,0,0,0,0,0,0,0,0,0,0,0,0,0,0,0,0,0,0,0,0,0,0,0,0,0,0,0,0,0,0,0,0,0,0,0,0,0,0,0,0,0,0,"","","","","",""
1467,Ujjani Dam Rain Gauge,Maharashtra SW,27,Maharashtra,496,Solapur,-,-,-,-,-,-,-,-,-,18.07402000,75.12002000,18-01-2024 03:00,0,0,0,0,0,0,0,0,0,0,0,0,0,0,0,0,0,0,0,0,0,0,0,0,0,0,0,0,0,0,0,0,0,0,0,0,0,0,0,0,0,0,0,0,"","","","","",""
1468,Ujjani Dam Rain Gauge,Maharashtra SW,27,Maharashtra,496,Solapur,-,-,-,-,-,-,-,-,-,18.07402000,75.12002000,18-01-2024 04:00,0,0,0,0,0,0,0,0,0,0,0,0,0,0,0,0,0,0,0,0,0,0,0,0,0,0,0,0,0,0,0,0,0,0,0,0,0,0,0,0,0,0,0,0,"","","","","",""
1469,Ujjani Dam Rain Gauge,Maharashtra SW,27,Maharashtra,496,Solapur,-,-,-,-,-,-,-,-,-,18.07402000,75.12002000,18-01-2024 06:00,0,0,0,0,0,0,0,0,0,0,0,0,0,0,0,0,0,0,0,0,0,0,0,0,0,0,0,0,0,0,0,0,0,0,0,0,0,0,0,0,0,0,0,0,"","","","","",""
1470,Ujjani Dam Rain Gauge,Maharashtra SW,27,Maharashtra,496,Solapur,-,-,-,-,-,-,-,-,-,18.07402000,75.12002000,18-01-2024 07:00,0,0,0,0,0,0,0,0,0,0,0,0,0,0,0,0,0,0,0,0,0,0,0,0,0,0,0,0,0,0,0,0,0,0,0,0,0,0,0,0,0,0,0,0,"","","","","",""
1471,Ujjani Dam Rain Gauge,Maharashtra SW,27,Maharashtra,496,Solapur,-,-,-,-,-,-,-,-,-,18.07402000,75.12002000,18-01-2024 08:00,0,0,0,0,0,0,0,0,0,0,0,0,0,0,0,0,0,0,0,0,0,0,0,0,0,0,0,0,0,0,0,0,0,0,0,0,0,0,0,0,0,0,0,0,"","","","","",""
1472,Ujjani Dam Rain Gauge,Maharashtra SW,27,Maharashtra,496,Solapur,-,-,-,-,-,-,-,-,-,18.07402000,75.12002000,18-01-2024 09:00,0,0,0,0,0,0,0,0,0,0,0,0,0,0,0,0,0,0,0,0,0,0,0,0,0,0,0,0,0,0,0,0,0,0,0,0,0,0,0,0,0,0,0,0,"","","","","",""
1473,Ujjani Dam Rain Gauge,Maharashtra SW,27,Maharashtra,496,Solapur,-,-,-,-,-,-,-,-,-,18.07402000,75.12002000,18-01-2024 11:00,0,0,0,0,0,0,0,0,0,0,0,0,0,0,0,0,0,0,0,0,0,0,0,0,0,0,0,0,0,0,0,0,0,0,0,0,0,0,0,0,0,0,0,0,"","","","","",""
1474,Ujjani Dam Rain Gauge,Maharashtra SW,27,Maharashtra,496,Solapur,-,-,-,-,-,-,-,-,-,18.07402000,75.12002000,18-01-2024 12:00,0,0,0,0,0,0,0,0,0,0,0,0,0,0,0,0,0,0,0,0,0,0,0,0,0,0,0,0,0,0,0,0,0,0,0,0,0,0,0,0,0,0,0,0,"","","","","",""
1475,Ujjani Dam Rain Gauge,Maharashtra SW,27,Maharashtra,496,Solapur,-,-,-,-,-,-,-,-,-,18.07402000,75.12002000,18-01-2024 14:00,0,0,0,0,0,0,0,0,0,0,0,0,0,0,0,0,0,0,0,0,0,0,0,0,0,0,0,0,0,0,0,0,0,0,0,0,0,0,0,0,0,0,0,0,"","","","","",""
1476,Ujjani Dam Rain Gauge,Maharashtra SW,27,Maharashtra,496,Solapur,-,-,-,-,-,-,-,-,-,18.07402000,75.12002000,18-01-2024 15:00,0,0,0,0,0,0,0,0,0,0,0,0,0,0,0,0,0,0,0,0,0,0,0,0,0,0,0,0,0,0,0,0,0,0,0,0,0,0,0,0,0,0,0,0,"","","","","",""
1477,Ujjani Dam Rain Gauge,Maharashtra SW,27,Maharashtra,496,Solapur,-,-,-,-,-,-,-,-,-,18.07402000,75.12002000,18-01-2024 16:00,0,0,0,0,0,0,0,0,0,0,0,0,0,0,0,0,0,0,0,0,0,0,0,0,0,0,0,0,0,0,0,0,0,0,0,0,0,0,0,0,0,0,0,0,"","","","","",""
1478,Ujjani Dam Rain Gauge,Maharashtra SW,27,Maharashtra,496,Solapur,-,-,-,-,-,-,-,-,-,18.07402000,75.12002000,18-01-2024 17:00,0,0,0,0,0,0,0,0,0,0,0,0,0,0,0,0,0,0,0,0,0,0,0,0,0,0,0,0,0,0,0,0,0,0,0,0,0,0,0,0,0,0,0,0,"","","","","",""
1479,Ujjani Dam Rain Gauge,Maharashtra SW,27,Maharashtra,496,Solapur,-,-,-,-,-,-,-,-,-,18.07402000,75.12002000,18-01-2024 18:00,0,0,0,0,0,0,0,0,0,0,0,0,0,0,0,0,0,0,0,0,0,0,0,0,0,0,0,0,0,0,0,0,0,0,0,0,0,0,0,0,0,0,0,0,"","","","","",""
1480,Ujjani Dam Rain Gauge,Maharashtra SW,27,Maharashtra,496,Solapur,-,-,-,-,-,-,-,-,-,18.07402000,75.12002000,18-01-2024 19:00,0,0,0,0,0,0,0,0,0,0,0,0,0,0,0,0,0,0,0,0,0,0,0,0,0,0,0,0,0,0,0,0,0,0,0,0,0,0,0,0,0,0,0,0,"","","","","",""
1481,Ujjani Dam Rain Gauge,Maharashtra SW,27,Maharashtra,496,Solapur,-,-,-,-,-,-,-,-,-,18.07402000,75.12002000,18-01-2024 20:00,0,0,0,0,0,0,0,0,0,0,0,0,0,0,0,0,0,0,0,0,0,0,0,0,0,0,0,0,0,0,0,0,0,0,0,0,0,0,0,0,0,0,0,0,"","","","","",""
1482,Ujjani Dam Rain Gauge,Maharashtra SW,27,Maharashtra,496,Solapur,-,-,-,-,-,-,-,-,-,18.07402000,75.12002000,18-01-2024 22:00,0,0,0,0,0,0,0,0,0,0,0,0,0,0,0,0,0,0,0,0,0,0,0,0,0,0,0,0,0,0,0,0,0,0,0,0,0,0,0,0,0,0,0,0,"","","","","",""
1483,Ujjani Dam Rain Gauge,Maharashtra SW,27,Maharashtra,496,Solapur,-,-,-,-,-,-,-,-,-,18.07402000,75.12002000,18-01-2024 23:00,0,0,0,0,0,0,0,0,0,0,0,0,0,0,0,0,0,0,0,0,0,0,0,0,0,0,0,0,0,0,0,0,0,0,0,0,0,0,0,0,0,0,0,0,"","","","","",""
1484,Ujjani Dam Rain Gauge,Maharashtra SW,27,Maharashtra,496,Solapur,-,-,-,-,-,-,-,-,-,18.07402000,75.12002000,19-01-2024 00:00,0,0,0,0,0,0,0,0,0,0,0,0,0,0,0,0,0,0,0,0,0,0,0,0,0,0,0,0,0,0,0,0,0,0,0,0,0,0,0,0,0,0,0,0,"","","","","",""
1485,Ujjani Dam Rain Gauge,Maharashtra SW,27,Maharashtra,496,Solapur,-,-,-,-,-,-,-,-,-,18.07402000,75.12002000,19-01-2024 01:00,0,0,0,0,0,0,0,0,0,0,0,0,0,0,0,0,0,0,0,0,0,0,0,0,0,0,0,0,0,0,0,0,0,0,0,0,0,0,0,0,0,0,0,0,"","","","","",""
1486,Ujjani Dam Rain Gauge,Maharashtra SW,27,Maharashtra,496,Solapur,-,-,-,-,-,-,-,-,-,18.07402000,75.12002000,19-01-2024 02:00,0,0,0,0,0,0,0,0,0,0,0,0,0,0,0,0,0,0,0,0,0,0,0,0,0,0,0,0,0,0,0,0,0,0,0,0,0,0,0,0,0,0,0,0,"","","","","",""
1487,Ujjani Dam Rain Gauge,Maharashtra SW,27,Maharashtra,496,Solapur,-,-,-,-,-,-,-,-,-,18.07402000,75.12002000,19-01-2024 03:00,0,0,0,0,0,0,0,0,0,0,0,0,0,0,0,0,0,0,0,0,0,0,0,0,0,0,0,0,0,0,0,0,0,0,0,0,0,0,0,0,0,0,0,0,"","","","","",""
1488,Ujjani Dam Rain Gauge,Maharashtra SW,27,Maharashtra,496,Solapur,-,-,-,-,-,-,-,-,-,18.07402000,75.12002000,19-01-2024 04:00,0,0,0,0,0,0,0,0,0,0,0,0,0,0,0,0,0,0,0,0,0,0,0,0,0,0,0,0,0,0,0,0,0,0,0,0,0,0,0,0,0,0,0,0,"","","","","",""
1489,Ujjani Dam Rain Gauge,Maharashtra SW,27,Maharashtra,496,Solapur,-,-,-,-,-,-,-,-,-,18.07402000,75.12002000,19-01-2024 06:00,0,0,0,0,0,0,0,0,0,0,0,0,0,0,0,0,0,0,0,0,0,0,0,0,0,0,0,0,0,0,0,0,0,0,0,0,0,0,0,0,0,0,0,0,"","","","","",""
1490,Ujjani Dam Rain Gauge,Maharashtra SW,27,Maharashtra,496,Solapur,-,-,-,-,-,-,-,-,-,18.07402000,75.12002000,19-01-2024 07:00,0,0,0,0,0,0,0,0,0,0,0,0,0,0,0,0,0,0,0,0,0,0,0,0,0,0,0,0,0,0,0,0,0,0,0,0,0,0,0,0,0,0,0,0,"","","","","",""
1491,Ujjani Dam Rain Gauge,Maharashtra SW,27,Maharashtra,496,Solapur,-,-,-,-,-,-,-,-,-,18.07402000,75.12002000,19-01-2024 08:00,0,0,0,0,0,0,0,0,0,0,0,0,0,0,0,0,0,0,0,0,0,0,0,0,0,0,0,0,0,0,0,0,0,0,0,0,0,0,0,0,0,0,0,0,"","","","","",""
1492,Ujjani Dam Rain Gauge,Maharashtra SW,27,Maharashtra,496,Solapur,-,-,-,-,-,-,-,-,-,18.07402000,75.12002000,19-01-2024 09:00,0,0,0,0,0,0,0,0,0,0,0,0,0,0,0,0,0,0,0,0,0,0,0,0,0,0,0,0,0,0,0,0,0,0,0,0,0,0,0,0,0,0,0,0,"","","","","",""
1493,Ujjani Dam Rain Gauge,Maharashtra SW,27,Maharashtra,496,Solapur,-,-,-,-,-,-,-,-,-,18.07402000,75.12002000,19-01-2024 10:00,0,0,0,0,0,0,0,0,0,0,0,0,0,0,0,0,0,0,0,0,0,0,0,0,0,0,0,0,0,0,0,0,0,0,0,0,0,0,0,0,0,0,0,0,"","","","","",""
1494,Ujjani Dam Rain Gauge,Maharashtra SW,27,Maharashtra,496,Solapur,-,-,-,-,-,-,-,-,-,18.07402000,75.12002000,19-01-2024 11:00,0,0,0,0,0,0,0,0,0,0,0,0,0,0,0,0,0,0,0,0,0,0,0,0,0,0,0,0,0,0,0,0,0,0,0,0,0,0,0,0,0,0,0,0,"","","","","",""
1495,Ujjani Dam Rain Gauge,Maharashtra SW,27,Maharashtra,496,Solapur,-,-,-,-,-,-,-,-,-,18.07402000,75.12002000,19-01-2024 12:00,0,0,0,0,0,0,0,0,0,0,0,0,0,0,0,0,0,0,0,0,0,0,0,0,0,0,0,0,0,0,0,0,0,0,0,0,0,0,0,0,0,0,0,0,"","","","","",""
1496,Ujjani Dam Rain Gauge,Maharashtra SW,27,Maharashtra,496,Solapur,-,-,-,-,-,-,-,-,-,18.07402000,75.12002000,19-01-2024 14:00,0,0,0,0,0,0,0,0,0,0,0,0,0,0,0,0,0,0,0,0,0,0,0,0,0,0,0,0,0,0,0,0,0,0,0,0,0,0,0,0,0,0,0,0,"","","","","",""
1497,Ujjani Dam Rain Gauge,Maharashtra SW,27,Maharashtra,496,Solapur,-,-,-,-,-,-,-,-,-,18.07402000,75.12002000,19-01-2024 15:00,0,0,0,0,0,0,0,0,0,0,0,0,0,0,0,0,0,0,0,0,0,0,0,0,0,0,0,0,0,0,0,0,0,0,0,0,0,0,0,0,0,0,0,0,"","","","","",""
1498,Ujjani Dam Rain Gauge,Maharashtra SW,27,Maharashtra,496,Solapur,-,-,-,-,-,-,-,-,-,18.07402000,75.12002000,19-01-2024 16:00,0,0,0,0,0,0,0,0,0,0,0,0,0,0,0,0,0,0,0,0,0,0,0,0,0,0,0,0,0,0,0,0,0,0,0,0,0,0,0,0,0,0,0,0,"","","","","",""
1499,Ujjani Dam Rain Gauge,Maharashtra SW,27,Maharashtra,496,Solapur,-,-,-,-,-,-,-,-,-,18.07402000,75.12002000,19-01-2024 17:00,0,0,0,0,0,0,0,0,0,0,0,0,0,0,0,0,0,0,0,0,0,0,0,0,0,0,0,0,0,0,0,0,0,0,0,0,0,0,0,0,0,0,0,0,"","","","","",""
1500,Ujjani Dam Rain Gauge,Maharashtra SW,27,Maharashtra,496,Solapur,-,-,-,-,-,-,-,-,-,18.07402000,75.12002000,19-01-2024 18:00,0,0,0,0,0,0,0,0,0,0,0,0,0,0,0,0,0,0,0,0,0,0,0,0,0,0,0,0,0,0,0,0,0,0,0,0,0,0,0,0,0,0,0,0,"","","","","",""
1501,Ujjani Dam Rain Gauge,Maharashtra SW,27,Maharashtra,496,Solapur,-,-,-,-,-,-,-,-,-,18.07402000,75.12002000,19-01-2024 19:00,0,0,0,0,0,0,0,0,0,0,0,0,0,0,0,0,0,0,0,0,0,0,0,0,0,0,0,0,0,0,0,0,0,0,0,0,0,0,0,0,0,0,0,0,"","","","","",""
1502,Ujjani Dam Rain Gauge,Maharashtra SW,27,Maharashtra,496,Solapur,-,-,-,-,-,-,-,-,-,18.07402000,75.12002000,19-01-2024 20:00,0,0,0,0,0,0,0,0,0,0,0,0,0,0,0,0,0,0,0,0,0,0,0,0,0,0,0,0,0,0,0,0,0,0,0,0,0,0,0,0,0,0,0,0,"","","","","",""
1503,Ujjani Dam Rain Gauge,Maharashtra SW,27,Maharashtra,496,Solapur,-,-,-,-,-,-,-,-,-,18.07402000,75.12002000,19-01-2024 22:00,0,0,0,0,0,0,0,0,0,0,0,0,0,0,0,0,0,0,0,0,0,0,0,0,0,0,0,0,0,0,0,0,0,0,0,0,0,0,0,0,0,0,0,0,"","","","","",""
1504,Ujjani Dam Rain Gauge,Maharashtra SW,27,Maharashtra,496,Solapur,-,-,-,-,-,-,-,-,-,18.07402000,75.12002000,19-01-2024 23:00,0,0,0,0,0,0,0,0,0,0,0,0,0,0,0,0,0,0,0,0,0,0,0,0,0,0,0,0,0,0,0,0,0,0,0,0,0,0,0,0,0,0,0,0,"","","","","",""
1505,Ujjani Dam Rain Gauge,Maharashtra SW,27,Maharashtra,496,Solapur,-,-,-,-,-,-,-,-,-,18.07402000,75.12002000,20-01-2024 00:00,0,0,0,0,0,0,0,0,0,0,0,0,0,0,0,0,0,0,0,0,0,0,0,0,0,0,0,0,0,0,0,0,0,0,0,0,0,0,0,0,0,0,0,0,"","","","","",""
1506,Ujjani Dam Rain Gauge,Maharashtra SW,27,Maharashtra,496,Solapur,-,-,-,-,-,-,-,-,-,18.07402000,75.12002000,20-01-2024 01:00,0,0,0,0,0,0,0,0,0,0,0,0,0,0,0,0,0,0,0,0,0,0,0,0,0,0,0,0,0,0,0,0,0,0,0,0,0,0,0,0,0,0,0,0,"","","","","",""
1507,Ujjani Dam Rain Gauge,Maharashtra SW,27,Maharashtra,496,Solapur,-,-,-,-,-,-,-,-,-,18.07402000,75.12002000,20-01-2024 02:00,0,0,0,0,0,0,0,0,0,0,0,0,0,0,0,0,0,0,0,0,0,0,0,0,0,0,0,0,0,0,0,0,0,0,0,0,0,0,0,0,0,0,0,0,"","","","","",""
1508,Ujjani Dam Rain Gauge,Maharashtra SW,27,Maharashtra,496,Solapur,-,-,-,-,-,-,-,-,-,18.07402000,75.12002000,20-01-2024 03:00,0,0,0,0,0,0,0,0,0,0,0,0,0,0,0,0,0,0,0,0,0,0,0,0,0,0,0,0,0,0,0,0,0,0,0,0,0,0,0,0,0,0,0,0,"","","","","",""
1509,Ujjani Dam Rain Gauge,Maharashtra SW,27,Maharashtra,496,Solapur,-,-,-,-,-,-,-,-,-,18.07402000,75.12002000,20-01-2024 04:00,0,0,0,0,0,0,0,0,0,0,0,0,0,0,0,0,0,0,0,0,0,0,0,0,0,0,0,0,0,0,0,0,0,0,0,0,0,0,0,0,0,0,0,0,"","","","","",""
1510,Ujjani Dam Rain Gauge,Maharashtra SW,27,Maharashtra,496,Solapur,-,-,-,-,-,-,-,-,-,18.07402000,75.12002000,20-01-2024 06:00,0,0,0,0,0,0,0,0,0,0,0,0,0,0,0,0,0,0,0,0,0,0,0,0,0,0,0,0,0,0,0,0,0,0,0,0,0,0,0,0,0,0,0,0,"","","","","",""
1511,Ujjani Dam Rain Gauge,Maharashtra SW,27,Maharashtra,496,Solapur,-,-,-,-,-,-,-,-,-,18.07402000,75.12002000,20-01-2024 07:00,0,0,0,0,0,0,0,0,0,0,0,0,0,0,0,0,0,0,0,0,0,0,0,0,0,0,0,0,0,0,0,0,0,0,0,0,0,0,0,0,0,0,0,0,"","","","","",""
1512,Ujjani Dam Rain Gauge,Maharashtra SW,27,Maharashtra,496,Solapur,-,-,-,-,-,-,-,-,-,18.07402000,75.12002000,20-01-2024 08:00,0,0,0,0,0,0,0,0,0,0,0,0,0,0,0,0,0,0,0,0,0,0,0,0,0,0,0,0,0,0,0,0,0,0,0,0,0,0,0,0,0,0,0,0,"","","","","",""
1513,Ujjani Dam Rain Gauge,Maharashtra SW,27,Maharashtra,496,Solapur,-,-,-,-,-,-,-,-,-,18.07402000,75.12002000,20-01-2024 09:00,0,0,0,0,0,0,0,0,0,0,0,0,0,0,0,0,0,0,0,0,0,0,0,0,0,0,0,0,0,0,0,0,0,0,0,0,0,0,0,0,0,0,0,0,"","","","","",""
1514,Ujjani Dam Rain Gauge,Maharashtra SW,27,Maharashtra,496,Solapur,-,-,-,-,-,-,-,-,-,18.07402000,75.12002000,20-01-2024 10:00,0,0,0,0,0,0,0,0,0,0,0,0,0,0,0,0,0,0,0,0,0,0,0,0,0,0,0,0,0,0,0,0,0,0,0,0,0,0,0,0,0,0,0,0,"","","","","",""
1515,Ujjani Dam Rain Gauge,Maharashtra SW,27,Maharashtra,496,Solapur,-,-,-,-,-,-,-,-,-,18.07402000,75.12002000,20-01-2024 11:00,0,0,0,0,0,0,0,0,0,0,0,0,0,0,0,0,0,0,0,0,0,0,0,0,0,0,0,0,0,0,0,0,0,0,0,0,0,0,0,0,0,0,0,0,"","","","","",""
1516,Ujjani Dam Rain Gauge,Maharashtra SW,27,Maharashtra,496,Solapur,-,-,-,-,-,-,-,-,-,18.07402000,75.12002000,20-01-2024 12:00,0,0,0,0,0,0,0,0,0,0,0,0,0,0,0,0,0,0,0,0,0,0,0,0,0,0,0,0,0,0,0,0,0,0,0,0,0,0,0,0,0,0,0,0,"","","","","",""
1517,Ujjani Dam Rain Gauge,Maharashtra SW,27,Maharashtra,496,Solapur,-,-,-,-,-,-,-,-,-,18.07402000,75.12002000,20-01-2024 14:00,0,0,0,0,0,0,0,0,0,0,0,0,0,0,0,0,0,0,0,0,0,0,0,0,0,0,0,0,0,0,0,0,0,0,0,0,0,0,0,0,0,0,0,0,"","","","","",""
1518,Ujjani Dam Rain Gauge,Maharashtra SW,27,Maharashtra,496,Solapur,-,-,-,-,-,-,-,-,-,18.07402000,75.12002000,20-01-2024 15:00,0,0,0,0,0,0,0,0,0,0,0,0,0,0,0,0,0,0,0,0,0,0,0,0,0,0,0,0,0,0,0,0,0,0,0,0,0,0,0,0,0,0,0,0,"","","","","",""
1519,Ujjani Dam Rain Gauge,Maharashtra SW,27,Maharashtra,496,Solapur,-,-,-,-,-,-,-,-,-,18.07402000,75.12002000,20-01-2024 16:00,0,0,0,0,0,0,0,0,0,0,0,0,0,0,0,0,0,0,0,0,0,0,0,0,0,0,0,0,0,0,0,0,0,0,0,0,0,0,0,0,0,0,0,0,"","","","","",""
1520,Ujjani Dam Rain Gauge,Maharashtra SW,27,Maharashtra,496,Solapur,-,-,-,-,-,-,-,-,-,18.07402000,75.12002000,20-01-2024 18:00,0,0,0,0,0,0,0,0,0,0,0,0,0,0,0,0,0,0,0,0,0,0,0,0,0,0,0,0,0,0,0,0,0,0,0,0,0,0,0,0,0,0,0,0,"","","","","",""
1521,Ujjani Dam Rain Gauge,Maharashtra SW,27,Maharashtra,496,Solapur,-,-,-,-,-,-,-,-,-,18.07402000,75.12002000,20-01-2024 19:00,0,0,0,0,0,0,0,0,0,0,0,0,0,0,0,0,0,0,0,0,0,0,0,0,0,0,0,0,0,0,0,0,0,0,0,0,0,0,0,0,0,0,0,0,"","","","","",""
1522,Ujjani Dam Rain Gauge,Maharashtra SW,27,Maharashtra,496,Solapur,-,-,-,-,-,-,-,-,-,18.07402000,75.12002000,20-01-2024 21:00,0,0,0,0,0,0,0,0,0,0,0,0,0,0,0,0,0,0,0,0,0,0,0,0,0,0,0,0,0,0,0,0,0,0,0,0,0,0,0,0,0,0,0,0,"","","","","",""
1523,Ujjani Dam Rain Gauge,Maharashtra SW,27,Maharashtra,496,Solapur,-,-,-,-,-,-,-,-,-,18.07402000,75.12002000,20-01-2024 22:00,0,0,0,0,0,0,0,0,0,0,0,0,0,0,0,0,0,0,0,0,0,0,0,0,0,0,0,0,0,0,0,0,0,0,0,0,0,0,0,0,0,0,0,0,"","","","","",""
1524,Ujjani Dam Rain Gauge,Maharashtra SW,27,Maharashtra,496,Solapur,-,-,-,-,-,-,-,-,-,18.07402000,75.12002000,20-01-2024 23:00,0,0,0,0,0,0,0,0,0,0,0,0,0,0,0,0,0,0,0,0,0,0,0,0,0,0,0,0,0,0,0,0,0,0,0,0,0,0,0,0,0,0,0,0,"","","","","",""
1525,Ujjani Dam Rain Gauge,Maharashtra SW,27,Maharashtra,496,Solapur,-,-,-,-,-,-,-,-,-,18.07402000,75.12002000,21-01-2024 00:00,0,0,0,0,0,0,0,0,0,0,0,0,0,0,0,0,0,0,0,0,0,0,0,0,0,0,0,0,0,0,0,0,0,0,0,0,0,0,0,0,0,0,0,0,"","","","","",""
1526,Ujjani Dam Rain Gauge,Maharashtra SW,27,Maharashtra,496,Solapur,-,-,-,-,-,-,-,-,-,18.07402000,75.12002000,21-01-2024 01:00,0,0,0,0,0,0,0,0,0,0,0,0,0,0,0,0,0,0,0,0,0,0,0,0,0,0,0,0,0,0,0,0,0,0,0,0,0,0,0,0,0,0,0,0,"","","","","",""
1527,Ujjani Dam Rain Gauge,Maharashtra SW,27,Maharashtra,496,Solapur,-,-,-,-,-,-,-,-,-,18.07402000,75.12002000,21-01-2024 02:00,0,0,0,0,0,0,0,0,0,0,0,0,0,0,0,0,0,0,0,0,0,0,0,0,0,0,0,0,0,0,0,0,0,0,0,0,0,0,0,0,0,0,0,0,"","","","","",""
1528,Ujjani Dam Rain Gauge,Maharashtra SW,27,Maharashtra,496,Solapur,-,-,-,-,-,-,-,-,-,18.07402000,75.12002000,21-01-2024 03:00,0,0,0,0,0,0,0,0,0,0,0,0,0,0,0,0,0,0,0,0,0,0,0,0,0,0,0,0,0,0,0,0,0,0,0,0,0,0,0,0,0,0,0,0,"","","","","",""
1529,Ujjani Dam Rain Gauge,Maharashtra SW,27,Maharashtra,496,Solapur,-,-,-,-,-,-,-,-,-,18.07402000,75.12002000,21-01-2024 05:00,0,0,0,0,0,0,0,0,0,0,0,0,0,0,0,0,0,0,0,0,0,0,0,0,0,0,0,0,0,0,0,0,0,0,0,0,0,0,0,0,0,0,0,0,"","","","","",""
1530,Ujjani Dam Rain Gauge,Maharashtra SW,27,Maharashtra,496,Solapur,-,-,-,-,-,-,-,-,-,18.07402000,75.12002000,21-01-2024 06:00,0,0,0,0,0,0,0,0,0,0,0,0,0,0,0,0,0,0,0,0,0,0,0,0,0,0,0,0,0,0,0,0,0,0,0,0,0,0,0,0,0,0,0,0,"","","","","",""
1531,Ujjani Dam Rain Gauge,Maharashtra SW,27,Maharashtra,496,Solapur,-,-,-,-,-,-,-,-,-,18.07402000,75.12002000,21-01-2024 07:00,0,0,0,0,0,0,0,0,0,0,0,0,0,0,0,0,0,0,0,0,0,0,0,0,0,0,0,0,0,0,0,0,0,0,0,0,0,0,0,0,0,0,0,0,"","","","","",""
1532,Ujjani Dam Rain Gauge,Maharashtra SW,27,Maharashtra,496,Solapur,-,-,-,-,-,-,-,-,-,18.07402000,75.12002000,21-01-2024 08:00,0,0,0,0,0,0,0,0,0,0,0,0,0,0,0,0,0,0,0,0,0,0,0,0,0,0,0,0,0,0,0,0,0,0,0,0,0,0,0,0,0,0,0,0,"","","","","",""
1533,Ujjani Dam Rain Gauge,Maharashtra SW,27,Maharashtra,496,Solapur,-,-,-,-,-,-,-,-,-,18.07402000,75.12002000,21-01-2024 09:00,0,0,0,0,0,0,0,0,0,0,0,0,0,0,0,0,0,0,0,0,0,0,0,0,0,0,0,0,0,0,0,0,0,0,0,0,0,0,0,0,0,0,0,0,"","","","","",""
1534,Ujjani Dam Rain Gauge,Maharashtra SW,27,Maharashtra,496,Solapur,-,-,-,-,-,-,-,-,-,18.07402000,75.12002000,21-01-2024 10:00,0,0,0,0,0,0,0,0,0,0,0,0,0,0,0,0,0,0,0,0,0,0,0,0,0,0,0,0,0,0,0,0,0,0,0,0,0,0,0,0,0,0,0,0,"","","","","",""
1535,Ujjani Dam Rain Gauge,Maharashtra SW,27,Maharashtra,496,Solapur,-,-,-,-,-,-,-,-,-,18.07402000,75.12002000,21-01-2024 11:00,0,0,0,0,0,0,0,0,0,0,0,0,0,0,0,0,0,0,0,0,0,0,0,0,0,0,0,0,0,0,0,0,0,0,0,0,0,0,0,0,0,0,0,0,"","","","","",""
1536,Ujjani Dam Rain Gauge,Maharashtra SW,27,Maharashtra,496,Solapur,-,-,-,-,-,-,-,-,-,18.07402000,75.12002000,21-01-2024 13:00,0,0,0,0,0,0,0,0,0,0,0,0,0,0,0,0,0,0,0,0,0,0,0,0,0,0,0,0,0,0,0,0,0,0,0,0,0,0,0,0,0,0,0,0,"","","","","",""
1537,Ujjani Dam Rain Gauge,Maharashtra SW,27,Maharashtra,496,Solapur,-,-,-,-,-,-,-,-,-,18.07402000,75.12002000,21-01-2024 14:00,0,0,0,0,0,0,0,0,0,0,0,0,0,0,0,0,0,0,0,0,0,0,0,0,0,0,0,0,0,0,0,0,0,0,0,0,0,0,0,0,0,0,0,0,"","","","","",""
1538,Ujjani Dam Rain Gauge,Maharashtra SW,27,Maharashtra,496,Solapur,-,-,-,-,-,-,-,-,-,18.07402000,75.12002000,21-01-2024 16:00,0,0,0,0,0,0,0,0,0,0,0,0,0,0,0,0,0,0,0,0,0,0,0,0,0,0,0,0,0,0,0,0,0,0,0,0,0,0,0,0,0,0,0,0,"","","","","",""
1539,Ujjani Dam Rain Gauge,Maharashtra SW,27,Maharashtra,496,Solapur,-,-,-,-,-,-,-,-,-,18.07402000,75.12002000,21-01-2024 17:00,0,0,0,0,0,0,0,0,0,0,0,0,0,0,0,0,0,0,0,0,0,0,0,0,0,0,0,0,0,0,0,0,0,0,0,0,0,0,0,0,0,0,0,0,"","","","","",""
1540,Ujjani Dam Rain Gauge,Maharashtra SW,27,Maharashtra,496,Solapur,-,-,-,-,-,-,-,-,-,18.07402000,75.12002000,21-01-2024 18:00,0,0,0,0,0,0,0,0,0,0,0,0,0,0,0,0,0,0,0,0,0,0,0,0,0,0,0,0,0,0,0,0,0,0,0,0,0,0,0,0,0,0,0,0,"","","","","",""
1541,Ujjani Dam Rain Gauge,Maharashtra SW,27,Maharashtra,496,Solapur,-,-,-,-,-,-,-,-,-,18.07402000,75.12002000,21-01-2024 19:00,0,0,0,0,0,0,0,0,0,0,0,0,0,0,0,0,0,0,0,0,0,0,0,0,0,0,0,0,0,0,0,0,0,0,0,0,0,0,0,0,0,0,0,0,"","","","","",""
1542,Ujjani Dam Rain Gauge,Maharashtra SW,27,Maharashtra,496,Solapur,-,-,-,-,-,-,-,-,-,18.07402000,75.12002000,21-01-2024 21:00,0,0,0,0,0,0,0,0,0,0,0,0,0,0,0,0,0,0,0,0,0,0,0,0,0,0,0,0,0,0,0,0,0,0,0,0,0,0,0,0,0,0,0,0,"","","","","",""
1543,Ujjani Dam Rain Gauge,Maharashtra SW,27,Maharashtra,496,Solapur,-,-,-,-,-,-,-,-,-,18.07402000,75.12002000,21-01-2024 22:00,0,0,0,0,0,0,0,0,0,0,0,0,0,0,0,0,0,0,0,0,0,0,0,0,0,0,0,0,0,0,0,0,0,0,0,0,0,0,0,0,0,0,0,0,"","","","","",""
1544,Ujjani Dam Rain Gauge,Maharashtra SW,27,Maharashtra,496,Solapur,-,-,-,-,-,-,-,-,-,18.07402000,75.12002000,21-01-2024 23:00,0,0,0,0,0,0,0,0,0,0,0,0,0,0,0,0,0,0,0,0,0,0,0,0,0,0,0,0,0,0,0,0,0,0,0,0,0,0,0,0,0,0,0,0,"","","","","",""
1545,Ujjani Dam Rain Gauge,Maharashtra SW,27,Maharashtra,496,Solapur,-,-,-,-,-,-,-,-,-,18.07402000,75.12002000,22-01-2024 00:00,0,0,0,0,0,0,0,0,0,0,0,0,0,0,0,0,0,0,0,0,0,0,0,0,0,0,0,0,0,0,0,0,0,0,0,0,0,0,0,0,0,0,0,0,"","","","","",""
1546,Ujjani Dam Rain Gauge,Maharashtra SW,27,Maharashtra,496,Solapur,-,-,-,-,-,-,-,-,-,18.07402000,75.12002000,22-01-2024 01:00,0,0,0,0,0,0,0,0,0,0,0,0,0,0,0,0,0,0,0,0,0,0,0,0,0,0,0,0,0,0,0,0,0,0,0,0,0,0,0,0,0,0,0,0,"","","","","",""
1547,Ujjani Dam Rain Gauge,Maharashtra SW,27,Maharashtra,496,Solapur,-,-,-,-,-,-,-,-,-,18.07402000,75.12002000,22-01-2024 02:00,0,0,0,0,0,0,0,0,0,0,0,0,0,0,0,0,0,0,0,0,0,0,0,0,0,0,0,0,0,0,0,0,0,0,0,0,0,0,0,0,0,0,0,0,"","","","","",""
1548,Ujjani Dam Rain Gauge,Maharashtra SW,27,Maharashtra,496,Solapur,-,-,-,-,-,-,-,-,-,18.07402000,75.12002000,22-01-2024 03:00,0,0,0,0,0,0,0,0,0,0,0,0,0,0,0,0,0,0,0,0,0,0,0,0,0,0,0,0,0,0,0,0,0,0,0,0,0,0,0,0,0,0,0,0,"","","","","",""
1549,Ujjani Dam Rain Gauge,Maharashtra SW,27,Maharashtra,496,Solapur,-,-,-,-,-,-,-,-,-,18.07402000,75.12002000,22-01-2024 05:00,0,0,0,0,0,0,0,0,0,0,0,0,0,0,0,0,0,0,0,0,0,0,0,0,0,0,0,0,0,0,0,0,0,0,0,0,0,0,0,0,0,0,0,0,"","","","","",""
1550,Ujjani Dam Rain Gauge,Maharashtra SW,27,Maharashtra,496,Solapur,-,-,-,-,-,-,-,-,-,18.07402000,75.12002000,22-01-2024 06:00,0,0,0,0,0,0,0,0,0,0,0,0,0,0,0,0,0,0,0,0,0,0,0,0,0,0,0,0,0,0,0,0,0,0,0,0,0,0,0,0,0,0,0,0,"","","","","",""
1551,Ujjani Dam Rain Gauge,Maharashtra SW,27,Maharashtra,496,Solapur,-,-,-,-,-,-,-,-,-,18.07402000,75.12002000,22-01-2024 07:00,0,0,0,0,0,0,0,0,0,0,0,0,0,0,0,0,0,0,0,0,0,0,0,0,0,0,0,0,0,0,0,0,0,0,0,0,0,0,0,0,0,0,0,0,"","","","","",""
1552,Ujjani Dam Rain Gauge,Maharashtra SW,27,Maharashtra,496,Solapur,-,-,-,-,-,-,-,-,-,18.07402000,75.12002000,22-01-2024 08:00,0,0,0,0,0,0,0,0,0,0,0,0,0,0,0,0,0,0,0,0,0,0,0,0,0,0,0,0,0,0,0,0,0,0,0,0,0,0,0,0,0,0,0,0,"","","","","",""
1553,Ujjani Dam Rain Gauge,Maharashtra SW,27,Maharashtra,496,Solapur,-,-,-,-,-,-,-,-,-,18.07402000,75.12002000,22-01-2024 10:00,0,0,0,0,0,0,0,0,0,0,0,0,0,0,0,0,0,0,0,0,0,0,0,0,0,0,0,0,0,0,0,0,0,0,0,0,0,0,0,0,0,0,0,0,"","","","","",""
1554,Ujjani Dam Rain Gauge,Maharashtra SW,27,Maharashtra,496,Solapur,-,-,-,-,-,-,-,-,-,18.07402000,75.12002000,22-01-2024 11:00,0,0,0,0,0,0,0,0,0,0,0,0,0,0,0,0,0,0,0,0,0,0,0,0,0,0,0,0,0,0,0,0,0,0,0,0,0,0,0,0,0,0,0,0,"","","","","",""
1555,Ujjani Dam Rain Gauge,Maharashtra SW,27,Maharashtra,496,Solapur,-,-,-,-,-,-,-,-,-,18.07402000,75.12002000,22-01-2024 13:00,0,0,0,0,0,0,0,0,0,0,0,0,0,0,0,0,0,0,0,0,0,0,0,0,0,0,0,0,0,0,0,0,0,0,0,0,0,0,0,0,0,0,0,0,"","","","","",""
1556,Ujjani Dam Rain Gauge,Maharashtra SW,27,Maharashtra,496,Solapur,-,-,-,-,-,-,-,-,-,18.07402000,75.12002000,22-01-2024 14:00,0,0,0,0,0,0,0,0,0,0,0,0,0,0,0,0,0,0,0,0,0,0,0,0,0,0,0,0,0,0,0,0,0,0,0,0,0,0,0,0,0,0,0,0,"","","","","",""
1557,Ujjani Dam Rain Gauge,Maharashtra SW,27,Maharashtra,496,Solapur,-,-,-,-,-,-,-,-,-,18.07402000,75.12002000,22-01-2024 16:00,0,0,0,0,0,0,0,0,0,0,0,0,0,0,0,0,0,0,0,0,0,0,0,0,0,0,0,0,0,0,0,0,0,0,0,0,0,0,0,0,0,0,0,0,"","","","","",""
1558,Ujjani Dam Rain Gauge,Maharashtra SW,27,Maharashtra,496,Solapur,-,-,-,-,-,-,-,-,-,18.07402000,75.12002000,22-01-2024 17:00,0,0,0,0,0,0,0,0,0,0,0,0,0,0,0,0,0,0,0,0,0,0,0,0,0,0,0,0,0,0,0,0,0,0,0,0,0,0,0,0,0,0,0,0,"","","","","",""
1559,Ujjani Dam Rain Gauge,Maharashtra SW,27,Maharashtra,496,Solapur,-,-,-,-,-,-,-,-,-,18.07402000,75.12002000,22-01-2024 19:00,0,0,0,0,0,0,0,0,0,0,0,0,0,0,0,0,0,0,0,0,0,0,0,0,0,0,0,0,0,0,0,0,0,0,0,0,0,0,0,0,0,0,0,0,"","","","","",""
1560,Ujjani Dam Rain Gauge,Maharashtra SW,27,Maharashtra,496,Solapur,-,-,-,-,-,-,-,-,-,18.07402000,75.12002000,22-01-2024 20:00,0,0,0,0,0,0,0,0,0,0,0,0,0,0,0,0,0,0,0,0,0,0,0,0,0,0,0,0,0,0,0,0,0,0,0,0,0,0,0,0,0,0,0,0,"","","","","",""
1561,Ujjani Dam Rain Gauge,Maharashtra SW,27,Maharashtra,496,Solapur,-,-,-,-,-,-,-,-,-,18.07402000,75.12002000,22-01-2024 21:00,0,0,0,0,0,0,0,0,0,0,0,0,0,0,0,0,0,0,0,0,0,0,0,0,0,0,0,0,0,0,0,0,0,0,0,0,0,0,0,0,0,0,0,0,"","","","","",""
1562,Ujjani Dam Rain Gauge,Maharashtra SW,27,Maharashtra,496,Solapur,-,-,-,-,-,-,-,-,-,18.07402000,75.12002000,22-01-2024 23:00,0,0,0,0,0,0,0,0,0,0,0,0,0,0,0,0,0,0,0,0,0,0,0,0,0,0,0,0,0,0,0,0,0,0,0,0,0,0,0,0,0,0,0,0,"","","","","",""
1563,Ujjani Dam Rain Gauge,Maharashtra SW,27,Maharashtra,496,Solapur,-,-,-,-,-,-,-,-,-,18.07402000,75.12002000,23-01-2024 00:00,0,0,0,0,0,0,0,0,0,0,0,0,0,0,0,0,0,0,0,0,0,0,0,0,0,0,0,0,0,0,0,0,0,0,0,0,0,0,0,0,0,0,0,0,"","","","","",""
1564,Ujjani Dam Rain Gauge,Maharashtra SW,27,Maharashtra,496,Solapur,-,-,-,-,-,-,-,-,-,18.07402000,75.12002000,23-01-2024 02:00,0,0,0,0,0,0,0,0,0,0,0,0,0,0,0,0,0,0,0,0,0,0,0,0,0,0,0,0,0,0,0,0,0,0,0,0,0,0,0,0,0,0,0,0,"","","","","",""
1565,Ujjani Dam Rain Gauge,Maharashtra SW,27,Maharashtra,496,Solapur,-,-,-,-,-,-,-,-,-,18.07402000,75.12002000,23-01-2024 03:00,0,0,0,0,0,0,0,0,0,0,0,0,0,0,0,0,0,0,0,0,0,0,0,0,0,0,0,0,0,0,0,0,0,0,0,0,0,0,0,0,0,0,0,0,"","","","","",""
1566,Ujjani Dam Rain Gauge,Maharashtra SW,27,Maharashtra,496,Solapur,-,-,-,-,-,-,-,-,-,18.07402000,75.12002000,23-01-2024 05:00,0,0,0,0,0,0,0,0,0,0,0,0,0,0,0,0,0,0,0,0,0,0,0,0,0,0,0,0,0,0,0,0,0,0,0,0,0,0,0,0,0,0,0,0,"","","","","",""
1567,Ujjani Dam Rain Gauge,Maharashtra SW,27,Maharashtra,496,Solapur,-,-,-,-,-,-,-,-,-,18.07402000,75.12002000,23-01-2024 06:00,0,0,0,0,0,0,0,0,0,0,0,0,0,0,0,0,0,0,0,0,0,0,0,0,0,0,0,0,0,0,0,0,0,0,0,0,0,0,0,0,0,0,0,0,"","","","","",""
1568,Ujjani Dam Rain Gauge,Maharashtra SW,27,Maharashtra,496,Solapur,-,-,-,-,-,-,-,-,-,18.07402000,75.12002000,23-01-2024 08:00,0,0,0,0,0,0,0,0,0,0,0,0,0,0,0,0,0,0,0,0,0,0,0,0,0,0,0,0,0,0,0,0,0,0,0,0,0,0,0,0,0,0,0,0,"","","","","",""
1569,Ujjani Dam Rain Gauge,Maharashtra SW,27,Maharashtra,496,Solapur,-,-,-,-,-,-,-,-,-,18.07402000,75.12002000,23-01-2024 09:00,0,0,0,0,0,0,0,0,0,0,0,0,0,0,0,0,0,0,0,0,0,0,0,0,0,0,0,0,0,0,0,0,0,0,0,0,0,0,0,0,0,0,0,0,"","","","","",""
1570,Ujjani Dam Rain Gauge,Maharashtra SW,27,Maharashtra,496,Solapur,-,-,-,-,-,-,-,-,-,18.07402000,75.12002000,23-01-2024 11:00,0,0,0,0,0,0,0,0,0,0,0,0,0,0,0,0,0,0,0,0,0,0,0,0,0,0,0,0,0,0,0,0,0,0,0,0,0,0,0,0,0,0,0,0,"","","","","",""
1571,Ujjani Dam Rain Gauge,Maharashtra SW,27,Maharashtra,496,Solapur,-,-,-,-,-,-,-,-,-,18.07402000,75.12002000,23-01-2024 12:00,0,0,0,0,0,0,0,0,0,0,0,0,0,0,0,0,0,0,0,0,0,0,0,0,0,0,0,0,0,0,0,0,0,0,0,0,0,0,0,0,0,0,0,0,"","","","","",""
1572,Ujjani Dam Rain Gauge,Maharashtra SW,27,Maharashtra,496,Solapur,-,-,-,-,-,-,-,-,-,18.07402000,75.12002000,23-01-2024 17:00,0,0,0,0,0,0,0,0,0,0,0,0,0,0,0,0,0,0,0,0,0,0,0,0,0,0,0,0,0,0,0,0,0,0,0,0,0,0,0,0,0,0,0,0,"","","","","",""
1573,Ujjani Dam Rain Gauge,Maharashtra SW,27,Maharashtra,496,Solapur,-,-,-,-,-,-,-,-,-,18.07402000,75.12002000,23-01-2024 18:00,0,0,0,0,0,0,0,0,0,0,0,0,0,0,0,0,0,0,0,0,0,0,0,0,0,0,0,0,0,0,0,0,0,0,0,0,0,0,0,0,0,0,0,0,"","","","","",""
1574,Ujjani Dam Rain Gauge,Maharashtra SW,27,Maharashtra,496,Solapur,-,-,-,-,-,-,-,-,-,18.07402000,75.12002000,23-01-2024 19:00,0,0,0,0,0,0,0,0,0,0,0,0,0,0,0,0,0,0,0,0,0,0,0,0,0,0,0,0,0,0,0,0,0,0,0,0,0,0,0,0,0,0,0,0,"","","","","",""
1575,Ujjani Dam Rain Gauge,Maharashtra SW,27,Maharashtra,496,Solapur,-,-,-,-,-,-,-,-,-,18.07402000,75.12002000,23-01-2024 21:00,0,0,0,0,0,0,0,0,0,0,0,0,0,0,0,0,0,0,0,0,0,0,0,0,0,0,0,0,0,0,0,0,0,0,0,0,0,0,0,0,0,0,0,0,"","","","","",""
1576,Ujjani Dam Rain Gauge,Maharashtra SW,27,Maharashtra,496,Solapur,-,-,-,-,-,-,-,-,-,18.07402000,75.12002000,23-01-2024 22:00,0,0,0,0,0,0,0,0,0,0,0,0,0,0,0,0,0,0,0,0,0,0,0,0,0,0,0,0,0,0,0,0,0,0,0,0,0,0,0,0,0,0,0,0,"","","","","",""
1577,Ujjani Dam Rain Gauge,Maharashtra SW,27,Maharashtra,496,Solapur,-,-,-,-,-,-,-,-,-,18.07402000,75.12002000,24-01-2024 00:00,0,0,0,0,0,0,0,0,0,0,0,0,0,0,0,0,0,0,0,0,0,0,0,0,0,0,0,0,0,0,0,0,0,0,0,0,0,0,0,0,0,0,0,0,"","","","","",""
1578,Ujjani Dam Rain Gauge,Maharashtra SW,27,Maharashtra,496,Solapur,-,-,-,-,-,-,-,-,-,18.07402000,75.12002000,24-01-2024 01:00,0,0,0,0,0,0,0,0,0,0,0,0,0,0,0,0,0,0,0,0,0,0,0,0,0,0,0,0,0,0,0,0,0,0,0,0,0,0,0,0,0,0,0,0,"","","","","",""
1579,Ujjani Dam Rain Gauge,Maharashtra SW,27,Maharashtra,496,Solapur,-,-,-,-,-,-,-,-,-,18.07402000,75.12002000,24-01-2024 03:00,0,0,0,0,0,0,0,0,0,0,0,0,0,0,0,0,0,0,0,0,0,0,0,0,0,0,0,0,0,0,0,0,0,0,0,0,0,0,0,0,0,0,0,0,"","","","","",""
1580,Ujjani Dam Rain Gauge,Maharashtra SW,27,Maharashtra,496,Solapur,-,-,-,-,-,-,-,-,-,18.07402000,75.12002000,24-01-2024 04:00,0,0,0,0,0,0,0,0,0,0,0,0,0,0,0,0,0,0,0,0,0,0,0,0,0,0,0,0,0,0,0,0,0,0,0,0,0,0,0,0,0,0,0,0,"","","","","",""
1581,Ujjani Dam Rain Gauge,Maharashtra SW,27,Maharashtra,496,Solapur,-,-,-,-,-,-,-,-,-,18.07402000,75.12002000,24-01-2024 06:00,0,0,0,0,0,0,0,0,0,0,0,0,0,0,0,0,0,0,0,0,0,0,0,0,0,0,0,0,0,0,0,0,0,0,0,0,0,0,0,0,0,0,0,0,"","","","","",""
1582,Ujjani Dam Rain Gauge,Maharashtra SW,27,Maharashtra,496,Solapur,-,-,-,-,-,-,-,-,-,18.07402000,75.12002000,24-01-2024 07:00,0,0,0,0,0,0,0,0,0,0,0,0,0,0,0,0,0,0,0,0,0,0,0,0,0,0,0,0,0,0,0,0,0,0,0,0,0,0,0,0,0,0,0,0,"","","","","",""
1583,Ujjani Dam Rain Gauge,Maharashtra SW,27,Maharashtra,496,Solapur,-,-,-,-,-,-,-,-,-,18.07402000,75.12002000,24-01-2024 09:00,0,0,0,0,0,0,0,0,0,0,0,0,0,0,0,0,0,0,0,0,0,0,0,0,0,0,0,0,0,0,0,0,0,0,0,0,0,0,0,0,0,0,0,0,"","","","","",""
1584,Ujjani Dam Rain Gauge,Maharashtra SW,27,Maharashtra,496,Solapur,-,-,-,-,-,-,-,-,-,18.07402000,75.12002000,24-01-2024 10:00,0,0,0,0,0,0,0,0,0,0,0,0,0,0,0,0,0,0,0,0,0,0,0,0,0,0,0,0,0,0,0,0,0,0,0,0,0,0,0,0,0,0,0,0,"","","","","",""
1585,Ujjani Dam Rain Gauge,Maharashtra SW,27,Maharashtra,496,Solapur,-,-,-,-,-,-,-,-,-,18.07402000,75.12002000,24-01-2024 12:00,0,0,0,0,0,0,0,0,0,0,0,0,0,0,0,0,0,0,0,0,0,0,0,0,0,0,0,0,0,0,0,0,0,0,0,0,0,0,0,0,0,0,0,0,"","","","","",""
1586,Ujjani Dam Rain Gauge,Maharashtra SW,27,Maharashtra,496,Solapur,-,-,-,-,-,-,-,-,-,18.07402000,75.12002000,24-01-2024 13:00,0,0,0,0,0,0,0,0,0,0,0,0,0,0,0,0,0,0,0,0,0,0,0,0,0,0,0,0,0,0,0,0,0,0,0,0,0,0,0,0,0,0,0,0,"","","","","",""
1587,Ujjani Dam Rain Gauge,Maharashtra SW,27,Maharashtra,496,Solapur,-,-,-,-,-,-,-,-,-,18.07402000,75.12002000,24-01-2024 15:00,0,0,0,0,0,0,0,0,0,0,0,0,0,0,0,0,0,0,0,0,0,0,0,0,0,0,0,0,0,0,0,0,0,0,0,0,0,0,0,0,0,0,0,0,"","","","","",""
1588,Ujjani Dam Rain Gauge,Maharashtra SW,27,Maharashtra,496,Solapur,-,-,-,-,-,-,-,-,-,18.07402000,75.12002000,24-01-2024 16:00,0,0,0,0,0,0,0,0,0,0,0,0,0,0,0,0,0,0,0,0,0,0,0,0,0,0,0,0,0,0,0,0,0,0,0,0,0,0,0,0,0,0,0,0,"","","","","",""
1589,Ujjani Dam Rain Gauge,Maharashtra SW,27,Maharashtra,496,Solapur,-,-,-,-,-,-,-,-,-,18.07402000,75.12002000,25-01-2024 00:00,0,0,0,0,0,0,0,0,0,0,0,0,0,0,0,0,0,0,0,0,0,0,0,0,0,0,0,0,0,0,0,0,0,0,0,0,0,0,0,0,0,0,0,0,"","","","","",""
1590,Ujjani Dam Rain Gauge,Maharashtra SW,27,Maharashtra,496,Solapur,-,-,-,-,-,-,-,-,-,18.07402000,75.12002000,25-01-2024 01:00,0,0,0,0,0,0,0,0,0,0,0,0,0,0,0,0,0,0,0,0,0,0,0,0,0,0,0,0,0,0,0,0,0,0,0,0,0,0,0,0,0,0,0,0,"","","","","",""
1591,Ujjani Dam Rain Gauge,Maharashtra SW,27,Maharashtra,496,Solapur,-,-,-,-,-,-,-,-,-,18.07402000,75.12002000,25-01-2024 02:00,0,0,0,0,0,0,0,0,0,0,0,0,0,0,0,0,0,0,0,0,0,0,0,0,0,0,0,0,0,0,0,0,0,0,0,0,0,0,0,0,0,0,0,0,"","","","","",""
1592,Ujjani Dam Rain Gauge,Maharashtra SW,27,Maharashtra,496,Solapur,-,-,-,-,-,-,-,-,-,18.07402000,75.12002000,25-01-2024 04:00,0,0,0,0,0,0,0,0,0,0,0,0,0,0,0,0,0,0,0,0,0,0,0,0,0,0,0,0,0,0,0,0,0,0,0,0,0,0,0,0,0,0,0,0,"","","","","",""
1593,Ujjani Dam Rain Gauge,Maharashtra SW,27,Maharashtra,496,Solapur,-,-,-,-,-,-,-,-,-,18.07402000,75.12002000,25-01-2024 05:00,0,0,0,0,0,0,0,0,0,0,0,0,0,0,0,0,0,0,0,0,0,0,0,0,0,0,0,0,0,0,0,0,0,0,0,0,0,0,0,0,0,0,0,0,"","","","","",""
1594,Ujjani Dam Rain Gauge,Maharashtra SW,27,Maharashtra,496,Solapur,-,-,-,-,-,-,-,-,-,18.07402000,75.12002000,25-01-2024 07:00,0,0,0,0,0,0,0,0,0,0,0,0,0,0,0,0,0,0,0,0,0,0,0,0,0,0,0,0,0,0,0,0,0,0,0,0,0,0,0,0,0,0,0,0,"","","","","",""
1595,Ujjani Dam Rain Gauge,Maharashtra SW,27,Maharashtra,496,Solapur,-,-,-,-,-,-,-,-,-,18.07402000,75.12002000,25-01-2024 08:00,0,0,0,0,0,0,0,0,0,0,0,0,0,0,0,0,0,0,0,0,0,0,0,0,0,0,0,0,0,0,0,0,0,0,0,0,0,0,0,0,0,0,0,0,"","","","","",""
1596,Ujjani Dam Rain Gauge,Maharashtra SW,27,Maharashtra,496,Solapur,-,-,-,-,-,-,-,-,-,18.07402000,75.12002000,25-01-2024 10:00,0,0,0,0,0,0,0,0,0,0,0,0,0,0,0,0,0,0,0,0,0,0,0,0,0,0,0,0,0,0,0,0,0,0,0,0,0,0,0,0,0,0,0,0,"","","","","",""
1597,Ujjani Dam Rain Gauge,Maharashtra SW,27,Maharashtra,496,Solapur,-,-,-,-,-,-,-,-,-,18.07402000,75.12002000,25-01-2024 11:00,0,0,0,0,0,0,0,0,0,0,0,0,0,0,0,0,0,0,0,0,0,0,0,0,0,0,0,0,0,0,0,0,0,0,0,0,0,0,0,0,0,0,0,0,"","","","","",""
1598,Ujjani Dam Rain Gauge,Maharashtra SW,27,Maharashtra,496,Solapur,-,-,-,-,-,-,-,-,-,18.07402000,75.12002000,25-01-2024 13:00,0,0,0,0,0,0,0,0,0,0,0,0,0,0,0,0,0,0,0,0,0,0,0,0,0,0,0,0,0,0,0,0,0,0,0,0,0,0,0,0,0,0,0,0,"","","","","",""
1599,Ujjani Dam Rain Gauge,Maharashtra SW,27,Maharashtra,496,Solapur,-,-,-,-,-,-,-,-,-,18.07402000,75.12002000,25-01-2024 14:00,0,0,0,0,0,0,0,0,0,0,0,0,0,0,0,0,0,0,0,0,0,0,0,0,0,0,0,0,0,0,0,0,0,0,0,0,0,0,0,0,0,0,0,0,"","","","","",""
1600,Ujjani Dam Rain Gauge,Maharashtra SW,27,Maharashtra,496,Solapur,-,-,-,-,-,-,-,-,-,18.07402000,75.12002000,25-01-2024 16:00,0,0,0,0,0,0,0,0,0,0,0,0,0,0,0,0,0,0,0,0,0,0,0,0,0,0,0,0,0,0,0,0,0,0,0,0,0,0,0,0,0,0,0,0,"","","","","",""
1601,Ujjani Dam Rain Gauge,Maharashtra SW,27,Maharashtra,496,Solapur,-,-,-,-,-,-,-,-,-,18.07402000,75.12002000,25-01-2024 17:00,0,0,0,0,0,0,0,0,0,0,0,0,0,0,0,0,0,0,0,0,0,0,0,0,0,0,0,0,0,0,0,0,0,0,0,0,0,0,0,0,0,0,0,0,"","","","","",""
1602,Ujjani Dam Rain Gauge,Maharashtra SW,27,Maharashtra,496,Solapur,-,-,-,-,-,-,-,-,-,18.07402000,75.12002000,25-01-2024 19:00,0,0,0,0,0,0,0,0,0,0,0,0,0,0,0,0,0,0,0,0,0,0,0,0,0,0,0,0,0,0,0,0,0,0,0,0,0,0,0,0,0,0,0,0,"","","","","",""
1603,Ujjani Dam Rain Gauge,Maharashtra SW,27,Maharashtra,496,Solapur,-,-,-,-,-,-,-,-,-,18.07402000,75.12002000,25-01-2024 20:00,0,0,0,0,0,0,0,0,0,0,0,0,0,0,0,0,0,0,0,0,0,0,0,0,0,0,0,0,0,0,0,0,0,0,0,0,0,0,0,0,0,0,0,0,"","","","","",""
1604,Ujjani Dam Rain Gauge,Maharashtra SW,27,Maharashtra,496,Solapur,-,-,-,-,-,-,-,-,-,18.07402000,75.12002000,25-01-2024 22:00,0,0,0,0,0,0,0,0,0,0,0,0,0,0,0,0,0,0,0,0,0,0,0,0,0,0,0,0,0,0,0,0,0,0,0,0,0,0,0,0,0,0,0,0,"","","","","",""
1605,Ujjani Dam Rain Gauge,Maharashtra SW,27,Maharashtra,496,Solapur,-,-,-,-,-,-,-,-,-,18.07402000,75.12002000,25-01-2024 23:00,0,0,0,0,0,0,0,0,0,0,0,0,0,0,0,0,0,0,0,0,0,0,0,0,0,0,0,0,0,0,0,0,0,0,0,0,0,0,0,0,0,0,0,0,"","","","","",""
1606,Ujjani Dam Rain Gauge,Maharashtra SW,27,Maharashtra,496,Solapur,-,-,-,-,-,-,-,-,-,18.07402000,75.12002000,26-01-2024 01:00,0,0,0,0,0,0,0,0,0,0,0,0,0,0,0,0,0,0,0,0,0,0,0,0,0,0,0,0,0,0,0,0,0,0,0,0,0,0,0,0,0,0,0,0,"","","","","",""
1607,Ujjani Dam Rain Gauge,Maharashtra SW,27,Maharashtra,496,Solapur,-,-,-,-,-,-,-,-,-,18.07402000,75.12002000,26-01-2024 02:00,0,0,0,0,0,0,0,0,0,0,0,0,0,0,0,0,0,0,0,0,0,0,0,0,0,0,0,0,0,0,0,0,0,0,0,0,0,0,0,0,0,0,0,0,"","","","","",""
1608,Ujjani Dam Rain Gauge,Maharashtra SW,27,Maharashtra,496,Solapur,-,-,-,-,-,-,-,-,-,18.07402000,75.12002000,26-01-2024 04:00,0,0,0,0,0,0,0,0,0,0,0,0,0,0,0,0,0,0,0,0,0,0,0,0,0,0,0,0,0,0,0,0,0,0,0,0,0,0,0,0,0,0,0,0,"","","","","",""
1609,Ujjani Dam Rain Gauge,Maharashtra SW,27,Maharashtra,496,Solapur,-,-,-,-,-,-,-,-,-,18.07402000,75.12002000,26-01-2024 05:00,0,0,0,0,0,0,0,0,0,0,0,0,0,0,0,0,0,0,0,0,0,0,0,0,0,0,0,0,0,0,0,0,0,0,0,0,0,0,0,0,0,0,0,0,"","","","","",""
1610,Ujjani Dam Rain Gauge,Maharashtra SW,27,Maharashtra,496,Solapur,-,-,-,-,-,-,-,-,-,18.07402000,75.12002000,26-01-2024 06:00,0,0,0,0,0,0,0,0,0,0,0,0,0,0,0,0,0,0,0,0,0,0,0,0,0,0,0,0,0,0,0,0,0,0,0,0,0,0,0,0,0,0,0,0,"","","","","",""
1611,Ujjani Dam Rain Gauge,Maharashtra SW,27,Maharashtra,496,Solapur,-,-,-,-,-,-,-,-,-,18.07402000,75.12002000,26-01-2024 08:00,0,0,0,0,0,0,0,0,0,0,0,0,0,0,0,0,0,0,0,0,0,0,0,0,0,0,0,0,0,0,0,0,0,0,0,0,0,0,0,0,0,0,0,0,"","","","","",""
1612,Ujjani Dam Rain Gauge,Maharashtra SW,27,Maharashtra,496,Solapur,-,-,-,-,-,-,-,-,-,18.07402000,75.12002000,26-01-2024 09:00,0,0,0,0,0,0,0,0,0,0,0,0,0,0,0,0,0,0,0,0,0,0,0,0,0,0,0,0,0,0,0,0,0,0,0,0,0,0,0,0,0,0,0,0,"","","","","",""
1613,Ujjani Dam Rain Gauge,Maharashtra SW,27,Maharashtra,496,Solapur,-,-,-,-,-,-,-,-,-,18.07402000,75.12002000,26-01-2024 11:00,0,0,0,0,0,0,0,0,0,0,0,0,0,0,0,0,0,0,0,0,0,0,0,0,0,0,0,0,0,0,0,0,0,0,0,0,0,0,0,0,0,0,0,0,"","","","","",""
1614,Ujjani Dam Rain Gauge,Maharashtra SW,27,Maharashtra,496,Solapur,-,-,-,-,-,-,-,-,-,18.07402000,75.12002000,26-01-2024 12:00,0,0,0,0,0,0,0,0,0,0,0,0,0,0,0,0,0,0,0,0,0,0,0,0,0,0,0,0,0,0,0,0,0,0,0,0,0,0,0,0,0,0,0,0,"","","","","",""
1615,Ujjani Dam Rain Gauge,Maharashtra SW,27,Maharashtra,496,Solapur,-,-,-,-,-,-,-,-,-,18.07402000,75.12002000,26-01-2024 14:00,0,0,0,0,0,0,0,0,0,0,0,0,0,0,0,0,0,0,0,0,0,0,0,0,0,0,0,0,0,0,0,0,0,0,0,0,0,0,0,0,0,0,0,0,"","","","","",""
1616,Ujjani Dam Rain Gauge,Maharashtra SW,27,Maharashtra,496,Solapur,-,-,-,-,-,-,-,-,-,18.07402000,75.12002000,26-01-2024 15:00,0,0,0,0,0,0,0,0,0,0,0,0,0,0,0,0,0,0,0,0,0,0,0,0,0,0,0,0,0,0,0,0,0,0,0,0,0,0,0,0,0,0,0,0,"","","","","",""
1617,Ujjani Dam Rain Gauge,Maharashtra SW,27,Maharashtra,496,Solapur,-,-,-,-,-,-,-,-,-,18.07402000,75.12002000,26-01-2024 17:00,0,0,0,0,0,0,0,0,0,0,0,0,0,0,0,0,0,0,0,0,0,0,0,0,0,0,0,0,0,0,0,0,0,0,0,0,0,0,0,0,0,0,0,0,"","","","","",""
1618,Ujjani Dam Rain Gauge,Maharashtra SW,27,Maharashtra,496,Solapur,-,-,-,-,-,-,-,-,-,18.07402000,75.12002000,26-01-2024 18:00,0,0,0,0,0,0,0,0,0,0,0,0,0,0,0,0,0,0,0,0,0,0,0,0,0,0,0,0,0,0,0,0,0,0,0,0,0,0,0,0,0,0,0,0,"","","","","",""
1619,Ujjani Dam Rain Gauge,Maharashtra SW,27,Maharashtra,496,Solapur,-,-,-,-,-,-,-,-,-,18.07402000,75.12002000,26-01-2024 20:00,0,0,0,0,0,0,0,0,0,0,0,0,0,0,0,0,0,0,0,0,0,0,0,0,0,0,0,0,0,0,0,0,0,0,0,0,0,0,0,0,0,0,0,0,"","","","","",""
1620,Ujjani Dam Rain Gauge,Maharashtra SW,27,Maharashtra,496,Solapur,-,-,-,-,-,-,-,-,-,18.07402000,75.12002000,26-01-2024 21:00,0,0,0,0,0,0,0,0,0,0,0,0,0,0,0,0,0,0,0,0,0,0,0,0,0,0,0,0,0,0,0,0,0,0,0,0,0,0,0,0,0,0,0,0,"","","","","",""
1621,Ujjani Dam Rain Gauge,Maharashtra SW,27,Maharashtra,496,Solapur,-,-,-,-,-,-,-,-,-,18.07402000,75.12002000,26-01-2024 23:00,0,0,0,0,0,0,0,0,0,0,0,0,0,0,0,0,0,0,0,0,0,0,0,0,0,0,0,0,0,0,0,0,0,0,0,0,0,0,0,0,0,0,0,0,"","","","","",""
1622,Ujjani Dam Rain Gauge,Maharashtra SW,27,Maharashtra,496,Solapur,-,-,-,-,-,-,-,-,-,18.07402000,75.12002000,27-01-2024 00:00,0,0,0,0,0,0,0,0,0,0,0,0,0,0,0,0,0,0,0,0,0,0,0,0,0,0,0,0,0,0,0,0,0,0,0,0,0,0,0,0,0,0,0,0,"","","","","",""
1623,Ujjani Dam Rain Gauge,Maharashtra SW,27,Maharashtra,496,Solapur,-,-,-,-,-,-,-,-,-,18.07402000,75.12002000,27-01-2024 02:00,0,0,0,0,0,0,0,0,0,0,0,0,0,0,0,0,0,0,0,0,0,0,0,0,0,0,0,0,0,0,0,0,0,0,0,0,0,0,0,0,0,0,0,0,"","","","","",""
1624,Ujjani Dam Rain Gauge,Maharashtra SW,27,Maharashtra,496,Solapur,-,-,-,-,-,-,-,-,-,18.07402000,75.12002000,27-01-2024 03:00,0,0,0,0,0,0,0,0,0,0,0,0,0,0,0,0,0,0,0,0,0,0,0,0,0,0,0,0,0,0,0,0,0,0,0,0,0,0,0,0,0,0,0,0,"","","","","",""
1625,Ujjani Dam Rain Gauge,Maharashtra SW,27,Maharashtra,496,Solapur,-,-,-,-,-,-,-,-,-,18.07402000,75.12002000,27-01-2024 05:00,0,0,0,0,0,0,0,0,0,0,0,0,0,0,0,0,0,0,0,0,0,0,0,0,0,0,0,0,0,0,0,0,0,0,0,0,0,0,0,0,0,0,0,0,"","","","","",""
1626,Ujjani Dam Rain Gauge,Maharashtra SW,27,Maharashtra,496,Solapur,-,-,-,-,-,-,-,-,-,18.07402000,75.12002000,27-01-2024 06:00,0,0,0,0,0,0,0,0,0,0,0,0,0,0,0,0,0,0,0,0,0,0,0,0,0,0,0,0,0,0,0,0,0,0,0,0,0,0,0,0,0,0,0,0,"","","","","",""
1627,Ujjani Dam Rain Gauge,Maharashtra SW,27,Maharashtra,496,Solapur,-,-,-,-,-,-,-,-,-,18.07402000,75.12002000,27-01-2024 08:00,0,0,0,0,0,0,0,0,0,0,0,0,0,0,0,0,0,0,0,0,0,0,0,0,0,0,0,0,0,0,0,0,0,0,0,0,0,0,0,0,0,0,0,0,"","","","","",""
1628,Ujjani Dam Rain Gauge,Maharashtra SW,27,Maharashtra,496,Solapur,-,-,-,-,-,-,-,-,-,18.07402000,75.12002000,27-01-2024 09:00,0,0,0,0,0,0,0,0,0,0,0,0,0,0,0,0,0,0,0,0,0,0,0,0,0,0,0,0,0,0,0,0,0,0,0,0,0,0,0,0,0,0,0,0,"","","","","",""
1629,Ujjani Dam Rain Gauge,Maharashtra SW,27,Maharashtra,496,Solapur,-,-,-,-,-,-,-,-,-,18.07402000,75.12002000,27-01-2024 10:00,0,0,0,0,0,0,0,0,0,0,0,0,0,0,0,0,0,0,0,0,0,0,0,0,0,0,0,0,0,0,0,0,0,0,0,0,0,0,0,0,0,0,0,0,"","","","","",""
1630,Ujjani Dam Rain Gauge,Maharashtra SW,27,Maharashtra,496,Solapur,-,-,-,-,-,-,-,-,-,18.07402000,75.12002000,27-01-2024 12:00,0,0,0,0,0,0,0,0,0,0,0,0,0,0,0,0,0,0,0,0,0,0,0,0,0,0,0,0,0,0,0,0,0,0,0,0,0,0,0,0,0,0,0,0,"","","","","",""
1631,Ujjani Dam Rain Gauge,Maharashtra SW,27,Maharashtra,496,Solapur,-,-,-,-,-,-,-,-,-,18.07402000,75.12002000,27-01-2024 13:00,0,0,0,0,0,0,0,0,0,0,0,0,0,0,0,0,0,0,0,0,0,0,0,0,0,0,0,0,0,0,0,0,0,0,0,0,0,0,0,0,0,0,0,0,"","","","","",""
1632,Ujjani Dam Rain Gauge,Maharashtra SW,27,Maharashtra,496,Solapur,-,-,-,-,-,-,-,-,-,18.07402000,75.12002000,27-01-2024 15:00,0,0,0,0,0,0,0,0,0,0,0,0,0,0,0,0,0,0,0,0,0,0,0,0,0,0,0,0,0,0,0,0,0,0,0,0,0,0,0,0,0,0,0,0,"","","","","",""
1633,Ujjani Dam Rain Gauge,Maharashtra SW,27,Maharashtra,496,Solapur,-,-,-,-,-,-,-,-,-,18.07402000,75.12002000,27-01-2024 16:00,0,0,0,0,0,0,0,0,0,0,0,0,0,0,0,0,0,0,0,0,0,0,0,0,0,0,0,0,0,0,0,0,0,0,0,0,0,0,0,0,0,0,0,0,"","","","","",""
1634,Ujjani Dam Rain Gauge,Maharashtra SW,27,Maharashtra,496,Solapur,-,-,-,-,-,-,-,-,-,18.07402000,75.12002000,27-01-2024 18:00,0,0,0,0,0,0,0,0,0,0,0,0,0,0,0,0,0,0,0,0,0,0,0,0,0,0,0,0,0,0,0,0,0,0,0,0,0,0,0,0,0,0,0,0,"","","","","",""
1635,Ujjani Dam Rain Gauge,Maharashtra SW,27,Maharashtra,496,Solapur,-,-,-,-,-,-,-,-,-,18.07402000,75.12002000,27-01-2024 19:00,0,0,0,0,0,0,0,0,0,0,0,0,0,0,0,0,0,0,0,0,0,0,0,0,0,0,0,0,0,0,0,0,0,0,0,0,0,0,0,0,0,0,0,0,"","","","","",""
1636,Ujjani Dam Rain Gauge,Maharashtra SW,27,Maharashtra,496,Solapur,-,-,-,-,-,-,-,-,-,18.07402000,75.12002000,27-01-2024 21:00,0,0,0,0,0,0,0,0,0,0,0,0,0,0,0,0,0,0,0,0,0,0,0,0,0,0,0,0,0,0,0,0,0,0,0,0,0,0,0,0,0,0,0,0,"","","","","",""
1637,Ujjani Dam Rain Gauge,Maharashtra SW,27,Maharashtra,496,Solapur,-,-,-,-,-,-,-,-,-,18.07402000,75.12002000,27-01-2024 22:00,0,0,0,0,0,0,0,0,0,0,0,0,0,0,0,0,0,0,0,0,0,0,0,0,0,0,0,0,0,0,0,0,0,0,0,0,0,0,0,0,0,0,0,0,"","","","","",""
1638,Ujjani Dam Rain Gauge,Maharashtra SW,27,Maharashtra,496,Solapur,-,-,-,-,-,-,-,-,-,18.07402000,75.12002000,28-01-2024 00:00,0,0,0,0,0,0,0,0,0,0,0,0,0,0,0,0,0,0,0,0,0,0,0,0,0,0,0,0,0,0,0,0,0,0,0,0,0,0,0,0,0,0,0,0,"","","","","",""
1639,Ujjani Dam Rain Gauge,Maharashtra SW,27,Maharashtra,496,Solapur,-,-,-,-,-,-,-,-,-,18.07402000,75.12002000,28-01-2024 01:00,0,0,0,0,0,0,0,0,0,0,0,0,0,0,0,0,0,0,0,0,0,0,0,0,0,0,0,0,0,0,0,0,0,0,0,0,0,0,0,0,0,0,0,0,"","","","","",""
1640,Ujjani Dam Rain Gauge,Maharashtra SW,27,Maharashtra,496,Solapur,-,-,-,-,-,-,-,-,-,18.07402000,75.12002000,28-01-2024 03:00,0,0,0,0,0,0,0,0,0,0,0,0,0,0,0,0,0,0,0,0,0,0,0,0,0,0,0,0,0,0,0,0,0,0,0,0,0,0,0,0,0,0,0,0,"","","","","",""
1641,Ujjani Dam Rain Gauge,Maharashtra SW,27,Maharashtra,496,Solapur,-,-,-,-,-,-,-,-,-,18.07402000,75.12002000,28-01-2024 04:00,0,0,0,0,0,0,0,0,0,0,0,0,0,0,0,0,0,0,0,0,0,0,0,0,0,0,0,0,0,0,0,0,0,0,0,0,0,0,0,0,0,0,0,0,"","","","","",""
1642,Ujjani Dam Rain Gauge,Maharashtra SW,27,Maharashtra,496,Solapur,-,-,-,-,-,-,-,-,-,18.07402000,75.12002000,28-01-2024 06:00,0,0,0,0,0,0,0,0,0,0,0,0,0,0,0,0,0,0,0,0,0,0,0,0,0,0,0,0,0,0,0,0,0,0,0,0,0,0,0,0,0,0,0,0,"","","","","",""
1643,Ujjani Dam Rain Gauge,Maharashtra SW,27,Maharashtra,496,Solapur,-,-,-,-,-,-,-,-,-,18.07402000,75.12002000,28-01-2024 07:00,0,0,0,0,0,0,0,0,0,0,0,0,0,0,0,0,0,0,0,0,0,0,0,0,0,0,0,0,0,0,0,0,0,0,0,0,0,0,0,0,0,0,0,0,"","","","","",""
1644,Ujjani Dam Rain Gauge,Maharashtra SW,27,Maharashtra,496,Solapur,-,-,-,-,-,-,-,-,-,18.07402000,75.12002000,28-01-2024 10:00,0,0,0,0,0,0,0,0,0,0,0,0,0,0,0,0,0,0,0,0,0,0,0,0,0,0,0,0,0,0,0,0,0,0,0,0,0,0,0,0,0,0,0,0,"","","","","",""
1645,Ujjani Dam Rain Gauge,Maharashtra SW,27,Maharashtra,496,Solapur,-,-,-,-,-,-,-,-,-,18.07402000,75.12002000,28-01-2024 12:00,0,0,0,0,0,0,0,0,0,0,0,0,0,0,0,0,0,0,0,0,0,0,0,0,0,0,0,0,0,0,0,0,0,0,0,0,0,0,0,0,0,0,0,0,"","","","","",""
1646,Ujjani Dam Rain Gauge,Maharashtra SW,27,Maharashtra,496,Solapur,-,-,-,-,-,-,-,-,-,18.07402000,75.12002000,28-01-2024 13:00,0,0,0,0,0,0,0,0,0,0,0,0,0,0,0,0,0,0,0,0,0,0,0,0,0,0,0,0,0,0,0,0,0,0,0,0,0,0,0,0,0,0,0,0,"","","","","",""
1647,Ujjani Dam Rain Gauge,Maharashtra SW,27,Maharashtra,496,Solapur,-,-,-,-,-,-,-,-,-,18.07402000,75.12002000,28-01-2024 14:00,0,0,0,0,0,0,0,0,0,0,0,0,0,0,0,0,0,0,0,0,0,0,0,0,0,0,0,0,0,0,0,0,0,0,0,0,0,0,0,0,0,0,0,0,"","","","","",""
1648,Ujjani Dam Rain Gauge,Maharashtra SW,27,Maharashtra,496,Solapur,-,-,-,-,-,-,-,-,-,18.07402000,75.12002000,28-01-2024 16:00,0,0,0,0,0,0,0,0,0,0,0,0,0,0,0,0,0,0,0,0,0,0,0,0,0,0,0,0,0,0,0,0,0,0,0,0,0,0,0,0,0,0,0,0,"","","","","",""
1649,Ujjani Dam Rain Gauge,Maharashtra SW,27,Maharashtra,496,Solapur,-,-,-,-,-,-,-,-,-,18.07402000,75.12002000,28-01-2024 17:00,0,0,0,0,0,0,0,0,0,0,0,0,0,0,0,0,0,0,0,0,0,0,0,0,0,0,0,0,0,0,0,0,0,0,0,0,0,0,0,0,0,0,0,0,"","","","","",""
1650,Ujjani Dam Rain Gauge,Maharashtra SW,27,Maharashtra,496,Solapur,-,-,-,-,-,-,-,-,-,18.07402000,75.12002000,28-01-2024 19:00,0,0,0,0,0,0,0,0,0,0,0,0,0,0,0,0,0,0,0,0,0,0,0,0,0,0,0,0,0,0,0,0,0,0,0,0,0,0,0,0,0,0,0,0,"","","","","",""
1651,Ujjani Dam Rain Gauge,Maharashtra SW,27,Maharashtra,496,Solapur,-,-,-,-,-,-,-,-,-,18.07402000,75.12002000,28-01-2024 20:00,0,0,0,0,0,0,0,0,0,0,0,0,0,0,0,0,0,0,0,0,0,0,0,0,0,0,0,0,0,0,0,0,0,0,0,0,0,0,0,0,0,0,0,0,"","","","","",""
1652,Ujjani Dam Rain Gauge,Maharashtra SW,27,Maharashtra,496,Solapur,-,-,-,-,-,-,-,-,-,18.07402000,75.12002000,28-01-2024 22:00,0,0,0,0,0,0,0,0,0,0,0,0,0,0,0,0,0,0,0,0,0,0,0,0,0,0,0,0,0,0,0,0,0,0,0,0,0,0,0,0,0,0,0,0,"","","","","",""
1653,Ujjani Dam Rain Gauge,Maharashtra SW,27,Maharashtra,496,Solapur,-,-,-,-,-,-,-,-,-,18.07402000,75.12002000,28-01-2024 23:00,0,0,0,0,0,0,0,0,0,0,0,0,0,0,0,0,0,0,0,0,0,0,0,0,0,0,0,0,0,0,0,0,0,0,0,0,0,0,0,0,0,0,0,0,"","","","","",""
1654,Ujjani Dam Rain Gauge,Maharashtra SW,27,Maharashtra,496,Solapur,-,-,-,-,-,-,-,-,-,18.07402000,75.12002000,29-01-2024 01:00,0,0,0,0,0,0,0,0,0,0,0,0,0,0,0,0,0,0,0,0,0,0,0,0,0,0,0,0,0,0,0,0,0,0,0,0,0,0,0,0,0,0,0,0,"","","","","",""
1655,Ujjani Dam Rain Gauge,Maharashtra SW,27,Maharashtra,496,Solapur,-,-,-,-,-,-,-,-,-,18.07402000,75.12002000,29-01-2024 02:00,0,0,0,0,0,0,0,0,0,0,0,0,0,0,0,0,0,0,0,0,0,0,0,0,0,0,0,0,0,0,0,0,0,0,0,0,0,0,0,0,0,0,0,0,"","","","","",""
1656,Ujjani Dam Rain Gauge,Maharashtra SW,27,Maharashtra,496,Solapur,-,-,-,-,-,-,-,-,-,18.07402000,75.12002000,29-01-2024 04:00,0,0,0,0,0,0,0,0,0,0,0,0,0,0,0,0,0,0,0,0,0,0,0,0,0,0,0,0,0,0,0,0,0,0,0,0,0,0,0,0,0,0,0,0,"","","","","",""
1657,Ujjani Dam Rain Gauge,Maharashtra SW,27,Maharashtra,496,Solapur,-,-,-,-,-,-,-,-,-,18.07402000,75.12002000,29-01-2024 05:00,0,0,0,0,0,0,0,0,0,0,0,0,0,0,0,0,0,0,0,0,0,0,0,0,0,0,0,0,0,0,0,0,0,0,0,0,0,0,0,0,0,0,0,0,"","","","","",""
1658,Ujjani Dam Rain Gauge,Maharashtra SW,27,Maharashtra,496,Solapur,-,-,-,-,-,-,-,-,-,18.07402000,75.12002000,29-01-2024 07:00,0,0,0,0,0,0,0,0,0,0,0,0,0,0,0,0,0,0,0,0,0,0,0,0,0,0,0,0,0,0,0,0,0,0,0,0,0,0,0,0,0,0,0,0,"","","","","",""
1659,Ujjani Dam Rain Gauge,Maharashtra SW,27,Maharashtra,496,Solapur,-,-,-,-,-,-,-,-,-,18.07402000,75.12002000,29-01-2024 08:00,0,0,0,0,0,0,0,0,0,0,0,0,0,0,0,0,0,0,0,0,0,0,0,0,0,0,0,0,0,0,0,0,0,0,0,0,0,0,0,0,0,0,0,0,"","","","","",""
1660,Ujjani Dam Rain Gauge,Maharashtra SW,27,Maharashtra,496,Solapur,-,-,-,-,-,-,-,-,-,18.07402000,75.12002000,29-01-2024 10:00,0,0,0,0,0,0,0,0,0,0,0,0,0,0,0,0,0,0,0,0,0,0,0,0,0,0,0,0,0,0,0,0,0,0,0,0,0,0,0,0,0,0,0,0,"","","","","",""
1661,Ujjani Dam Rain Gauge,Maharashtra SW,27,Maharashtra,496,Solapur,-,-,-,-,-,-,-,-,-,18.07402000,75.12002000,29-01-2024 11:00,0,0,0,0,0,0,0,0,0,0,0,0,0,0,0,0,0,0,0,0,0,0,0,0,0,0,0,0,0,0,0,0,0,0,0,0,0,0,0,0,0,0,0,0,"","","","","",""
1662,Ujjani Dam Rain Gauge,Maharashtra SW,27,Maharashtra,496,Solapur,-,-,-,-,-,-,-,-,-,18.07402000,75.12002000,29-01-2024 13:00,0,0,0,0,0,0,0,0,0,0,0,0,0,0,0,0,0,0,0,0,0,0,0,0,0,0,0,0,0,0,0,0,0,0,0,0,0,0,0,0,0,0,0,0,"","","","","",""
1663,Ujjani Dam Rain Gauge,Maharashtra SW,27,Maharashtra,496,Solapur,-,-,-,-,-,-,-,-,-,18.07402000,75.12002000,29-01-2024 14:00,0,0,0,0,0,0,0,0,0,0,0,0,0,0,0,0,0,0,0,0,0,0,0,0,0,0,0,0,0,0,0,0,0,0,0,0,0,0,0,0,0,0,0,0,"","","","","",""
1664,Ujjani Dam Rain Gauge,Maharashtra SW,27,Maharashtra,496,Solapur,-,-,-,-,-,-,-,-,-,18.07402000,75.12002000,29-01-2024 15:00,0,0,0,0,0,0,0,0,0,0,0,0,0,0,0,0,0,0,0,0,0,0,0,0,0,0,0,0,0,0,0,0,0,0,0,0,0,0,0,0,0,0,0,0,"","","","","",""
1665,Ujjani Dam Rain Gauge,Maharashtra SW,27,Maharashtra,496,Solapur,-,-,-,-,-,-,-,-,-,18.07402000,75.12002000,29-01-2024 17:00,0,0,0,0,0,0,0,0,0,0,0,0,0,0,0,0,0,0,0,0,0,0,0,0,0,0,0,0,0,0,0,0,0,0,0,0,0,0,0,0,0,0,0,0,"","","","","",""
1666,Ujjani Dam Rain Gauge,Maharashtra SW,27,Maharashtra,496,Solapur,-,-,-,-,-,-,-,-,-,18.07402000,75.12002000,29-01-2024 18:00,0,0,0,0,0,0,0,0,0,0,0,0,0,0,0,0,0,0,0,0,0,0,0,0,0,0,0,0,0,0,0,0,0,0,0,0,0,0,0,0,0,0,0,0,"","","","","",""
1667,Ujjani Dam Rain Gauge,Maharashtra SW,27,Maharashtra,496,Solapur,-,-,-,-,-,-,-,-,-,18.07402000,75.12002000,29-01-2024 20:00,0,0,0,0,0,0,0,0,0,0,0,0,0,0,0,0,0,0,0,0,0,0,0,0,0,0,0,0,0,0,0,0,0,0,0,0,0,0,0,0,0,0,0,0,"","","","","",""
1668,Ujjani Dam Rain Gauge,Maharashtra SW,27,Maharashtra,496,Solapur,-,-,-,-,-,-,-,-,-,18.07402000,75.12002000,29-01-2024 21:00,0,0,0,0,0,0,0,0,0,0,0,0,0,0,0,0,0,0,0,0,0,0,0,0,0,0,0,0,0,0,0,0,0,0,0,0,0,0,0,0,0,0,0,0,"","","","","",""
1669,Ujjani Dam Rain Gauge,Maharashtra SW,27,Maharashtra,496,Solapur,-,-,-,-,-,-,-,-,-,18.07402000,75.12002000,29-01-2024 23:00,0,0,0,0,0,0,0,0,0,0,0,0,0,0,0,0,0,0,0,0,0,0,0,0,0,0,0,0,0,0,0,0,0,0,0,0,0,0,0,0,0,0,0,0,"","","","","",""
1670,Ujjani Dam Rain Gauge,Maharashtra SW,27,Maharashtra,496,Solapur,-,-,-,-,-,-,-,-,-,18.07402000,75.12002000,30-01-2024 00:00,0,0,0,0,0,0,0,0,0,0,0,0,0,0,0,0,0,0,0,0,0,0,0,0,0,0,0,0,0,0,0,0,0,0,0,0,0,0,0,0,0,0,0,0,"","","","","",""
1671,Ujjani Dam Rain Gauge,Maharashtra SW,27,Maharashtra,496,Solapur,-,-,-,-,-,-,-,-,-,18.07402000,75.12002000,30-01-2024 02:00,0,0,0,0,0,0,0,0,0,0,0,0,0,0,0,0,0,0,0,0,0,0,0,0,0,0,0,0,0,0,0,0,0,0,0,0,0,0,0,0,0,0,0,0,"","","","","",""
1672,Ujjani Dam Rain Gauge,Maharashtra SW,27,Maharashtra,496,Solapur,-,-,-,-,-,-,-,-,-,18.07402000,75.12002000,30-01-2024 03:00,0,0,0,0,0,0,0,0,0,0,0,0,0,0,0,0,0,0,0,0,0,0,0,0,0,0,0,0,0,0,0,0,0,0,0,0,0,0,0,0,0,0,0,0,"","","","","",""
1673,Ujjani Dam Rain Gauge,Maharashtra SW,27,Maharashtra,496,Solapur,-,-,-,-,-,-,-,-,-,18.07402000,75.12002000,30-01-2024 05:00,0,0,0,0,0,0,0,0,0,0,0,0,0,0,0,0,0,0,0,0,0,0,0,0,0,0,0,0,0,0,0,0,0,0,0,0,0,0,0,0,0,0,0,0,"","","","","",""
1674,Ujjani Dam Rain Gauge,Maharashtra SW,27,Maharashtra,496,Solapur,-,-,-,-,-,-,-,-,-,18.07402000,75.12002000,30-01-2024 06:00,0,0,0,0,0,0,0,0,0,0,0,0,0,0,0,0,0,0,0,0,0,0,0,0,0,0,0,0,0,0,0,0,0,0,0,0,0,0,0,0,0,0,0,0,"","","","","",""
1675,Ujjani Dam Rain Gauge,Maharashtra SW,27,Maharashtra,496,Solapur,-,-,-,-,-,-,-,-,-,18.07402000,75.12002000,30-01-2024 08:00,0,0,0,0,0,0,0,0,0,0,0,0,0,0,0,0,0,0,0,0,0,0,0,0,0,0,0,0,0,0,0,0,0,0,0,0,0,0,0,0,0,0,0,0,"","","","","",""
1676,Ujjani Dam Rain Gauge,Maharashtra SW,27,Maharashtra,496,Solapur,-,-,-,-,-,-,-,-,-,18.07402000,75.12002000,30-01-2024 09:00,0,0,0,0,0,0,0,0,0,0,0,0,0,0,0,0,0,0,0,0,0,0,0,0,0,0,0,0,0,0,0,0,0,0,0,0,0,0,0,0,0,0,0,0,"","","","","",""
1677,Ujjani Dam Rain Gauge,Maharashtra SW,27,Maharashtra,496,Solapur,-,-,-,-,-,-,-,-,-,18.07402000,75.12002000,30-01-2024 11:00,0,0,0,0,0,0,0,0,0,0,0,0,0,0,0,0,0,0,0,0,0,0,0,0,0,0,0,0,0,0,0,0,0,0,0,0,0,0,0,0,0,0,0,0,"","","","","",""
1678,Ujjani Dam Rain Gauge,Maharashtra SW,27,Maharashtra,496,Solapur,-,-,-,-,-,-,-,-,-,18.07402000,75.12002000,30-01-2024 12:00,0,0,0,0,0,0,0,0,0,0,0,0,0,0,0,0,0,0,0,0,0,0,0,0,0,0,0,0,0,0,0,0,0,0,0,0,0,0,0,0,0,0,0,0,"","","","","",""
1679,Ujjani Dam Rain Gauge,Maharashtra SW,27,Maharashtra,496,Solapur,-,-,-,-,-,-,-,-,-,18.07402000,75.12002000,30-01-2024 14:00,0,0,0,0,0,0,0,0,0,0,0,0,0,0,0,0,0,0,0,0,0,0,0,0,0,0,0,0,0,0,0,0,0,0,0,0,0,0,0,0,0,0,0,0,"","","","","",""
1680,Ujjani Dam Rain Gauge,Maharashtra SW,27,Maharashtra,496,Solapur,-,-,-,-,-,-,-,-,-,18.07402000,75.12002000,30-01-2024 15:00,0,0,0,0,0,0,0,0,0,0,0,0,0,0,0,0,0,0,0,0,0,0,0,0,0,0,0,0,0,0,0,0,0,0,0,0,0,0,0,0,0,0,0,0,"","","","","",""
1681,Ujjani Dam Rain Gauge,Maharashtra SW,27,Maharashtra,496,Solapur,-,-,-,-,-,-,-,-,-,18.07402000,75.12002000,30-01-2024 17:00,0,0,0,0,0,0,0,0,0,0,0,0,0,0,0,0,0,0,0,0,0,0,0,0,0,0,0,0,0,0,0,0,0,0,0,0,0,0,0,0,0,0,0,0,"","","","","",""
1682,Ujjani Dam Rain Gauge,Maharashtra SW,27,Maharashtra,496,Solapur,-,-,-,-,-,-,-,-,-,18.07402000,75.12002000,30-01-2024 18:00,0,0,0,0,0,0,0,0,0,0,0,0,0,0,0,0,0,0,0,0,0,0,0,0,0,0,0,0,0,0,0,0,0,0,0,0,0,0,0,0,0,0,0,0,"","","","","",""
1683,Ujjani Dam Rain Gauge,Maharashtra SW,27,Maharashtra,496,Solapur,-,-,-,-,-,-,-,-,-,18.07402000,75.12002000,30-01-2024 19:00,0,0,0,0,0,0,0,0,0,0,0,0,0,0,0,0,0,0,0,0,0,0,0,0,0,0,0,0,0,0,0,0,0,0,0,0,0,0,0,0,0,0,0,0,"","","","","",""
1684,Ujjani Dam Rain Gauge,Maharashtra SW,27,Maharashtra,496,Solapur,-,-,-,-,-,-,-,-,-,18.07402000,75.12002000,30-01-2024 21:00,0,0,0,0,0,0,0,0,0,0,0,0,0,0,0,0,0,0,0,0,0,0,0,0,0,0,0,0,0,0,0,0,0,0,0,0,0,0,0,0,0,0,0,0,"","","","","",""
1685,Ujjani Dam Rain Gauge,Maharashtra SW,27,Maharashtra,496,Solapur,-,-,-,-,-,-,-,-,-,18.07402000,75.12002000,30-01-2024 22:00,0,0,0,0,0,0,0,0,0,0,0,0,0,0,0,0,0,0,0,0,0,0,0,0,0,0,0,0,0,0,0,0,0,0,0,0,0,0,0,0,0,0,0,0,"","","","","",""
1686,Ujjani Dam Rain Gauge,Maharashtra SW,27,Maharashtra,496,Solapur,-,-,-,-,-,-,-,-,-,18.07402000,75.12002000,31-01-2024 00:00,0,0,0,0,0,0,0,0,0,0,0,0,0,0,0,0,0,0,0,0,0,0,0,0,0,0,0,0,0,0,0,0,0,0,0,0,0,0,0,0,0,0,0,0,"","","","","",""
1687,Ujjani Dam Rain Gauge,Maharashtra SW,27,Maharashtra,496,Solapur,-,-,-,-,-,-,-,-,-,18.07402000,75.12002000,31-01-2024 01:00,0,0,0,0,0,0,0,0,0,0,0,0,0,0,0,0,0,0,0,0,0,0,0,0,0,0,0,0,0,0,0,0,0,0,0,0,0,0,0,0,0,0,0,0,"","","","","",""
1688,Ujjani Dam Rain Gauge,Maharashtra SW,27,Maharashtra,496,Solapur,-,-,-,-,-,-,-,-,-,18.07402000,75.12002000,31-01-2024 03:00,0,0,0,0,0,0,0,0,0,0,0,0,0,0,0,0,0,0,0,0,0,0,0,0,0,0,0,0,0,0,0,0,0,0,0,0,0,0,0,0,0,0,0,0,"","","","","",""
1689,Ujjani Dam Rain Gauge,Maharashtra SW,27,Maharashtra,496,Solapur,-,-,-,-,-,-,-,-,-,18.07402000,75.12002000,31-01-2024 04:00,0,0,0,0,0,0,0,0,0,0,0,0,0,0,0,0,0,0,0,0,0,0,0,0,0,0,0,0,0,0,0,0,0,0,0,0,0,0,0,0,0,0,0,0,"","","","","",""
1690,Ujjani Dam Rain Gauge,Maharashtra SW,27,Maharashtra,496,Solapur,-,-,-,-,-,-,-,-,-,18.07402000,75.12002000,31-01-2024 06:00,0,0,0,0,0,0,0,0,0,0,0,0,0,0,0,0,0,0,0,0,0,0,0,0,0,0,0,0,0,0,0,0,0,0,0,0,0,0,0,0,0,0,0,0,"","","","","",""
1691,Ujjani Dam Rain Gauge,Maharashtra SW,27,Maharashtra,496,Solapur,-,-,-,-,-,-,-,-,-,18.07402000,75.12002000,31-01-2024 07:00,0,0,0,0,0,0,0,0,0,0,0,0,0,0,0,0,0,0,0,0,0,0,0,0,0,0,0,0,0,0,0,0,0,0,0,0,0,0,0,0,0,0,0,0,"","","","","",""
1692,Ujjani Dam Rain Gauge,Maharashtra SW,27,Maharashtra,496,Solapur,-,-,-,-,-,-,-,-,-,18.07402000,75.12002000,31-01-2024 09:00,0,0,0,0,0,0,0,0,0,0,0,0,0,0,0,0,0,0,0,0,0,0,0,0,0,0,0,0,0,0,0,0,0,0,0,0,0,0,0,0,0,0,0,0,"","","","","",""
1693,Ujjani Dam Rain Gauge,Maharashtra SW,27,Maharashtra,496,Solapur,-,-,-,-,-,-,-,-,-,18.07402000,75.12002000,31-01-2024 10:00,0,0,0,0,0,0,0,0,0,0,0,0,0,0,0,0,0,0,0,0,0,0,0,0,0,0,0,0,0,0,0,0,0,0,0,0,0,0,0,0,0,0,0,0,"","","","","",""
1694,Ujjani Dam Rain Gauge,Maharashtra SW,27,Maharashtra,496,Solapur,-,-,-,-,-,-,-,-,-,18.07402000,75.12002000,31-01-2024 13:00,0,0,0,0,0,0,0,0,0,0,0,0,0,0,0,0,0,0,0,0,0,0,0,0,0,0,0,0,0,0,0,0,0,0,0,0,0,0,0,0,0,0,0,0,"","","","","",""
1695,Ujjani Dam Rain Gauge,Maharashtra SW,27,Maharashtra,496,Solapur,-,-,-,-,-,-,-,-,-,18.07402000,75.12002000,31-01-2024 15:00,0,0,0,0,0,0,0,0,0,0,0,0,0,0,0,0,0,0,0,0,0,0,0,0,0,0,0,0,0,0,0,0,0,0,0,0,0,0,0,0,0,0,0,0,"","","","","",""
1696,Ujjani Dam Rain Gauge,Maharashtra SW,27,Maharashtra,496,Solapur,-,-,-,-,-,-,-,-,-,18.07402000,75.12002000,31-01-2024 16:00,0,0,0,0,0,0,0,0,0,0,0,0,0,0,0,0,0,0,0,0,0,0,0,0,0,0,0,0,0,0,0,0,0,0,0,0,0,0,0,0,0,0,0,0,"","","","","",""
1697,Ujjani Dam Rain Gauge,Maharashtra SW,27,Maharashtra,496,Solapur,-,-,-,-,-,-,-,-,-,18.07402000,75.12002000,31-01-2024 18:00,0,0,0,0,0,0,0,0,0,0,0,0,0,0,0,0,0,0,0,0,0,0,0,0,0,0,0,0,0,0,0,0,0,0,0,0,0,0,0,0,0,0,0,0,"","","","","",""
1698,Ujjani Dam Rain Gauge,Maharashtra SW,27,Maharashtra,496,Solapur,-,-,-,-,-,-,-,-,-,18.07402000,75.12002000,31-01-2024 19:00,0,0,0,0,0,0,0,0,0,0,0,0,0,0,0,0,0,0,0,0,0,0,0,0,0,0,0,0,0,0,0,0,0,0,0,0,0,0,0,0,0,0,0,0,"","","","","",""
1699,Ujjani Dam Rain Gauge,Maharashtra SW,27,Maharashtra,496,Solapur,-,-,-,-,-,-,-,-,-,18.07402000,75.12002000,31-01-2024 21:00,0,0,0,0,0,0,0,0,0,0,0,0,0,0,0,0,0,0,0,0,0,0,0,0,0,0,0,0,0,0,0,0,0,0,0,0,0,0,0,0,0,0,0,0,"","","","","",""
1700,Ujjani Dam Rain Gauge,Maharashtra SW,27,Maharashtra,496,Solapur,-,-,-,-,-,-,-,-,-,18.07402000,75.12002000,31-01-2024 22:00,0,0,0,0,0,0,0,0,0,0,0,0,0,0,0,0,0,0,0,0,0,0,0,0,0,0,0,0,0,0,0,0,0,0,0,0,0,0,0,0,0,0,0,0,"","","","","",""
1701,Ujjani Dam Rain Gauge,Maharashtra SW,27,Maharashtra,496,Solapur,-,-,-,-,-,-,-,-,-,18.07402000,75.12002000,31-01-2024 23:00,0,0,0,0,0,0,0,0,0,0,0,0,0,0,0,0,0,0,0,0,0,0,0,0,0,0,0,0,0,0,0,0,0,0,0,0,0,0,0,0,0,0,0,0,"","","","","",""
1702,Ujjani Dam Rain Gauge,Maharashtra SW,27,Maharashtra,496,Solapur,-,-,-,-,-,-,-,-,-,18.07402000,75.12002000,01-02-2024 01:00,0,0,0,0,0,0,0,0,0,0,0,0,0,0,0,0,0,0,0,0,0,0,0,0,0,0,0,0,0,0,0,0,0,0,0,0,0,0,0,0,0,0,0,0,"","","","","",""
1703,Ujjani Dam Rain Gauge,Maharashtra SW,27,Maharashtra,496,Solapur,-,-,-,-,-,-,-,-,-,18.07402000,75.12002000,01-02-2024 02:00,0,0,0,0,0,0,0,0,0,0,0,0,0,0,0,0,0,0,0,0,0,0,0,0,0,0,0,0,0,0,0,0,0,0,0,0,0,0,0,0,0,0,0,0,"","","","","",""
1704,Ujjani Dam Rain Gauge,Maharashtra SW,27,Maharashtra,496,Solapur,-,-,-,-,-,-,-,-,-,18.07402000,75.12002000,01-02-2024 04:00,0,0,0,0,0,0,0,0,0,0,0,0,0,0,0,0,0,0,0,0,0,0,0,0,0,0,0,0,0,0,0,0,0,0,0,0,0,0,0,0,0,0,0,0,"","","","","",""
1705,Ujjani Dam Rain Gauge,Maharashtra SW,27,Maharashtra,496,Solapur,-,-,-,-,-,-,-,-,-,18.07402000,75.12002000,01-02-2024 05:00,0,0,0,0,0,0,0,0,0,0,0,0,0,0,0,0,0,0,0,0,0,0,0,0,0,0,0,0,0,0,0,0,0,0,0,0,0,0,0,0,0,0,0,0,"","","","","",""
1706,Ujjani Dam Rain Gauge,Maharashtra SW,27,Maharashtra,496,Solapur,-,-,-,-,-,-,-,-,-,18.07402000,75.12002000,01-02-2024 07:00,0,0,0,0,0,0,0,0,0,0,0,0,0,0,0,0,0,0,0,0,0,0,0,0,0,0,0,0,0,0,0,0,0,0,0,0,0,0,0,0,0,0,0,0,"","","","","",""
1707,Ujjani Dam Rain Gauge,Maharashtra SW,27,Maharashtra,496,Solapur,-,-,-,-,-,-,-,-,-,18.07402000,75.12002000,01-02-2024 08:00,0,0,0,0,0,0,0,0,0,0,0,0,0,0,0,0,0,0,0,0,0,0,0,0,0,0,0,0,0,0,0,0,0,0,0,0,0,0,0,0,0,0,0,0,"","","","","",""
1708,Ujjani Dam Rain Gauge,Maharashtra SW,27,Maharashtra,496,Solapur,-,-,-,-,-,-,-,-,-,18.07402000,75.12002000,01-02-2024 10:00,0,0,0,0,0,0,0,0,0,0,0,0,0,0,0,0,0,0,0,0,0,0,0,0,0,0,0,0,0,0,0,0,0,0,0,0,0,0,0,0,0,0,0,0,"","","","","",""
1709,Ujjani Dam Rain Gauge,Maharashtra SW,27,Maharashtra,496,Solapur,-,-,-,-,-,-,-,-,-,18.07402000,75.12002000,01-02-2024 11:00,0,0,0,0,0,0,0,0,0,0,0,0,0,0,0,0,0,0,0,0,0,0,0,0,0,0,0,0,0,0,0,0,0,0,0,0,0,0,0,0,0,0,0,0,"","","","","",""
1710,Ujjani Dam Rain Gauge,Maharashtra SW,27,Maharashtra,496,Solapur,-,-,-,-,-,-,-,-,-,18.07402000,75.12002000,01-02-2024 13:00,0,0,0,0,0,0,0,0,0,0,0,0,0,0,0,0,0,0,0,0,0,0,0,0,0,0,0,0,0,0,0,0,0,0,0,0,0,0,0,0,0,0,0,0,"","","","","",""
1711,Ujjani Dam Rain Gauge,Maharashtra SW,27,Maharashtra,496,Solapur,-,-,-,-,-,-,-,-,-,18.07402000,75.12002000,01-02-2024 14:00,0,0,0,0,0,0,0,0,0,0,0,0,0,0,0,0,0,0,0,0,0,0,0,0,0,0,0,0,0,0,0,0,0,0,0,0,0,0,0,0,0,0,0,0,"","","","","",""
1712,Ujjani Dam Rain Gauge,Maharashtra SW,27,Maharashtra,496,Solapur,-,-,-,-,-,-,-,-,-,18.07402000,75.12002000,01-02-2024 16:00,0,0,0,0,0,0,0,0,0,0,0,0,0,0,0,0,0,0,0,0,0,0,0,0,0,0,0,0,0,0,0,0,0,0,0,0,0,0,0,0,0,0,0,0,"","","","","",""
1713,Ujjani Dam Rain Gauge,Maharashtra SW,27,Maharashtra,496,Solapur,-,-,-,-,-,-,-,-,-,18.07402000,75.12002000,02-02-2024 15:00,0,0,0,0,0,0,0,0,0,0,0,0,0,0,0,0,0,0,0,0,0,0,0,0,0,0,0,0,0,0,0,0,0,0,0,0,0,0,0,0,0,0,0,0,"","","","","",""
1714,Ujjani Dam Rain Gauge,Maharashtra SW,27,Maharashtra,496,Solapur,-,-,-,-,-,-,-,-,-,18.07402000,75.12002000,02-02-2024 16:00,0,0,0,0,0,0,0,0,0,0,0,0,0,0,0,0,0,0,0,0,0,0,0,0,0,0,0,0,0,0,0,0,0,0,0,0,0,0,0,0,0,0,0,0,"","","","","",""
1715,Ujjani Dam Rain Gauge,Maharashtra SW,27,Maharashtra,496,Solapur,-,-,-,-,-,-,-,-,-,18.07402000,75.12002000,02-02-2024 17:00,0,0,0,0,0,0,0,0,0,0,0,0,0,0,0,0,0,0,0,0,0,0,0,0,0,0,0,0,0,0,0,0,0,0,0,0,0,0,0,0,0,0,0,0,"","","","","",""
1716,Ujjani Dam Rain Gauge,Maharashtra SW,27,Maharashtra,496,Solapur,-,-,-,-,-,-,-,-,-,18.07402000,75.12002000,02-02-2024 19:00,0,0,0,0,0,0,0,0,0,0,0,0,0,0,0,0,0,0,0,0,0,0,0,0,0,0,0,0,0,0,0,0,0,0,0,0,0,0,0,0,0,0,0,0,"","","","","",""
1717,Ujjani Dam Rain Gauge,Maharashtra SW,27,Maharashtra,496,Solapur,-,-,-,-,-,-,-,-,-,18.07402000,75.12002000,02-02-2024 20:00,0,0,0,0,0,0,0,0,0,0,0,0,0,0,0,0,0,0,0,0,0,0,0,0,0,0,0,0,0,0,0,0,0,0,0,0,0,0,0,0,0,0,0,0,"","","","","",""
1718,Ujjani Dam Rain Gauge,Maharashtra SW,27,Maharashtra,496,Solapur,-,-,-,-,-,-,-,-,-,18.07402000,75.12002000,02-02-2024 22:00,0,0,0,0,0,0,0,0,0,0,0,0,0,0,0,0,0,0,0,0,0,0,0,0,0,0,0,0,0,0,0,0,0,0,0,0,0,0,0,0,0,0,0,0,"","","","","",""
1719,Ujjani Dam Rain Gauge,Maharashtra SW,27,Maharashtra,496,Solapur,-,-,-,-,-,-,-,-,-,18.07402000,75.12002000,03-02-2024 14:00,0,"","","","","","","","","","","","","","","","","","","","","","","","","","","","","","","","","","","","","","","","","","","","","","","","",""
1720,Ujjani Dam Rain Gauge,Maharashtra SW,27,Maharashtra,496,Solapur,-,-,-,-,-,-,-,-,-,18.07402000,75.12002000,04-02-2024 00:00,0,0,0,0,0,0,0,0,0,0,0,0,0,0,0,0,0,0,0,0,0,0,0,0,0,0,0,0,0,0,0,0,0,0,0,0,0,0,0,0,0,0,0,0,"","","","","",""
1721,Ujjani Dam Rain Gauge,Maharashtra SW,27,Maharashtra,496,Solapur,-,-,-,-,-,-,-,-,-,18.07402000,75.12002000,04-02-2024 01:00,0,0,0,0,0,0,0,0,0,0,0,0,0,0,0,0,0,0,0,0,0,0,0,0,0,0,0,0,0,0,0,0,0,0,0,0,0,0,0,0,0,0,0,0,"","","","","",""
1722,Ujjani Dam Rain Gauge,Maharashtra SW,27,Maharashtra,496,Solapur,-,-,-,-,-,-,-,-,-,18.07402000,75.12002000,04-02-2024 02:00,0,0,0,0,0,0,0,0,0,0,0,0,0,0,0,0,0,0,0,0,0,0,0,0,0,0,0,0,0,0,0,0,0,0,0,0,0,0,0,0,0,0,0,0,"","","","","",""
1723,Ujjani Dam Rain Gauge,Maharashtra SW,27,Maharashtra,496,Solapur,-,-,-,-,-,-,-,-,-,18.07402000,75.12002000,04-02-2024 06:00,0,0,0,0,0,0,0,0,0,0,0,0,0,0,0,0,0,0,0,0,0,0,0,0,0,0,0,0,0,0,0,0,0,0,0,0,0,0,0,0,0,0,0,0,"","","","","",""
1724,Ujjani Dam Rain Gauge,Maharashtra SW,27,Maharashtra,496,Solapur,-,-,-,-,-,-,-,-,-,18.07402000,75.12002000,04-02-2024 07:00,0,0,0,0,0,0,0,0,0,0,0,0,0,0,0,0,0,0,0,0,0,0,0,0,0,0,0,0,0,0,0,0,0,0,0,0,0,0,0,0,0,0,0,0,"","","","","",""
1725,Ujjani Dam Rain Gauge,Maharashtra SW,27,Maharashtra,496,Solapur,-,-,-,-,-,-,-,-,-,18.07402000,75.12002000,04-02-2024 08:00,0,0,0,0,0,0,0,0,0,0,0,0,0,0,0,0,0,0,0,0,0,0,0,0,0,0,0,0,0,0,0,0,0,0,0,0,0,0,0,0,0,0,0,0,"","","","","",""
1726,Ujjani Dam Rain Gauge,Maharashtra SW,27,Maharashtra,496,Solapur,-,-,-,-,-,-,-,-,-,18.07402000,75.12002000,04-02-2024 09:00,0,0,0,0,0,0,0,0,0,0,0,0,0,0,0,0,0,0,0,0,0,0,0,0,0,0,0,0,0,0,0,0,0,0,0,0,0,0,0,0,0,0,0,0,"","","","","",""
1727,Ujjani Dam Rain Gauge,Maharashtra SW,27,Maharashtra,496,Solapur,-,-,-,-,-,-,-,-,-,18.07402000,75.12002000,04-02-2024 11:00,0,0,0,0,0,0,0,0,0,0,0,0,0,0,0,0,0,0,0,0,0,0,0,0,0,0,0,0,0,0,0,0,0,0,0,0,0,0,0,0,0,0,0,0,"","","","","",""
1728,Ujjani Dam Rain Gauge,Maharashtra SW,27,Maharashtra,496,Solapur,-,-,-,-,-,-,-,-,-,18.07402000,75.12002000,04-02-2024 12:00,0,0,0,0,0,0,0,0,0,0,0,0,0,0,0,0,0,0,0,0,0,0,0,0,0,0,0,0,0,0,0,0,0,0,0,0,0,0,0,0,0,0,0,0,"","","","","",""
1729,Ujjani Dam Rain Gauge,Maharashtra SW,27,Maharashtra,496,Solapur,-,-,-,-,-,-,-,-,-,18.07402000,75.12002000,04-02-2024 14:00,0,0,0,0,0,0,0,0,0,0,0,0,0,0,0,0,0,0,0,0,0,0,0,0,0,0,0,0,0,0,0,0,0,0,0,0,0,0,0,0,0,0,0,0,"","","","","",""
1730,Ujjani Dam Rain Gauge,Maharashtra SW,27,Maharashtra,496,Solapur,-,-,-,-,-,-,-,-,-,18.07402000,75.12002000,04-02-2024 15:00,0,0,0,0,0,0,0,0,0,0,0,0,0,0,0,0,0,0,0,0,0,0,0,0,0,0,0,0,0,0,0,0,0,0,0,0,0,0,0,0,0,0,0,0,"","","","","",""
1731,Ujjani Dam Rain Gauge,Maharashtra SW,27,Maharashtra,496,Solapur,-,-,-,-,-,-,-,-,-,18.07402000,75.12002000,04-02-2024 17:00,0,0,0,0,0,0,0,0,0,0,0,0,0,0,0,0,0,0,0,0,0,0,0,0,0,0,0,0,0,0,0,0,0,0,0,0,0,0,0,0,0,0,0,0,"","","","","",""
1732,Ujjani Dam Rain Gauge,Maharashtra SW,27,Maharashtra,496,Solapur,-,-,-,-,-,-,-,-,-,18.07402000,75.12002000,04-02-2024 18:00,0,0,0,0,0,0,0,0,0,0,0,0,0,0,0,0,0,0,0,0,0,0,0,0,0,0,0,0,0,0,0,0,0,0,0,0,0,0,0,0,0,0,0,0,"","","","","",""
1733,Ujjani Dam Rain Gauge,Maharashtra SW,27,Maharashtra,496,Solapur,-,-,-,-,-,-,-,-,-,18.07402000,75.12002000,04-02-2024 19:00,0,0,0,0,0,0,0,0,0,0,0,0,0,0,0,0,0,0,0,0,0,0,0,0,0,0,0,0,0,0,0,0,0,0,0,0,0,0,0,0,0,0,0,0,"","","","","",""
1734,Ujjani Dam Rain Gauge,Maharashtra SW,27,Maharashtra,496,Solapur,-,-,-,-,-,-,-,-,-,18.07402000,75.12002000,04-02-2024 21:00,0,0,0,0,0,0,0,0,0,0,0,0,0,0,0,0,0,0,0,0,0,0,0,0,0,0,0,0,0,0,0,0,0,0,0,0,0,0,0,0,0,0,0,0,"","","","","",""
1735,Ujjani Dam Rain Gauge,Maharashtra SW,27,Maharashtra,496,Solapur,-,-,-,-,-,-,-,-,-,18.07402000,75.12002000,04-02-2024 22:00,0,0,0,0,0,0,0,0,0,0,0,0,0,0,0,0,0,0,0,0,0,0,0,0,0,0,0,0,0,0,0,0,0,0,0,0,0,0,0,0,0,0,0,0,"","","","","",""
1736,Ujjani Dam Rain Gauge,Maharashtra SW,27,Maharashtra,496,Solapur,-,-,-,-,-,-,-,-,-,18.07402000,75.12002000,05-02-2024 00:00,0,0,0,0,0,0,0,0,0,0,0,0,0,0,0,0,0,0,0,0,0,0,0,0,0,0,0,0,0,0,0,0,0,0,0,0,0,0,0,0,0,0,0,0,"","","","","",""
1737,Ujjani Dam Rain Gauge,Maharashtra SW,27,Maharashtra,496,Solapur,-,-,-,-,-,-,-,-,-,18.07402000,75.12002000,05-02-2024 01:00,0,0,0,0,0,0,0,0,0,0,0,0,0,0,0,0,0,0,0,0,0,0,0,0,0,0,0,0,0,0,0,0,0,0,0,0,0,0,0,0,0,0,0,0,"","","","","",""
1738,Ujjani Dam Rain Gauge,Maharashtra SW,27,Maharashtra,496,Solapur,-,-,-,-,-,-,-,-,-,18.07402000,75.12002000,05-02-2024 03:00,0,0,0,0,0,0,0,0,0,0,0,0,0,0,0,0,0,0,0,0,0,0,0,0,0,0,0,0,0,0,0,0,0,0,0,0,0,0,0,0,0,0,0,0,"","","","","",""
1739,Ujjani Dam Rain Gauge,Maharashtra SW,27,Maharashtra,496,Solapur,-,-,-,-,-,-,-,-,-,18.07402000,75.12002000,05-02-2024 04:00,0,0,0,0,0,0,0,0,0,0,0,0,0,0,0,0,0,0,0,0,0,0,0,0,0,0,0,0,0,0,0,0,0,0,0,0,0,0,0,0,0,0,0,0,"","","","","",""
1740,Ujjani Dam Rain Gauge,Maharashtra SW,27,Maharashtra,496,Solapur,-,-,-,-,-,-,-,-,-,18.07402000,75.12002000,05-02-2024 06:00,0,0,0,0,0,0,0,0,0,0,0,0,0,0,0,0,0,0,0,0,0,0,0,0,0,0,0,0,0,0,0,0,0,0,0,0,0,0,0,0,0,0,0,0,"","","","","",""
1741,Ujjani Dam Rain Gauge,Maharashtra SW,27,Maharashtra,496,Solapur,-,-,-,-,-,-,-,-,-,18.07402000,75.12002000,05-02-2024 07:00,0,0,0,0,0,0,0,0,0,0,0,0,0,0,0,0,0,0,0,0,0,0,0,0,0,0,0,0,0,0,0,0,0,0,0,0,0,0,0,0,0,0,0,0,"","","","","",""
1742,Ujjani Dam Rain Gauge,Maharashtra SW,27,Maharashtra,496,Solapur,-,-,-,-,-,-,-,-,-,18.07402000,75.12002000,05-02-2024 09:00,0,0,0,0,0,0,0,0,0,0,0,0,0,0,0,0,0,0,0,0,0,0,0,0,0,0,0,0,0,0,0,0,0,0,0,0,0,0,0,0,0,0,0,0,"","","","","",""
1743,Ujjani Dam Rain Gauge,Maharashtra SW,27,Maharashtra,496,Solapur,-,-,-,-,-,-,-,-,-,18.07402000,75.12002000,05-02-2024 10:00,0,0,0,0,0,0,0,0,0,0,0,0,0,0,0,0,0,0,0,0,0,0,0,0,0,0,0,0,0,0,0,0,0,0,0,0,0,0,0,0,0,0,0,0,"","","","","",""
1744,Ujjani Dam Rain Gauge,Maharashtra SW,27,Maharashtra,496,Solapur,-,-,-,-,-,-,-,-,-,18.07402000,75.12002000,05-02-2024 15:00,0,0,0,0,0,0,0,0,0,0,0,0,0,0,0,0,0,0,0,0,0,0,0,0,0,0,0,0,0,0,0,0,0,0,0,0,0,0,0,0,0,0,0,0,"","","","","",""
1745,Ujjani Dam Rain Gauge,Maharashtra SW,27,Maharashtra,496,Solapur,-,-,-,-,-,-,-,-,-,18.07402000,75.12002000,05-02-2024 16:00,0,0,0,0,0,0,0,0,0,0,0,0,0,0,0,0,0,0,0,0,0,0,0,0,0,0,0,0,0,0,0,0,0,0,0,0,0,0,0,0,0,0,0,0,"","","","","",""
1746,Ujjani Dam Rain Gauge,Maharashtra SW,27,Maharashtra,496,Solapur,-,-,-,-,-,-,-,-,-,18.07402000,75.12002000,05-02-2024 18:00,0,0,0,0,0,0,0,0,0,0,0,0,0,0,0,0,0,0,0,0,0,0,0,0,0,0,0,0,0,0,0,0,0,0,0,0,0,0,0,0,0,0,0,0,"","","","","",""
1747,Ujjani Dam Rain Gauge,Maharashtra SW,27,Maharashtra,496,Solapur,-,-,-,-,-,-,-,-,-,18.07402000,75.12002000,05-02-2024 19:00,0,0,0,0,0,0,0,0,0,0,0,0,0,0,0,0,0,0,0,0,0,0,0,0,0,0,0,0,0,0,0,0,0,0,0,0,0,0,0,0,0,0,0,0,"","","","","",""
1748,Ujjani Dam Rain Gauge,Maharashtra SW,27,Maharashtra,496,Solapur,-,-,-,-,-,-,-,-,-,18.07402000,75.12002000,05-02-2024 21:00,0,0,0,0,0,0,0,0,0,0,0,0,0,0,0,0,0,0,0,0,0,0,0,0,0,0,0,0,0,0,0,0,0,0,0,0,0,0,0,0,0,0,0,0,"","","","","",""
1749,Ujjani Dam Rain Gauge,Maharashtra SW,27,Maharashtra,496,Solapur,-,-,-,-,-,-,-,-,-,18.07402000,75.12002000,05-02-2024 22:00,0,0,0,0,0,0,0,0,0,0,0,0,0,0,0,0,0,0,0,0,0,0,0,0,0,0,0,0,0,0,0,0,0,0,0,0,0,0,0,0,0,0,0,0,"","","","","",""
1750,Ujjani Dam Rain Gauge,Maharashtra SW,27,Maharashtra,496,Solapur,-,-,-,-,-,-,-,-,-,18.07402000,75.12002000,05-02-2024 23:00,0,0,0,0,0,0,0,0,0,0,0,0,0,0,0,0,0,0,0,0,0,0,0,0,0,0,0,0,0,0,0,0,0,0,0,0,0,0,0,0,0,0,0,0,"","","","","",""
1751,Ujjani Dam Rain Gauge,Maharashtra SW,27,Maharashtra,496,Solapur,-,-,-,-,-,-,-,-,-,18.07402000,75.12002000,06-02-2024 01:00,0,0,0,0,0,0,0,0,0,0,0,0,0,0,0,0,0,0,0,0,0,0,0,0,0,0,0,0,0,0,0,0,0,0,0,0,0,0,0,0,0,0,0,0,"","","","","",""
1752,Ujjani Dam Rain Gauge,Maharashtra SW,27,Maharashtra,496,Solapur,-,-,-,-,-,-,-,-,-,18.07402000,75.12002000,06-02-2024 02:00,0,0,0,0,0,0,0,0,0,0,0,0,0,0,0,0,0,0,0,0,0,0,0,0,0,0,0,0,0,0,0,0,0,0,0,0,0,0,0,0,0,0,0,0,"","","","","",""
1753,Ujjani Dam Rain Gauge,Maharashtra SW,27,Maharashtra,496,Solapur,-,-,-,-,-,-,-,-,-,18.07402000,75.12002000,06-02-2024 04:00,0,0,0,0,0,0,0,0,0,0,0,0,0,0,0,0,0,0,0,0,0,0,0,0,0,0,0,0,0,0,0,0,0,0,0,0,0,0,0,0,0,0,0,0,"","","","","",""
1754,Ujjani Dam Rain Gauge,Maharashtra SW,27,Maharashtra,496,Solapur,-,-,-,-,-,-,-,-,-,18.07402000,75.12002000,06-02-2024 05:00,0,0,0,0,0,0,0,0,0,0,0,0,0,0,0,0,0,0,0,0,0,0,0,0,0,0,0,0,0,0,0,0,0,0,0,0,0,0,0,0,0,0,0,0,"","","","","",""
1755,Ujjani Dam Rain Gauge,Maharashtra SW,27,Maharashtra,496,Solapur,-,-,-,-,-,-,-,-,-,18.07402000,75.12002000,06-02-2024 07:00,0,0,0,0,0,0,0,0,0,0,0,0,0,0,0,0,0,0,0,0,0,0,0,0,0,0,0,0,0,0,0,0,0,0,0,0,0,0,0,0,0,0,0,0,"","","","","",""
1756,Ujjani Dam Rain Gauge,Maharashtra SW,27,Maharashtra,496,Solapur,-,-,-,-,-,-,-,-,-,18.07402000,75.12002000,06-02-2024 08:00,0,0,0,0,0,0,0,0,0,0,0,0,0,0,0,0,0,0,0,0,0,0,0,0,0,0,0,0,0,0,0,0,0,0,0,0,0,0,0,0,0,0,0,0,"","","","","",""
1757,Ujjani Dam Rain Gauge,Maharashtra SW,27,Maharashtra,496,Solapur,-,-,-,-,-,-,-,-,-,18.07402000,75.12002000,06-02-2024 10:00,0,0,0,0,0,0,0,0,0,0,0,0,0,0,0,0,0,0,0,0,0,0,0,0,0,0,0,0,0,0,0,0,0,0,0,0,0,0,0,0,0,0,0,0,"","","","","",""
1758,Ujjani Dam Rain Gauge,Maharashtra SW,27,Maharashtra,496,Solapur,-,-,-,-,-,-,-,-,-,18.07402000,75.12002000,06-02-2024 11:00,0,0,0,0,0,0,0,0,0,0,0,0,0,0,0,0,0,0,0,0,0,0,0,0,0,0,0,0,0,0,0,0,0,0,0,0,0,0,0,0,0,0,0,0,"","","","","",""
1759,Ujjani Dam Rain Gauge,Maharashtra SW,27,Maharashtra,496,Solapur,-,-,-,-,-,-,-,-,-,18.07402000,75.12002000,06-02-2024 13:00,0,0,0,0,0,0,0,0,0,0,0,0,0,0,0,0,0,0,0,0,0,0,0,0,0,0,0,0,0,0,0,0,0,0,0,0,0,0,0,0,0,0,0,0,"","","","","",""
1760,Ujjani Dam Rain Gauge,Maharashtra SW,27,Maharashtra,496,Solapur,-,-,-,-,-,-,-,-,-,18.07402000,75.12002000,06-02-2024 14:00,0,0,0,0,0,0,0,0,0,0,0,0,0,0,0,0,0,0,0,0,0,0,0,0,0,0,0,0,0,0,0,0,0,0,0,0,0,0,0,0,0,0,0,0,"","","","","",""
1761,Ujjani Dam Rain Gauge,Maharashtra SW,27,Maharashtra,496,Solapur,-,-,-,-,-,-,-,-,-,18.07402000,75.12002000,06-02-2024 16:00,0,0,0,0,0,0,0,0,0,0,0,0,0,0,0,0,0,0,0,0,0,0,0,0,0,0,0,0,0,0,0,0,0,0,0,0,0,0,0,0,0,0,0,0,"","","","","",""
1762,Ujjani Dam Rain Gauge,Maharashtra SW,27,Maharashtra,496,Solapur,-,-,-,-,-,-,-,-,-,18.07402000,75.12002000,06-02-2024 17:00,0,0,0,0,0,0,0,0,0,0,0,0,0,0,0,0,0,0,0,0,0,0,0,0,0,0,0,0,0,0,0,0,0,0,0,0,0,0,0,0,0,0,0,0,"","","","","",""
1763,Ujjani Dam Rain Gauge,Maharashtra SW,27,Maharashtra,496,Solapur,-,-,-,-,-,-,-,-,-,18.07402000,75.12002000,06-02-2024 19:00,0,0,0,0,0,0,0,0,0,0,0,0,0,0,0,0,0,0,0,0,0,0,0,0,0,0,0,0,0,0,0,0,0,0,0,0,0,0,0,0,0,0,0,0,"","","","","",""
1764,Ujjani Dam Rain Gauge,Maharashtra SW,27,Maharashtra,496,Solapur,-,-,-,-,-,-,-,-,-,18.07402000,75.12002000,06-02-2024 20:00,0,0,0,0,0,0,0,0,0,0,0,0,0,0,0,0,0,0,0,0,0,0,0,0,0,0,0,0,0,0,0,0,0,0,0,0,0,0,0,0,0,0,0,0,"","","","","",""
1765,Ujjani Dam Rain Gauge,Maharashtra SW,27,Maharashtra,496,Solapur,-,-,-,-,-,-,-,-,-,18.07402000,75.12002000,06-02-2024 22:00,0,0,0,0,0,0,0,0,0,0,0,0,0,0,0,0,0,0,0,0,0,0,0,0,0,0,0,0,0,0,0,0,0,0,0,0,0,0,0,0,0,0,0,0,"","","","","",""
1766,Ujjani Dam Rain Gauge,Maharashtra SW,27,Maharashtra,496,Solapur,-,-,-,-,-,-,-,-,-,18.07402000,75.12002000,06-02-2024 23:00,0,0,0,0,0,0,0,0,0,0,0,0,0,0,0,0,0,0,0,0,0,0,0,0,0,0,0,0,0,0,0,0,0,0,0,0,0,0,0,0,0,0,0,0,"","","","","",""
1767,Ujjani Dam Rain Gauge,Maharashtra SW,27,Maharashtra,496,Solapur,-,-,-,-,-,-,-,-,-,18.07402000,75.12002000,07-02-2024 01:00,0,0,0,0,0,0,0,0,0,0,0,0,0,0,0,0,0,0,0,0,0,0,0,0,0,0,0,0,0,0,0,0,0,0,0,0,0,0,0,0,0,0,0,0,"","","","","",""
1768,Ujjani Dam Rain Gauge,Maharashtra SW,27,Maharashtra,496,Solapur,-,-,-,-,-,-,-,-,-,18.07402000,75.12002000,07-02-2024 02:00,0,0,0,0,0,0,0,0,0,0,0,0,0,0,0,0,0,0,0,0,0,0,0,0,0,0,0,0,0,0,0,0,0,0,0,0,0,0,0,0,0,0,0,0,"","","","","",""
1769,Ujjani Dam Rain Gauge,Maharashtra SW,27,Maharashtra,496,Solapur,-,-,-,-,-,-,-,-,-,18.07402000,75.12002000,07-02-2024 03:00,0,0,0,0,0,0,0,0,0,0,0,0,0,0,0,0,0,0,0,0,0,0,0,0,0,0,0,0,0,0,0,0,0,0,0,0,0,0,0,0,0,0,0,0,"","","","","",""
1770,Ujjani Dam Rain Gauge,Maharashtra SW,27,Maharashtra,496,Solapur,-,-,-,-,-,-,-,-,-,18.07402000,75.12002000,07-02-2024 05:00,0,0,0,0,0,0,0,0,0,0,0,0,0,0,0,0,0,0,0,0,0,0,0,0,0,0,0,0,0,0,0,0,0,0,0,0,0,0,0,0,0,0,0,0,"","","","","",""
1771,Ujjani Dam Rain Gauge,Maharashtra SW,27,Maharashtra,496,Solapur,-,-,-,-,-,-,-,-,-,18.07402000,75.12002000,07-02-2024 06:00,0,0,0,0,0,0,0,0,0,0,0,0,0,0,0,0,0,0,0,0,0,0,0,0,0,0,0,0,0,0,0,0,0,0,0,0,0,0,0,0,0,0,0,0,"","","","","",""
1772,Ujjani Dam Rain Gauge,Maharashtra SW,27,Maharashtra,496,Solapur,-,-,-,-,-,-,-,-,-,18.07402000,75.12002000,07-02-2024 08:00,0,0,0,0,0,0,0,0,0,0,0,0,0,0,0,0,0,0,0,0,0,0,0,0,0,0,0,0,0,0,0,0,0,0,0,0,0,0,0,0,0,0,0,0,"","","","","",""
1773,Ujjani Dam Rain Gauge,Maharashtra SW,27,Maharashtra,496,Solapur,-,-,-,-,-,-,-,-,-,18.07402000,75.12002000,07-02-2024 09:00,0,0,0,0,0,0,0,0,0,0,0,0,0,0,0,0,0,0,0,0,0,0,0,0,0,0,0,0,0,0,0,0,0,0,0,0,0,0,0,0,0,0,0,0,"","","","","",""
1774,Ujjani Dam Rain Gauge,Maharashtra SW,27,Maharashtra,496,Solapur,-,-,-,-,-,-,-,-,-,18.07402000,75.12002000,07-02-2024 11:00,0,0,0,0,0,0,0,0,0,0,0,0,0,0,0,0,0,0,0,0,0,0,0,0,0,0,0,0,0,0,0,0,0,0,0,0,0,0,0,0,0,0,0,0,"","","","","",""
1775,Ujjani Dam Rain Gauge,Maharashtra SW,27,Maharashtra,496,Solapur,-,-,-,-,-,-,-,-,-,18.07402000,75.12002000,07-02-2024 12:00,0,0,0,0,0,0,0,0,0,0,0,0,0,0,0,0,0,0,0,0,0,0,0,0,0,0,0,0,0,0,0,0,0,0,0,0,0,0,0,0,0,0,0,0,"","","","","",""
1776,Ujjani Dam Rain Gauge,Maharashtra SW,27,Maharashtra,496,Solapur,-,-,-,-,-,-,-,-,-,18.07402000,75.12002000,07-02-2024 13:00,0,0,0,0,0,0,0,0,0,0,0,0,0,0,0,0,0,0,0,0,0,0,0,0,0,0,0,0,0,0,0,0,0,0,0,0,0,0,0,0,0,0,0,0,"","","","","",""
1777,Ujjani Dam Rain Gauge,Maharashtra SW,27,Maharashtra,496,Solapur,-,-,-,-,-,-,-,-,-,18.07402000,75.12002000,08-02-2024 01:00,0,0,0,0,0,0,0,0,0,0,0,0,0,0,0,0,0,0,0,0,0,0,0,0,0,0,0,0,0,0,0,0,0,0,0,0,0,0,0,0,0,0,0,0,"","","","","",""
1778,Ujjani Dam Rain Gauge,Maharashtra SW,27,Maharashtra,496,Solapur,-,-,-,-,-,-,-,-,-,18.07402000,75.12002000,08-02-2024 03:00,0,0,0,0,0,0,0,0,0,0,0,0,0,0,0,0,0,0,0,0,0,0,0,0,0,0,0,0,0,0,0,0,0,0,0,0,0,0,0,0,0,0,0,0,"","","","","",""
1779,Ujjani Dam Rain Gauge,Maharashtra SW,27,Maharashtra,496,Solapur,-,-,-,-,-,-,-,-,-,18.07402000,75.12002000,08-02-2024 04:00,0,0,0,0,0,0,0,0,0,0,0,0,0,0,0,0,0,0,0,0,0,0,0,0,0,0,0,0,0,0,0,0,0,0,0,0,0,0,0,0,0,0,0,0,"","","","","",""
1780,Ujjani Dam Rain Gauge,Maharashtra SW,27,Maharashtra,496,Solapur,-,-,-,-,-,-,-,-,-,18.07402000,75.12002000,08-02-2024 05:00,0,0,0,0,0,0,0,0,0,0,0,0,0,0,0,0,0,0,0,0,0,0,0,0,0,0,0,0,0,0,0,0,0,0,0,0,0,0,0,0,0,0,0,0,"","","","","",""
1781,Ujjani Dam Rain Gauge,Maharashtra SW,27,Maharashtra,496,Solapur,-,-,-,-,-,-,-,-,-,18.07402000,75.12002000,08-02-2024 07:00,0,0,0,0,0,0,0,0,0,0,0,0,0,0,0,0,0,0,0,0,0,0,0,0,0,0,0,0,0,0,0,0,0,0,0,0,0,0,0,0,0,0,0,0,"","","","","",""
1782,Ujjani Dam Rain Gauge,Maharashtra SW,27,Maharashtra,496,Solapur,-,-,-,-,-,-,-,-,-,18.07402000,75.12002000,08-02-2024 08:00,0,0,0,0,0,0,0,0,0,0,0,0,0,0,0,0,0,0,0,0,0,0,0,0,0,0,0,0,0,0,0,0,0,0,0,0,0,0,0,0,0,0,0,0,"","","","","",""
1783,Ujjani Dam Rain Gauge,Maharashtra SW,27,Maharashtra,496,Solapur,-,-,-,-,-,-,-,-,-,18.07402000,75.12002000,08-02-2024 10:00,0,0,0,0,0,0,0,0,0,0,0,0,0,0,0,0,0,0,0,0,0,0,0,0,0,0,0,0,0,0,0,0,0,0,0,0,0,0,0,0,0,0,0,0,"","","","","",""
1784,Ujjani Dam Rain Gauge,Maharashtra SW,27,Maharashtra,496,Solapur,-,-,-,-,-,-,-,-,-,18.07402000,75.12002000,08-02-2024 11:00,0,0,0,0,0,0,0,0,0,0,0,0,0,0,0,0,0,0,0,0,0,0,0,0,0,0,0,0,0,0,0,0,0,0,0,0,0,0,0,0,0,0,0,0,"","","","","",""
1785,Ujjani Dam Rain Gauge,Maharashtra SW,27,Maharashtra,496,Solapur,-,-,-,-,-,-,-,-,-,18.07402000,75.12002000,08-02-2024 13:00,0,0,0,0,0,0,0,0,0,0,0,0,0,0,0,0,0,0,0,0,0,0,0,0,0,0,0,0,0,0,0,0,0,0,0,0,0,0,0,0,0,0,0,0,"","","","","",""
1786,Ujjani Dam Rain Gauge,Maharashtra SW,27,Maharashtra,496,Solapur,-,-,-,-,-,-,-,-,-,18.07402000,75.12002000,08-02-2024 14:00,0,0,0,0,0,0,0,0,0,0,0,0,0,0,0,0,0,0,0,0,0,0,0,0,0,0,0,0,0,0,0,0,0,0,0,0,0,0,0,0,0,0,0,0,"","","","","",""
1787,Ujjani Dam Rain Gauge,Maharashtra SW,27,Maharashtra,496,Solapur,-,-,-,-,-,-,-,-,-,18.07402000,75.12002000,08-02-2024 16:00,0,0,0,0,0,0,0,0,0,0,0,0,0,0,0,0,0,0,0,0,0,0,0,0,0,0,0,0,0,0,0,0,0,0,0,0,0,0,0,0,0,0,0,0,"","","","","",""
1788,Ujjani Dam Rain Gauge,Maharashtra SW,27,Maharashtra,496,Solapur,-,-,-,-,-,-,-,-,-,18.07402000,75.12002000,08-02-2024 17:00,0,0,0,0,0,0,0,0,0,0,0,0,0,0,0,0,0,0,0,0,0,0,0,0,0,0,0,0,0,0,0,0,0,0,0,0,0,0,0,0,0,0,0,0,"","","","","",""
1789,Ujjani Dam Rain Gauge,Maharashtra SW,27,Maharashtra,496,Solapur,-,-,-,-,-,-,-,-,-,18.07402000,75.12002000,08-02-2024 19:00,0,0,0,0,0,0,0,0,0,0,0,0,0,0,0,0,0,0,0,0,0,0,0,0,0,0,0,0,0,0,0,0,0,0,0,0,0,0,0,0,0,0,0,0,"","","","","",""
1790,Ujjani Dam Rain Gauge,Maharashtra SW,27,Maharashtra,496,Solapur,-,-,-,-,-,-,-,-,-,18.07402000,75.12002000,08-02-2024 20:00,0,0,0,0,0,0,0,0,0,0,0,0,0,0,0,0,0,0,0,0,0,0,0,0,0,0,0,0,0,0,0,0,0,0,0,0,0,0,0,0,0,0,0,0,"","","","","",""
1791,Ujjani Dam Rain Gauge,Maharashtra SW,27,Maharashtra,496,Solapur,-,-,-,-,-,-,-,-,-,18.07402000,75.12002000,08-02-2024 22:00,0,0,0,0,0,0,0,0,0,0,0,0,0,0,0,0,0,0,0,0,0,0,0,0,0,0,0,0,0,0,0,0,0,0,0,0,0,0,0,0,0,0,0,0,"","","","","",""
1792,Ujjani Dam Rain Gauge,Maharashtra SW,27,Maharashtra,496,Solapur,-,-,-,-,-,-,-,-,-,18.07402000,75.12002000,08-02-2024 23:00,0,0,0,0,0,0,0,0,0,0,0,0,0,0,0,0,0,0,0,0,0,0,0,0,0,0,0,0,0,0,0,0,0,0,0,0,0,0,0,0,0,0,0,0,"","","","","",""
1793,Ujjani Dam Rain Gauge,Maharashtra SW,27,Maharashtra,496,Solapur,-,-,-,-,-,-,-,-,-,18.07402000,75.12002000,09-02-2024 01:00,0,0,0,0,0,0,0,0,0,0,0,0,0,0,0,0,0,0,0,0,0,0,0,0,0,0,0,0,0,0,0,0,0,0,0,0,0,0,0,0,0,0,0,0,"","","","","",""
1794,Ujjani Dam Rain Gauge,Maharashtra SW,27,Maharashtra,496,Solapur,-,-,-,-,-,-,-,-,-,18.07402000,75.12002000,09-02-2024 02:00,0,0,0,0,0,0,0,0,0,0,0,0,0,0,0,0,0,0,0,0,0,0,0,0,0,0,0,0,0,0,0,0,0,0,0,0,0,0,0,0,0,0,0,0,"","","","","",""
1795,Ujjani Dam Rain Gauge,Maharashtra SW,27,Maharashtra,496,Solapur,-,-,-,-,-,-,-,-,-,18.07402000,75.12002000,09-02-2024 04:00,0,0,0,0,0,0,0,0,0,0,0,0,0,0,0,0,0,0,0,0,0,0,0,0,0,0,0,0,0,0,0,0,0,0,0,0,0,0,0,0,0,0,0,0,"","","","","",""
1796,Ujjani Dam Rain Gauge,Maharashtra SW,27,Maharashtra,496,Solapur,-,-,-,-,-,-,-,-,-,18.07402000,75.12002000,09-02-2024 05:00,0,0,0,0,0,0,0,0,0,0,0,0,0,0,0,0,0,0,0,0,0,0,0,0,0,0,0,0,0,0,0,0,0,0,0,0,0,0,0,0,0,0,0,0,"","","","","",""
1797,Ujjani Dam Rain Gauge,Maharashtra SW,27,Maharashtra,496,Solapur,-,-,-,-,-,-,-,-,-,18.07402000,75.12002000,09-02-2024 07:00,0,0,0,0,0,0,0,0,0,0,0,0,0,0,0,0,0,0,0,0,0,0,0,0,0,0,0,0,0,0,0,0,0,0,0,0,0,0,0,0,0,0,0,0,"","","","","",""
1798,Ujjani Dam Rain Gauge,Maharashtra SW,27,Maharashtra,496,Solapur,-,-,-,-,-,-,-,-,-,18.07402000,75.12002000,09-02-2024 08:00,0,0,0,0,0,0,0,0,0,0,0,0,0,0,0,0,0,0,0,0,0,0,0,0,0,0,0,0,0,0,0,0,0,0,0,0,0,0,0,0,0,0,0,0,"","","","","",""
1799,Ujjani Dam Rain Gauge,Maharashtra SW,27,Maharashtra,496,Solapur,-,-,-,-,-,-,-,-,-,18.07402000,75.12002000,09-02-2024 09:00,0,0,0,0,0,0,0,0,0,0,0,0,0,0,0,0,0,0,0,0,0,0,0,0,0,0,0,0,0,0,0,0,0,0,0,0,0,0,0,0,0,0,0,0,"","","","","",""
1800,Ujjani Dam Rain Gauge,Maharashtra SW,27,Maharashtra,496,Solapur,-,-,-,-,-,-,-,-,-,18.07402000,75.12002000,09-02-2024 11:00,0,0,0,0,0,0,0,0,0,0,0,0,0,0,0,0,0,0,0,0,0,0,0,0,0,0,0,0,0,0,0,0,0,0,0,0,0,0,0,0,0,0,0,0,"","","","","",""
1801,Ujjani Dam Rain Gauge,Maharashtra SW,27,Maharashtra,496,Solapur,-,-,-,-,-,-,-,-,-,18.07402000,75.12002000,09-02-2024 12:00,0,0,0,0,0,0,0,0,0,0,0,0,0,0,0,0,0,0,0,0,0,0,0,0,0,0,0,0,0,0,0,0,0,0,0,0,0,0,0,0,0,0,0,0,"","","","","",""
1802,Ujjani Dam Rain Gauge,Maharashtra SW,27,Maharashtra,496,Solapur,-,-,-,-,-,-,-,-,-,18.07402000,75.12002000,09-02-2024 14:00,0,0,0,0,0,0,0,0,0,0,0,0,0,0,0,0,0,0,0,0,0,0,0,0,0,0,0,0,0,0,0,0,0,0,0,0,0,0,0,0,0,0,0,0,"","","","","",""
1803,Ujjani Dam Rain Gauge,Maharashtra SW,27,Maharashtra,496,Solapur,-,-,-,-,-,-,-,-,-,18.07402000,75.12002000,09-02-2024 15:00,0,0,0,0,0,0,0,0,0,0,0,0,0,0,0,0,0,0,0,0,0,0,0,0,0,0,0,0,0,0,0,0,0,0,0,0,0,0,0,0,0,0,0,0,"","","","","",""
1804,Ujjani Dam Rain Gauge,Maharashtra SW,27,Maharashtra,496,Solapur,-,-,-,-,-,-,-,-,-,18.07402000,75.12002000,09-02-2024 17:00,0,0,0,0,0,0,0,0,0,0,0,0,0,0,0,0,0,0,0,0,0,0,0,0,0,0,0,0,0,0,0,0,0,0,0,0,0,0,0,0,0,0,0,0,"","","","","",""
1805,Ujjani Dam Rain Gauge,Maharashtra SW,27,Maharashtra,496,Solapur,-,-,-,-,-,-,-,-,-,18.07402000,75.12002000,09-02-2024 18:00,0,0,0,0,0,0,0,0,0,0,0,0,0,0,0,0,0,0,0,0,0,0,0,0,0,0,0,0,0,0,0,0,0,0,0,0,0,0,0,0,0,0,0,0,"","","","","",""
1806,Ujjani Dam Rain Gauge,Maharashtra SW,27,Maharashtra,496,Solapur,-,-,-,-,-,-,-,-,-,18.07402000,75.12002000,09-02-2024 20:00,0,0,0,0,0,0,0,0,0,0,0,0,0,0,0,0,0,0,0,0,0,0,0,0,0,0,0,0,0,0,0,0,0,0,0,0,0,0,0,0,0,0,0,0,"","","","","",""
1807,Ujjani Dam Rain Gauge,Maharashtra SW,27,Maharashtra,496,Solapur,-,-,-,-,-,-,-,-,-,18.07402000,75.12002000,09-02-2024 21:00,0,0,0,0,0,0,0,0,0,0,0,0,0,0,0,0,0,0,0,0,0,0,0,0,0,0,0,0,0,0,0,0,0,0,0,0,0,0,0,0,0,0,0,0,"","","","","",""
1808,Ujjani Dam Rain Gauge,Maharashtra SW,27,Maharashtra,496,Solapur,-,-,-,-,-,-,-,-,-,18.07402000,75.12002000,09-02-2024 23:00,0,0,0,0,0,0,0,0,0,0,0,0,0,0,0,0,0,0,0,0,0,0,0,0,0,0,0,0,0,0,0,0,0,0,0,0,0,0,0,0,0,0,0,0,"","","","","",""
1809,Ujjani Dam Rain Gauge,Maharashtra SW,27,Maharashtra,496,Solapur,-,-,-,-,-,-,-,-,-,18.07402000,75.12002000,10-02-2024 00:00,0,0,0,0,0,0,0,0,0,0,0,0,0,0,0,0,0,0,0,0,0,0,0,0,0,0,0,0,0,0,0,0,0,0,0,0,0,0,0,0,0,0,0,0,"","","","","",""
1810,Ujjani Dam Rain Gauge,Maharashtra SW,27,Maharashtra,496,Solapur,-,-,-,-,-,-,-,-,-,18.07402000,75.12002000,10-02-2024 02:00,0,0,0,0,0,0,0,0,0,0,0,0,0,0,0,0,0,0,0,0,0,0,0,0,0,0,0,0,0,0,0,0,0,0,0,0,0,0,0,0,0,0,0,0,"","","","","",""
1811,Ujjani Dam Rain Gauge,Maharashtra SW,27,Maharashtra,496,Solapur,-,-,-,-,-,-,-,-,-,18.07402000,75.12002000,10-02-2024 03:00,0,0,0,0,0,0,0,0,0,0,0,0,0,0,0,0,0,0,0,0,0,0,0,0,0,0,0,0,0,0,0,0,0,0,0,0,0,0,0,0,0,0,0,0,"","","","","",""
1812,Ujjani Dam Rain Gauge,Maharashtra SW,27,Maharashtra,496,Solapur,-,-,-,-,-,-,-,-,-,18.07402000,75.12002000,10-02-2024 05:00,0,0,0,0,0,0,0,0,0,0,0,0,0,0,0,0,0,0,0,0,0,0,0,0,0,0,0,0,0,0,0,0,0,0,0,0,0,0,0,0,0,0,0,0,"","","","","",""
1813,Ujjani Dam Rain Gauge,Maharashtra SW,27,Maharashtra,496,Solapur,-,-,-,-,-,-,-,-,-,18.07402000,75.12002000,10-02-2024 12:00,0,"","","","","","","","","","","","","","","","","","","","","","","","","","","","","","","","","","","","","","","","","","","","","","","","",""
1814,Ujjani Dam Rain Gauge,Maharashtra SW,27,Maharashtra,496,Solapur,-,-,-,-,-,-,-,-,-,18.07402000,75.12002000,10-02-2024 14:00,0,0,0,0,0,0,0,0,0,0,0,0,0,0,0,0,0,0,0,0,0,0,0,0,0,0,0,0,0,0,0,0,0,0,0,0,0,0,0,0,0,0,0,0,"","","","","",""
1815,Ujjani Dam Rain Gauge,Maharashtra SW,27,Maharashtra,496,Solapur,-,-,-,-,-,-,-,-,-,18.07402000,75.12002000,10-02-2024 15:00,0,0,0,0,0,0,0,0,0,0,0,0,0,0,0,0,0,0,0,0,0,0,0,0,0,0,0,0,0,0,0,0,0,0,0,0,0,0,0,0,0,0,0,0,"","","","","",""
1816,Ujjani Dam Rain Gauge,Maharashtra SW,27,Maharashtra,496,Solapur,-,-,-,-,-,-,-,-,-,18.07402000,75.12002000,10-02-2024 17:00,0,0,0,0,0,0,0,0,0,0,0,0,0,0,0,0,0,0,0,0,0,0,0,0,0,0,0,0,0,0,0,0,0,0,0,0,0,0,0,0,0,0,0,0,"","","","","",""
1817,Ujjani Dam Rain Gauge,Maharashtra SW,27,Maharashtra,496,Solapur,-,-,-,-,-,-,-,-,-,18.07402000,75.12002000,10-02-2024 18:00,0,0,0,0,0,0,0,0,0,0,0,0,0,0,0,0,0,0,0,0,0,0,0,0,0,0,0,0,0,0,0,0,0,0,0,0,0,0,0,0,0,0,0,0,"","","","","",""
1818,Ujjani Dam Rain Gauge,Maharashtra SW,27,Maharashtra,496,Solapur,-,-,-,-,-,-,-,-,-,18.07402000,75.12002000,10-02-2024 20:00,0,0,0,0,0,0,0,0,0,0,0,0,0,0,0,0,0,0,0,0,0,0,0,0,0,0,0,0,0,0,0,0,0,0,0,0,0,0,0,0,0,0,0,0,"","","","","",""
1819,Ujjani Dam Rain Gauge,Maharashtra SW,27,Maharashtra,496,Solapur,-,-,-,-,-,-,-,-,-,18.07402000,75.12002000,10-02-2024 21:00,0,0,0,0,0,0,0,0,0,0,0,0,0,0,0,0,0,0,0,0,0,0,0,0,0,0,0,0,0,0,0,0,0,0,0,0,0,0,0,0,0,0,0,0,"","","","","",""
1820,Ujjani Dam Rain Gauge,Maharashtra SW,27,Maharashtra,496,Solapur,-,-,-,-,-,-,-,-,-,18.07402000,75.12002000,10-02-2024 23:00,0,0,0,0,0,0,0,0,0,0,0,0,0,0,0,0,0,0,0,0,0,0,0,0,0,0,0,0,0,0,0,0,0,0,0,0,0,0,0,0,0,0,0,0,"","","","","",""
1821,Ujjani Dam Rain Gauge,Maharashtra SW,27,Maharashtra,496,Solapur,-,-,-,-,-,-,-,-,-,18.07402000,75.12002000,11-02-2024 00:00,0,0,0,0,0,0,0,0,0,0,0,0,0,0,0,0,0,0,0,0,0,0,0,0,0,0,0,0,0,0,0,0,0,0,0,0,0,0,0,0,0,0,0,0,"","","","","",""
1822,Ujjani Dam Rain Gauge,Maharashtra SW,27,Maharashtra,496,Solapur,-,-,-,-,-,-,-,-,-,18.07402000,75.12002000,11-02-2024 02:00,0,0,0,0,0,0,0,0,0,0,0,0,0,0,0,0,0,0,0,0,0,0,0,0,0,0,0,0,0,0,0,0,0,0,0,0,0,0,0,0,0,0,0,0,"","","","","",""
1823,Ujjani Dam Rain Gauge,Maharashtra SW,27,Maharashtra,496,Solapur,-,-,-,-,-,-,-,-,-,18.07402000,75.12002000,11-02-2024 03:00,0,0,0,0,0,0,0,0,0,0,0,0,0,0,0,0,0,0,0,0,0,0,0,0,0,0,0,0,0,0,0,0,0,0,0,0,0,0,0,0,0,0,0,0,"","","","","",""
1824,Ujjani Dam Rain Gauge,Maharashtra SW,27,Maharashtra,496,Solapur,-,-,-,-,-,-,-,-,-,18.07402000,75.12002000,11-02-2024 05:00,0,0,0,0,0,0,0,0,0,0,0,0,0,0,0,0,0,0,0,0,0,0,0,0,0,0,0,0,0,0,0,0,0,0,0,0,0,0,0,0,0,0,0,0,"","","","","",""
1825,Ujjani Dam Rain Gauge,Maharashtra SW,27,Maharashtra,496,Solapur,-,-,-,-,-,-,-,-,-,18.07402000,75.12002000,11-02-2024 06:00,0,0,0,0,0,0,0,0,0,0,0,0,0,0,0,0,0,0,0,0,0,0,0,0,0,0,0,0,0,0,0,0,0,0,0,0,0,0,0,0,0,0,0,0,"","","","","",""
1826,Ujjani Dam Rain Gauge,Maharashtra SW,27,Maharashtra,496,Solapur,-,-,-,-,-,-,-,-,-,18.07402000,75.12002000,11-02-2024 08:00,0,0,0,0,0,0,0,0,0,0,0,0,0,0,0,0,0,0,0,0,0,0,0,0,0,0,0,0,0,0,0,0,0,0,0,0,0,0,0,0,0,0,0,0,"","","","","",""
1827,Ujjani Dam Rain Gauge,Maharashtra SW,27,Maharashtra,496,Solapur,-,-,-,-,-,-,-,-,-,18.07402000,75.12002000,11-02-2024 09:00,0,0,0,0,0,0,0,0,0,0,0,0,0,0,0,0,0,0,0,0,0,0,0,0,0,0,0,0,0,0,0,0,0,0,0,0,0,0,0,0,0,0,0,0,"","","","","",""
1828,Ujjani Dam Rain Gauge,Maharashtra SW,27,Maharashtra,496,Solapur,-,-,-,-,-,-,-,-,-,18.07402000,75.12002000,11-02-2024 10:00,0,0,0,0,0,0,0,0,0,0,0,0,0,0,0,0,0,0,0,0,0,0,0,0,0,0,0,0,0,0,0,0,0,0,0,0,0,0,0,0,0,0,0,0,"","","","","",""
1829,Ujjani Dam Rain Gauge,Maharashtra SW,27,Maharashtra,496,Solapur,-,-,-,-,-,-,-,-,-,18.07402000,75.12002000,11-02-2024 12:00,0,0,0,0,0,0,0,0,0,0,0,0,0,0,0,0,0,0,0,0,0,0,0,0,0,0,0,0,0,0,0,0,0,0,0,0,0,0,0,0,0,0,0,0,"","","","","",""
1830,Ujjani Dam Rain Gauge,Maharashtra SW,27,Maharashtra,496,Solapur,-,-,-,-,-,-,-,-,-,18.07402000,75.12002000,11-02-2024 13:00,0,0,0,0,0,0,0,0,0,0,0,0,0,0,0,0,0,0,0,0,0,0,0,0,0,0,0,0,0,0,0,0,0,0,0,0,0,0,0,0,0,0,0,0,"","","","","",""
1831,Ujjani Dam Rain Gauge,Maharashtra SW,27,Maharashtra,496,Solapur,-,-,-,-,-,-,-,-,-,18.07402000,75.12002000,11-02-2024 15:00,0,0,0,0,0,0,0,0,0,0,0,0,0,0,0,0,0,0,0,0,0,0,0,0,0,0,0,0,0,0,0,0,0,0,0,0,0,0,0,0,0,0,0,0,"","","","","",""
1832,Ujjani Dam Rain Gauge,Maharashtra SW,27,Maharashtra,496,Solapur,-,-,-,-,-,-,-,-,-,18.07402000,75.12002000,11-02-2024 16:00,0,0,0,0,0,0,0,0,0,0,0,0,0,0,0,0,0,0,0,0,0,0,0,0,0,0,0,0,0,0,0,0,0,0,0,0,0,0,0,0,0,0,0,0,"","","","","",""
1833,Ujjani Dam Rain Gauge,Maharashtra SW,27,Maharashtra,496,Solapur,-,-,-,-,-,-,-,-,-,18.07402000,75.12002000,11-02-2024 18:00,0,0,0,0,0,0,0,0,0,0,0,0,0,0,0,0,0,0,0,0,0,0,0,0,0,0,0,0,0,0,0,0,0,0,0,0,0,0,0,0,0,0,0,0,"","","","","",""
1834,Ujjani Dam Rain Gauge,Maharashtra SW,27,Maharashtra,496,Solapur,-,-,-,-,-,-,-,-,-,18.07402000,75.12002000,11-02-2024 20:00,0,0,0,0,0,0,0,0,0,0,0,0,0,0,0,0,0,0,0,0,0,0,0,0,0,0,0,0,0,0,0,0,0,0,0,0,0,0,0,0,0,0,0,0,"","","","","",""
1835,Ujjani Dam Rain Gauge,Maharashtra SW,27,Maharashtra,496,Solapur,-,-,-,-,-,-,-,-,-,18.07402000,75.12002000,11-02-2024 21:00,0,0,0,0,0,0,0,0,0,0,0,0,0,0,0,0,0,0,0,0,0,0,0,0,0,0,0,0,0,0,0,0,0,0,0,0,0,0,0,0,0,0,0,0,"","","","","",""
1836,Ujjani Dam Rain Gauge,Maharashtra SW,27,Maharashtra,496,Solapur,-,-,-,-,-,-,-,-,-,18.07402000,75.12002000,11-02-2024 22:00,0,0,0,0,0,0,0,0,0,0,0,0,0,0,0,0,0,0,0,0,0,0,0,0,0,0,0,0,0,0,0,0,0,0,0,0,0,0,0,0,0,0,0,0,"","","","","",""
1837,Ujjani Dam Rain Gauge,Maharashtra SW,27,Maharashtra,496,Solapur,-,-,-,-,-,-,-,-,-,18.07402000,75.12002000,12-02-2024 00:00,0,0,0,0,0,0,0,0,0,0,0,0,0,0,0,0,0,0,0,0,0,0,0,0,0,0,0,0,0,0,0,0,0,0,0,0,0,0,0,0,0,0,0,0,"","","","","",""
1838,Ujjani Dam Rain Gauge,Maharashtra SW,27,Maharashtra,496,Solapur,-,-,-,-,-,-,-,-,-,18.07402000,75.12002000,12-02-2024 01:00,0,0,0,0,0,0,0,0,0,0,0,0,0,0,0,0,0,0,0,0,0,0,0,0,0,0,0,0,0,0,0,0,0,0,0,0,0,0,0,0,0,0,0,0,"","","","","",""
1839,Ujjani Dam Rain Gauge,Maharashtra SW,27,Maharashtra,496,Solapur,-,-,-,-,-,-,-,-,-,18.07402000,75.12002000,12-02-2024 03:00,0,0,0,0,0,0,0,0,0,0,0,0,0,0,0,0,0,0,0,0,0,0,0,0,0,0,0,0,0,0,0,0,0,0,0,0,0,0,0,0,0,0,0,0,"","","","","",""
1840,Ujjani Dam Rain Gauge,Maharashtra SW,27,Maharashtra,496,Solapur,-,-,-,-,-,-,-,-,-,18.07402000,75.12002000,12-02-2024 04:00,0,0,0,0,0,0,0,0,0,0,0,0,0,0,0,0,0,0,0,0,0,0,0,0,0,0,0,0,0,0,0,0,0,0,0,0,0,0,0,0,0,0,0,0,"","","","","",""
1841,Ujjani Dam Rain Gauge,Maharashtra SW,27,Maharashtra,496,Solapur,-,-,-,-,-,-,-,-,-,18.07402000,75.12002000,12-02-2024 06:00,0,0,0,0,0,0,0,0,0,0,0,0,0,0,0,0,0,0,0,0,0,0,0,0,0,0,0,0,0,0,0,0,0,0,0,0,0,0,0,0,0,0,0,0,"","","","","",""
1842,Ujjani Dam Rain Gauge,Maharashtra SW,27,Maharashtra,496,Solapur,-,-,-,-,-,-,-,-,-,18.07402000,75.12002000,12-02-2024 07:00,0,0,0,0,0,0,0,0,0,0,0,0,0,0,0,0,0,0,0,0,0,0,0,0,0,0,0,0,0,0,0,0,0,0,0,0,0,0,0,0,0,0,0,0,"","","","","",""
1843,Ujjani Dam Rain Gauge,Maharashtra SW,27,Maharashtra,496,Solapur,-,-,-,-,-,-,-,-,-,18.07402000,75.12002000,12-02-2024 09:00,0,0,0,0,0,0,0,0,0,0,0,0,0,0,0,0,0,0,0,0,0,0,0,0,0,0,0,0,0,0,0,0,0,0,0,0,0,0,0,0,0,0,0,0,"","","","","",""
1844,Ujjani Dam Rain Gauge,Maharashtra SW,27,Maharashtra,496,Solapur,-,-,-,-,-,-,-,-,-,18.07402000,75.12002000,12-02-2024 10:00,0,0,0,0,0,0,0,0,0,0,0,0,0,0,0,0,0,0,0,0,0,0,0,0,0,0,0,0,0,0,0,0,0,0,0,0,0,0,0,0,0,0,0,0,"","","","","",""
1845,Ujjani Dam Rain Gauge,Maharashtra SW,27,Maharashtra,496,Solapur,-,-,-,-,-,-,-,-,-,18.07402000,75.12002000,12-02-2024 12:00,0,0,0,0,0,0,0,0,0,0,0,0,0,0,0,0,0,0,0,0,0,0,0,0,0,0,0,0,0,0,0,0,0,0,0,0,0,0,0,0,0,0,0,0,"","","","","",""
1846,Ujjani Dam Rain Gauge,Maharashtra SW,27,Maharashtra,496,Solapur,-,-,-,-,-,-,-,-,-,18.07402000,75.12002000,12-02-2024 13:00,0,0,0,0,0,0,0,0,0,0,0,0,0,0,0,0,0,0,0,0,0,0,0,0,0,0,0,0,0,0,0,0,0,0,0,0,0,0,0,0,0,0,0,0,"","","","","",""
1847,Ujjani Dam Rain Gauge,Maharashtra SW,27,Maharashtra,496,Solapur,-,-,-,-,-,-,-,-,-,18.07402000,75.12002000,12-02-2024 14:00,0,0,0,0,0,0,0,0,0,0,0,0,0,0,0,0,0,0,0,0,0,0,0,0,0,0,0,0,0,0,0,0,0,0,0,0,0,0,0,0,0,0,0,0,"","","","","",""
1848,Ujjani Dam Rain Gauge,Maharashtra SW,27,Maharashtra,496,Solapur,-,-,-,-,-,-,-,-,-,18.07402000,75.12002000,12-02-2024 16:00,0,0,0,0,0,0,0,0,0,0,0,0,0,0,0,0,0,0,0,0,0,0,0,0,0,0,0,0,0,0,0,0,0,0,0,0,0,0,0,0,0,0,0,0,"","","","","",""
1849,Ujjani Dam Rain Gauge,Maharashtra SW,27,Maharashtra,496,Solapur,-,-,-,-,-,-,-,-,-,18.07402000,75.12002000,12-02-2024 17:00,0,0,0,0,0,0,0,0,0,0,0,0,0,0,0,0,0,0,0,0,0,0,0,0,0,0,0,0,0,0,0,0,0,0,0,0,0,0,0,0,0,0,0,0,"","","","","",""
1850,Ujjani Dam Rain Gauge,Maharashtra SW,27,Maharashtra,496,Solapur,-,-,-,-,-,-,-,-,-,18.07402000,75.12002000,12-02-2024 19:00,0,0,0,0,0,0,0,0,0,0,0,0,0,0,0,0,0,0,0,0,0,0,0,0,0,0,0,0,0,0,0,0,0,0,0,0,0,0,0,0,0,0,0,0,"","","","","",""
1851,Ujjani Dam Rain Gauge,Maharashtra SW,27,Maharashtra,496,Solapur,-,-,-,-,-,-,-,-,-,18.07402000,75.12002000,12-02-2024 20:00,0,0,0,0,0,0,0,0,0,0,0,0,0,0,0,0,0,0,0,0,0,0,0,0,0,0,0,0,0,0,0,0,0,0,0,0,0,0,0,0,0,0,0,0,"","","","","",""
1852,Ujjani Dam Rain Gauge,Maharashtra SW,27,Maharashtra,496,Solapur,-,-,-,-,-,-,-,-,-,18.07402000,75.12002000,12-02-2024 22:00,0,0,0,0,0,0,0,0,0,0,0,0,0,0,0,0,0,0,0,0,0,0,0,0,0,0,0,0,0,0,0,0,0,0,0,0,0,0,0,0,0,0,0,0,"","","","","",""
1853,Ujjani Dam Rain Gauge,Maharashtra SW,27,Maharashtra,496,Solapur,-,-,-,-,-,-,-,-,-,18.07402000,75.12002000,12-02-2024 23:00,0,0,0,0,0,0,0,0,0,0,0,0,0,0,0,0,0,0,0,0,0,0,0,0,0,0,0,0,0,0,0,0,0,0,0,0,0,0,0,0,0,0,0,0,"","","","","",""
1854,Ujjani Dam Rain Gauge,Maharashtra SW,27,Maharashtra,496,Solapur,-,-,-,-,-,-,-,-,-,18.07402000,75.12002000,13-02-2024 01:00,0,0,0,0,0,0,0,0,0,0,0,0,0,0,0,0,0,0,0,0,0,0,0,0,0,0,0,0,0,0,0,0,0,0,0,0,0,0,0,0,0,0,0,0,"","","","","",""
1855,Ujjani Dam Rain Gauge,Maharashtra SW,27,Maharashtra,496,Solapur,-,-,-,-,-,-,-,-,-,18.07402000,75.12002000,13-02-2024 02:00,0,0,0,0,0,0,0,0,0,0,0,0,0,0,0,0,0,0,0,0,0,0,0,0,0,0,0,0,0,0,0,0,0,0,0,0,0,0,0,0,0,0,0,0,"","","","","",""
1856,Ujjani Dam Rain Gauge,Maharashtra SW,27,Maharashtra,496,Solapur,-,-,-,-,-,-,-,-,-,18.07402000,75.12002000,13-02-2024 04:00,0,0,0,0,0,0,0,0,0,0,0,0,0,0,0,0,0,0,0,0,0,0,0,0,0,0,0,0,0,0,0,0,0,0,0,0,0,0,0,0,0,0,0,0,"","","","","",""
1857,Ujjani Dam Rain Gauge,Maharashtra SW,27,Maharashtra,496,Solapur,-,-,-,-,-,-,-,-,-,18.07402000,75.12002000,13-02-2024 05:00,0,0,0,0,0,0,0,0,0,0,0,0,0,0,0,0,0,0,0,0,0,0,0,0,0,0,0,0,0,0,0,0,0,0,0,0,0,0,0,0,0,0,0,0,"","","","","",""
1858,Ujjani Dam Rain Gauge,Maharashtra SW,27,Maharashtra,496,Solapur,-,-,-,-,-,-,-,-,-,18.07402000,75.12002000,13-02-2024 07:00,0,0,0,0,0,0,0,0,0,0,0,0,0,0,0,0,0,0,0,0,0,0,0,0,0,0,0,0,0,0,0,0,0,0,0,0,0,0,0,0,0,0,0,0,"","","","","",""
1859,Ujjani Dam Rain Gauge,Maharashtra SW,27,Maharashtra,496,Solapur,-,-,-,-,-,-,-,-,-,18.07402000,75.12002000,13-02-2024 08:00,0,0,0,0,0,0,0,0,0,0,0,0,0,0,0,0,0,0,0,0,0,0,0,0,0,0,0,0,0,0,0,0,0,0,0,0,0,0,0,0,0,0,0,0,"","","","","",""
1860,Ujjani Dam Rain Gauge,Maharashtra SW,27,Maharashtra,496,Solapur,-,-,-,-,-,-,-,-,-,18.07402000,75.12002000,13-02-2024 10:00,0,0,0,0,0,0,0,0,0,0,0,0,0,0,0,0,0,0,0,0,0,0,0,0,0,0,0,0,0,0,0,0,0,0,0,0,0,0,0,0,0,0,0,0,"","","","","",""
1861,Ujjani Dam Rain Gauge,Maharashtra SW,27,Maharashtra,496,Solapur,-,-,-,-,-,-,-,-,-,18.07402000,75.12002000,13-02-2024 11:00,0,0,0,0,0,0,0,0,0,0,0,0,0,0,0,0,0,0,0,0,0,0,0,0,0,0,0,0,0,0,0,0,0,0,0,0,0,0,0,0,0,0,0,0,"","","","","",""
1862,Ujjani Dam Rain Gauge,Maharashtra SW,27,Maharashtra,496,Solapur,-,-,-,-,-,-,-,-,-,18.07402000,75.12002000,13-02-2024 13:00,0,0,0,0,0,0,0,0,0,0,0,0,0,0,0,0,0,0,0,0,0,0,0,0,0,0,0,0,0,0,0,0,0,0,0,0,0,0,0,0,0,0,0,0,"","","","","",""
1863,Ujjani Dam Rain Gauge,Maharashtra SW,27,Maharashtra,496,Solapur,-,-,-,-,-,-,-,-,-,18.07402000,75.12002000,13-02-2024 14:00,0,0,0,0,0,0,0,0,0,0,0,0,0,0,0,0,0,0,0,0,0,0,0,0,0,0,0,0,0,0,0,0,0,0,0,0,0,0,0,0,0,0,0,0,"","","","","",""
1864,Ujjani Dam Rain Gauge,Maharashtra SW,27,Maharashtra,496,Solapur,-,-,-,-,-,-,-,-,-,18.07402000,75.12002000,13-02-2024 16:00,0,0,0,0,0,0,0,0,0,0,0,0,0,0,0,0,0,0,0,0,0,0,0,0,0,0,0,0,0,0,0,0,0,0,0,0,0,0,0,0,0,0,0,0,"","","","","",""
1865,Ujjani Dam Rain Gauge,Maharashtra SW,27,Maharashtra,496,Solapur,-,-,-,-,-,-,-,-,-,18.07402000,75.12002000,13-02-2024 17:00,0,0,0,0,0,0,0,0,0,0,0,0,0,0,0,0,0,0,0,0,0,0,0,0,0,0,0,0,0,0,0,0,0,0,0,0,0,0,0,0,0,0,0,0,"","","","","",""
1866,Ujjani Dam Rain Gauge,Maharashtra SW,27,Maharashtra,496,Solapur,-,-,-,-,-,-,-,-,-,18.07402000,75.12002000,13-02-2024 18:00,0,0,0,0,0,0,0,0,0,0,0,0,0,0,0,0,0,0,0,0,0,0,0,0,0,0,0,0,0,0,0,0,0,0,0,0,0,0,0,0,0,0,0,0,"","","","","",""
1867,Ujjani Dam Rain Gauge,Maharashtra SW,27,Maharashtra,496,Solapur,-,-,-,-,-,-,-,-,-,18.07402000,75.12002000,13-02-2024 20:00,0,0,0,0,0,0,0,0,0,0,0,0,0,0,0,0,0,0,0,0,0,0,0,0,0,0,0,0,0,0,0,0,0,0,0,0,0,0,0,0,0,0,0,0,"","","","","",""
1868,Ujjani Dam Rain Gauge,Maharashtra SW,27,Maharashtra,496,Solapur,-,-,-,-,-,-,-,-,-,18.07402000,75.12002000,13-02-2024 21:00,0,0,0,0,0,0,0,0,0,0,0,0,0,0,0,0,0,0,0,0,0,0,0,0,0,0,0,0,0,0,0,0,0,0,0,0,0,0,0,0,0,0,0,0,"","","","","",""
1869,Ujjani Dam Rain Gauge,Maharashtra SW,27,Maharashtra,496,Solapur,-,-,-,-,-,-,-,-,-,18.07402000,75.12002000,13-02-2024 23:00,0,0,0,0,0,0,0,0,0,0,0,0,0,0,0,0,0,0,0,0,0,0,0,0,0,0,0,0,0,0,0,0,0,0,0,0,0,0,0,0,0,0,0,0,"","","","","",""
1870,Ujjani Dam Rain Gauge,Maharashtra SW,27,Maharashtra,496,Solapur,-,-,-,-,-,-,-,-,-,18.07402000,75.12002000,14-02-2024 00:00,0,0,0,0,0,0,0,0,0,0,0,0,0,0,0,0,0,0,0,0,0,0,0,0,0,0,0,0,0,0,0,0,0,0,0,0,0,0,0,0,0,0,0,0,"","","","","",""
1871,Ujjani Dam Rain Gauge,Maharashtra SW,27,Maharashtra,496,Solapur,-,-,-,-,-,-,-,-,-,18.07402000,75.12002000,14-02-2024 02:00,0,0,0,0,0,0,0,0,0,0,0,0,0,0,0,0,0,0,0,0,0,0,0,0,0,0,0,0,0,0,0,0,0,0,0,0,0,0,0,0,0,0,0,0,"","","","","",""
1872,Ujjani Dam Rain Gauge,Maharashtra SW,27,Maharashtra,496,Solapur,-,-,-,-,-,-,-,-,-,18.07402000,75.12002000,14-02-2024 03:00,0,0,0,0,0,0,0,0,0,0,0,0,0,0,0,0,0,0,0,0,0,0,0,0,0,0,0,0,0,0,0,0,0,0,0,0,0,0,0,0,0,0,0,0,"","","","","",""
1873,Ujjani Dam Rain Gauge,Maharashtra SW,27,Maharashtra,496,Solapur,-,-,-,-,-,-,-,-,-,18.07402000,75.12002000,14-02-2024 05:00,0,0,0,0,0,0,0,0,0,0,0,0,0,0,0,0,0,0,0,0,0,0,0,0,0,0,0,0,0,0,0,0,0,0,0,0,0,0,0,0,0,0,0,0,"","","","","",""
1874,Ujjani Dam Rain Gauge,Maharashtra SW,27,Maharashtra,496,Solapur,-,-,-,-,-,-,-,-,-,18.07402000,75.12002000,14-02-2024 06:00,0,0,0,0,0,0,0,0,0,0,0,0,0,0,0,0,0,0,0,0,0,0,0,0,0,0,0,0,0,0,0,0,0,0,0,0,0,0,0,0,0,0,0,0,"","","","","",""
1875,Ujjani Dam Rain Gauge,Maharashtra SW,27,Maharashtra,496,Solapur,-,-,-,-,-,-,-,-,-,18.07402000,75.12002000,14-02-2024 08:00,0,0,0,0,0,0,0,0,0,0,0,0,0,0,0,0,0,0,0,0,0,0,0,0,0,0,0,0,0,0,0,0,0,0,0,0,0,0,0,0,0,0,0,0,"","","","","",""
1876,Ujjani Dam Rain Gauge,Maharashtra SW,27,Maharashtra,496,Solapur,-,-,-,-,-,-,-,-,-,18.07402000,75.12002000,14-02-2024 09:00,0,0,0,0,0,0,0,0,0,0,0,0,0,0,0,0,0,0,0,0,0,0,0,0,0,0,0,0,0,0,0,0,0,0,0,0,0,0,0,0,0,0,0,0,"","","","","",""
1877,Ujjani Dam Rain Gauge,Maharashtra SW,27,Maharashtra,496,Solapur,-,-,-,-,-,-,-,-,-,18.07402000,75.12002000,14-02-2024 11:00,0,0,0,0,0,0,0,0,0,0,0,0,0,0,0,0,0,0,0,0,0,0,0,0,0,0,0,0,0,0,0,0,0,0,0,0,0,0,0,0,0,0,0,0,"","","","","",""
1878,Ujjani Dam Rain Gauge,Maharashtra SW,27,Maharashtra,496,Solapur,-,-,-,-,-,-,-,-,-,18.07402000,75.12002000,14-02-2024 12:00,0,0,0,0,0,0,0,0,0,0,0,0,0,0,0,0,0,0,0,0,0,0,0,0,0,0,0,0,0,0,0,0,0,0,0,0,0,0,0,0,0,0,0,0,"","","","","",""
1879,Ujjani Dam Rain Gauge,Maharashtra SW,27,Maharashtra,496,Solapur,-,-,-,-,-,-,-,-,-,18.07402000,75.12002000,14-02-2024 13:00,0,0,0,0,0,0,0,0,0,0,0,0,0,0,0,0,0,0,0,0,0,0,0,0,0,0,0,0,0,0,0,0,0,0,0,0,0,0,0,0,0,0,0,0,"","","","","",""
1880,Ujjani Dam Rain Gauge,Maharashtra SW,27,Maharashtra,496,Solapur,-,-,-,-,-,-,-,-,-,18.07402000,75.12002000,14-02-2024 15:00,0,0,0,0,0,0,0,0,0,0,0,0,0,0,0,0,0,0,0,0,0,0,0,0,0,0,0,0,0,0,0,0,0,0,0,0,0,0,0,0,0,0,0,0,"","","","","",""
1881,Ujjani Dam Rain Gauge,Maharashtra SW,27,Maharashtra,496,Solapur,-,-,-,-,-,-,-,-,-,18.07402000,75.12002000,14-02-2024 16:00,0,0,0,0,0,0,0,0,0,0,0,0,0,0,0,0,0,0,0,0,0,0,0,0,0,0,0,0,0,0,0,0,0,0,0,0,0,0,0,0,0,0,0,0,"","","","","",""
1882,Ujjani Dam Rain Gauge,Maharashtra SW,27,Maharashtra,496,Solapur,-,-,-,-,-,-,-,-,-,18.07402000,75.12002000,14-02-2024 22:00,0,0,0,0,0,0,0,0,0,0,0,0,0,0,0,0,0,0,0,0,0,0,0,0,0,0,0,0,0,0,0,0,0,0,0,0,0,0,0,0,0,0,0,0,"","","","","",""
1883,Ujjani Dam Rain Gauge,Maharashtra SW,27,Maharashtra,496,Solapur,-,-,-,-,-,-,-,-,-,18.07402000,75.12002000,15-02-2024 00:00,0,0,0,0,0,0,0,0,0,0,0,0,0,0,0,0,0,0,0,0,0,0,0,0,0,0,0,0,0,0,0,0,0,0,0,0,0,0,0,0,0,0,0,0,"","","","","",""
1884,Ujjani Dam Rain Gauge,Maharashtra SW,27,Maharashtra,496,Solapur,-,-,-,-,-,-,-,-,-,18.07402000,75.12002000,15-02-2024 02:00,0,0,0,0,0,0,0,0,0,0,0,0,0,0,0,0,0,0,0,0,0,0,0,0,0,0,0,0,0,0,0,0,0,0,0,0,0,0,0,0,0,0,0,0,"","","","","",""
1885,Ujjani Dam Rain Gauge,Maharashtra SW,27,Maharashtra,496,Solapur,-,-,-,-,-,-,-,-,-,18.07402000,75.12002000,15-02-2024 03:00,0,0,0,0,0,0,0,0,0,0,0,0,0,0,0,0,0,0,0,0,0,0,0,0,0,0,0,0,0,0,0,0,0,0,0,0,0,0,0,0,0,0,0,0,"","","","","",""
1886,Ujjani Dam Rain Gauge,Maharashtra SW,27,Maharashtra,496,Solapur,-,-,-,-,-,-,-,-,-,18.07402000,75.12002000,15-02-2024 04:00,0,0,0,0,0,0,0,0,0,0,0,0,0,0,0,0,0,0,0,0,0,0,0,0,0,0,0,0,0,0,0,0,0,0,0,0,0,0,0,0,0,0,0,0,"","","","","",""
1887,Ujjani Dam Rain Gauge,Maharashtra SW,27,Maharashtra,496,Solapur,-,-,-,-,-,-,-,-,-,18.07402000,75.12002000,15-02-2024 06:00,0,0,0,0,0,0,0,0,0,0,0,0,0,0,0,0,0,0,0,0,0,0,0,0,0,0,0,0,0,0,0,0,0,0,0,0,0,0,0,0,0,0,0,0,"","","","","",""
1888,Ujjani Dam Rain Gauge,Maharashtra SW,27,Maharashtra,496,Solapur,-,-,-,-,-,-,-,-,-,18.07402000,75.12002000,15-02-2024 07:00,0,0,0,0,0,0,0,0,0,0,0,0,0,0,0,0,0,0,0,0,0,0,0,0,0,0,0,0,0,0,0,0,0,0,0,0,0,0,0,0,0,0,0,0,"","","","","",""
1889,Ujjani Dam Rain Gauge,Maharashtra SW,27,Maharashtra,496,Solapur,-,-,-,-,-,-,-,-,-,18.07402000,75.12002000,15-02-2024 09:00,0,0,0,0,0,0,0,0,0,0,0,0,0,0,0,0,0,0,0,0,0,0,0,0,0,0,0,0,0,0,0,0,0,0,0,0,0,0,0,0,0,0,0,0,"","","","","",""
1890,Ujjani Dam Rain Gauge,Maharashtra SW,27,Maharashtra,496,Solapur,-,-,-,-,-,-,-,-,-,18.07402000,75.12002000,15-02-2024 10:00,0,0,0,0,0,0,0,0,0,0,0,0,0,0,0,0,0,0,0,0,0,0,0,0,0,0,0,0,0,0,0,0,0,0,0,0,0,0,0,0,0,0,0,0,"","","","","",""
1891,Ujjani Dam Rain Gauge,Maharashtra SW,27,Maharashtra,496,Solapur,-,-,-,-,-,-,-,-,-,18.07402000,75.12002000,15-02-2024 12:00,0,0,0,0,0,0,0,0,0,0,0,0,0,0,0,0,0,0,0,0,0,0,0,0,0,0,0,0,0,0,0,0,0,0,0,0,0,0,0,0,0,0,0,0,"","","","","",""
1892,Ujjani Dam Rain Gauge,Maharashtra SW,27,Maharashtra,496,Solapur,-,-,-,-,-,-,-,-,-,18.07402000,75.12002000,15-02-2024 13:00,0,0,0,0,0,0,0,0,0,0,0,0,0,0,0,0,0,0,0,0,0,0,0,0,0,0,0,0,0,0,0,0,0,0,0,0,0,0,0,0,0,0,0,0,"","","","","",""
1893,Ujjani Dam Rain Gauge,Maharashtra SW,27,Maharashtra,496,Solapur,-,-,-,-,-,-,-,-,-,18.07402000,75.12002000,15-02-2024 15:00,0,0,0,0,0,0,0,0,0,0,0,0,0,0,0,0,0,0,0,0,0,0,0,0,0,0,0,0,0,0,0,0,0,0,0,0,0,0,0,0,0,0,0,0,"","","","","",""
1894,Ujjani Dam Rain Gauge,Maharashtra SW,27,Maharashtra,496,Solapur,-,-,-,-,-,-,-,-,-,18.07402000,75.12002000,15-02-2024 16:00,0,0,0,0,0,0,0,0,0,0,0,0,0,0,0,0,0,0,0,0,0,0,0,0,0,0,0,0,0,0,0,0,0,0,0,0,0,0,0,0,0,0,0,0,"","","","","",""
1895,Ujjani Dam Rain Gauge,Maharashtra SW,27,Maharashtra,496,Solapur,-,-,-,-,-,-,-,-,-,18.07402000,75.12002000,15-02-2024 18:00,0,0,0,0,0,0,0,0,0,0,0,0,0,0,0,0,0,0,0,0,0,0,0,0,0,0,0,0,0,0,0,0,0,0,0,0,0,0,0,0,0,0,0,0,"","","","","",""
1896,Ujjani Dam Rain Gauge,Maharashtra SW,27,Maharashtra,496,Solapur,-,-,-,-,-,-,-,-,-,18.07402000,75.12002000,15-02-2024 19:00,0,0,0,0,0,0,0,0,0,0,0,0,0,0,0,0,0,0,0,0,0,0,0,0,0,0,0,0,0,0,0,0,0,0,0,0,0,0,0,0,0,0,0,0,"","","","","",""
1897,Ujjani Dam Rain Gauge,Maharashtra SW,27,Maharashtra,496,Solapur,-,-,-,-,-,-,-,-,-,18.07402000,75.12002000,15-02-2024 21:00,0,0,0,0,0,0,0,0,0,0,0,0,0,0,0,0,0,0,0,0,0,0,0,0,0,0,0,0,0,0,0,0,0,0,0,0,0,0,0,0,0,0,0,0,"","","","","",""
1898,Ujjani Dam Rain Gauge,Maharashtra SW,27,Maharashtra,496,Solapur,-,-,-,-,-,-,-,-,-,18.07402000,75.12002000,15-02-2024 22:00,0,0,0,0,0,0,0,0,0,0,0,0,0,0,0,0,0,0,0,0,0,0,0,0,0,0,0,0,0,0,0,0,0,0,0,0,0,0,0,0,0,0,0,0,"","","","","",""
1899,Ujjani Dam Rain Gauge,Maharashtra SW,27,Maharashtra,496,Solapur,-,-,-,-,-,-,-,-,-,18.07402000,75.12002000,15-02-2024 23:00,0,0,0,0,0,0,0,0,0,0,0,0,0,0,0,0,0,0,0,0,0,0,0,0,0,0,0,0,0,0,0,0,0,0,0,0,0,0,0,0,0,0,0,0,"","","","","",""
1900,Ujjani Dam Rain Gauge,Maharashtra SW,27,Maharashtra,496,Solapur,-,-,-,-,-,-,-,-,-,18.07402000,75.12002000,16-02-2024 01:00,0,0,0,0,0,0,0,0,0,0,0,0,0,0,0,0,0,0,0,0,0,0,0,0,0,0,0,0,0,0,0,0,0,0,0,0,0,0,0,0,0,0,0,0,"","","","","",""
1901,Ujjani Dam Rain Gauge,Maharashtra SW,27,Maharashtra,496,Solapur,-,-,-,-,-,-,-,-,-,18.07402000,75.12002000,16-02-2024 02:00,0,0,0,0,0,0,0,0,0,0,0,0,0,0,0,0,0,0,0,0,0,0,0,0,0,0,0,0,0,0,0,0,0,0,0,0,0,0,0,0,0,0,0,0,"","","","","",""
1902,Ujjani Dam Rain Gauge,Maharashtra SW,27,Maharashtra,496,Solapur,-,-,-,-,-,-,-,-,-,18.07402000,75.12002000,16-02-2024 04:00,0,0,0,0,0,0,0,0,0,0,0,0,0,0,0,0,0,0,0,0,0,0,0,0,0,0,0,0,0,0,0,0,0,0,0,0,0,0,0,0,0,0,0,0,"","","","","",""
1903,Ujjani Dam Rain Gauge,Maharashtra SW,27,Maharashtra,496,Solapur,-,-,-,-,-,-,-,-,-,18.07402000,75.12002000,16-02-2024 05:00,0,0,0,0,0,0,0,0,0,0,0,0,0,0,0,0,0,0,0,0,0,0,0,0,0,0,0,0,0,0,0,0,0,0,0,0,0,0,0,0,0,0,0,0,"","","","","",""
1904,Ujjani Dam Rain Gauge,Maharashtra SW,27,Maharashtra,496,Solapur,-,-,-,-,-,-,-,-,-,18.07402000,75.12002000,16-02-2024 07:00,0,0,0,0,0,0,0,0,0,0,0,0,0,0,0,0,0,0,0,0,0,0,0,0,0,0,0,0,0,0,0,0,0,0,0,0,0,0,0,0,0,0,0,0,"","","","","",""
1905,Ujjani Dam Rain Gauge,Maharashtra SW,27,Maharashtra,496,Solapur,-,-,-,-,-,-,-,-,-,18.07402000,75.12002000,16-02-2024 08:00,0,0,0,0,0,0,0,0,0,0,0,0,0,0,0,0,0,0,0,0,0,0,0,0,0,0,0,0,0,0,0,0,0,0,0,0,0,0,0,0,0,0,0,0,"","","","","",""
1906,Ujjani Dam Rain Gauge,Maharashtra SW,27,Maharashtra,496,Solapur,-,-,-,-,-,-,-,-,-,18.07402000,75.12002000,16-02-2024 10:00,0,0,0,0,0,0,0,0,0,0,0,0,0,0,0,0,0,0,0,0,0,0,0,0,0,0,0,0,0,0,0,0,0,0,0,0,0,0,0,0,0,0,0,0,"","","","","",""
1907,Ujjani Dam Rain Gauge,Maharashtra SW,27,Maharashtra,496,Solapur,-,-,-,-,-,-,-,-,-,18.07402000,75.12002000,16-02-2024 11:00,0,0,0,0,0,0,0,0,0,0,0,0,0,0,0,0,0,0,0,0,0,0,0,0,0,0,0,0,0,0,0,0,0,0,0,0,0,0,0,0,0,0,0,0,"","","","","",""
1908,Ujjani Dam Rain Gauge,Maharashtra SW,27,Maharashtra,496,Solapur,-,-,-,-,-,-,-,-,-,18.07402000,75.12002000,16-02-2024 13:00,0,0,0,0,0,0,0,0,0,0,0,0,0,0,0,0,0,0,0,0,0,0,0,0,0,0,0,0,0,0,0,0,0,0,0,0,0,0,0,0,0,0,0,0,"","","","","",""
1909,Ujjani Dam Rain Gauge,Maharashtra SW,27,Maharashtra,496,Solapur,-,-,-,-,-,-,-,-,-,18.07402000,75.12002000,16-02-2024 14:00,0,0,0,0,0,0,0,0,0,0,0,0,0,0,0,0,0,0,0,0,0,0,0,0,0,0,0,0,0,0,0,0,0,0,0,0,0,0,0,0,0,0,0,0,"","","","","",""
1910,Ujjani Dam Rain Gauge,Maharashtra SW,27,Maharashtra,496,Solapur,-,-,-,-,-,-,-,-,-,18.07402000,75.12002000,16-02-2024 16:00,0,0,0,0,0,0,0,0,0,0,0,0,0,0,0,0,0,0,0,0,0,0,0,0,0,0,0,0,0,0,0,0,0,0,0,0,0,0,0,0,0,0,0,0,"","","","","",""
1911,Ujjani Dam Rain Gauge,Maharashtra SW,27,Maharashtra,496,Solapur,-,-,-,-,-,-,-,-,-,18.07402000,75.12002000,16-02-2024 17:00,0,0,0,0,0,0,0,0,0,0,0,0,0,0,0,0,0,0,0,0,0,0,0,0,0,0,0,0,0,0,0,0,0,0,0,0,0,0,0,0,0,0,0,0,"","","","","",""
1912,Ujjani Dam Rain Gauge,Maharashtra SW,27,Maharashtra,496,Solapur,-,-,-,-,-,-,-,-,-,18.07402000,75.12002000,16-02-2024 19:00,0,0,0,0,0,0,0,0,0,0,0,0,0,0,0,0,0,0,0,0,0,0,0,0,0,0,0,0,0,0,0,0,0,0,0,0,0,0,0,0,0,0,0,0,"","","","","",""
1913,Ujjani Dam Rain Gauge,Maharashtra SW,27,Maharashtra,496,Solapur,-,-,-,-,-,-,-,-,-,18.07402000,75.12002000,16-02-2024 20:00,0,0,0,0,0,0,0,0,0,0,0,0,0,0,0,0,0,0,0,0,0,0,0,0,0,0,0,0,0,0,0,0,0,0,0,0,0,0,0,0,0,0,0,0,"","","","","",""
1914,Ujjani Dam Rain Gauge,Maharashtra SW,27,Maharashtra,496,Solapur,-,-,-,-,-,-,-,-,-,18.07402000,75.12002000,16-02-2024 22:00,0,0,0,0,0,0,0,0,0,0,0,0,0,0,0,0,0,0,0,0,0,0,0,0,0,0,0,0,0,0,0,0,0,0,0,0,0,0,0,0,0,0,0,0,"","","","","",""
1915,Ujjani Dam Rain Gauge,Maharashtra SW,27,Maharashtra,496,Solapur,-,-,-,-,-,-,-,-,-,18.07402000,75.12002000,16-02-2024 23:00,0,0,0,0,0,0,0,0,0,0,0,0,0,0,0,0,0,0,0,0,0,0,0,0,0,0,0,0,0,0,0,0,0,0,0,0,0,0,0,0,0,0,0,0,"","","","","",""
1916,Ujjani Dam Rain Gauge,Maharashtra SW,27,Maharashtra,496,Solapur,-,-,-,-,-,-,-,-,-,18.07402000,75.12002000,17-02-2024 01:00,0,0,0,0,0,0,0,0,0,0,0,0,0,0,0,0,0,0,0,0,0,0,0,0,0,0,0,0,0,0,0,0,0,0,0,0,0,0,0,0,0,0,0,0,"","","","","",""
1917,Ujjani Dam Rain Gauge,Maharashtra SW,27,Maharashtra,496,Solapur,-,-,-,-,-,-,-,-,-,18.07402000,75.12002000,17-02-2024 02:00,0,0,0,0,0,0,0,0,0,0,0,0,0,0,0,0,0,0,0,0,0,0,0,0,0,0,0,0,0,0,0,0,0,0,0,0,0,0,0,0,0,0,0,0,"","","","","",""
1918,Ujjani Dam Rain Gauge,Maharashtra SW,27,Maharashtra,496,Solapur,-,-,-,-,-,-,-,-,-,18.07402000,75.12002000,17-02-2024 03:00,0,0,0,0,0,0,0,0,0,0,0,0,0,0,0,0,0,0,0,0,0,0,0,0,0,0,0,0,0,0,0,0,0,0,0,0,0,0,0,0,0,0,0,0,"","","","","",""
1919,Ujjani Dam Rain Gauge,Maharashtra SW,27,Maharashtra,496,Solapur,-,-,-,-,-,-,-,-,-,18.07402000,75.12002000,17-02-2024 05:00,0,0,0,0,0,0,0,0,0,0,0,0,0,0,0,0,0,0,0,0,0,0,0,0,0,0,0,0,0,0,0,0,0,0,0,0,0,0,0,0,0,0,0,0,"","","","","",""
1920,Ujjani Dam Rain Gauge,Maharashtra SW,27,Maharashtra,496,Solapur,-,-,-,-,-,-,-,-,-,18.07402000,75.12002000,17-02-2024 06:00,0,0,0,0,0,0,0,0,0,0,0,0,0,0,0,0,0,0,0,0,0,0,0,0,0,0,0,0,0,0,0,0,0,0,0,0,0,0,0,0,0,0,0,0,"","","","","",""
1921,Ujjani Dam Rain Gauge,Maharashtra SW,27,Maharashtra,496,Solapur,-,-,-,-,-,-,-,-,-,18.07402000,75.12002000,17-02-2024 08:00,0,0,0,0,0,0,0,0,0,0,0,0,0,0,0,0,0,0,0,0,0,0,0,0,0,0,0,0,0,0,0,0,0,0,0,0,0,0,0,0,0,0,0,0,"","","","","",""
1922,Ujjani Dam Rain Gauge,Maharashtra SW,27,Maharashtra,496,Solapur,-,-,-,-,-,-,-,-,-,18.07402000,75.12002000,17-02-2024 09:00,0,0,0,0,0,0,0,0,0,0,0,0,0,0,0,0,0,0,0,0,0,0,0,0,0,0,0,0,0,0,0,0,0,0,0,0,0,0,0,0,0,0,0,0,"","","","","",""
1923,Ujjani Dam Rain Gauge,Maharashtra SW,27,Maharashtra,496,Solapur,-,-,-,-,-,-,-,-,-,18.07402000,75.12002000,17-02-2024 11:00,0,0,0,0,0,0,0,0,0,0,0,0,0,0,0,0,0,0,0,0,0,0,0,0,0,0,0,0,0,0,0,0,0,0,0,0,0,0,0,0,0,0,0,0,"","","","","",""
1924,Ujjani Dam Rain Gauge,Maharashtra SW,27,Maharashtra,496,Solapur,-,-,-,-,-,-,-,-,-,18.07402000,75.12002000,17-02-2024 12:00,0,0,0,0,0,0,0,0,0,0,0,0,0,0,0,0,0,0,0,0,0,0,0,0,0,0,0,0,0,0,0,0,0,0,0,0,0,0,0,0,0,0,0,0,"","","","","",""
1925,Ujjani Dam Rain Gauge,Maharashtra SW,27,Maharashtra,496,Solapur,-,-,-,-,-,-,-,-,-,18.07402000,75.12002000,17-02-2024 14:00,0,0,0,0,0,0,0,0,0,0,0,0,0,0,0,0,0,0,0,0,0,0,0,0,0,0,0,0,0,0,0,0,0,0,0,0,0,0,0,0,0,0,0,0,"","","","","",""
1926,Ujjani Dam Rain Gauge,Maharashtra SW,27,Maharashtra,496,Solapur,-,-,-,-,-,-,-,-,-,18.07402000,75.12002000,17-02-2024 15:00,0,0,0,0,0,0,0,0,0,0,0,0,0,0,0,0,0,0,0,0,0,0,0,0,0,0,0,0,0,0,0,0,0,0,0,0,0,0,0,0,0,0,0,0,"","","","","",""
1927,Ujjani Dam Rain Gauge,Maharashtra SW,27,Maharashtra,496,Solapur,-,-,-,-,-,-,-,-,-,18.07402000,75.12002000,17-02-2024 17:00,0,0,0,0,0,0,0,0,0,0,0,0,0,0,0,0,0,0,0,0,0,0,0,0,0,0,0,0,0,0,0,0,0,0,0,0,0,0,0,0,0,0,0,0,"","","","","",""
1928,Ujjani Dam Rain Gauge,Maharashtra SW,27,Maharashtra,496,Solapur,-,-,-,-,-,-,-,-,-,18.07402000,75.12002000,17-02-2024 18:00,0,0,0,0,0,0,0,0,0,0,0,0,0,0,0,0,0,0,0,0,0,0,0,0,0,0,0,0,0,0,0,0,0,0,0,0,0,0,0,0,0,0,0,0,"","","","","",""
1929,Ujjani Dam Rain Gauge,Maharashtra SW,27,Maharashtra,496,Solapur,-,-,-,-,-,-,-,-,-,18.07402000,75.12002000,17-02-2024 20:00,0,0,0,0,0,0,0,0,0,0,0,0,0,0,0,0,0,0,0,0,0,0,0,0,0,0,0,0,0,0,0,0,0,0,0,0,0,0,0,0,0,0,0,0,"","","","","",""
1930,Ujjani Dam Rain Gauge,Maharashtra SW,27,Maharashtra,496,Solapur,-,-,-,-,-,-,-,-,-,18.07402000,75.12002000,17-02-2024 21:00,0,0,0,0,0,0,0,0,0,0,0,0,0,0,0,0,0,0,0,0,0,0,0,0,0,0,0,0,0,0,0,0,0,0,0,0,0,0,0,0,0,0,0,0,"","","","","",""
1931,Ujjani Dam Rain Gauge,Maharashtra SW,27,Maharashtra,496,Solapur,-,-,-,-,-,-,-,-,-,18.07402000,75.12002000,17-02-2024 23:00,0,0,0,0,0,0,0,0,0,0,0,0,0,0,0,0,0,0,0,0,0,0,0,0,0,0,0,0,0,0,0,0,0,0,0,0,0,0,0,0,0,0,0,0,"","","","","",""
1932,Ujjani Dam Rain Gauge,Maharashtra SW,27,Maharashtra,496,Solapur,-,-,-,-,-,-,-,-,-,18.07402000,75.12002000,18-02-2024 01:00,0,0,0,0,0,0,0,0,0,0,0,0,0,0,0,0,0,0,0,0,0,0,0,0,0,0,0,0,0,0,0,0,0,0,0,0,0,0,0,0,0,0,0,0,"","","","","",""
1933,Ujjani Dam Rain Gauge,Maharashtra SW,27,Maharashtra,496,Solapur,-,-,-,-,-,-,-,-,-,18.07402000,75.12002000,18-02-2024 02:00,0,0,0,0,0,0,0,0,0,0,0,0,0,0,0,0,0,0,0,0,0,0,0,0,0,0,0,0,0,0,0,0,0,0,0,0,0,0,0,0,0,0,0,0,"","","","","",""
1934,Ujjani Dam Rain Gauge,Maharashtra SW,27,Maharashtra,496,Solapur,-,-,-,-,-,-,-,-,-,18.07402000,75.12002000,18-02-2024 03:00,0,0,0,0,0,0,0,0,0,0,0,0,0,0,0,0,0,0,0,0,0,0,0,0,0,0,0,0,0,0,0,0,0,0,0,0,0,0,0,0,0,0,0,0,"","","","","",""
1935,Ujjani Dam Rain Gauge,Maharashtra SW,27,Maharashtra,496,Solapur,-,-,-,-,-,-,-,-,-,18.07402000,75.12002000,18-02-2024 05:00,0,0,0,0,0,0,0,0,0,0,0,0,0,0,0,0,0,0,0,0,0,0,0,0,0,0,0,0,0,0,0,0,0,0,0,0,0,0,0,0,0,0,0,0,"","","","","",""
1936,Ujjani Dam Rain Gauge,Maharashtra SW,27,Maharashtra,496,Solapur,-,-,-,-,-,-,-,-,-,18.07402000,75.12002000,18-02-2024 06:00,0,0,0,0,0,0,0,0,0,0,0,0,0,0,0,0,0,0,0,0,0,0,0,0,0,0,0,0,0,0,0,0,0,0,0,0,0,0,0,0,0,0,0,0,"","","","","",""
1937,Ujjani Dam Rain Gauge,Maharashtra SW,27,Maharashtra,496,Solapur,-,-,-,-,-,-,-,-,-,18.07402000,75.12002000,18-02-2024 08:00,0,0,0,0,0,0,0,0,0,0,0,0,0,0,0,0,0,0,0,0,0,0,0,0,0,0,0,0,0,0,0,0,0,0,0,0,0,0,0,0,0,0,0,0,"","","","","",""
1938,Ujjani Dam Rain Gauge,Maharashtra SW,27,Maharashtra,496,Solapur,-,-,-,-,-,-,-,-,-,18.07402000,75.12002000,18-02-2024 09:00,0,0,0,0,0,0,0,0,0,0,0,0,0,0,0,0,0,0,0,0,0,0,0,0,0,0,0,0,0,0,0,0,0,0,0,0,0,0,0,0,0,0,0,0,"","","","","",""
1939,Ujjani Dam Rain Gauge,Maharashtra SW,27,Maharashtra,496,Solapur,-,-,-,-,-,-,-,-,-,18.07402000,75.12002000,18-02-2024 11:00,0,0,0,0,0,0,0,0,0,0,0,0,0,0,0,0,0,0,0,0,0,0,0,0,0,0,0,0,0,0,0,0,0,0,0,0,0,0,0,0,0,0,0,0,"","","","","",""
1940,Ujjani Dam Rain Gauge,Maharashtra SW,27,Maharashtra,496,Solapur,-,-,-,-,-,-,-,-,-,18.07402000,75.12002000,18-02-2024 13:00,0,0,0,0,0,0,0,0,0,0,0,0,0,0,0,0,0,0,0,0,0,0,0,0,0,0,0,0,0,0,0,0,0,0,0,0,0,0,0,0,0,0,0,0,"","","","","",""
1941,Ujjani Dam Rain Gauge,Maharashtra SW,27,Maharashtra,496,Solapur,-,-,-,-,-,-,-,-,-,18.07402000,75.12002000,18-02-2024 15:00,0,0,0,0,0,0,0,0,0,0,0,0,0,0,0,0,0,0,0,0,0,0,0,0,0,0,0,0,0,0,0,0,0,0,0,0,0,0,0,0,0,0,0,0,"","","","","",""
1942,Ujjani Dam Rain Gauge,Maharashtra SW,27,Maharashtra,496,Solapur,-,-,-,-,-,-,-,-,-,18.07402000,75.12002000,18-02-2024 16:00,0,0,0,0,0,0,0,0,0,0,0,0,0,0,0,0,0,0,0,0,0,0,0,0,0,0,0,0,0,0,0,0,0,0,0,0,0,0,0,0,0,0,0,0,"","","","","",""
1943,Ujjani Dam Rain Gauge,Maharashtra SW,27,Maharashtra,496,Solapur,-,-,-,-,-,-,-,-,-,18.07402000,75.12002000,18-02-2024 18:00,0,0,0,0,0,0,0,0,0,0,0,0,0,0,0,0,0,0,0,0,0,0,0,0,0,0,0,0,0,0,0,0,0,0,0,0,0,0,0,0,0,0,0,0,"","","","","",""
1944,Ujjani Dam Rain Gauge,Maharashtra SW,27,Maharashtra,496,Solapur,-,-,-,-,-,-,-,-,-,18.07402000,75.12002000,18-02-2024 19:00,0,0,0,0,0,0,0,0,0,0,0,0,0,0,0,0,0,0,0,0,0,0,0,0,0,0,0,0,0,0,0,0,0,0,0,0,0,0,0,0,0,0,0,0,"","","","","",""
1945,Ujjani Dam Rain Gauge,Maharashtra SW,27,Maharashtra,496,Solapur,-,-,-,-,-,-,-,-,-,18.07402000,75.12002000,18-02-2024 21:00,0,0,0,0,0,0,0,0,0,0,0,0,0,0,0,0,0,0,0,0,0,0,0,0,0,0,0,0,0,0,0,0,0,0,0,0,0,0,0,0,0,0,0,0,"","","","","",""
1946,Ujjani Dam Rain Gauge,Maharashtra SW,27,Maharashtra,496,Solapur,-,-,-,-,-,-,-,-,-,18.07402000,75.12002000,18-02-2024 22:00,0,0,0,0,0,0,0,0,0,0,0,0,0,0,0,0,0,0,0,0,0,0,0,0,0,0,0,0,0,0,0,0,0,0,0,0,0,0,0,0,0,0,0,0,"","","","","",""
1947,Ujjani Dam Rain Gauge,Maharashtra SW,27,Maharashtra,496,Solapur,-,-,-,-,-,-,-,-,-,18.07402000,75.12002000,19-02-2024 00:00,0,0,0,0,0,0,0,0,0,0,0,0,0,0,0,0,0,0,0,0,0,0,0,0,0,0,0,0,0,0,0,0,0,0,0,0,0,0,0,0,0,0,0,0,"","","","","",""
1948,Ujjani Dam Rain Gauge,Maharashtra SW,27,Maharashtra,496,Solapur,-,-,-,-,-,-,-,-,-,18.07402000,75.12002000,19-02-2024 01:00,0,0,0,0,0,0,0,0,0,0,0,0,0,0,0,0,0,0,0,0,0,0,0,0,0,0,0,0,0,0,0,0,0,0,0,0,0,0,0,0,0,0,0,0,"","","","","",""
1949,Ujjani Dam Rain Gauge,Maharashtra SW,27,Maharashtra,496,Solapur,-,-,-,-,-,-,-,-,-,18.07402000,75.12002000,19-02-2024 03:00,0,0,0,0,0,0,0,0,0,0,0,0,0,0,0,0,0,0,0,0,0,0,0,0,0,0,0,0,0,0,0,0,0,0,0,0,0,0,0,0,0,0,0,0,"","","","","",""
1950,Ujjani Dam Rain Gauge,Maharashtra SW,27,Maharashtra,496,Solapur,-,-,-,-,-,-,-,-,-,18.07402000,75.12002000,19-02-2024 04:00,0,0,0,0,0,0,0,0,0,0,0,0,0,0,0,0,0,0,0,0,0,0,0,0,0,0,0,0,0,0,0,0,0,0,0,0,0,0,0,0,0,0,0,0,"","","","","",""
1951,Ujjani Dam Rain Gauge,Maharashtra SW,27,Maharashtra,496,Solapur,-,-,-,-,-,-,-,-,-,18.07402000,75.12002000,19-02-2024 06:00,0,0,0,0,0,0,0,0,0,0,0,0,0,0,0,0,0,0,0,0,0,0,0,0,0,0,0,0,0,0,0,0,0,0,0,0,0,0,0,0,0,0,0,0,"","","","","",""
1952,Ujjani Dam Rain Gauge,Maharashtra SW,27,Maharashtra,496,Solapur,-,-,-,-,-,-,-,-,-,18.07402000,75.12002000,19-02-2024 07:00,0,0,0,0,0,0,0,0,0,0,0,0,0,0,0,0,0,0,0,0,0,0,0,0,0,0,0,0,0,0,0,0,0,0,0,0,0,0,0,0,0,0,0,0,"","","","","",""
1953,Ujjani Dam Rain Gauge,Maharashtra SW,27,Maharashtra,496,Solapur,-,-,-,-,-,-,-,-,-,18.07402000,75.12002000,19-02-2024 09:00,0,0,0,0,0,0,0,0,0,0,0,0,0,0,0,0,0,0,0,0,0,0,0,0,0,0,0,0,0,0,0,0,0,0,0,0,0,0,0,0,0,0,0,0,"","","","","",""
1954,Ujjani Dam Rain Gauge,Maharashtra SW,27,Maharashtra,496,Solapur,-,-,-,-,-,-,-,-,-,18.07402000,75.12002000,19-02-2024 10:00,0,0,0,0,0,0,0,0,0,0,0,0,0,0,0,0,0,0,0,0,0,0,0,0,0,0,0,0,0,0,0,0,0,0,0,0,0,0,0,0,0,0,0,0,"","","","","",""
1955,Ujjani Dam Rain Gauge,Maharashtra SW,27,Maharashtra,496,Solapur,-,-,-,-,-,-,-,-,-,18.07402000,75.12002000,19-02-2024 12:00,0,0,0,0,0,0,0,0,0,0,0,0,0,0,0,0,0,0,0,0,0,0,0,0,0,0,0,0,0,0,0,0,0,0,0,0,0,0,0,0,0,0,0,0,"","","","","",""
1956,Ujjani Dam Rain Gauge,Maharashtra SW,27,Maharashtra,496,Solapur,-,-,-,-,-,-,-,-,-,18.07402000,75.12002000,19-02-2024 13:00,0,0,0,0,0,0,0,0,0,0,0,0,0,0,0,0,0,0,0,0,0,0,0,0,0,0,0,0,0,0,0,0,0,0,0,0,0,0,0,0,0,0,0,0,"","","","","",""
1957,Ujjani Dam Rain Gauge,Maharashtra SW,27,Maharashtra,496,Solapur,-,-,-,-,-,-,-,-,-,18.07402000,75.12002000,19-02-2024 14:00,0,0,0,0,0,0,0,0,0,0,0,0,0,0,0,0,0,0,0,0,0,0,0,0,0,0,0,0,0,0,0,0,0,0,0,0,0,0,0,0,0,0,0,0,"","","","","",""
1958,Ujjani Dam Rain Gauge,Maharashtra SW,27,Maharashtra,496,Solapur,-,-,-,-,-,-,-,-,-,18.07402000,75.12002000,19-02-2024 16:00,0,0,0,0,0,0,0,0,0,0,0,0,0,0,0,0,0,0,0,0,0,0,0,0,0,0,0,0,0,0,0,0,0,0,0,0,0,0,0,0,0,0,0,0,"","","","","",""
1959,Ujjani Dam Rain Gauge,Maharashtra SW,27,Maharashtra,496,Solapur,-,-,-,-,-,-,-,-,-,18.07402000,75.12002000,19-02-2024 17:00,0,0,0,0,0,0,0,0,0,0,0,0,0,0,0,0,0,0,0,0,0,0,0,0,0,0,0,0,0,0,0,0,0,0,0,0,0,0,0,0,0,0,0,0,"","","","","",""
1960,Ujjani Dam Rain Gauge,Maharashtra SW,27,Maharashtra,496,Solapur,-,-,-,-,-,-,-,-,-,18.07402000,75.12002000,19-02-2024 19:00,0,0,0,0,0,0,0,0,0,0,0,0,0,0,0,0,0,0,0,0,0,0,0,0,0,0,0,0,0,0,0,0,0,0,0,0,0,0,0,0,0,0,0,0,"","","","","",""
1961,Ujjani Dam Rain Gauge,Maharashtra SW,27,Maharashtra,496,Solapur,-,-,-,-,-,-,-,-,-,18.07402000,75.12002000,19-02-2024 20:00,0,0,0,0,0,0,0,0,0,0,0,0,0,0,0,0,0,0,0,0,0,0,0,0,0,0,0,0,0,0,0,0,0,0,0,0,0,0,0,0,0,0,0,0,"","","","","",""
1962,Ujjani Dam Rain Gauge,Maharashtra SW,27,Maharashtra,496,Solapur,-,-,-,-,-,-,-,-,-,18.07402000,75.12002000,19-02-2024 22:00,0,0,0,0,0,0,0,0,0,0,0,0,0,0,0,0,0,0,0,0,0,0,0,0,0,0,0,0,0,0,0,0,0,0,0,0,0,0,0,0,0,0,0,0,"","","","","",""
1963,Ujjani Dam Rain Gauge,Maharashtra SW,27,Maharashtra,496,Solapur,-,-,-,-,-,-,-,-,-,18.07402000,75.12002000,19-02-2024 23:00,0,0,0,0,0,0,0,0,0,0,0,0,0,0,0,0,0,0,0,0,0,0,0,0,0,0,0,0,0,0,0,0,0,0,0,0,0,0,0,0,0,0,0,0,"","","","","",""
1964,Ujjani Dam Rain Gauge,Maharashtra SW,27,Maharashtra,496,Solapur,-,-,-,-,-,-,-,-,-,18.07402000,75.12002000,20-02-2024 01:00,0,0,0,0,0,0,0,0,0,0,0,0,0,0,0,0,0,0,0,0,0,0,0,0,0,0,0,0,0,0,0,0,0,0,0,0,0,0,0,0,0,0,0,0,"","","","","",""
1965,Ujjani Dam Rain Gauge,Maharashtra SW,27,Maharashtra,496,Solapur,-,-,-,-,-,-,-,-,-,18.07402000,75.12002000,20-02-2024 02:00,0,0,0,0,0,0,0,0,0,0,0,0,0,0,0,0,0,0,0,0,0,0,0,0,0,0,0,0,0,0,0,0,0,0,0,0,0,0,0,0,0,0,0,0,"","","","","",""
1966,Ujjani Dam Rain Gauge,Maharashtra SW,27,Maharashtra,496,Solapur,-,-,-,-,-,-,-,-,-,18.07402000,75.12002000,20-02-2024 04:00,0,0,0,0,0,0,0,0,0,0,0,0,0,0,0,0,0,0,0,0,0,0,0,0,0,0,0,0,0,0,0,0,0,0,0,0,0,0,0,0,0,0,0,0,"","","","","",""
1967,Ujjani Dam Rain Gauge,Maharashtra SW,27,Maharashtra,496,Solapur,-,-,-,-,-,-,-,-,-,18.07402000,75.12002000,20-02-2024 06:00,0,0,0,0,0,0,0,0,0,0,0,0,0,0,0,0,0,0,0,0,0,0,0,0,0,0,0,0,0,0,0,0,0,0,0,0,0,0,0,0,0,0,0,0,"","","","","",""
1968,Ujjani Dam Rain Gauge,Maharashtra SW,27,Maharashtra,496,Solapur,-,-,-,-,-,-,-,-,-,18.07402000,75.12002000,20-02-2024 07:00,0,0,0,0,0,0,0,0,0,0,0,0,0,0,0,0,0,0,0,0,0,0,0,0,0,0,0,0,0,0,0,0,0,0,0,0,0,0,0,0,0,0,0,0,"","","","","",""
1969,Ujjani Dam Rain Gauge,Maharashtra SW,27,Maharashtra,496,Solapur,-,-,-,-,-,-,-,-,-,18.07402000,75.12002000,20-02-2024 08:00,0,0,0,0,0,0,0,0,0,0,0,0,0,0,0,0,0,0,0,0,0,0,0,0,0,0,0,0,0,0,0,0,0,0,0,0,0,0,0,0,0,0,0,0,"","","","","",""
1970,Ujjani Dam Rain Gauge,Maharashtra SW,27,Maharashtra,496,Solapur,-,-,-,-,-,-,-,-,-,18.07402000,75.12002000,20-02-2024 10:00,0,0,0,0,0,0,0,0,0,0,0,0,0,0,0,0,0,0,0,0,0,0,0,0,0,0,0,0,0,0,0,0,0,0,0,0,0,0,0,0,0,0,0,0,"","","","","",""
1971,Ujjani Dam Rain Gauge,Maharashtra SW,27,Maharashtra,496,Solapur,-,-,-,-,-,-,-,-,-,18.07402000,75.12002000,20-02-2024 11:00,0,0,0,0,0,0,0,0,0,0,0,0,0,0,0,0,0,0,0,0,0,0,0,0,0,0,0,0,0,0,0,0,0,0,0,0,0,0,0,0,0,0,0,0,"","","","","",""
1972,Ujjani Dam Rain Gauge,Maharashtra SW,27,Maharashtra,496,Solapur,-,-,-,-,-,-,-,-,-,18.07402000,75.12002000,20-02-2024 13:00,0,0,0,0,0,0,0,0,0,0,0,0,0,0,0,0,0,0,0,0,0,0,0,0,0,0,0,0,0,0,0,0,0,0,0,0,0,0,0,0,0,0,0,0,"","","","","",""
1973,Ujjani Dam Rain Gauge,Maharashtra SW,27,Maharashtra,496,Solapur,-,-,-,-,-,-,-,-,-,18.07402000,75.12002000,20-02-2024 22:00,0,0,0,0,0,0,0,0,0,0,0,0,0,0,0,0,0,0,0,0,0,0,0,0,0,0,0,0,0,0,0,0,0,0,0,0,0,0,0,0,0,0,0,0,"","","","","",""
1974,Ujjani Dam Rain Gauge,Maharashtra SW,27,Maharashtra,496,Solapur,-,-,-,-,-,-,-,-,-,18.07402000,75.12002000,20-02-2024 23:00,0,0,0,0,0,0,0,0,0,0,0,0,0,0,0,0,0,0,0,0,0,0,0,0,0,0,0,0,0,0,0,0,0,0,0,0,0,0,0,0,0,0,0,0,"","","","","",""
1975,Ujjani Dam Rain Gauge,Maharashtra SW,27,Maharashtra,496,Solapur,-,-,-,-,-,-,-,-,-,18.07402000,75.12002000,21-02-2024 00:00,0,0,0,0,0,0,0,0,0,0,0,0,0,0,0,0,0,0,0,0,0,0,0,0,0,0,0,0,0,0,0,0,0,0,0,0,0,0,0,0,0,0,0,0,"","","","","",""
1976,Ujjani Dam Rain Gauge,Maharashtra SW,27,Maharashtra,496,Solapur,-,-,-,-,-,-,-,-,-,18.07402000,75.12002000,21-02-2024 02:00,0,0,0,0,0,0,0,0,0,0,0,0,0,0,0,0,0,0,0,0,0,0,0,0,0,0,0,0,0,0,0,0,0,0,0,0,0,0,0,0,0,0,0,0,"","","","","",""
1977,Ujjani Dam Rain Gauge,Maharashtra SW,27,Maharashtra,496,Solapur,-,-,-,-,-,-,-,-,-,18.07402000,75.12002000,21-02-2024 05:00,0,0,0,0,0,0,0,0,0,0,0,0,0,0,0,0,0,0,0,0,0,0,0,0,0,0,0,0,0,0,0,0,0,0,0,0,0,0,0,0,0,0,0,0,"","","","","",""
1978,Ujjani Dam Rain Gauge,Maharashtra SW,27,Maharashtra,496,Solapur,-,-,-,-,-,-,-,-,-,18.07402000,75.12002000,21-02-2024 06:00,0,0,0,0,0,0,0,0,0,0,0,0,0,0,0,0,0,0,0,0,0,0,0,0,0,0,0,0,0,0,0,0,0,0,0,0,0,0,0,0,0,0,0,0,"","","","","",""
1979,Ujjani Dam Rain Gauge,Maharashtra SW,27,Maharashtra,496,Solapur,-,-,-,-,-,-,-,-,-,18.07402000,75.12002000,21-02-2024 07:00,0,0,0,0,0,0,0,0,0,0,0,0,0,0,0,0,0,0,0,0,0,0,0,0,0,0,0,0,0,0,0,0,0,0,0,0,0,0,0,0,0,0,0,0,"","","","","",""
1980,Ujjani Dam Rain Gauge,Maharashtra SW,27,Maharashtra,496,Solapur,-,-,-,-,-,-,-,-,-,18.07402000,75.12002000,21-02-2024 09:00,0,0,0,0,0,0,0,0,0,0,0,0,0,0,0,0,0,0,0,0,0,0,0,0,0,0,0,0,0,0,0,0,0,0,0,0,0,0,0,0,0,0,0,0,"","","","","",""
1981,Ujjani Dam Rain Gauge,Maharashtra SW,27,Maharashtra,496,Solapur,-,-,-,-,-,-,-,-,-,18.07402000,75.12002000,21-02-2024 10:00,0,0,0,0,0,0,0,0,0,0,0,0,0,0,0,0,0,0,0,0,0,0,0,0,0,0,0,0,0,0,0,0,0,0,0,0,0,0,0,0,0,0,0,0,"","","","","",""
1982,Ujjani Dam Rain Gauge,Maharashtra SW,27,Maharashtra,496,Solapur,-,-,-,-,-,-,-,-,-,18.07402000,75.12002000,21-02-2024 11:00,0,0,0,0,0,0,0,0,0,0,0,0,0,0,0,0,0,0,0,0,0,0,0,0,0,0,0,0,0,0,0,0,0,0,0,0,0,0,0,0,0,0,0,0,"","","","","",""
1983,Ujjani Dam Rain Gauge,Maharashtra SW,27,Maharashtra,496,Solapur,-,-,-,-,-,-,-,-,-,18.07402000,75.12002000,21-02-2024 15:00,0,0,0,0,0,0,0,0,0,0,0,0,0,0,0,0,0,0,0,0,0,0,0,0,0,0,0,0,0,0,0,0,0,0,0,0,0,0,0,0,0,0,0,0,"","","","","",""
1984,Ujjani Dam Rain Gauge,Maharashtra SW,27,Maharashtra,496,Solapur,-,-,-,-,-,-,-,-,-,18.07402000,75.12002000,21-02-2024 16:00,0,0,0,0,0,0,0,0,0,0,0,0,0,0,0,0,0,0,0,0,0,0,0,0,0,0,0,0,0,0,0,0,0,0,0,0,0,0,0,0,0,0,0,0,"","","","","",""
1985,Ujjani Dam Rain Gauge,Maharashtra SW,27,Maharashtra,496,Solapur,-,-,-,-,-,-,-,-,-,18.07402000,75.12002000,21-02-2024 17:00,0,0,0,0,0,0,0,0,0,0,0,0,0,0,0,0,0,0,0,0,0,0,0,0,0,0,0,0,0,0,0,0,0,0,0,0,0,0,0,0,0,0,0,0,"","","","","",""
1986,Ujjani Dam Rain Gauge,Maharashtra SW,27,Maharashtra,496,Solapur,-,-,-,-,-,-,-,-,-,18.07402000,75.12002000,21-02-2024 18:00,0,0,0,0,0,0,0,0,0,0,0,0,0,0,0,0,0,0,0,0,0,0,0,0,0,0,0,0,0,0,0,0,0,0,0,0,0,0,0,0,0,0,0,0,"","","","","",""
1987,Ujjani Dam Rain Gauge,Maharashtra SW,27,Maharashtra,496,Solapur,-,-,-,-,-,-,-,-,-,18.07402000,75.12002000,21-02-2024 20:00,0,0,0,0,0,0,0,0,0,0,0,0,0,0,0,0,0,0,0,0,0,0,0,0,0,0,0,0,0,0,0,0,0,0,0,0,0,0,0,0,0,0,0,0,"","","","","",""
1988,Ujjani Dam Rain Gauge,Maharashtra SW,27,Maharashtra,496,Solapur,-,-,-,-,-,-,-,-,-,18.07402000,75.12002000,21-02-2024 21:00,0,0,0,0,0,0,0,0,0,0,0,0,0,0,0,0,0,0,0,0,0,0,0,0,0,0,0,0,0,0,0,0,0,0,0,0,0,0,0,0,0,0,0,0,"","","","","",""
1989,Ujjani Dam Rain Gauge,Maharashtra SW,27,Maharashtra,496,Solapur,-,-,-,-,-,-,-,-,-,18.07402000,75.12002000,21-02-2024 23:00,0,0,0,0,0,0,0,0,0,0,0,0,0,0,0,0,0,0,0,0,0,0,0,0,0,0,0,0,0,0,0,0,0,0,0,0,0,0,0,0,0,0,0,0,"","","","","",""
1990,Ujjani Dam Rain Gauge,Maharashtra SW,27,Maharashtra,496,Solapur,-,-,-,-,-,-,-,-,-,18.07402000,75.12002000,22-02-2024 00:00,0,0,0,0,0,0,0,0,0,0,0,0,0,0,0,0,0,0,0,0,0,0,0,0,0,0,0,0,0,0,0,0,0,0,0,0,0,0,0,0,0,0,0,0,"","","","","",""
1991,Ujjani Dam Rain Gauge,Maharashtra SW,27,Maharashtra,496,Solapur,-,-,-,-,-,-,-,-,-,18.07402000,75.12002000,22-02-2024 02:00,0,0,0,0,0,0,0,0,0,0,0,0,0,0,0,0,0,0,0,0,0,0,0,0,0,0,0,0,0,0,0,0,0,0,0,0,0,0,0,0,0,0,0,0,"","","","","",""
1992,Ujjani Dam Rain Gauge,Maharashtra SW,27,Maharashtra,496,Solapur,-,-,-,-,-,-,-,-,-,18.07402000,75.12002000,22-02-2024 11:00,0,0,0,0,0,0,0,0,0,0,0,0,0,0,0,0,0,0,0,0,0,0,0,0,0,0,0,0,0,0,0,0,0,0,0,0,0,0,0,0,0,0,0,0,"","","","","",""
1993,Ujjani Dam Rain Gauge,Maharashtra SW,27,Maharashtra,496,Solapur,-,-,-,-,-,-,-,-,-,18.07402000,75.12002000,22-02-2024 12:00,0,0,0,0,0,0,0,0,0,0,0,0,0,0,0,0,0,0,0,0,0,0,0,0,0,0,0,0,0,0,0,0,0,0,0,0,0,0,0,0,0,0,0,0,"","","","","",""
1994,Ujjani Dam Rain Gauge,Maharashtra SW,27,Maharashtra,496,Solapur,-,-,-,-,-,-,-,-,-,18.07402000,75.12002000,22-02-2024 15:00,0,0,0,0,0,0,0,0,0,0,0,0,0,0,0,0,0,0,0,0,0,0,0,0,0,0,0,0,0,0,0,0,0,0,0,0,0,0,0,0,0,0,0,0,"","","","","",""
1995,Ujjani Dam Rain Gauge,Maharashtra SW,27,Maharashtra,496,Solapur,-,-,-,-,-,-,-,-,-,18.07402000,75.12002000,22-02-2024 17:00,0,0,0,0,0,0,0,0,0,0,0,0,0,0,0,0,0,0,0,0,0,0,0,0,0,0,0,0,0,0,0,0,0,0,0,0,0,0,0,0,0,0,0,0,"","","","","",""
1996,Ujjani Dam Rain Gauge,Maharashtra SW,27,Maharashtra,496,Solapur,-,-,-,-,-,-,-,-,-,18.07402000,75.12002000,22-02-2024 19:00,0,0,0,0,0,0,0,0,0,0,0,0,0,0,0,0,0,0,0,0,0,0,0,0,0,0,0,0,0,0,0,0,0,0,0,0,0,0,0,0,0,0,0,0,"","","","","",""
1997,Ujjani Dam Rain Gauge,Maharashtra SW,27,Maharashtra,496,Solapur,-,-,-,-,-,-,-,-,-,18.07402000,75.12002000,22-02-2024 20:00,0,0,0,0,0,0,0,0,0,0,0,0,0,0,0,0,0,0,0,0,0,0,0,0,0,0,0,0,0,0,0,0,0,0,0,0,0,0,0,0,0,0,0,0,"","","","","",""
1998,Ujjani Dam Rain Gauge,Maharashtra SW,27,Maharashtra,496,Solapur,-,-,-,-,-,-,-,-,-,18.07402000,75.12002000,22-02-2024 22:00,0,0,0,0,0,0,0,0,0,0,0,0,0,0,0,0,0,0,0,0,0,0,0,0,0,0,0,0,0,0,0,0,0,0,0,0,0,0,0,0,0,0,0,0,"","","","","",""
1999,Ujjani Dam Rain Gauge,Maharashtra SW,27,Maharashtra,496,Solapur,-,-,-,-,-,-,-,-,-,18.07402000,75.12002000,22-02-2024 23:00,0,0,0,0,0,0,0,0,0,0,0,0,0,0,0,0,0,0,0,0,0,0,0,0,0,0,0,0,0,0,0,0,0,0,0,0,0,0,0,0,0,0,0,0,"","","","","",""
2000,Ujjani Dam Rain Gauge,Maharashtra SW,27,Maharashtra,496,Solapur,-,-,-,-,-,-,-,-,-,18.07402000,75.12002000,23-02-2024 01:00,0,0,0,0,0,0,0,0,0,0,0,0,0,0,0,0,0,0,0,0,0,0,0,0,0,0,0,0,0,0,0,0,0,0,0,0,0,0,0,0,0,0,0,0,"","","","","",""
2001,Ujjani Dam Rain Gauge,Maharashtra SW,27,Maharashtra,496,Solapur,-,-,-,-,-,-,-,-,-,18.07402000,75.12002000,23-02-2024 02:00,0,0,0,0,0,0,0,0,0,0,0,0,0,0,0,0,0,0,0,0,0,0,0,0,0,0,0,0,0,0,0,0,0,0,0,0,0,0,0,0,0,0,0,0,"","","","","",""
2002,Ujjani Dam Rain Gauge,Maharashtra SW,27,Maharashtra,496,Solapur,-,-,-,-,-,-,-,-,-,18.07402000,75.12002000,23-02-2024 04:00,0,0,0,0,0,0,0,0,0,0,0,0,0,0,0,0,0,0,0,0,0,0,0,0,0,0,0,0,0,0,0,0,0,0,0,0,0,0,0,0,0,0,0,0,"","","","","",""
2003,Ujjani Dam Rain Gauge,Maharashtra SW,27,Maharashtra,496,Solapur,-,-,-,-,-,-,-,-,-,18.07402000,75.12002000,23-02-2024 05:00,0,0,0,0,0,0,0,0,0,0,0,0,0,0,0,0,0,0,0,0,0,0,0,0,0,0,0,0,0,0,0,0,0,0,0,0,0,0,0,0,0,0,0,0,"","","","","",""
2004,Ujjani Dam Rain Gauge,Maharashtra SW,27,Maharashtra,496,Solapur,-,-,-,-,-,-,-,-,-,18.07402000,75.12002000,23-02-2024 07:00,0,0,0,0,0,0,0,0,0,0,0,0,0,0,0,0,0,0,0,0,0,0,0,0,0,0,0,0,0,0,0,0,0,0,0,0,0,0,0,0,0,0,0,0,"","","","","",""
2005,Ujjani Dam Rain Gauge,Maharashtra SW,27,Maharashtra,496,Solapur,-,-,-,-,-,-,-,-,-,18.07402000,75.12002000,23-02-2024 10:00,0,0,0,0,0,0,0,0,0,0,0,0,0,0,0,0,0,0,0,0,0,0,0,0,0,0,0,0,0,0,0,0,0,0,0,0,0,0,0,0,0,0,0,0,"","","","","",""
2006,Ujjani Dam Rain Gauge,Maharashtra SW,27,Maharashtra,496,Solapur,-,-,-,-,-,-,-,-,-,18.07402000,75.12002000,23-02-2024 12:00,0,0,0,0,0,0,0,0,0,0,0,0,0,0,0,0,0,0,0,0,0,0,0,0,0,0,0,0,0,0,0,0,0,0,0,0,0,0,0,0,0,0,0,0,"","","","","",""
2007,Ujjani Dam Rain Gauge,Maharashtra SW,27,Maharashtra,496,Solapur,-,-,-,-,-,-,-,-,-,18.07402000,75.12002000,23-02-2024 17:00,0,0,0,0,0,0,0,0,0,0,0,0,0,0,0,0,0,0,0,0,0,0,0,0,0,0,0,0,0,0,0,0,0,0,0,0,0,0,0,0,0,0,0,0,"","","","","",""
2008,Ujjani Dam Rain Gauge,Maharashtra SW,27,Maharashtra,496,Solapur,-,-,-,-,-,-,-,-,-,18.07402000,75.12002000,23-02-2024 19:00,0,0,0,0,0,0,0,0,0,0,0,0,0,0,0,0,0,0,0,0,0,0,0,0,0,0,0,0,0,0,0,0,0,0,0,0,0,0,0,0,0,0,0,0,"","","","","",""
2009,Ujjani Dam Rain Gauge,Maharashtra SW,27,Maharashtra,496,Solapur,-,-,-,-,-,-,-,-,-,18.07402000,75.12002000,23-02-2024 20:00,0,0,0,0,0,0,0,0,0,0,0,0,0,0,0,0,0,0,0,0,0,0,0,0,0,0,0,0,0,0,0,0,0,0,0,0,0,0,0,0,0,0,0,0,"","","","","",""
2010,Ujjani Dam Rain Gauge,Maharashtra SW,27,Maharashtra,496,Solapur,-,-,-,-,-,-,-,-,-,18.07402000,75.12002000,23-02-2024 21:00,0,0,0,0,0,0,0,0,0,0,0,0,0,0,0,0,0,0,0,0,0,0,0,0,0,0,0,0,0,0,0,0,0,0,0,0,0,0,0,0,0,0,0,0,"","","","","",""
2011,Ujjani Dam Rain Gauge,Maharashtra SW,27,Maharashtra,496,Solapur,-,-,-,-,-,-,-,-,-,18.07402000,75.12002000,23-02-2024 23:00,0,0,0,0,0,0,0,0,0,0,0,0,0,0,0,0,0,0,0,0,0,0,0,0,0,0,0,0,0,0,0,0,0,0,0,0,0,0,0,0,0,0,0,0,"","","","","",""
2012,Ujjani Dam Rain Gauge,Maharashtra SW,27,Maharashtra,496,Solapur,-,-,-,-,-,-,-,-,-,18.07402000,75.12002000,24-02-2024 00:00,0,0,0,0,0,0,0,0,0,0,0,0,0,0,0,0,0,0,0,0,0,0,0,0,0,0,0,0,0,0,0,0,0,0,0,0,0,0,0,0,0,0,0,0,"","","","","",""
2013,Ujjani Dam Rain Gauge,Maharashtra SW,27,Maharashtra,496,Solapur,-,-,-,-,-,-,-,-,-,18.07402000,75.12002000,24-02-2024 02:00,0,0,0,0,0,0,0,0,0,0,0,0,0,0,0,0,0,0,0,0,0,0,0,0,0,0,0,0,0,0,0,0,0,0,0,0,0,0,0,0,0,0,0,0,"","","","","",""
2014,Ujjani Dam Rain Gauge,Maharashtra SW,27,Maharashtra,496,Solapur,-,-,-,-,-,-,-,-,-,18.07402000,75.12002000,24-02-2024 03:00,0,0,0,0,0,0,0,0,0,0,0,0,0,0,0,0,0,0,0,0,0,0,0,0,0,0,0,0,0,0,0,0,0,0,0,0,0,0,0,0,0,0,0,0,"","","","","",""
2015,Ujjani Dam Rain Gauge,Maharashtra SW,27,Maharashtra,496,Solapur,-,-,-,-,-,-,-,-,-,18.07402000,75.12002000,24-02-2024 05:00,0,0,0,0,0,0,0,0,0,0,0,0,0,0,0,0,0,0,0,0,0,0,0,0,0,0,0,0,0,0,0,0,0,0,0,0,0,0,0,0,0,0,0,0,"","","","","",""
2016,Ujjani Dam Rain Gauge,Maharashtra SW,27,Maharashtra,496,Solapur,-,-,-,-,-,-,-,-,-,18.07402000,75.12002000,24-02-2024 06:00,0,0,0,0,0,0,0,0,0,0,0,0,0,0,0,0,0,0,0,0,0,0,0,0,0,0,0,0,0,0,0,0,0,0,0,0,0,0,0,0,0,0,0,0,"","","","","",""
2017,Ujjani Dam Rain Gauge,Maharashtra SW,27,Maharashtra,496,Solapur,-,-,-,-,-,-,-,-,-,18.07402000,75.12002000,24-02-2024 08:00,0,0,0,0,0,0,0,0,0,0,0,0,0,0,0,0,0,0,0,0,0,0,0,0,0,0,0,0,0,0,0,0,0,0,0,0,0,0,0,0,0,0,0,0,"","","","","",""
2018,Ujjani Dam Rain Gauge,Maharashtra SW,27,Maharashtra,496,Solapur,-,-,-,-,-,-,-,-,-,18.07402000,75.12002000,24-02-2024 09:00,0,0,0,0,0,0,0,0,0,0,0,0,0,0,0,0,0,0,0,0,0,0,0,0,0,0,0,0,0,0,0,0,0,0,0,0,0,0,0,0,0,0,0,0,"","","","","",""
2019,Ujjani Dam Rain Gauge,Maharashtra SW,27,Maharashtra,496,Solapur,-,-,-,-,-,-,-,-,-,18.07402000,75.12002000,24-02-2024 11:00,0,0,0,0,0,0,0,0,0,0,0,0,0,0,0,0,0,0,0,0,0,0,0,0,0,0,0,0,0,0,0,0,0,0,0,0,0,0,0,0,0,0,0,0,"","","","","",""
2020,Ujjani Dam Rain Gauge,Maharashtra SW,27,Maharashtra,496,Solapur,-,-,-,-,-,-,-,-,-,18.07402000,75.12002000,24-02-2024 12:00,0,0,0,0,0,0,0,0,0,0,0,0,0,0,0,0,0,0,0,0,0,0,0,0,0,0,0,0,0,0,0,0,0,0,0,0,0,0,0,0,0,0,0,0,"","","","","",""
2021,Ujjani Dam Rain Gauge,Maharashtra SW,27,Maharashtra,496,Solapur,-,-,-,-,-,-,-,-,-,18.07402000,75.12002000,24-02-2024 14:00,0,0,0,0,0,0,0,0,0,0,0,0,0,0,0,0,0,0,0,0,0,0,0,0,0,0,0,0,0,0,0,0,0,0,0,0,0,0,0,0,0,0,0,0,"","","","","",""
2022,Ujjani Dam Rain Gauge,Maharashtra SW,27,Maharashtra,496,Solapur,-,-,-,-,-,-,-,-,-,18.07402000,75.12002000,24-02-2024 15:00,0,0,0,0,0,0,0,0,0,0,0,0,0,0,0,0,0,0,0,0,0,0,0,0,0,0,0,0,0,0,0,0,0,0,0,0,0,0,0,0,0,0,0,0,"","","","","",""
2023,Ujjani Dam Rain Gauge,Maharashtra SW,27,Maharashtra,496,Solapur,-,-,-,-,-,-,-,-,-,18.07402000,75.12002000,24-02-2024 17:00,0,0,0,0,0,0,0,0,0,0,0,0,0,0,0,0,0,0,0,0,0,0,0,0,0,0,0,0,0,0,0,0,0,0,0,0,0,0,0,0,0,0,0,0,"","","","","",""
2024,Ujjani Dam Rain Gauge,Maharashtra SW,27,Maharashtra,496,Solapur,-,-,-,-,-,-,-,-,-,18.07402000,75.12002000,24-02-2024 18:00,0,0,0,0,0,0,0,0,0,0,0,0,0,0,0,0,0,0,0,0,0,0,0,0,0,0,0,0,0,0,0,0,0,0,0,0,0,0,0,0,0,0,0,0,"","","","","",""
2025,Ujjani Dam Rain Gauge,Maharashtra SW,27,Maharashtra,496,Solapur,-,-,-,-,-,-,-,-,-,18.07402000,75.12002000,24-02-2024 20:00,0,0,0,0,0,0,0,0,0,0,0,0,0,0,0,0,0,0,0,0,0,0,0,0,0,0,0,0,0,0,0,0,0,0,0,0,0,0,0,0,0,0,0,0,"","","","","",""
2026,Ujjani Dam Rain Gauge,Maharashtra SW,27,Maharashtra,496,Solapur,-,-,-,-,-,-,-,-,-,18.07402000,75.12002000,24-02-2024 21:00,0,0,0,0,0,0,0,0,0,0,0,0,0,0,0,0,0,0,0,0,0,0,0,0,0,0,0,0,0,0,0,0,0,0,0,0,0,0,0,0,0,0,0,0,"","","","","",""
2027,Ujjani Dam Rain Gauge,Maharashtra SW,27,Maharashtra,496,Solapur,-,-,-,-,-,-,-,-,-,18.07402000,75.12002000,24-02-2024 23:00,0,0,0,0,0,0,0,0,0,0,0,0,0,0,0,0,0,0,0,0,0,0,0,0,0,0,0,0,0,0,0,0,0,0,0,0,0,0,0,0,0,0,0,0,"","","","","",""
2028,Ujjani Dam Rain Gauge,Maharashtra SW,27,Maharashtra,496,Solapur,-,-,-,-,-,-,-,-,-,18.07402000,75.12002000,25-02-2024 00:00,0,0,0,0,0,0,0,0,0,0,0,0,0,0,0,0,0,0,0,0,0,0,0,0,0,0,0,0,0,0,0,0,0,0,0,0,0,0,0,0,0,0,0,0,"","","","","",""
2029,Ujjani Dam Rain Gauge,Maharashtra SW,27,Maharashtra,496,Solapur,-,-,-,-,-,-,-,-,-,18.07402000,75.12002000,25-02-2024 01:00,0,0,0,0,0,0,0,0,0,0,0,0,0,0,0,0,0,0,0,0,0,0,0,0,0,0,0,0,0,0,0,0,0,0,0,0,0,0,0,0,0,0,0,0,"","","","","",""
2030,Ujjani Dam Rain Gauge,Maharashtra SW,27,Maharashtra,496,Solapur,-,-,-,-,-,-,-,-,-,18.07402000,75.12002000,25-02-2024 03:00,0,0,0,0,0,0,0,0,0,0,0,0,0,0,0,0,0,0,0,0,0,0,0,0,0,0,0,0,0,0,0,0,0,0,0,0,0,0,0,0,0,0,0,0,"","","","","",""
2031,Ujjani Dam Rain Gauge,Maharashtra SW,27,Maharashtra,496,Solapur,-,-,-,-,-,-,-,-,-,18.07402000,75.12002000,25-02-2024 04:00,0,0,0,0,0,0,0,0,0,0,0,0,0,0,0,0,0,0,0,0,0,0,0,0,0,0,0,0,0,0,0,0,0,0,0,0,0,0,0,0,0,0,0,0,"","","","","",""
2032,Ujjani Dam Rain Gauge,Maharashtra SW,27,Maharashtra,496,Solapur,-,-,-,-,-,-,-,-,-,18.07402000,75.12002000,25-02-2024 06:00,0,0,0,0,0,0,0,0,0,0,0,0,0,0,0,0,0,0,0,0,0,0,0,0,0,0,0,0,0,0,0,0,0,0,0,0,0,0,0,0,0,0,0,0,"","","","","",""
2033,Ujjani Dam Rain Gauge,Maharashtra SW,27,Maharashtra,496,Solapur,-,-,-,-,-,-,-,-,-,18.07402000,75.12002000,25-02-2024 07:00,0,0,0,0,0,0,0,0,0,0,0,0,0,0,0,0,0,0,0,0,0,0,0,0,0,0,0,0,0,0,0,0,0,0,0,0,0,0,0,0,0,0,0,0,"","","","","",""
2034,Ujjani Dam Rain Gauge,Maharashtra SW,27,Maharashtra,496,Solapur,-,-,-,-,-,-,-,-,-,18.07402000,75.12002000,25-02-2024 09:00,0,0,0,0,0,0,0,0,0,0,0,0,0,0,0,0,0,0,0,0,0,0,0,0,0,0,0,0,0,0,0,0,0,0,0,0,0,0,0,0,0,0,0,0,"","","","","",""
2035,Ujjani Dam Rain Gauge,Maharashtra SW,27,Maharashtra,496,Solapur,-,-,-,-,-,-,-,-,-,18.07402000,75.12002000,25-02-2024 10:00,0,0,0,0,0,0,0,0,0,0,0,0,0,0,0,0,0,0,0,0,0,0,0,0,0,0,0,0,0,0,0,0,0,0,0,0,0,0,0,0,0,0,0,0,"","","","","",""
2036,Ujjani Dam Rain Gauge,Maharashtra SW,27,Maharashtra,496,Solapur,-,-,-,-,-,-,-,-,-,18.07402000,75.12002000,25-02-2024 12:00,0,0,0,0,0,0,0,0,0,0,0,0,0,0,0,0,0,0,0,0,0,0,0,0,0,0,0,0,0,0,0,0,0,0,0,0,0,0,0,0,0,0,0,0,"","","","","",""
2037,Ujjani Dam Rain Gauge,Maharashtra SW,27,Maharashtra,496,Solapur,-,-,-,-,-,-,-,-,-,18.07402000,75.12002000,25-02-2024 13:00,0,0,0,0,0,0,0,0,0,0,0,0,0,0,0,0,0,0,0,0,0,0,0,0,0,0,0,0,0,0,0,0,0,0,0,0,0,0,0,0,0,0,0,0,"","","","","",""
2038,Ujjani Dam Rain Gauge,Maharashtra SW,27,Maharashtra,496,Solapur,-,-,-,-,-,-,-,-,-,18.07402000,75.12002000,25-02-2024 15:00,0,0,0,0,0,0,0,0,0,0,0,0,0,0,0,0,0,0,0,0,0,0,0,0,0,0,0,0,0,0,0,0,0,0,0,0,0,0,0,0,0,0,0,0,"","","","","",""
2039,Ujjani Dam Rain Gauge,Maharashtra SW,27,Maharashtra,496,Solapur,-,-,-,-,-,-,-,-,-,18.07402000,75.12002000,25-02-2024 16:00,0,0,0,0,0,0,0,0,0,0,0,0,0,0,0,0,0,0,0,0,0,0,0,0,0,0,0,0,0,0,0,0,0,0,0,0,0,0,0,0,0,0,0,0,"","","","","",""
2040,Ujjani Dam Rain Gauge,Maharashtra SW,27,Maharashtra,496,Solapur,-,-,-,-,-,-,-,-,-,18.07402000,75.12002000,25-02-2024 18:00,0,0,0,0,0,0,0,0,0,0,0,0,0,0,0,0,0,0,0,0,0,0,0,0,0,0,0,0,0,0,0,0,0,0,0,0,0,0,0,0,0,0,0,0,"","","","","",""
2041,Ujjani Dam Rain Gauge,Maharashtra SW,27,Maharashtra,496,Solapur,-,-,-,-,-,-,-,-,-,18.07402000,75.12002000,25-02-2024 19:00,0,0,0,0,0,0,0,0,0,0,0,0,0,0,0,0,0,0,0,0,0,0,0,0,0,0,0,0,0,0,0,0,0,0,0,0,0,0,0,0,0,0,0,0,"","","","","",""
2042,Ujjani Dam Rain Gauge,Maharashtra SW,27,Maharashtra,496,Solapur,-,-,-,-,-,-,-,-,-,18.07402000,75.12002000,25-02-2024 21:00,0,0,0,0,0,0,0,0,0,0,0,0,0,0,0,0,0,0,0,0,0,0,0,0,0,0,0,0,0,0,0,0,0,0,0,0,0,0,0,0,0,0,0,0,"","","","","",""
2043,Ujjani Dam Rain Gauge,Maharashtra SW,27,Maharashtra,496,Solapur,-,-,-,-,-,-,-,-,-,18.07402000,75.12002000,25-02-2024 22:00,0,0,0,0,0,0,0,0,0,0,0,0,0,0,0,0,0,0,0,0,0,0,0,0,0,0,0,0,0,0,0,0,0,0,0,0,0,0,0,0,0,0,0,0,"","","","","",""
2044,Ujjani Dam Rain Gauge,Maharashtra SW,27,Maharashtra,496,Solapur,-,-,-,-,-,-,-,-,-,18.07402000,75.12002000,26-02-2024 00:00,0,0,0,0,0,0,0,0,0,0,0,0,0,0,0,0,0,0,0,0,0,0,0,0,0,0,0,0,0,0,0,0,0,0,0,0,0,0,0,0,0,0,0,0,"","","","","",""
2045,Ujjani Dam Rain Gauge,Maharashtra SW,27,Maharashtra,496,Solapur,-,-,-,-,-,-,-,-,-,18.07402000,75.12002000,26-02-2024 01:00,0,0,0,0,0,0,0,0,0,0,0,0,0,0,0,0,0,0,0,0,0,0,0,0,0,0,0,0,0,0,0,0,0,0,0,0,0,0,0,0,0,0,0,0,"","","","","",""
2046,Ujjani Dam Rain Gauge,Maharashtra SW,27,Maharashtra,496,Solapur,-,-,-,-,-,-,-,-,-,18.07402000,75.12002000,26-02-2024 02:00,0,0,0,0,0,0,0,0,0,0,0,0,0,0,0,0,0,0,0,0,0,0,0,0,0,0,0,0,0,0,0,0,0,0,0,0,0,0,0,0,0,0,0,0,"","","","","",""
2047,Ujjani Dam Rain Gauge,Maharashtra SW,27,Maharashtra,496,Solapur,-,-,-,-,-,-,-,-,-,18.07402000,75.12002000,26-02-2024 04:00,0,0,0,0,0,0,0,0,0,0,0,0,0,0,0,0,0,0,0,0,0,0,0,0,0,0,0,0,0,0,0,0,0,0,0,0,0,0,0,0,0,0,0,0,"","","","","",""
2048,Ujjani Dam Rain Gauge,Maharashtra SW,27,Maharashtra,496,Solapur,-,-,-,-,-,-,-,-,-,18.07402000,75.12002000,26-02-2024 05:00,0,0,0,0,0,0,0,0,0,0,0,0,0,0,0,0,0,0,0,0,0,0,0,0,0,0,0,0,0,0,0,0,0,0,0,0,0,0,0,0,0,0,0,0,"","","","","",""
2049,Ujjani Dam Rain Gauge,Maharashtra SW,27,Maharashtra,496,Solapur,-,-,-,-,-,-,-,-,-,18.07402000,75.12002000,26-02-2024 07:00,0,0,0,0,0,0,0,0,0,0,0,0,0,0,0,0,0,0,0,0,0,0,0,0,0,0,0,0,0,0,0,0,0,0,0,0,0,0,0,0,0,0,0,0,"","","","","",""
2050,Ujjani Dam Rain Gauge,Maharashtra SW,27,Maharashtra,496,Solapur,-,-,-,-,-,-,-,-,-,18.07402000,75.12002000,26-02-2024 08:00,0,0,0,0,0,0,0,0,0,0,0,0,0,0,0,0,0,0,0,0,0,0,0,0,0,0,0,0,0,0,0,0,0,0,0,0,0,0,0,0,0,0,0,0,"","","","","",""
2051,Ujjani Dam Rain Gauge,Maharashtra SW,27,Maharashtra,496,Solapur,-,-,-,-,-,-,-,-,-,18.07402000,75.12002000,26-02-2024 11:00,0,0,0,0,0,0,0,0,0,0,0,0,0,0,0,0,0,0,0,0,0,0,0,0,0,0,0,0,0,0,0,0,0,0,0,0,0,0,0,0,0,0,0,0,"","","","","",""
2052,Ujjani Dam Rain Gauge,Maharashtra SW,27,Maharashtra,496,Solapur,-,-,-,-,-,-,-,-,-,18.07402000,75.12002000,26-02-2024 19:00,0,0,0,0,0,0,0,0,0,0,0,0,0,0,0,0,0,0,0,0,0,0,0,0,0,0,0,0,0,0,0,0,0,0,0,0,0,0,0,0,0,0,0,0,"","","","","",""
2053,Ujjani Dam Rain Gauge,Maharashtra SW,27,Maharashtra,496,Solapur,-,-,-,-,-,-,-,-,-,18.07402000,75.12002000,26-02-2024 20:00,0,0,0,0,0,0,0,0,0,0,0,0,0,0,0,0,0,0,0,0,0,0,0,0,0,0,0,0,0,0,0,0,0,0,0,0,0,0,0,0,0,0,0,0,"","","","","",""
2054,Ujjani Dam Rain Gauge,Maharashtra SW,27,Maharashtra,496,Solapur,-,-,-,-,-,-,-,-,-,18.07402000,75.12002000,26-02-2024 22:00,0,0,0,0,0,0,0,0,0,0,0,0,0,0,0,0,0,0,0,0,0,0,0,0,0,0,0,0,0,0,0,0,0,0,0,0,0,0,0,0,0,0,0,0,"","","","","",""
2055,Ujjani Dam Rain Gauge,Maharashtra SW,27,Maharashtra,496,Solapur,-,-,-,-,-,-,-,-,-,18.07402000,75.12002000,26-02-2024 23:00,0,0,0,0,0,0,0,0,0,0,0,0,0,0,0,0,0,0,0,0,0,0,0,0,0,0,0,0,0,0,0,0,0,0,0,0,0,0,0,0,0,0,0,0,"","","","","",""
2056,Ujjani Dam Rain Gauge,Maharashtra SW,27,Maharashtra,496,Solapur,-,-,-,-,-,-,-,-,-,18.07402000,75.12002000,27-02-2024 01:00,0,0,0,0,0,0,0,0,0,0,0,0,0,0,0,0,0,0,0,0,0,0,0,0,0,0,0,0,0,0,0,0,0,0,0,0,0,0,0,0,0,0,0,0,"","","","","",""
2057,Ujjani Dam Rain Gauge,Maharashtra SW,27,Maharashtra,496,Solapur,-,-,-,-,-,-,-,-,-,18.07402000,75.12002000,27-02-2024 02:00,0,0,0,0,0,0,0,0,0,0,0,0,0,0,0,0,0,0,0,0,0,0,0,0,0,0,0,0,0,0,0,0,0,0,0,0,0,0,0,0,0,0,0,0,"","","","","",""
2058,Ujjani Dam Rain Gauge,Maharashtra SW,27,Maharashtra,496,Solapur,-,-,-,-,-,-,-,-,-,18.07402000,75.12002000,27-02-2024 04:00,0,0,0,0,0,0,0,0,0,0,0,0,0,0,0,0,0,0,0,0,0,0,0,0,0,0,0,0,0,0,0,0,0,0,0,0,0,0,0,0,0,0,0,0,"","","","","",""
2059,Ujjani Dam Rain Gauge,Maharashtra SW,27,Maharashtra,496,Solapur,-,-,-,-,-,-,-,-,-,18.07402000,75.12002000,27-02-2024 05:00,0,0,0,0,0,0,0,0,0,0,0,0,0,0,0,0,0,0,0,0,0,0,0,0,0,0,0,0,0,0,0,0,0,0,0,0,0,0,0,0,0,0,0,0,"","","","","",""
2060,Ujjani Dam Rain Gauge,Maharashtra SW,27,Maharashtra,496,Solapur,-,-,-,-,-,-,-,-,-,18.07402000,75.12002000,27-02-2024 07:00,0,0,0,0,0,0,0,0,0,0,0,0,0,0,0,0,0,0,0,0,0,0,0,0,0,0,0,0,0,0,0,0,0,0,0,0,0,0,0,0,0,0,0,0,"","","","","",""
2061,Ujjani Dam Rain Gauge,Maharashtra SW,27,Maharashtra,496,Solapur,-,-,-,-,-,-,-,-,-,18.07402000,75.12002000,27-02-2024 08:00,0,0,0,0,0,0,0,0,0,0,0,0,0,0,0,0,0,0,0,0,0,0,0,0,0,0,0,0,0,0,0,0,0,0,0,0,0,0,0,0,0,0,0,0,"","","","","",""
2062,Ujjani Dam Rain Gauge,Maharashtra SW,27,Maharashtra,496,Solapur,-,-,-,-,-,-,-,-,-,18.07402000,75.12002000,27-02-2024 10:00,0,0,0,0,0,0,0,0,0,0,0,0,0,0,0,0,0,0,0,0,0,0,0,0,0,0,0,0,0,0,0,0,0,0,0,0,0,0,0,0,0,0,0,0,"","","","","",""
2063,Ujjani Dam Rain Gauge,Maharashtra SW,27,Maharashtra,496,Solapur,-,-,-,-,-,-,-,-,-,18.07402000,75.12002000,27-02-2024 11:00,0,0,0,0,0,0,0,0,0,0,0,0,0,0,0,0,0,0,0,0,0,0,0,0,0,0,0,0,0,0,0,0,0,0,0,0,0,0,0,0,0,0,0,0,"","","","","",""
2064,Ujjani Dam Rain Gauge,Maharashtra SW,27,Maharashtra,496,Solapur,-,-,-,-,-,-,-,-,-,18.07402000,75.12002000,27-02-2024 12:00,0,0,0,0,0,0,0,0,0,0,0,0,0,0,0,0,0,0,0,0,0,0,0,0,0,0,0,0,0,0,0,0,0,0,0,0,0,0,0,0,0,0,0,0,"","","","","",""
2065,Ujjani Dam Rain Gauge,Maharashtra SW,27,Maharashtra,496,Solapur,-,-,-,-,-,-,-,-,-,18.07402000,75.12002000,27-02-2024 14:00,0,0,0,0,0,0,0,0,0,0,0,0,0,0,0,0,0,0,0,0,0,0,0,0,0,0,0,0,0,0,0,0,0,0,0,0,0,0,0,0,0,0,0,0,"","","","","",""
2066,Ujjani Dam Rain Gauge,Maharashtra SW,27,Maharashtra,496,Solapur,-,-,-,-,-,-,-,-,-,18.07402000,75.12002000,27-02-2024 15:00,0,0,0,0,0,0,0,0,0,0,0,0,0,0,0,0,0,0,0,0,0,0,0,0,0,0,0,0,0,0,0,0,0,0,0,0,0,0,0,0,0,0,0,0,"","","","","",""
2067,Ujjani Dam Rain Gauge,Maharashtra SW,27,Maharashtra,496,Solapur,-,-,-,-,-,-,-,-,-,18.07402000,75.12002000,27-02-2024 17:00,0,0,0,0,0,0,0,0,0,0,0,0,0,0,0,0,0,0,0,0,0,0,0,0,0,0,0,0,0,0,0,0,0,0,0,0,0,0,0,0,0,0,0,0,"","","","","",""
2068,Ujjani Dam Rain Gauge,Maharashtra SW,27,Maharashtra,496,Solapur,-,-,-,-,-,-,-,-,-,18.07402000,75.12002000,27-02-2024 18:00,0,0,0,0,0,0,0,0,0,0,0,0,0,0,0,0,0,0,0,0,0,0,0,0,0,0,0,0,0,0,0,0,0,0,0,0,0,0,0,0,0,0,0,0,"","","","","",""
2069,Ujjani Dam Rain Gauge,Maharashtra SW,27,Maharashtra,496,Solapur,-,-,-,-,-,-,-,-,-,18.07402000,75.12002000,27-02-2024 20:00,0,0,0,0,0,0,0,0,0,0,0,0,0,0,0,0,0,0,0,0,0,0,0,0,0,0,0,0,0,0,0,0,0,0,0,0,0,0,0,0,0,0,0,0,"","","","","",""
2070,Ujjani Dam Rain Gauge,Maharashtra SW,27,Maharashtra,496,Solapur,-,-,-,-,-,-,-,-,-,18.07402000,75.12002000,27-02-2024 21:00,0,0,0,0,0,0,0,0,0,0,0,0,0,0,0,0,0,0,0,0,0,0,0,0,0,0,0,0,0,0,0,0,0,0,0,0,0,0,0,0,0,0,0,0,"","","","","",""
2071,Ujjani Dam Rain Gauge,Maharashtra SW,27,Maharashtra,496,Solapur,-,-,-,-,-,-,-,-,-,18.07402000,75.12002000,27-02-2024 23:00,0,0,0,0,0,0,0,0,0,0,0,0,0,0,0,0,0,0,0,0,0,0,0,0,0,0,0,0,0,0,0,0,0,0,0,0,0,0,0,0,0,0,0,0,"","","","","",""
2072,Ujjani Dam Rain Gauge,Maharashtra SW,27,Maharashtra,496,Solapur,-,-,-,-,-,-,-,-,-,18.07402000,75.12002000,28-02-2024 00:00,0,0,0,0,0,0,0,0,0,0,0,0,0,0,0,0,0,0,0,0,0,0,0,0,0,0,0,0,0,0,0,0,0,0,0,0,0,0,0,0,0,0,0,0,"","","","","",""
2073,Ujjani Dam Rain Gauge,Maharashtra SW,27,Maharashtra,496,Solapur,-,-,-,-,-,-,-,-,-,18.07402000,75.12002000,28-02-2024 02:00,0,0,0,0,0,0,0,0,0,0,0,0,0,0,0,0,0,0,0,0,0,0,0,0,0,0,0,0,0,0,0,0,0,0,0,0,0,0,0,0,0,0,0,0,"","","","","",""
2074,Ujjani Dam Rain Gauge,Maharashtra SW,27,Maharashtra,496,Solapur,-,-,-,-,-,-,-,-,-,18.07402000,75.12002000,28-02-2024 03:00,0,0,0,0,0,0,0,0,0,0,0,0,0,0,0,0,0,0,0,0,0,0,0,0,0,0,0,0,0,0,0,0,0,0,0,0,0,0,0,0,0,0,0,0,"","","","","",""
2075,Ujjani Dam Rain Gauge,Maharashtra SW,27,Maharashtra,496,Solapur,-,-,-,-,-,-,-,-,-,18.07402000,75.12002000,28-02-2024 05:00,0,0,0,0,0,0,0,0,0,0,0,0,0,0,0,0,0,0,0,0,0,0,0,0,0,0,0,0,0,0,0,0,0,0,0,0,0,0,0,0,0,0,0,0,"","","","","",""
2076,Ujjani Dam Rain Gauge,Maharashtra SW,27,Maharashtra,496,Solapur,-,-,-,-,-,-,-,-,-,18.07402000,75.12002000,28-02-2024 06:00,0,0,0,0,0,0,0,0,0,0,0,0,0,0,0,0,0,0,0,0,0,0,0,0,0,0,0,0,0,0,0,0,0,0,0,0,0,0,0,0,0,0,0,0,"","","","","",""
2077,Ujjani Dam Rain Gauge,Maharashtra SW,27,Maharashtra,496,Solapur,-,-,-,-,-,-,-,-,-,18.07402000,75.12002000,28-02-2024 08:00,0,0,0,0,0,0,0,0,0,0,0,0,0,0,0,0,0,0,0,0,0,0,0,0,0,0,0,0,0,0,0,0,0,0,0,0,0,0,0,0,0,0,0,0,"","","","","",""
2078,Ujjani Dam Rain Gauge,Maharashtra SW,27,Maharashtra,496,Solapur,-,-,-,-,-,-,-,-,-,18.07402000,75.12002000,28-02-2024 09:00,0,0,0,0,0,0,0,0,0,0,0,0,0,0,0,0,0,0,0,0,0,0,0,0,0,0,0,0,0,0,0,0,0,0,0,0,0,0,0,0,0,0,0,0,"","","","","",""
2079,Ujjani Dam Rain Gauge,Maharashtra SW,27,Maharashtra,496,Solapur,-,-,-,-,-,-,-,-,-,18.07402000,75.12002000,28-02-2024 10:00,0,0,0,0,0,0,0,0,0,0,0,0,0,0,0,0,0,0,0,0,0,0,0,0,0,0,0,0,0,0,0,0,0,0,0,0,0,0,0,0,0,0,0,0,"","","","","",""
2080,Ujjani Dam Rain Gauge,Maharashtra SW,27,Maharashtra,496,Solapur,-,-,-,-,-,-,-,-,-,18.07402000,75.12002000,28-02-2024 11:00,0,0,0,0,0,0,0,0,0,0,0,0,0,0,0,0,0,0,0,0,0,0,0,0,0,0,0,0,0,0,0,0,0,0,0,0,0,0,0,0,0,0,0,0,"","","","","",""
2081,Ujjani Dam Rain Gauge,Maharashtra SW,27,Maharashtra,496,Solapur,-,-,-,-,-,-,-,-,-,18.07402000,75.12002000,28-02-2024 12:00,0,0,0,0,0,0,0,0,0,0,0,0,0,0,0,0,0,0,0,0,0,0,0,0,0,0,0,0,0,0,0,0,0,0,0,0,0,0,0,0,0,0,0,0,"","","","","",""
2082,Ujjani Dam Rain Gauge,Maharashtra SW,27,Maharashtra,496,Solapur,-,-,-,-,-,-,-,-,-,18.07402000,75.12002000,28-02-2024 13:00,0,0,0,0,0,0,0,0,0,0,0,0,0,0,0,0,0,0,0,0,0,0,0,0,0,0,0,0,0,0,0,0,0,0,0,0,0,0,0,0,0,0,0,0,"","","","","",""
2083,Ujjani Dam Rain Gauge,Maharashtra SW,27,Maharashtra,496,Solapur,-,-,-,-,-,-,-,-,-,18.07402000,75.12002000,28-02-2024 14:00,0,0,0,0,0,0,0,0,0,0,0,0,0,0,0,0,0,0,0,0,0,0,0,0,0,0,0,0,0,0,0,0,0,0,0,0,0,0,0,0,0,0,0,0,"","","","","",""
2084,Ujjani Dam Rain Gauge,Maharashtra SW,27,Maharashtra,496,Solapur,-,-,-,-,-,-,-,-,-,18.07402000,75.12002000,28-02-2024 15:00,0,0,0,0,0,0,0,0,0,0,0,0,0,0,0,0,0,0,0,0,0,0,0,0,0,0,0,0,0,0,0,0,0,0,0,0,0,0,0,0,0,0,0,0,"","","","","",""
2085,Ujjani Dam Rain Gauge,Maharashtra SW,27,Maharashtra,496,Solapur,-,-,-,-,-,-,-,-,-,18.07402000,75.12002000,28-02-2024 16:00,0,0,0,0,0,0,0,0,0,0,0,0,0,0,0,0,0,0,0,0,0,0,0,0,0,0,0,0,0,0,0,0,0,0,0,0,0,0,0,0,0,0,0,0,"","","","","",""
2086,Ujjani Dam Rain Gauge,Maharashtra SW,27,Maharashtra,496,Solapur,-,-,-,-,-,-,-,-,-,18.07402000,75.12002000,28-02-2024 17:00,0,0,0,0,0,0,0,0,0,0,0,0,0,0,0,0,0,0,0,0,0,0,0,0,0,0,0,0,0,0,0,0,0,0,0,0,0,0,0,0,0,0,0,0,"","","","","",""
2087,Ujjani Dam Rain Gauge,Maharashtra SW,27,Maharashtra,496,Solapur,-,-,-,-,-,-,-,-,-,18.07402000,75.12002000,28-02-2024 18:00,0,0,0,0,0,0,0,0,0,0,0,0,0,0,0,0,0,0,0,0,0,0,0,0,0,0,0,0,0,0,0,0,0,0,0,0,0,0,0,0,0,0,0,0,"","","","","",""
2088,Ujjani Dam Rain Gauge,Maharashtra SW,27,Maharashtra,496,Solapur,-,-,-,-,-,-,-,-,-,18.07402000,75.12002000,28-02-2024 19:00,0,0,0,0,0,0,0,0,0,0,0,0,0,0,0,0,0,0,0,0,0,0,0,0,0,0,0,0,0,0,0,0,0,0,0,0,0,0,0,0,0,0,0,0,"","","","","",""
2089,Ujjani Dam Rain Gauge,Maharashtra SW,27,Maharashtra,496,Solapur,-,-,-,-,-,-,-,-,-,18.07402000,75.12002000,28-02-2024 21:00,0,0,0,0,0,0,0,0,0,0,0,0,0,0,0,0,0,0,0,0,0,0,0,0,0,0,0,0,0,0,0,0,0,0,0,0,0,0,0,0,0,0,0,0,"","","","","",""
2090,Ujjani Dam Rain Gauge,Maharashtra SW,27,Maharashtra,496,Solapur,-,-,-,-,-,-,-,-,-,18.07402000,75.12002000,28-02-2024 22:00,0,0,0,0,0,0,0,0,0,0,0,0,0,0,0,0,0,0,0,0,0,0,0,0,0,0,0,0,0,0,0,0,0,0,0,0,0,0,0,0,0,0,0,0,"","","","","",""
2091,Ujjani Dam Rain Gauge,Maharashtra SW,27,Maharashtra,496,Solapur,-,-,-,-,-,-,-,-,-,18.07402000,75.12002000,29-02-2024 00:00,0,0,0,0,0,0,0,0,0,0,0,0,0,0,0,0,0,0,0,0,0,0,0,0,0,0,0,0,0,0,0,0,0,0,0,0,0,0,0,0,0,0,0,0,"","","","","",""
2092,Ujjani Dam Rain Gauge,Maharashtra SW,27,Maharashtra,496,Solapur,-,-,-,-,-,-,-,-,-,18.07402000,75.12002000,29-02-2024 01:00,0,0,0,0,0,0,0,0,0,0,0,0,0,0,0,0,0,0,0,0,0,0,0,0,0,0,0,0,0,0,0,0,0,0,0,0,0,0,0,0,0,0,0,0,"","","","","",""
2093,Ujjani Dam Rain Gauge,Maharashtra SW,27,Maharashtra,496,Solapur,-,-,-,-,-,-,-,-,-,18.07402000,75.12002000,29-02-2024 03:00,0,0,0,0,0,0,0,0,0,0,0,0,0,0,0,0,0,0,0,0,0,0,0,0,0,0,0,0,0,0,0,0,0,0,0,0,0,0,0,0,0,0,0,0,"","","","","",""
2094,Ujjani Dam Rain Gauge,Maharashtra SW,27,Maharashtra,496,Solapur,-,-,-,-,-,-,-,-,-,18.07402000,75.12002000,29-02-2024 04:00,0,0,0,0,0,0,0,0,0,0,0,0,0,0,0,0,0,0,0,0,0,0,0,0,0,0,0,0,0,0,0,0,0,0,0,0,0,0,0,0,0,0,0,0,"","","","","",""
2095,Ujjani Dam Rain Gauge,Maharashtra SW,27,Maharashtra,496,Solapur,-,-,-,-,-,-,-,-,-,18.07402000,75.12002000,29-02-2024 06:00,0,0,0,0,0,0,0,0,0,0,0,0,0,0,0,0,0,0,0,0,0,0,0,0,0,0,0,0,0,0,0,0,0,0,0,0,0,0,0,0,0,0,0,0,"","","","","",""
2096,Ujjani Dam Rain Gauge,Maharashtra SW,27,Maharashtra,496,Solapur,-,-,-,-,-,-,-,-,-,18.07402000,75.12002000,29-02-2024 07:00,0,0,0,0,0,0,0,0,0,0,0,0,0,0,0,0,0,0,0,0,0,0,0,0,0,0,0,0,0,0,0,0,0,0,0,0,0,0,0,0,0,0,0,0,"","","","","",""
2097,Ujjani Dam Rain Gauge,Maharashtra SW,27,Maharashtra,496,Solapur,-,-,-,-,-,-,-,-,-,18.07402000,75.12002000,29-02-2024 09:00,0,0,0,0,0,0,0,0,0,0,0,0,0,0,0,0,0,0,0,0,0,0,0,0,0,0,0,0,0,0,0,0,0,0,0,0,0,0,0,0,0,0,0,0,"","","","","",""
2098,Ujjani Dam Rain Gauge,Maharashtra SW,27,Maharashtra,496,Solapur,-,-,-,-,-,-,-,-,-,18.07402000,75.12002000,29-02-2024 10:00,0,0,0,0,0,0,0,0,0,0,0,0,0,0,0,0,0,0,0,0,0,0,0,0,0,0,0,0,0,0,0,0,0,0,0,0,0,0,0,0,0,0,0,0,"","","","","",""
2099,Ujjani Dam Rain Gauge,Maharashtra SW,27,Maharashtra,496,Solapur,-,-,-,-,-,-,-,-,-,18.07402000,75.12002000,29-02-2024 12:00,0,0,0,0,0,0,0,0,0,0,0,0,0,0,0,0,0,0,0,0,0,0,0,0,0,0,0,0,0,0,0,0,0,0,0,0,0,0,0,0,0,0,0,0,"","","","","",""
2100,Ujjani Dam Rain Gauge,Maharashtra SW,27,Maharashtra,496,Solapur,-,-,-,-,-,-,-,-,-,18.07402000,75.12002000,29-02-2024 13:00,0,0,0,0,0,0,0,0,0,0,0,0,0,0,0,0,0,0,0,0,0,0,0,0,0,0,0,0,0,0,0,0,0,0,0,0,0,0,0,0,0,0,0,0,"","","","","",""
2101,Ujjani Dam Rain Gauge,Maharashtra SW,27,Maharashtra,496,Solapur,-,-,-,-,-,-,-,-,-,18.07402000,75.12002000,29-02-2024 14:00,0,0,0,0,0,0,0,0,0,0,0,0,0,0,0,0,0,0,0,0,0,0,0,0,0,0,0,0,0,0,0,0,0,0,0,0,0,0,0,0,0,0,0,0,"","","","","",""
2102,Ujjani Dam Rain Gauge,Maharashtra SW,27,Maharashtra,496,Solapur,-,-,-,-,-,-,-,-,-,18.07402000,75.12002000,29-02-2024 16:00,0,0,0,0,0,0,0,0,0,0,0,0,0,0,0,0,0,0,0,0,0,0,0,0,0,0,0,0,0,0,0,0,0,0,0,0,0,0,0,0,0,0,0,0,"","","","","",""
2103,Ujjani Dam Rain Gauge,Maharashtra SW,27,Maharashtra,496,Solapur,-,-,-,-,-,-,-,-,-,18.07402000,75.12002000,29-02-2024 17:00,0,0,0,0,0,0,0,0,0,0,0,0,0,0,0,0,0,0,0,0,0,0,0,0,0,0,0,0,0,0,0,0,0,0,0,0,0,0,0,0,0,0,0,0,"","","","","",""
2104,Ujjani Dam Rain Gauge,Maharashtra SW,27,Maharashtra,496,Solapur,-,-,-,-,-,-,-,-,-,18.07402000,75.12002000,29-02-2024 19:00,0,0,0,0,0,0,0,0,0,0,0,0,0,0,0,0,0,0,0,0,0,0,0,0,0,0,0,0,0,0,0,0,0,0,0,0,0,0,0,0,0,0,0,0,"","","","","",""
2105,Ujjani Dam Rain Gauge,Maharashtra SW,27,Maharashtra,496,Solapur,-,-,-,-,-,-,-,-,-,18.07402000,75.12002000,29-02-2024 20:00,0,0,0,0,0,0,0,0,0,0,0,0,0,0,0,0,0,0,0,0,0,0,0,0,0,0,0,0,0,0,0,0,0,0,0,0,0,0,0,0,0,0,0,0,"","","","","",""
2106,Ujjani Dam Rain Gauge,Maharashtra SW,27,Maharashtra,496,Solapur,-,-,-,-,-,-,-,-,-,18.07402000,75.12002000,29-02-2024 22:00,0,0,0,0,0,0,0,0,0,0,0,0,0,0,0,0,0,0,0,0,0,0,0,0,0,0,0,0,0,0,0,0,0,0,0,0,0,0,0,0,0,0,0,0,"","","","","",""
2107,Ujjani Dam Rain Gauge,Maharashtra SW,27,Maharashtra,496,Solapur,-,-,-,-,-,-,-,-,-,18.07402000,75.12002000,29-02-2024 23:00,0,0,0,0,0,0,0,0,0,0,0,0,0,0,0,0,0,0,0,0,0,0,0,0,0,0,0,0,0,0,0,0,0,0,0,0,0,0,0,0,0,0,0,0,"","","","","",""
2108,Ujjani Dam Rain Gauge,Maharashtra SW,27,Maharashtra,496,Solapur,-,-,-,-,-,-,-,-,-,18.07402000,75.12002000,01-03-2024 01:00,0,0,0,0,0,0,0,0,0,0,0,0,0,0,0,0,0,0,0,0,0,0,0,0,0,0,0,0,0,0,0,0,0,0,0,0,0,0,0,0,0,0,0,0,"","","","","",""
2109,Ujjani Dam Rain Gauge,Maharashtra SW,27,Maharashtra,496,Solapur,-,-,-,-,-,-,-,-,-,18.07402000,75.12002000,01-03-2024 02:00,0,0,0,0,0,0,0,0,0,0,0,0,0,0,0,0,0,0,0,0,0,0,0,0,0,0,0,0,0,0,0,0,0,0,0,0,0,0,0,0,0,0,0,0,"","","","","",""
2110,Ujjani Dam Rain Gauge,Maharashtra SW,27,Maharashtra,496,Solapur,-,-,-,-,-,-,-,-,-,18.07402000,75.12002000,01-03-2024 04:00,0,0,0,0,0,0,0,0,0,0,0,0,0,0,0,0,0,0,0,0,0,0,0,0,0,0,0,0,0,0,0,0,0,0,0,0,0,0,0,0,0,0,0,0,"","","","","",""
2111,Ujjani Dam Rain Gauge,Maharashtra SW,27,Maharashtra,496,Solapur,-,-,-,-,-,-,-,-,-,18.07402000,75.12002000,01-03-2024 05:00,0,0,0,0,0,0,0,0,0,0,0,0,0,0,0,0,0,0,0,0,0,0,0,0,0,0,0,0,0,0,0,0,0,0,0,0,0,0,0,0,0,0,0,0,"","","","","",""
2112,Ujjani Dam Rain Gauge,Maharashtra SW,27,Maharashtra,496,Solapur,-,-,-,-,-,-,-,-,-,18.07402000,75.12002000,01-03-2024 07:00,0,0,0,0,0,0,0,0,0,0,0,0,0,0,0,0,0,0,0,0,0,0,0,0,0,0,0,0,0,0,0,0,0,0,0,0,0,0,0,0,0,0,0,0,"","","","","",""
2113,Ujjani Dam Rain Gauge,Maharashtra SW,27,Maharashtra,496,Solapur,-,-,-,-,-,-,-,-,-,18.07402000,75.12002000,01-03-2024 08:00,0,0,0,0,0,0,0,0,0,0,0,0,0,0,0,0,0,0,0,0,0,0,0,0,0,0,0,0,0,0,0,0,0,0,0,0,0,0,0,0,0,0,0,0,"","","","","",""
2114,Ujjani Dam Rain Gauge,Maharashtra SW,27,Maharashtra,496,Solapur,-,-,-,-,-,-,-,-,-,18.07402000,75.12002000,01-03-2024 10:00,0,0,0,0,0,0,0,0,0,0,0,0,0,0,0,0,0,0,0,0,0,0,0,0,0,0,0,0,0,0,0,0,0,0,0,0,0,0,0,0,0,0,0,0,"","","","","",""
2115,Ujjani Dam Rain Gauge,Maharashtra SW,27,Maharashtra,496,Solapur,-,-,-,-,-,-,-,-,-,18.07402000,75.12002000,01-03-2024 11:00,0,0,0,0,0,0,0,0,0,0,0,0,0,0,0,0,0,0,0,0,0,0,0,0,0,0,0,0,0,0,0,0,0,0,0,0,0,0,0,0,0,0,0,0,"","","","","",""
2116,Ujjani Dam Rain Gauge,Maharashtra SW,27,Maharashtra,496,Solapur,-,-,-,-,-,-,-,-,-,18.07402000,75.12002000,01-03-2024 13:00,0,0,0,0,0,0,0,0,0,0,0,0,0,0,0,0,0,0,0,0,0,0,0,0,0,0,0,0,0,0,0,0,0,0,0,0,0,0,0,0,0,0,0,0,"","","","","",""
2117,Ujjani Dam Rain Gauge,Maharashtra SW,27,Maharashtra,496,Solapur,-,-,-,-,-,-,-,-,-,18.07402000,75.12002000,01-03-2024 14:00,0,0,0,0,0,0,0,0,0,0,0,0,0,0,0,0,0,0,0,0,0,0,0,0,0,0,0,0,0,0,0,0,0,0,0,0,0,0,0,0,0,0,0,0,"","","","","",""
2118,Ujjani Dam Rain Gauge,Maharashtra SW,27,Maharashtra,496,Solapur,-,-,-,-,-,-,-,-,-,18.07402000,75.12002000,01-03-2024 16:00,0,0,0,0,0,0,0,0,0,0,0,0,0,0,0,0,0,0,0,0,0,0,0,0,0,0,0,0,0,0,0,0,0,0,0,0,0,0,0,0,0,0,0,0,"","","","","",""
2119,Ujjani Dam Rain Gauge,Maharashtra SW,27,Maharashtra,496,Solapur,-,-,-,-,-,-,-,-,-,18.07402000,75.12002000,01-03-2024 17:00,0,0,0,0,0,0,0,0,0,0,0,0,0,0,0,0,0,0,0,0,0,0,0,0,0,0,0,0,0,0,0,0,0,0,0,0,0,0,0,0,0,0,0,0,"","","","","",""
2120,Ujjani Dam Rain Gauge,Maharashtra SW,27,Maharashtra,496,Solapur,-,-,-,-,-,-,-,-,-,18.07402000,75.12002000,01-03-2024 18:00,0,0,0,0,0,0,0,0,0,0,0,0,0,0,0,0,0,0,0,0,0,0,0,0,0,0,0,0,0,0,0,0,0,0,0,0,0,0,0,0,0,0,0,0,"","","","","",""
2121,Ujjani Dam Rain Gauge,Maharashtra SW,27,Maharashtra,496,Solapur,-,-,-,-,-,-,-,-,-,18.07402000,75.12002000,01-03-2024 21:00,0,0,0,0,0,0,0,0,0,0,0,0,0,0,0,0,0,0,0,0,0,0,0,0,0,0,0,0,0,0,0,0,0,0,0,0,0,0,0,0,0,0,0,0,"","","","","",""
2122,Ujjani Dam Rain Gauge,Maharashtra SW,27,Maharashtra,496,Solapur,-,-,-,-,-,-,-,-,-,18.07402000,75.12002000,01-03-2024 23:00,0,0,0,0,0,0,0,0,0,0,0,0,0,0,0,0,0,0,0,0,0,0,0,0,0,0,0,0,0,0,0,0,0,0,0,0,0,0,0,0,0,0,0,0,"","","","","",""
2123,Ujjani Dam Rain Gauge,Maharashtra SW,27,Maharashtra,496,Solapur,-,-,-,-,-,-,-,-,-,18.07402000,75.12002000,02-03-2024 00:00,0,0,0,0,0,0,0,0,0,0,0,0,0,0,0,0,0,0,0,0,0,0,0,0,0,0,0,0,0,0,0,0,0,0,0,0,0,0,0,0,0,0,0,0,"","","","","",""
2124,Ujjani Dam Rain Gauge,Maharashtra SW,27,Maharashtra,496,Solapur,-,-,-,-,-,-,-,-,-,18.07402000,75.12002000,02-03-2024 02:00,0,0,0,0,0,0,0,0,0,0,0,0,0,0,0,0,0,0,0,0,0,0,0,0,0,0,0,0,0,0,0,0,0,0,0,0,0,0,0,0,0,0,0,0,"","","","","",""
2125,Ujjani Dam Rain Gauge,Maharashtra SW,27,Maharashtra,496,Solapur,-,-,-,-,-,-,-,-,-,18.07402000,75.12002000,05-03-2024 16:00,0,0,0,0,0,0,0,0,0,0,0,0,0,0,0,0,0,0,0,0,0,0,0,0,0,0,0,0,0,0,0,0,0,0,0,0,0,0,0,0,0,0,0,0,"","","","","",""
2126,Ujjani Dam Rain Gauge,Maharashtra SW,27,Maharashtra,496,Solapur,-,-,-,-,-,-,-,-,-,18.07402000,75.12002000,07-03-2024 10:00,0,0,0,0,0,0,0,0,0,0,0,0,0,0,0,0,0,0,0,0,0,0,0,0,0,0,0,0,0,0,0,0,0,0,0,0,0,0,0,0,0,0,0,0,"","","","","",""
2127,Ujjani Dam Rain Gauge,Maharashtra SW,27,Maharashtra,496,Solapur,-,-,-,-,-,-,-,-,-,18.07402000,75.12002000,07-03-2024 11:00,0,0,0,0,0,0,0,0,0,0,0,0,0,0,0,0,0,0,0,0,0,0,0,0,0,0,0,0,0,0,0,0,0,0,0,0,0,0,0,0,0,0,0,0,"","","","","",""
2128,Ujjani Dam Rain Gauge,Maharashtra SW,27,Maharashtra,496,Solapur,-,-,-,-,-,-,-,-,-,18.07402000,75.12002000,07-03-2024 12:00,0,0,0,0,0,0,0,0,0,0,0,0,0,0,0,0,0,0,0,0,0,0,0,0,0,0,0,0,0,0,0,0,0,0,0,0,0,0,0,0,0,0,0,0,"","","","","",""
2129,Ujjani Dam Rain Gauge,Maharashtra SW,27,Maharashtra,496,Solapur,-,-,-,-,-,-,-,-,-,18.07402000,75.12002000,07-03-2024 13:00,0,0,0,0,0,0,0,0,0,0,0,0,0,0,0,0,0,0,0,0,0,0,0,0,0,0,0,0,0,0,0,0,0,0,0,0,0,0,0,0,0,0,0,0,"","","","","",""
2130,Ujjani Dam Rain Gauge,Maharashtra SW,27,Maharashtra,496,Solapur,-,-,-,-,-,-,-,-,-,18.07402000,75.12002000,07-03-2024 14:00,0,0,0,0,0,0,0,0,0,0,0,0,0,0,0,0,0,0,0,0,0,0,0,0,0,0,0,0,0,0,0,0,0,0,0,0,0,0,0,0,0,0,0,0,"","","","","",""
2131,Ujjani Dam Rain Gauge,Maharashtra SW,27,Maharashtra,496,Solapur,-,-,-,-,-,-,-,-,-,18.07402000,75.12002000,07-03-2024 16:00,0,0,0,0,0,0,0,0,0,0,0,0,0,0,0,0,0,0,0,0,0,0,0,0,0,0,0,0,0,0,0,0,0,0,0,0,0,0,0,0,0,0,0,0,"","","","","",""
2132,Ujjani Dam Rain Gauge,Maharashtra SW,27,Maharashtra,496,Solapur,-,-,-,-,-,-,-,-,-,18.07402000,75.12002000,08-03-2024 16:00,0,0,0,0,0,0,0,0,0,0,0,0,0,0,0,0,0,0,0,0,0,0,0,0,0,0,0,0,0,0,0,0,0,0,0,0,0,0,0,0,0,0,0,0,"","","","","",""
2133,Ujjani Dam Rain Gauge,Maharashtra SW,27,Maharashtra,496,Solapur,-,-,-,-,-,-,-,-,-,18.07402000,75.12002000,13-03-2024 11:00,0,0,0,0,0,0,0,0,0,0,0,0,0,0,0,0,0,0,0,0,0,0,0,0,0,0,0,0,0,0,0,0,0,0,0,0,0,0,0,0,0,0,0,0,"","","","","",""
2134,Ujjani Dam Rain Gauge,Maharashtra SW,27,Maharashtra,496,Solapur,-,-,-,-,-,-,-,-,-,18.07402000,75.12002000,13-03-2024 12:00,0,0,0,0,0,0,0,0,0,0,0,0,0,0,0,0,0,0,0,0,0,0,0,0,0,0,0,0,0,0,0,0,0,0,0,0,0,0,0,0,0,0,0,0,"","","","","",""
2135,Ujjani Dam Rain Gauge,Maharashtra SW,27,Maharashtra,496,Solapur,-,-,-,-,-,-,-,-,-,18.07402000,75.12002000,13-03-2024 13:00,0,0,0,0,0,0,0,0,0,0,0,0,0,0,0,0,0,0,0,0,0,0,0,0,0,0,0,0,0,0,0,0,0,0,0,0,0,0,0,0,0,0,0,0,"","","","","",""
2136,Ujjani Dam Rain Gauge,Maharashtra SW,27,Maharashtra,496,Solapur,-,-,-,-,-,-,-,-,-,18.07402000,75.12002000,13-03-2024 14:00,0,0,0,0,0,0,0,0,0,0,0,0,0,0,0,0,0,0,0,0,0,0,0,0,0,0,0,0,0,0,0,0,0,0,0,0,0,0,0,0,0,0,0,0,"","","","","",""
2137,Ujjani Dam Rain Gauge,Maharashtra SW,27,Maharashtra,496,Solapur,-,-,-,-,-,-,-,-,-,18.07402000,75.12002000,13-03-2024 15:00,0,0,0,0,0,0,0,0,0,0,0,0,0,0,0,0,0,0,0,0,0,0,0,0,0,0,0,0,0,0,0,0,0,0,0,0,0,0,0,0,0,0,0,0,"","","","","",""
2138,Ujjani Dam Rain Gauge,Maharashtra SW,27,Maharashtra,496,Solapur,-,-,-,-,-,-,-,-,-,18.07402000,75.12002000,13-03-2024 16:00,0,0,0,0,0,0,0,0,0,0,0,0,0,0,0,0,0,0,0,0,0,0,0,0,0,0,0,0,0,0,0,0,0,0,0,0,0,0,0,0,0,0,0,0,"","","","","",""
2139,Ujjani Dam Rain Gauge,Maharashtra SW,27,Maharashtra,496,Solapur,-,-,-,-,-,-,-,-,-,18.07402000,75.12002000,13-03-2024 17:00,0,0,0,0,0,0,0,0,0,0,0,0,0,0,0,0,0,0,0,0,0,0,0,0,0,0,0,0,0,0,0,0,0,0,0,0,0,0,0,0,0,0,0,0,"","","","","",""
2140,Ujjani Dam Rain Gauge,Maharashtra SW,27,Maharashtra,496,Solapur,-,-,-,-,-,-,-,-,-,18.07402000,75.12002000,13-03-2024 18:00,0,0,0,0,0,0,0,0,0,0,0,0,0,0,0,0,0,0,0,0,0,0,0,0,0,0,0,0,0,0,0,0,0,0,0,0,0,0,0,0,0,0,0,0,"","","","","",""
2141,Ujjani Dam Rain Gauge,Maharashtra SW,27,Maharashtra,496,Solapur,-,-,-,-,-,-,-,-,-,18.07402000,75.12002000,13-03-2024 19:00,0,0,0,0,0,0,0,0,0,0,0,0,0,0,0,0,0,0,0,0,0,0,0,0,0,0,0,0,0,0,0,0,0,0,0,0,0,0,0,0,0,0,0,0,"","","","","",""
2142,Ujjani Dam Rain Gauge,Maharashtra SW,27,Maharashtra,496,Solapur,-,-,-,-,-,-,-,-,-,18.07402000,75.12002000,13-03-2024 20:00,0,0,0,0,0,0,0,0,0,0,0,0,0,0,0,0,0,0,0,0,0,0,0,0,0,0,0,0,0,0,0,0,0,0,0,0,0,0,0,0,0,0,0,0,"","","","","",""
2143,Ujjani Dam Rain Gauge,Maharashtra SW,27,Maharashtra,496,Solapur,-,-,-,-,-,-,-,-,-,18.07402000,75.12002000,13-03-2024 21:00,0,0,0,0,0,0,0,0,0,0,0,0,0,0,0,0,0,0,0,0,0,0,0,0,0,0,0,0,0,0,0,0,0,0,0,0,0,0,0,0,0,0,0,0,"","","","","",""
2144,Ujjani Dam Rain Gauge,Maharashtra SW,27,Maharashtra,496,Solapur,-,-,-,-,-,-,-,-,-,18.07402000,75.12002000,13-03-2024 22:00,0,0,0,0,0,0,0,0,0,0,0,0,0,0,0,0,0,0,0,0,0,0,0,0,0,0,0,0,0,0,0,0,0,0,0,0,0,0,0,0,0,0,0,0,"","","","","",""
2145,Ujjani Dam Rain Gauge,Maharashtra SW,27,Maharashtra,496,Solapur,-,-,-,-,-,-,-,-,-,18.07402000,75.12002000,13-03-2024 23:00,0,0,0,0,0,0,0,0,0,0,0,0,0,0,0,0,0,0,0,0,0,0,0,0,0,0,0,0,0,0,0,0,0,0,0,0,0,0,0,0,0,0,0,0,"","","","","",""
2146,Ujjani Dam Rain Gauge,Maharashtra SW,27,Maharashtra,496,Solapur,-,-,-,-,-,-,-,-,-,18.07402000,75.12002000,14-03-2024 01:00,0,0,0,0,0,0,0,0,0,0,0,0,0,0,0,0,0,0,0,0,0,0,0,0,0,0,0,0,0,0,0,0,0,0,0,0,0,0,0,0,0,0,0,0,"","","","","",""
2147,Ujjani Dam Rain Gauge,Maharashtra SW,27,Maharashtra,496,Solapur,-,-,-,-,-,-,-,-,-,18.07402000,75.12002000,14-03-2024 02:00,0,0,0,0,0,0,0,0,0,0,0,0,0,0,0,0,0,0,0,0,0,0,0,0,0,0,0,0,0,0,0,0,0,0,0,0,0,0,0,0,0,0,0,0,"","","","","",""
2148,Ujjani Dam Rain Gauge,Maharashtra SW,27,Maharashtra,496,Solapur,-,-,-,-,-,-,-,-,-,18.07402000,75.12002000,14-03-2024 03:00,0,0,0,0,0,0,0,0,0,0,0,0,0,0,0,0,0,0,0,0,0,0,0,0,0,0,0,0,0,0,0,0,0,0,0,0,0,0,0,0,0,0,0,0,"","","","","",""
2149,Ujjani Dam Rain Gauge,Maharashtra SW,27,Maharashtra,496,Solapur,-,-,-,-,-,-,-,-,-,18.07402000,75.12002000,14-03-2024 04:00,0,0,0,0,0,0,0,0,0,0,0,0,0,0,0,0,0,0,0,0,0,0,0,0,0,0,0,0,0,0,0,0,0,0,0,0,0,0,0,0,0,0,0,0,"","","","","",""
2150,Ujjani Dam Rain Gauge,Maharashtra SW,27,Maharashtra,496,Solapur,-,-,-,-,-,-,-,-,-,18.07402000,75.12002000,14-03-2024 05:00,0,0,0,0,0,0,0,0,0,0,0,0,0,0,0,0,0,0,0,0,0,0,0,0,0,0,0,0,0,0,0,0,0,0,0,0,0,0,0,0,0,0,0,0,"","","","","",""
2151,Ujjani Dam Rain Gauge,Maharashtra SW,27,Maharashtra,496,Solapur,-,-,-,-,-,-,-,-,-,18.07402000,75.12002000,14-03-2024 06:00,0,0,0,0,0,0,0,0,0,0,0,0,0,0,0,0,0,0,0,0,0,0,0,0,0,0,0,0,0,0,0,0,0,0,0,0,0,0,0,0,0,0,0,0,"","","","","",""
2152,Ujjani Dam Rain Gauge,Maharashtra SW,27,Maharashtra,496,Solapur,-,-,-,-,-,-,-,-,-,18.07402000,75.12002000,14-03-2024 07:00,0,0,0,0,0,0,0,0,0,0,0,0,0,0,0,0,0,0,0,0,0,0,0,0,0,0,0,0,0,0,0,0,0,0,0,0,0,0,0,0,0,0,0,0,"","","","","",""
2153,Ujjani Dam Rain Gauge,Maharashtra SW,27,Maharashtra,496,Solapur,-,-,-,-,-,-,-,-,-,18.07402000,75.12002000,14-03-2024 08:00,0,0,0,0,0,0,0,0,0,0,0,0,0,0,0,0,0,0,0,0,0,0,0,0,0,0,0,0,0,0,0,0,0,0,0,0,0,0,0,0,0,0,0,0,"","","","","",""
2154,Ujjani Dam Rain Gauge,Maharashtra SW,27,Maharashtra,496,Solapur,-,-,-,-,-,-,-,-,-,18.07402000,75.12002000,14-03-2024 09:00,0,0,0,0,0,0,0,0,0,0,0,0,0,0,0,0,0,0,0,0,0,0,0,0,0,0,0,0,0,0,0,0,0,0,0,0,0,0,0,0,0,0,0,0,"","","","","",""
2155,Ujjani Dam Rain Gauge,Maharashtra SW,27,Maharashtra,496,Solapur,-,-,-,-,-,-,-,-,-,18.07402000,75.12002000,14-03-2024 10:00,0,0,0,0,0,0,0,0,0,0,0,0,0,0,0,0,0,0,0,0,0,0,0,0,0,0,0,0,0,0,0,0,0,0,0,0,0,0,0,0,0,0,0,0,"","","","","",""
2156,Ujjani Dam Rain Gauge,Maharashtra SW,27,Maharashtra,496,Solapur,-,-,-,-,-,-,-,-,-,18.07402000,75.12002000,14-03-2024 11:00,0,0,0,0,0,0,0,0,0,0,0,0,0,0,0,0,0,0,0,0,0,0,0,0,0,0,0,0,0,0,0,0,0,0,0,0,0,0,0,0,0,0,0,0,"","","","","",""
2157,Ujjani Dam Rain Gauge,Maharashtra SW,27,Maharashtra,496,Solapur,-,-,-,-,-,-,-,-,-,18.07402000,75.12002000,14-03-2024 12:00,0,0,0,0,0,0,0,0,0,0,0,0,0,0,0,0,0,0,0,0,0,0,0,0,0,0,0,0,0,0,0,0,0,0,0,0,0,0,0,0,0,0,0,0,"","","","","",""
2158,Ujjani Dam Rain Gauge,Maharashtra SW,27,Maharashtra,496,Solapur,-,-,-,-,-,-,-,-,-,18.07402000,75.12002000,14-03-2024 13:00,0,0,0,0,0,0,0,0,0,0,0,0,0,0,0,0,0,0,0,0,0,0,0,0,0,0,0,0,0,0,0,0,0,0,0,0,0,0,0,0,0,0,0,0,"","","","","",""
2159,Ujjani Dam Rain Gauge,Maharashtra SW,27,Maharashtra,496,Solapur,-,-,-,-,-,-,-,-,-,18.07402000,75.12002000,14-03-2024 14:00,0,0,0,0,0,0,0,0,0,0,0,0,0,0,0,0,0,0,0,0,0,0,0,0,0,0,0,0,0,0,0,0,0,0,0,0,0,0,0,0,0,0,0,0,"","","","","",""
2160,Ujjani Dam Rain Gauge,Maharashtra SW,27,Maharashtra,496,Solapur,-,-,-,-,-,-,-,-,-,18.07402000,75.12002000,14-03-2024 15:00,0,0,0,0,0,0,0,0,0,0,0,0,0,0,0,0,0,0,0,0,0,0,0,0,0,0,0,0,0,0,0,0,0,0,0,0,0,0,0,0,0,0,0,0,"","","","","",""
2161,Ujjani Dam Rain Gauge,Maharashtra SW,27,Maharashtra,496,Solapur,-,-,-,-,-,-,-,-,-,18.07402000,75.12002000,14-03-2024 16:00,0,0,0,0,0,0,0,0,0,0,0,0,0,0,0,0,0,0,0,0,0,0,0,0,0,0,0,0,0,0,0,0,0,0,0,0,0,0,0,0,0,0,0,0,"","","","","",""
2162,Ujjani Dam Rain Gauge,Maharashtra SW,27,Maharashtra,496,Solapur,-,-,-,-,-,-,-,-,-,18.07402000,75.12002000,14-03-2024 17:00,0,0,0,0,0,0,0,0,0,0,0,0,0,0,0,0,0,0,0,0,0,0,0,0,0,0,0,0,0,0,0,0,0,0,0,0,0,0,0,0,0,0,0,0,"","","","","",""
2163,Ujjani Dam Rain Gauge,Maharashtra SW,27,Maharashtra,496,Solapur,-,-,-,-,-,-,-,-,-,18.07402000,75.12002000,14-03-2024 18:00,0,0,0,0,0,0,0,0,0,0,0,0,0,0,0,0,0,0,0,0,0,0,0,0,0,0,0,0,0,0,0,0,0,0,0,0,0,0,0,0,0,0,0,0,"","","","","",""
2164,Ujjani Dam Rain Gauge,Maharashtra SW,27,Maharashtra,496,Solapur,-,-,-,-,-,-,-,-,-,18.07402000,75.12002000,14-03-2024 19:00,0,0,0,0,0,0,0,0,0,0,0,0,0,0,0,0,0,0,0,0,0,0,0,0,0,0,0,0,0,0,0,0,0,0,0,0,0,0,0,0,0,0,0,0,"","","","","",""
2165,Ujjani Dam Rain Gauge,Maharashtra SW,27,Maharashtra,496,Solapur,-,-,-,-,-,-,-,-,-,18.07402000,75.12002000,14-03-2024 20:00,0,0,0,0,0,0,0,0,0,0,0,0,0,0,0,0,0,0,0,0,0,0,0,0,0,0,0,0,0,0,0,0,0,0,0,0,0,0,0,0,0,0,0,0,"","","","","",""
2166,Ujjani Dam Rain Gauge,Maharashtra SW,27,Maharashtra,496,Solapur,-,-,-,-,-,-,-,-,-,18.07402000,75.12002000,14-03-2024 21:00,0,0,0,0,0,0,0,0,0,0,0,0,0,0,0,0,0,0,0,0,0,0,0,0,0,0,0,0,0,0,0,0,0,0,0,0,0,0,0,0,0,0,0,0,"","","","","",""
2167,Ujjani Dam Rain Gauge,Maharashtra SW,27,Maharashtra,496,Solapur,-,-,-,-,-,-,-,-,-,18.07402000,75.12002000,14-03-2024 22:00,0,0,0,0,0,0,0,0,0,0,0,0,0,0,0,0,0,0,0,0,0,0,0,0,0,0,0,0,0,0,0,0,0,0,0,0,0,0,0,0,0,0,0,0,"","","","","",""
2168,Ujjani Dam Rain Gauge,Maharashtra SW,27,Maharashtra,496,Solapur,-,-,-,-,-,-,-,-,-,18.07402000,75.12002000,14-03-2024 23:00,0,0,0,0,0,0,0,0,0,0,0,0,0,0,0,0,0,0,0,0,0,0,0,0,0,0,0,0,0,0,0,0,0,0,0,0,0,0,0,0,0,0,0,0,"","","","","",""
2169,Ujjani Dam Rain Gauge,Maharashtra SW,27,Maharashtra,496,Solapur,-,-,-,-,-,-,-,-,-,18.07402000,75.12002000,15-03-2024 00:00,0,0,0,0,0,0,0,0,0,0,0,0,0,0,0,0,0,0,0,0,0,0,0,0,0,0,0,0,0,0,0,0,0,0,0,0,0,0,0,0,0,0,0,0,"","","","","",""
2170,Ujjani Dam Rain Gauge,Maharashtra SW,27,Maharashtra,496,Solapur,-,-,-,-,-,-,-,-,-,18.07402000,75.12002000,15-03-2024 01:00,0,0,0,0,0,0,0,0,0,0,0,0,0,0,0,0,0,0,0,0,0,0,0,0,0,0,0,0,0,0,0,0,0,0,0,0,0,0,0,0,0,0,0,0,"","","","","",""
2171,Ujjani Dam Rain Gauge,Maharashtra SW,27,Maharashtra,496,Solapur,-,-,-,-,-,-,-,-,-,18.07402000,75.12002000,15-03-2024 02:00,0,0,0,0,0,0,0,0,0,0,0,0,0,0,0,0,0,0,0,0,0,0,0,0,0,0,0,0,0,0,0,0,0,0,0,0,0,0,0,0,0,0,0,0,"","","","","",""
2172,Ujjani Dam Rain Gauge,Maharashtra SW,27,Maharashtra,496,Solapur,-,-,-,-,-,-,-,-,-,18.07402000,75.12002000,15-03-2024 03:00,0,0,0,0,0,0,0,0,0,0,0,0,0,0,0,0,0,0,0,0,0,0,0,0,0,0,0,0,0,0,0,0,0,0,0,0,0,0,0,0,0,0,0,0,"","","","","",""
2173,Ujjani Dam Rain Gauge,Maharashtra SW,27,Maharashtra,496,Solapur,-,-,-,-,-,-,-,-,-,18.07402000,75.12002000,15-03-2024 04:00,0,0,0,0,0,0,0,0,0,0,0,0,0,0,0,0,0,0,0,0,0,0,0,0,0,0,0,0,0,0,0,0,0,0,0,0,0,0,0,0,0,0,0,0,"","","","","",""
2174,Ujjani Dam Rain Gauge,Maharashtra SW,27,Maharashtra,496,Solapur,-,-,-,-,-,-,-,-,-,18.07402000,75.12002000,15-03-2024 05:00,0,0,0,0,0,0,0,0,0,0,0,0,0,0,0,0,0,0,0,0,0,0,0,0,0,0,0,0,0,0,0,0,0,0,0,0,0,0,0,0,0,0,0,0,"","","","","",""
2175,Ujjani Dam Rain Gauge,Maharashtra SW,27,Maharashtra,496,Solapur,-,-,-,-,-,-,-,-,-,18.07402000,75.12002000,15-03-2024 07:00,0,0,0,0,0,0,0,0,0,0,0,0,0,0,0,0,0,0,0,0,0,0,0,0,0,0,0,0,0,0,0,0,0,0,0,0,0,0,0,0,0,0,0,0,"","","","","",""
2176,Ujjani Dam Rain Gauge,Maharashtra SW,27,Maharashtra,496,Solapur,-,-,-,-,-,-,-,-,-,18.07402000,75.12002000,15-03-2024 08:00,0,0,0,0,0,0,0,0,0,0,0,0,0,0,0,0,0,0,0,0,0,0,0,0,0,0,0,0,0,0,0,0,0,0,0,0,0,0,0,0,0,0,0,0,"","","","","",""
2177,Ujjani Dam Rain Gauge,Maharashtra SW,27,Maharashtra,496,Solapur,-,-,-,-,-,-,-,-,-,18.07402000,75.12002000,15-03-2024 09:00,0,0,0,0,0,0,0,0,0,0,0,0,0,0,0,0,0,0,0,0,0,0,0,0,0,0,0,0,0,0,0,0,0,0,0,0,0,0,0,0,0,0,0,0,"","","","","",""
2178,Ujjani Dam Rain Gauge,Maharashtra SW,27,Maharashtra,496,Solapur,-,-,-,-,-,-,-,-,-,18.07402000,75.12002000,15-03-2024 10:00,0,0,0,0,0,0,0,0,0,0,0,0,0,0,0,0,0,0,0,0,0,0,0,0,0,0,0,0,0,0,0,0,0,0,0,0,0,0,0,0,0,0,0,0,"","","","","",""
2179,Ujjani Dam Rain Gauge,Maharashtra SW,27,Maharashtra,496,Solapur,-,-,-,-,-,-,-,-,-,18.07402000,75.12002000,15-03-2024 11:00,0,0,0,0,0,0,0,0,0,0,0,0,0,0,0,0,0,0,0,0,0,0,0,0,0,0,0,0,0,0,0,0,0,0,0,0,0,0,0,0,0,0,0,0,"","","","","",""
2180,Ujjani Dam Rain Gauge,Maharashtra SW,27,Maharashtra,496,Solapur,-,-,-,-,-,-,-,-,-,18.07402000,75.12002000,15-03-2024 12:00,0,0,0,0,0,0,0,0,0,0,0,0,0,0,0,0,0,0,0,0,0,0,0,0,0,0,0,0,0,0,0,0,0,0,0,0,0,0,0,0,0,0,0,0,"","","","","",""
2181,Ujjani Dam Rain Gauge,Maharashtra SW,27,Maharashtra,496,Solapur,-,-,-,-,-,-,-,-,-,18.07402000,75.12002000,15-03-2024 13:00,0,0,0,0,0,0,0,0,0,0,0,0,0,0,0,0,0,0,0,0,0,0,0,0,0,0,0,0,0,0,0,0,0,0,0,0,0,0,0,0,0,0,0,0,"","","","","",""
2182,Ujjani Dam Rain Gauge,Maharashtra SW,27,Maharashtra,496,Solapur,-,-,-,-,-,-,-,-,-,18.07402000,75.12002000,15-03-2024 16:00,0,0,0,0,0,0,0,0,0,0,0,0,0,0,0,0,0,0,0,0,0,0,0,0,0,0,0,0,0,0,0,0,0,0,0,0,0,0,0,0,0,0,0,0,"","","","","",""
2183,Ujjani Dam Rain Gauge,Maharashtra SW,27,Maharashtra,496,Solapur,-,-,-,-,-,-,-,-,-,18.07402000,75.12002000,15-03-2024 17:00,0,0,0,0,0,0,0,0,0,0,0,0,0,0,0,0,0,0,0,0,0,0,0,0,0,0,0,0,0,0,0,0,0,0,0,0,0,0,0,0,0,0,0,0,"","","","","",""
2184,Ujjani Dam Rain Gauge,Maharashtra SW,27,Maharashtra,496,Solapur,-,-,-,-,-,-,-,-,-,18.07402000,75.12002000,15-03-2024 18:00,0,0,0,0,0,0,0,0,0,0,0,0,0,0,0,0,0,0,0,0,0,0,0,0,0,0,0,0,0,0,0,0,0,0,0,0,0,0,0,0,0,0,0,0,"","","","","",""
2185,Ujjani Dam Rain Gauge,Maharashtra SW,27,Maharashtra,496,Solapur,-,-,-,-,-,-,-,-,-,18.07402000,75.12002000,15-03-2024 19:00,0,0,0,0,0,0,0,0,0,0,0,0,0,0,0,0,0,0,0,0,0,0,0,0,0,0,0,0,0,0,0,0,0,0,0,0,0,0,0,0,0,0,0,0,"","","","","",""
2186,Ujjani Dam Rain Gauge,Maharashtra SW,27,Maharashtra,496,Solapur,-,-,-,-,-,-,-,-,-,18.07402000,75.12002000,15-03-2024 20:00,0,0,0,0,0,0,0,0,0,0,0,0,0,0,0,0,0,0,0,0,0,0,0,0,0,0,0,0,0,0,0,0,0,0,0,0,0,0,0,0,0,0,0,0,"","","","","",""
2187,Ujjani Dam Rain Gauge,Maharashtra SW,27,Maharashtra,496,Solapur,-,-,-,-,-,-,-,-,-,18.07402000,75.12002000,15-03-2024 21:00,0,0,0,0,0,0,0,0,0,0,0,0,0,0,0,0,0,0,0,0,0,0,0,0,0,0,0,0,0,0,0,0,0,0,0,0,0,0,0,0,0,0,0,0,"","","","","",""
2188,Ujjani Dam Rain Gauge,Maharashtra SW,27,Maharashtra,496,Solapur,-,-,-,-,-,-,-,-,-,18.07402000,75.12002000,15-03-2024 22:00,0,0,0,0,0,0,0,0,0,0,0,0,0,0,0,0,0,0,0,0,0,0,0,0,0,0,0,0,0,0,0,0,0,0,0,0,0,0,0,0,0,0,0,0,"","","","","",""
2189,Ujjani Dam Rain Gauge,Maharashtra SW,27,Maharashtra,496,Solapur,-,-,-,-,-,-,-,-,-,18.07402000,75.12002000,15-03-2024 23:00,0,0,0,0,0,0,0,0,0,0,0,0,0,0,0,0,0,0,0,0,0,0,0,0,0,0,0,0,0,0,0,0,0,0,0,0,0,0,0,0,0,0,0,0,"","","","","",""
2190,Ujjani Dam Rain Gauge,Maharashtra SW,27,Maharashtra,496,Solapur,-,-,-,-,-,-,-,-,-,18.07402000,75.12002000,16-03-2024 00:00,0,0,0,0,0,0,0,0,0,0,0,0,0,0,0,0,0,0,0,0,0,0,0,0,0,0,0,0,0,0,0,0,0,0,0,0,0,0,0,0,0,0,0,0,"","","","","",""
2191,Ujjani Dam Rain Gauge,Maharashtra SW,27,Maharashtra,496,Solapur,-,-,-,-,-,-,-,-,-,18.07402000,75.12002000,16-03-2024 01:00,0,0,0,0,0,0,0,0,0,0,0,0,0,0,0,0,0,0,0,0,0,0,0,0,0,0,0,0,0,0,0,0,0,0,0,0,0,0,0,0,0,0,0,0,"","","","","",""
2192,Ujjani Dam Rain Gauge,Maharashtra SW,27,Maharashtra,496,Solapur,-,-,-,-,-,-,-,-,-,18.07402000,75.12002000,16-03-2024 02:00,0,0,0,0,0,0,0,0,0,0,0,0,0,0,0,0,0,0,0,0,0,0,0,0,0,0,0,0,0,0,0,0,0,0,0,0,0,0,0,0,0,0,0,0,"","","","","",""
2193,Ujjani Dam Rain Gauge,Maharashtra SW,27,Maharashtra,496,Solapur,-,-,-,-,-,-,-,-,-,18.07402000,75.12002000,16-03-2024 03:00,0,0,0,0,0,0,0,0,0,0,0,0,0,0,0,0,0,0,0,0,0,0,0,0,0,0,0,0,0,0,0,0,0,0,0,0,0,0,0,0,0,0,0,0,"","","","","",""
2194,Ujjani Dam Rain Gauge,Maharashtra SW,27,Maharashtra,496,Solapur,-,-,-,-,-,-,-,-,-,18.07402000,75.12002000,16-03-2024 04:00,0,0,0,0,0,0,0,0,0,0,0,0,0,0,0,0,0,0,0,0,0,0,0,0,0,0,0,0,0,0,0,0,0,0,0,0,0,0,0,0,0,0,0,0,"","","","","",""
2195,Ujjani Dam Rain Gauge,Maharashtra SW,27,Maharashtra,496,Solapur,-,-,-,-,-,-,-,-,-,18.07402000,75.12002000,16-03-2024 05:00,0,0,0,0,0,0,0,0,0,0,0,0,0,0,0,0,0,0,0,0,0,0,0,0,0,0,0,0,0,0,0,0,0,0,0,0,0,0,0,0,0,0,0,0,"","","","","",""
2196,Ujjani Dam Rain Gauge,Maharashtra SW,27,Maharashtra,496,Solapur,-,-,-,-,-,-,-,-,-,18.07402000,75.12002000,16-03-2024 06:00,0,0,0,0,0,0,0,0,0,0,0,0,0,0,0,0,0,0,0,0,0,0,0,0,0,0,0,0,0,0,0,0,0,0,0,0,0,0,0,0,0,0,0,0,"","","","","",""
2197,Ujjani Dam Rain Gauge,Maharashtra SW,27,Maharashtra,496,Solapur,-,-,-,-,-,-,-,-,-,18.07402000,75.12002000,16-03-2024 07:00,0,0,0,0,0,0,0,0,0,0,0,0,0,0,0,0,0,0,0,0,0,0,0,0,0,0,0,0,0,0,0,0,0,0,0,0,0,0,0,0,0,0,0,0,"","","","","",""
2198,Ujjani Dam Rain Gauge,Maharashtra SW,27,Maharashtra,496,Solapur,-,-,-,-,-,-,-,-,-,18.07402000,75.12002000,16-03-2024 08:00,0,0,0,0,0,0,0,0,0,0,0,0,0,0,0,0,0,0,0,0,0,0,0,0,0,0,0,0,0,0,0,0,0,0,0,0,0,0,0,0,0,0,0,0,"","","","","",""
2199,Ujjani Dam Rain Gauge,Maharashtra SW,27,Maharashtra,496,Solapur,-,-,-,-,-,-,-,-,-,18.07402000,75.12002000,16-03-2024 09:00,0,0,0,0,0,0,0,0,0,0,0,0,0,0,0,0,0,0,0,0,0,0,0,0,0,0,0,0,0,0,0,0,0,0,0,0,0,0,0,0,0,0,0,0,"","","","","",""
2200,Ujjani Dam Rain Gauge,Maharashtra SW,27,Maharashtra,496,Solapur,-,-,-,-,-,-,-,-,-,18.07402000,75.12002000,16-03-2024 10:00,0,0,0,0,0,0,0,0,0,0,0,0,0,0,0,0,0,0,0,0,0,0,0,0,0,0,0,0,0,0,0,0,0,0,0,0,0,0,0,0,0,0,0,0,"","","","","",""
2201,Ujjani Dam Rain Gauge,Maharashtra SW,27,Maharashtra,496,Solapur,-,-,-,-,-,-,-,-,-,18.07402000,75.12002000,16-03-2024 11:00,0,0,0,0,0,0,0,0,0,0,0,0,0,0,0,0,0,0,0,0,0,0,0,0,0,0,0,0,0,0,0,0,0,0,0,0,0,0,0,0,0,0,0,0,"","","","","",""
2202,Ujjani Dam Rain Gauge,Maharashtra SW,27,Maharashtra,496,Solapur,-,-,-,-,-,-,-,-,-,18.07402000,75.12002000,16-03-2024 13:00,0,0,0,0,0,0,0,0,0,0,0,0,0,0,0,0,0,0,0,0,0,0,0,0,0,0,0,0,0,0,0,0,0,0,0,0,0,0,0,0,0,0,0,0,"","","","","",""
2203,Ujjani Dam Rain Gauge,Maharashtra SW,27,Maharashtra,496,Solapur,-,-,-,-,-,-,-,-,-,18.07402000,75.12002000,16-03-2024 14:00,0,0,0,0,0,0,0,0,0,0,0,0,0,0,0,0,0,0,0,0,0,0,0,0,0,0,0,0,0,0,0,0,0,0,0,0,0,0,0,0,0,0,0,0,"","","","","",""
2204,Ujjani Dam Rain Gauge,Maharashtra SW,27,Maharashtra,496,Solapur,-,-,-,-,-,-,-,-,-,18.07402000,75.12002000,16-03-2024 15:00,0,0,0,0,0,0,0,0,0,0,0,0,0,0,0,0,0,0,0,0,0,0,0,0,0,0,0,0,0,0,0,0,0,0,0,0,0,0,0,0,0,0,0,0,"","","","","",""
2205,Ujjani Dam Rain Gauge,Maharashtra SW,27,Maharashtra,496,Solapur,-,-,-,-,-,-,-,-,-,18.07402000,75.12002000,16-03-2024 16:00,0,0,0,0,0,0,0,0,0,0,0,0,0,0,0,0,0,0,0,0,0,0,0,0,0,0,0,0,0,0,0,0,0,0,0,0,0,0,0,0,0,0,0,0,"","","","","",""
2206,Ujjani Dam Rain Gauge,Maharashtra SW,27,Maharashtra,496,Solapur,-,-,-,-,-,-,-,-,-,18.07402000,75.12002000,16-03-2024 18:00,0,0,0,0,0,0,0,0,0,0,0,0,0,0,0,0,0,0,0,0,0,0,0,0,0,0,0,0,0,0,0,0,0,0,0,0,0,0,0,0,0,0,0,0,"","","","","",""
2207,Ujjani Dam Rain Gauge,Maharashtra SW,27,Maharashtra,496,Solapur,-,-,-,-,-,-,-,-,-,18.07402000,75.12002000,16-03-2024 19:00,0,0,0,0,0,0,0,0,0,0,0,0,0,0,0,0,0,0,0,0,0,0,0,0,0,0,0,0,0,0,0,0,0,0,0,0,0,0,0,0,0,0,0,0,"","","","","",""
2208,Ujjani Dam Rain Gauge,Maharashtra SW,27,Maharashtra,496,Solapur,-,-,-,-,-,-,-,-,-,18.07402000,75.12002000,16-03-2024 21:00,0,0,0,0,0,0,0,0,0,0,0,0,0,0,0,0,0,0,0,0,0,0,0,0,0,0,0,0,0,0,0,0,0,0,0,0,0,0,0,0,0,0,0,0,"","","","","",""
2209,Ujjani Dam Rain Gauge,Maharashtra SW,27,Maharashtra,496,Solapur,-,-,-,-,-,-,-,-,-,18.07402000,75.12002000,19-04-2024 09:00,0,0,0,0,0,0,0,0,0,0,0,0,0,0,0,0,0,0,0,0,0,0,0,0,0,0,0,0,0,0,0,0,0,0,0,0,0,0,0,0,0,0,0,0,"","","","","",""
2210,Ujjani Dam Rain Gauge,Maharashtra SW,27,Maharashtra,496,Solapur,-,-,-,-,-,-,-,-,-,18.07402000,75.12002000,19-04-2024 14:00,0,0,0,0,0,0,0,0,0,0,0,0,0,0,0,0,0,0,0,0,0,0,0,0,0,0,0,0,0,0,0,0,0,0,0,0,0,0,0,0,0,0,0,0,"","","","","",""
2211,Ujjani Dam Rain Gauge,Maharashtra SW,27,Maharashtra,496,Solapur,-,-,-,-,-,-,-,-,-,18.07402000,75.12002000,19-04-2024 15:00,0,0,0,0,0,0,0,0,0,0,0,0,0,0,0,0,0,0,0,0,0,0,0,0,0,0,0,0,0,0,0,0,0,0,0,0,0,0,0,0,0,0,0,0,"","","","","",""
2212,Ujjani Dam Rain Gauge,Maharashtra SW,27,Maharashtra,496,Solapur,-,-,-,-,-,-,-,-,-,18.07402000,75.12002000,19-04-2024 16:00,0,0,0,0,0,0,0,0,0,0,0,0,0,0,0,0,0,0,0,0,0,0,0,0,0,0,0,0,0,0,0,0,0,0,0,0,0,0,0,0,0,0,0,0,"","","","","",""
2213,Ujjani Dam Rain Gauge,Maharashtra SW,27,Maharashtra,496,Solapur,-,-,-,-,-,-,-,-,-,18.07402000,75.12002000,19-04-2024 17:00,0,0,0,0,0,0,0,0,0,0,0,0,0,0,0,0,0,0,0,0,0,0,0,0,0,0,0,0,0,0,0,0,0,0,0,0,0,0,0,0,0,0,0,0,"","","","","",""
2214,Ujjani Dam Rain Gauge,Maharashtra SW,27,Maharashtra,496,Solapur,-,-,-,-,-,-,-,-,-,18.07402000,75.12002000,19-04-2024 18:00,0,0,0,0,0,0,0,0,0,0,0,0,0,0,0,0,0,0,0,0,0,0,0,0,0,0,0,0,0,0,0,0,0,0,0,0,0,0,0,0,0,0,0,0,"","","","","",""
2215,Ujjani Dam Rain Gauge,Maharashtra SW,27,Maharashtra,496,Solapur,-,-,-,-,-,-,-,-,-,18.07402000,75.12002000,19-04-2024 19:00,0,0,0,0,0,0,0,0,0,0,0,0,0,0,0,0,0,0,0,0,0,0,0,0,0,0,0,0,0,0,0,0,0,0,0,0,0,0,0,0,0,0,0,0,"","","","","",""
2216,Ujjani Dam Rain Gauge,Maharashtra SW,27,Maharashtra,496,Solapur,-,-,-,-,-,-,-,-,-,18.07402000,75.12002000,19-04-2024 20:00,0,0,0,0,0,0,0,0,0,0,0,0,0,0,0,0,0,0,0,0,0,0,0,0,0,0,0,0,0,0,0,0,0,0,0,0,0,0,0,0,0,0,0,0,"","","","","",""
2217,Ujjani Dam Rain Gauge,Maharashtra SW,27,Maharashtra,496,Solapur,-,-,-,-,-,-,-,-,-,18.07402000,75.12002000,19-04-2024 21:00,0,0,0,0,0,0,0,0,0,0,0,0,0,0,0,0,0,0,0,0,0,0,0,0,0,0,0,0,0,0,0,0,0,0,0,0,0,0,0,0,0,0,0,0,"","","","","",""
2218,Ujjani Dam Rain Gauge,Maharashtra SW,27,Maharashtra,496,Solapur,-,-,-,-,-,-,-,-,-,18.07402000,75.12002000,19-04-2024 22:00,0,0,0,0,0,0,0,0,0,0,0,0,0,0,0,0,0,0,0,0,0,0,0,0,0,0,0,0,0,0,0,0,0,0,0,0,0,0,0,0,0,0,0,0,"","","","","",""
2219,Ujjani Dam Rain Gauge,Maharashtra SW,27,Maharashtra,496,Solapur,-,-,-,-,-,-,-,-,-,18.07402000,75.12002000,20-04-2024 00:00,0,0,0,0,0,0,0,0,0,0,0,0,0,0,0,0,0,0,0,0,0,0,0,0,0,0,0,0,0,0,0,0,0,0,0,0,0,0,0,0,0,0,0,0,"","","","","",""
2220,Ujjani Dam Rain Gauge,Maharashtra SW,27,Maharashtra,496,Solapur,-,-,-,-,-,-,-,-,-,18.07402000,75.12002000,20-04-2024 01:00,0,0,0,0,0,0,0,0,0,0,0,0,0,0,0,0,0,0,0,0,0,0,0,0,0,0,0,0,0,0,0,0,0,0,0,0,0,0,0,0,0,0,0,0,"","","","","",""
2221,Ujjani Dam Rain Gauge,Maharashtra SW,27,Maharashtra,496,Solapur,-,-,-,-,-,-,-,-,-,18.07402000,75.12002000,20-04-2024 02:00,0,0,0,0,0,0,0,0,0,0,0,0,0,0,0,0,0,0,0,0,0,0,0,0,0,0,0,0,0,0,0,0,0,0,0,0,0,0,0,0,0,0,0,0,"","","","","",""
2222,Ujjani Dam Rain Gauge,Maharashtra SW,27,Maharashtra,496,Solapur,-,-,-,-,-,-,-,-,-,18.07402000,75.12002000,20-04-2024 03:00,0,0,0,0,0,0,0,0,0,0,0,0,0,0,0,0,0,0,0,0,0,0,0,0,0,0,0,0,0,0,0,0,0,0,0,0,0,0,0,0,0,0,0,0,"","","","","",""
2223,Ujjani Dam Rain Gauge,Maharashtra SW,27,Maharashtra,496,Solapur,-,-,-,-,-,-,-,-,-,18.07402000,75.12002000,20-04-2024 04:00,0,0,0,0,0,0,0,0,0,0,0,0,0,0,0,0,0,0,0,0,0,0,0,0,0,0,0,0,0,0,0,0,0,0,0,0,0,0,0,0,0,0,0,0,"","","","","",""
2224,Ujjani Dam Rain Gauge,Maharashtra SW,27,Maharashtra,496,Solapur,-,-,-,-,-,-,-,-,-,18.07402000,75.12002000,20-04-2024 05:00,0,0,0,0,0,0,0,0,0,0,0,0,0,0,0,0,0,0,0,0,0,0,0,0,0,0,0,0,0,0,0,0,0,0,0,0,0,0,0,0,0,0,0,0,"","","","","",""
2225,Ujjani Dam Rain Gauge,Maharashtra SW,27,Maharashtra,496,Solapur,-,-,-,-,-,-,-,-,-,18.07402000,75.12002000,20-04-2024 06:00,0,0,0,0,0,0,0,0,0,0,0,0,0,0,0,0,0,0,0,0,0,0,0,0,0,0,0,0,0,0,0,0,0,0,0,0,0,0,0,0,0,0,0,0,"","","","","",""
2226,Ujjani Dam Rain Gauge,Maharashtra SW,27,Maharashtra,496,Solapur,-,-,-,-,-,-,-,-,-,18.07402000,75.12002000,20-04-2024 07:00,0,0,0,0,0,0,0,0,0,0,0,0,0,0,0,0,0,0,0,0,0,0,0,0,0,0,0,0,0,0,0,0,0,0,0,0,0,0,0,0,0,0,0,0,"","","","","",""
2227,Ujjani Dam Rain Gauge,Maharashtra SW,27,Maharashtra,496,Solapur,-,-,-,-,-,-,-,-,-,18.07402000,75.12002000,20-04-2024 08:00,0,0,0,0,0,0,0,0,0,0,0,0,0,0,0,0,0,0,0,0,0,0,0,0,0,0,0,0,0,0,0,0,0,0,0,0,0,0,0,0,0,0,0,0,"","","","","",""
2228,Ujjani Dam Rain Gauge,Maharashtra SW,27,Maharashtra,496,Solapur,-,-,-,-,-,-,-,-,-,18.07402000,75.12002000,20-04-2024 09:00,0,0,0,0,0,0,0,0,0,0,0,0,0,0,0,0,0,0,0,0,0,0,0,0,0,0,0,0,0,0,0,0,0,0,0,0,0,0,0,0,0,0,0,0,"","","","","",""
2229,Ujjani Dam Rain Gauge,Maharashtra SW,27,Maharashtra,496,Solapur,-,-,-,-,-,-,-,-,-,18.07402000,75.12002000,20-04-2024 10:00,0,0,0,0,0,0,0,0,0,0,0,0,0,0,0,0,0,0,0,0,0,0,0,0,0,0,0,0,0,0,0,0,0,0,0,0,0,0,0,0,0,0,0,0,"","","","","",""
2230,Ujjani Dam Rain Gauge,Maharashtra SW,27,Maharashtra,496,Solapur,-,-,-,-,-,-,-,-,-,18.07402000,75.12002000,20-04-2024 11:00,0,0,0,0,0,0,0,0,0,0,0,0,0,0,0,0,0,0,0,0,0,0,0,0,0,0,0,0,0,0,0,0,0,0,0,0,0,0,0,0,0,0,0,0,"","","","","",""
2231,Ujjani Dam Rain Gauge,Maharashtra SW,27,Maharashtra,496,Solapur,-,-,-,-,-,-,-,-,-,18.07402000,75.12002000,20-04-2024 12:00,0,0,0,0,0,0,0,0,0,0,0,0,0,0,0,0,0,0,0,0,0,0,0,0,0,0,0,0,0,0,0,0,0,0,0,0,0,0,0,0,0,0,0,0,"","","","","",""
2232,Ujjani Dam Rain Gauge,Maharashtra SW,27,Maharashtra,496,Solapur,-,-,-,-,-,-,-,-,-,18.07402000,75.12002000,20-04-2024 13:00,0,0,0,0,0,0,0,0,0,0,0,0,0,0,0,0,0,0,0,0,0,0,0,0,0,0,0,0,0,0,0,0,0,0,0,0,0,0,0,0,0,0,0,0,"","","","","",""
2233,Ujjani Dam Rain Gauge,Maharashtra SW,27,Maharashtra,496,Solapur,-,-,-,-,-,-,-,-,-,18.07402000,75.12002000,20-04-2024 14:00,0,0,0,0,0,0,0,0,0,0,0,0,0,0,0,0,0,0,0,0,0,0,0,0,0,0,0,0,0,0,0,0,0,0,0,0,0,0,0,0,0,0,0,0,"","","","","",""
2234,Ujjani Dam Rain Gauge,Maharashtra SW,27,Maharashtra,496,Solapur,-,-,-,-,-,-,-,-,-,18.07402000,75.12002000,20-04-2024 15:00,0,0,0,0,0,0,0,0,0,0,0,0,0,0,0,0,0,0,0,0,0,0,0,0,0,0,0,0,0,0,0,0,0,0,0,0,0,0,0,0,0,0,0,0,"","","","","",""
2235,Ujjani Dam Rain Gauge,Maharashtra SW,27,Maharashtra,496,Solapur,-,-,-,-,-,-,-,-,-,18.07402000,75.12002000,20-04-2024 16:00,0,0,0,0,0,0,0,0,0,0,0,0,0,0,0,0,0,0,0,0,0,0,0,0,0,0,0,0,0,0,0,0,0,0,0,0,0,0,0,0,0,0,0,0,"","","","","",""
2236,Ujjani Dam Rain Gauge,Maharashtra SW,27,Maharashtra,496,Solapur,-,-,-,-,-,-,-,-,-,18.07402000,75.12002000,20-04-2024 17:00,0,0,0,0,0,0,0,0,0,0,0,0,0,0,0,0,0,0,0,0,0,0,0,0,0,0,0,0,0,0,0,0,0,0,0,0,0,0,0,0,0,0,0,0,"","","","","",""
2237,Ujjani Dam Rain Gauge,Maharashtra SW,27,Maharashtra,496,Solapur,-,-,-,-,-,-,-,-,-,18.07402000,75.12002000,20-04-2024 18:00,0,0,0,0,0,0,0,0,0,0,0,0,0,0,0,0,0,0,0,0,0,0,0,0,0,0,0,0,0,0,0,0,0,0,0,0,0,0,0,0,0,0,0,0,"","","","","",""
2238,Ujjani Dam Rain Gauge,Maharashtra SW,27,Maharashtra,496,Solapur,-,-,-,-,-,-,-,-,-,18.07402000,75.12002000,20-04-2024 19:00,0,0,0,0,0,0,0,0,0,0,0,0,0,0,0,0,0,0,0,0,0,0,0,0,0,0,0,0,0,0,0,0,0,0,0,0,0,0,0,0,0,0,0,0,"","","","","",""
2239,Ujjani Dam Rain Gauge,Maharashtra SW,27,Maharashtra,496,Solapur,-,-,-,-,-,-,-,-,-,18.07402000,75.12002000,20-04-2024 20:00,0,0,0,0,0,0,0,0,0,0,0,0,0,0,0,0,0,0,0,0,0,0,0,0,0,0,0,0,0,0,0,0,0,0,0,0,0,0,0,0,0,0,0,0,"","","","","",""
2240,Ujjani Dam Rain Gauge,Maharashtra SW,27,Maharashtra,496,Solapur,-,-,-,-,-,-,-,-,-,18.07402000,75.12002000,20-04-2024 21:00,0,0,0,0,0,0,0,0,0,0,0,0,0,0,0,0,0,0,0,0,0,0,0,0,0,0,0,0,0,0,0,0,0,0,0,0,0,0,0,0,0,0,0,0,"","","","","",""
2241,Ujjani Dam Rain Gauge,Maharashtra SW,27,Maharashtra,496,Solapur,-,-,-,-,-,-,-,-,-,18.07402000,75.12002000,20-04-2024 22:00,0,0,0,0,0,0,0,0,0,0,0,0,0,0,0,0,0,0,0,0,0,0,0,0,0,0,0,0,0,0,0,0,0,0,0,0,0,0,0,0,0,0,0,0,"","","","","",""
2242,Ujjani Dam Rain Gauge,Maharashtra SW,27,Maharashtra,496,Solapur,-,-,-,-,-,-,-,-,-,18.07402000,75.12002000,20-04-2024 23:00,0,0,0,0,0,0,0,0,0,0,0,0,0,0,0,0,0,0,0,0,0,0,0,0,0,0,0,0,0,0,0,0,0,0,0,0,0,0,0,0,0,0,0,0,"","","","","",""
2243,Ujjani Dam Rain Gauge,Maharashtra SW,27,Maharashtra,496,Solapur,-,-,-,-,-,-,-,-,-,18.07402000,75.12002000,21-04-2024 00:00,0,0,0,0,0,0,0,0,0,0,0,0,0,0,0,0,0,0,0,0,0,0,0,0,0,0,0,0,0,0,0,0,0,0,0,0,0,0,0,0,0,0,0,0,"","","","","",""
2244,Ujjani Dam Rain Gauge,Maharashtra SW,27,Maharashtra,496,Solapur,-,-,-,-,-,-,-,-,-,18.07402000,75.12002000,21-04-2024 01:00,0,0,0,0,0,0,0,0,0,0,0,0,0,0,0,0,0,0,0,0,0,0,0,0,0,0,0,0,0,0,0,0,0,0,0,0,0,0,0,0,0,0,0,0,"","","","","",""
2245,Ujjani Dam Rain Gauge,Maharashtra SW,27,Maharashtra,496,Solapur,-,-,-,-,-,-,-,-,-,18.07402000,75.12002000,21-04-2024 02:00,0,0,0,0,0,0,0,0,0,0,0,0,0,0,0,0,0,0,0,0,0,0,0,0,0,0,0,0,0,0,0,0,0,0,0,0,0,0,0,0,0,0,0,0,"","","","","",""
2246,Ujjani Dam Rain Gauge,Maharashtra SW,27,Maharashtra,496,Solapur,-,-,-,-,-,-,-,-,-,18.07402000,75.12002000,21-04-2024 03:00,0,0,0,0,0,0,0,0,0,0,0,0,0,0,0,0,0,0,0,0,0,0,0,0,0,0,0,0,0,0,0,0,0,0,0,0,0,0,0,0,0,0,0,0,"","","","","",""
2247,Ujjani Dam Rain Gauge,Maharashtra SW,27,Maharashtra,496,Solapur,-,-,-,-,-,-,-,-,-,18.07402000,75.12002000,21-04-2024 04:00,0,0,0,0,0,0,0,0,0,0,0,0,0,0,0,0,0,0,0,0,0,0,0,0,0,0,0,0,0,0,0,0,0,0,0,0,0,0,0,0,0,0,0,0,"","","","","",""
2248,Ujjani Dam Rain Gauge,Maharashtra SW,27,Maharashtra,496,Solapur,-,-,-,-,-,-,-,-,-,18.07402000,75.12002000,21-04-2024 05:00,0,0,0,0,0,0,0,0,0,0,0,0,0,0,0,0,0,0,0,0,0,0,0,0,0,0,0,0,0,0,0,0,0,0,0,0,0,0,0,0,0,0,0,0,"","","","","",""
2249,Ujjani Dam Rain Gauge,Maharashtra SW,27,Maharashtra,496,Solapur,-,-,-,-,-,-,-,-,-,18.07402000,75.12002000,21-04-2024 06:00,0,0,0,0,0,0,0,0,0,0,0,0,0,0,0,0,0,0,0,0,0,0,0,0,0,0,0,0,0,0,0,0,0,0,0,0,0,0,0,0,0,0,0,0,"","","","","",""
2250,Ujjani Dam Rain Gauge,Maharashtra SW,27,Maharashtra,496,Solapur,-,-,-,-,-,-,-,-,-,18.07402000,75.12002000,21-04-2024 07:00,0,0,0,0,0,0,0,0,0,0,0,0,0,0,0,0,0,0,0,0,0,0,0,0,0,0,0,0,0,0,0,0,0,0,0,0,0,0,0,0,0,0,0,0,"","","","","",""
2251,Ujjani Dam Rain Gauge,Maharashtra SW,27,Maharashtra,496,Solapur,-,-,-,-,-,-,-,-,-,18.07402000,75.12002000,21-04-2024 09:00,0,0,0,0,0,0,0,0,0,0,0,0,0,0,0,0,0,0,0,0,0,0,0,0,0,0,0,0,0,0,0,0,0,0,0,0,0,0,0,0,0,0,0,0,"","","","","",""
2252,Ujjani Dam Rain Gauge,Maharashtra SW,27,Maharashtra,496,Solapur,-,-,-,-,-,-,-,-,-,18.07402000,75.12002000,21-04-2024 10:00,0,0,0,0,0,0,0,0,0,0,0,0,0,0,0,0,0,0,0,0,0,0,0,0,0,0,0,0,0,0,0,0,0,0,0,0,0,0,0,0,0,0,0,0,"","","","","",""
2253,Ujjani Dam Rain Gauge,Maharashtra SW,27,Maharashtra,496,Solapur,-,-,-,-,-,-,-,-,-,18.07402000,75.12002000,21-04-2024 11:00,0,0,0,0,0,0,0,0,0,0,0,0,0,0,0,0,0,0,0,0,0,0,0,0,0,0,0,0,0,0,0,0,0,0,0,0,0,0,0,0,0,0,0,0,"","","","","",""
2254,Ujjani Dam Rain Gauge,Maharashtra SW,27,Maharashtra,496,Solapur,-,-,-,-,-,-,-,-,-,18.07402000,75.12002000,21-04-2024 12:00,0,0,0,0,0,0,0,0,0,0,0,0,0,0,0,0,0,0,0,0,0,0,0,0,0,0,0,0,0,0,0,0,0,0,0,0,0,0,0,0,0,0,0,0,"","","","","",""
2255,Ujjani Dam Rain Gauge,Maharashtra SW,27,Maharashtra,496,Solapur,-,-,-,-,-,-,-,-,-,18.07402000,75.12002000,21-04-2024 13:00,0,0,0,0,0,0,0,0,0,0,0,0,0,0,0,0,0,0,0,0,0,0,0,0,0,0,0,0,0,0,0,0,0,0,0,0,0,0,0,0,0,0,0,0,"","","","","",""
2256,Ujjani Dam Rain Gauge,Maharashtra SW,27,Maharashtra,496,Solapur,-,-,-,-,-,-,-,-,-,18.07402000,75.12002000,21-04-2024 14:00,0,0,0,0,0,0,0,0,0,0,0,0,0,0,0,0,0,0,0,0,0,0,0,0,0,0,0,0,0,0,0,0,0,0,0,0,0,0,0,0,0,0,0,0,"","","","","",""
2257,Ujjani Dam Rain Gauge,Maharashtra SW,27,Maharashtra,496,Solapur,-,-,-,-,-,-,-,-,-,18.07402000,75.12002000,21-04-2024 15:00,0,0,0,0,0,0,0,0,0,0,0,0,0,0,0,0,0,0,0,0,0,0,0,0,0,0,0,0,0,0,0,0,0,0,0,0,0,0,0,0,0,0,0,0,"","","","","",""
2258,Ujjani Dam Rain Gauge,Maharashtra SW,27,Maharashtra,496,Solapur,-,-,-,-,-,-,-,-,-,18.07402000,75.12002000,21-04-2024 16:00,0,0,0,0,0,0,0,0,0,0,0,0,0,0,0,0,0,0,0,0,0,0,0,0,0,0,0,0,0,0,0,0,0,0,0,0,0,0,0,0,0,0,0,0,"","","","","",""
2259,Ujjani Dam Rain Gauge,Maharashtra SW,27,Maharashtra,496,Solapur,-,-,-,-,-,-,-,-,-,18.07402000,75.12002000,21-04-2024 17:00,0,0,0,0,0,0,0,0,0,0,0,0,0,0,0,0,0,0,0,0,0,0,0,0,0,0,0,0,0,0,0,0,0,0,0,0,0,0,0,0,0,0,0,0,"","","","","",""
2260,Ujjani Dam Rain Gauge,Maharashtra SW,27,Maharashtra,496,Solapur,-,-,-,-,-,-,-,-,-,18.07402000,75.12002000,21-04-2024 18:00,0,0,0,0,0,0,0,0,0,0,0,0,0,0,0,0,0,0,0,0,0,0,0,0,0,0,0,0,0,0,0,0,0,0,0,0,0,0,0,0,0,0,0,0,"","","","","",""
2261,Ujjani Dam Rain Gauge,Maharashtra SW,27,Maharashtra,496,Solapur,-,-,-,-,-,-,-,-,-,18.07402000,75.12002000,21-04-2024 19:00,0,0,0,0,0,0,0,0,0,0,0,0,0,0,0,0,0,0,0,0,0,0,0,0,0,0,0,0,0,0,0,0,0,0,0,0,0,0,0,0,0,0,0,0,"","","","","",""
2262,Ujjani Dam Rain Gauge,Maharashtra SW,27,Maharashtra,496,Solapur,-,-,-,-,-,-,-,-,-,18.07402000,75.12002000,21-04-2024 20:00,0,0,0,0,0,0,0,0,0,0,0,0,0,0,0,0,0,0,0,0,0,0,0,0,0,0,0,0,0,0,0,0,0,0,0,0,0,0,0,0,0,0,0,0,"","","","","",""
2263,Ujjani Dam Rain Gauge,Maharashtra SW,27,Maharashtra,496,Solapur,-,-,-,-,-,-,-,-,-,18.07402000,75.12002000,21-04-2024 21:00,0,0,0,0,0,0,0,0,0,0,0,0,0,0,0,0,0,0,0,0,0,0,0,0,0,0,0,0,0,0,0,0,0,0,0,0,0,0,0,0,0,0,0,0,"","","","","",""
2264,Ujjani Dam Rain Gauge,Maharashtra SW,27,Maharashtra,496,Solapur,-,-,-,-,-,-,-,-,-,18.07402000,75.12002000,21-04-2024 22:00,0,0,0,0,0,0,0,0,0,0,0,0,0,0,0,0,0,0,0,0,0,0,0,0,0,0,0,0,0,0,0,0,0,0,0,0,0,0,0,0,0,0,0,0,"","","","","",""
2265,Ujjani Dam Rain Gauge,Maharashtra SW,27,Maharashtra,496,Solapur,-,-,-,-,-,-,-,-,-,18.07402000,75.12002000,21-04-2024 23:00,0,0,0,0,0,0,0,0,0,0,0,0,0,0,0,0,0,0,0,0,0,0,0,0,0,0,0,0,0,0,0,0,0,0,0,0,0,0,0,0,0,0,0,0,"","","","","",""
2266,Ujjani Dam Rain Gauge,Maharashtra SW,27,Maharashtra,496,Solapur,-,-,-,-,-,-,-,-,-,18.07402000,75.12002000,22-04-2024 00:00,0,0,0,0,0,0,0,0,0,0,0,0,0,0,0,0,0,0,0,0,0,0,0,0,0,0,0,0,0,0,0,0,0,0,0,0,0,0,0,0,0,0,0,0,"","","","","",""
2267,Ujjani Dam Rain Gauge,Maharashtra SW,27,Maharashtra,496,Solapur,-,-,-,-,-,-,-,-,-,18.07402000,75.12002000,22-04-2024 01:00,0,0,0,0,0,0,0,0,0,0,0,0,0,0,0,0,0,0,0,0,0,0,0,0,0,0,0,0,0,0,0,0,0,0,0,0,0,0,0,0,0,0,0,0,"","","","","",""
2268,Ujjani Dam Rain Gauge,Maharashtra SW,27,Maharashtra,496,Solapur,-,-,-,-,-,-,-,-,-,18.07402000,75.12002000,22-04-2024 02:00,0,0,0,0,0,0,0,0,0,0,0,0,0,0,0,0,0,0,0,0,0,0,0,0,0,0,0,0,0,0,0,0,0,0,0,0,0,0,0,0,0,0,0,0,"","","","","",""
2269,Ujjani Dam Rain Gauge,Maharashtra SW,27,Maharashtra,496,Solapur,-,-,-,-,-,-,-,-,-,18.07402000,75.12002000,22-04-2024 03:00,0,0,0,0,0,0,0,0,0,0,0,0,0,0,0,0,0,0,0,0,0,0,0,0,0,0,0,0,0,0,0,0,0,0,0,0,0,0,0,0,0,0,0,0,"","","","","",""
2270,Ujjani Dam Rain Gauge,Maharashtra SW,27,Maharashtra,496,Solapur,-,-,-,-,-,-,-,-,-,18.07402000,75.12002000,22-04-2024 04:00,0,0,0,0,0,0,0,0,0,0,0,0,0,0,0,0,0,0,0,0,0,0,0,0,0,0,0,0,0,0,0,0,0,0,0,0,0,0,0,0,0,0,0,0,"","","","","",""
2271,Ujjani Dam Rain Gauge,Maharashtra SW,27,Maharashtra,496,Solapur,-,-,-,-,-,-,-,-,-,18.07402000,75.12002000,22-04-2024 05:00,0,0,0,0,0,0,0,0,0,0,0,0,0,0,0,0,0,0,0,0,0,0,0,0,0,0,0,0,0,0,0,0,0,0,0,0,0,0,0,0,0,0,0,0,"","","","","",""
2272,Ujjani Dam Rain Gauge,Maharashtra SW,27,Maharashtra,496,Solapur,-,-,-,-,-,-,-,-,-,18.07402000,75.12002000,22-04-2024 06:00,0,0,0,0,0,0,0,0,0,0,0,0,0,0,0,0,0,0,0,0,0,0,0,0,0,0,0,0,0,0,0,0,0,0,0,0,0,0,0,0,0,0,0,0,"","","","","",""
2273,Ujjani Dam Rain Gauge,Maharashtra SW,27,Maharashtra,496,Solapur,-,-,-,-,-,-,-,-,-,18.07402000,75.12002000,22-04-2024 07:00,0,0,0,0,0,0,0,0,0,0,0,0,0,0,0,0,0,0,0,0,0,0,0,0,0,0,0,0,0,0,0,0,0,0,0,0,0,0,0,0,0,0,0,0,"","","","","",""
2274,Ujjani Dam Rain Gauge,Maharashtra SW,27,Maharashtra,496,Solapur,-,-,-,-,-,-,-,-,-,18.07402000,75.12002000,22-04-2024 08:00,0,0,0,0,0,0,0,0,0,0,0,0,0,0,0,0,0,0,0,0,0,0,0,0,0,0,0,0,0,0,0,0,0,0,0,0,0,0,0,0,0,0,0,0,"","","","","",""
2275,Ujjani Dam Rain Gauge,Maharashtra SW,27,Maharashtra,496,Solapur,-,-,-,-,-,-,-,-,-,18.07402000,75.12002000,22-04-2024 09:00,0,0,0,0,0,0,0,0,0,0,0,0,0,0,0,0,0,0,0,0,0,0,0,0,0,0,0,0,0,0,0,0,0,0,0,0,0,0,0,0,0,0,0,0,"","","","","",""
2276,Ujjani Dam Rain Gauge,Maharashtra SW,27,Maharashtra,496,Solapur,-,-,-,-,-,-,-,-,-,18.07402000,75.12002000,22-04-2024 10:00,0,0,0,0,0,0,0,0,0,0,0,0,0,0,0,0,0,0,0,0,0,0,0,0,0,0,0,0,0,0,0,0,0,0,0,0,0,0,0,0,0,0,0,0,"","","","","",""
2277,Ujjani Dam Rain Gauge,Maharashtra SW,27,Maharashtra,496,Solapur,-,-,-,-,-,-,-,-,-,18.07402000,75.12002000,22-04-2024 11:00,0,0,0,0,0,0,0,0,0,0,0,0,0,0,0,0,0,0,0,0,0,0,0,0,0,0,0,0,0,0,0,0,0,0,0,0,0,0,0,0,0,0,0,0,"","","","","",""
2278,Ujjani Dam Rain Gauge,Maharashtra SW,27,Maharashtra,496,Solapur,-,-,-,-,-,-,-,-,-,18.07402000,75.12002000,22-04-2024 12:00,0,0,0,0,0,0,0,0,0,0,0,0,0,0,0,0,0,0,0,0,0,0,0,0,0,0,0,0,0,0,0,0,0,0,0,0,0,0,0,0,0,0,0,0,"","","","","",""
2279,Ujjani Dam Rain Gauge,Maharashtra SW,27,Maharashtra,496,Solapur,-,-,-,-,-,-,-,-,-,18.07402000,75.12002000,22-04-2024 13:00,0,0,0,0,0,0,0,0,0,0,0,0,0,0,0,0,0,0,0,0,0,0,0,0,0,0,0,0,0,0,0,0,0,0,0,0,0,0,0,0,0,0,0,0,"","","","","",""
2280,Ujjani Dam Rain Gauge,Maharashtra SW,27,Maharashtra,496,Solapur,-,-,-,-,-,-,-,-,-,18.07402000,75.12002000,22-04-2024 14:00,0,0,0,0,0,0,0,0,0,0,0,0,0,0,0,0,0,0,0,0,0,0,0,0,0,0,0,0,0,0,0,0,0,0,0,0,0,0,0,0,0,0,0,0,"","","","","",""
2281,Ujjani Dam Rain Gauge,Maharashtra SW,27,Maharashtra,496,Solapur,-,-,-,-,-,-,-,-,-,18.07402000,75.12002000,22-04-2024 15:00,0,0,0,0,0,0,0,0,0,0,0,0,0,0,0,0,0,0,0,0,0,0,0,0,0,0,0,0,0,0,0,0,0,0,0,0,0,0,0,0,0,0,0,0,"","","","","",""
2282,Ujjani Dam Rain Gauge,Maharashtra SW,27,Maharashtra,496,Solapur,-,-,-,-,-,-,-,-,-,18.07402000,75.12002000,22-04-2024 16:00,0,0,0,0,0,0,0,0,0,0,0,0,0,0,0,0,0,0,0,0,0,0,0,0,0,0,0,0,0,0,0,0,0,0,0,0,0,0,0,0,0,0,0,0,"","","","","",""
2283,Ujjani Dam Rain Gauge,Maharashtra SW,27,Maharashtra,496,Solapur,-,-,-,-,-,-,-,-,-,18.07402000,75.12002000,22-04-2024 17:00,0,0,0,0,0,0,0,0,0,0,0,0,0,0,0,0,0,0,0,0,0,0,0,0,0,0,0,0,0,0,0,0,0,0,0,0,0,0,0,0,0,0,0,0,"","","","","",""
2284,Ujjani Dam Rain Gauge,Maharashtra SW,27,Maharashtra,496,Solapur,-,-,-,-,-,-,-,-,-,18.07402000,75.12002000,22-04-2024 19:00,0,0,0,0,0,0,0,0,0,0,0,0,0,0,0,0,0,0,0,0,0,0,0,0,0,0,0,0,0,0,0,0,0,0,0,0,0,0,0,0,0,0,0,0,"","","","","",""
2285,Ujjani Dam Rain Gauge,Maharashtra SW,27,Maharashtra,496,Solapur,-,-,-,-,-,-,-,-,-,18.07402000,75.12002000,22-04-2024 20:00,0,0,0,0,0,0,0,0,0,0,0,0,0,0,0,0,0,0,0,0,0,0,0,0,0,0,0,0,0,0,0,0,0,0,0,0,0,0,0,0,0,0,0,0,"","","","","",""
2286,Ujjani Dam Rain Gauge,Maharashtra SW,27,Maharashtra,496,Solapur,-,-,-,-,-,-,-,-,-,18.07402000,75.12002000,22-04-2024 21:00,0,0,0,0,0,0,0,0,0,0,0,0,0,0,0,0,0,0,0,0,0,0,0,0,0,0,0,0,0,0,0,0,0,0,0,0,0,0,0,0,0,0,0,0,"","","","","",""
2287,Ujjani Dam Rain Gauge,Maharashtra SW,27,Maharashtra,496,Solapur,-,-,-,-,-,-,-,-,-,18.07402000,75.12002000,22-04-2024 22:00,0,0,0,0,0,0,0,0,0,0,0,0,0,0,0,0,0,0,0,0,0,0,0,0,0,0,0,0,0,0,0,0,0,0,0,0,0,0,0,0,0,0,0,0,"","","","","",""
2288,Ujjani Dam Rain Gauge,Maharashtra SW,27,Maharashtra,496,Solapur,-,-,-,-,-,-,-,-,-,18.07402000,75.12002000,22-04-2024 23:00,0,0,0,0,0,0,0,0,0,0,0,0,0,0,0,0,0,0,0,0,0,0,0,0,0,0,0,0,0,0,0,0,0,0,0,0,0,0,0,0,0,0,0,0,"","","","","",""
2289,Ujjani Dam Rain Gauge,Maharashtra SW,27,Maharashtra,496,Solapur,-,-,-,-,-,-,-,-,-,18.07402000,75.12002000,23-04-2024 00:00,0,0,0,0,0,0,0,0,0,0,0,0,0,0,0,0,0,0,0,0,0,0,0,0,0,0,0,0,0,0,0,0,0,0,0,0,0,0,0,0,0,0,0,0,"","","","","",""
2290,Ujjani Dam Rain Gauge,Maharashtra SW,27,Maharashtra,496,Solapur,-,-,-,-,-,-,-,-,-,18.07402000,75.12002000,23-04-2024 01:00,0,0,0,0,0,0,0,0,0,0,0,0,0,0,0,0,0,0,0,0,0,0,0,0,0,0,0,0,0,0,0,0,0,0,0,0,0,0,0,0,0,0,0,0,"","","","","",""
2291,Ujjani Dam Rain Gauge,Maharashtra SW,27,Maharashtra,496,Solapur,-,-,-,-,-,-,-,-,-,18.07402000,75.12002000,23-04-2024 02:00,0,0,0,0,0,0,0,0,0,0,0,0,0,0,0,0,0,0,0,0,0,0,0,0,0,0,0,0,0,0,0,0,0,0,0,0,0,0,0,0,0,0,0,0,"","","","","",""
2292,Ujjani Dam Rain Gauge,Maharashtra SW,27,Maharashtra,496,Solapur,-,-,-,-,-,-,-,-,-,18.07402000,75.12002000,23-04-2024 03:00,0,0,0,0,0,0,0,0,0,0,0,0,0,0,0,0,0,0,0,0,0,0,0,0,0,0,0,0,0,0,0,0,0,0,0,0,0,0,0,0,0,0,0,0,"","","","","",""
2293,Ujjani Dam Rain Gauge,Maharashtra SW,27,Maharashtra,496,Solapur,-,-,-,-,-,-,-,-,-,18.07402000,75.12002000,23-04-2024 04:00,0,0,0,0,0,0,0,0,0,0,0,0,0,0,0,0,0,0,0,0,0,0,0,0,0,0,0,0,0,0,0,0,0,0,0,0,0,0,0,0,0,0,0,0,"","","","","",""
2294,Ujjani Dam Rain Gauge,Maharashtra SW,27,Maharashtra,496,Solapur,-,-,-,-,-,-,-,-,-,18.07402000,75.12002000,23-04-2024 05:00,0,0,0,0,0,0,0,0,0,0,0,0,0,0,0,0,0,0,0,0,0,0,0,0,0,0,0,0,0,0,0,0,0,0,0,0,0,0,0,0,0,0,0,0,"","","","","",""
2295,Ujjani Dam Rain Gauge,Maharashtra SW,27,Maharashtra,496,Solapur,-,-,-,-,-,-,-,-,-,18.07402000,75.12002000,23-04-2024 06:00,0,0,0,0,0,0,0,0,0,0,0,0,0,0,0,0,0,0,0,0,0,0,0,0,0,0,0,0,0,0,0,0,0,0,0,0,0,0,0,0,0,0,0,0,"","","","","",""
2296,Ujjani Dam Rain Gauge,Maharashtra SW,27,Maharashtra,496,Solapur,-,-,-,-,-,-,-,-,-,18.07402000,75.12002000,23-04-2024 07:00,0,0,0,0,0,0,0,0,0,0,0,0,0,0,0,0,0,0,0,0,0,0,0,0,0,0,0,0,0,0,0,0,0,0,0,0,0,0,0,0,0,0,0,0,"","","","","",""
2297,Ujjani Dam Rain Gauge,Maharashtra SW,27,Maharashtra,496,Solapur,-,-,-,-,-,-,-,-,-,18.07402000,75.12002000,23-04-2024 08:00,0,0,0,0,0,0,0,0,0,0,0,0,0,0,0,0,0,0,0,0,0,0,0,0,0,0,0,0,0,0,0,0,0,0,0,0,0,0,0,0,0,0,0,0,"","","","","",""
2298,Ujjani Dam Rain Gauge,Maharashtra SW,27,Maharashtra,496,Solapur,-,-,-,-,-,-,-,-,-,18.07402000,75.12002000,23-04-2024 09:00,0,0,0,0,0,0,0,0,0,0,0,0,0,0,0,0,0,0,0,0,0,0,0,0,0,0,0,0,0,0,0,0,0,0,0,0,0,0,0,0,0,0,0,0,"","","","","",""
2299,Ujjani Dam Rain Gauge,Maharashtra SW,27,Maharashtra,496,Solapur,-,-,-,-,-,-,-,-,-,18.07402000,75.12002000,23-04-2024 10:00,0,0,0,0,0,0,0,0,0,0,0,0,0,0,0,0,0,0,0,0,0,0,0,0,0,0,0,0,0,0,0,0,0,0,0,0,0,0,0,0,0,0,0,0,"","","","","",""
2300,Ujjani Dam Rain Gauge,Maharashtra SW,27,Maharashtra,496,Solapur,-,-,-,-,-,-,-,-,-,18.07402000,75.12002000,23-04-2024 11:00,0,0,0,0,0,0,0,0,0,0,0,0,0,0,0,0,0,0,0,0,0,0,0,0,0,0,0,0,0,0,0,0,0,0,0,0,0,0,0,0,0,0,0,0,"","","","","",""
2301,Ujjani Dam Rain Gauge,Maharashtra SW,27,Maharashtra,496,Solapur,-,-,-,-,-,-,-,-,-,18.07402000,75.12002000,23-04-2024 12:00,0,0,0,0,0,0,0,0,0,0,0,0,0,0,0,0,0,0,0,0,0,0,0,0,0,0,0,0,0,0,0,0,0,0,0,0,0,0,0,0,0,0,0,0,"","","","","",""
2302,Ujjani Dam Rain Gauge,Maharashtra SW,27,Maharashtra,496,Solapur,-,-,-,-,-,-,-,-,-,18.07402000,75.12002000,23-04-2024 13:00,0,0,0,0,0,0,0,0,0,0,0,0,0,0,0,0,0,0,0,0,0,0,0,0,0,0,0,0,0,0,0,0,0,0,0,0,0,0,0,0,0,0,0,0,"","","","","",""
2303,Ujjani Dam Rain Gauge,Maharashtra SW,27,Maharashtra,496,Solapur,-,-,-,-,-,-,-,-,-,18.07402000,75.12002000,23-04-2024 14:00,0,0,0,0,0,0,0,0,0,0,0,0,0,0,0,0,0,0,0,0,0,0,0,0,0,0,0,0,0,0,0,0,0,0,0,0,0,0,0,0,0,0,0,0,"","","","","",""
2304,Ujjani Dam Rain Gauge,Maharashtra SW,27,Maharashtra,496,Solapur,-,-,-,-,-,-,-,-,-,18.07402000,75.12002000,23-04-2024 15:00,0,0,0,0,0,0,0,0,0,0,0,0,0,0,0,0,0,0,0,0,0,0,0,0,0,0,0,0,0,0,0,0,0,0,0,0,0,0,0,0,0,0,0,0,"","","","","",""
2305,Ujjani Dam Rain Gauge,Maharashtra SW,27,Maharashtra,496,Solapur,-,-,-,-,-,-,-,-,-,18.07402000,75.12002000,23-04-2024 16:00,0,0,0,0,0,0,0,0,0,0,0,0,0,0,0,0,0,0,0,0,0,0,0,0,0,0,0,0,0,0,0,0,0,0,0,0,0,0,0,0,0,0,0,0,"","","","","",""
2306,Ujjani Dam Rain Gauge,Maharashtra SW,27,Maharashtra,496,Solapur,-,-,-,-,-,-,-,-,-,18.07402000,75.12002000,23-04-2024 17:00,0,0,0,0,0,0,0,0,0,0,0,0,0,0,0,0,0,0,0,0,0,0,0,0,0,0,0,0,0,0,0,0,0,0,0,0,0,0,0,0,0,0,0,0,"","","","","",""
2307,Ujjani Dam Rain Gauge,Maharashtra SW,27,Maharashtra,496,Solapur,-,-,-,-,-,-,-,-,-,18.07402000,75.12002000,23-04-2024 18:00,0,0,0,0,0,0,0,0,0,0,0,0,0,0,0,0,0,0,0,0,0,0,0,0,0,0,0,0,0,0,0,0,0,0,0,0,0,0,0,0,0,0,0,0,"","","","","",""
2308,Ujjani Dam Rain Gauge,Maharashtra SW,27,Maharashtra,496,Solapur,-,-,-,-,-,-,-,-,-,18.07402000,75.12002000,23-04-2024 19:00,0,0,0,0,0,0,0,0,0,0,0,0,0,0,0,0,0,0,0,0,0,0,0,0,0,0,0,0,0,0,0,0,0,0,0,0,0,0,0,0,0,0,0,0,"","","","","",""
2309,Ujjani Dam Rain Gauge,Maharashtra SW,27,Maharashtra,496,Solapur,-,-,-,-,-,-,-,-,-,18.07402000,75.12002000,23-04-2024 20:00,0,0,0,0,0,0,0,0,0,0,0,0,0,0,0,0,0,0,0,0,0,0,0,0,0,0,0,0,0,0,0,0,0,0,0,0,0,0,0,0,0,0,0,0,"","","","","",""
2310,Ujjani Dam Rain Gauge,Maharashtra SW,27,Maharashtra,496,Solapur,-,-,-,-,-,-,-,-,-,18.07402000,75.12002000,23-04-2024 21:00,0,0,0,0,0,0,0,0,0,0,0,0,0,0,0,0,0,0,0,0,0,0,0,0,0,0,0,0,0,0,0,0,0,0,0,0,0,0,0,0,0,0,0,0,"","","","","",""
2311,Ujjani Dam Rain Gauge,Maharashtra SW,27,Maharashtra,496,Solapur,-,-,-,-,-,-,-,-,-,18.07402000,75.12002000,24-04-2024 09:00,0,0,0,0,0,0,0,0,0,0,0,0,0,0,0,0,0,0,0,0,0,0,0,0,0,0,0,0,0,0,0,0,0,0,0,0,0,0,0,0,0,0,0,0,"","","","","",""
2312,Ujjani Dam Rain Gauge,Maharashtra SW,27,Maharashtra,496,Solapur,-,-,-,-,-,-,-,-,-,18.07402000,75.12002000,24-04-2024 10:00,0,0,0,0,0,0,0,0,0,0,0,0,0,0,0,0,0,0,0,0,0,0,0,0,0,0,0,0,0,0,0,0,0,0,0,0,0,0,0,0,0,0,0,0,"","","","","",""
2313,Ujjani Dam Rain Gauge,Maharashtra SW,27,Maharashtra,496,Solapur,-,-,-,-,-,-,-,-,-,18.07402000,75.12002000,24-04-2024 11:00,0,0,0,0,0,0,0,0,0,0,0,0,0,0,0,0,0,0,0,0,0,0,0,0,0,0,0,0,0,0,0,0,0,0,0,0,0,0,0,0,0,0,0,0,"","","","","",""
2314,Ujjani Dam Rain Gauge,Maharashtra SW,27,Maharashtra,496,Solapur,-,-,-,-,-,-,-,-,-,18.07402000,75.12002000,24-04-2024 12:00,0,0,0,0,0,0,0,0,0,0,0,0,0,0,0,0,0,0,0,0,0,0,0,0,0,0,0,0,0,0,0,0,0,0,0,0,0,0,0,0,0,0,0,0,"","","","","",""
2315,Ujjani Dam Rain Gauge,Maharashtra SW,27,Maharashtra,496,Solapur,-,-,-,-,-,-,-,-,-,18.07402000,75.12002000,25-04-2024 07:00,0,0,0,0,0,0,0,0,0,0,0,0,0,0,0,0,0,0,0,0,0,0,0,0,0,0,0,0,0,0,0,0,0,0,0,0,0,0,0,0,0,0,0,0,"","","","","",""
2316,Ujjani Dam Rain Gauge,Maharashtra SW,27,Maharashtra,496,Solapur,-,-,-,-,-,-,-,-,-,18.07402000,75.12002000,25-04-2024 08:00,0,0,0,0,0,0,0,0,0,0,0,0,0,0,0,0,0,0,0,0,0,0,0,0,0,0,0,0,0,0,0,0,0,0,0,0,0,0,0,0,0,0,0,0,"","","","","",""
2317,Ujjani Dam Rain Gauge,Maharashtra SW,27,Maharashtra,496,Solapur,-,-,-,-,-,-,-,-,-,18.07402000,75.12002000,25-04-2024 09:00,0,0,0,0,0,0,0,0,0,0,0,0,0,0,0,0,0,0,0,0,0,0,0,0,0,0,0,0,0,0,0,0,0,0,0,0,0,0,0,0,0,0,0,0,"","","","","",""
2318,Ujjani Dam Rain Gauge,Maharashtra SW,27,Maharashtra,496,Solapur,-,-,-,-,-,-,-,-,-,18.07402000,75.12002000,25-04-2024 11:00,0,0,0,0,0,0,0,0,0,0,0,0,0,0,0,0,0,0,0,0,0,0,0,0,0,0,0,0,0,0,0,0,0,0,0,0,0,0,0,0,0,0,0,0,"","","","","",""
2319,Ujjani Dam Rain Gauge,Maharashtra SW,27,Maharashtra,496,Solapur,-,-,-,-,-,-,-,-,-,18.07402000,75.12002000,25-04-2024 12:00,0,0,0,0,0,0,0,0,0,0,0,0,0,0,0,0,0,0,0,0,0,0,0,0,0,0,0,0,0,0,0,0,0,0,0,0,0,0,0,0,0,0,0,0,"","","","","",""
2320,Ujjani Dam Rain Gauge,Maharashtra SW,27,Maharashtra,496,Solapur,-,-,-,-,-,-,-,-,-,18.07402000,75.12002000,25-04-2024 13:00,0,0,0,0,0,0,0,0,0,0,0,0,0,0,0,0,0,0,0,0,0,0,0,0,0,0,0,0,0,0,0,0,0,0,0,0,0,0,0,0,0,0,0,0,"","","","","",""
2321,Ujjani Dam Rain Gauge,Maharashtra SW,27,Maharashtra,496,Solapur,-,-,-,-,-,-,-,-,-,18.07402000,75.12002000,25-04-2024 14:00,0,0,0,0,0,0,0,0,0,0,0,0,0,0,0,0,0,0,0,0,0,0,0,0,0,0,0,0,0,0,0,0,0,0,0,0,0,0,0,0,0,0,0,0,"","","","","",""
2322,Ujjani Dam Rain Gauge,Maharashtra SW,27,Maharashtra,496,Solapur,-,-,-,-,-,-,-,-,-,18.07402000,75.12002000,25-04-2024 15:00,0,0,0,0,0,0,0,0,0,0,0,0,0,0,0,0,0,0,0,0,0,0,0,0,0,0,0,0,0,0,0,0,0,0,0,0,0,0,0,0,0,0,0,0,"","","","","",""
2323,Ujjani Dam Rain Gauge,Maharashtra SW,27,Maharashtra,496,Solapur,-,-,-,-,-,-,-,-,-,18.07402000,75.12002000,25-04-2024 16:00,0,0,0,0,0,0,0,0,0,0,0,0,0,0,0,0,0,0,0,0,0,0,0,0,0,0,0,0,0,0,0,0,0,0,0,0,0,0,0,0,0,0,0,0,"","","","","",""
2324,Ujjani Dam Rain Gauge,Maharashtra SW,27,Maharashtra,496,Solapur,-,-,-,-,-,-,-,-,-,18.07402000,75.12002000,25-04-2024 17:00,0,0,0,0,0,0,0,0,0,0,0,0,0,0,0,0,0,0,0,0,0,0,0,0,0,0,0,0,0,0,0,0,0,0,0,0,0,0,0,0,0,0,0,0,"","","","","",""
2325,Ujjani Dam Rain Gauge,Maharashtra SW,27,Maharashtra,496,Solapur,-,-,-,-,-,-,-,-,-,18.07402000,75.12002000,25-04-2024 18:00,0,0,0,0,0,0,0,0,0,0,0,0,0,0,0,0,0,0,0,0,0,0,0,0,0,0,0,0,0,0,0,0,0,0,0,0,0,0,0,0,0,0,0,0,"","","","","",""
2326,Ujjani Dam Rain Gauge,Maharashtra SW,27,Maharashtra,496,Solapur,-,-,-,-,-,-,-,-,-,18.07402000,75.12002000,25-04-2024 19:00,0,0,0,0,0,0,0,0,0,0,0,0,0,0,0,0,0,0,0,0,0,0,0,0,0,0,0,0,0,0,0,0,0,0,0,0,0,0,0,0,0,0,0,0,"","","","","",""
2327,Ujjani Dam Rain Gauge,Maharashtra SW,27,Maharashtra,496,Solapur,-,-,-,-,-,-,-,-,-,18.07402000,75.12002000,25-04-2024 20:00,0,0,0,0,0,0,0,0,0,0,0,0,0,0,0,0,0,0,0,0,0,0,0,0,0,0,0,0,0,0,0,0,0,0,0,0,0,0,0,0,0,0,0,0,"","","","","",""
2328,Ujjani Dam Rain Gauge,Maharashtra SW,27,Maharashtra,496,Solapur,-,-,-,-,-,-,-,-,-,18.07402000,75.12002000,25-04-2024 21:00,0,0,0,0,0,0,0,0,0,0,0,0,0,0,0,0,0,0,0,0,0,0,0,0,0,0,0,0,0,0,0,0,0,0,0,0,0,0,0,0,0,0,0,0,"","","","","",""
2329,Ujjani Dam Rain Gauge,Maharashtra SW,27,Maharashtra,496,Solapur,-,-,-,-,-,-,-,-,-,18.07402000,75.12002000,25-04-2024 22:00,0,0,0,0,0,0,0,0,0,0,0,0,0,0,0,0,0,0,0,0,0,0,0,0,0,0,0,0,0,0,0,0,0,0,0,0,0,0,0,0,0,0,0,0,"","","","","",""
2330,Ujjani Dam Rain Gauge,Maharashtra SW,27,Maharashtra,496,Solapur,-,-,-,-,-,-,-,-,-,18.07402000,75.12002000,25-04-2024 23:00,0,0,0,0,0,0,0,0,0,0,0,0,0,0,0,0,0,0,0,0,0,0,0,0,0,0,0,0,0,0,0,0,0,0,0,0,0,0,0,0,0,0,0,0,"","","","","",""
2331,Ujjani Dam Rain Gauge,Maharashtra SW,27,Maharashtra,496,Solapur,-,-,-,-,-,-,-,-,-,18.07402000,75.12002000,26-04-2024 00:00,0,0,0,0,0,0,0,0,0,0,0,0,0,0,0,0,0,0,0,0,0,0,0,0,0,0,0,0,0,0,0,0,0,0,0,0,0,0,0,0,0,0,0,0,"","","","","",""
2332,Ujjani Dam Rain Gauge,Maharashtra SW,27,Maharashtra,496,Solapur,-,-,-,-,-,-,-,-,-,18.07402000,75.12002000,26-04-2024 01:00,0,0,0,0,0,0,0,0,0,0,0,0,0,0,0,0,0,0,0,0,0,0,0,0,0,0,0,0,0,0,0,0,0,0,0,0,0,0,0,0,0,0,0,0,"","","","","",""
2333,Ujjani Dam Rain Gauge,Maharashtra SW,27,Maharashtra,496,Solapur,-,-,-,-,-,-,-,-,-,18.07402000,75.12002000,26-04-2024 02:00,0,0,0,0,0,0,0,0,0,0,0,0,0,0,0,0,0,0,0,0,0,0,0,0,0,0,0,0,0,0,0,0,0,0,0,0,0,0,0,0,0,0,0,0,"","","","","",""
2334,Ujjani Dam Rain Gauge,Maharashtra SW,27,Maharashtra,496,Solapur,-,-,-,-,-,-,-,-,-,18.07402000,75.12002000,26-04-2024 03:00,0,0,0,0,0,0,0,0,0,0,0,0,0,0,0,0,0,0,0,0,0,0,0,0,0,0,0,0,0,0,0,0,0,0,0,0,0,0,0,0,0,0,0,0,"","","","","",""
2335,Ujjani Dam Rain Gauge,Maharashtra SW,27,Maharashtra,496,Solapur,-,-,-,-,-,-,-,-,-,18.07402000,75.12002000,26-04-2024 04:00,0,0,0,0,0,0,0,0,0,0,0,0,0,0,0,0,0,0,0,0,0,0,0,0,0,0,0,0,0,0,0,0,0,0,0,0,0,0,0,0,0,0,0,0,"","","","","",""
2336,Ujjani Dam Rain Gauge,Maharashtra SW,27,Maharashtra,496,Solapur,-,-,-,-,-,-,-,-,-,18.07402000,75.12002000,26-04-2024 05:00,0,0,0,0,0,0,0,0,0,0,0,0,0,0,0,0,0,0,0,0,0,0,0,0,0,0,0,0,0,0,0,0,0,0,0,0,0,0,0,0,0,0,0,0,"","","","","",""
2337,Ujjani Dam Rain Gauge,Maharashtra SW,27,Maharashtra,496,Solapur,-,-,-,-,-,-,-,-,-,18.07402000,75.12002000,26-04-2024 06:00,0,0,0,0,0,0,0,0,0,0,0,0,0,0,0,0,0,0,0,0,0,0,0,0,0,0,0,0,0,0,0,0,0,0,0,0,0,0,0,0,0,0,0,0,"","","","","",""
2338,Ujjani Dam Rain Gauge,Maharashtra SW,27,Maharashtra,496,Solapur,-,-,-,-,-,-,-,-,-,18.07402000,75.12002000,26-04-2024 07:00,0,0,0,0,0,0,0,0,0,0,0,0,0,0,0,0,0,0,0,0,0,0,0,0,0,0,0,0,0,0,0,0,0,0,0,0,0,0,0,0,0,0,0,0,"","","","","",""
2339,Ujjani Dam Rain Gauge,Maharashtra SW,27,Maharashtra,496,Solapur,-,-,-,-,-,-,-,-,-,18.07402000,75.12002000,26-04-2024 08:00,0,0,0,0,0,0,0,0,0,0,0,0,0,0,0,0,0,0,0,0,0,0,0,0,0,0,0,0,0,0,0,0,0,0,0,0,0,0,0,0,0,0,0,0,"","","","","",""
2340,Ujjani Dam Rain Gauge,Maharashtra SW,27,Maharashtra,496,Solapur,-,-,-,-,-,-,-,-,-,18.07402000,75.12002000,26-04-2024 09:00,0,0,0,0,0,0,0,0,0,0,0,0,0,0,0,0,0,0,0,0,0,0,0,0,0,0,0,0,0,0,0,0,0,0,0,0,0,0,0,0,0,0,0,0,"","","","","",""
2341,Ujjani Dam Rain Gauge,Maharashtra SW,27,Maharashtra,496,Solapur,-,-,-,-,-,-,-,-,-,18.07402000,75.12002000,26-04-2024 10:00,0,0,0,0,0,0,0,0,0,0,0,0,0,0,0,0,0,0,0,0,0,0,0,0,0,0,0,0,0,0,0,0,0,0,0,0,0,0,0,0,0,0,0,0,"","","","","",""
2342,Ujjani Dam Rain Gauge,Maharashtra SW,27,Maharashtra,496,Solapur,-,-,-,-,-,-,-,-,-,18.07402000,75.12002000,26-04-2024 11:00,0,0,0,0,0,0,0,0,0,0,0,0,0,0,0,0,0,0,0,0,0,0,0,0,0,0,0,0,0,0,0,0,0,0,0,0,0,0,0,0,0,0,0,0,"","","","","",""
2343,Ujjani Dam Rain Gauge,Maharashtra SW,27,Maharashtra,496,Solapur,-,-,-,-,-,-,-,-,-,18.07402000,75.12002000,26-04-2024 12:00,0,0,0,0,0,0,0,0,0,0,0,0,0,0,0,0,0,0,0,0,0,0,0,0,0,0,0,0,0,0,0,0,0,0,0,0,0,0,0,0,0,0,0,0,"","","","","",""
2344,Ujjani Dam Rain Gauge,Maharashtra SW,27,Maharashtra,496,Solapur,-,-,-,-,-,-,-,-,-,18.07402000,75.12002000,26-04-2024 13:00,0,0,0,0,0,0,0,0,0,0,0,0,0,0,0,0,0,0,0,0,0,0,0,0,0,0,0,0,0,0,0,0,0,0,0,0,0,0,0,0,0,0,0,0,"","","","","",""
2345,Ujjani Dam Rain Gauge,Maharashtra SW,27,Maharashtra,496,Solapur,-,-,-,-,-,-,-,-,-,18.07402000,75.12002000,26-04-2024 14:00,0,0,0,0,0,0,0,0,0,0,0,0,0,0,0,0,0,0,0,0,0,0,0,0,0,0,0,0,0,0,0,0,0,0,0,0,0,0,0,0,0,0,0,0,"","","","","",""
2346,Ujjani Dam Rain Gauge,Maharashtra SW,27,Maharashtra,496,Solapur,-,-,-,-,-,-,-,-,-,18.07402000,75.12002000,26-04-2024 15:00,0,0,0,0,0,0,0,0,0,0,0,0,0,0,0,0,0,0,0,0,0,0,0,0,0,0,0,0,0,0,0,0,0,0,0,0,0,0,0,0,0,0,0,0,"","","","","",""
2347,Ujjani Dam Rain Gauge,Maharashtra SW,27,Maharashtra,496,Solapur,-,-,-,-,-,-,-,-,-,18.07402000,75.12002000,26-04-2024 16:00,0,0,0,0,0,0,0,0,0,0,0,0,0,0,0,0,0,0,0,0,0,0,0,0,0,0,0,0,0,0,0,0,0,0,0,0,0,0,0,0,0,0,0,0,"","","","","",""
2348,Ujjani Dam Rain Gauge,Maharashtra SW,27,Maharashtra,496,Solapur,-,-,-,-,-,-,-,-,-,18.07402000,75.12002000,26-04-2024 17:00,0,0,0,0,0,0,0,0,0,0,0,0,0,0,0,0,0,0,0,0,0,0,0,0,0,0,0,0,0,0,0,0,0,0,0,0,0,0,0,0,0,0,0,0,"","","","","",""
2349,Ujjani Dam Rain Gauge,Maharashtra SW,27,Maharashtra,496,Solapur,-,-,-,-,-,-,-,-,-,18.07402000,75.12002000,26-04-2024 18:00,0,0,0,0,0,0,0,0,0,0,0,0,0,0,0,0,0,0,0,0,0,0,0,0,0,0,0,0,0,0,0,0,0,0,0,0,0,0,0,0,0,0,0,0,"","","","","",""
2350,Ujjani Dam Rain Gauge,Maharashtra SW,27,Maharashtra,496,Solapur,-,-,-,-,-,-,-,-,-,18.07402000,75.12002000,26-04-2024 20:00,0,0,0,0,0,0,0,0,0,0,0,0,0,0,0,0,0,0,0,0,0,0,0,0,0,0,0,0,0,0,0,0,0,0,0,0,0,0,0,0,0,0,0,0,"","","","","",""
2351,Ujjani Dam Rain Gauge,Maharashtra SW,27,Maharashtra,496,Solapur,-,-,-,-,-,-,-,-,-,18.07402000,75.12002000,26-04-2024 21:00,0,0,0,0,0,0,0,0,0,0,0,0,0,0,0,0,0,0,0,0,0,0,0,0,0,0,0,0,0,0,0,0,0,0,0,0,0,0,0,0,0,0,0,0,"","","","","",""
2352,Ujjani Dam Rain Gauge,Maharashtra SW,27,Maharashtra,496,Solapur,-,-,-,-,-,-,-,-,-,18.07402000,75.12002000,26-04-2024 22:00,0,0,0,0,0,0,0,0,0,0,0,0,0,0,0,0,0,0,0,0,0,0,0,0,0,0,0,0,0,0,0,0,0,0,0,0,0,0,0,0,0,0,0,0,"","","","","",""
2353,Ujjani Dam Rain Gauge,Maharashtra SW,27,Maharashtra,496,Solapur,-,-,-,-,-,-,-,-,-,18.07402000,75.12002000,26-04-2024 23:00,0,0,0,0,0,0,0,0,0,0,0,0,0,0,0,0,0,0,0,0,0,0,0,0,0,0,0,0,0,0,0,0,0,0,0,0,0,0,0,0,0,0,0,0,"","","","","",""
2354,Ujjani Dam Rain Gauge,Maharashtra SW,27,Maharashtra,496,Solapur,-,-,-,-,-,-,-,-,-,18.07402000,75.12002000,27-04-2024 00:00,0,0,0,0,0,0,0,0,0,0,0,0,0,0,0,0,0,0,0,0,0,0,0,0,0,0,0,0,0,0,0,0,0,0,0,0,0,0,0,0,0,0,0,0,"","","","","",""
2355,Ujjani Dam Rain Gauge,Maharashtra SW,27,Maharashtra,496,Solapur,-,-,-,-,-,-,-,-,-,18.07402000,75.12002000,27-04-2024 01:00,0,0,0,0,0,0,0,0,0,0,0,0,0,0,0,0,0,0,0,0,0,0,0,0,0,0,0,0,0,0,0,0,0,0,0,0,0,0,0,0,0,0,0,0,"","","","","",""
2356,Ujjani Dam Rain Gauge,Maharashtra SW,27,Maharashtra,496,Solapur,-,-,-,-,-,-,-,-,-,18.07402000,75.12002000,27-04-2024 02:00,0,0,0,0,0,0,0,0,0,0,0,0,0,0,0,0,0,0,0,0,0,0,0,0,0,0,0,0,0,0,0,0,0,0,0,0,0,0,0,0,0,0,0,0,"","","","","",""
2357,Ujjani Dam Rain Gauge,Maharashtra SW,27,Maharashtra,496,Solapur,-,-,-,-,-,-,-,-,-,18.07402000,75.12002000,27-04-2024 03:00,0,0,0,0,0,0,0,0,0,0,0,0,0,0,0,0,0,0,0,0,0,0,0,0,0,0,0,0,0,0,0,0,0,0,0,0,0,0,0,0,0,0,0,0,"","","","","",""
2358,Ujjani Dam Rain Gauge,Maharashtra SW,27,Maharashtra,496,Solapur,-,-,-,-,-,-,-,-,-,18.07402000,75.12002000,27-04-2024 04:00,0,0,0,0,0,0,0,0,0,0,0,0,0,0,0,0,0,0,0,0,0,0,0,0,0,0,0,0,0,0,0,0,0,0,0,0,0,0,0,0,0,0,0,0,"","","","","",""
2359,Ujjani Dam Rain Gauge,Maharashtra SW,27,Maharashtra,496,Solapur,-,-,-,-,-,-,-,-,-,18.07402000,75.12002000,27-04-2024 05:00,0,0,0,0,0,0,0,0,0,0,0,0,0,0,0,0,0,0,0,0,0,0,0,0,0,0,0,0,0,0,0,0,0,0,0,0,0,0,0,0,0,0,0,0,"","","","","",""
2360,Ujjani Dam Rain Gauge,Maharashtra SW,27,Maharashtra,496,Solapur,-,-,-,-,-,-,-,-,-,18.07402000,75.12002000,27-04-2024 06:00,0,0,0,0,0,0,0,0,0,0,0,0,0,0,0,0,0,0,0,0,0,0,0,0,0,0,0,0,0,0,0,0,0,0,0,0,0,0,0,0,0,0,0,0,"","","","","",""
2361,Ujjani Dam Rain Gauge,Maharashtra SW,27,Maharashtra,496,Solapur,-,-,-,-,-,-,-,-,-,18.07402000,75.12002000,27-04-2024 07:00,0,0,0,0,0,0,0,0,0,0,0,0,0,0,0,0,0,0,0,0,0,0,0,0,0,0,0,0,0,0,0,0,0,0,0,0,0,0,0,0,0,0,0,0,"","","","","",""
2362,Ujjani Dam Rain Gauge,Maharashtra SW,27,Maharashtra,496,Solapur,-,-,-,-,-,-,-,-,-,18.07402000,75.12002000,27-04-2024 08:00,0,0,0,0,0,0,0,0,0,0,0,0,0,0,0,0,0,0,0,0,0,0,0,0,0,0,0,0,0,0,0,0,0,0,0,0,0,0,0,0,0,0,0,0,"","","","","",""
2363,Ujjani Dam Rain Gauge,Maharashtra SW,27,Maharashtra,496,Solapur,-,-,-,-,-,-,-,-,-,18.07402000,75.12002000,03-05-2024 13:00,0,0,0,0,0,0,0,0,0,0,0,0,0,0,0,0,0,0,0,0,0,0,0,0,0,0,0,0,0,0,0,0,0,0,0,0,0,0,0,0,0,0,0,0,"","","","","",""
2364,Ujjani Dam Rain Gauge,Maharashtra SW,27,Maharashtra,496,Solapur,-,-,-,-,-,-,-,-,-,18.07402000,75.12002000,03-05-2024 14:00,0,0,0,0,0,0,0,0,0,0,0,0,0,0,0,0,0,0,0,0,0,0,0,0,0,0,0,0,0,0,0,0,0,0,0,0,0,0,0,0,0,0,0,0,"","","","","",""
2365,Ujjani Dam Rain Gauge,Maharashtra SW,27,Maharashtra,496,Solapur,-,-,-,-,-,-,-,-,-,18.07402000,75.12002000,03-05-2024 15:00,0,0,0,0,0,0,0,0,0,0,0,0,0,0,0,0,0,0,0,0,0,0,0,0,0,0,0,0,0,0,0,0,0,0,0,0,0,0,0,0,0,0,0,0,"","","","","",""
2366,Ujjani Dam Rain Gauge,Maharashtra SW,27,Maharashtra,496,Solapur,-,-,-,-,-,-,-,-,-,18.07402000,75.12002000,03-05-2024 16:00,0,0,0,0,0,0,0,0,0,0,0,0,0,0,0,0,0,0,0,0,0,0,0,0,0,0,0,0,0,0,0,0,0,0,0,0,0,0,0,0,0,0,0,0,"","","","","",""
2367,Ujjani Dam Rain Gauge,Maharashtra SW,27,Maharashtra,496,Solapur,-,-,-,-,-,-,-,-,-,18.07402000,75.12002000,03-05-2024 17:00,0,0,0,0,0,0,0,0,0,0,0,0,0,0,0,0,0,0,0,0,0,0,0,0,0,0,0,0,0,0,0,0,0,0,0,0,0,0,0,0,0,0,0,0,"","","","","",""
2368,Ujjani Dam Rain Gauge,Maharashtra SW,27,Maharashtra,496,Solapur,-,-,-,-,-,-,-,-,-,18.07402000,75.12002000,03-05-2024 18:00,0,0,0,0,0,0,0,0,0,0,0,0,0,0,0,0,0,0,0,0,0,0,0,0,0,0,0,0,0,0,0,0,0,0,0,0,0,0,0,0,0,0,0,0,"","","","","",""
2369,Ujjani Dam Rain Gauge,Maharashtra SW,27,Maharashtra,496,Solapur,-,-,-,-,-,-,-,-,-,18.07402000,75.12002000,03-05-2024 19:00,0,0,0,0,0,0,0,0,0,0,0,0,0,0,0,0,0,0,0,0,0,0,0,0,0,0,0,0,0,0,0,0,0,0,0,0,0,0,0,0,0,0,0,0,"","","","","",""
2370,Ujjani Dam Rain Gauge,Maharashtra SW,27,Maharashtra,496,Solapur,-,-,-,-,-,-,-,-,-,18.07402000,75.12002000,03-05-2024 20:00,0,0,0,0,0,0,0,0,0,0,0,0,0,0,0,0,0,0,0,0,0,0,0,0,0,0,0,0,0,0,0,0,0,0,0,0,0,0,0,0,0,0,0,0,"","","","","",""
2371,Ujjani Dam Rain Gauge,Maharashtra SW,27,Maharashtra,496,Solapur,-,-,-,-,-,-,-,-,-,18.07402000,75.12002000,03-05-2024 21:00,0,0,0,0,0,0,0,0,0,0,0,0,0,0,0,0,0,0,0,0,0,0,0,0,0,0,0,0,0,0,0,0,0,0,0,0,0,0,0,0,0,0,0,0,"","","","","",""
2372,Ujjani Dam Rain Gauge,Maharashtra SW,27,Maharashtra,496,Solapur,-,-,-,-,-,-,-,-,-,18.07402000,75.12002000,03-05-2024 22:00,0,0,0,0,0,0,0,0,0,0,0,0,0,0,0,0,0,0,0,0,0,0,0,0,0,0,0,0,0,0,0,0,0,0,0,0,0,0,0,0,0,0,0,0,"","","","","",""
2373,Ujjani Dam Rain Gauge,Maharashtra SW,27,Maharashtra,496,Solapur,-,-,-,-,-,-,-,-,-,18.07402000,75.12002000,03-05-2024 23:00,0,0,0,0,0,0,0,0,0,0,0,0,0,0,0,0,0,0,0,0,0,0,0,0,0,0,0,0,0,0,0,0,0,0,0,0,0,0,0,0,0,0,0,0,"","","","","",""
2374,Ujjani Dam Rain Gauge,Maharashtra SW,27,Maharashtra,496,Solapur,-,-,-,-,-,-,-,-,-,18.07402000,75.12002000,04-05-2024 00:00,0,0,0,0,0,0,0,0,0,0,0,0,0,0,0,0,0,0,0,0,0,0,0,0,0,0,0,0,0,0,0,0,0,0,0,0,0,0,0,0,0,0,0,0,"","","","","",""
2375,Ujjani Dam Rain Gauge,Maharashtra SW,27,Maharashtra,496,Solapur,-,-,-,-,-,-,-,-,-,18.07402000,75.12002000,04-05-2024 01:00,0,0,0,0,0,0,0,0,0,0,0,0,0,0,0,0,0,0,0,0,0,0,0,0,0,0,0,0,0,0,0,0,0,0,0,0,0,0,0,0,0,0,0,0,"","","","","",""
2376,Ujjani Dam Rain Gauge,Maharashtra SW,27,Maharashtra,496,Solapur,-,-,-,-,-,-,-,-,-,18.07402000,75.12002000,04-05-2024 02:00,0,0,0,0,0,0,0,0,0,0,0,0,0,0,0,0,0,0,0,0,0,0,0,0,0,0,0,0,0,0,0,0,0,0,0,0,0,0,0,0,0,0,0,0,"","","","","",""
2377,Ujjani Dam Rain Gauge,Maharashtra SW,27,Maharashtra,496,Solapur,-,-,-,-,-,-,-,-,-,18.07402000,75.12002000,04-05-2024 03:00,0,0,0,0,0,0,0,0,0,0,0,0,0,0,0,0,0,0,0,0,0,0,0,0,0,0,0,0,0,0,0,0,0,0,0,0,0,0,0,0,0,0,0,0,"","","","","",""
2378,Ujjani Dam Rain Gauge,Maharashtra SW,27,Maharashtra,496,Solapur,-,-,-,-,-,-,-,-,-,18.07402000,75.12002000,04-05-2024 04:00,0,0,0,0,0,0,0,0,0,0,0,0,0,0,0,0,0,0,0,0,0,0,0,0,0,0,0,0,0,0,0,0,0,0,0,0,0,0,0,0,0,0,0,0,"","","","","",""
2379,Ujjani Dam Rain Gauge,Maharashtra SW,27,Maharashtra,496,Solapur,-,-,-,-,-,-,-,-,-,18.07402000,75.12002000,04-05-2024 05:00,0,0,0,0,0,0,0,0,0,0,0,0,0,0,0,0,0,0,0,0,0,0,0,0,0,0,0,0,0,0,0,0,0,0,0,0,0,0,0,0,0,0,0,0,"","","","","",""
2380,Ujjani Dam Rain Gauge,Maharashtra SW,27,Maharashtra,496,Solapur,-,-,-,-,-,-,-,-,-,18.07402000,75.12002000,04-05-2024 06:00,0,0,0,0,0,0,0,0,0,0,0,0,0,0,0,0,0,0,0,0,0,0,0,0,0,0,0,0,0,0,0,0,0,0,0,0,0,0,0,0,0,0,0,0,"","","","","",""
2381,Ujjani Dam Rain Gauge,Maharashtra SW,27,Maharashtra,496,Solapur,-,-,-,-,-,-,-,-,-,18.07402000,75.12002000,04-05-2024 07:00,0,0,0,0,0,0,0,0,0,0,0,0,0,0,0,0,0,0,0,0,0,0,0,0,0,0,0,0,0,0,0,0,0,0,0,0,0,0,0,0,0,0,0,0,"","","","","",""
2382,Ujjani Dam Rain Gauge,Maharashtra SW,27,Maharashtra,496,Solapur,-,-,-,-,-,-,-,-,-,18.07402000,75.12002000,04-05-2024 08:00,0,0,0,0,0,0,0,0,0,0,0,0,0,0,0,0,0,0,0,0,0,0,0,0,0,0,0,0,0,0,0,0,0,0,0,0,0,0,0,0,0,0,0,0,"","","","","",""
2383,Ujjani Dam Rain Gauge,Maharashtra SW,27,Maharashtra,496,Solapur,-,-,-,-,-,-,-,-,-,18.07402000,75.12002000,04-05-2024 09:00,0,0,0,0,0,0,0,0,0,0,0,0,0,0,0,0,0,0,0,0,0,0,0,0,0,0,0,0,0,0,0,0,0,0,0,0,0,0,0,0,0,0,0,0,"","","","","",""
2384,Ujjani Dam Rain Gauge,Maharashtra SW,27,Maharashtra,496,Solapur,-,-,-,-,-,-,-,-,-,18.07402000,75.12002000,04-05-2024 10:00,0,0,0,0,0,0,0,0,0,0,0,0,0,0,0,0,0,0,0,0,0,0,0,0,0,0,0,0,0,0,0,0,0,0,0,0,0,0,0,0,0,0,0,0,"","","","","",""
2385,Ujjani Dam Rain Gauge,Maharashtra SW,27,Maharashtra,496,Solapur,-,-,-,-,-,-,-,-,-,18.07402000,75.12002000,04-05-2024 11:00,0,0,0,0,0,0,0,0,0,0,0,0,0,0,0,0,0,0,0,0,0,0,0,0,0,0,0,0,0,0,0,0,0,0,0,0,0,0,0,0,0,0,0,0,"","","","","",""
2386,Ujjani Dam Rain Gauge,Maharashtra SW,27,Maharashtra,496,Solapur,-,-,-,-,-,-,-,-,-,18.07402000,75.12002000,04-05-2024 13:00,0,0,0,0,0,0,0,0,0,0,0,0,0,0,0,0,0,0,0,0,0,0,0,0,0,0,0,0,0,0,0,0,0,0,0,0,0,0,0,0,0,0,0,0,"","","","","",""
2387,Ujjani Dam Rain Gauge,Maharashtra SW,27,Maharashtra,496,Solapur,-,-,-,-,-,-,-,-,-,18.07402000,75.12002000,04-05-2024 14:00,0,0,0,0,0,0,0,0,0,0,0,0,0,0,0,0,0,0,0,0,0,0,0,0,0,0,0,0,0,0,0,0,0,0,0,0,0,0,0,0,0,0,0,0,"","","","","",""
2388,Ujjani Dam Rain Gauge,Maharashtra SW,27,Maharashtra,496,Solapur,-,-,-,-,-,-,-,-,-,18.07402000,75.12002000,04-05-2024 15:00,0,0,0,0,0,0,0,0,0,0,0,0,0,0,0,0,0,0,0,0,0,0,0,0,0,0,0,0,0,0,0,0,0,0,0,0,0,0,0,0,0,0,0,0,"","","","","",""
2389,Ujjani Dam Rain Gauge,Maharashtra SW,27,Maharashtra,496,Solapur,-,-,-,-,-,-,-,-,-,18.07402000,75.12002000,04-05-2024 16:00,0,0,0,0,0,0,0,0,0,0,0,0,0,0,0,0,0,0,0,0,0,0,0,0,0,0,0,0,0,0,0,0,0,0,0,0,0,0,0,0,0,0,0,0,"","","","","",""
2390,Ujjani Dam Rain Gauge,Maharashtra SW,27,Maharashtra,496,Solapur,-,-,-,-,-,-,-,-,-,18.07402000,75.12002000,04-05-2024 17:00,0,0,0,0,0,0,0,0,0,0,0,0,0,0,0,0,0,0,0,0,0,0,0,0,0,0,0,0,0,0,0,0,0,0,0,0,0,0,0,0,0,0,0,0,"","","","","",""
2391,Ujjani Dam Rain Gauge,Maharashtra SW,27,Maharashtra,496,Solapur,-,-,-,-,-,-,-,-,-,18.07402000,75.12002000,04-05-2024 18:00,0,0,0,0,0,0,0,0,0,0,0,0,0,0,0,0,0,0,0,0,0,0,0,0,0,0,0,0,0,0,0,0,0,0,0,0,0,0,0,0,0,0,0,0,"","","","","",""
2392,Ujjani Dam Rain Gauge,Maharashtra SW,27,Maharashtra,496,Solapur,-,-,-,-,-,-,-,-,-,18.07402000,75.12002000,04-05-2024 19:00,0,0,0,0,0,0,0,0,0,0,0,0,0,0,0,0,0,0,0,0,0,0,0,0,0,0,0,0,0,0,0,0,0,0,0,0,0,0,0,0,0,0,0,0,"","","","","",""
2393,Ujjani Dam Rain Gauge,Maharashtra SW,27,Maharashtra,496,Solapur,-,-,-,-,-,-,-,-,-,18.07402000,75.12002000,06-05-2024 14:00,0,0,0,0,0,0,0,0,0,0,0,0,0,0,0,0,0,0,0,0,0,0,0,0,0,0,0,0,0,0,0,0,0,0,0,0,0,0,0,0,0,0,0,0,"","","","","",""
2394,Ujjani Dam Rain Gauge,Maharashtra SW,27,Maharashtra,496,Solapur,-,-,-,-,-,-,-,-,-,18.07402000,75.12002000,06-05-2024 17:00,0,0,0,0,0,0,0,0,0,0,0,0,0,0,0,0,0,0,0,0,0,0,0,0,0,0,0,0,0,0,0,0,0,0,0,0,0,0,0,0,0,0,0,0,"","","","","",""
2395,Ujjani Dam Rain Gauge,Maharashtra SW,27,Maharashtra,496,Solapur,-,-,-,-,-,-,-,-,-,18.07402000,75.12002000,06-05-2024 18:00,0,0,0,0,0,0,0,0,0,0,0,0,0,0,0,0,0,0,0,0,0,0,0,0,0,0,0,0,0,0,0,0,0,0,0,0,0,0,0,0,0,0,0,0,"","","","","",""
2396,Ujjani Dam Rain Gauge,Maharashtra SW,27,Maharashtra,496,Solapur,-,-,-,-,-,-,-,-,-,18.07402000,75.12002000,06-05-2024 19:00,0,0,0,0,0,0,0,0,0,0,0,0,0,0,0,0,0,0,0,0,0,0,0,0,0,0,0,0,0,0,0,0,0,0,0,0,0,0,0,0,0,0,0,0,"","","","","",""
2397,Ujjani Dam Rain Gauge,Maharashtra SW,27,Maharashtra,496,Solapur,-,-,-,-,-,-,-,-,-,18.07402000,75.12002000,06-05-2024 20:00,0,0,0,0,0,0,0,0,0,0,0,0,0,0,0,0,0,0,0,0,0,0,0,0,0,0,0,0,0,0,0,0,0,0,0,0,0,0,0,0,0,0,0,0,"","","","","",""
2398,Ujjani Dam Rain Gauge,Maharashtra SW,27,Maharashtra,496,Solapur,-,-,-,-,-,-,-,-,-,18.07402000,75.12002000,06-05-2024 21:00,0,0,0,0,0,0,0,0,0,0,0,0,0,0,0,0,0,0,0,0,0,0,0,0,0,0,0,0,0,0,0,0,0,0,0,0,0,0,0,0,0,0,0,0,"","","","","",""
2399,Ujjani Dam Rain Gauge,Maharashtra SW,27,Maharashtra,496,Solapur,-,-,-,-,-,-,-,-,-,18.07402000,75.12002000,06-05-2024 22:00,0,0,0,0,0,0,0,0,0,0,0,0,0,0,0,0,0,0,0,0,0,0,0,0,0,0,0,0,0,0,0,0,0,0,0,0,0,0,0,0,0,0,0,0,"","","","","",""
2400,Ujjani Dam Rain Gauge,Maharashtra SW,27,Maharashtra,496,Solapur,-,-,-,-,-,-,-,-,-,18.07402000,75.12002000,06-05-2024 23:00,0,0,0,0,0,0,0,0,0,0,0,0,0,0,0,0,0,0,0,0,0,0,0,0,0,0,0,0,0,0,0,0,0,0,0,0,0,0,0,0,0,0,0,0,"","","","","",""
2401,Ujjani Dam Rain Gauge,Maharashtra SW,27,Maharashtra,496,Solapur,-,-,-,-,-,-,-,-,-,18.07402000,75.12002000,07-05-2024 00:00,0,0,0,0,0,0,0,0,0,0,0,0,0,0,0,0,0,0,0,0,0,0,0,0,0,0,0,0,0,0,0,0,0,0,0,0,0,0,0,0,0,0,0,0,"","","","","",""
2402,Ujjani Dam Rain Gauge,Maharashtra SW,27,Maharashtra,496,Solapur,-,-,-,-,-,-,-,-,-,18.07402000,75.12002000,07-05-2024 01:00,0,0,0,0,0,0,0,0,0,0,0,0,0,0,0,0,0,0,0,0,0,0,0,0,0,0,0,0,0,0,0,0,0,0,0,0,0,0,0,0,0,0,0,0,"","","","","",""
2403,Ujjani Dam Rain Gauge,Maharashtra SW,27,Maharashtra,496,Solapur,-,-,-,-,-,-,-,-,-,18.07402000,75.12002000,07-05-2024 02:00,0,0,0,0,0,0,0,0,0,0,0,0,0,0,0,0,0,0,0,0,0,0,0,0,0,0,0,0,0,0,0,0,0,0,0,0,0,0,0,0,0,0,0,0,"","","","","",""
2404,Ujjani Dam Rain Gauge,Maharashtra SW,27,Maharashtra,496,Solapur,-,-,-,-,-,-,-,-,-,18.07402000,75.12002000,07-05-2024 03:00,0,0,0,0,0,0,0,0,0,0,0,0,0,0,0,0,0,0,0,0,0,0,0,0,0,0,0,0,0,0,0,0,0,0,0,0,0,0,0,0,0,0,0,0,"","","","","",""
2405,Ujjani Dam Rain Gauge,Maharashtra SW,27,Maharashtra,496,Solapur,-,-,-,-,-,-,-,-,-,18.07402000,75.12002000,07-05-2024 04:00,0,0,0,0,0,0,0,0,0,0,0,0,0,0,0,0,0,0,0,0,0,0,0,0,0,0,0,0,0,0,0,0,0,0,0,0,0,0,0,0,0,0,0,0,"","","","","",""
2406,Ujjani Dam Rain Gauge,Maharashtra SW,27,Maharashtra,496,Solapur,-,-,-,-,-,-,-,-,-,18.07402000,75.12002000,07-05-2024 05:00,0,0,0,0,0,0,0,0,0,0,0,0,0,0,0,0,0,0,0,0,0,0,0,0,0,0,0,0,0,0,0,0,0,0,0,0,0,0,0,0,0,0,0,0,"","","","","",""
2407,Ujjani Dam Rain Gauge,Maharashtra SW,27,Maharashtra,496,Solapur,-,-,-,-,-,-,-,-,-,18.07402000,75.12002000,07-05-2024 06:00,0,0,0,0,0,0,0,0,0,0,0,0,0,0,0,0,0,0,0,0,0,0,0,0,0,0,0,0,0,0,0,0,0,0,0,0,0,0,0,0,0,0,0,0,"","","","","",""
2408,Ujjani Dam Rain Gauge,Maharashtra SW,27,Maharashtra,496,Solapur,-,-,-,-,-,-,-,-,-,18.07402000,75.12002000,07-05-2024 07:00,0,0,0,0,0,0,0,0,0,0,0,0,0,0,0,0,0,0,0,0,0,0,0,0,0,0,0,0,0,0,0,0,0,0,0,0,0,0,0,0,0,0,0,0,"","","","","",""
2409,Ujjani Dam Rain Gauge,Maharashtra SW,27,Maharashtra,496,Solapur,-,-,-,-,-,-,-,-,-,18.07402000,75.12002000,07-05-2024 08:00,0,0,0,0,0,0,0,0,0,0,0,0,0,0,0,0,0,0,0,0,0,0,0,0,0,0,0,0,0,0,0,0,0,0,0,0,0,0,0,0,0,0,0,0,"","","","","",""
2410,Ujjani Dam Rain Gauge,Maharashtra SW,27,Maharashtra,496,Solapur,-,-,-,-,-,-,-,-,-,18.07402000,75.12002000,07-05-2024 09:00,0,0,0,0,0,0,0,0,0,0,0,0,0,0,0,0,0,0,0,0,0,0,0,0,0,0,0,0,0,0,0,0,0,0,0,0,0,0,0,0,0,0,0,0,"","","","","",""
2411,Ujjani Dam Rain Gauge,Maharashtra SW,27,Maharashtra,496,Solapur,-,-,-,-,-,-,-,-,-,18.07402000,75.12002000,07-05-2024 10:00,0,0,0,0,0,0,0,0,0,0,0,0,0,0,0,0,0,0,0,0,0,0,0,0,0,0,0,0,0,0,0,0,0,0,0,0,0,0,0,0,0,0,0,0,"","","","","",""
2412,Ujjani Dam Rain Gauge,Maharashtra SW,27,Maharashtra,496,Solapur,-,-,-,-,-,-,-,-,-,18.07402000,75.12002000,07-05-2024 11:00,0,0,0,0,0,0,0,0,0,0,0,0,0,0,0,0,0,0,0,0,0,0,0,0,0,0,0,0,0,0,0,0,0,0,0,0,0,0,0,0,0,0,0,0,"","","","","",""
2413,Ujjani Dam Rain Gauge,Maharashtra SW,27,Maharashtra,496,Solapur,-,-,-,-,-,-,-,-,-,18.07402000,75.12002000,07-05-2024 12:00,0,0,0,0,0,0,0,0,0,0,0,0,0,0,0,0,0,0,0,0,0,0,0,0,0,0,0,0,0,0,0,0,0,0,0,0,0,0,0,0,0,0,0,0,"","","","","",""
2414,Ujjani Dam Rain Gauge,Maharashtra SW,27,Maharashtra,496,Solapur,-,-,-,-,-,-,-,-,-,18.07402000,75.12002000,07-05-2024 13:00,0,0,0,0,0,0,0,0,0,0,0,0,0,0,0,0,0,0,0,0,0,0,0,0,0,0,0,0,0,0,0,0,0,0,0,0,0,0,0,0,0,0,0,0,"","","","","",""
2415,Ujjani Dam Rain Gauge,Maharashtra SW,27,Maharashtra,496,Solapur,-,-,-,-,-,-,-,-,-,18.07402000,75.12002000,07-05-2024 14:00,0,0,0,0,0,0,0,0,0,0,0,0,0,0,0,0,0,0,0,0,0,0,0,0,0,0,0,0,0,0,0,0,0,0,0,0,0,0,0,0,0,0,0,0,"","","","","",""
2416,Ujjani Dam Rain Gauge,Maharashtra SW,27,Maharashtra,496,Solapur,-,-,-,-,-,-,-,-,-,18.07402000,75.12002000,07-05-2024 15:00,0,0,0,0,0,0,0,0,0,0,0,0,0,0,0,0,0,0,0,0,0,0,0,0,0,0,0,0,0,0,0,0,0,0,0,0,0,0,0,0,0,0,0,0,"","","","","",""
2417,Ujjani Dam Rain Gauge,Maharashtra SW,27,Maharashtra,496,Solapur,-,-,-,-,-,-,-,-,-,18.07402000,75.12002000,07-05-2024 16:00,0,0,0,0,0,0,0,0,0,0,0,0,0,0,0,0,0,0,0,0,0,0,0,0,0,0,0,0,0,0,0,0,0,0,0,0,0,0,0,0,0,0,0,0,"","","","","",""
2418,Ujjani Dam Rain Gauge,Maharashtra SW,27,Maharashtra,496,Solapur,-,-,-,-,-,-,-,-,-,18.07402000,75.12002000,07-05-2024 17:00,0,0,0,0,0,0,0,0,0,0,0,0,0,0,0,0,0,0,0,0,0,0,0,0,0,0,0,0,0,0,0,0,0,0,0,0,0,0,0,0,0,0,0,0,"","","","","",""
2419,Ujjani Dam Rain Gauge,Maharashtra SW,27,Maharashtra,496,Solapur,-,-,-,-,-,-,-,-,-,18.07402000,75.12002000,07-05-2024 18:00,0,0,0,0,0,0,0,0,0,0,0,0,0,0,0,0,0,0,0,0,0,0,0,0,0,0,0,0,0,0,0,0,0,0,0,0,0,0,0,0,0,0,0,0,"","","","","",""
2420,Ujjani Dam Rain Gauge,Maharashtra SW,27,Maharashtra,496,Solapur,-,-,-,-,-,-,-,-,-,18.07402000,75.12002000,07-05-2024 20:00,0,0,0,0,0,0,0,0,0,0,0,0,0,0,0,0,0,0,0,0,0,0,0,0,0,0,0,0,0,0,0,0,0,0,0,0,0,0,0,0,0,0,0,0,"","","","","",""
2421,Ujjani Dam Rain Gauge,Maharashtra SW,27,Maharashtra,496,Solapur,-,-,-,-,-,-,-,-,-,18.07402000,75.12002000,07-05-2024 21:00,0,0,0,0,0,0,0,0,0,0,0,0,0,0,0,0,0,0,0,0,0,0,0,0,0,0,0,0,0,0,0,0,0,0,0,0,0,0,0,0,0,0,0,0,"","","","","",""
2422,Ujjani Dam Rain Gauge,Maharashtra SW,27,Maharashtra,496,Solapur,-,-,-,-,-,-,-,-,-,18.07402000,75.12002000,07-05-2024 22:00,0,0,0,0,0,0,0,0,0,0,0,0,0,0,0,0,0,0,0,0,0,0,0,0,0,0,0,0,0,0,0,0,0,0,0,0,0,0,0,0,0,0,0,0,"","","","","",""
2423,Ujjani Dam Rain Gauge,Maharashtra SW,27,Maharashtra,496,Solapur,-,-,-,-,-,-,-,-,-,18.07402000,75.12002000,07-05-2024 23:00,0,0,0,0,0,0,0,0,0,0,0,0,0,0,0,0,0,0,0,0,0,0,0,0,0,0,0,0,0,0,0,0,0,0,0,0,0,0,0,0,0,0,0,0,"","","","","",""
2424,Ujjani Dam Rain Gauge,Maharashtra SW,27,Maharashtra,496,Solapur,-,-,-,-,-,-,-,-,-,18.07402000,75.12002000,08-05-2024 00:00,0,0,0,0,0,0,0,0,0,0,0,0,0,0,0,0,0,0,0,0,0,0,0,0,0,0,0,0,0,0,0,0,0,0,0,0,0,0,0,0,0,0,0,0,"","","","","",""
2425,Ujjani Dam Rain Gauge,Maharashtra SW,27,Maharashtra,496,Solapur,-,-,-,-,-,-,-,-,-,18.07402000,75.12002000,08-05-2024 01:00,0,0,0,0,0,0,0,0,0,0,0,0,0,0,0,0,0,0,0,0,0,0,0,0,0,0,0,0,0,0,0,0,0,0,0,0,0,0,0,0,0,0,0,0,"","","","","",""
2426,Ujjani Dam Rain Gauge,Maharashtra SW,27,Maharashtra,496,Solapur,-,-,-,-,-,-,-,-,-,18.07402000,75.12002000,08-05-2024 02:00,0,0,0,0,0,0,0,0,0,0,0,0,0,0,0,0,0,0,0,0,0,0,0,0,0,0,0,0,0,0,0,0,0,0,0,0,0,0,0,0,0,0,0,0,"","","","","",""
2427,Ujjani Dam Rain Gauge,Maharashtra SW,27,Maharashtra,496,Solapur,-,-,-,-,-,-,-,-,-,18.07402000,75.12002000,08-05-2024 03:00,0,0,0,0,0,0,0,0,0,0,0,0,0,0,0,0,0,0,0,0,0,0,0,0,0,0,0,0,0,0,0,0,0,0,0,0,0,0,0,0,0,0,0,0,"","","","","",""
2428,Ujjani Dam Rain Gauge,Maharashtra SW,27,Maharashtra,496,Solapur,-,-,-,-,-,-,-,-,-,18.07402000,75.12002000,08-05-2024 04:00,0,0,0,0,0,0,0,0,0,0,0,0,0,0,0,0,0,0,0,0,0,0,0,0,0,0,0,0,0,0,0,0,0,0,0,0,0,0,0,0,0,0,0,0,"","","","","",""
2429,Ujjani Dam Rain Gauge,Maharashtra SW,27,Maharashtra,496,Solapur,-,-,-,-,-,-,-,-,-,18.07402000,75.12002000,08-05-2024 05:00,0,0,0,0,0,0,0,0,0,0,0,0,0,0,0,0,0,0,0,0,0,0,0,0,0,0,0,0,0,0,0,0,0,0,0,0,0,0,0,0,0,0,0,0,"","","","","",""
2430,Ujjani Dam Rain Gauge,Maharashtra SW,27,Maharashtra,496,Solapur,-,-,-,-,-,-,-,-,-,18.07402000,75.12002000,08-05-2024 06:00,0,0,0,0,0,0,0,0,0,0,0,0,0,0,0,0,0,0,0,0,0,0,0,0,0,0,0,0,0,0,0,0,0,0,0,0,0,0,0,0,0,0,0,0,"","","","","",""
2431,Ujjani Dam Rain Gauge,Maharashtra SW,27,Maharashtra,496,Solapur,-,-,-,-,-,-,-,-,-,18.07402000,75.12002000,08-05-2024 07:00,0,0,0,0,0,0,0,0,0,0,0,0,0,0,0,0,0,0,0,0,0,0,0,0,0,0,0,0,0,0,0,0,0,0,0,0,0,0,0,0,0,0,0,0,"","","","","",""
2432,Ujjani Dam Rain Gauge,Maharashtra SW,27,Maharashtra,496,Solapur,-,-,-,-,-,-,-,-,-,18.07402000,75.12002000,08-05-2024 08:00,0,0,0,0,0,0,0,0,0,0,0,0,0,0,0,0,0,0,0,0,0,0,0,0,0,0,0,0,0,0,0,0,0,0,0,0,0,0,0,0,0,0,0,0,"","","","","",""
2433,Ujjani Dam Rain Gauge,Maharashtra SW,27,Maharashtra,496,Solapur,-,-,-,-,-,-,-,-,-,18.07402000,75.12002000,08-05-2024 09:00,0,0,0,0,0,0,0,0,0,0,0,0,0,0,0,0,0,0,0,0,0,0,0,0,0,0,0,0,0,0,0,0,0,0,0,0,0,0,0,0,0,0,0,0,"","","","","",""
2434,Ujjani Dam Rain Gauge,Maharashtra SW,27,Maharashtra,496,Solapur,-,-,-,-,-,-,-,-,-,18.07402000,75.12002000,08-05-2024 10:00,0,0,0,0,0,0,0,0,0,0,0,0,0,0,0,0,0,0,0,0,0,0,0,0,0,0,0,0,0,0,0,0,0,0,0,0,0,0,0,0,0,0,0,0,"","","","","",""
2435,Ujjani Dam Rain Gauge,Maharashtra SW,27,Maharashtra,496,Solapur,-,-,-,-,-,-,-,-,-,18.07402000,75.12002000,08-05-2024 11:00,0,0,0,0,0,0,0,0,0,0,0,0,0,0,0,0,0,0,0,0,0,0,0,0,0,0,0,0,0,0,0,0,0,0,0,0,0,0,0,0,0,0,0,0,"","","","","",""
2436,Ujjani Dam Rain Gauge,Maharashtra SW,27,Maharashtra,496,Solapur,-,-,-,-,-,-,-,-,-,18.07402000,75.12002000,08-05-2024 12:00,0,0,0,0,0,0,0,0,0,0,0,0,0,0,0,0,0,0,0,0,0,0,0,0,0,0,0,0,0,0,0,0,0,0,0,0,0,0,0,0,0,0,0,0,"","","","","",""
2437,Ujjani Dam Rain Gauge,Maharashtra SW,27,Maharashtra,496,Solapur,-,-,-,-,-,-,-,-,-,18.07402000,75.12002000,08-05-2024 13:00,0,0,0,0,0,0,0,0,0,0,0,0,0,0,0,0,0,0,0,0,0,0,0,0,0,0,0,0,0,0,0,0,0,0,0,0,0,0,0,0,0,0,0,0,"","","","","",""
2438,Ujjani Dam Rain Gauge,Maharashtra SW,27,Maharashtra,496,Solapur,-,-,-,-,-,-,-,-,-,18.07402000,75.12002000,08-05-2024 15:00,0,0,0,0,0,0,0,0,0,0,0,0,0,0,0,0,0,0,0,0,0,0,0,0,0,0,0,0,0,0,0,0,0,0,0,0,0,0,0,0,0,0,0,0,"","","","","",""
2439,Ujjani Dam Rain Gauge,Maharashtra SW,27,Maharashtra,496,Solapur,-,-,-,-,-,-,-,-,-,18.07402000,75.12002000,08-05-2024 16:00,0,0,0,0,0,0,0,0,0,0,0,0,0,0,0,0,0,0,0,0,0,0,0,0,0,0,0,0,0,0,0,0,0,0,0,0,0,0,0,0,0,0,0,0,"","","","","",""
2440,Ujjani Dam Rain Gauge,Maharashtra SW,27,Maharashtra,496,Solapur,-,-,-,-,-,-,-,-,-,18.07402000,75.12002000,08-05-2024 17:00,0,0,0,0,0,0,0,0,0,0,0,0,0,0,0,0,0,0,0,0,0,0,0,0,0,0,0,0,0,0,0,0,0,0,0,0,0,0,0,0,0,0,0,0,"","","","","",""
2441,Ujjani Dam Rain Gauge,Maharashtra SW,27,Maharashtra,496,Solapur,-,-,-,-,-,-,-,-,-,18.07402000,75.12002000,08-05-2024 18:00,0,0,0,0,0,0,0,0,0,0,0,0,0,0,0,0,0,0,0,0,0,0,0,0,0,0,0,0,0,0,0,0,0,0,0,0,0,0,0,0,0,0,0,0,"","","","","",""
2442,Ujjani Dam Rain Gauge,Maharashtra SW,27,Maharashtra,496,Solapur,-,-,-,-,-,-,-,-,-,18.07402000,75.12002000,08-05-2024 19:00,0,0,0,0,0,0,0,0,0,0,0,0,0,0,0,0,0,0,0,0,0,0,0,0,0,0,0,0,0,0,0,0,0,0,0,0,0,0,0,0,0,0,0,0,"","","","","",""
2443,Ujjani Dam Rain Gauge,Maharashtra SW,27,Maharashtra,496,Solapur,-,-,-,-,-,-,-,-,-,18.07402000,75.12002000,08-05-2024 20:00,0,0,0,0,0,0,0,0,0,0,0,0,0,0,0,0,0,0,0,0,0,0,0,0,0,0,0,0,0,0,0,0,0,0,0,0,0,0,0,0,0,0,0,0,"","","","","",""
2444,Ujjani Dam Rain Gauge,Maharashtra SW,27,Maharashtra,496,Solapur,-,-,-,-,-,-,-,-,-,18.07402000,75.12002000,08-05-2024 21:00,0,0,0,0,0,0,0,0,0,0,0,0,0,0,0,0,0,0,0,0,0,0,0,0,0,0,0,0,0,0,0,0,0,0,0,0,0,0,0,0,0,0,0,0,"","","","","",""
2445,Ujjani Dam Rain Gauge,Maharashtra SW,27,Maharashtra,496,Solapur,-,-,-,-,-,-,-,-,-,18.07402000,75.12002000,08-05-2024 22:00,0,0,0,0,0,0,0,0,0,0,0,0,0,0,0,0,0,0,0,0,0,0,0,0,0,0,0,0,0,0,0,0,0,0,0,0,0,0,0,0,0,0,0,0,"","","","","",""
2446,Ujjani Dam Rain Gauge,Maharashtra SW,27,Maharashtra,496,Solapur,-,-,-,-,-,-,-,-,-,18.07402000,75.12002000,08-05-2024 23:00,0,0,0,0,0,0,0,0,0,0,0,0,0,0,0,0,0,0,0,0,0,0,0,0,0,0,0,0,0,0,0,0,0,0,0,0,0,0,0,0,0,0,0,0,"","","","","",""
2447,Ujjani Dam Rain Gauge,Maharashtra SW,27,Maharashtra,496,Solapur,-,-,-,-,-,-,-,-,-,18.07402000,75.12002000,09-05-2024 00:00,0,0,0,0,0,0,0,0,0,0,0,0,0,0,0,0,0,0,0,0,0,0,0,0,0,0,0,0,0,0,0,0,0,0,0,0,0,0,0,0,0,0,0,0,"","","","","",""
2448,Ujjani Dam Rain Gauge,Maharashtra SW,27,Maharashtra,496,Solapur,-,-,-,-,-,-,-,-,-,18.07402000,75.12002000,09-05-2024 01:00,0,0,0,0,0,0,0,0,0,0,0,0,0,0,0,0,0,0,0,0,0,0,0,0,0,0,0,0,0,0,0,0,0,0,0,0,0,0,0,0,0,0,0,0,"","","","","",""
2449,Ujjani Dam Rain Gauge,Maharashtra SW,27,Maharashtra,496,Solapur,-,-,-,-,-,-,-,-,-,18.07402000,75.12002000,09-05-2024 03:00,0,0,0,0,0,0,0,0,0,0,0,0,0,0,0,0,0,0,0,0,0,0,0,0,0,0,0,0,0,0,0,0,0,0,0,0,0,0,0,0,0,0,0,0,"","","","","",""
2450,Ujjani Dam Rain Gauge,Maharashtra SW,27,Maharashtra,496,Solapur,-,-,-,-,-,-,-,-,-,18.07402000,75.12002000,09-05-2024 04:00,0,0,0,0,0,0,0,0,0,0,0,0,0,0,0,0,0,0,0,0,0,0,0,0,0,0,0,0,0,0,0,0,0,0,0,0,0,0,0,0,0,0,0,0,"","","","","",""
2451,Ujjani Dam Rain Gauge,Maharashtra SW,27,Maharashtra,496,Solapur,-,-,-,-,-,-,-,-,-,18.07402000,75.12002000,09-05-2024 05:00,0,0,0,0,0,0,0,0,0,0,0,0,0,0,0,0,0,0,0,0,0,0,0,0,0,0,0,0,0,0,0,0,0,0,0,0,0,0,0,0,0,0,0,0,"","","","","",""
2452,Ujjani Dam Rain Gauge,Maharashtra SW,27,Maharashtra,496,Solapur,-,-,-,-,-,-,-,-,-,18.07402000,75.12002000,09-05-2024 06:00,0,0,0,0,0,0,0,0,0,0,0,0,0,0,0,0,0,0,0,0,0,0,0,0,0,0,0,0,0,0,0,0,0,0,0,0,0,0,0,0,0,0,0,0,"","","","","",""
2453,Ujjani Dam Rain Gauge,Maharashtra SW,27,Maharashtra,496,Solapur,-,-,-,-,-,-,-,-,-,18.07402000,75.12002000,13-05-2024 10:00,0,0,0,0,0,0,0,0,0,0,0,0,0,0,0,0,0,0,0,0,0,0,0,0,0,0,0,0,0,0,0,0,0,0,0,0,0,0,0,0,0,0,0,0,"","","","","",""
2454,Ujjani Dam Rain Gauge,Maharashtra SW,27,Maharashtra,496,Solapur,-,-,-,-,-,-,-,-,-,18.07402000,75.12002000,13-05-2024 11:00,0,0,0,0,0,0,0,0,0,0,0,0,0,0,0,0,0,0,0,0,0,0,0,0,0,0,0,0,0,0,0,0,0,0,0,0,0,0,0,0,0,0,0,0,"","","","","",""
2455,Ujjani Dam Rain Gauge,Maharashtra SW,27,Maharashtra,496,Solapur,-,-,-,-,-,-,-,-,-,18.07402000,75.12002000,13-05-2024 12:00,0,0,0,0,0,0,0,0,0,0,0,0,0,0,0,0,0,0,0,0,0,0,0,0,0,0,0,0,0,0,0,0,0,0,0,0,0,0,0,0,0,0,0,0,"","","","","",""
2456,Ujjani Dam Rain Gauge,Maharashtra SW,27,Maharashtra,496,Solapur,-,-,-,-,-,-,-,-,-,18.07402000,75.12002000,13-05-2024 13:00,0,0,0,0,0,0,0,0,0,0,0,0,0,0,0,0,0,0,0,0,0,0,0,0,0,0,0,0,0,0,0,0,0,0,0,0,0,0,0,0,0,0,0,0,"","","","","",""
2457,Ujjani Dam Rain Gauge,Maharashtra SW,27,Maharashtra,496,Solapur,-,-,-,-,-,-,-,-,-,18.07402000,75.12002000,13-05-2024 17:00,0,0,0,0,0,0,0,0,0,0,0,0,0,0,0,0,0,0,0,0,0,0,0,0,0,0,0,0,0,0,0,0,0,0,0,0,0,0,0,0,0,0,0,0,"","","","","",""
2458,Ujjani Dam Rain Gauge,Maharashtra SW,27,Maharashtra,496,Solapur,-,-,-,-,-,-,-,-,-,18.07402000,75.12002000,13-05-2024 18:00,0,0,0,0,0,0,0,0,0,0,0,0,0,0,0,0,0,0,0,0,0,0,0,0,0,0,0,0,0,0,0,0,0,0,0,0,0,0,0,0,0,0,0,0,"","","","","",""
2459,Ujjani Dam Rain Gauge,Maharashtra SW,27,Maharashtra,496,Solapur,-,-,-,-,-,-,-,-,-,18.07402000,75.12002000,13-05-2024 19:00,0,0,0,0,0,0,0,0,0,0,0,0,0,0,0,0,0,0,0,0,0,0,0,0,0,0,0,0,0,0,0,0,0,0,0,0,0,0,0,0,0,0,0,0,"","","","","",""
2460,Ujjani Dam Rain Gauge,Maharashtra SW,27,Maharashtra,496,Solapur,-,-,-,-,-,-,-,-,-,18.07402000,75.12002000,13-05-2024 20:00,0,0,0,0,0,0,0,0,0,0,0,0,0,0,0,0,0,0,0,0,0,0,0,0,0,0,0,0,0,0,0,0,0,0,0,0,0,0,0,0,0,0,0,0,"","","","","",""
2461,Ujjani Dam Rain Gauge,Maharashtra SW,27,Maharashtra,496,Solapur,-,-,-,-,-,-,-,-,-,18.07402000,75.12002000,13-05-2024 21:00,0,0,0,0,0,0,0,0,0,0,0,0,0,0,0,0,0,0,0,0,0,0,0,0,0,0,0,0,0,0,0,0,0,0,0,0,0,0,0,0,0,0,0,0,"","","","","",""
2462,Ujjani Dam Rain Gauge,Maharashtra SW,27,Maharashtra,496,Solapur,-,-,-,-,-,-,-,-,-,18.07402000,75.12002000,13-05-2024 22:00,0,0,0,0,0,0,0,0,0,0,0,0,0,0,0,0,0,0,0,0,0,0,0,0,0,0,0,0,0,0,0,0,0,0,0,0,0,0,0,0,0,0,0,0,"","","","","",""
2463,Ujjani Dam Rain Gauge,Maharashtra SW,27,Maharashtra,496,Solapur,-,-,-,-,-,-,-,-,-,18.07402000,75.12002000,13-05-2024 23:00,0,0,0,0,0,0,0,0,0,0,0,0,0,0,0,0,0,0,0,0,0,0,0,0,0,0,0,0,0,0,0,0,0,0,0,0,0,0,0,0,0,0,0,0,"","","","","",""
2464,Ujjani Dam Rain Gauge,Maharashtra SW,27,Maharashtra,496,Solapur,-,-,-,-,-,-,-,-,-,18.07402000,75.12002000,14-05-2024 00:00,0,0,0,0,0,0,0,0,0,0,0,0,0,0,0,0,0,0,0,0,0,0,0,0,0,0,0,0,0,0,0,0,0,0,0,0,0,0,0,0,0,0,0,0,"","","","","",""
2465,Ujjani Dam Rain Gauge,Maharashtra SW,27,Maharashtra,496,Solapur,-,-,-,-,-,-,-,-,-,18.07402000,75.12002000,14-05-2024 01:00,0,0,0,0,0,0,0,0,0,0,0,0,0,0,0,0,0,0,0,0,0,0,0,0,0,0,0,0,0,0,0,0,0,0,0,0,0,0,0,0,0,0,0,0,"","","","","",""
2466,Ujjani Dam Rain Gauge,Maharashtra SW,27,Maharashtra,496,Solapur,-,-,-,-,-,-,-,-,-,18.07402000,75.12002000,14-05-2024 02:00,0,0,0,0,0,0,0,0,0,0,0,0,0,0,0,0,0,0,0,0,0,0,0,0,0,0,0,0,0,0,0,0,0,0,0,0,0,0,0,0,0,0,0,0,"","","","","",""
2467,Ujjani Dam Rain Gauge,Maharashtra SW,27,Maharashtra,496,Solapur,-,-,-,-,-,-,-,-,-,18.07402000,75.12002000,14-05-2024 03:00,0,0,0,0,0,0,0,0,0,0,0,0,0,0,0,0,0,0,0,0,0,0,0,0,0,0,0,0,0,0,0,0,0,0,0,0,0,0,0,0,0,0,0,0,"","","","","",""
2468,Ujjani Dam Rain Gauge,Maharashtra SW,27,Maharashtra,496,Solapur,-,-,-,-,-,-,-,-,-,18.07402000,75.12002000,14-05-2024 05:00,0,0,0,0,0,0,0,0,0,0,0,0,0,0,0,0,0,0,0,0,0,0,0,0,0,0,0,0,0,0,0,0,0,0,0,0,0,0,0,0,0,0,0,0,"","","","","",""
2469,Ujjani Dam Rain Gauge,Maharashtra SW,27,Maharashtra,496,Solapur,-,-,-,-,-,-,-,-,-,18.07402000,75.12002000,14-05-2024 06:00,0,0,0,0,0,0,0,0,0,0,0,0,0,0,0,0,0,0,0,0,0,0,0,0,0,0,0,0,0,0,0,0,0,0,0,0,0,0,0,0,0,0,0,0,"","","","","",""
2470,Ujjani Dam Rain Gauge,Maharashtra SW,27,Maharashtra,496,Solapur,-,-,-,-,-,-,-,-,-,18.07402000,75.12002000,14-05-2024 07:00,0,0,0,0,0,0,0,0,0,0,0,0,0,0,0,0,0,0,0,0,0,0,0,0,0,0,0,0,0,0,0,0,0,0,0,0,0,0,0,0,0,0,0,0,"","","","","",""
2471,Ujjani Dam Rain Gauge,Maharashtra SW,27,Maharashtra,496,Solapur,-,-,-,-,-,-,-,-,-,18.07402000,75.12002000,14-05-2024 08:00,0,0,0,0,0,0,0,0,0,0,0,0,0,0,0,0,0,0,0,0,0,0,0,0,0,0,0,0,0,0,0,0,0,0,0,0,0,0,0,0,0,0,0,0,"","","","","",""
2472,Ujjani Dam Rain Gauge,Maharashtra SW,27,Maharashtra,496,Solapur,-,-,-,-,-,-,-,-,-,18.07402000,75.12002000,14-05-2024 09:00,0,0,0,0,0,0,0,0,0,0,0,0,0,0,0,0,0,0,0,0,0,0,0,0,0,0,0,0,0,0,0,0,0,0,0,0,0,0,0,0,0,0,0,0,"","","","","",""
2473,Ujjani Dam Rain Gauge,Maharashtra SW,27,Maharashtra,496,Solapur,-,-,-,-,-,-,-,-,-,18.07402000,75.12002000,14-05-2024 10:00,0,0,0,0,0,0,0,0,0,0,0,0,0,0,0,0,0,0,0,0,0,0,0,0,0,0,0,0,0,0,0,0,0,0,0,0,0,0,0,0,0,0,0,0,"","","","","",""
2474,Ujjani Dam Rain Gauge,Maharashtra SW,27,Maharashtra,496,Solapur,-,-,-,-,-,-,-,-,-,18.07402000,75.12002000,14-05-2024 11:00,0,0,0,0,0,0,0,0,0,0,0,0,0,0,0,0,0,0,0,0,0,0,0,0,0,0,0,0,0,0,0,0,0,0,0,0,0,0,0,0,0,0,0,0,"","","","","",""
2475,Ujjani Dam Rain Gauge,Maharashtra SW,27,Maharashtra,496,Solapur,-,-,-,-,-,-,-,-,-,18.07402000,75.12002000,14-05-2024 12:00,0,0,0,0,0,0,0,0,0,0,0,0,0,0,0,0,0,0,0,0,0,0,0,0,0,0,0,0,0,0,0,0,0,0,0,0,0,0,0,0,0,0,0,0,"","","","","",""
2476,Ujjani Dam Rain Gauge,Maharashtra SW,27,Maharashtra,496,Solapur,-,-,-,-,-,-,-,-,-,18.07402000,75.12002000,14-05-2024 13:00,0,0,0,0,0,0,0,0,0,0,0,0,0,0,0,0,0,0,0,0,0,0,0,0,0,0,0,0,0,0,0,0,0,0,0,0,0,0,0,0,0,0,0,0,"","","","","",""
2477,Ujjani Dam Rain Gauge,Maharashtra SW,27,Maharashtra,496,Solapur,-,-,-,-,-,-,-,-,-,18.07402000,75.12002000,14-05-2024 14:00,0,0,0,0,0,0,0,0,0,0,0,0,0,0,0,0,0,0,0,0,0,0,0,0,0,0,0,0,0,0,0,0,0,0,0,0,0,0,0,0,0,0,0,0,"","","","","",""
2478,Ujjani Dam Rain Gauge,Maharashtra SW,27,Maharashtra,496,Solapur,-,-,-,-,-,-,-,-,-,18.07402000,75.12002000,14-05-2024 15:00,0,0,0,0,0,0,0,0,0,0,0,0,0,0,0,0,0,0,0,0,0,0,0,0,0,0,0,0,0,0,0,0,0,0,0,0,0,0,0,0,0,0,0,0,"","","","","",""
2479,Ujjani Dam Rain Gauge,Maharashtra SW,27,Maharashtra,496,Solapur,-,-,-,-,-,-,-,-,-,18.07402000,75.12002000,14-05-2024 16:00,0,0,0,0,0,0,0,0,0,0,0,0,0,0,0,0,0,0,0,0,0,0,0,0,0,0,0,0,0,0,0,0,0,0,0,0,0,0,0,0,0,0,0,0,"","","","","",""
2480,Ujjani Dam Rain Gauge,Maharashtra SW,27,Maharashtra,496,Solapur,-,-,-,-,-,-,-,-,-,18.07402000,75.12002000,14-05-2024 17:00,0,0,0,0,0,0,0,0,0,0,0,0,0,0,0,0,0,0,0,0,0,0,0,0,0,0,0,0,0,0,0,0,0,0,0,0,0,0,0,0,0,0,0,0,"","","","","",""
2481,Ujjani Dam Rain Gauge,Maharashtra SW,27,Maharashtra,496,Solapur,-,-,-,-,-,-,-,-,-,18.07402000,75.12002000,14-05-2024 18:00,0,0,0,0,0,0,0,0,0,0,0,0,0,0,0,0,0,0,0,0,0,0,0,0,0,0,0,0,0,0,0,0,0,0,0,0,0,0,0,0,0,0,0,0,"","","","","",""
2482,Ujjani Dam Rain Gauge,Maharashtra SW,27,Maharashtra,496,Solapur,-,-,-,-,-,-,-,-,-,18.07402000,75.12002000,14-05-2024 19:00,0,0,0,0,0,0,0,0,0,0,0,0,0,0,0,0,0,0,0,0,0,0,0,0,0,0,0,0,0,0,0,0,0,0,0,0,0,0,0,0,0,0,0,0,"","","","","",""
2483,Ujjani Dam Rain Gauge,Maharashtra SW,27,Maharashtra,496,Solapur,-,-,-,-,-,-,-,-,-,18.07402000,75.12002000,14-05-2024 20:00,0,0,0,0,0,0,0,0,0,0,0,0,0,0,0,0,0,0,0,0,0,0,0,0,0,0,0,0,0,0,0,0,0,0,0,0,0,0,0,0,0,0,0,0,"","","","","",""
2484,Ujjani Dam Rain Gauge,Maharashtra SW,27,Maharashtra,496,Solapur,-,-,-,-,-,-,-,-,-,18.07402000,75.12002000,14-05-2024 21:00,0,0,0,0,0,0,0,0,0,0,0,0,0,0,0,0,0,0,0,0,0,0,0,0,0,0,0,0,0,0,0,0,0,0,0,0,0,0,0,0,0,0,0,0,"","","","","",""
2485,Ujjani Dam Rain Gauge,Maharashtra SW,27,Maharashtra,496,Solapur,-,-,-,-,-,-,-,-,-,18.07402000,75.12002000,14-05-2024 22:00,0,0,0,0,0,0,0,0,0,0,0,0,0,0,0,0,0,0,0,0,0,0,0,0,0,0,0,0,0,0,0,0,0,0,0,0,0,0,0,0,0,0,0,0,"","","","","",""
2486,Ujjani Dam Rain Gauge,Maharashtra SW,27,Maharashtra,496,Solapur,-,-,-,-,-,-,-,-,-,18.07402000,75.12002000,14-05-2024 23:00,0,0,0,0,0,0,0,0,0,0,0,0,0,0,0,0,0,0,0,0,0,0,0,0,0,0,0,0,0,0,0,0,0,0,0,0,0,0,0,0,0,0,0,0,"","","","","",""
2487,Ujjani Dam Rain Gauge,Maharashtra SW,27,Maharashtra,496,Solapur,-,-,-,-,-,-,-,-,-,18.07402000,75.12002000,15-05-2024 00:00,0,0,0,0,0,0,0,0,0,0,0,0,0,0,0,0,0,0,0,0,0,0,0,0,0,0,0,0,0,0,0,0,0,0,0,0,0,0,0,0,0,0,0,0,"","","","","",""
2488,Ujjani Dam Rain Gauge,Maharashtra SW,27,Maharashtra,496,Solapur,-,-,-,-,-,-,-,-,-,18.07402000,75.12002000,15-05-2024 01:00,0,0,0,0,0,0,0,0,0,0,0,0,0,0,0,0,0,0,0,0,0,0,0,0,0,0,0,0,0,0,0,0,0,0,0,0,0,0,0,0,0,0,0,0,"","","","","",""
2489,Ujjani Dam Rain Gauge,Maharashtra SW,27,Maharashtra,496,Solapur,-,-,-,-,-,-,-,-,-,18.07402000,75.12002000,15-05-2024 02:00,0,0,0,0,0,0,0,0,0,0,0,0,0,0,0,0,0,0,0,0,0,0,0,0,0,0,0,0,0,0,0,0,0,0,0,0,0,0,0,0,0,0,0,0,"","","","","",""
2490,Ujjani Dam Rain Gauge,Maharashtra SW,27,Maharashtra,496,Solapur,-,-,-,-,-,-,-,-,-,18.07402000,75.12002000,15-05-2024 03:00,0,0,0,0,0,0,0,0,0,0,0,0,0,0,0,0,0,0,0,0,0,0,0,0,0,0,0,0,0,0,0,0,0,0,0,0,0,0,0,0,0,0,0,0,"","","","","",""
2491,Ujjani Dam Rain Gauge,Maharashtra SW,27,Maharashtra,496,Solapur,-,-,-,-,-,-,-,-,-,18.07402000,75.12002000,15-05-2024 04:00,0,0,0,0,0,0,0,0,0,0,0,0,0,0,0,0,0,0,0,0,0,0,0,0,0,0,0,0,0,0,0,0,0,0,0,0,0,0,0,0,0,0,0,0,"","","","","",""
2492,Ujjani Dam Rain Gauge,Maharashtra SW,27,Maharashtra,496,Solapur,-,-,-,-,-,-,-,-,-,18.07402000,75.12002000,15-05-2024 05:00,0,0,0,0,0,0,0,0,0,0,0,0,0,0,0,0,0,0,0,0,0,0,0,0,0,0,0,0,0,0,0,0,0,0,0,0,0,0,0,0,0,0,0,0,"","","","","",""
2493,Ujjani Dam Rain Gauge,Maharashtra SW,27,Maharashtra,496,Solapur,-,-,-,-,-,-,-,-,-,18.07402000,75.12002000,15-05-2024 06:00,0,0,0,0,0,0,0,0,0,0,0,0,0,0,0,0,0,0,0,0,0,0,0,0,0,0,0,0,0,0,0,0,0,0,0,0,0,0,0,0,0,0,0,0,"","","","","",""
2494,Ujjani Dam Rain Gauge,Maharashtra SW,27,Maharashtra,496,Solapur,-,-,-,-,-,-,-,-,-,18.07402000,75.12002000,15-05-2024 07:00,0,0,0,0,0,0,0,0,0,0,0,0,0,0,0,0,0,0,0,0,0,0,0,0,0,0,0,0,0,0,0,0,0,0,0,0,0,0,0,0,0,0,0,0,"","","","","",""
2495,Ujjani Dam Rain Gauge,Maharashtra SW,27,Maharashtra,496,Solapur,-,-,-,-,-,-,-,-,-,18.07402000,75.12002000,15-05-2024 08:00,0,0,0,0,0,0,0,0,0,0,0,0,0,0,0,0,0,0,0,0,0,0,0,0,0,0,0,0,0,0,0,0,0,0,0,0,0,0,0,0,0,0,0,0,"","","","","",""
2496,Ujjani Dam Rain Gauge,Maharashtra SW,27,Maharashtra,496,Solapur,-,-,-,-,-,-,-,-,-,18.07402000,75.12002000,15-05-2024 10:00,0,0,0,0,0,0,0,0,0,0,0,0,0,0,0,0,0,0,0,0,0,0,0,0,0,0,0,0,0,0,0,0,0,0,0,0,0,0,0,0,0,0,0,0,"","","","","",""
2497,Ujjani Dam Rain Gauge,Maharashtra SW,27,Maharashtra,496,Solapur,-,-,-,-,-,-,-,-,-,18.07402000,75.12002000,15-05-2024 11:00,0,0,0,0,0,0,0,0,0,0,0,0,0,0,0,0,0,0,0,0,0,0,0,0,0,0,0,0,0,0,0,0,0,0,0,0,0,0,0,0,0,0,0,0,"","","","","",""
2498,Ujjani Dam Rain Gauge,Maharashtra SW,27,Maharashtra,496,Solapur,-,-,-,-,-,-,-,-,-,18.07402000,75.12002000,15-05-2024 12:00,0,0,0,0,0,0,0,0,0,0,0,0,0,0,0,0,0,0,0,0,0,0,0,0,0,0,0,0,0,0,0,0,0,0,0,0,0,0,0,0,0,0,0,0,"","","","","",""
2499,Ujjani Dam Rain Gauge,Maharashtra SW,27,Maharashtra,496,Solapur,-,-,-,-,-,-,-,-,-,18.07402000,75.12002000,15-05-2024 13:00,0,0,0,0,0,0,0,0,0,0,0,0,0,0,0,0,0,0,0,0,0,0,0,0,0,0,0,0,0,0,0,0,0,0,0,0,0,0,0,0,0,0,0,0,"","","","","",""
2500,Ujjani Dam Rain Gauge,Maharashtra SW,27,Maharashtra,496,Solapur,-,-,-,-,-,-,-,-,-,18.07402000,75.12002000,10-06-2024 12:00,0,0,0,0,0,0,0,0,0,0,0,0,0,0,0,0,0,0,0,0,0,0,0,0,0,0,0,0,0,0,0,0,0,0,0,0,0,0,0,0,0,0,0,0,"","","","","",""
2501,Ujjani Dam Rain Gauge,Maharashtra SW,27,Maharashtra,496,Solapur,-,-,-,-,-,-,-,-,-,18.07402000,75.12002000,14-06-2024 14:00,0,0,0,0,0,0,0,0,0,0,0,0,0,0,0,0,0,0,0,0,0,0,0,0,0,0,0,0,0,0,0,0,0,0,0,0,0,0,0,0,0,0,0,0,"","","","","",""
2502,Ujjani Dam Rain Gauge,Maharashtra SW,27,Maharashtra,496,Solapur,-,-,-,-,-,-,-,-,-,18.07402000,75.12002000,14-06-2024 15:00,0,0,0,0,0,0,0,0,0,0,0,0,0,0,0,0,0,0,0,0,0,0,0,0,0,0,0,0,0,0,0,0,0,0,0,0,0,0,0,0,0,0,0,0,"","","","","",""
2503,Ujjani Dam Rain Gauge,Maharashtra SW,27,Maharashtra,496,Solapur,-,-,-,-,-,-,-,-,-,18.07402000,75.12002000,14-06-2024 16:00,0,0,0,0,0,0,0,0,0,0,0,0,0,0,0,0,0,0,0,0,0,0,0,0,0,0,0,0,0,0,0,0,0,0,0,0,0,0,0,0,0,0,0,0,"","","","","",""
2504,Ujjani Dam Rain Gauge,Maharashtra SW,27,Maharashtra,496,Solapur,-,-,-,-,-,-,-,-,-,18.07402000,75.12002000,14-06-2024 17:00,0,0,0,0,0,0,0,0,0,0,0,0,0,0,0,0,0,0,0,0,0,0,0,0,0,0,0,0,0,0,0,0,0,0,0,0,0,0,0,0,0,0,0,0,"","","","","",""
2505,Ujjani Dam Rain Gauge,Maharashtra SW,27,Maharashtra,496,Solapur,-,-,-,-,-,-,-,-,-,18.07402000,75.12002000,14-06-2024 18:00,0,0,0,0,0,0,0,0,0,0,0,0,0,0,0,0,0,0,0,0,0,0,0,0,0,0,0,0,0,0,0,0,0,0,0,0,0,0,0,0,0,0,0,0,"","","","","",""
2506,Ujjani Dam Rain Gauge,Maharashtra SW,27,Maharashtra,496,Solapur,-,-,-,-,-,-,-,-,-,18.07402000,75.12002000,14-06-2024 19:00,0,0,0,0,0,0,0,0,0,0,0,0,0,0,0,0,0,0,0,0,0,0,0,0,0,0,0,0,0,0,0,0,0,0,0,0,0,0,0,0,0,0,0,0,"","","","","",""
2507,Ujjani Dam Rain Gauge,Maharashtra SW,27,Maharashtra,496,Solapur,-,-,-,-,-,-,-,-,-,18.07402000,75.12002000,14-06-2024 20:00,0,0,0,0,0,0,0,0,0,0,0,0,0,0,0,0,0,0,0,0,0,0,0,0,0,0,0,0,0,0,0,0,0,0,0,0,0,0,0,0,0,0,0,0,"","","","","",""
2508,Ujjani Dam Rain Gauge,Maharashtra SW,27,Maharashtra,496,Solapur,-,-,-,-,-,-,-,-,-,18.07402000,75.12002000,14-06-2024 21:00,0,0,0,0,0,0,0,0,0,0,0,0,0,0,0,0,0,0,0,0,0,0,0,0,0,0,0,0,0,0,0,0,0,0,0,0,0,0,0,0,0,0,0,0,"","","","","",""
2509,Ujjani Dam Rain Gauge,Maharashtra SW,27,Maharashtra,496,Solapur,-,-,-,-,-,-,-,-,-,18.07402000,75.12002000,14-06-2024 23:00,0,0,0,0,0,0,0,0,0,0,0,0,0,0,0,0,0,0,0,0,0,0,0,0,0,0,0,0,0,0,0,0,0,0,0,0,0,0,0,0,0,0,0,0,"","","","","",""
2510,Ujjani Dam Rain Gauge,Maharashtra SW,27,Maharashtra,496,Solapur,-,-,-,-,-,-,-,-,-,18.07402000,75.12002000,15-06-2024 00:00,0,0,0,0,0,0,0,0,0,0,0,0,0,0,0,0,0,0,0,0,0,0,0,0,0,0,0,0,0,0,0,0,0,0,0,0,0,0,0,0,0,0,0,0,"","","","","",""
2511,Ujjani Dam Rain Gauge,Maharashtra SW,27,Maharashtra,496,Solapur,-,-,-,-,-,-,-,-,-,18.07402000,75.12002000,15-06-2024 01:00,0,0,0,0,0,0,0,0,0,0,0,0,0,0,0,0,0,0,0,0,0,0,0,0,0,0,0,0,0,0,0,0,0,0,0,0,0,0,0,0,0,0,0,0,"","","","","",""
2512,Ujjani Dam Rain Gauge,Maharashtra SW,27,Maharashtra,496,Solapur,-,-,-,-,-,-,-,-,-,18.07402000,75.12002000,15-06-2024 02:00,0,0,0,0,0,0,0,0,0,0,0,0,0,0,0,0,0,0,0,0,0,0,0,0,0,0,0,0,0,0,0,0,0,0,0,0,0,0,0,0,0,0,0,0,"","","","","",""
2513,Ujjani Dam Rain Gauge,Maharashtra SW,27,Maharashtra,496,Solapur,-,-,-,-,-,-,-,-,-,18.07402000,75.12002000,15-06-2024 03:00,0,0,0,0,0,0,0,0,0,0,0,0,0,0,0,0,0,0,0,0,0,0,0,0,0,0,0,0,0,0,0,0,0,0,0,0,0,0,0,0,0,0,0,0,"","","","","",""
2514,Ujjani Dam Rain Gauge,Maharashtra SW,27,Maharashtra,496,Solapur,-,-,-,-,-,-,-,-,-,18.07402000,75.12002000,15-06-2024 04:00,0,0,0,0,0,0,0,0,0,0,0,0,0,0,0,0,0,0,0,0,0,0,0,0,0,0,0,0,0,0,0,0,0,0,0,0,0,0,0,0,0,0,0,0,"","","","","",""
2515,Ujjani Dam Rain Gauge,Maharashtra SW,27,Maharashtra,496,Solapur,-,-,-,-,-,-,-,-,-,18.07402000,75.12002000,15-06-2024 05:00,0,0,0,0,0,0,0,0,0,0,0,0,0,0,0,0,0,0,0,0,0,0,0,0,0,0,0,0,0,0,0,0,0,0,0,0,0,0,0,0,0,0,0,0,"","","","","",""
2516,Ujjani Dam Rain Gauge,Maharashtra SW,27,Maharashtra,496,Solapur,-,-,-,-,-,-,-,-,-,18.07402000,75.12002000,15-06-2024 06:00,0,0,0,0,0,0,0,0,0,0,0,0,0,0,0,0,0,0,0,0,0,0,0,0,0,0,0,0,0,0,0,0,0,0,0,0,0,0,0,0,0,0,0,0,"","","","","",""
2517,Ujjani Dam Rain Gauge,Maharashtra SW,27,Maharashtra,496,Solapur,-,-,-,-,-,-,-,-,-,18.07402000,75.12002000,15-06-2024 08:00,0,0,0,0,0,0,0,0,0,0,0,0,0,0,0,0,0,0,0,0,0,0,0,0,0,0,0,0,0,0,0,0,0,0,0,0,0,0,0,0,0,0,0,0,"","","","","",""
2518,Ujjani Dam Rain Gauge,Maharashtra SW,27,Maharashtra,496,Solapur,-,-,-,-,-,-,-,-,-,18.07402000,75.12002000,15-06-2024 09:00,0,0,0,0,0,0,0,0,0,0,0,0,0,0,0,0,0,0,0,0,0,0,0,0,0,0,0,0,0,0,0,0,0,0,0,0,0,0,0,0,0,0,0,0,"","","","","",""
2519,Ujjani Dam Rain Gauge,Maharashtra SW,27,Maharashtra,496,Solapur,-,-,-,-,-,-,-,-,-,18.07402000,75.12002000,15-06-2024 10:00,0,0,0,0,0,0,0,0,0,0,0,0,0,0,0,0,0,0,0,0,0,0,0,0,0,0,0,0,0,0,0,0,0,0,0,0,0,0,0,0,0,0,0,0,"","","","","",""
2520,Ujjani Dam Rain Gauge,Maharashtra SW,27,Maharashtra,496,Solapur,-,-,-,-,-,-,-,-,-,18.07402000,75.12002000,15-06-2024 11:00,0,0,0,0,0,0,0,0,0,0,0,0,0,0,0,0,0,0,0,0,0,0,0,0,0,0,0,0,0,0,0,0,0,0,0,0,0,0,0,0,0,0,0,0,"","","","","",""
2521,Ujjani Dam Rain Gauge,Maharashtra SW,27,Maharashtra,496,Solapur,-,-,-,-,-,-,-,-,-,18.07402000,75.12002000,15-06-2024 12:00,0,0,0,0,0,0,0,0,0,0,0,0,0,0,0,0,0,0,0,0,0,0,0,0,0,0,0,0,0,0,0,0,0,0,0,0,0,0,0,0,0,0,0,0,"","","","","",""
2522,Ujjani Dam Rain Gauge,Maharashtra SW,27,Maharashtra,496,Solapur,-,-,-,-,-,-,-,-,-,18.07402000,75.12002000,15-06-2024 13:00,0,0,0,0,0,0,0,0,0,0,0,0,0,0,0,0,0,0,0,0,0,0,0,0,0,0,0,0,0,0,0,0,0,0,0,0,0,0,0,0,0,0,0,0,"","","","","",""
2523,Ujjani Dam Rain Gauge,Maharashtra SW,27,Maharashtra,496,Solapur,-,-,-,-,-,-,-,-,-,18.07402000,75.12002000,15-06-2024 16:00,0,0,0,0,0,0,0,0,0,0,0,0,0,0,0,0,0,0,0,0,0,0,0,0,0,0,0,0,0,0,0,0,0,0,0,0,0,0,0,0,0,0,0,0,"","","","","",""
2524,Ujjani Dam Rain Gauge,Maharashtra SW,27,Maharashtra,496,Solapur,-,-,-,-,-,-,-,-,-,18.07402000,75.12002000,15-06-2024 17:00,0,0,0,0,0,0,0,0,0,0,0,0,0,0,0,0,0,0,0,0,0,0,0,0,0,0,0,0,0,0,0,0,0,0,0,0,0,0,0,0,0,0,0,0,"","","","","",""
2525,Ujjani Dam Rain Gauge,Maharashtra SW,27,Maharashtra,496,Solapur,-,-,-,-,-,-,-,-,-,18.07402000,75.12002000,15-06-2024 18:00,0,0,0,0,0,0,0,0,0,0,0,0,0,0,0,0,0,0,0,0,0,0,0,0,0,0,0,0,0,0,0,0,0,0,0,0,0,0,0,0,0,0,0,0,"","","","","",""
2526,Ujjani Dam Rain Gauge,Maharashtra SW,27,Maharashtra,496,Solapur,-,-,-,-,-,-,-,-,-,18.07402000,75.12002000,15-06-2024 19:00,0,0,0,0,0,0,0,0,0,0,0,0,0,0,0,0,0,0,0,0,0,0,0,0,0,0,0,0,0,0,0,0,0,0,0,0,0,0,0,0,0,0,0,0,"","","","","",""
2527,Ujjani Dam Rain Gauge,Maharashtra SW,27,Maharashtra,496,Solapur,-,-,-,-,-,-,-,-,-,18.07402000,75.12002000,15-06-2024 20:00,0,0,0,0,0,0,0,0,0,0,0,0,0,0,0,0,0,0,0,0,0,0,0,0,0,0,0,0,0,0,0,0,0,0,0,0,0,0,0,0,0,0,0,0,"","","","","",""
2528,Ujjani Dam Rain Gauge,Maharashtra SW,27,Maharashtra,496,Solapur,-,-,-,-,-,-,-,-,-,18.07402000,75.12002000,15-06-2024 21:00,0,0,0,0,0,0,0,0,0,0,0,0,0,0,0,0,0,0,0,0,0,0,0,0,0,0,0,0,0,0,0,0,0,0,0,0,0,0,0,0,0,0,0,0,"","","","","",""
2529,Ujjani Dam Rain Gauge,Maharashtra SW,27,Maharashtra,496,Solapur,-,-,-,-,-,-,-,-,-,18.07402000,75.12002000,15-06-2024 22:00,0,0,0,0,0,0,0,0,0,0,0,0,0,0,0,0,0,0,0,0,0,0,0,0,0,0,0,0,0,0,0,0,0,0,0,0,0,0,0,0,0,0,0,0,"","","","","",""
2530,Ujjani Dam Rain Gauge,Maharashtra SW,27,Maharashtra,496,Solapur,-,-,-,-,-,-,-,-,-,18.07402000,75.12002000,15-06-2024 23:00,0,0,0,0,0,0,0,0,0,0,0,0,0,0,0,0,0,0,0,0,0,0,0,0,0,0,0,0,0,0,0,0,0,0,0,0,0,0,0,0,0,0,0,0,"","","","","",""
2531,Ujjani Dam Rain Gauge,Maharashtra SW,27,Maharashtra,496,Solapur,-,-,-,-,-,-,-,-,-,18.07402000,75.12002000,16-06-2024 00:00,0,0,0,0,0,0,0,0,0,0,0,0,0,0,0,0,0,0,0,0,0,0,0,0,0,0,0,0,0,0,0,0,0,0,0,0,0,0,0,0,0,0,0,0,"","","","","",""
2532,Ujjani Dam Rain Gauge,Maharashtra SW,27,Maharashtra,496,Solapur,-,-,-,-,-,-,-,-,-,18.07402000,75.12002000,16-06-2024 02:00,0,0,0,0,0,0,0,0,0,0,0,0,0,0,0,0,0,0,0,0,0,0,0,0,0,0,0,0,0,0,0,0,0,0,0,0,0,0,0,0,0,0,0,0,"","","","","",""
2533,Ujjani Dam Rain Gauge,Maharashtra SW,27,Maharashtra,496,Solapur,-,-,-,-,-,-,-,-,-,18.07402000,75.12002000,16-06-2024 03:00,0,0,0,0,0,0,0,0,0,0,0,0,0,0,0,0,0,0,0,0,0,0,0,0,0,0,0,0,0,0,0,0,0,0,0,0,0,0,0,0,0,0,0,0,"","","","","",""
2534,Ujjani Dam Rain Gauge,Maharashtra SW,27,Maharashtra,496,Solapur,-,-,-,-,-,-,-,-,-,18.07402000,75.12002000,16-06-2024 04:00,0,0,0,0,0,0,0,0,0,0,0,0,0,0,0,0,0,0,0,0,0,0,0,0,0,0,0,0,0,0,0,0,0,0,0,0,0,0,0,0,0,0,0,0,"","","","","",""
2535,Ujjani Dam Rain Gauge,Maharashtra SW,27,Maharashtra,496,Solapur,-,-,-,-,-,-,-,-,-,18.07402000,75.12002000,16-06-2024 05:00,0,0,0,0,0,0,0,0,0,0,0,0,0,0,0,0,0,0,0,0,0,0,0,0,0,0,0,0,0,0,0,0,0,0,0,0,0,0,0,0,0,0,0,0,"","","","","",""
2536,Ujjani Dam Rain Gauge,Maharashtra SW,27,Maharashtra,496,Solapur,-,-,-,-,-,-,-,-,-,18.07402000,75.12002000,16-06-2024 06:00,0,0,0,0,0,0,0,0,0,0,0,0,0,0,0,0,0,0,0,0,0,0,0,0,0,0,0,0,0,0,0,0,0,0,0,0,0,0,0,0,0,0,0,0,"","","","","",""
2537,Ujjani Dam Rain Gauge,Maharashtra SW,27,Maharashtra,496,Solapur,-,-,-,-,-,-,-,-,-,18.07402000,75.12002000,16-06-2024 07:00,0,0,0,0,0,0,0,0,0,0,0,0,0,0,0,0,0,0,0,0,0,0,0,0,0,0,0,0,0,0,0,0,0,0,0,0,0,0,0,0,0,0,0,0,"","","","","",""
2538,Ujjani Dam Rain Gauge,Maharashtra SW,27,Maharashtra,496,Solapur,-,-,-,-,-,-,-,-,-,18.07402000,75.12002000,16-06-2024 09:00,0,0,0,0,0,0,0,0,0,0,0,0,0,0,0,0,0,0,0,0,0,0,0,0,0,0,0,0,0,0,0,0,0,0,0,0,0,0,0,0,0,0,0,0,"","","","","",""
2539,Ujjani Dam Rain Gauge,Maharashtra SW,27,Maharashtra,496,Solapur,-,-,-,-,-,-,-,-,-,18.07402000,75.12002000,16-06-2024 10:00,0,0,0,0,0,0,0,0,0,0,0,0,0,0,0,0,0,0,0,0,0,0,0,0,0,0,0,0,0,0,0,0,0,0,0,0,0,0,0,0,0,0,0,0,"","","","","",""
2540,Ujjani Dam Rain Gauge,Maharashtra SW,27,Maharashtra,496,Solapur,-,-,-,-,-,-,-,-,-,18.07402000,75.12002000,16-06-2024 11:00,0,0,0,0,0,0,0,0,0,0,0,0,0,0,0,0,0,0,0,0,0,0,0,0,0,0,0,0,0,0,0,0,0,0,0,0,0,0,0,0,0,0,0,0,"","","","","",""
2541,Ujjani Dam Rain Gauge,Maharashtra SW,27,Maharashtra,496,Solapur,-,-,-,-,-,-,-,-,-,18.07402000,75.12002000,16-06-2024 12:00,0,0,0,0,0,0,0,0,0,0,0,0,0,0,0,0,0,0,0,0,0,0,0,0,0,0,0,0,0,0,0,0,0,0,0,0,0,0,0,0,0,0,0,0,"","","","","",""
2542,Ujjani Dam Rain Gauge,Maharashtra SW,27,Maharashtra,496,Solapur,-,-,-,-,-,-,-,-,-,18.07402000,75.12002000,17-06-2024 11:00,0,0,0,0,0,0,0,0,0,0,0,0,0,0,0,0,0,0,0,0,0,0,0,0,0,0,0,0,0,0,0,0,0,0,0,0,0,0,0,0,0,0,0,0,"","","","","",""
2543,Ujjani Dam Rain Gauge,Maharashtra SW,27,Maharashtra,496,Solapur,-,-,-,-,-,-,-,-,-,18.07402000,75.12002000,17-06-2024 13:00,0,0,0,0,0,0,0,0,0,0,0,0,0,0,0,0,0,0,0,0,0,0,0,0,0,0,0,0,0,0,0,0,0,0,0,0,0,0,0,0,0,0,0,0,"","","","","",""
2544,Ujjani Dam Rain Gauge,Maharashtra SW,27,Maharashtra,496,Solapur,-,-,-,-,-,-,-,-,-,18.07402000,75.12002000,03-07-2024 16:00,0,0,0,0,0,0,0,0,0,0,0,0,0,0,0,0,0,0,0,0,0,0,0,0,0,0,0,0,0,0,0,0,0,0,0,0,0,0,0,0,0,0,0,0,"","","","","",""
2545,Ujjani Dam Rain Gauge,Maharashtra SW,27,Maharashtra,496,Solapur,-,-,-,-,-,-,-,-,-,18.07402000,75.12002000,03-07-2024 18:00,0,0,0,0,0,0,0,0,0,0,0,0,0,0,0,0,0,0,0,0,0,0,0,0,0,0,0,0,0,0,0,0,0,0,0,0,0,0,0,0,0,0,0,0,"","","","","",""
2546,Ujjani Dam Rain Gauge,Maharashtra SW,27,Maharashtra,496,Solapur,-,-,-,-,-,-,-,-,-,18.07402000,75.12002000,03-07-2024 19:00,0,0,0,0,0,0,0,0,0,0,0,0,0,0,0,0,0,0,0,0,0,0,0,0,0,0,0,0,0,0,0,0,0,0,0,0,0,0,0,0,0,0,0,0,"","","","","",""
2547,Ujjani Dam Rain Gauge,Maharashtra SW,27,Maharashtra,496,Solapur,-,-,-,-,-,-,-,-,-,18.07402000,75.12002000,03-07-2024 20:00,0,0,0,0,0,0,0,0,0,0,0,0,0,0,0,0,0,0,0,0,0,0,0,0,0,0,0,0,0,0,0,0,0,0,0,0,0,0,0,0,0,0,0,0,"","","","","",""
2548,Ujjani Dam Rain Gauge,Maharashtra SW,27,Maharashtra,496,Solapur,-,-,-,-,-,-,-,-,-,18.07402000,75.12002000,03-07-2024 21:00,0,0,0,0,0,0,0,0,0,0,0,0,0,0,0,0,0,0,0,0,0,0,0,0,0,0,0,0,0,0,0,0,0,0,0,0,0,0,0,0,0,0,0,0,"","","","","",""
2549,Ujjani Dam Rain Gauge,Maharashtra SW,27,Maharashtra,496,Solapur,-,-,-,-,-,-,-,-,-,18.07402000,75.12002000,03-07-2024 22:00,0,0,0,0,0,0,0,0,0,0,0,0,0,0,0,0,0,0,0,0,0,0,0,0,0,0,0,0,0,0,0,0,0,0,0,0,0,0,0,0,0,0,0,0,"","","","","",""
2550,Ujjani Dam Rain Gauge,Maharashtra SW,27,Maharashtra,496,Solapur,-,-,-,-,-,-,-,-,-,18.07402000,75.12002000,04-07-2024 02:00,0,0,0,0,0,0,0,0,0,0,0,0,0,0,0,0,0,0,0,0,0,0,0,0,0,0,0,0,0,0,0,0,0,0,0,0,0,0,0,0,0,0,0,0,"","","","","",""
2551,Ujjani Dam Rain Gauge,Maharashtra SW,27,Maharashtra,496,Solapur,-,-,-,-,-,-,-,-,-,18.07402000,75.12002000,04-07-2024 15:00,0,0,0,0,0,0,0,0,0,0,0,0,0,0,0,0,0,0,0,0,0,0,0,0,0,0,0,0,0,0,0,0,0,0,0,0,0,0,0,0,0,0,0,0,"","","","","",""
2552,Ujjani Dam Rain Gauge,Maharashtra SW,27,Maharashtra,496,Solapur,-,-,-,-,-,-,-,-,-,18.07402000,75.12002000,04-07-2024 18:00,0,0,0,0,0,0,0,0,0,0,0,0,0,0,0,0,0,0,0,0,0,0,0,0,0,0,0,0,0,0,0,0,0,0,0,0,0,0,0,0,0,0,0,0,"","","","","",""
2553,Ujjani Dam Rain Gauge,Maharashtra SW,27,Maharashtra,496,Solapur,-,-,-,-,-,-,-,-,-,18.07402000,75.12002000,11-07-2024 12:00,0,0,0,0,0,0,0,0,0,0,0,0,0,0,0,0,0,0,0,0,0,0,0,0,0,0,0,0,0,0,0,0,0,0,0,0,0,0,0,0,0,0,0,0,"","","","","",""
2554,Ujjani Dam Rain Gauge,Maharashtra SW,27,Maharashtra,496,Solapur,-,-,-,-,-,-,-,-,-,18.07402000,75.12002000,12-07-2024 05:00,0,"","","","","","","","","","","","","","","","","","","","","","","","","","","","","","","","","","","","","","","","","","","","","","","","",""
2555,Ujjani Dam Rain Gauge,Maharashtra SW,27,Maharashtra,496,Solapur,-,-,-,-,-,-,-,-,-,18.07402000,75.12002000,12-07-2024 12:00,0,0,0,0,0,0,0,0,0,0,0,0,0,0,0,0,0,0,0,0,0,0,0,0,0,0,0,0,0,0,0,0,0,0,0,0,0,0,0,0,0,0,0,0,"","","","","",""
2556,Ujjani Dam Rain Gauge,Maharashtra SW,27,Maharashtra,496,Solapur,-,-,-,-,-,-,-,-,-,18.07402000,75.12002000,12-07-2024 15:00,0,0,0,0,0,0,0,0,0,0,0,0,0,0,0,0,0,0,0,0,0,0,0,0,0,0,0,0,0,0,0,0,0,0,0,0,0,0,0,0,0,0,0,0,"","","","","",""
2557,Ujjani Dam Rain Gauge,Maharashtra SW,27,Maharashtra,496,Solapur,-,-,-,-,-,-,-,-,-,18.07402000,75.12002000,12-07-2024 16:00,0,0,0,0,0,0,0,0,0,0,0,0,0,0,0,0,0,0,0,0,0,0,0,0,0,0,0,0,0,0,0,0,0,0,0,0,0,0,0,0,0,0,0,0,"","","","","",""
2558,Ujjani Dam Rain Gauge,Maharashtra SW,27,Maharashtra,496,Solapur,-,-,-,-,-,-,-,-,-,18.07402000,75.12002000,12-07-2024 17:00,0,0,0,0,0,0,0,0,0,0,0,0,0,0,0,0,0,0,0,0,0,0,0,0,0,0,0,0,0,0,0,0,0,0,0,0,0,0,0,0,0,0,0,0,"","","","","",""
2559,Ujjani Dam Rain Gauge,Maharashtra SW,27,Maharashtra,496,Solapur,-,-,-,-,-,-,-,-,-,18.07402000,75.12002000,12-07-2024 22:00,0,0,0,0,0,0,0,0,0,0,0,0,0,0,0,0,0,0,0,0,0,0,0,0,0,0,0,0,0,0,0,0,0,0,0,0,0,0,0,0,0,0,0,0,"","","","","",""
2560,Ujjani Dam Rain Gauge,Maharashtra SW,27,Maharashtra,496,Solapur,-,-,-,-,-,-,-,-,-,18.07402000,75.12002000,14-07-2024 23:00,0,0,0,0,0,0,0,0,0,0,0,0,0,0,0,0,0,0,0,0,0,0,0,0,0,0,0,0,0,0,0,0,0,0,0,0,0,0,0,0,0,0,0,0,"","","","","",""
2561,Ujjani Dam Rain Gauge,Maharashtra SW,27,Maharashtra,496,Solapur,-,-,-,-,-,-,-,-,-,18.07402000,75.12002000,15-07-2024 00:00,0,0,0,0,0,0,0,0,0,0,0,0,0,0,0,0,0,0,0,0,0,0,0,0,0,0,0,0,0,0,0,0,0,0,0,0,0,0,0,0,0,0,0,0,"","","","","",""
2562,Ujjani Dam Rain Gauge,Maharashtra SW,27,Maharashtra,496,Solapur,-,-,-,-,-,-,-,-,-,18.07402000,75.12002000,15-07-2024 09:00,0,0,0,0,0,0,0,0,0,0,0,0,0,0,0,0,0,0,0,0,0,0,0,0,0,0,0,0,0,0,0,0,0,0,0,0,0,0,0,0,0,0,0,0,"","","","","",""
2563,Ujjani Dam Rain Gauge,Maharashtra SW,27,Maharashtra,496,Solapur,-,-,-,-,-,-,-,-,-,18.07402000,75.12002000,15-07-2024 10:00,0,0,0,0,0,0,0,0,0,0,0,0,0,0,0,0,0,0,0,0,0,0,0,0,0,0,0,0,0,0,0,0,0,0,0,0,0,0,0,0,0,0,0,0,"","","","","",""
2564,Ujjani Dam Rain Gauge,Maharashtra SW,27,Maharashtra,496,Solapur,-,-,-,-,-,-,-,-,-,18.07402000,75.12002000,15-07-2024 11:00,0,0,0,0,0,0,0,0,0,0,0,0,0,0,0,0,0,0,0,0,0,0,0,0,0,0,0,0,0,0,0,0,0,0,0,0,0,0,0,0,0,0,0,0,"","","","","",""
2565,Ujjani Dam Rain Gauge,Maharashtra SW,27,Maharashtra,496,Solapur,-,-,-,-,-,-,-,-,-,18.07402000,75.12002000,15-07-2024 13:00,0,"","","","","","","","","","","","","","","","","","","","","","","","","","","","","","","","","","","","","","","","","","","","","","","","",""
2566,Ujjani Dam Rain Gauge,Maharashtra SW,27,Maharashtra,496,Solapur,-,-,-,-,-,-,-,-,-,18.07402000,75.12002000,16-07-2024 03:00,0,"","","","","","","","","","","","","","","","","","","","","","","","","","","","","","","","","","","","","","","","","","","","","","","","",""
2567,Ujjani Dam Rain Gauge,Maharashtra SW,27,Maharashtra,496,Solapur,-,-,-,-,-,-,-,-,-,18.07402000,75.12002000,16-07-2024 07:00,0,0,0,0,0,0,0,0,0,0,0,0,0,0,0,0,0,0,0,0,0,0,0,0,0,0,0,0,0,0,0,0,0,0,0,0,0,0,0,0,0,0,0,0,"","","","","",""
2568,Ujjani Dam Rain Gauge,Maharashtra SW,27,Maharashtra,496,Solapur,-,-,-,-,-,-,-,-,-,18.07402000,75.12002000,16-07-2024 08:00,0,0,0,0,0,0,0,0,0,0,0,0,0,0,0,0,0,0,0,0,0,0,0,0,0,0,0,0,0,0,0,0,0,0,0,0,0,0,0,0,0,0,0,0,"","","","","",""
2569,Ujjani Dam Rain Gauge,Maharashtra SW,27,Maharashtra,496,Solapur,-,-,-,-,-,-,-,-,-,18.07402000,75.12002000,16-07-2024 09:00,0,0,0,0,0,0,0,0,0,0,0,0,0,0,0,0,0,0,0,0,0,0,0,0,0,0,0,0,0,0,0,0,0,0,0,0,0,0,0,0,0,0,0,0,"","","","","",""
2570,Ujjani Dam Rain Gauge,Maharashtra SW,27,Maharashtra,496,Solapur,-,-,-,-,-,-,-,-,-,18.07402000,75.12002000,16-07-2024 10:00,0,0,0,0,0,0,0,0,0,0,0,0,0,0,0,0,0,0,0,0,0,0,0,0,0,0,0,0,0,0,0,0,0,0,0,0,0,0,0,0,0,0,0,0,"","","","","",""
2571,Ujjani Dam Rain Gauge,Maharashtra SW,27,Maharashtra,496,Solapur,-,-,-,-,-,-,-,-,-,18.07402000,75.12002000,16-07-2024 14:00,0,0,0,0,0,0,0,0,0,0,0,0,0,0,0,0,0,0,0,0,0,0,0,0,0,0,0,0,0,0,0,0,0,0,0,0,0,0,0,0,0,0,0,0,"","","","","",""
2572,Ujjani Dam Rain Gauge,Maharashtra SW,27,Maharashtra,496,Solapur,-,-,-,-,-,-,-,-,-,18.07402000,75.12002000,16-07-2024 15:00,0,0,0,0,0,0,0,0,0,0,0,0,0,0,0,0,0,0,0,0,0,0,0,0,0,0,0,0,0,0,0,0,0,0,0,0,0,0,0,0,0,0,0,0,"","","","","",""
2573,Ujjani Dam Rain Gauge,Maharashtra SW,27,Maharashtra,496,Solapur,-,-,-,-,-,-,-,-,-,18.07402000,75.12002000,16-07-2024 16:00,0,0,0,0,0,0,0,0,0,0,0,0,0,0,0,0,0,0,0,0,0,0,0,0,0,0,0,0,0,0,0,0,0,0,0,0,0,0,0,0,0,0,0,0,"","","","","",""
2574,Ujjani Dam Rain Gauge,Maharashtra SW,27,Maharashtra,496,Solapur,-,-,-,-,-,-,-,-,-,18.07402000,75.12002000,16-07-2024 17:00,0,0,0,0,0,0,0,0,0,0,0,0,0,0,0,0,0,0,0,0,0,0,0,0,0,0,0,0,0,0,0,0,0,0,0,0,0,0,0,0,0,0,0,0,"","","","","",""
2575,Ujjani Dam Rain Gauge,Maharashtra SW,27,Maharashtra,496,Solapur,-,-,-,-,-,-,-,-,-,18.07402000,75.12002000,16-07-2024 18:00,0,0,0,0,0,0,0,0,0,0,0,0,0,0,0,0,0,0,0,0,0,0,0,0,0,0,0,0,0,0,0,0,0,0,0,0,0,0,0,0,0,0,0,0,"","","","","",""
2576,Ujjani Dam Rain Gauge,Maharashtra SW,27,Maharashtra,496,Solapur,-,-,-,-,-,-,-,-,-,18.07402000,75.12002000,16-07-2024 21:00,0,0,0,0,0,0,0,0,0,0,0,0,0,0,0,0,0,0,0,0,0,0,0,0,0,0,0,0,0,0,0,0,0,0,0,0,0,0,0,0,0,0,0,0,"","","","","",""
2577,Ujjani Dam Rain Gauge,Maharashtra SW,27,Maharashtra,496,Solapur,-,-,-,-,-,-,-,-,-,18.07402000,75.12002000,16-07-2024 22:00,0,0,0,0,0,0,0,0,0,0,0,0,0,0,0,0,0,0,0,0,0,0,0,0,0,0,0,0,0,0,0,0,0,0,0,0,0,0,0,0,0,0,0,0,"","","","","",""
2578,Ujjani Dam Rain Gauge,Maharashtra SW,27,Maharashtra,496,Solapur,-,-,-,-,-,-,-,-,-,18.07402000,75.12002000,16-07-2024 23:00,0,0,0,0,0,0,0,0,0,0,0,0,0,0,0,0,0,0,0,0,0,0,0,0,0,0,0,0,0,0,0,0,0,0,0,0,0,0,0,0,0,0,0,0,"","","","","",""
2579,Ujjani Dam Rain Gauge,Maharashtra SW,27,Maharashtra,496,Solapur,-,-,-,-,-,-,-,-,-,18.07402000,75.12002000,17-07-2024 01:00,0,0,0,0,0,0,0,0,0,0,0,0,0,0,0,0,0,0,0,0,0,0,0,0,0,0,0,0,0,0,0,0,0,0,0,0,0,0,0,0,0,0,0,0,"","","","","",""
2580,Ujjani Dam Rain Gauge,Maharashtra SW,27,Maharashtra,496,Solapur,-,-,-,-,-,-,-,-,-,18.07402000,75.12002000,17-07-2024 02:00,0,0,0,0,0,0,0,0,0,0,0,0,0,0,0,0,0,0,0,0,0,0,0,0,0,0,0,0,0,0,0,0,0,0,0,0,0,0,0,0,0,0,0,0,"","","","","",""
2581,Ujjani Dam Rain Gauge,Maharashtra SW,27,Maharashtra,496,Solapur,-,-,-,-,-,-,-,-,-,18.07402000,75.12002000,17-07-2024 03:00,0,0,0,0,0,0,0,0,0,0,0,0,0,0,0,0,0,0,0,0,0,0,0,0,0,0,0,0,0,0,0,0,0,0,0,0,0,0,0,0,0,0,0,0,"","","","","",""
2582,Ujjani Dam Rain Gauge,Maharashtra SW,27,Maharashtra,496,Solapur,-,-,-,-,-,-,-,-,-,18.07402000,75.12002000,17-07-2024 04:00,0,0,0,0,0,0,0,0,0,0,0,0,0,0,0,0,0,0,0,0,0,0,0,0,0,0,0,0,0,0,0,0,0,0,0,0,0,0,0,0,0,0,0,0,"","","","","",""
2583,Ujjani Dam Rain Gauge,Maharashtra SW,27,Maharashtra,496,Solapur,-,-,-,-,-,-,-,-,-,18.07402000,75.12002000,17-07-2024 05:00,0,0,0,0,0,0,0,0,0,0,0,0,0,0,0,0,0,0,0,0,0,0,0,0,0,0,0,0,0,0,0,0,0,0,0,0,0,0,0,0,0,0,0,0,"","","","","",""
2584,Ujjani Dam Rain Gauge,Maharashtra SW,27,Maharashtra,496,Solapur,-,-,-,-,-,-,-,-,-,18.07402000,75.12002000,17-07-2024 09:00,0,0,0,0,0,0,0,0,0,0,0,0,0,0,0,0,0,0,0,0,0,0,0,0,0,0,0,0,0,0,0,0,0,0,0,0,0,0,0,0,0,0,0,0,"","","","","",""
2585,Ujjani Dam Rain Gauge,Maharashtra SW,27,Maharashtra,496,Solapur,-,-,-,-,-,-,-,-,-,18.07402000,75.12002000,17-07-2024 10:00,0,0,0,0,0,0,0,0,0,0,0,0,0,0,0,0,0,0,0,0,0,0,0,0,0,0,0,0,0,0,0,0,0,0,0,0,0,0,0,0,0,0,0,0,"","","","","",""
2586,Ujjani Dam Rain Gauge,Maharashtra SW,27,Maharashtra,496,Solapur,-,-,-,-,-,-,-,-,-,18.07402000,75.12002000,17-07-2024 11:00,0,0,0,0,0,0,0,0,0,0,0,0,0,0,0,0,0,0,0,0,0,0,0,0,0,0,0,0,0,0,0,0,0,0,0,0,0,0,0,0,0,0,0,0,"","","","","",""
2587,Ujjani Dam Rain Gauge,Maharashtra SW,27,Maharashtra,496,Solapur,-,-,-,-,-,-,-,-,-,18.07402000,75.12002000,17-07-2024 13:00,0,0,0,0,0,0,0,0,0,0,0,0,0,0,0,0,0,0,0,0,0,0,0,0,0,0,0,0,0,0,0,0,0,0,0,0,0,0,0,0,0,0,0,0,"","","","","",""
2588,Ujjani Dam Rain Gauge,Maharashtra SW,27,Maharashtra,496,Solapur,-,-,-,-,-,-,-,-,-,18.07402000,75.12002000,18-07-2024 05:00,0,0,0,0,0,0,0,0,0,0,0,0,0,0,0,0,0,0,0,0,0,0,0,0,0,0,0,0,0,0,0,0,0,0,0,0,0,0,0,0,0,0,0,0,"","","","","",""
2589,Ujjani Dam Rain Gauge,Maharashtra SW,27,Maharashtra,496,Solapur,-,-,-,-,-,-,-,-,-,18.07402000,75.12002000,18-07-2024 08:00,0,0,0,0,0,0,0,0,0,0,0,0,0,0,0,0,0,0,0,0,0,0,0,0,0,0,0,0,0,0,0,0,0,0,0,0,0,0,0,0,0,0,0,0,"","","","","",""
2590,Ujjani Dam Rain Gauge,Maharashtra SW,27,Maharashtra,496,Solapur,-,-,-,-,-,-,-,-,-,18.07402000,75.12002000,18-07-2024 09:00,0,0,0,0,0,0,0,0,0,0,0,0,0,0,0,0,0,0,0,0,0,0,0,0,0,0,0,0,0,0,0,0,0,0,0,0,0,0,0,0,0,0,0,0,"","","","","",""
2591,Ujjani Dam Rain Gauge,Maharashtra SW,27,Maharashtra,496,Solapur,-,-,-,-,-,-,-,-,-,18.07402000,75.12002000,18-07-2024 10:00,0,0,0,0,0,0,0,0,0,0,0,0,0,0,0,0,0,0,0,0,0,0,0,0,0,0,0,0,0,0,0,0,0,0,0,0,0,0,0,0,0,0,0,0,"","","","","",""
2592,Ujjani Dam Rain Gauge,Maharashtra SW,27,Maharashtra,496,Solapur,-,-,-,-,-,-,-,-,-,18.07402000,75.12002000,18-07-2024 11:00,0,0,0,0,0,0,0,0,0,0,0,0,0,0,0,0,0,0,0,0,0,0,0,0,0,0,0,0,0,0,0,0,0,0,0,0,0,0,0,0,0,0,0,0,"","","","","",""
2593,Ujjani Dam Rain Gauge,Maharashtra SW,27,Maharashtra,496,Solapur,-,-,-,-,-,-,-,-,-,18.07402000,75.12002000,18-07-2024 12:00,0,0,0,0,0,0,0,0,0,0,0,0,0,0,0,0,0,0,0,0,0,0,0,0,0,0,0,0,0,0,0,0,0,0,0,0,0,0,0,0,0,0,0,0,"","","","","",""
2594,Ujjani Dam Rain Gauge,Maharashtra SW,27,Maharashtra,496,Solapur,-,-,-,-,-,-,-,-,-,18.07402000,75.12002000,18-07-2024 15:00,0,0,0,0,0,0,0,0,0,0,0,0,0,0,0,0,0,0,0,0,0,0,0,0,0,0,0,0,0,0,0,0,0,0,0,0,0,0,0,0,0,0,0,0,"","","","","",""
2595,Ujjani Dam Rain Gauge,Maharashtra SW,27,Maharashtra,496,Solapur,-,-,-,-,-,-,-,-,-,18.07402000,75.12002000,18-07-2024 16:00,0,0,0,0,0,0,0,0,0,0,0,0,0,0,0,0,0,0,0,0,0,0,0,0,0,0,0,0,0,0,0,0,0,0,0,0,0,0,0,0,0,0,0,0,"","","","","",""
2596,Ujjani Dam Rain Gauge,Maharashtra SW,27,Maharashtra,496,Solapur,-,-,-,-,-,-,-,-,-,18.07402000,75.12002000,18-07-2024 17:00,0,0,0,0,0,0,0,0,0,0,0,0,0,0,0,0,0,0,0,0,0,0,0,0,0,0,0,0,0,0,0,0,0,0,0,0,0,0,0,0,0,0,0,0,"","","","","",""
2597,Ujjani Dam Rain Gauge,Maharashtra SW,27,Maharashtra,496,Solapur,-,-,-,-,-,-,-,-,-,18.07402000,75.12002000,20-08-2024 16:00,0,0,0,0,0,0,0,0,0,0,0,0,0,0,0,0,0,0,0,0,0,0,0,0,0,0,0,0,0,0,0,0,0,0,0,0,0,0,0,0,0,0,0,0,"","","","","",""
2598,Ujjani Dam Rain Gauge,Maharashtra SW,27,Maharashtra,496,Solapur,-,-,-,-,-,-,-,-,-,18.07402000,75.12002000,20-08-2024 17:00,0,0,0,0,0,0,0,0,0,0,0,0,0,0,0,0,0,0,0,0,0,0,0,0,0,0,0,0,0,0,0,0,0,0,0,0,0,0,0,0,0,0,0,0,"","","","","",""
2599,Ujjani Dam Rain Gauge,Maharashtra SW,27,Maharashtra,496,Solapur,-,-,-,-,-,-,-,-,-,18.07402000,75.12002000,20-08-2024 19:00,0,0,0,0,0,0,0,0,0,0,0,0,0,0,0,0,0,0,0,0,0,0,0,0,0,0,0,0,0,0,0,0,0,0,0,0,0,0,0,0,0,0,0,0,"","","","","",""
2600,Ujjani Dam Rain Gauge,Maharashtra SW,27,Maharashtra,496,Solapur,-,-,-,-,-,-,-,-,-,18.07402000,75.12002000,20-08-2024 20:00,0,0,0,0,0,0,0,0,0,0,0,0,0,0,0,0,0,0,0,0,0,0,0,0,0,0,0,0,0,0,0,0,0,0,0,0,0,0,0,0,0,0,0,0,"","","","","",""
2601,Ujjani Dam Rain Gauge,Maharashtra SW,27,Maharashtra,496,Solapur,-,-,-,-,-,-,-,-,-,18.07402000,75.12002000,20-08-2024 21:00,0,0,0,0,0,0,0,0,0,0,0,0,0,0,0,0,0,0,0,0,0,0,0,0,0,0,0,0,0,0,0,0,0,0,0,0,0,0,0,0,0,0,0,0,"","","","","",""
2602,Ujjani Dam Rain Gauge,Maharashtra SW,27,Maharashtra,496,Solapur,-,-,-,-,-,-,-,-,-,18.07402000,75.12002000,20-08-2024 22:00,0,0,0,0,0,0,0,0,0,0,0,0,0,0,0,0,0,0,0,0,0,0,0,0,0,0,0,0,0,0,0,0,0,0,0,0,0,0,0,0,0,0,0,0,"","","","","",""
2603,Ujjani Dam Rain Gauge,Maharashtra SW,27,Maharashtra,496,Solapur,-,-,-,-,-,-,-,-,-,18.07402000,75.12002000,20-08-2024 23:00,0,0,0,0,0,0,0,0,0,0,0,0,0,0,0,0,0,0,0,0,0,0,0,0,0,0,0,0,0,0,0,0,0,0,0,0,0,0,0,0,0,0,0,0,"","","","","",""
2604,Ujjani Dam Rain Gauge,Maharashtra SW,27,Maharashtra,496,Solapur,-,-,-,-,-,-,-,-,-,18.07402000,75.12002000,21-08-2024 00:00,0,0,0,0,0,0,0,0,0,0,0,0,0,0,0,0,0,0,0,0,0,0,0,0,0,0,0,0,0,0,0,0,0,0,0,0,0,0,0,0,0,0,0,0,"","","","","",""
2605,Ujjani Dam Rain Gauge,Maharashtra SW,27,Maharashtra,496,Solapur,-,-,-,-,-,-,-,-,-,18.07402000,75.12002000,21-08-2024 01:00,0,0,0,0,0,0,0,0,0,0,0,0,0,0,0,0,0,0,0,0,0,0,0,0,0,0,0,0,0,0,0,0,0,0,0,0,0,0,0,0,0,0,0,0,"","","","","",""
2606,Ujjani Dam Rain Gauge,Maharashtra SW,27,Maharashtra,496,Solapur,-,-,-,-,-,-,-,-,-,18.07402000,75.12002000,21-08-2024 13:00,0,0,0,0,0,0,0,0,0,0,0,0,0,0,0,0,0,0,0,0,0,0,0,0,0,0,0,0,0,0,0,0,0,0,0,0,0,0,0,0,0,0,0,0,"","","","","",""
2607,Ujjani Dam Rain Gauge,Maharashtra SW,27,Maharashtra,496,Solapur,-,-,-,-,-,-,-,-,-,18.07402000,75.12002000,21-08-2024 14:00,0,0,0,0,0,0,0,0,0,0,0,0,0,0,0,0,0,0,0,0,0,0,0,0,0,0,0,0,0,0,0,0,0,0,0,0,0,0,0,0,0,0,0,0,"","","","","",""
2608,Ujjani Dam Rain Gauge,Maharashtra SW,27,Maharashtra,496,Solapur,-,-,-,-,-,-,-,-,-,18.07402000,75.12002000,21-08-2024 15:00,0,0,0,0,0,0,0,0,0,0,0,0,0,0,0,0,0,0,0,0,0,0,0,0,0,0,0,0,0,0,0,0,0,0,0,0,0,0,0,0,0,0,0,0,"","","","","",""
2609,Ujjani Dam Rain Gauge,Maharashtra SW,27,Maharashtra,496,Solapur,-,-,-,-,-,-,-,-,-,18.07402000,75.12002000,21-08-2024 16:00,0,0,0,0,0,0,0,0,0,0,0,0,0,0,0,0,0,0,0,0,0,0,0,0,0,0,0,0,0,0,0,0,0,0,0,0,0,0,0,0,0,0,0,0,"","","","","",""
2610,Ujjani Dam Rain Gauge,Maharashtra SW,27,Maharashtra,496,Solapur,-,-,-,-,-,-,-,-,-,18.07402000,75.12002000,21-08-2024 17:00,0,0,0,0,0,0,0,0,0,0,0,0,0,0,0,0,0,0,0,0,0,0,0,0,0,0,0,0,0,0,0,0,0,0,0,0,0,0,0,0,0,0,0,0,"","","","","",""
2611,Ujjani Dam Rain Gauge,Maharashtra SW,27,Maharashtra,496,Solapur,-,-,-,-,-,-,-,-,-,18.07402000,75.12002000,21-08-2024 19:00,0,0,0,0,0,0,0,0,0,0,0,0,0,0,0,0,0,0,0,0,0,0,0,0,0,0,0,0,0,0,0,0,0,0,0,0,0,0,0,0,0,0,0,0,"","","","","",""
2612,Ujjani Dam Rain Gauge,Maharashtra SW,27,Maharashtra,496,Solapur,-,-,-,-,-,-,-,-,-,18.07402000,75.12002000,21-08-2024 20:00,0,0,0,0,0,0,0,0,0,0,0,0,0,0,0,0,0,0,0,0,0,0,0,0,0,0,0,0,0,0,0,0,0,0,0,0,0,0,0,0,0,0,0,0,"","","","","",""
2613,Ujjani Dam Rain Gauge,Maharashtra SW,27,Maharashtra,496,Solapur,-,-,-,-,-,-,-,-,-,18.07402000,75.12002000,21-08-2024 21:00,0,0,0,0,0,0,0,0,0,0,0,0,0,0,0,0,0,0,0,0,0,0,0,0,0,0,0,0,0,0,0,0,0,0,0,0,0,0,0,0,0,0,0,0,"","","","","",""
2614,Ujjani Dam Rain Gauge,Maharashtra SW,27,Maharashtra,496,Solapur,-,-,-,-,-,-,-,-,-,18.07402000,75.12002000,21-08-2024 23:00,0,0,0,0,0,0,0,0,0,0,0,0,0,0,0,0,0,0,0,0,0,0,0,0,0,0,0,0,0,0,0,0,0,0,0,0,0,0,0,0,0,0,0,0,"","","","","",""
2615,Ujjani Dam Rain Gauge,Maharashtra SW,27,Maharashtra,496,Solapur,-,-,-,-,-,-,-,-,-,18.07402000,75.12002000,22-08-2024 00:00,0,0,0,0,0,0,0,0,0,0,0,0,0,0,0,0,0,0,0,0,0,0,0,0,0,0,0,0,0,0,0,0,0,0,0,0,0,0,0,0,0,0,0,0,"","","","","",""
2616,Ujjani Dam Rain Gauge,Maharashtra SW,27,Maharashtra,496,Solapur,-,-,-,-,-,-,-,-,-,18.07402000,75.12002000,22-08-2024 01:00,0,0,0,0,0,0,0,0,0,0,0,0,0,0,0,0,0,0,0,0,0,0,0,0,0,0,0,0,0,0,0,0,0,0,0,0,0,0,0,0,0,0,0,0,"","","","","",""
2617,Ujjani Dam Rain Gauge,Maharashtra SW,27,Maharashtra,496,Solapur,-,-,-,-,-,-,-,-,-,18.07402000,75.12002000,22-08-2024 02:00,0,0,0,0,0,0,0,0,0,0,0,0,0,0,0,0,0,0,0,0,0,0,0,0,0,0,0,0,0,0,0,0,0,0,0,0,0,0,0,0,0,0,0,0,"","","","","",""
2618,Ujjani Dam Rain Gauge,Maharashtra SW,27,Maharashtra,496,Solapur,-,-,-,-,-,-,-,-,-,18.07402000,75.12002000,22-08-2024 03:00,0,0,0,0,0,0,0,0,0,0,0,0,0,0,0,0,0,0,0,0,0,0,0,0,0,0,0,0,0,0,0,0,0,0,0,0,0,0,0,0,0,0,0,0,"","","","","",""
2619,Ujjani Dam Rain Gauge,Maharashtra SW,27,Maharashtra,496,Solapur,-,-,-,-,-,-,-,-,-,18.07402000,75.12002000,22-08-2024 04:00,0,0,0,0,0,0,0,0,0,0,0,0,0,0,0,0,0,0,0,0,0,0,0,0,0,0,0,0,0,0,0,0,0,0,0,0,0,0,0,0,0,0,0,0,"","","","","",""
2620,Ujjani Dam Rain Gauge,Maharashtra SW,27,Maharashtra,496,Solapur,-,-,-,-,-,-,-,-,-,18.07402000,75.12002000,22-08-2024 05:00,0,0,0,0,0,0,0,0,0,0,0,0,0,0,0,0,0,0,0,0,0,0,0,0,0,0,0,0,0,0,0,0,0,0,0,0,0,0,0,0,0,0,0,0,"","","","","",""
2621,Ujjani Dam Rain Gauge,Maharashtra SW,27,Maharashtra,496,Solapur,-,-,-,-,-,-,-,-,-,18.07402000,75.12002000,22-08-2024 06:00,0,0,0,0,0,0,0,0,0,0,0,0,0,0,0,0,0,0,0,0,0,0,0,0,0,0,0,0,0,0,0,0,0,0,0,0,0,0,0,0,0,0,0,0,"","","","","",""
2622,Ujjani Dam Rain Gauge,Maharashtra SW,27,Maharashtra,496,Solapur,-,-,-,-,-,-,-,-,-,18.07402000,75.12002000,22-08-2024 07:00,0,0,0,0,0,0,0,0,0,0,0,0,0,0,0,0,0,0,0,0,0,0,0,0,0,0,0,0,0,0,0,0,0,0,0,0,0,0,0,0,0,0,0,0,"","","","","",""
2623,Ujjani Dam Rain Gauge,Maharashtra SW,27,Maharashtra,496,Solapur,-,-,-,-,-,-,-,-,-,18.07402000,75.12002000,22-08-2024 08:00,0,0,0,0,0,0,0,0,0,0,0,0,0,0,0,0,0,0,0,0,0,0,0,0,0,0,0,0,0,0,0,0,0,0,0,0,0,0,0,0,0,0,0,0,"","","","","",""
2624,Ujjani Dam Rain Gauge,Maharashtra SW,27,Maharashtra,496,Solapur,-,-,-,-,-,-,-,-,-,18.07402000,75.12002000,22-08-2024 10:00,0,0,0,0,0,0,0,0,0,0,0,0,0,0,0,0,0,0,0,0,0,0,0,0,0,0,0,0,0,0,0,0,0,0,0,0,0,0,0,0,0,0,0,0,"","","","","",""
2625,Ujjani Dam Rain Gauge,Maharashtra SW,27,Maharashtra,496,Solapur,-,-,-,-,-,-,-,-,-,18.07402000,75.12002000,22-08-2024 11:00,0,0,0,0,0,0,0,0,0,0,0,0,0,0,0,0,0,0,0,0,0,0,0,0,0,0,0,0,0,0,0,0,0,0,0,0,0,0,0,0,0,0,0,0,"","","","","",""
2626,Ujjani Dam Rain Gauge,Maharashtra SW,27,Maharashtra,496,Solapur,-,-,-,-,-,-,-,-,-,18.07402000,75.12002000,22-08-2024 12:00,0,0,0,0,0,0,0,0,0,0,0,0,0,0,0,0,0,0,0,0,0,0,0,0,0,0,0,0,0,0,0,0,0,0,0,0,0,0,0,0,0,0,0,0,"","","","","",""
2627,Ujjani Dam Rain Gauge,Maharashtra SW,27,Maharashtra,496,Solapur,-,-,-,-,-,-,-,-,-,18.07402000,75.12002000,22-08-2024 13:00,0,0,0,0,0,0,0,0,0,0,0,0,0,0,0,0,0,0,0,0,0,0,0,0,0,0,0,0,0,0,0,0,0,0,0,0,0,0,0,0,0,0,0,0,"","","","","",""
2628,Ujjani Dam Rain Gauge,Maharashtra SW,27,Maharashtra,496,Solapur,-,-,-,-,-,-,-,-,-,18.07402000,75.12002000,22-08-2024 14:00,0,0,0,0,0,0,0,0,0,0,0,0,0,0,0,0,0,0,0,0,0,0,0,0,0,0,0,0,0,0,0,0,0,0,0,0,0,0,0,0,0,0,0,0,"","","","","",""
2629,Ujjani Dam Rain Gauge,Maharashtra SW,27,Maharashtra,496,Solapur,-,-,-,-,-,-,-,-,-,18.07402000,75.12002000,22-08-2024 15:00,0,0,0,0,0,0,0,0,0,0,0,0,0,0,0,0,0,0,0,0,0,0,0,0,0,0,0,0,0,0,0,0,0,0,0,0,0,0,0,0,0,0,0,0,"","","","","",""
2630,Ujjani Dam Rain Gauge,Maharashtra SW,27,Maharashtra,496,Solapur,-,-,-,-,-,-,-,-,-,18.07402000,75.12002000,22-08-2024 16:00,0,0,0,0,0,0,0,0,0,0,0,0,0,0,0,0,0,0,0,0,0,0,0,0,0,0,0,0,0,0,0,0,0,0,0,0,0,0,0,0,0,0,0,0,"","","","","",""
2631,Ujjani Dam Rain Gauge,Maharashtra SW,27,Maharashtra,496,Solapur,-,-,-,-,-,-,-,-,-,18.07402000,75.12002000,22-08-2024 18:00,0,0,0,0,0,0,0,0,0,0,0,0,0,0,0,0,0,0,0,0,0,0,0,0,0,0,0,0,0,0,0,0,0,0,0,0,0,0,0,0,0,0,0,0,"","","","","",""
2632,Ujjani Dam Rain Gauge,Maharashtra SW,27,Maharashtra,496,Solapur,-,-,-,-,-,-,-,-,-,18.07402000,75.12002000,22-08-2024 19:00,0,0,0,0,0,0,0,0,0,0,0,0,0,0,0,0,0,0,0,0,0,0,0,0,0,0,0,0,0,0,0,0,0,0,0,0,0,0,0,0,0,0,0,0,"","","","","",""
2633,Ujjani Dam Rain Gauge,Maharashtra SW,27,Maharashtra,496,Solapur,-,-,-,-,-,-,-,-,-,18.07402000,75.12002000,22-08-2024 20:00,0,0,0,0,0,0,0,0,0,0,0,0,0,0,0,0,0,0,0,0,0,0,0,0,0,0,0,0,0,0,0,0,0,0,0,0,0,0,0,0,0,0,0,0,"","","","","",""
2634,Ujjani Dam Rain Gauge,Maharashtra SW,27,Maharashtra,496,Solapur,-,-,-,-,-,-,-,-,-,18.07402000,75.12002000,22-08-2024 21:00,0,0,0,0,0,0,0,0,0,0,0,0,0,0,0,0,0,0,0,0,0,0,0,0,0,0,0,0,0,0,0,0,0,0,0,0,0,0,0,0,0,0,0,0,"","","","","",""
2635,Ujjani Dam Rain Gauge,Maharashtra SW,27,Maharashtra,496,Solapur,-,-,-,-,-,-,-,-,-,18.07402000,75.12002000,22-08-2024 22:00,0,0,0,0,0,0,0,0,0,0,0,0,0,0,0,0,0,0,0,0,0,0,0,0,0,0,0,0,0,0,0,0,0,0,0,0,0,0,0,0,0,0,0,0,"","","","","",""
2636,Ujjani Dam Rain Gauge,Maharashtra SW,27,Maharashtra,496,Solapur,-,-,-,-,-,-,-,-,-,18.07402000,75.12002000,22-08-2024 23:00,0,0,0,0,0,0,0,0,0,0,0,0,0,0,0,0,0,0,0,0,0,0,0,0,0,0,0,0,0,0,0,0,0,0,0,0,0,0,0,0,0,0,0,0,"","","","","",""
2637,Ujjani Dam Rain Gauge,Maharashtra SW,27,Maharashtra,496,Solapur,-,-,-,-,-,-,-,-,-,18.07402000,75.12002000,23-08-2024 01:00,0,0,0,0,0,0,0,0,0,0,0,0,0,0,0,0,0,0,0,0,0,0,0,0,0,0,0,0,0,0,0,0,0,0,0,0,0,0,0,0,0,0,0,0,"","","","","",""
2638,Ujjani Dam Rain Gauge,Maharashtra SW,27,Maharashtra,496,Solapur,-,-,-,-,-,-,-,-,-,18.07402000,75.12002000,29-08-2024 17:00,0,0,0,0,0,0,0,0,0,0,0,0,0,0,0,0,0,0,0,0,0,0,0,0,0,0,0,0,0,0,0,0,0,0,0,0,0,0,0,0,0,0,0,0,"","","","","",""
2639,Ujjani Dam Rain Gauge,Maharashtra SW,27,Maharashtra,496,Solapur,-,-,-,-,-,-,-,-,-,18.07402000,75.12002000,29-08-2024 18:00,0,0,0,0,0,0,0,0,0,0,0,0,0,0,0,0,0,0,0,0,0,0,0,0,0,0,0,0,0,0,0,0,0,0,0,0,0,0,0,0,0,0,0,0,"","","","","",""
2640,Ujjani Dam Rain Gauge,Maharashtra SW,27,Maharashtra,496,Solapur,-,-,-,-,-,-,-,-,-,18.07402000,75.12002000,29-08-2024 19:00,0,0,0,0,0,0,0,0,0,0,0,0,0,0,0,0,0,0,0,0,0,0,0,0,0,0,0,0,0,0,0,0,0,0,0,0,0,0,0,0,0,0,0,0,"","","","","",""
2641,Ujjani Dam Rain Gauge,Maharashtra SW,27,Maharashtra,496,Solapur,-,-,-,-,-,-,-,-,-,18.07402000,75.12002000,29-08-2024 20:00,0,0,0,0,0,0,0,0,0,0,0,0,0,0,0,0,0,0,0,0,0,0,0,0,0,0,0,0,0,0,0,0,0,0,0,0,0,0,0,0,0,0,0,0,"","","","","",""
2642,Ujjani Dam Rain Gauge,Maharashtra SW,27,Maharashtra,496,Solapur,-,-,-,-,-,-,-,-,-,18.07402000,75.12002000,29-08-2024 21:00,0,0,0,0,0,0,0,0,0,0,0,0,0,0,0,0,0,0,0,0,0,0,0,0,0,0,0,0,0,0,0,0,0,0,0,0,0,0,0,0,0,0,0,0,"","","","","",""
2643,Ujjani Dam Rain Gauge,Maharashtra SW,27,Maharashtra,496,Solapur,-,-,-,-,-,-,-,-,-,18.07402000,75.12002000,29-08-2024 22:00,0,0,0,0,0,0,0,0,0,0,0,0,0,0,0,0,0,0,0,0,0,0,0,0,0,0,0,0,0,0,0,0,0,0,0,0,0,0,0,0,0,0,0,0,"","","","","",""
2644,Ujjani Dam Rain Gauge,Maharashtra SW,27,Maharashtra,496,Solapur,-,-,-,-,-,-,-,-,-,18.07402000,75.12002000,29-08-2024 23:00,0,0,0,0,0,0,0,0,0,0,0,0,0,0,0,0,0,0,0,0,0,0,0,0,0,0,0,0,0,0,0,0,0,0,0,0,0,0,0,0,0,0,0,0,"","","","","",""
2645,Ujjani Dam Rain Gauge,Maharashtra SW,27,Maharashtra,496,Solapur,-,-,-,-,-,-,-,-,-,18.07402000,75.12002000,30-08-2024 00:00,0,0,0,0,0,0,0,0,0,0,0,0,0,0,0,0,0,0,0,0,0,0,0,0,0,0,0,0,0,0,0,0,0,0,0,0,0,0,0,0,0,0,0,0,"","","","","",""
2646,Ujjani Dam Rain Gauge,Maharashtra SW,27,Maharashtra,496,Solapur,-,-,-,-,-,-,-,-,-,18.07402000,75.12002000,30-08-2024 01:00,0,0,0,0,0,0,0,0,0,0,0,0,0,0,0,0,0,0,0,0,0,0,0,0,0,0,0,0,0,0,0,0,0,0,0,0,0,0,0,0,0,0,0,0,"","","","","",""
2647,Ujjani Dam Rain Gauge,Maharashtra SW,27,Maharashtra,496,Solapur,-,-,-,-,-,-,-,-,-,18.07402000,75.12002000,30-08-2024 02:00,0,0,0,0,0,0,0,0,0,0,0,0,0,0,0,0,0,0,0,0,0,0,0,0,0,0,0,0,0,0,0,0,0,0,0,0,0,0,0,0,0,0,0,0,"","","","","",""
2648,Ujjani Dam Rain Gauge,Maharashtra SW,27,Maharashtra,496,Solapur,-,-,-,-,-,-,-,-,-,18.07402000,75.12002000,30-08-2024 03:00,0,0,0,0,0,0,0,0,0,0,0,0,0,0,0,0,0,0,0,0,0,0,0,0,0,0,0,0,0,0,0,0,0,0,0,0,0,0,0,0,0,0,0,0,"","","","","",""
2649,Ujjani Dam Rain Gauge,Maharashtra SW,27,Maharashtra,496,Solapur,-,-,-,-,-,-,-,-,-,18.07402000,75.12002000,30-08-2024 05:00,0,0,0,0,0,0,0,0,0,0,0,0,0,0,0,0,0,0,0,0,0,0,0,0,0,0,0,0,0,0,0,0,0,0,0,0,0,0,0,0,0,0,0,0,"","","","","",""
2650,Ujjani Dam Rain Gauge,Maharashtra SW,27,Maharashtra,496,Solapur,-,-,-,-,-,-,-,-,-,18.07402000,75.12002000,30-08-2024 06:00,0,0,0,0,0,0,0,0,0,0,0,0,0,0,0,0,0,0,0,0,0,0,0,0,0,0,0,0,0,0,0,0,0,0,0,0,0,0,0,0,0,0,0,0,"","","","","",""
2651,Ujjani Dam Rain Gauge,Maharashtra SW,27,Maharashtra,496,Solapur,-,-,-,-,-,-,-,-,-,18.07402000,75.12002000,30-08-2024 07:00,0,0,0,0,0,0,0,0,0,0,0,0,0,0,0,0,0,0,0,0,0,0,0,0,0,0,0,0,0,0,0,0,0,0,0,0,0,0,0,0,0,0,0,0,"","","","","",""
2652,Ujjani Dam Rain Gauge,Maharashtra SW,27,Maharashtra,496,Solapur,-,-,-,-,-,-,-,-,-,18.07402000,75.12002000,30-08-2024 08:00,0,0,0,0,0,0,0,0,0,0,0,0,0,0,0,0,0,0,0,0,0,0,0,0,0,0,0,0,0,0,0,0,0,0,0,0,0,0,0,0,0,0,0,0,"","","","","",""
2653,Ujjani Dam Rain Gauge,Maharashtra SW,27,Maharashtra,496,Solapur,-,-,-,-,-,-,-,-,-,18.07402000,75.12002000,30-08-2024 09:00,0,0,0,0,0,0,0,0,0,0,0,0,0,0,0,0,0,0,0,0,0,0,0,0,0,0,0,0,0,0,0,0,0,0,0,0,0,0,0,0,0,0,0,0,"","","","","",""
2654,Ujjani Dam Rain Gauge,Maharashtra SW,27,Maharashtra,496,Solapur,-,-,-,-,-,-,-,-,-,18.07402000,75.12002000,30-08-2024 11:00,0,0,0,0,0,0,0,0,0,0,0,0,0,0,0,0,0,0,0,0,0,0,0,0,0,0,0,0,0,0,0,0,0,0,0,0,0,0,0,0,0,0,0,0,"","","","","",""
2655,Ujjani Dam Rain Gauge,Maharashtra SW,27,Maharashtra,496,Solapur,-,-,-,-,-,-,-,-,-,18.07402000,75.12002000,30-08-2024 12:00,0,0,0,0,0,0,0,0,0,0,0,0,0,0,0,0,0,0,0,0,0,0,0,0,0,0,0,0,0,0,0,0,0,0,0,0,0,0,0,0,0,0,0,0,"","","","","",""
2656,Ujjani Dam Rain Gauge,Maharashtra SW,27,Maharashtra,496,Solapur,-,-,-,-,-,-,-,-,-,18.07402000,75.12002000,30-08-2024 13:00,0,0,0,0,0,0,0,0,0,0,0,0,0,0,0,0,0,0,0,0,0,0,0,0,0,0,0,0,0,0,0,0,0,0,0,0,0,0,0,0,0,0,0,0,"","","","","",""
2657,Ujjani Dam Rain Gauge,Maharashtra SW,27,Maharashtra,496,Solapur,-,-,-,-,-,-,-,-,-,18.07402000,75.12002000,30-08-2024 14:00,0,0,0,0,0,0,0,0,0,0,0,0,0,0,0,0,0,0,0,0,0,0,0,0,0,0,0,0,0,0,0,0,0,0,0,0,0,0,0,0,0,0,0,0,"","","","","",""
2658,Ujjani Dam Rain Gauge,Maharashtra SW,27,Maharashtra,496,Solapur,-,-,-,-,-,-,-,-,-,18.07402000,75.12002000,30-08-2024 15:00,0,0,0,0,0,0,0,0,0,0,0,0,0,0,0,0,0,0,0,0,0,0,0,0,0,0,0,0,0,0,0,0,0,0,0,0,0,0,0,0,0,0,0,0,"","","","","",""
2659,Ujjani Dam Rain Gauge,Maharashtra SW,27,Maharashtra,496,Solapur,-,-,-,-,-,-,-,-,-,18.07402000,75.12002000,30-08-2024 16:00,0,0,0,0,0,0,0,0,0,0,0,0,0,0,0,0,0,0,0,0,0,0,0,0,0,0,0,0,0,0,0,0,0,0,0,0,0,0,0,0,0,0,0,0,"","","","","",""
2660,Ujjani Dam Rain Gauge,Maharashtra SW,27,Maharashtra,496,Solapur,-,-,-,-,-,-,-,-,-,18.07402000,75.12002000,30-08-2024 17:00,0,0,0,0,0,0,0,0,0,0,0,0,0,0,0,0,0,0,0,0,0,0,0,0,0,0,0,0,0,0,0,0,0,0,0,0,0,0,0,0,0,0,0,0,"","","","","",""
2661,Ujjani Dam Rain Gauge,Maharashtra SW,27,Maharashtra,496,Solapur,-,-,-,-,-,-,-,-,-,18.07402000,75.12002000,30-08-2024 19:00,0,0,0,0,0,0,0,0,0,0,0,0,0,0,0,0,0,0,0,0,0,0,0,0,0,0,0,0,0,0,0,0,0,0,0,0,0,0,0,0,0,0,0,0,"","","","","",""
2662,Ujjani Dam Rain Gauge,Maharashtra SW,27,Maharashtra,496,Solapur,-,-,-,-,-,-,-,-,-,18.07402000,75.12002000,30-08-2024 20:00,0,0,0,0,0,0,0,0,0,0,0,0,0,0,0,0,0,0,0,0,0,0,0,0,0,0,0,0,0,0,0,0,0,0,0,0,0,0,0,0,0,0,0,0,"","","","","",""
2663,Ujjani Dam Rain Gauge,Maharashtra SW,27,Maharashtra,496,Solapur,-,-,-,-,-,-,-,-,-,18.07402000,75.12002000,30-08-2024 21:00,0,0,0,0,0,0,0,0,0,0,0,0,0,0,0,0,0,0,0,0,0,0,0,0,0,0,0,0,0,0,0,0,0,0,0,0,0,0,0,0,0,0,0,0,"","","","","",""
2664,Ujjani Dam Rain Gauge,Maharashtra SW,27,Maharashtra,496,Solapur,-,-,-,-,-,-,-,-,-,18.07402000,75.12002000,30-08-2024 22:00,0,0,0,0,0,0,0,0,0,0,0,0,0,0,0,0,0,0,0,0,0,0,0,0,0,0,0,0,0,0,0,0,0,0,0,0,0,0,0,0,0,0,0,0,"","","","","",""
2665,Ujjani Dam Rain Gauge,Maharashtra SW,27,Maharashtra,496,Solapur,-,-,-,-,-,-,-,-,-,18.07402000,75.12002000,30-08-2024 23:00,0,0,0,0,0,0,0,0,0,0,0,0,0,0,0,0,0,0,0,0,0,0,0,0,0,0,0,0,0,0,0,0,0,0,0,0,0,0,0,0,0,0,0,0,"","","","","",""
2666,Ujjani Dam Rain Gauge,Maharashtra SW,27,Maharashtra,496,Solapur,-,-,-,-,-,-,-,-,-,18.07402000,75.12002000,31-08-2024 00:00,0,0,0,0,0,0,0,0,0,0,0,0,0,0,0,0,0,0,0,0,0,0,0,0,0,0,0,0,0,0,0,0,0,0,0,0,0,0,0,0,0,0,0,0,"","","","","",""
2667,Ujjani Dam Rain Gauge,Maharashtra SW,27,Maharashtra,496,Solapur,-,-,-,-,-,-,-,-,-,18.07402000,75.12002000,31-08-2024 01:00,0,0,0,0,0,0,0,0,0,0,0,0,0,0,0,0,0,0,0,0,0,0,0,0,0,0,0,0,0,0,0,0,0,0,0,0,0,0,0,0,0,0,0,0,"","","","","",""
2668,Ujjani Dam Rain Gauge,Maharashtra SW,27,Maharashtra,496,Solapur,-,-,-,-,-,-,-,-,-,18.07402000,75.12002000,31-08-2024 03:00,0,0,0,0,0,0,0,0,0,0,0,0,0,0,0,0,0,0,0,0,0,0,0,0,0,0,0,0,0,0,0,0,0,0,0,0,0,0,0,0,0,0,0,0,"","","","","",""
2669,Ujjani Dam Rain Gauge,Maharashtra SW,27,Maharashtra,496,Solapur,-,-,-,-,-,-,-,-,-,18.07402000,75.12002000,31-08-2024 04:00,0,0,0,0,0,0,0,0,0,0,0,0,0,0,0,0,0,0,0,0,0,0,0,0,0,0,0,0,0,0,0,0,0,0,0,0,0,0,0,0,0,0,0,0,"","","","","",""
2670,Ujjani Dam Rain Gauge,Maharashtra SW,27,Maharashtra,496,Solapur,-,-,-,-,-,-,-,-,-,18.07402000,75.12002000,31-08-2024 05:00,0,0,0,0,0,0,0,0,0,0,0,0,0,0,0,0,0,0,0,0,0,0,0,0,0,0,0,0,0,0,0,0,0,0,0,0,0,0,0,0,0,0,0,0,"","","","","",""
2671,Ujjani Dam Rain Gauge,Maharashtra SW,27,Maharashtra,496,Solapur,-,-,-,-,-,-,-,-,-,18.07402000,75.12002000,31-08-2024 06:00,0,0,0,0,0,0,0,0,0,0,0,0,0,0,0,0,0,0,0,0,0,0,0,0,0,0,0,0,0,0,0,0,0,0,0,0,0,0,0,0,0,0,0,0,"","","","","",""
2672,Ujjani Dam Rain Gauge,Maharashtra SW,27,Maharashtra,496,Solapur,-,-,-,-,-,-,-,-,-,18.07402000,75.12002000,31-08-2024 07:00,0,0,0,0,0,0,0,0,0,0,0,0,0,0,0,0,0,0,0,0,0,0,0,0,0,0,0,0,0,0,0,0,0,0,0,0,0,0,0,0,0,0,0,0,"","","","","",""
2673,Ujjani Dam Rain Gauge,Maharashtra SW,27,Maharashtra,496,Solapur,-,-,-,-,-,-,-,-,-,18.07402000,75.12002000,31-08-2024 08:00,0,0,0,0,0,0,0,0,0,0,0,0,0,0,0,0,0,0,0,0,0,0,0,0,0,0,0,0,0,0,0,0,0,0,0,0,0,0,0,0,0,0,0,0,"","","","","",""
2674,Ujjani Dam Rain Gauge,Maharashtra SW,27,Maharashtra,496,Solapur,-,-,-,-,-,-,-,-,-,18.07402000,75.12002000,31-08-2024 09:00,0,0,0,0,0,0,0,0,0,0,0,0,0,0,0,0,0,0,0,0,0,0,0,0,0,0,0,0,0,0,0,0,0,0,0,0,0,0,0,0,0,0,0,0,"","","","","",""
2675,Ujjani Dam Rain Gauge,Maharashtra SW,27,Maharashtra,496,Solapur,-,-,-,-,-,-,-,-,-,18.07402000,75.12002000,31-08-2024 11:00,0,0,0,0,0,0,0,0,0,0,0,0,0,0,0,0,0,0,0,0,0,0,0,0,0,0,0,0,0,0,0,0,0,0,0,0,0,0,0,0,0,0,0,0,"","","","","",""
2676,Ujjani Dam Rain Gauge,Maharashtra SW,27,Maharashtra,496,Solapur,-,-,-,-,-,-,-,-,-,18.07402000,75.12002000,31-08-2024 12:00,0,0,0,0,0,0,0,0,0,0,0,0,0,0,0,0,0,0,0,0,0,0,0,0,0,0,0,0,0,0,0,0,0,0,0,0,0,0,0,0,0,0,0,0,"","","","","",""
2677,Ujjani Dam Rain Gauge,Maharashtra SW,27,Maharashtra,496,Solapur,-,-,-,-,-,-,-,-,-,18.07402000,75.12002000,31-08-2024 13:00,0,0,0,0,0,0,0,0,0,0,0,0,0,0,0,0,0,0,0,0,0,0,0,0,0,0,0,0,0,0,0,0,0,0,0,0,0,0,0,0,0,0,0,0,"","","","","",""
2678,Ujjani Dam Rain Gauge,Maharashtra SW,27,Maharashtra,496,Solapur,-,-,-,-,-,-,-,-,-,18.07402000,75.12002000,31-08-2024 14:00,0,0,0,0,0,0,0,0,0,0,0,0,0,0,0,0,0,0,0,0,0,0,0,0,0,0,0,0,0,0,0,0,0,0,0,0,0,0,0,0,0,0,0,0,"","","","","",""
2679,Ujjani Dam Rain Gauge,Maharashtra SW,27,Maharashtra,496,Solapur,-,-,-,-,-,-,-,-,-,18.07402000,75.12002000,31-08-2024 15:00,0,0,0,0,0,0,0,0,0,0,0,0,0,0,0,0,0,0,0,0,0,0,0,0,0,0,0,0,0,0,0,0,0,0,0,0,0,0,0,0,0,0,0,0,"","","","","",""
2680,Ujjani Dam Rain Gauge,Maharashtra SW,27,Maharashtra,496,Solapur,-,-,-,-,-,-,-,-,-,18.07402000,75.12002000,31-08-2024 16:00,0,0,0,0,0,0,0,0,0,0,0,0,0,0,0,0,0,0,0,0,0,0,0,0,0,0,0,0,0,0,0,0,0,0,0,0,0,0,0,0,0,0,0,0,"","","","","",""
2681,Ujjani Dam Rain Gauge,Maharashtra SW,27,Maharashtra,496,Solapur,-,-,-,-,-,-,-,-,-,18.07402000,75.12002000,31-08-2024 17:00,0,0,0,0,0,0,0,0,0,0,0,0,0,0,0,0,0,0,0,0,0,0,0,0,0,0,0,0,0,0,0,0,0,0,0,0,0,0,0,0,0,0,0,0,"","","","","",""
2682,Ujjani Dam Rain Gauge,Maharashtra SW,27,Maharashtra,496,Solapur,-,-,-,-,-,-,-,-,-,18.07402000,75.12002000,31-08-2024 19:00,0,0,0,0,0,0,0,0,0,0,0,0,0,0,0,0,0,0,0,0,0,0,0,0,0,0,0,0,0,0,0,0,0,0,0,0,0,0,0,0,0,0,0,0,"","","","","",""
2683,Ujjani Dam Rain Gauge,Maharashtra SW,27,Maharashtra,496,Solapur,-,-,-,-,-,-,-,-,-,18.07402000,75.12002000,31-08-2024 20:00,0,0,0,0,0,0,0,0,0,0,0,0,0,0,0,0,0,0,0,0,0,0,0,0,0,0,0,0,0,0,0,0,0,0,0,0,0,0,0,0,0,0,0,0,"","","","","",""
2684,Ujjani Dam Rain Gauge,Maharashtra SW,27,Maharashtra,496,Solapur,-,-,-,-,-,-,-,-,-,18.07402000,75.12002000,31-08-2024 21:00,0,0,0,0,0,0,0,0,0,0,0,0,0,0,0,0,0,0,0,0,0,0,0,0,0,0,0,0,0,0,0,0,0,0,0,0,0,0,0,0,0,0,0,0,"","","","","",""
2685,Ujjani Dam Rain Gauge,Maharashtra SW,27,Maharashtra,496,Solapur,-,-,-,-,-,-,-,-,-,18.07402000,75.12002000,31-08-2024 22:00,0,0,0,0,0,0,0,0,0,0,0,0,0,0,0,0,0,0,0,0,0,0,0,0,0,0,0,0,0,0,0,0,0,0,0,0,0,0,0,0,0,0,0,0,"","","","","",""
2686,Ujjani Dam Rain Gauge,Maharashtra SW,27,Maharashtra,496,Solapur,-,-,-,-,-,-,-,-,-,18.07402000,75.12002000,31-08-2024 23:00,0,0,0,0,0,0,0,0,0,0,0,0,0,0,0,0,0,0,0,0,0,0,0,0,0,0,0,0,0,0,0,0,0,0,0,0,0,0,0,0,0,0,0,0,"","","","","",""
2687,Ujjani Dam Rain Gauge,Maharashtra SW,27,Maharashtra,496,Solapur,-,-,-,-,-,-,-,-,-,18.07402000,75.12002000,01-09-2024 00:00,0,0,0,0,0,0,0,0,0,0,0,0,0,0,0,0,0,0,0,0,0,0,0,0,0,0,0,0,0,0,0,0,0,0,0,0,0,0,0,0,0,0,0,0,"","","","","",""
2688,Ujjani Dam Rain Gauge,Maharashtra SW,27,Maharashtra,496,Solapur,-,-,-,-,-,-,-,-,-,18.07402000,75.12002000,01-09-2024 02:00,0,0,0,0,0,0,0,0,0,0,0,0,0,0,0,0,0,0,0,0,0,0,0,0,0,0,0,0,0,0,0,0,0,0,0,0,0,0,0,0,0,0,0,0,"","","","","",""
2689,Ujjani Dam Rain Gauge,Maharashtra SW,27,Maharashtra,496,Solapur,-,-,-,-,-,-,-,-,-,18.07402000,75.12002000,01-09-2024 03:00,0,0,0,0,0,0,0,0,0,0,0,0,0,0,0,0,0,0,0,0,0,0,0,0,0,0,0,0,0,0,0,0,0,0,0,0,0,0,0,0,0,0,0,0,"","","","","",""
2690,Ujjani Dam Rain Gauge,Maharashtra SW,27,Maharashtra,496,Solapur,-,-,-,-,-,-,-,-,-,18.07402000,75.12002000,01-09-2024 04:00,0,0,0,0,0,0,0,0,0,0,0,0,0,0,0,0,0,0,0,0,0,0,0,0,0,0,0,0,0,0,0,0,0,0,0,0,0,0,0,0,0,0,0,0,"","","","","",""
2691,Ujjani Dam Rain Gauge,Maharashtra SW,27,Maharashtra,496,Solapur,-,-,-,-,-,-,-,-,-,18.07402000,75.12002000,01-09-2024 05:00,0,0,0,0,0,0,0,0,0,0,0,0,0,0,0,0,0,0,0,0,0,0,0,0,0,0,0,0,0,0,0,0,0,0,0,0,0,0,0,0,0,0,0,0,"","","","","",""
2692,Ujjani Dam Rain Gauge,Maharashtra SW,27,Maharashtra,496,Solapur,-,-,-,-,-,-,-,-,-,18.07402000,75.12002000,01-09-2024 06:00,0,0,0,0,0,0,0,0,0,0,0,0,0,0,0,0,0,0,0,0,0,0,0,0,0,0,0,0,0,0,0,0,0,0,0,0,0,0,0,0,0,0,0,0,"","","","","",""
2693,Ujjani Dam Rain Gauge,Maharashtra SW,27,Maharashtra,496,Solapur,-,-,-,-,-,-,-,-,-,18.07402000,75.12002000,01-09-2024 07:00,0,0,0,0,0,0,0,0,0,0,0,0,0,0,0,0,0,0,0,0,0,0,0,0,0,0,0,0,0,0,0,0,0,0,0,0,0,0,0,0,0,0,0,0,"","","","","",""
2694,Ujjani Dam Rain Gauge,Maharashtra SW,27,Maharashtra,496,Solapur,-,-,-,-,-,-,-,-,-,18.07402000,75.12002000,01-09-2024 08:00,0,0,0,0,0,0,0,0,0,0,0,0,0,0,0,0,0,0,0,0,0,0,0,0,0,0,0,0,0,0,0,0,0,0,0,0,0,0,0,0,0,0,0,0,"","","","","",""
2695,Ujjani Dam Rain Gauge,Maharashtra SW,27,Maharashtra,496,Solapur,-,-,-,-,-,-,-,-,-,18.07402000,75.12002000,01-09-2024 10:00,0,0,0,0,0,0,0,0,0,0,0,0,0,0,0,0,0,0,0,0,0,0,0,0,0,0,0,0,0,0,0,0,0,0,0,0,0,0,0,0,0,0,0,0,"","","","","",""
2696,Ujjani Dam Rain Gauge,Maharashtra SW,27,Maharashtra,496,Solapur,-,-,-,-,-,-,-,-,-,18.07402000,75.12002000,01-09-2024 11:00,0,0,0,0,0,0,0,0,0,0,0,0,0,0,0,0,0,0,0,0,0,0,0,0,0,0,0,0,0,0,0,0,0,0,0,0,0,0,0,0,0,0,0,0,"","","","","",""
2697,Ujjani Dam Rain Gauge,Maharashtra SW,27,Maharashtra,496,Solapur,-,-,-,-,-,-,-,-,-,18.07402000,75.12002000,01-09-2024 12:00,0,0,0,0,0,0,0,0,0,0,0,0,0,0,0,0,0,0,0,0,0,0,0,0,0,0,0,0,0,0,0,0,0,0,0,0,0,0,0,0,0,0,0,0,"","","","","",""
2698,Ujjani Dam Rain Gauge,Maharashtra SW,27,Maharashtra,496,Solapur,-,-,-,-,-,-,-,-,-,18.07402000,75.12002000,01-09-2024 13:00,0,0,0,0,0,0,0,0,0,0,0,0,0,0,0,0,0,0,0,0,0,0,0,0,0,0,0,0,0,0,0,0,0,0,0,0,0,0,0,0,0,0,0,0,"","","","","",""
2699,Ujjani Dam Rain Gauge,Maharashtra SW,27,Maharashtra,496,Solapur,-,-,-,-,-,-,-,-,-,18.07402000,75.12002000,01-09-2024 14:00,0,0,0,0,0,0,0,0,0,0,0,0,0,0,0,0,0,0,0,0,0,0,0,0,0,0,0,0,0,0,0,0,0,0,0,0,0,0,0,0,0,0,0,0,"","","","","",""
2700,Ujjani Dam Rain Gauge,Maharashtra SW,27,Maharashtra,496,Solapur,-,-,-,-,-,-,-,-,-,18.07402000,75.12002000,01-09-2024 15:00,0,0,0,0,0,0,0,0,0,0,0,0,0,0,0,0,0,0,0,0,0,0,0,0,0,0,0,0,0,0,0,0,0,0,0,0,0,0,0,0,0,0,0,0,"","","","","",""
2701,Ujjani Dam Rain Gauge,Maharashtra SW,27,Maharashtra,496,Solapur,-,-,-,-,-,-,-,-,-,18.07402000,75.12002000,01-09-2024 16:00,0,0,0,0,0,0,0,0,0,0,0,0,0,0,0,0,0,0,0,0,0,0,0,0,0,0,0,0,0,0,0,0,0,0,0,0,0,0,0,0,0,0,0,0,"","","","","",""
2702,Ujjani Dam Rain Gauge,Maharashtra SW,27,Maharashtra,496,Solapur,-,-,-,-,-,-,-,-,-,18.07402000,75.12002000,01-09-2024 18:00,0,0,0,0,0,0,0,0,0,0,0,0,0,0,0,0,0,0,0,0,0,0,0,0,0,0,0,0,0,0,0,0,0,0,0,0,0,0,0,0,0,0,0,0,"","","","","",""
2703,Ujjani Dam Rain Gauge,Maharashtra SW,27,Maharashtra,496,Solapur,-,-,-,-,-,-,-,-,-,18.07402000,75.12002000,01-09-2024 19:00,0,0,0,0,0,0,0,0,0,0,0,0,0,0,0,0,0,0,0,0,0,0,0,0,0,0,0,0,0,0,0,0,0,0,0,0,0,0,0,0,0,0,0,0,"","","","","",""
2704,Ujjani Dam Rain Gauge,Maharashtra SW,27,Maharashtra,496,Solapur,-,-,-,-,-,-,-,-,-,18.07402000,75.12002000,01-09-2024 20:00,0,0,0,0,0,0,0,0,0,0,0,0,0,0,0,0,0,0,0,0,0,0,0,0,0,0,0,0,0,0,0,0,0,0,0,0,0,0,0,0,0,0,0,0,"","","","","",""
2705,Ujjani Dam Rain Gauge,Maharashtra SW,27,Maharashtra,496,Solapur,-,-,-,-,-,-,-,-,-,18.07402000,75.12002000,01-09-2024 21:00,0,0,0,0,0,0,0,0,0,0,0,0,0,0,0,0,0,0,0,0,0,0,0,0,0,0,0,0,0,0,0,0,0,0,0,0,0,0,0,0,0,0,0,0,"","","","","",""
2706,Ujjani Dam Rain Gauge,Maharashtra SW,27,Maharashtra,496,Solapur,-,-,-,-,-,-,-,-,-,18.07402000,75.12002000,01-09-2024 22:00,0,0,0,0,0,0,0,0,0,0,0,0,0,0,0,0,0,0,0,0,0,0,0,0,0,0,0,0,0,0,0,0,0,0,0,0,0,0,0,0,0,0,0,0,"","","","","",""
2707,Ujjani Dam Rain Gauge,Maharashtra SW,27,Maharashtra,496,Solapur,-,-,-,-,-,-,-,-,-,18.07402000,75.12002000,01-09-2024 23:00,0,0,0,0,0,0,0,0,0,0,0,0,0,0,0,0,0,0,0,0,0,0,0,0,0,0,0,0,0,0,0,0,0,0,0,0,0,0,0,0,0,0,0,0,"","","","","",""
2708,Ujjani Dam Rain Gauge,Maharashtra SW,27,Maharashtra,496,Solapur,-,-,-,-,-,-,-,-,-,18.07402000,75.12002000,02-09-2024 00:00,0,0,0,0,0,0,0,0,0,0,0,0,0,0,0,0,0,0,0,0,0,0,0,0,0,0,0,0,0,0,0,0,0,0,0,0,0,0,0,0,0,0,0,0,"","","","","",""
2709,Ujjani Dam Rain Gauge,Maharashtra SW,27,Maharashtra,496,Solapur,-,-,-,-,-,-,-,-,-,18.07402000,75.12002000,02-09-2024 02:00,0,0,0,0,0,0,0,0,0,0,0,0,0,0,0,0,0,0,0,0,0,0,0,0,0,0,0,0,0,0,0,0,0,0,0,0,0,0,0,0,0,0,0,0,"","","","","",""
2710,Ujjani Dam Rain Gauge,Maharashtra SW,27,Maharashtra,496,Solapur,-,-,-,-,-,-,-,-,-,18.07402000,75.12002000,02-09-2024 03:00,0,0,0,0,0,0,0,0,0,0,0,0,0,0,0,0,0,0,0,0,0,0,0,0,0,0,0,0,0,0,0,0,0,0,0,0,0,0,0,0,0,0,0,0,"","","","","",""
2711,Ujjani Dam Rain Gauge,Maharashtra SW,27,Maharashtra,496,Solapur,-,-,-,-,-,-,-,-,-,18.07402000,75.12002000,02-09-2024 04:00,0,0,0,0,0,0,0,0,0,0,0,0,0,0,0,0,0,0,0,0,0,0,0,0,0,0,0,0,0,0,0,0,0,0,0,0,0,0,0,0,0,0,0,0,"","","","","",""
2712,Ujjani Dam Rain Gauge,Maharashtra SW,27,Maharashtra,496,Solapur,-,-,-,-,-,-,-,-,-,18.07402000,75.12002000,02-09-2024 05:00,0,0,0,0,0,0,0,0,0,0,0,0,0,0,0,0,0,0,0,0,0,0,0,0,0,0,0,0,0,0,0,0,0,0,0,0,0,0,0,0,0,0,0,0,"","","","","",""
2713,Ujjani Dam Rain Gauge,Maharashtra SW,27,Maharashtra,496,Solapur,-,-,-,-,-,-,-,-,-,18.07402000,75.12002000,02-09-2024 06:00,0,0,0,0,0,0,0,0,0,0,0,0,0,0,0,0,0,0,0,0,0,0,0,0,0,0,0,0,0,0,0,0,0,0,0,0,0,0,0,0,0,0,0,0,"","","","","",""
2714,Ujjani Dam Rain Gauge,Maharashtra SW,27,Maharashtra,496,Solapur,-,-,-,-,-,-,-,-,-,18.07402000,75.12002000,02-09-2024 08:00,0,0,0,0,0,0,0,0,0,0,0,0,0,0,0,0,0,0,0,0,0,0,0,0,0,0,0,0,0,0,0,0,0,0,0,0,0,0,0,0,0,0,0,0,"","","","","",""
2715,Ujjani Dam Rain Gauge,Maharashtra SW,27,Maharashtra,496,Solapur,-,-,-,-,-,-,-,-,-,18.07402000,75.12002000,02-09-2024 10:00,0,0,0,0,0,0,0,0,0,0,0,0,0,0,0,0,0,0,0,0,0,0,0,0,0,0,0,0,0,0,0,0,0,0,0,0,0,0,0,0,0,0,0,0,"","","","","",""
2716,Ujjani Dam Rain Gauge,Maharashtra SW,27,Maharashtra,496,Solapur,-,-,-,-,-,-,-,-,-,18.07402000,75.12002000,02-09-2024 11:00,0,0,0,0,0,0,0,0,0,0,0,0,0,0,0,0,0,0,0,0,0,0,0,0,0,0,0,0,0,0,0,0,0,0,0,0,0,0,0,0,0,0,0,0,"","","","","",""
2717,Ujjani Dam Rain Gauge,Maharashtra SW,27,Maharashtra,496,Solapur,-,-,-,-,-,-,-,-,-,18.07402000,75.12002000,02-09-2024 12:00,0,0,0,0,0,0,0,0,0,0,0,0,0,0,0,0,0,0,0,0,0,0,0,0,0,0,0,0,0,0,0,0,0,0,0,0,0,0,0,0,0,0,0,0,"","","","","",""
2718,Ujjani Dam Rain Gauge,Maharashtra SW,27,Maharashtra,496,Solapur,-,-,-,-,-,-,-,-,-,18.07402000,75.12002000,02-09-2024 13:00,0,0,0,0,0,0,0,0,0,0,0,0,0,0,0,0,0,0,0,0,0,0,0,0,0,0,0,0,0,0,0,0,0,0,0,0,0,0,0,0,0,0,0,0,"","","","","",""
2719,Ujjani Dam Rain Gauge,Maharashtra SW,27,Maharashtra,496,Solapur,-,-,-,-,-,-,-,-,-,18.07402000,75.12002000,02-09-2024 14:00,0,0,0,0,0,0,0,0,0,0,0,0,0,0,0,0,0,0,0,0,0,0,0,0,0,0,0,0,0,0,0,0,0,0,0,0,0,0,0,0,0,0,0,0,"","","","","",""
2720,Ujjani Dam Rain Gauge,Maharashtra SW,27,Maharashtra,496,Solapur,-,-,-,-,-,-,-,-,-,18.07402000,75.12002000,02-09-2024 15:00,0,0,0,0,0,0,0,0,0,0,0,0,0,0,0,0,0,0,0,0,0,0,0,0,0,0,0,0,0,0,0,0,0,0,0,0,0,0,0,0,0,0,0,0,"","","","","",""
2721,Ujjani Dam Rain Gauge,Maharashtra SW,27,Maharashtra,496,Solapur,-,-,-,-,-,-,-,-,-,18.07402000,75.12002000,02-09-2024 16:00,0,0,0,0,0,0,0,0,0,0,0,0,0,0,0,0,0,0,0,0,0,0,0,0,0,0,0,0,0,0,0,0,0,0,0,0,0,0,0,0,0,0,0,0,"","","","","",""
2722,Ujjani Dam Rain Gauge,Maharashtra SW,27,Maharashtra,496,Solapur,-,-,-,-,-,-,-,-,-,18.07402000,75.12002000,02-09-2024 18:00,0,0,0,0,0,0,0,0,0,0,0,0,0,0,0,0,0,0,0,0,0,0,0,0,0,0,0,0,0,0,0,0,0,0,0,0,0,0,0,0,0,0,0,0,"","","","","",""
2723,Ujjani Dam Rain Gauge,Maharashtra SW,27,Maharashtra,496,Solapur,-,-,-,-,-,-,-,-,-,18.07402000,75.12002000,02-09-2024 19:00,0,0,0,0,0,0,0,0,0,0,0,0,0,0,0,0,0,0,0,0,0,0,0,0,0,0,0,0,0,0,0,0,0,0,0,0,0,0,0,0,0,0,0,0,"","","","","",""
2724,Ujjani Dam Rain Gauge,Maharashtra SW,27,Maharashtra,496,Solapur,-,-,-,-,-,-,-,-,-,18.07402000,75.12002000,02-09-2024 20:00,0,0,0,0,0,0,0,0,0,0,0,0,0,0,0,0,0,0,0,0,0,0,0,0,0,0,0,0,0,0,0,0,0,0,0,0,0,0,0,0,0,0,0,0,"","","","","",""
2725,Ujjani Dam Rain Gauge,Maharashtra SW,27,Maharashtra,496,Solapur,-,-,-,-,-,-,-,-,-,18.07402000,75.12002000,02-09-2024 21:00,0,0,0,0,0,0,0,0,0,0,0,0,0,0,0,0,0,0,0,0,0,0,0,0,0,0,0,0,0,0,0,0,0,0,0,0,0,0,0,0,0,0,0,0,"","","","","",""
2726,Ujjani Dam Rain Gauge,Maharashtra SW,27,Maharashtra,496,Solapur,-,-,-,-,-,-,-,-,-,18.07402000,75.12002000,02-09-2024 22:00,0,0,0,0,0,0,0,0,0,0,0,0,0,0,0,0,0,0,0,0,0,0,0,0,0,0,0,0,0,0,0,0,0,0,0,0,0,0,0,0,0,0,0,0,"","","","","",""
2727,Ujjani Dam Rain Gauge,Maharashtra SW,27,Maharashtra,496,Solapur,-,-,-,-,-,-,-,-,-,18.07402000,75.12002000,02-09-2024 23:00,0,0,0,0,0,0,0,0,0,0,0,0,0,0,0,0,0,0,0,0,0,0,0,0,0,0,0,0,0,0,0,0,0,0,0,0,0,0,0,0,0,0,0,0,"","","","","",""
2728,Ujjani Dam Rain Gauge,Maharashtra SW,27,Maharashtra,496,Solapur,-,-,-,-,-,-,-,-,-,18.07402000,75.12002000,03-09-2024 00:00,0,0,0,0,0,0,0,0,0,0,0,0,0,0,0,0,0,0,0,0,0,0,0,0,0,0,0,0,0,0,0,0,0,0,0,0,0,0,0,0,0,0,0,0,"","","","","",""
2729,Ujjani Dam Rain Gauge,Maharashtra SW,27,Maharashtra,496,Solapur,-,-,-,-,-,-,-,-,-,18.07402000,75.12002000,03-09-2024 02:00,0,0,0,0,0,0,0,0,0,0,0,0,0,0,0,0,0,0,0,0,0,0,0,0,0,0,0,0,0,0,0,0,0,0,0,0,0,0,0,0,0,0,0,0,"","","","","",""
2730,Ujjani Dam Rain Gauge,Maharashtra SW,27,Maharashtra,496,Solapur,-,-,-,-,-,-,-,-,-,18.07402000,75.12002000,03-09-2024 03:00,0,0,0,0,0,0,0,0,0,0,0,0,0,0,0,0,0,0,0,0,0,0,0,0,0,0,0,0,0,0,0,0,0,0,0,0,0,0,0,0,0,0,0,0,"","","","","",""
2731,Ujjani Dam Rain Gauge,Maharashtra SW,27,Maharashtra,496,Solapur,-,-,-,-,-,-,-,-,-,18.07402000,75.12002000,03-09-2024 04:00,0,0,0,0,0,0,0,0,0,0,0,0,0,0,0,0,0,0,0,0,0,0,0,0,0,0,0,0,0,0,0,0,0,0,0,0,0,0,0,0,0,0,0,0,"","","","","",""
2732,Ujjani Dam Rain Gauge,Maharashtra SW,27,Maharashtra,496,Solapur,-,-,-,-,-,-,-,-,-,18.07402000,75.12002000,03-09-2024 05:00,0,0,0,0,0,0,0,0,0,0,0,0,0,0,0,0,0,0,0,0,0,0,0,0,0,0,0,0,0,0,0,0,0,0,0,0,0,0,0,0,0,0,0,0,"","","","","",""
2733,Ujjani Dam Rain Gauge,Maharashtra SW,27,Maharashtra,496,Solapur,-,-,-,-,-,-,-,-,-,18.07402000,75.12002000,03-09-2024 06:00,0,0,0,0,0,0,0,0,0,0,0,0,0,0,0,0,0,0,0,0,0,0,0,0,0,0,0,0,0,0,0,0,0,0,0,0,0,0,0,0,0,0,0,0,"","","","","",""
2734,Ujjani Dam Rain Gauge,Maharashtra SW,27,Maharashtra,496,Solapur,-,-,-,-,-,-,-,-,-,18.07402000,75.12002000,03-09-2024 07:00,0,0,0,0,0,0,0,0,0,0,0,0,0,0,0,0,0,0,0,0,0,0,0,0,0,0,0,0,0,0,0,0,0,0,0,0,0,0,0,0,0,0,0,0,"","","","","",""
2735,Ujjani Dam Rain Gauge,Maharashtra SW,27,Maharashtra,496,Solapur,-,-,-,-,-,-,-,-,-,18.07402000,75.12002000,03-09-2024 08:00,0,0,0,0,0,0,0,0,0,0,0,0,0,0,0,0,0,0,0,0,0,0,0,0,0,0,0,0,0,0,0,0,0,0,0,0,0,0,0,0,0,0,0,0,"","","","","",""
2736,Ujjani Dam Rain Gauge,Maharashtra SW,27,Maharashtra,496,Solapur,-,-,-,-,-,-,-,-,-,18.07402000,75.12002000,03-09-2024 10:00,0,0,0,0,0,0,0,0,0,0,0,0,0,0,0,0,0,0,0,0,0,0,0,0,0,0,0,0,0,0,0,0,0,0,0,0,0,0,0,0,0,0,0,0,"","","","","",""
2737,Ujjani Dam Rain Gauge,Maharashtra SW,27,Maharashtra,496,Solapur,-,-,-,-,-,-,-,-,-,18.07402000,75.12002000,03-09-2024 11:00,0,0,0,0,0,0,0,0,0,0,0,0,0,0,0,0,0,0,0,0,0,0,0,0,0,0,0,0,0,0,0,0,0,0,0,0,0,0,0,0,0,0,0,0,"","","","","",""
2738,Ujjani Dam Rain Gauge,Maharashtra SW,27,Maharashtra,496,Solapur,-,-,-,-,-,-,-,-,-,18.07402000,75.12002000,03-09-2024 12:00,0,0,0,0,0,0,0,0,0,0,0,0,0,0,0,0,0,0,0,0,0,0,0,0,0,0,0,0,0,0,0,0,0,0,0,0,0,0,0,0,0,0,0,0,"","","","","",""
2739,Ujjani Dam Rain Gauge,Maharashtra SW,27,Maharashtra,496,Solapur,-,-,-,-,-,-,-,-,-,18.07402000,75.12002000,03-09-2024 13:00,0,0,0,0,0,0,0,0,0,0,0,0,0,0,0,0,0,0,0,0,0,0,0,0,0,0,0,0,0,0,0,0,0,0,0,0,0,0,0,0,0,0,0,0,"","","","","",""
2740,Ujjani Dam Rain Gauge,Maharashtra SW,27,Maharashtra,496,Solapur,-,-,-,-,-,-,-,-,-,18.07402000,75.12002000,03-09-2024 14:00,0,0,0,0,0,0,0,0,0,0,0,0,0,0,0,0,0,0,0,0,0,0,0,0,0,0,0,0,0,0,0,0,0,0,0,0,0,0,0,0,0,0,0,0,"","","","","",""
2741,Ujjani Dam Rain Gauge,Maharashtra SW,27,Maharashtra,496,Solapur,-,-,-,-,-,-,-,-,-,18.07402000,75.12002000,03-09-2024 15:00,0,0,0,0,0,0,0,0,0,0,0,0,0,0,0,0,0,0,0,0,0,0,0,0,0,0,0,0,0,0,0,0,0,0,0,0,0,0,0,0,0,0,0,0,"","","","","",""
2742,Ujjani Dam Rain Gauge,Maharashtra SW,27,Maharashtra,496,Solapur,-,-,-,-,-,-,-,-,-,18.07402000,75.12002000,03-09-2024 17:00,0,0,0,0,0,0,0,0,0,0,0,0,0,0,0,0,0,0,0,0,0,0,0,0,0,0,0,0,0,0,0,0,0,0,0,0,0,0,0,0,0,0,0,0,"","","","","",""
2743,Ujjani Dam Rain Gauge,Maharashtra SW,27,Maharashtra,496,Solapur,-,-,-,-,-,-,-,-,-,18.07402000,75.12002000,03-09-2024 18:00,0,0,0,0,0,0,0,0,0,0,0,0,0,0,0,0,0,0,0,0,0,0,0,0,0,0,0,0,0,0,0,0,0,0,0,0,0,0,0,0,0,0,0,0,"","","","","",""
2744,Ujjani Dam Rain Gauge,Maharashtra SW,27,Maharashtra,496,Solapur,-,-,-,-,-,-,-,-,-,18.07402000,75.12002000,03-09-2024 19:00,0,0,0,0,0,0,0,0,0,0,0,0,0,0,0,0,0,0,0,0,0,0,0,0,0,0,0,0,0,0,0,0,0,0,0,0,0,0,0,0,0,0,0,0,"","","","","",""
2745,Ujjani Dam Rain Gauge,Maharashtra SW,27,Maharashtra,496,Solapur,-,-,-,-,-,-,-,-,-,18.07402000,75.12002000,03-09-2024 20:00,0,0,0,0,0,0,0,0,0,0,0,0,0,0,0,0,0,0,0,0,0,0,0,0,0,0,0,0,0,0,0,0,0,0,0,0,0,0,0,0,0,0,0,0,"","","","","",""
2746,Ujjani Dam Rain Gauge,Maharashtra SW,27,Maharashtra,496,Solapur,-,-,-,-,-,-,-,-,-,18.07402000,75.12002000,03-09-2024 21:00,0,0,0,0,0,0,0,0,0,0,0,0,0,0,0,0,0,0,0,0,0,0,0,0,0,0,0,0,0,0,0,0,0,0,0,0,0,0,0,0,0,0,0,0,"","","","","",""
2747,Ujjani Dam Rain Gauge,Maharashtra SW,27,Maharashtra,496,Solapur,-,-,-,-,-,-,-,-,-,18.07402000,75.12002000,03-09-2024 22:00,0,0,0,0,0,0,0,0,0,0,0,0,0,0,0,0,0,0,0,0,0,0,0,0,0,0,0,0,0,0,0,0,0,0,0,0,0,0,0,0,0,0,0,0,"","","","","",""
2748,Ujjani Dam Rain Gauge,Maharashtra SW,27,Maharashtra,496,Solapur,-,-,-,-,-,-,-,-,-,18.07402000,75.12002000,03-09-2024 23:00,0,0,0,0,0,0,0,0,0,0,0,0,0,0,0,0,0,0,0,0,0,0,0,0,0,0,0,0,0,0,0,0,0,0,0,0,0,0,0,0,0,0,0,0,"","","","","",""
2749,Ujjani Dam Rain Gauge,Maharashtra SW,27,Maharashtra,496,Solapur,-,-,-,-,-,-,-,-,-,18.07402000,75.12002000,04-09-2024 01:00,0,0,0,0,0,0,0,0,0,0,0,0,0,0,0,0,0,0,0,0,0,0,0,0,0,0,0,0,0,0,0,0,0,0,0,0,0,0,0,0,0,0,0,0,"","","","","",""
2750,Ujjani Dam Rain Gauge,Maharashtra SW,27,Maharashtra,496,Solapur,-,-,-,-,-,-,-,-,-,18.07402000,75.12002000,04-09-2024 02:00,0,0,0,0,0,0,0,0,0,0,0,0,0,0,0,0,0,0,0,0,0,0,0,0,0,0,0,0,0,0,0,0,0,0,0,0,0,0,0,0,0,0,0,0,"","","","","",""
2751,Ujjani Dam Rain Gauge,Maharashtra SW,27,Maharashtra,496,Solapur,-,-,-,-,-,-,-,-,-,18.07402000,75.12002000,04-09-2024 03:00,0,0,0,0,0,0,0,0,0,0,0,0,0,0,0,0,0,0,0,0,0,0,0,0,0,0,0,0,0,0,0,0,0,0,0,0,0,0,0,0,0,0,0,0,"","","","","",""
2752,Ujjani Dam Rain Gauge,Maharashtra SW,27,Maharashtra,496,Solapur,-,-,-,-,-,-,-,-,-,18.07402000,75.12002000,04-09-2024 04:00,0,0,0,0,0,0,0,0,0,0,0,0,0,0,0,0,0,0,0,0,0,0,0,0,0,0,0,0,0,0,0,0,0,0,0,0,0,0,0,0,0,0,0,0,"","","","","",""
2753,Ujjani Dam Rain Gauge,Maharashtra SW,27,Maharashtra,496,Solapur,-,-,-,-,-,-,-,-,-,18.07402000,75.12002000,04-09-2024 05:00,0,0,0,0,0,0,0,0,0,0,0,0,0,0,0,0,0,0,0,0,0,0,0,0,0,0,0,0,0,0,0,0,0,0,0,0,0,0,0,0,0,0,0,0,"","","","","",""
2754,Ujjani Dam Rain Gauge,Maharashtra SW,27,Maharashtra,496,Solapur,-,-,-,-,-,-,-,-,-,18.07402000,75.12002000,04-09-2024 06:00,0,0,0,0,0,0,0,0,0,0,0,0,0,0,0,0,0,0,0,0,0,0,0,0,0,0,0,0,0,0,0,0,0,0,0,0,0,0,0,0,0,0,0,0,"","","","","",""
2755,Ujjani Dam Rain Gauge,Maharashtra SW,27,Maharashtra,496,Solapur,-,-,-,-,-,-,-,-,-,18.07402000,75.12002000,04-09-2024 07:00,0,0,0,0,0,0,0,0,0,0,0,0,0,0,0,0,0,0,0,0,0,0,0,0,0,0,0,0,0,0,0,0,0,0,0,0,0,0,0,0,0,0,0,0,"","","","","",""
2756,Ujjani Dam Rain Gauge,Maharashtra SW,27,Maharashtra,496,Solapur,-,-,-,-,-,-,-,-,-,18.07402000,75.12002000,04-09-2024 09:00,0,0,0,0,0,0,0,0,0,0,0,0,0,0,0,0,0,0,0,0,0,0,0,0,0,0,0,0,0,0,0,0,0,0,0,0,0,0,0,0,0,0,0,0,"","","","","",""
2757,Ujjani Dam Rain Gauge,Maharashtra SW,27,Maharashtra,496,Solapur,-,-,-,-,-,-,-,-,-,18.07402000,75.12002000,04-09-2024 10:00,0,0,0,0,0,0,0,0,0,0,0,0,0,0,0,0,0,0,0,0,0,0,0,0,0,0,0,0,0,0,0,0,0,0,0,0,0,0,0,0,0,0,0,0,"","","","","",""
2758,Ujjani Dam Rain Gauge,Maharashtra SW,27,Maharashtra,496,Solapur,-,-,-,-,-,-,-,-,-,18.07402000,75.12002000,04-09-2024 11:00,0,0,0,0,0,0,0,0,0,0,0,0,0,0,0,0,0,0,0,0,0,0,0,0,0,0,0,0,0,0,0,0,0,0,0,0,0,0,0,0,0,0,0,0,"","","","","",""
2759,Ujjani Dam Rain Gauge,Maharashtra SW,27,Maharashtra,496,Solapur,-,-,-,-,-,-,-,-,-,18.07402000,75.12002000,04-09-2024 12:00,0,0,0,0,0,0,0,0,0,0,0,0,0,0,0,0,0,0,0,0,0,0,0,0,0,0,0,0,0,0,0,0,0,0,0,0,0,0,0,0,0,0,0,0,"","","","","",""
2760,Ujjani Dam Rain Gauge,Maharashtra SW,27,Maharashtra,496,Solapur,-,-,-,-,-,-,-,-,-,18.07402000,75.12002000,04-09-2024 13:00,0,0,0,0,0,0,0,0,0,0,0,0,0,0,0,0,0,0,0,0,0,0,0,0,0,0,0,0,0,0,0,0,0,0,0,0,0,0,0,0,0,0,0,0,"","","","","",""
2761,Ujjani Dam Rain Gauge,Maharashtra SW,27,Maharashtra,496,Solapur,-,-,-,-,-,-,-,-,-,18.07402000,75.12002000,04-09-2024 14:00,0,0,0,0,0,0,0,0,0,0,0,0,0,0,0,0,0,0,0,0,0,0,0,0,0,0,0,0,0,0,0,0,0,0,0,0,0,0,0,0,0,0,0,0,"","","","","",""
2762,Ujjani Dam Rain Gauge,Maharashtra SW,27,Maharashtra,496,Solapur,-,-,-,-,-,-,-,-,-,18.07402000,75.12002000,04-09-2024 15:00,0,0,0,0,0,0,0,0,0,0,0,0,0,0,0,0,0,0,0,0,0,0,0,0,0,0,0,0,0,0,0,0,0,0,0,0,0,0,0,0,0,0,0,0,"","","","","",""
2763,Ujjani Dam Rain Gauge,Maharashtra SW,27,Maharashtra,496,Solapur,-,-,-,-,-,-,-,-,-,18.07402000,75.12002000,04-09-2024 17:00,0,0,0,0,0,0,0,0,0,0,0,0,0,0,0,0,0,0,0,0,0,0,0,0,0,0,0,0,0,0,0,0,0,0,0,0,0,0,0,0,0,0,0,0,"","","","","",""
2764,Ujjani Dam Rain Gauge,Maharashtra SW,27,Maharashtra,496,Solapur,-,-,-,-,-,-,-,-,-,18.07402000,75.12002000,04-09-2024 18:00,0,0,0,0,0,0,0,0,0,0,0,0,0,0,0,0,0,0,0,0,0,0,0,0,0,0,0,0,0,0,0,0,0,0,0,0,0,0,0,0,0,0,0,0,"","","","","",""
2765,Ujjani Dam Rain Gauge,Maharashtra SW,27,Maharashtra,496,Solapur,-,-,-,-,-,-,-,-,-,18.07402000,75.12002000,04-09-2024 19:00,0,0,0,0,0,0,0,0,0,0,0,0,0,0,0,0,0,0,0,0,0,0,0,0,0,0,0,0,0,0,0,0,0,0,0,0,0,0,0,0,0,0,0,0,"","","","","",""
2766,Ujjani Dam Rain Gauge,Maharashtra SW,27,Maharashtra,496,Solapur,-,-,-,-,-,-,-,-,-,18.07402000,75.12002000,04-09-2024 20:00,0,0,0,0,0,0,0,0,0,0,0,0,0,0,0,0,0,0,0,0,0,0,0,0,0,0,0,0,0,0,0,0,0,0,0,0,0,0,0,0,0,0,0,0,"","","","","",""
2767,Ujjani Dam Rain Gauge,Maharashtra SW,27,Maharashtra,496,Solapur,-,-,-,-,-,-,-,-,-,18.07402000,75.12002000,04-09-2024 21:00,0,0,0,0,0,0,0,0,0,0,0,0,0,0,0,0,0,0,0,0,0,0,0,0,0,0,0,0,0,0,0,0,0,0,0,0,0,0,0,0,0,0,0,0,"","","","","",""
2768,Ujjani Dam Rain Gauge,Maharashtra SW,27,Maharashtra,496,Solapur,-,-,-,-,-,-,-,-,-,18.07402000,75.12002000,04-09-2024 22:00,0,0,0,0,0,0,0,0,0,0,0,0,0,0,0,0,0,0,0,0,0,0,0,0,0,0,0,0,0,0,0,0,0,0,0,0,0,0,0,0,0,0,0,0,"","","","","",""
2769,Ujjani Dam Rain Gauge,Maharashtra SW,27,Maharashtra,496,Solapur,-,-,-,-,-,-,-,-,-,18.07402000,75.12002000,04-09-2024 23:00,0,0,0,0,0,0,0,0,0,0,0,0,0,0,0,0,0,0,0,0,0,0,0,0,0,0,0,0,0,0,0,0,0,0,0,0,0,0,0,0,0,0,0,0,"","","","","",""
2770,Ujjani Dam Rain Gauge,Maharashtra SW,27,Maharashtra,496,Solapur,-,-,-,-,-,-,-,-,-,18.07402000,75.12002000,05-09-2024 01:00,0,0,0,0,0,0,0,0,0,0,0,0,0,0,0,0,0,0,0,0,0,0,0,0,0,0,0,0,0,0,0,0,0,0,0,0,0,0,0,0,0,0,0,0,"","","","","",""
2771,Ujjani Dam Rain Gauge,Maharashtra SW,27,Maharashtra,496,Solapur,-,-,-,-,-,-,-,-,-,18.07402000,75.12002000,05-09-2024 02:00,0,0,0,0,0,0,0,0,0,0,0,0,0,0,0,0,0,0,0,0,0,0,0,0,0,0,0,0,0,0,0,0,0,0,0,0,0,0,0,0,0,0,0,0,"","","","","",""
2772,Ujjani Dam Rain Gauge,Maharashtra SW,27,Maharashtra,496,Solapur,-,-,-,-,-,-,-,-,-,18.07402000,75.12002000,05-09-2024 03:00,0,0,0,0,0,0,0,0,0,0,0,0,0,0,0,0,0,0,0,0,0,0,0,0,0,0,0,0,0,0,0,0,0,0,0,0,0,0,0,0,0,0,0,0,"","","","","",""
2773,Ujjani Dam Rain Gauge,Maharashtra SW,27,Maharashtra,496,Solapur,-,-,-,-,-,-,-,-,-,18.07402000,75.12002000,05-09-2024 04:00,0,0,0,0,0,0,0,0,0,0,0,0,0,0,0,0,0,0,0,0,0,0,0,0,0,0,0,0,0,0,0,0,0,0,0,0,0,0,0,0,0,0,0,0,"","","","","",""
2774,Ujjani Dam Rain Gauge,Maharashtra SW,27,Maharashtra,496,Solapur,-,-,-,-,-,-,-,-,-,18.07402000,75.12002000,05-09-2024 05:00,0,0,0,0,0,0,0,0,0,0,0,0,0,0,0,0,0,0,0,0,0,0,0,0,0,0,0,0,0,0,0,0,0,0,0,0,0,0,0,0,0,0,0,0,"","","","","",""
2775,Ujjani Dam Rain Gauge,Maharashtra SW,27,Maharashtra,496,Solapur,-,-,-,-,-,-,-,-,-,18.07402000,75.12002000,05-09-2024 06:00,0,0,0,0,0,0,0,0,0,0,0,0,0,0,0,0,0,0,0,0,0,0,0,0,0,0,0,0,0,0,0,0,0,0,0,0,0,0,0,0,0,0,0,0,"","","","","",""
2776,Ujjani Dam Rain Gauge,Maharashtra SW,27,Maharashtra,496,Solapur,-,-,-,-,-,-,-,-,-,18.07402000,75.12002000,05-09-2024 07:00,0,0,0,0,0,0,0,0,0,0,0,0,0,0,0,0,0,0,0,0,0,0,0,0,0,0,0,0,0,0,0,0,0,0,0,0,0,0,0,0,0,0,0,0,"","","","","",""
2777,Ujjani Dam Rain Gauge,Maharashtra SW,27,Maharashtra,496,Solapur,-,-,-,-,-,-,-,-,-,18.07402000,75.12002000,05-09-2024 09:00,0,0,0,0,0,0,0,0,0,0,0,0,0,0,0,0,0,0,0,0,0,0,0,0,0,0,0,0,0,0,0,0,0,0,0,0,0,0,0,0,0,0,0,0,"","","","","",""
2778,Ujjani Dam Rain Gauge,Maharashtra SW,27,Maharashtra,496,Solapur,-,-,-,-,-,-,-,-,-,18.07402000,75.12002000,05-09-2024 10:00,0,0,0,0,0,0,0,0,0,0,0,0,0,0,0,0,0,0,0,0,0,0,0,0,0,0,0,0,0,0,0,0,0,0,0,0,0,0,0,0,0,0,0,0,"","","","","",""
2779,Ujjani Dam Rain Gauge,Maharashtra SW,27,Maharashtra,496,Solapur,-,-,-,-,-,-,-,-,-,18.07402000,75.12002000,05-09-2024 11:00,0,0,0,0,0,0,0,0,0,0,0,0,0,0,0,0,0,0,0,0,0,0,0,0,0,0,0,0,0,0,0,0,0,0,0,0,0,0,0,0,0,0,0,0,"","","","","",""
2780,Ujjani Dam Rain Gauge,Maharashtra SW,27,Maharashtra,496,Solapur,-,-,-,-,-,-,-,-,-,18.07402000,75.12002000,05-09-2024 12:00,0,0,0,0,0,0,0,0,0,0,0,0,0,0,0,0,0,0,0,0,0,0,0,0,0,0,0,0,0,0,0,0,0,0,0,0,0,0,0,0,0,0,0,0,"","","","","",""
2781,Ujjani Dam Rain Gauge,Maharashtra SW,27,Maharashtra,496,Solapur,-,-,-,-,-,-,-,-,-,18.07402000,75.12002000,05-09-2024 13:00,0,0,0,0,0,0,0,0,0,0,0,0,0,0,0,0,0,0,0,0,0,0,0,0,0,0,0,0,0,0,0,0,0,0,0,0,0,0,0,0,0,0,0,0,"","","","","",""
2782,Ujjani Dam Rain Gauge,Maharashtra SW,27,Maharashtra,496,Solapur,-,-,-,-,-,-,-,-,-,18.07402000,75.12002000,05-09-2024 14:00,0,0,0,0,0,0,0,0,0,0,0,0,0,0,0,0,0,0,0,0,0,0,0,0,0,0,0,0,0,0,0,0,0,0,0,0,0,0,0,0,0,0,0,0,"","","","","",""
2783,Ujjani Dam Rain Gauge,Maharashtra SW,27,Maharashtra,496,Solapur,-,-,-,-,-,-,-,-,-,18.07402000,75.12002000,05-09-2024 16:00,0,0,0,0,0,0,0,0,0,0,0,0,0,0,0,0,0,0,0,0,0,0,0,0,0,0,0,0,0,0,0,0,0,0,0,0,0,0,0,0,0,0,0,0,"","","","","",""
2784,Ujjani Dam Rain Gauge,Maharashtra SW,27,Maharashtra,496,Solapur,-,-,-,-,-,-,-,-,-,18.07402000,75.12002000,05-09-2024 17:00,0,0,0,0,0,0,0,0,0,0,0,0,0,0,0,0,0,0,0,0,0,0,0,0,0,0,0,0,0,0,0,0,0,0,0,0,0,0,0,0,0,0,0,0,"","","","","",""
2785,Ujjani Dam Rain Gauge,Maharashtra SW,27,Maharashtra,496,Solapur,-,-,-,-,-,-,-,-,-,18.07402000,75.12002000,05-09-2024 18:00,0,0,0,0,0,0,0,0,0,0,0,0,0,0,0,0,0,0,0,0,0,0,0,0,0,0,0,0,0,0,0,0,0,0,0,0,0,0,0,0,0,0,0,0,"","","","","",""
2786,Ujjani Dam Rain Gauge,Maharashtra SW,27,Maharashtra,496,Solapur,-,-,-,-,-,-,-,-,-,18.07402000,75.12002000,05-09-2024 19:00,0,0,0,0,0,0,0,0,0,0,0,0,0,0,0,0,0,0,0,0,0,0,0,0,0,0,0,0,0,0,0,0,0,0,0,0,0,0,0,0,0,0,0,0,"","","","","",""
2787,Ujjani Dam Rain Gauge,Maharashtra SW,27,Maharashtra,496,Solapur,-,-,-,-,-,-,-,-,-,18.07402000,75.12002000,05-09-2024 20:00,0,0,0,0,0,0,0,0,0,0,0,0,0,0,0,0,0,0,0,0,0,0,0,0,0,0,0,0,0,0,0,0,0,0,0,0,0,0,0,0,0,0,0,0,"","","","","",""
2788,Ujjani Dam Rain Gauge,Maharashtra SW,27,Maharashtra,496,Solapur,-,-,-,-,-,-,-,-,-,18.07402000,75.12002000,05-09-2024 21:00,0,0,0,0,0,0,0,0,0,0,0,0,0,0,0,0,0,0,0,0,0,0,0,0,0,0,0,0,0,0,0,0,0,0,0,0,0,0,0,0,0,0,0,0,"","","","","",""
2789,Ujjani Dam Rain Gauge,Maharashtra SW,27,Maharashtra,496,Solapur,-,-,-,-,-,-,-,-,-,18.07402000,75.12002000,05-09-2024 22:00,0,0,0,0,0,0,0,0,0,0,0,0,0,0,0,0,0,0,0,0,0,0,0,0,0,0,0,0,0,0,0,0,0,0,0,0,0,0,0,0,0,0,0,0,"","","","","",""
2790,Ujjani Dam Rain Gauge,Maharashtra SW,27,Maharashtra,496,Solapur,-,-,-,-,-,-,-,-,-,18.07402000,75.12002000,05-09-2024 23:00,0,0,0,0,0,0,0,0,0,0,0,0,0,0,0,0,0,0,0,0,0,0,0,0,0,0,0,0,0,0,0,0,0,0,0,0,0,0,0,0,0,0,0,0,"","","","","",""
2791,Ujjani Dam Rain Gauge,Maharashtra SW,27,Maharashtra,496,Solapur,-,-,-,-,-,-,-,-,-,18.07402000,75.12002000,06-09-2024 01:00,0,0,0,0,0,0,0,0,0,0,0,0,0,0,0,0,0,0,0,0,0,0,0,0,0,0,0,0,0,0,0,0,0,0,0,0,0,0,0,0,0,0,0,0,"","","","","",""
2792,Ujjani Dam Rain Gauge,Maharashtra SW,27,Maharashtra,496,Solapur,-,-,-,-,-,-,-,-,-,18.07402000,75.12002000,06-09-2024 02:00,0,0,0,0,0,0,0,0,0,0,0,0,0,0,0,0,0,0,0,0,0,0,0,0,0,0,0,0,0,0,0,0,0,0,0,0,0,0,0,0,0,0,0,0,"","","","","",""
2793,Ujjani Dam Rain Gauge,Maharashtra SW,27,Maharashtra,496,Solapur,-,-,-,-,-,-,-,-,-,18.07402000,75.12002000,06-09-2024 03:00,0,0,0,0,0,0,0,0,0,0,0,0,0,0,0,0,0,0,0,0,0,0,0,0,0,0,0,0,0,0,0,0,0,0,0,0,0,0,0,0,0,0,0,0,"","","","","",""
2794,Ujjani Dam Rain Gauge,Maharashtra SW,27,Maharashtra,496,Solapur,-,-,-,-,-,-,-,-,-,18.07402000,75.12002000,06-09-2024 04:00,0,0,0,0,0,0,0,0,0,0,0,0,0,0,0,0,0,0,0,0,0,0,0,0,0,0,0,0,0,0,0,0,0,0,0,0,0,0,0,0,0,0,0,0,"","","","","",""
2795,Ujjani Dam Rain Gauge,Maharashtra SW,27,Maharashtra,496,Solapur,-,-,-,-,-,-,-,-,-,18.07402000,75.12002000,06-09-2024 05:00,0,0,0,0,0,0,0,0,0,0,0,0,0,0,0,0,0,0,0,0,0,0,0,0,0,0,0,0,0,0,0,0,0,0,0,0,0,0,0,0,0,0,0,0,"","","","","",""
2796,Ujjani Dam Rain Gauge,Maharashtra SW,27,Maharashtra,496,Solapur,-,-,-,-,-,-,-,-,-,18.07402000,75.12002000,06-09-2024 06:00,0,0,0,0,0,0,0,0,0,0,0,0,0,0,0,0,0,0,0,0,0,0,0,0,0,0,0,0,0,0,0,0,0,0,0,0,0,0,0,0,0,0,0,0,"","","","","",""
2797,Ujjani Dam Rain Gauge,Maharashtra SW,27,Maharashtra,496,Solapur,-,-,-,-,-,-,-,-,-,18.07402000,75.12002000,06-09-2024 08:00,0,0,0,0,0,0,0,0,0,0,0,0,0,0,0,0,0,0,0,0,0,0,0,0,0,0,0,0,0,0,0,0,0,0,0,0,0,0,0,0,0,0,0,0,"","","","","",""
2798,Ujjani Dam Rain Gauge,Maharashtra SW,27,Maharashtra,496,Solapur,-,-,-,-,-,-,-,-,-,18.07402000,75.12002000,06-09-2024 09:00,0,0,0,0,0,0,0,0,0,0,0,0,0,0,0,0,0,0,0,0,0,0,0,0,0,0,0,0,0,0,0,0,0,0,0,0,0,0,0,0,0,0,0,0,"","","","","",""
2799,Ujjani Dam Rain Gauge,Maharashtra SW,27,Maharashtra,496,Solapur,-,-,-,-,-,-,-,-,-,18.07402000,75.12002000,06-09-2024 10:00,0,0,0,0,0,0,0,0,0,0,0,0,0,0,0,0,0,0,0,0,0,0,0,0,0,0,0,0,0,0,0,0,0,0,0,0,0,0,0,0,0,0,0,0,"","","","","",""
2800,Ujjani Dam Rain Gauge,Maharashtra SW,27,Maharashtra,496,Solapur,-,-,-,-,-,-,-,-,-,18.07402000,75.12002000,06-09-2024 11:00,0,0,0,0,0,0,0,0,0,0,0,0,0,0,0,0,0,0,0,0,0,0,0,0,0,0,0,0,0,0,0,0,0,0,0,0,0,0,0,0,0,0,0,0,"","","","","",""
2801,Ujjani Dam Rain Gauge,Maharashtra SW,27,Maharashtra,496,Solapur,-,-,-,-,-,-,-,-,-,18.07402000,75.12002000,06-09-2024 12:00,0,0,0,0,0,0,0,0,0,0,0,0,0,0,0,0,0,0,0,0,0,0,0,0,0,0,0,0,0,0,0,0,0,0,0,0,0,0,0,0,0,0,0,0,"","","","","",""
2802,Ujjani Dam Rain Gauge,Maharashtra SW,27,Maharashtra,496,Solapur,-,-,-,-,-,-,-,-,-,18.07402000,75.12002000,06-09-2024 13:00,0,0,0,0,0,0,0,0,0,0,0,0,0,0,0,0,0,0,0,0,0,0,0,0,0,0,0,0,0,0,0,0,0,0,0,0,0,0,0,0,0,0,0,0,"","","","","",""
2803,Ujjani Dam Rain Gauge,Maharashtra SW,27,Maharashtra,496,Solapur,-,-,-,-,-,-,-,-,-,18.07402000,75.12002000,06-09-2024 14:00,0,0,0,0,0,0,0,0,0,0,0,0,0,0,0,0,0,0,0,0,0,0,0,0,0,0,0,0,0,0,0,0,0,0,0,0,0,0,0,0,0,0,0,0,"","","","","",""
2804,Ujjani Dam Rain Gauge,Maharashtra SW,27,Maharashtra,496,Solapur,-,-,-,-,-,-,-,-,-,18.07402000,75.12002000,06-09-2024 16:00,0,0,0,0,0,0,0,0,0,0,0,0,0,0,0,0,0,0,0,0,0,0,0,0,0,0,0,0,0,0,0,0,0,0,0,0,0,0,0,0,0,0,0,0,"","","","","",""
2805,Ujjani Dam Rain Gauge,Maharashtra SW,27,Maharashtra,496,Solapur,-,-,-,-,-,-,-,-,-,18.07402000,75.12002000,06-09-2024 17:00,0,0,0,0,0,0,0,0,0,0,0,0,0,0,0,0,0,0,0,0,0,0,0,0,0,0,0,0,0,0,0,0,0,0,0,0,0,0,0,0,0,0,0,0,"","","","","",""
2806,Ujjani Dam Rain Gauge,Maharashtra SW,27,Maharashtra,496,Solapur,-,-,-,-,-,-,-,-,-,18.07402000,75.12002000,06-09-2024 18:00,0,0,0,0,0,0,0,0,0,0,0,0,0,0,0,0,0,0,0,0,0,0,0,0,0,0,0,0,0,0,0,0,0,0,0,0,0,0,0,0,0,0,0,0,"","","","","",""
2807,Ujjani Dam Rain Gauge,Maharashtra SW,27,Maharashtra,496,Solapur,-,-,-,-,-,-,-,-,-,18.07402000,75.12002000,06-09-2024 19:00,0,0,0,0,0,0,0,0,0,0,0,0,0,0,0,0,0,0,0,0,0,0,0,0,0,0,0,0,0,0,0,0,0,0,0,0,0,0,0,0,0,0,0,0,"","","","","",""
2808,Ujjani Dam Rain Gauge,Maharashtra SW,27,Maharashtra,496,Solapur,-,-,-,-,-,-,-,-,-,18.07402000,75.12002000,06-09-2024 20:00,0,0,0,0,0,0,0,0,0,0,0,0,0,0,0,0,0,0,0,0,0,0,0,0,0,0,0,0,0,0,0,0,0,0,0,0,0,0,0,0,0,0,0,0,"","","","","",""
2809,Ujjani Dam Rain Gauge,Maharashtra SW,27,Maharashtra,496,Solapur,-,-,-,-,-,-,-,-,-,18.07402000,75.12002000,06-09-2024 21:00,0,0,0,0,0,0,0,0,0,0,0,0,0,0,0,0,0,0,0,0,0,0,0,0,0,0,0,0,0,0,0,0,0,0,0,0,0,0,0,0,0,0,0,0,"","","","","",""
2810,Ujjani Dam Rain Gauge,Maharashtra SW,27,Maharashtra,496,Solapur,-,-,-,-,-,-,-,-,-,18.07402000,75.12002000,06-09-2024 22:00,0,0,0,0,0,0,0,0,0,0,0,0,0,0,0,0,0,0,0,0,0,0,0,0,0,0,0,0,0,0,0,0,0,0,0,0,0,0,0,0,0,0,0,0,"","","","","",""
2811,Ujjani Dam Rain Gauge,Maharashtra SW,27,Maharashtra,496,Solapur,-,-,-,-,-,-,-,-,-,18.07402000,75.12002000,07-09-2024 00:00,0,0,0,0,0,0,0,0,0,0,0,0,0,0,0,0,0,0,0,0,0,0,0,0,0,0,0,0,0,0,0,0,0,0,0,0,0,0,0,0,0,0,0,0,"","","","","",""
2812,Ujjani Dam Rain Gauge,Maharashtra SW,27,Maharashtra,496,Solapur,-,-,-,-,-,-,-,-,-,18.07402000,75.12002000,07-09-2024 01:00,0,0,0,0,0,0,0,0,0,0,0,0,0,0,0,0,0,0,0,0,0,0,0,0,0,0,0,0,0,0,0,0,0,0,0,0,0,0,0,0,0,0,0,0,"","","","","",""
2813,Ujjani Dam Rain Gauge,Maharashtra SW,27,Maharashtra,496,Solapur,-,-,-,-,-,-,-,-,-,18.07402000,75.12002000,07-09-2024 02:00,0,0,0,0,0,0,0,0,0,0,0,0,0,0,0,0,0,0,0,0,0,0,0,0,0,0,0,0,0,0,0,0,0,0,0,0,0,0,0,0,0,0,0,0,"","","","","",""
2814,Ujjani Dam Rain Gauge,Maharashtra SW,27,Maharashtra,496,Solapur,-,-,-,-,-,-,-,-,-,18.07402000,75.12002000,07-09-2024 03:00,0,0,0,0,0,0,0,0,0,0,0,0,0,0,0,0,0,0,0,0,0,0,0,0,0,0,0,0,0,0,0,0,0,0,0,0,0,0,0,0,0,0,0,0,"","","","","",""
2815,Ujjani Dam Rain Gauge,Maharashtra SW,27,Maharashtra,496,Solapur,-,-,-,-,-,-,-,-,-,18.07402000,75.12002000,07-09-2024 04:00,0,0,0,0,0,0,0,0,0,0,0,0,0,0,0,0,0,0,0,0,0,0,0,0,0,0,0,0,0,0,0,0,0,0,0,0,0,0,0,0,0,0,0,0,"","","","","",""
2816,Ujjani Dam Rain Gauge,Maharashtra SW,27,Maharashtra,496,Solapur,-,-,-,-,-,-,-,-,-,18.07402000,75.12002000,07-09-2024 05:00,0,0,0,0,0,0,0,0,0,0,0,0,0,0,0,0,0,0,0,0,0,0,0,0,0,0,0,0,0,0,0,0,0,0,0,0,0,0,0,0,0,0,0,0,"","","","","",""
2817,Ujjani Dam Rain Gauge,Maharashtra SW,27,Maharashtra,496,Solapur,-,-,-,-,-,-,-,-,-,18.07402000,75.12002000,07-09-2024 06:00,0,0,0,0,0,0,0,0,0,0,0,0,0,0,0,0,0,0,0,0,0,0,0,0,0,0,0,0,0,0,0,0,0,0,0,0,0,0,0,0,0,0,0,0,"","","","","",""
2818,Ujjani Dam Rain Gauge,Maharashtra SW,27,Maharashtra,496,Solapur,-,-,-,-,-,-,-,-,-,18.07402000,75.12002000,07-09-2024 08:00,0,0,0,0,0,0,0,0,0,0,0,0,0,0,0,0,0,0,0,0,0,0,0,0,0,0,0,0,0,0,0,0,0,0,0,0,0,0,0,0,0,0,0,0,"","","","","",""
2819,Ujjani Dam Rain Gauge,Maharashtra SW,27,Maharashtra,496,Solapur,-,-,-,-,-,-,-,-,-,18.07402000,75.12002000,07-09-2024 09:00,0,0,0,0,0,0,0,0,0,0,0,0,0,0,0,0,0,0,0,0,0,0,0,0,0,0,0,0,0,0,0,0,0,0,0,0,0,0,0,0,0,0,0,0,"","","","","",""
2820,Ujjani Dam Rain Gauge,Maharashtra SW,27,Maharashtra,496,Solapur,-,-,-,-,-,-,-,-,-,18.07402000,75.12002000,07-09-2024 10:00,0,0,0,0,0,0,0,0,0,0,0,0,0,0,0,0,0,0,0,0,0,0,0,0,0,0,0,0,0,0,0,0,0,0,0,0,0,0,0,0,0,0,0,0,"","","","","",""
2821,Ujjani Dam Rain Gauge,Maharashtra SW,27,Maharashtra,496,Solapur,-,-,-,-,-,-,-,-,-,18.07402000,75.12002000,07-09-2024 11:00,0,0,0,0,0,0,0,0,0,0,0,0,0,0,0,0,0,0,0,0,0,0,0,0,0,0,0,0,0,0,0,0,0,0,0,0,0,0,0,0,0,0,0,0,"","","","","",""
2822,Ujjani Dam Rain Gauge,Maharashtra SW,27,Maharashtra,496,Solapur,-,-,-,-,-,-,-,-,-,18.07402000,75.12002000,07-09-2024 12:00,0,0,0,0,0,0,0,0,0,0,0,0,0,0,0,0,0,0,0,0,0,0,0,0,0,0,0,0,0,0,0,0,0,0,0,0,0,0,0,0,0,0,0,0,"","","","","",""
2823,Ujjani Dam Rain Gauge,Maharashtra SW,27,Maharashtra,496,Solapur,-,-,-,-,-,-,-,-,-,18.07402000,75.12002000,07-09-2024 13:00,0,0,0,0,0,0,0,0,0,0,0,0,0,0,0,0,0,0,0,0,0,0,0,0,0,0,0,0,0,0,0,0,0,0,0,0,0,0,0,0,0,0,0,0,"","","","","",""
2824,Ujjani Dam Rain Gauge,Maharashtra SW,27,Maharashtra,496,Solapur,-,-,-,-,-,-,-,-,-,18.07402000,75.12002000,07-09-2024 14:00,0,0,0,0,0,0,0,0,0,0,0,0,0,0,0,0,0,0,0,0,0,0,0,0,0,0,0,0,0,0,0,0,0,0,0,0,0,0,0,0,0,0,0,0,"","","","","",""
2825,Ujjani Dam Rain Gauge,Maharashtra SW,27,Maharashtra,496,Solapur,-,-,-,-,-,-,-,-,-,18.07402000,75.12002000,07-09-2024 16:00,0,0,0,0,0,0,0,0,0,0,0,0,0,0,0,0,0,0,0,0,0,0,0,0,0,0,0,0,0,0,0,0,0,0,0,0,0,0,0,0,0,0,0,0,"","","","","",""
2826,Ujjani Dam Rain Gauge,Maharashtra SW,27,Maharashtra,496,Solapur,-,-,-,-,-,-,-,-,-,18.07402000,75.12002000,07-09-2024 17:00,0,0,0,0,0,0,0,0,0,0,0,0,0,0,0,0,0,0,0,0,0,0,0,0,0,0,0,0,0,0,0,0,0,0,0,0,0,0,0,0,0,0,0,0,"","","","","",""
2827,Ujjani Dam Rain Gauge,Maharashtra SW,27,Maharashtra,496,Solapur,-,-,-,-,-,-,-,-,-,18.07402000,75.12002000,07-09-2024 18:00,0,0,0,0,0,0,0,0,0,0,0,0,0,0,0,0,0,0,0,0,0,0,0,0,0,0,0,0,0,0,0,0,0,0,0,0,0,0,0,0,0,0,0,0,"","","","","",""
2828,Ujjani Dam Rain Gauge,Maharashtra SW,27,Maharashtra,496,Solapur,-,-,-,-,-,-,-,-,-,18.07402000,75.12002000,07-09-2024 19:00,0,0,0,0,0,0,0,0,0,0,0,0,0,0,0,0,0,0,0,0,0,0,0,0,0,0,0,0,0,0,0,0,0,0,0,0,0,0,0,0,0,0,0,0,"","","","","",""
2829,Ujjani Dam Rain Gauge,Maharashtra SW,27,Maharashtra,496,Solapur,-,-,-,-,-,-,-,-,-,18.07402000,75.12002000,07-09-2024 20:00,0,0,0,0,0,0,0,0,0,0,0,0,0,0,0,0,0,0,0,0,0,0,0,0,0,0,0,0,0,0,0,0,0,0,0,0,0,0,0,0,0,0,0,0,"","","","","",""
2830,Ujjani Dam Rain Gauge,Maharashtra SW,27,Maharashtra,496,Solapur,-,-,-,-,-,-,-,-,-,18.07402000,75.12002000,07-09-2024 21:00,0,0,0,0,0,0,0,0,0,0,0,0,0,0,0,0,0,0,0,0,0,0,0,0,0,0,0,0,0,0,0,0,0,0,0,0,0,0,0,0,0,0,0,0,"","","","","",""
2831,Ujjani Dam Rain Gauge,Maharashtra SW,27,Maharashtra,496,Solapur,-,-,-,-,-,-,-,-,-,18.07402000,75.12002000,07-09-2024 22:00,0,0,0,0,0,0,0,0,0,0,0,0,0,0,0,0,0,0,0,0,0,0,0,0,0,0,0,0,0,0,0,0,0,0,0,0,0,0,0,0,0,0,0,0,"","","","","",""
2832,Ujjani Dam Rain Gauge,Maharashtra SW,27,Maharashtra,496,Solapur,-,-,-,-,-,-,-,-,-,18.07402000,75.12002000,08-09-2024 00:00,0,0,0,0,0,0,0,0,0,0,0,0,0,0,0,0,0,0,0,0,0,0,0,0,0,0,0,0,0,0,0,0,0,0,0,0,0,0,0,0,0,0,0,0,"","","","","",""
2833,Ujjani Dam Rain Gauge,Maharashtra SW,27,Maharashtra,496,Solapur,-,-,-,-,-,-,-,-,-,18.07402000,75.12002000,08-09-2024 01:00,0,0,0,0,0,0,0,0,0,0,0,0,0,0,0,0,0,0,0,0,0,0,0,0,0,0,0,0,0,0,0,0,0,0,0,0,0,0,0,0,0,0,0,0,"","","","","",""
2834,Ujjani Dam Rain Gauge,Maharashtra SW,27,Maharashtra,496,Solapur,-,-,-,-,-,-,-,-,-,18.07402000,75.12002000,08-09-2024 02:00,0,0,0,0,0,0,0,0,0,0,0,0,0,0,0,0,0,0,0,0,0,0,0,0,0,0,0,0,0,0,0,0,0,0,0,0,0,0,0,0,0,0,0,0,"","","","","",""
2835,Ujjani Dam Rain Gauge,Maharashtra SW,27,Maharashtra,496,Solapur,-,-,-,-,-,-,-,-,-,18.07402000,75.12002000,08-09-2024 03:00,0,0,0,0,0,0,0,0,0,0,0,0,0,0,0,0,0,0,0,0,0,0,0,0,0,0,0,0,0,0,0,0,0,0,0,0,0,0,0,0,0,0,0,0,"","","","","",""
2836,Ujjani Dam Rain Gauge,Maharashtra SW,27,Maharashtra,496,Solapur,-,-,-,-,-,-,-,-,-,18.07402000,75.12002000,08-09-2024 04:00,0,0,0,0,0,0,0,0,0,0,0,0,0,0,0,0,0,0,0,0,0,0,0,0,0,0,0,0,0,0,0,0,0,0,0,0,0,0,0,0,0,0,0,0,"","","","","",""
2837,Ujjani Dam Rain Gauge,Maharashtra SW,27,Maharashtra,496,Solapur,-,-,-,-,-,-,-,-,-,18.07402000,75.12002000,08-09-2024 05:00,0,0,0,0,0,0,0,0,0,0,0,0,0,0,0,0,0,0,0,0,0,0,0,0,0,0,0,0,0,0,0,0,0,0,0,0,0,0,0,0,0,0,0,0,"","","","","",""
2838,Ujjani Dam Rain Gauge,Maharashtra SW,27,Maharashtra,496,Solapur,-,-,-,-,-,-,-,-,-,18.07402000,75.12002000,08-09-2024 06:00,0,0,0,0,0,0,0,0,0,0,0,0,0,0,0,0,0,0,0,0,0,0,0,0,0,0,0,0,0,0,0,0,0,0,0,0,0,0,0,0,0,0,0,0,"","","","","",""
2839,Ujjani Dam Rain Gauge,Maharashtra SW,27,Maharashtra,496,Solapur,-,-,-,-,-,-,-,-,-,18.07402000,75.12002000,08-09-2024 08:00,0,0,0,0,0,0,0,0,0,0,0,0,0,0,0,0,0,0,0,0,0,0,0,0,0,0,0,0,0,0,0,0,0,0,0,0,0,0,0,0,0,0,0,0,"","","","","",""
2840,Ujjani Dam Rain Gauge,Maharashtra SW,27,Maharashtra,496,Solapur,-,-,-,-,-,-,-,-,-,18.07402000,75.12002000,08-09-2024 09:00,0,0,0,0,0,0,0,0,0,0,0,0,0,0,0,0,0,0,0,0,0,0,0,0,0,0,0,0,0,0,0,0,0,0,0,0,0,0,0,0,0,0,0,0,"","","","","",""
2841,Ujjani Dam Rain Gauge,Maharashtra SW,27,Maharashtra,496,Solapur,-,-,-,-,-,-,-,-,-,18.07402000,75.12002000,08-09-2024 10:00,0,0,0,0,0,0,0,0,0,0,0,0,0,0,0,0,0,0,0,0,0,0,0,0,0,0,0,0,0,0,0,0,0,0,0,0,0,0,0,0,0,0,0,0,"","","","","",""
2842,Ujjani Dam Rain Gauge,Maharashtra SW,27,Maharashtra,496,Solapur,-,-,-,-,-,-,-,-,-,18.07402000,75.12002000,08-09-2024 11:00,0,0,0,0,0,0,0,0,0,0,0,0,0,0,0,0,0,0,0,0,0,0,0,0,0,0,0,0,0,0,0,0,0,0,0,0,0,0,0,0,0,0,0,0,"","","","","",""
2843,Ujjani Dam Rain Gauge,Maharashtra SW,27,Maharashtra,496,Solapur,-,-,-,-,-,-,-,-,-,18.07402000,75.12002000,08-09-2024 12:00,0,0,0,0,0,0,0,0,0,0,0,0,0,0,0,0,0,0,0,0,0,0,0,0,0,0,0,0,0,0,0,0,0,0,0,0,0,0,0,0,0,0,0,0,"","","","","",""
2844,Ujjani Dam Rain Gauge,Maharashtra SW,27,Maharashtra,496,Solapur,-,-,-,-,-,-,-,-,-,18.07402000,75.12002000,08-09-2024 13:00,0,0,0,0,0,0,0,0,0,0,0,0,0,0,0,0,0,0,0,0,0,0,0,0,0,0,0,0,0,0,0,0,0,0,0,0,0,0,0,0,0,0,0,0,"","","","","",""
2845,Ujjani Dam Rain Gauge,Maharashtra SW,27,Maharashtra,496,Solapur,-,-,-,-,-,-,-,-,-,18.07402000,75.12002000,08-09-2024 14:00,0,0,0,0,0,0,0,0,0,0,0,0,0,0,0,0,0,0,0,0,0,0,0,0,0,0,0,0,0,0,0,0,0,0,0,0,0,0,0,0,0,0,0,0,"","","","","",""
2846,Ujjani Dam Rain Gauge,Maharashtra SW,27,Maharashtra,496,Solapur,-,-,-,-,-,-,-,-,-,18.07402000,75.12002000,08-09-2024 16:00,0,0,0,0,0,0,0,0,0,0,0,0,0,0,0,0,0,0,0,0,0,0,0,0,0,0,0,0,0,0,0,0,0,0,0,0,0,0,0,0,0,0,0,0,"","","","","",""
2847,Ujjani Dam Rain Gauge,Maharashtra SW,27,Maharashtra,496,Solapur,-,-,-,-,-,-,-,-,-,18.07402000,75.12002000,08-09-2024 17:00,0,0,0,0,0,0,0,0,0,0,0,0,0,0,0,0,0,0,0,0,0,0,0,0,0,0,0,0,0,0,0,0,0,0,0,0,0,0,0,0,0,0,0,0,"","","","","",""
2848,Ujjani Dam Rain Gauge,Maharashtra SW,27,Maharashtra,496,Solapur,-,-,-,-,-,-,-,-,-,18.07402000,75.12002000,08-09-2024 18:00,0,0,0,0,0,0,0,0,0,0,0,0,0,0,0,0,0,0,0,0,0,0,0,0,0,0,0,0,0,0,0,0,0,0,0,0,0,0,0,0,0,0,0,0,"","","","","",""
2849,Ujjani Dam Rain Gauge,Maharashtra SW,27,Maharashtra,496,Solapur,-,-,-,-,-,-,-,-,-,18.07402000,75.12002000,08-09-2024 19:00,0,0,0,0,0,0,0,0,0,0,0,0,0,0,0,0,0,0,0,0,0,0,0,0,0,0,0,0,0,0,0,0,0,0,0,0,0,0,0,0,0,0,0,0,"","","","","",""
2850,Ujjani Dam Rain Gauge,Maharashtra SW,27,Maharashtra,496,Solapur,-,-,-,-,-,-,-,-,-,18.07402000,75.12002000,08-09-2024 20:00,0,0,0,0,0,0,0,0,0,0,0,0,0,0,0,0,0,0,0,0,0,0,0,0,0,0,0,0,0,0,0,0,0,0,0,0,0,0,0,0,0,0,0,0,"","","","","",""
2851,Ujjani Dam Rain Gauge,Maharashtra SW,27,Maharashtra,496,Solapur,-,-,-,-,-,-,-,-,-,18.07402000,75.12002000,08-09-2024 21:00,0,0,0,0,0,0,0,0,0,0,0,0,0,0,0,0,0,0,0,0,0,0,0,0,0,0,0,0,0,0,0,0,0,0,0,0,0,0,0,0,0,0,0,0,"","","","","",""
2852,Ujjani Dam Rain Gauge,Maharashtra SW,27,Maharashtra,496,Solapur,-,-,-,-,-,-,-,-,-,18.07402000,75.12002000,08-09-2024 22:00,0,0,0,0,0,0,0,0,0,0,0,0,0,0,0,0,0,0,0,0,0,0,0,0,0,0,0,0,0,0,0,0,0,0,0,0,0,0,0,0,0,0,0,0,"","","","","",""
2853,Ujjani Dam Rain Gauge,Maharashtra SW,27,Maharashtra,496,Solapur,-,-,-,-,-,-,-,-,-,18.07402000,75.12002000,09-09-2024 00:00,0,0,0,0,0,0,0,0,0,0,0,0,0,0,0,0,0,0,0,0,0,0,0,0,0,0,0,0,0,0,0,0,0,0,0,0,0,0,0,0,0,0,0,0,"","","","","",""
2854,Ujjani Dam Rain Gauge,Maharashtra SW,27,Maharashtra,496,Solapur,-,-,-,-,-,-,-,-,-,18.07402000,75.12002000,09-09-2024 01:00,0,0,0,0,0,0,0,0,0,0,0,0,0,0,0,0,0,0,0,0,0,0,0,0,0,0,0,0,0,0,0,0,0,0,0,0,0,0,0,0,0,0,0,0,"","","","","",""
2855,Ujjani Dam Rain Gauge,Maharashtra SW,27,Maharashtra,496,Solapur,-,-,-,-,-,-,-,-,-,18.07402000,75.12002000,09-09-2024 02:00,0,0,0,0,0,0,0,0,0,0,0,0,0,0,0,0,0,0,0,0,0,0,0,0,0,0,0,0,0,0,0,0,0,0,0,0,0,0,0,0,0,0,0,0,"","","","","",""
2856,Ujjani Dam Rain Gauge,Maharashtra SW,27,Maharashtra,496,Solapur,-,-,-,-,-,-,-,-,-,18.07402000,75.12002000,09-09-2024 03:00,0,0,0,0,0,0,0,0,0,0,0,0,0,0,0,0,0,0,0,0,0,0,0,0,0,0,0,0,0,0,0,0,0,0,0,0,0,0,0,0,0,0,0,0,"","","","","",""
2857,Ujjani Dam Rain Gauge,Maharashtra SW,27,Maharashtra,496,Solapur,-,-,-,-,-,-,-,-,-,18.07402000,75.12002000,09-09-2024 04:00,0,0,0,0,0,0,0,0,0,0,0,0,0,0,0,0,0,0,0,0,0,0,0,0,0,0,0,0,0,0,0,0,0,0,0,0,0,0,0,0,0,0,0,0,"","","","","",""
2858,Ujjani Dam Rain Gauge,Maharashtra SW,27,Maharashtra,496,Solapur,-,-,-,-,-,-,-,-,-,18.07402000,75.12002000,09-09-2024 05:00,0,0,0,0,0,0,0,0,0,0,0,0,0,0,0,0,0,0,0,0,0,0,0,0,0,0,0,0,0,0,0,0,0,0,0,0,0,0,0,0,0,0,0,0,"","","","","",""
2859,Ujjani Dam Rain Gauge,Maharashtra SW,27,Maharashtra,496,Solapur,-,-,-,-,-,-,-,-,-,18.07402000,75.12002000,09-09-2024 06:00,0,0,0,0,0,0,0,0,0,0,0,0,0,0,0,0,0,0,0,0,0,0,0,0,0,0,0,0,0,0,0,0,0,0,0,0,0,0,0,0,0,0,0,0,"","","","","",""
2860,Ujjani Dam Rain Gauge,Maharashtra SW,27,Maharashtra,496,Solapur,-,-,-,-,-,-,-,-,-,18.07402000,75.12002000,09-09-2024 08:00,0,0,0,0,0,0,0,0,0,0,0,0,0,0,0,0,0,0,0,0,0,0,0,0,0,0,0,0,0,0,0,0,0,0,0,0,0,0,0,0,0,0,0,0,"","","","","",""
2861,Ujjani Dam Rain Gauge,Maharashtra SW,27,Maharashtra,496,Solapur,-,-,-,-,-,-,-,-,-,18.07402000,75.12002000,09-09-2024 09:00,0,0,0,0,0,0,0,0,0,0,0,0,0,0,0,0,0,0,0,0,0,0,0,0,0,0,0,0,0,0,0,0,0,0,0,0,0,0,0,0,0,0,0,0,"","","","","",""
2862,Ujjani Dam Rain Gauge,Maharashtra SW,27,Maharashtra,496,Solapur,-,-,-,-,-,-,-,-,-,18.07402000,75.12002000,09-09-2024 10:00,0,0,0,0,0,0,0,0,0,0,0,0,0,0,0,0,0,0,0,0,0,0,0,0,0,0,0,0,0,0,0,0,0,0,0,0,0,0,0,0,0,0,0,0,"","","","","",""
2863,Ujjani Dam Rain Gauge,Maharashtra SW,27,Maharashtra,496,Solapur,-,-,-,-,-,-,-,-,-,18.07402000,75.12002000,09-09-2024 11:00,0,0,0,0,0,0,0,0,0,0,0,0,0,0,0,0,0,0,0,0,0,0,0,0,0,0,0,0,0,0,0,0,0,0,0,0,0,0,0,0,0,0,0,0,"","","","","",""
2864,Ujjani Dam Rain Gauge,Maharashtra SW,27,Maharashtra,496,Solapur,-,-,-,-,-,-,-,-,-,18.07402000,75.12002000,09-09-2024 12:00,0,0,0,0,0,0,0,0,0,0,0,0,0,0,0,0,0,0,0,0,0,0,0,0,0,0,0,0,0,0,0,0,0,0,0,0,0,0,0,0,0,0,0,0,"","","","","",""
2865,Ujjani Dam Rain Gauge,Maharashtra SW,27,Maharashtra,496,Solapur,-,-,-,-,-,-,-,-,-,18.07402000,75.12002000,09-09-2024 13:00,0,0,0,0,0,0,0,0,0,0,0,0,0,0,0,0,0,0,0,0,0,0,0,0,0,0,0,0,0,0,0,0,0,0,0,0,0,0,0,0,0,0,0,0,"","","","","",""
2866,Ujjani Dam Rain Gauge,Maharashtra SW,27,Maharashtra,496,Solapur,-,-,-,-,-,-,-,-,-,18.07402000,75.12002000,09-09-2024 14:00,0,0,0,0,0,0,0,0,0,0,0,0,0,0,0,0,0,0,0,0,0,0,0,0,0,0,0,0,0,0,0,0,0,0,0,0,0,0,0,0,0,0,0,0,"","","","","",""
2867,Ujjani Dam Rain Gauge,Maharashtra SW,27,Maharashtra,496,Solapur,-,-,-,-,-,-,-,-,-,18.07402000,75.12002000,09-09-2024 16:00,0,0,0,0,0,0,0,0,0,0,0,0,0,0,0,0,0,0,0,0,0,0,0,0,0,0,0,0,0,0,0,0,0,0,0,0,0,0,0,0,0,0,0,0,"","","","","",""
2868,Ujjani Dam Rain Gauge,Maharashtra SW,27,Maharashtra,496,Solapur,-,-,-,-,-,-,-,-,-,18.07402000,75.12002000,09-09-2024 17:00,0,0,0,0,0,0,0,0,0,0,0,0,0,0,0,0,0,0,0,0,0,0,0,0,0,0,0,0,0,0,0,0,0,0,0,0,0,0,0,0,0,0,0,0,"","","","","",""
2869,Ujjani Dam Rain Gauge,Maharashtra SW,27,Maharashtra,496,Solapur,-,-,-,-,-,-,-,-,-,18.07402000,75.12002000,09-09-2024 18:00,0,0,0,0,0,0,0,0,0,0,0,0,0,0,0,0,0,0,0,0,0,0,0,0,0,0,0,0,0,0,0,0,0,0,0,0,0,0,0,0,0,0,0,0,"","","","","",""
2870,Ujjani Dam Rain Gauge,Maharashtra SW,27,Maharashtra,496,Solapur,-,-,-,-,-,-,-,-,-,18.07402000,75.12002000,09-09-2024 19:00,0,0,0,0,0,0,0,0,0,0,0,0,0,0,0,0,0,0,0,0,0,0,0,0,0,0,0,0,0,0,0,0,0,0,0,0,0,0,0,0,0,0,0,0,"","","","","",""
2871,Ujjani Dam Rain Gauge,Maharashtra SW,27,Maharashtra,496,Solapur,-,-,-,-,-,-,-,-,-,18.07402000,75.12002000,09-09-2024 20:00,0,0,0,0,0,0,0,0,0,0,0,0,0,0,0,0,0,0,0,0,0,0,0,0,0,0,0,0,0,0,0,0,0,0,0,0,0,0,0,0,0,0,0,0,"","","","","",""
2872,Ujjani Dam Rain Gauge,Maharashtra SW,27,Maharashtra,496,Solapur,-,-,-,-,-,-,-,-,-,18.07402000,75.12002000,09-09-2024 21:00,0,0,0,0,0,0,0,0,0,0,0,0,0,0,0,0,0,0,0,0,0,0,0,0,0,0,0,0,0,0,0,0,0,0,0,0,0,0,0,0,0,0,0,0,"","","","","",""
2873,Ujjani Dam Rain Gauge,Maharashtra SW,27,Maharashtra,496,Solapur,-,-,-,-,-,-,-,-,-,18.07402000,75.12002000,09-09-2024 23:00,0,0,0,0,0,0,0,0,0,0,0,0,0,0,0,0,0,0,0,0,0,0,0,0,0,0,0,0,0,0,0,0,0,0,0,0,0,0,0,0,0,0,0,0,"","","","","",""
2874,Ujjani Dam Rain Gauge,Maharashtra SW,27,Maharashtra,496,Solapur,-,-,-,-,-,-,-,-,-,18.07402000,75.12002000,10-09-2024 00:00,0,0,0,0,0,0,0,0,0,0,0,0,0,0,0,0,0,0,0,0,0,0,0,0,0,0,0,0,0,0,0,0,0,0,0,0,0,0,0,0,0,0,0,0,"","","","","",""
2875,Ujjani Dam Rain Gauge,Maharashtra SW,27,Maharashtra,496,Solapur,-,-,-,-,-,-,-,-,-,18.07402000,75.12002000,10-09-2024 01:00,0,0,0,0,0,0,0,0,0,0,0,0,0,0,0,0,0,0,0,0,0,0,0,0,0,0,0,0,0,0,0,0,0,0,0,0,0,0,0,0,0,0,0,0,"","","","","",""
2876,Ujjani Dam Rain Gauge,Maharashtra SW,27,Maharashtra,496,Solapur,-,-,-,-,-,-,-,-,-,18.07402000,75.12002000,10-09-2024 02:00,0,0,0,0,0,0,0,0,0,0,0,0,0,0,0,0,0,0,0,0,0,0,0,0,0,0,0,0,0,0,0,0,0,0,0,0,0,0,0,0,0,0,0,0,"","","","","",""
2877,Ujjani Dam Rain Gauge,Maharashtra SW,27,Maharashtra,496,Solapur,-,-,-,-,-,-,-,-,-,18.07402000,75.12002000,10-09-2024 03:00,0,0,0,0,0,0,0,0,0,0,0,0,0,0,0,0,0,0,0,0,0,0,0,0,0,0,0,0,0,0,0,0,0,0,0,0,0,0,0,0,0,0,0,0,"","","","","",""
2878,Ujjani Dam Rain Gauge,Maharashtra SW,27,Maharashtra,496,Solapur,-,-,-,-,-,-,-,-,-,18.07402000,75.12002000,10-09-2024 04:00,0,0,0,0,0,0,0,0,0,0,0,0,0,0,0,0,0,0,0,0,0,0,0,0,0,0,0,0,0,0,0,0,0,0,0,0,0,0,0,0,0,0,0,0,"","","","","",""
2879,Ujjani Dam Rain Gauge,Maharashtra SW,27,Maharashtra,496,Solapur,-,-,-,-,-,-,-,-,-,18.07402000,75.12002000,10-09-2024 05:00,0,0,0,0,0,0,0,0,0,0,0,0,0,0,0,0,0,0,0,0,0,0,0,0,0,0,0,0,0,0,0,0,0,0,0,0,0,0,0,0,0,0,0,0,"","","","","",""
2880,Ujjani Dam Rain Gauge,Maharashtra SW,27,Maharashtra,496,Solapur,-,-,-,-,-,-,-,-,-,18.07402000,75.12002000,10-09-2024 07:00,0,0,0,0,0,0,0,0,0,0,0,0,0,0,0,0,0,0,0,0,0,0,0,0,0,0,0,0,0,0,0,0,0,0,0,0,0,0,0,0,0,0,0,0,"","","","","",""
2881,Ujjani Dam Rain Gauge,Maharashtra SW,27,Maharashtra,496,Solapur,-,-,-,-,-,-,-,-,-,18.07402000,75.12002000,10-09-2024 08:00,0,0,0,0,0,0,0,0,0,0,0,0,0,0,0,0,0,0,0,0,0,0,0,0,0,0,0,0,0,0,0,0,0,0,0,0,0,0,0,0,0,0,0,0,"","","","","",""
2882,Ujjani Dam Rain Gauge,Maharashtra SW,27,Maharashtra,496,Solapur,-,-,-,-,-,-,-,-,-,18.07402000,75.12002000,10-09-2024 09:00,0,0,0,0,0,0,0,0,0,0,0,0,0,0,0,0,0,0,0,0,0,0,0,0,0,0,0,0,0,0,0,0,0,0,0,0,0,0,0,0,0,0,0,0,"","","","","",""
2883,Ujjani Dam Rain Gauge,Maharashtra SW,27,Maharashtra,496,Solapur,-,-,-,-,-,-,-,-,-,18.07402000,75.12002000,10-09-2024 10:00,0,0,0,0,0,0,0,0,0,0,0,0,0,0,0,0,0,0,0,0,0,0,0,0,0,0,0,0,0,0,0,0,0,0,0,0,0,0,0,0,0,0,0,0,"","","","","",""
2884,Ujjani Dam Rain Gauge,Maharashtra SW,27,Maharashtra,496,Solapur,-,-,-,-,-,-,-,-,-,18.07402000,75.12002000,10-09-2024 11:00,0,0,0,0,0,0,0,0,0,0,0,0,0,0,0,0,0,0,0,0,0,0,0,0,0,0,0,0,0,0,0,0,0,0,0,0,0,0,0,0,0,0,0,0,"","","","","",""
2885,Ujjani Dam Rain Gauge,Maharashtra SW,27,Maharashtra,496,Solapur,-,-,-,-,-,-,-,-,-,18.07402000,75.12002000,10-09-2024 12:00,0,0,0,0,0,0,0,0,0,0,0,0,0,0,0,0,0,0,0,0,0,0,0,0,0,0,0,0,0,0,0,0,0,0,0,0,0,0,0,0,0,0,0,0,"","","","","",""
2886,Ujjani Dam Rain Gauge,Maharashtra SW,27,Maharashtra,496,Solapur,-,-,-,-,-,-,-,-,-,18.07402000,75.12002000,10-09-2024 13:00,0,0,0,0,0,0,0,0,0,0,0,0,0,0,0,0,0,0,0,0,0,0,0,0,0,0,0,0,0,0,0,0,0,0,0,0,0,0,0,0,0,0,0,0,"","","","","",""
2887,Ujjani Dam Rain Gauge,Maharashtra SW,27,Maharashtra,496,Solapur,-,-,-,-,-,-,-,-,-,18.07402000,75.12002000,10-09-2024 15:00,0,0,0,0,0,0,0,0,0,0,0,0,0,0,0,0,0,0,0,0,0,0,0,0,0,0,0,0,0,0,0,0,0,0,0,0,0,0,0,0,0,0,0,0,"","","","","",""
2888,Ujjani Dam Rain Gauge,Maharashtra SW,27,Maharashtra,496,Solapur,-,-,-,-,-,-,-,-,-,18.07402000,75.12002000,10-09-2024 16:00,0,0,0,0,0,0,0,0,0,0,0,0,0,0,0,0,0,0,0,0,0,0,0,0,0,0,0,0,0,0,0,0,0,0,0,0,0,0,0,0,0,0,0,0,"","","","","",""
2889,Ujjani Dam Rain Gauge,Maharashtra SW,27,Maharashtra,496,Solapur,-,-,-,-,-,-,-,-,-,18.07402000,75.12002000,10-09-2024 17:00,0,0,0,0,0,0,0,0,0,0,0,0,0,0,0,0,0,0,0,0,0,0,0,0,0,0,0,0,0,0,0,0,0,0,0,0,0,0,0,0,0,0,0,0,"","","","","",""
2890,Ujjani Dam Rain Gauge,Maharashtra SW,27,Maharashtra,496,Solapur,-,-,-,-,-,-,-,-,-,18.07402000,75.12002000,10-09-2024 18:00,0,0,0,0,0,0,0,0,0,0,0,0,0,0,0,0,0,0,0,0,0,0,0,0,0,0,0,0,0,0,0,0,0,0,0,0,0,0,0,0,0,0,0,0,"","","","","",""
2891,Ujjani Dam Rain Gauge,Maharashtra SW,27,Maharashtra,496,Solapur,-,-,-,-,-,-,-,-,-,18.07402000,75.12002000,10-09-2024 19:00,0,0,0,0,0,0,0,0,0,0,0,0,0,0,0,0,0,0,0,0,0,0,0,0,0,0,0,0,0,0,0,0,0,0,0,0,0,0,0,0,0,0,0,0,"","","","","",""
2892,Ujjani Dam Rain Gauge,Maharashtra SW,27,Maharashtra,496,Solapur,-,-,-,-,-,-,-,-,-,18.07402000,75.12002000,10-09-2024 20:00,0,0,0,0,0,0,0,0,0,0,0,0,0,0,0,0,0,0,0,0,0,0,0,0,0,0,0,0,0,0,0,0,0,0,0,0,0,0,0,0,0,0,0,0,"","","","","",""
2893,Ujjani Dam Rain Gauge,Maharashtra SW,27,Maharashtra,496,Solapur,-,-,-,-,-,-,-,-,-,18.07402000,75.12002000,10-09-2024 21:00,0,0,0,0,0,0,0,0,0,0,0,0,0,0,0,0,0,0,0,0,0,0,0,0,0,0,0,0,0,0,0,0,0,0,0,0,0,0,0,0,0,0,0,0,"","","","","",""
2894,Ujjani Dam Rain Gauge,Maharashtra SW,27,Maharashtra,496,Solapur,-,-,-,-,-,-,-,-,-,18.07402000,75.12002000,10-09-2024 23:00,0,0,0,0,0,0,0,0,0,0,0,0,0,0,0,0,0,0,0,0,0,0,0,0,0,0,0,0,0,0,0,0,0,0,0,0,0,0,0,0,0,0,0,0,"","","","","",""
2895,Ujjani Dam Rain Gauge,Maharashtra SW,27,Maharashtra,496,Solapur,-,-,-,-,-,-,-,-,-,18.07402000,75.12002000,11-09-2024 00:00,0,0,0,0,0,0,0,0,0,0,0,0,0,0,0,0,0,0,0,0,0,0,0,0,0,0,0,0,0,0,0,0,0,0,0,0,0,0,0,0,0,0,0,0,"","","","","",""
2896,Ujjani Dam Rain Gauge,Maharashtra SW,27,Maharashtra,496,Solapur,-,-,-,-,-,-,-,-,-,18.07402000,75.12002000,11-09-2024 01:00,0,0,0,0,0,0,0,0,0,0,0,0,0,0,0,0,0,0,0,0,0,0,0,0,0,0,0,0,0,0,0,0,0,0,0,0,0,0,0,0,0,0,0,0,"","","","","",""
2897,Ujjani Dam Rain Gauge,Maharashtra SW,27,Maharashtra,496,Solapur,-,-,-,-,-,-,-,-,-,18.07402000,75.12002000,11-09-2024 02:00,0,0,0,0,0,0,0,0,0,0,0,0,0,0,0,0,0,0,0,0,0,0,0,0,0,0,0,0,0,0,0,0,0,0,0,0,0,0,0,0,0,0,0,0,"","","","","",""
2898,Ujjani Dam Rain Gauge,Maharashtra SW,27,Maharashtra,496,Solapur,-,-,-,-,-,-,-,-,-,18.07402000,75.12002000,11-09-2024 03:00,0,0,0,0,0,0,0,0,0,0,0,0,0,0,0,0,0,0,0,0,0,0,0,0,0,0,0,0,0,0,0,0,0,0,0,0,0,0,0,0,0,0,0,0,"","","","","",""
2899,Ujjani Dam Rain Gauge,Maharashtra SW,27,Maharashtra,496,Solapur,-,-,-,-,-,-,-,-,-,18.07402000,75.12002000,11-09-2024 04:00,0,0,0,0,0,0,0,0,0,0,0,0,0,0,0,0,0,0,0,0,0,0,0,0,0,0,0,0,0,0,0,0,0,0,0,0,0,0,0,0,0,0,0,0,"","","","","",""
2900,Ujjani Dam Rain Gauge,Maharashtra SW,27,Maharashtra,496,Solapur,-,-,-,-,-,-,-,-,-,18.07402000,75.12002000,09-12-2024 15:00,0,0,0,0,0,0,0,0,0,0,0,0,0,0,0,0,0,0,0,0,0,0,0,0,0,0,0,0,0,0,0,0,0,0,0,0,0,0,0,0,0,0,0,0,"","","","","",""
2901,Ujjani Dam Rain Gauge,Maharashtra SW,27,Maharashtra,496,Solapur,-,-,-,-,-,-,-,-,-,18.07402000,75.12002000,09-12-2024 16:00,0,0,0,0,0,0,0,0,0,0,0,0,0,0,0,0,0,0,0,0,0,0,0,0,0,0,0,0,0,0,0,0,0,0,0,0,0,0,0,0,0,0,0,0,"","","","","",""
2902,Ujjani Dam Rain Gauge,Maharashtra SW,27,Maharashtra,496,Solapur,-,-,-,-,-,-,-,-,-,18.07402000,75.12002000,09-12-2024 17:00,0,0,0,0,0,0,0,0,0,0,0,0,0,0,0,0,0,0,0,0,0,0,0,0,0,0,0,0,0,0,0,0,0,0,0,0,0,0,0,0,0,0,0,0,"","","","","",""
2903,Ujjani Dam Rain Gauge,Maharashtra SW,27,Maharashtra,496,Solapur,-,-,-,-,-,-,-,-,-,18.07402000,75.12002000,09-12-2024 18:00,0,0,0,0,0,0,0,0,0,0,0,0,0,0,0,0,0,0,0,0,0,0,0,0,0,0,0,0,0,0,0,0,0,0,0,0,0,0,0,0,0,0,0,0,"","","","","",""
2904,Ujjani Dam Rain Gauge,Maharashtra SW,27,Maharashtra,496,Solapur,-,-,-,-,-,-,-,-,-,18.07402000,75.12002000,09-12-2024 19:00,0,0,0,0,0,0,0,0,0,0,0,0,0,0,0,0,0,0,0,0,0,0,0,0,0,0,0,0,0,0,0,0,0,0,0,0,0,0,0,0,0,0,0,0,"","","","","",""
2905,Ujjani Dam Rain Gauge,Maharashtra SW,27,Maharashtra,496,Solapur,-,-,-,-,-,-,-,-,-,18.07402000,75.12002000,09-12-2024 20:00,0,0,0,0,0,0,0,0,0,0,0,0,0,0,0,0,0,0,0,0,0,0,0,0,0,0,0,0,0,0,0,0,0,0,0,0,0,0,0,0,0,0,0,0,"","","","","",""
2906,Ujjani Dam Rain Gauge,Maharashtra SW,27,Maharashtra,496,Solapur,-,-,-,-,-,-,-,-,-,18.07402000,75.12002000,09-12-2024 21:00,0,0,0,0,0,0,0,0,0,0,0,0,0,0,0,0,0,0,0,0,0,0,0,0,0,0,0,0,0,0,0,0,0,0,0,0,0,0,0,0,0,0,0,0,"","","","","",""
2907,Ujjani Dam Rain Gauge,Maharashtra SW,27,Maharashtra,496,Solapur,-,-,-,-,-,-,-,-,-,18.07402000,75.12002000,09-12-2024 22:00,0,0,0,0,0,0,0,0,0,0,0,0,0,0,0,0,0,0,0,0,0,0,0,0,0,0,0,0,0,0,0,0,0,0,0,0,0,0,0,0,0,0,0,0,"","","","","",""
2908,Ujjani Dam Rain Gauge,Maharashtra SW,27,Maharashtra,496,Solapur,-,-,-,-,-,-,-,-,-,18.07402000,75.12002000,09-12-2024 23:00,0,0,0,0,0,0,0,0,0,0,0,0,0,0,0,0,0,0,0,0,0,0,0,0,0,0,0,0,0,0,0,0,0,0,0,0,0,0,0,0,0,0,0,0,"","","","","",""
2909,Ujjani Dam Rain Gauge,Maharashtra SW,27,Maharashtra,496,Solapur,-,-,-,-,-,-,-,-,-,18.07402000,75.12002000,10-12-2024 01:00,0,0,0,0,0,0,0,0,0,0,0,0,0,0,0,0,0,0,0,0,0,0,0,0,0,0,0,0,0,0,0,0,0,0,0,0,0,0,0,0,0,0,0,0,"","","","","",""
2910,Ujjani Dam Rain Gauge,Maharashtra SW,27,Maharashtra,496,Solapur,-,-,-,-,-,-,-,-,-,18.07402000,75.12002000,10-12-2024 02:00,0,0,0,0,0,0,0,0,0,0,0,0,0,0,0,0,0,0,0,0,0,0,0,0,0,0,0,0,0,0,0,0,0,0,0,0,0,0,0,0,0,0,0,0,"","","","","",""
2911,Ujjani Dam Rain Gauge,Maharashtra SW,27,Maharashtra,496,Solapur,-,-,-,-,-,-,-,-,-,18.07402000,75.12002000,10-12-2024 03:00,0,0,0,0,0,0,0,0,0,0,0,0,0,0,0,0,0,0,0,0,0,0,0,0,0,0,0,0,0,0,0,0,0,0,0,0,0,0,0,0,0,0,0,0,"","","","","",""
2912,Ujjani Dam Rain Gauge,Maharashtra SW,27,Maharashtra,496,Solapur,-,-,-,-,-,-,-,-,-,18.07402000,75.12002000,10-12-2024 04:00,0,0,0,0,0,0,0,0,0,0,0,0,0,0,0,0,0,0,0,0,0,0,0,0,0,0,0,0,0,0,0,0,0,0,0,0,0,0,0,0,0,0,0,0,"","","","","",""
2913,Ujjani Dam Rain Gauge,Maharashtra SW,27,Maharashtra,496,Solapur,-,-,-,-,-,-,-,-,-,18.07402000,75.12002000,10-12-2024 05:00,0,0,0,0,0,0,0,0,0,0,0,0,0,0,0,0,0,0,0,0,0,0,0,0,0,0,0,0,0,0,0,0,0,0,0,0,0,0,0,0,0,0,0,0,"","","","","",""
2914,Ujjani Dam Rain Gauge,Maharashtra SW,27,Maharashtra,496,Solapur,-,-,-,-,-,-,-,-,-,18.07402000,75.12002000,10-12-2024 06:00,0,0,0,0,0,0,0,0,0,0,0,0,0,0,0,0,0,0,0,0,0,0,0,0,0,0,0,0,0,0,0,0,0,0,0,0,0,0,0,0,0,0,0,0,"","","","","",""
2915,Ujjani Dam Rain Gauge,Maharashtra SW,27,Maharashtra,496,Solapur,-,-,-,-,-,-,-,-,-,18.07402000,75.12002000,10-12-2024 07:00,0,0,0,0,0,0,0,0,0,0,0,0,0,0,0,0,0,0,0,0,0,0,0,0,0,0,0,0,0,0,0,0,0,0,0,0,0,0,0,0,0,0,0,0,"","","","","",""
2916,Ujjani Dam Rain Gauge,Maharashtra SW,27,Maharashtra,496,Solapur,-,-,-,-,-,-,-,-,-,18.07402000,75.12002000,10-12-2024 08:00,0,0,0,0,0,0,0,0,0,0,0,0,0,0,0,0,0,0,0,0,0,0,0,0,0,0,0,0,0,0,0,0,0,0,0,0,0,0,0,0,0,0,0,0,"","","","","",""
2917,Ujjani Dam Rain Gauge,Maharashtra SW,27,Maharashtra,496,Solapur,-,-,-,-,-,-,-,-,-,18.07402000,75.12002000,10-12-2024 09:00,0,0,0,0,0,0,0,0,0,0,0,0,0,0,0,0,0,0,0,0,0,0,0,0,0,0,0,0,0,0,0,0,0,0,0,0,0,0,0,0,0,0,0,0,"","","","","",""
2918,Ujjani Dam Rain Gauge,Maharashtra SW,27,Maharashtra,496,Solapur,-,-,-,-,-,-,-,-,-,18.07402000,75.12002000,10-12-2024 10:00,0,0,0,0,0,0,0,0,0,0,0,0,0,0,0,0,0,0,0,0,0,0,0,0,0,0,0,0,0,0,0,0,0,0,0,0,0,0,0,0,0,0,0,0,"","","","","",""
2919,Ujjani Dam Rain Gauge,Maharashtra SW,27,Maharashtra,496,Solapur,-,-,-,-,-,-,-,-,-,18.07402000,75.12002000,10-12-2024 11:00,0,0,0,0,0,0,0,0,0,0,0,0,0,0,0,0,0,0,0,0,0,0,0,0,0,0,0,0,0,0,0,0,0,0,0,0,0,0,0,0,0,0,0,0,"","","","","",""
2920,Ujjani Dam Rain Gauge,Maharashtra SW,27,Maharashtra,496,Solapur,-,-,-,-,-,-,-,-,-,18.07402000,75.12002000,10-12-2024 12:00,0,0,0,0,0,0,0,0,0,0,0,0,0,0,0,0,0,0,0,0,0,0,0,0,0,0,0,0,0,0,0,0,0,0,0,0,0,0,0,0,0,0,0,0,"","","","","",""
2921,Ujjani Dam Rain Gauge,Maharashtra SW,27,Maharashtra,496,Solapur,-,-,-,-,-,-,-,-,-,18.07402000,75.12002000,10-12-2024 13:00,0,0,0,0,0,0,0,0,0,0,0,0,0,0,0,0,0,0,0,0,0,0,0,0,0,0,0,0,0,0,0,0,0,0,0,0,0,0,0,0,0,0,0,0,"","","","","",""
2922,Ujjani Dam Rain Gauge,Maharashtra SW,27,Maharashtra,496,Solapur,-,-,-,-,-,-,-,-,-,18.07402000,75.12002000,10-12-2024 14:00,0,0,0,0,0,0,0,0,0,0,0,0,0,0,0,0,0,0,0,0,0,0,0,0,0,0,0,0,0,0,0,0,0,0,0,0,0,0,0,0,0,0,0,0,"","","","","",""
2923,Ujjani Dam Rain Gauge,Maharashtra SW,27,Maharashtra,496,Solapur,-,-,-,-,-,-,-,-,-,18.07402000,75.12002000,10-12-2024 16:00,0,0,0,0,0,0,0,0,0,0,0,0,0,0,0,0,0,0,0,0,0,0,0,0,0,0,0,0,0,0,0,0,0,0,0,0,0,0,0,0,0,0,0,0,"","","","","",""
2924,Ujjani Dam Rain Gauge,Maharashtra SW,27,Maharashtra,496,Solapur,-,-,-,-,-,-,-,-,-,18.07402000,75.12002000,10-12-2024 17:00,0,0,0,0,0,0,0,0,0,0,0,0,0,0,0,0,0,0,0,0,0,0,0,0,0,0,0,0,0,0,0,0,0,0,0,0,0,0,0,0,0,0,0,0,"","","","","",""
2925,Ujjani Dam Rain Gauge,Maharashtra SW,27,Maharashtra,496,Solapur,-,-,-,-,-,-,-,-,-,18.07402000,75.12002000,10-12-2024 18:00,0,0,0,0,0,0,0,0,0,0,0,0,0,0,0,0,0,0,0,0,0,0,0,0,0,0,0,0,0,0,0,0,0,0,0,0,0,0,0,0,0,0,0,0,"","","","","",""
2926,Ujjani Dam Rain Gauge,Maharashtra SW,27,Maharashtra,496,Solapur,-,-,-,-,-,-,-,-,-,18.07402000,75.12002000,10-12-2024 19:00,0,0,0,0,0,0,0,0,0,0,0,0,0,0,0,0,0,0,0,0,0,0,0,0,0,0,0,0,0,0,0,0,0,0,0,0,0,0,0,0,0,0,0,0,"","","","","",""
2927,Ujjani Dam Rain Gauge,Maharashtra SW,27,Maharashtra,496,Solapur,-,-,-,-,-,-,-,-,-,18.07402000,75.12002000,10-12-2024 20:00,0,0,0,0,0,0,0,0,0,0,0,0,0,0,0,0,0,0,0,0,0,0,0,0,0,0,0,0,0,0,0,0,0,0,0,0,0,0,0,0,0,0,0,0,"","","","","",""
2928,Ujjani Dam Rain Gauge,Maharashtra SW,27,Maharashtra,496,Solapur,-,-,-,-,-,-,-,-,-,18.07402000,75.12002000,10-12-2024 22:00,0,0,0,0,0,0,0,0,0,0,0,0,0,0,0,0,0,0,0,0,0,0,0,0,0,0,0,0,0,0,0,0,0,0,0,0,0,0,0,0,0,0,0,0,"","","","","",""
2929,Ujjani Dam Rain Gauge,Maharashtra SW,27,Maharashtra,496,Solapur,-,-,-,-,-,-,-,-,-,18.07402000,75.12002000,10-12-2024 23:00,0,0,0,0,0,0,0,0,0,0,0,0,0,0,0,0,0,0,0,0,0,0,0,0,0,0,0,0,0,0,0,0,0,0,0,0,0,0,0,0,0,0,0,0,"","","","","",""
2930,Ujjani Dam Rain Gauge,Maharashtra SW,27,Maharashtra,496,Solapur,-,-,-,-,-,-,-,-,-,18.07402000,75.12002000,11-12-2024 00:00,0,0,0,0,0,0,0,0,0,0,0,0,0,0,0,0,0,0,0,0,0,0,0,0,0,0,0,0,0,0,0,0,0,0,0,0,0,0,0,0,0,0,0,0,"","","","","",""
2931,Ujjani Dam Rain Gauge,Maharashtra SW,27,Maharashtra,496,Solapur,-,-,-,-,-,-,-,-,-,18.07402000,75.12002000,11-12-2024 01:00,0,0,0,0,0,0,0,0,0,0,0,0,0,0,0,0,0,0,0,0,0,0,0,0,0,0,0,0,0,0,0,0,0,0,0,0,0,0,0,0,0,0,0,0,"","","","","",""
2932,Ujjani Dam Rain Gauge,Maharashtra SW,27,Maharashtra,496,Solapur,-,-,-,-,-,-,-,-,-,18.07402000,75.12002000,11-12-2024 02:00,0,0,0,0,0,0,0,0,0,0,0,0,0,0,0,0,0,0,0,0,0,0,0,0,0,0,0,0,0,0,0,0,0,0,0,0,0,0,0,0,0,0,0,0,"","","","","",""
2933,Ujjani Dam Rain Gauge,Maharashtra SW,27,Maharashtra,496,Solapur,-,-,-,-,-,-,-,-,-,18.07402000,75.12002000,11-12-2024 03:00,0,0,0,0,0,0,0,0,0,0,0,0,0,0,0,0,0,0,0,0,0,0,0,0,0,0,0,0,0,0,0,0,0,0,0,0,0,0,0,0,0,0,0,0,"","","","","",""
2934,Ujjani Dam Rain Gauge,Maharashtra SW,27,Maharashtra,496,Solapur,-,-,-,-,-,-,-,-,-,18.07402000,75.12002000,12-12-2024 16:00,0,0,0,0,0,0,0,0,0,0,0,0,0,0,0,0,0,0,0,0,0,0,0,0,0,0,0,0,0,0,0,0,0,0,0,0,0,0,0,0,0,0,0,0,"","","","","",""
2935,Ujjani Dam Rain Gauge,Maharashtra SW,27,Maharashtra,496,Solapur,-,-,-,-,-,-,-,-,-,18.07402000,75.12002000,12-12-2024 17:00,0,0,0,0,0,0,0,0,0,0,0,0,0,0,0,0,0,0,0,0,0,0,0,0,0,0,0,0,0,0,0,0,0,0,0,0,0,0,0,0,0,0,0,0,"","","","","",""
2936,Ujjani Dam Rain Gauge,Maharashtra SW,27,Maharashtra,496,Solapur,-,-,-,-,-,-,-,-,-,18.07402000,75.12002000,12-12-2024 19:00,0,0,0,0,0,0,0,0,0,0,0,0,0,0,0,0,0,0,0,0,0,0,0,0,0,0,0,0,0,0,0,0,0,0,0,0,0,0,0,0,0,0,0,0,"","","","","",""
2937,Ujjani Dam Rain Gauge,Maharashtra SW,27,Maharashtra,496,Solapur,-,-,-,-,-,-,-,-,-,18.07402000,75.12002000,12-12-2024 20:00,0,0,0,0,0,0,0,0,0,0,0,0,0,0,0,0,0,0,0,0,0,0,0,0,0,0,0,0,0,0,0,0,0,0,0,0,0,0,0,0,0,0,0,0,"","","","","",""
2938,Ujjani Dam Rain Gauge,Maharashtra SW,27,Maharashtra,496,Solapur,-,-,-,-,-,-,-,-,-,18.07402000,75.12002000,12-12-2024 21:00,0,0,0,0,0,0,0,0,0,0,0,0,0,0,0,0,0,0,0,0,0,0,0,0,0,0,0,0,0,0,0,0,0,0,0,0,0,0,0,0,0,0,0,0,"","","","","",""
2939,Ujjani Dam Rain Gauge,Maharashtra SW,27,Maharashtra,496,Solapur,-,-,-,-,-,-,-,-,-,18.07402000,75.12002000,12-12-2024 22:00,0,0,0,0,0,0,0,0,0,0,0,0,0,0,0,0,0,0,0,0,0,0,0,0,0,0,0,0,0,0,0,0,0,0,0,0,0,0,0,0,0,0,0,0,"","","","","",""
2940,Ujjani Dam Rain Gauge,Maharashtra SW,27,Maharashtra,496,Solapur,-,-,-,-,-,-,-,-,-,18.07402000,75.12002000,12-12-2024 23:00,0,0,0,0,0,0,0,0,0,0,0,0,0,0,0,0,0,0,0,0,0,0,0,0,0,0,0,0,0,0,0,0,0,0,0,0,0,0,0,0,0,0,0,0,"","","","","",""
2941,Ujjani Dam Rain Gauge,Maharashtra SW,27,Maharashtra,496,Solapur,-,-,-,-,-,-,-,-,-,18.07402000,75.12002000,13-12-2024 00:00,0,0,0,0,0,0,0,0,0,0,0,0,0,0,0,0,0,0,0,0,0,0,0,0,0,0,0,0,0,0,0,0,0,0,0,0,0,0,0,0,0,0,0,0,"","","","","",""
2942,Ujjani Dam Rain Gauge,Maharashtra SW,27,Maharashtra,496,Solapur,-,-,-,-,-,-,-,-,-,18.07402000,75.12002000,13-12-2024 01:00,0,0,0,0,0,0,0,0,0,0,0,0,0,0,0,0,0,0,0,0,0,0,0,0,0,0,0,0,0,0,0,0,0,0,0,0,0,0,0,0,0,0,0,0,"","","","","",""
2943,Ujjani Dam Rain Gauge,Maharashtra SW,27,Maharashtra,496,Solapur,-,-,-,-,-,-,-,-,-,18.07402000,75.12002000,13-12-2024 02:00,0,0,0,0,0,0,0,0,0,0,0,0,0,0,0,0,0,0,0,0,0,0,0,0,0,0,0,0,0,0,0,0,0,0,0,0,0,0,0,0,0,0,0,0,"","","","","",""
2944,Ujjani Dam Rain Gauge,Maharashtra SW,27,Maharashtra,496,Solapur,-,-,-,-,-,-,-,-,-,18.07402000,75.12002000,13-12-2024 03:00,0,0,0,0,0,0,0,0,0,0,0,0,0,0,0,0,0,0,0,0,0,0,0,0,0,0,0,0,0,0,0,0,0,0,0,0,0,0,0,0,0,0,0,0,"","","","","",""
2945,Ujjani Dam Rain Gauge,Maharashtra SW,27,Maharashtra,496,Solapur,-,-,-,-,-,-,-,-,-,18.07402000,75.12002000,13-12-2024 04:00,0,0,0,0,0,0,0,0,0,0,0,0,0,0,0,0,0,0,0,0,0,0,0,0,0,0,0,0,0,0,0,0,0,0,0,0,0,0,0,0,0,0,0,0,"","","","","",""
2946,Ujjani Dam Rain Gauge,Maharashtra SW,27,Maharashtra,496,Solapur,-,-,-,-,-,-,-,-,-,18.07402000,75.12002000,13-12-2024 05:00,0,0,0,0,0,0,0,0,0,0,0,0,0,0,0,0,0,0,0,0,0,0,0,0,0,0,0,0,0,0,0,0,0,0,0,0,0,0,0,0,0,0,0,0,"","","","","",""
2947,Ujjani Dam Rain Gauge,Maharashtra SW,27,Maharashtra,496,Solapur,-,-,-,-,-,-,-,-,-,18.07402000,75.12002000,13-12-2024 06:00,0,0,0,0,0,0,0,0,0,0,0,0,0,0,0,0,0,0,0,0,0,0,0,0,0,0,0,0,0,0,0,0,0,0,0,0,0,0,0,0,0,0,0,0,"","","","","",""
2948,Ujjani Dam Rain Gauge,Maharashtra SW,27,Maharashtra,496,Solapur,-,-,-,-,-,-,-,-,-,18.07402000,75.12002000,13-12-2024 08:00,0,0,0,0,0,0,0,0,0,0,0,0,0,0,0,0,0,0,0,0,0,0,0,0,0,0,0,0,0,0,0,0,0,0,0,0,0,0,0,0,0,0,0,0,"","","","","",""
2949,Ujjani Dam Rain Gauge,Maharashtra SW,27,Maharashtra,496,Solapur,-,-,-,-,-,-,-,-,-,18.07402000,75.12002000,13-12-2024 09:00,0,0,0,0,0,0,0,0,0,0,0,0,0,0,0,0,0,0,0,0,0,0,0,0,0,0,0,0,0,0,0,0,0,0,0,0,0,0,0,0,0,0,0,0,"","","","","",""
2950,Ujjani Dam Rain Gauge,Maharashtra SW,27,Maharashtra,496,Solapur,-,-,-,-,-,-,-,-,-,18.07402000,75.12002000,13-12-2024 10:00,0,0,0,0,0,0,0,0,0,0,0,0,0,0,0,0,0,0,0,0,0,0,0,0,0,0,0,0,0,0,0,0,0,0,0,0,0,0,0,0,0,0,0,0,"","","","","",""
2951,Ujjani Dam Rain Gauge,Maharashtra SW,27,Maharashtra,496,Solapur,-,-,-,-,-,-,-,-,-,18.07402000,75.12002000,13-12-2024 11:00,0,0,0,0,0,0,0,0,0,0,0,0,0,0,0,0,0,0,0,0,0,0,0,0,0,0,0,0,0,0,0,0,0,0,0,0,0,0,0,0,0,0,0,0,"","","","","",""
2952,Ujjani Dam Rain Gauge,Maharashtra SW,27,Maharashtra,496,Solapur,-,-,-,-,-,-,-,-,-,18.07402000,75.12002000,13-12-2024 12:00,0,0,0,0,0,0,0,0,0,0,0,0,0,0,0,0,0,0,0,0,0,0,0,0,0,0,0,0,0,0,0,0,0,0,0,0,0,0,0,0,0,0,0,0,"","","","","",""
2953,Ujjani Dam Rain Gauge,Maharashtra SW,27,Maharashtra,496,Solapur,-,-,-,-,-,-,-,-,-,18.07402000,75.12002000,13-12-2024 13:00,0,0,0,0,0,0,0,0,0,0,0,0,0,0,0,0,0,0,0,0,0,0,0,0,0,0,0,0,0,0,0,0,0,0,0,0,0,0,0,0,0,0,0,0,"","","","","",""
2954,Ujjani Dam Rain Gauge,Maharashtra SW,27,Maharashtra,496,Solapur,-,-,-,-,-,-,-,-,-,18.07402000,75.12002000,13-12-2024 14:00,0,0,0,0,0,0,0,0,0,0,0,0,0,0,0,0,0,0,0,0,0,0,0,0,0,0,0,0,0,0,0,0,0,0,0,0,0,0,0,0,0,0,0,0,"","","","","",""
2955,Ujjani Dam Rain Gauge,Maharashtra SW,27,Maharashtra,496,Solapur,-,-,-,-,-,-,-,-,-,18.07402000,75.12002000,13-12-2024 15:00,0,0,0,0,0,0,0,0,0,0,0,0,0,0,0,0,0,0,0,0,0,0,0,0,0,0,0,0,0,0,0,0,0,0,0,0,0,0,0,0,0,0,0,0,"","","","","",""
2956,Ujjani Dam Rain Gauge,Maharashtra SW,27,Maharashtra,496,Solapur,-,-,-,-,-,-,-,-,-,18.07402000,75.12002000,13-12-2024 16:00,0,0,0,0,0,0,0,0,0,0,0,0,0,0,0,0,0,0,0,0,0,0,0,0,0,0,0,0,0,0,0,0,0,0,0,0,0,0,0,0,0,0,0,0,"","","","","",""
2957,Ujjani Dam Rain Gauge,Maharashtra SW,27,Maharashtra,496,Solapur,-,-,-,-,-,-,-,-,-,18.07402000,75.12002000,13-12-2024 18:00,0,0,0,0,0,0,0,0,0,0,0,0,0,0,0,0,0,0,0,0,0,0,0,0,0,0,0,0,0,0,0,0,0,0,0,0,0,0,0,0,0,0,0,0,"","","","","",""
2958,Ujjani Dam Rain Gauge,Maharashtra SW,27,Maharashtra,496,Solapur,-,-,-,-,-,-,-,-,-,18.07402000,75.12002000,13-12-2024 19:00,0,0,0,0,0,0,0,0,0,0,0,0,0,0,0,0,0,0,0,0,0,0,0,0,0,0,0,0,0,0,0,0,0,0,0,0,0,0,0,0,0,0,0,0,"","","","","",""
2959,Ujjani Dam Rain Gauge,Maharashtra SW,27,Maharashtra,496,Solapur,-,-,-,-,-,-,-,-,-,18.07402000,75.12002000,13-12-2024 20:00,0,0,0,0,0,0,0,0,0,0,0,0,0,0,0,0,0,0,0,0,0,0,0,0,0,0,0,0,0,0,0,0,0,0,0,0,0,0,0,0,0,0,0,0,"","","","","",""
2960,Ujjani Dam Rain Gauge,Maharashtra SW,27,Maharashtra,496,Solapur,-,-,-,-,-,-,-,-,-,18.07402000,75.12002000,13-12-2024 21:00,0,0,0,0,0,0,0,0,0,0,0,0,0,0,0,0,0,0,0,0,0,0,0,0,0,0,0,0,0,0,0,0,0,0,0,0,0,0,0,0,0,0,0,0,"","","","","",""
2961,Ujjani Dam Rain Gauge,Maharashtra SW,27,Maharashtra,496,Solapur,-,-,-,-,-,-,-,-,-,18.07402000,75.12002000,13-12-2024 22:00,0,0,0,0,0,0,0,0,0,0,0,0,0,0,0,0,0,0,0,0,0,0,0,0,0,0,0,0,0,0,0,0,0,0,0,0,0,0,0,0,0,0,0,0,"","","","","",""
2962,Ujjani Dam Rain Gauge,Maharashtra SW,27,Maharashtra,496,Solapur,-,-,-,-,-,-,-,-,-,18.07402000,75.12002000,13-12-2024 23:00,0,0,0,0,0,0,0,0,0,0,0,0,0,0,0,0,0,0,0,0,0,0,0,0,0,0,0,0,0,0,0,0,0,0,0,0,0,0,0,0,0,0,0,0,"","","","","",""
2963,Ujjani Dam Rain Gauge,Maharashtra SW,27,Maharashtra,496,Solapur,-,-,-,-,-,-,-,-,-,18.07402000,75.12002000,14-12-2024 00:00,0,0,0,0,0,0,0,0,0,0,0,0,0,0,0,0,0,0,0,0,0,0,0,0,0,0,0,0,0,0,0,0,0,0,0,0,0,0,0,0,0,0,0,0,"","","","","",""
2964,Ujjani Dam Rain Gauge,Maharashtra SW,27,Maharashtra,496,Solapur,-,-,-,-,-,-,-,-,-,18.07402000,75.12002000,14-12-2024 01:00,0,0,0,0,0,0,0,0,0,0,0,0,0,0,0,0,0,0,0,0,0,0,0,0,0,0,0,0,0,0,0,0,0,0,0,0,0,0,0,0,0,0,0,0,"","","","","",""
2965,Ujjani Dam Rain Gauge,Maharashtra SW,27,Maharashtra,496,Solapur,-,-,-,-,-,-,-,-,-,18.07402000,75.12002000,14-12-2024 02:00,0,0,0,0,0,0,0,0,0,0,0,0,0,0,0,0,0,0,0,0,0,0,0,0,0,0,0,0,0,0,0,0,0,0,0,0,0,0,0,0,0,0,0,0,"","","","","",""
2966,Ujjani Dam Rain Gauge,Maharashtra SW,27,Maharashtra,496,Solapur,-,-,-,-,-,-,-,-,-,18.07402000,75.12002000,14-12-2024 03:00,0,0,0,0,0,0,0,0,0,0,0,0,0,0,0,0,0,0,0,0,0,0,0,0,0,0,0,0,0,0,0,0,0,0,0,0,0,0,0,0,0,0,0,0,"","","","","",""
2967,Ujjani Dam Rain Gauge,Maharashtra SW,27,Maharashtra,496,Solapur,-,-,-,-,-,-,-,-,-,18.07402000,75.12002000,14-12-2024 04:00,0,0,0,0,0,0,0,0,0,0,0,0,0,0,0,0,0,0,0,0,0,0,0,0,0,0,0,0,0,0,0,0,0,0,0,0,0,0,0,0,0,0,0,0,"","","","","",""
2968,Ujjani Dam Rain Gauge,Maharashtra SW,27,Maharashtra,496,Solapur,-,-,-,-,-,-,-,-,-,18.07402000,75.12002000,14-12-2024 06:00,0,0,0,0,0,0,0,0,0,0,0,0,0,0,0,0,0,0,0,0,0,0,0,0,0,0,0,0,0,0,0,0,0,0,0,0,0,0,0,0,0,0,0,0,"","","","","",""
2969,Ujjani Dam Rain Gauge,Maharashtra SW,27,Maharashtra,496,Solapur,-,-,-,-,-,-,-,-,-,18.07402000,75.12002000,14-12-2024 07:00,0,0,0,0,0,0,0,0,0,0,0,0,0,0,0,0,0,0,0,0,0,0,0,0,0,0,0,0,0,0,0,0,0,0,0,0,0,0,0,0,0,0,0,0,"","","","","",""
2970,Ujjani Dam Rain Gauge,Maharashtra SW,27,Maharashtra,496,Solapur,-,-,-,-,-,-,-,-,-,18.07402000,75.12002000,14-12-2024 08:00,0,0,0,0,0,0,0,0,0,0,0,0,0,0,0,0,0,0,0,0,0,0,0,0,0,0,0,0,0,0,0,0,0,0,0,0,0,0,0,0,0,0,0,0,"","","","","",""
2971,Ujjani Dam Rain Gauge,Maharashtra SW,27,Maharashtra,496,Solapur,-,-,-,-,-,-,-,-,-,18.07402000,75.12002000,14-12-2024 09:00,0,0,0,0,0,0,0,0,0,0,0,0,0,0,0,0,0,0,0,0,0,0,0,0,0,0,0,0,0,0,0,0,0,0,0,0,0,0,0,0,0,0,0,0,"","","","","",""
2972,Ujjani Dam Rain Gauge,Maharashtra SW,27,Maharashtra,496,Solapur,-,-,-,-,-,-,-,-,-,18.07402000,75.12002000,14-12-2024 11:00,0,0,0,0,0,0,0,0,0,0,0,0,0,0,0,0,0,0,0,0,0,0,0,0,0,0,0,0,0,0,0,0,0,0,0,0,0,0,0,0,0,0,0,0,"","","","","",""
2973,Ujjani Dam Rain Gauge,Maharashtra SW,27,Maharashtra,496,Solapur,-,-,-,-,-,-,-,-,-,18.07402000,75.12002000,14-12-2024 12:00,0,0,0,0,0,0,0,0,0,0,0,0,0,0,0,0,0,0,0,0,0,0,0,0,0,0,0,0,0,0,0,0,0,0,0,0,0,0,0,0,0,0,0,0,"","","","","",""
2974,Ujjani Dam Rain Gauge,Maharashtra SW,27,Maharashtra,496,Solapur,-,-,-,-,-,-,-,-,-,18.07402000,75.12002000,14-12-2024 13:00,0,0,0,0,0,0,0,0,0,0,0,0,0,0,0,0,0,0,0,0,0,0,0,0,0,0,0,0,0,0,0,0,0,0,0,0,0,0,0,0,0,0,0,0,"","","","","",""
2975,Ujjani Dam Rain Gauge,Maharashtra SW,27,Maharashtra,496,Solapur,-,-,-,-,-,-,-,-,-,18.07402000,75.12002000,14-12-2024 14:00,0,0,0,0,0,0,0,0,0,0,0,0,0,0,0,0,0,0,0,0,0,0,0,0,0,0,0,0,0,0,0,0,0,0,0,0,0,0,0,0,0,0,0,0,"","","","","",""
2976,Ujjani Dam Rain Gauge,Maharashtra SW,27,Maharashtra,496,Solapur,-,-,-,-,-,-,-,-,-,18.07402000,75.12002000,14-12-2024 15:00,0,0,0,0,0,0,0,0,0,0,0,0,0,0,0,0,0,0,0,0,0,0,0,0,0,0,0,0,0,0,0,0,0,0,0,0,0,0,0,0,0,0,0,0,"","","","","",""
2977,Ujjani Dam Rain Gauge,Maharashtra SW,27,Maharashtra,496,Solapur,-,-,-,-,-,-,-,-,-,18.07402000,75.12002000,14-12-2024 16:00,0,0,0,0,0,0,0,0,0,0,0,0,0,0,0,0,0,0,0,0,0,0,0,0,0,0,0,0,0,0,0,0,0,0,0,0,0,0,0,0,0,0,0,0,"","","","","",""
2978,Ujjani Dam Rain Gauge,Maharashtra SW,27,Maharashtra,496,Solapur,-,-,-,-,-,-,-,-,-,18.07402000,75.12002000,14-12-2024 17:00,0,0,0,0,0,0,0,0,0,0,0,0,0,0,0,0,0,0,0,0,0,0,0,0,0,0,0,0,0,0,0,0,0,0,0,0,0,0,0,0,0,0,0,0,"","","","","",""
2979,Ujjani Dam Rain Gauge,Maharashtra SW,27,Maharashtra,496,Solapur,-,-,-,-,-,-,-,-,-,18.07402000,75.12002000,14-12-2024 18:00,0,0,0,0,0,0,0,0,0,0,0,0,0,0,0,0,0,0,0,0,0,0,0,0,0,0,0,0,0,0,0,0,0,0,0,0,0,0,0,0,0,0,0,0,"","","","","",""
2980,Ujjani Dam Rain Gauge,Maharashtra SW,27,Maharashtra,496,Solapur,-,-,-,-,-,-,-,-,-,18.07402000,75.12002000,14-12-2024 19:00,0,0,0,0,0,0,0,0,0,0,0,0,0,0,0,0,0,0,0,0,0,0,0,0,0,0,0,0,0,0,0,0,0,0,0,0,0,0,0,0,0,0,0,0,"","","","","",""
2981,Ujjani Dam Rain Gauge,Maharashtra SW,27,Maharashtra,496,Solapur,-,-,-,-,-,-,-,-,-,18.07402000,75.12002000,14-12-2024 20:00,0,0,0,0,0,0,0,0,0,0,0,0,0,0,0,0,0,0,0,0,0,0,0,0,0,0,0,0,0,0,0,0,0,0,0,0,0,0,0,0,0,0,0,0,"","","","","",""
2982,Ujjani Dam Rain Gauge,Maharashtra SW,27,Maharashtra,496,Solapur,-,-,-,-,-,-,-,-,-,18.07402000,75.12002000,14-12-2024 22:00,0,0,0,0,0,0,0,0,0,0,0,0,0,0,0,0,0,0,0,0,0,0,0,0,0,0,0,0,0,0,0,0,0,0,0,0,0,0,0,0,0,0,0,0,"","","","","",""
2983,Ujjani Dam Rain Gauge,Maharashtra SW,27,Maharashtra,496,Solapur,-,-,-,-,-,-,-,-,-,18.07402000,75.12002000,14-12-2024 23:00,0,0,0,0,0,0,0,0,0,0,0,0,0,0,0,0,0,0,0,0,0,0,0,0,0,0,0,0,0,0,0,0,0,0,0,0,0,0,0,0,0,0,0,0,"","","","","",""
2984,Ujjani Dam Rain Gauge,Maharashtra SW,27,Maharashtra,496,Solapur,-,-,-,-,-,-,-,-,-,18.07402000,75.12002000,15-12-2024 00:00,0,0,0,0,0,0,0,0,0,0,0,0,0,0,0,0,0,0,0,0,0,0,0,0,0,0,0,0,0,0,0,0,0,0,0,0,0,0,0,0,0,0,0,0,"","","","","",""
2985,Ujjani Dam Rain Gauge,Maharashtra SW,27,Maharashtra,496,Solapur,-,-,-,-,-,-,-,-,-,18.07402000,75.12002000,15-12-2024 01:00,0,0,0,0,0,0,0,0,0,0,0,0,0,0,0,0,0,0,0,0,0,0,0,0,0,0,0,0,0,0,0,0,0,0,0,0,0,0,0,0,0,0,0,0,"","","","","",""
2986,Ujjani Dam Rain Gauge,Maharashtra SW,27,Maharashtra,496,Solapur,-,-,-,-,-,-,-,-,-,18.07402000,75.12002000,15-12-2024 02:00,0,0,0,0,0,0,0,0,0,0,0,0,0,0,0,0,0,0,0,0,0,0,0,0,0,0,0,0,0,0,0,0,0,0,0,0,0,0,0,0,0,0,0,0,"","","","","",""
2987,Ujjani Dam Rain Gauge,Maharashtra SW,27,Maharashtra,496,Solapur,-,-,-,-,-,-,-,-,-,18.07402000,75.12002000,15-12-2024 03:00,0,0,0,0,0,0,0,0,0,0,0,0,0,0,0,0,0,0,0,0,0,0,0,0,0,0,0,0,0,0,0,0,0,0,0,0,0,0,0,0,0,0,0,0,"","","","","",""
2988,Ujjani Dam Rain Gauge,Maharashtra SW,27,Maharashtra,496,Solapur,-,-,-,-,-,-,-,-,-,18.07402000,75.12002000,15-12-2024 04:00,0,0,0,0,0,0,0,0,0,0,0,0,0,0,0,0,0,0,0,0,0,0,0,0,0,0,0,0,0,0,0,0,0,0,0,0,0,0,0,0,0,0,0,0,"","","","","",""
2989,Ujjani Dam Rain Gauge,Maharashtra SW,27,Maharashtra,496,Solapur,-,-,-,-,-,-,-,-,-,18.07402000,75.12002000,15-12-2024 06:00,0,0,0,0,0,0,0,0,0,0,0,0,0,0,0,0,0,0,0,0,0,0,0,0,0,0,0,0,0,0,0,0,0,0,0,0,0,0,0,0,0,0,0,0,"","","","","",""
2990,Ujjani Dam Rain Gauge,Maharashtra SW,27,Maharashtra,496,Solapur,-,-,-,-,-,-,-,-,-,18.07402000,75.12002000,15-12-2024 07:00,0,0,0,0,0,0,0,0,0,0,0,0,0,0,0,0,0,0,0,0,0,0,0,0,0,0,0,0,0,0,0,0,0,0,0,0,0,0,0,0,0,0,0,0,"","","","","",""
2991,Ujjani Dam Rain Gauge,Maharashtra SW,27,Maharashtra,496,Solapur,-,-,-,-,-,-,-,-,-,18.07402000,75.12002000,15-12-2024 08:00,0,0,0,0,0,0,0,0,0,0,0,0,0,0,0,0,0,0,0,0,0,0,0,0,0,0,0,0,0,0,0,0,0,0,0,0,0,0,0,0,0,0,0,0,"","","","","",""
2992,Ujjani Dam Rain Gauge,Maharashtra SW,27,Maharashtra,496,Solapur,-,-,-,-,-,-,-,-,-,18.07402000,75.12002000,15-12-2024 09:00,0,0,0,0,0,0,0,0,0,0,0,0,0,0,0,0,0,0,0,0,0,0,0,0,0,0,0,0,0,0,0,0,0,0,0,0,0,0,0,0,0,0,0,0,"","","","","",""
2993,Ujjani Dam Rain Gauge,Maharashtra SW,27,Maharashtra,496,Solapur,-,-,-,-,-,-,-,-,-,18.07402000,75.12002000,15-12-2024 10:00,0,0,0,0,0,0,0,0,0,0,0,0,0,0,0,0,0,0,0,0,0,0,0,0,0,0,0,0,0,0,0,0,0,0,0,0,0,0,0,0,0,0,0,0,"","","","","",""
2994,Ujjani Dam Rain Gauge,Maharashtra SW,27,Maharashtra,496,Solapur,-,-,-,-,-,-,-,-,-,18.07402000,75.12002000,15-12-2024 11:00,0,0,0,0,0,0,0,0,0,0,0,0,0,0,0,0,0,0,0,0,0,0,0,0,0,0,0,0,0,0,0,0,0,0,0,0,0,0,0,0,0,0,0,0,"","","","","",""
2995,Ujjani Dam Rain Gauge,Maharashtra SW,27,Maharashtra,496,Solapur,-,-,-,-,-,-,-,-,-,18.07402000,75.12002000,15-12-2024 12:00,0,0,0,0,0,0,0,0,0,0,0,0,0,0,0,0,0,0,0,0,0,0,0,0,0,0,0,0,0,0,0,0,0,0,0,0,0,0,0,0,0,0,0,0,"","","","","",""
2996,Ujjani Dam Rain Gauge,Maharashtra SW,27,Maharashtra,496,Solapur,-,-,-,-,-,-,-,-,-,18.07402000,75.12002000,15-12-2024 14:00,0,0,0,0,0,0,0,0,0,0,0,0,0,0,0,0,0,0,0,0,0,0,0,0,0,0,0,0,0,0,0,0,0,0,0,0,0,0,0,0,0,0,0,0,"","","","","",""
2997,Ujjani Dam Rain Gauge,Maharashtra SW,27,Maharashtra,496,Solapur,-,-,-,-,-,-,-,-,-,18.07402000,75.12002000,15-12-2024 15:00,0,0,0,0,0,0,0,0,0,0,0,0,0,0,0,0,0,0,0,0,0,0,0,0,0,0,0,0,0,0,0,0,0,0,0,0,0,0,0,0,0,0,0,0,"","","","","",""
2998,Ujjani Dam Rain Gauge,Maharashtra SW,27,Maharashtra,496,Solapur,-,-,-,-,-,-,-,-,-,18.07402000,75.12002000,15-12-2024 16:00,0,0,0,0,0,0,0,0,0,0,0,0,0,0,0,0,0,0,0,0,0,0,0,0,0,0,0,0,0,0,0,0,0,0,0,0,0,0,0,0,0,0,0,0,"","","","","",""
2999,Ujjani Dam Rain Gauge,Maharashtra SW,27,Maharashtra,496,Solapur,-,-,-,-,-,-,-,-,-,18.07402000,75.12002000,15-12-2024 17:00,0,0,0,0,0,0,0,0,0,0,0,0,0,0,0,0,0,0,0,0,0,0,0,0,0,0,0,0,0,0,0,0,0,0,0,0,0,0,0,0,0,0,0,0,"","","","","",""
3000,Ujjani Dam Rain Gauge,Maharashtra SW,27,Maharashtra,496,Solapur,-,-,-,-,-,-,-,-,-,18.07402000,75.12002000,15-12-2024 18:00,0,0,0,0,0,0,0,0,0,0,0,0,0,0,0,0,0,0,0,0,0,0,0,0,0,0,0,0,0,0,0,0,0,0,0,0,0,0,0,0,0,0,0,0,"","","","","",""
3001,Ujjani Dam Rain Gauge,Maharashtra SW,27,Maharashtra,496,Solapur,-,-,-,-,-,-,-,-,-,18.07402000,75.12002000,15-12-2024 19:00,0,0,0,0,0,0,0,0,0,0,0,0,0,0,0,0,0,0,0,0,0,0,0,0,0,0,0,0,0,0,0,0,0,0,0,0,0,0,0,0,0,0,0,0,"","","","","",""
3002,Ujjani Dam Rain Gauge,Maharashtra SW,27,Maharashtra,496,Solapur,-,-,-,-,-,-,-,-,-,18.07402000,75.12002000,15-12-2024 20:00,0,0,0,0,0,0,0,0,0,0,0,0,0,0,0,0,0,0,0,0,0,0,0,0,0,0,0,0,0,0,0,0,0,0,0,0,0,0,0,0,0,0,0,0,"","","","","",""
3003,Ujjani Dam Rain Gauge,Maharashtra SW,27,Maharashtra,496,Solapur,-,-,-,-,-,-,-,-,-,18.07402000,75.12002000,15-12-2024 22:00,0,0,0,0,0,0,0,0,0,0,0,0,0,0,0,0,0,0,0,0,0,0,0,0,0,0,0,0,0,0,0,0,0,0,0,0,0,0,0,0,0,0,0,0,"","","","","",""
3004,Ujjani Dam Rain Gauge,Maharashtra SW,27,Maharashtra,496,Solapur,-,-,-,-,-,-,-,-,-,18.07402000,75.12002000,15-12-2024 23:00,0,0,0,0,0,0,0,0,0,0,0,0,0,0,0,0,0,0,0,0,0,0,0,0,0,0,0,0,0,0,0,0,0,0,0,0,0,0,0,0,0,0,0,0,"","","","","",""
3005,Ujjani Dam Rain Gauge,Maharashtra SW,27,Maharashtra,496,Solapur,-,-,-,-,-,-,-,-,-,18.07402000,75.12002000,16-12-2024 00:00,0,0,0,0,0,0,0,0,0,0,0,0,0,0,0,0,0,0,0,0,0,0,0,0,0,0,0,0,0,0,0,0,0,0,0,0,0,0,0,0,0,0,0,0,"","","","","",""
3006,Ujjani Dam Rain Gauge,Maharashtra SW,27,Maharashtra,496,Solapur,-,-,-,-,-,-,-,-,-,18.07402000,75.12002000,16-12-2024 01:00,0,0,0,0,0,0,0,0,0,0,0,0,0,0,0,0,0,0,0,0,0,0,0,0,0,0,0,0,0,0,0,0,0,0,0,0,0,0,0,0,0,0,0,0,"","","","","",""
3007,Ujjani Dam Rain Gauge,Maharashtra SW,27,Maharashtra,496,Solapur,-,-,-,-,-,-,-,-,-,18.07402000,75.12002000,16-12-2024 02:00,0,0,0,0,0,0,0,0,0,0,0,0,0,0,0,0,0,0,0,0,0,0,0,0,0,0,0,0,0,0,0,0,0,0,0,0,0,0,0,0,0,0,0,0,"","","","","",""
3008,Ujjani Dam Rain Gauge,Maharashtra SW,27,Maharashtra,496,Solapur,-,-,-,-,-,-,-,-,-,18.07402000,75.12002000,16-12-2024 03:00,0,0,0,0,0,0,0,0,0,0,0,0,0,0,0,0,0,0,0,0,0,0,0,0,0,0,0,0,0,0,0,0,0,0,0,0,0,0,0,0,0,0,0,0,"","","","","",""
3009,Ujjani Dam Rain Gauge,Maharashtra SW,27,Maharashtra,496,Solapur,-,-,-,-,-,-,-,-,-,18.07402000,75.12002000,16-12-2024 05:00,0,0,0,0,0,0,0,0,0,0,0,0,0,0,0,0,0,0,0,0,0,0,0,0,0,0,0,0,0,0,0,0,0,0,0,0,0,0,0,0,0,0,0,0,"","","","","",""
3010,Ujjani Dam Rain Gauge,Maharashtra SW,27,Maharashtra,496,Solapur,-,-,-,-,-,-,-,-,-,18.07402000,75.12002000,16-12-2024 06:00,0,0,0,0,0,0,0,0,0,0,0,0,0,0,0,0,0,0,0,0,0,0,0,0,0,0,0,0,0,0,0,0,0,0,0,0,0,0,0,0,0,0,0,0,"","","","","",""
3011,Ujjani Dam Rain Gauge,Maharashtra SW,27,Maharashtra,496,Solapur,-,-,-,-,-,-,-,-,-,18.07402000,75.12002000,16-12-2024 07:00,0,0,0,0,0,0,0,0,0,0,0,0,0,0,0,0,0,0,0,0,0,0,0,0,0,0,0,0,0,0,0,0,0,0,0,0,0,0,0,0,0,0,0,0,"","","","","",""
3012,Ujjani Dam Rain Gauge,Maharashtra SW,27,Maharashtra,496,Solapur,-,-,-,-,-,-,-,-,-,18.07402000,75.12002000,16-12-2024 08:00,0,0,0,0,0,0,0,0,0,0,0,0,0,0,0,0,0,0,0,0,0,0,0,0,0,0,0,0,0,0,0,0,0,0,0,0,0,0,0,0,0,0,0,0,"","","","","",""
3013,Ujjani Dam Rain Gauge,Maharashtra SW,27,Maharashtra,496,Solapur,-,-,-,-,-,-,-,-,-,18.07402000,75.12002000,16-12-2024 09:00,0,0,0,0,0,0,0,0,0,0,0,0,0,0,0,0,0,0,0,0,0,0,0,0,0,0,0,0,0,0,0,0,0,0,0,0,0,0,0,0,0,0,0,0,"","","","","",""
3014,Ujjani Dam Rain Gauge,Maharashtra SW,27,Maharashtra,496,Solapur,-,-,-,-,-,-,-,-,-,18.07402000,75.12002000,16-12-2024 10:00,0,0,0,0,0,0,0,0,0,0,0,0,0,0,0,0,0,0,0,0,0,0,0,0,0,0,0,0,0,0,0,0,0,0,0,0,0,0,0,0,0,0,0,0,"","","","","",""
3015,Ujjani Dam Rain Gauge,Maharashtra SW,27,Maharashtra,496,Solapur,-,-,-,-,-,-,-,-,-,18.07402000,75.12002000,16-12-2024 11:00,0,0,0,0,0,0,0,0,0,0,0,0,0,0,0,0,0,0,0,0,0,0,0,0,0,0,0,0,0,0,0,0,0,0,0,0,0,0,0,0,0,0,0,0,"","","","","",""
3016,Ujjani Dam Rain Gauge,Maharashtra SW,27,Maharashtra,496,Solapur,-,-,-,-,-,-,-,-,-,18.07402000,75.12002000,16-12-2024 13:00,0,0,0,0,0,0,0,0,0,0,0,0,0,0,0,0,0,0,0,0,0,0,0,0,0,0,0,0,0,0,0,0,0,0,0,0,0,0,0,0,0,0,0,0,"","","","","",""
3017,Ujjani Dam Rain Gauge,Maharashtra SW,27,Maharashtra,496,Solapur,-,-,-,-,-,-,-,-,-,18.07402000,75.12002000,16-12-2024 14:00,0,0,0,0,0,0,0,0,0,0,0,0,0,0,0,0,0,0,0,0,0,0,0,0,0,0,0,0,0,0,0,0,0,0,0,0,0,0,0,0,0,0,0,0,"","","","","",""
3018,Ujjani Dam Rain Gauge,Maharashtra SW,27,Maharashtra,496,Solapur,-,-,-,-,-,-,-,-,-,18.07402000,75.12002000,16-12-2024 15:00,0,0,0,0,0,0,0,0,0,0,0,0,0,0,0,0,0,0,0,0,0,0,0,0,0,0,0,0,0,0,0,0,0,0,0,0,0,0,0,0,0,0,0,0,"","","","","",""
3019,Ujjani Dam Rain Gauge,Maharashtra SW,27,Maharashtra,496,Solapur,-,-,-,-,-,-,-,-,-,18.07402000,75.12002000,16-12-2024 16:00,0,0,0,0,0,0,0,0,0,0,0,0,0,0,0,0,0,0,0,0,0,0,0,0,0,0,0,0,0,0,0,0,0,0,0,0,0,0,0,0,0,0,0,0,"","","","","",""
3020,Ujjani Dam Rain Gauge,Maharashtra SW,27,Maharashtra,496,Solapur,-,-,-,-,-,-,-,-,-,18.07402000,75.12002000,16-12-2024 17:00,0,0,0,0,0,0,0,0,0,0,0,0,0,0,0,0,0,0,0,0,0,0,0,0,0,0,0,0,0,0,0,0,0,0,0,0,0,0,0,0,0,0,0,0,"","","","","",""
3021,Ujjani Dam Rain Gauge,Maharashtra SW,27,Maharashtra,496,Solapur,-,-,-,-,-,-,-,-,-,18.07402000,75.12002000,16-12-2024 18:00,0,0,0,0,0,0,0,0,0,0,0,0,0,0,0,0,0,0,0,0,0,0,0,0,0,0,0,0,0,0,0,0,0,0,0,0,0,0,0,0,0,0,0,0,"","","","","",""
3022,Ujjani Dam Rain Gauge,Maharashtra SW,27,Maharashtra,496,Solapur,-,-,-,-,-,-,-,-,-,18.07402000,75.12002000,16-12-2024 19:00,0,0,0,0,0,0,0,0,0,0,0,0,0,0,0,0,0,0,0,0,0,0,0,0,0,0,0,0,0,0,0,0,0,0,0,0,0,0,0,0,0,0,0,0,"","","","","",""
3023,Ujjani Dam Rain Gauge,Maharashtra SW,27,Maharashtra,496,Solapur,-,-,-,-,-,-,-,-,-,18.07402000,75.12002000,16-12-2024 21:00,0,0,0,0,0,0,0,0,0,0,0,0,0,0,0,0,0,0,0,0,0,0,0,0,0,0,0,0,0,0,0,0,0,0,0,0,0,0,0,0,0,0,0,0,"","","","","",""
3024,Ujjani Dam Rain Gauge,Maharashtra SW,27,Maharashtra,496,Solapur,-,-,-,-,-,-,-,-,-,18.07402000,75.12002000,16-12-2024 22:00,0,0,0,0,0,0,0,0,0,0,0,0,0,0,0,0,0,0,0,0,0,0,0,0,0,0,0,0,0,0,0,0,0,0,0,0,0,0,0,0,0,0,0,0,"","","","","",""
3025,Ujjani Dam Rain Gauge,Maharashtra SW,27,Maharashtra,496,Solapur,-,-,-,-,-,-,-,-,-,18.07402000,75.12002000,16-12-2024 23:00,0,0,0,0,0,0,0,0,0,0,0,0,0,0,0,0,0,0,0,0,0,0,0,0,0,0,0,0,0,0,0,0,0,0,0,0,0,0,0,0,0,0,0,0,"","","","","",""
3026,Ujjani Dam Rain Gauge,Maharashtra SW,27,Maharashtra,496,Solapur,-,-,-,-,-,-,-,-,-,18.07402000,75.12002000,17-12-2024 00:00,0,0,0,0,0,0,0,0,0,0,0,0,0,0,0,0,0,0,0,0,0,0,0,0,0,0,0,0,0,0,0,0,0,0,0,0,0,0,0,0,0,0,0,0,"","","","","",""
3027,Ujjani Dam Rain Gauge,Maharashtra SW,27,Maharashtra,496,Solapur,-,-,-,-,-,-,-,-,-,18.07402000,75.12002000,17-12-2024 02:00,0,0,0,0,0,0,0,0,0,0,0,0,0,0,0,0,0,0,0,0,0,0,0,0,0,0,0,0,0,0,0,0,0,0,0,0,0,0,0,0,0,0,0,0,"","","","","",""
3028,Ujjani Dam Rain Gauge,Maharashtra SW,27,Maharashtra,496,Solapur,-,-,-,-,-,-,-,-,-,18.07402000,75.12002000,17-12-2024 03:00,0,0,0,0,0,0,0,0,0,0,0,0,0,0,0,0,0,0,0,0,0,0,0,0,0,0,0,0,0,0,0,0,0,0,0,0,0,0,0,0,0,0,0,0,"","","","","",""
3029,Ujjani Dam Rain Gauge,Maharashtra SW,27,Maharashtra,496,Solapur,-,-,-,-,-,-,-,-,-,18.07402000,75.12002000,17-12-2024 04:00,0,0,0,0,0,0,0,0,0,0,0,0,0,0,0,0,0,0,0,0,0,0,0,0,0,0,0,0,0,0,0,0,0,0,0,0,0,0,0,0,0,0,0,0,"","","","","",""
3030,Ujjani Dam Rain Gauge,Maharashtra SW,27,Maharashtra,496,Solapur,-,-,-,-,-,-,-,-,-,18.07402000,75.12002000,17-12-2024 05:00,0,0,0,0,0,0,0,0,0,0,0,0,0,0,0,0,0,0,0,0,0,0,0,0,0,0,0,0,0,0,0,0,0,0,0,0,0,0,0,0,0,0,0,0,"","","","","",""
3031,Ujjani Dam Rain Gauge,Maharashtra SW,27,Maharashtra,496,Solapur,-,-,-,-,-,-,-,-,-,18.07402000,75.12002000,17-12-2024 06:00,0,0,0,0,0,0,0,0,0,0,0,0,0,0,0,0,0,0,0,0,0,0,0,0,0,0,0,0,0,0,0,0,0,0,0,0,0,0,0,0,0,0,0,0,"","","","","",""
3032,Ujjani Dam Rain Gauge,Maharashtra SW,27,Maharashtra,496,Solapur,-,-,-,-,-,-,-,-,-,18.07402000,75.12002000,17-12-2024 07:00,0,0,0,0,0,0,0,0,0,0,0,0,0,0,0,0,0,0,0,0,0,0,0,0,0,0,0,0,0,0,0,0,0,0,0,0,0,0,0,0,0,0,0,0,"","","","","",""
3033,Ujjani Dam Rain Gauge,Maharashtra SW,27,Maharashtra,496,Solapur,-,-,-,-,-,-,-,-,-,18.07402000,75.12002000,17-12-2024 08:00,0,0,0,0,0,0,0,0,0,0,0,0,0,0,0,0,0,0,0,0,0,0,0,0,0,0,0,0,0,0,0,0,0,0,0,0,0,0,0,0,0,0,0,0,"","","","","",""
3034,Ujjani Dam Rain Gauge,Maharashtra SW,27,Maharashtra,496,Solapur,-,-,-,-,-,-,-,-,-,18.07402000,75.12002000,17-12-2024 09:00,0,0,0,0,0,0,0,0,0,0,0,0,0,0,0,0,0,0,0,0,0,0,0,0,0,0,0,0,0,0,0,0,0,0,0,0,0,0,0,0,0,0,0,0,"","","","","",""
3035,Ujjani Dam Rain Gauge,Maharashtra SW,27,Maharashtra,496,Solapur,-,-,-,-,-,-,-,-,-,18.07402000,75.12002000,17-12-2024 10:00,0,0,0,0,0,0,0,0,0,0,0,0,0,0,0,0,0,0,0,0,0,0,0,0,0,0,0,0,0,0,0,0,0,0,0,0,0,0,0,0,0,0,0,0,"","","","","",""
3036,Ujjani Dam Rain Gauge,Maharashtra SW,27,Maharashtra,496,Solapur,-,-,-,-,-,-,-,-,-,18.07402000,75.12002000,17-12-2024 12:00,0,0,0,0,0,0,0,0,0,0,0,0,0,0,0,0,0,0,0,0,0,0,0,0,0,0,0,0,0,0,0,0,0,0,0,0,0,0,0,0,0,0,0,0,"","","","","",""
3037,Ujjani Dam Rain Gauge,Maharashtra SW,27,Maharashtra,496,Solapur,-,-,-,-,-,-,-,-,-,18.07402000,75.12002000,17-12-2024 13:00,0,0,0,0,0,0,0,0,0,0,0,0,0,0,0,0,0,0,0,0,0,0,0,0,0,0,0,0,0,0,0,0,0,0,0,0,0,0,0,0,0,0,0,0,"","","","","",""
3038,Ujjani Dam Rain Gauge,Maharashtra SW,27,Maharashtra,496,Solapur,-,-,-,-,-,-,-,-,-,18.07402000,75.12002000,17-12-2024 14:00,0,0,0,0,0,0,0,0,0,0,0,0,0,0,0,0,0,0,0,0,0,0,0,0,0,0,0,0,0,0,0,0,0,0,0,0,0,0,0,0,0,0,0,0,"","","","","",""
3039,Ujjani Dam Rain Gauge,Maharashtra SW,27,Maharashtra,496,Solapur,-,-,-,-,-,-,-,-,-,18.07402000,75.12002000,17-12-2024 15:00,0,0,0,0,0,0,0,0,0,0,0,0,0,0,0,0,0,0,0,0,0,0,0,0,0,0,0,0,0,0,0,0,0,0,0,0,0,0,0,0,0,0,0,0,"","","","","",""
3040,Ujjani Dam Rain Gauge,Maharashtra SW,27,Maharashtra,496,Solapur,-,-,-,-,-,-,-,-,-,18.07402000,75.12002000,17-12-2024 16:00,0,0,0,0,0,0,0,0,0,0,0,0,0,0,0,0,0,0,0,0,0,0,0,0,0,0,0,0,0,0,0,0,0,0,0,0,0,0,0,0,0,0,0,0,"","","","","",""
3041,Ujjani Dam Rain Gauge,Maharashtra SW,27,Maharashtra,496,Solapur,-,-,-,-,-,-,-,-,-,18.07402000,75.12002000,17-12-2024 17:00,0,0,0,0,0,0,0,0,0,0,0,0,0,0,0,0,0,0,0,0,0,0,0,0,0,0,0,0,0,0,0,0,0,0,0,0,0,0,0,0,0,0,0,0,"","","","","",""
3042,Ujjani Dam Rain Gauge,Maharashtra SW,27,Maharashtra,496,Solapur,-,-,-,-,-,-,-,-,-,18.07402000,75.12002000,17-12-2024 18:00,0,0,0,0,0,0,0,0,0,0,0,0,0,0,0,0,0,0,0,0,0,0,0,0,0,0,0,0,0,0,0,0,0,0,0,0,0,0,0,0,0,0,0,0,"","","","","",""
3043,Ujjani Dam Rain Gauge,Maharashtra SW,27,Maharashtra,496,Solapur,-,-,-,-,-,-,-,-,-,18.07402000,75.12002000,17-12-2024 19:00,0,0,0,0,0,0,0,0,0,0,0,0,0,0,0,0,0,0,0,0,0,0,0,0,0,0,0,0,0,0,0,0,0,0,0,0,0,0,0,0,0,0,0,0,"","","","","",""
3044,Ujjani Dam Rain Gauge,Maharashtra SW,27,Maharashtra,496,Solapur,-,-,-,-,-,-,-,-,-,18.07402000,75.12002000,17-12-2024 21:00,0,0,0,0,0,0,0,0,0,0,0,0,0,0,0,0,0,0,0,0,0,0,0,0,0,0,0,0,0,0,0,0,0,0,0,0,0,0,0,0,0,0,0,0,"","","","","",""
3045,Ujjani Dam Rain Gauge,Maharashtra SW,27,Maharashtra,496,Solapur,-,-,-,-,-,-,-,-,-,18.07402000,75.12002000,17-12-2024 22:00,0,0,0,0,0,0,0,0,0,0,0,0,0,0,0,0,0,0,0,0,0,0,0,0,0,0,0,0,0,0,0,0,0,0,0,0,0,0,0,0,0,0,0,0,"","","","","",""
3046,Ujjani Dam Rain Gauge,Maharashtra SW,27,Maharashtra,496,Solapur,-,-,-,-,-,-,-,-,-,18.07402000,75.12002000,17-12-2024 23:00,0,0,0,0,0,0,0,0,0,0,0,0,0,0,0,0,0,0,0,0,0,0,0,0,0,0,0,0,0,0,0,0,0,0,0,0,0,0,0,0,0,0,0,0,"","","","","",""
3047,Ujjani Dam Rain Gauge,Maharashtra SW,27,Maharashtra,496,Solapur,-,-,-,-,-,-,-,-,-,18.07402000,75.12002000,18-12-2024 00:00,0,0,0,0,0,0,0,0,0,0,0,0,0,0,0,0,0,0,0,0,0,0,0,0,0,0,0,0,0,0,0,0,0,0,0,0,0,0,0,0,0,0,0,0,"","","","","",""
3048,Ujjani Dam Rain Gauge,Maharashtra SW,27,Maharashtra,496,Solapur,-,-,-,-,-,-,-,-,-,18.07402000,75.12002000,18-12-2024 01:00,0,0,0,0,0,0,0,0,0,0,0,0,0,0,0,0,0,0,0,0,0,0,0,0,0,0,0,0,0,0,0,0,0,0,0,0,0,0,0,0,0,0,0,0,"","","","","",""
3049,Ujjani Dam Rain Gauge,Maharashtra SW,27,Maharashtra,496,Solapur,-,-,-,-,-,-,-,-,-,18.07402000,75.12002000,18-12-2024 02:00,0,0,0,0,0,0,0,0,0,0,0,0,0,0,0,0,0,0,0,0,0,0,0,0,0,0,0,0,0,0,0,0,0,0,0,0,0,0,0,0,0,0,0,0,"","","","","",""
3050,Ujjani Dam Rain Gauge,Maharashtra SW,27,Maharashtra,496,Solapur,-,-,-,-,-,-,-,-,-,18.07402000,75.12002000,18-12-2024 03:00,0,0,0,0,0,0,0,0,0,0,0,0,0,0,0,0,0,0,0,0,0,0,0,0,0,0,0,0,0,0,0,0,0,0,0,0,0,0,0,0,0,0,0,0,"","","","","",""
3051,Ujjani Dam Rain Gauge,Maharashtra SW,27,Maharashtra,496,Solapur,-,-,-,-,-,-,-,-,-,18.07402000,75.12002000,18-12-2024 05:00,0,0,0,0,0,0,0,0,0,0,0,0,0,0,0,0,0,0,0,0,0,0,0,0,0,0,0,0,0,0,0,0,0,0,0,0,0,0,0,0,0,0,0,0,"","","","","",""
3052,Ujjani Dam Rain Gauge,Maharashtra SW,27,Maharashtra,496,Solapur,-,-,-,-,-,-,-,-,-,18.07402000,75.12002000,18-12-2024 06:00,0,0,0,0,0,0,0,0,0,0,0,0,0,0,0,0,0,0,0,0,0,0,0,0,0,0,0,0,0,0,0,0,0,0,0,0,0,0,0,0,0,0,0,0,"","","","","",""
3053,Ujjani Dam Rain Gauge,Maharashtra SW,27,Maharashtra,496,Solapur,-,-,-,-,-,-,-,-,-,18.07402000,75.12002000,18-12-2024 07:00,0,0,0,0,0,0,0,0,0,0,0,0,0,0,0,0,0,0,0,0,0,0,0,0,0,0,0,0,0,0,0,0,0,0,0,0,0,0,0,0,0,0,0,0,"","","","","",""
3054,Ujjani Dam Rain Gauge,Maharashtra SW,27,Maharashtra,496,Solapur,-,-,-,-,-,-,-,-,-,18.07402000,75.12002000,18-12-2024 08:00,0,0,0,0,0,0,0,0,0,0,0,0,0,0,0,0,0,0,0,0,0,0,0,0,0,0,0,0,0,0,0,0,0,0,0,0,0,0,0,0,0,0,0,0,"","","","","",""
3055,Ujjani Dam Rain Gauge,Maharashtra SW,27,Maharashtra,496,Solapur,-,-,-,-,-,-,-,-,-,18.07402000,75.12002000,18-12-2024 09:00,0,0,0,0,0,0,0,0,0,0,0,0,0,0,0,0,0,0,0,0,0,0,0,0,0,0,0,0,0,0,0,0,0,0,0,0,0,0,0,0,0,0,0,0,"","","","","",""
3056,Ujjani Dam Rain Gauge,Maharashtra SW,27,Maharashtra,496,Solapur,-,-,-,-,-,-,-,-,-,18.07402000,75.12002000,18-12-2024 10:00,0,0,0,0,0,0,0,0,0,0,0,0,0,0,0,0,0,0,0,0,0,0,0,0,0,0,0,0,0,0,0,0,0,0,0,0,0,0,0,0,0,0,0,0,"","","","","",""
3057,Ujjani Dam Rain Gauge,Maharashtra SW,27,Maharashtra,496,Solapur,-,-,-,-,-,-,-,-,-,18.07402000,75.12002000,18-12-2024 11:00,0,0,0,0,0,0,0,0,0,0,0,0,0,0,0,0,0,0,0,0,0,0,0,0,0,0,0,0,0,0,0,0,0,0,0,0,0,0,0,0,0,0,0,0,"","","","","",""
3058,Ujjani Dam Rain Gauge,Maharashtra SW,27,Maharashtra,496,Solapur,-,-,-,-,-,-,-,-,-,18.07402000,75.12002000,18-12-2024 12:00,0,0,0,0,0,0,0,0,0,0,0,0,0,0,0,0,0,0,0,0,0,0,0,0,0,0,0,0,0,0,0,0,0,0,0,0,0,0,0,0,0,0,0,0,"","","","","",""
3059,Ujjani Dam Rain Gauge,Maharashtra SW,27,Maharashtra,496,Solapur,-,-,-,-,-,-,-,-,-,18.07402000,75.12002000,18-12-2024 13:00,0,0,0,0,0,0,0,0,0,0,0,0,0,0,0,0,0,0,0,0,0,0,0,0,0,0,0,0,0,0,0,0,0,0,0,0,0,0,0,0,0,0,0,0,"","","","","",""
3060,Ujjani Dam Rain Gauge,Maharashtra SW,27,Maharashtra,496,Solapur,-,-,-,-,-,-,-,-,-,18.07402000,75.12002000,18-12-2024 14:00,0,0,0,0,0,0,0,0,0,0,0,0,0,0,0,0,0,0,0,0,0,0,0,0,0,0,0,0,0,0,0,0,0,0,0,0,0,0,0,0,0,0,0,0,"","","","","",""
3061,Ujjani Dam Rain Gauge,Maharashtra SW,27,Maharashtra,496,Solapur,-,-,-,-,-,-,-,-,-,18.07402000,75.12002000,18-12-2024 15:00,0,0,0,0,0,0,0,0,0,0,0,0,0,0,0,0,0,0,0,0,0,0,0,0,0,0,0,0,0,0,0,0,0,0,0,0,0,0,0,0,0,0,0,0,"","","","","",""
3062,Ujjani Dam Rain Gauge,Maharashtra SW,27,Maharashtra,496,Solapur,-,-,-,-,-,-,-,-,-,18.07402000,75.12002000,18-12-2024 17:00,0,0,0,0,0,0,0,0,0,0,0,0,0,0,0,0,0,0,0,0,0,0,0,0,0,0,0,0,0,0,0,0,0,0,0,0,0,0,0,0,0,0,0,0,"","","","","",""
3063,Ujjani Dam Rain Gauge,Maharashtra SW,27,Maharashtra,496,Solapur,-,-,-,-,-,-,-,-,-,18.07402000,75.12002000,18-12-2024 18:00,0,0,0,0,0,0,0,0,0,0,0,0,0,0,0,0,0,0,0,0,0,0,0,0,0,0,0,0,0,0,0,0,0,0,0,0,0,0,0,0,0,0,0,0,"","","","","",""
3064,Ujjani Dam Rain Gauge,Maharashtra SW,27,Maharashtra,496,Solapur,-,-,-,-,-,-,-,-,-,18.07402000,75.12002000,18-12-2024 19:00,0,0,0,0,0,0,0,0,0,0,0,0,0,0,0,0,0,0,0,0,0,0,0,0,0,0,0,0,0,0,0,0,0,0,0,0,0,0,0,0,0,0,0,0,"","","","","",""
3065,Ujjani Dam Rain Gauge,Maharashtra SW,27,Maharashtra,496,Solapur,-,-,-,-,-,-,-,-,-,18.07402000,75.12002000,18-12-2024 20:00,0,0,0,0,0,0,0,0,0,0,0,0,0,0,0,0,0,0,0,0,0,0,0,0,0,0,0,0,0,0,0,0,0,0,0,0,0,0,0,0,0,0,0,0,"","","","","",""
3066,Ujjani Dam Rain Gauge,Maharashtra SW,27,Maharashtra,496,Solapur,-,-,-,-,-,-,-,-,-,18.07402000,75.12002000,18-12-2024 21:00,0,0,0,0,0,0,0,0,0,0,0,0,0,0,0,0,0,0,0,0,0,0,0,0,0,0,0,0,0,0,0,0,0,0,0,0,0,0,0,0,0,0,0,0,"","","","","",""
3067,Ujjani Dam Rain Gauge,Maharashtra SW,27,Maharashtra,496,Solapur,-,-,-,-,-,-,-,-,-,18.07402000,75.12002000,18-12-2024 22:00,0,0,0,0,0,0,0,0,0,0,0,0,0,0,0,0,0,0,0,0,0,0,0,0,0,0,0,0,0,0,0,0,0,0,0,0,0,0,0,0,0,0,0,0,"","","","","",""
3068,Ujjani Dam Rain Gauge,Maharashtra SW,27,Maharashtra,496,Solapur,-,-,-,-,-,-,-,-,-,18.07402000,75.12002000,18-12-2024 23:00,0,0,0,0,0,0,0,0,0,0,0,0,0,0,0,0,0,0,0,0,0,0,0,0,0,0,0,0,0,0,0,0,0,0,0,0,0,0,0,0,0,0,0,0,"","","","","",""
3069,Ujjani Dam Rain Gauge,Maharashtra SW,27,Maharashtra,496,Solapur,-,-,-,-,-,-,-,-,-,18.07402000,75.12002000,19-12-2024 00:00,0,0,0,0,0,0,0,0,0,0,0,0,0,0,0,0,0,0,0,0,0,0,0,0,0,0,0,0,0,0,0,0,0,0,0,0,0,0,0,0,0,0,0,0,"","","","","",""
3070,Ujjani Dam Rain Gauge,Maharashtra SW,27,Maharashtra,496,Solapur,-,-,-,-,-,-,-,-,-,18.07402000,75.12002000,19-12-2024 01:00,0,0,0,0,0,0,0,0,0,0,0,0,0,0,0,0,0,0,0,0,0,0,0,0,0,0,0,0,0,0,0,0,0,0,0,0,0,0,0,0,0,0,0,0,"","","","","",""
3071,Ujjani Dam Rain Gauge,Maharashtra SW,27,Maharashtra,496,Solapur,-,-,-,-,-,-,-,-,-,18.07402000,75.12002000,19-12-2024 02:00,0,0,0,0,0,0,0,0,0,0,0,0,0,0,0,0,0,0,0,0,0,0,0,0,0,0,0,0,0,0,0,0,0,0,0,0,0,0,0,0,0,0,0,0,"","","","","",""
3072,Ujjani Dam Rain Gauge,Maharashtra SW,27,Maharashtra,496,Solapur,-,-,-,-,-,-,-,-,-,18.07402000,75.12002000,19-12-2024 04:00,0,0,0,0,0,0,0,0,0,0,0,0,0,0,0,0,0,0,0,0,0,0,0,0,0,0,0,0,0,0,0,0,0,0,0,0,0,0,0,0,0,0,0,0,"","","","","",""
3073,Ujjani Dam Rain Gauge,Maharashtra SW,27,Maharashtra,496,Solapur,-,-,-,-,-,-,-,-,-,18.07402000,75.12002000,19-12-2024 05:00,0,0,0,0,0,0,0,0,0,0,0,0,0,0,0,0,0,0,0,0,0,0,0,0,0,0,0,0,0,0,0,0,0,0,0,0,0,0,0,0,0,0,0,0,"","","","","",""
3074,Ujjani Dam Rain Gauge,Maharashtra SW,27,Maharashtra,496,Solapur,-,-,-,-,-,-,-,-,-,18.07402000,75.12002000,19-12-2024 06:00,0,0,0,0,0,0,0,0,0,0,0,0,0,0,0,0,0,0,0,0,0,0,0,0,0,0,0,0,0,0,0,0,0,0,0,0,0,0,0,0,0,0,0,0,"","","","","",""
3075,Ujjani Dam Rain Gauge,Maharashtra SW,27,Maharashtra,496,Solapur,-,-,-,-,-,-,-,-,-,18.07402000,75.12002000,19-12-2024 07:00,0,0,0,0,0,0,0,0,0,0,0,0,0,0,0,0,0,0,0,0,0,0,0,0,0,0,0,0,0,0,0,0,0,0,0,0,0,0,0,0,0,0,0,0,"","","","","",""
3076,Ujjani Dam Rain Gauge,Maharashtra SW,27,Maharashtra,496,Solapur,-,-,-,-,-,-,-,-,-,18.07402000,75.12002000,19-12-2024 08:00,0,0,0,0,0,0,0,0,0,0,0,0,0,0,0,0,0,0,0,0,0,0,0,0,0,0,0,0,0,0,0,0,0,0,0,0,0,0,0,0,0,0,0,0,"","","","","",""
3077,Ujjani Dam Rain Gauge,Maharashtra SW,27,Maharashtra,496,Solapur,-,-,-,-,-,-,-,-,-,18.07402000,75.12002000,19-12-2024 09:00,0,0,0,0,0,0,0,0,0,0,0,0,0,0,0,0,0,0,0,0,0,0,0,0,0,0,0,0,0,0,0,0,0,0,0,0,0,0,0,0,0,0,0,0,"","","","","",""
3078,Ujjani Dam Rain Gauge,Maharashtra SW,27,Maharashtra,496,Solapur,-,-,-,-,-,-,-,-,-,18.07402000,75.12002000,19-12-2024 10:00,0,0,0,0,0,0,0,0,0,0,0,0,0,0,0,0,0,0,0,0,0,0,0,0,0,0,0,0,0,0,0,0,0,0,0,0,0,0,0,0,0,0,0,0,"","","","","",""
3079,Ujjani Dam Rain Gauge,Maharashtra SW,27,Maharashtra,496,Solapur,-,-,-,-,-,-,-,-,-,18.07402000,75.12002000,19-12-2024 12:00,0,0,0,0,0,0,0,0,0,0,0,0,0,0,0,0,0,0,0,0,0,0,0,0,0,0,0,0,0,0,0,0,0,0,0,0,0,0,0,0,0,0,0,0,"","","","","",""
3080,Ujjani Dam Rain Gauge,Maharashtra SW,27,Maharashtra,496,Solapur,-,-,-,-,-,-,-,-,-,18.07402000,75.12002000,19-12-2024 13:00,0,0,0,0,0,0,0,0,0,0,0,0,0,0,0,0,0,0,0,0,0,0,0,0,0,0,0,0,0,0,0,0,0,0,0,0,0,0,0,0,0,0,0,0,"","","","","",""
3081,Ujjani Dam Rain Gauge,Maharashtra SW,27,Maharashtra,496,Solapur,-,-,-,-,-,-,-,-,-,18.07402000,75.12002000,19-12-2024 14:00,0,0,0,0,0,0,0,0,0,0,0,0,0,0,0,0,0,0,0,0,0,0,0,0,0,0,0,0,0,0,0,0,0,0,0,0,0,0,0,0,0,0,0,0,"","","","","",""
3082,Ujjani Dam Rain Gauge,Maharashtra SW,27,Maharashtra,496,Solapur,-,-,-,-,-,-,-,-,-,18.07402000,75.12002000,19-12-2024 15:00,0,0,0,0,0,0,0,0,0,0,0,0,0,0,0,0,0,0,0,0,0,0,0,0,0,0,0,0,0,0,0,0,0,0,0,0,0,0,0,0,0,0,0,0,"","","","","",""
3083,Ujjani Dam Rain Gauge,Maharashtra SW,27,Maharashtra,496,Solapur,-,-,-,-,-,-,-,-,-,18.07402000,75.12002000,19-12-2024 16:00,0,0,0,0,0,0,0,0,0,0,0,0,0,0,0,0,0,0,0,0,0,0,0,0,0,0,0,0,0,0,0,0,0,0,0,0,0,0,0,0,0,0,0,0,"","","","","",""
3084,Ujjani Dam Rain Gauge,Maharashtra SW,27,Maharashtra,496,Solapur,-,-,-,-,-,-,-,-,-,18.07402000,75.12002000,19-12-2024 17:00,0,0,0,0,0,0,0,0,0,0,0,0,0,0,0,0,0,0,0,0,0,0,0,0,0,0,0,0,0,0,0,0,0,0,0,0,0,0,0,0,0,0,0,0,"","","","","",""
3085,Ujjani Dam Rain Gauge,Maharashtra SW,27,Maharashtra,496,Solapur,-,-,-,-,-,-,-,-,-,18.07402000,75.12002000,19-12-2024 18:00,0,0,0,0,0,0,0,0,0,0,0,0,0,0,0,0,0,0,0,0,0,0,0,0,0,0,0,0,0,0,0,0,0,0,0,0,0,0,0,0,0,0,0,0,"","","","","",""
3086,Ujjani Dam Rain Gauge,Maharashtra SW,27,Maharashtra,496,Solapur,-,-,-,-,-,-,-,-,-,18.07402000,75.12002000,19-12-2024 20:00,0,0,0,0,0,0,0,0,0,0,0,0,0,0,0,0,0,0,0,0,0,0,0,0,0,0,0,0,0,0,0,0,0,0,0,0,0,0,0,0,0,0,0,0,"","","","","",""
3087,Ujjani Dam Rain Gauge,Maharashtra SW,27,Maharashtra,496,Solapur,-,-,-,-,-,-,-,-,-,18.07402000,75.12002000,19-12-2024 21:00,0,0,0,0,0,0,0,0,0,0,0,0,0,0,0,0,0,0,0,0,0,0,0,0,0,0,0,0,0,0,0,0,0,0,0,0,0,0,0,0,0,0,0,0,"","","","","",""
3088,Ujjani Dam Rain Gauge,Maharashtra SW,27,Maharashtra,496,Solapur,-,-,-,-,-,-,-,-,-,18.07402000,75.12002000,19-12-2024 22:00,0,0,0,0,0,0,0,0,0,0,0,0,0,0,0,0,0,0,0,0,0,0,0,0,0,0,0,0,0,0,0,0,0,0,0,0,0,0,0,0,0,0,0,0,"","","","","",""
3089,Ujjani Dam Rain Gauge,Maharashtra SW,27,Maharashtra,496,Solapur,-,-,-,-,-,-,-,-,-,18.07402000,75.12002000,19-12-2024 23:00,0,0,0,0,0,0,0,0,0,0,0,0,0,0,0,0,0,0,0,0,0,0,0,0,0,0,0,0,0,0,0,0,0,0,0,0,0,0,0,0,0,0,0,0,"","","","","",""
3090,Ujjani Dam Rain Gauge,Maharashtra SW,27,Maharashtra,496,Solapur,-,-,-,-,-,-,-,-,-,18.07402000,75.12002000,20-12-2024 00:00,0,0,0,0,0,0,0,0,0,0,0,0,0,0,0,0,0,0,0,0,0,0,0,0,0,0,0,0,0,0,0,0,0,0,0,0,0,0,0,0,0,0,0,0,"","","","","",""
3091,Ujjani Dam Rain Gauge,Maharashtra SW,27,Maharashtra,496,Solapur,-,-,-,-,-,-,-,-,-,18.07402000,75.12002000,20-12-2024 01:00,0,0,0,0,0,0,0,0,0,0,0,0,0,0,0,0,0,0,0,0,0,0,0,0,0,0,0,0,0,0,0,0,0,0,0,0,0,0,0,0,0,0,0,0,"","","","","",""
3092,Ujjani Dam Rain Gauge,Maharashtra SW,27,Maharashtra,496,Solapur,-,-,-,-,-,-,-,-,-,18.07402000,75.12002000,20-12-2024 03:00,0,0,0,0,0,0,0,0,0,0,0,0,0,0,0,0,0,0,0,0,0,0,0,0,0,0,0,0,0,0,0,0,0,0,0,0,0,0,0,0,0,0,0,0,"","","","","",""
3093,Ujjani Dam Rain Gauge,Maharashtra SW,27,Maharashtra,496,Solapur,-,-,-,-,-,-,-,-,-,18.07402000,75.12002000,20-12-2024 04:00,0,0,0,0,0,0,0,0,0,0,0,0,0,0,0,0,0,0,0,0,0,0,0,0,0,0,0,0,0,0,0,0,0,0,0,0,0,0,0,0,0,0,0,0,"","","","","",""
3094,Ujjani Dam Rain Gauge,Maharashtra SW,27,Maharashtra,496,Solapur,-,-,-,-,-,-,-,-,-,18.07402000,75.12002000,20-12-2024 05:00,0,0,0,0,0,0,0,0,0,0,0,0,0,0,0,0,0,0,0,0,0,0,0,0,0,0,0,0,0,0,0,0,0,0,0,0,0,0,0,0,0,0,0,0,"","","","","",""
3095,Ujjani Dam Rain Gauge,Maharashtra SW,27,Maharashtra,496,Solapur,-,-,-,-,-,-,-,-,-,18.07402000,75.12002000,20-12-2024 06:00,0,0,0,0,0,0,0,0,0,0,0,0,0,0,0,0,0,0,0,0,0,0,0,0,0,0,0,0,0,0,0,0,0,0,0,0,0,0,0,0,0,0,0,0,"","","","","",""
3096,Ujjani Dam Rain Gauge,Maharashtra SW,27,Maharashtra,496,Solapur,-,-,-,-,-,-,-,-,-,18.07402000,75.12002000,20-12-2024 07:00,0,0,0,0,0,0,0,0,0,0,0,0,0,0,0,0,0,0,0,0,0,0,0,0,0,0,0,0,0,0,0,0,0,0,0,0,0,0,0,0,0,0,0,0,"","","","","",""
3097,Ujjani Dam Rain Gauge,Maharashtra SW,27,Maharashtra,496,Solapur,-,-,-,-,-,-,-,-,-,18.07402000,75.12002000,20-12-2024 08:00,0,0,0,0,0,0,0,0,0,0,0,0,0,0,0,0,0,0,0,0,0,0,0,0,0,0,0,0,0,0,0,0,0,0,0,0,0,0,0,0,0,0,0,0,"","","","","",""
3098,Ujjani Dam Rain Gauge,Maharashtra SW,27,Maharashtra,496,Solapur,-,-,-,-,-,-,-,-,-,18.07402000,75.12002000,20-12-2024 09:00,0,0,0,0,0,0,0,0,0,0,0,0,0,0,0,0,0,0,0,0,0,0,0,0,0,0,0,0,0,0,0,0,0,0,0,0,0,0,0,0,0,0,0,0,"","","","","",""
3099,Ujjani Dam Rain Gauge,Maharashtra SW,27,Maharashtra,496,Solapur,-,-,-,-,-,-,-,-,-,18.07402000,75.12002000,20-12-2024 10:00,0,0,0,0,0,0,0,0,0,0,0,0,0,0,0,0,0,0,0,0,0,0,0,0,0,0,0,0,0,0,0,0,0,0,0,0,0,0,0,0,0,0,0,0,"","","","","",""
3100,Ujjani Dam Rain Gauge,Maharashtra SW,27,Maharashtra,496,Solapur,-,-,-,-,-,-,-,-,-,18.07402000,75.12002000,20-12-2024 12:00,0,0,0,0,0,0,0,0,0,0,0,0,0,0,0,0,0,0,0,0,0,0,0,0,0,0,0,0,0,0,0,0,0,0,0,0,0,0,0,0,0,0,0,0,"","","","","",""
3101,Ujjani Dam Rain Gauge,Maharashtra SW,27,Maharashtra,496,Solapur,-,-,-,-,-,-,-,-,-,18.07402000,75.12002000,20-12-2024 13:00,0,0,0,0,0,0,0,0,0,0,0,0,0,0,0,0,0,0,0,0,0,0,0,0,0,0,0,0,0,0,0,0,0,0,0,0,0,0,0,0,0,0,0,0,"","","","","",""
3102,Ujjani Dam Rain Gauge,Maharashtra SW,27,Maharashtra,496,Solapur,-,-,-,-,-,-,-,-,-,18.07402000,75.12002000,20-12-2024 14:00,0,0,0,0,0,0,0,0,0,0,0,0,0,0,0,0,0,0,0,0,0,0,0,0,0,0,0,0,0,0,0,0,0,0,0,0,0,0,0,0,0,0,0,0,"","","","","",""
3103,Ujjani Dam Rain Gauge,Maharashtra SW,27,Maharashtra,496,Solapur,-,-,-,-,-,-,-,-,-,18.07402000,75.12002000,20-12-2024 15:00,0,0,0,0,0,0,0,0,0,0,0,0,0,0,0,0,0,0,0,0,0,0,0,0,0,0,0,0,0,0,0,0,0,0,0,0,0,0,0,0,0,0,0,0,"","","","","",""
3104,Ujjani Dam Rain Gauge,Maharashtra SW,27,Maharashtra,496,Solapur,-,-,-,-,-,-,-,-,-,18.07402000,75.12002000,20-12-2024 16:00,0,0,0,0,0,0,0,0,0,0,0,0,0,0,0,0,0,0,0,0,0,0,0,0,0,0,0,0,0,0,0,0,0,0,0,0,0,0,0,0,0,0,0,0,"","","","","",""
3105,Ujjani Dam Rain Gauge,Maharashtra SW,27,Maharashtra,496,Solapur,-,-,-,-,-,-,-,-,-,18.07402000,75.12002000,20-12-2024 17:00,0,0,0,0,0,0,0,0,0,0,0,0,0,0,0,0,0,0,0,0,0,0,0,0,0,0,0,0,0,0,0,0,0,0,0,0,0,0,0,0,0,0,0,0,"","","","","",""
3106,Ujjani Dam Rain Gauge,Maharashtra SW,27,Maharashtra,496,Solapur,-,-,-,-,-,-,-,-,-,18.07402000,75.12002000,20-12-2024 18:00,0,0,0,0,0,0,0,0,0,0,0,0,0,0,0,0,0,0,0,0,0,0,0,0,0,0,0,0,0,0,0,0,0,0,0,0,0,0,0,0,0,0,0,0,"","","","","",""
3107,Ujjani Dam Rain Gauge,Maharashtra SW,27,Maharashtra,496,Solapur,-,-,-,-,-,-,-,-,-,18.07402000,75.12002000,20-12-2024 20:00,0,0,0,0,0,0,0,0,0,0,0,0,0,0,0,0,0,0,0,0,0,0,0,0,0,0,0,0,0,0,0,0,0,0,0,0,0,0,0,0,0,0,0,0,"","","","","",""
3108,Ujjani Dam Rain Gauge,Maharashtra SW,27,Maharashtra,496,Solapur,-,-,-,-,-,-,-,-,-,18.07402000,75.12002000,20-12-2024 21:00,0,0,0,0,0,0,0,0,0,0,0,0,0,0,0,0,0,0,0,0,0,0,0,0,0,0,0,0,0,0,0,0,0,0,0,0,0,0,0,0,0,0,0,0,"","","","","",""
3109,Ujjani Dam Rain Gauge,Maharashtra SW,27,Maharashtra,496,Solapur,-,-,-,-,-,-,-,-,-,18.07402000,75.12002000,20-12-2024 22:00,0,0,0,0,0,0,0,0,0,0,0,0,0,0,0,0,0,0,0,0,0,0,0,0,0,0,0,0,0,0,0,0,0,0,0,0,0,0,0,0,0,0,0,0,"","","","","",""
3110,Ujjani Dam Rain Gauge,Maharashtra SW,27,Maharashtra,496,Solapur,-,-,-,-,-,-,-,-,-,18.07402000,75.12002000,20-12-2024 23:00,0,0,0,0,0,0,0,0,0,0,0,0,0,0,0,0,0,0,0,0,0,0,0,0,0,0,0,0,0,0,0,0,0,0,0,0,0,0,0,0,0,0,0,0,"","","","","",""
3111,Ujjani Dam Rain Gauge,Maharashtra SW,27,Maharashtra,496,Solapur,-,-,-,-,-,-,-,-,-,18.07402000,75.12002000,21-12-2024 00:00,0,0,0,0,0,0,0,0,0,0,0,0,0,0,0,0,0,0,0,0,0,0,0,0,0,0,0,0,0,0,0,0,0,0,0,0,0,0,0,0,0,0,0,0,"","","","","",""
3112,Ujjani Dam Rain Gauge,Maharashtra SW,27,Maharashtra,496,Solapur,-,-,-,-,-,-,-,-,-,18.07402000,75.12002000,21-12-2024 01:00,0,0,0,0,0,0,0,0,0,0,0,0,0,0,0,0,0,0,0,0,0,0,0,0,0,0,0,0,0,0,0,0,0,0,0,0,0,0,0,0,0,0,0,0,"","","","","",""
3113,Ujjani Dam Rain Gauge,Maharashtra SW,27,Maharashtra,496,Solapur,-,-,-,-,-,-,-,-,-,18.07402000,75.12002000,21-12-2024 03:00,0,0,0,0,0,0,0,0,0,0,0,0,0,0,0,0,0,0,0,0,0,0,0,0,0,0,0,0,0,0,0,0,0,0,0,0,0,0,0,0,0,0,0,0,"","","","","",""
3114,Ujjani Dam Rain Gauge,Maharashtra SW,27,Maharashtra,496,Solapur,-,-,-,-,-,-,-,-,-,18.07402000,75.12002000,21-12-2024 04:00,0,0,0,0,0,0,0,0,0,0,0,0,0,0,0,0,0,0,0,0,0,0,0,0,0,0,0,0,0,0,0,0,0,0,0,0,0,0,0,0,0,0,0,0,"","","","","",""
3115,Ujjani Dam Rain Gauge,Maharashtra SW,27,Maharashtra,496,Solapur,-,-,-,-,-,-,-,-,-,18.07402000,75.12002000,21-12-2024 05:00,0,0,0,0,0,0,0,0,0,0,0,0,0,0,0,0,0,0,0,0,0,0,0,0,0,0,0,0,0,0,0,0,0,0,0,0,0,0,0,0,0,0,0,0,"","","","","",""
3116,Ujjani Dam Rain Gauge,Maharashtra SW,27,Maharashtra,496,Solapur,-,-,-,-,-,-,-,-,-,18.07402000,75.12002000,21-12-2024 06:00,0,0,0,0,0,0,0,0,0,0,0,0,0,0,0,0,0,0,0,0,0,0,0,0,0,0,0,0,0,0,0,0,0,0,0,0,0,0,0,0,0,0,0,0,"","","","","",""
3117,Ujjani Dam Rain Gauge,Maharashtra SW,27,Maharashtra,496,Solapur,-,-,-,-,-,-,-,-,-,18.07402000,75.12002000,21-12-2024 07:00,0,0,0,0,0,0,0,0,0,0,0,0,0,0,0,0,0,0,0,0,0,0,0,0,0,0,0,0,0,0,0,0,0,0,0,0,0,0,0,0,0,0,0,0,"","","","","",""
3118,Ujjani Dam Rain Gauge,Maharashtra SW,27,Maharashtra,496,Solapur,-,-,-,-,-,-,-,-,-,18.07402000,75.12002000,21-12-2024 08:00,0,0,0,0,0,0,0,0,0,0,0,0,0,0,0,0,0,0,0,0,0,0,0,0,0,0,0,0,0,0,0,0,0,0,0,0,0,0,0,0,0,0,0,0,"","","","","",""
3119,Ujjani Dam Rain Gauge,Maharashtra SW,27,Maharashtra,496,Solapur,-,-,-,-,-,-,-,-,-,18.07402000,75.12002000,21-12-2024 09:00,0,0,0,0,0,0,0,0,0,0,0,0,0,0,0,0,0,0,0,0,0,0,0,0,0,0,0,0,0,0,0,0,0,0,0,0,0,0,0,0,0,0,0,0,"","","","","",""
3120,Ujjani Dam Rain Gauge,Maharashtra SW,27,Maharashtra,496,Solapur,-,-,-,-,-,-,-,-,-,18.07402000,75.12002000,21-12-2024 10:00,0,0,0,0,0,0,0,0,0,0,0,0,0,0,0,0,0,0,0,0,0,0,0,0,0,0,0,0,0,0,0,0,0,0,0,0,0,0,0,0,0,0,0,0,"","","","","",""
3121,Ujjani Dam Rain Gauge,Maharashtra SW,27,Maharashtra,496,Solapur,-,-,-,-,-,-,-,-,-,18.07402000,75.12002000,21-12-2024 12:00,0,0,0,0,0,0,0,0,0,0,0,0,0,0,0,0,0,0,0,0,0,0,0,0,0,0,0,0,0,0,0,0,0,0,0,0,0,0,0,0,0,0,0,0,"","","","","",""
3122,Ujjani Dam Rain Gauge,Maharashtra SW,27,Maharashtra,496,Solapur,-,-,-,-,-,-,-,-,-,18.07402000,75.12002000,21-12-2024 13:00,0,0,0,0,0,0,0,0,0,0,0,0,0,0,0,0,0,0,0,0,0,0,0,0,0,0,0,0,0,0,0,0,0,0,0,0,0,0,0,0,0,0,0,0,"","","","","",""
3123,Ujjani Dam Rain Gauge,Maharashtra SW,27,Maharashtra,496,Solapur,-,-,-,-,-,-,-,-,-,18.07402000,75.12002000,21-12-2024 14:00,0,0,0,0,0,0,0,0,0,0,0,0,0,0,0,0,0,0,0,0,0,0,0,0,0,0,0,0,0,0,0,0,0,0,0,0,0,0,0,0,0,0,0,0,"","","","","",""
3124,Ujjani Dam Rain Gauge,Maharashtra SW,27,Maharashtra,496,Solapur,-,-,-,-,-,-,-,-,-,18.07402000,75.12002000,21-12-2024 15:00,0,0,0,0,0,0,0,0,0,0,0,0,0,0,0,0,0,0,0,0,0,0,0,0,0,0,0,0,0,0,0,0,0,0,0,0,0,0,0,0,0,0,0,0,"","","","","",""
3125,Ujjani Dam Rain Gauge,Maharashtra SW,27,Maharashtra,496,Solapur,-,-,-,-,-,-,-,-,-,18.07402000,75.12002000,21-12-2024 16:00,0,0,0,0,0,0,0,0,0,0,0,0,0,0,0,0,0,0,0,0,0,0,0,0,0,0,0,0,0,0,0,0,0,0,0,0,0,0,0,0,0,0,0,0,"","","","","",""
3126,Ujjani Dam Rain Gauge,Maharashtra SW,27,Maharashtra,496,Solapur,-,-,-,-,-,-,-,-,-,18.07402000,75.12002000,21-12-2024 17:00,0,0,0,0,0,0,0,0,0,0,0,0,0,0,0,0,0,0,0,0,0,0,0,0,0,0,0,0,0,0,0,0,0,0,0,0,0,0,0,0,0,0,0,0,"","","","","",""
3127,Ujjani Dam Rain Gauge,Maharashtra SW,27,Maharashtra,496,Solapur,-,-,-,-,-,-,-,-,-,18.07402000,75.12002000,21-12-2024 18:00,0,0,0,0,0,0,0,0,0,0,0,0,0,0,0,0,0,0,0,0,0,0,0,0,0,0,0,0,0,0,0,0,0,0,0,0,0,0,0,0,0,0,0,0,"","","","","",""
3128,Ujjani Dam Rain Gauge,Maharashtra SW,27,Maharashtra,496,Solapur,-,-,-,-,-,-,-,-,-,18.07402000,75.12002000,21-12-2024 20:00,0,0,0,0,0,0,0,0,0,0,0,0,0,0,0,0,0,0,0,0,0,0,0,0,0,0,0,0,0,0,0,0,0,0,0,0,0,0,0,0,0,0,0,0,"","","","","",""
3129,Ujjani Dam Rain Gauge,Maharashtra SW,27,Maharashtra,496,Solapur,-,-,-,-,-,-,-,-,-,18.07402000,75.12002000,21-12-2024 21:00,0,0,0,0,0,0,0,0,0,0,0,0,0,0,0,0,0,0,0,0,0,0,0,0,0,0,0,0,0,0,0,0,0,0,0,0,0,0,0,0,0,0,0,0,"","","","","",""
3130,Ujjani Dam Rain Gauge,Maharashtra SW,27,Maharashtra,496,Solapur,-,-,-,-,-,-,-,-,-,18.07402000,75.12002000,21-12-2024 22:00,0,0,0,0,0,0,0,0,0,0,0,0,0,0,0,0,0,0,0,0,0,0,0,0,0,0,0,0,0,0,0,0,0,0,0,0,0,0,0,0,0,0,0,0,"","","","","",""
3131,Ujjani Dam Rain Gauge,Maharashtra SW,27,Maharashtra,496,Solapur,-,-,-,-,-,-,-,-,-,18.07402000,75.12002000,21-12-2024 23:00,0,0,0,0,0,0,0,0,0,0,0,0,0,0,0,0,0,0,0,0,0,0,0,0,0,0,0,0,0,0,0,0,0,0,0,0,0,0,0,0,0,0,0,0,"","","","","",""
3132,Ujjani Dam Rain Gauge,Maharashtra SW,27,Maharashtra,496,Solapur,-,-,-,-,-,-,-,-,-,18.07402000,75.12002000,22-12-2024 00:00,0,0,0,0,0,0,0,0,0,0,0,0,0,0,0,0,0,0,0,0,0,0,0,0,0,0,0,0,0,0,0,0,0,0,0,0,0,0,0,0,0,0,0,0,"","","","","",""
3133,Ujjani Dam Rain Gauge,Maharashtra SW,27,Maharashtra,496,Solapur,-,-,-,-,-,-,-,-,-,18.07402000,75.12002000,22-12-2024 01:00,0,0,0,0,0,0,0,0,0,0,0,0,0,0,0,0,0,0,0,0,0,0,0,0,0,0,0,0,0,0,0,0,0,0,0,0,0,0,0,0,0,0,0,0,"","","","","",""
3134,Ujjani Dam Rain Gauge,Maharashtra SW,27,Maharashtra,496,Solapur,-,-,-,-,-,-,-,-,-,18.07402000,75.12002000,22-12-2024 02:00,0,0,0,0,0,0,0,0,0,0,0,0,0,0,0,0,0,0,0,0,0,0,0,0,0,0,0,0,0,0,0,0,0,0,0,0,0,0,0,0,0,0,0,0,"","","","","",""
3135,Ujjani Dam Rain Gauge,Maharashtra SW,27,Maharashtra,496,Solapur,-,-,-,-,-,-,-,-,-,18.07402000,75.12002000,22-12-2024 04:00,0,0,0,0,0,0,0,0,0,0,0,0,0,0,0,0,0,0,0,0,0,0,0,0,0,0,0,0,0,0,0,0,0,0,0,0,0,0,0,0,0,0,0,0,"","","","","",""
3136,Ujjani Dam Rain Gauge,Maharashtra SW,27,Maharashtra,496,Solapur,-,-,-,-,-,-,-,-,-,18.07402000,75.12002000,22-12-2024 05:00,0,0,0,0,0,0,0,0,0,0,0,0,0,0,0,0,0,0,0,0,0,0,0,0,0,0,0,0,0,0,0,0,0,0,0,0,0,0,0,0,0,0,0,0,"","","","","",""
3137,Ujjani Dam Rain Gauge,Maharashtra SW,27,Maharashtra,496,Solapur,-,-,-,-,-,-,-,-,-,18.07402000,75.12002000,22-12-2024 06:00,0,0,0,0,0,0,0,0,0,0,0,0,0,0,0,0,0,0,0,0,0,0,0,0,0,0,0,0,0,0,0,0,0,0,0,0,0,0,0,0,0,0,0,0,"","","","","",""
3138,Ujjani Dam Rain Gauge,Maharashtra SW,27,Maharashtra,496,Solapur,-,-,-,-,-,-,-,-,-,18.07402000,75.12002000,22-12-2024 07:00,0,0,0,0,0,0,0,0,0,0,0,0,0,0,0,0,0,0,0,0,0,0,0,0,0,0,0,0,0,0,0,0,0,0,0,0,0,0,0,0,0,0,0,0,"","","","","",""
3139,Ujjani Dam Rain Gauge,Maharashtra SW,27,Maharashtra,496,Solapur,-,-,-,-,-,-,-,-,-,18.07402000,75.12002000,22-12-2024 08:00,0,0,0,0,0,0,0,0,0,0,0,0,0,0,0,0,0,0,0,0,0,0,0,0,0,0,0,0,0,0,0,0,0,0,0,0,0,0,0,0,0,0,0,0,"","","","","",""
3140,Ujjani Dam Rain Gauge,Maharashtra SW,27,Maharashtra,496,Solapur,-,-,-,-,-,-,-,-,-,18.07402000,75.12002000,22-12-2024 09:00,0,0,0,0,0,0,0,0,0,0,0,0,0,0,0,0,0,0,0,0,0,0,0,0,0,0,0,0,0,0,0,0,0,0,0,0,0,0,0,0,0,0,0,0,"","","","","",""
3141,Ujjani Dam Rain Gauge,Maharashtra SW,27,Maharashtra,496,Solapur,-,-,-,-,-,-,-,-,-,18.07402000,75.12002000,22-12-2024 11:00,0,0,0,0,0,0,0,0,0,0,0,0,0,0,0,0,0,0,0,0,0,0,0,0,0,0,0,0,0,0,0,0,0,0,0,0,0,0,0,0,0,0,0,0,"","","","","",""
3142,Ujjani Dam Rain Gauge,Maharashtra SW,27,Maharashtra,496,Solapur,-,-,-,-,-,-,-,-,-,18.07402000,75.12002000,22-12-2024 12:00,0,0,0,0,0,0,0,0,0,0,0,0,0,0,0,0,0,0,0,0,0,0,0,0,0,0,0,0,0,0,0,0,0,0,0,0,0,0,0,0,0,0,0,0,"","","","","",""
3143,Ujjani Dam Rain Gauge,Maharashtra SW,27,Maharashtra,496,Solapur,-,-,-,-,-,-,-,-,-,18.07402000,75.12002000,22-12-2024 13:00,0,0,0,0,0,0,0,0,0,0,0,0,0,0,0,0,0,0,0,0,0,0,0,0,0,0,0,0,0,0,0,0,0,0,0,0,0,0,0,0,0,0,0,0,"","","","","",""
3144,Ujjani Dam Rain Gauge,Maharashtra SW,27,Maharashtra,496,Solapur,-,-,-,-,-,-,-,-,-,18.07402000,75.12002000,22-12-2024 14:00,0,0,0,0,0,0,0,0,0,0,0,0,0,0,0,0,0,0,0,0,0,0,0,0,0,0,0,0,0,0,0,0,0,0,0,0,0,0,0,0,0,0,0,0,"","","","","",""
3145,Ujjani Dam Rain Gauge,Maharashtra SW,27,Maharashtra,496,Solapur,-,-,-,-,-,-,-,-,-,18.07402000,75.12002000,22-12-2024 15:00,0,0,0,0,0,0,0,0,0,0,0,0,0,0,0,0,0,0,0,0,0,0,0,0,0,0,0,0,0,0,0,0,0,0,0,0,0,0,0,0,0,0,0,0,"","","","","",""
3146,Ujjani Dam Rain Gauge,Maharashtra SW,27,Maharashtra,496,Solapur,-,-,-,-,-,-,-,-,-,18.07402000,75.12002000,22-12-2024 16:00,0,0,0,0,0,0,0,0,0,0,0,0,0,0,0,0,0,0,0,0,0,0,0,0,0,0,0,0,0,0,0,0,0,0,0,0,0,0,0,0,0,0,0,0,"","","","","",""
3147,Ujjani Dam Rain Gauge,Maharashtra SW,27,Maharashtra,496,Solapur,-,-,-,-,-,-,-,-,-,18.07402000,75.12002000,22-12-2024 17:00,0,0,0,0,0,0,0,0,0,0,0,0,0,0,0,0,0,0,0,0,0,0,0,0,0,0,0,0,0,0,0,0,0,0,0,0,0,0,0,0,0,0,0,0,"","","","","",""
3148,Ujjani Dam Rain Gauge,Maharashtra SW,27,Maharashtra,496,Solapur,-,-,-,-,-,-,-,-,-,18.07402000,75.12002000,22-12-2024 19:00,0,0,0,0,0,0,0,0,0,0,0,0,0,0,0,0,0,0,0,0,0,0,0,0,0,0,0,0,0,0,0,0,0,0,0,0,0,0,0,0,0,0,0,0,"","","","","",""
3149,Ujjani Dam Rain Gauge,Maharashtra SW,27,Maharashtra,496,Solapur,-,-,-,-,-,-,-,-,-,18.07402000,75.12002000,22-12-2024 21:00,0,0,0,0,0,0,0,0,0,0,0,0,0,0,0,0,0,0,0,0,0,0,0,0,0,0,0,0,0,0,0,0,0,0,0,0,0,0,0,0,0,0,0,0,"","","","","",""
3150,Ujjani Dam Rain Gauge,Maharashtra SW,27,Maharashtra,496,Solapur,-,-,-,-,-,-,-,-,-,18.07402000,75.12002000,22-12-2024 22:00,0,0,0,0,0,0,0,0,0,0,0,0,0,0,0,0,0,0,0,0,0,0,0,0,0,0,0,0,0,0,0,0,0,0,0,0,0,0,0,0,0,0,0,0,"","","","","",""
3151,Ujjani Dam Rain Gauge,Maharashtra SW,27,Maharashtra,496,Solapur,-,-,-,-,-,-,-,-,-,18.07402000,75.12002000,22-12-2024 23:00,0,0,0,0,0,0,0,0,0,0,0,0,0,0,0,0,0,0,0,0,0,0,0,0,0,0,0,0,0,0,0,0,0,0,0,0,0,0,0,0,0,0,0,0,"","","","","",""
3152,Ujjani Dam Rain Gauge,Maharashtra SW,27,Maharashtra,496,Solapur,-,-,-,-,-,-,-,-,-,18.07402000,75.12002000,23-12-2024 00:00,0,0,0,0,0,0,0,0,0,0,0,0,0,0,0,0,0,0,0,0,0,0,0,0,0,0,0,0,0,0,0,0,0,0,0,0,0,0,0,0,0,0,0,0,"","","","","",""
3153,Ujjani Dam Rain Gauge,Maharashtra SW,27,Maharashtra,496,Solapur,-,-,-,-,-,-,-,-,-,18.07402000,75.12002000,23-12-2024 01:00,0,0,0,0,0,0,0,0,0,0,0,0,0,0,0,0,0,0,0,0,0,0,0,0,0,0,0,0,0,0,0,0,0,0,0,0,0,0,0,0,0,0,0,0,"","","","","",""
3154,Ujjani Dam Rain Gauge,Maharashtra SW,27,Maharashtra,496,Solapur,-,-,-,-,-,-,-,-,-,18.07402000,75.12002000,23-12-2024 03:00,0,0,0,0,0,0,0,0,0,0,0,0,0,0,0,0,0,0,0,0,0,0,0,0,0,0,0,0,0,0,0,0,0,0,0,0,0,0,0,0,0,0,0,0,"","","","","",""
3155,Ujjani Dam Rain Gauge,Maharashtra SW,27,Maharashtra,496,Solapur,-,-,-,-,-,-,-,-,-,18.07402000,75.12002000,23-12-2024 04:00,0,0,0,0,0,0,0,0,0,0,0,0,0,0,0,0,0,0,0,0,0,0,0,0,0,0,0,0,0,0,0,0,0,0,0,0,0,0,0,0,0,0,0,0,"","","","","",""
3156,Ujjani Dam Rain Gauge,Maharashtra SW,27,Maharashtra,496,Solapur,-,-,-,-,-,-,-,-,-,18.07402000,75.12002000,23-12-2024 05:00,0,0,0,0,0,0,0,0,0,0,0,0,0,0,0,0,0,0,0,0,0,0,0,0,0,0,0,0,0,0,0,0,0,0,0,0,0,0,0,0,0,0,0,0,"","","","","",""
3157,Ujjani Dam Rain Gauge,Maharashtra SW,27,Maharashtra,496,Solapur,-,-,-,-,-,-,-,-,-,18.07402000,75.12002000,23-12-2024 07:00,0,0,0,0,0,0,0,0,0,0,0,0,0,0,0,0,0,0,0,0,0,0,0,0,0,0,0,0,0,0,0,0,0,0,0,0,0,0,0,0,0,0,0,0,"","","","","",""
3158,Ujjani Dam Rain Gauge,Maharashtra SW,27,Maharashtra,496,Solapur,-,-,-,-,-,-,-,-,-,18.07402000,75.12002000,23-12-2024 08:00,0,0,0,0,0,0,0,0,0,0,0,0,0,0,0,0,0,0,0,0,0,0,0,0,0,0,0,0,0,0,0,0,0,0,0,0,0,0,0,0,0,0,0,0,"","","","","",""
3159,Ujjani Dam Rain Gauge,Maharashtra SW,27,Maharashtra,496,Solapur,-,-,-,-,-,-,-,-,-,18.07402000,75.12002000,23-12-2024 09:00,0,0,0,0,0,0,0,0,0,0,0,0,0,0,0,0,0,0,0,0,0,0,0,0,0,0,0,0,0,0,0,0,0,0,0,0,0,0,0,0,0,0,0,0,"","","","","",""
3160,Ujjani Dam Rain Gauge,Maharashtra SW,27,Maharashtra,496,Solapur,-,-,-,-,-,-,-,-,-,18.07402000,75.12002000,23-12-2024 10:00,0,0,0,0,0,0,0,0,0,0,0,0,0,0,0,0,0,0,0,0,0,0,0,0,0,0,0,0,0,0,0,0,0,0,0,0,0,0,0,0,0,0,0,0,"","","","","",""
3161,Ujjani Dam Rain Gauge,Maharashtra SW,27,Maharashtra,496,Solapur,-,-,-,-,-,-,-,-,-,18.07402000,75.12002000,23-12-2024 11:00,0,0,0,0,0,0,0,0,0,0,0,0,0,0,0,0,0,0,0,0,0,0,0,0,0,0,0,0,0,0,0,0,0,0,0,0,0,0,0,0,0,0,0,0,"","","","","",""
3162,Ujjani Dam Rain Gauge,Maharashtra SW,27,Maharashtra,496,Solapur,-,-,-,-,-,-,-,-,-,18.07402000,75.12002000,23-12-2024 12:00,0,0,0,0,0,0,0,0,0,0,0,0,0,0,0,0,0,0,0,0,0,0,0,0,0,0,0,0,0,0,0,0,0,0,0,0,0,0,0,0,0,0,0,0,"","","","","",""
3163,Ujjani Dam Rain Gauge,Maharashtra SW,27,Maharashtra,496,Solapur,-,-,-,-,-,-,-,-,-,18.07402000,75.12002000,23-12-2024 13:00,0,0,0,0,0,0,0,0,0,0,0,0,0,0,0,0,0,0,0,0,0,0,0,0,0,0,0,0,0,0,0,0,0,0,0,0,0,0,0,0,0,0,0,0,"","","","","",""
3164,Ujjani Dam Rain Gauge,Maharashtra SW,27,Maharashtra,496,Solapur,-,-,-,-,-,-,-,-,-,18.07402000,75.12002000,23-12-2024 14:00,0,0,0,0,0,0,0,0,0,0,0,0,0,0,0,0,0,0,0,0,0,0,0,0,0,0,0,0,0,0,0,0,0,0,0,0,0,0,0,0,0,0,0,0,"","","","","",""
3165,Ujjani Dam Rain Gauge,Maharashtra SW,27,Maharashtra,496,Solapur,-,-,-,-,-,-,-,-,-,18.07402000,75.12002000,23-12-2024 15:00,0,0,0,0,0,0,0,0,0,0,0,0,0,0,0,0,0,0,0,0,0,0,0,0,0,0,0,0,0,0,0,0,0,0,0,0,0,0,0,0,0,0,0,0,"","","","","",""
3166,Ujjani Dam Rain Gauge,Maharashtra SW,27,Maharashtra,496,Solapur,-,-,-,-,-,-,-,-,-,18.07402000,75.12002000,23-12-2024 16:00,0,0,0,0,0,0,0,0,0,0,0,0,0,0,0,0,0,0,0,0,0,0,0,0,0,0,0,0,0,0,0,0,0,0,0,0,0,0,0,0,0,0,0,0,"","","","","",""
3167,Ujjani Dam Rain Gauge,Maharashtra SW,27,Maharashtra,496,Solapur,-,-,-,-,-,-,-,-,-,18.07402000,75.12002000,23-12-2024 17:00,0,0,0,0,0,0,0,0,0,0,0,0,0,0,0,0,0,0,0,0,0,0,0,0,0,0,0,0,0,0,0,0,0,0,0,0,0,0,0,0,0,0,0,0,"","","","","",""
3168,Ujjani Dam Rain Gauge,Maharashtra SW,27,Maharashtra,496,Solapur,-,-,-,-,-,-,-,-,-,18.07402000,75.12002000,23-12-2024 19:00,0,0,0,0,0,0,0,0,0,0,0,0,0,0,0,0,0,0,0,0,0,0,0,0,0,0,0,0,0,0,0,0,0,0,0,0,0,0,0,0,0,0,0,0,"","","","","",""
3169,Ujjani Dam Rain Gauge,Maharashtra SW,27,Maharashtra,496,Solapur,-,-,-,-,-,-,-,-,-,18.07402000,75.12002000,23-12-2024 20:00,0,0,0,0,0,0,0,0,0,0,0,0,0,0,0,0,0,0,0,0,0,0,0,0,0,0,0,0,0,0,0,0,0,0,0,0,0,0,0,0,0,0,0,0,"","","","","",""
3170,Ujjani Dam Rain Gauge,Maharashtra SW,27,Maharashtra,496,Solapur,-,-,-,-,-,-,-,-,-,18.07402000,75.12002000,23-12-2024 21:00,0,0,0,0,0,0,0,0,0,0,0,0,0,0,0,0,0,0,0,0,0,0,0,0,0,0,0,0,0,0,0,0,0,0,0,0,0,0,0,0,0,0,0,0,"","","","","",""
3171,Ujjani Dam Rain Gauge,Maharashtra SW,27,Maharashtra,496,Solapur,-,-,-,-,-,-,-,-,-,18.07402000,75.12002000,23-12-2024 22:00,0,0,0,0,0,0,0,0,0,0,0,0,0,0,0,0,0,0,0,0,0,0,0,0,0,0,0,0,0,0,0,0,0,0,0,0,0,0,0,0,0,0,0,0,"","","","","",""
3172,Ujjani Dam Rain Gauge,Maharashtra SW,27,Maharashtra,496,Solapur,-,-,-,-,-,-,-,-,-,18.07402000,75.12002000,23-12-2024 23:00,0,0,0,0,0,0,0,0,0,0,0,0,0,0,0,0,0,0,0,0,0,0,0,0,0,0,0,0,0,0,0,0,0,0,0,0,0,0,0,0,0,0,0,0,"","","","","",""
3173,Ujjani Dam Rain Gauge,Maharashtra SW,27,Maharashtra,496,Solapur,-,-,-,-,-,-,-,-,-,18.07402000,75.12002000,24-12-2024 00:00,0,0,0,0,0,0,0,0,0,0,0,0,0,0,0,0,0,0,0,0,0,0,0,0,0,0,0,0,0,0,0,0,0,0,0,0,0,0,0,0,0,0,0,0,"","","","","",""
3174,Ujjani Dam Rain Gauge,Maharashtra SW,27,Maharashtra,496,Solapur,-,-,-,-,-,-,-,-,-,18.07402000,75.12002000,24-12-2024 01:00,0,0,0,0,0,0,0,0,0,0,0,0,0,0,0,0,0,0,0,0,0,0,0,0,0,0,0,0,0,0,0,0,0,0,0,0,0,0,0,0,0,0,0,0,"","","","","",""
3175,Ujjani Dam Rain Gauge,Maharashtra SW,27,Maharashtra,496,Solapur,-,-,-,-,-,-,-,-,-,18.07402000,75.12002000,24-12-2024 03:00,0,0,0,0,0,0,0,0,0,0,0,0,0,0,0,0,0,0,0,0,0,0,0,0,0,0,0,0,0,0,0,0,0,0,0,0,0,0,0,0,0,0,0,0,"","","","","",""
3176,Ujjani Dam Rain Gauge,Maharashtra SW,27,Maharashtra,496,Solapur,-,-,-,-,-,-,-,-,-,18.07402000,75.12002000,24-12-2024 04:00,0,0,0,0,0,0,0,0,0,0,0,0,0,0,0,0,0,0,0,0,0,0,0,0,0,0,0,0,0,0,0,0,0,0,0,0,0,0,0,0,0,0,0,0,"","","","","",""
3177,Ujjani Dam Rain Gauge,Maharashtra SW,27,Maharashtra,496,Solapur,-,-,-,-,-,-,-,-,-,18.07402000,75.12002000,24-12-2024 05:00,0,0,0,0,0,0,0,0,0,0,0,0,0,0,0,0,0,0,0,0,0,0,0,0,0,0,0,0,0,0,0,0,0,0,0,0,0,0,0,0,0,0,0,0,"","","","","",""
3178,Ujjani Dam Rain Gauge,Maharashtra SW,27,Maharashtra,496,Solapur,-,-,-,-,-,-,-,-,-,18.07402000,75.12002000,24-12-2024 06:00,0,0,0,0,0,0,0,0,0,0,0,0,0,0,0,0,0,0,0,0,0,0,0,0,0,0,0,0,0,0,0,0,0,0,0,0,0,0,0,0,0,0,0,0,"","","","","",""
3179,Ujjani Dam Rain Gauge,Maharashtra SW,27,Maharashtra,496,Solapur,-,-,-,-,-,-,-,-,-,18.07402000,75.12002000,24-12-2024 07:00,0,0,0,0,0,0,0,0,0,0,0,0,0,0,0,0,0,0,0,0,0,0,0,0,0,0,0,0,0,0,0,0,0,0,0,0,0,0,0,0,0,0,0,0,"","","","","",""
3180,Ujjani Dam Rain Gauge,Maharashtra SW,27,Maharashtra,496,Solapur,-,-,-,-,-,-,-,-,-,18.07402000,75.12002000,24-12-2024 08:00,0,0,0,0,0,0,0,0,0,0,0,0,0,0,0,0,0,0,0,0,0,0,0,0,0,0,0,0,0,0,0,0,0,0,0,0,0,0,0,0,0,0,0,0,"","","","","",""
3181,Ujjani Dam Rain Gauge,Maharashtra SW,27,Maharashtra,496,Solapur,-,-,-,-,-,-,-,-,-,18.07402000,75.12002000,24-12-2024 09:00,0,0,0,0,0,0,0,0,0,0,0,0,0,0,0,0,0,0,0,0,0,0,0,0,0,0,0,0,0,0,0,0,0,0,0,0,0,0,0,0,0,0,0,0,"","","","","",""
3182,Ujjani Dam Rain Gauge,Maharashtra SW,27,Maharashtra,496,Solapur,-,-,-,-,-,-,-,-,-,18.07402000,75.12002000,24-12-2024 11:00,0,0,0,0,0,0,0,0,0,0,0,0,0,0,0,0,0,0,0,0,0,0,0,0,0,0,0,0,0,0,0,0,0,0,0,0,0,0,0,0,0,0,0,0,"","","","","",""
3183,Ujjani Dam Rain Gauge,Maharashtra SW,27,Maharashtra,496,Solapur,-,-,-,-,-,-,-,-,-,18.07402000,75.12002000,24-12-2024 12:00,0,0,0,0,0,0,0,0,0,0,0,0,0,0,0,0,0,0,0,0,0,0,0,0,0,0,0,0,0,0,0,0,0,0,0,0,0,0,0,0,0,0,0,0,"","","","","",""
3184,Ujjani Dam Rain Gauge,Maharashtra SW,27,Maharashtra,496,Solapur,-,-,-,-,-,-,-,-,-,18.07402000,75.12002000,24-12-2024 13:00,0,0,0,0,0,0,0,0,0,0,0,0,0,0,0,0,0,0,0,0,0,0,0,0,0,0,0,0,0,0,0,0,0,0,0,0,0,0,0,0,0,0,0,0,"","","","","",""
3185,Ujjani Dam Rain Gauge,Maharashtra SW,27,Maharashtra,496,Solapur,-,-,-,-,-,-,-,-,-,18.07402000,75.12002000,24-12-2024 14:00,0,0,0,0,0,0,0,0,0,0,0,0,0,0,0,0,0,0,0,0,0,0,0,0,0,0,0,0,0,0,0,0,0,0,0,0,0,0,0,0,0,0,0,0,"","","","","",""
3186,Ujjani Dam Rain Gauge,Maharashtra SW,27,Maharashtra,496,Solapur,-,-,-,-,-,-,-,-,-,18.07402000,75.12002000,24-12-2024 15:00,0,0,0,0,0,0,0,0,0,0,0,0,0,0,0,0,0,0,0,0,0,0,0,0,0,0,0,0,0,0,0,0,0,0,0,0,0,0,0,0,0,0,0,0,"","","","","",""
3187,Ujjani Dam Rain Gauge,Maharashtra SW,27,Maharashtra,496,Solapur,-,-,-,-,-,-,-,-,-,18.07402000,75.12002000,24-12-2024 16:00,0,0,0,0,0,0,0,0,0,0,0,0,0,0,0,0,0,0,0,0,0,0,0,0,0,0,0,0,0,0,0,0,0,0,0,0,0,0,0,0,0,0,0,0,"","","","","",""
3188,Ujjani Dam Rain Gauge,Maharashtra SW,27,Maharashtra,496,Solapur,-,-,-,-,-,-,-,-,-,18.07402000,75.12002000,24-12-2024 17:00,0,0,0,0,0,0,0,0,0,0,0,0,0,0,0,0,0,0,0,0,0,0,0,0,0,0,0,0,0,0,0,0,0,0,0,0,0,0,0,0,0,0,0,0,"","","","","",""
3189,Ujjani Dam Rain Gauge,Maharashtra SW,27,Maharashtra,496,Solapur,-,-,-,-,-,-,-,-,-,18.07402000,75.12002000,24-12-2024 19:00,0,0,0,0,0,0,0,0,0,0,0,0,0,0,0,0,0,0,0,0,0,0,0,0,0,0,0,0,0,0,0,0,0,0,0,0,0,0,0,0,0,0,0,0,"","","","","",""
3190,Ujjani Dam Rain Gauge,Maharashtra SW,27,Maharashtra,496,Solapur,-,-,-,-,-,-,-,-,-,18.07402000,75.12002000,24-12-2024 20:00,0,0,0,0,0,0,0,0,0,0,0,0,0,0,0,0,0,0,0,0,0,0,0,0,0,0,0,0,0,0,0,0,0,0,0,0,0,0,0,0,0,0,0,0,"","","","","",""
3191,Ujjani Dam Rain Gauge,Maharashtra SW,27,Maharashtra,496,Solapur,-,-,-,-,-,-,-,-,-,18.07402000,75.12002000,24-12-2024 21:00,0,0,0,0,0,0,0,0,0,0,0,0,0,0,0,0,0,0,0,0,0,0,0,0,0,0,0,0,0,0,0,0,0,0,0,0,0,0,0,0,0,0,0,0,"","","","","",""
3192,Ujjani Dam Rain Gauge,Maharashtra SW,27,Maharashtra,496,Solapur,-,-,-,-,-,-,-,-,-,18.07402000,75.12002000,24-12-2024 22:00,0,0,0,0,0,0,0,0,0,0,0,0,0,0,0,0,0,0,0,0,0,0,0,0,0,0,0,0,0,0,0,0,0,0,0,0,0,0,0,0,0,0,0,0,"","","","","",""
3193,Ujjani Dam Rain Gauge,Maharashtra SW,27,Maharashtra,496,Solapur,-,-,-,-,-,-,-,-,-,18.07402000,75.12002000,24-12-2024 23:00,0,0,0,0,0,0,0,0,0,0,0,0,0,0,0,0,0,0,0,0,0,0,0,0,0,0,0,0,0,0,0,0,0,0,0,0,0,0,0,0,0,0,0,0,"","","","","",""
3194,Ujjani Dam Rain Gauge,Maharashtra SW,27,Maharashtra,496,Solapur,-,-,-,-,-,-,-,-,-,18.07402000,75.12002000,25-12-2024 00:00,0,0,0,0,0,0,0,0,0,0,0,0,0,0,0,0,0,0,0,0,0,0,0,0,0,0,0,0,0,0,0,0,0,0,0,0,0,0,0,0,0,0,0,0,"","","","","",""
3195,Ujjani Dam Rain Gauge,Maharashtra SW,27,Maharashtra,496,Solapur,-,-,-,-,-,-,-,-,-,18.07402000,75.12002000,25-12-2024 01:00,0,0,0,0,0,0,0,0,0,0,0,0,0,0,0,0,0,0,0,0,0,0,0,0,0,0,0,0,0,0,0,0,0,0,0,0,0,0,0,0,0,0,0,0,"","","","","",""
3196,Ujjani Dam Rain Gauge,Maharashtra SW,27,Maharashtra,496,Solapur,-,-,-,-,-,-,-,-,-,18.07402000,75.12002000,25-12-2024 03:00,0,0,0,0,0,0,0,0,0,0,0,0,0,0,0,0,0,0,0,0,0,0,0,0,0,0,0,0,0,0,0,0,0,0,0,0,0,0,0,0,0,0,0,0,"","","","","",""
3197,Ujjani Dam Rain Gauge,Maharashtra SW,27,Maharashtra,496,Solapur,-,-,-,-,-,-,-,-,-,18.07402000,75.12002000,25-12-2024 04:00,0,0,0,0,0,0,0,0,0,0,0,0,0,0,0,0,0,0,0,0,0,0,0,0,0,0,0,0,0,0,0,0,0,0,0,0,0,0,0,0,0,0,0,0,"","","","","",""
3198,Ujjani Dam Rain Gauge,Maharashtra SW,27,Maharashtra,496,Solapur,-,-,-,-,-,-,-,-,-,18.07402000,75.12002000,25-12-2024 05:00,0,0,0,0,0,0,0,0,0,0,0,0,0,0,0,0,0,0,0,0,0,0,0,0,0,0,0,0,0,0,0,0,0,0,0,0,0,0,0,0,0,0,0,0,"","","","","",""
3199,Ujjani Dam Rain Gauge,Maharashtra SW,27,Maharashtra,496,Solapur,-,-,-,-,-,-,-,-,-,18.07402000,75.12002000,25-12-2024 06:00,0,0,0,0,0,0,0,0,0,0,0,0,0,0,0,0,0,0,0,0,0,0,0,0,0,0,0,0,0,0,0,0,0,0,0,0,0,0,0,0,0,0,0,0,"","","","","",""
3200,Ujjani Dam Rain Gauge,Maharashtra SW,27,Maharashtra,496,Solapur,-,-,-,-,-,-,-,-,-,18.07402000,75.12002000,25-12-2024 07:00,0,0,0,0,0,0,0,0,0,0,0,0,0,0,0,0,0,0,0,0,0,0,0,0,0,0,0,0,0,0,0,0,0,0,0,0,0,0,0,0,0,0,0,0,"","","","","",""
3201,Ujjani Dam Rain Gauge,Maharashtra SW,27,Maharashtra,496,Solapur,-,-,-,-,-,-,-,-,-,18.07402000,75.12002000,25-12-2024 08:00,0,0,0,0,0,0,0,0,0,0,0,0,0,0,0,0,0,0,0,0,0,0,0,0,0,0,0,0,0,0,0,0,0,0,0,0,0,0,0,0,0,0,0,0,"","","","","",""
3202,Ujjani Dam Rain Gauge,Maharashtra SW,27,Maharashtra,496,Solapur,-,-,-,-,-,-,-,-,-,18.07402000,75.12002000,25-12-2024 10:00,0,0,0,0,0,0,0,0,0,0,0,0,0,0,0,0,0,0,0,0,0,0,0,0,0,0,0,0,0,0,0,0,0,0,0,0,0,0,0,0,0,0,0,0,"","","","","",""
3203,Ujjani Dam Rain Gauge,Maharashtra SW,27,Maharashtra,496,Solapur,-,-,-,-,-,-,-,-,-,18.07402000,75.12002000,25-12-2024 11:00,0,0,0,0,0,0,0,0,0,0,0,0,0,0,0,0,0,0,0,0,0,0,0,0,0,0,0,0,0,0,0,0,0,0,0,0,0,0,0,0,0,0,0,0,"","","","","",""
3204,Ujjani Dam Rain Gauge,Maharashtra SW,27,Maharashtra,496,Solapur,-,-,-,-,-,-,-,-,-,18.07402000,75.12002000,25-12-2024 12:00,0,0,0,0,0,0,0,0,0,0,0,0,0,0,0,0,0,0,0,0,0,0,0,0,0,0,0,0,0,0,0,0,0,0,0,0,0,0,0,0,0,0,0,0,"","","","","",""
3205,Ujjani Dam Rain Gauge,Maharashtra SW,27,Maharashtra,496,Solapur,-,-,-,-,-,-,-,-,-,18.07402000,75.12002000,25-12-2024 13:00,0,0,0,0,0,0,0,0,0,0,0,0,0,0,0,0,0,0,0,0,0,0,0,0,0,0,0,0,0,0,0,0,0,0,0,0,0,0,0,0,0,0,0,0,"","","","","",""
3206,Ujjani Dam Rain Gauge,Maharashtra SW,27,Maharashtra,496,Solapur,-,-,-,-,-,-,-,-,-,18.07402000,75.12002000,25-12-2024 14:00,0,0,0,0,0,0,0,0,0,0,0,0,0,0,0,0,0,0,0,0,0,0,0,0,0,0,0,0,0,0,0,0,0,0,0,0,0,0,0,0,0,0,0,0,"","","","","",""
3207,Ujjani Dam Rain Gauge,Maharashtra SW,27,Maharashtra,496,Solapur,-,-,-,-,-,-,-,-,-,18.07402000,75.12002000,25-12-2024 15:00,0,0,0,0,0,0,0,0,0,0,0,0,0,0,0,0,0,0,0,0,0,0,0,0,0,0,0,0,0,0,0,0,0,0,0,0,0,0,0,0,0,0,0,0,"","","","","",""
3208,Ujjani Dam Rain Gauge,Maharashtra SW,27,Maharashtra,496,Solapur,-,-,-,-,-,-,-,-,-,18.07402000,75.12002000,25-12-2024 16:00,0,0,0,0,0,0,0,0,0,0,0,0,0,0,0,0,0,0,0,0,0,0,0,0,0,0,0,0,0,0,0,0,0,0,0,0,0,0,0,0,0,0,0,0,"","","","","",""
3209,Ujjani Dam Rain Gauge,Maharashtra SW,27,Maharashtra,496,Solapur,-,-,-,-,-,-,-,-,-,18.07402000,75.12002000,25-12-2024 18:00,0,0,0,0,0,0,0,0,0,0,0,0,0,0,0,0,0,0,0,0,0,0,0,0,0,0,0,0,0,0,0,0,0,0,0,0,0,0,0,0,0,0,0,0,"","","","","",""
3210,Ujjani Dam Rain Gauge,Maharashtra SW,27,Maharashtra,496,Solapur,-,-,-,-,-,-,-,-,-,18.07402000,75.12002000,25-12-2024 19:00,0,0,0,0,0,0,0,0,0,0,0,0,0,0,0,0,0,0,0,0,0,0,0,0,0,0,0,0,0,0,0,0,0,0,0,0,0,0,0,0,0,0,0,0,"","","","","",""
3211,Ujjani Dam Rain Gauge,Maharashtra SW,27,Maharashtra,496,Solapur,-,-,-,-,-,-,-,-,-,18.07402000,75.12002000,25-12-2024 20:00,0,0,0,0,0,0,0,0,0,0,0,0,0,0,0,0,0,0,0,0,0,0,0,0,0,0,0,0,0,0,0,0,0,0,0,0,0,0,0,0,0,0,0,0,"","","","","",""
3212,Ujjani Dam Rain Gauge,Maharashtra SW,27,Maharashtra,496,Solapur,-,-,-,-,-,-,-,-,-,18.07402000,75.12002000,25-12-2024 21:00,0,0,0,0,0,0,0,0,0,0,0,0,0,0,0,0,0,0,0,0,0,0,0,0,0,0,0,0,0,0,0,0,0,0,0,0,0,0,0,0,0,0,0,0,"","","","","",""
3213,Ujjani Dam Rain Gauge,Maharashtra SW,27,Maharashtra,496,Solapur,-,-,-,-,-,-,-,-,-,18.07402000,75.12002000,25-12-2024 22:00,0,0,0,0,0,0,0,0,0,0,0,0,0,0,0,0,0,0,0,0,0,0,0,0,0,0,0,0,0,0,0,0,0,0,0,0,0,0,0,0,0,0,0,0,"","","","","",""
3214,Ujjani Dam Rain Gauge,Maharashtra SW,27,Maharashtra,496,Solapur,-,-,-,-,-,-,-,-,-,18.07402000,75.12002000,25-12-2024 23:00,0,0,0,0,0,0,0,0,0,0,0,0,0,0,0,0,0,0,0,0,0,0,0,0,0,0,0,0,0,0,0,0,0,0,0,0,0,0,0,0,0,0,0,0,"","","","","",""
3215,Ujjani Dam Rain Gauge,Maharashtra SW,27,Maharashtra,496,Solapur,-,-,-,-,-,-,-,-,-,18.07402000,75.12002000,26-12-2024 00:00,0,0,0,0,0,0,0,0,0,0,0,0,0,0,0,0,0,0,0,0,0,0,0,0,0,0,0,0,0,0,0,0,0,0,0,0,0,0,0,0,0,0,0,0,"","","","","",""
3216,Ujjani Dam Rain Gauge,Maharashtra SW,27,Maharashtra,496,Solapur,-,-,-,-,-,-,-,-,-,18.07402000,75.12002000,26-12-2024 02:00,0,0,0,0,0,0,0,0,0,0,0,0,0,0,0,0,0,0,0,0,0,0,0,0,0,0,0,0,0,0,0,0,0,0,0,0,0,0,0,0,0,0,0,0,"","","","","",""
3217,Ujjani Dam Rain Gauge,Maharashtra SW,27,Maharashtra,496,Solapur,-,-,-,-,-,-,-,-,-,18.07402000,75.12002000,26-12-2024 03:00,0,0,0,0,0,0,0,0,0,0,0,0,0,0,0,0,0,0,0,0,0,0,0,0,0,0,0,0,0,0,0,0,0,0,0,0,0,0,0,0,0,0,0,0,"","","","","",""
3218,Ujjani Dam Rain Gauge,Maharashtra SW,27,Maharashtra,496,Solapur,-,-,-,-,-,-,-,-,-,18.07402000,75.12002000,26-12-2024 04:00,0,0,0,0,0,0,0,0,0,0,0,0,0,0,0,0,0,0,0,0,0,0,0,0,0,0,0,0,0,0,0,0,0,0,0,0,0,0,0,0,0,0,0,0,"","","","","",""
3219,Ujjani Dam Rain Gauge,Maharashtra SW,27,Maharashtra,496,Solapur,-,-,-,-,-,-,-,-,-,18.07402000,75.12002000,26-12-2024 05:00,0,0,0,0,0,0,0,0,0,0,0,0,0,0,0,0,0,0,0,0,0,0,0,0,0,0,0,0,0,0,0,0,0,0,0,0,0,0,0,0,0,0,0,0,"","","","","",""
3220,Ujjani Dam Rain Gauge,Maharashtra SW,27,Maharashtra,496,Solapur,-,-,-,-,-,-,-,-,-,18.07402000,75.12002000,26-12-2024 06:00,0,0,0,0,0,0,0,0,0,0,0,0,0,0,0,0,0,0,0,0,0,0,0,0,0,0,0,0,0,0,0,0,0,0,0,0,0,0,0,0,0,0,0,0,"","","","","",""
3221,Ujjani Dam Rain Gauge,Maharashtra SW,27,Maharashtra,496,Solapur,-,-,-,-,-,-,-,-,-,18.07402000,75.12002000,26-12-2024 07:00,0,0,0,0,0,0,0,0,0,0,0,0,0,0,0,0,0,0,0,0,0,0,0,0,0,0,0,0,0,0,0,0,0,0,0,0,0,0,0,0,0,0,0,0,"","","","","",""
3222,Ujjani Dam Rain Gauge,Maharashtra SW,27,Maharashtra,496,Solapur,-,-,-,-,-,-,-,-,-,18.07402000,75.12002000,26-12-2024 08:00,0,0,0,0,0,0,0,0,0,0,0,0,0,0,0,0,0,0,0,0,0,0,0,0,0,0,0,0,0,0,0,0,0,0,0,0,0,0,0,0,0,0,0,0,"","","","","",""
3223,Ujjani Dam Rain Gauge,Maharashtra SW,27,Maharashtra,496,Solapur,-,-,-,-,-,-,-,-,-,18.07402000,75.12002000,26-12-2024 10:00,0,0,0,0,0,0,0,0,0,0,0,0,0,0,0,0,0,0,0,0,0,0,0,0,0,0,0,0,0,0,0,0,0,0,0,0,0,0,0,0,0,0,0,0,"","","","","",""
3224,Ujjani Dam Rain Gauge,Maharashtra SW,27,Maharashtra,496,Solapur,-,-,-,-,-,-,-,-,-,18.07402000,75.12002000,26-12-2024 11:00,0,0,0,0,0,0,0,0,0,0,0,0,0,0,0,0,0,0,0,0,0,0,0,0,0,0,0,0,0,0,0,0,0,0,0,0,0,0,0,0,0,0,0,0,"","","","","",""
3225,Ujjani Dam Rain Gauge,Maharashtra SW,27,Maharashtra,496,Solapur,-,-,-,-,-,-,-,-,-,18.07402000,75.12002000,26-12-2024 12:00,0,0,0,0,0,0,0,0,0,0,0,0,0,0,0,0,0,0,0,0,0,0,0,0,0,0,0,0,0,0,0,0,0,0,0,0,0,0,0,0,0,0,0,0,"","","","","",""
3226,Ujjani Dam Rain Gauge,Maharashtra SW,27,Maharashtra,496,Solapur,-,-,-,-,-,-,-,-,-,18.07402000,75.12002000,26-12-2024 13:00,0,0,0,0,0,0,0,0,0,0,0,0,0,0,0,0,0,0,0,0,0,0,0,0,0,0,0,0,0,0,0,0,0,0,0,0,0,0,0,0,0,0,0,0,"","","","","",""
3227,Ujjani Dam Rain Gauge,Maharashtra SW,27,Maharashtra,496,Solapur,-,-,-,-,-,-,-,-,-,18.07402000,75.12002000,26-12-2024 14:00,0,0,0,0,0,0,0,0,0,0,0,0,0,0,0,0,0,0,0,0,0,0,0,0,0,0,0,0,0,0,0,0,0,0,0,0,0,0,0,0,0,0,0,0,"","","","","",""
3228,Ujjani Dam Rain Gauge,Maharashtra SW,27,Maharashtra,496,Solapur,-,-,-,-,-,-,-,-,-,18.07402000,75.12002000,26-12-2024 15:00,0,0,0,0,0,0,0,0,0,0,0,0,0,0,0,0,0,0,0,0,0,0,0,0,0,0,0,0,0,0,0,0,0,0,0,0,0,0,0,0,0,0,0,0,"","","","","",""
3229,Ujjani Dam Rain Gauge,Maharashtra SW,27,Maharashtra,496,Solapur,-,-,-,-,-,-,-,-,-,18.07402000,75.12002000,26-12-2024 16:00,0,0,0,0,0,0,0,0,0,0,0,0,0,0,0,0,0,0,0,0,0,0,0,0,0,0,0,0,0,0,0,0,0,0,0,0,0,0,0,0,0,0,0,0,"","","","","",""
3230,Ujjani Dam Rain Gauge,Maharashtra SW,27,Maharashtra,496,Solapur,-,-,-,-,-,-,-,-,-,18.07402000,75.12002000,26-12-2024 18:00,0,0,0,0,0,0,0,0,0,0,0,0,0,0,0,0,0,0,0,0,0,0,0,0,0,0,0,0,0,0,0,0,0,0,0,0,0,0,0,0,0,0,0,0,"","","","","",""
3231,Ujjani Dam Rain Gauge,Maharashtra SW,27,Maharashtra,496,Solapur,-,-,-,-,-,-,-,-,-,18.07402000,75.12002000,26-12-2024 19:00,0,0,0,0,0,0,0,0,0,0,0,0,0,0,0,0,0,0,0,0,0,0,0,0,0,0,0,0,0,0,0,0,0,0,0,0,0,0,0,0,0,0,0,0,"","","","","",""
3232,Ujjani Dam Rain Gauge,Maharashtra SW,27,Maharashtra,496,Solapur,-,-,-,-,-,-,-,-,-,18.07402000,75.12002000,26-12-2024 20:00,0,0,0,0,0,0,0,0,0,0,0,0,0,0,0,0,0,0,0,0,0,0,0,0,0,0,0,0,0,0,0,0,0,0,0,0,0,0,0,0,0,0,0,0,"","","","","",""
3233,Ujjani Dam Rain Gauge,Maharashtra SW,27,Maharashtra,496,Solapur,-,-,-,-,-,-,-,-,-,18.07402000,75.12002000,26-12-2024 21:00,0,0,0,0,0,0,0,0,0,0,0,0,0,0,0,0,0,0,0,0,0,0,0,0,0,0,0,0,0,0,0,0,0,0,0,0,0,0,0,0,0,0,0,0,"","","","","",""
3234,Ujjani Dam Rain Gauge,Maharashtra SW,27,Maharashtra,496,Solapur,-,-,-,-,-,-,-,-,-,18.07402000,75.12002000,26-12-2024 22:00,0,0,0,0,0,0,0,0,0,0,0,0,0,0,0,0,0,0,0,0,0,0,0,0,0,0,0,0,0,0,0,0,0,0,0,0,0,0,0,0,0,0,0,0,"","","","","",""
3235,Ujjani Dam Rain Gauge,Maharashtra SW,27,Maharashtra,496,Solapur,-,-,-,-,-,-,-,-,-,18.07402000,75.12002000,26-12-2024 23:00,0,0,0,0,0,0,0,0,0,0,0,0,0,0,0,0,0,0,0,0,0,0,0,0,0,0,0,0,0,0,0,0,0,0,0,0,0,0,0,0,0,0,0,0,"","","","","",""
3236,Ujjani Dam Rain Gauge,Maharashtra SW,27,Maharashtra,496,Solapur,-,-,-,-,-,-,-,-,-,18.07402000,75.12002000,27-12-2024 01:00,0,0,0,0,0,0,0,0,0,0,0,0,0,0,0,0,0,0,0,0,0,0,0,0,0,0,0,0,0,0,0,0,0,0,0,0,0,0,0,0,0,0,0,0,"","","","","",""
3237,Ujjani Dam Rain Gauge,Maharashtra SW,27,Maharashtra,496,Solapur,-,-,-,-,-,-,-,-,-,18.07402000,75.12002000,27-12-2024 02:00,0,0,0,0,0,0,0,0,0,0,0,0,0,0,0,0,0,0,0,0,0,0,0,0,0,0,0,0,0,0,0,0,0,0,0,0,0,0,0,0,0,0,0,0,"","","","","",""
3238,Ujjani Dam Rain Gauge,Maharashtra SW,27,Maharashtra,496,Solapur,-,-,-,-,-,-,-,-,-,18.07402000,75.12002000,27-12-2024 03:00,0,0,0,0,0,0,0,0,0,0,0,0,0,0,0,0,0,0,0,0,0,0,0,0,0,0,0,0,0,0,0,0,0,0,0,0,0,0,0,0,0,0,0,0,"","","","","",""
3239,Ujjani Dam Rain Gauge,Maharashtra SW,27,Maharashtra,496,Solapur,-,-,-,-,-,-,-,-,-,18.07402000,75.12002000,27-12-2024 04:00,0,0,0,0,0,0,0,0,0,0,0,0,0,0,0,0,0,0,0,0,0,0,0,0,0,0,0,0,0,0,0,0,0,0,0,0,0,0,0,0,0,0,0,0,"","","","","",""
3240,Ujjani Dam Rain Gauge,Maharashtra SW,27,Maharashtra,496,Solapur,-,-,-,-,-,-,-,-,-,18.07402000,75.12002000,27-12-2024 05:00,0,0,0,0,0,0,0,0,0,0,0,0,0,0,0,0,0,0,0,0,0,0,0,0,0,0,0,0,0,0,0,0,0,0,0,0,0,0,0,0,0,0,0,0,"","","","","",""
3241,Ujjani Dam Rain Gauge,Maharashtra SW,27,Maharashtra,496,Solapur,-,-,-,-,-,-,-,-,-,18.07402000,75.12002000,27-12-2024 06:00,0,0,0,0,0,0,0,0,0,0,0,0,0,0,0,0,0,0,0,0,0,0,0,0,0,0,0,0,0,0,0,0,0,0,0,0,0,0,0,0,0,0,0,0,"","","","","",""
3242,Ujjani Dam Rain Gauge,Maharashtra SW,27,Maharashtra,496,Solapur,-,-,-,-,-,-,-,-,-,18.07402000,75.12002000,27-12-2024 07:00,0,0,0,0,0,0,0,0,0,0,0,0,0,0,0,0,0,0,0,0,0,0,0,0,0,0,0,0,0,0,0,0,0,0,0,0,0,0,0,0,0,0,0,0,"","","","","",""
3243,Ujjani Dam Rain Gauge,Maharashtra SW,27,Maharashtra,496,Solapur,-,-,-,-,-,-,-,-,-,18.07402000,75.12002000,27-12-2024 09:00,0,0,0,0,0,0,0,0,0,0,0,0,0,0,0,0,0,0,0,0,0,0,0,0,0,0,0,0,0,0,0,0,0,0,0,0,0,0,0,0,0,0,0,0,"","","","","",""
3244,Ujjani Dam Rain Gauge,Maharashtra SW,27,Maharashtra,496,Solapur,-,-,-,-,-,-,-,-,-,18.07402000,75.12002000,27-12-2024 10:00,0,0,0,0,0,0,0,0,0,0,0,0,0,0,0,0,0,0,0,0,0,0,0,0,0,0,0,0,0,0,0,0,0,0,0,0,0,0,0,0,0,0,0,0,"","","","","",""
3245,Ujjani Dam Rain Gauge,Maharashtra SW,27,Maharashtra,496,Solapur,-,-,-,-,-,-,-,-,-,18.07402000,75.12002000,27-12-2024 11:00,0,0,0,0,0,0,0,0,0,0,0,0,0,0,0,0,0,0,0,0,0,0,0,0,0,0,0,0,0,0,0,0,0,0,0,0,0,0,0,0,0,0,0,0,"","","","","",""
3246,Ujjani Dam Rain Gauge,Maharashtra SW,27,Maharashtra,496,Solapur,-,-,-,-,-,-,-,-,-,18.07402000,75.12002000,27-12-2024 12:00,0,0,0,0,0,0,0,0,0,0,0,0,0,0,0,0,0,0,0,0,0,0,0,0,0,0,0,0,0,0,0,0,0,0,0,0,0,0,0,0,0,0,0,0,"","","","","",""
3247,Ujjani Dam Rain Gauge,Maharashtra SW,27,Maharashtra,496,Solapur,-,-,-,-,-,-,-,-,-,18.07402000,75.12002000,27-12-2024 13:00,0,0,0,0,0,0,0,0,0,0,0,0,0,0,0,0,0,0,0,0,0,0,0,0,0,0,0,0,0,0,0,0,0,0,0,0,0,0,0,0,0,0,0,0,"","","","","",""
3248,Ujjani Dam Rain Gauge,Maharashtra SW,27,Maharashtra,496,Solapur,-,-,-,-,-,-,-,-,-,18.07402000,75.12002000,27-12-2024 14:00,0,0,0,0,0,0,0,0,0,0,0,0,0,0,0,0,0,0,0,0,0,0,0,0,0,0,0,0,0,0,0,0,0,0,0,0,0,0,0,0,0,0,0,0,"","","","","",""
3249,Ujjani Dam Rain Gauge,Maharashtra SW,27,Maharashtra,496,Solapur,-,-,-,-,-,-,-,-,-,18.07402000,75.12002000,27-12-2024 15:00,0,0,0,0,0,0,0,0,0,0,0,0,0,0,0,0,0,0,0,0,0,0,0,0,0,0,0,0,0,0,0,0,0,0,0,0,0,0,0,0,0,0,0,0,"","","","","",""
3250,Ujjani Dam Rain Gauge,Maharashtra SW,27,Maharashtra,496,Solapur,-,-,-,-,-,-,-,-,-,18.07402000,75.12002000,27-12-2024 17:00,0,0,0,0,0,0,0,0,0,0,0,0,0,0,0,0,0,0,0,0,0,0,0,0,0,0,0,0,0,0,0,0,0,0,0,0,0,0,0,0,0,0,0,0,"","","","","",""
3251,Ujjani Dam Rain Gauge,Maharashtra SW,27,Maharashtra,496,Solapur,-,-,-,-,-,-,-,-,-,18.07402000,75.12002000,27-12-2024 18:00,0,0,0,0,0,0,0,0,0,0,0,0,0,0,0,0,0,0,0,0,0,0,0,0,0,0,0,0,0,0,0,0,0,0,0,0,0,0,0,0,0,0,0,0,"","","","","",""
3252,Ujjani Dam Rain Gauge,Maharashtra SW,27,Maharashtra,496,Solapur,-,-,-,-,-,-,-,-,-,18.07402000,75.12002000,27-12-2024 19:00,0,0,0,0,0,0,0,0,0,0,0,0,0,0,0,0,0,0,0,0,0,0,0,0,0,0,0,0,0,0,0,0,0,0,0,0,0,0,0,0,0,0,0,0,"","","","","",""
3253,Ujjani Dam Rain Gauge,Maharashtra SW,27,Maharashtra,496,Solapur,-,-,-,-,-,-,-,-,-,18.07402000,75.12002000,27-12-2024 20:00,0,0,0,0,0,0,0,0,0,0,0,0,0,0,0,0,0,0,0,0,0,0,0,0,0,0,0,0,0,0,0,0,0,0,0,0,0,0,0,0,0,0,0,0,"","","","","",""
3254,Ujjani Dam Rain Gauge,Maharashtra SW,27,Maharashtra,496,Solapur,-,-,-,-,-,-,-,-,-,18.07402000,75.12002000,27-12-2024 21:00,0,0,0,0,0,0,0,0,0,0,0,0,0,0,0,0,0,0,0,0,0,0,0,0,0,0,0,0,0,0,0,0,0,0,0,0,0,0,0,0,0,0,0,0,"","","","","",""
3255,Ujjani Dam Rain Gauge,Maharashtra SW,27,Maharashtra,496,Solapur,-,-,-,-,-,-,-,-,-,18.07402000,75.12002000,27-12-2024 22:00,0,0,0,0,0,0,0,0,0,0,0,0,0,0,0,0,0,0,0,0,0,0,0,0,0,0,0,0,0,0,0,0,0,0,0,0,0,0,0,0,0,0,0,0,"","","","","",""
3256,Ujjani Dam Rain Gauge,Maharashtra SW,27,Maharashtra,496,Solapur,-,-,-,-,-,-,-,-,-,18.07402000,75.12002000,27-12-2024 23:00,0,0,0,0,0,0,0,0,0,0,0,0,0,0,0,0,0,0,0,0,0,0,0,0,0,0,0,0,0,0,0,0,0,0,0,0,0,0,0,0,0,0,0,0,"","","","","",""
3257,Ujjani Dam Rain Gauge,Maharashtra SW,27,Maharashtra,496,Solapur,-,-,-,-,-,-,-,-,-,18.07402000,75.12002000,28-12-2024 01:00,0,0,0,0,0,0,0,0,0,0,0,0,0,0,0,0,0,0,0,0,0,0,0,0,0,0,0,0,0,0,0,0,0,0,0,0,0,0,0,0,0,0,0,0,"","","","","",""
3258,Ujjani Dam Rain Gauge,Maharashtra SW,27,Maharashtra,496,Solapur,-,-,-,-,-,-,-,-,-,18.07402000,75.12002000,28-12-2024 02:00,0,0,0,0,0,0,0,0,0,0,0,0,0,0,0,0,0,0,0,0,0,0,0,0,0,0,0,0,0,0,0,0,0,0,0,0,0,0,0,0,0,0,0,0,"","","","","",""
3259,Ujjani Dam Rain Gauge,Maharashtra SW,27,Maharashtra,496,Solapur,-,-,-,-,-,-,-,-,-,18.07402000,75.12002000,28-12-2024 03:00,0,0,0,0,0,0,0,0,0,0,0,0,0,0,0,0,0,0,0,0,0,0,0,0,0,0,0,0,0,0,0,0,0,0,0,0,0,0,0,0,0,0,0,0,"","","","","",""
3260,Ujjani Dam Rain Gauge,Maharashtra SW,27,Maharashtra,496,Solapur,-,-,-,-,-,-,-,-,-,18.07402000,75.12002000,28-12-2024 04:00,0,0,0,0,0,0,0,0,0,0,0,0,0,0,0,0,0,0,0,0,0,0,0,0,0,0,0,0,0,0,0,0,0,0,0,0,0,0,0,0,0,0,0,0,"","","","","",""
3261,Ujjani Dam Rain Gauge,Maharashtra SW,27,Maharashtra,496,Solapur,-,-,-,-,-,-,-,-,-,18.07402000,75.12002000,28-12-2024 05:00,0,0,0,0,0,0,0,0,0,0,0,0,0,0,0,0,0,0,0,0,0,0,0,0,0,0,0,0,0,0,0,0,0,0,0,0,0,0,0,0,0,0,0,0,"","","","","",""
3262,Ujjani Dam Rain Gauge,Maharashtra SW,27,Maharashtra,496,Solapur,-,-,-,-,-,-,-,-,-,18.07402000,75.12002000,28-12-2024 07:00,0,0,0,0,0,0,0,0,0,0,0,0,0,0,0,0,0,0,0,0,0,0,0,0,0,0,0,0,0,0,0,0,0,0,0,0,0,0,0,0,0,0,0,0,"","","","","",""
3263,Ujjani Dam Rain Gauge,Maharashtra SW,27,Maharashtra,496,Solapur,-,-,-,-,-,-,-,-,-,18.07402000,75.12002000,28-12-2024 08:00,0,0,0,0,0,0,0,0,0,0,0,0,0,0,0,0,0,0,0,0,0,0,0,0,0,0,0,0,0,0,0,0,0,0,0,0,0,0,0,0,0,0,0,0,"","","","","",""
3264,Ujjani Dam Rain Gauge,Maharashtra SW,27,Maharashtra,496,Solapur,-,-,-,-,-,-,-,-,-,18.07402000,75.12002000,28-12-2024 09:00,0,0,0,0,0,0,0,0,0,0,0,0,0,0,0,0,0,0,0,0,0,0,0,0,0,0,0,0,0,0,0,0,0,0,0,0,0,0,0,0,0,0,0,0,"","","","","",""
3265,Ujjani Dam Rain Gauge,Maharashtra SW,27,Maharashtra,496,Solapur,-,-,-,-,-,-,-,-,-,18.07402000,75.12002000,28-12-2024 10:00,0,0,0,0,0,0,0,0,0,0,0,0,0,0,0,0,0,0,0,0,0,0,0,0,0,0,0,0,0,0,0,0,0,0,0,0,0,0,0,0,0,0,0,0,"","","","","",""
3266,Ujjani Dam Rain Gauge,Maharashtra SW,27,Maharashtra,496,Solapur,-,-,-,-,-,-,-,-,-,18.07402000,75.12002000,28-12-2024 11:00,0,0,0,0,0,0,0,0,0,0,0,0,0,0,0,0,0,0,0,0,0,0,0,0,0,0,0,0,0,0,0,0,0,0,0,0,0,0,0,0,0,0,0,0,"","","","","",""
3267,Ujjani Dam Rain Gauge,Maharashtra SW,27,Maharashtra,496,Solapur,-,-,-,-,-,-,-,-,-,18.07402000,75.12002000,28-12-2024 12:00,0,0,0,0,0,0,0,0,0,0,0,0,0,0,0,0,0,0,0,0,0,0,0,0,0,0,0,0,0,0,0,0,0,0,0,0,0,0,0,0,0,0,0,0,"","","","","",""
3268,Ujjani Dam Rain Gauge,Maharashtra SW,27,Maharashtra,496,Solapur,-,-,-,-,-,-,-,-,-,18.07402000,75.12002000,28-12-2024 13:00,0,0,0,0,0,0,0,0,0,0,0,0,0,0,0,0,0,0,0,0,0,0,0,0,0,0,0,0,0,0,0,0,0,0,0,0,0,0,0,0,0,0,0,0,"","","","","",""
3269,Ujjani Dam Rain Gauge,Maharashtra SW,27,Maharashtra,496,Solapur,-,-,-,-,-,-,-,-,-,18.07402000,75.12002000,28-12-2024 14:00,0,0,0,0,0,0,0,0,0,0,0,0,0,0,0,0,0,0,0,0,0,0,0,0,0,0,0,0,0,0,0,0,0,0,0,0,0,0,0,0,0,0,0,0,"","","","","",""
3270,Ujjani Dam Rain Gauge,Maharashtra SW,27,Maharashtra,496,Solapur,-,-,-,-,-,-,-,-,-,18.07402000,75.12002000,28-12-2024 16:00,0,0,0,0,0,0,0,0,0,0,0,0,0,0,0,0,0,0,0,0,0,0,0,0,0,0,0,0,0,0,0,0,0,0,0,0,0,0,0,0,0,0,0,0,"","","","","",""
3271,Ujjani Dam Rain Gauge,Maharashtra SW,27,Maharashtra,496,Solapur,-,-,-,-,-,-,-,-,-,18.07402000,75.12002000,28-12-2024 17:00,0,0,0,0,0,0,0,0,0,0,0,0,0,0,0,0,0,0,0,0,0,0,0,0,0,0,0,0,0,0,0,0,0,0,0,0,0,0,0,0,0,0,0,0,"","","","","",""
3272,Ujjani Dam Rain Gauge,Maharashtra SW,27,Maharashtra,496,Solapur,-,-,-,-,-,-,-,-,-,18.07402000,75.12002000,28-12-2024 18:00,0,0,0,0,0,0,0,0,0,0,0,0,0,0,0,0,0,0,0,0,0,0,0,0,0,0,0,0,0,0,0,0,0,0,0,0,0,0,0,0,0,0,0,0,"","","","","",""
3273,Ujjani Dam Rain Gauge,Maharashtra SW,27,Maharashtra,496,Solapur,-,-,-,-,-,-,-,-,-,18.07402000,75.12002000,28-12-2024 19:00,0,0,0,0,0,0,0,0,0,0,0,0,0,0,0,0,0,0,0,0,0,0,0,0,0,0,0,0,0,0,0,0,0,0,0,0,0,0,0,0,0,0,0,0,"","","","","",""
3274,Ujjani Dam Rain Gauge,Maharashtra SW,27,Maharashtra,496,Solapur,-,-,-,-,-,-,-,-,-,18.07402000,75.12002000,28-12-2024 20:00,0,0,0,0,0,0,0,0,0,0,0,0,0,0,0,0,0,0,0,0,0,0,0,0,0,0,0,0,0,0,0,0,0,0,0,0,0,0,0,0,0,0,0,0,"","","","","",""
3275,Ujjani Dam Rain Gauge,Maharashtra SW,27,Maharashtra,496,Solapur,-,-,-,-,-,-,-,-,-,18.07402000,75.12002000,28-12-2024 21:00,0,0,0,0,0,0,0,0,0,0,0,0,0,0,0,0,0,0,0,0,0,0,0,0,0,0,0,0,0,0,0,0,0,0,0,0,0,0,0,0,0,0,0,0,"","","","","",""
3276,Ujjani Dam Rain Gauge,Maharashtra SW,27,Maharashtra,496,Solapur,-,-,-,-,-,-,-,-,-,18.07402000,75.12002000,28-12-2024 22:00,0,0,0,0,0,0,0,0,0,0,0,0,0,0,0,0,0,0,0,0,0,0,0,0,0,0,0,0,0,0,0,0,0,0,0,0,0,0,0,0,0,0,0,0,"","","","","",""
3277,Ujjani Dam Rain Gauge,Maharashtra SW,27,Maharashtra,496,Solapur,-,-,-,-,-,-,-,-,-,18.07402000,75.12002000,28-12-2024 23:00,0,0,0,0,0,0,0,0,0,0,0,0,0,0,0,0,0,0,0,0,0,0,0,0,0,0,0,0,0,0,0,0,0,0,0,0,0,0,0,0,0,0,0,0,"","","","","",""
3278,Ujjani Dam Rain Gauge,Maharashtra SW,27,Maharashtra,496,Solapur,-,-,-,-,-,-,-,-,-,18.07402000,75.12002000,29-12-2024 01:00,0,0,0,0,0,0,0,0,0,0,0,0,0,0,0,0,0,0,0,0,0,0,0,0,0,0,0,0,0,0,0,0,0,0,0,0,0,0,0,0,0,0,0,0,"","","","","",""
3279,Ujjani Dam Rain Gauge,Maharashtra SW,27,Maharashtra,496,Solapur,-,-,-,-,-,-,-,-,-,18.07402000,75.12002000,29-12-2024 02:00,0,0,0,0,0,0,0,0,0,0,0,0,0,0,0,0,0,0,0,0,0,0,0,0,0,0,0,0,0,0,0,0,0,0,0,0,0,0,0,0,0,0,0,0,"","","","","",""
3280,Ujjani Dam Rain Gauge,Maharashtra SW,27,Maharashtra,496,Solapur,-,-,-,-,-,-,-,-,-,18.07402000,75.12002000,29-12-2024 03:00,0,0,0,0,0,0,0,0,0,0,0,0,0,0,0,0,0,0,0,0,0,0,0,0,0,0,0,0,0,0,0,0,0,0,0,0,0,0,0,0,0,0,0,0,"","","","","",""
3281,Ujjani Dam Rain Gauge,Maharashtra SW,27,Maharashtra,496,Solapur,-,-,-,-,-,-,-,-,-,18.07402000,75.12002000,29-12-2024 04:00,0,0,0,0,0,0,0,0,0,0,0,0,0,0,0,0,0,0,0,0,0,0,0,0,0,0,0,0,0,0,0,0,0,0,0,0,0,0,0,0,0,0,0,0,"","","","","",""
3282,Ujjani Dam Rain Gauge,Maharashtra SW,27,Maharashtra,496,Solapur,-,-,-,-,-,-,-,-,-,18.07402000,75.12002000,29-12-2024 05:00,0,0,0,0,0,0,0,0,0,0,0,0,0,0,0,0,0,0,0,0,0,0,0,0,0,0,0,0,0,0,0,0,0,0,0,0,0,0,0,0,0,0,0,0,"","","","","",""
3283,Ujjani Dam Rain Gauge,Maharashtra SW,27,Maharashtra,496,Solapur,-,-,-,-,-,-,-,-,-,18.07402000,75.12002000,29-12-2024 06:00,0,0,0,0,0,0,0,0,0,0,0,0,0,0,0,0,0,0,0,0,0,0,0,0,0,0,0,0,0,0,0,0,0,0,0,0,0,0,0,0,0,0,0,0,"","","","","",""
3284,Ujjani Dam Rain Gauge,Maharashtra SW,27,Maharashtra,496,Solapur,-,-,-,-,-,-,-,-,-,18.07402000,75.12002000,29-12-2024 07:00,0,0,0,0,0,0,0,0,0,0,0,0,0,0,0,0,0,0,0,0,0,0,0,0,0,0,0,0,0,0,0,0,0,0,0,0,0,0,0,0,0,0,0,0,"","","","","",""
3285,Ujjani Dam Rain Gauge,Maharashtra SW,27,Maharashtra,496,Solapur,-,-,-,-,-,-,-,-,-,18.07402000,75.12002000,29-12-2024 09:00,0,0,0,0,0,0,0,0,0,0,0,0,0,0,0,0,0,0,0,0,0,0,0,0,0,0,0,0,0,0,0,0,0,0,0,0,0,0,0,0,0,0,0,0,"","","","","",""
3286,Ujjani Dam Rain Gauge,Maharashtra SW,27,Maharashtra,496,Solapur,-,-,-,-,-,-,-,-,-,18.07402000,75.12002000,29-12-2024 10:00,0,0,0,0,0,0,0,0,0,0,0,0,0,0,0,0,0,0,0,0,0,0,0,0,0,0,0,0,0,0,0,0,0,0,0,0,0,0,0,0,0,0,0,0,"","","","","",""
3287,Ujjani Dam Rain Gauge,Maharashtra SW,27,Maharashtra,496,Solapur,-,-,-,-,-,-,-,-,-,18.07402000,75.12002000,29-12-2024 11:00,0,0,0,0,0,0,0,0,0,0,0,0,0,0,0,0,0,0,0,0,0,0,0,0,0,0,0,0,0,0,0,0,0,0,0,0,0,0,0,0,0,0,0,0,"","","","","",""
3288,Ujjani Dam Rain Gauge,Maharashtra SW,27,Maharashtra,496,Solapur,-,-,-,-,-,-,-,-,-,18.07402000,75.12002000,29-12-2024 12:00,0,0,0,0,0,0,0,0,0,0,0,0,0,0,0,0,0,0,0,0,0,0,0,0,0,0,0,0,0,0,0,0,0,0,0,0,0,0,0,0,0,0,0,0,"","","","","",""
3289,Ujjani Dam Rain Gauge,Maharashtra SW,27,Maharashtra,496,Solapur,-,-,-,-,-,-,-,-,-,18.07402000,75.12002000,29-12-2024 13:00,0,0,0,0,0,0,0,0,0,0,0,0,0,0,0,0,0,0,0,0,0,0,0,0,0,0,0,0,0,0,0,0,0,0,0,0,0,0,0,0,0,0,0,0,"","","","","",""
3290,Ujjani Dam Rain Gauge,Maharashtra SW,27,Maharashtra,496,Solapur,-,-,-,-,-,-,-,-,-,18.07402000,75.12002000,29-12-2024 14:00,0,0,0,0,0,0,0,0,0,0,0,0,0,0,0,0,0,0,0,0,0,0,0,0,0,0,0,0,0,0,0,0,0,0,0,0,0,0,0,0,0,0,0,0,"","","","","",""
3291,Ujjani Dam Rain Gauge,Maharashtra SW,27,Maharashtra,496,Solapur,-,-,-,-,-,-,-,-,-,18.07402000,75.12002000,29-12-2024 16:00,0,0,0,0,0,0,0,0,0,0,0,0,0,0,0,0,0,0,0,0,0,0,0,0,0,0,0,0,0,0,0,0,0,0,0,0,0,0,0,0,0,0,0,0,"","","","","",""
3292,Ujjani Dam Rain Gauge,Maharashtra SW,27,Maharashtra,496,Solapur,-,-,-,-,-,-,-,-,-,18.07402000,75.12002000,29-12-2024 17:00,0,0,0,0,0,0,0,0,0,0,0,0,0,0,0,0,0,0,0,0,0,0,0,0,0,0,0,0,0,0,0,0,0,0,0,0,0,0,0,0,0,0,0,0,"","","","","",""
3293,Ujjani Dam Rain Gauge,Maharashtra SW,27,Maharashtra,496,Solapur,-,-,-,-,-,-,-,-,-,18.07402000,75.12002000,29-12-2024 18:00,0,0,0,0,0,0,0,0,0,0,0,0,0,0,0,0,0,0,0,0,0,0,0,0,0,0,0,0,0,0,0,0,0,0,0,0,0,0,0,0,0,0,0,0,"","","","","",""
3294,Ujjani Dam Rain Gauge,Maharashtra SW,27,Maharashtra,496,Solapur,-,-,-,-,-,-,-,-,-,18.07402000,75.12002000,29-12-2024 19:00,0,0,0,0,0,0,0,0,0,0,0,0,0,0,0,0,0,0,0,0,0,0,0,0,0,0,0,0,0,0,0,0,0,0,0,0,0,0,0,0,0,0,0,0,"","","","","",""
3295,Ujjani Dam Rain Gauge,Maharashtra SW,27,Maharashtra,496,Solapur,-,-,-,-,-,-,-,-,-,18.07402000,75.12002000,29-12-2024 20:00,0,0,0,0,0,0,0,0,0,0,0,0,0,0,0,0,0,0,0,0,0,0,0,0,0,0,0,0,0,0,0,0,0,0,0,0,0,0,0,0,0,0,0,0,"","","","","",""
3296,Ujjani Dam Rain Gauge,Maharashtra SW,27,Maharashtra,496,Solapur,-,-,-,-,-,-,-,-,-,18.07402000,75.12002000,29-12-2024 21:00,0,0,0,0,0,0,0,0,0,0,0,0,0,0,0,0,0,0,0,0,0,0,0,0,0,0,0,0,0,0,0,0,0,0,0,0,0,0,0,0,0,0,0,0,"","","","","",""
3297,Ujjani Dam Rain Gauge,Maharashtra SW,27,Maharashtra,496,Solapur,-,-,-,-,-,-,-,-,-,18.07402000,75.12002000,29-12-2024 22:00,0,0,0,0,0,0,0,0,0,0,0,0,0,0,0,0,0,0,0,0,0,0,0,0,0,0,0,0,0,0,0,0,0,0,0,0,0,0,0,0,0,0,0,0,"","","","","",""
3298,Ujjani Dam Rain Gauge,Maharashtra SW,27,Maharashtra,496,Solapur,-,-,-,-,-,-,-,-,-,18.07402000,75.12002000,30-12-2024 00:00,0,0,0,0,0,0,0,0,0,0,0,0,0,0,0,0,0,0,0,0,0,0,0,0,0,0,0,0,0,0,0,0,0,0,0,0,0,0,0,0,0,0,0,0,"","","","","",""
3299,Ujjani Dam Rain Gauge,Maharashtra SW,27,Maharashtra,496,Solapur,-,-,-,-,-,-,-,-,-,18.07402000,75.12002000,30-12-2024 01:00,0,0,0,0,0,0,0,0,0,0,0,0,0,0,0,0,0,0,0,0,0,0,0,0,0,0,0,0,0,0,0,0,0,0,0,0,0,0,0,0,0,0,0,0,"","","","","",""
3300,Ujjani Dam Rain Gauge,Maharashtra SW,27,Maharashtra,496,Solapur,-,-,-,-,-,-,-,-,-,18.07402000,75.12002000,30-12-2024 02:00,0,0,0,0,0,0,0,0,0,0,0,0,0,0,0,0,0,0,0,0,0,0,0,0,0,0,0,0,0,0,0,0,0,0,0,0,0,0,0,0,0,0,0,0,"","","","","",""
3301,Ujjani Dam Rain Gauge,Maharashtra SW,27,Maharashtra,496,Solapur,-,-,-,-,-,-,-,-,-,18.07402000,75.12002000,30-12-2024 03:00,0,0,0,0,0,0,0,0,0,0,0,0,0,0,0,0,0,0,0,0,0,0,0,0,0,0,0,0,0,0,0,0,0,0,0,0,0,0,0,0,0,0,0,0,"","","","","",""
3302,Ujjani Dam Rain Gauge,Maharashtra SW,27,Maharashtra,496,Solapur,-,-,-,-,-,-,-,-,-,18.07402000,75.12002000,30-12-2024 04:00,0,0,0,0,0,0,0,0,0,0,0,0,0,0,0,0,0,0,0,0,0,0,0,0,0,0,0,0,0,0,0,0,0,0,0,0,0,0,0,0,0,0,0,0,"","","","","",""
3303,Ujjani Dam Rain Gauge,Maharashtra SW,27,Maharashtra,496,Solapur,-,-,-,-,-,-,-,-,-,18.07402000,75.12002000,30-12-2024 05:00,0,0,0,0,0,0,0,0,0,0,0,0,0,0,0,0,0,0,0,0,0,0,0,0,0,0,0,0,0,0,0,0,0,0,0,0,0,0,0,0,0,0,0,0,"","","","","",""
3304,Ujjani Dam Rain Gauge,Maharashtra SW,27,Maharashtra,496,Solapur,-,-,-,-,-,-,-,-,-,18.07402000,75.12002000,30-12-2024 07:00,0,0,0,0,0,0,0,0,0,0,0,0,0,0,0,0,0,0,0,0,0,0,0,0,0,0,0,0,0,0,0,0,0,0,0,0,0,0,0,0,0,0,0,0,"","","","","",""
3305,Ujjani Dam Rain Gauge,Maharashtra SW,27,Maharashtra,496,Solapur,-,-,-,-,-,-,-,-,-,18.07402000,75.12002000,30-12-2024 08:00,0,0,0,0,0,0,0,0,0,0,0,0,0,0,0,0,0,0,0,0,0,0,0,0,0,0,0,0,0,0,0,0,0,0,0,0,0,0,0,0,0,0,0,0,"","","","","",""
3306,Ujjani Dam Rain Gauge,Maharashtra SW,27,Maharashtra,496,Solapur,-,-,-,-,-,-,-,-,-,18.07402000,75.12002000,30-12-2024 09:00,0,0,0,0,0,0,0,0,0,0,0,0,0,0,0,0,0,0,0,0,0,0,0,0,0,0,0,0,0,0,0,0,0,0,0,0,0,0,0,0,0,0,0,0,"","","","","",""
3307,Ujjani Dam Rain Gauge,Maharashtra SW,27,Maharashtra,496,Solapur,-,-,-,-,-,-,-,-,-,18.07402000,75.12002000,30-12-2024 10:00,0,0,0,0,0,0,0,0,0,0,0,0,0,0,0,0,0,0,0,0,0,0,0,0,0,0,0,0,0,0,0,0,0,0,0,0,0,0,0,0,0,0,0,0,"","","","","",""
3308,Ujjani Dam Rain Gauge,Maharashtra SW,27,Maharashtra,496,Solapur,-,-,-,-,-,-,-,-,-,18.07402000,75.12002000,30-12-2024 11:00,0,0,0,0,0,0,0,0,0,0,0,0,0,0,0,0,0,0,0,0,0,0,0,0,0,0,0,0,0,0,0,0,0,0,0,0,0,0,0,0,0,0,0,0,"","","","","",""
3309,Ujjani Dam Rain Gauge,Maharashtra SW,27,Maharashtra,496,Solapur,-,-,-,-,-,-,-,-,-,18.07402000,75.12002000,30-12-2024 12:00,0,0,0,0,0,0,0,0,0,0,0,0,0,0,0,0,0,0,0,0,0,0,0,0,0,0,0,0,0,0,0,0,0,0,0,0,0,0,0,0,0,0,0,0,"","","","","",""
3310,Ujjani Dam Rain Gauge,Maharashtra SW,27,Maharashtra,496,Solapur,-,-,-,-,-,-,-,-,-,18.07402000,75.12002000,30-12-2024 13:00,0,0,0,0,0,0,0,0,0,0,0,0,0,0,0,0,0,0,0,0,0,0,0,0,0,0,0,0,0,0,0,0,0,0,0,0,0,0,0,0,0,0,0,0,"","","","","",""
3311,Ujjani Dam Rain Gauge,Maharashtra SW,27,Maharashtra,496,Solapur,-,-,-,-,-,-,-,-,-,18.07402000,75.12002000,30-12-2024 14:00,0,0,0,0,0,0,0,0,0,0,0,0,0,0,0,0,0,0,0,0,0,0,0,0,0,0,0,0,0,0,0,0,0,0,0,0,0,0,0,0,0,0,0,0,"","","","","",""
3312,Ujjani Dam Rain Gauge,Maharashtra SW,27,Maharashtra,496,Solapur,-,-,-,-,-,-,-,-,-,18.07402000,75.12002000,30-12-2024 16:00,0,0,0,0,0,0,0,0,0,0,0,0,0,0,0,0,0,0,0,0,0,0,0,0,0,0,0,0,0,0,0,0,0,0,0,0,0,0,0,0,0,0,0,0,"","","","","",""
3313,Ujjani Dam Rain Gauge,Maharashtra SW,27,Maharashtra,496,Solapur,-,-,-,-,-,-,-,-,-,18.07402000,75.12002000,30-12-2024 17:00,0,0,0,0,0,0,0,0,0,0,0,0,0,0,0,0,0,0,0,0,0,0,0,0,0,0,0,0,0,0,0,0,0,0,0,0,0,0,0,0,0,0,0,0,"","","","","",""
3314,Ujjani Dam Rain Gauge,Maharashtra SW,27,Maharashtra,496,Solapur,-,-,-,-,-,-,-,-,-,18.07402000,75.12002000,30-12-2024 18:00,0,0,0,0,0,0,0,0,0,0,0,0,0,0,0,0,0,0,0,0,0,0,0,0,0,0,0,0,0,0,0,0,0,0,0,0,0,0,0,0,0,0,0,0,"","","","","",""
3315,Ujjani Dam Rain Gauge,Maharashtra SW,27,Maharashtra,496,Solapur,-,-,-,-,-,-,-,-,-,18.07402000,75.12002000,30-12-2024 19:00,0,0,0,0,0,0,0,0,0,0,0,0,0,0,0,0,0,0,0,0,0,0,0,0,0,0,0,0,0,0,0,0,0,0,0,0,0,0,0,0,0,0,0,0,"","","","","",""
3316,Ujjani Dam Rain Gauge,Maharashtra SW,27,Maharashtra,496,Solapur,-,-,-,-,-,-,-,-,-,18.07402000,75.12002000,30-12-2024 20:00,0,0,0,0,0,0,0,0,0,0,0,0,0,0,0,0,0,0,0,0,0,0,0,0,0,0,0,0,0,0,0,0,0,0,0,0,0,0,0,0,0,0,0,0,"","","","","",""
3317,Ujjani Dam Rain Gauge,Maharashtra SW,27,Maharashtra,496,Solapur,-,-,-,-,-,-,-,-,-,18.07402000,75.12002000,30-12-2024 21:00,0,0,0,0,0,0,0,0,0,0,0,0,0,0,0,0,0,0,0,0,0,0,0,0,0,0,0,0,0,0,0,0,0,0,0,0,0,0,0,0,0,0,0,0,"","","","","",""
3318,Ujjani Dam Rain Gauge,Maharashtra SW,27,Maharashtra,496,Solapur,-,-,-,-,-,-,-,-,-,18.07402000,75.12002000,30-12-2024 22:00,0,0,0,0,0,0,0,0,0,0,0,0,0,0,0,0,0,0,0,0,0,0,0,0,0,0,0,0,0,0,0,0,0,0,0,0,0,0,0,0,0,0,0,0,"","","","","",""
3319,Ujjani Dam Rain Gauge,Maharashtra SW,27,Maharashtra,496,Solapur,-,-,-,-,-,-,-,-,-,18.07402000,75.12002000,31-12-2024 00:00,0,0,0,0,0,0,0,0,0,0,0,0,0,0,0,0,0,0,0,0,0,0,0,0,0,0,0,0,0,0,0,0,0,0,0,0,0,0,0,0,0,0,0,0,"","","","","",""
3320,Ujjani Dam Rain Gauge,Maharashtra SW,27,Maharashtra,496,Solapur,-,-,-,-,-,-,-,-,-,18.07402000,75.12002000,31-12-2024 01:00,0,0,0,0,0,0,0,0,0,0,0,0,0,0,0,0,0,0,0,0,0,0,0,0,0,0,0,0,0,0,0,0,0,0,0,0,0,0,0,0,0,0,0,0,"","","","","",""
3321,Ujjani Dam Rain Gauge,Maharashtra SW,27,Maharashtra,496,Solapur,-,-,-,-,-,-,-,-,-,18.07402000,75.12002000,31-12-2024 02:00,0,0,0,0,0,0,0,0,0,0,0,0,0,0,0,0,0,0,0,0,0,0,0,0,0,0,0,0,0,0,0,0,0,0,0,0,0,0,0,0,0,0,0,0,"","","","","",""
3322,Ujjani Dam Rain Gauge,Maharashtra SW,27,Maharashtra,496,Solapur,-,-,-,-,-,-,-,-,-,18.07402000,75.12002000,31-12-2024 03:00,0,0,0,0,0,0,0,0,0,0,0,0,0,0,0,0,0,0,0,0,0,0,0,0,0,0,0,0,0,0,0,0,0,0,0,0,0,0,0,0,0,0,0,0,"","","","","",""
3323,Ujjani Dam Rain Gauge,Maharashtra SW,27,Maharashtra,496,Solapur,-,-,-,-,-,-,-,-,-,18.07402000,75.12002000,31-12-2024 04:00,0,0,0,0,0,0,0,0,0,0,0,0,0,0,0,0,0,0,0,0,0,0,0,0,0,0,0,0,0,0,0,0,0,0,0,0,0,0,0,0,0,0,0,0,"","","","","",""
3324,Ujjani Dam Rain Gauge,Maharashtra SW,27,Maharashtra,496,Solapur,-,-,-,-,-,-,-,-,-,18.07402000,75.12002000,31-12-2024 05:00,0,0,0,0,0,0,0,0,0,0,0,0,0,0,0,0,0,0,0,0,0,0,0,0,0,0,0,0,0,0,0,0,0,0,0,0,0,0,0,0,0,0,0,0,"","","","","",""
3325,Ujjani Dam Rain Gauge,Maharashtra SW,27,Maharashtra,496,Solapur,-,-,-,-,-,-,-,-,-,18.07402000,75.12002000,31-12-2024 06:00,0,0,0,0,0,0,0,0,0,0,0,0,0,0,0,0,0,0,0,0,0,0,0,0,0,0,0,0,0,0,0,0,0,0,0,0,0,0,0,0,0,0,0,0,"","","","","",""
3326,Ujjani Dam Rain Gauge,Maharashtra SW,27,Maharashtra,496,Solapur,-,-,-,-,-,-,-,-,-,18.07402000,75.12002000,31-12-2024 08:00,0,0,0,0,0,0,0,0,0,0,0,0,0,0,0,0,0,0,0,0,0,0,0,0,0,0,0,0,0,0,0,0,0,0,0,0,0,0,0,0,0,0,0,0,"","","","","",""
3327,Ujjani Dam Rain Gauge,Maharashtra SW,27,Maharashtra,496,Solapur,-,-,-,-,-,-,-,-,-,18.07402000,75.12002000,31-12-2024 09:00,0,0,0,0,0,0,0,0,0,0,0,0,0,0,0,0,0,0,0,0,0,0,0,0,0,0,0,0,0,0,0,0,0,0,0,0,0,0,0,0,0,0,0,0,"","","","","",""
3328,Ujjani Dam Rain Gauge,Maharashtra SW,27,Maharashtra,496,Solapur,-,-,-,-,-,-,-,-,-,18.07402000,75.12002000,31-12-2024 10:00,0,0,0,0,0,0,0,0,0,0,0,0,0,0,0,0,0,0,0,0,0,0,0,0,0,0,0,0,0,0,0,0,0,0,0,0,0,0,0,0,0,0,0,0,"","","","","",""
3329,Ujjani Dam Rain Gauge,Maharashtra SW,27,Maharashtra,496,Solapur,-,-,-,-,-,-,-,-,-,18.07402000,75.12002000,31-12-2024 11:00,0,0,0,0,0,0,0,0,0,0,0,0,0,0,0,0,0,0,0,0,0,0,0,0,0,0,0,0,0,0,0,0,0,0,0,0,0,0,0,0,0,0,0,0,"","","","","",""
3330,Ujjani Dam Rain Gauge,Maharashtra SW,27,Maharashtra,496,Solapur,-,-,-,-,-,-,-,-,-,18.07402000,75.12002000,31-12-2024 12:00,0,0,0,0,0,0,0,0,0,0,0,0,0,0,0,0,0,0,0,0,0,0,0,0,0,0,0,0,0,0,0,0,0,0,0,0,0,0,0,0,0,0,0,0,"","","","","",""
3331,Ujjani Dam Rain Gauge,Maharashtra SW,27,Maharashtra,496,Solapur,-,-,-,-,-,-,-,-,-,18.07402000,75.12002000,31-12-2024 13:00,0,0,0,0,0,0,0,0,0,0,0,0,0,0,0,0,0,0,0,0,0,0,0,0,0,0,0,0,0,0,0,0,0,0,0,0,0,0,0,0,0,0,0,0,"","","","","",""
3332,Ujjani Dam Rain Gauge,Maharashtra SW,27,Maharashtra,496,Solapur,-,-,-,-,-,-,-,-,-,18.07402000,75.12002000,31-12-2024 14:00,0,0,0,0,0,0,0,0,0,0,0,0,0,0,0,0,0,0,0,0,0,0,0,0,0,0,0,0,0,0,0,0,0,0,0,0,0,0,0,0,0,0,0,0,"","","","","",""
3333,Ujjani Dam Rain Gauge,Maharashtra SW,27,Maharashtra,496,Solapur,-,-,-,-,-,-,-,-,-,18.07402000,75.12002000,31-12-2024 16:00,0,0,0,0,0,0,0,0,0,0,0,0,0,0,0,0,0,0,0,0,0,0,0,0,0,0,0,0,0,0,0,0,0,0,0,0,0,0,0,0,0,0,0,0,"","","","","",""
3334,Ujjani Dam Rain Gauge,Maharashtra SW,27,Maharashtra,496,Solapur,-,-,-,-,-,-,-,-,-,18.07402000,75.12002000,31-12-2024 17:00,0,0,0,0,0,0,0,0,0,0,0,0,0,0,0,0,0,0,0,0,0,0,0,0,0,0,0,0,0,0,0,0,0,0,0,0,0,0,0,0,0,0,0,0,"","","","","",""
3335,Ujjani Dam Rain Gauge,Maharashtra SW,27,Maharashtra,496,Solapur,-,-,-,-,-,-,-,-,-,18.07402000,75.12002000,31-12-2024 18:00,0,0,0,0,0,0,0,0,0,0,0,0,0,0,0,0,0,0,0,0,0,0,0,0,0,0,0,0,0,0,0,0,0,0,0,0,0,0,0,0,0,0,0,0,"","","","","",""
3336,Ujjani Dam Rain Gauge,Maharashtra SW,27,Maharashtra,496,Solapur,-,-,-,-,-,-,-,-,-,18.07402000,75.12002000,31-12-2024 19:00,0,0,0,0,0,0,0,0,0,0,0,0,0,0,0,0,0,0,0,0,0,0,0,0,0,0,0,0,0,0,0,0,0,0,0,0,0,0,0,0,0,0,0,0,"","","","","",""
3337,Ujjani Dam Rain Gauge,Maharashtra SW,27,Maharashtra,496,Solapur,-,-,-,-,-,-,-,-,-,18.07402000,75.12002000,31-12-2024 20:00,0,0,0,0,0,0,0,0,0,0,0,0,0,0,0,0,0,0,0,0,0,0,0,0,0,0,0,0,0,0,0,0,0,0,0,0,0,0,0,0,0,0,0,0,"","","","","",""
3338,Ujjani Dam Rain Gauge,Maharashtra SW,27,Maharashtra,496,Solapur,-,-,-,-,-,-,-,-,-,18.07402000,75.12002000,31-12-2024 21:00,0,0,0,0,0,0,0,0,0,0,0,0,0,0,0,0,0,0,0,0,0,0,0,0,0,0,0,0,0,0,0,0,0,0,0,0,0,0,0,0,0,0,0,0,"","","","","",""
3339,Ujjani Dam Rain Gauge,Maharashtra SW,27,Maharashtra,496,Solapur,-,-,-,-,-,-,-,-,-,18.07402000,75.12002000,31-12-2024 22:00,0,0,0,0,0,0,0,0,0,0,0,0,0,0,0,0,0,0,0,0,0,0,0,0,0,0,0,0,0,0,0,0,0,0,0,0,0,0,0,0,0,0,0,0,"","","","","",""
3340,Ujjani Dam Rain Gauge,Maharashtra SW,27,Maharashtra,496,Solapur,-,-,-,-,-,-,-,-,-,18.07402000,75.12002000,01-01-2025 00:00,0,0,0,0,0,0,0,0,0,0,0,0,0,0,0,0,0,0,0,0,0,0,0,0,0,0,0,0,0,0,0,0,0,0,0,0,0,0,0,0,0,0,0,0,"","","","","",""
3341,Ujjani Dam Rain Gauge,Maharashtra SW,27,Maharashtra,496,Solapur,-,-,-,-,-,-,-,-,-,18.07402000,75.12002000,01-01-2025 01:00,0,0,0,0,0,0,0,0,0,0,0,0,0,0,0,0,0,0,0,0,0,0,0,0,0,0,0,0,0,0,0,0,0,0,0,0,0,0,0,0,0,0,0,0,"","","","","",""
3342,Ujjani Dam Rain Gauge,Maharashtra SW,27,Maharashtra,496,Solapur,-,-,-,-,-,-,-,-,-,18.07402000,75.12002000,01-01-2025 02:00,0,0,0,0,0,0,0,0,0,0,0,0,0,0,0,0,0,0,0,0,0,0,0,0,0,0,0,0,0,0,0,0,0,0,0,0,0,0,0,0,0,0,0,0,"","","","","",""
3343,Ujjani Dam Rain Gauge,Maharashtra SW,27,Maharashtra,496,Solapur,-,-,-,-,-,-,-,-,-,18.07402000,75.12002000,01-01-2025 03:00,0,0,0,0,0,0,0,0,0,0,0,0,0,0,0,0,0,0,0,0,0,0,0,0,0,0,0,0,0,0,0,0,0,0,0,0,0,0,0,0,0,0,0,0,"","","","","",""
3344,Ujjani Dam Rain Gauge,Maharashtra SW,27,Maharashtra,496,Solapur,-,-,-,-,-,-,-,-,-,18.07402000,75.12002000,01-01-2025 04:00,0,0,0,0,0,0,0,0,0,0,0,0,0,0,0,0,0,0,0,0,0,0,0,0,0,0,0,0,0,0,0,0,0,0,0,0,0,0,0,0,0,0,0,0,"","","","","",""
3345,Ujjani Dam Rain Gauge,Maharashtra SW,27,Maharashtra,496,Solapur,-,-,-,-,-,-,-,-,-,18.07402000,75.12002000,01-01-2025 05:00,0,0,0,0,0,0,0,0,0,0,0,0,0,0,0,0,0,0,0,0,0,0,0,0,0,0,0,0,0,0,0,0,0,0,0,0,0,0,0,0,0,0,0,0,"","","","","",""
3346,Ujjani Dam Rain Gauge,Maharashtra SW,27,Maharashtra,496,Solapur,-,-,-,-,-,-,-,-,-,18.07402000,75.12002000,01-01-2025 06:00,0,0,0,0,0,0,0,0,0,0,0,0,0,0,0,0,0,0,0,0,0,0,0,0,0,0,0,0,0,0,0,0,0,0,0,0,0,0,0,0,0,0,0,0,"","","","","",""
3347,Ujjani Dam Rain Gauge,Maharashtra SW,27,Maharashtra,496,Solapur,-,-,-,-,-,-,-,-,-,18.07402000,75.12002000,01-01-2025 08:00,0,0,0,0,0,0,0,0,0,0,0,0,0,0,0,0,0,0,0,0,0,0,0,0,0,0,0,0,0,0,0,0,0,0,0,0,0,0,0,0,0,0,0,0,"","","","","",""
3348,Ujjani Dam Rain Gauge,Maharashtra SW,27,Maharashtra,496,Solapur,-,-,-,-,-,-,-,-,-,18.07402000,75.12002000,01-01-2025 09:00,0,0,0,0,0,0,0,0,0,0,0,0,0,0,0,0,0,0,0,0,0,0,0,0,0,0,0,0,0,0,0,0,0,0,0,0,0,0,0,0,0,0,0,0,"","","","","",""
3349,Ujjani Dam Rain Gauge,Maharashtra SW,27,Maharashtra,496,Solapur,-,-,-,-,-,-,-,-,-,18.07402000,75.12002000,01-01-2025 10:00,0,0,0,0,0,0,0,0,0,0,0,0,0,0,0,0,0,0,0,0,0,0,0,0,0,0,0,0,0,0,0,0,0,0,0,0,0,0,0,0,0,0,0,0,"","","","","",""
3350,Ujjani Dam Rain Gauge,Maharashtra SW,27,Maharashtra,496,Solapur,-,-,-,-,-,-,-,-,-,18.07402000,75.12002000,01-01-2025 11:00,0,0,0,0,0,0,0,0,0,0,0,0,0,0,0,0,0,0,0,0,0,0,0,0,0,0,0,0,0,0,0,0,0,0,0,0,0,0,0,0,0,0,0,0,"","","","","",""
3351,Ujjani Dam Rain Gauge,Maharashtra SW,27,Maharashtra,496,Solapur,-,-,-,-,-,-,-,-,-,18.07402000,75.12002000,01-01-2025 12:00,0,0,0,0,0,0,0,0,0,0,0,0,0,0,0,0,0,0,0,0,0,0,0,0,0,0,0,0,0,0,0,0,0,0,0,0,0,0,0,0,0,0,0,0,"","","","","",""
3352,Ujjani Dam Rain Gauge,Maharashtra SW,27,Maharashtra,496,Solapur,-,-,-,-,-,-,-,-,-,18.07402000,75.12002000,01-01-2025 13:00,0,0,0,0,0,0,0,0,0,0,0,0,0,0,0,0,0,0,0,0,0,0,0,0,0,0,0,0,0,0,0,0,0,0,0,0,0,0,0,0,0,0,0,0,"","","","","",""
3353,Ujjani Dam Rain Gauge,Maharashtra SW,27,Maharashtra,496,Solapur,-,-,-,-,-,-,-,-,-,18.07402000,75.12002000,01-01-2025 14:00,0,0,0,0,0,0,0,0,0,0,0,0,0,0,0,0,0,0,0,0,0,0,0,0,0,0,0,0,0,0,0,0,0,0,0,0,0,0,0,0,0,0,0,0,"","","","","",""
3354,Ujjani Dam Rain Gauge,Maharashtra SW,27,Maharashtra,496,Solapur,-,-,-,-,-,-,-,-,-,18.07402000,75.12002000,01-01-2025 16:00,0,0,0,0,0,0,0,0,0,0,0,0,0,0,0,0,0,0,0,0,0,0,0,0,0,0,0,0,0,0,0,0,0,0,0,0,0,0,0,0,0,0,0,0,"","","","","",""
3355,Ujjani Dam Rain Gauge,Maharashtra SW,27,Maharashtra,496,Solapur,-,-,-,-,-,-,-,-,-,18.07402000,75.12002000,01-01-2025 17:00,0,0,0,0,0,0,0,0,0,0,0,0,0,0,0,0,0,0,0,0,0,0,0,0,0,0,0,0,0,0,0,0,0,0,0,0,0,0,0,0,0,0,0,0,"","","","","",""
3356,Ujjani Dam Rain Gauge,Maharashtra SW,27,Maharashtra,496,Solapur,-,-,-,-,-,-,-,-,-,18.07402000,75.12002000,01-01-2025 19:00,0,0,0,0,0,0,0,0,0,0,0,0,0,0,0,0,0,0,0,0,0,0,0,0,0,0,0,0,0,0,0,0,0,0,0,0,0,0,0,0,0,0,0,0,"","","","","",""
3357,Ujjani Dam Rain Gauge,Maharashtra SW,27,Maharashtra,496,Solapur,-,-,-,-,-,-,-,-,-,18.07402000,75.12002000,01-01-2025 20:00,0,0,0,0,0,0,0,0,0,0,0,0,0,0,0,0,0,0,0,0,0,0,0,0,0,0,0,0,0,0,0,0,0,0,0,0,0,0,0,0,0,0,0,0,"","","","","",""
3358,Ujjani Dam Rain Gauge,Maharashtra SW,27,Maharashtra,496,Solapur,-,-,-,-,-,-,-,-,-,18.07402000,75.12002000,01-01-2025 21:00,0,0,0,0,0,0,0,0,0,0,0,0,0,0,0,0,0,0,0,0,0,0,0,0,0,0,0,0,0,0,0,0,0,0,0,0,0,0,0,0,0,0,0,0,"","","","","",""
