dam_id,dam_name,state,river_basin,river_name,nearest_city_or_district,latitude,longitude,crs,year_of_completion,seismic_zone,dam_type,dam_height_m,dam_length_m,dam_volume_content_m3,gross_storage_capacity_m3,reservoir_area_m2,effective_storage_capacity_m3,purpose,designed_spillway_capacity_m3s,dam_status,dam_geometry_wkt,data_status
IND_DAM_0001,Polavaram,Andhra Pradesh,Godavari,Godavari,Andhra Pradesh,17.4001998,81.6292966,EPSG:4326,1961,IV,Concrete/Gravity,67.18,496.51,2537405.24,355434303.59,76568834.79,280561922.58,Hydropower,5130.57,Operational,POINT (81.6292966 17.4001998),REAL_DAM_ANCHOR + SYNTHETIC_UNFILLED_PARAMETERS
IND_DAM_0002,Srisailam,Andhra Pradesh,Krishna,Krishna,Andhra Pradesh,16.0661763,78.8222636,EPSG:4326,1951,V,Masonry/Concrete,51.97,659.75,3925851.69,416828236.86,42318855.81,384518964.13,Drinking Water,2030.67,Operational,POINT (78.8222636 16.0661763),REAL_DAM_ANCHOR + SYNTHETIC_UNFILLED_PARAMETERS
IND_DAM_0003,Nagarjuna Sagar,Andhra Pradesh,Krishna,Krishna,Andhra Pradesh,16.7207321,79.3723196,EPSG:4326,1946,IV,Masonry,73.55,1459.57,4359440.84,130227169.7,14024283.0,93439141.07,Irrigation;Hydropower,3254.31,Under Construction,POINT (79.3723196 16.7207321),REAL_DAM_ANCHOR + SYNTHETIC_UNFILLED_PARAMETERS
IND_DAM_0004,Ranganadi,Arunachal Pradesh,Brahmaputra,Ranganadi,Arunachal Pradesh,27.4731756,94.2499357,EPSG:4326,1944,IV,Concrete,52.68,806.98,1959821.36,67369033.58,8302351.32,59215724.32,Multipurpose,1545.83,Under Construction,POINT (94.2499357 27.4731756),REAL_DAM_ANCHOR + SYNTHETIC_UNFILLED_PARAMETERS
IND_DAM_0005,Karbi Langpi,Assam,Brahmaputra,Borpani,Assam,25.7880898,92.8362592,EPSG:4326,2024,V,Concrete,44.56,420.02,2657872.95,417257058.66,44989314.8,310907188.73,Drinking Water,2853.8,Operational,POINT (92.8362592 25.7880898),REAL_DAM_ANCHOR + SYNTHETIC_UNFILLED_PARAMETERS
IND_DAM_0006,Kohira,Bihar,Ganga,Kohira,Bihar,24.9972579,83.6309029,EPSG:4326,1956,II,Earthfill,49.04,1218.86,10715684.69,366947594.81,29394472.97,339524092.43,Irrigation;Hydropower,3199.36,Operational,POINT (83.6309029 24.9972579),REAL_DAM_ANCHOR + SYNTHETIC_UNFILLED_PARAMETERS
IND_DAM_0007,Gangrel,Chhattisgarh,Mahanadi,Mahanadi,Chhattisgarh,20.0381705,81.2708638,EPSG:4326,1989,III,Masonry,28.16,2172.73,7365100.95,458996629.75,48028613.67,312889248.23,Drinking Water,1350.87,Operational,POINT (81.2708638 20.0381705),REAL_DAM_ANCHOR + SYNTHETIC_UNFILLED_PARAMETERS
IND_DAM_0008,Salaulim,Goa,West Coast,Salaulim,Goa,15.2364579,74.0168555,EPSG:4326,2021,V,Earthfill,47.31,899.05,3122546.63,80346922.7,5731928.01,67529586.15,Irrigation,2283.06,Operational,POINT (74.0168555 15.2364579),REAL_DAM_ANCHOR + SYNTHETIC_UNFILLED_PARAMETERS
IND_DAM_0009,Sardar Sarovar,Gujarat,Narmada,Narmada,Gujarat,21.9205114,73.6560646,EPSG:4326,1987,III,Concrete/Gravity,46.14,1743.41,5843439.42,94907190.11,15392580.51,87714241.66,Irrigation,2530.82,Operational,POINT (73.6560646 21.9205114),REAL_DAM_ANCHOR + SYNTHETIC_UNFILLED_PARAMETERS
IND_DAM_0010,Ukai,Gujarat,Tapi,Tapi,Gujarat,21.1714379,73.4817274,EPSG:4326,2022,II,Earthfill/Concrete,57.84,1469.36,8894214.19,578084697.24,38892236.92,428859250.79,Drinking Water,7202.77,Operational,POINT (73.4817274 21.1714379),REAL_DAM_ANCHOR + SYNTHETIC_UNFILLED_PARAMETERS
IND_DAM_0011,Kaushalya,Haryana,Indus,Kaushalya,Haryana,30.9339179,77.0888622,EPSG:4326,1953,IV,Earthfill,38.9,516.82,874445.61,717383308.43,62770971.92,479096212.37,Irrigation,4978.15,Operational,POINT (77.0888622 30.9339179),REAL_DAM_ANCHOR + SYNTHETIC_UNFILLED_PARAMETERS
IND_DAM_0012,Bhakra,Himachal Pradesh,Indus,Sutlej,Himachal Pradesh,31.4557647,76.4119726,EPSG:4326,1968,V,Concrete/Gravity,54.15,1177.21,7497183.04,114078086.02,8285149.94,79524268.78,Flood Control,645.85,Under Construction,POINT (76.4119726 31.4557647),REAL_DAM_ANCHOR + SYNTHETIC_UNFILLED_PARAMETERS
IND_DAM_0013,Pong,Himachal Pradesh,Indus,Beas,Himachal Pradesh,31.869185,76.908648,EPSG:4326,1992,IV,Earthfill,50.41,2122.83,15437155.36,194754112.15,55334161.22,180334779.4,Flood Control,2626.19,Under Construction,POINT (76.9086480 31.8691850),REAL_DAM_ANCHOR + SYNTHETIC_UNFILLED_PARAMETERS
IND_DAM_0014,Maithon,Jharkhand,Damodar,Barakar,Jharkhand,23.7902638,86.7612552,EPSG:4326,1969,IV,Concrete/Earthfill,55.17,1230.73,10600024.01,19881850.22,5168100.55,13410015.93,Hydropower,516.85,Operational,POINT (86.7612552 23.7902638),REAL_DAM_ANCHOR + SYNTHETIC_UNFILLED_PARAMETERS
IND_DAM_0015,Panchet,Jharkhand,Ganga,Damodar,Jharkhand,23.5368338,86.5885583,EPSG:4326,1913,III,Earthfill/Concrete,27.16,761.57,1011349.94,76213084.85,7054492.33,72098611.2,Hydropower,1687.15,Under Construction,POINT (86.5885583 23.5368338),REAL_DAM_ANCHOR + SYNTHETIC_UNFILLED_PARAMETERS
IND_DAM_0016,Almatti,Karnataka,Krishna,Krishna,Karnataka,16.2191061,75.9420378,EPSG:4326,1922,II,Concrete,42.74,624.32,2126841.65,36697437.35,4203992.95,34478106.74,Irrigation,1382.08,Operational,POINT (75.9420378 16.2191061),REAL_DAM_ANCHOR + SYNTHETIC_UNFILLED_PARAMETERS
IND_DAM_0017,Krishna Raja Sagara,Karnataka,Cauvery,Cauvery,Karnataka,12.3192007,76.5909228,EPSG:4326,1911,II,Masonry,34.1,503.39,2339198.16,106640320.48,7527695.79,86687232.11,Multipurpose,1021.12,Operational,POINT (76.5909228 12.3192007),REAL_DAM_ANCHOR + SYNTHETIC_UNFILLED_PARAMETERS
IND_DAM_0018,Tungabhadra,Karnataka,Krishna,Tungabhadra,Karnataka,15.3037287,76.3726321,EPSG:4326,1916,V,Masonry,35.85,2846.65,13910594.65,122365025.25,9538712.83,88169213.56,Irrigation,1289.2,Operational,POINT (76.3726321 15.3037287),REAL_DAM_ANCHOR + SYNTHETIC_UNFILLED_PARAMETERS
IND_DAM_0019,Idukki,Kerala,West Coast,Periyar,Kerala,9.8996923,76.9262654,EPSG:4326,1982,V,Concrete/Arch,178.83,464.07,4278393.09,183822129.36,16729651.9,139111404.58,Irrigation,3986.54,Operational,POINT (76.9262654 9.8996923),REAL_DAM_ANCHOR + SYNTHETIC_UNFILLED_PARAMETERS
IND_DAM_0020,Mullaperiyar,Kerala,West Coast,Periyar,Kerala,9.6291839,77.1308139,EPSG:4326,1983,V,Masonry,27.85,1036.12,3718794.3,79450439.91,34046150.88,68372497.11,Irrigation;Hydropower,1295.11,Operational,POINT (77.1308139 9.6291839),REAL_DAM_ANCHOR + SYNTHETIC_UNFILLED_PARAMETERS
IND_DAM_0021,Indira Sagar,Madhya Pradesh,Narmada,Narmada,Madhya Pradesh,22.1997841,76.4825687,EPSG:4326,2010,V,Concrete/Earthfill,50.64,1112.98,5153057.66,72392149.03,10203575.11,66416006.55,Irrigation;Hydropower,524.29,Operational,POINT (76.4825687 22.1997841),REAL_DAM_ANCHOR + SYNTHETIC_UNFILLED_PARAMETERS
IND_DAM_0022,Bargi,Madhya Pradesh,Narmada,Narmada,Madhya Pradesh,22.8912053,79.8353436,EPSG:4326,1932,IV,Concrete,69.33,1147.48,12457842.56,27598273.42,9376871.21,21990471.07,Irrigation;Hydropower,419.67,Under Construction,POINT (79.8353436 22.8912053),REAL_DAM_ANCHOR + SYNTHETIC_UNFILLED_PARAMETERS
IND_DAM_0023,Koyna,Maharashtra,Other,Koyna,Maharashtra,17.3060272,73.7367977,EPSG:4326,1936,IV,Concrete/Gravity,50.62,500.74,2474859.22,646412016.31,248406251.63,496809654.84,Irrigation,2701.78,Operational,POINT (73.7367977 17.3060272),REAL_DAM_ANCHOR + SYNTHETIC_UNFILLED_PARAMETERS
IND_DAM_0024,Jayakwadi,Maharashtra,Godavari,Godavari,Maharashtra,19.6699341,75.4208301,EPSG:4326,1971,IV,Earthfill,56.72,423.14,2492796.41,63285156.37,4544421.79,44672553.77,Drinking Water,1228.25,Operational,POINT (75.4208301 19.6699341),REAL_DAM_ANCHOR + SYNTHETIC_UNFILLED_PARAMETERS
IND_DAM_0025,Khuga,Manipur,Barak,Khuga,Manipur,24.5237639,93.6657822,EPSG:4326,2011,V,Earthfill,32.37,4001.67,7279056.92,29322203.16,2395310.19,27845189.34,Hydropower,1324.14,Operational,POINT (93.6657822 24.5237639),REAL_DAM_ANCHOR + SYNTHETIC_UNFILLED_PARAMETERS
IND_DAM_0026,Umiam,Meghalaya,Brahmaputra,Umiam,Meghalaya,25.6815944,91.9373814,EPSG:4326,2008,II,Concrete,47.52,800.55,5850829.48,333648317.9,38069562.96,280942183.88,Drinking Water,2211.88,Operational,POINT (91.9373814 25.6815944),REAL_DAM_ANCHOR + SYNTHETIC_UNFILLED_PARAMETERS
IND_DAM_0027,Tuirial,Mizoram,Barak,Tuirial,Mizoram,23.8302823,92.7011091,EPSG:4326,1937,IV,Earthfill,59.3,579.54,2613012.36,125781881.25,8866973.9,114276800.83,Irrigation;Hydropower,2209.01,Operational,POINT (92.7011091 23.8302823),REAL_DAM_ANCHOR + SYNTHETIC_UNFILLED_PARAMETERS
IND_DAM_0028,Doyang,Nagaland,Brahmaputra,Doyang,Nagaland,26.1587774,94.2108501,EPSG:4326,1917,III,Earthfill,33.68,1149.28,6089132.16,78221285.27,5342696.02,53802991.05,Drinking Water,1893.11,Under Construction,POINT (94.2108501 26.1587774),REAL_DAM_ANCHOR + SYNTHETIC_UNFILLED_PARAMETERS
IND_DAM_0029,Hirakud,Odisha,Mahanadi,Mahanadi,Odisha,21.4258713,83.7848079,EPSG:4326,1938,IV,Masonry/Earthfill,56.23,1346.47,9908525.44,192992385.25,46047571.81,155502145.99,Irrigation;Hydropower,1792.84,Operational,POINT (83.7848079 21.4258713),REAL_DAM_ANCHOR + SYNTHETIC_UNFILLED_PARAMETERS
IND_DAM_0030,Ranjit Sagar,Punjab,Indus,Ravi,Punjab,32.4879914,75.649727,EPSG:4326,1957,V,Concrete/Gravity,56.85,481.87,4401773.06,129594084.79,21022983.74,108382642.68,Multipurpose,2395.24,Operational,POINT (75.6497270 32.4879914),REAL_DAM_ANCHOR + SYNTHETIC_UNFILLED_PARAMETERS
IND_DAM_0031,Bisalpur,Rajasthan,Ganga,Banas,Rajasthan,25.6750236,75.4889163,EPSG:4326,1900,III,Masonry,39.17,1155.31,5636908.45,63455283.22,13543505.88,55698760.04,Hydropower,1988.6,Operational,POINT (75.4889163 25.6750236),REAL_DAM_ANCHOR + SYNTHETIC_UNFILLED_PARAMETERS
IND_DAM_0032,Rana Pratap Sagar,Rajasthan,Ganga,Chambal,Rajasthan,24.0705407,75.613151,EPSG:4326,2006,III,Concrete,53.74,648.59,1696574.78,143037977.61,16700541.45,106468023.32,Drinking Water,1171.59,Operational,POINT (75.6131510 24.0705407),REAL_DAM_ANCHOR + SYNTHETIC_UNFILLED_PARAMETERS
IND_DAM_0033,Teesta V,Sikkim,Ganga,Teesta,Sikkim,27.0600211,88.8401271,EPSG:4326,1936,II,Concrete,35.93,735.07,4271835.82,107253900.93,51316063.52,72252171.63,Multipurpose,2224.16,Operational,POINT (88.8401271 27.0600211),REAL_DAM_ANCHOR + SYNTHETIC_UNFILLED_PARAMETERS
IND_DAM_0034,Mettur,Tamil Nadu,Cauvery,Cauvery,Tamil Nadu,11.6059072,77.7396008,EPSG:4326,1971,V,Masonry/Concrete,68.99,1571.38,17021312.64,64995696.66,20530780.14,53321205.37,Flood Control,2056.63,Operational,POINT (77.7396008 11.6059072),REAL_DAM_ANCHOR + SYNTHETIC_UNFILLED_PARAMETERS
IND_DAM_0035,Bhavanisagar,Tamil Nadu,Other,Bhavani,Tamil Nadu,11.3900587,77.0998371,EPSG:4326,1920,IV,Earthfill/Concrete,47.01,698.33,2873063.83,37676969.96,5818396.96,32457403.17,Drinking Water,381.17,Under Construction,POINT (77.0998371 11.3900587),REAL_DAM_ANCHOR + SYNTHETIC_UNFILLED_PARAMETERS
IND_DAM_0036,Sathanur,Tamil Nadu,East Coast,Thenpennai,Tamil Nadu,12.18673,78.8701917,EPSG:4326,1933,III,Concrete,75.57,575.39,7780162.87,33889726.62,13427124.43,22227800.16,Drinking Water,996.34,Operational,POINT (78.8701917 12.1867300),REAL_DAM_ANCHOR + SYNTHETIC_UNFILLED_PARAMETERS
IND_DAM_0037,Srisailam Left Bank,Telangana,Krishna,Krishna,Telangana,16.1059848,78.9417504,EPSG:4326,1964,IV,Concrete,60.29,304.34,2562182.12,170442506.99,23449171.28,128339929.71,Irrigation,3441.28,Under Construction,POINT (78.9417504 16.1059848),REAL_DAM_ANCHOR + SYNTHETIC_UNFILLED_PARAMETERS
IND_DAM_0038,Singur,Telangana,Godavari,Manjira,Telangana,17.7663656,77.9831953,EPSG:4326,1997,V,Earthfill,5.0,901.07,782826.83,276326270.61,46427841.48,227602205.68,Flood Control,3575.51,Under Construction,POINT (77.9831953 17.7663656),REAL_DAM_ANCHOR + SYNTHETIC_UNFILLED_PARAMETERS
IND_DAM_0039,Dumbur,Tripura,Ganga,Gomati,Tripura,23.3862232,91.7536643,EPSG:4326,1926,III,Earthfill,9.98,970.45,524380.73,665656964.26,224944332.97,628637741.08,Irrigation;Hydropower,3890.41,Under Construction,POINT (91.7536643 23.3862232),REAL_DAM_ANCHOR + SYNTHETIC_UNFILLED_PARAMETERS
IND_DAM_0040,Rihand,Uttar Pradesh,Ganga,Rihand,Uttar Pradesh,24.1189175,82.8624763,EPSG:4326,1942,III,Concrete/Earthfill,37.81,1408.76,8551121.69,370536621.22,92520114.32,286510877.78,Flood Control,4187.6,Operational,POINT (82.8624763 24.1189175),REAL_DAM_ANCHOR + SYNTHETIC_UNFILLED_PARAMETERS
IND_DAM_0041,Tehri,Uttarakhand,Ganga,Bhagirathi,Uttarakhand,30.3355242,78.5981889,EPSG:4326,1963,IV,Earthfill/Rockfill,78.45,1426.97,9596980.48,295462910.78,22527659.73,209285515.98,Multipurpose,3086.93,Operational,POINT (78.5981889 30.3355242),REAL_DAM_ANCHOR + SYNTHETIC_UNFILLED_PARAMETERS
IND_DAM_0042,Ramganga,Uttarakhand,Ganga,Ramganga,Uttarakhand,29.5671118,78.6669592,EPSG:4326,1938,IV,Concrete,56.91,1469.12,3795604.49,445845159.4,34867876.07,348716607.92,Multipurpose,2354.1,Operational,POINT (78.6669592 29.5671118),REAL_DAM_ANCHOR + SYNTHETIC_UNFILLED_PARAMETERS
IND_DAM_0043,Farakka,West Bengal,Ganga,Ganga,West Bengal,24.8309646,87.9586798,EPSG:4326,1959,IV,Barrages,21.0,432.28,1001821.47,104833710.93,19592237.49,75169292.4,Irrigation,2556.09,Operational,POINT (87.9586798 24.8309646),REAL_DAM_ANCHOR + SYNTHETIC_UNFILLED_PARAMETERS
IND_DAM_0044,Kangsabati,West Bengal,Ganga,Kangsabati,West Bengal,23.1690379,87.1719879,EPSG:4326,1949,IV,Earthfill,13.5,640.69,369894.62,18449269.02,1653315.5,13092729.07,Irrigation;Hydropower,1048.57,Operational,POINT (87.1719879 23.1690379),REAL_DAM_ANCHOR + SYNTHETIC_UNFILLED_PARAMETERS
IND_DAM_0045,Salal,Jammu and Kashmir,Indus,Chenab,Jammu and Kashmir,33.2988313,74.8181691,EPSG:4326,2006,V,Concrete,67.44,670.75,3162218.36,298172284.2,27583796.21,271091608.16,Irrigation,3556.52,Under Construction,POINT (74.8181691 33.2988313),REAL_DAM_ANCHOR + SYNTHETIC_UNFILLED_PARAMETERS
IND_DAM_0046,Baglihar,Jammu and Kashmir,Indus,Chenab,Jammu and Kashmir,33.053929,75.267574,EPSG:4326,1977,IV,Concrete,35.31,1291.98,3455494.21,442309076.18,30468343.49,410610465.95,Multipurpose,3822.69,Operational,POINT (75.2675740 33.0539290),REAL_DAM_ANCHOR + SYNTHETIC_UNFILLED_PARAMETERS
IND_DAM_0047,Nimoo Bazgo,Ladakh,Indus,Indus,Ladakh,34.1593303,77.6788649,EPSG:4326,1965,IV,Concrete,40.69,477.96,3429859.08,510033121.14,179091075.17,423637754.08,Drinking Water,1192.2,Under Construction,POINT (77.6788649 34.1593303),REAL_DAM_ANCHOR + SYNTHETIC_UNFILLED_PARAMETERS
IND_DAM_0048,Polavaram - Prototype Record 48,Andhra Pradesh,Godavari,Godavari,Andhra Pradesh,17.3877371,81.6406713,EPSG:4326,1945,IV,Concrete/Gravity,62.33,1381.3,14743977.66,168036226.2,21167069.96,139842302.04,Drinking Water,2098.94,Under Construction,POINT (81.6406713 17.3877371),REAL_NAME/ANCHOR + SYNTHETIC_PROTOTYPE_PARAMETERS
IND_DAM_0049,Srisailam - Prototype Record 49,Andhra Pradesh,Krishna,Krishna,Andhra Pradesh,16.0005782,78.9452677,EPSG:4326,2015,II,Masonry/Concrete,74.71,1466.62,16282442.56,131160103.38,10001924.3,117002866.57,Flood Control,3011.01,Operational,POINT (78.9452677 16.0005782),REAL_NAME/ANCHOR + SYNTHETIC_PROTOTYPE_PARAMETERS
IND_DAM_0050,Nagarjuna Sagar - Prototype Record 50,Andhra Pradesh,Krishna,Krishna,Andhra Pradesh,16.5201523,79.2873093,EPSG:4326,1994,V,Masonry,42.37,2517.06,18745836.18,39682818.26,4712877.59,26882938.12,Hydropower,494.64,Operational,POINT (79.2873093 16.5201523),REAL_NAME/ANCHOR + SYNTHETIC_PROTOTYPE_PARAMETERS
IND_DAM_0051,Ranganadi - Prototype Record 51,Arunachal Pradesh,Brahmaputra,Ranganadi,Arunachal Pradesh,27.5035806,94.2754293,EPSG:4326,2017,II,Concrete,13.77,574.06,879791.89,18657767.16,2307247.25,17295180.46,Flood Control,908.75,Under Construction,POINT (94.2754293 27.5035806),REAL_NAME/ANCHOR + SYNTHETIC_PROTOTYPE_PARAMETERS
IND_DAM_0052,Karbi Langpi - Prototype Record 52,Assam,Brahmaputra,Borpani,Assam,25.6009942,92.6221759,EPSG:4326,1969,IV,Concrete,38.97,1795.56,5685427.19,271394372.39,34780554.37,208900082.96,Flood Control,4461.05,Operational,POINT (92.6221759 25.6009942),REAL_NAME/ANCHOR + SYNTHETIC_PROTOTYPE_PARAMETERS
IND_DAM_0053,Kohira - Prototype Record 53,Bihar,Ganga,Kohira,Bihar,24.9801553,83.4696953,EPSG:4326,1917,III,Earthfill,49.46,293.54,1735574.86,758862665.0,63304396.52,676659920.73,Multipurpose,2250.13,Operational,POINT (83.4696953 24.9801553),REAL_NAME/ANCHOR + SYNTHETIC_PROTOTYPE_PARAMETERS
IND_DAM_0054,Gangrel - Prototype Record 54,Chhattisgarh,Mahanadi,Mahanadi,Chhattisgarh,20.0503872,81.2250187,EPSG:4326,1975,IV,Masonry,45.53,623.09,3488496.31,142326322.38,13940884.32,93381523.81,Irrigation,2059.49,Under Construction,POINT (81.2250187 20.0503872),REAL_NAME/ANCHOR + SYNTHETIC_PROTOTYPE_PARAMETERS
IND_DAM_0055,Salaulim - Prototype Record 55,Goa,West Coast,Salaulim,Goa,15.2166361,74.1577741,EPSG:4326,1989,II,Earthfill,59.96,323.38,3193731.44,81598129.55,7905003.91,56426942.24,Flood Control,916.92,Operational,POINT (74.1577741 15.2166361),REAL_NAME/ANCHOR + SYNTHETIC_PROTOTYPE_PARAMETERS
IND_DAM_0056,Sardar Sarovar - Prototype Record 56,Gujarat,Narmada,Narmada,Gujarat,21.8667673,73.7738758,EPSG:4326,1956,IV,Concrete/Gravity,54.46,425.29,3651306.94,106552247.13,14839966.85,96206494.21,Hydropower,2283.11,Under Construction,POINT (73.7738758 21.8667673),REAL_NAME/ANCHOR + SYNTHETIC_PROTOTYPE_PARAMETERS
IND_DAM_0057,Ukai - Prototype Record 57,Gujarat,Tapi,Tapi,Gujarat,21.3044245,73.6116007,EPSG:4326,1922,III,Earthfill/Concrete,51.57,487.26,2705086.8,181515236.22,23383845.88,121043603.16,Drinking Water,2674.23,Under Construction,POINT (73.6116007 21.3044245),REAL_NAME/ANCHOR + SYNTHETIC_PROTOTYPE_PARAMETERS
IND_DAM_0058,Kaushalya - Prototype Record 58,Haryana,Indus,Kaushalya,Haryana,30.5968352,76.9133671,EPSG:4326,2007,IV,Earthfill,57.23,823.4,5147710.36,1153344915.57,249124073.8,1075270616.82,Irrigation,9982.97,Operational,POINT (76.9133671 30.5968352),REAL_NAME/ANCHOR + SYNTHETIC_PROTOTYPE_PARAMETERS
IND_DAM_0059,Bhakra - Prototype Record 59,Himachal Pradesh,Indus,Sutlej,Himachal Pradesh,31.4652614,76.4807211,EPSG:4326,1935,II,Concrete/Gravity,67.34,1385.71,9227047.46,227551580.54,17175171.55,158656720.29,Irrigation;Hydropower,4514.32,Operational,POINT (76.4807211 31.4652614),REAL_NAME/ANCHOR + SYNTHETIC_PROTOTYPE_PARAMETERS
IND_DAM_0060,Pong - Prototype Record 60,Himachal Pradesh,Indus,Beas,Himachal Pradesh,31.7809968,76.9904975,EPSG:4326,1998,V,Earthfill,39.39,538.33,1085332.89,274855439.5,87580023.33,179303668.05,Multipurpose,3957.56,Operational,POINT (76.9904975 31.7809968),REAL_NAME/ANCHOR + SYNTHETIC_PROTOTYPE_PARAMETERS
IND_DAM_0061,Maithon - Prototype Record 61,Jharkhand,Damodar,Barakar,Jharkhand,23.8414893,86.7984579,EPSG:4326,1948,V,Concrete/Earthfill,61.64,2144.8,9373651.36,220972846.55,24508377.57,197359871.28,Hydropower,4308.0,Operational,POINT (86.7984579 23.8414893),REAL_NAME/ANCHOR + SYNTHETIC_PROTOTYPE_PARAMETERS
IND_DAM_0062,Panchet - Prototype Record 62,Jharkhand,Ganga,Damodar,Jharkhand,23.6648908,86.7619189,EPSG:4326,2023,II,Earthfill/Concrete,39.44,1214.73,8545212.42,113331196.85,16891224.01,105667224.13,Irrigation,2402.21,Operational,POINT (86.7619189 23.6648908),REAL_NAME/ANCHOR + SYNTHETIC_PROTOTYPE_PARAMETERS
IND_DAM_0063,Almatti - Prototype Record 63,Karnataka,Krishna,Krishna,Karnataka,16.2580408,75.9149952,EPSG:4326,1953,II,Concrete,46.97,394.31,1287180.79,80857610.96,9248531.59,57551010.29,Multipurpose,1646.79,Operational,POINT (75.9149952 16.2580408),REAL_NAME/ANCHOR + SYNTHETIC_PROTOTYPE_PARAMETERS
IND_DAM_0064,Krishna Raja Sagara - Prototype Record 64,Karnataka,Cauvery,Cauvery,Karnataka,12.4017981,76.5981052,EPSG:4326,2017,III,Masonry,54.07,1518.58,4356175.35,148902414.59,14180524.08,103906085.58,Flood Control,3058.81,Operational,POINT (76.5981052 12.4017981),REAL_NAME/ANCHOR + SYNTHETIC_PROTOTYPE_PARAMETERS
IND_DAM_0065,Tungabhadra - Prototype Record 65,Karnataka,Krishna,Tungabhadra,Karnataka,15.2131318,76.5685513,EPSG:4326,1903,IV,Masonry,36.18,2353.37,5085616.47,231103941.11,71434516.66,204282443.39,Irrigation,4350.72,Operational,POINT (76.5685513 15.2131318),REAL_NAME/ANCHOR + SYNTHETIC_PROTOTYPE_PARAMETERS
IND_DAM_0066,Idukki - Prototype Record 66,Kerala,West Coast,Periyar,Kerala,9.9971861,77.0821431,EPSG:4326,1921,II,Concrete/Arch,142.1,355.81,7509389.62,242086340.57,27620047.03,191036244.11,Drinking Water,2088.07,Under Construction,POINT (77.0821431 9.9971861),REAL_NAME/ANCHOR + SYNTHETIC_PROTOTYPE_PARAMETERS
IND_DAM_0067,Mullaperiyar - Prototype Record 67,Kerala,West Coast,Periyar,Kerala,9.4809114,77.1421893,EPSG:4326,1900,V,Masonry,51.2,1071.92,7657652.52,279748511.68,19134218.7,254556041.44,Flood Control,3702.38,Under Construction,POINT (77.1421893 9.4809114),REAL_NAME/ANCHOR + SYNTHETIC_PROTOTYPE_PARAMETERS
IND_DAM_0068,Indira Sagar - Prototype Record 68,Madhya Pradesh,Narmada,Narmada,Madhya Pradesh,22.2554819,76.5364586,EPSG:4326,2012,II,Concrete/Earthfill,59.23,714.41,4671249.69,250896427.19,43757797.74,186951824.2,Multipurpose,2919.81,Operational,POINT (76.5364586 22.2554819),REAL_NAME/ANCHOR + SYNTHETIC_PROTOTYPE_PARAMETERS
IND_DAM_0069,Bargi - Prototype Record 69,Madhya Pradesh,Narmada,Narmada,Madhya Pradesh,22.9348435,79.8502779,EPSG:4326,1997,II,Concrete,48.78,334.09,2441490.25,619028564.01,89835342.59,442250260.86,Irrigation;Hydropower,5833.7,Under Construction,POINT (79.8502779 22.9348435),REAL_NAME/ANCHOR + SYNTHETIC_PROTOTYPE_PARAMETERS
IND_DAM_0070,Koyna - Prototype Record 70,Maharashtra,Other,Koyna,Maharashtra,17.2613769,73.7703257,EPSG:4326,2020,V,Concrete/Gravity,48.81,915.82,6364268.56,1515371896.24,350159919.81,1185003022.05,Flood Control,6671.46,Under Construction,POINT (73.7703257 17.2613769),REAL_NAME/ANCHOR + SYNTHETIC_PROTOTYPE_PARAMETERS
IND_DAM_0071,Jayakwadi - Prototype Record 71,Maharashtra,Godavari,Godavari,Maharashtra,19.5905065,75.4125694,EPSG:4326,1914,II,Earthfill,14.44,1028.0,1351663.3,160645098.01,27663630.23,116286141.93,Hydropower,1024.03,Operational,POINT (75.4125694 19.5905065),REAL_NAME/ANCHOR + SYNTHETIC_PROTOTYPE_PARAMETERS
IND_DAM_0072,Khuga - Prototype Record 72,Manipur,Barak,Khuga,Manipur,24.5237567,93.6850493,EPSG:4326,1905,V,Earthfill,59.11,1746.82,5346825.36,270194033.24,33092838.88,253913448.29,Irrigation,3549.35,Under Construction,POINT (93.6850493 24.5237567),REAL_NAME/ANCHOR + SYNTHETIC_PROTOTYPE_PARAMETERS
IND_DAM_0073,Umiam - Prototype Record 73,Meghalaya,Brahmaputra,Umiam,Meghalaya,25.6904019,91.7492663,EPSG:4326,2022,II,Concrete,39.56,661.19,1443532.15,68729448.79,5037760.68,45900425.37,Multipurpose,1899.73,Operational,POINT (91.7492663 25.6904019),REAL_NAME/ANCHOR + SYNTHETIC_PROTOTYPE_PARAMETERS
IND_DAM_0074,Tuirial - Prototype Record 74,Mizoram,Barak,Tuirial,Mizoram,23.847527,92.6595045,EPSG:4326,1944,IV,Earthfill,5.0,945.87,273050.25,99709645.86,7208239.71,84151275.24,Multipurpose,1538.48,Operational,POINT (92.6595045 23.8475270),REAL_NAME/ANCHOR + SYNTHETIC_PROTOTYPE_PARAMETERS
IND_DAM_0075,Doyang - Prototype Record 75,Nagaland,Brahmaputra,Doyang,Nagaland,26.1766645,94.3949124,EPSG:4326,1922,IV,Earthfill,18.63,3544.05,11104381.91,143159879.91,10116707.7,130997363.61,Hydropower,1121.63,Operational,POINT (94.3949124 26.1766645),REAL_NAME/ANCHOR + SYNTHETIC_PROTOTYPE_PARAMETERS
IND_DAM_0076,Hirakud - Prototype Record 76,Odisha,Mahanadi,Mahanadi,Odisha,21.5447863,83.8974274,EPSG:4326,1910,II,Masonry/Earthfill,50.99,1985.71,14556037.98,415480054.77,37417524.86,366474787.19,Irrigation,1567.63,Under Construction,POINT (83.8974274 21.5447863),REAL_NAME/ANCHOR + SYNTHETIC_PROTOTYPE_PARAMETERS
IND_DAM_0077,Ranjit Sagar - Prototype Record 77,Punjab,Indus,Ravi,Punjab,32.4923837,75.5339847,EPSG:4326,1934,II,Concrete/Gravity,47.53,830.28,4836697.59,80870087.1,31752882.2,67767516.5,Drinking Water,616.81,Operational,POINT (75.5339847 32.4923837),REAL_NAME/ANCHOR + SYNTHETIC_PROTOTYPE_PARAMETERS
IND_DAM_0078,Bisalpur - Prototype Record 78,Rajasthan,Ganga,Banas,Rajasthan,25.7798761,75.3859983,EPSG:4326,1932,IV,Masonry,17.85,1560.85,1419569.82,250086270.9,19267265.35,232214122.05,Irrigation;Hydropower,1787.1,Operational,POINT (75.3859983 25.7798761),REAL_NAME/ANCHOR + SYNTHETIC_PROTOTYPE_PARAMETERS
IND_DAM_0079,Rana Pratap Sagar - Prototype Record 79,Rajasthan,Ganga,Chambal,Rajasthan,24.0407383,75.5793476,EPSG:4326,1938,III,Concrete,45.72,1498.14,5842513.18,633910190.07,42442107.65,471137365.97,Flood Control,7526.23,Operational,POINT (75.5793476 24.0407383),REAL_NAME/ANCHOR + SYNTHETIC_PROTOTYPE_PARAMETERS
IND_DAM_0080,Teesta V - Prototype Record 80,Sikkim,Ganga,Teesta,Sikkim,27.1802062,88.6564497,EPSG:4326,1952,III,Concrete,64.88,259.74,2075515.54,107352073.51,7375707.29,97300885.35,Irrigation,1169.4,Operational,POINT (88.6564497 27.1802062),REAL_NAME/ANCHOR + SYNTHETIC_PROTOTYPE_PARAMETERS
IND_DAM_0081,Mettur - Prototype Record 81,Tamil Nadu,Cauvery,Cauvery,Tamil Nadu,11.8062387,77.7325104,EPSG:4326,1944,IV,Masonry/Concrete,80.32,1754.37,9469608.71,55298829.02,6443785.1,37900840.31,Flood Control,500.42,Operational,POINT (77.7325104 11.8062387),REAL_NAME/ANCHOR + SYNTHETIC_PROTOTYPE_PARAMETERS
IND_DAM_0082,Bhavanisagar - Prototype Record 82,Tamil Nadu,Other,Bhavani,Tamil Nadu,11.2892236,77.3067508,EPSG:4326,1948,IV,Earthfill/Concrete,46.29,2679.55,21708326.65,1051173573.54,98772541.84,993954202.06,Flood Control,7053.29,Under Construction,POINT (77.3067508 11.2892236),REAL_NAME/ANCHOR + SYNTHETIC_PROTOTYPE_PARAMETERS
IND_DAM_0083,Sathanur - Prototype Record 83,Tamil Nadu,East Coast,Thenpennai,Tamil Nadu,12.1094514,79.0750735,EPSG:4326,1955,II,Concrete,54.28,881.93,4566744.96,391783089.94,39773444.63,362293237.31,Drinking Water,1537.48,Operational,POINT (79.0750735 12.1094514),REAL_NAME/ANCHOR + SYNTHETIC_PROTOTYPE_PARAMETERS
IND_DAM_0084,Srisailam Left Bank - Prototype Record 84,Telangana,Krishna,Krishna,Telangana,16.0459708,78.8854813,EPSG:4326,1945,V,Concrete,73.95,836.92,8194682.52,43731394.34,2953836.25,31064493.75,Flood Control,660.16,Operational,POINT (78.8854813 16.0459708),REAL_NAME/ANCHOR + SYNTHETIC_PROTOTYPE_PARAMETERS
IND_DAM_0085,Singur - Prototype Record 85,Telangana,Godavari,Manjira,Telangana,17.6754543,77.8831983,EPSG:4326,1993,II,Earthfill,73.28,1637.74,19126456.1,327257386.35,123317364.71,216191382.05,Flood Control,1842.44,Operational,POINT (77.8831983 17.6754543),REAL_NAME/ANCHOR + SYNTHETIC_PROTOTYPE_PARAMETERS
IND_DAM_0086,Dumbur - Prototype Record 86,Tripura,Ganga,Gomati,Tripura,23.4361219,91.737858,EPSG:4326,1968,IV,Earthfill,26.29,2156.01,6338467.3,86705373.67,24068624.73,73871896.74,Flood Control,1218.5,Under Construction,POINT (91.7378580 23.4361219),REAL_NAME/ANCHOR + SYNTHETIC_PROTOTYPE_PARAMETERS
IND_DAM_0087,Rihand - Prototype Record 87,Uttar Pradesh,Ganga,Rihand,Uttar Pradesh,24.2444009,83.003976,EPSG:4326,1982,II,Concrete/Earthfill,62.03,1509.3,12923154.57,50185456.55,4624597.14,42133941.06,Irrigation;Hydropower,1080.4,Under Construction,POINT (83.0039760 24.2444009),REAL_NAME/ANCHOR + SYNTHETIC_PROTOTYPE_PARAMETERS
IND_DAM_0088,Tehri - Prototype Record 88,Uttarakhand,Ganga,Bhagirathi,Uttarakhand,30.4757661,78.419886,EPSG:4326,1924,III,Earthfill/Rockfill,98.74,576.2,4764702.45,53509206.84,24576107.21,47379787.68,Irrigation,1415.83,Operational,POINT (78.4198860 30.4757661),REAL_NAME/ANCHOR + SYNTHETIC_PROTOTYPE_PARAMETERS
IND_DAM_0089,Ramganga - Prototype Record 89,Uttarakhand,Ganga,Ramganga,Uttarakhand,29.72979,78.6744778,EPSG:4326,1933,II,Concrete,33.52,1372.69,5528426.23,82893974.61,39517488.42,56274809.26,Irrigation;Hydropower,1973.69,Operational,POINT (78.6744778 29.7297900),REAL_NAME/ANCHOR + SYNTHETIC_PROTOTYPE_PARAMETERS
IND_DAM_0090,Farakka - Prototype Record 90,West Bengal,Ganga,Ganga,West Bengal,24.9327506,87.9211021,EPSG:4326,1952,IV,Barrages,6.96,780.52,558430.54,365913379.44,42003090.6,336653396.95,Multipurpose,1494.54,Under Construction,POINT (87.9211021 24.9327506),REAL_NAME/ANCHOR + SYNTHETIC_PROTOTYPE_PARAMETERS
IND_DAM_0091,Kangsabati - Prototype Record 91,West Bengal,Ganga,Kangsabati,West Bengal,22.9643499,87.2621784,EPSG:4326,1995,IV,Earthfill,41.2,1634.07,3772488.01,109438350.04,8806089.33,79431233.92,Irrigation,2132.12,Under Construction,POINT (87.2621784 22.9643499),REAL_NAME/ANCHOR + SYNTHETIC_PROTOTYPE_PARAMETERS
IND_DAM_0092,Salal - Prototype Record 92,Jammu and Kashmir,Indus,Chenab,Jammu and Kashmir,33.1300408,74.7725855,EPSG:4326,1952,V,Concrete,24.7,811.24,2860574.62,49715647.67,12766668.87,47052339.81,Hydropower,661.96,Operational,POINT (74.7725855 33.1300408),REAL_NAME/ANCHOR + SYNTHETIC_PROTOTYPE_PARAMETERS
IND_DAM_0093,Baglihar - Prototype Record 93,Jammu and Kashmir,Indus,Chenab,Jammu and Kashmir,33.1950995,75.3246698,EPSG:4326,1938,IV,Concrete,56.38,615.22,3946137.97,155955900.42,11173230.9,135174398.02,Drinking Water,2341.0,Operational,POINT (75.3246698 33.1950995),REAL_NAME/ANCHOR + SYNTHETIC_PROTOTYPE_PARAMETERS
IND_DAM_0094,Nimoo Bazgo - Prototype Record 94,Ladakh,Indus,Indus,Ladakh,34.187593,77.5291885,EPSG:4326,1989,III,Concrete,28.66,583.31,2757266.69,220270201.12,106961957.38,143672858.54,Hydropower,3636.33,Under Construction,POINT (77.5291885 34.1875930),REAL_NAME/ANCHOR + SYNTHETIC_PROTOTYPE_PARAMETERS
IND_DAM_0095,Polavaram - Prototype Record 95,Andhra Pradesh,Godavari,Godavari,Andhra Pradesh,17.3810712,81.7078903,EPSG:4326,1933,IV,Concrete/Gravity,50.93,357.12,1388029.39,188032073.83,18341517.44,142006892.37,Hydropower,2179.53,Operational,POINT (81.7078903 17.3810712),REAL_NAME/ANCHOR + SYNTHETIC_PROTOTYPE_PARAMETERS
IND_DAM_0096,Srisailam - Prototype Record 96,Andhra Pradesh,Krishna,Krishna,Andhra Pradesh,16.0742493,78.732739,EPSG:4326,1956,II,Masonry/Concrete,67.76,736.11,7423471.52,314160439.34,72130046.51,237673202.0,Hydropower,5221.24,Under Construction,POINT (78.7327390 16.0742493),REAL_NAME/ANCHOR + SYNTHETIC_PROTOTYPE_PARAMETERS
IND_DAM_0097,Nagarjuna Sagar - Prototype Record 97,Andhra Pradesh,Krishna,Krishna,Andhra Pradesh,16.4368939,79.1872575,EPSG:4326,2005,V,Masonry,80.46,1920.6,12684218.17,406371818.0,39988153.85,294202240.77,Drinking Water,1991.63,Under Construction,POINT (79.1872575 16.4368939),REAL_NAME/ANCHOR + SYNTHETIC_PROTOTYPE_PARAMETERS
IND_DAM_0098,Ranganadi - Prototype Record 98,Arunachal Pradesh,Brahmaputra,Ranganadi,Arunachal Pradesh,27.5346099,94.2888382,EPSG:4326,1999,IV,Concrete,57.31,456.71,1116939.52,207859676.52,17027699.16,156678184.34,Flood Control,1886.03,Operational,POINT (94.2888382 27.5346099),REAL_NAME/ANCHOR + SYNTHETIC_PROTOTYPE_PARAMETERS
IND_DAM_0099,Karbi Langpi - Prototype Record 99,Assam,Brahmaputra,Borpani,Assam,25.6421492,92.5690718,EPSG:4326,2015,III,Concrete,51.81,2180.24,17377423.4,338157661.53,27300693.73,307105030.93,Hydropower,2590.76,Operational,POINT (92.5690718 25.6421492),REAL_NAME/ANCHOR + SYNTHETIC_PROTOTYPE_PARAMETERS
IND_DAM_0100,Kohira - Prototype Record 100,Bihar,Ganga,Kohira,Bihar,24.9153421,83.5184174,EPSG:4326,2008,V,Earthfill,35.04,617.88,1924836.55,84384463.29,5704398.63,79820892.61,Hydropower,2500.65,Operational,POINT (83.5184174 24.9153421),REAL_NAME/ANCHOR + SYNTHETIC_PROTOTYPE_PARAMETERS
IND_DAM_0101,Gangrel - Prototype Record 101,Chhattisgarh,Mahanadi,Mahanadi,Chhattisgarh,20.1212748,81.3110273,EPSG:4326,1951,V,Masonry,50.14,2345.26,17803267.67,822510880.99,59974011.84,700861306.89,Drinking Water,3603.51,Under Construction,POINT (81.3110273 20.1212748),REAL_NAME/ANCHOR + SYNTHETIC_PROTOTYPE_PARAMETERS
IND_DAM_0102,Salaulim - Prototype Record 102,Goa,West Coast,Salaulim,Goa,15.1678528,73.9454538,EPSG:4326,1970,IV,Earthfill,22.59,748.29,2876126.66,1489175716.58,220967222.19,1095811517.4,Drinking Water,10633.7,Operational,POINT (73.9454538 15.1678528),REAL_NAME/ANCHOR + SYNTHETIC_PROTOTYPE_PARAMETERS
IND_DAM_0103,Sardar Sarovar - Prototype Record 103,Gujarat,Narmada,Narmada,Gujarat,21.8583468,73.7892715,EPSG:4326,2002,V,Concrete/Gravity,59.64,436.54,3436743.99,76970992.97,5464697.62,68469896.17,Multipurpose,933.76,Operational,POINT (73.7892715 21.8583468),REAL_NAME/ANCHOR + SYNTHETIC_PROTOTYPE_PARAMETERS
IND_DAM_0104,Ukai - Prototype Record 104,Gujarat,Tapi,Tapi,Gujarat,21.2989897,73.6484199,EPSG:4326,1956,IV,Earthfill/Concrete,62.22,1309.07,10967079.24,21074854.86,1519296.61,17910760.95,Irrigation;Hydropower,345.72,Operational,POINT (73.6484199 21.2989897),REAL_NAME/ANCHOR + SYNTHETIC_PROTOTYPE_PARAMETERS
IND_DAM_0105,Kaushalya - Prototype Record 105,Haryana,Indus,Kaushalya,Haryana,30.8251537,76.8526798,EPSG:4326,1974,II,Earthfill,5.0,270.89,64122.85,294548310.19,33100223.59,243300519.77,Irrigation;Hydropower,4134.59,Under Construction,POINT (76.8526798 30.8251537),REAL_NAME/ANCHOR + SYNTHETIC_PROTOTYPE_PARAMETERS
IND_DAM_0106,Bhakra - Prototype Record 106,Himachal Pradesh,Indus,Sutlej,Himachal Pradesh,31.437156,76.6932609,EPSG:4326,1993,II,Concrete/Gravity,79.85,1613.41,19280841.82,102460163.5,7415834.84,80997613.8,Hydropower,2869.03,Under Construction,POINT (76.6932609 31.4371560),REAL_NAME/ANCHOR + SYNTHETIC_PROTOTYPE_PARAMETERS
IND_DAM_0107,Pong - Prototype Record 107,Himachal Pradesh,Indus,Beas,Himachal Pradesh,31.8249726,76.9462217,EPSG:4326,1901,IV,Earthfill,9.09,1594.24,2003496.86,180074687.12,41378997.32,125563596.21,Hydropower,1623.79,Operational,POINT (76.9462217 31.8249726),REAL_NAME/ANCHOR + SYNTHETIC_PROTOTYPE_PARAMETERS
IND_DAM_0108,Maithon - Prototype Record 108,Jharkhand,Damodar,Barakar,Jharkhand,23.7896871,86.7349294,EPSG:4326,2007,III,Concrete/Earthfill,59.85,605.07,6416274.25,191118564.25,18571611.9,160055977.94,Multipurpose,3130.94,Operational,POINT (86.7349294 23.7896871),REAL_NAME/ANCHOR + SYNTHETIC_PROTOTYPE_PARAMETERS
IND_DAM_0109,Panchet - Prototype Record 109,Jharkhand,Ganga,Damodar,Jharkhand,23.6979038,86.6509832,EPSG:4326,1907,V,Earthfill/Concrete,52.4,772.2,2212022.1,98500374.54,25139672.48,72829539.56,Drinking Water,535.25,Operational,POINT (86.6509832 23.6979038),REAL_NAME/ANCHOR + SYNTHETIC_PROTOTYPE_PARAMETERS
IND_DAM_0110,Almatti - Prototype Record 110,Karnataka,Krishna,Krishna,Karnataka,16.3672502,75.9096137,EPSG:4326,2016,V,Concrete,31.27,410.13,1890845.3,81478470.4,10798449.3,66280167.9,Irrigation,1218.52,Under Construction,POINT (75.9096137 16.3672502),REAL_NAME/ANCHOR + SYNTHETIC_PROTOTYPE_PARAMETERS
IND_DAM_0111,Krishna Raja Sagara - Prototype Record 111,Karnataka,Cauvery,Cauvery,Karnataka,12.3574791,76.4623841,EPSG:4326,1902,II,Masonry,41.97,718.41,2800060.36,864579090.67,151949298.54,695186967.82,Hydropower,5726.58,Operational,POINT (76.4623841 12.3574791),REAL_NAME/ANCHOR + SYNTHETIC_PROTOTYPE_PARAMETERS
IND_DAM_0112,Tungabhadra - Prototype Record 112,Karnataka,Krishna,Tungabhadra,Karnataka,15.1569577,76.3236462,EPSG:4326,1953,V,Masonry,70.24,1847.69,8422000.65,261488715.31,20241881.13,170784460.76,Flood Control,1278.02,Operational,POINT (76.3236462 15.1569577),REAL_NAME/ANCHOR + SYNTHETIC_PROTOTYPE_PARAMETERS
IND_DAM_0113,Idukki - Prototype Record 113,Kerala,West Coast,Periyar,Kerala,9.9659544,77.0890702,EPSG:4326,2010,II,Concrete/Arch,171.49,1736.81,15087796.64,411315062.96,58201429.67,278945311.9,Hydropower,3834.02,Operational,POINT (77.0890702 9.9659544),REAL_NAME/ANCHOR + SYNTHETIC_PROTOTYPE_PARAMETERS
IND_DAM_0114,Mullaperiyar - Prototype Record 114,Kerala,West Coast,Periyar,Kerala,9.6035088,77.1286882,EPSG:4326,1972,II,Masonry,57.78,2532.17,5964178.58,138213799.33,28264709.22,130030365.45,Irrigation,2672.21,Under Construction,POINT (77.1286882 9.6035088),REAL_NAME/ANCHOR + SYNTHETIC_PROTOTYPE_PARAMETERS
IND_DAM_0115,Indira Sagar - Prototype Record 115,Madhya Pradesh,Narmada,Narmada,Madhya Pradesh,22.3730871,76.5309996,EPSG:4326,1924,IV,Concrete/Earthfill,52.11,2174.87,7913534.65,74597722.66,24700025.56,57342398.92,Multipurpose,926.36,Under Construction,POINT (76.5309996 22.3730871),REAL_NAME/ANCHOR + SYNTHETIC_PROTOTYPE_PARAMETERS
IND_DAM_0116,Bargi - Prototype Record 116,Madhya Pradesh,Narmada,Narmada,Madhya Pradesh,22.9128228,79.9331576,EPSG:4326,1947,III,Concrete,33.33,1154.66,6547909.74,191669864.16,13982383.29,143368806.36,Irrigation,1410.25,Under Construction,POINT (79.9331576 22.9128228),REAL_NAME/ANCHOR + SYNTHETIC_PROTOTYPE_PARAMETERS
IND_DAM_0117,Koyna - Prototype Record 117,Maharashtra,Other,Koyna,Maharashtra,17.3547723,73.8152464,EPSG:4326,1952,II,Concrete/Gravity,64.92,487.96,5189937.05,131196974.58,15024554.5,102866414.14,Irrigation,3032.15,Operational,POINT (73.8152464 17.3547723),REAL_NAME/ANCHOR + SYNTHETIC_PROTOTYPE_PARAMETERS
IND_DAM_0118,Jayakwadi - Prototype Record 118,Maharashtra,Godavari,Godavari,Maharashtra,19.483472,75.306082,EPSG:4326,1950,III,Earthfill,38.64,805.54,1458446.96,202194086.33,19377594.6,157538418.11,Hydropower,3448.6,Operational,POINT (75.3060820 19.4834720),REAL_NAME/ANCHOR + SYNTHETIC_PROTOTYPE_PARAMETERS
IND_DAM_0119,Khuga - Prototype Record 119,Manipur,Barak,Khuga,Manipur,24.5151869,93.5787857,EPSG:4326,1948,II,Earthfill,22.61,1836.42,5158667.34,377963166.4,147627546.57,271997629.17,Irrigation,2546.5,Operational,POINT (93.5787857 24.5151869),REAL_NAME/ANCHOR + SYNTHETIC_PROTOTYPE_PARAMETERS
IND_DAM_0120,Umiam - Prototype Record 120,Meghalaya,Brahmaputra,Umiam,Meghalaya,25.811436,91.743539,EPSG:4326,1959,II,Concrete,23.61,609.23,2252301.28,919165447.96,224325195.12,694248978.14,Drinking Water,3330.73,Operational,POINT (91.7435390 25.8114360),REAL_NAME/ANCHOR + SYNTHETIC_PROTOTYPE_PARAMETERS
IND_DAM_0121,Tuirial - Prototype Record 121,Mizoram,Barak,Tuirial,Mizoram,23.7649351,92.8071128,EPSG:4326,1932,IV,Earthfill,15.22,2435.98,5657137.04,176961072.27,17104871.47,149122684.55,Irrigation,3144.07,Operational,POINT (92.8071128 23.7649351),REAL_NAME/ANCHOR + SYNTHETIC_PROTOTYPE_PARAMETERS
IND_DAM_0122,Doyang - Prototype Record 122,Nagaland,Brahmaputra,Doyang,Nagaland,26.2244843,94.4552699,EPSG:4326,1947,V,Earthfill,35.4,955.17,4243668.41,130899441.28,21133606.92,122429124.34,Irrigation;Hydropower,2911.41,Under Construction,POINT (94.4552699 26.2244843),REAL_NAME/ANCHOR + SYNTHETIC_PROTOTYPE_PARAMETERS
IND_DAM_0123,Hirakud - Prototype Record 123,Odisha,Mahanadi,Mahanadi,Odisha,21.4962731,83.7996061,EPSG:4326,2001,II,Masonry/Earthfill,34.22,1522.18,6776712.93,95816269.77,14968135.14,66567677.31,Drinking Water,740.28,Operational,POINT (83.7996061 21.4962731),REAL_NAME/ANCHOR + SYNTHETIC_PROTOTYPE_PARAMETERS
IND_DAM_0124,Ranjit Sagar - Prototype Record 124,Punjab,Indus,Ravi,Punjab,32.5669954,75.711842,EPSG:4326,2015,III,Concrete/Gravity,31.26,1186.23,3918824.76,48045183.66,6665064.99,37258742.03,Drinking Water,967.08,Operational,POINT (75.7118420 32.5669954),REAL_NAME/ANCHOR + SYNTHETIC_PROTOTYPE_PARAMETERS
IND_DAM_0125,Bisalpur - Prototype Record 125,Rajasthan,Ganga,Banas,Rajasthan,25.7805045,75.4630648,EPSG:4326,2021,V,Masonry,64.91,1075.82,9375595.12,90220608.05,14838826.2,85568978.72,Hydropower,2480.51,Operational,POINT (75.4630648 25.7805045),REAL_NAME/ANCHOR + SYNTHETIC_PROTOTYPE_PARAMETERS
IND_DAM_0126,Rana Pratap Sagar - Prototype Record 126,Rajasthan,Ganga,Chambal,Rajasthan,23.9875366,75.5986184,EPSG:4326,2021,V,Concrete,59.45,642.6,2621529.15,99968686.63,8330356.44,87117594.6,Multipurpose,2628.64,Under Construction,POINT (75.5986184 23.9875366),REAL_NAME/ANCHOR + SYNTHETIC_PROTOTYPE_PARAMETERS
IND_DAM_0127,Teesta V - Prototype Record 127,Sikkim,Ganga,Teesta,Sikkim,26.9819223,88.8215222,EPSG:4326,1992,IV,Concrete,60.05,1694.18,6868917.55,1112150773.51,101301410.08,975800064.11,Irrigation,6446.39,Operational,POINT (88.8215222 26.9819223),REAL_NAME/ANCHOR + SYNTHETIC_PROTOTYPE_PARAMETERS
IND_DAM_0128,Mettur - Prototype Record 128,Tamil Nadu,Cauvery,Cauvery,Tamil Nadu,11.6723832,77.8550466,EPSG:4326,2011,IV,Masonry/Concrete,58.87,1764.74,15509629.43,186485561.5,19946275.6,122555751.61,Multipurpose,1075.16,Operational,POINT (77.8550466 11.6723832),REAL_NAME/ANCHOR + SYNTHETIC_PROTOTYPE_PARAMETERS
IND_DAM_0129,Bhavanisagar - Prototype Record 129,Tamil Nadu,Other,Bhavani,Tamil Nadu,11.3482933,77.1024901,EPSG:4326,1900,III,Earthfill/Concrete,52.04,906.28,5162857.29,136588454.76,24420815.23,123861601.29,Irrigation,2596.64,Under Construction,POINT (77.1024901 11.3482933),REAL_NAME/ANCHOR + SYNTHETIC_PROTOTYPE_PARAMETERS
IND_DAM_0130,Sathanur - Prototype Record 130,Tamil Nadu,East Coast,Thenpennai,Tamil Nadu,12.1052156,78.8987661,EPSG:4326,1944,IV,Concrete,45.47,980.45,4069773.1,45763463.31,18248976.17,35827820.38,Hydropower,1935.16,Operational,POINT (78.8987661 12.1052156),REAL_NAME/ANCHOR + SYNTHETIC_PROTOTYPE_PARAMETERS
IND_DAM_0131,Srisailam Left Bank - Prototype Record 131,Telangana,Krishna,Krishna,Telangana,16.2351782,78.8966153,EPSG:4326,1938,IV,Concrete,34.07,487.4,2189839.47,94782464.69,9360950.75,76800411.89,Irrigation,1306.4,Operational,POINT (78.8966153 16.2351782),REAL_NAME/ANCHOR + SYNTHETIC_PROTOTYPE_PARAMETERS
IND_DAM_0132,Singur - Prototype Record 132,Telangana,Godavari,Manjira,Telangana,17.7598875,77.9042195,EPSG:4326,2013,II,Earthfill,14.62,1495.06,3553259.75,224219399.54,39017490.32,171309528.74,Multipurpose,3200.65,Under Construction,POINT (77.9042195 17.7598875),REAL_NAME/ANCHOR + SYNTHETIC_PROTOTYPE_PARAMETERS
IND_DAM_0133,Dumbur - Prototype Record 133,Tripura,Ganga,Gomati,Tripura,23.5882323,91.6858419,EPSG:4326,1987,II,Earthfill,28.86,807.9,2583676.02,871355131.92,86437678.74,753135464.49,Hydropower,2200.79,Operational,POINT (91.6858419 23.5882323),REAL_NAME/ANCHOR + SYNTHETIC_PROTOTYPE_PARAMETERS
IND_DAM_0134,Rihand - Prototype Record 134,Uttar Pradesh,Ganga,Rihand,Uttar Pradesh,24.30215,82.9847461,EPSG:4326,1990,III,Concrete/Earthfill,70.11,1624.02,19787364.65,342346982.99,70595401.95,223850482.41,Irrigation,5530.51,Operational,POINT (82.9847461 24.3021500),REAL_NAME/ANCHOR + SYNTHETIC_PROTOTYPE_PARAMETERS
IND_DAM_0135,Tehri - Prototype Record 135,Uttarakhand,Ganga,Bhagirathi,Uttarakhand,30.307067,78.4464802,EPSG:4326,1926,IV,Earthfill/Rockfill,90.83,472.71,5003471.11,276005976.47,26806155.13,193388480.41,Drinking Water,2481.18,Operational,POINT (78.4464802 30.3070670),REAL_NAME/ANCHOR + SYNTHETIC_PROTOTYPE_PARAMETERS
IND_DAM_0136,Ramganga - Prototype Record 136,Uttarakhand,Ganga,Ramganga,Uttarakhand,29.5951759,78.7341566,EPSG:4326,1981,II,Concrete,61.94,1141.84,9148771.33,200931734.22,16304033.04,176143485.59,Irrigation;Hydropower,4084.7,Under Construction,POINT (78.7341566 29.5951759),REAL_NAME/ANCHOR + SYNTHETIC_PROTOTYPE_PARAMETERS
IND_DAM_0137,Farakka - Prototype Record 137,West Bengal,Ganga,Ganga,West Bengal,24.7251944,87.9462861,EPSG:4326,2007,IV,Barrages,10.39,327.89,273009.44,93639469.14,14282356.75,68704165.83,Drinking Water,626.23,Operational,POINT (87.9462861 24.7251944),REAL_NAME/ANCHOR + SYNTHETIC_PROTOTYPE_PARAMETERS
IND_DAM_0138,Kangsabati - Prototype Record 138,West Bengal,Ganga,Kangsabati,West Bengal,23.0139053,87.0470901,EPSG:4326,2016,IV,Earthfill,48.42,267.61,1737462.88,383582730.54,55169850.88,332634510.45,Multipurpose,4794.45,Under Construction,POINT (87.0470901 23.0139053),REAL_NAME/ANCHOR + SYNTHETIC_PROTOTYPE_PARAMETERS
IND_DAM_0139,Salal - Prototype Record 139,Jammu and Kashmir,Indus,Chenab,Jammu and Kashmir,33.224262,74.8897141,EPSG:4326,1954,IV,Concrete,42.37,298.64,1637679.13,114859259.86,11108753.05,98797863.86,Irrigation,605.62,Operational,POINT (74.8897141 33.2242620),REAL_NAME/ANCHOR + SYNTHETIC_PROTOTYPE_PARAMETERS
IND_DAM_0140,Baglihar - Prototype Record 140,Jammu and Kashmir,Indus,Chenab,Jammu and Kashmir,33.2099804,75.2723373,EPSG:4326,1978,II,Concrete,56.3,522.43,5162536.69,417622021.9,118865315.41,384067151.09,Multipurpose,1536.28,Operational,POINT (75.2723373 33.2099804),REAL_NAME/ANCHOR + SYNTHETIC_PROTOTYPE_PARAMETERS
IND_DAM_0141,Nimoo Bazgo - Prototype Record 141,Ladakh,Indus,Indus,Ladakh,34.2323247,77.4913952,EPSG:4326,1923,V,Concrete,54.09,1037.02,2579143.5,396189124.42,60765978.02,340168638.93,Drinking Water,1909.58,Operational,POINT (77.4913952 34.2323247),REAL_NAME/ANCHOR + SYNTHETIC_PROTOTYPE_PARAMETERS
IND_DAM_0142,Polavaram - Prototype Record 142,Andhra Pradesh,Godavari,Godavari,Andhra Pradesh,17.3105058,81.5403974,EPSG:4326,1918,III,Concrete/Gravity,64.12,2293.65,23530076.48,91281708.84,6115080.52,85924533.38,Irrigation;Hydropower,1357.33,Operational,POINT (81.5403974 17.3105058),REAL_NAME/ANCHOR + SYNTHETIC_PROTOTYPE_PARAMETERS
IND_DAM_0143,Srisailam - Prototype Record 143,Andhra Pradesh,Krishna,Krishna,Andhra Pradesh,16.0441498,78.9686605,EPSG:4326,1974,V,Masonry/Concrete,53.76,720.14,2775430.17,135559445.36,17529973.34,98331871.07,Irrigation,3168.52,Operational,POINT (78.9686605 16.0441498),REAL_NAME/ANCHOR + SYNTHETIC_PROTOTYPE_PARAMETERS
IND_DAM_0144,Nagarjuna Sagar - Prototype Record 144,Andhra Pradesh,Krishna,Krishna,Andhra Pradesh,16.7002817,79.3566454,EPSG:4326,2013,IV,Masonry,36.56,880.66,4382782.76,277514736.87,26257909.12,188766548.38,Irrigation,3939.29,Operational,POINT (79.3566454 16.7002817),REAL_NAME/ANCHOR + SYNTHETIC_PROTOTYPE_PARAMETERS
IND_DAM_0145,Ranganadi - Prototype Record 145,Arunachal Pradesh,Brahmaputra,Ranganadi,Arunachal Pradesh,27.4354765,94.2687614,EPSG:4326,1904,II,Concrete,41.9,1100.39,2352444.81,27082393.83,3475073.88,21644829.5,Irrigation;Hydropower,887.89,Operational,POINT (94.2687614 27.4354765),REAL_NAME/ANCHOR + SYNTHETIC_PROTOTYPE_PARAMETERS
IND_DAM_0146,Karbi Langpi - Prototype Record 146,Assam,Brahmaputra,Borpani,Assam,25.7392408,92.6692166,EPSG:4326,2014,II,Concrete,37.15,607.89,1233380.82,88960517.53,11925461.19,64946945.8,Hydropower,1063.78,Under Construction,POINT (92.6692166 25.7392408),REAL_NAME/ANCHOR + SYNTHETIC_PROTOTYPE_PARAMETERS
IND_DAM_0147,Kohira - Prototype Record 147,Bihar,Ganga,Kohira,Bihar,24.9974886,83.5223332,EPSG:4326,1982,III,Earthfill,46.43,811.86,1924987.53,490982944.81,37990289.53,390194376.88,Multipurpose,1846.61,Operational,POINT (83.5223332 24.9974886),REAL_NAME/ANCHOR + SYNTHETIC_PROTOTYPE_PARAMETERS
IND_DAM_0148,Gangrel - Prototype Record 148,Chhattisgarh,Mahanadi,Mahanadi,Chhattisgarh,20.0469449,81.226851,EPSG:4326,1901,V,Masonry,32.1,1308.01,6326217.93,124139624.88,14536273.48,116414639.04,Flood Control,1407.93,Operational,POINT (81.2268510 20.0469449),REAL_NAME/ANCHOR + SYNTHETIC_PROTOTYPE_PARAMETERS
IND_DAM_0149,Salaulim - Prototype Record 149,Goa,West Coast,Salaulim,Goa,15.2727681,73.9076769,EPSG:4326,2020,III,Earthfill,10.23,2039.98,1817834.07,103703821.8,22223672.75,90710704.22,Irrigation;Hydropower,1569.17,Operational,POINT (73.9076769 15.2727681),REAL_NAME/ANCHOR + SYNTHETIC_PROTOTYPE_PARAMETERS
IND_DAM_0150,Sardar Sarovar - Prototype Record 150,Gujarat,Narmada,Narmada,Gujarat,21.9534285,73.7457168,EPSG:4326,1986,IV,Concrete/Gravity,64.36,813.3,6471090.4,454809264.95,101887557.21,361585477.09,Drinking Water,4674.43,Operational,POINT (73.7457168 21.9534285),REAL_NAME/ANCHOR + SYNTHETIC_PROTOTYPE_PARAMETERS
IND_DAM_0151,Ukai - Prototype Record 151,Gujarat,Tapi,Tapi,Gujarat,21.3384566,73.5396159,EPSG:4326,2020,II,Earthfill/Concrete,33.39,1352.9,7217900.67,108939813.08,38045528.55,75688145.51,Flood Control,2445.59,Operational,POINT (73.5396159 21.3384566),REAL_NAME/ANCHOR + SYNTHETIC_PROTOTYPE_PARAMETERS
IND_DAM_0152,Kaushalya - Prototype Record 152,Haryana,Indus,Kaushalya,Haryana,30.8532423,76.8205629,EPSG:4326,1960,IV,Earthfill,12.28,1174.82,1442551.16,32138249.97,4095451.76,27186286.69,Drinking Water,1098.1,Operational,POINT (76.8205629 30.8532423),REAL_NAME/ANCHOR + SYNTHETIC_PROTOTYPE_PARAMETERS
IND_DAM_0153,Bhakra - Prototype Record 153,Himachal Pradesh,Indus,Sutlej,Himachal Pradesh,31.4339073,76.4769386,EPSG:4326,1905,V,Concrete/Gravity,46.11,441.38,1826042.65,1011427138.28,67506718.87,798333042.47,Flood Control,5690.63,Operational,POINT (76.4769386 31.4339073),REAL_NAME/ANCHOR + SYNTHETIC_PROTOTYPE_PARAMETERS
IND_DAM_0154,Pong - Prototype Record 154,Himachal Pradesh,Indus,Beas,Himachal Pradesh,31.8268226,76.8542908,EPSG:4326,1998,III,Earthfill,12.86,900.38,927836.7,246280184.01,20582248.58,205615022.97,Multipurpose,3691.39,Operational,POINT (76.8542908 31.8268226),REAL_NAME/ANCHOR + SYNTHETIC_PROTOTYPE_PARAMETERS
IND_DAM_0155,Maithon - Prototype Record 155,Jharkhand,Damodar,Barakar,Jharkhand,23.8649417,86.7163061,EPSG:4326,1996,II,Concrete/Earthfill,51.31,820.96,4374794.68,134451747.3,13591165.49,117220732.59,Irrigation,1135.2,Operational,POINT (86.7163061 23.8649417),REAL_NAME/ANCHOR + SYNTHETIC_PROTOTYPE_PARAMETERS
IND_DAM_0156,Panchet - Prototype Record 156,Jharkhand,Ganga,Damodar,Jharkhand,23.4771153,86.7324487,EPSG:4326,1945,II,Earthfill/Concrete,51.78,346.19,2735690.99,118363622.07,13248510.14,85244825.32,Hydropower,1435.01,Operational,POINT (86.7324487 23.4771153),REAL_NAME/ANCHOR + SYNTHETIC_PROTOTYPE_PARAMETERS
IND_DAM_0157,Almatti - Prototype Record 157,Karnataka,Krishna,Krishna,Karnataka,16.2996888,75.7801442,EPSG:4326,2012,III,Concrete,35.56,1603.45,2707076.4,28055337.08,4452853.8,23487350.67,Drinking Water,1042.35,Operational,POINT (75.7801442 16.2996888),REAL_NAME/ANCHOR + SYNTHETIC_PROTOTYPE_PARAMETERS
IND_DAM_0158,Krishna Raja Sagara - Prototype Record 158,Karnataka,Cauvery,Cauvery,Karnataka,12.4029501,76.4631886,EPSG:4326,1997,IV,Masonry,60.78,564.43,4696849.86,114313349.99,9455314.97,75944469.32,Irrigation;Hydropower,2904.91,Operational,POINT (76.4631886 12.4029501),REAL_NAME/ANCHOR + SYNTHETIC_PROTOTYPE_PARAMETERS
IND_DAM_0159,Tungabhadra - Prototype Record 159,Karnataka,Krishna,Tungabhadra,Karnataka,15.3106594,76.2887024,EPSG:4326,1932,IV,Masonry,70.51,784.06,9276866.29,243628815.42,17006806.08,188412258.81,Flood Control,2812.35,Operational,POINT (76.2887024 15.3106594),REAL_NAME/ANCHOR + SYNTHETIC_PROTOTYPE_PARAMETERS
IND_DAM_0160,Idukki - Prototype Record 160,Kerala,West Coast,Periyar,Kerala,9.7025077,76.9876116,EPSG:4326,2017,II,Concrete/Arch,160.5,1361.2,28350708.54,207762794.85,22659203.06,180615887.85,Flood Control,2406.91,Operational,POINT (76.9876116 9.7025077),REAL_NAME/ANCHOR + SYNTHETIC_PROTOTYPE_PARAMETERS
IND_DAM_0161,Mullaperiyar - Prototype Record 161,Kerala,West Coast,Periyar,Kerala,9.4379476,76.9886992,EPSG:4326,1967,II,Masonry,41.35,1133.14,7246261.85,205969725.35,30940841.63,135466839.48,Multipurpose,2391.12,Operational,POINT (76.9886992 9.4379476),REAL_NAME/ANCHOR + SYNTHETIC_PROTOTYPE_PARAMETERS
IND_DAM_0162,Indira Sagar - Prototype Record 162,Madhya Pradesh,Narmada,Narmada,Madhya Pradesh,22.3387459,76.6258755,EPSG:4326,1966,III,Concrete/Earthfill,60.27,699.66,1781299.91,282437056.44,72628435.8,207768969.21,Flood Control,3565.17,Operational,POINT (76.6258755 22.3387459),REAL_NAME/ANCHOR + SYNTHETIC_PROTOTYPE_PARAMETERS
IND_DAM_0163,Bargi - Prototype Record 163,Madhya Pradesh,Narmada,Narmada,Madhya Pradesh,23.0095433,79.9218033,EPSG:4326,1919,V,Concrete,38.77,1722.13,10208930.17,456602092.1,39747530.71,378221684.08,Multipurpose,6278.8,Operational,POINT (79.9218033 23.0095433),REAL_NAME/ANCHOR + SYNTHETIC_PROTOTYPE_PARAMETERS
IND_DAM_0164,Koyna - Prototype Record 164,Maharashtra,Other,Koyna,Maharashtra,17.3638592,73.719258,EPSG:4326,2006,IV,Concrete/Gravity,51.27,731.83,5238673.48,29404072.26,2937944.94,19957154.45,Flood Control,1222.3,Operational,POINT (73.7192580 17.3638592),REAL_NAME/ANCHOR + SYNTHETIC_PROTOTYPE_PARAMETERS
IND_DAM_0165,Jayakwadi - Prototype Record 165,Maharashtra,Godavari,Godavari,Maharashtra,19.5021772,75.297919,EPSG:4326,1987,III,Earthfill,33.1,1326.55,1941740.11,216200326.01,47854632.54,171900718.83,Drinking Water,1268.82,Operational,POINT (75.2979190 19.5021772),REAL_NAME/ANCHOR + SYNTHETIC_PROTOTYPE_PARAMETERS
IND_DAM_0166,Khuga - Prototype Record 166,Manipur,Barak,Khuga,Manipur,24.6179678,93.5444112,EPSG:4326,1983,IV,Earthfill,13.77,863.6,1470653.51,133977547.74,35144018.6,87761723.03,Irrigation;Hydropower,687.67,Operational,POINT (93.5444112 24.6179678),REAL_NAME/ANCHOR + SYNTHETIC_PROTOTYPE_PARAMETERS
IND_DAM_0167,Umiam - Prototype Record 167,Meghalaya,Brahmaputra,Umiam,Meghalaya,25.5507399,91.8799731,EPSG:4326,1995,III,Concrete,44.95,401.2,876072.33,52566792.45,8551337.49,47495708.3,Irrigation;Hydropower,1012.88,Operational,POINT (91.8799731 25.5507399),REAL_NAME/ANCHOR + SYNTHETIC_PROTOTYPE_PARAMETERS
IND_DAM_0168,Tuirial - Prototype Record 168,Mizoram,Barak,Tuirial,Mizoram,23.7914539,92.6503295,EPSG:4326,1940,II,Earthfill,58.12,143.64,971526.98,238345735.56,23661919.8,188763019.71,Irrigation,2876.59,Under Construction,POINT (92.6503295 23.7914539),REAL_NAME/ANCHOR + SYNTHETIC_PROTOTYPE_PARAMETERS
IND_DAM_0169,Doyang - Prototype Record 169,Nagaland,Brahmaputra,Doyang,Nagaland,26.1069052,94.2317457,EPSG:4326,1925,IV,Earthfill,52.7,446.17,3109788.47,533298380.01,35694942.58,460620238.31,Irrigation,6196.46,Operational,POINT (94.2317457 26.1069052),REAL_NAME/ANCHOR + SYNTHETIC_PROTOTYPE_PARAMETERS
IND_DAM_0170,Hirakud - Prototype Record 170,Odisha,Mahanadi,Mahanadi,Odisha,21.6175254,84.0102041,EPSG:4326,1921,II,Masonry/Earthfill,9.62,2450.96,2657875.89,223219916.59,29358046.24,180212354.64,Hydropower,2870.57,Operational,POINT (84.0102041 21.6175254),REAL_NAME/ANCHOR + SYNTHETIC_PROTOTYPE_PARAMETERS
IND_DAM_0171,Ranjit Sagar - Prototype Record 171,Punjab,Indus,Ravi,Punjab,32.5137748,75.7735553,EPSG:4326,1988,IV,Concrete/Gravity,74.68,2455.86,11684481.94,198291895.61,17701936.31,169757541.65,Irrigation;Hydropower,1901.29,Operational,POINT (75.7735553 32.5137748),REAL_NAME/ANCHOR + SYNTHETIC_PROTOTYPE_PARAMETERS
IND_DAM_0172,Bisalpur - Prototype Record 172,Rajasthan,Ganga,Banas,Rajasthan,25.6821431,75.4867686,EPSG:4326,1933,III,Masonry,29.34,1388.7,5801527.78,52740687.78,25333326.47,45808904.98,Flood Control,412.72,Operational,POINT (75.4867686 25.6821431),REAL_NAME/ANCHOR + SYNTHETIC_PROTOTYPE_PARAMETERS
IND_DAM_0173,Rana Pratap Sagar - Prototype Record 173,Rajasthan,Ganga,Chambal,Rajasthan,24.067939,75.4758905,EPSG:4326,1976,II,Concrete,16.52,2138.4,1781425.3,212700192.04,37285569.37,175816023.63,Hydropower,2601.8,Operational,POINT (75.4758905 24.0679390),REAL_NAME/ANCHOR + SYNTHETIC_PROTOTYPE_PARAMETERS
IND_DAM_0174,Teesta V - Prototype Record 174,Sikkim,Ganga,Teesta,Sikkim,27.2344666,88.8779011,EPSG:4326,2016,V,Concrete,61.27,720.53,4208347.88,278738873.3,32342622.63,199984813.29,Irrigation,3871.64,Operational,POINT (88.8779011 27.2344666),REAL_NAME/ANCHOR + SYNTHETIC_PROTOTYPE_PARAMETERS
IND_DAM_0175,Mettur - Prototype Record 175,Tamil Nadu,Cauvery,Cauvery,Tamil Nadu,11.7366143,77.8898994,EPSG:4326,1902,II,Masonry/Concrete,69.57,413.4,4548429.0,141118030.26,25673077.18,116111986.4,Irrigation,1195.76,Under Construction,POINT (77.8898994 11.7366143),REAL_NAME/ANCHOR + SYNTHETIC_PROTOTYPE_PARAMETERS
IND_DAM_0176,Bhavanisagar - Prototype Record 176,Tamil Nadu,Other,Bhavani,Tamil Nadu,11.4889968,77.0787618,EPSG:4326,1945,II,Earthfill/Concrete,53.85,906.6,2602011.77,413844962.69,45189742.62,340547252.0,Irrigation,5716.6,Operational,POINT (77.0787618 11.4889968),REAL_NAME/ANCHOR + SYNTHETIC_PROTOTYPE_PARAMETERS
IND_DAM_0177,Sathanur - Prototype Record 177,Tamil Nadu,East Coast,Thenpennai,Tamil Nadu,12.0216736,78.8821518,EPSG:4326,1964,III,Concrete,66.02,818.2,3632643.3,478000259.35,42377821.82,423271894.95,Multipurpose,5902.09,Operational,POINT (78.8821518 12.0216736),REAL_NAME/ANCHOR + SYNTHETIC_PROTOTYPE_PARAMETERS
IND_DAM_0178,Srisailam Left Bank - Prototype Record 178,Telangana,Krishna,Krishna,Telangana,16.1417554,78.8055152,EPSG:4326,1903,IV,Concrete,36.57,827.83,1996439.05,80807363.83,27215402.28,63303649.59,Multipurpose,1834.54,Operational,POINT (78.8055152 16.1417554),REAL_NAME/ANCHOR + SYNTHETIC_PROTOTYPE_PARAMETERS
IND_DAM_0179,Singur - Prototype Record 179,Telangana,Godavari,Manjira,Telangana,17.8277058,77.9941084,EPSG:4326,1965,II,Earthfill,35.36,217.92,950273.55,181078532.61,24394373.49,164956950.96,Irrigation;Hydropower,1722.89,Under Construction,POINT (77.9941084 17.8277058),REAL_NAME/ANCHOR + SYNTHETIC_PROTOTYPE_PARAMETERS
IND_DAM_0180,Dumbur - Prototype Record 180,Tripura,Ganga,Gomati,Tripura,23.5941101,91.7171662,EPSG:4326,1974,V,Earthfill,43.22,442.85,1787745.85,74514799.29,5381104.63,68677418.26,Flood Control,559.53,Operational,POINT (91.7171662 23.5941101),REAL_NAME/ANCHOR + SYNTHETIC_PROTOTYPE_PARAMETERS
IND_DAM_0181,Rihand - Prototype Record 181,Uttar Pradesh,Ganga,Rihand,Uttar Pradesh,24.0964817,82.9875,EPSG:4326,1909,III,Concrete/Earthfill,58.44,374.36,3176322.1,65479773.15,5082288.77,46933703.22,Multipurpose,1521.07,Operational,POINT (82.9875000 24.0964817),REAL_NAME/ANCHOR + SYNTHETIC_PROTOTYPE_PARAMETERS
IND_DAM_0182,Tehri - Prototype Record 182,Uttarakhand,Ganga,Bhagirathi,Uttarakhand,30.310603,78.4551102,EPSG:4326,1956,II,Earthfill/Rockfill,89.71,504.49,2635059.07,310606081.59,25903766.37,253133798.0,Drinking Water,2694.41,Operational,POINT (78.4551102 30.3106030),REAL_NAME/ANCHOR + SYNTHETIC_PROTOTYPE_PARAMETERS
IND_DAM_0183,Ramganga - Prototype Record 183,Uttarakhand,Ganga,Ramganga,Uttarakhand,29.5612401,78.6364945,EPSG:4326,1953,II,Concrete,32.17,1151.94,3163262.1,424719412.07,157274257.26,382835696.57,Multipurpose,1890.45,Under Construction,POINT (78.6364945 29.5612401),REAL_NAME/ANCHOR + SYNTHETIC_PROTOTYPE_PARAMETERS
IND_DAM_0184,Farakka - Prototype Record 184,West Bengal,Ganga,Ganga,West Bengal,24.7489221,88.0253426,EPSG:4326,1962,III,Barrages,36.6,1257.66,7788193.55,323646163.99,38908640.7,259351991.23,Irrigation,2437.95,Operational,POINT (88.0253426 24.7489221),REAL_NAME/ANCHOR + SYNTHETIC_PROTOTYPE_PARAMETERS
IND_DAM_0185,Kangsabati - Prototype Record 185,West Bengal,Ganga,Kangsabati,West Bengal,22.9267984,87.238279,EPSG:4326,1916,IV,Earthfill,23.27,1311.21,1839812.94,114522433.2,8559472.74,99481111.9,Irrigation;Hydropower,2101.67,Operational,POINT (87.2382790 22.9267984),REAL_NAME/ANCHOR + SYNTHETIC_PROTOTYPE_PARAMETERS
IND_DAM_0186,Salal - Prototype Record 186,Jammu and Kashmir,Indus,Chenab,Jammu and Kashmir,33.2374577,74.7469808,EPSG:4326,1900,IV,Concrete,53.65,2225.92,8198548.22,79003152.08,8969330.2,60369162.24,Irrigation;Hydropower,1351.9,Under Construction,POINT (74.7469808 33.2374577),REAL_NAME/ANCHOR + SYNTHETIC_PROTOTYPE_PARAMETERS
IND_DAM_0187,Baglihar - Prototype Record 187,Jammu and Kashmir,Indus,Chenab,Jammu and Kashmir,33.2451795,75.4351249,EPSG:4326,2017,IV,Concrete,38.15,1909.18,12833252.61,197913507.46,38261680.47,182278771.79,Hydropower,1619.68,Under Construction,POINT (75.4351249 33.2451795),REAL_NAME/ANCHOR + SYNTHETIC_PROTOTYPE_PARAMETERS
IND_DAM_0188,Nimoo Bazgo - Prototype Record 188,Ladakh,Indus,Indus,Ladakh,34.1496069,77.6227449,EPSG:4326,1983,II,Concrete,40.3,2390.08,16162837.48,122929877.47,19784340.78,107789595.99,Flood Control,1713.13,Operational,POINT (77.6227449 34.1496069),REAL_NAME/ANCHOR + SYNTHETIC_PROTOTYPE_PARAMETERS
IND_DAM_0189,Polavaram - Prototype Record 189,Andhra Pradesh,Godavari,Godavari,Andhra Pradesh,17.5310512,81.5846925,EPSG:4326,2007,III,Concrete/Gravity,71.48,878.61,9915353.63,150427642.85,42607351.13,135433792.12,Drinking Water,3013.14,Operational,POINT (81.5846925 17.5310512),REAL_NAME/ANCHOR + SYNTHETIC_PROTOTYPE_PARAMETERS
IND_DAM_0190,Srisailam - Prototype Record 190,Andhra Pradesh,Krishna,Krishna,Andhra Pradesh,16.1107466,78.7997305,EPSG:4326,2021,IV,Masonry/Concrete,55.12,1614.4,11052277.17,147297509.18,15993634.1,110180436.28,Irrigation,2741.03,Under Construction,POINT (78.7997305 16.1107466),REAL_NAME/ANCHOR + SYNTHETIC_PROTOTYPE_PARAMETERS
IND_DAM_0191,Nagarjuna Sagar - Prototype Record 191,Andhra Pradesh,Krishna,Krishna,Andhra Pradesh,16.6431406,79.4364241,EPSG:4326,1910,II,Masonry,49.97,413.93,2155788.35,155955886.4,10464824.08,147074134.13,Irrigation,963.15,Under Construction,POINT (79.4364241 16.6431406),REAL_NAME/ANCHOR + SYNTHETIC_PROTOTYPE_PARAMETERS
IND_DAM_0192,Ranganadi - Prototype Record 192,Arunachal Pradesh,Brahmaputra,Ranganadi,Arunachal Pradesh,27.6065161,94.4112778,EPSG:4326,1990,II,Concrete,14.22,201.39,176963.69,123640844.9,9138875.69,103694385.37,Irrigation;Hydropower,3319.08,Operational,POINT (94.4112778 27.6065161),REAL_NAME/ANCHOR + SYNTHETIC_PROTOTYPE_PARAMETERS
IND_DAM_0193,Karbi Langpi - Prototype Record 193,Assam,Brahmaputra,Borpani,Assam,25.9170298,92.6143441,EPSG:4326,1908,III,Concrete,61.01,464.06,4850241.21,513698010.59,68069485.82,342620898.52,Flood Control,4089.11,Operational,POINT (92.6143441 25.9170298),REAL_NAME/ANCHOR + SYNTHETIC_PROTOTYPE_PARAMETERS
IND_DAM_0194,Kohira - Prototype Record 194,Bihar,Ganga,Kohira,Bihar,25.1051985,83.4926278,EPSG:4326,1966,II,Earthfill,26.98,777.02,3416197.38,19382518.96,1837777.77,15015283.99,Hydropower,902.25,Under Construction,POINT (83.4926278 25.1051985),REAL_NAME/ANCHOR + SYNTHETIC_PROTOTYPE_PARAMETERS
IND_DAM_0195,Gangrel - Prototype Record 195,Chhattisgarh,Mahanadi,Mahanadi,Chhattisgarh,20.0711773,81.1263433,EPSG:4326,1902,II,Masonry,63.55,834.12,8212491.98,11739959.3,1219808.6,9570842.14,Drinking Water,178.6,Operational,POINT (81.1263433 20.0711773),REAL_NAME/ANCHOR + SYNTHETIC_PROTOTYPE_PARAMETERS
IND_DAM_0196,Salaulim - Prototype Record 196,Goa,West Coast,Salaulim,Goa,15.2065282,74.1258695,EPSG:4326,1969,II,Earthfill,34.96,1034.29,5407157.5,74061415.61,6981607.25,60581943.82,Drinking Water,1034.35,Under Construction,POINT (74.1258695 15.2065282),REAL_NAME/ANCHOR + SYNTHETIC_PROTOTYPE_PARAMETERS
IND_DAM_0197,Sardar Sarovar - Prototype Record 197,Gujarat,Narmada,Narmada,Gujarat,21.8363424,73.7732298,EPSG:4326,1978,II,Concrete/Gravity,59.71,2201.33,23137510.4,251084125.76,17072698.23,188096767.24,Hydropower,1353.85,Operational,POINT (73.7732298 21.8363424),REAL_NAME/ANCHOR + SYNTHETIC_PROTOTYPE_PARAMETERS
IND_DAM_0198,Ukai - Prototype Record 198,Gujarat,Tapi,Tapi,Gujarat,21.2607165,73.3945813,EPSG:4326,1938,III,Earthfill/Concrete,53.21,620.06,2615700.33,101870224.07,7018886.59,84522342.23,Hydropower,2450.22,Operational,POINT (73.3945813 21.2607165),REAL_NAME/ANCHOR + SYNTHETIC_PROTOTYPE_PARAMETERS
IND_DAM_0199,Kaushalya - Prototype Record 199,Haryana,Indus,Kaushalya,Haryana,30.7678506,76.9661936,EPSG:4326,1999,V,Earthfill,46.74,1491.29,10033676.33,17214470.38,1329000.22,12532982.14,Flood Control,1120.69,Operational,POINT (76.9661936 30.7678506),REAL_NAME/ANCHOR + SYNTHETIC_PROTOTYPE_PARAMETERS
IND_DAM_0200,Bhakra - Prototype Record 200,Himachal Pradesh,Indus,Sutlej,Himachal Pradesh,31.4094369,76.5351982,EPSG:4326,1910,II,Concrete/Gravity,51.52,2134.98,19170509.96,337460508.73,32767701.36,248584733.61,Irrigation;Hydropower,2655.46,Operational,POINT (76.5351982 31.4094369),REAL_NAME/ANCHOR + SYNTHETIC_PROTOTYPE_PARAMETERS
IND_DAM_0201,Pong - Prototype Record 201,Himachal Pradesh,Indus,Beas,Himachal Pradesh,31.9498389,76.990628,EPSG:4326,1933,IV,Earthfill,8.99,528.83,802715.41,61498384.67,6796945.76,43670040.21,Irrigation;Hydropower,908.59,Operational,POINT (76.9906280 31.9498389),REAL_NAME/ANCHOR + SYNTHETIC_PROTOTYPE_PARAMETERS
IND_DAM_0202,Maithon - Prototype Record 202,Jharkhand,Damodar,Barakar,Jharkhand,23.7747465,86.7268693,EPSG:4326,2020,V,Concrete/Earthfill,59.77,1374.86,7816453.98,100049196.38,24686555.02,87399065.4,Irrigation;Hydropower,2312.25,Under Construction,POINT (86.7268693 23.7747465),REAL_NAME/ANCHOR + SYNTHETIC_PROTOTYPE_PARAMETERS
IND_DAM_0203,Panchet - Prototype Record 203,Jharkhand,Ganga,Damodar,Jharkhand,23.5657114,86.7922376,EPSG:4326,1956,IV,Earthfill/Concrete,38.12,1108.41,4800203.59,95791114.74,8316689.4,74576955.43,Drinking Water,2389.61,Operational,POINT (86.7922376 23.5657114),REAL_NAME/ANCHOR + SYNTHETIC_PROTOTYPE_PARAMETERS
IND_DAM_0204,Almatti - Prototype Record 204,Karnataka,Krishna,Krishna,Karnataka,16.2681562,75.9323254,EPSG:4326,1966,V,Concrete,39.42,635.67,3326812.06,147307308.5,13029922.99,106502273.89,Multipurpose,1509.78,Operational,POINT (75.9323254 16.2681562),REAL_NAME/ANCHOR + SYNTHETIC_PROTOTYPE_PARAMETERS
IND_DAM_0205,Krishna Raja Sagara - Prototype Record 205,Karnataka,Cauvery,Cauvery,Karnataka,12.472893,76.6894101,EPSG:4326,1959,III,Masonry,38.78,1078.38,7144820.87,288823555.04,87856640.5,267653212.96,Hydropower,2520.78,Operational,POINT (76.6894101 12.4728930),REAL_NAME/ANCHOR + SYNTHETIC_PROTOTYPE_PARAMETERS
IND_DAM_0206,Tungabhadra - Prototype Record 206,Karnataka,Krishna,Tungabhadra,Karnataka,15.3393731,76.2939053,EPSG:4326,1974,II,Masonry,19.72,1006.2,2368716.24,491484565.88,38032089.94,370581924.37,Hydropower,5569.43,Operational,POINT (76.2939053 15.3393731),REAL_NAME/ANCHOR + SYNTHETIC_PROTOTYPE_PARAMETERS
IND_DAM_0207,Idukki - Prototype Record 207,Kerala,West Coast,Periyar,Kerala,9.8837485,76.9076866,EPSG:4326,1922,IV,Concrete/Arch,148.94,709.02,5144489.48,401669398.81,125114100.93,354848276.23,Multipurpose,5783.96,Operational,POINT (76.9076866 9.8837485),REAL_NAME/ANCHOR + SYNTHETIC_PROTOTYPE_PARAMETERS
IND_DAM_0208,Mullaperiyar - Prototype Record 208,Kerala,West Coast,Periyar,Kerala,9.5122719,77.1341782,EPSG:4326,1935,III,Masonry,26.27,670.62,1816317.08,1109810847.38,104958067.42,982620792.09,Hydropower,6053.69,Operational,POINT (77.1341782 9.5122719),REAL_NAME/ANCHOR + SYNTHETIC_PROTOTYPE_PARAMETERS
IND_DAM_0209,Indira Sagar - Prototype Record 209,Madhya Pradesh,Narmada,Narmada,Madhya Pradesh,22.3787518,76.5749555,EPSG:4326,1969,II,Concrete/Earthfill,54.81,780.62,5476726.27,49162471.58,3570928.26,45270633.77,Flood Control,384.02,Operational,POINT (76.5749555 22.3787518),REAL_NAME/ANCHOR + SYNTHETIC_PROTOTYPE_PARAMETERS
IND_DAM_0210,Bargi - Prototype Record 210,Madhya Pradesh,Narmada,Narmada,Madhya Pradesh,22.7322458,79.8745196,EPSG:4326,1961,V,Concrete,38.57,927.85,1710013.63,128025810.91,18635176.21,93977671.87,Irrigation;Hydropower,3188.21,Under Construction,POINT (79.8745196 22.7322458),REAL_NAME/ANCHOR + SYNTHETIC_PROTOTYPE_PARAMETERS
IND_DAM_0211,Koyna - Prototype Record 211,Maharashtra,Other,Koyna,Maharashtra,17.3604244,73.7346695,EPSG:4326,1945,IV,Concrete/Gravity,61.85,859.4,7518493.48,101104440.2,13694201.38,76022456.25,Irrigation;Hydropower,1679.28,Operational,POINT (73.7346695 17.3604244),REAL_NAME/ANCHOR + SYNTHETIC_PROTOTYPE_PARAMETERS
IND_DAM_0212,Jayakwadi - Prototype Record 212,Maharashtra,Godavari,Godavari,Maharashtra,19.5922518,75.3443297,EPSG:4326,1932,IV,Earthfill,31.01,471.53,1750298.34,301845380.34,29869053.48,217608434.2,Multipurpose,3421.82,Operational,POINT (75.3443297 19.5922518),REAL_NAME/ANCHOR + SYNTHETIC_PROTOTYPE_PARAMETERS
IND_DAM_0213,Khuga - Prototype Record 213,Manipur,Barak,Khuga,Manipur,24.5772126,93.7226771,EPSG:4326,2014,II,Earthfill,5.0,558.95,148167.33,139715661.21,10461781.42,113436421.59,Hydropower,2615.88,Operational,POINT (93.7226771 24.5772126),REAL_NAME/ANCHOR + SYNTHETIC_PROTOTYPE_PARAMETERS
IND_DAM_0214,Umiam - Prototype Record 214,Meghalaya,Brahmaputra,Umiam,Meghalaya,25.7838574,91.9129685,EPSG:4326,1996,II,Concrete,31.66,495.25,1875970.18,204191972.5,36633629.11,147066225.14,Multipurpose,3839.7,Operational,POINT (91.9129685 25.7838574),REAL_NAME/ANCHOR + SYNTHETIC_PROTOTYPE_PARAMETERS
IND_DAM_0215,Tuirial - Prototype Record 215,Mizoram,Barak,Tuirial,Mizoram,23.806429,92.6720681,EPSG:4326,1989,IV,Earthfill,23.93,488.8,1857288.08,379446022.32,34832750.24,246865079.72,Hydropower,1808.42,Under Construction,POINT (92.6720681 23.8064290),REAL_NAME/ANCHOR + SYNTHETIC_PROTOTYPE_PARAMETERS
IND_DAM_0216,Doyang - Prototype Record 216,Nagaland,Brahmaputra,Doyang,Nagaland,26.242769,94.0858686,EPSG:4326,1929,IV,Earthfill,59.19,755.34,7525538.62,76261161.43,7949982.44,71299353.25,Hydropower,833.41,Operational,POINT (94.0858686 26.2427690),REAL_NAME/ANCHOR + SYNTHETIC_PROTOTYPE_PARAMETERS
IND_DAM_0217,Hirakud - Prototype Record 217,Odisha,Mahanadi,Mahanadi,Odisha,21.6181452,83.8136462,EPSG:4326,1939,V,Masonry/Earthfill,56.58,3285.48,19591393.66,233683577.45,52126093.65,206856769.78,Irrigation,2202.31,Under Construction,POINT (83.8136462 21.6181452),REAL_NAME/ANCHOR + SYNTHETIC_PROTOTYPE_PARAMETERS
IND_DAM_0218,Ranjit Sagar - Prototype Record 218,Punjab,Indus,Ravi,Punjab,32.4342916,75.7690477,EPSG:4326,1957,IV,Concrete/Gravity,61.19,459.31,2289741.98,153829487.0,13889513.27,145477082.41,Irrigation;Hydropower,2300.97,Under Construction,POINT (75.7690477 32.4342916),REAL_NAME/ANCHOR + SYNTHETIC_PROTOTYPE_PARAMETERS
IND_DAM_0219,Bisalpur - Prototype Record 219,Rajasthan,Ganga,Banas,Rajasthan,25.6416999,75.5624785,EPSG:4326,1977,V,Masonry,33.63,613.48,3225337.75,145921694.88,24206008.33,103282647.45,Hydropower,1478.56,Under Construction,POINT (75.5624785 25.6416999),REAL_NAME/ANCHOR + SYNTHETIC_PROTOTYPE_PARAMETERS
IND_DAM_0220,Rana Pratap Sagar - Prototype Record 220,Rajasthan,Ganga,Chambal,Rajasthan,23.8838743,75.6640536,EPSG:4326,1920,V,Concrete,51.21,598.06,1950706.34,132497051.15,10543698.84,91881122.67,Irrigation,2920.26,Operational,POINT (75.6640536 23.8838743),REAL_NAME/ANCHOR + SYNTHETIC_PROTOTYPE_PARAMETERS
IND_DAM_0221,Teesta V - Prototype Record 221,Sikkim,Ganga,Teesta,Sikkim,27.2502306,88.7309745,EPSG:4326,1970,V,Concrete,41.04,653.82,2022971.61,1057242097.98,116754405.67,864472737.26,Irrigation,4958.96,Operational,POINT (88.7309745 27.2502306),REAL_NAME/ANCHOR + SYNTHETIC_PROTOTYPE_PARAMETERS
IND_DAM_0222,Mettur - Prototype Record 222,Tamil Nadu,Cauvery,Cauvery,Tamil Nadu,12.0011729,77.7202793,EPSG:4326,2009,V,Masonry/Concrete,51.25,1196.25,8614723.14,608670426.17,60436270.19,435227111.25,Irrigation;Hydropower,3819.58,Operational,POINT (77.7202793 12.0011729),REAL_NAME/ANCHOR + SYNTHETIC_PROTOTYPE_PARAMETERS
IND_DAM_0223,Bhavanisagar - Prototype Record 223,Tamil Nadu,Other,Bhavani,Tamil Nadu,11.5158707,77.2145559,EPSG:4326,1905,II,Earthfill/Concrete,54.78,212.93,2070252.43,130314398.78,31295975.37,116353817.73,Multipurpose,917.44,Under Construction,POINT (77.2145559 11.5158707),REAL_NAME/ANCHOR + SYNTHETIC_PROTOTYPE_PARAMETERS
IND_DAM_0224,Sathanur - Prototype Record 224,Tamil Nadu,East Coast,Thenpennai,Tamil Nadu,12.1011073,78.8251403,EPSG:4326,1928,II,Concrete,57.8,293.21,1201396.86,11857113.47,1104549.89,10401201.14,Drinking Water,735.6,Operational,POINT (78.8251403 12.1011073),REAL_NAME/ANCHOR + SYNTHETIC_PROTOTYPE_PARAMETERS
IND_DAM_0225,Srisailam Left Bank - Prototype Record 225,Telangana,Krishna,Krishna,Telangana,16.1831891,78.9751262,EPSG:4326,1930,IV,Concrete,47.24,679.4,5062294.85,111354374.85,45571737.02,79719673.88,Drinking Water,781.03,Operational,POINT (78.9751262 16.1831891),REAL_NAME/ANCHOR + SYNTHETIC_PROTOTYPE_PARAMETERS
IND_DAM_0226,Singur - Prototype Record 226,Telangana,Godavari,Manjira,Telangana,17.5960416,77.9885891,EPSG:4326,1937,II,Earthfill,60.52,359.27,3746288.57,1695514425.42,150603512.89,1316819037.0,Drinking Water,12256.09,Operational,POINT (77.9885891 17.5960416),REAL_NAME/ANCHOR + SYNTHETIC_PROTOTYPE_PARAMETERS
IND_DAM_0227,Dumbur - Prototype Record 227,Tripura,Ganga,Gomati,Tripura,23.5840255,91.7663077,EPSG:4326,1907,II,Earthfill,35.55,1889.97,3695642.97,370271243.68,28443596.83,301296331.23,Multipurpose,3925.41,Under Construction,POINT (91.7663077 23.5840255),REAL_NAME/ANCHOR + SYNTHETIC_PROTOTYPE_PARAMETERS
IND_DAM_0228,Rihand - Prototype Record 228,Uttar Pradesh,Ganga,Rihand,Uttar Pradesh,24.1613274,83.0416072,EPSG:4326,2012,V,Concrete/Earthfill,46.37,601.71,1579225.87,43726696.39,3848328.51,32520533.17,Drinking Water,1212.39,Operational,POINT (83.0416072 24.1613274),REAL_NAME/ANCHOR + SYNTHETIC_PROTOTYPE_PARAMETERS
IND_DAM_0229,Tehri - Prototype Record 229,Uttarakhand,Ganga,Bhagirathi,Uttarakhand,30.4935641,78.4353757,EPSG:4326,2016,IV,Earthfill/Rockfill,100.06,930.71,8935397.38,220898450.93,29793912.94,201770533.25,Hydropower,4454.7,Under Construction,POINT (78.4353757 30.4935641),REAL_NAME/ANCHOR + SYNTHETIC_PROTOTYPE_PARAMETERS
IND_DAM_0230,Ramganga - Prototype Record 230,Uttarakhand,Ganga,Ramganga,Uttarakhand,29.6367068,78.7766144,EPSG:4326,2021,III,Concrete,37.39,335.24,1298408.99,276600972.39,23204227.95,184212335.12,Drinking Water,1077.64,Under Construction,POINT (78.7766144 29.6367068),REAL_NAME/ANCHOR + SYNTHETIC_PROTOTYPE_PARAMETERS
IND_DAM_0231,Farakka - Prototype Record 231,West Bengal,Ganga,Ganga,West Bengal,24.7533797,87.9926198,EPSG:4326,1995,V,Barrages,5.0,1477.94,1186659.18,10487867.83,1177608.12,9567524.94,Irrigation,954.33,Operational,POINT (87.9926198 24.7533797),REAL_NAME/ANCHOR + SYNTHETIC_PROTOTYPE_PARAMETERS
IND_DAM_0232,Kangsabati - Prototype Record 232,West Bengal,Ganga,Kangsabati,West Bengal,23.0224455,87.3787269,EPSG:4326,2002,III,Earthfill,21.71,526.62,1766598.05,56843059.61,5127920.45,46711740.18,Irrigation;Hydropower,1749.74,Operational,POINT (87.3787269 23.0224455),REAL_NAME/ANCHOR + SYNTHETIC_PROTOTYPE_PARAMETERS
IND_DAM_0233,Salal - Prototype Record 233,Jammu and Kashmir,Indus,Chenab,Jammu and Kashmir,33.0753112,74.8238231,EPSG:4326,2015,II,Concrete,48.18,678.75,5460249.5,1217146333.07,233388550.33,1077624837.57,Irrigation;Hydropower,5833.38,Operational,POINT (74.8238231 33.0753112),REAL_NAME/ANCHOR + SYNTHETIC_PROTOTYPE_PARAMETERS
IND_DAM_0234,Baglihar - Prototype Record 234,Jammu and Kashmir,Indus,Chenab,Jammu and Kashmir,33.1212568,75.4567633,EPSG:4326,1976,IV,Concrete,61.2,279.27,3036619.53,66134354.31,5552046.98,56438262.27,Irrigation,1250.2,Under Construction,POINT (75.4567633 33.1212568),REAL_NAME/ANCHOR + SYNTHETIC_PROTOTYPE_PARAMETERS
IND_DAM_0235,Nimoo Bazgo - Prototype Record 235,Ladakh,Indus,Indus,Ladakh,34.2243464,77.716041,EPSG:4326,2011,V,Concrete,42.85,1593.5,7791267.9,220899806.12,15985379.42,174988651.38,Multipurpose,1276.6,Operational,POINT (77.7160410 34.2243464),REAL_NAME/ANCHOR + SYNTHETIC_PROTOTYPE_PARAMETERS
IND_DAM_0236,Polavaram - Prototype Record 236,Andhra Pradesh,Godavari,Godavari,Andhra Pradesh,17.2427566,81.6898683,EPSG:4326,1989,V,Concrete/Gravity,44.62,678.38,1224090.86,82987449.62,7229439.21,76308632.44,Flood Control,1063.7,Operational,POINT (81.6898683 17.2427566),REAL_NAME/ANCHOR + SYNTHETIC_PROTOTYPE_PARAMETERS
IND_DAM_0237,Srisailam - Prototype Record 237,Andhra Pradesh,Krishna,Krishna,Andhra Pradesh,16.1255357,78.9582682,EPSG:4326,1903,III,Masonry/Concrete,79.85,932.81,8460945.62,246908614.84,38030267.21,196973130.05,Irrigation,4015.05,Operational,POINT (78.9582682 16.1255357),REAL_NAME/ANCHOR + SYNTHETIC_PROTOTYPE_PARAMETERS
IND_DAM_0238,Nagarjuna Sagar - Prototype Record 238,Andhra Pradesh,Krishna,Krishna,Andhra Pradesh,16.5651024,79.1809587,EPSG:4326,1902,IV,Masonry,38.32,1300.38,8857146.51,63076378.98,26465978.49,45607822.33,Multipurpose,1670.93,Operational,POINT (79.1809587 16.5651024),REAL_NAME/ANCHOR + SYNTHETIC_PROTOTYPE_PARAMETERS
IND_DAM_0239,Ranganadi - Prototype Record 239,Arunachal Pradesh,Brahmaputra,Ranganadi,Arunachal Pradesh,27.5547179,94.2731593,EPSG:4326,2022,V,Concrete,49.92,2315.67,9348239.26,151401073.31,33549972.53,104102849.61,Irrigation;Hydropower,1718.27,Operational,POINT (94.2731593 27.5547179),REAL_NAME/ANCHOR + SYNTHETIC_PROTOTYPE_PARAMETERS
IND_DAM_0240,Karbi Langpi - Prototype Record 240,Assam,Brahmaputra,Borpani,Assam,25.6628813,92.7287323,EPSG:4326,1901,V,Concrete,39.24,341.89,929631.85,47125159.66,3828420.55,41485008.92,Hydropower,943.28,Operational,POINT (92.7287323 25.6628813),REAL_NAME/ANCHOR + SYNTHETIC_PROTOTYPE_PARAMETERS
IND_DAM_0241,Kohira - Prototype Record 241,Bihar,Ganga,Kohira,Bihar,24.9687507,83.5082194,EPSG:4326,1956,II,Earthfill,19.69,1817.77,2783534.77,143887241.77,30771986.45,104583634.4,Drinking Water,2499.99,Operational,POINT (83.5082194 24.9687507),REAL_NAME/ANCHOR + SYNTHETIC_PROTOTYPE_PARAMETERS
IND_DAM_0242,Gangrel - Prototype Record 242,Chhattisgarh,Mahanadi,Mahanadi,Chhattisgarh,20.0195617,81.128625,EPSG:4326,1985,IV,Masonry,32.05,1709.17,3102676.65,90341042.2,8373084.27,71214187.21,Flood Control,784.61,Operational,POINT (81.1286250 20.0195617),REAL_NAME/ANCHOR + SYNTHETIC_PROTOTYPE_PARAMETERS
IND_DAM_0243,Salaulim - Prototype Record 243,Goa,West Coast,Salaulim,Goa,15.0775438,74.1071844,EPSG:4326,2024,V,Earthfill,33.0,2228.39,11627260.49,93593334.55,9249906.2,61956670.39,Hydropower,1451.1,Under Construction,POINT (74.1071844 15.0775438),REAL_NAME/ANCHOR + SYNTHETIC_PROTOTYPE_PARAMETERS
IND_DAM_0244,Sardar Sarovar - Prototype Record 244,Gujarat,Narmada,Narmada,Gujarat,21.7885395,73.6744359,EPSG:4326,2023,IV,Concrete/Gravity,91.82,857.73,9841393.74,97464716.22,7325667.96,85532762.96,Drinking Water,2604.82,Operational,POINT (73.6744359 21.7885395),REAL_NAME/ANCHOR + SYNTHETIC_PROTOTYPE_PARAMETERS
IND_DAM_0245,Ukai - Prototype Record 245,Gujarat,Tapi,Tapi,Gujarat,21.274598,73.4067686,EPSG:4326,1942,V,Earthfill/Concrete,35.24,804.26,4295675.75,220491196.44,68311264.5,143744943.85,Drinking Water,832.13,Operational,POINT (73.4067686 21.2745980),REAL_NAME/ANCHOR + SYNTHETIC_PROTOTYPE_PARAMETERS
IND_DAM_0246,Kaushalya - Prototype Record 246,Haryana,Indus,Kaushalya,Haryana,30.786907,77.0670198,EPSG:4326,1981,V,Earthfill,39.7,307.51,2147750.33,62900616.5,8277732.26,44238214.05,Hydropower,1300.63,Operational,POINT (77.0670198 30.7869070),REAL_NAME/ANCHOR + SYNTHETIC_PROTOTYPE_PARAMETERS
IND_DAM_0247,Bhakra - Prototype Record 247,Himachal Pradesh,Indus,Sutlej,Himachal Pradesh,31.3643341,76.4923297,EPSG:4326,1938,II,Concrete/Gravity,61.94,432.97,3102809.47,55259807.73,26850553.57,48452305.01,Multipurpose,1531.82,Operational,POINT (76.4923297 31.3643341),REAL_NAME/ANCHOR + SYNTHETIC_PROTOTYPE_PARAMETERS
IND_DAM_0248,Pong - Prototype Record 248,Himachal Pradesh,Indus,Beas,Himachal Pradesh,31.8510225,76.9469362,EPSG:4326,1934,III,Earthfill,42.61,2845.47,19396928.67,96050630.02,11133330.19,69107827.98,Flood Control,1123.6,Under Construction,POINT (76.9469362 31.8510225),REAL_NAME/ANCHOR + SYNTHETIC_PROTOTYPE_PARAMETERS
IND_DAM_0249,Maithon - Prototype Record 249,Jharkhand,Damodar,Barakar,Jharkhand,23.8062633,86.7591097,EPSG:4326,1920,V,Concrete/Earthfill,70.8,1204.23,5871956.55,102544208.91,25438803.14,80746675.68,Flood Control,540.34,Operational,POINT (86.7591097 23.8062633),REAL_NAME/ANCHOR + SYNTHETIC_PROTOTYPE_PARAMETERS
IND_DAM_0250,Panchet - Prototype Record 250,Jharkhand,Ganga,Damodar,Jharkhand,23.6844815,86.7749184,EPSG:4326,2020,IV,Earthfill/Concrete,58.65,696.31,2631909.44,105927854.88,7623518.95,69057989.48,Irrigation;Hydropower,1376.78,Under Construction,POINT (86.7749184 23.6844815),REAL_NAME/ANCHOR + SYNTHETIC_PROTOTYPE_PARAMETERS
IND_DAM_0251,Almatti - Prototype Record 251,Karnataka,Krishna,Krishna,Karnataka,16.4774639,75.8951985,EPSG:4326,1959,II,Concrete,57.86,421.81,1890491.87,221968792.73,22917263.57,197152262.82,Hydropower,2013.59,Operational,POINT (75.8951985 16.4774639),REAL_NAME/ANCHOR + SYNTHETIC_PROTOTYPE_PARAMETERS
IND_DAM_0252,Krishna Raja Sagara - Prototype Record 252,Karnataka,Cauvery,Cauvery,Karnataka,12.3918242,76.4455413,EPSG:4326,2007,II,Masonry,38.43,801.81,2589246.95,132381031.22,9377895.89,124540450.98,Flood Control,1121.06,Operational,POINT (76.4455413 12.3918242),REAL_NAME/ANCHOR + SYNTHETIC_PROTOTYPE_PARAMETERS
IND_DAM_0253,Tungabhadra - Prototype Record 253,Karnataka,Krishna,Tungabhadra,Karnataka,15.4358774,76.3109852,EPSG:4326,1940,II,Masonry,64.32,888.25,5604027.65,686894063.58,66182751.48,456098851.36,Multipurpose,3662.38,Under Construction,POINT (76.3109852 15.4358774),REAL_NAME/ANCHOR + SYNTHETIC_PROTOTYPE_PARAMETERS
IND_DAM_0254,Idukki - Prototype Record 254,Kerala,West Coast,Periyar,Kerala,9.863338,77.0084853,EPSG:4326,1925,V,Concrete/Arch,182.03,434.4,4857053.41,649881444.1,51588624.32,547080775.64,Multipurpose,2003.69,Operational,POINT (77.0084853 9.8633380),REAL_NAME/ANCHOR + SYNTHETIC_PROTOTYPE_PARAMETERS
IND_DAM_0255,Mullaperiyar - Prototype Record 255,Kerala,West Coast,Periyar,Kerala,9.6467239,77.1449638,EPSG:4326,2014,IV,Masonry,54.56,721.92,3765207.5,57068371.33,25629901.91,39805777.47,Multipurpose,1642.45,Operational,POINT (77.1449638 9.6467239),REAL_NAME/ANCHOR + SYNTHETIC_PROTOTYPE_PARAMETERS
IND_DAM_0256,Indira Sagar - Prototype Record 256,Madhya Pradesh,Narmada,Narmada,Madhya Pradesh,22.3482664,76.3926512,EPSG:4326,1974,II,Concrete/Earthfill,51.97,115.85,426710.5,120534887.7,13647777.47,105777314.39,Irrigation;Hydropower,1557.01,Under Construction,POINT (76.3926512 22.3482664),REAL_NAME/ANCHOR + SYNTHETIC_PROTOTYPE_PARAMETERS
IND_DAM_0257,Bargi - Prototype Record 257,Madhya Pradesh,Narmada,Narmada,Madhya Pradesh,22.8061579,79.8025437,EPSG:4326,1964,V,Concrete,38.92,2159.59,14108018.36,92292775.12,7985754.89,64769542.59,Hydropower,2876.6,Under Construction,POINT (79.8025437 22.8061579),REAL_NAME/ANCHOR + SYNTHETIC_PROTOTYPE_PARAMETERS
IND_DAM_0258,Koyna - Prototype Record 258,Maharashtra,Other,Koyna,Maharashtra,17.4726723,73.704188,EPSG:4326,1999,IV,Concrete/Gravity,63.17,433.83,1373891.53,402679836.46,86519355.94,316173323.96,Flood Control,5647.49,Under Construction,POINT (73.7041880 17.4726723),REAL_NAME/ANCHOR + SYNTHETIC_PROTOTYPE_PARAMETERS
IND_DAM_0259,Jayakwadi - Prototype Record 259,Maharashtra,Godavari,Godavari,Maharashtra,19.5314902,75.3929571,EPSG:4326,1922,III,Earthfill,59.33,761.97,7681100.82,266491860.33,114845738.5,253003985.86,Irrigation;Hydropower,3243.61,Operational,POINT (75.3929571 19.5314902),REAL_NAME/ANCHOR + SYNTHETIC_PROTOTYPE_PARAMETERS
IND_DAM_0260,Khuga - Prototype Record 260,Manipur,Barak,Khuga,Manipur,24.5972316,93.5749219,EPSG:4326,2019,IV,Earthfill,26.59,916.56,3348899.18,156146225.18,39631177.22,136647111.17,Irrigation;Hydropower,812.17,Operational,POINT (93.5749219 24.5972316),REAL_NAME/ANCHOR + SYNTHETIC_PROTOTYPE_PARAMETERS
IND_DAM_0261,Umiam - Prototype Record 261,Meghalaya,Brahmaputra,Umiam,Meghalaya,25.7055307,91.7553812,EPSG:4326,1992,II,Concrete,34.57,1098.82,4988748.48,168600796.68,25505735.83,124097060.94,Hydropower,1917.87,Operational,POINT (91.7553812 25.7055307),REAL_NAME/ANCHOR + SYNTHETIC_PROTOTYPE_PARAMETERS
IND_DAM_0262,Tuirial - Prototype Record 262,Mizoram,Barak,Tuirial,Mizoram,23.6584178,92.6613781,EPSG:4326,1977,IV,Earthfill,57.13,1905.22,4977199.96,189672740.93,27856207.26,137302580.33,Drinking Water,2949.1,Operational,POINT (92.6613781 23.6584178),REAL_NAME/ANCHOR + SYNTHETIC_PROTOTYPE_PARAMETERS
IND_DAM_0263,Doyang - Prototype Record 263,Nagaland,Brahmaputra,Doyang,Nagaland,26.1139872,94.4625291,EPSG:4326,1920,IV,Earthfill,55.97,438.79,1290071.73,93513648.81,37085952.27,74464176.2,Hydropower,2357.82,Operational,POINT (94.4625291 26.1139872),REAL_NAME/ANCHOR + SYNTHETIC_PROTOTYPE_PARAMETERS
IND_DAM_0264,Hirakud - Prototype Record 264,Odisha,Mahanadi,Mahanadi,Odisha,21.4327908,83.8692762,EPSG:4326,1997,V,Masonry/Earthfill,33.69,156.89,581760.03,161838182.63,64239611.47,148370926.48,Drinking Water,653.72,Operational,POINT (83.8692762 21.4327908),REAL_NAME/ANCHOR + SYNTHETIC_PROTOTYPE_PARAMETERS
IND_DAM_0265,Ranjit Sagar - Prototype Record 265,Punjab,Indus,Ravi,Punjab,32.4910421,75.7060099,EPSG:4326,1937,V,Concrete/Gravity,48.7,839.08,5395338.9,263673994.09,48727003.67,242947005.22,Flood Control,2195.21,Operational,POINT (75.7060099 32.4910421),REAL_NAME/ANCHOR + SYNTHETIC_PROTOTYPE_PARAMETERS
IND_DAM_0266,Bisalpur - Prototype Record 266,Rajasthan,Ganga,Banas,Rajasthan,25.5296507,75.4505772,EPSG:4326,1960,III,Masonry,51.16,1220.63,3161862.15,113103526.28,25997606.06,101707544.3,Flood Control,1754.15,Operational,POINT (75.4505772 25.5296507),REAL_NAME/ANCHOR + SYNTHETIC_PROTOTYPE_PARAMETERS
IND_DAM_0267,Rana Pratap Sagar - Prototype Record 267,Rajasthan,Ganga,Chambal,Rajasthan,23.9586893,75.6768778,EPSG:4326,1924,IV,Concrete,70.48,631.01,6735340.86,565812524.02,56448723.11,498777174.27,Hydropower,4635.21,Operational,POINT (75.6768778 23.9586893),REAL_NAME/ANCHOR + SYNTHETIC_PROTOTYPE_PARAMETERS
IND_DAM_0268,Teesta V - Prototype Record 268,Sikkim,Ganga,Teesta,Sikkim,27.1820159,88.7196607,EPSG:4326,1992,IV,Concrete,50.69,1034.04,7878431.88,350932329.84,23772633.18,319158433.48,Drinking Water,1442.65,Under Construction,POINT (88.7196607 27.1820159),REAL_NAME/ANCHOR + SYNTHETIC_PROTOTYPE_PARAMETERS
IND_DAM_0269,Mettur - Prototype Record 269,Tamil Nadu,Cauvery,Cauvery,Tamil Nadu,11.832479,77.8712331,EPSG:4326,1948,IV,Masonry/Concrete,55.34,1274.39,3512155.16,300494997.5,68623150.69,229549120.92,Irrigation;Hydropower,3497.51,Operational,POINT (77.8712331 11.8324790),REAL_NAME/ANCHOR + SYNTHETIC_PROTOTYPE_PARAMETERS
IND_DAM_0270,Bhavanisagar - Prototype Record 270,Tamil Nadu,Other,Bhavani,Tamil Nadu,11.4690322,77.174539,EPSG:4326,1987,V,Earthfill/Concrete,67.49,1197.99,9731175.11,932272243.68,244317423.21,728240003.06,Multipurpose,6764.55,Operational,POINT (77.1745390 11.4690322),REAL_NAME/ANCHOR + SYNTHETIC_PROTOTYPE_PARAMETERS
IND_DAM_0271,Sathanur - Prototype Record 271,Tamil Nadu,East Coast,Thenpennai,Tamil Nadu,11.9698153,78.8581018,EPSG:4326,1931,IV,Concrete,63.64,490.48,4565285.45,25139281.34,2322723.56,17744564.38,Flood Control,256.38,Under Construction,POINT (78.8581018 11.9698153),REAL_NAME/ANCHOR + SYNTHETIC_PROTOTYPE_PARAMETERS
IND_DAM_0272,Srisailam Left Bank - Prototype Record 272,Telangana,Krishna,Krishna,Telangana,15.988532,78.8687728,EPSG:4326,2005,II,Concrete,72.27,829.26,8700125.99,62108412.8,6525774.33,42706855.77,Multipurpose,662.3,Under Construction,POINT (78.8687728 15.9885320),REAL_NAME/ANCHOR + SYNTHETIC_PROTOTYPE_PARAMETERS
IND_DAM_0273,Singur - Prototype Record 273,Telangana,Godavari,Manjira,Telangana,17.6687604,78.0376281,EPSG:4326,1984,III,Earthfill,15.97,523.88,1031748.73,42542298.28,4394163.52,40000103.38,Hydropower,1622.59,Under Construction,POINT (78.0376281 17.6687604),REAL_NAME/ANCHOR + SYNTHETIC_PROTOTYPE_PARAMETERS
IND_DAM_0274,Dumbur - Prototype Record 274,Tripura,Ganga,Gomati,Tripura,23.7387645,91.7019656,EPSG:4326,1975,IV,Earthfill,27.53,308.5,1045197.95,258582518.72,20434136.67,170607465.79,Hydropower,2356.23,Under Construction,POINT (91.7019656 23.7387645),REAL_NAME/ANCHOR + SYNTHETIC_PROTOTYPE_PARAMETERS
IND_DAM_0275,Rihand - Prototype Record 275,Uttar Pradesh,Ganga,Rihand,Uttar Pradesh,24.1514227,82.8742532,EPSG:4326,2010,III,Concrete/Earthfill,61.91,732.2,3611338.91,165727674.15,18215553.22,135177929.26,Multipurpose,2208.09,Operational,POINT (82.8742532 24.1514227),REAL_NAME/ANCHOR + SYNTHETIC_PROTOTYPE_PARAMETERS
IND_DAM_0276,Tehri - Prototype Record 276,Uttarakhand,Ganga,Bhagirathi,Uttarakhand,30.3775629,78.5072487,EPSG:4326,1949,V,Earthfill/Rockfill,114.31,972.66,16140675.51,1046460034.46,79464871.54,710824872.32,Irrigation,2682.9,Operational,POINT (78.5072487 30.3775629),REAL_NAME/ANCHOR + SYNTHETIC_PROTOTYPE_PARAMETERS
IND_DAM_0277,Ramganga - Prototype Record 277,Uttarakhand,Ganga,Ramganga,Uttarakhand,29.5251459,78.7089811,EPSG:4326,1959,II,Concrete,49.41,846.24,6104939.11,114988980.17,11955587.19,79765165.46,Drinking Water,2084.21,Operational,POINT (78.7089811 29.5251459),REAL_NAME/ANCHOR + SYNTHETIC_PROTOTYPE_PARAMETERS
IND_DAM_0278,Farakka - Prototype Record 278,West Bengal,Ganga,Ganga,West Bengal,24.7292352,87.9688559,EPSG:4326,1913,II,Barrages,27.71,614.03,1543656.06,45264462.11,5220926.75,29968924.73,Hydropower,870.87,Operational,POINT (87.9688559 24.7292352),REAL_NAME/ANCHOR + SYNTHETIC_PROTOTYPE_PARAMETERS
IND_DAM_0279,Kangsabati - Prototype Record 279,West Bengal,Ganga,Kangsabati,West Bengal,23.0795089,87.2446986,EPSG:4326,1937,II,Earthfill,18.65,682.55,616872.68,844730442.6,162889131.84,732706270.84,Irrigation;Hydropower,4060.62,Operational,POINT (87.2446986 23.0795089),REAL_NAME/ANCHOR + SYNTHETIC_PROTOTYPE_PARAMETERS
IND_DAM_0280,Salal - Prototype Record 280,Jammu and Kashmir,Indus,Chenab,Jammu and Kashmir,33.0888336,74.8970786,EPSG:4326,1900,IV,Concrete,47.94,1076.11,3134084.51,66739888.92,8574858.2,63317637.34,Multipurpose,1751.79,Operational,POINT (74.8970786 33.0888336),REAL_NAME/ANCHOR + SYNTHETIC_PROTOTYPE_PARAMETERS
IND_DAM_0281,Baglihar - Prototype Record 281,Jammu and Kashmir,Indus,Chenab,Jammu and Kashmir,33.276101,75.3407803,EPSG:4326,1969,V,Concrete,71.39,333.96,3406724.66,873959973.83,140268129.72,661327714.17,Flood Control,1841.72,Operational,POINT (75.3407803 33.2761010),REAL_NAME/ANCHOR + SYNTHETIC_PROTOTYPE_PARAMETERS
IND_DAM_0282,Nimoo Bazgo - Prototype Record 282,Ladakh,Indus,Indus,Ladakh,34.2378272,77.5415654,EPSG:4326,1941,V,Concrete,36.29,599.1,3726554.21,202087075.55,16148128.11,142931794.35,Irrigation,2822.44,Operational,POINT (77.5415654 34.2378272),REAL_NAME/ANCHOR + SYNTHETIC_PROTOTYPE_PARAMETERS
IND_DAM_0283,Polavaram - Prototype Record 283,Andhra Pradesh,Godavari,Godavari,Andhra Pradesh,17.3810452,81.6350621,EPSG:4326,1910,IV,Concrete/Gravity,85.09,281.23,1250083.23,133354490.82,22020279.02,126446888.09,Hydropower,2635.78,Operational,POINT (81.6350621 17.3810452),REAL_NAME/ANCHOR + SYNTHETIC_PROTOTYPE_PARAMETERS
IND_DAM_0284,Srisailam - Prototype Record 284,Andhra Pradesh,Krishna,Krishna,Andhra Pradesh,16.0708186,78.8918842,EPSG:4326,2003,IV,Masonry/Concrete,55.71,405.43,1643971.16,24243771.95,4909688.91,19518603.73,Drinking Water,615.7,Operational,POINT (78.8918842 16.0708186),REAL_NAME/ANCHOR + SYNTHETIC_PROTOTYPE_PARAMETERS
IND_DAM_0285,Nagarjuna Sagar - Prototype Record 285,Andhra Pradesh,Krishna,Krishna,Andhra Pradesh,16.4968378,79.2766703,EPSG:4326,1983,IV,Masonry,35.89,956.5,3540110.11,250387354.36,20473539.36,185296049.24,Flood Control,4629.37,Operational,POINT (79.2766703 16.4968378),REAL_NAME/ANCHOR + SYNTHETIC_PROTOTYPE_PARAMETERS
IND_DAM_0286,Ranganadi - Prototype Record 286,Arunachal Pradesh,Brahmaputra,Ranganadi,Arunachal Pradesh,27.6795072,94.2439119,EPSG:4326,1946,II,Concrete,36.07,189.75,776077.74,133029408.02,14237530.68,95627161.93,Drinking Water,1145.26,Operational,POINT (94.2439119 27.6795072),REAL_NAME/ANCHOR + SYNTHETIC_PROTOTYPE_PARAMETERS
IND_DAM_0287,Karbi Langpi - Prototype Record 287,Assam,Brahmaputra,Borpani,Assam,25.7977729,92.5991667,EPSG:4326,2002,IV,Concrete,44.1,401.29,2772208.55,728495404.6,55399451.41,551085761.67,Irrigation;Hydropower,3543.24,Under Construction,POINT (92.5991667 25.7977729),REAL_NAME/ANCHOR + SYNTHETIC_PROTOTYPE_PARAMETERS
IND_DAM_0288,Kohira - Prototype Record 288,Bihar,Ganga,Kohira,Bihar,24.9291151,83.3992649,EPSG:4326,1912,III,Earthfill,12.41,408.2,396505.55,114017232.45,11187022.67,91428670.6,Irrigation;Hydropower,547.03,Operational,POINT (83.3992649 24.9291151),REAL_NAME/ANCHOR + SYNTHETIC_PROTOTYPE_PARAMETERS
IND_DAM_0289,Gangrel - Prototype Record 289,Chhattisgarh,Mahanadi,Mahanadi,Chhattisgarh,20.0200017,81.2174996,EPSG:4326,1938,V,Masonry,68.55,813.98,8896664.47,87991673.99,7845948.77,76438697.76,Drinking Water,1596.33,Under Construction,POINT (81.2174996 20.0200017),REAL_NAME/ANCHOR + SYNTHETIC_PROTOTYPE_PARAMETERS
IND_DAM_0290,Salaulim - Prototype Record 290,Goa,West Coast,Salaulim,Goa,15.144425,74.0045596,EPSG:4326,1957,III,Earthfill,15.93,1211.69,2110260.67,68035690.23,7040677.49,59776516.27,Drinking Water,1366.87,Operational,POINT (74.0045596 15.1444250),REAL_NAME/ANCHOR + SYNTHETIC_PROTOTYPE_PARAMETERS
IND_DAM_0291,Sardar Sarovar - Prototype Record 291,Gujarat,Narmada,Narmada,Gujarat,21.7807417,73.8238961,EPSG:4326,1939,II,Concrete/Gravity,46.0,979.52,5505652.34,191468642.0,39462923.74,150866880.57,Irrigation;Hydropower,1263.76,Operational,POINT (73.8238961 21.7807417),REAL_NAME/ANCHOR + SYNTHETIC_PROTOTYPE_PARAMETERS
IND_DAM_0292,Ukai - Prototype Record 292,Gujarat,Tapi,Tapi,Gujarat,21.1827637,73.6236458,EPSG:4326,1984,IV,Earthfill/Concrete,39.77,546.9,3044940.5,85119618.89,6545246.02,70796846.02,Multipurpose,1010.06,Operational,POINT (73.6236458 21.1827637),REAL_NAME/ANCHOR + SYNTHETIC_PROTOTYPE_PARAMETERS
IND_DAM_0293,Kaushalya - Prototype Record 293,Haryana,Indus,Kaushalya,Haryana,30.7745064,76.8588701,EPSG:4326,1988,V,Earthfill,58.9,1505.19,14874694.71,293574526.71,26450816.77,247052612.72,Irrigation,1826.91,Operational,POINT (76.8588701 30.7745064),REAL_NAME/ANCHOR + SYNTHETIC_PROTOTYPE_PARAMETERS
IND_DAM_0294,Bhakra - Prototype Record 294,Himachal Pradesh,Indus,Sutlej,Himachal Pradesh,31.5480001,76.3270812,EPSG:4326,1902,III,Concrete/Gravity,77.87,1182.25,5634502.68,147820432.88,15711247.7,129249280.26,Irrigation,1257.57,Operational,POINT (76.3270812 31.5480001),REAL_NAME/ANCHOR + SYNTHETIC_PROTOTYPE_PARAMETERS
IND_DAM_0295,Pong - Prototype Record 295,Himachal Pradesh,Indus,Beas,Himachal Pradesh,31.8049809,76.876458,EPSG:4326,2024,V,Earthfill,54.97,973.86,8189070.07,281442947.03,29431767.32,218444540.81,Irrigation,4266.92,Operational,POINT (76.8764580 31.8049809),REAL_NAME/ANCHOR + SYNTHETIC_PROTOTYPE_PARAMETERS
IND_DAM_0296,Maithon - Prototype Record 296,Jharkhand,Damodar,Barakar,Jharkhand,23.8984656,86.8587446,EPSG:4326,1911,II,Concrete/Earthfill,38.55,537.76,3246289.9,361742088.56,35758355.89,277535153.64,Hydropower,4266.77,Operational,POINT (86.8587446 23.8984656),REAL_NAME/ANCHOR + SYNTHETIC_PROTOTYPE_PARAMETERS
IND_DAM_0297,Panchet - Prototype Record 297,Jharkhand,Ganga,Damodar,Jharkhand,23.523719,86.8013041,EPSG:4326,1926,III,Earthfill/Concrete,45.17,640.75,1464986.4,30579039.81,4003947.64,26792568.37,Multipurpose,968.3,Operational,POINT (86.8013041 23.5237190),REAL_NAME/ANCHOR + SYNTHETIC_PROTOTYPE_PARAMETERS
IND_DAM_0298,Almatti - Prototype Record 298,Karnataka,Krishna,Krishna,Karnataka,16.3287768,75.792648,EPSG:4326,1914,IV,Concrete,57.14,1147.11,4151825.94,71334112.27,8672954.93,60782427.45,Drinking Water,1934.36,Operational,POINT (75.7926480 16.3287768),REAL_NAME/ANCHOR + SYNTHETIC_PROTOTYPE_PARAMETERS
IND_DAM_0299,Krishna Raja Sagara - Prototype Record 299,Karnataka,Cauvery,Cauvery,Karnataka,12.4725243,76.5835036,EPSG:4326,1979,II,Masonry,38.78,572.88,2668874.23,14905601.98,1132249.1,11110640.88,Multipurpose,771.37,Operational,POINT (76.5835036 12.4725243),REAL_NAME/ANCHOR + SYNTHETIC_PROTOTYPE_PARAMETERS
IND_DAM_0300,Tungabhadra - Prototype Record 300,Karnataka,Krishna,Tungabhadra,Karnataka,15.2048679,76.3299179,EPSG:4326,1951,III,Masonry,39.83,450.84,2031364.8,183397283.24,77151497.12,151772719.48,Irrigation;Hydropower,3141.76,Operational,POINT (76.3299179 15.2048679),REAL_NAME/ANCHOR + SYNTHETIC_PROTOTYPE_PARAMETERS
IND_DAM_0301,Idukki - Prototype Record 301,Kerala,West Coast,Periyar,Kerala,9.8739152,76.9675079,EPSG:4326,1932,V,Concrete/Arch,148.81,562.99,11325874.42,115125087.25,9096059.32,108306240.29,Irrigation,865.15,Operational,POINT (76.9675079 9.8739152),REAL_NAME/ANCHOR + SYNTHETIC_PROTOTYPE_PARAMETERS
IND_DAM_0302,Mullaperiyar - Prototype Record 302,Kerala,West Coast,Periyar,Kerala,9.6005718,77.1565453,EPSG:4326,1975,III,Masonry,25.93,529.73,1601480.59,329497681.06,49721909.75,229758109.28,Irrigation,5422.28,Under Construction,POINT (77.1565453 9.6005718),REAL_NAME/ANCHOR + SYNTHETIC_PROTOTYPE_PARAMETERS
IND_DAM_0303,Indira Sagar - Prototype Record 303,Madhya Pradesh,Narmada,Narmada,Madhya Pradesh,22.3561634,76.5229773,EPSG:4326,1983,II,Concrete/Earthfill,65.35,559.8,4224525.38,404779707.84,52708529.7,322874280.82,Multipurpose,4744.71,Operational,POINT (76.5229773 22.3561634),REAL_NAME/ANCHOR + SYNTHETIC_PROTOTYPE_PARAMETERS
IND_DAM_0304,Bargi - Prototype Record 304,Madhya Pradesh,Narmada,Narmada,Madhya Pradesh,22.8654231,79.9316953,EPSG:4326,1989,II,Concrete,37.21,1051.43,6820505.54,122203710.11,10919227.81,108594668.48,Irrigation,1495.62,Operational,POINT (79.9316953 22.8654231),REAL_NAME/ANCHOR + SYNTHETIC_PROTOTYPE_PARAMETERS
IND_DAM_0305,Koyna - Prototype Record 305,Maharashtra,Other,Koyna,Maharashtra,17.373512,73.7226032,EPSG:4326,1960,II,Concrete/Gravity,42.97,865.46,1938840.8,265264362.02,42122585.05,232653637.58,Flood Control,4794.88,Under Construction,POINT (73.7226032 17.3735120),REAL_NAME/ANCHOR + SYNTHETIC_PROTOTYPE_PARAMETERS
IND_DAM_0306,Jayakwadi - Prototype Record 306,Maharashtra,Godavari,Godavari,Maharashtra,19.4346052,75.4876702,EPSG:4326,1935,IV,Earthfill,49.54,325.22,2851799.06,392595078.03,68477449.76,343796875.65,Irrigation;Hydropower,2952.31,Operational,POINT (75.4876702 19.4346052),REAL_NAME/ANCHOR + SYNTHETIC_PROTOTYPE_PARAMETERS
IND_DAM_0307,Khuga - Prototype Record 307,Manipur,Barak,Khuga,Manipur,24.4685134,93.6196694,EPSG:4326,1993,II,Earthfill,26.86,999.15,2378549.09,709400011.25,60963582.55,498121573.66,Irrigation,4738.37,Under Construction,POINT (93.6196694 24.4685134),REAL_NAME/ANCHOR + SYNTHETIC_PROTOTYPE_PARAMETERS
IND_DAM_0308,Umiam - Prototype Record 308,Meghalaya,Brahmaputra,Umiam,Meghalaya,25.8209626,91.9242128,EPSG:4326,1917,III,Concrete,40.66,402.36,2203346.44,305893788.64,21056761.36,260402301.83,Irrigation;Hydropower,5223.73,Operational,POINT (91.9242128 25.8209626),REAL_NAME/ANCHOR + SYNTHETIC_PROTOTYPE_PARAMETERS
IND_DAM_0309,Tuirial - Prototype Record 309,Mizoram,Barak,Tuirial,Mizoram,23.8384509,92.6632269,EPSG:4326,1927,III,Earthfill,33.25,359.24,1478625.81,444018054.26,41627501.87,361962302.82,Multipurpose,5977.83,Under Construction,POINT (92.6632269 23.8384509),REAL_NAME/ANCHOR + SYNTHETIC_PROTOTYPE_PARAMETERS
IND_DAM_0310,Doyang - Prototype Record 310,Nagaland,Brahmaputra,Doyang,Nagaland,26.149992,94.3458611,EPSG:4326,1927,V,Earthfill,28.3,972.77,4332798.36,26521589.06,2511422.31,21490475.97,Drinking Water,988.04,Operational,POINT (94.3458611 26.1499920),REAL_NAME/ANCHOR + SYNTHETIC_PROTOTYPE_PARAMETERS
IND_DAM_0311,Hirakud - Prototype Record 311,Odisha,Mahanadi,Mahanadi,Odisha,21.5175719,83.9321632,EPSG:4326,2010,III,Masonry/Earthfill,32.9,1125.2,5442542.78,19464396.67,1772268.97,14152954.27,Hydropower,301.33,Under Construction,POINT (83.9321632 21.5175719),REAL_NAME/ANCHOR + SYNTHETIC_PROTOTYPE_PARAMETERS
IND_DAM_0312,Ranjit Sagar - Prototype Record 312,Punjab,Indus,Ravi,Punjab,32.4479581,75.6242336,EPSG:4326,1956,IV,Concrete/Gravity,31.74,2495.42,13970650.1,540223561.46,87869279.96,497117454.46,Irrigation,3815.87,Operational,POINT (75.6242336 32.4479581),REAL_NAME/ANCHOR + SYNTHETIC_PROTOTYPE_PARAMETERS
IND_DAM_0313,Bisalpur - Prototype Record 313,Rajasthan,Ganga,Banas,Rajasthan,25.6423706,75.5438501,EPSG:4326,2022,II,Masonry,45.86,816.46,2598193.21,98066229.78,15974309.44,67803194.86,Hydropower,2015.36,Operational,POINT (75.5438501 25.6423706),REAL_NAME/ANCHOR + SYNTHETIC_PROTOTYPE_PARAMETERS
IND_DAM_0314,Rana Pratap Sagar - Prototype Record 314,Rajasthan,Ganga,Chambal,Rajasthan,24.0943851,75.5628406,EPSG:4326,1987,II,Concrete,56.16,3531.45,9599232.62,1241835224.58,191027294.18,1116468216.8,Irrigation,4445.36,Operational,POINT (75.5628406 24.0943851),REAL_NAME/ANCHOR + SYNTHETIC_PROTOTYPE_PARAMETERS
IND_DAM_0315,Teesta V - Prototype Record 315,Sikkim,Ganga,Teesta,Sikkim,27.1343221,88.7658254,EPSG:4326,1942,II,Concrete,28.6,473.84,1614972.88,612771845.5,228030831.04,579949119.22,Flood Control,6486.68,Operational,POINT (88.7658254 27.1343221),REAL_NAME/ANCHOR + SYNTHETIC_PROTOTYPE_PARAMETERS
IND_DAM_0316,Mettur - Prototype Record 316,Tamil Nadu,Cauvery,Cauvery,Tamil Nadu,11.7292234,77.729173,EPSG:4326,1925,IV,Masonry/Concrete,52.58,956.37,2386678.08,594610022.68,55402497.98,480740102.51,Flood Control,1821.77,Under Construction,POINT (77.7291730 11.7292234),REAL_NAME/ANCHOR + SYNTHETIC_PROTOTYPE_PARAMETERS
IND_DAM_0317,Bhavanisagar - Prototype Record 317,Tamil Nadu,Other,Bhavani,Tamil Nadu,11.4500226,77.1067419,EPSG:4326,1930,III,Earthfill/Concrete,28.46,953.41,4394033.66,258729347.43,48473660.66,189167565.18,Drinking Water,4228.36,Operational,POINT (77.1067419 11.4500226),REAL_NAME/ANCHOR + SYNTHETIC_PROTOTYPE_PARAMETERS
IND_DAM_0318,Sathanur - Prototype Record 318,Tamil Nadu,East Coast,Thenpennai,Tamil Nadu,12.1859023,78.9256171,EPSG:4326,1951,III,Concrete,67.25,1272.61,9286458.76,166426045.67,33297105.15,149365804.0,Irrigation;Hydropower,1394.88,Operational,POINT (78.9256171 12.1859023),REAL_NAME/ANCHOR + SYNTHETIC_PROTOTYPE_PARAMETERS
IND_DAM_0319,Srisailam Left Bank - Prototype Record 319,Telangana,Krishna,Krishna,Telangana,16.0979991,78.9093015,EPSG:4326,1999,V,Concrete,79.96,754.43,5297386.59,125197007.18,11491823.13,84774822.48,Hydropower,3150.28,Operational,POINT (78.9093015 16.0979991),REAL_NAME/ANCHOR + SYNTHETIC_PROTOTYPE_PARAMETERS
IND_DAM_0320,Singur - Prototype Record 320,Telangana,Godavari,Manjira,Telangana,17.7216296,77.9842502,EPSG:4326,1963,III,Earthfill,40.74,1304.63,6551302.85,74848677.83,5113939.94,52228173.07,Irrigation;Hydropower,1781.23,Operational,POINT (77.9842502 17.7216296),REAL_NAME/ANCHOR + SYNTHETIC_PROTOTYPE_PARAMETERS
IND_DAM_0321,Dumbur - Prototype Record 321,Tripura,Ganga,Gomati,Tripura,23.5541461,91.7229206,EPSG:4326,2009,II,Earthfill,25.48,1904.98,3448000.0,493053722.88,57310338.33,406248407.39,Flood Control,3392.32,Under Construction,POINT (91.7229206 23.5541461),REAL_NAME/ANCHOR + SYNTHETIC_PROTOTYPE_PARAMETERS
IND_DAM_0322,Rihand - Prototype Record 322,Uttar Pradesh,Ganga,Rihand,Uttar Pradesh,24.3012543,83.1509666,EPSG:4326,1906,V,Concrete/Earthfill,57.04,1489.8,9248318.16,43991597.4,4086136.7,30895405.52,Drinking Water,514.38,Operational,POINT (83.1509666 24.3012543),REAL_NAME/ANCHOR + SYNTHETIC_PROTOTYPE_PARAMETERS
IND_DAM_0323,Tehri - Prototype Record 323,Uttarakhand,Ganga,Bhagirathi,Uttarakhand,30.1761198,78.5363033,EPSG:4326,2019,IV,Earthfill/Rockfill,74.04,936.89,5517410.91,35662944.3,3316216.04,24933971.96,Hydropower,869.69,Operational,POINT (78.5363033 30.1761198),REAL_NAME/ANCHOR + SYNTHETIC_PROTOTYPE_PARAMETERS
IND_DAM_0324,Ramganga - Prototype Record 324,Uttarakhand,Ganga,Ramganga,Uttarakhand,29.5507254,78.7384653,EPSG:4326,1925,III,Concrete,50.93,1120.22,6297298.89,16885747.9,1608008.68,10999686.49,Irrigation,457.25,Operational,POINT (78.7384653 29.5507254),REAL_NAME/ANCHOR + SYNTHETIC_PROTOTYPE_PARAMETERS
IND_DAM_0325,Farakka - Prototype Record 325,West Bengal,Ganga,Ganga,West Bengal,24.8159124,87.9885098,EPSG:4326,1901,V,Barrages,8.63,2356.99,3601631.8,765709892.43,52359568.43,618960109.27,Irrigation,3218.11,Under Construction,POINT (87.9885098 24.8159124),REAL_NAME/ANCHOR + SYNTHETIC_PROTOTYPE_PARAMETERS
IND_DAM_0326,Kangsabati - Prototype Record 326,West Bengal,Ganga,Kangsabati,West Bengal,23.0393006,87.1865735,EPSG:4326,1909,III,Earthfill,48.43,700.3,5458451.92,161518361.78,24177918.41,125232943.75,Irrigation,1461.77,Operational,POINT (87.1865735 23.0393006),REAL_NAME/ANCHOR + SYNTHETIC_PROTOTYPE_PARAMETERS
IND_DAM_0327,Salal - Prototype Record 327,Jammu and Kashmir,Indus,Chenab,Jammu and Kashmir,33.092267,74.8368874,EPSG:4326,1909,II,Concrete,46.95,774.89,1945811.42,268168825.71,73632177.01,188306537.94,Irrigation;Hydropower,3348.39,Operational,POINT (74.8368874 33.0922670),REAL_NAME/ANCHOR + SYNTHETIC_PROTOTYPE_PARAMETERS
IND_DAM_0328,Baglihar - Prototype Record 328,Jammu and Kashmir,Indus,Chenab,Jammu and Kashmir,33.1762757,75.1968037,EPSG:4326,2007,V,Concrete,48.25,323.35,2603982.21,31770014.67,2907546.69,23746735.76,Multipurpose,1296.29,Operational,POINT (75.1968037 33.1762757),REAL_NAME/ANCHOR + SYNTHETIC_PROTOTYPE_PARAMETERS
IND_DAM_0329,Nimoo Bazgo - Prototype Record 329,Ladakh,Indus,Indus,Ladakh,34.2058441,77.6330874,EPSG:4326,1979,II,Concrete,9.78,1836.15,831836.81,49609417.03,4295183.02,39845110.64,Drinking Water,923.36,Operational,POINT (77.6330874 34.2058441),REAL_NAME/ANCHOR + SYNTHETIC_PROTOTYPE_PARAMETERS
IND_DAM_0330,Polavaram - Prototype Record 330,Andhra Pradesh,Godavari,Godavari,Andhra Pradesh,17.3033433,81.6281908,EPSG:4326,1959,III,Concrete/Gravity,58.71,1785.87,8081634.0,478516614.61,48204535.08,391365909.12,Irrigation;Hydropower,4891.61,Under Construction,POINT (81.6281908 17.3033433),REAL_NAME/ANCHOR + SYNTHETIC_PROTOTYPE_PARAMETERS
IND_DAM_0331,Srisailam - Prototype Record 331,Andhra Pradesh,Krishna,Krishna,Andhra Pradesh,16.0812726,78.88856,EPSG:4326,1982,III,Masonry/Concrete,96.83,849.61,6238855.69,122462067.96,29433195.39,113965863.42,Multipurpose,2165.83,Operational,POINT (78.8885600 16.0812726),REAL_NAME/ANCHOR + SYNTHETIC_PROTOTYPE_PARAMETERS
IND_DAM_0332,Nagarjuna Sagar - Prototype Record 332,Andhra Pradesh,Krishna,Krishna,Andhra Pradesh,16.5378787,79.3837552,EPSG:4326,2018,II,Masonry,40.02,2055.15,11857387.26,93227232.51,12635168.53,88296950.3,Flood Control,1548.87,Operational,POINT (79.3837552 16.5378787),REAL_NAME/ANCHOR + SYNTHETIC_PROTOTYPE_PARAMETERS
IND_DAM_0333,Ranganadi - Prototype Record 333,Arunachal Pradesh,Brahmaputra,Ranganadi,Arunachal Pradesh,27.4692223,94.3866146,EPSG:4326,1929,IV,Concrete,54.31,1014.16,2551653.1,105596213.33,23631125.11,85504636.61,Hydropower,559.67,Under Construction,POINT (94.3866146 27.4692223),REAL_NAME/ANCHOR + SYNTHETIC_PROTOTYPE_PARAMETERS
IND_DAM_0334,Karbi Langpi - Prototype Record 334,Assam,Brahmaputra,Borpani,Assam,25.856494,92.6573481,EPSG:4326,1976,III,Concrete,59.78,846.58,4279104.67,194982171.33,15455037.6,135225240.0,Flood Control,4047.56,Operational,POINT (92.6573481 25.8564940),REAL_NAME/ANCHOR + SYNTHETIC_PROTOTYPE_PARAMETERS
IND_DAM_0335,Kohira - Prototype Record 335,Bihar,Ganga,Kohira,Bihar,24.9618328,83.5727738,EPSG:4326,1916,II,Earthfill,72.03,282.99,2246474.43,236442930.82,22424965.93,202268063.66,Drinking Water,2896.23,Operational,POINT (83.5727738 24.9618328),REAL_NAME/ANCHOR + SYNTHETIC_PROTOTYPE_PARAMETERS
IND_DAM_0336,Gangrel - Prototype Record 336,Chhattisgarh,Mahanadi,Mahanadi,Chhattisgarh,19.9549247,81.3359019,EPSG:4326,1967,III,Masonry,42.56,609.39,4288428.37,322737108.37,27050289.32,273990851.09,Drinking Water,1847.23,Operational,POINT (81.3359019 19.9549247),REAL_NAME/ANCHOR + SYNTHETIC_PROTOTYPE_PARAMETERS
IND_DAM_0337,Salaulim - Prototype Record 337,Goa,West Coast,Salaulim,Goa,15.2642895,73.9739987,EPSG:4326,1968,II,Earthfill,41.2,1608.3,8120856.45,80143698.09,9520985.45,60977884.99,Flood Control,1691.4,Under Construction,POINT (73.9739987 15.2642895),REAL_NAME/ANCHOR + SYNTHETIC_PROTOTYPE_PARAMETERS
IND_DAM_0338,Sardar Sarovar - Prototype Record 338,Gujarat,Narmada,Narmada,Gujarat,22.0064655,73.7820488,EPSG:4326,1934,II,Concrete/Gravity,53.54,575.3,4116702.53,62721563.94,10781042.35,53555529.63,Irrigation,2196.94,Under Construction,POINT (73.7820488 22.0064655),REAL_NAME/ANCHOR + SYNTHETIC_PROTOTYPE_PARAMETERS
IND_DAM_0339,Ukai - Prototype Record 339,Gujarat,Tapi,Tapi,Gujarat,21.3187335,73.4322196,EPSG:4326,1980,II,Earthfill/Concrete,75.54,561.3,4632863.81,123913765.49,9140699.13,89714087.22,Drinking Water,1267.56,Operational,POINT (73.4322196 21.3187335),REAL_NAME/ANCHOR + SYNTHETIC_PROTOTYPE_PARAMETERS
IND_DAM_0340,Kaushalya - Prototype Record 340,Haryana,Indus,Kaushalya,Haryana,30.7708997,76.9546093,EPSG:4326,1927,V,Earthfill,47.02,1458.16,8852330.32,111518997.12,7557884.7,97551896.99,Irrigation;Hydropower,1431.17,Operational,POINT (76.9546093 30.7708997),REAL_NAME/ANCHOR + SYNTHETIC_PROTOTYPE_PARAMETERS
IND_DAM_0341,Bhakra - Prototype Record 341,Himachal Pradesh,Indus,Sutlej,Himachal Pradesh,31.4778717,76.5711927,EPSG:4326,1926,IV,Concrete/Gravity,68.37,1162.47,6509148.78,188934831.16,14855765.09,164006149.39,Irrigation;Hydropower,3536.53,Under Construction,POINT (76.5711927 31.4778717),REAL_NAME/ANCHOR + SYNTHETIC_PROTOTYPE_PARAMETERS
IND_DAM_0342,Pong - Prototype Record 342,Himachal Pradesh,Indus,Beas,Himachal Pradesh,31.8623397,76.9775197,EPSG:4326,1957,V,Earthfill,19.41,869.89,2411365.07,900925876.59,107303092.09,647111825.37,Hydropower,6772.44,Operational,POINT (76.9775197 31.8623397),REAL_NAME/ANCHOR + SYNTHETIC_PROTOTYPE_PARAMETERS
IND_DAM_0343,Maithon - Prototype Record 343,Jharkhand,Damodar,Barakar,Jharkhand,23.943854,86.589083,EPSG:4326,1938,III,Concrete/Earthfill,56.11,972.21,3156248.83,170855155.09,12508665.75,158399215.85,Multipurpose,2904.05,Operational,POINT (86.5890830 23.9438540),REAL_NAME/ANCHOR + SYNTHETIC_PROTOTYPE_PARAMETERS
IND_DAM_0344,Panchet - Prototype Record 344,Jharkhand,Ganga,Damodar,Jharkhand,23.6477987,86.6709333,EPSG:4326,1963,IV,Earthfill/Concrete,17.69,3025.24,9212546.71,156218798.6,11046423.95,135297563.04,Flood Control,3132.01,Operational,POINT (86.6709333 23.6477987),REAL_NAME/ANCHOR + SYNTHETIC_PROTOTYPE_PARAMETERS
IND_DAM_0345,Almatti - Prototype Record 345,Karnataka,Krishna,Krishna,Karnataka,16.1878531,75.8819856,EPSG:4326,1928,IV,Concrete,34.85,725.33,2948903.85,56202694.11,26966995.63,46815587.22,Hydropower,737.62,Under Construction,POINT (75.8819856 16.1878531),REAL_NAME/ANCHOR + SYNTHETIC_PROTOTYPE_PARAMETERS
IND_DAM_0346,Krishna Raja Sagara - Prototype Record 346,Karnataka,Cauvery,Cauvery,Karnataka,12.4081016,76.4499952,EPSG:4326,2019,V,Masonry,56.48,722.41,6644050.45,194942242.77,33555523.91,151102873.29,Multipurpose,2947.47,Operational,POINT (76.4499952 12.4081016),REAL_NAME/ANCHOR + SYNTHETIC_PROTOTYPE_PARAMETERS
IND_DAM_0347,Tungabhadra - Prototype Record 347,Karnataka,Krishna,Tungabhadra,Karnataka,15.2841203,76.3677172,EPSG:4326,2005,II,Masonry,44.18,513.73,3777001.97,51364679.96,7912701.63,43626681.71,Drinking Water,1745.6,Operational,POINT (76.3677172 15.2841203),REAL_NAME/ANCHOR + SYNTHETIC_PROTOTYPE_PARAMETERS
IND_DAM_0348,Idukki - Prototype Record 348,Kerala,West Coast,Periyar,Kerala,9.8888412,76.8166916,EPSG:4326,1934,II,Concrete/Arch,158.55,1170.72,7513905.73,215841860.46,41465092.9,174972501.76,Multipurpose,3816.61,Operational,POINT (76.8166916 9.8888412),REAL_NAME/ANCHOR + SYNTHETIC_PROTOTYPE_PARAMETERS
IND_DAM_0349,Mullaperiyar - Prototype Record 349,Kerala,West Coast,Periyar,Kerala,9.4240632,77.075934,EPSG:4326,1933,V,Masonry,33.78,611.37,2349392.33,1092269974.36,95541057.24,786700489.07,Irrigation;Hydropower,6289.28,Under Construction,POINT (77.0759340 9.4240632),REAL_NAME/ANCHOR + SYNTHETIC_PROTOTYPE_PARAMETERS
IND_DAM_0350,Indira Sagar - Prototype Record 350,Madhya Pradesh,Narmada,Narmada,Madhya Pradesh,22.3665653,76.486615,EPSG:4326,1925,II,Concrete/Earthfill,54.04,335.81,1212425.5,78386502.84,6661282.53,52022429.13,Hydropower,1466.5,Operational,POINT (76.4866150 22.3665653),REAL_NAME/ANCHOR + SYNTHETIC_PROTOTYPE_PARAMETERS
IND_DAM_0351,Bargi - Prototype Record 351,Madhya Pradesh,Narmada,Narmada,Madhya Pradesh,22.8727689,79.8875252,EPSG:4326,1973,IV,Concrete,48.1,441.96,1373214.3,264354002.5,19331744.06,173334563.19,Irrigation;Hydropower,4386.8,Operational,POINT (79.8875252 22.8727689),REAL_NAME/ANCHOR + SYNTHETIC_PROTOTYPE_PARAMETERS
IND_DAM_0352,Koyna - Prototype Record 352,Maharashtra,Other,Koyna,Maharashtra,17.4029867,73.6540416,EPSG:4326,1927,III,Concrete/Gravity,57.76,440.35,3632035.23,127496842.25,43633402.04,119430121.72,Hydropower,866.54,Operational,POINT (73.6540416 17.4029867),REAL_NAME/ANCHOR + SYNTHETIC_PROTOTYPE_PARAMETERS
IND_DAM_0353,Jayakwadi - Prototype Record 353,Maharashtra,Godavari,Godavari,Maharashtra,19.4251511,75.3685973,EPSG:4326,1930,IV,Earthfill,27.29,344.31,1439203.13,259473364.78,21893734.8,201912837.41,Irrigation;Hydropower,1873.44,Operational,POINT (75.3685973 19.4251511),REAL_NAME/ANCHOR + SYNTHETIC_PROTOTYPE_PARAMETERS
IND_DAM_0354,Khuga - Prototype Record 354,Manipur,Barak,Khuga,Manipur,24.5436908,93.7107841,EPSG:4326,1951,III,Earthfill,48.79,1639.1,11196132.72,322361576.92,37157274.03,249899430.83,Drinking Water,2699.18,Operational,POINT (93.7107841 24.5436908),REAL_NAME/ANCHOR + SYNTHETIC_PROTOTYPE_PARAMETERS
IND_DAM_0355,Umiam - Prototype Record 355,Meghalaya,Brahmaputra,Umiam,Meghalaya,25.6912212,92.0367935,EPSG:4326,1987,V,Concrete,49.23,1120.29,4568971.93,40303717.79,2870375.88,29578992.7,Multipurpose,647.13,Under Construction,POINT (92.0367935 25.6912212),REAL_NAME/ANCHOR + SYNTHETIC_PROTOTYPE_PARAMETERS
IND_DAM_0356,Tuirial - Prototype Record 356,Mizoram,Barak,Tuirial,Mizoram,23.8346474,92.6589558,EPSG:4326,1964,IV,Earthfill,31.69,387.7,2075432.84,193397290.18,14558132.43,132869414.63,Irrigation;Hydropower,3063.66,Operational,POINT (92.6589558 23.8346474),REAL_NAME/ANCHOR + SYNTHETIC_PROTOTYPE_PARAMETERS
IND_DAM_0357,Doyang - Prototype Record 357,Nagaland,Brahmaputra,Doyang,Nagaland,26.1531062,94.2046908,EPSG:4326,1999,IV,Earthfill,5.0,873.85,356995.71,123653034.39,39260691.59,91616871.84,Irrigation,1723.67,Operational,POINT (94.2046908 26.1531062),REAL_NAME/ANCHOR + SYNTHETIC_PROTOTYPE_PARAMETERS
IND_DAM_0358,Hirakud - Prototype Record 358,Odisha,Mahanadi,Mahanadi,Odisha,21.6367101,83.8426274,EPSG:4326,1947,V,Masonry/Earthfill,46.7,566.11,1684094.91,318105547.05,71767203.08,231607349.59,Hydropower,2974.18,Operational,POINT (83.8426274 21.6367101),REAL_NAME/ANCHOR + SYNTHETIC_PROTOTYPE_PARAMETERS
IND_DAM_0359,Ranjit Sagar - Prototype Record 359,Punjab,Indus,Ravi,Punjab,32.483105,75.5344942,EPSG:4326,1950,III,Concrete/Gravity,55.31,440.94,3327494.46,585263579.64,59054930.47,383285714.82,Flood Control,3836.42,Operational,POINT (75.5344942 32.4831050),REAL_NAME/ANCHOR + SYNTHETIC_PROTOTYPE_PARAMETERS
IND_DAM_0360,Bisalpur - Prototype Record 360,Rajasthan,Ganga,Banas,Rajasthan,25.5380503,75.3736529,EPSG:4326,1978,IV,Masonry,31.28,385.68,974388.33,269126156.03,123428429.36,220021809.61,Irrigation,4070.78,Operational,POINT (75.3736529 25.5380503),REAL_NAME/ANCHOR + SYNTHETIC_PROTOTYPE_PARAMETERS
IND_DAM_0361,Rana Pratap Sagar - Prototype Record 361,Rajasthan,Ganga,Chambal,Rajasthan,24.0280547,75.6410675,EPSG:4326,2012,II,Concrete,51.43,656.62,1825423.7,239476598.2,23478478.24,162481692.94,Irrigation,4365.67,Under Construction,POINT (75.6410675 24.0280547),REAL_NAME/ANCHOR + SYNTHETIC_PROTOTYPE_PARAMETERS
IND_DAM_0362,Teesta V - Prototype Record 362,Sikkim,Ganga,Teesta,Sikkim,27.2127075,88.776228,EPSG:4326,1920,V,Concrete,69.09,1005.8,3860420.27,228804409.84,44724226.36,212991907.96,Irrigation,1642.24,Operational,POINT (88.7762280 27.2127075),REAL_NAME/ANCHOR + SYNTHETIC_PROTOTYPE_PARAMETERS
IND_DAM_0363,Mettur - Prototype Record 363,Tamil Nadu,Cauvery,Cauvery,Tamil Nadu,11.7220622,77.7693322,EPSG:4326,2012,III,Masonry/Concrete,66.54,1368.81,5492707.94,43521160.98,5605396.67,31817436.63,Irrigation,1555.3,Operational,POINT (77.7693322 11.7220622),REAL_NAME/ANCHOR + SYNTHETIC_PROTOTYPE_PARAMETERS
IND_DAM_0364,Bhavanisagar - Prototype Record 364,Tamil Nadu,Other,Bhavani,Tamil Nadu,11.3859286,77.158293,EPSG:4326,1971,II,Earthfill/Concrete,34.22,724.99,2266506.97,295332098.39,25859374.91,255890877.39,Flood Control,4902.27,Under Construction,POINT (77.1582930 11.3859286),REAL_NAME/ANCHOR + SYNTHETIC_PROTOTYPE_PARAMETERS
IND_DAM_0365,Sathanur - Prototype Record 365,Tamil Nadu,East Coast,Thenpennai,Tamil Nadu,12.1282701,79.0471617,EPSG:4326,1913,III,Concrete,47.39,450.49,1130442.47,391784629.73,119352739.88,294572360.14,Irrigation;Hydropower,4831.35,Operational,POINT (79.0471617 12.1282701),REAL_NAME/ANCHOR + SYNTHETIC_PROTOTYPE_PARAMETERS
IND_DAM_0366,Srisailam Left Bank - Prototype Record 366,Telangana,Krishna,Krishna,Telangana,16.1579945,78.9348837,EPSG:4326,1944,V,Concrete,32.58,697.82,2063604.95,68698649.68,5254581.21,47877736.83,Multipurpose,2378.11,Operational,POINT (78.9348837 16.1579945),REAL_NAME/ANCHOR + SYNTHETIC_PROTOTYPE_PARAMETERS
IND_DAM_0367,Singur - Prototype Record 367,Telangana,Godavari,Manjira,Telangana,17.8145639,77.9928414,EPSG:4326,1962,II,Earthfill,30.54,691.57,2380079.45,291597527.73,26805765.1,275336383.13,Irrigation,2225.5,Operational,POINT (77.9928414 17.8145639),REAL_NAME/ANCHOR + SYNTHETIC_PROTOTYPE_PARAMETERS
IND_DAM_0368,Dumbur - Prototype Record 368,Tripura,Ganga,Gomati,Tripura,23.5189128,91.6803467,EPSG:4326,1919,IV,Earthfill,29.83,823.53,2918405.85,546839629.33,80583697.5,423118548.28,Irrigation;Hydropower,2082.5,Operational,POINT (91.6803467 23.5189128),REAL_NAME/ANCHOR + SYNTHETIC_PROTOTYPE_PARAMETERS
IND_DAM_0369,Rihand - Prototype Record 369,Uttar Pradesh,Ganga,Rihand,Uttar Pradesh,24.0634086,83.0242282,EPSG:4326,1933,V,Concrete/Earthfill,40.31,534.12,1836973.73,273947371.22,28970302.58,183692059.66,Irrigation,3694.88,Operational,POINT (83.0242282 24.0634086),REAL_NAME/ANCHOR + SYNTHETIC_PROTOTYPE_PARAMETERS
IND_DAM_0370,Tehri - Prototype Record 370,Uttarakhand,Ganga,Bhagirathi,Uttarakhand,30.2852791,78.4926418,EPSG:4326,1913,III,Earthfill/Rockfill,95.41,1780.13,21849887.64,1202642108.09,447969296.15,896931233.03,Irrigation,10340.8,Operational,POINT (78.4926418 30.2852791),REAL_NAME/ANCHOR + SYNTHETIC_PROTOTYPE_PARAMETERS
IND_DAM_0371,Ramganga - Prototype Record 371,Uttarakhand,Ganga,Ramganga,Uttarakhand,29.7121115,78.8722303,EPSG:4326,2000,III,Concrete,71.67,1123.77,13990553.37,58730522.0,4213475.52,44885879.35,Multipurpose,1257.83,Operational,POINT (78.8722303 29.7121115),REAL_NAME/ANCHOR + SYNTHETIC_PROTOTYPE_PARAMETERS
IND_DAM_0372,Farakka - Prototype Record 372,West Bengal,Ganga,Ganga,West Bengal,24.7899031,88.0595778,EPSG:4326,1951,II,Barrages,8.28,445.64,256213.66,450631449.46,46176245.64,380901174.89,Irrigation,2459.48,Under Construction,POINT (88.0595778 24.7899031),REAL_NAME/ANCHOR + SYNTHETIC_PROTOTYPE_PARAMETERS
IND_DAM_0373,Kangsabati - Prototype Record 373,West Bengal,Ganga,Kangsabati,West Bengal,22.9822268,87.1946482,EPSG:4326,1972,II,Earthfill,38.63,1402.62,4917346.46,108132775.54,15076927.84,74054051.23,Irrigation;Hydropower,911.02,Operational,POINT (87.1946482 22.9822268),REAL_NAME/ANCHOR + SYNTHETIC_PROTOTYPE_PARAMETERS
IND_DAM_0374,Salal - Prototype Record 374,Jammu and Kashmir,Indus,Chenab,Jammu and Kashmir,33.146973,74.8277488,EPSG:4326,1913,II,Concrete,57.52,1467.55,10741017.93,270686168.75,19981508.99,183306394.4,Multipurpose,1065.13,Operational,POINT (74.8277488 33.1469730),REAL_NAME/ANCHOR + SYNTHETIC_PROTOTYPE_PARAMETERS
IND_DAM_0375,Baglihar - Prototype Record 375,Jammu and Kashmir,Indus,Chenab,Jammu and Kashmir,33.2000654,75.298908,EPSG:4326,1990,III,Concrete,33.64,2616.91,9576022.44,43940300.05,3466350.0,40768577.03,Multipurpose,1343.54,Operational,POINT (75.2989080 33.2000654),REAL_NAME/ANCHOR + SYNTHETIC_PROTOTYPE_PARAMETERS
IND_DAM_0376,Nimoo Bazgo - Prototype Record 376,Ladakh,Indus,Indus,Ladakh,34.2485796,77.6050742,EPSG:4326,1938,II,Concrete,57.13,3616.56,22136714.57,119845420.84,12164272.91,106985242.08,Irrigation,863.99,Under Construction,POINT (77.6050742 34.2485796),REAL_NAME/ANCHOR + SYNTHETIC_PROTOTYPE_PARAMETERS
IND_DAM_0377,Polavaram - Prototype Record 377,Andhra Pradesh,Godavari,Godavari,Andhra Pradesh,17.2956706,81.7314727,EPSG:4326,1948,V,Concrete/Gravity,95.99,511.91,2303396.24,18346800.81,5206246.09,13495369.29,Irrigation,288.07,Under Construction,POINT (81.7314727 17.2956706),REAL_NAME/ANCHOR + SYNTHETIC_PROTOTYPE_PARAMETERS
IND_DAM_0378,Srisailam - Prototype Record 378,Andhra Pradesh,Krishna,Krishna,Andhra Pradesh,16.0970817,78.953866,EPSG:4326,1937,V,Masonry/Concrete,53.29,192.68,1204352.88,276964182.07,25825009.99,206511571.85,Irrigation,3466.76,Operational,POINT (78.9538660 16.0970817),REAL_NAME/ANCHOR + SYNTHETIC_PROTOTYPE_PARAMETERS
IND_DAM_0379,Nagarjuna Sagar - Prototype Record 379,Andhra Pradesh,Krishna,Krishna,Andhra Pradesh,16.6566345,79.1564077,EPSG:4326,1935,III,Masonry,50.68,2333.73,11994225.68,118973359.77,36395554.77,80253593.61,Irrigation,2973.11,Operational,POINT (79.1564077 16.6566345),REAL_NAME/ANCHOR + SYNTHETIC_PROTOTYPE_PARAMETERS
IND_DAM_0380,Ranganadi - Prototype Record 380,Arunachal Pradesh,Brahmaputra,Ranganadi,Arunachal Pradesh,27.5255073,94.37961,EPSG:4326,1961,II,Concrete,42.91,1009.38,4668650.33,231205692.88,59495424.97,186697938.72,Hydropower,4038.37,Operational,POINT (94.3796100 27.5255073),REAL_NAME/ANCHOR + SYNTHETIC_PROTOTYPE_PARAMETERS
IND_DAM_0381,Karbi Langpi - Prototype Record 381,Assam,Brahmaputra,Borpani,Assam,25.8051594,92.5915789,EPSG:4326,1900,II,Concrete,51.33,530.66,1254524.16,148560415.44,20511332.32,98941704.48,Irrigation,3644.77,Operational,POINT (92.5915789 25.8051594),REAL_NAME/ANCHOR + SYNTHETIC_PROTOTYPE_PARAMETERS
IND_DAM_0382,Kohira - Prototype Record 382,Bihar,Ganga,Kohira,Bihar,24.9763832,83.5065694,EPSG:4326,1989,II,Earthfill,36.01,387.4,1932227.25,212584684.42,14316136.23,156245936.29,Irrigation,4181.75,Operational,POINT (83.5065694 24.9763832),REAL_NAME/ANCHOR + SYNTHETIC_PROTOTYPE_PARAMETERS
IND_DAM_0383,Gangrel - Prototype Record 383,Chhattisgarh,Mahanadi,Mahanadi,Chhattisgarh,19.9924999,81.2736315,EPSG:4326,1931,V,Masonry,38.21,462.08,1072580.6,82112087.65,18491144.24,61549749.17,Hydropower,2326.56,Under Construction,POINT (81.2736315 19.9924999),REAL_NAME/ANCHOR + SYNTHETIC_PROTOTYPE_PARAMETERS
IND_DAM_0384,Salaulim - Prototype Record 384,Goa,West Coast,Salaulim,Goa,15.1157742,74.0622067,EPSG:4326,1932,II,Earthfill,25.84,1521.25,4924366.29,2483148186.94,241372881.01,2074154530.33,Hydropower,3458.15,Operational,POINT (74.0622067 15.1157742),REAL_NAME/ANCHOR + SYNTHETIC_PROTOTYPE_PARAMETERS
IND_DAM_0385,Sardar Sarovar - Prototype Record 385,Gujarat,Narmada,Narmada,Gujarat,21.9676239,73.6524012,EPSG:4326,1943,V,Concrete/Gravity,54.5,1023.62,6397140.14,76763203.36,7216743.45,57815440.1,Multipurpose,812.9,Operational,POINT (73.6524012 21.9676239),REAL_NAME/ANCHOR + SYNTHETIC_PROTOTYPE_PARAMETERS
IND_DAM_0386,Ukai - Prototype Record 386,Gujarat,Tapi,Tapi,Gujarat,21.3312031,73.5306094,EPSG:4326,1955,III,Earthfill/Concrete,53.2,1822.26,10795923.21,104220793.59,12830762.8,87595255.42,Drinking Water,1937.71,Operational,POINT (73.5306094 21.3312031),REAL_NAME/ANCHOR + SYNTHETIC_PROTOTYPE_PARAMETERS
IND_DAM_0387,Kaushalya - Prototype Record 387,Haryana,Indus,Kaushalya,Haryana,30.7131604,76.8729994,EPSG:4326,1920,V,Earthfill,27.1,541.99,1543390.81,146060531.28,55629798.96,131533252.09,Hydropower,2842.66,Operational,POINT (76.8729994 30.7131604),REAL_NAME/ANCHOR + SYNTHETIC_PROTOTYPE_PARAMETERS
IND_DAM_0388,Bhakra - Prototype Record 388,Himachal Pradesh,Indus,Sutlej,Himachal Pradesh,31.5058423,76.4764553,EPSG:4326,1996,IV,Concrete/Gravity,35.18,4124.29,22816432.34,734967590.78,111228764.07,547319520.26,Drinking Water,3589.35,Operational,POINT (76.4764553 31.5058423),REAL_NAME/ANCHOR + SYNTHETIC_PROTOTYPE_PARAMETERS
IND_DAM_0389,Pong - Prototype Record 389,Himachal Pradesh,Indus,Beas,Himachal Pradesh,31.8835917,76.8709505,EPSG:4326,1942,V,Earthfill,62.57,680.68,7189362.62,55826576.56,3935262.37,45507637.63,Multipurpose,1973.67,Operational,POINT (76.8709505 31.8835917),REAL_NAME/ANCHOR + SYNTHETIC_PROTOTYPE_PARAMETERS
IND_DAM_0390,Maithon - Prototype Record 390,Jharkhand,Damodar,Barakar,Jharkhand,23.9512829,86.7320705,EPSG:4326,1936,III,Concrete/Earthfill,50.68,728.44,4506028.29,219112118.77,16915459.81,152512621.34,Flood Control,3175.46,Operational,POINT (86.7320705 23.9512829),REAL_NAME/ANCHOR + SYNTHETIC_PROTOTYPE_PARAMETERS
IND_DAM_0391,Panchet - Prototype Record 391,Jharkhand,Ganga,Damodar,Jharkhand,23.6865586,86.8915954,EPSG:4326,1951,II,Earthfill/Concrete,52.86,579.88,2806232.37,166576320.61,24649484.64,146336227.48,Hydropower,1575.45,Operational,POINT (86.8915954 23.6865586),REAL_NAME/ANCHOR + SYNTHETIC_PROTOTYPE_PARAMETERS
IND_DAM_0392,Almatti - Prototype Record 392,Karnataka,Krishna,Krishna,Karnataka,16.5218052,75.7565159,EPSG:4326,1945,II,Concrete,56.64,1644.16,9639856.68,9727091.92,1181727.98,6565737.37,Irrigation;Hydropower,846.73,Operational,POINT (75.7565159 16.5218052),REAL_NAME/ANCHOR + SYNTHETIC_PROTOTYPE_PARAMETERS
IND_DAM_0393,Krishna Raja Sagara - Prototype Record 393,Karnataka,Cauvery,Cauvery,Karnataka,12.3381519,76.5185182,EPSG:4326,1984,III,Masonry,56.32,1347.53,8881041.61,170344350.7,70387344.33,126094246.09,Drinking Water,3383.0,Operational,POINT (76.5185182 12.3381519),REAL_NAME/ANCHOR + SYNTHETIC_PROTOTYPE_PARAMETERS
IND_DAM_0394,Tungabhadra - Prototype Record 394,Karnataka,Krishna,Tungabhadra,Karnataka,15.1785846,76.4390758,EPSG:4326,1904,II,Masonry,50.72,2723.78,12606641.78,301733971.85,23346138.34,220723186.71,Hydropower,1176.16,Operational,POINT (76.4390758 15.1785846),REAL_NAME/ANCHOR + SYNTHETIC_PROTOTYPE_PARAMETERS
IND_DAM_0395,Idukki - Prototype Record 395,Kerala,West Coast,Periyar,Kerala,9.8441077,77.000133,EPSG:4326,1903,III,Concrete/Arch,154.44,723.12,18482036.57,750419846.57,103192616.29,611079637.15,Irrigation,2029.71,Operational,POINT (77.0001330 9.8441077),REAL_NAME/ANCHOR + SYNTHETIC_PROTOTYPE_PARAMETERS
IND_DAM_0396,Mullaperiyar - Prototype Record 396,Kerala,West Coast,Periyar,Kerala,9.5838271,77.051579,EPSG:4326,2015,IV,Masonry,48.64,1373.49,10721184.83,151498470.14,18991250.01,124686156.21,Hydropower,2677.65,Operational,POINT (77.0515790 9.5838271),REAL_NAME/ANCHOR + SYNTHETIC_PROTOTYPE_PARAMETERS
IND_DAM_0397,Indira Sagar - Prototype Record 397,Madhya Pradesh,Narmada,Narmada,Madhya Pradesh,22.3111107,76.4605902,EPSG:4326,1911,V,Concrete/Earthfill,51.01,1446.25,2961456.14,111806541.75,12596437.47,99478657.03,Irrigation,1212.21,Operational,POINT (76.4605902 22.3111107),REAL_NAME/ANCHOR + SYNTHETIC_PROTOTYPE_PARAMETERS
IND_DAM_0398,Bargi - Prototype Record 398,Madhya Pradesh,Narmada,Narmada,Madhya Pradesh,22.8704968,79.9850298,EPSG:4326,1987,IV,Concrete,65.98,847.52,9185980.96,459696067.65,219742652.75,373224788.5,Multipurpose,5803.78,Under Construction,POINT (79.9850298 22.8704968),REAL_NAME/ANCHOR + SYNTHETIC_PROTOTYPE_PARAMETERS
IND_DAM_0399,Koyna - Prototype Record 399,Maharashtra,Other,Koyna,Maharashtra,17.2839345,73.6327029,EPSG:4326,1901,III,Concrete/Gravity,85.65,1914.01,23509655.58,96750438.9,9146289.67,77944407.55,Hydropower,911.91,Under Construction,POINT (73.6327029 17.2839345),REAL_NAME/ANCHOR + SYNTHETIC_PROTOTYPE_PARAMETERS
IND_DAM_0400,Jayakwadi - Prototype Record 400,Maharashtra,Godavari,Godavari,Maharashtra,19.3924135,75.3234841,EPSG:4326,1963,V,Earthfill,26.29,1902.67,4399598.6,185453485.81,25636494.8,125080287.68,Drinking Water,1357.96,Operational,POINT (75.3234841 19.3924135),REAL_NAME/ANCHOR + SYNTHETIC_PROTOTYPE_PARAMETERS
IND_DAM_0401,Khuga - Prototype Record 401,Manipur,Barak,Khuga,Manipur,24.6190004,93.6631902,EPSG:4326,1991,V,Earthfill,55.97,1958.9,14429652.85,422644449.81,69468191.11,392901864.09,Flood Control,4429.85,Under Construction,POINT (93.6631902 24.6190004),REAL_NAME/ANCHOR + SYNTHETIC_PROTOTYPE_PARAMETERS
IND_DAM_0402,Umiam - Prototype Record 402,Meghalaya,Brahmaputra,Umiam,Meghalaya,25.7879039,91.8869492,EPSG:4326,1944,IV,Concrete,67.73,450.1,5002188.65,113240868.96,33661328.77,82276535.47,Irrigation;Hydropower,2894.65,Operational,POINT (91.8869492 25.7879039),REAL_NAME/ANCHOR + SYNTHETIC_PROTOTYPE_PARAMETERS
IND_DAM_0403,Tuirial - Prototype Record 403,Mizoram,Barak,Tuirial,Mizoram,23.8237282,92.7907174,EPSG:4326,1909,II,Earthfill,53.41,755.37,3856800.3,313682661.89,42023415.72,263607641.75,Irrigation,2525.06,Operational,POINT (92.7907174 23.8237282),REAL_NAME/ANCHOR + SYNTHETIC_PROTOTYPE_PARAMETERS
IND_DAM_0404,Doyang - Prototype Record 404,Nagaland,Brahmaputra,Doyang,Nagaland,26.2319499,94.2630036,EPSG:4326,1971,III,Earthfill,39.91,274.86,1859643.95,43344526.19,5241184.58,35335157.31,Flood Control,807.54,Under Construction,POINT (94.2630036 26.2319499),REAL_NAME/ANCHOR + SYNTHETIC_PROTOTYPE_PARAMETERS
IND_DAM_0405,Hirakud - Prototype Record 405,Odisha,Mahanadi,Mahanadi,Odisha,21.5519729,83.8460903,EPSG:4326,1901,V,Masonry/Earthfill,66.04,347.68,3604450.83,238771974.37,94098464.94,190095038.11,Irrigation,1609.07,Operational,POINT (83.8460903 21.5519729),REAL_NAME/ANCHOR + SYNTHETIC_PROTOTYPE_PARAMETERS
IND_DAM_0406,Ranjit Sagar - Prototype Record 406,Punjab,Indus,Ravi,Punjab,32.4199159,75.7436198,EPSG:4326,1908,IV,Concrete/Gravity,59.87,1994.99,9891298.91,143063299.75,17538087.24,134110002.19,Multipurpose,1425.06,Operational,POINT (75.7436198 32.4199159),REAL_NAME/ANCHOR + SYNTHETIC_PROTOTYPE_PARAMETERS
IND_DAM_0407,Bisalpur - Prototype Record 407,Rajasthan,Ganga,Banas,Rajasthan,25.6332404,75.3760213,EPSG:4326,1945,V,Masonry,45.7,280.09,1536435.38,412456002.95,77151272.06,295289319.13,Flood Control,1125.66,Operational,POINT (75.3760213 25.6332404),REAL_NAME/ANCHOR + SYNTHETIC_PROTOTYPE_PARAMETERS
IND_DAM_0408,Rana Pratap Sagar - Prototype Record 408,Rajasthan,Ganga,Chambal,Rajasthan,23.9029468,75.6347589,EPSG:4326,1940,III,Concrete,29.55,109.02,161773.62,216270388.91,15269932.79,188460245.3,Drinking Water,1276.99,Operational,POINT (75.6347589 23.9029468),REAL_NAME/ANCHOR + SYNTHETIC_PROTOTYPE_PARAMETERS
IND_DAM_0409,Teesta V - Prototype Record 409,Sikkim,Ganga,Teesta,Sikkim,26.9837783,88.6185493,EPSG:4326,1982,V,Concrete,59.27,2595.45,16579048.13,21867064.69,5740746.69,14890832.52,Irrigation;Hydropower,577.38,Operational,POINT (88.6185493 26.9837783),REAL_NAME/ANCHOR + SYNTHETIC_PROTOTYPE_PARAMETERS
IND_DAM_0410,Mettur - Prototype Record 410,Tamil Nadu,Cauvery,Cauvery,Tamil Nadu,11.7423563,77.9679946,EPSG:4326,1937,V,Masonry/Concrete,71.59,936.95,10827547.88,609106087.56,93254628.72,553933003.89,Drinking Water,3538.12,Operational,POINT (77.9679946 11.7423563),REAL_NAME/ANCHOR + SYNTHETIC_PROTOTYPE_PARAMETERS
IND_DAM_0411,Bhavanisagar - Prototype Record 411,Tamil Nadu,Other,Bhavani,Tamil Nadu,11.4418752,77.0037986,EPSG:4326,1944,V,Earthfill/Concrete,37.37,1102.92,5573071.84,112651687.89,17823744.84,85858426.81,Multipurpose,3061.55,Under Construction,POINT (77.0037986 11.4418752),REAL_NAME/ANCHOR + SYNTHETIC_PROTOTYPE_PARAMETERS
IND_DAM_0412,Sathanur - Prototype Record 412,Tamil Nadu,East Coast,Thenpennai,Tamil Nadu,12.25611,79.0007671,EPSG:4326,1974,V,Concrete,40.52,762.5,5520620.49,472086336.64,64819277.31,322700144.01,Irrigation,1852.71,Under Construction,POINT (79.0007671 12.2561100),REAL_NAME/ANCHOR + SYNTHETIC_PROTOTYPE_PARAMETERS
IND_DAM_0413,Srisailam Left Bank - Prototype Record 413,Telangana,Krishna,Krishna,Telangana,16.0859994,78.9960009,EPSG:4326,1909,III,Concrete,77.02,2372.27,17962398.77,76897066.97,8881821.47,59509854.34,Multipurpose,1306.73,Under Construction,POINT (78.9960009 16.0859994),REAL_NAME/ANCHOR + SYNTHETIC_PROTOTYPE_PARAMETERS
IND_DAM_0414,Singur - Prototype Record 414,Telangana,Godavari,Manjira,Telangana,17.7610676,77.9075475,EPSG:4326,1939,V,Earthfill,8.27,1073.24,737313.5,77056263.29,10203733.67,60279699.62,Irrigation;Hydropower,2193.36,Operational,POINT (77.9075475 17.7610676),REAL_NAME/ANCHOR + SYNTHETIC_PROTOTYPE_PARAMETERS
IND_DAM_0415,Dumbur - Prototype Record 415,Tripura,Ganga,Gomati,Tripura,23.4961569,91.8274052,EPSG:4326,1921,IV,Earthfill,57.68,745.06,6830750.29,60261452.14,15947362.45,40796789.24,Multipurpose,1735.6,Operational,POINT (91.8274052 23.4961569),REAL_NAME/ANCHOR + SYNTHETIC_PROTOTYPE_PARAMETERS
IND_DAM_0416,Rihand - Prototype Record 416,Uttar Pradesh,Ganga,Rihand,Uttar Pradesh,24.1413635,83.0903939,EPSG:4326,2015,III,Concrete/Earthfill,76.28,687.24,4081511.19,130069213.44,47533727.63,105301490.45,Multipurpose,1920.55,Under Construction,POINT (83.0903939 24.1413635),REAL_NAME/ANCHOR + SYNTHETIC_PROTOTYPE_PARAMETERS
IND_DAM_0417,Tehri - Prototype Record 417,Uttarakhand,Ganga,Bhagirathi,Uttarakhand,30.374282,78.4973976,EPSG:4326,2015,III,Earthfill/Rockfill,107.46,2844.17,23871744.27,1193478543.95,133956610.94,1025878370.03,Irrigation;Hydropower,8593.9,Operational,POINT (78.4973976 30.3742820),REAL_NAME/ANCHOR + SYNTHETIC_PROTOTYPE_PARAMETERS
IND_DAM_0418,Ramganga - Prototype Record 418,Uttarakhand,Ganga,Ramganga,Uttarakhand,29.7597726,78.62325,EPSG:4326,2007,V,Concrete,58.13,1393.57,6719419.43,21755993.56,1603752.11,20539900.43,Flood Control,364.9,Under Construction,POINT (78.6232500 29.7597726),REAL_NAME/ANCHOR + SYNTHETIC_PROTOTYPE_PARAMETERS
IND_DAM_0419,Farakka - Prototype Record 419,West Bengal,Ganga,Ganga,West Bengal,24.8199083,87.7878175,EPSG:4326,1934,II,Barrages,20.29,539.3,1767059.41,118847524.92,7960734.51,101479591.56,Hydropower,2099.85,Operational,POINT (87.7878175 24.8199083),REAL_NAME/ANCHOR + SYNTHETIC_PROTOTYPE_PARAMETERS
IND_DAM_0420,Kangsabati - Prototype Record 420,West Bengal,Ganga,Kangsabati,West Bengal,22.9734216,87.224834,EPSG:4326,1951,IV,Earthfill,50.71,1542.64,9586391.6,267611626.78,18638636.61,243282068.81,Irrigation;Hydropower,2908.96,Under Construction,POINT (87.2248340 22.9734216),REAL_NAME/ANCHOR + SYNTHETIC_PROTOTYPE_PARAMETERS
IND_DAM_0421,Salal - Prototype Record 421,Jammu and Kashmir,Indus,Chenab,Jammu and Kashmir,32.9980606,74.795934,EPSG:4326,2005,IV,Concrete,71.17,511.52,3549124.69,746553056.24,191889196.11,539618587.96,Irrigation,6290.34,Under Construction,POINT (74.7959340 32.9980606),REAL_NAME/ANCHOR + SYNTHETIC_PROTOTYPE_PARAMETERS
IND_DAM_0422,Baglihar - Prototype Record 422,Jammu and Kashmir,Indus,Chenab,Jammu and Kashmir,33.1095733,75.2080741,EPSG:4326,1913,V,Concrete,72.12,663.23,4909715.85,288401325.02,55646724.22,191381321.19,Irrigation,1310.07,Operational,POINT (75.2080741 33.1095733),REAL_NAME/ANCHOR + SYNTHETIC_PROTOTYPE_PARAMETERS
IND_DAM_0423,Nimoo Bazgo - Prototype Record 423,Ladakh,Indus,Indus,Ladakh,34.1997447,77.5592774,EPSG:4326,2022,IV,Concrete,51.38,1297.66,8348373.83,119004426.84,15543582.6,110752839.22,Drinking Water,554.52,Under Construction,POINT (77.5592774 34.1997447),REAL_NAME/ANCHOR + SYNTHETIC_PROTOTYPE_PARAMETERS
IND_DAM_0424,Polavaram - Prototype Record 424,Andhra Pradesh,Godavari,Godavari,Andhra Pradesh,17.4184252,81.5310239,EPSG:4326,1927,IV,Concrete/Gravity,50.28,2834.9,17567306.37,291191136.84,26509912.15,271940549.39,Multipurpose,3111.54,Under Construction,POINT (81.5310239 17.4184252),REAL_NAME/ANCHOR + SYNTHETIC_PROTOTYPE_PARAMETERS
IND_DAM_0425,Srisailam - Prototype Record 425,Andhra Pradesh,Krishna,Krishna,Andhra Pradesh,15.9794418,78.8945987,EPSG:4326,1962,II,Masonry/Concrete,57.23,881.35,5155043.31,73200414.17,7041977.57,52625667.13,Hydropower,2411.74,Under Construction,POINT (78.8945987 15.9794418),REAL_NAME/ANCHOR + SYNTHETIC_PROTOTYPE_PARAMETERS
IND_DAM_0426,Nagarjuna Sagar - Prototype Record 426,Andhra Pradesh,Krishna,Krishna,Andhra Pradesh,16.6646589,79.384219,EPSG:4326,1992,IV,Masonry,51.52,1819.68,8503274.19,236795357.43,28170932.27,220203984.13,Irrigation,2433.02,Operational,POINT (79.3842190 16.6646589),REAL_NAME/ANCHOR + SYNTHETIC_PROTOTYPE_PARAMETERS
IND_DAM_0427,Ranganadi - Prototype Record 427,Arunachal Pradesh,Brahmaputra,Ranganadi,Arunachal Pradesh,27.456335,94.3357967,EPSG:4326,1931,V,Concrete,54.27,2580.18,16485193.91,139697139.18,24764712.24,99670807.17,Drinking Water,1862.91,Under Construction,POINT (94.3357967 27.4563350),REAL_NAME/ANCHOR + SYNTHETIC_PROTOTYPE_PARAMETERS
IND_DAM_0428,Karbi Langpi - Prototype Record 428,Assam,Brahmaputra,Borpani,Assam,25.9178446,92.6337869,EPSG:4326,1991,II,Concrete,30.42,270.16,1290864.84,71576867.4,5976840.2,55597581.42,Hydropower,427.32,Operational,POINT (92.6337869 25.9178446),REAL_NAME/ANCHOR + SYNTHETIC_PROTOTYPE_PARAMETERS
IND_DAM_0429,Kohira - Prototype Record 429,Bihar,Ganga,Kohira,Bihar,24.9098959,83.4404655,EPSG:4326,1954,II,Earthfill,37.52,297.79,1544035.55,779553011.9,86073934.98,542460955.6,Multipurpose,4106.54,Under Construction,POINT (83.4404655 24.9098959),REAL_NAME/ANCHOR + SYNTHETIC_PROTOTYPE_PARAMETERS
IND_DAM_0430,Gangrel - Prototype Record 430,Chhattisgarh,Mahanadi,Mahanadi,Chhattisgarh,20.0149165,81.3013329,EPSG:4326,1920,IV,Masonry,61.15,1092.3,3042114.86,325544318.65,68645576.93,306912394.11,Irrigation,2536.73,Operational,POINT (81.3013329 20.0149165),REAL_NAME/ANCHOR + SYNTHETIC_PROTOTYPE_PARAMETERS
IND_DAM_0431,Salaulim - Prototype Record 431,Goa,West Coast,Salaulim,Goa,15.0649358,74.0261934,EPSG:4326,1992,V,Earthfill,41.53,606.71,4228877.46,740549068.11,107037044.49,653127484.72,Multipurpose,7526.69,Operational,POINT (74.0261934 15.0649358),REAL_NAME/ANCHOR + SYNTHETIC_PROTOTYPE_PARAMETERS
IND_DAM_0432,Sardar Sarovar - Prototype Record 432,Gujarat,Narmada,Narmada,Gujarat,21.7952564,73.6403426,EPSG:4326,1997,V,Concrete/Gravity,58.0,556.63,4556437.78,33373783.97,7327201.94,23698056.24,Flood Control,660.01,Under Construction,POINT (73.6403426 21.7952564),REAL_NAME/ANCHOR + SYNTHETIC_PROTOTYPE_PARAMETERS
IND_DAM_0433,Ukai - Prototype Record 433,Gujarat,Tapi,Tapi,Gujarat,21.1181324,73.542799,EPSG:4326,1903,IV,Earthfill/Concrete,44.51,867.6,2828076.2,139590270.54,12702262.9,118384730.85,Multipurpose,2707.0,Under Construction,POINT (73.5427990 21.1181324),REAL_NAME/ANCHOR + SYNTHETIC_PROTOTYPE_PARAMETERS
IND_DAM_0434,Kaushalya - Prototype Record 434,Haryana,Indus,Kaushalya,Haryana,30.836802,76.8852026,EPSG:4326,1927,II,Earthfill,22.56,472.44,1216155.71,165130522.34,16481198.91,118451747.21,Multipurpose,2145.66,Operational,POINT (76.8852026 30.8368020),REAL_NAME/ANCHOR + SYNTHETIC_PROTOTYPE_PARAMETERS
IND_DAM_0435,Bhakra - Prototype Record 435,Himachal Pradesh,Indus,Sutlej,Himachal Pradesh,31.2405241,76.4602062,EPSG:4326,2022,IV,Concrete/Gravity,33.3,2790.27,12404389.39,28160789.89,2015682.61,21472849.96,Irrigation;Hydropower,1248.99,Operational,POINT (76.4602062 31.2405241),REAL_NAME/ANCHOR + SYNTHETIC_PROTOTYPE_PARAMETERS
IND_DAM_0436,Pong - Prototype Record 436,Himachal Pradesh,Indus,Beas,Himachal Pradesh,31.957947,76.8933119,EPSG:4326,1986,III,Earthfill,51.75,780.27,7111969.73,259237018.76,19234485.58,200720549.32,Drinking Water,1248.84,Under Construction,POINT (76.8933119 31.9579470),REAL_NAME/ANCHOR + SYNTHETIC_PROTOTYPE_PARAMETERS
IND_DAM_0437,Maithon - Prototype Record 437,Jharkhand,Damodar,Barakar,Jharkhand,24.0566489,86.8101291,EPSG:4326,1901,IV,Concrete/Earthfill,69.77,658.67,7426510.88,65557535.99,6038996.65,48543595.37,Flood Control,717.71,Operational,POINT (86.8101291 24.0566489),REAL_NAME/ANCHOR + SYNTHETIC_PROTOTYPE_PARAMETERS
IND_DAM_0438,Panchet - Prototype Record 438,Jharkhand,Ganga,Damodar,Jharkhand,23.6114231,86.729222,EPSG:4326,1972,III,Earthfill/Concrete,32.27,2954.79,4160174.27,42761034.8,3917206.54,29390513.9,Irrigation;Hydropower,870.82,Operational,POINT (86.7292220 23.6114231),REAL_NAME/ANCHOR + SYNTHETIC_PROTOTYPE_PARAMETERS
IND_DAM_0439,Almatti - Prototype Record 439,Karnataka,Krishna,Krishna,Karnataka,16.3340154,75.8893677,EPSG:4326,1984,IV,Concrete,60.34,457.54,4000650.11,726799605.29,76545831.58,677602300.25,Multipurpose,3495.77,Operational,POINT (75.8893677 16.3340154),REAL_NAME/ANCHOR + SYNTHETIC_PROTOTYPE_PARAMETERS
IND_DAM_0440,Krishna Raja Sagara - Prototype Record 440,Karnataka,Cauvery,Cauvery,Karnataka,12.3909869,76.5870063,EPSG:4326,1990,II,Masonry,53.94,1933.45,10645241.11,802237013.28,193529694.97,545196398.94,Drinking Water,4040.79,Operational,POINT (76.5870063 12.3909869),REAL_NAME/ANCHOR + SYNTHETIC_PROTOTYPE_PARAMETERS
IND_DAM_0441,Tungabhadra - Prototype Record 441,Karnataka,Krishna,Tungabhadra,Karnataka,15.1981537,76.3795168,EPSG:4326,1930,IV,Masonry,24.72,886.74,3399800.95,261268123.83,28957996.23,244768559.63,Irrigation,1844.97,Under Construction,POINT (76.3795168 15.1981537),REAL_NAME/ANCHOR + SYNTHETIC_PROTOTYPE_PARAMETERS
IND_DAM_0442,Idukki - Prototype Record 442,Kerala,West Coast,Periyar,Kerala,9.9096594,76.9889056,EPSG:4326,1923,V,Concrete/Arch,161.26,4555.49,116031454.56,32902400.17,2209662.04,25418201.08,Drinking Water,1043.72,Operational,POINT (76.9889056 9.9096594),REAL_NAME/ANCHOR + SYNTHETIC_PROTOTYPE_PARAMETERS
IND_DAM_0443,Mullaperiyar - Prototype Record 443,Kerala,West Coast,Periyar,Kerala,9.5461206,77.0551116,EPSG:4326,1927,V,Masonry,42.49,702.4,4341832.4,38376774.29,2886779.62,36088900.45,Multipurpose,666.33,Operational,POINT (77.0551116 9.5461206),REAL_NAME/ANCHOR + SYNTHETIC_PROTOTYPE_PARAMETERS
IND_DAM_0444,Indira Sagar - Prototype Record 444,Madhya Pradesh,Narmada,Narmada,Madhya Pradesh,22.1226364,76.4199177,EPSG:4326,2024,II,Concrete/Earthfill,67.8,1838.85,21043908.29,61461492.84,4293989.26,45525418.22,Multipurpose,1371.48,Operational,POINT (76.4199177 22.1226364),REAL_NAME/ANCHOR + SYNTHETIC_PROTOTYPE_PARAMETERS
IND_DAM_0445,Bargi - Prototype Record 445,Madhya Pradesh,Narmada,Narmada,Madhya Pradesh,22.9887507,79.8615167,EPSG:4326,1900,IV,Concrete,28.29,880.06,2594091.05,175238702.21,30141195.69,145348745.59,Multipurpose,3109.82,Operational,POINT (79.8615167 22.9887507),REAL_NAME/ANCHOR + SYNTHETIC_PROTOTYPE_PARAMETERS
IND_DAM_0446,Koyna - Prototype Record 446,Maharashtra,Other,Koyna,Maharashtra,17.3774164,73.8515394,EPSG:4326,1941,III,Concrete/Gravity,68.04,892.43,8627538.14,226430565.2,48771890.46,162571064.57,Irrigation;Hydropower,2579.19,Operational,POINT (73.8515394 17.3774164),REAL_NAME/ANCHOR + SYNTHETIC_PROTOTYPE_PARAMETERS
IND_DAM_0447,Jayakwadi - Prototype Record 447,Maharashtra,Godavari,Godavari,Maharashtra,19.4241741,75.3154967,EPSG:4326,2020,II,Earthfill,26.16,815.25,1184963.58,235522533.23,22529528.67,170615774.49,Flood Control,891.17,Operational,POINT (75.3154967 19.4241741),REAL_NAME/ANCHOR + SYNTHETIC_PROTOTYPE_PARAMETERS
IND_DAM_0448,Khuga - Prototype Record 448,Manipur,Barak,Khuga,Manipur,24.383131,93.5264594,EPSG:4326,1906,V,Earthfill,39.09,936.63,4204455.14,243799910.8,55261843.79,168184241.39,Flood Control,1625.8,Under Construction,POINT (93.5264594 24.3831310),REAL_NAME/ANCHOR + SYNTHETIC_PROTOTYPE_PARAMETERS
IND_DAM_0449,Umiam - Prototype Record 449,Meghalaya,Brahmaputra,Umiam,Meghalaya,25.4929164,91.9489819,EPSG:4326,2010,V,Concrete,51.1,1725.21,10762454.2,446810041.87,55634896.35,397117181.94,Irrigation;Hydropower,4862.29,Operational,POINT (91.9489819 25.4929164),REAL_NAME/ANCHOR + SYNTHETIC_PROTOTYPE_PARAMETERS
IND_DAM_0450,Tuirial - Prototype Record 450,Mizoram,Barak,Tuirial,Mizoram,23.7507615,92.6576074,EPSG:4326,2007,III,Earthfill,23.45,648.04,1209461.31,194023748.44,73884196.98,154486170.41,Irrigation;Hydropower,2711.21,Operational,POINT (92.6576074 23.7507615),REAL_NAME/ANCHOR + SYNTHETIC_PROTOTYPE_PARAMETERS
IND_DAM_0451,Doyang - Prototype Record 451,Nagaland,Brahmaputra,Doyang,Nagaland,26.2636227,94.404706,EPSG:4326,1954,V,Earthfill,41.74,2280.59,6499062.1,223201183.77,30578921.37,204357913.69,Multipurpose,3616.06,Operational,POINT (94.4047060 26.2636227),REAL_NAME/ANCHOR + SYNTHETIC_PROTOTYPE_PARAMETERS
IND_DAM_0452,Hirakud - Prototype Record 452,Odisha,Mahanadi,Mahanadi,Odisha,21.3993213,83.8082791,EPSG:4326,1983,V,Masonry/Earthfill,31.8,1400.01,7229147.47,238430091.14,35915917.92,184785086.97,Multipurpose,4007.9,Under Construction,POINT (83.8082791 21.3993213),REAL_NAME/ANCHOR + SYNTHETIC_PROTOTYPE_PARAMETERS
IND_DAM_0453,Ranjit Sagar - Prototype Record 453,Punjab,Indus,Ravi,Punjab,32.3723118,75.8176011,EPSG:4326,2018,IV,Concrete/Gravity,49.14,1835.52,14510030.7,51306099.94,7479481.04,40793747.09,Multipurpose,1527.15,Under Construction,POINT (75.8176011 32.3723118),REAL_NAME/ANCHOR + SYNTHETIC_PROTOTYPE_PARAMETERS
IND_DAM_0454,Bisalpur - Prototype Record 454,Rajasthan,Ganga,Banas,Rajasthan,25.5624755,75.3306455,EPSG:4326,1987,II,Masonry,48.05,541.24,3338969.8,163058171.25,13466291.94,110116800.69,Irrigation;Hydropower,3634.66,Under Construction,POINT (75.3306455 25.5624755),REAL_NAME/ANCHOR + SYNTHETIC_PROTOTYPE_PARAMETERS
IND_DAM_0455,Rana Pratap Sagar - Prototype Record 455,Rajasthan,Ganga,Chambal,Rajasthan,23.9991563,75.6859749,EPSG:4326,1965,II,Concrete,10.25,1179.24,1997512.54,339957885.65,61276595.25,312072029.48,Irrigation;Hydropower,2412.12,Operational,POINT (75.6859749 23.9991563),REAL_NAME/ANCHOR + SYNTHETIC_PROTOTYPE_PARAMETERS
IND_DAM_0456,Teesta V - Prototype Record 456,Sikkim,Ganga,Teesta,Sikkim,27.1700368,88.6085157,EPSG:4326,2004,III,Concrete,77.06,772.98,10278026.86,11760459.01,898289.98,10623726.88,Flood Control,411.18,Operational,POINT (88.6085157 27.1700368),REAL_NAME/ANCHOR + SYNTHETIC_PROTOTYPE_PARAMETERS
IND_DAM_0457,Mettur - Prototype Record 457,Tamil Nadu,Cauvery,Cauvery,Tamil Nadu,11.7947417,77.8502208,EPSG:4326,1966,IV,Masonry/Concrete,43.49,1127.35,4187245.63,115686366.32,26462345.02,94278656.08,Flood Control,2798.23,Under Construction,POINT (77.8502208 11.7947417),REAL_NAME/ANCHOR + SYNTHETIC_PROTOTYPE_PARAMETERS
IND_DAM_0458,Bhavanisagar - Prototype Record 458,Tamil Nadu,Other,Bhavani,Tamil Nadu,11.5075575,76.9839615,EPSG:4326,1941,II,Earthfill/Concrete,57.63,306.31,2286395.51,330917196.13,24837335.18,215682017.71,Irrigation;Hydropower,1888.54,Operational,POINT (76.9839615 11.5075575),REAL_NAME/ANCHOR + SYNTHETIC_PROTOTYPE_PARAMETERS
IND_DAM_0459,Sathanur - Prototype Record 459,Tamil Nadu,East Coast,Thenpennai,Tamil Nadu,12.0364533,78.7911417,EPSG:4326,1950,IV,Concrete,57.09,1022.26,10057140.87,346806594.74,127903298.67,273082744.03,Drinking Water,3245.37,Operational,POINT (78.7911417 12.0364533),REAL_NAME/ANCHOR + SYNTHETIC_PROTOTYPE_PARAMETERS
IND_DAM_0460,Srisailam Left Bank - Prototype Record 460,Telangana,Krishna,Krishna,Telangana,16.0757578,78.8421182,EPSG:4326,2008,IV,Concrete,44.1,1980.0,6896365.02,149991536.61,11925158.47,131226506.41,Irrigation;Hydropower,3075.55,Operational,POINT (78.8421182 16.0757578),REAL_NAME/ANCHOR + SYNTHETIC_PROTOTYPE_PARAMETERS
IND_DAM_0461,Singur - Prototype Record 461,Telangana,Godavari,Manjira,Telangana,17.7474668,77.9709718,EPSG:4326,2023,IV,Earthfill,37.01,433.8,1839261.89,159297435.29,11376584.12,146536439.71,Irrigation;Hydropower,2380.21,Operational,POINT (77.9709718 17.7474668),REAL_NAME/ANCHOR + SYNTHETIC_PROTOTYPE_PARAMETERS
IND_DAM_0462,Dumbur - Prototype Record 462,Tripura,Ganga,Gomati,Tripura,23.5094883,91.6976819,EPSG:4326,1938,V,Earthfill,20.39,480.43,697152.97,107724252.29,25307879.53,89755157.57,Hydropower,1524.86,Operational,POINT (91.6976819 23.5094883),REAL_NAME/ANCHOR + SYNTHETIC_PROTOTYPE_PARAMETERS
IND_DAM_0463,Rihand - Prototype Record 463,Uttar Pradesh,Ganga,Rihand,Uttar Pradesh,24.111017,83.0476667,EPSG:4326,1913,IV,Concrete/Earthfill,45.36,1066.87,6388883.13,387848831.0,34995710.25,287345199.38,Irrigation;Hydropower,1741.55,Operational,POINT (83.0476667 24.1110170),REAL_NAME/ANCHOR + SYNTHETIC_PROTOTYPE_PARAMETERS
IND_DAM_0464,Tehri - Prototype Record 464,Uttarakhand,Ganga,Bhagirathi,Uttarakhand,30.2473036,78.506658,EPSG:4326,2001,IV,Earthfill/Rockfill,127.13,814.1,11526920.2,62766745.91,10985399.96,44111006.89,Irrigation;Hydropower,845.51,Operational,POINT (78.5066580 30.2473036),REAL_NAME/ANCHOR + SYNTHETIC_PROTOTYPE_PARAMETERS
IND_DAM_0465,Ramganga - Prototype Record 465,Uttarakhand,Ganga,Ramganga,Uttarakhand,29.620675,78.7830404,EPSG:4326,1923,II,Concrete,46.19,1068.74,2234138.15,156342397.11,14978931.92,123181137.82,Multipurpose,3648.56,Operational,POINT (78.7830404 29.6206750),REAL_NAME/ANCHOR + SYNTHETIC_PROTOTYPE_PARAMETERS
IND_DAM_0466,Farakka - Prototype Record 466,West Bengal,Ganga,Ganga,West Bengal,24.8050731,87.996412,EPSG:4326,1961,III,Barrages,27.19,646.72,1680740.67,77679279.42,31055637.31,67567541.03,Drinking Water,1465.65,Under Construction,POINT (87.9964120 24.8050731),REAL_NAME/ANCHOR + SYNTHETIC_PROTOTYPE_PARAMETERS
IND_DAM_0467,Kangsabati - Prototype Record 467,West Bengal,Ganga,Kangsabati,West Bengal,22.8855609,87.1115339,EPSG:4326,1979,III,Earthfill,20.57,1368.37,2836968.46,266411807.66,20608763.51,199532600.82,Irrigation,1657.55,Operational,POINT (87.1115339 22.8855609),REAL_NAME/ANCHOR + SYNTHETIC_PROTOTYPE_PARAMETERS
IND_DAM_0468,Salal - Prototype Record 468,Jammu and Kashmir,Indus,Chenab,Jammu and Kashmir,33.1671909,74.8254157,EPSG:4326,1986,III,Concrete,33.42,996.37,3471201.87,98357181.82,7771376.7,73388419.92,Irrigation,1554.37,Under Construction,POINT (74.8254157 33.1671909),REAL_NAME/ANCHOR + SYNTHETIC_PROTOTYPE_PARAMETERS
IND_DAM_0469,Baglihar - Prototype Record 469,Jammu and Kashmir,Indus,Chenab,Jammu and Kashmir,33.2033593,75.3385734,EPSG:4326,1943,IV,Concrete,52.59,1882.42,14319098.83,46572269.36,3834403.02,34202566.25,Flood Control,406.41,Operational,POINT (75.3385734 33.2033593),REAL_NAME/ANCHOR + SYNTHETIC_PROTOTYPE_PARAMETERS
IND_DAM_0470,Nimoo Bazgo - Prototype Record 470,Ladakh,Indus,Indus,Ladakh,34.2370625,77.5793058,EPSG:4326,1978,V,Concrete,9.64,1039.62,1005630.7,43937733.77,3944602.36,32726686.91,Irrigation;Hydropower,1108.66,Under Construction,POINT (77.5793058 34.2370625),REAL_NAME/ANCHOR + SYNTHETIC_PROTOTYPE_PARAMETERS
IND_DAM_0471,Polavaram - Prototype Record 471,Andhra Pradesh,Godavari,Godavari,Andhra Pradesh,17.5130586,81.5583246,EPSG:4326,1941,V,Concrete/Gravity,53.14,1830.56,13462177.82,63539239.97,7554288.54,42283946.87,Hydropower,1898.13,Under Construction,POINT (81.5583246 17.5130586),REAL_NAME/ANCHOR + SYNTHETIC_PROTOTYPE_PARAMETERS
IND_DAM_0472,Srisailam - Prototype Record 472,Andhra Pradesh,Krishna,Krishna,Andhra Pradesh,16.0689263,78.7998687,EPSG:4326,1990,V,Masonry/Concrete,40.79,1563.42,5925434.6,83886053.38,11634441.47,65358570.65,Drinking Water,2211.93,Operational,POINT (78.7998687 16.0689263),REAL_NAME/ANCHOR + SYNTHETIC_PROTOTYPE_PARAMETERS
IND_DAM_0473,Nagarjuna Sagar - Prototype Record 473,Andhra Pradesh,Krishna,Krishna,Andhra Pradesh,16.5903362,79.1960642,EPSG:4326,2023,V,Masonry,28.84,524.12,920973.31,97127813.46,7118269.73,67462120.79,Flood Control,1487.55,Operational,POINT (79.1960642 16.5903362),REAL_NAME/ANCHOR + SYNTHETIC_PROTOTYPE_PARAMETERS
IND_DAM_0474,Ranganadi - Prototype Record 474,Arunachal Pradesh,Brahmaputra,Ranganadi,Arunachal Pradesh,27.5263451,94.2059525,EPSG:4326,1944,V,Concrete,45.75,656.86,2251849.11,205335707.5,22149618.84,190917222.27,Multipurpose,1715.9,Operational,POINT (94.2059525 27.5263451),REAL_NAME/ANCHOR + SYNTHETIC_PROTOTYPE_PARAMETERS
IND_DAM_0475,Karbi Langpi - Prototype Record 475,Assam,Brahmaputra,Borpani,Assam,25.7035932,92.7558582,EPSG:4326,1970,III,Concrete,53.68,378.01,1134643.65,94497401.92,6649882.9,84891922.47,Hydropower,794.87,Operational,POINT (92.7558582 25.7035932),REAL_NAME/ANCHOR + SYNTHETIC_PROTOTYPE_PARAMETERS
IND_DAM_0476,Kohira - Prototype Record 476,Bihar,Ganga,Kohira,Bihar,24.9626344,83.3901017,EPSG:4326,1956,II,Earthfill,29.68,1253.83,5628460.19,142653721.46,20742364.16,119230755.52,Flood Control,3095.74,Operational,POINT (83.3901017 24.9626344),REAL_NAME/ANCHOR + SYNTHETIC_PROTOTYPE_PARAMETERS
IND_DAM_0477,Gangrel - Prototype Record 477,Chhattisgarh,Mahanadi,Mahanadi,Chhattisgarh,20.0279102,81.2691603,EPSG:4326,1966,IV,Masonry,60.8,2662.37,27020666.16,57201019.0,7816380.33,51199118.5,Drinking Water,1022.76,Operational,POINT (81.2691603 20.0279102),REAL_NAME/ANCHOR + SYNTHETIC_PROTOTYPE_PARAMETERS
IND_DAM_0478,Salaulim - Prototype Record 478,Goa,West Coast,Salaulim,Goa,15.2985642,74.0476868,EPSG:4326,1986,V,Earthfill,24.34,2901.88,3958645.21,27566906.09,2025568.62,18235820.62,Irrigation;Hydropower,608.65,Operational,POINT (74.0476868 15.2985642),REAL_NAME/ANCHOR + SYNTHETIC_PROTOTYPE_PARAMETERS
IND_DAM_0479,Sardar Sarovar - Prototype Record 479,Gujarat,Narmada,Narmada,Gujarat,21.8197623,73.7358381,EPSG:4326,1930,III,Concrete/Gravity,56.51,497.11,4128430.25,128159555.16,37518493.4,118452353.07,Flood Control,2815.67,Under Construction,POINT (73.7358381 21.8197623),REAL_NAME/ANCHOR + SYNTHETIC_PROTOTYPE_PARAMETERS
IND_DAM_0480,Ukai - Prototype Record 480,Gujarat,Tapi,Tapi,Gujarat,21.1179428,73.5715504,EPSG:4326,1903,V,Earthfill/Concrete,55.96,1214.92,9912459.6,171660177.0,11832968.55,125354560.33,Flood Control,1129.98,Operational,POINT (73.5715504 21.1179428),REAL_NAME/ANCHOR + SYNTHETIC_PROTOTYPE_PARAMETERS
IND_DAM_0481,Kaushalya - Prototype Record 481,Haryana,Indus,Kaushalya,Haryana,30.6611373,76.7801126,EPSG:4326,1972,IV,Earthfill,50.84,696.01,6194345.87,1396038566.38,140998169.5,1266095360.88,Multipurpose,4680.67,Operational,POINT (76.7801126 30.6611373),REAL_NAME/ANCHOR + SYNTHETIC_PROTOTYPE_PARAMETERS
IND_DAM_0482,Bhakra - Prototype Record 482,Himachal Pradesh,Indus,Sutlej,Himachal Pradesh,31.5437388,76.3878784,EPSG:4326,1929,III,Concrete/Gravity,64.16,760.97,2035408.54,281644216.54,34705438.75,216911130.5,Multipurpose,1266.59,Operational,POINT (76.3878784 31.5437388),REAL_NAME/ANCHOR + SYNTHETIC_PROTOTYPE_PARAMETERS
IND_DAM_0483,Pong - Prototype Record 483,Himachal Pradesh,Indus,Beas,Himachal Pradesh,32.0833389,76.9571351,EPSG:4326,1965,II,Earthfill,46.45,1059.37,6384950.79,34123004.66,10514560.01,29301459.87,Irrigation;Hydropower,848.77,Operational,POINT (76.9571351 32.0833389),REAL_NAME/ANCHOR + SYNTHETIC_PROTOTYPE_PARAMETERS
IND_DAM_0484,Maithon - Prototype Record 484,Jharkhand,Damodar,Barakar,Jharkhand,23.7873833,86.8522165,EPSG:4326,1901,II,Concrete/Earthfill,69.5,568.16,3569269.88,101364529.61,17939498.13,94102060.97,Multipurpose,2397.73,Operational,POINT (86.8522165 23.7873833),REAL_NAME/ANCHOR + SYNTHETIC_PROTOTYPE_PARAMETERS
IND_DAM_0485,Panchet - Prototype Record 485,Jharkhand,Ganga,Damodar,Jharkhand,23.6338066,86.7818115,EPSG:4326,1916,III,Earthfill/Concrete,29.2,1114.66,2536764.22,161270161.76,22529207.26,117789151.13,Drinking Water,2140.52,Operational,POINT (86.7818115 23.6338066),REAL_NAME/ANCHOR + SYNTHETIC_PROTOTYPE_PARAMETERS
IND_DAM_0486,Almatti - Prototype Record 486,Karnataka,Krishna,Krishna,Karnataka,16.3669494,75.8841286,EPSG:4326,2022,II,Concrete,54.68,614.27,2459415.66,170380772.98,12020230.27,123072327.81,Multipurpose,1035.67,Operational,POINT (75.8841286 16.3669494),REAL_NAME/ANCHOR + SYNTHETIC_PROTOTYPE_PARAMETERS
IND_DAM_0487,Krishna Raja Sagara - Prototype Record 487,Karnataka,Cauvery,Cauvery,Karnataka,12.3672047,76.5868801,EPSG:4326,1933,V,Masonry,42.85,274.51,1112891.31,91901831.19,14873921.57,71099803.8,Drinking Water,1249.74,Operational,POINT (76.5868801 12.3672047),REAL_NAME/ANCHOR + SYNTHETIC_PROTOTYPE_PARAMETERS
IND_DAM_0488,Tungabhadra - Prototype Record 488,Karnataka,Krishna,Tungabhadra,Karnataka,15.2262907,76.4448714,EPSG:4326,1954,III,Masonry,32.9,845.73,1260668.73,295275299.46,99103815.12,261666875.18,Irrigation,4374.71,Operational,POINT (76.4448714 15.2262907),REAL_NAME/ANCHOR + SYNTHETIC_PROTOTYPE_PARAMETERS
IND_DAM_0489,Idukki - Prototype Record 489,Kerala,West Coast,Periyar,Kerala,9.8889592,76.9764528,EPSG:4326,2014,V,Concrete/Arch,156.14,770.79,9860587.34,207288555.34,67682811.85,144391192.24,Flood Control,1854.43,Operational,POINT (76.9764528 9.8889592),REAL_NAME/ANCHOR + SYNTHETIC_PROTOTYPE_PARAMETERS
IND_DAM_0490,Mullaperiyar - Prototype Record 490,Kerala,West Coast,Periyar,Kerala,9.5907665,77.264993,EPSG:4326,2010,V,Masonry,37.66,1457.97,6587230.63,382928541.18,35674016.56,321841302.27,Hydropower,5644.01,Under Construction,POINT (77.2649930 9.5907665),REAL_NAME/ANCHOR + SYNTHETIC_PROTOTYPE_PARAMETERS
IND_DAM_0491,Indira Sagar - Prototype Record 491,Madhya Pradesh,Narmada,Narmada,Madhya Pradesh,22.166987,76.5296404,EPSG:4326,2009,II,Concrete/Earthfill,82.6,1341.26,8001368.28,69224807.46,8096692.97,46608072.22,Flood Control,1798.47,Operational,POINT (76.5296404 22.1669870),REAL_NAME/ANCHOR + SYNTHETIC_PROTOTYPE_PARAMETERS
IND_DAM_0492,Bargi - Prototype Record 492,Madhya Pradesh,Narmada,Narmada,Madhya Pradesh,22.9004188,79.92521,EPSG:4326,1987,IV,Concrete,52.11,1790.66,7855602.86,2045813773.31,383569552.61,1361789635.21,Irrigation,2816.42,Operational,POINT (79.9252100 22.9004188),REAL_NAME/ANCHOR + SYNTHETIC_PROTOTYPE_PARAMETERS
IND_DAM_0493,Koyna - Prototype Record 493,Maharashtra,Other,Koyna,Maharashtra,17.3954335,73.8867923,EPSG:4326,1947,V,Concrete/Gravity,39.61,598.06,989483.2,63018676.55,13922486.88,52264039.18,Flood Control,1337.29,Operational,POINT (73.8867923 17.3954335),REAL_NAME/ANCHOR + SYNTHETIC_PROTOTYPE_PARAMETERS
IND_DAM_0494,Jayakwadi - Prototype Record 494,Maharashtra,Godavari,Godavari,Maharashtra,19.54695,75.3229076,EPSG:4326,1927,III,Earthfill,42.26,1751.75,3675217.3,89093764.87,9953975.95,58221452.38,Drinking Water,2382.84,Operational,POINT (75.3229076 19.5469500),REAL_NAME/ANCHOR + SYNTHETIC_PROTOTYPE_PARAMETERS
IND_DAM_0495,Khuga - Prototype Record 495,Manipur,Barak,Khuga,Manipur,24.556514,93.723099,EPSG:4326,1939,IV,Earthfill,21.76,1633.2,1618849.43,890124282.92,114870108.77,584840012.4,Multipurpose,5113.99,Under Construction,POINT (93.7230990 24.5565140),REAL_NAME/ANCHOR + SYNTHETIC_PROTOTYPE_PARAMETERS
IND_DAM_0496,Umiam - Prototype Record 496,Meghalaya,Brahmaputra,Umiam,Meghalaya,25.7320322,91.969412,EPSG:4326,1937,V,Concrete,50.38,606.22,3063444.77,31563673.17,2487546.94,24205768.01,Multipurpose,633.99,Operational,POINT (91.9694120 25.7320322),REAL_NAME/ANCHOR + SYNTHETIC_PROTOTYPE_PARAMETERS
IND_DAM_0497,Tuirial - Prototype Record 497,Mizoram,Barak,Tuirial,Mizoram,23.8032177,92.63526,EPSG:4326,1936,III,Earthfill,47.77,478.97,1851671.03,94298889.58,6467539.62,62225467.31,Irrigation;Hydropower,1259.59,Operational,POINT (92.6352600 23.8032177),REAL_NAME/ANCHOR + SYNTHETIC_PROTOTYPE_PARAMETERS
IND_DAM_0498,Doyang - Prototype Record 498,Nagaland,Brahmaputra,Doyang,Nagaland,26.2161464,94.2931607,EPSG:4326,1953,V,Earthfill,29.08,203.96,303698.35,48615795.85,4916843.3,39104635.25,Hydropower,865.89,Under Construction,POINT (94.2931607 26.2161464),REAL_NAME/ANCHOR + SYNTHETIC_PROTOTYPE_PARAMETERS
IND_DAM_0499,Hirakud - Prototype Record 499,Odisha,Mahanadi,Mahanadi,Odisha,21.453917,83.8760543,EPSG:4326,1961,IV,Masonry/Earthfill,26.85,1064.92,1620585.99,298953766.52,36144628.75,199008274.81,Irrigation;Hydropower,2601.55,Operational,POINT (83.8760543 21.4539170),REAL_NAME/ANCHOR + SYNTHETIC_PROTOTYPE_PARAMETERS
IND_DAM_0500,Ranjit Sagar - Prototype Record 500,Punjab,Indus,Ravi,Punjab,32.5813546,75.7210061,EPSG:4326,1983,II,Concrete/Gravity,26.19,1909.6,6157433.97,277517954.93,25151169.1,254402144.62,Flood Control,4126.73,Operational,POINT (75.7210061 32.5813546),REAL_NAME/ANCHOR + SYNTHETIC_PROTOTYPE_PARAMETERS
IND_DAM_0501,Bisalpur - Prototype Record 501,Rajasthan,Ganga,Banas,Rajasthan,25.7228168,75.4277889,EPSG:4326,1997,II,Masonry,43.2,823.96,3736624.33,92235269.66,8991141.7,61787610.84,Irrigation;Hydropower,2545.17,Operational,POINT (75.4277889 25.7228168),REAL_NAME/ANCHOR + SYNTHETIC_PROTOTYPE_PARAMETERS
IND_DAM_0502,Rana Pratap Sagar - Prototype Record 502,Rajasthan,Ganga,Chambal,Rajasthan,24.0389897,75.4898761,EPSG:4326,1910,II,Concrete,58.63,2719.6,16429640.9,756093416.05,136443336.28,569915283.44,Irrigation,3035.5,Operational,POINT (75.4898761 24.0389897),REAL_NAME/ANCHOR + SYNTHETIC_PROTOTYPE_PARAMETERS
IND_DAM_0503,Teesta V - Prototype Record 503,Sikkim,Ganga,Teesta,Sikkim,27.1751709,88.7164016,EPSG:4326,1935,II,Concrete,20.75,1335.19,1818261.04,654577693.66,81736260.92,621118342.08,Hydropower,7117.3,Under Construction,POINT (88.7164016 27.1751709),REAL_NAME/ANCHOR + SYNTHETIC_PROTOTYPE_PARAMETERS
IND_DAM_0504,Mettur - Prototype Record 504,Tamil Nadu,Cauvery,Cauvery,Tamil Nadu,11.7443247,77.9075877,EPSG:4326,1932,II,Masonry/Concrete,49.36,515.34,2309790.27,27163069.23,6082818.72,20205847.8,Hydropower,652.69,Under Construction,POINT (77.9075877 11.7443247),REAL_NAME/ANCHOR + SYNTHETIC_PROTOTYPE_PARAMETERS
IND_DAM_0505,Bhavanisagar - Prototype Record 505,Tamil Nadu,Other,Bhavani,Tamil Nadu,11.4277768,77.013916,EPSG:4326,1993,V,Earthfill/Concrete,67.99,1610.58,8050649.22,53148033.74,7226667.39,47936941.46,Drinking Water,2088.76,Operational,POINT (77.0139160 11.4277768),REAL_NAME/ANCHOR + SYNTHETIC_PROTOTYPE_PARAMETERS
IND_DAM_0506,Sathanur - Prototype Record 506,Tamil Nadu,East Coast,Thenpennai,Tamil Nadu,12.1776204,78.9636047,EPSG:4326,1987,V,Concrete,50.24,1067.42,4296260.28,154454609.3,20889355.53,114593722.71,Drinking Water,2792.69,Under Construction,POINT (78.9636047 12.1776204),REAL_NAME/ANCHOR + SYNTHETIC_PROTOTYPE_PARAMETERS
IND_DAM_0507,Srisailam Left Bank - Prototype Record 507,Telangana,Krishna,Krishna,Telangana,16.1288332,78.9586541,EPSG:4326,2010,IV,Concrete,62.78,1126.36,9780058.69,247530545.48,19838172.12,166911849.81,Drinking Water,2846.68,Under Construction,POINT (78.9586541 16.1288332),REAL_NAME/ANCHOR + SYNTHETIC_PROTOTYPE_PARAMETERS
IND_DAM_0508,Singur - Prototype Record 508,Telangana,Godavari,Manjira,Telangana,17.7278545,77.7750385,EPSG:4326,1924,II,Earthfill,46.21,450.45,3635607.59,99434637.66,10450789.14,65783101.81,Flood Control,2175.48,Operational,POINT (77.7750385 17.7278545),REAL_NAME/ANCHOR + SYNTHETIC_PROTOTYPE_PARAMETERS
IND_DAM_0509,Dumbur - Prototype Record 509,Tripura,Ganga,Gomati,Tripura,23.5646269,91.7806003,EPSG:4326,1952,IV,Earthfill,46.69,787.15,2147532.69,705997877.5,179185463.45,617595753.04,Drinking Water,3849.29,Under Construction,POINT (91.7806003 23.5646269),REAL_NAME/ANCHOR + SYNTHETIC_PROTOTYPE_PARAMETERS
IND_DAM_0510,Rihand - Prototype Record 510,Uttar Pradesh,Ganga,Rihand,Uttar Pradesh,24.0983199,83.0949397,EPSG:4326,1993,IV,Concrete/Earthfill,48.59,692.77,2217617.05,207844971.62,24291300.62,188219676.83,Flood Control,940.03,Operational,POINT (83.0949397 24.0983199),REAL_NAME/ANCHOR + SYNTHETIC_PROTOTYPE_PARAMETERS
IND_DAM_0511,Tehri - Prototype Record 511,Uttarakhand,Ganga,Bhagirathi,Uttarakhand,30.3635095,78.3530052,EPSG:4326,1950,IV,Earthfill/Rockfill,113.59,886.58,12674740.11,140476680.95,35302457.58,124643407.36,Irrigation;Hydropower,2499.19,Operational,POINT (78.3530052 30.3635095),REAL_NAME/ANCHOR + SYNTHETIC_PROTOTYPE_PARAMETERS
IND_DAM_0512,Ramganga - Prototype Record 512,Uttarakhand,Ganga,Ramganga,Uttarakhand,29.6636126,78.724159,EPSG:4326,1980,III,Concrete,42.87,1319.13,7903035.67,90783027.47,8047948.36,65751230.69,Multipurpose,1337.0,Operational,POINT (78.7241590 29.6636126),REAL_NAME/ANCHOR + SYNTHETIC_PROTOTYPE_PARAMETERS
IND_DAM_0513,Farakka - Prototype Record 513,West Bengal,Ganga,Ganga,West Bengal,24.7832807,88.0027363,EPSG:4326,1960,IV,Barrages,5.0,1071.34,820929.5,357044430.18,38066668.94,251636646.23,Drinking Water,2221.12,Under Construction,POINT (88.0027363 24.7832807),REAL_NAME/ANCHOR + SYNTHETIC_PROTOTYPE_PARAMETERS
IND_DAM_0514,Kangsabati - Prototype Record 514,West Bengal,Ganga,Kangsabati,West Bengal,22.9039014,87.1931196,EPSG:4326,1961,IV,Earthfill,32.54,906.22,4574281.85,99742821.15,14462283.43,74032949.32,Drinking Water,802.45,Operational,POINT (87.1931196 22.9039014),REAL_NAME/ANCHOR + SYNTHETIC_PROTOTYPE_PARAMETERS
IND_DAM_0515,Salal - Prototype Record 515,Jammu and Kashmir,Indus,Chenab,Jammu and Kashmir,33.1456322,74.9172746,EPSG:4326,1984,V,Concrete,56.77,1256.99,10033477.18,187028602.12,12831726.61,131150224.02,Irrigation,2604.94,Operational,POINT (74.9172746 33.1456322),REAL_NAME/ANCHOR + SYNTHETIC_PROTOTYPE_PARAMETERS
IND_DAM_0516,Baglihar - Prototype Record 516,Jammu and Kashmir,Indus,Chenab,Jammu and Kashmir,33.2366851,75.2571551,EPSG:4326,1962,V,Concrete,40.05,712.24,3984054.72,162641558.17,28325437.88,134206837.53,Multipurpose,1236.91,Under Construction,POINT (75.2571551 33.2366851),REAL_NAME/ANCHOR + SYNTHETIC_PROTOTYPE_PARAMETERS
IND_DAM_0517,Nimoo Bazgo - Prototype Record 517,Ladakh,Indus,Indus,Ladakh,34.1264088,77.6822987,EPSG:4326,1946,V,Concrete,51.54,425.41,1652844.31,195369412.09,87067682.1,177868384.44,Flood Control,3029.65,Operational,POINT (77.6822987 34.1264088),REAL_NAME/ANCHOR + SYNTHETIC_PROTOTYPE_PARAMETERS
IND_DAM_0518,Polavaram - Prototype Record 518,Andhra Pradesh,Godavari,Godavari,Andhra Pradesh,17.2992932,81.6479617,EPSG:4326,1948,IV,Concrete/Gravity,38.04,216.33,486833.92,180935624.25,81725978.82,145907453.35,Flood Control,2622.01,Under Construction,POINT (81.6479617 17.2992932),REAL_NAME/ANCHOR + SYNTHETIC_PROTOTYPE_PARAMETERS
IND_DAM_0519,Srisailam - Prototype Record 519,Andhra Pradesh,Krishna,Krishna,Andhra Pradesh,15.9835537,78.8559179,EPSG:4326,1935,III,Masonry/Concrete,73.07,1065.3,8254181.87,86467461.65,9999712.07,77957906.83,Irrigation,1469.2,Under Construction,POINT (78.8559179 15.9835537),REAL_NAME/ANCHOR + SYNTHETIC_PROTOTYPE_PARAMETERS
IND_DAM_0520,Nagarjuna Sagar - Prototype Record 520,Andhra Pradesh,Krishna,Krishna,Andhra Pradesh,16.6024269,79.5005769,EPSG:4326,2009,II,Masonry,65.39,603.0,2092999.33,24816391.65,8598496.47,23081887.37,Flood Control,727.05,Under Construction,POINT (79.5005769 16.6024269),REAL_NAME/ANCHOR + SYNTHETIC_PROTOTYPE_PARAMETERS
IND_DAM_0521,Ranganadi - Prototype Record 521,Arunachal Pradesh,Brahmaputra,Ranganadi,Arunachal Pradesh,27.5763037,94.4185854,EPSG:4326,1973,III,Concrete,68.83,415.79,1813216.12,793530283.06,159871161.3,525617421.53,Multipurpose,3662.78,Operational,POINT (94.4185854 27.5763037),REAL_NAME/ANCHOR + SYNTHETIC_PROTOTYPE_PARAMETERS
IND_DAM_0522,Karbi Langpi - Prototype Record 522,Assam,Brahmaputra,Borpani,Assam,25.7243694,92.6326533,EPSG:4326,1944,IV,Concrete,46.57,908.86,2171423.11,55836146.04,5114314.11,44580203.97,Irrigation,880.23,Under Construction,POINT (92.6326533 25.7243694),REAL_NAME/ANCHOR + SYNTHETIC_PROTOTYPE_PARAMETERS
IND_DAM_0523,Kohira - Prototype Record 523,Bihar,Ganga,Kohira,Bihar,24.9429853,83.5559418,EPSG:4326,1930,II,Earthfill,5.0,2834.29,2349105.39,218985334.4,17261595.44,176724140.96,Drinking Water,3833.43,Under Construction,POINT (83.5559418 24.9429853),REAL_NAME/ANCHOR + SYNTHETIC_PROTOTYPE_PARAMETERS
IND_DAM_0524,Gangrel - Prototype Record 524,Chhattisgarh,Mahanadi,Mahanadi,Chhattisgarh,20.0512256,81.5587293,EPSG:4326,1922,III,Masonry,49.88,1034.64,8736777.83,65768048.1,18958842.46,58946611.31,Drinking Water,1633.77,Under Construction,POINT (81.5587293 20.0512256),REAL_NAME/ANCHOR + SYNTHETIC_PROTOTYPE_PARAMETERS
IND_DAM_0525,Salaulim - Prototype Record 525,Goa,West Coast,Salaulim,Goa,15.3140136,73.9359516,EPSG:4326,1996,II,Earthfill,43.73,2421.96,10159276.88,192293616.0,24864676.83,180093365.47,Multipurpose,782.61,Under Construction,POINT (73.9359516 15.3140136),REAL_NAME/ANCHOR + SYNTHETIC_PROTOTYPE_PARAMETERS
IND_DAM_0526,Sardar Sarovar - Prototype Record 526,Gujarat,Narmada,Narmada,Gujarat,21.5957063,73.7521121,EPSG:4326,1991,III,Concrete/Gravity,69.58,154.39,1213660.49,150952130.94,71800931.95,123900138.38,Drinking Water,1045.83,Under Construction,POINT (73.7521121 21.5957063),REAL_NAME/ANCHOR + SYNTHETIC_PROTOTYPE_PARAMETERS
IND_DAM_0527,Ukai - Prototype Record 527,Gujarat,Tapi,Tapi,Gujarat,21.2240478,73.5025973,EPSG:4326,1939,II,Earthfill/Concrete,26.38,526.36,1004746.11,570189062.81,206264366.59,479332610.69,Irrigation,6338.14,Under Construction,POINT (73.5025973 21.2240478),REAL_NAME/ANCHOR + SYNTHETIC_PROTOTYPE_PARAMETERS
IND_DAM_0528,Kaushalya - Prototype Record 528,Haryana,Indus,Kaushalya,Haryana,30.7882644,76.8127309,EPSG:4326,2002,II,Earthfill,41.6,661.77,2322036.25,323249496.3,96649449.4,289322091.81,Irrigation;Hydropower,2286.08,Operational,POINT (76.8127309 30.7882644),REAL_NAME/ANCHOR + SYNTHETIC_PROTOTYPE_PARAMETERS
IND_DAM_0529,Bhakra - Prototype Record 529,Himachal Pradesh,Indus,Sutlej,Himachal Pradesh,31.4125019,76.3008937,EPSG:4326,1953,III,Concrete/Gravity,40.05,308.62,1896435.49,66483829.05,29394397.19,62222287.58,Multipurpose,1592.04,Operational,POINT (76.3008937 31.4125019),REAL_NAME/ANCHOR + SYNTHETIC_PROTOTYPE_PARAMETERS
IND_DAM_0530,Pong - Prototype Record 530,Himachal Pradesh,Indus,Beas,Himachal Pradesh,31.9324791,76.8729914,EPSG:4326,1988,III,Earthfill,36.35,1745.61,5836494.02,162984743.52,59758205.38,154792182.1,Multipurpose,1616.57,Under Construction,POINT (76.8729914 31.9324791),REAL_NAME/ANCHOR + SYNTHETIC_PROTOTYPE_PARAMETERS
IND_DAM_0531,Maithon - Prototype Record 531,Jharkhand,Damodar,Barakar,Jharkhand,23.7271119,86.7190897,EPSG:4326,1983,V,Concrete/Earthfill,78.34,400.57,4615892.0,2481051163.96,500000000.0,2194105822.78,Hydropower,13015.3,Operational,POINT (86.7190897 23.7271119),REAL_NAME/ANCHOR + SYNTHETIC_PROTOTYPE_PARAMETERS
IND_DAM_0532,Panchet - Prototype Record 532,Jharkhand,Ganga,Damodar,Jharkhand,23.567805,86.752702,EPSG:4326,1959,IV,Earthfill/Concrete,50.22,475.6,2039144.04,20697743.72,1395737.05,14145536.16,Hydropower,799.18,Operational,POINT (86.7527020 23.5678050),REAL_NAME/ANCHOR + SYNTHETIC_PROTOTYPE_PARAMETERS
IND_DAM_0533,Almatti - Prototype Record 533,Karnataka,Krishna,Krishna,Karnataka,16.2559761,75.7978518,EPSG:4326,1961,IV,Concrete,85.47,648.44,3223714.21,94048423.64,11072996.42,73801931.24,Multipurpose,1586.51,Operational,POINT (75.7978518 16.2559761),REAL_NAME/ANCHOR + SYNTHETIC_PROTOTYPE_PARAMETERS
IND_DAM_0534,Krishna Raja Sagara - Prototype Record 534,Karnataka,Cauvery,Cauvery,Karnataka,12.4646306,76.4920434,EPSG:4326,1905,III,Masonry,40.91,2595.69,6855533.55,42214214.72,4472590.63,28288480.21,Drinking Water,540.65,Operational,POINT (76.4920434 12.4646306),REAL_NAME/ANCHOR + SYNTHETIC_PROTOTYPE_PARAMETERS
IND_DAM_0535,Tungabhadra - Prototype Record 535,Karnataka,Krishna,Tungabhadra,Karnataka,15.2062485,76.4118618,EPSG:4326,1941,V,Masonry,28.65,1381.57,5536980.97,77178531.72,12252041.56,69658575.34,Drinking Water,2368.55,Operational,POINT (76.4118618 15.2062485),REAL_NAME/ANCHOR + SYNTHETIC_PROTOTYPE_PARAMETERS
IND_DAM_0536,Idukki - Prototype Record 536,Kerala,West Coast,Periyar,Kerala,9.9367987,77.0076848,EPSG:4326,1987,III,Concrete/Arch,144.62,304.87,6466499.66,565390182.7,84633720.31,445193610.12,Hydropower,6226.93,Under Construction,POINT (77.0076848 9.9367987),REAL_NAME/ANCHOR + SYNTHETIC_PROTOTYPE_PARAMETERS
IND_DAM_0537,Mullaperiyar - Prototype Record 537,Kerala,West Coast,Periyar,Kerala,9.6853154,77.2437168,EPSG:4326,2007,II,Masonry,35.04,2025.45,7627998.13,1071695090.97,126184889.66,849091366.84,Drinking Water,3632.45,Operational,POINT (77.2437168 9.6853154),REAL_NAME/ANCHOR + SYNTHETIC_PROTOTYPE_PARAMETERS
IND_DAM_0538,Indira Sagar - Prototype Record 538,Madhya Pradesh,Narmada,Narmada,Madhya Pradesh,22.2609989,76.4837241,EPSG:4326,2005,IV,Concrete/Earthfill,76.25,3639.25,48164261.01,100228745.34,48001110.24,75926733.57,Flood Control,2708.97,Operational,POINT (76.4837241 22.2609989),REAL_NAME/ANCHOR + SYNTHETIC_PROTOTYPE_PARAMETERS
IND_DAM_0539,Bargi - Prototype Record 539,Madhya Pradesh,Narmada,Narmada,Madhya Pradesh,23.0280978,79.9127992,EPSG:4326,1952,IV,Concrete,68.42,1467.14,8449812.6,138172865.3,21124156.83,111114084.09,Multipurpose,3305.43,Operational,POINT (79.9127992 23.0280978),REAL_NAME/ANCHOR + SYNTHETIC_PROTOTYPE_PARAMETERS
IND_DAM_0540,Koyna - Prototype Record 540,Maharashtra,Other,Koyna,Maharashtra,17.3556474,73.6845212,EPSG:4326,2014,II,Concrete/Gravity,56.5,1527.05,6387384.32,10029360.85,782163.68,7468967.23,Hydropower,256.46,Operational,POINT (73.6845212 17.3556474),REAL_NAME/ANCHOR + SYNTHETIC_PROTOTYPE_PARAMETERS
IND_DAM_0541,Jayakwadi - Prototype Record 541,Maharashtra,Godavari,Godavari,Maharashtra,19.6222838,75.4254984,EPSG:4326,1944,III,Earthfill,53.39,428.53,2723282.75,217282041.73,30930884.37,183621081.73,Irrigation;Hydropower,3158.57,Under Construction,POINT (75.4254984 19.6222838),REAL_NAME/ANCHOR + SYNTHETIC_PROTOTYPE_PARAMETERS
IND_DAM_0542,Khuga - Prototype Record 542,Manipur,Barak,Khuga,Manipur,24.5254313,93.7218001,EPSG:4326,1935,V,Earthfill,28.4,973.1,2811013.63,72888415.88,8450828.16,54760051.54,Flood Control,1651.62,Under Construction,POINT (93.7218001 24.5254313),REAL_NAME/ANCHOR + SYNTHETIC_PROTOTYPE_PARAMETERS
IND_DAM_0543,Umiam - Prototype Record 543,Meghalaya,Brahmaputra,Umiam,Meghalaya,25.7671664,91.9036572,EPSG:4326,1957,V,Concrete,55.78,832.41,3360563.49,220758262.42,52338185.15,146417426.45,Irrigation;Hydropower,898.86,Operational,POINT (91.9036572 25.7671664),REAL_NAME/ANCHOR + SYNTHETIC_PROTOTYPE_PARAMETERS
IND_DAM_0544,Tuirial - Prototype Record 544,Mizoram,Barak,Tuirial,Mizoram,23.8765418,92.8301274,EPSG:4326,1965,III,Earthfill,33.61,830.75,1536410.81,172925428.22,85295242.79,148652890.52,Irrigation,1194.21,Operational,POINT (92.8301274 23.8765418),REAL_NAME/ANCHOR + SYNTHETIC_PROTOTYPE_PARAMETERS
IND_DAM_0545,Doyang - Prototype Record 545,Nagaland,Brahmaputra,Doyang,Nagaland,26.1735662,94.3710711,EPSG:4326,1966,III,Earthfill,36.52,734.8,4507952.36,110458790.79,13756410.68,84997326.42,Irrigation;Hydropower,743.91,Under Construction,POINT (94.3710711 26.1735662),REAL_NAME/ANCHOR + SYNTHETIC_PROTOTYPE_PARAMETERS
IND_DAM_0546,Hirakud - Prototype Record 546,Odisha,Mahanadi,Mahanadi,Odisha,21.6305289,83.8555506,EPSG:4326,2000,IV,Masonry/Earthfill,65.99,2272.31,20288327.98,47973585.27,12321092.75,35430564.42,Irrigation,1238.96,Operational,POINT (83.8555506 21.6305289),REAL_NAME/ANCHOR + SYNTHETIC_PROTOTYPE_PARAMETERS
IND_DAM_0547,Ranjit Sagar - Prototype Record 547,Punjab,Indus,Ravi,Punjab,32.482851,75.7532631,EPSG:4326,1945,III,Concrete/Gravity,39.32,263.54,1038904.18,316130329.94,33653627.39,256246706.39,Irrigation;Hydropower,1635.59,Under Construction,POINT (75.7532631 32.4828510),REAL_NAME/ANCHOR + SYNTHETIC_PROTOTYPE_PARAMETERS
IND_DAM_0548,Bisalpur - Prototype Record 548,Rajasthan,Ganga,Banas,Rajasthan,25.5624279,75.4529418,EPSG:4326,1930,V,Masonry,34.84,1212.82,2606230.85,94814052.2,22153165.85,63302119.1,Irrigation,1397.57,Under Construction,POINT (75.4529418 25.5624279),REAL_NAME/ANCHOR + SYNTHETIC_PROTOTYPE_PARAMETERS
IND_DAM_0549,Rana Pratap Sagar - Prototype Record 549,Rajasthan,Ganga,Chambal,Rajasthan,24.0464037,75.6008537,EPSG:4326,1920,IV,Concrete,101.76,753.16,8648595.64,30488289.61,4071237.07,25833268.82,Irrigation;Hydropower,1534.16,Operational,POINT (75.6008537 24.0464037),REAL_NAME/ANCHOR + SYNTHETIC_PROTOTYPE_PARAMETERS
IND_DAM_0550,Teesta V - Prototype Record 550,Sikkim,Ganga,Teesta,Sikkim,27.1543982,88.8596626,EPSG:4326,1994,V,Concrete,64.49,2838.67,14298304.75,365349926.51,25197701.8,243614462.39,Irrigation,2543.89,Under Construction,POINT (88.8596626 27.1543982),REAL_NAME/ANCHOR + SYNTHETIC_PROTOTYPE_PARAMETERS
IND_DAM_0551,Mettur - Prototype Record 551,Tamil Nadu,Cauvery,Cauvery,Tamil Nadu,11.7981067,77.7745477,EPSG:4326,1994,II,Masonry/Concrete,25.85,827.59,2522181.85,123272902.51,14150010.34,110841955.19,Irrigation,1919.24,Under Construction,POINT (77.7745477 11.7981067),REAL_NAME/ANCHOR + SYNTHETIC_PROTOTYPE_PARAMETERS
IND_DAM_0552,Bhavanisagar - Prototype Record 552,Tamil Nadu,Other,Bhavani,Tamil Nadu,11.357433,77.1043174,EPSG:4326,2014,V,Earthfill/Concrete,53.01,462.13,2560576.54,273978124.49,20243647.16,236747700.93,Flood Control,853.17,Under Construction,POINT (77.1043174 11.3574330),REAL_NAME/ANCHOR + SYNTHETIC_PROTOTYPE_PARAMETERS
IND_DAM_0553,Sathanur - Prototype Record 553,Tamil Nadu,East Coast,Thenpennai,Tamil Nadu,12.2951393,78.9220891,EPSG:4326,1925,III,Concrete,62.02,670.3,5141477.51,166239753.97,19723971.0,109583335.99,Irrigation,2803.55,Operational,POINT (78.9220891 12.2951393),REAL_NAME/ANCHOR + SYNTHETIC_PROTOTYPE_PARAMETERS
IND_DAM_0554,Srisailam Left Bank - Prototype Record 554,Telangana,Krishna,Krishna,Telangana,16.0589229,78.7561309,EPSG:4326,1908,II,Concrete,22.04,541.92,676913.6,32090325.1,2336637.82,25417969.4,Hydropower,1404.98,Operational,POINT (78.7561309 16.0589229),REAL_NAME/ANCHOR + SYNTHETIC_PROTOTYPE_PARAMETERS
IND_DAM_0555,Singur - Prototype Record 555,Telangana,Godavari,Manjira,Telangana,17.5211121,77.9177671,EPSG:4326,1918,IV,Earthfill,52.7,595.11,5358548.29,46799135.11,4761760.21,35860628.17,Multipurpose,534.97,Operational,POINT (77.9177671 17.5211121),REAL_NAME/ANCHOR + SYNTHETIC_PROTOTYPE_PARAMETERS
IND_DAM_0556,Dumbur - Prototype Record 556,Tripura,Ganga,Gomati,Tripura,23.6786686,91.6679225,EPSG:4326,2017,V,Earthfill,43.39,1302.46,3744835.5,174123184.88,56411322.27,121017515.8,Flood Control,1202.85,Operational,POINT (91.6679225 23.6786686),REAL_NAME/ANCHOR + SYNTHETIC_PROTOTYPE_PARAMETERS
IND_DAM_0557,Rihand - Prototype Record 557,Uttar Pradesh,Ganga,Rihand,Uttar Pradesh,24.1021017,82.8820056,EPSG:4326,1993,II,Concrete/Earthfill,61.2,435.15,1768056.81,218559330.47,14954484.53,171940475.83,Flood Control,3819.76,Under Construction,POINT (82.8820056 24.1021017),REAL_NAME/ANCHOR + SYNTHETIC_PROTOTYPE_PARAMETERS
IND_DAM_0558,Tehri - Prototype Record 558,Uttarakhand,Ganga,Bhagirathi,Uttarakhand,30.3988229,78.5169142,EPSG:4326,1957,III,Earthfill/Rockfill,79.49,253.93,1457339.04,629320591.83,143015107.18,593689771.06,Multipurpose,5289.51,Operational,POINT (78.5169142 30.3988229),REAL_NAME/ANCHOR + SYNTHETIC_PROTOTYPE_PARAMETERS
IND_DAM_0559,Ramganga - Prototype Record 559,Uttarakhand,Ganga,Ramganga,Uttarakhand,29.5705659,78.6666265,EPSG:4326,2021,III,Concrete,56.5,1383.09,14003584.65,250233013.96,50761321.05,214314992.73,Irrigation;Hydropower,1394.71,Operational,POINT (78.6666265 29.5705659),REAL_NAME/ANCHOR + SYNTHETIC_PROTOTYPE_PARAMETERS
IND_DAM_0560,Farakka - Prototype Record 560,West Bengal,Ganga,Ganga,West Bengal,24.7815747,87.9231419,EPSG:4326,1964,III,Barrages,5.0,1457.5,982958.93,46486906.03,3477562.07,30627663.36,Hydropower,665.49,Operational,POINT (87.9231419 24.7815747),REAL_NAME/ANCHOR + SYNTHETIC_PROTOTYPE_PARAMETERS
IND_DAM_0561,Kangsabati - Prototype Record 561,West Bengal,Ganga,Kangsabati,West Bengal,23.0688253,87.2678565,EPSG:4326,1925,V,Earthfill,16.67,1362.86,1655371.35,39572546.43,3103548.8,32835418.25,Multipurpose,1413.01,Operational,POINT (87.2678565 23.0688253),REAL_NAME/ANCHOR + SYNTHETIC_PROTOTYPE_PARAMETERS
IND_DAM_0562,Salal - Prototype Record 562,Jammu and Kashmir,Indus,Chenab,Jammu and Kashmir,33.2212576,74.9851706,EPSG:4326,1967,IV,Concrete,55.99,569.13,5145366.62,16019633.63,4484956.7,14197789.77,Drinking Water,883.28,Operational,POINT (74.9851706 33.2212576),REAL_NAME/ANCHOR + SYNTHETIC_PROTOTYPE_PARAMETERS
IND_DAM_0563,Baglihar - Prototype Record 563,Jammu and Kashmir,Indus,Chenab,Jammu and Kashmir,33.1780823,75.4049007,EPSG:4326,1966,III,Concrete,55.4,313.55,2307196.4,764993352.8,55737720.9,725131511.79,Flood Control,6444.74,Operational,POINT (75.4049007 33.1780823),REAL_NAME/ANCHOR + SYNTHETIC_PROTOTYPE_PARAMETERS
IND_DAM_0564,Nimoo Bazgo - Prototype Record 564,Ladakh,Indus,Indus,Ladakh,34.2245521,77.6373223,EPSG:4326,1928,III,Concrete,56.26,1654.37,6919045.34,73821030.24,7504427.58,60029830.98,Multipurpose,964.04,Under Construction,POINT (77.6373223 34.2245521),REAL_NAME/ANCHOR + SYNTHETIC_PROTOTYPE_PARAMETERS
IND_DAM_0565,Polavaram - Prototype Record 565,Andhra Pradesh,Godavari,Godavari,Andhra Pradesh,17.3428448,81.7271785,EPSG:4326,1909,II,Concrete/Gravity,89.71,310.17,1579340.6,64947728.25,5157880.55,46841769.42,Drinking Water,984.52,Under Construction,POINT (81.7271785 17.3428448),REAL_NAME/ANCHOR + SYNTHETIC_PROTOTYPE_PARAMETERS
IND_DAM_0566,Srisailam - Prototype Record 566,Andhra Pradesh,Krishna,Krishna,Andhra Pradesh,16.1708195,78.9808923,EPSG:4326,1919,III,Masonry/Concrete,84.6,1198.56,15938284.92,52487467.16,3775492.64,36317244.83,Hydropower,653.74,Operational,POINT (78.9808923 16.1708195),REAL_NAME/ANCHOR + SYNTHETIC_PROTOTYPE_PARAMETERS
IND_DAM_0567,Nagarjuna Sagar - Prototype Record 567,Andhra Pradesh,Krishna,Krishna,Andhra Pradesh,16.4384098,79.2851307,EPSG:4326,1983,II,Masonry,42.44,1191.68,5072951.73,464039565.03,45721369.93,338497124.14,Hydropower,3060.27,Operational,POINT (79.2851307 16.4384098),REAL_NAME/ANCHOR + SYNTHETIC_PROTOTYPE_PARAMETERS
IND_DAM_0568,Ranganadi - Prototype Record 568,Arunachal Pradesh,Brahmaputra,Ranganadi,Arunachal Pradesh,27.6307883,94.4125454,EPSG:4326,1961,V,Concrete,44.8,1798.36,10010243.78,1092036363.01,168635400.65,934954650.32,Irrigation,7496.84,Operational,POINT (94.4125454 27.6307883),REAL_NAME/ANCHOR + SYNTHETIC_PROTOTYPE_PARAMETERS
IND_DAM_0569,Karbi Langpi - Prototype Record 569,Assam,Brahmaputra,Borpani,Assam,25.8965462,92.7562557,EPSG:4326,1962,II,Concrete,45.89,1860.61,3679252.42,150251223.16,14404300.71,128738488.21,Drinking Water,1830.55,Operational,POINT (92.7562557 25.8965462),REAL_NAME/ANCHOR + SYNTHETIC_PROTOTYPE_PARAMETERS
IND_DAM_0570,Kohira - Prototype Record 570,Bihar,Ganga,Kohira,Bihar,24.8758474,83.407032,EPSG:4326,1963,V,Earthfill,48.13,518.36,998623.69,164654307.76,41113253.81,115845378.45,Flood Control,3388.71,Operational,POINT (83.4070320 24.8758474),REAL_NAME/ANCHOR + SYNTHETIC_PROTOTYPE_PARAMETERS
IND_DAM_0571,Gangrel - Prototype Record 571,Chhattisgarh,Mahanadi,Mahanadi,Chhattisgarh,20.0208482,81.1284722,EPSG:4326,1983,II,Masonry,31.3,628.75,805299.4,470977355.22,145412454.92,332599775.38,Irrigation,4724.48,Operational,POINT (81.1284722 20.0208482),REAL_NAME/ANCHOR + SYNTHETIC_PROTOTYPE_PARAMETERS
IND_DAM_0572,Salaulim - Prototype Record 572,Goa,West Coast,Salaulim,Goa,15.2487842,73.9608897,EPSG:4326,1969,II,Earthfill,28.29,673.52,3059852.36,528944201.16,58718616.93,434554282.91,Irrigation,6221.75,Operational,POINT (73.9608897 15.2487842),REAL_NAME/ANCHOR + SYNTHETIC_PROTOTYPE_PARAMETERS
IND_DAM_0573,Sardar Sarovar - Prototype Record 573,Gujarat,Narmada,Narmada,Gujarat,21.8468268,73.7278509,EPSG:4326,2004,III,Concrete/Gravity,46.28,3339.51,20555062.14,13094924.35,1192295.55,11391811.45,Hydropower,242.28,Under Construction,POINT (73.7278509 21.8468268),REAL_NAME/ANCHOR + SYNTHETIC_PROTOTYPE_PARAMETERS
IND_DAM_0574,Ukai - Prototype Record 574,Gujarat,Tapi,Tapi,Gujarat,21.3016559,73.722375,EPSG:4326,1985,V,Earthfill/Concrete,17.56,1337.28,4012073.73,323063843.36,22904098.24,294934527.03,Multipurpose,3609.5,Operational,POINT (73.7223750 21.3016559),REAL_NAME/ANCHOR + SYNTHETIC_PROTOTYPE_PARAMETERS
IND_DAM_0575,Kaushalya - Prototype Record 575,Haryana,Indus,Kaushalya,Haryana,30.8405714,76.8312673,EPSG:4326,1923,V,Earthfill,37.58,1334.99,4750671.18,42359987.37,4739718.0,39568741.1,Drinking Water,1088.42,Under Construction,POINT (76.8312673 30.8405714),REAL_NAME/ANCHOR + SYNTHETIC_PROTOTYPE_PARAMETERS
IND_DAM_0576,Bhakra - Prototype Record 576,Himachal Pradesh,Indus,Sutlej,Himachal Pradesh,31.390347,76.3954228,EPSG:4326,1990,II,Concrete/Gravity,52.33,1174.78,9673257.27,34793799.37,2845612.72,31563934.88,Irrigation,823.99,Operational,POINT (76.3954228 31.3903470),REAL_NAME/ANCHOR + SYNTHETIC_PROTOTYPE_PARAMETERS
IND_DAM_0577,Pong - Prototype Record 577,Himachal Pradesh,Indus,Beas,Himachal Pradesh,31.7362894,76.8981865,EPSG:4326,1982,II,Earthfill,41.71,1076.62,6025964.01,59940755.62,4057191.8,45125422.58,Irrigation,422.5,Operational,POINT (76.8981865 31.7362894),REAL_NAME/ANCHOR + SYNTHETIC_PROTOTYPE_PARAMETERS
IND_DAM_0578,Maithon - Prototype Record 578,Jharkhand,Damodar,Barakar,Jharkhand,23.8745761,86.6466401,EPSG:4326,2004,II,Concrete/Earthfill,54.8,1099.12,3446747.51,67517811.05,7278310.07,55538502.42,Drinking Water,936.52,Under Construction,POINT (86.6466401 23.8745761),REAL_NAME/ANCHOR + SYNTHETIC_PROTOTYPE_PARAMETERS
IND_DAM_0579,Panchet - Prototype Record 579,Jharkhand,Ganga,Damodar,Jharkhand,23.5818567,86.789612,EPSG:4326,1919,III,Earthfill/Concrete,62.0,2158.17,14521855.05,150394618.76,21245329.86,136705946.26,Flood Control,1987.15,Operational,POINT (86.7896120 23.5818567),REAL_NAME/ANCHOR + SYNTHETIC_PROTOTYPE_PARAMETERS
IND_DAM_0580,Almatti - Prototype Record 580,Karnataka,Krishna,Krishna,Karnataka,16.1904439,75.9290769,EPSG:4326,1944,III,Concrete,38.34,871.37,5793234.96,55037186.07,5584744.78,51064659.09,Hydropower,1702.49,Operational,POINT (75.9290769 16.1904439),REAL_NAME/ANCHOR + SYNTHETIC_PROTOTYPE_PARAMETERS
IND_DAM_0581,Krishna Raja Sagara - Prototype Record 581,Karnataka,Cauvery,Cauvery,Karnataka,12.3886857,76.5487962,EPSG:4326,1992,V,Masonry,40.29,2330.61,8703035.41,195799790.55,22363443.26,130594087.66,Flood Control,3685.7,Operational,POINT (76.5487962 12.3886857),REAL_NAME/ANCHOR + SYNTHETIC_PROTOTYPE_PARAMETERS
IND_DAM_0582,Tungabhadra - Prototype Record 582,Karnataka,Krishna,Tungabhadra,Karnataka,15.3060084,76.444221,EPSG:4326,1958,III,Masonry,37.01,1272.8,6416920.67,74191445.75,29824960.7,58315407.26,Irrigation;Hydropower,1032.55,Under Construction,POINT (76.4442210 15.3060084),REAL_NAME/ANCHOR + SYNTHETIC_PROTOTYPE_PARAMETERS
IND_DAM_0583,Idukki - Prototype Record 583,Kerala,West Coast,Periyar,Kerala,9.9676851,76.7651027,EPSG:4326,2011,II,Concrete/Arch,163.82,796.79,12258046.6,48812559.95,13993166.76,37560950.92,Drinking Water,861.09,Operational,POINT (76.7651027 9.9676851),REAL_NAME/ANCHOR + SYNTHETIC_PROTOTYPE_PARAMETERS
IND_DAM_0584,Mullaperiyar - Prototype Record 584,Kerala,West Coast,Periyar,Kerala,9.6022446,77.1407312,EPSG:4326,2005,IV,Masonry,16.26,552.88,1384102.9,200690328.5,67164400.51,169489038.67,Multipurpose,3801.03,Operational,POINT (77.1407312 9.6022446),REAL_NAME/ANCHOR + SYNTHETIC_PROTOTYPE_PARAMETERS
IND_DAM_0585,Indira Sagar - Prototype Record 585,Madhya Pradesh,Narmada,Narmada,Madhya Pradesh,22.3085154,76.3812071,EPSG:4326,2020,III,Concrete/Earthfill,71.56,852.22,8314824.05,255322559.18,26233506.06,234918984.96,Hydropower,1872.44,Operational,POINT (76.3812071 22.3085154),REAL_NAME/ANCHOR + SYNTHETIC_PROTOTYPE_PARAMETERS
IND_DAM_0586,Bargi - Prototype Record 586,Madhya Pradesh,Narmada,Narmada,Madhya Pradesh,22.9562852,79.9064157,EPSG:4326,1925,III,Concrete,62.16,545.33,5597461.8,113557670.18,25787105.93,90721879.67,Irrigation,2959.84,Under Construction,POINT (79.9064157 22.9562852),REAL_NAME/ANCHOR + SYNTHETIC_PROTOTYPE_PARAMETERS
IND_DAM_0587,Koyna - Prototype Record 587,Maharashtra,Other,Koyna,Maharashtra,17.2908305,73.6334466,EPSG:4326,1974,V,Concrete/Gravity,32.62,685.78,3985691.96,51543523.41,13987778.68,38246293.91,Multipurpose,564.93,Operational,POINT (73.6334466 17.2908305),REAL_NAME/ANCHOR + SYNTHETIC_PROTOTYPE_PARAMETERS
IND_DAM_0588,Jayakwadi - Prototype Record 588,Maharashtra,Godavari,Godavari,Maharashtra,19.4399499,75.3088895,EPSG:4326,1984,III,Earthfill,33.47,961.96,5009050.27,380198113.41,48532550.94,283734294.49,Irrigation;Hydropower,3364.46,Operational,POINT (75.3088895 19.4399499),REAL_NAME/ANCHOR + SYNTHETIC_PROTOTYPE_PARAMETERS
IND_DAM_0589,Khuga - Prototype Record 589,Manipur,Barak,Khuga,Manipur,24.567012,93.7001931,EPSG:4326,1992,V,Earthfill,20.69,492.03,1351918.78,365640211.63,28626131.17,242345152.77,Drinking Water,2237.9,Operational,POINT (93.7001931 24.5670120),REAL_NAME/ANCHOR + SYNTHETIC_PROTOTYPE_PARAMETERS
IND_DAM_0590,Umiam - Prototype Record 590,Meghalaya,Brahmaputra,Umiam,Meghalaya,25.7789828,91.9765611,EPSG:4326,1937,IV,Concrete,42.01,920.09,2271152.51,208615907.19,23836584.6,168512582.56,Multipurpose,3357.67,Operational,POINT (91.9765611 25.7789828),REAL_NAME/ANCHOR + SYNTHETIC_PROTOTYPE_PARAMETERS
IND_DAM_0591,Tuirial - Prototype Record 591,Mizoram,Barak,Tuirial,Mizoram,23.7884963,92.67472,EPSG:4326,2007,V,Earthfill,51.67,960.33,4424331.1,35959210.18,2616956.58,23853373.33,Multipurpose,1124.33,Operational,POINT (92.6747200 23.7884963),REAL_NAME/ANCHOR + SYNTHETIC_PROTOTYPE_PARAMETERS
IND_DAM_0592,Doyang - Prototype Record 592,Nagaland,Brahmaputra,Doyang,Nagaland,26.2792396,94.3958021,EPSG:4326,2003,V,Earthfill,39.48,495.42,1688943.55,607195712.28,65916827.5,531592603.86,Irrigation,6468.22,Operational,POINT (94.3958021 26.2792396),REAL_NAME/ANCHOR + SYNTHETIC_PROTOTYPE_PARAMETERS
IND_DAM_0593,Hirakud - Prototype Record 593,Odisha,Mahanadi,Mahanadi,Odisha,21.4857206,83.9098064,EPSG:4326,1940,V,Masonry/Earthfill,68.55,559.85,4679237.02,390998252.08,36206556.37,356102044.94,Flood Control,2264.68,Operational,POINT (83.9098064 21.4857206),REAL_NAME/ANCHOR + SYNTHETIC_PROTOTYPE_PARAMETERS
IND_DAM_0594,Ranjit Sagar - Prototype Record 594,Punjab,Indus,Ravi,Punjab,32.6426997,75.7042405,EPSG:4326,1910,IV,Concrete/Gravity,55.76,1267.82,11864306.51,205634233.88,35850966.93,184907938.12,Multipurpose,1239.92,Under Construction,POINT (75.7042405 32.6426997),REAL_NAME/ANCHOR + SYNTHETIC_PROTOTYPE_PARAMETERS
IND_DAM_0595,Bisalpur - Prototype Record 595,Rajasthan,Ganga,Banas,Rajasthan,25.6838557,75.4334054,EPSG:4326,1909,IV,Masonry,73.48,1627.6,13146860.81,204355495.28,20618609.64,156187570.35,Irrigation;Hydropower,3438.55,Operational,POINT (75.4334054 25.6838557),REAL_NAME/ANCHOR + SYNTHETIC_PROTOTYPE_PARAMETERS
IND_DAM_0596,Rana Pratap Sagar - Prototype Record 596,Rajasthan,Ganga,Chambal,Rajasthan,23.9823932,75.4071944,EPSG:4326,1999,IV,Concrete,45.27,1727.37,11270704.24,199159657.65,14376227.18,142863576.03,Flood Control,1431.2,Operational,POINT (75.4071944 23.9823932),REAL_NAME/ANCHOR + SYNTHETIC_PROTOTYPE_PARAMETERS
IND_DAM_0597,Teesta V - Prototype Record 597,Sikkim,Ganga,Teesta,Sikkim,27.2306969,88.7076013,EPSG:4326,1931,II,Concrete,68.55,473.88,2926223.42,259055581.33,79546505.22,243999367.39,Flood Control,976.27,Operational,POINT (88.7076013 27.2306969),REAL_NAME/ANCHOR + SYNTHETIC_PROTOTYPE_PARAMETERS
IND_DAM_0598,Mettur - Prototype Record 598,Tamil Nadu,Cauvery,Cauvery,Tamil Nadu,11.7349449,77.8485739,EPSG:4326,1944,II,Masonry/Concrete,84.91,549.04,7127948.51,441348564.66,198398376.74,348114315.19,Hydropower,3066.33,Under Construction,POINT (77.8485739 11.7349449),REAL_NAME/ANCHOR + SYNTHETIC_PROTOTYPE_PARAMETERS
IND_DAM_0599,Bhavanisagar - Prototype Record 599,Tamil Nadu,Other,Bhavani,Tamil Nadu,11.4182583,77.0530349,EPSG:4326,1972,V,Earthfill/Concrete,67.03,1604.98,9332184.48,64733546.67,5585165.56,46843504.39,Irrigation;Hydropower,1355.27,Operational,POINT (77.0530349 11.4182583),REAL_NAME/ANCHOR + SYNTHETIC_PROTOTYPE_PARAMETERS
IND_DAM_0600,Sathanur - Prototype Record 600,Tamil Nadu,East Coast,Thenpennai,Tamil Nadu,12.2823122,78.9226756,EPSG:4326,2013,III,Concrete,55.06,547.79,2603918.18,686226244.09,137602042.96,447529339.3,Hydropower,3918.61,Under Construction,POINT (78.9226756 12.2823122),REAL_NAME/ANCHOR + SYNTHETIC_PROTOTYPE_PARAMETERS
IND_DAM_0601,Srisailam Left Bank - Prototype Record 601,Telangana,Krishna,Krishna,Telangana,16.0367751,78.9869815,EPSG:4326,2007,IV,Concrete,50.54,686.5,5564132.5,1439036040.25,252613129.1,1319687326.68,Multipurpose,3463.14,Under Construction,POINT (78.9869815 16.0367751),REAL_NAME/ANCHOR + SYNTHETIC_PROTOTYPE_PARAMETERS
IND_DAM_0602,Singur - Prototype Record 602,Telangana,Godavari,Manjira,Telangana,17.7188247,77.9769851,EPSG:4326,1932,IV,Earthfill,32.07,2064.64,5245087.97,295018986.45,46750234.75,276907932.3,Multipurpose,2256.7,Operational,POINT (77.9769851 17.7188247),REAL_NAME/ANCHOR + SYNTHETIC_PROTOTYPE_PARAMETERS
IND_DAM_0603,Dumbur - Prototype Record 603,Tripura,Ganga,Gomati,Tripura,23.7007384,91.8268907,EPSG:4326,1911,V,Earthfill,38.46,612.43,3852308.38,26452691.6,5337556.83,20067244.23,Drinking Water,1349.92,Operational,POINT (91.8268907 23.7007384),REAL_NAME/ANCHOR + SYNTHETIC_PROTOTYPE_PARAMETERS
IND_DAM_0604,Rihand - Prototype Record 604,Uttar Pradesh,Ganga,Rihand,Uttar Pradesh,24.1869536,83.0552703,EPSG:4326,1987,IV,Concrete/Earthfill,59.31,1477.5,6439768.26,495643338.34,97550715.38,413473313.1,Hydropower,2414.43,Under Construction,POINT (83.0552703 24.1869536),REAL_NAME/ANCHOR + SYNTHETIC_PROTOTYPE_PARAMETERS
IND_DAM_0605,Tehri - Prototype Record 605,Uttarakhand,Ganga,Bhagirathi,Uttarakhand,30.3378658,78.4941574,EPSG:4326,1914,V,Earthfill/Rockfill,93.63,1667.65,20442597.17,103043195.92,11828469.14,80792580.78,Irrigation;Hydropower,825.16,Under Construction,POINT (78.4941574 30.3378658),REAL_NAME/ANCHOR + SYNTHETIC_PROTOTYPE_PARAMETERS
IND_DAM_0606,Ramganga - Prototype Record 606,Uttarakhand,Ganga,Ramganga,Uttarakhand,29.5467008,78.6754941,EPSG:4326,1904,V,Concrete,45.15,2713.8,8559849.5,68740813.32,6487279.81,58693840.43,Multipurpose,2003.13,Under Construction,POINT (78.6754941 29.5467008),REAL_NAME/ANCHOR + SYNTHETIC_PROTOTYPE_PARAMETERS
IND_DAM_0607,Farakka - Prototype Record 607,West Bengal,Ganga,Ganga,West Bengal,24.7948267,87.7970844,EPSG:4326,2013,V,Barrages,5.0,1314.09,808077.98,52691929.11,4745100.43,39612008.17,Flood Control,1364.04,Under Construction,POINT (87.7970844 24.7948267),REAL_NAME/ANCHOR + SYNTHETIC_PROTOTYPE_PARAMETERS
IND_DAM_0608,Kangsabati - Prototype Record 608,West Bengal,Ganga,Kangsabati,West Bengal,22.95585,87.3026295,EPSG:4326,1977,IV,Earthfill,20.75,1237.86,1674255.79,183797500.48,40080387.16,130075979.54,Irrigation;Hydropower,2536.34,Operational,POINT (87.3026295 22.9558500),REAL_NAME/ANCHOR + SYNTHETIC_PROTOTYPE_PARAMETERS
IND_DAM_0609,Salal - Prototype Record 609,Jammu and Kashmir,Indus,Chenab,Jammu and Kashmir,33.1156834,74.7298838,EPSG:4326,2008,V,Concrete,60.18,1446.89,12353096.79,374317314.18,30439125.67,275756676.52,Hydropower,5386.9,Under Construction,POINT (74.7298838 33.1156834),REAL_NAME/ANCHOR + SYNTHETIC_PROTOTYPE_PARAMETERS
IND_DAM_0610,Baglihar - Prototype Record 610,Jammu and Kashmir,Indus,Chenab,Jammu and Kashmir,33.2727919,75.3218684,EPSG:4326,1954,V,Concrete,58.23,354.65,2634592.64,112727309.86,24465584.02,93726294.62,Drinking Water,2938.14,Under Construction,POINT (75.3218684 33.2727919),REAL_NAME/ANCHOR + SYNTHETIC_PROTOTYPE_PARAMETERS
IND_DAM_0611,Nimoo Bazgo - Prototype Record 611,Ladakh,Indus,Indus,Ladakh,34.2806633,77.6805679,EPSG:4326,1907,V,Concrete,50.47,1044.87,6423286.02,223785189.23,24186689.29,155667148.18,Irrigation,1319.07,Under Construction,POINT (77.6805679 34.2806633),REAL_NAME/ANCHOR + SYNTHETIC_PROTOTYPE_PARAMETERS
IND_DAM_0612,Polavaram - Prototype Record 612,Andhra Pradesh,Godavari,Godavari,Andhra Pradesh,17.3007175,81.7020135,EPSG:4326,2005,III,Concrete/Gravity,48.59,2158.15,7919408.85,328179508.38,34753159.24,288937671.09,Multipurpose,4817.67,Under Construction,POINT (81.7020135 17.3007175),REAL_NAME/ANCHOR + SYNTHETIC_PROTOTYPE_PARAMETERS
IND_DAM_0613,Srisailam - Prototype Record 613,Andhra Pradesh,Krishna,Krishna,Andhra Pradesh,16.1006791,78.9649103,EPSG:4326,1900,II,Masonry/Concrete,62.63,225.59,714231.84,184746931.6,25352681.09,147678900.47,Irrigation,3769.31,Operational,POINT (78.9649103 16.1006791),REAL_NAME/ANCHOR + SYNTHETIC_PROTOTYPE_PARAMETERS
IND_DAM_0614,Nagarjuna Sagar - Prototype Record 614,Andhra Pradesh,Krishna,Krishna,Andhra Pradesh,16.6930153,79.2310631,EPSG:4326,1937,II,Masonry,45.44,1126.12,6285738.32,217117670.83,44929282.61,177003576.8,Flood Control,2547.76,Operational,POINT (79.2310631 16.6930153),REAL_NAME/ANCHOR + SYNTHETIC_PROTOTYPE_PARAMETERS
IND_DAM_0615,Ranganadi - Prototype Record 615,Arunachal Pradesh,Brahmaputra,Ranganadi,Arunachal Pradesh,27.5516002,94.3249505,EPSG:4326,1910,III,Concrete,66.72,3465.41,19010921.58,81208226.32,5645709.6,70461428.02,Flood Control,1050.9,Operational,POINT (94.3249505 27.5516002),REAL_NAME/ANCHOR + SYNTHETIC_PROTOTYPE_PARAMETERS
IND_DAM_0616,Karbi Langpi - Prototype Record 616,Assam,Brahmaputra,Borpani,Assam,25.783754,92.6373396,EPSG:4326,1902,III,Concrete,46.92,988.98,1948051.47,89537711.81,7723848.11,84950554.5,Drinking Water,2574.34,Operational,POINT (92.6373396 25.7837540),REAL_NAME/ANCHOR + SYNTHETIC_PROTOTYPE_PARAMETERS
IND_DAM_0617,Kohira - Prototype Record 617,Bihar,Ganga,Kohira,Bihar,25.0155299,83.4852448,EPSG:4326,1996,V,Earthfill,43.11,704.06,4825141.52,89660055.89,7156950.66,63762344.38,Drinking Water,2139.37,Under Construction,POINT (83.4852448 25.0155299),REAL_NAME/ANCHOR + SYNTHETIC_PROTOTYPE_PARAMETERS
IND_DAM_0618,Gangrel - Prototype Record 618,Chhattisgarh,Mahanadi,Mahanadi,Chhattisgarh,20.0066777,81.3708361,EPSG:4326,1958,V,Masonry,37.44,501.67,1898018.06,587983411.07,129066918.01,553389617.43,Irrigation;Hydropower,1353.79,Operational,POINT (81.3708361 20.0066777),REAL_NAME/ANCHOR + SYNTHETIC_PROTOTYPE_PARAMETERS
IND_DAM_0619,Salaulim - Prototype Record 619,Goa,West Coast,Salaulim,Goa,15.280834,74.0699649,EPSG:4326,1939,II,Earthfill,12.35,1490.16,1458002.85,567083602.67,43092269.95,474679323.81,Hydropower,4083.84,Operational,POINT (74.0699649 15.2808340),REAL_NAME/ANCHOR + SYNTHETIC_PROTOTYPE_PARAMETERS
IND_DAM_0620,Sardar Sarovar - Prototype Record 620,Gujarat,Narmada,Narmada,Gujarat,21.8745881,73.8562289,EPSG:4326,1959,IV,Concrete/Gravity,62.31,5811.25,29335953.47,642176205.14,57844648.41,528259013.44,Flood Control,4831.42,Operational,POINT (73.8562289 21.8745881),REAL_NAME/ANCHOR + SYNTHETIC_PROTOTYPE_PARAMETERS
IND_DAM_0621,Ukai - Prototype Record 621,Gujarat,Tapi,Tapi,Gujarat,21.2891803,73.5855446,EPSG:4326,2017,IV,Earthfill/Concrete,49.83,1129.85,6329988.19,432106935.76,33871664.52,368520924.31,Drinking Water,5420.03,Operational,POINT (73.5855446 21.2891803),REAL_NAME/ANCHOR + SYNTHETIC_PROTOTYPE_PARAMETERS
IND_DAM_0622,Kaushalya - Prototype Record 622,Haryana,Indus,Kaushalya,Haryana,30.8340673,76.9461985,EPSG:4326,1912,II,Earthfill,21.73,992.19,2054610.92,231941183.81,31426674.2,185420917.8,Irrigation;Hydropower,4407.78,Operational,POINT (76.9461985 30.8340673),REAL_NAME/ANCHOR + SYNTHETIC_PROTOTYPE_PARAMETERS
IND_DAM_0623,Bhakra - Prototype Record 623,Himachal Pradesh,Indus,Sutlej,Himachal Pradesh,31.4966717,76.3504577,EPSG:4326,1960,V,Concrete/Gravity,38.84,665.01,1352065.09,433994567.47,38041958.1,361680757.51,Flood Control,3377.79,Operational,POINT (76.3504577 31.4966717),REAL_NAME/ANCHOR + SYNTHETIC_PROTOTYPE_PARAMETERS
IND_DAM_0624,Pong - Prototype Record 624,Himachal Pradesh,Indus,Beas,Himachal Pradesh,31.9596343,76.9345839,EPSG:4326,1949,V,Earthfill,52.65,2346.45,12497700.77,198489335.6,31496714.68,161402661.64,Irrigation;Hydropower,4222.34,Operational,POINT (76.9345839 31.9596343),REAL_NAME/ANCHOR + SYNTHETIC_PROTOTYPE_PARAMETERS
IND_DAM_0625,Maithon - Prototype Record 625,Jharkhand,Damodar,Barakar,Jharkhand,23.7558111,86.6857251,EPSG:4326,1982,IV,Concrete/Earthfill,48.48,1327.18,5825373.66,181152905.24,14042599.3,168198922.72,Multipurpose,2165.4,Under Construction,POINT (86.6857251 23.7558111),REAL_NAME/ANCHOR + SYNTHETIC_PROTOTYPE_PARAMETERS
IND_DAM_0626,Panchet - Prototype Record 626,Jharkhand,Ganga,Damodar,Jharkhand,23.7394011,86.8235747,EPSG:4326,1971,II,Earthfill/Concrete,48.36,863.63,4267457.85,523448476.71,36187460.16,437653770.92,Irrigation;Hydropower,6044.26,Operational,POINT (86.8235747 23.7394011),REAL_NAME/ANCHOR + SYNTHETIC_PROTOTYPE_PARAMETERS
IND_DAM_0627,Almatti - Prototype Record 627,Karnataka,Krishna,Krishna,Karnataka,16.2701104,75.8394567,EPSG:4326,1930,V,Concrete,68.31,1035.49,4256295.91,593950258.59,51951346.15,555704825.47,Drinking Water,3148.93,Operational,POINT (75.8394567 16.2701104),REAL_NAME/ANCHOR + SYNTHETIC_PROTOTYPE_PARAMETERS
IND_DAM_0628,Krishna Raja Sagara - Prototype Record 628,Karnataka,Cauvery,Cauvery,Karnataka,12.524297,76.5519829,EPSG:4326,1938,II,Masonry,38.51,229.56,755340.09,209135755.92,14439681.12,144975081.1,Multipurpose,965.66,Operational,POINT (76.5519829 12.5242970),REAL_NAME/ANCHOR + SYNTHETIC_PROTOTYPE_PARAMETERS
IND_DAM_0629,Tungabhadra - Prototype Record 629,Karnataka,Krishna,Tungabhadra,Karnataka,15.2831567,76.4626679,EPSG:4326,1912,IV,Masonry,23.27,972.83,3557219.38,269910503.78,21989073.2,243841929.53,Irrigation;Hydropower,2253.62,Operational,POINT (76.4626679 15.2831567),REAL_NAME/ANCHOR + SYNTHETIC_PROTOTYPE_PARAMETERS
IND_DAM_0630,Idukki - Prototype Record 630,Kerala,West Coast,Periyar,Kerala,9.6936458,76.8897617,EPSG:4326,1918,II,Concrete/Arch,149.63,801.87,21446707.53,367402349.38,148004929.75,328606536.87,Irrigation,2721.05,Under Construction,POINT (76.8897617 9.6936458),REAL_NAME/ANCHOR + SYNTHETIC_PROTOTYPE_PARAMETERS
IND_DAM_0631,Mullaperiyar - Prototype Record 631,Kerala,West Coast,Periyar,Kerala,9.581355,77.1561629,EPSG:4326,1988,II,Masonry,33.77,1022.18,2630347.94,68970183.51,8543731.86,65050434.12,Drinking Water,2030.25,Operational,POINT (77.1561629 9.5813550),REAL_NAME/ANCHOR + SYNTHETIC_PROTOTYPE_PARAMETERS
IND_DAM_0632,Indira Sagar - Prototype Record 632,Madhya Pradesh,Narmada,Narmada,Madhya Pradesh,22.1868129,76.5104628,EPSG:4326,1925,III,Concrete/Earthfill,80.81,726.73,6990276.67,58315140.06,13353586.75,42776851.26,Flood Control,455.87,Operational,POINT (76.5104628 22.1868129),REAL_NAME/ANCHOR + SYNTHETIC_PROTOTYPE_PARAMETERS
IND_DAM_0633,Bargi - Prototype Record 633,Madhya Pradesh,Narmada,Narmada,Madhya Pradesh,23.0528959,79.8232495,EPSG:4326,1936,II,Concrete,40.97,582.98,1485866.47,101160743.18,26652071.97,74091653.95,Drinking Water,1043.2,Operational,POINT (79.8232495 23.0528959),REAL_NAME/ANCHOR + SYNTHETIC_PROTOTYPE_PARAMETERS
IND_DAM_0634,Koyna - Prototype Record 634,Maharashtra,Other,Koyna,Maharashtra,17.4470859,73.8246133,EPSG:4326,1912,III,Concrete/Gravity,36.96,197.31,509082.97,770421945.86,248208749.89,523800137.47,Drinking Water,7883.09,Operational,POINT (73.8246133 17.4470859),REAL_NAME/ANCHOR + SYNTHETIC_PROTOTYPE_PARAMETERS
IND_DAM_0635,Jayakwadi - Prototype Record 635,Maharashtra,Godavari,Godavari,Maharashtra,19.5382714,75.4256727,EPSG:4326,1934,IV,Earthfill,32.6,906.15,3350639.62,96510205.23,6732461.39,75576200.03,Irrigation,2045.85,Operational,POINT (75.4256727 19.5382714),REAL_NAME/ANCHOR + SYNTHETIC_PROTOTYPE_PARAMETERS
IND_DAM_0636,Khuga - Prototype Record 636,Manipur,Barak,Khuga,Manipur,24.4815904,93.6147427,EPSG:4326,1969,V,Earthfill,18.26,1083.4,3052019.38,57160861.45,25078470.91,45195531.24,Drinking Water,715.99,Operational,POINT (93.6147427 24.4815904),REAL_NAME/ANCHOR + SYNTHETIC_PROTOTYPE_PARAMETERS
IND_DAM_0637,Umiam - Prototype Record 637,Meghalaya,Brahmaputra,Umiam,Meghalaya,25.7095086,91.9675273,EPSG:4326,1945,II,Concrete,64.95,1114.85,9233044.68,435532478.48,204108649.01,302706224.84,Irrigation;Hydropower,5280.79,Operational,POINT (91.9675273 25.7095086),REAL_NAME/ANCHOR + SYNTHETIC_PROTOTYPE_PARAMETERS
IND_DAM_0638,Tuirial - Prototype Record 638,Mizoram,Barak,Tuirial,Mizoram,23.7176318,92.9112247,EPSG:4326,1969,IV,Earthfill,54.68,785.81,7012538.49,36927512.2,3904382.27,26409817.48,Drinking Water,357.86,Operational,POINT (92.9112247 23.7176318),REAL_NAME/ANCHOR + SYNTHETIC_PROTOTYPE_PARAMETERS
IND_DAM_0639,Doyang - Prototype Record 639,Nagaland,Brahmaputra,Doyang,Nagaland,26.1543986,94.1759841,EPSG:4326,1974,IV,Earthfill,19.74,1513.34,1965855.73,69821767.33,11282298.97,62045274.75,Drinking Water,710.8,Operational,POINT (94.1759841 26.1543986),REAL_NAME/ANCHOR + SYNTHETIC_PROTOTYPE_PARAMETERS
IND_DAM_0640,Hirakud - Prototype Record 640,Odisha,Mahanadi,Mahanadi,Odisha,21.5649532,83.8088302,EPSG:4326,1997,IV,Masonry/Earthfill,40.31,1368.55,8437760.79,309675948.1,22980199.89,286545696.48,Hydropower,2851.03,Operational,POINT (83.8088302 21.5649532),REAL_NAME/ANCHOR + SYNTHETIC_PROTOTYPE_PARAMETERS
IND_DAM_0641,Ranjit Sagar - Prototype Record 641,Punjab,Indus,Ravi,Punjab,32.3742353,75.7067293,EPSG:4326,2012,III,Concrete/Gravity,63.12,598.3,3955721.68,70762161.28,7375789.52,51983687.42,Irrigation;Hydropower,2144.44,Operational,POINT (75.7067293 32.3742353),REAL_NAME/ANCHOR + SYNTHETIC_PROTOTYPE_PARAMETERS
IND_DAM_0642,Bisalpur - Prototype Record 642,Rajasthan,Ganga,Banas,Rajasthan,25.5115866,75.4608735,EPSG:4326,1919,IV,Masonry,37.06,1870.46,10581995.87,114025205.99,14229034.1,86210491.13,Irrigation;Hydropower,2403.31,Operational,POINT (75.4608735 25.5115866),REAL_NAME/ANCHOR + SYNTHETIC_PROTOTYPE_PARAMETERS
IND_DAM_0643,Rana Pratap Sagar - Prototype Record 643,Rajasthan,Ganga,Chambal,Rajasthan,24.077681,75.6301168,EPSG:4326,1965,III,Concrete,39.14,349.66,613241.33,225626466.65,15511275.12,180441068.29,Multipurpose,1108.29,Operational,POINT (75.6301168 24.0776810),REAL_NAME/ANCHOR + SYNTHETIC_PROTOTYPE_PARAMETERS
IND_DAM_0644,Teesta V - Prototype Record 644,Sikkim,Ganga,Teesta,Sikkim,27.0818905,88.8483424,EPSG:4326,1931,III,Concrete,71.17,2534.73,32081151.57,514293145.4,38456807.2,380895593.17,Irrigation;Hydropower,4030.92,Operational,POINT (88.8483424 27.0818905),REAL_NAME/ANCHOR + SYNTHETIC_PROTOTYPE_PARAMETERS
IND_DAM_0645,Mettur - Prototype Record 645,Tamil Nadu,Cauvery,Cauvery,Tamil Nadu,11.874594,77.8710982,EPSG:4326,2020,V,Masonry/Concrete,75.2,1841.47,7811919.62,164033689.21,32081873.67,130557611.07,Multipurpose,882.39,Operational,POINT (77.8710982 11.8745940),REAL_NAME/ANCHOR + SYNTHETIC_PROTOTYPE_PARAMETERS
IND_DAM_0646,Bhavanisagar - Prototype Record 646,Tamil Nadu,Other,Bhavani,Tamil Nadu,11.4427796,76.9976741,EPSG:4326,1956,III,Earthfill/Concrete,59.57,1620.67,13258271.63,68825002.17,29252069.67,57479352.45,Flood Control,941.43,Operational,POINT (76.9976741 11.4427796),REAL_NAME/ANCHOR + SYNTHETIC_PROTOTYPE_PARAMETERS
IND_DAM_0647,Sathanur - Prototype Record 647,Tamil Nadu,East Coast,Thenpennai,Tamil Nadu,12.1750441,78.9268828,EPSG:4326,1902,III,Concrete,34.88,330.59,1760999.14,556763231.34,197620723.88,415653264.11,Irrigation;Hydropower,5708.41,Under Construction,POINT (78.9268828 12.1750441),REAL_NAME/ANCHOR + SYNTHETIC_PROTOTYPE_PARAMETERS
IND_DAM_0648,Srisailam Left Bank - Prototype Record 648,Telangana,Krishna,Krishna,Telangana,16.1344871,78.9042693,EPSG:4326,1929,II,Concrete,46.7,967.06,7320178.69,285474038.99,23076319.68,231169079.6,Multipurpose,880.37,Under Construction,POINT (78.9042693 16.1344871),REAL_NAME/ANCHOR + SYNTHETIC_PROTOTYPE_PARAMETERS
IND_DAM_0649,Singur - Prototype Record 649,Telangana,Godavari,Manjira,Telangana,17.777847,78.0070724,EPSG:4326,2006,IV,Earthfill,5.0,2815.82,1277557.42,82067741.46,12076529.66,58307545.17,Flood Control,1523.83,Under Construction,POINT (78.0070724 17.7778470),REAL_NAME/ANCHOR + SYNTHETIC_PROTOTYPE_PARAMETERS
IND_DAM_0650,Dumbur - Prototype Record 650,Tripura,Ganga,Gomati,Tripura,23.5268389,91.7173469,EPSG:4326,1989,III,Earthfill,28.63,315.73,1626577.93,13168005.86,2031751.39,11093873.91,Irrigation,895.16,Operational,POINT (91.7173469 23.5268389),REAL_NAME/ANCHOR + SYNTHETIC_PROTOTYPE_PARAMETERS
IND_DAM_0651,Rihand - Prototype Record 651,Uttar Pradesh,Ganga,Rihand,Uttar Pradesh,24.2394547,82.9904216,EPSG:4326,1951,V,Concrete/Earthfill,66.09,1655.24,18052509.3,238786758.28,28309042.49,179240606.89,Hydropower,2886.01,Operational,POINT (82.9904216 24.2394547),REAL_NAME/ANCHOR + SYNTHETIC_PROTOTYPE_PARAMETERS
IND_DAM_0652,Tehri - Prototype Record 652,Uttarakhand,Ganga,Bhagirathi,Uttarakhand,30.4792261,78.419423,EPSG:4326,2011,III,Earthfill/Rockfill,119.96,991.01,17648997.66,48236726.87,8439691.4,33877239.17,Multipurpose,1929.76,Operational,POINT (78.4194230 30.4792261),REAL_NAME/ANCHOR + SYNTHETIC_PROTOTYPE_PARAMETERS
IND_DAM_0653,Ramganga - Prototype Record 653,Uttarakhand,Ganga,Ramganga,Uttarakhand,29.5776067,78.7455834,EPSG:4326,2023,V,Concrete,64.15,616.45,1992032.68,14750737.97,1753935.3,11088830.41,Hydropower,367.1,Operational,POINT (78.7455834 29.5776067),REAL_NAME/ANCHOR + SYNTHETIC_PROTOTYPE_PARAMETERS
IND_DAM_0654,Farakka - Prototype Record 654,West Bengal,Ganga,Ganga,West Bengal,24.81496,88.0686284,EPSG:4326,1999,II,Barrages,5.0,1247.82,794868.19,587783278.44,46575144.67,486731078.61,Drinking Water,6870.08,Operational,POINT (88.0686284 24.8149600),REAL_NAME/ANCHOR + SYNTHETIC_PROTOTYPE_PARAMETERS
IND_DAM_0655,Kangsabati - Prototype Record 655,West Bengal,Ganga,Kangsabati,West Bengal,22.9540953,87.3068945,EPSG:4326,1933,II,Earthfill,19.38,472.43,1527455.54,418009234.03,39855393.27,350134632.54,Drinking Water,1685.95,Under Construction,POINT (87.3068945 22.9540953),REAL_NAME/ANCHOR + SYNTHETIC_PROTOTYPE_PARAMETERS
IND_DAM_0656,Salal - Prototype Record 656,Jammu and Kashmir,Indus,Chenab,Jammu and Kashmir,33.3395869,74.7931797,EPSG:4326,1963,II,Concrete,53.48,1217.18,11658822.21,239236850.16,68410579.08,210205321.81,Irrigation,1727.84,Under Construction,POINT (74.7931797 33.3395869),REAL_NAME/ANCHOR + SYNTHETIC_PROTOTYPE_PARAMETERS
IND_DAM_0657,Baglihar - Prototype Record 657,Jammu and Kashmir,Indus,Chenab,Jammu and Kashmir,33.2845544,75.3043735,EPSG:4326,1951,II,Concrete,44.82,1587.12,9832273.94,227019331.17,16187943.72,170694113.59,Irrigation,2852.21,Operational,POINT (75.3043735 33.2845544),REAL_NAME/ANCHOR + SYNTHETIC_PROTOTYPE_PARAMETERS
IND_DAM_0658,Nimoo Bazgo - Prototype Record 658,Ladakh,Indus,Indus,Ladakh,34.2974571,77.5112352,EPSG:4326,2011,IV,Concrete,37.87,781.98,1886884.37,140037781.13,9668299.17,105679223.38,Irrigation;Hydropower,1617.62,Operational,POINT (77.5112352 34.2974571),REAL_NAME/ANCHOR + SYNTHETIC_PROTOTYPE_PARAMETERS
IND_DAM_0659,Polavaram - Prototype Record 659,Andhra Pradesh,Godavari,Godavari,Andhra Pradesh,17.2012088,81.7881015,EPSG:4326,1996,III,Concrete/Gravity,52.7,304.92,908870.3,220093626.37,17346116.62,165420818.94,Multipurpose,1944.29,Operational,POINT (81.7881015 17.2012088),REAL_NAME/ANCHOR + SYNTHETIC_PROTOTYPE_PARAMETERS
IND_DAM_0660,Srisailam - Prototype Record 660,Andhra Pradesh,Krishna,Krishna,Andhra Pradesh,16.0251918,78.8312022,EPSG:4326,2020,II,Masonry/Concrete,52.76,631.54,2946982.88,113302014.24,22640010.8,82253454.72,Irrigation,3191.92,Operational,POINT (78.8312022 16.0251918),REAL_NAME/ANCHOR + SYNTHETIC_PROTOTYPE_PARAMETERS
IND_DAM_0661,Nagarjuna Sagar - Prototype Record 661,Andhra Pradesh,Krishna,Krishna,Andhra Pradesh,16.668626,79.3842139,EPSG:4326,1904,IV,Masonry,57.85,455.67,3820755.47,234092525.42,22905394.41,200618198.11,Multipurpose,2750.44,Under Construction,POINT (79.3842139 16.6686260),REAL_NAME/ANCHOR + SYNTHETIC_PROTOTYPE_PARAMETERS
IND_DAM_0662,Ranganadi - Prototype Record 662,Arunachal Pradesh,Brahmaputra,Ranganadi,Arunachal Pradesh,27.4717192,94.3903108,EPSG:4326,1933,II,Concrete,33.37,1288.35,5856545.69,125800943.45,24143892.11,118002450.24,Flood Control,1240.02,Operational,POINT (94.3903108 27.4717192),REAL_NAME/ANCHOR + SYNTHETIC_PROTOTYPE_PARAMETERS
IND_DAM_0663,Karbi Langpi - Prototype Record 663,Assam,Brahmaputra,Borpani,Assam,25.7285518,92.580434,EPSG:4326,1994,V,Concrete,47.12,991.1,7412901.98,281304660.04,49830853.46,255026641.79,Multipurpose,4022.84,Operational,POINT (92.5804340 25.7285518),REAL_NAME/ANCHOR + SYNTHETIC_PROTOTYPE_PARAMETERS
IND_DAM_0664,Kohira - Prototype Record 664,Bihar,Ganga,Kohira,Bihar,24.85956,83.4175394,EPSG:4326,1990,III,Earthfill,28.03,903.94,1455231.46,40746202.82,14315328.56,28166290.53,Irrigation;Hydropower,506.76,Under Construction,POINT (83.4175394 24.8595600),REAL_NAME/ANCHOR + SYNTHETIC_PROTOTYPE_PARAMETERS
IND_DAM_0665,Gangrel - Prototype Record 665,Chhattisgarh,Mahanadi,Mahanadi,Chhattisgarh,19.9472417,81.2085003,EPSG:4326,1957,V,Masonry,48.19,817.12,4324463.56,126091071.49,13174931.47,95115985.52,Irrigation,1322.2,Operational,POINT (81.2085003 19.9472417),REAL_NAME/ANCHOR + SYNTHETIC_PROTOTYPE_PARAMETERS
IND_DAM_0666,Salaulim - Prototype Record 666,Goa,West Coast,Salaulim,Goa,15.174666,74.069772,EPSG:4326,2015,II,Earthfill,31.43,1752.77,2304518.23,78347733.14,5394200.89,71402639.17,Hydropower,1682.92,Under Construction,POINT (74.0697720 15.1746660),REAL_NAME/ANCHOR + SYNTHETIC_PROTOTYPE_PARAMETERS
IND_DAM_0667,Sardar Sarovar - Prototype Record 667,Gujarat,Narmada,Narmada,Gujarat,21.8697074,73.8513068,EPSG:4326,2009,II,Concrete/Gravity,44.77,257.09,1259513.93,77716815.18,6553029.19,60144807.37,Multipurpose,731.57,Under Construction,POINT (73.8513068 21.8697074),REAL_NAME/ANCHOR + SYNTHETIC_PROTOTYPE_PARAMETERS
IND_DAM_0668,Ukai - Prototype Record 668,Gujarat,Tapi,Tapi,Gujarat,21.2698855,73.5680904,EPSG:4326,1966,II,Earthfill/Concrete,38.96,1007.59,3559357.2,346740751.54,29136134.03,251990405.4,Drinking Water,2944.73,Under Construction,POINT (73.5680904 21.2698855),REAL_NAME/ANCHOR + SYNTHETIC_PROTOTYPE_PARAMETERS
IND_DAM_0669,Kaushalya - Prototype Record 669,Haryana,Indus,Kaushalya,Haryana,30.8502603,76.9007836,EPSG:4326,1950,II,Earthfill,31.11,131.47,286237.41,170530741.15,17947695.16,137457649.52,Flood Control,1542.31,Under Construction,POINT (76.9007836 30.8502603),REAL_NAME/ANCHOR + SYNTHETIC_PROTOTYPE_PARAMETERS
IND_DAM_0670,Bhakra - Prototype Record 670,Himachal Pradesh,Indus,Sutlej,Himachal Pradesh,31.3047939,76.4468477,EPSG:4326,1916,II,Concrete/Gravity,50.6,1399.11,3403247.88,81054818.86,8878866.98,67523551.68,Multipurpose,1606.58,Operational,POINT (76.4468477 31.3047939),REAL_NAME/ANCHOR + SYNTHETIC_PROTOTYPE_PARAMETERS
IND_DAM_0671,Pong - Prototype Record 671,Himachal Pradesh,Indus,Beas,Himachal Pradesh,31.9577748,76.7979539,EPSG:4326,1933,III,Earthfill,43.44,690.19,1792522.47,644724375.82,55279369.67,465729657.33,Irrigation;Hydropower,5381.49,Operational,POINT (76.7979539 31.9577748),REAL_NAME/ANCHOR + SYNTHETIC_PROTOTYPE_PARAMETERS
IND_DAM_0672,Maithon - Prototype Record 672,Jharkhand,Damodar,Barakar,Jharkhand,23.9080882,86.773316,EPSG:4326,1909,IV,Concrete/Earthfill,60.23,1882.0,7168861.02,526457105.8,170321589.29,491033790.45,Multipurpose,3082.43,Operational,POINT (86.7733160 23.9080882),REAL_NAME/ANCHOR + SYNTHETIC_PROTOTYPE_PARAMETERS
IND_DAM_0673,Panchet - Prototype Record 673,Jharkhand,Ganga,Damodar,Jharkhand,23.6837892,86.6881316,EPSG:4326,1955,II,Earthfill/Concrete,25.34,978.8,3838487.98,219518807.71,30696445.86,162979243.25,Irrigation;Hydropower,2349.81,Operational,POINT (86.6881316 23.6837892),REAL_NAME/ANCHOR + SYNTHETIC_PROTOTYPE_PARAMETERS
IND_DAM_0674,Almatti - Prototype Record 674,Karnataka,Krishna,Krishna,Karnataka,16.4879869,75.8567222,EPSG:4326,1984,V,Concrete,45.18,1059.59,5945283.82,103012964.03,38347135.12,93349927.05,Hydropower,830.91,Operational,POINT (75.8567222 16.4879869),REAL_NAME/ANCHOR + SYNTHETIC_PROTOTYPE_PARAMETERS
IND_DAM_0675,Krishna Raja Sagara - Prototype Record 675,Karnataka,Cauvery,Cauvery,Karnataka,12.4911964,76.5458715,EPSG:4326,1992,II,Masonry,32.32,293.29,775507.59,48680793.09,4531809.95,35239678.35,Flood Control,1930.82,Operational,POINT (76.5458715 12.4911964),REAL_NAME/ANCHOR + SYNTHETIC_PROTOTYPE_PARAMETERS
IND_DAM_0676,Tungabhadra - Prototype Record 676,Karnataka,Krishna,Tungabhadra,Karnataka,15.2220762,76.3559166,EPSG:4326,1990,II,Masonry,43.63,847.76,6283154.26,123383666.99,16621387.47,93893857.55,Irrigation;Hydropower,1905.34,Operational,POINT (76.3559166 15.2220762),REAL_NAME/ANCHOR + SYNTHETIC_PROTOTYPE_PARAMETERS
IND_DAM_0677,Idukki - Prototype Record 677,Kerala,West Coast,Periyar,Kerala,9.7167277,76.9542631,EPSG:4326,1922,IV,Concrete/Arch,157.5,1597.0,44612793.04,845920164.13,60185502.13,675063893.97,Hydropower,2262.47,Operational,POINT (76.9542631 9.7167277),REAL_NAME/ANCHOR + SYNTHETIC_PROTOTYPE_PARAMETERS
IND_DAM_0678,Mullaperiyar - Prototype Record 678,Kerala,West Coast,Periyar,Kerala,9.4886999,77.2439705,EPSG:4326,1930,III,Masonry,59.39,1008.12,6142620.3,133514626.75,40322426.6,114813693.54,Drinking Water,1924.59,Operational,POINT (77.2439705 9.4886999),REAL_NAME/ANCHOR + SYNTHETIC_PROTOTYPE_PARAMETERS
IND_DAM_0679,Indira Sagar - Prototype Record 679,Madhya Pradesh,Narmada,Narmada,Madhya Pradesh,22.2132107,76.3100508,EPSG:4326,1954,IV,Concrete/Earthfill,51.75,863.66,7718110.69,349562847.15,26923407.4,294899189.98,Drinking Water,2182.17,Operational,POINT (76.3100508 22.2132107),REAL_NAME/ANCHOR + SYNTHETIC_PROTOTYPE_PARAMETERS
IND_DAM_0680,Bargi - Prototype Record 680,Madhya Pradesh,Narmada,Narmada,Madhya Pradesh,23.054715,80.0654621,EPSG:4326,1952,IV,Concrete,58.56,1777.23,8149649.32,175233527.11,13166533.8,138443165.4,Multipurpose,1510.65,Operational,POINT (80.0654621 23.0547150),REAL_NAME/ANCHOR + SYNTHETIC_PROTOTYPE_PARAMETERS
IND_DAM_0681,Koyna - Prototype Record 681,Maharashtra,Other,Koyna,Maharashtra,17.2706964,73.6790924,EPSG:4326,2015,V,Concrete/Gravity,57.88,1224.26,9502061.26,191853313.88,12790900.37,154803583.21,Irrigation;Hydropower,1047.21,Operational,POINT (73.6790924 17.2706964),REAL_NAME/ANCHOR + SYNTHETIC_PROTOTYPE_PARAMETERS
IND_DAM_0682,Jayakwadi - Prototype Record 682,Maharashtra,Godavari,Godavari,Maharashtra,19.4845861,75.4314151,EPSG:4326,2003,IV,Earthfill,11.18,919.06,1300208.72,372287628.97,43244112.09,306290550.76,Multipurpose,5014.33,Operational,POINT (75.4314151 19.4845861),REAL_NAME/ANCHOR + SYNTHETIC_PROTOTYPE_PARAMETERS
IND_DAM_0683,Khuga - Prototype Record 683,Manipur,Barak,Khuga,Manipur,24.6572688,93.7424319,EPSG:4326,1919,V,Earthfill,7.99,546.36,738235.22,150051358.38,11398789.59,131819373.74,Irrigation;Hydropower,1569.94,Operational,POINT (93.7424319 24.6572688),REAL_NAME/ANCHOR + SYNTHETIC_PROTOTYPE_PARAMETERS
IND_DAM_0684,Umiam - Prototype Record 684,Meghalaya,Brahmaputra,Umiam,Meghalaya,25.7201812,92.0534354,EPSG:4326,1981,II,Concrete,49.27,3212.85,27206079.16,39994611.92,8241780.65,26095536.56,Irrigation;Hydropower,1793.7,Operational,POINT (92.0534354 25.7201812),REAL_NAME/ANCHOR + SYNTHETIC_PROTOTYPE_PARAMETERS
IND_DAM_0685,Tuirial - Prototype Record 685,Mizoram,Barak,Tuirial,Mizoram,23.7300949,92.7141148,EPSG:4326,2009,V,Earthfill,34.22,746.31,3461752.12,54299889.06,6072393.29,43105786.79,Drinking Water,1165.91,Operational,POINT (92.7141148 23.7300949),REAL_NAME/ANCHOR + SYNTHETIC_PROTOTYPE_PARAMETERS
IND_DAM_0686,Doyang - Prototype Record 686,Nagaland,Brahmaputra,Doyang,Nagaland,26.1546171,94.3247528,EPSG:4326,2009,II,Earthfill,34.29,323.72,1381771.45,18925193.93,8434983.7,12966705.09,Irrigation;Hydropower,644.53,Operational,POINT (94.3247528 26.1546171),REAL_NAME/ANCHOR + SYNTHETIC_PROTOTYPE_PARAMETERS
IND_DAM_0687,Hirakud - Prototype Record 687,Odisha,Mahanadi,Mahanadi,Odisha,21.6422809,83.7092624,EPSG:4326,1987,V,Masonry/Earthfill,20.21,1101.49,1567191.81,584628769.71,210577030.46,442946109.64,Hydropower,1601.33,Operational,POINT (83.7092624 21.6422809),REAL_NAME/ANCHOR + SYNTHETIC_PROTOTYPE_PARAMETERS
IND_DAM_0688,Ranjit Sagar - Prototype Record 688,Punjab,Indus,Ravi,Punjab,32.6285598,75.5632962,EPSG:4326,1968,V,Concrete/Gravity,47.58,383.28,2609302.34,58575871.98,4027085.91,38132672.81,Flood Control,716.51,Operational,POINT (75.5632962 32.6285598),REAL_NAME/ANCHOR + SYNTHETIC_PROTOTYPE_PARAMETERS
IND_DAM_0689,Bisalpur - Prototype Record 689,Rajasthan,Ganga,Banas,Rajasthan,25.7079799,75.3512837,EPSG:4326,1934,V,Masonry,29.54,1053.58,5194663.06,494903573.23,47457506.72,450091521.12,Irrigation,3329.57,Operational,POINT (75.3512837 25.7079799),REAL_NAME/ANCHOR + SYNTHETIC_PROTOTYPE_PARAMETERS
IND_DAM_0690,Rana Pratap Sagar - Prototype Record 690,Rajasthan,Ganga,Chambal,Rajasthan,24.0265557,75.6175185,EPSG:4326,1947,IV,Concrete,53.43,1599.61,12368172.05,762466275.59,102203331.21,691828056.02,Hydropower,1780.87,Operational,POINT (75.6175185 24.0265557),REAL_NAME/ANCHOR + SYNTHETIC_PROTOTYPE_PARAMETERS
IND_DAM_0691,Teesta V - Prototype Record 691,Sikkim,Ganga,Teesta,Sikkim,27.0755867,88.7702401,EPSG:4326,1974,II,Concrete,36.15,1546.78,2959207.79,592432380.12,94005609.49,541976657.04,Multipurpose,4521.65,Operational,POINT (88.7702401 27.0755867),REAL_NAME/ANCHOR + SYNTHETIC_PROTOTYPE_PARAMETERS
IND_DAM_0692,Mettur - Prototype Record 692,Tamil Nadu,Cauvery,Cauvery,Tamil Nadu,11.8353075,77.8148874,EPSG:4326,1977,III,Masonry/Concrete,63.25,771.32,4212277.23,32158454.35,13267606.32,24326336.52,Hydropower,1427.98,Under Construction,POINT (77.8148874 11.8353075),REAL_NAME/ANCHOR + SYNTHETIC_PROTOTYPE_PARAMETERS
IND_DAM_0693,Bhavanisagar - Prototype Record 693,Tamil Nadu,Other,Bhavani,Tamil Nadu,11.5711199,77.0407887,EPSG:4326,1904,III,Earthfill/Concrete,69.9,927.0,3003841.23,303121767.91,24710047.76,245420934.63,Flood Control,1955.13,Under Construction,POINT (77.0407887 11.5711199),REAL_NAME/ANCHOR + SYNTHETIC_PROTOTYPE_PARAMETERS
IND_DAM_0694,Sathanur - Prototype Record 694,Tamil Nadu,East Coast,Thenpennai,Tamil Nadu,12.0819945,78.9916193,EPSG:4326,1936,III,Concrete,52.71,2195.61,11178610.0,126453833.26,10469020.86,102525499.0,Irrigation,2551.23,Under Construction,POINT (78.9916193 12.0819945),REAL_NAME/ANCHOR + SYNTHETIC_PROTOTYPE_PARAMETERS
IND_DAM_0695,Srisailam Left Bank - Prototype Record 695,Telangana,Krishna,Krishna,Telangana,16.0752729,78.8665931,EPSG:4326,1935,IV,Concrete,67.99,588.53,2539082.35,80543360.21,9893554.28,64538333.07,Drinking Water,1404.55,Under Construction,POINT (78.8665931 16.0752729),REAL_NAME/ANCHOR + SYNTHETIC_PROTOTYPE_PARAMETERS
IND_DAM_0696,Singur - Prototype Record 696,Telangana,Godavari,Manjira,Telangana,17.7080371,77.8930478,EPSG:4326,1924,III,Earthfill,51.0,403.81,1154866.81,90887504.29,6114831.72,61151461.77,Irrigation,1880.16,Under Construction,POINT (77.8930478 17.7080371),REAL_NAME/ANCHOR + SYNTHETIC_PROTOTYPE_PARAMETERS
IND_DAM_0697,Dumbur - Prototype Record 697,Tripura,Ganga,Gomati,Tripura,23.4164332,91.662743,EPSG:4326,1970,III,Earthfill,27.73,1309.61,6041260.76,375362395.65,78701792.27,314597839.71,Irrigation;Hydropower,4578.12,Operational,POINT (91.6627430 23.4164332),REAL_NAME/ANCHOR + SYNTHETIC_PROTOTYPE_PARAMETERS
IND_DAM_0698,Rihand - Prototype Record 698,Uttar Pradesh,Ganga,Rihand,Uttar Pradesh,24.136083,82.9041119,EPSG:4326,1976,III,Concrete/Earthfill,77.17,479.52,5990480.45,89641910.8,19206651.3,71419428.95,Irrigation;Hydropower,2271.75,Operational,POINT (82.9041119 24.1360830),REAL_NAME/ANCHOR + SYNTHETIC_PROTOTYPE_PARAMETERS
IND_DAM_0699,Tehri - Prototype Record 699,Uttarakhand,Ganga,Bhagirathi,Uttarakhand,30.2361508,78.4994721,EPSG:4326,1978,III,Earthfill/Rockfill,113.36,871.35,4527060.62,884096671.42,62064886.48,750440277.38,Multipurpose,5116.27,Operational,POINT (78.4994721 30.2361508),REAL_NAME/ANCHOR + SYNTHETIC_PROTOTYPE_PARAMETERS
IND_DAM_0700,Ramganga - Prototype Record 700,Uttarakhand,Ganga,Ramganga,Uttarakhand,29.7865829,78.7387291,EPSG:4326,2019,IV,Concrete,57.8,953.44,5604786.41,290256329.21,30727944.82,244782677.15,Multipurpose,2772.72,Operational,POINT (78.7387291 29.7865829),REAL_NAME/ANCHOR + SYNTHETIC_PROTOTYPE_PARAMETERS
