weather_observation_id,station_name,state,latitude,longitude,crs,measurement_timestamp,rainfall_mm,rainfall_intensity_mm_hr,temperature_c,relative_humidity_pct,wind_speed_mps,surface_pressure_hpa,river_level_m,river_discharge_m3s,forecast_river_level_m,flood_alert_level,data_source,data_status
IN-WX-0001,Delhi,Delhi,28.617585,77.214179,EPSG:4326,2025-06-01 00:00:00,27.83,1.84,30.4,56.8,11.75,1019.4,6.05,312.96,5.83,Normal,Synthetic rain-gauge/weather series,SYNTHETIC_PROTOTYPE
IN-WX-0002,Mumbai,Maharashtra,19.07764,72.883407,EPSG:4326,2025-06-01 00:00:00,3.59,0.18,17.5,46.7,1.56,1018.3,8.72,935.62,8.83,Warning,Synthetic rain-gauge/weather series,SYNTHETIC_PROTOTYPE
IN-WX-0003,Pune,Maharashtra,18.515927,73.859563,EPSG:4326,2025-06-01 00:00:00,13.95,2.1,18.0,64.2,1.6,1000.8,8.94,950.96,9.23,Warning,Synthetic rain-gauge/weather series,SYNTHETIC_PROTOTYPE
IN-WX-0004,Nagpur,Maharashtra,21.145019,79.083546,EPSG:4326,2025-06-01 00:00:00,21.44,3.99,27.2,50.9,0.57,997.5,8.52,431.25,8.62,Warning,Synthetic rain-gauge/weather series,SYNTHETIC_PROTOTYPE
IN-WX-0005,Ahmedabad,Gujarat,23.021394,72.576703,EPSG:4326,2025-06-01 00:00:00,33.88,3.15,26.7,88.0,2.45,1000.1,3.59,396.91,3.61,Normal,Synthetic rain-gauge/weather series,SYNTHETIC_PROTOTYPE
IN-WX-0006,Surat,Gujarat,21.169548,72.824124,EPSG:4326,2025-06-01 00:00:00,19.91,5.01,22.7,88.8,5.57,998.5,1.48,147.98,1.34,Normal,Synthetic rain-gauge/weather series,SYNTHETIC_PROTOTYPE
IN-WX-0007,Jaipur,Rajasthan,26.915354,75.785538,EPSG:4326,2025-06-01 00:00:00,6.47,0.32,20.8,77.3,4.1,993.0,5.75,173.15,5.97,Normal,Synthetic rain-gauge/weather series,SYNTHETIC_PROTOTYPE
IN-WX-0008,Lucknow,Uttar Pradesh,26.84628,80.949775,EPSG:4326,2025-06-01 00:00:00,12.07,0.63,24.2,62.4,3.51,1008.0,4.32,108.97,4.34,Normal,Synthetic rain-gauge/weather series,SYNTHETIC_PROTOTYPE
IN-WX-0009,Varanasi,Uttar Pradesh,25.326898,82.983854,EPSG:4326,2025-06-01 00:00:00,5.63,0.25,20.9,59.2,5.48,1004.7,2.42,195.54,2.33,Normal,Synthetic rain-gauge/weather series,SYNTHETIC_PROTOTYPE
IN-WX-0010,Patna,Bihar,25.587057,85.141665,EPSG:4326,2025-06-01 00:00:00,5.67,1.18,33.6,90.1,1.22,1004.2,1.57,46.03,1.56,Normal,Synthetic rain-gauge/weather series,SYNTHETIC_PROTOTYPE
IN-WX-0011,Kolkata,West Bengal,22.573376,88.356598,EPSG:4326,2025-06-01 00:00:00,30.09,1.77,33.0,60.2,10.34,1005.6,10.34,1184.61,10.57,Danger,Synthetic rain-gauge/weather series,SYNTHETIC_PROTOTYPE
IN-WX-0012,Guwahati,Assam,26.136555,91.731718,EPSG:4326,2025-06-01 00:00:00,7.81,0.54,19.0,56.0,2.56,1017.5,10.12,968.98,10.17,Danger,Synthetic rain-gauge/weather series,SYNTHETIC_PROTOTYPE
IN-WX-0013,Bhubaneswar,Odisha,20.287675,85.831464,EPSG:4326,2025-06-01 00:00:00,5.88,0.27,35.3,86.1,3.7,1009.9,8.47,1008.23,8.27,Warning,Synthetic rain-gauge/weather series,SYNTHETIC_PROTOTYPE
IN-WX-0014,Ranchi,Jharkhand,23.351968,85.318787,EPSG:4326,2025-06-01 00:00:00,1.29,0.18,18.3,81.0,5.05,995.3,9.3,721.96,9.02,Danger,Synthetic rain-gauge/weather series,SYNTHETIC_PROTOTYPE
IN-WX-0015,Bhopal,Madhya Pradesh,23.259554,77.405628,EPSG:4326,2025-06-01 00:00:00,43.07,1.94,20.0,83.1,2.21,992.2,7.46,474.15,7.29,Warning,Synthetic rain-gauge/weather series,SYNTHETIC_PROTOTYPE
IN-WX-0016,Indore,Madhya Pradesh,22.724647,75.857438,EPSG:4326,2025-06-01 00:00:00,5.01,0.27,13.1,76.3,2.78,998.0,7.11,285.15,7.4,Warning,Synthetic rain-gauge/weather series,SYNTHETIC_PROTOTYPE
IN-WX-0017,Raipur,Chhattisgarh,21.253889,81.630209,EPSG:4326,2025-06-01 00:00:00,25.34,2.31,15.9,50.1,10.87,997.5,5.31,225.09,5.51,Normal,Synthetic rain-gauge/weather series,SYNTHETIC_PROTOTYPE
IN-WX-0018,Hyderabad,Telangana,17.394546,78.478968,EPSG:4326,2025-06-01 00:00:00,25.16,3.49,26.1,74.5,11.0,1003.7,4.38,389.17,4.35,Normal,Synthetic rain-gauge/weather series,SYNTHETIC_PROTOTYPE
IN-WX-0019,Bengaluru,Karnataka,12.962529,77.592572,EPSG:4326,2025-06-01 00:00:00,20.64,2.46,20.3,86.2,11.9,1009.8,1.82,156.53,1.71,Normal,Synthetic rain-gauge/weather series,SYNTHETIC_PROTOTYPE
IN-WX-0020,Mysuru,Karnataka,12.292363,76.634578,EPSG:4326,2025-06-01 00:00:00,3.95,0.18,26.5,58.9,10.03,1007.0,7.32,695.49,7.61,Warning,Synthetic rain-gauge/weather series,SYNTHETIC_PROTOTYPE
IN-WX-0021,Chennai,Tamil Nadu,13.085311,80.263143,EPSG:4326,2025-06-01 00:00:00,11.94,0.52,17.3,70.4,6.72,1010.6,9.2,765.23,9.1,Danger,Synthetic rain-gauge/weather series,SYNTHETIC_PROTOTYPE
IN-WX-0022,Coimbatore,Tamil Nadu,11.008183,76.959474,EPSG:4326,2025-06-01 00:00:00,29.52,4.53,31.0,80.4,7.96,995.7,7.05,625.78,7.14,Warning,Synthetic rain-gauge/weather series,SYNTHETIC_PROTOTYPE
IN-WX-0023,Kochi,Kerala,9.924018,76.260025,EPSG:4326,2025-06-01 00:00:00,28.71,3.12,26.5,79.4,4.72,1012.4,4.9,322.95,4.87,Normal,Synthetic rain-gauge/weather series,SYNTHETIC_PROTOTYPE
IN-WX-0024,Thiruvananthapuram,Kerala,8.517715,76.940501,EPSG:4326,2025-06-01 00:00:00,15.22,1.56,13.9,76.5,5.93,1011.0,8.98,594.38,9.09,Warning,Synthetic rain-gauge/weather series,SYNTHETIC_PROTOTYPE
IN-WX-0025,Vijayawada,Andhra Pradesh,16.502013,80.648577,EPSG:4326,2025-06-01 00:00:00,20.56,4.49,16.9,47.9,3.97,1019.5,5.56,189.22,5.81,Normal,Synthetic rain-gauge/weather series,SYNTHETIC_PROTOTYPE
IN-WX-0026,Visakhapatnam,Andhra Pradesh,17.693301,83.224331,EPSG:4326,2025-06-01 00:00:00,18.49,0.95,35.6,84.6,6.63,1010.2,5.4,273.38,5.67,Normal,Synthetic rain-gauge/weather series,SYNTHETIC_PROTOTYPE
IN-WX-0027,Srinagar,Jammu and Kashmir,34.082375,74.788826,EPSG:4326,2025-06-01 00:00:00,22.16,5.64,14.1,87.5,12.12,996.9,1.97,79.93,1.74,Normal,Synthetic rain-gauge/weather series,SYNTHETIC_PROTOTYPE
IN-WX-0028,Shimla,Himachal Pradesh,31.096836,77.165124,EPSG:4326,2025-06-01 00:00:00,14.96,0.83,18.9,49.4,2.89,1011.5,5.63,290.64,5.44,Normal,Synthetic rain-gauge/weather series,SYNTHETIC_PROTOTYPE
IN-WX-0029,Dehradun,Uttarakhand,30.310329,78.030106,EPSG:4326,2025-06-01 00:00:00,9.73,0.42,28.6,70.8,2.85,1015.8,4.33,225.62,4.55,Normal,Synthetic rain-gauge/weather series,SYNTHETIC_PROTOTYPE
IN-WX-0030,Gaya,Bihar,24.789355,84.993436,EPSG:4326,2025-06-01 00:00:00,2.17,0.18,24.2,50.3,4.11,990.5,4.06,371.05,4.07,Normal,Synthetic rain-gauge/weather series,SYNTHETIC_PROTOTYPE
IN-WX-0031,Agra,Uttar Pradesh,27.170391,78.015474,EPSG:4326,2025-06-01 00:00:00,21.79,0.92,28.2,59.7,8.82,1004.0,9.81,767.72,9.6,Danger,Synthetic rain-gauge/weather series,SYNTHETIC_PROTOTYPE
IN-WX-0032,Gandhinagar,Gujarat,23.21186,72.639033,EPSG:4326,2025-06-01 00:00:00,23.3,1.22,33.1,76.1,6.91,1019.1,8.29,581.91,8.52,Warning,Synthetic rain-gauge/weather series,SYNTHETIC_PROTOTYPE
IN-WX-0033,Delhi,Delhi,28.622824,77.214158,EPSG:4326,2025-06-02 00:00:00,6.58,0.57,14.6,60.2,7.05,990.2,4.47,172.82,4.3,Normal,Synthetic rain-gauge/weather series,SYNTHETIC_PROTOTYPE
IN-WX-0034,Mumbai,Maharashtra,19.085479,72.881193,EPSG:4326,2025-06-02 00:00:00,12.04,0.75,19.4,46.2,1.44,990.1,4.24,100.68,4.41,Normal,Synthetic rain-gauge/weather series,SYNTHETIC_PROTOTYPE
IN-WX-0035,Pune,Maharashtra,18.513297,73.861584,EPSG:4326,2025-06-02 00:00:00,6.84,0.41,31.3,81.1,9.92,991.5,4.65,99.87,4.82,Normal,Synthetic rain-gauge/weather series,SYNTHETIC_PROTOTYPE
IN-WX-0036,Nagpur,Maharashtra,21.151166,79.092347,EPSG:4326,2025-06-02 00:00:00,20.63,2.79,33.3,72.1,7.9,991.8,5.09,387.36,5.29,Normal,Synthetic rain-gauge/weather series,SYNTHETIC_PROTOTYPE
IN-WX-0037,Ahmedabad,Gujarat,23.030742,72.569478,EPSG:4326,2025-06-02 00:00:00,12.63,1.97,13.9,52.2,6.61,994.0,8.95,433.51,9.02,Warning,Synthetic rain-gauge/weather series,SYNTHETIC_PROTOTYPE
IN-WX-0038,Surat,Gujarat,21.174489,72.828772,EPSG:4326,2025-06-02 00:00:00,6.85,0.92,12.1,85.2,6.25,1005.8,6.79,368.16,6.92,Warning,Synthetic rain-gauge/weather series,SYNTHETIC_PROTOTYPE
IN-WX-0039,Jaipur,Rajasthan,26.905802,75.77989,EPSG:4326,2025-06-02 00:00:00,15.38,0.69,12.7,90.2,13.88,1010.1,4.77,296.64,4.48,Normal,Synthetic rain-gauge/weather series,SYNTHETIC_PROTOTYPE
IN-WX-0040,Lucknow,Uttar Pradesh,26.853457,80.942711,EPSG:4326,2025-06-02 00:00:00,8.39,0.38,32.3,91.1,0.57,1005.3,6.47,380.56,6.41,Normal,Synthetic rain-gauge/weather series,SYNTHETIC_PROTOTYPE
IN-WX-0041,Varanasi,Uttar Pradesh,25.32746,82.982361,EPSG:4326,2025-06-02 00:00:00,6.28,0.33,27.8,55.5,10.11,996.1,4.31,267.75,4.35,Normal,Synthetic rain-gauge/weather series,SYNTHETIC_PROTOTYPE
IN-WX-0042,Patna,Bihar,25.58917,85.132496,EPSG:4326,2025-06-02 00:00:00,9.04,0.47,28.0,88.4,1.9,1006.0,3.29,339.41,3.36,Normal,Synthetic rain-gauge/weather series,SYNTHETIC_PROTOTYPE
IN-WX-0043,Kolkata,West Bengal,22.57422,88.362974,EPSG:4326,2025-06-02 00:00:00,5.08,0.38,26.9,58.5,6.04,1017.6,2.18,211.65,1.9,Normal,Synthetic rain-gauge/weather series,SYNTHETIC_PROTOTYPE
IN-WX-0044,Guwahati,Assam,26.14262,91.740915,EPSG:4326,2025-06-02 00:00:00,17.0,0.77,19.1,87.0,4.84,1019.5,8.56,821.08,8.65,Warning,Synthetic rain-gauge/weather series,SYNTHETIC_PROTOTYPE
IN-WX-0045,Bhubaneswar,Odisha,20.28954,85.829292,EPSG:4326,2025-06-02 00:00:00,22.54,1.24,31.6,93.6,10.74,1005.9,9.5,734.87,9.61,Danger,Synthetic rain-gauge/weather series,SYNTHETIC_PROTOTYPE
IN-WX-0046,Ranchi,Jharkhand,23.348829,85.30943,EPSG:4326,2025-06-02 00:00:00,2.21,0.12,31.9,77.3,10.79,1005.8,5.33,664.65,5.35,Normal,Synthetic rain-gauge/weather series,SYNTHETIC_PROTOTYPE
IN-WX-0047,Bhopal,Madhya Pradesh,23.268441,77.420517,EPSG:4326,2025-06-02 00:00:00,9.7,0.88,16.4,45.9,5.03,999.3,3.86,259.0,3.84,Normal,Synthetic rain-gauge/weather series,SYNTHETIC_PROTOTYPE
IN-WX-0048,Indore,Madhya Pradesh,22.723281,75.85298,EPSG:4326,2025-06-02 00:00:00,3.07,0.2,34.6,56.1,7.26,994.6,3.26,165.01,3.31,Normal,Synthetic rain-gauge/weather series,SYNTHETIC_PROTOTYPE
IN-WX-0049,Raipur,Chhattisgarh,21.244518,81.636792,EPSG:4326,2025-06-02 00:00:00,14.8,1.73,27.8,81.4,10.25,993.5,5.09,104.16,4.82,Normal,Synthetic rain-gauge/weather series,SYNTHETIC_PROTOTYPE
IN-WX-0050,Hyderabad,Telangana,17.386481,78.490354,EPSG:4326,2025-06-02 00:00:00,8.39,1.47,17.3,53.2,13.81,1005.1,1.58,110.38,1.31,Normal,Synthetic rain-gauge/weather series,SYNTHETIC_PROTOTYPE
IN-WX-0051,Bengaluru,Karnataka,12.965921,77.588297,EPSG:4326,2025-06-02 00:00:00,4.35,0.36,30.2,79.3,0.52,1001.6,1.4,50.91,1.3,Normal,Synthetic rain-gauge/weather series,SYNTHETIC_PROTOTYPE
IN-WX-0052,Mysuru,Karnataka,12.29176,76.633432,EPSG:4326,2025-06-02 00:00:00,4.22,1.05,13.1,66.5,6.69,1011.6,6.27,175.49,5.98,Normal,Synthetic rain-gauge/weather series,SYNTHETIC_PROTOTYPE
IN-WX-0053,Chennai,Tamil Nadu,13.075143,80.269986,EPSG:4326,2025-06-02 00:00:00,29.83,5.6,30.0,71.8,6.08,991.1,9.61,1209.9,9.51,Danger,Synthetic rain-gauge/weather series,SYNTHETIC_PROTOTYPE
IN-WX-0054,Coimbatore,Tamil Nadu,11.022598,76.963751,EPSG:4326,2025-06-02 00:00:00,6.53,0.32,27.0,72.2,9.15,1001.6,2.05,247.71,2.0,Normal,Synthetic rain-gauge/weather series,SYNTHETIC_PROTOTYPE
IN-WX-0055,Kochi,Kerala,9.931281,76.263333,EPSG:4326,2025-06-02 00:00:00,12.8,0.77,15.1,76.8,0.63,998.9,5.31,608.88,5.57,Normal,Synthetic rain-gauge/weather series,SYNTHETIC_PROTOTYPE
IN-WX-0056,Thiruvananthapuram,Kerala,8.526834,76.937983,EPSG:4326,2025-06-02 00:00:00,14.15,0.87,33.9,94.6,9.12,1019.0,8.51,1019.02,8.6,Warning,Synthetic rain-gauge/weather series,SYNTHETIC_PROTOTYPE
IN-WX-0057,Vijayawada,Andhra Pradesh,16.506931,80.655023,EPSG:4326,2025-06-02 00:00:00,3.95,0.29,19.7,62.2,6.05,1004.2,2.86,361.72,2.58,Normal,Synthetic rain-gauge/weather series,SYNTHETIC_PROTOTYPE
IN-WX-0058,Visakhapatnam,Andhra Pradesh,17.687033,83.217755,EPSG:4326,2025-06-02 00:00:00,4.83,0.49,31.7,83.0,3.27,993.2,1.64,130.9,1.63,Normal,Synthetic rain-gauge/weather series,SYNTHETIC_PROTOTYPE
IN-WX-0059,Srinagar,Jammu and Kashmir,34.080409,74.797527,EPSG:4326,2025-06-02 00:00:00,6.89,0.68,34.5,84.5,7.48,1007.8,5.61,202.5,5.4,Normal,Synthetic rain-gauge/weather series,SYNTHETIC_PROTOTYPE
IN-WX-0060,Shimla,Himachal Pradesh,31.107954,77.171032,EPSG:4326,2025-06-02 00:00:00,2.89,0.22,21.5,57.6,2.95,994.0,3.24,215.09,3.51,Normal,Synthetic rain-gauge/weather series,SYNTHETIC_PROTOTYPE
IN-WX-0061,Dehradun,Uttarakhand,30.312649,78.041215,EPSG:4326,2025-06-02 00:00:00,6.55,1.0,23.3,78.9,1.26,994.0,7.53,793.33,7.46,Warning,Synthetic rain-gauge/weather series,SYNTHETIC_PROTOTYPE
IN-WX-0062,Gaya,Bihar,24.787586,85.003205,EPSG:4326,2025-06-02 00:00:00,15.46,4.05,15.3,86.1,10.74,1016.8,8.75,399.83,8.78,Warning,Synthetic rain-gauge/weather series,SYNTHETIC_PROTOTYPE
IN-WX-0063,Agra,Uttar Pradesh,27.168796,78.013268,EPSG:4326,2025-06-02 00:00:00,5.02,0.26,36.0,86.5,13.92,1015.3,9.61,1232.85,9.49,Danger,Synthetic rain-gauge/weather series,SYNTHETIC_PROTOTYPE
IN-WX-0064,Gandhinagar,Gujarat,23.223203,72.633608,EPSG:4326,2025-06-02 00:00:00,1.86,0.23,13.3,71.1,9.32,1005.8,10.39,472.04,10.55,Danger,Synthetic rain-gauge/weather series,SYNTHETIC_PROTOTYPE
IN-WX-0065,Delhi,Delhi,28.621964,77.204997,EPSG:4326,2025-06-03 00:00:00,4.09,0.2,20.5,96.9,8.93,990.5,2.17,246.33,2.05,Normal,Synthetic rain-gauge/weather series,SYNTHETIC_PROTOTYPE
IN-WX-0066,Mumbai,Maharashtra,19.069209,72.882646,EPSG:4326,2025-06-03 00:00:00,10.5,1.03,24.2,52.8,7.27,1008.1,1.69,52.49,1.49,Normal,Synthetic rain-gauge/weather series,SYNTHETIC_PROTOTYPE
IN-WX-0067,Pune,Maharashtra,18.518111,73.848819,EPSG:4326,2025-06-03 00:00:00,9.35,1.5,29.5,54.8,6.33,1019.1,1.36,174.07,1.13,Normal,Synthetic rain-gauge/weather series,SYNTHETIC_PROTOTYPE
IN-WX-0068,Nagpur,Maharashtra,21.155788,79.082367,EPSG:4326,2025-06-03 00:00:00,8.68,0.91,34.5,61.7,10.97,1009.1,1.45,167.77,1.2,Normal,Synthetic rain-gauge/weather series,SYNTHETIC_PROTOTYPE
IN-WX-0069,Ahmedabad,Gujarat,23.021645,72.569876,EPSG:4326,2025-06-03 00:00:00,0.42,0.09,28.5,94.4,13.3,1015.1,5.4,114.17,5.36,Normal,Synthetic rain-gauge/weather series,SYNTHETIC_PROTOTYPE
IN-WX-0070,Surat,Gujarat,21.173553,72.822173,EPSG:4326,2025-06-03 00:00:00,2.34,0.65,24.6,95.7,12.92,1013.1,2.85,330.95,2.8,Normal,Synthetic rain-gauge/weather series,SYNTHETIC_PROTOTYPE
IN-WX-0071,Jaipur,Rajasthan,26.905597,75.77824,EPSG:4326,2025-06-03 00:00:00,8.78,1.6,19.3,52.6,4.8,993.3,4.28,104.83,4.4,Normal,Synthetic rain-gauge/weather series,SYNTHETIC_PROTOTYPE
IN-WX-0072,Lucknow,Uttar Pradesh,26.844008,80.948275,EPSG:4326,2025-06-03 00:00:00,9.83,1.77,23.1,74.4,4.7,1010.0,8.0,606.98,8.05,Warning,Synthetic rain-gauge/weather series,SYNTHETIC_PROTOTYPE
IN-WX-0073,Varanasi,Uttar Pradesh,25.324795,82.968879,EPSG:4326,2025-06-03 00:00:00,0.86,0.2,23.7,66.7,6.97,1015.1,8.15,175.95,8.03,Warning,Synthetic rain-gauge/weather series,SYNTHETIC_PROTOTYPE
IN-WX-0074,Patna,Bihar,25.599176,85.140939,EPSG:4326,2025-06-03 00:00:00,10.82,1.18,18.7,64.2,7.16,998.0,2.8,198.17,2.72,Normal,Synthetic rain-gauge/weather series,SYNTHETIC_PROTOTYPE
IN-WX-0075,Kolkata,West Bengal,22.563112,88.360057,EPSG:4326,2025-06-03 00:00:00,13.39,1.97,31.9,64.2,9.47,1012.3,8.43,251.65,8.39,Warning,Synthetic rain-gauge/weather series,SYNTHETIC_PROTOTYPE
IN-WX-0076,Guwahati,Assam,26.154453,91.74524,EPSG:4326,2025-06-03 00:00:00,12.0,0.62,13.6,56.0,4.17,996.4,4.92,613.69,4.67,Normal,Synthetic rain-gauge/weather series,SYNTHETIC_PROTOTYPE
IN-WX-0077,Bhubaneswar,Odisha,20.296801,85.828392,EPSG:4326,2025-06-03 00:00:00,13.47,3.53,24.9,54.4,3.15,1005.4,6.59,414.84,6.48,Warning,Synthetic rain-gauge/weather series,SYNTHETIC_PROTOTYPE
IN-WX-0078,Ranchi,Jharkhand,23.340314,85.311605,EPSG:4326,2025-06-03 00:00:00,4.72,0.39,32.9,59.7,6.08,993.9,3.79,210.98,4.08,Normal,Synthetic rain-gauge/weather series,SYNTHETIC_PROTOTYPE
IN-WX-0079,Bhopal,Madhya Pradesh,23.258149,77.402695,EPSG:4326,2025-06-03 00:00:00,20.81,0.95,20.3,50.1,2.24,1011.6,4.07,471.62,3.84,Normal,Synthetic rain-gauge/weather series,SYNTHETIC_PROTOTYPE
IN-WX-0080,Indore,Madhya Pradesh,22.723333,75.866633,EPSG:4326,2025-06-03 00:00:00,17.04,2.46,19.6,89.9,2.48,1019.6,9.24,284.99,9.51,Danger,Synthetic rain-gauge/weather series,SYNTHETIC_PROTOTYPE
IN-WX-0081,Raipur,Chhattisgarh,21.251376,81.623068,EPSG:4326,2025-06-03 00:00:00,30.39,3.0,21.9,47.9,3.69,1014.6,5.44,198.67,5.29,Normal,Synthetic rain-gauge/weather series,SYNTHETIC_PROTOTYPE
IN-WX-0082,Hyderabad,Telangana,17.381414,78.488388,EPSG:4326,2025-06-03 00:00:00,10.92,0.62,24.9,65.9,10.71,996.9,9.06,674.34,8.87,Danger,Synthetic rain-gauge/weather series,SYNTHETIC_PROTOTYPE
IN-WX-0083,Bengaluru,Karnataka,12.981428,77.596509,EPSG:4326,2025-06-03 00:00:00,10.29,0.47,23.2,93.7,9.85,1019.0,7.9,190.2,7.66,Warning,Synthetic rain-gauge/weather series,SYNTHETIC_PROTOTYPE
IN-WX-0084,Mysuru,Karnataka,12.296726,76.647183,EPSG:4326,2025-06-03 00:00:00,22.22,1.11,23.5,62.7,13.83,1019.9,7.22,361.91,7.2,Warning,Synthetic rain-gauge/weather series,SYNTHETIC_PROTOTYPE
IN-WX-0085,Chennai,Tamil Nadu,13.073668,80.277389,EPSG:4326,2025-06-03 00:00:00,12.59,0.6,35.0,81.8,13.89,990.3,8.54,819.52,8.68,Warning,Synthetic rain-gauge/weather series,SYNTHETIC_PROTOTYPE
IN-WX-0086,Coimbatore,Tamil Nadu,11.017275,76.950159,EPSG:4326,2025-06-03 00:00:00,21.06,2.08,30.2,50.2,8.3,994.7,2.43,50.12,2.26,Normal,Synthetic rain-gauge/weather series,SYNTHETIC_PROTOTYPE
IN-WX-0087,Kochi,Kerala,9.932982,76.261839,EPSG:4326,2025-06-03 00:00:00,21.1,1.47,18.0,95.1,4.51,994.8,8.65,645.91,8.94,Warning,Synthetic rain-gauge/weather series,SYNTHETIC_PROTOTYPE
IN-WX-0088,Thiruvananthapuram,Kerala,8.533321,76.932786,EPSG:4326,2025-06-03 00:00:00,6.51,0.28,30.3,54.8,1.27,997.9,1.98,158.27,1.69,Normal,Synthetic rain-gauge/weather series,SYNTHETIC_PROTOTYPE
IN-WX-0089,Vijayawada,Andhra Pradesh,16.506906,80.652379,EPSG:4326,2025-06-03 00:00:00,18.98,1.94,31.2,88.3,1.12,1011.5,3.38,355.24,3.67,Normal,Synthetic rain-gauge/weather series,SYNTHETIC_PROTOTYPE
IN-WX-0090,Visakhapatnam,Andhra Pradesh,17.684915,83.22822,EPSG:4326,2025-06-03 00:00:00,1.62,0.32,15.0,84.3,13.21,1007.4,4.99,182.25,5.1,Normal,Synthetic rain-gauge/weather series,SYNTHETIC_PROTOTYPE
IN-WX-0091,Srinagar,Jammu and Kashmir,34.081003,74.796637,EPSG:4326,2025-06-03 00:00:00,17.73,1.31,30.4,79.6,11.4,1017.5,4.89,115.99,5.08,Normal,Synthetic rain-gauge/weather series,SYNTHETIC_PROTOTYPE
IN-WX-0092,Shimla,Himachal Pradesh,31.105949,77.182356,EPSG:4326,2025-06-03 00:00:00,10.72,0.88,28.3,87.4,11.88,998.0,4.88,217.2,5.0,Normal,Synthetic rain-gauge/weather series,SYNTHETIC_PROTOTYPE
IN-WX-0093,Dehradun,Uttarakhand,30.324958,78.031572,EPSG:4326,2025-06-03 00:00:00,11.9,0.6,22.6,50.0,7.7,992.5,2.48,203.16,2.62,Normal,Synthetic rain-gauge/weather series,SYNTHETIC_PROTOTYPE
IN-WX-0094,Gaya,Bihar,24.796684,85.002067,EPSG:4326,2025-06-03 00:00:00,12.14,0.51,31.3,47.4,10.19,1002.3,8.51,1017.3,8.46,Warning,Synthetic rain-gauge/weather series,SYNTHETIC_PROTOTYPE
IN-WX-0095,Agra,Uttar Pradesh,27.179349,78.005161,EPSG:4326,2025-06-03 00:00:00,3.68,0.86,12.1,94.3,4.36,1018.0,8.88,214.32,9.0,Warning,Synthetic rain-gauge/weather series,SYNTHETIC_PROTOTYPE
IN-WX-0096,Gandhinagar,Gujarat,23.224036,72.637588,EPSG:4326,2025-06-03 00:00:00,5.99,0.4,22.6,87.9,4.06,1009.9,7.61,250.31,7.81,Warning,Synthetic rain-gauge/weather series,SYNTHETIC_PROTOTYPE
IN-WX-0097,Delhi,Delhi,28.607434,77.201532,EPSG:4326,2025-06-04 00:00:00,8.18,0.49,28.4,63.7,3.9,1013.6,9.19,196.18,9.0,Danger,Synthetic rain-gauge/weather series,SYNTHETIC_PROTOTYPE
IN-WX-0098,Mumbai,Maharashtra,19.066786,72.875706,EPSG:4326,2025-06-04 00:00:00,11.52,0.53,33.7,93.7,11.36,1000.1,4.02,145.55,3.89,Normal,Synthetic rain-gauge/weather series,SYNTHETIC_PROTOTYPE
IN-WX-0099,Pune,Maharashtra,18.514863,73.860314,EPSG:4326,2025-06-04 00:00:00,13.67,0.87,32.4,92.7,3.85,1015.1,3.61,230.29,3.48,Normal,Synthetic rain-gauge/weather series,SYNTHETIC_PROTOTYPE
IN-WX-0100,Nagpur,Maharashtra,21.140516,79.083005,EPSG:4326,2025-06-04 00:00:00,7.09,0.45,36.0,47.8,11.04,1008.0,10.31,362.28,10.21,Danger,Synthetic rain-gauge/weather series,SYNTHETIC_PROTOTYPE
IN-WX-0101,Ahmedabad,Gujarat,23.023345,72.576003,EPSG:4326,2025-06-04 00:00:00,19.3,1.41,25.4,47.2,3.0,1012.1,9.47,255.03,9.33,Danger,Synthetic rain-gauge/weather series,SYNTHETIC_PROTOTYPE
IN-WX-0102,Surat,Gujarat,21.167374,72.831079,EPSG:4326,2025-06-04 00:00:00,15.14,0.79,13.6,76.6,8.76,1011.0,6.58,404.74,6.75,Warning,Synthetic rain-gauge/weather series,SYNTHETIC_PROTOTYPE
IN-WX-0103,Jaipur,Rajasthan,26.91706,75.784234,EPSG:4326,2025-06-04 00:00:00,4.81,0.24,18.6,50.6,4.35,1006.1,4.15,228.46,4.34,Normal,Synthetic rain-gauge/weather series,SYNTHETIC_PROTOTYPE
IN-WX-0104,Lucknow,Uttar Pradesh,26.847354,80.939598,EPSG:4326,2025-06-04 00:00:00,11.37,0.71,28.5,76.5,10.66,990.3,10.06,297.65,10.05,Danger,Synthetic rain-gauge/weather series,SYNTHETIC_PROTOTYPE
IN-WX-0105,Varanasi,Uttar Pradesh,25.313216,82.973708,EPSG:4326,2025-06-04 00:00:00,8.04,1.06,15.9,57.4,13.54,1012.7,2.84,259.99,3.09,Normal,Synthetic rain-gauge/weather series,SYNTHETIC_PROTOTYPE
IN-WX-0106,Patna,Bihar,25.594892,85.134326,EPSG:4326,2025-06-04 00:00:00,6.47,1.96,26.8,65.1,11.11,1019.6,2.37,248.11,2.32,Normal,Synthetic rain-gauge/weather series,SYNTHETIC_PROTOTYPE
IN-WX-0107,Kolkata,West Bengal,22.577484,88.371636,EPSG:4326,2025-06-04 00:00:00,10.64,0.54,25.4,46.6,11.3,999.1,5.28,180.05,5.26,Normal,Synthetic rain-gauge/weather series,SYNTHETIC_PROTOTYPE
IN-WX-0108,Guwahati,Assam,26.145609,91.736449,EPSG:4326,2025-06-04 00:00:00,8.23,0.64,27.0,72.4,8.11,1000.7,9.42,864.76,9.4,Danger,Synthetic rain-gauge/weather series,SYNTHETIC_PROTOTYPE
IN-WX-0109,Bhubaneswar,Odisha,20.295999,85.828087,EPSG:4326,2025-06-04 00:00:00,13.49,1.05,22.7,83.6,6.27,996.5,10.14,843.17,10.33,Danger,Synthetic rain-gauge/weather series,SYNTHETIC_PROTOTYPE
IN-WX-0110,Ranchi,Jharkhand,23.340733,85.319252,EPSG:4326,2025-06-04 00:00:00,7.86,0.52,24.2,88.6,9.76,1014.9,4.93,461.43,4.7,Normal,Synthetic rain-gauge/weather series,SYNTHETIC_PROTOTYPE
IN-WX-0111,Bhopal,Madhya Pradesh,23.268573,77.412612,EPSG:4326,2025-06-04 00:00:00,2.56,0.18,12.1,55.6,10.88,996.8,8.68,441.83,8.84,Warning,Synthetic rain-gauge/weather series,SYNTHETIC_PROTOTYPE
IN-WX-0112,Indore,Madhya Pradesh,22.715661,75.866581,EPSG:4326,2025-06-04 00:00:00,13.61,0.69,32.8,79.5,13.72,1007.9,3.1,395.74,3.01,Normal,Synthetic rain-gauge/weather series,SYNTHETIC_PROTOTYPE
IN-WX-0113,Raipur,Chhattisgarh,21.249238,81.638397,EPSG:4326,2025-06-04 00:00:00,19.94,1.25,18.2,60.6,7.22,1006.4,8.83,188.93,8.7,Warning,Synthetic rain-gauge/weather series,SYNTHETIC_PROTOTYPE
IN-WX-0114,Hyderabad,Telangana,17.38179,78.479609,EPSG:4326,2025-06-04 00:00:00,10.71,0.68,22.5,96.4,9.95,998.7,7.7,274.26,7.86,Warning,Synthetic rain-gauge/weather series,SYNTHETIC_PROTOTYPE
IN-WX-0115,Bengaluru,Karnataka,12.975583,77.587102,EPSG:4326,2025-06-04 00:00:00,3.83,0.36,34.6,71.9,6.16,990.4,8.36,775.36,8.46,Warning,Synthetic rain-gauge/weather series,SYNTHETIC_PROTOTYPE
IN-WX-0116,Mysuru,Karnataka,12.286488,76.636482,EPSG:4326,2025-06-04 00:00:00,3.0,0.36,34.8,85.2,12.29,1015.2,1.81,144.58,1.82,Normal,Synthetic rain-gauge/weather series,SYNTHETIC_PROTOTYPE
IN-WX-0117,Chennai,Tamil Nadu,13.085252,80.279888,EPSG:4326,2025-06-04 00:00:00,6.67,0.39,22.2,65.6,5.07,1004.5,2.7,223.12,2.4,Normal,Synthetic rain-gauge/weather series,SYNTHETIC_PROTOTYPE
IN-WX-0118,Coimbatore,Tamil Nadu,11.015807,76.948955,EPSG:4326,2025-06-04 00:00:00,2.34,0.23,29.9,83.2,2.07,998.4,2.71,91.85,2.51,Normal,Synthetic rain-gauge/weather series,SYNTHETIC_PROTOTYPE
IN-WX-0119,Kochi,Kerala,9.929737,76.2615,EPSG:4326,2025-06-04 00:00:00,23.79,1.15,22.7,87.1,4.57,1001.3,2.14,79.85,2.02,Normal,Synthetic rain-gauge/weather series,SYNTHETIC_PROTOTYPE
IN-WX-0120,Thiruvananthapuram,Kerala,8.530061,76.946543,EPSG:4326,2025-06-04 00:00:00,18.5,3.57,24.5,86.9,2.79,1010.6,7.39,354.09,7.23,Warning,Synthetic rain-gauge/weather series,SYNTHETIC_PROTOTYPE
IN-WX-0121,Vijayawada,Andhra Pradesh,16.506599,80.647889,EPSG:4326,2025-06-04 00:00:00,6.79,0.99,22.1,87.6,11.46,1002.0,4.67,188.5,4.48,Normal,Synthetic rain-gauge/weather series,SYNTHETIC_PROTOTYPE
IN-WX-0122,Visakhapatnam,Andhra Pradesh,17.690244,83.225546,EPSG:4326,2025-06-04 00:00:00,17.73,1.13,29.0,95.0,0.7,1017.7,4.73,145.63,4.71,Normal,Synthetic rain-gauge/weather series,SYNTHETIC_PROTOTYPE
IN-WX-0123,Srinagar,Jammu and Kashmir,34.07636,74.78913,EPSG:4326,2025-06-04 00:00:00,3.56,0.34,24.6,71.6,8.01,1009.5,9.62,800.46,9.84,Danger,Synthetic rain-gauge/weather series,SYNTHETIC_PROTOTYPE
IN-WX-0124,Shimla,Himachal Pradesh,31.097763,77.1829,EPSG:4326,2025-06-04 00:00:00,2.0,0.11,15.3,54.2,5.51,1008.3,8.21,1059.8,8.33,Warning,Synthetic rain-gauge/weather series,SYNTHETIC_PROTOTYPE
IN-WX-0125,Dehradun,Uttarakhand,30.308457,78.040883,EPSG:4326,2025-06-04 00:00:00,23.16,5.0,28.1,91.6,10.01,995.6,7.89,417.2,8.17,Warning,Synthetic rain-gauge/weather series,SYNTHETIC_PROTOTYPE
IN-WX-0126,Gaya,Bihar,24.791479,85.009212,EPSG:4326,2025-06-04 00:00:00,11.2,2.11,22.1,80.5,7.2,1002.9,8.32,857.34,8.44,Warning,Synthetic rain-gauge/weather series,SYNTHETIC_PROTOTYPE
IN-WX-0127,Agra,Uttar Pradesh,27.181602,78.006167,EPSG:4326,2025-06-04 00:00:00,4.46,0.57,34.0,76.5,9.33,1016.0,4.36,523.67,4.22,Normal,Synthetic rain-gauge/weather series,SYNTHETIC_PROTOTYPE
IN-WX-0128,Gandhinagar,Gujarat,23.22515,72.634585,EPSG:4326,2025-06-04 00:00:00,10.0,0.89,28.9,79.9,10.22,1018.3,9.37,1104.73,9.16,Danger,Synthetic rain-gauge/weather series,SYNTHETIC_PROTOTYPE
IN-WX-0129,Delhi,Delhi,28.615802,77.207619,EPSG:4326,2025-06-05 00:00:00,7.05,0.56,26.5,53.2,1.85,997.8,2.76,224.76,2.87,Normal,Synthetic rain-gauge/weather series,SYNTHETIC_PROTOTYPE
IN-WX-0130,Mumbai,Maharashtra,19.071282,72.869259,EPSG:4326,2025-06-05 00:00:00,5.94,0.34,35.4,68.4,8.34,1005.5,3.81,386.89,4.05,Normal,Synthetic rain-gauge/weather series,SYNTHETIC_PROTOTYPE
IN-WX-0131,Pune,Maharashtra,18.52875,73.852295,EPSG:4326,2025-06-05 00:00:00,12.97,0.58,15.5,78.5,10.59,1004.2,8.79,1058.96,8.52,Warning,Synthetic rain-gauge/weather series,SYNTHETIC_PROTOTYPE
IN-WX-0132,Nagpur,Maharashtra,21.136828,79.084989,EPSG:4326,2025-06-05 00:00:00,3.11,0.38,32.5,67.7,3.02,1002.4,4.47,299.52,4.36,Normal,Synthetic rain-gauge/weather series,SYNTHETIC_PROTOTYPE
IN-WX-0133,Ahmedabad,Gujarat,23.01674,72.567999,EPSG:4326,2025-06-05 00:00:00,16.07,0.74,19.8,84.9,0.69,1006.4,4.62,488.13,4.52,Normal,Synthetic rain-gauge/weather series,SYNTHETIC_PROTOTYPE
IN-WX-0134,Surat,Gujarat,21.175949,72.828204,EPSG:4326,2025-06-05 00:00:00,16.31,0.69,28.9,86.3,2.06,1008.0,2.78,198.56,3.08,Normal,Synthetic rain-gauge/weather series,SYNTHETIC_PROTOTYPE
IN-WX-0135,Jaipur,Rajasthan,26.908342,75.77882,EPSG:4326,2025-06-05 00:00:00,6.0,0.33,35.9,69.2,3.56,1005.0,8.41,633.3,8.37,Warning,Synthetic rain-gauge/weather series,SYNTHETIC_PROTOTYPE
IN-WX-0136,Lucknow,Uttar Pradesh,26.842767,80.938927,EPSG:4326,2025-06-05 00:00:00,17.1,2.54,21.9,77.0,5.23,1013.8,7.28,542.27,7.04,Warning,Synthetic rain-gauge/weather series,SYNTHETIC_PROTOTYPE
IN-WX-0137,Varanasi,Uttar Pradesh,25.309701,82.982455,EPSG:4326,2025-06-05 00:00:00,26.4,1.59,31.4,68.3,4.9,1007.1,4.46,415.67,4.36,Normal,Synthetic rain-gauge/weather series,SYNTHETIC_PROTOTYPE
IN-WX-0138,Patna,Bihar,25.603871,85.146609,EPSG:4326,2025-06-05 00:00:00,10.98,2.49,22.3,88.8,9.6,1006.4,7.87,464.31,8.04,Warning,Synthetic rain-gauge/weather series,SYNTHETIC_PROTOTYPE
IN-WX-0139,Kolkata,West Bengal,22.582127,88.359066,EPSG:4326,2025-06-05 00:00:00,3.31,0.19,27.8,57.3,8.28,1008.9,1.71,181.2,1.88,Normal,Synthetic rain-gauge/weather series,SYNTHETIC_PROTOTYPE
IN-WX-0140,Guwahati,Assam,26.143513,91.733642,EPSG:4326,2025-06-05 00:00:00,14.29,2.27,31.9,48.4,3.23,1005.2,9.32,1153.85,9.42,Danger,Synthetic rain-gauge/weather series,SYNTHETIC_PROTOTYPE
IN-WX-0141,Bhubaneswar,Odisha,20.29705,85.824279,EPSG:4326,2025-06-05 00:00:00,7.45,2.83,35.5,75.3,13.15,1015.5,5.63,463.08,5.85,Normal,Synthetic rain-gauge/weather series,SYNTHETIC_PROTOTYPE
IN-WX-0142,Ranchi,Jharkhand,23.335494,85.313361,EPSG:4326,2025-06-05 00:00:00,8.1,0.48,26.1,86.4,2.87,1015.4,4.72,587.11,4.85,Normal,Synthetic rain-gauge/weather series,SYNTHETIC_PROTOTYPE
IN-WX-0143,Bhopal,Madhya Pradesh,23.253517,77.409221,EPSG:4326,2025-06-05 00:00:00,2.18,0.14,31.4,57.4,3.14,1013.2,1.53,187.65,1.25,Normal,Synthetic rain-gauge/weather series,SYNTHETIC_PROTOTYPE
IN-WX-0144,Indore,Madhya Pradesh,22.725313,75.862541,EPSG:4326,2025-06-05 00:00:00,8.02,0.78,32.4,54.6,0.81,999.2,9.92,371.02,9.9,Danger,Synthetic rain-gauge/weather series,SYNTHETIC_PROTOTYPE
IN-WX-0145,Raipur,Chhattisgarh,21.260115,81.623509,EPSG:4326,2025-06-05 00:00:00,9.11,1.25,18.8,59.6,12.81,1018.2,2.28,269.82,2.37,Normal,Synthetic rain-gauge/weather series,SYNTHETIC_PROTOTYPE
IN-WX-0146,Hyderabad,Telangana,17.384267,78.48065,EPSG:4326,2025-06-05 00:00:00,2.94,0.15,27.5,49.5,0.76,1010.4,9.59,368.32,9.55,Danger,Synthetic rain-gauge/weather series,SYNTHETIC_PROTOTYPE
IN-WX-0147,Bengaluru,Karnataka,12.980229,77.588384,EPSG:4326,2025-06-05 00:00:00,2.14,0.13,27.7,49.5,1.03,997.0,10.53,473.35,10.36,Danger,Synthetic rain-gauge/weather series,SYNTHETIC_PROTOTYPE
IN-WX-0148,Mysuru,Karnataka,12.293654,76.634465,EPSG:4326,2025-06-05 00:00:00,4.02,0.24,20.3,61.0,4.71,1013.4,9.49,672.45,9.3,Danger,Synthetic rain-gauge/weather series,SYNTHETIC_PROTOTYPE
IN-WX-0149,Chennai,Tamil Nadu,13.077214,80.263029,EPSG:4326,2025-06-05 00:00:00,1.42,0.08,24.3,83.4,5.07,1008.9,5.07,491.02,4.82,Normal,Synthetic rain-gauge/weather series,SYNTHETIC_PROTOTYPE
IN-WX-0150,Coimbatore,Tamil Nadu,11.017626,76.94587,EPSG:4326,2025-06-05 00:00:00,14.64,1.72,29.9,53.4,8.63,1009.0,7.72,927.24,7.82,Warning,Synthetic rain-gauge/weather series,SYNTHETIC_PROTOTYPE
IN-WX-0151,Kochi,Kerala,9.921582,76.264362,EPSG:4326,2025-06-05 00:00:00,58.71,2.7,26.4,54.8,12.64,991.8,11.73,1117.37,11.92,Danger,Synthetic rain-gauge/weather series,SYNTHETIC_PROTOTYPE
IN-WX-0152,Thiruvananthapuram,Kerala,8.521983,76.945141,EPSG:4326,2025-06-05 00:00:00,2.37,0.12,16.0,76.3,1.05,1010.6,6.85,187.36,7.08,Warning,Synthetic rain-gauge/weather series,SYNTHETIC_PROTOTYPE
IN-WX-0153,Vijayawada,Andhra Pradesh,16.505865,80.652668,EPSG:4326,2025-06-05 00:00:00,23.16,1.26,24.3,75.7,12.93,993.6,9.64,828.91,9.35,Danger,Synthetic rain-gauge/weather series,SYNTHETIC_PROTOTYPE
IN-WX-0154,Visakhapatnam,Andhra Pradesh,17.685135,83.215713,EPSG:4326,2025-06-05 00:00:00,9.55,0.75,32.5,96.3,13.49,1005.8,6.04,397.99,6.07,Normal,Synthetic rain-gauge/weather series,SYNTHETIC_PROTOTYPE
IN-WX-0155,Srinagar,Jammu and Kashmir,34.079701,74.80452,EPSG:4326,2025-06-05 00:00:00,9.82,0.62,16.8,83.3,13.75,1007.5,6.95,278.92,6.88,Warning,Synthetic rain-gauge/weather series,SYNTHETIC_PROTOTYPE
IN-WX-0156,Shimla,Himachal Pradesh,31.109699,77.169009,EPSG:4326,2025-06-05 00:00:00,7.43,0.38,14.9,45.1,10.53,1012.0,5.82,176.5,5.84,Normal,Synthetic rain-gauge/weather series,SYNTHETIC_PROTOTYPE
IN-WX-0157,Dehradun,Uttarakhand,30.318248,78.035419,EPSG:4326,2025-06-05 00:00:00,5.86,0.58,25.9,54.2,9.07,1012.4,10.39,395.95,10.17,Danger,Synthetic rain-gauge/weather series,SYNTHETIC_PROTOTYPE
IN-WX-0158,Gaya,Bihar,24.791767,84.993642,EPSG:4326,2025-06-05 00:00:00,2.39,0.11,20.6,58.3,9.9,1004.3,3.49,193.13,3.75,Normal,Synthetic rain-gauge/weather series,SYNTHETIC_PROTOTYPE
IN-WX-0159,Agra,Uttar Pradesh,27.185408,78.014108,EPSG:4326,2025-06-05 00:00:00,31.09,3.71,22.1,87.4,2.89,1002.9,11.3,302.73,11.12,Danger,Synthetic rain-gauge/weather series,SYNTHETIC_PROTOTYPE
IN-WX-0160,Gandhinagar,Gujarat,23.208088,72.633218,EPSG:4326,2025-06-05 00:00:00,4.79,0.23,30.4,76.5,5.53,1011.7,8.27,473.5,8.37,Warning,Synthetic rain-gauge/weather series,SYNTHETIC_PROTOTYPE
IN-WX-0161,Delhi,Delhi,28.622537,77.215418,EPSG:4326,2025-06-06 00:00:00,7.14,0.94,19.1,57.7,9.21,998.3,10.27,559.4,10.28,Danger,Synthetic rain-gauge/weather series,SYNTHETIC_PROTOTYPE
IN-WX-0162,Mumbai,Maharashtra,19.073901,72.867896,EPSG:4326,2025-06-06 00:00:00,9.87,0.49,18.0,51.2,7.33,1015.0,10.2,571.97,10.01,Danger,Synthetic rain-gauge/weather series,SYNTHETIC_PROTOTYPE
IN-WX-0163,Pune,Maharashtra,18.528135,73.865432,EPSG:4326,2025-06-06 00:00:00,22.8,2.11,18.1,89.3,0.55,997.9,6.47,731.45,6.57,Normal,Synthetic rain-gauge/weather series,SYNTHETIC_PROTOTYPE
IN-WX-0164,Nagpur,Maharashtra,21.152171,79.085749,EPSG:4326,2025-06-06 00:00:00,6.72,0.29,35.5,57.4,5.98,1016.9,5.61,215.87,5.73,Normal,Synthetic rain-gauge/weather series,SYNTHETIC_PROTOTYPE
IN-WX-0165,Ahmedabad,Gujarat,23.02799,72.563543,EPSG:4326,2025-06-06 00:00:00,4.0,0.68,28.2,47.9,5.31,1016.3,9.64,1001.61,9.76,Danger,Synthetic rain-gauge/weather series,SYNTHETIC_PROTOTYPE
IN-WX-0166,Surat,Gujarat,21.161151,72.823772,EPSG:4326,2025-06-06 00:00:00,2.58,0.13,20.6,94.6,8.06,1018.8,8.95,855.71,8.9,Warning,Synthetic rain-gauge/weather series,SYNTHETIC_PROTOTYPE
IN-WX-0167,Jaipur,Rajasthan,26.909305,75.777901,EPSG:4326,2025-06-06 00:00:00,7.95,0.61,19.4,59.7,8.91,996.6,5.12,226.56,5.35,Normal,Synthetic rain-gauge/weather series,SYNTHETIC_PROTOTYPE
IN-WX-0168,Lucknow,Uttar Pradesh,26.856381,80.951193,EPSG:4326,2025-06-06 00:00:00,20.95,1.33,34.8,94.4,8.87,993.7,4.84,362.79,4.99,Normal,Synthetic rain-gauge/weather series,SYNTHETIC_PROTOTYPE
IN-WX-0169,Varanasi,Uttar Pradesh,25.317669,82.974396,EPSG:4326,2025-06-06 00:00:00,5.27,0.25,22.1,84.0,11.84,1004.3,3.37,341.63,3.58,Normal,Synthetic rain-gauge/weather series,SYNTHETIC_PROTOTYPE
IN-WX-0170,Patna,Bihar,25.585307,85.12828,EPSG:4326,2025-06-06 00:00:00,0.48,0.11,15.0,58.7,12.54,1000.3,0.92,25.04,1.2,Normal,Synthetic rain-gauge/weather series,SYNTHETIC_PROTOTYPE
IN-WX-0171,Kolkata,West Bengal,22.579848,88.355975,EPSG:4326,2025-06-06 00:00:00,16.83,0.93,20.1,66.3,10.98,1003.0,6.74,498.89,6.97,Warning,Synthetic rain-gauge/weather series,SYNTHETIC_PROTOTYPE
IN-WX-0172,Guwahati,Assam,26.137113,91.743483,EPSG:4326,2025-06-06 00:00:00,23.59,1.18,34.1,90.2,1.79,1010.8,8.4,390.39,8.32,Warning,Synthetic rain-gauge/weather series,SYNTHETIC_PROTOTYPE
IN-WX-0173,Bhubaneswar,Odisha,20.299364,85.81751,EPSG:4326,2025-06-06 00:00:00,22.62,4.4,23.2,80.7,7.05,994.5,6.94,222.09,6.92,Warning,Synthetic rain-gauge/weather series,SYNTHETIC_PROTOTYPE
IN-WX-0174,Ranchi,Jharkhand,23.341958,85.314445,EPSG:4326,2025-06-06 00:00:00,1.65,0.09,17.5,59.3,5.68,1003.8,9.31,593.25,9.22,Danger,Synthetic rain-gauge/weather series,SYNTHETIC_PROTOTYPE
IN-WX-0175,Bhopal,Madhya Pradesh,23.266763,77.411432,EPSG:4326,2025-06-06 00:00:00,1.98,0.28,23.6,65.8,1.3,1012.9,5.77,671.6,5.62,Normal,Synthetic rain-gauge/weather series,SYNTHETIC_PROTOTYPE
IN-WX-0176,Indore,Madhya Pradesh,22.721313,75.861005,EPSG:4326,2025-06-06 00:00:00,2.34,0.31,18.0,94.1,13.3,1007.7,4.71,316.71,4.82,Normal,Synthetic rain-gauge/weather series,SYNTHETIC_PROTOTYPE
IN-WX-0177,Raipur,Chhattisgarh,21.246668,81.621784,EPSG:4326,2025-06-06 00:00:00,5.23,0.37,29.8,86.4,10.65,1004.3,9.99,971.42,9.73,Danger,Synthetic rain-gauge/weather series,SYNTHETIC_PROTOTYPE
IN-WX-0178,Hyderabad,Telangana,17.39367,78.484659,EPSG:4326,2025-06-06 00:00:00,8.27,0.47,30.9,80.8,5.47,1012.1,10.09,1027.31,10.38,Danger,Synthetic rain-gauge/weather series,SYNTHETIC_PROTOTYPE
IN-WX-0179,Bengaluru,Karnataka,12.974488,77.593171,EPSG:4326,2025-06-06 00:00:00,1.69,0.1,14.5,48.0,4.44,991.6,2.37,87.77,2.14,Normal,Synthetic rain-gauge/weather series,SYNTHETIC_PROTOTYPE
IN-WX-0180,Mysuru,Karnataka,12.297455,76.63098,EPSG:4326,2025-06-06 00:00:00,7.85,1.58,34.9,65.8,10.21,1010.1,10.49,237.91,10.58,Danger,Synthetic rain-gauge/weather series,SYNTHETIC_PROTOTYPE
IN-WX-0181,Chennai,Tamil Nadu,13.084189,80.264794,EPSG:4326,2025-06-06 00:00:00,14.34,1.25,17.7,64.1,6.38,1004.3,6.18,208.79,5.91,Normal,Synthetic rain-gauge/weather series,SYNTHETIC_PROTOTYPE
IN-WX-0182,Coimbatore,Tamil Nadu,11.021534,76.952945,EPSG:4326,2025-06-06 00:00:00,9.96,2.57,14.5,81.0,11.03,999.5,7.43,782.25,7.43,Warning,Synthetic rain-gauge/weather series,SYNTHETIC_PROTOTYPE
IN-WX-0183,Kochi,Kerala,9.939928,76.268645,EPSG:4326,2025-06-06 00:00:00,13.84,0.77,33.7,61.7,1.9,999.2,10.24,815.79,10.09,Danger,Synthetic rain-gauge/weather series,SYNTHETIC_PROTOTYPE
IN-WX-0184,Thiruvananthapuram,Kerala,8.516877,76.926932,EPSG:4326,2025-06-06 00:00:00,17.91,0.96,31.6,63.5,9.38,991.9,7.51,415.25,7.23,Warning,Synthetic rain-gauge/weather series,SYNTHETIC_PROTOTYPE
IN-WX-0185,Vijayawada,Andhra Pradesh,16.497727,80.652327,EPSG:4326,2025-06-06 00:00:00,4.37,0.88,31.5,71.3,3.76,1003.1,4.73,95.46,4.76,Normal,Synthetic rain-gauge/weather series,SYNTHETIC_PROTOTYPE
IN-WX-0186,Visakhapatnam,Andhra Pradesh,17.696314,83.212219,EPSG:4326,2025-06-06 00:00:00,32.01,1.69,29.4,55.0,6.59,993.5,7.41,730.25,7.55,Warning,Synthetic rain-gauge/weather series,SYNTHETIC_PROTOTYPE
IN-WX-0187,Srinagar,Jammu and Kashmir,34.092805,74.787841,EPSG:4326,2025-06-06 00:00:00,3.26,0.26,13.0,46.5,10.02,1008.5,7.74,918.19,7.91,Warning,Synthetic rain-gauge/weather series,SYNTHETIC_PROTOTYPE
IN-WX-0188,Shimla,Himachal Pradesh,31.101843,77.173253,EPSG:4326,2025-06-06 00:00:00,13.68,0.86,26.9,96.2,3.81,993.7,5.28,602.75,5.43,Normal,Synthetic rain-gauge/weather series,SYNTHETIC_PROTOTYPE
IN-WX-0189,Dehradun,Uttarakhand,30.319346,78.033903,EPSG:4326,2025-06-06 00:00:00,15.66,5.52,16.6,81.2,1.2,1013.1,3.56,196.7,3.49,Normal,Synthetic rain-gauge/weather series,SYNTHETIC_PROTOTYPE
IN-WX-0190,Gaya,Bihar,24.798858,84.995757,EPSG:4326,2025-06-06 00:00:00,6.44,1.6,13.3,76.4,8.78,1000.5,6.76,608.62,6.63,Warning,Synthetic rain-gauge/weather series,SYNTHETIC_PROTOTYPE
IN-WX-0191,Agra,Uttar Pradesh,27.172642,78.015677,EPSG:4326,2025-06-06 00:00:00,5.82,0.93,24.5,74.1,8.37,999.4,8.21,1048.53,8.38,Warning,Synthetic rain-gauge/weather series,SYNTHETIC_PROTOTYPE
IN-WX-0192,Gandhinagar,Gujarat,23.214622,72.635322,EPSG:4326,2025-06-06 00:00:00,2.27,0.7,17.5,65.0,9.19,1012.6,7.85,419.83,7.96,Warning,Synthetic rain-gauge/weather series,SYNTHETIC_PROTOTYPE
IN-WX-0193,Delhi,Delhi,28.605102,77.200109,EPSG:4326,2025-06-07 00:00:00,15.36,3.08,24.2,85.1,7.24,1004.7,9.51,282.08,9.43,Danger,Synthetic rain-gauge/weather series,SYNTHETIC_PROTOTYPE
IN-WX-0194,Mumbai,Maharashtra,19.074093,72.880906,EPSG:4326,2025-06-07 00:00:00,9.48,0.53,14.6,46.8,8.75,1014.2,8.54,384.26,8.5,Warning,Synthetic rain-gauge/weather series,SYNTHETIC_PROTOTYPE
IN-WX-0195,Pune,Maharashtra,18.516977,73.862379,EPSG:4326,2025-06-07 00:00:00,16.64,1.37,21.0,81.6,2.56,1012.0,9.65,271.17,9.76,Danger,Synthetic rain-gauge/weather series,SYNTHETIC_PROTOTYPE
IN-WX-0196,Nagpur,Maharashtra,21.150683,79.0815,EPSG:4326,2025-06-07 00:00:00,7.04,0.52,25.9,46.7,12.66,1002.8,3.17,231.02,2.89,Normal,Synthetic rain-gauge/weather series,SYNTHETIC_PROTOTYPE
IN-WX-0197,Ahmedabad,Gujarat,23.022902,72.567961,EPSG:4326,2025-06-07 00:00:00,13.52,1.24,31.8,87.2,10.73,1008.0,1.38,176.61,1.37,Normal,Synthetic rain-gauge/weather series,SYNTHETIC_PROTOTYPE
IN-WX-0198,Surat,Gujarat,21.172187,72.83727,EPSG:4326,2025-06-07 00:00:00,18.3,1.71,29.2,48.1,5.05,993.6,5.87,302.0,5.84,Normal,Synthetic rain-gauge/weather series,SYNTHETIC_PROTOTYPE
IN-WX-0199,Jaipur,Rajasthan,26.912117,75.793745,EPSG:4326,2025-06-07 00:00:00,11.63,2.2,29.5,90.5,13.35,991.2,1.17,44.49,0.93,Normal,Synthetic rain-gauge/weather series,SYNTHETIC_PROTOTYPE
IN-WX-0200,Lucknow,Uttar Pradesh,26.850564,80.936341,EPSG:4326,2025-06-07 00:00:00,10.44,0.6,30.5,81.2,4.09,1001.3,5.82,242.26,5.81,Normal,Synthetic rain-gauge/weather series,SYNTHETIC_PROTOTYPE
IN-WX-0201,Varanasi,Uttar Pradesh,25.318127,82.968826,EPSG:4326,2025-06-07 00:00:00,15.69,1.16,33.9,55.1,9.26,997.5,8.09,553.54,8.05,Warning,Synthetic rain-gauge/weather series,SYNTHETIC_PROTOTYPE
IN-WX-0202,Patna,Bihar,25.599039,85.131321,EPSG:4326,2025-06-07 00:00:00,57.15,11.34,20.4,63.6,8.39,1013.7,6.53,268.2,6.75,Warning,Synthetic rain-gauge/weather series,SYNTHETIC_PROTOTYPE
IN-WX-0203,Kolkata,West Bengal,22.574554,88.354182,EPSG:4326,2025-06-07 00:00:00,11.42,0.63,30.2,92.5,12.67,1018.8,1.15,90.25,1.28,Normal,Synthetic rain-gauge/weather series,SYNTHETIC_PROTOTYPE
IN-WX-0204,Guwahati,Assam,26.140662,91.731445,EPSG:4326,2025-06-07 00:00:00,24.57,1.54,28.2,72.9,12.53,995.1,9.18,486.45,8.99,Danger,Synthetic rain-gauge/weather series,SYNTHETIC_PROTOTYPE
IN-WX-0205,Bhubaneswar,Odisha,20.296942,85.832484,EPSG:4326,2025-06-07 00:00:00,20.32,1.78,13.5,86.9,7.99,1018.1,10.12,739.48,10.09,Danger,Synthetic rain-gauge/weather series,SYNTHETIC_PROTOTYPE
IN-WX-0206,Ranchi,Jharkhand,23.337603,85.307923,EPSG:4326,2025-06-07 00:00:00,7.36,0.37,18.5,67.9,13.74,990.6,8.52,750.81,8.51,Warning,Synthetic rain-gauge/weather series,SYNTHETIC_PROTOTYPE
IN-WX-0207,Bhopal,Madhya Pradesh,23.253372,77.415006,EPSG:4326,2025-06-07 00:00:00,9.66,0.48,28.4,85.7,5.11,1008.8,6.39,666.35,6.61,Normal,Synthetic rain-gauge/weather series,SYNTHETIC_PROTOTYPE
IN-WX-0208,Indore,Madhya Pradesh,22.727611,75.851533,EPSG:4326,2025-06-07 00:00:00,1.46,0.12,31.8,79.6,2.75,1004.8,7.29,684.78,7.11,Warning,Synthetic rain-gauge/weather series,SYNTHETIC_PROTOTYPE
IN-WX-0209,Raipur,Chhattisgarh,21.255162,81.625845,EPSG:4326,2025-06-07 00:00:00,13.08,0.8,18.2,62.5,7.97,999.1,8.45,639.93,8.16,Warning,Synthetic rain-gauge/weather series,SYNTHETIC_PROTOTYPE
IN-WX-0210,Hyderabad,Telangana,17.376483,78.495923,EPSG:4326,2025-06-07 00:00:00,1.05,0.08,16.8,94.5,13.82,1006.1,2.96,347.41,2.73,Normal,Synthetic rain-gauge/weather series,SYNTHETIC_PROTOTYPE
IN-WX-0211,Bengaluru,Karnataka,12.966465,77.589026,EPSG:4326,2025-06-07 00:00:00,8.63,0.55,32.9,83.9,10.09,991.4,9.45,469.91,9.6,Danger,Synthetic rain-gauge/weather series,SYNTHETIC_PROTOTYPE
IN-WX-0212,Mysuru,Karnataka,12.293706,76.631035,EPSG:4326,2025-06-07 00:00:00,5.77,0.3,15.5,83.3,6.52,1006.3,2.22,76.9,2.32,Normal,Synthetic rain-gauge/weather series,SYNTHETIC_PROTOTYPE
IN-WX-0213,Chennai,Tamil Nadu,13.087602,80.273263,EPSG:4326,2025-06-07 00:00:00,4.28,1.05,33.5,96.2,9.35,1003.2,3.21,144.5,3.09,Normal,Synthetic rain-gauge/weather series,SYNTHETIC_PROTOTYPE
IN-WX-0214,Coimbatore,Tamil Nadu,11.019035,76.95764,EPSG:4326,2025-06-07 00:00:00,18.61,1.01,18.1,97.6,8.19,1010.7,3.22,144.34,3.07,Normal,Synthetic rain-gauge/weather series,SYNTHETIC_PROTOTYPE
IN-WX-0215,Kochi,Kerala,9.933634,76.26577,EPSG:4326,2025-06-07 00:00:00,2.77,0.48,26.9,95.9,7.59,1013.7,9.14,549.06,8.89,Danger,Synthetic rain-gauge/weather series,SYNTHETIC_PROTOTYPE
IN-WX-0216,Thiruvananthapuram,Kerala,8.514693,76.931652,EPSG:4326,2025-06-07 00:00:00,14.98,2.68,25.7,48.9,13.64,998.9,1.81,227.87,2.07,Normal,Synthetic rain-gauge/weather series,SYNTHETIC_PROTOTYPE
IN-WX-0217,Vijayawada,Andhra Pradesh,16.502047,80.652775,EPSG:4326,2025-06-07 00:00:00,10.63,1.76,28.1,79.6,2.05,1016.4,8.28,349.36,8.44,Warning,Synthetic rain-gauge/weather series,SYNTHETIC_PROTOTYPE
IN-WX-0218,Visakhapatnam,Andhra Pradesh,17.676901,83.212599,EPSG:4326,2025-06-07 00:00:00,6.15,0.38,28.2,57.2,3.87,1015.2,9.26,868.33,9.34,Danger,Synthetic rain-gauge/weather series,SYNTHETIC_PROTOTYPE
IN-WX-0219,Srinagar,Jammu and Kashmir,34.077379,74.794955,EPSG:4326,2025-06-07 00:00:00,47.63,5.6,34.8,49.5,5.33,1012.9,3.78,108.92,3.99,Normal,Synthetic rain-gauge/weather series,SYNTHETIC_PROTOTYPE
IN-WX-0220,Shimla,Himachal Pradesh,31.108586,77.172697,EPSG:4326,2025-06-07 00:00:00,8.44,0.36,22.7,52.3,3.11,990.8,9.23,814.87,8.94,Danger,Synthetic rain-gauge/weather series,SYNTHETIC_PROTOTYPE
IN-WX-0221,Dehradun,Uttarakhand,30.31169,78.038615,EPSG:4326,2025-06-07 00:00:00,6.33,0.48,33.3,91.2,7.52,994.3,9.89,287.87,9.68,Danger,Synthetic rain-gauge/weather series,SYNTHETIC_PROTOTYPE
IN-WX-0222,Gaya,Bihar,24.783922,84.994377,EPSG:4326,2025-06-07 00:00:00,2.26,0.34,20.2,85.6,5.33,1006.5,6.88,380.76,6.75,Warning,Synthetic rain-gauge/weather series,SYNTHETIC_PROTOTYPE
IN-WX-0223,Agra,Uttar Pradesh,27.17088,78.001478,EPSG:4326,2025-06-07 00:00:00,21.79,1.05,33.8,97.6,6.88,1005.3,6.17,365.69,6.14,Normal,Synthetic rain-gauge/weather series,SYNTHETIC_PROTOTYPE
IN-WX-0224,Gandhinagar,Gujarat,23.213701,72.631769,EPSG:4326,2025-06-07 00:00:00,22.17,2.75,27.0,45.9,12.6,1000.1,7.61,728.86,7.42,Warning,Synthetic rain-gauge/weather series,SYNTHETIC_PROTOTYPE
IN-WX-0225,Delhi,Delhi,28.623277,77.218869,EPSG:4326,2025-06-08 00:00:00,44.88,3.09,17.3,87.5,12.76,1008.4,2.54,75.37,2.36,Normal,Synthetic rain-gauge/weather series,SYNTHETIC_PROTOTYPE
IN-WX-0226,Mumbai,Maharashtra,19.067291,72.878985,EPSG:4326,2025-06-08 00:00:00,7.29,0.5,15.5,63.7,3.53,1004.7,1.9,233.12,1.98,Normal,Synthetic rain-gauge/weather series,SYNTHETIC_PROTOTYPE
IN-WX-0227,Pune,Maharashtra,18.527705,73.863363,EPSG:4326,2025-06-08 00:00:00,7.5,0.4,23.6,66.1,2.81,1013.3,3.36,354.67,3.12,Normal,Synthetic rain-gauge/weather series,SYNTHETIC_PROTOTYPE
IN-WX-0228,Nagpur,Maharashtra,21.140298,79.078834,EPSG:4326,2025-06-08 00:00:00,16.03,0.72,13.7,94.6,11.3,1007.4,4.35,152.34,4.14,Normal,Synthetic rain-gauge/weather series,SYNTHETIC_PROTOTYPE
IN-WX-0229,Ahmedabad,Gujarat,23.019341,72.574403,EPSG:4326,2025-06-08 00:00:00,11.41,0.68,16.1,72.0,7.75,999.5,5.1,286.73,5.1,Normal,Synthetic rain-gauge/weather series,SYNTHETIC_PROTOTYPE
IN-WX-0230,Surat,Gujarat,21.171596,72.821138,EPSG:4326,2025-06-08 00:00:00,51.25,15.68,30.8,61.6,7.83,992.9,3.96,476.86,4.03,Normal,Synthetic rain-gauge/weather series,SYNTHETIC_PROTOTYPE
IN-WX-0231,Jaipur,Rajasthan,26.902487,75.794222,EPSG:4326,2025-06-08 00:00:00,1.15,0.05,16.7,47.6,0.95,1019.6,5.27,465.52,5.44,Normal,Synthetic rain-gauge/weather series,SYNTHETIC_PROTOTYPE
IN-WX-0232,Lucknow,Uttar Pradesh,26.852579,80.952332,EPSG:4326,2025-06-08 00:00:00,12.91,1.49,15.0,54.1,12.41,1016.8,7.92,558.92,7.76,Warning,Synthetic rain-gauge/weather series,SYNTHETIC_PROTOTYPE
IN-WX-0233,Varanasi,Uttar Pradesh,25.311898,82.964667,EPSG:4326,2025-06-08 00:00:00,1.67,0.25,30.3,74.4,5.72,1012.1,4.04,253.07,3.87,Normal,Synthetic rain-gauge/weather series,SYNTHETIC_PROTOTYPE
IN-WX-0234,Patna,Bihar,25.595849,85.137243,EPSG:4326,2025-06-08 00:00:00,13.95,1.09,12.4,63.2,7.86,1012.0,4.08,516.61,3.98,Normal,Synthetic rain-gauge/weather series,SYNTHETIC_PROTOTYPE
IN-WX-0235,Kolkata,West Bengal,22.568337,88.364708,EPSG:4326,2025-06-08 00:00:00,12.17,1.22,30.7,60.6,3.63,992.5,8.5,878.36,8.32,Warning,Synthetic rain-gauge/weather series,SYNTHETIC_PROTOTYPE
IN-WX-0236,Guwahati,Assam,26.141923,91.74187,EPSG:4326,2025-06-08 00:00:00,23.94,4.96,14.8,78.8,10.35,997.6,3.38,165.77,3.42,Normal,Synthetic rain-gauge/weather series,SYNTHETIC_PROTOTYPE
IN-WX-0237,Bhubaneswar,Odisha,20.290819,85.833953,EPSG:4326,2025-06-08 00:00:00,17.73,1.11,26.3,86.3,5.41,996.7,2.13,239.99,2.04,Normal,Synthetic rain-gauge/weather series,SYNTHETIC_PROTOTYPE
IN-WX-0238,Ranchi,Jharkhand,23.352143,85.313535,EPSG:4326,2025-06-08 00:00:00,15.91,0.75,23.8,76.3,12.26,1002.3,2.78,99.92,2.49,Normal,Synthetic rain-gauge/weather series,SYNTHETIC_PROTOTYPE
IN-WX-0239,Bhopal,Madhya Pradesh,23.254698,77.403443,EPSG:4326,2025-06-08 00:00:00,12.35,0.6,31.5,81.7,13.56,1015.0,5.61,418.17,5.55,Normal,Synthetic rain-gauge/weather series,SYNTHETIC_PROTOTYPE
IN-WX-0240,Indore,Madhya Pradesh,22.712659,75.860294,EPSG:4326,2025-06-08 00:00:00,13.79,0.71,19.9,81.5,7.32,1004.0,3.1,240.3,3.21,Normal,Synthetic rain-gauge/weather series,SYNTHETIC_PROTOTYPE
IN-WX-0241,Raipur,Chhattisgarh,21.253915,81.628888,EPSG:4326,2025-06-08 00:00:00,9.25,0.46,29.2,73.6,13.41,1013.2,9.85,330.55,9.81,Danger,Synthetic rain-gauge/weather series,SYNTHETIC_PROTOTYPE
IN-WX-0242,Hyderabad,Telangana,17.384629,78.493753,EPSG:4326,2025-06-08 00:00:00,31.29,8.05,17.3,69.1,8.7,1006.3,8.77,913.53,8.85,Warning,Synthetic rain-gauge/weather series,SYNTHETIC_PROTOTYPE
IN-WX-0243,Bengaluru,Karnataka,12.97491,77.591887,EPSG:4326,2025-06-08 00:00:00,1.52,0.09,34.0,56.8,3.48,1018.2,3.76,97.34,3.83,Normal,Synthetic rain-gauge/weather series,SYNTHETIC_PROTOTYPE
IN-WX-0244,Mysuru,Karnataka,12.292639,76.646338,EPSG:4326,2025-06-08 00:00:00,17.6,3.56,12.4,56.9,1.53,997.4,7.45,738.44,7.71,Warning,Synthetic rain-gauge/weather series,SYNTHETIC_PROTOTYPE
IN-WX-0245,Chennai,Tamil Nadu,13.080902,80.279488,EPSG:4326,2025-06-08 00:00:00,19.62,2.77,30.4,97.2,0.83,992.4,4.57,406.76,4.31,Normal,Synthetic rain-gauge/weather series,SYNTHETIC_PROTOTYPE
IN-WX-0246,Coimbatore,Tamil Nadu,11.017729,76.961148,EPSG:4326,2025-06-08 00:00:00,1.05,0.13,33.2,57.9,7.71,1003.9,1.22,152.84,1.17,Normal,Synthetic rain-gauge/weather series,SYNTHETIC_PROTOTYPE
IN-WX-0247,Kochi,Kerala,9.923579,76.263336,EPSG:4326,2025-06-08 00:00:00,15.27,1.46,18.8,67.5,1.81,998.5,6.34,329.01,6.59,Normal,Synthetic rain-gauge/weather series,SYNTHETIC_PROTOTYPE
IN-WX-0248,Thiruvananthapuram,Kerala,8.530372,76.9383,EPSG:4326,2025-06-08 00:00:00,18.4,3.33,22.3,61.5,12.95,996.4,9.02,477.98,9.15,Danger,Synthetic rain-gauge/weather series,SYNTHETIC_PROTOTYPE
IN-WX-0249,Vijayawada,Andhra Pradesh,16.497599,80.641556,EPSG:4326,2025-06-08 00:00:00,6.96,0.33,19.6,72.0,6.14,991.2,4.71,559.19,4.58,Normal,Synthetic rain-gauge/weather series,SYNTHETIC_PROTOTYPE
IN-WX-0250,Visakhapatnam,Andhra Pradesh,17.684115,83.225807,EPSG:4326,2025-06-08 00:00:00,16.35,1.75,31.3,74.0,7.29,1019.6,6.48,220.75,6.72,Normal,Synthetic rain-gauge/weather series,SYNTHETIC_PROTOTYPE
IN-WX-0251,Srinagar,Jammu and Kashmir,34.075085,74.805335,EPSG:4326,2025-06-08 00:00:00,9.7,3.48,26.8,50.0,7.89,1014.3,8.84,949.69,9.05,Warning,Synthetic rain-gauge/weather series,SYNTHETIC_PROTOTYPE
IN-WX-0252,Shimla,Himachal Pradesh,31.095365,77.172166,EPSG:4326,2025-06-08 00:00:00,0.44,0.02,16.8,62.9,13.16,1017.1,5.58,346.44,5.34,Normal,Synthetic rain-gauge/weather series,SYNTHETIC_PROTOTYPE
IN-WX-0253,Dehradun,Uttarakhand,30.312991,78.032068,EPSG:4326,2025-06-08 00:00:00,5.09,0.29,24.8,53.4,12.85,1011.8,10.11,1200.17,10.31,Danger,Synthetic rain-gauge/weather series,SYNTHETIC_PROTOTYPE
IN-WX-0254,Gaya,Bihar,24.786612,85.006944,EPSG:4326,2025-06-08 00:00:00,9.45,2.43,34.9,71.6,6.28,1003.3,10.04,1271.8,10.18,Danger,Synthetic rain-gauge/weather series,SYNTHETIC_PROTOTYPE
IN-WX-0255,Agra,Uttar Pradesh,27.185312,78.004769,EPSG:4326,2025-06-08 00:00:00,15.47,1.01,25.0,60.0,10.02,1010.2,7.79,353.98,7.52,Warning,Synthetic rain-gauge/weather series,SYNTHETIC_PROTOTYPE
IN-WX-0256,Gandhinagar,Gujarat,23.217403,72.642016,EPSG:4326,2025-06-08 00:00:00,4.54,0.47,13.9,71.0,2.88,1011.9,5.74,559.9,5.95,Normal,Synthetic rain-gauge/weather series,SYNTHETIC_PROTOTYPE
IN-WX-0257,Delhi,Delhi,28.614865,77.204148,EPSG:4326,2025-06-09 00:00:00,10.71,0.89,26.9,73.5,10.77,1011.1,2.65,309.6,2.92,Normal,Synthetic rain-gauge/weather series,SYNTHETIC_PROTOTYPE
IN-WX-0258,Mumbai,Maharashtra,19.070532,72.873474,EPSG:4326,2025-06-09 00:00:00,21.42,2.26,25.6,59.3,13.42,1017.8,7.08,351.25,6.78,Warning,Synthetic rain-gauge/weather series,SYNTHETIC_PROTOTYPE
IN-WX-0259,Pune,Maharashtra,18.524087,73.854502,EPSG:4326,2025-06-09 00:00:00,7.37,0.55,33.2,85.7,3.0,1003.6,8.56,265.35,8.27,Warning,Synthetic rain-gauge/weather series,SYNTHETIC_PROTOTYPE
IN-WX-0260,Nagpur,Maharashtra,21.142442,79.096752,EPSG:4326,2025-06-09 00:00:00,17.04,1.22,25.6,52.8,2.21,1019.5,8.23,618.15,8.24,Warning,Synthetic rain-gauge/weather series,SYNTHETIC_PROTOTYPE
IN-WX-0261,Ahmedabad,Gujarat,23.017203,72.562861,EPSG:4326,2025-06-09 00:00:00,9.05,0.57,19.6,81.8,13.91,1002.1,9.25,985.67,9.54,Danger,Synthetic rain-gauge/weather series,SYNTHETIC_PROTOTYPE
IN-WX-0262,Surat,Gujarat,21.178904,72.830967,EPSG:4326,2025-06-09 00:00:00,29.98,2.75,35.4,68.3,8.13,1015.2,7.58,289.49,7.81,Warning,Synthetic rain-gauge/weather series,SYNTHETIC_PROTOTYPE
IN-WX-0263,Jaipur,Rajasthan,26.921707,75.783495,EPSG:4326,2025-06-09 00:00:00,36.85,2.28,21.7,53.2,8.03,1019.2,2.71,249.13,2.96,Normal,Synthetic rain-gauge/weather series,SYNTHETIC_PROTOTYPE
IN-WX-0264,Lucknow,Uttar Pradesh,26.844691,80.940007,EPSG:4326,2025-06-09 00:00:00,5.85,1.09,29.2,53.7,8.28,1002.9,3.49,107.19,3.24,Normal,Synthetic rain-gauge/weather series,SYNTHETIC_PROTOTYPE
IN-WX-0265,Varanasi,Uttar Pradesh,25.311196,82.981485,EPSG:4326,2025-06-09 00:00:00,9.15,0.41,24.4,68.0,6.95,991.3,4.4,517.13,4.69,Normal,Synthetic rain-gauge/weather series,SYNTHETIC_PROTOTYPE
IN-WX-0266,Patna,Bihar,25.586673,85.136048,EPSG:4326,2025-06-09 00:00:00,5.0,0.28,16.8,50.5,9.29,999.1,6.46,368.9,6.62,Normal,Synthetic rain-gauge/weather series,SYNTHETIC_PROTOTYPE
IN-WX-0267,Kolkata,West Bengal,22.572321,88.371995,EPSG:4326,2025-06-09 00:00:00,3.94,0.55,13.8,46.5,6.65,998.8,4.38,426.51,4.5,Normal,Synthetic rain-gauge/weather series,SYNTHETIC_PROTOTYPE
IN-WX-0268,Guwahati,Assam,26.141544,91.72645,EPSG:4326,2025-06-09 00:00:00,24.2,1.67,18.2,95.2,7.98,990.3,5.39,309.47,5.55,Normal,Synthetic rain-gauge/weather series,SYNTHETIC_PROTOTYPE
IN-WX-0269,Bhubaneswar,Odisha,20.28913,85.829308,EPSG:4326,2025-06-09 00:00:00,14.98,0.89,28.6,50.9,4.97,992.1,7.78,506.72,7.66,Warning,Synthetic rain-gauge/weather series,SYNTHETIC_PROTOTYPE
IN-WX-0270,Ranchi,Jharkhand,23.337299,85.310295,EPSG:4326,2025-06-09 00:00:00,27.12,1.57,15.9,66.7,7.59,1008.8,4.89,406.61,4.84,Normal,Synthetic rain-gauge/weather series,SYNTHETIC_PROTOTYPE
IN-WX-0271,Bhopal,Madhya Pradesh,23.263058,77.421868,EPSG:4326,2025-06-09 00:00:00,19.1,5.28,33.4,88.4,11.34,996.6,9.67,1092.03,9.69,Danger,Synthetic rain-gauge/weather series,SYNTHETIC_PROTOTYPE
IN-WX-0272,Indore,Madhya Pradesh,22.723422,75.850809,EPSG:4326,2025-06-09 00:00:00,12.75,1.88,15.3,97.8,2.65,1008.8,7.18,522.64,7.16,Warning,Synthetic rain-gauge/weather series,SYNTHETIC_PROTOTYPE
IN-WX-0273,Raipur,Chhattisgarh,21.255248,81.626583,EPSG:4326,2025-06-09 00:00:00,34.02,1.85,12.9,97.8,12.51,999.9,6.76,878.72,6.53,Warning,Synthetic rain-gauge/weather series,SYNTHETIC_PROTOTYPE
IN-WX-0274,Hyderabad,Telangana,17.377913,78.495713,EPSG:4326,2025-06-09 00:00:00,4.46,0.31,14.6,45.4,11.61,1001.5,4.3,107.61,4.06,Normal,Synthetic rain-gauge/weather series,SYNTHETIC_PROTOTYPE
IN-WX-0275,Bengaluru,Karnataka,12.96161,77.590805,EPSG:4326,2025-06-09 00:00:00,2.24,0.11,12.6,61.8,2.22,1005.8,5.13,263.66,5.3,Normal,Synthetic rain-gauge/weather series,SYNTHETIC_PROTOTYPE
IN-WX-0276,Mysuru,Karnataka,12.305625,76.637243,EPSG:4326,2025-06-09 00:00:00,16.34,1.42,12.6,84.8,2.63,1000.9,6.06,414.44,6.03,Normal,Synthetic rain-gauge/weather series,SYNTHETIC_PROTOTYPE
IN-WX-0277,Chennai,Tamil Nadu,13.087667,80.269395,EPSG:4326,2025-06-09 00:00:00,5.27,0.34,29.2,86.7,2.16,997.5,6.71,304.2,6.48,Warning,Synthetic rain-gauge/weather series,SYNTHETIC_PROTOTYPE
IN-WX-0278,Coimbatore,Tamil Nadu,11.016716,76.959805,EPSG:4326,2025-06-09 00:00:00,15.25,0.7,22.4,74.6,1.9,1006.7,10.03,1222.39,10.17,Danger,Synthetic rain-gauge/weather series,SYNTHETIC_PROTOTYPE
IN-WX-0279,Kochi,Kerala,9.934739,76.266869,EPSG:4326,2025-06-09 00:00:00,10.5,0.84,35.5,77.4,5.95,990.9,1.47,177.58,1.35,Normal,Synthetic rain-gauge/weather series,SYNTHETIC_PROTOTYPE
IN-WX-0280,Thiruvananthapuram,Kerala,8.524783,76.935934,EPSG:4326,2025-06-09 00:00:00,26.91,1.37,28.3,52.8,1.88,992.0,7.75,417.8,7.46,Warning,Synthetic rain-gauge/weather series,SYNTHETIC_PROTOTYPE
IN-WX-0281,Vijayawada,Andhra Pradesh,16.500945,80.651044,EPSG:4326,2025-06-09 00:00:00,6.27,0.31,30.7,93.4,4.37,1002.3,6.47,702.08,6.45,Normal,Synthetic rain-gauge/weather series,SYNTHETIC_PROTOTYPE
IN-WX-0282,Visakhapatnam,Andhra Pradesh,17.692503,83.213237,EPSG:4326,2025-06-09 00:00:00,26.94,1.4,12.8,47.8,13.7,1000.1,7.27,503.42,7.24,Warning,Synthetic rain-gauge/weather series,SYNTHETIC_PROTOTYPE
IN-WX-0283,Srinagar,Jammu and Kashmir,34.085644,74.794115,EPSG:4326,2025-06-09 00:00:00,21.4,3.62,33.6,83.8,10.7,1012.0,9.56,240.11,9.62,Danger,Synthetic rain-gauge/weather series,SYNTHETIC_PROTOTYPE
IN-WX-0284,Shimla,Himachal Pradesh,31.105001,77.176653,EPSG:4326,2025-06-09 00:00:00,13.61,1.16,27.3,58.7,12.55,999.2,7.52,521.26,7.4,Warning,Synthetic rain-gauge/weather series,SYNTHETIC_PROTOTYPE
IN-WX-0285,Dehradun,Uttarakhand,30.323417,78.028581,EPSG:4326,2025-06-09 00:00:00,7.77,0.49,12.1,88.2,12.48,999.8,1.51,133.62,1.73,Normal,Synthetic rain-gauge/weather series,SYNTHETIC_PROTOTYPE
IN-WX-0286,Gaya,Bihar,24.79019,84.995487,EPSG:4326,2025-06-09 00:00:00,4.39,0.26,14.5,76.6,4.55,1000.7,7.32,238.66,7.28,Warning,Synthetic rain-gauge/weather series,SYNTHETIC_PROTOTYPE
IN-WX-0287,Agra,Uttar Pradesh,27.168237,78.00055,EPSG:4326,2025-06-09 00:00:00,10.99,0.49,35.6,54.5,7.81,1008.9,1.52,115.57,1.77,Normal,Synthetic rain-gauge/weather series,SYNTHETIC_PROTOTYPE
IN-WX-0288,Gandhinagar,Gujarat,23.223019,72.645988,EPSG:4326,2025-06-09 00:00:00,0.71,0.06,31.4,78.9,3.68,991.5,4.71,353.84,4.63,Normal,Synthetic rain-gauge/weather series,SYNTHETIC_PROTOTYPE
IN-WX-0289,Delhi,Delhi,28.60619,77.201686,EPSG:4326,2025-06-10 00:00:00,3.27,0.27,15.4,57.7,10.27,1017.0,1.15,31.43,1.39,Normal,Synthetic rain-gauge/weather series,SYNTHETIC_PROTOTYPE
IN-WX-0290,Mumbai,Maharashtra,19.082925,72.879622,EPSG:4326,2025-06-10 00:00:00,10.12,3.39,28.4,95.7,5.07,1000.1,1.7,93.19,1.5,Normal,Synthetic rain-gauge/weather series,SYNTHETIC_PROTOTYPE
IN-WX-0291,Pune,Maharashtra,18.523445,73.85538,EPSG:4326,2025-06-10 00:00:00,11.62,0.57,18.0,82.8,2.87,997.8,10.65,514.05,10.94,Danger,Synthetic rain-gauge/weather series,SYNTHETIC_PROTOTYPE
IN-WX-0292,Nagpur,Maharashtra,21.137343,79.095471,EPSG:4326,2025-06-10 00:00:00,16.36,1.04,17.7,62.2,7.89,1013.7,4.49,488.82,4.65,Normal,Synthetic rain-gauge/weather series,SYNTHETIC_PROTOTYPE
IN-WX-0293,Ahmedabad,Gujarat,23.030738,72.565608,EPSG:4326,2025-06-10 00:00:00,20.07,1.03,20.1,47.6,9.01,996.9,6.36,301.15,6.22,Normal,Synthetic rain-gauge/weather series,SYNTHETIC_PROTOTYPE
IN-WX-0294,Surat,Gujarat,21.169526,72.827458,EPSG:4326,2025-06-10 00:00:00,27.05,2.2,28.4,45.7,2.2,994.0,4.73,236.56,5.02,Normal,Synthetic rain-gauge/weather series,SYNTHETIC_PROTOTYPE
IN-WX-0295,Jaipur,Rajasthan,26.904438,75.795089,EPSG:4326,2025-06-10 00:00:00,2.7,0.13,17.3,78.3,3.31,1010.6,6.93,559.05,6.87,Warning,Synthetic rain-gauge/weather series,SYNTHETIC_PROTOTYPE
IN-WX-0296,Lucknow,Uttar Pradesh,26.852789,80.943648,EPSG:4326,2025-06-10 00:00:00,6.35,0.29,14.6,67.0,11.55,1001.7,7.26,299.73,7.16,Warning,Synthetic rain-gauge/weather series,SYNTHETIC_PROTOTYPE
IN-WX-0297,Varanasi,Uttar Pradesh,25.324024,82.973612,EPSG:4326,2025-06-10 00:00:00,8.96,0.74,26.9,77.4,8.4,1007.8,9.39,1104.45,9.45,Danger,Synthetic rain-gauge/weather series,SYNTHETIC_PROTOTYPE
IN-WX-0298,Patna,Bihar,25.596881,85.129451,EPSG:4326,2025-06-10 00:00:00,3.75,0.2,25.8,75.3,12.08,1017.1,9.65,560.43,9.88,Danger,Synthetic rain-gauge/weather series,SYNTHETIC_PROTOTYPE
IN-WX-0299,Kolkata,West Bengal,22.57982,88.364029,EPSG:4326,2025-06-10 00:00:00,35.88,3.64,14.6,72.5,2.56,992.9,3.87,345.88,3.91,Normal,Synthetic rain-gauge/weather series,SYNTHETIC_PROTOTYPE
IN-WX-0300,Guwahati,Assam,26.1507,91.742429,EPSG:4326,2025-06-10 00:00:00,13.6,2.38,17.5,46.7,4.56,1017.7,6.08,230.14,6.17,Normal,Synthetic rain-gauge/weather series,SYNTHETIC_PROTOTYPE
IN-WX-0301,Bhubaneswar,Odisha,20.300156,85.826509,EPSG:4326,2025-06-10 00:00:00,7.56,0.48,33.5,94.1,4.79,996.3,7.36,608.36,7.54,Warning,Synthetic rain-gauge/weather series,SYNTHETIC_PROTOTYPE
IN-WX-0302,Ranchi,Jharkhand,23.35031,85.31947,EPSG:4326,2025-06-10 00:00:00,3.04,0.36,29.2,80.2,12.48,1015.5,2.97,282.29,3.01,Normal,Synthetic rain-gauge/weather series,SYNTHETIC_PROTOTYPE
IN-WX-0303,Bhopal,Madhya Pradesh,23.254662,77.417255,EPSG:4326,2025-06-10 00:00:00,10.48,0.74,23.8,69.0,3.01,997.5,9.74,947.11,9.97,Danger,Synthetic rain-gauge/weather series,SYNTHETIC_PROTOTYPE
IN-WX-0304,Indore,Madhya Pradesh,22.711438,75.856208,EPSG:4326,2025-06-10 00:00:00,5.49,0.28,12.9,81.6,7.12,1006.5,3.09,210.95,3.25,Normal,Synthetic rain-gauge/weather series,SYNTHETIC_PROTOTYPE
IN-WX-0305,Raipur,Chhattisgarh,21.244765,81.634107,EPSG:4326,2025-06-10 00:00:00,23.42,2.47,22.5,97.7,0.83,1007.3,6.54,278.94,6.37,Warning,Synthetic rain-gauge/weather series,SYNTHETIC_PROTOTYPE
IN-WX-0306,Hyderabad,Telangana,17.385908,78.486241,EPSG:4326,2025-06-10 00:00:00,35.4,2.87,20.3,65.2,13.26,1006.0,11.32,1181.41,11.05,Danger,Synthetic rain-gauge/weather series,SYNTHETIC_PROTOTYPE
IN-WX-0307,Bengaluru,Karnataka,12.979899,77.594081,EPSG:4326,2025-06-10 00:00:00,5.83,0.4,29.9,68.1,8.62,995.6,3.18,355.11,3.03,Normal,Synthetic rain-gauge/weather series,SYNTHETIC_PROTOTYPE
IN-WX-0308,Mysuru,Karnataka,12.293183,76.642313,EPSG:4326,2025-06-10 00:00:00,2.01,0.1,34.6,87.0,1.94,1018.9,3.11,366.84,2.97,Normal,Synthetic rain-gauge/weather series,SYNTHETIC_PROTOTYPE
IN-WX-0309,Chennai,Tamil Nadu,13.075079,80.267641,EPSG:4326,2025-06-10 00:00:00,23.1,1.21,34.6,69.7,1.87,991.4,8.91,956.29,8.71,Warning,Synthetic rain-gauge/weather series,SYNTHETIC_PROTOTYPE
IN-WX-0310,Coimbatore,Tamil Nadu,11.00737,76.963827,EPSG:4326,2025-06-10 00:00:00,14.22,1.22,33.9,88.2,3.13,991.5,9.38,329.8,9.54,Danger,Synthetic rain-gauge/weather series,SYNTHETIC_PROTOTYPE
IN-WX-0311,Kochi,Kerala,9.92799,76.257652,EPSG:4326,2025-06-10 00:00:00,24.23,5.45,33.4,68.6,10.42,1014.1,3.5,160.23,3.77,Normal,Synthetic rain-gauge/weather series,SYNTHETIC_PROTOTYPE
IN-WX-0312,Thiruvananthapuram,Kerala,8.521348,76.942247,EPSG:4326,2025-06-10 00:00:00,6.02,0.39,26.9,60.8,3.03,993.7,3.32,204.19,3.51,Normal,Synthetic rain-gauge/weather series,SYNTHETIC_PROTOTYPE
IN-WX-0313,Vijayawada,Andhra Pradesh,16.512072,80.657724,EPSG:4326,2025-06-10 00:00:00,7.55,0.37,18.5,83.9,6.06,992.5,4.84,300.59,5.14,Normal,Synthetic rain-gauge/weather series,SYNTHETIC_PROTOTYPE
IN-WX-0314,Visakhapatnam,Andhra Pradesh,17.695603,83.223486,EPSG:4326,2025-06-10 00:00:00,3.52,0.24,26.5,61.9,6.52,1014.7,8.74,770.68,8.71,Warning,Synthetic rain-gauge/weather series,SYNTHETIC_PROTOTYPE
IN-WX-0315,Srinagar,Jammu and Kashmir,34.093584,74.798747,EPSG:4326,2025-06-10 00:00:00,14.71,0.63,27.4,82.5,4.82,1016.1,9.29,194.16,9.04,Danger,Synthetic rain-gauge/weather series,SYNTHETIC_PROTOTYPE
IN-WX-0316,Shimla,Himachal Pradesh,31.097251,77.172736,EPSG:4326,2025-06-10 00:00:00,15.01,2.54,32.6,86.8,8.1,1012.9,5.82,569.11,6.05,Normal,Synthetic rain-gauge/weather series,SYNTHETIC_PROTOTYPE
IN-WX-0317,Dehradun,Uttarakhand,30.325364,78.027459,EPSG:4326,2025-06-10 00:00:00,11.32,0.49,34.6,56.8,7.69,1004.4,6.84,306.8,6.66,Warning,Synthetic rain-gauge/weather series,SYNTHETIC_PROTOTYPE
IN-WX-0318,Gaya,Bihar,24.796507,84.997171,EPSG:4326,2025-06-10 00:00:00,19.78,1.38,25.5,62.1,4.0,999.8,4.36,288.74,4.57,Normal,Synthetic rain-gauge/weather series,SYNTHETIC_PROTOTYPE
IN-WX-0319,Agra,Uttar Pradesh,27.174959,78.011629,EPSG:4326,2025-06-10 00:00:00,29.47,5.43,12.2,68.7,8.15,1017.2,11.37,881.67,11.33,Danger,Synthetic rain-gauge/weather series,SYNTHETIC_PROTOTYPE
IN-WX-0320,Gandhinagar,Gujarat,23.20829,72.632619,EPSG:4326,2025-06-10 00:00:00,3.63,0.16,23.3,78.5,11.15,1003.0,10.31,1048.42,10.38,Danger,Synthetic rain-gauge/weather series,SYNTHETIC_PROTOTYPE
IN-WX-0321,Delhi,Delhi,28.606368,77.199285,EPSG:4326,2025-06-11 00:00:00,47.54,4.14,20.4,57.1,2.15,1018.9,7.25,266.64,7.2,Warning,Synthetic rain-gauge/weather series,SYNTHETIC_PROTOTYPE
IN-WX-0322,Mumbai,Maharashtra,19.084382,72.870749,EPSG:4326,2025-06-11 00:00:00,2.16,0.15,14.5,69.3,9.49,992.1,9.52,440.6,9.74,Danger,Synthetic rain-gauge/weather series,SYNTHETIC_PROTOTYPE
IN-WX-0323,Pune,Maharashtra,18.517288,73.852948,EPSG:4326,2025-06-11 00:00:00,27.91,1.21,31.4,48.0,9.43,995.0,6.44,774.89,6.39,Normal,Synthetic rain-gauge/weather series,SYNTHETIC_PROTOTYPE
IN-WX-0324,Nagpur,Maharashtra,21.138387,79.086194,EPSG:4326,2025-06-11 00:00:00,5.37,0.38,35.7,79.6,8.54,1004.5,8.9,911.34,8.93,Warning,Synthetic rain-gauge/weather series,SYNTHETIC_PROTOTYPE
IN-WX-0325,Ahmedabad,Gujarat,23.026627,72.567508,EPSG:4326,2025-06-11 00:00:00,4.07,0.27,32.8,75.7,5.24,1012.6,3.72,196.16,3.75,Normal,Synthetic rain-gauge/weather series,SYNTHETIC_PROTOTYPE
IN-WX-0326,Surat,Gujarat,21.164181,72.828705,EPSG:4326,2025-06-11 00:00:00,32.94,1.68,29.2,49.0,1.99,993.1,6.81,565.46,6.77,Warning,Synthetic rain-gauge/weather series,SYNTHETIC_PROTOTYPE
IN-WX-0327,Jaipur,Rajasthan,26.918059,75.789098,EPSG:4326,2025-06-11 00:00:00,1.19,0.19,18.6,61.4,13.53,996.2,9.14,674.86,9.28,Danger,Synthetic rain-gauge/weather series,SYNTHETIC_PROTOTYPE
IN-WX-0328,Lucknow,Uttar Pradesh,26.839714,80.939034,EPSG:4326,2025-06-11 00:00:00,16.2,1.74,14.9,57.2,9.78,1016.3,3.5,397.42,3.61,Normal,Synthetic rain-gauge/weather series,SYNTHETIC_PROTOTYPE
IN-WX-0329,Varanasi,Uttar Pradesh,25.325324,82.970153,EPSG:4326,2025-06-11 00:00:00,11.98,0.89,19.5,61.7,12.08,1012.3,6.85,191.69,6.65,Warning,Synthetic rain-gauge/weather series,SYNTHETIC_PROTOTYPE
IN-WX-0330,Patna,Bihar,25.591753,85.127871,EPSG:4326,2025-06-11 00:00:00,10.4,0.47,23.8,84.6,13.49,1005.7,6.88,406.21,6.95,Warning,Synthetic rain-gauge/weather series,SYNTHETIC_PROTOTYPE
IN-WX-0331,Kolkata,West Bengal,22.573914,88.36922,EPSG:4326,2025-06-11 00:00:00,1.35,0.25,16.6,67.2,6.69,1007.6,4.93,638.22,5.01,Normal,Synthetic rain-gauge/weather series,SYNTHETIC_PROTOTYPE
IN-WX-0332,Guwahati,Assam,26.140615,91.729995,EPSG:4326,2025-06-11 00:00:00,3.87,0.26,25.1,47.3,4.24,1019.9,1.47,76.93,1.17,Normal,Synthetic rain-gauge/weather series,SYNTHETIC_PROTOTYPE
IN-WX-0333,Bhubaneswar,Odisha,20.303034,85.825845,EPSG:4326,2025-06-11 00:00:00,21.49,3.07,28.2,58.1,0.64,1001.7,7.01,395.93,6.83,Warning,Synthetic rain-gauge/weather series,SYNTHETIC_PROTOTYPE
IN-WX-0334,Ranchi,Jharkhand,23.351978,85.31025,EPSG:4326,2025-06-11 00:00:00,10.48,0.46,20.1,53.0,7.57,1017.9,6.4,300.31,6.21,Normal,Synthetic rain-gauge/weather series,SYNTHETIC_PROTOTYPE
IN-WX-0335,Bhopal,Madhya Pradesh,23.268323,77.419077,EPSG:4326,2025-06-11 00:00:00,6.03,0.28,28.9,49.9,2.91,1011.9,3.63,76.8,3.4,Normal,Synthetic rain-gauge/weather series,SYNTHETIC_PROTOTYPE
IN-WX-0336,Indore,Madhya Pradesh,22.726979,75.863356,EPSG:4326,2025-06-11 00:00:00,22.64,1.09,21.6,49.4,1.79,1001.7,9.74,1059.63,9.53,Danger,Synthetic rain-gauge/weather series,SYNTHETIC_PROTOTYPE
IN-WX-0337,Raipur,Chhattisgarh,21.245498,81.625734,EPSG:4326,2025-06-11 00:00:00,6.81,0.43,23.9,50.1,12.07,1017.4,3.3,409.75,3.52,Normal,Synthetic rain-gauge/weather series,SYNTHETIC_PROTOTYPE
IN-WX-0338,Hyderabad,Telangana,17.380238,78.487814,EPSG:4326,2025-06-11 00:00:00,13.99,1.2,30.6,48.8,7.76,1001.5,3.19,220.9,2.91,Normal,Synthetic rain-gauge/weather series,SYNTHETIC_PROTOTYPE
IN-WX-0339,Bengaluru,Karnataka,12.970673,77.588638,EPSG:4326,2025-06-11 00:00:00,13.18,0.75,34.6,46.8,7.57,1012.1,5.27,411.6,5.33,Normal,Synthetic rain-gauge/weather series,SYNTHETIC_PROTOTYPE
IN-WX-0340,Mysuru,Karnataka,12.303869,76.644009,EPSG:4326,2025-06-11 00:00:00,3.41,0.26,17.7,62.1,5.48,1015.1,9.15,781.6,9.16,Danger,Synthetic rain-gauge/weather series,SYNTHETIC_PROTOTYPE
IN-WX-0341,Chennai,Tamil Nadu,13.082651,80.263732,EPSG:4326,2025-06-11 00:00:00,11.55,0.68,15.4,77.3,13.79,1016.1,2.24,165.71,2.27,Normal,Synthetic rain-gauge/weather series,SYNTHETIC_PROTOTYPE
IN-WX-0342,Coimbatore,Tamil Nadu,11.008484,76.960008,EPSG:4326,2025-06-11 00:00:00,6.93,0.38,33.2,62.5,12.46,999.5,6.41,155.37,6.69,Normal,Synthetic rain-gauge/weather series,SYNTHETIC_PROTOTYPE
IN-WX-0343,Kochi,Kerala,9.931082,76.271846,EPSG:4326,2025-06-11 00:00:00,2.41,0.21,13.3,80.7,2.25,1016.3,9.43,285.42,9.16,Danger,Synthetic rain-gauge/weather series,SYNTHETIC_PROTOTYPE
IN-WX-0344,Thiruvananthapuram,Kerala,8.521967,76.929541,EPSG:4326,2025-06-11 00:00:00,2.5,0.18,27.4,71.2,4.37,1004.2,8.32,533.34,8.59,Warning,Synthetic rain-gauge/weather series,SYNTHETIC_PROTOTYPE
IN-WX-0345,Vijayawada,Andhra Pradesh,16.507082,80.641958,EPSG:4326,2025-06-11 00:00:00,8.36,0.36,32.7,50.1,12.52,997.9,3.99,86.89,4.09,Normal,Synthetic rain-gauge/weather series,SYNTHETIC_PROTOTYPE
IN-WX-0346,Visakhapatnam,Andhra Pradesh,17.690292,83.218315,EPSG:4326,2025-06-11 00:00:00,5.02,0.64,13.3,55.4,12.47,1009.8,9.84,427.9,9.68,Danger,Synthetic rain-gauge/weather series,SYNTHETIC_PROTOTYPE
IN-WX-0347,Srinagar,Jammu and Kashmir,34.074542,74.80609,EPSG:4326,2025-06-11 00:00:00,12.95,0.98,27.7,83.5,13.07,1019.8,4.06,155.25,4.11,Normal,Synthetic rain-gauge/weather series,SYNTHETIC_PROTOTYPE
IN-WX-0348,Shimla,Himachal Pradesh,31.095863,77.167947,EPSG:4326,2025-06-11 00:00:00,16.99,1.9,22.8,78.2,1.19,998.9,8.18,224.18,8.0,Warning,Synthetic rain-gauge/weather series,SYNTHETIC_PROTOTYPE
IN-WX-0349,Dehradun,Uttarakhand,30.315675,78.036828,EPSG:4326,2025-06-11 00:00:00,0.56,0.03,24.7,97.4,12.53,1009.6,5.46,440.87,5.56,Normal,Synthetic rain-gauge/weather series,SYNTHETIC_PROTOTYPE
IN-WX-0350,Gaya,Bihar,24.782799,84.997603,EPSG:4326,2025-06-11 00:00:00,0.8,0.11,20.2,86.1,1.8,998.5,2.93,125.07,2.88,Normal,Synthetic rain-gauge/weather series,SYNTHETIC_PROTOTYPE
IN-WX-0351,Agra,Uttar Pradesh,27.168607,78.015679,EPSG:4326,2025-06-11 00:00:00,15.77,0.75,21.9,61.4,1.67,998.0,8.71,250.6,8.95,Warning,Synthetic rain-gauge/weather series,SYNTHETIC_PROTOTYPE
IN-WX-0352,Gandhinagar,Gujarat,23.213677,72.641977,EPSG:4326,2025-06-11 00:00:00,23.62,1.39,25.2,64.0,1.41,1006.8,4.84,513.88,4.61,Normal,Synthetic rain-gauge/weather series,SYNTHETIC_PROTOTYPE
IN-WX-0353,Delhi,Delhi,28.614553,77.210888,EPSG:4326,2025-06-12 00:00:00,13.71,2.72,34.0,71.0,2.84,996.4,10.4,501.71,10.33,Danger,Synthetic rain-gauge/weather series,SYNTHETIC_PROTOTYPE
IN-WX-0354,Mumbai,Maharashtra,19.080166,72.883786,EPSG:4326,2025-06-12 00:00:00,3.57,0.27,22.1,64.8,1.82,1005.0,4.06,443.49,3.91,Normal,Synthetic rain-gauge/weather series,SYNTHETIC_PROTOTYPE
IN-WX-0355,Pune,Maharashtra,18.521382,73.852517,EPSG:4326,2025-06-12 00:00:00,7.05,0.67,21.7,68.5,1.74,991.4,7.39,440.08,7.21,Warning,Synthetic rain-gauge/weather series,SYNTHETIC_PROTOTYPE
IN-WX-0356,Nagpur,Maharashtra,21.144886,79.086501,EPSG:4326,2025-06-12 00:00:00,6.64,0.31,19.0,87.3,1.75,1016.1,8.42,613.75,8.45,Warning,Synthetic rain-gauge/weather series,SYNTHETIC_PROTOTYPE
IN-WX-0357,Ahmedabad,Gujarat,23.013372,72.56231,EPSG:4326,2025-06-12 00:00:00,16.29,4.95,30.4,81.8,10.77,1018.3,8.19,1034.27,8.01,Warning,Synthetic rain-gauge/weather series,SYNTHETIC_PROTOTYPE
IN-WX-0358,Surat,Gujarat,21.162943,72.830323,EPSG:4326,2025-06-12 00:00:00,15.67,2.22,32.8,90.4,5.13,1014.0,4.34,238.6,4.39,Normal,Synthetic rain-gauge/weather series,SYNTHETIC_PROTOTYPE
IN-WX-0359,Jaipur,Rajasthan,26.912986,75.781882,EPSG:4326,2025-06-12 00:00:00,21.9,2.75,26.1,53.2,10.42,1006.2,8.53,475.13,8.42,Warning,Synthetic rain-gauge/weather series,SYNTHETIC_PROTOTYPE
IN-WX-0360,Lucknow,Uttar Pradesh,26.843569,80.939672,EPSG:4326,2025-06-12 00:00:00,5.28,0.48,33.4,51.2,6.12,1005.9,8.15,212.41,8.12,Warning,Synthetic rain-gauge/weather series,SYNTHETIC_PROTOTYPE
IN-WX-0361,Varanasi,Uttar Pradesh,25.315867,82.976189,EPSG:4326,2025-06-12 00:00:00,5.11,0.22,18.3,85.0,3.25,1012.9,9.94,564.34,10.11,Danger,Synthetic rain-gauge/weather series,SYNTHETIC_PROTOTYPE
IN-WX-0362,Patna,Bihar,25.5932,85.141079,EPSG:4326,2025-06-12 00:00:00,10.12,0.46,14.3,60.0,10.13,994.4,7.27,149.82,7.09,Warning,Synthetic rain-gauge/weather series,SYNTHETIC_PROTOTYPE
IN-WX-0363,Kolkata,West Bengal,22.563253,88.355493,EPSG:4326,2025-06-12 00:00:00,4.89,0.32,21.3,46.4,12.33,1013.1,9.46,823.39,9.73,Danger,Synthetic rain-gauge/weather series,SYNTHETIC_PROTOTYPE
IN-WX-0364,Guwahati,Assam,26.137266,91.738065,EPSG:4326,2025-06-12 00:00:00,11.77,1.56,20.8,54.1,6.86,992.6,2.0,88.32,2.07,Normal,Synthetic rain-gauge/weather series,SYNTHETIC_PROTOTYPE
IN-WX-0365,Bhubaneswar,Odisha,20.298061,85.833552,EPSG:4326,2025-06-12 00:00:00,36.01,1.56,12.6,59.0,8.85,1019.1,6.91,334.95,7.16,Warning,Synthetic rain-gauge/weather series,SYNTHETIC_PROTOTYPE
IN-WX-0366,Ranchi,Jharkhand,23.334363,85.317113,EPSG:4326,2025-06-12 00:00:00,2.14,0.16,16.0,90.5,4.94,1014.3,3.19,360.19,3.27,Normal,Synthetic rain-gauge/weather series,SYNTHETIC_PROTOTYPE
IN-WX-0367,Bhopal,Madhya Pradesh,23.268445,77.413599,EPSG:4326,2025-06-12 00:00:00,57.43,19.17,14.5,75.2,1.23,1006.2,7.9,306.42,7.69,Warning,Synthetic rain-gauge/weather series,SYNTHETIC_PROTOTYPE
IN-WX-0368,Indore,Madhya Pradesh,22.726567,75.853019,EPSG:4326,2025-06-12 00:00:00,2.48,0.46,34.6,48.6,10.67,1018.9,7.72,177.18,7.8,Warning,Synthetic rain-gauge/weather series,SYNTHETIC_PROTOTYPE
IN-WX-0369,Raipur,Chhattisgarh,21.25215,81.620616,EPSG:4326,2025-06-12 00:00:00,13.16,0.64,14.5,80.3,1.76,991.7,7.64,748.33,7.73,Warning,Synthetic rain-gauge/weather series,SYNTHETIC_PROTOTYPE
IN-WX-0370,Hyderabad,Telangana,17.379715,78.488695,EPSG:4326,2025-06-12 00:00:00,17.64,0.74,16.4,96.2,10.75,1017.4,3.61,85.71,3.76,Normal,Synthetic rain-gauge/weather series,SYNTHETIC_PROTOTYPE
IN-WX-0371,Bengaluru,Karnataka,12.971049,77.599467,EPSG:4326,2025-06-12 00:00:00,12.27,1.12,34.5,53.2,10.01,994.9,9.66,721.65,9.74,Danger,Synthetic rain-gauge/weather series,SYNTHETIC_PROTOTYPE
IN-WX-0372,Mysuru,Karnataka,12.300928,76.632232,EPSG:4326,2025-06-12 00:00:00,10.73,0.61,20.9,87.9,3.84,1005.6,9.22,862.5,9.51,Danger,Synthetic rain-gauge/weather series,SYNTHETIC_PROTOTYPE
IN-WX-0373,Chennai,Tamil Nadu,13.084473,80.264276,EPSG:4326,2025-06-12 00:00:00,18.22,1.11,23.1,87.8,12.4,990.3,5.86,454.59,5.72,Normal,Synthetic rain-gauge/weather series,SYNTHETIC_PROTOTYPE
IN-WX-0374,Coimbatore,Tamil Nadu,11.017241,76.956289,EPSG:4326,2025-06-12 00:00:00,2.65,0.27,19.2,52.8,2.35,1008.5,0.92,71.64,0.69,Normal,Synthetic rain-gauge/weather series,SYNTHETIC_PROTOTYPE
IN-WX-0375,Kochi,Kerala,9.937887,76.271175,EPSG:4326,2025-06-12 00:00:00,30.4,1.37,23.6,94.2,13.62,1002.4,5.01,462.36,4.8,Normal,Synthetic rain-gauge/weather series,SYNTHETIC_PROTOTYPE
IN-WX-0376,Thiruvananthapuram,Kerala,8.523661,76.930174,EPSG:4326,2025-06-12 00:00:00,3.48,0.46,16.0,66.2,12.52,1018.2,10.23,1264.96,10.51,Danger,Synthetic rain-gauge/weather series,SYNTHETIC_PROTOTYPE
IN-WX-0377,Vijayawada,Andhra Pradesh,16.512895,80.656737,EPSG:4326,2025-06-12 00:00:00,8.47,1.21,34.5,71.1,10.14,1014.1,9.61,407.96,9.44,Danger,Synthetic rain-gauge/weather series,SYNTHETIC_PROTOTYPE
IN-WX-0378,Visakhapatnam,Andhra Pradesh,17.691017,83.226539,EPSG:4326,2025-06-12 00:00:00,11.87,0.95,33.1,84.7,7.62,1006.0,1.68,54.0,1.9,Normal,Synthetic rain-gauge/weather series,SYNTHETIC_PROTOTYPE
IN-WX-0379,Srinagar,Jammu and Kashmir,34.083553,74.801319,EPSG:4326,2025-06-12 00:00:00,17.53,1.23,12.5,66.9,6.6,1000.3,8.6,1049.83,8.63,Warning,Synthetic rain-gauge/weather series,SYNTHETIC_PROTOTYPE
IN-WX-0380,Shimla,Himachal Pradesh,31.113284,77.177991,EPSG:4326,2025-06-12 00:00:00,19.61,1.42,28.8,85.4,12.31,994.6,6.45,337.62,6.25,Normal,Synthetic rain-gauge/weather series,SYNTHETIC_PROTOTYPE
IN-WX-0381,Dehradun,Uttarakhand,30.324448,78.026698,EPSG:4326,2025-06-12 00:00:00,3.29,0.14,32.5,73.0,5.69,1005.4,6.79,860.58,7.0,Warning,Synthetic rain-gauge/weather series,SYNTHETIC_PROTOTYPE
IN-WX-0382,Gaya,Bihar,24.79988,84.997823,EPSG:4326,2025-06-12 00:00:00,15.99,0.7,13.1,61.4,1.59,994.9,5.03,562.08,4.86,Normal,Synthetic rain-gauge/weather series,SYNTHETIC_PROTOTYPE
IN-WX-0383,Agra,Uttar Pradesh,27.182396,78.012115,EPSG:4326,2025-06-12 00:00:00,28.64,3.04,19.9,66.5,4.06,1010.1,3.95,435.3,3.86,Normal,Synthetic rain-gauge/weather series,SYNTHETIC_PROTOTYPE
IN-WX-0384,Gandhinagar,Gujarat,23.216094,72.642339,EPSG:4326,2025-06-12 00:00:00,7.98,1.04,25.7,51.4,4.46,996.7,8.61,381.85,8.72,Warning,Synthetic rain-gauge/weather series,SYNTHETIC_PROTOTYPE
IN-WX-0385,Delhi,Delhi,28.607195,77.208282,EPSG:4326,2025-06-13 00:00:00,52.4,6.95,25.3,47.2,6.08,991.4,5.75,593.58,5.77,Normal,Synthetic rain-gauge/weather series,SYNTHETIC_PROTOTYPE
IN-WX-0386,Mumbai,Maharashtra,19.084346,72.882975,EPSG:4326,2025-06-13 00:00:00,27.22,2.54,16.6,48.8,2.23,1015.0,7.14,600.89,7.38,Warning,Synthetic rain-gauge/weather series,SYNTHETIC_PROTOTYPE
IN-WX-0387,Pune,Maharashtra,18.517818,73.866659,EPSG:4326,2025-06-13 00:00:00,27.36,1.56,31.1,84.5,1.93,997.6,6.8,448.7,6.67,Warning,Synthetic rain-gauge/weather series,SYNTHETIC_PROTOTYPE
IN-WX-0388,Nagpur,Maharashtra,21.150069,79.085118,EPSG:4326,2025-06-13 00:00:00,2.02,0.11,30.7,67.8,1.63,999.3,6.19,369.95,6.43,Normal,Synthetic rain-gauge/weather series,SYNTHETIC_PROTOTYPE
IN-WX-0389,Ahmedabad,Gujarat,23.025333,72.565794,EPSG:4326,2025-06-13 00:00:00,2.27,0.3,26.2,58.1,3.4,1005.1,5.24,356.67,5.31,Normal,Synthetic rain-gauge/weather series,SYNTHETIC_PROTOTYPE
IN-WX-0390,Surat,Gujarat,21.17453,72.838911,EPSG:4326,2025-06-13 00:00:00,2.44,0.13,28.3,59.7,6.36,1004.5,9.47,756.73,9.51,Danger,Synthetic rain-gauge/weather series,SYNTHETIC_PROTOTYPE
IN-WX-0391,Jaipur,Rajasthan,26.920092,75.791137,EPSG:4326,2025-06-13 00:00:00,33.31,2.03,22.5,49.8,5.66,1010.8,6.53,588.19,6.83,Warning,Synthetic rain-gauge/weather series,SYNTHETIC_PROTOTYPE
IN-WX-0392,Lucknow,Uttar Pradesh,26.839972,80.943561,EPSG:4326,2025-06-13 00:00:00,1.41,0.13,31.0,83.0,2.46,1001.2,5.85,745.5,5.91,Normal,Synthetic rain-gauge/weather series,SYNTHETIC_PROTOTYPE
IN-WX-0393,Varanasi,Uttar Pradesh,25.313736,82.980481,EPSG:4326,2025-06-13 00:00:00,3.38,0.23,17.2,72.9,5.37,1011.0,5.18,535.1,4.91,Normal,Synthetic rain-gauge/weather series,SYNTHETIC_PROTOTYPE
IN-WX-0394,Patna,Bihar,25.586071,85.129938,EPSG:4326,2025-06-13 00:00:00,27.37,1.16,21.4,47.1,2.13,993.6,9.21,1144.08,9.48,Danger,Synthetic rain-gauge/weather series,SYNTHETIC_PROTOTYPE
IN-WX-0395,Kolkata,West Bengal,22.579673,88.361147,EPSG:4326,2025-06-13 00:00:00,17.82,0.77,13.0,85.4,5.1,998.6,10.17,906.44,10.33,Danger,Synthetic rain-gauge/weather series,SYNTHETIC_PROTOTYPE
IN-WX-0396,Guwahati,Assam,26.134608,91.741568,EPSG:4326,2025-06-13 00:00:00,6.07,1.02,22.4,73.4,7.72,1002.3,6.01,475.86,6.26,Normal,Synthetic rain-gauge/weather series,SYNTHETIC_PROTOTYPE
IN-WX-0397,Bhubaneswar,Odisha,20.301746,85.819124,EPSG:4326,2025-06-13 00:00:00,9.41,0.77,35.1,53.6,10.12,1002.2,1.9,112.26,2.19,Normal,Synthetic rain-gauge/weather series,SYNTHETIC_PROTOTYPE
IN-WX-0398,Ranchi,Jharkhand,23.351425,85.306969,EPSG:4326,2025-06-13 00:00:00,3.85,0.18,22.4,76.3,5.76,996.5,8.75,677.17,8.79,Warning,Synthetic rain-gauge/weather series,SYNTHETIC_PROTOTYPE
IN-WX-0399,Bhopal,Madhya Pradesh,23.26443,77.41029,EPSG:4326,2025-06-13 00:00:00,5.28,0.54,28.6,87.1,4.47,1007.3,9.38,657.13,9.48,Danger,Synthetic rain-gauge/weather series,SYNTHETIC_PROTOTYPE
IN-WX-0400,Indore,Madhya Pradesh,22.728233,75.864197,EPSG:4326,2025-06-13 00:00:00,50.36,2.63,12.9,86.6,5.42,994.9,3.83,294.42,3.85,Normal,Synthetic rain-gauge/weather series,SYNTHETIC_PROTOTYPE
IN-WX-0401,Raipur,Chhattisgarh,21.260485,81.629675,EPSG:4326,2025-06-13 00:00:00,21.65,4.67,25.1,85.8,1.84,993.1,2.86,121.83,2.96,Normal,Synthetic rain-gauge/weather series,SYNTHETIC_PROTOTYPE
IN-WX-0402,Hyderabad,Telangana,17.385797,78.479617,EPSG:4326,2025-06-13 00:00:00,22.16,1.51,32.7,95.4,3.54,1002.9,7.51,604.02,7.24,Warning,Synthetic rain-gauge/weather series,SYNTHETIC_PROTOTYPE
IN-WX-0403,Bengaluru,Karnataka,12.96571,77.60024,EPSG:4326,2025-06-13 00:00:00,17.58,1.27,30.8,59.1,9.96,993.6,4.87,521.51,4.97,Normal,Synthetic rain-gauge/weather series,SYNTHETIC_PROTOTYPE
IN-WX-0404,Mysuru,Karnataka,12.289254,76.642147,EPSG:4326,2025-06-13 00:00:00,8.81,0.64,14.8,79.8,1.81,1008.5,6.33,417.39,6.35,Normal,Synthetic rain-gauge/weather series,SYNTHETIC_PROTOTYPE
IN-WX-0405,Chennai,Tamil Nadu,13.090096,80.265921,EPSG:4326,2025-06-13 00:00:00,8.18,0.38,34.2,63.2,0.61,991.7,10.52,806.37,10.65,Danger,Synthetic rain-gauge/weather series,SYNTHETIC_PROTOTYPE
IN-WX-0406,Coimbatore,Tamil Nadu,11.019947,76.957724,EPSG:4326,2025-06-13 00:00:00,34.17,2.54,14.4,97.2,4.04,994.0,3.93,362.25,4.18,Normal,Synthetic rain-gauge/weather series,SYNTHETIC_PROTOTYPE
IN-WX-0407,Kochi,Kerala,9.927699,76.271985,EPSG:4326,2025-06-13 00:00:00,6.09,1.48,26.1,61.5,10.21,1016.3,9.82,206.51,9.61,Danger,Synthetic rain-gauge/weather series,SYNTHETIC_PROTOTYPE
IN-WX-0408,Thiruvananthapuram,Kerala,8.517836,76.933289,EPSG:4326,2025-06-13 00:00:00,7.57,1.37,31.1,84.2,10.53,997.7,5.91,522.24,5.77,Normal,Synthetic rain-gauge/weather series,SYNTHETIC_PROTOTYPE
IN-WX-0409,Vijayawada,Andhra Pradesh,16.497174,80.655266,EPSG:4326,2025-06-13 00:00:00,12.83,0.75,26.5,89.5,0.53,992.8,6.4,166.49,6.58,Normal,Synthetic rain-gauge/weather series,SYNTHETIC_PROTOTYPE
IN-WX-0410,Visakhapatnam,Andhra Pradesh,17.687461,83.212696,EPSG:4326,2025-06-13 00:00:00,19.43,0.92,17.6,71.0,5.24,996.5,2.1,268.49,2.3,Normal,Synthetic rain-gauge/weather series,SYNTHETIC_PROTOTYPE
IN-WX-0411,Srinagar,Jammu and Kashmir,34.076371,74.79995,EPSG:4326,2025-06-13 00:00:00,15.13,0.68,35.0,60.4,11.66,1007.5,3.35,161.61,3.2,Normal,Synthetic rain-gauge/weather series,SYNTHETIC_PROTOTYPE
IN-WX-0412,Shimla,Himachal Pradesh,31.101256,77.173936,EPSG:4326,2025-06-13 00:00:00,21.3,1.07,21.1,58.3,12.18,1012.8,3.66,221.4,3.59,Normal,Synthetic rain-gauge/weather series,SYNTHETIC_PROTOTYPE
IN-WX-0413,Dehradun,Uttarakhand,30.317832,78.032195,EPSG:4326,2025-06-13 00:00:00,16.51,4.68,22.1,48.3,1.22,1015.2,9.47,635.1,9.17,Danger,Synthetic rain-gauge/weather series,SYNTHETIC_PROTOTYPE
IN-WX-0414,Gaya,Bihar,24.79336,85.00042,EPSG:4326,2025-06-13 00:00:00,25.87,3.2,35.9,56.2,1.47,1000.2,5.89,423.11,5.91,Normal,Synthetic rain-gauge/weather series,SYNTHETIC_PROTOTYPE
IN-WX-0415,Agra,Uttar Pradesh,27.168546,78.006055,EPSG:4326,2025-06-13 00:00:00,1.71,0.11,26.6,64.4,3.86,1006.4,8.03,422.76,7.75,Warning,Synthetic rain-gauge/weather series,SYNTHETIC_PROTOTYPE
IN-WX-0416,Gandhinagar,Gujarat,23.211896,72.639234,EPSG:4326,2025-06-13 00:00:00,5.01,0.33,19.5,69.7,11.91,990.6,4.46,302.78,4.63,Normal,Synthetic rain-gauge/weather series,SYNTHETIC_PROTOTYPE
IN-WX-0417,Delhi,Delhi,28.609029,77.217101,EPSG:4326,2025-06-14 00:00:00,14.04,1.19,15.6,61.2,1.81,1005.3,9.19,734.18,9.42,Danger,Synthetic rain-gauge/weather series,SYNTHETIC_PROTOTYPE
IN-WX-0418,Mumbai,Maharashtra,19.078181,72.871292,EPSG:4326,2025-06-14 00:00:00,11.99,1.01,18.4,88.1,10.02,1010.9,8.33,818.38,8.25,Warning,Synthetic rain-gauge/weather series,SYNTHETIC_PROTOTYPE
IN-WX-0419,Pune,Maharashtra,18.528551,73.859928,EPSG:4326,2025-06-14 00:00:00,3.14,0.16,23.1,65.5,2.53,1005.4,4.19,287.25,4.23,Normal,Synthetic rain-gauge/weather series,SYNTHETIC_PROTOTYPE
IN-WX-0420,Nagpur,Maharashtra,21.136095,79.086445,EPSG:4326,2025-06-14 00:00:00,1.43,0.15,24.5,49.2,10.47,1003.9,7.96,554.37,7.85,Warning,Synthetic rain-gauge/weather series,SYNTHETIC_PROTOTYPE
IN-WX-0421,Ahmedabad,Gujarat,23.025341,72.571905,EPSG:4326,2025-06-14 00:00:00,23.7,2.32,15.1,94.6,9.42,1006.8,8.56,867.11,8.37,Warning,Synthetic rain-gauge/weather series,SYNTHETIC_PROTOTYPE
IN-WX-0422,Surat,Gujarat,21.177675,72.839687,EPSG:4326,2025-06-14 00:00:00,10.07,0.51,16.6,79.9,8.09,1014.9,3.28,168.77,3.06,Normal,Synthetic rain-gauge/weather series,SYNTHETIC_PROTOTYPE
IN-WX-0423,Jaipur,Rajasthan,26.919801,75.77805,EPSG:4326,2025-06-14 00:00:00,24.97,1.62,16.6,97.7,11.1,995.5,3.74,151.54,3.91,Normal,Synthetic rain-gauge/weather series,SYNTHETIC_PROTOTYPE
IN-WX-0424,Lucknow,Uttar Pradesh,26.846015,80.950836,EPSG:4326,2025-06-14 00:00:00,37.05,4.07,29.8,82.6,8.91,1018.3,3.02,302.8,2.92,Normal,Synthetic rain-gauge/weather series,SYNTHETIC_PROTOTYPE
IN-WX-0425,Varanasi,Uttar Pradesh,25.312631,82.97929,EPSG:4326,2025-06-14 00:00:00,11.84,0.63,20.4,55.8,4.98,1015.7,6.78,731.07,6.96,Warning,Synthetic rain-gauge/weather series,SYNTHETIC_PROTOTYPE
IN-WX-0426,Patna,Bihar,25.586128,85.14056,EPSG:4326,2025-06-14 00:00:00,20.81,1.36,27.6,69.3,2.43,993.2,1.48,159.94,1.26,Normal,Synthetic rain-gauge/weather series,SYNTHETIC_PROTOTYPE
IN-WX-0427,Kolkata,West Bengal,22.572896,88.367141,EPSG:4326,2025-06-14 00:00:00,24.82,1.88,24.9,62.5,3.57,1005.6,10.25,475.07,10.2,Danger,Synthetic rain-gauge/weather series,SYNTHETIC_PROTOTYPE
IN-WX-0428,Guwahati,Assam,26.135053,91.727034,EPSG:4326,2025-06-14 00:00:00,23.28,0.99,30.5,50.7,7.3,992.2,10.32,1297.25,10.54,Danger,Synthetic rain-gauge/weather series,SYNTHETIC_PROTOTYPE
IN-WX-0429,Bhubaneswar,Odisha,20.293905,85.826982,EPSG:4326,2025-06-14 00:00:00,13.91,2.18,12.3,66.0,7.7,1018.9,9.21,1108.79,8.92,Danger,Synthetic rain-gauge/weather series,SYNTHETIC_PROTOTYPE
IN-WX-0430,Ranchi,Jharkhand,23.350872,85.303092,EPSG:4326,2025-06-14 00:00:00,10.76,2.69,26.0,74.1,10.82,1005.3,9.98,400.58,9.78,Danger,Synthetic rain-gauge/weather series,SYNTHETIC_PROTOTYPE
IN-WX-0431,Bhopal,Madhya Pradesh,23.269875,77.41439,EPSG:4326,2025-06-14 00:00:00,27.92,3.87,35.6,47.0,3.48,1002.9,5.97,733.62,5.99,Normal,Synthetic rain-gauge/weather series,SYNTHETIC_PROTOTYPE
IN-WX-0432,Indore,Madhya Pradesh,22.713447,75.862017,EPSG:4326,2025-06-14 00:00:00,3.69,0.17,18.3,45.3,10.45,997.4,9.34,861.01,9.06,Danger,Synthetic rain-gauge/weather series,SYNTHETIC_PROTOTYPE
IN-WX-0433,Raipur,Chhattisgarh,21.255132,81.637314,EPSG:4326,2025-06-14 00:00:00,5.59,0.27,12.6,77.2,2.76,1003.5,6.92,298.98,7.13,Warning,Synthetic rain-gauge/weather series,SYNTHETIC_PROTOTYPE
IN-WX-0434,Hyderabad,Telangana,17.39089,78.491344,EPSG:4326,2025-06-14 00:00:00,26.72,3.68,32.4,75.9,1.81,1006.4,4.56,123.72,4.43,Normal,Synthetic rain-gauge/weather series,SYNTHETIC_PROTOTYPE
IN-WX-0435,Bengaluru,Karnataka,12.962717,77.594073,EPSG:4326,2025-06-14 00:00:00,46.07,2.17,34.4,56.5,4.76,1005.0,11.07,1076.33,10.82,Danger,Synthetic rain-gauge/weather series,SYNTHETIC_PROTOTYPE
IN-WX-0436,Mysuru,Karnataka,12.3045,76.634716,EPSG:4326,2025-06-14 00:00:00,24.16,2.5,33.1,82.8,6.92,1012.8,10.96,1049.03,10.74,Danger,Synthetic rain-gauge/weather series,SYNTHETIC_PROTOTYPE
IN-WX-0437,Chennai,Tamil Nadu,13.087257,80.263686,EPSG:4326,2025-06-14 00:00:00,12.27,0.6,14.6,92.9,9.2,994.0,5.69,237.11,5.57,Normal,Synthetic rain-gauge/weather series,SYNTHETIC_PROTOTYPE
IN-WX-0438,Coimbatore,Tamil Nadu,11.015745,76.951213,EPSG:4326,2025-06-14 00:00:00,15.66,0.79,34.4,45.1,13.07,990.6,1.52,151.43,1.63,Normal,Synthetic rain-gauge/weather series,SYNTHETIC_PROTOTYPE
IN-WX-0439,Kochi,Kerala,9.928358,76.27161,EPSG:4326,2025-06-14 00:00:00,3.88,0.73,14.1,82.7,4.71,1004.3,5.06,307.06,5.07,Normal,Synthetic rain-gauge/weather series,SYNTHETIC_PROTOTYPE
IN-WX-0440,Thiruvananthapuram,Kerala,8.531494,76.926723,EPSG:4326,2025-06-14 00:00:00,21.87,1.61,21.1,61.1,1.15,1017.8,11.14,333.21,10.89,Danger,Synthetic rain-gauge/weather series,SYNTHETIC_PROTOTYPE
IN-WX-0441,Vijayawada,Andhra Pradesh,16.51393,80.648835,EPSG:4326,2025-06-14 00:00:00,10.16,0.56,12.3,88.2,8.92,1016.3,9.22,521.85,9.11,Danger,Synthetic rain-gauge/weather series,SYNTHETIC_PROTOTYPE
IN-WX-0442,Visakhapatnam,Andhra Pradesh,17.694468,83.223495,EPSG:4326,2025-06-14 00:00:00,13.05,0.59,14.7,88.1,1.39,999.9,9.5,280.56,9.39,Danger,Synthetic rain-gauge/weather series,SYNTHETIC_PROTOTYPE
IN-WX-0443,Srinagar,Jammu and Kashmir,34.091201,74.787388,EPSG:4326,2025-06-14 00:00:00,16.37,1.0,14.3,45.5,2.91,1006.5,9.35,1171.47,9.07,Danger,Synthetic rain-gauge/weather series,SYNTHETIC_PROTOTYPE
IN-WX-0444,Shimla,Himachal Pradesh,31.109735,77.176472,EPSG:4326,2025-06-14 00:00:00,27.27,2.15,23.2,69.6,2.24,1006.3,10.25,452.45,9.96,Danger,Synthetic rain-gauge/weather series,SYNTHETIC_PROTOTYPE
IN-WX-0445,Dehradun,Uttarakhand,30.311864,78.026163,EPSG:4326,2025-06-14 00:00:00,14.89,1.9,30.3,88.8,4.57,998.5,10.46,943.38,10.68,Danger,Synthetic rain-gauge/weather series,SYNTHETIC_PROTOTYPE
IN-WX-0446,Gaya,Bihar,24.79833,85.000481,EPSG:4326,2025-06-14 00:00:00,3.09,0.21,20.4,93.1,0.66,998.8,2.09,127.27,2.19,Normal,Synthetic rain-gauge/weather series,SYNTHETIC_PROTOTYPE
IN-WX-0447,Agra,Uttar Pradesh,27.183386,78.002744,EPSG:4326,2025-06-14 00:00:00,1.87,0.47,30.8,76.9,8.74,1009.0,7.29,185.31,7.56,Warning,Synthetic rain-gauge/weather series,SYNTHETIC_PROTOTYPE
IN-WX-0448,Gandhinagar,Gujarat,23.222381,72.627419,EPSG:4326,2025-06-14 00:00:00,13.86,0.61,27.5,96.1,6.18,1016.5,1.42,68.98,1.43,Normal,Synthetic rain-gauge/weather series,SYNTHETIC_PROTOTYPE
IN-WX-0449,Delhi,Delhi,28.614477,77.202738,EPSG:4326,2025-06-15 00:00:00,6.77,0.8,19.7,90.1,13.48,1006.6,9.4,954.19,9.33,Danger,Synthetic rain-gauge/weather series,SYNTHETIC_PROTOTYPE
IN-WX-0450,Mumbai,Maharashtra,19.079596,72.877612,EPSG:4326,2025-06-15 00:00:00,2.91,0.25,35.2,60.8,9.99,1006.7,10.58,602.67,10.65,Danger,Synthetic rain-gauge/weather series,SYNTHETIC_PROTOTYPE
IN-WX-0451,Pune,Maharashtra,18.51396,73.85163,EPSG:4326,2025-06-15 00:00:00,4.76,0.25,16.1,76.0,12.44,1015.8,8.73,477.55,8.56,Warning,Synthetic rain-gauge/weather series,SYNTHETIC_PROTOTYPE
IN-WX-0452,Nagpur,Maharashtra,21.146562,79.083636,EPSG:4326,2025-06-15 00:00:00,4.4,0.21,20.3,48.3,13.53,990.7,3.84,335.76,3.92,Normal,Synthetic rain-gauge/weather series,SYNTHETIC_PROTOTYPE
IN-WX-0453,Ahmedabad,Gujarat,23.016605,72.573284,EPSG:4326,2025-06-15 00:00:00,13.88,0.69,17.2,93.5,1.24,997.7,7.45,571.92,7.66,Warning,Synthetic rain-gauge/weather series,SYNTHETIC_PROTOTYPE
IN-WX-0454,Surat,Gujarat,21.173029,72.825791,EPSG:4326,2025-06-15 00:00:00,9.28,0.48,12.8,51.2,9.19,1014.7,8.6,566.48,8.56,Warning,Synthetic rain-gauge/weather series,SYNTHETIC_PROTOTYPE
IN-WX-0455,Jaipur,Rajasthan,26.916477,75.792289,EPSG:4326,2025-06-15 00:00:00,24.65,3.39,22.1,53.6,3.84,1006.6,4.68,373.96,4.87,Normal,Synthetic rain-gauge/weather series,SYNTHETIC_PROTOTYPE
IN-WX-0456,Lucknow,Uttar Pradesh,26.854572,80.952705,EPSG:4326,2025-06-15 00:00:00,10.2,3.56,34.7,49.1,12.61,999.7,10.58,1126.27,10.81,Danger,Synthetic rain-gauge/weather series,SYNTHETIC_PROTOTYPE
IN-WX-0457,Varanasi,Uttar Pradesh,25.314528,82.966601,EPSG:4326,2025-06-15 00:00:00,7.53,0.75,18.5,62.2,5.82,1017.5,1.19,95.58,1.31,Normal,Synthetic rain-gauge/weather series,SYNTHETIC_PROTOTYPE
IN-WX-0458,Patna,Bihar,25.594309,85.131653,EPSG:4326,2025-06-15 00:00:00,17.43,0.89,18.5,56.0,13.83,1018.9,9.29,340.86,9.07,Danger,Synthetic rain-gauge/weather series,SYNTHETIC_PROTOTYPE
IN-WX-0459,Kolkata,West Bengal,22.564969,88.369491,EPSG:4326,2025-06-15 00:00:00,29.0,2.88,15.8,78.0,4.47,997.6,7.84,563.74,7.97,Warning,Synthetic rain-gauge/weather series,SYNTHETIC_PROTOTYPE
IN-WX-0460,Guwahati,Assam,26.15238,91.72652,EPSG:4326,2025-06-15 00:00:00,19.03,4.45,24.3,46.5,4.82,1008.7,3.98,323.28,3.73,Normal,Synthetic rain-gauge/weather series,SYNTHETIC_PROTOTYPE
IN-WX-0461,Bhubaneswar,Odisha,20.293376,85.814641,EPSG:4326,2025-06-15 00:00:00,7.25,1.17,14.9,53.2,4.77,1016.7,3.39,409.35,3.42,Normal,Synthetic rain-gauge/weather series,SYNTHETIC_PROTOTYPE
IN-WX-0462,Ranchi,Jharkhand,23.346225,85.306492,EPSG:4326,2025-06-15 00:00:00,13.84,0.95,23.7,86.7,7.44,1016.8,8.04,167.18,8.19,Warning,Synthetic rain-gauge/weather series,SYNTHETIC_PROTOTYPE
IN-WX-0463,Bhopal,Madhya Pradesh,23.258329,77.408153,EPSG:4326,2025-06-15 00:00:00,22.31,1.13,27.8,74.5,5.01,991.3,9.96,755.7,9.77,Danger,Synthetic rain-gauge/weather series,SYNTHETIC_PROTOTYPE
IN-WX-0464,Indore,Madhya Pradesh,22.727277,75.857133,EPSG:4326,2025-06-15 00:00:00,3.62,0.24,15.0,74.4,10.78,992.8,10.12,344.4,9.87,Danger,Synthetic rain-gauge/weather series,SYNTHETIC_PROTOTYPE
IN-WX-0465,Raipur,Chhattisgarh,21.24145,81.626294,EPSG:4326,2025-06-15 00:00:00,5.6,0.3,28.3,88.7,8.94,1005.1,5.05,650.32,4.77,Normal,Synthetic rain-gauge/weather series,SYNTHETIC_PROTOTYPE
IN-WX-0466,Hyderabad,Telangana,17.394239,78.495995,EPSG:4326,2025-06-15 00:00:00,35.99,1.62,16.7,83.3,1.23,1012.3,6.1,261.45,6.3,Normal,Synthetic rain-gauge/weather series,SYNTHETIC_PROTOTYPE
IN-WX-0467,Bengaluru,Karnataka,12.965578,77.603223,EPSG:4326,2025-06-15 00:00:00,4.85,0.45,25.9,80.3,12.03,1007.2,10.48,933.15,10.36,Danger,Synthetic rain-gauge/weather series,SYNTHETIC_PROTOTYPE
IN-WX-0468,Mysuru,Karnataka,12.298696,76.64648,EPSG:4326,2025-06-15 00:00:00,32.12,1.81,33.5,57.6,11.37,1016.6,1.77,78.18,1.75,Normal,Synthetic rain-gauge/weather series,SYNTHETIC_PROTOTYPE
IN-WX-0469,Chennai,Tamil Nadu,13.083074,80.264482,EPSG:4326,2025-06-15 00:00:00,6.59,0.32,23.0,61.7,8.56,1014.5,1.28,142.99,1.32,Normal,Synthetic rain-gauge/weather series,SYNTHETIC_PROTOTYPE
IN-WX-0470,Coimbatore,Tamil Nadu,11.015345,76.958599,EPSG:4326,2025-06-15 00:00:00,12.5,0.56,12.2,94.9,1.06,993.9,1.26,112.72,1.29,Normal,Synthetic rain-gauge/weather series,SYNTHETIC_PROTOTYPE
IN-WX-0471,Kochi,Kerala,9.931519,76.270351,EPSG:4326,2025-06-15 00:00:00,14.33,1.54,25.7,95.0,2.94,995.9,9.61,446.35,9.61,Danger,Synthetic rain-gauge/weather series,SYNTHETIC_PROTOTYPE
IN-WX-0472,Thiruvananthapuram,Kerala,8.523558,76.93399,EPSG:4326,2025-06-15 00:00:00,18.57,0.82,13.0,48.6,10.54,1014.9,9.24,568.65,9.42,Danger,Synthetic rain-gauge/weather series,SYNTHETIC_PROTOTYPE
IN-WX-0473,Vijayawada,Andhra Pradesh,16.49699,80.646484,EPSG:4326,2025-06-15 00:00:00,37.39,6.12,29.9,91.5,2.7,1016.5,1.96,169.95,1.77,Normal,Synthetic rain-gauge/weather series,SYNTHETIC_PROTOTYPE
IN-WX-0474,Visakhapatnam,Andhra Pradesh,17.685873,83.212799,EPSG:4326,2025-06-15 00:00:00,9.04,0.39,35.0,91.4,8.33,1004.8,3.13,255.33,2.88,Normal,Synthetic rain-gauge/weather series,SYNTHETIC_PROTOTYPE
IN-WX-0475,Srinagar,Jammu and Kashmir,34.085939,74.798525,EPSG:4326,2025-06-15 00:00:00,11.34,0.63,14.3,70.4,0.58,991.0,9.21,714.33,9.09,Danger,Synthetic rain-gauge/weather series,SYNTHETIC_PROTOTYPE
IN-WX-0476,Shimla,Himachal Pradesh,31.110326,77.169941,EPSG:4326,2025-06-15 00:00:00,13.14,0.86,32.6,61.1,4.69,1019.9,2.59,305.93,2.78,Normal,Synthetic rain-gauge/weather series,SYNTHETIC_PROTOTYPE
IN-WX-0477,Dehradun,Uttarakhand,30.311152,78.032613,EPSG:4326,2025-06-15 00:00:00,8.63,0.39,28.9,91.9,7.74,1013.4,10.66,267.68,10.63,Danger,Synthetic rain-gauge/weather series,SYNTHETIC_PROTOTYPE
IN-WX-0478,Gaya,Bihar,24.781932,84.990552,EPSG:4326,2025-06-15 00:00:00,26.66,2.3,18.5,48.7,12.31,1014.8,10.6,678.93,10.49,Danger,Synthetic rain-gauge/weather series,SYNTHETIC_PROTOTYPE
IN-WX-0479,Agra,Uttar Pradesh,27.176928,78.012311,EPSG:4326,2025-06-15 00:00:00,10.15,1.5,24.0,69.6,3.33,1008.5,1.27,164.84,1.02,Normal,Synthetic rain-gauge/weather series,SYNTHETIC_PROTOTYPE
IN-WX-0480,Gandhinagar,Gujarat,23.221769,72.629472,EPSG:4326,2025-06-15 00:00:00,7.06,0.31,33.5,69.4,13.29,1009.4,4.53,143.95,4.62,Normal,Synthetic rain-gauge/weather series,SYNTHETIC_PROTOTYPE
IN-WX-0481,Delhi,Delhi,28.61147,77.212306,EPSG:4326,2025-06-16 00:00:00,1.45,0.06,29.9,86.4,10.76,999.9,7.37,308.75,7.57,Warning,Synthetic rain-gauge/weather series,SYNTHETIC_PROTOTYPE
IN-WX-0482,Mumbai,Maharashtra,19.066895,72.884523,EPSG:4326,2025-06-16 00:00:00,9.9,3.92,14.3,54.8,10.88,1017.2,1.95,153.31,2.17,Normal,Synthetic rain-gauge/weather series,SYNTHETIC_PROTOTYPE
IN-WX-0483,Pune,Maharashtra,18.512132,73.851101,EPSG:4326,2025-06-16 00:00:00,3.69,0.31,19.7,66.0,3.25,1009.8,3.1,109.92,3.01,Normal,Synthetic rain-gauge/weather series,SYNTHETIC_PROTOTYPE
IN-WX-0484,Nagpur,Maharashtra,21.148608,79.083684,EPSG:4326,2025-06-16 00:00:00,12.67,0.67,29.2,60.0,9.58,1011.7,1.54,122.81,1.57,Normal,Synthetic rain-gauge/weather series,SYNTHETIC_PROTOTYPE
IN-WX-0485,Ahmedabad,Gujarat,23.014322,72.566969,EPSG:4326,2025-06-16 00:00:00,13.93,0.85,28.8,52.8,0.89,1019.0,10.26,1128.44,10.5,Danger,Synthetic rain-gauge/weather series,SYNTHETIC_PROTOTYPE
IN-WX-0486,Surat,Gujarat,21.169839,72.833182,EPSG:4326,2025-06-16 00:00:00,11.39,0.67,17.7,97.0,1.15,1007.6,3.46,310.18,3.63,Normal,Synthetic rain-gauge/weather series,SYNTHETIC_PROTOTYPE
IN-WX-0487,Jaipur,Rajasthan,26.918335,75.792818,EPSG:4326,2025-06-16 00:00:00,13.66,1.2,19.1,79.7,3.57,994.8,6.15,137.08,6.11,Normal,Synthetic rain-gauge/weather series,SYNTHETIC_PROTOTYPE
IN-WX-0488,Lucknow,Uttar Pradesh,26.855773,80.953821,EPSG:4326,2025-06-16 00:00:00,11.56,0.5,32.0,68.5,5.42,1001.8,9.34,489.24,9.2,Danger,Synthetic rain-gauge/weather series,SYNTHETIC_PROTOTYPE
IN-WX-0489,Varanasi,Uttar Pradesh,25.321849,82.983255,EPSG:4326,2025-06-16 00:00:00,35.04,1.47,23.3,51.8,11.72,994.4,3.04,108.26,3.31,Normal,Synthetic rain-gauge/weather series,SYNTHETIC_PROTOTYPE
IN-WX-0490,Patna,Bihar,25.600824,85.13499,EPSG:4326,2025-06-16 00:00:00,8.81,0.51,28.7,49.8,13.64,1000.8,9.79,508.47,9.97,Danger,Synthetic rain-gauge/weather series,SYNTHETIC_PROTOTYPE
IN-WX-0491,Kolkata,West Bengal,22.580749,88.358779,EPSG:4326,2025-06-16 00:00:00,44.78,8.65,33.3,56.3,5.72,1002.0,10.79,705.92,10.52,Danger,Synthetic rain-gauge/weather series,SYNTHETIC_PROTOTYPE
IN-WX-0492,Guwahati,Assam,26.138739,91.74113,EPSG:4326,2025-06-16 00:00:00,2.64,0.52,32.3,65.2,13.43,1004.1,2.74,129.2,2.81,Normal,Synthetic rain-gauge/weather series,SYNTHETIC_PROTOTYPE
IN-WX-0493,Bhubaneswar,Odisha,20.293608,85.82703,EPSG:4326,2025-06-16 00:00:00,21.31,1.93,17.8,91.8,12.6,992.1,9.6,547.77,9.87,Danger,Synthetic rain-gauge/weather series,SYNTHETIC_PROTOTYPE
IN-WX-0494,Ranchi,Jharkhand,23.348855,85.310274,EPSG:4326,2025-06-16 00:00:00,55.1,2.49,23.8,89.4,10.92,1015.9,11.91,701.18,12.1,Danger,Synthetic rain-gauge/weather series,SYNTHETIC_PROTOTYPE
IN-WX-0495,Bhopal,Madhya Pradesh,23.250431,77.421713,EPSG:4326,2025-06-16 00:00:00,8.81,0.55,14.7,68.2,11.35,1005.3,1.16,117.29,1.16,Normal,Synthetic rain-gauge/weather series,SYNTHETIC_PROTOTYPE
IN-WX-0496,Indore,Madhya Pradesh,22.722174,75.861954,EPSG:4326,2025-06-16 00:00:00,22.79,1.1,25.0,67.1,10.41,1004.4,5.68,164.2,5.48,Normal,Synthetic rain-gauge/weather series,SYNTHETIC_PROTOTYPE
IN-WX-0497,Raipur,Chhattisgarh,21.254298,81.634779,EPSG:4326,2025-06-16 00:00:00,26.53,2.57,18.6,76.5,0.98,1018.5,5.28,451.66,5.06,Normal,Synthetic rain-gauge/weather series,SYNTHETIC_PROTOTYPE
IN-WX-0498,Hyderabad,Telangana,17.391342,78.486027,EPSG:4326,2025-06-16 00:00:00,15.96,0.75,25.5,95.8,12.8,1003.3,7.68,406.59,7.6,Warning,Synthetic rain-gauge/weather series,SYNTHETIC_PROTOTYPE
IN-WX-0499,Bengaluru,Karnataka,12.973563,77.60216,EPSG:4326,2025-06-16 00:00:00,8.73,0.66,13.9,70.2,12.78,1009.5,8.71,865.88,8.94,Warning,Synthetic rain-gauge/weather series,SYNTHETIC_PROTOTYPE
IN-WX-0500,Mysuru,Karnataka,12.292809,76.633397,EPSG:4326,2025-06-16 00:00:00,7.85,0.34,24.4,68.6,10.75,1007.2,6.1,364.21,6.1,Normal,Synthetic rain-gauge/weather series,SYNTHETIC_PROTOTYPE
IN-WX-0501,Chennai,Tamil Nadu,13.084434,80.270948,EPSG:4326,2025-06-16 00:00:00,11.27,0.53,21.4,79.4,8.35,1001.5,7.58,890.66,7.35,Warning,Synthetic rain-gauge/weather series,SYNTHETIC_PROTOTYPE
IN-WX-0502,Coimbatore,Tamil Nadu,11.01312,76.953471,EPSG:4326,2025-06-16 00:00:00,9.25,0.42,28.0,88.8,11.24,993.0,3.07,289.55,3.24,Normal,Synthetic rain-gauge/weather series,SYNTHETIC_PROTOTYPE
IN-WX-0503,Kochi,Kerala,9.924886,76.258934,EPSG:4326,2025-06-16 00:00:00,19.77,0.83,16.3,56.3,1.14,1014.5,5.74,262.31,5.6,Normal,Synthetic rain-gauge/weather series,SYNTHETIC_PROTOTYPE
IN-WX-0504,Thiruvananthapuram,Kerala,8.532719,76.930606,EPSG:4326,2025-06-16 00:00:00,6.9,0.88,34.9,66.7,4.74,1019.6,2.58,280.16,2.64,Normal,Synthetic rain-gauge/weather series,SYNTHETIC_PROTOTYPE
IN-WX-0505,Vijayawada,Andhra Pradesh,16.496978,80.651516,EPSG:4326,2025-06-16 00:00:00,3.92,0.8,30.1,69.3,5.87,1000.2,8.28,1003.2,8.08,Warning,Synthetic rain-gauge/weather series,SYNTHETIC_PROTOTYPE
IN-WX-0506,Visakhapatnam,Andhra Pradesh,17.678852,83.22847,EPSG:4326,2025-06-16 00:00:00,12.24,0.74,27.8,97.4,7.05,1003.0,1.52,34.05,1.74,Normal,Synthetic rain-gauge/weather series,SYNTHETIC_PROTOTYPE
IN-WX-0507,Srinagar,Jammu and Kashmir,34.083668,74.801363,EPSG:4326,2025-06-16 00:00:00,8.01,0.45,17.2,90.5,9.25,1007.2,7.43,399.78,7.63,Warning,Synthetic rain-gauge/weather series,SYNTHETIC_PROTOTYPE
IN-WX-0508,Shimla,Himachal Pradesh,31.108809,77.169013,EPSG:4326,2025-06-16 00:00:00,16.07,0.71,33.3,77.4,4.06,1010.4,4.28,515.57,4.29,Normal,Synthetic rain-gauge/weather series,SYNTHETIC_PROTOTYPE
IN-WX-0509,Dehradun,Uttarakhand,30.307235,78.038693,EPSG:4326,2025-06-16 00:00:00,20.31,4.96,13.9,96.0,2.53,997.3,9.71,443.17,9.75,Danger,Synthetic rain-gauge/weather series,SYNTHETIC_PROTOTYPE
IN-WX-0510,Gaya,Bihar,24.790892,84.999863,EPSG:4326,2025-06-16 00:00:00,12.03,0.56,13.5,51.3,5.15,995.6,2.06,79.42,2.13,Normal,Synthetic rain-gauge/weather series,SYNTHETIC_PROTOTYPE
IN-WX-0511,Agra,Uttar Pradesh,27.16898,78.003468,EPSG:4326,2025-06-16 00:00:00,0.74,0.1,12.1,46.0,0.69,1011.0,5.28,378.37,5.55,Normal,Synthetic rain-gauge/weather series,SYNTHETIC_PROTOTYPE
IN-WX-0512,Gandhinagar,Gujarat,23.221018,72.64035,EPSG:4326,2025-06-16 00:00:00,4.73,1.24,21.1,96.9,10.92,1017.7,10.46,448.08,10.41,Danger,Synthetic rain-gauge/weather series,SYNTHETIC_PROTOTYPE
IN-WX-0513,Delhi,Delhi,28.609973,77.215608,EPSG:4326,2025-06-17 00:00:00,9.99,0.87,25.6,55.7,8.06,994.3,1.86,201.86,1.76,Normal,Synthetic rain-gauge/weather series,SYNTHETIC_PROTOTYPE
IN-WX-0514,Mumbai,Maharashtra,19.079394,72.871534,EPSG:4326,2025-06-17 00:00:00,1.3,0.07,20.4,78.9,7.73,1008.4,5.28,571.34,5.38,Normal,Synthetic rain-gauge/weather series,SYNTHETIC_PROTOTYPE
IN-WX-0515,Pune,Maharashtra,18.516035,73.860022,EPSG:4326,2025-06-17 00:00:00,15.67,3.54,15.8,71.6,9.65,1006.0,9.03,322.69,8.73,Danger,Synthetic rain-gauge/weather series,SYNTHETIC_PROTOTYPE
IN-WX-0516,Nagpur,Maharashtra,21.142448,79.08173,EPSG:4326,2025-06-17 00:00:00,16.93,0.82,28.5,52.4,12.91,997.1,7.42,467.96,7.68,Warning,Synthetic rain-gauge/weather series,SYNTHETIC_PROTOTYPE
IN-WX-0517,Ahmedabad,Gujarat,23.015435,72.57629,EPSG:4326,2025-06-17 00:00:00,11.39,0.66,18.9,94.2,12.27,1013.5,9.16,674.32,9.08,Danger,Synthetic rain-gauge/weather series,SYNTHETIC_PROTOTYPE
IN-WX-0518,Surat,Gujarat,21.164456,72.838656,EPSG:4326,2025-06-17 00:00:00,13.75,1.17,20.7,47.4,8.15,1008.2,5.49,489.33,5.49,Normal,Synthetic rain-gauge/weather series,SYNTHETIC_PROTOTYPE
IN-WX-0519,Jaipur,Rajasthan,26.907685,75.789842,EPSG:4326,2025-06-17 00:00:00,12.13,1.53,19.5,88.5,2.22,999.3,3.78,398.09,3.59,Normal,Synthetic rain-gauge/weather series,SYNTHETIC_PROTOTYPE
IN-WX-0520,Lucknow,Uttar Pradesh,26.846343,80.947352,EPSG:4326,2025-06-17 00:00:00,1.77,0.11,31.8,75.2,9.78,1001.0,3.33,414.8,3.57,Normal,Synthetic rain-gauge/weather series,SYNTHETIC_PROTOTYPE
IN-WX-0521,Varanasi,Uttar Pradesh,25.318819,82.969894,EPSG:4326,2025-06-17 00:00:00,23.22,2.56,14.9,53.2,6.62,1000.7,8.03,610.14,7.85,Warning,Synthetic rain-gauge/weather series,SYNTHETIC_PROTOTYPE
IN-WX-0522,Patna,Bihar,25.598289,85.145303,EPSG:4326,2025-06-17 00:00:00,29.26,3.26,30.2,88.6,1.6,996.6,10.3,508.47,10.3,Danger,Synthetic rain-gauge/weather series,SYNTHETIC_PROTOTYPE
IN-WX-0523,Kolkata,West Bengal,22.57291,88.371219,EPSG:4326,2025-06-17 00:00:00,16.98,3.44,12.7,50.8,3.51,1002.9,2.04,56.9,1.81,Normal,Synthetic rain-gauge/weather series,SYNTHETIC_PROTOTYPE
IN-WX-0524,Guwahati,Assam,26.15152,91.743002,EPSG:4326,2025-06-17 00:00:00,10.1,1.24,16.4,88.4,1.97,994.3,6.14,432.62,6.37,Normal,Synthetic rain-gauge/weather series,SYNTHETIC_PROTOTYPE
IN-WX-0525,Bhubaneswar,Odisha,20.289175,85.824414,EPSG:4326,2025-06-17 00:00:00,12.36,1.0,16.0,77.1,8.12,1004.9,5.98,139.08,6.03,Normal,Synthetic rain-gauge/weather series,SYNTHETIC_PROTOTYPE
IN-WX-0526,Ranchi,Jharkhand,23.347276,85.30312,EPSG:4326,2025-06-17 00:00:00,12.52,0.69,21.1,87.3,4.44,1013.8,2.61,196.47,2.64,Normal,Synthetic rain-gauge/weather series,SYNTHETIC_PROTOTYPE
IN-WX-0527,Bhopal,Madhya Pradesh,23.251708,77.414021,EPSG:4326,2025-06-17 00:00:00,5.5,0.4,21.3,91.0,8.06,1001.4,1.72,140.74,1.86,Normal,Synthetic rain-gauge/weather series,SYNTHETIC_PROTOTYPE
IN-WX-0528,Indore,Madhya Pradesh,22.718889,75.852369,EPSG:4326,2025-06-17 00:00:00,22.01,7.35,34.4,87.9,7.97,1001.6,2.31,259.61,2.08,Normal,Synthetic rain-gauge/weather series,SYNTHETIC_PROTOTYPE
IN-WX-0529,Raipur,Chhattisgarh,21.255524,81.621703,EPSG:4326,2025-06-17 00:00:00,10.81,0.81,23.8,67.9,0.64,1013.1,3.48,297.39,3.31,Normal,Synthetic rain-gauge/weather series,SYNTHETIC_PROTOTYPE
IN-WX-0530,Hyderabad,Telangana,17.38093,78.477201,EPSG:4326,2025-06-17 00:00:00,1.73,0.17,17.7,47.1,8.91,1004.6,4.71,201.12,4.92,Normal,Synthetic rain-gauge/weather series,SYNTHETIC_PROTOTYPE
IN-WX-0531,Bengaluru,Karnataka,12.976402,77.597244,EPSG:4326,2025-06-17 00:00:00,15.09,3.19,17.1,81.7,11.39,999.4,1.4,147.54,1.25,Normal,Synthetic rain-gauge/weather series,SYNTHETIC_PROTOTYPE
IN-WX-0532,Mysuru,Karnataka,12.303826,76.63351,EPSG:4326,2025-06-17 00:00:00,10.76,0.47,20.3,89.1,6.2,1002.2,9.28,228.5,9.56,Danger,Synthetic rain-gauge/weather series,SYNTHETIC_PROTOTYPE
IN-WX-0533,Chennai,Tamil Nadu,13.07367,80.273237,EPSG:4326,2025-06-17 00:00:00,10.14,2.77,24.4,96.4,2.86,1004.8,6.07,538.31,6.21,Normal,Synthetic rain-gauge/weather series,SYNTHETIC_PROTOTYPE
IN-WX-0534,Coimbatore,Tamil Nadu,11.012114,76.948154,EPSG:4326,2025-06-17 00:00:00,8.11,1.37,13.6,61.2,2.22,997.3,2.81,155.98,2.62,Normal,Synthetic rain-gauge/weather series,SYNTHETIC_PROTOTYPE
IN-WX-0535,Kochi,Kerala,9.926011,76.263593,EPSG:4326,2025-06-17 00:00:00,8.42,1.62,21.3,86.4,5.65,1009.0,5.5,532.58,5.71,Normal,Synthetic rain-gauge/weather series,SYNTHETIC_PROTOTYPE
IN-WX-0536,Thiruvananthapuram,Kerala,8.522453,76.930555,EPSG:4326,2025-06-17 00:00:00,8.48,0.55,26.2,81.2,4.57,1012.8,1.06,77.93,0.82,Normal,Synthetic rain-gauge/weather series,SYNTHETIC_PROTOTYPE
IN-WX-0537,Vijayawada,Andhra Pradesh,16.510972,80.644071,EPSG:4326,2025-06-17 00:00:00,12.26,0.55,20.8,72.8,4.43,997.4,2.38,184.62,2.42,Normal,Synthetic rain-gauge/weather series,SYNTHETIC_PROTOTYPE
IN-WX-0538,Visakhapatnam,Andhra Pradesh,17.688282,83.212771,EPSG:4326,2025-06-17 00:00:00,12.65,0.75,34.4,54.1,13.45,1009.7,1.75,57.66,1.83,Normal,Synthetic rain-gauge/weather series,SYNTHETIC_PROTOTYPE
IN-WX-0539,Srinagar,Jammu and Kashmir,34.077126,74.805869,EPSG:4326,2025-06-17 00:00:00,30.84,2.72,30.5,72.3,3.66,1000.4,7.03,591.99,6.81,Warning,Synthetic rain-gauge/weather series,SYNTHETIC_PROTOTYPE
IN-WX-0540,Shimla,Himachal Pradesh,31.095189,77.175629,EPSG:4326,2025-06-17 00:00:00,11.83,0.86,12.8,56.9,13.25,995.9,6.6,185.1,6.62,Warning,Synthetic rain-gauge/weather series,SYNTHETIC_PROTOTYPE
IN-WX-0541,Dehradun,Uttarakhand,30.315759,78.025943,EPSG:4326,2025-06-17 00:00:00,4.69,0.29,19.8,53.2,4.13,1017.1,9.87,788.07,9.69,Danger,Synthetic rain-gauge/weather series,SYNTHETIC_PROTOTYPE
IN-WX-0542,Gaya,Bihar,24.800902,84.996798,EPSG:4326,2025-06-17 00:00:00,14.08,2.22,25.0,90.3,3.65,1006.0,10.65,1057.63,10.62,Danger,Synthetic rain-gauge/weather series,SYNTHETIC_PROTOTYPE
IN-WX-0543,Agra,Uttar Pradesh,27.182368,78.004797,EPSG:4326,2025-06-17 00:00:00,6.24,0.42,32.5,64.7,12.66,1007.2,6.1,597.37,5.88,Normal,Synthetic rain-gauge/weather series,SYNTHETIC_PROTOTYPE
IN-WX-0544,Gandhinagar,Gujarat,23.217057,72.64194,EPSG:4326,2025-06-17 00:00:00,12.05,0.58,21.1,80.8,1.32,1002.2,7.24,298.08,7.49,Warning,Synthetic rain-gauge/weather series,SYNTHETIC_PROTOTYPE
IN-WX-0545,Delhi,Delhi,28.615311,77.211064,EPSG:4326,2025-06-18 00:00:00,9.94,0.9,25.0,91.0,4.74,1001.7,8.38,631.16,8.66,Warning,Synthetic rain-gauge/weather series,SYNTHETIC_PROTOTYPE
IN-WX-0546,Mumbai,Maharashtra,19.075914,72.879329,EPSG:4326,2025-06-18 00:00:00,19.93,1.51,13.2,78.4,0.82,1019.9,11.08,607.05,11.21,Danger,Synthetic rain-gauge/weather series,SYNTHETIC_PROTOTYPE
IN-WX-0547,Pune,Maharashtra,18.523246,73.855549,EPSG:4326,2025-06-18 00:00:00,15.42,0.82,19.4,91.4,7.44,1015.3,5.08,604.59,5.36,Normal,Synthetic rain-gauge/weather series,SYNTHETIC_PROTOTYPE
IN-WX-0548,Nagpur,Maharashtra,21.140674,79.089224,EPSG:4326,2025-06-18 00:00:00,9.32,1.18,15.5,68.0,1.85,1018.9,2.01,66.13,2.1,Normal,Synthetic rain-gauge/weather series,SYNTHETIC_PROTOTYPE
IN-WX-0549,Ahmedabad,Gujarat,23.02433,72.572083,EPSG:4326,2025-06-18 00:00:00,57.66,2.64,14.2,90.0,6.16,991.5,8.07,640.24,7.89,Warning,Synthetic rain-gauge/weather series,SYNTHETIC_PROTOTYPE
IN-WX-0550,Surat,Gujarat,21.173932,72.838396,EPSG:4326,2025-06-18 00:00:00,14.44,0.73,21.1,66.2,7.74,990.4,9.46,507.96,9.28,Danger,Synthetic rain-gauge/weather series,SYNTHETIC_PROTOTYPE
IN-WX-0551,Jaipur,Rajasthan,26.911704,75.794016,EPSG:4326,2025-06-18 00:00:00,19.29,0.84,24.4,76.0,9.87,1002.0,1.95,175.95,1.8,Normal,Synthetic rain-gauge/weather series,SYNTHETIC_PROTOTYPE
IN-WX-0552,Lucknow,Uttar Pradesh,26.839585,80.953431,EPSG:4326,2025-06-18 00:00:00,10.16,0.67,29.1,72.7,13.34,1008.4,4.36,394.34,4.48,Normal,Synthetic rain-gauge/weather series,SYNTHETIC_PROTOTYPE
IN-WX-0553,Varanasi,Uttar Pradesh,25.309643,82.98094,EPSG:4326,2025-06-18 00:00:00,10.2,0.94,30.5,79.7,7.54,1001.1,9.56,472.99,9.63,Danger,Synthetic rain-gauge/weather series,SYNTHETIC_PROTOTYPE
IN-WX-0554,Patna,Bihar,25.588794,85.14569,EPSG:4326,2025-06-18 00:00:00,6.53,0.77,32.0,91.4,2.93,1019.2,10.65,1010.6,10.91,Danger,Synthetic rain-gauge/weather series,SYNTHETIC_PROTOTYPE
IN-WX-0555,Kolkata,West Bengal,22.575464,88.368479,EPSG:4326,2025-06-18 00:00:00,20.57,1.83,35.6,92.7,10.8,1012.3,8.72,300.22,8.76,Warning,Synthetic rain-gauge/weather series,SYNTHETIC_PROTOTYPE
IN-WX-0556,Guwahati,Assam,26.146556,91.737128,EPSG:4326,2025-06-18 00:00:00,9.42,1.08,17.8,76.6,2.21,994.2,7.13,642.51,6.87,Warning,Synthetic rain-gauge/weather series,SYNTHETIC_PROTOTYPE
IN-WX-0557,Bhubaneswar,Odisha,20.290721,85.815428,EPSG:4326,2025-06-18 00:00:00,18.13,0.76,22.7,55.6,0.56,1001.4,8.67,826.68,8.82,Warning,Synthetic rain-gauge/weather series,SYNTHETIC_PROTOTYPE
IN-WX-0558,Ranchi,Jharkhand,23.346613,85.310055,EPSG:4326,2025-06-18 00:00:00,14.86,0.84,31.0,55.6,13.4,1009.1,9.71,813.34,9.89,Danger,Synthetic rain-gauge/weather series,SYNTHETIC_PROTOTYPE
IN-WX-0559,Bhopal,Madhya Pradesh,23.269325,77.414197,EPSG:4326,2025-06-18 00:00:00,14.04,0.63,30.0,89.9,7.2,1010.8,1.36,136.67,1.07,Normal,Synthetic rain-gauge/weather series,SYNTHETIC_PROTOTYPE
IN-WX-0560,Indore,Madhya Pradesh,22.717644,75.861208,EPSG:4326,2025-06-18 00:00:00,34.19,1.61,21.5,94.7,4.16,997.9,9.1,341.28,9.12,Danger,Synthetic rain-gauge/weather series,SYNTHETIC_PROTOTYPE
IN-WX-0561,Raipur,Chhattisgarh,21.253181,81.638551,EPSG:4326,2025-06-18 00:00:00,12.26,1.34,31.1,79.7,9.44,1006.0,2.85,340.93,2.96,Normal,Synthetic rain-gauge/weather series,SYNTHETIC_PROTOTYPE
IN-WX-0562,Hyderabad,Telangana,17.391231,78.487843,EPSG:4326,2025-06-18 00:00:00,14.76,0.68,27.7,55.5,0.8,1004.9,2.14,225.8,2.4,Normal,Synthetic rain-gauge/weather series,SYNTHETIC_PROTOTYPE
IN-WX-0563,Bengaluru,Karnataka,12.963201,77.604293,EPSG:4326,2025-06-18 00:00:00,2.04,0.33,26.1,89.3,6.83,995.1,3.59,452.68,3.59,Normal,Synthetic rain-gauge/weather series,SYNTHETIC_PROTOTYPE
IN-WX-0564,Mysuru,Karnataka,12.288898,76.6483,EPSG:4326,2025-06-18 00:00:00,20.4,1.27,26.7,76.8,3.73,1003.1,10.39,1125.69,10.42,Danger,Synthetic rain-gauge/weather series,SYNTHETIC_PROTOTYPE
IN-WX-0565,Chennai,Tamil Nadu,13.079426,80.263218,EPSG:4326,2025-06-18 00:00:00,37.72,9.78,17.0,51.6,13.38,1017.5,3.16,239.15,3.11,Normal,Synthetic rain-gauge/weather series,SYNTHETIC_PROTOTYPE
IN-WX-0566,Coimbatore,Tamil Nadu,11.009486,76.963428,EPSG:4326,2025-06-18 00:00:00,0.2,0.02,31.9,94.1,7.24,1014.8,8.71,377.81,8.81,Warning,Synthetic rain-gauge/weather series,SYNTHETIC_PROTOTYPE
IN-WX-0567,Kochi,Kerala,9.926076,76.263114,EPSG:4326,2025-06-18 00:00:00,24.62,1.16,29.6,93.6,3.6,1002.6,4.41,469.38,4.53,Normal,Synthetic rain-gauge/weather series,SYNTHETIC_PROTOTYPE
IN-WX-0568,Thiruvananthapuram,Kerala,8.532402,76.927382,EPSG:4326,2025-06-18 00:00:00,13.11,1.03,20.5,93.8,4.58,998.4,10.24,603.43,10.26,Danger,Synthetic rain-gauge/weather series,SYNTHETIC_PROTOTYPE
IN-WX-0569,Vijayawada,Andhra Pradesh,16.512211,80.647416,EPSG:4326,2025-06-18 00:00:00,5.14,0.24,22.3,54.7,6.35,1019.6,7.77,208.5,7.74,Warning,Synthetic rain-gauge/weather series,SYNTHETIC_PROTOTYPE
IN-WX-0570,Visakhapatnam,Andhra Pradesh,17.69675,83.215861,EPSG:4326,2025-06-18 00:00:00,35.31,2.74,15.5,49.7,6.82,1002.1,7.92,772.79,7.68,Warning,Synthetic rain-gauge/weather series,SYNTHETIC_PROTOTYPE
IN-WX-0571,Srinagar,Jammu and Kashmir,34.082736,74.78909,EPSG:4326,2025-06-18 00:00:00,41.89,6.27,31.5,47.8,10.93,1001.0,9.03,843.38,9.0,Danger,Synthetic rain-gauge/weather series,SYNTHETIC_PROTOTYPE
IN-WX-0572,Shimla,Himachal Pradesh,31.102493,77.17156,EPSG:4326,2025-06-18 00:00:00,2.95,0.13,32.4,59.0,11.13,994.8,7.35,654.45,7.58,Warning,Synthetic rain-gauge/weather series,SYNTHETIC_PROTOTYPE
IN-WX-0573,Dehradun,Uttarakhand,30.30857,78.031875,EPSG:4326,2025-06-18 00:00:00,7.55,0.61,29.5,86.4,6.66,990.8,2.84,211.1,2.73,Normal,Synthetic rain-gauge/weather series,SYNTHETIC_PROTOTYPE
IN-WX-0574,Gaya,Bihar,24.788831,85.009299,EPSG:4326,2025-06-18 00:00:00,50.11,3.16,35.4,87.2,13.22,991.6,11.28,682.49,11.3,Danger,Synthetic rain-gauge/weather series,SYNTHETIC_PROTOTYPE
IN-WX-0575,Agra,Uttar Pradesh,27.186223,78.009244,EPSG:4326,2025-06-18 00:00:00,19.32,6.28,32.3,51.7,8.16,1006.2,10.66,612.88,10.83,Danger,Synthetic rain-gauge/weather series,SYNTHETIC_PROTOTYPE
IN-WX-0576,Gandhinagar,Gujarat,23.211066,72.646193,EPSG:4326,2025-06-18 00:00:00,5.38,0.28,14.2,93.9,6.52,1011.8,9.18,825.89,9.42,Danger,Synthetic rain-gauge/weather series,SYNTHETIC_PROTOTYPE
IN-WX-0577,Delhi,Delhi,28.614831,77.21179,EPSG:4326,2025-06-19 00:00:00,15.32,0.74,20.4,51.2,1.9,1009.7,8.56,300.9,8.71,Warning,Synthetic rain-gauge/weather series,SYNTHETIC_PROTOTYPE
IN-WX-0578,Mumbai,Maharashtra,19.085674,72.870846,EPSG:4326,2025-06-19 00:00:00,9.77,0.48,13.0,82.7,5.78,993.5,9.9,1218.77,10.2,Danger,Synthetic rain-gauge/weather series,SYNTHETIC_PROTOTYPE
IN-WX-0579,Pune,Maharashtra,18.525432,73.849078,EPSG:4326,2025-06-19 00:00:00,8.68,0.41,33.3,69.3,12.6,999.8,6.57,769.49,6.74,Warning,Synthetic rain-gauge/weather series,SYNTHETIC_PROTOTYPE
IN-WX-0580,Nagpur,Maharashtra,21.142544,79.091425,EPSG:4326,2025-06-19 00:00:00,21.85,1.23,16.0,60.3,7.91,1017.8,10.29,860.23,10.46,Danger,Synthetic rain-gauge/weather series,SYNTHETIC_PROTOTYPE
IN-WX-0581,Ahmedabad,Gujarat,23.020267,72.575254,EPSG:4326,2025-06-19 00:00:00,14.78,1.01,27.1,93.9,3.73,1014.0,8.65,979.18,8.85,Warning,Synthetic rain-gauge/weather series,SYNTHETIC_PROTOTYPE
IN-WX-0582,Surat,Gujarat,21.177465,72.824419,EPSG:4326,2025-06-19 00:00:00,7.0,0.39,22.6,51.6,4.19,996.3,9.42,585.34,9.2,Danger,Synthetic rain-gauge/weather series,SYNTHETIC_PROTOTYPE
IN-WX-0583,Jaipur,Rajasthan,26.910053,75.783894,EPSG:4326,2025-06-19 00:00:00,9.97,1.28,26.8,88.2,10.76,1003.3,3.15,404.28,2.88,Normal,Synthetic rain-gauge/weather series,SYNTHETIC_PROTOTYPE
IN-WX-0584,Lucknow,Uttar Pradesh,26.849413,80.93815,EPSG:4326,2025-06-19 00:00:00,8.34,0.39,26.6,76.7,13.4,996.5,5.8,575.23,6.04,Normal,Synthetic rain-gauge/weather series,SYNTHETIC_PROTOTYPE
IN-WX-0585,Varanasi,Uttar Pradesh,25.321527,82.975336,EPSG:4326,2025-06-19 00:00:00,12.33,4.84,17.2,91.3,10.09,1004.5,5.42,422.5,5.31,Normal,Synthetic rain-gauge/weather series,SYNTHETIC_PROTOTYPE
IN-WX-0586,Patna,Bihar,25.59247,85.136606,EPSG:4326,2025-06-19 00:00:00,1.14,0.09,19.4,85.3,0.81,1010.7,1.07,102.37,0.91,Normal,Synthetic rain-gauge/weather series,SYNTHETIC_PROTOTYPE
IN-WX-0587,Kolkata,West Bengal,22.580211,88.372602,EPSG:4326,2025-06-19 00:00:00,12.31,2.01,14.1,88.1,2.91,995.1,1.18,123.56,0.95,Normal,Synthetic rain-gauge/weather series,SYNTHETIC_PROTOTYPE
IN-WX-0588,Guwahati,Assam,26.154253,91.729164,EPSG:4326,2025-06-19 00:00:00,12.35,0.54,25.9,72.1,1.71,1008.5,7.99,659.86,8.04,Warning,Synthetic rain-gauge/weather series,SYNTHETIC_PROTOTYPE
IN-WX-0589,Bhubaneswar,Odisha,20.291996,85.814911,EPSG:4326,2025-06-19 00:00:00,35.97,4.35,12.3,57.2,2.98,1005.3,9.06,252.96,9.28,Danger,Synthetic rain-gauge/weather series,SYNTHETIC_PROTOTYPE
IN-WX-0590,Ranchi,Jharkhand,23.350513,85.309399,EPSG:4326,2025-06-19 00:00:00,28.4,2.0,17.7,68.7,2.98,1003.4,6.5,829.03,6.41,Warning,Synthetic rain-gauge/weather series,SYNTHETIC_PROTOTYPE
IN-WX-0591,Bhopal,Madhya Pradesh,23.260292,77.419007,EPSG:4326,2025-06-19 00:00:00,0.32,0.02,34.4,56.7,7.14,1005.5,9.78,360.39,9.5,Danger,Synthetic rain-gauge/weather series,SYNTHETIC_PROTOTYPE
IN-WX-0592,Indore,Madhya Pradesh,22.719161,75.848382,EPSG:4326,2025-06-19 00:00:00,7.39,0.82,34.8,58.7,1.24,1004.3,5.75,353.47,5.55,Normal,Synthetic rain-gauge/weather series,SYNTHETIC_PROTOTYPE
IN-WX-0593,Raipur,Chhattisgarh,21.256535,81.639163,EPSG:4326,2025-06-19 00:00:00,2.55,0.16,36.0,75.3,7.21,991.4,8.93,473.41,8.75,Warning,Synthetic rain-gauge/weather series,SYNTHETIC_PROTOTYPE
IN-WX-0594,Hyderabad,Telangana,17.393712,78.480261,EPSG:4326,2025-06-19 00:00:00,2.05,0.11,21.1,52.5,9.86,1011.5,7.71,209.75,7.99,Warning,Synthetic rain-gauge/weather series,SYNTHETIC_PROTOTYPE
IN-WX-0595,Bengaluru,Karnataka,12.974613,77.593995,EPSG:4326,2025-06-19 00:00:00,21.54,0.96,14.9,87.4,9.32,1003.1,9.24,489.18,9.37,Danger,Synthetic rain-gauge/weather series,SYNTHETIC_PROTOTYPE
IN-WX-0596,Mysuru,Karnataka,12.290829,76.64927,EPSG:4326,2025-06-19 00:00:00,21.84,1.8,29.1,55.2,6.74,1017.3,6.02,478.1,6.29,Normal,Synthetic rain-gauge/weather series,SYNTHETIC_PROTOTYPE
IN-WX-0597,Chennai,Tamil Nadu,13.085804,80.260939,EPSG:4326,2025-06-19 00:00:00,6.99,0.37,23.2,47.3,10.13,1018.7,1.37,37.73,1.34,Normal,Synthetic rain-gauge/weather series,SYNTHETIC_PROTOTYPE
IN-WX-0598,Coimbatore,Tamil Nadu,11.013037,76.965277,EPSG:4326,2025-06-19 00:00:00,25.11,1.4,24.4,87.8,5.53,992.2,7.03,333.96,7.15,Warning,Synthetic rain-gauge/weather series,SYNTHETIC_PROTOTYPE
IN-WX-0599,Kochi,Kerala,9.934935,76.26549,EPSG:4326,2025-06-19 00:00:00,35.98,3.24,34.8,54.2,4.88,1007.5,5.77,423.26,5.75,Normal,Synthetic rain-gauge/weather series,SYNTHETIC_PROTOTYPE
IN-WX-0600,Thiruvananthapuram,Kerala,8.514297,76.940067,EPSG:4326,2025-06-19 00:00:00,2.71,0.13,19.8,92.8,13.95,1019.0,2.1,267.72,1.85,Normal,Synthetic rain-gauge/weather series,SYNTHETIC_PROTOTYPE
IN-WX-0601,Vijayawada,Andhra Pradesh,16.501862,80.656811,EPSG:4326,2025-06-19 00:00:00,14.16,0.83,25.2,92.5,10.39,1004.8,9.29,413.46,9.12,Danger,Synthetic rain-gauge/weather series,SYNTHETIC_PROTOTYPE
IN-WX-0602,Visakhapatnam,Andhra Pradesh,17.686003,83.221237,EPSG:4326,2025-06-19 00:00:00,8.45,0.59,26.5,68.6,4.88,1017.8,8.07,196.2,8.07,Warning,Synthetic rain-gauge/weather series,SYNTHETIC_PROTOTYPE
IN-WX-0603,Srinagar,Jammu and Kashmir,34.0816,74.800425,EPSG:4326,2025-06-19 00:00:00,17.14,0.96,33.6,81.7,9.43,1003.1,8.33,461.32,8.4,Warning,Synthetic rain-gauge/weather series,SYNTHETIC_PROTOTYPE
IN-WX-0604,Shimla,Himachal Pradesh,31.098918,77.17727,EPSG:4326,2025-06-19 00:00:00,37.63,2.18,23.7,50.7,4.83,1020.0,4.45,247.43,4.52,Normal,Synthetic rain-gauge/weather series,SYNTHETIC_PROTOTYPE
IN-WX-0605,Dehradun,Uttarakhand,30.311261,78.040274,EPSG:4326,2025-06-19 00:00:00,33.3,3.98,29.6,76.3,1.0,1015.6,1.86,218.99,1.59,Normal,Synthetic rain-gauge/weather series,SYNTHETIC_PROTOTYPE
IN-WX-0606,Gaya,Bihar,24.789749,84.996092,EPSG:4326,2025-06-19 00:00:00,36.25,6.0,14.5,75.3,4.93,1002.6,4.54,527.27,4.59,Normal,Synthetic rain-gauge/weather series,SYNTHETIC_PROTOTYPE
IN-WX-0607,Agra,Uttar Pradesh,27.168325,78.015659,EPSG:4326,2025-06-19 00:00:00,11.41,1.51,27.7,86.8,11.23,1001.1,4.72,318.56,4.9,Normal,Synthetic rain-gauge/weather series,SYNTHETIC_PROTOTYPE
IN-WX-0608,Gandhinagar,Gujarat,23.222859,72.63246,EPSG:4326,2025-06-19 00:00:00,15.38,1.06,19.2,46.7,1.42,1019.9,4.85,518.69,4.66,Normal,Synthetic rain-gauge/weather series,SYNTHETIC_PROTOTYPE
IN-WX-0609,Delhi,Delhi,28.618283,77.20578,EPSG:4326,2025-06-20 00:00:00,29.07,1.75,32.8,56.2,5.25,1007.1,8.72,973.49,8.57,Warning,Synthetic rain-gauge/weather series,SYNTHETIC_PROTOTYPE
IN-WX-0610,Mumbai,Maharashtra,19.084377,72.875401,EPSG:4326,2025-06-20 00:00:00,10.51,2.75,35.5,83.3,7.34,1005.2,5.07,540.77,4.83,Normal,Synthetic rain-gauge/weather series,SYNTHETIC_PROTOTYPE
IN-WX-0611,Pune,Maharashtra,18.519764,73.864909,EPSG:4326,2025-06-20 00:00:00,26.15,1.21,13.9,72.6,2.38,1017.5,7.9,361.98,7.98,Warning,Synthetic rain-gauge/weather series,SYNTHETIC_PROTOTYPE
IN-WX-0612,Nagpur,Maharashtra,21.14888,79.078703,EPSG:4326,2025-06-20 00:00:00,35.71,1.5,29.8,69.0,9.41,993.4,4.47,541.38,4.64,Normal,Synthetic rain-gauge/weather series,SYNTHETIC_PROTOTYPE
IN-WX-0613,Ahmedabad,Gujarat,23.024483,72.571527,EPSG:4326,2025-06-20 00:00:00,5.71,0.46,18.1,45.4,3.87,998.0,9.49,212.76,9.68,Danger,Synthetic rain-gauge/weather series,SYNTHETIC_PROTOTYPE
IN-WX-0614,Surat,Gujarat,21.165461,72.828697,EPSG:4326,2025-06-20 00:00:00,4.32,1.63,18.4,74.2,6.58,1007.7,1.52,93.44,1.61,Normal,Synthetic rain-gauge/weather series,SYNTHETIC_PROTOTYPE
IN-WX-0615,Jaipur,Rajasthan,26.908611,75.780671,EPSG:4326,2025-06-20 00:00:00,7.97,0.42,20.6,46.6,1.02,999.3,10.15,1259.63,10.01,Danger,Synthetic rain-gauge/weather series,SYNTHETIC_PROTOTYPE
IN-WX-0616,Lucknow,Uttar Pradesh,26.851259,80.952239,EPSG:4326,2025-06-20 00:00:00,9.5,1.06,32.4,59.0,11.06,1012.5,7.39,914.38,7.67,Warning,Synthetic rain-gauge/weather series,SYNTHETIC_PROTOTYPE
IN-WX-0617,Varanasi,Uttar Pradesh,25.32654,82.978376,EPSG:4326,2025-06-20 00:00:00,26.07,2.32,29.5,93.8,7.78,991.0,8.36,554.07,8.18,Warning,Synthetic rain-gauge/weather series,SYNTHETIC_PROTOTYPE
IN-WX-0618,Patna,Bihar,25.598173,85.141195,EPSG:4326,2025-06-20 00:00:00,24.4,1.13,20.4,96.7,2.11,1006.4,8.71,555.51,8.99,Warning,Synthetic rain-gauge/weather series,SYNTHETIC_PROTOTYPE
IN-WX-0619,Kolkata,West Bengal,22.562665,88.359679,EPSG:4326,2025-06-20 00:00:00,11.69,0.69,25.2,77.0,6.34,1007.6,3.78,430.04,3.52,Normal,Synthetic rain-gauge/weather series,SYNTHETIC_PROTOTYPE
IN-WX-0620,Guwahati,Assam,26.139282,91.731157,EPSG:4326,2025-06-20 00:00:00,14.55,0.69,25.6,51.7,9.87,999.7,6.72,692.1,6.5,Warning,Synthetic rain-gauge/weather series,SYNTHETIC_PROTOTYPE
IN-WX-0621,Bhubaneswar,Odisha,20.286197,85.816528,EPSG:4326,2025-06-20 00:00:00,34.88,3.75,25.7,55.6,1.06,1019.6,3.13,218.31,2.98,Normal,Synthetic rain-gauge/weather series,SYNTHETIC_PROTOTYPE
IN-WX-0622,Ranchi,Jharkhand,23.334237,85.302055,EPSG:4326,2025-06-20 00:00:00,9.44,0.54,24.9,91.8,6.8,1012.5,7.52,178.87,7.35,Warning,Synthetic rain-gauge/weather series,SYNTHETIC_PROTOTYPE
IN-WX-0623,Bhopal,Madhya Pradesh,23.267296,77.416953,EPSG:4326,2025-06-20 00:00:00,10.94,0.96,31.8,80.7,4.66,995.2,9.7,1259.02,9.94,Danger,Synthetic rain-gauge/weather series,SYNTHETIC_PROTOTYPE
IN-WX-0624,Indore,Madhya Pradesh,22.710511,75.850836,EPSG:4326,2025-06-20 00:00:00,20.98,1.56,17.2,54.1,1.02,994.9,10.01,407.67,9.91,Danger,Synthetic rain-gauge/weather series,SYNTHETIC_PROTOTYPE
IN-WX-0625,Raipur,Chhattisgarh,21.251636,81.633863,EPSG:4326,2025-06-20 00:00:00,4.23,0.66,24.6,50.6,3.82,1011.3,4.44,359.34,4.44,Normal,Synthetic rain-gauge/weather series,SYNTHETIC_PROTOTYPE
IN-WX-0626,Hyderabad,Telangana,17.379984,78.481472,EPSG:4326,2025-06-20 00:00:00,10.46,0.56,27.8,67.8,8.51,1008.7,9.48,462.69,9.64,Danger,Synthetic rain-gauge/weather series,SYNTHETIC_PROTOTYPE
IN-WX-0627,Bengaluru,Karnataka,12.972826,77.597087,EPSG:4326,2025-06-20 00:00:00,3.77,0.69,29.7,47.3,3.32,1016.5,8.65,215.13,8.35,Warning,Synthetic rain-gauge/weather series,SYNTHETIC_PROTOTYPE
IN-WX-0628,Mysuru,Karnataka,12.288665,76.639893,EPSG:4326,2025-06-20 00:00:00,39.81,3.23,19.4,89.3,2.01,1000.3,5.96,566.32,5.81,Normal,Synthetic rain-gauge/weather series,SYNTHETIC_PROTOTYPE
IN-WX-0629,Chennai,Tamil Nadu,13.092182,80.270497,EPSG:4326,2025-06-20 00:00:00,20.79,1.39,27.6,51.9,11.01,994.1,10.67,387.36,10.71,Danger,Synthetic rain-gauge/weather series,SYNTHETIC_PROTOTYPE
IN-WX-0630,Coimbatore,Tamil Nadu,11.023976,76.948347,EPSG:4326,2025-06-20 00:00:00,45.11,5.04,22.6,85.9,2.03,1010.1,4.75,486.08,4.89,Normal,Synthetic rain-gauge/weather series,SYNTHETIC_PROTOTYPE
IN-WX-0631,Kochi,Kerala,9.930976,76.259604,EPSG:4326,2025-06-20 00:00:00,42.36,2.28,29.8,84.2,1.57,1004.8,6.25,281.37,6.46,Normal,Synthetic rain-gauge/weather series,SYNTHETIC_PROTOTYPE
IN-WX-0632,Thiruvananthapuram,Kerala,8.532124,76.935842,EPSG:4326,2025-06-20 00:00:00,3.55,0.23,32.3,92.8,7.35,1015.9,10.49,988.62,10.44,Danger,Synthetic rain-gauge/weather series,SYNTHETIC_PROTOTYPE
IN-WX-0633,Vijayawada,Andhra Pradesh,16.51146,80.649954,EPSG:4326,2025-06-20 00:00:00,16.31,3.98,27.0,62.8,3.86,993.6,1.34,57.2,1.28,Normal,Synthetic rain-gauge/weather series,SYNTHETIC_PROTOTYPE
IN-WX-0634,Visakhapatnam,Andhra Pradesh,17.685322,83.215489,EPSG:4326,2025-06-20 00:00:00,20.24,0.98,23.9,87.0,4.32,994.5,2.7,226.62,2.43,Normal,Synthetic rain-gauge/weather series,SYNTHETIC_PROTOTYPE
IN-WX-0635,Srinagar,Jammu and Kashmir,34.086292,74.794644,EPSG:4326,2025-06-20 00:00:00,19.3,1.28,16.6,46.0,13.61,1018.3,5.28,462.28,5.56,Normal,Synthetic rain-gauge/weather series,SYNTHETIC_PROTOTYPE
IN-WX-0636,Shimla,Himachal Pradesh,31.107228,77.176001,EPSG:4326,2025-06-20 00:00:00,4.16,0.26,32.1,66.5,3.45,1011.1,6.21,416.42,6.25,Normal,Synthetic rain-gauge/weather series,SYNTHETIC_PROTOTYPE
IN-WX-0637,Dehradun,Uttarakhand,30.311498,78.038298,EPSG:4326,2025-06-20 00:00:00,14.44,0.69,21.7,61.9,9.6,1015.0,2.22,271.11,1.98,Normal,Synthetic rain-gauge/weather series,SYNTHETIC_PROTOTYPE
IN-WX-0638,Gaya,Bihar,24.786978,84.99373,EPSG:4326,2025-06-20 00:00:00,6.21,0.41,24.3,68.5,9.76,1005.1,5.72,420.35,5.53,Normal,Synthetic rain-gauge/weather series,SYNTHETIC_PROTOTYPE
IN-WX-0639,Agra,Uttar Pradesh,27.179372,78.017372,EPSG:4326,2025-06-20 00:00:00,3.82,0.29,14.9,52.6,13.9,1007.8,9.95,366.25,9.94,Danger,Synthetic rain-gauge/weather series,SYNTHETIC_PROTOTYPE
IN-WX-0640,Gandhinagar,Gujarat,23.210456,72.638733,EPSG:4326,2025-06-20 00:00:00,3.19,0.26,31.6,60.1,10.71,990.8,6.02,292.71,5.78,Normal,Synthetic rain-gauge/weather series,SYNTHETIC_PROTOTYPE
IN-WX-0641,Delhi,Delhi,28.621864,77.202929,EPSG:4326,2025-06-21 00:00:00,1.48,0.12,22.6,59.6,6.93,990.7,6.01,268.74,6.27,Normal,Synthetic rain-gauge/weather series,SYNTHETIC_PROTOTYPE
IN-WX-0642,Mumbai,Maharashtra,19.066854,72.882907,EPSG:4326,2025-06-21 00:00:00,14.92,1.69,31.7,97.4,4.93,1004.6,9.62,1042.76,9.42,Danger,Synthetic rain-gauge/weather series,SYNTHETIC_PROTOTYPE
IN-WX-0643,Pune,Maharashtra,18.513259,73.852541,EPSG:4326,2025-06-21 00:00:00,3.21,0.15,19.8,84.7,9.87,992.7,6.96,282.58,6.76,Warning,Synthetic rain-gauge/weather series,SYNTHETIC_PROTOTYPE
IN-WX-0644,Nagpur,Maharashtra,21.155005,79.090687,EPSG:4326,2025-06-21 00:00:00,45.13,7.89,31.4,69.5,6.21,999.3,8.87,980.47,8.75,Warning,Synthetic rain-gauge/weather series,SYNTHETIC_PROTOTYPE
IN-WX-0645,Ahmedabad,Gujarat,23.01686,72.577778,EPSG:4326,2025-06-21 00:00:00,8.83,0.47,35.6,71.2,12.36,1018.6,9.44,927.52,9.37,Danger,Synthetic rain-gauge/weather series,SYNTHETIC_PROTOTYPE
IN-WX-0646,Surat,Gujarat,21.172393,72.827968,EPSG:4326,2025-06-21 00:00:00,34.87,2.07,27.0,77.7,8.63,1015.8,10.38,518.04,10.33,Danger,Synthetic rain-gauge/weather series,SYNTHETIC_PROTOTYPE
IN-WX-0647,Jaipur,Rajasthan,26.908016,75.790392,EPSG:4326,2025-06-21 00:00:00,15.28,2.59,31.6,76.9,0.56,990.5,9.49,1197.08,9.58,Danger,Synthetic rain-gauge/weather series,SYNTHETIC_PROTOTYPE
IN-WX-0648,Lucknow,Uttar Pradesh,26.856414,80.947921,EPSG:4326,2025-06-21 00:00:00,4.68,0.72,26.9,45.9,0.74,1015.1,8.37,815.13,8.24,Warning,Synthetic rain-gauge/weather series,SYNTHETIC_PROTOTYPE
IN-WX-0649,Varanasi,Uttar Pradesh,25.318562,82.97477,EPSG:4326,2025-06-21 00:00:00,6.58,0.58,12.2,50.6,4.3,1003.5,8.48,270.55,8.39,Warning,Synthetic rain-gauge/weather series,SYNTHETIC_PROTOTYPE
IN-WX-0650,Patna,Bihar,25.595738,85.131057,EPSG:4326,2025-06-21 00:00:00,21.91,1.01,20.5,90.8,10.51,1014.9,5.2,195.84,4.94,Normal,Synthetic rain-gauge/weather series,SYNTHETIC_PROTOTYPE
IN-WX-0651,Kolkata,West Bengal,22.565267,88.362865,EPSG:4326,2025-06-21 00:00:00,8.18,0.6,30.3,45.5,12.27,1003.4,2.84,153.8,2.59,Normal,Synthetic rain-gauge/weather series,SYNTHETIC_PROTOTYPE
IN-WX-0652,Guwahati,Assam,26.143998,91.726215,EPSG:4326,2025-06-21 00:00:00,24.13,3.04,17.4,93.7,10.33,1011.1,2.15,188.45,2.06,Normal,Synthetic rain-gauge/weather series,SYNTHETIC_PROTOTYPE
IN-WX-0653,Bhubaneswar,Odisha,20.291409,85.830425,EPSG:4326,2025-06-21 00:00:00,18.65,2.59,27.0,78.2,2.5,1006.3,6.43,585.05,6.22,Normal,Synthetic rain-gauge/weather series,SYNTHETIC_PROTOTYPE
IN-WX-0654,Ranchi,Jharkhand,23.349378,85.311958,EPSG:4326,2025-06-21 00:00:00,4.4,0.33,35.0,80.5,1.6,1011.7,1.53,99.39,1.8,Normal,Synthetic rain-gauge/weather series,SYNTHETIC_PROTOTYPE
IN-WX-0655,Bhopal,Madhya Pradesh,23.258888,77.414083,EPSG:4326,2025-06-21 00:00:00,24.29,1.5,19.0,76.8,10.14,1015.0,9.76,853.27,9.7,Danger,Synthetic rain-gauge/weather series,SYNTHETIC_PROTOTYPE
IN-WX-0656,Indore,Madhya Pradesh,22.717785,75.855935,EPSG:4326,2025-06-21 00:00:00,14.18,1.14,27.3,60.4,9.54,1016.6,2.44,82.59,2.14,Normal,Synthetic rain-gauge/weather series,SYNTHETIC_PROTOTYPE
IN-WX-0657,Raipur,Chhattisgarh,21.252262,81.625141,EPSG:4326,2025-06-21 00:00:00,6.7,0.3,12.1,54.1,13.74,1006.9,8.0,352.36,7.87,Warning,Synthetic rain-gauge/weather series,SYNTHETIC_PROTOTYPE
IN-WX-0658,Hyderabad,Telangana,17.37611,78.496271,EPSG:4326,2025-06-21 00:00:00,5.95,0.38,33.7,68.1,11.67,1003.7,3.85,190.0,4.11,Normal,Synthetic rain-gauge/weather series,SYNTHETIC_PROTOTYPE
IN-WX-0659,Bengaluru,Karnataka,12.966081,77.592554,EPSG:4326,2025-06-21 00:00:00,21.12,1.39,12.6,64.4,2.73,1019.3,6.2,805.3,6.12,Normal,Synthetic rain-gauge/weather series,SYNTHETIC_PROTOTYPE
IN-WX-0660,Mysuru,Karnataka,12.298234,76.631401,EPSG:4326,2025-06-21 00:00:00,35.33,8.55,25.0,76.5,9.81,1009.3,6.91,533.7,6.99,Warning,Synthetic rain-gauge/weather series,SYNTHETIC_PROTOTYPE
IN-WX-0661,Chennai,Tamil Nadu,13.084751,80.277103,EPSG:4326,2025-06-21 00:00:00,25.84,3.75,12.0,62.9,8.58,1002.5,3.86,205.82,3.83,Normal,Synthetic rain-gauge/weather series,SYNTHETIC_PROTOTYPE
IN-WX-0662,Coimbatore,Tamil Nadu,11.01062,76.954505,EPSG:4326,2025-06-21 00:00:00,17.01,1.48,25.8,76.7,4.99,1006.9,10.0,921.77,10.17,Danger,Synthetic rain-gauge/weather series,SYNTHETIC_PROTOTYPE
IN-WX-0663,Kochi,Kerala,9.938069,76.265457,EPSG:4326,2025-06-21 00:00:00,9.92,0.63,29.5,72.7,2.6,1018.4,5.84,451.59,5.84,Normal,Synthetic rain-gauge/weather series,SYNTHETIC_PROTOTYPE
IN-WX-0664,Thiruvananthapuram,Kerala,8.52874,76.932417,EPSG:4326,2025-06-21 00:00:00,7.45,0.57,13.2,60.6,11.91,1007.6,3.69,202.42,3.67,Normal,Synthetic rain-gauge/weather series,SYNTHETIC_PROTOTYPE
IN-WX-0665,Vijayawada,Andhra Pradesh,16.497966,80.640886,EPSG:4326,2025-06-21 00:00:00,14.84,2.02,17.7,74.7,2.22,1005.5,7.6,911.18,7.74,Warning,Synthetic rain-gauge/weather series,SYNTHETIC_PROTOTYPE
IN-WX-0666,Visakhapatnam,Andhra Pradesh,17.688887,83.211825,EPSG:4326,2025-06-21 00:00:00,10.7,1.09,34.8,96.4,13.43,992.3,2.46,103.35,2.45,Normal,Synthetic rain-gauge/weather series,SYNTHETIC_PROTOTYPE
IN-WX-0667,Srinagar,Jammu and Kashmir,34.074341,74.802856,EPSG:4326,2025-06-21 00:00:00,10.26,1.53,33.6,46.9,0.69,1015.5,9.46,1051.31,9.25,Danger,Synthetic rain-gauge/weather series,SYNTHETIC_PROTOTYPE
IN-WX-0668,Shimla,Himachal Pradesh,31.10086,77.183217,EPSG:4326,2025-06-21 00:00:00,5.1,1.61,18.4,50.1,4.38,998.9,9.83,861.47,9.65,Danger,Synthetic rain-gauge/weather series,SYNTHETIC_PROTOTYPE
IN-WX-0669,Dehradun,Uttarakhand,30.323532,78.023608,EPSG:4326,2025-06-21 00:00:00,18.85,1.44,32.7,96.1,4.81,1000.3,7.61,342.63,7.64,Warning,Synthetic rain-gauge/weather series,SYNTHETIC_PROTOTYPE
IN-WX-0670,Gaya,Bihar,24.781779,85.00665,EPSG:4326,2025-06-21 00:00:00,13.42,0.59,16.0,80.3,2.61,991.8,2.45,245.13,2.47,Normal,Synthetic rain-gauge/weather series,SYNTHETIC_PROTOTYPE
IN-WX-0671,Agra,Uttar Pradesh,27.183476,78.000918,EPSG:4326,2025-06-21 00:00:00,11.16,0.9,23.7,70.4,7.57,1011.7,2.56,116.11,2.44,Normal,Synthetic rain-gauge/weather series,SYNTHETIC_PROTOTYPE
IN-WX-0672,Gandhinagar,Gujarat,23.219877,72.635241,EPSG:4326,2025-06-21 00:00:00,10.04,3.05,26.6,82.9,6.7,999.9,3.44,355.63,3.74,Normal,Synthetic rain-gauge/weather series,SYNTHETIC_PROTOTYPE
IN-WX-0673,Delhi,Delhi,28.619495,77.21435,EPSG:4326,2025-06-22 00:00:00,6.03,0.26,14.1,63.3,2.42,992.5,9.24,898.47,8.99,Danger,Synthetic rain-gauge/weather series,SYNTHETIC_PROTOTYPE
IN-WX-0674,Mumbai,Maharashtra,19.077094,72.880009,EPSG:4326,2025-06-22 00:00:00,27.44,1.18,20.0,71.9,9.95,1011.1,11.13,943.92,10.92,Danger,Synthetic rain-gauge/weather series,SYNTHETIC_PROTOTYPE
IN-WX-0675,Pune,Maharashtra,18.529837,73.861558,EPSG:4326,2025-06-22 00:00:00,9.37,0.91,28.0,68.4,3.94,992.9,5.23,560.93,5.52,Normal,Synthetic rain-gauge/weather series,SYNTHETIC_PROTOTYPE
IN-WX-0676,Nagpur,Maharashtra,21.141774,79.083877,EPSG:4326,2025-06-22 00:00:00,32.69,11.89,16.9,55.7,6.07,1014.6,10.72,1133.27,10.76,Danger,Synthetic rain-gauge/weather series,SYNTHETIC_PROTOTYPE
IN-WX-0677,Ahmedabad,Gujarat,23.018101,72.574973,EPSG:4326,2025-06-22 00:00:00,9.04,0.52,27.8,68.8,3.65,1003.4,3.85,406.91,3.73,Normal,Synthetic rain-gauge/weather series,SYNTHETIC_PROTOTYPE
IN-WX-0678,Surat,Gujarat,21.173785,72.840019,EPSG:4326,2025-06-22 00:00:00,18.74,0.88,31.1,56.5,8.63,1005.7,10.14,818.13,10.29,Danger,Synthetic rain-gauge/weather series,SYNTHETIC_PROTOTYPE
IN-WX-0679,Jaipur,Rajasthan,26.908176,75.782476,EPSG:4326,2025-06-22 00:00:00,7.23,0.38,13.7,70.3,8.76,1002.9,10.54,842.2,10.6,Danger,Synthetic rain-gauge/weather series,SYNTHETIC_PROTOTYPE
IN-WX-0680,Lucknow,Uttar Pradesh,26.85306,80.941529,EPSG:4326,2025-06-22 00:00:00,1.54,0.1,25.7,71.5,2.61,1003.4,1.73,138.38,1.78,Normal,Synthetic rain-gauge/weather series,SYNTHETIC_PROTOTYPE
IN-WX-0681,Varanasi,Uttar Pradesh,25.312826,82.971127,EPSG:4326,2025-06-22 00:00:00,43.92,2.77,21.2,88.6,9.05,992.7,6.61,426.12,6.39,Warning,Synthetic rain-gauge/weather series,SYNTHETIC_PROTOTYPE
IN-WX-0682,Patna,Bihar,25.594787,85.135235,EPSG:4326,2025-06-22 00:00:00,9.85,0.55,14.1,92.4,12.67,1006.6,7.09,579.52,7.16,Warning,Synthetic rain-gauge/weather series,SYNTHETIC_PROTOTYPE
IN-WX-0683,Kolkata,West Bengal,22.564091,88.367278,EPSG:4326,2025-06-22 00:00:00,47.96,4.61,27.6,79.4,13.84,1014.7,8.92,379.67,8.91,Warning,Synthetic rain-gauge/weather series,SYNTHETIC_PROTOTYPE
IN-WX-0684,Guwahati,Assam,26.140224,91.741513,EPSG:4326,2025-06-22 00:00:00,1.02,0.04,12.7,58.8,7.65,1012.8,9.88,409.79,9.58,Danger,Synthetic rain-gauge/weather series,SYNTHETIC_PROTOTYPE
IN-WX-0685,Bhubaneswar,Odisha,20.300547,85.82509,EPSG:4326,2025-06-22 00:00:00,6.39,0.49,23.1,46.5,4.34,1000.1,8.15,385.67,8.16,Warning,Synthetic rain-gauge/weather series,SYNTHETIC_PROTOTYPE
IN-WX-0686,Ranchi,Jharkhand,23.33852,85.301629,EPSG:4326,2025-06-22 00:00:00,4.16,0.25,16.4,86.4,6.37,1016.3,8.73,641.17,8.68,Warning,Synthetic rain-gauge/weather series,SYNTHETIC_PROTOTYPE
IN-WX-0687,Bhopal,Madhya Pradesh,23.268334,77.417838,EPSG:4326,2025-06-22 00:00:00,21.85,0.96,30.7,85.7,3.34,1018.9,9.75,460.53,9.66,Danger,Synthetic rain-gauge/weather series,SYNTHETIC_PROTOTYPE
IN-WX-0688,Indore,Madhya Pradesh,22.723524,75.851018,EPSG:4326,2025-06-22 00:00:00,5.93,0.43,25.6,56.7,10.22,1016.3,4.85,408.86,4.64,Normal,Synthetic rain-gauge/weather series,SYNTHETIC_PROTOTYPE
IN-WX-0689,Raipur,Chhattisgarh,21.255218,81.620611,EPSG:4326,2025-06-22 00:00:00,7.83,0.77,23.0,77.5,11.84,1005.4,2.96,215.03,3.1,Normal,Synthetic rain-gauge/weather series,SYNTHETIC_PROTOTYPE
IN-WX-0690,Hyderabad,Telangana,17.394891,78.492365,EPSG:4326,2025-06-22 00:00:00,2.05,0.29,14.2,52.1,5.79,1007.7,1.82,128.39,1.95,Normal,Synthetic rain-gauge/weather series,SYNTHETIC_PROTOTYPE
IN-WX-0691,Bengaluru,Karnataka,12.978928,77.592985,EPSG:4326,2025-06-22 00:00:00,18.55,0.96,20.5,47.2,9.97,997.8,4.59,373.93,4.75,Normal,Synthetic rain-gauge/weather series,SYNTHETIC_PROTOTYPE
IN-WX-0692,Mysuru,Karnataka,12.288705,76.636684,EPSG:4326,2025-06-22 00:00:00,4.22,0.33,18.3,84.0,10.14,1002.7,7.87,389.93,8.15,Warning,Synthetic rain-gauge/weather series,SYNTHETIC_PROTOTYPE
IN-WX-0693,Chennai,Tamil Nadu,13.079769,80.274373,EPSG:4326,2025-06-22 00:00:00,3.44,0.24,12.9,85.8,3.49,1013.1,7.96,297.47,7.7,Warning,Synthetic rain-gauge/weather series,SYNTHETIC_PROTOTYPE
IN-WX-0694,Coimbatore,Tamil Nadu,11.021574,76.965316,EPSG:4326,2025-06-22 00:00:00,25.26,1.11,27.6,56.6,3.71,1000.7,9.47,499.65,9.71,Danger,Synthetic rain-gauge/weather series,SYNTHETIC_PROTOTYPE
IN-WX-0695,Kochi,Kerala,9.934139,76.265832,EPSG:4326,2025-06-22 00:00:00,30.18,2.45,35.8,48.9,2.75,1008.8,5.33,148.79,5.54,Normal,Synthetic rain-gauge/weather series,SYNTHETIC_PROTOTYPE
IN-WX-0696,Thiruvananthapuram,Kerala,8.527157,76.931121,EPSG:4326,2025-06-22 00:00:00,42.03,2.2,19.1,75.2,9.43,1009.6,5.16,418.25,4.9,Normal,Synthetic rain-gauge/weather series,SYNTHETIC_PROTOTYPE
IN-WX-0697,Vijayawada,Andhra Pradesh,16.508544,80.649692,EPSG:4326,2025-06-22 00:00:00,4.9,0.37,32.3,67.4,6.79,990.6,7.29,212.7,7.25,Warning,Synthetic rain-gauge/weather series,SYNTHETIC_PROTOTYPE
IN-WX-0698,Visakhapatnam,Andhra Pradesh,17.696445,83.22319,EPSG:4326,2025-06-22 00:00:00,15.68,3.41,26.9,89.5,0.63,1014.9,1.32,164.47,1.5,Normal,Synthetic rain-gauge/weather series,SYNTHETIC_PROTOTYPE
IN-WX-0699,Srinagar,Jammu and Kashmir,34.075263,74.788092,EPSG:4326,2025-06-22 00:00:00,29.22,1.32,33.0,79.4,4.43,998.8,5.33,589.68,5.51,Normal,Synthetic rain-gauge/weather series,SYNTHETIC_PROTOTYPE
IN-WX-0700,Shimla,Himachal Pradesh,31.099521,77.174671,EPSG:4326,2025-06-22 00:00:00,7.62,1.58,35.5,61.5,6.27,1015.5,4.29,480.48,4.53,Normal,Synthetic rain-gauge/weather series,SYNTHETIC_PROTOTYPE
