river_id,river_name,river_basin,state,district,reach_id,latitude,longitude,crs,chainage_km,river_width_m,bankfull_width_m,left_bank_elevation_m,right_bank_elevation_m,bed_elevation_m,thalweg_elevation_m,mean_depth_m,maximum_depth_m,bed_slope,cross_section_area_m2,wetted_perimeter_m,manning_n,bank_material,flow_direction_deg,upstream_dam_id,cross_section_wkt,measurement_timestamp,data_source,data_status
IN-R01,Ganga,Ganga Basin,Uttar Pradesh,Kanpur,IN-01-01,26.437,80.33375,EPSG:4326,0.0,82.24,97.04,158.42,150.83,150.97,149.23,6.43,9.19,0.00363,632.59,100.62,0.029,Gravel,107.39,D017,"LINESTRING(80.32875 26.435,80.33375 26.436999999999998,80.33874999999999 26.438999999999997)",2026-08-02 06:00:00,Indian river/dam anchor + synthetic prototype cross-section,SYNTHETIC_PROTOTYPE
IN-R01,Ganga,Ganga Basin,Uttar Pradesh,Kanpur,IN-01-02,26.439,80.33625,EPSG:4326,1.5,135.2,159.54,168.01,167.76,155.98,153.68,10.04,14.34,0.001849,1643.18,163.87,0.032,Clay,100.04,D017,"LINESTRING(80.33125 26.437,80.33624999999999 26.439,80.34124999999999 26.441)",2026-08-03 06:00:00,Indian river/dam anchor + synthetic prototype cross-section,SYNTHETIC_PROTOTYPE
IN-R01,Ganga,Ganga Basin,Uttar Pradesh,Kanpur,IN-01-03,26.441,80.33875,EPSG:4326,3.0,61.9,73.04,133.3,135.92,122.34,121.79,8.05,11.5,0.001524,522.82,84.9,0.029,Silt,156.71,D017,"LINESTRING(80.33375 26.439,80.33874999999999 26.441,80.34374999999999 26.442999999999998)",2026-08-04 06:00:00,Indian river/dam anchor + synthetic prototype cross-section,SYNTHETIC_PROTOTYPE
IN-R01,Ganga,Ganga Basin,Uttar Pradesh,Kanpur,IN-01-04,26.443,80.34125,EPSG:4326,4.5,116.12,137.03,109.07,114.47,101.93,98.11,7.67,10.96,0.001788,978.3,138.03,0.043,Silt,114.96,D017,"LINESTRING(80.33624999999999 26.441,80.34124999999999 26.442999999999998,80.34624999999998 26.444999999999997)",2026-08-05 06:00:00,Indian river/dam anchor + synthetic prototype cross-section,SYNTHETIC_PROTOTYPE
IN-R01,Ganga,Ganga Basin,Uttar Pradesh,Kanpur,IN-01-05,26.445,80.34375,EPSG:4326,6.0,127.73,150.72,180.69,181.5,169.28,167.98,8.9,12.71,0.002362,1214.0,153.14,0.029,Alluvium,197.45,D017,"LINESTRING(80.33875 26.443,80.34375 26.445,80.34875 26.447)",2026-08-06 06:00:00,Indian river/dam anchor + synthetic prototype cross-section,SYNTHETIC_PROTOTYPE
IN-R01,Ganga,Ganga Basin,Uttar Pradesh,Kanpur,IN-01-06,26.447,80.34625,EPSG:4326,7.5,199.58,235.51,260.28,266.76,251.64,248.78,8.05,11.5,0.001723,1775.2,222.59,0.025,Clay,285.85,D017,"LINESTRING(80.34125 26.445,80.34625 26.447,80.35125 26.448999999999998)",2026-08-07 06:00:00,Indian river/dam anchor + synthetic prototype cross-section,SYNTHETIC_PROTOTYPE
IN-R01,Ganga,Ganga Basin,Uttar Pradesh,Kanpur,IN-01-07,26.449,80.34875,EPSG:4326,9.0,119.93,141.52,195.08,192.86,180.21,179.5,10.91,15.58,0.002947,1322.16,151.1,0.031,Sand,149.97,D017,"LINESTRING(80.34375 26.447,80.34875 26.448999999999998,80.35374999999999 26.450999999999997)",2026-08-08 06:00:00,Indian river/dam anchor + synthetic prototype cross-section,SYNTHETIC_PROTOTYPE
IN-R01,Ganga,Ganga Basin,Uttar Pradesh,Kanpur,IN-01-08,26.451,80.35125,EPSG:4326,10.5,119.0,140.42,107.41,108.09,96.96,95.9,8.06,11.51,0.000192,1211.19,142.02,0.031,Silt,101.38,D017,"LINESTRING(80.34625 26.449,80.35125 26.451,80.35624999999999 26.453)",2026-08-09 06:00:00,Indian river/dam anchor + synthetic prototype cross-section,SYNTHETIC_PROTOTYPE
IN-R01,Ganga,Ganga Basin,Uttar Pradesh,Kanpur,IN-01-09,26.453,80.35375,EPSG:4326,12.0,104.65,123.48,127.18,132.32,124.02,121.41,4.04,5.77,0.002445,451.26,116.18,0.036,Silt,330.62,D017,"LINESTRING(80.34875 26.451,80.35374999999999 26.453,80.35874999999999 26.455)",2026-08-10 06:00:00,Indian river/dam anchor + synthetic prototype cross-section,SYNTHETIC_PROTOTYPE
IN-R01,Ganga,Ganga Basin,Uttar Pradesh,Kanpur,IN-01-10,26.455,80.35625,EPSG:4326,13.5,123.06,145.21,106.82,104.16,96.15,93.34,9.43,13.48,0.003677,1266.78,150.01,0.03,Gravel,215.75,D017,"LINESTRING(80.35125 26.453,80.35624999999999 26.455,80.36124999999998 26.456999999999997)",2026-08-11 06:00:00,Indian river/dam anchor + synthetic prototype cross-section,SYNTHETIC_PROTOTYPE
IN-R01,Ganga,Ganga Basin,Uttar Pradesh,Kanpur,IN-01-11,26.457,80.35875,EPSG:4326,15.0,65.15,76.87,154.1,162.24,146.27,143.09,7.71,11.02,0.002467,445.13,87.18,0.042,Sand,115.68,D017,"LINESTRING(80.35375 26.455000000000002,80.35875 26.457,80.36375 26.459)",2026-08-12 06:00:00,Indian river/dam anchor + synthetic prototype cross-section,SYNTHETIC_PROTOTYPE
IN-R01,Ganga,Ganga Basin,Uttar Pradesh,Kanpur,IN-01-12,26.459,80.36125,EPSG:4326,16.5,97.51,115.07,198.88,199.67,194.34,192.86,4.21,6.02,0.000427,357.99,109.56,0.036,Clay,83.41,D017,"LINESTRING(80.35625 26.457,80.36125 26.459,80.36625 26.461)",2026-08-13 06:00:00,Indian river/dam anchor + synthetic prototype cross-section,SYNTHETIC_PROTOTYPE
IN-R01,Ganga,Ganga Basin,Uttar Pradesh,Kanpur,IN-01-13,26.461,80.36375,EPSG:4326,18.0,114.02,134.54,128.59,128.48,121.33,119.72,6.21,8.88,0.00056,702.44,131.77,0.038,Sand,170.28,D017,"LINESTRING(80.35875 26.459,80.36375 26.461,80.36874999999999 26.462999999999997)",2026-08-14 06:00:00,Indian river/dam anchor + synthetic prototype cross-section,SYNTHETIC_PROTOTYPE
IN-R01,Ganga,Ganga Basin,Uttar Pradesh,Kanpur,IN-01-14,26.463,80.36625,EPSG:4326,19.5,86.15,101.65,186.36,189.25,174.42,170.81,10.89,15.55,0.002636,890.68,117.25,0.039,Gravel,303.2,D017,"LINESTRING(80.36125 26.461000000000002,80.36625 26.463,80.37124999999999 26.465)",2026-08-15 06:00:00,Indian river/dam anchor + synthetic prototype cross-section,SYNTHETIC_PROTOTYPE
IN-R02,Yamuna,Yamuna Basin,Uttar Pradesh,Prayagraj,IN-02-01,25.427,81.82375,EPSG:4326,0.0,71.45,84.31,178.65,172.79,170.74,169.88,6.14,8.77,0.003858,442.25,88.99,0.029,Alluvium,132.36,D018,"LINESTRING(81.81875000000001 25.425,81.82375 25.427,81.82875 25.429)",2026-08-02 06:00:00,Indian river/dam anchor + synthetic prototype cross-section,SYNTHETIC_PROTOTYPE
IN-R02,Yamuna,Yamuna Basin,Uttar Pradesh,Prayagraj,IN-02-02,25.429,81.82625,EPSG:4326,1.5,60.41,71.28,153.18,154.05,146.36,143.81,6.56,9.38,0.002705,380.39,79.16,0.028,Alluvium,284.33,D018,"LINESTRING(81.82125 25.427000000000003,81.82625 25.429000000000002,81.83125 25.431)",2026-08-03 06:00:00,Indian river/dam anchor + synthetic prototype cross-section,SYNTHETIC_PROTOTYPE
IN-R02,Yamuna,Yamuna Basin,Uttar Pradesh,Prayagraj,IN-02-03,25.431,81.82875,EPSG:4326,3.0,71.64,84.54,141.63,141.21,131.98,129.95,8.18,11.68,0.003147,562.72,95.01,0.032,Alluvium,347.53,D018,"LINESTRING(81.82375 25.429000000000002,81.82875 25.431,81.83375 25.433)",2026-08-04 06:00:00,Indian river/dam anchor + synthetic prototype cross-section,SYNTHETIC_PROTOTYPE
IN-R02,Yamuna,Yamuna Basin,Uttar Pradesh,Prayagraj,IN-02-04,25.433,81.83125,EPSG:4326,4.5,131.75,155.46,252.13,255.89,246.64,244.97,5.02,7.17,0.003836,727.33,146.08,0.044,Alluvium,26.6,D018,"LINESTRING(81.82625 25.431,81.83125 25.433,81.83624999999999 25.435)",2026-08-05 06:00:00,Indian river/dam anchor + synthetic prototype cross-section,SYNTHETIC_PROTOTYPE
IN-R02,Yamuna,Yamuna Basin,Uttar Pradesh,Prayagraj,IN-02-05,25.435,81.83375,EPSG:4326,6.0,158.84,187.43,162.41,164.69,155.85,152.84,6.7,9.57,0.003417,1239.65,177.97,0.045,Clay,226.19,D018,"LINESTRING(81.82875000000001 25.433000000000003,81.83375000000001 25.435000000000002,81.83875 25.437)",2026-08-06 06:00:00,Indian river/dam anchor + synthetic prototype cross-section,SYNTHETIC_PROTOTYPE
IN-R02,Yamuna,Yamuna Basin,Uttar Pradesh,Prayagraj,IN-02-06,25.437,81.83625,EPSG:4326,7.5,177.3,209.21,189.78,192.31,182.92,181.85,5.55,7.92,0.001901,1074.43,193.14,0.037,Sand,231.09,D018,"LINESTRING(81.83125000000001 25.435000000000002,81.83625 25.437,81.84125 25.439)",2026-08-07 06:00:00,Indian river/dam anchor + synthetic prototype cross-section,SYNTHETIC_PROTOTYPE
IN-R02,Yamuna,Yamuna Basin,Uttar Pradesh,Prayagraj,IN-02-07,25.439,81.83875,EPSG:4326,9.0,30.0,35.4,169.51,169.97,164.03,160.92,6.01,8.58,0.003104,214.08,47.17,0.027,Silt,322.34,D018,"LINESTRING(81.83375000000001 25.437,81.83875 25.439,81.84375 25.441)",2026-08-08 06:00:00,Indian river/dam anchor + synthetic prototype cross-section,SYNTHETIC_PROTOTYPE
IN-R02,Yamuna,Yamuna Basin,Uttar Pradesh,Prayagraj,IN-02-08,25.441,81.84125,EPSG:4326,10.5,112.66,132.94,154.86,155.52,146.86,146.29,6.0,8.57,0.001156,660.82,129.8,0.043,Sand,211.67,D018,"LINESTRING(81.83625 25.439000000000004,81.84125 25.441000000000003,81.84625 25.443)",2026-08-09 06:00:00,Indian river/dam anchor + synthetic prototype cross-section,SYNTHETIC_PROTOTYPE
IN-R02,Yamuna,Yamuna Basin,Uttar Pradesh,Prayagraj,IN-02-09,25.443,81.84375,EPSG:4326,12.0,91.99,108.54,177.52,180.07,166.88,164.51,9.11,13.01,0.001312,869.31,118.01,0.036,Alluvium,199.08,D018,"LINESTRING(81.83875 25.441000000000003,81.84375 25.443,81.84875 25.445)",2026-08-10 06:00:00,Indian river/dam anchor + synthetic prototype cross-section,SYNTHETIC_PROTOTYPE
IN-R02,Yamuna,Yamuna Basin,Uttar Pradesh,Prayagraj,IN-02-10,25.445,81.84625,EPSG:4326,13.5,112.18,132.37,152.27,149.62,138.89,136.4,11.11,15.87,0.001538,1328.55,143.92,0.031,Gravel,244.38,D018,"LINESTRING(81.84125 25.443,81.84625 25.445,81.85125 25.447)",2026-08-11 06:00:00,Indian river/dam anchor + synthetic prototype cross-section,SYNTHETIC_PROTOTYPE
IN-R02,Yamuna,Yamuna Basin,Uttar Pradesh,Prayagraj,IN-02-11,25.447,81.84875,EPSG:4326,15.0,91.06,107.44,163.01,162.26,148.66,144.68,12.83,18.33,0.000639,1244.36,127.72,0.025,Alluvium,27.49,D018,"LINESTRING(81.84375000000001 25.445000000000004,81.84875000000001 25.447000000000003,81.85375 25.449)",2026-08-12 06:00:00,Indian river/dam anchor + synthetic prototype cross-section,SYNTHETIC_PROTOTYPE
IN-R02,Yamuna,Yamuna Basin,Uttar Pradesh,Prayagraj,IN-02-12,25.449,81.85125,EPSG:4326,16.5,161.73,190.84,222.77,217.91,217.83,216.94,4.08,5.83,0.002526,825.11,173.39,0.04,Silt,127.7,D018,"LINESTRING(81.84625000000001 25.447000000000003,81.85125000000001 25.449,81.85625 25.451)",2026-08-13 06:00:00,Indian river/dam anchor + synthetic prototype cross-section,SYNTHETIC_PROTOTYPE
IN-R02,Yamuna,Yamuna Basin,Uttar Pradesh,Prayagraj,IN-02-13,25.451,81.85375,EPSG:4326,18.0,132.86,156.77,110.72,106.23,95.87,93.6,11.98,17.11,0.003163,1664.06,167.08,0.038,Gravel,185.38,D018,"LINESTRING(81.84875000000001 25.449,81.85375 25.451,81.85875 25.453)",2026-08-14 06:00:00,Indian river/dam anchor + synthetic prototype cross-section,SYNTHETIC_PROTOTYPE
IN-R02,Yamuna,Yamuna Basin,Uttar Pradesh,Prayagraj,IN-02-14,25.453,81.85625,EPSG:4326,19.5,100.58,118.68,150.22,150.91,146.66,142.88,5.14,7.34,0.002975,663.96,115.25,0.034,Sand,212.91,D018,"LINESTRING(81.85125000000001 25.451000000000004,81.85625 25.453000000000003,81.86125 25.455000000000002)",2026-08-15 06:00:00,Indian river/dam anchor + synthetic prototype cross-section,SYNTHETIC_PROTOTYPE
IN-R03,Brahmaputra,Brahmaputra Basin,Assam,Guwahati,IN-03-01,26.127,91.72375,EPSG:4326,0.0,113.31,133.7,88.2,80.89,80.27,77.12,7.76,11.08,0.000553,817.65,135.47,0.039,Alluvium,316.68,D019,"LINESTRING(91.71875 26.125,91.72375 26.127,91.72874999999999 26.128999999999998)",2026-08-02 06:00:00,Indian river/dam anchor + synthetic prototype cross-section,SYNTHETIC_PROTOTYPE
IN-R03,Brahmaputra,Brahmaputra Basin,Assam,Guwahati,IN-03-02,26.129,91.72625,EPSG:4326,1.5,134.14,158.28,203.32,201.96,191.03,189.07,9.98,14.25,0.003652,1349.82,162.65,0.034,Gravel,268.73,D019,"LINESTRING(91.72125 26.127000000000002,91.72625 26.129,91.73124999999999 26.131)",2026-08-03 06:00:00,Indian river/dam anchor + synthetic prototype cross-section,SYNTHETIC_PROTOTYPE
IN-R03,Brahmaputra,Brahmaputra Basin,Assam,Guwahati,IN-03-03,26.131,91.72875,EPSG:4326,3.0,149.94,176.92,201.71,201.85,192.58,189.61,8.47,12.1,0.001409,1492.44,174.13,0.025,Clay,68.24,D019,"LINESTRING(91.72375 26.129,91.72874999999999 26.131,91.73374999999999 26.133)",2026-08-04 06:00:00,Indian river/dam anchor + synthetic prototype cross-section,SYNTHETIC_PROTOTYPE
IN-R03,Brahmaputra,Brahmaputra Basin,Assam,Guwahati,IN-03-04,26.133,91.73125,EPSG:4326,4.5,125.78,148.43,127.21,128.34,118.7,118.02,6.43,9.18,0.003383,756.6,144.15,0.035,Silt,318.64,D019,"LINESTRING(91.72625 26.131,91.73124999999999 26.133,91.73624999999998 26.134999999999998)",2026-08-05 06:00:00,Indian river/dam anchor + synthetic prototype cross-section,SYNTHETIC_PROTOTYPE
IN-R03,Brahmaputra,Brahmaputra Basin,Assam,Guwahati,IN-03-05,26.135,91.73375,EPSG:4326,6.0,213.63,252.08,178.15,179.22,168.84,168.0,7.11,10.15,0.003382,1356.62,233.93,0.042,Sand,254.37,D019,"LINESTRING(91.72875 26.133000000000003,91.73375 26.135,91.73875 26.137)",2026-08-06 06:00:00,Indian river/dam anchor + synthetic prototype cross-section,SYNTHETIC_PROTOTYPE
IN-R03,Brahmaputra,Brahmaputra Basin,Assam,Guwahati,IN-03-06,26.137,91.73625,EPSG:4326,7.5,106.07,125.16,87.94,85.33,79.25,75.63,8.62,12.31,0.001309,1103.67,130.7,0.043,Sand,143.54,D019,"LINESTRING(91.73125 26.135,91.73625 26.137,91.74125 26.139)",2026-08-07 06:00:00,Indian river/dam anchor + synthetic prototype cross-section,SYNTHETIC_PROTOTYPE
IN-R03,Brahmaputra,Brahmaputra Basin,Assam,Guwahati,IN-03-07,26.139,91.73875,EPSG:4326,9.0,84.34,99.53,118.17,118.52,105.25,103.12,10.54,15.05,0.003753,1127.76,114.45,0.043,Silt,52.94,D019,"LINESTRING(91.73375 26.137,91.73875 26.139,91.74374999999999 26.141)",2026-08-08 06:00:00,Indian river/dam anchor + synthetic prototype cross-section,SYNTHETIC_PROTOTYPE
IN-R03,Brahmaputra,Brahmaputra Basin,Assam,Guwahati,IN-03-08,26.141,91.74125,EPSG:4326,10.5,101.91,120.25,112.0,111.29,102.65,101.44,7.39,10.56,0.003154,697.3,123.02,0.028,Gravel,262.15,D019,"LINESTRING(91.73625 26.139000000000003,91.74125 26.141000000000002,91.74624999999999 26.143)",2026-08-09 06:00:00,Indian river/dam anchor + synthetic prototype cross-section,SYNTHETIC_PROTOTYPE
IN-R03,Brahmaputra,Brahmaputra Basin,Assam,Guwahati,IN-03-09,26.143,91.74375,EPSG:4326,12.0,66.29,78.22,134.41,137.06,123.48,121.96,8.71,12.45,0.001217,610.94,91.19,0.035,Silt,60.09,D019,"LINESTRING(91.73875 26.141000000000002,91.74374999999999 26.143,91.74874999999999 26.145)",2026-08-10 06:00:00,Indian river/dam anchor + synthetic prototype cross-section,SYNTHETIC_PROTOTYPE
IN-R03,Brahmaputra,Brahmaputra Basin,Assam,Guwahati,IN-03-10,26.145,91.74625,EPSG:4326,13.5,98.53,116.26,142.05,145.38,134.48,130.93,7.79,11.12,0.003976,688.42,120.77,0.029,Clay,134.59,D019,"LINESTRING(91.74125 26.143,91.74624999999999 26.145,91.75124999999998 26.147)",2026-08-11 06:00:00,Indian river/dam anchor + synthetic prototype cross-section,SYNTHETIC_PROTOTYPE
IN-R03,Brahmaputra,Brahmaputra Basin,Assam,Guwahati,IN-03-11,26.147,91.74875,EPSG:4326,15.0,136.69,161.29,181.64,189.08,167.1,166.09,10.89,15.55,0.001502,1844.52,167.8,0.03,Gravel,10.87,D019,"LINESTRING(91.74375 26.145000000000003,91.74875 26.147000000000002,91.75375 26.149)",2026-08-12 06:00:00,Indian river/dam anchor + synthetic prototype cross-section,SYNTHETIC_PROTOTYPE
IN-R03,Brahmaputra,Brahmaputra Basin,Assam,Guwahati,IN-03-12,26.149,91.75125,EPSG:4326,16.5,119.37,140.86,186.09,183.68,177.88,176.31,6.84,9.78,0.003728,787.34,138.92,0.037,Clay,55.5,D019,"LINESTRING(91.74625 26.147000000000002,91.75125 26.149,91.75625 26.151)",2026-08-13 06:00:00,Indian river/dam anchor + synthetic prototype cross-section,SYNTHETIC_PROTOTYPE
IN-R03,Brahmaputra,Brahmaputra Basin,Assam,Guwahati,IN-03-13,26.151,91.75375,EPSG:4326,18.0,105.02,123.92,214.55,218.18,206.99,204.25,7.21,10.29,0.001206,869.83,125.61,0.042,Silt,217.9,D019,"LINESTRING(91.74875 26.149,91.75375 26.151,91.75874999999999 26.153)",2026-08-14 06:00:00,Indian river/dam anchor + synthetic prototype cross-section,SYNTHETIC_PROTOTYPE
IN-R03,Brahmaputra,Brahmaputra Basin,Assam,Guwahati,IN-03-14,26.153,91.75625,EPSG:4326,19.5,31.15,36.76,149.24,149.55,145.83,145.14,2.87,4.1,0.001334,101.97,39.35,0.039,Clay,26.94,D019,"LINESTRING(91.75125 26.151000000000003,91.75625 26.153000000000002,91.76124999999999 26.155)",2026-08-15 06:00:00,Indian river/dam anchor + synthetic prototype cross-section,SYNTHETIC_PROTOTYPE
IN-R04,Godavari,Godavari Basin,Maharashtra,Nashik,IN-04-01,19.977,73.77375,EPSG:4326,0.0,34.18,40.33,92.3,98.14,78.42,75.51,11.75,16.79,0.0002,412.24,67.76,0.04,Gravel,29.62,D013,"LINESTRING(73.76875000000001 19.974999999999998,73.77375 19.976999999999997,73.77875 19.978999999999996)",2026-08-02 06:00:00,Indian river/dam anchor + synthetic prototype cross-section,SYNTHETIC_PROTOTYPE
IN-R04,Godavari,Godavari Basin,Maharashtra,Nashik,IN-04-02,19.979,73.77625,EPSG:4326,1.5,71.13,83.93,154.08,156.63,143.72,140.41,9.57,13.67,0.001005,668.1,98.47,0.032,Silt,21.31,D013,"LINESTRING(73.77125000000001 19.977,73.77625 19.979,73.78125 19.980999999999998)",2026-08-03 06:00:00,Indian river/dam anchor + synthetic prototype cross-section,SYNTHETIC_PROTOTYPE
IN-R04,Godavari,Godavari Basin,Maharashtra,Nashik,IN-04-03,19.981,73.77875,EPSG:4326,3.0,91.17,107.58,146.63,154.73,142.74,141.94,3.28,4.69,0.000587,375.95,100.55,0.028,Gravel,108.55,D013,"LINESTRING(73.77375 19.979,73.77875 19.980999999999998,73.78375 19.982999999999997)",2026-08-04 06:00:00,Indian river/dam anchor + synthetic prototype cross-section,SYNTHETIC_PROTOTYPE
IN-R04,Godavari,Godavari Basin,Maharashtra,Nashik,IN-04-04,19.983,73.78125,EPSG:4326,4.5,128.65,151.81,176.29,173.53,167.62,164.28,8.41,12.01,0.001233,1157.03,152.67,0.029,Clay,271.8,D013,"LINESTRING(73.77625 19.980999999999998,73.78125 19.982999999999997,73.78625 19.984999999999996)",2026-08-05 06:00:00,Indian river/dam anchor + synthetic prototype cross-section,SYNTHETIC_PROTOTYPE
IN-R04,Godavari,Godavari Basin,Maharashtra,Nashik,IN-04-05,19.985,73.78375,EPSG:4326,6.0,69.01,81.43,175.14,187.0,160.58,159.77,10.76,15.37,0.00268,702.59,99.76,0.032,Silt,322.33,D013,"LINESTRING(73.77875000000002 19.983,73.78375000000001 19.985,73.78875000000001 19.987)",2026-08-06 06:00:00,Indian river/dam anchor + synthetic prototype cross-section,SYNTHETIC_PROTOTYPE
IN-R04,Godavari,Godavari Basin,Maharashtra,Nashik,IN-04-06,19.987,73.78625,EPSG:4326,7.5,50.7,59.82,120.06,112.67,106.95,104.46,10.92,15.6,0.002117,695.26,81.91,0.03,Alluvium,48.08,D013,"LINESTRING(73.78125000000001 19.985,73.78625000000001 19.987,73.79125 19.988999999999997)",2026-08-07 06:00:00,Indian river/dam anchor + synthetic prototype cross-section,SYNTHETIC_PROTOTYPE
IN-R04,Godavari,Godavari Basin,Maharashtra,Nashik,IN-04-07,19.989,73.78875,EPSG:4326,9.0,87.72,103.51,116.06,116.28,108.31,106.4,6.76,9.66,0.00086,678.86,107.04,0.043,Gravel,297.65,D013,"LINESTRING(73.78375000000001 19.987,73.78875000000001 19.988999999999997,73.79375 19.990999999999996)",2026-08-08 06:00:00,Indian river/dam anchor + synthetic prototype cross-section,SYNTHETIC_PROTOTYPE
IN-R04,Godavari,Godavari Basin,Maharashtra,Nashik,IN-04-08,19.991,73.79125,EPSG:4326,10.5,87.0,102.66,144.32,143.68,131.24,129.93,10.07,14.39,0.000793,900.86,115.77,0.035,Sand,27.07,D013,"LINESTRING(73.78625000000001 19.989,73.79125 19.991,73.79625 19.993)",2026-08-09 06:00:00,Indian river/dam anchor + synthetic prototype cross-section,SYNTHETIC_PROTOTYPE
IN-R04,Godavari,Godavari Basin,Maharashtra,Nashik,IN-04-09,19.993,73.79375,EPSG:4326,12.0,161.78,190.9,156.75,147.48,143.69,142.73,9.81,14.02,0.002171,1767.32,189.82,0.04,Gravel,297.0,D013,"LINESTRING(73.78875000000001 19.991,73.79375 19.993,73.79875 19.994999999999997)",2026-08-10 06:00:00,Indian river/dam anchor + synthetic prototype cross-section,SYNTHETIC_PROTOTYPE
IN-R04,Godavari,Godavari Basin,Maharashtra,Nashik,IN-04-10,19.995,73.79625,EPSG:4326,13.5,86.32,101.86,165.33,161.5,161.04,159.97,3.75,5.36,0.001139,398.72,97.05,0.043,Clay,110.19,D013,"LINESTRING(73.79125 19.993,73.79625 19.994999999999997,73.80125 19.996999999999996)",2026-08-11 06:00:00,Indian river/dam anchor + synthetic prototype cross-section,SYNTHETIC_PROTOTYPE
IN-R04,Godavari,Godavari Basin,Maharashtra,Nashik,IN-04-11,19.997,73.79875,EPSG:4326,15.0,69.73,82.29,163.33,162.83,159.08,157.08,4.37,6.25,0.001714,365.74,82.23,0.035,Alluvium,77.52,D013,"LINESTRING(73.79375000000002 19.995,73.79875000000001 19.997,73.80375000000001 19.999)",2026-08-12 06:00:00,Indian river/dam anchor + synthetic prototype cross-section,SYNTHETIC_PROTOTYPE
IN-R04,Godavari,Godavari Basin,Maharashtra,Nashik,IN-04-12,19.999,73.80125,EPSG:4326,16.5,125.06,147.57,41.1,37.42,31.0,28.59,8.76,12.51,0.002893,992.87,150.08,0.043,Gravel,333.57,D013,"LINESTRING(73.79625000000001 19.997,73.80125000000001 19.999,73.80625 20.000999999999998)",2026-08-13 06:00:00,Indian river/dam anchor + synthetic prototype cross-section,SYNTHETIC_PROTOTYPE
IN-R04,Godavari,Godavari Basin,Maharashtra,Nashik,IN-04-13,20.001,73.80375,EPSG:4326,18.0,70.41,83.08,116.65,118.61,102.32,98.4,12.78,18.26,0.003749,880.44,106.92,0.04,Silt,60.29,D013,"LINESTRING(73.79875000000001 19.999,73.80375000000001 20.000999999999998,73.80875 20.002999999999997)",2026-08-14 06:00:00,Indian river/dam anchor + synthetic prototype cross-section,SYNTHETIC_PROTOTYPE
IN-R04,Godavari,Godavari Basin,Maharashtra,Nashik,IN-04-14,20.003,73.80625,EPSG:4326,19.5,128.73,151.91,151.14,153.58,141.66,140.77,7.26,10.37,0.002421,1091.36,149.48,0.037,Gravel,305.0,D013,"LINESTRING(73.80125000000001 20.001,73.80625 20.003,73.81125 20.005)",2026-08-15 06:00:00,Indian river/dam anchor + synthetic prototype cross-section,SYNTHETIC_PROTOTYPE
IN-R05,Krishna,Krishna Basin,Karnataka,Vijayapura,IN-05-01,16.817,75.69375,EPSG:4326,0.0,96.85,114.28,207.1,207.96,197.6,196.44,7.46,10.66,0.002086,726.85,118.16,0.042,Alluvium,36.76,D020,"LINESTRING(75.68875 16.814999999999998,75.69375 16.816999999999997,75.69874999999999 16.818999999999996)",2026-08-02 06:00:00,Indian river/dam anchor + synthetic prototype cross-section,SYNTHETIC_PROTOTYPE
IN-R05,Krishna,Krishna Basin,Karnataka,Vijayapura,IN-05-02,16.819,75.69625,EPSG:4326,1.5,140.94,166.31,86.03,88.86,72.77,70.18,11.1,15.85,0.002061,1490.07,172.65,0.035,Gravel,321.87,D020,"LINESTRING(75.69125 16.817,75.69624999999999 16.819,75.70124999999999 16.820999999999998)",2026-08-03 06:00:00,Indian river/dam anchor + synthetic prototype cross-section,SYNTHETIC_PROTOTYPE
IN-R05,Krishna,Krishna Basin,Karnataka,Vijayapura,IN-05-03,16.821,75.69875,EPSG:4326,3.0,94.31,111.28,102.72,98.68,94.68,92.49,7.16,10.23,0.002731,861.54,114.77,0.038,Sand,257.87,D020,"LINESTRING(75.69375 16.819,75.69874999999999 16.820999999999998,75.70374999999999 16.822999999999997)",2026-08-04 06:00:00,Indian river/dam anchor + synthetic prototype cross-section,SYNTHETIC_PROTOTYPE
IN-R05,Krishna,Krishna Basin,Karnataka,Vijayapura,IN-05-04,16.823,75.70125,EPSG:4326,4.5,44.46,52.46,148.21,140.64,141.8,140.49,5.4,7.72,0.00033,260.6,59.89,0.028,Gravel,255.01,D020,"LINESTRING(75.69624999999999 16.820999999999998,75.70124999999999 16.822999999999997,75.70624999999998 16.824999999999996)",2026-08-05 06:00:00,Indian river/dam anchor + synthetic prototype cross-section,SYNTHETIC_PROTOTYPE
IN-R05,Krishna,Krishna Basin,Karnataka,Vijayapura,IN-05-05,16.825,75.70375,EPSG:4326,6.0,69.83,82.4,151.71,163.58,143.82,141.25,7.32,10.45,0.003464,466.14,90.74,0.03,Silt,161.77,D020,"LINESTRING(75.69875 16.823,75.70375 16.825,75.70875 16.826999999999998)",2026-08-06 06:00:00,Indian river/dam anchor + synthetic prototype cross-section,SYNTHETIC_PROTOTYPE
IN-R05,Krishna,Krishna Basin,Karnataka,Vijayapura,IN-05-06,16.827,75.70625,EPSG:4326,7.5,148.85,175.65,191.59,195.8,186.64,185.64,4.17,5.96,0.001592,738.16,160.77,0.044,Sand,23.96,D020,"LINESTRING(75.70125 16.825,75.70625 16.826999999999998,75.71124999999999 16.828999999999997)",2026-08-07 06:00:00,Indian river/dam anchor + synthetic prototype cross-section,SYNTHETIC_PROTOTYPE
IN-R05,Krishna,Krishna Basin,Karnataka,Vijayapura,IN-05-07,16.829,75.70875,EPSG:4326,9.0,100.18,118.22,148.58,149.01,140.7,137.36,7.85,11.22,0.003635,846.08,122.62,0.03,Sand,228.41,D020,"LINESTRING(75.70375 16.826999999999998,75.70875 16.828999999999997,75.71374999999999 16.830999999999996)",2026-08-08 06:00:00,Indian river/dam anchor + synthetic prototype cross-section,SYNTHETIC_PROTOTYPE
IN-R05,Krishna,Krishna Basin,Karnataka,Vijayapura,IN-05-08,16.831,75.71125,EPSG:4326,10.5,114.17,134.72,78.65,82.34,67.44,63.93,10.3,14.71,0.00187,1314.8,143.6,0.041,Silt,102.31,D020,"LINESTRING(75.70625 16.829,75.71124999999999 16.831,75.71624999999999 16.833)",2026-08-09 06:00:00,Indian river/dam anchor + synthetic prototype cross-section,SYNTHETIC_PROTOTYPE
IN-R05,Krishna,Krishna Basin,Karnataka,Vijayapura,IN-05-09,16.833,75.71375,EPSG:4326,12.0,67.16,79.25,178.5,182.12,166.71,163.71,10.35,14.79,0.003086,681.94,96.74,0.044,Clay,98.44,D020,"LINESTRING(75.70875 16.831,75.71374999999999 16.833,75.71874999999999 16.834999999999997)",2026-08-10 06:00:00,Indian river/dam anchor + synthetic prototype cross-section,SYNTHETIC_PROTOTYPE
IN-R05,Krishna,Krishna Basin,Karnataka,Vijayapura,IN-05-10,16.835,75.71625,EPSG:4326,13.5,118.81,140.19,149.64,157.83,134.99,131.27,12.86,18.37,0.002857,1774.82,155.55,0.029,Sand,122.78,D020,"LINESTRING(75.71124999999999 16.833,75.71624999999999 16.834999999999997,75.72124999999998 16.836999999999996)",2026-08-11 06:00:00,Indian river/dam anchor + synthetic prototype cross-section,SYNTHETIC_PROTOTYPE
IN-R05,Krishna,Krishna Basin,Karnataka,Vijayapura,IN-05-11,16.837,75.71875,EPSG:4326,15.0,95.45,112.63,154.17,159.03,150.41,149.13,3.53,5.04,0.003704,371.8,105.53,0.033,Gravel,46.37,D020,"LINESTRING(75.71375 16.835,75.71875 16.837,75.72375 16.839)",2026-08-12 06:00:00,Indian river/dam anchor + synthetic prototype cross-section,SYNTHETIC_PROTOTYPE
IN-R05,Krishna,Krishna Basin,Karnataka,Vijayapura,IN-05-12,16.839,75.72125,EPSG:4326,16.5,61.51,72.58,130.28,130.36,121.82,118.14,8.49,12.14,0.00369,498.91,85.78,0.043,Clay,344.72,D020,"LINESTRING(75.71625 16.837,75.72125 16.839,75.72625 16.840999999999998)",2026-08-13 06:00:00,Indian river/dam anchor + synthetic prototype cross-section,SYNTHETIC_PROTOTYPE
IN-R05,Krishna,Krishna Basin,Karnataka,Vijayapura,IN-05-13,16.841,75.72375,EPSG:4326,18.0,114.81,135.48,162.37,159.32,152.98,151.42,7.67,10.95,0.000197,1128.17,136.72,0.03,Silt,342.83,D020,"LINESTRING(75.71875 16.839,75.72375 16.840999999999998,75.72874999999999 16.842999999999996)",2026-08-14 06:00:00,Indian river/dam anchor + synthetic prototype cross-section,SYNTHETIC_PROTOTYPE
IN-R05,Krishna,Krishna Basin,Karnataka,Vijayapura,IN-05-14,16.843,75.72625,EPSG:4326,19.5,103.51,122.15,132.1,126.55,124.36,123.83,5.78,8.26,0.001562,607.05,120.04,0.027,Gravel,30.42,D020,"LINESTRING(75.72125 16.841,75.72625 16.843,75.73124999999999 16.845)",2026-08-15 06:00:00,Indian river/dam anchor + synthetic prototype cross-section,SYNTHETIC_PROTOTYPE
IN-R06,Cauvery,Cauvery Basin,Tamil Nadu,Salem,IN-06-01,11.777,77.78375,EPSG:4326,0.0,106.95,126.2,48.81,49.55,38.75,36.35,8.72,12.46,0.003407,1118.03,131.87,0.034,Clay,331.66,D008,"LINESTRING(77.77875 11.774999999999999,77.78375 11.777,77.78875 11.779)",2026-08-02 06:00:00,Indian river/dam anchor + synthetic prototype cross-section,SYNTHETIC_PROTOTYPE
IN-R06,Cauvery,Cauvery Basin,Tamil Nadu,Salem,IN-06-02,11.779,77.78625,EPSG:4326,1.5,86.35,101.89,114.57,115.75,106.45,103.32,7.88,11.25,0.003081,827.88,108.86,0.036,Clay,260.77,D008,"LINESTRING(77.78125 11.777,77.78625 11.779,77.79124999999999 11.781)",2026-08-03 06:00:00,Indian river/dam anchor + synthetic prototype cross-section,SYNTHETIC_PROTOTYPE
IN-R06,Cauvery,Cauvery Basin,Tamil Nadu,Salem,IN-06-03,11.781,77.78875,EPSG:4326,3.0,139.09,164.13,152.55,151.46,138.15,136.02,11.57,16.53,0.001077,1585.75,172.16,0.033,Clay,186.39,D008,"LINESTRING(77.78375 11.778999999999998,77.78875 11.780999999999999,77.79374999999999 11.783)",2026-08-04 06:00:00,Indian river/dam anchor + synthetic prototype cross-section,SYNTHETIC_PROTOTYPE
IN-R06,Cauvery,Cauvery Basin,Tamil Nadu,Salem,IN-06-04,11.783,77.79125,EPSG:4326,4.5,108.93,128.54,185.38,193.54,182.19,178.47,4.84,6.91,0.002071,458.66,122.75,0.041,Silt,238.89,D008,"LINESTRING(77.78625 11.780999999999999,77.79124999999999 11.783,77.79624999999999 11.785)",2026-08-05 06:00:00,Indian river/dam anchor + synthetic prototype cross-section,SYNTHETIC_PROTOTYPE
IN-R06,Cauvery,Cauvery Basin,Tamil Nadu,Salem,IN-06-05,11.785,77.79375,EPSG:4326,6.0,149.49,176.39,120.28,127.89,109.48,105.69,10.22,14.59,0.003043,1960.33,178.67,0.041,Sand,258.96,D008,"LINESTRING(77.78875000000001 11.782999999999998,77.79375 11.784999999999998,77.79875 11.786999999999999)",2026-08-06 06:00:00,Indian river/dam anchor + synthetic prototype cross-section,SYNTHETIC_PROTOTYPE
IN-R06,Cauvery,Cauvery Basin,Tamil Nadu,Salem,IN-06-06,11.787,77.79625,EPSG:4326,7.5,150.25,177.29,144.18,143.88,133.5,130.81,9.36,13.37,0.000682,1205.75,176.98,0.033,Gravel,103.53,D008,"LINESTRING(77.79125 11.784999999999998,77.79625 11.786999999999999,77.80125 11.789)",2026-08-07 06:00:00,Indian river/dam anchor + synthetic prototype cross-section,SYNTHETIC_PROTOTYPE
IN-R06,Cauvery,Cauvery Basin,Tamil Nadu,Salem,IN-06-07,11.789,77.79875,EPSG:4326,9.0,93.99,110.91,176.04,175.26,163.31,161.51,10.17,14.53,0.000446,1115.82,123.05,0.037,Clay,298.47,D008,"LINESTRING(77.79375 11.786999999999999,77.79875 11.789,77.80375 11.791)",2026-08-08 06:00:00,Indian river/dam anchor + synthetic prototype cross-section,SYNTHETIC_PROTOTYPE
IN-R06,Cauvery,Cauvery Basin,Tamil Nadu,Salem,IN-06-08,11.791,77.80125,EPSG:4326,10.5,80.39,94.86,156.85,162.74,145.51,144.45,8.68,12.4,0.001001,853.3,105.19,0.026,Silt,30.56,D008,"LINESTRING(77.79625 11.788999999999998,77.80125 11.790999999999999,77.80624999999999 11.793)",2026-08-09 06:00:00,Indian river/dam anchor + synthetic prototype cross-section,SYNTHETIC_PROTOTYPE
IN-R06,Cauvery,Cauvery Basin,Tamil Nadu,Salem,IN-06-09,11.793,77.80375,EPSG:4326,12.0,84.96,100.25,219.14,219.42,207.09,203.46,10.98,15.68,0.002195,1170.16,116.32,0.038,Silt,185.11,D008,"LINESTRING(77.79875 11.790999999999999,77.80375 11.793,77.80874999999999 11.795)",2026-08-10 06:00:00,Indian river/dam anchor + synthetic prototype cross-section,SYNTHETIC_PROTOTYPE
IN-R06,Cauvery,Cauvery Basin,Tamil Nadu,Salem,IN-06-10,11.795,77.80625,EPSG:4326,13.5,30.0,35.4,127.08,130.15,117.08,113.32,9.63,13.75,0.002461,339.7,57.51,0.035,Gravel,98.13,D008,"LINESTRING(77.80125 11.793,77.80624999999999 11.795,77.81124999999999 11.797)",2026-08-11 06:00:00,Indian river/dam anchor + synthetic prototype cross-section,SYNTHETIC_PROTOTYPE
IN-R06,Cauvery,Cauvery Basin,Tamil Nadu,Salem,IN-06-11,11.797,77.80875,EPSG:4326,15.0,133.66,157.72,49.89,53.46,37.69,33.8,11.26,16.08,0.002861,1701.99,165.82,0.042,Gravel,103.81,D008,"LINESTRING(77.80375000000001 11.794999999999998,77.80875 11.796999999999999,77.81375 11.799)",2026-08-12 06:00:00,Indian river/dam anchor + synthetic prototype cross-section,SYNTHETIC_PROTOTYPE
IN-R06,Cauvery,Cauvery Basin,Tamil Nadu,Salem,IN-06-12,11.799,77.81125,EPSG:4326,16.5,87.81,103.61,112.62,118.68,109.37,107.09,3.87,5.53,0.002036,300.2,98.86,0.035,Silt,79.12,D008,"LINESTRING(77.80625 11.796999999999999,77.81125 11.799,77.81625 11.801)",2026-08-13 06:00:00,Indian river/dam anchor + synthetic prototype cross-section,SYNTHETIC_PROTOTYPE
IN-R06,Cauvery,Cauvery Basin,Tamil Nadu,Salem,IN-06-13,11.801,77.81375,EPSG:4326,18.0,107.32,126.64,117.73,125.14,111.31,108.09,6.74,9.63,0.003161,835.8,126.58,0.033,Sand,156.43,D008,"LINESTRING(77.80875 11.798999999999998,77.81375 11.800999999999998,77.81875 11.802999999999999)",2026-08-14 06:00:00,Indian river/dam anchor + synthetic prototype cross-section,SYNTHETIC_PROTOTYPE
IN-R06,Cauvery,Cauvery Basin,Tamil Nadu,Salem,IN-06-14,11.803,77.81625,EPSG:4326,19.5,66.79,78.81,199.37,197.66,184.45,182.86,11.56,16.51,0.003994,938.73,99.8,0.031,Alluvium,1.82,D008,"LINESTRING(77.81125 11.800999999999998,77.81625 11.802999999999999,77.82124999999999 11.805)",2026-08-15 06:00:00,Indian river/dam anchor + synthetic prototype cross-section,SYNTHETIC_PROTOTYPE
IN-R07,Mahanadi,Mahanadi Basin,Odisha,Sambalpur,IN-07-01,21.457,83.95375,EPSG:4326,0.0,102.28,120.7,160.6,158.15,154.48,150.69,6.94,9.91,0.002941,679.94,122.1,0.029,Clay,18.29,D004,"LINESTRING(83.94875 21.455,83.95375 21.456999999999997,83.95875 21.458999999999996)",2026-08-02 06:00:00,Indian river/dam anchor + synthetic prototype cross-section,SYNTHETIC_PROTOTYPE
IN-R07,Mahanadi,Mahanadi Basin,Odisha,Sambalpur,IN-07-02,21.459,83.95625,EPSG:4326,1.5,142.83,168.54,169.76,171.85,156.12,154.5,10.69,15.27,0.001862,1930.76,173.37,0.033,Clay,73.63,D004,"LINESTRING(83.95125 21.457,83.95625 21.459,83.96124999999999 21.461)",2026-08-03 06:00:00,Indian river/dam anchor + synthetic prototype cross-section,SYNTHETIC_PROTOTYPE
IN-R07,Mahanadi,Mahanadi Basin,Odisha,Sambalpur,IN-07-03,21.461,83.95875,EPSG:4326,3.0,96.39,113.74,138.7,142.62,135.61,132.84,4.1,5.86,0.00239,441.98,108.11,0.034,Alluvium,69.27,D004,"LINESTRING(83.95375 21.459,83.95875 21.461,83.96374999999999 21.462999999999997)",2026-08-04 06:00:00,Indian river/dam anchor + synthetic prototype cross-section,SYNTHETIC_PROTOTYPE
IN-R07,Mahanadi,Mahanadi Basin,Odisha,Sambalpur,IN-07-04,21.463,83.96125,EPSG:4326,4.5,128.41,151.53,142.66,147.45,134.98,131.56,7.77,11.1,0.002434,872.56,150.62,0.044,Alluvium,154.81,D004,"LINESTRING(83.95625 21.461,83.96124999999999 21.462999999999997,83.96624999999999 21.464999999999996)",2026-08-05 06:00:00,Indian river/dam anchor + synthetic prototype cross-section,SYNTHETIC_PROTOTYPE
IN-R07,Mahanadi,Mahanadi Basin,Odisha,Sambalpur,IN-07-05,21.465,83.96375,EPSG:4326,6.0,114.15,134.7,68.88,62.98,55.3,52.25,11.64,16.63,0.001592,1334.35,147.42,0.038,Gravel,41.0,D004,"LINESTRING(83.95875000000001 21.463,83.96375 21.465,83.96875 21.467)",2026-08-06 06:00:00,Indian river/dam anchor + synthetic prototype cross-section,SYNTHETIC_PROTOTYPE
IN-R07,Mahanadi,Mahanadi Basin,Odisha,Sambalpur,IN-07-06,21.467,83.96625,EPSG:4326,7.5,73.49,86.72,83.55,83.64,71.24,70.22,9.33,13.33,0.002273,613.21,100.15,0.041,Clay,221.89,D004,"LINESTRING(83.96125 21.465,83.96625 21.467,83.97125 21.468999999999998)",2026-08-07 06:00:00,Indian river/dam anchor + synthetic prototype cross-section,SYNTHETIC_PROTOTYPE
IN-R07,Mahanadi,Mahanadi Basin,Odisha,Sambalpur,IN-07-07,21.469,83.96875,EPSG:4326,9.0,71.34,84.19,126.96,124.92,117.78,117.23,6.81,9.73,0.000957,575.94,90.8,0.034,Alluvium,244.9,D004,"LINESTRING(83.96375 21.467,83.96875 21.468999999999998,83.97375 21.470999999999997)",2026-08-08 06:00:00,Indian river/dam anchor + synthetic prototype cross-section,SYNTHETIC_PROTOTYPE
IN-R07,Mahanadi,Mahanadi Basin,Odisha,Sambalpur,IN-07-08,21.471,83.97125,EPSG:4326,10.5,170.54,201.23,162.96,157.37,157.22,155.22,5.42,7.74,0.002903,937.26,186.03,0.036,Silt,162.16,D004,"LINESTRING(83.96625 21.469,83.97125 21.471,83.97625 21.473)",2026-08-09 06:00:00,Indian river/dam anchor + synthetic prototype cross-section,SYNTHETIC_PROTOTYPE
IN-R07,Mahanadi,Mahanadi Basin,Odisha,Sambalpur,IN-07-09,21.473,83.97375,EPSG:4326,12.0,85.9,101.36,147.72,152.85,135.75,132.46,10.68,15.26,0.00278,1176.11,116.41,0.038,Silt,227.78,D004,"LINESTRING(83.96875 21.471,83.97375 21.473,83.97874999999999 21.474999999999998)",2026-08-10 06:00:00,Indian river/dam anchor + synthetic prototype cross-section,SYNTHETIC_PROTOTYPE
IN-R07,Mahanadi,Mahanadi Basin,Odisha,Sambalpur,IN-07-10,21.475,83.97625,EPSG:4326,13.5,142.75,168.45,163.0,169.75,158.97,155.17,5.48,7.83,0.00365,698.02,158.41,0.032,Clay,356.9,D004,"LINESTRING(83.97125 21.473,83.97625 21.474999999999998,83.98124999999999 21.476999999999997)",2026-08-11 06:00:00,Indian river/dam anchor + synthetic prototype cross-section,SYNTHETIC_PROTOTYPE
IN-R07,Mahanadi,Mahanadi Basin,Odisha,Sambalpur,IN-07-11,21.477,83.97875,EPSG:4326,15.0,113.21,133.59,192.77,188.9,185.1,183.05,6.8,9.71,0.00071,726.12,132.64,0.042,Silt,283.04,D004,"LINESTRING(83.97375000000001 21.475,83.97875 21.477,83.98375 21.479)",2026-08-12 06:00:00,Indian river/dam anchor + synthetic prototype cross-section,SYNTHETIC_PROTOTYPE
IN-R07,Mahanadi,Mahanadi Basin,Odisha,Sambalpur,IN-07-12,21.479,83.98125,EPSG:4326,16.5,179.0,211.22,81.9,83.06,68.03,65.45,11.51,16.45,0.000392,2368.27,211.89,0.032,Silt,204.23,D004,"LINESTRING(83.97625000000001 21.477,83.98125 21.479,83.98625 21.480999999999998)",2026-08-13 06:00:00,Indian river/dam anchor + synthetic prototype cross-section,SYNTHETIC_PROTOTYPE
IN-R07,Mahanadi,Mahanadi Basin,Odisha,Sambalpur,IN-07-13,21.481,83.98375,EPSG:4326,18.0,147.81,174.41,195.41,191.7,189.58,185.89,6.66,9.51,0.0029,931.06,166.84,0.035,Alluvium,146.0,D004,"LINESTRING(83.97875 21.479,83.98375 21.480999999999998,83.98875 21.482999999999997)",2026-08-14 06:00:00,Indian river/dam anchor + synthetic prototype cross-section,SYNTHETIC_PROTOTYPE
IN-R07,Mahanadi,Mahanadi Basin,Odisha,Sambalpur,IN-07-14,21.483,83.98625,EPSG:4326,19.5,127.46,150.4,159.44,151.87,148.17,147.62,8.27,11.82,0.000932,917.8,151.1,0.032,Clay,57.41,D004,"LINESTRING(83.98125 21.481,83.98625 21.483,83.99125 21.485)",2026-08-15 06:00:00,Indian river/dam anchor + synthetic prototype cross-section,SYNTHETIC_PROTOTYPE
IN-R08,Narmada,Narmada Basin,Gujarat,Narmada,IN-08-01,21.817,73.73375,EPSG:4326,0.0,140.94,166.31,163.16,162.26,158.47,156.9,4.38,6.26,0.001732,673.43,153.45,0.027,Clay,349.05,D002,"LINESTRING(73.72875 21.814999999999998,73.73375 21.816999999999997,73.73875 21.818999999999996)",2026-08-02 06:00:00,Indian river/dam anchor + synthetic prototype cross-section,SYNTHETIC_PROTOTYPE
IN-R08,Narmada,Narmada Basin,Gujarat,Narmada,IN-08-02,21.819,73.73625,EPSG:4326,1.5,195.45,230.64,167.49,167.14,159.04,158.4,6.36,9.09,0.003927,1091.88,213.64,0.039,Clay,185.51,D002,"LINESTRING(73.73125 21.817,73.73625 21.819,73.74125 21.820999999999998)",2026-08-03 06:00:00,Indian river/dam anchor + synthetic prototype cross-section,SYNTHETIC_PROTOTYPE
IN-R08,Narmada,Narmada Basin,Gujarat,Narmada,IN-08-03,21.821,73.73875,EPSG:4326,3.0,99.82,117.79,141.74,141.73,134.8,131.54,7.14,10.2,0.000175,861.05,120.23,0.036,Clay,349.3,D002,"LINESTRING(73.73375 21.819,73.73875 21.820999999999998,73.74374999999999 21.822999999999997)",2026-08-04 06:00:00,Indian river/dam anchor + synthetic prototype cross-section,SYNTHETIC_PROTOTYPE
IN-R08,Narmada,Narmada Basin,Gujarat,Narmada,IN-08-04,21.823,73.74125,EPSG:4326,4.5,89.26,105.33,130.32,131.35,116.47,113.72,11.61,16.59,0.000571,1137.37,122.45,0.03,Sand,287.58,D002,"LINESTRING(73.73625 21.820999999999998,73.74125 21.822999999999997,73.74624999999999 21.824999999999996)",2026-08-05 06:00:00,Indian river/dam anchor + synthetic prototype cross-section,SYNTHETIC_PROTOTYPE
IN-R08,Narmada,Narmada Basin,Gujarat,Narmada,IN-08-05,21.825,73.74375,EPSG:4326,6.0,104.41,123.2,123.19,125.81,112.52,110.96,8.56,12.23,0.003211,1119.79,128.86,0.04,Gravel,219.77,D002,"LINESTRING(73.73875000000001 21.823,73.74375 21.825,73.74875 21.826999999999998)",2026-08-06 06:00:00,Indian river/dam anchor + synthetic prototype cross-section,SYNTHETIC_PROTOTYPE
IN-R08,Narmada,Narmada Basin,Gujarat,Narmada,IN-08-06,21.827,73.74625,EPSG:4326,7.5,105.94,125.01,153.29,158.37,140.65,139.81,9.44,13.48,0.002349,1157.69,132.9,0.039,Alluvium,55.51,D002,"LINESTRING(73.74125000000001 21.825,73.74625 21.826999999999998,73.75125 21.828999999999997)",2026-08-07 06:00:00,Indian river/dam anchor + synthetic prototype cross-section,SYNTHETIC_PROTOTYPE
IN-R08,Narmada,Narmada Basin,Gujarat,Narmada,IN-08-07,21.829,73.74875,EPSG:4326,9.0,59.06,69.69,166.67,172.2,163.56,160.54,4.29,6.13,0.001576,250.26,71.32,0.043,Sand,192.22,D002,"LINESTRING(73.74375 21.826999999999998,73.74875 21.828999999999997,73.75375 21.830999999999996)",2026-08-08 06:00:00,Indian river/dam anchor + synthetic prototype cross-section,SYNTHETIC_PROTOTYPE
IN-R08,Narmada,Narmada Basin,Gujarat,Narmada,IN-08-08,21.831,73.75125,EPSG:4326,10.5,55.49,65.48,144.93,138.23,130.54,128.64,11.4,16.29,0.000994,770.85,88.07,0.036,Sand,88.26,D002,"LINESTRING(73.74625 21.829,73.75125 21.831,73.75625 21.833)",2026-08-09 06:00:00,Indian river/dam anchor + synthetic prototype cross-section,SYNTHETIC_PROTOTYPE
IN-R08,Narmada,Narmada Basin,Gujarat,Narmada,IN-08-09,21.833,73.75375,EPSG:4326,12.0,61.46,72.53,154.36,150.79,139.48,136.53,12.48,17.83,0.002457,746.07,97.13,0.026,Sand,303.61,D002,"LINESTRING(73.74875 21.831,73.75375 21.833,73.75874999999999 21.834999999999997)",2026-08-10 06:00:00,Indian river/dam anchor + synthetic prototype cross-section,SYNTHETIC_PROTOTYPE
IN-R08,Narmada,Narmada Basin,Gujarat,Narmada,IN-08-10,21.835,73.75625,EPSG:4326,13.5,123.51,145.74,147.02,148.61,136.12,134.63,8.68,12.4,0.002327,1345.71,148.3,0.036,Clay,273.41,D002,"LINESTRING(73.75125 21.833,73.75625 21.834999999999997,73.76124999999999 21.836999999999996)",2026-08-11 06:00:00,Indian river/dam anchor + synthetic prototype cross-section,SYNTHETIC_PROTOTYPE
IN-R08,Narmada,Narmada Basin,Gujarat,Narmada,IN-08-11,21.837,73.75875,EPSG:4326,15.0,106.97,126.23,195.5,193.55,191.57,187.84,5.37,7.67,0.000314,712.16,122.31,0.032,Sand,211.19,D002,"LINESTRING(73.75375000000001 21.835,73.75875 21.837,73.76375 21.839)",2026-08-12 06:00:00,Indian river/dam anchor + synthetic prototype cross-section,SYNTHETIC_PROTOTYPE
IN-R08,Narmada,Narmada Basin,Gujarat,Narmada,IN-08-12,21.839,73.76125,EPSG:4326,16.5,85.84,101.29,165.31,163.16,154.04,153.02,8.6,12.29,0.003356,774.4,110.42,0.042,Gravel,251.59,D002,"LINESTRING(73.75625000000001 21.837,73.76125 21.839,73.76625 21.840999999999998)",2026-08-13 06:00:00,Indian river/dam anchor + synthetic prototype cross-section,SYNTHETIC_PROTOTYPE
IN-R08,Narmada,Narmada Basin,Gujarat,Narmada,IN-08-13,21.841,73.76375,EPSG:4326,18.0,122.62,144.69,184.5,179.88,177.24,176.49,5.61,8.02,0.002415,617.77,138.65,0.025,Gravel,68.33,D002,"LINESTRING(73.75875 21.839,73.76375 21.840999999999998,73.76875 21.842999999999996)",2026-08-14 06:00:00,Indian river/dam anchor + synthetic prototype cross-section,SYNTHETIC_PROTOTYPE
IN-R08,Narmada,Narmada Basin,Gujarat,Narmada,IN-08-14,21.843,73.76625,EPSG:4326,19.5,142.83,168.54,187.9,183.42,180.46,179.93,5.58,7.97,0.000671,751.56,158.77,0.045,Gravel,155.94,D002,"LINESTRING(73.76125 21.841,73.76625 21.843,73.77125 21.845)",2026-08-15 06:00:00,Indian river/dam anchor + synthetic prototype cross-section,SYNTHETIC_PROTOTYPE
IN-R09,Tapi,Tapi Basin,Gujarat,Surat,IN-09-01,21.157,72.81375,EPSG:4326,0.0,130.9,154.47,125.7,123.06,115.48,113.8,8.33,11.9,0.000737,1073.34,154.7,0.04,Sand,132.79,D014,"LINESTRING(72.80875 21.155,72.81375 21.157,72.81875 21.159)",2026-08-02 06:00:00,Indian river/dam anchor + synthetic prototype cross-section,SYNTHETIC_PROTOTYPE
IN-R09,Tapi,Tapi Basin,Gujarat,Surat,IN-09-02,21.159,72.81625,EPSG:4326,1.5,110.62,130.53,160.54,161.88,153.77,150.39,7.1,10.15,0.003297,701.71,130.92,0.026,Gravel,193.58,D014,"LINESTRING(72.81125 21.157000000000004,72.81625 21.159000000000002,72.82124999999999 21.161)",2026-08-03 06:00:00,Indian river/dam anchor + synthetic prototype cross-section,SYNTHETIC_PROTOTYPE
IN-R09,Tapi,Tapi Basin,Gujarat,Surat,IN-09-03,21.161,72.81875,EPSG:4326,3.0,116.33,137.26,196.57,196.51,184.42,181.67,10.42,14.89,0.000631,1226.34,146.11,0.037,Clay,316.52,D014,"LINESTRING(72.81375 21.159000000000002,72.81875 21.161,72.82374999999999 21.163)",2026-08-04 06:00:00,Indian river/dam anchor + synthetic prototype cross-section,SYNTHETIC_PROTOTYPE
IN-R09,Tapi,Tapi Basin,Gujarat,Surat,IN-09-04,21.163,72.82125,EPSG:4326,4.5,108.85,128.45,94.7,97.92,82.98,81.28,9.4,13.42,0.001772,944.12,135.7,0.035,Sand,249.56,D014,"LINESTRING(72.81625 21.161,72.82124999999999 21.163,72.82624999999999 21.165)",2026-08-05 06:00:00,Indian river/dam anchor + synthetic prototype cross-section,SYNTHETIC_PROTOTYPE
IN-R09,Tapi,Tapi Basin,Gujarat,Surat,IN-09-05,21.165,72.82375,EPSG:4326,6.0,138.47,163.4,134.94,134.28,129.48,128.16,4.75,6.78,0.002035,588.34,152.03,0.043,Clay,176.89,D014,"LINESTRING(72.81875000000001 21.163000000000004,72.82375 21.165000000000003,72.82875 21.167)",2026-08-06 06:00:00,Indian river/dam anchor + synthetic prototype cross-section,SYNTHETIC_PROTOTYPE
IN-R09,Tapi,Tapi Basin,Gujarat,Surat,IN-09-06,21.167,72.82625,EPSG:4326,7.5,126.8,149.63,120.47,115.92,107.95,104.01,11.52,16.46,0.002382,1270.39,159.71,0.039,Clay,196.01,D014,"LINESTRING(72.82125 21.165000000000003,72.82625 21.167,72.83125 21.169)",2026-08-07 06:00:00,Indian river/dam anchor + synthetic prototype cross-section,SYNTHETIC_PROTOTYPE
IN-R09,Tapi,Tapi Basin,Gujarat,Surat,IN-09-07,21.169,72.82875,EPSG:4326,9.0,88.46,104.39,141.56,141.93,127.99,127.01,10.19,14.55,0.002826,1059.75,117.57,0.034,Sand,116.66,D014,"LINESTRING(72.82375 21.167,72.82875 21.169,72.83375 21.171)",2026-08-08 06:00:00,Indian river/dam anchor + synthetic prototype cross-section,SYNTHETIC_PROTOTYPE
IN-R09,Tapi,Tapi Basin,Gujarat,Surat,IN-09-08,21.171,72.83125,EPSG:4326,10.5,82.43,97.26,185.24,179.42,173.85,169.92,10.73,15.32,0.000408,1016.71,113.07,0.029,Sand,211.94,D014,"LINESTRING(72.82625 21.169000000000004,72.83125 21.171000000000003,72.83624999999999 21.173000000000002)",2026-08-09 06:00:00,Indian river/dam anchor + synthetic prototype cross-section,SYNTHETIC_PROTOTYPE
IN-R09,Tapi,Tapi Basin,Gujarat,Surat,IN-09-09,21.173,72.83375,EPSG:4326,12.0,120.09,141.7,185.24,187.6,180.1,179.44,4.06,5.81,0.000763,421.92,131.7,0.044,Gravel,337.45,D014,"LINESTRING(72.82875 21.171000000000003,72.83375 21.173000000000002,72.83874999999999 21.175)",2026-08-10 06:00:00,Indian river/dam anchor + synthetic prototype cross-section,SYNTHETIC_PROTOTYPE
IN-R09,Tapi,Tapi Basin,Gujarat,Surat,IN-09-10,21.175,72.83625,EPSG:4326,13.5,69.45,81.95,103.89,101.75,93.28,89.81,9.86,14.08,0.002695,701.28,97.62,0.029,Sand,282.88,D014,"LINESTRING(72.83125 21.173000000000002,72.83624999999999 21.175,72.84124999999999 21.177)",2026-08-11 06:00:00,Indian river/dam anchor + synthetic prototype cross-section,SYNTHETIC_PROTOTYPE
IN-R09,Tapi,Tapi Basin,Gujarat,Surat,IN-09-11,21.177,72.83875,EPSG:4326,15.0,127.66,150.64,103.11,100.22,98.5,95.39,5.41,7.73,0.002141,711.28,143.11,0.037,Sand,354.94,D014,"LINESTRING(72.83375000000001 21.175000000000004,72.83875 21.177000000000003,72.84375 21.179000000000002)",2026-08-12 06:00:00,Indian river/dam anchor + synthetic prototype cross-section,SYNTHETIC_PROTOTYPE
IN-R09,Tapi,Tapi Basin,Gujarat,Surat,IN-09-12,21.179,72.84125,EPSG:4326,16.5,111.65,131.74,144.01,145.79,136.56,134.73,6.5,9.28,0.000417,840.3,130.21,0.028,Sand,285.88,D014,"LINESTRING(72.83625 21.177000000000003,72.84125 21.179000000000002,72.84625 21.181)",2026-08-13 06:00:00,Indian river/dam anchor + synthetic prototype cross-section,SYNTHETIC_PROTOTYPE
IN-R09,Tapi,Tapi Basin,Gujarat,Surat,IN-09-13,21.181,72.84375,EPSG:4326,18.0,113.72,134.19,126.24,115.88,122.23,120.26,4.19,5.98,0.003883,502.02,125.69,0.038,Gravel,245.97,D014,"LINESTRING(72.83875 21.179000000000002,72.84375 21.181,72.84875 21.183)",2026-08-14 06:00:00,Indian river/dam anchor + synthetic prototype cross-section,SYNTHETIC_PROTOTYPE
IN-R09,Tapi,Tapi Basin,Gujarat,Surat,IN-09-14,21.183,72.84625,EPSG:4326,19.5,116.64,137.63,76.72,78.48,65.57,61.73,10.5,15.0,0.002265,1568.61,146.63,0.026,Sand,22.24,D014,"LINESTRING(72.84125 21.181000000000004,72.84625 21.183000000000003,72.85125 21.185000000000002)",2026-08-15 06:00:00,Indian river/dam anchor + synthetic prototype cross-section,SYNTHETIC_PROTOTYPE
IN-R10,Mahi,Mahi Basin,Rajasthan,Banswara,IN-10-01,23.527,74.41375,EPSG:4326,0.0,119.71,141.26,134.14,135.55,120.51,118.93,10.64,15.2,0.003341,1271.84,150.12,0.04,Clay,180.85,D035,"LINESTRING(74.40875000000001 23.525,74.41375000000001 23.526999999999997,74.41875 23.528999999999996)",2026-08-02 06:00:00,Indian river/dam anchor + synthetic prototype cross-section,SYNTHETIC_PROTOTYPE
IN-R10,Mahi,Mahi Basin,Rajasthan,Banswara,IN-10-02,23.529,74.41625,EPSG:4326,1.5,127.29,150.2,136.64,136.48,124.6,123.76,9.02,12.88,0.003786,1272.6,153.05,0.028,Sand,278.84,D035,"LINESTRING(74.41125000000001 23.527,74.41625 23.529,74.42125 23.531)",2026-08-03 06:00:00,Indian river/dam anchor + synthetic prototype cross-section,SYNTHETIC_PROTOTYPE
IN-R10,Mahi,Mahi Basin,Rajasthan,Banswara,IN-10-03,23.531,74.41875,EPSG:4326,3.0,117.17,138.26,167.68,167.29,162.39,160.34,5.14,7.34,0.003106,667.64,131.86,0.041,Gravel,175.01,D035,"LINESTRING(74.41375000000001 23.529,74.41875 23.531,74.42375 23.532999999999998)",2026-08-04 06:00:00,Indian river/dam anchor + synthetic prototype cross-section,SYNTHETIC_PROTOTYPE
IN-R10,Mahi,Mahi Basin,Rajasthan,Banswara,IN-10-04,23.533,74.42125,EPSG:4326,4.5,103.73,122.4,165.33,160.93,161.02,159.24,4.26,6.09,0.002286,520.41,115.91,0.029,Gravel,310.02,D035,"LINESTRING(74.41625 23.531,74.42125 23.532999999999998,74.42625 23.534999999999997)",2026-08-05 06:00:00,Indian river/dam anchor + synthetic prototype cross-section,SYNTHETIC_PROTOTYPE
IN-R10,Mahi,Mahi Basin,Rajasthan,Banswara,IN-10-05,23.535,74.42375,EPSG:4326,6.0,99.55,117.47,151.87,154.48,142.7,140.95,7.65,10.93,0.002207,823.58,121.41,0.045,Silt,98.52,D035,"LINESTRING(74.41875000000002 23.533,74.42375000000001 23.535,74.42875000000001 23.537)",2026-08-06 06:00:00,Indian river/dam anchor + synthetic prototype cross-section,SYNTHETIC_PROTOTYPE
IN-R10,Mahi,Mahi Basin,Rajasthan,Banswara,IN-10-06,23.537,74.42625,EPSG:4326,7.5,88.63,104.59,124.49,130.23,111.8,109.89,10.22,14.6,0.001328,1091.01,117.84,0.037,Clay,26.47,D035,"LINESTRING(74.42125000000001 23.535,74.42625000000001 23.537,74.43125 23.538999999999998)",2026-08-07 06:00:00,Indian river/dam anchor + synthetic prototype cross-section,SYNTHETIC_PROTOTYPE
IN-R10,Mahi,Mahi Basin,Rajasthan,Banswara,IN-10-07,23.539,74.42875,EPSG:4326,9.0,102.93,121.45,161.26,157.06,149.72,148.45,8.97,12.82,0.000275,909.14,128.56,0.038,Alluvium,231.21,D035,"LINESTRING(74.42375000000001 23.537,74.42875000000001 23.538999999999998,74.43375 23.540999999999997)",2026-08-08 06:00:00,Indian river/dam anchor + synthetic prototype cross-section,SYNTHETIC_PROTOTYPE
IN-R10,Mahi,Mahi Basin,Rajasthan,Banswara,IN-10-08,23.541,74.43125,EPSG:4326,10.5,108.95,128.56,152.91,154.38,144.03,141.05,8.3,11.86,0.002848,875.7,132.67,0.03,Gravel,120.89,D035,"LINESTRING(74.42625000000001 23.539,74.43125 23.541,74.43625 23.543)",2026-08-09 06:00:00,Indian river/dam anchor + synthetic prototype cross-section,SYNTHETIC_PROTOTYPE
IN-R10,Mahi,Mahi Basin,Rajasthan,Banswara,IN-10-09,23.543,74.43375,EPSG:4326,12.0,113.94,134.45,133.81,131.34,123.56,120.8,9.11,13.01,0.00311,990.63,139.96,0.038,Gravel,311.62,D035,"LINESTRING(74.42875000000001 23.541,74.43375 23.543,74.43875 23.544999999999998)",2026-08-10 06:00:00,Indian river/dam anchor + synthetic prototype cross-section,SYNTHETIC_PROTOTYPE
IN-R10,Mahi,Mahi Basin,Rajasthan,Banswara,IN-10-10,23.545,74.43625,EPSG:4326,13.5,135.41,159.78,172.08,173.9,157.27,153.43,13.05,18.65,0.000617,1785.21,172.71,0.044,Gravel,112.59,D035,"LINESTRING(74.43125 23.543,74.43625 23.544999999999998,74.44125 23.546999999999997)",2026-08-11 06:00:00,Indian river/dam anchor + synthetic prototype cross-section,SYNTHETIC_PROTOTYPE
IN-R10,Mahi,Mahi Basin,Rajasthan,Banswara,IN-10-11,23.547,74.43875,EPSG:4326,15.0,80.0,94.4,208.46,217.17,202.02,199.2,6.48,9.26,0.000764,632.42,98.53,0.043,Silt,332.35,D035,"LINESTRING(74.43375000000002 23.545,74.43875000000001 23.547,74.44375000000001 23.549)",2026-08-12 06:00:00,Indian river/dam anchor + synthetic prototype cross-section,SYNTHETIC_PROTOTYPE
IN-R10,Mahi,Mahi Basin,Rajasthan,Banswara,IN-10-12,23.549,74.44125,EPSG:4326,16.5,140.21,165.44,141.54,138.13,129.83,126.07,10.83,15.47,0.000687,1660.98,171.15,0.044,Clay,211.41,D035,"LINESTRING(74.43625000000002 23.547,74.44125000000001 23.549,74.44625 23.551)",2026-08-13 06:00:00,Indian river/dam anchor + synthetic prototype cross-section,SYNTHETIC_PROTOTYPE
IN-R10,Mahi,Mahi Basin,Rajasthan,Banswara,IN-10-13,23.551,74.44375,EPSG:4326,18.0,117.18,138.27,157.51,153.41,143.25,140.49,11.92,17.03,0.002433,1327.94,151.23,0.035,Silt,5.17,D035,"LINESTRING(74.43875000000001 23.549,74.44375000000001 23.551,74.44875 23.552999999999997)",2026-08-14 06:00:00,Indian river/dam anchor + synthetic prototype cross-section,SYNTHETIC_PROTOTYPE
IN-R10,Mahi,Mahi Basin,Rajasthan,Banswara,IN-10-14,23.553,74.44625,EPSG:4326,19.5,114.19,134.74,156.48,162.65,148.94,146.87,6.73,9.62,0.002127,884.74,133.42,0.034,Silt,52.63,D035,"LINESTRING(74.44125000000001 23.551000000000002,74.44625 23.553,74.45125 23.555)",2026-08-15 06:00:00,Indian river/dam anchor + synthetic prototype cross-section,SYNTHETIC_PROTOTYPE
IN-R11,Sabarmati,Sabarmati Basin,Gujarat,Ahmedabad,IN-11-01,23.017,72.56375,EPSG:4326,0.0,47.87,56.49,100.57,102.07,94.48,92.57,5.6,8.0,0.001095,256.32,63.88,0.041,Alluvium,137.67,D026,"LINESTRING(72.55875 23.015,72.56375 23.017,72.56875 23.019)",2026-08-02 06:00:00,Indian river/dam anchor + synthetic prototype cross-section,SYNTHETIC_PROTOTYPE
IN-R11,Sabarmati,Sabarmati Basin,Gujarat,Ahmedabad,IN-11-02,23.019,72.56625,EPSG:4326,1.5,101.74,120.05,157.39,161.8,147.42,146.7,7.49,10.7,0.002545,933.74,123.13,0.044,Sand,65.19,D026,"LINESTRING(72.56125 23.017000000000003,72.56625 23.019000000000002,72.57124999999999 23.021)",2026-08-03 06:00:00,Indian river/dam anchor + synthetic prototype cross-section,SYNTHETIC_PROTOTYPE
IN-R11,Sabarmati,Sabarmati Basin,Gujarat,Ahmedabad,IN-11-03,23.021,72.56875,EPSG:4326,3.0,171.51,202.38,136.27,133.25,121.76,118.61,12.37,17.66,0.002544,2022.19,206.84,0.032,Sand,231.58,D026,"LINESTRING(72.56375 23.019000000000002,72.56875 23.021,72.57374999999999 23.023)",2026-08-04 06:00:00,Indian river/dam anchor + synthetic prototype cross-section,SYNTHETIC_PROTOTYPE
IN-R11,Sabarmati,Sabarmati Basin,Gujarat,Ahmedabad,IN-11-04,23.023,72.57125,EPSG:4326,4.5,30.0,35.4,173.89,174.79,165.93,162.93,7.68,10.97,0.001301,287.46,51.93,0.034,Gravel,317.38,D026,"LINESTRING(72.56625 23.021,72.57124999999999 23.023,72.57624999999999 23.025)",2026-08-05 06:00:00,Indian river/dam anchor + synthetic prototype cross-section,SYNTHETIC_PROTOTYPE
IN-R11,Sabarmati,Sabarmati Basin,Gujarat,Ahmedabad,IN-11-05,23.025,72.57375,EPSG:4326,6.0,110.16,129.99,148.91,154.22,138.08,137.44,8.03,11.47,0.003549,865.18,133.11,0.039,Sand,249.01,D026,"LINESTRING(72.56875000000001 23.023000000000003,72.57375 23.025000000000002,72.57875 23.027)",2026-08-06 06:00:00,Indian river/dam anchor + synthetic prototype cross-section,SYNTHETIC_PROTOTYPE
IN-R11,Sabarmati,Sabarmati Basin,Gujarat,Ahmedabad,IN-11-06,23.027,72.57625,EPSG:4326,7.5,147.88,174.5,139.08,141.79,126.17,123.12,11.17,15.96,0.001948,1474.58,179.8,0.026,Sand,102.89,D026,"LINESTRING(72.57125 23.025000000000002,72.57625 23.027,72.58125 23.029)",2026-08-07 06:00:00,Indian river/dam anchor + synthetic prototype cross-section,SYNTHETIC_PROTOTYPE
IN-R11,Sabarmati,Sabarmati Basin,Gujarat,Ahmedabad,IN-11-07,23.029,72.57875,EPSG:4326,9.0,94.22,111.18,120.83,118.09,115.04,111.53,6.51,9.3,0.001905,539.88,112.82,0.038,Clay,164.69,D026,"LINESTRING(72.57375 23.027,72.57875 23.029,72.58375 23.031)",2026-08-08 06:00:00,Indian river/dam anchor + synthetic prototype cross-section,SYNTHETIC_PROTOTYPE
IN-R11,Sabarmati,Sabarmati Basin,Gujarat,Ahmedabad,IN-11-08,23.031,72.58125,EPSG:4326,10.5,76.16,89.87,199.17,200.3,195.44,193.29,4.11,5.88,0.003506,363.56,87.92,0.035,Alluvium,347.32,D026,"LINESTRING(72.57625 23.029000000000003,72.58125 23.031000000000002,72.58624999999999 23.033)",2026-08-09 06:00:00,Indian river/dam anchor + synthetic prototype cross-section,SYNTHETIC_PROTOTYPE
IN-R11,Sabarmati,Sabarmati Basin,Gujarat,Ahmedabad,IN-11-09,23.033,72.58375,EPSG:4326,12.0,123.88,146.17,116.88,119.82,103.14,102.53,10.05,14.35,0.002665,1536.31,152.58,0.028,Gravel,42.41,D026,"LINESTRING(72.57875 23.031000000000002,72.58375 23.033,72.58874999999999 23.035)",2026-08-10 06:00:00,Indian river/dam anchor + synthetic prototype cross-section,SYNTHETIC_PROTOTYPE
IN-R11,Sabarmati,Sabarmati Basin,Gujarat,Ahmedabad,IN-11-10,23.035,72.58625,EPSG:4326,13.5,189.83,224.0,103.97,101.04,99.02,98.36,3.92,5.6,0.000443,672.89,201.03,0.043,Alluvium,237.19,D026,"LINESTRING(72.58125 23.033,72.58624999999999 23.035,72.59124999999999 23.037)",2026-08-11 06:00:00,Indian river/dam anchor + synthetic prototype cross-section,SYNTHETIC_PROTOTYPE
IN-R11,Sabarmati,Sabarmati Basin,Gujarat,Ahmedabad,IN-11-11,23.037,72.58875,EPSG:4326,15.0,114.12,134.66,98.19,94.41,83.99,81.2,11.89,16.99,0.002827,1423.16,148.09,0.034,Gravel,19.91,D026,"LINESTRING(72.58375000000001 23.035000000000004,72.58875 23.037000000000003,72.59375 23.039)",2026-08-12 06:00:00,Indian river/dam anchor + synthetic prototype cross-section,SYNTHETIC_PROTOTYPE
IN-R11,Sabarmati,Sabarmati Basin,Gujarat,Ahmedabad,IN-11-12,23.039,72.59125,EPSG:4326,16.5,139.21,164.26,60.49,63.67,52.28,51.55,6.26,8.94,0.000445,954.75,157.09,0.04,Alluvium,141.05,D026,"LINESTRING(72.58625 23.037000000000003,72.59125 23.039,72.59625 23.041)",2026-08-13 06:00:00,Indian river/dam anchor + synthetic prototype cross-section,SYNTHETIC_PROTOTYPE
IN-R11,Sabarmati,Sabarmati Basin,Gujarat,Ahmedabad,IN-11-13,23.041,72.59375,EPSG:4326,18.0,133.81,157.89,220.84,220.33,216.36,212.56,5.79,8.27,0.002396,755.34,150.35,0.033,Gravel,57.26,D026,"LINESTRING(72.58875 23.039,72.59375 23.041,72.59875 23.043)",2026-08-14 06:00:00,Indian river/dam anchor + synthetic prototype cross-section,SYNTHETIC_PROTOTYPE
IN-R11,Sabarmati,Sabarmati Basin,Gujarat,Ahmedabad,IN-11-14,23.043,72.59625,EPSG:4326,19.5,75.1,88.61,52.54,55.39,39.58,36.21,11.43,16.32,0.001861,759.81,107.74,0.025,Sand,305.57,D026,"LINESTRING(72.59125 23.041000000000004,72.59625 23.043000000000003,72.60125 23.045)",2026-08-15 06:00:00,Indian river/dam anchor + synthetic prototype cross-section,SYNTHETIC_PROTOTYPE
IN-R12,Luni,Luni Basin,Rajasthan,Jodhpur,IN-12-01,26.227,73.00375,EPSG:4326,0.0,106.33,125.47,177.01,174.61,172.95,169.1,5.54,7.91,0.001892,647.74,122.15,0.041,Sand,304.87,D027,"LINESTRING(72.99875 26.224999999999998,73.00375 26.226999999999997,73.00874999999999 26.228999999999996)",2026-08-02 06:00:00,Indian river/dam anchor + synthetic prototype cross-section,SYNTHETIC_PROTOTYPE
IN-R12,Luni,Luni Basin,Rajasthan,Jodhpur,IN-12-02,26.229,73.00625,EPSG:4326,1.5,87.37,103.09,155.17,159.16,151.74,149.88,3.7,5.29,0.003215,328.55,97.95,0.03,Silt,211.61,D027,"LINESTRING(73.00125 26.227,73.00625 26.229,73.01124999999999 26.230999999999998)",2026-08-03 06:00:00,Indian river/dam anchor + synthetic prototype cross-section,SYNTHETIC_PROTOTYPE
IN-R12,Luni,Luni Basin,Rajasthan,Jodhpur,IN-12-03,26.231,73.00875,EPSG:4326,3.0,169.47,199.97,182.08,177.45,178.29,174.99,4.96,7.09,0.002671,774.46,183.64,0.026,Clay,337.41,D027,"LINESTRING(73.00375 26.229,73.00874999999999 26.230999999999998,73.01374999999999 26.232999999999997)",2026-08-04 06:00:00,Indian river/dam anchor + synthetic prototype cross-section,SYNTHETIC_PROTOTYPE
IN-R12,Luni,Luni Basin,Rajasthan,Jodhpur,IN-12-04,26.233,73.01125,EPSG:4326,4.5,79.55,93.87,76.62,83.54,70.93,69.41,5.05,7.21,0.000367,404.49,93.97,0.032,Alluvium,17.65,D027,"LINESTRING(73.00625 26.230999999999998,73.01124999999999 26.232999999999997,73.01624999999999 26.234999999999996)",2026-08-05 06:00:00,Indian river/dam anchor + synthetic prototype cross-section,SYNTHETIC_PROTOTYPE
IN-R12,Luni,Luni Basin,Rajasthan,Jodhpur,IN-12-05,26.235,73.01375,EPSG:4326,6.0,134.58,158.8,175.41,173.1,163.27,160.39,10.52,15.03,0.002696,1404.44,164.63,0.043,Sand,147.91,D027,"LINESTRING(73.00875 26.233,73.01375 26.235,73.01875 26.237)",2026-08-06 06:00:00,Indian river/dam anchor + synthetic prototype cross-section,SYNTHETIC_PROTOTYPE
IN-R12,Luni,Luni Basin,Rajasthan,Jodhpur,IN-12-06,26.237,73.01625,EPSG:4326,7.5,111.48,131.55,101.47,99.85,91.71,90.22,7.87,11.25,0.00204,830.64,133.97,0.038,Gravel,9.24,D027,"LINESTRING(73.01125 26.235,73.01625 26.237,73.02125 26.238999999999997)",2026-08-07 06:00:00,Indian river/dam anchor + synthetic prototype cross-section,SYNTHETIC_PROTOTYPE
IN-R12,Luni,Luni Basin,Rajasthan,Jodhpur,IN-12-07,26.239,73.01875,EPSG:4326,9.0,140.19,165.42,144.62,147.77,133.02,131.73,9.03,12.89,0.003329,1404.6,165.97,0.044,Sand,81.8,D027,"LINESTRING(73.01375 26.237,73.01875 26.238999999999997,73.02374999999999 26.240999999999996)",2026-08-08 06:00:00,Indian river/dam anchor + synthetic prototype cross-section,SYNTHETIC_PROTOTYPE
IN-R12,Luni,Luni Basin,Rajasthan,Jodhpur,IN-12-08,26.241,73.02125,EPSG:4326,10.5,101.79,120.11,107.03,106.04,95.59,93.44,9.52,13.59,0.000887,851.27,128.97,0.03,Alluvium,277.97,D027,"LINESTRING(73.01625 26.239,73.02125 26.241,73.02624999999999 26.243)",2026-08-09 06:00:00,Indian river/dam anchor + synthetic prototype cross-section,SYNTHETIC_PROTOTYPE
IN-R12,Luni,Luni Basin,Rajasthan,Jodhpur,IN-12-09,26.243,73.02375,EPSG:4326,12.0,107.44,126.78,184.26,183.68,180.24,177.28,4.89,6.98,0.002566,490.23,121.4,0.032,Alluvium,251.51,D027,"LINESTRING(73.01875 26.241,73.02374999999999 26.243,73.02874999999999 26.244999999999997)",2026-08-10 06:00:00,Indian river/dam anchor + synthetic prototype cross-section,SYNTHETIC_PROTOTYPE
IN-R12,Luni,Luni Basin,Rajasthan,Jodhpur,IN-12-10,26.245,73.02625,EPSG:4326,13.5,107.7,127.09,148.13,149.69,142.61,140.42,5.4,7.71,0.001274,677.41,123.12,0.037,Alluvium,10.74,D027,"LINESTRING(73.02125 26.243,73.02624999999999 26.244999999999997,73.03124999999999 26.246999999999996)",2026-08-11 06:00:00,Indian river/dam anchor + synthetic prototype cross-section,SYNTHETIC_PROTOTYPE
IN-R12,Luni,Luni Basin,Rajasthan,Jodhpur,IN-12-11,26.247,73.02875,EPSG:4326,15.0,72.92,86.04,124.64,126.05,114.14,111.25,9.37,13.39,0.00375,842.93,99.7,0.027,Clay,122.39,D027,"LINESTRING(73.02375 26.245,73.02875 26.247,73.03375 26.249)",2026-08-12 06:00:00,Indian river/dam anchor + synthetic prototype cross-section,SYNTHETIC_PROTOTYPE
IN-R12,Luni,Luni Basin,Rajasthan,Jodhpur,IN-12-12,26.249,73.03125,EPSG:4326,16.5,149.17,176.02,184.83,186.66,176.51,175.33,6.64,9.49,0.003484,1163.9,168.15,0.038,Clay,259.6,D027,"LINESTRING(73.02625 26.247,73.03125 26.249,73.03625 26.250999999999998)",2026-08-13 06:00:00,Indian river/dam anchor + synthetic prototype cross-section,SYNTHETIC_PROTOTYPE
IN-R12,Luni,Luni Basin,Rajasthan,Jodhpur,IN-12-13,26.251,73.03375,EPSG:4326,18.0,154.39,182.18,134.88,127.81,122.51,121.66,9.25,13.22,0.003812,1351.37,180.83,0.028,Gravel,147.7,D027,"LINESTRING(73.02875 26.249,73.03375 26.250999999999998,73.03875 26.252999999999997)",2026-08-14 06:00:00,Indian river/dam anchor + synthetic prototype cross-section,SYNTHETIC_PROTOTYPE
IN-R12,Luni,Luni Basin,Rajasthan,Jodhpur,IN-12-14,26.253,73.03625,EPSG:4326,19.5,110.26,130.1,130.76,125.05,116.36,113.41,12.15,17.35,0.003872,1356.8,144.96,0.041,Clay,244.23,D027,"LINESTRING(73.03125 26.251,73.03625 26.253,73.04124999999999 26.255)",2026-08-15 06:00:00,Indian river/dam anchor + synthetic prototype cross-section,SYNTHETIC_PROTOTYPE
IN-R13,Pennar,Pennar Basin,Andhra Pradesh,Nellore,IN-13-01,14.437,79.96375,EPSG:4326,0.0,106.25,125.37,149.38,151.71,138.72,136.87,8.75,12.51,0.000329,1188.06,131.26,0.031,Clay,222.92,D028,"LINESTRING(79.95875000000001 14.434999999999999,79.96375 14.437,79.96875 14.439)",2026-08-02 06:00:00,Indian river/dam anchor + synthetic prototype cross-section,SYNTHETIC_PROTOTYPE
IN-R13,Pennar,Pennar Basin,Andhra Pradesh,Nellore,IN-13-02,14.439,79.96625,EPSG:4326,1.5,148.68,175.45,176.81,182.95,162.66,161.08,11.01,15.73,0.001147,1578.48,180.15,0.029,Gravel,69.74,D028,"LINESTRING(79.96125 14.437,79.96625 14.439,79.97125 14.441)",2026-08-03 06:00:00,Indian river/dam anchor + synthetic prototype cross-section,SYNTHETIC_PROTOTYPE
IN-R13,Pennar,Pennar Basin,Andhra Pradesh,Nellore,IN-13-03,14.441,79.96875,EPSG:4326,3.0,129.37,152.66,134.86,136.5,129.17,125.75,6.38,9.11,0.000699,861.56,147.6,0.038,Silt,8.05,D028,"LINESTRING(79.96375 14.438999999999998,79.96875 14.440999999999999,79.97375 14.443)",2026-08-04 06:00:00,Indian river/dam anchor + synthetic prototype cross-section,SYNTHETIC_PROTOTYPE
IN-R13,Pennar,Pennar Basin,Andhra Pradesh,Nellore,IN-13-04,14.443,79.97125,EPSG:4326,4.5,116.58,137.57,118.26,112.42,109.91,105.93,8.63,12.33,0.003941,900.09,141.23,0.039,Alluvium,358.95,D028,"LINESTRING(79.96625 14.440999999999999,79.97125 14.443,79.97625 14.445)",2026-08-05 06:00:00,Indian river/dam anchor + synthetic prototype cross-section,SYNTHETIC_PROTOTYPE
IN-R13,Pennar,Pennar Basin,Andhra Pradesh,Nellore,IN-13-05,14.445,79.97375,EPSG:4326,6.0,86.72,102.32,170.57,161.47,155.69,154.17,11.48,16.4,0.00222,959.03,119.51,0.043,Gravel,5.48,D028,"LINESTRING(79.96875000000001 14.442999999999998,79.97375000000001 14.444999999999999,79.97875 14.447)",2026-08-06 06:00:00,Indian river/dam anchor + synthetic prototype cross-section,SYNTHETIC_PROTOTYPE
IN-R13,Pennar,Pennar Basin,Andhra Pradesh,Nellore,IN-13-06,14.447,79.97625,EPSG:4326,7.5,134.56,158.78,148.07,151.99,142.51,140.79,5.1,7.29,0.000143,714.2,149.14,0.037,Silt,306.34,D028,"LINESTRING(79.97125000000001 14.444999999999999,79.97625000000001 14.447,79.98125 14.449)",2026-08-07 06:00:00,Indian river/dam anchor + synthetic prototype cross-section,SYNTHETIC_PROTOTYPE
IN-R13,Pennar,Pennar Basin,Andhra Pradesh,Nellore,IN-13-07,14.449,79.97875,EPSG:4326,9.0,84.97,100.26,171.39,170.26,165.22,162.71,6.08,8.68,0.001292,482.06,102.33,0.041,Clay,346.62,D028,"LINESTRING(79.97375000000001 14.447,79.97875 14.449,79.98375 14.451)",2026-08-08 06:00:00,Indian river/dam anchor + synthetic prototype cross-section,SYNTHETIC_PROTOTYPE
IN-R13,Pennar,Pennar Basin,Andhra Pradesh,Nellore,IN-13-08,14.451,79.98125,EPSG:4326,10.5,96.12,113.42,129.6,132.83,116.88,113.6,11.2,16.0,0.000865,1032.1,128.12,0.032,Silt,144.75,D028,"LINESTRING(79.97625000000001 14.448999999999998,79.98125 14.450999999999999,79.98625 14.453)",2026-08-09 06:00:00,Indian river/dam anchor + synthetic prototype cross-section,SYNTHETIC_PROTOTYPE
IN-R13,Pennar,Pennar Basin,Andhra Pradesh,Nellore,IN-13-09,14.453,79.98375,EPSG:4326,12.0,144.61,170.64,138.95,143.55,132.26,128.51,7.3,10.43,0.00023,1146.84,165.48,0.039,Alluvium,149.19,D028,"LINESTRING(79.97875 14.450999999999999,79.98375 14.453,79.98875 14.455)",2026-08-10 06:00:00,Indian river/dam anchor + synthetic prototype cross-section,SYNTHETIC_PROTOTYPE
IN-R13,Pennar,Pennar Basin,Andhra Pradesh,Nellore,IN-13-10,14.455,79.98625,EPSG:4326,13.5,96.94,114.39,140.81,138.33,134.44,131.83,6.29,8.99,0.00239,589.58,114.91,0.042,Alluvium,64.84,D028,"LINESTRING(79.98125 14.453,79.98625 14.455,79.99125 14.457)",2026-08-11 06:00:00,Indian river/dam anchor + synthetic prototype cross-section,SYNTHETIC_PROTOTYPE
IN-R13,Pennar,Pennar Basin,Andhra Pradesh,Nellore,IN-13-11,14.457,79.98875,EPSG:4326,15.0,83.05,98.0,161.25,163.2,151.1,147.1,9.91,14.15,0.002122,989.62,111.35,0.029,Sand,315.59,D028,"LINESTRING(79.98375000000001 14.454999999999998,79.98875000000001 14.456999999999999,79.99375 14.459)",2026-08-12 06:00:00,Indian river/dam anchor + synthetic prototype cross-section,SYNTHETIC_PROTOTYPE
IN-R13,Pennar,Pennar Basin,Andhra Pradesh,Nellore,IN-13-12,14.459,79.99125,EPSG:4326,16.5,158.28,186.77,143.75,138.13,140.18,137.67,4.25,6.07,0.000273,722.78,170.43,0.033,Alluvium,233.54,D028,"LINESTRING(79.98625000000001 14.456999999999999,79.99125000000001 14.459,79.99625 14.461)",2026-08-13 06:00:00,Indian river/dam anchor + synthetic prototype cross-section,SYNTHETIC_PROTOTYPE
IN-R13,Pennar,Pennar Basin,Andhra Pradesh,Nellore,IN-13-13,14.461,79.99375,EPSG:4326,18.0,114.55,135.17,160.31,161.79,148.43,146.58,9.61,13.73,0.001658,1246.15,142.0,0.034,Silt,154.3,D028,"LINESTRING(79.98875000000001 14.458999999999998,79.99375 14.460999999999999,79.99875 14.463)",2026-08-14 06:00:00,Indian river/dam anchor + synthetic prototype cross-section,SYNTHETIC_PROTOTYPE
IN-R13,Pennar,Pennar Basin,Andhra Pradesh,Nellore,IN-13-14,14.463,79.99625,EPSG:4326,19.5,169.1,199.54,150.67,153.1,137.99,137.27,9.39,13.41,0.0032,1904.61,195.92,0.038,Alluvium,329.18,D028,"LINESTRING(79.99125000000001 14.460999999999999,79.99625 14.463,80.00125 14.465)",2026-08-15 06:00:00,Indian river/dam anchor + synthetic prototype cross-section,SYNTHETIC_PROTOTYPE
IN-R14,Palar,Palar Basin,Tamil Nadu,Vellore,IN-14-01,12.907,79.11375,EPSG:4326,0.0,71.08,83.87,137.75,135.47,129.82,126.01,8.21,11.74,0.001793,619.57,94.55,0.041,Silt,64.14,D013,"LINESTRING(79.10875 12.905,79.11375 12.907,79.11874999999999 12.909)",2026-08-02 06:00:00,Indian river/dam anchor + synthetic prototype cross-section,SYNTHETIC_PROTOTYPE
IN-R14,Palar,Palar Basin,Tamil Nadu,Vellore,IN-14-02,12.909,79.11625,EPSG:4326,1.5,165.61,195.42,119.09,120.21,105.87,104.93,9.92,14.16,0.003267,1650.84,193.94,0.025,Silt,1.15,D013,"LINESTRING(79.11125 12.907,79.11625 12.909,79.12124999999999 12.911000000000001)",2026-08-03 06:00:00,Indian river/dam anchor + synthetic prototype cross-section,SYNTHETIC_PROTOTYPE
IN-R14,Palar,Palar Basin,Tamil Nadu,Vellore,IN-14-03,12.911,79.11875,EPSG:4326,3.0,90.82,107.17,161.72,154.59,156.62,155.38,4.44,6.34,0.002336,369.27,103.51,0.029,Clay,351.88,D013,"LINESTRING(79.11375 12.908999999999999,79.11874999999999 12.911,79.12374999999999 12.913)",2026-08-04 06:00:00,Indian river/dam anchor + synthetic prototype cross-section,SYNTHETIC_PROTOTYPE
IN-R14,Palar,Palar Basin,Tamil Nadu,Vellore,IN-14-04,12.913,79.12125,EPSG:4326,4.5,171.6,202.49,101.65,101.92,92.88,91.64,7.01,10.01,0.003185,1034.41,191.62,0.036,Clay,261.62,D013,"LINESTRING(79.11625 12.911,79.12124999999999 12.913,79.12624999999998 12.915000000000001)",2026-08-05 06:00:00,Indian river/dam anchor + synthetic prototype cross-section,SYNTHETIC_PROTOTYPE
IN-R14,Palar,Palar Basin,Tamil Nadu,Vellore,IN-14-05,12.915,79.12375,EPSG:4326,6.0,119.92,141.5,215.6,208.59,207.6,206.12,6.64,9.49,0.003887,973.11,138.89,0.041,Silt,213.64,D013,"LINESTRING(79.11875 12.912999999999998,79.12375 12.915,79.12875 12.917)",2026-08-06 06:00:00,Indian river/dam anchor + synthetic prototype cross-section,SYNTHETIC_PROTOTYPE
IN-R14,Palar,Palar Basin,Tamil Nadu,Vellore,IN-14-06,12.917,79.12625,EPSG:4326,7.5,110.26,130.11,193.92,204.31,189.19,185.25,6.07,8.67,0.001556,843.72,127.61,0.034,Gravel,147.48,D013,"LINESTRING(79.12125 12.915,79.12625 12.917,79.13125 12.919)",2026-08-07 06:00:00,Indian river/dam anchor + synthetic prototype cross-section,SYNTHETIC_PROTOTYPE
IN-R14,Palar,Palar Basin,Tamil Nadu,Vellore,IN-14-07,12.919,79.12875,EPSG:4326,9.0,107.79,127.19,143.6,140.75,129.33,126.48,11.98,17.12,0.002823,1653.1,142.03,0.031,Clay,87.59,D013,"LINESTRING(79.12375 12.917,79.12875 12.919,79.13374999999999 12.921000000000001)",2026-08-08 06:00:00,Indian river/dam anchor + synthetic prototype cross-section,SYNTHETIC_PROTOTYPE
IN-R14,Palar,Palar Basin,Tamil Nadu,Vellore,IN-14-08,12.921,79.13125,EPSG:4326,10.5,91.33,107.77,115.21,111.53,106.88,105.16,7.04,10.06,0.002392,557.66,111.44,0.037,Gravel,125.74,D013,"LINESTRING(79.12625 12.918999999999999,79.13125 12.921,79.13624999999999 12.923)",2026-08-09 06:00:00,Indian river/dam anchor + synthetic prototype cross-section,SYNTHETIC_PROTOTYPE
IN-R14,Palar,Palar Basin,Tamil Nadu,Vellore,IN-14-09,12.923,79.13375,EPSG:4326,12.0,131.89,155.63,130.91,128.63,119.06,116.85,9.84,14.06,0.000617,1215.53,160.01,0.035,Silt,165.65,D013,"LINESTRING(79.12875 12.921,79.13374999999999 12.923,79.13874999999999 12.925)",2026-08-10 06:00:00,Indian river/dam anchor + synthetic prototype cross-section,SYNTHETIC_PROTOTYPE
IN-R14,Palar,Palar Basin,Tamil Nadu,Vellore,IN-14-10,12.925,79.13625,EPSG:4326,13.5,55.41,65.38,97.23,96.55,90.29,87.61,6.74,9.63,0.002845,325.47,74.66,0.041,Silt,131.67,D013,"LINESTRING(79.13125 12.923,79.13624999999999 12.925,79.14124999999999 12.927000000000001)",2026-08-11 06:00:00,Indian river/dam anchor + synthetic prototype cross-section,SYNTHETIC_PROTOTYPE
IN-R14,Palar,Palar Basin,Tamil Nadu,Vellore,IN-14-11,12.927,79.13875,EPSG:4326,15.0,101.01,119.19,166.92,167.34,154.88,153.89,9.12,13.03,0.001604,1015.58,127.07,0.026,Gravel,181.95,D013,"LINESTRING(79.13375 12.924999999999999,79.13875 12.927,79.14375 12.929)",2026-08-12 06:00:00,Indian river/dam anchor + synthetic prototype cross-section,SYNTHETIC_PROTOTYPE
IN-R14,Palar,Palar Basin,Tamil Nadu,Vellore,IN-14-12,12.929,79.14125,EPSG:4326,16.5,71.48,84.35,75.56,73.74,69.44,67.23,5.83,8.33,0.000378,441.91,88.13,0.044,Clay,296.32,D013,"LINESTRING(79.13625 12.927,79.14125 12.929,79.14625 12.931000000000001)",2026-08-13 06:00:00,Indian river/dam anchor + synthetic prototype cross-section,SYNTHETIC_PROTOTYPE
IN-R14,Palar,Palar Basin,Tamil Nadu,Vellore,IN-14-13,12.931,79.14375,EPSG:4326,18.0,131.46,155.12,119.49,119.33,107.8,103.84,10.96,15.65,0.000456,1700.77,162.76,0.041,Gravel,4.49,D013,"LINESTRING(79.13875 12.928999999999998,79.14375 12.931,79.14874999999999 12.933)",2026-08-14 06:00:00,Indian river/dam anchor + synthetic prototype cross-section,SYNTHETIC_PROTOTYPE
IN-R14,Palar,Palar Basin,Tamil Nadu,Vellore,IN-14-14,12.933,79.14625,EPSG:4326,19.5,112.86,133.18,132.24,136.82,120.28,118.24,9.8,14.0,0.002461,951.9,140.86,0.031,Silt,50.02,D013,"LINESTRING(79.14125 12.931,79.14625 12.933,79.15124999999999 12.935)",2026-08-15 06:00:00,Indian river/dam anchor + synthetic prototype cross-section,SYNTHETIC_PROTOTYPE
IN-R15,Ponnaiyar,Ponnaiyar Basin,Tamil Nadu,Tiruvannamalai,IN-15-01,12.167,78.83375,EPSG:4326,0.0,98.46,116.18,231.57,227.28,228.0,224.65,4.84,6.92,0.000599,551.35,112.3,0.041,Clay,282.59,D014,"LINESTRING(78.82875 12.165,78.83375 12.167,78.83874999999999 12.169)",2026-08-02 06:00:00,Indian river/dam anchor + synthetic prototype cross-section,SYNTHETIC_PROTOTYPE
IN-R15,Ponnaiyar,Ponnaiyar Basin,Tamil Nadu,Tiruvannamalai,IN-15-02,12.169,78.83625,EPSG:4326,1.5,94.05,110.97,138.04,145.41,125.82,121.97,11.25,16.07,0.002653,1207.41,126.18,0.044,Sand,45.6,D014,"LINESTRING(78.83125 12.167,78.83624999999999 12.169,78.84124999999999 12.171000000000001)",2026-08-03 06:00:00,Indian river/dam anchor + synthetic prototype cross-section,SYNTHETIC_PROTOTYPE
IN-R15,Ponnaiyar,Ponnaiyar Basin,Tamil Nadu,Tiruvannamalai,IN-15-03,12.171,78.83875,EPSG:4326,3.0,63.82,75.3,115.84,115.27,105.8,103.73,8.48,12.11,0.001599,480.02,88.04,0.025,Clay,321.52,D014,"LINESTRING(78.83375 12.168999999999999,78.83874999999999 12.171,78.84374999999999 12.173)",2026-08-04 06:00:00,Indian river/dam anchor + synthetic prototype cross-section,SYNTHETIC_PROTOTYPE
IN-R15,Ponnaiyar,Ponnaiyar Basin,Tamil Nadu,Tiruvannamalai,IN-15-04,12.173,78.84125,EPSG:4326,4.5,95.3,112.46,142.3,138.45,138.98,137.37,3.45,4.93,0.003374,344.43,105.17,0.037,Clay,30.21,D014,"LINESTRING(78.83624999999999 12.171,78.84124999999999 12.173,78.84624999999998 12.175)",2026-08-05 06:00:00,Indian river/dam anchor + synthetic prototype cross-section,SYNTHETIC_PROTOTYPE
IN-R15,Ponnaiyar,Ponnaiyar Basin,Tamil Nadu,Tiruvannamalai,IN-15-05,12.175,78.84375,EPSG:4326,6.0,150.38,177.45,197.07,192.94,186.79,185.79,7.9,11.29,0.001347,1313.74,172.96,0.026,Silt,213.11,D014,"LINESTRING(78.83875 12.172999999999998,78.84375 12.174999999999999,78.84875 12.177)",2026-08-06 06:00:00,Indian river/dam anchor + synthetic prototype cross-section,SYNTHETIC_PROTOTYPE
IN-R15,Ponnaiyar,Ponnaiyar Basin,Tamil Nadu,Tiruvannamalai,IN-15-06,12.177,78.84625,EPSG:4326,7.5,88.8,104.78,174.46,172.24,167.53,165.38,6.36,9.08,0.00258,674.64,106.97,0.034,Sand,64.46,D014,"LINESTRING(78.84125 12.174999999999999,78.84625 12.177,78.85125 12.179)",2026-08-07 06:00:00,Indian river/dam anchor + synthetic prototype cross-section,SYNTHETIC_PROTOTYPE
IN-R15,Ponnaiyar,Ponnaiyar Basin,Tamil Nadu,Tiruvannamalai,IN-15-07,12.179,78.84875,EPSG:4326,9.0,152.81,180.32,152.56,150.12,141.18,140.16,8.68,12.39,0.00339,1216.82,177.6,0.038,Silt,326.65,D014,"LINESTRING(78.84375 12.177,78.84875 12.179,78.85374999999999 12.181000000000001)",2026-08-08 06:00:00,Indian river/dam anchor + synthetic prototype cross-section,SYNTHETIC_PROTOTYPE
IN-R15,Ponnaiyar,Ponnaiyar Basin,Tamil Nadu,Tiruvannamalai,IN-15-08,12.181,78.85125,EPSG:4326,10.5,152.26,179.66,176.42,179.11,170.76,169.07,5.15,7.35,0.000894,905.75,166.96,0.04,Alluvium,350.14,D014,"LINESTRING(78.84625 12.178999999999998,78.85125 12.181,78.85624999999999 12.183)",2026-08-09 06:00:00,Indian river/dam anchor + synthetic prototype cross-section,SYNTHETIC_PROTOTYPE
IN-R15,Ponnaiyar,Ponnaiyar Basin,Tamil Nadu,Tiruvannamalai,IN-15-09,12.183,78.85375,EPSG:4326,12.0,63.54,74.98,113.91,113.86,109.49,106.93,4.88,6.97,0.00128,299.22,77.49,0.026,Clay,247.68,D014,"LINESTRING(78.84875 12.181,78.85374999999999 12.183,78.85874999999999 12.185)",2026-08-10 06:00:00,Indian river/dam anchor + synthetic prototype cross-section,SYNTHETIC_PROTOTYPE
IN-R15,Ponnaiyar,Ponnaiyar Basin,Tamil Nadu,Tiruvannamalai,IN-15-10,12.185,78.85625,EPSG:4326,13.5,84.93,100.22,78.8,75.44,64.65,60.99,12.47,17.81,0.003505,1346.61,120.55,0.039,Clay,63.4,D014,"LINESTRING(78.85125 12.183,78.85624999999999 12.185,78.86124999999998 12.187000000000001)",2026-08-11 06:00:00,Indian river/dam anchor + synthetic prototype cross-section,SYNTHETIC_PROTOTYPE
IN-R15,Ponnaiyar,Ponnaiyar Basin,Tamil Nadu,Tiruvannamalai,IN-15-11,12.187,78.85875,EPSG:4326,15.0,43.24,51.02,91.57,92.52,77.29,73.31,12.78,18.26,0.003761,547.1,79.75,0.028,Sand,22.07,D014,"LINESTRING(78.85375 12.184999999999999,78.85875 12.187,78.86375 12.189)",2026-08-12 06:00:00,Indian river/dam anchor + synthetic prototype cross-section,SYNTHETIC_PROTOTYPE
IN-R15,Ponnaiyar,Ponnaiyar Basin,Tamil Nadu,Tiruvannamalai,IN-15-12,12.189,78.86125,EPSG:4326,16.5,130.75,154.28,171.9,175.44,163.65,162.07,6.88,9.84,0.002598,1052.54,150.42,0.032,Sand,76.83,D014,"LINESTRING(78.85625 12.187,78.86125 12.189,78.86625 12.191)",2026-08-13 06:00:00,Indian river/dam anchor + synthetic prototype cross-section,SYNTHETIC_PROTOTYPE
IN-R15,Ponnaiyar,Ponnaiyar Basin,Tamil Nadu,Tiruvannamalai,IN-15-13,12.191,78.86375,EPSG:4326,18.0,80.51,95.0,153.97,158.06,148.65,144.77,6.44,9.2,0.003681,655.7,98.92,0.033,Silt,174.91,D014,"LINESTRING(78.85875 12.188999999999998,78.86375 12.190999999999999,78.86874999999999 12.193)",2026-08-14 06:00:00,Indian river/dam anchor + synthetic prototype cross-section,SYNTHETIC_PROTOTYPE
IN-R15,Ponnaiyar,Ponnaiyar Basin,Tamil Nadu,Tiruvannamalai,IN-15-14,12.193,78.86625,EPSG:4326,19.5,79.7,94.04,158.13,157.04,153.19,151.66,4.52,6.46,0.000684,375.06,92.62,0.031,Clay,257.46,D014,"LINESTRING(78.86125 12.190999999999999,78.86625 12.193,78.87124999999999 12.195)",2026-08-15 06:00:00,Indian river/dam anchor + synthetic prototype cross-section,SYNTHETIC_PROTOTYPE
IN-R16,Vaigai,Vaigai Basin,Tamil Nadu,Theni,IN-16-01,10.067,77.56375,EPSG:4326,0.0,128.97,152.18,130.02,130.86,123.94,120.84,6.43,9.18,0.002738,765.97,147.33,0.025,Sand,301.04,D010,"LINESTRING(77.55875 10.065,77.56375 10.067,77.56875 10.069)",2026-08-02 06:00:00,Indian river/dam anchor + synthetic prototype cross-section,SYNTHETIC_PROTOTYPE
IN-R16,Vaigai,Vaigai Basin,Tamil Nadu,Theni,IN-16-02,10.069,77.56625,EPSG:4326,1.5,78.55,92.69,174.75,179.38,167.99,165.54,6.45,9.21,0.000847,602.12,96.97,0.032,Alluvium,127.07,D010,"LINESTRING(77.56125 10.067,77.56625 10.069,77.57124999999999 10.071000000000002)",2026-08-03 06:00:00,Indian river/dam anchor + synthetic prototype cross-section,SYNTHETIC_PROTOTYPE
IN-R16,Vaigai,Vaigai Basin,Tamil Nadu,Theni,IN-16-03,10.071,77.56875,EPSG:4326,3.0,97.46,115.0,106.62,99.05,94.57,93.26,9.35,13.36,0.000272,923.75,124.18,0.036,Alluvium,246.9,D010,"LINESTRING(77.56375 10.068999999999999,77.56875 10.071,77.57374999999999 10.073)",2026-08-04 06:00:00,Indian river/dam anchor + synthetic prototype cross-section,SYNTHETIC_PROTOTYPE
IN-R16,Vaigai,Vaigai Basin,Tamil Nadu,Theni,IN-16-04,10.073,77.57125,EPSG:4326,4.5,133.03,156.98,211.25,203.01,206.86,204.29,4.87,6.96,0.001906,746.04,146.96,0.031,Silt,54.15,D010,"LINESTRING(77.56625 10.071,77.57124999999999 10.073,77.57624999999999 10.075000000000001)",2026-08-05 06:00:00,Indian river/dam anchor + synthetic prototype cross-section,SYNTHETIC_PROTOTYPE
IN-R16,Vaigai,Vaigai Basin,Tamil Nadu,Theni,IN-16-05,10.075,77.57375,EPSG:4326,6.0,109.24,128.9,154.14,153.33,139.22,136.19,12.56,17.95,0.00341,1274.18,145.14,0.038,Silt,96.27,D010,"LINESTRING(77.56875000000001 10.072999999999999,77.57375 10.075,77.57875 10.077)",2026-08-06 06:00:00,Indian river/dam anchor + synthetic prototype cross-section,SYNTHETIC_PROTOTYPE
IN-R16,Vaigai,Vaigai Basin,Tamil Nadu,Theni,IN-16-06,10.077,77.57625,EPSG:4326,7.5,143.29,169.09,174.3,168.99,167.14,166.02,5.79,8.27,0.000389,714.69,159.84,0.028,Clay,313.49,D010,"LINESTRING(77.57125 10.075,77.57625 10.077,77.58125 10.079)",2026-08-07 06:00:00,Indian river/dam anchor + synthetic prototype cross-section,SYNTHETIC_PROTOTYPE
IN-R16,Vaigai,Vaigai Basin,Tamil Nadu,Theni,IN-16-07,10.079,77.57875,EPSG:4326,9.0,175.28,206.83,119.63,120.31,105.32,103.45,11.33,16.18,0.000789,2043.24,207.64,0.028,Clay,199.42,D010,"LINESTRING(77.57375 10.077,77.57875 10.079,77.58375 10.081000000000001)",2026-08-08 06:00:00,Indian river/dam anchor + synthetic prototype cross-section,SYNTHETIC_PROTOTYPE
IN-R16,Vaigai,Vaigai Basin,Tamil Nadu,Theni,IN-16-08,10.081,77.58125,EPSG:4326,10.5,73.5,86.73,145.3,152.54,140.53,138.01,5.11,7.3,0.002464,473.72,88.09,0.041,Alluvium,182.54,D010,"LINESTRING(77.57625 10.078999999999999,77.58125 10.081,77.58624999999999 10.083)",2026-08-09 06:00:00,Indian river/dam anchor + synthetic prototype cross-section,SYNTHETIC_PROTOTYPE
IN-R16,Vaigai,Vaigai Basin,Tamil Nadu,Theni,IN-16-09,10.083,77.58375,EPSG:4326,12.0,163.82,193.31,117.39,112.03,112.31,109.8,5.31,7.59,0.001552,790.52,179.0,0.036,Sand,319.29,D010,"LINESTRING(77.57875 10.081,77.58375 10.083,77.58874999999999 10.085)",2026-08-10 06:00:00,Indian river/dam anchor + synthetic prototype cross-section,SYNTHETIC_PROTOTYPE
IN-R16,Vaigai,Vaigai Basin,Tamil Nadu,Theni,IN-16-10,10.085,77.58625,EPSG:4326,13.5,175.79,207.43,177.31,179.82,169.43,165.75,8.09,11.56,0.002684,1694.58,198.91,0.037,Alluvium,287.58,D010,"LINESTRING(77.58125 10.083,77.58624999999999 10.085,77.59124999999999 10.087000000000002)",2026-08-11 06:00:00,Indian river/dam anchor + synthetic prototype cross-section,SYNTHETIC_PROTOTYPE
IN-R16,Vaigai,Vaigai Basin,Tamil Nadu,Theni,IN-16-11,10.087,77.58875,EPSG:4326,15.0,151.83,179.17,148.24,145.15,144.65,142.87,3.76,5.37,0.004,572.21,162.58,0.031,Sand,299.86,D010,"LINESTRING(77.58375000000001 10.084999999999999,77.58875 10.087,77.59375 10.089)",2026-08-12 06:00:00,Indian river/dam anchor + synthetic prototype cross-section,SYNTHETIC_PROTOTYPE
IN-R16,Vaigai,Vaigai Basin,Tamil Nadu,Theni,IN-16-12,10.089,77.59125,EPSG:4326,16.5,68.82,81.21,99.52,97.81,87.83,87.05,8.73,12.47,0.00385,559.14,93.77,0.045,Sand,228.99,D010,"LINESTRING(77.58625 10.087,77.59125 10.089,77.59625 10.091000000000001)",2026-08-13 06:00:00,Indian river/dam anchor + synthetic prototype cross-section,SYNTHETIC_PROTOTYPE
IN-R16,Vaigai,Vaigai Basin,Tamil Nadu,Theni,IN-16-13,10.091,77.59375,EPSG:4326,18.0,133.09,157.04,228.05,227.36,218.44,217.56,7.35,10.49,0.000624,1054.71,154.07,0.031,Silt,263.6,D010,"LINESTRING(77.58875 10.088999999999999,77.59375 10.091,77.59875 10.093)",2026-08-14 06:00:00,Indian river/dam anchor + synthetic prototype cross-section,SYNTHETIC_PROTOTYPE
IN-R16,Vaigai,Vaigai Basin,Tamil Nadu,Theni,IN-16-14,10.093,77.59625,EPSG:4326,19.5,121.36,143.2,190.8,189.51,186.48,182.51,5.8,8.29,0.001474,860.23,137.93,0.036,Sand,26.43,D010,"LINESTRING(77.59125 10.091,77.59625 10.093,77.60125 10.095)",2026-08-15 06:00:00,Indian river/dam anchor + synthetic prototype cross-section,SYNTHETIC_PROTOTYPE
IN-R17,Tamiraparani,Tamiraparani Basin,Tamil Nadu,Tirunelveli,IN-17-01,8.697,77.33375,EPSG:4326,0.0,126.09,148.78,120.85,121.57,116.77,112.81,5.63,8.04,0.001616,883.25,142.17,0.041,Alluvium,87.39,D011,"LINESTRING(77.32875 8.695,77.33375 8.697000000000001,77.33874999999999 8.699000000000002)",2026-08-02 06:00:00,Indian river/dam anchor + synthetic prototype cross-section,SYNTHETIC_PROTOTYPE
IN-R17,Tamiraparani,Tamiraparani Basin,Tamil Nadu,Tirunelveli,IN-17-02,8.699,77.33625,EPSG:4326,1.5,98.51,116.24,154.03,153.66,140.93,140.28,9.63,13.75,0.0011,846.81,126.01,0.028,Silt,33.16,D011,"LINESTRING(77.33125 8.697000000000001,77.33624999999999 8.699000000000002,77.34124999999999 8.701000000000002)",2026-08-03 06:00:00,Indian river/dam anchor + synthetic prototype cross-section,SYNTHETIC_PROTOTYPE
IN-R17,Tamiraparani,Tamiraparani Basin,Tamil Nadu,Tirunelveli,IN-17-03,8.701,77.33875,EPSG:4326,3.0,111.1,131.1,211.94,209.51,200.08,196.39,10.88,15.55,0.001456,1274.47,142.2,0.038,Clay,85.04,D011,"LINESTRING(77.33375 8.699,77.33874999999999 8.701,77.34374999999999 8.703000000000001)",2026-08-04 06:00:00,Indian river/dam anchor + synthetic prototype cross-section,SYNTHETIC_PROTOTYPE
IN-R17,Tamiraparani,Tamiraparani Basin,Tamil Nadu,Tirunelveli,IN-17-04,8.703,77.34125,EPSG:4326,4.5,119.3,140.78,173.43,171.09,162.83,159.07,10.05,14.36,0.003018,1175.97,148.03,0.038,Sand,341.15,D011,"LINESTRING(77.33624999999999 8.701,77.34124999999999 8.703000000000001,77.34624999999998 8.705000000000002)",2026-08-05 06:00:00,Indian river/dam anchor + synthetic prototype cross-section,SYNTHETIC_PROTOTYPE
IN-R17,Tamiraparani,Tamiraparani Basin,Tamil Nadu,Tirunelveli,IN-17-05,8.705,77.34375,EPSG:4326,6.0,169.7,200.25,179.18,179.76,166.12,165.54,9.55,13.64,0.003379,1900.09,196.98,0.043,Clay,220.4,D011,"LINESTRING(77.33875 8.703,77.34375 8.705,77.34875 8.707)",2026-08-06 06:00:00,Indian river/dam anchor + synthetic prototype cross-section,SYNTHETIC_PROTOTYPE
IN-R17,Tamiraparani,Tamiraparani Basin,Tamil Nadu,Tirunelveli,IN-17-06,8.707,77.34625,EPSG:4326,7.5,99.89,117.87,105.56,103.58,97.63,95.12,7.31,10.44,0.001266,740.19,120.78,0.041,Alluvium,297.71,D011,"LINESTRING(77.34125 8.705,77.34625 8.707,77.35125 8.709000000000001)",2026-08-07 06:00:00,Indian river/dam anchor + synthetic prototype cross-section,SYNTHETIC_PROTOTYPE
IN-R17,Tamiraparani,Tamiraparani Basin,Tamil Nadu,Tirunelveli,IN-17-07,8.709,77.34875,EPSG:4326,9.0,122.94,145.07,150.58,149.16,146.16,145.22,3.75,5.36,0.00316,551.39,133.67,0.034,Sand,9.04,D011,"LINESTRING(77.34375 8.707,77.34875 8.709000000000001,77.35374999999999 8.711000000000002)",2026-08-08 06:00:00,Indian river/dam anchor + synthetic prototype cross-section,SYNTHETIC_PROTOTYPE
IN-R17,Tamiraparani,Tamiraparani Basin,Tamil Nadu,Tirunelveli,IN-17-08,8.711,77.35125,EPSG:4326,10.5,158.71,187.28,132.69,129.86,128.25,124.51,5.72,8.18,0.001792,1138.87,175.07,0.032,Alluvium,83.0,D011,"LINESTRING(77.34625 8.709,77.35125 8.711,77.35624999999999 8.713000000000001)",2026-08-09 06:00:00,Indian river/dam anchor + synthetic prototype cross-section,SYNTHETIC_PROTOTYPE
IN-R17,Tamiraparani,Tamiraparani Basin,Tamil Nadu,Tirunelveli,IN-17-09,8.713,77.35375,EPSG:4326,12.0,143.36,169.17,73.69,65.08,59.54,58.83,10.4,14.86,0.000405,1398.78,173.08,0.026,Gravel,331.29,D011,"LINESTRING(77.34875 8.711,77.35374999999999 8.713000000000001,77.35874999999999 8.715000000000002)",2026-08-10 06:00:00,Indian river/dam anchor + synthetic prototype cross-section,SYNTHETIC_PROTOTYPE
IN-R17,Tamiraparani,Tamiraparani Basin,Tamil Nadu,Tirunelveli,IN-17-10,8.715,77.35625,EPSG:4326,13.5,69.4,81.89,120.65,114.22,105.95,102.23,12.9,18.42,0.002388,891.24,106.24,0.038,Alluvium,63.53,D011,"LINESTRING(77.35125 8.713000000000001,77.35624999999999 8.715000000000002,77.36124999999998 8.717000000000002)",2026-08-11 06:00:00,Indian river/dam anchor + synthetic prototype cross-section,SYNTHETIC_PROTOTYPE
IN-R17,Tamiraparani,Tamiraparani Basin,Tamil Nadu,Tirunelveli,IN-17-11,8.717,77.35875,EPSG:4326,15.0,115.46,136.25,205.43,201.62,193.56,191.48,9.76,13.95,0.00174,1028.73,143.36,0.027,Silt,90.55,D011,"LINESTRING(77.35375 8.715,77.35875 8.717,77.36375 8.719000000000001)",2026-08-12 06:00:00,Indian river/dam anchor + synthetic prototype cross-section,SYNTHETIC_PROTOTYPE
IN-R17,Tamiraparani,Tamiraparani Basin,Tamil Nadu,Tirunelveli,IN-17-12,8.719,77.36125,EPSG:4326,16.5,127.66,150.64,142.16,153.44,130.21,126.66,10.85,15.5,0.001715,1340.33,158.66,0.043,Silt,122.03,D011,"LINESTRING(77.35625 8.717,77.36125 8.719000000000001,77.36625 8.721000000000002)",2026-08-13 06:00:00,Indian river/dam anchor + synthetic prototype cross-section,SYNTHETIC_PROTOTYPE
IN-R17,Tamiraparani,Tamiraparani Basin,Tamil Nadu,Tirunelveli,IN-17-13,8.721,77.36375,EPSG:4326,18.0,30.0,35.4,112.39,118.56,108.64,107.76,3.24,4.63,0.002306,124.38,39.25,0.032,Silt,327.54,D011,"LINESTRING(77.35875 8.719,77.36375 8.721,77.36874999999999 8.723)",2026-08-14 06:00:00,Indian river/dam anchor + synthetic prototype cross-section,SYNTHETIC_PROTOTYPE
IN-R17,Tamiraparani,Tamiraparani Basin,Tamil Nadu,Tirunelveli,IN-17-14,8.723,77.36625,EPSG:4326,19.5,111.96,132.11,133.67,131.65,120.68,118.7,10.48,14.97,0.003308,1352.68,141.89,0.039,Gravel,101.12,D011,"LINESTRING(77.36125 8.721,77.36625 8.723,77.37124999999999 8.725000000000001)",2026-08-15 06:00:00,Indian river/dam anchor + synthetic prototype cross-section,SYNTHETIC_PROTOTYPE
IN-R18,Periyar,Periyar Basin,Kerala,Idukki,IN-18-01,9.847,76.95375,EPSG:4326,0.0,150.29,177.34,90.5,87.81,83.79,81.05,6.62,9.46,0.001408,956.61,169.2,0.032,Silt,268.27,D025,"LINESTRING(76.94875 9.844999999999999,76.95375 9.847,76.95875 9.849)",2026-08-02 06:00:00,Indian river/dam anchor + synthetic prototype cross-section,SYNTHETIC_PROTOTYPE
IN-R18,Periyar,Periyar Basin,Kerala,Idukki,IN-18-02,9.849,76.95625,EPSG:4326,1.5,63.02,74.37,149.26,145.31,135.3,132.71,11.59,16.55,0.001615,922.05,96.13,0.029,Gravel,231.97,D025,"LINESTRING(76.95125 9.847,76.95625 9.849,76.96124999999999 9.851)",2026-08-03 06:00:00,Indian river/dam anchor + synthetic prototype cross-section,SYNTHETIC_PROTOTYPE
IN-R18,Periyar,Periyar Basin,Kerala,Idukki,IN-18-03,9.851,76.95875,EPSG:4326,3.0,65.64,77.46,128.93,130.8,116.86,114.46,10.13,14.47,0.001998,731.02,94.58,0.044,Clay,180.33,D025,"LINESTRING(76.95375 9.848999999999998,76.95875 9.850999999999999,76.96374999999999 9.853)",2026-08-04 06:00:00,Indian river/dam anchor + synthetic prototype cross-section,SYNTHETIC_PROTOTYPE
IN-R18,Periyar,Periyar Basin,Kerala,Idukki,IN-18-04,9.853,76.96125,EPSG:4326,4.5,115.36,136.12,144.88,145.63,133.48,132.71,8.52,12.17,0.000323,897.21,139.7,0.034,Gravel,204.36,D025,"LINESTRING(76.95625 9.850999999999999,76.96124999999999 9.853,76.96624999999999 9.855)",2026-08-05 06:00:00,Indian river/dam anchor + synthetic prototype cross-section,SYNTHETIC_PROTOTYPE
IN-R18,Periyar,Periyar Basin,Kerala,Idukki,IN-18-05,9.855,76.96375,EPSG:4326,6.0,79.58,93.9,129.24,128.25,124.37,121.11,5.69,8.13,0.003412,515.14,95.84,0.043,Alluvium,218.93,D025,"LINESTRING(76.95875000000001 9.852999999999998,76.96375 9.854999999999999,76.96875 9.857)",2026-08-06 06:00:00,Indian river/dam anchor + synthetic prototype cross-section,SYNTHETIC_PROTOTYPE
IN-R18,Periyar,Periyar Basin,Kerala,Idukki,IN-18-06,9.857,76.96625,EPSG:4326,7.5,132.23,156.03,142.81,151.2,136.44,135.72,4.96,7.09,0.000277,737.14,146.41,0.038,Gravel,346.71,D025,"LINESTRING(76.96125 9.854999999999999,76.96625 9.857,76.97125 9.859)",2026-08-07 06:00:00,Indian river/dam anchor + synthetic prototype cross-section,SYNTHETIC_PROTOTYPE
IN-R18,Periyar,Periyar Basin,Kerala,Idukki,IN-18-07,9.859,76.96875,EPSG:4326,9.0,123.27,145.45,145.64,145.9,138.37,137.48,5.71,8.15,0.000197,679.68,139.58,0.035,Alluvium,263.4,D025,"LINESTRING(76.96375 9.857,76.96875 9.859,76.97375 9.861)",2026-08-08 06:00:00,Indian river/dam anchor + synthetic prototype cross-section,SYNTHETIC_PROTOTYPE
IN-R18,Periyar,Periyar Basin,Kerala,Idukki,IN-18-08,9.861,76.97125,EPSG:4326,10.5,156.85,185.08,157.64,155.1,145.52,142.98,10.26,14.66,0.003084,1392.07,186.17,0.037,Clay,335.98,D025,"LINESTRING(76.96625 9.858999999999998,76.97125 9.860999999999999,76.97625 9.863)",2026-08-09 06:00:00,Indian river/dam anchor + synthetic prototype cross-section,SYNTHETIC_PROTOTYPE
IN-R18,Periyar,Periyar Basin,Kerala,Idukki,IN-18-09,9.863,76.97375,EPSG:4326,12.0,140.53,165.82,136.55,134.89,132.77,130.06,4.54,6.49,0.002177,635.57,153.5,0.033,Alluvium,308.49,D025,"LINESTRING(76.96875 9.860999999999999,76.97375 9.863,76.97874999999999 9.865)",2026-08-10 06:00:00,Indian river/dam anchor + synthetic prototype cross-section,SYNTHETIC_PROTOTYPE
IN-R18,Periyar,Periyar Basin,Kerala,Idukki,IN-18-10,9.865,76.97625,EPSG:4326,13.5,154.48,182.28,127.86,122.94,115.67,113.58,10.0,14.28,0.003677,1787.62,183.05,0.042,Alluvium,215.14,D025,"LINESTRING(76.97125 9.863,76.97625 9.865,76.98124999999999 9.867)",2026-08-11 06:00:00,Indian river/dam anchor + synthetic prototype cross-section,SYNTHETIC_PROTOTYPE
IN-R18,Periyar,Periyar Basin,Kerala,Idukki,IN-18-11,9.867,76.97875,EPSG:4326,15.0,131.35,154.99,124.47,118.86,118.49,116.51,5.58,7.97,0.001366,819.04,147.28,0.042,Alluvium,341.9,D025,"LINESTRING(76.97375000000001 9.864999999999998,76.97875 9.866999999999999,76.98375 9.869)",2026-08-12 06:00:00,Indian river/dam anchor + synthetic prototype cross-section,SYNTHETIC_PROTOTYPE
IN-R18,Periyar,Periyar Basin,Kerala,Idukki,IN-18-12,9.869,76.98125,EPSG:4326,16.5,87.37,103.09,182.84,183.54,177.79,175.48,5.15,7.36,0.001942,559.84,102.09,0.036,Silt,342.28,D025,"LINESTRING(76.97625000000001 9.866999999999999,76.98125 9.869,76.98625 9.871)",2026-08-13 06:00:00,Indian river/dam anchor + synthetic prototype cross-section,SYNTHETIC_PROTOTYPE
IN-R18,Periyar,Periyar Basin,Kerala,Idukki,IN-18-13,9.871,76.98375,EPSG:4326,18.0,170.13,200.76,180.44,179.55,169.44,167.62,8.98,12.83,0.003882,1876.44,195.79,0.033,Gravel,264.99,D025,"LINESTRING(76.97875 9.868999999999998,76.98375 9.870999999999999,76.98875 9.873)",2026-08-14 06:00:00,Indian river/dam anchor + synthetic prototype cross-section,SYNTHETIC_PROTOTYPE
IN-R18,Periyar,Periyar Basin,Kerala,Idukki,IN-18-14,9.873,76.98625,EPSG:4326,19.5,104.14,122.89,200.03,199.34,188.92,186.87,9.21,13.15,0.002559,991.06,130.44,0.031,Silt,222.95,D025,"LINESTRING(76.98125 9.870999999999999,76.98625 9.873,76.99125 9.875)",2026-08-15 06:00:00,Indian river/dam anchor + synthetic prototype cross-section,SYNTHETIC_PROTOTYPE
IN-R19,Pamba,Pamba Basin,Kerala,Pathanamthitta,IN-19-01,9.357,76.90375,EPSG:4326,0.0,68.35,80.65,138.1,140.84,133.43,130.48,5.33,7.62,0.00299,423.94,83.58,0.026,Sand,93.6,D026,"LINESTRING(76.89875 9.354999999999999,76.90375 9.357,76.90875 9.359)",2026-08-02 06:00:00,Indian river/dam anchor + synthetic prototype cross-section,SYNTHETIC_PROTOTYPE
IN-R19,Pamba,Pamba Basin,Kerala,Pathanamthitta,IN-19-02,9.359,76.90625,EPSG:4326,1.5,89.78,105.94,179.88,185.38,168.26,165.53,10.04,14.35,0.001606,1129.47,118.47,0.027,Gravel,105.0,D026,"LINESTRING(76.90125 9.357,76.90625 9.359,76.91125 9.361)",2026-08-03 06:00:00,Indian river/dam anchor + synthetic prototype cross-section,SYNTHETIC_PROTOTYPE
IN-R19,Pamba,Pamba Basin,Kerala,Pathanamthitta,IN-19-03,9.361,76.90875,EPSG:4326,3.0,78.13,92.19,98.0,99.13,89.24,87.82,7.13,10.18,0.00271,586.09,98.49,0.028,Gravel,85.28,D026,"LINESTRING(76.90375 9.358999999999998,76.90875 9.360999999999999,76.91375 9.363)",2026-08-04 06:00:00,Indian river/dam anchor + synthetic prototype cross-section,SYNTHETIC_PROTOTYPE
IN-R19,Pamba,Pamba Basin,Kerala,Pathanamthitta,IN-19-04,9.363,76.91125,EPSG:4326,4.5,116.65,137.64,133.14,129.77,123.95,122.25,7.62,10.89,0.000186,1087.62,138.42,0.03,Silt,112.62,D026,"LINESTRING(76.90625 9.360999999999999,76.91125 9.363,76.91624999999999 9.365)",2026-08-05 06:00:00,Indian river/dam anchor + synthetic prototype cross-section,SYNTHETIC_PROTOTYPE
IN-R19,Pamba,Pamba Basin,Kerala,Pathanamthitta,IN-19-05,9.365,76.91375,EPSG:4326,6.0,84.71,99.96,188.79,186.81,178.46,175.37,9.39,13.42,0.001171,776.21,111.55,0.034,Sand,97.07,D026,"LINESTRING(76.90875000000001 9.362999999999998,76.91375000000001 9.364999999999998,76.91875 9.366999999999999)",2026-08-06 06:00:00,Indian river/dam anchor + synthetic prototype cross-section,SYNTHETIC_PROTOTYPE
IN-R19,Pamba,Pamba Basin,Kerala,Pathanamthitta,IN-19-06,9.367,76.91625,EPSG:4326,7.5,115.18,135.91,146.26,150.32,138.85,135.4,7.61,10.87,0.002979,1106.6,136.91,0.032,Sand,216.79,D026,"LINESTRING(76.91125000000001 9.364999999999998,76.91625 9.366999999999999,76.92125 9.369)",2026-08-07 06:00:00,Indian river/dam anchor + synthetic prototype cross-section,SYNTHETIC_PROTOTYPE
IN-R19,Pamba,Pamba Basin,Kerala,Pathanamthitta,IN-19-07,9.369,76.91875,EPSG:4326,9.0,126.61,149.4,98.05,100.75,93.56,91.35,4.69,6.7,0.00118,613.68,140.01,0.03,Silt,32.0,D026,"LINESTRING(76.91375000000001 9.366999999999999,76.91875 9.369,76.92375 9.371)",2026-08-08 06:00:00,Indian river/dam anchor + synthetic prototype cross-section,SYNTHETIC_PROTOTYPE
IN-R19,Pamba,Pamba Basin,Kerala,Pathanamthitta,IN-19-08,9.371,76.92125,EPSG:4326,10.5,122.5,144.55,166.73,169.92,161.64,159.78,4.86,6.95,0.00167,763.59,136.4,0.042,Alluvium,94.94,D026,"LINESTRING(76.91625 9.368999999999998,76.92125 9.370999999999999,76.92625 9.373)",2026-08-09 06:00:00,Indian river/dam anchor + synthetic prototype cross-section,SYNTHETIC_PROTOTYPE
IN-R19,Pamba,Pamba Basin,Kerala,Pathanamthitta,IN-19-09,9.373,76.92375,EPSG:4326,12.0,57.34,67.66,166.33,168.51,159.48,158.25,5.65,8.07,0.001024,305.25,73.49,0.036,Clay,251.35,D026,"LINESTRING(76.91875 9.370999999999999,76.92375 9.373,76.92875 9.375)",2026-08-10 06:00:00,Indian river/dam anchor + synthetic prototype cross-section,SYNTHETIC_PROTOTYPE
IN-R19,Pamba,Pamba Basin,Kerala,Pathanamthitta,IN-19-10,9.375,76.92625,EPSG:4326,13.5,94.57,111.6,142.47,148.83,138.14,134.33,5.7,8.14,0.002335,637.36,110.85,0.027,Silt,169.43,D026,"LINESTRING(76.92125 9.373,76.92625 9.375,76.93124999999999 9.377)",2026-08-11 06:00:00,Indian river/dam anchor + synthetic prototype cross-section,SYNTHETIC_PROTOTYPE
IN-R19,Pamba,Pamba Basin,Kerala,Pathanamthitta,IN-19-11,9.377,76.92875,EPSG:4326,15.0,127.94,150.97,104.52,107.66,93.63,92.72,8.25,11.79,0.000739,1099.03,151.52,0.037,Gravel,157.09,D026,"LINESTRING(76.92375000000001 9.374999999999998,76.92875000000001 9.376999999999999,76.93375 9.379)",2026-08-12 06:00:00,Indian river/dam anchor + synthetic prototype cross-section,SYNTHETIC_PROTOTYPE
IN-R19,Pamba,Pamba Basin,Kerala,Pathanamthitta,IN-19-12,9.379,76.93125,EPSG:4326,16.5,144.49,170.5,222.93,222.93,218.43,217.3,3.94,5.63,0.002617,528.19,155.76,0.034,Gravel,208.1,D026,"LINESTRING(76.92625000000001 9.376999999999999,76.93125 9.379,76.93625 9.381)",2026-08-13 06:00:00,Indian river/dam anchor + synthetic prototype cross-section,SYNTHETIC_PROTOTYPE
IN-R19,Pamba,Pamba Basin,Kerala,Pathanamthitta,IN-19-13,9.381,76.93375,EPSG:4326,18.0,55.68,65.7,82.72,86.48,73.48,69.92,8.96,12.8,0.002839,596.98,81.29,0.035,Gravel,245.85,D026,"LINESTRING(76.92875000000001 9.378999999999998,76.93375 9.380999999999998,76.93875 9.383)",2026-08-14 06:00:00,Indian river/dam anchor + synthetic prototype cross-section,SYNTHETIC_PROTOTYPE
IN-R19,Pamba,Pamba Basin,Kerala,Pathanamthitta,IN-19-14,9.383,76.93625,EPSG:4326,19.5,30.0,35.4,130.8,129.64,119.91,119.17,8.14,11.63,0.002206,262.38,53.26,0.03,Gravel,105.18,D026,"LINESTRING(76.93125 9.380999999999998,76.93625 9.383,76.94125 9.385)",2026-08-15 06:00:00,Indian river/dam anchor + synthetic prototype cross-section,SYNTHETIC_PROTOTYPE
IN-R20,Bharathapuzha,Bharathapuzha Basin,Kerala,Palakkad,IN-20-01,10.757,76.63375,EPSG:4326,0.0,175.16,206.69,168.28,167.56,154.1,151.11,12.02,17.17,0.003112,2306.56,209.5,0.03,Alluvium,214.62,D027,"LINESTRING(76.62875000000001 10.754999999999999,76.63375 10.757,76.63875 10.759)",2026-08-02 06:00:00,Indian river/dam anchor + synthetic prototype cross-section,SYNTHETIC_PROTOTYPE
IN-R20,Bharathapuzha,Bharathapuzha Basin,Kerala,Palakkad,IN-20-02,10.759,76.63625,EPSG:4326,1.5,90.27,106.52,158.2,150.69,154.15,151.14,4.94,7.06,0.003635,557.45,104.39,0.037,Clay,76.35,D027,"LINESTRING(76.63125000000001 10.757,76.63625 10.759,76.64125 10.761000000000001)",2026-08-03 06:00:00,Indian river/dam anchor + synthetic prototype cross-section,SYNTHETIC_PROTOTYPE
IN-R20,Bharathapuzha,Bharathapuzha Basin,Kerala,Palakkad,IN-20-03,10.761,76.63875,EPSG:4326,3.0,114.07,134.61,163.51,168.96,157.05,154.22,6.51,9.29,0.002447,675.27,132.66,0.04,Gravel,201.8,D027,"LINESTRING(76.63375 10.758999999999999,76.63875 10.761,76.64375 10.763)",2026-08-04 06:00:00,Indian river/dam anchor + synthetic prototype cross-section,SYNTHETIC_PROTOTYPE
IN-R20,Bharathapuzha,Bharathapuzha Basin,Kerala,Palakkad,IN-20-04,10.763,76.64125,EPSG:4326,4.5,82.65,97.52,126.53,130.63,121.65,117.81,6.11,8.72,0.000862,520.57,100.09,0.026,Alluvium,84.43,D027,"LINESTRING(76.63625 10.761,76.64125 10.763,76.64625 10.765)",2026-08-05 06:00:00,Indian river/dam anchor + synthetic prototype cross-section,SYNTHETIC_PROTOTYPE
IN-R20,Bharathapuzha,Bharathapuzha Basin,Kerala,Palakkad,IN-20-05,10.765,76.64375,EPSG:4326,6.0,103.72,122.39,183.86,186.83,169.86,168.01,11.09,15.85,0.000706,1247.43,135.41,0.03,Silt,245.83,D027,"LINESTRING(76.63875000000002 10.762999999999998,76.64375000000001 10.764999999999999,76.64875 10.767)",2026-08-06 06:00:00,Indian river/dam anchor + synthetic prototype cross-section,SYNTHETIC_PROTOTYPE
IN-R20,Bharathapuzha,Bharathapuzha Basin,Kerala,Palakkad,IN-20-06,10.767,76.64625,EPSG:4326,7.5,51.5,60.77,194.27,185.44,184.46,182.44,8.28,11.83,0.001794,467.86,75.17,0.034,Sand,109.66,D027,"LINESTRING(76.64125000000001 10.764999999999999,76.64625000000001 10.767,76.65125 10.769)",2026-08-07 06:00:00,Indian river/dam anchor + synthetic prototype cross-section,SYNTHETIC_PROTOTYPE
IN-R20,Bharathapuzha,Bharathapuzha Basin,Kerala,Palakkad,IN-20-07,10.769,76.64875,EPSG:4326,9.0,75.73,89.37,122.05,119.62,118.44,117.56,3.14,4.49,0.002087,244.86,84.72,0.031,Silt,129.66,D027,"LINESTRING(76.64375000000001 10.767,76.64875 10.769,76.65375 10.771)",2026-08-08 06:00:00,Indian river/dam anchor + synthetic prototype cross-section,SYNTHETIC_PROTOTYPE
IN-R20,Bharathapuzha,Bharathapuzha Basin,Kerala,Palakkad,IN-20-08,10.771,76.65125,EPSG:4326,10.5,162.8,192.11,165.7,170.51,156.59,155.05,7.46,10.65,0.001456,1254.79,184.11,0.029,Clay,128.51,D027,"LINESTRING(76.64625000000001 10.768999999999998,76.65125 10.770999999999999,76.65625 10.773)",2026-08-09 06:00:00,Indian river/dam anchor + synthetic prototype cross-section,SYNTHETIC_PROTOTYPE
IN-R20,Bharathapuzha,Bharathapuzha Basin,Kerala,Palakkad,IN-20-09,10.773,76.65375,EPSG:4326,12.0,99.16,117.01,195.35,201.23,186.51,185.03,7.22,10.32,0.0036,737.01,119.8,0.029,Sand,340.01,D027,"LINESTRING(76.64875 10.770999999999999,76.65375 10.773,76.65875 10.775)",2026-08-10 06:00:00,Indian river/dam anchor + synthetic prototype cross-section,SYNTHETIC_PROTOTYPE
IN-R20,Bharathapuzha,Bharathapuzha Basin,Kerala,Palakkad,IN-20-10,10.775,76.65625,EPSG:4326,13.5,92.84,109.55,126.93,128.83,123.74,121.28,3.95,5.64,0.000686,369.59,104.13,0.033,Silt,174.95,D027,"LINESTRING(76.65125 10.773,76.65625 10.775,76.66125 10.777000000000001)",2026-08-11 06:00:00,Indian river/dam anchor + synthetic prototype cross-section,SYNTHETIC_PROTOTYPE
IN-R20,Bharathapuzha,Bharathapuzha Basin,Kerala,Palakkad,IN-20-11,10.777,76.65875,EPSG:4326,15.0,155.08,182.99,118.14,112.39,107.94,105.72,8.69,12.42,0.002508,1393.65,179.92,0.034,Silt,333.5,D027,"LINESTRING(76.65375000000002 10.774999999999999,76.65875000000001 10.777,76.66375000000001 10.779)",2026-08-12 06:00:00,Indian river/dam anchor + synthetic prototype cross-section,SYNTHETIC_PROTOTYPE
IN-R20,Bharathapuzha,Bharathapuzha Basin,Kerala,Palakkad,IN-20-12,10.779,76.66125,EPSG:4326,16.5,131.73,155.44,155.1,156.85,148.1,147.17,5.55,7.92,0.00126,817.97,147.58,0.029,Clay,341.84,D027,"LINESTRING(76.65625000000001 10.777,76.66125000000001 10.779,76.66625 10.781)",2026-08-13 06:00:00,Indian river/dam anchor + synthetic prototype cross-section,SYNTHETIC_PROTOTYPE
IN-R20,Bharathapuzha,Bharathapuzha Basin,Kerala,Palakkad,IN-20-13,10.781,76.66375,EPSG:4326,18.0,129.49,152.79,152.68,153.54,142.0,139.7,9.08,12.98,0.001343,1295.68,155.44,0.044,Gravel,27.45,D027,"LINESTRING(76.65875000000001 10.778999999999998,76.66375000000001 10.780999999999999,76.66875 10.783)",2026-08-14 06:00:00,Indian river/dam anchor + synthetic prototype cross-section,SYNTHETIC_PROTOTYPE
IN-R20,Bharathapuzha,Bharathapuzha Basin,Kerala,Palakkad,IN-20-14,10.783,76.66625,EPSG:4326,19.5,56.09,66.18,191.34,185.23,186.48,185.92,3.79,5.42,0.002183,263.89,66.93,0.04,Sand,357.25,D027,"LINESTRING(76.66125000000001 10.780999999999999,76.66625 10.783,76.67125 10.785)",2026-08-15 06:00:00,Indian river/dam anchor + synthetic prototype cross-section,SYNTHETIC_PROTOTYPE
IN-R21,Subarnarekha,Subarnarekha Basin,Jharkhand,Jamshedpur,IN-21-01,22.787,86.18375,EPSG:4326,0.0,98.47,116.19,144.97,146.91,141.0,139.4,3.9,5.57,0.003406,334.86,109.61,0.04,Gravel,205.3,D028,"LINESTRING(86.17875000000001 22.785,86.18375 22.787,86.18875 22.788999999999998)",2026-08-02 06:00:00,Indian river/dam anchor + synthetic prototype cross-section,SYNTHETIC_PROTOTYPE
IN-R21,Subarnarekha,Subarnarekha Basin,Jharkhand,Jamshedpur,IN-21-02,22.789,86.18625,EPSG:4326,1.5,161.07,190.07,128.92,123.55,114.08,112.92,11.2,16.0,0.00211,1580.6,193.08,0.027,Clay,136.1,D028,"LINESTRING(86.18125 22.787000000000003,86.18625 22.789,86.19125 22.791)",2026-08-03 06:00:00,Indian river/dam anchor + synthetic prototype cross-section,SYNTHETIC_PROTOTYPE
IN-R21,Subarnarekha,Subarnarekha Basin,Jharkhand,Jamshedpur,IN-21-03,22.791,86.18875,EPSG:4326,3.0,148.81,175.6,126.06,128.33,118.92,115.07,7.7,11.0,0.003269,1092.5,170.81,0.043,Alluvium,0.21,D028,"LINESTRING(86.18375 22.789,86.18875 22.791,86.19375 22.793)",2026-08-04 06:00:00,Indian river/dam anchor + synthetic prototype cross-section,SYNTHETIC_PROTOTYPE
IN-R21,Subarnarekha,Subarnarekha Basin,Jharkhand,Jamshedpur,IN-21-04,22.793,86.19125,EPSG:4326,4.5,109.13,128.78,154.81,160.55,151.03,148.94,4.11,5.87,0.002614,535.69,120.86,0.032,Gravel,72.38,D028,"LINESTRING(86.18625 22.791,86.19125 22.793,86.19624999999999 22.794999999999998)",2026-08-05 06:00:00,Indian river/dam anchor + synthetic prototype cross-section,SYNTHETIC_PROTOTYPE
IN-R21,Subarnarekha,Subarnarekha Basin,Jharkhand,Jamshedpur,IN-21-05,22.795,86.19375,EPSG:4326,6.0,129.23,152.5,143.32,145.79,130.48,129.78,9.48,13.54,0.000638,1493.45,156.32,0.028,Gravel,117.52,D028,"LINESTRING(86.18875000000001 22.793000000000003,86.19375000000001 22.795,86.19875 22.797)",2026-08-06 06:00:00,Indian river/dam anchor + synthetic prototype cross-section,SYNTHETIC_PROTOTYPE
IN-R21,Subarnarekha,Subarnarekha Basin,Jharkhand,Jamshedpur,IN-21-06,22.797,86.19625,EPSG:4326,7.5,124.76,147.22,198.81,198.6,188.16,186.43,8.67,12.39,0.000957,1133.17,149.54,0.039,Alluvium,189.75,D028,"LINESTRING(86.19125000000001 22.795,86.19625 22.797,86.20125 22.799)",2026-08-07 06:00:00,Indian river/dam anchor + synthetic prototype cross-section,SYNTHETIC_PROTOTYPE
IN-R21,Subarnarekha,Subarnarekha Basin,Jharkhand,Jamshedpur,IN-21-07,22.799,86.19875,EPSG:4326,9.0,107.85,127.26,161.38,158.33,157.37,155.65,4.01,5.72,0.001748,421.24,119.3,0.027,Clay,161.09,D028,"LINESTRING(86.19375000000001 22.797,86.19875 22.799,86.20375 22.801)",2026-08-08 06:00:00,Indian river/dam anchor + synthetic prototype cross-section,SYNTHETIC_PROTOTYPE
IN-R21,Subarnarekha,Subarnarekha Basin,Jharkhand,Jamshedpur,IN-21-08,22.801,86.20125,EPSG:4326,10.5,76.06,89.76,111.65,110.76,108.38,106.14,3.86,5.51,0.001058,368.42,87.08,0.026,Sand,118.42,D028,"LINESTRING(86.19625 22.799000000000003,86.20125 22.801000000000002,86.20625 22.803)",2026-08-09 06:00:00,Indian river/dam anchor + synthetic prototype cross-section,SYNTHETIC_PROTOTYPE
IN-R21,Subarnarekha,Subarnarekha Basin,Jharkhand,Jamshedpur,IN-21-09,22.803,86.20375,EPSG:4326,12.0,138.78,163.76,133.07,127.68,129.07,126.39,4.68,6.68,0.002841,667.68,152.15,0.043,Alluvium,163.45,D028,"LINESTRING(86.19875 22.801000000000002,86.20375 22.803,86.20875 22.805)",2026-08-10 06:00:00,Indian river/dam anchor + synthetic prototype cross-section,SYNTHETIC_PROTOTYPE
IN-R21,Subarnarekha,Subarnarekha Basin,Jharkhand,Jamshedpur,IN-21-10,22.805,86.20625,EPSG:4326,13.5,100.69,118.81,104.55,101.43,93.85,90.25,10.01,14.3,0.001462,1006.62,129.29,0.044,Clay,120.98,D028,"LINESTRING(86.20125 22.803,86.20625 22.805,86.21124999999999 22.807)",2026-08-11 06:00:00,Indian river/dam anchor + synthetic prototype cross-section,SYNTHETIC_PROTOTYPE
IN-R21,Subarnarekha,Subarnarekha Basin,Jharkhand,Jamshedpur,IN-21-11,22.807,86.20875,EPSG:4326,15.0,72.9,86.02,80.11,76.87,71.86,68.73,7.96,11.38,0.000284,681.38,95.65,0.032,Clay,299.33,D028,"LINESTRING(86.20375000000001 22.805000000000003,86.20875000000001 22.807000000000002,86.21375 22.809)",2026-08-12 06:00:00,Indian river/dam anchor + synthetic prototype cross-section,SYNTHETIC_PROTOTYPE
IN-R21,Subarnarekha,Subarnarekha Basin,Jharkhand,Jamshedpur,IN-21-12,22.809,86.21125,EPSG:4326,16.5,166.13,196.03,140.92,135.39,133.72,131.36,6.69,9.56,0.000215,1034.75,185.24,0.029,Gravel,207.01,D028,"LINESTRING(86.20625000000001 22.807000000000002,86.21125 22.809,86.21625 22.811)",2026-08-13 06:00:00,Indian river/dam anchor + synthetic prototype cross-section,SYNTHETIC_PROTOTYPE
IN-R21,Subarnarekha,Subarnarekha Basin,Jharkhand,Jamshedpur,IN-21-13,22.811,86.21375,EPSG:4326,18.0,131.84,155.57,139.34,138.44,135.78,132.27,4.95,7.07,0.000424,588.36,145.98,0.031,Sand,304.14,D028,"LINESTRING(86.20875000000001 22.809,86.21375 22.811,86.21875 22.813)",2026-08-14 06:00:00,Indian river/dam anchor + synthetic prototype cross-section,SYNTHETIC_PROTOTYPE
IN-R21,Subarnarekha,Subarnarekha Basin,Jharkhand,Jamshedpur,IN-21-14,22.813,86.21625,EPSG:4326,19.5,112.87,133.18,163.1,160.48,148.78,147.29,11.06,15.8,0.002941,1512.99,144.48,0.034,Sand,268.17,D028,"LINESTRING(86.21125 22.811000000000003,86.21625 22.813000000000002,86.22125 22.815)",2026-08-15 06:00:00,Indian river/dam anchor + synthetic prototype cross-section,SYNTHETIC_PROTOTYPE
IN-R22,Damodar,Damodar Basin,Jharkhand,Dhanbad,IN-22-01,23.787,86.43375,EPSG:4326,0.0,134.81,159.08,118.17,114.86,109.47,108.23,6.96,9.94,0.003972,930.59,154.69,0.037,Alluvium,117.4,D029,"LINESTRING(86.42875000000001 23.785,86.43375 23.787,86.43875 23.788999999999998)",2026-08-02 06:00:00,Indian river/dam anchor + synthetic prototype cross-section,SYNTHETIC_PROTOTYPE
IN-R22,Damodar,Damodar Basin,Jharkhand,Dhanbad,IN-22-02,23.789,86.43625,EPSG:4326,1.5,60.28,71.13,151.87,152.36,143.69,141.23,7.45,10.64,0.002844,444.58,81.56,0.031,Clay,303.2,D029,"LINESTRING(86.43125 23.787000000000003,86.43625 23.789,86.44125 23.791)",2026-08-03 06:00:00,Indian river/dam anchor + synthetic prototype cross-section,SYNTHETIC_PROTOTYPE
IN-R22,Damodar,Damodar Basin,Jharkhand,Dhanbad,IN-22-03,23.791,86.43875,EPSG:4326,3.0,131.15,154.75,130.6,136.96,122.35,120.83,6.83,9.76,0.000732,909.51,150.67,0.037,Gravel,59.85,D029,"LINESTRING(86.43375 23.789,86.43875 23.791,86.44375 23.793)",2026-08-04 06:00:00,Indian river/dam anchor + synthetic prototype cross-section,SYNTHETIC_PROTOTYPE
IN-R22,Damodar,Damodar Basin,Jharkhand,Dhanbad,IN-22-04,23.793,86.44125,EPSG:4326,4.5,147.76,174.35,160.99,149.21,152.66,150.46,7.37,10.53,0.003666,1278.96,168.81,0.033,Sand,254.1,D029,"LINESTRING(86.43625 23.791,86.44125 23.793,86.44624999999999 23.794999999999998)",2026-08-05 06:00:00,Indian river/dam anchor + synthetic prototype cross-section,SYNTHETIC_PROTOTYPE
IN-R22,Damodar,Damodar Basin,Jharkhand,Dhanbad,IN-22-05,23.795,86.44375,EPSG:4326,6.0,99.81,117.78,140.71,139.15,133.09,131.24,6.63,9.47,0.002522,686.51,118.76,0.029,Clay,119.38,D029,"LINESTRING(86.43875000000001 23.793000000000003,86.44375000000001 23.795,86.44875 23.797)",2026-08-06 06:00:00,Indian river/dam anchor + synthetic prototype cross-section,SYNTHETIC_PROTOTYPE
IN-R22,Damodar,Damodar Basin,Jharkhand,Dhanbad,IN-22-06,23.797,86.44625,EPSG:4326,7.5,205.3,242.25,177.64,181.34,172.39,169.36,5.8,8.29,0.0024,1106.69,221.87,0.039,Sand,99.62,D029,"LINESTRING(86.44125000000001 23.795,86.44625 23.797,86.45125 23.799)",2026-08-07 06:00:00,Indian river/dam anchor + synthetic prototype cross-section,SYNTHETIC_PROTOTYPE
IN-R22,Damodar,Damodar Basin,Jharkhand,Dhanbad,IN-22-07,23.799,86.44875,EPSG:4326,9.0,136.91,161.55,187.06,187.1,177.5,175.83,7.86,11.23,0.003957,1325.42,159.36,0.034,Silt,19.72,D029,"LINESTRING(86.44375000000001 23.797,86.44875 23.799,86.45375 23.801)",2026-08-08 06:00:00,Indian river/dam anchor + synthetic prototype cross-section,SYNTHETIC_PROTOTYPE
IN-R22,Damodar,Damodar Basin,Jharkhand,Dhanbad,IN-22-08,23.801,86.45125,EPSG:4326,10.5,139.68,164.83,112.81,113.99,97.83,96.64,11.32,16.17,0.000358,1907.31,172.02,0.042,Clay,33.01,D029,"LINESTRING(86.44625 23.799000000000003,86.45125 23.801000000000002,86.45625 23.803)",2026-08-09 06:00:00,Indian river/dam anchor + synthetic prototype cross-section,SYNTHETIC_PROTOTYPE
IN-R22,Damodar,Damodar Basin,Jharkhand,Dhanbad,IN-22-09,23.803,86.45375,EPSG:4326,12.0,112.31,132.52,189.07,183.49,181.83,180.78,5.8,8.29,0.002669,768.18,128.89,0.027,Clay,169.12,D029,"LINESTRING(86.44875 23.801000000000002,86.45375 23.803,86.45875 23.805)",2026-08-10 06:00:00,Indian river/dam anchor + synthetic prototype cross-section,SYNTHETIC_PROTOTYPE
IN-R22,Damodar,Damodar Basin,Jharkhand,Dhanbad,IN-22-10,23.805,86.45625,EPSG:4326,13.5,111.65,131.75,59.08,63.59,49.43,47.53,8.09,11.55,0.002887,855.98,134.76,0.039,Silt,32.14,D029,"LINESTRING(86.45125 23.803,86.45625 23.805,86.46124999999999 23.807)",2026-08-11 06:00:00,Indian river/dam anchor + synthetic prototype cross-section,SYNTHETIC_PROTOTYPE
IN-R22,Damodar,Damodar Basin,Jharkhand,Dhanbad,IN-22-11,23.807,86.45875,EPSG:4326,15.0,40.02,47.23,159.34,157.81,152.53,151.28,5.64,8.06,0.000865,269.75,56.14,0.042,Gravel,71.71,D029,"LINESTRING(86.45375000000001 23.805000000000003,86.45875000000001 23.807000000000002,86.46375 23.809)",2026-08-12 06:00:00,Indian river/dam anchor + synthetic prototype cross-section,SYNTHETIC_PROTOTYPE
IN-R22,Damodar,Damodar Basin,Jharkhand,Dhanbad,IN-22-12,23.809,86.46125,EPSG:4326,16.5,195.5,230.69,95.16,89.27,89.42,86.53,6.04,8.63,0.003335,1319.16,212.75,0.037,Sand,146.66,D029,"LINESTRING(86.45625000000001 23.807000000000002,86.46125 23.809,86.46625 23.811)",2026-08-13 06:00:00,Indian river/dam anchor + synthetic prototype cross-section,SYNTHETIC_PROTOTYPE
IN-R22,Damodar,Damodar Basin,Jharkhand,Dhanbad,IN-22-13,23.811,86.46375,EPSG:4326,18.0,146.61,173.0,172.68,168.48,165.51,162.6,7.06,10.08,0.003514,1328.9,166.78,0.029,Alluvium,46.17,D029,"LINESTRING(86.45875000000001 23.809,86.46375 23.811,86.46875 23.813)",2026-08-14 06:00:00,Indian river/dam anchor + synthetic prototype cross-section,SYNTHETIC_PROTOTYPE
IN-R22,Damodar,Damodar Basin,Jharkhand,Dhanbad,IN-22-14,23.813,86.46625,EPSG:4326,19.5,114.01,134.54,158.46,152.95,153.67,151.42,4.93,7.04,0.003477,712.37,128.09,0.033,Clay,34.14,D029,"LINESTRING(86.46125 23.811000000000003,86.46625 23.813000000000002,86.47125 23.815)",2026-08-15 06:00:00,Indian river/dam anchor + synthetic prototype cross-section,SYNTHETIC_PROTOTYPE
IN-R23,Brahmani,Brahmani Basin,Odisha,Angul,IN-23-01,21.387,84.99375,EPSG:4326,0.0,30.0,35.4,87.87,88.69,75.79,72.18,10.99,15.7,0.001541,387.09,61.39,0.045,Silt,168.52,D032,"LINESTRING(84.98875000000001 21.384999999999998,84.99375 21.386999999999997,84.99875 21.388999999999996)",2026-08-02 06:00:00,Indian river/dam anchor + synthetic prototype cross-section,SYNTHETIC_PROTOTYPE
IN-R23,Brahmani,Brahmani Basin,Odisha,Angul,IN-23-02,21.389,84.99625,EPSG:4326,1.5,166.89,196.93,222.03,221.14,212.14,211.19,7.58,10.84,0.002835,1525.24,188.56,0.028,Sand,235.61,D032,"LINESTRING(84.99125000000001 21.387,84.99625 21.389,85.00125 21.391)",2026-08-03 06:00:00,Indian river/dam anchor + synthetic prototype cross-section,SYNTHETIC_PROTOTYPE
IN-R23,Brahmani,Brahmani Basin,Odisha,Angul,IN-23-03,21.391,84.99875,EPSG:4326,3.0,167.75,197.95,156.47,159.27,151.29,149.37,4.97,7.1,0.002989,821.37,181.95,0.026,Clay,10.06,D032,"LINESTRING(84.99375 21.389,84.99875 21.391,85.00375 21.392999999999997)",2026-08-04 06:00:00,Indian river/dam anchor + synthetic prototype cross-section,SYNTHETIC_PROTOTYPE
IN-R23,Brahmani,Brahmani Basin,Odisha,Angul,IN-23-04,21.393,85.00125,EPSG:4326,4.5,115.76,136.6,160.64,159.29,146.52,143.9,11.72,16.75,0.002067,1643.07,149.25,0.042,Sand,35.92,D032,"LINESTRING(84.99625 21.391,85.00125 21.392999999999997,85.00625 21.394999999999996)",2026-08-05 06:00:00,Indian river/dam anchor + synthetic prototype cross-section,SYNTHETIC_PROTOTYPE
IN-R23,Brahmani,Brahmani Basin,Odisha,Angul,IN-23-05,21.395,85.00375,EPSG:4326,6.0,66.65,78.65,124.76,124.29,114.82,113.9,7.6,10.85,0.001366,631.39,88.36,0.026,Sand,130.5,D032,"LINESTRING(84.99875000000002 21.393,85.00375000000001 21.395,85.00875 21.397)",2026-08-06 06:00:00,Indian river/dam anchor + synthetic prototype cross-section,SYNTHETIC_PROTOTYPE
IN-R23,Brahmani,Brahmani Basin,Odisha,Angul,IN-23-06,21.397,85.00625,EPSG:4326,7.5,113.66,134.12,155.71,158.28,146.3,144.86,7.6,10.85,0.002732,871.75,135.36,0.04,Sand,193.67,D032,"LINESTRING(85.00125000000001 21.395,85.00625000000001 21.397,85.01125 21.398999999999997)",2026-08-07 06:00:00,Indian river/dam anchor + synthetic prototype cross-section,SYNTHETIC_PROTOTYPE
IN-R23,Brahmani,Brahmani Basin,Odisha,Angul,IN-23-07,21.399,85.00875,EPSG:4326,9.0,145.34,171.5,168.13,165.63,153.25,152.3,11.08,15.84,0.001264,1933.36,177.01,0.042,Alluvium,224.63,D032,"LINESTRING(85.00375000000001 21.397,85.00875 21.398999999999997,85.01375 21.400999999999996)",2026-08-08 06:00:00,Indian river/dam anchor + synthetic prototype cross-section,SYNTHETIC_PROTOTYPE
IN-R23,Brahmani,Brahmani Basin,Odisha,Angul,IN-23-08,21.401,85.01125,EPSG:4326,10.5,138.13,163.0,243.15,240.23,239.04,235.18,5.58,7.97,0.003504,904.11,154.07,0.025,Gravel,278.9,D032,"LINESTRING(85.00625000000001 21.399,85.01125 21.401,85.01625 21.403)",2026-08-09 06:00:00,Indian river/dam anchor + synthetic prototype cross-section,SYNTHETIC_PROTOTYPE
IN-R23,Brahmani,Brahmani Basin,Odisha,Angul,IN-23-09,21.403,85.01375,EPSG:4326,12.0,125.36,147.92,195.97,205.77,181.85,178.24,12.41,17.73,0.000782,1576.55,160.82,0.034,Clay,219.53,D032,"LINESTRING(85.00875 21.401,85.01375 21.403,85.01875 21.404999999999998)",2026-08-10 06:00:00,Indian river/dam anchor + synthetic prototype cross-section,SYNTHETIC_PROTOTYPE
IN-R23,Brahmani,Brahmani Basin,Odisha,Angul,IN-23-10,21.405,85.01625,EPSG:4326,13.5,158.53,187.06,148.11,146.08,140.05,136.54,8.1,11.57,0.00159,1403.54,181.67,0.029,Alluvium,258.58,D032,"LINESTRING(85.01125 21.403,85.01625 21.404999999999998,85.02125 21.406999999999996)",2026-08-11 06:00:00,Indian river/dam anchor + synthetic prototype cross-section,SYNTHETIC_PROTOTYPE
IN-R23,Brahmani,Brahmani Basin,Odisha,Angul,IN-23-11,21.407,85.01875,EPSG:4326,15.0,152.04,179.4,98.77,94.24,89.2,86.14,8.84,12.63,0.002021,1285.1,177.29,0.04,Gravel,142.07,D032,"LINESTRING(85.01375000000002 21.405,85.01875000000001 21.407,85.02375 21.409)",2026-08-12 06:00:00,Indian river/dam anchor + synthetic prototype cross-section,SYNTHETIC_PROTOTYPE
IN-R23,Brahmani,Brahmani Basin,Odisha,Angul,IN-23-12,21.409,85.02125,EPSG:4326,16.5,149.56,176.48,181.59,177.42,174.51,173.25,5.84,8.35,0.00385,749.64,166.26,0.033,Sand,163.25,D032,"LINESTRING(85.01625000000001 21.407,85.02125000000001 21.409,85.02625 21.410999999999998)",2026-08-13 06:00:00,Indian river/dam anchor + synthetic prototype cross-section,SYNTHETIC_PROTOTYPE
IN-R23,Brahmani,Brahmani Basin,Odisha,Angul,IN-23-13,21.411,85.02375,EPSG:4326,18.0,107.75,127.15,94.91,90.02,85.21,81.56,9.35,13.35,0.00217,972.48,134.46,0.033,Silt,331.15,D032,"LINESTRING(85.01875000000001 21.409,85.02375 21.410999999999998,85.02875 21.412999999999997)",2026-08-14 06:00:00,Indian river/dam anchor + synthetic prototype cross-section,SYNTHETIC_PROTOTYPE
IN-R23,Brahmani,Brahmani Basin,Odisha,Angul,IN-23-14,21.413,85.02625,EPSG:4326,19.5,97.64,115.22,117.02,117.06,106.91,105.26,8.23,11.76,0.002205,711.38,121.15,0.035,Clay,141.23,D032,"LINESTRING(85.02125000000001 21.411,85.02625 21.413,85.03125 21.415)",2026-08-15 06:00:00,Indian river/dam anchor + synthetic prototype cross-section,SYNTHETIC_PROTOTYPE
IN-R24,Baitarani,Baitarani Basin,Odisha,Keonjhar,IN-24-01,21.617,85.56375,EPSG:4326,0.0,70.85,83.61,109.24,105.29,99.52,95.67,9.5,13.57,0.001405,818.78,97.99,0.042,Alluvium,111.39,D033,"LINESTRING(85.55875 21.615,85.56375 21.616999999999997,85.56875 21.618999999999996)",2026-08-02 06:00:00,Indian river/dam anchor + synthetic prototype cross-section,SYNTHETIC_PROTOTYPE
IN-R24,Baitarani,Baitarani Basin,Odisha,Keonjhar,IN-24-02,21.619,85.56625,EPSG:4326,1.5,179.04,211.27,105.26,106.36,92.5,89.99,10.69,15.27,0.002664,2439.32,209.59,0.044,Silt,190.03,D033,"LINESTRING(85.56125 21.617,85.56625 21.619,85.57124999999999 21.621)",2026-08-03 06:00:00,Indian river/dam anchor + synthetic prototype cross-section,SYNTHETIC_PROTOTYPE
IN-R24,Baitarani,Baitarani Basin,Odisha,Keonjhar,IN-24-03,21.621,85.56875,EPSG:4326,3.0,83.84,98.93,135.89,140.59,129.31,127.48,5.89,8.42,0.002179,585.71,100.67,0.026,Alluvium,185.18,D033,"LINESTRING(85.56375 21.619,85.56875 21.621,85.57374999999999 21.622999999999998)",2026-08-04 06:00:00,Indian river/dam anchor + synthetic prototype cross-section,SYNTHETIC_PROTOTYPE
IN-R24,Baitarani,Baitarani Basin,Odisha,Keonjhar,IN-24-04,21.623,85.57125,EPSG:4326,4.5,73.22,86.4,163.85,166.06,156.7,153.71,7.1,10.14,0.003217,504.61,93.5,0.034,Gravel,109.18,D033,"LINESTRING(85.56625 21.621,85.57124999999999 21.622999999999998,85.57624999999999 21.624999999999996)",2026-08-05 06:00:00,Indian river/dam anchor + synthetic prototype cross-section,SYNTHETIC_PROTOTYPE
IN-R24,Baitarani,Baitarani Basin,Odisha,Keonjhar,IN-24-05,21.625,85.57375,EPSG:4326,6.0,103.48,122.11,106.78,114.6,99.2,96.69,7.06,10.08,0.001621,845.54,123.65,0.037,Clay,275.92,D033,"LINESTRING(85.56875000000001 21.623,85.57375 21.625,85.57875 21.627)",2026-08-06 06:00:00,Indian river/dam anchor + synthetic prototype cross-section,SYNTHETIC_PROTOTYPE
IN-R24,Baitarani,Baitarani Basin,Odisha,Keonjhar,IN-24-06,21.627,85.57625,EPSG:4326,7.5,155.75,183.78,97.59,97.09,91.1,87.42,7.12,10.17,0.00101,1379.96,176.09,0.039,Silt,47.09,D033,"LINESTRING(85.57125 21.625,85.57625 21.627,85.58125 21.628999999999998)",2026-08-07 06:00:00,Indian river/dam anchor + synthetic prototype cross-section,SYNTHETIC_PROTOTYPE
IN-R24,Baitarani,Baitarani Basin,Odisha,Keonjhar,IN-24-07,21.629,85.57875,EPSG:4326,9.0,112.79,133.09,102.44,99.99,93.13,91.42,7.71,11.02,0.001573,1115.18,134.83,0.033,Clay,273.57,D033,"LINESTRING(85.57375 21.627,85.57875 21.628999999999998,85.58375 21.630999999999997)",2026-08-08 06:00:00,Indian river/dam anchor + synthetic prototype cross-section,SYNTHETIC_PROTOTYPE
IN-R24,Baitarani,Baitarani Basin,Odisha,Keonjhar,IN-24-08,21.631,85.58125,EPSG:4326,10.5,42.98,50.72,136.3,130.99,131.04,128.7,5.32,7.6,0.001031,259.35,58.18,0.03,Silt,233.76,D033,"LINESTRING(85.57625 21.629,85.58125 21.631,85.58624999999999 21.633)",2026-08-09 06:00:00,Indian river/dam anchor + synthetic prototype cross-section,SYNTHETIC_PROTOTYPE
IN-R24,Baitarani,Baitarani Basin,Odisha,Keonjhar,IN-24-09,21.633,85.58375,EPSG:4326,12.0,132.38,156.2,90.71,97.46,80.22,78.94,8.24,11.77,0.002412,1037.17,155.91,0.036,Clay,37.06,D033,"LINESTRING(85.57875 21.631,85.58375 21.633,85.58874999999999 21.634999999999998)",2026-08-10 06:00:00,Indian river/dam anchor + synthetic prototype cross-section,SYNTHETIC_PROTOTYPE
IN-R24,Baitarani,Baitarani Basin,Odisha,Keonjhar,IN-24-10,21.635,85.58625,EPSG:4326,13.5,113.38,133.79,168.58,166.35,154.79,151.97,11.63,16.61,0.003912,1588.3,146.61,0.041,Alluvium,92.87,D033,"LINESTRING(85.58125 21.633,85.58624999999999 21.634999999999998,85.59124999999999 21.636999999999997)",2026-08-11 06:00:00,Indian river/dam anchor + synthetic prototype cross-section,SYNTHETIC_PROTOTYPE
IN-R24,Baitarani,Baitarani Basin,Odisha,Keonjhar,IN-24-11,21.637,85.58875,EPSG:4326,15.0,136.56,161.13,160.51,157.55,153.67,150.94,6.7,9.58,0.00258,871.24,155.71,0.026,Alluvium,298.39,D033,"LINESTRING(85.58375000000001 21.635,85.58875 21.637,85.59375 21.639)",2026-08-12 06:00:00,Indian river/dam anchor + synthetic prototype cross-section,SYNTHETIC_PROTOTYPE
IN-R24,Baitarani,Baitarani Basin,Odisha,Keonjhar,IN-24-12,21.639,85.59125,EPSG:4326,16.5,149.61,176.54,198.99,205.6,185.59,184.06,10.45,14.93,0.000741,1432.5,179.48,0.028,Alluvium,251.48,D033,"LINESTRING(85.58625 21.637,85.59125 21.639,85.59625 21.641)",2026-08-13 06:00:00,Indian river/dam anchor + synthetic prototype cross-section,SYNTHETIC_PROTOTYPE
IN-R24,Baitarani,Baitarani Basin,Odisha,Keonjhar,IN-24-13,21.641,85.59375,EPSG:4326,18.0,30.0,35.4,163.49,164.4,160.21,156.96,4.57,6.53,0.002831,128.11,43.06,0.03,Silt,225.22,D033,"LINESTRING(85.58875 21.639,85.59375 21.641,85.59875 21.642999999999997)",2026-08-14 06:00:00,Indian river/dam anchor + synthetic prototype cross-section,SYNTHETIC_PROTOTYPE
IN-R24,Baitarani,Baitarani Basin,Odisha,Keonjhar,IN-24-14,21.643,85.59625,EPSG:4326,19.5,94.1,111.04,152.3,154.52,140.97,140.34,8.37,11.95,0.003053,778.27,118.01,0.03,Clay,261.74,D033,"LINESTRING(85.59125 21.641000000000002,85.59625 21.643,85.60125 21.645)",2026-08-15 06:00:00,Indian river/dam anchor + synthetic prototype cross-section,SYNTHETIC_PROTOTYPE
IN-R25,Mahanadi,Mahanadi Basin,Chhattisgarh,Raipur,IN-25-01,21.237,81.61375,EPSG:4326,0.0,125.27,147.82,190.6,187.71,185.59,181.86,6.12,8.74,0.002088,949.02,142.75,0.026,Gravel,212.68,D004,"LINESTRING(81.60875 21.235,81.61375 21.237,81.61874999999999 21.238999999999997)",2026-08-02 06:00:00,Indian river/dam anchor + synthetic prototype cross-section,SYNTHETIC_PROTOTYPE
IN-R25,Mahanadi,Mahanadi Basin,Chhattisgarh,Raipur,IN-25-02,21.239,81.61625,EPSG:4326,1.5,84.14,99.29,130.43,130.76,126.54,124.47,4.17,5.95,0.002686,310.28,96.05,0.037,Gravel,83.38,D004,"LINESTRING(81.61125 21.237000000000002,81.61625 21.239,81.62124999999999 21.241)",2026-08-03 06:00:00,Indian river/dam anchor + synthetic prototype cross-section,SYNTHETIC_PROTOTYPE
IN-R25,Mahanadi,Mahanadi Basin,Chhattisgarh,Raipur,IN-25-03,21.241,81.61875,EPSG:4326,3.0,111.87,132.01,129.59,129.68,122.28,121.15,5.91,8.44,0.002311,698.56,128.76,0.034,Alluvium,305.2,D004,"LINESTRING(81.61375 21.239,81.61874999999999 21.241,81.62374999999999 21.243)",2026-08-04 06:00:00,Indian river/dam anchor + synthetic prototype cross-section,SYNTHETIC_PROTOTYPE
IN-R25,Mahanadi,Mahanadi Basin,Chhattisgarh,Raipur,IN-25-04,21.243,81.62125,EPSG:4326,4.5,137.82,162.63,190.14,186.77,186.88,184.56,3.91,5.58,0.000134,554.36,148.99,0.044,Silt,140.98,D004,"LINESTRING(81.61625 21.241,81.62124999999999 21.243,81.62624999999998 21.244999999999997)",2026-08-05 06:00:00,Indian river/dam anchor + synthetic prototype cross-section,SYNTHETIC_PROTOTYPE
IN-R25,Mahanadi,Mahanadi Basin,Chhattisgarh,Raipur,IN-25-05,21.245,81.62375,EPSG:4326,6.0,103.65,122.31,157.49,164.84,144.15,143.42,9.85,14.07,0.000818,887.27,131.78,0.038,Sand,65.83,D004,"LINESTRING(81.61875 21.243000000000002,81.62375 21.245,81.62875 21.247)",2026-08-06 06:00:00,Indian river/dam anchor + synthetic prototype cross-section,SYNTHETIC_PROTOTYPE
IN-R25,Mahanadi,Mahanadi Basin,Chhattisgarh,Raipur,IN-25-06,21.247,81.62625,EPSG:4326,7.5,68.09,80.35,115.6,114.36,110.38,108.39,5.05,7.22,0.003281,418.12,82.53,0.037,Clay,268.91,D004,"LINESTRING(81.62125 21.245,81.62625 21.247,81.63125 21.249)",2026-08-07 06:00:00,Indian river/dam anchor + synthetic prototype cross-section,SYNTHETIC_PROTOTYPE
IN-R25,Mahanadi,Mahanadi Basin,Chhattisgarh,Raipur,IN-25-07,21.249,81.62875,EPSG:4326,9.0,81.41,96.06,217.82,212.66,208.16,204.82,9.1,13.0,0.001895,923.57,107.4,0.036,Alluvium,324.78,D004,"LINESTRING(81.62375 21.247,81.62875 21.249,81.63374999999999 21.250999999999998)",2026-08-08 06:00:00,Indian river/dam anchor + synthetic prototype cross-section,SYNTHETIC_PROTOTYPE
IN-R25,Mahanadi,Mahanadi Basin,Chhattisgarh,Raipur,IN-25-08,21.251,81.63125,EPSG:4326,10.5,162.77,192.07,127.89,128.44,120.74,120.05,5.48,7.83,0.002073,818.95,178.44,0.034,Gravel,106.51,D004,"LINESTRING(81.62625 21.249000000000002,81.63125 21.251,81.63624999999999 21.253)",2026-08-09 06:00:00,Indian river/dam anchor + synthetic prototype cross-section,SYNTHETIC_PROTOTYPE
IN-R25,Mahanadi,Mahanadi Basin,Chhattisgarh,Raipur,IN-25-09,21.253,81.63375,EPSG:4326,12.0,48.21,56.89,128.91,124.51,124.6,123.13,4.05,5.78,0.001708,237.82,59.78,0.03,Alluvium,320.71,D004,"LINESTRING(81.62875 21.251,81.63374999999999 21.253,81.63874999999999 21.255)",2026-08-10 06:00:00,Indian river/dam anchor + synthetic prototype cross-section,SYNTHETIC_PROTOTYPE
IN-R25,Mahanadi,Mahanadi Basin,Chhattisgarh,Raipur,IN-25-10,21.255,81.63625,EPSG:4326,13.5,179.58,211.9,144.76,144.44,131.91,128.48,11.39,16.27,0.002031,2020.65,212.12,0.032,Gravel,176.24,D004,"LINESTRING(81.63125 21.253,81.63624999999999 21.255,81.64124999999999 21.256999999999998)",2026-08-11 06:00:00,Indian river/dam anchor + synthetic prototype cross-section,SYNTHETIC_PROTOTYPE
IN-R25,Mahanadi,Mahanadi Basin,Chhattisgarh,Raipur,IN-25-11,21.257,81.63875,EPSG:4326,15.0,107.46,126.8,122.34,124.61,117.93,114.62,5.41,7.73,0.001158,609.44,122.91,0.027,Clay,247.88,D004,"LINESTRING(81.63375 21.255000000000003,81.63875 21.257,81.64375 21.259)",2026-08-12 06:00:00,Indian river/dam anchor + synthetic prototype cross-section,SYNTHETIC_PROTOTYPE
IN-R25,Mahanadi,Mahanadi Basin,Chhattisgarh,Raipur,IN-25-12,21.259,81.64125,EPSG:4326,16.5,102.82,121.32,219.34,212.22,208.62,207.61,8.21,11.73,0.002145,889.37,126.27,0.033,Silt,260.86,D004,"LINESTRING(81.63625 21.257,81.64125 21.259,81.64625 21.261)",2026-08-13 06:00:00,Indian river/dam anchor + synthetic prototype cross-section,SYNTHETIC_PROTOTYPE
IN-R25,Mahanadi,Mahanadi Basin,Chhattisgarh,Raipur,IN-25-13,21.261,81.64375,EPSG:4326,18.0,164.97,194.66,156.41,161.76,142.55,141.19,10.65,15.22,0.001875,2130.44,195.41,0.032,Sand,306.41,D004,"LINESTRING(81.63875 21.259,81.64375 21.261,81.64874999999999 21.262999999999998)",2026-08-14 06:00:00,Indian river/dam anchor + synthetic prototype cross-section,SYNTHETIC_PROTOTYPE
IN-R25,Mahanadi,Mahanadi Basin,Chhattisgarh,Raipur,IN-25-14,21.263,81.64625,EPSG:4326,19.5,63.85,75.35,121.45,112.65,117.67,115.13,4.42,6.32,0.000375,297.6,76.49,0.042,Clay,314.89,D004,"LINESTRING(81.64125 21.261000000000003,81.64625 21.263,81.65124999999999 21.265)",2026-08-15 06:00:00,Indian river/dam anchor + synthetic prototype cross-section,SYNTHETIC_PROTOTYPE
IN-R26,Chambal,Chambal Basin,Madhya Pradesh,Kota,IN-26-01,25.167,75.81375,EPSG:4326,0.0,156.54,184.72,128.17,132.61,114.8,110.98,12.03,17.19,0.001658,2165.01,190.93,0.029,Sand,53.01,D015,"LINESTRING(75.80875 25.165,75.81375 25.166999999999998,75.81875 25.168999999999997)",2026-08-02 06:00:00,Indian river/dam anchor + synthetic prototype cross-section,SYNTHETIC_PROTOTYPE
IN-R26,Chambal,Chambal Basin,Madhya Pradesh,Kota,IN-26-02,25.169,75.81625,EPSG:4326,1.5,100.56,118.66,171.56,169.77,168.29,165.81,4.02,5.75,0.001501,430.59,112.06,0.031,Sand,77.2,D015,"LINESTRING(75.81125 25.167,75.81625 25.169,75.82124999999999 25.171)",2026-08-03 06:00:00,Indian river/dam anchor + synthetic prototype cross-section,SYNTHETIC_PROTOTYPE
IN-R26,Chambal,Chambal Basin,Madhya Pradesh,Kota,IN-26-03,25.171,75.81875,EPSG:4326,3.0,109.89,129.67,118.59,114.52,104.9,103.12,10.83,15.47,0.001296,1401.91,140.83,0.028,Silt,188.89,D015,"LINESTRING(75.81375 25.169,75.81875 25.171,75.82374999999999 25.173)",2026-08-04 06:00:00,Indian river/dam anchor + synthetic prototype cross-section,SYNTHETIC_PROTOTYPE
IN-R26,Chambal,Chambal Basin,Madhya Pradesh,Kota,IN-26-04,25.173,75.82125,EPSG:4326,4.5,141.04,166.43,191.78,192.82,177.36,173.56,12.76,18.22,0.00325,1859.59,177.49,0.038,Alluvium,72.67,D015,"LINESTRING(75.81625 25.171,75.82124999999999 25.173,75.82624999999999 25.174999999999997)",2026-08-05 06:00:00,Indian river/dam anchor + synthetic prototype cross-section,SYNTHETIC_PROTOTYPE
IN-R26,Chambal,Chambal Basin,Madhya Pradesh,Kota,IN-26-05,25.175,75.82375,EPSG:4326,6.0,120.6,142.31,151.26,153.01,139.15,136.44,10.37,14.82,0.002478,1258.2,150.24,0.029,Clay,124.93,D015,"LINESTRING(75.81875000000001 25.173000000000002,75.82375 25.175,75.82875 25.177)",2026-08-06 06:00:00,Indian river/dam anchor + synthetic prototype cross-section,SYNTHETIC_PROTOTYPE
IN-R26,Chambal,Chambal Basin,Madhya Pradesh,Kota,IN-26-06,25.177,75.82625,EPSG:4326,7.5,146.86,173.29,168.83,171.7,161.34,159.86,6.28,8.97,0.002013,824.89,164.79,0.04,Silt,94.77,D015,"LINESTRING(75.82125 25.175,75.82625 25.177,75.83125 25.179)",2026-08-07 06:00:00,Indian river/dam anchor + synthetic prototype cross-section,SYNTHETIC_PROTOTYPE
IN-R26,Chambal,Chambal Basin,Madhya Pradesh,Kota,IN-26-07,25.179,75.82875,EPSG:4326,9.0,131.01,154.6,149.26,151.3,135.21,132.4,11.81,16.87,0.002611,1477.87,164.75,0.032,Sand,141.04,D015,"LINESTRING(75.82375 25.177,75.82875 25.179,75.83375 25.180999999999997)",2026-08-08 06:00:00,Indian river/dam anchor + synthetic prototype cross-section,SYNTHETIC_PROTOTYPE
IN-R26,Chambal,Chambal Basin,Madhya Pradesh,Kota,IN-26-08,25.181,75.83125,EPSG:4326,10.5,106.63,125.82,157.14,150.34,143.0,141.55,10.91,15.59,0.001738,1011.48,137.81,0.039,Silt,343.05,D015,"LINESTRING(75.82625 25.179000000000002,75.83125 25.181,75.83624999999999 25.183)",2026-08-09 06:00:00,Indian river/dam anchor + synthetic prototype cross-section,SYNTHETIC_PROTOTYPE
IN-R26,Chambal,Chambal Basin,Madhya Pradesh,Kota,IN-26-09,25.183,75.83375,EPSG:4326,12.0,107.46,126.81,207.72,210.57,192.81,192.17,10.89,15.55,0.000158,1021.24,138.56,0.039,Gravel,305.49,D015,"LINESTRING(75.82875 25.181,75.83375 25.183,75.83874999999999 25.185)",2026-08-10 06:00:00,Indian river/dam anchor + synthetic prototype cross-section,SYNTHETIC_PROTOTYPE
IN-R26,Chambal,Chambal Basin,Madhya Pradesh,Kota,IN-26-10,25.185,75.83625,EPSG:4326,13.5,110.9,130.86,159.33,161.23,148.14,144.25,10.56,15.08,0.000893,1423.84,141.06,0.026,Sand,180.23,D015,"LINESTRING(75.83125 25.183,75.83624999999999 25.185,75.84124999999999 25.186999999999998)",2026-08-11 06:00:00,Indian river/dam anchor + synthetic prototype cross-section,SYNTHETIC_PROTOTYPE
IN-R26,Chambal,Chambal Basin,Madhya Pradesh,Kota,IN-26-11,25.187,75.83875,EPSG:4326,15.0,63.49,74.92,153.23,155.7,145.71,142.87,7.25,10.36,0.000949,427.15,84.21,0.029,Alluvium,74.6,D015,"LINESTRING(75.83375000000001 25.185000000000002,75.83875 25.187,75.84375 25.189)",2026-08-12 06:00:00,Indian river/dam anchor + synthetic prototype cross-section,SYNTHETIC_PROTOTYPE
IN-R26,Chambal,Chambal Basin,Madhya Pradesh,Kota,IN-26-12,25.189,75.84125,EPSG:4326,16.5,83.29,98.28,197.15,207.12,192.49,190.96,4.33,6.19,0.000885,455.22,95.66,0.041,Clay,177.75,D015,"LINESTRING(75.83625 25.187,75.84125 25.189,75.84625 25.191)",2026-08-13 06:00:00,Indian river/dam anchor + synthetic prototype cross-section,SYNTHETIC_PROTOTYPE
IN-R26,Chambal,Chambal Basin,Madhya Pradesh,Kota,IN-26-13,25.191,75.84375,EPSG:4326,18.0,120.6,142.31,94.94,96.95,90.44,87.53,5.19,7.41,0.001502,793.82,135.42,0.033,Gravel,241.05,D015,"LINESTRING(75.83875 25.189,75.84375 25.191,75.84875 25.192999999999998)",2026-08-14 06:00:00,Indian river/dam anchor + synthetic prototype cross-section,SYNTHETIC_PROTOTYPE
IN-R26,Chambal,Chambal Basin,Madhya Pradesh,Kota,IN-26-14,25.193,75.84625,EPSG:4326,19.5,98.51,116.24,175.81,172.4,161.86,158.98,11.78,16.83,0.002324,1012.48,132.17,0.034,Clay,338.16,D015,"LINESTRING(75.84125 25.191000000000003,75.84625 25.193,75.85125 25.195)",2026-08-15 06:00:00,Indian river/dam anchor + synthetic prototype cross-section,SYNTHETIC_PROTOTYPE
IN-R27,Betwa,Betwa Basin,Madhya Pradesh,Vidisha,IN-27-01,23.517,77.79375,EPSG:4326,0.0,86.26,101.78,139.55,145.72,133.28,129.41,7.1,10.15,0.002858,698.31,106.55,0.038,Silt,247.43,D030,"LINESTRING(77.78875000000001 23.515,77.79375 23.517,77.79875 23.519)",2026-08-02 06:00:00,Indian river/dam anchor + synthetic prototype cross-section,SYNTHETIC_PROTOTYPE
IN-R27,Betwa,Betwa Basin,Madhya Pradesh,Vidisha,IN-27-02,23.519,77.79625,EPSG:4326,1.5,136.75,161.37,158.21,152.71,149.07,146.67,8.08,11.54,0.001462,1390.76,159.83,0.039,Alluvium,112.8,D030,"LINESTRING(77.79125 23.517000000000003,77.79625 23.519000000000002,77.80125 23.521)",2026-08-03 06:00:00,Indian river/dam anchor + synthetic prototype cross-section,SYNTHETIC_PROTOTYPE
IN-R27,Betwa,Betwa Basin,Madhya Pradesh,Vidisha,IN-27-03,23.521,77.79875,EPSG:4326,3.0,123.36,145.56,142.27,147.88,134.36,132.27,7.0,10.0,0.003334,948.54,143.36,0.029,Sand,263.36,D030,"LINESTRING(77.79375 23.519000000000002,77.79875 23.521,77.80375 23.523)",2026-08-04 06:00:00,Indian river/dam anchor + synthetic prototype cross-section,SYNTHETIC_PROTOTYPE
IN-R27,Betwa,Betwa Basin,Madhya Pradesh,Vidisha,IN-27-04,23.523,77.80125,EPSG:4326,4.5,122.41,144.44,144.63,141.24,135.42,131.93,8.89,12.7,0.002643,942.72,147.81,0.038,Sand,192.92,D030,"LINESTRING(77.79625 23.521,77.80125 23.523,77.80624999999999 23.525)",2026-08-05 06:00:00,Indian river/dam anchor + synthetic prototype cross-section,SYNTHETIC_PROTOTYPE
IN-R27,Betwa,Betwa Basin,Madhya Pradesh,Vidisha,IN-27-05,23.525,77.80375,EPSG:4326,6.0,131.37,155.02,87.16,82.99,83.75,81.45,4.0,5.71,0.003955,575.43,142.8,0.044,Silt,327.55,D030,"LINESTRING(77.79875000000001 23.523000000000003,77.80375000000001 23.525000000000002,77.80875 23.527)",2026-08-06 06:00:00,Indian river/dam anchor + synthetic prototype cross-section,SYNTHETIC_PROTOTYPE
IN-R27,Betwa,Betwa Basin,Madhya Pradesh,Vidisha,IN-27-06,23.527,77.80625,EPSG:4326,7.5,151.45,178.71,129.39,130.2,117.1,116.03,9.35,13.35,0.002644,1325.71,178.15,0.04,Silt,30.57,D030,"LINESTRING(77.80125000000001 23.525000000000002,77.80625 23.527,77.81125 23.529)",2026-08-07 06:00:00,Indian river/dam anchor + synthetic prototype cross-section,SYNTHETIC_PROTOTYPE
IN-R27,Betwa,Betwa Basin,Madhya Pradesh,Vidisha,IN-27-07,23.529,77.80875,EPSG:4326,9.0,145.06,171.17,164.43,167.74,152.27,151.22,9.25,13.22,0.001244,1599.71,171.49,0.029,Sand,209.95,D030,"LINESTRING(77.80375000000001 23.527,77.80875 23.529,77.81375 23.531)",2026-08-08 06:00:00,Indian river/dam anchor + synthetic prototype cross-section,SYNTHETIC_PROTOTYPE
IN-R27,Betwa,Betwa Basin,Madhya Pradesh,Vidisha,IN-27-08,23.531,77.81125,EPSG:4326,10.5,164.81,194.48,108.17,104.6,99.44,97.41,7.53,10.76,0.002883,1426.55,186.34,0.044,Sand,23.43,D030,"LINESTRING(77.80625 23.529000000000003,77.81125 23.531000000000002,77.81625 23.533)",2026-08-09 06:00:00,Indian river/dam anchor + synthetic prototype cross-section,SYNTHETIC_PROTOTYPE
IN-R27,Betwa,Betwa Basin,Madhya Pradesh,Vidisha,IN-27-09,23.533,77.81375,EPSG:4326,12.0,120.68,142.4,125.11,131.27,114.12,112.77,8.64,12.34,0.001854,1183.65,145.35,0.044,Clay,162.71,D030,"LINESTRING(77.80875 23.531000000000002,77.81375 23.533,77.81875 23.535)",2026-08-10 06:00:00,Indian river/dam anchor + synthetic prototype cross-section,SYNTHETIC_PROTOTYPE
IN-R27,Betwa,Betwa Basin,Madhya Pradesh,Vidisha,IN-27-10,23.535,77.81625,EPSG:4326,13.5,128.69,151.86,125.42,123.65,112.6,110.33,10.56,15.09,0.001101,1410.93,158.87,0.034,Clay,280.83,D030,"LINESTRING(77.81125 23.533,77.81625 23.535,77.82124999999999 23.537)",2026-08-11 06:00:00,Indian river/dam anchor + synthetic prototype cross-section,SYNTHETIC_PROTOTYPE
IN-R27,Betwa,Betwa Basin,Madhya Pradesh,Vidisha,IN-27-11,23.537,77.81875,EPSG:4326,15.0,74.78,88.24,153.36,149.39,145.61,143.68,6.77,9.68,0.003258,643.14,94.13,0.03,Sand,85.6,D030,"LINESTRING(77.81375000000001 23.535000000000004,77.81875000000001 23.537000000000003,77.82375 23.539)",2026-08-12 06:00:00,Indian river/dam anchor + synthetic prototype cross-section,SYNTHETIC_PROTOTYPE
IN-R27,Betwa,Betwa Basin,Madhya Pradesh,Vidisha,IN-27-12,23.539,77.82125,EPSG:4326,16.5,87.4,103.13,207.07,209.7,198.15,195.82,7.87,11.25,0.001132,628.18,109.89,0.036,Clay,216.05,D030,"LINESTRING(77.81625000000001 23.537000000000003,77.82125 23.539,77.82625 23.541)",2026-08-13 06:00:00,Indian river/dam anchor + synthetic prototype cross-section,SYNTHETIC_PROTOTYPE
IN-R27,Betwa,Betwa Basin,Madhya Pradesh,Vidisha,IN-27-13,23.541,77.82375,EPSG:4326,18.0,99.41,117.31,142.35,144.65,137.67,134.61,5.42,7.74,0.003975,561.45,114.89,0.029,Sand,202.54,D030,"LINESTRING(77.81875000000001 23.539,77.82375 23.541,77.82875 23.543)",2026-08-14 06:00:00,Indian river/dam anchor + synthetic prototype cross-section,SYNTHETIC_PROTOTYPE
IN-R27,Betwa,Betwa Basin,Madhya Pradesh,Vidisha,IN-27-14,23.543,77.82625,EPSG:4326,19.5,109.88,129.65,176.9,177.95,165.47,161.49,10.79,15.41,0.001483,1035.47,140.7,0.027,Alluvium,258.02,D030,"LINESTRING(77.82125 23.541000000000004,77.82625 23.543000000000003,77.83125 23.545)",2026-08-15 06:00:00,Indian river/dam anchor + synthetic prototype cross-section,SYNTHETIC_PROTOTYPE
IN-R28,Ken,Ken Basin,Madhya Pradesh,Panna,IN-28-01,24.707,80.18375,EPSG:4326,0.0,163.1,192.46,131.16,130.01,117.6,115.45,11.0,15.71,0.000793,1543.19,194.52,0.037,Sand,278.33,D031,"LINESTRING(80.17875000000001 24.705,80.18375 24.706999999999997,80.18875 24.708999999999996)",2026-08-02 06:00:00,Indian river/dam anchor + synthetic prototype cross-section,SYNTHETIC_PROTOTYPE
IN-R28,Ken,Ken Basin,Madhya Pradesh,Panna,IN-28-02,24.709,80.18625,EPSG:4326,1.5,145.57,171.77,118.04,116.17,114.1,111.33,4.69,6.7,0.001753,832.1,158.97,0.026,Clay,335.07,D031,"LINESTRING(80.18125 24.707,80.18625 24.709,80.19125 24.711)",2026-08-03 06:00:00,Indian river/dam anchor + synthetic prototype cross-section,SYNTHETIC_PROTOTYPE
IN-R28,Ken,Ken Basin,Madhya Pradesh,Panna,IN-28-03,24.711,80.18875,EPSG:4326,3.0,83.64,98.7,182.75,178.8,177.36,174.11,6.05,8.64,0.002867,454.31,100.92,0.03,Silt,227.98,D031,"LINESTRING(80.18375 24.709,80.18875 24.711,80.19375 24.712999999999997)",2026-08-04 06:00:00,Indian river/dam anchor + synthetic prototype cross-section,SYNTHETIC_PROTOTYPE
IN-R28,Ken,Ken Basin,Madhya Pradesh,Panna,IN-28-04,24.713,80.19125,EPSG:4326,4.5,128.58,151.72,185.09,185.2,179.89,178.12,4.87,6.96,0.001759,670.64,142.5,0.036,Silt,354.72,D031,"LINESTRING(80.18625 24.711,80.19125 24.712999999999997,80.19624999999999 24.714999999999996)",2026-08-05 06:00:00,Indian river/dam anchor + synthetic prototype cross-section,SYNTHETIC_PROTOTYPE
IN-R28,Ken,Ken Basin,Madhya Pradesh,Panna,IN-28-05,24.715,80.19375,EPSG:4326,6.0,79.29,93.57,208.78,209.09,204.34,202.92,4.1,5.86,0.003438,410.67,91.02,0.025,Clay,37.07,D031,"LINESTRING(80.18875000000001 24.713,80.19375000000001 24.715,80.19875 24.717)",2026-08-06 06:00:00,Indian river/dam anchor + synthetic prototype cross-section,SYNTHETIC_PROTOTYPE
IN-R28,Ken,Ken Basin,Madhya Pradesh,Panna,IN-28-06,24.717,80.19625,EPSG:4326,7.5,100.93,119.1,149.84,153.66,140.81,137.7,8.49,12.14,0.003636,1000.38,125.2,0.039,Clay,235.07,D031,"LINESTRING(80.19125000000001 24.715,80.19625 24.717,80.20125 24.718999999999998)",2026-08-07 06:00:00,Indian river/dam anchor + synthetic prototype cross-section,SYNTHETIC_PROTOTYPE
IN-R28,Ken,Ken Basin,Madhya Pradesh,Panna,IN-28-07,24.719,80.19875,EPSG:4326,9.0,39.89,47.07,161.41,161.34,148.97,148.33,9.16,13.08,0.001746,332.37,66.05,0.034,Clay,233.7,D031,"LINESTRING(80.19375000000001 24.717,80.19875 24.718999999999998,80.20375 24.720999999999997)",2026-08-08 06:00:00,Indian river/dam anchor + synthetic prototype cross-section,SYNTHETIC_PROTOTYPE
IN-R28,Ken,Ken Basin,Madhya Pradesh,Panna,IN-28-08,24.721,80.20125,EPSG:4326,10.5,90.31,106.56,86.76,91.51,76.94,75.44,7.92,11.32,0.003701,740.63,112.95,0.038,Gravel,100.39,D031,"LINESTRING(80.19625 24.719,80.20125 24.721,80.20625 24.723)",2026-08-09 06:00:00,Indian river/dam anchor + synthetic prototype cross-section,SYNTHETIC_PROTOTYPE
IN-R28,Ken,Ken Basin,Madhya Pradesh,Panna,IN-28-09,24.723,80.20375,EPSG:4326,12.0,157.14,185.42,172.58,174.04,162.45,158.46,9.88,14.11,0.002749,1420.46,185.36,0.042,Alluvium,177.44,D031,"LINESTRING(80.19875 24.721,80.20375 24.723,80.20875 24.724999999999998)",2026-08-10 06:00:00,Indian river/dam anchor + synthetic prototype cross-section,SYNTHETIC_PROTOTYPE
IN-R28,Ken,Ken Basin,Madhya Pradesh,Panna,IN-28-10,24.725,80.20625,EPSG:4326,13.5,45.0,53.1,167.26,166.91,155.06,152.33,10.45,14.93,0.003237,529.67,74.86,0.027,Silt,198.76,D031,"LINESTRING(80.20125 24.723,80.20625 24.724999999999998,80.21124999999999 24.726999999999997)",2026-08-11 06:00:00,Indian river/dam anchor + synthetic prototype cross-section,SYNTHETIC_PROTOTYPE
IN-R28,Ken,Ken Basin,Madhya Pradesh,Panna,IN-28-11,24.727,80.20875,EPSG:4326,15.0,70.77,83.51,104.4,103.03,96.12,94.59,6.87,9.81,0.003297,496.92,90.39,0.037,Alluvium,127.96,D031,"LINESTRING(80.20375000000001 24.725,80.20875000000001 24.727,80.21375 24.729)",2026-08-12 06:00:00,Indian river/dam anchor + synthetic prototype cross-section,SYNTHETIC_PROTOTYPE
IN-R28,Ken,Ken Basin,Madhya Pradesh,Panna,IN-28-12,24.729,80.21125,EPSG:4326,16.5,139.88,165.06,132.64,126.7,125.21,121.93,7.5,10.71,0.002237,1074.1,161.31,0.042,Clay,74.84,D031,"LINESTRING(80.20625000000001 24.727,80.21125 24.729,80.21625 24.730999999999998)",2026-08-13 06:00:00,Indian river/dam anchor + synthetic prototype cross-section,SYNTHETIC_PROTOTYPE
IN-R28,Ken,Ken Basin,Madhya Pradesh,Panna,IN-28-13,24.731,80.21375,EPSG:4326,18.0,89.1,105.14,70.49,75.13,56.44,54.33,11.32,16.17,0.002494,982.9,121.43,0.042,Clay,302.11,D031,"LINESTRING(80.20875000000001 24.729,80.21375 24.730999999999998,80.21875 24.732999999999997)",2026-08-14 06:00:00,Indian river/dam anchor + synthetic prototype cross-section,SYNTHETIC_PROTOTYPE
IN-R28,Ken,Ken Basin,Madhya Pradesh,Panna,IN-28-14,24.733,80.21625,EPSG:4326,19.5,95.12,112.24,142.16,140.07,136.18,135.48,4.67,6.68,0.003867,399.58,108.48,0.042,Clay,324.54,D031,"LINESTRING(80.21125 24.731,80.21625 24.733,80.22125 24.735)",2026-08-15 06:00:00,Indian river/dam anchor + synthetic prototype cross-section,SYNTHETIC_PROTOTYPE
IN-R29,Son,Son Basin,Madhya Pradesh,Sidhi,IN-29-01,24.407,81.86375,EPSG:4326,0.0,90.12,106.34,156.47,157.27,148.26,144.85,8.13,11.61,0.002402,800.61,113.34,0.042,Clay,313.59,D049,"LINESTRING(81.85875 24.405,81.86375 24.407,81.86874999999999 24.409)",2026-08-02 06:00:00,Indian river/dam anchor + synthetic prototype cross-section,SYNTHETIC_PROTOTYPE
IN-R29,Son,Son Basin,Madhya Pradesh,Sidhi,IN-29-02,24.409,81.86625,EPSG:4326,1.5,94.16,111.11,169.08,174.9,161.67,161.0,5.65,8.08,0.001896,673.26,110.31,0.035,Sand,26.26,D049,"LINESTRING(81.86125 24.407000000000004,81.86625 24.409000000000002,81.87124999999999 24.411)",2026-08-03 06:00:00,Indian river/dam anchor + synthetic prototype cross-section,SYNTHETIC_PROTOTYPE
IN-R29,Son,Son Basin,Madhya Pradesh,Sidhi,IN-29-03,24.411,81.86875,EPSG:4326,3.0,106.71,125.92,97.28,101.47,89.22,87.22,7.04,10.06,0.002039,842.24,126.83,0.031,Alluvium,49.28,D049,"LINESTRING(81.86375 24.409000000000002,81.86874999999999 24.411,81.87374999999999 24.413)",2026-08-04 06:00:00,Indian river/dam anchor + synthetic prototype cross-section,SYNTHETIC_PROTOTYPE
IN-R29,Son,Son Basin,Madhya Pradesh,Sidhi,IN-29-04,24.413,81.87125,EPSG:4326,4.5,148.78,175.56,170.35,166.31,160.61,157.4,9.06,12.95,0.003197,1180.84,174.68,0.029,Alluvium,286.61,D049,"LINESTRING(81.86625 24.411,81.87124999999999 24.413,81.87624999999998 24.415)",2026-08-05 06:00:00,Indian river/dam anchor + synthetic prototype cross-section,SYNTHETIC_PROTOTYPE
IN-R29,Son,Son Basin,Madhya Pradesh,Sidhi,IN-29-05,24.415,81.87375,EPSG:4326,6.0,79.42,93.71,151.81,146.87,138.35,136.46,10.74,15.35,0.003447,871.86,110.11,0.03,Silt,78.12,D049,"LINESTRING(81.86875 24.413000000000004,81.87375 24.415000000000003,81.87875 24.417)",2026-08-06 06:00:00,Indian river/dam anchor + synthetic prototype cross-section,SYNTHETIC_PROTOTYPE
IN-R29,Son,Son Basin,Madhya Pradesh,Sidhi,IN-29-06,24.417,81.87625,EPSG:4326,7.5,118.26,139.54,180.67,173.2,177.28,175.02,3.95,5.65,0.001269,553.5,129.55,0.026,Gravel,136.43,D049,"LINESTRING(81.87125 24.415000000000003,81.87625 24.417,81.88125 24.419)",2026-08-07 06:00:00,Indian river/dam anchor + synthetic prototype cross-section,SYNTHETIC_PROTOTYPE
IN-R29,Son,Son Basin,Madhya Pradesh,Sidhi,IN-29-07,24.419,81.87875,EPSG:4326,9.0,124.27,146.64,162.58,166.35,152.55,150.01,8.8,12.57,0.001277,1271.8,149.42,0.036,Sand,227.72,D049,"LINESTRING(81.87375 24.417,81.87875 24.419,81.88374999999999 24.421)",2026-08-08 06:00:00,Indian river/dam anchor + synthetic prototype cross-section,SYNTHETIC_PROTOTYPE
IN-R29,Son,Son Basin,Madhya Pradesh,Sidhi,IN-29-08,24.421,81.88125,EPSG:4326,10.5,30.0,35.4,211.25,212.87,205.98,204.1,5.0,7.15,0.000588,158.49,44.3,0.028,Clay,34.87,D049,"LINESTRING(81.87625 24.419000000000004,81.88125 24.421000000000003,81.88624999999999 24.423000000000002)",2026-08-09 06:00:00,Indian river/dam anchor + synthetic prototype cross-section,SYNTHETIC_PROTOTYPE
IN-R29,Son,Son Basin,Madhya Pradesh,Sidhi,IN-29-09,24.423,81.88375,EPSG:4326,12.0,114.15,134.69,163.27,167.56,153.74,150.11,9.21,13.16,0.001311,987.79,140.46,0.037,Gravel,226.93,D049,"LINESTRING(81.87875 24.421000000000003,81.88374999999999 24.423000000000002,81.88874999999999 24.425)",2026-08-10 06:00:00,Indian river/dam anchor + synthetic prototype cross-section,SYNTHETIC_PROTOTYPE
IN-R29,Son,Son Basin,Madhya Pradesh,Sidhi,IN-29-10,24.425,81.88625,EPSG:4326,13.5,100.06,118.07,224.59,228.54,217.17,215.15,6.61,9.44,0.002249,754.94,118.94,0.044,Alluvium,318.06,D049,"LINESTRING(81.88125 24.423000000000002,81.88624999999999 24.425,81.89124999999999 24.427)",2026-08-11 06:00:00,Indian river/dam anchor + synthetic prototype cross-section,SYNTHETIC_PROTOTYPE
IN-R29,Son,Son Basin,Madhya Pradesh,Sidhi,IN-29-11,24.427,81.88875,EPSG:4326,15.0,43.5,51.33,255.35,256.34,250.3,246.85,5.95,8.5,0.002885,268.46,60.5,0.031,Alluvium,195.3,D049,"LINESTRING(81.88375 24.425000000000004,81.88875 24.427000000000003,81.89375 24.429000000000002)",2026-08-12 06:00:00,Indian river/dam anchor + synthetic prototype cross-section,SYNTHETIC_PROTOTYPE
IN-R29,Son,Son Basin,Madhya Pradesh,Sidhi,IN-29-12,24.429,81.89125,EPSG:4326,16.5,116.07,136.97,115.48,116.24,104.83,103.06,8.69,12.42,0.003089,1122.4,140.91,0.033,Gravel,41.97,D049,"LINESTRING(81.88625 24.427000000000003,81.89125 24.429000000000002,81.89625 24.431)",2026-08-13 06:00:00,Indian river/dam anchor + synthetic prototype cross-section,SYNTHETIC_PROTOTYPE
IN-R29,Son,Son Basin,Madhya Pradesh,Sidhi,IN-29-13,24.431,81.89375,EPSG:4326,18.0,77.6,91.57,113.06,110.54,101.75,98.19,10.41,14.87,0.003191,950.37,107.35,0.036,Silt,342.57,D049,"LINESTRING(81.88875 24.429000000000002,81.89375 24.431,81.89874999999999 24.433)",2026-08-14 06:00:00,Indian river/dam anchor + synthetic prototype cross-section,SYNTHETIC_PROTOTYPE
IN-R29,Son,Son Basin,Madhya Pradesh,Sidhi,IN-29-14,24.433,81.89625,EPSG:4326,19.5,110.23,130.07,130.3,130.09,119.38,116.36,9.76,13.95,0.004,1286.54,138.12,0.043,Gravel,46.07,D049,"LINESTRING(81.89125 24.431000000000004,81.89625 24.433000000000003,81.90124999999999 24.435000000000002)",2026-08-15 06:00:00,Indian river/dam anchor + synthetic prototype cross-section,SYNTHETIC_PROTOTYPE
IN-R30,Ghaghara,Ghaghara Basin,Uttar Pradesh,Ayodhya,IN-30-01,26.787,82.18375,EPSG:4326,0.0,105.92,124.98,125.67,122.15,112.04,108.08,12.31,17.59,0.000727,1277.22,141.09,0.044,Clay,106.65,D017,"LINESTRING(82.17875000000001 26.785,82.18375 26.787,82.18875 26.788999999999998)",2026-08-02 06:00:00,Indian river/dam anchor + synthetic prototype cross-section,SYNTHETIC_PROTOTYPE
IN-R30,Ghaghara,Ghaghara Basin,Uttar Pradesh,Ayodhya,IN-30-02,26.789,82.18625,EPSG:4326,1.5,146.21,172.53,137.5,135.2,126.51,125.35,8.5,12.15,0.002961,1220.3,170.5,0.041,Silt,93.95,D017,"LINESTRING(82.18125 26.787000000000003,82.18625 26.789,82.19125 26.791)",2026-08-03 06:00:00,Indian river/dam anchor + synthetic prototype cross-section,SYNTHETIC_PROTOTYPE
IN-R30,Ghaghara,Ghaghara Basin,Uttar Pradesh,Ayodhya,IN-30-03,26.791,82.18875,EPSG:4326,3.0,110.33,130.19,182.51,183.59,172.64,169.59,9.04,12.92,0.002547,899.81,136.17,0.029,Silt,9.97,D017,"LINESTRING(82.18375 26.789,82.18875 26.791,82.19375 26.793)",2026-08-04 06:00:00,Indian river/dam anchor + synthetic prototype cross-section,SYNTHETIC_PROTOTYPE
IN-R30,Ghaghara,Ghaghara Basin,Uttar Pradesh,Ayodhya,IN-30-04,26.793,82.19125,EPSG:4326,4.5,94.77,111.82,174.76,176.1,169.26,165.33,6.61,9.44,0.002657,779.94,113.64,0.029,Sand,132.02,D017,"LINESTRING(82.18625 26.791,82.19125 26.793,82.19624999999999 26.794999999999998)",2026-08-05 06:00:00,Indian river/dam anchor + synthetic prototype cross-section,SYNTHETIC_PROTOTYPE
IN-R30,Ghaghara,Ghaghara Basin,Uttar Pradesh,Ayodhya,IN-30-05,26.795,82.19375,EPSG:4326,6.0,157.55,185.91,159.34,158.09,153.5,152.84,4.55,6.5,0.003528,752.82,170.56,0.033,Alluvium,249.71,D017,"LINESTRING(82.18875000000001 26.793000000000003,82.19375000000001 26.795,82.19875 26.797)",2026-08-06 06:00:00,Indian river/dam anchor + synthetic prototype cross-section,SYNTHETIC_PROTOTYPE
IN-R30,Ghaghara,Ghaghara Basin,Uttar Pradesh,Ayodhya,IN-30-06,26.797,82.19625,EPSG:4326,7.5,98.5,116.23,180.86,184.26,168.31,166.81,9.83,14.04,0.002534,842.93,126.59,0.045,Clay,261.27,D017,"LINESTRING(82.19125000000001 26.795,82.19625 26.797,82.20125 26.799)",2026-08-07 06:00:00,Indian river/dam anchor + synthetic prototype cross-section,SYNTHETIC_PROTOTYPE
IN-R30,Ghaghara,Ghaghara Basin,Uttar Pradesh,Ayodhya,IN-30-07,26.799,82.19875,EPSG:4326,9.0,62.51,73.76,82.42,85.7,73.34,71.56,7.6,10.86,0.002944,446.99,84.23,0.028,Gravel,222.26,D017,"LINESTRING(82.19375000000001 26.797,82.19875 26.799,82.20375 26.801)",2026-08-08 06:00:00,Indian river/dam anchor + synthetic prototype cross-section,SYNTHETIC_PROTOTYPE
IN-R30,Ghaghara,Ghaghara Basin,Uttar Pradesh,Ayodhya,IN-30-08,26.801,82.20125,EPSG:4326,10.5,148.83,175.62,239.22,249.71,228.65,225.93,9.3,13.29,0.002413,1478.67,175.4,0.038,Sand,343.65,D017,"LINESTRING(82.19625 26.799000000000003,82.20125 26.801000000000002,82.20625 26.803)",2026-08-09 06:00:00,Indian river/dam anchor + synthetic prototype cross-section,SYNTHETIC_PROTOTYPE
IN-R30,Ghaghara,Ghaghara Basin,Uttar Pradesh,Ayodhya,IN-30-09,26.803,82.20375,EPSG:4326,12.0,121.19,143.0,132.59,132.37,128.73,125.48,4.98,7.11,0.002197,601.3,135.4,0.038,Sand,205.64,D017,"LINESTRING(82.19875 26.801000000000002,82.20375 26.803,82.20875 26.805)",2026-08-10 06:00:00,Indian river/dam anchor + synthetic prototype cross-section,SYNTHETIC_PROTOTYPE
IN-R30,Ghaghara,Ghaghara Basin,Uttar Pradesh,Ayodhya,IN-30-10,26.805,82.20625,EPSG:4326,13.5,134.77,159.03,97.23,93.61,89.37,88.52,6.09,8.7,0.001488,740.81,152.17,0.038,Sand,44.1,D017,"LINESTRING(82.20125 26.803,82.20625 26.805,82.21124999999999 26.807)",2026-08-11 06:00:00,Indian river/dam anchor + synthetic prototype cross-section,SYNTHETIC_PROTOTYPE
IN-R30,Ghaghara,Ghaghara Basin,Uttar Pradesh,Ayodhya,IN-30-11,26.807,82.20875,EPSG:4326,15.0,122.03,144.0,173.89,178.72,166.62,165.98,5.54,7.91,0.00138,827.22,137.86,0.044,Clay,279.2,D017,"LINESTRING(82.20375000000001 26.805000000000003,82.20875000000001 26.807000000000002,82.21375 26.809)",2026-08-12 06:00:00,Indian river/dam anchor + synthetic prototype cross-section,SYNTHETIC_PROTOTYPE
IN-R30,Ghaghara,Ghaghara Basin,Uttar Pradesh,Ayodhya,IN-30-12,26.809,82.21125,EPSG:4326,16.5,192.5,227.15,131.74,127.27,121.35,120.1,8.14,11.63,0.003287,1845.77,215.77,0.043,Alluvium,247.99,D017,"LINESTRING(82.20625000000001 26.807000000000002,82.21125 26.809,82.21625 26.811)",2026-08-13 06:00:00,Indian river/dam anchor + synthetic prototype cross-section,SYNTHETIC_PROTOTYPE
IN-R30,Ghaghara,Ghaghara Basin,Uttar Pradesh,Ayodhya,IN-30-13,26.811,82.21375,EPSG:4326,18.0,104.75,123.61,103.48,103.36,92.59,91.28,8.54,12.2,0.002212,1026.75,129.15,0.037,Sand,307.21,D017,"LINESTRING(82.20875000000001 26.809,82.21375 26.811,82.21875 26.813)",2026-08-14 06:00:00,Indian river/dam anchor + synthetic prototype cross-section,SYNTHETIC_PROTOTYPE
IN-R30,Ghaghara,Ghaghara Basin,Uttar Pradesh,Ayodhya,IN-30-14,26.813,82.21625,EPSG:4326,19.5,236.73,279.35,151.13,145.52,145.02,144.26,4.81,6.87,0.001553,1074.76,250.47,0.038,Clay,191.07,D017,"LINESTRING(82.21125 26.811000000000003,82.21625 26.813000000000002,82.22125 26.815)",2026-08-15 06:00:00,Indian river/dam anchor + synthetic prototype cross-section,SYNTHETIC_PROTOTYPE
IN-R31,Gandak,Gandak Basin,Bihar,Patna,IN-31-01,25.587,85.12375,EPSG:4326,0.0,150.22,177.25,221.77,223.26,210.29,208.03,9.61,13.74,0.00208,1413.15,177.69,0.029,Gravel,131.11,D034,"LINESTRING(85.11875 25.585,85.12375 25.587,85.12875 25.589)",2026-08-02 06:00:00,Indian river/dam anchor + synthetic prototype cross-section,SYNTHETIC_PROTOTYPE
IN-R31,Gandak,Gandak Basin,Bihar,Patna,IN-31-02,25.589,85.12625,EPSG:4326,1.5,129.23,152.5,93.19,93.39,79.25,77.3,11.12,15.89,0.001399,1681.64,161.02,0.029,Clay,41.65,D034,"LINESTRING(85.12125 25.587000000000003,85.12625 25.589000000000002,85.13125 25.591)",2026-08-03 06:00:00,Indian river/dam anchor + synthetic prototype cross-section,SYNTHETIC_PROTOTYPE
IN-R31,Gandak,Gandak Basin,Bihar,Patna,IN-31-03,25.591,85.12875,EPSG:4326,3.0,95.77,113.0,137.84,141.45,129.47,127.27,7.4,10.57,0.003506,679.93,116.91,0.037,Alluvium,206.06,D034,"LINESTRING(85.12375 25.589000000000002,85.12875 25.591,85.13374999999999 25.593)",2026-08-04 06:00:00,Indian river/dam anchor + synthetic prototype cross-section,SYNTHETIC_PROTOTYPE
IN-R31,Gandak,Gandak Basin,Bihar,Patna,IN-31-04,25.593,85.13125,EPSG:4326,4.5,35.88,42.34,175.13,170.78,162.5,159.66,10.82,15.46,0.001873,464.6,66.8,0.043,Clay,74.0,D034,"LINESTRING(85.12625 25.591,85.13125 25.593,85.13624999999999 25.595)",2026-08-05 06:00:00,Indian river/dam anchor + synthetic prototype cross-section,SYNTHETIC_PROTOTYPE
IN-R31,Gandak,Gandak Basin,Bihar,Patna,IN-31-05,25.595,85.13375,EPSG:4326,6.0,82.34,97.16,169.19,175.33,163.65,161.59,5.32,7.61,0.001593,546.32,97.55,0.034,Sand,351.3,D034,"LINESTRING(85.12875000000001 25.593000000000004,85.13375 25.595000000000002,85.13875 25.597)",2026-08-06 06:00:00,Indian river/dam anchor + synthetic prototype cross-section,SYNTHETIC_PROTOTYPE
IN-R31,Gandak,Gandak Basin,Bihar,Patna,IN-31-06,25.597,85.13625,EPSG:4326,7.5,91.77,108.28,70.26,67.06,59.61,56.23,9.82,14.03,0.003692,945.46,119.83,0.03,Alluvium,73.47,D034,"LINESTRING(85.13125000000001 25.595000000000002,85.13625 25.597,85.14125 25.599)",2026-08-07 06:00:00,Indian river/dam anchor + synthetic prototype cross-section,SYNTHETIC_PROTOTYPE
IN-R31,Gandak,Gandak Basin,Bihar,Patna,IN-31-07,25.599,85.13875,EPSG:4326,9.0,170.5,201.19,90.32,89.38,85.65,82.26,5.65,8.06,0.002758,1173.34,186.63,0.041,Sand,14.04,D034,"LINESTRING(85.13375 25.597,85.13875 25.599,85.14375 25.601)",2026-08-08 06:00:00,Indian river/dam anchor + synthetic prototype cross-section,SYNTHETIC_PROTOTYPE
IN-R31,Gandak,Gandak Basin,Bihar,Patna,IN-31-08,25.601,85.14125,EPSG:4326,10.5,137.05,161.71,172.82,178.29,161.94,160.08,8.92,12.74,0.002871,1424.93,162.53,0.028,Gravel,90.87,D034,"LINESTRING(85.13625 25.599000000000004,85.14125 25.601000000000003,85.14625 25.603)",2026-08-09 06:00:00,Indian river/dam anchor + synthetic prototype cross-section,SYNTHETIC_PROTOTYPE
IN-R31,Gandak,Gandak Basin,Bihar,Patna,IN-31-09,25.603,85.14375,EPSG:4326,12.0,75.24,88.78,164.11,157.8,155.65,152.92,7.83,11.19,0.001227,678.75,97.62,0.026,Sand,21.74,D034,"LINESTRING(85.13875 25.601000000000003,85.14375 25.603,85.14874999999999 25.605)",2026-08-10 06:00:00,Indian river/dam anchor + synthetic prototype cross-section,SYNTHETIC_PROTOTYPE
IN-R31,Gandak,Gandak Basin,Bihar,Patna,IN-31-10,25.605,85.14625,EPSG:4326,13.5,148.31,175.0,164.0,166.27,156.73,156.01,5.59,7.99,0.002657,968.68,164.29,0.028,Gravel,55.16,D034,"LINESTRING(85.14125 25.603,85.14625 25.605,85.15124999999999 25.607)",2026-08-11 06:00:00,Indian river/dam anchor + synthetic prototype cross-section,SYNTHETIC_PROTOTYPE
IN-R31,Gandak,Gandak Basin,Bihar,Patna,IN-31-11,25.607,85.14875,EPSG:4326,15.0,90.3,106.56,184.25,190.35,171.67,169.31,10.45,14.93,0.000174,844.45,120.16,0.041,Gravel,189.2,D034,"LINESTRING(85.14375000000001 25.605000000000004,85.14875 25.607000000000003,85.15375 25.609)",2026-08-12 06:00:00,Indian river/dam anchor + synthetic prototype cross-section,SYNTHETIC_PROTOTYPE
IN-R31,Gandak,Gandak Basin,Bihar,Patna,IN-31-12,25.609,85.15125,EPSG:4326,16.5,86.79,102.42,193.06,188.96,182.44,180.61,8.72,12.46,0.001572,706.06,111.7,0.037,Gravel,11.43,D034,"LINESTRING(85.14625000000001 25.607000000000003,85.15125 25.609,85.15625 25.611)",2026-08-13 06:00:00,Indian river/dam anchor + synthetic prototype cross-section,SYNTHETIC_PROTOTYPE
IN-R31,Gandak,Gandak Basin,Bihar,Patna,IN-31-13,25.611,85.15375,EPSG:4326,18.0,178.66,210.82,166.46,170.68,157.62,156.36,7.08,10.11,0.001606,1344.46,198.87,0.032,Clay,226.85,D034,"LINESTRING(85.14875 25.609,85.15375 25.611,85.15875 25.613)",2026-08-14 06:00:00,Indian river/dam anchor + synthetic prototype cross-section,SYNTHETIC_PROTOTYPE
IN-R31,Gandak,Gandak Basin,Bihar,Patna,IN-31-14,25.613,85.15625,EPSG:4326,19.5,71.29,84.12,179.08,178.11,166.49,164.13,10.46,14.94,0.003169,783.72,101.17,0.036,Clay,336.39,D034,"LINESTRING(85.15125 25.611000000000004,85.15625 25.613000000000003,85.16125 25.615000000000002)",2026-08-15 06:00:00,Indian river/dam anchor + synthetic prototype cross-section,SYNTHETIC_PROTOTYPE
IN-R32,Kosi,Kosi Basin,Bihar,Saharsa,IN-32-01,25.867,86.58375,EPSG:4326,0.0,167.69,197.87,78.25,74.65,67.14,65.27,9.09,12.98,0.003588,1834.39,193.65,0.032,Gravel,7.86,D035,"LINESTRING(86.57875 25.865,86.58375 25.866999999999997,86.58874999999999 25.868999999999996)",2026-08-02 06:00:00,Indian river/dam anchor + synthetic prototype cross-section,SYNTHETIC_PROTOTYPE
IN-R32,Kosi,Kosi Basin,Bihar,Saharsa,IN-32-02,25.869,86.58625,EPSG:4326,1.5,86.57,102.15,190.88,190.08,184.43,181.74,6.4,9.14,0.002156,503.66,104.85,0.042,Alluvium,59.15,D035,"LINESTRING(86.58125 25.867,86.58624999999999 25.869,86.59124999999999 25.871)",2026-08-03 06:00:00,Indian river/dam anchor + synthetic prototype cross-section,SYNTHETIC_PROTOTYPE
IN-R32,Kosi,Kosi Basin,Bihar,Saharsa,IN-32-03,25.871,86.58875,EPSG:4326,3.0,107.51,126.86,172.76,171.07,161.31,158.6,9.91,14.16,0.00285,941.54,135.84,0.04,Sand,358.94,D035,"LINESTRING(86.58375 25.869,86.58874999999999 25.871,86.59374999999999 25.872999999999998)",2026-08-04 06:00:00,Indian river/dam anchor + synthetic prototype cross-section,SYNTHETIC_PROTOTYPE
IN-R32,Kosi,Kosi Basin,Bihar,Saharsa,IN-32-04,25.873,86.59125,EPSG:4326,4.5,97.31,114.82,112.71,111.71,109.01,105.69,4.91,7.02,0.001084,524.55,111.35,0.044,Silt,229.91,D035,"LINESTRING(86.58624999999999 25.871,86.59124999999999 25.872999999999998,86.59624999999998 25.874999999999996)",2026-08-05 06:00:00,Indian river/dam anchor + synthetic prototype cross-section,SYNTHETIC_PROTOTYPE
IN-R32,Kosi,Kosi Basin,Bihar,Saharsa,IN-32-05,25.875,86.59375,EPSG:4326,6.0,117.39,138.52,129.75,133.57,118.37,114.72,10.53,15.04,0.000641,1552.02,147.46,0.037,Silt,166.34,D035,"LINESTRING(86.58875 25.873,86.59375 25.875,86.59875 25.877)",2026-08-06 06:00:00,Indian river/dam anchor + synthetic prototype cross-section,SYNTHETIC_PROTOTYPE
IN-R32,Kosi,Kosi Basin,Bihar,Saharsa,IN-32-06,25.877,86.59625,EPSG:4326,7.5,80.69,95.21,145.21,149.51,132.87,131.8,9.39,13.42,0.002051,879.32,107.52,0.043,Sand,140.98,D035,"LINESTRING(86.59125 25.875,86.59625 25.877,86.60125 25.878999999999998)",2026-08-07 06:00:00,Indian river/dam anchor + synthetic prototype cross-section,SYNTHETIC_PROTOTYPE
IN-R32,Kosi,Kosi Basin,Bihar,Saharsa,IN-32-07,25.879,86.59875,EPSG:4326,9.0,81.68,96.38,157.94,163.25,154.84,152.68,3.69,5.26,0.001722,296.56,92.21,0.028,Clay,232.82,D035,"LINESTRING(86.59375 25.877,86.59875 25.878999999999998,86.60374999999999 25.880999999999997)",2026-08-08 06:00:00,Indian river/dam anchor + synthetic prototype cross-section,SYNTHETIC_PROTOTYPE
IN-R32,Kosi,Kosi Basin,Bihar,Saharsa,IN-32-08,25.881,86.60125,EPSG:4326,10.5,43.44,51.25,145.92,149.66,133.21,131.36,10.19,14.56,0.003813,513.79,72.56,0.038,Silt,297.69,D035,"LINESTRING(86.59625 25.879,86.60125 25.881,86.60624999999999 25.883)",2026-08-09 06:00:00,Indian river/dam anchor + synthetic prototype cross-section,SYNTHETIC_PROTOTYPE
IN-R32,Kosi,Kosi Basin,Bihar,Saharsa,IN-32-09,25.883,86.60375,EPSG:4326,12.0,166.59,196.58,220.42,215.59,215.49,213.03,5.17,7.38,0.002027,914.47,181.36,0.026,Sand,46.2,D035,"LINESTRING(86.59875 25.881,86.60374999999999 25.883,86.60874999999999 25.884999999999998)",2026-08-10 06:00:00,Indian river/dam anchor + synthetic prototype cross-section,SYNTHETIC_PROTOTYPE
IN-R32,Kosi,Kosi Basin,Bihar,Saharsa,IN-32-10,25.885,86.60625,EPSG:4326,13.5,54.62,64.46,173.24,165.67,165.51,162.95,7.2,10.29,0.003728,471.97,75.21,0.028,Gravel,257.44,D035,"LINESTRING(86.60125 25.883,86.60624999999999 25.884999999999998,86.61124999999998 25.886999999999997)",2026-08-11 06:00:00,Indian river/dam anchor + synthetic prototype cross-section,SYNTHETIC_PROTOTYPE
IN-R32,Kosi,Kosi Basin,Bihar,Saharsa,IN-32-11,25.887,86.60875,EPSG:4326,15.0,30.0,35.4,157.38,158.28,153.57,149.67,5.4,7.71,0.000486,204.31,45.42,0.029,Sand,175.44,D035,"LINESTRING(86.60375 25.885,86.60875 25.887,86.61375 25.889)",2026-08-12 06:00:00,Indian river/dam anchor + synthetic prototype cross-section,SYNTHETIC_PROTOTYPE
IN-R32,Kosi,Kosi Basin,Bihar,Saharsa,IN-32-12,25.889,86.61125,EPSG:4326,16.5,169.74,200.29,212.71,207.68,201.8,199.3,9.39,13.41,0.003406,2010.86,196.56,0.041,Alluvium,5.43,D035,"LINESTRING(86.60625 25.887,86.61125 25.889,86.61625 25.891)",2026-08-13 06:00:00,Indian river/dam anchor + synthetic prototype cross-section,SYNTHETIC_PROTOTYPE
IN-R32,Kosi,Kosi Basin,Bihar,Saharsa,IN-32-13,25.891,86.61375,EPSG:4326,18.0,103.9,122.61,120.92,118.76,116.65,115.46,3.82,5.46,0.00018,451.95,114.83,0.035,Sand,37.85,D035,"LINESTRING(86.60875 25.889,86.61375 25.891,86.61874999999999 25.892999999999997)",2026-08-14 06:00:00,Indian river/dam anchor + synthetic prototype cross-section,SYNTHETIC_PROTOTYPE
IN-R32,Kosi,Kosi Basin,Bihar,Saharsa,IN-32-14,25.893,86.61625,EPSG:4326,19.5,95.16,112.29,166.32,164.97,154.76,151.28,10.53,15.04,0.001276,1182.22,125.24,0.037,Sand,274.81,D035,"LINESTRING(86.61125 25.891000000000002,86.61625 25.893,86.62124999999999 25.895)",2026-08-15 06:00:00,Indian river/dam anchor + synthetic prototype cross-section,SYNTHETIC_PROTOTYPE
IN-R33,Mahananda,Mahananda Basin,West Bengal,Siliguri,IN-33-01,26.717,88.38375,EPSG:4326,0.0,132.61,156.48,151.09,148.61,136.28,134.11,11.89,16.98,0.000841,1822.12,166.57,0.031,Alluvium,103.42,D036,"LINESTRING(88.37875000000001 26.715,88.38375 26.717,88.38875 26.718999999999998)",2026-08-02 06:00:00,Indian river/dam anchor + synthetic prototype cross-section,SYNTHETIC_PROTOTYPE
IN-R33,Mahananda,Mahananda Basin,West Bengal,Siliguri,IN-33-02,26.719,88.38625,EPSG:4326,1.5,60.79,71.73,151.07,145.12,141.74,139.07,8.4,12.01,0.00201,507.67,84.8,0.027,Gravel,314.45,D036,"LINESTRING(88.38125000000001 26.717000000000002,88.38625 26.719,88.39125 26.721)",2026-08-03 06:00:00,Indian river/dam anchor + synthetic prototype cross-section,SYNTHETIC_PROTOTYPE
IN-R33,Mahananda,Mahananda Basin,West Bengal,Siliguri,IN-33-03,26.721,88.38875,EPSG:4326,3.0,146.53,172.91,151.54,144.6,139.26,136.92,10.23,14.62,0.000562,1799.65,175.77,0.044,Sand,173.41,D036,"LINESTRING(88.38375 26.719,88.38875 26.721,88.39375 26.723)",2026-08-04 06:00:00,Indian river/dam anchor + synthetic prototype cross-section,SYNTHETIC_PROTOTYPE
IN-R33,Mahananda,Mahananda Basin,West Bengal,Siliguri,IN-33-04,26.723,88.39125,EPSG:4326,4.5,73.14,86.31,195.9,197.33,182.22,181.27,10.24,14.63,0.00078,882.38,102.4,0.027,Alluvium,59.85,D036,"LINESTRING(88.38625 26.721,88.39125 26.723,88.39625 26.724999999999998)",2026-08-05 06:00:00,Indian river/dam anchor + synthetic prototype cross-section,SYNTHETIC_PROTOTYPE
IN-R33,Mahananda,Mahananda Basin,West Bengal,Siliguri,IN-33-05,26.725,88.39375,EPSG:4326,6.0,146.82,173.25,163.74,166.15,152.85,150.32,9.4,13.43,0.000771,1357.81,173.68,0.033,Alluvium,93.16,D036,"LINESTRING(88.38875000000002 26.723000000000003,88.39375000000001 26.725,88.39875 26.727)",2026-08-06 06:00:00,Indian river/dam anchor + synthetic prototype cross-section,SYNTHETIC_PROTOTYPE
IN-R33,Mahananda,Mahananda Basin,West Bengal,Siliguri,IN-33-06,26.727,88.39625,EPSG:4326,7.5,136.81,161.44,126.19,131.1,117.62,114.97,7.85,11.22,0.003687,1051.55,159.24,0.043,Gravel,31.88,D036,"LINESTRING(88.39125000000001 26.725,88.39625000000001 26.727,88.40125 26.729)",2026-08-07 06:00:00,Indian river/dam anchor + synthetic prototype cross-section,SYNTHETIC_PROTOTYPE
IN-R33,Mahananda,Mahananda Basin,West Bengal,Siliguri,IN-33-07,26.729,88.39875,EPSG:4326,9.0,137.83,162.64,158.65,163.58,146.93,145.04,9.53,13.61,0.00244,1543.14,165.05,0.043,Gravel,331.62,D036,"LINESTRING(88.39375000000001 26.727,88.39875 26.729,88.40375 26.730999999999998)",2026-08-08 06:00:00,Indian river/dam anchor + synthetic prototype cross-section,SYNTHETIC_PROTOTYPE
IN-R33,Mahananda,Mahananda Basin,West Bengal,Siliguri,IN-33-08,26.731,88.40125,EPSG:4326,10.5,151.08,178.27,181.73,182.06,170.98,170.46,7.89,11.27,0.001988,1120.13,173.61,0.029,Alluvium,121.78,D036,"LINESTRING(88.39625000000001 26.729000000000003,88.40125 26.731,88.40625 26.733)",2026-08-09 06:00:00,Indian river/dam anchor + synthetic prototype cross-section,SYNTHETIC_PROTOTYPE
IN-R33,Mahananda,Mahananda Basin,West Bengal,Siliguri,IN-33-09,26.733,88.40375,EPSG:4326,12.0,85.34,100.71,182.86,179.98,171.24,170.13,8.91,12.73,0.000554,702.87,110.81,0.043,Alluvium,315.47,D036,"LINESTRING(88.39875 26.731,88.40375 26.733,88.40875 26.735)",2026-08-10 06:00:00,Indian river/dam anchor + synthetic prototype cross-section,SYNTHETIC_PROTOTYPE
IN-R33,Mahananda,Mahananda Basin,West Bengal,Siliguri,IN-33-10,26.735,88.40625,EPSG:4326,13.5,127.61,150.58,142.29,133.07,135.94,134.26,5.62,8.03,0.001955,742.53,143.68,0.028,Clay,338.44,D036,"LINESTRING(88.40125 26.733,88.40625 26.735,88.41125 26.737)",2026-08-11 06:00:00,Indian river/dam anchor + synthetic prototype cross-section,SYNTHETIC_PROTOTYPE
IN-R33,Mahananda,Mahananda Basin,West Bengal,Siliguri,IN-33-11,26.737,88.40875,EPSG:4326,15.0,160.84,189.79,159.97,154.94,155.27,151.33,6.05,8.64,0.003435,1145.31,178.12,0.039,Clay,344.0,D036,"LINESTRING(88.40375000000002 26.735000000000003,88.40875000000001 26.737000000000002,88.41375000000001 26.739)",2026-08-12 06:00:00,Indian river/dam anchor + synthetic prototype cross-section,SYNTHETIC_PROTOTYPE
IN-R33,Mahananda,Mahananda Basin,West Bengal,Siliguri,IN-33-12,26.739,88.41125,EPSG:4326,16.5,140.85,166.2,172.65,166.35,165.55,163.2,6.62,9.45,0.003309,1042.96,159.75,0.045,Alluvium,282.95,D036,"LINESTRING(88.40625000000001 26.737000000000002,88.41125000000001 26.739,88.41625 26.741)",2026-08-13 06:00:00,Indian river/dam anchor + synthetic prototype cross-section,SYNTHETIC_PROTOTYPE
IN-R33,Mahananda,Mahananda Basin,West Bengal,Siliguri,IN-33-13,26.741,88.41375,EPSG:4326,18.0,118.24,139.52,193.86,194.27,187.36,186.3,5.3,7.57,0.002633,557.37,133.37,0.043,Silt,208.74,D036,"LINESTRING(88.40875000000001 26.739,88.41375000000001 26.741,88.41875 26.743)",2026-08-14 06:00:00,Indian river/dam anchor + synthetic prototype cross-section,SYNTHETIC_PROTOTYPE
IN-R33,Mahananda,Mahananda Basin,West Bengal,Siliguri,IN-33-14,26.743,88.41625,EPSG:4326,19.5,120.86,142.61,155.93,161.05,143.02,139.81,11.28,16.11,0.003254,1710.66,153.09,0.031,Clay,339.89,D036,"LINESTRING(88.41125000000001 26.741000000000003,88.41625 26.743000000000002,88.42125 26.745)",2026-08-15 06:00:00,Indian river/dam anchor + synthetic prototype cross-section,SYNTHETIC_PROTOTYPE
IN-R34,Teesta,Teesta Basin,West Bengal,Jalpaiguri,IN-34-01,26.507,88.70375,EPSG:4326,0.0,110.07,129.88,171.41,177.05,163.03,160.78,7.44,10.63,0.002336,978.31,131.32,0.032,Gravel,229.03,D037,"LINESTRING(88.69875 26.505,88.70375 26.506999999999998,88.70875 26.508999999999997)",2026-08-02 06:00:00,Indian river/dam anchor + synthetic prototype cross-section,SYNTHETIC_PROTOTYPE
IN-R34,Teesta,Teesta Basin,West Bengal,Jalpaiguri,IN-34-02,26.509,88.70625,EPSG:4326,1.5,81.24,95.87,144.54,141.18,132.13,128.45,11.26,16.09,0.003164,1051.45,113.43,0.034,Alluvium,81.83,D037,"LINESTRING(88.70125 26.507,88.70625 26.509,88.71124999999999 26.511)",2026-08-03 06:00:00,Indian river/dam anchor + synthetic prototype cross-section,SYNTHETIC_PROTOTYPE
IN-R34,Teesta,Teesta Basin,West Bengal,Jalpaiguri,IN-34-03,26.511,88.70875,EPSG:4326,3.0,101.46,119.72,82.83,85.36,73.81,70.91,8.35,11.92,0.001758,1003.66,125.31,0.027,Silt,311.12,D037,"LINESTRING(88.70375 26.509,88.70875 26.511,88.71374999999999 26.512999999999998)",2026-08-04 06:00:00,Indian river/dam anchor + synthetic prototype cross-section,SYNTHETIC_PROTOTYPE
IN-R34,Teesta,Teesta Basin,West Bengal,Jalpaiguri,IN-34-04,26.513,88.71125,EPSG:4326,4.5,123.99,146.3,134.96,140.36,131.27,129.65,3.72,5.32,0.001818,565.63,134.62,0.039,Gravel,79.95,D037,"LINESTRING(88.70625 26.511,88.71124999999999 26.512999999999998,88.71624999999999 26.514999999999997)",2026-08-05 06:00:00,Indian river/dam anchor + synthetic prototype cross-section,SYNTHETIC_PROTOTYPE
IN-R34,Teesta,Teesta Basin,West Bengal,Jalpaiguri,IN-34-05,26.515,88.71375,EPSG:4326,6.0,149.69,176.63,93.51,91.54,79.39,75.67,12.49,17.84,0.003132,2113.49,185.37,0.042,Alluvium,271.2,D037,"LINESTRING(88.70875000000001 26.513,88.71375 26.515,88.71875 26.517)",2026-08-06 06:00:00,Indian river/dam anchor + synthetic prototype cross-section,SYNTHETIC_PROTOTYPE
IN-R34,Teesta,Teesta Basin,West Bengal,Jalpaiguri,IN-34-06,26.517,88.71625,EPSG:4326,7.5,108.53,128.06,150.06,152.43,142.15,139.98,7.05,10.07,0.000234,731.73,128.67,0.036,Clay,217.48,D037,"LINESTRING(88.71125 26.515,88.71625 26.517,88.72125 26.519)",2026-08-07 06:00:00,Indian river/dam anchor + synthetic prototype cross-section,SYNTHETIC_PROTOTYPE
IN-R34,Teesta,Teesta Basin,West Bengal,Jalpaiguri,IN-34-07,26.519,88.71875,EPSG:4326,9.0,154.53,182.35,103.29,98.17,93.21,91.98,7.92,11.31,0.002045,1152.25,177.16,0.042,Gravel,10.71,D037,"LINESTRING(88.71375 26.517,88.71875 26.519,88.72375 26.520999999999997)",2026-08-08 06:00:00,Indian river/dam anchor + synthetic prototype cross-section,SYNTHETIC_PROTOTYPE
IN-R34,Teesta,Teesta Basin,West Bengal,Jalpaiguri,IN-34-08,26.521,88.72125,EPSG:4326,10.5,103.6,122.25,92.95,90.24,80.42,77.31,10.95,15.64,0.002452,1023.83,134.89,0.039,Silt,328.99,D037,"LINESTRING(88.71625 26.519000000000002,88.72125 26.521,88.72625 26.523)",2026-08-09 06:00:00,Indian river/dam anchor + synthetic prototype cross-section,SYNTHETIC_PROTOTYPE
IN-R34,Teesta,Teesta Basin,West Bengal,Jalpaiguri,IN-34-09,26.523,88.72375,EPSG:4326,12.0,92.13,108.71,123.18,125.38,116.38,115.57,5.33,7.61,0.001097,482.65,107.34,0.04,Gravel,323.06,D037,"LINESTRING(88.71875 26.521,88.72375 26.523,88.72874999999999 26.525)",2026-08-10 06:00:00,Indian river/dam anchor + synthetic prototype cross-section,SYNTHETIC_PROTOTYPE
IN-R34,Teesta,Teesta Basin,West Bengal,Jalpaiguri,IN-34-10,26.525,88.72625,EPSG:4326,13.5,103.12,121.68,190.82,187.72,175.85,172.95,12.51,17.87,0.003714,1574.79,138.86,0.034,Gravel,193.0,D037,"LINESTRING(88.72125 26.523,88.72625 26.525,88.73124999999999 26.526999999999997)",2026-08-11 06:00:00,Indian river/dam anchor + synthetic prototype cross-section,SYNTHETIC_PROTOTYPE
IN-R34,Teesta,Teesta Basin,West Bengal,Jalpaiguri,IN-34-11,26.527,88.72875,EPSG:4326,15.0,146.83,173.26,167.41,164.26,162.78,160.12,5.11,7.29,0.001118,674.36,161.42,0.042,Silt,318.23,D037,"LINESTRING(88.72375000000001 26.525000000000002,88.72875 26.527,88.73375 26.529)",2026-08-12 06:00:00,Indian river/dam anchor + synthetic prototype cross-section,SYNTHETIC_PROTOTYPE
IN-R34,Teesta,Teesta Basin,West Bengal,Jalpaiguri,IN-34-12,26.529,88.73125,EPSG:4326,16.5,62.65,73.93,125.15,128.36,118.48,114.53,7.43,10.62,0.000246,419.69,83.89,0.03,Clay,294.57,D037,"LINESTRING(88.72625000000001 26.527,88.73125 26.529,88.73625 26.531)",2026-08-13 06:00:00,Indian river/dam anchor + synthetic prototype cross-section,SYNTHETIC_PROTOTYPE
IN-R34,Teesta,Teesta Basin,West Bengal,Jalpaiguri,IN-34-13,26.531,88.73375,EPSG:4326,18.0,118.69,140.05,262.26,269.92,247.65,244.02,12.76,18.23,0.003233,1634.56,155.16,0.041,Alluvium,253.93,D037,"LINESTRING(88.72875 26.529,88.73375 26.531,88.73875 26.532999999999998)",2026-08-14 06:00:00,Indian river/dam anchor + synthetic prototype cross-section,SYNTHETIC_PROTOTYPE
IN-R34,Teesta,Teesta Basin,West Bengal,Jalpaiguri,IN-34-14,26.533,88.73625,EPSG:4326,19.5,100.75,118.89,188.93,185.05,185.71,183.58,3.74,5.34,0.003256,324.14,111.44,0.029,Alluvium,86.9,D037,"LINESTRING(88.73125 26.531000000000002,88.73625 26.533,88.74125 26.535)",2026-08-15 06:00:00,Indian river/dam anchor + synthetic prototype cross-section,SYNTHETIC_PROTOTYPE
IN-R35,Ravi,Indus Basin,Punjab,Pathankot,IN-35-01,32.417,75.63375,EPSG:4326,0.0,104.34,123.13,174.35,177.15,170.56,167.94,4.49,6.41,0.000216,556.65,117.17,0.043,Sand,187.78,D045,"LINESTRING(75.62875000000001 32.415,75.63375 32.417,75.63875 32.419000000000004)",2026-08-02 06:00:00,Indian river/dam anchor + synthetic prototype cross-section,SYNTHETIC_PROTOTYPE
IN-R35,Ravi,Indus Basin,Punjab,Pathankot,IN-35-02,32.419,75.63625,EPSG:4326,1.5,78.72,92.88,208.37,214.95,202.7,199.81,5.99,8.56,0.003789,536.41,95.84,0.037,Alluvium,169.42,D045,"LINESTRING(75.63125000000001 32.416999999999994,75.63625 32.419,75.64125 32.421)",2026-08-03 06:00:00,Indian river/dam anchor + synthetic prototype cross-section,SYNTHETIC_PROTOTYPE
IN-R35,Ravi,Indus Basin,Punjab,Pathankot,IN-35-03,32.421,75.63875,EPSG:4326,3.0,128.7,151.86,132.74,133.88,129.49,127.0,4.02,5.74,0.003362,633.32,140.18,0.03,Alluvium,311.68,D045,"LINESTRING(75.63375 32.419,75.63875 32.421,75.64375 32.423)",2026-08-04 06:00:00,Indian river/dam anchor + synthetic prototype cross-section,SYNTHETIC_PROTOTYPE
IN-R35,Ravi,Indus Basin,Punjab,Pathankot,IN-35-04,32.423,75.64125,EPSG:4326,4.5,102.04,120.41,196.45,199.34,182.23,179.48,11.88,16.97,0.003636,1429.16,135.99,0.031,Silt,30.33,D045,"LINESTRING(75.63625 32.421,75.64125 32.423,75.64625 32.425000000000004)",2026-08-05 06:00:00,Indian river/dam anchor + synthetic prototype cross-section,SYNTHETIC_PROTOTYPE
IN-R35,Ravi,Indus Basin,Punjab,Pathankot,IN-35-05,32.425,75.64375,EPSG:4326,6.0,38.51,45.44,163.45,162.74,156.15,152.73,7.51,10.72,0.002747,354.13,59.95,0.033,Silt,303.58,D045,"LINESTRING(75.63875000000002 32.422999999999995,75.64375000000001 32.425,75.64875 32.427)",2026-08-06 06:00:00,Indian river/dam anchor + synthetic prototype cross-section,SYNTHETIC_PROTOTYPE
IN-R35,Ravi,Indus Basin,Punjab,Pathankot,IN-35-06,32.427,75.64625,EPSG:4326,7.5,85.61,101.02,142.55,146.08,139.2,138.09,3.12,4.46,0.003057,303.35,94.53,0.037,Sand,285.61,D045,"LINESTRING(75.64125000000001 32.425,75.64625000000001 32.427,75.65125 32.429)",2026-08-07 06:00:00,Indian river/dam anchor + synthetic prototype cross-section,SYNTHETIC_PROTOTYPE
IN-R35,Ravi,Indus Basin,Punjab,Pathankot,IN-35-07,32.429,75.64875,EPSG:4326,9.0,141.02,166.41,152.7,156.81,148.35,146.44,4.38,6.26,0.003895,605.65,153.55,0.027,Gravel,310.48,D045,"LINESTRING(75.64375000000001 32.427,75.64875 32.429,75.65375 32.431000000000004)",2026-08-08 06:00:00,Indian river/dam anchor + synthetic prototype cross-section,SYNTHETIC_PROTOTYPE
IN-R35,Ravi,Indus Basin,Punjab,Pathankot,IN-35-08,32.431,75.65125,EPSG:4326,10.5,89.17,105.22,216.26,216.92,203.32,201.66,10.22,14.6,0.002841,822.95,118.36,0.038,Alluvium,142.65,D045,"LINESTRING(75.64625000000001 32.428999999999995,75.65125 32.431,75.65625 32.433)",2026-08-09 06:00:00,Indian river/dam anchor + synthetic prototype cross-section,SYNTHETIC_PROTOTYPE
IN-R35,Ravi,Indus Basin,Punjab,Pathankot,IN-35-09,32.433,75.65375,EPSG:4326,12.0,92.79,109.49,165.75,169.88,154.46,151.73,9.82,14.02,0.001444,874.49,120.84,0.039,Alluvium,301.54,D045,"LINESTRING(75.64875 32.431,75.65375 32.433,75.65875 32.435)",2026-08-10 06:00:00,Indian river/dam anchor + synthetic prototype cross-section,SYNTHETIC_PROTOTYPE
IN-R35,Ravi,Indus Basin,Punjab,Pathankot,IN-35-10,32.435,75.65625,EPSG:4326,13.5,59.62,70.35,150.06,155.76,135.41,134.63,10.8,15.43,0.00262,639.99,90.48,0.038,Gravel,165.41,D045,"LINESTRING(75.65125 32.433,75.65625 32.435,75.66125 32.437000000000005)",2026-08-11 06:00:00,Indian river/dam anchor + synthetic prototype cross-section,SYNTHETIC_PROTOTYPE
IN-R35,Ravi,Indus Basin,Punjab,Pathankot,IN-35-11,32.437,75.65875,EPSG:4326,15.0,182.31,215.13,97.6,99.1,92.5,91.66,4.16,5.94,0.001204,850.58,194.18,0.04,Sand,90.28,D045,"LINESTRING(75.65375000000002 32.434999999999995,75.65875000000001 32.437,75.66375000000001 32.439)",2026-08-12 06:00:00,Indian river/dam anchor + synthetic prototype cross-section,SYNTHETIC_PROTOTYPE
IN-R35,Ravi,Indus Basin,Punjab,Pathankot,IN-35-12,32.439,75.66125,EPSG:4326,16.5,117.51,138.67,147.28,148.87,138.14,135.3,8.39,11.98,0.001147,941.68,141.48,0.045,Alluvium,231.53,D045,"LINESTRING(75.65625000000001 32.437,75.66125000000001 32.439,75.66625 32.441)",2026-08-13 06:00:00,Indian river/dam anchor + synthetic prototype cross-section,SYNTHETIC_PROTOTYPE
IN-R35,Ravi,Indus Basin,Punjab,Pathankot,IN-35-13,32.441,75.66375,EPSG:4326,18.0,95.5,112.69,163.62,167.28,151.08,150.5,9.19,13.13,0.001065,1065.49,121.75,0.031,Silt,265.63,D045,"LINESTRING(75.65875000000001 32.439,75.66375000000001 32.441,75.66875 32.443000000000005)",2026-08-14 06:00:00,Indian river/dam anchor + synthetic prototype cross-section,SYNTHETIC_PROTOTYPE
IN-R35,Ravi,Indus Basin,Punjab,Pathankot,IN-35-14,32.443,75.66625,EPSG:4326,19.5,127.15,150.04,160.33,162.31,148.76,146.55,9.64,13.78,0.003113,1443.72,154.71,0.038,Silt,102.71,D045,"LINESTRING(75.66125000000001 32.440999999999995,75.66625 32.443,75.67125 32.445)",2026-08-15 06:00:00,Indian river/dam anchor + synthetic prototype cross-section,SYNTHETIC_PROTOTYPE
IN-R36,Beas,Indus Basin,Himachal Pradesh,Kangra,IN-36-01,31.977,76.06375,EPSG:4326,0.0,100.82,118.96,173.45,172.33,162.23,159.35,9.87,14.1,0.000865,1192.16,129.01,0.029,Gravel,158.32,D038,"LINESTRING(76.05875 31.974999999999998,76.06375 31.976999999999997,76.06875 31.978999999999996)",2026-08-02 06:00:00,Indian river/dam anchor + synthetic prototype cross-section,SYNTHETIC_PROTOTYPE
IN-R36,Beas,Indus Basin,Himachal Pradesh,Kangra,IN-36-02,31.979,76.06625,EPSG:4326,1.5,95.94,113.21,63.33,67.95,58.69,57.44,4.12,5.88,0.00021,505.59,107.7,0.043,Clay,104.02,D038,"LINESTRING(76.06125 31.977,76.06625 31.979,76.07124999999999 31.980999999999998)",2026-08-03 06:00:00,Indian river/dam anchor + synthetic prototype cross-section,SYNTHETIC_PROTOTYPE
IN-R36,Beas,Indus Basin,Himachal Pradesh,Kangra,IN-36-03,31.981,76.06875,EPSG:4326,3.0,90.54,106.84,206.37,209.19,202.85,200.21,4.31,6.16,0.001351,452.95,102.87,0.029,Gravel,82.37,D038,"LINESTRING(76.06375 31.979,76.06875 31.980999999999998,76.07374999999999 31.982999999999997)",2026-08-04 06:00:00,Indian river/dam anchor + synthetic prototype cross-section,SYNTHETIC_PROTOTYPE
IN-R36,Beas,Indus Basin,Himachal Pradesh,Kangra,IN-36-04,31.983,76.07125,EPSG:4326,4.5,93.09,109.85,162.78,164.38,159.38,157.45,3.73,5.33,0.000153,331.47,103.75,0.035,Clay,9.35,D038,"LINESTRING(76.06625 31.980999999999998,76.07124999999999 31.982999999999997,76.07624999999999 31.984999999999996)",2026-08-05 06:00:00,Indian river/dam anchor + synthetic prototype cross-section,SYNTHETIC_PROTOTYPE
IN-R36,Beas,Indus Basin,Himachal Pradesh,Kangra,IN-36-05,31.985,76.07375,EPSG:4326,6.0,90.78,107.12,177.42,175.81,173.41,170.04,5.17,7.38,0.001914,492.0,105.54,0.041,Clay,136.42,D038,"LINESTRING(76.06875000000001 31.983,76.07375 31.985,76.07875 31.987)",2026-08-06 06:00:00,Indian river/dam anchor + synthetic prototype cross-section,SYNTHETIC_PROTOTYPE
IN-R36,Beas,Indus Basin,Himachal Pradesh,Kangra,IN-36-06,31.987,76.07625,EPSG:4326,7.5,173.01,204.15,88.27,91.52,75.63,74.27,9.79,13.99,0.003123,1838.13,200.99,0.036,Alluvium,252.94,D038,"LINESTRING(76.07125 31.985,76.07625 31.987,76.08125 31.988999999999997)",2026-08-07 06:00:00,Indian river/dam anchor + synthetic prototype cross-section,SYNTHETIC_PROTOTYPE
IN-R36,Beas,Indus Basin,Himachal Pradesh,Kangra,IN-36-07,31.989,76.07875,EPSG:4326,9.0,126.01,148.69,186.19,182.18,178.34,176.8,6.58,9.39,0.002512,828.59,144.8,0.044,Gravel,135.95,D038,"LINESTRING(76.07375 31.987,76.07875 31.988999999999997,76.08375 31.990999999999996)",2026-08-08 06:00:00,Indian river/dam anchor + synthetic prototype cross-section,SYNTHETIC_PROTOTYPE
IN-R36,Beas,Indus Basin,Himachal Pradesh,Kangra,IN-36-08,31.991,76.08125,EPSG:4326,10.5,142.25,167.85,44.53,48.4,33.51,31.44,9.16,13.08,0.00394,1445.94,168.41,0.026,Gravel,295.19,D038,"LINESTRING(76.07625 31.989,76.08125 31.991,76.08624999999999 31.993)",2026-08-09 06:00:00,Indian river/dam anchor + synthetic prototype cross-section,SYNTHETIC_PROTOTYPE
IN-R36,Beas,Indus Basin,Himachal Pradesh,Kangra,IN-36-09,31.993,76.08375,EPSG:4326,12.0,107.62,126.99,83.94,86.6,70.4,69.75,9.94,14.2,0.001981,1335.62,136.01,0.026,Clay,187.32,D038,"LINESTRING(76.07875 31.991,76.08375 31.993,76.08874999999999 31.994999999999997)",2026-08-10 06:00:00,Indian river/dam anchor + synthetic prototype cross-section,SYNTHETIC_PROTOTYPE
IN-R36,Beas,Indus Basin,Himachal Pradesh,Kangra,IN-36-10,31.995,76.08625,EPSG:4326,13.5,117.05,138.12,183.76,187.56,178.97,175.54,5.75,8.21,0.000712,728.63,133.48,0.042,Alluvium,70.55,D038,"LINESTRING(76.08125 31.993,76.08624999999999 31.994999999999997,76.09124999999999 31.996999999999996)",2026-08-11 06:00:00,Indian river/dam anchor + synthetic prototype cross-section,SYNTHETIC_PROTOTYPE
IN-R36,Beas,Indus Basin,Himachal Pradesh,Kangra,IN-36-11,31.997,76.08875,EPSG:4326,15.0,152.98,180.52,109.67,112.44,97.37,94.58,10.57,15.1,0.001453,1887.27,183.17,0.029,Silt,211.73,D038,"LINESTRING(76.08375000000001 31.995,76.08875 31.997,76.09375 31.999)",2026-08-12 06:00:00,Indian river/dam anchor + synthetic prototype cross-section,SYNTHETIC_PROTOTYPE
IN-R36,Beas,Indus Basin,Himachal Pradesh,Kangra,IN-36-12,31.999,76.09125,EPSG:4326,16.5,109.19,128.84,157.76,158.43,143.26,141.55,11.34,16.21,0.003938,1112.74,141.6,0.039,Silt,230.87,D038,"LINESTRING(76.08625 31.997,76.09125 31.999,76.09625 32.001)",2026-08-13 06:00:00,Indian river/dam anchor + synthetic prototype cross-section,SYNTHETIC_PROTOTYPE
IN-R36,Beas,Indus Basin,Himachal Pradesh,Kangra,IN-36-13,32.001,76.09375,EPSG:4326,18.0,184.9,218.19,133.88,135.52,124.34,121.88,8.4,12.0,0.001337,1524.68,208.9,0.036,Clay,299.65,D038,"LINESTRING(76.08875 31.999,76.09375 32.001,76.09875 32.003)",2026-08-14 06:00:00,Indian river/dam anchor + synthetic prototype cross-section,SYNTHETIC_PROTOTYPE
IN-R36,Beas,Indus Basin,Himachal Pradesh,Kangra,IN-36-14,32.003,76.09625,EPSG:4326,19.5,102.83,121.34,139.69,136.58,125.31,124.66,10.52,15.03,0.002429,1306.72,132.88,0.043,Sand,173.06,D038,"LINESTRING(76.09125 32.001,76.09625 32.003,76.10125 32.005)",2026-08-15 06:00:00,Indian river/dam anchor + synthetic prototype cross-section,SYNTHETIC_PROTOTYPE
IN-R37,Sutlej,Indus Basin,Himachal Pradesh,Bilaspur,IN-37-01,31.397,76.41375,EPSG:4326,0.0,75.74,89.37,118.53,118.75,113.57,112.03,4.56,6.51,0.003584,340.56,88.76,0.031,Silt,319.14,D003,"LINESTRING(76.40875000000001 31.395,76.41375000000001 31.397,76.41875 31.398999999999997)",2026-08-02 06:00:00,Indian river/dam anchor + synthetic prototype cross-section,SYNTHETIC_PROTOTYPE
IN-R37,Sutlej,Indus Basin,Himachal Pradesh,Bilaspur,IN-37-02,31.399,76.41625,EPSG:4326,1.5,152.08,179.45,235.34,233.81,222.99,219.47,11.11,15.87,0.003969,1723.67,183.82,0.027,Alluvium,184.04,D003,"LINESTRING(76.41125000000001 31.397000000000002,76.41625 31.399,76.42125 31.401)",2026-08-03 06:00:00,Indian river/dam anchor + synthetic prototype cross-section,SYNTHETIC_PROTOTYPE
IN-R37,Sutlej,Indus Basin,Himachal Pradesh,Bilaspur,IN-37-03,31.401,76.41875,EPSG:4326,3.0,116.95,138.0,184.35,182.55,174.12,173.35,7.7,11.0,0.002735,999.49,138.95,0.04,Silt,161.17,D003,"LINESTRING(76.41375000000001 31.399,76.41875 31.401,76.42375 31.403)",2026-08-04 06:00:00,Indian river/dam anchor + synthetic prototype cross-section,SYNTHETIC_PROTOTYPE
IN-R37,Sutlej,Indus Basin,Himachal Pradesh,Bilaspur,IN-37-04,31.403,76.42125,EPSG:4326,4.5,30.0,35.4,208.93,216.55,195.35,192.97,11.17,15.96,0.000217,363.72,61.93,0.041,Sand,152.87,D003,"LINESTRING(76.41625 31.401,76.42125 31.403,76.42625 31.404999999999998)",2026-08-05 06:00:00,Indian river/dam anchor + synthetic prototype cross-section,SYNTHETIC_PROTOTYPE
IN-R37,Sutlej,Indus Basin,Himachal Pradesh,Bilaspur,IN-37-05,31.405,76.42375,EPSG:4326,6.0,95.15,112.28,167.68,162.15,158.01,154.26,9.4,13.42,0.003575,851.54,122.0,0.031,Alluvium,32.79,D003,"LINESTRING(76.41875000000002 31.403000000000002,76.42375000000001 31.405,76.42875000000001 31.407)",2026-08-06 06:00:00,Indian river/dam anchor + synthetic prototype cross-section,SYNTHETIC_PROTOTYPE
IN-R37,Sutlej,Indus Basin,Himachal Pradesh,Bilaspur,IN-37-06,31.407,76.42625,EPSG:4326,7.5,76.54,90.32,124.93,121.55,111.26,109.23,10.99,15.7,0.001175,1065.89,107.94,0.026,Gravel,260.98,D003,"LINESTRING(76.42125000000001 31.405,76.42625000000001 31.407,76.43125 31.409)",2026-08-07 06:00:00,Indian river/dam anchor + synthetic prototype cross-section,SYNTHETIC_PROTOTYPE
IN-R37,Sutlej,Indus Basin,Himachal Pradesh,Bilaspur,IN-37-07,31.409,76.42875,EPSG:4326,9.0,145.26,171.41,142.55,144.78,130.15,128.04,10.16,14.51,0.003237,1581.32,174.28,0.044,Gravel,83.96,D003,"LINESTRING(76.42375000000001 31.407,76.42875000000001 31.409,76.43375 31.410999999999998)",2026-08-08 06:00:00,Indian river/dam anchor + synthetic prototype cross-section,SYNTHETIC_PROTOTYPE
IN-R37,Sutlej,Indus Basin,Himachal Pradesh,Bilaspur,IN-37-08,31.411,76.43125,EPSG:4326,10.5,110.06,129.88,135.45,132.1,125.92,124.33,7.78,11.12,0.002798,1001.21,132.3,0.038,Alluvium,157.35,D003,"LINESTRING(76.42625000000001 31.409000000000002,76.43125 31.411,76.43625 31.413)",2026-08-09 06:00:00,Indian river/dam anchor + synthetic prototype cross-section,SYNTHETIC_PROTOTYPE
IN-R37,Sutlej,Indus Basin,Himachal Pradesh,Bilaspur,IN-37-09,31.413,76.43375,EPSG:4326,12.0,146.1,172.39,155.05,156.56,141.25,140.09,10.47,14.96,0.001162,1787.92,176.01,0.034,Alluvium,338.19,D003,"LINESTRING(76.42875000000001 31.411,76.43375 31.413,76.43875 31.415)",2026-08-10 06:00:00,Indian river/dam anchor + synthetic prototype cross-section,SYNTHETIC_PROTOTYPE
IN-R37,Sutlej,Indus Basin,Himachal Pradesh,Bilaspur,IN-37-10,31.415,76.43625,EPSG:4326,13.5,124.4,146.79,169.65,169.83,163.26,160.51,6.4,9.14,0.003034,994.78,142.68,0.043,Sand,54.14,D003,"LINESTRING(76.43125 31.413,76.43625 31.415,76.44125 31.416999999999998)",2026-08-11 06:00:00,Indian river/dam anchor + synthetic prototype cross-section,SYNTHETIC_PROTOTYPE
IN-R37,Sutlej,Indus Basin,Himachal Pradesh,Bilaspur,IN-37-11,31.417,76.43875,EPSG:4326,15.0,89.51,105.62,185.17,190.29,178.66,177.43,5.42,7.74,0.003243,516.58,104.99,0.026,Gravel,122.85,D003,"LINESTRING(76.43375000000002 31.415000000000003,76.43875000000001 31.417,76.44375000000001 31.419)",2026-08-12 06:00:00,Indian river/dam anchor + synthetic prototype cross-section,SYNTHETIC_PROTOTYPE
IN-R37,Sutlej,Indus Basin,Himachal Pradesh,Bilaspur,IN-37-12,31.419,76.44125,EPSG:4326,16.5,129.8,153.17,154.11,154.21,139.78,136.43,12.38,17.68,0.00363,1767.16,165.16,0.036,Sand,165.89,D003,"LINESTRING(76.43625000000002 31.417,76.44125000000001 31.419,76.44625 31.421)",2026-08-13 06:00:00,Indian river/dam anchor + synthetic prototype cross-section,SYNTHETIC_PROTOTYPE
IN-R37,Sutlej,Indus Basin,Himachal Pradesh,Bilaspur,IN-37-13,31.421,76.44375,EPSG:4326,18.0,39.44,46.54,156.62,153.84,151.39,148.89,5.42,7.74,0.003984,189.12,54.91,0.033,Clay,100.83,D003,"LINESTRING(76.43875000000001 31.419,76.44375000000001 31.421,76.44875 31.423)",2026-08-14 06:00:00,Indian river/dam anchor + synthetic prototype cross-section,SYNTHETIC_PROTOTYPE
IN-R37,Sutlej,Indus Basin,Himachal Pradesh,Bilaspur,IN-37-14,31.423,76.44625,EPSG:4326,19.5,30.14,35.57,131.85,126.72,121.4,117.51,10.04,14.34,0.002732,320.25,58.82,0.036,Clay,199.8,D003,"LINESTRING(76.44125000000001 31.421000000000003,76.44625 31.423000000000002,76.45125 31.425)",2026-08-15 06:00:00,Indian river/dam anchor + synthetic prototype cross-section,SYNTHETIC_PROTOTYPE
IN-R38,Chenab,Indus Basin,Jammu and Kashmir,Ramban,IN-38-01,33.157,75.30375,EPSG:4326,0.0,112.78,133.08,140.45,137.09,132.44,131.39,6.34,9.06,0.003591,853.73,130.91,0.033,Sand,301.53,D043,"LINESTRING(75.29875 33.155,75.30375 33.157000000000004,75.30874999999999 33.159000000000006)",2026-08-02 06:00:00,Indian river/dam anchor + synthetic prototype cross-section,SYNTHETIC_PROTOTYPE
IN-R38,Chenab,Indus Basin,Jammu and Kashmir,Ramban,IN-38-02,33.159,75.30625,EPSG:4326,1.5,99.11,116.95,106.7,107.27,102.59,100.1,4.62,6.6,0.003004,575.44,112.32,0.029,Clay,229.4,D043,"LINESTRING(75.30125 33.157,75.30624999999999 33.159,75.31124999999999 33.161)",2026-08-03 06:00:00,Indian river/dam anchor + synthetic prototype cross-section,SYNTHETIC_PROTOTYPE
IN-R38,Chenab,Indus Basin,Jammu and Kashmir,Ramban,IN-38-03,33.161,75.30875,EPSG:4326,3.0,98.19,115.86,153.39,153.49,148.41,145.39,5.6,7.99,0.002024,570.38,114.18,0.03,Alluvium,356.49,D043,"LINESTRING(75.30375 33.159,75.30874999999999 33.161,75.31374999999998 33.163000000000004)",2026-08-04 06:00:00,Indian river/dam anchor + synthetic prototype cross-section,SYNTHETIC_PROTOTYPE
IN-R38,Chenab,Indus Basin,Jammu and Kashmir,Ramban,IN-38-04,33.163,75.31125,EPSG:4326,4.5,116.18,137.09,151.28,156.65,139.69,138.78,8.75,12.5,0.001867,1194.43,141.17,0.041,Silt,192.63,D043,"LINESTRING(75.30624999999999 33.161,75.31124999999999 33.163000000000004,75.31624999999998 33.165000000000006)",2026-08-05 06:00:00,Indian river/dam anchor + synthetic prototype cross-section,SYNTHETIC_PROTOTYPE
IN-R38,Chenab,Indus Basin,Jammu and Kashmir,Ramban,IN-38-05,33.165,75.31375,EPSG:4326,6.0,171.88,202.82,131.83,131.28,119.48,117.37,10.12,14.46,0.00068,2171.83,200.81,0.033,Clay,30.05,D043,"LINESTRING(75.30875 33.163,75.31375 33.165,75.31875 33.167)",2026-08-06 06:00:00,Indian river/dam anchor + synthetic prototype cross-section,SYNTHETIC_PROTOTYPE
IN-R38,Chenab,Indus Basin,Jammu and Kashmir,Ramban,IN-38-06,33.167,75.31625,EPSG:4326,7.5,154.2,181.95,138.94,134.69,129.08,127.02,8.34,11.92,0.000771,1117.14,178.04,0.026,Alluvium,253.45,D043,"LINESTRING(75.31125 33.165,75.31625 33.167,75.32124999999999 33.169000000000004)",2026-08-07 06:00:00,Indian river/dam anchor + synthetic prototype cross-section,SYNTHETIC_PROTOTYPE
IN-R38,Chenab,Indus Basin,Jammu and Kashmir,Ramban,IN-38-07,33.169,75.31875,EPSG:4326,9.0,93.31,110.1,173.11,173.47,162.02,159.14,9.78,13.98,0.002325,1093.95,121.26,0.032,Silt,17.38,D043,"LINESTRING(75.31375 33.167,75.31875 33.169000000000004,75.32374999999999 33.17100000000001)",2026-08-08 06:00:00,Indian river/dam anchor + synthetic prototype cross-section,SYNTHETIC_PROTOTYPE
IN-R38,Chenab,Indus Basin,Jammu and Kashmir,Ramban,IN-38-08,33.171,75.32125,EPSG:4326,10.5,107.06,126.33,202.74,209.65,189.65,187.93,10.37,14.81,0.003414,1413.61,136.68,0.027,Alluvium,237.89,D043,"LINESTRING(75.31625 33.169,75.32124999999999 33.171,75.32624999999999 33.173)",2026-08-09 06:00:00,Indian river/dam anchor + synthetic prototype cross-section,SYNTHETIC_PROTOTYPE
IN-R38,Chenab,Indus Basin,Jammu and Kashmir,Ramban,IN-38-09,33.173,75.32375,EPSG:4326,12.0,118.18,139.46,120.24,120.52,107.54,105.09,10.6,15.15,0.000644,1494.22,148.48,0.043,Sand,111.91,D043,"LINESTRING(75.31875 33.171,75.32374999999999 33.173,75.32874999999999 33.175000000000004)",2026-08-10 06:00:00,Indian river/dam anchor + synthetic prototype cross-section,SYNTHETIC_PROTOTYPE
IN-R38,Chenab,Indus Basin,Jammu and Kashmir,Ramban,IN-38-10,33.175,75.32625,EPSG:4326,13.5,85.47,100.85,92.77,95.61,85.93,84.48,5.81,8.3,0.002743,597.45,102.07,0.031,Alluvium,22.28,D043,"LINESTRING(75.32124999999999 33.173,75.32624999999999 33.175000000000004,75.33124999999998 33.17700000000001)",2026-08-11 06:00:00,Indian river/dam anchor + synthetic prototype cross-section,SYNTHETIC_PROTOTYPE
IN-R38,Chenab,Indus Basin,Jammu and Kashmir,Ramban,IN-38-11,33.177,75.32875,EPSG:4326,15.0,89.21,105.26,116.41,116.08,102.55,100.15,11.38,16.26,0.001368,1291.17,121.73,0.037,Sand,18.16,D043,"LINESTRING(75.32375 33.175,75.32875 33.177,75.33375 33.179)",2026-08-12 06:00:00,Indian river/dam anchor + synthetic prototype cross-section,SYNTHETIC_PROTOTYPE
IN-R38,Chenab,Indus Basin,Jammu and Kashmir,Ramban,IN-38-12,33.179,75.33125,EPSG:4326,16.5,75.86,89.52,155.79,152.07,140.84,140.04,11.03,15.75,0.003605,1031.09,107.37,0.036,Sand,186.52,D043,"LINESTRING(75.32625 33.177,75.33125 33.179,75.33624999999999 33.181000000000004)",2026-08-13 06:00:00,Indian river/dam anchor + synthetic prototype cross-section,SYNTHETIC_PROTOTYPE
IN-R38,Chenab,Indus Basin,Jammu and Kashmir,Ramban,IN-38-13,33.181,75.33375,EPSG:4326,18.0,147.43,173.96,223.7,225.87,220.57,219.47,2.96,4.23,0.001297,477.14,155.89,0.042,Sand,142.94,D043,"LINESTRING(75.32875 33.179,75.33375 33.181000000000004,75.33874999999999 33.18300000000001)",2026-08-14 06:00:00,Indian river/dam anchor + synthetic prototype cross-section,SYNTHETIC_PROTOTYPE
IN-R38,Chenab,Indus Basin,Jammu and Kashmir,Ramban,IN-38-14,33.183,75.33625,EPSG:4326,19.5,165.63,195.44,101.99,104.27,87.64,86.4,10.92,15.59,0.001922,2013.24,196.81,0.025,Gravel,258.33,D043,"LINESTRING(75.33125 33.181,75.33624999999999 33.183,75.34124999999999 33.185)",2026-08-15 06:00:00,Indian river/dam anchor + synthetic prototype cross-section,SYNTHETIC_PROTOTYPE
IN-R39,Jhelum,Indus Basin,Jammu and Kashmir,Srinagar,IN-39-01,34.067,74.78375,EPSG:4326,0.0,85.8,101.24,179.35,183.41,165.76,163.46,11.13,15.9,0.001209,1017.56,117.6,0.026,Clay,80.38,D042,"LINESTRING(74.77875 34.065,74.78375 34.067,74.78875 34.069)",2026-08-02 06:00:00,Indian river/dam anchor + synthetic prototype cross-section,SYNTHETIC_PROTOTYPE
IN-R39,Jhelum,Indus Basin,Jammu and Kashmir,Srinagar,IN-39-02,34.069,74.78625,EPSG:4326,1.5,218.63,257.99,172.08,179.91,158.2,157.31,10.34,14.77,0.003501,2658.35,248.17,0.029,Alluvium,90.61,D042,"LINESTRING(74.78125 34.06699999999999,74.78625 34.068999999999996,74.79124999999999 34.071)",2026-08-03 06:00:00,Indian river/dam anchor + synthetic prototype cross-section,SYNTHETIC_PROTOTYPE
IN-R39,Jhelum,Indus Basin,Jammu and Kashmir,Srinagar,IN-39-03,34.071,74.78875,EPSG:4326,3.0,66.37,78.31,154.08,154.13,146.31,145.64,5.91,8.44,0.001109,500.32,83.25,0.04,Sand,194.83,D042,"LINESTRING(74.78375 34.068999999999996,74.78875 34.071,74.79374999999999 34.073)",2026-08-04 06:00:00,Indian river/dam anchor + synthetic prototype cross-section,SYNTHETIC_PROTOTYPE
IN-R39,Jhelum,Indus Basin,Jammu and Kashmir,Srinagar,IN-39-04,34.073,74.79125,EPSG:4326,4.5,102.18,120.58,231.1,228.71,226.78,223.74,5.15,7.36,0.002033,496.08,116.9,0.035,Gravel,333.66,D042,"LINESTRING(74.78625 34.071,74.79124999999999 34.073,74.79624999999999 34.075)",2026-08-05 06:00:00,Indian river/dam anchor + synthetic prototype cross-section,SYNTHETIC_PROTOTYPE
IN-R39,Jhelum,Indus Basin,Jammu and Kashmir,Srinagar,IN-39-05,34.075,74.79375,EPSG:4326,6.0,133.57,157.61,170.44,167.49,163.83,160.92,6.67,9.52,0.000377,800.53,152.62,0.044,Gravel,164.9,D042,"LINESTRING(74.78875000000001 34.07299999999999,74.79375 34.074999999999996,74.79875 34.077)",2026-08-06 06:00:00,Indian river/dam anchor + synthetic prototype cross-section,SYNTHETIC_PROTOTYPE
IN-R39,Jhelum,Indus Basin,Jammu and Kashmir,Srinagar,IN-39-06,34.077,74.79625,EPSG:4326,7.5,97.03,114.5,184.97,183.73,170.79,168.1,11.81,16.87,0.003828,1082.33,130.77,0.041,Sand,35.47,D042,"LINESTRING(74.79125 34.074999999999996,74.79625 34.077,74.80125 34.079)",2026-08-07 06:00:00,Indian river/dam anchor + synthetic prototype cross-section,SYNTHETIC_PROTOTYPE
IN-R39,Jhelum,Indus Basin,Jammu and Kashmir,Srinagar,IN-39-07,34.079,74.79875,EPSG:4326,9.0,65.32,77.08,168.26,168.76,162.3,159.88,5.87,8.38,0.003864,422.73,82.08,0.034,Clay,319.58,D042,"LINESTRING(74.79375 34.077,74.79875 34.079,74.80375 34.081)",2026-08-08 06:00:00,Indian river/dam anchor + synthetic prototype cross-section,SYNTHETIC_PROTOTYPE
IN-R39,Jhelum,Indus Basin,Jammu and Kashmir,Srinagar,IN-39-08,34.081,74.80125,EPSG:4326,10.5,105.15,124.08,169.92,171.13,157.51,154.27,10.95,15.65,0.001545,1262.14,136.44,0.037,Sand,296.04,D042,"LINESTRING(74.79625 34.07899999999999,74.80125 34.080999999999996,74.80624999999999 34.083)",2026-08-09 06:00:00,Indian river/dam anchor + synthetic prototype cross-section,SYNTHETIC_PROTOTYPE
IN-R39,Jhelum,Indus Basin,Jammu and Kashmir,Srinagar,IN-39-09,34.083,74.80375,EPSG:4326,12.0,139.91,165.09,155.34,151.65,144.5,142.0,9.34,13.34,0.002028,1485.25,166.58,0.036,Clay,192.39,D042,"LINESTRING(74.79875 34.080999999999996,74.80375 34.083,74.80874999999999 34.085)",2026-08-10 06:00:00,Indian river/dam anchor + synthetic prototype cross-section,SYNTHETIC_PROTOTYPE
IN-R39,Jhelum,Indus Basin,Jammu and Kashmir,Srinagar,IN-39-10,34.085,74.80625,EPSG:4326,13.5,124.88,147.36,164.26,159.09,150.8,147.41,11.8,16.85,0.002506,1710.97,158.58,0.041,Silt,265.77,D042,"LINESTRING(74.80125 34.083,74.80624999999999 34.085,74.81124999999999 34.087)",2026-08-11 06:00:00,Indian river/dam anchor + synthetic prototype cross-section,SYNTHETIC_PROTOTYPE
IN-R39,Jhelum,Indus Basin,Jammu and Kashmir,Srinagar,IN-39-11,34.087,74.80875,EPSG:4326,15.0,88.09,103.95,139.7,143.39,132.7,128.8,7.63,10.9,0.002706,678.97,109.9,0.03,Gravel,351.13,D042,"LINESTRING(74.80375000000001 34.084999999999994,74.80875 34.086999999999996,74.81375 34.089)",2026-08-12 06:00:00,Indian river/dam anchor + synthetic prototype cross-section,SYNTHETIC_PROTOTYPE
IN-R39,Jhelum,Indus Basin,Jammu and Kashmir,Srinagar,IN-39-12,34.089,74.81125,EPSG:4326,16.5,89.72,105.86,185.41,184.21,182.14,178.39,4.91,7.02,0.002261,426.81,103.75,0.043,Gravel,86.13,D042,"LINESTRING(74.80625 34.086999999999996,74.81125 34.089,74.81625 34.091)",2026-08-13 06:00:00,Indian river/dam anchor + synthetic prototype cross-section,SYNTHETIC_PROTOTYPE
IN-R39,Jhelum,Indus Basin,Jammu and Kashmir,Srinagar,IN-39-13,34.091,74.81375,EPSG:4326,18.0,97.15,114.64,162.9,160.49,152.45,150.45,8.71,12.44,0.002756,889.55,122.04,0.044,Clay,126.42,D042,"LINESTRING(74.80875 34.089,74.81375 34.091,74.81875 34.093)",2026-08-14 06:00:00,Indian river/dam anchor + synthetic prototype cross-section,SYNTHETIC_PROTOTYPE
IN-R39,Jhelum,Indus Basin,Jammu and Kashmir,Srinagar,IN-39-14,34.093,74.81625,EPSG:4326,19.5,95.89,113.15,156.06,159.17,144.08,143.11,9.07,12.95,0.001777,1097.88,121.8,0.03,Gravel,218.14,D042,"LINESTRING(74.81125 34.090999999999994,74.81625 34.092999999999996,74.82124999999999 34.095)",2026-08-15 06:00:00,Indian river/dam anchor + synthetic prototype cross-section,SYNTHETIC_PROTOTYPE
IN-R40,Tungabhadra,Krishna Basin,Karnataka,Vijayanagara,IN-40-01,15.257,76.32375,EPSG:4326,0.0,107.32,126.64,205.54,204.93,192.2,188.9,11.65,16.64,0.001008,1605.71,140.61,0.036,Alluvium,292.62,D006,"LINESTRING(76.31875000000001 15.254999999999999,76.32375 15.257,76.32875 15.259)",2026-08-02 06:00:00,Indian river/dam anchor + synthetic prototype cross-section,SYNTHETIC_PROTOTYPE
IN-R40,Tungabhadra,Krishna Basin,Karnataka,Vijayanagara,IN-40-02,15.259,76.32625,EPSG:4326,1.5,56.01,66.09,119.77,110.55,111.1,107.33,8.7,12.44,0.001441,512.75,80.88,0.035,Silt,156.27,D006,"LINESTRING(76.32125 15.257,76.32625 15.259,76.33125 15.261000000000001)",2026-08-03 06:00:00,Indian river/dam anchor + synthetic prototype cross-section,SYNTHETIC_PROTOTYPE
IN-R40,Tungabhadra,Krishna Basin,Karnataka,Vijayanagara,IN-40-03,15.261,76.32875,EPSG:4326,3.0,142.88,168.6,197.01,200.01,187.98,187.23,6.84,9.78,0.003862,1157.31,162.43,0.039,Gravel,115.68,D006,"LINESTRING(76.32375 15.258999999999999,76.32875 15.261,76.33375 15.263)",2026-08-04 06:00:00,Indian river/dam anchor + synthetic prototype cross-section,SYNTHETIC_PROTOTYPE
IN-R40,Tungabhadra,Krishna Basin,Karnataka,Vijayanagara,IN-40-04,15.263,76.33125,EPSG:4326,4.5,106.13,125.23,192.34,196.73,178.55,174.56,12.44,17.77,0.000241,1333.4,141.68,0.041,Gravel,47.8,D006,"LINESTRING(76.32625 15.261,76.33125 15.263,76.33624999999999 15.265)",2026-08-05 06:00:00,Indian river/dam anchor + synthetic prototype cross-section,SYNTHETIC_PROTOTYPE
IN-R40,Tungabhadra,Krishna Basin,Karnataka,Vijayanagara,IN-40-05,15.265,76.33375,EPSG:4326,6.0,192.31,226.93,151.07,151.81,144.28,143.44,5.34,7.63,0.00119,1098.67,207.57,0.03,Gravel,274.2,D006,"LINESTRING(76.32875000000001 15.262999999999998,76.33375000000001 15.264999999999999,76.33875 15.267)",2026-08-06 06:00:00,Indian river/dam anchor + synthetic prototype cross-section,SYNTHETIC_PROTOTYPE
IN-R40,Tungabhadra,Krishna Basin,Karnataka,Vijayanagara,IN-40-06,15.267,76.33625,EPSG:4326,7.5,92.61,109.28,115.0,119.39,103.0,99.11,11.12,15.88,0.002256,1249.67,124.37,0.044,Alluvium,238.51,D006,"LINESTRING(76.33125000000001 15.264999999999999,76.33625 15.267,76.34125 15.269)",2026-08-07 06:00:00,Indian river/dam anchor + synthetic prototype cross-section,SYNTHETIC_PROTOTYPE
IN-R40,Tungabhadra,Krishna Basin,Karnataka,Vijayanagara,IN-40-07,15.269,76.33875,EPSG:4326,9.0,33.66,39.72,116.99,119.2,102.47,100.15,11.79,16.84,0.000166,418.37,67.34,0.036,Silt,281.11,D006,"LINESTRING(76.33375000000001 15.267,76.33875 15.269,76.34375 15.271)",2026-08-08 06:00:00,Indian river/dam anchor + synthetic prototype cross-section,SYNTHETIC_PROTOTYPE
IN-R40,Tungabhadra,Krishna Basin,Karnataka,Vijayanagara,IN-40-08,15.271,76.34125,EPSG:4326,10.5,120.37,142.03,142.97,136.32,132.51,129.69,9.29,13.28,0.00212,1084.83,146.92,0.037,Sand,95.52,D006,"LINESTRING(76.33625 15.268999999999998,76.34125 15.270999999999999,76.34625 15.273)",2026-08-09 06:00:00,Indian river/dam anchor + synthetic prototype cross-section,SYNTHETIC_PROTOTYPE
IN-R40,Tungabhadra,Krishna Basin,Karnataka,Vijayanagara,IN-40-09,15.273,76.34375,EPSG:4326,12.0,127.15,150.03,100.18,92.19,85.2,82.46,12.41,17.73,0.002248,2027.4,162.6,0.04,Silt,107.95,D006,"LINESTRING(76.33875 15.270999999999999,76.34375 15.273,76.34875 15.275)",2026-08-10 06:00:00,Indian river/dam anchor + synthetic prototype cross-section,SYNTHETIC_PROTOTYPE
IN-R40,Tungabhadra,Krishna Basin,Karnataka,Vijayanagara,IN-40-10,15.275,76.34625,EPSG:4326,13.5,129.59,152.91,89.46,89.33,80.44,76.64,8.98,12.83,0.002984,1258.98,155.24,0.032,Gravel,123.92,D006,"LINESTRING(76.34125 15.273,76.34625 15.275,76.35125 15.277000000000001)",2026-08-11 06:00:00,Indian river/dam anchor + synthetic prototype cross-section,SYNTHETIC_PROTOTYPE
IN-R40,Tungabhadra,Krishna Basin,Karnataka,Vijayanagara,IN-40-11,15.277,76.34875,EPSG:4326,15.0,50.62,59.73,186.57,189.99,177.08,173.88,8.88,12.69,0.000866,508.22,76.0,0.043,Alluvium,51.15,D006,"LINESTRING(76.34375000000001 15.274999999999999,76.34875000000001 15.277,76.35375 15.279)",2026-08-12 06:00:00,Indian river/dam anchor + synthetic prototype cross-section,SYNTHETIC_PROTOTYPE
IN-R40,Tungabhadra,Krishna Basin,Karnataka,Vijayanagara,IN-40-12,15.279,76.35125,EPSG:4326,16.5,135.26,159.6,159.19,161.28,146.63,144.57,10.24,14.63,0.002642,1373.9,164.51,0.035,Silt,252.27,D006,"LINESTRING(76.34625000000001 15.277,76.35125000000001 15.279,76.35625 15.281)",2026-08-13 06:00:00,Indian river/dam anchor + synthetic prototype cross-section,SYNTHETIC_PROTOTYPE
IN-R40,Tungabhadra,Krishna Basin,Karnataka,Vijayanagara,IN-40-13,15.281,76.35375,EPSG:4326,18.0,134.4,158.59,120.03,119.43,108.08,105.03,10.5,15.0,0.00132,1285.87,164.4,0.037,Gravel,283.75,D006,"LINESTRING(76.34875000000001 15.278999999999998,76.35375 15.280999999999999,76.35875 15.283)",2026-08-14 06:00:00,Indian river/dam anchor + synthetic prototype cross-section,SYNTHETIC_PROTOTYPE
IN-R40,Tungabhadra,Krishna Basin,Karnataka,Vijayanagara,IN-40-14,15.283,76.35625,EPSG:4326,19.5,65.64,77.45,136.01,137.01,122.15,120.13,11.11,15.88,0.001579,915.18,97.39,0.034,Gravel,95.39,D006,"LINESTRING(76.35125000000001 15.280999999999999,76.35625 15.283,76.36125 15.285)",2026-08-15 06:00:00,Indian river/dam anchor + synthetic prototype cross-section,SYNTHETIC_PROTOTYPE
IN-R41,Bhima,Krishna Basin,Maharashtra,Solapur,IN-41-01,17.657,75.89375,EPSG:4326,0.0,151.33,178.57,110.23,105.18,97.06,93.48,11.73,16.75,0.003344,1587.93,184.83,0.04,Sand,40.66,D050,"LINESTRING(75.88875 17.655,75.89375 17.657,75.89874999999999 17.659)",2026-08-02 06:00:00,Indian river/dam anchor + synthetic prototype cross-section,SYNTHETIC_PROTOTYPE
IN-R41,Bhima,Krishna Basin,Maharashtra,Solapur,IN-41-02,17.659,75.89625,EPSG:4326,1.5,125.19,147.73,227.91,231.63,217.18,214.39,9.46,13.52,0.003919,1439.82,152.24,0.031,Gravel,40.81,D050,"LINESTRING(75.89125 17.657000000000004,75.89625 17.659000000000002,75.90124999999999 17.661)",2026-08-03 06:00:00,Indian river/dam anchor + synthetic prototype cross-section,SYNTHETIC_PROTOTYPE
IN-R41,Bhima,Krishna Basin,Maharashtra,Solapur,IN-41-03,17.661,75.89875,EPSG:4326,3.0,107.32,126.63,210.05,206.67,203.61,202.17,5.51,7.88,0.003413,635.07,123.07,0.041,Gravel,148.35,D050,"LINESTRING(75.89375 17.659000000000002,75.89874999999999 17.661,75.90374999999999 17.663)",2026-08-04 06:00:00,Indian river/dam anchor + synthetic prototype cross-section,SYNTHETIC_PROTOTYPE
IN-R41,Bhima,Krishna Basin,Maharashtra,Solapur,IN-41-04,17.663,75.90125,EPSG:4326,4.5,137.3,162.01,237.23,238.04,229.91,226.08,7.8,11.15,0.000653,1217.2,159.59,0.026,Sand,330.96,D050,"LINESTRING(75.89625 17.661,75.90124999999999 17.663,75.90624999999999 17.665)",2026-08-05 06:00:00,Indian river/dam anchor + synthetic prototype cross-section,SYNTHETIC_PROTOTYPE
IN-R41,Bhima,Krishna Basin,Maharashtra,Solapur,IN-41-05,17.665,75.90375,EPSG:4326,6.0,97.05,114.52,198.37,193.76,193.48,191.72,4.66,6.65,0.001277,505.45,110.35,0.033,Silt,249.05,D050,"LINESTRING(75.89875 17.663000000000004,75.90375 17.665000000000003,75.90875 17.667)",2026-08-06 06:00:00,Indian river/dam anchor + synthetic prototype cross-section,SYNTHETIC_PROTOTYPE
IN-R41,Bhima,Krishna Basin,Maharashtra,Solapur,IN-41-06,17.667,75.90625,EPSG:4326,7.5,86.42,101.97,120.94,121.96,114.18,111.41,6.67,9.53,0.000953,667.02,105.47,0.036,Gravel,341.53,D050,"LINESTRING(75.90125 17.665000000000003,75.90625 17.667,75.91125 17.669)",2026-08-07 06:00:00,Indian river/dam anchor + synthetic prototype cross-section,SYNTHETIC_PROTOTYPE
IN-R41,Bhima,Krishna Basin,Maharashtra,Solapur,IN-41-07,17.669,75.90875,EPSG:4326,9.0,106.86,126.09,183.59,181.61,180.41,176.88,4.7,6.71,0.000355,455.85,120.27,0.03,Gravel,99.86,D050,"LINESTRING(75.90375 17.667,75.90875 17.669,75.91375 17.671)",2026-08-08 06:00:00,Indian river/dam anchor + synthetic prototype cross-section,SYNTHETIC_PROTOTYPE
IN-R41,Bhima,Krishna Basin,Maharashtra,Solapur,IN-41-08,17.671,75.91125,EPSG:4326,10.5,103.0,121.54,149.01,149.51,136.53,133.85,10.62,15.16,0.003837,1024.5,133.33,0.036,Alluvium,25.87,D050,"LINESTRING(75.90625 17.669000000000004,75.91125 17.671000000000003,75.91624999999999 17.673000000000002)",2026-08-09 06:00:00,Indian river/dam anchor + synthetic prototype cross-section,SYNTHETIC_PROTOTYPE
IN-R41,Bhima,Krishna Basin,Maharashtra,Solapur,IN-41-09,17.673,75.91375,EPSG:4326,12.0,99.93,117.91,184.43,182.83,177.49,176.51,5.55,7.93,0.002076,695.65,115.78,0.043,Alluvium,255.19,D050,"LINESTRING(75.90875 17.671000000000003,75.91375 17.673000000000002,75.91874999999999 17.675)",2026-08-10 06:00:00,Indian river/dam anchor + synthetic prototype cross-section,SYNTHETIC_PROTOTYPE
IN-R41,Bhima,Krishna Basin,Maharashtra,Solapur,IN-41-10,17.675,75.91625,EPSG:4326,13.5,67.6,79.77,161.51,171.19,155.42,152.04,6.63,9.47,0.003625,390.94,86.54,0.038,Clay,226.07,D050,"LINESTRING(75.91125 17.673000000000002,75.91624999999999 17.675,75.92124999999999 17.677)",2026-08-11 06:00:00,Indian river/dam anchor + synthetic prototype cross-section,SYNTHETIC_PROTOTYPE
IN-R41,Bhima,Krishna Basin,Maharashtra,Solapur,IN-41-11,17.677,75.91875,EPSG:4326,15.0,78.16,92.23,180.0,178.35,165.84,163.1,11.83,16.89,0.001626,820.19,111.95,0.026,Alluvium,252.47,D050,"LINESTRING(75.91375000000001 17.675000000000004,75.91875 17.677000000000003,75.92375 17.679000000000002)",2026-08-12 06:00:00,Indian river/dam anchor + synthetic prototype cross-section,SYNTHETIC_PROTOTYPE
IN-R41,Bhima,Krishna Basin,Maharashtra,Solapur,IN-41-12,17.679,75.92125,EPSG:4326,16.5,99.09,116.93,141.56,145.9,130.55,128.7,9.0,12.86,0.000654,856.75,124.82,0.041,Clay,359.32,D050,"LINESTRING(75.91625 17.677000000000003,75.92125 17.679000000000002,75.92625 17.681)",2026-08-13 06:00:00,Indian river/dam anchor + synthetic prototype cross-section,SYNTHETIC_PROTOTYPE
IN-R41,Bhima,Krishna Basin,Maharashtra,Solapur,IN-41-13,17.681,75.92375,EPSG:4326,18.0,61.61,72.7,149.91,149.7,138.97,135.63,9.99,14.28,0.000478,564.61,90.17,0.03,Silt,68.64,D050,"LINESTRING(75.91875 17.679000000000002,75.92375 17.681,75.92875 17.683)",2026-08-14 06:00:00,Indian river/dam anchor + synthetic prototype cross-section,SYNTHETIC_PROTOTYPE
IN-R41,Bhima,Krishna Basin,Maharashtra,Solapur,IN-41-14,17.683,75.92625,EPSG:4326,19.5,93.6,110.45,147.92,142.15,143.89,140.92,4.9,7.0,0.00299,508.28,107.6,0.032,Gravel,232.15,D050,"LINESTRING(75.92125 17.681000000000004,75.92625 17.683000000000003,75.93124999999999 17.685000000000002)",2026-08-15 06:00:00,Indian river/dam anchor + synthetic prototype cross-section,SYNTHETIC_PROTOTYPE
IN-R42,Musai,Krishna Basin,Telangana,Hyderabad,IN-42-01,17.377,78.46375,EPSG:4326,0.0,112.65,132.92,207.88,211.03,193.55,190.28,12.32,17.6,0.001742,1778.38,147.85,0.031,Gravel,229.16,D005,"LINESTRING(78.45875000000001 17.375,78.46375 17.377,78.46875 17.378999999999998)",2026-08-02 06:00:00,Indian river/dam anchor + synthetic prototype cross-section,SYNTHETIC_PROTOTYPE
IN-R42,Musai,Krishna Basin,Telangana,Hyderabad,IN-42-02,17.379,78.46625,EPSG:4326,1.5,104.77,123.63,141.74,144.38,127.51,126.73,10.51,15.01,0.002196,1387.86,134.79,0.039,Clay,215.34,D005,"LINESTRING(78.46125 17.377000000000002,78.46625 17.379,78.47125 17.381)",2026-08-03 06:00:00,Indian river/dam anchor + synthetic prototype cross-section,SYNTHETIC_PROTOTYPE
IN-R42,Musai,Krishna Basin,Telangana,Hyderabad,IN-42-03,17.381,78.46875,EPSG:4326,3.0,116.3,137.23,168.49,164.09,162.64,159.45,6.33,9.04,0.001807,937.3,134.38,0.041,Gravel,126.63,D005,"LINESTRING(78.46375 17.379,78.46875 17.381,78.47375 17.383)",2026-08-04 06:00:00,Indian river/dam anchor + synthetic prototype cross-section,SYNTHETIC_PROTOTYPE
IN-R42,Musai,Krishna Basin,Telangana,Hyderabad,IN-42-04,17.383,78.47125,EPSG:4326,4.5,117.56,138.73,175.42,171.04,171.2,167.55,5.51,7.87,0.000776,717.31,133.3,0.038,Alluvium,347.54,D005,"LINESTRING(78.46625 17.381,78.47125 17.383,78.47625 17.384999999999998)",2026-08-05 06:00:00,Indian river/dam anchor + synthetic prototype cross-section,SYNTHETIC_PROTOTYPE
IN-R42,Musai,Krishna Basin,Telangana,Hyderabad,IN-42-05,17.385,78.47375,EPSG:4326,6.0,160.65,189.57,186.77,181.92,180.27,177.21,6.69,9.56,0.000883,1278.57,179.78,0.044,Clay,341.64,D005,"LINESTRING(78.46875000000001 17.383000000000003,78.47375000000001 17.385,78.47875 17.387)",2026-08-06 06:00:00,Indian river/dam anchor + synthetic prototype cross-section,SYNTHETIC_PROTOTYPE
IN-R42,Musai,Krishna Basin,Telangana,Hyderabad,IN-42-06,17.387,78.47625,EPSG:4326,7.5,78.66,92.82,245.82,244.27,241.3,237.49,5.83,8.33,0.001023,566.2,95.32,0.042,Silt,113.22,D005,"LINESTRING(78.47125000000001 17.385,78.47625000000001 17.387,78.48125 17.389)",2026-08-07 06:00:00,Indian river/dam anchor + synthetic prototype cross-section,SYNTHETIC_PROTOTYPE
IN-R42,Musai,Krishna Basin,Telangana,Hyderabad,IN-42-07,17.389,78.47875,EPSG:4326,9.0,219.89,259.47,138.7,129.46,128.52,125.17,9.47,13.52,0.003266,2631.58,246.94,0.044,Silt,141.32,D005,"LINESTRING(78.47375000000001 17.387,78.47875 17.389,78.48375 17.391)",2026-08-08 06:00:00,Indian river/dam anchor + synthetic prototype cross-section,SYNTHETIC_PROTOTYPE
IN-R42,Musai,Krishna Basin,Telangana,Hyderabad,IN-42-08,17.391,78.48125,EPSG:4326,10.5,88.32,104.21,213.01,217.74,204.85,203.88,6.39,9.12,0.000726,653.65,106.57,0.037,Sand,256.35,D005,"LINESTRING(78.47625000000001 17.389000000000003,78.48125 17.391000000000002,78.48625 17.393)",2026-08-09 06:00:00,Indian river/dam anchor + synthetic prototype cross-section,SYNTHETIC_PROTOTYPE
IN-R42,Musai,Krishna Basin,Telangana,Hyderabad,IN-42-09,17.393,78.48375,EPSG:4326,12.0,127.88,150.9,160.12,164.22,147.23,144.16,11.17,15.96,0.00197,1493.46,159.8,0.038,Clay,36.72,D005,"LINESTRING(78.47875 17.391000000000002,78.48375 17.393,78.48875 17.395)",2026-08-10 06:00:00,Indian river/dam anchor + synthetic prototype cross-section,SYNTHETIC_PROTOTYPE
IN-R42,Musai,Krishna Basin,Telangana,Hyderabad,IN-42-10,17.395,78.48625,EPSG:4326,13.5,106.69,125.89,114.47,111.93,106.07,105.25,6.45,9.22,0.00278,831.1,125.13,0.038,Sand,260.05,D005,"LINESTRING(78.48125 17.393,78.48625 17.395,78.49125 17.397)",2026-08-11 06:00:00,Indian river/dam anchor + synthetic prototype cross-section,SYNTHETIC_PROTOTYPE
IN-R42,Musai,Krishna Basin,Telangana,Hyderabad,IN-42-11,17.397,78.48875,EPSG:4326,15.0,67.71,79.9,61.82,59.51,54.08,50.41,7.99,11.41,0.002559,519.23,90.54,0.025,Alluvium,146.6,D005,"LINESTRING(78.48375000000001 17.395000000000003,78.48875000000001 17.397000000000002,78.49375 17.399)",2026-08-12 06:00:00,Indian river/dam anchor + synthetic prototype cross-section,SYNTHETIC_PROTOTYPE
IN-R42,Musai,Krishna Basin,Telangana,Hyderabad,IN-42-12,17.399,78.49125,EPSG:4326,16.5,128.17,151.24,117.1,116.84,106.53,102.78,10.02,14.32,0.001552,1507.05,156.81,0.04,Sand,256.53,D005,"LINESTRING(78.48625000000001 17.397000000000002,78.49125000000001 17.399,78.49625 17.401)",2026-08-13 06:00:00,Indian river/dam anchor + synthetic prototype cross-section,SYNTHETIC_PROTOTYPE
IN-R42,Musai,Krishna Basin,Telangana,Hyderabad,IN-42-13,17.401,78.49375,EPSG:4326,18.0,137.84,162.65,137.79,137.6,126.1,124.35,9.41,13.44,0.002348,1602.99,164.72,0.033,Silt,173.4,D005,"LINESTRING(78.48875000000001 17.399,78.49375 17.401,78.49875 17.403)",2026-08-14 06:00:00,Indian river/dam anchor + synthetic prototype cross-section,SYNTHETIC_PROTOTYPE
IN-R42,Musai,Krishna Basin,Telangana,Hyderabad,IN-42-14,17.403,78.49625,EPSG:4326,19.5,112.38,132.61,145.5,153.1,134.76,130.94,10.2,14.57,0.001127,1004.53,141.51,0.044,Clay,48.38,D005,"LINESTRING(78.49125000000001 17.401000000000003,78.49625 17.403000000000002,78.50125 17.405)",2026-08-15 06:00:00,Indian river/dam anchor + synthetic prototype cross-section,SYNTHETIC_PROTOTYPE
IN-R43,Manjira,Godavari Basin,Telangana,Nizamabad,IN-43-01,18.657,78.08375,EPSG:4326,0.0,107.57,126.94,218.07,219.83,214.23,212.75,3.72,5.31,0.000111,368.1,118.2,0.035,Gravel,353.78,D005,"LINESTRING(78.07875 18.655,78.08375 18.657,78.08874999999999 18.659)",2026-08-02 06:00:00,Indian river/dam anchor + synthetic prototype cross-section,SYNTHETIC_PROTOTYPE
IN-R43,Manjira,Godavari Basin,Telangana,Nizamabad,IN-43-02,18.659,78.08625,EPSG:4326,1.5,89.23,105.29,151.05,155.9,145.71,143.9,5.01,7.15,0.002167,449.96,103.54,0.027,Silt,339.82,D005,"LINESTRING(78.08125 18.657000000000004,78.08624999999999 18.659000000000002,78.09124999999999 18.661)",2026-08-03 06:00:00,Indian river/dam anchor + synthetic prototype cross-section,SYNTHETIC_PROTOTYPE
IN-R43,Manjira,Godavari Basin,Telangana,Nizamabad,IN-43-03,18.661,78.08875,EPSG:4326,3.0,130.6,154.11,110.5,112.76,97.44,95.46,10.53,15.04,0.003423,1489.3,160.68,0.028,Sand,345.67,D005,"LINESTRING(78.08375 18.659000000000002,78.08874999999999 18.661,78.09374999999999 18.663)",2026-08-04 06:00:00,Indian river/dam anchor + synthetic prototype cross-section,SYNTHETIC_PROTOTYPE
IN-R43,Manjira,Godavari Basin,Telangana,Nizamabad,IN-43-04,18.663,78.09125,EPSG:4326,4.5,107.36,126.68,185.69,193.02,171.85,170.56,10.59,15.14,0.003917,1178.92,137.63,0.044,Gravel,254.43,D005,"LINESTRING(78.08624999999999 18.661,78.09124999999999 18.663,78.09624999999998 18.665)",2026-08-05 06:00:00,Indian river/dam anchor + synthetic prototype cross-section,SYNTHETIC_PROTOTYPE
IN-R43,Manjira,Godavari Basin,Telangana,Nizamabad,IN-43-05,18.665,78.09375,EPSG:4326,6.0,117.55,138.71,132.56,135.98,123.49,119.9,8.86,12.66,0.001843,1256.98,142.87,0.027,Clay,281.89,D005,"LINESTRING(78.08875 18.663000000000004,78.09375 18.665000000000003,78.09875 18.667)",2026-08-06 06:00:00,Indian river/dam anchor + synthetic prototype cross-section,SYNTHETIC_PROTOTYPE
IN-R43,Manjira,Godavari Basin,Telangana,Nizamabad,IN-43-06,18.667,78.09625,EPSG:4326,7.5,163.33,192.73,93.71,100.83,87.57,83.89,6.87,9.81,0.001639,1101.82,182.96,0.04,Silt,308.86,D005,"LINESTRING(78.09125 18.665000000000003,78.09625 18.667,78.10125 18.669)",2026-08-07 06:00:00,Indian river/dam anchor + synthetic prototype cross-section,SYNTHETIC_PROTOTYPE
IN-R43,Manjira,Godavari Basin,Telangana,Nizamabad,IN-43-07,18.669,78.09875,EPSG:4326,9.0,85.99,101.47,166.39,167.2,152.83,150.33,11.24,16.06,0.000583,952.54,118.11,0.034,Alluvium,312.67,D005,"LINESTRING(78.09375 18.667,78.09875 18.669,78.10374999999999 18.671)",2026-08-08 06:00:00,Indian river/dam anchor + synthetic prototype cross-section,SYNTHETIC_PROTOTYPE
IN-R43,Manjira,Godavari Basin,Telangana,Nizamabad,IN-43-08,18.671,78.10125,EPSG:4326,10.5,176.82,208.64,137.71,137.99,124.75,121.55,11.31,16.16,0.003745,1853.64,209.14,0.033,Alluvium,55.13,D005,"LINESTRING(78.09625 18.669000000000004,78.10125 18.671000000000003,78.10624999999999 18.673000000000002)",2026-08-09 06:00:00,Indian river/dam anchor + synthetic prototype cross-section,SYNTHETIC_PROTOTYPE
IN-R43,Manjira,Godavari Basin,Telangana,Nizamabad,IN-43-09,18.673,78.10375,EPSG:4326,12.0,170.22,200.86,217.74,228.16,206.31,203.2,10.18,14.54,0.00341,1492.06,199.31,0.041,Alluvium,264.73,D005,"LINESTRING(78.09875 18.671000000000003,78.10374999999999 18.673000000000002,78.10874999999999 18.675)",2026-08-10 06:00:00,Indian river/dam anchor + synthetic prototype cross-section,SYNTHETIC_PROTOTYPE
IN-R43,Manjira,Godavari Basin,Telangana,Nizamabad,IN-43-10,18.675,78.10625,EPSG:4326,13.5,108.51,128.04,186.36,187.93,177.36,176.23,7.09,10.12,0.000662,928.99,128.76,0.036,Silt,290.96,D005,"LINESTRING(78.10125 18.673000000000002,78.10624999999999 18.675,78.11124999999998 18.677)",2026-08-11 06:00:00,Indian river/dam anchor + synthetic prototype cross-section,SYNTHETIC_PROTOTYPE
IN-R43,Manjira,Godavari Basin,Telangana,Nizamabad,IN-43-11,18.677,78.10875,EPSG:4326,15.0,129.49,152.8,150.22,149.13,141.42,137.73,8.75,12.5,0.002089,1376.69,154.48,0.043,Gravel,29.39,D005,"LINESTRING(78.10375 18.675000000000004,78.10875 18.677000000000003,78.11375 18.679000000000002)",2026-08-12 06:00:00,Indian river/dam anchor + synthetic prototype cross-section,SYNTHETIC_PROTOTYPE
IN-R43,Manjira,Godavari Basin,Telangana,Nizamabad,IN-43-12,18.679,78.11125,EPSG:4326,16.5,164.24,193.81,104.58,109.49,101.12,98.25,4.43,6.33,0.00068,827.71,176.9,0.029,Sand,100.97,D005,"LINESTRING(78.10625 18.677000000000003,78.11125 18.679000000000002,78.11625 18.681)",2026-08-13 06:00:00,Indian river/dam anchor + synthetic prototype cross-section,SYNTHETIC_PROTOTYPE
IN-R43,Manjira,Godavari Basin,Telangana,Nizamabad,IN-43-13,18.681,78.11375,EPSG:4326,18.0,89.46,105.57,175.06,169.13,168.83,166.72,5.84,8.34,0.00153,534.63,106.14,0.038,Silt,203.83,D005,"LINESTRING(78.10875 18.679000000000002,78.11375 18.681,78.11874999999999 18.683)",2026-08-14 06:00:00,Indian river/dam anchor + synthetic prototype cross-section,SYNTHETIC_PROTOTYPE
IN-R43,Manjira,Godavari Basin,Telangana,Nizamabad,IN-43-14,18.683,78.11625,EPSG:4326,19.5,114.52,135.13,141.91,144.77,137.28,135.76,4.3,6.15,0.003932,610.65,126.82,0.027,Sand,331.29,D005,"LINESTRING(78.11125 18.681000000000004,78.11625 18.683000000000003,78.12124999999999 18.685000000000002)",2026-08-15 06:00:00,Indian river/dam anchor + synthetic prototype cross-section,SYNTHETIC_PROTOTYPE
IN-R44,Wainganga,Godavari Basin,Maharashtra,Bhandara,IN-44-01,21.157,79.63375,EPSG:4326,0.0,87.08,102.76,128.69,132.28,123.36,122.46,4.36,6.23,0.003904,373.84,99.54,0.043,Gravel,272.59,D013,"LINESTRING(79.62875000000001 21.155,79.63375 21.157,79.63875 21.159)",2026-08-02 06:00:00,Indian river/dam anchor + synthetic prototype cross-section,SYNTHETIC_PROTOTYPE
IN-R44,Wainganga,Godavari Basin,Maharashtra,Bhandara,IN-44-02,21.159,79.63625,EPSG:4326,1.5,66.79,78.81,163.09,166.49,152.73,150.41,8.87,12.68,0.001355,645.27,92.14,0.028,Clay,222.56,D013,"LINESTRING(79.63125000000001 21.157000000000004,79.63625 21.159000000000002,79.64125 21.161)",2026-08-03 06:00:00,Indian river/dam anchor + synthetic prototype cross-section,SYNTHETIC_PROTOTYPE
IN-R44,Wainganga,Godavari Basin,Maharashtra,Bhandara,IN-44-03,21.161,79.63875,EPSG:4326,3.0,178.68,210.84,201.64,196.68,191.04,188.63,9.11,13.01,0.002469,1511.12,204.7,0.026,Alluvium,35.5,D013,"LINESTRING(79.63375 21.159000000000002,79.63875 21.161,79.64375 21.163)",2026-08-04 06:00:00,Indian river/dam anchor + synthetic prototype cross-section,SYNTHETIC_PROTOTYPE
IN-R44,Wainganga,Godavari Basin,Maharashtra,Bhandara,IN-44-04,21.163,79.64125,EPSG:4326,4.5,141.04,166.43,154.19,154.36,141.28,139.39,10.36,14.8,0.002611,1465.03,170.64,0.03,Sand,21.63,D013,"LINESTRING(79.63625 21.161,79.64125 21.163,79.64625 21.165)",2026-08-05 06:00:00,Indian river/dam anchor + synthetic prototype cross-section,SYNTHETIC_PROTOTYPE
IN-R44,Wainganga,Godavari Basin,Maharashtra,Bhandara,IN-44-05,21.165,79.64375,EPSG:4326,6.0,120.58,142.28,189.83,196.74,181.29,180.56,6.49,9.27,0.000586,1000.24,139.12,0.04,Alluvium,30.06,D013,"LINESTRING(79.63875000000002 21.163000000000004,79.64375000000001 21.165000000000003,79.64875 21.167)",2026-08-06 06:00:00,Indian river/dam anchor + synthetic prototype cross-section,SYNTHETIC_PROTOTYPE
IN-R44,Wainganga,Godavari Basin,Maharashtra,Bhandara,IN-44-06,21.167,79.64625,EPSG:4326,7.5,100.09,118.1,75.67,72.66,68.15,67.1,6.01,8.58,0.003664,696.32,117.24,0.029,Sand,278.44,D013,"LINESTRING(79.64125000000001 21.165000000000003,79.64625000000001 21.167,79.65125 21.169)",2026-08-07 06:00:00,Indian river/dam anchor + synthetic prototype cross-section,SYNTHETIC_PROTOTYPE
IN-R44,Wainganga,Godavari Basin,Maharashtra,Bhandara,IN-44-07,21.169,79.64875,EPSG:4326,9.0,110.95,130.93,172.23,176.14,162.44,160.96,7.89,11.28,0.002334,795.71,133.51,0.042,Alluvium,22.78,D013,"LINESTRING(79.64375000000001 21.167,79.64875 21.169,79.65375 21.171)",2026-08-08 06:00:00,Indian river/dam anchor + synthetic prototype cross-section,SYNTHETIC_PROTOTYPE
IN-R44,Wainganga,Godavari Basin,Maharashtra,Bhandara,IN-44-08,21.171,79.65125,EPSG:4326,10.5,146.27,172.6,194.41,198.88,181.28,180.43,9.79,13.98,0.002093,1533.06,174.24,0.028,Sand,27.45,D013,"LINESTRING(79.64625000000001 21.169000000000004,79.65125 21.171000000000003,79.65625 21.173000000000002)",2026-08-09 06:00:00,Indian river/dam anchor + synthetic prototype cross-section,SYNTHETIC_PROTOTYPE
IN-R44,Wainganga,Godavari Basin,Maharashtra,Bhandara,IN-44-09,21.173,79.65375,EPSG:4326,12.0,108.52,128.05,185.07,186.35,176.4,175.51,6.69,9.56,0.002689,736.99,127.63,0.03,Gravel,127.21,D013,"LINESTRING(79.64875 21.171000000000003,79.65375 21.173000000000002,79.65875 21.175)",2026-08-10 06:00:00,Indian river/dam anchor + synthetic prototype cross-section,SYNTHETIC_PROTOTYPE
IN-R44,Wainganga,Godavari Basin,Maharashtra,Bhandara,IN-44-10,21.175,79.65625,EPSG:4326,13.5,152.39,179.83,135.09,139.8,124.06,120.6,10.15,14.49,0.001016,1759.05,181.38,0.038,Sand,178.73,D013,"LINESTRING(79.65125 21.173000000000002,79.65625 21.175,79.66125 21.177)",2026-08-11 06:00:00,Indian river/dam anchor + synthetic prototype cross-section,SYNTHETIC_PROTOTYPE
IN-R44,Wainganga,Godavari Basin,Maharashtra,Bhandara,IN-44-11,21.177,79.65875,EPSG:4326,15.0,76.14,89.84,132.99,132.34,118.17,114.66,12.83,18.33,0.00023,935.63,112.8,0.037,Sand,334.51,D013,"LINESTRING(79.65375000000002 21.175000000000004,79.65875000000001 21.177000000000003,79.66375000000001 21.179000000000002)",2026-08-12 06:00:00,Indian river/dam anchor + synthetic prototype cross-section,SYNTHETIC_PROTOTYPE
IN-R44,Wainganga,Godavari Basin,Maharashtra,Bhandara,IN-44-12,21.179,79.66125,EPSG:4326,16.5,135.68,160.1,133.0,132.81,122.14,118.58,10.1,14.43,0.003242,1525.89,164.53,0.04,Alluvium,43.04,D013,"LINESTRING(79.65625000000001 21.177000000000003,79.66125000000001 21.179000000000002,79.66625 21.181)",2026-08-13 06:00:00,Indian river/dam anchor + synthetic prototype cross-section,SYNTHETIC_PROTOTYPE
IN-R44,Wainganga,Godavari Basin,Maharashtra,Bhandara,IN-44-13,21.181,79.66375,EPSG:4326,18.0,198.86,234.65,112.07,108.42,99.96,99.11,9.07,12.96,0.001796,1798.09,224.78,0.044,Sand,299.53,D013,"LINESTRING(79.65875000000001 21.179000000000002,79.66375000000001 21.181,79.66875 21.183)",2026-08-14 06:00:00,Indian river/dam anchor + synthetic prototype cross-section,SYNTHETIC_PROTOTYPE
IN-R44,Wainganga,Godavari Basin,Maharashtra,Bhandara,IN-44-14,21.183,79.66625,EPSG:4326,19.5,80.96,95.53,114.66,109.31,108.09,104.28,7.27,10.38,0.003433,563.52,101.72,0.041,Clay,339.06,D013,"LINESTRING(79.66125000000001 21.181000000000004,79.66625 21.183000000000003,79.67125 21.185000000000002)",2026-08-15 06:00:00,Indian river/dam anchor + synthetic prototype cross-section,SYNTHETIC_PROTOTYPE
IN-R45,Wardha,Godavari Basin,Maharashtra,Wardha,IN-45-01,20.737,78.58375,EPSG:4326,0.0,67.79,79.99,162.44,162.39,157.2,156.38,4.24,6.06,0.001691,297.81,79.91,0.031,Silt,128.76,D013,"LINESTRING(78.57875 20.735,78.58375 20.737,78.58874999999999 20.738999999999997)",2026-08-02 06:00:00,Indian river/dam anchor + synthetic prototype cross-section,SYNTHETIC_PROTOTYPE
IN-R45,Wardha,Godavari Basin,Maharashtra,Wardha,IN-45-02,20.739,78.58625,EPSG:4326,1.5,119.73,141.28,198.56,199.17,190.14,186.79,8.23,11.76,0.00349,890.95,143.26,0.044,Silt,209.25,D013,"LINESTRING(78.58125 20.737000000000002,78.58624999999999 20.739,78.59124999999999 20.741)",2026-08-03 06:00:00,Indian river/dam anchor + synthetic prototype cross-section,SYNTHETIC_PROTOTYPE
IN-R45,Wardha,Godavari Basin,Maharashtra,Wardha,IN-45-03,20.741,78.58875,EPSG:4326,3.0,126.75,149.56,146.34,146.86,143.25,139.33,4.91,7.01,0.003132,563.06,140.77,0.025,Alluvium,4.97,D013,"LINESTRING(78.58375 20.739,78.58874999999999 20.741,78.59374999999999 20.743)",2026-08-04 06:00:00,Indian river/dam anchor + synthetic prototype cross-section,SYNTHETIC_PROTOTYPE
IN-R45,Wardha,Godavari Basin,Maharashtra,Wardha,IN-45-04,20.743,78.59125,EPSG:4326,4.5,115.8,136.65,112.94,108.0,100.36,98.82,9.88,14.12,0.002053,1111.84,144.04,0.041,Gravel,243.3,D013,"LINESTRING(78.58624999999999 20.741,78.59124999999999 20.743,78.59624999999998 20.744999999999997)",2026-08-05 06:00:00,Indian river/dam anchor + synthetic prototype cross-section,SYNTHETIC_PROTOTYPE
IN-R45,Wardha,Godavari Basin,Maharashtra,Wardha,IN-45-05,20.745,78.59375,EPSG:4326,6.0,106.27,125.4,145.27,140.36,135.85,133.39,8.31,11.88,0.002387,1018.14,130.03,0.032,Alluvium,1.21,D013,"LINESTRING(78.58875 20.743000000000002,78.59375 20.745,78.59875 20.747)",2026-08-06 06:00:00,Indian river/dam anchor + synthetic prototype cross-section,SYNTHETIC_PROTOTYPE
IN-R45,Wardha,Godavari Basin,Maharashtra,Wardha,IN-45-06,20.747,78.59625,EPSG:4326,7.5,70.64,83.35,141.01,146.08,127.21,124.37,11.64,16.63,0.000701,1047.3,103.91,0.033,Sand,85.54,D013,"LINESTRING(78.59125 20.745,78.59625 20.747,78.60125 20.749)",2026-08-07 06:00:00,Indian river/dam anchor + synthetic prototype cross-section,SYNTHETIC_PROTOTYPE
IN-R45,Wardha,Godavari Basin,Maharashtra,Wardha,IN-45-07,20.749,78.59875,EPSG:4326,9.0,50.84,59.99,113.99,114.89,103.5,102.68,7.92,11.31,0.001823,403.85,73.46,0.045,Clay,103.84,D013,"LINESTRING(78.59375 20.747,78.59875 20.749,78.60374999999999 20.750999999999998)",2026-08-08 06:00:00,Indian river/dam anchor + synthetic prototype cross-section,SYNTHETIC_PROTOTYPE
IN-R45,Wardha,Godavari Basin,Maharashtra,Wardha,IN-45-08,20.751,78.60125,EPSG:4326,10.5,135.47,159.85,129.64,130.47,119.96,117.17,8.73,12.48,0.003977,1278.81,160.42,0.045,Silt,317.97,D013,"LINESTRING(78.59625 20.749000000000002,78.60125 20.751,78.60624999999999 20.753)",2026-08-09 06:00:00,Indian river/dam anchor + synthetic prototype cross-section,SYNTHETIC_PROTOTYPE
IN-R45,Wardha,Godavari Basin,Maharashtra,Wardha,IN-45-09,20.753,78.60375,EPSG:4326,12.0,161.04,190.02,102.94,110.49,91.53,89.63,9.32,13.31,0.00028,1724.35,187.66,0.033,Silt,193.22,D013,"LINESTRING(78.59875 20.751,78.60374999999999 20.753,78.60874999999999 20.755)",2026-08-10 06:00:00,Indian river/dam anchor + synthetic prototype cross-section,SYNTHETIC_PROTOTYPE
IN-R45,Wardha,Godavari Basin,Maharashtra,Wardha,IN-45-10,20.755,78.60625,EPSG:4326,13.5,68.8,81.19,125.49,121.27,115.18,113.59,8.33,11.9,0.001018,498.07,92.61,0.044,Alluvium,159.79,D013,"LINESTRING(78.60125 20.753,78.60624999999999 20.755,78.61124999999998 20.756999999999998)",2026-08-11 06:00:00,Indian river/dam anchor + synthetic prototype cross-section,SYNTHETIC_PROTOTYPE
IN-R45,Wardha,Godavari Basin,Maharashtra,Wardha,IN-45-11,20.757,78.60875,EPSG:4326,15.0,128.28,151.37,193.29,189.47,182.8,179.87,9.39,13.42,0.000214,1286.65,155.12,0.037,Sand,316.82,D013,"LINESTRING(78.60375 20.755000000000003,78.60875 20.757,78.61375 20.759)",2026-08-12 06:00:00,Indian river/dam anchor + synthetic prototype cross-section,SYNTHETIC_PROTOTYPE
IN-R45,Wardha,Godavari Basin,Maharashtra,Wardha,IN-45-12,20.759,78.61125,EPSG:4326,16.5,123.6,145.85,170.76,175.02,161.58,158.39,8.66,12.38,0.002406,1240.12,148.36,0.033,Clay,274.37,D013,"LINESTRING(78.60625 20.757,78.61125 20.759,78.61625 20.761)",2026-08-13 06:00:00,Indian river/dam anchor + synthetic prototype cross-section,SYNTHETIC_PROTOTYPE
IN-R45,Wardha,Godavari Basin,Maharashtra,Wardha,IN-45-13,20.761,78.61375,EPSG:4326,18.0,94.84,111.91,121.19,123.88,107.5,104.28,11.84,16.91,0.000202,1071.71,128.65,0.026,Gravel,297.45,D013,"LINESTRING(78.60875 20.759,78.61375 20.761,78.61874999999999 20.762999999999998)",2026-08-14 06:00:00,Indian river/dam anchor + synthetic prototype cross-section,SYNTHETIC_PROTOTYPE
IN-R45,Wardha,Godavari Basin,Maharashtra,Wardha,IN-45-14,20.763,78.61625,EPSG:4326,19.5,83.88,98.98,161.69,168.37,148.62,145.13,11.59,16.56,0.002566,1236.17,117.0,0.039,Alluvium,332.45,D013,"LINESTRING(78.61125 20.761000000000003,78.61625 20.763,78.62124999999999 20.765)",2026-08-15 06:00:00,Indian river/dam anchor + synthetic prototype cross-section,SYNTHETIC_PROTOTYPE
IN-R46,Indravati,Godavari Basin,Odisha,Kalahandi,IN-46-01,19.537,82.48375,EPSG:4326,0.0,154.81,182.67,153.3,145.85,142.33,138.85,10.11,14.45,0.003001,1488.49,183.7,0.043,Silt,89.59,D033,"LINESTRING(82.47875 19.535,82.48375 19.537,82.48875 19.538999999999998)",2026-08-02 06:00:00,Indian river/dam anchor + synthetic prototype cross-section,SYNTHETIC_PROTOTYPE
IN-R46,Indravati,Godavari Basin,Odisha,Kalahandi,IN-46-02,19.539,82.48625,EPSG:4326,1.5,72.72,85.82,149.85,148.76,142.64,138.8,7.74,11.05,0.0013,693.07,94.83,0.044,Alluvium,48.23,D033,"LINESTRING(82.48125 19.537000000000003,82.48625 19.539,82.49125 19.541)",2026-08-03 06:00:00,Indian river/dam anchor + synthetic prototype cross-section,SYNTHETIC_PROTOTYPE
IN-R46,Indravati,Godavari Basin,Odisha,Kalahandi,IN-46-03,19.541,82.48875,EPSG:4326,3.0,99.2,117.05,107.1,110.2,102.72,99.71,5.17,7.39,0.003617,634.17,113.98,0.041,Silt,282.99,D033,"LINESTRING(82.48375 19.539,82.48875 19.541,82.49374999999999 19.543)",2026-08-04 06:00:00,Indian river/dam anchor + synthetic prototype cross-section,SYNTHETIC_PROTOTYPE
IN-R46,Indravati,Godavari Basin,Odisha,Kalahandi,IN-46-04,19.543,82.49125,EPSG:4326,4.5,160.86,189.81,165.83,164.18,151.35,148.76,11.95,17.07,0.002422,2153.16,195.0,0.034,Clay,104.38,D033,"LINESTRING(82.48625 19.541,82.49125 19.543,82.49624999999999 19.544999999999998)",2026-08-05 06:00:00,Indian river/dam anchor + synthetic prototype cross-section,SYNTHETIC_PROTOTYPE
IN-R46,Indravati,Godavari Basin,Odisha,Kalahandi,IN-46-05,19.545,82.49375,EPSG:4326,6.0,194.24,229.2,131.14,125.58,125.32,124.52,4.63,6.62,0.00242,943.75,207.47,0.035,Alluvium,300.41,D033,"LINESTRING(82.48875000000001 19.543000000000003,82.49375 19.545,82.49875 19.547)",2026-08-06 06:00:00,Indian river/dam anchor + synthetic prototype cross-section,SYNTHETIC_PROTOTYPE
IN-R46,Indravati,Godavari Basin,Odisha,Kalahandi,IN-46-06,19.547,82.49625,EPSG:4326,7.5,137.8,162.6,104.83,102.46,93.0,90.03,10.36,14.8,0.002785,1489.23,167.4,0.03,Alluvium,204.79,D033,"LINESTRING(82.49125000000001 19.545,82.49625 19.547,82.50125 19.549)",2026-08-07 06:00:00,Indian river/dam anchor + synthetic prototype cross-section,SYNTHETIC_PROTOTYPE
IN-R46,Indravati,Godavari Basin,Odisha,Kalahandi,IN-46-07,19.549,82.49875,EPSG:4326,9.0,104.52,123.34,221.72,228.23,213.88,212.55,6.42,9.17,0.00298,701.91,122.86,0.037,Clay,159.74,D033,"LINESTRING(82.49375 19.547,82.49875 19.549,82.50375 19.551)",2026-08-08 06:00:00,Indian river/dam anchor + synthetic prototype cross-section,SYNTHETIC_PROTOTYPE
IN-R46,Indravati,Godavari Basin,Odisha,Kalahandi,IN-46-08,19.551,82.50125,EPSG:4326,10.5,121.1,142.9,159.97,154.88,151.86,151.34,6.04,8.63,0.002544,750.77,138.35,0.045,Silt,310.3,D033,"LINESTRING(82.49625 19.549000000000003,82.50125 19.551000000000002,82.50625 19.553)",2026-08-09 06:00:00,Indian river/dam anchor + synthetic prototype cross-section,SYNTHETIC_PROTOTYPE
IN-R46,Indravati,Godavari Basin,Odisha,Kalahandi,IN-46-09,19.553,82.50375,EPSG:4326,12.0,131.89,155.63,102.36,105.61,99.18,97.84,3.16,4.52,0.001518,504.09,140.93,0.041,Gravel,80.69,D033,"LINESTRING(82.49875 19.551000000000002,82.50375 19.553,82.50874999999999 19.555)",2026-08-10 06:00:00,Indian river/dam anchor + synthetic prototype cross-section,SYNTHETIC_PROTOTYPE
IN-R46,Indravati,Godavari Basin,Odisha,Kalahandi,IN-46-10,19.555,82.50625,EPSG:4326,13.5,69.82,82.39,179.4,181.46,171.0,167.08,8.63,12.33,0.003071,757.61,94.48,0.04,Sand,232.29,D033,"LINESTRING(82.50125 19.553,82.50625 19.555,82.51124999999999 19.557)",2026-08-11 06:00:00,Indian river/dam anchor + synthetic prototype cross-section,SYNTHETIC_PROTOTYPE
IN-R46,Indravati,Godavari Basin,Odisha,Kalahandi,IN-46-11,19.557,82.50875,EPSG:4326,15.0,151.67,178.97,96.49,98.74,88.24,86.31,7.12,10.17,0.00374,1328.63,172.02,0.043,Clay,55.52,D033,"LINESTRING(82.50375000000001 19.555000000000003,82.50875 19.557000000000002,82.51375 19.559)",2026-08-12 06:00:00,Indian river/dam anchor + synthetic prototype cross-section,SYNTHETIC_PROTOTYPE
IN-R46,Indravati,Godavari Basin,Odisha,Kalahandi,IN-46-12,19.559,82.51125,EPSG:4326,16.5,30.27,35.72,207.48,210.98,196.62,195.6,8.32,11.89,0.003583,241.73,54.04,0.041,Silt,281.99,D033,"LINESTRING(82.50625000000001 19.557000000000002,82.51125 19.559,82.51625 19.561)",2026-08-13 06:00:00,Indian river/dam anchor + synthetic prototype cross-section,SYNTHETIC_PROTOTYPE
IN-R46,Indravati,Godavari Basin,Odisha,Kalahandi,IN-46-13,19.561,82.51375,EPSG:4326,18.0,71.6,84.49,132.73,134.68,121.32,119.48,9.27,13.24,0.002397,660.15,98.09,0.027,Gravel,184.75,D033,"LINESTRING(82.50875 19.559,82.51375 19.561,82.51875 19.563)",2026-08-14 06:00:00,Indian river/dam anchor + synthetic prototype cross-section,SYNTHETIC_PROTOTYPE
IN-R46,Indravati,Godavari Basin,Odisha,Kalahandi,IN-46-14,19.563,82.51625,EPSG:4326,19.5,189.91,224.09,162.08,159.61,156.42,154.45,5.34,7.63,0.002476,935.6,205.17,0.03,Sand,75.28,D033,"LINESTRING(82.51125 19.561000000000003,82.51625 19.563000000000002,82.52125 19.565)",2026-08-15 06:00:00,Indian river/dam anchor + synthetic prototype cross-section,SYNTHETIC_PROTOTYPE
IN-R47,Musi,Krishna Basin,Telangana,Hyderabad,IN-47-01,17.377,78.46375,EPSG:4326,0.0,46.2,54.52,145.18,138.68,136.66,133.97,7.85,11.21,0.001794,445.77,68.63,0.037,Alluvium,354.32,D005,"LINESTRING(78.45875000000001 17.375,78.46375 17.377,78.46875 17.378999999999998)",2026-08-02 06:00:00,Indian river/dam anchor + synthetic prototype cross-section,SYNTHETIC_PROTOTYPE
IN-R47,Musi,Krishna Basin,Telangana,Hyderabad,IN-47-02,17.379,78.46625,EPSG:4326,1.5,110.15,129.98,187.58,183.99,175.13,172.28,10.71,15.3,0.002967,1366.21,140.76,0.029,Alluvium,215.97,D005,"LINESTRING(78.46125 17.377000000000002,78.46625 17.379,78.47125 17.381)",2026-08-03 06:00:00,Indian river/dam anchor + synthetic prototype cross-section,SYNTHETIC_PROTOTYPE
IN-R47,Musi,Krishna Basin,Telangana,Hyderabad,IN-47-03,17.381,78.46875,EPSG:4326,3.0,56.28,66.4,121.53,119.76,114.63,110.71,7.58,10.82,0.000222,404.81,77.92,0.043,Clay,32.7,D005,"LINESTRING(78.46375 17.379,78.46875 17.381,78.47375 17.383)",2026-08-04 06:00:00,Indian river/dam anchor + synthetic prototype cross-section,SYNTHETIC_PROTOTYPE
IN-R47,Musi,Krishna Basin,Telangana,Hyderabad,IN-47-04,17.383,78.47125,EPSG:4326,4.5,171.3,202.13,111.01,114.33,103.4,99.75,7.88,11.26,0.00392,1718.22,193.81,0.027,Silt,12.14,D005,"LINESTRING(78.46625 17.381,78.47125 17.383,78.47625 17.384999999999998)",2026-08-05 06:00:00,Indian river/dam anchor + synthetic prototype cross-section,SYNTHETIC_PROTOTYPE
IN-R47,Musi,Krishna Basin,Telangana,Hyderabad,IN-47-05,17.385,78.47375,EPSG:4326,6.0,77.16,91.05,119.72,118.86,114.06,113.46,4.38,6.26,0.001908,380.9,89.69,0.043,Sand,195.79,D005,"LINESTRING(78.46875000000001 17.383000000000003,78.47375000000001 17.385,78.47875 17.387)",2026-08-06 06:00:00,Indian river/dam anchor + synthetic prototype cross-section,SYNTHETIC_PROTOTYPE
IN-R47,Musi,Krishna Basin,Telangana,Hyderabad,IN-47-06,17.387,78.47625,EPSG:4326,7.5,123.44,145.66,146.67,148.67,131.86,130.0,11.68,16.68,0.003325,1642.37,156.8,0.026,Silt,204.07,D005,"LINESTRING(78.47125000000001 17.385,78.47625000000001 17.387,78.48125 17.389)",2026-08-07 06:00:00,Indian river/dam anchor + synthetic prototype cross-section,SYNTHETIC_PROTOTYPE
IN-R47,Musi,Krishna Basin,Telangana,Hyderabad,IN-47-07,17.389,78.47875,EPSG:4326,9.0,112.55,132.81,82.17,89.04,72.36,70.57,8.12,11.6,0.00263,878.86,135.74,0.036,Gravel,55.06,D005,"LINESTRING(78.47375000000001 17.387,78.47875 17.389,78.48375 17.391)",2026-08-08 06:00:00,Indian river/dam anchor + synthetic prototype cross-section,SYNTHETIC_PROTOTYPE
IN-R47,Musi,Krishna Basin,Telangana,Hyderabad,IN-47-08,17.391,78.48125,EPSG:4326,10.5,138.46,163.38,135.33,130.75,125.28,122.57,8.93,12.76,0.000619,1312.02,163.97,0.034,Clay,306.2,D005,"LINESTRING(78.47625000000001 17.389000000000003,78.48125 17.391000000000002,78.48625 17.393)",2026-08-09 06:00:00,Indian river/dam anchor + synthetic prototype cross-section,SYNTHETIC_PROTOTYPE
IN-R47,Musi,Krishna Basin,Telangana,Hyderabad,IN-47-09,17.393,78.48375,EPSG:4326,12.0,135.95,160.43,164.55,161.02,160.69,157.77,4.74,6.78,0.00223,692.47,149.5,0.035,Alluvium,222.7,D005,"LINESTRING(78.47875 17.391000000000002,78.48375 17.393,78.48875 17.395)",2026-08-10 06:00:00,Indian river/dam anchor + synthetic prototype cross-section,SYNTHETIC_PROTOTYPE
IN-R47,Musi,Krishna Basin,Telangana,Hyderabad,IN-47-10,17.395,78.48625,EPSG:4326,13.5,128.09,151.15,157.39,150.62,152.1,150.86,4.58,6.54,0.000598,521.64,141.17,0.029,Silt,126.15,D005,"LINESTRING(78.48125 17.393,78.48625 17.395,78.49125 17.397)",2026-08-11 06:00:00,Indian river/dam anchor + synthetic prototype cross-section,SYNTHETIC_PROTOTYPE
IN-R47,Musi,Krishna Basin,Telangana,Hyderabad,IN-47-11,17.397,78.48875,EPSG:4326,15.0,153.25,180.84,184.99,184.08,176.96,174.35,7.45,10.64,0.001722,1177.15,174.53,0.028,Sand,164.22,D005,"LINESTRING(78.48375000000001 17.395000000000003,78.48875000000001 17.397000000000002,78.49375 17.399)",2026-08-12 06:00:00,Indian river/dam anchor + synthetic prototype cross-section,SYNTHETIC_PROTOTYPE
IN-R47,Musi,Krishna Basin,Telangana,Hyderabad,IN-47-12,17.399,78.49125,EPSG:4326,16.5,59.78,70.54,166.42,163.66,154.8,153.86,8.79,12.56,0.001236,558.49,84.9,0.034,Silt,41.64,D005,"LINESTRING(78.48625000000001 17.397000000000002,78.49125000000001 17.399,78.49625 17.401)",2026-08-13 06:00:00,Indian river/dam anchor + synthetic prototype cross-section,SYNTHETIC_PROTOTYPE
IN-R47,Musi,Krishna Basin,Telangana,Hyderabad,IN-47-13,17.401,78.49375,EPSG:4326,18.0,155.09,183.01,74.08,69.48,66.5,65.43,6.05,8.64,0.001566,808.38,172.38,0.039,Silt,116.47,D005,"LINESTRING(78.48875000000001 17.399,78.49375 17.401,78.49875 17.403)",2026-08-14 06:00:00,Indian river/dam anchor + synthetic prototype cross-section,SYNTHETIC_PROTOTYPE
IN-R47,Musi,Krishna Basin,Telangana,Hyderabad,IN-47-14,17.403,78.49625,EPSG:4326,19.5,96.94,114.39,189.6,190.64,185.54,182.55,4.93,7.05,0.001273,536.19,111.04,0.039,Silt,197.14,D005,"LINESTRING(78.49125000000001 17.401000000000003,78.49625 17.403000000000002,78.50125 17.405)",2026-08-15 06:00:00,Indian river/dam anchor + synthetic prototype cross-section,SYNTHETIC_PROTOTYPE
IN-R48,Tapi,Tapi Basin,Maharashtra,Jalgaon,IN-48-01,20.997,75.54375,EPSG:4326,0.0,97.79,115.4,76.34,79.61,65.79,65.06,7.9,11.28,0.000626,701.81,120.35,0.038,Sand,104.4,D014,"LINESTRING(75.53875000000001 20.995,75.54375 20.997,75.54875 20.999)",2026-08-02 06:00:00,Indian river/dam anchor + synthetic prototype cross-section,SYNTHETIC_PROTOTYPE
IN-R48,Tapi,Tapi Basin,Maharashtra,Jalgaon,IN-48-02,20.999,75.54625,EPSG:4326,1.5,142.34,167.96,84.51,86.92,72.13,69.39,10.58,15.12,0.000333,1821.57,172.57,0.034,Gravel,315.75,D014,"LINESTRING(75.54125 20.997000000000003,75.54625 20.999000000000002,75.55125 21.001)",2026-08-03 06:00:00,Indian river/dam anchor + synthetic prototype cross-section,SYNTHETIC_PROTOTYPE
IN-R48,Tapi,Tapi Basin,Maharashtra,Jalgaon,IN-48-03,21.001,75.54875,EPSG:4326,3.0,80.58,95.08,96.73,104.84,87.34,84.83,8.32,11.89,0.002583,698.54,104.36,0.026,Alluvium,259.94,D014,"LINESTRING(75.54375 20.999000000000002,75.54875 21.001,75.55375 21.003)",2026-08-04 06:00:00,Indian river/dam anchor + synthetic prototype cross-section,SYNTHETIC_PROTOTYPE
IN-R48,Tapi,Tapi Basin,Maharashtra,Jalgaon,IN-48-04,21.003,75.55125,EPSG:4326,4.5,135.82,160.26,244.51,247.43,230.76,228.0,11.55,16.5,0.003722,1636.94,168.82,0.032,Alluvium,333.94,D014,"LINESTRING(75.54625 21.001,75.55125 21.003,75.55624999999999 21.005)",2026-08-05 06:00:00,Indian river/dam anchor + synthetic prototype cross-section,SYNTHETIC_PROTOTYPE
IN-R48,Tapi,Tapi Basin,Maharashtra,Jalgaon,IN-48-05,21.005,75.55375,EPSG:4326,6.0,103.74,122.41,124.23,129.22,111.91,108.96,10.69,15.27,0.000485,1010.69,134.28,0.038,Gravel,44.7,D014,"LINESTRING(75.54875000000001 21.003000000000004,75.55375000000001 21.005000000000003,75.55875 21.007)",2026-08-06 06:00:00,Indian river/dam anchor + synthetic prototype cross-section,SYNTHETIC_PROTOTYPE
IN-R48,Tapi,Tapi Basin,Maharashtra,Jalgaon,IN-48-06,21.007,75.55625,EPSG:4326,7.5,169.93,200.51,102.93,103.36,95.23,92.54,7.27,10.39,0.003369,1523.08,190.71,0.038,Alluvium,298.45,D014,"LINESTRING(75.55125000000001 21.005000000000003,75.55625 21.007,75.56125 21.009)",2026-08-07 06:00:00,Indian river/dam anchor + synthetic prototype cross-section,SYNTHETIC_PROTOTYPE
IN-R48,Tapi,Tapi Basin,Maharashtra,Jalgaon,IN-48-07,21.009,75.55875,EPSG:4326,9.0,65.34,77.1,140.7,144.78,135.91,133.67,4.92,7.03,0.001964,408.11,79.39,0.026,Sand,174.15,D014,"LINESTRING(75.55375000000001 21.007,75.55875 21.009,75.56375 21.011)",2026-08-08 06:00:00,Indian river/dam anchor + synthetic prototype cross-section,SYNTHETIC_PROTOTYPE
IN-R48,Tapi,Tapi Basin,Maharashtra,Jalgaon,IN-48-08,21.011,75.56125,EPSG:4326,10.5,87.79,103.59,180.65,177.66,175.67,172.78,5.51,7.86,0.002386,486.89,103.52,0.043,Clay,45.03,D014,"LINESTRING(75.55625 21.009000000000004,75.56125 21.011000000000003,75.56625 21.013)",2026-08-09 06:00:00,Indian river/dam anchor + synthetic prototype cross-section,SYNTHETIC_PROTOTYPE
IN-R48,Tapi,Tapi Basin,Maharashtra,Jalgaon,IN-48-09,21.013,75.56375,EPSG:4326,12.0,94.81,111.88,165.31,167.51,160.01,158.76,4.59,6.56,0.003802,446.28,107.93,0.026,Silt,0.07,D014,"LINESTRING(75.55875 21.011000000000003,75.56375 21.013,75.56875 21.015)",2026-08-10 06:00:00,Indian river/dam anchor + synthetic prototype cross-section,SYNTHETIC_PROTOTYPE
IN-R48,Tapi,Tapi Basin,Maharashtra,Jalgaon,IN-48-10,21.015,75.56625,EPSG:4326,13.5,141.08,166.47,100.49,99.44,91.56,89.67,7.58,10.82,0.000927,1010.19,162.73,0.034,Alluvium,74.32,D014,"LINESTRING(75.56125 21.013,75.56625 21.015,75.57124999999999 21.017)",2026-08-11 06:00:00,Indian river/dam anchor + synthetic prototype cross-section,SYNTHETIC_PROTOTYPE
IN-R48,Tapi,Tapi Basin,Maharashtra,Jalgaon,IN-48-11,21.017,75.56875,EPSG:4326,15.0,106.82,126.04,161.55,168.02,149.65,147.15,10.08,14.4,0.002992,1228.12,135.62,0.027,Clay,213.1,D014,"LINESTRING(75.56375000000001 21.015000000000004,75.56875000000001 21.017000000000003,75.57375 21.019000000000002)",2026-08-12 06:00:00,Indian river/dam anchor + synthetic prototype cross-section,SYNTHETIC_PROTOTYPE
IN-R48,Tapi,Tapi Basin,Maharashtra,Jalgaon,IN-48-12,21.019,75.57125,EPSG:4326,16.5,88.55,104.49,178.17,180.2,166.5,164.89,9.3,13.28,0.002261,705.87,115.11,0.03,Alluvium,98.48,D014,"LINESTRING(75.56625000000001 21.017000000000003,75.57125 21.019000000000002,75.57625 21.021)",2026-08-13 06:00:00,Indian river/dam anchor + synthetic prototype cross-section,SYNTHETIC_PROTOTYPE
IN-R48,Tapi,Tapi Basin,Maharashtra,Jalgaon,IN-48-13,21.021,75.57375,EPSG:4326,18.0,97.26,114.77,166.47,168.39,158.81,157.0,6.63,9.47,0.000537,771.98,116.19,0.036,Sand,323.61,D014,"LINESTRING(75.56875000000001 21.019000000000002,75.57375 21.021,75.57875 21.023)",2026-08-14 06:00:00,Indian river/dam anchor + synthetic prototype cross-section,SYNTHETIC_PROTOTYPE
IN-R48,Tapi,Tapi Basin,Maharashtra,Jalgaon,IN-48-14,21.023,75.57625,EPSG:4326,19.5,33.81,39.89,163.47,165.56,149.93,148.11,10.76,15.36,0.003357,378.73,64.54,0.032,Alluvium,53.1,D014,"LINESTRING(75.57125 21.021000000000004,75.57625 21.023000000000003,75.58125 21.025000000000002)",2026-08-15 06:00:00,Indian river/dam anchor + synthetic prototype cross-section,SYNTHETIC_PROTOTYPE
IN-R49,Banas,Banas Basin,Rajasthan,Tonk,IN-49-01,25.917,75.43375,EPSG:4326,0.0,50.49,59.57,122.72,126.36,113.51,111.42,7.91,11.3,0.003758,467.82,73.09,0.042,Silt,254.39,D036,"LINESTRING(75.42875000000001 25.915,75.43375 25.916999999999998,75.43875 25.918999999999997)",2026-08-02 06:00:00,Indian river/dam anchor + synthetic prototype cross-section,SYNTHETIC_PROTOTYPE
IN-R49,Banas,Banas Basin,Rajasthan,Tonk,IN-49-02,25.919,75.43625,EPSG:4326,1.5,110.23,130.07,145.97,148.29,132.16,130.64,10.73,15.33,0.003607,1185.5,140.88,0.036,Sand,272.43,D036,"LINESTRING(75.43125 25.917,75.43625 25.919,75.44125 25.921)",2026-08-03 06:00:00,Indian river/dam anchor + synthetic prototype cross-section,SYNTHETIC_PROTOTYPE
IN-R49,Banas,Banas Basin,Rajasthan,Tonk,IN-49-03,25.921,75.43875,EPSG:4326,3.0,50.81,59.96,157.22,161.65,143.04,142.52,10.29,14.7,0.000892,561.49,80.21,0.034,Clay,79.88,D036,"LINESTRING(75.43375 25.919,75.43875 25.921,75.44375 25.923)",2026-08-04 06:00:00,Indian river/dam anchor + synthetic prototype cross-section,SYNTHETIC_PROTOTYPE
IN-R49,Banas,Banas Basin,Rajasthan,Tonk,IN-49-04,25.923,75.44125,EPSG:4326,4.5,76.09,89.79,146.97,151.72,141.16,140.22,4.72,6.75,0.002828,334.45,89.59,0.043,Sand,247.27,D036,"LINESTRING(75.43625 25.921,75.44125 25.923,75.44624999999999 25.924999999999997)",2026-08-05 06:00:00,Indian river/dam anchor + synthetic prototype cross-section,SYNTHETIC_PROTOTYPE
IN-R49,Banas,Banas Basin,Rajasthan,Tonk,IN-49-05,25.925,75.44375,EPSG:4326,6.0,150.53,177.62,135.87,132.42,121.19,117.36,12.96,18.52,0.000702,1681.62,187.56,0.032,Gravel,351.32,D036,"LINESTRING(75.43875000000001 25.923000000000002,75.44375000000001 25.925,75.44875 25.927)",2026-08-06 06:00:00,Indian river/dam anchor + synthetic prototype cross-section,SYNTHETIC_PROTOTYPE
IN-R49,Banas,Banas Basin,Rajasthan,Tonk,IN-49-06,25.927,75.44625,EPSG:4326,7.5,83.15,98.11,109.77,103.67,95.33,92.93,11.79,16.84,0.00228,975.02,116.83,0.03,Alluvium,31.05,D036,"LINESTRING(75.44125000000001 25.925,75.44625 25.927,75.45125 25.929)",2026-08-07 06:00:00,Indian river/dam anchor + synthetic prototype cross-section,SYNTHETIC_PROTOTYPE
IN-R49,Banas,Banas Basin,Rajasthan,Tonk,IN-49-07,25.929,75.44875,EPSG:4326,9.0,96.66,114.06,144.04,140.76,129.74,129.13,10.44,14.91,0.001006,1189.55,126.48,0.037,Gravel,176.32,D036,"LINESTRING(75.44375000000001 25.927,75.44875 25.929,75.45375 25.930999999999997)",2026-08-08 06:00:00,Indian river/dam anchor + synthetic prototype cross-section,SYNTHETIC_PROTOTYPE
IN-R49,Banas,Banas Basin,Rajasthan,Tonk,IN-49-08,25.931,75.45125,EPSG:4326,10.5,99.78,117.74,72.45,76.53,60.87,58.18,9.99,14.27,0.003762,1146.14,128.33,0.04,Sand,189.28,D036,"LINESTRING(75.44625 25.929000000000002,75.45125 25.931,75.45625 25.933)",2026-08-09 06:00:00,Indian river/dam anchor + synthetic prototype cross-section,SYNTHETIC_PROTOTYPE
IN-R49,Banas,Banas Basin,Rajasthan,Tonk,IN-49-09,25.933,75.45375,EPSG:4326,12.0,98.82,116.61,91.27,88.32,78.6,76.6,10.27,14.67,0.003258,1136.95,128.16,0.041,Sand,58.36,D036,"LINESTRING(75.44875 25.931,75.45375 25.933,75.45875 25.935)",2026-08-10 06:00:00,Indian river/dam anchor + synthetic prototype cross-section,SYNTHETIC_PROTOTYPE
IN-R49,Banas,Banas Basin,Rajasthan,Tonk,IN-49-10,25.935,75.45625,EPSG:4326,13.5,111.92,132.07,187.42,189.92,177.93,174.11,9.32,13.31,0.000725,1111.33,138.55,0.033,Alluvium,29.3,D036,"LINESTRING(75.45125 25.933,75.45625 25.935,75.46124999999999 25.936999999999998)",2026-08-11 06:00:00,Indian river/dam anchor + synthetic prototype cross-section,SYNTHETIC_PROTOTYPE
IN-R49,Banas,Banas Basin,Rajasthan,Tonk,IN-49-11,25.937,75.45875,EPSG:4326,15.0,144.13,170.08,191.52,189.0,185.65,182.55,6.28,8.97,0.002808,912.81,162.07,0.033,Gravel,254.9,D036,"LINESTRING(75.45375000000001 25.935000000000002,75.45875000000001 25.937,75.46375 25.939)",2026-08-12 06:00:00,Indian river/dam anchor + synthetic prototype cross-section,SYNTHETIC_PROTOTYPE
IN-R49,Banas,Banas Basin,Rajasthan,Tonk,IN-49-12,25.939,75.46125,EPSG:4326,16.5,58.55,69.09,140.57,137.1,135.17,132.66,5.54,7.91,0.001602,338.83,74.36,0.025,Gravel,293.7,D036,"LINESTRING(75.45625000000001 25.937,75.46125 25.939,75.46625 25.941)",2026-08-13 06:00:00,Indian river/dam anchor + synthetic prototype cross-section,SYNTHETIC_PROTOTYPE
IN-R49,Banas,Banas Basin,Rajasthan,Tonk,IN-49-13,25.941,75.46375,EPSG:4326,18.0,102.43,120.87,111.47,114.22,107.47,104.59,4.82,6.88,0.001207,507.46,116.19,0.028,Gravel,294.72,D036,"LINESTRING(75.45875000000001 25.939,75.46375 25.941,75.46875 25.942999999999998)",2026-08-14 06:00:00,Indian river/dam anchor + synthetic prototype cross-section,SYNTHETIC_PROTOTYPE
IN-R49,Banas,Banas Basin,Rajasthan,Tonk,IN-49-14,25.943,75.46625,EPSG:4326,19.5,109.42,129.12,131.05,126.22,126.18,122.74,5.82,8.31,0.001311,726.61,126.04,0.034,Gravel,256.97,D036,"LINESTRING(75.46125 25.941000000000003,75.46625 25.943,75.47125 25.945)",2026-08-15 06:00:00,Indian river/dam anchor + synthetic prototype cross-section,SYNTHETIC_PROTOTYPE
IN-R50,Ghaggar,Ghaggar Basin,Haryana,Sirsa,IN-50-01,29.517,75.01375,EPSG:4326,0.0,86.02,101.5,153.42,153.57,148.72,145.36,5.64,8.06,0.000429,451.36,102.14,0.042,Clay,285.42,D038,"LINESTRING(75.00875 29.515,75.01375 29.517,75.01875 29.519)",2026-08-02 06:00:00,Indian river/dam anchor + synthetic prototype cross-section,SYNTHETIC_PROTOTYPE
IN-R50,Ghaggar,Ghaggar Basin,Haryana,Sirsa,IN-50-02,29.519,75.01625,EPSG:4326,1.5,131.88,155.62,200.2,203.09,187.26,183.63,11.6,16.58,0.003345,1694.84,165.04,0.044,Alluvium,299.68,D038,"LINESTRING(75.01125 29.517000000000003,75.01625 29.519000000000002,75.02125 29.521)",2026-08-03 06:00:00,Indian river/dam anchor + synthetic prototype cross-section,SYNTHETIC_PROTOTYPE
IN-R50,Ghaggar,Ghaggar Basin,Haryana,Sirsa,IN-50-03,29.521,75.01875,EPSG:4326,3.0,92.26,108.86,210.2,220.06,202.84,202.17,5.62,8.04,0.001049,558.4,108.33,0.033,Alluvium,167.53,D038,"LINESTRING(75.01375 29.519000000000002,75.01875 29.521,75.02374999999999 29.523)",2026-08-04 06:00:00,Indian river/dam anchor + synthetic prototype cross-section,SYNTHETIC_PROTOTYPE
IN-R50,Ghaggar,Ghaggar Basin,Haryana,Sirsa,IN-50-04,29.523,75.02125,EPSG:4326,4.5,123.01,145.15,132.96,136.58,118.54,116.5,11.52,16.45,0.001728,1265.97,155.92,0.028,Alluvium,214.54,D038,"LINESTRING(75.01625 29.521,75.02125 29.523,75.02624999999999 29.525)",2026-08-05 06:00:00,Indian river/dam anchor + synthetic prototype cross-section,SYNTHETIC_PROTOTYPE
IN-R50,Ghaggar,Ghaggar Basin,Haryana,Sirsa,IN-50-05,29.525,75.02375,EPSG:4326,6.0,84.68,99.92,157.69,158.54,148.13,146.44,7.87,11.25,0.003662,650.46,107.17,0.028,Clay,168.39,D038,"LINESTRING(75.01875000000001 29.523000000000003,75.02375 29.525000000000002,75.02875 29.527)",2026-08-06 06:00:00,Indian river/dam anchor + synthetic prototype cross-section,SYNTHETIC_PROTOTYPE
IN-R50,Ghaggar,Ghaggar Basin,Haryana,Sirsa,IN-50-06,29.527,75.02625,EPSG:4326,7.5,76.65,90.45,190.44,183.41,180.12,178.7,8.22,11.74,0.002989,798.52,100.13,0.042,Gravel,17.58,D038,"LINESTRING(75.02125000000001 29.525000000000002,75.02625 29.527,75.03125 29.529)",2026-08-07 06:00:00,Indian river/dam anchor + synthetic prototype cross-section,SYNTHETIC_PROTOTYPE
IN-R50,Ghaggar,Ghaggar Basin,Haryana,Sirsa,IN-50-07,29.529,75.02875,EPSG:4326,9.0,113.64,134.09,116.73,108.66,112.01,110.66,4.25,6.06,0.000859,603.09,125.77,0.026,Sand,139.54,D038,"LINESTRING(75.02375 29.527,75.02875 29.529,75.03375 29.531)",2026-08-08 06:00:00,Indian river/dam anchor + synthetic prototype cross-section,SYNTHETIC_PROTOTYPE
IN-R50,Ghaggar,Ghaggar Basin,Haryana,Sirsa,IN-50-08,29.531,75.03125,EPSG:4326,10.5,138.26,163.15,182.09,180.41,172.51,168.93,9.21,13.16,0.000517,1610.45,164.58,0.036,Alluvium,264.97,D038,"LINESTRING(75.02625 29.529000000000003,75.03125 29.531000000000002,75.03625 29.533)",2026-08-09 06:00:00,Indian river/dam anchor + synthetic prototype cross-section,SYNTHETIC_PROTOTYPE
IN-R50,Ghaggar,Ghaggar Basin,Haryana,Sirsa,IN-50-09,29.533,75.03375,EPSG:4326,12.0,82.46,97.3,192.08,189.36,185.57,181.72,7.26,10.37,0.001366,651.11,103.2,0.028,Sand,158.5,D038,"LINESTRING(75.02875 29.531000000000002,75.03375 29.533,75.03875 29.535)",2026-08-10 06:00:00,Indian river/dam anchor + synthetic prototype cross-section,SYNTHETIC_PROTOTYPE
IN-R50,Ghaggar,Ghaggar Basin,Haryana,Sirsa,IN-50-10,29.535,75.03625,EPSG:4326,13.5,114.62,135.25,72.72,77.72,59.98,58.22,10.15,14.5,0.000606,1148.66,143.63,0.042,Clay,262.88,D038,"LINESTRING(75.03125 29.533,75.03625 29.535,75.04124999999999 29.537)",2026-08-11 06:00:00,Indian river/dam anchor + synthetic prototype cross-section,SYNTHETIC_PROTOTYPE
IN-R50,Ghaggar,Ghaggar Basin,Haryana,Sirsa,IN-50-11,29.537,75.03875,EPSG:4326,15.0,141.85,167.38,168.15,175.06,162.72,160.94,5.05,7.22,0.001607,786.01,156.28,0.031,Gravel,275.59,D038,"LINESTRING(75.03375000000001 29.535000000000004,75.03875000000001 29.537000000000003,75.04375 29.539)",2026-08-12 06:00:00,Indian river/dam anchor + synthetic prototype cross-section,SYNTHETIC_PROTOTYPE
IN-R50,Ghaggar,Ghaggar Basin,Haryana,Sirsa,IN-50-12,29.539,75.04125,EPSG:4326,16.5,115.63,136.44,116.4,119.3,104.36,102.97,9.4,13.43,0.002675,1376.69,142.48,0.039,Silt,319.4,D038,"LINESTRING(75.03625000000001 29.537000000000003,75.04125 29.539,75.04625 29.541)",2026-08-13 06:00:00,Indian river/dam anchor + synthetic prototype cross-section,SYNTHETIC_PROTOTYPE
IN-R50,Ghaggar,Ghaggar Basin,Haryana,Sirsa,IN-50-13,29.541,75.04375,EPSG:4326,18.0,95.23,112.37,155.01,156.22,144.19,140.9,9.88,14.11,0.001263,896.07,123.45,0.026,Sand,358.7,D038,"LINESTRING(75.03875000000001 29.539,75.04375 29.541,75.04875 29.543)",2026-08-14 06:00:00,Indian river/dam anchor + synthetic prototype cross-section,SYNTHETIC_PROTOTYPE
IN-R50,Ghaggar,Ghaggar Basin,Haryana,Sirsa,IN-50-14,29.543,75.04625,EPSG:4326,19.5,114.22,134.78,107.48,99.81,99.64,96.31,7.82,11.17,0.003791,1144.58,136.57,0.039,Silt,108.93,D038,"LINESTRING(75.04125 29.541000000000004,75.04625 29.543000000000003,75.05125 29.545)",2026-08-15 06:00:00,Indian river/dam anchor + synthetic prototype cross-section,SYNTHETIC_PROTOTYPE
