observation_id,river_id,dam_id,reservoir_id,river_name,river_basin,state,district,latitude,longitude,crs,gauge_station,measurement_timestamp,water_level_m,discharge_m3s,flow_velocity_ms,river_width_m,river_depth_m,rainfall_mm,upstream_inflow_m3s,downstream_outflow_m3s,water_level_change_m,discharge_change_m3s,flood_stage_m,danger_level_m,station_status,data_source,data_status
IN-OBS-01-001,IN-G01,D017,R017,Ganga,Ganga Basin,Uttar Pradesh,Kanpur,26.45,80.35,EPSG:4326,Ganga Gauge,2026-08-01 00:00:00,2.013,226.31,0.751,67.93,2.92,1.49,194.94,224.46,0.009,-3.87,3.55,4.55,Active,Indian river gauge anchor + synthetic hydrological time series,SYNTHETIC_PROTOTYPE
IN-OBS-01-002,IN-G01,D017,R017,Ganga,Ganga Basin,Uttar Pradesh,Kanpur,26.45,80.35,EPSG:4326,Ganga Gauge,2026-08-02 00:00:00,2.038,310.31,0.696,67.46,2.97,6.73,296.67,321.85,0.194,-15.33,3.55,4.55,Active,Indian river gauge anchor + synthetic hydrological time series,SYNTHETIC_PROTOTYPE
IN-OBS-01-003,IN-G01,D017,R017,Ganga,Ganga Basin,Uttar Pradesh,Kanpur,26.45,80.35,EPSG:4326,Ganga Gauge,2026-08-03 00:00:00,1.597,265.34,1.112,126.56,4.83,3.35,271.95,277.52,-0.034,35.07,3.55,4.55,Active,Indian river gauge anchor + synthetic hydrological time series,SYNTHETIC_PROTOTYPE
IN-OBS-01-004,IN-G01,D017,R017,Ganga,Ganga Basin,Uttar Pradesh,Kanpur,26.45,80.35,EPSG:4326,Ganga Gauge,2026-08-04 00:00:00,1.573,261.84,0.962,127.66,4.72,2.75,271.84,220.27,0.132,-10.17,3.55,4.55,Active,Indian river gauge anchor + synthetic hydrological time series,SYNTHETIC_PROTOTYPE
IN-OBS-01-005,IN-G01,D017,R017,Ganga,Ganga Basin,Uttar Pradesh,Kanpur,26.45,80.35,EPSG:4326,Ganga Gauge,2026-08-05 00:00:00,1.084,242.77,0.831,58.87,2.43,0.97,225.67,225.38,-0.067,-19.22,3.55,4.55,Active,Indian river gauge anchor + synthetic hydrological time series,SYNTHETIC_PROTOTYPE
IN-OBS-01-006,IN-G01,D017,R017,Ganga,Ganga Basin,Uttar Pradesh,Kanpur,26.45,80.35,EPSG:4326,Ganga Gauge,2026-08-06 00:00:00,1.541,240.13,0.838,94.97,1.96,1.48,274.61,266.3,0.049,-10.76,3.55,4.55,Active,Indian river gauge anchor + synthetic hydrological time series,SYNTHETIC_PROTOTYPE
IN-OBS-01-007,IN-G01,D017,R017,Ganga,Ganga Basin,Uttar Pradesh,Kanpur,26.45,80.35,EPSG:4326,Ganga Gauge,2026-08-07 00:00:00,2.145,253.32,1.006,75.69,2.07,4.83,222.14,233.05,0.045,-16.13,3.55,4.55,Active,Indian river gauge anchor + synthetic hydrological time series,SYNTHETIC_PROTOTYPE
IN-OBS-01-008,IN-G01,D017,R017,Ganga,Ganga Basin,Uttar Pradesh,Kanpur,26.45,80.35,EPSG:4326,Ganga Gauge,2026-08-08 00:00:00,1.511,240.26,1.55,107.87,4.8,3.34,244.97,233.21,-0.136,13.67,3.55,4.55,Active,Indian river gauge anchor + synthetic hydrological time series,SYNTHETIC_PROTOTYPE
IN-OBS-01-009,IN-G01,D017,R017,Ganga,Ganga Basin,Uttar Pradesh,Kanpur,26.45,80.35,EPSG:4326,Ganga Gauge,2026-08-09 00:00:00,2.043,265.08,0.537,64.04,2.99,3.55,258.38,273.94,-0.079,-22.05,3.55,4.55,Active,Indian river gauge anchor + synthetic hydrological time series,SYNTHETIC_PROTOTYPE
IN-OBS-01-010,IN-G01,D017,R017,Ganga,Ganga Basin,Uttar Pradesh,Kanpur,26.45,80.35,EPSG:4326,Ganga Gauge,2026-08-10 00:00:00,2.055,333.54,1.012,133.92,3.58,10.41,338.74,329.96,0.146,3.21,3.55,4.55,Active,Indian river gauge anchor + synthetic hydrological time series,SYNTHETIC_PROTOTYPE
IN-OBS-01-011,IN-G01,D017,R017,Ganga,Ganga Basin,Uttar Pradesh,Kanpur,26.45,80.35,EPSG:4326,Ganga Gauge,2026-08-11 00:00:00,2.22,323.02,1.355,97.08,4.61,12.02,327.7,294.67,-0.153,-9.96,3.55,4.55,Active,Indian river gauge anchor + synthetic hydrological time series,SYNTHETIC_PROTOTYPE
IN-OBS-01-012,IN-G01,D017,R017,Ganga,Ganga Basin,Uttar Pradesh,Kanpur,26.45,80.35,EPSG:4326,Ganga Gauge,2026-08-12 00:00:00,1.253,220.96,0.778,149.3,3.07,3.98,226.85,276.59,-0.013,15.93,3.55,4.55,Active,Indian river gauge anchor + synthetic hydrological time series,SYNTHETIC_PROTOTYPE
IN-OBS-01-013,IN-G01,D017,R017,Ganga,Ganga Basin,Uttar Pradesh,Kanpur,26.45,80.35,EPSG:4326,Ganga Gauge,2026-08-13 00:00:00,1.977,200.56,1.05,80.68,3.52,2.41,234.29,217.52,-0.164,-21.34,3.55,4.55,Active,Indian river gauge anchor + synthetic hydrological time series,SYNTHETIC_PROTOTYPE
IN-OBS-01-014,IN-G01,D017,R017,Ganga,Ganga Basin,Uttar Pradesh,Kanpur,26.45,80.35,EPSG:4326,Ganga Gauge,2026-08-14 00:00:00,1.346,242.84,0.1,114.5,3.36,3.96,228.73,264.61,0.036,-43.43,3.55,4.55,Active,Indian river gauge anchor + synthetic hydrological time series,SYNTHETIC_PROTOTYPE
IN-OBS-02-001,IN-G02,D018,R018,Yamuna,Yamuna Basin,Uttar Pradesh,Prayagraj,25.44,81.84,EPSG:4326,Yamuna Gauge,2026-08-01 00:00:00,2.573,366.07,0.869,103.91,4.2,4.77,409.93,371.08,0.063,3.04,4.07,5.07,Active,Indian river gauge anchor + synthetic hydrological time series,SYNTHETIC_PROTOTYPE
IN-OBS-02-002,IN-G02,D018,R018,Yamuna,Yamuna Basin,Uttar Pradesh,Prayagraj,25.44,81.84,EPSG:4326,Yamuna Gauge,2026-08-02 00:00:00,2.683,489.18,0.637,66.98,4.39,12.66,418.67,486.8,0.112,-23.71,4.07,5.07,Active,Indian river gauge anchor + synthetic hydrological time series,SYNTHETIC_PROTOTYPE
IN-OBS-02-003,IN-G02,D018,R018,Yamuna,Yamuna Basin,Uttar Pradesh,Prayagraj,25.44,81.84,EPSG:4326,Yamuna Gauge,2026-08-03 00:00:00,2.556,423.81,0.67,73.79,2.95,4.17,455.82,422.59,-0.033,8.69,4.07,5.07,Active,Indian river gauge anchor + synthetic hydrological time series,SYNTHETIC_PROTOTYPE
IN-OBS-02-004,IN-G02,D018,R018,Yamuna,Yamuna Basin,Uttar Pradesh,Prayagraj,25.44,81.84,EPSG:4326,Yamuna Gauge,2026-08-04 00:00:00,2.431,491.36,0.796,103.76,3.8,8.65,535.83,485.08,0.181,-2.14,4.07,5.07,Active,Indian river gauge anchor + synthetic hydrological time series,SYNTHETIC_PROTOTYPE
IN-OBS-02-005,IN-G02,D018,R018,Yamuna,Yamuna Basin,Uttar Pradesh,Prayagraj,25.44,81.84,EPSG:4326,Yamuna Gauge,2026-08-05 00:00:00,2.338,403.62,1.354,109.97,4.8,2.31,421.52,397.79,-0.123,15.02,4.07,5.07,Active,Indian river gauge anchor + synthetic hydrological time series,SYNTHETIC_PROTOTYPE
IN-OBS-02-006,IN-G02,D018,R018,Yamuna,Yamuna Basin,Uttar Pradesh,Prayagraj,25.44,81.84,EPSG:4326,Yamuna Gauge,2026-08-06 00:00:00,2.377,540.93,0.679,114.42,4.19,10.36,536.34,563.36,-0.016,-20.71,4.07,5.07,Active,Indian river gauge anchor + synthetic hydrological time series,SYNTHETIC_PROTOTYPE
IN-OBS-02-007,IN-G02,D018,R018,Yamuna,Yamuna Basin,Uttar Pradesh,Prayagraj,25.44,81.84,EPSG:4326,Yamuna Gauge,2026-08-07 00:00:00,1.99,383.68,1.454,89.14,3.93,0.87,435.97,400.85,0.063,6.49,4.07,5.07,Active,Indian river gauge anchor + synthetic hydrological time series,SYNTHETIC_PROTOTYPE
IN-OBS-02-008,IN-G02,D018,R018,Yamuna,Yamuna Basin,Uttar Pradesh,Prayagraj,25.44,81.84,EPSG:4326,Yamuna Gauge,2026-08-08 00:00:00,2.091,374.15,0.681,93.26,3.14,0.28,399.97,380.81,-0.034,18.7,4.07,5.07,Active,Indian river gauge anchor + synthetic hydrological time series,SYNTHETIC_PROTOTYPE
IN-OBS-02-009,IN-G02,D018,R018,Yamuna,Yamuna Basin,Uttar Pradesh,Prayagraj,25.44,81.84,EPSG:4326,Yamuna Gauge,2026-08-09 00:00:00,2.516,426.28,1.05,64.0,3.24,4.2,370.19,452.88,-0.052,-5.48,4.07,5.07,Active,Indian river gauge anchor + synthetic hydrological time series,SYNTHETIC_PROTOTYPE
IN-OBS-02-010,IN-G02,D018,R018,Yamuna,Yamuna Basin,Uttar Pradesh,Prayagraj,25.44,81.84,EPSG:4326,Yamuna Gauge,2026-08-10 00:00:00,1.764,360.21,1.355,75.16,2.99,1.15,381.84,372.79,-0.149,5.09,4.07,5.07,Active,Indian river gauge anchor + synthetic hydrological time series,SYNTHETIC_PROTOTYPE
IN-OBS-02-011,IN-G02,D018,R018,Yamuna,Yamuna Basin,Uttar Pradesh,Prayagraj,25.44,81.84,EPSG:4326,Yamuna Gauge,2026-08-11 00:00:00,2.432,424.51,0.705,74.81,5.14,8.87,403.12,417.1,0.139,-1.44,4.07,5.07,Active,Indian river gauge anchor + synthetic hydrological time series,SYNTHETIC_PROTOTYPE
IN-OBS-02-012,IN-G02,D018,R018,Yamuna,Yamuna Basin,Uttar Pradesh,Prayagraj,25.44,81.84,EPSG:4326,Yamuna Gauge,2026-08-12 00:00:00,2.652,443.52,0.824,92.01,1.55,11.26,415.05,432.72,0.098,-13.77,4.07,5.07,Active,Indian river gauge anchor + synthetic hydrological time series,SYNTHETIC_PROTOTYPE
IN-OBS-02-013,IN-G02,D018,R018,Yamuna,Yamuna Basin,Uttar Pradesh,Prayagraj,25.44,81.84,EPSG:4326,Yamuna Gauge,2026-08-13 00:00:00,2.172,443.01,1.167,108.7,3.84,10.58,453.83,399.37,-0.18,6.53,4.07,5.07,Active,Indian river gauge anchor + synthetic hydrological time series,SYNTHETIC_PROTOTYPE
IN-OBS-02-014,IN-G02,D018,R018,Yamuna,Yamuna Basin,Uttar Pradesh,Prayagraj,25.44,81.84,EPSG:4326,Yamuna Gauge,2026-08-14 00:00:00,2.564,404.01,0.479,107.43,2.12,7.7,367.51,447.0,-0.13,-6.45,4.07,5.07,Active,Indian river gauge anchor + synthetic hydrological time series,SYNTHETIC_PROTOTYPE
IN-OBS-03-001,IN-G03,D019,R019,Brahmaputra,Brahmaputra Basin,Assam,Guwahati,26.14,91.74,EPSG:4326,Brahmaputra Gauge,2026-08-01 00:00:00,3.969,247.64,0.967,59.18,4.69,2.98,274.59,285.15,-0.018,-11.7,6.09,7.09,Active,Indian river gauge anchor + synthetic hydrological time series,SYNTHETIC_PROTOTYPE
IN-OBS-03-002,IN-G03,D019,R019,Brahmaputra,Brahmaputra Basin,Assam,Guwahati,26.14,91.74,EPSG:4326,Brahmaputra Gauge,2026-08-02 00:00:00,3.88,262.12,0.676,76.85,4.25,5.16,231.88,257.22,-0.063,-27.05,6.09,7.09,Active,Indian river gauge anchor + synthetic hydrological time series,SYNTHETIC_PROTOTYPE
IN-OBS-03-003,IN-G03,D019,R019,Brahmaputra,Brahmaputra Basin,Assam,Guwahati,26.14,91.74,EPSG:4326,Brahmaputra Gauge,2026-08-03 00:00:00,4.557,236.29,1.141,99.07,2.32,1.29,223.3,214.79,-0.045,-12.09,6.09,7.09,Active,Indian river gauge anchor + synthetic hydrological time series,SYNTHETIC_PROTOTYPE
IN-OBS-03-004,IN-G03,D019,R019,Brahmaputra,Brahmaputra Basin,Assam,Guwahati,26.14,91.74,EPSG:4326,Brahmaputra Gauge,2026-08-04 00:00:00,4.111,281.91,0.735,115.21,4.23,4.25,296.32,238.46,-0.094,-39.61,6.09,7.09,Active,Indian river gauge anchor + synthetic hydrological time series,SYNTHETIC_PROTOTYPE
IN-OBS-03-005,IN-G03,D019,R019,Brahmaputra,Brahmaputra Basin,Assam,Guwahati,26.14,91.74,EPSG:4326,Brahmaputra Gauge,2026-08-05 00:00:00,3.873,231.06,1.115,122.39,5.37,1.59,273.13,194.33,0.074,9.5,6.09,7.09,Active,Indian river gauge anchor + synthetic hydrological time series,SYNTHETIC_PROTOTYPE
IN-OBS-03-006,IN-G03,D019,R019,Brahmaputra,Brahmaputra Basin,Assam,Guwahati,26.14,91.74,EPSG:4326,Brahmaputra Gauge,2026-08-06 00:00:00,4.944,262.61,0.719,64.31,4.17,6.36,272.81,232.34,0.014,-1.12,6.09,7.09,Active,Indian river gauge anchor + synthetic hydrological time series,SYNTHETIC_PROTOTYPE
IN-OBS-03-007,IN-G03,D019,R019,Brahmaputra,Brahmaputra Basin,Assam,Guwahati,26.14,91.74,EPSG:4326,Brahmaputra Gauge,2026-08-07 00:00:00,4.068,223.83,1.052,83.13,4.48,0.4,263.02,240.29,0.063,-0.04,6.09,7.09,Active,Indian river gauge anchor + synthetic hydrological time series,SYNTHETIC_PROTOTYPE
IN-OBS-03-008,IN-G03,D019,R019,Brahmaputra,Brahmaputra Basin,Assam,Guwahati,26.14,91.74,EPSG:4326,Brahmaputra Gauge,2026-08-08 00:00:00,4.538,309.05,0.775,108.06,3.86,16.13,305.16,307.08,0.018,-12.39,6.09,7.09,Active,Indian river gauge anchor + synthetic hydrological time series,SYNTHETIC_PROTOTYPE
IN-OBS-03-009,IN-G03,D019,R019,Brahmaputra,Brahmaputra Basin,Assam,Guwahati,26.14,91.74,EPSG:4326,Brahmaputra Gauge,2026-08-09 00:00:00,3.836,226.23,1.195,110.76,3.43,2.09,231.91,220.17,-0.071,2.13,6.09,7.09,Active,Indian river gauge anchor + synthetic hydrological time series,SYNTHETIC_PROTOTYPE
IN-OBS-03-010,IN-G03,D019,R019,Brahmaputra,Brahmaputra Basin,Assam,Guwahati,26.14,91.74,EPSG:4326,Brahmaputra Gauge,2026-08-10 00:00:00,3.878,217.56,0.761,63.58,3.48,1.52,243.06,204.82,0.196,28.26,6.09,7.09,Active,Indian river gauge anchor + synthetic hydrological time series,SYNTHETIC_PROTOTYPE
IN-OBS-03-011,IN-G03,D019,R019,Brahmaputra,Brahmaputra Basin,Assam,Guwahati,26.14,91.74,EPSG:4326,Brahmaputra Gauge,2026-08-11 00:00:00,4.266,260.56,1.322,95.82,5.13,3.83,253.46,271.88,0.016,6.72,6.09,7.09,Active,Indian river gauge anchor + synthetic hydrological time series,SYNTHETIC_PROTOTYPE
IN-OBS-03-012,IN-G03,D019,R019,Brahmaputra,Brahmaputra Basin,Assam,Guwahati,26.14,91.74,EPSG:4326,Brahmaputra Gauge,2026-08-12 00:00:00,4.402,236.65,0.88,42.66,1.7,6.28,198.11,210.92,0.09,-29.47,6.09,7.09,Active,Indian river gauge anchor + synthetic hydrological time series,SYNTHETIC_PROTOTYPE
IN-OBS-03-013,IN-G03,D019,R019,Brahmaputra,Brahmaputra Basin,Assam,Guwahati,26.14,91.74,EPSG:4326,Brahmaputra Gauge,2026-08-13 00:00:00,3.93,197.01,0.606,77.09,3.87,1.61,233.42,136.81,-0.051,-25.69,6.09,7.09,Active,Indian river gauge anchor + synthetic hydrological time series,SYNTHETIC_PROTOTYPE
IN-OBS-03-014,IN-G03,D019,R019,Brahmaputra,Brahmaputra Basin,Assam,Guwahati,26.14,91.74,EPSG:4326,Brahmaputra Gauge,2026-08-14 00:00:00,4.114,235.63,0.832,123.17,4.81,10.72,247.54,243.5,0.043,-15.11,6.09,7.09,Active,Indian river gauge anchor + synthetic hydrological time series,SYNTHETIC_PROTOTYPE
IN-OBS-04-001,IN-G04,D013,R013,Godavari,Godavari Basin,Maharashtra,Nashik,19.99,73.79,EPSG:4326,Godavari Gauge,2026-08-01 00:00:00,3.708,151.73,1.078,88.68,3.38,6.59,126.61,153.1,0.056,14.62,5.96,6.96,Active,Indian river gauge anchor + synthetic hydrological time series,SYNTHETIC_PROTOTYPE
IN-OBS-04-002,IN-G04,D013,R013,Godavari,Godavari Basin,Maharashtra,Nashik,19.99,73.79,EPSG:4326,Godavari Gauge,2026-08-02 00:00:00,4.611,125.72,0.352,88.54,2.07,7.15,151.04,159.4,-0.062,8.42,5.96,6.96,Active,Indian river gauge anchor + synthetic hydrological time series,SYNTHETIC_PROTOTYPE
IN-OBS-04-003,IN-G04,D013,R013,Godavari,Godavari Basin,Maharashtra,Nashik,19.99,73.79,EPSG:4326,Godavari Gauge,2026-08-03 00:00:00,3.85,100.1,0.887,49.8,3.08,1.62,86.01,147.64,0.047,3.19,5.96,6.96,Active,Indian river gauge anchor + synthetic hydrological time series,SYNTHETIC_PROTOTYPE
IN-OBS-04-004,IN-G04,D013,R013,Godavari,Godavari Basin,Maharashtra,Nashik,19.99,73.79,EPSG:4326,Godavari Gauge,2026-08-04 00:00:00,3.901,100.77,0.918,32.61,4.54,1.64,91.49,103.15,0.162,-17.02,5.96,6.96,Active,Indian river gauge anchor + synthetic hydrological time series,SYNTHETIC_PROTOTYPE
IN-OBS-04-005,IN-G04,D013,R013,Godavari,Godavari Basin,Maharashtra,Nashik,19.99,73.79,EPSG:4326,Godavari Gauge,2026-08-05 00:00:00,4.143,250.98,0.638,139.64,3.07,9.12,294.52,309.98,-0.071,-22.35,5.96,6.96,Active,Indian river gauge anchor + synthetic hydrological time series,SYNTHETIC_PROTOTYPE
IN-OBS-04-006,IN-G04,D013,R013,Godavari,Godavari Basin,Maharashtra,Nashik,19.99,73.79,EPSG:4326,Godavari Gauge,2026-08-06 00:00:00,4.18,201.27,1.135,77.92,3.12,8.33,158.03,184.14,-0.159,24.27,5.96,6.96,Active,Indian river gauge anchor + synthetic hydrological time series,SYNTHETIC_PROTOTYPE
IN-OBS-04-007,IN-G04,D013,R013,Godavari,Godavari Basin,Maharashtra,Nashik,19.99,73.79,EPSG:4326,Godavari Gauge,2026-08-07 00:00:00,3.906,131.78,0.709,82.48,1.92,7.02,133.46,153.09,-0.059,-1.41,5.96,6.96,Active,Indian river gauge anchor + synthetic hydrological time series,SYNTHETIC_PROTOTYPE
IN-OBS-04-008,IN-G04,D013,R013,Godavari,Godavari Basin,Maharashtra,Nashik,19.99,73.79,EPSG:4326,Godavari Gauge,2026-08-08 00:00:00,4.21,139.46,0.583,83.51,3.89,5.96,162.34,120.27,0.022,9.64,5.96,6.96,Active,Indian river gauge anchor + synthetic hydrological time series,SYNTHETIC_PROTOTYPE
IN-OBS-04-009,IN-G04,D013,R013,Godavari,Godavari Basin,Maharashtra,Nashik,19.99,73.79,EPSG:4326,Godavari Gauge,2026-08-09 00:00:00,3.962,122.44,0.747,107.61,3.01,3.4,115.57,143.3,-0.042,16.9,5.96,6.96,Active,Indian river gauge anchor + synthetic hydrological time series,SYNTHETIC_PROTOTYPE
IN-OBS-04-010,IN-G04,D013,R013,Godavari,Godavari Basin,Maharashtra,Nashik,19.99,73.79,EPSG:4326,Godavari Gauge,2026-08-10 00:00:00,4.08,155.08,1.359,69.25,3.91,6.71,182.67,170.78,0.221,-21.93,5.96,6.96,Active,Indian river gauge anchor + synthetic hydrological time series,SYNTHETIC_PROTOTYPE
IN-OBS-04-011,IN-G04,D013,R013,Godavari,Godavari Basin,Maharashtra,Nashik,19.99,73.79,EPSG:4326,Godavari Gauge,2026-08-11 00:00:00,4.08,364.1,0.599,92.79,5.51,19.07,410.29,344.68,0.025,-1.92,5.96,6.96,Active,Indian river gauge anchor + synthetic hydrological time series,SYNTHETIC_PROTOTYPE
IN-OBS-04-012,IN-G04,D013,R013,Godavari,Godavari Basin,Maharashtra,Nashik,19.99,73.79,EPSG:4326,Godavari Gauge,2026-08-12 00:00:00,4.217,161.97,0.676,40.07,4.51,6.61,120.2,167.39,-0.0,9.44,5.96,6.96,Active,Indian river gauge anchor + synthetic hydrological time series,SYNTHETIC_PROTOTYPE
IN-OBS-04-013,IN-G04,D013,R013,Godavari,Godavari Basin,Maharashtra,Nashik,19.99,73.79,EPSG:4326,Godavari Gauge,2026-08-13 00:00:00,4.768,312.62,1.163,54.85,2.72,24.51,333.0,326.5,-0.012,-0.51,5.96,6.96,Active,Indian river gauge anchor + synthetic hydrological time series,SYNTHETIC_PROTOTYPE
IN-OBS-04-014,IN-G04,D013,R013,Godavari,Godavari Basin,Maharashtra,Nashik,19.99,73.79,EPSG:4326,Godavari Gauge,2026-08-14 00:00:00,4.058,107.4,0.772,76.8,3.46,5.26,72.89,170.36,-0.015,-13.85,5.96,6.96,Active,Indian river gauge anchor + synthetic hydrological time series,SYNTHETIC_PROTOTYPE
IN-OBS-05-001,IN-G05,D020,R020,Krishna,Krishna Basin,Karnataka,Vijayapura,16.83,75.71,EPSG:4326,Krishna Gauge,2026-08-01 00:00:00,5.076,142.69,1.088,103.04,3.79,5.25,123.43,124.8,-0.151,-4.19,7.22,8.22,Active,Indian river gauge anchor + synthetic hydrological time series,SYNTHETIC_PROTOTYPE
IN-OBS-05-002,IN-G05,D020,R020,Krishna,Krishna Basin,Karnataka,Vijayapura,16.83,75.71,EPSG:4326,Krishna Gauge,2026-08-02 00:00:00,4.875,81.33,0.787,116.3,3.0,0.98,78.45,111.02,-0.066,-4.13,7.22,8.22,Active,Indian river gauge anchor + synthetic hydrological time series,SYNTHETIC_PROTOTYPE
IN-OBS-05-003,IN-G05,D020,R020,Krishna,Krishna Basin,Karnataka,Vijayapura,16.83,75.71,EPSG:4326,Krishna Gauge,2026-08-03 00:00:00,6.145,121.7,0.945,105.42,3.12,7.21,152.94,124.37,-0.103,25.13,7.22,8.22,Active,Indian river gauge anchor + synthetic hydrological time series,SYNTHETIC_PROTOTYPE
IN-OBS-05-004,IN-G05,D020,R020,Krishna,Krishna Basin,Karnataka,Vijayapura,16.83,75.71,EPSG:4326,Krishna Gauge,2026-08-04 00:00:00,5.479,160.77,0.644,93.05,3.88,5.12,154.68,177.4,0.193,35.24,7.22,8.22,Active,Indian river gauge anchor + synthetic hydrological time series,SYNTHETIC_PROTOTYPE
IN-OBS-05-005,IN-G05,D020,R020,Krishna,Krishna Basin,Karnataka,Vijayapura,16.83,75.71,EPSG:4326,Krishna Gauge,2026-08-05 00:00:00,5.795,72.91,0.827,65.12,3.91,0.43,59.24,51.53,0.035,21.77,7.22,8.22,Active,Indian river gauge anchor + synthetic hydrological time series,SYNTHETIC_PROTOTYPE
IN-OBS-05-006,IN-G05,D020,R020,Krishna,Krishna Basin,Karnataka,Vijayapura,16.83,75.71,EPSG:4326,Krishna Gauge,2026-08-06 00:00:00,5.493,124.14,0.759,65.59,3.19,4.92,82.84,105.57,-0.05,10.14,7.22,8.22,Active,Indian river gauge anchor + synthetic hydrological time series,SYNTHETIC_PROTOTYPE
IN-OBS-05-007,IN-G05,D020,R020,Krishna,Krishna Basin,Karnataka,Vijayapura,16.83,75.71,EPSG:4326,Krishna Gauge,2026-08-07 00:00:00,5.356,95.81,1.331,85.07,3.65,2.42,67.69,104.75,0.132,-0.49,7.22,8.22,Active,Indian river gauge anchor + synthetic hydrological time series,SYNTHETIC_PROTOTYPE
IN-OBS-05-008,IN-G05,D020,R020,Krishna,Krishna Basin,Karnataka,Vijayapura,16.83,75.71,EPSG:4326,Krishna Gauge,2026-08-08 00:00:00,5.346,78.04,0.48,106.32,4.62,0.64,67.87,86.63,-0.038,6.52,7.22,8.22,Active,Indian river gauge anchor + synthetic hydrological time series,SYNTHETIC_PROTOTYPE
IN-OBS-05-009,IN-G05,D020,R020,Krishna,Krishna Basin,Karnataka,Vijayapura,16.83,75.71,EPSG:4326,Krishna Gauge,2026-08-09 00:00:00,5.896,72.79,0.828,110.09,3.71,1.08,65.02,53.46,-0.243,-13.41,7.22,8.22,Active,Indian river gauge anchor + synthetic hydrological time series,SYNTHETIC_PROTOTYPE
IN-OBS-05-010,IN-G05,D020,R020,Krishna,Krishna Basin,Karnataka,Vijayapura,16.83,75.71,EPSG:4326,Krishna Gauge,2026-08-10 00:00:00,4.624,170.85,0.421,108.87,1.7,7.23,205.02,170.86,0.09,-12.22,7.22,8.22,Active,Indian river gauge anchor + synthetic hydrological time series,SYNTHETIC_PROTOTYPE
IN-OBS-05-011,IN-G05,D020,R020,Krishna,Krishna Basin,Karnataka,Vijayapura,16.83,75.71,EPSG:4326,Krishna Gauge,2026-08-11 00:00:00,5.388,138.86,0.992,113.33,4.56,6.52,112.6,182.91,0.095,10.85,7.22,8.22,Active,Indian river gauge anchor + synthetic hydrological time series,SYNTHETIC_PROTOTYPE
IN-OBS-05-012,IN-G05,D020,R020,Krishna,Krishna Basin,Karnataka,Vijayapura,16.83,75.71,EPSG:4326,Krishna Gauge,2026-08-12 00:00:00,5.293,149.65,1.262,103.25,5.25,6.27,129.24,181.23,-0.097,-8.64,7.22,8.22,Active,Indian river gauge anchor + synthetic hydrological time series,SYNTHETIC_PROTOTYPE
IN-OBS-05-013,IN-G05,D020,R020,Krishna,Krishna Basin,Karnataka,Vijayapura,16.83,75.71,EPSG:4326,Krishna Gauge,2026-08-13 00:00:00,5.407,70.56,0.145,75.93,4.06,1.08,43.38,61.94,0.091,2.66,7.22,8.22,Active,Indian river gauge anchor + synthetic hydrological time series,SYNTHETIC_PROTOTYPE
IN-OBS-05-014,IN-G05,D020,R020,Krishna,Krishna Basin,Karnataka,Vijayapura,16.83,75.71,EPSG:4326,Krishna Gauge,2026-08-14 00:00:00,5.328,141.74,0.728,92.01,4.37,8.25,164.77,81.17,0.101,8.6,7.22,8.22,Active,Indian river gauge anchor + synthetic hydrological time series,SYNTHETIC_PROTOTYPE
IN-OBS-06-001,IN-G06,D008,R008,Cauvery,Cauvery Basin,Tamil Nadu,Salem,11.79,77.8,EPSG:4326,Cauvery Gauge,2026-08-01 00:00:00,7.117,133.3,0.647,74.59,3.67,5.99,143.64,165.0,0.097,-8.76,9.62,10.62,Active,Indian river gauge anchor + synthetic hydrological time series,SYNTHETIC_PROTOTYPE
IN-OBS-06-002,IN-G06,D008,R008,Cauvery,Cauvery Basin,Tamil Nadu,Salem,11.79,77.8,EPSG:4326,Cauvery Gauge,2026-08-02 00:00:00,7.746,210.82,0.79,115.37,3.3,9.12,183.86,192.85,0.021,-7.04,9.62,10.62,Active,Indian river gauge anchor + synthetic hydrological time series,SYNTHETIC_PROTOTYPE
IN-OBS-06-003,IN-G06,D008,R008,Cauvery,Cauvery Basin,Tamil Nadu,Salem,11.79,77.8,EPSG:4326,Cauvery Gauge,2026-08-03 00:00:00,8.14,190.54,0.763,114.26,2.95,10.48,200.94,206.08,-0.02,-9.25,9.62,10.62,Active,Indian river gauge anchor + synthetic hydrological time series,SYNTHETIC_PROTOTYPE
IN-OBS-06-004,IN-G06,D008,R008,Cauvery,Cauvery Basin,Tamil Nadu,Salem,11.79,77.8,EPSG:4326,Cauvery Gauge,2026-08-04 00:00:00,7.489,106.16,0.837,65.7,2.29,4.63,60.56,93.39,-0.047,3.0,9.62,10.62,Active,Indian river gauge anchor + synthetic hydrological time series,SYNTHETIC_PROTOTYPE
IN-OBS-06-005,IN-G06,D008,R008,Cauvery,Cauvery Basin,Tamil Nadu,Salem,11.79,77.8,EPSG:4326,Cauvery Gauge,2026-08-05 00:00:00,7.584,84.59,0.852,100.47,2.22,1.83,67.32,59.29,-0.013,-34.82,9.62,10.62,Active,Indian river gauge anchor + synthetic hydrological time series,SYNTHETIC_PROTOTYPE
IN-OBS-06-006,IN-G06,D008,R008,Cauvery,Cauvery Basin,Tamil Nadu,Salem,11.79,77.8,EPSG:4326,Cauvery Gauge,2026-08-06 00:00:00,7.999,215.29,0.915,63.2,3.58,10.71,186.58,197.08,0.124,-33.75,9.62,10.62,Active,Indian river gauge anchor + synthetic hydrological time series,SYNTHETIC_PROTOTYPE
IN-OBS-06-007,IN-G06,D008,R008,Cauvery,Cauvery Basin,Tamil Nadu,Salem,11.79,77.8,EPSG:4326,Cauvery Gauge,2026-08-07 00:00:00,7.667,205.77,0.69,83.59,3.64,10.72,282.58,260.72,-0.028,-16.95,9.62,10.62,Active,Indian river gauge anchor + synthetic hydrological time series,SYNTHETIC_PROTOTYPE
IN-OBS-06-008,IN-G06,D008,R008,Cauvery,Cauvery Basin,Tamil Nadu,Salem,11.79,77.8,EPSG:4326,Cauvery Gauge,2026-08-08 00:00:00,7.52,83.33,1.017,101.08,4.52,3.34,125.15,87.82,0.168,2.69,9.62,10.62,Active,Indian river gauge anchor + synthetic hydrological time series,SYNTHETIC_PROTOTYPE
IN-OBS-06-009,IN-G06,D008,R008,Cauvery,Cauvery Basin,Tamil Nadu,Salem,11.79,77.8,EPSG:4326,Cauvery Gauge,2026-08-09 00:00:00,7.278,69.34,0.809,34.43,5.27,1.62,44.42,46.68,-0.153,0.6,9.62,10.62,Active,Indian river gauge anchor + synthetic hydrological time series,SYNTHETIC_PROTOTYPE
IN-OBS-06-010,IN-G06,D008,R008,Cauvery,Cauvery Basin,Tamil Nadu,Salem,11.79,77.8,EPSG:4326,Cauvery Gauge,2026-08-10 00:00:00,7.495,66.38,0.563,51.94,3.0,1.18,56.11,45.89,-0.024,19.46,9.62,10.62,Active,Indian river gauge anchor + synthetic hydrological time series,SYNTHETIC_PROTOTYPE
IN-OBS-06-011,IN-G06,D008,R008,Cauvery,Cauvery Basin,Tamil Nadu,Salem,11.79,77.8,EPSG:4326,Cauvery Gauge,2026-08-11 00:00:00,8.19,305.62,0.973,90.36,2.63,15.44,251.49,323.24,0.118,-7.22,9.62,10.62,Active,Indian river gauge anchor + synthetic hydrological time series,SYNTHETIC_PROTOTYPE
IN-OBS-06-012,IN-G06,D008,R008,Cauvery,Cauvery Basin,Tamil Nadu,Salem,11.79,77.8,EPSG:4326,Cauvery Gauge,2026-08-12 00:00:00,7.743,97.27,0.504,70.45,4.29,2.85,157.32,86.38,0.216,6.52,9.62,10.62,Active,Indian river gauge anchor + synthetic hydrological time series,SYNTHETIC_PROTOTYPE
IN-OBS-06-013,IN-G06,D008,R008,Cauvery,Cauvery Basin,Tamil Nadu,Salem,11.79,77.8,EPSG:4326,Cauvery Gauge,2026-08-13 00:00:00,7.889,87.11,0.704,112.92,3.23,3.35,52.26,112.55,0.083,-3.79,9.62,10.62,Active,Indian river gauge anchor + synthetic hydrological time series,SYNTHETIC_PROTOTYPE
IN-OBS-06-014,IN-G06,D008,R008,Cauvery,Cauvery Basin,Tamil Nadu,Salem,11.79,77.8,EPSG:4326,Cauvery Gauge,2026-08-14 00:00:00,7.944,66.37,0.704,101.79,5.18,2.37,54.79,103.03,0.035,-23.46,9.62,10.62,Active,Indian river gauge anchor + synthetic hydrological time series,SYNTHETIC_PROTOTYPE
IN-OBS-07-001,IN-G07,D004,R004,Mahanadi,Mahanadi Basin,Odisha,Sambalpur,21.47,83.97,EPSG:4326,Mahanadi Gauge,2026-08-01 00:00:00,7.629,438.87,0.515,93.49,4.24,3.39,366.67,438.68,-0.024,-19.93,9.27,10.27,Active,Indian river gauge anchor + synthetic hydrological time series,SYNTHETIC_PROTOTYPE
IN-OBS-07-002,IN-G07,D004,R004,Mahanadi,Mahanadi Basin,Odisha,Sambalpur,21.47,83.97,EPSG:4326,Mahanadi Gauge,2026-08-02 00:00:00,6.968,418.2,0.661,109.27,0.97,0.55,453.44,417.01,-0.066,-4.71,9.27,10.27,Active,Indian river gauge anchor + synthetic hydrological time series,SYNTHETIC_PROTOTYPE
IN-OBS-07-003,IN-G07,D004,R004,Mahanadi,Mahanadi Basin,Odisha,Sambalpur,21.47,83.97,EPSG:4326,Mahanadi Gauge,2026-08-03 00:00:00,7.063,482.35,0.612,105.83,2.81,4.26,479.67,489.91,0.051,5.27,9.27,10.27,Active,Indian river gauge anchor + synthetic hydrological time series,SYNTHETIC_PROTOTYPE
IN-OBS-07-004,IN-G07,D004,R004,Mahanadi,Mahanadi Basin,Odisha,Sambalpur,21.47,83.97,EPSG:4326,Mahanadi Gauge,2026-08-04 00:00:00,7.878,505.0,0.582,94.27,3.44,4.08,511.69,522.88,0.038,-22.95,9.27,10.27,Active,Indian river gauge anchor + synthetic hydrological time series,SYNTHETIC_PROTOTYPE
IN-OBS-07-005,IN-G07,D004,R004,Mahanadi,Mahanadi Basin,Odisha,Sambalpur,21.47,83.97,EPSG:4326,Mahanadi Gauge,2026-08-05 00:00:00,8.054,485.64,0.459,98.43,3.12,6.96,518.57,475.42,0.103,-15.48,9.27,10.27,Active,Indian river gauge anchor + synthetic hydrological time series,SYNTHETIC_PROTOTYPE
IN-OBS-07-006,IN-G07,D004,R004,Mahanadi,Mahanadi Basin,Odisha,Sambalpur,21.47,83.97,EPSG:4326,Mahanadi Gauge,2026-08-06 00:00:00,7.533,480.64,0.716,141.28,6.14,7.24,451.83,451.62,-0.026,-2.02,9.27,10.27,Active,Indian river gauge anchor + synthetic hydrological time series,SYNTHETIC_PROTOTYPE
IN-OBS-07-007,IN-G07,D004,R004,Mahanadi,Mahanadi Basin,Odisha,Sambalpur,21.47,83.97,EPSG:4326,Mahanadi Gauge,2026-08-07 00:00:00,7.528,465.7,1.274,115.2,4.3,2.29,475.87,487.59,-0.072,-7.41,9.27,10.27,Active,Indian river gauge anchor + synthetic hydrological time series,SYNTHETIC_PROTOTYPE
IN-OBS-07-008,IN-G07,D004,R004,Mahanadi,Mahanadi Basin,Odisha,Sambalpur,21.47,83.97,EPSG:4326,Mahanadi Gauge,2026-08-08 00:00:00,7.76,592.58,1.125,79.93,3.89,9.33,552.77,586.87,-0.07,-1.58,9.27,10.27,Active,Indian river gauge anchor + synthetic hydrological time series,SYNTHETIC_PROTOTYPE
IN-OBS-07-009,IN-G07,D004,R004,Mahanadi,Mahanadi Basin,Odisha,Sambalpur,21.47,83.97,EPSG:4326,Mahanadi Gauge,2026-08-09 00:00:00,7.155,448.82,0.447,131.68,5.19,2.24,436.2,447.09,0.016,-6.91,9.27,10.27,Active,Indian river gauge anchor + synthetic hydrological time series,SYNTHETIC_PROTOTYPE
IN-OBS-07-010,IN-G07,D004,R004,Mahanadi,Mahanadi Basin,Odisha,Sambalpur,21.47,83.97,EPSG:4326,Mahanadi Gauge,2026-08-10 00:00:00,7.122,438.11,1.0,103.17,5.11,4.62,428.73,459.41,0.081,-2.82,9.27,10.27,Active,Indian river gauge anchor + synthetic hydrological time series,SYNTHETIC_PROTOTYPE
IN-OBS-07-011,IN-G07,D004,R004,Mahanadi,Mahanadi Basin,Odisha,Sambalpur,21.47,83.97,EPSG:4326,Mahanadi Gauge,2026-08-11 00:00:00,7.65,414.02,0.991,58.3,5.34,1.97,404.21,460.83,-0.079,-7.13,9.27,10.27,Active,Indian river gauge anchor + synthetic hydrological time series,SYNTHETIC_PROTOTYPE
IN-OBS-07-012,IN-G07,D004,R004,Mahanadi,Mahanadi Basin,Odisha,Sambalpur,21.47,83.97,EPSG:4326,Mahanadi Gauge,2026-08-12 00:00:00,7.771,395.82,1.097,94.79,3.87,1.76,394.96,431.39,0.069,7.42,9.27,10.27,Active,Indian river gauge anchor + synthetic hydrological time series,SYNTHETIC_PROTOTYPE
IN-OBS-07-013,IN-G07,D004,R004,Mahanadi,Mahanadi Basin,Odisha,Sambalpur,21.47,83.97,EPSG:4326,Mahanadi Gauge,2026-08-13 00:00:00,7.233,391.29,0.843,81.58,3.74,1.92,425.05,399.32,-0.029,-24.87,9.27,10.27,Active,Indian river gauge anchor + synthetic hydrological time series,SYNTHETIC_PROTOTYPE
IN-OBS-07-014,IN-G07,D004,R004,Mahanadi,Mahanadi Basin,Odisha,Sambalpur,21.47,83.97,EPSG:4326,Mahanadi Gauge,2026-08-14 00:00:00,7.965,458.19,0.59,93.25,4.09,10.87,466.55,468.57,-0.067,-11.39,9.27,10.27,Active,Indian river gauge anchor + synthetic hydrological time series,SYNTHETIC_PROTOTYPE
IN-OBS-08-001,IN-G08,D002,R002,Narmada,Narmada Basin,Gujarat,Narmada,21.83,73.75,EPSG:4326,Narmada Gauge,2026-08-01 00:00:00,3.639,367.36,0.397,58.35,3.83,13.52,378.06,359.88,-0.084,16.13,5.32,6.32,Active,Indian river gauge anchor + synthetic hydrological time series,SYNTHETIC_PROTOTYPE
IN-OBS-08-002,IN-G08,D002,R002,Narmada,Narmada Basin,Gujarat,Narmada,21.83,73.75,EPSG:4326,Narmada Gauge,2026-08-02 00:00:00,3.403,297.1,0.638,136.55,2.21,0.28,269.33,307.33,-0.05,-0.07,5.32,6.32,Active,Indian river gauge anchor + synthetic hydrological time series,SYNTHETIC_PROTOTYPE
IN-OBS-08-003,IN-G08,D002,R002,Narmada,Narmada Basin,Gujarat,Narmada,21.83,73.75,EPSG:4326,Narmada Gauge,2026-08-03 00:00:00,3.511,369.41,0.594,113.01,2.43,4.19,398.12,345.17,-0.107,-2.11,5.32,6.32,Active,Indian river gauge anchor + synthetic hydrological time series,SYNTHETIC_PROTOTYPE
IN-OBS-08-004,IN-G08,D002,R002,Narmada,Narmada Basin,Gujarat,Narmada,21.83,73.75,EPSG:4326,Narmada Gauge,2026-08-04 00:00:00,3.566,330.3,0.568,88.53,4.02,1.19,311.39,322.47,0.016,2.37,5.32,6.32,Active,Indian river gauge anchor + synthetic hydrological time series,SYNTHETIC_PROTOTYPE
IN-OBS-08-005,IN-G08,D002,R002,Narmada,Narmada Basin,Gujarat,Narmada,21.83,73.75,EPSG:4326,Narmada Gauge,2026-08-05 00:00:00,3.49,413.51,1.037,104.0,3.19,6.02,374.67,402.49,0.057,-16.89,5.32,6.32,Active,Indian river gauge anchor + synthetic hydrological time series,SYNTHETIC_PROTOTYPE
IN-OBS-08-006,IN-G08,D002,R002,Narmada,Narmada Basin,Gujarat,Narmada,21.83,73.75,EPSG:4326,Narmada Gauge,2026-08-06 00:00:00,3.707,420.27,0.727,82.68,2.96,8.08,490.54,391.13,0.098,-28.51,5.32,6.32,Active,Indian river gauge anchor + synthetic hydrological time series,SYNTHETIC_PROTOTYPE
IN-OBS-08-007,IN-G08,D002,R002,Narmada,Narmada Basin,Gujarat,Narmada,21.83,73.75,EPSG:4326,Narmada Gauge,2026-08-07 00:00:00,3.782,413.42,0.925,62.52,1.68,11.56,466.99,392.29,-0.012,-12.43,5.32,6.32,Active,Indian river gauge anchor + synthetic hydrological time series,SYNTHETIC_PROTOTYPE
IN-OBS-08-008,IN-G08,D002,R002,Narmada,Narmada Basin,Gujarat,Narmada,21.83,73.75,EPSG:4326,Narmada Gauge,2026-08-08 00:00:00,3.402,459.47,0.927,44.24,3.06,9.92,415.78,450.36,0.006,4.34,5.32,6.32,Active,Indian river gauge anchor + synthetic hydrological time series,SYNTHETIC_PROTOTYPE
IN-OBS-08-009,IN-G08,D002,R002,Narmada,Narmada Basin,Gujarat,Narmada,21.83,73.75,EPSG:4326,Narmada Gauge,2026-08-09 00:00:00,4.228,338.61,0.884,127.67,4.16,4.39,369.04,314.88,-0.071,17.81,5.32,6.32,Active,Indian river gauge anchor + synthetic hydrological time series,SYNTHETIC_PROTOTYPE
IN-OBS-08-010,IN-G08,D002,R002,Narmada,Narmada Basin,Gujarat,Narmada,21.83,73.75,EPSG:4326,Narmada Gauge,2026-08-10 00:00:00,4.125,307.33,0.87,62.32,2.32,2.78,322.63,276.86,-0.071,22.95,5.32,6.32,Active,Indian river gauge anchor + synthetic hydrological time series,SYNTHETIC_PROTOTYPE
IN-OBS-08-011,IN-G08,D002,R002,Narmada,Narmada Basin,Gujarat,Narmada,21.83,73.75,EPSG:4326,Narmada Gauge,2026-08-11 00:00:00,3.781,467.77,1.002,85.54,2.18,15.88,430.71,468.15,0.082,2.47,5.32,6.32,Active,Indian river gauge anchor + synthetic hydrological time series,SYNTHETIC_PROTOTYPE
IN-OBS-08-012,IN-G08,D002,R002,Narmada,Narmada Basin,Gujarat,Narmada,21.83,73.75,EPSG:4326,Narmada Gauge,2026-08-12 00:00:00,3.251,267.18,0.82,65.17,4.6,0.08,307.88,268.9,0.054,-3.9,5.32,6.32,Active,Indian river gauge anchor + synthetic hydrological time series,SYNTHETIC_PROTOTYPE
IN-OBS-08-013,IN-G08,D002,R002,Narmada,Narmada Basin,Gujarat,Narmada,21.83,73.75,EPSG:4326,Narmada Gauge,2026-08-13 00:00:00,4.046,378.97,0.66,60.82,3.24,7.04,369.93,361.93,0.083,24.72,5.32,6.32,Active,Indian river gauge anchor + synthetic hydrological time series,SYNTHETIC_PROTOTYPE
IN-OBS-08-014,IN-G08,D002,R002,Narmada,Narmada Basin,Gujarat,Narmada,21.83,73.75,EPSG:4326,Narmada Gauge,2026-08-14 00:00:00,2.827,263.89,0.955,91.89,2.82,0.97,283.29,272.02,-0.11,4.04,5.32,6.32,Active,Indian river gauge anchor + synthetic hydrological time series,SYNTHETIC_PROTOTYPE
IN-OBS-09-001,IN-G09,D014,R014,Tapi,Tapi Basin,Gujarat,Surat,21.17,72.83,EPSG:4326,Tapi Gauge,2026-08-01 00:00:00,3.1,455.03,1.042,93.49,4.22,8.42,392.03,434.5,0.018,-8.95,4.82,5.82,Active,Indian river gauge anchor + synthetic hydrological time series,SYNTHETIC_PROTOTYPE
IN-OBS-09-002,IN-G09,D014,R014,Tapi,Tapi Basin,Gujarat,Surat,21.17,72.83,EPSG:4326,Tapi Gauge,2026-08-02 00:00:00,2.96,422.14,0.348,112.91,4.5,1.25,413.87,433.55,-0.052,-6.63,4.82,5.82,Active,Indian river gauge anchor + synthetic hydrological time series,SYNTHETIC_PROTOTYPE
IN-OBS-09-003,IN-G09,D014,R014,Tapi,Tapi Basin,Gujarat,Surat,21.17,72.83,EPSG:4326,Tapi Gauge,2026-08-03 00:00:00,3.09,509.64,0.673,25.0,4.46,9.43,502.8,521.52,-0.033,9.02,4.82,5.82,Active,Indian river gauge anchor + synthetic hydrological time series,SYNTHETIC_PROTOTYPE
IN-OBS-09-004,IN-G09,D014,R014,Tapi,Tapi Basin,Gujarat,Surat,21.17,72.83,EPSG:4326,Tapi Gauge,2026-08-04 00:00:00,3.445,468.96,0.858,116.25,4.97,3.94,447.32,463.48,0.069,-15.34,4.82,5.82,Active,Indian river gauge anchor + synthetic hydrological time series,SYNTHETIC_PROTOTYPE
IN-OBS-09-005,IN-G09,D014,R014,Tapi,Tapi Basin,Gujarat,Surat,21.17,72.83,EPSG:4326,Tapi Gauge,2026-08-05 00:00:00,3.302,575.85,1.027,77.02,3.31,8.45,530.99,582.61,-0.115,-6.27,4.82,5.82,Active,Indian river gauge anchor + synthetic hydrological time series,SYNTHETIC_PROTOTYPE
IN-OBS-09-006,IN-G09,D014,R014,Tapi,Tapi Basin,Gujarat,Surat,21.17,72.83,EPSG:4326,Tapi Gauge,2026-08-06 00:00:00,2.708,519.39,0.802,72.86,5.11,4.93,531.95,538.62,0.065,-16.89,4.82,5.82,Active,Indian river gauge anchor + synthetic hydrological time series,SYNTHETIC_PROTOTYPE
IN-OBS-09-007,IN-G09,D014,R014,Tapi,Tapi Basin,Gujarat,Surat,21.17,72.83,EPSG:4326,Tapi Gauge,2026-08-07 00:00:00,3.328,445.73,1.027,60.02,3.5,0.93,459.31,424.85,-0.025,-3.73,4.82,5.82,Active,Indian river gauge anchor + synthetic hydrological time series,SYNTHETIC_PROTOTYPE
IN-OBS-09-008,IN-G09,D014,R014,Tapi,Tapi Basin,Gujarat,Surat,21.17,72.83,EPSG:4326,Tapi Gauge,2026-08-08 00:00:00,3.07,463.71,1.247,110.95,3.2,4.56,519.91,447.44,0.017,-16.24,4.82,5.82,Active,Indian river gauge anchor + synthetic hydrological time series,SYNTHETIC_PROTOTYPE
IN-OBS-09-009,IN-G09,D014,R014,Tapi,Tapi Basin,Gujarat,Surat,21.17,72.83,EPSG:4326,Tapi Gauge,2026-08-09 00:00:00,2.536,424.15,0.898,104.86,1.95,1.08,391.81,466.15,0.036,11.1,4.82,5.82,Active,Indian river gauge anchor + synthetic hydrological time series,SYNTHETIC_PROTOTYPE
IN-OBS-09-010,IN-G09,D014,R014,Tapi,Tapi Basin,Gujarat,Surat,21.17,72.83,EPSG:4326,Tapi Gauge,2026-08-10 00:00:00,2.283,449.19,0.775,70.81,2.36,4.55,432.73,474.78,0.065,16.64,4.82,5.82,Active,Indian river gauge anchor + synthetic hydrological time series,SYNTHETIC_PROTOTYPE
IN-OBS-09-011,IN-G09,D014,R014,Tapi,Tapi Basin,Gujarat,Surat,21.17,72.83,EPSG:4326,Tapi Gauge,2026-08-11 00:00:00,3.069,488.16,1.039,119.68,3.12,7.48,418.64,433.78,0.015,-6.62,4.82,5.82,Active,Indian river gauge anchor + synthetic hydrological time series,SYNTHETIC_PROTOTYPE
IN-OBS-09-012,IN-G09,D014,R014,Tapi,Tapi Basin,Gujarat,Surat,21.17,72.83,EPSG:4326,Tapi Gauge,2026-08-12 00:00:00,3.043,412.46,0.988,90.01,3.49,5.84,376.36,419.97,-0.08,6.92,4.82,5.82,Active,Indian river gauge anchor + synthetic hydrological time series,SYNTHETIC_PROTOTYPE
IN-OBS-09-013,IN-G09,D014,R014,Tapi,Tapi Basin,Gujarat,Surat,21.17,72.83,EPSG:4326,Tapi Gauge,2026-08-13 00:00:00,2.922,384.24,0.366,31.44,3.32,2.6,428.69,383.23,-0.009,-0.73,4.82,5.82,Active,Indian river gauge anchor + synthetic hydrological time series,SYNTHETIC_PROTOTYPE
IN-OBS-09-014,IN-G09,D014,R014,Tapi,Tapi Basin,Gujarat,Surat,21.17,72.83,EPSG:4326,Tapi Gauge,2026-08-14 00:00:00,3.014,348.64,0.327,103.86,2.73,0.46,319.95,363.0,-0.005,4.88,4.82,5.82,Active,Indian river gauge anchor + synthetic hydrological time series,SYNTHETIC_PROTOTYPE
IN-OBS-10-001,IN-G10,D035,R035,Mahi,Mahi Basin,Rajasthan,Banswara,23.54,74.43,EPSG:4326,Mahi Gauge,2026-08-01 00:00:00,7.618,302.07,0.477,87.63,3.33,13.05,334.34,254.18,-0.017,18.76,8.88,9.88,Active,Indian river gauge anchor + synthetic hydrological time series,SYNTHETIC_PROTOTYPE
IN-OBS-10-002,IN-G10,D035,R035,Mahi,Mahi Basin,Rajasthan,Banswara,23.54,74.43,EPSG:4326,Mahi Gauge,2026-08-02 00:00:00,7.098,245.68,0.915,90.87,2.81,5.43,243.42,204.82,0.112,22.97,8.88,9.88,Active,Indian river gauge anchor + synthetic hydrological time series,SYNTHETIC_PROTOTYPE
IN-OBS-10-003,IN-G10,D035,R035,Mahi,Mahi Basin,Rajasthan,Banswara,23.54,74.43,EPSG:4326,Mahi Gauge,2026-08-03 00:00:00,7.273,196.44,1.394,54.0,3.91,1.51,188.74,151.88,0.091,11.65,8.88,9.88,Active,Indian river gauge anchor + synthetic hydrological time series,SYNTHETIC_PROTOTYPE
IN-OBS-10-004,IN-G10,D035,R035,Mahi,Mahi Basin,Rajasthan,Banswara,23.54,74.43,EPSG:4326,Mahi Gauge,2026-08-04 00:00:00,6.847,222.25,0.666,102.98,3.47,2.37,182.23,186.37,0.038,-18.79,8.88,9.88,Active,Indian river gauge anchor + synthetic hydrological time series,SYNTHETIC_PROTOTYPE
IN-OBS-10-005,IN-G10,D035,R035,Mahi,Mahi Basin,Rajasthan,Banswara,23.54,74.43,EPSG:4326,Mahi Gauge,2026-08-05 00:00:00,7.358,190.33,0.653,69.69,5.91,1.23,148.81,202.56,0.02,17.7,8.88,9.88,Active,Indian river gauge anchor + synthetic hydrological time series,SYNTHETIC_PROTOTYPE
IN-OBS-10-006,IN-G10,D035,R035,Mahi,Mahi Basin,Rajasthan,Banswara,23.54,74.43,EPSG:4326,Mahi Gauge,2026-08-06 00:00:00,6.424,190.87,1.051,63.86,4.23,0.58,183.39,157.16,-0.149,12.96,8.88,9.88,Active,Indian river gauge anchor + synthetic hydrological time series,SYNTHETIC_PROTOTYPE
IN-OBS-10-007,IN-G10,D035,R035,Mahi,Mahi Basin,Rajasthan,Banswara,23.54,74.43,EPSG:4326,Mahi Gauge,2026-08-07 00:00:00,7.479,189.41,0.715,81.53,5.69,0.66,192.55,181.8,-0.049,-5.39,8.88,9.88,Active,Indian river gauge anchor + synthetic hydrological time series,SYNTHETIC_PROTOTYPE
IN-OBS-10-008,IN-G10,D035,R035,Mahi,Mahi Basin,Rajasthan,Banswara,23.54,74.43,EPSG:4326,Mahi Gauge,2026-08-08 00:00:00,6.558,206.09,1.01,82.32,4.26,3.69,196.62,210.75,-0.11,16.49,8.88,9.88,Active,Indian river gauge anchor + synthetic hydrological time series,SYNTHETIC_PROTOTYPE
IN-OBS-10-009,IN-G10,D035,R035,Mahi,Mahi Basin,Rajasthan,Banswara,23.54,74.43,EPSG:4326,Mahi Gauge,2026-08-09 00:00:00,7.353,243.97,0.67,99.7,4.93,11.14,321.36,245.38,-0.008,20.73,8.88,9.88,Active,Indian river gauge anchor + synthetic hydrological time series,SYNTHETIC_PROTOTYPE
IN-OBS-10-010,IN-G10,D035,R035,Mahi,Mahi Basin,Rajasthan,Banswara,23.54,74.43,EPSG:4326,Mahi Gauge,2026-08-10 00:00:00,6.707,181.75,0.825,65.55,2.82,2.76,207.44,182.78,-0.134,3.42,8.88,9.88,Active,Indian river gauge anchor + synthetic hydrological time series,SYNTHETIC_PROTOTYPE
IN-OBS-10-011,IN-G10,D035,R035,Mahi,Mahi Basin,Rajasthan,Banswara,23.54,74.43,EPSG:4326,Mahi Gauge,2026-08-11 00:00:00,6.891,192.92,0.722,72.88,2.37,2.07,190.44,209.27,0.108,7.12,8.88,9.88,Active,Indian river gauge anchor + synthetic hydrological time series,SYNTHETIC_PROTOTYPE
IN-OBS-10-012,IN-G10,D035,R035,Mahi,Mahi Basin,Rajasthan,Banswara,23.54,74.43,EPSG:4326,Mahi Gauge,2026-08-12 00:00:00,7.189,184.79,0.6,104.33,5.08,3.29,147.25,202.64,0.079,10.65,8.88,9.88,Active,Indian river gauge anchor + synthetic hydrological time series,SYNTHETIC_PROTOTYPE
IN-OBS-10-013,IN-G10,D035,R035,Mahi,Mahi Basin,Rajasthan,Banswara,23.54,74.43,EPSG:4326,Mahi Gauge,2026-08-13 00:00:00,6.898,234.71,1.058,90.33,4.05,9.58,211.76,213.87,-0.067,-18.73,8.88,9.88,Active,Indian river gauge anchor + synthetic hydrological time series,SYNTHETIC_PROTOTYPE
IN-OBS-10-014,IN-G10,D035,R035,Mahi,Mahi Basin,Rajasthan,Banswara,23.54,74.43,EPSG:4326,Mahi Gauge,2026-08-14 00:00:00,6.925,167.65,0.919,99.44,4.49,2.97,188.41,166.41,0.007,7.88,8.88,9.88,Active,Indian river gauge anchor + synthetic hydrological time series,SYNTHETIC_PROTOTYPE
IN-OBS-11-001,IN-G11,D026,R026,Sabarmati,Sabarmati Basin,Gujarat,Ahmedabad,23.03,72.58,EPSG:4326,Sabarmati Gauge,2026-08-01 00:00:00,3.829,232.18,0.609,56.33,3.44,1.92,273.7,226.09,0.087,10.62,5.52,6.52,Active,Indian river gauge anchor + synthetic hydrological time series,SYNTHETIC_PROTOTYPE
IN-OBS-11-002,IN-G11,D026,R026,Sabarmati,Sabarmati Basin,Gujarat,Ahmedabad,23.03,72.58,EPSG:4326,Sabarmati Gauge,2026-08-02 00:00:00,2.991,237.38,0.932,114.07,4.99,1.98,284.12,213.31,0.031,0.18,5.52,6.52,Active,Indian river gauge anchor + synthetic hydrological time series,SYNTHETIC_PROTOTYPE
IN-OBS-11-003,IN-G11,D026,R026,Sabarmati,Sabarmati Basin,Gujarat,Ahmedabad,23.03,72.58,EPSG:4326,Sabarmati Gauge,2026-08-03 00:00:00,3.904,231.89,0.568,54.9,4.85,0.21,197.03,257.14,-0.162,14.76,5.52,6.52,Active,Indian river gauge anchor + synthetic hydrological time series,SYNTHETIC_PROTOTYPE
IN-OBS-11-004,IN-G11,D026,R026,Sabarmati,Sabarmati Basin,Gujarat,Ahmedabad,23.03,72.58,EPSG:4326,Sabarmati Gauge,2026-08-04 00:00:00,3.826,272.92,0.377,91.46,3.03,3.03,288.63,277.12,0.017,11.04,5.52,6.52,Active,Indian river gauge anchor + synthetic hydrological time series,SYNTHETIC_PROTOTYPE
IN-OBS-11-005,IN-G11,D026,R026,Sabarmati,Sabarmati Basin,Gujarat,Ahmedabad,23.03,72.58,EPSG:4326,Sabarmati Gauge,2026-08-05 00:00:00,3.369,264.35,0.585,82.11,3.04,3.22,258.51,247.44,-0.078,-10.04,5.52,6.52,Active,Indian river gauge anchor + synthetic hydrological time series,SYNTHETIC_PROTOTYPE
IN-OBS-11-006,IN-G11,D026,R026,Sabarmati,Sabarmati Basin,Gujarat,Ahmedabad,23.03,72.58,EPSG:4326,Sabarmati Gauge,2026-08-06 00:00:00,3.473,253.67,1.347,101.96,4.11,1.17,203.71,239.32,-0.099,4.4,5.52,6.52,Active,Indian river gauge anchor + synthetic hydrological time series,SYNTHETIC_PROTOTYPE
IN-OBS-11-007,IN-G11,D026,R026,Sabarmati,Sabarmati Basin,Gujarat,Ahmedabad,23.03,72.58,EPSG:4326,Sabarmati Gauge,2026-08-07 00:00:00,4.431,287.83,0.714,75.22,5.48,3.98,255.28,330.8,0.075,14.11,5.52,6.52,Active,Indian river gauge anchor + synthetic hydrological time series,SYNTHETIC_PROTOTYPE
IN-OBS-11-008,IN-G11,D026,R026,Sabarmati,Sabarmati Basin,Gujarat,Ahmedabad,23.03,72.58,EPSG:4326,Sabarmati Gauge,2026-08-08 00:00:00,3.655,280.23,0.358,79.94,3.35,2.87,282.74,248.5,-0.074,-9.68,5.52,6.52,Active,Indian river gauge anchor + synthetic hydrological time series,SYNTHETIC_PROTOTYPE
IN-OBS-11-009,IN-G11,D026,R026,Sabarmati,Sabarmati Basin,Gujarat,Ahmedabad,23.03,72.58,EPSG:4326,Sabarmati Gauge,2026-08-09 00:00:00,3.434,248.58,0.728,99.14,3.69,3.77,249.98,268.18,-0.042,-19.36,5.52,6.52,Active,Indian river gauge anchor + synthetic hydrological time series,SYNTHETIC_PROTOTYPE
IN-OBS-11-010,IN-G11,D026,R026,Sabarmati,Sabarmati Basin,Gujarat,Ahmedabad,23.03,72.58,EPSG:4326,Sabarmati Gauge,2026-08-10 00:00:00,3.501,242.8,0.987,128.39,4.06,5.09,230.53,212.8,-0.111,-6.94,5.52,6.52,Active,Indian river gauge anchor + synthetic hydrological time series,SYNTHETIC_PROTOTYPE
IN-OBS-11-011,IN-G11,D026,R026,Sabarmati,Sabarmati Basin,Gujarat,Ahmedabad,23.03,72.58,EPSG:4326,Sabarmati Gauge,2026-08-11 00:00:00,3.852,300.34,0.833,72.91,1.53,5.17,234.69,348.09,-0.021,-9.11,5.52,6.52,Active,Indian river gauge anchor + synthetic hydrological time series,SYNTHETIC_PROTOTYPE
IN-OBS-11-012,IN-G11,D026,R026,Sabarmati,Sabarmati Basin,Gujarat,Ahmedabad,23.03,72.58,EPSG:4326,Sabarmati Gauge,2026-08-12 00:00:00,3.631,249.54,0.709,86.24,4.07,2.93,271.97,221.45,-0.057,-6.51,5.52,6.52,Active,Indian river gauge anchor + synthetic hydrological time series,SYNTHETIC_PROTOTYPE
IN-OBS-11-013,IN-G11,D026,R026,Sabarmati,Sabarmati Basin,Gujarat,Ahmedabad,23.03,72.58,EPSG:4326,Sabarmati Gauge,2026-08-13 00:00:00,3.958,321.71,0.724,81.35,5.79,7.66,323.17,277.86,0.018,-19.13,5.52,6.52,Active,Indian river gauge anchor + synthetic hydrological time series,SYNTHETIC_PROTOTYPE
IN-OBS-11-014,IN-G11,D026,R026,Sabarmati,Sabarmati Basin,Gujarat,Ahmedabad,23.03,72.58,EPSG:4326,Sabarmati Gauge,2026-08-14 00:00:00,3.691,424.77,1.25,80.45,1.57,14.82,441.64,414.82,-0.152,2.91,5.52,6.52,Active,Indian river gauge anchor + synthetic hydrological time series,SYNTHETIC_PROTOTYPE
IN-OBS-12-001,IN-G12,D027,R027,Luni,Luni Basin,Rajasthan,Jodhpur,26.24,73.02,EPSG:4326,Luni Gauge,2026-08-01 00:00:00,5.465,507.65,0.968,74.91,2.11,12.98,477.31,495.87,0.007,-13.8,7.21,8.21,Active,Indian river gauge anchor + synthetic hydrological time series,SYNTHETIC_PROTOTYPE
IN-OBS-12-002,IN-G12,D027,R027,Luni,Luni Basin,Rajasthan,Jodhpur,26.24,73.02,EPSG:4326,Luni Gauge,2026-08-02 00:00:00,5.758,442.25,0.915,97.38,4.63,9.61,432.83,409.2,0.025,-12.65,7.21,8.21,Active,Indian river gauge anchor + synthetic hydrological time series,SYNTHETIC_PROTOTYPE
IN-OBS-12-003,IN-G12,D027,R027,Luni,Luni Basin,Rajasthan,Jodhpur,26.24,73.02,EPSG:4326,Luni Gauge,2026-08-03 00:00:00,4.936,332.0,0.385,96.4,4.12,1.38,315.99,348.82,0.061,4.43,7.21,8.21,Active,Indian river gauge anchor + synthetic hydrological time series,SYNTHETIC_PROTOTYPE
IN-OBS-12-004,IN-G12,D027,R027,Luni,Luni Basin,Rajasthan,Jodhpur,26.24,73.02,EPSG:4326,Luni Gauge,2026-08-04 00:00:00,5.471,348.76,0.98,86.7,3.31,1.35,356.98,361.34,-0.028,12.8,7.21,8.21,Active,Indian river gauge anchor + synthetic hydrological time series,SYNTHETIC_PROTOTYPE
IN-OBS-12-005,IN-G12,D027,R027,Luni,Luni Basin,Rajasthan,Jodhpur,26.24,73.02,EPSG:4326,Luni Gauge,2026-08-05 00:00:00,4.981,379.39,0.937,85.62,2.15,2.61,372.61,372.37,-0.055,4.55,7.21,8.21,Active,Indian river gauge anchor + synthetic hydrological time series,SYNTHETIC_PROTOTYPE
IN-OBS-12-006,IN-G12,D027,R027,Luni,Luni Basin,Rajasthan,Jodhpur,26.24,73.02,EPSG:4326,Luni Gauge,2026-08-06 00:00:00,4.987,446.49,1.128,64.84,3.23,6.18,422.49,457.18,0.062,9.95,7.21,8.21,Active,Indian river gauge anchor + synthetic hydrological time series,SYNTHETIC_PROTOTYPE
IN-OBS-12-007,IN-G12,D027,R027,Luni,Luni Basin,Rajasthan,Jodhpur,26.24,73.02,EPSG:4326,Luni Gauge,2026-08-07 00:00:00,5.385,448.15,0.766,66.22,4.22,7.23,485.63,411.4,0.039,-5.26,7.21,8.21,Active,Indian river gauge anchor + synthetic hydrological time series,SYNTHETIC_PROTOTYPE
IN-OBS-12-008,IN-G12,D027,R027,Luni,Luni Basin,Rajasthan,Jodhpur,26.24,73.02,EPSG:4326,Luni Gauge,2026-08-08 00:00:00,5.269,349.9,0.631,131.31,2.09,1.65,331.51,320.39,-0.085,-0.57,7.21,8.21,Active,Indian river gauge anchor + synthetic hydrological time series,SYNTHETIC_PROTOTYPE
IN-OBS-12-009,IN-G12,D027,R027,Luni,Luni Basin,Rajasthan,Jodhpur,26.24,73.02,EPSG:4326,Luni Gauge,2026-08-09 00:00:00,5.322,374.7,0.846,138.61,2.65,3.42,396.66,398.31,-0.037,12.5,7.21,8.21,Active,Indian river gauge anchor + synthetic hydrological time series,SYNTHETIC_PROTOTYPE
IN-OBS-12-010,IN-G12,D027,R027,Luni,Luni Basin,Rajasthan,Jodhpur,26.24,73.02,EPSG:4326,Luni Gauge,2026-08-10 00:00:00,5.731,330.84,0.606,69.23,4.41,2.24,378.92,363.98,-0.134,0.25,7.21,8.21,Active,Indian river gauge anchor + synthetic hydrological time series,SYNTHETIC_PROTOTYPE
IN-OBS-12-011,IN-G12,D027,R027,Luni,Luni Basin,Rajasthan,Jodhpur,26.24,73.02,EPSG:4326,Luni Gauge,2026-08-11 00:00:00,4.5,360.21,1.004,117.03,3.56,3.78,382.2,390.48,-0.045,13.72,7.21,8.21,Active,Indian river gauge anchor + synthetic hydrological time series,SYNTHETIC_PROTOTYPE
IN-OBS-12-012,IN-G12,D027,R027,Luni,Luni Basin,Rajasthan,Jodhpur,26.24,73.02,EPSG:4326,Luni Gauge,2026-08-12 00:00:00,4.629,322.83,0.464,84.72,2.66,5.19,306.69,320.74,0.141,-36.53,7.21,8.21,Active,Indian river gauge anchor + synthetic hydrological time series,SYNTHETIC_PROTOTYPE
IN-OBS-12-013,IN-G12,D027,R027,Luni,Luni Basin,Rajasthan,Jodhpur,26.24,73.02,EPSG:4326,Luni Gauge,2026-08-13 00:00:00,5.262,281.82,0.758,83.6,2.96,0.96,275.18,298.23,-0.121,2.5,7.21,8.21,Active,Indian river gauge anchor + synthetic hydrological time series,SYNTHETIC_PROTOTYPE
IN-OBS-12-014,IN-G12,D027,R027,Luni,Luni Basin,Rajasthan,Jodhpur,26.24,73.02,EPSG:4326,Luni Gauge,2026-08-14 00:00:00,5.247,303.04,0.719,76.36,4.75,2.55,277.15,310.74,0.019,-18.26,7.21,8.21,Active,Indian river gauge anchor + synthetic hydrological time series,SYNTHETIC_PROTOTYPE
IN-OBS-13-001,IN-G13,D028,R028,Pennar,Pennar Basin,Andhra Pradesh,Nellore,14.45,79.98,EPSG:4326,Pennar Gauge,2026-08-01 00:00:00,2.137,450.39,1.265,75.94,2.95,2.01,484.59,433.42,-0.007,-14.09,4.56,5.56,Active,Indian river gauge anchor + synthetic hydrological time series,SYNTHETIC_PROTOTYPE
IN-OBS-13-002,IN-G13,D028,R028,Pennar,Pennar Basin,Andhra Pradesh,Nellore,14.45,79.98,EPSG:4326,Pennar Gauge,2026-08-02 00:00:00,2.265,461.8,0.845,96.32,4.46,1.88,444.66,425.92,0.035,-3.6,4.56,5.56,Active,Indian river gauge anchor + synthetic hydrological time series,SYNTHETIC_PROTOTYPE
IN-OBS-13-003,IN-G13,D028,R028,Pennar,Pennar Basin,Andhra Pradesh,Nellore,14.45,79.98,EPSG:4326,Pennar Gauge,2026-08-03 00:00:00,2.608,475.52,0.911,85.82,3.13,3.63,486.23,502.93,0.048,7.49,4.56,5.56,Active,Indian river gauge anchor + synthetic hydrological time series,SYNTHETIC_PROTOTYPE
IN-OBS-13-004,IN-G13,D028,R028,Pennar,Pennar Basin,Andhra Pradesh,Nellore,14.45,79.98,EPSG:4326,Pennar Gauge,2026-08-04 00:00:00,2.608,491.51,0.56,129.64,4.07,3.9,475.84,451.52,-0.126,-4.27,4.56,5.56,Active,Indian river gauge anchor + synthetic hydrological time series,SYNTHETIC_PROTOTYPE
IN-OBS-13-005,IN-G13,D028,R028,Pennar,Pennar Basin,Andhra Pradesh,Nellore,14.45,79.98,EPSG:4326,Pennar Gauge,2026-08-05 00:00:00,2.564,517.93,0.706,94.26,2.51,3.52,551.97,504.41,-0.042,32.17,4.56,5.56,Active,Indian river gauge anchor + synthetic hydrological time series,SYNTHETIC_PROTOTYPE
IN-OBS-13-006,IN-G13,D028,R028,Pennar,Pennar Basin,Andhra Pradesh,Nellore,14.45,79.98,EPSG:4326,Pennar Gauge,2026-08-06 00:00:00,2.073,480.77,0.844,109.78,2.64,1.11,454.0,494.97,-0.096,-1.81,4.56,5.56,Active,Indian river gauge anchor + synthetic hydrological time series,SYNTHETIC_PROTOTYPE
IN-OBS-13-007,IN-G13,D028,R028,Pennar,Pennar Basin,Andhra Pradesh,Nellore,14.45,79.98,EPSG:4326,Pennar Gauge,2026-08-07 00:00:00,3.24,713.18,1.087,87.95,3.07,15.25,698.72,721.56,-0.186,-10.51,4.56,5.56,Active,Indian river gauge anchor + synthetic hydrological time series,SYNTHETIC_PROTOTYPE
IN-OBS-13-008,IN-G13,D028,R028,Pennar,Pennar Basin,Andhra Pradesh,Nellore,14.45,79.98,EPSG:4326,Pennar Gauge,2026-08-08 00:00:00,2.275,517.99,0.831,104.2,4.17,4.04,502.28,575.73,-0.002,-0.98,4.56,5.56,Active,Indian river gauge anchor + synthetic hydrological time series,SYNTHETIC_PROTOTYPE
IN-OBS-13-009,IN-G13,D028,R028,Pennar,Pennar Basin,Andhra Pradesh,Nellore,14.45,79.98,EPSG:4326,Pennar Gauge,2026-08-09 00:00:00,3.535,474.72,0.409,87.13,2.65,2.16,430.47,474.96,0.053,7.8,4.56,5.56,Active,Indian river gauge anchor + synthetic hydrological time series,SYNTHETIC_PROTOTYPE
IN-OBS-13-010,IN-G13,D028,R028,Pennar,Pennar Basin,Andhra Pradesh,Nellore,14.45,79.98,EPSG:4326,Pennar Gauge,2026-08-10 00:00:00,2.441,468.18,1.128,113.08,3.08,2.66,482.67,440.65,-0.004,5.29,4.56,5.56,Active,Indian river gauge anchor + synthetic hydrological time series,SYNTHETIC_PROTOTYPE
IN-OBS-13-011,IN-G13,D028,R028,Pennar,Pennar Basin,Andhra Pradesh,Nellore,14.45,79.98,EPSG:4326,Pennar Gauge,2026-08-11 00:00:00,2.529,414.02,0.466,121.8,5.51,0.55,453.75,433.57,-0.105,-19.35,4.56,5.56,Active,Indian river gauge anchor + synthetic hydrological time series,SYNTHETIC_PROTOTYPE
IN-OBS-13-012,IN-G13,D028,R028,Pennar,Pennar Basin,Andhra Pradesh,Nellore,14.45,79.98,EPSG:4326,Pennar Gauge,2026-08-12 00:00:00,2.583,426.52,0.96,70.25,4.09,4.43,411.04,434.03,0.026,-8.09,4.56,5.56,Active,Indian river gauge anchor + synthetic hydrological time series,SYNTHETIC_PROTOTYPE
IN-OBS-13-013,IN-G13,D028,R028,Pennar,Pennar Basin,Andhra Pradesh,Nellore,14.45,79.98,EPSG:4326,Pennar Gauge,2026-08-13 00:00:00,2.765,533.78,0.866,53.55,4.97,10.26,526.57,542.58,-0.201,-7.89,4.56,5.56,Active,Indian river gauge anchor + synthetic hydrological time series,SYNTHETIC_PROTOTYPE
IN-OBS-13-014,IN-G13,D028,R028,Pennar,Pennar Basin,Andhra Pradesh,Nellore,14.45,79.98,EPSG:4326,Pennar Gauge,2026-08-14 00:00:00,3.354,647.77,0.942,107.78,3.94,17.34,627.6,679.59,0.163,-7.26,4.56,5.56,Active,Indian river gauge anchor + synthetic hydrological time series,SYNTHETIC_PROTOTYPE
IN-OBS-14-001,IN-G14,D013,R013,Palar,Palar Basin,Tamil Nadu,Vellore,12.92,79.13,EPSG:4326,Palar Gauge,2026-08-01 00:00:00,2.557,275.04,0.738,42.93,3.5,4.86,312.1,232.26,-0.002,19.36,4.44,5.44,Active,Indian river gauge anchor + synthetic hydrological time series,SYNTHETIC_PROTOTYPE
IN-OBS-14-002,IN-G14,D013,R013,Palar,Palar Basin,Tamil Nadu,Vellore,12.92,79.13,EPSG:4326,Palar Gauge,2026-08-02 00:00:00,2.123,322.46,1.001,93.05,3.74,10.54,334.33,332.02,-0.05,-1.27,4.44,5.44,Active,Indian river gauge anchor + synthetic hydrological time series,SYNTHETIC_PROTOTYPE
IN-OBS-14-003,IN-G14,D013,R013,Palar,Palar Basin,Tamil Nadu,Vellore,12.92,79.13,EPSG:4326,Palar Gauge,2026-08-03 00:00:00,2.055,361.11,1.265,99.49,3.59,7.12,349.94,354.27,-0.072,5.5,4.44,5.44,Active,Indian river gauge anchor + synthetic hydrological time series,SYNTHETIC_PROTOTYPE
IN-OBS-14-004,IN-G14,D013,R013,Palar,Palar Basin,Tamil Nadu,Vellore,12.92,79.13,EPSG:4326,Palar Gauge,2026-08-04 00:00:00,2.362,261.46,0.494,96.96,4.04,0.87,293.96,296.21,-0.067,-27.5,4.44,5.44,Active,Indian river gauge anchor + synthetic hydrological time series,SYNTHETIC_PROTOTYPE
IN-OBS-14-005,IN-G14,D013,R013,Palar,Palar Basin,Tamil Nadu,Vellore,12.92,79.13,EPSG:4326,Palar Gauge,2026-08-05 00:00:00,2.821,288.28,0.732,72.8,5.06,5.73,328.41,258.09,0.109,-3.44,4.44,5.44,Active,Indian river gauge anchor + synthetic hydrological time series,SYNTHETIC_PROTOTYPE
IN-OBS-14-006,IN-G14,D013,R013,Palar,Palar Basin,Tamil Nadu,Vellore,12.92,79.13,EPSG:4326,Palar Gauge,2026-08-06 00:00:00,3.16,334.17,1.139,55.16,4.19,4.64,328.0,308.16,0.034,12.73,4.44,5.44,Active,Indian river gauge anchor + synthetic hydrological time series,SYNTHETIC_PROTOTYPE
IN-OBS-14-007,IN-G14,D013,R013,Palar,Palar Basin,Tamil Nadu,Vellore,12.92,79.13,EPSG:4326,Palar Gauge,2026-08-07 00:00:00,3.37,585.77,0.635,88.52,3.3,28.26,542.14,552.8,-0.137,-11.62,4.44,5.44,Active,Indian river gauge anchor + synthetic hydrological time series,SYNTHETIC_PROTOTYPE
IN-OBS-14-008,IN-G14,D013,R013,Palar,Palar Basin,Tamil Nadu,Vellore,12.92,79.13,EPSG:4326,Palar Gauge,2026-08-08 00:00:00,2.398,316.71,0.341,88.45,3.28,6.45,303.4,293.7,0.088,11.17,4.44,5.44,Active,Indian river gauge anchor + synthetic hydrological time series,SYNTHETIC_PROTOTYPE
IN-OBS-14-009,IN-G14,D013,R013,Palar,Palar Basin,Tamil Nadu,Vellore,12.92,79.13,EPSG:4326,Palar Gauge,2026-08-09 00:00:00,2.891,387.57,0.9,109.7,3.44,20.49,398.23,346.74,0.007,-4.82,4.44,5.44,Active,Indian river gauge anchor + synthetic hydrological time series,SYNTHETIC_PROTOTYPE
IN-OBS-14-010,IN-G14,D013,R013,Palar,Palar Basin,Tamil Nadu,Vellore,12.92,79.13,EPSG:4326,Palar Gauge,2026-08-10 00:00:00,2.165,284.74,1.082,78.06,3.39,4.31,314.38,309.77,-0.062,9.68,4.44,5.44,Active,Indian river gauge anchor + synthetic hydrological time series,SYNTHETIC_PROTOTYPE
IN-OBS-14-011,IN-G14,D013,R013,Palar,Palar Basin,Tamil Nadu,Vellore,12.92,79.13,EPSG:4326,Palar Gauge,2026-08-11 00:00:00,2.33,278.68,0.714,118.03,4.66,3.46,248.89,332.96,-0.115,-12.05,4.44,5.44,Active,Indian river gauge anchor + synthetic hydrological time series,SYNTHETIC_PROTOTYPE
IN-OBS-14-012,IN-G14,D013,R013,Palar,Palar Basin,Tamil Nadu,Vellore,12.92,79.13,EPSG:4326,Palar Gauge,2026-08-12 00:00:00,2.134,216.14,0.633,100.8,3.1,0.13,165.73,203.5,0.077,7.23,4.44,5.44,Active,Indian river gauge anchor + synthetic hydrological time series,SYNTHETIC_PROTOTYPE
IN-OBS-14-013,IN-G14,D013,R013,Palar,Palar Basin,Tamil Nadu,Vellore,12.92,79.13,EPSG:4326,Palar Gauge,2026-08-13 00:00:00,2.813,425.23,1.059,110.2,2.55,12.97,422.52,416.67,0.031,0.45,4.44,5.44,Active,Indian river gauge anchor + synthetic hydrological time series,SYNTHETIC_PROTOTYPE
IN-OBS-14-014,IN-G14,D013,R013,Palar,Palar Basin,Tamil Nadu,Vellore,12.92,79.13,EPSG:4326,Palar Gauge,2026-08-14 00:00:00,2.576,226.91,0.28,66.92,4.32,1.93,223.73,238.89,-0.057,-21.48,4.44,5.44,Active,Indian river gauge anchor + synthetic hydrological time series,SYNTHETIC_PROTOTYPE
IN-OBS-15-001,IN-G15,D014,R014,Ponnaiyar,Ponnaiyar Basin,Tamil Nadu,Tiruvannamalai,12.18,78.85,EPSG:4326,Ponnaiyar Gauge,2026-08-01 00:00:00,4.39,454.09,0.703,129.28,2.31,0.49,476.33,445.97,-0.108,23.68,6.31,7.31,Active,Indian river gauge anchor + synthetic hydrological time series,SYNTHETIC_PROTOTYPE
IN-OBS-15-002,IN-G15,D014,R014,Ponnaiyar,Ponnaiyar Basin,Tamil Nadu,Tiruvannamalai,12.18,78.85,EPSG:4326,Ponnaiyar Gauge,2026-08-02 00:00:00,4.305,535.34,0.739,139.82,1.68,6.0,504.12,528.21,-0.057,4.93,6.31,7.31,Active,Indian river gauge anchor + synthetic hydrological time series,SYNTHETIC_PROTOTYPE
IN-OBS-15-003,IN-G15,D014,R014,Ponnaiyar,Ponnaiyar Basin,Tamil Nadu,Tiruvannamalai,12.18,78.85,EPSG:4326,Ponnaiyar Gauge,2026-08-03 00:00:00,4.226,484.98,1.023,118.53,3.59,0.41,443.82,492.54,0.004,4.27,6.31,7.31,Active,Indian river gauge anchor + synthetic hydrological time series,SYNTHETIC_PROTOTYPE
IN-OBS-15-004,IN-G15,D014,R014,Ponnaiyar,Ponnaiyar Basin,Tamil Nadu,Tiruvannamalai,12.18,78.85,EPSG:4326,Ponnaiyar Gauge,2026-08-04 00:00:00,4.77,513.49,0.532,72.26,4.62,3.7,478.54,533.98,0.118,3.87,6.31,7.31,Active,Indian river gauge anchor + synthetic hydrological time series,SYNTHETIC_PROTOTYPE
IN-OBS-15-005,IN-G15,D014,R014,Ponnaiyar,Ponnaiyar Basin,Tamil Nadu,Tiruvannamalai,12.18,78.85,EPSG:4326,Ponnaiyar Gauge,2026-08-05 00:00:00,4.815,516.56,0.72,96.49,3.89,1.28,524.55,510.13,0.026,-22.99,6.31,7.31,Active,Indian river gauge anchor + synthetic hydrological time series,SYNTHETIC_PROTOTYPE
IN-OBS-15-006,IN-G15,D014,R014,Ponnaiyar,Ponnaiyar Basin,Tamil Nadu,Tiruvannamalai,12.18,78.85,EPSG:4326,Ponnaiyar Gauge,2026-08-06 00:00:00,4.664,567.5,0.298,89.35,3.06,4.89,520.18,531.75,0.104,16.72,6.31,7.31,Active,Indian river gauge anchor + synthetic hydrological time series,SYNTHETIC_PROTOTYPE
IN-OBS-15-007,IN-G15,D014,R014,Ponnaiyar,Ponnaiyar Basin,Tamil Nadu,Tiruvannamalai,12.18,78.85,EPSG:4326,Ponnaiyar Gauge,2026-08-07 00:00:00,4.528,517.46,0.935,115.29,2.93,1.55,516.79,526.93,0.018,5.05,6.31,7.31,Active,Indian river gauge anchor + synthetic hydrological time series,SYNTHETIC_PROTOTYPE
IN-OBS-15-008,IN-G15,D014,R014,Ponnaiyar,Ponnaiyar Basin,Tamil Nadu,Tiruvannamalai,12.18,78.85,EPSG:4326,Ponnaiyar Gauge,2026-08-08 00:00:00,3.966,540.1,0.536,77.53,3.72,6.64,543.81,570.82,0.059,7.69,6.31,7.31,Active,Indian river gauge anchor + synthetic hydrological time series,SYNTHETIC_PROTOTYPE
IN-OBS-15-009,IN-G15,D014,R014,Ponnaiyar,Ponnaiyar Basin,Tamil Nadu,Tiruvannamalai,12.18,78.85,EPSG:4326,Ponnaiyar Gauge,2026-08-09 00:00:00,4.428,528.98,0.323,57.19,3.17,6.4,530.4,499.3,0.023,-11.25,6.31,7.31,Active,Indian river gauge anchor + synthetic hydrological time series,SYNTHETIC_PROTOTYPE
IN-OBS-15-010,IN-G15,D014,R014,Ponnaiyar,Ponnaiyar Basin,Tamil Nadu,Tiruvannamalai,12.18,78.85,EPSG:4326,Ponnaiyar Gauge,2026-08-10 00:00:00,4.143,484.32,0.747,122.15,5.0,3.15,499.62,465.37,0.105,16.76,6.31,7.31,Active,Indian river gauge anchor + synthetic hydrological time series,SYNTHETIC_PROTOTYPE
IN-OBS-15-011,IN-G15,D014,R014,Ponnaiyar,Ponnaiyar Basin,Tamil Nadu,Tiruvannamalai,12.18,78.85,EPSG:4326,Ponnaiyar Gauge,2026-08-11 00:00:00,4.686,455.57,1.025,117.14,3.19,1.17,445.16,501.5,-0.09,-14.13,6.31,7.31,Active,Indian river gauge anchor + synthetic hydrological time series,SYNTHETIC_PROTOTYPE
IN-OBS-15-012,IN-G15,D014,R014,Ponnaiyar,Ponnaiyar Basin,Tamil Nadu,Tiruvannamalai,12.18,78.85,EPSG:4326,Ponnaiyar Gauge,2026-08-12 00:00:00,4.374,441.25,0.806,80.3,4.81,2.86,466.47,396.94,-0.053,-1.84,6.31,7.31,Active,Indian river gauge anchor + synthetic hydrological time series,SYNTHETIC_PROTOTYPE
IN-OBS-15-013,IN-G15,D014,R014,Ponnaiyar,Ponnaiyar Basin,Tamil Nadu,Tiruvannamalai,12.18,78.85,EPSG:4326,Ponnaiyar Gauge,2026-08-13 00:00:00,4.403,482.87,1.006,123.69,2.72,4.24,492.21,487.75,-0.024,5.57,6.31,7.31,Active,Indian river gauge anchor + synthetic hydrological time series,SYNTHETIC_PROTOTYPE
IN-OBS-15-014,IN-G15,D014,R014,Ponnaiyar,Ponnaiyar Basin,Tamil Nadu,Tiruvannamalai,12.18,78.85,EPSG:4326,Ponnaiyar Gauge,2026-08-14 00:00:00,4.792,651.24,0.589,94.24,2.36,14.89,667.11,652.88,-0.101,16.49,6.31,7.31,Active,Indian river gauge anchor + synthetic hydrological time series,SYNTHETIC_PROTOTYPE
IN-OBS-16-001,IN-G16,D010,R010,Vaigai,Vaigai Basin,Tamil Nadu,Theni,10.08,77.58,EPSG:4326,Vaigai Gauge,2026-08-01 00:00:00,1.584,342.21,0.774,150.55,3.74,7.22,326.2,333.04,-0.128,-29.71,3.55,4.55,Active,Indian river gauge anchor + synthetic hydrological time series,SYNTHETIC_PROTOTYPE
IN-OBS-16-002,IN-G16,D010,R010,Vaigai,Vaigai Basin,Tamil Nadu,Theni,10.08,77.58,EPSG:4326,Vaigai Gauge,2026-08-02 00:00:00,1.941,331.75,0.697,44.41,1.55,4.08,281.08,332.44,0.236,19.41,3.55,4.55,Active,Indian river gauge anchor + synthetic hydrological time series,SYNTHETIC_PROTOTYPE
IN-OBS-16-003,IN-G16,D010,R010,Vaigai,Vaigai Basin,Tamil Nadu,Theni,10.08,77.58,EPSG:4326,Vaigai Gauge,2026-08-03 00:00:00,1.289,320.4,0.611,117.99,2.52,1.58,318.04,332.1,0.003,-1.6,3.55,4.55,Active,Indian river gauge anchor + synthetic hydrological time series,SYNTHETIC_PROTOTYPE
IN-OBS-16-004,IN-G16,D010,R010,Vaigai,Vaigai Basin,Tamil Nadu,Theni,10.08,77.58,EPSG:4326,Vaigai Gauge,2026-08-04 00:00:00,1.711,392.19,0.726,71.82,3.1,5.24,405.09,358.04,-0.07,-2.98,3.55,4.55,Active,Indian river gauge anchor + synthetic hydrological time series,SYNTHETIC_PROTOTYPE
IN-OBS-16-005,IN-G16,D010,R010,Vaigai,Vaigai Basin,Tamil Nadu,Theni,10.08,77.58,EPSG:4326,Vaigai Gauge,2026-08-05 00:00:00,1.969,351.95,1.309,81.21,5.18,5.96,357.4,356.22,0.078,5.95,3.55,4.55,Active,Indian river gauge anchor + synthetic hydrological time series,SYNTHETIC_PROTOTYPE
IN-OBS-16-006,IN-G16,D010,R010,Vaigai,Vaigai Basin,Tamil Nadu,Theni,10.08,77.58,EPSG:4326,Vaigai Gauge,2026-08-06 00:00:00,1.491,326.72,0.383,98.75,3.17,1.32,363.9,321.33,-0.092,2.15,3.55,4.55,Active,Indian river gauge anchor + synthetic hydrological time series,SYNTHETIC_PROTOTYPE
IN-OBS-16-007,IN-G16,D010,R010,Vaigai,Vaigai Basin,Tamil Nadu,Theni,10.08,77.58,EPSG:4326,Vaigai Gauge,2026-08-07 00:00:00,1.892,424.58,0.597,70.7,3.09,8.79,415.68,458.71,-0.011,14.62,3.55,4.55,Active,Indian river gauge anchor + synthetic hydrological time series,SYNTHETIC_PROTOTYPE
IN-OBS-16-008,IN-G16,D010,R010,Vaigai,Vaigai Basin,Tamil Nadu,Theni,10.08,77.58,EPSG:4326,Vaigai Gauge,2026-08-08 00:00:00,1.718,353.03,1.156,92.16,2.75,4.13,379.37,348.42,0.025,-2.64,3.55,4.55,Active,Indian river gauge anchor + synthetic hydrological time series,SYNTHETIC_PROTOTYPE
IN-OBS-16-009,IN-G16,D010,R010,Vaigai,Vaigai Basin,Tamil Nadu,Theni,10.08,77.58,EPSG:4326,Vaigai Gauge,2026-08-09 00:00:00,0.802,378.87,0.665,77.51,2.83,5.11,415.98,370.58,0.027,-3.23,3.55,4.55,Active,Indian river gauge anchor + synthetic hydrological time series,SYNTHETIC_PROTOTYPE
IN-OBS-16-010,IN-G16,D010,R010,Vaigai,Vaigai Basin,Tamil Nadu,Theni,10.08,77.58,EPSG:4326,Vaigai Gauge,2026-08-10 00:00:00,1.829,319.26,1.084,66.36,4.03,4.45,332.72,359.3,-0.02,-0.03,3.55,4.55,Active,Indian river gauge anchor + synthetic hydrological time series,SYNTHETIC_PROTOTYPE
IN-OBS-16-011,IN-G16,D010,R010,Vaigai,Vaigai Basin,Tamil Nadu,Theni,10.08,77.58,EPSG:4326,Vaigai Gauge,2026-08-11 00:00:00,1.495,329.92,0.908,80.29,4.18,4.59,392.37,273.33,-0.017,18.65,3.55,4.55,Active,Indian river gauge anchor + synthetic hydrological time series,SYNTHETIC_PROTOTYPE
IN-OBS-16-012,IN-G16,D010,R010,Vaigai,Vaigai Basin,Tamil Nadu,Theni,10.08,77.58,EPSG:4326,Vaigai Gauge,2026-08-12 00:00:00,1.99,266.25,1.035,69.18,2.95,1.66,297.9,262.99,-0.041,-8.44,3.55,4.55,Active,Indian river gauge anchor + synthetic hydrological time series,SYNTHETIC_PROTOTYPE
IN-OBS-16-013,IN-G16,D010,R010,Vaigai,Vaigai Basin,Tamil Nadu,Theni,10.08,77.58,EPSG:4326,Vaigai Gauge,2026-08-13 00:00:00,1.498,266.07,1.219,74.18,2.4,1.76,245.06,248.57,-0.06,-46.04,3.55,4.55,Active,Indian river gauge anchor + synthetic hydrological time series,SYNTHETIC_PROTOTYPE
IN-OBS-16-014,IN-G16,D010,R010,Vaigai,Vaigai Basin,Tamil Nadu,Theni,10.08,77.58,EPSG:4326,Vaigai Gauge,2026-08-14 00:00:00,1.554,273.97,1.642,85.88,2.13,5.52,308.77,261.68,0.037,21.97,3.55,4.55,Active,Indian river gauge anchor + synthetic hydrological time series,SYNTHETIC_PROTOTYPE
IN-OBS-17-001,IN-G17,D011,R011,Tamiraparani,Tamiraparani Basin,Tamil Nadu,Tirunelveli,8.71,77.35,EPSG:4326,Tamiraparani Gauge,2026-08-01 00:00:00,2.334,259.36,0.377,111.37,3.45,0.7,247.59,298.42,0.028,0.7,3.91,4.91,Active,Indian river gauge anchor + synthetic hydrological time series,SYNTHETIC_PROTOTYPE
IN-OBS-17-002,IN-G17,D011,R011,Tamiraparani,Tamiraparani Basin,Tamil Nadu,Tirunelveli,8.71,77.35,EPSG:4326,Tamiraparani Gauge,2026-08-02 00:00:00,2.46,354.95,0.816,82.51,4.42,6.95,393.77,351.32,-0.07,22.18,3.91,4.91,Active,Indian river gauge anchor + synthetic hydrological time series,SYNTHETIC_PROTOTYPE
IN-OBS-17-003,IN-G17,D011,R011,Tamiraparani,Tamiraparani Basin,Tamil Nadu,Tirunelveli,8.71,77.35,EPSG:4326,Tamiraparani Gauge,2026-08-03 00:00:00,1.31,281.67,0.89,122.84,3.2,0.83,271.72,289.59,0.073,6.68,3.91,4.91,Active,Indian river gauge anchor + synthetic hydrological time series,SYNTHETIC_PROTOTYPE
IN-OBS-17-004,IN-G17,D011,R011,Tamiraparani,Tamiraparani Basin,Tamil Nadu,Tirunelveli,8.71,77.35,EPSG:4326,Tamiraparani Gauge,2026-08-04 00:00:00,2.508,278.89,0.587,130.51,3.15,0.36,302.03,307.15,0.047,6.68,3.91,4.91,Active,Indian river gauge anchor + synthetic hydrological time series,SYNTHETIC_PROTOTYPE
IN-OBS-17-005,IN-G17,D011,R011,Tamiraparani,Tamiraparani Basin,Tamil Nadu,Tirunelveli,8.71,77.35,EPSG:4326,Tamiraparani Gauge,2026-08-05 00:00:00,1.706,282.04,1.026,49.76,4.27,0.21,310.87,299.49,-0.113,10.13,3.91,4.91,Active,Indian river gauge anchor + synthetic hydrological time series,SYNTHETIC_PROTOTYPE
IN-OBS-17-006,IN-G17,D011,R011,Tamiraparani,Tamiraparani Basin,Tamil Nadu,Tirunelveli,8.71,77.35,EPSG:4326,Tamiraparani Gauge,2026-08-06 00:00:00,2.906,515.09,0.903,140.96,3.79,13.65,501.34,520.54,0.005,4.31,3.91,4.91,Active,Indian river gauge anchor + synthetic hydrological time series,SYNTHETIC_PROTOTYPE
IN-OBS-17-007,IN-G17,D011,R011,Tamiraparani,Tamiraparani Basin,Tamil Nadu,Tirunelveli,8.71,77.35,EPSG:4326,Tamiraparani Gauge,2026-08-07 00:00:00,1.91,291.16,1.094,117.25,3.09,1.72,297.39,302.71,-0.125,7.11,3.91,4.91,Active,Indian river gauge anchor + synthetic hydrological time series,SYNTHETIC_PROTOTYPE
IN-OBS-17-008,IN-G17,D011,R011,Tamiraparani,Tamiraparani Basin,Tamil Nadu,Tirunelveli,8.71,77.35,EPSG:4326,Tamiraparani Gauge,2026-08-08 00:00:00,1.957,331.46,0.501,84.55,3.9,5.05,322.01,351.36,-0.115,10.44,3.91,4.91,Active,Indian river gauge anchor + synthetic hydrological time series,SYNTHETIC_PROTOTYPE
IN-OBS-17-009,IN-G17,D011,R011,Tamiraparani,Tamiraparani Basin,Tamil Nadu,Tirunelveli,8.71,77.35,EPSG:4326,Tamiraparani Gauge,2026-08-09 00:00:00,2.271,267.07,1.028,91.1,3.94,0.6,254.26,299.04,0.031,15.36,3.91,4.91,Active,Indian river gauge anchor + synthetic hydrological time series,SYNTHETIC_PROTOTYPE
IN-OBS-17-010,IN-G17,D011,R011,Tamiraparani,Tamiraparani Basin,Tamil Nadu,Tirunelveli,8.71,77.35,EPSG:4326,Tamiraparani Gauge,2026-08-10 00:00:00,1.663,298.31,0.671,113.04,1.55,2.74,301.65,301.93,0.141,31.42,3.91,4.91,Active,Indian river gauge anchor + synthetic hydrological time series,SYNTHETIC_PROTOTYPE
IN-OBS-17-011,IN-G17,D011,R011,Tamiraparani,Tamiraparani Basin,Tamil Nadu,Tirunelveli,8.71,77.35,EPSG:4326,Tamiraparani Gauge,2026-08-11 00:00:00,1.818,261.44,0.605,103.34,2.77,2.78,306.28,230.41,0.011,2.3,3.91,4.91,Active,Indian river gauge anchor + synthetic hydrological time series,SYNTHETIC_PROTOTYPE
IN-OBS-17-012,IN-G17,D011,R011,Tamiraparani,Tamiraparani Basin,Tamil Nadu,Tirunelveli,8.71,77.35,EPSG:4326,Tamiraparani Gauge,2026-08-12 00:00:00,2.018,237.43,0.762,83.87,1.8,0.19,211.99,238.59,0.047,12.39,3.91,4.91,Active,Indian river gauge anchor + synthetic hydrological time series,SYNTHETIC_PROTOTYPE
IN-OBS-17-013,IN-G17,D011,R011,Tamiraparani,Tamiraparani Basin,Tamil Nadu,Tirunelveli,8.71,77.35,EPSG:4326,Tamiraparani Gauge,2026-08-13 00:00:00,1.637,233.63,0.822,63.06,3.94,0.52,268.29,236.03,-0.132,8.84,3.91,4.91,Active,Indian river gauge anchor + synthetic hydrological time series,SYNTHETIC_PROTOTYPE
IN-OBS-17-014,IN-G17,D011,R011,Tamiraparani,Tamiraparani Basin,Tamil Nadu,Tirunelveli,8.71,77.35,EPSG:4326,Tamiraparani Gauge,2026-08-14 00:00:00,2.256,365.46,0.849,90.84,3.41,9.62,378.64,383.34,-0.105,-7.52,3.91,4.91,Active,Indian river gauge anchor + synthetic hydrological time series,SYNTHETIC_PROTOTYPE
IN-OBS-18-001,IN-G18,D025,R025,Periyar,Periyar Basin,Kerala,Idukki,9.86,76.97,EPSG:4326,Periyar Gauge,2026-08-01 00:00:00,6.308,383.58,0.841,63.02,3.57,2.3,371.96,393.83,-0.039,12.22,7.75,8.75,Active,Indian river gauge anchor + synthetic hydrological time series,SYNTHETIC_PROTOTYPE
IN-OBS-18-002,IN-G18,D025,R025,Periyar,Periyar Basin,Kerala,Idukki,9.86,76.97,EPSG:4326,Periyar Gauge,2026-08-02 00:00:00,5.961,414.59,1.361,95.35,5.14,3.44,394.91,400.97,-0.093,28.41,7.75,8.75,Active,Indian river gauge anchor + synthetic hydrological time series,SYNTHETIC_PROTOTYPE
IN-OBS-18-003,IN-G18,D025,R025,Periyar,Periyar Basin,Kerala,Idukki,9.86,76.97,EPSG:4326,Periyar Gauge,2026-08-03 00:00:00,5.849,404.97,0.616,94.81,3.26,1.79,425.22,437.24,0.08,8.55,7.75,8.75,Active,Indian river gauge anchor + synthetic hydrological time series,SYNTHETIC_PROTOTYPE
IN-OBS-18-004,IN-G18,D025,R025,Periyar,Periyar Basin,Kerala,Idukki,9.86,76.97,EPSG:4326,Periyar Gauge,2026-08-04 00:00:00,6.293,729.0,0.907,92.84,2.08,20.62,718.54,744.32,-0.06,-4.86,7.75,8.75,Active,Indian river gauge anchor + synthetic hydrological time series,SYNTHETIC_PROTOTYPE
IN-OBS-18-005,IN-G18,D025,R025,Periyar,Periyar Basin,Kerala,Idukki,9.86,76.97,EPSG:4326,Periyar Gauge,2026-08-05 00:00:00,6.106,554.85,1.13,133.57,2.84,10.38,593.97,592.82,0.042,0.36,7.75,8.75,Active,Indian river gauge anchor + synthetic hydrological time series,SYNTHETIC_PROTOTYPE
IN-OBS-18-006,IN-G18,D025,R025,Periyar,Periyar Basin,Kerala,Idukki,9.86,76.97,EPSG:4326,Periyar Gauge,2026-08-06 00:00:00,6.195,483.83,1.11,34.1,1.38,5.78,498.65,446.35,0.037,-2.47,7.75,8.75,Active,Indian river gauge anchor + synthetic hydrological time series,SYNTHETIC_PROTOTYPE
IN-OBS-18-007,IN-G18,D025,R025,Periyar,Periyar Basin,Kerala,Idukki,9.86,76.97,EPSG:4326,Periyar Gauge,2026-08-07 00:00:00,5.197,426.25,0.656,68.57,2.79,2.54,420.35,439.07,-0.031,-4.91,7.75,8.75,Active,Indian river gauge anchor + synthetic hydrological time series,SYNTHETIC_PROTOTYPE
IN-OBS-18-008,IN-G18,D025,R025,Periyar,Periyar Basin,Kerala,Idukki,9.86,76.97,EPSG:4326,Periyar Gauge,2026-08-08 00:00:00,5.494,438.6,0.929,135.25,2.64,3.87,483.86,427.38,0.082,2.85,7.75,8.75,Active,Indian river gauge anchor + synthetic hydrological time series,SYNTHETIC_PROTOTYPE
IN-OBS-18-009,IN-G18,D025,R025,Periyar,Periyar Basin,Kerala,Idukki,9.86,76.97,EPSG:4326,Periyar Gauge,2026-08-09 00:00:00,6.078,428.24,0.902,81.42,2.54,3.89,442.16,445.61,0.018,-8.81,7.75,8.75,Active,Indian river gauge anchor + synthetic hydrological time series,SYNTHETIC_PROTOTYPE
IN-OBS-18-010,IN-G18,D025,R025,Periyar,Periyar Basin,Kerala,Idukki,9.86,76.97,EPSG:4326,Periyar Gauge,2026-08-10 00:00:00,6.136,448.88,0.923,105.15,1.44,12.44,412.33,450.05,-0.156,22.82,7.75,8.75,Active,Indian river gauge anchor + synthetic hydrological time series,SYNTHETIC_PROTOTYPE
IN-OBS-18-011,IN-G18,D025,R025,Periyar,Periyar Basin,Kerala,Idukki,9.86,76.97,EPSG:4326,Periyar Gauge,2026-08-11 00:00:00,6.757,426.92,0.933,119.74,4.29,9.7,468.92,365.28,0.043,-5.91,7.75,8.75,Active,Indian river gauge anchor + synthetic hydrological time series,SYNTHETIC_PROTOTYPE
IN-OBS-18-012,IN-G18,D025,R025,Periyar,Periyar Basin,Kerala,Idukki,9.86,76.97,EPSG:4326,Periyar Gauge,2026-08-12 00:00:00,6.281,398.23,0.898,79.22,2.57,6.77,437.42,416.56,0.054,-15.69,7.75,8.75,Active,Indian river gauge anchor + synthetic hydrological time series,SYNTHETIC_PROTOTYPE
IN-OBS-18-013,IN-G18,D025,R025,Periyar,Periyar Basin,Kerala,Idukki,9.86,76.97,EPSG:4326,Periyar Gauge,2026-08-13 00:00:00,5.675,338.64,0.744,39.17,4.89,0.27,343.17,321.93,-0.152,-16.14,7.75,8.75,Active,Indian river gauge anchor + synthetic hydrological time series,SYNTHETIC_PROTOTYPE
IN-OBS-18-014,IN-G18,D025,R025,Periyar,Periyar Basin,Kerala,Idukki,9.86,76.97,EPSG:4326,Periyar Gauge,2026-08-14 00:00:00,5.994,358.28,0.807,90.08,4.29,2.84,333.91,355.23,0.005,-24.65,7.75,8.75,Active,Indian river gauge anchor + synthetic hydrological time series,SYNTHETIC_PROTOTYPE
IN-OBS-19-001,IN-G19,D026,R026,Pamba,Pamba Basin,Kerala,Pathanamthitta,9.37,76.92,EPSG:4326,Pamba Gauge,2026-08-01 00:00:00,2.931,487.41,0.822,118.73,2.95,2.64,547.0,449.42,-0.063,16.22,4.62,5.62,Active,Indian river gauge anchor + synthetic hydrological time series,SYNTHETIC_PROTOTYPE
IN-OBS-19-002,IN-G19,D026,R026,Pamba,Pamba Basin,Kerala,Pathanamthitta,9.37,76.92,EPSG:4326,Pamba Gauge,2026-08-02 00:00:00,3.459,553.0,0.641,89.69,3.58,13.6,580.75,548.92,0.066,-23.05,4.62,5.62,Active,Indian river gauge anchor + synthetic hydrological time series,SYNTHETIC_PROTOTYPE
IN-OBS-19-003,IN-G19,D026,R026,Pamba,Pamba Basin,Kerala,Pathanamthitta,9.37,76.92,EPSG:4326,Pamba Gauge,2026-08-03 00:00:00,3.159,773.32,1.033,67.06,5.2,36.79,757.24,771.6,0.015,-1.65,4.62,5.62,Active,Indian river gauge anchor + synthetic hydrological time series,SYNTHETIC_PROTOTYPE
IN-OBS-19-004,IN-G19,D026,R026,Pamba,Pamba Basin,Kerala,Pathanamthitta,9.37,76.92,EPSG:4326,Pamba Gauge,2026-08-04 00:00:00,2.787,625.0,0.622,96.33,5.8,19.05,606.88,640.57,-0.075,32.4,4.62,5.62,Active,Indian river gauge anchor + synthetic hydrological time series,SYNTHETIC_PROTOTYPE
IN-OBS-19-005,IN-G19,D026,R026,Pamba,Pamba Basin,Kerala,Pathanamthitta,9.37,76.92,EPSG:4326,Pamba Gauge,2026-08-05 00:00:00,2.504,500.63,1.122,98.51,4.48,0.44,451.94,496.55,-0.046,9.95,4.62,5.62,Active,Indian river gauge anchor + synthetic hydrological time series,SYNTHETIC_PROTOTYPE
IN-OBS-19-006,IN-G19,D026,R026,Pamba,Pamba Basin,Kerala,Pathanamthitta,9.37,76.92,EPSG:4326,Pamba Gauge,2026-08-06 00:00:00,2.749,513.57,0.509,113.2,4.0,1.49,515.2,510.91,-0.08,-17.52,4.62,5.62,Active,Indian river gauge anchor + synthetic hydrological time series,SYNTHETIC_PROTOTYPE
IN-OBS-19-007,IN-G19,D026,R026,Pamba,Pamba Basin,Kerala,Pathanamthitta,9.37,76.92,EPSG:4326,Pamba Gauge,2026-08-07 00:00:00,2.396,534.01,1.125,80.74,3.51,4.59,561.21,561.52,-0.044,-14.8,4.62,5.62,Active,Indian river gauge anchor + synthetic hydrological time series,SYNTHETIC_PROTOTYPE
IN-OBS-19-008,IN-G19,D026,R026,Pamba,Pamba Basin,Kerala,Pathanamthitta,9.37,76.92,EPSG:4326,Pamba Gauge,2026-08-08 00:00:00,2.921,555.49,0.917,98.05,4.5,7.68,535.39,553.56,0.019,14.66,4.62,5.62,Active,Indian river gauge anchor + synthetic hydrological time series,SYNTHETIC_PROTOTYPE
IN-OBS-19-009,IN-G19,D026,R026,Pamba,Pamba Basin,Kerala,Pathanamthitta,9.37,76.92,EPSG:4326,Pamba Gauge,2026-08-09 00:00:00,2.535,493.62,0.591,119.67,2.65,2.11,469.67,460.25,-0.035,-7.05,4.62,5.62,Active,Indian river gauge anchor + synthetic hydrological time series,SYNTHETIC_PROTOTYPE
IN-OBS-19-010,IN-G19,D026,R026,Pamba,Pamba Basin,Kerala,Pathanamthitta,9.37,76.92,EPSG:4326,Pamba Gauge,2026-08-10 00:00:00,2.388,500.9,0.556,98.08,3.86,4.08,525.19,457.01,0.046,1.16,4.62,5.62,Active,Indian river gauge anchor + synthetic hydrological time series,SYNTHETIC_PROTOTYPE
IN-OBS-19-011,IN-G19,D026,R026,Pamba,Pamba Basin,Kerala,Pathanamthitta,9.37,76.92,EPSG:4326,Pamba Gauge,2026-08-11 00:00:00,2.683,470.51,0.905,77.87,0.5,2.91,469.83,470.24,0.07,-11.2,4.62,5.62,Active,Indian river gauge anchor + synthetic hydrological time series,SYNTHETIC_PROTOTYPE
IN-OBS-19-012,IN-G19,D026,R026,Pamba,Pamba Basin,Kerala,Pathanamthitta,9.37,76.92,EPSG:4326,Pamba Gauge,2026-08-12 00:00:00,2.178,468.4,0.85,48.26,4.56,3.07,404.69,491.69,0.001,9.07,4.62,5.62,Active,Indian river gauge anchor + synthetic hydrological time series,SYNTHETIC_PROTOTYPE
IN-OBS-19-013,IN-G19,D026,R026,Pamba,Pamba Basin,Kerala,Pathanamthitta,9.37,76.92,EPSG:4326,Pamba Gauge,2026-08-13 00:00:00,2.794,455.45,0.696,113.79,3.13,3.69,442.5,505.43,-0.107,-0.88,4.62,5.62,Active,Indian river gauge anchor + synthetic hydrological time series,SYNTHETIC_PROTOTYPE
IN-OBS-19-014,IN-G19,D026,R026,Pamba,Pamba Basin,Kerala,Pathanamthitta,9.37,76.92,EPSG:4326,Pamba Gauge,2026-08-14 00:00:00,3.074,445.68,0.56,117.95,2.84,8.35,435.49,424.86,0.004,28.6,4.62,5.62,Active,Indian river gauge anchor + synthetic hydrological time series,SYNTHETIC_PROTOTYPE
IN-OBS-20-001,IN-G20,D027,R027,Bharathapuzha,Bharathapuzha Basin,Kerala,Palakkad,10.77,76.65,EPSG:4326,Bharathapuzha Gauge,2026-08-01 00:00:00,4.904,245.96,0.4,100.8,4.29,4.95,288.26,255.87,0.053,0.84,6.24,7.24,Active,Indian river gauge anchor + synthetic hydrological time series,SYNTHETIC_PROTOTYPE
IN-OBS-20-002,IN-G20,D027,R027,Bharathapuzha,Bharathapuzha Basin,Kerala,Palakkad,10.77,76.65,EPSG:4326,Bharathapuzha Gauge,2026-08-02 00:00:00,4.662,226.25,0.912,95.89,4.25,0.34,195.66,199.88,-0.024,-7.92,6.24,7.24,Active,Indian river gauge anchor + synthetic hydrological time series,SYNTHETIC_PROTOTYPE
IN-OBS-20-003,IN-G20,D027,R027,Bharathapuzha,Bharathapuzha Basin,Kerala,Palakkad,10.77,76.65,EPSG:4326,Bharathapuzha Gauge,2026-08-03 00:00:00,3.887,240.95,0.85,95.93,4.48,0.91,245.04,229.96,0.029,6.1,6.24,7.24,Active,Indian river gauge anchor + synthetic hydrological time series,SYNTHETIC_PROTOTYPE
IN-OBS-20-004,IN-G20,D027,R027,Bharathapuzha,Bharathapuzha Basin,Kerala,Palakkad,10.77,76.65,EPSG:4326,Bharathapuzha Gauge,2026-08-04 00:00:00,4.078,326.42,0.775,79.96,4.63,5.64,319.75,322.81,-0.014,-14.17,6.24,7.24,Active,Indian river gauge anchor + synthetic hydrological time series,SYNTHETIC_PROTOTYPE
IN-OBS-20-005,IN-G20,D027,R027,Bharathapuzha,Bharathapuzha Basin,Kerala,Palakkad,10.77,76.65,EPSG:4326,Bharathapuzha Gauge,2026-08-05 00:00:00,4.434,343.87,0.754,82.51,2.61,8.39,363.01,333.15,0.016,33.71,6.24,7.24,Active,Indian river gauge anchor + synthetic hydrological time series,SYNTHETIC_PROTOTYPE
IN-OBS-20-006,IN-G20,D027,R027,Bharathapuzha,Bharathapuzha Basin,Kerala,Palakkad,10.77,76.65,EPSG:4326,Bharathapuzha Gauge,2026-08-06 00:00:00,4.938,272.39,1.205,113.08,2.57,1.78,268.85,275.93,0.001,-32.06,6.24,7.24,Active,Indian river gauge anchor + synthetic hydrological time series,SYNTHETIC_PROTOTYPE
IN-OBS-20-007,IN-G20,D027,R027,Bharathapuzha,Bharathapuzha Basin,Kerala,Palakkad,10.77,76.65,EPSG:4326,Bharathapuzha Gauge,2026-08-07 00:00:00,4.216,261.83,0.876,102.92,4.97,2.38,276.96,301.87,-0.025,6.84,6.24,7.24,Active,Indian river gauge anchor + synthetic hydrological time series,SYNTHETIC_PROTOTYPE
IN-OBS-20-008,IN-G20,D027,R027,Bharathapuzha,Bharathapuzha Basin,Kerala,Palakkad,10.77,76.65,EPSG:4326,Bharathapuzha Gauge,2026-08-08 00:00:00,4.244,258.16,1.142,74.98,4.02,1.53,243.18,240.84,0.065,-14.32,6.24,7.24,Active,Indian river gauge anchor + synthetic hydrological time series,SYNTHETIC_PROTOTYPE
IN-OBS-20-009,IN-G20,D027,R027,Bharathapuzha,Bharathapuzha Basin,Kerala,Palakkad,10.77,76.65,EPSG:4326,Bharathapuzha Gauge,2026-08-09 00:00:00,4.627,412.42,1.481,111.77,3.86,14.42,415.5,400.56,0.104,-3.24,6.24,7.24,Active,Indian river gauge anchor + synthetic hydrological time series,SYNTHETIC_PROTOTYPE
IN-OBS-20-010,IN-G20,D027,R027,Bharathapuzha,Bharathapuzha Basin,Kerala,Palakkad,10.77,76.65,EPSG:4326,Bharathapuzha Gauge,2026-08-10 00:00:00,4.015,246.1,0.912,105.19,3.23,3.78,215.8,198.18,-0.013,22.14,6.24,7.24,Active,Indian river gauge anchor + synthetic hydrological time series,SYNTHETIC_PROTOTYPE
IN-OBS-20-011,IN-G20,D027,R027,Bharathapuzha,Bharathapuzha Basin,Kerala,Palakkad,10.77,76.65,EPSG:4326,Bharathapuzha Gauge,2026-08-11 00:00:00,4.506,301.08,0.996,110.54,2.86,5.66,246.54,266.68,-0.11,11.5,6.24,7.24,Active,Indian river gauge anchor + synthetic hydrological time series,SYNTHETIC_PROTOTYPE
IN-OBS-20-012,IN-G20,D027,R027,Bharathapuzha,Bharathapuzha Basin,Kerala,Palakkad,10.77,76.65,EPSG:4326,Bharathapuzha Gauge,2026-08-12 00:00:00,4.53,256.03,0.868,57.26,3.13,5.7,275.69,281.08,-0.031,-0.53,6.24,7.24,Active,Indian river gauge anchor + synthetic hydrological time series,SYNTHETIC_PROTOTYPE
IN-OBS-20-013,IN-G20,D027,R027,Bharathapuzha,Bharathapuzha Basin,Kerala,Palakkad,10.77,76.65,EPSG:4326,Bharathapuzha Gauge,2026-08-13 00:00:00,4.152,318.55,1.033,60.92,4.38,7.22,330.82,328.64,-0.116,10.69,6.24,7.24,Active,Indian river gauge anchor + synthetic hydrological time series,SYNTHETIC_PROTOTYPE
IN-OBS-20-014,IN-G20,D027,R027,Bharathapuzha,Bharathapuzha Basin,Kerala,Palakkad,10.77,76.65,EPSG:4326,Bharathapuzha Gauge,2026-08-14 00:00:00,4.582,248.73,1.4,95.77,3.82,8.42,280.14,259.84,0.012,11.26,6.24,7.24,Active,Indian river gauge anchor + synthetic hydrological time series,SYNTHETIC_PROTOTYPE
IN-OBS-21-001,IN-G21,D028,R028,Subarnarekha,Subarnarekha Basin,Jharkhand,Jamshedpur,22.8,86.2,EPSG:4326,Subarnarekha Gauge,2026-08-01 00:00:00,5.267,321.79,0.273,100.09,1.92,6.31,311.88,306.15,0.03,-3.09,6.7,7.7,Active,Indian river gauge anchor + synthetic hydrological time series,SYNTHETIC_PROTOTYPE
IN-OBS-21-002,IN-G21,D028,R028,Subarnarekha,Subarnarekha Basin,Jharkhand,Jamshedpur,22.8,86.2,EPSG:4326,Subarnarekha Gauge,2026-08-02 00:00:00,5.457,291.81,0.671,85.41,3.8,0.75,291.5,280.22,-0.041,-18.05,6.7,7.7,Active,Indian river gauge anchor + synthetic hydrological time series,SYNTHETIC_PROTOTYPE
IN-OBS-21-003,IN-G21,D028,R028,Subarnarekha,Subarnarekha Basin,Jharkhand,Jamshedpur,22.8,86.2,EPSG:4326,Subarnarekha Gauge,2026-08-03 00:00:00,5.139,336.91,1.583,109.09,3.14,6.0,339.54,371.93,0.01,-4.43,6.7,7.7,Active,Indian river gauge anchor + synthetic hydrological time series,SYNTHETIC_PROTOTYPE
IN-OBS-21-004,IN-G21,D028,R028,Subarnarekha,Subarnarekha Basin,Jharkhand,Jamshedpur,22.8,86.2,EPSG:4326,Subarnarekha Gauge,2026-08-04 00:00:00,5.63,333.54,0.541,108.08,4.01,4.41,379.21,346.04,-0.135,7.4,6.7,7.7,Active,Indian river gauge anchor + synthetic hydrological time series,SYNTHETIC_PROTOTYPE
IN-OBS-21-005,IN-G21,D028,R028,Subarnarekha,Subarnarekha Basin,Jharkhand,Jamshedpur,22.8,86.2,EPSG:4326,Subarnarekha Gauge,2026-08-05 00:00:00,4.359,348.25,0.923,112.22,3.86,2.56,307.05,330.33,0.021,6.04,6.7,7.7,Active,Indian river gauge anchor + synthetic hydrological time series,SYNTHETIC_PROTOTYPE
IN-OBS-21-006,IN-G21,D028,R028,Subarnarekha,Subarnarekha Basin,Jharkhand,Jamshedpur,22.8,86.2,EPSG:4326,Subarnarekha Gauge,2026-08-06 00:00:00,5.084,660.18,0.739,132.03,3.47,23.87,682.03,685.13,-0.046,0.51,6.7,7.7,Active,Indian river gauge anchor + synthetic hydrological time series,SYNTHETIC_PROTOTYPE
IN-OBS-21-007,IN-G21,D028,R028,Subarnarekha,Subarnarekha Basin,Jharkhand,Jamshedpur,22.8,86.2,EPSG:4326,Subarnarekha Gauge,2026-08-07 00:00:00,5.818,319.87,1.022,91.45,3.64,2.21,326.71,335.97,0.083,-0.68,6.7,7.7,Active,Indian river gauge anchor + synthetic hydrological time series,SYNTHETIC_PROTOTYPE
IN-OBS-21-008,IN-G21,D028,R028,Subarnarekha,Subarnarekha Basin,Jharkhand,Jamshedpur,22.8,86.2,EPSG:4326,Subarnarekha Gauge,2026-08-08 00:00:00,4.524,328.2,1.137,108.73,4.81,3.34,321.35,337.52,0.082,-5.48,6.7,7.7,Active,Indian river gauge anchor + synthetic hydrological time series,SYNTHETIC_PROTOTYPE
IN-OBS-21-009,IN-G21,D028,R028,Subarnarekha,Subarnarekha Basin,Jharkhand,Jamshedpur,22.8,86.2,EPSG:4326,Subarnarekha Gauge,2026-08-09 00:00:00,5.046,298.25,1.225,60.18,2.04,1.33,276.75,316.9,-0.082,7.01,6.7,7.7,Active,Indian river gauge anchor + synthetic hydrological time series,SYNTHETIC_PROTOTYPE
IN-OBS-21-010,IN-G21,D028,R028,Subarnarekha,Subarnarekha Basin,Jharkhand,Jamshedpur,22.8,86.2,EPSG:4326,Subarnarekha Gauge,2026-08-10 00:00:00,5.123,300.31,0.86,65.78,4.57,1.7,256.52,309.42,-0.103,4.86,6.7,7.7,Active,Indian river gauge anchor + synthetic hydrological time series,SYNTHETIC_PROTOTYPE
IN-OBS-21-011,IN-G21,D028,R028,Subarnarekha,Subarnarekha Basin,Jharkhand,Jamshedpur,22.8,86.2,EPSG:4326,Subarnarekha Gauge,2026-08-11 00:00:00,3.997,453.88,1.2,70.0,2.89,10.84,474.51,474.21,-0.014,17.04,6.7,7.7,Active,Indian river gauge anchor + synthetic hydrological time series,SYNTHETIC_PROTOTYPE
IN-OBS-21-012,IN-G21,D028,R028,Subarnarekha,Subarnarekha Basin,Jharkhand,Jamshedpur,22.8,86.2,EPSG:4326,Subarnarekha Gauge,2026-08-12 00:00:00,4.64,293.79,0.939,99.29,3.1,5.84,321.49,281.77,-0.121,17.26,6.7,7.7,Active,Indian river gauge anchor + synthetic hydrological time series,SYNTHETIC_PROTOTYPE
IN-OBS-21-013,IN-G21,D028,R028,Subarnarekha,Subarnarekha Basin,Jharkhand,Jamshedpur,22.8,86.2,EPSG:4326,Subarnarekha Gauge,2026-08-13 00:00:00,4.859,419.74,0.62,92.02,4.9,21.31,406.41,422.87,0.017,7.89,6.7,7.7,Active,Indian river gauge anchor + synthetic hydrological time series,SYNTHETIC_PROTOTYPE
IN-OBS-21-014,IN-G21,D028,R028,Subarnarekha,Subarnarekha Basin,Jharkhand,Jamshedpur,22.8,86.2,EPSG:4326,Subarnarekha Gauge,2026-08-14 00:00:00,5.085,392.89,1.099,34.93,5.18,9.19,384.08,406.62,0.122,-3.6,6.7,7.7,Active,Indian river gauge anchor + synthetic hydrological time series,SYNTHETIC_PROTOTYPE
IN-OBS-22-001,IN-G22,D029,R029,Damodar,Damodar Basin,Jharkhand,Dhanbad,23.8,86.45,EPSG:4326,Damodar Gauge,2026-08-01 00:00:00,6.356,399.71,1.318,35.24,4.51,5.07,378.02,389.07,0.002,-5.84,7.83,8.83,Active,Indian river gauge anchor + synthetic hydrological time series,SYNTHETIC_PROTOTYPE
IN-OBS-22-002,IN-G22,D029,R029,Damodar,Damodar Basin,Jharkhand,Dhanbad,23.8,86.45,EPSG:4326,Damodar Gauge,2026-08-02 00:00:00,5.719,424.24,0.387,79.97,3.95,3.05,384.02,406.4,-0.031,-2.71,7.83,8.83,Active,Indian river gauge anchor + synthetic hydrological time series,SYNTHETIC_PROTOTYPE
IN-OBS-22-003,IN-G22,D029,R029,Damodar,Damodar Basin,Jharkhand,Dhanbad,23.8,86.45,EPSG:4326,Damodar Gauge,2026-08-03 00:00:00,5.673,400.37,0.93,57.73,3.05,1.18,400.8,415.78,-0.064,25.58,7.83,8.83,Active,Indian river gauge anchor + synthetic hydrological time series,SYNTHETIC_PROTOTYPE
IN-OBS-22-004,IN-G22,D029,R029,Damodar,Damodar Basin,Jharkhand,Dhanbad,23.8,86.45,EPSG:4326,Damodar Gauge,2026-08-04 00:00:00,6.722,464.12,1.005,45.56,2.94,7.68,433.37,448.22,-0.07,4.72,7.83,8.83,Active,Indian river gauge anchor + synthetic hydrological time series,SYNTHETIC_PROTOTYPE
IN-OBS-22-005,IN-G22,D029,R029,Damodar,Damodar Basin,Jharkhand,Dhanbad,23.8,86.45,EPSG:4326,Damodar Gauge,2026-08-05 00:00:00,6.139,419.69,0.88,46.93,3.82,3.07,524.93,389.07,0.027,-3.23,7.83,8.83,Active,Indian river gauge anchor + synthetic hydrological time series,SYNTHETIC_PROTOTYPE
IN-OBS-22-006,IN-G22,D029,R029,Damodar,Damodar Basin,Jharkhand,Dhanbad,23.8,86.45,EPSG:4326,Damodar Gauge,2026-08-06 00:00:00,6.175,505.78,0.722,97.81,1.15,18.21,504.49,489.05,0.066,-6.38,7.83,8.83,Active,Indian river gauge anchor + synthetic hydrological time series,SYNTHETIC_PROTOTYPE
IN-OBS-22-007,IN-G22,D029,R029,Damodar,Damodar Basin,Jharkhand,Dhanbad,23.8,86.45,EPSG:4326,Damodar Gauge,2026-08-07 00:00:00,6.023,429.18,0.743,98.7,4.78,4.25,462.63,407.07,-0.027,-4.52,7.83,8.83,Active,Indian river gauge anchor + synthetic hydrological time series,SYNTHETIC_PROTOTYPE
IN-OBS-22-008,IN-G22,D029,R029,Damodar,Damodar Basin,Jharkhand,Dhanbad,23.8,86.45,EPSG:4326,Damodar Gauge,2026-08-08 00:00:00,6.136,488.57,0.539,142.87,3.01,8.12,492.11,491.9,0.1,-15.48,7.83,8.83,Active,Indian river gauge anchor + synthetic hydrological time series,SYNTHETIC_PROTOTYPE
IN-OBS-22-009,IN-G22,D029,R029,Damodar,Damodar Basin,Jharkhand,Dhanbad,23.8,86.45,EPSG:4326,Damodar Gauge,2026-08-09 00:00:00,5.725,390.01,0.888,76.31,3.14,0.96,376.16,390.27,-0.018,10.23,7.83,8.83,Active,Indian river gauge anchor + synthetic hydrological time series,SYNTHETIC_PROTOTYPE
IN-OBS-22-010,IN-G22,D029,R029,Damodar,Damodar Basin,Jharkhand,Dhanbad,23.8,86.45,EPSG:4326,Damodar Gauge,2026-08-10 00:00:00,5.702,386.26,0.762,92.15,1.94,1.68,378.68,381.44,-0.132,-3.53,7.83,8.83,Active,Indian river gauge anchor + synthetic hydrological time series,SYNTHETIC_PROTOTYPE
IN-OBS-22-011,IN-G22,D029,R029,Damodar,Damodar Basin,Jharkhand,Dhanbad,23.8,86.45,EPSG:4326,Damodar Gauge,2026-08-11 00:00:00,5.944,460.34,0.82,54.95,3.77,7.12,424.23,466.24,0.092,-16.2,7.83,8.83,Active,Indian river gauge anchor + synthetic hydrological time series,SYNTHETIC_PROTOTYPE
IN-OBS-22-012,IN-G22,D029,R029,Damodar,Damodar Basin,Jharkhand,Dhanbad,23.8,86.45,EPSG:4326,Damodar Gauge,2026-08-12 00:00:00,5.996,382.02,0.252,77.79,4.24,6.5,348.74,385.59,0.108,-5.94,7.83,8.83,Active,Indian river gauge anchor + synthetic hydrological time series,SYNTHETIC_PROTOTYPE
IN-OBS-22-013,IN-G22,D029,R029,Damodar,Damodar Basin,Jharkhand,Dhanbad,23.8,86.45,EPSG:4326,Damodar Gauge,2026-08-13 00:00:00,5.036,375.3,0.783,50.11,5.28,3.94,359.73,402.93,-0.004,2.07,7.83,8.83,Active,Indian river gauge anchor + synthetic hydrological time series,SYNTHETIC_PROTOTYPE
IN-OBS-22-014,IN-G22,D029,R029,Damodar,Damodar Basin,Jharkhand,Dhanbad,23.8,86.45,EPSG:4326,Damodar Gauge,2026-08-14 00:00:00,5.632,320.8,0.745,122.06,3.05,0.45,351.68,292.17,0.061,11.17,7.83,8.83,Active,Indian river gauge anchor + synthetic hydrological time series,SYNTHETIC_PROTOTYPE
IN-OBS-23-001,IN-G23,D032,R032,Brahmani,Brahmani Basin,Odisha,Angul,21.4,85.01,EPSG:4326,Brahmani Gauge,2026-08-01 00:00:00,4.189,212.12,0.935,117.33,3.44,7.94,201.31,220.52,0.097,6.27,5.47,6.47,Active,Indian river gauge anchor + synthetic hydrological time series,SYNTHETIC_PROTOTYPE
IN-OBS-23-002,IN-G23,D032,R032,Brahmani,Brahmani Basin,Odisha,Angul,21.4,85.01,EPSG:4326,Brahmani Gauge,2026-08-02 00:00:00,3.699,106.26,0.788,90.35,3.63,2.32,129.25,100.4,0.003,-37.04,5.47,6.47,Active,Indian river gauge anchor + synthetic hydrological time series,SYNTHETIC_PROTOTYPE
IN-OBS-23-003,IN-G23,D032,R032,Brahmani,Brahmani Basin,Odisha,Angul,21.4,85.01,EPSG:4326,Brahmani Gauge,2026-08-03 00:00:00,3.153,149.8,0.424,106.31,3.65,2.98,172.39,159.28,-0.009,-3.09,5.47,6.47,Active,Indian river gauge anchor + synthetic hydrological time series,SYNTHETIC_PROTOTYPE
IN-OBS-23-004,IN-G23,D032,R032,Brahmani,Brahmani Basin,Odisha,Angul,21.4,85.01,EPSG:4326,Brahmani Gauge,2026-08-04 00:00:00,3.314,135.72,1.419,91.02,4.35,2.48,155.2,162.86,0.133,-3.59,5.47,6.47,Active,Indian river gauge anchor + synthetic hydrological time series,SYNTHETIC_PROTOTYPE
IN-OBS-23-005,IN-G23,D032,R032,Brahmani,Brahmani Basin,Odisha,Angul,21.4,85.01,EPSG:4326,Brahmani Gauge,2026-08-05 00:00:00,3.382,112.23,0.694,89.83,1.54,1.62,108.91,148.73,-0.019,-15.01,5.47,6.47,Active,Indian river gauge anchor + synthetic hydrological time series,SYNTHETIC_PROTOTYPE
IN-OBS-23-006,IN-G23,D032,R032,Brahmani,Brahmani Basin,Odisha,Angul,21.4,85.01,EPSG:4326,Brahmani Gauge,2026-08-06 00:00:00,3.265,199.58,0.868,104.73,2.36,6.55,176.32,207.21,0.056,-17.6,5.47,6.47,Active,Indian river gauge anchor + synthetic hydrological time series,SYNTHETIC_PROTOTYPE
IN-OBS-23-007,IN-G23,D032,R032,Brahmani,Brahmani Basin,Odisha,Angul,21.4,85.01,EPSG:4326,Brahmani Gauge,2026-08-07 00:00:00,3.429,103.46,0.759,78.24,2.69,0.26,83.3,113.51,-0.081,16.66,5.47,6.47,Active,Indian river gauge anchor + synthetic hydrological time series,SYNTHETIC_PROTOTYPE
IN-OBS-23-008,IN-G23,D032,R032,Brahmani,Brahmani Basin,Odisha,Angul,21.4,85.01,EPSG:4326,Brahmani Gauge,2026-08-08 00:00:00,3.724,152.69,0.854,56.08,3.5,7.01,154.23,139.58,0.067,8.07,5.47,6.47,Active,Indian river gauge anchor + synthetic hydrological time series,SYNTHETIC_PROTOTYPE
IN-OBS-23-009,IN-G23,D032,R032,Brahmani,Brahmani Basin,Odisha,Angul,21.4,85.01,EPSG:4326,Brahmani Gauge,2026-08-09 00:00:00,4.325,176.0,1.147,141.98,2.16,12.76,198.45,230.74,-0.044,33.71,5.47,6.47,Active,Indian river gauge anchor + synthetic hydrological time series,SYNTHETIC_PROTOTYPE
IN-OBS-23-010,IN-G23,D032,R032,Brahmani,Brahmani Basin,Odisha,Angul,21.4,85.01,EPSG:4326,Brahmani Gauge,2026-08-10 00:00:00,3.655,97.66,0.798,82.11,2.42,0.31,73.72,122.36,-0.11,-3.48,5.47,6.47,Active,Indian river gauge anchor + synthetic hydrological time series,SYNTHETIC_PROTOTYPE
IN-OBS-23-011,IN-G23,D032,R032,Brahmani,Brahmani Basin,Odisha,Angul,21.4,85.01,EPSG:4326,Brahmani Gauge,2026-08-11 00:00:00,3.176,176.96,0.665,122.43,1.76,6.3,237.87,176.89,0.107,14.6,5.47,6.47,Active,Indian river gauge anchor + synthetic hydrological time series,SYNTHETIC_PROTOTYPE
IN-OBS-23-012,IN-G23,D032,R032,Brahmani,Brahmani Basin,Odisha,Angul,21.4,85.01,EPSG:4326,Brahmani Gauge,2026-08-12 00:00:00,3.302,131.94,1.314,69.79,5.22,2.73,127.89,137.3,-0.043,0.9,5.47,6.47,Active,Indian river gauge anchor + synthetic hydrological time series,SYNTHETIC_PROTOTYPE
IN-OBS-23-013,IN-G23,D032,R032,Brahmani,Brahmani Basin,Odisha,Angul,21.4,85.01,EPSG:4326,Brahmani Gauge,2026-08-13 00:00:00,3.581,202.74,1.124,110.79,2.58,11.77,137.14,193.13,0.187,-27.65,5.47,6.47,Active,Indian river gauge anchor + synthetic hydrological time series,SYNTHETIC_PROTOTYPE
IN-OBS-23-014,IN-G23,D032,R032,Brahmani,Brahmani Basin,Odisha,Angul,21.4,85.01,EPSG:4326,Brahmani Gauge,2026-08-14 00:00:00,3.922,127.83,0.832,91.01,3.63,5.47,51.98,104.14,-0.022,-25.54,5.47,6.47,Active,Indian river gauge anchor + synthetic hydrological time series,SYNTHETIC_PROTOTYPE
IN-OBS-24-001,IN-G24,D033,R033,Baitarani,Baitarani Basin,Odisha,Keonjhar,21.63,85.58,EPSG:4326,Baitarani Gauge,2026-08-01 00:00:00,5.381,223.03,0.601,109.96,4.08,2.89,281.78,209.98,0.017,-4.1,7.16,8.16,Active,Indian river gauge anchor + synthetic hydrological time series,SYNTHETIC_PROTOTYPE
IN-OBS-24-002,IN-G24,D033,R033,Baitarani,Baitarani Basin,Odisha,Keonjhar,21.63,85.58,EPSG:4326,Baitarani Gauge,2026-08-02 00:00:00,4.962,196.33,0.938,61.61,4.8,0.75,199.61,209.1,-0.058,-10.46,7.16,8.16,Active,Indian river gauge anchor + synthetic hydrological time series,SYNTHETIC_PROTOTYPE
IN-OBS-24-003,IN-G24,D033,R033,Baitarani,Baitarani Basin,Odisha,Keonjhar,21.63,85.58,EPSG:4326,Baitarani Gauge,2026-08-03 00:00:00,4.446,222.83,0.657,76.04,1.11,5.21,234.19,207.62,-0.065,-17.04,7.16,8.16,Active,Indian river gauge anchor + synthetic hydrological time series,SYNTHETIC_PROTOTYPE
IN-OBS-24-004,IN-G24,D033,R033,Baitarani,Baitarani Basin,Odisha,Keonjhar,21.63,85.58,EPSG:4326,Baitarani Gauge,2026-08-04 00:00:00,5.106,252.69,1.299,85.95,2.39,3.31,242.12,292.93,-0.16,-3.25,7.16,8.16,Active,Indian river gauge anchor + synthetic hydrological time series,SYNTHETIC_PROTOTYPE
IN-OBS-24-005,IN-G24,D033,R033,Baitarani,Baitarani Basin,Odisha,Keonjhar,21.63,85.58,EPSG:4326,Baitarani Gauge,2026-08-05 00:00:00,5.874,204.83,1.338,95.76,4.58,0.53,270.97,185.47,-0.066,15.91,7.16,8.16,Active,Indian river gauge anchor + synthetic hydrological time series,SYNTHETIC_PROTOTYPE
IN-OBS-24-006,IN-G24,D033,R033,Baitarani,Baitarani Basin,Odisha,Keonjhar,21.63,85.58,EPSG:4326,Baitarani Gauge,2026-08-06 00:00:00,5.415,209.09,0.939,66.2,2.74,1.71,182.23,183.58,0.126,-1.82,7.16,8.16,Active,Indian river gauge anchor + synthetic hydrological time series,SYNTHETIC_PROTOTYPE
IN-OBS-24-007,IN-G24,D033,R033,Baitarani,Baitarani Basin,Odisha,Keonjhar,21.63,85.58,EPSG:4326,Baitarani Gauge,2026-08-07 00:00:00,5.069,303.95,1.22,126.09,1.82,6.24,354.98,291.51,-0.1,-7.75,7.16,8.16,Active,Indian river gauge anchor + synthetic hydrological time series,SYNTHETIC_PROTOTYPE
IN-OBS-24-008,IN-G24,D033,R033,Baitarani,Baitarani Basin,Odisha,Keonjhar,21.63,85.58,EPSG:4326,Baitarani Gauge,2026-08-08 00:00:00,5.531,251.58,0.948,62.96,3.73,9.18,258.77,313.4,-0.017,-11.92,7.16,8.16,Active,Indian river gauge anchor + synthetic hydrological time series,SYNTHETIC_PROTOTYPE
IN-OBS-24-009,IN-G24,D033,R033,Baitarani,Baitarani Basin,Odisha,Keonjhar,21.63,85.58,EPSG:4326,Baitarani Gauge,2026-08-09 00:00:00,5.277,208.92,0.448,62.48,2.58,1.95,215.25,209.06,0.025,4.7,7.16,8.16,Active,Indian river gauge anchor + synthetic hydrological time series,SYNTHETIC_PROTOTYPE
IN-OBS-24-010,IN-G24,D033,R033,Baitarani,Baitarani Basin,Odisha,Keonjhar,21.63,85.58,EPSG:4326,Baitarani Gauge,2026-08-10 00:00:00,5.681,205.99,1.024,99.68,1.91,2.34,196.54,193.18,0.001,-6.88,7.16,8.16,Active,Indian river gauge anchor + synthetic hydrological time series,SYNTHETIC_PROTOTYPE
IN-OBS-24-011,IN-G24,D033,R033,Baitarani,Baitarani Basin,Odisha,Keonjhar,21.63,85.58,EPSG:4326,Baitarani Gauge,2026-08-11 00:00:00,5.159,209.99,1.101,66.97,3.66,4.28,336.81,216.34,-0.01,-25.08,7.16,8.16,Active,Indian river gauge anchor + synthetic hydrological time series,SYNTHETIC_PROTOTYPE
IN-OBS-24-012,IN-G24,D033,R033,Baitarani,Baitarani Basin,Odisha,Keonjhar,21.63,85.58,EPSG:4326,Baitarani Gauge,2026-08-12 00:00:00,5.359,259.26,0.721,105.16,3.48,14.83,304.18,252.92,-0.021,-11.38,7.16,8.16,Active,Indian river gauge anchor + synthetic hydrological time series,SYNTHETIC_PROTOTYPE
IN-OBS-24-013,IN-G24,D033,R033,Baitarani,Baitarani Basin,Odisha,Keonjhar,21.63,85.58,EPSG:4326,Baitarani Gauge,2026-08-13 00:00:00,5.173,319.58,0.842,94.48,3.75,11.85,299.39,334.55,0.027,-8.4,7.16,8.16,Active,Indian river gauge anchor + synthetic hydrological time series,SYNTHETIC_PROTOTYPE
IN-OBS-24-014,IN-G24,D033,R033,Baitarani,Baitarani Basin,Odisha,Keonjhar,21.63,85.58,EPSG:4326,Baitarani Gauge,2026-08-14 00:00:00,6.031,159.57,0.419,79.08,1.9,0.18,178.0,137.16,-0.115,-7.02,7.16,8.16,Active,Indian river gauge anchor + synthetic hydrological time series,SYNTHETIC_PROTOTYPE
IN-OBS-25-001,IN-G25,D015,R015,Chambal,Chambal Basin,Madhya Pradesh,Kota,25.18,75.83,EPSG:4326,Chambal Gauge,2026-08-01 00:00:00,3.549,243.0,1.173,113.7,3.09,4.99,297.58,211.38,0.015,11.41,5.23,6.23,Active,Indian river gauge anchor + synthetic hydrological time series,SYNTHETIC_PROTOTYPE
IN-OBS-25-002,IN-G25,D015,R015,Chambal,Chambal Basin,Madhya Pradesh,Kota,25.18,75.83,EPSG:4326,Chambal Gauge,2026-08-02 00:00:00,3.253,304.44,0.71,99.76,4.31,6.51,276.14,287.95,0.026,6.95,5.23,6.23,Active,Indian river gauge anchor + synthetic hydrological time series,SYNTHETIC_PROTOTYPE
IN-OBS-25-003,IN-G25,D015,R015,Chambal,Chambal Basin,Madhya Pradesh,Kota,25.18,75.83,EPSG:4326,Chambal Gauge,2026-08-03 00:00:00,3.82,230.41,0.765,112.28,5.57,2.01,264.44,205.12,0.11,1.08,5.23,6.23,Active,Indian river gauge anchor + synthetic hydrological time series,SYNTHETIC_PROTOTYPE
IN-OBS-25-004,IN-G25,D015,R015,Chambal,Chambal Basin,Madhya Pradesh,Kota,25.18,75.83,EPSG:4326,Chambal Gauge,2026-08-04 00:00:00,3.373,324.07,0.744,118.89,2.72,7.63,281.77,298.59,0.056,9.44,5.23,6.23,Active,Indian river gauge anchor + synthetic hydrological time series,SYNTHETIC_PROTOTYPE
IN-OBS-25-005,IN-G25,D015,R015,Chambal,Chambal Basin,Madhya Pradesh,Kota,25.18,75.83,EPSG:4326,Chambal Gauge,2026-08-05 00:00:00,3.519,281.47,0.914,84.97,2.1,5.96,264.77,302.52,-0.073,4.46,5.23,6.23,Active,Indian river gauge anchor + synthetic hydrological time series,SYNTHETIC_PROTOTYPE
IN-OBS-25-006,IN-G25,D015,R015,Chambal,Chambal Basin,Madhya Pradesh,Kota,25.18,75.83,EPSG:4326,Chambal Gauge,2026-08-06 00:00:00,3.404,326.89,0.695,78.03,3.7,11.88,347.08,335.07,0.042,7.72,5.23,6.23,Active,Indian river gauge anchor + synthetic hydrological time series,SYNTHETIC_PROTOTYPE
IN-OBS-25-007,IN-G25,D015,R015,Chambal,Chambal Basin,Madhya Pradesh,Kota,25.18,75.83,EPSG:4326,Chambal Gauge,2026-08-07 00:00:00,3.251,201.84,0.819,104.02,2.79,0.14,212.85,168.84,-0.046,32.37,5.23,6.23,Active,Indian river gauge anchor + synthetic hydrological time series,SYNTHETIC_PROTOTYPE
IN-OBS-25-008,IN-G25,D015,R015,Chambal,Chambal Basin,Madhya Pradesh,Kota,25.18,75.83,EPSG:4326,Chambal Gauge,2026-08-08 00:00:00,3.812,218.97,0.999,96.71,4.91,2.7,202.15,177.64,0.026,20.12,5.23,6.23,Active,Indian river gauge anchor + synthetic hydrological time series,SYNTHETIC_PROTOTYPE
IN-OBS-25-009,IN-G25,D015,R015,Chambal,Chambal Basin,Madhya Pradesh,Kota,25.18,75.83,EPSG:4326,Chambal Gauge,2026-08-09 00:00:00,4.032,266.67,0.767,129.93,4.5,5.97,290.98,321.7,-0.067,-20.34,5.23,6.23,Active,Indian river gauge anchor + synthetic hydrological time series,SYNTHETIC_PROTOTYPE
IN-OBS-25-010,IN-G25,D015,R015,Chambal,Chambal Basin,Madhya Pradesh,Kota,25.18,75.83,EPSG:4326,Chambal Gauge,2026-08-10 00:00:00,3.616,255.81,1.021,103.84,3.41,5.21,218.29,228.55,0.145,-6.75,5.23,6.23,Active,Indian river gauge anchor + synthetic hydrological time series,SYNTHETIC_PROTOTYPE
IN-OBS-25-011,IN-G25,D015,R015,Chambal,Chambal Basin,Madhya Pradesh,Kota,25.18,75.83,EPSG:4326,Chambal Gauge,2026-08-11 00:00:00,3.64,232.09,0.646,132.11,2.4,4.68,202.02,256.9,0.064,-13.58,5.23,6.23,Active,Indian river gauge anchor + synthetic hydrological time series,SYNTHETIC_PROTOTYPE
IN-OBS-25-012,IN-G25,D015,R015,Chambal,Chambal Basin,Madhya Pradesh,Kota,25.18,75.83,EPSG:4326,Chambal Gauge,2026-08-12 00:00:00,3.066,200.62,1.041,86.29,4.79,3.17,175.0,184.01,-0.078,-7.44,5.23,6.23,Active,Indian river gauge anchor + synthetic hydrological time series,SYNTHETIC_PROTOTYPE
IN-OBS-25-013,IN-G25,D015,R015,Chambal,Chambal Basin,Madhya Pradesh,Kota,25.18,75.83,EPSG:4326,Chambal Gauge,2026-08-13 00:00:00,3.063,173.12,0.557,76.71,4.82,0.87,140.11,157.92,-0.073,-17.56,5.23,6.23,Active,Indian river gauge anchor + synthetic hydrological time series,SYNTHETIC_PROTOTYPE
IN-OBS-25-014,IN-G25,D015,R015,Chambal,Chambal Basin,Madhya Pradesh,Kota,25.18,75.83,EPSG:4326,Chambal Gauge,2026-08-14 00:00:00,3.187,237.79,0.763,110.87,4.55,6.6,231.2,218.72,-0.008,-9.31,5.23,6.23,Active,Indian river gauge anchor + synthetic hydrological time series,SYNTHETIC_PROTOTYPE
IN-OBS-26-001,IN-G26,D030,R030,Betwa,Betwa Basin,Madhya Pradesh,Vidisha,23.53,77.81,EPSG:4326,Betwa Gauge,2026-08-01 00:00:00,1.907,385.03,1.006,102.63,2.88,5.25,378.92,363.54,-0.036,23.12,4.01,5.01,Active,Indian river gauge anchor + synthetic hydrological time series,SYNTHETIC_PROTOTYPE
IN-OBS-26-002,IN-G26,D030,R030,Betwa,Betwa Basin,Madhya Pradesh,Vidisha,23.53,77.81,EPSG:4326,Betwa Gauge,2026-08-02 00:00:00,1.646,370.17,1.354,86.57,2.33,2.85,378.35,397.24,-0.184,-8.78,4.01,5.01,Active,Indian river gauge anchor + synthetic hydrological time series,SYNTHETIC_PROTOTYPE
IN-OBS-26-003,IN-G26,D030,R030,Betwa,Betwa Basin,Madhya Pradesh,Vidisha,23.53,77.81,EPSG:4326,Betwa Gauge,2026-08-03 00:00:00,2.157,361.62,1.122,84.36,3.31,1.57,393.64,356.88,0.039,14.18,4.01,5.01,Active,Indian river gauge anchor + synthetic hydrological time series,SYNTHETIC_PROTOTYPE
IN-OBS-26-004,IN-G26,D030,R030,Betwa,Betwa Basin,Madhya Pradesh,Vidisha,23.53,77.81,EPSG:4326,Betwa Gauge,2026-08-04 00:00:00,2.169,380.99,1.277,102.75,4.16,1.87,364.15,358.65,-0.044,8.54,4.01,5.01,Active,Indian river gauge anchor + synthetic hydrological time series,SYNTHETIC_PROTOTYPE
IN-OBS-26-005,IN-G26,D030,R030,Betwa,Betwa Basin,Madhya Pradesh,Vidisha,23.53,77.81,EPSG:4326,Betwa Gauge,2026-08-05 00:00:00,2.121,365.74,0.602,93.11,3.94,1.43,352.65,340.98,-0.03,9.38,4.01,5.01,Active,Indian river gauge anchor + synthetic hydrological time series,SYNTHETIC_PROTOTYPE
IN-OBS-26-006,IN-G26,D030,R030,Betwa,Betwa Basin,Madhya Pradesh,Vidisha,23.53,77.81,EPSG:4326,Betwa Gauge,2026-08-06 00:00:00,2.301,426.07,0.828,135.97,4.75,4.21,429.97,410.0,0.058,-4.62,4.01,5.01,Active,Indian river gauge anchor + synthetic hydrological time series,SYNTHETIC_PROTOTYPE
IN-OBS-26-007,IN-G26,D030,R030,Betwa,Betwa Basin,Madhya Pradesh,Vidisha,23.53,77.81,EPSG:4326,Betwa Gauge,2026-08-07 00:00:00,1.438,402.13,0.868,89.28,3.45,5.75,466.27,433.07,0.123,-13.26,4.01,5.01,Active,Indian river gauge anchor + synthetic hydrological time series,SYNTHETIC_PROTOTYPE
IN-OBS-26-008,IN-G26,D030,R030,Betwa,Betwa Basin,Madhya Pradesh,Vidisha,23.53,77.81,EPSG:4326,Betwa Gauge,2026-08-08 00:00:00,2.165,490.0,0.314,154.31,4.66,10.76,513.07,476.07,-0.098,-8.67,4.01,5.01,Active,Indian river gauge anchor + synthetic hydrological time series,SYNTHETIC_PROTOTYPE
IN-OBS-26-009,IN-G26,D030,R030,Betwa,Betwa Basin,Madhya Pradesh,Vidisha,23.53,77.81,EPSG:4326,Betwa Gauge,2026-08-09 00:00:00,1.857,530.43,0.536,93.1,2.79,11.31,496.01,491.63,-0.028,-5.22,4.01,5.01,Active,Indian river gauge anchor + synthetic hydrological time series,SYNTHETIC_PROTOTYPE
IN-OBS-26-010,IN-G26,D030,R030,Betwa,Betwa Basin,Madhya Pradesh,Vidisha,23.53,77.81,EPSG:4326,Betwa Gauge,2026-08-10 00:00:00,2.409,346.98,0.966,112.21,3.04,2.0,317.03,409.88,0.042,6.09,4.01,5.01,Active,Indian river gauge anchor + synthetic hydrological time series,SYNTHETIC_PROTOTYPE
IN-OBS-26-011,IN-G26,D030,R030,Betwa,Betwa Basin,Madhya Pradesh,Vidisha,23.53,77.81,EPSG:4326,Betwa Gauge,2026-08-11 00:00:00,1.754,352.11,0.831,76.55,3.4,5.77,388.35,351.28,-0.048,-9.6,4.01,5.01,Active,Indian river gauge anchor + synthetic hydrological time series,SYNTHETIC_PROTOTYPE
IN-OBS-26-012,IN-G26,D030,R030,Betwa,Betwa Basin,Madhya Pradesh,Vidisha,23.53,77.81,EPSG:4326,Betwa Gauge,2026-08-12 00:00:00,2.331,470.5,0.874,120.57,3.57,13.38,467.7,450.65,-0.033,-1.46,4.01,5.01,Active,Indian river gauge anchor + synthetic hydrological time series,SYNTHETIC_PROTOTYPE
IN-OBS-26-013,IN-G26,D030,R030,Betwa,Betwa Basin,Madhya Pradesh,Vidisha,23.53,77.81,EPSG:4326,Betwa Gauge,2026-08-13 00:00:00,2.07,296.26,0.748,119.77,3.75,0.92,259.41,326.27,0.011,-14.12,4.01,5.01,Active,Indian river gauge anchor + synthetic hydrological time series,SYNTHETIC_PROTOTYPE
IN-OBS-26-014,IN-G26,D030,R030,Betwa,Betwa Basin,Madhya Pradesh,Vidisha,23.53,77.81,EPSG:4326,Betwa Gauge,2026-08-14 00:00:00,2.464,311.41,0.955,64.07,3.37,2.81,348.85,311.77,-0.002,18.47,4.01,5.01,Active,Indian river gauge anchor + synthetic hydrological time series,SYNTHETIC_PROTOTYPE
IN-OBS-27-001,IN-G27,D031,R031,Ken,Ken Basin,Madhya Pradesh,Panna,24.72,80.2,EPSG:4326,Ken Gauge,2026-08-01 00:00:00,2.827,255.56,0.811,131.04,5.73,1.54,237.85,283.86,0.006,-8.88,4.02,5.02,Active,Indian river gauge anchor + synthetic hydrological time series,SYNTHETIC_PROTOTYPE
IN-OBS-27-002,IN-G27,D031,R031,Ken,Ken Basin,Madhya Pradesh,Panna,24.72,80.2,EPSG:4326,Ken Gauge,2026-08-02 00:00:00,2.046,336.76,1.162,100.4,4.17,7.49,380.83,320.42,-0.067,8.04,4.02,5.02,Active,Indian river gauge anchor + synthetic hydrological time series,SYNTHETIC_PROTOTYPE
IN-OBS-27-003,IN-G27,D031,R031,Ken,Ken Basin,Madhya Pradesh,Panna,24.72,80.2,EPSG:4326,Ken Gauge,2026-08-03 00:00:00,1.828,379.08,0.814,68.38,4.41,8.77,413.72,382.49,-0.077,5.82,4.02,5.02,Active,Indian river gauge anchor + synthetic hydrological time series,SYNTHETIC_PROTOTYPE
IN-OBS-27-004,IN-G27,D031,R031,Ken,Ken Basin,Madhya Pradesh,Panna,24.72,80.2,EPSG:4326,Ken Gauge,2026-08-04 00:00:00,2.95,404.12,0.817,56.21,3.85,11.75,417.37,439.51,-0.086,4.14,4.02,5.02,Active,Indian river gauge anchor + synthetic hydrological time series,SYNTHETIC_PROTOTYPE
IN-OBS-27-005,IN-G27,D031,R031,Ken,Ken Basin,Madhya Pradesh,Panna,24.72,80.2,EPSG:4326,Ken Gauge,2026-08-05 00:00:00,1.844,316.46,0.801,84.07,1.8,7.99,324.44,327.76,0.087,-4.92,4.02,5.02,Active,Indian river gauge anchor + synthetic hydrological time series,SYNTHETIC_PROTOTYPE
IN-OBS-27-006,IN-G27,D031,R031,Ken,Ken Basin,Madhya Pradesh,Panna,24.72,80.2,EPSG:4326,Ken Gauge,2026-08-06 00:00:00,1.959,273.06,0.655,70.08,2.69,1.05,275.3,294.85,-0.012,-4.56,4.02,5.02,Active,Indian river gauge anchor + synthetic hydrological time series,SYNTHETIC_PROTOTYPE
IN-OBS-27-007,IN-G27,D031,R031,Ken,Ken Basin,Madhya Pradesh,Panna,24.72,80.2,EPSG:4326,Ken Gauge,2026-08-07 00:00:00,2.298,297.52,1.291,38.88,5.38,3.61,266.61,282.35,0.004,-28.89,4.02,5.02,Active,Indian river gauge anchor + synthetic hydrological time series,SYNTHETIC_PROTOTYPE
IN-OBS-27-008,IN-G27,D031,R031,Ken,Ken Basin,Madhya Pradesh,Panna,24.72,80.2,EPSG:4326,Ken Gauge,2026-08-08 00:00:00,2.48,273.1,0.793,73.28,1.41,1.18,317.37,266.1,0.064,-3.08,4.02,5.02,Active,Indian river gauge anchor + synthetic hydrological time series,SYNTHETIC_PROTOTYPE
IN-OBS-27-009,IN-G27,D031,R031,Ken,Ken Basin,Madhya Pradesh,Panna,24.72,80.2,EPSG:4326,Ken Gauge,2026-08-09 00:00:00,2.251,281.19,0.952,102.96,2.96,3.51,268.09,322.68,0.115,-4.05,4.02,5.02,Active,Indian river gauge anchor + synthetic hydrological time series,SYNTHETIC_PROTOTYPE
IN-OBS-27-010,IN-G27,D031,R031,Ken,Ken Basin,Madhya Pradesh,Panna,24.72,80.2,EPSG:4326,Ken Gauge,2026-08-10 00:00:00,1.94,286.51,0.96,83.12,2.92,4.39,298.78,296.18,-0.054,12.95,4.02,5.02,Active,Indian river gauge anchor + synthetic hydrological time series,SYNTHETIC_PROTOTYPE
IN-OBS-27-011,IN-G27,D031,R031,Ken,Ken Basin,Madhya Pradesh,Panna,24.72,80.2,EPSG:4326,Ken Gauge,2026-08-11 00:00:00,2.719,332.69,0.756,122.18,4.72,10.91,310.95,352.17,0.038,5.55,4.02,5.02,Active,Indian river gauge anchor + synthetic hydrological time series,SYNTHETIC_PROTOTYPE
IN-OBS-27-012,IN-G27,D031,R031,Ken,Ken Basin,Madhya Pradesh,Panna,24.72,80.2,EPSG:4326,Ken Gauge,2026-08-12 00:00:00,2.194,317.36,0.795,100.66,2.69,10.59,317.75,330.97,-0.104,-2.82,4.02,5.02,Active,Indian river gauge anchor + synthetic hydrological time series,SYNTHETIC_PROTOTYPE
IN-OBS-27-013,IN-G27,D031,R031,Ken,Ken Basin,Madhya Pradesh,Panna,24.72,80.2,EPSG:4326,Ken Gauge,2026-08-13 00:00:00,2.094,220.12,0.523,76.22,3.09,1.0,215.72,214.21,0.037,-13.16,4.02,5.02,Active,Indian river gauge anchor + synthetic hydrological time series,SYNTHETIC_PROTOTYPE
IN-OBS-27-014,IN-G27,D031,R031,Ken,Ken Basin,Madhya Pradesh,Panna,24.72,80.2,EPSG:4326,Ken Gauge,2026-08-14 00:00:00,2.372,337.53,0.713,128.68,2.18,15.89,341.72,330.25,0.007,-35.88,4.02,5.02,Active,Indian river gauge anchor + synthetic hydrological time series,SYNTHETIC_PROTOTYPE
IN-OBS-28-001,IN-G28,D049,R049,Son,Son Basin,Madhya Pradesh,Sidhi,24.42,81.88,EPSG:4326,Son Gauge,2026-08-01 00:00:00,4.646,541.03,1.066,101.32,3.92,5.26,489.87,536.66,-0.058,-10.98,6.7,7.7,Active,Indian river gauge anchor + synthetic hydrological time series,SYNTHETIC_PROTOTYPE
IN-OBS-28-002,IN-G28,D049,R049,Son,Son Basin,Madhya Pradesh,Sidhi,24.42,81.88,EPSG:4326,Son Gauge,2026-08-02 00:00:00,5.243,563.83,0.853,102.77,3.54,8.28,586.19,576.08,-0.125,19.07,6.7,7.7,Active,Indian river gauge anchor + synthetic hydrological time series,SYNTHETIC_PROTOTYPE
IN-OBS-28-003,IN-G28,D049,R049,Son,Son Basin,Madhya Pradesh,Sidhi,24.42,81.88,EPSG:4326,Son Gauge,2026-08-03 00:00:00,4.55,560.45,1.147,134.11,2.2,3.91,584.03,571.5,0.121,14.03,6.7,7.7,Active,Indian river gauge anchor + synthetic hydrological time series,SYNTHETIC_PROTOTYPE
IN-OBS-28-004,IN-G28,D049,R049,Son,Son Basin,Madhya Pradesh,Sidhi,24.42,81.88,EPSG:4326,Son Gauge,2026-08-04 00:00:00,4.888,559.23,1.073,63.75,4.56,3.2,590.95,570.71,-0.023,6.09,6.7,7.7,Active,Indian river gauge anchor + synthetic hydrological time series,SYNTHETIC_PROTOTYPE
IN-OBS-28-005,IN-G28,D049,R049,Son,Son Basin,Madhya Pradesh,Sidhi,24.42,81.88,EPSG:4326,Son Gauge,2026-08-05 00:00:00,4.239,532.67,0.67,97.82,3.22,0.6,522.31,515.25,0.019,-0.55,6.7,7.7,Active,Indian river gauge anchor + synthetic hydrological time series,SYNTHETIC_PROTOTYPE
IN-OBS-28-006,IN-G28,D049,R049,Son,Son Basin,Madhya Pradesh,Sidhi,24.42,81.88,EPSG:4326,Son Gauge,2026-08-06 00:00:00,3.762,543.07,0.502,99.96,2.64,1.03,534.33,538.75,0.022,15.16,6.7,7.7,Active,Indian river gauge anchor + synthetic hydrological time series,SYNTHETIC_PROTOTYPE
IN-OBS-28-007,IN-G28,D049,R049,Son,Son Basin,Madhya Pradesh,Sidhi,24.42,81.88,EPSG:4326,Son Gauge,2026-08-07 00:00:00,4.581,572.99,0.691,100.17,5.73,3.69,550.55,545.07,0.123,24.77,6.7,7.7,Active,Indian river gauge anchor + synthetic hydrological time series,SYNTHETIC_PROTOTYPE
IN-OBS-28-008,IN-G28,D049,R049,Son,Son Basin,Madhya Pradesh,Sidhi,24.42,81.88,EPSG:4326,Son Gauge,2026-08-08 00:00:00,5.291,683.75,1.102,126.32,1.8,12.03,685.95,671.69,0.152,1.1,6.7,7.7,Active,Indian river gauge anchor + synthetic hydrological time series,SYNTHETIC_PROTOTYPE
IN-OBS-28-009,IN-G28,D049,R049,Son,Son Basin,Madhya Pradesh,Sidhi,24.42,81.88,EPSG:4326,Son Gauge,2026-08-09 00:00:00,4.226,622.19,0.881,77.54,4.2,7.23,615.24,633.66,-0.09,1.25,6.7,7.7,Active,Indian river gauge anchor + synthetic hydrological time series,SYNTHETIC_PROTOTYPE
IN-OBS-28-010,IN-G28,D049,R049,Son,Son Basin,Madhya Pradesh,Sidhi,24.42,81.88,EPSG:4326,Son Gauge,2026-08-10 00:00:00,4.225,517.12,0.98,141.44,3.76,2.71,504.46,476.27,0.055,-25.76,6.7,7.7,Active,Indian river gauge anchor + synthetic hydrological time series,SYNTHETIC_PROTOTYPE
IN-OBS-28-011,IN-G28,D049,R049,Son,Son Basin,Madhya Pradesh,Sidhi,24.42,81.88,EPSG:4326,Son Gauge,2026-08-11 00:00:00,4.816,547.1,0.545,74.97,4.06,5.76,521.29,499.0,-0.074,-3.62,6.7,7.7,Active,Indian river gauge anchor + synthetic hydrological time series,SYNTHETIC_PROTOTYPE
IN-OBS-28-012,IN-G28,D049,R049,Son,Son Basin,Madhya Pradesh,Sidhi,24.42,81.88,EPSG:4326,Son Gauge,2026-08-12 00:00:00,4.523,445.87,0.656,41.36,1.37,1.0,439.22,473.05,0.023,-23.67,6.7,7.7,Active,Indian river gauge anchor + synthetic hydrological time series,SYNTHETIC_PROTOTYPE
IN-OBS-28-013,IN-G28,D049,R049,Son,Son Basin,Madhya Pradesh,Sidhi,24.42,81.88,EPSG:4326,Son Gauge,2026-08-13 00:00:00,4.95,547.56,1.054,94.49,3.09,7.56,517.82,569.77,-0.018,22.83,6.7,7.7,Active,Indian river gauge anchor + synthetic hydrological time series,SYNTHETIC_PROTOTYPE
IN-OBS-28-014,IN-G28,D049,R049,Son,Son Basin,Madhya Pradesh,Sidhi,24.42,81.88,EPSG:4326,Son Gauge,2026-08-14 00:00:00,4.357,447.99,1.056,76.64,2.92,4.94,444.91,444.57,0.08,4.72,6.7,7.7,Active,Indian river gauge anchor + synthetic hydrological time series,SYNTHETIC_PROTOTYPE
IN-OBS-29-001,IN-G29,D017,R017,Ghaghara,Ghaghara Basin,Uttar Pradesh,Ayodhya,26.8,82.2,EPSG:4326,Ghaghara Gauge,2026-08-01 00:00:00,7.265,164.08,0.667,89.97,2.91,0.25,135.14,160.26,-0.069,12.84,9.81,10.81,Active,Indian river gauge anchor + synthetic hydrological time series,SYNTHETIC_PROTOTYPE
IN-OBS-29-002,IN-G29,D017,R017,Ghaghara,Ghaghara Basin,Uttar Pradesh,Ayodhya,26.8,82.2,EPSG:4326,Ghaghara Gauge,2026-08-02 00:00:00,8.393,366.32,0.889,86.49,2.65,12.54,360.1,357.88,-0.027,6.73,9.81,10.81,Active,Indian river gauge anchor + synthetic hydrological time series,SYNTHETIC_PROTOTYPE
IN-OBS-29-003,IN-G29,D017,R017,Ghaghara,Ghaghara Basin,Uttar Pradesh,Ayodhya,26.8,82.2,EPSG:4326,Ghaghara Gauge,2026-08-03 00:00:00,7.78,195.42,0.568,101.15,2.43,1.83,209.86,199.79,0.044,25.53,9.81,10.81,Active,Indian river gauge anchor + synthetic hydrological time series,SYNTHETIC_PROTOTYPE
IN-OBS-29-004,IN-G29,D017,R017,Ghaghara,Ghaghara Basin,Uttar Pradesh,Ayodhya,26.8,82.2,EPSG:4326,Ghaghara Gauge,2026-08-04 00:00:00,7.935,209.89,0.842,106.06,3.7,2.24,227.39,205.63,0.015,3.29,9.81,10.81,Active,Indian river gauge anchor + synthetic hydrological time series,SYNTHETIC_PROTOTYPE
IN-OBS-29-005,IN-G29,D017,R017,Ghaghara,Ghaghara Basin,Uttar Pradesh,Ayodhya,26.8,82.2,EPSG:4326,Ghaghara Gauge,2026-08-05 00:00:00,7.906,185.09,0.998,103.39,4.72,0.54,143.5,144.71,0.101,-8.49,9.81,10.81,Active,Indian river gauge anchor + synthetic hydrological time series,SYNTHETIC_PROTOTYPE
IN-OBS-29-006,IN-G29,D017,R017,Ghaghara,Ghaghara Basin,Uttar Pradesh,Ayodhya,26.8,82.2,EPSG:4326,Ghaghara Gauge,2026-08-06 00:00:00,7.635,205.02,0.336,120.57,4.23,4.72,170.86,181.46,0.026,15.4,9.81,10.81,Active,Indian river gauge anchor + synthetic hydrological time series,SYNTHETIC_PROTOTYPE
IN-OBS-29-007,IN-G29,D017,R017,Ghaghara,Ghaghara Basin,Uttar Pradesh,Ayodhya,26.8,82.2,EPSG:4326,Ghaghara Gauge,2026-08-07 00:00:00,8.62,747.35,1.192,77.16,1.98,35.25,769.83,722.78,0.03,14.45,9.81,10.81,Active,Indian river gauge anchor + synthetic hydrological time series,SYNTHETIC_PROTOTYPE
IN-OBS-29-008,IN-G29,D017,R017,Ghaghara,Ghaghara Basin,Uttar Pradesh,Ayodhya,26.8,82.2,EPSG:4326,Ghaghara Gauge,2026-08-08 00:00:00,7.927,222.66,0.958,53.41,3.5,4.01,246.39,200.64,-0.186,8.13,9.81,10.81,Active,Indian river gauge anchor + synthetic hydrological time series,SYNTHETIC_PROTOTYPE
IN-OBS-29-009,IN-G29,D017,R017,Ghaghara,Ghaghara Basin,Uttar Pradesh,Ayodhya,26.8,82.2,EPSG:4326,Ghaghara Gauge,2026-08-09 00:00:00,7.537,196.75,1.415,94.42,2.98,1.57,184.8,157.12,-0.008,-13.38,9.81,10.81,Active,Indian river gauge anchor + synthetic hydrological time series,SYNTHETIC_PROTOTYPE
IN-OBS-29-010,IN-G29,D017,R017,Ghaghara,Ghaghara Basin,Uttar Pradesh,Ayodhya,26.8,82.2,EPSG:4326,Ghaghara Gauge,2026-08-10 00:00:00,7.764,170.99,0.545,100.17,3.27,0.57,172.42,185.63,0.146,18.22,9.81,10.81,Active,Indian river gauge anchor + synthetic hydrological time series,SYNTHETIC_PROTOTYPE
IN-OBS-29-011,IN-G29,D017,R017,Ghaghara,Ghaghara Basin,Uttar Pradesh,Ayodhya,26.8,82.2,EPSG:4326,Ghaghara Gauge,2026-08-11 00:00:00,7.917,224.88,1.132,94.78,1.54,4.29,268.59,201.59,0.059,3.45,9.81,10.81,Active,Indian river gauge anchor + synthetic hydrological time series,SYNTHETIC_PROTOTYPE
IN-OBS-29-012,IN-G29,D017,R017,Ghaghara,Ghaghara Basin,Uttar Pradesh,Ayodhya,26.8,82.2,EPSG:4326,Ghaghara Gauge,2026-08-12 00:00:00,8.197,179.73,0.681,110.99,2.95,3.06,204.06,167.55,0.023,-8.47,9.81,10.81,Active,Indian river gauge anchor + synthetic hydrological time series,SYNTHETIC_PROTOTYPE
IN-OBS-29-013,IN-G29,D017,R017,Ghaghara,Ghaghara Basin,Uttar Pradesh,Ayodhya,26.8,82.2,EPSG:4326,Ghaghara Gauge,2026-08-13 00:00:00,7.89,190.34,0.541,89.17,4.26,2.85,216.01,205.39,-0.036,-15.72,9.81,10.81,Active,Indian river gauge anchor + synthetic hydrological time series,SYNTHETIC_PROTOTYPE
IN-OBS-29-014,IN-G29,D017,R017,Ghaghara,Ghaghara Basin,Uttar Pradesh,Ayodhya,26.8,82.2,EPSG:4326,Ghaghara Gauge,2026-08-14 00:00:00,7.911,169.22,0.71,113.9,3.11,3.31,186.2,187.53,0.005,6.79,9.81,10.81,Active,Indian river gauge anchor + synthetic hydrological time series,SYNTHETIC_PROTOTYPE
IN-OBS-30-001,IN-G30,D034,R034,Gandak,Gandak Basin,Bihar,Patna,25.6,85.14,EPSG:4326,Gandak Gauge,2026-08-01 00:00:00,7.015,520.92,0.391,65.01,3.39,5.22,470.13,553.94,-0.004,19.83,8.85,9.85,Active,Indian river gauge anchor + synthetic hydrological time series,SYNTHETIC_PROTOTYPE
IN-OBS-30-002,IN-G30,D034,R034,Gandak,Gandak Basin,Bihar,Patna,25.6,85.14,EPSG:4326,Gandak Gauge,2026-08-02 00:00:00,6.431,527.28,1.192,86.97,3.9,1.37,542.28,516.27,0.041,21.41,8.85,9.85,Active,Indian river gauge anchor + synthetic hydrological time series,SYNTHETIC_PROTOTYPE
IN-OBS-30-003,IN-G30,D034,R034,Gandak,Gandak Basin,Bihar,Patna,25.6,85.14,EPSG:4326,Gandak Gauge,2026-08-03 00:00:00,6.999,553.14,1.067,88.46,3.25,3.58,534.3,547.28,-0.039,0.9,8.85,9.85,Active,Indian river gauge anchor + synthetic hydrological time series,SYNTHETIC_PROTOTYPE
IN-OBS-30-004,IN-G30,D034,R034,Gandak,Gandak Basin,Bihar,Patna,25.6,85.14,EPSG:4326,Gandak Gauge,2026-08-04 00:00:00,7.21,610.66,0.478,73.28,3.16,6.46,706.93,577.54,-0.019,-21.56,8.85,9.85,Active,Indian river gauge anchor + synthetic hydrological time series,SYNTHETIC_PROTOTYPE
IN-OBS-30-005,IN-G30,D034,R034,Gandak,Gandak Basin,Bihar,Patna,25.6,85.14,EPSG:4326,Gandak Gauge,2026-08-05 00:00:00,7.252,561.89,0.633,73.84,3.41,3.84,547.69,604.67,-0.027,-28.5,8.85,9.85,Active,Indian river gauge anchor + synthetic hydrological time series,SYNTHETIC_PROTOTYPE
IN-OBS-30-006,IN-G30,D034,R034,Gandak,Gandak Basin,Bihar,Patna,25.6,85.14,EPSG:4326,Gandak Gauge,2026-08-06 00:00:00,7.002,598.66,0.337,72.44,4.62,3.49,555.12,590.09,0.011,-15.41,8.85,9.85,Active,Indian river gauge anchor + synthetic hydrological time series,SYNTHETIC_PROTOTYPE
IN-OBS-30-007,IN-G30,D034,R034,Gandak,Gandak Basin,Bihar,Patna,25.6,85.14,EPSG:4326,Gandak Gauge,2026-08-07 00:00:00,6.373,697.31,1.436,91.25,2.06,9.5,714.92,665.0,-0.032,23.27,8.85,9.85,Active,Indian river gauge anchor + synthetic hydrological time series,SYNTHETIC_PROTOTYPE
IN-OBS-30-008,IN-G30,D034,R034,Gandak,Gandak Basin,Bihar,Patna,25.6,85.14,EPSG:4326,Gandak Gauge,2026-08-08 00:00:00,7.494,549.77,0.732,135.58,4.37,2.94,574.72,567.55,0.137,3.45,8.85,9.85,Active,Indian river gauge anchor + synthetic hydrological time series,SYNTHETIC_PROTOTYPE
IN-OBS-30-009,IN-G30,D034,R034,Gandak,Gandak Basin,Bihar,Patna,25.6,85.14,EPSG:4326,Gandak Gauge,2026-08-09 00:00:00,6.897,529.74,0.536,96.85,3.18,1.94,539.14,564.77,0.057,30.62,8.85,9.85,Active,Indian river gauge anchor + synthetic hydrological time series,SYNTHETIC_PROTOTYPE
IN-OBS-30-010,IN-G30,D034,R034,Gandak,Gandak Basin,Bihar,Patna,25.6,85.14,EPSG:4326,Gandak Gauge,2026-08-10 00:00:00,6.788,505.33,0.436,142.06,1.81,1.79,462.31,497.14,-0.027,-20.65,8.85,9.85,Active,Indian river gauge anchor + synthetic hydrological time series,SYNTHETIC_PROTOTYPE
IN-OBS-30-011,IN-G30,D034,R034,Gandak,Gandak Basin,Bihar,Patna,25.6,85.14,EPSG:4326,Gandak Gauge,2026-08-11 00:00:00,7.517,514.47,0.475,63.63,4.5,6.48,568.12,533.07,0.025,9.67,8.85,9.85,Active,Indian river gauge anchor + synthetic hydrological time series,SYNTHETIC_PROTOTYPE
IN-OBS-30-012,IN-G30,D034,R034,Gandak,Gandak Basin,Bihar,Patna,25.6,85.14,EPSG:4326,Gandak Gauge,2026-08-12 00:00:00,7.163,495.43,0.396,78.71,5.34,4.9,485.91,527.55,0.002,-26.66,8.85,9.85,Active,Indian river gauge anchor + synthetic hydrological time series,SYNTHETIC_PROTOTYPE
IN-OBS-30-013,IN-G30,D034,R034,Gandak,Gandak Basin,Bihar,Patna,25.6,85.14,EPSG:4326,Gandak Gauge,2026-08-13 00:00:00,7.173,472.46,0.751,70.41,3.54,2.79,459.56,465.94,0.112,-22.03,8.85,9.85,Active,Indian river gauge anchor + synthetic hydrological time series,SYNTHETIC_PROTOTYPE
IN-OBS-30-014,IN-G30,D034,R034,Gandak,Gandak Basin,Bihar,Patna,25.6,85.14,EPSG:4326,Gandak Gauge,2026-08-14 00:00:00,6.36,445.36,1.076,68.72,3.98,1.74,481.98,487.73,0.019,-20.1,8.85,9.85,Active,Indian river gauge anchor + synthetic hydrological time series,SYNTHETIC_PROTOTYPE
IN-OBS-31-001,IN-G31,D035,R035,Kosi,Kosi Basin,Bihar,Saharsa,25.88,86.6,EPSG:4326,Kosi Gauge,2026-08-01 00:00:00,3.227,113.39,0.489,103.64,4.43,8.65,99.43,92.44,-0.027,-7.04,4.97,5.97,Active,Indian river gauge anchor + synthetic hydrological time series,SYNTHETIC_PROTOTYPE
IN-OBS-31-002,IN-G31,D035,R035,Kosi,Kosi Basin,Bihar,Saharsa,25.88,86.6,EPSG:4326,Kosi Gauge,2026-08-02 00:00:00,3.125,55.8,0.346,93.87,4.29,5.51,41.46,67.26,0.003,-14.42,4.97,5.97,Active,Indian river gauge anchor + synthetic hydrological time series,SYNTHETIC_PROTOTYPE
IN-OBS-31-003,IN-G31,D035,R035,Kosi,Kosi Basin,Bihar,Saharsa,25.88,86.6,EPSG:4326,Kosi Gauge,2026-08-03 00:00:00,3.297,248.62,0.842,103.38,4.21,13.36,227.74,236.1,0.012,-14.13,4.97,5.97,Active,Indian river gauge anchor + synthetic hydrological time series,SYNTHETIC_PROTOTYPE
IN-OBS-31-004,IN-G31,D035,R035,Kosi,Kosi Basin,Bihar,Saharsa,25.88,86.6,EPSG:4326,Kosi Gauge,2026-08-04 00:00:00,2.626,40.63,0.71,123.18,3.14,2.7,27.16,2.54,-0.006,2.53,4.97,5.97,Active,Indian river gauge anchor + synthetic hydrological time series,SYNTHETIC_PROTOTYPE
IN-OBS-31-005,IN-G31,D035,R035,Kosi,Kosi Basin,Bihar,Saharsa,25.88,86.6,EPSG:4326,Kosi Gauge,2026-08-05 00:00:00,2.708,43.7,1.027,113.99,4.99,1.61,106.07,51.86,-0.01,19.02,4.97,5.97,Active,Indian river gauge anchor + synthetic hydrological time series,SYNTHETIC_PROTOTYPE
IN-OBS-31-006,IN-G31,D035,R035,Kosi,Kosi Basin,Bihar,Saharsa,25.88,86.6,EPSG:4326,Kosi Gauge,2026-08-06 00:00:00,3.388,62.32,0.749,71.41,3.46,3.44,65.12,33.2,0.131,23.8,4.97,5.97,Active,Indian river gauge anchor + synthetic hydrological time series,SYNTHETIC_PROTOTYPE
IN-OBS-31-007,IN-G31,D035,R035,Kosi,Kosi Basin,Bihar,Saharsa,25.88,86.6,EPSG:4326,Kosi Gauge,2026-08-07 00:00:00,2.916,34.33,0.721,133.93,2.71,0.82,63.46,30.1,0.099,1.26,4.97,5.97,Active,Indian river gauge anchor + synthetic hydrological time series,SYNTHETIC_PROTOTYPE
IN-OBS-31-008,IN-G31,D035,R035,Kosi,Kosi Basin,Bihar,Saharsa,25.88,86.6,EPSG:4326,Kosi Gauge,2026-08-08 00:00:00,2.89,139.92,0.675,122.66,3.01,9.35,118.77,140.73,0.007,-6.5,4.97,5.97,Active,Indian river gauge anchor + synthetic hydrological time series,SYNTHETIC_PROTOTYPE
IN-OBS-31-009,IN-G31,D035,R035,Kosi,Kosi Basin,Bihar,Saharsa,25.88,86.6,EPSG:4326,Kosi Gauge,2026-08-09 00:00:00,3.485,255.1,0.624,70.79,4.37,17.15,213.92,282.73,0.079,-0.42,4.97,5.97,Active,Indian river gauge anchor + synthetic hydrological time series,SYNTHETIC_PROTOTYPE
IN-OBS-31-010,IN-G31,D035,R035,Kosi,Kosi Basin,Bihar,Saharsa,25.88,86.6,EPSG:4326,Kosi Gauge,2026-08-10 00:00:00,3.391,50.69,1.198,107.73,3.84,1.8,33.79,55.8,0.055,-19.6,4.97,5.97,Active,Indian river gauge anchor + synthetic hydrological time series,SYNTHETIC_PROTOTYPE
IN-OBS-31-011,IN-G31,D035,R035,Kosi,Kosi Basin,Bihar,Saharsa,25.88,86.6,EPSG:4326,Kosi Gauge,2026-08-11 00:00:00,3.594,139.9,0.782,55.27,2.95,7.4,211.45,153.44,0.152,4.25,4.97,5.97,Active,Indian river gauge anchor + synthetic hydrological time series,SYNTHETIC_PROTOTYPE
IN-OBS-31-012,IN-G31,D035,R035,Kosi,Kosi Basin,Bihar,Saharsa,25.88,86.6,EPSG:4326,Kosi Gauge,2026-08-12 00:00:00,3.372,66.57,0.713,82.78,4.27,3.73,53.92,93.05,0.079,-19.32,4.97,5.97,Active,Indian river gauge anchor + synthetic hydrological time series,SYNTHETIC_PROTOTYPE
IN-OBS-31-013,IN-G31,D035,R035,Kosi,Kosi Basin,Bihar,Saharsa,25.88,86.6,EPSG:4326,Kosi Gauge,2026-08-13 00:00:00,2.822,158.89,1.368,78.15,2.36,9.47,199.66,169.96,-0.016,-2.56,4.97,5.97,Active,Indian river gauge anchor + synthetic hydrological time series,SYNTHETIC_PROTOTYPE
IN-OBS-31-014,IN-G31,D035,R035,Kosi,Kosi Basin,Bihar,Saharsa,25.88,86.6,EPSG:4326,Kosi Gauge,2026-08-14 00:00:00,2.604,144.19,0.553,57.03,3.37,13.41,168.93,128.95,0.097,9.51,4.97,5.97,Active,Indian river gauge anchor + synthetic hydrological time series,SYNTHETIC_PROTOTYPE
IN-OBS-32-001,IN-G32,D036,R036,Mahananda,Mahananda Basin,West Bengal,Siliguri,26.73,88.4,EPSG:4326,Mahananda Gauge,2026-08-01 00:00:00,4.53,466.89,0.754,150.5,4.36,9.42,499.66,470.08,0.186,3.78,5.79,6.79,Active,Indian river gauge anchor + synthetic hydrological time series,SYNTHETIC_PROTOTYPE
IN-OBS-32-002,IN-G32,D036,R036,Mahananda,Mahananda Basin,West Bengal,Siliguri,26.73,88.4,EPSG:4326,Mahananda Gauge,2026-08-02 00:00:00,4.416,374.04,0.554,81.93,3.07,1.54,303.89,314.82,-0.034,20.17,5.79,6.79,Active,Indian river gauge anchor + synthetic hydrological time series,SYNTHETIC_PROTOTYPE
IN-OBS-32-003,IN-G32,D036,R036,Mahananda,Mahananda Basin,West Bengal,Siliguri,26.73,88.4,EPSG:4326,Mahananda Gauge,2026-08-03 00:00:00,3.956,420.04,0.994,76.61,4.87,3.76,419.26,448.28,0.011,-21.02,5.79,6.79,Active,Indian river gauge anchor + synthetic hydrological time series,SYNTHETIC_PROTOTYPE
IN-OBS-32-004,IN-G32,D036,R036,Mahananda,Mahananda Basin,West Bengal,Siliguri,26.73,88.4,EPSG:4326,Mahananda Gauge,2026-08-04 00:00:00,3.11,440.77,0.801,99.21,3.99,3.05,391.57,454.96,0.053,16.71,5.79,6.79,Active,Indian river gauge anchor + synthetic hydrological time series,SYNTHETIC_PROTOTYPE
IN-OBS-32-005,IN-G32,D036,R036,Mahananda,Mahananda Basin,West Bengal,Siliguri,26.73,88.4,EPSG:4326,Mahananda Gauge,2026-08-05 00:00:00,4.412,411.86,0.66,107.12,3.32,1.84,436.42,447.63,-0.098,-5.46,5.79,6.79,Active,Indian river gauge anchor + synthetic hydrological time series,SYNTHETIC_PROTOTYPE
IN-OBS-32-006,IN-G32,D036,R036,Mahananda,Mahananda Basin,West Bengal,Siliguri,26.73,88.4,EPSG:4326,Mahananda Gauge,2026-08-06 00:00:00,3.478,463.08,0.791,68.51,5.31,5.58,505.26,450.17,0.256,17.79,5.79,6.79,Active,Indian river gauge anchor + synthetic hydrological time series,SYNTHETIC_PROTOTYPE
IN-OBS-32-007,IN-G32,D036,R036,Mahananda,Mahananda Basin,West Bengal,Siliguri,26.73,88.4,EPSG:4326,Mahananda Gauge,2026-08-07 00:00:00,3.42,435.73,0.544,92.89,3.29,3.66,441.08,493.62,0.14,6.45,5.79,6.79,Active,Indian river gauge anchor + synthetic hydrological time series,SYNTHETIC_PROTOTYPE
IN-OBS-32-008,IN-G32,D036,R036,Mahananda,Mahananda Basin,West Bengal,Siliguri,26.73,88.4,EPSG:4326,Mahananda Gauge,2026-08-08 00:00:00,4.454,490.17,0.695,87.22,4.43,7.39,485.74,496.76,0.002,8.14,5.79,6.79,Active,Indian river gauge anchor + synthetic hydrological time series,SYNTHETIC_PROTOTYPE
IN-OBS-32-009,IN-G32,D036,R036,Mahananda,Mahananda Basin,West Bengal,Siliguri,26.73,88.4,EPSG:4326,Mahananda Gauge,2026-08-09 00:00:00,4.155,519.32,0.74,127.65,2.52,9.37,556.88,515.37,0.001,16.06,5.79,6.79,Active,Indian river gauge anchor + synthetic hydrological time series,SYNTHETIC_PROTOTYPE
IN-OBS-32-010,IN-G32,D036,R036,Mahananda,Mahananda Basin,West Bengal,Siliguri,26.73,88.4,EPSG:4326,Mahananda Gauge,2026-08-10 00:00:00,3.932,439.38,0.589,86.81,3.74,7.83,516.83,446.69,0.08,-8.32,5.79,6.79,Active,Indian river gauge anchor + synthetic hydrological time series,SYNTHETIC_PROTOTYPE
IN-OBS-32-011,IN-G32,D036,R036,Mahananda,Mahananda Basin,West Bengal,Siliguri,26.73,88.4,EPSG:4326,Mahananda Gauge,2026-08-11 00:00:00,3.879,345.34,1.008,59.48,3.97,0.22,323.65,319.77,-0.09,9.04,5.79,6.79,Active,Indian river gauge anchor + synthetic hydrological time series,SYNTHETIC_PROTOTYPE
IN-OBS-32-012,IN-G32,D036,R036,Mahananda,Mahananda Basin,West Bengal,Siliguri,26.73,88.4,EPSG:4326,Mahananda Gauge,2026-08-12 00:00:00,3.617,531.31,0.729,64.31,5.07,15.09,502.92,520.15,0.163,-11.04,5.79,6.79,Active,Indian river gauge anchor + synthetic hydrological time series,SYNTHETIC_PROTOTYPE
IN-OBS-32-013,IN-G32,D036,R036,Mahananda,Mahananda Basin,West Bengal,Siliguri,26.73,88.4,EPSG:4326,Mahananda Gauge,2026-08-13 00:00:00,3.974,401.41,0.876,74.44,2.93,5.81,436.57,433.87,-0.09,-7.07,5.79,6.79,Active,Indian river gauge anchor + synthetic hydrological time series,SYNTHETIC_PROTOTYPE
IN-OBS-32-014,IN-G32,D036,R036,Mahananda,Mahananda Basin,West Bengal,Siliguri,26.73,88.4,EPSG:4326,Mahananda Gauge,2026-08-14 00:00:00,3.428,322.08,0.95,54.34,3.87,1.46,329.21,315.19,-0.064,-14.84,5.79,6.79,Active,Indian river gauge anchor + synthetic hydrological time series,SYNTHETIC_PROTOTYPE
IN-OBS-33-001,IN-G33,D037,R037,Teesta,Teesta Basin,West Bengal,Jalpaiguri,26.52,88.72,EPSG:4326,Teesta Gauge,2026-08-01 00:00:00,8.415,188.29,0.703,115.64,2.32,1.23,190.21,178.5,-0.037,-2.99,9.91,10.91,Active,Indian river gauge anchor + synthetic hydrological time series,SYNTHETIC_PROTOTYPE
IN-OBS-33-002,IN-G33,D037,R037,Teesta,Teesta Basin,West Bengal,Jalpaiguri,26.52,88.72,EPSG:4326,Teesta Gauge,2026-08-02 00:00:00,8.268,208.77,1.054,49.47,4.59,1.81,183.62,200.6,0.052,-15.33,9.91,10.91,Active,Indian river gauge anchor + synthetic hydrological time series,SYNTHETIC_PROTOTYPE
IN-OBS-33-003,IN-G33,D037,R037,Teesta,Teesta Basin,West Bengal,Jalpaiguri,26.52,88.72,EPSG:4326,Teesta Gauge,2026-08-03 00:00:00,8.108,206.1,0.935,137.73,4.8,2.22,207.2,211.87,-0.059,26.4,9.91,10.91,Active,Indian river gauge anchor + synthetic hydrological time series,SYNTHETIC_PROTOTYPE
IN-OBS-33-004,IN-G33,D037,R037,Teesta,Teesta Basin,West Bengal,Jalpaiguri,26.52,88.72,EPSG:4326,Teesta Gauge,2026-08-04 00:00:00,8.461,336.39,0.407,93.19,3.96,17.61,269.71,313.31,-0.015,16.28,9.91,10.91,Active,Indian river gauge anchor + synthetic hydrological time series,SYNTHETIC_PROTOTYPE
IN-OBS-33-005,IN-G33,D037,R037,Teesta,Teesta Basin,West Bengal,Jalpaiguri,26.52,88.72,EPSG:4326,Teesta Gauge,2026-08-05 00:00:00,7.469,209.51,0.987,92.24,3.81,1.47,223.12,228.52,0.046,1.9,9.91,10.91,Active,Indian river gauge anchor + synthetic hydrological time series,SYNTHETIC_PROTOTYPE
IN-OBS-33-006,IN-G33,D037,R037,Teesta,Teesta Basin,West Bengal,Jalpaiguri,26.52,88.72,EPSG:4326,Teesta Gauge,2026-08-06 00:00:00,8.132,286.44,0.623,123.29,4.59,9.07,209.11,282.71,-0.152,-7.08,9.91,10.91,Active,Indian river gauge anchor + synthetic hydrological time series,SYNTHETIC_PROTOTYPE
IN-OBS-33-007,IN-G33,D037,R037,Teesta,Teesta Basin,West Bengal,Jalpaiguri,26.52,88.72,EPSG:4326,Teesta Gauge,2026-08-07 00:00:00,8.147,258.59,0.783,88.54,3.7,3.76,211.34,269.99,-0.027,30.41,9.91,10.91,Active,Indian river gauge anchor + synthetic hydrological time series,SYNTHETIC_PROTOTYPE
IN-OBS-33-008,IN-G33,D037,R037,Teesta,Teesta Basin,West Bengal,Jalpaiguri,26.52,88.72,EPSG:4326,Teesta Gauge,2026-08-08 00:00:00,7.394,197.9,0.728,90.46,3.47,1.33,190.47,202.89,-0.098,-14.84,9.91,10.91,Active,Indian river gauge anchor + synthetic hydrological time series,SYNTHETIC_PROTOTYPE
IN-OBS-33-009,IN-G33,D037,R037,Teesta,Teesta Basin,West Bengal,Jalpaiguri,26.52,88.72,EPSG:4326,Teesta Gauge,2026-08-09 00:00:00,8.699,222.99,1.002,86.26,4.02,3.3,241.02,231.88,0.039,12.02,9.91,10.91,Active,Indian river gauge anchor + synthetic hydrological time series,SYNTHETIC_PROTOTYPE
IN-OBS-33-010,IN-G33,D037,R037,Teesta,Teesta Basin,West Bengal,Jalpaiguri,26.52,88.72,EPSG:4326,Teesta Gauge,2026-08-10 00:00:00,8.439,199.03,0.948,77.99,2.46,1.37,162.26,182.5,0.029,-6.98,9.91,10.91,Active,Indian river gauge anchor + synthetic hydrological time series,SYNTHETIC_PROTOTYPE
IN-OBS-33-011,IN-G33,D037,R037,Teesta,Teesta Basin,West Bengal,Jalpaiguri,26.52,88.72,EPSG:4326,Teesta Gauge,2026-08-11 00:00:00,8.415,197.09,0.683,106.98,4.62,2.57,219.28,217.56,0.108,-12.73,9.91,10.91,Active,Indian river gauge anchor + synthetic hydrological time series,SYNTHETIC_PROTOTYPE
IN-OBS-33-012,IN-G33,D037,R037,Teesta,Teesta Basin,West Bengal,Jalpaiguri,26.52,88.72,EPSG:4326,Teesta Gauge,2026-08-12 00:00:00,8.544,307.36,1.137,84.33,2.62,8.13,317.12,294.08,0.003,7.83,9.91,10.91,Active,Indian river gauge anchor + synthetic hydrological time series,SYNTHETIC_PROTOTYPE
IN-OBS-33-013,IN-G33,D037,R037,Teesta,Teesta Basin,West Bengal,Jalpaiguri,26.52,88.72,EPSG:4326,Teesta Gauge,2026-08-13 00:00:00,8.07,193.73,0.526,108.07,2.86,3.79,235.01,179.06,-0.198,-8.08,9.91,10.91,Active,Indian river gauge anchor + synthetic hydrological time series,SYNTHETIC_PROTOTYPE
IN-OBS-33-014,IN-G33,D037,R037,Teesta,Teesta Basin,West Bengal,Jalpaiguri,26.52,88.72,EPSG:4326,Teesta Gauge,2026-08-14 00:00:00,8.62,221.88,0.309,78.29,4.51,8.51,281.36,214.11,0.071,4.13,9.91,10.91,Active,Indian river gauge anchor + synthetic hydrological time series,SYNTHETIC_PROTOTYPE
IN-OBS-34-001,IN-G34,D045,R045,Ravi,Indus Basin,Punjab,Pathankot,32.43,75.65,EPSG:4326,Ravi Gauge,2026-08-01 00:00:00,4.164,271.01,0.526,73.5,2.47,3.97,319.29,272.84,0.051,-1.27,5.61,6.61,Active,Indian river gauge anchor + synthetic hydrological time series,SYNTHETIC_PROTOTYPE
IN-OBS-34-002,IN-G34,D045,R045,Ravi,Indus Basin,Punjab,Pathankot,32.43,75.65,EPSG:4326,Ravi Gauge,2026-08-02 00:00:00,3.736,252.53,0.879,71.68,3.92,3.84,194.59,226.77,0.096,8.94,5.61,6.61,Active,Indian river gauge anchor + synthetic hydrological time series,SYNTHETIC_PROTOTYPE
IN-OBS-34-003,IN-G34,D045,R045,Ravi,Indus Basin,Punjab,Pathankot,32.43,75.65,EPSG:4326,Ravi Gauge,2026-08-03 00:00:00,3.454,306.37,0.628,110.53,1.61,4.65,289.5,312.82,-0.118,-8.78,5.61,6.61,Active,Indian river gauge anchor + synthetic hydrological time series,SYNTHETIC_PROTOTYPE
IN-OBS-34-004,IN-G34,D045,R045,Ravi,Indus Basin,Punjab,Pathankot,32.43,75.65,EPSG:4326,Ravi Gauge,2026-08-04 00:00:00,3.585,398.61,0.581,66.35,2.67,13.14,382.94,344.17,0.034,-13.79,5.61,6.61,Active,Indian river gauge anchor + synthetic hydrological time series,SYNTHETIC_PROTOTYPE
IN-OBS-34-005,IN-G34,D045,R045,Ravi,Indus Basin,Punjab,Pathankot,32.43,75.65,EPSG:4326,Ravi Gauge,2026-08-05 00:00:00,4.358,340.0,0.862,41.95,2.94,15.09,296.43,336.74,-0.065,11.24,5.61,6.61,Active,Indian river gauge anchor + synthetic hydrological time series,SYNTHETIC_PROTOTYPE
IN-OBS-34-006,IN-G34,D045,R045,Ravi,Indus Basin,Punjab,Pathankot,32.43,75.65,EPSG:4326,Ravi Gauge,2026-08-06 00:00:00,4.222,364.7,0.829,116.55,2.62,8.01,396.76,365.52,0.014,-1.24,5.61,6.61,Active,Indian river gauge anchor + synthetic hydrological time series,SYNTHETIC_PROTOTYPE
IN-OBS-34-007,IN-G34,D045,R045,Ravi,Indus Basin,Punjab,Pathankot,32.43,75.65,EPSG:4326,Ravi Gauge,2026-08-07 00:00:00,4.22,279.31,0.805,91.88,2.95,7.19,275.78,332.37,0.03,18.72,5.61,6.61,Active,Indian river gauge anchor + synthetic hydrological time series,SYNTHETIC_PROTOTYPE
IN-OBS-34-008,IN-G34,D045,R045,Ravi,Indus Basin,Punjab,Pathankot,32.43,75.65,EPSG:4326,Ravi Gauge,2026-08-08 00:00:00,3.523,237.56,0.709,92.59,3.51,0.89,264.18,274.76,-0.036,-0.97,5.61,6.61,Active,Indian river gauge anchor + synthetic hydrological time series,SYNTHETIC_PROTOTYPE
IN-OBS-34-009,IN-G34,D045,R045,Ravi,Indus Basin,Punjab,Pathankot,32.43,75.65,EPSG:4326,Ravi Gauge,2026-08-09 00:00:00,2.974,241.4,0.92,139.68,4.11,3.01,206.32,306.91,-0.086,21.97,5.61,6.61,Active,Indian river gauge anchor + synthetic hydrological time series,SYNTHETIC_PROTOTYPE
IN-OBS-34-010,IN-G34,D045,R045,Ravi,Indus Basin,Punjab,Pathankot,32.43,75.65,EPSG:4326,Ravi Gauge,2026-08-10 00:00:00,4.086,265.4,1.162,71.05,2.77,3.68,249.5,303.38,0.075,-19.28,5.61,6.61,Active,Indian river gauge anchor + synthetic hydrological time series,SYNTHETIC_PROTOTYPE
IN-OBS-34-011,IN-G34,D045,R045,Ravi,Indus Basin,Punjab,Pathankot,32.43,75.65,EPSG:4326,Ravi Gauge,2026-08-11 00:00:00,4.02,248.9,0.842,114.41,3.86,8.06,288.56,226.95,-0.054,-12.41,5.61,6.61,Active,Indian river gauge anchor + synthetic hydrological time series,SYNTHETIC_PROTOTYPE
IN-OBS-34-012,IN-G34,D045,R045,Ravi,Indus Basin,Punjab,Pathankot,32.43,75.65,EPSG:4326,Ravi Gauge,2026-08-12 00:00:00,3.039,230.07,0.644,62.05,3.13,2.18,231.3,213.17,0.212,1.22,5.61,6.61,Active,Indian river gauge anchor + synthetic hydrological time series,SYNTHETIC_PROTOTYPE
IN-OBS-34-013,IN-G34,D045,R045,Ravi,Indus Basin,Punjab,Pathankot,32.43,75.65,EPSG:4326,Ravi Gauge,2026-08-13 00:00:00,3.163,205.43,0.301,92.91,1.35,1.45,233.59,142.1,-0.01,-4.58,5.61,6.61,Active,Indian river gauge anchor + synthetic hydrological time series,SYNTHETIC_PROTOTYPE
IN-OBS-34-014,IN-G34,D045,R045,Ravi,Indus Basin,Punjab,Pathankot,32.43,75.65,EPSG:4326,Ravi Gauge,2026-08-14 00:00:00,3.463,237.97,0.764,72.76,3.77,3.11,213.73,216.82,0.037,27.85,5.61,6.61,Active,Indian river gauge anchor + synthetic hydrological time series,SYNTHETIC_PROTOTYPE
IN-OBS-35-001,IN-G35,D038,R038,Beas,Indus Basin,Himachal Pradesh,Kangra,31.99,76.08,EPSG:4326,Beas Gauge,2026-08-01 00:00:00,4.927,223.14,0.814,100.18,1.94,12.3,216.89,230.71,0.069,-8.22,6.4,7.4,Active,Indian river gauge anchor + synthetic hydrological time series,SYNTHETIC_PROTOTYPE
IN-OBS-35-002,IN-G35,D038,R038,Beas,Indus Basin,Himachal Pradesh,Kangra,31.99,76.08,EPSG:4326,Beas Gauge,2026-08-02 00:00:00,5.248,201.71,0.458,100.33,3.16,8.24,225.72,228.47,0.041,7.48,6.4,7.4,Active,Indian river gauge anchor + synthetic hydrological time series,SYNTHETIC_PROTOTYPE
IN-OBS-35-003,IN-G35,D038,R038,Beas,Indus Basin,Himachal Pradesh,Kangra,31.99,76.08,EPSG:4326,Beas Gauge,2026-08-03 00:00:00,4.511,117.66,0.922,94.38,3.54,2.05,94.83,118.97,-0.023,-13.67,6.4,7.4,Active,Indian river gauge anchor + synthetic hydrological time series,SYNTHETIC_PROTOTYPE
IN-OBS-35-004,IN-G35,D038,R038,Beas,Indus Basin,Himachal Pradesh,Kangra,31.99,76.08,EPSG:4326,Beas Gauge,2026-08-04 00:00:00,4.996,217.77,0.844,101.74,2.75,8.43,203.95,234.99,0.205,-19.58,6.4,7.4,Active,Indian river gauge anchor + synthetic hydrological time series,SYNTHETIC_PROTOTYPE
IN-OBS-35-005,IN-G35,D038,R038,Beas,Indus Basin,Himachal Pradesh,Kangra,31.99,76.08,EPSG:4326,Beas Gauge,2026-08-05 00:00:00,4.789,124.31,0.495,69.06,4.51,1.19,146.03,92.86,-0.01,15.07,6.4,7.4,Active,Indian river gauge anchor + synthetic hydrological time series,SYNTHETIC_PROTOTYPE
IN-OBS-35-006,IN-G35,D038,R038,Beas,Indus Basin,Himachal Pradesh,Kangra,31.99,76.08,EPSG:4326,Beas Gauge,2026-08-06 00:00:00,4.776,230.55,1.091,103.77,3.96,10.18,220.34,254.2,0.006,22.98,6.4,7.4,Active,Indian river gauge anchor + synthetic hydrological time series,SYNTHETIC_PROTOTYPE
IN-OBS-35-007,IN-G35,D038,R038,Beas,Indus Basin,Himachal Pradesh,Kangra,31.99,76.08,EPSG:4326,Beas Gauge,2026-08-07 00:00:00,4.436,119.75,0.896,67.1,2.17,1.28,125.89,100.09,-0.125,-14.5,6.4,7.4,Active,Indian river gauge anchor + synthetic hydrological time series,SYNTHETIC_PROTOTYPE
IN-OBS-35-008,IN-G35,D038,R038,Beas,Indus Basin,Himachal Pradesh,Kangra,31.99,76.08,EPSG:4326,Beas Gauge,2026-08-08 00:00:00,4.873,144.46,0.933,108.36,2.86,3.56,141.56,136.14,-0.082,2.19,6.4,7.4,Active,Indian river gauge anchor + synthetic hydrological time series,SYNTHETIC_PROTOTYPE
IN-OBS-35-009,IN-G35,D038,R038,Beas,Indus Basin,Himachal Pradesh,Kangra,31.99,76.08,EPSG:4326,Beas Gauge,2026-08-09 00:00:00,4.599,186.37,0.59,62.62,3.55,6.12,170.98,204.9,0.004,-27.35,6.4,7.4,Active,Indian river gauge anchor + synthetic hydrological time series,SYNTHETIC_PROTOTYPE
IN-OBS-35-010,IN-G35,D038,R038,Beas,Indus Basin,Himachal Pradesh,Kangra,31.99,76.08,EPSG:4326,Beas Gauge,2026-08-10 00:00:00,4.741,166.88,0.586,65.09,2.29,8.35,138.57,193.39,-0.005,-8.58,6.4,7.4,Active,Indian river gauge anchor + synthetic hydrological time series,SYNTHETIC_PROTOTYPE
IN-OBS-35-011,IN-G35,D038,R038,Beas,Indus Basin,Himachal Pradesh,Kangra,31.99,76.08,EPSG:4326,Beas Gauge,2026-08-11 00:00:00,4.137,197.44,0.303,49.53,3.61,7.65,160.66,202.04,0.007,-16.19,6.4,7.4,Active,Indian river gauge anchor + synthetic hydrological time series,SYNTHETIC_PROTOTYPE
IN-OBS-35-012,IN-G35,D038,R038,Beas,Indus Basin,Himachal Pradesh,Kangra,31.99,76.08,EPSG:4326,Beas Gauge,2026-08-12 00:00:00,4.288,163.57,1.125,104.93,4.95,7.15,152.19,167.51,0.016,37.11,6.4,7.4,Active,Indian river gauge anchor + synthetic hydrological time series,SYNTHETIC_PROTOTYPE
IN-OBS-35-013,IN-G35,D038,R038,Beas,Indus Basin,Himachal Pradesh,Kangra,31.99,76.08,EPSG:4326,Beas Gauge,2026-08-13 00:00:00,4.92,106.13,1.085,105.1,4.59,2.76,162.49,102.51,0.097,0.21,6.4,7.4,Active,Indian river gauge anchor + synthetic hydrological time series,SYNTHETIC_PROTOTYPE
IN-OBS-35-014,IN-G35,D038,R038,Beas,Indus Basin,Himachal Pradesh,Kangra,31.99,76.08,EPSG:4326,Beas Gauge,2026-08-14 00:00:00,4.738,180.52,0.861,73.44,1.41,6.45,204.64,166.76,0.108,15.9,6.4,7.4,Active,Indian river gauge anchor + synthetic hydrological time series,SYNTHETIC_PROTOTYPE
IN-OBS-36-001,IN-G36,D003,R003,Sutlej,Indus Basin,Himachal Pradesh,Bilaspur,31.41,76.43,EPSG:4326,Sutlej Gauge,2026-08-01 00:00:00,6.504,382.36,0.818,104.5,0.68,1.21,365.82,381.59,-0.017,14.06,8.31,9.31,Active,Indian river gauge anchor + synthetic hydrological time series,SYNTHETIC_PROTOTYPE
IN-OBS-36-002,IN-G36,D003,R003,Sutlej,Indus Basin,Himachal Pradesh,Bilaspur,31.41,76.43,EPSG:4326,Sutlej Gauge,2026-08-02 00:00:00,6.541,421.65,0.646,119.81,4.01,1.93,442.78,428.08,0.007,-4.19,8.31,9.31,Active,Indian river gauge anchor + synthetic hydrological time series,SYNTHETIC_PROTOTYPE
IN-OBS-36-003,IN-G36,D003,R003,Sutlej,Indus Basin,Himachal Pradesh,Bilaspur,31.41,76.43,EPSG:4326,Sutlej Gauge,2026-08-03 00:00:00,6.458,491.89,0.758,135.42,1.89,10.5,495.88,499.22,-0.063,14.03,8.31,9.31,Active,Indian river gauge anchor + synthetic hydrological time series,SYNTHETIC_PROTOTYPE
IN-OBS-36-004,IN-G36,D003,R003,Sutlej,Indus Basin,Himachal Pradesh,Bilaspur,31.41,76.43,EPSG:4326,Sutlej Gauge,2026-08-04 00:00:00,6.182,465.31,0.783,147.85,3.08,4.03,431.62,480.31,0.059,3.92,8.31,9.31,Active,Indian river gauge anchor + synthetic hydrological time series,SYNTHETIC_PROTOTYPE
IN-OBS-36-005,IN-G36,D003,R003,Sutlej,Indus Basin,Himachal Pradesh,Bilaspur,31.41,76.43,EPSG:4326,Sutlej Gauge,2026-08-05 00:00:00,6.961,472.72,0.834,66.57,4.19,5.03,456.61,456.57,0.02,6.62,8.31,9.31,Active,Indian river gauge anchor + synthetic hydrological time series,SYNTHETIC_PROTOTYPE
IN-OBS-36-006,IN-G36,D003,R003,Sutlej,Indus Basin,Himachal Pradesh,Bilaspur,31.41,76.43,EPSG:4326,Sutlej Gauge,2026-08-06 00:00:00,7.099,592.18,0.637,85.62,2.2,11.23,590.81,613.38,-0.093,-9.03,8.31,9.31,Active,Indian river gauge anchor + synthetic hydrological time series,SYNTHETIC_PROTOTYPE
IN-OBS-36-007,IN-G36,D003,R003,Sutlej,Indus Basin,Himachal Pradesh,Bilaspur,31.41,76.43,EPSG:4326,Sutlej Gauge,2026-08-07 00:00:00,6.587,498.2,0.913,43.14,5.94,5.06,483.49,498.69,0.062,9.14,8.31,9.31,Active,Indian river gauge anchor + synthetic hydrological time series,SYNTHETIC_PROTOTYPE
IN-OBS-36-008,IN-G36,D003,R003,Sutlej,Indus Basin,Himachal Pradesh,Bilaspur,31.41,76.43,EPSG:4326,Sutlej Gauge,2026-08-08 00:00:00,6.072,409.96,0.665,94.94,3.0,0.73,428.79,379.7,-0.148,-19.67,8.31,9.31,Active,Indian river gauge anchor + synthetic hydrological time series,SYNTHETIC_PROTOTYPE
IN-OBS-36-009,IN-G36,D003,R003,Sutlej,Indus Basin,Himachal Pradesh,Bilaspur,31.41,76.43,EPSG:4326,Sutlej Gauge,2026-08-09 00:00:00,6.388,435.98,0.697,89.08,4.33,3.64,373.26,433.21,0.058,7.56,8.31,9.31,Active,Indian river gauge anchor + synthetic hydrological time series,SYNTHETIC_PROTOTYPE
IN-OBS-36-010,IN-G36,D003,R003,Sutlej,Indus Basin,Himachal Pradesh,Bilaspur,31.41,76.43,EPSG:4326,Sutlej Gauge,2026-08-10 00:00:00,6.739,507.34,0.996,71.51,5.12,10.33,451.9,474.29,0.037,-17.76,8.31,9.31,Active,Indian river gauge anchor + synthetic hydrological time series,SYNTHETIC_PROTOTYPE
IN-OBS-36-011,IN-G36,D003,R003,Sutlej,Indus Basin,Himachal Pradesh,Bilaspur,31.41,76.43,EPSG:4326,Sutlej Gauge,2026-08-11 00:00:00,6.209,428.15,0.585,93.71,3.47,5.67,396.7,416.25,0.033,-26.67,8.31,9.31,Active,Indian river gauge anchor + synthetic hydrological time series,SYNTHETIC_PROTOTYPE
IN-OBS-36-012,IN-G36,D003,R003,Sutlej,Indus Basin,Himachal Pradesh,Bilaspur,31.41,76.43,EPSG:4326,Sutlej Gauge,2026-08-12 00:00:00,6.666,497.6,0.83,86.69,3.8,9.49,477.18,485.48,-0.023,27.5,8.31,9.31,Active,Indian river gauge anchor + synthetic hydrological time series,SYNTHETIC_PROTOTYPE
IN-OBS-36-013,IN-G36,D003,R003,Sutlej,Indus Basin,Himachal Pradesh,Bilaspur,31.41,76.43,EPSG:4326,Sutlej Gauge,2026-08-13 00:00:00,6.227,374.17,0.757,76.49,2.2,3.96,433.14,411.11,0.065,9.99,8.31,9.31,Active,Indian river gauge anchor + synthetic hydrological time series,SYNTHETIC_PROTOTYPE
IN-OBS-36-014,IN-G36,D003,R003,Sutlej,Indus Basin,Himachal Pradesh,Bilaspur,31.41,76.43,EPSG:4326,Sutlej Gauge,2026-08-14 00:00:00,7.267,462.16,1.464,120.28,4.23,7.98,422.44,476.53,-0.087,-1.37,8.31,9.31,Active,Indian river gauge anchor + synthetic hydrological time series,SYNTHETIC_PROTOTYPE
IN-OBS-37-001,IN-G37,D043,R043,Chenab,Indus Basin,Jammu and Kashmir,Ramban,33.17,75.32,EPSG:4326,Chenab Gauge,2026-08-01 00:00:00,6.874,436.02,1.032,112.76,3.38,3.29,393.85,512.01,-0.064,-7.68,9.16,10.16,Active,Indian river gauge anchor + synthetic hydrological time series,SYNTHETIC_PROTOTYPE
IN-OBS-37-002,IN-G37,D043,R043,Chenab,Indus Basin,Jammu and Kashmir,Ramban,33.17,75.32,EPSG:4326,Chenab Gauge,2026-08-02 00:00:00,7.24,465.41,0.961,68.26,2.26,2.56,472.56,454.92,-0.077,1.95,9.16,10.16,Active,Indian river gauge anchor + synthetic hydrological time series,SYNTHETIC_PROTOTYPE
IN-OBS-37-003,IN-G37,D043,R043,Chenab,Indus Basin,Jammu and Kashmir,Ramban,33.17,75.32,EPSG:4326,Chenab Gauge,2026-08-03 00:00:00,8.097,455.19,0.793,109.49,1.04,0.51,430.14,466.49,0.027,-12.98,9.16,10.16,Active,Indian river gauge anchor + synthetic hydrological time series,SYNTHETIC_PROTOTYPE
IN-OBS-37-004,IN-G37,D043,R043,Chenab,Indus Basin,Jammu and Kashmir,Ramban,33.17,75.32,EPSG:4326,Chenab Gauge,2026-08-04 00:00:00,7.029,460.08,0.658,100.33,5.8,0.08,510.93,426.66,-0.019,-0.17,9.16,10.16,Active,Indian river gauge anchor + synthetic hydrological time series,SYNTHETIC_PROTOTYPE
IN-OBS-37-005,IN-G37,D043,R043,Chenab,Indus Basin,Jammu and Kashmir,Ramban,33.17,75.32,EPSG:4326,Chenab Gauge,2026-08-05 00:00:00,7.25,498.85,0.877,129.45,3.32,3.62,501.43,521.06,0.1,28.67,9.16,10.16,Active,Indian river gauge anchor + synthetic hydrological time series,SYNTHETIC_PROTOTYPE
IN-OBS-37-006,IN-G37,D043,R043,Chenab,Indus Basin,Jammu and Kashmir,Ramban,33.17,75.32,EPSG:4326,Chenab Gauge,2026-08-06 00:00:00,6.81,477.99,0.551,76.26,4.41,1.78,479.35,469.99,0.064,18.85,9.16,10.16,Active,Indian river gauge anchor + synthetic hydrological time series,SYNTHETIC_PROTOTYPE
IN-OBS-37-007,IN-G37,D043,R043,Chenab,Indus Basin,Jammu and Kashmir,Ramban,33.17,75.32,EPSG:4326,Chenab Gauge,2026-08-07 00:00:00,7.312,603.89,0.558,97.42,4.67,9.96,620.67,616.67,0.025,20.16,9.16,10.16,Active,Indian river gauge anchor + synthetic hydrological time series,SYNTHETIC_PROTOTYPE
IN-OBS-37-008,IN-G37,D043,R043,Chenab,Indus Basin,Jammu and Kashmir,Ramban,33.17,75.32,EPSG:4326,Chenab Gauge,2026-08-08 00:00:00,7.786,539.24,0.146,81.89,3.36,5.28,529.67,505.14,-0.059,-0.6,9.16,10.16,Active,Indian river gauge anchor + synthetic hydrological time series,SYNTHETIC_PROTOTYPE
IN-OBS-37-009,IN-G37,D043,R043,Chenab,Indus Basin,Jammu and Kashmir,Ramban,33.17,75.32,EPSG:4326,Chenab Gauge,2026-08-09 00:00:00,7.093,454.56,0.513,86.32,3.48,2.63,487.97,468.02,-0.129,-27.77,9.16,10.16,Active,Indian river gauge anchor + synthetic hydrological time series,SYNTHETIC_PROTOTYPE
IN-OBS-37-010,IN-G37,D043,R043,Chenab,Indus Basin,Jammu and Kashmir,Ramban,33.17,75.32,EPSG:4326,Chenab Gauge,2026-08-10 00:00:00,7.426,462.41,1.287,72.72,3.33,2.77,433.16,467.18,0.025,14.88,9.16,10.16,Active,Indian river gauge anchor + synthetic hydrological time series,SYNTHETIC_PROTOTYPE
IN-OBS-37-011,IN-G37,D043,R043,Chenab,Indus Basin,Jammu and Kashmir,Ramban,33.17,75.32,EPSG:4326,Chenab Gauge,2026-08-11 00:00:00,7.121,496.9,0.721,94.51,4.32,12.42,444.48,529.52,0.029,4.91,9.16,10.16,Active,Indian river gauge anchor + synthetic hydrological time series,SYNTHETIC_PROTOTYPE
IN-OBS-37-012,IN-G37,D043,R043,Chenab,Indus Basin,Jammu and Kashmir,Ramban,33.17,75.32,EPSG:4326,Chenab Gauge,2026-08-12 00:00:00,7.331,426.82,0.958,93.0,3.21,4.76,479.09,431.84,0.089,-4.81,9.16,10.16,Active,Indian river gauge anchor + synthetic hydrological time series,SYNTHETIC_PROTOTYPE
IN-OBS-37-013,IN-G37,D043,R043,Chenab,Indus Basin,Jammu and Kashmir,Ramban,33.17,75.32,EPSG:4326,Chenab Gauge,2026-08-13 00:00:00,7.144,436.7,0.58,115.0,4.83,5.86,434.43,435.01,0.046,-11.61,9.16,10.16,Active,Indian river gauge anchor + synthetic hydrological time series,SYNTHETIC_PROTOTYPE
IN-OBS-37-014,IN-G37,D043,R043,Chenab,Indus Basin,Jammu and Kashmir,Ramban,33.17,75.32,EPSG:4326,Chenab Gauge,2026-08-14 00:00:00,7.214,407.58,1.02,84.0,3.51,2.89,452.94,414.96,-0.025,-14.68,9.16,10.16,Active,Indian river gauge anchor + synthetic hydrological time series,SYNTHETIC_PROTOTYPE
IN-OBS-38-001,IN-G38,D042,R042,Jhelum,Indus Basin,Jammu and Kashmir,Srinagar,34.08,74.8,EPSG:4326,Jhelum Gauge,2026-08-01 00:00:00,7.42,300.32,0.898,76.0,6.46,4.77,339.67,287.71,-0.085,24.31,9.64,10.64,Active,Indian river gauge anchor + synthetic hydrological time series,SYNTHETIC_PROTOTYPE
IN-OBS-38-002,IN-G38,D042,R042,Jhelum,Indus Basin,Jammu and Kashmir,Srinagar,34.08,74.8,EPSG:4326,Jhelum Gauge,2026-08-02 00:00:00,7.739,379.78,0.694,67.95,2.78,8.16,388.74,376.37,-0.237,22.82,9.64,10.64,Active,Indian river gauge anchor + synthetic hydrological time series,SYNTHETIC_PROTOTYPE
IN-OBS-38-003,IN-G38,D042,R042,Jhelum,Indus Basin,Jammu and Kashmir,Srinagar,34.08,74.8,EPSG:4326,Jhelum Gauge,2026-08-03 00:00:00,7.999,291.6,0.874,91.16,3.51,2.51,298.21,294.62,-0.007,22.92,9.64,10.64,Active,Indian river gauge anchor + synthetic hydrological time series,SYNTHETIC_PROTOTYPE
IN-OBS-38-004,IN-G38,D042,R042,Jhelum,Indus Basin,Jammu and Kashmir,Srinagar,34.08,74.8,EPSG:4326,Jhelum Gauge,2026-08-04 00:00:00,8.306,294.35,1.271,124.37,3.16,7.7,343.62,294.79,-0.13,-15.96,9.64,10.64,Active,Indian river gauge anchor + synthetic hydrological time series,SYNTHETIC_PROTOTYPE
IN-OBS-38-005,IN-G38,D042,R042,Jhelum,Indus Basin,Jammu and Kashmir,Srinagar,34.08,74.8,EPSG:4326,Jhelum Gauge,2026-08-05 00:00:00,7.123,286.1,1.281,69.87,3.92,2.03,306.19,354.59,-0.13,1.44,9.64,10.64,Active,Indian river gauge anchor + synthetic hydrological time series,SYNTHETIC_PROTOTYPE
IN-OBS-38-006,IN-G38,D042,R042,Jhelum,Indus Basin,Jammu and Kashmir,Srinagar,34.08,74.8,EPSG:4326,Jhelum Gauge,2026-08-06 00:00:00,8.329,279.93,0.738,95.41,2.38,1.56,238.56,253.98,-0.012,19.46,9.64,10.64,Active,Indian river gauge anchor + synthetic hydrological time series,SYNTHETIC_PROTOTYPE
IN-OBS-38-007,IN-G38,D042,R042,Jhelum,Indus Basin,Jammu and Kashmir,Srinagar,34.08,74.8,EPSG:4326,Jhelum Gauge,2026-08-07 00:00:00,7.609,321.24,1.126,64.79,4.15,9.53,300.34,319.77,-0.019,-0.12,9.64,10.64,Active,Indian river gauge anchor + synthetic hydrological time series,SYNTHETIC_PROTOTYPE
IN-OBS-38-008,IN-G38,D042,R042,Jhelum,Indus Basin,Jammu and Kashmir,Srinagar,34.08,74.8,EPSG:4326,Jhelum Gauge,2026-08-08 00:00:00,7.275,262.1,1.08,117.11,3.16,0.75,263.47,267.23,0.07,-11.48,9.64,10.64,Active,Indian river gauge anchor + synthetic hydrological time series,SYNTHETIC_PROTOTYPE
IN-OBS-38-009,IN-G38,D042,R042,Jhelum,Indus Basin,Jammu and Kashmir,Srinagar,34.08,74.8,EPSG:4326,Jhelum Gauge,2026-08-09 00:00:00,7.827,349.28,0.708,75.78,2.04,18.58,386.88,338.35,-0.094,-6.97,9.64,10.64,Active,Indian river gauge anchor + synthetic hydrological time series,SYNTHETIC_PROTOTYPE
IN-OBS-38-010,IN-G38,D042,R042,Jhelum,Indus Basin,Jammu and Kashmir,Srinagar,34.08,74.8,EPSG:4326,Jhelum Gauge,2026-08-10 00:00:00,8.07,288.56,0.653,90.02,5.27,3.49,304.24,284.79,-0.081,-6.94,9.64,10.64,Active,Indian river gauge anchor + synthetic hydrological time series,SYNTHETIC_PROTOTYPE
IN-OBS-38-011,IN-G38,D042,R042,Jhelum,Indus Basin,Jammu and Kashmir,Srinagar,34.08,74.8,EPSG:4326,Jhelum Gauge,2026-08-11 00:00:00,7.846,235.79,0.932,75.15,3.47,1.59,258.39,278.95,0.016,20.39,9.64,10.64,Active,Indian river gauge anchor + synthetic hydrological time series,SYNTHETIC_PROTOTYPE
IN-OBS-38-012,IN-G38,D042,R042,Jhelum,Indus Basin,Jammu and Kashmir,Srinagar,34.08,74.8,EPSG:4326,Jhelum Gauge,2026-08-12 00:00:00,7.523,297.63,0.687,117.64,4.27,5.75,315.01,293.74,0.116,-24.35,9.64,10.64,Active,Indian river gauge anchor + synthetic hydrological time series,SYNTHETIC_PROTOTYPE
IN-OBS-38-013,IN-G38,D042,R042,Jhelum,Indus Basin,Jammu and Kashmir,Srinagar,34.08,74.8,EPSG:4326,Jhelum Gauge,2026-08-13 00:00:00,7.216,250.98,1.108,106.72,1.1,6.61,304.9,265.74,-0.085,-8.51,9.64,10.64,Active,Indian river gauge anchor + synthetic hydrological time series,SYNTHETIC_PROTOTYPE
IN-OBS-38-014,IN-G38,D042,R042,Jhelum,Indus Basin,Jammu and Kashmir,Srinagar,34.08,74.8,EPSG:4326,Jhelum Gauge,2026-08-14 00:00:00,7.87,267.9,0.686,95.69,4.03,5.45,252.42,267.0,0.19,1.6,9.64,10.64,Active,Indian river gauge anchor + synthetic hydrological time series,SYNTHETIC_PROTOTYPE
IN-OBS-39-001,IN-G39,D006,R006,Tungabhadra,Krishna Basin,Karnataka,Vijayanagara,15.27,76.34,EPSG:4326,Tungabhadra Gauge,2026-08-01 00:00:00,5.639,117.18,0.684,107.59,1.61,5.8,143.31,86.72,-0.159,-7.33,7.27,8.27,Active,Indian river gauge anchor + synthetic hydrological time series,SYNTHETIC_PROTOTYPE
IN-OBS-39-002,IN-G39,D006,R006,Tungabhadra,Krishna Basin,Karnataka,Vijayanagara,15.27,76.34,EPSG:4326,Tungabhadra Gauge,2026-08-02 00:00:00,5.558,105.09,0.697,121.79,3.93,2.45,56.57,114.04,-0.07,6.09,7.27,8.27,Active,Indian river gauge anchor + synthetic hydrological time series,SYNTHETIC_PROTOTYPE
IN-OBS-39-003,IN-G39,D006,R006,Tungabhadra,Krishna Basin,Karnataka,Vijayanagara,15.27,76.34,EPSG:4326,Tungabhadra Gauge,2026-08-03 00:00:00,4.76,77.85,0.557,136.42,1.47,0.09,132.43,77.82,0.007,-34.84,7.27,8.27,Active,Indian river gauge anchor + synthetic hydrological time series,SYNTHETIC_PROTOTYPE
IN-OBS-39-004,IN-G39,D006,R006,Tungabhadra,Krishna Basin,Karnataka,Vijayanagara,15.27,76.34,EPSG:4326,Tungabhadra Gauge,2026-08-04 00:00:00,5.575,94.62,0.631,110.83,3.91,1.23,138.3,92.1,-0.067,4.12,7.27,8.27,Active,Indian river gauge anchor + synthetic hydrological time series,SYNTHETIC_PROTOTYPE
IN-OBS-39-005,IN-G39,D006,R006,Tungabhadra,Krishna Basin,Karnataka,Vijayanagara,15.27,76.34,EPSG:4326,Tungabhadra Gauge,2026-08-05 00:00:00,5.435,100.35,0.736,126.12,2.79,1.66,107.05,121.41,0.042,-20.61,7.27,8.27,Active,Indian river gauge anchor + synthetic hydrological time series,SYNTHETIC_PROTOTYPE
IN-OBS-39-006,IN-G39,D006,R006,Tungabhadra,Krishna Basin,Karnataka,Vijayanagara,15.27,76.34,EPSG:4326,Tungabhadra Gauge,2026-08-06 00:00:00,5.317,142.62,0.445,99.97,4.42,4.96,90.34,113.9,0.034,15.07,7.27,8.27,Active,Indian river gauge anchor + synthetic hydrological time series,SYNTHETIC_PROTOTYPE
IN-OBS-39-007,IN-G39,D006,R006,Tungabhadra,Krishna Basin,Karnataka,Vijayanagara,15.27,76.34,EPSG:4326,Tungabhadra Gauge,2026-08-07 00:00:00,4.544,96.05,1.043,62.25,4.7,1.9,93.02,105.66,0.076,-11.8,7.27,8.27,Active,Indian river gauge anchor + synthetic hydrological time series,SYNTHETIC_PROTOTYPE
IN-OBS-39-008,IN-G39,D006,R006,Tungabhadra,Krishna Basin,Karnataka,Vijayanagara,15.27,76.34,EPSG:4326,Tungabhadra Gauge,2026-08-08 00:00:00,5.165,147.17,0.431,43.74,3.65,4.19,112.91,119.52,-0.033,3.72,7.27,8.27,Active,Indian river gauge anchor + synthetic hydrological time series,SYNTHETIC_PROTOTYPE
IN-OBS-39-009,IN-G39,D006,R006,Tungabhadra,Krishna Basin,Karnataka,Vijayanagara,15.27,76.34,EPSG:4326,Tungabhadra Gauge,2026-08-09 00:00:00,5.371,81.25,1.025,88.1,5.11,0.61,38.3,103.38,0.002,-11.07,7.27,8.27,Active,Indian river gauge anchor + synthetic hydrological time series,SYNTHETIC_PROTOTYPE
IN-OBS-39-010,IN-G39,D006,R006,Tungabhadra,Krishna Basin,Karnataka,Vijayanagara,15.27,76.34,EPSG:4326,Tungabhadra Gauge,2026-08-10 00:00:00,5.654,131.41,0.776,93.05,4.37,5.01,137.36,137.14,-0.079,34.16,7.27,8.27,Active,Indian river gauge anchor + synthetic hydrological time series,SYNTHETIC_PROTOTYPE
IN-OBS-39-011,IN-G39,D006,R006,Tungabhadra,Krishna Basin,Karnataka,Vijayanagara,15.27,76.34,EPSG:4326,Tungabhadra Gauge,2026-08-11 00:00:00,5.45,80.3,0.975,123.44,3.49,1.37,106.43,111.22,0.003,-18.54,7.27,8.27,Active,Indian river gauge anchor + synthetic hydrological time series,SYNTHETIC_PROTOTYPE
IN-OBS-39-012,IN-G39,D006,R006,Tungabhadra,Krishna Basin,Karnataka,Vijayanagara,15.27,76.34,EPSG:4326,Tungabhadra Gauge,2026-08-12 00:00:00,5.055,133.94,0.774,126.29,1.86,9.74,141.73,137.97,-0.122,-3.48,7.27,8.27,Active,Indian river gauge anchor + synthetic hydrological time series,SYNTHETIC_PROTOTYPE
IN-OBS-39-013,IN-G39,D006,R006,Tungabhadra,Krishna Basin,Karnataka,Vijayanagara,15.27,76.34,EPSG:4326,Tungabhadra Gauge,2026-08-13 00:00:00,5.564,89.02,1.161,134.5,5.46,1.89,69.39,75.56,-0.047,17.4,7.27,8.27,Active,Indian river gauge anchor + synthetic hydrological time series,SYNTHETIC_PROTOTYPE
IN-OBS-39-014,IN-G39,D006,R006,Tungabhadra,Krishna Basin,Karnataka,Vijayanagara,15.27,76.34,EPSG:4326,Tungabhadra Gauge,2026-08-14 00:00:00,5.314,67.01,0.845,43.43,2.38,0.25,52.85,48.15,-0.021,11.52,7.27,8.27,Active,Indian river gauge anchor + synthetic hydrological time series,SYNTHETIC_PROTOTYPE
IN-OBS-40-001,IN-G40,D050,R050,Bhima,Krishna Basin,Maharashtra,Solapur,17.67,75.91,EPSG:4326,Bhima Gauge,2026-08-01 00:00:00,4.204,329.23,1.318,74.46,2.3,4.29,296.66,357.87,-0.014,15.5,5.59,6.59,Active,Indian river gauge anchor + synthetic hydrological time series,SYNTHETIC_PROTOTYPE
IN-OBS-40-002,IN-G40,D050,R050,Bhima,Krishna Basin,Maharashtra,Solapur,17.67,75.91,EPSG:4326,Bhima Gauge,2026-08-02 00:00:00,3.974,395.64,1.185,152.13,3.37,7.82,375.12,422.76,-0.005,4.67,5.59,6.59,Active,Indian river gauge anchor + synthetic hydrological time series,SYNTHETIC_PROTOTYPE
IN-OBS-40-003,IN-G40,D050,R050,Bhima,Krishna Basin,Maharashtra,Solapur,17.67,75.91,EPSG:4326,Bhima Gauge,2026-08-03 00:00:00,3.726,419.27,0.843,35.36,3.88,7.76,448.02,435.72,-0.022,-9.42,5.59,6.59,Active,Indian river gauge anchor + synthetic hydrological time series,SYNTHETIC_PROTOTYPE
IN-OBS-40-004,IN-G40,D050,R050,Bhima,Krishna Basin,Maharashtra,Solapur,17.67,75.91,EPSG:4326,Bhima Gauge,2026-08-04 00:00:00,3.523,331.52,0.953,63.19,2.61,0.57,391.94,333.7,0.059,6.68,5.59,6.59,Active,Indian river gauge anchor + synthetic hydrological time series,SYNTHETIC_PROTOTYPE
IN-OBS-40-005,IN-G40,D050,R050,Bhima,Krishna Basin,Maharashtra,Solapur,17.67,75.91,EPSG:4326,Bhima Gauge,2026-08-05 00:00:00,3.439,384.82,0.767,98.73,4.3,4.48,288.55,379.0,-0.013,-4.4,5.59,6.59,Active,Indian river gauge anchor + synthetic hydrological time series,SYNTHETIC_PROTOTYPE
IN-OBS-40-006,IN-G40,D050,R050,Bhima,Krishna Basin,Maharashtra,Solapur,17.67,75.91,EPSG:4326,Bhima Gauge,2026-08-06 00:00:00,3.456,408.17,0.502,82.46,3.26,8.27,373.07,353.58,-0.049,8.03,5.59,6.59,Active,Indian river gauge anchor + synthetic hydrological time series,SYNTHETIC_PROTOTYPE
IN-OBS-40-007,IN-G40,D050,R050,Bhima,Krishna Basin,Maharashtra,Solapur,17.67,75.91,EPSG:4326,Bhima Gauge,2026-08-07 00:00:00,3.777,597.74,0.526,106.98,3.1,20.11,587.49,603.69,0.135,-19.71,5.59,6.59,Active,Indian river gauge anchor + synthetic hydrological time series,SYNTHETIC_PROTOTYPE
IN-OBS-40-008,IN-G40,D050,R050,Bhima,Krishna Basin,Maharashtra,Solapur,17.67,75.91,EPSG:4326,Bhima Gauge,2026-08-08 00:00:00,4.455,486.07,0.824,46.71,3.36,15.04,515.83,500.91,0.097,-7.99,5.59,6.59,Active,Indian river gauge anchor + synthetic hydrological time series,SYNTHETIC_PROTOTYPE
IN-OBS-40-009,IN-G40,D050,R050,Bhima,Krishna Basin,Maharashtra,Solapur,17.67,75.91,EPSG:4326,Bhima Gauge,2026-08-09 00:00:00,3.631,363.38,0.936,150.07,2.94,4.3,363.23,340.58,-0.056,29.79,5.59,6.59,Active,Indian river gauge anchor + synthetic hydrological time series,SYNTHETIC_PROTOTYPE
IN-OBS-40-010,IN-G40,D050,R050,Bhima,Krishna Basin,Maharashtra,Solapur,17.67,75.91,EPSG:4326,Bhima Gauge,2026-08-10 00:00:00,3.87,331.77,0.653,42.05,3.61,3.1,275.59,311.71,0.072,-3.99,5.59,6.59,Active,Indian river gauge anchor + synthetic hydrological time series,SYNTHETIC_PROTOTYPE
IN-OBS-40-011,IN-G40,D050,R050,Bhima,Krishna Basin,Maharashtra,Solapur,17.67,75.91,EPSG:4326,Bhima Gauge,2026-08-11 00:00:00,4.571,372.27,1.108,95.18,4.73,12.28,339.61,350.83,-0.059,-22.06,5.59,6.59,Active,Indian river gauge anchor + synthetic hydrological time series,SYNTHETIC_PROTOTYPE
IN-OBS-40-012,IN-G40,D050,R050,Bhima,Krishna Basin,Maharashtra,Solapur,17.67,75.91,EPSG:4326,Bhima Gauge,2026-08-12 00:00:00,4.48,292.92,0.961,135.54,0.83,1.66,282.43,289.74,-0.087,16.19,5.59,6.59,Active,Indian river gauge anchor + synthetic hydrological time series,SYNTHETIC_PROTOTYPE
IN-OBS-40-013,IN-G40,D050,R050,Bhima,Krishna Basin,Maharashtra,Solapur,17.67,75.91,EPSG:4326,Bhima Gauge,2026-08-13 00:00:00,4.172,292.28,0.366,115.58,3.85,1.68,292.35,281.28,0.146,-7.25,5.59,6.59,Active,Indian river gauge anchor + synthetic hydrological time series,SYNTHETIC_PROTOTYPE
IN-OBS-40-014,IN-G40,D050,R050,Bhima,Krishna Basin,Maharashtra,Solapur,17.67,75.91,EPSG:4326,Bhima Gauge,2026-08-14 00:00:00,3.326,314.95,1.014,85.69,5.1,3.08,364.98,313.4,-0.095,-3.52,5.59,6.59,Active,Indian river gauge anchor + synthetic hydrological time series,SYNTHETIC_PROTOTYPE
IN-OBS-41-001,IN-G41,D005,R005,Manjira,Godavari Basin,Telangana,Nizamabad,18.67,78.1,EPSG:4326,Manjira Gauge,2026-08-01 00:00:00,6.82,178.79,0.645,133.52,3.9,10.38,195.35,185.36,0.067,1.47,9.34,10.34,Active,Indian river gauge anchor + synthetic hydrological time series,SYNTHETIC_PROTOTYPE
IN-OBS-41-002,IN-G41,D005,R005,Manjira,Godavari Basin,Telangana,Nizamabad,18.67,78.1,EPSG:4326,Manjira Gauge,2026-08-02 00:00:00,7.475,71.3,0.806,140.67,3.1,2.01,35.22,65.02,-0.049,-0.68,9.34,10.34,Active,Indian river gauge anchor + synthetic hydrological time series,SYNTHETIC_PROTOTYPE
IN-OBS-41-003,IN-G41,D005,R005,Manjira,Godavari Basin,Telangana,Nizamabad,18.67,78.1,EPSG:4326,Manjira Gauge,2026-08-03 00:00:00,6.95,79.58,0.549,113.05,4.36,1.89,116.68,72.8,-0.014,9.75,9.34,10.34,Active,Indian river gauge anchor + synthetic hydrological time series,SYNTHETIC_PROTOTYPE
IN-OBS-41-004,IN-G41,D005,R005,Manjira,Godavari Basin,Telangana,Nizamabad,18.67,78.1,EPSG:4326,Manjira Gauge,2026-08-04 00:00:00,7.497,105.03,0.45,78.71,4.79,7.73,86.66,84.06,-0.095,-1.58,9.34,10.34,Active,Indian river gauge anchor + synthetic hydrological time series,SYNTHETIC_PROTOTYPE
IN-OBS-41-005,IN-G41,D005,R005,Manjira,Godavari Basin,Telangana,Nizamabad,18.67,78.1,EPSG:4326,Manjira Gauge,2026-08-05 00:00:00,6.996,61.76,0.526,91.47,3.56,0.22,54.15,54.27,0.139,13.54,9.34,10.34,Active,Indian river gauge anchor + synthetic hydrological time series,SYNTHETIC_PROTOTYPE
IN-OBS-41-006,IN-G41,D005,R005,Manjira,Godavari Basin,Telangana,Nizamabad,18.67,78.1,EPSG:4326,Manjira Gauge,2026-08-06 00:00:00,7.431,207.31,0.684,113.87,4.16,8.31,181.7,222.68,0.011,19.37,9.34,10.34,Active,Indian river gauge anchor + synthetic hydrological time series,SYNTHETIC_PROTOTYPE
IN-OBS-41-007,IN-G41,D005,R005,Manjira,Godavari Basin,Telangana,Nizamabad,18.67,78.1,EPSG:4326,Manjira Gauge,2026-08-07 00:00:00,7.029,62.15,0.924,73.09,2.88,0.52,70.72,32.43,0.003,9.62,9.34,10.34,Active,Indian river gauge anchor + synthetic hydrological time series,SYNTHETIC_PROTOTYPE
IN-OBS-41-008,IN-G41,D005,R005,Manjira,Godavari Basin,Telangana,Nizamabad,18.67,78.1,EPSG:4326,Manjira Gauge,2026-08-08 00:00:00,7.366,64.74,1.031,91.41,3.3,1.01,40.91,42.62,0.002,1.82,9.34,10.34,Active,Indian river gauge anchor + synthetic hydrological time series,SYNTHETIC_PROTOTYPE
IN-OBS-41-009,IN-G41,D005,R005,Manjira,Godavari Basin,Telangana,Nizamabad,18.67,78.1,EPSG:4326,Manjira Gauge,2026-08-09 00:00:00,7.633,130.84,0.817,109.68,4.66,6.52,147.68,115.84,-0.111,-2.58,9.34,10.34,Active,Indian river gauge anchor + synthetic hydrological time series,SYNTHETIC_PROTOTYPE
IN-OBS-41-010,IN-G41,D005,R005,Manjira,Godavari Basin,Telangana,Nizamabad,18.67,78.1,EPSG:4326,Manjira Gauge,2026-08-10 00:00:00,7.782,89.41,1.032,93.05,3.66,3.66,106.32,82.14,0.164,15.58,9.34,10.34,Active,Indian river gauge anchor + synthetic hydrological time series,SYNTHETIC_PROTOTYPE
IN-OBS-41-011,IN-G41,D005,R005,Manjira,Godavari Basin,Telangana,Nizamabad,18.67,78.1,EPSG:4326,Manjira Gauge,2026-08-11 00:00:00,7.607,147.64,0.571,115.31,4.7,6.58,183.12,136.75,0.008,-9.49,9.34,10.34,Active,Indian river gauge anchor + synthetic hydrological time series,SYNTHETIC_PROTOTYPE
IN-OBS-41-012,IN-G41,D005,R005,Manjira,Godavari Basin,Telangana,Nizamabad,18.67,78.1,EPSG:4326,Manjira Gauge,2026-08-12 00:00:00,7.808,58.43,1.493,83.17,3.64,0.54,17.18,79.9,-0.047,-2.81,9.34,10.34,Active,Indian river gauge anchor + synthetic hydrological time series,SYNTHETIC_PROTOTYPE
IN-OBS-41-013,IN-G41,D005,R005,Manjira,Godavari Basin,Telangana,Nizamabad,18.67,78.1,EPSG:4326,Manjira Gauge,2026-08-13 00:00:00,7.351,248.39,0.658,67.87,3.26,11.83,235.06,236.55,-0.037,3.65,9.34,10.34,Active,Indian river gauge anchor + synthetic hydrological time series,SYNTHETIC_PROTOTYPE
IN-OBS-41-014,IN-G41,D005,R005,Manjira,Godavari Basin,Telangana,Nizamabad,18.67,78.1,EPSG:4326,Manjira Gauge,2026-08-14 00:00:00,7.968,203.35,0.995,89.08,4.41,9.78,163.57,202.26,-0.105,7.6,9.34,10.34,Active,Indian river gauge anchor + synthetic hydrological time series,SYNTHETIC_PROTOTYPE
IN-OBS-42-001,IN-G42,D013,R013,Wainganga,Godavari Basin,Maharashtra,Bhandara,21.17,79.65,EPSG:4326,Wainganga Gauge,2026-08-01 00:00:00,5.56,275.25,0.82,123.17,4.17,11.63,271.08,265.77,0.056,-1.16,6.77,7.77,Active,Indian river gauge anchor + synthetic hydrological time series,SYNTHETIC_PROTOTYPE
IN-OBS-42-002,IN-G42,D013,R013,Wainganga,Godavari Basin,Maharashtra,Bhandara,21.17,79.65,EPSG:4326,Wainganga Gauge,2026-08-02 00:00:00,4.823,267.04,1.072,78.29,4.04,8.1,282.25,321.12,-0.048,-10.54,6.77,7.77,Active,Indian river gauge anchor + synthetic hydrological time series,SYNTHETIC_PROTOTYPE
IN-OBS-42-003,IN-G42,D013,R013,Wainganga,Godavari Basin,Maharashtra,Bhandara,21.17,79.65,EPSG:4326,Wainganga Gauge,2026-08-03 00:00:00,4.987,164.71,0.378,98.67,3.15,1.93,164.49,146.52,0.076,-3.1,6.77,7.77,Active,Indian river gauge anchor + synthetic hydrological time series,SYNTHETIC_PROTOTYPE
IN-OBS-42-004,IN-G42,D013,R013,Wainganga,Godavari Basin,Maharashtra,Bhandara,21.17,79.65,EPSG:4326,Wainganga Gauge,2026-08-04 00:00:00,5.64,160.29,1.101,98.95,5.12,2.57,129.9,137.03,-0.111,-24.47,6.77,7.77,Active,Indian river gauge anchor + synthetic hydrological time series,SYNTHETIC_PROTOTYPE
IN-OBS-42-005,IN-G42,D013,R013,Wainganga,Godavari Basin,Maharashtra,Bhandara,21.17,79.65,EPSG:4326,Wainganga Gauge,2026-08-05 00:00:00,4.435,185.72,0.556,90.15,4.2,3.36,158.05,206.01,0.191,-5.36,6.77,7.77,Active,Indian river gauge anchor + synthetic hydrological time series,SYNTHETIC_PROTOTYPE
IN-OBS-42-006,IN-G42,D013,R013,Wainganga,Godavari Basin,Maharashtra,Bhandara,21.17,79.65,EPSG:4326,Wainganga Gauge,2026-08-06 00:00:00,4.861,158.74,0.774,125.14,3.75,1.43,141.81,177.18,0.15,36.88,6.77,7.77,Active,Indian river gauge anchor + synthetic hydrological time series,SYNTHETIC_PROTOTYPE
IN-OBS-42-007,IN-G42,D013,R013,Wainganga,Godavari Basin,Maharashtra,Bhandara,21.17,79.65,EPSG:4326,Wainganga Gauge,2026-08-07 00:00:00,4.779,150.68,0.744,101.56,3.56,2.6,142.97,145.24,0.13,8.79,6.77,7.77,Active,Indian river gauge anchor + synthetic hydrological time series,SYNTHETIC_PROTOTYPE
IN-OBS-42-008,IN-G42,D013,R013,Wainganga,Godavari Basin,Maharashtra,Bhandara,21.17,79.65,EPSG:4326,Wainganga Gauge,2026-08-08 00:00:00,4.908,271.08,0.707,68.79,4.14,10.22,300.59,307.18,-0.113,16.7,6.77,7.77,Active,Indian river gauge anchor + synthetic hydrological time series,SYNTHETIC_PROTOTYPE
IN-OBS-42-009,IN-G42,D013,R013,Wainganga,Godavari Basin,Maharashtra,Bhandara,21.17,79.65,EPSG:4326,Wainganga Gauge,2026-08-09 00:00:00,4.718,192.18,0.579,67.11,1.99,4.79,199.18,194.42,-0.045,23.06,6.77,7.77,Active,Indian river gauge anchor + synthetic hydrological time series,SYNTHETIC_PROTOTYPE
IN-OBS-42-010,IN-G42,D013,R013,Wainganga,Godavari Basin,Maharashtra,Bhandara,21.17,79.65,EPSG:4326,Wainganga Gauge,2026-08-10 00:00:00,5.068,158.79,0.725,73.42,3.51,4.26,174.98,176.71,0.057,2.58,6.77,7.77,Active,Indian river gauge anchor + synthetic hydrological time series,SYNTHETIC_PROTOTYPE
IN-OBS-42-011,IN-G42,D013,R013,Wainganga,Godavari Basin,Maharashtra,Bhandara,21.17,79.65,EPSG:4326,Wainganga Gauge,2026-08-11 00:00:00,5.218,180.61,0.258,87.27,3.61,7.51,169.23,179.36,-0.041,-4.36,6.77,7.77,Active,Indian river gauge anchor + synthetic hydrological time series,SYNTHETIC_PROTOTYPE
IN-OBS-42-012,IN-G42,D013,R013,Wainganga,Godavari Basin,Maharashtra,Bhandara,21.17,79.65,EPSG:4326,Wainganga Gauge,2026-08-12 00:00:00,5.23,278.58,1.06,87.63,4.5,16.73,255.95,288.56,-0.166,-8.27,6.77,7.77,Active,Indian river gauge anchor + synthetic hydrological time series,SYNTHETIC_PROTOTYPE
IN-OBS-42-013,IN-G42,D013,R013,Wainganga,Godavari Basin,Maharashtra,Bhandara,21.17,79.65,EPSG:4326,Wainganga Gauge,2026-08-13 00:00:00,5.136,152.9,0.74,131.63,2.0,3.87,162.06,184.23,-0.022,-11.86,6.77,7.77,Active,Indian river gauge anchor + synthetic hydrological time series,SYNTHETIC_PROTOTYPE
IN-OBS-42-014,IN-G42,D013,R013,Wainganga,Godavari Basin,Maharashtra,Bhandara,21.17,79.65,EPSG:4326,Wainganga Gauge,2026-08-14 00:00:00,4.947,115.6,1.009,83.26,2.01,0.81,147.11,115.39,-0.011,-11.67,6.77,7.77,Active,Indian river gauge anchor + synthetic hydrological time series,SYNTHETIC_PROTOTYPE
IN-OBS-43-001,IN-G43,D013,R013,Wardha,Godavari Basin,Maharashtra,Wardha,20.75,78.6,EPSG:4326,Wardha Gauge,2026-08-01 00:00:00,6.55,115.23,0.805,127.89,4.27,5.44,172.13,143.31,-0.084,-10.83,8.25,9.25,Active,Indian river gauge anchor + synthetic hydrological time series,SYNTHETIC_PROTOTYPE
IN-OBS-43-002,IN-G43,D013,R013,Wardha,Godavari Basin,Maharashtra,Wardha,20.75,78.6,EPSG:4326,Wardha Gauge,2026-08-02 00:00:00,6.477,71.25,0.722,67.97,3.72,1.96,75.64,112.03,0.047,-10.76,8.25,9.25,Active,Indian river gauge anchor + synthetic hydrological time series,SYNTHETIC_PROTOTYPE
IN-OBS-43-003,IN-G43,D013,R013,Wardha,Godavari Basin,Maharashtra,Wardha,20.75,78.6,EPSG:4326,Wardha Gauge,2026-08-03 00:00:00,6.249,164.83,1.142,133.27,2.88,7.32,155.97,186.33,-0.081,17.68,8.25,9.25,Active,Indian river gauge anchor + synthetic hydrological time series,SYNTHETIC_PROTOTYPE
IN-OBS-43-004,IN-G43,D013,R013,Wardha,Godavari Basin,Maharashtra,Wardha,20.75,78.6,EPSG:4326,Wardha Gauge,2026-08-04 00:00:00,6.712,79.52,0.708,62.31,3.49,2.24,75.43,142.56,-0.103,-3.63,8.25,9.25,Active,Indian river gauge anchor + synthetic hydrological time series,SYNTHETIC_PROTOTYPE
IN-OBS-43-005,IN-G43,D013,R013,Wardha,Godavari Basin,Maharashtra,Wardha,20.75,78.6,EPSG:4326,Wardha Gauge,2026-08-05 00:00:00,6.762,94.01,0.847,99.27,2.51,3.78,88.39,70.31,-0.029,-1.23,8.25,9.25,Active,Indian river gauge anchor + synthetic hydrological time series,SYNTHETIC_PROTOTYPE
IN-OBS-43-006,IN-G43,D013,R013,Wardha,Godavari Basin,Maharashtra,Wardha,20.75,78.6,EPSG:4326,Wardha Gauge,2026-08-06 00:00:00,6.444,57.95,0.752,56.43,5.7,1.15,62.03,30.29,-0.065,-8.3,8.25,9.25,Active,Indian river gauge anchor + synthetic hydrological time series,SYNTHETIC_PROTOTYPE
IN-OBS-43-007,IN-G43,D013,R013,Wardha,Godavari Basin,Maharashtra,Wardha,20.75,78.6,EPSG:4326,Wardha Gauge,2026-08-07 00:00:00,6.804,99.16,0.829,83.3,2.98,4.43,156.63,82.51,0.069,-8.59,8.25,9.25,Active,Indian river gauge anchor + synthetic hydrological time series,SYNTHETIC_PROTOTYPE
IN-OBS-43-008,IN-G43,D013,R013,Wardha,Godavari Basin,Maharashtra,Wardha,20.75,78.6,EPSG:4326,Wardha Gauge,2026-08-08 00:00:00,6.763,99.5,0.243,89.45,1.49,4.76,118.5,93.71,-0.087,23.17,8.25,9.25,Active,Indian river gauge anchor + synthetic hydrological time series,SYNTHETIC_PROTOTYPE
IN-OBS-43-009,IN-G43,D013,R013,Wardha,Godavari Basin,Maharashtra,Wardha,20.75,78.6,EPSG:4326,Wardha Gauge,2026-08-09 00:00:00,6.743,280.78,1.176,92.22,4.03,14.2,257.06,287.11,0.121,18.97,8.25,9.25,Active,Indian river gauge anchor + synthetic hydrological time series,SYNTHETIC_PROTOTYPE
IN-OBS-43-010,IN-G43,D013,R013,Wardha,Godavari Basin,Maharashtra,Wardha,20.75,78.6,EPSG:4326,Wardha Gauge,2026-08-10 00:00:00,6.969,103.14,0.941,143.81,2.19,9.83,94.93,113.59,-0.066,-8.05,8.25,9.25,Active,Indian river gauge anchor + synthetic hydrological time series,SYNTHETIC_PROTOTYPE
IN-OBS-43-011,IN-G43,D013,R013,Wardha,Godavari Basin,Maharashtra,Wardha,20.75,78.6,EPSG:4326,Wardha Gauge,2026-08-11 00:00:00,6.88,55.59,0.457,76.63,3.28,2.26,38.13,45.16,0.154,-0.55,8.25,9.25,Active,Indian river gauge anchor + synthetic hydrological time series,SYNTHETIC_PROTOTYPE
IN-OBS-43-012,IN-G43,D013,R013,Wardha,Godavari Basin,Maharashtra,Wardha,20.75,78.6,EPSG:4326,Wardha Gauge,2026-08-12 00:00:00,6.382,81.36,0.916,96.08,4.38,7.28,102.22,102.09,-0.039,10.14,8.25,9.25,Active,Indian river gauge anchor + synthetic hydrological time series,SYNTHETIC_PROTOTYPE
IN-OBS-43-013,IN-G43,D013,R013,Wardha,Godavari Basin,Maharashtra,Wardha,20.75,78.6,EPSG:4326,Wardha Gauge,2026-08-13 00:00:00,6.485,40.78,0.852,56.99,4.82,0.52,41.37,26.8,-0.026,-14.66,8.25,9.25,Active,Indian river gauge anchor + synthetic hydrological time series,SYNTHETIC_PROTOTYPE
IN-OBS-43-014,IN-G43,D013,R013,Wardha,Godavari Basin,Maharashtra,Wardha,20.75,78.6,EPSG:4326,Wardha Gauge,2026-08-14 00:00:00,5.905,140.01,0.704,105.09,3.47,6.87,196.57,171.65,-0.136,-3.24,8.25,9.25,Active,Indian river gauge anchor + synthetic hydrological time series,SYNTHETIC_PROTOTYPE
IN-OBS-44-001,IN-G44,D033,R033,Indravati,Godavari Basin,Odisha,Kalahandi,19.55,82.5,EPSG:4326,Indravati Gauge,2026-08-01 00:00:00,6.689,112.3,0.947,102.99,3.48,15.4,128.75,122.67,0.086,34.68,8.6,9.6,Active,Indian river gauge anchor + synthetic hydrological time series,SYNTHETIC_PROTOTYPE
IN-OBS-44-002,IN-G44,D033,R033,Indravati,Godavari Basin,Odisha,Kalahandi,19.55,82.5,EPSG:4326,Indravati Gauge,2026-08-02 00:00:00,7.208,301.72,0.87,74.6,2.8,29.56,357.09,252.39,-0.082,-14.59,8.6,9.6,Active,Indian river gauge anchor + synthetic hydrological time series,SYNTHETIC_PROTOTYPE
IN-OBS-44-003,IN-G44,D033,R033,Indravati,Godavari Basin,Odisha,Kalahandi,19.55,82.5,EPSG:4326,Indravati Gauge,2026-08-03 00:00:00,6.32,93.98,0.863,56.05,2.16,3.89,90.28,86.69,0.034,0.91,8.6,9.6,Active,Indian river gauge anchor + synthetic hydrological time series,SYNTHETIC_PROTOTYPE
IN-OBS-44-004,IN-G44,D033,R033,Indravati,Godavari Basin,Odisha,Kalahandi,19.55,82.5,EPSG:4326,Indravati Gauge,2026-08-04 00:00:00,6.298,118.11,0.523,55.59,3.22,4.88,77.95,120.92,-0.038,-32.96,8.6,9.6,Active,Indian river gauge anchor + synthetic hydrological time series,SYNTHETIC_PROTOTYPE
IN-OBS-44-005,IN-G44,D033,R033,Indravati,Godavari Basin,Odisha,Kalahandi,19.55,82.5,EPSG:4326,Indravati Gauge,2026-08-05 00:00:00,5.816,40.11,1.207,69.89,2.09,0.24,18.03,35.22,0.083,1.53,8.6,9.6,Active,Indian river gauge anchor + synthetic hydrological time series,SYNTHETIC_PROTOTYPE
IN-OBS-44-006,IN-G44,D033,R033,Indravati,Godavari Basin,Odisha,Kalahandi,19.55,82.5,EPSG:4326,Indravati Gauge,2026-08-06 00:00:00,7.464,85.39,1.018,64.84,5.08,3.01,74.23,34.89,0.06,-1.6,8.6,9.6,Active,Indian river gauge anchor + synthetic hydrological time series,SYNTHETIC_PROTOTYPE
IN-OBS-44-007,IN-G44,D033,R033,Indravati,Godavari Basin,Odisha,Kalahandi,19.55,82.5,EPSG:4326,Indravati Gauge,2026-08-07 00:00:00,6.336,54.38,0.629,98.26,3.29,1.74,83.43,57.97,0.086,16.08,8.6,9.6,Active,Indian river gauge anchor + synthetic hydrological time series,SYNTHETIC_PROTOTYPE
IN-OBS-44-008,IN-G44,D033,R033,Indravati,Godavari Basin,Odisha,Kalahandi,19.55,82.5,EPSG:4326,Indravati Gauge,2026-08-08 00:00:00,7.417,253.78,1.067,92.25,4.02,13.55,256.27,252.0,0.159,-16.17,8.6,9.6,Active,Indian river gauge anchor + synthetic hydrological time series,SYNTHETIC_PROTOTYPE
IN-OBS-44-009,IN-G44,D033,R033,Indravati,Godavari Basin,Odisha,Kalahandi,19.55,82.5,EPSG:4326,Indravati Gauge,2026-08-09 00:00:00,6.448,94.4,0.345,116.49,2.61,3.98,96.12,91.43,-0.028,8.0,8.6,9.6,Active,Indian river gauge anchor + synthetic hydrological time series,SYNTHETIC_PROTOTYPE
IN-OBS-44-010,IN-G44,D033,R033,Indravati,Godavari Basin,Odisha,Kalahandi,19.55,82.5,EPSG:4326,Indravati Gauge,2026-08-10 00:00:00,6.698,273.34,0.99,65.4,4.75,13.36,282.52,238.84,-0.071,16.1,8.6,9.6,Active,Indian river gauge anchor + synthetic hydrological time series,SYNTHETIC_PROTOTYPE
IN-OBS-44-011,IN-G44,D033,R033,Indravati,Godavari Basin,Odisha,Kalahandi,19.55,82.5,EPSG:4326,Indravati Gauge,2026-08-11 00:00:00,6.581,44.34,0.829,98.47,3.16,0.59,59.93,62.6,-0.023,2.44,8.6,9.6,Active,Indian river gauge anchor + synthetic hydrological time series,SYNTHETIC_PROTOTYPE
IN-OBS-44-012,IN-G44,D033,R033,Indravati,Godavari Basin,Odisha,Kalahandi,19.55,82.5,EPSG:4326,Indravati Gauge,2026-08-12 00:00:00,6.254,59.1,0.972,96.23,2.5,3.11,56.09,83.26,-0.057,-36.13,8.6,9.6,Active,Indian river gauge anchor + synthetic hydrological time series,SYNTHETIC_PROTOTYPE
IN-OBS-44-013,IN-G44,D033,R033,Indravati,Godavari Basin,Odisha,Kalahandi,19.55,82.5,EPSG:4326,Indravati Gauge,2026-08-13 00:00:00,6.424,54.62,1.102,104.73,3.4,2.58,18.94,31.22,-0.01,2.32,8.6,9.6,Active,Indian river gauge anchor + synthetic hydrological time series,SYNTHETIC_PROTOTYPE
IN-OBS-44-014,IN-G44,D033,R033,Indravati,Godavari Basin,Odisha,Kalahandi,19.55,82.5,EPSG:4326,Indravati Gauge,2026-08-14 00:00:00,7.081,46.69,0.596,83.36,3.32,2.02,33.75,83.98,-0.019,-4.64,8.6,9.6,Active,Indian river gauge anchor + synthetic hydrological time series,SYNTHETIC_PROTOTYPE
IN-OBS-45-001,IN-G45,D036,R036,Banas,Banas Basin,Rajasthan,Tonk,25.93,75.45,EPSG:4326,Banas Gauge,2026-08-01 00:00:00,8.302,268.41,0.946,100.98,2.48,9.98,244.03,252.35,-0.068,-5.09,9.78,10.78,Active,Indian river gauge anchor + synthetic hydrological time series,SYNTHETIC_PROTOTYPE
IN-OBS-45-002,IN-G45,D036,R036,Banas,Banas Basin,Rajasthan,Tonk,25.93,75.45,EPSG:4326,Banas Gauge,2026-08-02 00:00:00,8.219,234.86,0.698,85.44,3.26,5.29,191.2,226.81,0.04,30.8,9.78,10.78,Active,Indian river gauge anchor + synthetic hydrological time series,SYNTHETIC_PROTOTYPE
IN-OBS-45-003,IN-G45,D036,R036,Banas,Banas Basin,Rajasthan,Tonk,25.93,75.45,EPSG:4326,Banas Gauge,2026-08-03 00:00:00,8.385,202.57,0.736,116.65,2.52,2.08,194.52,230.27,-0.039,-16.2,9.78,10.78,Active,Indian river gauge anchor + synthetic hydrological time series,SYNTHETIC_PROTOTYPE
IN-OBS-45-004,IN-G45,D036,R036,Banas,Banas Basin,Rajasthan,Tonk,25.93,75.45,EPSG:4326,Banas Gauge,2026-08-04 00:00:00,8.409,265.68,0.941,120.11,2.82,5.4,257.18,259.74,-0.03,11.66,9.78,10.78,Active,Indian river gauge anchor + synthetic hydrological time series,SYNTHETIC_PROTOTYPE
IN-OBS-45-005,IN-G45,D036,R036,Banas,Banas Basin,Rajasthan,Tonk,25.93,75.45,EPSG:4326,Banas Gauge,2026-08-05 00:00:00,8.374,248.85,0.793,64.3,2.9,6.23,259.66,270.38,0.077,-1.31,9.78,10.78,Active,Indian river gauge anchor + synthetic hydrological time series,SYNTHETIC_PROTOTYPE
IN-OBS-45-006,IN-G45,D036,R036,Banas,Banas Basin,Rajasthan,Tonk,25.93,75.45,EPSG:4326,Banas Gauge,2026-08-06 00:00:00,8.081,251.93,0.95,100.34,4.19,5.65,259.98,220.14,-0.103,-26.13,9.78,10.78,Active,Indian river gauge anchor + synthetic hydrological time series,SYNTHETIC_PROTOTYPE
IN-OBS-45-007,IN-G45,D036,R036,Banas,Banas Basin,Rajasthan,Tonk,25.93,75.45,EPSG:4326,Banas Gauge,2026-08-07 00:00:00,7.94,327.51,0.693,70.06,2.56,8.1,341.76,311.43,0.014,4.0,9.78,10.78,Active,Indian river gauge anchor + synthetic hydrological time series,SYNTHETIC_PROTOTYPE
IN-OBS-45-008,IN-G45,D036,R036,Banas,Banas Basin,Rajasthan,Tonk,25.93,75.45,EPSG:4326,Banas Gauge,2026-08-08 00:00:00,7.911,259.1,0.936,61.08,3.21,6.05,270.93,281.51,-0.045,-26.02,9.78,10.78,Active,Indian river gauge anchor + synthetic hydrological time series,SYNTHETIC_PROTOTYPE
IN-OBS-45-009,IN-G45,D036,R036,Banas,Banas Basin,Rajasthan,Tonk,25.93,75.45,EPSG:4326,Banas Gauge,2026-08-09 00:00:00,7.877,371.23,1.337,78.34,4.38,10.24,331.44,367.84,-0.036,9.34,9.78,10.78,Active,Indian river gauge anchor + synthetic hydrological time series,SYNTHETIC_PROTOTYPE
IN-OBS-45-010,IN-G45,D036,R036,Banas,Banas Basin,Rajasthan,Tonk,25.93,75.45,EPSG:4326,Banas Gauge,2026-08-10 00:00:00,7.712,272.27,0.845,46.26,5.5,7.13,232.32,265.31,-0.083,6.93,9.78,10.78,Active,Indian river gauge anchor + synthetic hydrological time series,SYNTHETIC_PROTOTYPE
IN-OBS-45-011,IN-G45,D036,R036,Banas,Banas Basin,Rajasthan,Tonk,25.93,75.45,EPSG:4326,Banas Gauge,2026-08-11 00:00:00,7.797,190.59,1.135,102.12,2.88,1.08,221.25,221.28,-0.025,26.56,9.78,10.78,Active,Indian river gauge anchor + synthetic hydrological time series,SYNTHETIC_PROTOTYPE
IN-OBS-45-012,IN-G45,D036,R036,Banas,Banas Basin,Rajasthan,Tonk,25.93,75.45,EPSG:4326,Banas Gauge,2026-08-12 00:00:00,7.791,210.99,0.425,98.17,5.64,4.94,221.62,276.37,-0.016,-15.22,9.78,10.78,Active,Indian river gauge anchor + synthetic hydrological time series,SYNTHETIC_PROTOTYPE
IN-OBS-45-013,IN-G45,D036,R036,Banas,Banas Basin,Rajasthan,Tonk,25.93,75.45,EPSG:4326,Banas Gauge,2026-08-13 00:00:00,7.655,182.71,1.135,119.31,4.64,2.8,174.08,217.7,-0.0,5.9,9.78,10.78,Active,Indian river gauge anchor + synthetic hydrological time series,SYNTHETIC_PROTOTYPE
IN-OBS-45-014,IN-G45,D036,R036,Banas,Banas Basin,Rajasthan,Tonk,25.93,75.45,EPSG:4326,Banas Gauge,2026-08-14 00:00:00,7.909,233.19,0.995,102.22,4.34,6.57,227.88,183.16,0.075,-5.74,9.78,10.78,Active,Indian river gauge anchor + synthetic hydrological time series,SYNTHETIC_PROTOTYPE
IN-OBS-46-001,IN-G46,D038,R038,Ghaggar,Ghaggar Basin,Haryana,Sirsa,29.53,75.03,EPSG:4326,Ghaggar Gauge,2026-08-01 00:00:00,3.869,273.63,0.518,96.0,2.12,11.49,297.3,278.26,-0.044,0.38,5.31,6.31,Active,Indian river gauge anchor + synthetic hydrological time series,SYNTHETIC_PROTOTYPE
IN-OBS-46-002,IN-G46,D038,R038,Ghaggar,Ghaggar Basin,Haryana,Sirsa,29.53,75.03,EPSG:4326,Ghaggar Gauge,2026-08-02 00:00:00,3.531,205.52,0.616,112.74,4.81,0.58,203.44,194.57,0.061,-24.59,5.31,6.31,Active,Indian river gauge anchor + synthetic hydrological time series,SYNTHETIC_PROTOTYPE
IN-OBS-46-003,IN-G46,D038,R038,Ghaggar,Ghaggar Basin,Haryana,Sirsa,29.53,75.03,EPSG:4326,Ghaggar Gauge,2026-08-03 00:00:00,3.177,241.7,1.028,100.67,3.11,3.87,268.85,248.24,-0.031,7.37,5.31,6.31,Active,Indian river gauge anchor + synthetic hydrological time series,SYNTHETIC_PROTOTYPE
IN-OBS-46-004,IN-G46,D038,R038,Ghaggar,Ghaggar Basin,Haryana,Sirsa,29.53,75.03,EPSG:4326,Ghaggar Gauge,2026-08-04 00:00:00,3.686,230.61,0.946,82.8,4.74,3.15,165.97,232.28,-0.1,20.66,5.31,6.31,Active,Indian river gauge anchor + synthetic hydrological time series,SYNTHETIC_PROTOTYPE
IN-OBS-46-005,IN-G46,D038,R038,Ghaggar,Ghaggar Basin,Haryana,Sirsa,29.53,75.03,EPSG:4326,Ghaggar Gauge,2026-08-05 00:00:00,2.977,245.96,0.901,84.41,2.81,3.57,267.71,286.91,-0.095,-8.57,5.31,6.31,Active,Indian river gauge anchor + synthetic hydrological time series,SYNTHETIC_PROTOTYPE
IN-OBS-46-006,IN-G46,D038,R038,Ghaggar,Ghaggar Basin,Haryana,Sirsa,29.53,75.03,EPSG:4326,Ghaggar Gauge,2026-08-06 00:00:00,3.973,342.94,0.723,66.62,2.92,9.13,418.03,365.32,0.034,12.1,5.31,6.31,Active,Indian river gauge anchor + synthetic hydrological time series,SYNTHETIC_PROTOTYPE
IN-OBS-46-007,IN-G46,D038,R038,Ghaggar,Ghaggar Basin,Haryana,Sirsa,29.53,75.03,EPSG:4326,Ghaggar Gauge,2026-08-07 00:00:00,3.465,258.94,1.097,92.42,3.76,2.88,280.05,270.59,-0.069,-1.99,5.31,6.31,Active,Indian river gauge anchor + synthetic hydrological time series,SYNTHETIC_PROTOTYPE
IN-OBS-46-008,IN-G46,D038,R038,Ghaggar,Ghaggar Basin,Haryana,Sirsa,29.53,75.03,EPSG:4326,Ghaggar Gauge,2026-08-08 00:00:00,3.294,236.17,1.311,81.13,4.26,1.55,263.39,277.09,0.023,5.31,5.31,6.31,Active,Indian river gauge anchor + synthetic hydrological time series,SYNTHETIC_PROTOTYPE
IN-OBS-46-009,IN-G46,D038,R038,Ghaggar,Ghaggar Basin,Haryana,Sirsa,29.53,75.03,EPSG:4326,Ghaggar Gauge,2026-08-09 00:00:00,3.294,295.4,0.632,119.1,2.75,6.08,275.19,274.23,-0.088,10.76,5.31,6.31,Active,Indian river gauge anchor + synthetic hydrological time series,SYNTHETIC_PROTOTYPE
IN-OBS-46-010,IN-G46,D038,R038,Ghaggar,Ghaggar Basin,Haryana,Sirsa,29.53,75.03,EPSG:4326,Ghaggar Gauge,2026-08-10 00:00:00,4.474,409.3,1.119,124.2,2.66,18.15,381.0,420.39,-0.007,26.99,5.31,6.31,Active,Indian river gauge anchor + synthetic hydrological time series,SYNTHETIC_PROTOTYPE
IN-OBS-46-011,IN-G46,D038,R038,Ghaggar,Ghaggar Basin,Haryana,Sirsa,29.53,75.03,EPSG:4326,Ghaggar Gauge,2026-08-11 00:00:00,3.797,298.35,1.239,51.42,2.71,10.25,315.15,328.54,0.071,17.53,5.31,6.31,Active,Indian river gauge anchor + synthetic hydrological time series,SYNTHETIC_PROTOTYPE
IN-OBS-46-012,IN-G46,D038,R038,Ghaggar,Ghaggar Basin,Haryana,Sirsa,29.53,75.03,EPSG:4326,Ghaggar Gauge,2026-08-12 00:00:00,3.142,219.35,0.848,76.48,4.6,2.87,295.32,220.05,0.064,-5.3,5.31,6.31,Active,Indian river gauge anchor + synthetic hydrological time series,SYNTHETIC_PROTOTYPE
IN-OBS-46-013,IN-G46,D038,R038,Ghaggar,Ghaggar Basin,Haryana,Sirsa,29.53,75.03,EPSG:4326,Ghaggar Gauge,2026-08-13 00:00:00,3.478,230.37,0.934,89.57,4.19,6.63,200.37,226.89,-0.032,-9.51,5.31,6.31,Active,Indian river gauge anchor + synthetic hydrological time series,SYNTHETIC_PROTOTYPE
IN-OBS-46-014,IN-G46,D038,R038,Ghaggar,Ghaggar Basin,Haryana,Sirsa,29.53,75.03,EPSG:4326,Ghaggar Gauge,2026-08-14 00:00:00,3.175,247.74,0.624,88.88,2.61,7.21,280.75,250.35,-0.057,9.73,5.31,6.31,Active,Indian river gauge anchor + synthetic hydrological time series,SYNTHETIC_PROTOTYPE
IN-OBS-47-001,IN-G47,D005,R005,Musi,Krishna Basin,Telangana,Hyderabad,17.39,78.48,EPSG:4326,Musi Gauge,2026-08-01 00:00:00,2.139,302.88,1.046,138.07,4.48,0.82,316.15,275.72,0.099,-25.86,4.6,5.6,Active,Indian river gauge anchor + synthetic hydrological time series,SYNTHETIC_PROTOTYPE
IN-OBS-47-002,IN-G47,D005,R005,Musi,Krishna Basin,Telangana,Hyderabad,17.39,78.48,EPSG:4326,Musi Gauge,2026-08-02 00:00:00,2.604,390.94,0.356,69.11,5.11,7.04,364.04,402.24,0.029,-11.98,4.6,5.6,Active,Indian river gauge anchor + synthetic hydrological time series,SYNTHETIC_PROTOTYPE
IN-OBS-47-003,IN-G47,D005,R005,Musi,Krishna Basin,Telangana,Hyderabad,17.39,78.48,EPSG:4326,Musi Gauge,2026-08-03 00:00:00,2.15,336.89,0.544,126.88,1.43,1.79,305.27,332.64,-0.022,15.76,4.6,5.6,Active,Indian river gauge anchor + synthetic hydrological time series,SYNTHETIC_PROTOTYPE
IN-OBS-47-004,IN-G47,D005,R005,Musi,Krishna Basin,Telangana,Hyderabad,17.39,78.48,EPSG:4326,Musi Gauge,2026-08-04 00:00:00,2.478,348.07,0.781,100.23,3.66,3.25,300.05,337.58,-0.122,-1.73,4.6,5.6,Active,Indian river gauge anchor + synthetic hydrological time series,SYNTHETIC_PROTOTYPE
IN-OBS-47-005,IN-G47,D005,R005,Musi,Krishna Basin,Telangana,Hyderabad,17.39,78.48,EPSG:4326,Musi Gauge,2026-08-05 00:00:00,3.141,352.2,0.738,114.25,4.88,1.64,359.81,360.63,-0.057,-9.48,4.6,5.6,Active,Indian river gauge anchor + synthetic hydrological time series,SYNTHETIC_PROTOTYPE
IN-OBS-47-006,IN-G47,D005,R005,Musi,Krishna Basin,Telangana,Hyderabad,17.39,78.48,EPSG:4326,Musi Gauge,2026-08-06 00:00:00,2.883,360.6,1.239,102.35,4.63,2.85,362.11,368.45,0.027,-7.39,4.6,5.6,Active,Indian river gauge anchor + synthetic hydrological time series,SYNTHETIC_PROTOTYPE
IN-OBS-47-007,IN-G47,D005,R005,Musi,Krishna Basin,Telangana,Hyderabad,17.39,78.48,EPSG:4326,Musi Gauge,2026-08-07 00:00:00,2.825,328.6,0.973,46.13,3.55,0.57,321.24,319.93,0.074,12.24,4.6,5.6,Active,Indian river gauge anchor + synthetic hydrological time series,SYNTHETIC_PROTOTYPE
IN-OBS-47-008,IN-G47,D005,R005,Musi,Krishna Basin,Telangana,Hyderabad,17.39,78.48,EPSG:4326,Musi Gauge,2026-08-08 00:00:00,2.898,350.39,1.176,72.27,3.96,3.35,320.8,391.73,0.137,-16.65,4.6,5.6,Active,Indian river gauge anchor + synthetic hydrological time series,SYNTHETIC_PROTOTYPE
IN-OBS-47-009,IN-G47,D005,R005,Musi,Krishna Basin,Telangana,Hyderabad,17.39,78.48,EPSG:4326,Musi Gauge,2026-08-09 00:00:00,2.681,361.83,0.869,76.32,3.01,7.07,385.8,325.03,-0.063,11.6,4.6,5.6,Active,Indian river gauge anchor + synthetic hydrological time series,SYNTHETIC_PROTOTYPE
IN-OBS-47-010,IN-G47,D005,R005,Musi,Krishna Basin,Telangana,Hyderabad,17.39,78.48,EPSG:4326,Musi Gauge,2026-08-10 00:00:00,2.186,323.05,0.593,88.38,3.25,2.7,334.15,322.09,0.078,-21.87,4.6,5.6,Active,Indian river gauge anchor + synthetic hydrological time series,SYNTHETIC_PROTOTYPE
IN-OBS-47-011,IN-G47,D005,R005,Musi,Krishna Basin,Telangana,Hyderabad,17.39,78.48,EPSG:4326,Musi Gauge,2026-08-11 00:00:00,2.591,319.38,0.437,87.5,1.36,5.42,262.36,324.98,-0.087,-0.3,4.6,5.6,Active,Indian river gauge anchor + synthetic hydrological time series,SYNTHETIC_PROTOTYPE
IN-OBS-47-012,IN-G47,D005,R005,Musi,Krishna Basin,Telangana,Hyderabad,17.39,78.48,EPSG:4326,Musi Gauge,2026-08-12 00:00:00,2.797,306.26,0.824,88.03,3.35,1.91,266.19,281.25,0.094,-0.98,4.6,5.6,Active,Indian river gauge anchor + synthetic hydrological time series,SYNTHETIC_PROTOTYPE
IN-OBS-47-013,IN-G47,D005,R005,Musi,Krishna Basin,Telangana,Hyderabad,17.39,78.48,EPSG:4326,Musi Gauge,2026-08-13 00:00:00,2.103,270.14,0.914,99.52,2.24,0.22,278.94,267.69,-0.004,7.81,4.6,5.6,Active,Indian river gauge anchor + synthetic hydrological time series,SYNTHETIC_PROTOTYPE
IN-OBS-47-014,IN-G47,D005,R005,Musi,Krishna Basin,Telangana,Hyderabad,17.39,78.48,EPSG:4326,Musi Gauge,2026-08-14 00:00:00,3.324,464.41,0.303,111.53,4.25,12.36,471.97,508.4,-0.166,-6.72,4.6,5.6,Active,Indian river gauge anchor + synthetic hydrological time series,SYNTHETIC_PROTOTYPE
IN-OBS-48-001,IN-G48,D029,R029,Damodar,Damodar Basin,West Bengal,Durgapur,23.48,87.31,EPSG:4326,Damodar Gauge,2026-08-01 00:00:00,2.27,481.34,1.031,62.05,3.74,6.22,504.11,486.02,-0.091,1.86,4.63,5.63,Active,Indian river gauge anchor + synthetic hydrological time series,SYNTHETIC_PROTOTYPE
IN-OBS-48-002,IN-G48,D029,R029,Damodar,Damodar Basin,West Bengal,Durgapur,23.48,87.31,EPSG:4326,Damodar Gauge,2026-08-02 00:00:00,2.402,523.06,0.7,96.36,2.95,8.33,543.55,535.1,-0.094,27.69,4.63,5.63,Active,Indian river gauge anchor + synthetic hydrological time series,SYNTHETIC_PROTOTYPE
IN-OBS-48-003,IN-G48,D029,R029,Damodar,Damodar Basin,West Bengal,Durgapur,23.48,87.31,EPSG:4326,Damodar Gauge,2026-08-03 00:00:00,3.016,413.89,0.418,78.36,2.4,0.81,450.86,416.59,-0.033,-3.46,4.63,5.63,Active,Indian river gauge anchor + synthetic hydrological time series,SYNTHETIC_PROTOTYPE
IN-OBS-48-004,IN-G48,D029,R029,Damodar,Damodar Basin,West Bengal,Durgapur,23.48,87.31,EPSG:4326,Damodar Gauge,2026-08-04 00:00:00,3.109,519.49,1.14,113.5,4.31,19.25,451.32,492.74,-0.056,-13.56,4.63,5.63,Active,Indian river gauge anchor + synthetic hydrological time series,SYNTHETIC_PROTOTYPE
IN-OBS-48-005,IN-G48,D029,R029,Damodar,Damodar Basin,West Bengal,Durgapur,23.48,87.31,EPSG:4326,Damodar Gauge,2026-08-05 00:00:00,2.861,443.05,0.976,57.47,3.75,3.81,483.59,439.06,0.052,-17.64,4.63,5.63,Active,Indian river gauge anchor + synthetic hydrological time series,SYNTHETIC_PROTOTYPE
IN-OBS-48-006,IN-G48,D029,R029,Damodar,Damodar Basin,West Bengal,Durgapur,23.48,87.31,EPSG:4326,Damodar Gauge,2026-08-06 00:00:00,2.712,480.04,0.548,94.4,3.4,5.61,496.81,454.24,0.02,-20.18,4.63,5.63,Active,Indian river gauge anchor + synthetic hydrological time series,SYNTHETIC_PROTOTYPE
IN-OBS-48-007,IN-G48,D029,R029,Damodar,Damodar Basin,West Bengal,Durgapur,23.48,87.31,EPSG:4326,Damodar Gauge,2026-08-07 00:00:00,2.673,474.95,0.419,79.26,4.55,3.46,488.82,453.42,-0.173,-1.2,4.63,5.63,Active,Indian river gauge anchor + synthetic hydrological time series,SYNTHETIC_PROTOTYPE
IN-OBS-48-008,IN-G48,D029,R029,Damodar,Damodar Basin,West Bengal,Durgapur,23.48,87.31,EPSG:4326,Damodar Gauge,2026-08-08 00:00:00,2.626,480.29,0.708,120.1,0.93,7.32,480.47,498.53,0.033,-17.64,4.63,5.63,Active,Indian river gauge anchor + synthetic hydrological time series,SYNTHETIC_PROTOTYPE
IN-OBS-48-009,IN-G48,D029,R029,Damodar,Damodar Basin,West Bengal,Durgapur,23.48,87.31,EPSG:4326,Damodar Gauge,2026-08-09 00:00:00,3.036,466.42,0.944,91.85,4.51,6.87,472.37,474.27,-0.033,7.18,4.63,5.63,Active,Indian river gauge anchor + synthetic hydrological time series,SYNTHETIC_PROTOTYPE
IN-OBS-48-010,IN-G48,D029,R029,Damodar,Damodar Basin,West Bengal,Durgapur,23.48,87.31,EPSG:4326,Damodar Gauge,2026-08-10 00:00:00,3.149,478.41,0.863,92.49,2.53,8.24,495.02,465.81,0.014,9.07,4.63,5.63,Active,Indian river gauge anchor + synthetic hydrological time series,SYNTHETIC_PROTOTYPE
IN-OBS-48-011,IN-G48,D029,R029,Damodar,Damodar Basin,West Bengal,Durgapur,23.48,87.31,EPSG:4326,Damodar Gauge,2026-08-11 00:00:00,2.374,443.4,1.214,97.29,3.06,4.9,493.08,464.83,0.089,5.39,4.63,5.63,Active,Indian river gauge anchor + synthetic hydrological time series,SYNTHETIC_PROTOTYPE
IN-OBS-48-012,IN-G48,D029,R029,Damodar,Damodar Basin,West Bengal,Durgapur,23.48,87.31,EPSG:4326,Damodar Gauge,2026-08-12 00:00:00,2.698,382.8,0.845,75.54,4.48,2.05,376.69,343.73,-0.064,-11.87,4.63,5.63,Active,Indian river gauge anchor + synthetic hydrological time series,SYNTHETIC_PROTOTYPE
IN-OBS-48-013,IN-G48,D029,R029,Damodar,Damodar Basin,West Bengal,Durgapur,23.48,87.31,EPSG:4326,Damodar Gauge,2026-08-13 00:00:00,2.843,356.82,0.855,62.73,4.63,1.15,331.31,367.74,-0.025,7.79,4.63,5.63,Active,Indian river gauge anchor + synthetic hydrological time series,SYNTHETIC_PROTOTYPE
IN-OBS-48-014,IN-G48,D029,R029,Damodar,Damodar Basin,West Bengal,Durgapur,23.48,87.31,EPSG:4326,Damodar Gauge,2026-08-14 00:00:00,3.321,344.07,1.148,130.53,4.21,1.24,326.5,354.72,-0.043,6.41,4.63,5.63,Active,Indian river gauge anchor + synthetic hydrological time series,SYNTHETIC_PROTOTYPE
IN-OBS-49-001,IN-G49,D004,R004,Mahanadi,Mahanadi Basin,Chhattisgarh,Raipur,21.25,81.63,EPSG:4326,Mahanadi Gauge,2026-08-01 00:00:00,2.496,502.02,0.746,79.36,3.78,12.79,511.97,514.95,-0.002,-16.65,4.08,5.08,Active,Indian river gauge anchor + synthetic hydrological time series,SYNTHETIC_PROTOTYPE
IN-OBS-49-002,IN-G49,D004,R004,Mahanadi,Mahanadi Basin,Chhattisgarh,Raipur,21.25,81.63,EPSG:4326,Mahanadi Gauge,2026-08-02 00:00:00,2.289,351.38,0.728,97.0,3.7,4.61,392.82,369.31,0.034,-18.79,4.08,5.08,Active,Indian river gauge anchor + synthetic hydrological time series,SYNTHETIC_PROTOTYPE
IN-OBS-49-003,IN-G49,D004,R004,Mahanadi,Mahanadi Basin,Chhattisgarh,Raipur,21.25,81.63,EPSG:4326,Mahanadi Gauge,2026-08-03 00:00:00,2.426,357.67,1.154,112.48,3.13,2.06,337.88,383.08,0.006,28.42,4.08,5.08,Active,Indian river gauge anchor + synthetic hydrological time series,SYNTHETIC_PROTOTYPE
IN-OBS-49-004,IN-G49,D004,R004,Mahanadi,Mahanadi Basin,Chhattisgarh,Raipur,21.25,81.63,EPSG:4326,Mahanadi Gauge,2026-08-04 00:00:00,2.889,535.77,0.751,92.0,4.13,13.37,537.32,520.8,0.018,-21.49,4.08,5.08,Active,Indian river gauge anchor + synthetic hydrological time series,SYNTHETIC_PROTOTYPE
IN-OBS-49-005,IN-G49,D004,R004,Mahanadi,Mahanadi Basin,Chhattisgarh,Raipur,21.25,81.63,EPSG:4326,Mahanadi Gauge,2026-08-05 00:00:00,2.89,388.13,0.758,116.24,4.45,3.32,358.17,380.45,0.011,-6.85,4.08,5.08,Active,Indian river gauge anchor + synthetic hydrological time series,SYNTHETIC_PROTOTYPE
IN-OBS-49-006,IN-G49,D004,R004,Mahanadi,Mahanadi Basin,Chhattisgarh,Raipur,21.25,81.63,EPSG:4326,Mahanadi Gauge,2026-08-06 00:00:00,1.994,372.74,0.63,108.85,2.66,1.84,391.27,374.38,-0.083,5.94,4.08,5.08,Active,Indian river gauge anchor + synthetic hydrological time series,SYNTHETIC_PROTOTYPE
IN-OBS-49-007,IN-G49,D004,R004,Mahanadi,Mahanadi Basin,Chhattisgarh,Raipur,21.25,81.63,EPSG:4326,Mahanadi Gauge,2026-08-07 00:00:00,1.865,359.77,0.825,102.36,2.75,1.88,330.6,366.13,-0.066,-32.39,4.08,5.08,Active,Indian river gauge anchor + synthetic hydrological time series,SYNTHETIC_PROTOTYPE
IN-OBS-49-008,IN-G49,D004,R004,Mahanadi,Mahanadi Basin,Chhattisgarh,Raipur,21.25,81.63,EPSG:4326,Mahanadi Gauge,2026-08-08 00:00:00,2.629,338.83,0.937,83.97,2.97,0.52,352.04,308.75,-0.092,-3.01,4.08,5.08,Active,Indian river gauge anchor + synthetic hydrological time series,SYNTHETIC_PROTOTYPE
IN-OBS-49-009,IN-G49,D004,R004,Mahanadi,Mahanadi Basin,Chhattisgarh,Raipur,21.25,81.63,EPSG:4326,Mahanadi Gauge,2026-08-09 00:00:00,2.514,414.2,0.266,121.44,4.03,8.28,447.05,403.91,0.012,-24.65,4.08,5.08,Active,Indian river gauge anchor + synthetic hydrological time series,SYNTHETIC_PROTOTYPE
IN-OBS-49-010,IN-G49,D004,R004,Mahanadi,Mahanadi Basin,Chhattisgarh,Raipur,21.25,81.63,EPSG:4326,Mahanadi Gauge,2026-08-10 00:00:00,2.13,396.05,0.743,94.36,4.16,8.8,408.94,426.41,-0.012,13.4,4.08,5.08,Active,Indian river gauge anchor + synthetic hydrological time series,SYNTHETIC_PROTOTYPE
IN-OBS-49-011,IN-G49,D004,R004,Mahanadi,Mahanadi Basin,Chhattisgarh,Raipur,21.25,81.63,EPSG:4326,Mahanadi Gauge,2026-08-11 00:00:00,1.714,327.19,0.773,147.11,3.63,1.79,327.53,373.13,0.002,2.51,4.08,5.08,Active,Indian river gauge anchor + synthetic hydrological time series,SYNTHETIC_PROTOTYPE
IN-OBS-49-012,IN-G49,D004,R004,Mahanadi,Mahanadi Basin,Chhattisgarh,Raipur,21.25,81.63,EPSG:4326,Mahanadi Gauge,2026-08-12 00:00:00,2.395,290.62,0.263,117.52,1.62,0.42,247.52,313.17,0.125,25.8,4.08,5.08,Active,Indian river gauge anchor + synthetic hydrological time series,SYNTHETIC_PROTOTYPE
IN-OBS-49-013,IN-G49,D004,R004,Mahanadi,Mahanadi Basin,Chhattisgarh,Raipur,21.25,81.63,EPSG:4326,Mahanadi Gauge,2026-08-13 00:00:00,2.442,289.58,0.344,107.21,2.65,1.35,288.8,299.24,0.019,-23.15,4.08,5.08,Active,Indian river gauge anchor + synthetic hydrological time series,SYNTHETIC_PROTOTYPE
IN-OBS-49-014,IN-G49,D004,R004,Mahanadi,Mahanadi Basin,Chhattisgarh,Raipur,21.25,81.63,EPSG:4326,Mahanadi Gauge,2026-08-14 00:00:00,2.246,311.57,0.214,72.24,3.68,4.19,260.69,320.57,0.022,11.34,4.08,5.08,Active,Indian river gauge anchor + synthetic hydrological time series,SYNTHETIC_PROTOTYPE
IN-OBS-50-001,IN-G50,D014,R014,Tapi,Tapi Basin,Maharashtra,Jalgaon,21.01,75.56,EPSG:4326,Tapi Gauge,2026-08-01 00:00:00,5.324,398.08,0.69,99.35,2.16,10.43,359.53,402.53,-0.134,-8.36,7.03,8.03,Active,Indian river gauge anchor + synthetic hydrological time series,SYNTHETIC_PROTOTYPE
IN-OBS-50-002,IN-G50,D014,R014,Tapi,Tapi Basin,Maharashtra,Jalgaon,21.01,75.56,EPSG:4326,Tapi Gauge,2026-08-02 00:00:00,4.893,303.5,1.01,98.41,2.4,1.27,306.31,327.95,0.098,-16.28,7.03,8.03,Active,Indian river gauge anchor + synthetic hydrological time series,SYNTHETIC_PROTOTYPE
IN-OBS-50-003,IN-G50,D014,R014,Tapi,Tapi Basin,Maharashtra,Jalgaon,21.01,75.56,EPSG:4326,Tapi Gauge,2026-08-03 00:00:00,5.51,381.69,1.105,70.84,3.01,7.39,376.71,387.64,0.033,-30.73,7.03,8.03,Active,Indian river gauge anchor + synthetic hydrological time series,SYNTHETIC_PROTOTYPE
IN-OBS-50-004,IN-G50,D014,R014,Tapi,Tapi Basin,Maharashtra,Jalgaon,21.01,75.56,EPSG:4326,Tapi Gauge,2026-08-04 00:00:00,5.475,436.35,1.139,49.52,3.12,8.12,430.98,457.67,-0.041,-25.76,7.03,8.03,Active,Indian river gauge anchor + synthetic hydrological time series,SYNTHETIC_PROTOTYPE
IN-OBS-50-005,IN-G50,D014,R014,Tapi,Tapi Basin,Maharashtra,Jalgaon,21.01,75.56,EPSG:4326,Tapi Gauge,2026-08-05 00:00:00,5.147,362.9,1.107,111.02,2.93,2.61,358.71,403.0,0.01,20.21,7.03,8.03,Active,Indian river gauge anchor + synthetic hydrological time series,SYNTHETIC_PROTOTYPE
IN-OBS-50-006,IN-G50,D014,R014,Tapi,Tapi Basin,Maharashtra,Jalgaon,21.01,75.56,EPSG:4326,Tapi Gauge,2026-08-06 00:00:00,5.627,338.06,0.614,83.41,4.47,1.3,391.21,376.63,0.015,-24.91,7.03,8.03,Active,Indian river gauge anchor + synthetic hydrological time series,SYNTHETIC_PROTOTYPE
IN-OBS-50-007,IN-G50,D014,R014,Tapi,Tapi Basin,Maharashtra,Jalgaon,21.01,75.56,EPSG:4326,Tapi Gauge,2026-08-07 00:00:00,5.5,493.05,0.752,100.56,4.87,21.63,508.11,517.05,-0.131,15.85,7.03,8.03,Active,Indian river gauge anchor + synthetic hydrological time series,SYNTHETIC_PROTOTYPE
IN-OBS-50-008,IN-G50,D014,R014,Tapi,Tapi Basin,Maharashtra,Jalgaon,21.01,75.56,EPSG:4326,Tapi Gauge,2026-08-08 00:00:00,5.145,320.26,0.808,81.65,4.78,0.74,319.34,360.81,0.085,10.31,7.03,8.03,Active,Indian river gauge anchor + synthetic hydrological time series,SYNTHETIC_PROTOTYPE
IN-OBS-50-009,IN-G50,D014,R014,Tapi,Tapi Basin,Maharashtra,Jalgaon,21.01,75.56,EPSG:4326,Tapi Gauge,2026-08-09 00:00:00,4.795,311.47,0.939,36.17,2.93,1.02,294.02,304.64,-0.049,-11.95,7.03,8.03,Active,Indian river gauge anchor + synthetic hydrological time series,SYNTHETIC_PROTOTYPE
IN-OBS-50-010,IN-G50,D014,R014,Tapi,Tapi Basin,Maharashtra,Jalgaon,21.01,75.56,EPSG:4326,Tapi Gauge,2026-08-10 00:00:00,5.199,293.56,1.184,45.44,4.97,1.01,308.68,310.45,-0.027,-3.23,7.03,8.03,Active,Indian river gauge anchor + synthetic hydrological time series,SYNTHETIC_PROTOTYPE
IN-OBS-50-011,IN-G50,D014,R014,Tapi,Tapi Basin,Maharashtra,Jalgaon,21.01,75.56,EPSG:4326,Tapi Gauge,2026-08-11 00:00:00,5.121,294.69,0.816,49.16,2.35,2.89,305.3,275.56,0.213,3.89,7.03,8.03,Active,Indian river gauge anchor + synthetic hydrological time series,SYNTHETIC_PROTOTYPE
IN-OBS-50-012,IN-G50,D014,R014,Tapi,Tapi Basin,Maharashtra,Jalgaon,21.01,75.56,EPSG:4326,Tapi Gauge,2026-08-12 00:00:00,5.316,287.96,0.74,92.51,4.4,3.97,300.13,322.32,0.026,-0.16,7.03,8.03,Active,Indian river gauge anchor + synthetic hydrological time series,SYNTHETIC_PROTOTYPE
IN-OBS-50-013,IN-G50,D014,R014,Tapi,Tapi Basin,Maharashtra,Jalgaon,21.01,75.56,EPSG:4326,Tapi Gauge,2026-08-13 00:00:00,5.456,307.32,0.784,90.93,2.23,7.74,336.74,354.4,0.052,-0.85,7.03,8.03,Active,Indian river gauge anchor + synthetic hydrological time series,SYNTHETIC_PROTOTYPE
IN-OBS-50-014,IN-G50,D014,R014,Tapi,Tapi Basin,Maharashtra,Jalgaon,21.01,75.56,EPSG:4326,Tapi Gauge,2026-08-14 00:00:00,5.14,261.48,0.664,54.65,2.34,1.21,292.63,268.68,-0.1,2.16,7.03,8.03,Active,Indian river gauge anchor + synthetic hydrological time series,SYNTHETIC_PROTOTYPE
