{"type": "FeatureCollection", "features": [{"type": "Feature", "properties": {"time_min": 60, "depth_min_m": 0.05, "depth_max_m": 1.0, "depth_class": "0.05\u20131.0 m", "class_area_km2": 0.8447408514100406, "flooded_area_km2": 17.78648792691141, "frame_max_depth_m": 144.69788555673983, "class_mean_depth_m": 0.528070315076816, "scenario_id": "major_breach", "model_type": "Automated approximate 2D flood-routing prototype", "validated_hydraulic_output": false}, "geometry": {"type": "Polygon", "coordinates": [[[75.1166719698, 18.113615985099997], [75.1166719698, 18.113338207099996], [75.11694974779999, 18.113338207099996], [75.11694974779999, 18.113615985099997], [75.1166719698, 18.113615985099997]]]}}, {"type": "Feature", "properties": {"time_min": 60, "depth_min_m": 0.05, "depth_max_m": 1.0, "depth_class": "0.05\u20131.0 m", "class_area_km2": 0.8447408514100406, "flooded_area_km2": 17.78648792691141, "frame_max_depth_m": 144.69788555673983, "class_mean_depth_m": 0.528070315076816, "scenario_id": "major_breach", "model_type": "Automated approximate 2D flood-routing prototype", "validated_hydraulic_output": false}, "geometry": {"type": "Polygon", "coordinates": [[[75.11722752579999, 18.113615985099997], [75.11722752579999, 18.113338207099996], [75.1175053038, 18.113338207099996], [75.1175053038, 18.113615985099997], [75.11722752579999, 18.113615985099997]]]}}, {"type": "Feature", "properties": {"time_min": 60, "depth_min_m": 0.05, "depth_max_m": 1.0, "depth_class": "0.05\u20131.0 m", "class_area_km2": 0.8447408514100406, "flooded_area_km2": 17.78648792691141, "frame_max_depth_m": 144.69788555673983, "class_mean_depth_m": 0.528070315076816, "scenario_id": "major_breach", "model_type": "Automated approximate 2D flood-routing prototype", "validated_hydraulic_output": false}, "geometry": {"type": "Polygon", "coordinates": [[[75.1133386338, 18.1119493171], [75.1133386338, 18.111671539099998], [75.1136164118, 18.111671539099998], [75.1136164118, 18.1119493171], [75.1133386338, 18.1119493171]]]}}, {"type": "Feature", "properties": {"time_min": 60, "depth_min_m": 0.05, "depth_max_m": 1.0, "depth_class": "0.05\u20131.0 m", "class_area_km2": 0.8447408514100406, "flooded_area_km2": 17.78648792691141, "frame_max_depth_m": 144.69788555673983, "class_mean_depth_m": 0.528070315076816, "scenario_id": "major_breach", "model_type": "Automated approximate 2D flood-routing prototype", "validated_hydraulic_output": false}, "geometry": {"type": "Polygon", "coordinates": [[[75.11444974579999, 18.111393761099997], [75.11444974579999, 18.1111159831], [75.1147275238, 18.1111159831], [75.1147275238, 18.111393761099997], [75.11444974579999, 18.111393761099997]]]}}, {"type": "Feature", "properties": {"time_min": 60, "depth_min_m": 0.05, "depth_max_m": 1.0, "depth_class": "0.05\u20131.0 m", "class_area_km2": 0.8447408514100406, "flooded_area_km2": 17.78648792691141, "frame_max_depth_m": 144.69788555673983, "class_mean_depth_m": 0.528070315076816, "scenario_id": "major_breach", "model_type": "Automated approximate 2D flood-routing prototype", "validated_hydraulic_output": false}, "geometry": {"type": "Polygon", "coordinates": [[[75.1150053018, 18.111393761099997], [75.1150053018, 18.1111159831], [75.1152830798, 18.1111159831], [75.1152830798, 18.111393761099997], [75.1150053018, 18.111393761099997]]]}}, {"type": "Feature", "properties": {"time_min": 60, "depth_min_m": 0.05, "depth_max_m": 1.0, "depth_class": "0.05\u20131.0 m", "class_area_km2": 0.8447408514100406, "flooded_area_km2": 17.78648792691141, "frame_max_depth_m": 144.69788555673983, "class_mean_depth_m": 0.528070315076816, "scenario_id": "major_breach", "model_type": "Automated approximate 2D flood-routing prototype", "validated_hydraulic_output": false}, "geometry": {"type": "Polygon", "coordinates": [[[75.1363942078, 18.1036159771], [75.1363942078, 18.103338199099998], [75.13694976379999, 18.103338199099998], [75.13694976379999, 18.1036159771], [75.1363942078, 18.1036159771]]]}}, {"type": "Feature", "properties": {"time_min": 60, "depth_min_m": 0.05, "depth_max_m": 1.0, "depth_class": "0.05\u20131.0 m", "class_area_km2": 0.8447408514100406, "flooded_area_km2": 17.78648792691141, "frame_max_depth_m": 144.69788555673983, "class_mean_depth_m": 0.528070315076816, "scenario_id": "major_breach", "model_type": "Automated approximate 2D flood-routing prototype", "validated_hydraulic_output": false}, "geometry": {"type": "Polygon", "coordinates": [[[75.1377830978, 18.1036159771], [75.1377830978, 18.103338199099998], [75.1380608758, 18.103338199099998], [75.1380608758, 18.1036159771], [75.1377830978, 18.1036159771]]]}}, {"type": "Feature", "properties": {"time_min": 60, "depth_min_m": 0.05, "depth_max_m": 1.0, "depth_class": "0.05\u20131.0 m", "class_area_km2": 0.8447408514100406, "flooded_area_km2": 17.78648792691141, "frame_max_depth_m": 144.69788555673983, "class_mean_depth_m": 0.528070315076816, "scenario_id": "major_breach", "model_type": "Automated approximate 2D flood-routing prototype", "validated_hydraulic_output": false}, "geometry": {"type": "Polygon", "coordinates": [[[75.1347275398, 18.103338199099998], [75.1347275398, 18.103060421099997], [75.1350053178, 18.103060421099997], [75.1350053178, 18.103338199099998], [75.1347275398, 18.103338199099998]]]}}, {"type": "Feature", "properties": {"time_min": 60, "depth_min_m": 0.05, "depth_max_m": 1.0, "depth_class": "0.05\u20131.0 m", "class_area_km2": 0.8447408514100406, "flooded_area_km2": 17.78648792691141, "frame_max_depth_m": 144.69788555673983, "class_mean_depth_m": 0.528070315076816, "scenario_id": "major_breach", "model_type": "Automated approximate 2D flood-routing prototype", "validated_hydraulic_output": false}, "geometry": {"type": "Polygon", "coordinates": [[[75.1377830978, 18.103060421099997], [75.1377830978, 18.1025048651], [75.1380608758, 18.1025048651], [75.1380608758, 18.103060421099997], [75.1377830978, 18.103060421099997]]]}}, {"type": "Feature", "properties": {"time_min": 60, "depth_min_m": 0.05, "depth_max_m": 1.0, "depth_class": "0.05\u20131.0 m", "class_area_km2": 0.8447408514100406, "flooded_area_km2": 17.78648792691141, "frame_max_depth_m": 144.69788555673983, "class_mean_depth_m": 0.528070315076816, "scenario_id": "major_breach", "model_type": "Automated approximate 2D flood-routing prototype", "validated_hydraulic_output": false}, "geometry": {"type": "Polygon", "coordinates": [[[75.1330608718, 18.1027826431], [75.1330608718, 18.1025048651], [75.1333386498, 18.1025048651], [75.1333386498, 18.1027826431], [75.1330608718, 18.1027826431]]]}}, {"type": "Feature", "properties": {"time_min": 60, "depth_min_m": 0.05, "depth_max_m": 1.0, "depth_class": "0.05\u20131.0 m", "class_area_km2": 0.8447408514100406, "flooded_area_km2": 17.78648792691141, "frame_max_depth_m": 144.69788555673983, "class_mean_depth_m": 0.528070315076816, "scenario_id": "major_breach", "model_type": "Automated approximate 2D flood-routing prototype", "validated_hydraulic_output": false}, "geometry": {"type": "Polygon", "coordinates": [[[75.14139421179999, 18.1027826431], [75.14139421179999, 18.102227087099998], [75.14167198979999, 18.102227087099998], [75.14167198979999, 18.1027826431], [75.14139421179999, 18.1027826431]]]}}, {"type": "Feature", "properties": {"time_min": 60, "depth_min_m": 0.05, "depth_max_m": 1.0, "depth_class": "0.05\u20131.0 m", "class_area_km2": 0.8447408514100406, "flooded_area_km2": 17.78648792691141, "frame_max_depth_m": 144.69788555673983, "class_mean_depth_m": 0.528070315076816, "scenario_id": "major_breach", "model_type": "Automated approximate 2D flood-routing prototype", "validated_hydraulic_output": false}, "geometry": {"type": "Polygon", "coordinates": [[[75.13222753779999, 18.102227087099998], [75.13222753779999, 18.101949309099997], [75.13250531579999, 18.101949309099997], [75.13250531579999, 18.102227087099998], [75.13222753779999, 18.102227087099998]]]}}, {"type": "Feature", "properties": {"time_min": 60, "depth_min_m": 0.05, "depth_max_m": 1.0, "depth_class": "0.05\u20131.0 m", "class_area_km2": 0.8447408514100406, "flooded_area_km2": 17.78648792691141, "frame_max_depth_m": 144.69788555673983, "class_mean_depth_m": 0.528070315076816, "scenario_id": "major_breach", "model_type": "Automated approximate 2D flood-routing prototype", "validated_hydraulic_output": false}, "geometry": {"type": "Polygon", "coordinates": [[[75.14000532179999, 18.102227087099998], [75.14000532179999, 18.101949309099997], [75.1402830998, 18.101949309099997], [75.1402830998, 18.102227087099998], [75.14000532179999, 18.102227087099998]]]}}, {"type": "Feature", "properties": {"time_min": 60, "depth_min_m": 0.05, "depth_max_m": 1.0, "depth_class": "0.05\u20131.0 m", "class_area_km2": 0.8447408514100406, "flooded_area_km2": 17.78648792691141, "frame_max_depth_m": 144.69788555673983, "class_mean_depth_m": 0.528070315076816, "scenario_id": "major_breach", "model_type": "Automated approximate 2D flood-routing prototype", "validated_hydraulic_output": false}, "geometry": {"type": "Polygon", "coordinates": [[[75.1411164338, 18.102227087099998], [75.1411164338, 18.101949309099997], [75.14139421179999, 18.101949309099997], [75.14139421179999, 18.102227087099998], [75.1411164338, 18.102227087099998]]]}}, {"type": "Feature", "properties": {"time_min": 60, "depth_min_m": 0.05, "depth_max_m": 1.0, "depth_class": "0.05\u20131.0 m", "class_area_km2": 0.8447408514100406, "flooded_area_km2": 17.78648792691141, "frame_max_depth_m": 144.69788555673983, "class_mean_depth_m": 0.528070315076816, "scenario_id": "major_breach", "model_type": "Automated approximate 2D flood-routing prototype", "validated_hydraulic_output": false}, "geometry": {"type": "Polygon", "coordinates": [[[75.1405608778, 18.101949309099997], [75.1405608778, 18.1016715311], [75.1411164338, 18.1016715311], [75.1411164338, 18.101949309099997], [75.1405608778, 18.101949309099997]]]}}, {"type": "Feature", "properties": {"time_min": 60, "depth_min_m": 0.05, "depth_max_m": 1.0, "depth_class": "0.05\u20131.0 m", "class_area_km2": 0.8447408514100406, "flooded_area_km2": 17.78648792691141, "frame_max_depth_m": 144.69788555673983, "class_mean_depth_m": 0.528070315076816, "scenario_id": "major_breach", "model_type": "Automated approximate 2D flood-routing prototype", "validated_hydraulic_output": false}, "geometry": {"type": "Polygon", "coordinates": [[[75.14167198979999, 18.1016715311], [75.14167198979999, 18.101393753099998], [75.1419497678, 18.101393753099998], [75.1419497678, 18.1016715311], [75.14167198979999, 18.1016715311]]]}}, {"type": "Feature", "properties": {"time_min": 60, "depth_min_m": 0.05, "depth_max_m": 1.0, "depth_class": "0.05\u20131.0 m", "class_area_km2": 0.8447408514100406, "flooded_area_km2": 17.78648792691141, "frame_max_depth_m": 144.69788555673983, "class_mean_depth_m": 0.528070315076816, "scenario_id": "major_breach", "model_type": "Automated approximate 2D flood-routing prototype", "validated_hydraulic_output": false}, "geometry": {"type": "Polygon", "coordinates": [[[75.1316719818, 18.1016715311], [75.1316719818, 18.101115975099997], [75.1319497598, 18.101115975099997], [75.1319497598, 18.1016715311], [75.1316719818, 18.1016715311]]]}}, {"type": "Feature", "properties": {"time_min": 60, "depth_min_m": 0.05, "depth_max_m": 1.0, "depth_class": "0.05\u20131.0 m", "class_area_km2": 0.8447408514100406, "flooded_area_km2": 17.78648792691141, "frame_max_depth_m": 144.69788555673983, "class_mean_depth_m": 0.528070315076816, "scenario_id": "major_breach", "model_type": "Automated approximate 2D flood-routing prototype", "validated_hydraulic_output": false}, "geometry": {"type": "Polygon", "coordinates": [[[75.12917197979999, 18.100838197099996], [75.12917197979999, 18.1005604191], [75.12944975779999, 18.1005604191], [75.12944975779999, 18.100838197099996], [75.12917197979999, 18.100838197099996]]]}}, {"type": "Feature", "properties": {"time_min": 60, "depth_min_m": 0.05, "depth_max_m": 1.0, "depth_class": "0.05\u20131.0 m", "class_area_km2": 0.8447408514100406, "flooded_area_km2": 17.78648792691141, "frame_max_depth_m": 144.69788555673983, "class_mean_depth_m": 0.528070315076816, "scenario_id": "major_breach", "model_type": "Automated approximate 2D flood-routing prototype", "validated_hydraulic_output": false}, "geometry": {"type": "Polygon", "coordinates": [[[75.1300053138, 18.0997270851], [75.1300053138, 18.0994493071], [75.1302830918, 18.0994493071], [75.1302830918, 18.0997270851], [75.1300053138, 18.0997270851]]]}}, {"type": "Feature", "properties": {"time_min": 60, "depth_min_m": 0.05, "depth_max_m": 1.0, "depth_class": "0.05\u20131.0 m", "class_area_km2": 0.8447408514100406, "flooded_area_km2": 17.78648792691141, "frame_max_depth_m": 144.69788555673983, "class_mean_depth_m": 0.528070315076816, "scenario_id": "major_breach", "model_type": "Automated approximate 2D flood-routing prototype", "validated_hydraulic_output": false}, "geometry": {"type": "Polygon", "coordinates": [[[75.1302830918, 18.098893751099997], [75.1302830918, 18.098060417099997], [75.1305608698, 18.098060417099997], [75.1305608698, 18.098893751099997], [75.1302830918, 18.098893751099997]]]}}, {"type": "Feature", "properties": {"time_min": 60, "depth_min_m": 0.05, "depth_max_m": 1.0, "depth_class": "0.05\u20131.0 m", "class_area_km2": 0.8447408514100406, "flooded_area_km2": 17.78648792691141, "frame_max_depth_m": 144.69788555673983, "class_mean_depth_m": 0.528070315076816, "scenario_id": "major_breach", "model_type": "Automated approximate 2D flood-routing prototype", "validated_hydraulic_output": false}, "geometry": {"type": "Polygon", "coordinates": [[[75.1297275358, 18.096949305099997], [75.1297275358, 18.096671527099996], [75.1305608698, 18.096671527099996], [75.1305608698, 18.096949305099997], [75.1297275358, 18.096949305099997]]]}}, {"type": "Feature", "properties": {"time_min": 60, "depth_min_m": 0.05, "depth_max_m": 1.0, "depth_class": "0.05\u20131.0 m", "class_area_km2": 0.8447408514100406, "flooded_area_km2": 17.78648792691141, "frame_max_depth_m": 144.69788555673983, "class_mean_depth_m": 0.528070315076816, "scenario_id": "major_breach", "model_type": "Automated approximate 2D flood-routing prototype", "validated_hydraulic_output": false}, "geometry": {"type": "Polygon", "coordinates": [[[75.1408386558, 18.0963937491], [75.1408386558, 18.096115971099998], [75.1411164338, 18.096115971099998], [75.1411164338, 18.0963937491], [75.1408386558, 18.0963937491]]]}}, {"type": "Feature", "properties": {"time_min": 60, "depth_min_m": 0.05, "depth_max_m": 1.0, "depth_class": "0.05\u20131.0 m", "class_area_km2": 0.8447408514100406, "flooded_area_km2": 17.78648792691141, "frame_max_depth_m": 144.69788555673983, "class_mean_depth_m": 0.528070315076816, "scenario_id": "major_breach", "model_type": "Automated approximate 2D flood-routing prototype", "validated_hydraulic_output": false}, "geometry": {"type": "Polygon", "coordinates": [[[75.1450053258, 18.095004859099998], [75.1450053258, 18.094727081099997], [75.1452831038, 18.094727081099997], [75.1452831038, 18.095004859099998], [75.1450053258, 18.095004859099998]]]}}, {"type": "Feature", "properties": {"time_min": 60, "depth_min_m": 0.05, "depth_max_m": 1.0, "depth_class": "0.05\u20131.0 m", "class_area_km2": 0.8447408514100406, "flooded_area_km2": 17.78648792691141, "frame_max_depth_m": 144.69788555673983, "class_mean_depth_m": 0.528070315076816, "scenario_id": "major_breach", "model_type": "Automated approximate 2D flood-routing prototype", "validated_hydraulic_output": false}, "geometry": {"type": "Polygon", "coordinates": [[[75.1288942018, 18.0941715251], [75.1288942018, 18.093893747099997], [75.12917197979999, 18.093893747099997], [75.12917197979999, 18.0941715251], [75.1288942018, 18.0941715251]]]}}, {"type": "Feature", "properties": {"time_min": 60, "depth_min_m": 0.05, "depth_max_m": 1.0, "depth_class": "0.05\u20131.0 m", "class_area_km2": 0.8447408514100406, "flooded_area_km2": 17.78648792691141, "frame_max_depth_m": 144.69788555673983, "class_mean_depth_m": 0.528070315076816, "scenario_id": "major_breach", "model_type": "Automated approximate 2D flood-routing prototype", "validated_hydraulic_output": false}, "geometry": {"type": "Polygon", "coordinates": [[[75.12917197979999, 18.093893747099997], [75.12917197979999, 18.093615969099996], [75.12944975779999, 18.093615969099996], [75.12944975779999, 18.093893747099997], [75.12917197979999, 18.093893747099997]]]}}, {"type": "Feature", "properties": {"time_min": 60, "depth_min_m": 0.05, "depth_max_m": 1.0, "depth_class": "0.05\u20131.0 m", "class_area_km2": 0.8447408514100406, "flooded_area_km2": 17.78648792691141, "frame_max_depth_m": 144.69788555673983, "class_mean_depth_m": 0.528070315076816, "scenario_id": "major_breach", "model_type": "Automated approximate 2D flood-routing prototype", "validated_hydraulic_output": false}, "geometry": {"type": "Polygon", "coordinates": [[[75.1455608818, 18.093615969099996], [75.1455608818, 18.0933381911], [75.14583865979999, 18.0933381911], [75.14583865979999, 18.093615969099996], [75.1455608818, 18.093615969099996]]]}}, {"type": "Feature", "properties": {"time_min": 60, "depth_min_m": 0.05, "depth_max_m": 1.0, "depth_class": "0.05\u20131.0 m", "class_area_km2": 0.8447408514100406, "flooded_area_km2": 17.78648792691141, "frame_max_depth_m": 144.69788555673983, "class_mean_depth_m": 0.528070315076816, "scenario_id": "major_breach", "model_type": "Automated approximate 2D flood-routing prototype", "validated_hydraulic_output": false}, "geometry": {"type": "Polygon", "coordinates": [[[75.1288942018, 18.0933381911], [75.1288942018, 18.093060413099998], [75.12917197979999, 18.093060413099998], [75.12917197979999, 18.0933381911], [75.1288942018, 18.0933381911]]]}}, {"type": "Feature", "properties": {"time_min": 60, "depth_min_m": 0.05, "depth_max_m": 1.0, "depth_class": "0.05\u20131.0 m", "class_area_km2": 0.8447408514100406, "flooded_area_km2": 17.78648792691141, "frame_max_depth_m": 144.69788555673983, "class_mean_depth_m": 0.528070315076816, "scenario_id": "major_breach", "model_type": "Automated approximate 2D flood-routing prototype", "validated_hydraulic_output": false}, "geometry": {"type": "Polygon", "coordinates": [[[75.14917199579999, 18.092504857099996], [75.14917199579999, 18.0922270791], [75.1494497738, 18.0922270791], [75.1494497738, 18.092504857099996], [75.14917199579999, 18.092504857099996]]]}}, {"type": "Feature", "properties": {"time_min": 60, "depth_min_m": 0.05, "depth_max_m": 1.0, "depth_class": "0.05\u20131.0 m", "class_area_km2": 0.8447408514100406, "flooded_area_km2": 17.78648792691141, "frame_max_depth_m": 144.69788555673983, "class_mean_depth_m": 0.528070315076816, "scenario_id": "major_breach", "model_type": "Automated approximate 2D flood-routing prototype", "validated_hydraulic_output": false}, "geometry": {"type": "Polygon", "coordinates": [[[75.1288942018, 18.092504857099996], [75.1288942018, 18.091949301099998], [75.12917197979999, 18.091949301099998], [75.12917197979999, 18.092504857099996], [75.1288942018, 18.092504857099996]]]}}, {"type": "Feature", "properties": {"time_min": 60, "depth_min_m": 0.05, "depth_max_m": 1.0, "depth_class": "0.05\u20131.0 m", "class_area_km2": 0.8447408514100406, "flooded_area_km2": 17.78648792691141, "frame_max_depth_m": 144.69788555673983, "class_mean_depth_m": 0.528070315076816, "scenario_id": "major_breach", "model_type": "Automated approximate 2D flood-routing prototype", "validated_hydraulic_output": false}, "geometry": {"type": "Polygon", "coordinates": [[[75.12944975779999, 18.091671523099997], [75.12944975779999, 18.0913937451], [75.1297275358, 18.0913937451], [75.1297275358, 18.091671523099997], [75.12944975779999, 18.091671523099997]]]}}, {"type": "Feature", "properties": {"time_min": 60, "depth_min_m": 0.05, "depth_max_m": 1.0, "depth_class": "0.05\u20131.0 m", "class_area_km2": 0.8447408514100406, "flooded_area_km2": 17.78648792691141, "frame_max_depth_m": 144.69788555673983, "class_mean_depth_m": 0.528070315076816, "scenario_id": "major_breach", "model_type": "Automated approximate 2D flood-routing prototype", "validated_hydraulic_output": false}, "geometry": {"type": "Polygon", "coordinates": [[[75.1297275358, 18.0913937451], [75.1297275358, 18.0911159671], [75.1300053138, 18.0911159671], [75.1300053138, 18.0913937451], [75.1297275358, 18.0913937451]]]}}, {"type": "Feature", "properties": {"time_min": 60, "depth_min_m": 0.05, "depth_max_m": 1.0, "depth_class": "0.05\u20131.0 m", "class_area_km2": 0.8447408514100406, "flooded_area_km2": 17.78648792691141, "frame_max_depth_m": 144.69788555673983, "class_mean_depth_m": 0.528070315076816, "scenario_id": "major_breach", "model_type": "Automated approximate 2D flood-routing prototype", "validated_hydraulic_output": false}, "geometry": {"type": "Polygon", "coordinates": [[[75.1300053138, 18.0900048551], [75.1300053138, 18.089449299099996], [75.1302830918, 18.089449299099996], [75.1302830918, 18.0900048551], [75.1300053138, 18.0900048551]]]}}, {"type": "Feature", "properties": {"time_min": 60, "depth_min_m": 0.05, "depth_max_m": 1.0, "depth_class": "0.05\u20131.0 m", "class_area_km2": 0.8447408514100406, "flooded_area_km2": 17.78648792691141, "frame_max_depth_m": 144.69788555673983, "class_mean_depth_m": 0.528070315076816, "scenario_id": "major_breach", "model_type": "Automated approximate 2D flood-routing prototype", "validated_hydraulic_output": false}, "geometry": {"type": "Polygon", "coordinates": [[[75.1108386318, 18.089449299099996], [75.1108386318, 18.0891715211], [75.11139418779999, 18.0891715211], [75.11139418779999, 18.089449299099996], [75.1108386318, 18.089449299099996]]]}}, {"type": "Feature", "properties": {"time_min": 60, "depth_min_m": 0.05, "depth_max_m": 1.0, "depth_class": "0.05\u20131.0 m", "class_area_km2": 0.8447408514100406, "flooded_area_km2": 17.78648792691141, "frame_max_depth_m": 144.69788555673983, "class_mean_depth_m": 0.528070315076816, "scenario_id": "major_breach", "model_type": "Automated approximate 2D flood-routing prototype", "validated_hydraulic_output": false}, "geometry": {"type": "Polygon", "coordinates": [[[75.1302830918, 18.089449299099996], [75.1302830918, 18.0891715211], [75.1305608698, 18.0891715211], [75.1305608698, 18.089449299099996], [75.1302830918, 18.089449299099996]]]}}, {"type": "Feature", "properties": {"time_min": 60, "depth_min_m": 0.05, "depth_max_m": 1.0, "depth_class": "0.05\u20131.0 m", "class_area_km2": 0.8447408514100406, "flooded_area_km2": 17.78648792691141, "frame_max_depth_m": 144.69788555673983, "class_mean_depth_m": 0.528070315076816, "scenario_id": "major_breach", "model_type": "Automated approximate 2D flood-routing prototype", "validated_hydraulic_output": false}, "geometry": {"type": "Polygon", "coordinates": [[[75.1119497438, 18.089449299099996], [75.1119497438, 18.0891715211], [75.1116719658, 18.0891715211], [75.1116719658, 18.088615965099997], [75.1119497438, 18.088615965099997], [75.1119497438, 18.088338187099996], [75.1122275218, 18.088338187099996], [75.1122275218, 18.089449299099996], [75.1119497438, 18.089449299099996]]]}}, {"type": "Feature", "properties": {"time_min": 60, "depth_min_m": 0.05, "depth_max_m": 1.0, "depth_class": "0.05\u20131.0 m", "class_area_km2": 0.8447408514100406, "flooded_area_km2": 17.78648792691141, "frame_max_depth_m": 144.69788555673983, "class_mean_depth_m": 0.528070315076816, "scenario_id": "major_breach", "model_type": "Automated approximate 2D flood-routing prototype", "validated_hydraulic_output": false}, "geometry": {"type": "Polygon", "coordinates": [[[75.13083864779999, 18.088615965099997], [75.13083864779999, 18.088338187099996], [75.13111642579999, 18.088338187099996], [75.13111642579999, 18.088615965099997], [75.13083864779999, 18.088615965099997]]]}}, {"type": "Feature", "properties": {"time_min": 60, "depth_min_m": 0.05, "depth_max_m": 1.0, "depth_class": "0.05\u20131.0 m", "class_area_km2": 0.8447408514100406, "flooded_area_km2": 17.78648792691141, "frame_max_depth_m": 144.69788555673983, "class_mean_depth_m": 0.528070315076816, "scenario_id": "major_breach", "model_type": "Automated approximate 2D flood-routing prototype", "validated_hydraulic_output": false}, "geometry": {"type": "Polygon", "coordinates": [[[75.15361644379999, 18.088615965099997], [75.15361644379999, 18.0880604091], [75.15389422179999, 18.0880604091], [75.15389422179999, 18.088615965099997], [75.15361644379999, 18.088615965099997]]]}}, {"type": "Feature", "properties": {"time_min": 60, "depth_min_m": 0.05, "depth_max_m": 1.0, "depth_class": "0.05\u20131.0 m", "class_area_km2": 0.8447408514100406, "flooded_area_km2": 17.78648792691141, "frame_max_depth_m": 144.69788555673983, "class_mean_depth_m": 0.528070315076816, "scenario_id": "major_breach", "model_type": "Automated approximate 2D flood-routing prototype", "validated_hydraulic_output": false}, "geometry": {"type": "Polygon", "coordinates": [[[75.12944975779999, 18.088893743099998], [75.12944975779999, 18.087782631099998], [75.1297275358, 18.087782631099998], [75.1297275358, 18.088893743099998], [75.12944975779999, 18.088893743099998]]]}}, {"type": "Feature", "properties": {"time_min": 60, "depth_min_m": 0.05, "depth_max_m": 1.0, "depth_class": "0.05\u20131.0 m", "class_area_km2": 0.8447408514100406, "flooded_area_km2": 17.78648792691141, "frame_max_depth_m": 144.69788555673983, "class_mean_depth_m": 0.528070315076816, "scenario_id": "major_breach", "model_type": "Automated approximate 2D flood-routing prototype", "validated_hydraulic_output": false}, "geometry": {"type": "Polygon", "coordinates": [[[75.1541719998, 18.0880604091], [75.1541719998, 18.087782631099998], [75.1544497778, 18.087782631099998], [75.1544497778, 18.0880604091], [75.1541719998, 18.0880604091]]]}}, {"type": "Feature", "properties": {"time_min": 60, "depth_min_m": 0.05, "depth_max_m": 1.0, "depth_class": "0.05\u20131.0 m", "class_area_km2": 0.8447408514100406, "flooded_area_km2": 17.78648792691141, "frame_max_depth_m": 144.69788555673983, "class_mean_depth_m": 0.528070315076816, "scenario_id": "major_breach", "model_type": "Automated approximate 2D flood-routing prototype", "validated_hydraulic_output": false}, "geometry": {"type": "Polygon", "coordinates": [[[75.07639415979999, 18.0880604091], [75.07639415979999, 18.087504853099997], [75.07611638179999, 18.087504853099997], [75.07611638179999, 18.0872270751], [75.0766719378, 18.0872270751], [75.0766719378, 18.087504853099997], [75.0769497158, 18.087504853099997], [75.0769497158, 18.087782631099998], [75.0766719378, 18.087782631099998], [75.0766719378, 18.0880604091], [75.07639415979999, 18.0880604091]]]}}, {"type": "Feature", "properties": {"time_min": 60, "depth_min_m": 0.05, "depth_max_m": 1.0, "depth_class": "0.05\u20131.0 m", "class_area_km2": 0.8447408514100406, "flooded_area_km2": 17.78648792691141, "frame_max_depth_m": 144.69788555673983, "class_mean_depth_m": 0.528070315076816, "scenario_id": "major_breach", "model_type": "Automated approximate 2D flood-routing prototype", "validated_hydraulic_output": false}, "geometry": {"type": "Polygon", "coordinates": [[[75.0769497158, 18.087504853099997], [75.0769497158, 18.0872270751], [75.0772274938, 18.0872270751], [75.0772274938, 18.087504853099997], [75.0769497158, 18.087504853099997]]]}}, {"type": "Feature", "properties": {"time_min": 60, "depth_min_m": 0.05, "depth_max_m": 1.0, "depth_class": "0.05\u20131.0 m", "class_area_km2": 0.8447408514100406, "flooded_area_km2": 17.78648792691141, "frame_max_depth_m": 144.69788555673983, "class_mean_depth_m": 0.528070315076816, "scenario_id": "major_breach", "model_type": "Automated approximate 2D flood-routing prototype", "validated_hydraulic_output": false}, "geometry": {"type": "Polygon", "coordinates": [[[75.1122275218, 18.087504853099997], [75.1122275218, 18.0872270751], [75.11250529979999, 18.0872270751], [75.11250529979999, 18.087504853099997], [75.1122275218, 18.087504853099997]]]}}, {"type": "Feature", "properties": {"time_min": 60, "depth_min_m": 0.05, "depth_max_m": 1.0, "depth_class": "0.05\u20131.0 m", "class_area_km2": 0.8447408514100406, "flooded_area_km2": 17.78648792691141, "frame_max_depth_m": 144.69788555673983, "class_mean_depth_m": 0.528070315076816, "scenario_id": "major_breach", "model_type": "Automated approximate 2D flood-routing prototype", "validated_hydraulic_output": false}, "geometry": {"type": "Polygon", "coordinates": [[[75.12944975779999, 18.087504853099997], [75.12944975779999, 18.0872270751], [75.1297275358, 18.0872270751], [75.1297275358, 18.087504853099997], [75.12944975779999, 18.087504853099997]]]}}, {"type": "Feature", "properties": {"time_min": 60, "depth_min_m": 0.05, "depth_max_m": 1.0, "depth_class": "0.05\u20131.0 m", "class_area_km2": 0.8447408514100406, "flooded_area_km2": 17.78648792691141, "frame_max_depth_m": 144.69788555673983, "class_mean_depth_m": 0.528070315076816, "scenario_id": "major_breach", "model_type": "Automated approximate 2D flood-routing prototype", "validated_hydraulic_output": false}, "geometry": {"type": "Polygon", "coordinates": [[[75.07750527179999, 18.0872270751], [75.07750527179999, 18.0869492971], [75.07778304979999, 18.0869492971], [75.07778304979999, 18.0872270751], [75.07750527179999, 18.0872270751]]]}}, {"type": "Feature", "properties": {"time_min": 60, "depth_min_m": 0.05, "depth_max_m": 1.0, "depth_class": "0.05\u20131.0 m", "class_area_km2": 0.8447408514100406, "flooded_area_km2": 17.78648792691141, "frame_max_depth_m": 144.69788555673983, "class_mean_depth_m": 0.528070315076816, "scenario_id": "major_breach", "model_type": "Automated approximate 2D flood-routing prototype", "validated_hydraulic_output": false}, "geometry": {"type": "Polygon", "coordinates": [[[75.1297275358, 18.0872270751], [75.1297275358, 18.0869492971], [75.1300053138, 18.0869492971], [75.1300053138, 18.0872270751], [75.1297275358, 18.0872270751]]]}}, {"type": "Feature", "properties": {"time_min": 60, "depth_min_m": 0.05, "depth_max_m": 1.0, "depth_class": "0.05\u20131.0 m", "class_area_km2": 0.8447408514100406, "flooded_area_km2": 17.78648792691141, "frame_max_depth_m": 144.69788555673983, "class_mean_depth_m": 0.528070315076816, "scenario_id": "major_breach", "model_type": "Automated approximate 2D flood-routing prototype", "validated_hydraulic_output": false}, "geometry": {"type": "Polygon", "coordinates": [[[75.0758386038, 18.0869492971], [75.0758386038, 18.086671519099998], [75.07611638179999, 18.086671519099998], [75.07611638179999, 18.0869492971], [75.0758386038, 18.0869492971]]]}}, {"type": "Feature", "properties": {"time_min": 60, "depth_min_m": 0.05, "depth_max_m": 1.0, "depth_class": "0.05\u20131.0 m", "class_area_km2": 0.8447408514100406, "flooded_area_km2": 17.78648792691141, "frame_max_depth_m": 144.69788555673983, "class_mean_depth_m": 0.528070315076816, "scenario_id": "major_breach", "model_type": "Automated approximate 2D flood-routing prototype", "validated_hydraulic_output": false}, "geometry": {"type": "Polygon", "coordinates": [[[75.11250529979999, 18.0869492971], [75.11250529979999, 18.086671519099998], [75.11278307779999, 18.086671519099998], [75.11278307779999, 18.0869492971], [75.11250529979999, 18.0869492971]]]}}, {"type": "Feature", "properties": {"time_min": 60, "depth_min_m": 0.05, "depth_max_m": 1.0, "depth_class": "0.05\u20131.0 m", "class_area_km2": 0.8447408514100406, "flooded_area_km2": 17.78648792691141, "frame_max_depth_m": 144.69788555673983, "class_mean_depth_m": 0.528070315076816, "scenario_id": "major_breach", "model_type": "Automated approximate 2D flood-routing prototype", "validated_hydraulic_output": false}, "geometry": {"type": "Polygon", "coordinates": [[[75.07778304979999, 18.0869492971], [75.07778304979999, 18.086671519099998], [75.0786163838, 18.086671519099998], [75.0786163838, 18.086393741099997], [75.07917193979999, 18.086393741099997], [75.07917193979999, 18.086671519099998], [75.0788941618, 18.086671519099998], [75.0788941618, 18.0869492971], [75.07778304979999, 18.0869492971]]]}}, {"type": "Feature", "properties": {"time_min": 60, "depth_min_m": 0.05, "depth_max_m": 1.0, "depth_class": "0.05\u20131.0 m", "class_area_km2": 0.8447408514100406, "flooded_area_km2": 17.78648792691141, "frame_max_depth_m": 144.69788555673983, "class_mean_depth_m": 0.528070315076816, "scenario_id": "major_breach", "model_type": "Automated approximate 2D flood-routing prototype", "validated_hydraulic_output": false}, "geometry": {"type": "Polygon", "coordinates": [[[75.15222755379999, 18.086671519099998], [75.15222755379999, 18.086393741099997], [75.1525053318, 18.086393741099997], [75.1525053318, 18.086671519099998], [75.15222755379999, 18.086671519099998]]]}}, {"type": "Feature", "properties": {"time_min": 60, "depth_min_m": 0.05, "depth_max_m": 1.0, "depth_class": "0.05\u20131.0 m", "class_area_km2": 0.8447408514100406, "flooded_area_km2": 17.78648792691141, "frame_max_depth_m": 144.69788555673983, "class_mean_depth_m": 0.528070315076816, "scenario_id": "major_breach", "model_type": "Automated approximate 2D flood-routing prototype", "validated_hydraulic_output": false}, "geometry": {"type": "Polygon", "coordinates": [[[75.0755608258, 18.086671519099998], [75.0755608258, 18.0861159631], [75.07611638179999, 18.0861159631], [75.07611638179999, 18.086393741099997], [75.0758386038, 18.086393741099997], [75.0758386038, 18.086671519099998], [75.0755608258, 18.086671519099998]]]}}, {"type": "Feature", "properties": {"time_min": 60, "depth_min_m": 0.05, "depth_max_m": 1.0, "depth_class": "0.05\u20131.0 m", "class_area_km2": 0.8447408514100406, "flooded_area_km2": 17.78648792691141, "frame_max_depth_m": 144.69788555673983, "class_mean_depth_m": 0.528070315076816, "scenario_id": "major_breach", "model_type": "Automated approximate 2D flood-routing prototype", "validated_hydraulic_output": false}, "geometry": {"type": "Polygon", "coordinates": [[[75.07917193979999, 18.086393741099997], [75.07917193979999, 18.0861159631], [75.0797274958, 18.0861159631], [75.0797274958, 18.086393741099997], [75.07917193979999, 18.086393741099997]]]}}, {"type": "Feature", "properties": {"time_min": 60, "depth_min_m": 0.05, "depth_max_m": 1.0, "depth_class": "0.05\u20131.0 m", "class_area_km2": 0.8447408514100406, "flooded_area_km2": 17.78648792691141, "frame_max_depth_m": 144.69788555673983, "class_mean_depth_m": 0.528070315076816, "scenario_id": "major_breach", "model_type": "Automated approximate 2D flood-routing prototype", "validated_hydraulic_output": false}, "geometry": {"type": "Polygon", "coordinates": [[[75.1486164398, 18.086393741099997], [75.1486164398, 18.0861159631], [75.14917199579999, 18.0861159631], [75.14917199579999, 18.086393741099997], [75.1486164398, 18.086393741099997]]]}}, {"type": "Feature", "properties": {"time_min": 60, "depth_min_m": 0.05, "depth_max_m": 1.0, "depth_class": "0.05\u20131.0 m", "class_area_km2": 0.8447408514100406, "flooded_area_km2": 17.78648792691141, "frame_max_depth_m": 144.69788555673983, "class_mean_depth_m": 0.528070315076816, "scenario_id": "major_breach", "model_type": "Automated approximate 2D flood-routing prototype", "validated_hydraulic_output": false}, "geometry": {"type": "Polygon", "coordinates": [[[75.0797274958, 18.0861159631], [75.0797274958, 18.0858381851], [75.0802830518, 18.0858381851], [75.0802830518, 18.0861159631], [75.0797274958, 18.0861159631]]]}}, {"type": "Feature", "properties": {"time_min": 60, "depth_min_m": 0.05, "depth_max_m": 1.0, "depth_class": "0.05\u20131.0 m", "class_area_km2": 0.8447408514100406, "flooded_area_km2": 17.78648792691141, "frame_max_depth_m": 144.69788555673983, "class_mean_depth_m": 0.528070315076816, "scenario_id": "major_breach", "model_type": "Automated approximate 2D flood-routing prototype", "validated_hydraulic_output": false}, "geometry": {"type": "Polygon", "coordinates": [[[75.10833862979999, 18.0861159631], [75.10833862979999, 18.0858381851], [75.1086164078, 18.0858381851], [75.1086164078, 18.0861159631], [75.10833862979999, 18.0861159631]]]}}, {"type": "Feature", "properties": {"time_min": 60, "depth_min_m": 0.05, "depth_max_m": 1.0, "depth_class": "0.05\u20131.0 m", "class_area_km2": 0.8447408514100406, "flooded_area_km2": 17.78648792691141, "frame_max_depth_m": 144.69788555673983, "class_mean_depth_m": 0.528070315076816, "scenario_id": "major_breach", "model_type": "Automated approximate 2D flood-routing prototype", "validated_hydraulic_output": false}, "geometry": {"type": "Polygon", "coordinates": [[[75.11278307779999, 18.0861159631], [75.11278307779999, 18.0858381851], [75.1130608558, 18.0858381851], [75.1130608558, 18.0861159631], [75.11278307779999, 18.0861159631]]]}}, {"type": "Feature", "properties": {"time_min": 60, "depth_min_m": 0.05, "depth_max_m": 1.0, "depth_class": "0.05\u20131.0 m", "class_area_km2": 0.8447408514100406, "flooded_area_km2": 17.78648792691141, "frame_max_depth_m": 144.69788555673983, "class_mean_depth_m": 0.528070315076816, "scenario_id": "major_breach", "model_type": "Automated approximate 2D flood-routing prototype", "validated_hydraulic_output": false}, "geometry": {"type": "Polygon", "coordinates": [[[75.08056082979999, 18.0858381851], [75.08056082979999, 18.085560407099997], [75.0811163858, 18.085560407099997], [75.0811163858, 18.0858381851], [75.08056082979999, 18.0858381851]]]}}, {"type": "Feature", "properties": {"time_min": 60, "depth_min_m": 0.05, "depth_max_m": 1.0, "depth_class": "0.05\u20131.0 m", "class_area_km2": 0.8447408514100406, "flooded_area_km2": 17.78648792691141, "frame_max_depth_m": 144.69788555673983, "class_mean_depth_m": 0.528070315076816, "scenario_id": "major_breach", "model_type": "Automated approximate 2D flood-routing prototype", "validated_hydraulic_output": false}, "geometry": {"type": "Polygon", "coordinates": [[[75.1300053138, 18.0858381851], [75.1300053138, 18.085560407099997], [75.1302830918, 18.085560407099997], [75.1302830918, 18.0858381851], [75.1300053138, 18.0858381851]]]}}, {"type": "Feature", "properties": {"time_min": 60, "depth_min_m": 0.05, "depth_max_m": 1.0, "depth_class": "0.05\u20131.0 m", "class_area_km2": 0.8447408514100406, "flooded_area_km2": 17.78648792691141, "frame_max_depth_m": 144.69788555673983, "class_mean_depth_m": 0.528070315076816, "scenario_id": "major_breach", "model_type": "Automated approximate 2D flood-routing prototype", "validated_hydraulic_output": false}, "geometry": {"type": "Polygon", "coordinates": [[[75.1483386618, 18.0858381851], [75.1483386618, 18.085560407099997], [75.1486164398, 18.085560407099997], [75.1486164398, 18.0858381851], [75.1483386618, 18.0858381851]]]}}, {"type": "Feature", "properties": {"time_min": 60, "depth_min_m": 0.05, "depth_max_m": 1.0, "depth_class": "0.05\u20131.0 m", "class_area_km2": 0.8447408514100406, "flooded_area_km2": 17.78648792691141, "frame_max_depth_m": 144.69788555673983, "class_mean_depth_m": 0.528070315076816, "scenario_id": "major_breach", "model_type": "Automated approximate 2D flood-routing prototype", "validated_hydraulic_output": false}, "geometry": {"type": "Polygon", "coordinates": [[[75.0811163858, 18.085560407099997], [75.0811163858, 18.085282629099996], [75.0813941638, 18.085282629099996], [75.0813941638, 18.085560407099997], [75.0811163858, 18.085560407099997]]]}}, {"type": "Feature", "properties": {"time_min": 60, "depth_min_m": 0.05, "depth_max_m": 1.0, "depth_class": "0.05\u20131.0 m", "class_area_km2": 0.8447408514100406, "flooded_area_km2": 17.78648792691141, "frame_max_depth_m": 144.69788555673983, "class_mean_depth_m": 0.528070315076816, "scenario_id": "major_breach", "model_type": "Automated approximate 2D flood-routing prototype", "validated_hydraulic_output": false}, "geometry": {"type": "Polygon", "coordinates": [[[75.10806085179999, 18.085560407099997], [75.10806085179999, 18.085282629099996], [75.10833862979999, 18.085282629099996], [75.10833862979999, 18.085560407099997], [75.10806085179999, 18.085560407099997]]]}}, {"type": "Feature", "properties": {"time_min": 60, "depth_min_m": 0.05, "depth_max_m": 1.0, "depth_class": "0.05\u20131.0 m", "class_area_km2": 0.8447408514100406, "flooded_area_km2": 17.78648792691141, "frame_max_depth_m": 144.69788555673983, "class_mean_depth_m": 0.528070315076816, "scenario_id": "major_breach", "model_type": "Automated approximate 2D flood-routing prototype", "validated_hydraulic_output": false}, "geometry": {"type": "Polygon", "coordinates": [[[75.0772274938, 18.0858381851], [75.0772274938, 18.084727073099998], [75.07750527179999, 18.084727073099998], [75.07750527179999, 18.085282629099996], [75.07778304979999, 18.085282629099996], [75.07778304979999, 18.0858381851], [75.0772274938, 18.0858381851]]]}}, {"type": "Feature", "properties": {"time_min": 60, "depth_min_m": 0.05, "depth_max_m": 1.0, "depth_class": "0.05\u20131.0 m", "class_area_km2": 0.8447408514100406, "flooded_area_km2": 17.78648792691141, "frame_max_depth_m": 144.69788555673983, "class_mean_depth_m": 0.528070315076816, "scenario_id": "major_breach", "model_type": "Automated approximate 2D flood-routing prototype", "validated_hydraulic_output": false}, "geometry": {"type": "Polygon", "coordinates": [[[75.1305608698, 18.085282629099996], [75.1305608698, 18.084727073099998], [75.13083864779999, 18.084727073099998], [75.13083864779999, 18.0850048511], [75.13111642579999, 18.0850048511], [75.13111642579999, 18.085282629099996], [75.1305608698, 18.085282629099996]]]}}, {"type": "Feature", "properties": {"time_min": 60, "depth_min_m": 0.05, "depth_max_m": 1.0, "depth_class": "0.05\u20131.0 m", "class_area_km2": 0.8447408514100406, "flooded_area_km2": 17.78648792691141, "frame_max_depth_m": 144.69788555673983, "class_mean_depth_m": 0.528070315076816, "scenario_id": "major_breach", "model_type": "Automated approximate 2D flood-routing prototype", "validated_hydraulic_output": false}, "geometry": {"type": "Polygon", "coordinates": [[[75.07750527179999, 18.084727073099998], [75.07750527179999, 18.084449295099997], [75.07806082779999, 18.084449295099997], [75.07806082779999, 18.084727073099998], [75.07750527179999, 18.084727073099998]]]}}, {"type": "Feature", "properties": {"time_min": 60, "depth_min_m": 0.05, "depth_max_m": 1.0, "depth_class": "0.05\u20131.0 m", "class_area_km2": 0.8447408514100406, "flooded_area_km2": 17.78648792691141, "frame_max_depth_m": 144.69788555673983, "class_mean_depth_m": 0.528070315076816, "scenario_id": "major_breach", "model_type": "Automated approximate 2D flood-routing prototype", "validated_hydraulic_output": false}, "geometry": {"type": "Polygon", "coordinates": [[[75.08222749779999, 18.084727073099998], [75.08222749779999, 18.084449295099997], [75.08250527579999, 18.084449295099997], [75.08250527579999, 18.084727073099998], [75.08222749779999, 18.084727073099998]]]}}, {"type": "Feature", "properties": {"time_min": 60, "depth_min_m": 0.05, "depth_max_m": 1.0, "depth_class": "0.05\u20131.0 m", "class_area_km2": 0.8447408514100406, "flooded_area_km2": 17.78648792691141, "frame_max_depth_m": 144.69788555673983, "class_mean_depth_m": 0.528070315076816, "scenario_id": "major_breach", "model_type": "Automated approximate 2D flood-routing prototype", "validated_hydraulic_output": false}, "geometry": {"type": "Polygon", "coordinates": [[[75.11389418979999, 18.084727073099998], [75.11389418979999, 18.084449295099997], [75.11417196779999, 18.084449295099997], [75.11417196779999, 18.084727073099998], [75.11389418979999, 18.084727073099998]]]}}, {"type": "Feature", "properties": {"time_min": 60, "depth_min_m": 0.05, "depth_max_m": 1.0, "depth_class": "0.05\u20131.0 m", "class_area_km2": 0.8447408514100406, "flooded_area_km2": 17.78648792691141, "frame_max_depth_m": 144.69788555673983, "class_mean_depth_m": 0.528070315076816, "scenario_id": "major_breach", "model_type": "Automated approximate 2D flood-routing prototype", "validated_hydraulic_output": false}, "geometry": {"type": "Polygon", "coordinates": [[[75.1300053138, 18.084727073099998], [75.1300053138, 18.084449295099997], [75.1302830918, 18.084449295099997], [75.1302830918, 18.084727073099998], [75.1300053138, 18.084727073099998]]]}}, {"type": "Feature", "properties": {"time_min": 60, "depth_min_m": 0.05, "depth_max_m": 1.0, "depth_class": "0.05\u20131.0 m", "class_area_km2": 0.8447408514100406, "flooded_area_km2": 17.78648792691141, "frame_max_depth_m": 144.69788555673983, "class_mean_depth_m": 0.528070315076816, "scenario_id": "major_breach", "model_type": "Automated approximate 2D flood-routing prototype", "validated_hydraulic_output": false}, "geometry": {"type": "Polygon", "coordinates": [[[75.08250527579999, 18.084449295099997], [75.08250527579999, 18.0841715171], [75.0827830538, 18.0841715171], [75.0827830538, 18.084449295099997], [75.08250527579999, 18.084449295099997]]]}}, {"type": "Feature", "properties": {"time_min": 60, "depth_min_m": 0.05, "depth_max_m": 1.0, "depth_class": "0.05\u20131.0 m", "class_area_km2": 0.8447408514100406, "flooded_area_km2": 17.78648792691141, "frame_max_depth_m": 144.69788555673983, "class_mean_depth_m": 0.528070315076816, "scenario_id": "major_breach", "model_type": "Automated approximate 2D flood-routing prototype", "validated_hydraulic_output": false}, "geometry": {"type": "Polygon", "coordinates": [[[75.1211164178, 18.084449295099997], [75.1211164178, 18.0841715171], [75.1213941958, 18.0841715171], [75.1213941958, 18.084449295099997], [75.1211164178, 18.084449295099997]]]}}, {"type": "Feature", "properties": {"time_min": 60, "depth_min_m": 0.05, "depth_max_m": 1.0, "depth_class": "0.05\u20131.0 m", "class_area_km2": 0.8447408514100406, "flooded_area_km2": 17.78648792691141, "frame_max_depth_m": 144.69788555673983, "class_mean_depth_m": 0.528070315076816, "scenario_id": "major_breach", "model_type": "Automated approximate 2D flood-routing prototype", "validated_hydraulic_output": false}, "geometry": {"type": "Polygon", "coordinates": [[[75.1297275358, 18.084449295099997], [75.1297275358, 18.0841715171], [75.1300053138, 18.0841715171], [75.1300053138, 18.084449295099997], [75.1297275358, 18.084449295099997]]]}}, {"type": "Feature", "properties": {"time_min": 60, "depth_min_m": 0.05, "depth_max_m": 1.0, "depth_class": "0.05\u20131.0 m", "class_area_km2": 0.8447408514100406, "flooded_area_km2": 17.78648792691141, "frame_max_depth_m": 144.69788555673983, "class_mean_depth_m": 0.528070315076816, "scenario_id": "major_breach", "model_type": "Automated approximate 2D flood-routing prototype", "validated_hydraulic_output": false}, "geometry": {"type": "Polygon", "coordinates": [[[75.1313942038, 18.084449295099997], [75.1313942038, 18.0841715171], [75.1316719818, 18.0841715171], [75.1316719818, 18.084449295099997], [75.1313942038, 18.084449295099997]]]}}, {"type": "Feature", "properties": {"time_min": 60, "depth_min_m": 0.05, "depth_max_m": 1.0, "depth_class": "0.05\u20131.0 m", "class_area_km2": 0.8447408514100406, "flooded_area_km2": 17.78648792691141, "frame_max_depth_m": 144.69788555673983, "class_mean_depth_m": 0.528070315076816, "scenario_id": "major_breach", "model_type": "Automated approximate 2D flood-routing prototype", "validated_hydraulic_output": false}, "geometry": {"type": "Polygon", "coordinates": [[[75.13083864779999, 18.0841715171], [75.13083864779999, 18.0838937391], [75.13111642579999, 18.0838937391], [75.13111642579999, 18.0841715171], [75.13083864779999, 18.0841715171]]]}}, {"type": "Feature", "properties": {"time_min": 60, "depth_min_m": 0.05, "depth_max_m": 1.0, "depth_class": "0.05\u20131.0 m", "class_area_km2": 0.8447408514100406, "flooded_area_km2": 17.78648792691141, "frame_max_depth_m": 144.69788555673983, "class_mean_depth_m": 0.528070315076816, "scenario_id": "major_breach", "model_type": "Automated approximate 2D flood-routing prototype", "validated_hydraulic_output": false}, "geometry": {"type": "Polygon", "coordinates": [[[75.14583865979999, 18.0841715171], [75.14583865979999, 18.0838937391], [75.14611643779999, 18.0838937391], [75.14611643779999, 18.0841715171], [75.14583865979999, 18.0841715171]]]}}, {"type": "Feature", "properties": {"time_min": 60, "depth_min_m": 0.05, "depth_max_m": 1.0, "depth_class": "0.05\u20131.0 m", "class_area_km2": 0.8447408514100406, "flooded_area_km2": 17.78648792691141, "frame_max_depth_m": 144.69788555673983, "class_mean_depth_m": 0.528070315076816, "scenario_id": "major_breach", "model_type": "Automated approximate 2D flood-routing prototype", "validated_hydraulic_output": false}, "geometry": {"type": "Polygon", "coordinates": [[[75.1469497718, 18.0841715171], [75.1469497718, 18.0838937391], [75.1472275498, 18.0838937391], [75.1472275498, 18.0841715171], [75.1469497718, 18.0841715171]]]}}, {"type": "Feature", "properties": {"time_min": 60, "depth_min_m": 0.05, "depth_max_m": 1.0, "depth_class": "0.05\u20131.0 m", "class_area_km2": 0.8447408514100406, "flooded_area_km2": 17.78648792691141, "frame_max_depth_m": 144.69788555673983, "class_mean_depth_m": 0.528070315076816, "scenario_id": "major_breach", "model_type": "Automated approximate 2D flood-routing prototype", "validated_hydraulic_output": false}, "geometry": {"type": "Polygon", "coordinates": [[[75.0872275018, 18.0858381851], [75.0872275018, 18.085560407099997], [75.08694972379999, 18.085560407099997], [75.08694972379999, 18.085282629099996], [75.08667194579999, 18.085282629099996], [75.08667194579999, 18.0850048511], [75.0863941678, 18.0850048511], [75.0863941678, 18.084449295099997], [75.08667194579999, 18.084449295099997], [75.08667194579999, 18.084727073099998], [75.08694972379999, 18.084727073099998], [75.08694972379999, 18.0850048511], [75.0880608358, 18.0850048511], [75.0880608358, 18.084727073099998], [75.08833861379999, 18.084727073099998], [75.08833861379999, 18.083615961099998], [75.08861639179999, 18.083615961099998], [75.08861639179999, 18.0850048511], [75.08833861379999, 18.0850048511], [75.08833861379999, 18.085282629099996], [75.0880608358, 18.085282629099996], [75.0880608358, 18.0858381851], [75.0872275018, 18.0858381851]]]}}, {"type": "Feature", "properties": {"time_min": 60, "depth_min_m": 0.05, "depth_max_m": 1.0, "depth_class": "0.05\u20131.0 m", "class_area_km2": 0.8447408514100406, "flooded_area_km2": 17.78648792691141, "frame_max_depth_m": 144.69788555673983, "class_mean_depth_m": 0.528070315076816, "scenario_id": "major_breach", "model_type": "Automated approximate 2D flood-routing prototype", "validated_hydraulic_output": false}, "geometry": {"type": "Polygon", "coordinates": [[[75.0786163838, 18.085560407099997], [75.0786163838, 18.084727073099998], [75.0783386058, 18.084727073099998], [75.0783386058, 18.084449295099997], [75.07806082779999, 18.084449295099997], [75.07806082779999, 18.0841715171], [75.0786163838, 18.0841715171], [75.0786163838, 18.0838937391], [75.0788941618, 18.0838937391], [75.0788941618, 18.083615961099998], [75.07917193979999, 18.083615961099998], [75.07917193979999, 18.084449295099997], [75.07944971779999, 18.084449295099997], [75.07944971779999, 18.0850048511], [75.0788941618, 18.0850048511], [75.0788941618, 18.085560407099997], [75.0786163838, 18.085560407099997]]]}}, {"type": "Feature", "properties": {"time_min": 60, "depth_min_m": 0.05, "depth_max_m": 1.0, "depth_class": "0.05\u20131.0 m", "class_area_km2": 0.8447408514100406, "flooded_area_km2": 17.78648792691141, "frame_max_depth_m": 144.69788555673983, "class_mean_depth_m": 0.528070315076816, "scenario_id": "major_breach", "model_type": "Automated approximate 2D flood-routing prototype", "validated_hydraulic_output": false}, "geometry": {"type": "Polygon", "coordinates": [[[75.0833386098, 18.0838937391], [75.0833386098, 18.083615961099998], [75.08361638779999, 18.083615961099998], [75.08361638779999, 18.0838937391], [75.0833386098, 18.0838937391]]]}}, {"type": "Feature", "properties": {"time_min": 60, "depth_min_m": 0.05, "depth_max_m": 1.0, "depth_class": "0.05\u20131.0 m", "class_area_km2": 0.8447408514100406, "flooded_area_km2": 17.78648792691141, "frame_max_depth_m": 144.69788555673983, "class_mean_depth_m": 0.528070315076816, "scenario_id": "major_breach", "model_type": "Automated approximate 2D flood-routing prototype", "validated_hydraulic_output": false}, "geometry": {"type": "Polygon", "coordinates": [[[75.0858386118, 18.084449295099997], [75.0858386118, 18.0841715171], [75.08556083379999, 18.0841715171], [75.08556083379999, 18.0838937391], [75.08528305579999, 18.0838937391], [75.08528305579999, 18.083615961099998], [75.0858386118, 18.083615961099998], [75.0858386118, 18.0838937391], [75.0861163898, 18.0838937391], [75.0861163898, 18.0841715171], [75.0863941678, 18.0841715171], [75.0863941678, 18.084449295099997], [75.0858386118, 18.084449295099997]]]}}, {"type": "Feature", "properties": {"time_min": 60, "depth_min_m": 0.05, "depth_max_m": 1.0, "depth_class": "0.05\u20131.0 m", "class_area_km2": 0.8447408514100406, "flooded_area_km2": 17.78648792691141, "frame_max_depth_m": 144.69788555673983, "class_mean_depth_m": 0.528070315076816, "scenario_id": "major_breach", "model_type": "Automated approximate 2D flood-routing prototype", "validated_hydraulic_output": false}, "geometry": {"type": "Polygon", "coordinates": [[[75.1175053038, 18.0841715171], [75.1175053038, 18.0838937391], [75.11694974779999, 18.0838937391], [75.11694974779999, 18.083615961099998], [75.1183386378, 18.083615961099998], [75.1183386378, 18.0838937391], [75.1177830818, 18.0838937391], [75.1177830818, 18.0841715171], [75.1175053038, 18.0841715171]]]}}, {"type": "Feature", "properties": {"time_min": 60, "depth_min_m": 0.05, "depth_max_m": 1.0, "depth_class": "0.05\u20131.0 m", "class_area_km2": 0.8447408514100406, "flooded_area_km2": 17.78648792691141, "frame_max_depth_m": 144.69788555673983, "class_mean_depth_m": 0.528070315076816, "scenario_id": "major_breach", "model_type": "Automated approximate 2D flood-routing prototype", "validated_hydraulic_output": false}, "geometry": {"type": "Polygon", "coordinates": [[[75.1213941958, 18.0838937391], [75.1213941958, 18.083615961099998], [75.12167197379999, 18.083615961099998], [75.12167197379999, 18.0838937391], [75.1213941958, 18.0838937391]]]}}, {"type": "Feature", "properties": {"time_min": 60, "depth_min_m": 0.05, "depth_max_m": 1.0, "depth_class": "0.05\u20131.0 m", "class_area_km2": 0.8447408514100406, "flooded_area_km2": 17.78648792691141, "frame_max_depth_m": 144.69788555673983, "class_mean_depth_m": 0.528070315076816, "scenario_id": "major_breach", "model_type": "Automated approximate 2D flood-routing prototype", "validated_hydraulic_output": false}, "geometry": {"type": "Polygon", "coordinates": [[[75.1330608718, 18.0838937391], [75.1330608718, 18.083615961099998], [75.1333386498, 18.083615961099998], [75.1333386498, 18.0838937391], [75.1330608718, 18.0838937391]]]}}, {"type": "Feature", "properties": {"time_min": 60, "depth_min_m": 0.05, "depth_max_m": 1.0, "depth_class": "0.05\u20131.0 m", "class_area_km2": 0.8447408514100406, "flooded_area_km2": 17.78648792691141, "frame_max_depth_m": 144.69788555673983, "class_mean_depth_m": 0.528070315076816, "scenario_id": "major_breach", "model_type": "Automated approximate 2D flood-routing prototype", "validated_hydraulic_output": false}, "geometry": {"type": "Polygon", "coordinates": [[[75.0752830478, 18.083615961099998], [75.0752830478, 18.083338183099997], [75.0755608258, 18.083338183099997], [75.0755608258, 18.083615961099998], [75.0752830478, 18.083615961099998]]]}}, {"type": "Feature", "properties": {"time_min": 60, "depth_min_m": 0.05, "depth_max_m": 1.0, "depth_class": "0.05\u20131.0 m", "class_area_km2": 0.8447408514100406, "flooded_area_km2": 17.78648792691141, "frame_max_depth_m": 144.69788555673983, "class_mean_depth_m": 0.528070315076816, "scenario_id": "major_breach", "model_type": "Automated approximate 2D flood-routing prototype", "validated_hydraulic_output": false}, "geometry": {"type": "Polygon", "coordinates": [[[75.08361638779999, 18.083615961099998], [75.08361638779999, 18.083338183099997], [75.0850052778, 18.083338183099997], [75.0850052778, 18.083615961099998], [75.08361638779999, 18.083615961099998]]]}}, {"type": "Feature", "properties": {"time_min": 60, "depth_min_m": 0.05, "depth_max_m": 1.0, "depth_class": "0.05\u20131.0 m", "class_area_km2": 0.8447408514100406, "flooded_area_km2": 17.78648792691141, "frame_max_depth_m": 144.69788555673983, "class_mean_depth_m": 0.528070315076816, "scenario_id": "major_breach", "model_type": "Automated approximate 2D flood-routing prototype", "validated_hydraulic_output": false}, "geometry": {"type": "Polygon", "coordinates": [[[75.10806085179999, 18.083615961099998], [75.10806085179999, 18.083338183099997], [75.10833862979999, 18.083338183099997], [75.10833862979999, 18.083615961099998], [75.10806085179999, 18.083615961099998]]]}}, {"type": "Feature", "properties": {"time_min": 60, "depth_min_m": 0.05, "depth_max_m": 1.0, "depth_class": "0.05\u20131.0 m", "class_area_km2": 0.8447408514100406, "flooded_area_km2": 17.78648792691141, "frame_max_depth_m": 144.69788555673983, "class_mean_depth_m": 0.528070315076816, "scenario_id": "major_breach", "model_type": "Automated approximate 2D flood-routing prototype", "validated_hydraulic_output": false}, "geometry": {"type": "Polygon", "coordinates": [[[75.1150053018, 18.083615961099998], [75.1150053018, 18.083338183099997], [75.1152830798, 18.083338183099997], [75.1152830798, 18.083615961099998], [75.1150053018, 18.083615961099998]]]}}, {"type": "Feature", "properties": {"time_min": 60, "depth_min_m": 0.05, "depth_max_m": 1.0, "depth_class": "0.05\u20131.0 m", "class_area_km2": 0.8447408514100406, "flooded_area_km2": 17.78648792691141, "frame_max_depth_m": 144.69788555673983, "class_mean_depth_m": 0.528070315076816, "scenario_id": "major_breach", "model_type": "Automated approximate 2D flood-routing prototype", "validated_hydraulic_output": false}, "geometry": {"type": "Polygon", "coordinates": [[[75.1161164138, 18.083615961099998], [75.1161164138, 18.083338183099997], [75.1163941918, 18.083338183099997], [75.1163941918, 18.083615961099998], [75.1161164138, 18.083615961099998]]]}}, {"type": "Feature", "properties": {"time_min": 60, "depth_min_m": 0.05, "depth_max_m": 1.0, "depth_class": "0.05\u20131.0 m", "class_area_km2": 0.8447408514100406, "flooded_area_km2": 17.78648792691141, "frame_max_depth_m": 144.69788555673983, "class_mean_depth_m": 0.528070315076816, "scenario_id": "major_breach", "model_type": "Automated approximate 2D flood-routing prototype", "validated_hydraulic_output": false}, "geometry": {"type": "Polygon", "coordinates": [[[75.12917197979999, 18.083615961099998], [75.12917197979999, 18.083338183099997], [75.12944975779999, 18.083338183099997], [75.12944975779999, 18.083615961099998], [75.12917197979999, 18.083615961099998]]]}}, {"type": "Feature", "properties": {"time_min": 60, "depth_min_m": 0.05, "depth_max_m": 1.0, "depth_class": "0.05\u20131.0 m", "class_area_km2": 0.8447408514100406, "flooded_area_km2": 17.78648792691141, "frame_max_depth_m": 144.69788555673983, "class_mean_depth_m": 0.528070315076816, "scenario_id": "major_breach", "model_type": "Automated approximate 2D flood-routing prototype", "validated_hydraulic_output": false}, "geometry": {"type": "Polygon", "coordinates": [[[75.13111642579999, 18.083615961099998], [75.13111642579999, 18.083338183099997], [75.1313942038, 18.083338183099997], [75.1313942038, 18.083615961099998], [75.13111642579999, 18.083615961099998]]]}}, {"type": "Feature", "properties": {"time_min": 60, "depth_min_m": 0.05, "depth_max_m": 1.0, "depth_class": "0.05\u20131.0 m", "class_area_km2": 0.8447408514100406, "flooded_area_km2": 17.78648792691141, "frame_max_depth_m": 144.69788555673983, "class_mean_depth_m": 0.528070315076816, "scenario_id": "major_breach", "model_type": "Automated approximate 2D flood-routing prototype", "validated_hydraulic_output": false}, "geometry": {"type": "Polygon", "coordinates": [[[75.13833865379999, 18.083615961099998], [75.13833865379999, 18.083338183099997], [75.13861643179999, 18.083338183099997], [75.13861643179999, 18.083615961099998], [75.13833865379999, 18.083615961099998]]]}}, {"type": "Feature", "properties": {"time_min": 60, "depth_min_m": 0.05, "depth_max_m": 1.0, "depth_class": "0.05\u20131.0 m", "class_area_km2": 0.8447408514100406, "flooded_area_km2": 17.78648792691141, "frame_max_depth_m": 144.69788555673983, "class_mean_depth_m": 0.528070315076816, "scenario_id": "major_breach", "model_type": "Automated approximate 2D flood-routing prototype", "validated_hydraulic_output": false}, "geometry": {"type": "Polygon", "coordinates": [[[75.12000530579999, 18.0850048511], [75.12000530579999, 18.084727073099998], [75.1194497498, 18.084727073099998], [75.1194497498, 18.084449295099997], [75.11889419379999, 18.084449295099997], [75.11889419379999, 18.0841715171], [75.1183386378, 18.0841715171], [75.1183386378, 18.0838937391], [75.11861641579999, 18.0838937391], [75.11861641579999, 18.0830604051], [75.11889419379999, 18.0830604051], [75.11889419379999, 18.083338183099997], [75.1194497498, 18.083338183099997], [75.1194497498, 18.0838937391], [75.1197275278, 18.0838937391], [75.1197275278, 18.084449295099997], [75.12028308379999, 18.084449295099997], [75.12028308379999, 18.084727073099998], [75.1208386398, 18.084727073099998], [75.1208386398, 18.084449295099997], [75.1211164178, 18.084449295099997], [75.1211164178, 18.0850048511], [75.12000530579999, 18.0850048511]]]}}, {"type": "Feature", "properties": {"time_min": 60, "depth_min_m": 0.05, "depth_max_m": 1.0, "depth_class": "0.05\u20131.0 m", "class_area_km2": 0.8447408514100406, "flooded_area_km2": 17.78648792691141, "frame_max_depth_m": 144.69788555673983, "class_mean_depth_m": 0.528070315076816, "scenario_id": "major_breach", "model_type": "Automated approximate 2D flood-routing prototype", "validated_hydraulic_output": false}, "geometry": {"type": "Polygon", "coordinates": [[[75.12167197379999, 18.083338183099997], [75.12167197379999, 18.0830604051], [75.12194975179999, 18.0830604051], [75.12194975179999, 18.083338183099997], [75.12167197379999, 18.083338183099997]]]}}, {"type": "Feature", "properties": {"time_min": 60, "depth_min_m": 0.05, "depth_max_m": 1.0, "depth_class": "0.05\u20131.0 m", "class_area_km2": 0.8447408514100406, "flooded_area_km2": 17.78648792691141, "frame_max_depth_m": 144.69788555673983, "class_mean_depth_m": 0.528070315076816, "scenario_id": "major_breach", "model_type": "Automated approximate 2D flood-routing prototype", "validated_hydraulic_output": false}, "geometry": {"type": "Polygon", "coordinates": [[[75.14583865979999, 18.083338183099997], [75.14583865979999, 18.0830604051], [75.14611643779999, 18.0830604051], [75.14611643779999, 18.083338183099997], [75.14583865979999, 18.083338183099997]]]}}, {"type": "Feature", "properties": {"time_min": 60, "depth_min_m": 0.05, "depth_max_m": 1.0, "depth_class": "0.05\u20131.0 m", "class_area_km2": 0.8447408514100406, "flooded_area_km2": 17.78648792691141, "frame_max_depth_m": 144.69788555673983, "class_mean_depth_m": 0.528070315076816, "scenario_id": "major_breach", "model_type": "Automated approximate 2D flood-routing prototype", "validated_hydraulic_output": false}, "geometry": {"type": "Polygon", "coordinates": [[[75.1463942158, 18.083338183099997], [75.1463942158, 18.0830604051], [75.1469497718, 18.0830604051], [75.1469497718, 18.083338183099997], [75.1463942158, 18.083338183099997]]]}}, {"type": "Feature", "properties": {"time_min": 60, "depth_min_m": 0.05, "depth_max_m": 1.0, "depth_class": "0.05\u20131.0 m", "class_area_km2": 0.8447408514100406, "flooded_area_km2": 17.78648792691141, "frame_max_depth_m": 144.69788555673983, "class_mean_depth_m": 0.528070315076816, "scenario_id": "major_breach", "model_type": "Automated approximate 2D flood-routing prototype", "validated_hydraulic_output": false}, "geometry": {"type": "Polygon", "coordinates": [[[75.1288942018, 18.083338183099997], [75.1288942018, 18.0827826271], [75.12917197979999, 18.0827826271], [75.12917197979999, 18.083338183099997], [75.1288942018, 18.083338183099997]]]}}, {"type": "Feature", "properties": {"time_min": 60, "depth_min_m": 0.05, "depth_max_m": 1.0, "depth_class": "0.05\u20131.0 m", "class_area_km2": 0.8447408514100406, "flooded_area_km2": 17.78648792691141, "frame_max_depth_m": 144.69788555673983, "class_mean_depth_m": 0.528070315076816, "scenario_id": "major_breach", "model_type": "Automated approximate 2D flood-routing prototype", "validated_hydraulic_output": false}, "geometry": {"type": "Polygon", "coordinates": [[[75.1302830918, 18.083338183099997], [75.1302830918, 18.0827826271], [75.1305608698, 18.0827826271], [75.1305608698, 18.083338183099997], [75.1302830918, 18.083338183099997]]]}}, {"type": "Feature", "properties": {"time_min": 60, "depth_min_m": 0.05, "depth_max_m": 1.0, "depth_class": "0.05\u20131.0 m", "class_area_km2": 0.8447408514100406, "flooded_area_km2": 17.78648792691141, "frame_max_depth_m": 144.69788555673983, "class_mean_depth_m": 0.528070315076816, "scenario_id": "major_breach", "model_type": "Automated approximate 2D flood-routing prototype", "validated_hydraulic_output": false}, "geometry": {"type": "Polygon", "coordinates": [[[75.14611643779999, 18.0830604051], [75.14611643779999, 18.0827826271], [75.1463942158, 18.0827826271], [75.1463942158, 18.0830604051], [75.14611643779999, 18.0830604051]]]}}, {"type": "Feature", "properties": {"time_min": 60, "depth_min_m": 0.05, "depth_max_m": 1.0, "depth_class": "0.05\u20131.0 m", "class_area_km2": 0.8447408514100406, "flooded_area_km2": 17.78648792691141, "frame_max_depth_m": 144.69788555673983, "class_mean_depth_m": 0.528070315076816, "scenario_id": "major_breach", "model_type": "Automated approximate 2D flood-routing prototype", "validated_hydraulic_output": false}, "geometry": {"type": "Polygon", "coordinates": [[[75.1327830938, 18.083338183099997], [75.1327830938, 18.082504849099998], [75.1330608718, 18.082504849099998], [75.1330608718, 18.083338183099997], [75.1327830938, 18.083338183099997]]]}}, {"type": "Feature", "properties": {"time_min": 60, "depth_min_m": 0.05, "depth_max_m": 1.0, "depth_class": "0.05\u20131.0 m", "class_area_km2": 0.8447408514100406, "flooded_area_km2": 17.78648792691141, "frame_max_depth_m": 144.69788555673983, "class_mean_depth_m": 0.528070315076816, "scenario_id": "major_breach", "model_type": "Automated approximate 2D flood-routing prototype", "validated_hydraulic_output": false}, "geometry": {"type": "Polygon", "coordinates": [[[75.07917193979999, 18.0827826271], [75.07917193979999, 18.082504849099998], [75.07944971779999, 18.082504849099998], [75.07944971779999, 18.0827826271], [75.07917193979999, 18.0827826271]]]}}, {"type": "Feature", "properties": {"time_min": 60, "depth_min_m": 0.05, "depth_max_m": 1.0, "depth_class": "0.05\u20131.0 m", "class_area_km2": 0.8447408514100406, "flooded_area_km2": 17.78648792691141, "frame_max_depth_m": 144.69788555673983, "class_mean_depth_m": 0.528070315076816, "scenario_id": "major_breach", "model_type": "Automated approximate 2D flood-routing prototype", "validated_hydraulic_output": false}, "geometry": {"type": "Polygon", "coordinates": [[[75.12194975179999, 18.0827826271], [75.12194975179999, 18.082504849099998], [75.1222275298, 18.082504849099998], [75.1222275298, 18.0827826271], [75.12194975179999, 18.0827826271]]]}}, {"type": "Feature", "properties": {"time_min": 60, "depth_min_m": 0.05, "depth_max_m": 1.0, "depth_class": "0.05\u20131.0 m", "class_area_km2": 0.8447408514100406, "flooded_area_km2": 17.78648792691141, "frame_max_depth_m": 144.69788555673983, "class_mean_depth_m": 0.528070315076816, "scenario_id": "major_breach", "model_type": "Automated approximate 2D flood-routing prototype", "validated_hydraulic_output": false}, "geometry": {"type": "Polygon", "coordinates": [[[75.12917197979999, 18.0827826271], [75.12917197979999, 18.082504849099998], [75.12944975779999, 18.082504849099998], [75.12944975779999, 18.0827826271], [75.12917197979999, 18.0827826271]]]}}, {"type": "Feature", "properties": {"time_min": 60, "depth_min_m": 0.05, "depth_max_m": 1.0, "depth_class": "0.05\u20131.0 m", "class_area_km2": 0.8447408514100406, "flooded_area_km2": 17.78648792691141, "frame_max_depth_m": 144.69788555673983, "class_mean_depth_m": 0.528070315076816, "scenario_id": "major_breach", "model_type": "Automated approximate 2D flood-routing prototype", "validated_hydraulic_output": false}, "geometry": {"type": "Polygon", "coordinates": [[[75.1305608698, 18.0827826271], [75.1305608698, 18.082504849099998], [75.13083864779999, 18.082504849099998], [75.13083864779999, 18.0827826271], [75.1305608698, 18.0827826271]]]}}, {"type": "Feature", "properties": {"time_min": 60, "depth_min_m": 0.05, "depth_max_m": 1.0, "depth_class": "0.05\u20131.0 m", "class_area_km2": 0.8447408514100406, "flooded_area_km2": 17.78648792691141, "frame_max_depth_m": 144.69788555673983, "class_mean_depth_m": 0.528070315076816, "scenario_id": "major_breach", "model_type": "Automated approximate 2D flood-routing prototype", "validated_hydraulic_output": false}, "geometry": {"type": "Polygon", "coordinates": [[[75.1313942038, 18.0827826271], [75.1313942038, 18.082504849099998], [75.1316719818, 18.082504849099998], [75.1316719818, 18.0827826271], [75.1313942038, 18.0827826271]]]}}, {"type": "Feature", "properties": {"time_min": 60, "depth_min_m": 0.05, "depth_max_m": 1.0, "depth_class": "0.05\u20131.0 m", "class_area_km2": 0.8447408514100406, "flooded_area_km2": 17.78648792691141, "frame_max_depth_m": 144.69788555673983, "class_mean_depth_m": 0.528070315076816, "scenario_id": "major_breach", "model_type": "Automated approximate 2D flood-routing prototype", "validated_hydraulic_output": false}, "geometry": {"type": "Polygon", "coordinates": [[[75.1450053258, 18.0827826271], [75.1450053258, 18.082504849099998], [75.1452831038, 18.082504849099998], [75.1452831038, 18.0827826271], [75.1450053258, 18.0827826271]]]}}, {"type": "Feature", "properties": {"time_min": 60, "depth_min_m": 0.05, "depth_max_m": 1.0, "depth_class": "0.05\u20131.0 m", "class_area_km2": 0.8447408514100406, "flooded_area_km2": 17.78648792691141, "frame_max_depth_m": 144.69788555673983, "class_mean_depth_m": 0.528070315076816, "scenario_id": "major_breach", "model_type": "Automated approximate 2D flood-routing prototype", "validated_hydraulic_output": false}, "geometry": {"type": "Polygon", "coordinates": [[[75.12944975779999, 18.082504849099998], [75.12944975779999, 18.082227071099997], [75.1297275358, 18.082227071099997], [75.1297275358, 18.082504849099998], [75.12944975779999, 18.082504849099998]]]}}, {"type": "Feature", "properties": {"time_min": 60, "depth_min_m": 0.05, "depth_max_m": 1.0, "depth_class": "0.05\u20131.0 m", "class_area_km2": 0.8447408514100406, "flooded_area_km2": 17.78648792691141, "frame_max_depth_m": 144.69788555673983, "class_mean_depth_m": 0.528070315076816, "scenario_id": "major_breach", "model_type": "Automated approximate 2D flood-routing prototype", "validated_hydraulic_output": false}, "geometry": {"type": "Polygon", "coordinates": [[[75.1300053138, 18.082504849099998], [75.1300053138, 18.082227071099997], [75.1302830918, 18.082227071099997], [75.1302830918, 18.082504849099998], [75.1300053138, 18.082504849099998]]]}}, {"type": "Feature", "properties": {"time_min": 60, "depth_min_m": 0.05, "depth_max_m": 1.0, "depth_class": "0.05\u20131.0 m", "class_area_km2": 0.8447408514100406, "flooded_area_km2": 17.78648792691141, "frame_max_depth_m": 144.69788555673983, "class_mean_depth_m": 0.528070315076816, "scenario_id": "major_breach", "model_type": "Automated approximate 2D flood-routing prototype", "validated_hydraulic_output": false}, "geometry": {"type": "Polygon", "coordinates": [[[75.13222753779999, 18.082504849099998], [75.13222753779999, 18.082227071099997], [75.13250531579999, 18.082227071099997], [75.13250531579999, 18.082504849099998], [75.13222753779999, 18.082504849099998]]]}}, {"type": "Feature", "properties": {"time_min": 60, "depth_min_m": 0.05, "depth_max_m": 1.0, "depth_class": "0.05\u20131.0 m", "class_area_km2": 0.8447408514100406, "flooded_area_km2": 17.78648792691141, "frame_max_depth_m": 144.69788555673983, "class_mean_depth_m": 0.528070315076816, "scenario_id": "major_breach", "model_type": "Automated approximate 2D flood-routing prototype", "validated_hydraulic_output": false}, "geometry": {"type": "Polygon", "coordinates": [[[75.1330608718, 18.082504849099998], [75.1330608718, 18.082227071099997], [75.1333386498, 18.082227071099997], [75.1333386498, 18.082504849099998], [75.1330608718, 18.082504849099998]]]}}, {"type": "Feature", "properties": {"time_min": 60, "depth_min_m": 0.05, "depth_max_m": 1.0, "depth_class": "0.05\u20131.0 m", "class_area_km2": 0.8447408514100406, "flooded_area_km2": 17.78648792691141, "frame_max_depth_m": 144.69788555673983, "class_mean_depth_m": 0.528070315076816, "scenario_id": "major_breach", "model_type": "Automated approximate 2D flood-routing prototype", "validated_hydraulic_output": false}, "geometry": {"type": "Polygon", "coordinates": [[[75.13361642779999, 18.082504849099998], [75.13361642779999, 18.082227071099997], [75.13389420579999, 18.082227071099997], [75.13389420579999, 18.082504849099998], [75.13361642779999, 18.082504849099998]]]}}, {"type": "Feature", "properties": {"time_min": 60, "depth_min_m": 0.05, "depth_max_m": 1.0, "depth_class": "0.05\u20131.0 m", "class_area_km2": 0.8447408514100406, "flooded_area_km2": 17.78648792691141, "frame_max_depth_m": 144.69788555673983, "class_mean_depth_m": 0.528070315076816, "scenario_id": "major_breach", "model_type": "Automated approximate 2D flood-routing prototype", "validated_hydraulic_output": false}, "geometry": {"type": "Polygon", "coordinates": [[[75.10806085179999, 18.0827826271], [75.10806085179999, 18.0819492931], [75.10833862979999, 18.0819492931], [75.10833862979999, 18.0827826271], [75.10806085179999, 18.0827826271]]]}}, {"type": "Feature", "properties": {"time_min": 60, "depth_min_m": 0.05, "depth_max_m": 1.0, "depth_class": "0.05\u20131.0 m", "class_area_km2": 0.8447408514100406, "flooded_area_km2": 17.78648792691141, "frame_max_depth_m": 144.69788555673983, "class_mean_depth_m": 0.528070315076816, "scenario_id": "major_breach", "model_type": "Automated approximate 2D flood-routing prototype", "validated_hydraulic_output": false}, "geometry": {"type": "Polygon", "coordinates": [[[75.0788941618, 18.082504849099998], [75.0788941618, 18.0819492931], [75.07917193979999, 18.0819492931], [75.07917193979999, 18.082504849099998], [75.0788941618, 18.082504849099998]]]}}, {"type": "Feature", "properties": {"time_min": 60, "depth_min_m": 0.05, "depth_max_m": 1.0, "depth_class": "0.05\u20131.0 m", "class_area_km2": 0.8447408514100406, "flooded_area_km2": 17.78648792691141, "frame_max_depth_m": 144.69788555673983, "class_mean_depth_m": 0.528070315076816, "scenario_id": "major_breach", "model_type": "Automated approximate 2D flood-routing prototype", "validated_hydraulic_output": false}, "geometry": {"type": "Polygon", "coordinates": [[[75.1288942018, 18.082227071099997], [75.1288942018, 18.0819492931], [75.12917197979999, 18.0819492931], [75.12917197979999, 18.082227071099997], [75.1288942018, 18.082227071099997]]]}}, {"type": "Feature", "properties": {"time_min": 60, "depth_min_m": 0.05, "depth_max_m": 1.0, "depth_class": "0.05\u20131.0 m", "class_area_km2": 0.8447408514100406, "flooded_area_km2": 17.78648792691141, "frame_max_depth_m": 144.69788555673983, "class_mean_depth_m": 0.528070315076816, "scenario_id": "major_breach", "model_type": "Automated approximate 2D flood-routing prototype", "validated_hydraulic_output": false}, "geometry": {"type": "Polygon", "coordinates": [[[75.13389420579999, 18.082227071099997], [75.13389420579999, 18.0819492931], [75.13417198379999, 18.0819492931], [75.13417198379999, 18.082227071099997], [75.13389420579999, 18.082227071099997]]]}}, {"type": "Feature", "properties": {"time_min": 60, "depth_min_m": 0.05, "depth_max_m": 1.0, "depth_class": "0.05\u20131.0 m", "class_area_km2": 0.8447408514100406, "flooded_area_km2": 17.78648792691141, "frame_max_depth_m": 144.69788555673983, "class_mean_depth_m": 0.528070315076816, "scenario_id": "major_breach", "model_type": "Automated approximate 2D flood-routing prototype", "validated_hydraulic_output": false}, "geometry": {"type": "Polygon", "coordinates": [[[75.1302830918, 18.0819492931], [75.1302830918, 18.0816715151], [75.1305608698, 18.0816715151], [75.1305608698, 18.0819492931], [75.1302830918, 18.0819492931]]]}}, {"type": "Feature", "properties": {"time_min": 60, "depth_min_m": 0.05, "depth_max_m": 1.0, "depth_class": "0.05\u20131.0 m", "class_area_km2": 0.8447408514100406, "flooded_area_km2": 17.78648792691141, "frame_max_depth_m": 144.69788555673983, "class_mean_depth_m": 0.528070315076816, "scenario_id": "major_breach", "model_type": "Automated approximate 2D flood-routing prototype", "validated_hydraulic_output": false}, "geometry": {"type": "Polygon", "coordinates": [[[75.14139421179999, 18.0819492931], [75.14139421179999, 18.0816715151], [75.14167198979999, 18.0816715151], [75.14167198979999, 18.0819492931], [75.14139421179999, 18.0819492931]]]}}, {"type": "Feature", "properties": {"time_min": 60, "depth_min_m": 0.05, "depth_max_m": 1.0, "depth_class": "0.05\u20131.0 m", "class_area_km2": 0.8447408514100406, "flooded_area_km2": 17.78648792691141, "frame_max_depth_m": 144.69788555673983, "class_mean_depth_m": 0.528070315076816, "scenario_id": "major_breach", "model_type": "Automated approximate 2D flood-routing prototype", "validated_hydraulic_output": false}, "geometry": {"type": "Polygon", "coordinates": [[[75.14444976979999, 18.0819492931], [75.14444976979999, 18.0816715151], [75.14472754779999, 18.0816715151], [75.14472754779999, 18.0819492931], [75.14444976979999, 18.0819492931]]]}}, {"type": "Feature", "properties": {"time_min": 60, "depth_min_m": 0.05, "depth_max_m": 1.0, "depth_class": "0.05\u20131.0 m", "class_area_km2": 0.8447408514100406, "flooded_area_km2": 17.78648792691141, "frame_max_depth_m": 144.69788555673983, "class_mean_depth_m": 0.528070315076816, "scenario_id": "major_breach", "model_type": "Automated approximate 2D flood-routing prototype", "validated_hydraulic_output": false}, "geometry": {"type": "Polygon", "coordinates": [[[75.07917193979999, 18.0819492931], [75.07917193979999, 18.081393737099997], [75.07944971779999, 18.081393737099997], [75.07944971779999, 18.0819492931], [75.07917193979999, 18.0819492931]]]}}, {"type": "Feature", "properties": {"time_min": 60, "depth_min_m": 0.05, "depth_max_m": 1.0, "depth_class": "0.05\u20131.0 m", "class_area_km2": 0.8447408514100406, "flooded_area_km2": 17.78648792691141, "frame_max_depth_m": 144.69788555673983, "class_mean_depth_m": 0.528070315076816, "scenario_id": "major_breach", "model_type": "Automated approximate 2D flood-routing prototype", "validated_hydraulic_output": false}, "geometry": {"type": "Polygon", "coordinates": [[[75.1222275298, 18.082504849099998], [75.1222275298, 18.082227071099997], [75.1227830858, 18.082227071099997], [75.1227830858, 18.0819492931], [75.1222275298, 18.0819492931], [75.1222275298, 18.0816715151], [75.1227830858, 18.0816715151], [75.1227830858, 18.081393737099997], [75.12306086379999, 18.081393737099997], [75.12306086379999, 18.082504849099998], [75.1222275298, 18.082504849099998]]]}}, {"type": "Feature", "properties": {"time_min": 60, "depth_min_m": 0.05, "depth_max_m": 1.0, "depth_class": "0.05\u20131.0 m", "class_area_km2": 0.8447408514100406, "flooded_area_km2": 17.78648792691141, "frame_max_depth_m": 144.69788555673983, "class_mean_depth_m": 0.528070315076816, "scenario_id": "major_breach", "model_type": "Automated approximate 2D flood-routing prototype", "validated_hydraulic_output": false}, "geometry": {"type": "Polygon", "coordinates": [[[75.1038941818, 18.0816715151], [75.1038941818, 18.081393737099997], [75.1041719598, 18.081393737099997], [75.1041719598, 18.0816715151], [75.1038941818, 18.0816715151]]]}}, {"type": "Feature", "properties": {"time_min": 60, "depth_min_m": 0.05, "depth_max_m": 1.0, "depth_class": "0.05\u20131.0 m", "class_area_km2": 0.8447408514100406, "flooded_area_km2": 17.78648792691141, "frame_max_depth_m": 144.69788555673983, "class_mean_depth_m": 0.528070315076816, "scenario_id": "major_breach", "model_type": "Automated approximate 2D flood-routing prototype", "validated_hydraulic_output": false}, "geometry": {"type": "Polygon", "coordinates": [[[75.1077830738, 18.0816715151], [75.1077830738, 18.081393737099997], [75.10806085179999, 18.081393737099997], [75.10806085179999, 18.0816715151], [75.1077830738, 18.0816715151]]]}}, {"type": "Feature", "properties": {"time_min": 60, "depth_min_m": 0.05, "depth_max_m": 1.0, "depth_class": "0.05\u20131.0 m", "class_area_km2": 0.8447408514100406, "flooded_area_km2": 17.78648792691141, "frame_max_depth_m": 144.69788555673983, "class_mean_depth_m": 0.528070315076816, "scenario_id": "major_breach", "model_type": "Automated approximate 2D flood-routing prototype", "validated_hydraulic_output": false}, "geometry": {"type": "Polygon", "coordinates": [[[75.12944975779999, 18.0816715151], [75.12944975779999, 18.081393737099997], [75.1297275358, 18.081393737099997], [75.1297275358, 18.0816715151], [75.12944975779999, 18.0816715151]]]}}, {"type": "Feature", "properties": {"time_min": 60, "depth_min_m": 0.05, "depth_max_m": 1.0, "depth_class": "0.05\u20131.0 m", "class_area_km2": 0.8447408514100406, "flooded_area_km2": 17.78648792691141, "frame_max_depth_m": 144.69788555673983, "class_mean_depth_m": 0.528070315076816, "scenario_id": "major_breach", "model_type": "Automated approximate 2D flood-routing prototype", "validated_hydraulic_output": false}, "geometry": {"type": "Polygon", "coordinates": [[[75.13250531579999, 18.0816715151], [75.13250531579999, 18.081393737099997], [75.1327830938, 18.081393737099997], [75.1327830938, 18.0816715151], [75.13250531579999, 18.0816715151]]]}}, {"type": "Feature", "properties": {"time_min": 60, "depth_min_m": 0.05, "depth_max_m": 1.0, "depth_class": "0.05\u20131.0 m", "class_area_km2": 0.8447408514100406, "flooded_area_km2": 17.78648792691141, "frame_max_depth_m": 144.69788555673983, "class_mean_depth_m": 0.528070315076816, "scenario_id": "major_breach", "model_type": "Automated approximate 2D flood-routing prototype", "validated_hydraulic_output": false}, "geometry": {"type": "Polygon", "coordinates": [[[75.13361642779999, 18.0816715151], [75.13361642779999, 18.081393737099997], [75.13389420579999, 18.081393737099997], [75.13389420579999, 18.0816715151], [75.13361642779999, 18.0816715151]]]}}, {"type": "Feature", "properties": {"time_min": 60, "depth_min_m": 0.05, "depth_max_m": 1.0, "depth_class": "0.05\u20131.0 m", "class_area_km2": 0.8447408514100406, "flooded_area_km2": 17.78648792691141, "frame_max_depth_m": 144.69788555673983, "class_mean_depth_m": 0.528070315076816, "scenario_id": "major_breach", "model_type": "Automated approximate 2D flood-routing prototype", "validated_hydraulic_output": false}, "geometry": {"type": "Polygon", "coordinates": [[[75.1408386558, 18.0816715151], [75.1408386558, 18.081393737099997], [75.1411164338, 18.081393737099997], [75.1411164338, 18.0816715151], [75.1408386558, 18.0816715151]]]}}, {"type": "Feature", "properties": {"time_min": 60, "depth_min_m": 0.05, "depth_max_m": 1.0, "depth_class": "0.05\u20131.0 m", "class_area_km2": 0.8447408514100406, "flooded_area_km2": 17.78648792691141, "frame_max_depth_m": 144.69788555673983, "class_mean_depth_m": 0.528070315076816, "scenario_id": "major_breach", "model_type": "Automated approximate 2D flood-routing prototype", "validated_hydraulic_output": false}, "geometry": {"type": "Polygon", "coordinates": [[[75.1419497678, 18.0816715151], [75.1419497678, 18.081393737099997], [75.1422275458, 18.081393737099997], [75.1422275458, 18.0816715151], [75.1419497678, 18.0816715151]]]}}, {"type": "Feature", "properties": {"time_min": 60, "depth_min_m": 0.05, "depth_max_m": 1.0, "depth_class": "0.05\u20131.0 m", "class_area_km2": 0.8447408514100406, "flooded_area_km2": 17.78648792691141, "frame_max_depth_m": 144.69788555673983, "class_mean_depth_m": 0.528070315076816, "scenario_id": "major_breach", "model_type": "Automated approximate 2D flood-routing prototype", "validated_hydraulic_output": false}, "geometry": {"type": "Polygon", "coordinates": [[[75.1300053138, 18.0816715151], [75.1300053138, 18.081115959099996], [75.1302830918, 18.081115959099996], [75.1302830918, 18.0816715151], [75.1300053138, 18.0816715151]]]}}, {"type": "Feature", "properties": {"time_min": 60, "depth_min_m": 0.05, "depth_max_m": 1.0, "depth_class": "0.05\u20131.0 m", "class_area_km2": 0.8447408514100406, "flooded_area_km2": 17.78648792691141, "frame_max_depth_m": 144.69788555673983, "class_mean_depth_m": 0.528070315076816, "scenario_id": "major_breach", "model_type": "Automated approximate 2D flood-routing prototype", "validated_hydraulic_output": false}, "geometry": {"type": "Polygon", "coordinates": [[[75.1305608698, 18.0816715151], [75.1305608698, 18.081115959099996], [75.13083864779999, 18.081115959099996], [75.13083864779999, 18.0816715151], [75.1305608698, 18.0816715151]]]}}, {"type": "Feature", "properties": {"time_min": 60, "depth_min_m": 0.05, "depth_max_m": 1.0, "depth_class": "0.05\u20131.0 m", "class_area_km2": 0.8447408514100406, "flooded_area_km2": 17.78648792691141, "frame_max_depth_m": 144.69788555673983, "class_mean_depth_m": 0.528070315076816, "scenario_id": "major_breach", "model_type": "Automated approximate 2D flood-routing prototype", "validated_hydraulic_output": false}, "geometry": {"type": "Polygon", "coordinates": [[[75.10361640379999, 18.081393737099997], [75.10361640379999, 18.081115959099996], [75.1038941818, 18.081115959099996], [75.1038941818, 18.081393737099997], [75.10361640379999, 18.081393737099997]]]}}, {"type": "Feature", "properties": {"time_min": 60, "depth_min_m": 0.05, "depth_max_m": 1.0, "depth_class": "0.05\u20131.0 m", "class_area_km2": 0.8447408514100406, "flooded_area_km2": 17.78648792691141, "frame_max_depth_m": 144.69788555673983, "class_mean_depth_m": 0.528070315076816, "scenario_id": "major_breach", "model_type": "Automated approximate 2D flood-routing prototype", "validated_hydraulic_output": false}, "geometry": {"type": "Polygon", "coordinates": [[[75.1058386278, 18.081393737099997], [75.1058386278, 18.081115959099996], [75.1061164058, 18.081115959099996], [75.1061164058, 18.081393737099997], [75.1058386278, 18.081393737099997]]]}}, {"type": "Feature", "properties": {"time_min": 60, "depth_min_m": 0.05, "depth_max_m": 1.0, "depth_class": "0.05\u20131.0 m", "class_area_km2": 0.8447408514100406, "flooded_area_km2": 17.78648792691141, "frame_max_depth_m": 144.69788555673983, "class_mean_depth_m": 0.528070315076816, "scenario_id": "major_breach", "model_type": "Automated approximate 2D flood-routing prototype", "validated_hydraulic_output": false}, "geometry": {"type": "Polygon", "coordinates": [[[75.1075052958, 18.081393737099997], [75.1075052958, 18.081115959099996], [75.1077830738, 18.081115959099996], [75.1077830738, 18.081393737099997], [75.1075052958, 18.081393737099997]]]}}, {"type": "Feature", "properties": {"time_min": 60, "depth_min_m": 0.05, "depth_max_m": 1.0, "depth_class": "0.05\u20131.0 m", "class_area_km2": 0.8447408514100406, "flooded_area_km2": 17.78648792691141, "frame_max_depth_m": 144.69788555673983, "class_mean_depth_m": 0.528070315076816, "scenario_id": "major_breach", "model_type": "Automated approximate 2D flood-routing prototype", "validated_hydraulic_output": false}, "geometry": {"type": "Polygon", "coordinates": [[[75.12167197379999, 18.081393737099997], [75.12167197379999, 18.081115959099996], [75.1222275298, 18.081115959099996], [75.1222275298, 18.081393737099997], [75.12167197379999, 18.081393737099997]]]}}, {"type": "Feature", "properties": {"time_min": 60, "depth_min_m": 0.05, "depth_max_m": 1.0, "depth_class": "0.05\u20131.0 m", "class_area_km2": 0.8447408514100406, "flooded_area_km2": 17.78648792691141, "frame_max_depth_m": 144.69788555673983, "class_mean_depth_m": 0.528070315076816, "scenario_id": "major_breach", "model_type": "Automated approximate 2D flood-routing prototype", "validated_hydraulic_output": false}, "geometry": {"type": "Polygon", "coordinates": [[[75.1225053078, 18.081393737099997], [75.1225053078, 18.081115959099996], [75.1227830858, 18.081115959099996], [75.1227830858, 18.081393737099997], [75.1225053078, 18.081393737099997]]]}}, {"type": "Feature", "properties": {"time_min": 60, "depth_min_m": 0.05, "depth_max_m": 1.0, "depth_class": "0.05\u20131.0 m", "class_area_km2": 0.8447408514100406, "flooded_area_km2": 17.78648792691141, "frame_max_depth_m": 144.69788555673983, "class_mean_depth_m": 0.528070315076816, "scenario_id": "major_breach", "model_type": "Automated approximate 2D flood-routing prototype", "validated_hydraulic_output": false}, "geometry": {"type": "Polygon", "coordinates": [[[75.13222753779999, 18.081393737099997], [75.13222753779999, 18.081115959099996], [75.13250531579999, 18.081115959099996], [75.13250531579999, 18.081393737099997], [75.13222753779999, 18.081393737099997]]]}}, {"type": "Feature", "properties": {"time_min": 60, "depth_min_m": 0.05, "depth_max_m": 1.0, "depth_class": "0.05\u20131.0 m", "class_area_km2": 0.8447408514100406, "flooded_area_km2": 17.78648792691141, "frame_max_depth_m": 144.69788555673983, "class_mean_depth_m": 0.528070315076816, "scenario_id": "major_breach", "model_type": "Automated approximate 2D flood-routing prototype", "validated_hydraulic_output": false}, "geometry": {"type": "Polygon", "coordinates": [[[75.14167198979999, 18.081393737099997], [75.14167198979999, 18.081115959099996], [75.1419497678, 18.081115959099996], [75.1419497678, 18.081393737099997], [75.14167198979999, 18.081393737099997]]]}}, {"type": "Feature", "properties": {"time_min": 60, "depth_min_m": 0.05, "depth_max_m": 1.0, "depth_class": "0.05\u20131.0 m", "class_area_km2": 0.8447408514100406, "flooded_area_km2": 17.78648792691141, "frame_max_depth_m": 144.69788555673983, "class_mean_depth_m": 0.528070315076816, "scenario_id": "major_breach", "model_type": "Automated approximate 2D flood-routing prototype", "validated_hydraulic_output": false}, "geometry": {"type": "Polygon", "coordinates": [[[75.08861639179999, 18.083615961099998], [75.08861639179999, 18.0830604051], [75.0888941698, 18.0830604051], [75.0888941698, 18.0827826271], [75.0891719478, 18.0827826271], [75.0891719478, 18.082504849099998], [75.08972750379999, 18.082504849099998], [75.08972750379999, 18.081393737099997], [75.09000528179999, 18.081393737099997], [75.09000528179999, 18.081115959099996], [75.0902830598, 18.081115959099996], [75.0902830598, 18.0808381811], [75.0911163938, 18.0808381811], [75.0911163938, 18.081115959099996], [75.09139417179999, 18.081115959099996], [75.09139417179999, 18.0808381811], [75.09167194979999, 18.0808381811], [75.09167194979999, 18.081115959099996], [75.0922275058, 18.081115959099996], [75.0922275058, 18.081393737099997], [75.0905608378, 18.081393737099997], [75.0905608378, 18.0816715151], [75.0902830598, 18.0816715151], [75.0902830598, 18.0819492931], [75.09000528179999, 18.0819492931], [75.09000528179999, 18.0827826271], [75.0894497258, 18.0827826271], [75.0894497258, 18.0830604051], [75.0891719478, 18.0830604051], [75.0891719478, 18.083615961099998], [75.08861639179999, 18.083615961099998]]]}}, {"type": "Feature", "properties": {"time_min": 60, "depth_min_m": 0.05, "depth_max_m": 1.0, "depth_class": "0.05\u20131.0 m", "class_area_km2": 0.8447408514100406, "flooded_area_km2": 17.78648792691141, "frame_max_depth_m": 144.69788555673983, "class_mean_depth_m": 0.528070315076816, "scenario_id": "major_breach", "model_type": "Automated approximate 2D flood-routing prototype", "validated_hydraulic_output": false}, "geometry": {"type": "Polygon", "coordinates": [[[75.09306083979999, 18.081393737099997], [75.09306083979999, 18.081115959099996], [75.0933386178, 18.081115959099996], [75.0933386178, 18.0808381811], [75.0936163958, 18.0808381811], [75.0936163958, 18.081393737099997], [75.09306083979999, 18.081393737099997]]]}}, {"type": "Feature", "properties": {"time_min": 60, "depth_min_m": 0.05, "depth_max_m": 1.0, "depth_class": "0.05\u20131.0 m", "class_area_km2": 0.8447408514100406, "flooded_area_km2": 17.78648792691141, "frame_max_depth_m": 144.69788555673983, "class_mean_depth_m": 0.528070315076816, "scenario_id": "major_breach", "model_type": "Automated approximate 2D flood-routing prototype", "validated_hydraulic_output": false}, "geometry": {"type": "Polygon", "coordinates": [[[75.1333386498, 18.081393737099997], [75.1333386498, 18.0808381811], [75.13361642779999, 18.0808381811], [75.13361642779999, 18.081393737099997], [75.1333386498, 18.081393737099997]]]}}, {"type": "Feature", "properties": {"time_min": 60, "depth_min_m": 0.05, "depth_max_m": 1.0, "depth_class": "0.05\u20131.0 m", "class_area_km2": 0.8447408514100406, "flooded_area_km2": 17.78648792691141, "frame_max_depth_m": 144.69788555673983, "class_mean_depth_m": 0.528070315076816, "scenario_id": "major_breach", "model_type": "Automated approximate 2D flood-routing prototype", "validated_hydraulic_output": false}, "geometry": {"type": "Polygon", "coordinates": [[[75.10639418379999, 18.081115959099996], [75.10639418379999, 18.0808381811], [75.10667196179999, 18.0808381811], [75.10667196179999, 18.081115959099996], [75.10639418379999, 18.081115959099996]]]}}, {"type": "Feature", "properties": {"time_min": 60, "depth_min_m": 0.05, "depth_max_m": 1.0, "depth_class": "0.05\u20131.0 m", "class_area_km2": 0.8447408514100406, "flooded_area_km2": 17.78648792691141, "frame_max_depth_m": 144.69788555673983, "class_mean_depth_m": 0.528070315076816, "scenario_id": "major_breach", "model_type": "Automated approximate 2D flood-routing prototype", "validated_hydraulic_output": false}, "geometry": {"type": "Polygon", "coordinates": [[[75.1072275178, 18.081115959099996], [75.1072275178, 18.0808381811], [75.1075052958, 18.0808381811], [75.1075052958, 18.081115959099996], [75.1072275178, 18.081115959099996]]]}}, {"type": "Feature", "properties": {"time_min": 60, "depth_min_m": 0.05, "depth_max_m": 1.0, "depth_class": "0.05\u20131.0 m", "class_area_km2": 0.8447408514100406, "flooded_area_km2": 17.78648792691141, "frame_max_depth_m": 144.69788555673983, "class_mean_depth_m": 0.528070315076816, "scenario_id": "major_breach", "model_type": "Automated approximate 2D flood-routing prototype", "validated_hydraulic_output": false}, "geometry": {"type": "Polygon", "coordinates": [[[75.12333864179999, 18.081115959099996], [75.12333864179999, 18.0808381811], [75.1236164198, 18.0808381811], [75.1236164198, 18.081115959099996], [75.12333864179999, 18.081115959099996]]]}}, {"type": "Feature", "properties": {"time_min": 60, "depth_min_m": 0.05, "depth_max_m": 1.0, "depth_class": "0.05\u20131.0 m", "class_area_km2": 0.8447408514100406, "flooded_area_km2": 17.78648792691141, "frame_max_depth_m": 144.69788555673983, "class_mean_depth_m": 0.528070315076816, "scenario_id": "major_breach", "model_type": "Automated approximate 2D flood-routing prototype", "validated_hydraulic_output": false}, "geometry": {"type": "Polygon", "coordinates": [[[75.12778308979999, 18.0816715151], [75.12778308979999, 18.081393737099997], [75.1275053118, 18.081393737099997], [75.1275053118, 18.081115959099996], [75.1272275338, 18.081115959099996], [75.1272275338, 18.0808381811], [75.12778308979999, 18.0808381811], [75.12778308979999, 18.081115959099996], [75.12806086779999, 18.081115959099996], [75.12806086779999, 18.081393737099997], [75.1283386458, 18.081393737099997], [75.1283386458, 18.0816715151], [75.12778308979999, 18.0816715151]]]}}, {"type": "Feature", "properties": {"time_min": 60, "depth_min_m": 0.05, "depth_max_m": 1.0, "depth_class": "0.05\u20131.0 m", "class_area_km2": 0.8447408514100406, "flooded_area_km2": 17.78648792691141, "frame_max_depth_m": 144.69788555673983, "class_mean_depth_m": 0.528070315076816, "scenario_id": "major_breach", "model_type": "Automated approximate 2D flood-routing prototype", "validated_hydraulic_output": false}, "geometry": {"type": "Polygon", "coordinates": [[[75.1375053198, 18.081115959099996], [75.1375053198, 18.0808381811], [75.1377830978, 18.0808381811], [75.1377830978, 18.081115959099996], [75.1375053198, 18.081115959099996]]]}}, {"type": "Feature", "properties": {"time_min": 60, "depth_min_m": 0.05, "depth_max_m": 1.0, "depth_class": "0.05\u20131.0 m", "class_area_km2": 0.8447408514100406, "flooded_area_km2": 17.78648792691141, "frame_max_depth_m": 144.69788555673983, "class_mean_depth_m": 0.528070315076816, "scenario_id": "major_breach", "model_type": "Automated approximate 2D flood-routing prototype", "validated_hydraulic_output": false}, "geometry": {"type": "Polygon", "coordinates": [[[75.13833865379999, 18.081115959099996], [75.13833865379999, 18.0808381811], [75.1391719878, 18.0808381811], [75.1391719878, 18.081115959099996], [75.13833865379999, 18.081115959099996]]]}}, {"type": "Feature", "properties": {"time_min": 60, "depth_min_m": 0.05, "depth_max_m": 1.0, "depth_class": "0.05\u20131.0 m", "class_area_km2": 0.8447408514100406, "flooded_area_km2": 17.78648792691141, "frame_max_depth_m": 144.69788555673983, "class_mean_depth_m": 0.528070315076816, "scenario_id": "major_breach", "model_type": "Automated approximate 2D flood-routing prototype", "validated_hydraulic_output": false}, "geometry": {"type": "Polygon", "coordinates": [[[75.08056082979999, 18.0808381811], [75.08056082979999, 18.080560403099998], [75.08083860779999, 18.080560403099998], [75.08083860779999, 18.0808381811], [75.08056082979999, 18.0808381811]]]}}, {"type": "Feature", "properties": {"time_min": 60, "depth_min_m": 0.05, "depth_max_m": 1.0, "depth_class": "0.05\u20131.0 m", "class_area_km2": 0.8447408514100406, "flooded_area_km2": 17.78648792691141, "frame_max_depth_m": 144.69788555673983, "class_mean_depth_m": 0.528070315076816, "scenario_id": "major_breach", "model_type": "Automated approximate 2D flood-routing prototype", "validated_hydraulic_output": false}, "geometry": {"type": "Polygon", "coordinates": [[[75.0938941738, 18.0808381811], [75.0938941738, 18.080560403099998], [75.09444972979999, 18.080560403099998], [75.09444972979999, 18.0808381811], [75.0938941738, 18.0808381811]]]}}, {"type": "Feature", "properties": {"time_min": 60, "depth_min_m": 0.05, "depth_max_m": 1.0, "depth_class": "0.05\u20131.0 m", "class_area_km2": 0.8447408514100406, "flooded_area_km2": 17.78648792691141, "frame_max_depth_m": 144.69788555673983, "class_mean_depth_m": 0.528070315076816, "scenario_id": "major_breach", "model_type": "Automated approximate 2D flood-routing prototype", "validated_hydraulic_output": false}, "geometry": {"type": "Polygon", "coordinates": [[[75.1227830858, 18.0808381811], [75.1227830858, 18.080560403099998], [75.12333864179999, 18.080560403099998], [75.12333864179999, 18.0808381811], [75.1227830858, 18.0808381811]]]}}, {"type": "Feature", "properties": {"time_min": 60, "depth_min_m": 0.05, "depth_max_m": 1.0, "depth_class": "0.05\u20131.0 m", "class_area_km2": 0.8447408514100406, "flooded_area_km2": 17.78648792691141, "frame_max_depth_m": 144.69788555673983, "class_mean_depth_m": 0.528070315076816, "scenario_id": "major_breach", "model_type": "Automated approximate 2D flood-routing prototype", "validated_hydraulic_output": false}, "geometry": {"type": "Polygon", "coordinates": [[[75.1222275298, 18.081115959099996], [75.1222275298, 18.0808381811], [75.1213941958, 18.0808381811], [75.1213941958, 18.080560403099998], [75.12194975179999, 18.080560403099998], [75.12194975179999, 18.080282625099997], [75.1222275298, 18.080282625099997], [75.1222275298, 18.080560403099998], [75.1225053078, 18.080560403099998], [75.1225053078, 18.081115959099996], [75.1222275298, 18.081115959099996]]]}}, {"type": "Feature", "properties": {"time_min": 60, "depth_min_m": 0.05, "depth_max_m": 1.0, "depth_class": "0.05\u20131.0 m", "class_area_km2": 0.8447408514100406, "flooded_area_km2": 17.78648792691141, "frame_max_depth_m": 144.69788555673983, "class_mean_depth_m": 0.528070315076816, "scenario_id": "major_breach", "model_type": "Automated approximate 2D flood-routing prototype", "validated_hydraulic_output": false}, "geometry": {"type": "Polygon", "coordinates": [[[75.08083860779999, 18.080560403099998], [75.08083860779999, 18.080282625099997], [75.0811163858, 18.080282625099997], [75.0811163858, 18.080560403099998], [75.08083860779999, 18.080560403099998]]]}}, {"type": "Feature", "properties": {"time_min": 60, "depth_min_m": 0.05, "depth_max_m": 1.0, "depth_class": "0.05\u20131.0 m", "class_area_km2": 0.8447408514100406, "flooded_area_km2": 17.78648792691141, "frame_max_depth_m": 144.69788555673983, "class_mean_depth_m": 0.528070315076816, "scenario_id": "major_breach", "model_type": "Automated approximate 2D flood-routing prototype", "validated_hydraulic_output": false}, "geometry": {"type": "Polygon", "coordinates": [[[75.09444972979999, 18.080560403099998], [75.09444972979999, 18.080282625099997], [75.09472750779999, 18.080282625099997], [75.09472750779999, 18.080560403099998], [75.09444972979999, 18.080560403099998]]]}}, {"type": "Feature", "properties": {"time_min": 60, "depth_min_m": 0.05, "depth_max_m": 1.0, "depth_class": "0.05\u20131.0 m", "class_area_km2": 0.8447408514100406, "flooded_area_km2": 17.78648792691141, "frame_max_depth_m": 144.69788555673983, "class_mean_depth_m": 0.528070315076816, "scenario_id": "major_breach", "model_type": "Automated approximate 2D flood-routing prototype", "validated_hydraulic_output": false}, "geometry": {"type": "Polygon", "coordinates": [[[75.1275053118, 18.080560403099998], [75.1275053118, 18.080282625099997], [75.12778308979999, 18.080282625099997], [75.12778308979999, 18.080560403099998], [75.1275053118, 18.080560403099998]]]}}, {"type": "Feature", "properties": {"time_min": 60, "depth_min_m": 0.05, "depth_max_m": 1.0, "depth_class": "0.05\u20131.0 m", "class_area_km2": 0.8447408514100406, "flooded_area_km2": 17.78648792691141, "frame_max_depth_m": 144.69788555673983, "class_mean_depth_m": 0.528070315076816, "scenario_id": "major_breach", "model_type": "Automated approximate 2D flood-routing prototype", "validated_hydraulic_output": false}, "geometry": {"type": "Polygon", "coordinates": [[[75.13361642779999, 18.080560403099998], [75.13361642779999, 18.080282625099997], [75.13417198379999, 18.080282625099997], [75.13417198379999, 18.080560403099998], [75.13361642779999, 18.080560403099998]]]}}, {"type": "Feature", "properties": {"time_min": 60, "depth_min_m": 0.05, "depth_max_m": 1.0, "depth_class": "0.05\u20131.0 m", "class_area_km2": 0.8447408514100406, "flooded_area_km2": 17.78648792691141, "frame_max_depth_m": 144.69788555673983, "class_mean_depth_m": 0.528070315076816, "scenario_id": "major_breach", "model_type": "Automated approximate 2D flood-routing prototype", "validated_hydraulic_output": false}, "geometry": {"type": "Polygon", "coordinates": [[[75.0811163858, 18.080282625099997], [75.0811163858, 18.0800048471], [75.0813941638, 18.0800048471], [75.0813941638, 18.080282625099997], [75.0811163858, 18.080282625099997]]]}}, {"type": "Feature", "properties": {"time_min": 60, "depth_min_m": 0.05, "depth_max_m": 1.0, "depth_class": "0.05\u20131.0 m", "class_area_km2": 0.8447408514100406, "flooded_area_km2": 17.78648792691141, "frame_max_depth_m": 144.69788555673983, "class_mean_depth_m": 0.528070315076816, "scenario_id": "major_breach", "model_type": "Automated approximate 2D flood-routing prototype", "validated_hydraulic_output": false}, "geometry": {"type": "Polygon", "coordinates": [[[75.09472750779999, 18.080282625099997], [75.09472750779999, 18.0800048471], [75.0950052858, 18.0800048471], [75.0950052858, 18.080282625099997], [75.09472750779999, 18.080282625099997]]]}}, {"type": "Feature", "properties": {"time_min": 60, "depth_min_m": 0.05, "depth_max_m": 1.0, "depth_class": "0.05\u20131.0 m", "class_area_km2": 0.8447408514100406, "flooded_area_km2": 17.78648792691141, "frame_max_depth_m": 144.69788555673983, "class_mean_depth_m": 0.528070315076816, "scenario_id": "major_breach", "model_type": "Automated approximate 2D flood-routing prototype", "validated_hydraulic_output": false}, "geometry": {"type": "Polygon", "coordinates": [[[75.1213941958, 18.080282625099997], [75.1213941958, 18.0800048471], [75.12167197379999, 18.0800048471], [75.12167197379999, 18.080282625099997], [75.1213941958, 18.080282625099997]]]}}, {"type": "Feature", "properties": {"time_min": 60, "depth_min_m": 0.05, "depth_max_m": 1.0, "depth_class": "0.05\u20131.0 m", "class_area_km2": 0.8447408514100406, "flooded_area_km2": 17.78648792691141, "frame_max_depth_m": 144.69788555673983, "class_mean_depth_m": 0.528070315076816, "scenario_id": "major_breach", "model_type": "Automated approximate 2D flood-routing prototype", "validated_hydraulic_output": false}, "geometry": {"type": "Polygon", "coordinates": [[[75.1225053078, 18.080282625099997], [75.1225053078, 18.0800048471], [75.1227830858, 18.0800048471], [75.1227830858, 18.080282625099997], [75.1225053078, 18.080282625099997]]]}}, {"type": "Feature", "properties": {"time_min": 60, "depth_min_m": 0.05, "depth_max_m": 1.0, "depth_class": "0.05\u20131.0 m", "class_area_km2": 0.8447408514100406, "flooded_area_km2": 17.78648792691141, "frame_max_depth_m": 144.69788555673983, "class_mean_depth_m": 0.528070315076816, "scenario_id": "major_breach", "model_type": "Automated approximate 2D flood-routing prototype", "validated_hydraulic_output": false}, "geometry": {"type": "Polygon", "coordinates": [[[75.1236164198, 18.080282625099997], [75.1236164198, 18.0800048471], [75.1241719758, 18.0800048471], [75.1241719758, 18.080282625099997], [75.1236164198, 18.080282625099997]]]}}, {"type": "Feature", "properties": {"time_min": 60, "depth_min_m": 0.05, "depth_max_m": 1.0, "depth_class": "0.05\u20131.0 m", "class_area_km2": 0.8447408514100406, "flooded_area_km2": 17.78648792691141, "frame_max_depth_m": 144.69788555673983, "class_mean_depth_m": 0.528070315076816, "scenario_id": "major_breach", "model_type": "Automated approximate 2D flood-routing prototype", "validated_hydraulic_output": false}, "geometry": {"type": "Polygon", "coordinates": [[[75.1288942018, 18.080282625099997], [75.1288942018, 18.0800048471], [75.12917197979999, 18.0800048471], [75.12917197979999, 18.080282625099997], [75.1288942018, 18.080282625099997]]]}}, {"type": "Feature", "properties": {"time_min": 60, "depth_min_m": 0.05, "depth_max_m": 1.0, "depth_class": "0.05\u20131.0 m", "class_area_km2": 0.8447408514100406, "flooded_area_km2": 17.78648792691141, "frame_max_depth_m": 144.69788555673983, "class_mean_depth_m": 0.528070315076816, "scenario_id": "major_breach", "model_type": "Automated approximate 2D flood-routing prototype", "validated_hydraulic_output": false}, "geometry": {"type": "Polygon", "coordinates": [[[75.13417198379999, 18.080282625099997], [75.13417198379999, 18.0800048471], [75.1344497618, 18.0800048471], [75.1344497618, 18.080282625099997], [75.13417198379999, 18.080282625099997]]]}}, {"type": "Feature", "properties": {"time_min": 60, "depth_min_m": 0.05, "depth_max_m": 1.0, "depth_class": "0.05\u20131.0 m", "class_area_km2": 0.8447408514100406, "flooded_area_km2": 17.78648792691141, "frame_max_depth_m": 144.69788555673983, "class_mean_depth_m": 0.528070315076816, "scenario_id": "major_breach", "model_type": "Automated approximate 2D flood-routing prototype", "validated_hydraulic_output": false}, "geometry": {"type": "Polygon", "coordinates": [[[75.1300053138, 18.0808381811], [75.1300053138, 18.080560403099998], [75.1297275358, 18.080560403099998], [75.1297275358, 18.0800048471], [75.1300053138, 18.0800048471], [75.1300053138, 18.0797270691], [75.1302830918, 18.0797270691], [75.1302830918, 18.0800048471], [75.1305608698, 18.0800048471], [75.1305608698, 18.080282625099997], [75.1302830918, 18.080282625099997], [75.1302830918, 18.0808381811], [75.1300053138, 18.0808381811]]]}}, {"type": "Feature", "properties": {"time_min": 60, "depth_min_m": 0.05, "depth_max_m": 1.0, "depth_class": "0.05\u20131.0 m", "class_area_km2": 0.8447408514100406, "flooded_area_km2": 17.78648792691141, "frame_max_depth_m": 144.69788555673983, "class_mean_depth_m": 0.528070315076816, "scenario_id": "major_breach", "model_type": "Automated approximate 2D flood-routing prototype", "validated_hydraulic_output": false}, "geometry": {"type": "Polygon", "coordinates": [[[75.0950052858, 18.0800048471], [75.0950052858, 18.0797270691], [75.0952830638, 18.0797270691], [75.0952830638, 18.0800048471], [75.0950052858, 18.0800048471]]]}}, {"type": "Feature", "properties": {"time_min": 60, "depth_min_m": 0.05, "depth_max_m": 1.0, "depth_class": "0.05\u20131.0 m", "class_area_km2": 0.8447408514100406, "flooded_area_km2": 17.78648792691141, "frame_max_depth_m": 144.69788555673983, "class_mean_depth_m": 0.528070315076816, "scenario_id": "major_breach", "model_type": "Automated approximate 2D flood-routing prototype", "validated_hydraulic_output": false}, "geometry": {"type": "Polygon", "coordinates": [[[75.1011164018, 18.0800048471], [75.1011164018, 18.0797270691], [75.10194973579999, 18.0797270691], [75.10194973579999, 18.0800048471], [75.1011164018, 18.0800048471]]]}}, {"type": "Feature", "properties": {"time_min": 60, "depth_min_m": 0.05, "depth_max_m": 1.0, "depth_class": "0.05\u20131.0 m", "class_area_km2": 0.8447408514100406, "flooded_area_km2": 17.78648792691141, "frame_max_depth_m": 144.69788555673983, "class_mean_depth_m": 0.528070315076816, "scenario_id": "major_breach", "model_type": "Automated approximate 2D flood-routing prototype", "validated_hydraulic_output": false}, "geometry": {"type": "Polygon", "coordinates": [[[75.1227830858, 18.0800048471], [75.1227830858, 18.0797270691], [75.12306086379999, 18.0797270691], [75.12306086379999, 18.0800048471], [75.1227830858, 18.0800048471]]]}}, {"type": "Feature", "properties": {"time_min": 60, "depth_min_m": 0.05, "depth_max_m": 1.0, "depth_class": "0.05\u20131.0 m", "class_area_km2": 0.8447408514100406, "flooded_area_km2": 17.78648792691141, "frame_max_depth_m": 144.69788555673983, "class_mean_depth_m": 0.528070315076816, "scenario_id": "major_breach", "model_type": "Automated approximate 2D flood-routing prototype", "validated_hydraulic_output": false}, "geometry": {"type": "Polygon", "coordinates": [[[75.12333864179999, 18.0800048471], [75.12333864179999, 18.0797270691], [75.1236164198, 18.0797270691], [75.1236164198, 18.0800048471], [75.12333864179999, 18.0800048471]]]}}, {"type": "Feature", "properties": {"time_min": 60, "depth_min_m": 0.05, "depth_max_m": 1.0, "depth_class": "0.05\u20131.0 m", "class_area_km2": 0.8447408514100406, "flooded_area_km2": 17.78648792691141, "frame_max_depth_m": 144.69788555673983, "class_mean_depth_m": 0.528070315076816, "scenario_id": "major_breach", "model_type": "Automated approximate 2D flood-routing prototype", "validated_hydraulic_output": false}, "geometry": {"type": "Polygon", "coordinates": [[[75.12472753179999, 18.0800048471], [75.12472753179999, 18.0797270691], [75.12500530979999, 18.0797270691], [75.12500530979999, 18.0800048471], [75.12472753179999, 18.0800048471]]]}}, {"type": "Feature", "properties": {"time_min": 60, "depth_min_m": 0.05, "depth_max_m": 1.0, "depth_class": "0.05\u20131.0 m", "class_area_km2": 0.8447408514100406, "flooded_area_km2": 17.78648792691141, "frame_max_depth_m": 144.69788555673983, "class_mean_depth_m": 0.528070315076816, "scenario_id": "major_breach", "model_type": "Automated approximate 2D flood-routing prototype", "validated_hydraulic_output": false}, "geometry": {"type": "Polygon", "coordinates": [[[75.1286164238, 18.0800048471], [75.1286164238, 18.0797270691], [75.1288942018, 18.0797270691], [75.1288942018, 18.0800048471], [75.1286164238, 18.0800048471]]]}}, {"type": "Feature", "properties": {"time_min": 60, "depth_min_m": 0.05, "depth_max_m": 1.0, "depth_class": "0.05\u20131.0 m", "class_area_km2": 0.8447408514100406, "flooded_area_km2": 17.78648792691141, "frame_max_depth_m": 144.69788555673983, "class_mean_depth_m": 0.528070315076816, "scenario_id": "major_breach", "model_type": "Automated approximate 2D flood-routing prototype", "validated_hydraulic_output": false}, "geometry": {"type": "Polygon", "coordinates": [[[75.1350053178, 18.0800048471], [75.1350053178, 18.0797270691], [75.13528309579999, 18.0797270691], [75.13528309579999, 18.0800048471], [75.1350053178, 18.0800048471]]]}}, {"type": "Feature", "properties": {"time_min": 60, "depth_min_m": 0.05, "depth_max_m": 1.0, "depth_class": "0.05\u20131.0 m", "class_area_km2": 0.8447408514100406, "flooded_area_km2": 17.78648792691141, "frame_max_depth_m": 144.69788555673983, "class_mean_depth_m": 0.528070315076816, "scenario_id": "major_breach", "model_type": "Automated approximate 2D flood-routing prototype", "validated_hydraulic_output": false}, "geometry": {"type": "Polygon", "coordinates": [[[75.10056084579999, 18.0797270691], [75.10056084579999, 18.079449291099998], [75.1011164018, 18.079449291099998], [75.1011164018, 18.0797270691], [75.10056084579999, 18.0797270691]]]}}, {"type": "Feature", "properties": {"time_min": 60, "depth_min_m": 0.05, "depth_max_m": 1.0, "depth_class": "0.05\u20131.0 m", "class_area_km2": 0.8447408514100406, "flooded_area_km2": 17.78648792691141, "frame_max_depth_m": 144.69788555673983, "class_mean_depth_m": 0.528070315076816, "scenario_id": "major_breach", "model_type": "Automated approximate 2D flood-routing prototype", "validated_hydraulic_output": false}, "geometry": {"type": "Polygon", "coordinates": [[[75.1213941958, 18.0797270691], [75.1213941958, 18.079449291099998], [75.12167197379999, 18.079449291099998], [75.12167197379999, 18.0797270691], [75.1213941958, 18.0797270691]]]}}, {"type": "Feature", "properties": {"time_min": 60, "depth_min_m": 0.05, "depth_max_m": 1.0, "depth_class": "0.05\u20131.0 m", "class_area_km2": 0.8447408514100406, "flooded_area_km2": 17.78648792691141, "frame_max_depth_m": 144.69788555673983, "class_mean_depth_m": 0.528070315076816, "scenario_id": "major_breach", "model_type": "Automated approximate 2D flood-routing prototype", "validated_hydraulic_output": false}, "geometry": {"type": "Polygon", "coordinates": [[[75.12194975179999, 18.0797270691], [75.12194975179999, 18.079449291099998], [75.1222275298, 18.079449291099998], [75.1222275298, 18.0797270691], [75.12194975179999, 18.0797270691]]]}}, {"type": "Feature", "properties": {"time_min": 60, "depth_min_m": 0.05, "depth_max_m": 1.0, "depth_class": "0.05\u20131.0 m", "class_area_km2": 0.8447408514100406, "flooded_area_km2": 17.78648792691141, "frame_max_depth_m": 144.69788555673983, "class_mean_depth_m": 0.528070315076816, "scenario_id": "major_breach", "model_type": "Automated approximate 2D flood-routing prototype", "validated_hydraulic_output": false}, "geometry": {"type": "Polygon", "coordinates": [[[75.1244497538, 18.0797270691], [75.1244497538, 18.079449291099998], [75.12472753179999, 18.079449291099998], [75.12472753179999, 18.0797270691], [75.1244497538, 18.0797270691]]]}}, {"type": "Feature", "properties": {"time_min": 60, "depth_min_m": 0.05, "depth_max_m": 1.0, "depth_class": "0.05\u20131.0 m", "class_area_km2": 0.8447408514100406, "flooded_area_km2": 17.78648792691141, "frame_max_depth_m": 144.69788555673983, "class_mean_depth_m": 0.528070315076816, "scenario_id": "major_breach", "model_type": "Automated approximate 2D flood-routing prototype", "validated_hydraulic_output": false}, "geometry": {"type": "Polygon", "coordinates": [[[75.0816719418, 18.079449291099998], [75.0816719418, 18.079171513099997], [75.0819497198, 18.079171513099997], [75.0819497198, 18.079449291099998], [75.0816719418, 18.079449291099998]]]}}, {"type": "Feature", "properties": {"time_min": 60, "depth_min_m": 0.05, "depth_max_m": 1.0, "depth_class": "0.05\u20131.0 m", "class_area_km2": 0.8447408514100406, "flooded_area_km2": 17.78648792691141, "frame_max_depth_m": 144.69788555673983, "class_mean_depth_m": 0.528070315076816, "scenario_id": "major_breach", "model_type": "Automated approximate 2D flood-routing prototype", "validated_hydraulic_output": false}, "geometry": {"type": "Polygon", "coordinates": [[[75.0997275118, 18.079449291099998], [75.0997275118, 18.079171513099997], [75.10028306779999, 18.079171513099997], [75.10028306779999, 18.079449291099998], [75.0997275118, 18.079449291099998]]]}}, {"type": "Feature", "properties": {"time_min": 60, "depth_min_m": 0.05, "depth_max_m": 1.0, "depth_class": "0.05\u20131.0 m", "class_area_km2": 0.8447408514100406, "flooded_area_km2": 17.78648792691141, "frame_max_depth_m": 144.69788555673983, "class_mean_depth_m": 0.528070315076816, "scenario_id": "major_breach", "model_type": "Automated approximate 2D flood-routing prototype", "validated_hydraulic_output": false}, "geometry": {"type": "Polygon", "coordinates": [[[75.1211164178, 18.079449291099998], [75.1211164178, 18.079171513099997], [75.1213941958, 18.079171513099997], [75.1213941958, 18.079449291099998], [75.1211164178, 18.079449291099998]]]}}, {"type": "Feature", "properties": {"time_min": 60, "depth_min_m": 0.05, "depth_max_m": 1.0, "depth_class": "0.05\u20131.0 m", "class_area_km2": 0.8447408514100406, "flooded_area_km2": 17.78648792691141, "frame_max_depth_m": 144.69788555673983, "class_mean_depth_m": 0.528070315076816, "scenario_id": "major_breach", "model_type": "Automated approximate 2D flood-routing prototype", "validated_hydraulic_output": false}, "geometry": {"type": "Polygon", "coordinates": [[[75.1225053078, 18.079449291099998], [75.1225053078, 18.079171513099997], [75.1227830858, 18.079171513099997], [75.1227830858, 18.079449291099998], [75.1225053078, 18.079449291099998]]]}}, {"type": "Feature", "properties": {"time_min": 60, "depth_min_m": 0.05, "depth_max_m": 1.0, "depth_class": "0.05\u20131.0 m", "class_area_km2": 0.8447408514100406, "flooded_area_km2": 17.78648792691141, "frame_max_depth_m": 144.69788555673983, "class_mean_depth_m": 0.528070315076816, "scenario_id": "major_breach", "model_type": "Automated approximate 2D flood-routing prototype", "validated_hydraulic_output": false}, "geometry": {"type": "Polygon", "coordinates": [[[75.1241719758, 18.079449291099998], [75.1241719758, 18.079171513099997], [75.1244497538, 18.079171513099997], [75.1244497538, 18.079449291099998], [75.1241719758, 18.079449291099998]]]}}, {"type": "Feature", "properties": {"time_min": 60, "depth_min_m": 0.05, "depth_max_m": 1.0, "depth_class": "0.05\u20131.0 m", "class_area_km2": 0.8447408514100406, "flooded_area_km2": 17.78648792691141, "frame_max_depth_m": 144.69788555673983, "class_mean_depth_m": 0.528070315076816, "scenario_id": "major_breach", "model_type": "Automated approximate 2D flood-routing prototype", "validated_hydraulic_output": false}, "geometry": {"type": "Polygon", "coordinates": [[[75.1283386458, 18.079449291099998], [75.1283386458, 18.079171513099997], [75.1286164238, 18.079171513099997], [75.1286164238, 18.079449291099998], [75.1283386458, 18.079449291099998]]]}}, {"type": "Feature", "properties": {"time_min": 60, "depth_min_m": 0.05, "depth_max_m": 1.0, "depth_class": "0.05\u20131.0 m", "class_area_km2": 0.8447408514100406, "flooded_area_km2": 17.78648792691141, "frame_max_depth_m": 144.69788555673983, "class_mean_depth_m": 0.528070315076816, "scenario_id": "major_breach", "model_type": "Automated approximate 2D flood-routing prototype", "validated_hydraulic_output": false}, "geometry": {"type": "Polygon", "coordinates": [[[75.1288942018, 18.0797270691], [75.1288942018, 18.079171513099997], [75.12917197979999, 18.079171513099997], [75.12917197979999, 18.0788937351], [75.12944975779999, 18.0788937351], [75.12944975779999, 18.079449291099998], [75.12917197979999, 18.079449291099998], [75.12917197979999, 18.0797270691], [75.1288942018, 18.0797270691]]]}}, {"type": "Feature", "properties": {"time_min": 60, "depth_min_m": 0.05, "depth_max_m": 1.0, "depth_class": "0.05\u20131.0 m", "class_area_km2": 0.8447408514100406, "flooded_area_km2": 17.78648792691141, "frame_max_depth_m": 144.69788555673983, "class_mean_depth_m": 0.528070315076816, "scenario_id": "major_breach", "model_type": "Automated approximate 2D flood-routing prototype", "validated_hydraulic_output": false}, "geometry": {"type": "Polygon", "coordinates": [[[75.0969497318, 18.079171513099997], [75.0969497318, 18.0788937351], [75.09722750979999, 18.0788937351], [75.09722750979999, 18.079171513099997], [75.0969497318, 18.079171513099997]]]}}, {"type": "Feature", "properties": {"time_min": 60, "depth_min_m": 0.05, "depth_max_m": 1.0, "depth_class": "0.05\u20131.0 m", "class_area_km2": 0.8447408514100406, "flooded_area_km2": 17.78648792691141, "frame_max_depth_m": 144.69788555673983, "class_mean_depth_m": 0.528070315076816, "scenario_id": "major_breach", "model_type": "Automated approximate 2D flood-routing prototype", "validated_hydraulic_output": false}, "geometry": {"type": "Polygon", "coordinates": [[[75.09917195579999, 18.079171513099997], [75.09917195579999, 18.0788937351], [75.0994497338, 18.0788937351], [75.0994497338, 18.079171513099997], [75.09917195579999, 18.079171513099997]]]}}, {"type": "Feature", "properties": {"time_min": 60, "depth_min_m": 0.05, "depth_max_m": 1.0, "depth_class": "0.05\u20131.0 m", "class_area_km2": 0.8447408514100406, "flooded_area_km2": 17.78648792691141, "frame_max_depth_m": 144.69788555673983, "class_mean_depth_m": 0.528070315076816, "scenario_id": "major_breach", "model_type": "Automated approximate 2D flood-routing prototype", "validated_hydraulic_output": false}, "geometry": {"type": "Polygon", "coordinates": [[[75.0955608418, 18.0797270691], [75.0955608418, 18.079171513099997], [75.0952830638, 18.079171513099997], [75.0952830638, 18.0788937351], [75.0955608418, 18.0788937351], [75.0955608418, 18.0786159571], [75.09583861979999, 18.0786159571], [75.09583861979999, 18.0797270691], [75.0955608418, 18.0797270691]]]}}, {"type": "Feature", "properties": {"time_min": 60, "depth_min_m": 0.05, "depth_max_m": 1.0, "depth_class": "0.05\u20131.0 m", "class_area_km2": 0.8447408514100406, "flooded_area_km2": 17.78648792691141, "frame_max_depth_m": 144.69788555673983, "class_mean_depth_m": 0.528070315076816, "scenario_id": "major_breach", "model_type": "Automated approximate 2D flood-routing prototype", "validated_hydraulic_output": false}, "geometry": {"type": "Polygon", "coordinates": [[[75.1213941958, 18.079171513099997], [75.1213941958, 18.0788937351], [75.12167197379999, 18.0788937351], [75.12167197379999, 18.0786159571], [75.1222275298, 18.0786159571], [75.1222275298, 18.0788937351], [75.12194975179999, 18.0788937351], [75.12194975179999, 18.079171513099997], [75.1213941958, 18.079171513099997]]]}}, {"type": "Feature", "properties": {"time_min": 60, "depth_min_m": 0.05, "depth_max_m": 1.0, "depth_class": "0.05\u20131.0 m", "class_area_km2": 0.8447408514100406, "flooded_area_km2": 17.78648792691141, "frame_max_depth_m": 144.69788555673983, "class_mean_depth_m": 0.528070315076816, "scenario_id": "major_breach", "model_type": "Automated approximate 2D flood-routing prototype", "validated_hydraulic_output": false}, "geometry": {"type": "Polygon", "coordinates": [[[75.0816719418, 18.0788937351], [75.0816719418, 18.0786159571], [75.0819497198, 18.0786159571], [75.0819497198, 18.0788937351], [75.0816719418, 18.0788937351]]]}}, {"type": "Feature", "properties": {"time_min": 60, "depth_min_m": 0.05, "depth_max_m": 1.0, "depth_class": "0.05\u20131.0 m", "class_area_km2": 0.8447408514100406, "flooded_area_km2": 17.78648792691141, "frame_max_depth_m": 144.69788555673983, "class_mean_depth_m": 0.528070315076816, "scenario_id": "major_breach", "model_type": "Automated approximate 2D flood-routing prototype", "validated_hydraulic_output": false}, "geometry": {"type": "Polygon", "coordinates": [[[75.0980608438, 18.0788937351], [75.0980608438, 18.0786159571], [75.0986163998, 18.0786159571], [75.0986163998, 18.0788937351], [75.0980608438, 18.0788937351]]]}}, {"type": "Feature", "properties": {"time_min": 60, "depth_min_m": 0.05, "depth_max_m": 1.0, "depth_class": "0.05\u20131.0 m", "class_area_km2": 0.8447408514100406, "flooded_area_km2": 17.78648792691141, "frame_max_depth_m": 144.69788555673983, "class_mean_depth_m": 0.528070315076816, "scenario_id": "major_breach", "model_type": "Automated approximate 2D flood-routing prototype", "validated_hydraulic_output": false}, "geometry": {"type": "Polygon", "coordinates": [[[75.12333864179999, 18.0788937351], [75.12333864179999, 18.0786159571], [75.1236164198, 18.0786159571], [75.1236164198, 18.0788937351], [75.12333864179999, 18.0788937351]]]}}, {"type": "Feature", "properties": {"time_min": 60, "depth_min_m": 0.05, "depth_max_m": 1.0, "depth_class": "0.05\u20131.0 m", "class_area_km2": 0.8447408514100406, "flooded_area_km2": 17.78648792691141, "frame_max_depth_m": 144.69788555673983, "class_mean_depth_m": 0.528070315076816, "scenario_id": "major_breach", "model_type": "Automated approximate 2D flood-routing prototype", "validated_hydraulic_output": false}, "geometry": {"type": "Polygon", "coordinates": [[[75.12500530979999, 18.0788937351], [75.12500530979999, 18.0786159571], [75.1252830878, 18.0786159571], [75.1252830878, 18.0788937351], [75.12500530979999, 18.0788937351]]]}}, {"type": "Feature", "properties": {"time_min": 60, "depth_min_m": 0.05, "depth_max_m": 1.0, "depth_class": "0.05\u20131.0 m", "class_area_km2": 0.8447408514100406, "flooded_area_km2": 17.78648792691141, "frame_max_depth_m": 144.69788555673983, "class_mean_depth_m": 0.528070315076816, "scenario_id": "major_breach", "model_type": "Automated approximate 2D flood-routing prototype", "validated_hydraulic_output": false}, "geometry": {"type": "Polygon", "coordinates": [[[75.1258386438, 18.0788937351], [75.1258386438, 18.0786159571], [75.12611642179999, 18.0786159571], [75.12611642179999, 18.0788937351], [75.1258386438, 18.0788937351]]]}}, {"type": "Feature", "properties": {"time_min": 60, "depth_min_m": 0.05, "depth_max_m": 1.0, "depth_class": "0.05\u20131.0 m", "class_area_km2": 0.8447408514100406, "flooded_area_km2": 17.78648792691141, "frame_max_depth_m": 144.69788555673983, "class_mean_depth_m": 0.528070315076816, "scenario_id": "major_breach", "model_type": "Automated approximate 2D flood-routing prototype", "validated_hydraulic_output": false}, "geometry": {"type": "Polygon", "coordinates": [[[75.1327830938, 18.0788937351], [75.1327830938, 18.0786159571], [75.1330608718, 18.0786159571], [75.1330608718, 18.0788937351], [75.1327830938, 18.0788937351]]]}}, {"type": "Feature", "properties": {"time_min": 60, "depth_min_m": 0.05, "depth_max_m": 1.0, "depth_class": "0.05\u20131.0 m", "class_area_km2": 0.8447408514100406, "flooded_area_km2": 17.78648792691141, "frame_max_depth_m": 144.69788555673983, "class_mean_depth_m": 0.528070315076816, "scenario_id": "major_breach", "model_type": "Automated approximate 2D flood-routing prototype", "validated_hydraulic_output": false}, "geometry": {"type": "Polygon", "coordinates": [[[75.0833386098, 18.0786159571], [75.0833386098, 18.078338179099998], [75.08361638779999, 18.078338179099998], [75.08361638779999, 18.0786159571], [75.0833386098, 18.0786159571]]]}}, {"type": "Feature", "properties": {"time_min": 60, "depth_min_m": 0.05, "depth_max_m": 1.0, "depth_class": "0.05\u20131.0 m", "class_area_km2": 0.8447408514100406, "flooded_area_km2": 17.78648792691141, "frame_max_depth_m": 144.69788555673983, "class_mean_depth_m": 0.528070315076816, "scenario_id": "major_breach", "model_type": "Automated approximate 2D flood-routing prototype", "validated_hydraulic_output": false}, "geometry": {"type": "Polygon", "coordinates": [[[75.1236164198, 18.0786159571], [75.1236164198, 18.078338179099998], [75.1241719758, 18.078338179099998], [75.1241719758, 18.0786159571], [75.1236164198, 18.0786159571]]]}}, {"type": "Feature", "properties": {"time_min": 60, "depth_min_m": 0.05, "depth_max_m": 1.0, "depth_class": "0.05\u20131.0 m", "class_area_km2": 0.8447408514100406, "flooded_area_km2": 17.78648792691141, "frame_max_depth_m": 144.69788555673983, "class_mean_depth_m": 0.528070315076816, "scenario_id": "major_breach", "model_type": "Automated approximate 2D flood-routing prototype", "validated_hydraulic_output": false}, "geometry": {"type": "Polygon", "coordinates": [[[75.1252830878, 18.0786159571], [75.1252830878, 18.078338179099998], [75.1255608658, 18.078338179099998], [75.1255608658, 18.0786159571], [75.1252830878, 18.0786159571]]]}}, {"type": "Feature", "properties": {"time_min": 60, "depth_min_m": 0.05, "depth_max_m": 1.0, "depth_class": "0.05\u20131.0 m", "class_area_km2": 0.8447408514100406, "flooded_area_km2": 17.78648792691141, "frame_max_depth_m": 144.69788555673983, "class_mean_depth_m": 0.528070315076816, "scenario_id": "major_breach", "model_type": "Automated approximate 2D flood-routing prototype", "validated_hydraulic_output": false}, "geometry": {"type": "Polygon", "coordinates": [[[75.12806086779999, 18.079171513099997], [75.12806086779999, 18.0786159571], [75.12778308979999, 18.0786159571], [75.12778308979999, 18.078338179099998], [75.1283386458, 18.078338179099998], [75.1283386458, 18.079171513099997], [75.12806086779999, 18.079171513099997]]]}}, {"type": "Feature", "properties": {"time_min": 60, "depth_min_m": 0.05, "depth_max_m": 1.0, "depth_class": "0.05\u20131.0 m", "class_area_km2": 0.8447408514100406, "flooded_area_km2": 17.78648792691141, "frame_max_depth_m": 144.69788555673983, "class_mean_depth_m": 0.528070315076816, "scenario_id": "major_breach", "model_type": "Automated approximate 2D flood-routing prototype", "validated_hydraulic_output": false}, "geometry": {"type": "Polygon", "coordinates": [[[75.1286164238, 18.0786159571], [75.1286164238, 18.078338179099998], [75.1288942018, 18.078338179099998], [75.1288942018, 18.0786159571], [75.1286164238, 18.0786159571]]]}}, {"type": "Feature", "properties": {"time_min": 60, "depth_min_m": 0.05, "depth_max_m": 1.0, "depth_class": "0.05\u20131.0 m", "class_area_km2": 0.8447408514100406, "flooded_area_km2": 17.78648792691141, "frame_max_depth_m": 144.69788555673983, "class_mean_depth_m": 0.528070315076816, "scenario_id": "major_breach", "model_type": "Automated approximate 2D flood-routing prototype", "validated_hydraulic_output": false}, "geometry": {"type": "Polygon", "coordinates": [[[75.12944975779999, 18.0786159571], [75.12944975779999, 18.078338179099998], [75.1297275358, 18.078338179099998], [75.1297275358, 18.0786159571], [75.12944975779999, 18.0786159571]]]}}, {"type": "Feature", "properties": {"time_min": 60, "depth_min_m": 0.05, "depth_max_m": 1.0, "depth_class": "0.05\u20131.0 m", "class_area_km2": 0.8447408514100406, "flooded_area_km2": 17.78648792691141, "frame_max_depth_m": 144.69788555673983, "class_mean_depth_m": 0.528070315076816, "scenario_id": "major_breach", "model_type": "Automated approximate 2D flood-routing prototype", "validated_hydraulic_output": false}, "geometry": {"type": "Polygon", "coordinates": [[[75.1272275338, 18.0788937351], [75.1272275338, 18.0786159571], [75.12639419979999, 18.0786159571], [75.12639419979999, 18.078338179099998], [75.1266719778, 18.078338179099998], [75.1266719778, 18.078060401099997], [75.12778308979999, 18.078060401099997], [75.12778308979999, 18.078338179099998], [75.1275053118, 18.078338179099998], [75.1275053118, 18.0788937351], [75.1272275338, 18.0788937351]]]}}, {"type": "Feature", "properties": {"time_min": 60, "depth_min_m": 0.05, "depth_max_m": 1.0, "depth_class": "0.05\u20131.0 m", "class_area_km2": 0.8447408514100406, "flooded_area_km2": 17.78648792691141, "frame_max_depth_m": 144.69788555673983, "class_mean_depth_m": 0.528070315076816, "scenario_id": "major_breach", "model_type": "Automated approximate 2D flood-routing prototype", "validated_hydraulic_output": false}, "geometry": {"type": "Polygon", "coordinates": [[[75.1316719818, 18.0786159571], [75.1316719818, 18.078060401099997], [75.1319497598, 18.078060401099997], [75.1319497598, 18.0786159571], [75.1316719818, 18.0786159571]]]}}, {"type": "Feature", "properties": {"time_min": 60, "depth_min_m": 0.05, "depth_max_m": 1.0, "depth_class": "0.05\u20131.0 m", "class_area_km2": 0.8447408514100406, "flooded_area_km2": 17.78648792691141, "frame_max_depth_m": 144.69788555673983, "class_mean_depth_m": 0.528070315076816, "scenario_id": "major_breach", "model_type": "Automated approximate 2D flood-routing prototype", "validated_hydraulic_output": false}, "geometry": {"type": "Polygon", "coordinates": [[[75.08250527579999, 18.078338179099998], [75.08250527579999, 18.078060401099997], [75.0830608318, 18.078060401099997], [75.0830608318, 18.078338179099998], [75.08250527579999, 18.078338179099998]]]}}, {"type": "Feature", "properties": {"time_min": 60, "depth_min_m": 0.05, "depth_max_m": 1.0, "depth_class": "0.05\u20131.0 m", "class_area_km2": 0.8447408514100406, "flooded_area_km2": 17.78648792691141, "frame_max_depth_m": 144.69788555673983, "class_mean_depth_m": 0.528070315076816, "scenario_id": "major_breach", "model_type": "Automated approximate 2D flood-routing prototype", "validated_hydraulic_output": false}, "geometry": {"type": "Polygon", "coordinates": [[[75.08389416579999, 18.078338179099998], [75.08389416579999, 18.078060401099997], [75.0841719438, 18.078060401099997], [75.0841719438, 18.078338179099998], [75.08389416579999, 18.078338179099998]]]}}, {"type": "Feature", "properties": {"time_min": 60, "depth_min_m": 0.05, "depth_max_m": 1.0, "depth_class": "0.05\u20131.0 m", "class_area_km2": 0.8447408514100406, "flooded_area_km2": 17.78648792691141, "frame_max_depth_m": 144.69788555673983, "class_mean_depth_m": 0.528070315076816, "scenario_id": "major_breach", "model_type": "Automated approximate 2D flood-routing prototype", "validated_hydraulic_output": false}, "geometry": {"type": "Polygon", "coordinates": [[[75.12611642179999, 18.078338179099998], [75.12611642179999, 18.078060401099997], [75.12639419979999, 18.078060401099997], [75.12639419979999, 18.078338179099998], [75.12611642179999, 18.078338179099998]]]}}, {"type": "Feature", "properties": {"time_min": 60, "depth_min_m": 0.05, "depth_max_m": 1.0, "depth_class": "0.05\u20131.0 m", "class_area_km2": 0.8447408514100406, "flooded_area_km2": 17.78648792691141, "frame_max_depth_m": 144.69788555673983, "class_mean_depth_m": 0.528070315076816, "scenario_id": "major_breach", "model_type": "Automated approximate 2D flood-routing prototype", "validated_hydraulic_output": false}, "geometry": {"type": "Polygon", "coordinates": [[[75.1227830858, 18.0786159571], [75.1227830858, 18.0777826231], [75.12306086379999, 18.0777826231], [75.12306086379999, 18.0786159571], [75.1227830858, 18.0786159571]]]}}, {"type": "Feature", "properties": {"time_min": 60, "depth_min_m": 0.05, "depth_max_m": 1.0, "depth_class": "0.05\u20131.0 m", "class_area_km2": 0.8447408514100406, "flooded_area_km2": 17.78648792691141, "frame_max_depth_m": 144.69788555673983, "class_mean_depth_m": 0.528070315076816, "scenario_id": "major_breach", "model_type": "Automated approximate 2D flood-routing prototype", "validated_hydraulic_output": false}, "geometry": {"type": "Polygon", "coordinates": [[[75.1241719758, 18.078338179099998], [75.1241719758, 18.0777826231], [75.1244497538, 18.0777826231], [75.1244497538, 18.078060401099997], [75.12472753179999, 18.078060401099997], [75.12472753179999, 18.078338179099998], [75.1241719758, 18.078338179099998]]]}}, {"type": "Feature", "properties": {"time_min": 60, "depth_min_m": 0.05, "depth_max_m": 1.0, "depth_class": "0.05\u20131.0 m", "class_area_km2": 0.8447408514100406, "flooded_area_km2": 17.78648792691141, "frame_max_depth_m": 144.69788555673983, "class_mean_depth_m": 0.528070315076816, "scenario_id": "major_breach", "model_type": "Automated approximate 2D flood-routing prototype", "validated_hydraulic_output": false}, "geometry": {"type": "Polygon", "coordinates": [[[75.12333864179999, 18.078060401099997], [75.12333864179999, 18.0777826231], [75.1236164198, 18.0777826231], [75.1236164198, 18.078060401099997], [75.12333864179999, 18.078060401099997]]]}}, {"type": "Feature", "properties": {"time_min": 60, "depth_min_m": 0.05, "depth_max_m": 1.0, "depth_class": "0.05\u20131.0 m", "class_area_km2": 0.8447408514100406, "flooded_area_km2": 17.78648792691141, "frame_max_depth_m": 144.69788555673983, "class_mean_depth_m": 0.528070315076816, "scenario_id": "major_breach", "model_type": "Automated approximate 2D flood-routing prototype", "validated_hydraulic_output": false}, "geometry": {"type": "Polygon", "coordinates": [[[75.12639419979999, 18.078060401099997], [75.12639419979999, 18.0777826231], [75.1266719778, 18.0777826231], [75.1266719778, 18.078060401099997], [75.12639419979999, 18.078060401099997]]]}}, {"type": "Feature", "properties": {"time_min": 60, "depth_min_m": 0.05, "depth_max_m": 1.0, "depth_class": "0.05\u20131.0 m", "class_area_km2": 0.8447408514100406, "flooded_area_km2": 17.78648792691141, "frame_max_depth_m": 144.69788555673983, "class_mean_depth_m": 0.528070315076816, "scenario_id": "major_breach", "model_type": "Automated approximate 2D flood-routing prototype", "validated_hydraulic_output": false}, "geometry": {"type": "Polygon", "coordinates": [[[75.12778308979999, 18.078060401099997], [75.12778308979999, 18.0777826231], [75.1283386458, 18.0777826231], [75.1283386458, 18.078060401099997], [75.12778308979999, 18.078060401099997]]]}}, {"type": "Feature", "properties": {"time_min": 60, "depth_min_m": 0.05, "depth_max_m": 1.0, "depth_class": "0.05\u20131.0 m", "class_area_km2": 0.8447408514100406, "flooded_area_km2": 17.78648792691141, "frame_max_depth_m": 144.69788555673983, "class_mean_depth_m": 0.528070315076816, "scenario_id": "major_breach", "model_type": "Automated approximate 2D flood-routing prototype", "validated_hydraulic_output": false}, "geometry": {"type": "Polygon", "coordinates": [[[75.12167197379999, 18.078338179099998], [75.12167197379999, 18.077504845099998], [75.12194975179999, 18.077504845099998], [75.12194975179999, 18.078338179099998], [75.12167197379999, 18.078338179099998]]]}}, {"type": "Feature", "properties": {"time_min": 60, "depth_min_m": 0.05, "depth_max_m": 1.0, "depth_class": "0.05\u20131.0 m", "class_area_km2": 0.8447408514100406, "flooded_area_km2": 17.78648792691141, "frame_max_depth_m": 144.69788555673983, "class_mean_depth_m": 0.528070315076816, "scenario_id": "major_breach", "model_type": "Automated approximate 2D flood-routing prototype", "validated_hydraulic_output": false}, "geometry": {"type": "Polygon", "coordinates": [[[75.12306086379999, 18.0777826231], [75.12306086379999, 18.077504845099998], [75.12333864179999, 18.077504845099998], [75.12333864179999, 18.0777826231], [75.12306086379999, 18.0777826231]]]}}, {"type": "Feature", "properties": {"time_min": 60, "depth_min_m": 0.05, "depth_max_m": 1.0, "depth_class": "0.05\u20131.0 m", "class_area_km2": 0.8447408514100406, "flooded_area_km2": 17.78648792691141, "frame_max_depth_m": 144.69788555673983, "class_mean_depth_m": 0.528070315076816, "scenario_id": "major_breach", "model_type": "Automated approximate 2D flood-routing prototype", "validated_hydraulic_output": false}, "geometry": {"type": "Polygon", "coordinates": [[[75.1244497538, 18.0777826231], [75.1244497538, 18.077504845099998], [75.12472753179999, 18.077504845099998], [75.12472753179999, 18.0777826231], [75.1244497538, 18.0777826231]]]}}, {"type": "Feature", "properties": {"time_min": 60, "depth_min_m": 0.05, "depth_max_m": 1.0, "depth_class": "0.05\u20131.0 m", "class_area_km2": 0.8447408514100406, "flooded_area_km2": 17.78648792691141, "frame_max_depth_m": 144.69788555673983, "class_mean_depth_m": 0.528070315076816, "scenario_id": "major_breach", "model_type": "Automated approximate 2D flood-routing prototype", "validated_hydraulic_output": false}, "geometry": {"type": "Polygon", "coordinates": [[[75.12917197979999, 18.0777826231], [75.12917197979999, 18.077504845099998], [75.12944975779999, 18.077504845099998], [75.12944975779999, 18.0777826231], [75.12917197979999, 18.0777826231]]]}}, {"type": "Feature", "properties": {"time_min": 60, "depth_min_m": 0.05, "depth_max_m": 1.0, "depth_class": "0.05\u20131.0 m", "class_area_km2": 0.8447408514100406, "flooded_area_km2": 17.78648792691141, "frame_max_depth_m": 144.69788555673983, "class_mean_depth_m": 0.528070315076816, "scenario_id": "major_breach", "model_type": "Automated approximate 2D flood-routing prototype", "validated_hydraulic_output": false}, "geometry": {"type": "Polygon", "coordinates": [[[75.12500530979999, 18.078338179099998], [75.12500530979999, 18.0777826231], [75.1252830878, 18.0777826231], [75.1252830878, 18.077227067099997], [75.1258386438, 18.077227067099997], [75.1258386438, 18.077504845099998], [75.1255608658, 18.077504845099998], [75.1255608658, 18.078060401099997], [75.1252830878, 18.078060401099997], [75.1252830878, 18.078338179099998], [75.12500530979999, 18.078338179099998]]]}}, {"type": "Feature", "properties": {"time_min": 60, "depth_min_m": 0.05, "depth_max_m": 1.0, "depth_class": "0.05\u20131.0 m", "class_area_km2": 0.8447408514100406, "flooded_area_km2": 17.78648792691141, "frame_max_depth_m": 144.69788555673983, "class_mean_depth_m": 0.528070315076816, "scenario_id": "major_breach", "model_type": "Automated approximate 2D flood-routing prototype", "validated_hydraulic_output": false}, "geometry": {"type": "Polygon", "coordinates": [[[75.1222275298, 18.077504845099998], [75.1222275298, 18.077227067099997], [75.1225053078, 18.077227067099997], [75.1225053078, 18.077504845099998], [75.1222275298, 18.077504845099998]]]}}, {"type": "Feature", "properties": {"time_min": 60, "depth_min_m": 0.05, "depth_max_m": 1.0, "depth_class": "0.05\u20131.0 m", "class_area_km2": 0.8447408514100406, "flooded_area_km2": 17.78648792691141, "frame_max_depth_m": 144.69788555673983, "class_mean_depth_m": 0.528070315076816, "scenario_id": "major_breach", "model_type": "Automated approximate 2D flood-routing prototype", "validated_hydraulic_output": false}, "geometry": {"type": "Polygon", "coordinates": [[[75.1241719758, 18.077504845099998], [75.1241719758, 18.077227067099997], [75.1244497538, 18.077227067099997], [75.1244497538, 18.077504845099998], [75.1241719758, 18.077504845099998]]]}}, {"type": "Feature", "properties": {"time_min": 60, "depth_min_m": 0.05, "depth_max_m": 1.0, "depth_class": "0.05\u20131.0 m", "class_area_km2": 0.8447408514100406, "flooded_area_km2": 17.78648792691141, "frame_max_depth_m": 144.69788555673983, "class_mean_depth_m": 0.528070315076816, "scenario_id": "major_breach", "model_type": "Automated approximate 2D flood-routing prototype", "validated_hydraulic_output": false}, "geometry": {"type": "Polygon", "coordinates": [[[75.1266719778, 18.0777826231], [75.1266719778, 18.077504845099998], [75.12639419979999, 18.077504845099998], [75.12639419979999, 18.077227067099997], [75.1269497558, 18.077227067099997], [75.1269497558, 18.0777826231], [75.1266719778, 18.0777826231]]]}}, {"type": "Feature", "properties": {"time_min": 60, "depth_min_m": 0.05, "depth_max_m": 1.0, "depth_class": "0.05\u20131.0 m", "class_area_km2": 0.8447408514100406, "flooded_area_km2": 17.78648792691141, "frame_max_depth_m": 144.69788555673983, "class_mean_depth_m": 0.528070315076816, "scenario_id": "major_breach", "model_type": "Automated approximate 2D flood-routing prototype", "validated_hydraulic_output": false}, "geometry": {"type": "Polygon", "coordinates": [[[75.1361164298, 18.077504845099998], [75.1361164298, 18.077227067099997], [75.1363942078, 18.077227067099997], [75.1363942078, 18.077504845099998], [75.1361164298, 18.077504845099998]]]}}, {"type": "Feature", "properties": {"time_min": 60, "depth_min_m": 0.05, "depth_max_m": 1.0, "depth_class": "0.05\u20131.0 m", "class_area_km2": 0.8447408514100406, "flooded_area_km2": 17.78648792691141, "frame_max_depth_m": 144.69788555673983, "class_mean_depth_m": 0.528070315076816, "scenario_id": "major_breach", "model_type": "Automated approximate 2D flood-routing prototype", "validated_hydraulic_output": false}, "geometry": {"type": "Polygon", "coordinates": [[[75.08389416579999, 18.0777826231], [75.08389416579999, 18.076949289099996], [75.0841719438, 18.076949289099996], [75.0841719438, 18.0777826231], [75.08389416579999, 18.0777826231]]]}}, {"type": "Feature", "properties": {"time_min": 60, "depth_min_m": 0.05, "depth_max_m": 1.0, "depth_class": "0.05\u20131.0 m", "class_area_km2": 0.8447408514100406, "flooded_area_km2": 17.78648792691141, "frame_max_depth_m": 144.69788555673983, "class_mean_depth_m": 0.528070315076816, "scenario_id": "major_breach", "model_type": "Automated approximate 2D flood-routing prototype", "validated_hydraulic_output": false}, "geometry": {"type": "Polygon", "coordinates": [[[75.12194975179999, 18.077227067099997], [75.12194975179999, 18.076949289099996], [75.1222275298, 18.076949289099996], [75.1222275298, 18.077227067099997], [75.12194975179999, 18.077227067099997]]]}}, {"type": "Feature", "properties": {"time_min": 60, "depth_min_m": 0.05, "depth_max_m": 1.0, "depth_class": "0.05\u20131.0 m", "class_area_km2": 0.8447408514100406, "flooded_area_km2": 17.78648792691141, "frame_max_depth_m": 144.69788555673983, "class_mean_depth_m": 0.528070315076816, "scenario_id": "major_breach", "model_type": "Automated approximate 2D flood-routing prototype", "validated_hydraulic_output": false}, "geometry": {"type": "Polygon", "coordinates": [[[75.1269497558, 18.077227067099997], [75.1269497558, 18.076949289099996], [75.1272275338, 18.076949289099996], [75.1272275338, 18.077227067099997], [75.1269497558, 18.077227067099997]]]}}, {"type": "Feature", "properties": {"time_min": 60, "depth_min_m": 0.05, "depth_max_m": 1.0, "depth_class": "0.05\u20131.0 m", "class_area_km2": 0.8447408514100406, "flooded_area_km2": 17.78648792691141, "frame_max_depth_m": 144.69788555673983, "class_mean_depth_m": 0.528070315076816, "scenario_id": "major_breach", "model_type": "Automated approximate 2D flood-routing prototype", "validated_hydraulic_output": false}, "geometry": {"type": "Polygon", "coordinates": [[[75.1275053118, 18.077227067099997], [75.1275053118, 18.076949289099996], [75.12778308979999, 18.076949289099996], [75.12778308979999, 18.077227067099997], [75.1275053118, 18.077227067099997]]]}}, {"type": "Feature", "properties": {"time_min": 60, "depth_min_m": 0.05, "depth_max_m": 1.0, "depth_class": "0.05\u20131.0 m", "class_area_km2": 0.8447408514100406, "flooded_area_km2": 17.78648792691141, "frame_max_depth_m": 144.69788555673983, "class_mean_depth_m": 0.528070315076816, "scenario_id": "major_breach", "model_type": "Automated approximate 2D flood-routing prototype", "validated_hydraulic_output": false}, "geometry": {"type": "Polygon", "coordinates": [[[75.1330608718, 18.077227067099997], [75.1330608718, 18.0766715111], [75.1333386498, 18.0766715111], [75.1333386498, 18.077227067099997], [75.1330608718, 18.077227067099997]]]}}, {"type": "Feature", "properties": {"time_min": 60, "depth_min_m": 0.05, "depth_max_m": 1.0, "depth_class": "0.05\u20131.0 m", "class_area_km2": 0.8447408514100406, "flooded_area_km2": 17.78648792691141, "frame_max_depth_m": 144.69788555673983, "class_mean_depth_m": 0.528070315076816, "scenario_id": "major_breach", "model_type": "Automated approximate 2D flood-routing prototype", "validated_hydraulic_output": false}, "geometry": {"type": "Polygon", "coordinates": [[[75.0850052778, 18.076949289099996], [75.0850052778, 18.0766715111], [75.08528305579999, 18.0766715111], [75.08528305579999, 18.076949289099996], [75.0850052778, 18.076949289099996]]]}}, {"type": "Feature", "properties": {"time_min": 60, "depth_min_m": 0.05, "depth_max_m": 1.0, "depth_class": "0.05\u20131.0 m", "class_area_km2": 0.8447408514100406, "flooded_area_km2": 17.78648792691141, "frame_max_depth_m": 144.69788555673983, "class_mean_depth_m": 0.528070315076816, "scenario_id": "major_breach", "model_type": "Automated approximate 2D flood-routing prototype", "validated_hydraulic_output": false}, "geometry": {"type": "Polygon", "coordinates": [[[75.1266719778, 18.076949289099996], [75.1266719778, 18.0766715111], [75.1269497558, 18.0766715111], [75.1269497558, 18.076949289099996], [75.1266719778, 18.076949289099996]]]}}, {"type": "Feature", "properties": {"time_min": 60, "depth_min_m": 0.05, "depth_max_m": 1.0, "depth_class": "0.05\u20131.0 m", "class_area_km2": 0.8447408514100406, "flooded_area_km2": 17.78648792691141, "frame_max_depth_m": 144.69788555673983, "class_mean_depth_m": 0.528070315076816, "scenario_id": "major_breach", "model_type": "Automated approximate 2D flood-routing prototype", "validated_hydraulic_output": false}, "geometry": {"type": "Polygon", "coordinates": [[[75.12333864179999, 18.077504845099998], [75.12333864179999, 18.077227067099997], [75.1236164198, 18.077227067099997], [75.1236164198, 18.076949289099996], [75.12306086379999, 18.076949289099996], [75.12306086379999, 18.076393733099998], [75.12333864179999, 18.076393733099998], [75.12333864179999, 18.0766715111], [75.1238941978, 18.0766715111], [75.1238941978, 18.076393733099998], [75.1241719758, 18.076393733099998], [75.1241719758, 18.076949289099996], [75.1238941978, 18.076949289099996], [75.1238941978, 18.077504845099998], [75.12333864179999, 18.077504845099998]]]}}, {"type": "Feature", "properties": {"time_min": 60, "depth_min_m": 0.05, "depth_max_m": 1.0, "depth_class": "0.05\u20131.0 m", "class_area_km2": 0.8447408514100406, "flooded_area_km2": 17.78648792691141, "frame_max_depth_m": 144.69788555673983, "class_mean_depth_m": 0.528070315076816, "scenario_id": "major_breach", "model_type": "Automated approximate 2D flood-routing prototype", "validated_hydraulic_output": false}, "geometry": {"type": "Polygon", "coordinates": [[[75.1272275338, 18.076949289099996], [75.1272275338, 18.076393733099998], [75.1275053118, 18.076393733099998], [75.1275053118, 18.076949289099996], [75.1272275338, 18.076949289099996]]]}}, {"type": "Feature", "properties": {"time_min": 60, "depth_min_m": 0.05, "depth_max_m": 1.0, "depth_class": "0.05\u20131.0 m", "class_area_km2": 0.8447408514100406, "flooded_area_km2": 17.78648792691141, "frame_max_depth_m": 144.69788555673983, "class_mean_depth_m": 0.528070315076816, "scenario_id": "major_breach", "model_type": "Automated approximate 2D flood-routing prototype", "validated_hydraulic_output": false}, "geometry": {"type": "Polygon", "coordinates": [[[75.12917197979999, 18.076949289099996], [75.12917197979999, 18.076393733099998], [75.12944975779999, 18.076393733099998], [75.12944975779999, 18.076949289099996], [75.12917197979999, 18.076949289099996]]]}}, {"type": "Feature", "properties": {"time_min": 60, "depth_min_m": 0.05, "depth_max_m": 1.0, "depth_class": "0.05\u20131.0 m", "class_area_km2": 0.8447408514100406, "flooded_area_km2": 17.78648792691141, "frame_max_depth_m": 144.69788555673983, "class_mean_depth_m": 0.528070315076816, "scenario_id": "major_breach", "model_type": "Automated approximate 2D flood-routing prototype", "validated_hydraulic_output": false}, "geometry": {"type": "Polygon", "coordinates": [[[75.1244497538, 18.0766715111], [75.1244497538, 18.076393733099998], [75.12472753179999, 18.076393733099998], [75.12472753179999, 18.0766715111], [75.1244497538, 18.0766715111]]]}}, {"type": "Feature", "properties": {"time_min": 60, "depth_min_m": 0.05, "depth_max_m": 1.0, "depth_class": "0.05\u20131.0 m", "class_area_km2": 0.8447408514100406, "flooded_area_km2": 17.78648792691141, "frame_max_depth_m": 144.69788555673983, "class_mean_depth_m": 0.528070315076816, "scenario_id": "major_breach", "model_type": "Automated approximate 2D flood-routing prototype", "validated_hydraulic_output": false}, "geometry": {"type": "Polygon", "coordinates": [[[75.12639419979999, 18.0766715111], [75.12639419979999, 18.076393733099998], [75.1266719778, 18.076393733099998], [75.1266719778, 18.0766715111], [75.12639419979999, 18.0766715111]]]}}, {"type": "Feature", "properties": {"time_min": 60, "depth_min_m": 0.05, "depth_max_m": 1.0, "depth_class": "0.05\u20131.0 m", "class_area_km2": 0.8447408514100406, "flooded_area_km2": 17.78648792691141, "frame_max_depth_m": 144.69788555673983, "class_mean_depth_m": 0.528070315076816, "scenario_id": "major_breach", "model_type": "Automated approximate 2D flood-routing prototype", "validated_hydraulic_output": false}, "geometry": {"type": "Polygon", "coordinates": [[[75.1286164238, 18.0766715111], [75.1286164238, 18.076393733099998], [75.1288942018, 18.076393733099998], [75.1288942018, 18.0766715111], [75.1286164238, 18.0766715111]]]}}, {"type": "Feature", "properties": {"time_min": 60, "depth_min_m": 0.05, "depth_max_m": 1.0, "depth_class": "0.05\u20131.0 m", "class_area_km2": 0.8447408514100406, "flooded_area_km2": 17.78648792691141, "frame_max_depth_m": 144.69788555673983, "class_mean_depth_m": 0.528070315076816, "scenario_id": "major_breach", "model_type": "Automated approximate 2D flood-routing prototype", "validated_hydraulic_output": false}, "geometry": {"type": "Polygon", "coordinates": [[[75.1222275298, 18.076393733099998], [75.1222275298, 18.076115955099997], [75.1225053078, 18.076115955099997], [75.1225053078, 18.076393733099998], [75.1222275298, 18.076393733099998]]]}}, {"type": "Feature", "properties": {"time_min": 60, "depth_min_m": 0.05, "depth_max_m": 1.0, "depth_class": "0.05\u20131.0 m", "class_area_km2": 0.8447408514100406, "flooded_area_km2": 17.78648792691141, "frame_max_depth_m": 144.69788555673983, "class_mean_depth_m": 0.528070315076816, "scenario_id": "major_breach", "model_type": "Automated approximate 2D flood-routing prototype", "validated_hydraulic_output": false}, "geometry": {"type": "Polygon", "coordinates": [[[75.1236164198, 18.076393733099998], [75.1236164198, 18.076115955099997], [75.1238941978, 18.076115955099997], [75.1238941978, 18.076393733099998], [75.1236164198, 18.076393733099998]]]}}, {"type": "Feature", "properties": {"time_min": 60, "depth_min_m": 0.05, "depth_max_m": 1.0, "depth_class": "0.05\u20131.0 m", "class_area_km2": 0.8447408514100406, "flooded_area_km2": 17.78648792691141, "frame_max_depth_m": 144.69788555673983, "class_mean_depth_m": 0.528070315076816, "scenario_id": "major_breach", "model_type": "Automated approximate 2D flood-routing prototype", "validated_hydraulic_output": false}, "geometry": {"type": "Polygon", "coordinates": [[[75.12306086379999, 18.076115955099997], [75.12306086379999, 18.0758381771], [75.12333864179999, 18.0758381771], [75.12333864179999, 18.076115955099997], [75.12306086379999, 18.076115955099997]]]}}, {"type": "Feature", "properties": {"time_min": 60, "depth_min_m": 0.05, "depth_max_m": 1.0, "depth_class": "0.05\u20131.0 m", "class_area_km2": 0.8447408514100406, "flooded_area_km2": 17.78648792691141, "frame_max_depth_m": 144.69788555673983, "class_mean_depth_m": 0.528070315076816, "scenario_id": "major_breach", "model_type": "Automated approximate 2D flood-routing prototype", "validated_hydraulic_output": false}, "geometry": {"type": "Polygon", "coordinates": [[[75.1272275338, 18.076115955099997], [75.1272275338, 18.0758381771], [75.1275053118, 18.0758381771], [75.1275053118, 18.076115955099997], [75.1272275338, 18.076115955099997]]]}}, {"type": "Feature", "properties": {"time_min": 60, "depth_min_m": 0.05, "depth_max_m": 1.0, "depth_class": "0.05\u20131.0 m", "class_area_km2": 0.8447408514100406, "flooded_area_km2": 17.78648792691141, "frame_max_depth_m": 144.69788555673983, "class_mean_depth_m": 0.528070315076816, "scenario_id": "major_breach", "model_type": "Automated approximate 2D flood-routing prototype", "validated_hydraulic_output": false}, "geometry": {"type": "Polygon", "coordinates": [[[75.08528305579999, 18.0766715111], [75.08528305579999, 18.076115955099997], [75.0850052778, 18.076115955099997], [75.0850052778, 18.0758381771], [75.08528305579999, 18.0758381771], [75.08528305579999, 18.0755603991], [75.08556083379999, 18.0755603991], [75.08556083379999, 18.076115955099997], [75.0858386118, 18.076115955099997], [75.0858386118, 18.0766715111], [75.08528305579999, 18.0766715111]]]}}, {"type": "Feature", "properties": {"time_min": 60, "depth_min_m": 0.05, "depth_max_m": 1.0, "depth_class": "0.05\u20131.0 m", "class_area_km2": 0.8447408514100406, "flooded_area_km2": 17.78648792691141, "frame_max_depth_m": 144.69788555673983, "class_mean_depth_m": 0.528070315076816, "scenario_id": "major_breach", "model_type": "Automated approximate 2D flood-routing prototype", "validated_hydraulic_output": false}, "geometry": {"type": "Polygon", "coordinates": [[[75.12333864179999, 18.0758381771], [75.12333864179999, 18.0755603991], [75.1236164198, 18.0755603991], [75.1236164198, 18.0758381771], [75.12333864179999, 18.0758381771]]]}}, {"type": "Feature", "properties": {"time_min": 60, "depth_min_m": 0.05, "depth_max_m": 1.0, "depth_class": "0.05\u20131.0 m", "class_area_km2": 0.8447408514100406, "flooded_area_km2": 17.78648792691141, "frame_max_depth_m": 144.69788555673983, "class_mean_depth_m": 0.528070315076816, "scenario_id": "major_breach", "model_type": "Automated approximate 2D flood-routing prototype", "validated_hydraulic_output": false}, "geometry": {"type": "Polygon", "coordinates": [[[75.12472753179999, 18.0758381771], [75.12472753179999, 18.0755603991], [75.12500530979999, 18.0755603991], [75.12500530979999, 18.0758381771], [75.12472753179999, 18.0758381771]]]}}, {"type": "Feature", "properties": {"time_min": 60, "depth_min_m": 0.05, "depth_max_m": 1.0, "depth_class": "0.05\u20131.0 m", "class_area_km2": 0.8447408514100406, "flooded_area_km2": 17.78648792691141, "frame_max_depth_m": 144.69788555673983, "class_mean_depth_m": 0.528070315076816, "scenario_id": "major_breach", "model_type": "Automated approximate 2D flood-routing prototype", "validated_hydraulic_output": false}, "geometry": {"type": "Polygon", "coordinates": [[[75.1252830878, 18.076115955099997], [75.1252830878, 18.0758381771], [75.1255608658, 18.0758381771], [75.1255608658, 18.075282621099998], [75.1258386438, 18.075282621099998], [75.1258386438, 18.076115955099997], [75.1252830878, 18.076115955099997]]]}}, {"type": "Feature", "properties": {"time_min": 60, "depth_min_m": 0.05, "depth_max_m": 1.0, "depth_class": "0.05\u20131.0 m", "class_area_km2": 0.8447408514100406, "flooded_area_km2": 17.78648792691141, "frame_max_depth_m": 144.69788555673983, "class_mean_depth_m": 0.528070315076816, "scenario_id": "major_breach", "model_type": "Automated approximate 2D flood-routing prototype", "validated_hydraulic_output": false}, "geometry": {"type": "Polygon", "coordinates": [[[75.1238941978, 18.0758381771], [75.1238941978, 18.0755603991], [75.1241719758, 18.0755603991], [75.1241719758, 18.075282621099998], [75.1244497538, 18.075282621099998], [75.1244497538, 18.0758381771], [75.1238941978, 18.0758381771]]]}}, {"type": "Feature", "properties": {"time_min": 60, "depth_min_m": 0.05, "depth_max_m": 1.0, "depth_class": "0.05\u20131.0 m", "class_area_km2": 0.8447408514100406, "flooded_area_km2": 17.78648792691141, "frame_max_depth_m": 144.69788555673983, "class_mean_depth_m": 0.528070315076816, "scenario_id": "major_breach", "model_type": "Automated approximate 2D flood-routing prototype", "validated_hydraulic_output": false}, "geometry": {"type": "Polygon", "coordinates": [[[75.1213941958, 18.0755603991], [75.1213941958, 18.075282621099998], [75.12167197379999, 18.075282621099998], [75.12167197379999, 18.0755603991], [75.1213941958, 18.0755603991]]]}}, {"type": "Feature", "properties": {"time_min": 60, "depth_min_m": 0.05, "depth_max_m": 1.0, "depth_class": "0.05\u20131.0 m", "class_area_km2": 0.8447408514100406, "flooded_area_km2": 17.78648792691141, "frame_max_depth_m": 144.69788555673983, "class_mean_depth_m": 0.528070315076816, "scenario_id": "major_breach", "model_type": "Automated approximate 2D flood-routing prototype", "validated_hydraulic_output": false}, "geometry": {"type": "Polygon", "coordinates": [[[75.1222275298, 18.0755603991], [75.1222275298, 18.075004843099997], [75.1225053078, 18.075004843099997], [75.1225053078, 18.075282621099998], [75.1227830858, 18.075282621099998], [75.1227830858, 18.0755603991], [75.1222275298, 18.0755603991]]]}}, {"type": "Feature", "properties": {"time_min": 60, "depth_min_m": 0.05, "depth_max_m": 1.0, "depth_class": "0.05\u20131.0 m", "class_area_km2": 0.8447408514100406, "flooded_area_km2": 17.78648792691141, "frame_max_depth_m": 144.69788555673983, "class_mean_depth_m": 0.528070315076816, "scenario_id": "major_breach", "model_type": "Automated approximate 2D flood-routing prototype", "validated_hydraulic_output": false}, "geometry": {"type": "Polygon", "coordinates": [[[75.12306086379999, 18.0755603991], [75.12306086379999, 18.075282621099998], [75.1227830858, 18.075282621099998], [75.1227830858, 18.075004843099997], [75.12333864179999, 18.075004843099997], [75.12333864179999, 18.0755603991], [75.12306086379999, 18.0755603991]]]}}, {"type": "Feature", "properties": {"time_min": 60, "depth_min_m": 0.05, "depth_max_m": 1.0, "depth_class": "0.05\u20131.0 m", "class_area_km2": 0.8447408514100406, "flooded_area_km2": 17.78648792691141, "frame_max_depth_m": 144.69788555673983, "class_mean_depth_m": 0.528070315076816, "scenario_id": "major_breach", "model_type": "Automated approximate 2D flood-routing prototype", "validated_hydraulic_output": false}, "geometry": {"type": "Polygon", "coordinates": [[[75.13250531579999, 18.075004843099997], [75.13250531579999, 18.0747270651], [75.1327830938, 18.0747270651], [75.1327830938, 18.075004843099997], [75.13250531579999, 18.075004843099997]]]}}, {"type": "Feature", "properties": {"time_min": 60, "depth_min_m": 0.05, "depth_max_m": 1.0, "depth_class": "0.05\u20131.0 m", "class_area_km2": 0.8447408514100406, "flooded_area_km2": 17.78648792691141, "frame_max_depth_m": 144.69788555673983, "class_mean_depth_m": 0.528070315076816, "scenario_id": "major_breach", "model_type": "Automated approximate 2D flood-routing prototype", "validated_hydraulic_output": false}, "geometry": {"type": "Polygon", "coordinates": [[[75.08556083379999, 18.0755603991], [75.08556083379999, 18.0744492871], [75.0858386118, 18.0744492871], [75.0858386118, 18.0755603991], [75.08556083379999, 18.0755603991]]]}}, {"type": "Feature", "properties": {"time_min": 60, "depth_min_m": 0.05, "depth_max_m": 1.0, "depth_class": "0.05\u20131.0 m", "class_area_km2": 0.8447408514100406, "flooded_area_km2": 17.78648792691141, "frame_max_depth_m": 144.69788555673983, "class_mean_depth_m": 0.528070315076816, "scenario_id": "major_breach", "model_type": "Automated approximate 2D flood-routing prototype", "validated_hydraulic_output": false}, "geometry": {"type": "Polygon", "coordinates": [[[75.1225053078, 18.075004843099997], [75.1225053078, 18.0747270651], [75.1222275298, 18.0747270651], [75.1222275298, 18.0744492871], [75.1225053078, 18.0744492871], [75.1225053078, 18.074171509099997], [75.1227830858, 18.074171509099997], [75.1227830858, 18.0744492871], [75.12306086379999, 18.0744492871], [75.12306086379999, 18.0747270651], [75.1227830858, 18.0747270651], [75.1227830858, 18.075004843099997], [75.1225053078, 18.075004843099997]]]}}, {"type": "Feature", "properties": {"time_min": 60, "depth_min_m": 0.05, "depth_max_m": 1.0, "depth_class": "0.05\u20131.0 m", "class_area_km2": 0.8447408514100406, "flooded_area_km2": 17.78648792691141, "frame_max_depth_m": 144.69788555673983, "class_mean_depth_m": 0.528070315076816, "scenario_id": "major_breach", "model_type": "Automated approximate 2D flood-routing prototype", "validated_hydraulic_output": false}, "geometry": {"type": "Polygon", "coordinates": [[[75.0858386118, 18.0744492871], [75.0858386118, 18.074171509099997], [75.0861163898, 18.074171509099997], [75.0861163898, 18.0744492871], [75.0858386118, 18.0744492871]]]}}, {"type": "Feature", "properties": {"time_min": 60, "depth_min_m": 0.05, "depth_max_m": 1.0, "depth_class": "0.05\u20131.0 m", "class_area_km2": 0.8447408514100406, "flooded_area_km2": 17.78648792691141, "frame_max_depth_m": 144.69788555673983, "class_mean_depth_m": 0.528070315076816, "scenario_id": "major_breach", "model_type": "Automated approximate 2D flood-routing prototype", "validated_hydraulic_output": false}, "geometry": {"type": "Polygon", "coordinates": [[[75.12194975179999, 18.0744492871], [75.12194975179999, 18.074171509099997], [75.1222275298, 18.074171509099997], [75.1222275298, 18.0744492871], [75.12194975179999, 18.0744492871]]]}}, {"type": "Feature", "properties": {"time_min": 60, "depth_min_m": 0.05, "depth_max_m": 1.0, "depth_class": "0.05\u20131.0 m", "class_area_km2": 0.8447408514100406, "flooded_area_km2": 17.78648792691141, "frame_max_depth_m": 144.69788555673983, "class_mean_depth_m": 0.528070315076816, "scenario_id": "major_breach", "model_type": "Automated approximate 2D flood-routing prototype", "validated_hydraulic_output": false}, "geometry": {"type": "Polygon", "coordinates": [[[75.1258386438, 18.0744492871], [75.1258386438, 18.074171509099997], [75.12611642179999, 18.074171509099997], [75.12611642179999, 18.0744492871], [75.1258386438, 18.0744492871]]]}}, {"type": "Feature", "properties": {"time_min": 60, "depth_min_m": 0.05, "depth_max_m": 1.0, "depth_class": "0.05\u20131.0 m", "class_area_km2": 0.8447408514100406, "flooded_area_km2": 17.78648792691141, "frame_max_depth_m": 144.69788555673983, "class_mean_depth_m": 0.528070315076816, "scenario_id": "major_breach", "model_type": "Automated approximate 2D flood-routing prototype", "validated_hydraulic_output": false}, "geometry": {"type": "Polygon", "coordinates": [[[75.0863941678, 18.074171509099997], [75.0863941678, 18.073893731099997], [75.08694972379999, 18.073893731099997], [75.08694972379999, 18.074171509099997], [75.0863941678, 18.074171509099997]]]}}, {"type": "Feature", "properties": {"time_min": 60, "depth_min_m": 0.05, "depth_max_m": 1.0, "depth_class": "0.05\u20131.0 m", "class_area_km2": 0.8447408514100406, "flooded_area_km2": 17.78648792691141, "frame_max_depth_m": 144.69788555673983, "class_mean_depth_m": 0.528070315076816, "scenario_id": "major_breach", "model_type": "Automated approximate 2D flood-routing prototype", "validated_hydraulic_output": false}, "geometry": {"type": "Polygon", "coordinates": [[[75.1347275398, 18.074171509099997], [75.1347275398, 18.073893731099997], [75.1350053178, 18.073893731099997], [75.1350053178, 18.074171509099997], [75.1347275398, 18.074171509099997]]]}}, {"type": "Feature", "properties": {"time_min": 60, "depth_min_m": 0.05, "depth_max_m": 1.0, "depth_class": "0.05\u20131.0 m", "class_area_km2": 0.8447408514100406, "flooded_area_km2": 17.78648792691141, "frame_max_depth_m": 144.69788555673983, "class_mean_depth_m": 0.528070315076816, "scenario_id": "major_breach", "model_type": "Automated approximate 2D flood-routing prototype", "validated_hydraulic_output": false}, "geometry": {"type": "Polygon", "coordinates": [[[75.1302830918, 18.074171509099997], [75.1302830918, 18.0736159531], [75.1305608698, 18.0736159531], [75.1305608698, 18.074171509099997], [75.1302830918, 18.074171509099997]]]}}, {"type": "Feature", "properties": {"time_min": 60, "depth_min_m": 0.05, "depth_max_m": 1.0, "depth_class": "0.05\u20131.0 m", "class_area_km2": 0.8447408514100406, "flooded_area_km2": 17.78648792691141, "frame_max_depth_m": 144.69788555673983, "class_mean_depth_m": 0.528070315076816, "scenario_id": "major_breach", "model_type": "Automated approximate 2D flood-routing prototype", "validated_hydraulic_output": false}, "geometry": {"type": "Polygon", "coordinates": [[[75.1222275298, 18.073893731099997], [75.1222275298, 18.0736159531], [75.1225053078, 18.0736159531], [75.1225053078, 18.073893731099997], [75.1222275298, 18.073893731099997]]]}}, {"type": "Feature", "properties": {"time_min": 60, "depth_min_m": 0.05, "depth_max_m": 1.0, "depth_class": "0.05\u20131.0 m", "class_area_km2": 0.8447408514100406, "flooded_area_km2": 17.78648792691141, "frame_max_depth_m": 144.69788555673983, "class_mean_depth_m": 0.528070315076816, "scenario_id": "major_breach", "model_type": "Automated approximate 2D flood-routing prototype", "validated_hydraulic_output": false}, "geometry": {"type": "Polygon", "coordinates": [[[75.13083864779999, 18.073893731099997], [75.13083864779999, 18.0736159531], [75.13111642579999, 18.0736159531], [75.13111642579999, 18.073893731099997], [75.13083864779999, 18.073893731099997]]]}}, {"type": "Feature", "properties": {"time_min": 60, "depth_min_m": 0.05, "depth_max_m": 1.0, "depth_class": "0.05\u20131.0 m", "class_area_km2": 0.8447408514100406, "flooded_area_km2": 17.78648792691141, "frame_max_depth_m": 144.69788555673983, "class_mean_depth_m": 0.528070315076816, "scenario_id": "major_breach", "model_type": "Automated approximate 2D flood-routing prototype", "validated_hydraulic_output": false}, "geometry": {"type": "Polygon", "coordinates": [[[75.1205608618, 18.0736159531], [75.1205608618, 18.073338175099998], [75.1208386398, 18.073338175099998], [75.1208386398, 18.0736159531], [75.1205608618, 18.0736159531]]]}}, {"type": "Feature", "properties": {"time_min": 60, "depth_min_m": 0.05, "depth_max_m": 1.0, "depth_class": "0.05\u20131.0 m", "class_area_km2": 0.8447408514100406, "flooded_area_km2": 17.78648792691141, "frame_max_depth_m": 144.69788555673983, "class_mean_depth_m": 0.528070315076816, "scenario_id": "major_breach", "model_type": "Automated approximate 2D flood-routing prototype", "validated_hydraulic_output": false}, "geometry": {"type": "Polygon", "coordinates": [[[75.1227830858, 18.0736159531], [75.1227830858, 18.073338175099998], [75.12333864179999, 18.073338175099998], [75.12333864179999, 18.0736159531], [75.1227830858, 18.0736159531]]]}}, {"type": "Feature", "properties": {"time_min": 60, "depth_min_m": 0.05, "depth_max_m": 1.0, "depth_class": "0.05\u20131.0 m", "class_area_km2": 0.8447408514100406, "flooded_area_km2": 17.78648792691141, "frame_max_depth_m": 144.69788555673983, "class_mean_depth_m": 0.528070315076816, "scenario_id": "major_breach", "model_type": "Automated approximate 2D flood-routing prototype", "validated_hydraulic_output": false}, "geometry": {"type": "Polygon", "coordinates": [[[75.12639419979999, 18.0736159531], [75.12639419979999, 18.073338175099998], [75.1266719778, 18.073338175099998], [75.1266719778, 18.0736159531], [75.12639419979999, 18.0736159531]]]}}, {"type": "Feature", "properties": {"time_min": 60, "depth_min_m": 0.05, "depth_max_m": 1.0, "depth_class": "0.05\u20131.0 m", "class_area_km2": 0.8447408514100406, "flooded_area_km2": 17.78648792691141, "frame_max_depth_m": 144.69788555673983, "class_mean_depth_m": 0.528070315076816, "scenario_id": "major_breach", "model_type": "Automated approximate 2D flood-routing prototype", "validated_hydraulic_output": false}, "geometry": {"type": "Polygon", "coordinates": [[[75.12917197979999, 18.0736159531], [75.12917197979999, 18.073338175099998], [75.1297275358, 18.073338175099998], [75.1297275358, 18.0736159531], [75.12917197979999, 18.0736159531]]]}}, {"type": "Feature", "properties": {"time_min": 60, "depth_min_m": 0.05, "depth_max_m": 1.0, "depth_class": "0.05\u20131.0 m", "class_area_km2": 0.8447408514100406, "flooded_area_km2": 17.78648792691141, "frame_max_depth_m": 144.69788555673983, "class_mean_depth_m": 0.528070315076816, "scenario_id": "major_breach", "model_type": "Automated approximate 2D flood-routing prototype", "validated_hydraulic_output": false}, "geometry": {"type": "Polygon", "coordinates": [[[75.1313942038, 18.073893731099997], [75.1313942038, 18.0736159531], [75.13111642579999, 18.0736159531], [75.13111642579999, 18.073338175099998], [75.1319497598, 18.073338175099998], [75.1319497598, 18.0736159531], [75.1316719818, 18.0736159531], [75.1316719818, 18.073893731099997], [75.1313942038, 18.073893731099997]]]}}, {"type": "Feature", "properties": {"time_min": 60, "depth_min_m": 0.05, "depth_max_m": 1.0, "depth_class": "0.05\u20131.0 m", "class_area_km2": 0.8447408514100406, "flooded_area_km2": 17.78648792691141, "frame_max_depth_m": 144.69788555673983, "class_mean_depth_m": 0.528070315076816, "scenario_id": "major_breach", "model_type": "Automated approximate 2D flood-routing prototype", "validated_hydraulic_output": false}, "geometry": {"type": "Polygon", "coordinates": [[[75.12194975179999, 18.0736159531], [75.12194975179999, 18.073060397099997], [75.1227830858, 18.073060397099997], [75.1227830858, 18.073338175099998], [75.1222275298, 18.073338175099998], [75.1222275298, 18.0736159531], [75.12194975179999, 18.0736159531]]]}}, {"type": "Feature", "properties": {"time_min": 60, "depth_min_m": 0.05, "depth_max_m": 1.0, "depth_class": "0.05\u20131.0 m", "class_area_km2": 0.8447408514100406, "flooded_area_km2": 17.78648792691141, "frame_max_depth_m": 144.69788555673983, "class_mean_depth_m": 0.528070315076816, "scenario_id": "major_breach", "model_type": "Automated approximate 2D flood-routing prototype", "validated_hydraulic_output": false}, "geometry": {"type": "Polygon", "coordinates": [[[75.12028308379999, 18.073338175099998], [75.12028308379999, 18.073060397099997], [75.1205608618, 18.073060397099997], [75.1205608618, 18.073338175099998], [75.12028308379999, 18.073338175099998]]]}}, {"type": "Feature", "properties": {"time_min": 60, "depth_min_m": 0.05, "depth_max_m": 1.0, "depth_class": "0.05\u20131.0 m", "class_area_km2": 0.8447408514100406, "flooded_area_km2": 17.78648792691141, "frame_max_depth_m": 144.69788555673983, "class_mean_depth_m": 0.528070315076816, "scenario_id": "major_breach", "model_type": "Automated approximate 2D flood-routing prototype", "validated_hydraulic_output": false}, "geometry": {"type": "Polygon", "coordinates": [[[75.1258386438, 18.073338175099998], [75.1258386438, 18.073060397099997], [75.12639419979999, 18.073060397099997], [75.12639419979999, 18.073338175099998], [75.1258386438, 18.073338175099998]]]}}, {"type": "Feature", "properties": {"time_min": 60, "depth_min_m": 0.05, "depth_max_m": 1.0, "depth_class": "0.05\u20131.0 m", "class_area_km2": 0.8447408514100406, "flooded_area_km2": 17.78648792691141, "frame_max_depth_m": 144.69788555673983, "class_mean_depth_m": 0.528070315076816, "scenario_id": "major_breach", "model_type": "Automated approximate 2D flood-routing prototype", "validated_hydraulic_output": false}, "geometry": {"type": "Polygon", "coordinates": [[[75.1266719778, 18.073338175099998], [75.1266719778, 18.073060397099997], [75.1269497558, 18.073060397099997], [75.1269497558, 18.073338175099998], [75.1266719778, 18.073338175099998]]]}}, {"type": "Feature", "properties": {"time_min": 60, "depth_min_m": 0.05, "depth_max_m": 1.0, "depth_class": "0.05\u20131.0 m", "class_area_km2": 0.8447408514100406, "flooded_area_km2": 17.78648792691141, "frame_max_depth_m": 144.69788555673983, "class_mean_depth_m": 0.528070315076816, "scenario_id": "major_breach", "model_type": "Automated approximate 2D flood-routing prototype", "validated_hydraulic_output": false}, "geometry": {"type": "Polygon", "coordinates": [[[75.1297275358, 18.073338175099998], [75.1297275358, 18.073060397099997], [75.1300053138, 18.073060397099997], [75.1300053138, 18.073338175099998], [75.1297275358, 18.073338175099998]]]}}, {"type": "Feature", "properties": {"time_min": 60, "depth_min_m": 0.05, "depth_max_m": 1.0, "depth_class": "0.05\u20131.0 m", "class_area_km2": 0.8447408514100406, "flooded_area_km2": 17.78648792691141, "frame_max_depth_m": 144.69788555673983, "class_mean_depth_m": 0.528070315076816, "scenario_id": "major_breach", "model_type": "Automated approximate 2D flood-routing prototype", "validated_hydraulic_output": false}, "geometry": {"type": "Polygon", "coordinates": [[[75.13694976379999, 18.073338175099998], [75.13694976379999, 18.073060397099997], [75.1372275418, 18.073060397099997], [75.1372275418, 18.073338175099998], [75.13694976379999, 18.073338175099998]]]}}, {"type": "Feature", "properties": {"time_min": 60, "depth_min_m": 0.05, "depth_max_m": 1.0, "depth_class": "0.05\u20131.0 m", "class_area_km2": 0.8447408514100406, "flooded_area_km2": 17.78648792691141, "frame_max_depth_m": 144.69788555673983, "class_mean_depth_m": 0.528070315076816, "scenario_id": "major_breach", "model_type": "Automated approximate 2D flood-routing prototype", "validated_hydraulic_output": false}, "geometry": {"type": "Polygon", "coordinates": [[[75.08694972379999, 18.073893731099997], [75.08694972379999, 18.073060397099997], [75.0872275018, 18.073060397099997], [75.0872275018, 18.072782619099996], [75.0875052798, 18.072782619099996], [75.0875052798, 18.073338175099998], [75.0872275018, 18.073338175099998], [75.0872275018, 18.073893731099997], [75.08694972379999, 18.073893731099997]]]}}, {"type": "Feature", "properties": {"time_min": 60, "depth_min_m": 0.05, "depth_max_m": 1.0, "depth_class": "0.05\u20131.0 m", "class_area_km2": 0.8447408514100406, "flooded_area_km2": 17.78648792691141, "frame_max_depth_m": 144.69788555673983, "class_mean_depth_m": 0.528070315076816, "scenario_id": "major_breach", "model_type": "Automated approximate 2D flood-routing prototype", "validated_hydraulic_output": false}, "geometry": {"type": "Polygon", "coordinates": [[[75.1363942078, 18.073338175099998], [75.1363942078, 18.072782619099996], [75.13694976379999, 18.072782619099996], [75.13694976379999, 18.073060397099997], [75.13667198579999, 18.073060397099997], [75.13667198579999, 18.073338175099998], [75.1363942078, 18.073338175099998]]]}}, {"type": "Feature", "properties": {"time_min": 60, "depth_min_m": 0.05, "depth_max_m": 1.0, "depth_class": "0.05\u20131.0 m", "class_area_km2": 0.8447408514100406, "flooded_area_km2": 17.78648792691141, "frame_max_depth_m": 144.69788555673983, "class_mean_depth_m": 0.528070315076816, "scenario_id": "major_breach", "model_type": "Automated approximate 2D flood-routing prototype", "validated_hydraulic_output": false}, "geometry": {"type": "Polygon", "coordinates": [[[75.12944975779999, 18.073060397099997], [75.12944975779999, 18.072782619099996], [75.1297275358, 18.072782619099996], [75.1297275358, 18.073060397099997], [75.12944975779999, 18.073060397099997]]]}}, {"type": "Feature", "properties": {"time_min": 60, "depth_min_m": 0.05, "depth_max_m": 1.0, "depth_class": "0.05\u20131.0 m", "class_area_km2": 0.8447408514100406, "flooded_area_km2": 17.78648792691141, "frame_max_depth_m": 144.69788555673983, "class_mean_depth_m": 0.528070315076816, "scenario_id": "major_breach", "model_type": "Automated approximate 2D flood-routing prototype", "validated_hydraulic_output": false}, "geometry": {"type": "Polygon", "coordinates": [[[75.1288942018, 18.073060397099997], [75.1288942018, 18.0725048411], [75.12917197979999, 18.0725048411], [75.12917197979999, 18.073060397099997], [75.1288942018, 18.073060397099997]]]}}, {"type": "Feature", "properties": {"time_min": 60, "depth_min_m": 0.05, "depth_max_m": 1.0, "depth_class": "0.05\u20131.0 m", "class_area_km2": 0.8447408514100406, "flooded_area_km2": 17.78648792691141, "frame_max_depth_m": 144.69788555673983, "class_mean_depth_m": 0.528070315076816, "scenario_id": "major_breach", "model_type": "Automated approximate 2D flood-routing prototype", "validated_hydraulic_output": false}, "geometry": {"type": "Polygon", "coordinates": [[[75.1213941958, 18.072782619099996], [75.1213941958, 18.0725048411], [75.12167197379999, 18.0725048411], [75.12167197379999, 18.072782619099996], [75.1213941958, 18.072782619099996]]]}}, {"type": "Feature", "properties": {"time_min": 60, "depth_min_m": 0.05, "depth_max_m": 1.0, "depth_class": "0.05\u20131.0 m", "class_area_km2": 0.8447408514100406, "flooded_area_km2": 17.78648792691141, "frame_max_depth_m": 144.69788555673983, "class_mean_depth_m": 0.528070315076816, "scenario_id": "major_breach", "model_type": "Automated approximate 2D flood-routing prototype", "validated_hydraulic_output": false}, "geometry": {"type": "Polygon", "coordinates": [[[75.12194975179999, 18.072782619099996], [75.12194975179999, 18.0725048411], [75.1222275298, 18.0725048411], [75.1222275298, 18.072782619099996], [75.12194975179999, 18.072782619099996]]]}}, {"type": "Feature", "properties": {"time_min": 60, "depth_min_m": 0.05, "depth_max_m": 1.0, "depth_class": "0.05\u20131.0 m", "class_area_km2": 0.8447408514100406, "flooded_area_km2": 17.78648792691141, "frame_max_depth_m": 144.69788555673983, "class_mean_depth_m": 0.528070315076816, "scenario_id": "major_breach", "model_type": "Automated approximate 2D flood-routing prototype", "validated_hydraulic_output": false}, "geometry": {"type": "Polygon", "coordinates": [[[75.1272275338, 18.072782619099996], [75.1272275338, 18.0725048411], [75.1275053118, 18.0725048411], [75.1275053118, 18.072782619099996], [75.1272275338, 18.072782619099996]]]}}, {"type": "Feature", "properties": {"time_min": 60, "depth_min_m": 0.05, "depth_max_m": 1.0, "depth_class": "0.05\u20131.0 m", "class_area_km2": 0.8447408514100406, "flooded_area_km2": 17.78648792691141, "frame_max_depth_m": 144.69788555673983, "class_mean_depth_m": 0.528070315076816, "scenario_id": "major_breach", "model_type": "Automated approximate 2D flood-routing prototype", "validated_hydraulic_output": false}, "geometry": {"type": "Polygon", "coordinates": [[[75.13417198379999, 18.072782619099996], [75.13417198379999, 18.0725048411], [75.1347275398, 18.0725048411], [75.1347275398, 18.072782619099996], [75.13417198379999, 18.072782619099996]]]}}, {"type": "Feature", "properties": {"time_min": 60, "depth_min_m": 0.05, "depth_max_m": 1.0, "depth_class": "0.05\u20131.0 m", "class_area_km2": 0.8447408514100406, "flooded_area_km2": 17.78648792691141, "frame_max_depth_m": 144.69788555673983, "class_mean_depth_m": 0.528070315076816, "scenario_id": "major_breach", "model_type": "Automated approximate 2D flood-routing prototype", "validated_hydraulic_output": false}, "geometry": {"type": "Polygon", "coordinates": [[[75.1266719778, 18.072782619099996], [75.1266719778, 18.072227063099998], [75.1269497558, 18.072227063099998], [75.1269497558, 18.072782619099996], [75.1266719778, 18.072782619099996]]]}}, {"type": "Feature", "properties": {"time_min": 60, "depth_min_m": 0.05, "depth_max_m": 1.0, "depth_class": "0.05\u20131.0 m", "class_area_km2": 0.8447408514100406, "flooded_area_km2": 17.78648792691141, "frame_max_depth_m": 144.69788555673983, "class_mean_depth_m": 0.528070315076816, "scenario_id": "major_breach", "model_type": "Automated approximate 2D flood-routing prototype", "validated_hydraulic_output": false}, "geometry": {"type": "Polygon", "coordinates": [[[75.1197275278, 18.0725048411], [75.1197275278, 18.072227063099998], [75.12000530579999, 18.072227063099998], [75.12000530579999, 18.0725048411], [75.1197275278, 18.0725048411]]]}}, {"type": "Feature", "properties": {"time_min": 60, "depth_min_m": 0.05, "depth_max_m": 1.0, "depth_class": "0.05\u20131.0 m", "class_area_km2": 0.8447408514100406, "flooded_area_km2": 17.78648792691141, "frame_max_depth_m": 144.69788555673983, "class_mean_depth_m": 0.528070315076816, "scenario_id": "major_breach", "model_type": "Automated approximate 2D flood-routing prototype", "validated_hydraulic_output": false}, "geometry": {"type": "Polygon", "coordinates": [[[75.13528309579999, 18.0725048411], [75.13528309579999, 18.072227063099998], [75.1358386518, 18.072227063099998], [75.1358386518, 18.0725048411], [75.13528309579999, 18.0725048411]]]}}, {"type": "Feature", "properties": {"time_min": 60, "depth_min_m": 0.05, "depth_max_m": 1.0, "depth_class": "0.05\u20131.0 m", "class_area_km2": 0.8447408514100406, "flooded_area_km2": 17.78648792691141, "frame_max_depth_m": 144.69788555673983, "class_mean_depth_m": 0.528070315076816, "scenario_id": "major_breach", "model_type": "Automated approximate 2D flood-routing prototype", "validated_hydraulic_output": false}, "geometry": {"type": "Polygon", "coordinates": [[[75.13389420579999, 18.0725048411], [75.13389420579999, 18.071949285099997], [75.13417198379999, 18.071949285099997], [75.13417198379999, 18.0725048411], [75.13389420579999, 18.0725048411]]]}}, {"type": "Feature", "properties": {"time_min": 60, "depth_min_m": 0.05, "depth_max_m": 1.0, "depth_class": "0.05\u20131.0 m", "class_area_km2": 0.8447408514100406, "flooded_area_km2": 17.78648792691141, "frame_max_depth_m": 144.69788555673983, "class_mean_depth_m": 0.528070315076816, "scenario_id": "major_breach", "model_type": "Automated approximate 2D flood-routing prototype", "validated_hydraulic_output": false}, "geometry": {"type": "Polygon", "coordinates": [[[75.08361638779999, 18.072227063099998], [75.08361638779999, 18.071949285099997], [75.08389416579999, 18.071949285099997], [75.08389416579999, 18.072227063099998], [75.08361638779999, 18.072227063099998]]]}}, {"type": "Feature", "properties": {"time_min": 60, "depth_min_m": 0.05, "depth_max_m": 1.0, "depth_class": "0.05\u20131.0 m", "class_area_km2": 0.8447408514100406, "flooded_area_km2": 17.78648792691141, "frame_max_depth_m": 144.69788555673983, "class_mean_depth_m": 0.528070315076816, "scenario_id": "major_breach", "model_type": "Automated approximate 2D flood-routing prototype", "validated_hydraulic_output": false}, "geometry": {"type": "Polygon", "coordinates": [[[75.11583863579999, 18.072227063099998], [75.11583863579999, 18.071949285099997], [75.1161164138, 18.071949285099997], [75.1161164138, 18.072227063099998], [75.11583863579999, 18.072227063099998]]]}}, {"type": "Feature", "properties": {"time_min": 60, "depth_min_m": 0.05, "depth_max_m": 1.0, "depth_class": "0.05\u20131.0 m", "class_area_km2": 0.8447408514100406, "flooded_area_km2": 17.78648792691141, "frame_max_depth_m": 144.69788555673983, "class_mean_depth_m": 0.528070315076816, "scenario_id": "major_breach", "model_type": "Automated approximate 2D flood-routing prototype", "validated_hydraulic_output": false}, "geometry": {"type": "Polygon", "coordinates": [[[75.11694974779999, 18.072227063099998], [75.11694974779999, 18.071949285099997], [75.11722752579999, 18.071949285099997], [75.11722752579999, 18.072227063099998], [75.11694974779999, 18.072227063099998]]]}}, {"type": "Feature", "properties": {"time_min": 60, "depth_min_m": 0.05, "depth_max_m": 1.0, "depth_class": "0.05\u20131.0 m", "class_area_km2": 0.8447408514100406, "flooded_area_km2": 17.78648792691141, "frame_max_depth_m": 144.69788555673983, "class_mean_depth_m": 0.528070315076816, "scenario_id": "major_breach", "model_type": "Automated approximate 2D flood-routing prototype", "validated_hydraulic_output": false}, "geometry": {"type": "Polygon", "coordinates": [[[75.1269497558, 18.072227063099998], [75.1269497558, 18.0716715071], [75.1272275338, 18.0716715071], [75.1272275338, 18.072227063099998], [75.1269497558, 18.072227063099998]]]}}, {"type": "Feature", "properties": {"time_min": 60, "depth_min_m": 0.05, "depth_max_m": 1.0, "depth_class": "0.05\u20131.0 m", "class_area_km2": 0.8447408514100406, "flooded_area_km2": 17.78648792691141, "frame_max_depth_m": 144.69788555673983, "class_mean_depth_m": 0.528070315076816, "scenario_id": "major_breach", "model_type": "Automated approximate 2D flood-routing prototype", "validated_hydraulic_output": false}, "geometry": {"type": "Polygon", "coordinates": [[[75.1344497618, 18.072227063099998], [75.1344497618, 18.0716715071], [75.1350053178, 18.0716715071], [75.1350053178, 18.071949285099997], [75.13528309579999, 18.071949285099997], [75.13528309579999, 18.072227063099998], [75.1344497618, 18.072227063099998]]]}}, {"type": "Feature", "properties": {"time_min": 60, "depth_min_m": 0.05, "depth_max_m": 1.0, "depth_class": "0.05\u20131.0 m", "class_area_km2": 0.8447408514100406, "flooded_area_km2": 17.78648792691141, "frame_max_depth_m": 144.69788555673983, "class_mean_depth_m": 0.528070315076816, "scenario_id": "major_breach", "model_type": "Automated approximate 2D flood-routing prototype", "validated_hydraulic_output": false}, "geometry": {"type": "Polygon", "coordinates": [[[75.08389416579999, 18.071949285099997], [75.08389416579999, 18.0716715071], [75.0841719438, 18.0716715071], [75.0841719438, 18.071949285099997], [75.08389416579999, 18.071949285099997]]]}}, {"type": "Feature", "properties": {"time_min": 60, "depth_min_m": 0.05, "depth_max_m": 1.0, "depth_class": "0.05\u20131.0 m", "class_area_km2": 0.8447408514100406, "flooded_area_km2": 17.78648792691141, "frame_max_depth_m": 144.69788555673983, "class_mean_depth_m": 0.528070315076816, "scenario_id": "major_breach", "model_type": "Automated approximate 2D flood-routing prototype", "validated_hydraulic_output": false}, "geometry": {"type": "Polygon", "coordinates": [[[75.1152830798, 18.071949285099997], [75.1152830798, 18.0716715071], [75.11556085779999, 18.0716715071], [75.11556085779999, 18.071949285099997], [75.1152830798, 18.071949285099997]]]}}, {"type": "Feature", "properties": {"time_min": 60, "depth_min_m": 0.05, "depth_max_m": 1.0, "depth_class": "0.05\u20131.0 m", "class_area_km2": 0.8447408514100406, "flooded_area_km2": 17.78648792691141, "frame_max_depth_m": 144.69788555673983, "class_mean_depth_m": 0.528070315076816, "scenario_id": "major_breach", "model_type": "Automated approximate 2D flood-routing prototype", "validated_hydraulic_output": false}, "geometry": {"type": "Polygon", "coordinates": [[[75.1177830818, 18.071949285099997], [75.1177830818, 18.0716715071], [75.1180608598, 18.0716715071], [75.1180608598, 18.071949285099997], [75.1177830818, 18.071949285099997]]]}}, {"type": "Feature", "properties": {"time_min": 60, "depth_min_m": 0.05, "depth_max_m": 1.0, "depth_class": "0.05\u20131.0 m", "class_area_km2": 0.8447408514100406, "flooded_area_km2": 17.78648792691141, "frame_max_depth_m": 144.69788555673983, "class_mean_depth_m": 0.528070315076816, "scenario_id": "major_breach", "model_type": "Automated approximate 2D flood-routing prototype", "validated_hydraulic_output": false}, "geometry": {"type": "Polygon", "coordinates": [[[75.1275053118, 18.0725048411], [75.1275053118, 18.0716715071], [75.12778308979999, 18.0716715071], [75.12778308979999, 18.071949285099997], [75.1283386458, 18.071949285099997], [75.1283386458, 18.0713937291], [75.1286164238, 18.0713937291], [75.1286164238, 18.0716715071], [75.1288942018, 18.0716715071], [75.1288942018, 18.0725048411], [75.1286164238, 18.0725048411], [75.1286164238, 18.072227063099998], [75.1283386458, 18.072227063099998], [75.1283386458, 18.0725048411], [75.12806086779999, 18.0725048411], [75.12806086779999, 18.072227063099998], [75.12778308979999, 18.072227063099998], [75.12778308979999, 18.0725048411], [75.1275053118, 18.0725048411]]]}}, {"type": "Feature", "properties": {"time_min": 60, "depth_min_m": 0.05, "depth_max_m": 1.0, "depth_class": "0.05\u20131.0 m", "class_area_km2": 0.8447408514100406, "flooded_area_km2": 17.78648792691141, "frame_max_depth_m": 144.69788555673983, "class_mean_depth_m": 0.528070315076816, "scenario_id": "major_breach", "model_type": "Automated approximate 2D flood-routing prototype", "validated_hydraulic_output": false}, "geometry": {"type": "Polygon", "coordinates": [[[75.0827830538, 18.0716715071], [75.0827830538, 18.0713937291], [75.0830608318, 18.0713937291], [75.0830608318, 18.0716715071], [75.0827830538, 18.0716715071]]]}}, {"type": "Feature", "properties": {"time_min": 60, "depth_min_m": 0.05, "depth_max_m": 1.0, "depth_class": "0.05\u20131.0 m", "class_area_km2": 0.8447408514100406, "flooded_area_km2": 17.78648792691141, "frame_max_depth_m": 144.69788555673983, "class_mean_depth_m": 0.528070315076816, "scenario_id": "major_breach", "model_type": "Automated approximate 2D flood-routing prototype", "validated_hydraulic_output": false}, "geometry": {"type": "Polygon", "coordinates": [[[75.0841719438, 18.0716715071], [75.0841719438, 18.0713937291], [75.0844497218, 18.0713937291], [75.0844497218, 18.0716715071], [75.0841719438, 18.0716715071]]]}}, {"type": "Feature", "properties": {"time_min": 60, "depth_min_m": 0.05, "depth_max_m": 1.0, "depth_class": "0.05\u20131.0 m", "class_area_km2": 0.8447408514100406, "flooded_area_km2": 17.78648792691141, "frame_max_depth_m": 144.69788555673983, "class_mean_depth_m": 0.528070315076816, "scenario_id": "major_breach", "model_type": "Automated approximate 2D flood-routing prototype", "validated_hydraulic_output": false}, "geometry": {"type": "Polygon", "coordinates": [[[75.08667194579999, 18.0725048411], [75.08667194579999, 18.071949285099997], [75.0863941678, 18.071949285099997], [75.0863941678, 18.0716715071], [75.0858386118, 18.0716715071], [75.0858386118, 18.0713937291], [75.08667194579999, 18.0713937291], [75.08667194579999, 18.0716715071], [75.08694972379999, 18.0716715071], [75.08694972379999, 18.072227063099998], [75.0872275018, 18.072227063099998], [75.0872275018, 18.0725048411], [75.08667194579999, 18.0725048411]]]}}, {"type": "Feature", "properties": {"time_min": 60, "depth_min_m": 0.05, "depth_max_m": 1.0, "depth_class": "0.05\u20131.0 m", "class_area_km2": 0.8447408514100406, "flooded_area_km2": 17.78648792691141, "frame_max_depth_m": 144.69788555673983, "class_mean_depth_m": 0.528070315076816, "scenario_id": "major_breach", "model_type": "Automated approximate 2D flood-routing prototype", "validated_hydraulic_output": false}, "geometry": {"type": "Polygon", "coordinates": [[[75.11444974579999, 18.0716715071], [75.11444974579999, 18.0713937291], [75.1147275238, 18.0713937291], [75.1147275238, 18.0716715071], [75.11444974579999, 18.0716715071]]]}}, {"type": "Feature", "properties": {"time_min": 60, "depth_min_m": 0.05, "depth_max_m": 1.0, "depth_class": "0.05\u20131.0 m", "class_area_km2": 0.8447408514100406, "flooded_area_km2": 17.78648792691141, "frame_max_depth_m": 144.69788555673983, "class_mean_depth_m": 0.528070315076816, "scenario_id": "major_breach", "model_type": "Automated approximate 2D flood-routing prototype", "validated_hydraulic_output": false}, "geometry": {"type": "Polygon", "coordinates": [[[75.12778308979999, 18.0716715071], [75.12778308979999, 18.0713937291], [75.12806086779999, 18.0713937291], [75.12806086779999, 18.0716715071], [75.12778308979999, 18.0716715071]]]}}, {"type": "Feature", "properties": {"time_min": 60, "depth_min_m": 0.05, "depth_max_m": 1.0, "depth_class": "0.05\u20131.0 m", "class_area_km2": 0.8447408514100406, "flooded_area_km2": 17.78648792691141, "frame_max_depth_m": 144.69788555673983, "class_mean_depth_m": 0.528070315076816, "scenario_id": "major_breach", "model_type": "Automated approximate 2D flood-routing prototype", "validated_hydraulic_output": false}, "geometry": {"type": "Polygon", "coordinates": [[[75.07806082779999, 18.0713937291], [75.07806082779999, 18.071115951099998], [75.0783386058, 18.071115951099998], [75.0783386058, 18.0713937291], [75.07806082779999, 18.0713937291]]]}}, {"type": "Feature", "properties": {"time_min": 60, "depth_min_m": 0.05, "depth_max_m": 1.0, "depth_class": "0.05\u20131.0 m", "class_area_km2": 0.8447408514100406, "flooded_area_km2": 17.78648792691141, "frame_max_depth_m": 144.69788555673983, "class_mean_depth_m": 0.528070315076816, "scenario_id": "major_breach", "model_type": "Automated approximate 2D flood-routing prototype", "validated_hydraulic_output": false}, "geometry": {"type": "Polygon", "coordinates": [[[75.0786163838, 18.0713937291], [75.0786163838, 18.071115951099998], [75.07917193979999, 18.071115951099998], [75.07917193979999, 18.0713937291], [75.0786163838, 18.0713937291]]]}}, {"type": "Feature", "properties": {"time_min": 60, "depth_min_m": 0.05, "depth_max_m": 1.0, "depth_class": "0.05\u20131.0 m", "class_area_km2": 0.8447408514100406, "flooded_area_km2": 17.78648792691141, "frame_max_depth_m": 144.69788555673983, "class_mean_depth_m": 0.528070315076816, "scenario_id": "major_breach", "model_type": "Automated approximate 2D flood-routing prototype", "validated_hydraulic_output": false}, "geometry": {"type": "Polygon", "coordinates": [[[75.0797274958, 18.0713937291], [75.0797274958, 18.071115951099998], [75.0800052738, 18.071115951099998], [75.0800052738, 18.0713937291], [75.0797274958, 18.0713937291]]]}}, {"type": "Feature", "properties": {"time_min": 60, "depth_min_m": 0.05, "depth_max_m": 1.0, "depth_class": "0.05\u20131.0 m", "class_area_km2": 0.8447408514100406, "flooded_area_km2": 17.78648792691141, "frame_max_depth_m": 144.69788555673983, "class_mean_depth_m": 0.528070315076816, "scenario_id": "major_breach", "model_type": "Automated approximate 2D flood-routing prototype", "validated_hydraulic_output": false}, "geometry": {"type": "Polygon", "coordinates": [[[75.08250527579999, 18.0713937291], [75.08250527579999, 18.071115951099998], [75.0827830538, 18.071115951099998], [75.0827830538, 18.0713937291], [75.08250527579999, 18.0713937291]]]}}, {"type": "Feature", "properties": {"time_min": 60, "depth_min_m": 0.05, "depth_max_m": 1.0, "depth_class": "0.05\u20131.0 m", "class_area_km2": 0.8447408514100406, "flooded_area_km2": 17.78648792691141, "frame_max_depth_m": 144.69788555673983, "class_mean_depth_m": 0.528070315076816, "scenario_id": "major_breach", "model_type": "Automated approximate 2D flood-routing prototype", "validated_hydraulic_output": false}, "geometry": {"type": "Polygon", "coordinates": [[[75.0844497218, 18.0713937291], [75.0844497218, 18.071115951099998], [75.08528305579999, 18.071115951099998], [75.08528305579999, 18.0713937291], [75.0844497218, 18.0713937291]]]}}, {"type": "Feature", "properties": {"time_min": 60, "depth_min_m": 0.05, "depth_max_m": 1.0, "depth_class": "0.05\u20131.0 m", "class_area_km2": 0.8447408514100406, "flooded_area_km2": 17.78648792691141, "frame_max_depth_m": 144.69788555673983, "class_mean_depth_m": 0.528070315076816, "scenario_id": "major_breach", "model_type": "Automated approximate 2D flood-routing prototype", "validated_hydraulic_output": false}, "geometry": {"type": "Polygon", "coordinates": [[[75.08556083379999, 18.0713937291], [75.08556083379999, 18.071115951099998], [75.0858386118, 18.071115951099998], [75.0858386118, 18.0713937291], [75.08556083379999, 18.0713937291]]]}}, {"type": "Feature", "properties": {"time_min": 60, "depth_min_m": 0.05, "depth_max_m": 1.0, "depth_class": "0.05\u20131.0 m", "class_area_km2": 0.8447408514100406, "flooded_area_km2": 17.78648792691141, "frame_max_depth_m": 144.69788555673983, "class_mean_depth_m": 0.528070315076816, "scenario_id": "major_breach", "model_type": "Automated approximate 2D flood-routing prototype", "validated_hydraulic_output": false}, "geometry": {"type": "Polygon", "coordinates": [[[75.1272275338, 18.0716715071], [75.1272275338, 18.070838173099997], [75.1275053118, 18.070838173099997], [75.1275053118, 18.0716715071], [75.1272275338, 18.0716715071]]]}}, {"type": "Feature", "properties": {"time_min": 60, "depth_min_m": 0.05, "depth_max_m": 1.0, "depth_class": "0.05\u20131.0 m", "class_area_km2": 0.8447408514100406, "flooded_area_km2": 17.78648792691141, "frame_max_depth_m": 144.69788555673983, "class_mean_depth_m": 0.528070315076816, "scenario_id": "major_breach", "model_type": "Automated approximate 2D flood-routing prototype", "validated_hydraulic_output": false}, "geometry": {"type": "Polygon", "coordinates": [[[75.1288942018, 18.0713937291], [75.1288942018, 18.070838173099997], [75.12917197979999, 18.070838173099997], [75.12917197979999, 18.0713937291], [75.1288942018, 18.0713937291]]]}}, {"type": "Feature", "properties": {"time_min": 60, "depth_min_m": 0.05, "depth_max_m": 1.0, "depth_class": "0.05\u20131.0 m", "class_area_km2": 0.8447408514100406, "flooded_area_km2": 17.78648792691141, "frame_max_depth_m": 144.69788555673983, "class_mean_depth_m": 0.528070315076816, "scenario_id": "major_breach", "model_type": "Automated approximate 2D flood-routing prototype", "validated_hydraulic_output": false}, "geometry": {"type": "Polygon", "coordinates": [[[75.07778304979999, 18.071115951099998], [75.07778304979999, 18.070838173099997], [75.07806082779999, 18.070838173099997], [75.07806082779999, 18.071115951099998], [75.07778304979999, 18.071115951099998]]]}}, {"type": "Feature", "properties": {"time_min": 60, "depth_min_m": 0.05, "depth_max_m": 1.0, "depth_class": "0.05\u20131.0 m", "class_area_km2": 0.8447408514100406, "flooded_area_km2": 17.78648792691141, "frame_max_depth_m": 144.69788555673983, "class_mean_depth_m": 0.528070315076816, "scenario_id": "major_breach", "model_type": "Automated approximate 2D flood-routing prototype", "validated_hydraulic_output": false}, "geometry": {"type": "Polygon", "coordinates": [[[75.0802830518, 18.071115951099998], [75.0802830518, 18.070838173099997], [75.08056082979999, 18.070838173099997], [75.08056082979999, 18.071115951099998], [75.0802830518, 18.071115951099998]]]}}, {"type": "Feature", "properties": {"time_min": 60, "depth_min_m": 0.05, "depth_max_m": 1.0, "depth_class": "0.05\u20131.0 m", "class_area_km2": 0.8447408514100406, "flooded_area_km2": 17.78648792691141, "frame_max_depth_m": 144.69788555673983, "class_mean_depth_m": 0.528070315076816, "scenario_id": "major_breach", "model_type": "Automated approximate 2D flood-routing prototype", "validated_hydraulic_output": false}, "geometry": {"type": "Polygon", "coordinates": [[[75.08222749779999, 18.071115951099998], [75.08222749779999, 18.070838173099997], [75.08250527579999, 18.070838173099997], [75.08250527579999, 18.071115951099998], [75.08222749779999, 18.071115951099998]]]}}, {"type": "Feature", "properties": {"time_min": 60, "depth_min_m": 0.05, "depth_max_m": 1.0, "depth_class": "0.05\u20131.0 m", "class_area_km2": 0.8447408514100406, "flooded_area_km2": 17.78648792691141, "frame_max_depth_m": 144.69788555673983, "class_mean_depth_m": 0.528070315076816, "scenario_id": "major_breach", "model_type": "Automated approximate 2D flood-routing prototype", "validated_hydraulic_output": false}, "geometry": {"type": "Polygon", "coordinates": [[[75.1130608558, 18.071115951099998], [75.1130608558, 18.070838173099997], [75.1133386338, 18.070838173099997], [75.1133386338, 18.071115951099998], [75.1130608558, 18.071115951099998]]]}}, {"type": "Feature", "properties": {"time_min": 60, "depth_min_m": 0.05, "depth_max_m": 1.0, "depth_class": "0.05\u20131.0 m", "class_area_km2": 0.8447408514100406, "flooded_area_km2": 17.78648792691141, "frame_max_depth_m": 144.69788555673983, "class_mean_depth_m": 0.528070315076816, "scenario_id": "major_breach", "model_type": "Automated approximate 2D flood-routing prototype", "validated_hydraulic_output": false}, "geometry": {"type": "Polygon", "coordinates": [[[75.0811163858, 18.070838173099997], [75.0811163858, 18.0705603951], [75.08222749779999, 18.0705603951], [75.08222749779999, 18.070838173099997], [75.0811163858, 18.070838173099997]]]}}, {"type": "Feature", "properties": {"time_min": 60, "depth_min_m": 0.05, "depth_max_m": 1.0, "depth_class": "0.05\u20131.0 m", "class_area_km2": 0.8447408514100406, "flooded_area_km2": 17.78648792691141, "frame_max_depth_m": 144.69788555673983, "class_mean_depth_m": 0.528070315076816, "scenario_id": "major_breach", "model_type": "Automated approximate 2D flood-routing prototype", "validated_hydraulic_output": false}, "geometry": {"type": "Polygon", "coordinates": [[[75.1122275218, 18.070838173099997], [75.1122275218, 18.0705603951], [75.11250529979999, 18.0705603951], [75.11250529979999, 18.070838173099997], [75.1122275218, 18.070838173099997]]]}}, {"type": "Feature", "properties": {"time_min": 60, "depth_min_m": 0.05, "depth_max_m": 1.0, "depth_class": "0.05\u20131.0 m", "class_area_km2": 0.8447408514100406, "flooded_area_km2": 17.78648792691141, "frame_max_depth_m": 144.69788555673983, "class_mean_depth_m": 0.528070315076816, "scenario_id": "major_breach", "model_type": "Automated approximate 2D flood-routing prototype", "validated_hydraulic_output": false}, "geometry": {"type": "Polygon", "coordinates": [[[75.0766719378, 18.071115951099998], [75.0766719378, 18.070838173099997], [75.0769497158, 18.070838173099997], [75.0769497158, 18.0702826171], [75.07750527179999, 18.0702826171], [75.07750527179999, 18.0705603951], [75.0772274938, 18.0705603951], [75.0772274938, 18.070838173099997], [75.07750527179999, 18.070838173099997], [75.07750527179999, 18.071115951099998], [75.0766719378, 18.071115951099998]]]}}, {"type": "Feature", "properties": {"time_min": 60, "depth_min_m": 0.05, "depth_max_m": 1.0, "depth_class": "0.05\u20131.0 m", "class_area_km2": 0.8447408514100406, "flooded_area_km2": 17.78648792691141, "frame_max_depth_m": 144.69788555673983, "class_mean_depth_m": 0.528070315076816, "scenario_id": "major_breach", "model_type": "Automated approximate 2D flood-routing prototype", "validated_hydraulic_output": false}, "geometry": {"type": "Polygon", "coordinates": [[[75.1116719658, 18.0705603951], [75.1116719658, 18.0702826171], [75.1119497438, 18.0702826171], [75.1119497438, 18.0705603951], [75.1116719658, 18.0705603951]]]}}, {"type": "Feature", "properties": {"time_min": 60, "depth_min_m": 0.05, "depth_max_m": 1.0, "depth_class": "0.05\u20131.0 m", "class_area_km2": 0.8447408514100406, "flooded_area_km2": 17.78648792691141, "frame_max_depth_m": 144.69788555673983, "class_mean_depth_m": 0.528070315076816, "scenario_id": "major_breach", "model_type": "Automated approximate 2D flood-routing prototype", "validated_hydraulic_output": false}, "geometry": {"type": "Polygon", "coordinates": [[[75.11111640979999, 18.0702826171], [75.11111640979999, 18.070004839099997], [75.11139418779999, 18.070004839099997], [75.11139418779999, 18.0702826171], [75.11111640979999, 18.0702826171]]]}}, {"type": "Feature", "properties": {"time_min": 60, "depth_min_m": 0.05, "depth_max_m": 1.0, "depth_class": "0.05\u20131.0 m", "class_area_km2": 0.8447408514100406, "flooded_area_km2": 17.78648792691141, "frame_max_depth_m": 144.69788555673983, "class_mean_depth_m": 0.528070315076816, "scenario_id": "major_breach", "model_type": "Automated approximate 2D flood-routing prototype", "validated_hydraulic_output": false}, "geometry": {"type": "Polygon", "coordinates": [[[75.07778304979999, 18.070004839099997], [75.07778304979999, 18.069727061099996], [75.07806082779999, 18.069727061099996], [75.07806082779999, 18.070004839099997], [75.07778304979999, 18.070004839099997]]]}}, {"type": "Feature", "properties": {"time_min": 60, "depth_min_m": 0.05, "depth_max_m": 1.0, "depth_class": "0.05\u20131.0 m", "class_area_km2": 0.8447408514100406, "flooded_area_km2": 17.78648792691141, "frame_max_depth_m": 144.69788555673983, "class_mean_depth_m": 0.528070315076816, "scenario_id": "major_breach", "model_type": "Automated approximate 2D flood-routing prototype", "validated_hydraulic_output": false}, "geometry": {"type": "Polygon", "coordinates": [[[75.07806082779999, 18.069727061099996], [75.07806082779999, 18.0694492831], [75.0786163838, 18.0694492831], [75.0786163838, 18.069727061099996], [75.07806082779999, 18.069727061099996]]]}}, {"type": "Feature", "properties": {"time_min": 60, "depth_min_m": 0.05, "depth_max_m": 1.0, "depth_class": "0.05\u20131.0 m", "class_area_km2": 0.8447408514100406, "flooded_area_km2": 17.78648792691141, "frame_max_depth_m": 144.69788555673983, "class_mean_depth_m": 0.528070315076816, "scenario_id": "major_breach", "model_type": "Automated approximate 2D flood-routing prototype", "validated_hydraulic_output": false}, "geometry": {"type": "Polygon", "coordinates": [[[75.0786163838, 18.0694492831], [75.0786163838, 18.069171505099998], [75.0788941618, 18.069171505099998], [75.0788941618, 18.0694492831], [75.0786163838, 18.0694492831]]]}}, {"type": "Feature", "properties": {"time_min": 60, "depth_min_m": 0.05, "depth_max_m": 1.0, "depth_class": "0.05\u20131.0 m", "class_area_km2": 0.8447408514100406, "flooded_area_km2": 17.78648792691141, "frame_max_depth_m": 144.69788555673983, "class_mean_depth_m": 0.528070315076816, "scenario_id": "major_breach", "model_type": "Automated approximate 2D flood-routing prototype", "validated_hydraulic_output": false}, "geometry": {"type": "Polygon", "coordinates": [[[75.0788941618, 18.069171505099998], [75.0788941618, 18.068893727099997], [75.07917193979999, 18.068893727099997], [75.07917193979999, 18.069171505099998], [75.0788941618, 18.069171505099998]]]}}, {"type": "Feature", "properties": {"time_min": 60, "depth_min_m": 0.05, "depth_max_m": 1.0, "depth_class": "0.05\u20131.0 m", "class_area_km2": 0.8447408514100406, "flooded_area_km2": 17.78648792691141, "frame_max_depth_m": 144.69788555673983, "class_mean_depth_m": 0.528070315076816, "scenario_id": "major_breach", "model_type": "Automated approximate 2D flood-routing prototype", "validated_hydraulic_output": false}, "geometry": {"type": "Polygon", "coordinates": [[[75.07917193979999, 18.068615949099996], [75.07917193979999, 18.0683381711], [75.07944971779999, 18.0683381711], [75.07944971779999, 18.068615949099996], [75.07917193979999, 18.068615949099996]]]}}, {"type": "Feature", "properties": {"time_min": 60, "depth_min_m": 0.05, "depth_max_m": 1.0, "depth_class": "0.05\u20131.0 m", "class_area_km2": 0.8447408514100406, "flooded_area_km2": 17.78648792691141, "frame_max_depth_m": 144.69788555673983, "class_mean_depth_m": 0.528070315076816, "scenario_id": "major_breach", "model_type": "Automated approximate 2D flood-routing prototype", "validated_hydraulic_output": false}, "geometry": {"type": "Polygon", "coordinates": [[[75.1088941858, 18.068615949099996], [75.1088941858, 18.0683381711], [75.1091719638, 18.0683381711], [75.1091719638, 18.068615949099996], [75.1088941858, 18.068615949099996]]]}}, {"type": "Feature", "properties": {"time_min": 60, "depth_min_m": 0.05, "depth_max_m": 1.0, "depth_class": "0.05\u20131.0 m", "class_area_km2": 0.8447408514100406, "flooded_area_km2": 17.78648792691141, "frame_max_depth_m": 144.69788555673983, "class_mean_depth_m": 0.528070315076816, "scenario_id": "major_breach", "model_type": "Automated approximate 2D flood-routing prototype", "validated_hydraulic_output": false}, "geometry": {"type": "Polygon", "coordinates": [[[75.0797274958, 18.0683381711], [75.0797274958, 18.068060393099998], [75.0800052738, 18.068060393099998], [75.0800052738, 18.0683381711], [75.0797274958, 18.0683381711]]]}}, {"type": "Feature", "properties": {"time_min": 60, "depth_min_m": 0.05, "depth_max_m": 1.0, "depth_class": "0.05\u20131.0 m", "class_area_km2": 0.8447408514100406, "flooded_area_km2": 17.78648792691141, "frame_max_depth_m": 144.69788555673983, "class_mean_depth_m": 0.528070315076816, "scenario_id": "major_breach", "model_type": "Automated approximate 2D flood-routing prototype", "validated_hydraulic_output": false}, "geometry": {"type": "Polygon", "coordinates": [[[75.10833862979999, 18.0683381711], [75.10833862979999, 18.068060393099998], [75.1086164078, 18.068060393099998], [75.1086164078, 18.0683381711], [75.10833862979999, 18.0683381711]]]}}, {"type": "Feature", "properties": {"time_min": 60, "depth_min_m": 0.05, "depth_max_m": 1.0, "depth_class": "0.05\u20131.0 m", "class_area_km2": 0.8447408514100406, "flooded_area_km2": 17.78648792691141, "frame_max_depth_m": 144.69788555673983, "class_mean_depth_m": 0.528070315076816, "scenario_id": "major_breach", "model_type": "Automated approximate 2D flood-routing prototype", "validated_hydraulic_output": false}, "geometry": {"type": "Polygon", "coordinates": [[[75.08056082979999, 18.068060393099998], [75.08056082979999, 18.067782615099997], [75.08083860779999, 18.067782615099997], [75.08083860779999, 18.068060393099998], [75.08056082979999, 18.068060393099998]]]}}, {"type": "Feature", "properties": {"time_min": 60, "depth_min_m": 0.05, "depth_max_m": 1.0, "depth_class": "0.05\u20131.0 m", "class_area_km2": 0.8447408514100406, "flooded_area_km2": 17.78648792691141, "frame_max_depth_m": 144.69788555673983, "class_mean_depth_m": 0.528070315076816, "scenario_id": "major_breach", "model_type": "Automated approximate 2D flood-routing prototype", "validated_hydraulic_output": false}, "geometry": {"type": "Polygon", "coordinates": [[[75.10806085179999, 18.067782615099997], [75.10806085179999, 18.0675048371], [75.10833862979999, 18.0675048371], [75.10833862979999, 18.067782615099997], [75.10806085179999, 18.067782615099997]]]}}, {"type": "Feature", "properties": {"time_min": 60, "depth_min_m": 0.05, "depth_max_m": 1.0, "depth_class": "0.05\u20131.0 m", "class_area_km2": 0.8447408514100406, "flooded_area_km2": 17.78648792691141, "frame_max_depth_m": 144.69788555673983, "class_mean_depth_m": 0.528070315076816, "scenario_id": "major_breach", "model_type": "Automated approximate 2D flood-routing prototype", "validated_hydraulic_output": false}, "geometry": {"type": "Polygon", "coordinates": [[[75.08083860779999, 18.067782615099997], [75.08083860779999, 18.0675048371], [75.0811163858, 18.0675048371], [75.0811163858, 18.0672270591], [75.0813941638, 18.0672270591], [75.0813941638, 18.067782615099997], [75.08083860779999, 18.067782615099997]]]}}, {"type": "Feature", "properties": {"time_min": 60, "depth_min_m": 0.05, "depth_max_m": 1.0, "depth_class": "0.05\u20131.0 m", "class_area_km2": 0.8447408514100406, "flooded_area_km2": 17.78648792691141, "frame_max_depth_m": 144.69788555673983, "class_mean_depth_m": 0.528070315076816, "scenario_id": "major_breach", "model_type": "Automated approximate 2D flood-routing prototype", "validated_hydraulic_output": false}, "geometry": {"type": "Polygon", "coordinates": [[[75.1077830738, 18.0675048371], [75.1077830738, 18.066949281099998], [75.10806085179999, 18.066949281099998], [75.10806085179999, 18.0675048371], [75.1077830738, 18.0675048371]]]}}, {"type": "Feature", "properties": {"time_min": 60, "depth_min_m": 0.05, "depth_max_m": 1.0, "depth_class": "0.05\u20131.0 m", "class_area_km2": 0.8447408514100406, "flooded_area_km2": 17.78648792691141, "frame_max_depth_m": 144.69788555673983, "class_mean_depth_m": 0.528070315076816, "scenario_id": "major_breach", "model_type": "Automated approximate 2D flood-routing prototype", "validated_hydraulic_output": false}, "geometry": {"type": "Polygon", "coordinates": [[[75.0813941638, 18.066949281099998], [75.0813941638, 18.066671503099997], [75.0816719418, 18.066671503099997], [75.0816719418, 18.066949281099998], [75.0813941638, 18.066949281099998]]]}}, {"type": "Feature", "properties": {"time_min": 60, "depth_min_m": 0.05, "depth_max_m": 1.0, "depth_class": "0.05\u20131.0 m", "class_area_km2": 0.8447408514100406, "flooded_area_km2": 17.78648792691141, "frame_max_depth_m": 144.69788555673983, "class_mean_depth_m": 0.528070315076816, "scenario_id": "major_breach", "model_type": "Automated approximate 2D flood-routing prototype", "validated_hydraulic_output": false}, "geometry": {"type": "Polygon", "coordinates": [[[75.0819497198, 18.066671503099997], [75.0819497198, 18.0663937251], [75.08222749779999, 18.0663937251], [75.08222749779999, 18.066671503099997], [75.0819497198, 18.066671503099997]]]}}, {"type": "Feature", "properties": {"time_min": 60, "depth_min_m": 0.05, "depth_max_m": 1.0, "depth_class": "0.05\u20131.0 m", "class_area_km2": 0.8447408514100406, "flooded_area_km2": 17.78648792691141, "frame_max_depth_m": 144.69788555673983, "class_mean_depth_m": 0.528070315076816, "scenario_id": "major_breach", "model_type": "Automated approximate 2D flood-routing prototype", "validated_hydraulic_output": false}, "geometry": {"type": "Polygon", "coordinates": [[[75.08250527579999, 18.0661159471], [75.08250527579999, 18.065838169099997], [75.0827830538, 18.065838169099997], [75.0827830538, 18.0661159471], [75.08250527579999, 18.0661159471]]]}}, {"type": "Feature", "properties": {"time_min": 60, "depth_min_m": 0.05, "depth_max_m": 1.0, "depth_class": "0.05\u20131.0 m", "class_area_km2": 0.8447408514100406, "flooded_area_km2": 17.78648792691141, "frame_max_depth_m": 144.69788555673983, "class_mean_depth_m": 0.528070315076816, "scenario_id": "major_breach", "model_type": "Automated approximate 2D flood-routing prototype", "validated_hydraulic_output": false}, "geometry": {"type": "Polygon", "coordinates": [[[75.08361638779999, 18.065838169099997], [75.08361638779999, 18.065560391099996], [75.08389416579999, 18.065560391099996], [75.08389416579999, 18.065838169099997], [75.08361638779999, 18.065838169099997]]]}}, {"type": "Feature", "properties": {"time_min": 60, "depth_min_m": 0.05, "depth_max_m": 1.0, "depth_class": "0.05\u20131.0 m", "class_area_km2": 0.8447408514100406, "flooded_area_km2": 17.78648792691141, "frame_max_depth_m": 144.69788555673983, "class_mean_depth_m": 0.528070315076816, "scenario_id": "major_breach", "model_type": "Automated approximate 2D flood-routing prototype", "validated_hydraulic_output": false}, "geometry": {"type": "Polygon", "coordinates": [[[75.08389416579999, 18.065560391099996], [75.08389416579999, 18.0652826131], [75.0841719438, 18.0652826131], [75.0841719438, 18.065560391099996], [75.08389416579999, 18.065560391099996]]]}}, {"type": "Feature", "properties": {"time_min": 60, "depth_min_m": 0.05, "depth_max_m": 1.0, "depth_class": "0.05\u20131.0 m", "class_area_km2": 0.8447408514100406, "flooded_area_km2": 17.78648792691141, "frame_max_depth_m": 144.69788555673983, "class_mean_depth_m": 0.528070315076816, "scenario_id": "major_breach", "model_type": "Automated approximate 2D flood-routing prototype", "validated_hydraulic_output": false}, "geometry": {"type": "Polygon", "coordinates": [[[75.1013941798, 18.0652826131], [75.1013941798, 18.065004835099998], [75.10194973579999, 18.065004835099998], [75.10194973579999, 18.0652826131], [75.1013941798, 18.0652826131]]]}}, {"type": "Feature", "properties": {"time_min": 60, "depth_min_m": 0.05, "depth_max_m": 1.0, "depth_class": "0.05\u20131.0 m", "class_area_km2": 0.8447408514100406, "flooded_area_km2": 17.78648792691141, "frame_max_depth_m": 144.69788555673983, "class_mean_depth_m": 0.528070315076816, "scenario_id": "major_breach", "model_type": "Automated approximate 2D flood-routing prototype", "validated_hydraulic_output": false}, "geometry": {"type": "Polygon", "coordinates": [[[75.10222751379999, 18.0652826131], [75.10222751379999, 18.065004835099998], [75.1025052918, 18.065004835099998], [75.1025052918, 18.0652826131], [75.10222751379999, 18.0652826131]]]}}, {"type": "Feature", "properties": {"time_min": 60, "depth_min_m": 0.05, "depth_max_m": 1.0, "depth_class": "0.05\u20131.0 m", "class_area_km2": 0.8447408514100406, "flooded_area_km2": 17.78648792691141, "frame_max_depth_m": 144.69788555673983, "class_mean_depth_m": 0.528070315076816, "scenario_id": "major_breach", "model_type": "Automated approximate 2D flood-routing prototype", "validated_hydraulic_output": false}, "geometry": {"type": "Polygon", "coordinates": [[[75.1086164078, 18.0652826131], [75.1086164078, 18.065004835099998], [75.1088941858, 18.065004835099998], [75.1088941858, 18.0652826131], [75.1086164078, 18.0652826131]]]}}, {"type": "Feature", "properties": {"time_min": 60, "depth_min_m": 0.05, "depth_max_m": 1.0, "depth_class": "0.05\u20131.0 m", "class_area_km2": 0.8447408514100406, "flooded_area_km2": 17.78648792691141, "frame_max_depth_m": 144.69788555673983, "class_mean_depth_m": 0.528070315076816, "scenario_id": "major_breach", "model_type": "Automated approximate 2D flood-routing prototype", "validated_hydraulic_output": false}, "geometry": {"type": "Polygon", "coordinates": [[[75.0844497218, 18.065004835099998], [75.0844497218, 18.064727057099997], [75.0847274998, 18.064727057099997], [75.0847274998, 18.065004835099998], [75.0844497218, 18.065004835099998]]]}}, {"type": "Feature", "properties": {"time_min": 60, "depth_min_m": 0.05, "depth_max_m": 1.0, "depth_class": "0.05\u20131.0 m", "class_area_km2": 0.8447408514100406, "flooded_area_km2": 17.78648792691141, "frame_max_depth_m": 144.69788555673983, "class_mean_depth_m": 0.528070315076816, "scenario_id": "major_breach", "model_type": "Automated approximate 2D flood-routing prototype", "validated_hydraulic_output": false}, "geometry": {"type": "Polygon", "coordinates": [[[75.1011164018, 18.065004835099998], [75.1011164018, 18.064727057099997], [75.1013941798, 18.064727057099997], [75.1013941798, 18.065004835099998], [75.1011164018, 18.065004835099998]]]}}, {"type": "Feature", "properties": {"time_min": 60, "depth_min_m": 0.05, "depth_max_m": 1.0, "depth_class": "0.05\u20131.0 m", "class_area_km2": 0.8447408514100406, "flooded_area_km2": 17.78648792691141, "frame_max_depth_m": 144.69788555673983, "class_mean_depth_m": 0.528070315076816, "scenario_id": "major_breach", "model_type": "Automated approximate 2D flood-routing prototype", "validated_hydraulic_output": false}, "geometry": {"type": "Polygon", "coordinates": [[[75.1027830698, 18.065004835099998], [75.1027830698, 18.064727057099997], [75.1030608478, 18.064727057099997], [75.1030608478, 18.065004835099998], [75.1027830698, 18.065004835099998]]]}}, {"type": "Feature", "properties": {"time_min": 60, "depth_min_m": 0.05, "depth_max_m": 1.0, "depth_class": "0.05\u20131.0 m", "class_area_km2": 0.8447408514100406, "flooded_area_km2": 17.78648792691141, "frame_max_depth_m": 144.69788555673983, "class_mean_depth_m": 0.528070315076816, "scenario_id": "major_breach", "model_type": "Automated approximate 2D flood-routing prototype", "validated_hydraulic_output": false}, "geometry": {"type": "Polygon", "coordinates": [[[75.1088941858, 18.065004835099998], [75.1088941858, 18.064727057099997], [75.1091719638, 18.064727057099997], [75.1091719638, 18.065004835099998], [75.1088941858, 18.065004835099998]]]}}, {"type": "Feature", "properties": {"time_min": 60, "depth_min_m": 0.05, "depth_max_m": 1.0, "depth_class": "0.05\u20131.0 m", "class_area_km2": 0.8447408514100406, "flooded_area_km2": 17.78648792691141, "frame_max_depth_m": 144.69788555673983, "class_mean_depth_m": 0.528070315076816, "scenario_id": "major_breach", "model_type": "Automated approximate 2D flood-routing prototype", "validated_hydraulic_output": false}, "geometry": {"type": "Polygon", "coordinates": [[[75.1030608478, 18.064727057099997], [75.1030608478, 18.064449279099996], [75.10333862579999, 18.064449279099996], [75.10333862579999, 18.064727057099997], [75.1030608478, 18.064727057099997]]]}}, {"type": "Feature", "properties": {"time_min": 60, "depth_min_m": 0.05, "depth_max_m": 1.0, "depth_class": "0.05\u20131.0 m", "class_area_km2": 0.8447408514100406, "flooded_area_km2": 17.78648792691141, "frame_max_depth_m": 144.69788555673983, "class_mean_depth_m": 0.528070315076816, "scenario_id": "major_breach", "model_type": "Automated approximate 2D flood-routing prototype", "validated_hydraulic_output": false}, "geometry": {"type": "Polygon", "coordinates": [[[75.1091719638, 18.064727057099997], [75.1091719638, 18.064449279099996], [75.10944974179999, 18.064449279099996], [75.10944974179999, 18.064727057099997], [75.1091719638, 18.064727057099997]]]}}, {"type": "Feature", "properties": {"time_min": 60, "depth_min_m": 0.05, "depth_max_m": 1.0, "depth_class": "0.05\u20131.0 m", "class_area_km2": 0.8447408514100406, "flooded_area_km2": 17.78648792691141, "frame_max_depth_m": 144.69788555673983, "class_mean_depth_m": 0.528070315076816, "scenario_id": "major_breach", "model_type": "Automated approximate 2D flood-routing prototype", "validated_hydraulic_output": false}, "geometry": {"type": "Polygon", "coordinates": [[[75.1008386238, 18.064449279099996], [75.1008386238, 18.063893723099998], [75.1011164018, 18.063893723099998], [75.1011164018, 18.064449279099996], [75.1008386238, 18.064449279099996]]]}}, {"type": "Feature", "properties": {"time_min": 60, "depth_min_m": 0.05, "depth_max_m": 1.0, "depth_class": "0.05\u20131.0 m", "class_area_km2": 0.8447408514100406, "flooded_area_km2": 17.78648792691141, "frame_max_depth_m": 144.69788555673983, "class_mean_depth_m": 0.528070315076816, "scenario_id": "major_breach", "model_type": "Automated approximate 2D flood-routing prototype", "validated_hydraulic_output": false}, "geometry": {"type": "Polygon", "coordinates": [[[75.1038941818, 18.0641715011], [75.1038941818, 18.063893723099998], [75.1041719598, 18.063893723099998], [75.1041719598, 18.0641715011], [75.1038941818, 18.0641715011]]]}}, {"type": "Feature", "properties": {"time_min": 60, "depth_min_m": 0.05, "depth_max_m": 1.0, "depth_class": "0.05\u20131.0 m", "class_area_km2": 0.8447408514100406, "flooded_area_km2": 17.78648792691141, "frame_max_depth_m": 144.69788555673983, "class_mean_depth_m": 0.528070315076816, "scenario_id": "major_breach", "model_type": "Automated approximate 2D flood-routing prototype", "validated_hydraulic_output": false}, "geometry": {"type": "Polygon", "coordinates": [[[75.10972751979999, 18.0641715011], [75.10972751979999, 18.063893723099998], [75.1100052978, 18.063893723099998], [75.1100052978, 18.0641715011], [75.10972751979999, 18.0641715011]]]}}, {"type": "Feature", "properties": {"time_min": 60, "depth_min_m": 0.05, "depth_max_m": 1.0, "depth_class": "0.05\u20131.0 m", "class_area_km2": 0.8447408514100406, "flooded_area_km2": 17.78648792691141, "frame_max_depth_m": 144.69788555673983, "class_mean_depth_m": 0.528070315076816, "scenario_id": "major_breach", "model_type": "Automated approximate 2D flood-routing prototype", "validated_hydraulic_output": false}, "geometry": {"type": "Polygon", "coordinates": [[[75.08389416579999, 18.063893723099998], [75.08389416579999, 18.063615945099997], [75.0841719438, 18.063615945099997], [75.0841719438, 18.063893723099998], [75.08389416579999, 18.063893723099998]]]}}, {"type": "Feature", "properties": {"time_min": 60, "depth_min_m": 0.05, "depth_max_m": 1.0, "depth_class": "0.05\u20131.0 m", "class_area_km2": 0.8447408514100406, "flooded_area_km2": 17.78648792691141, "frame_max_depth_m": 144.69788555673983, "class_mean_depth_m": 0.528070315076816, "scenario_id": "major_breach", "model_type": "Automated approximate 2D flood-routing prototype", "validated_hydraulic_output": false}, "geometry": {"type": "Polygon", "coordinates": [[[75.1041719598, 18.063893723099998], [75.1041719598, 18.063615945099997], [75.1044497378, 18.063615945099997], [75.1044497378, 18.063893723099998], [75.1041719598, 18.063893723099998]]]}}, {"type": "Feature", "properties": {"time_min": 60, "depth_min_m": 0.05, "depth_max_m": 1.0, "depth_class": "0.05\u20131.0 m", "class_area_km2": 0.8447408514100406, "flooded_area_km2": 17.78648792691141, "frame_max_depth_m": 144.69788555673983, "class_mean_depth_m": 0.528070315076816, "scenario_id": "major_breach", "model_type": "Automated approximate 2D flood-routing prototype", "validated_hydraulic_output": false}, "geometry": {"type": "Polygon", "coordinates": [[[75.1102830758, 18.063893723099998], [75.1102830758, 18.063615945099997], [75.1105608538, 18.063615945099997], [75.1105608538, 18.063893723099998], [75.1102830758, 18.063893723099998]]]}}, {"type": "Feature", "properties": {"time_min": 60, "depth_min_m": 0.05, "depth_max_m": 1.0, "depth_class": "0.05\u20131.0 m", "class_area_km2": 0.8447408514100406, "flooded_area_km2": 17.78648792691141, "frame_max_depth_m": 144.69788555673983, "class_mean_depth_m": 0.528070315076816, "scenario_id": "major_breach", "model_type": "Automated approximate 2D flood-routing prototype", "validated_hydraulic_output": false}, "geometry": {"type": "Polygon", "coordinates": [[[75.1044497378, 18.063615945099997], [75.1044497378, 18.0633381671], [75.1047275158, 18.0633381671], [75.1047275158, 18.063615945099997], [75.1044497378, 18.063615945099997]]]}}, {"type": "Feature", "properties": {"time_min": 60, "depth_min_m": 0.05, "depth_max_m": 1.0, "depth_class": "0.05\u20131.0 m", "class_area_km2": 0.8447408514100406, "flooded_area_km2": 17.78648792691141, "frame_max_depth_m": 144.69788555673983, "class_mean_depth_m": 0.528070315076816, "scenario_id": "major_breach", "model_type": "Automated approximate 2D flood-routing prototype", "validated_hydraulic_output": false}, "geometry": {"type": "Polygon", "coordinates": [[[75.1108386318, 18.063615945099997], [75.1108386318, 18.0633381671], [75.1119497438, 18.0633381671], [75.1119497438, 18.063615945099997], [75.1108386318, 18.063615945099997]]]}}, {"type": "Feature", "properties": {"time_min": 60, "depth_min_m": 0.05, "depth_max_m": 1.0, "depth_class": "0.05\u20131.0 m", "class_area_km2": 0.8447408514100406, "flooded_area_km2": 17.78648792691141, "frame_max_depth_m": 144.69788555673983, "class_mean_depth_m": 0.528070315076816, "scenario_id": "major_breach", "model_type": "Automated approximate 2D flood-routing prototype", "validated_hydraulic_output": false}, "geometry": {"type": "Polygon", "coordinates": [[[75.1122275218, 18.0633381671], [75.1122275218, 18.0630603891], [75.11250529979999, 18.0630603891], [75.11250529979999, 18.0633381671], [75.1122275218, 18.0633381671]]]}}, {"type": "Feature", "properties": {"time_min": 60, "depth_min_m": 0.05, "depth_max_m": 1.0, "depth_class": "0.05\u20131.0 m", "class_area_km2": 0.8447408514100406, "flooded_area_km2": 17.78648792691141, "frame_max_depth_m": 144.69788555673983, "class_mean_depth_m": 0.528070315076816, "scenario_id": "major_breach", "model_type": "Automated approximate 2D flood-routing prototype", "validated_hydraulic_output": false}, "geometry": {"type": "Polygon", "coordinates": [[[75.10500529379999, 18.0633381671], [75.10500529379999, 18.0630603891], [75.10528307179999, 18.0630603891], [75.10528307179999, 18.062782611099998], [75.1058386278, 18.062782611099998], [75.1058386278, 18.0630603891], [75.1055608498, 18.0630603891], [75.1055608498, 18.0633381671], [75.10500529379999, 18.0633381671]]]}}, {"type": "Feature", "properties": {"time_min": 60, "depth_min_m": 0.05, "depth_max_m": 1.0, "depth_class": "0.05\u20131.0 m", "class_area_km2": 0.8447408514100406, "flooded_area_km2": 17.78648792691141, "frame_max_depth_m": 144.69788555673983, "class_mean_depth_m": 0.528070315076816, "scenario_id": "major_breach", "model_type": "Automated approximate 2D flood-routing prototype", "validated_hydraulic_output": false}, "geometry": {"type": "Polygon", "coordinates": [[[75.11250529979999, 18.0630603891], [75.11250529979999, 18.062782611099998], [75.11278307779999, 18.062782611099998], [75.11278307779999, 18.0630603891], [75.11250529979999, 18.0630603891]]]}}, {"type": "Feature", "properties": {"time_min": 60, "depth_min_m": 0.05, "depth_max_m": 1.0, "depth_class": "0.05\u20131.0 m", "class_area_km2": 0.8447408514100406, "flooded_area_km2": 17.78648792691141, "frame_max_depth_m": 144.69788555673983, "class_mean_depth_m": 0.528070315076816, "scenario_id": "major_breach", "model_type": "Automated approximate 2D flood-routing prototype", "validated_hydraulic_output": false}, "geometry": {"type": "Polygon", "coordinates": [[[75.1058386278, 18.062782611099998], [75.1058386278, 18.062504833099997], [75.1061164058, 18.062504833099997], [75.1061164058, 18.062782611099998], [75.1058386278, 18.062782611099998]]]}}, {"type": "Feature", "properties": {"time_min": 60, "depth_min_m": 0.05, "depth_max_m": 1.0, "depth_class": "0.05\u20131.0 m", "class_area_km2": 0.8447408514100406, "flooded_area_km2": 17.78648792691141, "frame_max_depth_m": 144.69788555673983, "class_mean_depth_m": 0.528070315076816, "scenario_id": "major_breach", "model_type": "Automated approximate 2D flood-routing prototype", "validated_hydraulic_output": false}, "geometry": {"type": "Polygon", "coordinates": [[[75.11278307779999, 18.062782611099998], [75.11278307779999, 18.062504833099997], [75.1130608558, 18.062504833099997], [75.1130608558, 18.062782611099998], [75.11278307779999, 18.062782611099998]]]}}, {"type": "Feature", "properties": {"time_min": 60, "depth_min_m": 0.05, "depth_max_m": 1.0, "depth_class": "0.05\u20131.0 m", "class_area_km2": 0.8447408514100406, "flooded_area_km2": 17.78648792691141, "frame_max_depth_m": 144.69788555673983, "class_mean_depth_m": 0.528070315076816, "scenario_id": "major_breach", "model_type": "Automated approximate 2D flood-routing prototype", "validated_hydraulic_output": false}, "geometry": {"type": "Polygon", "coordinates": [[[75.0980608438, 18.062504833099997], [75.0980608438, 18.0622270551], [75.0983386218, 18.0622270551], [75.0983386218, 18.062504833099997], [75.0980608438, 18.062504833099997]]]}}, {"type": "Feature", "properties": {"time_min": 60, "depth_min_m": 0.05, "depth_max_m": 1.0, "depth_class": "0.05\u20131.0 m", "class_area_km2": 0.8447408514100406, "flooded_area_km2": 17.78648792691141, "frame_max_depth_m": 144.69788555673983, "class_mean_depth_m": 0.528070315076816, "scenario_id": "major_breach", "model_type": "Automated approximate 2D flood-routing prototype", "validated_hydraulic_output": false}, "geometry": {"type": "Polygon", "coordinates": [[[75.1061164058, 18.062504833099997], [75.1061164058, 18.0622270551], [75.10639418379999, 18.0622270551], [75.10639418379999, 18.062504833099997], [75.1061164058, 18.062504833099997]]]}}, {"type": "Feature", "properties": {"time_min": 60, "depth_min_m": 0.05, "depth_max_m": 1.0, "depth_class": "0.05\u20131.0 m", "class_area_km2": 0.8447408514100406, "flooded_area_km2": 17.78648792691141, "frame_max_depth_m": 144.69788555673983, "class_mean_depth_m": 0.528070315076816, "scenario_id": "major_breach", "model_type": "Automated approximate 2D flood-routing prototype", "validated_hydraulic_output": false}, "geometry": {"type": "Polygon", "coordinates": [[[75.1008386238, 18.063615945099997], [75.1008386238, 18.0619492771], [75.1011164018, 18.0619492771], [75.1011164018, 18.063615945099997], [75.1008386238, 18.063615945099997]]]}}, {"type": "Feature", "properties": {"time_min": 60, "depth_min_m": 0.05, "depth_max_m": 1.0, "depth_class": "0.05\u20131.0 m", "class_area_km2": 0.8447408514100406, "flooded_area_km2": 17.78648792691141, "frame_max_depth_m": 144.69788555673983, "class_mean_depth_m": 0.528070315076816, "scenario_id": "major_breach", "model_type": "Automated approximate 2D flood-routing prototype", "validated_hydraulic_output": false}, "geometry": {"type": "Polygon", "coordinates": [[[75.10639418379999, 18.0622270551], [75.10639418379999, 18.0619492771], [75.10667196179999, 18.0619492771], [75.10667196179999, 18.0622270551], [75.10639418379999, 18.0622270551]]]}}, {"type": "Feature", "properties": {"time_min": 60, "depth_min_m": 0.05, "depth_max_m": 1.0, "depth_class": "0.05\u20131.0 m", "class_area_km2": 0.8447408514100406, "flooded_area_km2": 17.78648792691141, "frame_max_depth_m": 144.69788555673983, "class_mean_depth_m": 0.528070315076816, "scenario_id": "major_breach", "model_type": "Automated approximate 2D flood-routing prototype", "validated_hydraulic_output": false}, "geometry": {"type": "Polygon", "coordinates": [[[75.0977830658, 18.0619492771], [75.0977830658, 18.061671499099997], [75.0980608438, 18.061671499099997], [75.0980608438, 18.0619492771], [75.0977830658, 18.0619492771]]]}}, {"type": "Feature", "properties": {"time_min": 60, "depth_min_m": 0.05, "depth_max_m": 1.0, "depth_class": "0.05\u20131.0 m", "class_area_km2": 0.8447408514100406, "flooded_area_km2": 17.78648792691141, "frame_max_depth_m": 144.69788555673983, "class_mean_depth_m": 0.528070315076816, "scenario_id": "major_breach", "model_type": "Automated approximate 2D flood-routing prototype", "validated_hydraulic_output": false}, "geometry": {"type": "Polygon", "coordinates": [[[75.10667196179999, 18.0619492771], [75.10667196179999, 18.061671499099997], [75.1069497398, 18.061671499099997], [75.1069497398, 18.0619492771], [75.10667196179999, 18.0619492771]]]}}, {"type": "Feature", "properties": {"time_min": 60, "depth_min_m": 0.05, "depth_max_m": 1.0, "depth_class": "0.05\u20131.0 m", "class_area_km2": 0.8447408514100406, "flooded_area_km2": 17.78648792691141, "frame_max_depth_m": 144.69788555673983, "class_mean_depth_m": 0.528070315076816, "scenario_id": "major_breach", "model_type": "Automated approximate 2D flood-routing prototype", "validated_hydraulic_output": false}, "geometry": {"type": "Polygon", "coordinates": [[[75.11111640979999, 18.0619492771], [75.11111640979999, 18.061671499099997], [75.1116719658, 18.061671499099997], [75.1116719658, 18.0619492771], [75.11111640979999, 18.0619492771]]]}}, {"type": "Feature", "properties": {"time_min": 60, "depth_min_m": 0.05, "depth_max_m": 1.0, "depth_class": "0.05\u20131.0 m", "class_area_km2": 0.8447408514100406, "flooded_area_km2": 17.78648792691141, "frame_max_depth_m": 144.69788555673983, "class_mean_depth_m": 0.528070315076816, "scenario_id": "major_breach", "model_type": "Automated approximate 2D flood-routing prototype", "validated_hydraulic_output": false}, "geometry": {"type": "Polygon", "coordinates": [[[75.11250529979999, 18.0619492771], [75.11250529979999, 18.061671499099997], [75.11278307779999, 18.061671499099997], [75.11278307779999, 18.0619492771], [75.11250529979999, 18.0619492771]]]}}, {"type": "Feature", "properties": {"time_min": 60, "depth_min_m": 0.05, "depth_max_m": 1.0, "depth_class": "0.05\u20131.0 m", "class_area_km2": 0.8447408514100406, "flooded_area_km2": 17.78648792691141, "frame_max_depth_m": 144.69788555673983, "class_mean_depth_m": 0.528070315076816, "scenario_id": "major_breach", "model_type": "Automated approximate 2D flood-routing prototype", "validated_hydraulic_output": false}, "geometry": {"type": "Polygon", "coordinates": [[[75.0827830538, 18.061671499099997], [75.0827830538, 18.061393721099996], [75.0833386098, 18.061393721099996], [75.0833386098, 18.061671499099997], [75.0827830538, 18.061671499099997]]]}}, {"type": "Feature", "properties": {"time_min": 60, "depth_min_m": 0.05, "depth_max_m": 1.0, "depth_class": "0.05\u20131.0 m", "class_area_km2": 0.8447408514100406, "flooded_area_km2": 17.78648792691141, "frame_max_depth_m": 144.69788555673983, "class_mean_depth_m": 0.528070315076816, "scenario_id": "major_breach", "model_type": "Automated approximate 2D flood-routing prototype", "validated_hydraulic_output": false}, "geometry": {"type": "Polygon", "coordinates": [[[75.0844497218, 18.061671499099997], [75.0844497218, 18.061393721099996], [75.0847274998, 18.061393721099996], [75.0847274998, 18.061671499099997], [75.0844497218, 18.061671499099997]]]}}, {"type": "Feature", "properties": {"time_min": 60, "depth_min_m": 0.05, "depth_max_m": 1.0, "depth_class": "0.05\u20131.0 m", "class_area_km2": 0.8447408514100406, "flooded_area_km2": 17.78648792691141, "frame_max_depth_m": 144.69788555673983, "class_mean_depth_m": 0.528070315076816, "scenario_id": "major_breach", "model_type": "Automated approximate 2D flood-routing prototype", "validated_hydraulic_output": false}, "geometry": {"type": "Polygon", "coordinates": [[[75.0963941758, 18.061671499099997], [75.0963941758, 18.061393721099996], [75.0966719538, 18.061393721099996], [75.0966719538, 18.061671499099997], [75.0963941758, 18.061671499099997]]]}}, {"type": "Feature", "properties": {"time_min": 60, "depth_min_m": 0.05, "depth_max_m": 1.0, "depth_class": "0.05\u20131.0 m", "class_area_km2": 0.8447408514100406, "flooded_area_km2": 17.78648792691141, "frame_max_depth_m": 144.69788555673983, "class_mean_depth_m": 0.528070315076816, "scenario_id": "major_breach", "model_type": "Automated approximate 2D flood-routing prototype", "validated_hydraulic_output": false}, "geometry": {"type": "Polygon", "coordinates": [[[75.1069497398, 18.061671499099997], [75.1069497398, 18.061393721099996], [75.1072275178, 18.061393721099996], [75.1072275178, 18.061671499099997], [75.1069497398, 18.061671499099997]]]}}, {"type": "Feature", "properties": {"time_min": 60, "depth_min_m": 0.05, "depth_max_m": 1.0, "depth_class": "0.05\u20131.0 m", "class_area_km2": 0.8447408514100406, "flooded_area_km2": 17.78648792691141, "frame_max_depth_m": 144.69788555673983, "class_mean_depth_m": 0.528070315076816, "scenario_id": "major_breach", "model_type": "Automated approximate 2D flood-routing prototype", "validated_hydraulic_output": false}, "geometry": {"type": "Polygon", "coordinates": [[[75.1105608538, 18.061671499099997], [75.1105608538, 18.061393721099996], [75.1108386318, 18.061393721099996], [75.1108386318, 18.061671499099997], [75.1105608538, 18.061671499099997]]]}}, {"type": "Feature", "properties": {"time_min": 60, "depth_min_m": 0.05, "depth_max_m": 1.0, "depth_class": "0.05\u20131.0 m", "class_area_km2": 0.8447408514100406, "flooded_area_km2": 17.78648792691141, "frame_max_depth_m": 144.69788555673983, "class_mean_depth_m": 0.528070315076816, "scenario_id": "major_breach", "model_type": "Automated approximate 2D flood-routing prototype", "validated_hydraulic_output": false}, "geometry": {"type": "Polygon", "coordinates": [[[75.0816719418, 18.061393721099996], [75.0816719418, 18.0611159431], [75.0819497198, 18.0611159431], [75.0819497198, 18.061393721099996], [75.0816719418, 18.061393721099996]]]}}, {"type": "Feature", "properties": {"time_min": 60, "depth_min_m": 0.05, "depth_max_m": 1.0, "depth_class": "0.05\u20131.0 m", "class_area_km2": 0.8447408514100406, "flooded_area_km2": 17.78648792691141, "frame_max_depth_m": 144.69788555673983, "class_mean_depth_m": 0.528070315076816, "scenario_id": "major_breach", "model_type": "Automated approximate 2D flood-routing prototype", "validated_hydraulic_output": false}, "geometry": {"type": "Polygon", "coordinates": [[[75.08361638779999, 18.061393721099996], [75.08361638779999, 18.0611159431], [75.08389416579999, 18.0611159431], [75.08389416579999, 18.061393721099996], [75.08361638779999, 18.061393721099996]]]}}, {"type": "Feature", "properties": {"time_min": 60, "depth_min_m": 0.05, "depth_max_m": 1.0, "depth_class": "0.05\u20131.0 m", "class_area_km2": 0.8447408514100406, "flooded_area_km2": 17.78648792691141, "frame_max_depth_m": 144.69788555673983, "class_mean_depth_m": 0.528070315076816, "scenario_id": "major_breach", "model_type": "Automated approximate 2D flood-routing prototype", "validated_hydraulic_output": false}, "geometry": {"type": "Polygon", "coordinates": [[[75.09722750979999, 18.061393721099996], [75.09722750979999, 18.0611159431], [75.09750528779999, 18.0611159431], [75.09750528779999, 18.061393721099996], [75.09722750979999, 18.061393721099996]]]}}, {"type": "Feature", "properties": {"time_min": 60, "depth_min_m": 0.05, "depth_max_m": 1.0, "depth_class": "0.05\u20131.0 m", "class_area_km2": 0.8447408514100406, "flooded_area_km2": 17.78648792691141, "frame_max_depth_m": 144.69788555673983, "class_mean_depth_m": 0.528070315076816, "scenario_id": "major_breach", "model_type": "Automated approximate 2D flood-routing prototype", "validated_hydraulic_output": false}, "geometry": {"type": "Polygon", "coordinates": [[[75.1077830738, 18.061393721099996], [75.1077830738, 18.0611159431], [75.10806085179999, 18.0611159431], [75.10806085179999, 18.061393721099996], [75.1077830738, 18.061393721099996]]]}}, {"type": "Feature", "properties": {"time_min": 60, "depth_min_m": 0.05, "depth_max_m": 1.0, "depth_class": "0.05\u20131.0 m", "class_area_km2": 0.8447408514100406, "flooded_area_km2": 17.78648792691141, "frame_max_depth_m": 144.69788555673983, "class_mean_depth_m": 0.528070315076816, "scenario_id": "major_breach", "model_type": "Automated approximate 2D flood-routing prototype", "validated_hydraulic_output": false}, "geometry": {"type": "Polygon", "coordinates": [[[75.09444972979999, 18.0611159431], [75.09444972979999, 18.060838165099998], [75.0950052858, 18.060838165099998], [75.0950052858, 18.0611159431], [75.09444972979999, 18.0611159431]]]}}, {"type": "Feature", "properties": {"time_min": 60, "depth_min_m": 0.05, "depth_max_m": 1.0, "depth_class": "0.05\u20131.0 m", "class_area_km2": 0.8447408514100406, "flooded_area_km2": 17.78648792691141, "frame_max_depth_m": 144.69788555673983, "class_mean_depth_m": 0.528070315076816, "scenario_id": "major_breach", "model_type": "Automated approximate 2D flood-routing prototype", "validated_hydraulic_output": false}, "geometry": {"type": "Polygon", "coordinates": [[[75.09611639779999, 18.061393721099996], [75.09611639779999, 18.0611159431], [75.0955608418, 18.0611159431], [75.0955608418, 18.060838165099998], [75.0963941758, 18.060838165099998], [75.0963941758, 18.061393721099996], [75.09611639779999, 18.061393721099996]]]}}, {"type": "Feature", "properties": {"time_min": 60, "depth_min_m": 0.05, "depth_max_m": 1.0, "depth_class": "0.05\u20131.0 m", "class_area_km2": 0.8447408514100406, "flooded_area_km2": 17.78648792691141, "frame_max_depth_m": 144.69788555673983, "class_mean_depth_m": 0.528070315076816, "scenario_id": "major_breach", "model_type": "Automated approximate 2D flood-routing prototype", "validated_hydraulic_output": false}, "geometry": {"type": "Polygon", "coordinates": [[[75.0977830658, 18.061393721099996], [75.0977830658, 18.0611159431], [75.09750528779999, 18.0611159431], [75.09750528779999, 18.060838165099998], [75.0980608438, 18.060838165099998], [75.0980608438, 18.061393721099996], [75.0977830658, 18.061393721099996]]]}}, {"type": "Feature", "properties": {"time_min": 60, "depth_min_m": 0.05, "depth_max_m": 1.0, "depth_class": "0.05\u20131.0 m", "class_area_km2": 0.8447408514100406, "flooded_area_km2": 17.78648792691141, "frame_max_depth_m": 144.69788555673983, "class_mean_depth_m": 0.528070315076816, "scenario_id": "major_breach", "model_type": "Automated approximate 2D flood-routing prototype", "validated_hydraulic_output": false}, "geometry": {"type": "Polygon", "coordinates": [[[75.1102830758, 18.0611159431], [75.1102830758, 18.060838165099998], [75.1105608538, 18.060838165099998], [75.1105608538, 18.0611159431], [75.1102830758, 18.0611159431]]]}}, {"type": "Feature", "properties": {"time_min": 60, "depth_min_m": 0.05, "depth_max_m": 1.0, "depth_class": "0.05\u20131.0 m", "class_area_km2": 0.8447408514100406, "flooded_area_km2": 17.78648792691141, "frame_max_depth_m": 144.69788555673983, "class_mean_depth_m": 0.528070315076816, "scenario_id": "major_breach", "model_type": "Automated approximate 2D flood-routing prototype", "validated_hydraulic_output": false}, "geometry": {"type": "Polygon", "coordinates": [[[75.0936163958, 18.060838165099998], [75.0936163958, 18.060560387099997], [75.09417195179999, 18.060560387099997], [75.09417195179999, 18.060838165099998], [75.0936163958, 18.060838165099998]]]}}, {"type": "Feature", "properties": {"time_min": 60, "depth_min_m": 0.05, "depth_max_m": 1.0, "depth_class": "0.05\u20131.0 m", "class_area_km2": 0.8447408514100406, "flooded_area_km2": 17.78648792691141, "frame_max_depth_m": 144.69788555673983, "class_mean_depth_m": 0.528070315076816, "scenario_id": "major_breach", "model_type": "Automated approximate 2D flood-routing prototype", "validated_hydraulic_output": false}, "geometry": {"type": "Polygon", "coordinates": [[[75.0819497198, 18.060560387099997], [75.0819497198, 18.0602826091], [75.08222749779999, 18.0602826091], [75.08222749779999, 18.060560387099997], [75.0819497198, 18.060560387099997]]]}}, {"type": "Feature", "properties": {"time_min": 60, "depth_min_m": 0.05, "depth_max_m": 1.0, "depth_class": "0.05\u20131.0 m", "class_area_km2": 0.8447408514100406, "flooded_area_km2": 17.78648792691141, "frame_max_depth_m": 144.69788555673983, "class_mean_depth_m": 0.528070315076816, "scenario_id": "major_breach", "model_type": "Automated approximate 2D flood-routing prototype", "validated_hydraulic_output": false}, "geometry": {"type": "Polygon", "coordinates": [[[75.08222749779999, 18.0602826091], [75.08222749779999, 18.0600048311], [75.08250527579999, 18.0600048311], [75.08250527579999, 18.0602826091], [75.08222749779999, 18.0602826091]]]}}, {"type": "Feature", "properties": {"time_min": 60, "depth_min_m": 0.05, "depth_max_m": 1.0, "depth_class": "0.05\u20131.0 m", "class_area_km2": 0.8447408514100406, "flooded_area_km2": 17.78648792691141, "frame_max_depth_m": 144.69788555673983, "class_mean_depth_m": 0.528070315076816, "scenario_id": "major_breach", "model_type": "Automated approximate 2D flood-routing prototype", "validated_hydraulic_output": false}, "geometry": {"type": "Polygon", "coordinates": [[[75.09278306179999, 18.0600048311], [75.09278306179999, 18.0591714971], [75.09306083979999, 18.0591714971], [75.09306083979999, 18.059449275099997], [75.0933386178, 18.059449275099997], [75.0933386178, 18.059727053099998], [75.09306083979999, 18.059727053099998], [75.09306083979999, 18.0600048311], [75.09278306179999, 18.0600048311]]]}}, {"type": "Feature", "properties": {"time_min": 60, "depth_min_m": 0.05, "depth_max_m": 1.0, "depth_class": "0.05\u20131.0 m", "class_area_km2": 0.8447408514100406, "flooded_area_km2": 17.78648792691141, "frame_max_depth_m": 144.69788555673983, "class_mean_depth_m": 0.528070315076816, "scenario_id": "major_breach", "model_type": "Automated approximate 2D flood-routing prototype", "validated_hydraulic_output": false}, "geometry": {"type": "Polygon", "coordinates": [[[75.08250527579999, 18.059727053099998], [75.08250527579999, 18.0591714971], [75.0827830538, 18.0591714971], [75.0827830538, 18.059727053099998], [75.08250527579999, 18.059727053099998]]]}}, {"type": "Feature", "properties": {"time_min": 60, "depth_min_m": 0.05, "depth_max_m": 1.0, "depth_class": "0.05\u20131.0 m", "class_area_km2": 0.8447408514100406, "flooded_area_km2": 17.78648792691141, "frame_max_depth_m": 144.69788555673983, "class_mean_depth_m": 0.528070315076816, "scenario_id": "major_breach", "model_type": "Automated approximate 2D flood-routing prototype", "validated_hydraulic_output": false}, "geometry": {"type": "Polygon", "coordinates": [[[75.0925052838, 18.0591714971], [75.0925052838, 18.058615941099998], [75.09278306179999, 18.058615941099998], [75.09278306179999, 18.0591714971], [75.0925052838, 18.0591714971]]]}}, {"type": "Feature", "properties": {"time_min": 60, "depth_min_m": 0.05, "depth_max_m": 1.0, "depth_class": "0.05\u20131.0 m", "class_area_km2": 0.8447408514100406, "flooded_area_km2": 17.78648792691141, "frame_max_depth_m": 144.69788555673983, "class_mean_depth_m": 0.528070315076816, "scenario_id": "major_breach", "model_type": "Automated approximate 2D flood-routing prototype", "validated_hydraulic_output": false}, "geometry": {"type": "Polygon", "coordinates": [[[75.0816719418, 18.058615941099998], [75.0816719418, 18.058338163099997], [75.0819497198, 18.058338163099997], [75.0819497198, 18.058615941099998], [75.0816719418, 18.058615941099998]]]}}, {"type": "Feature", "properties": {"time_min": 60, "depth_min_m": 0.05, "depth_max_m": 1.0, "depth_class": "0.05\u20131.0 m", "class_area_km2": 0.8447408514100406, "flooded_area_km2": 17.78648792691141, "frame_max_depth_m": 144.69788555673983, "class_mean_depth_m": 0.528070315076816, "scenario_id": "major_breach", "model_type": "Automated approximate 2D flood-routing prototype", "validated_hydraulic_output": false}, "geometry": {"type": "Polygon", "coordinates": [[[75.0813941638, 18.058338163099997], [75.0813941638, 18.0580603851], [75.0816719418, 18.0580603851], [75.0816719418, 18.058338163099997], [75.0813941638, 18.058338163099997]]]}}, {"type": "Feature", "properties": {"time_min": 60, "depth_min_m": 0.05, "depth_max_m": 1.0, "depth_class": "0.05\u20131.0 m", "class_area_km2": 0.8447408514100406, "flooded_area_km2": 17.78648792691141, "frame_max_depth_m": 144.69788555673983, "class_mean_depth_m": 0.528070315076816, "scenario_id": "major_breach", "model_type": "Automated approximate 2D flood-routing prototype", "validated_hydraulic_output": false}, "geometry": {"type": "Polygon", "coordinates": [[[75.08222749779999, 18.0577826071], [75.08222749779999, 18.057504829099997], [75.08250527579999, 18.057504829099997], [75.08250527579999, 18.0577826071], [75.08222749779999, 18.0577826071]]]}}, {"type": "Feature", "properties": {"time_min": 60, "depth_min_m": 0.05, "depth_max_m": 1.0, "depth_class": "0.05\u20131.0 m", "class_area_km2": 0.8447408514100406, "flooded_area_km2": 17.78648792691141, "frame_max_depth_m": 144.69788555673983, "class_mean_depth_m": 0.528070315076816, "scenario_id": "major_breach", "model_type": "Automated approximate 2D flood-routing prototype", "validated_hydraulic_output": false}, "geometry": {"type": "Polygon", "coordinates": [[[75.09278306179999, 18.058615941099998], [75.09278306179999, 18.057227051099996], [75.09306083979999, 18.057227051099996], [75.09306083979999, 18.0561159391], [75.0933386178, 18.0561159391], [75.0933386178, 18.056393717099997], [75.0936163958, 18.056393717099997], [75.0936163958, 18.056671495099998], [75.0933386178, 18.056671495099998], [75.0933386178, 18.057227051099996], [75.0936163958, 18.057227051099996], [75.0936163958, 18.057504829099997], [75.0933386178, 18.057504829099997], [75.0933386178, 18.0580603851], [75.09306083979999, 18.0580603851], [75.09306083979999, 18.058615941099998], [75.09278306179999, 18.058615941099998]]]}}, {"type": "Feature", "properties": {"time_min": 60, "depth_min_m": 0.05, "depth_max_m": 1.0, "depth_class": "0.05\u20131.0 m", "class_area_km2": 0.8447408514100406, "flooded_area_km2": 17.78648792691141, "frame_max_depth_m": 144.69788555673983, "class_mean_depth_m": 0.528070315076816, "scenario_id": "major_breach", "model_type": "Automated approximate 2D flood-routing prototype", "validated_hydraulic_output": false}, "geometry": {"type": "Polygon", "coordinates": [[[75.0830608318, 18.057227051099996], [75.0830608318, 18.0561159391], [75.0833386098, 18.0561159391], [75.0833386098, 18.057227051099996], [75.0830608318, 18.057227051099996]]]}}, {"type": "Feature", "properties": {"time_min": 60, "depth_min_m": 0.05, "depth_max_m": 1.0, "depth_class": "0.05\u20131.0 m", "class_area_km2": 0.8447408514100406, "flooded_area_km2": 17.78648792691141, "frame_max_depth_m": 144.69788555673983, "class_mean_depth_m": 0.528070315076816, "scenario_id": "major_breach", "model_type": "Automated approximate 2D flood-routing prototype", "validated_hydraulic_output": false}, "geometry": {"type": "Polygon", "coordinates": [[[75.0922275058, 18.0558381611], [75.0922275058, 18.055282605099997], [75.09278306179999, 18.055282605099997], [75.09278306179999, 18.0558381611], [75.0922275058, 18.0558381611]]]}}, {"type": "Feature", "properties": {"time_min": 60, "depth_min_m": 0.05, "depth_max_m": 1.0, "depth_class": "0.05\u20131.0 m", "class_area_km2": 0.8447408514100406, "flooded_area_km2": 17.78648792691141, "frame_max_depth_m": 144.69788555673983, "class_mean_depth_m": 0.528070315076816, "scenario_id": "major_breach", "model_type": "Automated approximate 2D flood-routing prototype", "validated_hydraulic_output": false}, "geometry": {"type": "Polygon", "coordinates": [[[75.0936163958, 18.056393717099997], [75.0936163958, 18.055282605099997], [75.0938941738, 18.055282605099997], [75.0938941738, 18.0550048271], [75.09444972979999, 18.0550048271], [75.09444972979999, 18.055282605099997], [75.09417195179999, 18.055282605099997], [75.09417195179999, 18.0558381611], [75.0938941738, 18.0558381611], [75.0938941738, 18.056393717099997], [75.0936163958, 18.056393717099997]]]}}, {"type": "Feature", "properties": {"time_min": 60, "depth_min_m": 0.05, "depth_max_m": 1.0, "depth_class": "0.05\u20131.0 m", "class_area_km2": 0.8447408514100406, "flooded_area_km2": 17.78648792691141, "frame_max_depth_m": 144.69788555673983, "class_mean_depth_m": 0.528070315076816, "scenario_id": "major_breach", "model_type": "Automated approximate 2D flood-routing prototype", "validated_hydraulic_output": false}, "geometry": {"type": "Polygon", "coordinates": [[[75.08250527579999, 18.055282605099997], [75.08250527579999, 18.0547270491], [75.0827830538, 18.0547270491], [75.0827830538, 18.055282605099997], [75.08250527579999, 18.055282605099997]]]}}, {"type": "Feature", "properties": {"time_min": 60, "depth_min_m": 0.05, "depth_max_m": 1.0, "depth_class": "0.05\u20131.0 m", "class_area_km2": 0.8447408514100406, "flooded_area_km2": 17.78648792691141, "frame_max_depth_m": 144.69788555673983, "class_mean_depth_m": 0.528070315076816, "scenario_id": "major_breach", "model_type": "Automated approximate 2D flood-routing prototype", "validated_hydraulic_output": false}, "geometry": {"type": "Polygon", "coordinates": [[[75.0952830638, 18.055282605099997], [75.0952830638, 18.0550048271], [75.09472750779999, 18.0550048271], [75.09472750779999, 18.0547270491], [75.09583861979999, 18.0547270491], [75.09583861979999, 18.0550048271], [75.0955608418, 18.0550048271], [75.0955608418, 18.055282605099997], [75.0952830638, 18.055282605099997]]]}}, {"type": "Feature", "properties": {"time_min": 60, "depth_min_m": 0.05, "depth_max_m": 1.0, "depth_class": "0.05\u20131.0 m", "class_area_km2": 0.8447408514100406, "flooded_area_km2": 17.78648792691141, "frame_max_depth_m": 144.69788555673983, "class_mean_depth_m": 0.528070315076816, "scenario_id": "major_breach", "model_type": "Automated approximate 2D flood-routing prototype", "validated_hydraulic_output": false}, "geometry": {"type": "Polygon", "coordinates": [[[75.09583861979999, 18.0547270491], [75.09583861979999, 18.054171493099997], [75.09611639779999, 18.054171493099997], [75.09611639779999, 18.0547270491], [75.09583861979999, 18.0547270491]]]}}, {"type": "Feature", "properties": {"time_min": 60, "depth_min_m": 0.05, "depth_max_m": 1.0, "depth_class": "0.05\u20131.0 m", "class_area_km2": 0.8447408514100406, "flooded_area_km2": 17.78648792691141, "frame_max_depth_m": 144.69788555673983, "class_mean_depth_m": 0.528070315076816, "scenario_id": "major_breach", "model_type": "Automated approximate 2D flood-routing prototype", "validated_hydraulic_output": false}, "geometry": {"type": "Polygon", "coordinates": [[[75.08222749779999, 18.054449271099998], [75.08222749779999, 18.054171493099997], [75.08250527579999, 18.054171493099997], [75.08250527579999, 18.054449271099998], [75.08222749779999, 18.054449271099998]]]}}, {"type": "Feature", "properties": {"time_min": 60, "depth_min_m": 0.05, "depth_max_m": 1.0, "depth_class": "0.05\u20131.0 m", "class_area_km2": 0.8447408514100406, "flooded_area_km2": 17.78648792691141, "frame_max_depth_m": 144.69788555673983, "class_mean_depth_m": 0.528070315076816, "scenario_id": "major_breach", "model_type": "Automated approximate 2D flood-routing prototype", "validated_hydraulic_output": false}, "geometry": {"type": "Polygon", "coordinates": [[[75.0797274958, 18.054171493099997], [75.0797274958, 18.0538937151], [75.0800052738, 18.0538937151], [75.0800052738, 18.054171493099997], [75.0797274958, 18.054171493099997]]]}}, {"type": "Feature", "properties": {"time_min": 60, "depth_min_m": 0.05, "depth_max_m": 1.0, "depth_class": "0.05\u20131.0 m", "class_area_km2": 0.8447408514100406, "flooded_area_km2": 17.78648792691141, "frame_max_depth_m": 144.69788555673983, "class_mean_depth_m": 0.528070315076816, "scenario_id": "major_breach", "model_type": "Automated approximate 2D flood-routing prototype", "validated_hydraulic_output": false}, "geometry": {"type": "Polygon", "coordinates": [[[75.08056082979999, 18.054171493099997], [75.08056082979999, 18.0538937151], [75.0813941638, 18.0538937151], [75.0813941638, 18.054171493099997], [75.08056082979999, 18.054171493099997]]]}}, {"type": "Feature", "properties": {"time_min": 60, "depth_min_m": 0.05, "depth_max_m": 1.0, "depth_class": "0.05\u20131.0 m", "class_area_km2": 0.8447408514100406, "flooded_area_km2": 17.78648792691141, "frame_max_depth_m": 144.69788555673983, "class_mean_depth_m": 0.528070315076816, "scenario_id": "major_breach", "model_type": "Automated approximate 2D flood-routing prototype", "validated_hydraulic_output": false}, "geometry": {"type": "Polygon", "coordinates": [[[75.0819497198, 18.054171493099997], [75.0819497198, 18.0538937151], [75.08222749779999, 18.0538937151], [75.08222749779999, 18.054171493099997], [75.0819497198, 18.054171493099997]]]}}, {"type": "Feature", "properties": {"time_min": 60, "depth_min_m": 0.05, "depth_max_m": 1.0, "depth_class": "0.05\u20131.0 m", "class_area_km2": 0.8447408514100406, "flooded_area_km2": 17.78648792691141, "frame_max_depth_m": 144.69788555673983, "class_mean_depth_m": 0.528070315076816, "scenario_id": "major_breach", "model_type": "Automated approximate 2D flood-routing prototype", "validated_hydraulic_output": false}, "geometry": {"type": "Polygon", "coordinates": [[[75.09611639779999, 18.0538937151], [75.09611639779999, 18.0536159371], [75.0963941758, 18.0536159371], [75.0963941758, 18.0538937151], [75.09611639779999, 18.0538937151]]]}}, {"type": "Feature", "properties": {"time_min": 60, "depth_min_m": 0.05, "depth_max_m": 1.0, "depth_class": "0.05\u20131.0 m", "class_area_km2": 0.8447408514100406, "flooded_area_km2": 17.78648792691141, "frame_max_depth_m": 144.69788555673983, "class_mean_depth_m": 0.528070315076816, "scenario_id": "major_breach", "model_type": "Automated approximate 2D flood-routing prototype", "validated_hydraulic_output": false}, "geometry": {"type": "Polygon", "coordinates": [[[75.0788941618, 18.054449271099998], [75.0788941618, 18.053338159099997], [75.07917193979999, 18.053338159099997], [75.07917193979999, 18.054449271099998], [75.0788941618, 18.054449271099998]]]}}, {"type": "Feature", "properties": {"time_min": 60, "depth_min_m": 0.05, "depth_max_m": 1.0, "depth_class": "0.05\u20131.0 m", "class_area_km2": 0.8447408514100406, "flooded_area_km2": 17.78648792691141, "frame_max_depth_m": 144.69788555673983, "class_mean_depth_m": 0.528070315076816, "scenario_id": "major_breach", "model_type": "Automated approximate 2D flood-routing prototype", "validated_hydraulic_output": false}, "geometry": {"type": "Polygon", "coordinates": [[[75.0963941758, 18.0536159371], [75.0963941758, 18.053338159099997], [75.0966719538, 18.053338159099997], [75.0966719538, 18.0536159371], [75.0963941758, 18.0536159371]]]}}, {"type": "Feature", "properties": {"time_min": 60, "depth_min_m": 0.05, "depth_max_m": 1.0, "depth_class": "0.05\u20131.0 m", "class_area_km2": 0.8447408514100406, "flooded_area_km2": 17.78648792691141, "frame_max_depth_m": 144.69788555673983, "class_mean_depth_m": 0.528070315076816, "scenario_id": "major_breach", "model_type": "Automated approximate 2D flood-routing prototype", "validated_hydraulic_output": false}, "geometry": {"type": "Polygon", "coordinates": [[[75.0788941618, 18.053060381099996], [75.0788941618, 18.0527826031], [75.07917193979999, 18.0527826031], [75.07917193979999, 18.053060381099996], [75.0788941618, 18.053060381099996]]]}}, {"type": "Feature", "properties": {"time_min": 60, "depth_min_m": 0.05, "depth_max_m": 1.0, "depth_class": "0.05\u20131.0 m", "class_area_km2": 0.8447408514100406, "flooded_area_km2": 17.78648792691141, "frame_max_depth_m": 144.69788555673983, "class_mean_depth_m": 0.528070315076816, "scenario_id": "major_breach", "model_type": "Automated approximate 2D flood-routing prototype", "validated_hydraulic_output": false}, "geometry": {"type": "Polygon", "coordinates": [[[75.0966719538, 18.053060381099996], [75.0966719538, 18.0527826031], [75.0969497318, 18.0527826031], [75.0969497318, 18.053060381099996], [75.0966719538, 18.053060381099996]]]}}, {"type": "Feature", "properties": {"time_min": 60, "depth_min_m": 0.05, "depth_max_m": 1.0, "depth_class": "0.05\u20131.0 m", "class_area_km2": 0.8447408514100406, "flooded_area_km2": 17.78648792691141, "frame_max_depth_m": 144.69788555673983, "class_mean_depth_m": 0.528070315076816, "scenario_id": "major_breach", "model_type": "Automated approximate 2D flood-routing prototype", "validated_hydraulic_output": false}, "geometry": {"type": "Polygon", "coordinates": [[[75.0797274958, 18.052227047099997], [75.0797274958, 18.0519492691], [75.0802830518, 18.0519492691], [75.0802830518, 18.052227047099997], [75.0797274958, 18.052227047099997]]]}}, {"type": "Feature", "properties": {"time_min": 60, "depth_min_m": 0.05, "depth_max_m": 1.0, "depth_class": "0.05\u20131.0 m", "class_area_km2": 0.8447408514100406, "flooded_area_km2": 17.78648792691141, "frame_max_depth_m": 144.69788555673983, "class_mean_depth_m": 0.528070315076816, "scenario_id": "major_breach", "model_type": "Automated approximate 2D flood-routing prototype", "validated_hydraulic_output": false}, "geometry": {"type": "Polygon", "coordinates": [[[75.0977830658, 18.052227047099997], [75.0977830658, 18.0519492691], [75.0980608438, 18.0519492691], [75.0980608438, 18.052227047099997], [75.0977830658, 18.052227047099997]]]}}, {"type": "Feature", "properties": {"time_min": 60, "depth_min_m": 0.05, "depth_max_m": 1.0, "depth_class": "0.05\u20131.0 m", "class_area_km2": 0.8447408514100406, "flooded_area_km2": 17.78648792691141, "frame_max_depth_m": 144.69788555673983, "class_mean_depth_m": 0.528070315076816, "scenario_id": "major_breach", "model_type": "Automated approximate 2D flood-routing prototype", "validated_hydraulic_output": false}, "geometry": {"type": "Polygon", "coordinates": [[[75.0983386218, 18.0519492691], [75.0983386218, 18.0516714911], [75.0986163998, 18.0516714911], [75.0986163998, 18.0519492691], [75.0983386218, 18.0519492691]]]}}, {"type": "Feature", "properties": {"time_min": 60, "depth_min_m": 0.05, "depth_max_m": 1.0, "depth_class": "0.05\u20131.0 m", "class_area_km2": 0.8447408514100406, "flooded_area_km2": 17.78648792691141, "frame_max_depth_m": 144.69788555673983, "class_mean_depth_m": 0.528070315076816, "scenario_id": "major_breach", "model_type": "Automated approximate 2D flood-routing prototype", "validated_hydraulic_output": false}, "geometry": {"type": "Polygon", "coordinates": [[[75.0936163958, 18.0516714911], [75.0936163958, 18.051393713099998], [75.09444972979999, 18.051393713099998], [75.09444972979999, 18.0516714911], [75.0936163958, 18.0516714911]]]}}, {"type": "Feature", "properties": {"time_min": 60, "depth_min_m": 0.05, "depth_max_m": 1.0, "depth_class": "0.05\u20131.0 m", "class_area_km2": 0.8447408514100406, "flooded_area_km2": 17.78648792691141, "frame_max_depth_m": 144.69788555673983, "class_mean_depth_m": 0.528070315076816, "scenario_id": "major_breach", "model_type": "Automated approximate 2D flood-routing prototype", "validated_hydraulic_output": false}, "geometry": {"type": "Polygon", "coordinates": [[[75.09472750779999, 18.0516714911], [75.09472750779999, 18.051393713099998], [75.0950052858, 18.051393713099998], [75.0950052858, 18.0516714911], [75.09472750779999, 18.0516714911]]]}}, {"type": "Feature", "properties": {"time_min": 60, "depth_min_m": 0.05, "depth_max_m": 1.0, "depth_class": "0.05\u20131.0 m", "class_area_km2": 0.8447408514100406, "flooded_area_km2": 17.78648792691141, "frame_max_depth_m": 144.69788555673983, "class_mean_depth_m": 0.528070315076816, "scenario_id": "major_breach", "model_type": "Automated approximate 2D flood-routing prototype", "validated_hydraulic_output": false}, "geometry": {"type": "Polygon", "coordinates": [[[75.0986163998, 18.0516714911], [75.0986163998, 18.051393713099998], [75.09889417779999, 18.051393713099998], [75.09889417779999, 18.0516714911], [75.0986163998, 18.0516714911]]]}}, {"type": "Feature", "properties": {"time_min": 60, "depth_min_m": 0.05, "depth_max_m": 1.0, "depth_class": "0.05\u20131.0 m", "class_area_km2": 0.8447408514100406, "flooded_area_km2": 17.78648792691141, "frame_max_depth_m": 144.69788555673983, "class_mean_depth_m": 0.528070315076816, "scenario_id": "major_breach", "model_type": "Automated approximate 2D flood-routing prototype", "validated_hydraulic_output": false}, "geometry": {"type": "Polygon", "coordinates": [[[75.0950052858, 18.051393713099998], [75.0950052858, 18.051115935099997], [75.0952830638, 18.051115935099997], [75.0952830638, 18.051393713099998], [75.0950052858, 18.051393713099998]]]}}, {"type": "Feature", "properties": {"time_min": 60, "depth_min_m": 0.05, "depth_max_m": 1.0, "depth_class": "0.05\u20131.0 m", "class_area_km2": 0.8447408514100406, "flooded_area_km2": 17.78648792691141, "frame_max_depth_m": 144.69788555673983, "class_mean_depth_m": 0.528070315076816, "scenario_id": "major_breach", "model_type": "Automated approximate 2D flood-routing prototype", "validated_hydraulic_output": false}, "geometry": {"type": "Polygon", "coordinates": [[[75.0952830638, 18.051115935099997], [75.0952830638, 18.0508381571], [75.09583861979999, 18.0508381571], [75.09583861979999, 18.051115935099997], [75.0952830638, 18.051115935099997]]]}}, {"type": "Feature", "properties": {"time_min": 60, "depth_min_m": 0.05, "depth_max_m": 1.0, "depth_class": "0.05\u20131.0 m", "class_area_km2": 0.8447408514100406, "flooded_area_km2": 17.78648792691141, "frame_max_depth_m": 144.69788555673983, "class_mean_depth_m": 0.528070315076816, "scenario_id": "major_breach", "model_type": "Automated approximate 2D flood-routing prototype", "validated_hydraulic_output": false}, "geometry": {"type": "Polygon", "coordinates": [[[75.0802830518, 18.0519492691], [75.0802830518, 18.0516714911], [75.08056082979999, 18.0516714911], [75.08056082979999, 18.0505603791], [75.08083860779999, 18.0505603791], [75.08083860779999, 18.0519492691], [75.0802830518, 18.0519492691]]]}}, {"type": "Feature", "properties": {"time_min": 60, "depth_min_m": 0.05, "depth_max_m": 1.0, "depth_class": "0.05\u20131.0 m", "class_area_km2": 0.8447408514100406, "flooded_area_km2": 17.78648792691141, "frame_max_depth_m": 144.69788555673983, "class_mean_depth_m": 0.528070315076816, "scenario_id": "major_breach", "model_type": "Automated approximate 2D flood-routing prototype", "validated_hydraulic_output": false}, "geometry": {"type": "Polygon", "coordinates": [[[75.0925052838, 18.051393713099998], [75.0925052838, 18.051115935099997], [75.0922275058, 18.051115935099997], [75.0922275058, 18.0508381571], [75.0919497278, 18.0508381571], [75.0919497278, 18.0505603791], [75.09278306179999, 18.0505603791], [75.09278306179999, 18.051115935099997], [75.0933386178, 18.051115935099997], [75.0933386178, 18.051393713099998], [75.0925052838, 18.051393713099998]]]}}, {"type": "Feature", "properties": {"time_min": 60, "depth_min_m": 0.05, "depth_max_m": 1.0, "depth_class": "0.05\u20131.0 m", "class_area_km2": 0.8447408514100406, "flooded_area_km2": 17.78648792691141, "frame_max_depth_m": 144.69788555673983, "class_mean_depth_m": 0.528070315076816, "scenario_id": "major_breach", "model_type": "Automated approximate 2D flood-routing prototype", "validated_hydraulic_output": false}, "geometry": {"type": "Polygon", "coordinates": [[[75.09889417779999, 18.0508381571], [75.09889417779999, 18.0505603791], [75.09917195579999, 18.0505603791], [75.09917195579999, 18.0508381571], [75.09889417779999, 18.0508381571]]]}}, {"type": "Feature", "properties": {"time_min": 60, "depth_min_m": 0.05, "depth_max_m": 1.0, "depth_class": "0.05\u20131.0 m", "class_area_km2": 0.8447408514100406, "flooded_area_km2": 17.78648792691141, "frame_max_depth_m": 144.69788555673983, "class_mean_depth_m": 0.528070315076816, "scenario_id": "major_breach", "model_type": "Automated approximate 2D flood-routing prototype", "validated_hydraulic_output": false}, "geometry": {"type": "Polygon", "coordinates": [[[75.0966719538, 18.0505603791], [75.0966719538, 18.050282601099997], [75.0969497318, 18.050282601099997], [75.0969497318, 18.0505603791], [75.0966719538, 18.0505603791]]]}}, {"type": "Feature", "properties": {"time_min": 60, "depth_min_m": 0.05, "depth_max_m": 1.0, "depth_class": "0.05\u20131.0 m", "class_area_km2": 0.8447408514100406, "flooded_area_km2": 17.78648792691141, "frame_max_depth_m": 144.69788555673983, "class_mean_depth_m": 0.528070315076816, "scenario_id": "major_breach", "model_type": "Automated approximate 2D flood-routing prototype", "validated_hydraulic_output": false}, "geometry": {"type": "Polygon", "coordinates": [[[75.09167194979999, 18.0505603791], [75.09167194979999, 18.050004823099997], [75.0919497278, 18.050004823099997], [75.0919497278, 18.0505603791], [75.09167194979999, 18.0505603791]]]}}, {"type": "Feature", "properties": {"time_min": 60, "depth_min_m": 0.05, "depth_max_m": 1.0, "depth_class": "0.05\u20131.0 m", "class_area_km2": 0.8447408514100406, "flooded_area_km2": 17.78648792691141, "frame_max_depth_m": 144.69788555673983, "class_mean_depth_m": 0.528070315076816, "scenario_id": "major_breach", "model_type": "Automated approximate 2D flood-routing prototype", "validated_hydraulic_output": false}, "geometry": {"type": "Polygon", "coordinates": [[[75.08056082979999, 18.050282601099997], [75.08056082979999, 18.050004823099997], [75.08083860779999, 18.050004823099997], [75.08083860779999, 18.050282601099997], [75.08056082979999, 18.050282601099997]]]}}, {"type": "Feature", "properties": {"time_min": 60, "depth_min_m": 0.05, "depth_max_m": 1.0, "depth_class": "0.05\u20131.0 m", "class_area_km2": 0.8447408514100406, "flooded_area_km2": 17.78648792691141, "frame_max_depth_m": 144.69788555673983, "class_mean_depth_m": 0.528070315076816, "scenario_id": "major_breach", "model_type": "Automated approximate 2D flood-routing prototype", "validated_hydraulic_output": false}, "geometry": {"type": "Polygon", "coordinates": [[[75.0969497318, 18.050282601099997], [75.0969497318, 18.050004823099997], [75.09722750979999, 18.050004823099997], [75.09722750979999, 18.050282601099997], [75.0969497318, 18.050282601099997]]]}}, {"type": "Feature", "properties": {"time_min": 60, "depth_min_m": 0.05, "depth_max_m": 1.0, "depth_class": "0.05\u20131.0 m", "class_area_km2": 0.8447408514100406, "flooded_area_km2": 17.78648792691141, "frame_max_depth_m": 144.69788555673983, "class_mean_depth_m": 0.528070315076816, "scenario_id": "major_breach", "model_type": "Automated approximate 2D flood-routing prototype", "validated_hydraulic_output": false}, "geometry": {"type": "Polygon", "coordinates": [[[75.09917195579999, 18.050282601099997], [75.09917195579999, 18.050004823099997], [75.0994497338, 18.050004823099997], [75.0994497338, 18.050282601099997], [75.09917195579999, 18.050282601099997]]]}}, {"type": "Feature", "properties": {"time_min": 60, "depth_min_m": 0.05, "depth_max_m": 1.0, "depth_class": "0.05\u20131.0 m", "class_area_km2": 0.8447408514100406, "flooded_area_km2": 17.78648792691141, "frame_max_depth_m": 144.69788555673983, "class_mean_depth_m": 0.528070315076816, "scenario_id": "major_breach", "model_type": "Automated approximate 2D flood-routing prototype", "validated_hydraulic_output": false}, "geometry": {"type": "Polygon", "coordinates": [[[75.09722750979999, 18.050004823099997], [75.09722750979999, 18.0497270451], [75.09750528779999, 18.0497270451], [75.09750528779999, 18.050004823099997], [75.09722750979999, 18.050004823099997]]]}}, {"type": "Feature", "properties": {"time_min": 60, "depth_min_m": 0.05, "depth_max_m": 1.0, "depth_class": "0.05\u20131.0 m", "class_area_km2": 0.8447408514100406, "flooded_area_km2": 17.78648792691141, "frame_max_depth_m": 144.69788555673983, "class_mean_depth_m": 0.528070315076816, "scenario_id": "major_breach", "model_type": "Automated approximate 2D flood-routing prototype", "validated_hydraulic_output": false}, "geometry": {"type": "Polygon", "coordinates": [[[75.09750528779999, 18.0497270451], [75.09750528779999, 18.049449267099998], [75.0977830658, 18.049449267099998], [75.0977830658, 18.0497270451], [75.09750528779999, 18.0497270451]]]}}, {"type": "Feature", "properties": {"time_min": 60, "depth_min_m": 0.05, "depth_max_m": 1.0, "depth_class": "0.05\u20131.0 m", "class_area_km2": 0.8447408514100406, "flooded_area_km2": 17.78648792691141, "frame_max_depth_m": 144.69788555673983, "class_mean_depth_m": 0.528070315076816, "scenario_id": "major_breach", "model_type": "Automated approximate 2D flood-routing prototype", "validated_hydraulic_output": false}, "geometry": {"type": "Polygon", "coordinates": [[[75.0994497338, 18.050004823099997], [75.0994497338, 18.049171489099997], [75.0997275118, 18.049171489099997], [75.0997275118, 18.050004823099997], [75.0994497338, 18.050004823099997]]]}}, {"type": "Feature", "properties": {"time_min": 60, "depth_min_m": 0.05, "depth_max_m": 1.0, "depth_class": "0.05\u20131.0 m", "class_area_km2": 0.8447408514100406, "flooded_area_km2": 17.78648792691141, "frame_max_depth_m": 144.69788555673983, "class_mean_depth_m": 0.528070315076816, "scenario_id": "major_breach", "model_type": "Automated approximate 2D flood-routing prototype", "validated_hydraulic_output": false}, "geometry": {"type": "Polygon", "coordinates": [[[75.0902830598, 18.049449267099998], [75.0902830598, 18.049171489099997], [75.0908386158, 18.049171489099997], [75.0908386158, 18.049449267099998], [75.0902830598, 18.049449267099998]]]}}, {"type": "Feature", "properties": {"time_min": 60, "depth_min_m": 0.05, "depth_max_m": 1.0, "depth_class": "0.05\u20131.0 m", "class_area_km2": 0.8447408514100406, "flooded_area_km2": 17.78648792691141, "frame_max_depth_m": 144.69788555673983, "class_mean_depth_m": 0.528070315076816, "scenario_id": "major_breach", "model_type": "Automated approximate 2D flood-routing prototype", "validated_hydraulic_output": false}, "geometry": {"type": "Polygon", "coordinates": [[[75.09139417179999, 18.050004823099997], [75.09139417179999, 18.049449267099998], [75.0911163938, 18.049449267099998], [75.0911163938, 18.049171489099997], [75.09167194979999, 18.049171489099997], [75.09167194979999, 18.050004823099997], [75.09139417179999, 18.050004823099997]]]}}, {"type": "Feature", "properties": {"time_min": 60, "depth_min_m": 0.05, "depth_max_m": 1.0, "depth_class": "0.05\u20131.0 m", "class_area_km2": 0.8447408514100406, "flooded_area_km2": 17.78648792691141, "frame_max_depth_m": 144.69788555673983, "class_mean_depth_m": 0.528070315076816, "scenario_id": "major_breach", "model_type": "Automated approximate 2D flood-routing prototype", "validated_hydraulic_output": false}, "geometry": {"type": "Polygon", "coordinates": [[[75.0802830518, 18.0497270451], [75.0802830518, 18.048893711099996], [75.08056082979999, 18.048893711099996], [75.08056082979999, 18.0497270451], [75.0802830518, 18.0497270451]]]}}, {"type": "Feature", "properties": {"time_min": 60, "depth_min_m": 0.05, "depth_max_m": 1.0, "depth_class": "0.05\u20131.0 m", "class_area_km2": 0.8447408514100406, "flooded_area_km2": 17.78648792691141, "frame_max_depth_m": 144.69788555673983, "class_mean_depth_m": 0.528070315076816, "scenario_id": "major_breach", "model_type": "Automated approximate 2D flood-routing prototype", "validated_hydraulic_output": false}, "geometry": {"type": "Polygon", "coordinates": [[[75.0894497258, 18.049171489099997], [75.0894497258, 18.048893711099996], [75.08972750379999, 18.048893711099996], [75.08972750379999, 18.049171489099997], [75.0894497258, 18.049171489099997]]]}}, {"type": "Feature", "properties": {"time_min": 60, "depth_min_m": 0.05, "depth_max_m": 1.0, "depth_class": "0.05\u20131.0 m", "class_area_km2": 0.8447408514100406, "flooded_area_km2": 17.78648792691141, "frame_max_depth_m": 144.69788555673983, "class_mean_depth_m": 0.528070315076816, "scenario_id": "major_breach", "model_type": "Automated approximate 2D flood-routing prototype", "validated_hydraulic_output": false}, "geometry": {"type": "Polygon", "coordinates": [[[75.0977830658, 18.049449267099998], [75.0977830658, 18.049171489099997], [75.0980608438, 18.049171489099997], [75.0980608438, 18.0486159331], [75.0983386218, 18.0486159331], [75.0983386218, 18.048893711099996], [75.0986163998, 18.048893711099996], [75.0986163998, 18.049171489099997], [75.0983386218, 18.049171489099997], [75.0983386218, 18.049449267099998], [75.0977830658, 18.049449267099998]]]}}, {"type": "Feature", "properties": {"time_min": 60, "depth_min_m": 0.05, "depth_max_m": 1.0, "depth_class": "0.05\u20131.0 m", "class_area_km2": 0.8447408514100406, "flooded_area_km2": 17.78648792691141, "frame_max_depth_m": 144.69788555673983, "class_mean_depth_m": 0.528070315076816, "scenario_id": "major_breach", "model_type": "Automated approximate 2D flood-routing prototype", "validated_hydraulic_output": false}, "geometry": {"type": "Polygon", "coordinates": [[[75.0888941698, 18.048893711099996], [75.0888941698, 18.0486159331], [75.0891719478, 18.0486159331], [75.0891719478, 18.048893711099996], [75.0888941698, 18.048893711099996]]]}}, {"type": "Feature", "properties": {"time_min": 60, "depth_min_m": 0.05, "depth_max_m": 1.0, "depth_class": "0.05\u20131.0 m", "class_area_km2": 0.8447408514100406, "flooded_area_km2": 17.78648792691141, "frame_max_depth_m": 144.69788555673983, "class_mean_depth_m": 0.528070315076816, "scenario_id": "major_breach", "model_type": "Automated approximate 2D flood-routing prototype", "validated_hydraulic_output": false}, "geometry": {"type": "Polygon", "coordinates": [[[75.0800052738, 18.0486159331], [75.0800052738, 18.048338155099998], [75.0802830518, 18.048338155099998], [75.0802830518, 18.0486159331], [75.0800052738, 18.0486159331]]]}}, {"type": "Feature", "properties": {"time_min": 60, "depth_min_m": 0.05, "depth_max_m": 1.0, "depth_class": "0.05\u20131.0 m", "class_area_km2": 0.8447408514100406, "flooded_area_km2": 17.78648792691141, "frame_max_depth_m": 144.69788555673983, "class_mean_depth_m": 0.528070315076816, "scenario_id": "major_breach", "model_type": "Automated approximate 2D flood-routing prototype", "validated_hydraulic_output": false}, "geometry": {"type": "Polygon", "coordinates": [[[75.08861639179999, 18.0486159331], [75.08861639179999, 18.048338155099998], [75.0888941698, 18.048338155099998], [75.0888941698, 18.0486159331], [75.08861639179999, 18.0486159331]]]}}, {"type": "Feature", "properties": {"time_min": 60, "depth_min_m": 0.05, "depth_max_m": 1.0, "depth_class": "0.05\u20131.0 m", "class_area_km2": 0.8447408514100406, "flooded_area_km2": 17.78648792691141, "frame_max_depth_m": 144.69788555673983, "class_mean_depth_m": 0.528070315076816, "scenario_id": "major_breach", "model_type": "Automated approximate 2D flood-routing prototype", "validated_hydraulic_output": false}, "geometry": {"type": "Polygon", "coordinates": [[[75.0797274958, 18.048060377099997], [75.0797274958, 18.0477825991], [75.0800052738, 18.0477825991], [75.0800052738, 18.048060377099997], [75.0797274958, 18.048060377099997]]]}}, {"type": "Feature", "properties": {"time_min": 60, "depth_min_m": 0.05, "depth_max_m": 1.0, "depth_class": "0.05\u20131.0 m", "class_area_km2": 0.8447408514100406, "flooded_area_km2": 17.78648792691141, "frame_max_depth_m": 144.69788555673983, "class_mean_depth_m": 0.528070315076816, "scenario_id": "major_breach", "model_type": "Automated approximate 2D flood-routing prototype", "validated_hydraulic_output": false}, "geometry": {"type": "Polygon", "coordinates": [[[75.09917195579999, 18.049171489099997], [75.09917195579999, 18.0486159331], [75.0983386218, 18.0486159331], [75.0983386218, 18.048338155099998], [75.0986163998, 18.048338155099998], [75.0986163998, 18.048060377099997], [75.09889417779999, 18.048060377099997], [75.09889417779999, 18.0477825991], [75.09917195579999, 18.0477825991], [75.09917195579999, 18.0475048211], [75.0997275118, 18.0475048211], [75.0997275118, 18.048060377099997], [75.0994497338, 18.048060377099997], [75.0994497338, 18.049171489099997], [75.09917195579999, 18.049171489099997]]]}}, {"type": "Feature", "properties": {"time_min": 60, "depth_min_m": 0.05, "depth_max_m": 1.0, "depth_class": "0.05\u20131.0 m", "class_area_km2": 0.8447408514100406, "flooded_area_km2": 17.78648792691141, "frame_max_depth_m": 144.69788555673983, "class_mean_depth_m": 0.528070315076816, "scenario_id": "major_breach", "model_type": "Automated approximate 2D flood-routing prototype", "validated_hydraulic_output": false}, "geometry": {"type": "Polygon", "coordinates": [[[75.08833861379999, 18.048338155099998], [75.08833861379999, 18.047227043099998], [75.08861639179999, 18.047227043099998], [75.08861639179999, 18.048338155099998], [75.08833861379999, 18.048338155099998]]]}}, {"type": "Feature", "properties": {"time_min": 60, "depth_min_m": 0.05, "depth_max_m": 1.0, "depth_class": "0.05\u20131.0 m", "class_area_km2": 0.8447408514100406, "flooded_area_km2": 17.78648792691141, "frame_max_depth_m": 144.69788555673983, "class_mean_depth_m": 0.528070315076816, "scenario_id": "major_breach", "model_type": "Automated approximate 2D flood-routing prototype", "validated_hydraulic_output": false}, "geometry": {"type": "Polygon", "coordinates": [[[75.0783386058, 18.0475048211], [75.0783386058, 18.047227043099998], [75.0788941618, 18.047227043099998], [75.0788941618, 18.0475048211], [75.0783386058, 18.0475048211]]]}}, {"type": "Feature", "properties": {"time_min": 60, "depth_min_m": 0.05, "depth_max_m": 1.0, "depth_class": "0.05\u20131.0 m", "class_area_km2": 0.8447408514100406, "flooded_area_km2": 17.78648792691141, "frame_max_depth_m": 144.69788555673983, "class_mean_depth_m": 0.528070315076816, "scenario_id": "major_breach", "model_type": "Automated approximate 2D flood-routing prototype", "validated_hydraulic_output": false}, "geometry": {"type": "Polygon", "coordinates": [[[75.07944971779999, 18.0477825991], [75.07944971779999, 18.0475048211], [75.07917193979999, 18.0475048211], [75.07917193979999, 18.047227043099998], [75.0797274958, 18.047227043099998], [75.0797274958, 18.0477825991], [75.07944971779999, 18.0477825991]]]}}, {"type": "Feature", "properties": {"time_min": 60, "depth_min_m": 0.05, "depth_max_m": 1.0, "depth_class": "0.05\u20131.0 m", "class_area_km2": 0.8447408514100406, "flooded_area_km2": 17.78648792691141, "frame_max_depth_m": 144.69788555673983, "class_mean_depth_m": 0.528070315076816, "scenario_id": "major_breach", "model_type": "Automated approximate 2D flood-routing prototype", "validated_hydraulic_output": false}, "geometry": {"type": "Polygon", "coordinates": [[[75.0788941618, 18.047227043099998], [75.0788941618, 18.046949265099997], [75.07917193979999, 18.046949265099997], [75.07917193979999, 18.047227043099998], [75.0788941618, 18.047227043099998]]]}}, {"type": "Feature", "properties": {"time_min": 60, "depth_min_m": 0.05, "depth_max_m": 1.0, "depth_class": "0.05\u20131.0 m", "class_area_km2": 0.8447408514100406, "flooded_area_km2": 17.78648792691141, "frame_max_depth_m": 144.69788555673983, "class_mean_depth_m": 0.528070315076816, "scenario_id": "major_breach", "model_type": "Automated approximate 2D flood-routing prototype", "validated_hydraulic_output": false}, "geometry": {"type": "Polygon", "coordinates": [[[75.07778304979999, 18.047227043099998], [75.07778304979999, 18.0466714871], [75.07806082779999, 18.0466714871], [75.07806082779999, 18.047227043099998], [75.07778304979999, 18.047227043099998]]]}}, {"type": "Feature", "properties": {"time_min": 60, "depth_min_m": 0.05, "depth_max_m": 1.0, "depth_class": "0.05\u20131.0 m", "class_area_km2": 0.8447408514100406, "flooded_area_km2": 17.78648792691141, "frame_max_depth_m": 144.69788555673983, "class_mean_depth_m": 0.528070315076816, "scenario_id": "major_breach", "model_type": "Automated approximate 2D flood-routing prototype", "validated_hydraulic_output": false}, "geometry": {"type": "Polygon", "coordinates": [[[75.0880608358, 18.046949265099997], [75.0880608358, 18.0463937091], [75.08833861379999, 18.0463937091], [75.08833861379999, 18.046949265099997], [75.0880608358, 18.046949265099997]]]}}, {"type": "Feature", "properties": {"time_min": 60, "depth_min_m": 0.05, "depth_max_m": 1.0, "depth_class": "0.05\u20131.0 m", "class_area_km2": 0.8447408514100406, "flooded_area_km2": 17.78648792691141, "frame_max_depth_m": 144.69788555673983, "class_mean_depth_m": 0.528070315076816, "scenario_id": "major_breach", "model_type": "Automated approximate 2D flood-routing prototype", "validated_hydraulic_output": false}, "geometry": {"type": "Polygon", "coordinates": [[[75.07750527179999, 18.0466714871], [75.07750527179999, 18.0463937091], [75.07778304979999, 18.0463937091], [75.07778304979999, 18.0466714871], [75.07750527179999, 18.0466714871]]]}}, {"type": "Feature", "properties": {"time_min": 60, "depth_min_m": 0.05, "depth_max_m": 1.0, "depth_class": "0.05\u20131.0 m", "class_area_km2": 0.8447408514100406, "flooded_area_km2": 17.78648792691141, "frame_max_depth_m": 144.69788555673983, "class_mean_depth_m": 0.528070315076816, "scenario_id": "major_breach", "model_type": "Automated approximate 2D flood-routing prototype", "validated_hydraulic_output": false}, "geometry": {"type": "Polygon", "coordinates": [[[75.0877830578, 18.046115931099997], [75.0877830578, 18.0455603751], [75.0880608358, 18.0455603751], [75.0880608358, 18.046115931099997], [75.0877830578, 18.046115931099997]]]}}, {"type": "Feature", "properties": {"time_min": 60, "depth_min_m": 0.05, "depth_max_m": 1.0, "depth_class": "0.05\u20131.0 m", "class_area_km2": 0.8447408514100406, "flooded_area_km2": 17.78648792691141, "frame_max_depth_m": 144.69788555673983, "class_mean_depth_m": 0.528070315076816, "scenario_id": "major_breach", "model_type": "Automated approximate 2D flood-routing prototype", "validated_hydraulic_output": false}, "geometry": {"type": "Polygon", "coordinates": [[[75.0880608358, 18.0455603751], [75.0880608358, 18.045282597099998], [75.08833861379999, 18.045282597099998], [75.08833861379999, 18.0455603751], [75.0880608358, 18.0455603751]]]}}, {"type": "Feature", "properties": {"time_min": 60, "depth_min_m": 0.05, "depth_max_m": 1.0, "depth_class": "0.05\u20131.0 m", "class_area_km2": 0.8447408514100406, "flooded_area_km2": 17.78648792691141, "frame_max_depth_m": 144.69788555673983, "class_mean_depth_m": 0.528070315076816, "scenario_id": "major_breach", "model_type": "Automated approximate 2D flood-routing prototype", "validated_hydraulic_output": false}, "geometry": {"type": "Polygon", "coordinates": [[[75.08833861379999, 18.045004819099997], [75.08833861379999, 18.044727041099996], [75.08861639179999, 18.044727041099996], [75.08861639179999, 18.045004819099997], [75.08833861379999, 18.045004819099997]]]}}, {"type": "Feature", "properties": {"time_min": 60, "depth_min_m": 0.05, "depth_max_m": 1.0, "depth_class": "0.05\u20131.0 m", "class_area_km2": 0.8447408514100406, "flooded_area_km2": 17.78648792691141, "frame_max_depth_m": 144.69788555673983, "class_mean_depth_m": 0.528070315076816, "scenario_id": "major_breach", "model_type": "Automated approximate 2D flood-routing prototype", "validated_hydraulic_output": false}, "geometry": {"type": "Polygon", "coordinates": [[[75.0872275018, 18.043893707099997], [75.0872275018, 18.0436159291], [75.0875052798, 18.0436159291], [75.0875052798, 18.043893707099997], [75.0872275018, 18.043893707099997]]]}}, {"type": "Feature", "properties": {"time_min": 60, "depth_min_m": 0.05, "depth_max_m": 1.0, "depth_class": "0.05\u20131.0 m", "class_area_km2": 0.8447408514100406, "flooded_area_km2": 17.78648792691141, "frame_max_depth_m": 144.69788555673983, "class_mean_depth_m": 0.528070315076816, "scenario_id": "major_breach", "model_type": "Automated approximate 2D flood-routing prototype", "validated_hydraulic_output": false}, "geometry": {"type": "Polygon", "coordinates": [[[75.08667194579999, 18.0436159291], [75.08667194579999, 18.0433381511], [75.08694972379999, 18.0433381511], [75.08694972379999, 18.0436159291], [75.08667194579999, 18.0436159291]]]}}, {"type": "Feature", "properties": {"time_min": 60, "depth_min_m": 0.05, "depth_max_m": 1.0, "depth_class": "0.05\u20131.0 m", "class_area_km2": 0.8447408514100406, "flooded_area_km2": 17.78648792691141, "frame_max_depth_m": 144.69788555673983, "class_mean_depth_m": 0.528070315076816, "scenario_id": "major_breach", "model_type": "Automated approximate 2D flood-routing prototype", "validated_hydraulic_output": false}, "geometry": {"type": "Polygon", "coordinates": [[[75.08861639179999, 18.0444492631], [75.08861639179999, 18.0436159291], [75.0880608358, 18.0436159291], [75.0880608358, 18.043893707099997], [75.0877830578, 18.043893707099997], [75.0877830578, 18.0433381511], [75.08861639179999, 18.0433381511], [75.08861639179999, 18.043060373099998], [75.0891719478, 18.043060373099998], [75.0891719478, 18.0433381511], [75.0888941698, 18.0433381511], [75.0888941698, 18.0444492631], [75.08861639179999, 18.0444492631]]]}}, {"type": "Feature", "properties": {"time_min": 60, "depth_min_m": 0.05, "depth_max_m": 1.0, "depth_class": "0.05\u20131.0 m", "class_area_km2": 0.8447408514100406, "flooded_area_km2": 17.78648792691141, "frame_max_depth_m": 144.69788555673983, "class_mean_depth_m": 0.528070315076816, "scenario_id": "major_breach", "model_type": "Automated approximate 2D flood-routing prototype", "validated_hydraulic_output": false}, "geometry": {"type": "Polygon", "coordinates": [[[75.0772274938, 18.045838153099997], [75.0772274938, 18.0444492631], [75.07639415979999, 18.0444492631], [75.07639415979999, 18.0436159291], [75.07611638179999, 18.0436159291], [75.07611638179999, 18.043060373099998], [75.07639415979999, 18.043060373099998], [75.07639415979999, 18.0433381511], [75.0766719378, 18.0433381511], [75.0766719378, 18.0436159291], [75.0769497158, 18.0436159291], [75.0769497158, 18.043893707099997], [75.0772274938, 18.043893707099997], [75.0772274938, 18.044171485099998], [75.07750527179999, 18.044171485099998], [75.07750527179999, 18.0444492631], [75.07778304979999, 18.0444492631], [75.07778304979999, 18.045004819099997], [75.07750527179999, 18.045004819099997], [75.07750527179999, 18.045838153099997], [75.0772274938, 18.045838153099997]]]}}, {"type": "Feature", "properties": {"time_min": 60, "depth_min_m": 0.05, "depth_max_m": 1.0, "depth_class": "0.05\u20131.0 m", "class_area_km2": 0.8447408514100406, "flooded_area_km2": 17.78648792691141, "frame_max_depth_m": 144.69788555673983, "class_mean_depth_m": 0.528070315076816, "scenario_id": "major_breach", "model_type": "Automated approximate 2D flood-routing prototype", "validated_hydraulic_output": false}, "geometry": {"type": "Polygon", "coordinates": [[[75.0863941678, 18.0433381511], [75.0863941678, 18.043060373099998], [75.08667194579999, 18.043060373099998], [75.08667194579999, 18.0433381511], [75.0863941678, 18.0433381511]]]}}, {"type": "Feature", "properties": {"time_min": 60, "depth_min_m": 0.05, "depth_max_m": 1.0, "depth_class": "0.05\u20131.0 m", "class_area_km2": 0.8447408514100406, "flooded_area_km2": 17.78648792691141, "frame_max_depth_m": 144.69788555673983, "class_mean_depth_m": 0.528070315076816, "scenario_id": "major_breach", "model_type": "Automated approximate 2D flood-routing prototype", "validated_hydraulic_output": false}, "geometry": {"type": "Polygon", "coordinates": [[[75.0758386038, 18.043060373099998], [75.0758386038, 18.042782595099997], [75.07611638179999, 18.042782595099997], [75.07611638179999, 18.043060373099998], [75.0758386038, 18.043060373099998]]]}}, {"type": "Feature", "properties": {"time_min": 60, "depth_min_m": 0.05, "depth_max_m": 1.0, "depth_class": "0.05\u20131.0 m", "class_area_km2": 0.8447408514100406, "flooded_area_km2": 17.78648792691141, "frame_max_depth_m": 144.69788555673983, "class_mean_depth_m": 0.528070315076816, "scenario_id": "major_breach", "model_type": "Automated approximate 2D flood-routing prototype", "validated_hydraulic_output": false}, "geometry": {"type": "Polygon", "coordinates": [[[75.08528305579999, 18.043060373099998], [75.08528305579999, 18.0425048171], [75.08556083379999, 18.0425048171], [75.08556083379999, 18.042782595099997], [75.0861163898, 18.042782595099997], [75.0861163898, 18.043060373099998], [75.08528305579999, 18.043060373099998]]]}}, {"type": "Feature", "properties": {"time_min": 60, "depth_min_m": 0.05, "depth_max_m": 1.0, "depth_class": "0.05\u20131.0 m", "class_area_km2": 0.8447408514100406, "flooded_area_km2": 17.78648792691141, "frame_max_depth_m": 144.69788555673983, "class_mean_depth_m": 0.528070315076816, "scenario_id": "major_breach", "model_type": "Automated approximate 2D flood-routing prototype", "validated_hydraulic_output": false}, "geometry": {"type": "Polygon", "coordinates": [[[75.0755608258, 18.042782595099997], [75.0755608258, 18.0425048171], [75.0758386038, 18.0425048171], [75.0758386038, 18.042782595099997], [75.0755608258, 18.042782595099997]]]}}, {"type": "Feature", "properties": {"time_min": 60, "depth_min_m": 0.05, "depth_max_m": 1.0, "depth_class": "0.05\u20131.0 m", "class_area_km2": 0.8447408514100406, "flooded_area_km2": 17.78648792691141, "frame_max_depth_m": 144.69788555673983, "class_mean_depth_m": 0.528070315076816, "scenario_id": "major_breach", "model_type": "Automated approximate 2D flood-routing prototype", "validated_hydraulic_output": false}, "geometry": {"type": "Polygon", "coordinates": [[[75.07472749179999, 18.0425048171], [75.07472749179999, 18.0422270391], [75.07500526979999, 18.0422270391], [75.07500526979999, 18.0425048171], [75.07472749179999, 18.0425048171]]]}}, {"type": "Feature", "properties": {"time_min": 60, "depth_min_m": 0.05, "depth_max_m": 1.0, "depth_class": "0.05\u20131.0 m", "class_area_km2": 0.8447408514100406, "flooded_area_km2": 17.78648792691141, "frame_max_depth_m": 144.69788555673983, "class_mean_depth_m": 0.528070315076816, "scenario_id": "major_breach", "model_type": "Automated approximate 2D flood-routing prototype", "validated_hydraulic_output": false}, "geometry": {"type": "Polygon", "coordinates": [[[75.0850052778, 18.0425048171], [75.0850052778, 18.0413937051], [75.08528305579999, 18.0413937051], [75.08528305579999, 18.0425048171], [75.0850052778, 18.0425048171]]]}}, {"type": "Feature", "properties": {"time_min": 60, "depth_min_m": 0.05, "depth_max_m": 1.0, "depth_class": "0.05\u20131.0 m", "class_area_km2": 0.8447408514100406, "flooded_area_km2": 17.78648792691141, "frame_max_depth_m": 144.69788555673983, "class_mean_depth_m": 0.528070315076816, "scenario_id": "major_breach", "model_type": "Automated approximate 2D flood-routing prototype", "validated_hydraulic_output": false}, "geometry": {"type": "Polygon", "coordinates": [[[75.08528305579999, 18.040838149099997], [75.08528305579999, 18.040560371099996], [75.08556083379999, 18.040560371099996], [75.08556083379999, 18.040838149099997], [75.08528305579999, 18.040838149099997]]]}}, {"type": "Feature", "properties": {"time_min": 60, "depth_min_m": 0.05, "depth_max_m": 1.0, "depth_class": "0.05\u20131.0 m", "class_area_km2": 0.8447408514100406, "flooded_area_km2": 17.78648792691141, "frame_max_depth_m": 144.69788555673983, "class_mean_depth_m": 0.528070315076816, "scenario_id": "major_breach", "model_type": "Automated approximate 2D flood-routing prototype", "validated_hydraulic_output": false}, "geometry": {"type": "Polygon", "coordinates": [[[75.0858386118, 18.0391714811], [75.0858386118, 18.038893703099998], [75.0861163898, 18.038893703099998], [75.0861163898, 18.0391714811], [75.0858386118, 18.0391714811]]]}}, {"type": "Feature", "properties": {"time_min": 60, "depth_min_m": 0.05, "depth_max_m": 1.0, "depth_class": "0.05\u20131.0 m", "class_area_km2": 0.8447408514100406, "flooded_area_km2": 17.78648792691141, "frame_max_depth_m": 144.69788555673983, "class_mean_depth_m": 0.528070315076816, "scenario_id": "major_breach", "model_type": "Automated approximate 2D flood-routing prototype", "validated_hydraulic_output": false}, "geometry": {"type": "Polygon", "coordinates": [[[75.0861163898, 18.038893703099998], [75.0861163898, 18.038615925099997], [75.0863941678, 18.038615925099997], [75.0863941678, 18.038893703099998], [75.0861163898, 18.038893703099998]]]}}, {"type": "Feature", "properties": {"time_min": 60, "depth_min_m": 0.05, "depth_max_m": 1.0, "depth_class": "0.05\u20131.0 m", "class_area_km2": 0.8447408514100406, "flooded_area_km2": 17.78648792691141, "frame_max_depth_m": 144.69788555673983, "class_mean_depth_m": 0.528070315076816, "scenario_id": "major_breach", "model_type": "Automated approximate 2D flood-routing prototype", "validated_hydraulic_output": false}, "geometry": {"type": "Polygon", "coordinates": [[[75.0863941678, 18.0383381471], [75.0863941678, 18.0380603691], [75.08667194579999, 18.0380603691], [75.08667194579999, 18.0383381471], [75.0863941678, 18.0383381471]]]}}, {"type": "Feature", "properties": {"time_min": 60, "depth_min_m": 0.05, "depth_max_m": 1.0, "depth_class": "0.05\u20131.0 m", "class_area_km2": 0.8447408514100406, "flooded_area_km2": 17.78648792691141, "frame_max_depth_m": 144.69788555673983, "class_mean_depth_m": 0.528070315076816, "scenario_id": "major_breach", "model_type": "Automated approximate 2D flood-routing prototype", "validated_hydraulic_output": false}, "geometry": {"type": "Polygon", "coordinates": [[[75.08667194579999, 18.0380603691], [75.08667194579999, 18.037782591099997], [75.08694972379999, 18.037782591099997], [75.08694972379999, 18.0380603691], [75.08667194579999, 18.0380603691]]]}}, {"type": "Feature", "properties": {"time_min": 60, "depth_min_m": 0.05, "depth_max_m": 1.0, "depth_class": "0.05\u20131.0 m", "class_area_km2": 0.8447408514100406, "flooded_area_km2": 17.78648792691141, "frame_max_depth_m": 144.69788555673983, "class_mean_depth_m": 0.528070315076816, "scenario_id": "major_breach", "model_type": "Automated approximate 2D flood-routing prototype", "validated_hydraulic_output": false}, "geometry": {"type": "Polygon", "coordinates": [[[75.0816719418, 18.037782591099997], [75.0816719418, 18.037504813099996], [75.08250527579999, 18.037504813099996], [75.08250527579999, 18.037782591099997], [75.0816719418, 18.037782591099997]]]}}, {"type": "Feature", "properties": {"time_min": 60, "depth_min_m": 0.05, "depth_max_m": 1.0, "depth_class": "0.05\u20131.0 m", "class_area_km2": 0.8447408514100406, "flooded_area_km2": 17.78648792691141, "frame_max_depth_m": 144.69788555673983, "class_mean_depth_m": 0.528070315076816, "scenario_id": "major_breach", "model_type": "Automated approximate 2D flood-routing prototype", "validated_hydraulic_output": false}, "geometry": {"type": "Polygon", "coordinates": [[[75.0827830538, 18.037782591099997], [75.0827830538, 18.037504813099996], [75.0833386098, 18.037504813099996], [75.0833386098, 18.037782591099997], [75.0827830538, 18.037782591099997]]]}}, {"type": "Feature", "properties": {"time_min": 60, "depth_min_m": 0.05, "depth_max_m": 1.0, "depth_class": "0.05\u20131.0 m", "class_area_km2": 0.8447408514100406, "flooded_area_km2": 17.78648792691141, "frame_max_depth_m": 144.69788555673983, "class_mean_depth_m": 0.528070315076816, "scenario_id": "major_breach", "model_type": "Automated approximate 2D flood-routing prototype", "validated_hydraulic_output": false}, "geometry": {"type": "Polygon", "coordinates": [[[75.08694972379999, 18.037782591099997], [75.08694972379999, 18.037504813099996], [75.0872275018, 18.037504813099996], [75.0872275018, 18.037782591099997], [75.08694972379999, 18.037782591099997]]]}}, {"type": "Feature", "properties": {"time_min": 60, "depth_min_m": 0.05, "depth_max_m": 1.0, "depth_class": "0.05\u20131.0 m", "class_area_km2": 0.8447408514100406, "flooded_area_km2": 17.78648792691141, "frame_max_depth_m": 144.69788555673983, "class_mean_depth_m": 0.528070315076816, "scenario_id": "major_breach", "model_type": "Automated approximate 2D flood-routing prototype", "validated_hydraulic_output": false}, "geometry": {"type": "Polygon", "coordinates": [[[75.0813941638, 18.037504813099996], [75.0813941638, 18.0372270351], [75.0816719418, 18.0372270351], [75.0816719418, 18.037504813099996], [75.0813941638, 18.037504813099996]]]}}, {"type": "Feature", "properties": {"time_min": 60, "depth_min_m": 0.05, "depth_max_m": 1.0, "depth_class": "0.05\u20131.0 m", "class_area_km2": 0.8447408514100406, "flooded_area_km2": 17.78648792691141, "frame_max_depth_m": 144.69788555673983, "class_mean_depth_m": 0.528070315076816, "scenario_id": "major_breach", "model_type": "Automated approximate 2D flood-routing prototype", "validated_hydraulic_output": false}, "geometry": {"type": "Polygon", "coordinates": [[[75.0833386098, 18.037504813099996], [75.0833386098, 18.0372270351], [75.08361638779999, 18.0372270351], [75.08361638779999, 18.037504813099996], [75.0833386098, 18.037504813099996]]]}}, {"type": "Feature", "properties": {"time_min": 60, "depth_min_m": 0.05, "depth_max_m": 1.0, "depth_class": "0.05\u20131.0 m", "class_area_km2": 0.8447408514100406, "flooded_area_km2": 17.78648792691141, "frame_max_depth_m": 144.69788555673983, "class_mean_depth_m": 0.528070315076816, "scenario_id": "major_breach", "model_type": "Automated approximate 2D flood-routing prototype", "validated_hydraulic_output": false}, "geometry": {"type": "Polygon", "coordinates": [[[75.08361638779999, 18.0372270351], [75.08361638779999, 18.036949257099998], [75.0841719438, 18.036949257099998], [75.0841719438, 18.0372270351], [75.08361638779999, 18.0372270351]]]}}, {"type": "Feature", "properties": {"time_min": 60, "depth_min_m": 0.05, "depth_max_m": 1.0, "depth_class": "0.05\u20131.0 m", "class_area_km2": 0.8447408514100406, "flooded_area_km2": 17.78648792691141, "frame_max_depth_m": 144.69788555673983, "class_mean_depth_m": 0.528070315076816, "scenario_id": "major_breach", "model_type": "Automated approximate 2D flood-routing prototype", "validated_hydraulic_output": false}, "geometry": {"type": "Polygon", "coordinates": [[[75.0811163858, 18.0372270351], [75.0811163858, 18.036671479099997], [75.0813941638, 18.036671479099997], [75.0813941638, 18.0372270351], [75.0811163858, 18.0372270351]]]}}, {"type": "Feature", "properties": {"time_min": 60, "depth_min_m": 0.05, "depth_max_m": 1.0, "depth_class": "0.05\u20131.0 m", "class_area_km2": 0.8447408514100406, "flooded_area_km2": 17.78648792691141, "frame_max_depth_m": 144.69788555673983, "class_mean_depth_m": 0.528070315076816, "scenario_id": "major_breach", "model_type": "Automated approximate 2D flood-routing prototype", "validated_hydraulic_output": false}, "geometry": {"type": "Polygon", "coordinates": [[[75.0841719438, 18.036949257099998], [75.0841719438, 18.036671479099997], [75.0844497218, 18.036671479099997], [75.0844497218, 18.036949257099998], [75.0841719438, 18.036949257099998]]]}}, {"type": "Feature", "properties": {"time_min": 60, "depth_min_m": 0.05, "depth_max_m": 1.0, "depth_class": "0.05\u20131.0 m", "class_area_km2": 0.8447408514100406, "flooded_area_km2": 17.78648792691141, "frame_max_depth_m": 144.69788555673983, "class_mean_depth_m": 0.528070315076816, "scenario_id": "major_breach", "model_type": "Automated approximate 2D flood-routing prototype", "validated_hydraulic_output": false}, "geometry": {"type": "Polygon", "coordinates": [[[75.08083860779999, 18.036671479099997], [75.08083860779999, 18.036393701099996], [75.0811163858, 18.036393701099996], [75.0811163858, 18.036671479099997], [75.08083860779999, 18.036671479099997]]]}}, {"type": "Feature", "properties": {"time_min": 60, "depth_min_m": 0.05, "depth_max_m": 1.0, "depth_class": "0.05\u20131.0 m", "class_area_km2": 0.8447408514100406, "flooded_area_km2": 17.78648792691141, "frame_max_depth_m": 144.69788555673983, "class_mean_depth_m": 0.528070315076816, "scenario_id": "major_breach", "model_type": "Automated approximate 2D flood-routing prototype", "validated_hydraulic_output": false}, "geometry": {"type": "Polygon", "coordinates": [[[75.0844497218, 18.036671479099997], [75.0844497218, 18.036393701099996], [75.0847274998, 18.036393701099996], [75.0847274998, 18.036671479099997], [75.0844497218, 18.036671479099997]]]}}, {"type": "Feature", "properties": {"time_min": 60, "depth_min_m": 0.05, "depth_max_m": 1.0, "depth_class": "0.05\u20131.0 m", "class_area_km2": 0.8447408514100406, "flooded_area_km2": 17.78648792691141, "frame_max_depth_m": 144.69788555673983, "class_mean_depth_m": 0.528070315076816, "scenario_id": "major_breach", "model_type": "Automated approximate 2D flood-routing prototype", "validated_hydraulic_output": false}, "geometry": {"type": "Polygon", "coordinates": [[[75.08056082979999, 18.036393701099996], [75.08056082979999, 18.0361159231], [75.08083860779999, 18.0361159231], [75.08083860779999, 18.036393701099996], [75.08056082979999, 18.036393701099996]]]}}, {"type": "Feature", "properties": {"time_min": 60, "depth_min_m": 0.05, "depth_max_m": 1.0, "depth_class": "0.05\u20131.0 m", "class_area_km2": 0.8447408514100406, "flooded_area_km2": 17.78648792691141, "frame_max_depth_m": 144.69788555673983, "class_mean_depth_m": 0.528070315076816, "scenario_id": "major_breach", "model_type": "Automated approximate 2D flood-routing prototype", "validated_hydraulic_output": false}, "geometry": {"type": "Polygon", "coordinates": [[[75.0847274998, 18.036393701099996], [75.0847274998, 18.0361159231], [75.0850052778, 18.0361159231], [75.0850052778, 18.036393701099996], [75.0847274998, 18.036393701099996]]]}}, {"type": "Feature", "properties": {"time_min": 60, "depth_min_m": 0.05, "depth_max_m": 1.0, "depth_class": "0.05\u20131.0 m", "class_area_km2": 0.8447408514100406, "flooded_area_km2": 17.78648792691141, "frame_max_depth_m": 144.69788555673983, "class_mean_depth_m": 0.528070315076816, "scenario_id": "major_breach", "model_type": "Automated approximate 2D flood-routing prototype", "validated_hydraulic_output": false}, "geometry": {"type": "Polygon", "coordinates": [[[75.0802830518, 18.0361159231], [75.0802830518, 18.035838145099998], [75.08056082979999, 18.035838145099998], [75.08056082979999, 18.0361159231], [75.0802830518, 18.0361159231]]]}}, {"type": "Feature", "properties": {"time_min": 60, "depth_min_m": 0.05, "depth_max_m": 1.0, "depth_class": "0.05\u20131.0 m", "class_area_km2": 0.8447408514100406, "flooded_area_km2": 17.78648792691141, "frame_max_depth_m": 144.69788555673983, "class_mean_depth_m": 0.528070315076816, "scenario_id": "major_breach", "model_type": "Automated approximate 2D flood-routing prototype", "validated_hydraulic_output": false}, "geometry": {"type": "Polygon", "coordinates": [[[75.0800052738, 18.035838145099998], [75.0800052738, 18.035560367099997], [75.0802830518, 18.035560367099997], [75.0802830518, 18.035838145099998], [75.0800052738, 18.035838145099998]]]}}, {"type": "Feature", "properties": {"time_min": 60, "depth_min_m": 0.05, "depth_max_m": 1.0, "depth_class": "0.05\u20131.0 m", "class_area_km2": 0.8447408514100406, "flooded_area_km2": 17.78648792691141, "frame_max_depth_m": 144.69788555673983, "class_mean_depth_m": 0.528070315076816, "scenario_id": "major_breach", "model_type": "Automated approximate 2D flood-routing prototype", "validated_hydraulic_output": false}, "geometry": {"type": "Polygon", "coordinates": [[[75.0797274958, 18.035560367099997], [75.0797274958, 18.0350048111], [75.0800052738, 18.0350048111], [75.0800052738, 18.035560367099997], [75.0797274958, 18.035560367099997]]]}}, {"type": "Feature", "properties": {"time_min": 60, "depth_min_m": 1.0, "depth_max_m": 3.0, "depth_class": "1.0\u20133.0 m", "class_area_km2": 1.741826755578396, "flooded_area_km2": 17.78648792691141, "frame_max_depth_m": 144.69788555673983, "class_mean_depth_m": 1.9740615143226756, "scenario_id": "major_breach", "model_type": "Automated approximate 2D flood-routing prototype", "validated_hydraulic_output": false}, "geometry": {"type": "Polygon", "coordinates": [[[75.11694974779999, 18.113615985099997], [75.11694974779999, 18.113338207099996], [75.11722752579999, 18.113338207099996], [75.11722752579999, 18.113615985099997], [75.11694974779999, 18.113615985099997]]]}}, {"type": "Feature", "properties": {"time_min": 60, "depth_min_m": 1.0, "depth_max_m": 3.0, "depth_class": "1.0\u20133.0 m", "class_area_km2": 1.741826755578396, "flooded_area_km2": 17.78648792691141, "frame_max_depth_m": 144.69788555673983, "class_mean_depth_m": 1.9740615143226756, "scenario_id": "major_breach", "model_type": "Automated approximate 2D flood-routing prototype", "validated_hydraulic_output": false}, "geometry": {"type": "Polygon", "coordinates": [[[75.1175053038, 18.113615985099997], [75.1175053038, 18.113338207099996], [75.1180608598, 18.113338207099996], [75.1180608598, 18.113615985099997], [75.1175053038, 18.113615985099997]]]}}, {"type": "Feature", "properties": {"time_min": 60, "depth_min_m": 1.0, "depth_max_m": 3.0, "depth_class": "1.0\u20133.0 m", "class_area_km2": 1.741826755578396, "flooded_area_km2": 17.78648792691141, "frame_max_depth_m": 144.69788555673983, "class_mean_depth_m": 1.9740615143226756, "scenario_id": "major_breach", "model_type": "Automated approximate 2D flood-routing prototype", "validated_hydraulic_output": false}, "geometry": {"type": "Polygon", "coordinates": [[[75.1161164138, 18.113338207099996], [75.1161164138, 18.1130604291], [75.1163941918, 18.1130604291], [75.1163941918, 18.113338207099996], [75.1161164138, 18.113338207099996]]]}}, {"type": "Feature", "properties": {"time_min": 60, "depth_min_m": 1.0, "depth_max_m": 3.0, "depth_class": "1.0\u20133.0 m", "class_area_km2": 1.741826755578396, "flooded_area_km2": 17.78648792691141, "frame_max_depth_m": 144.69788555673983, "class_mean_depth_m": 1.9740615143226756, "scenario_id": "major_breach", "model_type": "Automated approximate 2D flood-routing prototype", "validated_hydraulic_output": false}, "geometry": {"type": "Polygon", "coordinates": [[[75.1130608558, 18.112504873099997], [75.1130608558, 18.1119493171], [75.1133386338, 18.1119493171], [75.1133386338, 18.112504873099997], [75.1130608558, 18.112504873099997]]]}}, {"type": "Feature", "properties": {"time_min": 60, "depth_min_m": 1.0, "depth_max_m": 3.0, "depth_class": "1.0\u20133.0 m", "class_area_km2": 1.741826755578396, "flooded_area_km2": 17.78648792691141, "frame_max_depth_m": 144.69788555673983, "class_mean_depth_m": 1.9740615143226756, "scenario_id": "major_breach", "model_type": "Automated approximate 2D flood-routing prototype", "validated_hydraulic_output": false}, "geometry": {"type": "Polygon", "coordinates": [[[75.1136164118, 18.111671539099998], [75.1136164118, 18.111393761099997], [75.11389418979999, 18.111393761099997], [75.11389418979999, 18.111671539099998], [75.1136164118, 18.111671539099998]]]}}, {"type": "Feature", "properties": {"time_min": 60, "depth_min_m": 1.0, "depth_max_m": 3.0, "depth_class": "1.0\u20133.0 m", "class_area_km2": 1.741826755578396, "flooded_area_km2": 17.78648792691141, "frame_max_depth_m": 144.69788555673983, "class_mean_depth_m": 1.9740615143226756, "scenario_id": "major_breach", "model_type": "Automated approximate 2D flood-routing prototype", "validated_hydraulic_output": false}, "geometry": {"type": "Polygon", "coordinates": [[[75.1152830798, 18.111671539099998], [75.1152830798, 18.111393761099997], [75.11556085779999, 18.111393761099997], [75.11556085779999, 18.111671539099998], [75.1152830798, 18.111671539099998]]]}}, {"type": "Feature", "properties": {"time_min": 60, "depth_min_m": 1.0, "depth_max_m": 3.0, "depth_class": "1.0\u20133.0 m", "class_area_km2": 1.741826755578396, "flooded_area_km2": 17.78648792691141, "frame_max_depth_m": 144.69788555673983, "class_mean_depth_m": 1.9740615143226756, "scenario_id": "major_breach", "model_type": "Automated approximate 2D flood-routing prototype", "validated_hydraulic_output": false}, "geometry": {"type": "Polygon", "coordinates": [[[75.11417196779999, 18.111393761099997], [75.11417196779999, 18.1111159831], [75.11444974579999, 18.1111159831], [75.11444974579999, 18.111393761099997], [75.11417196779999, 18.111393761099997]]]}}, {"type": "Feature", "properties": {"time_min": 60, "depth_min_m": 1.0, "depth_max_m": 3.0, "depth_class": "1.0\u20133.0 m", "class_area_km2": 1.741826755578396, "flooded_area_km2": 17.78648792691141, "frame_max_depth_m": 144.69788555673983, "class_mean_depth_m": 1.9740615143226756, "scenario_id": "major_breach", "model_type": "Automated approximate 2D flood-routing prototype", "validated_hydraulic_output": false}, "geometry": {"type": "Polygon", "coordinates": [[[75.1147275238, 18.111393761099997], [75.1147275238, 18.1111159831], [75.1150053018, 18.1111159831], [75.1150053018, 18.111393761099997], [75.1147275238, 18.111393761099997]]]}}, {"type": "Feature", "properties": {"time_min": 60, "depth_min_m": 1.0, "depth_max_m": 3.0, "depth_class": "1.0\u20133.0 m", "class_area_km2": 1.741826755578396, "flooded_area_km2": 17.78648792691141, "frame_max_depth_m": 144.69788555673983, "class_mean_depth_m": 1.9740615143226756, "scenario_id": "major_breach", "model_type": "Automated approximate 2D flood-routing prototype", "validated_hydraulic_output": false}, "geometry": {"type": "Polygon", "coordinates": [[[75.1388942098, 18.1038937551], [75.1388942098, 18.1036159771], [75.1391719878, 18.1036159771], [75.1391719878, 18.1038937551], [75.1388942098, 18.1038937551]]]}}, {"type": "Feature", "properties": {"time_min": 60, "depth_min_m": 1.0, "depth_max_m": 3.0, "depth_class": "1.0\u20133.0 m", "class_area_km2": 1.741826755578396, "flooded_area_km2": 17.78648792691141, "frame_max_depth_m": 144.69788555673983, "class_mean_depth_m": 1.9740615143226756, "scenario_id": "major_breach", "model_type": "Automated approximate 2D flood-routing prototype", "validated_hydraulic_output": false}, "geometry": {"type": "Polygon", "coordinates": [[[75.1375053198, 18.1036159771], [75.1375053198, 18.103338199099998], [75.1377830978, 18.103338199099998], [75.1377830978, 18.1036159771], [75.1375053198, 18.1036159771]]]}}, {"type": "Feature", "properties": {"time_min": 60, "depth_min_m": 1.0, "depth_max_m": 3.0, "depth_class": "1.0\u20133.0 m", "class_area_km2": 1.741826755578396, "flooded_area_km2": 17.78648792691141, "frame_max_depth_m": 144.69788555673983, "class_mean_depth_m": 1.9740615143226756, "scenario_id": "major_breach", "model_type": "Automated approximate 2D flood-routing prototype", "validated_hydraulic_output": false}, "geometry": {"type": "Polygon", "coordinates": [[[75.1350053178, 18.103338199099998], [75.1350053178, 18.103060421099997], [75.1358386518, 18.103060421099997], [75.1358386518, 18.103338199099998], [75.1350053178, 18.103338199099998]]]}}, {"type": "Feature", "properties": {"time_min": 60, "depth_min_m": 1.0, "depth_max_m": 3.0, "depth_class": "1.0\u20133.0 m", "class_area_km2": 1.741826755578396, "flooded_area_km2": 17.78648792691141, "frame_max_depth_m": 144.69788555673983, "class_mean_depth_m": 1.9740615143226756, "scenario_id": "major_breach", "model_type": "Automated approximate 2D flood-routing prototype", "validated_hydraulic_output": false}, "geometry": {"type": "Polygon", "coordinates": [[[75.1372275418, 18.103338199099998], [75.1372275418, 18.103060421099997], [75.1375053198, 18.103060421099997], [75.1375053198, 18.103338199099998], [75.1372275418, 18.103338199099998]]]}}, {"type": "Feature", "properties": {"time_min": 60, "depth_min_m": 1.0, "depth_max_m": 3.0, "depth_class": "1.0\u20133.0 m", "class_area_km2": 1.741826755578396, "flooded_area_km2": 17.78648792691141, "frame_max_depth_m": 144.69788555673983, "class_mean_depth_m": 1.9740615143226756, "scenario_id": "major_breach", "model_type": "Automated approximate 2D flood-routing prototype", "validated_hydraulic_output": false}, "geometry": {"type": "Polygon", "coordinates": [[[75.1377830978, 18.103338199099998], [75.1377830978, 18.103060421099997], [75.1380608758, 18.103060421099997], [75.1380608758, 18.103338199099998], [75.1377830978, 18.103338199099998]]]}}, {"type": "Feature", "properties": {"time_min": 60, "depth_min_m": 1.0, "depth_max_m": 3.0, "depth_class": "1.0\u20133.0 m", "class_area_km2": 1.741826755578396, "flooded_area_km2": 17.78648792691141, "frame_max_depth_m": 144.69788555673983, "class_mean_depth_m": 1.9740615143226756, "scenario_id": "major_breach", "model_type": "Automated approximate 2D flood-routing prototype", "validated_hydraulic_output": false}, "geometry": {"type": "Polygon", "coordinates": [[[75.1388942098, 18.103338199099998], [75.1388942098, 18.103060421099997], [75.1391719878, 18.103060421099997], [75.1391719878, 18.103338199099998], [75.1388942098, 18.103338199099998]]]}}, {"type": "Feature", "properties": {"time_min": 60, "depth_min_m": 1.0, "depth_max_m": 3.0, "depth_class": "1.0\u20133.0 m", "class_area_km2": 1.741826755578396, "flooded_area_km2": 17.78648792691141, "frame_max_depth_m": 144.69788555673983, "class_mean_depth_m": 1.9740615143226756, "scenario_id": "major_breach", "model_type": "Automated approximate 2D flood-routing prototype", "validated_hydraulic_output": false}, "geometry": {"type": "Polygon", "coordinates": [[[75.13361642779999, 18.103060421099997], [75.13361642779999, 18.1027826431], [75.13389420579999, 18.1027826431], [75.13389420579999, 18.103060421099997], [75.13361642779999, 18.103060421099997]]]}}, {"type": "Feature", "properties": {"time_min": 60, "depth_min_m": 1.0, "depth_max_m": 3.0, "depth_class": "1.0\u20133.0 m", "class_area_km2": 1.741826755578396, "flooded_area_km2": 17.78648792691141, "frame_max_depth_m": 144.69788555673983, "class_mean_depth_m": 1.9740615143226756, "scenario_id": "major_breach", "model_type": "Automated approximate 2D flood-routing prototype", "validated_hydraulic_output": false}, "geometry": {"type": "Polygon", "coordinates": [[[75.1375053198, 18.103060421099997], [75.1375053198, 18.1027826431], [75.1377830978, 18.1027826431], [75.1377830978, 18.103060421099997], [75.1375053198, 18.103060421099997]]]}}, {"type": "Feature", "properties": {"time_min": 60, "depth_min_m": 1.0, "depth_max_m": 3.0, "depth_class": "1.0\u20133.0 m", "class_area_km2": 1.741826755578396, "flooded_area_km2": 17.78648792691141, "frame_max_depth_m": 144.69788555673983, "class_mean_depth_m": 1.9740615143226756, "scenario_id": "major_breach", "model_type": "Automated approximate 2D flood-routing prototype", "validated_hydraulic_output": false}, "geometry": {"type": "Polygon", "coordinates": [[[75.13417198379999, 18.103060421099997], [75.13417198379999, 18.1025048651], [75.1344497618, 18.1025048651], [75.1344497618, 18.103060421099997], [75.13417198379999, 18.103060421099997]]]}}, {"type": "Feature", "properties": {"time_min": 60, "depth_min_m": 1.0, "depth_max_m": 3.0, "depth_class": "1.0\u20133.0 m", "class_area_km2": 1.741826755578396, "flooded_area_km2": 17.78648792691141, "frame_max_depth_m": 144.69788555673983, "class_mean_depth_m": 1.9740615143226756, "scenario_id": "major_breach", "model_type": "Automated approximate 2D flood-routing prototype", "validated_hydraulic_output": false}, "geometry": {"type": "Polygon", "coordinates": [[[75.1402830998, 18.103060421099997], [75.1402830998, 18.1025048651], [75.1405608778, 18.1025048651], [75.1405608778, 18.103060421099997], [75.1402830998, 18.103060421099997]]]}}, {"type": "Feature", "properties": {"time_min": 60, "depth_min_m": 1.0, "depth_max_m": 3.0, "depth_class": "1.0\u20133.0 m", "class_area_km2": 1.741826755578396, "flooded_area_km2": 17.78648792691141, "frame_max_depth_m": 144.69788555673983, "class_mean_depth_m": 1.9740615143226756, "scenario_id": "major_breach", "model_type": "Automated approximate 2D flood-routing prototype", "validated_hydraulic_output": false}, "geometry": {"type": "Polygon", "coordinates": [[[75.1408386558, 18.1027826431], [75.1408386558, 18.1025048651], [75.1411164338, 18.1025048651], [75.1411164338, 18.1027826431], [75.1408386558, 18.1027826431]]]}}, {"type": "Feature", "properties": {"time_min": 60, "depth_min_m": 1.0, "depth_max_m": 3.0, "depth_class": "1.0\u20133.0 m", "class_area_km2": 1.741826755578396, "flooded_area_km2": 17.78648792691141, "frame_max_depth_m": 144.69788555673983, "class_mean_depth_m": 1.9740615143226756, "scenario_id": "major_breach", "model_type": "Automated approximate 2D flood-routing prototype", "validated_hydraulic_output": false}, "geometry": {"type": "Polygon", "coordinates": [[[75.1333386498, 18.1027826431], [75.1333386498, 18.102227087099998], [75.13361642779999, 18.102227087099998], [75.13361642779999, 18.1027826431], [75.1333386498, 18.1027826431]]]}}, {"type": "Feature", "properties": {"time_min": 60, "depth_min_m": 1.0, "depth_max_m": 3.0, "depth_class": "1.0\u20133.0 m", "class_area_km2": 1.741826755578396, "flooded_area_km2": 17.78648792691141, "frame_max_depth_m": 144.69788555673983, "class_mean_depth_m": 1.9740615143226756, "scenario_id": "major_breach", "model_type": "Automated approximate 2D flood-routing prototype", "validated_hydraulic_output": false}, "geometry": {"type": "Polygon", "coordinates": [[[75.13250531579999, 18.1025048651], [75.13250531579999, 18.102227087099998], [75.1330608718, 18.102227087099998], [75.1330608718, 18.1025048651], [75.13250531579999, 18.1025048651]]]}}, {"type": "Feature", "properties": {"time_min": 60, "depth_min_m": 1.0, "depth_max_m": 3.0, "depth_class": "1.0\u20133.0 m", "class_area_km2": 1.741826755578396, "flooded_area_km2": 17.78648792691141, "frame_max_depth_m": 144.69788555673983, "class_mean_depth_m": 1.9740615143226756, "scenario_id": "major_breach", "model_type": "Automated approximate 2D flood-routing prototype", "validated_hydraulic_output": false}, "geometry": {"type": "Polygon", "coordinates": [[[75.1394497658, 18.1025048651], [75.1394497658, 18.102227087099998], [75.13972754379999, 18.102227087099998], [75.13972754379999, 18.1025048651], [75.1394497658, 18.1025048651]]]}}, {"type": "Feature", "properties": {"time_min": 60, "depth_min_m": 1.0, "depth_max_m": 3.0, "depth_class": "1.0\u20133.0 m", "class_area_km2": 1.741826755578396, "flooded_area_km2": 17.78648792691141, "frame_max_depth_m": 144.69788555673983, "class_mean_depth_m": 1.9740615143226756, "scenario_id": "major_breach", "model_type": "Automated approximate 2D flood-routing prototype", "validated_hydraulic_output": false}, "geometry": {"type": "Polygon", "coordinates": [[[75.14167198979999, 18.101949309099997], [75.14167198979999, 18.1016715311], [75.1419497678, 18.1016715311], [75.1419497678, 18.101949309099997], [75.14167198979999, 18.101949309099997]]]}}, {"type": "Feature", "properties": {"time_min": 60, "depth_min_m": 1.0, "depth_max_m": 3.0, "depth_class": "1.0\u20133.0 m", "class_area_km2": 1.741826755578396, "flooded_area_km2": 17.78648792691141, "frame_max_depth_m": 144.69788555673983, "class_mean_depth_m": 1.9740615143226756, "scenario_id": "major_breach", "model_type": "Automated approximate 2D flood-routing prototype", "validated_hydraulic_output": false}, "geometry": {"type": "Polygon", "coordinates": [[[75.13222753779999, 18.101949309099997], [75.13222753779999, 18.1016715311], [75.13250531579999, 18.1016715311], [75.13250531579999, 18.101393753099998], [75.1327830938, 18.101393753099998], [75.1327830938, 18.1016715311], [75.1330608718, 18.1016715311], [75.1330608718, 18.101949309099997], [75.13222753779999, 18.101949309099997]]]}}, {"type": "Feature", "properties": {"time_min": 60, "depth_min_m": 1.0, "depth_max_m": 3.0, "depth_class": "1.0\u20133.0 m", "class_area_km2": 1.741826755578396, "flooded_area_km2": 17.78648792691141, "frame_max_depth_m": 144.69788555673983, "class_mean_depth_m": 1.9740615143226756, "scenario_id": "major_breach", "model_type": "Automated approximate 2D flood-routing prototype", "validated_hydraulic_output": false}, "geometry": {"type": "Polygon", "coordinates": [[[75.14000532179999, 18.101949309099997], [75.14000532179999, 18.101393753099998], [75.1408386558, 18.101393753099998], [75.1408386558, 18.1016715311], [75.1402830998, 18.1016715311], [75.1402830998, 18.101949309099997], [75.14000532179999, 18.101949309099997]]]}}, {"type": "Feature", "properties": {"time_min": 60, "depth_min_m": 1.0, "depth_max_m": 3.0, "depth_class": "1.0\u20133.0 m", "class_area_km2": 1.741826755578396, "flooded_area_km2": 17.78648792691141, "frame_max_depth_m": 144.69788555673983, "class_mean_depth_m": 1.9740615143226756, "scenario_id": "major_breach", "model_type": "Automated approximate 2D flood-routing prototype", "validated_hydraulic_output": false}, "geometry": {"type": "Polygon", "coordinates": [[[75.1422275458, 18.1016715311], [75.1422275458, 18.101393753099998], [75.1425053238, 18.101393753099998], [75.1425053238, 18.1016715311], [75.1422275458, 18.1016715311]]]}}, {"type": "Feature", "properties": {"time_min": 60, "depth_min_m": 1.0, "depth_max_m": 3.0, "depth_class": "1.0\u20133.0 m", "class_area_km2": 1.741826755578396, "flooded_area_km2": 17.78648792691141, "frame_max_depth_m": 144.69788555673983, "class_mean_depth_m": 1.9740615143226756, "scenario_id": "major_breach", "model_type": "Automated approximate 2D flood-routing prototype", "validated_hydraulic_output": false}, "geometry": {"type": "Polygon", "coordinates": [[[75.1411164338, 18.101393753099998], [75.1411164338, 18.101115975099997], [75.14139421179999, 18.101115975099997], [75.14139421179999, 18.101393753099998], [75.1411164338, 18.101393753099998]]]}}, {"type": "Feature", "properties": {"time_min": 60, "depth_min_m": 1.0, "depth_max_m": 3.0, "depth_class": "1.0\u20133.0 m", "class_area_km2": 1.741826755578396, "flooded_area_km2": 17.78648792691141, "frame_max_depth_m": 144.69788555673983, "class_mean_depth_m": 1.9740615143226756, "scenario_id": "major_breach", "model_type": "Automated approximate 2D flood-routing prototype", "validated_hydraulic_output": false}, "geometry": {"type": "Polygon", "coordinates": [[[75.1419497678, 18.101115975099997], [75.1419497678, 18.100838197099996], [75.1422275458, 18.100838197099996], [75.1422275458, 18.101115975099997], [75.1419497678, 18.101115975099997]]]}}, {"type": "Feature", "properties": {"time_min": 60, "depth_min_m": 1.0, "depth_max_m": 3.0, "depth_class": "1.0\u20133.0 m", "class_area_km2": 1.741826755578396, "flooded_area_km2": 17.78648792691141, "frame_max_depth_m": 144.69788555673983, "class_mean_depth_m": 1.9740615143226756, "scenario_id": "major_breach", "model_type": "Automated approximate 2D flood-routing prototype", "validated_hydraulic_output": false}, "geometry": {"type": "Polygon", "coordinates": [[[75.1316719818, 18.100838197099996], [75.1316719818, 18.1005604191], [75.1319497598, 18.1005604191], [75.1319497598, 18.100838197099996], [75.1316719818, 18.100838197099996]]]}}, {"type": "Feature", "properties": {"time_min": 60, "depth_min_m": 1.0, "depth_max_m": 3.0, "depth_class": "1.0\u20133.0 m", "class_area_km2": 1.741826755578396, "flooded_area_km2": 17.78648792691141, "frame_max_depth_m": 144.69788555673983, "class_mean_depth_m": 1.9740615143226756, "scenario_id": "major_breach", "model_type": "Automated approximate 2D flood-routing prototype", "validated_hydraulic_output": false}, "geometry": {"type": "Polygon", "coordinates": [[[75.1305608698, 18.100838197099996], [75.1305608698, 18.100282641099998], [75.13083864779999, 18.100282641099998], [75.13083864779999, 18.100004863099997], [75.13111642579999, 18.100004863099997], [75.13111642579999, 18.1005604191], [75.13083864779999, 18.1005604191], [75.13083864779999, 18.100838197099996], [75.1305608698, 18.100838197099996]]]}}, {"type": "Feature", "properties": {"time_min": 60, "depth_min_m": 1.0, "depth_max_m": 3.0, "depth_class": "1.0\u20133.0 m", "class_area_km2": 1.741826755578396, "flooded_area_km2": 17.78648792691141, "frame_max_depth_m": 144.69788555673983, "class_mean_depth_m": 1.9740615143226756, "scenario_id": "major_breach", "model_type": "Automated approximate 2D flood-routing prototype", "validated_hydraulic_output": false}, "geometry": {"type": "Polygon", "coordinates": [[[75.1302830918, 18.100282641099998], [75.1302830918, 18.100004863099997], [75.1305608698, 18.100004863099997], [75.1305608698, 18.100282641099998], [75.1302830918, 18.100282641099998]]]}}, {"type": "Feature", "properties": {"time_min": 60, "depth_min_m": 1.0, "depth_max_m": 3.0, "depth_class": "1.0\u20133.0 m", "class_area_km2": 1.741826755578396, "flooded_area_km2": 17.78648792691141, "frame_max_depth_m": 144.69788555673983, "class_mean_depth_m": 1.9740615143226756, "scenario_id": "major_breach", "model_type": "Automated approximate 2D flood-routing prototype", "validated_hydraulic_output": false}, "geometry": {"type": "Polygon", "coordinates": [[[75.1300053138, 18.100004863099997], [75.1300053138, 18.0997270851], [75.1302830918, 18.0997270851], [75.1302830918, 18.100004863099997], [75.1300053138, 18.100004863099997]]]}}, {"type": "Feature", "properties": {"time_min": 60, "depth_min_m": 1.0, "depth_max_m": 3.0, "depth_class": "1.0\u20133.0 m", "class_area_km2": 1.741826755578396, "flooded_area_km2": 17.78648792691141, "frame_max_depth_m": 144.69788555673983, "class_mean_depth_m": 1.9740615143226756, "scenario_id": "major_breach", "model_type": "Automated approximate 2D flood-routing prototype", "validated_hydraulic_output": false}, "geometry": {"type": "Polygon", "coordinates": [[[75.13833865379999, 18.100004863099997], [75.13833865379999, 18.0997270851], [75.13861643179999, 18.0997270851], [75.13861643179999, 18.100004863099997], [75.13833865379999, 18.100004863099997]]]}}, {"type": "Feature", "properties": {"time_min": 60, "depth_min_m": 1.0, "depth_max_m": 3.0, "depth_class": "1.0\u20133.0 m", "class_area_km2": 1.741826755578396, "flooded_area_km2": 17.78648792691141, "frame_max_depth_m": 144.69788555673983, "class_mean_depth_m": 1.9740615143226756, "scenario_id": "major_breach", "model_type": "Automated approximate 2D flood-routing prototype", "validated_hydraulic_output": false}, "geometry": {"type": "Polygon", "coordinates": [[[75.14000532179999, 18.100004863099997], [75.14000532179999, 18.0997270851], [75.1402830998, 18.0997270851], [75.1402830998, 18.100004863099997], [75.14000532179999, 18.100004863099997]]]}}, {"type": "Feature", "properties": {"time_min": 60, "depth_min_m": 1.0, "depth_max_m": 3.0, "depth_class": "1.0\u20133.0 m", "class_area_km2": 1.741826755578396, "flooded_area_km2": 17.78648792691141, "frame_max_depth_m": 144.69788555673983, "class_mean_depth_m": 1.9740615143226756, "scenario_id": "major_breach", "model_type": "Automated approximate 2D flood-routing prototype", "validated_hydraulic_output": false}, "geometry": {"type": "Polygon", "coordinates": [[[75.14167198979999, 18.100004863099997], [75.14167198979999, 18.0997270851], [75.1419497678, 18.0997270851], [75.1419497678, 18.100004863099997], [75.14167198979999, 18.100004863099997]]]}}, {"type": "Feature", "properties": {"time_min": 60, "depth_min_m": 1.0, "depth_max_m": 3.0, "depth_class": "1.0\u20133.0 m", "class_area_km2": 1.741826755578396, "flooded_area_km2": 17.78648792691141, "frame_max_depth_m": 144.69788555673983, "class_mean_depth_m": 1.9740615143226756, "scenario_id": "major_breach", "model_type": "Automated approximate 2D flood-routing prototype", "validated_hydraulic_output": false}, "geometry": {"type": "Polygon", "coordinates": [[[75.1302830918, 18.0994493071], [75.1302830918, 18.099171529099998], [75.1305608698, 18.099171529099998], [75.1305608698, 18.0994493071], [75.1302830918, 18.0994493071]]]}}, {"type": "Feature", "properties": {"time_min": 60, "depth_min_m": 1.0, "depth_max_m": 3.0, "depth_class": "1.0\u20133.0 m", "class_area_km2": 1.741826755578396, "flooded_area_km2": 17.78648792691141, "frame_max_depth_m": 144.69788555673983, "class_mean_depth_m": 1.9740615143226756, "scenario_id": "major_breach", "model_type": "Automated approximate 2D flood-routing prototype", "validated_hydraulic_output": false}, "geometry": {"type": "Polygon", "coordinates": [[[75.1305608698, 18.098893751099997], [75.1305608698, 18.0986159731], [75.13111642579999, 18.0986159731], [75.13111642579999, 18.098893751099997], [75.1305608698, 18.098893751099997]]]}}, {"type": "Feature", "properties": {"time_min": 60, "depth_min_m": 1.0, "depth_max_m": 3.0, "depth_class": "1.0\u20133.0 m", "class_area_km2": 1.741826755578396, "flooded_area_km2": 17.78648792691141, "frame_max_depth_m": 144.69788555673983, "class_mean_depth_m": 1.9740615143226756, "scenario_id": "major_breach", "model_type": "Automated approximate 2D flood-routing prototype", "validated_hydraulic_output": false}, "geometry": {"type": "Polygon", "coordinates": [[[75.13083864779999, 18.0983381951], [75.13083864779999, 18.098060417099997], [75.13111642579999, 18.098060417099997], [75.13111642579999, 18.0983381951], [75.13083864779999, 18.0983381951]]]}}, {"type": "Feature", "properties": {"time_min": 60, "depth_min_m": 1.0, "depth_max_m": 3.0, "depth_class": "1.0\u20133.0 m", "class_area_km2": 1.741826755578396, "flooded_area_km2": 17.78648792691141, "frame_max_depth_m": 144.69788555673983, "class_mean_depth_m": 1.9740615143226756, "scenario_id": "major_breach", "model_type": "Automated approximate 2D flood-routing prototype", "validated_hydraulic_output": false}, "geometry": {"type": "Polygon", "coordinates": [[[75.14167198979999, 18.098060417099997], [75.14167198979999, 18.097782639099997], [75.1419497678, 18.097782639099997], [75.1419497678, 18.098060417099997], [75.14167198979999, 18.098060417099997]]]}}, {"type": "Feature", "properties": {"time_min": 60, "depth_min_m": 1.0, "depth_max_m": 3.0, "depth_class": "1.0\u20133.0 m", "class_area_km2": 1.741826755578396, "flooded_area_km2": 17.78648792691141, "frame_max_depth_m": 144.69788555673983, "class_mean_depth_m": 1.9740615143226756, "scenario_id": "major_breach", "model_type": "Automated approximate 2D flood-routing prototype", "validated_hydraulic_output": false}, "geometry": {"type": "Polygon", "coordinates": [[[75.1302830918, 18.098060417099997], [75.1302830918, 18.0975048611], [75.1305608698, 18.0975048611], [75.1305608698, 18.098060417099997], [75.1302830918, 18.098060417099997]]]}}, {"type": "Feature", "properties": {"time_min": 60, "depth_min_m": 1.0, "depth_max_m": 3.0, "depth_class": "1.0\u20133.0 m", "class_area_km2": 1.741826755578396, "flooded_area_km2": 17.78648792691141, "frame_max_depth_m": 144.69788555673983, "class_mean_depth_m": 1.9740615143226756, "scenario_id": "major_breach", "model_type": "Automated approximate 2D flood-routing prototype", "validated_hydraulic_output": false}, "geometry": {"type": "Polygon", "coordinates": [[[75.1305608698, 18.0975048611], [75.1305608698, 18.097227083099998], [75.13083864779999, 18.097227083099998], [75.13083864779999, 18.0975048611], [75.1305608698, 18.0975048611]]]}}, {"type": "Feature", "properties": {"time_min": 60, "depth_min_m": 1.0, "depth_max_m": 3.0, "depth_class": "1.0\u20133.0 m", "class_area_km2": 1.741826755578396, "flooded_area_km2": 17.78648792691141, "frame_max_depth_m": 144.69788555673983, "class_mean_depth_m": 1.9740615143226756, "scenario_id": "major_breach", "model_type": "Automated approximate 2D flood-routing prototype", "validated_hydraulic_output": false}, "geometry": {"type": "Polygon", "coordinates": [[[75.1302830918, 18.096671527099996], [75.1302830918, 18.0963937491], [75.1305608698, 18.0963937491], [75.1305608698, 18.096671527099996], [75.1302830918, 18.096671527099996]]]}}, {"type": "Feature", "properties": {"time_min": 60, "depth_min_m": 1.0, "depth_max_m": 3.0, "depth_class": "1.0\u20133.0 m", "class_area_km2": 1.741826755578396, "flooded_area_km2": 17.78648792691141, "frame_max_depth_m": 144.69788555673983, "class_mean_depth_m": 1.9740615143226756, "scenario_id": "major_breach", "model_type": "Automated approximate 2D flood-routing prototype", "validated_hydraulic_output": false}, "geometry": {"type": "Polygon", "coordinates": [[[75.12944975779999, 18.095838193099997], [75.12944975779999, 18.0955604151], [75.1297275358, 18.0955604151], [75.1297275358, 18.095838193099997], [75.12944975779999, 18.095838193099997]]]}}, {"type": "Feature", "properties": {"time_min": 60, "depth_min_m": 1.0, "depth_max_m": 3.0, "depth_class": "1.0\u20133.0 m", "class_area_km2": 1.741826755578396, "flooded_area_km2": 17.78648792691141, "frame_max_depth_m": 144.69788555673983, "class_mean_depth_m": 1.9740615143226756, "scenario_id": "major_breach", "model_type": "Automated approximate 2D flood-routing prototype", "validated_hydraulic_output": false}, "geometry": {"type": "Polygon", "coordinates": [[[75.1297275358, 18.0955604151], [75.1297275358, 18.0952826371], [75.1300053138, 18.0952826371], [75.1300053138, 18.0955604151], [75.1297275358, 18.0955604151]]]}}, {"type": "Feature", "properties": {"time_min": 60, "depth_min_m": 1.0, "depth_max_m": 3.0, "depth_class": "1.0\u20133.0 m", "class_area_km2": 1.741826755578396, "flooded_area_km2": 17.78648792691141, "frame_max_depth_m": 144.69788555673983, "class_mean_depth_m": 1.9740615143226756, "scenario_id": "major_breach", "model_type": "Automated approximate 2D flood-routing prototype", "validated_hydraulic_output": false}, "geometry": {"type": "Polygon", "coordinates": [[[75.12944975779999, 18.0952826371], [75.12944975779999, 18.0944493031], [75.1297275358, 18.0944493031], [75.1297275358, 18.0952826371], [75.12944975779999, 18.0952826371]]]}}, {"type": "Feature", "properties": {"time_min": 60, "depth_min_m": 1.0, "depth_max_m": 3.0, "depth_class": "1.0\u20133.0 m", "class_area_km2": 1.741826755578396, "flooded_area_km2": 17.78648792691141, "frame_max_depth_m": 144.69788555673983, "class_mean_depth_m": 1.9740615143226756, "scenario_id": "major_breach", "model_type": "Automated approximate 2D flood-routing prototype", "validated_hydraulic_output": false}, "geometry": {"type": "Polygon", "coordinates": [[[75.1452831038, 18.094727081099997], [75.1452831038, 18.0944493031], [75.1455608818, 18.0944493031], [75.1455608818, 18.094727081099997], [75.1452831038, 18.094727081099997]]]}}, {"type": "Feature", "properties": {"time_min": 60, "depth_min_m": 1.0, "depth_max_m": 3.0, "depth_class": "1.0\u20133.0 m", "class_area_km2": 1.741826755578396, "flooded_area_km2": 17.78648792691141, "frame_max_depth_m": 144.69788555673983, "class_mean_depth_m": 1.9740615143226756, "scenario_id": "major_breach", "model_type": "Automated approximate 2D flood-routing prototype", "validated_hydraulic_output": false}, "geometry": {"type": "Polygon", "coordinates": [[[75.12917197979999, 18.0944493031], [75.12917197979999, 18.093893747099997], [75.12944975779999, 18.093893747099997], [75.12944975779999, 18.0944493031], [75.12917197979999, 18.0944493031]]]}}, {"type": "Feature", "properties": {"time_min": 60, "depth_min_m": 1.0, "depth_max_m": 3.0, "depth_class": "1.0\u20133.0 m", "class_area_km2": 1.741826755578396, "flooded_area_km2": 17.78648792691141, "frame_max_depth_m": 144.69788555673983, "class_mean_depth_m": 1.9740615143226756, "scenario_id": "major_breach", "model_type": "Automated approximate 2D flood-routing prototype", "validated_hydraulic_output": false}, "geometry": {"type": "Polygon", "coordinates": [[[75.1497275518, 18.093893747099997], [75.1497275518, 18.093615969099996], [75.1500053298, 18.093615969099996], [75.1500053298, 18.093893747099997], [75.1497275518, 18.093893747099997]]]}}, {"type": "Feature", "properties": {"time_min": 60, "depth_min_m": 1.0, "depth_max_m": 3.0, "depth_class": "1.0\u20133.0 m", "class_area_km2": 1.741826755578396, "flooded_area_km2": 17.78648792691141, "frame_max_depth_m": 144.69788555673983, "class_mean_depth_m": 1.9740615143226756, "scenario_id": "major_breach", "model_type": "Automated approximate 2D flood-routing prototype", "validated_hydraulic_output": false}, "geometry": {"type": "Polygon", "coordinates": [[[75.1455608818, 18.0933381911], [75.1455608818, 18.093060413099998], [75.14583865979999, 18.093060413099998], [75.14583865979999, 18.0933381911], [75.1455608818, 18.0933381911]]]}}, {"type": "Feature", "properties": {"time_min": 60, "depth_min_m": 1.0, "depth_max_m": 3.0, "depth_class": "1.0\u20133.0 m", "class_area_km2": 1.741826755578396, "flooded_area_km2": 17.78648792691141, "frame_max_depth_m": 144.69788555673983, "class_mean_depth_m": 1.9740615143226756, "scenario_id": "major_breach", "model_type": "Automated approximate 2D flood-routing prototype", "validated_hydraulic_output": false}, "geometry": {"type": "Polygon", "coordinates": [[[75.12917197979999, 18.0922270791], [75.12917197979999, 18.091671523099997], [75.12944975779999, 18.091671523099997], [75.12944975779999, 18.091949301099998], [75.1297275358, 18.091949301099998], [75.1297275358, 18.0922270791], [75.12917197979999, 18.0922270791]]]}}, {"type": "Feature", "properties": {"time_min": 60, "depth_min_m": 1.0, "depth_max_m": 3.0, "depth_class": "1.0\u20133.0 m", "class_area_km2": 1.741826755578396, "flooded_area_km2": 17.78648792691141, "frame_max_depth_m": 144.69788555673983, "class_mean_depth_m": 1.9740615143226756, "scenario_id": "major_breach", "model_type": "Automated approximate 2D flood-routing prototype", "validated_hydraulic_output": false}, "geometry": {"type": "Polygon", "coordinates": [[[75.13111642579999, 18.091949301099998], [75.13111642579999, 18.091671523099997], [75.1313942038, 18.091671523099997], [75.1313942038, 18.091949301099998], [75.13111642579999, 18.091949301099998]]]}}, {"type": "Feature", "properties": {"time_min": 60, "depth_min_m": 1.0, "depth_max_m": 3.0, "depth_class": "1.0\u20133.0 m", "class_area_km2": 1.741826755578396, "flooded_area_km2": 17.78648792691141, "frame_max_depth_m": 144.69788555673983, "class_mean_depth_m": 1.9740615143226756, "scenario_id": "major_breach", "model_type": "Automated approximate 2D flood-routing prototype", "validated_hydraulic_output": false}, "geometry": {"type": "Polygon", "coordinates": [[[75.1300053138, 18.0902826331], [75.1300053138, 18.0900048551], [75.1302830918, 18.0900048551], [75.1302830918, 18.0902826331], [75.1300053138, 18.0902826331]]]}}, {"type": "Feature", "properties": {"time_min": 60, "depth_min_m": 1.0, "depth_max_m": 3.0, "depth_class": "1.0\u20133.0 m", "class_area_km2": 1.741826755578396, "flooded_area_km2": 17.78648792691141, "frame_max_depth_m": 144.69788555673983, "class_mean_depth_m": 1.9740615143226756, "scenario_id": "major_breach", "model_type": "Automated approximate 2D flood-routing prototype", "validated_hydraulic_output": false}, "geometry": {"type": "Polygon", "coordinates": [[[75.1305608698, 18.089449299099996], [75.1305608698, 18.0891715211], [75.13083864779999, 18.0891715211], [75.13083864779999, 18.089449299099996], [75.1305608698, 18.089449299099996]]]}}, {"type": "Feature", "properties": {"time_min": 60, "depth_min_m": 1.0, "depth_max_m": 3.0, "depth_class": "1.0\u20133.0 m", "class_area_km2": 1.741826755578396, "flooded_area_km2": 17.78648792691141, "frame_max_depth_m": 144.69788555673983, "class_mean_depth_m": 1.9740615143226756, "scenario_id": "major_breach", "model_type": "Automated approximate 2D flood-routing prototype", "validated_hydraulic_output": false}, "geometry": {"type": "Polygon", "coordinates": [[[75.1513942198, 18.0891715211], [75.1513942198, 18.088893743099998], [75.15194977579999, 18.088893743099998], [75.15194977579999, 18.0891715211], [75.1513942198, 18.0891715211]]]}}, {"type": "Feature", "properties": {"time_min": 60, "depth_min_m": 1.0, "depth_max_m": 3.0, "depth_class": "1.0\u20133.0 m", "class_area_km2": 1.741826755578396, "flooded_area_km2": 17.78648792691141, "frame_max_depth_m": 144.69788555673983, "class_mean_depth_m": 1.9740615143226756, "scenario_id": "major_breach", "model_type": "Automated approximate 2D flood-routing prototype", "validated_hydraulic_output": false}, "geometry": {"type": "Polygon", "coordinates": [[[75.15222755379999, 18.0891715211], [75.15222755379999, 18.088893743099998], [75.1525053318, 18.088893743099998], [75.1525053318, 18.0891715211], [75.15222755379999, 18.0891715211]]]}}, {"type": "Feature", "properties": {"time_min": 60, "depth_min_m": 1.0, "depth_max_m": 3.0, "depth_class": "1.0\u20133.0 m", "class_area_km2": 1.741826755578396, "flooded_area_km2": 17.78648792691141, "frame_max_depth_m": 144.69788555673983, "class_mean_depth_m": 1.9740615143226756, "scenario_id": "major_breach", "model_type": "Automated approximate 2D flood-routing prototype", "validated_hydraulic_output": false}, "geometry": {"type": "Polygon", "coordinates": [[[75.13083864779999, 18.088893743099998], [75.13083864779999, 18.088615965099997], [75.13111642579999, 18.088615965099997], [75.13111642579999, 18.088893743099998], [75.13083864779999, 18.088893743099998]]]}}, {"type": "Feature", "properties": {"time_min": 60, "depth_min_m": 1.0, "depth_max_m": 3.0, "depth_class": "1.0\u20133.0 m", "class_area_km2": 1.741826755578396, "flooded_area_km2": 17.78648792691141, "frame_max_depth_m": 144.69788555673983, "class_mean_depth_m": 1.9740615143226756, "scenario_id": "major_breach", "model_type": "Automated approximate 2D flood-routing prototype", "validated_hydraulic_output": false}, "geometry": {"type": "Polygon", "coordinates": [[[75.1527831098, 18.088615965099997], [75.1527831098, 18.088338187099996], [75.1530608878, 18.088338187099996], [75.1530608878, 18.088615965099997], [75.1527831098, 18.088615965099997]]]}}, {"type": "Feature", "properties": {"time_min": 60, "depth_min_m": 1.0, "depth_max_m": 3.0, "depth_class": "1.0\u20133.0 m", "class_area_km2": 1.741826755578396, "flooded_area_km2": 17.78648792691141, "frame_max_depth_m": 144.69788555673983, "class_mean_depth_m": 1.9740615143226756, "scenario_id": "major_breach", "model_type": "Automated approximate 2D flood-routing prototype", "validated_hydraulic_output": false}, "geometry": {"type": "Polygon", "coordinates": [[[75.13111642579999, 18.088615965099997], [75.13111642579999, 18.0880604091], [75.1313942038, 18.0880604091], [75.1313942038, 18.088615965099997], [75.13111642579999, 18.088615965099997]]]}}, {"type": "Feature", "properties": {"time_min": 60, "depth_min_m": 1.0, "depth_max_m": 3.0, "depth_class": "1.0\u20133.0 m", "class_area_km2": 1.741826755578396, "flooded_area_km2": 17.78648792691141, "frame_max_depth_m": 144.69788555673983, "class_mean_depth_m": 1.9740615143226756, "scenario_id": "major_breach", "model_type": "Automated approximate 2D flood-routing prototype", "validated_hydraulic_output": false}, "geometry": {"type": "Polygon", "coordinates": [[[75.1516719978, 18.088338187099996], [75.1516719978, 18.0880604091], [75.15194977579999, 18.0880604091], [75.15194977579999, 18.088338187099996], [75.1516719978, 18.088338187099996]]]}}, {"type": "Feature", "properties": {"time_min": 60, "depth_min_m": 1.0, "depth_max_m": 3.0, "depth_class": "1.0\u20133.0 m", "class_area_km2": 1.741826755578396, "flooded_area_km2": 17.78648792691141, "frame_max_depth_m": 144.69788555673983, "class_mean_depth_m": 1.9740615143226756, "scenario_id": "major_breach", "model_type": "Automated approximate 2D flood-routing prototype", "validated_hydraulic_output": false}, "geometry": {"type": "Polygon", "coordinates": [[[75.15389422179999, 18.088338187099996], [75.15389422179999, 18.0880604091], [75.1541719998, 18.0880604091], [75.1541719998, 18.088338187099996], [75.15389422179999, 18.088338187099996]]]}}, {"type": "Feature", "properties": {"time_min": 60, "depth_min_m": 1.0, "depth_max_m": 3.0, "depth_class": "1.0\u20133.0 m", "class_area_km2": 1.741826755578396, "flooded_area_km2": 17.78648792691141, "frame_max_depth_m": 144.69788555673983, "class_mean_depth_m": 1.9740615143226756, "scenario_id": "major_breach", "model_type": "Automated approximate 2D flood-routing prototype", "validated_hydraulic_output": false}, "geometry": {"type": "Polygon", "coordinates": [[[75.1088941858, 18.0880604091], [75.1088941858, 18.087782631099998], [75.1091719638, 18.087782631099998], [75.1091719638, 18.0880604091], [75.1088941858, 18.0880604091]]]}}, {"type": "Feature", "properties": {"time_min": 60, "depth_min_m": 1.0, "depth_max_m": 3.0, "depth_class": "1.0\u20133.0 m", "class_area_km2": 1.741826755578396, "flooded_area_km2": 17.78648792691141, "frame_max_depth_m": 144.69788555673983, "class_mean_depth_m": 1.9740615143226756, "scenario_id": "major_breach", "model_type": "Automated approximate 2D flood-routing prototype", "validated_hydraulic_output": false}, "geometry": {"type": "Polygon", "coordinates": [[[75.15194977579999, 18.087782631099998], [75.15194977579999, 18.087504853099997], [75.15222755379999, 18.087504853099997], [75.15222755379999, 18.087782631099998], [75.15194977579999, 18.087782631099998]]]}}, {"type": "Feature", "properties": {"time_min": 60, "depth_min_m": 1.0, "depth_max_m": 3.0, "depth_class": "1.0\u20133.0 m", "class_area_km2": 1.741826755578396, "flooded_area_km2": 17.78648792691141, "frame_max_depth_m": 144.69788555673983, "class_mean_depth_m": 1.9740615143226756, "scenario_id": "major_breach", "model_type": "Automated approximate 2D flood-routing prototype", "validated_hydraulic_output": false}, "geometry": {"type": "Polygon", "coordinates": [[[75.1544497778, 18.087782631099998], [75.1544497778, 18.087504853099997], [75.1547275558, 18.087504853099997], [75.1547275558, 18.087782631099998], [75.1544497778, 18.087782631099998]]]}}, {"type": "Feature", "properties": {"time_min": 60, "depth_min_m": 1.0, "depth_max_m": 3.0, "depth_class": "1.0\u20133.0 m", "class_area_km2": 1.741826755578396, "flooded_area_km2": 17.78648792691141, "frame_max_depth_m": 144.69788555673983, "class_mean_depth_m": 1.9740615143226756, "scenario_id": "major_breach", "model_type": "Automated approximate 2D flood-routing prototype", "validated_hydraulic_output": false}, "geometry": {"type": "Polygon", "coordinates": [[[75.1541719998, 18.0869492971], [75.1541719998, 18.086671519099998], [75.1547275558, 18.086671519099998], [75.1547275558, 18.0869492971], [75.1541719998, 18.0869492971]]]}}, {"type": "Feature", "properties": {"time_min": 60, "depth_min_m": 1.0, "depth_max_m": 3.0, "depth_class": "1.0\u20133.0 m", "class_area_km2": 1.741826755578396, "flooded_area_km2": 17.78648792691141, "frame_max_depth_m": 144.69788555673983, "class_mean_depth_m": 1.9740615143226756, "scenario_id": "major_breach", "model_type": "Automated approximate 2D flood-routing prototype", "validated_hydraulic_output": false}, "geometry": {"type": "Polygon", "coordinates": [[[75.1511164418, 18.086671519099998], [75.1511164418, 18.086393741099997], [75.1513942198, 18.086393741099997], [75.1513942198, 18.086671519099998], [75.1511164418, 18.086671519099998]]]}}, {"type": "Feature", "properties": {"time_min": 60, "depth_min_m": 1.0, "depth_max_m": 3.0, "depth_class": "1.0\u20133.0 m", "class_area_km2": 1.741826755578396, "flooded_area_km2": 17.78648792691141, "frame_max_depth_m": 144.69788555673983, "class_mean_depth_m": 1.9740615143226756, "scenario_id": "major_breach", "model_type": "Automated approximate 2D flood-routing prototype", "validated_hydraulic_output": false}, "geometry": {"type": "Polygon", "coordinates": [[[75.1516719978, 18.086671519099998], [75.1516719978, 18.086393741099997], [75.15222755379999, 18.086393741099997], [75.15222755379999, 18.086671519099998], [75.1516719978, 18.086671519099998]]]}}, {"type": "Feature", "properties": {"time_min": 60, "depth_min_m": 1.0, "depth_max_m": 3.0, "depth_class": "1.0\u20133.0 m", "class_area_km2": 1.741826755578396, "flooded_area_km2": 17.78648792691141, "frame_max_depth_m": 144.69788555673983, "class_mean_depth_m": 1.9740615143226756, "scenario_id": "major_breach", "model_type": "Automated approximate 2D flood-routing prototype", "validated_hydraulic_output": false}, "geometry": {"type": "Polygon", "coordinates": [[[75.1527831098, 18.086671519099998], [75.1527831098, 18.086393741099997], [75.15333866579999, 18.086393741099997], [75.15333866579999, 18.086671519099998], [75.1527831098, 18.086671519099998]]]}}, {"type": "Feature", "properties": {"time_min": 60, "depth_min_m": 1.0, "depth_max_m": 3.0, "depth_class": "1.0\u20133.0 m", "class_area_km2": 1.741826755578396, "flooded_area_km2": 17.78648792691141, "frame_max_depth_m": 144.69788555673983, "class_mean_depth_m": 1.9740615143226756, "scenario_id": "major_breach", "model_type": "Automated approximate 2D flood-routing prototype", "validated_hydraulic_output": false}, "geometry": {"type": "Polygon", "coordinates": [[[75.15028310779999, 18.086393741099997], [75.15028310779999, 18.0861159631], [75.15083866379999, 18.0861159631], [75.15083866379999, 18.086393741099997], [75.15028310779999, 18.086393741099997]]]}}, {"type": "Feature", "properties": {"time_min": 60, "depth_min_m": 1.0, "depth_max_m": 3.0, "depth_class": "1.0\u20133.0 m", "class_area_km2": 1.741826755578396, "flooded_area_km2": 17.78648792691141, "frame_max_depth_m": 144.69788555673983, "class_mean_depth_m": 1.9740615143226756, "scenario_id": "major_breach", "model_type": "Automated approximate 2D flood-routing prototype", "validated_hydraulic_output": false}, "geometry": {"type": "Polygon", "coordinates": [[[75.1108386318, 18.0891715211], [75.1108386318, 18.088893743099998], [75.11111640979999, 18.088893743099998], [75.11111640979999, 18.088615965099997], [75.11139418779999, 18.088615965099997], [75.11139418779999, 18.088338187099996], [75.1116719658, 18.088338187099996], [75.1116719658, 18.087782631099998], [75.1119497438, 18.087782631099998], [75.1119497438, 18.0869492971], [75.1122275218, 18.0869492971], [75.1122275218, 18.086393741099997], [75.11250529979999, 18.086393741099997], [75.11250529979999, 18.0858381851], [75.11278307779999, 18.0858381851], [75.11278307779999, 18.086671519099998], [75.11250529979999, 18.086671519099998], [75.11250529979999, 18.0872270751], [75.1122275218, 18.0872270751], [75.1122275218, 18.088338187099996], [75.1119497438, 18.088338187099996], [75.1119497438, 18.088615965099997], [75.1116719658, 18.088615965099997], [75.1116719658, 18.0891715211], [75.1108386318, 18.0891715211]]]}}, {"type": "Feature", "properties": {"time_min": 60, "depth_min_m": 1.0, "depth_max_m": 3.0, "depth_class": "1.0\u20133.0 m", "class_area_km2": 1.741826755578396, "flooded_area_km2": 17.78648792691141, "frame_max_depth_m": 144.69788555673983, "class_mean_depth_m": 1.9740615143226756, "scenario_id": "major_breach", "model_type": "Automated approximate 2D flood-routing prototype", "validated_hydraulic_output": false}, "geometry": {"type": "Polygon", "coordinates": [[[75.1086164078, 18.087782631099998], [75.1086164078, 18.0858381851], [75.1088941858, 18.0858381851], [75.1088941858, 18.087782631099998], [75.1086164078, 18.087782631099998]]]}}, {"type": "Feature", "properties": {"time_min": 60, "depth_min_m": 1.0, "depth_max_m": 3.0, "depth_class": "1.0\u20133.0 m", "class_area_km2": 1.741826755578396, "flooded_area_km2": 17.78648792691141, "frame_max_depth_m": 144.69788555673983, "class_mean_depth_m": 1.9740615143226756, "scenario_id": "major_breach", "model_type": "Automated approximate 2D flood-routing prototype", "validated_hydraulic_output": false}, "geometry": {"type": "Polygon", "coordinates": [[[75.1297275358, 18.088615965099997], [75.1297275358, 18.0872270751], [75.1300053138, 18.0872270751], [75.1300053138, 18.0869492971], [75.1297275358, 18.0869492971], [75.1297275358, 18.086671519099998], [75.1300053138, 18.086671519099998], [75.1300053138, 18.0858381851], [75.1302830918, 18.0858381851], [75.1302830918, 18.085560407099997], [75.1305608698, 18.085560407099997], [75.1305608698, 18.0861159631], [75.1302830918, 18.0861159631], [75.1302830918, 18.087504853099997], [75.1305608698, 18.087504853099997], [75.1305608698, 18.087782631099998], [75.1300053138, 18.087782631099998], [75.1300053138, 18.0880604091], [75.1302830918, 18.0880604091], [75.1302830918, 18.088338187099996], [75.1305608698, 18.088338187099996], [75.1305608698, 18.088615965099997], [75.1297275358, 18.088615965099997]]]}}, {"type": "Feature", "properties": {"time_min": 60, "depth_min_m": 1.0, "depth_max_m": 3.0, "depth_class": "1.0\u20133.0 m", "class_area_km2": 1.741826755578396, "flooded_area_km2": 17.78648792691141, "frame_max_depth_m": 144.69788555673983, "class_mean_depth_m": 1.9740615143226756, "scenario_id": "major_breach", "model_type": "Automated approximate 2D flood-routing prototype", "validated_hydraulic_output": false}, "geometry": {"type": "Polygon", "coordinates": [[[75.11278307779999, 18.0858381851], [75.11278307779999, 18.085560407099997], [75.1130608558, 18.085560407099997], [75.1130608558, 18.0858381851], [75.11278307779999, 18.0858381851]]]}}, {"type": "Feature", "properties": {"time_min": 60, "depth_min_m": 1.0, "depth_max_m": 3.0, "depth_class": "1.0\u20133.0 m", "class_area_km2": 1.741826755578396, "flooded_area_km2": 17.78648792691141, "frame_max_depth_m": 144.69788555673983, "class_mean_depth_m": 1.9740615143226756, "scenario_id": "major_breach", "model_type": "Automated approximate 2D flood-routing prototype", "validated_hydraulic_output": false}, "geometry": {"type": "Polygon", "coordinates": [[[75.1130608558, 18.085560407099997], [75.1130608558, 18.085282629099996], [75.1133386338, 18.085282629099996], [75.1133386338, 18.085560407099997], [75.1130608558, 18.085560407099997]]]}}, {"type": "Feature", "properties": {"time_min": 60, "depth_min_m": 1.0, "depth_max_m": 3.0, "depth_class": "1.0\u20133.0 m", "class_area_km2": 1.741826755578396, "flooded_area_km2": 17.78648792691141, "frame_max_depth_m": 144.69788555673983, "class_mean_depth_m": 1.9740615143226756, "scenario_id": "major_breach", "model_type": "Automated approximate 2D flood-routing prototype", "validated_hydraulic_output": false}, "geometry": {"type": "Polygon", "coordinates": [[[75.1305608698, 18.085560407099997], [75.1305608698, 18.085282629099996], [75.13111642579999, 18.085282629099996], [75.13111642579999, 18.085560407099997], [75.1305608698, 18.085560407099997]]]}}, {"type": "Feature", "properties": {"time_min": 60, "depth_min_m": 1.0, "depth_max_m": 3.0, "depth_class": "1.0\u20133.0 m", "class_area_km2": 1.741826755578396, "flooded_area_km2": 17.78648792691141, "frame_max_depth_m": 144.69788555673983, "class_mean_depth_m": 1.9740615143226756, "scenario_id": "major_breach", "model_type": "Automated approximate 2D flood-routing prototype", "validated_hydraulic_output": false}, "geometry": {"type": "Polygon", "coordinates": [[[75.0811163858, 18.085282629099996], [75.0811163858, 18.0850048511], [75.0816719418, 18.0850048511], [75.0816719418, 18.085282629099996], [75.0811163858, 18.085282629099996]]]}}, {"type": "Feature", "properties": {"time_min": 60, "depth_min_m": 1.0, "depth_max_m": 3.0, "depth_class": "1.0\u20133.0 m", "class_area_km2": 1.741826755578396, "flooded_area_km2": 17.78648792691141, "frame_max_depth_m": 144.69788555673983, "class_mean_depth_m": 1.9740615143226756, "scenario_id": "major_breach", "model_type": "Automated approximate 2D flood-routing prototype", "validated_hydraulic_output": false}, "geometry": {"type": "Polygon", "coordinates": [[[75.13111642579999, 18.085282629099996], [75.13111642579999, 18.0850048511], [75.1319497598, 18.0850048511], [75.1319497598, 18.085282629099996], [75.13111642579999, 18.085282629099996]]]}}, {"type": "Feature", "properties": {"time_min": 60, "depth_min_m": 1.0, "depth_max_m": 3.0, "depth_class": "1.0\u20133.0 m", "class_area_km2": 1.741826755578396, "flooded_area_km2": 17.78648792691141, "frame_max_depth_m": 144.69788555673983, "class_mean_depth_m": 1.9740615143226756, "scenario_id": "major_breach", "model_type": "Automated approximate 2D flood-routing prototype", "validated_hydraulic_output": false}, "geometry": {"type": "Polygon", "coordinates": [[[75.1480608838, 18.085282629099996], [75.1480608838, 18.0850048511], [75.1483386618, 18.0850048511], [75.1483386618, 18.085282629099996], [75.1480608838, 18.085282629099996]]]}}, {"type": "Feature", "properties": {"time_min": 60, "depth_min_m": 1.0, "depth_max_m": 3.0, "depth_class": "1.0\u20133.0 m", "class_area_km2": 1.741826755578396, "flooded_area_km2": 17.78648792691141, "frame_max_depth_m": 144.69788555673983, "class_mean_depth_m": 1.9740615143226756, "scenario_id": "major_breach", "model_type": "Automated approximate 2D flood-routing prototype", "validated_hydraulic_output": false}, "geometry": {"type": "Polygon", "coordinates": [[[75.0816719418, 18.0850048511], [75.0816719418, 18.084727073099998], [75.0819497198, 18.084727073099998], [75.0819497198, 18.0850048511], [75.0816719418, 18.0850048511]]]}}, {"type": "Feature", "properties": {"time_min": 60, "depth_min_m": 1.0, "depth_max_m": 3.0, "depth_class": "1.0\u20133.0 m", "class_area_km2": 1.741826755578396, "flooded_area_km2": 17.78648792691141, "frame_max_depth_m": 144.69788555673983, "class_mean_depth_m": 1.9740615143226756, "scenario_id": "major_breach", "model_type": "Automated approximate 2D flood-routing prototype", "validated_hydraulic_output": false}, "geometry": {"type": "Polygon", "coordinates": [[[75.13083864779999, 18.0850048511], [75.13083864779999, 18.084727073099998], [75.13111642579999, 18.084727073099998], [75.13111642579999, 18.0850048511], [75.13083864779999, 18.0850048511]]]}}, {"type": "Feature", "properties": {"time_min": 60, "depth_min_m": 1.0, "depth_max_m": 3.0, "depth_class": "1.0\u20133.0 m", "class_area_km2": 1.741826755578396, "flooded_area_km2": 17.78648792691141, "frame_max_depth_m": 144.69788555673983, "class_mean_depth_m": 1.9740615143226756, "scenario_id": "major_breach", "model_type": "Automated approximate 2D flood-routing prototype", "validated_hydraulic_output": false}, "geometry": {"type": "Polygon", "coordinates": [[[75.1327830938, 18.0850048511], [75.1327830938, 18.084727073099998], [75.1330608718, 18.084727073099998], [75.1330608718, 18.0850048511], [75.1327830938, 18.0850048511]]]}}, {"type": "Feature", "properties": {"time_min": 60, "depth_min_m": 1.0, "depth_max_m": 3.0, "depth_class": "1.0\u20133.0 m", "class_area_km2": 1.741826755578396, "flooded_area_km2": 17.78648792691141, "frame_max_depth_m": 144.69788555673983, "class_mean_depth_m": 1.9740615143226756, "scenario_id": "major_breach", "model_type": "Automated approximate 2D flood-routing prototype", "validated_hydraulic_output": false}, "geometry": {"type": "Polygon", "coordinates": [[[75.1333386498, 18.0850048511], [75.1333386498, 18.084727073099998], [75.13361642779999, 18.084727073099998], [75.13361642779999, 18.0850048511], [75.1333386498, 18.0850048511]]]}}, {"type": "Feature", "properties": {"time_min": 60, "depth_min_m": 1.0, "depth_max_m": 3.0, "depth_class": "1.0\u20133.0 m", "class_area_km2": 1.741826755578396, "flooded_area_km2": 17.78648792691141, "frame_max_depth_m": 144.69788555673983, "class_mean_depth_m": 1.9740615143226756, "scenario_id": "major_breach", "model_type": "Automated approximate 2D flood-routing prototype", "validated_hydraulic_output": false}, "geometry": {"type": "Polygon", "coordinates": [[[75.14778310579999, 18.0850048511], [75.14778310579999, 18.084727073099998], [75.1480608838, 18.084727073099998], [75.1480608838, 18.0850048511], [75.14778310579999, 18.0850048511]]]}}, {"type": "Feature", "properties": {"time_min": 60, "depth_min_m": 1.0, "depth_max_m": 3.0, "depth_class": "1.0\u20133.0 m", "class_area_km2": 1.741826755578396, "flooded_area_km2": 17.78648792691141, "frame_max_depth_m": 144.69788555673983, "class_mean_depth_m": 1.9740615143226756, "scenario_id": "major_breach", "model_type": "Automated approximate 2D flood-routing prototype", "validated_hydraulic_output": false}, "geometry": {"type": "Polygon", "coordinates": [[[75.0819497198, 18.084727073099998], [75.0819497198, 18.084449295099997], [75.08222749779999, 18.084449295099997], [75.08222749779999, 18.084727073099998], [75.0819497198, 18.084727073099998]]]}}, {"type": "Feature", "properties": {"time_min": 60, "depth_min_m": 1.0, "depth_max_m": 3.0, "depth_class": "1.0\u20133.0 m", "class_area_km2": 1.741826755578396, "flooded_area_km2": 17.78648792691141, "frame_max_depth_m": 144.69788555673983, "class_mean_depth_m": 1.9740615143226756, "scenario_id": "major_breach", "model_type": "Automated approximate 2D flood-routing prototype", "validated_hydraulic_output": false}, "geometry": {"type": "Polygon", "coordinates": [[[75.13111642579999, 18.084449295099997], [75.13111642579999, 18.0841715171], [75.1313942038, 18.0841715171], [75.1313942038, 18.084449295099997], [75.13111642579999, 18.084449295099997]]]}}, {"type": "Feature", "properties": {"time_min": 60, "depth_min_m": 1.0, "depth_max_m": 3.0, "depth_class": "1.0\u20133.0 m", "class_area_km2": 1.741826755578396, "flooded_area_km2": 17.78648792691141, "frame_max_depth_m": 144.69788555673983, "class_mean_depth_m": 1.9740615143226756, "scenario_id": "major_breach", "model_type": "Automated approximate 2D flood-routing prototype", "validated_hydraulic_output": false}, "geometry": {"type": "Polygon", "coordinates": [[[75.1466719938, 18.084449295099997], [75.1466719938, 18.0841715171], [75.1469497718, 18.0841715171], [75.1469497718, 18.084449295099997], [75.1466719938, 18.084449295099997]]]}}, {"type": "Feature", "properties": {"time_min": 60, "depth_min_m": 1.0, "depth_max_m": 3.0, "depth_class": "1.0\u20133.0 m", "class_area_km2": 1.741826755578396, "flooded_area_km2": 17.78648792691141, "frame_max_depth_m": 144.69788555673983, "class_mean_depth_m": 1.9740615143226756, "scenario_id": "major_breach", "model_type": "Automated approximate 2D flood-routing prototype", "validated_hydraulic_output": false}, "geometry": {"type": "Polygon", "coordinates": [[[75.1133386338, 18.085282629099996], [75.1133386338, 18.084727073099998], [75.1136164118, 18.084727073099998], [75.1136164118, 18.0841715171], [75.11389418979999, 18.0841715171], [75.11389418979999, 18.0838937391], [75.11444974579999, 18.0838937391], [75.11444974579999, 18.0841715171], [75.11417196779999, 18.0841715171], [75.11417196779999, 18.084449295099997], [75.11389418979999, 18.084449295099997], [75.11389418979999, 18.0850048511], [75.1136164118, 18.0850048511], [75.1136164118, 18.085282629099996], [75.1133386338, 18.085282629099996]]]}}, {"type": "Feature", "properties": {"time_min": 60, "depth_min_m": 1.0, "depth_max_m": 3.0, "depth_class": "1.0\u20133.0 m", "class_area_km2": 1.741826755578396, "flooded_area_km2": 17.78648792691141, "frame_max_depth_m": 144.69788555673983, "class_mean_depth_m": 1.9740615143226756, "scenario_id": "major_breach", "model_type": "Automated approximate 2D flood-routing prototype", "validated_hydraulic_output": false}, "geometry": {"type": "Polygon", "coordinates": [[[75.13250531579999, 18.084449295099997], [75.13250531579999, 18.0838937391], [75.1327830938, 18.0838937391], [75.1327830938, 18.084449295099997], [75.13250531579999, 18.084449295099997]]]}}, {"type": "Feature", "properties": {"time_min": 60, "depth_min_m": 1.0, "depth_max_m": 3.0, "depth_class": "1.0\u20133.0 m", "class_area_km2": 1.741826755578396, "flooded_area_km2": 17.78648792691141, "frame_max_depth_m": 144.69788555673983, "class_mean_depth_m": 1.9740615143226756, "scenario_id": "major_breach", "model_type": "Automated approximate 2D flood-routing prototype", "validated_hydraulic_output": false}, "geometry": {"type": "Polygon", "coordinates": [[[75.14611643779999, 18.084449295099997], [75.14611643779999, 18.0838937391], [75.1463942158, 18.0838937391], [75.1463942158, 18.084449295099997], [75.14611643779999, 18.084449295099997]]]}}, {"type": "Feature", "properties": {"time_min": 60, "depth_min_m": 1.0, "depth_max_m": 3.0, "depth_class": "1.0\u20133.0 m", "class_area_km2": 1.741826755578396, "flooded_area_km2": 17.78648792691141, "frame_max_depth_m": 144.69788555673983, "class_mean_depth_m": 1.9740615143226756, "scenario_id": "major_breach", "model_type": "Automated approximate 2D flood-routing prototype", "validated_hydraulic_output": false}, "geometry": {"type": "Polygon", "coordinates": [[[75.13389420579999, 18.0841715171], [75.13389420579999, 18.0838937391], [75.13417198379999, 18.0838937391], [75.13417198379999, 18.0841715171], [75.13389420579999, 18.0841715171]]]}}, {"type": "Feature", "properties": {"time_min": 60, "depth_min_m": 1.0, "depth_max_m": 3.0, "depth_class": "1.0\u20133.0 m", "class_area_km2": 1.741826755578396, "flooded_area_km2": 17.78648792691141, "frame_max_depth_m": 144.69788555673983, "class_mean_depth_m": 1.9740615143226756, "scenario_id": "major_breach", "model_type": "Automated approximate 2D flood-routing prototype", "validated_hydraulic_output": false}, "geometry": {"type": "Polygon", "coordinates": [[[75.10833862979999, 18.0858381851], [75.10833862979999, 18.085282629099996], [75.10806085179999, 18.085282629099996], [75.10806085179999, 18.083615961099998], [75.10833862979999, 18.083615961099998], [75.10833862979999, 18.0850048511], [75.1086164078, 18.0850048511], [75.1086164078, 18.0858381851], [75.10833862979999, 18.0858381851]]]}}, {"type": "Feature", "properties": {"time_min": 60, "depth_min_m": 1.0, "depth_max_m": 3.0, "depth_class": "1.0\u20133.0 m", "class_area_km2": 1.741826755578396, "flooded_area_km2": 17.78648792691141, "frame_max_depth_m": 144.69788555673983, "class_mean_depth_m": 1.9740615143226756, "scenario_id": "major_breach", "model_type": "Automated approximate 2D flood-routing prototype", "validated_hydraulic_output": false}, "geometry": {"type": "Polygon", "coordinates": [[[75.1300053138, 18.084449295099997], [75.1300053138, 18.0841715171], [75.1297275358, 18.0841715171], [75.1297275358, 18.0838937391], [75.1300053138, 18.0838937391], [75.1300053138, 18.083615961099998], [75.1302830918, 18.083615961099998], [75.1302830918, 18.084449295099997], [75.1300053138, 18.084449295099997]]]}}, {"type": "Feature", "properties": {"time_min": 60, "depth_min_m": 1.0, "depth_max_m": 3.0, "depth_class": "1.0\u20133.0 m", "class_area_km2": 1.741826755578396, "flooded_area_km2": 17.78648792691141, "frame_max_depth_m": 144.69788555673983, "class_mean_depth_m": 1.9740615143226756, "scenario_id": "major_breach", "model_type": "Automated approximate 2D flood-routing prototype", "validated_hydraulic_output": false}, "geometry": {"type": "Polygon", "coordinates": [[[75.12944975779999, 18.0838937391], [75.12944975779999, 18.083615961099998], [75.1297275358, 18.083615961099998], [75.1297275358, 18.0838937391], [75.12944975779999, 18.0838937391]]]}}, {"type": "Feature", "properties": {"time_min": 60, "depth_min_m": 1.0, "depth_max_m": 3.0, "depth_class": "1.0\u20133.0 m", "class_area_km2": 1.741826755578396, "flooded_area_km2": 17.78648792691141, "frame_max_depth_m": 144.69788555673983, "class_mean_depth_m": 1.9740615143226756, "scenario_id": "major_breach", "model_type": "Automated approximate 2D flood-routing prototype", "validated_hydraulic_output": false}, "geometry": {"type": "Polygon", "coordinates": [[[75.1344497618, 18.0838937391], [75.1344497618, 18.083615961099998], [75.1347275398, 18.083615961099998], [75.1347275398, 18.0838937391], [75.1344497618, 18.0838937391]]]}}, {"type": "Feature", "properties": {"time_min": 60, "depth_min_m": 1.0, "depth_max_m": 3.0, "depth_class": "1.0\u20133.0 m", "class_area_km2": 1.741826755578396, "flooded_area_km2": 17.78648792691141, "frame_max_depth_m": 144.69788555673983, "class_mean_depth_m": 1.9740615143226756, "scenario_id": "major_breach", "model_type": "Automated approximate 2D flood-routing prototype", "validated_hydraulic_output": false}, "geometry": {"type": "Polygon", "coordinates": [[[75.1377830978, 18.0838937391], [75.1377830978, 18.083615961099998], [75.1380608758, 18.083615961099998], [75.1380608758, 18.0838937391], [75.1377830978, 18.0838937391]]]}}, {"type": "Feature", "properties": {"time_min": 60, "depth_min_m": 1.0, "depth_max_m": 3.0, "depth_class": "1.0\u20133.0 m", "class_area_km2": 1.741826755578396, "flooded_area_km2": 17.78648792691141, "frame_max_depth_m": 144.69788555673983, "class_mean_depth_m": 1.9740615143226756, "scenario_id": "major_breach", "model_type": "Automated approximate 2D flood-routing prototype", "validated_hydraulic_output": false}, "geometry": {"type": "Polygon", "coordinates": [[[75.1466719938, 18.0838937391], [75.1466719938, 18.083615961099998], [75.1469497718, 18.083615961099998], [75.1469497718, 18.0838937391], [75.1466719938, 18.0838937391]]]}}, {"type": "Feature", "properties": {"time_min": 60, "depth_min_m": 1.0, "depth_max_m": 3.0, "depth_class": "1.0\u20133.0 m", "class_area_km2": 1.741826755578396, "flooded_area_km2": 17.78648792691141, "frame_max_depth_m": 144.69788555673983, "class_mean_depth_m": 1.9740615143226756, "scenario_id": "major_breach", "model_type": "Automated approximate 2D flood-routing prototype", "validated_hydraulic_output": false}, "geometry": {"type": "Polygon", "coordinates": [[[75.11444974579999, 18.0838937391], [75.11444974579999, 18.083338183099997], [75.1150053018, 18.083338183099997], [75.1150053018, 18.083615961099998], [75.1147275238, 18.083615961099998], [75.1147275238, 18.0838937391], [75.11444974579999, 18.0838937391]]]}}, {"type": "Feature", "properties": {"time_min": 60, "depth_min_m": 1.0, "depth_max_m": 3.0, "depth_class": "1.0\u20133.0 m", "class_area_km2": 1.741826755578396, "flooded_area_km2": 17.78648792691141, "frame_max_depth_m": 144.69788555673983, "class_mean_depth_m": 1.9740615143226756, "scenario_id": "major_breach", "model_type": "Automated approximate 2D flood-routing prototype", "validated_hydraulic_output": false}, "geometry": {"type": "Polygon", "coordinates": [[[75.1302830918, 18.0850048511], [75.1302830918, 18.084449295099997], [75.1305608698, 18.084449295099997], [75.1305608698, 18.083615961099998], [75.1302830918, 18.083615961099998], [75.1302830918, 18.083338183099997], [75.13083864779999, 18.083338183099997], [75.13083864779999, 18.084727073099998], [75.1305608698, 18.084727073099998], [75.1305608698, 18.0850048511], [75.1302830918, 18.0850048511]]]}}, {"type": "Feature", "properties": {"time_min": 60, "depth_min_m": 1.0, "depth_max_m": 3.0, "depth_class": "1.0\u20133.0 m", "class_area_km2": 1.741826755578396, "flooded_area_km2": 17.78648792691141, "frame_max_depth_m": 144.69788555673983, "class_mean_depth_m": 1.9740615143226756, "scenario_id": "major_breach", "model_type": "Automated approximate 2D flood-routing prototype", "validated_hydraulic_output": false}, "geometry": {"type": "Polygon", "coordinates": [[[75.1327830938, 18.083615961099998], [75.1327830938, 18.083338183099997], [75.1333386498, 18.083338183099997], [75.1333386498, 18.083615961099998], [75.1327830938, 18.083615961099998]]]}}, {"type": "Feature", "properties": {"time_min": 60, "depth_min_m": 1.0, "depth_max_m": 3.0, "depth_class": "1.0\u20133.0 m", "class_area_km2": 1.741826755578396, "flooded_area_km2": 17.78648792691141, "frame_max_depth_m": 144.69788555673983, "class_mean_depth_m": 1.9740615143226756, "scenario_id": "major_breach", "model_type": "Automated approximate 2D flood-routing prototype", "validated_hydraulic_output": false}, "geometry": {"type": "Polygon", "coordinates": [[[75.1358386518, 18.083615961099998], [75.1358386518, 18.083338183099997], [75.1361164298, 18.083338183099997], [75.1361164298, 18.083615961099998], [75.1358386518, 18.083615961099998]]]}}, {"type": "Feature", "properties": {"time_min": 60, "depth_min_m": 1.0, "depth_max_m": 3.0, "depth_class": "1.0\u20133.0 m", "class_area_km2": 1.741826755578396, "flooded_area_km2": 17.78648792691141, "frame_max_depth_m": 144.69788555673983, "class_mean_depth_m": 1.9740615143226756, "scenario_id": "major_breach", "model_type": "Automated approximate 2D flood-routing prototype", "validated_hydraulic_output": false}, "geometry": {"type": "Polygon", "coordinates": [[[75.1363942078, 18.083615961099998], [75.1363942078, 18.083338183099997], [75.13667198579999, 18.083338183099997], [75.13667198579999, 18.083615961099998], [75.1363942078, 18.083615961099998]]]}}, {"type": "Feature", "properties": {"time_min": 60, "depth_min_m": 1.0, "depth_max_m": 3.0, "depth_class": "1.0\u20133.0 m", "class_area_km2": 1.741826755578396, "flooded_area_km2": 17.78648792691141, "frame_max_depth_m": 144.69788555673983, "class_mean_depth_m": 1.9740615143226756, "scenario_id": "major_breach", "model_type": "Automated approximate 2D flood-routing prototype", "validated_hydraulic_output": false}, "geometry": {"type": "Polygon", "coordinates": [[[75.10833862979999, 18.083338183099997], [75.10833862979999, 18.0830604051], [75.1086164078, 18.0830604051], [75.1086164078, 18.083338183099997], [75.10833862979999, 18.083338183099997]]]}}, {"type": "Feature", "properties": {"time_min": 60, "depth_min_m": 1.0, "depth_max_m": 3.0, "depth_class": "1.0\u20133.0 m", "class_area_km2": 1.741826755578396, "flooded_area_km2": 17.78648792691141, "frame_max_depth_m": 144.69788555673983, "class_mean_depth_m": 1.9740615143226756, "scenario_id": "major_breach", "model_type": "Automated approximate 2D flood-routing prototype", "validated_hydraulic_output": false}, "geometry": {"type": "Polygon", "coordinates": [[[75.1452831038, 18.083338183099997], [75.1452831038, 18.0830604051], [75.14583865979999, 18.0830604051], [75.14583865979999, 18.083338183099997], [75.1452831038, 18.083338183099997]]]}}, {"type": "Feature", "properties": {"time_min": 60, "depth_min_m": 1.0, "depth_max_m": 3.0, "depth_class": "1.0\u20133.0 m", "class_area_km2": 1.741826755578396, "flooded_area_km2": 17.78648792691141, "frame_max_depth_m": 144.69788555673983, "class_mean_depth_m": 1.9740615143226756, "scenario_id": "major_breach", "model_type": "Automated approximate 2D flood-routing prototype", "validated_hydraulic_output": false}, "geometry": {"type": "Polygon", "coordinates": [[[75.12917197979999, 18.083338183099997], [75.12917197979999, 18.0827826271], [75.12944975779999, 18.0827826271], [75.12944975779999, 18.083338183099997], [75.12917197979999, 18.083338183099997]]]}}, {"type": "Feature", "properties": {"time_min": 60, "depth_min_m": 1.0, "depth_max_m": 3.0, "depth_class": "1.0\u20133.0 m", "class_area_km2": 1.741826755578396, "flooded_area_km2": 17.78648792691141, "frame_max_depth_m": 144.69788555673983, "class_mean_depth_m": 1.9740615143226756, "scenario_id": "major_breach", "model_type": "Automated approximate 2D flood-routing prototype", "validated_hydraulic_output": false}, "geometry": {"type": "Polygon", "coordinates": [[[75.13111642579999, 18.083338183099997], [75.13111642579999, 18.0830604051], [75.1313942038, 18.0830604051], [75.1313942038, 18.0827826271], [75.1319497598, 18.0827826271], [75.1319497598, 18.083338183099997], [75.13111642579999, 18.083338183099997]]]}}, {"type": "Feature", "properties": {"time_min": 60, "depth_min_m": 1.0, "depth_max_m": 3.0, "depth_class": "1.0\u20133.0 m", "class_area_km2": 1.741826755578396, "flooded_area_km2": 17.78648792691141, "frame_max_depth_m": 144.69788555673983, "class_mean_depth_m": 1.9740615143226756, "scenario_id": "major_breach", "model_type": "Automated approximate 2D flood-routing prototype", "validated_hydraulic_output": false}, "geometry": {"type": "Polygon", "coordinates": [[[75.13694976379999, 18.083338183099997], [75.13694976379999, 18.0830604051], [75.13667198579999, 18.0830604051], [75.13667198579999, 18.0827826271], [75.1372275418, 18.0827826271], [75.1372275418, 18.083338183099997], [75.13694976379999, 18.083338183099997]]]}}, {"type": "Feature", "properties": {"time_min": 60, "depth_min_m": 1.0, "depth_max_m": 3.0, "depth_class": "1.0\u20133.0 m", "class_area_km2": 1.741826755578396, "flooded_area_km2": 17.78648792691141, "frame_max_depth_m": 144.69788555673983, "class_mean_depth_m": 1.9740615143226756, "scenario_id": "major_breach", "model_type": "Automated approximate 2D flood-routing prototype", "validated_hydraulic_output": false}, "geometry": {"type": "Polygon", "coordinates": [[[75.1388942098, 18.0830604051], [75.1388942098, 18.0827826271], [75.1391719878, 18.0827826271], [75.1391719878, 18.0830604051], [75.1388942098, 18.0830604051]]]}}, {"type": "Feature", "properties": {"time_min": 60, "depth_min_m": 1.0, "depth_max_m": 3.0, "depth_class": "1.0\u20133.0 m", "class_area_km2": 1.741826755578396, "flooded_area_km2": 17.78648792691141, "frame_max_depth_m": 144.69788555673983, "class_mean_depth_m": 1.9740615143226756, "scenario_id": "major_breach", "model_type": "Automated approximate 2D flood-routing prototype", "validated_hydraulic_output": false}, "geometry": {"type": "Polygon", "coordinates": [[[75.0766719378, 18.087504853099997], [75.0766719378, 18.0872270751], [75.0758386038, 18.0872270751], [75.0758386038, 18.0869492971], [75.07611638179999, 18.0869492971], [75.07611638179999, 18.086671519099998], [75.0758386038, 18.086671519099998], [75.0758386038, 18.086393741099997], [75.0769497158, 18.086393741099997], [75.0769497158, 18.0861159631], [75.0772274938, 18.0861159631], [75.0772274938, 18.0858381851], [75.07778304979999, 18.0858381851], [75.07778304979999, 18.085282629099996], [75.07750527179999, 18.085282629099996], [75.07750527179999, 18.084727073099998], [75.07806082779999, 18.084727073099998], [75.07806082779999, 18.084449295099997], [75.0783386058, 18.084449295099997], [75.0783386058, 18.084727073099998], [75.0786163838, 18.084727073099998], [75.0786163838, 18.085560407099997], [75.0788941618, 18.085560407099997], [75.0788941618, 18.0850048511], [75.07944971779999, 18.0850048511], [75.07944971779999, 18.084449295099997], [75.07917193979999, 18.084449295099997], [75.07917193979999, 18.083615961099998], [75.07944971779999, 18.083615961099998], [75.07944971779999, 18.082504849099998], [75.0800052738, 18.082504849099998], [75.0800052738, 18.084449295099997], [75.0802830518, 18.084449295099997], [75.0802830518, 18.084727073099998], [75.08056082979999, 18.084727073099998], [75.08056082979999, 18.085282629099996], [75.0811163858, 18.085282629099996], [75.0811163858, 18.085560407099997], [75.08056082979999, 18.085560407099997], [75.08056082979999, 18.0858381851], [75.0797274958, 18.0858381851], [75.0797274958, 18.0861159631], [75.07917193979999, 18.0861159631], [75.07917193979999, 18.086393741099997], [75.0786163838, 18.086393741099997], [75.0786163838, 18.086671519099998], [75.07778304979999, 18.086671519099998], [75.07778304979999, 18.0869492971], [75.07750527179999, 18.0869492971], [75.07750527179999, 18.0872270751], [75.0769497158, 18.0872270751], [75.0769497158, 18.087504853099997], [75.0766719378, 18.087504853099997]]]}}, {"type": "Feature", "properties": {"time_min": 60, "depth_min_m": 1.0, "depth_max_m": 3.0, "depth_class": "1.0\u20133.0 m", "class_area_km2": 1.741826755578396, "flooded_area_km2": 17.78648792691141, "frame_max_depth_m": 144.69788555673983, "class_mean_depth_m": 1.9740615143226756, "scenario_id": "major_breach", "model_type": "Automated approximate 2D flood-routing prototype", "validated_hydraulic_output": false}, "geometry": {"type": "Polygon", "coordinates": [[[75.1330608718, 18.0830604051], [75.1330608718, 18.082504849099998], [75.1333386498, 18.082504849099998], [75.1333386498, 18.0830604051], [75.1330608718, 18.0830604051]]]}}, {"type": "Feature", "properties": {"time_min": 60, "depth_min_m": 1.0, "depth_max_m": 3.0, "depth_class": "1.0\u20133.0 m", "class_area_km2": 1.741826755578396, "flooded_area_km2": 17.78648792691141, "frame_max_depth_m": 144.69788555673983, "class_mean_depth_m": 1.9740615143226756, "scenario_id": "major_breach", "model_type": "Automated approximate 2D flood-routing prototype", "validated_hydraulic_output": false}, "geometry": {"type": "Polygon", "coordinates": [[[75.11389418979999, 18.0827826271], [75.11389418979999, 18.082504849099998], [75.11417196779999, 18.082504849099998], [75.11417196779999, 18.0827826271], [75.11389418979999, 18.0827826271]]]}}, {"type": "Feature", "properties": {"time_min": 60, "depth_min_m": 1.0, "depth_max_m": 3.0, "depth_class": "1.0\u20133.0 m", "class_area_km2": 1.741826755578396, "flooded_area_km2": 17.78648792691141, "frame_max_depth_m": 144.69788555673983, "class_mean_depth_m": 1.9740615143226756, "scenario_id": "major_breach", "model_type": "Automated approximate 2D flood-routing prototype", "validated_hydraulic_output": false}, "geometry": {"type": "Polygon", "coordinates": [[[75.13222753779999, 18.0827826271], [75.13222753779999, 18.082504849099998], [75.13250531579999, 18.082504849099998], [75.13250531579999, 18.0827826271], [75.13222753779999, 18.0827826271]]]}}, {"type": "Feature", "properties": {"time_min": 60, "depth_min_m": 1.0, "depth_max_m": 3.0, "depth_class": "1.0\u20133.0 m", "class_area_km2": 1.741826755578396, "flooded_area_km2": 17.78648792691141, "frame_max_depth_m": 144.69788555673983, "class_mean_depth_m": 1.9740615143226756, "scenario_id": "major_breach", "model_type": "Automated approximate 2D flood-routing prototype", "validated_hydraulic_output": false}, "geometry": {"type": "Polygon", "coordinates": [[[75.13361642779999, 18.0827826271], [75.13361642779999, 18.082504849099998], [75.13417198379999, 18.082504849099998], [75.13417198379999, 18.0827826271], [75.13361642779999, 18.0827826271]]]}}, {"type": "Feature", "properties": {"time_min": 60, "depth_min_m": 1.0, "depth_max_m": 3.0, "depth_class": "1.0\u20133.0 m", "class_area_km2": 1.741826755578396, "flooded_area_km2": 17.78648792691141, "frame_max_depth_m": 144.69788555673983, "class_mean_depth_m": 1.9740615143226756, "scenario_id": "major_breach", "model_type": "Automated approximate 2D flood-routing prototype", "validated_hydraulic_output": false}, "geometry": {"type": "Polygon", "coordinates": [[[75.1375053198, 18.0827826271], [75.1375053198, 18.082504849099998], [75.13833865379999, 18.082504849099998], [75.13833865379999, 18.0827826271], [75.1375053198, 18.0827826271]]]}}, {"type": "Feature", "properties": {"time_min": 60, "depth_min_m": 1.0, "depth_max_m": 3.0, "depth_class": "1.0\u20133.0 m", "class_area_km2": 1.741826755578396, "flooded_area_km2": 17.78648792691141, "frame_max_depth_m": 144.69788555673983, "class_mean_depth_m": 1.9740615143226756, "scenario_id": "major_breach", "model_type": "Automated approximate 2D flood-routing prototype", "validated_hydraulic_output": false}, "geometry": {"type": "Polygon", "coordinates": [[[75.1391719878, 18.0827826271], [75.1391719878, 18.082504849099998], [75.1394497658, 18.082504849099998], [75.1394497658, 18.0827826271], [75.1391719878, 18.0827826271]]]}}, {"type": "Feature", "properties": {"time_min": 60, "depth_min_m": 1.0, "depth_max_m": 3.0, "depth_class": "1.0\u20133.0 m", "class_area_km2": 1.741826755578396, "flooded_area_km2": 17.78648792691141, "frame_max_depth_m": 144.69788555673983, "class_mean_depth_m": 1.9740615143226756, "scenario_id": "major_breach", "model_type": "Automated approximate 2D flood-routing prototype", "validated_hydraulic_output": false}, "geometry": {"type": "Polygon", "coordinates": [[[75.12944975779999, 18.0827826271], [75.12944975779999, 18.082504849099998], [75.1297275358, 18.082504849099998], [75.1297275358, 18.082227071099997], [75.1300053138, 18.082227071099997], [75.1300053138, 18.082504849099998], [75.1302830918, 18.082504849099998], [75.1302830918, 18.0827826271], [75.12944975779999, 18.0827826271]]]}}, {"type": "Feature", "properties": {"time_min": 60, "depth_min_m": 1.0, "depth_max_m": 3.0, "depth_class": "1.0\u20133.0 m", "class_area_km2": 1.741826755578396, "flooded_area_km2": 17.78648792691141, "frame_max_depth_m": 144.69788555673983, "class_mean_depth_m": 1.9740615143226756, "scenario_id": "major_breach", "model_type": "Automated approximate 2D flood-routing prototype", "validated_hydraulic_output": false}, "geometry": {"type": "Polygon", "coordinates": [[[75.14000532179999, 18.0827826271], [75.14000532179999, 18.082504849099998], [75.1394497658, 18.082504849099998], [75.1394497658, 18.082227071099997], [75.1402830998, 18.082227071099997], [75.1402830998, 18.0827826271], [75.14000532179999, 18.0827826271]]]}}, {"type": "Feature", "properties": {"time_min": 60, "depth_min_m": 1.0, "depth_max_m": 3.0, "depth_class": "1.0\u20133.0 m", "class_area_km2": 1.741826755578396, "flooded_area_km2": 17.78648792691141, "frame_max_depth_m": 144.69788555673983, "class_mean_depth_m": 1.9740615143226756, "scenario_id": "major_breach", "model_type": "Automated approximate 2D flood-routing prototype", "validated_hydraulic_output": false}, "geometry": {"type": "Polygon", "coordinates": [[[75.1436164358, 18.082504849099998], [75.1436164358, 18.082227071099997], [75.1438942138, 18.082227071099997], [75.1438942138, 18.082504849099998], [75.1436164358, 18.082504849099998]]]}}, {"type": "Feature", "properties": {"time_min": 60, "depth_min_m": 1.0, "depth_max_m": 3.0, "depth_class": "1.0\u20133.0 m", "class_area_km2": 1.741826755578396, "flooded_area_km2": 17.78648792691141, "frame_max_depth_m": 144.69788555673983, "class_mean_depth_m": 1.9740615143226756, "scenario_id": "major_breach", "model_type": "Automated approximate 2D flood-routing prototype", "validated_hydraulic_output": false}, "geometry": {"type": "Polygon", "coordinates": [[[75.14472754779999, 18.082504849099998], [75.14472754779999, 18.082227071099997], [75.1450053258, 18.082227071099997], [75.1450053258, 18.082504849099998], [75.14472754779999, 18.082504849099998]]]}}, {"type": "Feature", "properties": {"time_min": 60, "depth_min_m": 1.0, "depth_max_m": 3.0, "depth_class": "1.0\u20133.0 m", "class_area_km2": 1.741826755578396, "flooded_area_km2": 17.78648792691141, "frame_max_depth_m": 144.69788555673983, "class_mean_depth_m": 1.9740615143226756, "scenario_id": "major_breach", "model_type": "Automated approximate 2D flood-routing prototype", "validated_hydraulic_output": false}, "geometry": {"type": "Polygon", "coordinates": [[[75.07917193979999, 18.082504849099998], [75.07917193979999, 18.0819492931], [75.07944971779999, 18.0819492931], [75.07944971779999, 18.082504849099998], [75.07917193979999, 18.082504849099998]]]}}, {"type": "Feature", "properties": {"time_min": 60, "depth_min_m": 1.0, "depth_max_m": 3.0, "depth_class": "1.0\u20133.0 m", "class_area_km2": 1.741826755578396, "flooded_area_km2": 17.78648792691141, "frame_max_depth_m": 144.69788555673983, "class_mean_depth_m": 1.9740615143226756, "scenario_id": "major_breach", "model_type": "Automated approximate 2D flood-routing prototype", "validated_hydraulic_output": false}, "geometry": {"type": "Polygon", "coordinates": [[[75.11556085779999, 18.082504849099998], [75.11556085779999, 18.0819492931], [75.11583863579999, 18.0819492931], [75.11583863579999, 18.082504849099998], [75.11556085779999, 18.082504849099998]]]}}, {"type": "Feature", "properties": {"time_min": 60, "depth_min_m": 1.0, "depth_max_m": 3.0, "depth_class": "1.0\u20133.0 m", "class_area_km2": 1.741826755578396, "flooded_area_km2": 17.78648792691141, "frame_max_depth_m": 144.69788555673983, "class_mean_depth_m": 1.9740615143226756, "scenario_id": "major_breach", "model_type": "Automated approximate 2D flood-routing prototype", "validated_hydraulic_output": false}, "geometry": {"type": "Polygon", "coordinates": [[[75.1316719818, 18.082504849099998], [75.1316719818, 18.0819492931], [75.13222753779999, 18.0819492931], [75.13222753779999, 18.082227071099997], [75.1319497598, 18.082227071099997], [75.1319497598, 18.082504849099998], [75.1316719818, 18.082504849099998]]]}}, {"type": "Feature", "properties": {"time_min": 60, "depth_min_m": 1.0, "depth_max_m": 3.0, "depth_class": "1.0\u20133.0 m", "class_area_km2": 1.741826755578396, "flooded_area_km2": 17.78648792691141, "frame_max_depth_m": 144.69788555673983, "class_mean_depth_m": 1.9740615143226756, "scenario_id": "major_breach", "model_type": "Automated approximate 2D flood-routing prototype", "validated_hydraulic_output": false}, "geometry": {"type": "Polygon", "coordinates": [[[75.14278310179999, 18.082227071099997], [75.14278310179999, 18.0819492931], [75.1436164358, 18.0819492931], [75.1436164358, 18.082227071099997], [75.14278310179999, 18.082227071099997]]]}}, {"type": "Feature", "properties": {"time_min": 60, "depth_min_m": 1.0, "depth_max_m": 3.0, "depth_class": "1.0\u20133.0 m", "class_area_km2": 1.741826755578396, "flooded_area_km2": 17.78648792691141, "frame_max_depth_m": 144.69788555673983, "class_mean_depth_m": 1.9740615143226756, "scenario_id": "major_breach", "model_type": "Automated approximate 2D flood-routing prototype", "validated_hydraulic_output": false}, "geometry": {"type": "Polygon", "coordinates": [[[75.14444976979999, 18.082227071099997], [75.14444976979999, 18.0819492931], [75.14472754779999, 18.0819492931], [75.14472754779999, 18.082227071099997], [75.14444976979999, 18.082227071099997]]]}}, {"type": "Feature", "properties": {"time_min": 60, "depth_min_m": 1.0, "depth_max_m": 3.0, "depth_class": "1.0\u20133.0 m", "class_area_km2": 1.741826755578396, "flooded_area_km2": 17.78648792691141, "frame_max_depth_m": 144.69788555673983, "class_mean_depth_m": 1.9740615143226756, "scenario_id": "major_breach", "model_type": "Automated approximate 2D flood-routing prototype", "validated_hydraulic_output": false}, "geometry": {"type": "Polygon", "coordinates": [[[75.1302830918, 18.082504849099998], [75.1302830918, 18.0819492931], [75.1305608698, 18.0819492931], [75.1305608698, 18.0816715151], [75.13111642579999, 18.0816715151], [75.13111642579999, 18.0819492931], [75.13083864779999, 18.0819492931], [75.13083864779999, 18.082504849099998], [75.1302830918, 18.082504849099998]]]}}, {"type": "Feature", "properties": {"time_min": 60, "depth_min_m": 1.0, "depth_max_m": 3.0, "depth_class": "1.0\u20133.0 m", "class_area_km2": 1.741826755578396, "flooded_area_km2": 17.78648792691141, "frame_max_depth_m": 144.69788555673983, "class_mean_depth_m": 1.9740615143226756, "scenario_id": "major_breach", "model_type": "Automated approximate 2D flood-routing prototype", "validated_hydraulic_output": false}, "geometry": {"type": "Polygon", "coordinates": [[[75.10806085179999, 18.0819492931], [75.10806085179999, 18.0816715151], [75.10833862979999, 18.0816715151], [75.10833862979999, 18.0819492931], [75.10806085179999, 18.0819492931]]]}}, {"type": "Feature", "properties": {"time_min": 60, "depth_min_m": 1.0, "depth_max_m": 3.0, "depth_class": "1.0\u20133.0 m", "class_area_km2": 1.741826755578396, "flooded_area_km2": 17.78648792691141, "frame_max_depth_m": 144.69788555673983, "class_mean_depth_m": 1.9740615143226756, "scenario_id": "major_breach", "model_type": "Automated approximate 2D flood-routing prototype", "validated_hydraulic_output": false}, "geometry": {"type": "Polygon", "coordinates": [[[75.1300053138, 18.0819492931], [75.1300053138, 18.0816715151], [75.1302830918, 18.0816715151], [75.1302830918, 18.0819492931], [75.1300053138, 18.0819492931]]]}}, {"type": "Feature", "properties": {"time_min": 60, "depth_min_m": 1.0, "depth_max_m": 3.0, "depth_class": "1.0\u20133.0 m", "class_area_km2": 1.741826755578396, "flooded_area_km2": 17.78648792691141, "frame_max_depth_m": 144.69788555673983, "class_mean_depth_m": 1.9740615143226756, "scenario_id": "major_breach", "model_type": "Automated approximate 2D flood-routing prototype", "validated_hydraulic_output": false}, "geometry": {"type": "Polygon", "coordinates": [[[75.13389420579999, 18.0819492931], [75.13389420579999, 18.0816715151], [75.13417198379999, 18.0816715151], [75.13417198379999, 18.0819492931], [75.13389420579999, 18.0819492931]]]}}, {"type": "Feature", "properties": {"time_min": 60, "depth_min_m": 1.0, "depth_max_m": 3.0, "depth_class": "1.0\u20133.0 m", "class_area_km2": 1.741826755578396, "flooded_area_km2": 17.78648792691141, "frame_max_depth_m": 144.69788555673983, "class_mean_depth_m": 1.9740615143226756, "scenario_id": "major_breach", "model_type": "Automated approximate 2D flood-routing prototype", "validated_hydraulic_output": false}, "geometry": {"type": "Polygon", "coordinates": [[[75.14167198979999, 18.0819492931], [75.14167198979999, 18.0816715151], [75.14278310179999, 18.0816715151], [75.14278310179999, 18.0819492931], [75.14167198979999, 18.0819492931]]]}}, {"type": "Feature", "properties": {"time_min": 60, "depth_min_m": 1.0, "depth_max_m": 3.0, "depth_class": "1.0\u20133.0 m", "class_area_km2": 1.741826755578396, "flooded_area_km2": 17.78648792691141, "frame_max_depth_m": 144.69788555673983, "class_mean_depth_m": 1.9740615143226756, "scenario_id": "major_breach", "model_type": "Automated approximate 2D flood-routing prototype", "validated_hydraulic_output": false}, "geometry": {"type": "Polygon", "coordinates": [[[75.1313942038, 18.0816715151], [75.1313942038, 18.081393737099997], [75.1316719818, 18.081393737099997], [75.1316719818, 18.0816715151], [75.1313942038, 18.0816715151]]]}}, {"type": "Feature", "properties": {"time_min": 60, "depth_min_m": 1.0, "depth_max_m": 3.0, "depth_class": "1.0\u20133.0 m", "class_area_km2": 1.741826755578396, "flooded_area_km2": 17.78648792691141, "frame_max_depth_m": 144.69788555673983, "class_mean_depth_m": 1.9740615143226756, "scenario_id": "major_breach", "model_type": "Automated approximate 2D flood-routing prototype", "validated_hydraulic_output": false}, "geometry": {"type": "Polygon", "coordinates": [[[75.1394497658, 18.0816715151], [75.1394497658, 18.081393737099997], [75.13972754379999, 18.081393737099997], [75.13972754379999, 18.0816715151], [75.1394497658, 18.0816715151]]]}}, {"type": "Feature", "properties": {"time_min": 60, "depth_min_m": 1.0, "depth_max_m": 3.0, "depth_class": "1.0\u20133.0 m", "class_area_km2": 1.741826755578396, "flooded_area_km2": 17.78648792691141, "frame_max_depth_m": 144.69788555673983, "class_mean_depth_m": 1.9740615143226756, "scenario_id": "major_breach", "model_type": "Automated approximate 2D flood-routing prototype", "validated_hydraulic_output": false}, "geometry": {"type": "Polygon", "coordinates": [[[75.07944971779999, 18.0819492931], [75.07944971779999, 18.081393737099997], [75.0800052738, 18.081393737099997], [75.0800052738, 18.081115959099996], [75.0802830518, 18.081115959099996], [75.0802830518, 18.0816715151], [75.0800052738, 18.0816715151], [75.0800052738, 18.0819492931], [75.07944971779999, 18.0819492931]]]}}, {"type": "Feature", "properties": {"time_min": 60, "depth_min_m": 1.0, "depth_max_m": 3.0, "depth_class": "1.0\u20133.0 m", "class_area_km2": 1.741826755578396, "flooded_area_km2": 17.78648792691141, "frame_max_depth_m": 144.69788555673983, "class_mean_depth_m": 1.9740615143226756, "scenario_id": "major_breach", "model_type": "Automated approximate 2D flood-routing prototype", "validated_hydraulic_output": false}, "geometry": {"type": "Polygon", "coordinates": [[[75.1041719598, 18.0816715151], [75.1041719598, 18.081393737099997], [75.10528307179999, 18.081393737099997], [75.10528307179999, 18.081115959099996], [75.1058386278, 18.081115959099996], [75.1058386278, 18.081393737099997], [75.1055608498, 18.081393737099997], [75.1055608498, 18.0816715151], [75.1041719598, 18.0816715151]]]}}, {"type": "Feature", "properties": {"time_min": 60, "depth_min_m": 1.0, "depth_max_m": 3.0, "depth_class": "1.0\u20133.0 m", "class_area_km2": 1.741826755578396, "flooded_area_km2": 17.78648792691141, "frame_max_depth_m": 144.69788555673983, "class_mean_depth_m": 1.9740615143226756, "scenario_id": "major_breach", "model_type": "Automated approximate 2D flood-routing prototype", "validated_hydraulic_output": false}, "geometry": {"type": "Polygon", "coordinates": [[[75.0863941678, 18.081393737099997], [75.0863941678, 18.081115959099996], [75.08667194579999, 18.081115959099996], [75.08667194579999, 18.081393737099997], [75.0863941678, 18.081393737099997]]]}}, {"type": "Feature", "properties": {"time_min": 60, "depth_min_m": 1.0, "depth_max_m": 3.0, "depth_class": "1.0\u20133.0 m", "class_area_km2": 1.741826755578396, "flooded_area_km2": 17.78648792691141, "frame_max_depth_m": 144.69788555673983, "class_mean_depth_m": 1.9740615143226756, "scenario_id": "major_breach", "model_type": "Automated approximate 2D flood-routing prototype", "validated_hydraulic_output": false}, "geometry": {"type": "Polygon", "coordinates": [[[75.1038941818, 18.081393737099997], [75.1038941818, 18.081115959099996], [75.1041719598, 18.081115959099996], [75.1041719598, 18.081393737099997], [75.1038941818, 18.081393737099997]]]}}, {"type": "Feature", "properties": {"time_min": 60, "depth_min_m": 1.0, "depth_max_m": 3.0, "depth_class": "1.0\u20133.0 m", "class_area_km2": 1.741826755578396, "flooded_area_km2": 17.78648792691141, "frame_max_depth_m": 144.69788555673983, "class_mean_depth_m": 1.9740615143226756, "scenario_id": "major_breach", "model_type": "Automated approximate 2D flood-routing prototype", "validated_hydraulic_output": false}, "geometry": {"type": "Polygon", "coordinates": [[[75.1077830738, 18.081393737099997], [75.1077830738, 18.081115959099996], [75.10806085179999, 18.081115959099996], [75.10806085179999, 18.081393737099997], [75.1077830738, 18.081393737099997]]]}}, {"type": "Feature", "properties": {"time_min": 60, "depth_min_m": 1.0, "depth_max_m": 3.0, "depth_class": "1.0\u20133.0 m", "class_area_km2": 1.741826755578396, "flooded_area_km2": 17.78648792691141, "frame_max_depth_m": 144.69788555673983, "class_mean_depth_m": 1.9740615143226756, "scenario_id": "major_breach", "model_type": "Automated approximate 2D flood-routing prototype", "validated_hydraulic_output": false}, "geometry": {"type": "Polygon", "coordinates": [[[75.1227830858, 18.081393737099997], [75.1227830858, 18.081115959099996], [75.12306086379999, 18.081115959099996], [75.12306086379999, 18.081393737099997], [75.1227830858, 18.081393737099997]]]}}, {"type": "Feature", "properties": {"time_min": 60, "depth_min_m": 1.0, "depth_max_m": 3.0, "depth_class": "1.0\u20133.0 m", "class_area_km2": 1.741826755578396, "flooded_area_km2": 17.78648792691141, "frame_max_depth_m": 144.69788555673983, "class_mean_depth_m": 1.9740615143226756, "scenario_id": "major_breach", "model_type": "Automated approximate 2D flood-routing prototype", "validated_hydraulic_output": false}, "geometry": {"type": "Polygon", "coordinates": [[[75.13556087379999, 18.081393737099997], [75.13556087379999, 18.081115959099996], [75.1358386518, 18.081115959099996], [75.1358386518, 18.081393737099997], [75.13556087379999, 18.081393737099997]]]}}, {"type": "Feature", "properties": {"time_min": 60, "depth_min_m": 1.0, "depth_max_m": 3.0, "depth_class": "1.0\u20133.0 m", "class_area_km2": 1.741826755578396, "flooded_area_km2": 17.78648792691141, "frame_max_depth_m": 144.69788555673983, "class_mean_depth_m": 1.9740615143226756, "scenario_id": "major_breach", "model_type": "Automated approximate 2D flood-routing prototype", "validated_hydraulic_output": false}, "geometry": {"type": "Polygon", "coordinates": [[[75.12028308379999, 18.084727073099998], [75.12028308379999, 18.084449295099997], [75.1197275278, 18.084449295099997], [75.1197275278, 18.0838937391], [75.1194497498, 18.0838937391], [75.1194497498, 18.083338183099997], [75.11889419379999, 18.083338183099997], [75.11889419379999, 18.0830604051], [75.11861641579999, 18.0830604051], [75.11861641579999, 18.0838937391], [75.1183386378, 18.0838937391], [75.1183386378, 18.083615961099998], [75.1163941918, 18.083615961099998], [75.1163941918, 18.083338183099997], [75.1150053018, 18.083338183099997], [75.1150053018, 18.0830604051], [75.1152830798, 18.0830604051], [75.1152830798, 18.0827826271], [75.11556085779999, 18.0827826271], [75.11556085779999, 18.0830604051], [75.1163941918, 18.0830604051], [75.1163941918, 18.0827826271], [75.1161164138, 18.0827826271], [75.1161164138, 18.082227071099997], [75.1163941918, 18.082227071099997], [75.1163941918, 18.0819492931], [75.1166719698, 18.0819492931], [75.1166719698, 18.0816715151], [75.11694974779999, 18.0816715151], [75.11694974779999, 18.081393737099997], [75.1180608598, 18.081393737099997], [75.1180608598, 18.081115959099996], [75.1183386378, 18.081115959099996], [75.1183386378, 18.081393737099997], [75.1191719718, 18.081393737099997], [75.1191719718, 18.081115959099996], [75.1194497498, 18.081115959099996], [75.1194497498, 18.081393737099997], [75.12000530579999, 18.081393737099997], [75.12000530579999, 18.083338183099997], [75.12028308379999, 18.083338183099997], [75.12028308379999, 18.083615961099998], [75.1205608618, 18.083615961099998], [75.1205608618, 18.0838937391], [75.1211164178, 18.0838937391], [75.1211164178, 18.082504849099998], [75.1213941958, 18.082504849099998], [75.1213941958, 18.0808381811], [75.1222275298, 18.0808381811], [75.1222275298, 18.081115959099996], [75.12167197379999, 18.081115959099996], [75.12167197379999, 18.081393737099997], [75.1227830858, 18.081393737099997], [75.1227830858, 18.0816715151], [75.12167197379999, 18.0816715151], [75.12167197379999, 18.083615961099998], [75.1213941958, 18.083615961099998], [75.1213941958, 18.0841715171], [75.1211164178, 18.0841715171], [75.1211164178, 18.084449295099997], [75.1208386398, 18.084449295099997], [75.1208386398, 18.084727073099998], [75.12028308379999, 18.084727073099998]], [[75.1166719698, 18.0830604051], [75.11694974779999, 18.0830604051], [75.11694974779999, 18.0827826271], [75.1166719698, 18.0827826271], [75.1166719698, 18.0830604051]], [[75.1183386378, 18.082227071099997], [75.11861641579999, 18.082227071099997], [75.11861641579999, 18.0819492931], [75.1183386378, 18.0819492931], [75.1183386378, 18.082227071099997]]]}}, {"type": "Feature", "properties": {"time_min": 60, "depth_min_m": 1.0, "depth_max_m": 3.0, "depth_class": "1.0\u20133.0 m", "class_area_km2": 1.741826755578396, "flooded_area_km2": 17.78648792691141, "frame_max_depth_m": 144.69788555673983, "class_mean_depth_m": 1.9740615143226756, "scenario_id": "major_breach", "model_type": "Automated approximate 2D flood-routing prototype", "validated_hydraulic_output": false}, "geometry": {"type": "Polygon", "coordinates": [[[75.1402830998, 18.0819492931], [75.1402830998, 18.0816715151], [75.14000532179999, 18.0816715151], [75.14000532179999, 18.081393737099997], [75.13972754379999, 18.081393737099997], [75.13972754379999, 18.0808381811], [75.1405608778, 18.0808381811], [75.1405608778, 18.081115959099996], [75.1408386558, 18.081115959099996], [75.1408386558, 18.0816715151], [75.14139421179999, 18.0816715151], [75.14139421179999, 18.0819492931], [75.1402830998, 18.0819492931]]]}}, {"type": "Feature", "properties": {"time_min": 60, "depth_min_m": 1.0, "depth_max_m": 3.0, "depth_class": "1.0\u20133.0 m", "class_area_km2": 1.741826755578396, "flooded_area_km2": 17.78648792691141, "frame_max_depth_m": 144.69788555673983, "class_mean_depth_m": 1.9740615143226756, "scenario_id": "major_breach", "model_type": "Automated approximate 2D flood-routing prototype", "validated_hydraulic_output": false}, "geometry": {"type": "Polygon", "coordinates": [[[75.1469497718, 18.081393737099997], [75.1469497718, 18.0808381811], [75.1472275498, 18.0808381811], [75.1472275498, 18.081393737099997], [75.1469497718, 18.081393737099997]]]}}, {"type": "Feature", "properties": {"time_min": 60, "depth_min_m": 1.0, "depth_max_m": 3.0, "depth_class": "1.0\u20133.0 m", "class_area_km2": 1.741826755578396, "flooded_area_km2": 17.78648792691141, "frame_max_depth_m": 144.69788555673983, "class_mean_depth_m": 1.9740615143226756, "scenario_id": "major_breach", "model_type": "Automated approximate 2D flood-routing prototype", "validated_hydraulic_output": false}, "geometry": {"type": "Polygon", "coordinates": [[[75.10361640379999, 18.081115959099996], [75.10361640379999, 18.0808381811], [75.1038941818, 18.0808381811], [75.1038941818, 18.081115959099996], [75.10361640379999, 18.081115959099996]]]}}, {"type": "Feature", "properties": {"time_min": 60, "depth_min_m": 1.0, "depth_max_m": 3.0, "depth_class": "1.0\u20133.0 m", "class_area_km2": 1.741826755578396, "flooded_area_km2": 17.78648792691141, "frame_max_depth_m": 144.69788555673983, "class_mean_depth_m": 1.9740615143226756, "scenario_id": "major_breach", "model_type": "Automated approximate 2D flood-routing prototype", "validated_hydraulic_output": false}, "geometry": {"type": "Polygon", "coordinates": [[[75.1058386278, 18.081115959099996], [75.1058386278, 18.0808381811], [75.10639418379999, 18.0808381811], [75.10639418379999, 18.081115959099996], [75.1058386278, 18.081115959099996]]]}}, {"type": "Feature", "properties": {"time_min": 60, "depth_min_m": 1.0, "depth_max_m": 3.0, "depth_class": "1.0\u20133.0 m", "class_area_km2": 1.741826755578396, "flooded_area_km2": 17.78648792691141, "frame_max_depth_m": 144.69788555673983, "class_mean_depth_m": 1.9740615143226756, "scenario_id": "major_breach", "model_type": "Automated approximate 2D flood-routing prototype", "validated_hydraulic_output": false}, "geometry": {"type": "Polygon", "coordinates": [[[75.1075052958, 18.081115959099996], [75.1075052958, 18.0808381811], [75.1077830738, 18.0808381811], [75.1077830738, 18.081115959099996], [75.1075052958, 18.081115959099996]]]}}, {"type": "Feature", "properties": {"time_min": 60, "depth_min_m": 1.0, "depth_max_m": 3.0, "depth_class": "1.0\u20133.0 m", "class_area_km2": 1.741826755578396, "flooded_area_km2": 17.78648792691141, "frame_max_depth_m": 144.69788555673983, "class_mean_depth_m": 1.9740615143226756, "scenario_id": "major_breach", "model_type": "Automated approximate 2D flood-routing prototype", "validated_hydraulic_output": false}, "geometry": {"type": "Polygon", "coordinates": [[[75.12306086379999, 18.081115959099996], [75.12306086379999, 18.0808381811], [75.12333864179999, 18.0808381811], [75.12333864179999, 18.081115959099996], [75.12306086379999, 18.081115959099996]]]}}, {"type": "Feature", "properties": {"time_min": 60, "depth_min_m": 1.0, "depth_max_m": 3.0, "depth_class": "1.0\u20133.0 m", "class_area_km2": 1.741826755578396, "flooded_area_km2": 17.78648792691141, "frame_max_depth_m": 144.69788555673983, "class_mean_depth_m": 1.9740615143226756, "scenario_id": "major_breach", "model_type": "Automated approximate 2D flood-routing prototype", "validated_hydraulic_output": false}, "geometry": {"type": "Polygon", "coordinates": [[[75.1391719878, 18.081115959099996], [75.1391719878, 18.0808381811], [75.1394497658, 18.0808381811], [75.1394497658, 18.081115959099996], [75.1391719878, 18.081115959099996]]]}}, {"type": "Feature", "properties": {"time_min": 60, "depth_min_m": 1.0, "depth_max_m": 3.0, "depth_class": "1.0\u20133.0 m", "class_area_km2": 1.741826755578396, "flooded_area_km2": 17.78648792691141, "frame_max_depth_m": 144.69788555673983, "class_mean_depth_m": 1.9740615143226756, "scenario_id": "major_breach", "model_type": "Automated approximate 2D flood-routing prototype", "validated_hydraulic_output": false}, "geometry": {"type": "Polygon", "coordinates": [[[75.14139421179999, 18.081115959099996], [75.14139421179999, 18.0808381811], [75.1419497678, 18.0808381811], [75.1419497678, 18.081115959099996], [75.14139421179999, 18.081115959099996]]]}}, {"type": "Feature", "properties": {"time_min": 60, "depth_min_m": 1.0, "depth_max_m": 3.0, "depth_class": "1.0\u20133.0 m", "class_area_km2": 1.741826755578396, "flooded_area_km2": 17.78648792691141, "frame_max_depth_m": 144.69788555673983, "class_mean_depth_m": 1.9740615143226756, "scenario_id": "major_breach", "model_type": "Automated approximate 2D flood-routing prototype", "validated_hydraulic_output": false}, "geometry": {"type": "Polygon", "coordinates": [[[75.1225053078, 18.081115959099996], [75.1225053078, 18.080560403099998], [75.1227830858, 18.080560403099998], [75.1227830858, 18.081115959099996], [75.1225053078, 18.081115959099996]]]}}, {"type": "Feature", "properties": {"time_min": 60, "depth_min_m": 1.0, "depth_max_m": 3.0, "depth_class": "1.0\u20133.0 m", "class_area_km2": 1.741826755578396, "flooded_area_km2": 17.78648792691141, "frame_max_depth_m": 144.69788555673983, "class_mean_depth_m": 1.9740615143226756, "scenario_id": "major_breach", "model_type": "Automated approximate 2D flood-routing prototype", "validated_hydraulic_output": false}, "geometry": {"type": "Polygon", "coordinates": [[[75.08667194579999, 18.0808381811], [75.08667194579999, 18.080560403099998], [75.08694972379999, 18.080560403099998], [75.08694972379999, 18.0808381811], [75.08667194579999, 18.0808381811]]]}}, {"type": "Feature", "properties": {"time_min": 60, "depth_min_m": 1.0, "depth_max_m": 3.0, "depth_class": "1.0\u20133.0 m", "class_area_km2": 1.741826755578396, "flooded_area_km2": 17.78648792691141, "frame_max_depth_m": 144.69788555673983, "class_mean_depth_m": 1.9740615143226756, "scenario_id": "major_breach", "model_type": "Automated approximate 2D flood-routing prototype", "validated_hydraulic_output": false}, "geometry": {"type": "Polygon", "coordinates": [[[75.10333862579999, 18.0808381811], [75.10333862579999, 18.080560403099998], [75.10361640379999, 18.080560403099998], [75.10361640379999, 18.0808381811], [75.10333862579999, 18.0808381811]]]}}, {"type": "Feature", "properties": {"time_min": 60, "depth_min_m": 1.0, "depth_max_m": 3.0, "depth_class": "1.0\u20133.0 m", "class_area_km2": 1.741826755578396, "flooded_area_km2": 17.78648792691141, "frame_max_depth_m": 144.69788555673983, "class_mean_depth_m": 1.9740615143226756, "scenario_id": "major_breach", "model_type": "Automated approximate 2D flood-routing prototype", "validated_hydraulic_output": false}, "geometry": {"type": "Polygon", "coordinates": [[[75.10667196179999, 18.0808381811], [75.10667196179999, 18.080560403099998], [75.1075052958, 18.080560403099998], [75.1075052958, 18.0808381811], [75.10667196179999, 18.0808381811]]]}}, {"type": "Feature", "properties": {"time_min": 60, "depth_min_m": 1.0, "depth_max_m": 3.0, "depth_class": "1.0\u20133.0 m", "class_area_km2": 1.741826755578396, "flooded_area_km2": 17.78648792691141, "frame_max_depth_m": 144.69788555673983, "class_mean_depth_m": 1.9740615143226756, "scenario_id": "major_breach", "model_type": "Automated approximate 2D flood-routing prototype", "validated_hydraulic_output": false}, "geometry": {"type": "Polygon", "coordinates": [[[75.1211164178, 18.0808381811], [75.1211164178, 18.080560403099998], [75.1213941958, 18.080560403099998], [75.1213941958, 18.0808381811], [75.1211164178, 18.0808381811]]]}}, {"type": "Feature", "properties": {"time_min": 60, "depth_min_m": 1.0, "depth_max_m": 3.0, "depth_class": "1.0\u20133.0 m", "class_area_km2": 1.741826755578396, "flooded_area_km2": 17.78648792691141, "frame_max_depth_m": 144.69788555673983, "class_mean_depth_m": 1.9740615143226756, "scenario_id": "major_breach", "model_type": "Automated approximate 2D flood-routing prototype", "validated_hydraulic_output": false}, "geometry": {"type": "Polygon", "coordinates": [[[75.1213941958, 18.080560403099998], [75.1213941958, 18.080282625099997], [75.12167197379999, 18.080282625099997], [75.12167197379999, 18.080560403099998], [75.1213941958, 18.080560403099998]]]}}, {"type": "Feature", "properties": {"time_min": 60, "depth_min_m": 1.0, "depth_max_m": 3.0, "depth_class": "1.0\u20133.0 m", "class_area_km2": 1.741826755578396, "flooded_area_km2": 17.78648792691141, "frame_max_depth_m": 144.69788555673983, "class_mean_depth_m": 1.9740615143226756, "scenario_id": "major_breach", "model_type": "Automated approximate 2D flood-routing prototype", "validated_hydraulic_output": false}, "geometry": {"type": "Polygon", "coordinates": [[[75.13417198379999, 18.080560403099998], [75.13417198379999, 18.080282625099997], [75.1344497618, 18.080282625099997], [75.1344497618, 18.080560403099998], [75.13417198379999, 18.080560403099998]]]}}, {"type": "Feature", "properties": {"time_min": 60, "depth_min_m": 1.0, "depth_max_m": 3.0, "depth_class": "1.0\u20133.0 m", "class_area_km2": 1.741826755578396, "flooded_area_km2": 17.78648792691141, "frame_max_depth_m": 144.69788555673983, "class_mean_depth_m": 1.9740615143226756, "scenario_id": "major_breach", "model_type": "Automated approximate 2D flood-routing prototype", "validated_hydraulic_output": false}, "geometry": {"type": "Polygon", "coordinates": [[[75.13667198579999, 18.080560403099998], [75.13667198579999, 18.080282625099997], [75.1372275418, 18.080282625099997], [75.1372275418, 18.080560403099998], [75.13667198579999, 18.080560403099998]]]}}, {"type": "Feature", "properties": {"time_min": 60, "depth_min_m": 1.0, "depth_max_m": 3.0, "depth_class": "1.0\u20133.0 m", "class_area_km2": 1.741826755578396, "flooded_area_km2": 17.78648792691141, "frame_max_depth_m": 144.69788555673983, "class_mean_depth_m": 1.9740615143226756, "scenario_id": "major_breach", "model_type": "Automated approximate 2D flood-routing prototype", "validated_hydraulic_output": false}, "geometry": {"type": "Polygon", "coordinates": [[[75.12917197979999, 18.082504849099998], [75.12917197979999, 18.0816715151], [75.1288942018, 18.0816715151], [75.1288942018, 18.081115959099996], [75.1283386458, 18.081115959099996], [75.1283386458, 18.080560403099998], [75.1286164238, 18.080560403099998], [75.1286164238, 18.0800048471], [75.1288942018, 18.0800048471], [75.1288942018, 18.080282625099997], [75.1297275358, 18.080282625099997], [75.1297275358, 18.080560403099998], [75.1300053138, 18.080560403099998], [75.1300053138, 18.0816715151], [75.1297275358, 18.0816715151], [75.1297275358, 18.0819492931], [75.12944975779999, 18.0819492931], [75.12944975779999, 18.082504849099998], [75.12917197979999, 18.082504849099998]], [[75.12944975779999, 18.0816715151], [75.1297275358, 18.0816715151], [75.1297275358, 18.081393737099997], [75.12944975779999, 18.081393737099997], [75.12944975779999, 18.0816715151]], [[75.12917197979999, 18.081393737099997], [75.12944975779999, 18.081393737099997], [75.12944975779999, 18.081115959099996], [75.1297275358, 18.081115959099996], [75.1297275358, 18.0808381811], [75.12944975779999, 18.0808381811], [75.12944975779999, 18.080560403099998], [75.1288942018, 18.080560403099998], [75.1288942018, 18.0808381811], [75.12917197979999, 18.0808381811], [75.12917197979999, 18.081393737099997]]]}}, {"type": "Feature", "properties": {"time_min": 60, "depth_min_m": 1.0, "depth_max_m": 3.0, "depth_class": "1.0\u20133.0 m", "class_area_km2": 1.741826755578396, "flooded_area_km2": 17.78648792691141, "frame_max_depth_m": 144.69788555673983, "class_mean_depth_m": 1.9740615143226756, "scenario_id": "major_breach", "model_type": "Automated approximate 2D flood-routing prototype", "validated_hydraulic_output": false}, "geometry": {"type": "Polygon", "coordinates": [[[75.13389420579999, 18.080282625099997], [75.13389420579999, 18.0800048471], [75.13417198379999, 18.0800048471], [75.13417198379999, 18.080282625099997], [75.13389420579999, 18.080282625099997]]]}}, {"type": "Feature", "properties": {"time_min": 60, "depth_min_m": 1.0, "depth_max_m": 3.0, "depth_class": "1.0\u20133.0 m", "class_area_km2": 1.741826755578396, "flooded_area_km2": 17.78648792691141, "frame_max_depth_m": 144.69788555673983, "class_mean_depth_m": 1.9740615143226756, "scenario_id": "major_breach", "model_type": "Automated approximate 2D flood-routing prototype", "validated_hydraulic_output": false}, "geometry": {"type": "Polygon", "coordinates": [[[75.1344497618, 18.080282625099997], [75.1344497618, 18.0800048471], [75.1347275398, 18.0800048471], [75.1347275398, 18.080282625099997], [75.1344497618, 18.080282625099997]]]}}, {"type": "Feature", "properties": {"time_min": 60, "depth_min_m": 1.0, "depth_max_m": 3.0, "depth_class": "1.0\u20133.0 m", "class_area_km2": 1.741826755578396, "flooded_area_km2": 17.78648792691141, "frame_max_depth_m": 144.69788555673983, "class_mean_depth_m": 1.9740615143226756, "scenario_id": "major_breach", "model_type": "Automated approximate 2D flood-routing prototype", "validated_hydraulic_output": false}, "geometry": {"type": "Polygon", "coordinates": [[[75.13083864779999, 18.081393737099997], [75.13083864779999, 18.081115959099996], [75.1305608698, 18.081115959099996], [75.1305608698, 18.0808381811], [75.1302830918, 18.0808381811], [75.1302830918, 18.080282625099997], [75.1305608698, 18.080282625099997], [75.1305608698, 18.0797270691], [75.13083864779999, 18.0797270691], [75.13083864779999, 18.0800048471], [75.13111642579999, 18.0800048471], [75.13111642579999, 18.080282625099997], [75.13083864779999, 18.080282625099997], [75.13083864779999, 18.0808381811], [75.13111642579999, 18.0808381811], [75.13111642579999, 18.081393737099997], [75.13083864779999, 18.081393737099997]]]}}, {"type": "Feature", "properties": {"time_min": 60, "depth_min_m": 1.0, "depth_max_m": 3.0, "depth_class": "1.0\u20133.0 m", "class_area_km2": 1.741826755578396, "flooded_area_km2": 17.78648792691141, "frame_max_depth_m": 144.69788555673983, "class_mean_depth_m": 1.9740615143226756, "scenario_id": "major_breach", "model_type": "Automated approximate 2D flood-routing prototype", "validated_hydraulic_output": false}, "geometry": {"type": "Polygon", "coordinates": [[[75.1244497538, 18.0800048471], [75.1244497538, 18.0797270691], [75.12472753179999, 18.0797270691], [75.12472753179999, 18.0800048471], [75.1244497538, 18.0800048471]]]}}, {"type": "Feature", "properties": {"time_min": 60, "depth_min_m": 1.0, "depth_max_m": 3.0, "depth_class": "1.0\u20133.0 m", "class_area_km2": 1.741826755578396, "flooded_area_km2": 17.78648792691141, "frame_max_depth_m": 144.69788555673983, "class_mean_depth_m": 1.9740615143226756, "scenario_id": "major_breach", "model_type": "Automated approximate 2D flood-routing prototype", "validated_hydraulic_output": false}, "geometry": {"type": "Polygon", "coordinates": [[[75.1347275398, 18.0800048471], [75.1347275398, 18.0797270691], [75.1350053178, 18.0797270691], [75.1350053178, 18.0800048471], [75.1347275398, 18.0800048471]]]}}, {"type": "Feature", "properties": {"time_min": 60, "depth_min_m": 1.0, "depth_max_m": 3.0, "depth_class": "1.0\u20133.0 m", "class_area_km2": 1.741826755578396, "flooded_area_km2": 17.78648792691141, "frame_max_depth_m": 144.69788555673983, "class_mean_depth_m": 1.9740615143226756, "scenario_id": "major_breach", "model_type": "Automated approximate 2D flood-routing prototype", "validated_hydraulic_output": false}, "geometry": {"type": "Polygon", "coordinates": [[[75.0802830518, 18.081115959099996], [75.0802830518, 18.0808381811], [75.08083860779999, 18.0808381811], [75.08083860779999, 18.080560403099998], [75.0811163858, 18.080560403099998], [75.0811163858, 18.080282625099997], [75.0813941638, 18.080282625099997], [75.0813941638, 18.0797270691], [75.0816719418, 18.0797270691], [75.0816719418, 18.079449291099998], [75.0819497198, 18.079449291099998], [75.0819497198, 18.0800048471], [75.0816719418, 18.0800048471], [75.0816719418, 18.080560403099998], [75.0813941638, 18.080560403099998], [75.0813941638, 18.0808381811], [75.0811163858, 18.0808381811], [75.0811163858, 18.081115959099996], [75.0802830518, 18.081115959099996]]]}}, {"type": "Feature", "properties": {"time_min": 60, "depth_min_m": 1.0, "depth_max_m": 3.0, "depth_class": "1.0\u20133.0 m", "class_area_km2": 1.741826755578396, "flooded_area_km2": 17.78648792691141, "frame_max_depth_m": 144.69788555673983, "class_mean_depth_m": 1.9740615143226756, "scenario_id": "major_breach", "model_type": "Automated approximate 2D flood-routing prototype", "validated_hydraulic_output": false}, "geometry": {"type": "Polygon", "coordinates": [[[75.1211164178, 18.080282625099997], [75.1211164178, 18.079449291099998], [75.1213941958, 18.079449291099998], [75.1213941958, 18.080282625099997], [75.1211164178, 18.080282625099997]]]}}, {"type": "Feature", "properties": {"time_min": 60, "depth_min_m": 1.0, "depth_max_m": 3.0, "depth_class": "1.0\u20133.0 m", "class_area_km2": 1.741826755578396, "flooded_area_km2": 17.78648792691141, "frame_max_depth_m": 144.69788555673983, "class_mean_depth_m": 1.9740615143226756, "scenario_id": "major_breach", "model_type": "Automated approximate 2D flood-routing prototype", "validated_hydraulic_output": false}, "geometry": {"type": "Polygon", "coordinates": [[[75.1227830858, 18.0797270691], [75.1227830858, 18.079449291099998], [75.12306086379999, 18.079449291099998], [75.12306086379999, 18.0797270691], [75.1227830858, 18.0797270691]]]}}, {"type": "Feature", "properties": {"time_min": 60, "depth_min_m": 1.0, "depth_max_m": 3.0, "depth_class": "1.0\u20133.0 m", "class_area_km2": 1.741826755578396, "flooded_area_km2": 17.78648792691141, "frame_max_depth_m": 144.69788555673983, "class_mean_depth_m": 1.9740615143226756, "scenario_id": "major_breach", "model_type": "Automated approximate 2D flood-routing prototype", "validated_hydraulic_output": false}, "geometry": {"type": "Polygon", "coordinates": [[[75.12917197979999, 18.0797270691], [75.12917197979999, 18.079449291099998], [75.12944975779999, 18.079449291099998], [75.12944975779999, 18.0797270691], [75.12917197979999, 18.0797270691]]]}}, {"type": "Feature", "properties": {"time_min": 60, "depth_min_m": 1.0, "depth_max_m": 3.0, "depth_class": "1.0\u20133.0 m", "class_area_km2": 1.741826755578396, "flooded_area_km2": 17.78648792691141, "frame_max_depth_m": 144.69788555673983, "class_mean_depth_m": 1.9740615143226756, "scenario_id": "major_breach", "model_type": "Automated approximate 2D flood-routing prototype", "validated_hydraulic_output": false}, "geometry": {"type": "Polygon", "coordinates": [[[75.13528309579999, 18.0797270691], [75.13528309579999, 18.079449291099998], [75.1358386518, 18.079449291099998], [75.1358386518, 18.0797270691], [75.13528309579999, 18.0797270691]]]}}, {"type": "Feature", "properties": {"time_min": 60, "depth_min_m": 1.0, "depth_max_m": 3.0, "depth_class": "1.0\u20133.0 m", "class_area_km2": 1.741826755578396, "flooded_area_km2": 17.78648792691141, "frame_max_depth_m": 144.69788555673983, "class_mean_depth_m": 1.9740615143226756, "scenario_id": "major_breach", "model_type": "Automated approximate 2D flood-routing prototype", "validated_hydraulic_output": false}, "geometry": {"type": "Polygon", "coordinates": [[[75.1333386498, 18.079449291099998], [75.1333386498, 18.079171513099997], [75.13361642779999, 18.079171513099997], [75.13361642779999, 18.079449291099998], [75.1333386498, 18.079449291099998]]]}}, {"type": "Feature", "properties": {"time_min": 60, "depth_min_m": 1.0, "depth_max_m": 3.0, "depth_class": "1.0\u20133.0 m", "class_area_km2": 1.741826755578396, "flooded_area_km2": 17.78648792691141, "frame_max_depth_m": 144.69788555673983, "class_mean_depth_m": 1.9740615143226756, "scenario_id": "major_breach", "model_type": "Automated approximate 2D flood-routing prototype", "validated_hydraulic_output": false}, "geometry": {"type": "Polygon", "coordinates": [[[75.1208386398, 18.079449291099998], [75.1208386398, 18.0788937351], [75.1211164178, 18.0788937351], [75.1211164178, 18.079449291099998], [75.1208386398, 18.079449291099998]]]}}, {"type": "Feature", "properties": {"time_min": 60, "depth_min_m": 1.0, "depth_max_m": 3.0, "depth_class": "1.0\u20133.0 m", "class_area_km2": 1.741826755578396, "flooded_area_km2": 17.78648792691141, "frame_max_depth_m": 144.69788555673983, "class_mean_depth_m": 1.9740615143226756, "scenario_id": "major_breach", "model_type": "Automated approximate 2D flood-routing prototype", "validated_hydraulic_output": false}, "geometry": {"type": "Polygon", "coordinates": [[[75.12167197379999, 18.0797270691], [75.12167197379999, 18.079449291099998], [75.1213941958, 18.079449291099998], [75.1213941958, 18.079171513099997], [75.1222275298, 18.079171513099997], [75.1222275298, 18.0788937351], [75.1225053078, 18.0788937351], [75.1225053078, 18.079449291099998], [75.12194975179999, 18.079449291099998], [75.12194975179999, 18.0797270691], [75.12167197379999, 18.0797270691]]]}}, {"type": "Feature", "properties": {"time_min": 60, "depth_min_m": 1.0, "depth_max_m": 3.0, "depth_class": "1.0\u20133.0 m", "class_area_km2": 1.741826755578396, "flooded_area_km2": 17.78648792691141, "frame_max_depth_m": 144.69788555673983, "class_mean_depth_m": 1.9740615143226756, "scenario_id": "major_breach", "model_type": "Automated approximate 2D flood-routing prototype", "validated_hydraulic_output": false}, "geometry": {"type": "Polygon", "coordinates": [[[75.0966719538, 18.079171513099997], [75.0966719538, 18.0788937351], [75.0969497318, 18.0788937351], [75.0969497318, 18.079171513099997], [75.0966719538, 18.079171513099997]]]}}, {"type": "Feature", "properties": {"time_min": 60, "depth_min_m": 1.0, "depth_max_m": 3.0, "depth_class": "1.0\u20133.0 m", "class_area_km2": 1.741826755578396, "flooded_area_km2": 17.78648792691141, "frame_max_depth_m": 144.69788555673983, "class_mean_depth_m": 1.9740615143226756, "scenario_id": "major_breach", "model_type": "Automated approximate 2D flood-routing prototype", "validated_hydraulic_output": false}, "geometry": {"type": "Polygon", "coordinates": [[[75.1011164018, 18.0797270691], [75.1011164018, 18.079449291099998], [75.10028306779999, 18.079449291099998], [75.10028306779999, 18.079171513099997], [75.0994497338, 18.079171513099997], [75.0994497338, 18.0788937351], [75.1011164018, 18.0788937351], [75.1011164018, 18.079171513099997], [75.1013941798, 18.079171513099997], [75.1013941798, 18.079449291099998], [75.1016719578, 18.079449291099998], [75.1016719578, 18.0797270691], [75.1011164018, 18.0797270691]]]}}, {"type": "Feature", "properties": {"time_min": 60, "depth_min_m": 1.0, "depth_max_m": 3.0, "depth_class": "1.0\u20133.0 m", "class_area_km2": 1.741826755578396, "flooded_area_km2": 17.78648792691141, "frame_max_depth_m": 144.69788555673983, "class_mean_depth_m": 1.9740615143226756, "scenario_id": "major_breach", "model_type": "Automated approximate 2D flood-routing prototype", "validated_hydraulic_output": false}, "geometry": {"type": "Polygon", "coordinates": [[[75.1300053138, 18.0797270691], [75.1300053138, 18.079449291099998], [75.1302830918, 18.079449291099998], [75.1302830918, 18.079171513099997], [75.1300053138, 18.079171513099997], [75.1300053138, 18.0788937351], [75.1305608698, 18.0788937351], [75.1305608698, 18.0797270691], [75.1300053138, 18.0797270691]]]}}, {"type": "Feature", "properties": {"time_min": 60, "depth_min_m": 1.0, "depth_max_m": 3.0, "depth_class": "1.0\u20133.0 m", "class_area_km2": 1.741826755578396, "flooded_area_km2": 17.78648792691141, "frame_max_depth_m": 144.69788555673983, "class_mean_depth_m": 1.9740615143226756, "scenario_id": "major_breach", "model_type": "Automated approximate 2D flood-routing prototype", "validated_hydraulic_output": false}, "geometry": {"type": "Polygon", "coordinates": [[[75.1316719818, 18.079449291099998], [75.1316719818, 18.0786159571], [75.1319497598, 18.0786159571], [75.1319497598, 18.079449291099998], [75.1316719818, 18.079449291099998]]]}}, {"type": "Feature", "properties": {"time_min": 60, "depth_min_m": 1.0, "depth_max_m": 3.0, "depth_class": "1.0\u20133.0 m", "class_area_km2": 1.741826755578396, "flooded_area_km2": 17.78648792691141, "frame_max_depth_m": 144.69788555673983, "class_mean_depth_m": 1.9740615143226756, "scenario_id": "major_breach", "model_type": "Automated approximate 2D flood-routing prototype", "validated_hydraulic_output": false}, "geometry": {"type": "Polygon", "coordinates": [[[75.1238941978, 18.0800048471], [75.1238941978, 18.0797270691], [75.12333864179999, 18.0797270691], [75.12333864179999, 18.079449291099998], [75.1236164198, 18.079449291099998], [75.1236164198, 18.079171513099997], [75.12333864179999, 18.079171513099997], [75.12333864179999, 18.0788937351], [75.1236164198, 18.0788937351], [75.1236164198, 18.0786159571], [75.1238941978, 18.0786159571], [75.1238941978, 18.079171513099997], [75.1241719758, 18.079171513099997], [75.1241719758, 18.0800048471], [75.1238941978, 18.0800048471]]]}}, {"type": "Feature", "properties": {"time_min": 60, "depth_min_m": 1.0, "depth_max_m": 3.0, "depth_class": "1.0\u20133.0 m", "class_area_km2": 1.741826755578396, "flooded_area_km2": 17.78648792691141, "frame_max_depth_m": 144.69788555673983, "class_mean_depth_m": 1.9740615143226756, "scenario_id": "major_breach", "model_type": "Automated approximate 2D flood-routing prototype", "validated_hydraulic_output": false}, "geometry": {"type": "Polygon", "coordinates": [[[75.09000528179999, 18.0788937351], [75.09000528179999, 18.0786159571], [75.0905608378, 18.0786159571], [75.0905608378, 18.0788937351], [75.09000528179999, 18.0788937351]]]}}, {"type": "Feature", "properties": {"time_min": 60, "depth_min_m": 1.0, "depth_max_m": 3.0, "depth_class": "1.0\u20133.0 m", "class_area_km2": 1.741826755578396, "flooded_area_km2": 17.78648792691141, "frame_max_depth_m": 144.69788555673983, "class_mean_depth_m": 1.9740615143226756, "scenario_id": "major_breach", "model_type": "Automated approximate 2D flood-routing prototype", "validated_hydraulic_output": false}, "geometry": {"type": "Polygon", "coordinates": [[[75.09722750979999, 18.0788937351], [75.09722750979999, 18.0786159571], [75.0980608438, 18.0786159571], [75.0980608438, 18.0788937351], [75.09722750979999, 18.0788937351]]]}}, {"type": "Feature", "properties": {"time_min": 60, "depth_min_m": 1.0, "depth_max_m": 3.0, "depth_class": "1.0\u20133.0 m", "class_area_km2": 1.741826755578396, "flooded_area_km2": 17.78648792691141, "frame_max_depth_m": 144.69788555673983, "class_mean_depth_m": 1.9740615143226756, "scenario_id": "major_breach", "model_type": "Automated approximate 2D flood-routing prototype", "validated_hydraulic_output": false}, "geometry": {"type": "Polygon", "coordinates": [[[75.0986163998, 18.0788937351], [75.0986163998, 18.0786159571], [75.0994497338, 18.0786159571], [75.0994497338, 18.0788937351], [75.0986163998, 18.0788937351]]]}}, {"type": "Feature", "properties": {"time_min": 60, "depth_min_m": 1.0, "depth_max_m": 3.0, "depth_class": "1.0\u20133.0 m", "class_area_km2": 1.741826755578396, "flooded_area_km2": 17.78648792691141, "frame_max_depth_m": 144.69788555673983, "class_mean_depth_m": 1.9740615143226756, "scenario_id": "major_breach", "model_type": "Automated approximate 2D flood-routing prototype", "validated_hydraulic_output": false}, "geometry": {"type": "Polygon", "coordinates": [[[75.08694972379999, 18.0850048511], [75.08694972379999, 18.084727073099998], [75.08667194579999, 18.084727073099998], [75.08667194579999, 18.084449295099997], [75.0863941678, 18.084449295099997], [75.0863941678, 18.0841715171], [75.0861163898, 18.0841715171], [75.0861163898, 18.0838937391], [75.0858386118, 18.0838937391], [75.0858386118, 18.083615961099998], [75.0850052778, 18.083615961099998], [75.0850052778, 18.083338183099997], [75.08361638779999, 18.083338183099997], [75.08361638779999, 18.083615961099998], [75.0833386098, 18.083615961099998], [75.0833386098, 18.0838937391], [75.0830608318, 18.0838937391], [75.0830608318, 18.0841715171], [75.08250527579999, 18.0841715171], [75.08250527579999, 18.084449295099997], [75.08222749779999, 18.084449295099997], [75.08222749779999, 18.0838937391], [75.08250527579999, 18.0838937391], [75.08250527579999, 18.0830604051], [75.0819497198, 18.0830604051], [75.0819497198, 18.082227071099997], [75.08222749779999, 18.082227071099997], [75.08222749779999, 18.082504849099998], [75.08250527579999, 18.082504849099998], [75.08250527579999, 18.082227071099997], [75.0833386098, 18.082227071099997], [75.0833386098, 18.0819492931], [75.08361638779999, 18.0819492931], [75.08361638779999, 18.082227071099997], [75.0847274998, 18.082227071099997], [75.0847274998, 18.082504849099998], [75.08528305579999, 18.082504849099998], [75.08528305579999, 18.0830604051], [75.0858386118, 18.0830604051], [75.0858386118, 18.0827826271], [75.0861163898, 18.0827826271], [75.0861163898, 18.0830604051], [75.08667194579999, 18.0830604051], [75.08667194579999, 18.083338183099997], [75.08694972379999, 18.083338183099997], [75.08694972379999, 18.083615961099998], [75.0877830578, 18.083615961099998], [75.0877830578, 18.083338183099997], [75.0880608358, 18.083338183099997], [75.0880608358, 18.0830604051], [75.08833861379999, 18.0830604051], [75.08833861379999, 18.082504849099998], [75.0880608358, 18.082504849099998], [75.0880608358, 18.0816715151], [75.08861639179999, 18.0816715151], [75.08861639179999, 18.081393737099997], [75.0888941698, 18.081393737099997], [75.0888941698, 18.081115959099996], [75.0891719478, 18.081115959099996], [75.0891719478, 18.080560403099998], [75.08972750379999, 18.080560403099998], [75.08972750379999, 18.0800048471], [75.09000528179999, 18.0800048471], [75.09000528179999, 18.079449291099998], [75.0902830598, 18.079449291099998], [75.0902830598, 18.079171513099997], [75.0908386158, 18.079171513099997], [75.0908386158, 18.079449291099998], [75.0911163938, 18.079449291099998], [75.0911163938, 18.0797270691], [75.09139417179999, 18.0797270691], [75.09139417179999, 18.0800048471], [75.09167194979999, 18.0800048471], [75.09167194979999, 18.080282625099997], [75.0922275058, 18.080282625099997], [75.0922275058, 18.0797270691], [75.09417195179999, 18.0797270691], [75.09417195179999, 18.079171513099997], [75.09444972979999, 18.079171513099997], [75.09444972979999, 18.0788937351], [75.09472750779999, 18.0788937351], [75.09472750779999, 18.0786159571], [75.0950052858, 18.0786159571], [75.0950052858, 18.078338179099998], [75.0952830638, 18.078338179099998], [75.0952830638, 18.0786159571], [75.0955608418, 18.0786159571], [75.0955608418, 18.0788937351], [75.0952830638, 18.0788937351], [75.0952830638, 18.079171513099997], [75.0955608418, 18.079171513099997], [75.0955608418, 18.0797270691], [75.0950052858, 18.0797270691], [75.0950052858, 18.0800048471], [75.09472750779999, 18.0800048471], [75.09472750779999, 18.080282625099997], [75.09444972979999, 18.080282625099997], [75.09444972979999, 18.080560403099998], [75.0938941738, 18.080560403099998], [75.0938941738, 18.081115959099996], [75.0936163958, 18.081115959099996], [75.0936163958, 18.0808381811], [75.0933386178, 18.0808381811], [75.0933386178, 18.081115959099996], [75.09167194979999, 18.081115959099996], [75.09167194979999, 18.0808381811], [75.09139417179999, 18.0808381811], [75.09139417179999, 18.081115959099996], [75.0911163938, 18.081115959099996], [75.0911163938, 18.0808381811], [75.0902830598, 18.0808381811], [75.0902830598, 18.081115959099996], [75.09000528179999, 18.081115959099996], [75.09000528179999, 18.081393737099997], [75.08972750379999, 18.081393737099997], [75.08972750379999, 18.082504849099998], [75.0891719478, 18.082504849099998], [75.0891719478, 18.0827826271], [75.0888941698, 18.0827826271], [75.0888941698, 18.0830604051], [75.08861639179999, 18.0830604051], [75.08861639179999, 18.083615961099998], [75.08833861379999, 18.083615961099998], [75.08833861379999, 18.084727073099998], [75.0880608358, 18.084727073099998], [75.0880608358, 18.0850048511], [75.08694972379999, 18.0850048511]]]}}, {"type": "Feature", "properties": {"time_min": 60, "depth_min_m": 1.0, "depth_max_m": 3.0, "depth_class": "1.0\u20133.0 m", "class_area_km2": 1.741826755578396, "flooded_area_km2": 17.78648792691141, "frame_max_depth_m": 144.69788555673983, "class_mean_depth_m": 1.9740615143226756, "scenario_id": "major_breach", "model_type": "Automated approximate 2D flood-routing prototype", "validated_hydraulic_output": false}, "geometry": {"type": "Polygon", "coordinates": [[[75.12611642179999, 18.0788937351], [75.12611642179999, 18.078338179099998], [75.12639419979999, 18.078338179099998], [75.12639419979999, 18.0786159571], [75.1266719778, 18.0786159571], [75.1266719778, 18.0788937351], [75.12611642179999, 18.0788937351]]]}}, {"type": "Feature", "properties": {"time_min": 60, "depth_min_m": 1.0, "depth_max_m": 3.0, "depth_class": "1.0\u20133.0 m", "class_area_km2": 1.741826755578396, "flooded_area_km2": 17.78648792691141, "frame_max_depth_m": 144.69788555673983, "class_mean_depth_m": 1.9740615143226756, "scenario_id": "major_breach", "model_type": "Automated approximate 2D flood-routing prototype", "validated_hydraulic_output": false}, "geometry": {"type": "Polygon", "coordinates": [[[75.0819497198, 18.079449291099998], [75.0819497198, 18.0786159571], [75.0816719418, 18.0786159571], [75.0816719418, 18.078338179099998], [75.08222749779999, 18.078338179099998], [75.08222749779999, 18.079449291099998], [75.0819497198, 18.079449291099998]]]}}, {"type": "Feature", "properties": {"time_min": 60, "depth_min_m": 1.0, "depth_max_m": 3.0, "depth_class": "1.0\u20133.0 m", "class_area_km2": 1.741826755578396, "flooded_area_km2": 17.78648792691141, "frame_max_depth_m": 144.69788555673983, "class_mean_depth_m": 1.9740615143226756, "scenario_id": "major_breach", "model_type": "Automated approximate 2D flood-routing prototype", "validated_hydraulic_output": false}, "geometry": {"type": "Polygon", "coordinates": [[[75.0827830538, 18.0786159571], [75.0827830538, 18.078338179099998], [75.0833386098, 18.078338179099998], [75.0833386098, 18.0786159571], [75.0827830538, 18.0786159571]]]}}, {"type": "Feature", "properties": {"time_min": 60, "depth_min_m": 1.0, "depth_max_m": 3.0, "depth_class": "1.0\u20133.0 m", "class_area_km2": 1.741826755578396, "flooded_area_km2": 17.78648792691141, "frame_max_depth_m": 144.69788555673983, "class_mean_depth_m": 1.9740615143226756, "scenario_id": "major_breach", "model_type": "Automated approximate 2D flood-routing prototype", "validated_hydraulic_output": false}, "geometry": {"type": "Polygon", "coordinates": [[[75.08361638779999, 18.0786159571], [75.08361638779999, 18.078338179099998], [75.08389416579999, 18.078338179099998], [75.08389416579999, 18.0786159571], [75.08361638779999, 18.0786159571]]]}}, {"type": "Feature", "properties": {"time_min": 60, "depth_min_m": 1.0, "depth_max_m": 3.0, "depth_class": "1.0\u20133.0 m", "class_area_km2": 1.741826755578396, "flooded_area_km2": 17.78648792691141, "frame_max_depth_m": 144.69788555673983, "class_mean_depth_m": 1.9740615143226756, "scenario_id": "major_breach", "model_type": "Automated approximate 2D flood-routing prototype", "validated_hydraulic_output": false}, "geometry": {"type": "Polygon", "coordinates": [[[75.12167197379999, 18.0786159571], [75.12167197379999, 18.078338179099998], [75.12194975179999, 18.078338179099998], [75.12194975179999, 18.0786159571], [75.12167197379999, 18.0786159571]]]}}, {"type": "Feature", "properties": {"time_min": 60, "depth_min_m": 1.0, "depth_max_m": 3.0, "depth_class": "1.0\u20133.0 m", "class_area_km2": 1.741826755578396, "flooded_area_km2": 17.78648792691141, "frame_max_depth_m": 144.69788555673983, "class_mean_depth_m": 1.9740615143226756, "scenario_id": "major_breach", "model_type": "Automated approximate 2D flood-routing prototype", "validated_hydraulic_output": false}, "geometry": {"type": "Polygon", "coordinates": [[[75.1330608718, 18.0786159571], [75.1330608718, 18.078338179099998], [75.1333386498, 18.078338179099998], [75.1333386498, 18.0786159571], [75.1330608718, 18.0786159571]]]}}, {"type": "Feature", "properties": {"time_min": 60, "depth_min_m": 1.0, "depth_max_m": 3.0, "depth_class": "1.0\u20133.0 m", "class_area_km2": 1.741826755578396, "flooded_area_km2": 17.78648792691141, "frame_max_depth_m": 144.69788555673983, "class_mean_depth_m": 1.9740615143226756, "scenario_id": "major_breach", "model_type": "Automated approximate 2D flood-routing prototype", "validated_hydraulic_output": false}, "geometry": {"type": "Polygon", "coordinates": [[[75.1241719758, 18.0788937351], [75.1241719758, 18.078338179099998], [75.12472753179999, 18.078338179099998], [75.12472753179999, 18.078060401099997], [75.12500530979999, 18.078060401099997], [75.12500530979999, 18.078338179099998], [75.1252830878, 18.078338179099998], [75.1252830878, 18.0786159571], [75.12500530979999, 18.0786159571], [75.12500530979999, 18.0788937351], [75.1241719758, 18.0788937351]]]}}, {"type": "Feature", "properties": {"time_min": 60, "depth_min_m": 1.0, "depth_max_m": 3.0, "depth_class": "1.0\u20133.0 m", "class_area_km2": 1.741826755578396, "flooded_area_km2": 17.78648792691141, "frame_max_depth_m": 144.69788555673983, "class_mean_depth_m": 1.9740615143226756, "scenario_id": "major_breach", "model_type": "Automated approximate 2D flood-routing prototype", "validated_hydraulic_output": false}, "geometry": {"type": "Polygon", "coordinates": [[[75.1297275358, 18.0786159571], [75.1297275358, 18.078338179099998], [75.1302830918, 18.078338179099998], [75.1302830918, 18.078060401099997], [75.1305608698, 18.078060401099997], [75.1305608698, 18.0786159571], [75.1297275358, 18.0786159571]]]}}, {"type": "Feature", "properties": {"time_min": 60, "depth_min_m": 1.0, "depth_max_m": 3.0, "depth_class": "1.0\u20133.0 m", "class_area_km2": 1.741826755578396, "flooded_area_km2": 17.78648792691141, "frame_max_depth_m": 144.69788555673983, "class_mean_depth_m": 1.9740615143226756, "scenario_id": "major_breach", "model_type": "Automated approximate 2D flood-routing prototype", "validated_hydraulic_output": false}, "geometry": {"type": "Polygon", "coordinates": [[[75.12639419979999, 18.078338179099998], [75.12639419979999, 18.078060401099997], [75.1266719778, 18.078060401099997], [75.1266719778, 18.078338179099998], [75.12639419979999, 18.078338179099998]]]}}, {"type": "Feature", "properties": {"time_min": 60, "depth_min_m": 1.0, "depth_max_m": 3.0, "depth_class": "1.0\u20133.0 m", "class_area_km2": 1.741826755578396, "flooded_area_km2": 17.78648792691141, "frame_max_depth_m": 144.69788555673983, "class_mean_depth_m": 1.9740615143226756, "scenario_id": "major_breach", "model_type": "Automated approximate 2D flood-routing prototype", "validated_hydraulic_output": false}, "geometry": {"type": "Polygon", "coordinates": [[[75.1286164238, 18.0797270691], [75.1286164238, 18.0788937351], [75.1283386458, 18.0788937351], [75.1283386458, 18.078338179099998], [75.12778308979999, 18.078338179099998], [75.12778308979999, 18.078060401099997], [75.1288942018, 18.078060401099997], [75.1288942018, 18.078338179099998], [75.1286164238, 18.078338179099998], [75.1286164238, 18.0786159571], [75.1288942018, 18.0786159571], [75.1288942018, 18.0788937351], [75.12917197979999, 18.0788937351], [75.12917197979999, 18.079171513099997], [75.1288942018, 18.079171513099997], [75.1288942018, 18.0797270691], [75.1286164238, 18.0797270691]]]}}, {"type": "Feature", "properties": {"time_min": 60, "depth_min_m": 1.0, "depth_max_m": 3.0, "depth_class": "1.0\u20133.0 m", "class_area_km2": 1.741826755578396, "flooded_area_km2": 17.78648792691141, "frame_max_depth_m": 144.69788555673983, "class_mean_depth_m": 1.9740615143226756, "scenario_id": "major_breach", "model_type": "Automated approximate 2D flood-routing prototype", "validated_hydraulic_output": false}, "geometry": {"type": "Polygon", "coordinates": [[[75.12944975779999, 18.078338179099998], [75.12944975779999, 18.078060401099997], [75.1297275358, 18.078060401099997], [75.1297275358, 18.078338179099998], [75.12944975779999, 18.078338179099998]]]}}, {"type": "Feature", "properties": {"time_min": 60, "depth_min_m": 1.0, "depth_max_m": 3.0, "depth_class": "1.0\u20133.0 m", "class_area_km2": 1.741826755578396, "flooded_area_km2": 17.78648792691141, "frame_max_depth_m": 144.69788555673983, "class_mean_depth_m": 1.9740615143226756, "scenario_id": "major_breach", "model_type": "Automated approximate 2D flood-routing prototype", "validated_hydraulic_output": false}, "geometry": {"type": "Polygon", "coordinates": [[[75.1241719758, 18.0777826231], [75.1241719758, 18.077504845099998], [75.1244497538, 18.077504845099998], [75.1244497538, 18.0777826231], [75.1241719758, 18.0777826231]]]}}, {"type": "Feature", "properties": {"time_min": 60, "depth_min_m": 1.0, "depth_max_m": 3.0, "depth_class": "1.0\u20133.0 m", "class_area_km2": 1.741826755578396, "flooded_area_km2": 17.78648792691141, "frame_max_depth_m": 144.69788555673983, "class_mean_depth_m": 1.9740615143226756, "scenario_id": "major_breach", "model_type": "Automated approximate 2D flood-routing prototype", "validated_hydraulic_output": false}, "geometry": {"type": "Polygon", "coordinates": [[[75.1225053078, 18.0788937351], [75.1225053078, 18.0786159571], [75.1222275298, 18.0786159571], [75.1222275298, 18.078338179099998], [75.12194975179999, 18.078338179099998], [75.12194975179999, 18.0777826231], [75.1222275298, 18.0777826231], [75.1222275298, 18.077504845099998], [75.1225053078, 18.077504845099998], [75.1225053078, 18.077227067099997], [75.1227830858, 18.077227067099997], [75.1227830858, 18.077504845099998], [75.12306086379999, 18.077504845099998], [75.12306086379999, 18.0777826231], [75.1227830858, 18.0777826231], [75.1227830858, 18.0786159571], [75.12306086379999, 18.0786159571], [75.12306086379999, 18.078338179099998], [75.1236164198, 18.078338179099998], [75.1236164198, 18.0786159571], [75.12333864179999, 18.0786159571], [75.12333864179999, 18.0788937351], [75.1225053078, 18.0788937351]]]}}, {"type": "Feature", "properties": {"time_min": 60, "depth_min_m": 1.0, "depth_max_m": 3.0, "depth_class": "1.0\u20133.0 m", "class_area_km2": 1.741826755578396, "flooded_area_km2": 17.78648792691141, "frame_max_depth_m": 144.69788555673983, "class_mean_depth_m": 1.9740615143226756, "scenario_id": "major_breach", "model_type": "Automated approximate 2D flood-routing prototype", "validated_hydraulic_output": false}, "geometry": {"type": "Polygon", "coordinates": [[[75.1319497598, 18.0786159571], [75.1319497598, 18.078060401099997], [75.1316719818, 18.078060401099997], [75.1316719818, 18.078338179099998], [75.1313942038, 18.078338179099998], [75.1313942038, 18.077227067099997], [75.1316719818, 18.077227067099997], [75.1316719818, 18.0777826231], [75.13222753779999, 18.0777826231], [75.13222753779999, 18.0786159571], [75.1319497598, 18.0786159571]]]}}, {"type": "Feature", "properties": {"time_min": 60, "depth_min_m": 1.0, "depth_max_m": 3.0, "depth_class": "1.0\u20133.0 m", "class_area_km2": 1.741826755578396, "flooded_area_km2": 17.78648792691141, "frame_max_depth_m": 144.69788555673983, "class_mean_depth_m": 1.9740615143226756, "scenario_id": "major_breach", "model_type": "Automated approximate 2D flood-routing prototype", "validated_hydraulic_output": false}, "geometry": {"type": "Polygon", "coordinates": [[[75.1266719778, 18.078060401099997], [75.1266719778, 18.0777826231], [75.1269497558, 18.0777826231], [75.1269497558, 18.077227067099997], [75.1272275338, 18.077227067099997], [75.1272275338, 18.0777826231], [75.1275053118, 18.0777826231], [75.1275053118, 18.078060401099997], [75.1266719778, 18.078060401099997]]]}}, {"type": "Feature", "properties": {"time_min": 60, "depth_min_m": 1.0, "depth_max_m": 3.0, "depth_class": "1.0\u20133.0 m", "class_area_km2": 1.741826755578396, "flooded_area_km2": 17.78648792691141, "frame_max_depth_m": 144.69788555673983, "class_mean_depth_m": 1.9740615143226756, "scenario_id": "major_breach", "model_type": "Automated approximate 2D flood-routing prototype", "validated_hydraulic_output": false}, "geometry": {"type": "Polygon", "coordinates": [[[75.12194975179999, 18.077504845099998], [75.12194975179999, 18.077227067099997], [75.1222275298, 18.077227067099997], [75.1222275298, 18.077504845099998], [75.12194975179999, 18.077504845099998]]]}}, {"type": "Feature", "properties": {"time_min": 60, "depth_min_m": 1.0, "depth_max_m": 3.0, "depth_class": "1.0\u20133.0 m", "class_area_km2": 1.741826755578396, "flooded_area_km2": 17.78648792691141, "frame_max_depth_m": 144.69788555673983, "class_mean_depth_m": 1.9740615143226756, "scenario_id": "major_breach", "model_type": "Automated approximate 2D flood-routing prototype", "validated_hydraulic_output": false}, "geometry": {"type": "Polygon", "coordinates": [[[75.12306086379999, 18.077504845099998], [75.12306086379999, 18.076949289099996], [75.12333864179999, 18.076949289099996], [75.12333864179999, 18.077504845099998], [75.12306086379999, 18.077504845099998]]]}}, {"type": "Feature", "properties": {"time_min": 60, "depth_min_m": 1.0, "depth_max_m": 3.0, "depth_class": "1.0\u20133.0 m", "class_area_km2": 1.741826755578396, "flooded_area_km2": 17.78648792691141, "frame_max_depth_m": 144.69788555673983, "class_mean_depth_m": 1.9740615143226756, "scenario_id": "major_breach", "model_type": "Automated approximate 2D flood-routing prototype", "validated_hydraulic_output": false}, "geometry": {"type": "Polygon", "coordinates": [[[75.1238941978, 18.077504845099998], [75.1238941978, 18.076949289099996], [75.1241719758, 18.076949289099996], [75.1241719758, 18.077504845099998], [75.1238941978, 18.077504845099998]]]}}, {"type": "Feature", "properties": {"time_min": 60, "depth_min_m": 1.0, "depth_max_m": 3.0, "depth_class": "1.0\u20133.0 m", "class_area_km2": 1.741826755578396, "flooded_area_km2": 17.78648792691141, "frame_max_depth_m": 144.69788555673983, "class_mean_depth_m": 1.9740615143226756, "scenario_id": "major_breach", "model_type": "Automated approximate 2D flood-routing prototype", "validated_hydraulic_output": false}, "geometry": {"type": "Polygon", "coordinates": [[[75.1286164238, 18.0777826231], [75.1286164238, 18.077504845099998], [75.1283386458, 18.077504845099998], [75.1283386458, 18.077227067099997], [75.1286164238, 18.077227067099997], [75.1286164238, 18.076949289099996], [75.12944975779999, 18.076949289099996], [75.12944975779999, 18.077227067099997], [75.12917197979999, 18.077227067099997], [75.12917197979999, 18.0777826231], [75.1286164238, 18.0777826231]]]}}, {"type": "Feature", "properties": {"time_min": 60, "depth_min_m": 1.0, "depth_max_m": 3.0, "depth_class": "1.0\u20133.0 m", "class_area_km2": 1.741826755578396, "flooded_area_km2": 17.78648792691141, "frame_max_depth_m": 144.69788555673983, "class_mean_depth_m": 1.9740615143226756, "scenario_id": "major_breach", "model_type": "Automated approximate 2D flood-routing prototype", "validated_hydraulic_output": false}, "geometry": {"type": "Polygon", "coordinates": [[[75.1283386458, 18.0766715111], [75.1283386458, 18.076393733099998], [75.1286164238, 18.076393733099998], [75.1286164238, 18.0766715111], [75.1283386458, 18.0766715111]]]}}, {"type": "Feature", "properties": {"time_min": 60, "depth_min_m": 1.0, "depth_max_m": 3.0, "depth_class": "1.0\u20133.0 m", "class_area_km2": 1.741826755578396, "flooded_area_km2": 17.78648792691141, "frame_max_depth_m": 144.69788555673983, "class_mean_depth_m": 1.9740615143226756, "scenario_id": "major_breach", "model_type": "Automated approximate 2D flood-routing prototype", "validated_hydraulic_output": false}, "geometry": {"type": "Polygon", "coordinates": [[[75.1208386398, 18.078060401099997], [75.1208386398, 18.0777826231], [75.1213941958, 18.0777826231], [75.1213941958, 18.076393733099998], [75.12194975179999, 18.076393733099998], [75.12194975179999, 18.076115955099997], [75.1222275298, 18.076115955099997], [75.1222275298, 18.076949289099996], [75.12167197379999, 18.076949289099996], [75.12167197379999, 18.078060401099997], [75.1208386398, 18.078060401099997]]]}}, {"type": "Feature", "properties": {"time_min": 60, "depth_min_m": 1.0, "depth_max_m": 3.0, "depth_class": "1.0\u20133.0 m", "class_area_km2": 1.741826755578396, "flooded_area_km2": 17.78648792691141, "frame_max_depth_m": 144.69788555673983, "class_mean_depth_m": 1.9740615143226756, "scenario_id": "major_breach", "model_type": "Automated approximate 2D flood-routing prototype", "validated_hydraulic_output": false}, "geometry": {"type": "Polygon", "coordinates": [[[75.12778308979999, 18.077227067099997], [75.12778308979999, 18.076949289099996], [75.1275053118, 18.076949289099996], [75.1275053118, 18.076115955099997], [75.12778308979999, 18.076115955099997], [75.12778308979999, 18.0766715111], [75.1283386458, 18.0766715111], [75.1283386458, 18.076949289099996], [75.12806086779999, 18.076949289099996], [75.12806086779999, 18.077227067099997], [75.12778308979999, 18.077227067099997]]]}}, {"type": "Feature", "properties": {"time_min": 60, "depth_min_m": 1.0, "depth_max_m": 3.0, "depth_class": "1.0\u20133.0 m", "class_area_km2": 1.741826755578396, "flooded_area_km2": 17.78648792691141, "frame_max_depth_m": 144.69788555673983, "class_mean_depth_m": 1.9740615143226756, "scenario_id": "major_breach", "model_type": "Automated approximate 2D flood-routing prototype", "validated_hydraulic_output": false}, "geometry": {"type": "Polygon", "coordinates": [[[75.1227830858, 18.076949289099996], [75.1227830858, 18.076393733099998], [75.1225053078, 18.076393733099998], [75.1225053078, 18.076115955099997], [75.1236164198, 18.076115955099997], [75.1236164198, 18.076393733099998], [75.12306086379999, 18.076393733099998], [75.12306086379999, 18.076949289099996], [75.1227830858, 18.076949289099996]]]}}, {"type": "Feature", "properties": {"time_min": 60, "depth_min_m": 1.0, "depth_max_m": 3.0, "depth_class": "1.0\u20133.0 m", "class_area_km2": 1.741826755578396, "flooded_area_km2": 17.78648792691141, "frame_max_depth_m": 144.69788555673983, "class_mean_depth_m": 1.9740615143226756, "scenario_id": "major_breach", "model_type": "Automated approximate 2D flood-routing prototype", "validated_hydraulic_output": false}, "geometry": {"type": "Polygon", "coordinates": [[[75.12472753179999, 18.0777826231], [75.12472753179999, 18.077504845099998], [75.1244497538, 18.077504845099998], [75.1244497538, 18.077227067099997], [75.12472753179999, 18.077227067099997], [75.12472753179999, 18.076393733099998], [75.12500530979999, 18.076393733099998], [75.12500530979999, 18.0758381771], [75.1252830878, 18.0758381771], [75.1252830878, 18.076115955099997], [75.12611642179999, 18.076115955099997], [75.12611642179999, 18.0758381771], [75.1266719778, 18.0758381771], [75.1266719778, 18.076393733099998], [75.12639419979999, 18.076393733099998], [75.12639419979999, 18.0766715111], [75.1266719778, 18.0766715111], [75.1266719778, 18.077227067099997], [75.1252830878, 18.077227067099997], [75.1252830878, 18.0777826231], [75.12472753179999, 18.0777826231]]]}}, {"type": "Feature", "properties": {"time_min": 60, "depth_min_m": 1.0, "depth_max_m": 3.0, "depth_class": "1.0\u20133.0 m", "class_area_km2": 1.741826755578396, "flooded_area_km2": 17.78648792691141, "frame_max_depth_m": 144.69788555673983, "class_mean_depth_m": 1.9740615143226756, "scenario_id": "major_breach", "model_type": "Automated approximate 2D flood-routing prototype", "validated_hydraulic_output": false}, "geometry": {"type": "Polygon", "coordinates": [[[75.1269497558, 18.076949289099996], [75.1269497558, 18.0766715111], [75.1266719778, 18.0766715111], [75.1266719778, 18.076393733099998], [75.1269497558, 18.076393733099998], [75.1269497558, 18.0758381771], [75.1272275338, 18.0758381771], [75.1272275338, 18.076949289099996], [75.1269497558, 18.076949289099996]]]}}, {"type": "Feature", "properties": {"time_min": 60, "depth_min_m": 1.0, "depth_max_m": 3.0, "depth_class": "1.0\u20133.0 m", "class_area_km2": 1.741826755578396, "flooded_area_km2": 17.78648792691141, "frame_max_depth_m": 144.69788555673983, "class_mean_depth_m": 1.9740615143226756, "scenario_id": "major_breach", "model_type": "Automated approximate 2D flood-routing prototype", "validated_hydraulic_output": false}, "geometry": {"type": "Polygon", "coordinates": [[[75.13222753779999, 18.076115955099997], [75.13222753779999, 18.0758381771], [75.13250531579999, 18.0758381771], [75.13250531579999, 18.076115955099997], [75.13222753779999, 18.076115955099997]]]}}, {"type": "Feature", "properties": {"time_min": 60, "depth_min_m": 1.0, "depth_max_m": 3.0, "depth_class": "1.0\u20133.0 m", "class_area_km2": 1.741826755578396, "flooded_area_km2": 17.78648792691141, "frame_max_depth_m": 144.69788555673983, "class_mean_depth_m": 1.9740615143226756, "scenario_id": "major_breach", "model_type": "Automated approximate 2D flood-routing prototype", "validated_hydraulic_output": false}, "geometry": {"type": "Polygon", "coordinates": [[[75.1327830938, 18.076115955099997], [75.1327830938, 18.0758381771], [75.1330608718, 18.0758381771], [75.1330608718, 18.076115955099997], [75.1327830938, 18.076115955099997]]]}}, {"type": "Feature", "properties": {"time_min": 60, "depth_min_m": 1.0, "depth_max_m": 3.0, "depth_class": "1.0\u20133.0 m", "class_area_km2": 1.741826755578396, "flooded_area_km2": 17.78648792691141, "frame_max_depth_m": 144.69788555673983, "class_mean_depth_m": 1.9740615143226756, "scenario_id": "major_breach", "model_type": "Automated approximate 2D flood-routing prototype", "validated_hydraulic_output": false}, "geometry": {"type": "Polygon", "coordinates": [[[75.12306086379999, 18.0758381771], [75.12306086379999, 18.0755603991], [75.12333864179999, 18.0755603991], [75.12333864179999, 18.0758381771], [75.12306086379999, 18.0758381771]]]}}, {"type": "Feature", "properties": {"time_min": 60, "depth_min_m": 1.0, "depth_max_m": 3.0, "depth_class": "1.0\u20133.0 m", "class_area_km2": 1.741826755578396, "flooded_area_km2": 17.78648792691141, "frame_max_depth_m": 144.69788555673983, "class_mean_depth_m": 1.9740615143226756, "scenario_id": "major_breach", "model_type": "Automated approximate 2D flood-routing prototype", "validated_hydraulic_output": false}, "geometry": {"type": "Polygon", "coordinates": [[[75.1258386438, 18.0758381771], [75.1258386438, 18.0755603991], [75.12611642179999, 18.0755603991], [75.12611642179999, 18.0758381771], [75.1258386438, 18.0758381771]]]}}, {"type": "Feature", "properties": {"time_min": 60, "depth_min_m": 1.0, "depth_max_m": 3.0, "depth_class": "1.0\u20133.0 m", "class_area_km2": 1.741826755578396, "flooded_area_km2": 17.78648792691141, "frame_max_depth_m": 144.69788555673983, "class_mean_depth_m": 1.9740615143226756, "scenario_id": "major_breach", "model_type": "Automated approximate 2D flood-routing prototype", "validated_hydraulic_output": false}, "geometry": {"type": "Polygon", "coordinates": [[[75.13250531579999, 18.0758381771], [75.13250531579999, 18.0755603991], [75.1319497598, 18.0755603991], [75.1319497598, 18.075282621099998], [75.1327830938, 18.075282621099998], [75.1327830938, 18.0758381771], [75.13250531579999, 18.0758381771]]]}}, {"type": "Feature", "properties": {"time_min": 60, "depth_min_m": 1.0, "depth_max_m": 3.0, "depth_class": "1.0\u20133.0 m", "class_area_km2": 1.741826755578396, "flooded_area_km2": 17.78648792691141, "frame_max_depth_m": 144.69788555673983, "class_mean_depth_m": 1.9740615143226756, "scenario_id": "major_breach", "model_type": "Automated approximate 2D flood-routing prototype", "validated_hydraulic_output": false}, "geometry": {"type": "Polygon", "coordinates": [[[75.13222753779999, 18.075004843099997], [75.13222753779999, 18.0747270651], [75.13250531579999, 18.0747270651], [75.13250531579999, 18.075004843099997], [75.13222753779999, 18.075004843099997]]]}}, {"type": "Feature", "properties": {"time_min": 60, "depth_min_m": 1.0, "depth_max_m": 3.0, "depth_class": "1.0\u20133.0 m", "class_area_km2": 1.741826755578396, "flooded_area_km2": 17.78648792691141, "frame_max_depth_m": 144.69788555673983, "class_mean_depth_m": 1.9740615143226756, "scenario_id": "major_breach", "model_type": "Automated approximate 2D flood-routing prototype", "validated_hydraulic_output": false}, "geometry": {"type": "Polygon", "coordinates": [[[75.0841719438, 18.078060401099997], [75.0841719438, 18.076949289099996], [75.08528305579999, 18.076949289099996], [75.08528305579999, 18.0766715111], [75.0858386118, 18.0766715111], [75.0858386118, 18.076115955099997], [75.08556083379999, 18.076115955099997], [75.08556083379999, 18.0755603991], [75.0858386118, 18.0755603991], [75.0858386118, 18.0744492871], [75.0861163898, 18.0744492871], [75.0861163898, 18.076949289099996], [75.0858386118, 18.076949289099996], [75.0858386118, 18.077227067099997], [75.0844497218, 18.077227067099997], [75.0844497218, 18.078060401099997], [75.0841719438, 18.078060401099997]]]}}, {"type": "Feature", "properties": {"time_min": 60, "depth_min_m": 1.0, "depth_max_m": 3.0, "depth_class": "1.0\u20133.0 m", "class_area_km2": 1.741826755578396, "flooded_area_km2": 17.78648792691141, "frame_max_depth_m": 144.69788555673983, "class_mean_depth_m": 1.9740615143226756, "scenario_id": "major_breach", "model_type": "Automated approximate 2D flood-routing prototype", "validated_hydraulic_output": false}, "geometry": {"type": "Polygon", "coordinates": [[[75.1241719758, 18.0766715111], [75.1241719758, 18.076393733099998], [75.1238941978, 18.076393733099998], [75.1238941978, 18.076115955099997], [75.1236164198, 18.076115955099997], [75.1236164198, 18.0755603991], [75.12333864179999, 18.0755603991], [75.12333864179999, 18.075004843099997], [75.12306086379999, 18.075004843099997], [75.12306086379999, 18.0744492871], [75.1241719758, 18.0744492871], [75.1241719758, 18.0747270651], [75.1238941978, 18.0747270651], [75.1238941978, 18.075004843099997], [75.1241719758, 18.075004843099997], [75.1241719758, 18.0755603991], [75.1238941978, 18.0755603991], [75.1238941978, 18.0758381771], [75.1244497538, 18.0758381771], [75.1244497538, 18.0755603991], [75.12472753179999, 18.0755603991], [75.12472753179999, 18.076393733099998], [75.1244497538, 18.076393733099998], [75.1244497538, 18.0766715111], [75.1241719758, 18.0766715111]]]}}, {"type": "Feature", "properties": {"time_min": 60, "depth_min_m": 1.0, "depth_max_m": 3.0, "depth_class": "1.0\u20133.0 m", "class_area_km2": 1.741826755578396, "flooded_area_km2": 17.78648792691141, "frame_max_depth_m": 144.69788555673983, "class_mean_depth_m": 1.9740615143226756, "scenario_id": "major_breach", "model_type": "Automated approximate 2D flood-routing prototype", "validated_hydraulic_output": false}, "geometry": {"type": "Polygon", "coordinates": [[[75.1258386438, 18.075004843099997], [75.1258386438, 18.0744492871], [75.12611642179999, 18.0744492871], [75.12611642179999, 18.075004843099997], [75.1258386438, 18.075004843099997]]]}}, {"type": "Feature", "properties": {"time_min": 60, "depth_min_m": 1.0, "depth_max_m": 3.0, "depth_class": "1.0\u20133.0 m", "class_area_km2": 1.741826755578396, "flooded_area_km2": 17.78648792691141, "frame_max_depth_m": 144.69788555673983, "class_mean_depth_m": 1.9740615143226756, "scenario_id": "major_breach", "model_type": "Automated approximate 2D flood-routing prototype", "validated_hydraulic_output": false}, "geometry": {"type": "Polygon", "coordinates": [[[75.13250531579999, 18.0747270651], [75.13250531579999, 18.0744492871], [75.1327830938, 18.0744492871], [75.1327830938, 18.0747270651], [75.13250531579999, 18.0747270651]]]}}, {"type": "Feature", "properties": {"time_min": 60, "depth_min_m": 1.0, "depth_max_m": 3.0, "depth_class": "1.0\u20133.0 m", "class_area_km2": 1.741826755578396, "flooded_area_km2": 17.78648792691141, "frame_max_depth_m": 144.69788555673983, "class_mean_depth_m": 1.9740615143226756, "scenario_id": "major_breach", "model_type": "Automated approximate 2D flood-routing prototype", "validated_hydraulic_output": false}, "geometry": {"type": "Polygon", "coordinates": [[[75.1300053138, 18.074171509099997], [75.1300053138, 18.073893731099997], [75.1302830918, 18.073893731099997], [75.1302830918, 18.074171509099997], [75.1300053138, 18.074171509099997]]]}}, {"type": "Feature", "properties": {"time_min": 60, "depth_min_m": 1.0, "depth_max_m": 3.0, "depth_class": "1.0\u20133.0 m", "class_area_km2": 1.741826755578396, "flooded_area_km2": 17.78648792691141, "frame_max_depth_m": 144.69788555673983, "class_mean_depth_m": 1.9740615143226756, "scenario_id": "major_breach", "model_type": "Automated approximate 2D flood-routing prototype", "validated_hydraulic_output": false}, "geometry": {"type": "Polygon", "coordinates": [[[75.13083864779999, 18.0747270651], [75.13083864779999, 18.0744492871], [75.1302830918, 18.0744492871], [75.1302830918, 18.074171509099997], [75.1305608698, 18.074171509099997], [75.1305608698, 18.0736159531], [75.13083864779999, 18.0736159531], [75.13083864779999, 18.074171509099997], [75.13111642579999, 18.074171509099997], [75.13111642579999, 18.0747270651], [75.13083864779999, 18.0747270651]]]}}, {"type": "Feature", "properties": {"time_min": 60, "depth_min_m": 1.0, "depth_max_m": 3.0, "depth_class": "1.0\u20133.0 m", "class_area_km2": 1.741826755578396, "flooded_area_km2": 17.78648792691141, "frame_max_depth_m": 144.69788555673983, "class_mean_depth_m": 1.9740615143226756, "scenario_id": "major_breach", "model_type": "Automated approximate 2D flood-routing prototype", "validated_hydraulic_output": false}, "geometry": {"type": "Polygon", "coordinates": [[[75.12611642179999, 18.0744492871], [75.12611642179999, 18.074171509099997], [75.1258386438, 18.074171509099997], [75.1258386438, 18.073338175099998], [75.12639419979999, 18.073338175099998], [75.12639419979999, 18.0736159531], [75.1266719778, 18.0736159531], [75.1266719778, 18.073893731099997], [75.12639419979999, 18.073893731099997], [75.12639419979999, 18.0744492871], [75.12611642179999, 18.0744492871]]]}}, {"type": "Feature", "properties": {"time_min": 60, "depth_min_m": 1.0, "depth_max_m": 3.0, "depth_class": "1.0\u20133.0 m", "class_area_km2": 1.741826755578396, "flooded_area_km2": 17.78648792691141, "frame_max_depth_m": 144.69788555673983, "class_mean_depth_m": 1.9740615143226756, "scenario_id": "major_breach", "model_type": "Automated approximate 2D flood-routing prototype", "validated_hydraulic_output": false}, "geometry": {"type": "Polygon", "coordinates": [[[75.12000530579999, 18.0736159531], [75.12000530579999, 18.073338175099998], [75.1205608618, 18.073338175099998], [75.1205608618, 18.0736159531], [75.12000530579999, 18.0736159531]]]}}, {"type": "Feature", "properties": {"time_min": 60, "depth_min_m": 1.0, "depth_max_m": 3.0, "depth_class": "1.0\u20133.0 m", "class_area_km2": 1.741826755578396, "flooded_area_km2": 17.78648792691141, "frame_max_depth_m": 144.69788555673983, "class_mean_depth_m": 1.9740615143226756, "scenario_id": "major_breach", "model_type": "Automated approximate 2D flood-routing prototype", "validated_hydraulic_output": false}, "geometry": {"type": "Polygon", "coordinates": [[[75.1222275298, 18.0736159531], [75.1222275298, 18.073338175099998], [75.1227830858, 18.073338175099998], [75.1227830858, 18.0736159531], [75.1222275298, 18.0736159531]]]}}, {"type": "Feature", "properties": {"time_min": 60, "depth_min_m": 1.0, "depth_max_m": 3.0, "depth_class": "1.0\u20133.0 m", "class_area_km2": 1.741826755578396, "flooded_area_km2": 17.78648792691141, "frame_max_depth_m": 144.69788555673983, "class_mean_depth_m": 1.9740615143226756, "scenario_id": "major_breach", "model_type": "Automated approximate 2D flood-routing prototype", "validated_hydraulic_output": false}, "geometry": {"type": "Polygon", "coordinates": [[[75.1319497598, 18.0744492871], [75.1319497598, 18.074171509099997], [75.1313942038, 18.074171509099997], [75.1313942038, 18.073893731099997], [75.1319497598, 18.073893731099997], [75.1319497598, 18.073060397099997], [75.13222753779999, 18.073060397099997], [75.13222753779999, 18.073338175099998], [75.13250531579999, 18.073338175099998], [75.13250531579999, 18.074171509099997], [75.13222753779999, 18.074171509099997], [75.13222753779999, 18.0744492871], [75.1319497598, 18.0744492871]]]}}, {"type": "Feature", "properties": {"time_min": 60, "depth_min_m": 1.0, "depth_max_m": 3.0, "depth_class": "1.0\u20133.0 m", "class_area_km2": 1.741826755578396, "flooded_area_km2": 17.78648792691141, "frame_max_depth_m": 144.69788555673983, "class_mean_depth_m": 1.9740615143226756, "scenario_id": "major_breach", "model_type": "Automated approximate 2D flood-routing prototype", "validated_hydraulic_output": false}, "geometry": {"type": "Polygon", "coordinates": [[[75.12944975779999, 18.073338175099998], [75.12944975779999, 18.073060397099997], [75.1297275358, 18.073060397099997], [75.1297275358, 18.073338175099998], [75.12944975779999, 18.073338175099998]]]}}, {"type": "Feature", "properties": {"time_min": 60, "depth_min_m": 1.0, "depth_max_m": 3.0, "depth_class": "1.0\u20133.0 m", "class_area_km2": 1.741826755578396, "flooded_area_km2": 17.78648792691141, "frame_max_depth_m": 144.69788555673983, "class_mean_depth_m": 1.9740615143226756, "scenario_id": "major_breach", "model_type": "Automated approximate 2D flood-routing prototype", "validated_hydraulic_output": false}, "geometry": {"type": "Polygon", "coordinates": [[[75.13667198579999, 18.073338175099998], [75.13667198579999, 18.073060397099997], [75.13694976379999, 18.073060397099997], [75.13694976379999, 18.073338175099998], [75.13667198579999, 18.073338175099998]]]}}, {"type": "Feature", "properties": {"time_min": 60, "depth_min_m": 1.0, "depth_max_m": 3.0, "depth_class": "1.0\u20133.0 m", "class_area_km2": 1.741826755578396, "flooded_area_km2": 17.78648792691141, "frame_max_depth_m": 144.69788555673983, "class_mean_depth_m": 1.9740615143226756, "scenario_id": "major_breach", "model_type": "Automated approximate 2D flood-routing prototype", "validated_hydraulic_output": false}, "geometry": {"type": "Polygon", "coordinates": [[[75.0861163898, 18.0744492871], [75.0861163898, 18.074171509099997], [75.08694972379999, 18.074171509099997], [75.08694972379999, 18.073893731099997], [75.0872275018, 18.073893731099997], [75.0872275018, 18.073338175099998], [75.0875052798, 18.073338175099998], [75.0875052798, 18.072782619099996], [75.0891719478, 18.072782619099996], [75.0891719478, 18.073338175099998], [75.08833861379999, 18.073338175099998], [75.08833861379999, 18.0736159531], [75.0877830578, 18.0736159531], [75.0877830578, 18.073893731099997], [75.0875052798, 18.073893731099997], [75.0875052798, 18.0744492871], [75.0861163898, 18.0744492871]]]}}, {"type": "Feature", "properties": {"time_min": 60, "depth_min_m": 1.0, "depth_max_m": 3.0, "depth_class": "1.0\u20133.0 m", "class_area_km2": 1.741826755578396, "flooded_area_km2": 17.78648792691141, "frame_max_depth_m": 144.69788555673983, "class_mean_depth_m": 1.9740615143226756, "scenario_id": "major_breach", "model_type": "Automated approximate 2D flood-routing prototype", "validated_hydraulic_output": false}, "geometry": {"type": "Polygon", "coordinates": [[[75.1197275278, 18.073060397099997], [75.1197275278, 18.072782619099996], [75.12000530579999, 18.072782619099996], [75.12000530579999, 18.073060397099997], [75.1197275278, 18.073060397099997]]]}}, {"type": "Feature", "properties": {"time_min": 60, "depth_min_m": 1.0, "depth_max_m": 3.0, "depth_class": "1.0\u20133.0 m", "class_area_km2": 1.741826755578396, "flooded_area_km2": 17.78648792691141, "frame_max_depth_m": 144.69788555673983, "class_mean_depth_m": 1.9740615143226756, "scenario_id": "major_breach", "model_type": "Automated approximate 2D flood-routing prototype", "validated_hydraulic_output": false}, "geometry": {"type": "Polygon", "coordinates": [[[75.1211164178, 18.076115955099997], [75.1211164178, 18.0755603991], [75.1208386398, 18.0755603991], [75.1208386398, 18.075282621099998], [75.1211164178, 18.075282621099998], [75.1211164178, 18.075004843099997], [75.1213941958, 18.075004843099997], [75.1213941958, 18.0736159531], [75.1208386398, 18.0736159531], [75.1208386398, 18.073338175099998], [75.1205608618, 18.073338175099998], [75.1205608618, 18.073060397099997], [75.12028308379999, 18.073060397099997], [75.12028308379999, 18.072782619099996], [75.1205608618, 18.072782619099996], [75.1205608618, 18.0725048411], [75.1208386398, 18.0725048411], [75.1208386398, 18.073060397099997], [75.12167197379999, 18.073060397099997], [75.12167197379999, 18.073338175099998], [75.12194975179999, 18.073338175099998], [75.12194975179999, 18.073893731099997], [75.12167197379999, 18.073893731099997], [75.12167197379999, 18.0747270651], [75.12194975179999, 18.0747270651], [75.12194975179999, 18.0744492871], [75.1222275298, 18.0744492871], [75.1222275298, 18.0747270651], [75.1225053078, 18.0747270651], [75.1225053078, 18.075004843099997], [75.1222275298, 18.075004843099997], [75.1222275298, 18.0755603991], [75.1225053078, 18.0755603991], [75.1225053078, 18.076115955099997], [75.1222275298, 18.076115955099997], [75.1222275298, 18.0758381771], [75.1213941958, 18.0758381771], [75.1213941958, 18.076115955099997], [75.1211164178, 18.076115955099997]], [[75.1213941958, 18.0755603991], [75.12167197379999, 18.0755603991], [75.12167197379999, 18.075282621099998], [75.1213941958, 18.075282621099998], [75.1213941958, 18.0755603991]]]}}, {"type": "Feature", "properties": {"time_min": 60, "depth_min_m": 1.0, "depth_max_m": 3.0, "depth_class": "1.0\u20133.0 m", "class_area_km2": 1.741826755578396, "flooded_area_km2": 17.78648792691141, "frame_max_depth_m": 144.69788555673983, "class_mean_depth_m": 1.9740615143226756, "scenario_id": "major_breach", "model_type": "Automated approximate 2D flood-routing prototype", "validated_hydraulic_output": false}, "geometry": {"type": "Polygon", "coordinates": [[[75.12167197379999, 18.072782619099996], [75.12167197379999, 18.0725048411], [75.12194975179999, 18.0725048411], [75.12194975179999, 18.072782619099996], [75.12167197379999, 18.072782619099996]]]}}, {"type": "Feature", "properties": {"time_min": 60, "depth_min_m": 1.0, "depth_max_m": 3.0, "depth_class": "1.0\u20133.0 m", "class_area_km2": 1.741826755578396, "flooded_area_km2": 17.78648792691141, "frame_max_depth_m": 144.69788555673983, "class_mean_depth_m": 1.9740615143226756, "scenario_id": "major_breach", "model_type": "Automated approximate 2D flood-routing prototype", "validated_hydraulic_output": false}, "geometry": {"type": "Polygon", "coordinates": [[[75.1275053118, 18.072782619099996], [75.1275053118, 18.0725048411], [75.12778308979999, 18.0725048411], [75.12778308979999, 18.072782619099996], [75.1275053118, 18.072782619099996]]]}}, {"type": "Feature", "properties": {"time_min": 60, "depth_min_m": 1.0, "depth_max_m": 3.0, "depth_class": "1.0\u20133.0 m", "class_area_km2": 1.741826755578396, "flooded_area_km2": 17.78648792691141, "frame_max_depth_m": 144.69788555673983, "class_mean_depth_m": 1.9740615143226756, "scenario_id": "major_breach", "model_type": "Automated approximate 2D flood-routing prototype", "validated_hydraulic_output": false}, "geometry": {"type": "Polygon", "coordinates": [[[75.1269497558, 18.073338175099998], [75.1269497558, 18.072227063099998], [75.1272275338, 18.072227063099998], [75.1272275338, 18.072782619099996], [75.1275053118, 18.072782619099996], [75.1275053118, 18.073338175099998], [75.1269497558, 18.073338175099998]]]}}, {"type": "Feature", "properties": {"time_min": 60, "depth_min_m": 1.0, "depth_max_m": 3.0, "depth_class": "1.0\u20133.0 m", "class_area_km2": 1.741826755578396, "flooded_area_km2": 17.78648792691141, "frame_max_depth_m": 144.69788555673983, "class_mean_depth_m": 1.9740615143226756, "scenario_id": "major_breach", "model_type": "Automated approximate 2D flood-routing prototype", "validated_hydraulic_output": false}, "geometry": {"type": "Polygon", "coordinates": [[[75.1286164238, 18.073893731099997], [75.1286164238, 18.0736159531], [75.1283386458, 18.0736159531], [75.1283386458, 18.072782619099996], [75.12806086779999, 18.072782619099996], [75.12806086779999, 18.0725048411], [75.1283386458, 18.0725048411], [75.1283386458, 18.072227063099998], [75.1286164238, 18.072227063099998], [75.1286164238, 18.0725048411], [75.1288942018, 18.0725048411], [75.1288942018, 18.073060397099997], [75.12917197979999, 18.073060397099997], [75.12917197979999, 18.0736159531], [75.1297275358, 18.0736159531], [75.1297275358, 18.073893731099997], [75.1286164238, 18.073893731099997]]]}}, {"type": "Feature", "properties": {"time_min": 60, "depth_min_m": 1.0, "depth_max_m": 3.0, "depth_class": "1.0\u20133.0 m", "class_area_km2": 1.741826755578396, "flooded_area_km2": 17.78648792691141, "frame_max_depth_m": 144.69788555673983, "class_mean_depth_m": 1.9740615143226756, "scenario_id": "major_breach", "model_type": "Automated approximate 2D flood-routing prototype", "validated_hydraulic_output": false}, "geometry": {"type": "Polygon", "coordinates": [[[75.12778308979999, 18.0725048411], [75.12778308979999, 18.072227063099998], [75.12806086779999, 18.072227063099998], [75.12806086779999, 18.0725048411], [75.12778308979999, 18.0725048411]]]}}, {"type": "Feature", "properties": {"time_min": 60, "depth_min_m": 1.0, "depth_max_m": 3.0, "depth_class": "1.0\u20133.0 m", "class_area_km2": 1.741826755578396, "flooded_area_km2": 17.78648792691141, "frame_max_depth_m": 144.69788555673983, "class_mean_depth_m": 1.9740615143226756, "scenario_id": "major_breach", "model_type": "Automated approximate 2D flood-routing prototype", "validated_hydraulic_output": false}, "geometry": {"type": "Polygon", "coordinates": [[[75.1194497498, 18.072227063099998], [75.1194497498, 18.071949285099997], [75.1197275278, 18.071949285099997], [75.1197275278, 18.072227063099998], [75.1194497498, 18.072227063099998]]]}}, {"type": "Feature", "properties": {"time_min": 60, "depth_min_m": 1.0, "depth_max_m": 3.0, "depth_class": "1.0\u20133.0 m", "class_area_km2": 1.741826755578396, "flooded_area_km2": 17.78648792691141, "frame_max_depth_m": 144.69788555673983, "class_mean_depth_m": 1.9740615143226756, "scenario_id": "major_breach", "model_type": "Automated approximate 2D flood-routing prototype", "validated_hydraulic_output": false}, "geometry": {"type": "Polygon", "coordinates": [[[75.0872275018, 18.072782619099996], [75.0872275018, 18.072227063099998], [75.08694972379999, 18.072227063099998], [75.08694972379999, 18.0716715071], [75.0872275018, 18.0716715071], [75.0872275018, 18.071949285099997], [75.0875052798, 18.071949285099997], [75.0875052798, 18.072782619099996], [75.0872275018, 18.072782619099996]]]}}, {"type": "Feature", "properties": {"time_min": 60, "depth_min_m": 1.0, "depth_max_m": 3.0, "depth_class": "1.0\u20133.0 m", "class_area_km2": 1.741826755578396, "flooded_area_km2": 17.78648792691141, "frame_max_depth_m": 144.69788555673983, "class_mean_depth_m": 1.9740615143226756, "scenario_id": "major_breach", "model_type": "Automated approximate 2D flood-routing prototype", "validated_hydraulic_output": false}, "geometry": {"type": "Polygon", "coordinates": [[[75.1150053018, 18.071949285099997], [75.1150053018, 18.0716715071], [75.1152830798, 18.0716715071], [75.1152830798, 18.071949285099997], [75.1150053018, 18.071949285099997]]]}}, {"type": "Feature", "properties": {"time_min": 60, "depth_min_m": 1.0, "depth_max_m": 3.0, "depth_class": "1.0\u20133.0 m", "class_area_km2": 1.741826755578396, "flooded_area_km2": 17.78648792691141, "frame_max_depth_m": 144.69788555673983, "class_mean_depth_m": 1.9740615143226756, "scenario_id": "major_breach", "model_type": "Automated approximate 2D flood-routing prototype", "validated_hydraulic_output": false}, "geometry": {"type": "Polygon", "coordinates": [[[75.12778308979999, 18.071949285099997], [75.12778308979999, 18.0716715071], [75.12806086779999, 18.0716715071], [75.12806086779999, 18.071949285099997], [75.12778308979999, 18.071949285099997]]]}}, {"type": "Feature", "properties": {"time_min": 60, "depth_min_m": 1.0, "depth_max_m": 3.0, "depth_class": "1.0\u20133.0 m", "class_area_km2": 1.741826755578396, "flooded_area_km2": 17.78648792691141, "frame_max_depth_m": 144.69788555673983, "class_mean_depth_m": 1.9740615143226756, "scenario_id": "major_breach", "model_type": "Automated approximate 2D flood-routing prototype", "validated_hydraulic_output": false}, "geometry": {"type": "Polygon", "coordinates": [[[75.08667194579999, 18.0716715071], [75.08667194579999, 18.0713937291], [75.08694972379999, 18.0713937291], [75.08694972379999, 18.0716715071], [75.08667194579999, 18.0716715071]]]}}, {"type": "Feature", "properties": {"time_min": 60, "depth_min_m": 1.0, "depth_max_m": 3.0, "depth_class": "1.0\u20133.0 m", "class_area_km2": 1.741826755578396, "flooded_area_km2": 17.78648792691141, "frame_max_depth_m": 144.69788555673983, "class_mean_depth_m": 1.9740615143226756, "scenario_id": "major_breach", "model_type": "Automated approximate 2D flood-routing prototype", "validated_hydraulic_output": false}, "geometry": {"type": "Polygon", "coordinates": [[[75.12806086779999, 18.0716715071], [75.12806086779999, 18.0713937291], [75.1283386458, 18.0713937291], [75.1283386458, 18.0716715071], [75.12806086779999, 18.0716715071]]]}}, {"type": "Feature", "properties": {"time_min": 60, "depth_min_m": 1.0, "depth_max_m": 3.0, "depth_class": "1.0\u20133.0 m", "class_area_km2": 1.741826755578396, "flooded_area_km2": 17.78648792691141, "frame_max_depth_m": 144.69788555673983, "class_mean_depth_m": 1.9740615143226756, "scenario_id": "major_breach", "model_type": "Automated approximate 2D flood-routing prototype", "validated_hydraulic_output": false}, "geometry": {"type": "Polygon", "coordinates": [[[75.0827830538, 18.0713937291], [75.0827830538, 18.071115951099998], [75.0830608318, 18.071115951099998], [75.0830608318, 18.0713937291], [75.0827830538, 18.0713937291]]]}}, {"type": "Feature", "properties": {"time_min": 60, "depth_min_m": 1.0, "depth_max_m": 3.0, "depth_class": "1.0\u20133.0 m", "class_area_km2": 1.741826755578396, "flooded_area_km2": 17.78648792691141, "frame_max_depth_m": 144.69788555673983, "class_mean_depth_m": 1.9740615143226756, "scenario_id": "major_breach", "model_type": "Automated approximate 2D flood-routing prototype", "validated_hydraulic_output": false}, "geometry": {"type": "Polygon", "coordinates": [[[75.1136164118, 18.0713937291], [75.1136164118, 18.071115951099998], [75.11389418979999, 18.071115951099998], [75.11389418979999, 18.0713937291], [75.1136164118, 18.0713937291]]]}}, {"type": "Feature", "properties": {"time_min": 60, "depth_min_m": 1.0, "depth_max_m": 3.0, "depth_class": "1.0\u20133.0 m", "class_area_km2": 1.741826755578396, "flooded_area_km2": 17.78648792691141, "frame_max_depth_m": 144.69788555673983, "class_mean_depth_m": 1.9740615143226756, "scenario_id": "major_breach", "model_type": "Automated approximate 2D flood-routing prototype", "validated_hydraulic_output": false}, "geometry": {"type": "Polygon", "coordinates": [[[75.08250527579999, 18.071115951099998], [75.08250527579999, 18.070838173099997], [75.0827830538, 18.070838173099997], [75.0827830538, 18.071115951099998], [75.08250527579999, 18.071115951099998]]]}}, {"type": "Feature", "properties": {"time_min": 60, "depth_min_m": 1.0, "depth_max_m": 3.0, "depth_class": "1.0\u20133.0 m", "class_area_km2": 1.741826755578396, "flooded_area_km2": 17.78648792691141, "frame_max_depth_m": 144.69788555673983, "class_mean_depth_m": 1.9740615143226756, "scenario_id": "major_breach", "model_type": "Automated approximate 2D flood-routing prototype", "validated_hydraulic_output": false}, "geometry": {"type": "Polygon", "coordinates": [[[75.11278307779999, 18.071115951099998], [75.11278307779999, 18.070838173099997], [75.1130608558, 18.070838173099997], [75.1130608558, 18.071115951099998], [75.11278307779999, 18.071115951099998]]]}}, {"type": "Feature", "properties": {"time_min": 60, "depth_min_m": 1.0, "depth_max_m": 3.0, "depth_class": "1.0\u20133.0 m", "class_area_km2": 1.741826755578396, "flooded_area_km2": 17.78648792691141, "frame_max_depth_m": 144.69788555673983, "class_mean_depth_m": 1.9740615143226756, "scenario_id": "major_breach", "model_type": "Automated approximate 2D flood-routing prototype", "validated_hydraulic_output": false}, "geometry": {"type": "Polygon", "coordinates": [[[75.0833386098, 18.071949285099997], [75.0833386098, 18.0716715071], [75.0830608318, 18.0716715071], [75.0830608318, 18.0713937291], [75.08389416579999, 18.0713937291], [75.08389416579999, 18.071115951099998], [75.0841719438, 18.071115951099998], [75.0841719438, 18.0705603951], [75.0844497218, 18.0705603951], [75.0844497218, 18.070838173099997], [75.08528305579999, 18.070838173099997], [75.08528305579999, 18.0705603951], [75.0858386118, 18.0705603951], [75.0858386118, 18.070838173099997], [75.0861163898, 18.070838173099997], [75.0861163898, 18.071115951099998], [75.0863941678, 18.071115951099998], [75.0863941678, 18.0713937291], [75.0858386118, 18.0713937291], [75.0858386118, 18.071115951099998], [75.0844497218, 18.071115951099998], [75.0844497218, 18.0713937291], [75.0841719438, 18.0713937291], [75.0841719438, 18.0716715071], [75.08389416579999, 18.0716715071], [75.08389416579999, 18.071949285099997], [75.0833386098, 18.071949285099997]]]}}, {"type": "Feature", "properties": {"time_min": 60, "depth_min_m": 1.0, "depth_max_m": 3.0, "depth_class": "1.0\u20133.0 m", "class_area_km2": 1.741826755578396, "flooded_area_km2": 17.78648792691141, "frame_max_depth_m": 144.69788555673983, "class_mean_depth_m": 1.9740615143226756, "scenario_id": "major_breach", "model_type": "Automated approximate 2D flood-routing prototype", "validated_hydraulic_output": false}, "geometry": {"type": "Polygon", "coordinates": [[[75.08222749779999, 18.070838173099997], [75.08222749779999, 18.0705603951], [75.08250527579999, 18.0705603951], [75.08250527579999, 18.070838173099997], [75.08222749779999, 18.070838173099997]]]}}, {"type": "Feature", "properties": {"time_min": 60, "depth_min_m": 1.0, "depth_max_m": 3.0, "depth_class": "1.0\u20133.0 m", "class_area_km2": 1.741826755578396, "flooded_area_km2": 17.78648792691141, "frame_max_depth_m": 144.69788555673983, "class_mean_depth_m": 1.9740615143226756, "scenario_id": "major_breach", "model_type": "Automated approximate 2D flood-routing prototype", "validated_hydraulic_output": false}, "geometry": {"type": "Polygon", "coordinates": [[[75.1119497438, 18.070838173099997], [75.1119497438, 18.0705603951], [75.1122275218, 18.0705603951], [75.1122275218, 18.070838173099997], [75.1119497438, 18.070838173099997]]]}}, {"type": "Feature", "properties": {"time_min": 60, "depth_min_m": 1.0, "depth_max_m": 3.0, "depth_class": "1.0\u20133.0 m", "class_area_km2": 1.741826755578396, "flooded_area_km2": 17.78648792691141, "frame_max_depth_m": 144.69788555673983, "class_mean_depth_m": 1.9740615143226756, "scenario_id": "major_breach", "model_type": "Automated approximate 2D flood-routing prototype", "validated_hydraulic_output": false}, "geometry": {"type": "Polygon", "coordinates": [[[75.0811163858, 18.0705603951], [75.0811163858, 18.0702826171], [75.0819497198, 18.0702826171], [75.0819497198, 18.0705603951], [75.0811163858, 18.0705603951]]]}}, {"type": "Feature", "properties": {"time_min": 60, "depth_min_m": 1.0, "depth_max_m": 3.0, "depth_class": "1.0\u20133.0 m", "class_area_km2": 1.741826755578396, "flooded_area_km2": 17.78648792691141, "frame_max_depth_m": 144.69788555673983, "class_mean_depth_m": 1.9740615143226756, "scenario_id": "major_breach", "model_type": "Automated approximate 2D flood-routing prototype", "validated_hydraulic_output": false}, "geometry": {"type": "Polygon", "coordinates": [[[75.11139418779999, 18.0705603951], [75.11139418779999, 18.0702826171], [75.1116719658, 18.0702826171], [75.1116719658, 18.0705603951], [75.11139418779999, 18.0705603951]]]}}, {"type": "Feature", "properties": {"time_min": 60, "depth_min_m": 1.0, "depth_max_m": 3.0, "depth_class": "1.0\u20133.0 m", "class_area_km2": 1.741826755578396, "flooded_area_km2": 17.78648792691141, "frame_max_depth_m": 144.69788555673983, "class_mean_depth_m": 1.9740615143226756, "scenario_id": "major_breach", "model_type": "Automated approximate 2D flood-routing prototype", "validated_hydraulic_output": false}, "geometry": {"type": "Polygon", "coordinates": [[[75.1108386318, 18.0702826171], [75.1108386318, 18.070004839099997], [75.11111640979999, 18.070004839099997], [75.11111640979999, 18.0702826171], [75.1108386318, 18.0702826171]]]}}, {"type": "Feature", "properties": {"time_min": 60, "depth_min_m": 1.0, "depth_max_m": 3.0, "depth_class": "1.0\u20133.0 m", "class_area_km2": 1.741826755578396, "flooded_area_km2": 17.78648792691141, "frame_max_depth_m": 144.69788555673983, "class_mean_depth_m": 1.9740615143226756, "scenario_id": "major_breach", "model_type": "Automated approximate 2D flood-routing prototype", "validated_hydraulic_output": false}, "geometry": {"type": "Polygon", "coordinates": [[[75.1102830758, 18.070004839099997], [75.1102830758, 18.069727061099996], [75.1105608538, 18.069727061099996], [75.1105608538, 18.070004839099997], [75.1102830758, 18.070004839099997]]]}}, {"type": "Feature", "properties": {"time_min": 60, "depth_min_m": 1.0, "depth_max_m": 3.0, "depth_class": "1.0\u20133.0 m", "class_area_km2": 1.741826755578396, "flooded_area_km2": 17.78648792691141, "frame_max_depth_m": 144.69788555673983, "class_mean_depth_m": 1.9740615143226756, "scenario_id": "major_breach", "model_type": "Automated approximate 2D flood-routing prototype", "validated_hydraulic_output": false}, "geometry": {"type": "Polygon", "coordinates": [[[75.0783386058, 18.0713937291], [75.0783386058, 18.071115951099998], [75.07806082779999, 18.071115951099998], [75.07806082779999, 18.070838173099997], [75.0772274938, 18.070838173099997], [75.0772274938, 18.0705603951], [75.07750527179999, 18.0705603951], [75.07750527179999, 18.070004839099997], [75.07806082779999, 18.070004839099997], [75.07806082779999, 18.069727061099996], [75.0786163838, 18.069727061099996], [75.0786163838, 18.0694492831], [75.0788941618, 18.0694492831], [75.0788941618, 18.070838173099997], [75.0800052738, 18.070838173099997], [75.0800052738, 18.0705603951], [75.0811163858, 18.0705603951], [75.0811163858, 18.070838173099997], [75.0802830518, 18.070838173099997], [75.0802830518, 18.071115951099998], [75.0786163838, 18.071115951099998], [75.0786163838, 18.0713937291], [75.0783386058, 18.0713937291]]]}}, {"type": "Feature", "properties": {"time_min": 60, "depth_min_m": 1.0, "depth_max_m": 3.0, "depth_class": "1.0\u20133.0 m", "class_area_km2": 1.741826755578396, "flooded_area_km2": 17.78648792691141, "frame_max_depth_m": 144.69788555673983, "class_mean_depth_m": 1.9740615143226756, "scenario_id": "major_breach", "model_type": "Automated approximate 2D flood-routing prototype", "validated_hydraulic_output": false}, "geometry": {"type": "Polygon", "coordinates": [[[75.1100052978, 18.069727061099996], [75.1100052978, 18.0694492831], [75.1102830758, 18.0694492831], [75.1102830758, 18.069727061099996], [75.1100052978, 18.069727061099996]]]}}, {"type": "Feature", "properties": {"time_min": 60, "depth_min_m": 1.0, "depth_max_m": 3.0, "depth_class": "1.0\u20133.0 m", "class_area_km2": 1.741826755578396, "flooded_area_km2": 17.78648792691141, "frame_max_depth_m": 144.69788555673983, "class_mean_depth_m": 1.9740615143226756, "scenario_id": "major_breach", "model_type": "Automated approximate 2D flood-routing prototype", "validated_hydraulic_output": false}, "geometry": {"type": "Polygon", "coordinates": [[[75.10972751979999, 18.0694492831], [75.10972751979999, 18.069171505099998], [75.1100052978, 18.069171505099998], [75.1100052978, 18.0694492831], [75.10972751979999, 18.0694492831]]]}}, {"type": "Feature", "properties": {"time_min": 60, "depth_min_m": 1.0, "depth_max_m": 3.0, "depth_class": "1.0\u20133.0 m", "class_area_km2": 1.741826755578396, "flooded_area_km2": 17.78648792691141, "frame_max_depth_m": 144.69788555673983, "class_mean_depth_m": 1.9740615143226756, "scenario_id": "major_breach", "model_type": "Automated approximate 2D flood-routing prototype", "validated_hydraulic_output": false}, "geometry": {"type": "Polygon", "coordinates": [[[75.1091719638, 18.069171505099998], [75.1091719638, 18.068893727099997], [75.10944974179999, 18.068893727099997], [75.10944974179999, 18.069171505099998], [75.1091719638, 18.069171505099998]]]}}, {"type": "Feature", "properties": {"time_min": 60, "depth_min_m": 1.0, "depth_max_m": 3.0, "depth_class": "1.0\u20133.0 m", "class_area_km2": 1.741826755578396, "flooded_area_km2": 17.78648792691141, "frame_max_depth_m": 144.69788555673983, "class_mean_depth_m": 1.9740615143226756, "scenario_id": "major_breach", "model_type": "Automated approximate 2D flood-routing prototype", "validated_hydraulic_output": false}, "geometry": {"type": "Polygon", "coordinates": [[[75.1086164078, 18.068893727099997], [75.1086164078, 18.0683381711], [75.1088941858, 18.0683381711], [75.1088941858, 18.068615949099996], [75.1091719638, 18.068615949099996], [75.1091719638, 18.068893727099997], [75.1086164078, 18.068893727099997]]]}}, {"type": "Feature", "properties": {"time_min": 60, "depth_min_m": 1.0, "depth_max_m": 3.0, "depth_class": "1.0\u20133.0 m", "class_area_km2": 1.741826755578396, "flooded_area_km2": 17.78648792691141, "frame_max_depth_m": 144.69788555673983, "class_mean_depth_m": 1.9740615143226756, "scenario_id": "major_breach", "model_type": "Automated approximate 2D flood-routing prototype", "validated_hydraulic_output": false}, "geometry": {"type": "Polygon", "coordinates": [[[75.10806085179999, 18.068060393099998], [75.10806085179999, 18.067782615099997], [75.10833862979999, 18.067782615099997], [75.10833862979999, 18.068060393099998], [75.10806085179999, 18.068060393099998]]]}}, {"type": "Feature", "properties": {"time_min": 60, "depth_min_m": 1.0, "depth_max_m": 3.0, "depth_class": "1.0\u20133.0 m", "class_area_km2": 1.741826755578396, "flooded_area_km2": 17.78648792691141, "frame_max_depth_m": 144.69788555673983, "class_mean_depth_m": 1.9740615143226756, "scenario_id": "major_breach", "model_type": "Automated approximate 2D flood-routing prototype", "validated_hydraulic_output": false}, "geometry": {"type": "Polygon", "coordinates": [[[75.1077830738, 18.067782615099997], [75.1077830738, 18.0675048371], [75.10806085179999, 18.0675048371], [75.10806085179999, 18.067782615099997], [75.1077830738, 18.067782615099997]]]}}, {"type": "Feature", "properties": {"time_min": 60, "depth_min_m": 1.0, "depth_max_m": 3.0, "depth_class": "1.0\u20133.0 m", "class_area_km2": 1.741826755578396, "flooded_area_km2": 17.78648792691141, "frame_max_depth_m": 144.69788555673983, "class_mean_depth_m": 1.9740615143226756, "scenario_id": "major_breach", "model_type": "Automated approximate 2D flood-routing prototype", "validated_hydraulic_output": false}, "geometry": {"type": "Polygon", "coordinates": [[[75.1075052958, 18.0672270591], [75.1075052958, 18.0661159471], [75.1077830738, 18.0661159471], [75.1077830738, 18.0672270591], [75.1075052958, 18.0672270591]]]}}, {"type": "Feature", "properties": {"time_min": 60, "depth_min_m": 1.0, "depth_max_m": 3.0, "depth_class": "1.0\u20133.0 m", "class_area_km2": 1.741826755578396, "flooded_area_km2": 17.78648792691141, "frame_max_depth_m": 144.69788555673983, "class_mean_depth_m": 1.9740615143226756, "scenario_id": "major_breach", "model_type": "Automated approximate 2D flood-routing prototype", "validated_hydraulic_output": false}, "geometry": {"type": "Polygon", "coordinates": [[[75.0788941618, 18.0694492831], [75.0788941618, 18.069171505099998], [75.07917193979999, 18.069171505099998], [75.07917193979999, 18.068615949099996], [75.07944971779999, 18.068615949099996], [75.07944971779999, 18.0683381711], [75.0800052738, 18.0683381711], [75.0800052738, 18.068060393099998], [75.08083860779999, 18.068060393099998], [75.08083860779999, 18.067782615099997], [75.0813941638, 18.067782615099997], [75.0813941638, 18.066949281099998], [75.0816719418, 18.066949281099998], [75.0816719418, 18.066671503099997], [75.0813941638, 18.066671503099997], [75.0813941638, 18.0663937251], [75.0819497198, 18.0663937251], [75.0819497198, 18.066671503099997], [75.08222749779999, 18.066671503099997], [75.08222749779999, 18.0663937251], [75.08250527579999, 18.0663937251], [75.08250527579999, 18.0661159471], [75.0827830538, 18.0661159471], [75.0827830538, 18.065838169099997], [75.08389416579999, 18.065838169099997], [75.08389416579999, 18.0661159471], [75.0830608318, 18.0661159471], [75.0830608318, 18.066671503099997], [75.0827830538, 18.066671503099997], [75.0827830538, 18.066949281099998], [75.08250527579999, 18.066949281099998], [75.08250527579999, 18.0672270591], [75.08222749779999, 18.0672270591], [75.08222749779999, 18.0675048371], [75.0819497198, 18.0675048371], [75.0819497198, 18.068060393099998], [75.0813941638, 18.068060393099998], [75.0813941638, 18.0683381711], [75.08056082979999, 18.0683381711], [75.08056082979999, 18.068615949099996], [75.0800052738, 18.068615949099996], [75.0800052738, 18.068893727099997], [75.07944971779999, 18.068893727099997], [75.07944971779999, 18.0694492831], [75.0788941618, 18.0694492831]]]}}, {"type": "Feature", "properties": {"time_min": 60, "depth_min_m": 1.0, "depth_max_m": 3.0, "depth_class": "1.0\u20133.0 m", "class_area_km2": 1.741826755578396, "flooded_area_km2": 17.78648792691141, "frame_max_depth_m": 144.69788555673983, "class_mean_depth_m": 1.9740615143226756, "scenario_id": "major_breach", "model_type": "Automated approximate 2D flood-routing prototype", "validated_hydraulic_output": false}, "geometry": {"type": "Polygon", "coordinates": [[[75.1077830738, 18.0661159471], [75.1077830738, 18.065838169099997], [75.10806085179999, 18.065838169099997], [75.10806085179999, 18.0661159471], [75.1077830738, 18.0661159471]]]}}, {"type": "Feature", "properties": {"time_min": 60, "depth_min_m": 1.0, "depth_max_m": 3.0, "depth_class": "1.0\u20133.0 m", "class_area_km2": 1.741826755578396, "flooded_area_km2": 17.78648792691141, "frame_max_depth_m": 144.69788555673983, "class_mean_depth_m": 1.9740615143226756, "scenario_id": "major_breach", "model_type": "Automated approximate 2D flood-routing prototype", "validated_hydraulic_output": false}, "geometry": {"type": "Polygon", "coordinates": [[[75.10806085179999, 18.065838169099997], [75.10806085179999, 18.065560391099996], [75.10833862979999, 18.065560391099996], [75.10833862979999, 18.065838169099997], [75.10806085179999, 18.065838169099997]]]}}, {"type": "Feature", "properties": {"time_min": 60, "depth_min_m": 1.0, "depth_max_m": 3.0, "depth_class": "1.0\u20133.0 m", "class_area_km2": 1.741826755578396, "flooded_area_km2": 17.78648792691141, "frame_max_depth_m": 144.69788555673983, "class_mean_depth_m": 1.9740615143226756, "scenario_id": "major_breach", "model_type": "Automated approximate 2D flood-routing prototype", "validated_hydraulic_output": false}, "geometry": {"type": "Polygon", "coordinates": [[[75.0841719438, 18.065560391099996], [75.0841719438, 18.0652826131], [75.0844497218, 18.0652826131], [75.0844497218, 18.065560391099996], [75.0841719438, 18.065560391099996]]]}}, {"type": "Feature", "properties": {"time_min": 60, "depth_min_m": 1.0, "depth_max_m": 3.0, "depth_class": "1.0\u20133.0 m", "class_area_km2": 1.741826755578396, "flooded_area_km2": 17.78648792691141, "frame_max_depth_m": 144.69788555673983, "class_mean_depth_m": 1.9740615143226756, "scenario_id": "major_breach", "model_type": "Automated approximate 2D flood-routing prototype", "validated_hydraulic_output": false}, "geometry": {"type": "Polygon", "coordinates": [[[75.10833862979999, 18.065560391099996], [75.10833862979999, 18.065004835099998], [75.1086164078, 18.065004835099998], [75.1086164078, 18.065560391099996], [75.10833862979999, 18.065560391099996]]]}}, {"type": "Feature", "properties": {"time_min": 60, "depth_min_m": 1.0, "depth_max_m": 3.0, "depth_class": "1.0\u20133.0 m", "class_area_km2": 1.741826755578396, "flooded_area_km2": 17.78648792691141, "frame_max_depth_m": 144.69788555673983, "class_mean_depth_m": 1.9740615143226756, "scenario_id": "major_breach", "model_type": "Automated approximate 2D flood-routing prototype", "validated_hydraulic_output": false}, "geometry": {"type": "Polygon", "coordinates": [[[75.0844497218, 18.0652826131], [75.0844497218, 18.065004835099998], [75.0847274998, 18.065004835099998], [75.0847274998, 18.0652826131], [75.0844497218, 18.0652826131]]]}}, {"type": "Feature", "properties": {"time_min": 60, "depth_min_m": 1.0, "depth_max_m": 3.0, "depth_class": "1.0\u20133.0 m", "class_area_km2": 1.741826755578396, "flooded_area_km2": 17.78648792691141, "frame_max_depth_m": 144.69788555673983, "class_mean_depth_m": 1.9740615143226756, "scenario_id": "major_breach", "model_type": "Automated approximate 2D flood-routing prototype", "validated_hydraulic_output": false}, "geometry": {"type": "Polygon", "coordinates": [[[75.1011164018, 18.0652826131], [75.1011164018, 18.065004835099998], [75.1013941798, 18.065004835099998], [75.1013941798, 18.0652826131], [75.1011164018, 18.0652826131]]]}}, {"type": "Feature", "properties": {"time_min": 60, "depth_min_m": 1.0, "depth_max_m": 3.0, "depth_class": "1.0\u20133.0 m", "class_area_km2": 1.741826755578396, "flooded_area_km2": 17.78648792691141, "frame_max_depth_m": 144.69788555673983, "class_mean_depth_m": 1.9740615143226756, "scenario_id": "major_breach", "model_type": "Automated approximate 2D flood-routing prototype", "validated_hydraulic_output": false}, "geometry": {"type": "Polygon", "coordinates": [[[75.1025052918, 18.0652826131], [75.1025052918, 18.065004835099998], [75.1027830698, 18.065004835099998], [75.1027830698, 18.0652826131], [75.1025052918, 18.0652826131]]]}}, {"type": "Feature", "properties": {"time_min": 60, "depth_min_m": 1.0, "depth_max_m": 3.0, "depth_class": "1.0\u20133.0 m", "class_area_km2": 1.741826755578396, "flooded_area_km2": 17.78648792691141, "frame_max_depth_m": 144.69788555673983, "class_mean_depth_m": 1.9740615143226756, "scenario_id": "major_breach", "model_type": "Automated approximate 2D flood-routing prototype", "validated_hydraulic_output": false}, "geometry": {"type": "Polygon", "coordinates": [[[75.1086164078, 18.065004835099998], [75.1086164078, 18.064727057099997], [75.1088941858, 18.064727057099997], [75.1088941858, 18.065004835099998], [75.1086164078, 18.065004835099998]]]}}, {"type": "Feature", "properties": {"time_min": 60, "depth_min_m": 1.0, "depth_max_m": 3.0, "depth_class": "1.0\u20133.0 m", "class_area_km2": 1.741826755578396, "flooded_area_km2": 17.78648792691141, "frame_max_depth_m": 144.69788555673983, "class_mean_depth_m": 1.9740615143226756, "scenario_id": "major_breach", "model_type": "Automated approximate 2D flood-routing prototype", "validated_hydraulic_output": false}, "geometry": {"type": "Polygon", "coordinates": [[[75.1008386238, 18.064727057099997], [75.1008386238, 18.064449279099996], [75.1011164018, 18.064449279099996], [75.1011164018, 18.064727057099997], [75.1008386238, 18.064727057099997]]]}}, {"type": "Feature", "properties": {"time_min": 60, "depth_min_m": 1.0, "depth_max_m": 3.0, "depth_class": "1.0\u20133.0 m", "class_area_km2": 1.741826755578396, "flooded_area_km2": 17.78648792691141, "frame_max_depth_m": 144.69788555673983, "class_mean_depth_m": 1.9740615143226756, "scenario_id": "major_breach", "model_type": "Automated approximate 2D flood-routing prototype", "validated_hydraulic_output": false}, "geometry": {"type": "Polygon", "coordinates": [[[75.1088941858, 18.064727057099997], [75.1088941858, 18.064449279099996], [75.1091719638, 18.064449279099996], [75.1091719638, 18.064727057099997], [75.1088941858, 18.064727057099997]]]}}, {"type": "Feature", "properties": {"time_min": 60, "depth_min_m": 1.0, "depth_max_m": 3.0, "depth_class": "1.0\u20133.0 m", "class_area_km2": 1.741826755578396, "flooded_area_km2": 17.78648792691141, "frame_max_depth_m": 144.69788555673983, "class_mean_depth_m": 1.9740615143226756, "scenario_id": "major_breach", "model_type": "Automated approximate 2D flood-routing prototype", "validated_hydraulic_output": false}, "geometry": {"type": "Polygon", "coordinates": [[[75.0847274998, 18.064727057099997], [75.0847274998, 18.0641715011], [75.0850052778, 18.0641715011], [75.0850052778, 18.064727057099997], [75.0847274998, 18.064727057099997]]]}}, {"type": "Feature", "properties": {"time_min": 60, "depth_min_m": 1.0, "depth_max_m": 3.0, "depth_class": "1.0\u20133.0 m", "class_area_km2": 1.741826755578396, "flooded_area_km2": 17.78648792691141, "frame_max_depth_m": 144.69788555673983, "class_mean_depth_m": 1.9740615143226756, "scenario_id": "major_breach", "model_type": "Automated approximate 2D flood-routing prototype", "validated_hydraulic_output": false}, "geometry": {"type": "Polygon", "coordinates": [[[75.10361640379999, 18.064449279099996], [75.10361640379999, 18.0641715011], [75.1038941818, 18.0641715011], [75.1038941818, 18.064449279099996], [75.10361640379999, 18.064449279099996]]]}}, {"type": "Feature", "properties": {"time_min": 60, "depth_min_m": 1.0, "depth_max_m": 3.0, "depth_class": "1.0\u20133.0 m", "class_area_km2": 1.741826755578396, "flooded_area_km2": 17.78648792691141, "frame_max_depth_m": 144.69788555673983, "class_mean_depth_m": 1.9740615143226756, "scenario_id": "major_breach", "model_type": "Automated approximate 2D flood-routing prototype", "validated_hydraulic_output": false}, "geometry": {"type": "Polygon", "coordinates": [[[75.10944974179999, 18.064449279099996], [75.10944974179999, 18.063893723099998], [75.10972751979999, 18.063893723099998], [75.10972751979999, 18.064449279099996], [75.10944974179999, 18.064449279099996]]]}}, {"type": "Feature", "properties": {"time_min": 60, "depth_min_m": 1.0, "depth_max_m": 3.0, "depth_class": "1.0\u20133.0 m", "class_area_km2": 1.741826755578396, "flooded_area_km2": 17.78648792691141, "frame_max_depth_m": 144.69788555673983, "class_mean_depth_m": 1.9740615143226756, "scenario_id": "major_breach", "model_type": "Automated approximate 2D flood-routing prototype", "validated_hydraulic_output": false}, "geometry": {"type": "Polygon", "coordinates": [[[75.0841719438, 18.0641715011], [75.0841719438, 18.063893723099998], [75.0847274998, 18.063893723099998], [75.0847274998, 18.0641715011], [75.0841719438, 18.0641715011]]]}}, {"type": "Feature", "properties": {"time_min": 60, "depth_min_m": 1.0, "depth_max_m": 3.0, "depth_class": "1.0\u20133.0 m", "class_area_km2": 1.741826755578396, "flooded_area_km2": 17.78648792691141, "frame_max_depth_m": 144.69788555673983, "class_mean_depth_m": 1.9740615143226756, "scenario_id": "major_breach", "model_type": "Automated approximate 2D flood-routing prototype", "validated_hydraulic_output": false}, "geometry": {"type": "Polygon", "coordinates": [[[75.10972751979999, 18.063893723099998], [75.10972751979999, 18.063615945099997], [75.1100052978, 18.063615945099997], [75.1100052978, 18.0633381671], [75.1108386318, 18.0633381671], [75.1108386318, 18.063615945099997], [75.1102830758, 18.063615945099997], [75.1102830758, 18.063893723099998], [75.10972751979999, 18.063893723099998]]]}}, {"type": "Feature", "properties": {"time_min": 60, "depth_min_m": 1.0, "depth_max_m": 3.0, "depth_class": "1.0\u20133.0 m", "class_area_km2": 1.741826755578396, "flooded_area_km2": 17.78648792691141, "frame_max_depth_m": 144.69788555673983, "class_mean_depth_m": 1.9740615143226756, "scenario_id": "major_breach", "model_type": "Automated approximate 2D flood-routing prototype", "validated_hydraulic_output": false}, "geometry": {"type": "Polygon", "coordinates": [[[75.09444972979999, 18.063893723099998], [75.09444972979999, 18.063615945099997], [75.09417195179999, 18.063615945099997], [75.09417195179999, 18.0633381671], [75.0950052858, 18.0633381671], [75.0950052858, 18.063893723099998], [75.09444972979999, 18.063893723099998]]]}}, {"type": "Feature", "properties": {"time_min": 60, "depth_min_m": 1.0, "depth_max_m": 3.0, "depth_class": "1.0\u20133.0 m", "class_area_km2": 1.741826755578396, "flooded_area_km2": 17.78648792691141, "frame_max_depth_m": 144.69788555673983, "class_mean_depth_m": 1.9740615143226756, "scenario_id": "major_breach", "model_type": "Automated approximate 2D flood-routing prototype", "validated_hydraulic_output": false}, "geometry": {"type": "Polygon", "coordinates": [[[75.1047275158, 18.063615945099997], [75.1047275158, 18.0633381671], [75.10528307179999, 18.0633381671], [75.10528307179999, 18.063615945099997], [75.1047275158, 18.063615945099997]]]}}, {"type": "Feature", "properties": {"time_min": 60, "depth_min_m": 1.0, "depth_max_m": 3.0, "depth_class": "1.0\u20133.0 m", "class_area_km2": 1.741826755578396, "flooded_area_km2": 17.78648792691141, "frame_max_depth_m": 144.69788555673983, "class_mean_depth_m": 1.9740615143226756, "scenario_id": "major_breach", "model_type": "Automated approximate 2D flood-routing prototype", "validated_hydraulic_output": false}, "geometry": {"type": "Polygon", "coordinates": [[[75.0841719438, 18.063615945099997], [75.0841719438, 18.0630603891], [75.0844497218, 18.0630603891], [75.0844497218, 18.063615945099997], [75.0841719438, 18.063615945099997]]]}}, {"type": "Feature", "properties": {"time_min": 60, "depth_min_m": 1.0, "depth_max_m": 3.0, "depth_class": "1.0\u20133.0 m", "class_area_km2": 1.741826755578396, "flooded_area_km2": 17.78648792691141, "frame_max_depth_m": 144.69788555673983, "class_mean_depth_m": 1.9740615143226756, "scenario_id": "major_breach", "model_type": "Automated approximate 2D flood-routing prototype", "validated_hydraulic_output": false}, "geometry": {"type": "Polygon", "coordinates": [[[75.0844497218, 18.0630603891], [75.0844497218, 18.062782611099998], [75.0847274998, 18.062782611099998], [75.0847274998, 18.0630603891], [75.0844497218, 18.0630603891]]]}}, {"type": "Feature", "properties": {"time_min": 60, "depth_min_m": 1.0, "depth_max_m": 3.0, "depth_class": "1.0\u20133.0 m", "class_area_km2": 1.741826755578396, "flooded_area_km2": 17.78648792691141, "frame_max_depth_m": 144.69788555673983, "class_mean_depth_m": 1.9740615143226756, "scenario_id": "major_breach", "model_type": "Automated approximate 2D flood-routing prototype", "validated_hydraulic_output": false}, "geometry": {"type": "Polygon", "coordinates": [[[75.1055608498, 18.0633381671], [75.1055608498, 18.0630603891], [75.1058386278, 18.0630603891], [75.1058386278, 18.062782611099998], [75.1061164058, 18.062782611099998], [75.1061164058, 18.062504833099997], [75.10639418379999, 18.062504833099997], [75.10639418379999, 18.0630603891], [75.1061164058, 18.0630603891], [75.1061164058, 18.0633381671], [75.1055608498, 18.0633381671]]]}}, {"type": "Feature", "properties": {"time_min": 60, "depth_min_m": 1.0, "depth_max_m": 3.0, "depth_class": "1.0\u20133.0 m", "class_area_km2": 1.741826755578396, "flooded_area_km2": 17.78648792691141, "frame_max_depth_m": 144.69788555673983, "class_mean_depth_m": 1.9740615143226756, "scenario_id": "major_breach", "model_type": "Automated approximate 2D flood-routing prototype", "validated_hydraulic_output": false}, "geometry": {"type": "Polygon", "coordinates": [[[75.0847274998, 18.062782611099998], [75.0847274998, 18.062504833099997], [75.0850052778, 18.062504833099997], [75.0850052778, 18.062782611099998], [75.0847274998, 18.062782611099998]]]}}, {"type": "Feature", "properties": {"time_min": 60, "depth_min_m": 1.0, "depth_max_m": 3.0, "depth_class": "1.0\u20133.0 m", "class_area_km2": 1.741826755578396, "flooded_area_km2": 17.78648792691141, "frame_max_depth_m": 144.69788555673983, "class_mean_depth_m": 1.9740615143226756, "scenario_id": "major_breach", "model_type": "Automated approximate 2D flood-routing prototype", "validated_hydraulic_output": false}, "geometry": {"type": "Polygon", "coordinates": [[[75.09917195579999, 18.062782611099998], [75.09917195579999, 18.062504833099997], [75.0994497338, 18.062504833099997], [75.0994497338, 18.062782611099998], [75.09917195579999, 18.062782611099998]]]}}, {"type": "Feature", "properties": {"time_min": 60, "depth_min_m": 1.0, "depth_max_m": 3.0, "depth_class": "1.0\u20133.0 m", "class_area_km2": 1.741826755578396, "flooded_area_km2": 17.78648792691141, "frame_max_depth_m": 144.69788555673983, "class_mean_depth_m": 1.9740615143226756, "scenario_id": "major_breach", "model_type": "Automated approximate 2D flood-routing prototype", "validated_hydraulic_output": false}, "geometry": {"type": "Polygon", "coordinates": [[[75.0850052778, 18.062504833099997], [75.0850052778, 18.0622270551], [75.08528305579999, 18.0622270551], [75.08528305579999, 18.062504833099997], [75.0850052778, 18.062504833099997]]]}}, {"type": "Feature", "properties": {"time_min": 60, "depth_min_m": 1.0, "depth_max_m": 3.0, "depth_class": "1.0\u20133.0 m", "class_area_km2": 1.741826755578396, "flooded_area_km2": 17.78648792691141, "frame_max_depth_m": 144.69788555673983, "class_mean_depth_m": 1.9740615143226756, "scenario_id": "major_breach", "model_type": "Automated approximate 2D flood-routing prototype", "validated_hydraulic_output": false}, "geometry": {"type": "Polygon", "coordinates": [[[75.0977830658, 18.062504833099997], [75.0977830658, 18.0619492771], [75.0980608438, 18.0619492771], [75.0980608438, 18.062504833099997], [75.0977830658, 18.062504833099997]]]}}, {"type": "Feature", "properties": {"time_min": 60, "depth_min_m": 1.0, "depth_max_m": 3.0, "depth_class": "1.0\u20133.0 m", "class_area_km2": 1.741826755578396, "flooded_area_km2": 17.78648792691141, "frame_max_depth_m": 144.69788555673983, "class_mean_depth_m": 1.9740615143226756, "scenario_id": "major_breach", "model_type": "Automated approximate 2D flood-routing prototype", "validated_hydraulic_output": false}, "geometry": {"type": "Polygon", "coordinates": [[[75.10056084579999, 18.0641715011], [75.10056084579999, 18.0633381671], [75.10028306779999, 18.0633381671], [75.10028306779999, 18.0630603891], [75.10056084579999, 18.0630603891], [75.10056084579999, 18.062782611099998], [75.10028306779999, 18.062782611099998], [75.10028306779999, 18.062504833099997], [75.1000052898, 18.062504833099997], [75.1000052898, 18.0622270551], [75.10056084579999, 18.0622270551], [75.10056084579999, 18.0619492771], [75.1008386238, 18.0619492771], [75.1008386238, 18.0641715011], [75.10056084579999, 18.0641715011]]]}}, {"type": "Feature", "properties": {"time_min": 60, "depth_min_m": 1.0, "depth_max_m": 3.0, "depth_class": "1.0\u20133.0 m", "class_area_km2": 1.741826755578396, "flooded_area_km2": 17.78648792691141, "frame_max_depth_m": 144.69788555673983, "class_mean_depth_m": 1.9740615143226756, "scenario_id": "major_breach", "model_type": "Automated approximate 2D flood-routing prototype", "validated_hydraulic_output": false}, "geometry": {"type": "Polygon", "coordinates": [[[75.1116719658, 18.0633381671], [75.1116719658, 18.0630603891], [75.1119497438, 18.0630603891], [75.1119497438, 18.062782611099998], [75.1122275218, 18.062782611099998], [75.1122275218, 18.062504833099997], [75.11250529979999, 18.062504833099997], [75.11250529979999, 18.0622270551], [75.11139418779999, 18.0622270551], [75.11139418779999, 18.0619492771], [75.1130608558, 18.0619492771], [75.1130608558, 18.062504833099997], [75.11278307779999, 18.062504833099997], [75.11278307779999, 18.062782611099998], [75.11250529979999, 18.062782611099998], [75.11250529979999, 18.0630603891], [75.1122275218, 18.0630603891], [75.1122275218, 18.0633381671], [75.1116719658, 18.0633381671]]]}}, {"type": "Feature", "properties": {"time_min": 60, "depth_min_m": 1.0, "depth_max_m": 3.0, "depth_class": "1.0\u20133.0 m", "class_area_km2": 1.741826755578396, "flooded_area_km2": 17.78648792691141, "frame_max_depth_m": 144.69788555673983, "class_mean_depth_m": 1.9740615143226756, "scenario_id": "major_breach", "model_type": "Automated approximate 2D flood-routing prototype", "validated_hydraulic_output": false}, "geometry": {"type": "Polygon", "coordinates": [[[75.0847274998, 18.0619492771], [75.0847274998, 18.061671499099997], [75.0850052778, 18.061671499099997], [75.0850052778, 18.0619492771], [75.0847274998, 18.0619492771]]]}}, {"type": "Feature", "properties": {"time_min": 60, "depth_min_m": 1.0, "depth_max_m": 3.0, "depth_class": "1.0\u20133.0 m", "class_area_km2": 1.741826755578396, "flooded_area_km2": 17.78648792691141, "frame_max_depth_m": 144.69788555673983, "class_mean_depth_m": 1.9740615143226756, "scenario_id": "major_breach", "model_type": "Automated approximate 2D flood-routing prototype", "validated_hydraulic_output": false}, "geometry": {"type": "Polygon", "coordinates": [[[75.10639418379999, 18.062504833099997], [75.10639418379999, 18.0622270551], [75.10667196179999, 18.0622270551], [75.10667196179999, 18.0619492771], [75.1069497398, 18.0619492771], [75.1069497398, 18.061671499099997], [75.1072275178, 18.061671499099997], [75.1072275178, 18.061393721099996], [75.1077830738, 18.061393721099996], [75.1077830738, 18.061671499099997], [75.1075052958, 18.061671499099997], [75.1075052958, 18.0619492771], [75.1072275178, 18.0619492771], [75.1072275178, 18.0622270551], [75.1069497398, 18.0622270551], [75.1069497398, 18.062504833099997], [75.10639418379999, 18.062504833099997]]]}}, {"type": "Feature", "properties": {"time_min": 60, "depth_min_m": 1.0, "depth_max_m": 3.0, "depth_class": "1.0\u20133.0 m", "class_area_km2": 1.741826755578396, "flooded_area_km2": 17.78648792691141, "frame_max_depth_m": 144.69788555673983, "class_mean_depth_m": 1.9740615143226756, "scenario_id": "major_breach", "model_type": "Automated approximate 2D flood-routing prototype", "validated_hydraulic_output": false}, "geometry": {"type": "Polygon", "coordinates": [[[75.0966719538, 18.061671499099997], [75.0966719538, 18.061393721099996], [75.09722750979999, 18.061393721099996], [75.09722750979999, 18.061671499099997], [75.0966719538, 18.061671499099997]]]}}, {"type": "Feature", "properties": {"time_min": 60, "depth_min_m": 1.0, "depth_max_m": 3.0, "depth_class": "1.0\u20133.0 m", "class_area_km2": 1.741826755578396, "flooded_area_km2": 17.78648792691141, "frame_max_depth_m": 144.69788555673983, "class_mean_depth_m": 1.9740615143226756, "scenario_id": "major_breach", "model_type": "Automated approximate 2D flood-routing prototype", "validated_hydraulic_output": false}, "geometry": {"type": "Polygon", "coordinates": [[[75.0955608418, 18.0619492771], [75.0955608418, 18.061671499099997], [75.0950052858, 18.061671499099997], [75.0950052858, 18.061393721099996], [75.0955608418, 18.061393721099996], [75.0955608418, 18.0611159431], [75.09611639779999, 18.0611159431], [75.09611639779999, 18.061393721099996], [75.0963941758, 18.061393721099996], [75.0963941758, 18.0619492771], [75.0955608418, 18.0619492771]]]}}, {"type": "Feature", "properties": {"time_min": 60, "depth_min_m": 1.0, "depth_max_m": 3.0, "depth_class": "1.0\u20133.0 m", "class_area_km2": 1.741826755578396, "flooded_area_km2": 17.78648792691141, "frame_max_depth_m": 144.69788555673983, "class_mean_depth_m": 1.9740615143226756, "scenario_id": "major_breach", "model_type": "Automated approximate 2D flood-routing prototype", "validated_hydraulic_output": false}, "geometry": {"type": "Polygon", "coordinates": [[[75.09750528779999, 18.061671499099997], [75.09750528779999, 18.0611159431], [75.0977830658, 18.0611159431], [75.0977830658, 18.061393721099996], [75.0980608438, 18.061393721099996], [75.0980608438, 18.061671499099997], [75.09750528779999, 18.061671499099997]]]}}, {"type": "Feature", "properties": {"time_min": 60, "depth_min_m": 1.0, "depth_max_m": 3.0, "depth_class": "1.0\u20133.0 m", "class_area_km2": 1.741826755578396, "flooded_area_km2": 17.78648792691141, "frame_max_depth_m": 144.69788555673983, "class_mean_depth_m": 1.9740615143226756, "scenario_id": "major_breach", "model_type": "Automated approximate 2D flood-routing prototype", "validated_hydraulic_output": false}, "geometry": {"type": "Polygon", "coordinates": [[[75.09444972979999, 18.061393721099996], [75.09444972979999, 18.0611159431], [75.0950052858, 18.0611159431], [75.0950052858, 18.061393721099996], [75.09444972979999, 18.061393721099996]]]}}, {"type": "Feature", "properties": {"time_min": 60, "depth_min_m": 1.0, "depth_max_m": 3.0, "depth_class": "1.0\u20133.0 m", "class_area_km2": 1.741826755578396, "flooded_area_km2": 17.78648792691141, "frame_max_depth_m": 144.69788555673983, "class_mean_depth_m": 1.9740615143226756, "scenario_id": "major_breach", "model_type": "Automated approximate 2D flood-routing prototype", "validated_hydraulic_output": false}, "geometry": {"type": "Polygon", "coordinates": [[[75.10806085179999, 18.061393721099996], [75.10806085179999, 18.0611159431], [75.10833862979999, 18.0611159431], [75.10833862979999, 18.061393721099996], [75.10806085179999, 18.061393721099996]]]}}, {"type": "Feature", "properties": {"time_min": 60, "depth_min_m": 1.0, "depth_max_m": 3.0, "depth_class": "1.0\u20133.0 m", "class_area_km2": 1.741826755578396, "flooded_area_km2": 17.78648792691141, "frame_max_depth_m": 144.69788555673983, "class_mean_depth_m": 1.9740615143226756, "scenario_id": "major_breach", "model_type": "Automated approximate 2D flood-routing prototype", "validated_hydraulic_output": false}, "geometry": {"type": "Polygon", "coordinates": [[[75.1102830758, 18.0619492771], [75.1102830758, 18.061671499099997], [75.1100052978, 18.061671499099997], [75.1100052978, 18.061393721099996], [75.10972751979999, 18.061393721099996], [75.10972751979999, 18.0611159431], [75.10944974179999, 18.0611159431], [75.10944974179999, 18.060838165099998], [75.1102830758, 18.060838165099998], [75.1102830758, 18.0611159431], [75.1105608538, 18.0611159431], [75.1105608538, 18.061671499099997], [75.11111640979999, 18.061671499099997], [75.11111640979999, 18.0619492771], [75.1102830758, 18.0619492771]]]}}, {"type": "Feature", "properties": {"time_min": 60, "depth_min_m": 1.0, "depth_max_m": 3.0, "depth_class": "1.0\u20133.0 m", "class_area_km2": 1.741826755578396, "flooded_area_km2": 17.78648792691141, "frame_max_depth_m": 144.69788555673983, "class_mean_depth_m": 1.9740615143226756, "scenario_id": "major_breach", "model_type": "Automated approximate 2D flood-routing prototype", "validated_hydraulic_output": false}, "geometry": {"type": "Polygon", "coordinates": [[[75.0816719418, 18.061671499099997], [75.0816719418, 18.061393721099996], [75.0819497198, 18.061393721099996], [75.0819497198, 18.060560387099997], [75.08222749779999, 18.060560387099997], [75.08222749779999, 18.061393721099996], [75.0827830538, 18.061393721099996], [75.0827830538, 18.061671499099997], [75.0816719418, 18.061671499099997]]]}}, {"type": "Feature", "properties": {"time_min": 60, "depth_min_m": 1.0, "depth_max_m": 3.0, "depth_class": "1.0\u20133.0 m", "class_area_km2": 1.741826755578396, "flooded_area_km2": 17.78648792691141, "frame_max_depth_m": 144.69788555673983, "class_mean_depth_m": 1.9740615143226756, "scenario_id": "major_breach", "model_type": "Automated approximate 2D flood-routing prototype", "validated_hydraulic_output": false}, "geometry": {"type": "Polygon", "coordinates": [[[75.08222749779999, 18.060560387099997], [75.08222749779999, 18.0602826091], [75.08250527579999, 18.0602826091], [75.08250527579999, 18.060560387099997], [75.08222749779999, 18.060560387099997]]]}}, {"type": "Feature", "properties": {"time_min": 60, "depth_min_m": 1.0, "depth_max_m": 3.0, "depth_class": "1.0\u20133.0 m", "class_area_km2": 1.741826755578396, "flooded_area_km2": 17.78648792691141, "frame_max_depth_m": 144.69788555673983, "class_mean_depth_m": 1.9740615143226756, "scenario_id": "major_breach", "model_type": "Automated approximate 2D flood-routing prototype", "validated_hydraulic_output": false}, "geometry": {"type": "Polygon", "coordinates": [[[75.08250527579999, 18.0602826091], [75.08250527579999, 18.059727053099998], [75.0827830538, 18.059727053099998], [75.0827830538, 18.0602826091], [75.08250527579999, 18.0602826091]]]}}, {"type": "Feature", "properties": {"time_min": 60, "depth_min_m": 1.0, "depth_max_m": 3.0, "depth_class": "1.0\u20133.0 m", "class_area_km2": 1.741826755578396, "flooded_area_km2": 17.78648792691141, "frame_max_depth_m": 144.69788555673983, "class_mean_depth_m": 1.9740615143226756, "scenario_id": "major_breach", "model_type": "Automated approximate 2D flood-routing prototype", "validated_hydraulic_output": false}, "geometry": {"type": "Polygon", "coordinates": [[[75.0827830538, 18.059727053099998], [75.0827830538, 18.0591714971], [75.08250527579999, 18.0591714971], [75.08250527579999, 18.0588937191], [75.0830608318, 18.0588937191], [75.0830608318, 18.059727053099998], [75.0827830538, 18.059727053099998]]]}}, {"type": "Feature", "properties": {"time_min": 60, "depth_min_m": 1.0, "depth_max_m": 3.0, "depth_class": "1.0\u20133.0 m", "class_area_km2": 1.741826755578396, "flooded_area_km2": 17.78648792691141, "frame_max_depth_m": 144.69788555673983, "class_mean_depth_m": 1.9740615143226756, "scenario_id": "major_breach", "model_type": "Automated approximate 2D flood-routing prototype", "validated_hydraulic_output": false}, "geometry": {"type": "Polygon", "coordinates": [[[75.08222749779999, 18.0588937191], [75.08222749779999, 18.058615941099998], [75.08250527579999, 18.058615941099998], [75.08250527579999, 18.0588937191], [75.08222749779999, 18.0588937191]]]}}, {"type": "Feature", "properties": {"time_min": 60, "depth_min_m": 1.0, "depth_max_m": 3.0, "depth_class": "1.0\u20133.0 m", "class_area_km2": 1.741826755578396, "flooded_area_km2": 17.78648792691141, "frame_max_depth_m": 144.69788555673983, "class_mean_depth_m": 1.9740615143226756, "scenario_id": "major_breach", "model_type": "Automated approximate 2D flood-routing prototype", "validated_hydraulic_output": false}, "geometry": {"type": "Polygon", "coordinates": [[[75.0819497198, 18.058615941099998], [75.0819497198, 18.058338163099997], [75.0816719418, 18.058338163099997], [75.0816719418, 18.0580603851], [75.0813941638, 18.0580603851], [75.0813941638, 18.0577826071], [75.08250527579999, 18.0577826071], [75.08250527579999, 18.0580603851], [75.08222749779999, 18.0580603851], [75.08222749779999, 18.058615941099998], [75.0819497198, 18.058615941099998]]]}}, {"type": "Feature", "properties": {"time_min": 60, "depth_min_m": 1.0, "depth_max_m": 3.0, "depth_class": "1.0\u20133.0 m", "class_area_km2": 1.741826755578396, "flooded_area_km2": 17.78648792691141, "frame_max_depth_m": 144.69788555673983, "class_mean_depth_m": 1.9740615143226756, "scenario_id": "major_breach", "model_type": "Automated approximate 2D flood-routing prototype", "validated_hydraulic_output": false}, "geometry": {"type": "Polygon", "coordinates": [[[75.08250527579999, 18.0577826071], [75.08250527579999, 18.057504829099997], [75.0827830538, 18.057504829099997], [75.0827830538, 18.0577826071], [75.08250527579999, 18.0577826071]]]}}, {"type": "Feature", "properties": {"time_min": 60, "depth_min_m": 1.0, "depth_max_m": 3.0, "depth_class": "1.0\u20133.0 m", "class_area_km2": 1.741826755578396, "flooded_area_km2": 17.78648792691141, "frame_max_depth_m": 144.69788555673983, "class_mean_depth_m": 1.9740615143226756, "scenario_id": "major_breach", "model_type": "Automated approximate 2D flood-routing prototype", "validated_hydraulic_output": false}, "geometry": {"type": "Polygon", "coordinates": [[[75.0827830538, 18.057504829099997], [75.0827830538, 18.057227051099996], [75.0830608318, 18.057227051099996], [75.0830608318, 18.057504829099997], [75.0827830538, 18.057504829099997]]]}}, {"type": "Feature", "properties": {"time_min": 60, "depth_min_m": 1.0, "depth_max_m": 3.0, "depth_class": "1.0\u20133.0 m", "class_area_km2": 1.741826755578396, "flooded_area_km2": 17.78648792691141, "frame_max_depth_m": 144.69788555673983, "class_mean_depth_m": 1.9740615143226756, "scenario_id": "major_breach", "model_type": "Automated approximate 2D flood-routing prototype", "validated_hydraulic_output": false}, "geometry": {"type": "Polygon", "coordinates": [[[75.0833386098, 18.057227051099996], [75.0833386098, 18.0569492731], [75.08361638779999, 18.0569492731], [75.08361638779999, 18.057227051099996], [75.0833386098, 18.057227051099996]]]}}, {"type": "Feature", "properties": {"time_min": 60, "depth_min_m": 1.0, "depth_max_m": 3.0, "depth_class": "1.0\u20133.0 m", "class_area_km2": 1.741826755578396, "flooded_area_km2": 17.78648792691141, "frame_max_depth_m": 144.69788555673983, "class_mean_depth_m": 1.9740615143226756, "scenario_id": "major_breach", "model_type": "Automated approximate 2D flood-routing prototype", "validated_hydraulic_output": false}, "geometry": {"type": "Polygon", "coordinates": [[[75.0830608318, 18.0561159391], [75.0830608318, 18.0558381611], [75.0833386098, 18.0558381611], [75.0833386098, 18.0561159391], [75.0830608318, 18.0561159391]]]}}, {"type": "Feature", "properties": {"time_min": 60, "depth_min_m": 1.0, "depth_max_m": 3.0, "depth_class": "1.0\u20133.0 m", "class_area_km2": 1.741826755578396, "flooded_area_km2": 17.78648792691141, "frame_max_depth_m": 144.69788555673983, "class_mean_depth_m": 1.9740615143226756, "scenario_id": "major_breach", "model_type": "Automated approximate 2D flood-routing prototype", "validated_hydraulic_output": false}, "geometry": {"type": "Polygon", "coordinates": [[[75.0827830538, 18.055560383099998], [75.0827830538, 18.055282605099997], [75.0830608318, 18.055282605099997], [75.0830608318, 18.055560383099998], [75.0827830538, 18.055560383099998]]]}}, {"type": "Feature", "properties": {"time_min": 60, "depth_min_m": 1.0, "depth_max_m": 3.0, "depth_class": "1.0\u20133.0 m", "class_area_km2": 1.741826755578396, "flooded_area_km2": 17.78648792691141, "frame_max_depth_m": 144.69788555673983, "class_mean_depth_m": 1.9740615143226756, "scenario_id": "major_breach", "model_type": "Automated approximate 2D flood-routing prototype", "validated_hydraulic_output": false}, "geometry": {"type": "Polygon", "coordinates": [[[75.08250527579999, 18.0547270491], [75.08250527579999, 18.054171493099997], [75.0827830538, 18.054171493099997], [75.0827830538, 18.0547270491], [75.08250527579999, 18.0547270491]]]}}, {"type": "Feature", "properties": {"time_min": 60, "depth_min_m": 1.0, "depth_max_m": 3.0, "depth_class": "1.0\u20133.0 m", "class_area_km2": 1.741826755578396, "flooded_area_km2": 17.78648792691141, "frame_max_depth_m": 144.69788555673983, "class_mean_depth_m": 1.9740615143226756, "scenario_id": "major_breach", "model_type": "Automated approximate 2D flood-routing prototype", "validated_hydraulic_output": false}, "geometry": {"type": "Polygon", "coordinates": [[[75.0933386178, 18.0611159431], [75.0933386178, 18.060838165099998], [75.09306083979999, 18.060838165099998], [75.09306083979999, 18.060560387099997], [75.09278306179999, 18.060560387099997], [75.09278306179999, 18.0602826091], [75.0925052838, 18.0602826091], [75.0925052838, 18.059727053099998], [75.0919497278, 18.059727053099998], [75.0919497278, 18.057227051099996], [75.0911163938, 18.057227051099996], [75.0911163938, 18.056671495099998], [75.09139417179999, 18.056671495099998], [75.09139417179999, 18.056393717099997], [75.0905608378, 18.056393717099997], [75.0905608378, 18.0561159391], [75.0908386158, 18.0561159391], [75.0908386158, 18.0558381611], [75.0911163938, 18.0558381611], [75.0911163938, 18.055282605099997], [75.09139417179999, 18.055282605099997], [75.09139417179999, 18.0550048271], [75.0922275058, 18.0550048271], [75.0922275058, 18.0547270491], [75.09444972979999, 18.0547270491], [75.09444972979999, 18.054449271099998], [75.0950052858, 18.054449271099998], [75.0950052858, 18.054171493099997], [75.0955608418, 18.054171493099997], [75.0955608418, 18.0538937151], [75.09583861979999, 18.0538937151], [75.09583861979999, 18.0536159371], [75.09611639779999, 18.0536159371], [75.09611639779999, 18.054171493099997], [75.09583861979999, 18.054171493099997], [75.09583861979999, 18.0547270491], [75.09472750779999, 18.0547270491], [75.09472750779999, 18.0550048271], [75.0938941738, 18.0550048271], [75.0938941738, 18.055282605099997], [75.0936163958, 18.055282605099997], [75.0936163958, 18.056393717099997], [75.0933386178, 18.056393717099997], [75.0933386178, 18.0561159391], [75.09306083979999, 18.0561159391], [75.09306083979999, 18.057227051099996], [75.09278306179999, 18.057227051099996], [75.09278306179999, 18.058615941099998], [75.0925052838, 18.058615941099998], [75.0925052838, 18.0591714971], [75.09278306179999, 18.0591714971], [75.09278306179999, 18.0600048311], [75.09306083979999, 18.0600048311], [75.09306083979999, 18.0602826091], [75.0933386178, 18.0602826091], [75.0933386178, 18.060560387099997], [75.0936163958, 18.060560387099997], [75.0936163958, 18.060838165099998], [75.09444972979999, 18.060838165099998], [75.09444972979999, 18.0611159431], [75.0933386178, 18.0611159431]], [[75.0922275058, 18.0558381611], [75.09278306179999, 18.0558381611], [75.09278306179999, 18.055282605099997], [75.0922275058, 18.055282605099997], [75.0922275058, 18.0558381611]]]}}, {"type": "Feature", "properties": {"time_min": 60, "depth_min_m": 1.0, "depth_max_m": 3.0, "depth_class": "1.0\u20133.0 m", "class_area_km2": 1.741826755578396, "flooded_area_km2": 17.78648792691141, "frame_max_depth_m": 144.69788555673983, "class_mean_depth_m": 1.9740615143226756, "scenario_id": "major_breach", "model_type": "Automated approximate 2D flood-routing prototype", "validated_hydraulic_output": false}, "geometry": {"type": "Polygon", "coordinates": [[[75.09611639779999, 18.0536159371], [75.09611639779999, 18.053338159099997], [75.0963941758, 18.053338159099997], [75.0963941758, 18.0536159371], [75.09611639779999, 18.0536159371]]]}}, {"type": "Feature", "properties": {"time_min": 60, "depth_min_m": 1.0, "depth_max_m": 3.0, "depth_class": "1.0\u20133.0 m", "class_area_km2": 1.741826755578396, "flooded_area_km2": 17.78648792691141, "frame_max_depth_m": 144.69788555673983, "class_mean_depth_m": 1.9740615143226756, "scenario_id": "major_breach", "model_type": "Automated approximate 2D flood-routing prototype", "validated_hydraulic_output": false}, "geometry": {"type": "Polygon", "coordinates": [[[75.0963941758, 18.053338159099997], [75.0963941758, 18.0527826031], [75.0966719538, 18.0527826031], [75.0966719538, 18.053338159099997], [75.0963941758, 18.053338159099997]]]}}, {"type": "Feature", "properties": {"time_min": 60, "depth_min_m": 1.0, "depth_max_m": 3.0, "depth_class": "1.0\u20133.0 m", "class_area_km2": 1.741826755578396, "flooded_area_km2": 17.78648792691141, "frame_max_depth_m": 144.69788555673983, "class_mean_depth_m": 1.9740615143226756, "scenario_id": "major_breach", "model_type": "Automated approximate 2D flood-routing prototype", "validated_hydraulic_output": false}, "geometry": {"type": "Polygon", "coordinates": [[[75.0936163958, 18.0519492691], [75.0936163958, 18.0516714911], [75.0950052858, 18.0516714911], [75.0950052858, 18.0519492691], [75.0936163958, 18.0519492691]]]}}, {"type": "Feature", "properties": {"time_min": 60, "depth_min_m": 1.0, "depth_max_m": 3.0, "depth_class": "1.0\u20133.0 m", "class_area_km2": 1.741826755578396, "flooded_area_km2": 17.78648792691141, "frame_max_depth_m": 144.69788555673983, "class_mean_depth_m": 1.9740615143226756, "scenario_id": "major_breach", "model_type": "Automated approximate 2D flood-routing prototype", "validated_hydraulic_output": false}, "geometry": {"type": "Polygon", "coordinates": [[[75.09278306179999, 18.0516714911], [75.09278306179999, 18.051393713099998], [75.0936163958, 18.051393713099998], [75.0936163958, 18.0516714911], [75.09278306179999, 18.0516714911]]]}}, {"type": "Feature", "properties": {"time_min": 60, "depth_min_m": 1.0, "depth_max_m": 3.0, "depth_class": "1.0\u20133.0 m", "class_area_km2": 1.741826755578396, "flooded_area_km2": 17.78648792691141, "frame_max_depth_m": 144.69788555673983, "class_mean_depth_m": 1.9740615143226756, "scenario_id": "major_breach", "model_type": "Automated approximate 2D flood-routing prototype", "validated_hydraulic_output": false}, "geometry": {"type": "Polygon", "coordinates": [[[75.0950052858, 18.0516714911], [75.0950052858, 18.051393713099998], [75.0952830638, 18.051393713099998], [75.0952830638, 18.051115935099997], [75.09583861979999, 18.051115935099997], [75.09583861979999, 18.051393713099998], [75.0955608418, 18.051393713099998], [75.0955608418, 18.0516714911], [75.0950052858, 18.0516714911]]]}}, {"type": "Feature", "properties": {"time_min": 60, "depth_min_m": 1.0, "depth_max_m": 3.0, "depth_class": "1.0\u20133.0 m", "class_area_km2": 1.741826755578396, "flooded_area_km2": 17.78648792691141, "frame_max_depth_m": 144.69788555673983, "class_mean_depth_m": 1.9740615143226756, "scenario_id": "major_breach", "model_type": "Automated approximate 2D flood-routing prototype", "validated_hydraulic_output": false}, "geometry": {"type": "Polygon", "coordinates": [[[75.0919497278, 18.051393713099998], [75.0919497278, 18.0508381571], [75.0922275058, 18.0508381571], [75.0922275058, 18.051115935099997], [75.0925052838, 18.051115935099997], [75.0925052838, 18.051393713099998], [75.0919497278, 18.051393713099998]]]}}, {"type": "Feature", "properties": {"time_min": 60, "depth_min_m": 1.0, "depth_max_m": 3.0, "depth_class": "1.0\u20133.0 m", "class_area_km2": 1.741826755578396, "flooded_area_km2": 17.78648792691141, "frame_max_depth_m": 144.69788555673983, "class_mean_depth_m": 1.9740615143226756, "scenario_id": "major_breach", "model_type": "Automated approximate 2D flood-routing prototype", "validated_hydraulic_output": false}, "geometry": {"type": "Polygon", "coordinates": [[[75.09583861979999, 18.051115935099997], [75.09583861979999, 18.0508381571], [75.0966719538, 18.0508381571], [75.0966719538, 18.051115935099997], [75.09583861979999, 18.051115935099997]]]}}, {"type": "Feature", "properties": {"time_min": 60, "depth_min_m": 1.0, "depth_max_m": 3.0, "depth_class": "1.0\u20133.0 m", "class_area_km2": 1.741826755578396, "flooded_area_km2": 17.78648792691141, "frame_max_depth_m": 144.69788555673983, "class_mean_depth_m": 1.9740615143226756, "scenario_id": "major_breach", "model_type": "Automated approximate 2D flood-routing prototype", "validated_hydraulic_output": false}, "geometry": {"type": "Polygon", "coordinates": [[[75.09139417179999, 18.0508381571], [75.09139417179999, 18.0505603791], [75.0911163938, 18.0505603791], [75.0911163938, 18.050282601099997], [75.0908386158, 18.050282601099997], [75.0908386158, 18.0497270451], [75.0902830598, 18.0497270451], [75.0902830598, 18.049449267099998], [75.0908386158, 18.049449267099998], [75.0908386158, 18.049171489099997], [75.0911163938, 18.049171489099997], [75.0911163938, 18.049449267099998], [75.09139417179999, 18.049449267099998], [75.09139417179999, 18.050004823099997], [75.09167194979999, 18.050004823099997], [75.09167194979999, 18.0505603791], [75.0919497278, 18.0505603791], [75.0919497278, 18.0508381571], [75.09139417179999, 18.0508381571]]]}}, {"type": "Feature", "properties": {"time_min": 60, "depth_min_m": 1.0, "depth_max_m": 3.0, "depth_class": "1.0\u20133.0 m", "class_area_km2": 1.741826755578396, "flooded_area_km2": 17.78648792691141, "frame_max_depth_m": 144.69788555673983, "class_mean_depth_m": 1.9740615143226756, "scenario_id": "major_breach", "model_type": "Automated approximate 2D flood-routing prototype", "validated_hydraulic_output": false}, "geometry": {"type": "Polygon", "coordinates": [[[75.08972750379999, 18.049449267099998], [75.08972750379999, 18.049171489099997], [75.0902830598, 18.049171489099997], [75.0902830598, 18.049449267099998], [75.08972750379999, 18.049449267099998]]]}}, {"type": "Feature", "properties": {"time_min": 60, "depth_min_m": 1.0, "depth_max_m": 3.0, "depth_class": "1.0\u20133.0 m", "class_area_km2": 1.741826755578396, "flooded_area_km2": 17.78648792691141, "frame_max_depth_m": 144.69788555673983, "class_mean_depth_m": 1.9740615143226756, "scenario_id": "major_breach", "model_type": "Automated approximate 2D flood-routing prototype", "validated_hydraulic_output": false}, "geometry": {"type": "Polygon", "coordinates": [[[75.0891719478, 18.049171489099997], [75.0891719478, 18.048893711099996], [75.0894497258, 18.048893711099996], [75.0894497258, 18.049171489099997], [75.0891719478, 18.049171489099997]]]}}, {"type": "Feature", "properties": {"time_min": 60, "depth_min_m": 1.0, "depth_max_m": 3.0, "depth_class": "1.0\u20133.0 m", "class_area_km2": 1.741826755578396, "flooded_area_km2": 17.78648792691141, "frame_max_depth_m": 144.69788555673983, "class_mean_depth_m": 1.9740615143226756, "scenario_id": "major_breach", "model_type": "Automated approximate 2D flood-routing prototype", "validated_hydraulic_output": false}, "geometry": {"type": "Polygon", "coordinates": [[[75.08861639179999, 18.048893711099996], [75.08861639179999, 18.0486159331], [75.0888941698, 18.0486159331], [75.0888941698, 18.048893711099996], [75.08861639179999, 18.048893711099996]]]}}, {"type": "Feature", "properties": {"time_min": 60, "depth_min_m": 1.0, "depth_max_m": 3.0, "depth_class": "1.0\u20133.0 m", "class_area_km2": 1.741826755578396, "flooded_area_km2": 17.78648792691141, "frame_max_depth_m": 144.69788555673983, "class_mean_depth_m": 1.9740615143226756, "scenario_id": "major_breach", "model_type": "Automated approximate 2D flood-routing prototype", "validated_hydraulic_output": false}, "geometry": {"type": "Polygon", "coordinates": [[[75.0966719538, 18.0527826031], [75.0966719538, 18.052504825099998], [75.0969497318, 18.052504825099998], [75.0969497318, 18.052227047099997], [75.09722750979999, 18.052227047099997], [75.09722750979999, 18.0519492691], [75.09750528779999, 18.0519492691], [75.09750528779999, 18.0516714911], [75.0980608438, 18.0516714911], [75.0980608438, 18.051393713099998], [75.0983386218, 18.051393713099998], [75.0983386218, 18.051115935099997], [75.0986163998, 18.051115935099997], [75.0986163998, 18.0505603791], [75.0983386218, 18.0505603791], [75.0983386218, 18.050282601099997], [75.0977830658, 18.050282601099997], [75.0977830658, 18.0505603791], [75.09722750979999, 18.0505603791], [75.09722750979999, 18.0508381571], [75.0966719538, 18.0508381571], [75.0966719538, 18.0505603791], [75.0969497318, 18.0505603791], [75.0969497318, 18.050282601099997], [75.09722750979999, 18.050282601099997], [75.09722750979999, 18.050004823099997], [75.09750528779999, 18.050004823099997], [75.09750528779999, 18.0497270451], [75.0977830658, 18.0497270451], [75.0977830658, 18.049449267099998], [75.0983386218, 18.049449267099998], [75.0983386218, 18.049171489099997], [75.0986163998, 18.049171489099997], [75.0986163998, 18.048893711099996], [75.0983386218, 18.048893711099996], [75.0983386218, 18.0486159331], [75.09917195579999, 18.0486159331], [75.09917195579999, 18.049171489099997], [75.0994497338, 18.049171489099997], [75.0994497338, 18.050004823099997], [75.09917195579999, 18.050004823099997], [75.09917195579999, 18.0505603791], [75.09889417779999, 18.0505603791], [75.09889417779999, 18.051393713099998], [75.0986163998, 18.051393713099998], [75.0986163998, 18.0516714911], [75.0983386218, 18.0516714911], [75.0983386218, 18.0519492691], [75.0977830658, 18.0519492691], [75.0977830658, 18.052227047099997], [75.09750528779999, 18.052227047099997], [75.09750528779999, 18.052504825099998], [75.09722750979999, 18.052504825099998], [75.09722750979999, 18.0527826031], [75.0966719538, 18.0527826031]]]}}, {"type": "Feature", "properties": {"time_min": 60, "depth_min_m": 1.0, "depth_max_m": 3.0, "depth_class": "1.0\u20133.0 m", "class_area_km2": 1.741826755578396, "flooded_area_km2": 17.78648792691141, "frame_max_depth_m": 144.69788555673983, "class_mean_depth_m": 1.9740615143226756, "scenario_id": "major_breach", "model_type": "Automated approximate 2D flood-routing prototype", "validated_hydraulic_output": false}, "geometry": {"type": "Polygon", "coordinates": [[[75.08833861379999, 18.0486159331], [75.08833861379999, 18.048338155099998], [75.08861639179999, 18.048338155099998], [75.08861639179999, 18.0486159331], [75.08833861379999, 18.0486159331]]]}}, {"type": "Feature", "properties": {"time_min": 60, "depth_min_m": 1.0, "depth_max_m": 3.0, "depth_class": "1.0\u20133.0 m", "class_area_km2": 1.741826755578396, "flooded_area_km2": 17.78648792691141, "frame_max_depth_m": 144.69788555673983, "class_mean_depth_m": 1.9740615143226756, "scenario_id": "major_breach", "model_type": "Automated approximate 2D flood-routing prototype", "validated_hydraulic_output": false}, "geometry": {"type": "Polygon", "coordinates": [[[75.0880608358, 18.048338155099998], [75.0880608358, 18.046949265099997], [75.08833861379999, 18.046949265099997], [75.08833861379999, 18.048338155099998], [75.0880608358, 18.048338155099998]]]}}, {"type": "Feature", "properties": {"time_min": 60, "depth_min_m": 1.0, "depth_max_m": 3.0, "depth_class": "1.0\u20133.0 m", "class_area_km2": 1.741826755578396, "flooded_area_km2": 17.78648792691141, "frame_max_depth_m": 144.69788555673983, "class_mean_depth_m": 1.9740615143226756, "scenario_id": "major_breach", "model_type": "Automated approximate 2D flood-routing prototype", "validated_hydraulic_output": false}, "geometry": {"type": "Polygon", "coordinates": [[[75.0877830578, 18.046949265099997], [75.0877830578, 18.0466714871], [75.0875052798, 18.0466714871], [75.0875052798, 18.0455603751], [75.0877830578, 18.0455603751], [75.0877830578, 18.046115931099997], [75.0880608358, 18.046115931099997], [75.0880608358, 18.046949265099997], [75.0877830578, 18.046949265099997]]]}}, {"type": "Feature", "properties": {"time_min": 60, "depth_min_m": 1.0, "depth_max_m": 3.0, "depth_class": "1.0\u20133.0 m", "class_area_km2": 1.741826755578396, "flooded_area_km2": 17.78648792691141, "frame_max_depth_m": 144.69788555673983, "class_mean_depth_m": 1.9740615143226756, "scenario_id": "major_breach", "model_type": "Automated approximate 2D flood-routing prototype", "validated_hydraulic_output": false}, "geometry": {"type": "Polygon", "coordinates": [[[75.0877830578, 18.0455603751], [75.0877830578, 18.045004819099997], [75.0880608358, 18.045004819099997], [75.0880608358, 18.0444492631], [75.08833861379999, 18.0444492631], [75.08833861379999, 18.044171485099998], [75.08861639179999, 18.044171485099998], [75.08861639179999, 18.044727041099996], [75.08833861379999, 18.044727041099996], [75.08833861379999, 18.045282597099998], [75.0880608358, 18.045282597099998], [75.0880608358, 18.0455603751], [75.0877830578, 18.0455603751]]]}}, {"type": "Feature", "properties": {"time_min": 60, "depth_min_m": 1.0, "depth_max_m": 3.0, "depth_class": "1.0\u20133.0 m", "class_area_km2": 1.741826755578396, "flooded_area_km2": 17.78648792691141, "frame_max_depth_m": 144.69788555673983, "class_mean_depth_m": 1.9740615143226756, "scenario_id": "major_breach", "model_type": "Automated approximate 2D flood-routing prototype", "validated_hydraulic_output": false}, "geometry": {"type": "Polygon", "coordinates": [[[75.0872275018, 18.044171485099998], [75.0872275018, 18.043893707099997], [75.0880608358, 18.043893707099997], [75.0880608358, 18.044171485099998], [75.0872275018, 18.044171485099998]]]}}, {"type": "Feature", "properties": {"time_min": 60, "depth_min_m": 1.0, "depth_max_m": 3.0, "depth_class": "1.0\u20133.0 m", "class_area_km2": 1.741826755578396, "flooded_area_km2": 17.78648792691141, "frame_max_depth_m": 144.69788555673983, "class_mean_depth_m": 1.9740615143226756, "scenario_id": "major_breach", "model_type": "Automated approximate 2D flood-routing prototype", "validated_hydraulic_output": false}, "geometry": {"type": "Polygon", "coordinates": [[[75.08694972379999, 18.043893707099997], [75.08694972379999, 18.0436159291], [75.0872275018, 18.0436159291], [75.0872275018, 18.043893707099997], [75.08694972379999, 18.043893707099997]]]}}, {"type": "Feature", "properties": {"time_min": 60, "depth_min_m": 1.0, "depth_max_m": 3.0, "depth_class": "1.0\u20133.0 m", "class_area_km2": 1.741826755578396, "flooded_area_km2": 17.78648792691141, "frame_max_depth_m": 144.69788555673983, "class_mean_depth_m": 1.9740615143226756, "scenario_id": "major_breach", "model_type": "Automated approximate 2D flood-routing prototype", "validated_hydraulic_output": false}, "geometry": {"type": "Polygon", "coordinates": [[[75.0880608358, 18.043893707099997], [75.0880608358, 18.0436159291], [75.08861639179999, 18.0436159291], [75.08861639179999, 18.043893707099997], [75.0880608358, 18.043893707099997]]]}}, {"type": "Feature", "properties": {"time_min": 60, "depth_min_m": 1.0, "depth_max_m": 3.0, "depth_class": "1.0\u20133.0 m", "class_area_km2": 1.741826755578396, "flooded_area_km2": 17.78648792691141, "frame_max_depth_m": 144.69788555673983, "class_mean_depth_m": 1.9740615143226756, "scenario_id": "major_breach", "model_type": "Automated approximate 2D flood-routing prototype", "validated_hydraulic_output": false}, "geometry": {"type": "Polygon", "coordinates": [[[75.0858386118, 18.0436159291], [75.0858386118, 18.0433381511], [75.08528305579999, 18.0433381511], [75.08528305579999, 18.043060373099998], [75.0863941678, 18.043060373099998], [75.0863941678, 18.0433381511], [75.08667194579999, 18.0433381511], [75.08667194579999, 18.0436159291], [75.0858386118, 18.0436159291]]]}}, {"type": "Feature", "properties": {"time_min": 60, "depth_min_m": 1.0, "depth_max_m": 3.0, "depth_class": "1.0\u20133.0 m", "class_area_km2": 1.741826755578396, "flooded_area_km2": 17.78648792691141, "frame_max_depth_m": 144.69788555673983, "class_mean_depth_m": 1.9740615143226756, "scenario_id": "major_breach", "model_type": "Automated approximate 2D flood-routing prototype", "validated_hydraulic_output": false}, "geometry": {"type": "Polygon", "coordinates": [[[75.07917193979999, 18.054171493099997], [75.07917193979999, 18.052504825099998], [75.07944971779999, 18.052504825099998], [75.07944971779999, 18.052227047099997], [75.0802830518, 18.052227047099997], [75.0802830518, 18.0519492691], [75.08083860779999, 18.0519492691], [75.08083860779999, 18.050004823099997], [75.08056082979999, 18.050004823099997], [75.08056082979999, 18.048893711099996], [75.0802830518, 18.048893711099996], [75.0802830518, 18.048338155099998], [75.0800052738, 18.048338155099998], [75.0800052738, 18.0477825991], [75.0797274958, 18.0477825991], [75.0797274958, 18.047227043099998], [75.07917193979999, 18.047227043099998], [75.07917193979999, 18.046949265099997], [75.0788941618, 18.046949265099997], [75.0788941618, 18.047227043099998], [75.07806082779999, 18.047227043099998], [75.07806082779999, 18.0466714871], [75.07778304979999, 18.0466714871], [75.07778304979999, 18.0463937091], [75.07750527179999, 18.0463937091], [75.07750527179999, 18.045004819099997], [75.07778304979999, 18.045004819099997], [75.07778304979999, 18.0444492631], [75.07750527179999, 18.0444492631], [75.07750527179999, 18.044171485099998], [75.0772274938, 18.044171485099998], [75.0772274938, 18.043893707099997], [75.0769497158, 18.043893707099997], [75.0769497158, 18.0436159291], [75.0766719378, 18.0436159291], [75.0766719378, 18.0433381511], [75.07639415979999, 18.0433381511], [75.07639415979999, 18.043060373099998], [75.07611638179999, 18.043060373099998], [75.07611638179999, 18.042782595099997], [75.0758386038, 18.042782595099997], [75.0758386038, 18.0425048171], [75.07500526979999, 18.0425048171], [75.07500526979999, 18.041949261099997], [75.0755608258, 18.041949261099997], [75.0755608258, 18.0422270391], [75.07611638179999, 18.0422270391], [75.07611638179999, 18.0425048171], [75.07639415979999, 18.0425048171], [75.07639415979999, 18.042782595099997], [75.0766719378, 18.042782595099997], [75.0766719378, 18.043060373099998], [75.0772274938, 18.043060373099998], [75.0772274938, 18.0433381511], [75.07750527179999, 18.0433381511], [75.07750527179999, 18.0436159291], [75.07778304979999, 18.0436159291], [75.07778304979999, 18.043893707099997], [75.07806082779999, 18.043893707099997], [75.07806082779999, 18.045282597099998], [75.0783386058, 18.045282597099998], [75.0783386058, 18.0455603751], [75.07806082779999, 18.0455603751], [75.07806082779999, 18.045838153099997], [75.0786163838, 18.045838153099997], [75.0786163838, 18.0463937091], [75.07917193979999, 18.0463937091], [75.07917193979999, 18.0466714871], [75.07944971779999, 18.0466714871], [75.07944971779999, 18.0463937091], [75.0797274958, 18.0463937091], [75.0797274958, 18.0466714871], [75.0800052738, 18.0466714871], [75.0800052738, 18.047227043099998], [75.0802830518, 18.047227043099998], [75.0802830518, 18.0477825991], [75.08056082979999, 18.0477825991], [75.08056082979999, 18.0486159331], [75.08083860779999, 18.0486159331], [75.08083860779999, 18.049449267099998], [75.0811163858, 18.049449267099998], [75.0811163858, 18.050004823099997], [75.0813941638, 18.050004823099997], [75.0813941638, 18.051115935099997], [75.0816719418, 18.051115935099997], [75.0816719418, 18.052504825099998], [75.0800052738, 18.052504825099998], [75.0800052738, 18.0527826031], [75.07944971779999, 18.0527826031], [75.07944971779999, 18.053338159099997], [75.0800052738, 18.053338159099997], [75.0800052738, 18.0536159371], [75.0827830538, 18.0536159371], [75.0827830538, 18.0538937151], [75.08250527579999, 18.0538937151], [75.08250527579999, 18.054171493099997], [75.08222749779999, 18.054171493099997], [75.08222749779999, 18.0538937151], [75.0797274958, 18.0538937151], [75.0797274958, 18.054171493099997], [75.07917193979999, 18.054171493099997]]]}}, {"type": "Feature", "properties": {"time_min": 60, "depth_min_m": 1.0, "depth_max_m": 3.0, "depth_class": "1.0\u20133.0 m", "class_area_km2": 1.741826755578396, "flooded_area_km2": 17.78648792691141, "frame_max_depth_m": 144.69788555673983, "class_mean_depth_m": 1.9740615143226756, "scenario_id": "major_breach", "model_type": "Automated approximate 2D flood-routing prototype", "validated_hydraulic_output": false}, "geometry": {"type": "Polygon", "coordinates": [[[75.0850052778, 18.043060373099998], [75.0850052778, 18.042782595099997], [75.0847274998, 18.042782595099997], [75.0847274998, 18.041115927099998], [75.0850052778, 18.041115927099998], [75.0850052778, 18.040560371099996], [75.08528305579999, 18.040560371099996], [75.08528305579999, 18.0413937051], [75.0850052778, 18.0413937051], [75.0850052778, 18.0425048171], [75.08528305579999, 18.0425048171], [75.08528305579999, 18.043060373099998], [75.0850052778, 18.043060373099998]]]}}, {"type": "Feature", "properties": {"time_min": 60, "depth_min_m": 1.0, "depth_max_m": 3.0, "depth_class": "1.0\u20133.0 m", "class_area_km2": 1.741826755578396, "flooded_area_km2": 17.78648792691141, "frame_max_depth_m": 144.69788555673983, "class_mean_depth_m": 1.9740615143226756, "scenario_id": "major_breach", "model_type": "Automated approximate 2D flood-routing prototype", "validated_hydraulic_output": false}, "geometry": {"type": "Polygon", "coordinates": [[[75.08528305579999, 18.040560371099996], [75.08528305579999, 18.040004815099998], [75.08556083379999, 18.040004815099998], [75.08556083379999, 18.040560371099996], [75.08528305579999, 18.040560371099996]]]}}, {"type": "Feature", "properties": {"time_min": 60, "depth_min_m": 1.0, "depth_max_m": 3.0, "depth_class": "1.0\u20133.0 m", "class_area_km2": 1.741826755578396, "flooded_area_km2": 17.78648792691141, "frame_max_depth_m": 144.69788555673983, "class_mean_depth_m": 1.9740615143226756, "scenario_id": "major_breach", "model_type": "Automated approximate 2D flood-routing prototype", "validated_hydraulic_output": false}, "geometry": {"type": "Polygon", "coordinates": [[[75.08556083379999, 18.039727037099997], [75.08556083379999, 18.0391714811], [75.0858386118, 18.0391714811], [75.0858386118, 18.039727037099997], [75.08556083379999, 18.039727037099997]]]}}, {"type": "Feature", "properties": {"time_min": 60, "depth_min_m": 1.0, "depth_max_m": 3.0, "depth_class": "1.0\u20133.0 m", "class_area_km2": 1.741826755578396, "flooded_area_km2": 17.78648792691141, "frame_max_depth_m": 144.69788555673983, "class_mean_depth_m": 1.9740615143226756, "scenario_id": "major_breach", "model_type": "Automated approximate 2D flood-routing prototype", "validated_hydraulic_output": false}, "geometry": {"type": "Polygon", "coordinates": [[[75.0861163898, 18.038615925099997], [75.0861163898, 18.0383381471], [75.0863941678, 18.0383381471], [75.0863941678, 18.038615925099997], [75.0861163898, 18.038615925099997]]]}}, {"type": "Feature", "properties": {"time_min": 60, "depth_min_m": 1.0, "depth_max_m": 3.0, "depth_class": "1.0\u20133.0 m", "class_area_km2": 1.741826755578396, "flooded_area_km2": 17.78648792691141, "frame_max_depth_m": 144.69788555673983, "class_mean_depth_m": 1.9740615143226756, "scenario_id": "major_breach", "model_type": "Automated approximate 2D flood-routing prototype", "validated_hydraulic_output": false}, "geometry": {"type": "Polygon", "coordinates": [[[75.08222749779999, 18.0383381471], [75.08222749779999, 18.0380603691], [75.0816719418, 18.0380603691], [75.0816719418, 18.037782591099997], [75.0833386098, 18.037782591099997], [75.0833386098, 18.0380603691], [75.0827830538, 18.0380603691], [75.0827830538, 18.0383381471], [75.08222749779999, 18.0383381471]]]}}, {"type": "Feature", "properties": {"time_min": 60, "depth_min_m": 1.0, "depth_max_m": 3.0, "depth_class": "1.0\u20133.0 m", "class_area_km2": 1.741826755578396, "flooded_area_km2": 17.78648792691141, "frame_max_depth_m": 144.69788555673983, "class_mean_depth_m": 1.9740615143226756, "scenario_id": "major_breach", "model_type": "Automated approximate 2D flood-routing prototype", "validated_hydraulic_output": false}, "geometry": {"type": "Polygon", "coordinates": [[[75.0863941678, 18.0380603691], [75.0863941678, 18.037782591099997], [75.08667194579999, 18.037782591099997], [75.08667194579999, 18.0380603691], [75.0863941678, 18.0380603691]]]}}, {"type": "Feature", "properties": {"time_min": 60, "depth_min_m": 1.0, "depth_max_m": 3.0, "depth_class": "1.0\u20133.0 m", "class_area_km2": 1.741826755578396, "flooded_area_km2": 17.78648792691141, "frame_max_depth_m": 144.69788555673983, "class_mean_depth_m": 1.9740615143226756, "scenario_id": "major_breach", "model_type": "Automated approximate 2D flood-routing prototype", "validated_hydraulic_output": false}, "geometry": {"type": "Polygon", "coordinates": [[[75.0813941638, 18.037782591099997], [75.0813941638, 18.037504813099996], [75.0816719418, 18.037504813099996], [75.0816719418, 18.037782591099997], [75.0813941638, 18.037782591099997]]]}}, {"type": "Feature", "properties": {"time_min": 60, "depth_min_m": 1.0, "depth_max_m": 3.0, "depth_class": "1.0\u20133.0 m", "class_area_km2": 1.741826755578396, "flooded_area_km2": 17.78648792691141, "frame_max_depth_m": 144.69788555673983, "class_mean_depth_m": 1.9740615143226756, "scenario_id": "major_breach", "model_type": "Automated approximate 2D flood-routing prototype", "validated_hydraulic_output": false}, "geometry": {"type": "Polygon", "coordinates": [[[75.08667194579999, 18.037782591099997], [75.08667194579999, 18.037504813099996], [75.08694972379999, 18.037504813099996], [75.08694972379999, 18.037782591099997], [75.08667194579999, 18.037782591099997]]]}}, {"type": "Feature", "properties": {"time_min": 60, "depth_min_m": 1.0, "depth_max_m": 3.0, "depth_class": "1.0\u20133.0 m", "class_area_km2": 1.741826755578396, "flooded_area_km2": 17.78648792691141, "frame_max_depth_m": 144.69788555673983, "class_mean_depth_m": 1.9740615143226756, "scenario_id": "major_breach", "model_type": "Automated approximate 2D flood-routing prototype", "validated_hydraulic_output": false}, "geometry": {"type": "Polygon", "coordinates": [[[75.0811163858, 18.037504813099996], [75.0811163858, 18.0372270351], [75.0813941638, 18.0372270351], [75.0813941638, 18.037504813099996], [75.0811163858, 18.037504813099996]]]}}, {"type": "Feature", "properties": {"time_min": 60, "depth_min_m": 1.0, "depth_max_m": 3.0, "depth_class": "1.0\u20133.0 m", "class_area_km2": 1.741826755578396, "flooded_area_km2": 17.78648792691141, "frame_max_depth_m": 144.69788555673983, "class_mean_depth_m": 1.9740615143226756, "scenario_id": "major_breach", "model_type": "Automated approximate 2D flood-routing prototype", "validated_hydraulic_output": false}, "geometry": {"type": "Polygon", "coordinates": [[[75.08694972379999, 18.037504813099996], [75.08694972379999, 18.0372270351], [75.0872275018, 18.0372270351], [75.0872275018, 18.036949257099998], [75.0875052798, 18.036949257099998], [75.0875052798, 18.037504813099996], [75.08694972379999, 18.037504813099996]]]}}, {"type": "Feature", "properties": {"time_min": 60, "depth_min_m": 1.0, "depth_max_m": 3.0, "depth_class": "1.0\u20133.0 m", "class_area_km2": 1.741826755578396, "flooded_area_km2": 17.78648792691141, "frame_max_depth_m": 144.69788555673983, "class_mean_depth_m": 1.9740615143226756, "scenario_id": "major_breach", "model_type": "Automated approximate 2D flood-routing prototype", "validated_hydraulic_output": false}, "geometry": {"type": "Polygon", "coordinates": [[[75.0833386098, 18.037782591099997], [75.0833386098, 18.037504813099996], [75.08361638779999, 18.037504813099996], [75.08361638779999, 18.0372270351], [75.0841719438, 18.0372270351], [75.0841719438, 18.036949257099998], [75.0844497218, 18.036949257099998], [75.0844497218, 18.036671479099997], [75.0847274998, 18.036671479099997], [75.0847274998, 18.036393701099996], [75.0850052778, 18.036393701099996], [75.0850052778, 18.0361159231], [75.0861163898, 18.0361159231], [75.0861163898, 18.036393701099996], [75.0858386118, 18.036393701099996], [75.0858386118, 18.036671479099997], [75.0850052778, 18.036671479099997], [75.0850052778, 18.036949257099998], [75.0847274998, 18.036949257099998], [75.0847274998, 18.0372270351], [75.0844497218, 18.0372270351], [75.0844497218, 18.037504813099996], [75.08389416579999, 18.037504813099996], [75.08389416579999, 18.037782591099997], [75.0833386098, 18.037782591099997]]]}}, {"type": "Feature", "properties": {"time_min": 60, "depth_min_m": 1.0, "depth_max_m": 3.0, "depth_class": "1.0\u20133.0 m", "class_area_km2": 1.741826755578396, "flooded_area_km2": 17.78648792691141, "frame_max_depth_m": 144.69788555673983, "class_mean_depth_m": 1.9740615143226756, "scenario_id": "major_breach", "model_type": "Automated approximate 2D flood-routing prototype", "validated_hydraulic_output": false}, "geometry": {"type": "Polygon", "coordinates": [[[75.08083860779999, 18.0372270351], [75.08083860779999, 18.036949257099998], [75.08056082979999, 18.036949257099998], [75.08056082979999, 18.036671479099997], [75.0802830518, 18.036671479099997], [75.0802830518, 18.036393701099996], [75.0800052738, 18.036393701099996], [75.0800052738, 18.0361159231], [75.0797274958, 18.0361159231], [75.0797274958, 18.035838145099998], [75.07944971779999, 18.035838145099998], [75.07944971779999, 18.0350048111], [75.0797274958, 18.0350048111], [75.0797274958, 18.035560367099997], [75.0800052738, 18.035560367099997], [75.0800052738, 18.035838145099998], [75.0802830518, 18.035838145099998], [75.0802830518, 18.0361159231], [75.08056082979999, 18.0361159231], [75.08056082979999, 18.036393701099996], [75.08083860779999, 18.036393701099996], [75.08083860779999, 18.036671479099997], [75.0811163858, 18.036671479099997], [75.0811163858, 18.0372270351], [75.08083860779999, 18.0372270351]]]}}, {"type": "Feature", "properties": {"time_min": 60, "depth_min_m": 1.0, "depth_max_m": 3.0, "depth_class": "1.0\u20133.0 m", "class_area_km2": 1.741826755578396, "flooded_area_km2": 17.78648792691141, "frame_max_depth_m": 144.69788555673983, "class_mean_depth_m": 1.9740615143226756, "scenario_id": "major_breach", "model_type": "Automated approximate 2D flood-routing prototype", "validated_hydraulic_output": false}, "geometry": {"type": "Polygon", "coordinates": [[[75.07917193979999, 18.0350048111], [75.07917193979999, 18.034727033099998], [75.07944971779999, 18.034727033099998], [75.07944971779999, 18.0350048111], [75.07917193979999, 18.0350048111]]]}}, {"type": "Feature", "properties": {"time_min": 60, "depth_min_m": 3.0, "depth_max_m": 6.0, "depth_class": "3.0\u20136.0 m", "class_area_km2": 2.438557457809754, "flooded_area_km2": 17.78648792691141, "frame_max_depth_m": 144.69788555673983, "class_mean_depth_m": 4.439149085748216, "scenario_id": "major_breach", "model_type": "Automated approximate 2D flood-routing prototype", "validated_hydraulic_output": false}, "geometry": {"type": "Polygon", "coordinates": [[[75.1177830818, 18.1138937631], [75.1177830818, 18.113615985099997], [75.1180608598, 18.113615985099997], [75.1180608598, 18.1138937631], [75.1177830818, 18.1138937631]]]}}, {"type": "Feature", "properties": {"time_min": 60, "depth_min_m": 3.0, "depth_max_m": 6.0, "depth_class": "3.0\u20136.0 m", "class_area_km2": 2.438557457809754, "flooded_area_km2": 17.78648792691141, "frame_max_depth_m": 144.69788555673983, "class_mean_depth_m": 4.439149085748216, "scenario_id": "major_breach", "model_type": "Automated approximate 2D flood-routing prototype", "validated_hydraulic_output": false}, "geometry": {"type": "Polygon", "coordinates": [[[75.1161164138, 18.113615985099997], [75.1161164138, 18.113338207099996], [75.1163941918, 18.113338207099996], [75.1163941918, 18.113615985099997], [75.1161164138, 18.113615985099997]]]}}, {"type": "Feature", "properties": {"time_min": 60, "depth_min_m": 3.0, "depth_max_m": 6.0, "depth_class": "3.0\u20136.0 m", "class_area_km2": 2.438557457809754, "flooded_area_km2": 17.78648792691141, "frame_max_depth_m": 144.69788555673983, "class_mean_depth_m": 4.439149085748216, "scenario_id": "major_breach", "model_type": "Automated approximate 2D flood-routing prototype", "validated_hydraulic_output": false}, "geometry": {"type": "Polygon", "coordinates": [[[75.11583863579999, 18.113338207099996], [75.11583863579999, 18.112782651099998], [75.1161164138, 18.112782651099998], [75.1161164138, 18.113338207099996], [75.11583863579999, 18.113338207099996]]]}}, {"type": "Feature", "properties": {"time_min": 60, "depth_min_m": 3.0, "depth_max_m": 6.0, "depth_class": "3.0\u20136.0 m", "class_area_km2": 2.438557457809754, "flooded_area_km2": 17.78648792691141, "frame_max_depth_m": 144.69788555673983, "class_mean_depth_m": 4.439149085748216, "scenario_id": "major_breach", "model_type": "Automated approximate 2D flood-routing prototype", "validated_hydraulic_output": false}, "geometry": {"type": "Polygon", "coordinates": [[[75.11556085779999, 18.112782651099998], [75.11556085779999, 18.112504873099997], [75.11583863579999, 18.112504873099997], [75.11583863579999, 18.112782651099998], [75.11556085779999, 18.112782651099998]]]}}, {"type": "Feature", "properties": {"time_min": 60, "depth_min_m": 3.0, "depth_max_m": 6.0, "depth_class": "3.0\u20136.0 m", "class_area_km2": 2.438557457809754, "flooded_area_km2": 17.78648792691141, "frame_max_depth_m": 144.69788555673983, "class_mean_depth_m": 4.439149085748216, "scenario_id": "major_breach", "model_type": "Automated approximate 2D flood-routing prototype", "validated_hydraulic_output": false}, "geometry": {"type": "Polygon", "coordinates": [[[75.1136164118, 18.1119493171], [75.1136164118, 18.111671539099998], [75.11389418979999, 18.111671539099998], [75.11389418979999, 18.1119493171], [75.1136164118, 18.1119493171]]]}}, {"type": "Feature", "properties": {"time_min": 60, "depth_min_m": 3.0, "depth_max_m": 6.0, "depth_class": "3.0\u20136.0 m", "class_area_km2": 2.438557457809754, "flooded_area_km2": 17.78648792691141, "frame_max_depth_m": 144.69788555673983, "class_mean_depth_m": 4.439149085748216, "scenario_id": "major_breach", "model_type": "Automated approximate 2D flood-routing prototype", "validated_hydraulic_output": false}, "geometry": {"type": "Polygon", "coordinates": [[[75.1152830798, 18.1119493171], [75.1152830798, 18.111671539099998], [75.11556085779999, 18.111671539099998], [75.11556085779999, 18.1119493171], [75.1152830798, 18.1119493171]]]}}, {"type": "Feature", "properties": {"time_min": 60, "depth_min_m": 3.0, "depth_max_m": 6.0, "depth_class": "3.0\u20136.0 m", "class_area_km2": 2.438557457809754, "flooded_area_km2": 17.78648792691141, "frame_max_depth_m": 144.69788555673983, "class_mean_depth_m": 4.439149085748216, "scenario_id": "major_breach", "model_type": "Automated approximate 2D flood-routing prototype", "validated_hydraulic_output": false}, "geometry": {"type": "Polygon", "coordinates": [[[75.1391719878, 18.104171533099997], [75.1391719878, 18.1038937551], [75.1394497658, 18.1038937551], [75.1394497658, 18.104171533099997], [75.1391719878, 18.104171533099997]]]}}, {"type": "Feature", "properties": {"time_min": 60, "depth_min_m": 3.0, "depth_max_m": 6.0, "depth_class": "3.0\u20136.0 m", "class_area_km2": 2.438557457809754, "flooded_area_km2": 17.78648792691141, "frame_max_depth_m": 144.69788555673983, "class_mean_depth_m": 4.439149085748216, "scenario_id": "major_breach", "model_type": "Automated approximate 2D flood-routing prototype", "validated_hydraulic_output": false}, "geometry": {"type": "Polygon", "coordinates": [[[75.1402830998, 18.1038937551], [75.1402830998, 18.1036159771], [75.1405608778, 18.1036159771], [75.1405608778, 18.1038937551], [75.1402830998, 18.1038937551]]]}}, {"type": "Feature", "properties": {"time_min": 60, "depth_min_m": 3.0, "depth_max_m": 6.0, "depth_class": "3.0\u20136.0 m", "class_area_km2": 2.438557457809754, "flooded_area_km2": 17.78648792691141, "frame_max_depth_m": 144.69788555673983, "class_mean_depth_m": 4.439149085748216, "scenario_id": "major_breach", "model_type": "Automated approximate 2D flood-routing prototype", "validated_hydraulic_output": false}, "geometry": {"type": "Polygon", "coordinates": [[[75.1350053178, 18.1036159771], [75.1350053178, 18.103338199099998], [75.13528309579999, 18.103338199099998], [75.13528309579999, 18.1036159771], [75.1350053178, 18.1036159771]]]}}, {"type": "Feature", "properties": {"time_min": 60, "depth_min_m": 3.0, "depth_max_m": 6.0, "depth_class": "3.0\u20136.0 m", "class_area_km2": 2.438557457809754, "flooded_area_km2": 17.78648792691141, "frame_max_depth_m": 144.69788555673983, "class_mean_depth_m": 4.439149085748216, "scenario_id": "major_breach", "model_type": "Automated approximate 2D flood-routing prototype", "validated_hydraulic_output": false}, "geometry": {"type": "Polygon", "coordinates": [[[75.1344497618, 18.103338199099998], [75.1344497618, 18.103060421099997], [75.1347275398, 18.103060421099997], [75.1347275398, 18.103338199099998], [75.1344497618, 18.103338199099998]]]}}, {"type": "Feature", "properties": {"time_min": 60, "depth_min_m": 3.0, "depth_max_m": 6.0, "depth_class": "3.0\u20136.0 m", "class_area_km2": 2.438557457809754, "flooded_area_km2": 17.78648792691141, "frame_max_depth_m": 144.69788555673983, "class_mean_depth_m": 4.439149085748216, "scenario_id": "major_breach", "model_type": "Automated approximate 2D flood-routing prototype", "validated_hydraulic_output": false}, "geometry": {"type": "Polygon", "coordinates": [[[75.1358386518, 18.103338199099998], [75.1358386518, 18.103060421099997], [75.1372275418, 18.103060421099997], [75.1372275418, 18.103338199099998], [75.1358386518, 18.103338199099998]]]}}, {"type": "Feature", "properties": {"time_min": 60, "depth_min_m": 3.0, "depth_max_m": 6.0, "depth_class": "3.0\u20136.0 m", "class_area_km2": 2.438557457809754, "flooded_area_km2": 17.78648792691141, "frame_max_depth_m": 144.69788555673983, "class_mean_depth_m": 4.439149085748216, "scenario_id": "major_breach", "model_type": "Automated approximate 2D flood-routing prototype", "validated_hydraulic_output": false}, "geometry": {"type": "Polygon", "coordinates": [[[75.1375053198, 18.103338199099998], [75.1375053198, 18.103060421099997], [75.1377830978, 18.103060421099997], [75.1377830978, 18.103338199099998], [75.1375053198, 18.103338199099998]]]}}, {"type": "Feature", "properties": {"time_min": 60, "depth_min_m": 3.0, "depth_max_m": 6.0, "depth_class": "3.0\u20136.0 m", "class_area_km2": 2.438557457809754, "flooded_area_km2": 17.78648792691141, "frame_max_depth_m": 144.69788555673983, "class_mean_depth_m": 4.439149085748216, "scenario_id": "major_breach", "model_type": "Automated approximate 2D flood-routing prototype", "validated_hydraulic_output": false}, "geometry": {"type": "Polygon", "coordinates": [[[75.1350053178, 18.103060421099997], [75.1350053178, 18.1027826431], [75.13556087379999, 18.1027826431], [75.13556087379999, 18.103060421099997], [75.1350053178, 18.103060421099997]]]}}, {"type": "Feature", "properties": {"time_min": 60, "depth_min_m": 3.0, "depth_max_m": 6.0, "depth_class": "3.0\u20136.0 m", "class_area_km2": 2.438557457809754, "flooded_area_km2": 17.78648792691141, "frame_max_depth_m": 144.69788555673983, "class_mean_depth_m": 4.439149085748216, "scenario_id": "major_breach", "model_type": "Automated approximate 2D flood-routing prototype", "validated_hydraulic_output": false}, "geometry": {"type": "Polygon", "coordinates": [[[75.1372275418, 18.103060421099997], [75.1372275418, 18.1027826431], [75.1375053198, 18.1027826431], [75.1375053198, 18.103060421099997], [75.1372275418, 18.103060421099997]]]}}, {"type": "Feature", "properties": {"time_min": 60, "depth_min_m": 3.0, "depth_max_m": 6.0, "depth_class": "3.0\u20136.0 m", "class_area_km2": 2.438557457809754, "flooded_area_km2": 17.78648792691141, "frame_max_depth_m": 144.69788555673983, "class_mean_depth_m": 4.439149085748216, "scenario_id": "major_breach", "model_type": "Automated approximate 2D flood-routing prototype", "validated_hydraulic_output": false}, "geometry": {"type": "Polygon", "coordinates": [[[75.1375053198, 18.1027826431], [75.1375053198, 18.1025048651], [75.1377830978, 18.1025048651], [75.1377830978, 18.1027826431], [75.1375053198, 18.1027826431]]]}}, {"type": "Feature", "properties": {"time_min": 60, "depth_min_m": 3.0, "depth_max_m": 6.0, "depth_class": "3.0\u20136.0 m", "class_area_km2": 2.438557457809754, "flooded_area_km2": 17.78648792691141, "frame_max_depth_m": 144.69788555673983, "class_mean_depth_m": 4.439149085748216, "scenario_id": "major_breach", "model_type": "Automated approximate 2D flood-routing prototype", "validated_hydraulic_output": false}, "geometry": {"type": "Polygon", "coordinates": [[[75.1380608758, 18.1027826431], [75.1380608758, 18.1025048651], [75.1388942098, 18.1025048651], [75.1388942098, 18.1027826431], [75.1380608758, 18.1027826431]]]}}, {"type": "Feature", "properties": {"time_min": 60, "depth_min_m": 3.0, "depth_max_m": 6.0, "depth_class": "3.0\u20136.0 m", "class_area_km2": 2.438557457809754, "flooded_area_km2": 17.78648792691141, "frame_max_depth_m": 144.69788555673983, "class_mean_depth_m": 4.439149085748216, "scenario_id": "major_breach", "model_type": "Automated approximate 2D flood-routing prototype", "validated_hydraulic_output": false}, "geometry": {"type": "Polygon", "coordinates": [[[75.13361642779999, 18.1027826431], [75.13361642779999, 18.102227087099998], [75.13389420579999, 18.102227087099998], [75.13389420579999, 18.1025048651], [75.13417198379999, 18.1025048651], [75.13417198379999, 18.1027826431], [75.13361642779999, 18.1027826431]]]}}, {"type": "Feature", "properties": {"time_min": 60, "depth_min_m": 3.0, "depth_max_m": 6.0, "depth_class": "3.0\u20136.0 m", "class_area_km2": 2.438557457809754, "flooded_area_km2": 17.78648792691141, "frame_max_depth_m": 144.69788555673983, "class_mean_depth_m": 4.439149085748216, "scenario_id": "major_breach", "model_type": "Automated approximate 2D flood-routing prototype", "validated_hydraulic_output": false}, "geometry": {"type": "Polygon", "coordinates": [[[75.1411164338, 18.1027826431], [75.1411164338, 18.102227087099998], [75.14139421179999, 18.102227087099998], [75.14139421179999, 18.1027826431], [75.1411164338, 18.1027826431]]]}}, {"type": "Feature", "properties": {"time_min": 60, "depth_min_m": 3.0, "depth_max_m": 6.0, "depth_class": "3.0\u20136.0 m", "class_area_km2": 2.438557457809754, "flooded_area_km2": 17.78648792691141, "frame_max_depth_m": 144.69788555673983, "class_mean_depth_m": 4.439149085748216, "scenario_id": "major_breach", "model_type": "Automated approximate 2D flood-routing prototype", "validated_hydraulic_output": false}, "geometry": {"type": "Polygon", "coordinates": [[[75.1330608718, 18.1025048651], [75.1330608718, 18.102227087099998], [75.1333386498, 18.102227087099998], [75.1333386498, 18.1025048651], [75.1330608718, 18.1025048651]]]}}, {"type": "Feature", "properties": {"time_min": 60, "depth_min_m": 3.0, "depth_max_m": 6.0, "depth_class": "3.0\u20136.0 m", "class_area_km2": 2.438557457809754, "flooded_area_km2": 17.78648792691141, "frame_max_depth_m": 144.69788555673983, "class_mean_depth_m": 4.439149085748216, "scenario_id": "major_breach", "model_type": "Automated approximate 2D flood-routing prototype", "validated_hydraulic_output": false}, "geometry": {"type": "Polygon", "coordinates": [[[75.13250531579999, 18.102227087099998], [75.13250531579999, 18.101949309099997], [75.1330608718, 18.101949309099997], [75.1330608718, 18.102227087099998], [75.13250531579999, 18.102227087099998]]]}}, {"type": "Feature", "properties": {"time_min": 60, "depth_min_m": 3.0, "depth_max_m": 6.0, "depth_class": "3.0\u20136.0 m", "class_area_km2": 2.438557457809754, "flooded_area_km2": 17.78648792691141, "frame_max_depth_m": 144.69788555673983, "class_mean_depth_m": 4.439149085748216, "scenario_id": "major_breach", "model_type": "Automated approximate 2D flood-routing prototype", "validated_hydraulic_output": false}, "geometry": {"type": "Polygon", "coordinates": [[[75.1394497658, 18.1027826431], [75.1394497658, 18.1025048651], [75.13972754379999, 18.1025048651], [75.13972754379999, 18.1016715311], [75.14000532179999, 18.1016715311], [75.14000532179999, 18.1025048651], [75.1402830998, 18.1025048651], [75.1402830998, 18.1027826431], [75.1394497658, 18.1027826431]]]}}, {"type": "Feature", "properties": {"time_min": 60, "depth_min_m": 3.0, "depth_max_m": 6.0, "depth_class": "3.0\u20136.0 m", "class_area_km2": 2.438557457809754, "flooded_area_km2": 17.78648792691141, "frame_max_depth_m": 144.69788555673983, "class_mean_depth_m": 4.439149085748216, "scenario_id": "major_breach", "model_type": "Automated approximate 2D flood-routing prototype", "validated_hydraulic_output": false}, "geometry": {"type": "Polygon", "coordinates": [[[75.14167198979999, 18.1027826431], [75.14167198979999, 18.101949309099997], [75.1419497678, 18.101949309099997], [75.1419497678, 18.1016715311], [75.1425053238, 18.1016715311], [75.1425053238, 18.101949309099997], [75.1422275458, 18.101949309099997], [75.1422275458, 18.1025048651], [75.1419497678, 18.1025048651], [75.1419497678, 18.1027826431], [75.14167198979999, 18.1027826431]]]}}, {"type": "Feature", "properties": {"time_min": 60, "depth_min_m": 3.0, "depth_max_m": 6.0, "depth_class": "3.0\u20136.0 m", "class_area_km2": 2.438557457809754, "flooded_area_km2": 17.78648792691141, "frame_max_depth_m": 144.69788555673983, "class_mean_depth_m": 4.439149085748216, "scenario_id": "major_breach", "model_type": "Automated approximate 2D flood-routing prototype", "validated_hydraulic_output": false}, "geometry": {"type": "Polygon", "coordinates": [[[75.1327830938, 18.1016715311], [75.1327830938, 18.101393753099998], [75.1330608718, 18.101393753099998], [75.1330608718, 18.1016715311], [75.1327830938, 18.1016715311]]]}}, {"type": "Feature", "properties": {"time_min": 60, "depth_min_m": 3.0, "depth_max_m": 6.0, "depth_class": "3.0\u20136.0 m", "class_area_km2": 2.438557457809754, "flooded_area_km2": 17.78648792691141, "frame_max_depth_m": 144.69788555673983, "class_mean_depth_m": 4.439149085748216, "scenario_id": "major_breach", "model_type": "Automated approximate 2D flood-routing prototype", "validated_hydraulic_output": false}, "geometry": {"type": "Polygon", "coordinates": [[[75.14278310179999, 18.101115975099997], [75.14278310179999, 18.100838197099996], [75.14306087979999, 18.100838197099996], [75.14306087979999, 18.101115975099997], [75.14278310179999, 18.101115975099997]]]}}, {"type": "Feature", "properties": {"time_min": 60, "depth_min_m": 3.0, "depth_max_m": 6.0, "depth_class": "3.0\u20136.0 m", "class_area_km2": 2.438557457809754, "flooded_area_km2": 17.78648792691141, "frame_max_depth_m": 144.69788555673983, "class_mean_depth_m": 4.439149085748216, "scenario_id": "major_breach", "model_type": "Automated approximate 2D flood-routing prototype", "validated_hydraulic_output": false}, "geometry": {"type": "Polygon", "coordinates": [[[75.13083864779999, 18.100838197099996], [75.13083864779999, 18.1005604191], [75.13111642579999, 18.1005604191], [75.13111642579999, 18.100838197099996], [75.13083864779999, 18.100838197099996]]]}}, {"type": "Feature", "properties": {"time_min": 60, "depth_min_m": 3.0, "depth_max_m": 6.0, "depth_class": "3.0\u20136.0 m", "class_area_km2": 2.438557457809754, "flooded_area_km2": 17.78648792691141, "frame_max_depth_m": 144.69788555673983, "class_mean_depth_m": 4.439149085748216, "scenario_id": "major_breach", "model_type": "Automated approximate 2D flood-routing prototype", "validated_hydraulic_output": false}, "geometry": {"type": "Polygon", "coordinates": [[[75.1319497598, 18.1016715311], [75.1319497598, 18.1005604191], [75.13222753779999, 18.1005604191], [75.13222753779999, 18.100282641099998], [75.13250531579999, 18.100282641099998], [75.13250531579999, 18.100838197099996], [75.1327830938, 18.100838197099996], [75.1327830938, 18.101393753099998], [75.13250531579999, 18.101393753099998], [75.13250531579999, 18.1016715311], [75.1319497598, 18.1016715311]]]}}, {"type": "Feature", "properties": {"time_min": 60, "depth_min_m": 3.0, "depth_max_m": 6.0, "depth_class": "3.0\u20136.0 m", "class_area_km2": 2.438557457809754, "flooded_area_km2": 17.78648792691141, "frame_max_depth_m": 144.69788555673983, "class_mean_depth_m": 4.439149085748216, "scenario_id": "major_breach", "model_type": "Automated approximate 2D flood-routing prototype", "validated_hydraulic_output": false}, "geometry": {"type": "Polygon", "coordinates": [[[75.13556087379999, 18.1005604191], [75.13556087379999, 18.100282641099998], [75.1358386518, 18.100282641099998], [75.1358386518, 18.1005604191], [75.13556087379999, 18.1005604191]]]}}, {"type": "Feature", "properties": {"time_min": 60, "depth_min_m": 3.0, "depth_max_m": 6.0, "depth_class": "3.0\u20136.0 m", "class_area_km2": 2.438557457809754, "flooded_area_km2": 17.78648792691141, "frame_max_depth_m": 144.69788555673983, "class_mean_depth_m": 4.439149085748216, "scenario_id": "major_breach", "model_type": "Automated approximate 2D flood-routing prototype", "validated_hydraulic_output": false}, "geometry": {"type": "Polygon", "coordinates": [[[75.1305608698, 18.100282641099998], [75.1305608698, 18.100004863099997], [75.13083864779999, 18.100004863099997], [75.13083864779999, 18.100282641099998], [75.1305608698, 18.100282641099998]]]}}, {"type": "Feature", "properties": {"time_min": 60, "depth_min_m": 3.0, "depth_max_m": 6.0, "depth_class": "3.0\u20136.0 m", "class_area_km2": 2.438557457809754, "flooded_area_km2": 17.78648792691141, "frame_max_depth_m": 144.69788555673983, "class_mean_depth_m": 4.439149085748216, "scenario_id": "major_breach", "model_type": "Automated approximate 2D flood-routing prototype", "validated_hydraulic_output": false}, "geometry": {"type": "Polygon", "coordinates": [[[75.13528309579999, 18.100282641099998], [75.13528309579999, 18.100004863099997], [75.13556087379999, 18.100004863099997], [75.13556087379999, 18.100282641099998], [75.13528309579999, 18.100282641099998]]]}}, {"type": "Feature", "properties": {"time_min": 60, "depth_min_m": 3.0, "depth_max_m": 6.0, "depth_class": "3.0\u20136.0 m", "class_area_km2": 2.438557457809754, "flooded_area_km2": 17.78648792691141, "frame_max_depth_m": 144.69788555673983, "class_mean_depth_m": 4.439149085748216, "scenario_id": "major_breach", "model_type": "Automated approximate 2D flood-routing prototype", "validated_hydraulic_output": false}, "geometry": {"type": "Polygon", "coordinates": [[[75.13111642579999, 18.1005604191], [75.13111642579999, 18.0997270851], [75.1313942038, 18.0997270851], [75.1313942038, 18.100004863099997], [75.1316719818, 18.100004863099997], [75.1316719818, 18.100282641099998], [75.1319497598, 18.100282641099998], [75.1319497598, 18.1005604191], [75.13111642579999, 18.1005604191]]]}}, {"type": "Feature", "properties": {"time_min": 60, "depth_min_m": 3.0, "depth_max_m": 6.0, "depth_class": "3.0\u20136.0 m", "class_area_km2": 2.438557457809754, "flooded_area_km2": 17.78648792691141, "frame_max_depth_m": 144.69788555673983, "class_mean_depth_m": 4.439149085748216, "scenario_id": "major_breach", "model_type": "Automated approximate 2D flood-routing prototype", "validated_hydraulic_output": false}, "geometry": {"type": "Polygon", "coordinates": [[[75.1408386558, 18.1016715311], [75.1408386558, 18.101393753099998], [75.14000532179999, 18.101393753099998], [75.14000532179999, 18.100838197099996], [75.1402830998, 18.100838197099996], [75.1402830998, 18.1005604191], [75.14000532179999, 18.1005604191], [75.14000532179999, 18.100282641099998], [75.1402830998, 18.100282641099998], [75.1402830998, 18.0997270851], [75.1405608778, 18.0997270851], [75.1405608778, 18.100282641099998], [75.1411164338, 18.100282641099998], [75.1411164338, 18.1005604191], [75.14167198979999, 18.1005604191], [75.14167198979999, 18.100838197099996], [75.1419497678, 18.100838197099996], [75.1419497678, 18.101115975099997], [75.1411164338, 18.101115975099997], [75.1411164338, 18.1016715311], [75.1408386558, 18.1016715311]], [[75.1405608778, 18.100838197099996], [75.1408386558, 18.100838197099996], [75.1408386558, 18.1005604191], [75.1405608778, 18.1005604191], [75.1405608778, 18.100838197099996]]]}}, {"type": "Feature", "properties": {"time_min": 60, "depth_min_m": 3.0, "depth_max_m": 6.0, "depth_class": "3.0\u20136.0 m", "class_area_km2": 2.438557457809754, "flooded_area_km2": 17.78648792691141, "frame_max_depth_m": 144.69788555673983, "class_mean_depth_m": 4.439149085748216, "scenario_id": "major_breach", "model_type": "Automated approximate 2D flood-routing prototype", "validated_hydraulic_output": false}, "geometry": {"type": "Polygon", "coordinates": [[[75.1302830918, 18.100004863099997], [75.1302830918, 18.0994493071], [75.1305608698, 18.0994493071], [75.1305608698, 18.100004863099997], [75.1302830918, 18.100004863099997]]]}}, {"type": "Feature", "properties": {"time_min": 60, "depth_min_m": 3.0, "depth_max_m": 6.0, "depth_class": "3.0\u20136.0 m", "class_area_km2": 2.438557457809754, "flooded_area_km2": 17.78648792691141, "frame_max_depth_m": 144.69788555673983, "class_mean_depth_m": 4.439149085748216, "scenario_id": "major_breach", "model_type": "Automated approximate 2D flood-routing prototype", "validated_hydraulic_output": false}, "geometry": {"type": "Polygon", "coordinates": [[[75.14139421179999, 18.0997270851], [75.14139421179999, 18.0994493071], [75.14167198979999, 18.0994493071], [75.14167198979999, 18.0997270851], [75.14139421179999, 18.0997270851]]]}}, {"type": "Feature", "properties": {"time_min": 60, "depth_min_m": 3.0, "depth_max_m": 6.0, "depth_class": "3.0\u20136.0 m", "class_area_km2": 2.438557457809754, "flooded_area_km2": 17.78648792691141, "frame_max_depth_m": 144.69788555673983, "class_mean_depth_m": 4.439149085748216, "scenario_id": "major_breach", "model_type": "Automated approximate 2D flood-routing prototype", "validated_hydraulic_output": false}, "geometry": {"type": "Polygon", "coordinates": [[[75.1305608698, 18.0994493071], [75.1305608698, 18.099171529099998], [75.1302830918, 18.099171529099998], [75.1302830918, 18.098893751099997], [75.13111642579999, 18.098893751099997], [75.13111642579999, 18.099171529099998], [75.13083864779999, 18.099171529099998], [75.13083864779999, 18.0994493071], [75.1305608698, 18.0994493071]]]}}, {"type": "Feature", "properties": {"time_min": 60, "depth_min_m": 3.0, "depth_max_m": 6.0, "depth_class": "3.0\u20136.0 m", "class_area_km2": 2.438557457809754, "flooded_area_km2": 17.78648792691141, "frame_max_depth_m": 144.69788555673983, "class_mean_depth_m": 4.439149085748216, "scenario_id": "major_breach", "model_type": "Automated approximate 2D flood-routing prototype", "validated_hydraulic_output": false}, "geometry": {"type": "Polygon", "coordinates": [[[75.1425053238, 18.099171529099998], [75.1425053238, 18.098893751099997], [75.14278310179999, 18.098893751099997], [75.14278310179999, 18.099171529099998], [75.1425053238, 18.099171529099998]]]}}, {"type": "Feature", "properties": {"time_min": 60, "depth_min_m": 3.0, "depth_max_m": 6.0, "depth_class": "3.0\u20136.0 m", "class_area_km2": 2.438557457809754, "flooded_area_km2": 17.78648792691141, "frame_max_depth_m": 144.69788555673983, "class_mean_depth_m": 4.439149085748216, "scenario_id": "major_breach", "model_type": "Automated approximate 2D flood-routing prototype", "validated_hydraulic_output": false}, "geometry": {"type": "Polygon", "coordinates": [[[75.13111642579999, 18.098893751099997], [75.13111642579999, 18.098060417099997], [75.1313942038, 18.098060417099997], [75.1313942038, 18.098893751099997], [75.13111642579999, 18.098893751099997]]]}}, {"type": "Feature", "properties": {"time_min": 60, "depth_min_m": 3.0, "depth_max_m": 6.0, "depth_class": "3.0\u20136.0 m", "class_area_km2": 2.438557457809754, "flooded_area_km2": 17.78648792691141, "frame_max_depth_m": 144.69788555673983, "class_mean_depth_m": 4.439149085748216, "scenario_id": "major_breach", "model_type": "Automated approximate 2D flood-routing prototype", "validated_hydraulic_output": false}, "geometry": {"type": "Polygon", "coordinates": [[[75.1305608698, 18.098060417099997], [75.1305608698, 18.097782639099997], [75.13083864779999, 18.097782639099997], [75.13083864779999, 18.098060417099997], [75.1305608698, 18.098060417099997]]]}}, {"type": "Feature", "properties": {"time_min": 60, "depth_min_m": 3.0, "depth_max_m": 6.0, "depth_class": "3.0\u20136.0 m", "class_area_km2": 2.438557457809754, "flooded_area_km2": 17.78648792691141, "frame_max_depth_m": 144.69788555673983, "class_mean_depth_m": 4.439149085748216, "scenario_id": "major_breach", "model_type": "Automated approximate 2D flood-routing prototype", "validated_hydraulic_output": false}, "geometry": {"type": "Polygon", "coordinates": [[[75.13083864779999, 18.0975048611], [75.13083864779999, 18.097227083099998], [75.13111642579999, 18.097227083099998], [75.13111642579999, 18.0975048611], [75.13083864779999, 18.0975048611]]]}}, {"type": "Feature", "properties": {"time_min": 60, "depth_min_m": 3.0, "depth_max_m": 6.0, "depth_class": "3.0\u20136.0 m", "class_area_km2": 2.438557457809754, "flooded_area_km2": 17.78648792691141, "frame_max_depth_m": 144.69788555673983, "class_mean_depth_m": 4.439149085748216, "scenario_id": "major_breach", "model_type": "Automated approximate 2D flood-routing prototype", "validated_hydraulic_output": false}, "geometry": {"type": "Polygon", "coordinates": [[[75.1305608698, 18.097227083099998], [75.1305608698, 18.096949305099997], [75.13083864779999, 18.096949305099997], [75.13083864779999, 18.097227083099998], [75.1305608698, 18.097227083099998]]]}}, {"type": "Feature", "properties": {"time_min": 60, "depth_min_m": 3.0, "depth_max_m": 6.0, "depth_class": "3.0\u20136.0 m", "class_area_km2": 2.438557457809754, "flooded_area_km2": 17.78648792691141, "frame_max_depth_m": 144.69788555673983, "class_mean_depth_m": 4.439149085748216, "scenario_id": "major_breach", "model_type": "Automated approximate 2D flood-routing prototype", "validated_hydraulic_output": false}, "geometry": {"type": "Polygon", "coordinates": [[[75.1302830918, 18.0963937491], [75.1302830918, 18.096115971099998], [75.1305608698, 18.096115971099998], [75.1305608698, 18.0963937491], [75.1302830918, 18.0963937491]]]}}, {"type": "Feature", "properties": {"time_min": 60, "depth_min_m": 3.0, "depth_max_m": 6.0, "depth_class": "3.0\u20136.0 m", "class_area_km2": 2.438557457809754, "flooded_area_km2": 17.78648792691141, "frame_max_depth_m": 144.69788555673983, "class_mean_depth_m": 4.439149085748216, "scenario_id": "major_breach", "model_type": "Automated approximate 2D flood-routing prototype", "validated_hydraulic_output": false}, "geometry": {"type": "Polygon", "coordinates": [[[75.1297275358, 18.095838193099997], [75.1297275358, 18.0955604151], [75.1302830918, 18.0955604151], [75.1302830918, 18.095838193099997], [75.1297275358, 18.095838193099997]]]}}, {"type": "Feature", "properties": {"time_min": 60, "depth_min_m": 3.0, "depth_max_m": 6.0, "depth_class": "3.0\u20136.0 m", "class_area_km2": 2.438557457809754, "flooded_area_km2": 17.78648792691141, "frame_max_depth_m": 144.69788555673983, "class_mean_depth_m": 4.439149085748216, "scenario_id": "major_breach", "model_type": "Automated approximate 2D flood-routing prototype", "validated_hydraulic_output": false}, "geometry": {"type": "Polygon", "coordinates": [[[75.1422275458, 18.0955604151], [75.1422275458, 18.0952826371], [75.14278310179999, 18.0952826371], [75.14278310179999, 18.0955604151], [75.1422275458, 18.0955604151]]]}}, {"type": "Feature", "properties": {"time_min": 60, "depth_min_m": 3.0, "depth_max_m": 6.0, "depth_class": "3.0\u20136.0 m", "class_area_km2": 2.438557457809754, "flooded_area_km2": 17.78648792691141, "frame_max_depth_m": 144.69788555673983, "class_mean_depth_m": 4.439149085748216, "scenario_id": "major_breach", "model_type": "Automated approximate 2D flood-routing prototype", "validated_hydraulic_output": false}, "geometry": {"type": "Polygon", "coordinates": [[[75.1450053258, 18.0952826371], [75.1450053258, 18.095004859099998], [75.1452831038, 18.095004859099998], [75.1452831038, 18.0952826371], [75.1450053258, 18.0952826371]]]}}, {"type": "Feature", "properties": {"time_min": 60, "depth_min_m": 3.0, "depth_max_m": 6.0, "depth_class": "3.0\u20136.0 m", "class_area_km2": 2.438557457809754, "flooded_area_km2": 17.78648792691141, "frame_max_depth_m": 144.69788555673983, "class_mean_depth_m": 4.439149085748216, "scenario_id": "major_breach", "model_type": "Automated approximate 2D flood-routing prototype", "validated_hydraulic_output": false}, "geometry": {"type": "Polygon", "coordinates": [[[75.1297275358, 18.0952826371], [75.1297275358, 18.0944493031], [75.1300053138, 18.0944493031], [75.1300053138, 18.0952826371], [75.1297275358, 18.0952826371]]]}}, {"type": "Feature", "properties": {"time_min": 60, "depth_min_m": 3.0, "depth_max_m": 6.0, "depth_class": "3.0\u20136.0 m", "class_area_km2": 2.438557457809754, "flooded_area_km2": 17.78648792691141, "frame_max_depth_m": 144.69788555673983, "class_mean_depth_m": 4.439149085748216, "scenario_id": "major_breach", "model_type": "Automated approximate 2D flood-routing prototype", "validated_hydraulic_output": false}, "geometry": {"type": "Polygon", "coordinates": [[[75.1455608818, 18.094727081099997], [75.1455608818, 18.0944493031], [75.14583865979999, 18.0944493031], [75.14583865979999, 18.094727081099997], [75.1455608818, 18.094727081099997]]]}}, {"type": "Feature", "properties": {"time_min": 60, "depth_min_m": 3.0, "depth_max_m": 6.0, "depth_class": "3.0\u20136.0 m", "class_area_km2": 2.438557457809754, "flooded_area_km2": 17.78648792691141, "frame_max_depth_m": 144.69788555673983, "class_mean_depth_m": 4.439149085748216, "scenario_id": "major_breach", "model_type": "Automated approximate 2D flood-routing prototype", "validated_hydraulic_output": false}, "geometry": {"type": "Polygon", "coordinates": [[[75.1455608818, 18.0941715251], [75.1455608818, 18.093893747099997], [75.14583865979999, 18.093893747099997], [75.14583865979999, 18.0941715251], [75.1455608818, 18.0941715251]]]}}, {"type": "Feature", "properties": {"time_min": 60, "depth_min_m": 3.0, "depth_max_m": 6.0, "depth_class": "3.0\u20136.0 m", "class_area_km2": 2.438557457809754, "flooded_area_km2": 17.78648792691141, "frame_max_depth_m": 144.69788555673983, "class_mean_depth_m": 4.439149085748216, "scenario_id": "major_breach", "model_type": "Automated approximate 2D flood-routing prototype", "validated_hydraulic_output": false}, "geometry": {"type": "Polygon", "coordinates": [[[75.12917197979999, 18.093615969099996], [75.12917197979999, 18.0933381911], [75.12944975779999, 18.0933381911], [75.12944975779999, 18.093615969099996], [75.12917197979999, 18.093615969099996]]]}}, {"type": "Feature", "properties": {"time_min": 60, "depth_min_m": 3.0, "depth_max_m": 6.0, "depth_class": "3.0\u20136.0 m", "class_area_km2": 2.438557457809754, "flooded_area_km2": 17.78648792691141, "frame_max_depth_m": 144.69788555673983, "class_mean_depth_m": 4.439149085748216, "scenario_id": "major_breach", "model_type": "Automated approximate 2D flood-routing prototype", "validated_hydraulic_output": false}, "geometry": {"type": "Polygon", "coordinates": [[[75.1480608838, 18.093615969099996], [75.1480608838, 18.0933381911], [75.1483386618, 18.0933381911], [75.1483386618, 18.093615969099996], [75.1480608838, 18.093615969099996]]]}}, {"type": "Feature", "properties": {"time_min": 60, "depth_min_m": 3.0, "depth_max_m": 6.0, "depth_class": "3.0\u20136.0 m", "class_area_km2": 2.438557457809754, "flooded_area_km2": 17.78648792691141, "frame_max_depth_m": 144.69788555673983, "class_mean_depth_m": 4.439149085748216, "scenario_id": "major_breach", "model_type": "Automated approximate 2D flood-routing prototype", "validated_hydraulic_output": false}, "geometry": {"type": "Polygon", "coordinates": [[[75.14889421779999, 18.093615969099996], [75.14889421779999, 18.0933381911], [75.14917199579999, 18.0933381911], [75.14917199579999, 18.093615969099996], [75.14889421779999, 18.093615969099996]]]}}, {"type": "Feature", "properties": {"time_min": 60, "depth_min_m": 3.0, "depth_max_m": 6.0, "depth_class": "3.0\u20136.0 m", "class_area_km2": 2.438557457809754, "flooded_area_km2": 17.78648792691141, "frame_max_depth_m": 144.69788555673983, "class_mean_depth_m": 4.439149085748216, "scenario_id": "major_breach", "model_type": "Automated approximate 2D flood-routing prototype", "validated_hydraulic_output": false}, "geometry": {"type": "Polygon", "coordinates": [[[75.1288942018, 18.092782635099997], [75.1288942018, 18.092504857099996], [75.12917197979999, 18.092504857099996], [75.12917197979999, 18.0922270791], [75.1297275358, 18.0922270791], [75.1297275358, 18.092504857099996], [75.12944975779999, 18.092504857099996], [75.12944975779999, 18.092782635099997], [75.1288942018, 18.092782635099997]]]}}, {"type": "Feature", "properties": {"time_min": 60, "depth_min_m": 3.0, "depth_max_m": 6.0, "depth_class": "3.0\u20136.0 m", "class_area_km2": 2.438557457809754, "flooded_area_km2": 17.78648792691141, "frame_max_depth_m": 144.69788555673983, "class_mean_depth_m": 4.439149085748216, "scenario_id": "major_breach", "model_type": "Automated approximate 2D flood-routing prototype", "validated_hydraulic_output": false}, "geometry": {"type": "Polygon", "coordinates": [[[75.14917199579999, 18.0922270791], [75.14917199579999, 18.091949301099998], [75.1494497738, 18.091949301099998], [75.1494497738, 18.0922270791], [75.14917199579999, 18.0922270791]]]}}, {"type": "Feature", "properties": {"time_min": 60, "depth_min_m": 3.0, "depth_max_m": 6.0, "depth_class": "3.0\u20136.0 m", "class_area_km2": 2.438557457809754, "flooded_area_km2": 17.78648792691141, "frame_max_depth_m": 144.69788555673983, "class_mean_depth_m": 4.439149085748216, "scenario_id": "major_breach", "model_type": "Automated approximate 2D flood-routing prototype", "validated_hydraulic_output": false}, "geometry": {"type": "Polygon", "coordinates": [[[75.1497275518, 18.0922270791], [75.1497275518, 18.091671523099997], [75.1500053298, 18.091671523099997], [75.1500053298, 18.0922270791], [75.1497275518, 18.0922270791]]]}}, {"type": "Feature", "properties": {"time_min": 60, "depth_min_m": 3.0, "depth_max_m": 6.0, "depth_class": "3.0\u20136.0 m", "class_area_km2": 2.438557457809754, "flooded_area_km2": 17.78648792691141, "frame_max_depth_m": 144.69788555673983, "class_mean_depth_m": 4.439149085748216, "scenario_id": "major_breach", "model_type": "Automated approximate 2D flood-routing prototype", "validated_hydraulic_output": false}, "geometry": {"type": "Polygon", "coordinates": [[[75.12944975779999, 18.091949301099998], [75.12944975779999, 18.091671523099997], [75.1297275358, 18.091671523099997], [75.1297275358, 18.091949301099998], [75.12944975779999, 18.091949301099998]]]}}, {"type": "Feature", "properties": {"time_min": 60, "depth_min_m": 3.0, "depth_max_m": 6.0, "depth_class": "3.0\u20136.0 m", "class_area_km2": 2.438557457809754, "flooded_area_km2": 17.78648792691141, "frame_max_depth_m": 144.69788555673983, "class_mean_depth_m": 4.439149085748216, "scenario_id": "major_breach", "model_type": "Automated approximate 2D flood-routing prototype", "validated_hydraulic_output": false}, "geometry": {"type": "Polygon", "coordinates": [[[75.1480608838, 18.091949301099998], [75.1480608838, 18.091671523099997], [75.1486164398, 18.091671523099997], [75.1486164398, 18.091949301099998], [75.1480608838, 18.091949301099998]]]}}, {"type": "Feature", "properties": {"time_min": 60, "depth_min_m": 3.0, "depth_max_m": 6.0, "depth_class": "3.0\u20136.0 m", "class_area_km2": 2.438557457809754, "flooded_area_km2": 17.78648792691141, "frame_max_depth_m": 144.69788555673983, "class_mean_depth_m": 4.439149085748216, "scenario_id": "major_breach", "model_type": "Automated approximate 2D flood-routing prototype", "validated_hydraulic_output": false}, "geometry": {"type": "Polygon", "coordinates": [[[75.1297275358, 18.091671523099997], [75.1297275358, 18.0913937451], [75.1300053138, 18.0913937451], [75.1300053138, 18.090838189099998], [75.1302830918, 18.090838189099998], [75.1302830918, 18.091671523099997], [75.1297275358, 18.091671523099997]]]}}, {"type": "Feature", "properties": {"time_min": 60, "depth_min_m": 3.0, "depth_max_m": 6.0, "depth_class": "3.0\u20136.0 m", "class_area_km2": 2.438557457809754, "flooded_area_km2": 17.78648792691141, "frame_max_depth_m": 144.69788555673983, "class_mean_depth_m": 4.439149085748216, "scenario_id": "major_breach", "model_type": "Automated approximate 2D flood-routing prototype", "validated_hydraulic_output": false}, "geometry": {"type": "Polygon", "coordinates": [[[75.1305608698, 18.0911159671], [75.1305608698, 18.090838189099998], [75.13083864779999, 18.090838189099998], [75.13083864779999, 18.0911159671], [75.1305608698, 18.0911159671]]]}}, {"type": "Feature", "properties": {"time_min": 60, "depth_min_m": 3.0, "depth_max_m": 6.0, "depth_class": "3.0\u20136.0 m", "class_area_km2": 2.438557457809754, "flooded_area_km2": 17.78648792691141, "frame_max_depth_m": 144.69788555673983, "class_mean_depth_m": 4.439149085748216, "scenario_id": "major_breach", "model_type": "Automated approximate 2D flood-routing prototype", "validated_hydraulic_output": false}, "geometry": {"type": "Polygon", "coordinates": [[[75.1483386618, 18.090560411099997], [75.1483386618, 18.0902826331], [75.1486164398, 18.0902826331], [75.1486164398, 18.090560411099997], [75.1483386618, 18.090560411099997]]]}}, {"type": "Feature", "properties": {"time_min": 60, "depth_min_m": 3.0, "depth_max_m": 6.0, "depth_class": "3.0\u20136.0 m", "class_area_km2": 2.438557457809754, "flooded_area_km2": 17.78648792691141, "frame_max_depth_m": 144.69788555673983, "class_mean_depth_m": 4.439149085748216, "scenario_id": "major_breach", "model_type": "Automated approximate 2D flood-routing prototype", "validated_hydraulic_output": false}, "geometry": {"type": "Polygon", "coordinates": [[[75.1302830918, 18.090838189099998], [75.1302830918, 18.089449299099996], [75.13083864779999, 18.089449299099996], [75.13083864779999, 18.0900048551], [75.1305608698, 18.0900048551], [75.1305608698, 18.090838189099998], [75.1302830918, 18.090838189099998]]]}}, {"type": "Feature", "properties": {"time_min": 60, "depth_min_m": 3.0, "depth_max_m": 6.0, "depth_class": "3.0\u20136.0 m", "class_area_km2": 2.438557457809754, "flooded_area_km2": 17.78648792691141, "frame_max_depth_m": 144.69788555673983, "class_mean_depth_m": 4.439149085748216, "scenario_id": "major_breach", "model_type": "Automated approximate 2D flood-routing prototype", "validated_hydraulic_output": false}, "geometry": {"type": "Polygon", "coordinates": [[[75.1516719978, 18.089449299099996], [75.1516719978, 18.0891715211], [75.15222755379999, 18.0891715211], [75.15222755379999, 18.089449299099996], [75.1516719978, 18.089449299099996]]]}}, {"type": "Feature", "properties": {"time_min": 60, "depth_min_m": 3.0, "depth_max_m": 6.0, "depth_class": "3.0\u20136.0 m", "class_area_km2": 2.438557457809754, "flooded_area_km2": 17.78648792691141, "frame_max_depth_m": 144.69788555673983, "class_mean_depth_m": 4.439149085748216, "scenario_id": "major_breach", "model_type": "Automated approximate 2D flood-routing prototype", "validated_hydraulic_output": false}, "geometry": {"type": "Polygon", "coordinates": [[[75.15333866579999, 18.0891715211], [75.15333866579999, 18.088893743099998], [75.15389422179999, 18.088893743099998], [75.15389422179999, 18.0891715211], [75.15333866579999, 18.0891715211]]]}}, {"type": "Feature", "properties": {"time_min": 60, "depth_min_m": 3.0, "depth_max_m": 6.0, "depth_class": "3.0\u20136.0 m", "class_area_km2": 2.438557457809754, "flooded_area_km2": 17.78648792691141, "frame_max_depth_m": 144.69788555673983, "class_mean_depth_m": 4.439149085748216, "scenario_id": "major_breach", "model_type": "Automated approximate 2D flood-routing prototype", "validated_hydraulic_output": false}, "geometry": {"type": "Polygon", "coordinates": [[[75.1513942198, 18.088893743099998], [75.1513942198, 18.088615965099997], [75.1516719978, 18.088615965099997], [75.1516719978, 18.088893743099998], [75.1513942198, 18.088893743099998]]]}}, {"type": "Feature", "properties": {"time_min": 60, "depth_min_m": 3.0, "depth_max_m": 6.0, "depth_class": "3.0\u20136.0 m", "class_area_km2": 2.438557457809754, "flooded_area_km2": 17.78648792691141, "frame_max_depth_m": 144.69788555673983, "class_mean_depth_m": 4.439149085748216, "scenario_id": "major_breach", "model_type": "Automated approximate 2D flood-routing prototype", "validated_hydraulic_output": false}, "geometry": {"type": "Polygon", "coordinates": [[[75.15194977579999, 18.088893743099998], [75.15194977579999, 18.088615965099997], [75.1525053318, 18.088615965099997], [75.1525053318, 18.088893743099998], [75.15194977579999, 18.088893743099998]]]}}, {"type": "Feature", "properties": {"time_min": 60, "depth_min_m": 3.0, "depth_max_m": 6.0, "depth_class": "3.0\u20136.0 m", "class_area_km2": 2.438557457809754, "flooded_area_km2": 17.78648792691141, "frame_max_depth_m": 144.69788555673983, "class_mean_depth_m": 4.439149085748216, "scenario_id": "major_breach", "model_type": "Automated approximate 2D flood-routing prototype", "validated_hydraulic_output": false}, "geometry": {"type": "Polygon", "coordinates": [[[75.1530608878, 18.088893743099998], [75.1530608878, 18.088615965099997], [75.15333866579999, 18.088615965099997], [75.15333866579999, 18.088893743099998], [75.1530608878, 18.088893743099998]]]}}, {"type": "Feature", "properties": {"time_min": 60, "depth_min_m": 3.0, "depth_max_m": 6.0, "depth_class": "3.0\u20136.0 m", "class_area_km2": 2.438557457809754, "flooded_area_km2": 17.78648792691141, "frame_max_depth_m": 144.69788555673983, "class_mean_depth_m": 4.439149085748216, "scenario_id": "major_breach", "model_type": "Automated approximate 2D flood-routing prototype", "validated_hydraulic_output": false}, "geometry": {"type": "Polygon", "coordinates": [[[75.1305608698, 18.0891715211], [75.1305608698, 18.088338187099996], [75.13083864779999, 18.088338187099996], [75.13083864779999, 18.088893743099998], [75.13111642579999, 18.088893743099998], [75.13111642579999, 18.088615965099997], [75.1313942038, 18.088615965099997], [75.1313942038, 18.0891715211], [75.1305608698, 18.0891715211]]]}}, {"type": "Feature", "properties": {"time_min": 60, "depth_min_m": 3.0, "depth_max_m": 6.0, "depth_class": "3.0\u20136.0 m", "class_area_km2": 2.438557457809754, "flooded_area_km2": 17.78648792691141, "frame_max_depth_m": 144.69788555673983, "class_mean_depth_m": 4.439149085748216, "scenario_id": "major_breach", "model_type": "Automated approximate 2D flood-routing prototype", "validated_hydraulic_output": false}, "geometry": {"type": "Polygon", "coordinates": [[[75.1313942038, 18.088615965099997], [75.1313942038, 18.088338187099996], [75.1316719818, 18.088338187099996], [75.1316719818, 18.088615965099997], [75.1313942038, 18.088615965099997]]]}}, {"type": "Feature", "properties": {"time_min": 60, "depth_min_m": 3.0, "depth_max_m": 6.0, "depth_class": "3.0\u20136.0 m", "class_area_km2": 2.438557457809754, "flooded_area_km2": 17.78648792691141, "frame_max_depth_m": 144.69788555673983, "class_mean_depth_m": 4.439149085748216, "scenario_id": "major_breach", "model_type": "Automated approximate 2D flood-routing prototype", "validated_hydraulic_output": false}, "geometry": {"type": "Polygon", "coordinates": [[[75.1516719978, 18.088615965099997], [75.1516719978, 18.088338187099996], [75.15194977579999, 18.088338187099996], [75.15194977579999, 18.088615965099997], [75.1516719978, 18.088615965099997]]]}}, {"type": "Feature", "properties": {"time_min": 60, "depth_min_m": 3.0, "depth_max_m": 6.0, "depth_class": "3.0\u20136.0 m", "class_area_km2": 2.438557457809754, "flooded_area_km2": 17.78648792691141, "frame_max_depth_m": 144.69788555673983, "class_mean_depth_m": 4.439149085748216, "scenario_id": "major_breach", "model_type": "Automated approximate 2D flood-routing prototype", "validated_hydraulic_output": false}, "geometry": {"type": "Polygon", "coordinates": [[[75.1525053318, 18.088615965099997], [75.1525053318, 18.088338187099996], [75.1527831098, 18.088338187099996], [75.1527831098, 18.088615965099997], [75.1525053318, 18.088615965099997]]]}}, {"type": "Feature", "properties": {"time_min": 60, "depth_min_m": 3.0, "depth_max_m": 6.0, "depth_class": "3.0\u20136.0 m", "class_area_km2": 2.438557457809754, "flooded_area_km2": 17.78648792691141, "frame_max_depth_m": 144.69788555673983, "class_mean_depth_m": 4.439149085748216, "scenario_id": "major_breach", "model_type": "Automated approximate 2D flood-routing prototype", "validated_hydraulic_output": false}, "geometry": {"type": "Polygon", "coordinates": [[[75.1516719978, 18.0880604091], [75.1516719978, 18.087782631099998], [75.15194977579999, 18.087782631099998], [75.15194977579999, 18.0880604091], [75.1516719978, 18.0880604091]]]}}, {"type": "Feature", "properties": {"time_min": 60, "depth_min_m": 3.0, "depth_max_m": 6.0, "depth_class": "3.0\u20136.0 m", "class_area_km2": 2.438557457809754, "flooded_area_km2": 17.78648792691141, "frame_max_depth_m": 144.69788555673983, "class_mean_depth_m": 4.439149085748216, "scenario_id": "major_breach", "model_type": "Automated approximate 2D flood-routing prototype", "validated_hydraulic_output": false}, "geometry": {"type": "Polygon", "coordinates": [[[75.1544497778, 18.0880604091], [75.1544497778, 18.087782631099998], [75.1547275558, 18.087782631099998], [75.1547275558, 18.0880604091], [75.1544497778, 18.0880604091]]]}}, {"type": "Feature", "properties": {"time_min": 60, "depth_min_m": 3.0, "depth_max_m": 6.0, "depth_class": "3.0\u20136.0 m", "class_area_km2": 2.438557457809754, "flooded_area_km2": 17.78648792691141, "frame_max_depth_m": 144.69788555673983, "class_mean_depth_m": 4.439149085748216, "scenario_id": "major_breach", "model_type": "Automated approximate 2D flood-routing prototype", "validated_hydraulic_output": false}, "geometry": {"type": "Polygon", "coordinates": [[[75.1544497778, 18.087504853099997], [75.1544497778, 18.0872270751], [75.15500533379999, 18.0872270751], [75.15500533379999, 18.087504853099997], [75.1544497778, 18.087504853099997]]]}}, {"type": "Feature", "properties": {"time_min": 60, "depth_min_m": 3.0, "depth_max_m": 6.0, "depth_class": "3.0\u20136.0 m", "class_area_km2": 2.438557457809754, "flooded_area_km2": 17.78648792691141, "frame_max_depth_m": 144.69788555673983, "class_mean_depth_m": 4.439149085748216, "scenario_id": "major_breach", "model_type": "Automated approximate 2D flood-routing prototype", "validated_hydraulic_output": false}, "geometry": {"type": "Polygon", "coordinates": [[[75.15528311179999, 18.0872270751], [75.15528311179999, 18.0869492971], [75.1555608898, 18.0869492971], [75.1555608898, 18.0872270751], [75.15528311179999, 18.0872270751]]]}}, {"type": "Feature", "properties": {"time_min": 60, "depth_min_m": 3.0, "depth_max_m": 6.0, "depth_class": "3.0\u20136.0 m", "class_area_km2": 2.438557457809754, "flooded_area_km2": 17.78648792691141, "frame_max_depth_m": 144.69788555673983, "class_mean_depth_m": 4.439149085748216, "scenario_id": "major_breach", "model_type": "Automated approximate 2D flood-routing prototype", "validated_hydraulic_output": false}, "geometry": {"type": "Polygon", "coordinates": [[[75.15361644379999, 18.0872270751], [75.15361644379999, 18.086671519099998], [75.15389422179999, 18.086671519099998], [75.15389422179999, 18.0872270751], [75.15361644379999, 18.0872270751]]]}}, {"type": "Feature", "properties": {"time_min": 60, "depth_min_m": 3.0, "depth_max_m": 6.0, "depth_class": "3.0\u20136.0 m", "class_area_km2": 2.438557457809754, "flooded_area_km2": 17.78648792691141, "frame_max_depth_m": 144.69788555673983, "class_mean_depth_m": 4.439149085748216, "scenario_id": "major_breach", "model_type": "Automated approximate 2D flood-routing prototype", "validated_hydraulic_output": false}, "geometry": {"type": "Polygon", "coordinates": [[[75.15083866379999, 18.086671519099998], [75.15083866379999, 18.086393741099997], [75.1511164418, 18.086393741099997], [75.1511164418, 18.086671519099998], [75.15083866379999, 18.086671519099998]]]}}, {"type": "Feature", "properties": {"time_min": 60, "depth_min_m": 3.0, "depth_max_m": 6.0, "depth_class": "3.0\u20136.0 m", "class_area_km2": 2.438557457809754, "flooded_area_km2": 17.78648792691141, "frame_max_depth_m": 144.69788555673983, "class_mean_depth_m": 4.439149085748216, "scenario_id": "major_breach", "model_type": "Automated approximate 2D flood-routing prototype", "validated_hydraulic_output": false}, "geometry": {"type": "Polygon", "coordinates": [[[75.1525053318, 18.086671519099998], [75.1525053318, 18.086393741099997], [75.1527831098, 18.086393741099997], [75.1527831098, 18.086671519099998], [75.1525053318, 18.086671519099998]]]}}, {"type": "Feature", "properties": {"time_min": 60, "depth_min_m": 3.0, "depth_max_m": 6.0, "depth_class": "3.0\u20136.0 m", "class_area_km2": 2.438557457809754, "flooded_area_km2": 17.78648792691141, "frame_max_depth_m": 144.69788555673983, "class_mean_depth_m": 4.439149085748216, "scenario_id": "major_breach", "model_type": "Automated approximate 2D flood-routing prototype", "validated_hydraulic_output": false}, "geometry": {"type": "Polygon", "coordinates": [[[75.1302830918, 18.088338187099996], [75.1302830918, 18.0880604091], [75.1300053138, 18.0880604091], [75.1300053138, 18.087782631099998], [75.1305608698, 18.087782631099998], [75.1305608698, 18.087504853099997], [75.1302830918, 18.087504853099997], [75.1302830918, 18.0861159631], [75.1305608698, 18.0861159631], [75.1305608698, 18.0872270751], [75.13083864779999, 18.0872270751], [75.13083864779999, 18.0869492971], [75.13111642579999, 18.0869492971], [75.13111642579999, 18.087504853099997], [75.1313942038, 18.087504853099997], [75.1313942038, 18.087782631099998], [75.13111642579999, 18.087782631099998], [75.13111642579999, 18.088338187099996], [75.13083864779999, 18.088338187099996], [75.13083864779999, 18.0880604091], [75.1305608698, 18.0880604091], [75.1305608698, 18.088338187099996], [75.1302830918, 18.088338187099996]]]}}, {"type": "Feature", "properties": {"time_min": 60, "depth_min_m": 3.0, "depth_max_m": 6.0, "depth_class": "3.0\u20136.0 m", "class_area_km2": 2.438557457809754, "flooded_area_km2": 17.78648792691141, "frame_max_depth_m": 144.69788555673983, "class_mean_depth_m": 4.439149085748216, "scenario_id": "major_breach", "model_type": "Automated approximate 2D flood-routing prototype", "validated_hydraulic_output": false}, "geometry": {"type": "Polygon", "coordinates": [[[75.1500053298, 18.086393741099997], [75.1500053298, 18.0861159631], [75.15028310779999, 18.0861159631], [75.15028310779999, 18.086393741099997], [75.1500053298, 18.086393741099997]]]}}, {"type": "Feature", "properties": {"time_min": 60, "depth_min_m": 3.0, "depth_max_m": 6.0, "depth_class": "3.0\u20136.0 m", "class_area_km2": 2.438557457809754, "flooded_area_km2": 17.78648792691141, "frame_max_depth_m": 144.69788555673983, "class_mean_depth_m": 4.439149085748216, "scenario_id": "major_breach", "model_type": "Automated approximate 2D flood-routing prototype", "validated_hydraulic_output": false}, "geometry": {"type": "Polygon", "coordinates": [[[75.1305608698, 18.0858381851], [75.1305608698, 18.085560407099997], [75.13083864779999, 18.085560407099997], [75.13083864779999, 18.0858381851], [75.1305608698, 18.0858381851]]]}}, {"type": "Feature", "properties": {"time_min": 60, "depth_min_m": 3.0, "depth_max_m": 6.0, "depth_class": "3.0\u20136.0 m", "class_area_km2": 2.438557457809754, "flooded_area_km2": 17.78648792691141, "frame_max_depth_m": 144.69788555673983, "class_mean_depth_m": 4.439149085748216, "scenario_id": "major_breach", "model_type": "Automated approximate 2D flood-routing prototype", "validated_hydraulic_output": false}, "geometry": {"type": "Polygon", "coordinates": [[[75.13111642579999, 18.085560407099997], [75.13111642579999, 18.085282629099996], [75.1313942038, 18.085282629099996], [75.1313942038, 18.085560407099997], [75.13111642579999, 18.085560407099997]]]}}, {"type": "Feature", "properties": {"time_min": 60, "depth_min_m": 3.0, "depth_max_m": 6.0, "depth_class": "3.0\u20136.0 m", "class_area_km2": 2.438557457809754, "flooded_area_km2": 17.78648792691141, "frame_max_depth_m": 144.69788555673983, "class_mean_depth_m": 4.439149085748216, "scenario_id": "major_breach", "model_type": "Automated approximate 2D flood-routing prototype", "validated_hydraulic_output": false}, "geometry": {"type": "Polygon", "coordinates": [[[75.14750532779999, 18.085282629099996], [75.14750532779999, 18.084727073099998], [75.14778310579999, 18.084727073099998], [75.14778310579999, 18.085282629099996], [75.14750532779999, 18.085282629099996]]]}}, {"type": "Feature", "properties": {"time_min": 60, "depth_min_m": 3.0, "depth_max_m": 6.0, "depth_class": "3.0\u20136.0 m", "class_area_km2": 2.438557457809754, "flooded_area_km2": 17.78648792691141, "frame_max_depth_m": 144.69788555673983, "class_mean_depth_m": 4.439149085748216, "scenario_id": "major_breach", "model_type": "Automated approximate 2D flood-routing prototype", "validated_hydraulic_output": false}, "geometry": {"type": "Polygon", "coordinates": [[[75.13250531579999, 18.084727073099998], [75.13250531579999, 18.084449295099997], [75.1327830938, 18.084449295099997], [75.1327830938, 18.084727073099998], [75.13250531579999, 18.084727073099998]]]}}, {"type": "Feature", "properties": {"time_min": 60, "depth_min_m": 3.0, "depth_max_m": 6.0, "depth_class": "3.0\u20136.0 m", "class_area_km2": 2.438557457809754, "flooded_area_km2": 17.78648792691141, "frame_max_depth_m": 144.69788555673983, "class_mean_depth_m": 4.439149085748216, "scenario_id": "major_breach", "model_type": "Automated approximate 2D flood-routing prototype", "validated_hydraulic_output": false}, "geometry": {"type": "Polygon", "coordinates": [[[75.14611643779999, 18.084727073099998], [75.14611643779999, 18.084449295099997], [75.1463942158, 18.084449295099997], [75.1463942158, 18.084727073099998], [75.14611643779999, 18.084727073099998]]]}}, {"type": "Feature", "properties": {"time_min": 60, "depth_min_m": 3.0, "depth_max_m": 6.0, "depth_class": "3.0\u20136.0 m", "class_area_km2": 2.438557457809754, "flooded_area_km2": 17.78648792691141, "frame_max_depth_m": 144.69788555673983, "class_mean_depth_m": 4.439149085748216, "scenario_id": "major_breach", "model_type": "Automated approximate 2D flood-routing prototype", "validated_hydraulic_output": false}, "geometry": {"type": "Polygon", "coordinates": [[[75.13111642579999, 18.0850048511], [75.13111642579999, 18.084727073099998], [75.13083864779999, 18.084727073099998], [75.13083864779999, 18.0841715171], [75.13111642579999, 18.0841715171], [75.13111642579999, 18.084449295099997], [75.1316719818, 18.084449295099997], [75.1316719818, 18.0841715171], [75.1319497598, 18.0841715171], [75.1319497598, 18.0850048511], [75.13111642579999, 18.0850048511]]]}}, {"type": "Feature", "properties": {"time_min": 60, "depth_min_m": 3.0, "depth_max_m": 6.0, "depth_class": "3.0\u20136.0 m", "class_area_km2": 2.438557457809754, "flooded_area_km2": 17.78648792691141, "frame_max_depth_m": 144.69788555673983, "class_mean_depth_m": 4.439149085748216, "scenario_id": "major_breach", "model_type": "Automated approximate 2D flood-routing prototype", "validated_hydraulic_output": false}, "geometry": {"type": "Polygon", "coordinates": [[[75.14000532179999, 18.084449295099997], [75.14000532179999, 18.0841715171], [75.1402830998, 18.0841715171], [75.1402830998, 18.084449295099997], [75.14000532179999, 18.084449295099997]]]}}, {"type": "Feature", "properties": {"time_min": 60, "depth_min_m": 3.0, "depth_max_m": 6.0, "depth_class": "3.0\u20136.0 m", "class_area_km2": 2.438557457809754, "flooded_area_km2": 17.78648792691141, "frame_max_depth_m": 144.69788555673983, "class_mean_depth_m": 4.439149085748216, "scenario_id": "major_breach", "model_type": "Automated approximate 2D flood-routing prototype", "validated_hydraulic_output": false}, "geometry": {"type": "Polygon", "coordinates": [[[75.1463942158, 18.084449295099997], [75.1463942158, 18.0841715171], [75.1466719938, 18.0841715171], [75.1466719938, 18.084449295099997], [75.1463942158, 18.084449295099997]]]}}, {"type": "Feature", "properties": {"time_min": 60, "depth_min_m": 3.0, "depth_max_m": 6.0, "depth_class": "3.0\u20136.0 m", "class_area_km2": 2.438557457809754, "flooded_area_km2": 17.78648792691141, "frame_max_depth_m": 144.69788555673983, "class_mean_depth_m": 4.439149085748216, "scenario_id": "major_breach", "model_type": "Automated approximate 2D flood-routing prototype", "validated_hydraulic_output": false}, "geometry": {"type": "Polygon", "coordinates": [[[75.1469497718, 18.084449295099997], [75.1469497718, 18.0841715171], [75.1472275498, 18.0841715171], [75.1472275498, 18.084449295099997], [75.1469497718, 18.084449295099997]]]}}, {"type": "Feature", "properties": {"time_min": 60, "depth_min_m": 3.0, "depth_max_m": 6.0, "depth_class": "3.0\u20136.0 m", "class_area_km2": 2.438557457809754, "flooded_area_km2": 17.78648792691141, "frame_max_depth_m": 144.69788555673983, "class_mean_depth_m": 4.439149085748216, "scenario_id": "major_breach", "model_type": "Automated approximate 2D flood-routing prototype", "validated_hydraulic_output": false}, "geometry": {"type": "Polygon", "coordinates": [[[75.13417198379999, 18.0841715171], [75.13417198379999, 18.0838937391], [75.1347275398, 18.0838937391], [75.1347275398, 18.0841715171], [75.13417198379999, 18.0841715171]]]}}, {"type": "Feature", "properties": {"time_min": 60, "depth_min_m": 3.0, "depth_max_m": 6.0, "depth_class": "3.0\u20136.0 m", "class_area_km2": 2.438557457809754, "flooded_area_km2": 17.78648792691141, "frame_max_depth_m": 144.69788555673983, "class_mean_depth_m": 4.439149085748216, "scenario_id": "major_breach", "model_type": "Automated approximate 2D flood-routing prototype", "validated_hydraulic_output": false}, "geometry": {"type": "Polygon", "coordinates": [[[75.13861643179999, 18.0841715171], [75.13861643179999, 18.0838937391], [75.1388942098, 18.0838937391], [75.1388942098, 18.0841715171], [75.13861643179999, 18.0841715171]]]}}, {"type": "Feature", "properties": {"time_min": 60, "depth_min_m": 3.0, "depth_max_m": 6.0, "depth_class": "3.0\u20136.0 m", "class_area_km2": 2.438557457809754, "flooded_area_km2": 17.78648792691141, "frame_max_depth_m": 144.69788555673983, "class_mean_depth_m": 4.439149085748216, "scenario_id": "major_breach", "model_type": "Automated approximate 2D flood-routing prototype", "validated_hydraulic_output": false}, "geometry": {"type": "Polygon", "coordinates": [[[75.1394497658, 18.0841715171], [75.1394497658, 18.0838937391], [75.14000532179999, 18.0838937391], [75.14000532179999, 18.0841715171], [75.1394497658, 18.0841715171]]]}}, {"type": "Feature", "properties": {"time_min": 60, "depth_min_m": 3.0, "depth_max_m": 6.0, "depth_class": "3.0\u20136.0 m", "class_area_km2": 2.438557457809754, "flooded_area_km2": 17.78648792691141, "frame_max_depth_m": 144.69788555673983, "class_mean_depth_m": 4.439149085748216, "scenario_id": "major_breach", "model_type": "Automated approximate 2D flood-routing prototype", "validated_hydraulic_output": false}, "geometry": {"type": "Polygon", "coordinates": [[[75.1302830918, 18.084449295099997], [75.1302830918, 18.083615961099998], [75.1305608698, 18.083615961099998], [75.1305608698, 18.084449295099997], [75.1302830918, 18.084449295099997]]]}}, {"type": "Feature", "properties": {"time_min": 60, "depth_min_m": 3.0, "depth_max_m": 6.0, "depth_class": "3.0\u20136.0 m", "class_area_km2": 2.438557457809754, "flooded_area_km2": 17.78648792691141, "frame_max_depth_m": 144.69788555673983, "class_mean_depth_m": 4.439149085748216, "scenario_id": "major_breach", "model_type": "Automated approximate 2D flood-routing prototype", "validated_hydraulic_output": false}, "geometry": {"type": "Polygon", "coordinates": [[[75.1361164298, 18.0838937391], [75.1361164298, 18.083615961099998], [75.13667198579999, 18.083615961099998], [75.13667198579999, 18.0838937391], [75.1361164298, 18.0838937391]]]}}, {"type": "Feature", "properties": {"time_min": 60, "depth_min_m": 3.0, "depth_max_m": 6.0, "depth_class": "3.0\u20136.0 m", "class_area_km2": 2.438557457809754, "flooded_area_km2": 17.78648792691141, "frame_max_depth_m": 144.69788555673983, "class_mean_depth_m": 4.439149085748216, "scenario_id": "major_breach", "model_type": "Automated approximate 2D flood-routing prototype", "validated_hydraulic_output": false}, "geometry": {"type": "Polygon", "coordinates": [[[75.13833865379999, 18.0838937391], [75.13833865379999, 18.083615961099998], [75.13861643179999, 18.083615961099998], [75.13861643179999, 18.0838937391], [75.13833865379999, 18.0838937391]]]}}, {"type": "Feature", "properties": {"time_min": 60, "depth_min_m": 3.0, "depth_max_m": 6.0, "depth_class": "3.0\u20136.0 m", "class_area_km2": 2.438557457809754, "flooded_area_km2": 17.78648792691141, "frame_max_depth_m": 144.69788555673983, "class_mean_depth_m": 4.439149085748216, "scenario_id": "major_breach", "model_type": "Automated approximate 2D flood-routing prototype", "validated_hydraulic_output": false}, "geometry": {"type": "Polygon", "coordinates": [[[75.13083864779999, 18.0838937391], [75.13083864779999, 18.083338183099997], [75.13111642579999, 18.083338183099997], [75.13111642579999, 18.083615961099998], [75.1313942038, 18.083615961099998], [75.1313942038, 18.0838937391], [75.13083864779999, 18.0838937391]]]}}, {"type": "Feature", "properties": {"time_min": 60, "depth_min_m": 3.0, "depth_max_m": 6.0, "depth_class": "3.0\u20136.0 m", "class_area_km2": 2.438557457809754, "flooded_area_km2": 17.78648792691141, "frame_max_depth_m": 144.69788555673983, "class_mean_depth_m": 4.439149085748216, "scenario_id": "major_breach", "model_type": "Automated approximate 2D flood-routing prototype", "validated_hydraulic_output": false}, "geometry": {"type": "Polygon", "coordinates": [[[75.13250531579999, 18.0838937391], [75.13250531579999, 18.083338183099997], [75.1327830938, 18.083338183099997], [75.1327830938, 18.0838937391], [75.13250531579999, 18.0838937391]]]}}, {"type": "Feature", "properties": {"time_min": 60, "depth_min_m": 3.0, "depth_max_m": 6.0, "depth_class": "3.0\u20136.0 m", "class_area_km2": 2.438557457809754, "flooded_area_km2": 17.78648792691141, "frame_max_depth_m": 144.69788555673983, "class_mean_depth_m": 4.439149085748216, "scenario_id": "major_breach", "model_type": "Automated approximate 2D flood-routing prototype", "validated_hydraulic_output": false}, "geometry": {"type": "Polygon", "coordinates": [[[75.1455608818, 18.083615961099998], [75.1455608818, 18.083338183099997], [75.1463942158, 18.083338183099997], [75.1463942158, 18.083615961099998], [75.1455608818, 18.083615961099998]]]}}, {"type": "Feature", "properties": {"time_min": 60, "depth_min_m": 3.0, "depth_max_m": 6.0, "depth_class": "3.0\u20136.0 m", "class_area_km2": 2.438557457809754, "flooded_area_km2": 17.78648792691141, "frame_max_depth_m": 144.69788555673983, "class_mean_depth_m": 4.439149085748216, "scenario_id": "major_breach", "model_type": "Automated approximate 2D flood-routing prototype", "validated_hydraulic_output": false}, "geometry": {"type": "Polygon", "coordinates": [[[75.1466719938, 18.083615961099998], [75.1466719938, 18.083338183099997], [75.1469497718, 18.083338183099997], [75.1469497718, 18.083615961099998], [75.1466719938, 18.083615961099998]]]}}, {"type": "Feature", "properties": {"time_min": 60, "depth_min_m": 3.0, "depth_max_m": 6.0, "depth_class": "3.0\u20136.0 m", "class_area_km2": 2.438557457809754, "flooded_area_km2": 17.78648792691141, "frame_max_depth_m": 144.69788555673983, "class_mean_depth_m": 4.439149085748216, "scenario_id": "major_breach", "model_type": "Automated approximate 2D flood-routing prototype", "validated_hydraulic_output": false}, "geometry": {"type": "Polygon", "coordinates": [[[75.1297275358, 18.0838937391], [75.1297275358, 18.083615961099998], [75.12944975779999, 18.083615961099998], [75.12944975779999, 18.0827826271], [75.1302830918, 18.0827826271], [75.1302830918, 18.083615961099998], [75.1300053138, 18.083615961099998], [75.1300053138, 18.0838937391], [75.1297275358, 18.0838937391]]]}}, {"type": "Feature", "properties": {"time_min": 60, "depth_min_m": 3.0, "depth_max_m": 6.0, "depth_class": "3.0\u20136.0 m", "class_area_km2": 2.438557457809754, "flooded_area_km2": 17.78648792691141, "frame_max_depth_m": 144.69788555673983, "class_mean_depth_m": 4.439149085748216, "scenario_id": "major_breach", "model_type": "Automated approximate 2D flood-routing prototype", "validated_hydraulic_output": false}, "geometry": {"type": "Polygon", "coordinates": [[[75.1333386498, 18.0841715171], [75.1333386498, 18.083338183099997], [75.1330608718, 18.083338183099997], [75.1330608718, 18.0830604051], [75.1333386498, 18.0830604051], [75.1333386498, 18.0827826271], [75.13361642779999, 18.0827826271], [75.13361642779999, 18.0838937391], [75.13389420579999, 18.0838937391], [75.13389420579999, 18.0841715171], [75.1333386498, 18.0841715171]]]}}, {"type": "Feature", "properties": {"time_min": 60, "depth_min_m": 3.0, "depth_max_m": 6.0, "depth_class": "3.0\u20136.0 m", "class_area_km2": 2.438557457809754, "flooded_area_km2": 17.78648792691141, "frame_max_depth_m": 144.69788555673983, "class_mean_depth_m": 4.439149085748216, "scenario_id": "major_breach", "model_type": "Automated approximate 2D flood-routing prototype", "validated_hydraulic_output": false}, "geometry": {"type": "Polygon", "coordinates": [[[75.1363942078, 18.083338183099997], [75.1363942078, 18.0827826271], [75.13667198579999, 18.0827826271], [75.13667198579999, 18.0830604051], [75.13694976379999, 18.0830604051], [75.13694976379999, 18.083338183099997], [75.1363942078, 18.083338183099997]]]}}, {"type": "Feature", "properties": {"time_min": 60, "depth_min_m": 3.0, "depth_max_m": 6.0, "depth_class": "3.0\u20136.0 m", "class_area_km2": 2.438557457809754, "flooded_area_km2": 17.78648792691141, "frame_max_depth_m": 144.69788555673983, "class_mean_depth_m": 4.439149085748216, "scenario_id": "major_breach", "model_type": "Automated approximate 2D flood-routing prototype", "validated_hydraulic_output": false}, "geometry": {"type": "Polygon", "coordinates": [[[75.13972754379999, 18.083615961099998], [75.13972754379999, 18.083338183099997], [75.1391719878, 18.083338183099997], [75.1391719878, 18.0827826271], [75.1394497658, 18.0827826271], [75.1394497658, 18.0830604051], [75.14000532179999, 18.0830604051], [75.14000532179999, 18.083615961099998], [75.13972754379999, 18.083615961099998]]]}}, {"type": "Feature", "properties": {"time_min": 60, "depth_min_m": 3.0, "depth_max_m": 6.0, "depth_class": "3.0\u20136.0 m", "class_area_km2": 2.438557457809754, "flooded_area_km2": 17.78648792691141, "frame_max_depth_m": 144.69788555673983, "class_mean_depth_m": 4.439149085748216, "scenario_id": "major_breach", "model_type": "Automated approximate 2D flood-routing prototype", "validated_hydraulic_output": false}, "geometry": {"type": "Polygon", "coordinates": [[[75.1166719698, 18.0830604051], [75.1166719698, 18.0827826271], [75.11694974779999, 18.0827826271], [75.11694974779999, 18.0830604051], [75.1166719698, 18.0830604051]]]}}, {"type": "Feature", "properties": {"time_min": 60, "depth_min_m": 3.0, "depth_max_m": 6.0, "depth_class": "3.0\u20136.0 m", "class_area_km2": 2.438557457809754, "flooded_area_km2": 17.78648792691141, "frame_max_depth_m": 144.69788555673983, "class_mean_depth_m": 4.439149085748216, "scenario_id": "major_breach", "model_type": "Automated approximate 2D flood-routing prototype", "validated_hydraulic_output": false}, "geometry": {"type": "Polygon", "coordinates": [[[75.1450053258, 18.0830604051], [75.1450053258, 18.0827826271], [75.1452831038, 18.0827826271], [75.1452831038, 18.0830604051], [75.1450053258, 18.0830604051]]]}}, {"type": "Feature", "properties": {"time_min": 60, "depth_min_m": 3.0, "depth_max_m": 6.0, "depth_class": "3.0\u20136.0 m", "class_area_km2": 2.438557457809754, "flooded_area_km2": 17.78648792691141, "frame_max_depth_m": 144.69788555673983, "class_mean_depth_m": 4.439149085748216, "scenario_id": "major_breach", "model_type": "Automated approximate 2D flood-routing prototype", "validated_hydraulic_output": false}, "geometry": {"type": "Polygon", "coordinates": [[[75.1302830918, 18.0827826271], [75.1302830918, 18.082504849099998], [75.1305608698, 18.082504849099998], [75.1305608698, 18.0827826271], [75.1302830918, 18.0827826271]]]}}, {"type": "Feature", "properties": {"time_min": 60, "depth_min_m": 3.0, "depth_max_m": 6.0, "depth_class": "3.0\u20136.0 m", "class_area_km2": 2.438557457809754, "flooded_area_km2": 17.78648792691141, "frame_max_depth_m": 144.69788555673983, "class_mean_depth_m": 4.439149085748216, "scenario_id": "major_breach", "model_type": "Automated approximate 2D flood-routing prototype", "validated_hydraulic_output": false}, "geometry": {"type": "Polygon", "coordinates": [[[75.1394497658, 18.0827826271], [75.1394497658, 18.082504849099998], [75.13972754379999, 18.082504849099998], [75.13972754379999, 18.0827826271], [75.1394497658, 18.0827826271]]]}}, {"type": "Feature", "properties": {"time_min": 60, "depth_min_m": 3.0, "depth_max_m": 6.0, "depth_class": "3.0\u20136.0 m", "class_area_km2": 2.438557457809754, "flooded_area_km2": 17.78648792691141, "frame_max_depth_m": 144.69788555673983, "class_mean_depth_m": 4.439149085748216, "scenario_id": "major_breach", "model_type": "Automated approximate 2D flood-routing prototype", "validated_hydraulic_output": false}, "geometry": {"type": "Polygon", "coordinates": [[[75.13222753779999, 18.084449295099997], [75.13222753779999, 18.0841715171], [75.1319497598, 18.0841715171], [75.1319497598, 18.0827826271], [75.1316719818, 18.0827826271], [75.1316719818, 18.082504849099998], [75.1319497598, 18.082504849099998], [75.1319497598, 18.082227071099997], [75.13222753779999, 18.082227071099997], [75.13222753779999, 18.0827826271], [75.13250531579999, 18.0827826271], [75.13250531579999, 18.0830604051], [75.13222753779999, 18.0830604051], [75.13222753779999, 18.0838937391], [75.13250531579999, 18.0838937391], [75.13250531579999, 18.084449295099997], [75.13222753779999, 18.084449295099997]]]}}, {"type": "Feature", "properties": {"time_min": 60, "depth_min_m": 3.0, "depth_max_m": 6.0, "depth_class": "3.0\u20136.0 m", "class_area_km2": 2.438557457809754, "flooded_area_km2": 17.78648792691141, "frame_max_depth_m": 144.69788555673983, "class_mean_depth_m": 4.439149085748216, "scenario_id": "major_breach", "model_type": "Automated approximate 2D flood-routing prototype", "validated_hydraulic_output": false}, "geometry": {"type": "Polygon", "coordinates": [[[75.1438942138, 18.0827826271], [75.1438942138, 18.082227071099997], [75.14444976979999, 18.082227071099997], [75.14444976979999, 18.082504849099998], [75.1441719918, 18.082504849099998], [75.1441719918, 18.0827826271], [75.1438942138, 18.0827826271]]]}}, {"type": "Feature", "properties": {"time_min": 60, "depth_min_m": 3.0, "depth_max_m": 6.0, "depth_class": "3.0\u20136.0 m", "class_area_km2": 2.438557457809754, "flooded_area_km2": 17.78648792691141, "frame_max_depth_m": 144.69788555673983, "class_mean_depth_m": 4.439149085748216, "scenario_id": "major_breach", "model_type": "Automated approximate 2D flood-routing prototype", "validated_hydraulic_output": false}, "geometry": {"type": "Polygon", "coordinates": [[[75.13389420579999, 18.082504849099998], [75.13389420579999, 18.082227071099997], [75.13417198379999, 18.082227071099997], [75.13417198379999, 18.082504849099998], [75.13389420579999, 18.082504849099998]]]}}, {"type": "Feature", "properties": {"time_min": 60, "depth_min_m": 3.0, "depth_max_m": 6.0, "depth_class": "3.0\u20136.0 m", "class_area_km2": 2.438557457809754, "flooded_area_km2": 17.78648792691141, "frame_max_depth_m": 144.69788555673983, "class_mean_depth_m": 4.439149085748216, "scenario_id": "major_breach", "model_type": "Automated approximate 2D flood-routing prototype", "validated_hydraulic_output": false}, "geometry": {"type": "Polygon", "coordinates": [[[75.1391719878, 18.082504849099998], [75.1391719878, 18.082227071099997], [75.1394497658, 18.082227071099997], [75.1394497658, 18.082504849099998], [75.1391719878, 18.082504849099998]]]}}, {"type": "Feature", "properties": {"time_min": 60, "depth_min_m": 3.0, "depth_max_m": 6.0, "depth_class": "3.0\u20136.0 m", "class_area_km2": 2.438557457809754, "flooded_area_km2": 17.78648792691141, "frame_max_depth_m": 144.69788555673983, "class_mean_depth_m": 4.439149085748216, "scenario_id": "major_breach", "model_type": "Automated approximate 2D flood-routing prototype", "validated_hydraulic_output": false}, "geometry": {"type": "Polygon", "coordinates": [[[75.1422275458, 18.082504849099998], [75.1422275458, 18.082227071099997], [75.14278310179999, 18.082227071099997], [75.14278310179999, 18.082504849099998], [75.1422275458, 18.082504849099998]]]}}, {"type": "Feature", "properties": {"time_min": 60, "depth_min_m": 3.0, "depth_max_m": 6.0, "depth_class": "3.0\u20136.0 m", "class_area_km2": 2.438557457809754, "flooded_area_km2": 17.78648792691141, "frame_max_depth_m": 144.69788555673983, "class_mean_depth_m": 4.439149085748216, "scenario_id": "major_breach", "model_type": "Automated approximate 2D flood-routing prototype", "validated_hydraulic_output": false}, "geometry": {"type": "Polygon", "coordinates": [[[75.1433386578, 18.082504849099998], [75.1433386578, 18.082227071099997], [75.1436164358, 18.082227071099997], [75.1436164358, 18.082504849099998], [75.1433386578, 18.082504849099998]]]}}, {"type": "Feature", "properties": {"time_min": 60, "depth_min_m": 3.0, "depth_max_m": 6.0, "depth_class": "3.0\u20136.0 m", "class_area_km2": 2.438557457809754, "flooded_area_km2": 17.78648792691141, "frame_max_depth_m": 144.69788555673983, "class_mean_depth_m": 4.439149085748216, "scenario_id": "major_breach", "model_type": "Automated approximate 2D flood-routing prototype", "validated_hydraulic_output": false}, "geometry": {"type": "Polygon", "coordinates": [[[75.1183386378, 18.082227071099997], [75.1183386378, 18.0819492931], [75.11861641579999, 18.0819492931], [75.11861641579999, 18.082227071099997], [75.1183386378, 18.082227071099997]]]}}, {"type": "Feature", "properties": {"time_min": 60, "depth_min_m": 3.0, "depth_max_m": 6.0, "depth_class": "3.0\u20136.0 m", "class_area_km2": 2.438557457809754, "flooded_area_km2": 17.78648792691141, "frame_max_depth_m": 144.69788555673983, "class_mean_depth_m": 4.439149085748216, "scenario_id": "major_breach", "model_type": "Automated approximate 2D flood-routing prototype", "validated_hydraulic_output": false}, "geometry": {"type": "Polygon", "coordinates": [[[75.1411164338, 18.082227071099997], [75.1411164338, 18.0819492931], [75.1422275458, 18.0819492931], [75.1422275458, 18.082227071099997], [75.1411164338, 18.082227071099997]]]}}, {"type": "Feature", "properties": {"time_min": 60, "depth_min_m": 3.0, "depth_max_m": 6.0, "depth_class": "3.0\u20136.0 m", "class_area_km2": 2.438557457809754, "flooded_area_km2": 17.78648792691141, "frame_max_depth_m": 144.69788555673983, "class_mean_depth_m": 4.439149085748216, "scenario_id": "major_breach", "model_type": "Automated approximate 2D flood-routing prototype", "validated_hydraulic_output": false}, "geometry": {"type": "Polygon", "coordinates": [[[75.12944975779999, 18.082227071099997], [75.12944975779999, 18.0819492931], [75.1297275358, 18.0819492931], [75.1297275358, 18.0816715151], [75.1300053138, 18.0816715151], [75.1300053138, 18.0819492931], [75.1302830918, 18.0819492931], [75.1302830918, 18.082227071099997], [75.12944975779999, 18.082227071099997]]]}}, {"type": "Feature", "properties": {"time_min": 60, "depth_min_m": 3.0, "depth_max_m": 6.0, "depth_class": "3.0\u20136.0 m", "class_area_km2": 2.438557457809754, "flooded_area_km2": 17.78648792691141, "frame_max_depth_m": 144.69788555673983, "class_mean_depth_m": 4.439149085748216, "scenario_id": "major_breach", "model_type": "Automated approximate 2D flood-routing prototype", "validated_hydraulic_output": false}, "geometry": {"type": "Polygon", "coordinates": [[[75.1402830998, 18.0827826271], [75.1402830998, 18.082227071099997], [75.1394497658, 18.082227071099997], [75.1394497658, 18.0816715151], [75.13972754379999, 18.0816715151], [75.13972754379999, 18.0819492931], [75.14000532179999, 18.0819492931], [75.14000532179999, 18.0816715151], [75.1402830998, 18.0816715151], [75.1402830998, 18.0819492931], [75.1408386558, 18.0819492931], [75.1408386558, 18.082227071099997], [75.1405608778, 18.082227071099997], [75.1405608778, 18.0827826271], [75.1402830998, 18.0827826271]]]}}, {"type": "Feature", "properties": {"time_min": 60, "depth_min_m": 3.0, "depth_max_m": 6.0, "depth_class": "3.0\u20136.0 m", "class_area_km2": 2.438557457809754, "flooded_area_km2": 17.78648792691141, "frame_max_depth_m": 144.69788555673983, "class_mean_depth_m": 4.439149085748216, "scenario_id": "major_breach", "model_type": "Automated approximate 2D flood-routing prototype", "validated_hydraulic_output": false}, "geometry": {"type": "Polygon", "coordinates": [[[75.13972754379999, 18.0816715151], [75.13972754379999, 18.081393737099997], [75.14000532179999, 18.081393737099997], [75.14000532179999, 18.0816715151], [75.13972754379999, 18.0816715151]]]}}, {"type": "Feature", "properties": {"time_min": 60, "depth_min_m": 3.0, "depth_max_m": 6.0, "depth_class": "3.0\u20136.0 m", "class_area_km2": 2.438557457809754, "flooded_area_km2": 17.78648792691141, "frame_max_depth_m": 144.69788555673983, "class_mean_depth_m": 4.439149085748216, "scenario_id": "major_breach", "model_type": "Automated approximate 2D flood-routing prototype", "validated_hydraulic_output": false}, "geometry": {"type": "Polygon", "coordinates": [[[75.12306086379999, 18.081393737099997], [75.12306086379999, 18.081115959099996], [75.1236164198, 18.081115959099996], [75.1236164198, 18.081393737099997], [75.12306086379999, 18.081393737099997]]]}}, {"type": "Feature", "properties": {"time_min": 60, "depth_min_m": 3.0, "depth_max_m": 6.0, "depth_class": "3.0\u20136.0 m", "class_area_km2": 2.438557457809754, "flooded_area_km2": 17.78648792691141, "frame_max_depth_m": 144.69788555673983, "class_mean_depth_m": 4.439149085748216, "scenario_id": "major_breach", "model_type": "Automated approximate 2D flood-routing prototype", "validated_hydraulic_output": false}, "geometry": {"type": "Polygon", "coordinates": [[[75.13250531579999, 18.081393737099997], [75.13250531579999, 18.081115959099996], [75.1330608718, 18.081115959099996], [75.1330608718, 18.081393737099997], [75.13250531579999, 18.081393737099997]]]}}, {"type": "Feature", "properties": {"time_min": 60, "depth_min_m": 3.0, "depth_max_m": 6.0, "depth_class": "3.0\u20136.0 m", "class_area_km2": 2.438557457809754, "flooded_area_km2": 17.78648792691141, "frame_max_depth_m": 144.69788555673983, "class_mean_depth_m": 4.439149085748216, "scenario_id": "major_breach", "model_type": "Automated approximate 2D flood-routing prototype", "validated_hydraulic_output": false}, "geometry": {"type": "Polygon", "coordinates": [[[75.13361642779999, 18.081393737099997], [75.13361642779999, 18.0808381811], [75.13389420579999, 18.0808381811], [75.13389420579999, 18.081393737099997], [75.13361642779999, 18.081393737099997]]]}}, {"type": "Feature", "properties": {"time_min": 60, "depth_min_m": 3.0, "depth_max_m": 6.0, "depth_class": "3.0\u20136.0 m", "class_area_km2": 2.438557457809754, "flooded_area_km2": 17.78648792691141, "frame_max_depth_m": 144.69788555673983, "class_mean_depth_m": 4.439149085748216, "scenario_id": "major_breach", "model_type": "Automated approximate 2D flood-routing prototype", "validated_hydraulic_output": false}, "geometry": {"type": "Polygon", "coordinates": [[[75.1227830858, 18.081115959099996], [75.1227830858, 18.0808381811], [75.12306086379999, 18.0808381811], [75.12306086379999, 18.081115959099996], [75.1227830858, 18.081115959099996]]]}}, {"type": "Feature", "properties": {"time_min": 60, "depth_min_m": 3.0, "depth_max_m": 6.0, "depth_class": "3.0\u20136.0 m", "class_area_km2": 2.438557457809754, "flooded_area_km2": 17.78648792691141, "frame_max_depth_m": 144.69788555673983, "class_mean_depth_m": 4.439149085748216, "scenario_id": "major_breach", "model_type": "Automated approximate 2D flood-routing prototype", "validated_hydraulic_output": false}, "geometry": {"type": "Polygon", "coordinates": [[[75.1330608718, 18.081115959099996], [75.1330608718, 18.0808381811], [75.1333386498, 18.0808381811], [75.1333386498, 18.081115959099996], [75.1330608718, 18.081115959099996]]]}}, {"type": "Feature", "properties": {"time_min": 60, "depth_min_m": 3.0, "depth_max_m": 6.0, "depth_class": "3.0\u20136.0 m", "class_area_km2": 2.438557457809754, "flooded_area_km2": 17.78648792691141, "frame_max_depth_m": 144.69788555673983, "class_mean_depth_m": 4.439149085748216, "scenario_id": "major_breach", "model_type": "Automated approximate 2D flood-routing prototype", "validated_hydraulic_output": false}, "geometry": {"type": "Polygon", "coordinates": [[[75.1075052958, 18.0808381811], [75.1075052958, 18.080560403099998], [75.1077830738, 18.080560403099998], [75.1077830738, 18.0808381811], [75.1075052958, 18.0808381811]]]}}, {"type": "Feature", "properties": {"time_min": 60, "depth_min_m": 3.0, "depth_max_m": 6.0, "depth_class": "3.0\u20136.0 m", "class_area_km2": 2.438557457809754, "flooded_area_km2": 17.78648792691141, "frame_max_depth_m": 144.69788555673983, "class_mean_depth_m": 4.439149085748216, "scenario_id": "major_breach", "model_type": "Automated approximate 2D flood-routing prototype", "validated_hydraulic_output": false}, "geometry": {"type": "Polygon", "coordinates": [[[75.12917197979999, 18.081393737099997], [75.12917197979999, 18.0808381811], [75.1288942018, 18.0808381811], [75.1288942018, 18.080560403099998], [75.12944975779999, 18.080560403099998], [75.12944975779999, 18.0808381811], [75.1297275358, 18.0808381811], [75.1297275358, 18.081115959099996], [75.12944975779999, 18.081115959099996], [75.12944975779999, 18.081393737099997], [75.12917197979999, 18.081393737099997]]]}}, {"type": "Feature", "properties": {"time_min": 60, "depth_min_m": 3.0, "depth_max_m": 6.0, "depth_class": "3.0\u20136.0 m", "class_area_km2": 2.438557457809754, "flooded_area_km2": 17.78648792691141, "frame_max_depth_m": 144.69788555673983, "class_mean_depth_m": 4.439149085748216, "scenario_id": "major_breach", "model_type": "Automated approximate 2D flood-routing prototype", "validated_hydraulic_output": false}, "geometry": {"type": "Polygon", "coordinates": [[[75.13389420579999, 18.0808381811], [75.13389420579999, 18.080560403099998], [75.1344497618, 18.080560403099998], [75.1344497618, 18.0808381811], [75.13389420579999, 18.0808381811]]]}}, {"type": "Feature", "properties": {"time_min": 60, "depth_min_m": 3.0, "depth_max_m": 6.0, "depth_class": "3.0\u20136.0 m", "class_area_km2": 2.438557457809754, "flooded_area_km2": 17.78648792691141, "frame_max_depth_m": 144.69788555673983, "class_mean_depth_m": 4.439149085748216, "scenario_id": "major_breach", "model_type": "Automated approximate 2D flood-routing prototype", "validated_hydraulic_output": false}, "geometry": {"type": "Polygon", "coordinates": [[[75.1377830978, 18.083338183099997], [75.1377830978, 18.0830604051], [75.1372275418, 18.0830604051], [75.1372275418, 18.0827826271], [75.13694976379999, 18.0827826271], [75.13694976379999, 18.0819492931], [75.1372275418, 18.0819492931], [75.1372275418, 18.081393737099997], [75.13667198579999, 18.081393737099997], [75.13667198579999, 18.0816715151], [75.1363942078, 18.0816715151], [75.1363942078, 18.081115959099996], [75.13667198579999, 18.081115959099996], [75.13667198579999, 18.0808381811], [75.1363942078, 18.0808381811], [75.1363942078, 18.080560403099998], [75.13694976379999, 18.080560403099998], [75.13694976379999, 18.081115959099996], [75.1372275418, 18.081115959099996], [75.1372275418, 18.0808381811], [75.1375053198, 18.0808381811], [75.1375053198, 18.081115959099996], [75.13833865379999, 18.081115959099996], [75.13833865379999, 18.081393737099997], [75.1375053198, 18.081393737099997], [75.1375053198, 18.0819492931], [75.13861643179999, 18.0819492931], [75.13861643179999, 18.081393737099997], [75.1388942098, 18.081393737099997], [75.1388942098, 18.081115959099996], [75.1394497658, 18.081115959099996], [75.1394497658, 18.081393737099997], [75.1391719878, 18.081393737099997], [75.1391719878, 18.082227071099997], [75.1388942098, 18.082227071099997], [75.1388942098, 18.082504849099998], [75.1375053198, 18.082504849099998], [75.1375053198, 18.0827826271], [75.13833865379999, 18.0827826271], [75.13833865379999, 18.083338183099997], [75.1377830978, 18.083338183099997]]]}}, {"type": "Feature", "properties": {"time_min": 60, "depth_min_m": 3.0, "depth_max_m": 6.0, "depth_class": "3.0\u20136.0 m", "class_area_km2": 2.438557457809754, "flooded_area_km2": 17.78648792691141, "frame_max_depth_m": 144.69788555673983, "class_mean_depth_m": 4.439149085748216, "scenario_id": "major_breach", "model_type": "Automated approximate 2D flood-routing prototype", "validated_hydraulic_output": false}, "geometry": {"type": "Polygon", "coordinates": [[[75.10667196179999, 18.080560403099998], [75.10667196179999, 18.080282625099997], [75.1072275178, 18.080282625099997], [75.1072275178, 18.080560403099998], [75.10667196179999, 18.080560403099998]]]}}, {"type": "Feature", "properties": {"time_min": 60, "depth_min_m": 3.0, "depth_max_m": 6.0, "depth_class": "3.0\u20136.0 m", "class_area_km2": 2.438557457809754, "flooded_area_km2": 17.78648792691141, "frame_max_depth_m": 144.69788555673983, "class_mean_depth_m": 4.439149085748216, "scenario_id": "major_breach", "model_type": "Automated approximate 2D flood-routing prototype", "validated_hydraulic_output": false}, "geometry": {"type": "Polygon", "coordinates": [[[75.1344497618, 18.080560403099998], [75.1344497618, 18.080282625099997], [75.1347275398, 18.080282625099997], [75.1347275398, 18.080560403099998], [75.1344497618, 18.080560403099998]]]}}, {"type": "Feature", "properties": {"time_min": 60, "depth_min_m": 3.0, "depth_max_m": 6.0, "depth_class": "3.0\u20136.0 m", "class_area_km2": 2.438557457809754, "flooded_area_km2": 17.78648792691141, "frame_max_depth_m": 144.69788555673983, "class_mean_depth_m": 4.439149085748216, "scenario_id": "major_breach", "model_type": "Automated approximate 2D flood-routing prototype", "validated_hydraulic_output": false}, "geometry": {"type": "Polygon", "coordinates": [[[75.13361642779999, 18.080282625099997], [75.13361642779999, 18.0800048471], [75.13389420579999, 18.0800048471], [75.13389420579999, 18.080282625099997], [75.13361642779999, 18.080282625099997]]]}}, {"type": "Feature", "properties": {"time_min": 60, "depth_min_m": 3.0, "depth_max_m": 6.0, "depth_class": "3.0\u20136.0 m", "class_area_km2": 2.438557457809754, "flooded_area_km2": 17.78648792691141, "frame_max_depth_m": 144.69788555673983, "class_mean_depth_m": 4.439149085748216, "scenario_id": "major_breach", "model_type": "Automated approximate 2D flood-routing prototype", "validated_hydraulic_output": false}, "geometry": {"type": "Polygon", "coordinates": [[[75.13556087379999, 18.080560403099998], [75.13556087379999, 18.080282625099997], [75.1347275398, 18.080282625099997], [75.1347275398, 18.0800048471], [75.13528309579999, 18.0800048471], [75.13528309579999, 18.0797270691], [75.1361164298, 18.0797270691], [75.1361164298, 18.0800048471], [75.1363942078, 18.0800048471], [75.1363942078, 18.080560403099998], [75.1361164298, 18.080560403099998], [75.1361164298, 18.080282625099997], [75.1358386518, 18.080282625099997], [75.1358386518, 18.080560403099998], [75.13556087379999, 18.080560403099998]]]}}, {"type": "Feature", "properties": {"time_min": 60, "depth_min_m": 3.0, "depth_max_m": 6.0, "depth_class": "3.0\u20136.0 m", "class_area_km2": 2.438557457809754, "flooded_area_km2": 17.78648792691141, "frame_max_depth_m": 144.69788555673983, "class_mean_depth_m": 4.439149085748216, "scenario_id": "major_breach", "model_type": "Automated approximate 2D flood-routing prototype", "validated_hydraulic_output": false}, "geometry": {"type": "Polygon", "coordinates": [[[75.1236164198, 18.0800048471], [75.1236164198, 18.0797270691], [75.1238941978, 18.0797270691], [75.1238941978, 18.0800048471], [75.1236164198, 18.0800048471]]]}}, {"type": "Feature", "properties": {"time_min": 60, "depth_min_m": 3.0, "depth_max_m": 6.0, "depth_class": "3.0\u20136.0 m", "class_area_km2": 2.438557457809754, "flooded_area_km2": 17.78648792691141, "frame_max_depth_m": 144.69788555673983, "class_mean_depth_m": 4.439149085748216, "scenario_id": "major_breach", "model_type": "Automated approximate 2D flood-routing prototype", "validated_hydraulic_output": false}, "geometry": {"type": "Polygon", "coordinates": [[[75.1327830938, 18.0800048471], [75.1327830938, 18.0797270691], [75.1330608718, 18.0797270691], [75.1330608718, 18.0800048471], [75.1327830938, 18.0800048471]]]}}, {"type": "Feature", "properties": {"time_min": 60, "depth_min_m": 3.0, "depth_max_m": 6.0, "depth_class": "3.0\u20136.0 m", "class_area_km2": 2.438557457809754, "flooded_area_km2": 17.78648792691141, "frame_max_depth_m": 144.69788555673983, "class_mean_depth_m": 4.439149085748216, "scenario_id": "major_breach", "model_type": "Automated approximate 2D flood-routing prototype", "validated_hydraulic_output": false}, "geometry": {"type": "Polygon", "coordinates": [[[75.1041719598, 18.081393737099997], [75.1041719598, 18.081115959099996], [75.1038941818, 18.081115959099996], [75.1038941818, 18.0808381811], [75.10361640379999, 18.0808381811], [75.10361640379999, 18.080560403099998], [75.1030608478, 18.080560403099998], [75.1030608478, 18.080282625099997], [75.1027830698, 18.080282625099997], [75.1027830698, 18.0800048471], [75.10194973579999, 18.0800048471], [75.10194973579999, 18.0797270691], [75.1016719578, 18.0797270691], [75.1016719578, 18.079449291099998], [75.1013941798, 18.079449291099998], [75.1013941798, 18.079171513099997], [75.10194973579999, 18.079171513099997], [75.10194973579999, 18.079449291099998], [75.1025052918, 18.079449291099998], [75.1025052918, 18.0797270691], [75.1030608478, 18.0797270691], [75.1030608478, 18.0800048471], [75.10361640379999, 18.0800048471], [75.10361640379999, 18.080282625099997], [75.1038941818, 18.080282625099997], [75.1038941818, 18.0800048471], [75.1044497378, 18.0800048471], [75.1044497378, 18.080282625099997], [75.10528307179999, 18.080282625099997], [75.10528307179999, 18.080560403099998], [75.1061164058, 18.080560403099998], [75.1061164058, 18.080282625099997], [75.10639418379999, 18.080282625099997], [75.10639418379999, 18.080560403099998], [75.10667196179999, 18.080560403099998], [75.10667196179999, 18.0808381811], [75.1058386278, 18.0808381811], [75.1058386278, 18.081115959099996], [75.10528307179999, 18.081115959099996], [75.10528307179999, 18.081393737099997], [75.1041719598, 18.081393737099997]]]}}, {"type": "Feature", "properties": {"time_min": 60, "depth_min_m": 3.0, "depth_max_m": 6.0, "depth_class": "3.0\u20136.0 m", "class_area_km2": 2.438557457809754, "flooded_area_km2": 17.78648792691141, "frame_max_depth_m": 144.69788555673983, "class_mean_depth_m": 4.439149085748216, "scenario_id": "major_breach", "model_type": "Automated approximate 2D flood-routing prototype", "validated_hydraulic_output": false}, "geometry": {"type": "Polygon", "coordinates": [[[75.1300053138, 18.079449291099998], [75.1300053138, 18.079171513099997], [75.1302830918, 18.079171513099997], [75.1302830918, 18.079449291099998], [75.1300053138, 18.079449291099998]]]}}, {"type": "Feature", "properties": {"time_min": 60, "depth_min_m": 3.0, "depth_max_m": 6.0, "depth_class": "3.0\u20136.0 m", "class_area_km2": 2.438557457809754, "flooded_area_km2": 17.78648792691141, "frame_max_depth_m": 144.69788555673983, "class_mean_depth_m": 4.439149085748216, "scenario_id": "major_breach", "model_type": "Automated approximate 2D flood-routing prototype", "validated_hydraulic_output": false}, "geometry": {"type": "Polygon", "coordinates": [[[75.12306086379999, 18.0797270691], [75.12306086379999, 18.079449291099998], [75.1227830858, 18.079449291099998], [75.1227830858, 18.079171513099997], [75.1225053078, 18.079171513099997], [75.1225053078, 18.0788937351], [75.12333864179999, 18.0788937351], [75.12333864179999, 18.079171513099997], [75.1236164198, 18.079171513099997], [75.1236164198, 18.079449291099998], [75.12333864179999, 18.079449291099998], [75.12333864179999, 18.0797270691], [75.12306086379999, 18.0797270691]]]}}, {"type": "Feature", "properties": {"time_min": 60, "depth_min_m": 3.0, "depth_max_m": 6.0, "depth_class": "3.0\u20136.0 m", "class_area_km2": 2.438557457809754, "flooded_area_km2": 17.78648792691141, "frame_max_depth_m": 144.69788555673983, "class_mean_depth_m": 4.439149085748216, "scenario_id": "major_breach", "model_type": "Automated approximate 2D flood-routing prototype", "validated_hydraulic_output": false}, "geometry": {"type": "Polygon", "coordinates": [[[75.1283386458, 18.079171513099997], [75.1283386458, 18.0788937351], [75.1286164238, 18.0788937351], [75.1286164238, 18.079171513099997], [75.1283386458, 18.079171513099997]]]}}, {"type": "Feature", "properties": {"time_min": 60, "depth_min_m": 3.0, "depth_max_m": 6.0, "depth_class": "3.0\u20136.0 m", "class_area_km2": 2.438557457809754, "flooded_area_km2": 17.78648792691141, "frame_max_depth_m": 144.69788555673983, "class_mean_depth_m": 4.439149085748216, "scenario_id": "major_breach", "model_type": "Automated approximate 2D flood-routing prototype", "validated_hydraulic_output": false}, "geometry": {"type": "Polygon", "coordinates": [[[75.1222275298, 18.0788937351], [75.1222275298, 18.0786159571], [75.1225053078, 18.0786159571], [75.1225053078, 18.0788937351], [75.1222275298, 18.0788937351]]]}}, {"type": "Feature", "properties": {"time_min": 60, "depth_min_m": 3.0, "depth_max_m": 6.0, "depth_class": "3.0\u20136.0 m", "class_area_km2": 2.438557457809754, "flooded_area_km2": 17.78648792691141, "frame_max_depth_m": 144.69788555673983, "class_mean_depth_m": 4.439149085748216, "scenario_id": "major_breach", "model_type": "Automated approximate 2D flood-routing prototype", "validated_hydraulic_output": false}, "geometry": {"type": "Polygon", "coordinates": [[[75.10972751979999, 18.0891715211], [75.10972751979999, 18.088893743099998], [75.1091719638, 18.088893743099998], [75.1091719638, 18.088615965099997], [75.1088941858, 18.088615965099997], [75.1088941858, 18.0880604091], [75.1091719638, 18.0880604091], [75.1091719638, 18.087782631099998], [75.1088941858, 18.087782631099998], [75.1088941858, 18.0858381851], [75.1086164078, 18.0858381851], [75.1086164078, 18.0850048511], [75.10833862979999, 18.0850048511], [75.10833862979999, 18.083338183099997], [75.1086164078, 18.083338183099997], [75.1086164078, 18.0830604051], [75.10833862979999, 18.0830604051], [75.10833862979999, 18.0816715151], [75.10806085179999, 18.0816715151], [75.10806085179999, 18.081115959099996], [75.1077830738, 18.081115959099996], [75.1077830738, 18.0808381811], [75.10833862979999, 18.0808381811], [75.10833862979999, 18.081115959099996], [75.1086164078, 18.081115959099996], [75.1086164078, 18.082504849099998], [75.1088941858, 18.082504849099998], [75.1088941858, 18.083615961099998], [75.1086164078, 18.083615961099998], [75.1086164078, 18.0838937391], [75.1088941858, 18.0838937391], [75.1088941858, 18.084449295099997], [75.1091719638, 18.084449295099997], [75.1091719638, 18.0858381851], [75.10944974179999, 18.0858381851], [75.10944974179999, 18.0869492971], [75.10972751979999, 18.0869492971], [75.10972751979999, 18.087504853099997], [75.1100052978, 18.087504853099997], [75.1100052978, 18.0880604091], [75.1105608538, 18.0880604091], [75.1105608538, 18.087782631099998], [75.1108386318, 18.087782631099998], [75.1108386318, 18.0869492971], [75.11139418779999, 18.0869492971], [75.11139418779999, 18.086671519099998], [75.1116719658, 18.086671519099998], [75.1116719658, 18.0858381851], [75.1119497438, 18.0858381851], [75.1119497438, 18.085560407099997], [75.1122275218, 18.085560407099997], [75.1122275218, 18.085282629099996], [75.11250529979999, 18.085282629099996], [75.11250529979999, 18.0850048511], [75.1130608558, 18.0850048511], [75.1130608558, 18.083615961099998], [75.1136164118, 18.083615961099998], [75.1136164118, 18.082504849099998], [75.11389418979999, 18.082504849099998], [75.11389418979999, 18.0827826271], [75.11417196779999, 18.0827826271], [75.11417196779999, 18.082227071099997], [75.1147275238, 18.082227071099997], [75.1147275238, 18.0819492931], [75.1150053018, 18.0819492931], [75.1150053018, 18.081393737099997], [75.1152830798, 18.081393737099997], [75.1152830798, 18.081115959099996], [75.1166719698, 18.081115959099996], [75.1166719698, 18.0808381811], [75.1177830818, 18.0808381811], [75.1177830818, 18.080560403099998], [75.1183386378, 18.080560403099998], [75.1183386378, 18.080282625099997], [75.11861641579999, 18.080282625099997], [75.11861641579999, 18.080560403099998], [75.1194497498, 18.080560403099998], [75.1194497498, 18.0808381811], [75.1197275278, 18.0808381811], [75.1197275278, 18.080560403099998], [75.12000530579999, 18.080560403099998], [75.12000530579999, 18.0797270691], [75.1197275278, 18.0797270691], [75.1197275278, 18.0788937351], [75.12000530579999, 18.0788937351], [75.12000530579999, 18.079171513099997], [75.1205608618, 18.079171513099997], [75.1205608618, 18.078338179099998], [75.1208386398, 18.078338179099998], [75.1208386398, 18.079449291099998], [75.1211164178, 18.079449291099998], [75.1211164178, 18.080282625099997], [75.1213941958, 18.080282625099997], [75.1213941958, 18.080560403099998], [75.1211164178, 18.080560403099998], [75.1211164178, 18.0808381811], [75.1213941958, 18.0808381811], [75.1213941958, 18.082504849099998], [75.1211164178, 18.082504849099998], [75.1211164178, 18.0838937391], [75.1205608618, 18.0838937391], [75.1205608618, 18.083615961099998], [75.12028308379999, 18.083615961099998], [75.12028308379999, 18.083338183099997], [75.12000530579999, 18.083338183099997], [75.12000530579999, 18.081393737099997], [75.1194497498, 18.081393737099997], [75.1194497498, 18.081115959099996], [75.1191719718, 18.081115959099996], [75.1191719718, 18.081393737099997], [75.1183386378, 18.081393737099997], [75.1183386378, 18.081115959099996], [75.1180608598, 18.081115959099996], [75.1180608598, 18.081393737099997], [75.11694974779999, 18.081393737099997], [75.11694974779999, 18.0816715151], [75.1166719698, 18.0816715151], [75.1166719698, 18.0819492931], [75.1163941918, 18.0819492931], [75.1163941918, 18.082227071099997], [75.1161164138, 18.082227071099997], [75.1161164138, 18.0827826271], [75.1163941918, 18.0827826271], [75.1163941918, 18.0830604051], [75.11556085779999, 18.0830604051], [75.11556085779999, 18.0827826271], [75.1152830798, 18.0827826271], [75.1152830798, 18.0830604051], [75.1150053018, 18.0830604051], [75.1150053018, 18.083338183099997], [75.11444974579999, 18.083338183099997], [75.11444974579999, 18.0838937391], [75.11389418979999, 18.0838937391], [75.11389418979999, 18.0841715171], [75.1136164118, 18.0841715171], [75.1136164118, 18.084727073099998], [75.1133386338, 18.084727073099998], [75.1133386338, 18.085282629099996], [75.1130608558, 18.085282629099996], [75.1130608558, 18.085560407099997], [75.11278307779999, 18.085560407099997], [75.11278307779999, 18.0858381851], [75.11250529979999, 18.0858381851], [75.11250529979999, 18.086393741099997], [75.1122275218, 18.086393741099997], [75.1122275218, 18.0869492971], [75.1119497438, 18.0869492971], [75.1119497438, 18.087782631099998], [75.1116719658, 18.087782631099998], [75.1116719658, 18.088338187099996], [75.11139418779999, 18.088338187099996], [75.11139418779999, 18.088615965099997], [75.11111640979999, 18.088615965099997], [75.11111640979999, 18.088893743099998], [75.1108386318, 18.088893743099998], [75.1108386318, 18.0891715211], [75.10972751979999, 18.0891715211]], [[75.11556085779999, 18.082504849099998], [75.11583863579999, 18.082504849099998], [75.11583863579999, 18.0819492931], [75.11556085779999, 18.0819492931], [75.11556085779999, 18.082504849099998]]]}}, {"type": "Feature", "properties": {"time_min": 60, "depth_min_m": 3.0, "depth_max_m": 6.0, "depth_class": "3.0\u20136.0 m", "class_area_km2": 2.438557457809754, "flooded_area_km2": 17.78648792691141, "frame_max_depth_m": 144.69788555673983, "class_mean_depth_m": 4.439149085748216, "scenario_id": "major_breach", "model_type": "Automated approximate 2D flood-routing prototype", "validated_hydraulic_output": false}, "geometry": {"type": "Polygon", "coordinates": [[[75.0880608358, 18.078338179099998], [75.0880608358, 18.078060401099997], [75.08833861379999, 18.078060401099997], [75.08833861379999, 18.078338179099998], [75.0880608358, 18.078338179099998]]]}}, {"type": "Feature", "properties": {"time_min": 60, "depth_min_m": 3.0, "depth_max_m": 6.0, "depth_class": "3.0\u20136.0 m", "class_area_km2": 2.438557457809754, "flooded_area_km2": 17.78648792691141, "frame_max_depth_m": 144.69788555673983, "class_mean_depth_m": 4.439149085748216, "scenario_id": "major_breach", "model_type": "Automated approximate 2D flood-routing prototype", "validated_hydraulic_output": false}, "geometry": {"type": "Polygon", "coordinates": [[[75.0963941758, 18.079171513099997], [75.0963941758, 18.0788937351], [75.09611639779999, 18.0788937351], [75.09611639779999, 18.0786159571], [75.09583861979999, 18.0786159571], [75.09583861979999, 18.078338179099998], [75.09722750979999, 18.078338179099998], [75.09722750979999, 18.078060401099997], [75.0983386218, 18.078060401099997], [75.0983386218, 18.0777826231], [75.0994497338, 18.0777826231], [75.0994497338, 18.077504845099998], [75.0997275118, 18.077504845099998], [75.0997275118, 18.0777826231], [75.1000052898, 18.0777826231], [75.1000052898, 18.078060401099997], [75.10028306779999, 18.078060401099997], [75.10028306779999, 18.078338179099998], [75.10056084579999, 18.078338179099998], [75.10056084579999, 18.0786159571], [75.1008386238, 18.0786159571], [75.1008386238, 18.0788937351], [75.0994497338, 18.0788937351], [75.0994497338, 18.0786159571], [75.09722750979999, 18.0786159571], [75.09722750979999, 18.0788937351], [75.0966719538, 18.0788937351], [75.0966719538, 18.079171513099997], [75.0963941758, 18.079171513099997]]]}}, {"type": "Feature", "properties": {"time_min": 60, "depth_min_m": 3.0, "depth_max_m": 6.0, "depth_class": "3.0\u20136.0 m", "class_area_km2": 2.438557457809754, "flooded_area_km2": 17.78648792691141, "frame_max_depth_m": 144.69788555673983, "class_mean_depth_m": 4.439149085748216, "scenario_id": "major_breach", "model_type": "Automated approximate 2D flood-routing prototype", "validated_hydraulic_output": false}, "geometry": {"type": "Polygon", "coordinates": [[[75.12194975179999, 18.0777826231], [75.12194975179999, 18.077504845099998], [75.1222275298, 18.077504845099998], [75.1222275298, 18.0777826231], [75.12194975179999, 18.0777826231]]]}}, {"type": "Feature", "properties": {"time_min": 60, "depth_min_m": 3.0, "depth_max_m": 6.0, "depth_class": "3.0\u20136.0 m", "class_area_km2": 2.438557457809754, "flooded_area_km2": 17.78648792691141, "frame_max_depth_m": 144.69788555673983, "class_mean_depth_m": 4.439149085748216, "scenario_id": "major_breach", "model_type": "Automated approximate 2D flood-routing prototype", "validated_hydraulic_output": false}, "geometry": {"type": "Polygon", "coordinates": [[[75.1319497598, 18.079449291099998], [75.1319497598, 18.079171513099997], [75.13222753779999, 18.079171513099997], [75.13222753779999, 18.0777826231], [75.1327830938, 18.0777826231], [75.1327830938, 18.077504845099998], [75.1330608718, 18.077504845099998], [75.1330608718, 18.077227067099997], [75.1333386498, 18.077227067099997], [75.1333386498, 18.078338179099998], [75.1330608718, 18.078338179099998], [75.1330608718, 18.0786159571], [75.1327830938, 18.0786159571], [75.1327830938, 18.0788937351], [75.13250531579999, 18.0788937351], [75.13250531579999, 18.079171513099997], [75.1327830938, 18.079171513099997], [75.1327830938, 18.079449291099998], [75.1319497598, 18.079449291099998]]]}}, {"type": "Feature", "properties": {"time_min": 60, "depth_min_m": 3.0, "depth_max_m": 6.0, "depth_class": "3.0\u20136.0 m", "class_area_km2": 2.438557457809754, "flooded_area_km2": 17.78648792691141, "frame_max_depth_m": 144.69788555673983, "class_mean_depth_m": 4.439149085748216, "scenario_id": "major_breach", "model_type": "Automated approximate 2D flood-routing prototype", "validated_hydraulic_output": false}, "geometry": {"type": "Polygon", "coordinates": [[[75.1227830858, 18.077504845099998], [75.1227830858, 18.076949289099996], [75.12306086379999, 18.076949289099996], [75.12306086379999, 18.077504845099998], [75.1227830858, 18.077504845099998]]]}}, {"type": "Feature", "properties": {"time_min": 60, "depth_min_m": 3.0, "depth_max_m": 6.0, "depth_class": "3.0\u20136.0 m", "class_area_km2": 2.438557457809754, "flooded_area_km2": 17.78648792691141, "frame_max_depth_m": 144.69788555673983, "class_mean_depth_m": 4.439149085748216, "scenario_id": "major_breach", "model_type": "Automated approximate 2D flood-routing prototype", "validated_hydraulic_output": false}, "geometry": {"type": "Polygon", "coordinates": [[[75.1222275298, 18.077227067099997], [75.1222275298, 18.076949289099996], [75.1225053078, 18.076949289099996], [75.1225053078, 18.077227067099997], [75.1222275298, 18.077227067099997]]]}}, {"type": "Feature", "properties": {"time_min": 60, "depth_min_m": 3.0, "depth_max_m": 6.0, "depth_class": "3.0\u20136.0 m", "class_area_km2": 2.438557457809754, "flooded_area_km2": 17.78648792691141, "frame_max_depth_m": 144.69788555673983, "class_mean_depth_m": 4.439149085748216, "scenario_id": "major_breach", "model_type": "Automated approximate 2D flood-routing prototype", "validated_hydraulic_output": false}, "geometry": {"type": "Polygon", "coordinates": [[[75.1316719818, 18.0777826231], [75.1316719818, 18.076949289099996], [75.1313942038, 18.076949289099996], [75.1313942038, 18.0766715111], [75.13222753779999, 18.0766715111], [75.13222753779999, 18.076949289099996], [75.1319497598, 18.076949289099996], [75.1319497598, 18.0777826231], [75.1316719818, 18.0777826231]]]}}, {"type": "Feature", "properties": {"time_min": 60, "depth_min_m": 3.0, "depth_max_m": 6.0, "depth_class": "3.0\u20136.0 m", "class_area_km2": 2.438557457809754, "flooded_area_km2": 17.78648792691141, "frame_max_depth_m": 144.69788555673983, "class_mean_depth_m": 4.439149085748216, "scenario_id": "major_breach", "model_type": "Automated approximate 2D flood-routing prototype", "validated_hydraulic_output": false}, "geometry": {"type": "Polygon", "coordinates": [[[75.1222275298, 18.0766715111], [75.1222275298, 18.076393733099998], [75.1227830858, 18.076393733099998], [75.1227830858, 18.0766715111], [75.1222275298, 18.0766715111]]]}}, {"type": "Feature", "properties": {"time_min": 60, "depth_min_m": 3.0, "depth_max_m": 6.0, "depth_class": "3.0\u20136.0 m", "class_area_km2": 2.438557457809754, "flooded_area_km2": 17.78648792691141, "frame_max_depth_m": 144.69788555673983, "class_mean_depth_m": 4.439149085748216, "scenario_id": "major_breach", "model_type": "Automated approximate 2D flood-routing prototype", "validated_hydraulic_output": false}, "geometry": {"type": "Polygon", "coordinates": [[[75.12472753179999, 18.076393733099998], [75.12472753179999, 18.0758381771], [75.12500530979999, 18.0758381771], [75.12500530979999, 18.076393733099998], [75.12472753179999, 18.076393733099998]]]}}, {"type": "Feature", "properties": {"time_min": 60, "depth_min_m": 3.0, "depth_max_m": 6.0, "depth_class": "3.0\u20136.0 m", "class_area_km2": 2.438557457809754, "flooded_area_km2": 17.78648792691141, "frame_max_depth_m": 144.69788555673983, "class_mean_depth_m": 4.439149085748216, "scenario_id": "major_breach", "model_type": "Automated approximate 2D flood-routing prototype", "validated_hydraulic_output": false}, "geometry": {"type": "Polygon", "coordinates": [[[75.1319497598, 18.076115955099997], [75.1319497598, 18.0758381771], [75.13222753779999, 18.0758381771], [75.13222753779999, 18.076115955099997], [75.1319497598, 18.076115955099997]]]}}, {"type": "Feature", "properties": {"time_min": 60, "depth_min_m": 3.0, "depth_max_m": 6.0, "depth_class": "3.0\u20136.0 m", "class_area_km2": 2.438557457809754, "flooded_area_km2": 17.78648792691141, "frame_max_depth_m": 144.69788555673983, "class_mean_depth_m": 4.439149085748216, "scenario_id": "major_breach", "model_type": "Automated approximate 2D flood-routing prototype", "validated_hydraulic_output": false}, "geometry": {"type": "Polygon", "coordinates": [[[75.13250531579999, 18.076115955099997], [75.13250531579999, 18.0758381771], [75.1327830938, 18.0758381771], [75.1327830938, 18.076115955099997], [75.13250531579999, 18.076115955099997]]]}}, {"type": "Feature", "properties": {"time_min": 60, "depth_min_m": 3.0, "depth_max_m": 6.0, "depth_class": "3.0\u20136.0 m", "class_area_km2": 2.438557457809754, "flooded_area_km2": 17.78648792691141, "frame_max_depth_m": 144.69788555673983, "class_mean_depth_m": 4.439149085748216, "scenario_id": "major_breach", "model_type": "Automated approximate 2D flood-routing prototype", "validated_hydraulic_output": false}, "geometry": {"type": "Polygon", "coordinates": [[[75.1258386438, 18.0755603991], [75.1258386438, 18.075004843099997], [75.12611642179999, 18.075004843099997], [75.12611642179999, 18.0755603991], [75.1258386438, 18.0755603991]]]}}, {"type": "Feature", "properties": {"time_min": 60, "depth_min_m": 3.0, "depth_max_m": 6.0, "depth_class": "3.0\u20136.0 m", "class_area_km2": 2.438557457809754, "flooded_area_km2": 17.78648792691141, "frame_max_depth_m": 144.69788555673983, "class_mean_depth_m": 4.439149085748216, "scenario_id": "major_breach", "model_type": "Automated approximate 2D flood-routing prototype", "validated_hydraulic_output": false}, "geometry": {"type": "Polygon", "coordinates": [[[75.1316719818, 18.0819492931], [75.1316719818, 18.081393737099997], [75.1313942038, 18.081393737099997], [75.1313942038, 18.0816715151], [75.13083864779999, 18.0816715151], [75.13083864779999, 18.081393737099997], [75.13111642579999, 18.081393737099997], [75.13111642579999, 18.0808381811], [75.13083864779999, 18.0808381811], [75.13083864779999, 18.080282625099997], [75.13111642579999, 18.080282625099997], [75.13111642579999, 18.0800048471], [75.13083864779999, 18.0800048471], [75.13083864779999, 18.0797270691], [75.1305608698, 18.0797270691], [75.1305608698, 18.0788937351], [75.1302830918, 18.0788937351], [75.1302830918, 18.0786159571], [75.1305608698, 18.0786159571], [75.1305608698, 18.078060401099997], [75.1302830918, 18.078060401099997], [75.1302830918, 18.078338179099998], [75.1297275358, 18.078338179099998], [75.1297275358, 18.078060401099997], [75.1283386458, 18.078060401099997], [75.1283386458, 18.077504845099998], [75.1286164238, 18.077504845099998], [75.1286164238, 18.0777826231], [75.12944975779999, 18.0777826231], [75.12944975779999, 18.076393733099998], [75.1283386458, 18.076393733099998], [75.1283386458, 18.0766715111], [75.12778308979999, 18.0766715111], [75.12778308979999, 18.076115955099997], [75.1275053118, 18.076115955099997], [75.1275053118, 18.0758381771], [75.1269497558, 18.0758381771], [75.1269497558, 18.076393733099998], [75.1266719778, 18.076393733099998], [75.1266719778, 18.0758381771], [75.12611642179999, 18.0758381771], [75.12611642179999, 18.0755603991], [75.1266719778, 18.0755603991], [75.1266719778, 18.075282621099998], [75.1269497558, 18.075282621099998], [75.1269497558, 18.075004843099997], [75.1266719778, 18.075004843099997], [75.1266719778, 18.0747270651], [75.1272275338, 18.0747270651], [75.1272275338, 18.075282621099998], [75.12778308979999, 18.075282621099998], [75.12778308979999, 18.0755603991], [75.1286164238, 18.0755603991], [75.1286164238, 18.075282621099998], [75.1288942018, 18.075282621099998], [75.1288942018, 18.0755603991], [75.12944975779999, 18.0755603991], [75.12944975779999, 18.0758381771], [75.1297275358, 18.0758381771], [75.1297275358, 18.076393733099998], [75.1300053138, 18.076393733099998], [75.1300053138, 18.0766715111], [75.1305608698, 18.0766715111], [75.1305608698, 18.076393733099998], [75.13083864779999, 18.076393733099998], [75.13083864779999, 18.076949289099996], [75.1313942038, 18.076949289099996], [75.1313942038, 18.078338179099998], [75.1316719818, 18.078338179099998], [75.1316719818, 18.079449291099998], [75.1319497598, 18.079449291099998], [75.1319497598, 18.0797270691], [75.13222753779999, 18.0797270691], [75.13222753779999, 18.0819492931], [75.1316719818, 18.0819492931]], [[75.13083864779999, 18.079171513099997], [75.1313942038, 18.079171513099997], [75.1313942038, 18.0786159571], [75.13083864779999, 18.0786159571], [75.13083864779999, 18.079171513099997]], [[75.1305608698, 18.0777826231], [75.13111642579999, 18.0777826231], [75.13111642579999, 18.077227067099997], [75.1305608698, 18.077227067099997], [75.1305608698, 18.076949289099996], [75.1302830918, 18.076949289099996], [75.1302830918, 18.077504845099998], [75.1305608698, 18.077504845099998], [75.1305608698, 18.0777826231]]]}}, {"type": "Feature", "properties": {"time_min": 60, "depth_min_m": 3.0, "depth_max_m": 6.0, "depth_class": "3.0\u20136.0 m", "class_area_km2": 2.438557457809754, "flooded_area_km2": 17.78648792691141, "frame_max_depth_m": 144.69788555673983, "class_mean_depth_m": 4.439149085748216, "scenario_id": "major_breach", "model_type": "Automated approximate 2D flood-routing prototype", "validated_hydraulic_output": false}, "geometry": {"type": "Polygon", "coordinates": [[[75.08056082979999, 18.085282629099996], [75.08056082979999, 18.084727073099998], [75.0802830518, 18.084727073099998], [75.0802830518, 18.084449295099997], [75.0800052738, 18.084449295099997], [75.0800052738, 18.082504849099998], [75.07944971779999, 18.082504849099998], [75.07944971779999, 18.0819492931], [75.0800052738, 18.0819492931], [75.0800052738, 18.0816715151], [75.0802830518, 18.0816715151], [75.0802830518, 18.081115959099996], [75.0811163858, 18.081115959099996], [75.0811163858, 18.0808381811], [75.0813941638, 18.0808381811], [75.0813941638, 18.080560403099998], [75.0816719418, 18.080560403099998], [75.0816719418, 18.0800048471], [75.0819497198, 18.0800048471], [75.0819497198, 18.079449291099998], [75.08222749779999, 18.079449291099998], [75.08222749779999, 18.078338179099998], [75.0827830538, 18.078338179099998], [75.0827830538, 18.0786159571], [75.08389416579999, 18.0786159571], [75.08389416579999, 18.078338179099998], [75.0841719438, 18.078338179099998], [75.0841719438, 18.078060401099997], [75.0844497218, 18.078060401099997], [75.0844497218, 18.077227067099997], [75.0858386118, 18.077227067099997], [75.0858386118, 18.076949289099996], [75.0861163898, 18.076949289099996], [75.0861163898, 18.0744492871], [75.0875052798, 18.0744492871], [75.0875052798, 18.0747270651], [75.0872275018, 18.0747270651], [75.0872275018, 18.075004843099997], [75.08667194579999, 18.075004843099997], [75.08667194579999, 18.0755603991], [75.08694972379999, 18.0755603991], [75.08694972379999, 18.0758381771], [75.08667194579999, 18.0758381771], [75.08667194579999, 18.077227067099997], [75.0863941678, 18.077227067099997], [75.0863941678, 18.077504845099998], [75.08667194579999, 18.077504845099998], [75.08667194579999, 18.078060401099997], [75.08556083379999, 18.078060401099997], [75.08556083379999, 18.078338179099998], [75.0847274998, 18.078338179099998], [75.0847274998, 18.0786159571], [75.0841719438, 18.0786159571], [75.0841719438, 18.0788937351], [75.08361638779999, 18.0788937351], [75.08361638779999, 18.079171513099997], [75.08389416579999, 18.079171513099997], [75.08389416579999, 18.079449291099998], [75.0841719438, 18.079449291099998], [75.0841719438, 18.0797270691], [75.0844497218, 18.0797270691], [75.0844497218, 18.080282625099997], [75.0847274998, 18.080282625099997], [75.0847274998, 18.080560403099998], [75.08528305579999, 18.080560403099998], [75.08528305579999, 18.080282625099997], [75.0858386118, 18.080282625099997], [75.0858386118, 18.0800048471], [75.08667194579999, 18.0800048471], [75.08667194579999, 18.0797270691], [75.08694972379999, 18.0797270691], [75.08694972379999, 18.0800048471], [75.0875052798, 18.0800048471], [75.0875052798, 18.0797270691], [75.0877830578, 18.0797270691], [75.0877830578, 18.079449291099998], [75.08833861379999, 18.079449291099998], [75.08833861379999, 18.0797270691], [75.08861639179999, 18.0797270691], [75.08861639179999, 18.079449291099998], [75.0894497258, 18.079449291099998], [75.0894497258, 18.079171513099997], [75.0891719478, 18.079171513099997], [75.0891719478, 18.0788937351], [75.08861639179999, 18.0788937351], [75.08861639179999, 18.0786159571], [75.0888941698, 18.0786159571], [75.0888941698, 18.078060401099997], [75.08833861379999, 18.078060401099997], [75.08833861379999, 18.077504845099998], [75.08861639179999, 18.077504845099998], [75.08861639179999, 18.077227067099997], [75.0888941698, 18.077227067099997], [75.0888941698, 18.076949289099996], [75.0894497258, 18.076949289099996], [75.0894497258, 18.077227067099997], [75.08972750379999, 18.077227067099997], [75.08972750379999, 18.076949289099996], [75.09000528179999, 18.076949289099996], [75.09000528179999, 18.0758381771], [75.0905608378, 18.0758381771], [75.0905608378, 18.0755603991], [75.09167194979999, 18.0755603991], [75.09167194979999, 18.0758381771], [75.0911163938, 18.0758381771], [75.0911163938, 18.076115955099997], [75.0905608378, 18.076115955099997], [75.0905608378, 18.076949289099996], [75.0908386158, 18.076949289099996], [75.0908386158, 18.077227067099997], [75.0911163938, 18.077227067099997], [75.0911163938, 18.077504845099998], [75.09139417179999, 18.077504845099998], [75.09139417179999, 18.0777826231], [75.0919497278, 18.0777826231], [75.0919497278, 18.078338179099998], [75.09278306179999, 18.078338179099998], [75.09278306179999, 18.0786159571], [75.0936163958, 18.0786159571], [75.0936163958, 18.078060401099997], [75.0938941738, 18.078060401099997], [75.0938941738, 18.077227067099997], [75.09417195179999, 18.077227067099997], [75.09417195179999, 18.077504845099998], [75.09444972979999, 18.077504845099998], [75.09444972979999, 18.0777826231], [75.09472750779999, 18.0777826231], [75.09472750779999, 18.078060401099997], [75.0950052858, 18.078060401099997], [75.0950052858, 18.0786159571], [75.09472750779999, 18.0786159571], [75.09472750779999, 18.0788937351], [75.09444972979999, 18.0788937351], [75.09444972979999, 18.079171513099997], [75.09417195179999, 18.079171513099997], [75.09417195179999, 18.0797270691], [75.0922275058, 18.0797270691], [75.0922275058, 18.080282625099997], [75.09167194979999, 18.080282625099997], [75.09167194979999, 18.0800048471], [75.09139417179999, 18.0800048471], [75.09139417179999, 18.0797270691], [75.0911163938, 18.0797270691], [75.0911163938, 18.079449291099998], [75.0908386158, 18.079449291099998], [75.0908386158, 18.079171513099997], [75.0902830598, 18.079171513099997], [75.0902830598, 18.079449291099998], [75.09000528179999, 18.079449291099998], [75.09000528179999, 18.0800048471], [75.08972750379999, 18.0800048471], [75.08972750379999, 18.080560403099998], [75.0891719478, 18.080560403099998], [75.0891719478, 18.081115959099996], [75.0888941698, 18.081115959099996], [75.0888941698, 18.081393737099997], [75.08861639179999, 18.081393737099997], [75.08861639179999, 18.0816715151], [75.0880608358, 18.0816715151], [75.0880608358, 18.082504849099998], [75.08833861379999, 18.082504849099998], [75.08833861379999, 18.0830604051], [75.0880608358, 18.0830604051], [75.0880608358, 18.083338183099997], [75.0877830578, 18.083338183099997], [75.0877830578, 18.083615961099998], [75.08694972379999, 18.083615961099998], [75.08694972379999, 18.083338183099997], [75.08667194579999, 18.083338183099997], [75.08667194579999, 18.0830604051], [75.0861163898, 18.0830604051], [75.0861163898, 18.0827826271], [75.0858386118, 18.0827826271], [75.0858386118, 18.0830604051], [75.08528305579999, 18.0830604051], [75.08528305579999, 18.082504849099998], [75.0847274998, 18.082504849099998], [75.0847274998, 18.082227071099997], [75.08361638779999, 18.082227071099997], [75.08361638779999, 18.0819492931], [75.0833386098, 18.0819492931], [75.0833386098, 18.082227071099997], [75.08250527579999, 18.082227071099997], [75.08250527579999, 18.082504849099998], [75.08222749779999, 18.082504849099998], [75.08222749779999, 18.082227071099997], [75.0819497198, 18.082227071099997], [75.0819497198, 18.0830604051], [75.08250527579999, 18.0830604051], [75.08250527579999, 18.0838937391], [75.08222749779999, 18.0838937391], [75.08222749779999, 18.084449295099997], [75.0819497198, 18.084449295099997], [75.0819497198, 18.084727073099998], [75.0816719418, 18.084727073099998], [75.0816719418, 18.0850048511], [75.0811163858, 18.0850048511], [75.0811163858, 18.085282629099996], [75.08056082979999, 18.085282629099996]], [[75.0863941678, 18.081393737099997], [75.08667194579999, 18.081393737099997], [75.08667194579999, 18.081115959099996], [75.0863941678, 18.081115959099996], [75.0863941678, 18.081393737099997]], [[75.08667194579999, 18.0808381811], [75.08694972379999, 18.0808381811], [75.08694972379999, 18.080560403099998], [75.08667194579999, 18.080560403099998], [75.08667194579999, 18.0808381811]], [[75.0827830538, 18.0800048471], [75.0833386098, 18.0800048471], [75.0833386098, 18.0797270691], [75.08361638779999, 18.0797270691], [75.08361638779999, 18.079171513099997], [75.0830608318, 18.079171513099997], [75.0830608318, 18.0797270691], [75.0827830538, 18.0797270691], [75.0827830538, 18.0800048471]], [[75.09000528179999, 18.0788937351], [75.0905608378, 18.0788937351], [75.0905608378, 18.0786159571], [75.09000528179999, 18.0786159571], [75.09000528179999, 18.0788937351]], [[75.0891719478, 18.078060401099997], [75.0894497258, 18.078060401099997], [75.0894497258, 18.0777826231], [75.0891719478, 18.0777826231], [75.0891719478, 18.078060401099997]]]}}, {"type": "Feature", "properties": {"time_min": 60, "depth_min_m": 3.0, "depth_max_m": 6.0, "depth_class": "3.0\u20136.0 m", "class_area_km2": 2.438557457809754, "flooded_area_km2": 17.78648792691141, "frame_max_depth_m": 144.69788555673983, "class_mean_depth_m": 4.439149085748216, "scenario_id": "major_breach", "model_type": "Automated approximate 2D flood-routing prototype", "validated_hydraulic_output": false}, "geometry": {"type": "Polygon", "coordinates": [[[75.1208386398, 18.0777826231], [75.1208386398, 18.077227067099997], [75.1211164178, 18.077227067099997], [75.1211164178, 18.076949289099996], [75.1208386398, 18.076949289099996], [75.1208386398, 18.0758381771], [75.1205608618, 18.0758381771], [75.1205608618, 18.0747270651], [75.1208386398, 18.0747270651], [75.1208386398, 18.0744492871], [75.1213941958, 18.0744492871], [75.1213941958, 18.0747270651], [75.1211164178, 18.0747270651], [75.1211164178, 18.075282621099998], [75.1208386398, 18.075282621099998], [75.1208386398, 18.0755603991], [75.1211164178, 18.0755603991], [75.1211164178, 18.076115955099997], [75.1213941958, 18.076115955099997], [75.1213941958, 18.0758381771], [75.1222275298, 18.0758381771], [75.1222275298, 18.076115955099997], [75.12194975179999, 18.076115955099997], [75.12194975179999, 18.076393733099998], [75.1213941958, 18.076393733099998], [75.1213941958, 18.0777826231], [75.1208386398, 18.0777826231]]]}}, {"type": "Feature", "properties": {"time_min": 60, "depth_min_m": 3.0, "depth_max_m": 6.0, "depth_class": "3.0\u20136.0 m", "class_area_km2": 2.438557457809754, "flooded_area_km2": 17.78648792691141, "frame_max_depth_m": 144.69788555673983, "class_mean_depth_m": 4.439149085748216, "scenario_id": "major_breach", "model_type": "Automated approximate 2D flood-routing prototype", "validated_hydraulic_output": false}, "geometry": {"type": "Polygon", "coordinates": [[[75.12611642179999, 18.075004843099997], [75.12611642179999, 18.0744492871], [75.12639419979999, 18.0744492871], [75.12639419979999, 18.075004843099997], [75.12611642179999, 18.075004843099997]]]}}, {"type": "Feature", "properties": {"time_min": 60, "depth_min_m": 3.0, "depth_max_m": 6.0, "depth_class": "3.0\u20136.0 m", "class_area_km2": 2.438557457809754, "flooded_area_km2": 17.78648792691141, "frame_max_depth_m": 144.69788555673983, "class_mean_depth_m": 4.439149085748216, "scenario_id": "major_breach", "model_type": "Automated approximate 2D flood-routing prototype", "validated_hydraulic_output": false}, "geometry": {"type": "Polygon", "coordinates": [[[75.1302830918, 18.0747270651], [75.1302830918, 18.0744492871], [75.13083864779999, 18.0744492871], [75.13083864779999, 18.0747270651], [75.1302830918, 18.0747270651]]]}}, {"type": "Feature", "properties": {"time_min": 60, "depth_min_m": 3.0, "depth_max_m": 6.0, "depth_class": "3.0\u20136.0 m", "class_area_km2": 2.438557457809754, "flooded_area_km2": 17.78648792691141, "frame_max_depth_m": 144.69788555673983, "class_mean_depth_m": 4.439149085748216, "scenario_id": "major_breach", "model_type": "Automated approximate 2D flood-routing prototype", "validated_hydraulic_output": false}, "geometry": {"type": "Polygon", "coordinates": [[[75.12333864179999, 18.0744492871], [75.12333864179999, 18.074171509099997], [75.1236164198, 18.074171509099997], [75.1236164198, 18.0744492871], [75.12333864179999, 18.0744492871]]]}}, {"type": "Feature", "properties": {"time_min": 60, "depth_min_m": 3.0, "depth_max_m": 6.0, "depth_class": "3.0\u20136.0 m", "class_area_km2": 2.438557457809754, "flooded_area_km2": 17.78648792691141, "frame_max_depth_m": 144.69788555673983, "class_mean_depth_m": 4.439149085748216, "scenario_id": "major_breach", "model_type": "Automated approximate 2D flood-routing prototype", "validated_hydraulic_output": false}, "geometry": {"type": "Polygon", "coordinates": [[[75.1316719818, 18.0758381771], [75.1316719818, 18.0755603991], [75.1313942038, 18.0755603991], [75.1313942038, 18.0747270651], [75.13111642579999, 18.0747270651], [75.13111642579999, 18.073893731099997], [75.1313942038, 18.073893731099997], [75.1313942038, 18.074171509099997], [75.1319497598, 18.074171509099997], [75.1319497598, 18.0744492871], [75.13222753779999, 18.0744492871], [75.13222753779999, 18.074171509099997], [75.13250531579999, 18.074171509099997], [75.13250531579999, 18.0747270651], [75.13222753779999, 18.0747270651], [75.13222753779999, 18.075004843099997], [75.1327830938, 18.075004843099997], [75.1327830938, 18.075282621099998], [75.1319497598, 18.075282621099998], [75.1319497598, 18.0758381771], [75.1316719818, 18.0758381771]]]}}, {"type": "Feature", "properties": {"time_min": 60, "depth_min_m": 3.0, "depth_max_m": 6.0, "depth_class": "3.0\u20136.0 m", "class_area_km2": 2.438557457809754, "flooded_area_km2": 17.78648792691141, "frame_max_depth_m": 144.69788555673983, "class_mean_depth_m": 4.439149085748216, "scenario_id": "major_breach", "model_type": "Automated approximate 2D flood-routing prototype", "validated_hydraulic_output": false}, "geometry": {"type": "Polygon", "coordinates": [[[75.0875052798, 18.0744492871], [75.0875052798, 18.073893731099997], [75.0877830578, 18.073893731099997], [75.0877830578, 18.0744492871], [75.0875052798, 18.0744492871]]]}}, {"type": "Feature", "properties": {"time_min": 60, "depth_min_m": 3.0, "depth_max_m": 6.0, "depth_class": "3.0\u20136.0 m", "class_area_km2": 2.438557457809754, "flooded_area_km2": 17.78648792691141, "frame_max_depth_m": 144.69788555673983, "class_mean_depth_m": 4.439149085748216, "scenario_id": "major_breach", "model_type": "Automated approximate 2D flood-routing prototype", "validated_hydraulic_output": false}, "geometry": {"type": "Polygon", "coordinates": [[[75.12639419979999, 18.0744492871], [75.12639419979999, 18.073893731099997], [75.1266719778, 18.073893731099997], [75.1266719778, 18.0744492871], [75.12639419979999, 18.0744492871]]]}}, {"type": "Feature", "properties": {"time_min": 60, "depth_min_m": 3.0, "depth_max_m": 6.0, "depth_class": "3.0\u20136.0 m", "class_area_km2": 2.438557457809754, "flooded_area_km2": 17.78648792691141, "frame_max_depth_m": 144.69788555673983, "class_mean_depth_m": 4.439149085748216, "scenario_id": "major_breach", "model_type": "Automated approximate 2D flood-routing prototype", "validated_hydraulic_output": false}, "geometry": {"type": "Polygon", "coordinates": [[[75.0877830578, 18.073893731099997], [75.0877830578, 18.0736159531], [75.0880608358, 18.0736159531], [75.0880608358, 18.073893731099997], [75.0877830578, 18.073893731099997]]]}}, {"type": "Feature", "properties": {"time_min": 60, "depth_min_m": 3.0, "depth_max_m": 6.0, "depth_class": "3.0\u20136.0 m", "class_area_km2": 2.438557457809754, "flooded_area_km2": 17.78648792691141, "frame_max_depth_m": 144.69788555673983, "class_mean_depth_m": 4.439149085748216, "scenario_id": "major_breach", "model_type": "Automated approximate 2D flood-routing prototype", "validated_hydraulic_output": false}, "geometry": {"type": "Polygon", "coordinates": [[[75.1208386398, 18.074171509099997], [75.1208386398, 18.073893731099997], [75.1205608618, 18.073893731099997], [75.1205608618, 18.0736159531], [75.1213941958, 18.0736159531], [75.1213941958, 18.074171509099997], [75.1208386398, 18.074171509099997]]]}}, {"type": "Feature", "properties": {"time_min": 60, "depth_min_m": 3.0, "depth_max_m": 6.0, "depth_class": "3.0\u20136.0 m", "class_area_km2": 2.438557457809754, "flooded_area_km2": 17.78648792691141, "frame_max_depth_m": 144.69788555673983, "class_mean_depth_m": 4.439149085748216, "scenario_id": "major_breach", "model_type": "Automated approximate 2D flood-routing prototype", "validated_hydraulic_output": false}, "geometry": {"type": "Polygon", "coordinates": [[[75.1316719818, 18.073893731099997], [75.1316719818, 18.0736159531], [75.1319497598, 18.0736159531], [75.1319497598, 18.073893731099997], [75.1316719818, 18.073893731099997]]]}}, {"type": "Feature", "properties": {"time_min": 60, "depth_min_m": 3.0, "depth_max_m": 6.0, "depth_class": "3.0\u20136.0 m", "class_area_km2": 2.438557457809754, "flooded_area_km2": 17.78648792691141, "frame_max_depth_m": 144.69788555673983, "class_mean_depth_m": 4.439149085748216, "scenario_id": "major_breach", "model_type": "Automated approximate 2D flood-routing prototype", "validated_hydraulic_output": false}, "geometry": {"type": "Polygon", "coordinates": [[[75.08833861379999, 18.0736159531], [75.08833861379999, 18.073338175099998], [75.0888941698, 18.073338175099998], [75.0888941698, 18.0736159531], [75.08833861379999, 18.0736159531]]]}}, {"type": "Feature", "properties": {"time_min": 60, "depth_min_m": 3.0, "depth_max_m": 6.0, "depth_class": "3.0\u20136.0 m", "class_area_km2": 2.438557457809754, "flooded_area_km2": 17.78648792691141, "frame_max_depth_m": 144.69788555673983, "class_mean_depth_m": 4.439149085748216, "scenario_id": "major_breach", "model_type": "Automated approximate 2D flood-routing prototype", "validated_hydraulic_output": false}, "geometry": {"type": "Polygon", "coordinates": [[[75.1213941958, 18.073060397099997], [75.1213941958, 18.072782619099996], [75.12194975179999, 18.072782619099996], [75.12194975179999, 18.073060397099997], [75.1213941958, 18.073060397099997]]]}}, {"type": "Feature", "properties": {"time_min": 60, "depth_min_m": 3.0, "depth_max_m": 6.0, "depth_class": "3.0\u20136.0 m", "class_area_km2": 2.438557457809754, "flooded_area_km2": 17.78648792691141, "frame_max_depth_m": 144.69788555673983, "class_mean_depth_m": 4.439149085748216, "scenario_id": "major_breach", "model_type": "Automated approximate 2D flood-routing prototype", "validated_hydraulic_output": false}, "geometry": {"type": "Polygon", "coordinates": [[[75.12917197979999, 18.075282621099998], [75.12917197979999, 18.0747270651], [75.1288942018, 18.0747270651], [75.1288942018, 18.0744492871], [75.12806086779999, 18.0744492871], [75.12806086779999, 18.074171509099997], [75.12778308979999, 18.074171509099997], [75.12778308979999, 18.0736159531], [75.1269497558, 18.0736159531], [75.1269497558, 18.073893731099997], [75.1266719778, 18.073893731099997], [75.1266719778, 18.073338175099998], [75.1275053118, 18.073338175099998], [75.1275053118, 18.072782619099996], [75.12778308979999, 18.072782619099996], [75.12778308979999, 18.0725048411], [75.12806086779999, 18.0725048411], [75.12806086779999, 18.072782619099996], [75.1283386458, 18.072782619099996], [75.1283386458, 18.0736159531], [75.1286164238, 18.0736159531], [75.1286164238, 18.073893731099997], [75.1297275358, 18.073893731099997], [75.1297275358, 18.074171509099997], [75.1302830918, 18.074171509099997], [75.1302830918, 18.0744492871], [75.1300053138, 18.0744492871], [75.1300053138, 18.075004843099997], [75.1297275358, 18.075004843099997], [75.1297275358, 18.075282621099998], [75.12917197979999, 18.075282621099998]], [[75.12806086779999, 18.073893731099997], [75.1283386458, 18.073893731099997], [75.1283386458, 18.0736159531], [75.12806086779999, 18.0736159531], [75.12806086779999, 18.073893731099997]], [[75.12778308979999, 18.073338175099998], [75.12806086779999, 18.073338175099998], [75.12806086779999, 18.073060397099997], [75.12778308979999, 18.073060397099997], [75.12778308979999, 18.073338175099998]]]}}, {"type": "Feature", "properties": {"time_min": 60, "depth_min_m": 3.0, "depth_max_m": 6.0, "depth_class": "3.0\u20136.0 m", "class_area_km2": 2.438557457809754, "flooded_area_km2": 17.78648792691141, "frame_max_depth_m": 144.69788555673983, "class_mean_depth_m": 4.439149085748216, "scenario_id": "major_breach", "model_type": "Automated approximate 2D flood-routing prototype", "validated_hydraulic_output": false}, "geometry": {"type": "Polygon", "coordinates": [[[75.1197275278, 18.072782619099996], [75.1197275278, 18.0725048411], [75.12000530579999, 18.0725048411], [75.12000530579999, 18.072782619099996], [75.1197275278, 18.072782619099996]]]}}, {"type": "Feature", "properties": {"time_min": 60, "depth_min_m": 3.0, "depth_max_m": 6.0, "depth_class": "3.0\u20136.0 m", "class_area_km2": 2.438557457809754, "flooded_area_km2": 17.78648792691141, "frame_max_depth_m": 144.69788555673983, "class_mean_depth_m": 4.439149085748216, "scenario_id": "major_breach", "model_type": "Automated approximate 2D flood-routing prototype", "validated_hydraulic_output": false}, "geometry": {"type": "Polygon", "coordinates": [[[75.12028308379999, 18.072782619099996], [75.12028308379999, 18.0725048411], [75.1205608618, 18.0725048411], [75.1205608618, 18.072782619099996], [75.12028308379999, 18.072782619099996]]]}}, {"type": "Feature", "properties": {"time_min": 60, "depth_min_m": 3.0, "depth_max_m": 6.0, "depth_class": "3.0\u20136.0 m", "class_area_km2": 2.438557457809754, "flooded_area_km2": 17.78648792691141, "frame_max_depth_m": 144.69788555673983, "class_mean_depth_m": 4.439149085748216, "scenario_id": "major_breach", "model_type": "Automated approximate 2D flood-routing prototype", "validated_hydraulic_output": false}, "geometry": {"type": "Polygon", "coordinates": [[[75.1163941918, 18.0725048411], [75.1163941918, 18.072227063099998], [75.11694974779999, 18.072227063099998], [75.11694974779999, 18.0725048411], [75.1163941918, 18.0725048411]]]}}, {"type": "Feature", "properties": {"time_min": 60, "depth_min_m": 3.0, "depth_max_m": 6.0, "depth_class": "3.0\u20136.0 m", "class_area_km2": 2.438557457809754, "flooded_area_km2": 17.78648792691141, "frame_max_depth_m": 144.69788555673983, "class_mean_depth_m": 4.439149085748216, "scenario_id": "major_breach", "model_type": "Automated approximate 2D flood-routing prototype", "validated_hydraulic_output": false}, "geometry": {"type": "Polygon", "coordinates": [[[75.1152830798, 18.072227063099998], [75.1152830798, 18.071949285099997], [75.11583863579999, 18.071949285099997], [75.11583863579999, 18.072227063099998], [75.1152830798, 18.072227063099998]]]}}, {"type": "Feature", "properties": {"time_min": 60, "depth_min_m": 3.0, "depth_max_m": 6.0, "depth_class": "3.0\u20136.0 m", "class_area_km2": 2.438557457809754, "flooded_area_km2": 17.78648792691141, "frame_max_depth_m": 144.69788555673983, "class_mean_depth_m": 4.439149085748216, "scenario_id": "major_breach", "model_type": "Automated approximate 2D flood-routing prototype", "validated_hydraulic_output": false}, "geometry": {"type": "Polygon", "coordinates": [[[75.11722752579999, 18.072227063099998], [75.11722752579999, 18.071949285099997], [75.1177830818, 18.071949285099997], [75.1177830818, 18.072227063099998], [75.11722752579999, 18.072227063099998]]]}}, {"type": "Feature", "properties": {"time_min": 60, "depth_min_m": 3.0, "depth_max_m": 6.0, "depth_class": "3.0\u20136.0 m", "class_area_km2": 2.438557457809754, "flooded_area_km2": 17.78648792691141, "frame_max_depth_m": 144.69788555673983, "class_mean_depth_m": 4.439149085748216, "scenario_id": "major_breach", "model_type": "Automated approximate 2D flood-routing prototype", "validated_hydraulic_output": false}, "geometry": {"type": "Polygon", "coordinates": [[[75.1191719718, 18.0725048411], [75.1191719718, 18.072227063099998], [75.1183386378, 18.072227063099998], [75.1183386378, 18.071949285099997], [75.1194497498, 18.071949285099997], [75.1194497498, 18.072227063099998], [75.1197275278, 18.072227063099998], [75.1197275278, 18.0725048411], [75.1191719718, 18.0725048411]]]}}, {"type": "Feature", "properties": {"time_min": 60, "depth_min_m": 3.0, "depth_max_m": 6.0, "depth_class": "3.0\u20136.0 m", "class_area_km2": 2.438557457809754, "flooded_area_km2": 17.78648792691141, "frame_max_depth_m": 144.69788555673983, "class_mean_depth_m": 4.439149085748216, "scenario_id": "major_breach", "model_type": "Automated approximate 2D flood-routing prototype", "validated_hydraulic_output": false}, "geometry": {"type": "Polygon", "coordinates": [[[75.1147275238, 18.071949285099997], [75.1147275238, 18.0716715071], [75.1150053018, 18.0716715071], [75.1150053018, 18.071949285099997], [75.1147275238, 18.071949285099997]]]}}, {"type": "Feature", "properties": {"time_min": 60, "depth_min_m": 3.0, "depth_max_m": 6.0, "depth_class": "3.0\u20136.0 m", "class_area_km2": 2.438557457809754, "flooded_area_km2": 17.78648792691141, "frame_max_depth_m": 144.69788555673983, "class_mean_depth_m": 4.439149085748216, "scenario_id": "major_breach", "model_type": "Automated approximate 2D flood-routing prototype", "validated_hydraulic_output": false}, "geometry": {"type": "Polygon", "coordinates": [[[75.12806086779999, 18.071949285099997], [75.12806086779999, 18.0716715071], [75.1283386458, 18.0716715071], [75.1283386458, 18.071949285099997], [75.12806086779999, 18.071949285099997]]]}}, {"type": "Feature", "properties": {"time_min": 60, "depth_min_m": 3.0, "depth_max_m": 6.0, "depth_class": "3.0\u20136.0 m", "class_area_km2": 2.438557457809754, "flooded_area_km2": 17.78648792691141, "frame_max_depth_m": 144.69788555673983, "class_mean_depth_m": 4.439149085748216, "scenario_id": "major_breach", "model_type": "Automated approximate 2D flood-routing prototype", "validated_hydraulic_output": false}, "geometry": {"type": "Polygon", "coordinates": [[[75.11389418979999, 18.0716715071], [75.11389418979999, 18.0713937291], [75.11444974579999, 18.0713937291], [75.11444974579999, 18.0716715071], [75.11389418979999, 18.0716715071]]]}}, {"type": "Feature", "properties": {"time_min": 60, "depth_min_m": 3.0, "depth_max_m": 6.0, "depth_class": "3.0\u20136.0 m", "class_area_km2": 2.438557457809754, "flooded_area_km2": 17.78648792691141, "frame_max_depth_m": 144.69788555673983, "class_mean_depth_m": 4.439149085748216, "scenario_id": "major_breach", "model_type": "Automated approximate 2D flood-routing prototype", "validated_hydraulic_output": false}, "geometry": {"type": "Polygon", "coordinates": [[[75.0891719478, 18.073338175099998], [75.0891719478, 18.072782619099996], [75.0875052798, 18.072782619099996], [75.0875052798, 18.071949285099997], [75.0872275018, 18.071949285099997], [75.0872275018, 18.0716715071], [75.08694972379999, 18.0716715071], [75.08694972379999, 18.0713937291], [75.0863941678, 18.0713937291], [75.0863941678, 18.071115951099998], [75.0872275018, 18.071115951099998], [75.0872275018, 18.0713937291], [75.0877830578, 18.0713937291], [75.0877830578, 18.0716715071], [75.08833861379999, 18.0716715071], [75.08833861379999, 18.071949285099997], [75.0888941698, 18.071949285099997], [75.0888941698, 18.072227063099998], [75.0894497258, 18.072227063099998], [75.0894497258, 18.073338175099998], [75.0891719478, 18.073338175099998]]]}}, {"type": "Feature", "properties": {"time_min": 60, "depth_min_m": 3.0, "depth_max_m": 6.0, "depth_class": "3.0\u20136.0 m", "class_area_km2": 2.438557457809754, "flooded_area_km2": 17.78648792691141, "frame_max_depth_m": 144.69788555673983, "class_mean_depth_m": 4.439149085748216, "scenario_id": "major_breach", "model_type": "Automated approximate 2D flood-routing prototype", "validated_hydraulic_output": false}, "geometry": {"type": "Polygon", "coordinates": [[[75.1133386338, 18.0713937291], [75.1133386338, 18.071115951099998], [75.1136164118, 18.071115951099998], [75.1136164118, 18.0713937291], [75.1133386338, 18.0713937291]]]}}, {"type": "Feature", "properties": {"time_min": 60, "depth_min_m": 3.0, "depth_max_m": 6.0, "depth_class": "3.0\u20136.0 m", "class_area_km2": 2.438557457809754, "flooded_area_km2": 17.78648792691141, "frame_max_depth_m": 144.69788555673983, "class_mean_depth_m": 4.439149085748216, "scenario_id": "major_breach", "model_type": "Automated approximate 2D flood-routing prototype", "validated_hydraulic_output": false}, "geometry": {"type": "Polygon", "coordinates": [[[75.0861163898, 18.071115951099998], [75.0861163898, 18.070838173099997], [75.0863941678, 18.070838173099997], [75.0863941678, 18.071115951099998], [75.0861163898, 18.071115951099998]]]}}, {"type": "Feature", "properties": {"time_min": 60, "depth_min_m": 3.0, "depth_max_m": 6.0, "depth_class": "3.0\u20136.0 m", "class_area_km2": 2.438557457809754, "flooded_area_km2": 17.78648792691141, "frame_max_depth_m": 144.69788555673983, "class_mean_depth_m": 4.439149085748216, "scenario_id": "major_breach", "model_type": "Automated approximate 2D flood-routing prototype", "validated_hydraulic_output": false}, "geometry": {"type": "Polygon", "coordinates": [[[75.1122275218, 18.071115951099998], [75.1122275218, 18.070838173099997], [75.11278307779999, 18.070838173099997], [75.11278307779999, 18.071115951099998], [75.1122275218, 18.071115951099998]]]}}, {"type": "Feature", "properties": {"time_min": 60, "depth_min_m": 3.0, "depth_max_m": 6.0, "depth_class": "3.0\u20136.0 m", "class_area_km2": 2.438557457809754, "flooded_area_km2": 17.78648792691141, "frame_max_depth_m": 144.69788555673983, "class_mean_depth_m": 4.439149085748216, "scenario_id": "major_breach", "model_type": "Automated approximate 2D flood-routing prototype", "validated_hydraulic_output": false}, "geometry": {"type": "Polygon", "coordinates": [[[75.11139418779999, 18.070838173099997], [75.11139418779999, 18.0705603951], [75.1119497438, 18.0705603951], [75.1119497438, 18.070838173099997], [75.11139418779999, 18.070838173099997]]]}}, {"type": "Feature", "properties": {"time_min": 60, "depth_min_m": 3.0, "depth_max_m": 6.0, "depth_class": "3.0\u20136.0 m", "class_area_km2": 2.438557457809754, "flooded_area_km2": 17.78648792691141, "frame_max_depth_m": 144.69788555673983, "class_mean_depth_m": 4.439149085748216, "scenario_id": "major_breach", "model_type": "Automated approximate 2D flood-routing prototype", "validated_hydraulic_output": false}, "geometry": {"type": "Polygon", "coordinates": [[[75.1108386318, 18.0705603951], [75.1108386318, 18.0702826171], [75.11139418779999, 18.0702826171], [75.11139418779999, 18.0705603951], [75.1108386318, 18.0705603951]]]}}, {"type": "Feature", "properties": {"time_min": 60, "depth_min_m": 3.0, "depth_max_m": 6.0, "depth_class": "3.0\u20136.0 m", "class_area_km2": 2.438557457809754, "flooded_area_km2": 17.78648792691141, "frame_max_depth_m": 144.69788555673983, "class_mean_depth_m": 4.439149085748216, "scenario_id": "major_breach", "model_type": "Automated approximate 2D flood-routing prototype", "validated_hydraulic_output": false}, "geometry": {"type": "Polygon", "coordinates": [[[75.1105608538, 18.0702826171], [75.1105608538, 18.070004839099997], [75.1108386318, 18.070004839099997], [75.1108386318, 18.0702826171], [75.1105608538, 18.0702826171]]]}}, {"type": "Feature", "properties": {"time_min": 60, "depth_min_m": 3.0, "depth_max_m": 6.0, "depth_class": "3.0\u20136.0 m", "class_area_km2": 2.438557457809754, "flooded_area_km2": 17.78648792691141, "frame_max_depth_m": 144.69788555673983, "class_mean_depth_m": 4.439149085748216, "scenario_id": "major_breach", "model_type": "Automated approximate 2D flood-routing prototype", "validated_hydraulic_output": false}, "geometry": {"type": "Polygon", "coordinates": [[[75.0830608318, 18.0713937291], [75.0830608318, 18.071115951099998], [75.0827830538, 18.071115951099998], [75.0827830538, 18.070838173099997], [75.08250527579999, 18.070838173099997], [75.08250527579999, 18.0705603951], [75.0830608318, 18.0705603951], [75.0830608318, 18.070838173099997], [75.08361638779999, 18.070838173099997], [75.08361638779999, 18.0702826171], [75.08389416579999, 18.0702826171], [75.08389416579999, 18.069727061099996], [75.0844497218, 18.069727061099996], [75.0844497218, 18.070004839099997], [75.0850052778, 18.070004839099997], [75.0850052778, 18.0702826171], [75.0861163898, 18.0702826171], [75.0861163898, 18.070838173099997], [75.0858386118, 18.070838173099997], [75.0858386118, 18.0705603951], [75.08528305579999, 18.0705603951], [75.08528305579999, 18.070838173099997], [75.0844497218, 18.070838173099997], [75.0844497218, 18.0705603951], [75.0841719438, 18.0705603951], [75.0841719438, 18.071115951099998], [75.08389416579999, 18.071115951099998], [75.08389416579999, 18.0713937291], [75.0830608318, 18.0713937291]]]}}, {"type": "Feature", "properties": {"time_min": 60, "depth_min_m": 3.0, "depth_max_m": 6.0, "depth_class": "3.0\u20136.0 m", "class_area_km2": 2.438557457809754, "flooded_area_km2": 17.78648792691141, "frame_max_depth_m": 144.69788555673983, "class_mean_depth_m": 4.439149085748216, "scenario_id": "major_breach", "model_type": "Automated approximate 2D flood-routing prototype", "validated_hydraulic_output": false}, "geometry": {"type": "Polygon", "coordinates": [[[75.1100052978, 18.070004839099997], [75.1100052978, 18.069727061099996], [75.1102830758, 18.069727061099996], [75.1102830758, 18.070004839099997], [75.1100052978, 18.070004839099997]]]}}, {"type": "Feature", "properties": {"time_min": 60, "depth_min_m": 3.0, "depth_max_m": 6.0, "depth_class": "3.0\u20136.0 m", "class_area_km2": 2.438557457809754, "flooded_area_km2": 17.78648792691141, "frame_max_depth_m": 144.69788555673983, "class_mean_depth_m": 4.439149085748216, "scenario_id": "major_breach", "model_type": "Automated approximate 2D flood-routing prototype", "validated_hydraulic_output": false}, "geometry": {"type": "Polygon", "coordinates": [[[75.10972751979999, 18.069727061099996], [75.10972751979999, 18.0694492831], [75.1100052978, 18.0694492831], [75.1100052978, 18.069727061099996], [75.10972751979999, 18.069727061099996]]]}}, {"type": "Feature", "properties": {"time_min": 60, "depth_min_m": 3.0, "depth_max_m": 6.0, "depth_class": "3.0\u20136.0 m", "class_area_km2": 2.438557457809754, "flooded_area_km2": 17.78648792691141, "frame_max_depth_m": 144.69788555673983, "class_mean_depth_m": 4.439149085748216, "scenario_id": "major_breach", "model_type": "Automated approximate 2D flood-routing prototype", "validated_hydraulic_output": false}, "geometry": {"type": "Polygon", "coordinates": [[[75.1091719638, 18.0694492831], [75.1091719638, 18.069171505099998], [75.10972751979999, 18.069171505099998], [75.10972751979999, 18.0694492831], [75.1091719638, 18.0694492831]]]}}, {"type": "Feature", "properties": {"time_min": 60, "depth_min_m": 3.0, "depth_max_m": 6.0, "depth_class": "3.0\u20136.0 m", "class_area_km2": 2.438557457809754, "flooded_area_km2": 17.78648792691141, "frame_max_depth_m": 144.69788555673983, "class_mean_depth_m": 4.439149085748216, "scenario_id": "major_breach", "model_type": "Automated approximate 2D flood-routing prototype", "validated_hydraulic_output": false}, "geometry": {"type": "Polygon", "coordinates": [[[75.1088941858, 18.069171505099998], [75.1088941858, 18.068893727099997], [75.1091719638, 18.068893727099997], [75.1091719638, 18.069171505099998], [75.1088941858, 18.069171505099998]]]}}, {"type": "Feature", "properties": {"time_min": 60, "depth_min_m": 3.0, "depth_max_m": 6.0, "depth_class": "3.0\u20136.0 m", "class_area_km2": 2.438557457809754, "flooded_area_km2": 17.78648792691141, "frame_max_depth_m": 144.69788555673983, "class_mean_depth_m": 4.439149085748216, "scenario_id": "major_breach", "model_type": "Automated approximate 2D flood-routing prototype", "validated_hydraulic_output": false}, "geometry": {"type": "Polygon", "coordinates": [[[75.10833862979999, 18.068615949099996], [75.10833862979999, 18.0683381711], [75.1086164078, 18.0683381711], [75.1086164078, 18.068615949099996], [75.10833862979999, 18.068615949099996]]]}}, {"type": "Feature", "properties": {"time_min": 60, "depth_min_m": 3.0, "depth_max_m": 6.0, "depth_class": "3.0\u20136.0 m", "class_area_km2": 2.438557457809754, "flooded_area_km2": 17.78648792691141, "frame_max_depth_m": 144.69788555673983, "class_mean_depth_m": 4.439149085748216, "scenario_id": "major_breach", "model_type": "Automated approximate 2D flood-routing prototype", "validated_hydraulic_output": false}, "geometry": {"type": "Polygon", "coordinates": [[[75.10806085179999, 18.0683381711], [75.10806085179999, 18.068060393099998], [75.10833862979999, 18.068060393099998], [75.10833862979999, 18.0683381711], [75.10806085179999, 18.0683381711]]]}}, {"type": "Feature", "properties": {"time_min": 60, "depth_min_m": 3.0, "depth_max_m": 6.0, "depth_class": "3.0\u20136.0 m", "class_area_km2": 2.438557457809754, "flooded_area_km2": 17.78648792691141, "frame_max_depth_m": 144.69788555673983, "class_mean_depth_m": 4.439149085748216, "scenario_id": "major_breach", "model_type": "Automated approximate 2D flood-routing prototype", "validated_hydraulic_output": false}, "geometry": {"type": "Polygon", "coordinates": [[[75.1077830738, 18.068060393099998], [75.1077830738, 18.067782615099997], [75.10806085179999, 18.067782615099997], [75.10806085179999, 18.068060393099998], [75.1077830738, 18.068060393099998]]]}}, {"type": "Feature", "properties": {"time_min": 60, "depth_min_m": 3.0, "depth_max_m": 6.0, "depth_class": "3.0\u20136.0 m", "class_area_km2": 2.438557457809754, "flooded_area_km2": 17.78648792691141, "frame_max_depth_m": 144.69788555673983, "class_mean_depth_m": 4.439149085748216, "scenario_id": "major_breach", "model_type": "Automated approximate 2D flood-routing prototype", "validated_hydraulic_output": false}, "geometry": {"type": "Polygon", "coordinates": [[[75.1075052958, 18.0675048371], [75.1075052958, 18.0672270591], [75.1077830738, 18.0672270591], [75.1077830738, 18.0675048371], [75.1075052958, 18.0675048371]]]}}, {"type": "Feature", "properties": {"time_min": 60, "depth_min_m": 3.0, "depth_max_m": 6.0, "depth_class": "3.0\u20136.0 m", "class_area_km2": 2.438557457809754, "flooded_area_km2": 17.78648792691141, "frame_max_depth_m": 144.69788555673983, "class_mean_depth_m": 4.439149085748216, "scenario_id": "major_breach", "model_type": "Automated approximate 2D flood-routing prototype", "validated_hydraulic_output": false}, "geometry": {"type": "Polygon", "coordinates": [[[75.1072275178, 18.0672270591], [75.1072275178, 18.0661159471], [75.1075052958, 18.0661159471], [75.1075052958, 18.0672270591], [75.1072275178, 18.0672270591]]]}}, {"type": "Feature", "properties": {"time_min": 60, "depth_min_m": 3.0, "depth_max_m": 6.0, "depth_class": "3.0\u20136.0 m", "class_area_km2": 2.438557457809754, "flooded_area_km2": 17.78648792691141, "frame_max_depth_m": 144.69788555673983, "class_mean_depth_m": 4.439149085748216, "scenario_id": "major_breach", "model_type": "Automated approximate 2D flood-routing prototype", "validated_hydraulic_output": false}, "geometry": {"type": "Polygon", "coordinates": [[[75.1075052958, 18.0661159471], [75.1075052958, 18.065838169099997], [75.1077830738, 18.065838169099997], [75.1077830738, 18.0661159471], [75.1075052958, 18.0661159471]]]}}, {"type": "Feature", "properties": {"time_min": 60, "depth_min_m": 3.0, "depth_max_m": 6.0, "depth_class": "3.0\u20136.0 m", "class_area_km2": 2.438557457809754, "flooded_area_km2": 17.78648792691141, "frame_max_depth_m": 144.69788555673983, "class_mean_depth_m": 4.439149085748216, "scenario_id": "major_breach", "model_type": "Automated approximate 2D flood-routing prototype", "validated_hydraulic_output": false}, "geometry": {"type": "Polygon", "coordinates": [[[75.0788941618, 18.070838173099997], [75.0788941618, 18.0694492831], [75.07944971779999, 18.0694492831], [75.07944971779999, 18.068893727099997], [75.0800052738, 18.068893727099997], [75.0800052738, 18.068615949099996], [75.08056082979999, 18.068615949099996], [75.08056082979999, 18.0683381711], [75.0813941638, 18.0683381711], [75.0813941638, 18.068060393099998], [75.0819497198, 18.068060393099998], [75.0819497198, 18.0675048371], [75.08222749779999, 18.0675048371], [75.08222749779999, 18.0672270591], [75.08250527579999, 18.0672270591], [75.08250527579999, 18.066949281099998], [75.0827830538, 18.066949281099998], [75.0827830538, 18.066671503099997], [75.0830608318, 18.066671503099997], [75.0830608318, 18.0661159471], [75.08389416579999, 18.0661159471], [75.08389416579999, 18.065560391099996], [75.0844497218, 18.065560391099996], [75.0844497218, 18.0661159471], [75.0841719438, 18.0661159471], [75.0841719438, 18.0663937251], [75.08389416579999, 18.0663937251], [75.08389416579999, 18.066671503099997], [75.08361638779999, 18.066671503099997], [75.08361638779999, 18.0672270591], [75.0833386098, 18.0672270591], [75.0833386098, 18.0675048371], [75.0830608318, 18.0675048371], [75.0830608318, 18.068060393099998], [75.0827830538, 18.068060393099998], [75.0827830538, 18.0683381711], [75.0833386098, 18.0683381711], [75.0833386098, 18.068893727099997], [75.0830608318, 18.068893727099997], [75.0830608318, 18.0694492831], [75.08222749779999, 18.0694492831], [75.08222749779999, 18.069727061099996], [75.08250527579999, 18.069727061099996], [75.08250527579999, 18.070004839099997], [75.08222749779999, 18.070004839099997], [75.08222749779999, 18.0702826171], [75.08250527579999, 18.0702826171], [75.08250527579999, 18.0705603951], [75.0819497198, 18.0705603951], [75.0819497198, 18.0702826171], [75.0811163858, 18.0702826171], [75.0811163858, 18.0705603951], [75.0800052738, 18.0705603951], [75.0800052738, 18.070838173099997], [75.0788941618, 18.070838173099997]]]}}, {"type": "Feature", "properties": {"time_min": 60, "depth_min_m": 3.0, "depth_max_m": 6.0, "depth_class": "3.0\u20136.0 m", "class_area_km2": 2.438557457809754, "flooded_area_km2": 17.78648792691141, "frame_max_depth_m": 144.69788555673983, "class_mean_depth_m": 4.439149085748216, "scenario_id": "major_breach", "model_type": "Automated approximate 2D flood-routing prototype", "validated_hydraulic_output": false}, "geometry": {"type": "Polygon", "coordinates": [[[75.1077830738, 18.065838169099997], [75.1077830738, 18.065560391099996], [75.10806085179999, 18.065560391099996], [75.10806085179999, 18.065838169099997], [75.1077830738, 18.065838169099997]]]}}, {"type": "Feature", "properties": {"time_min": 60, "depth_min_m": 3.0, "depth_max_m": 6.0, "depth_class": "3.0\u20136.0 m", "class_area_km2": 2.438557457809754, "flooded_area_km2": 17.78648792691141, "frame_max_depth_m": 144.69788555673983, "class_mean_depth_m": 4.439149085748216, "scenario_id": "major_breach", "model_type": "Automated approximate 2D flood-routing prototype", "validated_hydraulic_output": false}, "geometry": {"type": "Polygon", "coordinates": [[[75.0844497218, 18.065560391099996], [75.0844497218, 18.0652826131], [75.0847274998, 18.0652826131], [75.0847274998, 18.065560391099996], [75.0844497218, 18.065560391099996]]]}}, {"type": "Feature", "properties": {"time_min": 60, "depth_min_m": 3.0, "depth_max_m": 6.0, "depth_class": "3.0\u20136.0 m", "class_area_km2": 2.438557457809754, "flooded_area_km2": 17.78648792691141, "frame_max_depth_m": 144.69788555673983, "class_mean_depth_m": 4.439149085748216, "scenario_id": "major_breach", "model_type": "Automated approximate 2D flood-routing prototype", "validated_hydraulic_output": false}, "geometry": {"type": "Polygon", "coordinates": [[[75.10806085179999, 18.065560391099996], [75.10806085179999, 18.065004835099998], [75.10833862979999, 18.065004835099998], [75.10833862979999, 18.065560391099996], [75.10806085179999, 18.065560391099996]]]}}, {"type": "Feature", "properties": {"time_min": 60, "depth_min_m": 3.0, "depth_max_m": 6.0, "depth_class": "3.0\u20136.0 m", "class_area_km2": 2.438557457809754, "flooded_area_km2": 17.78648792691141, "frame_max_depth_m": 144.69788555673983, "class_mean_depth_m": 4.439149085748216, "scenario_id": "major_breach", "model_type": "Automated approximate 2D flood-routing prototype", "validated_hydraulic_output": false}, "geometry": {"type": "Polygon", "coordinates": [[[75.0847274998, 18.0652826131], [75.0847274998, 18.064727057099997], [75.0850052778, 18.064727057099997], [75.0850052778, 18.0652826131], [75.0847274998, 18.0652826131]]]}}, {"type": "Feature", "properties": {"time_min": 60, "depth_min_m": 3.0, "depth_max_m": 6.0, "depth_class": "3.0\u20136.0 m", "class_area_km2": 2.438557457809754, "flooded_area_km2": 17.78648792691141, "frame_max_depth_m": 144.69788555673983, "class_mean_depth_m": 4.439149085748216, "scenario_id": "major_breach", "model_type": "Automated approximate 2D flood-routing prototype", "validated_hydraulic_output": false}, "geometry": {"type": "Polygon", "coordinates": [[[75.0850052778, 18.064727057099997], [75.0850052778, 18.064449279099996], [75.08528305579999, 18.064449279099996], [75.08528305579999, 18.064727057099997], [75.0850052778, 18.064727057099997]]]}}, {"type": "Feature", "properties": {"time_min": 60, "depth_min_m": 3.0, "depth_max_m": 6.0, "depth_class": "3.0\u20136.0 m", "class_area_km2": 2.438557457809754, "flooded_area_km2": 17.78648792691141, "frame_max_depth_m": 144.69788555673983, "class_mean_depth_m": 4.439149085748216, "scenario_id": "major_breach", "model_type": "Automated approximate 2D flood-routing prototype", "validated_hydraulic_output": false}, "geometry": {"type": "Polygon", "coordinates": [[[75.0847274998, 18.0641715011], [75.0847274998, 18.063893723099998], [75.0841719438, 18.063893723099998], [75.0841719438, 18.063615945099997], [75.0844497218, 18.063615945099997], [75.0844497218, 18.0630603891], [75.0847274998, 18.0630603891], [75.0847274998, 18.062782611099998], [75.0850052778, 18.062782611099998], [75.0850052778, 18.0641715011], [75.0847274998, 18.0641715011]]]}}, {"type": "Feature", "properties": {"time_min": 60, "depth_min_m": 3.0, "depth_max_m": 6.0, "depth_class": "3.0\u20136.0 m", "class_area_km2": 2.438557457809754, "flooded_area_km2": 17.78648792691141, "frame_max_depth_m": 144.69788555673983, "class_mean_depth_m": 4.439149085748216, "scenario_id": "major_breach", "model_type": "Automated approximate 2D flood-routing prototype", "validated_hydraulic_output": false}, "geometry": {"type": "Polygon", "coordinates": [[[75.1008386238, 18.065560391099996], [75.1008386238, 18.065004835099998], [75.10056084579999, 18.065004835099998], [75.10056084579999, 18.064449279099996], [75.10028306779999, 18.064449279099996], [75.10028306779999, 18.063893723099998], [75.1000052898, 18.063893723099998], [75.1000052898, 18.063615945099997], [75.0997275118, 18.063615945099997], [75.0997275118, 18.0633381671], [75.0994497338, 18.0633381671], [75.0994497338, 18.0630603891], [75.09889417779999, 18.0630603891], [75.09889417779999, 18.062504833099997], [75.09917195579999, 18.062504833099997], [75.09917195579999, 18.062782611099998], [75.0994497338, 18.062782611099998], [75.0994497338, 18.062504833099997], [75.10028306779999, 18.062504833099997], [75.10028306779999, 18.062782611099998], [75.10056084579999, 18.062782611099998], [75.10056084579999, 18.0630603891], [75.10028306779999, 18.0630603891], [75.10028306779999, 18.0633381671], [75.10056084579999, 18.0633381671], [75.10056084579999, 18.0641715011], [75.1008386238, 18.0641715011], [75.1008386238, 18.064727057099997], [75.1011164018, 18.064727057099997], [75.1011164018, 18.0652826131], [75.10194973579999, 18.0652826131], [75.10194973579999, 18.065560391099996], [75.1008386238, 18.065560391099996]]]}}, {"type": "Feature", "properties": {"time_min": 60, "depth_min_m": 3.0, "depth_max_m": 6.0, "depth_class": "3.0\u20136.0 m", "class_area_km2": 2.438557457809754, "flooded_area_km2": 17.78648792691141, "frame_max_depth_m": 144.69788555673983, "class_mean_depth_m": 4.439149085748216, "scenario_id": "major_breach", "model_type": "Automated approximate 2D flood-routing prototype", "validated_hydraulic_output": false}, "geometry": {"type": "Polygon", "coordinates": [[[75.0850052778, 18.062782611099998], [75.0850052778, 18.062504833099997], [75.08528305579999, 18.062504833099997], [75.08528305579999, 18.062782611099998], [75.0850052778, 18.062782611099998]]]}}, {"type": "Feature", "properties": {"time_min": 60, "depth_min_m": 3.0, "depth_max_m": 6.0, "depth_class": "3.0\u20136.0 m", "class_area_km2": 2.438557457809754, "flooded_area_km2": 17.78648792691141, "frame_max_depth_m": 144.69788555673983, "class_mean_depth_m": 4.439149085748216, "scenario_id": "major_breach", "model_type": "Automated approximate 2D flood-routing prototype", "validated_hydraulic_output": false}, "geometry": {"type": "Polygon", "coordinates": [[[75.0983386218, 18.062782611099998], [75.0983386218, 18.062504833099997], [75.0986163998, 18.062504833099997], [75.0986163998, 18.062782611099998], [75.0983386218, 18.062782611099998]]]}}, {"type": "Feature", "properties": {"time_min": 60, "depth_min_m": 3.0, "depth_max_m": 6.0, "depth_class": "3.0\u20136.0 m", "class_area_km2": 2.438557457809754, "flooded_area_km2": 17.78648792691141, "frame_max_depth_m": 144.69788555673983, "class_mean_depth_m": 4.439149085748216, "scenario_id": "major_breach", "model_type": "Automated approximate 2D flood-routing prototype", "validated_hydraulic_output": false}, "geometry": {"type": "Polygon", "coordinates": [[[75.10639418379999, 18.062782611099998], [75.10639418379999, 18.062504833099997], [75.10667196179999, 18.062504833099997], [75.10667196179999, 18.062782611099998], [75.10639418379999, 18.062782611099998]]]}}, {"type": "Feature", "properties": {"time_min": 60, "depth_min_m": 3.0, "depth_max_m": 6.0, "depth_class": "3.0\u20136.0 m", "class_area_km2": 2.438557457809754, "flooded_area_km2": 17.78648792691141, "frame_max_depth_m": 144.69788555673983, "class_mean_depth_m": 4.439149085748216, "scenario_id": "major_breach", "model_type": "Automated approximate 2D flood-routing prototype", "validated_hydraulic_output": false}, "geometry": {"type": "Polygon", "coordinates": [[[75.0850052778, 18.0622270551], [75.0850052778, 18.061671499099997], [75.08528305579999, 18.061671499099997], [75.08528305579999, 18.0622270551], [75.0850052778, 18.0622270551]]]}}, {"type": "Feature", "properties": {"time_min": 60, "depth_min_m": 3.0, "depth_max_m": 6.0, "depth_class": "3.0\u20136.0 m", "class_area_km2": 2.438557457809754, "flooded_area_km2": 17.78648792691141, "frame_max_depth_m": 144.69788555673983, "class_mean_depth_m": 4.439149085748216, "scenario_id": "major_breach", "model_type": "Automated approximate 2D flood-routing prototype", "validated_hydraulic_output": false}, "geometry": {"type": "Polygon", "coordinates": [[[75.0847274998, 18.061671499099997], [75.0847274998, 18.061393721099996], [75.0850052778, 18.061393721099996], [75.0850052778, 18.061671499099997], [75.0847274998, 18.061671499099997]]]}}, {"type": "Feature", "properties": {"time_min": 60, "depth_min_m": 3.0, "depth_max_m": 6.0, "depth_class": "3.0\u20136.0 m", "class_area_km2": 2.438557457809754, "flooded_area_km2": 17.78648792691141, "frame_max_depth_m": 144.69788555673983, "class_mean_depth_m": 4.439149085748216, "scenario_id": "major_breach", "model_type": "Automated approximate 2D flood-routing prototype", "validated_hydraulic_output": false}, "geometry": {"type": "Polygon", "coordinates": [[[75.1077830738, 18.061671499099997], [75.1077830738, 18.061393721099996], [75.10806085179999, 18.061393721099996], [75.10806085179999, 18.061671499099997], [75.1077830738, 18.061671499099997]]]}}, {"type": "Feature", "properties": {"time_min": 60, "depth_min_m": 3.0, "depth_max_m": 6.0, "depth_class": "3.0\u20136.0 m", "class_area_km2": 2.438557457809754, "flooded_area_km2": 17.78648792691141, "frame_max_depth_m": 144.69788555673983, "class_mean_depth_m": 4.439149085748216, "scenario_id": "major_breach", "model_type": "Automated approximate 2D flood-routing prototype", "validated_hydraulic_output": false}, "geometry": {"type": "Polygon", "coordinates": [[[75.0936163958, 18.063893723099998], [75.0936163958, 18.061671499099997], [75.0933386178, 18.061671499099997], [75.0933386178, 18.0611159431], [75.09444972979999, 18.0611159431], [75.09444972979999, 18.061393721099996], [75.0950052858, 18.061393721099996], [75.0950052858, 18.061671499099997], [75.0955608418, 18.061671499099997], [75.0955608418, 18.0619492771], [75.0963941758, 18.0619492771], [75.0963941758, 18.061671499099997], [75.09722750979999, 18.061671499099997], [75.09722750979999, 18.061393721099996], [75.09750528779999, 18.061393721099996], [75.09750528779999, 18.061671499099997], [75.0977830658, 18.061671499099997], [75.0977830658, 18.062504833099997], [75.0969497318, 18.062504833099997], [75.0969497318, 18.062782611099998], [75.0963941758, 18.062782611099998], [75.0963941758, 18.0630603891], [75.0955608418, 18.0630603891], [75.0955608418, 18.0633381671], [75.0952830638, 18.0633381671], [75.0952830638, 18.063615945099997], [75.0950052858, 18.063615945099997], [75.0950052858, 18.0633381671], [75.09417195179999, 18.0633381671], [75.09417195179999, 18.063615945099997], [75.09444972979999, 18.063615945099997], [75.09444972979999, 18.063893723099998], [75.0936163958, 18.063893723099998]]]}}, {"type": "Feature", "properties": {"time_min": 60, "depth_min_m": 3.0, "depth_max_m": 6.0, "depth_class": "3.0\u20136.0 m", "class_area_km2": 2.438557457809754, "flooded_area_km2": 17.78648792691141, "frame_max_depth_m": 144.69788555673983, "class_mean_depth_m": 4.439149085748216, "scenario_id": "major_breach", "model_type": "Automated approximate 2D flood-routing prototype", "validated_hydraulic_output": false}, "geometry": {"type": "Polygon", "coordinates": [[[75.0844497218, 18.061393721099996], [75.0844497218, 18.0611159431], [75.0847274998, 18.0611159431], [75.0847274998, 18.061393721099996], [75.0844497218, 18.061393721099996]]]}}, {"type": "Feature", "properties": {"time_min": 60, "depth_min_m": 3.0, "depth_max_m": 6.0, "depth_class": "3.0\u20136.0 m", "class_area_km2": 2.438557457809754, "flooded_area_km2": 17.78648792691141, "frame_max_depth_m": 144.69788555673983, "class_mean_depth_m": 4.439149085748216, "scenario_id": "major_breach", "model_type": "Automated approximate 2D flood-routing prototype", "validated_hydraulic_output": false}, "geometry": {"type": "Polygon", "coordinates": [[[75.10833862979999, 18.065004835099998], [75.10833862979999, 18.064449279099996], [75.1086164078, 18.064449279099996], [75.1086164078, 18.063615945099997], [75.1088941858, 18.063615945099997], [75.1088941858, 18.0633381671], [75.1091719638, 18.0633381671], [75.1091719638, 18.0630603891], [75.10944974179999, 18.0630603891], [75.10944974179999, 18.062504833099997], [75.1091719638, 18.062504833099997], [75.1091719638, 18.0622270551], [75.10944974179999, 18.0622270551], [75.10944974179999, 18.0619492771], [75.1091719638, 18.0619492771], [75.1091719638, 18.061393721099996], [75.10833862979999, 18.061393721099996], [75.10833862979999, 18.0611159431], [75.10972751979999, 18.0611159431], [75.10972751979999, 18.061393721099996], [75.1100052978, 18.061393721099996], [75.1100052978, 18.061671499099997], [75.1102830758, 18.061671499099997], [75.1102830758, 18.0619492771], [75.11139418779999, 18.0619492771], [75.11139418779999, 18.0622270551], [75.11250529979999, 18.0622270551], [75.11250529979999, 18.062504833099997], [75.1122275218, 18.062504833099997], [75.1122275218, 18.062782611099998], [75.1119497438, 18.062782611099998], [75.1119497438, 18.0630603891], [75.1116719658, 18.0630603891], [75.1116719658, 18.0633381671], [75.1100052978, 18.0633381671], [75.1100052978, 18.063615945099997], [75.10972751979999, 18.063615945099997], [75.10972751979999, 18.063893723099998], [75.10944974179999, 18.063893723099998], [75.10944974179999, 18.064449279099996], [75.1088941858, 18.064449279099996], [75.1088941858, 18.064727057099997], [75.1086164078, 18.064727057099997], [75.1086164078, 18.065004835099998], [75.10833862979999, 18.065004835099998]], [[75.1102830758, 18.0630603891], [75.1105608538, 18.0630603891], [75.1105608538, 18.062504833099997], [75.1102830758, 18.062504833099997], [75.1102830758, 18.0630603891]]]}}, {"type": "Feature", "properties": {"time_min": 60, "depth_min_m": 3.0, "depth_max_m": 6.0, "depth_class": "3.0\u20136.0 m", "class_area_km2": 2.438557457809754, "flooded_area_km2": 17.78648792691141, "frame_max_depth_m": 144.69788555673983, "class_mean_depth_m": 4.439149085748216, "scenario_id": "major_breach", "model_type": "Automated approximate 2D flood-routing prototype", "validated_hydraulic_output": false}, "geometry": {"type": "Polygon", "coordinates": [[[75.08389416579999, 18.0611159431], [75.08389416579999, 18.060838165099998], [75.0844497218, 18.060838165099998], [75.0844497218, 18.0611159431], [75.08389416579999, 18.0611159431]]]}}, {"type": "Feature", "properties": {"time_min": 60, "depth_min_m": 3.0, "depth_max_m": 6.0, "depth_class": "3.0\u20136.0 m", "class_area_km2": 2.438557457809754, "flooded_area_km2": 17.78648792691141, "frame_max_depth_m": 144.69788555673983, "class_mean_depth_m": 4.439149085748216, "scenario_id": "major_breach", "model_type": "Automated approximate 2D flood-routing prototype", "validated_hydraulic_output": false}, "geometry": {"type": "Polygon", "coordinates": [[[75.08222749779999, 18.061393721099996], [75.08222749779999, 18.060560387099997], [75.08250527579999, 18.060560387099997], [75.08250527579999, 18.0602826091], [75.0827830538, 18.0602826091], [75.0827830538, 18.060838165099998], [75.0830608318, 18.060838165099998], [75.0830608318, 18.0611159431], [75.08361638779999, 18.0611159431], [75.08361638779999, 18.061393721099996], [75.08222749779999, 18.061393721099996]]]}}, {"type": "Feature", "properties": {"time_min": 60, "depth_min_m": 3.0, "depth_max_m": 6.0, "depth_class": "3.0\u20136.0 m", "class_area_km2": 2.438557457809754, "flooded_area_km2": 17.78648792691141, "frame_max_depth_m": 144.69788555673983, "class_mean_depth_m": 4.439149085748216, "scenario_id": "major_breach", "model_type": "Automated approximate 2D flood-routing prototype", "validated_hydraulic_output": false}, "geometry": {"type": "Polygon", "coordinates": [[[75.0827830538, 18.0602826091], [75.0827830538, 18.059727053099998], [75.0830608318, 18.059727053099998], [75.0830608318, 18.0602826091], [75.0827830538, 18.0602826091]]]}}, {"type": "Feature", "properties": {"time_min": 60, "depth_min_m": 3.0, "depth_max_m": 6.0, "depth_class": "3.0\u20136.0 m", "class_area_km2": 2.438557457809754, "flooded_area_km2": 17.78648792691141, "frame_max_depth_m": 144.69788555673983, "class_mean_depth_m": 4.439149085748216, "scenario_id": "major_breach", "model_type": "Automated approximate 2D flood-routing prototype", "validated_hydraulic_output": false}, "geometry": {"type": "Polygon", "coordinates": [[[75.0830608318, 18.059727053099998], [75.0830608318, 18.0588937191], [75.0833386098, 18.0588937191], [75.0833386098, 18.059727053099998], [75.0830608318, 18.059727053099998]]]}}, {"type": "Feature", "properties": {"time_min": 60, "depth_min_m": 3.0, "depth_max_m": 6.0, "depth_class": "3.0\u20136.0 m", "class_area_km2": 2.438557457809754, "flooded_area_km2": 17.78648792691141, "frame_max_depth_m": 144.69788555673983, "class_mean_depth_m": 4.439149085748216, "scenario_id": "major_breach", "model_type": "Automated approximate 2D flood-routing prototype", "validated_hydraulic_output": false}, "geometry": {"type": "Polygon", "coordinates": [[[75.08250527579999, 18.0588937191], [75.08250527579999, 18.058615941099998], [75.08222749779999, 18.058615941099998], [75.08222749779999, 18.0580603851], [75.08250527579999, 18.0580603851], [75.08250527579999, 18.0577826071], [75.0827830538, 18.0577826071], [75.0827830538, 18.057504829099997], [75.0830608318, 18.057504829099997], [75.0830608318, 18.057227051099996], [75.08361638779999, 18.057227051099996], [75.08361638779999, 18.057504829099997], [75.0833386098, 18.057504829099997], [75.0833386098, 18.0577826071], [75.0830608318, 18.0577826071], [75.0830608318, 18.0580603851], [75.0827830538, 18.0580603851], [75.0827830538, 18.058615941099998], [75.0830608318, 18.058615941099998], [75.0830608318, 18.0588937191], [75.08250527579999, 18.0588937191]]]}}, {"type": "Feature", "properties": {"time_min": 60, "depth_min_m": 3.0, "depth_max_m": 6.0, "depth_class": "3.0\u20136.0 m", "class_area_km2": 2.438557457809754, "flooded_area_km2": 17.78648792691141, "frame_max_depth_m": 144.69788555673983, "class_mean_depth_m": 4.439149085748216, "scenario_id": "major_breach", "model_type": "Automated approximate 2D flood-routing prototype", "validated_hydraulic_output": false}, "geometry": {"type": "Polygon", "coordinates": [[[75.0833386098, 18.0569492731], [75.0833386098, 18.0561159391], [75.08361638779999, 18.0561159391], [75.08361638779999, 18.0569492731], [75.0833386098, 18.0569492731]]]}}, {"type": "Feature", "properties": {"time_min": 60, "depth_min_m": 3.0, "depth_max_m": 6.0, "depth_class": "3.0\u20136.0 m", "class_area_km2": 2.438557457809754, "flooded_area_km2": 17.78648792691141, "frame_max_depth_m": 144.69788555673983, "class_mean_depth_m": 4.439149085748216, "scenario_id": "major_breach", "model_type": "Automated approximate 2D flood-routing prototype", "validated_hydraulic_output": false}, "geometry": {"type": "Polygon", "coordinates": [[[75.0830608318, 18.0558381611], [75.0830608318, 18.055282605099997], [75.0833386098, 18.055282605099997], [75.0833386098, 18.0558381611], [75.0830608318, 18.0558381611]]]}}, {"type": "Feature", "properties": {"time_min": 60, "depth_min_m": 3.0, "depth_max_m": 6.0, "depth_class": "3.0\u20136.0 m", "class_area_km2": 2.438557457809754, "flooded_area_km2": 17.78648792691141, "frame_max_depth_m": 144.69788555673983, "class_mean_depth_m": 4.439149085748216, "scenario_id": "major_breach", "model_type": "Automated approximate 2D flood-routing prototype", "validated_hydraulic_output": false}, "geometry": {"type": "Polygon", "coordinates": [[[75.0877830578, 18.055560383099998], [75.0877830578, 18.055282605099997], [75.0880608358, 18.055282605099997], [75.0880608358, 18.055560383099998], [75.0877830578, 18.055560383099998]]]}}, {"type": "Feature", "properties": {"time_min": 60, "depth_min_m": 3.0, "depth_max_m": 6.0, "depth_class": "3.0\u20136.0 m", "class_area_km2": 2.438557457809754, "flooded_area_km2": 17.78648792691141, "frame_max_depth_m": 144.69788555673983, "class_mean_depth_m": 4.439149085748216, "scenario_id": "major_breach", "model_type": "Automated approximate 2D flood-routing prototype", "validated_hydraulic_output": false}, "geometry": {"type": "Polygon", "coordinates": [[[75.0872275018, 18.0550048271], [75.0872275018, 18.0547270491], [75.0877830578, 18.0547270491], [75.0877830578, 18.0550048271], [75.0872275018, 18.0550048271]]]}}, {"type": "Feature", "properties": {"time_min": 60, "depth_min_m": 3.0, "depth_max_m": 6.0, "depth_class": "3.0\u20136.0 m", "class_area_km2": 2.438557457809754, "flooded_area_km2": 17.78648792691141, "frame_max_depth_m": 144.69788555673983, "class_mean_depth_m": 4.439149085748216, "scenario_id": "major_breach", "model_type": "Automated approximate 2D flood-routing prototype", "validated_hydraulic_output": false}, "geometry": {"type": "Polygon", "coordinates": [[[75.0827830538, 18.055282605099997], [75.0827830538, 18.054171493099997], [75.0830608318, 18.054171493099997], [75.0830608318, 18.055282605099997], [75.0827830538, 18.055282605099997]]]}}, {"type": "Feature", "properties": {"time_min": 60, "depth_min_m": 3.0, "depth_max_m": 6.0, "depth_class": "3.0\u20136.0 m", "class_area_km2": 2.438557457809754, "flooded_area_km2": 17.78648792691141, "frame_max_depth_m": 144.69788555673983, "class_mean_depth_m": 4.439149085748216, "scenario_id": "major_breach", "model_type": "Automated approximate 2D flood-routing prototype", "validated_hydraulic_output": false}, "geometry": {"type": "Polygon", "coordinates": [[[75.08250527579999, 18.054171493099997], [75.08250527579999, 18.0538937151], [75.0827830538, 18.0538937151], [75.0827830538, 18.054171493099997], [75.08250527579999, 18.054171493099997]]]}}, {"type": "Feature", "properties": {"time_min": 60, "depth_min_m": 3.0, "depth_max_m": 6.0, "depth_class": "3.0\u20136.0 m", "class_area_km2": 2.438557457809754, "flooded_area_km2": 17.78648792691141, "frame_max_depth_m": 144.69788555673983, "class_mean_depth_m": 4.439149085748216, "scenario_id": "major_breach", "model_type": "Automated approximate 2D flood-routing prototype", "validated_hydraulic_output": false}, "geometry": {"type": "Polygon", "coordinates": [[[75.0800052738, 18.0536159371], [75.0800052738, 18.053338159099997], [75.07944971779999, 18.053338159099997], [75.07944971779999, 18.0527826031], [75.0800052738, 18.0527826031], [75.0800052738, 18.052504825099998], [75.0816719418, 18.052504825099998], [75.0816719418, 18.0527826031], [75.0819497198, 18.0527826031], [75.0819497198, 18.053060381099996], [75.08250527579999, 18.053060381099996], [75.08250527579999, 18.053338159099997], [75.0827830538, 18.053338159099997], [75.0827830538, 18.0536159371], [75.0800052738, 18.0536159371]]]}}, {"type": "Feature", "properties": {"time_min": 60, "depth_min_m": 3.0, "depth_max_m": 6.0, "depth_class": "3.0\u20136.0 m", "class_area_km2": 2.438557457809754, "flooded_area_km2": 17.78648792691141, "frame_max_depth_m": 144.69788555673983, "class_mean_depth_m": 4.439149085748216, "scenario_id": "major_breach", "model_type": "Automated approximate 2D flood-routing prototype", "validated_hydraulic_output": false}, "geometry": {"type": "Polygon", "coordinates": [[[75.09278306179999, 18.0611159431], [75.09278306179999, 18.060838165099998], [75.0925052838, 18.060838165099998], [75.0925052838, 18.060560387099997], [75.0919497278, 18.060560387099997], [75.0919497278, 18.0602826091], [75.09167194979999, 18.0602826091], [75.09167194979999, 18.059727053099998], [75.0911163938, 18.059727053099998], [75.0911163938, 18.059449275099997], [75.0908386158, 18.059449275099997], [75.0908386158, 18.058615941099998], [75.0911163938, 18.058615941099998], [75.0911163938, 18.0580603851], [75.0905608378, 18.0580603851], [75.0905608378, 18.0577826071], [75.09000528179999, 18.0577826071], [75.09000528179999, 18.057504829099997], [75.08972750379999, 18.057504829099997], [75.08972750379999, 18.057227051099996], [75.0891719478, 18.057227051099996], [75.0891719478, 18.0569492731], [75.0888941698, 18.0569492731], [75.0888941698, 18.056671495099998], [75.08861639179999, 18.056671495099998], [75.08861639179999, 18.056393717099997], [75.08833861379999, 18.056393717099997], [75.08833861379999, 18.0561159391], [75.0880608358, 18.0561159391], [75.0880608358, 18.055560383099998], [75.08833861379999, 18.055560383099998], [75.08833861379999, 18.055282605099997], [75.0888941698, 18.055282605099997], [75.0888941698, 18.0550048271], [75.0891719478, 18.0550048271], [75.0891719478, 18.0547270491], [75.0894497258, 18.0547270491], [75.0894497258, 18.0550048271], [75.08972750379999, 18.0550048271], [75.08972750379999, 18.055282605099997], [75.0902830598, 18.055282605099997], [75.0902830598, 18.0547270491], [75.0908386158, 18.0547270491], [75.0908386158, 18.054171493099997], [75.0919497278, 18.054171493099997], [75.0919497278, 18.0538937151], [75.0922275058, 18.0538937151], [75.0922275058, 18.054171493099997], [75.0933386178, 18.054171493099997], [75.0933386178, 18.0538937151], [75.0936163958, 18.0538937151], [75.0936163958, 18.0536159371], [75.09444972979999, 18.0536159371], [75.09444972979999, 18.053338159099997], [75.09472750779999, 18.053338159099997], [75.09472750779999, 18.053060381099996], [75.09444972979999, 18.053060381099996], [75.09444972979999, 18.0527826031], [75.09417195179999, 18.0527826031], [75.09417195179999, 18.052504825099998], [75.0938941738, 18.052504825099998], [75.0938941738, 18.052227047099997], [75.0933386178, 18.052227047099997], [75.0933386178, 18.0519492691], [75.09278306179999, 18.0519492691], [75.09278306179999, 18.052227047099997], [75.0919497278, 18.052227047099997], [75.0919497278, 18.052504825099998], [75.09167194979999, 18.052504825099998], [75.09167194979999, 18.052227047099997], [75.09139417179999, 18.052227047099997], [75.09139417179999, 18.0519492691], [75.09167194979999, 18.0519492691], [75.09167194979999, 18.0516714911], [75.0911163938, 18.0516714911], [75.0911163938, 18.051393713099998], [75.0902830598, 18.051393713099998], [75.0902830598, 18.0505603791], [75.09000528179999, 18.0505603791], [75.09000528179999, 18.0497270451], [75.08972750379999, 18.0497270451], [75.08972750379999, 18.049449267099998], [75.0902830598, 18.049449267099998], [75.0902830598, 18.0497270451], [75.0908386158, 18.0497270451], [75.0908386158, 18.050282601099997], [75.0911163938, 18.050282601099997], [75.0911163938, 18.0505603791], [75.09139417179999, 18.0505603791], [75.09139417179999, 18.0508381571], [75.0919497278, 18.0508381571], [75.0919497278, 18.051393713099998], [75.09278306179999, 18.051393713099998], [75.09278306179999, 18.0516714911], [75.0936163958, 18.0516714911], [75.0936163958, 18.0519492691], [75.0950052858, 18.0519492691], [75.0950052858, 18.0516714911], [75.0955608418, 18.0516714911], [75.0955608418, 18.051393713099998], [75.09583861979999, 18.051393713099998], [75.09583861979999, 18.051115935099997], [75.0966719538, 18.051115935099997], [75.0966719538, 18.0508381571], [75.09722750979999, 18.0508381571], [75.09722750979999, 18.0505603791], [75.0977830658, 18.0505603791], [75.0977830658, 18.050282601099997], [75.0983386218, 18.050282601099997], [75.0983386218, 18.0505603791], [75.0986163998, 18.0505603791], [75.0986163998, 18.051115935099997], [75.0983386218, 18.051115935099997], [75.0983386218, 18.051393713099998], [75.0980608438, 18.051393713099998], [75.0980608438, 18.0516714911], [75.09750528779999, 18.0516714911], [75.09750528779999, 18.0519492691], [75.09722750979999, 18.0519492691], [75.09722750979999, 18.052227047099997], [75.0969497318, 18.052227047099997], [75.0969497318, 18.052504825099998], [75.0966719538, 18.052504825099998], [75.0966719538, 18.0527826031], [75.0963941758, 18.0527826031], [75.0963941758, 18.053338159099997], [75.09611639779999, 18.053338159099997], [75.09611639779999, 18.0536159371], [75.09583861979999, 18.0536159371], [75.09583861979999, 18.0538937151], [75.0955608418, 18.0538937151], [75.0955608418, 18.054171493099997], [75.0950052858, 18.054171493099997], [75.0950052858, 18.054449271099998], [75.09444972979999, 18.054449271099998], [75.09444972979999, 18.0547270491], [75.0922275058, 18.0547270491], [75.0922275058, 18.0550048271], [75.09139417179999, 18.0550048271], [75.09139417179999, 18.055282605099997], [75.0911163938, 18.055282605099997], [75.0911163938, 18.0558381611], [75.0908386158, 18.0558381611], [75.0908386158, 18.0561159391], [75.0905608378, 18.0561159391], [75.0905608378, 18.056393717099997], [75.09139417179999, 18.056393717099997], [75.09139417179999, 18.056671495099998], [75.0911163938, 18.056671495099998], [75.0911163938, 18.057227051099996], [75.0919497278, 18.057227051099996], [75.0919497278, 18.059727053099998], [75.0925052838, 18.059727053099998], [75.0925052838, 18.0602826091], [75.09278306179999, 18.0602826091], [75.09278306179999, 18.060560387099997], [75.09306083979999, 18.060560387099997], [75.09306083979999, 18.060838165099998], [75.0933386178, 18.060838165099998], [75.0933386178, 18.0611159431], [75.09278306179999, 18.0611159431]], [[75.0950052858, 18.053060381099996], [75.0955608418, 18.053060381099996], [75.0955608418, 18.0519492691], [75.0952830638, 18.0519492691], [75.0952830638, 18.052227047099997], [75.0950052858, 18.052227047099997], [75.0950052858, 18.052504825099998], [75.09472750779999, 18.052504825099998], [75.09472750779999, 18.0527826031], [75.0950052858, 18.0527826031], [75.0950052858, 18.053060381099996]], [[75.09611639779999, 18.0519492691], [75.0963941758, 18.0519492691], [75.0963941758, 18.0516714911], [75.09611639779999, 18.0516714911], [75.09611639779999, 18.0519492691]]]}}, {"type": "Feature", "properties": {"time_min": 60, "depth_min_m": 3.0, "depth_max_m": 6.0, "depth_class": "3.0\u20136.0 m", "class_area_km2": 2.438557457809754, "flooded_area_km2": 17.78648792691141, "frame_max_depth_m": 144.69788555673983, "class_mean_depth_m": 4.439149085748216, "scenario_id": "major_breach", "model_type": "Automated approximate 2D flood-routing prototype", "validated_hydraulic_output": false}, "geometry": {"type": "Polygon", "coordinates": [[[75.0894497258, 18.049449267099998], [75.0894497258, 18.049171489099997], [75.08972750379999, 18.049171489099997], [75.08972750379999, 18.049449267099998], [75.0894497258, 18.049449267099998]]]}}, {"type": "Feature", "properties": {"time_min": 60, "depth_min_m": 3.0, "depth_max_m": 6.0, "depth_class": "3.0\u20136.0 m", "class_area_km2": 2.438557457809754, "flooded_area_km2": 17.78648792691141, "frame_max_depth_m": 144.69788555673983, "class_mean_depth_m": 4.439149085748216, "scenario_id": "major_breach", "model_type": "Automated approximate 2D flood-routing prototype", "validated_hydraulic_output": false}, "geometry": {"type": "Polygon", "coordinates": [[[75.0888941698, 18.049171489099997], [75.0888941698, 18.048893711099996], [75.0891719478, 18.048893711099996], [75.0891719478, 18.049171489099997], [75.0888941698, 18.049171489099997]]]}}, {"type": "Feature", "properties": {"time_min": 60, "depth_min_m": 3.0, "depth_max_m": 6.0, "depth_class": "3.0\u20136.0 m", "class_area_km2": 2.438557457809754, "flooded_area_km2": 17.78648792691141, "frame_max_depth_m": 144.69788555673983, "class_mean_depth_m": 4.439149085748216, "scenario_id": "major_breach", "model_type": "Automated approximate 2D flood-routing prototype", "validated_hydraulic_output": false}, "geometry": {"type": "Polygon", "coordinates": [[[75.08833861379999, 18.048893711099996], [75.08833861379999, 18.0486159331], [75.08861639179999, 18.0486159331], [75.08861639179999, 18.048893711099996], [75.08833861379999, 18.048893711099996]]]}}, {"type": "Feature", "properties": {"time_min": 60, "depth_min_m": 3.0, "depth_max_m": 6.0, "depth_class": "3.0\u20136.0 m", "class_area_km2": 2.438557457809754, "flooded_area_km2": 17.78648792691141, "frame_max_depth_m": 144.69788555673983, "class_mean_depth_m": 4.439149085748216, "scenario_id": "major_breach", "model_type": "Automated approximate 2D flood-routing prototype", "validated_hydraulic_output": false}, "geometry": {"type": "Polygon", "coordinates": [[[75.0880608358, 18.0486159331], [75.0880608358, 18.048338155099998], [75.08833861379999, 18.048338155099998], [75.08833861379999, 18.0486159331], [75.0880608358, 18.0486159331]]]}}, {"type": "Feature", "properties": {"time_min": 60, "depth_min_m": 3.0, "depth_max_m": 6.0, "depth_class": "3.0\u20136.0 m", "class_area_km2": 2.438557457809754, "flooded_area_km2": 17.78648792691141, "frame_max_depth_m": 144.69788555673983, "class_mean_depth_m": 4.439149085748216, "scenario_id": "major_breach", "model_type": "Automated approximate 2D flood-routing prototype", "validated_hydraulic_output": false}, "geometry": {"type": "Polygon", "coordinates": [[[75.0877830578, 18.048060377099997], [75.0877830578, 18.046949265099997], [75.0880608358, 18.046949265099997], [75.0880608358, 18.048060377099997], [75.0877830578, 18.048060377099997]]]}}, {"type": "Feature", "properties": {"time_min": 60, "depth_min_m": 3.0, "depth_max_m": 6.0, "depth_class": "3.0\u20136.0 m", "class_area_km2": 2.438557457809754, "flooded_area_km2": 17.78648792691141, "frame_max_depth_m": 144.69788555673983, "class_mean_depth_m": 4.439149085748216, "scenario_id": "major_breach", "model_type": "Automated approximate 2D flood-routing prototype", "validated_hydraulic_output": false}, "geometry": {"type": "Polygon", "coordinates": [[[75.0875052798, 18.046949265099997], [75.0875052798, 18.0466714871], [75.0877830578, 18.0466714871], [75.0877830578, 18.046949265099997], [75.0875052798, 18.046949265099997]]]}}, {"type": "Feature", "properties": {"time_min": 60, "depth_min_m": 3.0, "depth_max_m": 6.0, "depth_class": "3.0\u20136.0 m", "class_area_km2": 2.438557457809754, "flooded_area_km2": 17.78648792691141, "frame_max_depth_m": 144.69788555673983, "class_mean_depth_m": 4.439149085748216, "scenario_id": "major_breach", "model_type": "Automated approximate 2D flood-routing prototype", "validated_hydraulic_output": false}, "geometry": {"type": "Polygon", "coordinates": [[[75.0872275018, 18.0466714871], [75.0872275018, 18.0444492631], [75.08667194579999, 18.0444492631], [75.08667194579999, 18.043893707099997], [75.0863941678, 18.043893707099997], [75.0863941678, 18.0436159291], [75.08694972379999, 18.0436159291], [75.08694972379999, 18.043893707099997], [75.0872275018, 18.043893707099997], [75.0872275018, 18.044171485099998], [75.0880608358, 18.044171485099998], [75.0880608358, 18.043893707099997], [75.08861639179999, 18.043893707099997], [75.08861639179999, 18.044171485099998], [75.08833861379999, 18.044171485099998], [75.08833861379999, 18.0444492631], [75.0880608358, 18.0444492631], [75.0880608358, 18.045004819099997], [75.0877830578, 18.045004819099997], [75.0877830578, 18.0455603751], [75.0875052798, 18.0455603751], [75.0875052798, 18.0466714871], [75.0872275018, 18.0466714871]]]}}, {"type": "Feature", "properties": {"time_min": 60, "depth_min_m": 3.0, "depth_max_m": 6.0, "depth_class": "3.0\u20136.0 m", "class_area_km2": 2.438557457809754, "flooded_area_km2": 17.78648792691141, "frame_max_depth_m": 144.69788555673983, "class_mean_depth_m": 4.439149085748216, "scenario_id": "major_breach", "model_type": "Automated approximate 2D flood-routing prototype", "validated_hydraulic_output": false}, "geometry": {"type": "Polygon", "coordinates": [[[75.08556083379999, 18.0436159291], [75.08556083379999, 18.0433381511], [75.0858386118, 18.0433381511], [75.0858386118, 18.0436159291], [75.08556083379999, 18.0436159291]]]}}, {"type": "Feature", "properties": {"time_min": 60, "depth_min_m": 3.0, "depth_max_m": 6.0, "depth_class": "3.0\u20136.0 m", "class_area_km2": 2.438557457809754, "flooded_area_km2": 17.78648792691141, "frame_max_depth_m": 144.69788555673983, "class_mean_depth_m": 4.439149085748216, "scenario_id": "major_breach", "model_type": "Automated approximate 2D flood-routing prototype", "validated_hydraulic_output": false}, "geometry": {"type": "Polygon", "coordinates": [[[75.0850052778, 18.0433381511], [75.0850052778, 18.043060373099998], [75.08528305579999, 18.043060373099998], [75.08528305579999, 18.0433381511], [75.0850052778, 18.0433381511]]]}}, {"type": "Feature", "properties": {"time_min": 60, "depth_min_m": 3.0, "depth_max_m": 6.0, "depth_class": "3.0\u20136.0 m", "class_area_km2": 2.438557457809754, "flooded_area_km2": 17.78648792691141, "frame_max_depth_m": 144.69788555673983, "class_mean_depth_m": 4.439149085748216, "scenario_id": "major_breach", "model_type": "Automated approximate 2D flood-routing prototype", "validated_hydraulic_output": false}, "geometry": {"type": "Polygon", "coordinates": [[[75.0847274998, 18.043060373099998], [75.0847274998, 18.042782595099997], [75.0850052778, 18.042782595099997], [75.0850052778, 18.043060373099998], [75.0847274998, 18.043060373099998]]]}}, {"type": "Feature", "properties": {"time_min": 60, "depth_min_m": 3.0, "depth_max_m": 6.0, "depth_class": "3.0\u20136.0 m", "class_area_km2": 2.438557457809754, "flooded_area_km2": 17.78648792691141, "frame_max_depth_m": 144.69788555673983, "class_mean_depth_m": 4.439149085748216, "scenario_id": "major_breach", "model_type": "Automated approximate 2D flood-routing prototype", "validated_hydraulic_output": false}, "geometry": {"type": "Polygon", "coordinates": [[[75.0844497218, 18.0425048171], [75.0844497218, 18.041115927099998], [75.0847274998, 18.041115927099998], [75.0847274998, 18.0425048171], [75.0844497218, 18.0425048171]]]}}, {"type": "Feature", "properties": {"time_min": 60, "depth_min_m": 3.0, "depth_max_m": 6.0, "depth_class": "3.0\u20136.0 m", "class_area_km2": 2.438557457809754, "flooded_area_km2": 17.78648792691141, "frame_max_depth_m": 144.69788555673983, "class_mean_depth_m": 4.439149085748216, "scenario_id": "major_breach", "model_type": "Automated approximate 2D flood-routing prototype", "validated_hydraulic_output": false}, "geometry": {"type": "Polygon", "coordinates": [[[75.0847274998, 18.041115927099998], [75.0847274998, 18.040560371099996], [75.0850052778, 18.040560371099996], [75.0850052778, 18.041115927099998], [75.0847274998, 18.041115927099998]]]}}, {"type": "Feature", "properties": {"time_min": 60, "depth_min_m": 3.0, "depth_max_m": 6.0, "depth_class": "3.0\u20136.0 m", "class_area_km2": 2.438557457809754, "flooded_area_km2": 17.78648792691141, "frame_max_depth_m": 144.69788555673983, "class_mean_depth_m": 4.439149085748216, "scenario_id": "major_breach", "model_type": "Automated approximate 2D flood-routing prototype", "validated_hydraulic_output": false}, "geometry": {"type": "Polygon", "coordinates": [[[75.0816719418, 18.052504825099998], [75.0816719418, 18.051115935099997], [75.0813941638, 18.051115935099997], [75.0813941638, 18.050004823099997], [75.0811163858, 18.050004823099997], [75.0811163858, 18.049449267099998], [75.08083860779999, 18.049449267099998], [75.08083860779999, 18.0486159331], [75.08056082979999, 18.0486159331], [75.08056082979999, 18.0477825991], [75.0802830518, 18.0477825991], [75.0802830518, 18.047227043099998], [75.0800052738, 18.047227043099998], [75.0800052738, 18.0466714871], [75.0797274958, 18.0466714871], [75.0797274958, 18.0463937091], [75.07944971779999, 18.0463937091], [75.07944971779999, 18.0466714871], [75.07917193979999, 18.0466714871], [75.07917193979999, 18.0463937091], [75.0786163838, 18.0463937091], [75.0786163838, 18.045838153099997], [75.07806082779999, 18.045838153099997], [75.07806082779999, 18.0455603751], [75.0783386058, 18.0455603751], [75.0783386058, 18.045282597099998], [75.07806082779999, 18.045282597099998], [75.07806082779999, 18.043893707099997], [75.07778304979999, 18.043893707099997], [75.07778304979999, 18.0436159291], [75.07750527179999, 18.0436159291], [75.07750527179999, 18.0433381511], [75.0772274938, 18.0433381511], [75.0772274938, 18.043060373099998], [75.0766719378, 18.043060373099998], [75.0766719378, 18.042782595099997], [75.07639415979999, 18.042782595099997], [75.07639415979999, 18.0425048171], [75.07611638179999, 18.0425048171], [75.07611638179999, 18.0422270391], [75.0755608258, 18.0422270391], [75.0755608258, 18.041949261099997], [75.07500526979999, 18.041949261099997], [75.07500526979999, 18.0402825931], [75.0752830478, 18.0402825931], [75.0752830478, 18.040560371099996], [75.0755608258, 18.040560371099996], [75.0755608258, 18.041115927099998], [75.0758386038, 18.041115927099998], [75.0758386038, 18.0413937051], [75.07639415979999, 18.0413937051], [75.07639415979999, 18.041671483099996], [75.0769497158, 18.041671483099996], [75.0769497158, 18.041949261099997], [75.0772274938, 18.041949261099997], [75.0772274938, 18.0422270391], [75.07750527179999, 18.0422270391], [75.07750527179999, 18.042782595099997], [75.07806082779999, 18.042782595099997], [75.07806082779999, 18.0436159291], [75.0783386058, 18.0436159291], [75.0783386058, 18.043893707099997], [75.0788941618, 18.043893707099997], [75.0788941618, 18.045282597099998], [75.07917193979999, 18.045282597099998], [75.07917193979999, 18.0455603751], [75.07944971779999, 18.0455603751], [75.07944971779999, 18.045838153099997], [75.0800052738, 18.045838153099997], [75.0800052738, 18.046115931099997], [75.0802830518, 18.046115931099997], [75.0802830518, 18.0466714871], [75.08056082979999, 18.0466714871], [75.08056082979999, 18.047227043099998], [75.08083860779999, 18.047227043099998], [75.08083860779999, 18.048338155099998], [75.0811163858, 18.048338155099998], [75.0811163858, 18.048893711099996], [75.0813941638, 18.048893711099996], [75.0813941638, 18.0497270451], [75.0816719418, 18.0497270451], [75.0816719418, 18.0505603791], [75.0819497198, 18.0505603791], [75.0819497198, 18.052504825099998], [75.0816719418, 18.052504825099998]]]}}, {"type": "Feature", "properties": {"time_min": 60, "depth_min_m": 3.0, "depth_max_m": 6.0, "depth_class": "3.0\u20136.0 m", "class_area_km2": 2.438557457809754, "flooded_area_km2": 17.78648792691141, "frame_max_depth_m": 144.69788555673983, "class_mean_depth_m": 4.439149085748216, "scenario_id": "major_breach", "model_type": "Automated approximate 2D flood-routing prototype", "validated_hydraulic_output": false}, "geometry": {"type": "Polygon", "coordinates": [[[75.0850052778, 18.040560371099996], [75.0850052778, 18.040004815099998], [75.08528305579999, 18.040004815099998], [75.08528305579999, 18.040560371099996], [75.0850052778, 18.040560371099996]]]}}, {"type": "Feature", "properties": {"time_min": 60, "depth_min_m": 3.0, "depth_max_m": 6.0, "depth_class": "3.0\u20136.0 m", "class_area_km2": 2.438557457809754, "flooded_area_km2": 17.78648792691141, "frame_max_depth_m": 144.69788555673983, "class_mean_depth_m": 4.439149085748216, "scenario_id": "major_breach", "model_type": "Automated approximate 2D flood-routing prototype", "validated_hydraulic_output": false}, "geometry": {"type": "Polygon", "coordinates": [[[75.08528305579999, 18.040004815099998], [75.08528305579999, 18.0394492591], [75.08556083379999, 18.0394492591], [75.08556083379999, 18.040004815099998], [75.08528305579999, 18.040004815099998]]]}}, {"type": "Feature", "properties": {"time_min": 60, "depth_min_m": 3.0, "depth_max_m": 6.0, "depth_class": "3.0\u20136.0 m", "class_area_km2": 2.438557457809754, "flooded_area_km2": 17.78648792691141, "frame_max_depth_m": 144.69788555673983, "class_mean_depth_m": 4.439149085748216, "scenario_id": "major_breach", "model_type": "Automated approximate 2D flood-routing prototype", "validated_hydraulic_output": false}, "geometry": {"type": "Polygon", "coordinates": [[[75.08556083379999, 18.0391714811], [75.08556083379999, 18.038893703099998], [75.0858386118, 18.038893703099998], [75.0858386118, 18.0391714811], [75.08556083379999, 18.0391714811]]]}}, {"type": "Feature", "properties": {"time_min": 60, "depth_min_m": 3.0, "depth_max_m": 6.0, "depth_class": "3.0\u20136.0 m", "class_area_km2": 2.438557457809754, "flooded_area_km2": 17.78648792691141, "frame_max_depth_m": 144.69788555673983, "class_mean_depth_m": 4.439149085748216, "scenario_id": "major_breach", "model_type": "Automated approximate 2D flood-routing prototype", "validated_hydraulic_output": false}, "geometry": {"type": "Polygon", "coordinates": [[[75.0858386118, 18.038893703099998], [75.0858386118, 18.0383381471], [75.0861163898, 18.0383381471], [75.0861163898, 18.038893703099998], [75.0858386118, 18.038893703099998]]]}}, {"type": "Feature", "properties": {"time_min": 60, "depth_min_m": 3.0, "depth_max_m": 6.0, "depth_class": "3.0\u20136.0 m", "class_area_km2": 2.438557457809754, "flooded_area_km2": 17.78648792691141, "frame_max_depth_m": 144.69788555673983, "class_mean_depth_m": 4.439149085748216, "scenario_id": "major_breach", "model_type": "Automated approximate 2D flood-routing prototype", "validated_hydraulic_output": false}, "geometry": {"type": "Polygon", "coordinates": [[[75.08222749779999, 18.038615925099997], [75.08222749779999, 18.0383381471], [75.0827830538, 18.0383381471], [75.0827830538, 18.0380603691], [75.0833386098, 18.0380603691], [75.0833386098, 18.0383381471], [75.0830608318, 18.0383381471], [75.0830608318, 18.038615925099997], [75.08222749779999, 18.038615925099997]]]}}, {"type": "Feature", "properties": {"time_min": 60, "depth_min_m": 3.0, "depth_max_m": 6.0, "depth_class": "3.0\u20136.0 m", "class_area_km2": 2.438557457809754, "flooded_area_km2": 17.78648792691141, "frame_max_depth_m": 144.69788555673983, "class_mean_depth_m": 4.439149085748216, "scenario_id": "major_breach", "model_type": "Automated approximate 2D flood-routing prototype", "validated_hydraulic_output": false}, "geometry": {"type": "Polygon", "coordinates": [[[75.0816719418, 18.0383381471], [75.0816719418, 18.0380603691], [75.08222749779999, 18.0380603691], [75.08222749779999, 18.0383381471], [75.0816719418, 18.0383381471]]]}}, {"type": "Feature", "properties": {"time_min": 60, "depth_min_m": 3.0, "depth_max_m": 6.0, "depth_class": "3.0\u20136.0 m", "class_area_km2": 2.438557457809754, "flooded_area_km2": 17.78648792691141, "frame_max_depth_m": 144.69788555673983, "class_mean_depth_m": 4.439149085748216, "scenario_id": "major_breach", "model_type": "Automated approximate 2D flood-routing prototype", "validated_hydraulic_output": false}, "geometry": {"type": "Polygon", "coordinates": [[[75.0861163898, 18.0383381471], [75.0861163898, 18.037782591099997], [75.0863941678, 18.037782591099997], [75.0863941678, 18.0383381471], [75.0861163898, 18.0383381471]]]}}, {"type": "Feature", "properties": {"time_min": 60, "depth_min_m": 3.0, "depth_max_m": 6.0, "depth_class": "3.0\u20136.0 m", "class_area_km2": 2.438557457809754, "flooded_area_km2": 17.78648792691141, "frame_max_depth_m": 144.69788555673983, "class_mean_depth_m": 4.439149085748216, "scenario_id": "major_breach", "model_type": "Automated approximate 2D flood-routing prototype", "validated_hydraulic_output": false}, "geometry": {"type": "Polygon", "coordinates": [[[75.0833386098, 18.0380603691], [75.0833386098, 18.037782591099997], [75.08389416579999, 18.037782591099997], [75.08389416579999, 18.0380603691], [75.0833386098, 18.0380603691]]]}}, {"type": "Feature", "properties": {"time_min": 60, "depth_min_m": 3.0, "depth_max_m": 6.0, "depth_class": "3.0\u20136.0 m", "class_area_km2": 2.438557457809754, "flooded_area_km2": 17.78648792691141, "frame_max_depth_m": 144.69788555673983, "class_mean_depth_m": 4.439149085748216, "scenario_id": "major_breach", "model_type": "Automated approximate 2D flood-routing prototype", "validated_hydraulic_output": false}, "geometry": {"type": "Polygon", "coordinates": [[[75.0811163858, 18.0380603691], [75.0811163858, 18.037504813099996], [75.0813941638, 18.037504813099996], [75.0813941638, 18.037782591099997], [75.0816719418, 18.037782591099997], [75.0816719418, 18.0380603691], [75.0811163858, 18.0380603691]]]}}, {"type": "Feature", "properties": {"time_min": 60, "depth_min_m": 3.0, "depth_max_m": 6.0, "depth_class": "3.0\u20136.0 m", "class_area_km2": 2.438557457809754, "flooded_area_km2": 17.78648792691141, "frame_max_depth_m": 144.69788555673983, "class_mean_depth_m": 4.439149085748216, "scenario_id": "major_breach", "model_type": "Automated approximate 2D flood-routing prototype", "validated_hydraulic_output": false}, "geometry": {"type": "Polygon", "coordinates": [[[75.08389416579999, 18.037782591099997], [75.08389416579999, 18.037504813099996], [75.0844497218, 18.037504813099996], [75.0844497218, 18.037782591099997], [75.08389416579999, 18.037782591099997]]]}}, {"type": "Feature", "properties": {"time_min": 60, "depth_min_m": 3.0, "depth_max_m": 6.0, "depth_class": "3.0\u20136.0 m", "class_area_km2": 2.438557457809754, "flooded_area_km2": 17.78648792691141, "frame_max_depth_m": 144.69788555673983, "class_mean_depth_m": 4.439149085748216, "scenario_id": "major_breach", "model_type": "Automated approximate 2D flood-routing prototype", "validated_hydraulic_output": false}, "geometry": {"type": "Polygon", "coordinates": [[[75.0863941678, 18.037782591099997], [75.0863941678, 18.037504813099996], [75.08667194579999, 18.037504813099996], [75.08667194579999, 18.037782591099997], [75.0863941678, 18.037782591099997]]]}}, {"type": "Feature", "properties": {"time_min": 60, "depth_min_m": 3.0, "depth_max_m": 6.0, "depth_class": "3.0\u20136.0 m", "class_area_km2": 2.438557457809754, "flooded_area_km2": 17.78648792691141, "frame_max_depth_m": 144.69788555673983, "class_mean_depth_m": 4.439149085748216, "scenario_id": "major_breach", "model_type": "Automated approximate 2D flood-routing prototype", "validated_hydraulic_output": false}, "geometry": {"type": "Polygon", "coordinates": [[[75.08083860779999, 18.037504813099996], [75.08083860779999, 18.0372270351], [75.0811163858, 18.0372270351], [75.0811163858, 18.037504813099996], [75.08083860779999, 18.037504813099996]]]}}, {"type": "Feature", "properties": {"time_min": 60, "depth_min_m": 3.0, "depth_max_m": 6.0, "depth_class": "3.0\u20136.0 m", "class_area_km2": 2.438557457809754, "flooded_area_km2": 17.78648792691141, "frame_max_depth_m": 144.69788555673983, "class_mean_depth_m": 4.439149085748216, "scenario_id": "major_breach", "model_type": "Automated approximate 2D flood-routing prototype", "validated_hydraulic_output": false}, "geometry": {"type": "Polygon", "coordinates": [[[75.08056082979999, 18.0372270351], [75.08056082979999, 18.036949257099998], [75.08083860779999, 18.036949257099998], [75.08083860779999, 18.0372270351], [75.08056082979999, 18.0372270351]]]}}, {"type": "Feature", "properties": {"time_min": 60, "depth_min_m": 3.0, "depth_max_m": 6.0, "depth_class": "3.0\u20136.0 m", "class_area_km2": 2.438557457809754, "flooded_area_km2": 17.78648792691141, "frame_max_depth_m": 144.69788555673983, "class_mean_depth_m": 4.439149085748216, "scenario_id": "major_breach", "model_type": "Automated approximate 2D flood-routing prototype", "validated_hydraulic_output": false}, "geometry": {"type": "Polygon", "coordinates": [[[75.0844497218, 18.037504813099996], [75.0844497218, 18.0372270351], [75.0847274998, 18.0372270351], [75.0847274998, 18.036949257099998], [75.0850052778, 18.036949257099998], [75.0850052778, 18.036671479099997], [75.0858386118, 18.036671479099997], [75.0858386118, 18.036949257099998], [75.08556083379999, 18.036949257099998], [75.08556083379999, 18.0372270351], [75.0850052778, 18.0372270351], [75.0850052778, 18.037504813099996], [75.0844497218, 18.037504813099996]]]}}, {"type": "Feature", "properties": {"time_min": 60, "depth_min_m": 3.0, "depth_max_m": 6.0, "depth_class": "3.0\u20136.0 m", "class_area_km2": 2.438557457809754, "flooded_area_km2": 17.78648792691141, "frame_max_depth_m": 144.69788555673983, "class_mean_depth_m": 4.439149085748216, "scenario_id": "major_breach", "model_type": "Automated approximate 2D flood-routing prototype", "validated_hydraulic_output": false}, "geometry": {"type": "Polygon", "coordinates": [[[75.0802830518, 18.036949257099998], [75.0802830518, 18.036671479099997], [75.08056082979999, 18.036671479099997], [75.08056082979999, 18.036949257099998], [75.0802830518, 18.036949257099998]]]}}, {"type": "Feature", "properties": {"time_min": 60, "depth_min_m": 3.0, "depth_max_m": 6.0, "depth_class": "3.0\u20136.0 m", "class_area_km2": 2.438557457809754, "flooded_area_km2": 17.78648792691141, "frame_max_depth_m": 144.69788555673983, "class_mean_depth_m": 4.439149085748216, "scenario_id": "major_breach", "model_type": "Automated approximate 2D flood-routing prototype", "validated_hydraulic_output": false}, "geometry": {"type": "Polygon", "coordinates": [[[75.08667194579999, 18.037504813099996], [75.08667194579999, 18.036949257099998], [75.08694972379999, 18.036949257099998], [75.08694972379999, 18.036671479099997], [75.0872275018, 18.036671479099997], [75.0872275018, 18.036393701099996], [75.0875052798, 18.036393701099996], [75.0875052798, 18.036949257099998], [75.0872275018, 18.036949257099998], [75.0872275018, 18.0372270351], [75.08694972379999, 18.0372270351], [75.08694972379999, 18.037504813099996], [75.08667194579999, 18.037504813099996]]]}}, {"type": "Feature", "properties": {"time_min": 60, "depth_min_m": 3.0, "depth_max_m": 6.0, "depth_class": "3.0\u20136.0 m", "class_area_km2": 2.438557457809754, "flooded_area_km2": 17.78648792691141, "frame_max_depth_m": 144.69788555673983, "class_mean_depth_m": 4.439149085748216, "scenario_id": "major_breach", "model_type": "Automated approximate 2D flood-routing prototype", "validated_hydraulic_output": false}, "geometry": {"type": "Polygon", "coordinates": [[[75.0800052738, 18.036671479099997], [75.0800052738, 18.036393701099996], [75.0802830518, 18.036393701099996], [75.0802830518, 18.036671479099997], [75.0800052738, 18.036671479099997]]]}}, {"type": "Feature", "properties": {"time_min": 60, "depth_min_m": 3.0, "depth_max_m": 6.0, "depth_class": "3.0\u20136.0 m", "class_area_km2": 2.438557457809754, "flooded_area_km2": 17.78648792691141, "frame_max_depth_m": 144.69788555673983, "class_mean_depth_m": 4.439149085748216, "scenario_id": "major_breach", "model_type": "Automated approximate 2D flood-routing prototype", "validated_hydraulic_output": false}, "geometry": {"type": "Polygon", "coordinates": [[[75.0858386118, 18.036671479099997], [75.0858386118, 18.036393701099996], [75.0861163898, 18.036393701099996], [75.0861163898, 18.036671479099997], [75.0858386118, 18.036671479099997]]]}}, {"type": "Feature", "properties": {"time_min": 60, "depth_min_m": 3.0, "depth_max_m": 6.0, "depth_class": "3.0\u20136.0 m", "class_area_km2": 2.438557457809754, "flooded_area_km2": 17.78648792691141, "frame_max_depth_m": 144.69788555673983, "class_mean_depth_m": 4.439149085748216, "scenario_id": "major_breach", "model_type": "Automated approximate 2D flood-routing prototype", "validated_hydraulic_output": false}, "geometry": {"type": "Polygon", "coordinates": [[[75.0797274958, 18.036393701099996], [75.0797274958, 18.0361159231], [75.0800052738, 18.0361159231], [75.0800052738, 18.036393701099996], [75.0797274958, 18.036393701099996]]]}}, {"type": "Feature", "properties": {"time_min": 60, "depth_min_m": 3.0, "depth_max_m": 6.0, "depth_class": "3.0\u20136.0 m", "class_area_km2": 2.438557457809754, "flooded_area_km2": 17.78648792691141, "frame_max_depth_m": 144.69788555673983, "class_mean_depth_m": 4.439149085748216, "scenario_id": "major_breach", "model_type": "Automated approximate 2D flood-routing prototype", "validated_hydraulic_output": false}, "geometry": {"type": "Polygon", "coordinates": [[[75.0861163898, 18.036393701099996], [75.0861163898, 18.0361159231], [75.0863941678, 18.0361159231], [75.0863941678, 18.036393701099996], [75.0861163898, 18.036393701099996]]]}}, {"type": "Feature", "properties": {"time_min": 60, "depth_min_m": 3.0, "depth_max_m": 6.0, "depth_class": "3.0\u20136.0 m", "class_area_km2": 2.438557457809754, "flooded_area_km2": 17.78648792691141, "frame_max_depth_m": 144.69788555673983, "class_mean_depth_m": 4.439149085748216, "scenario_id": "major_breach", "model_type": "Automated approximate 2D flood-routing prototype", "validated_hydraulic_output": false}, "geometry": {"type": "Polygon", "coordinates": [[[75.07944971779999, 18.0361159231], [75.07944971779999, 18.035838145099998], [75.0797274958, 18.035838145099998], [75.0797274958, 18.0361159231], [75.07944971779999, 18.0361159231]]]}}, {"type": "Feature", "properties": {"time_min": 60, "depth_min_m": 3.0, "depth_max_m": 6.0, "depth_class": "3.0\u20136.0 m", "class_area_km2": 2.438557457809754, "flooded_area_km2": 17.78648792691141, "frame_max_depth_m": 144.69788555673983, "class_mean_depth_m": 4.439149085748216, "scenario_id": "major_breach", "model_type": "Automated approximate 2D flood-routing prototype", "validated_hydraulic_output": false}, "geometry": {"type": "Polygon", "coordinates": [[[75.07917193979999, 18.035838145099998], [75.07917193979999, 18.0350048111], [75.07944971779999, 18.0350048111], [75.07944971779999, 18.035838145099998], [75.07917193979999, 18.035838145099998]]]}}, {"type": "Feature", "properties": {"time_min": 60, "depth_min_m": 3.0, "depth_max_m": 6.0, "depth_class": "3.0\u20136.0 m", "class_area_km2": 2.438557457809754, "flooded_area_km2": 17.78648792691141, "frame_max_depth_m": 144.69788555673983, "class_mean_depth_m": 4.439149085748216, "scenario_id": "major_breach", "model_type": "Automated approximate 2D flood-routing prototype", "validated_hydraulic_output": false}, "geometry": {"type": "Polygon", "coordinates": [[[75.0788941618, 18.0350048111], [75.0788941618, 18.034449255099997], [75.07917193979999, 18.034449255099997], [75.07917193979999, 18.0350048111], [75.0788941618, 18.0350048111]]]}}, {"type": "Feature", "properties": {"time_min": 60, "depth_min_m": 6.0, "depth_max_m": null, "depth_class": "6.0+ m", "class_area_km2": 12.76136286211322, "flooded_area_km2": 17.78648792691141, "frame_max_depth_m": 144.69788555673983, "class_mean_depth_m": 20.30351609627857, "scenario_id": "major_breach", "model_type": "Automated approximate 2D flood-routing prototype", "validated_hydraulic_output": false}, "geometry": {"type": "Polygon", "coordinates": [[[75.11694974779999, 18.1138937631], [75.11694974779999, 18.113615985099997], [75.1177830818, 18.113615985099997], [75.1177830818, 18.1138937631], [75.11694974779999, 18.1138937631]]]}}, {"type": "Feature", "properties": {"time_min": 60, "depth_min_m": 6.0, "depth_max_m": null, "depth_class": "6.0+ m", "class_area_km2": 12.76136286211322, "flooded_area_km2": 17.78648792691141, "frame_max_depth_m": 144.69788555673983, "class_mean_depth_m": 20.30351609627857, "scenario_id": "major_breach", "model_type": "Automated approximate 2D flood-routing prototype", "validated_hydraulic_output": false}, "geometry": {"type": "Polygon", "coordinates": [[[75.1150053018, 18.113615985099997], [75.1150053018, 18.113338207099996], [75.1147275238, 18.113338207099996], [75.1147275238, 18.112782651099998], [75.11417196779999, 18.112782651099998], [75.11417196779999, 18.112504873099997], [75.1133386338, 18.112504873099997], [75.1133386338, 18.1119493171], [75.11389418979999, 18.1119493171], [75.11389418979999, 18.111393761099997], [75.1152830798, 18.111393761099997], [75.1152830798, 18.1119493171], [75.11556085779999, 18.1119493171], [75.11556085779999, 18.112782651099998], [75.11583863579999, 18.112782651099998], [75.11583863579999, 18.113338207099996], [75.1161164138, 18.113338207099996], [75.1161164138, 18.113615985099997], [75.1150053018, 18.113615985099997]]]}}, {"type": "Feature", "properties": {"time_min": 60, "depth_min_m": 6.0, "depth_max_m": null, "depth_class": "6.0+ m", "class_area_km2": 12.76136286211322, "flooded_area_km2": 17.78648792691141, "frame_max_depth_m": 144.69788555673983, "class_mean_depth_m": 20.30351609627857, "scenario_id": "major_breach", "model_type": "Automated approximate 2D flood-routing prototype", "validated_hydraulic_output": false}, "geometry": {"type": "Polygon", "coordinates": [[[75.1425053238, 18.101949309099997], [75.1425053238, 18.1016715311], [75.14278310179999, 18.1016715311], [75.14278310179999, 18.101949309099997], [75.1425053238, 18.101949309099997]]]}}, {"type": "Feature", "properties": {"time_min": 60, "depth_min_m": 6.0, "depth_max_m": null, "depth_class": "6.0+ m", "class_area_km2": 12.76136286211322, "flooded_area_km2": 17.78648792691141, "frame_max_depth_m": 144.69788555673983, "class_mean_depth_m": 20.30351609627857, "scenario_id": "major_breach", "model_type": "Automated approximate 2D flood-routing prototype", "validated_hydraulic_output": false}, "geometry": {"type": "Polygon", "coordinates": [[[75.1405608778, 18.100838197099996], [75.1405608778, 18.1005604191], [75.1408386558, 18.1005604191], [75.1408386558, 18.100838197099996], [75.1405608778, 18.100838197099996]]]}}, {"type": "Feature", "properties": {"time_min": 60, "depth_min_m": 6.0, "depth_max_m": null, "depth_class": "6.0+ m", "class_area_km2": 12.76136286211322, "flooded_area_km2": 17.78648792691141, "frame_max_depth_m": 144.69788555673983, "class_mean_depth_m": 20.30351609627857, "scenario_id": "major_breach", "model_type": "Automated approximate 2D flood-routing prototype", "validated_hydraulic_output": false}, "geometry": {"type": "Polygon", "coordinates": [[[75.1516719978, 18.088893743099998], [75.1516719978, 18.088615965099997], [75.15194977579999, 18.088615965099997], [75.15194977579999, 18.088893743099998], [75.1516719978, 18.088893743099998]]]}}, {"type": "Feature", "properties": {"time_min": 60, "depth_min_m": 6.0, "depth_max_m": null, "depth_class": "6.0+ m", "class_area_km2": 12.76136286211322, "flooded_area_km2": 17.78648792691141, "frame_max_depth_m": 144.69788555673983, "class_mean_depth_m": 20.30351609627857, "scenario_id": "major_breach", "model_type": "Automated approximate 2D flood-routing prototype", "validated_hydraulic_output": false}, "geometry": {"type": "Polygon", "coordinates": [[[75.1305608698, 18.088338187099996], [75.1305608698, 18.0880604091], [75.13083864779999, 18.0880604091], [75.13083864779999, 18.088338187099996], [75.1305608698, 18.088338187099996]]]}}, {"type": "Feature", "properties": {"time_min": 60, "depth_min_m": 6.0, "depth_max_m": null, "depth_class": "6.0+ m", "class_area_km2": 12.76136286211322, "flooded_area_km2": 17.78648792691141, "frame_max_depth_m": 144.69788555673983, "class_mean_depth_m": 20.30351609627857, "scenario_id": "major_breach", "model_type": "Automated approximate 2D flood-routing prototype", "validated_hydraulic_output": false}, "geometry": {"type": "Polygon", "coordinates": [[[75.13222753779999, 18.0838937391], [75.13222753779999, 18.0830604051], [75.13250531579999, 18.0830604051], [75.13250531579999, 18.0838937391], [75.13222753779999, 18.0838937391]]]}}, {"type": "Feature", "properties": {"time_min": 60, "depth_min_m": 6.0, "depth_max_m": null, "depth_class": "6.0+ m", "class_area_km2": 12.76136286211322, "flooded_area_km2": 17.78648792691141, "frame_max_depth_m": 144.69788555673983, "class_mean_depth_m": 20.30351609627857, "scenario_id": "major_breach", "model_type": "Automated approximate 2D flood-routing prototype", "validated_hydraulic_output": false}, "geometry": {"type": "Polygon", "coordinates": [[[75.1388942098, 18.082504849099998], [75.1388942098, 18.082227071099997], [75.1391719878, 18.082227071099997], [75.1391719878, 18.082504849099998], [75.1388942098, 18.082504849099998]]]}}, {"type": "Feature", "properties": {"time_min": 60, "depth_min_m": 6.0, "depth_max_m": null, "depth_class": "6.0+ m", "class_area_km2": 12.76136286211322, "flooded_area_km2": 17.78648792691141, "frame_max_depth_m": 144.69788555673983, "class_mean_depth_m": 20.30351609627857, "scenario_id": "major_breach", "model_type": "Automated approximate 2D flood-routing prototype", "validated_hydraulic_output": false}, "geometry": {"type": "Polygon", "coordinates": [[[75.13972754379999, 18.0819492931], [75.13972754379999, 18.0816715151], [75.14000532179999, 18.0816715151], [75.14000532179999, 18.0819492931], [75.13972754379999, 18.0819492931]]]}}, {"type": "Feature", "properties": {"time_min": 60, "depth_min_m": 6.0, "depth_max_m": null, "depth_class": "6.0+ m", "class_area_km2": 12.76136286211322, "flooded_area_km2": 17.78648792691141, "frame_max_depth_m": 144.69788555673983, "class_mean_depth_m": 20.30351609627857, "scenario_id": "major_breach", "model_type": "Automated approximate 2D flood-routing prototype", "validated_hydraulic_output": false}, "geometry": {"type": "Polygon", "coordinates": [[[75.1391719878, 18.082227071099997], [75.1391719878, 18.081393737099997], [75.1394497658, 18.081393737099997], [75.1394497658, 18.082227071099997], [75.1391719878, 18.082227071099997]]]}}, {"type": "Feature", "properties": {"time_min": 60, "depth_min_m": 6.0, "depth_max_m": null, "depth_class": "6.0+ m", "class_area_km2": 12.76136286211322, "flooded_area_km2": 17.78648792691141, "frame_max_depth_m": 144.69788555673983, "class_mean_depth_m": 20.30351609627857, "scenario_id": "major_breach", "model_type": "Automated approximate 2D flood-routing prototype", "validated_hydraulic_output": false}, "geometry": {"type": "Polygon", "coordinates": [[[75.1375053198, 18.0819492931], [75.1375053198, 18.081393737099997], [75.13833865379999, 18.081393737099997], [75.13833865379999, 18.081115959099996], [75.1388942098, 18.081115959099996], [75.1388942098, 18.081393737099997], [75.13861643179999, 18.081393737099997], [75.13861643179999, 18.0819492931], [75.1375053198, 18.0819492931]]]}}, {"type": "Feature", "properties": {"time_min": 60, "depth_min_m": 6.0, "depth_max_m": null, "depth_class": "6.0+ m", "class_area_km2": 12.76136286211322, "flooded_area_km2": 17.78648792691141, "frame_max_depth_m": 144.69788555673983, "class_mean_depth_m": 20.30351609627857, "scenario_id": "major_breach", "model_type": "Automated approximate 2D flood-routing prototype", "validated_hydraulic_output": false}, "geometry": {"type": "Polygon", "coordinates": [[[75.13694976379999, 18.081115959099996], [75.13694976379999, 18.080560403099998], [75.1372275418, 18.080560403099998], [75.1372275418, 18.081115959099996], [75.13694976379999, 18.081115959099996]]]}}, {"type": "Feature", "properties": {"time_min": 60, "depth_min_m": 6.0, "depth_max_m": null, "depth_class": "6.0+ m", "class_area_km2": 12.76136286211322, "flooded_area_km2": 17.78648792691141, "frame_max_depth_m": 144.69788555673983, "class_mean_depth_m": 20.30351609627857, "scenario_id": "major_breach", "model_type": "Automated approximate 2D flood-routing prototype", "validated_hydraulic_output": false}, "geometry": {"type": "Polygon", "coordinates": [[[75.14000532179999, 18.104449311099998], [75.14000532179999, 18.104171533099997], [75.1394497658, 18.104171533099997], [75.1394497658, 18.1038937551], [75.1391719878, 18.1038937551], [75.1391719878, 18.1036159771], [75.1388942098, 18.1036159771], [75.1388942098, 18.103338199099998], [75.1391719878, 18.103338199099998], [75.1391719878, 18.1027826431], [75.1388942098, 18.1027826431], [75.1388942098, 18.1025048651], [75.1375053198, 18.1025048651], [75.1375053198, 18.1027826431], [75.1372275418, 18.1027826431], [75.1372275418, 18.103060421099997], [75.13556087379999, 18.103060421099997], [75.13556087379999, 18.1027826431], [75.1350053178, 18.1027826431], [75.1350053178, 18.103060421099997], [75.1344497618, 18.103060421099997], [75.1344497618, 18.1025048651], [75.13389420579999, 18.1025048651], [75.13389420579999, 18.102227087099998], [75.1330608718, 18.102227087099998], [75.1330608718, 18.101393753099998], [75.1327830938, 18.101393753099998], [75.1327830938, 18.100282641099998], [75.13222753779999, 18.100282641099998], [75.13222753779999, 18.1005604191], [75.1319497598, 18.1005604191], [75.1319497598, 18.100282641099998], [75.1316719818, 18.100282641099998], [75.1316719818, 18.100004863099997], [75.1313942038, 18.100004863099997], [75.1313942038, 18.0997270851], [75.13111642579999, 18.0997270851], [75.13111642579999, 18.100004863099997], [75.1305608698, 18.100004863099997], [75.1305608698, 18.0994493071], [75.13083864779999, 18.0994493071], [75.13083864779999, 18.099171529099998], [75.13111642579999, 18.099171529099998], [75.13111642579999, 18.098893751099997], [75.1313942038, 18.098893751099997], [75.1313942038, 18.098060417099997], [75.13083864779999, 18.098060417099997], [75.13083864779999, 18.097782639099997], [75.1305608698, 18.097782639099997], [75.1305608698, 18.0975048611], [75.13111642579999, 18.0975048611], [75.13111642579999, 18.097227083099998], [75.13083864779999, 18.097227083099998], [75.13083864779999, 18.096949305099997], [75.1305608698, 18.096949305099997], [75.1305608698, 18.096115971099998], [75.1302830918, 18.096115971099998], [75.1302830918, 18.0955604151], [75.1300053138, 18.0955604151], [75.1300053138, 18.0944493031], [75.12944975779999, 18.0944493031], [75.12944975779999, 18.0933381911], [75.12917197979999, 18.0933381911], [75.12917197979999, 18.092782635099997], [75.12944975779999, 18.092782635099997], [75.12944975779999, 18.092504857099996], [75.1297275358, 18.092504857099996], [75.1297275358, 18.091671523099997], [75.1302830918, 18.091671523099997], [75.1302830918, 18.090838189099998], [75.1305608698, 18.090838189099998], [75.1305608698, 18.0900048551], [75.13083864779999, 18.0900048551], [75.13083864779999, 18.0891715211], [75.1313942038, 18.0891715211], [75.1313942038, 18.088615965099997], [75.1316719818, 18.088615965099997], [75.1316719818, 18.088338187099996], [75.1313942038, 18.088338187099996], [75.1313942038, 18.0880604091], [75.13111642579999, 18.0880604091], [75.13111642579999, 18.087782631099998], [75.1313942038, 18.087782631099998], [75.1313942038, 18.087504853099997], [75.13111642579999, 18.087504853099997], [75.13111642579999, 18.0869492971], [75.13083864779999, 18.0869492971], [75.13083864779999, 18.0872270751], [75.1305608698, 18.0872270751], [75.1305608698, 18.0858381851], [75.13083864779999, 18.0858381851], [75.13083864779999, 18.085560407099997], [75.1313942038, 18.085560407099997], [75.1313942038, 18.085282629099996], [75.1319497598, 18.085282629099996], [75.1319497598, 18.0841715171], [75.13222753779999, 18.0841715171], [75.13222753779999, 18.084449295099997], [75.13250531579999, 18.084449295099997], [75.13250531579999, 18.084727073099998], [75.1327830938, 18.084727073099998], [75.1327830938, 18.0850048511], [75.13361642779999, 18.0850048511], [75.13361642779999, 18.0841715171], [75.1347275398, 18.0841715171], [75.1347275398, 18.0830604051], [75.1344497618, 18.0830604051], [75.1344497618, 18.0827826271], [75.13417198379999, 18.0827826271], [75.13417198379999, 18.0816715151], [75.13389420579999, 18.0816715151], [75.13389420579999, 18.0808381811], [75.1344497618, 18.0808381811], [75.1344497618, 18.080560403099998], [75.1347275398, 18.080560403099998], [75.1347275398, 18.080282625099997], [75.13556087379999, 18.080282625099997], [75.13556087379999, 18.080560403099998], [75.1358386518, 18.080560403099998], [75.1358386518, 18.080282625099997], [75.1361164298, 18.080282625099997], [75.1361164298, 18.080560403099998], [75.1363942078, 18.080560403099998], [75.1363942078, 18.0808381811], [75.13667198579999, 18.0808381811], [75.13667198579999, 18.081115959099996], [75.1363942078, 18.081115959099996], [75.1363942078, 18.0816715151], [75.13667198579999, 18.0816715151], [75.13667198579999, 18.081393737099997], [75.1372275418, 18.081393737099997], [75.1372275418, 18.0819492931], [75.13694976379999, 18.0819492931], [75.13694976379999, 18.0827826271], [75.1363942078, 18.0827826271], [75.1363942078, 18.083338183099997], [75.1358386518, 18.083338183099997], [75.1358386518, 18.083615961099998], [75.1361164298, 18.083615961099998], [75.1361164298, 18.0838937391], [75.13667198579999, 18.0838937391], [75.13667198579999, 18.083338183099997], [75.1372275418, 18.083338183099997], [75.1372275418, 18.083615961099998], [75.1377830978, 18.083615961099998], [75.1377830978, 18.0838937391], [75.1380608758, 18.0838937391], [75.1380608758, 18.083615961099998], [75.13833865379999, 18.083615961099998], [75.13833865379999, 18.0838937391], [75.13861643179999, 18.0838937391], [75.13861643179999, 18.0841715171], [75.13972754379999, 18.0841715171], [75.13972754379999, 18.084449295099997], [75.1402830998, 18.084449295099997], [75.1402830998, 18.0841715171], [75.14000532179999, 18.0841715171], [75.14000532179999, 18.0838937391], [75.13972754379999, 18.0838937391], [75.13972754379999, 18.083615961099998], [75.14000532179999, 18.083615961099998], [75.14000532179999, 18.0830604051], [75.1394497658, 18.0830604051], [75.1394497658, 18.0827826271], [75.13972754379999, 18.0827826271], [75.13972754379999, 18.082504849099998], [75.14000532179999, 18.082504849099998], [75.14000532179999, 18.0827826271], [75.1405608778, 18.0827826271], [75.1405608778, 18.082227071099997], [75.1408386558, 18.082227071099997], [75.1408386558, 18.0819492931], [75.1411164338, 18.0819492931], [75.1411164338, 18.082227071099997], [75.1422275458, 18.082227071099997], [75.1422275458, 18.082504849099998], [75.14278310179999, 18.082504849099998], [75.14278310179999, 18.082227071099997], [75.1433386578, 18.082227071099997], [75.1433386578, 18.082504849099998], [75.1438942138, 18.082504849099998], [75.1438942138, 18.0827826271], [75.1441719918, 18.0827826271], [75.1441719918, 18.082504849099998], [75.14444976979999, 18.082504849099998], [75.14444976979999, 18.082227071099997], [75.14472754779999, 18.082227071099997], [75.14472754779999, 18.082504849099998], [75.1450053258, 18.082504849099998], [75.1450053258, 18.0830604051], [75.1452831038, 18.0830604051], [75.1452831038, 18.083338183099997], [75.1455608818, 18.083338183099997], [75.1455608818, 18.083615961099998], [75.1463942158, 18.083615961099998], [75.1463942158, 18.083338183099997], [75.1466719938, 18.083338183099997], [75.1466719938, 18.0841715171], [75.1463942158, 18.0841715171], [75.1463942158, 18.0838937391], [75.14583865979999, 18.0838937391], [75.14583865979999, 18.084449295099997], [75.14611643779999, 18.084449295099997], [75.14611643779999, 18.084727073099998], [75.1463942158, 18.084727073099998], [75.1463942158, 18.084449295099997], [75.1472275498, 18.084449295099997], [75.1472275498, 18.084727073099998], [75.14750532779999, 18.084727073099998], [75.14750532779999, 18.085282629099996], [75.14778310579999, 18.085282629099996], [75.14778310579999, 18.0850048511], [75.1480608838, 18.0850048511], [75.1480608838, 18.085282629099996], [75.1483386618, 18.085282629099996], [75.1483386618, 18.0858381851], [75.1486164398, 18.0858381851], [75.1486164398, 18.086393741099997], [75.14917199579999, 18.086393741099997], [75.14917199579999, 18.0861159631], [75.1500053298, 18.0861159631], [75.1500053298, 18.086393741099997], [75.15083866379999, 18.086393741099997], [75.15083866379999, 18.086671519099998], [75.15361644379999, 18.086671519099998], [75.15361644379999, 18.0872270751], [75.1530608878, 18.0872270751], [75.1530608878, 18.087504853099997], [75.15194977579999, 18.087504853099997], [75.15194977579999, 18.087782631099998], [75.1516719978, 18.087782631099998], [75.1516719978, 18.088615965099997], [75.1513942198, 18.088615965099997], [75.1513942198, 18.0891715211], [75.1516719978, 18.0891715211], [75.1516719978, 18.089449299099996], [75.15222755379999, 18.089449299099996], [75.15222755379999, 18.0891715211], [75.1525053318, 18.0891715211], [75.1525053318, 18.088615965099997], [75.1530608878, 18.088615965099997], [75.1530608878, 18.088893743099998], [75.15333866579999, 18.088893743099998], [75.15333866579999, 18.0891715211], [75.15389422179999, 18.0891715211], [75.15389422179999, 18.088338187099996], [75.1541719998, 18.088338187099996], [75.1541719998, 18.0880604091], [75.1547275558, 18.0880604091], [75.1547275558, 18.087504853099997], [75.15500533379999, 18.087504853099997], [75.15500533379999, 18.0872270751], [75.1558386678, 18.0872270751], [75.1558386678, 18.087782631099998], [75.15528311179999, 18.087782631099998], [75.15528311179999, 18.0880604091], [75.15500533379999, 18.0880604091], [75.15500533379999, 18.088615965099997], [75.1547275558, 18.088615965099997], [75.1547275558, 18.088893743099998], [75.15500533379999, 18.088893743099998], [75.15500533379999, 18.089449299099996], [75.1541719998, 18.089449299099996], [75.1541719998, 18.0902826331], [75.15389422179999, 18.0902826331], [75.15389422179999, 18.090560411099997], [75.1530608878, 18.090560411099997], [75.1530608878, 18.0913937451], [75.1527831098, 18.0913937451], [75.1527831098, 18.0922270791], [75.1525053318, 18.0922270791], [75.1525053318, 18.0933381911], [75.1516719978, 18.0933381911], [75.1516719978, 18.093615969099996], [75.1513942198, 18.093615969099996], [75.1513942198, 18.093893747099997], [75.1511164418, 18.093893747099997], [75.1511164418, 18.0944493031], [75.15056088579999, 18.0944493031], [75.15056088579999, 18.0941715251], [75.1500053298, 18.0941715251], [75.1500053298, 18.093615969099996], [75.1494497738, 18.093615969099996], [75.1494497738, 18.0944493031], [75.14917199579999, 18.0944493031], [75.14917199579999, 18.094727081099997], [75.14889421779999, 18.094727081099997], [75.14889421779999, 18.095004859099998], [75.14917199579999, 18.095004859099998], [75.14917199579999, 18.0952826371], [75.1486164398, 18.0952826371], [75.1486164398, 18.095004859099998], [75.1480608838, 18.095004859099998], [75.1480608838, 18.0955604151], [75.1483386618, 18.0955604151], [75.1483386618, 18.096115971099998], [75.1486164398, 18.096115971099998], [75.1486164398, 18.0963937491], [75.14889421779999, 18.0963937491], [75.14889421779999, 18.096671527099996], [75.1483386618, 18.096671527099996], [75.1483386618, 18.096949305099997], [75.1480608838, 18.096949305099997], [75.1480608838, 18.097227083099998], [75.14778310579999, 18.097227083099998], [75.14778310579999, 18.0975048611], [75.14750532779999, 18.0975048611], [75.14750532779999, 18.097782639099997], [75.1472275498, 18.097782639099997], [75.1472275498, 18.098060417099997], [75.1469497718, 18.098060417099997], [75.1469497718, 18.0986159731], [75.1466719938, 18.0986159731], [75.1466719938, 18.0983381951], [75.1463942158, 18.0983381951], [75.1463942158, 18.098893751099997], [75.14611643779999, 18.098893751099997], [75.14611643779999, 18.099171529099998], [75.1463942158, 18.099171529099998], [75.1463942158, 18.0994493071], [75.14611643779999, 18.0994493071], [75.14611643779999, 18.0997270851], [75.1455608818, 18.0997270851], [75.1455608818, 18.100282641099998], [75.1452831038, 18.100282641099998], [75.1452831038, 18.1005604191], [75.1450053258, 18.1005604191], [75.1450053258, 18.100838197099996], [75.14472754779999, 18.100838197099996], [75.14472754779999, 18.101115975099997], [75.1441719918, 18.101115975099997], [75.1441719918, 18.101393753099998], [75.14306087979999, 18.101393753099998], [75.14306087979999, 18.100838197099996], [75.14278310179999, 18.100838197099996], [75.14278310179999, 18.1005604191], [75.1425053238, 18.1005604191], [75.1425053238, 18.0994493071], [75.1422275458, 18.0994493071], [75.1422275458, 18.0997270851], [75.14167198979999, 18.0997270851], [75.14167198979999, 18.0994493071], [75.14139421179999, 18.0994493071], [75.14139421179999, 18.0997270851], [75.14000532179999, 18.0997270851], [75.14000532179999, 18.100004863099997], [75.1402830998, 18.100004863099997], [75.1402830998, 18.100282641099998], [75.14000532179999, 18.100282641099998], [75.14000532179999, 18.1016715311], [75.13972754379999, 18.1016715311], [75.13972754379999, 18.102227087099998], [75.1394497658, 18.102227087099998], [75.1394497658, 18.1027826431], [75.1402830998, 18.1027826431], [75.1402830998, 18.104449311099998], [75.14000532179999, 18.104449311099998]], [[75.13528309579999, 18.1005604191], [75.1358386518, 18.1005604191], [75.1358386518, 18.100282641099998], [75.13556087379999, 18.100282641099998], [75.13556087379999, 18.100004863099997], [75.13528309579999, 18.100004863099997], [75.13528309579999, 18.1005604191]], [[75.13833865379999, 18.100004863099997], [75.13861643179999, 18.100004863099997], [75.13861643179999, 18.0997270851], [75.13833865379999, 18.0997270851], [75.13833865379999, 18.100004863099997]], [[75.1425053238, 18.099171529099998], [75.14278310179999, 18.099171529099998], [75.14278310179999, 18.098893751099997], [75.1425053238, 18.098893751099997], [75.1425053238, 18.099171529099998]], [[75.14167198979999, 18.098060417099997], [75.1419497678, 18.098060417099997], [75.1419497678, 18.097782639099997], [75.14167198979999, 18.097782639099997], [75.14167198979999, 18.098060417099997]], [[75.1408386558, 18.0963937491], [75.1411164338, 18.0963937491], [75.1411164338, 18.096115971099998], [75.1408386558, 18.096115971099998], [75.1408386558, 18.0963937491]], [[75.1422275458, 18.0955604151], [75.14278310179999, 18.0955604151], [75.14278310179999, 18.0952826371], [75.1422275458, 18.0952826371], [75.1422275458, 18.0955604151]], [[75.1452831038, 18.0955604151], [75.14583865979999, 18.0955604151], [75.14583865979999, 18.0944493031], [75.1452831038, 18.0944493031], [75.1452831038, 18.094727081099997], [75.1450053258, 18.094727081099997], [75.1450053258, 18.0952826371], [75.1452831038, 18.0952826371], [75.1452831038, 18.0955604151]], [[75.1436164358, 18.0952826371], [75.1438942138, 18.0952826371], [75.1438942138, 18.095004859099998], [75.1436164358, 18.095004859099998], [75.1436164358, 18.0952826371]], [[75.1455608818, 18.0941715251], [75.14611643779999, 18.0941715251], [75.14611643779999, 18.093893747099997], [75.1455608818, 18.093893747099997], [75.1455608818, 18.0941715251]], [[75.1455608818, 18.093615969099996], [75.14611643779999, 18.093615969099996], [75.14611643779999, 18.0933381911], [75.14583865979999, 18.0933381911], [75.14583865979999, 18.093060413099998], [75.1455608818, 18.093060413099998], [75.1455608818, 18.093615969099996]], [[75.1480608838, 18.093615969099996], [75.1483386618, 18.093615969099996], [75.1483386618, 18.0933381911], [75.1480608838, 18.0933381911], [75.1480608838, 18.093615969099996]], [[75.1486164398, 18.093615969099996], [75.14917199579999, 18.093615969099996], [75.14917199579999, 18.0933381911], [75.1486164398, 18.0933381911], [75.1486164398, 18.093615969099996]], [[75.14917199579999, 18.092504857099996], [75.1497275518, 18.092504857099996], [75.1497275518, 18.0922270791], [75.1500053298, 18.0922270791], [75.1500053298, 18.091671523099997], [75.1494497738, 18.091671523099997], [75.1494497738, 18.091949301099998], [75.14917199579999, 18.091949301099998], [75.14917199579999, 18.092504857099996]], [[75.13111642579999, 18.091949301099998], [75.1313942038, 18.091949301099998], [75.1313942038, 18.091671523099997], [75.13111642579999, 18.091671523099997], [75.13111642579999, 18.091949301099998]], [[75.1480608838, 18.091949301099998], [75.1486164398, 18.091949301099998], [75.1486164398, 18.091671523099997], [75.1480608838, 18.091671523099997], [75.1480608838, 18.091949301099998]], [[75.1305608698, 18.0911159671], [75.13083864779999, 18.0911159671], [75.13083864779999, 18.090838189099998], [75.1305608698, 18.090838189099998], [75.1305608698, 18.0911159671]], [[75.1483386618, 18.090560411099997], [75.1486164398, 18.090560411099997], [75.1486164398, 18.0902826331], [75.1483386618, 18.0902826331], [75.1483386618, 18.090560411099997]], [[75.13556087379999, 18.081393737099997], [75.1358386518, 18.081393737099997], [75.1358386518, 18.081115959099996], [75.13556087379999, 18.081115959099996], [75.13556087379999, 18.081393737099997]]]}}, {"type": "Feature", "properties": {"time_min": 60, "depth_min_m": 6.0, "depth_max_m": null, "depth_class": "6.0+ m", "class_area_km2": 12.76136286211322, "flooded_area_km2": 17.78648792691141, "frame_max_depth_m": 144.69788555673983, "class_mean_depth_m": 20.30351609627857, "scenario_id": "major_breach", "model_type": "Automated approximate 2D flood-routing prototype", "validated_hydraulic_output": false}, "geometry": {"type": "Polygon", "coordinates": [[[75.13222753779999, 18.081115959099996], [75.13222753779999, 18.0797270691], [75.1319497598, 18.0797270691], [75.1319497598, 18.079449291099998], [75.1327830938, 18.079449291099998], [75.1327830938, 18.0800048471], [75.1330608718, 18.0800048471], [75.1330608718, 18.080282625099997], [75.1333386498, 18.080282625099997], [75.1333386498, 18.0808381811], [75.1330608718, 18.0808381811], [75.1330608718, 18.081115959099996], [75.13222753779999, 18.081115959099996]]]}}, {"type": "Feature", "properties": {"time_min": 60, "depth_min_m": 6.0, "depth_max_m": null, "depth_class": "6.0+ m", "class_area_km2": 12.76136286211322, "flooded_area_km2": 17.78648792691141, "frame_max_depth_m": 144.69788555673983, "class_mean_depth_m": 20.30351609627857, "scenario_id": "major_breach", "model_type": "Automated approximate 2D flood-routing prototype", "validated_hydraulic_output": false}, "geometry": {"type": "Polygon", "coordinates": [[[75.0827830538, 18.0800048471], [75.0827830538, 18.0797270691], [75.0830608318, 18.0797270691], [75.0830608318, 18.079171513099997], [75.08361638779999, 18.079171513099997], [75.08361638779999, 18.0797270691], [75.0833386098, 18.0797270691], [75.0833386098, 18.0800048471], [75.0827830538, 18.0800048471]]]}}, {"type": "Feature", "properties": {"time_min": 60, "depth_min_m": 6.0, "depth_max_m": null, "depth_class": "6.0+ m", "class_area_km2": 12.76136286211322, "flooded_area_km2": 17.78648792691141, "frame_max_depth_m": 144.69788555673983, "class_mean_depth_m": 20.30351609627857, "scenario_id": "major_breach", "model_type": "Automated approximate 2D flood-routing prototype", "validated_hydraulic_output": false}, "geometry": {"type": "Polygon", "coordinates": [[[75.13250531579999, 18.079171513099997], [75.13250531579999, 18.0788937351], [75.1327830938, 18.0788937351], [75.1327830938, 18.079171513099997], [75.13250531579999, 18.079171513099997]]]}}, {"type": "Feature", "properties": {"time_min": 60, "depth_min_m": 6.0, "depth_max_m": null, "depth_class": "6.0+ m", "class_area_km2": 12.76136286211322, "flooded_area_km2": 17.78648792691141, "frame_max_depth_m": 144.69788555673983, "class_mean_depth_m": 20.30351609627857, "scenario_id": "major_breach", "model_type": "Automated approximate 2D flood-routing prototype", "validated_hydraulic_output": false}, "geometry": {"type": "Polygon", "coordinates": [[[75.13083864779999, 18.079171513099997], [75.13083864779999, 18.0786159571], [75.1313942038, 18.0786159571], [75.1313942038, 18.079171513099997], [75.13083864779999, 18.079171513099997]]]}}, {"type": "Feature", "properties": {"time_min": 60, "depth_min_m": 6.0, "depth_max_m": null, "depth_class": "6.0+ m", "class_area_km2": 12.76136286211322, "flooded_area_km2": 17.78648792691141, "frame_max_depth_m": 144.69788555673983, "class_mean_depth_m": 20.30351609627857, "scenario_id": "major_breach", "model_type": "Automated approximate 2D flood-routing prototype", "validated_hydraulic_output": false}, "geometry": {"type": "Polygon", "coordinates": [[[75.1319497598, 18.079171513099997], [75.1319497598, 18.0786159571], [75.13222753779999, 18.0786159571], [75.13222753779999, 18.079171513099997], [75.1319497598, 18.079171513099997]]]}}, {"type": "Feature", "properties": {"time_min": 60, "depth_min_m": 6.0, "depth_max_m": null, "depth_class": "6.0+ m", "class_area_km2": 12.76136286211322, "flooded_area_km2": 17.78648792691141, "frame_max_depth_m": 144.69788555673983, "class_mean_depth_m": 20.30351609627857, "scenario_id": "major_breach", "model_type": "Automated approximate 2D flood-routing prototype", "validated_hydraulic_output": false}, "geometry": {"type": "Polygon", "coordinates": [[[75.0891719478, 18.078060401099997], [75.0891719478, 18.0777826231], [75.0894497258, 18.0777826231], [75.0894497258, 18.078060401099997], [75.0891719478, 18.078060401099997]]]}}, {"type": "Feature", "properties": {"time_min": 60, "depth_min_m": 6.0, "depth_max_m": null, "depth_class": "6.0+ m", "class_area_km2": 12.76136286211322, "flooded_area_km2": 17.78648792691141, "frame_max_depth_m": 144.69788555673983, "class_mean_depth_m": 20.30351609627857, "scenario_id": "major_breach", "model_type": "Automated approximate 2D flood-routing prototype", "validated_hydraulic_output": false}, "geometry": {"type": "Polygon", "coordinates": [[[75.1305608698, 18.0777826231], [75.1305608698, 18.077504845099998], [75.1302830918, 18.077504845099998], [75.1302830918, 18.076949289099996], [75.1305608698, 18.076949289099996], [75.1305608698, 18.077227067099997], [75.13111642579999, 18.077227067099997], [75.13111642579999, 18.0777826231], [75.1305608698, 18.0777826231]]]}}, {"type": "Feature", "properties": {"time_min": 60, "depth_min_m": 6.0, "depth_max_m": null, "depth_class": "6.0+ m", "class_area_km2": 12.76136286211322, "flooded_area_km2": 17.78648792691141, "frame_max_depth_m": 144.69788555673983, "class_mean_depth_m": 20.30351609627857, "scenario_id": "major_breach", "model_type": "Automated approximate 2D flood-routing prototype", "validated_hydraulic_output": false}, "geometry": {"type": "Polygon", "coordinates": [[[75.1313942038, 18.077227067099997], [75.1313942038, 18.076949289099996], [75.1316719818, 18.076949289099996], [75.1316719818, 18.077227067099997], [75.1313942038, 18.077227067099997]]]}}, {"type": "Feature", "properties": {"time_min": 60, "depth_min_m": 6.0, "depth_max_m": null, "depth_class": "6.0+ m", "class_area_km2": 12.76136286211322, "flooded_area_km2": 17.78648792691141, "frame_max_depth_m": 144.69788555673983, "class_mean_depth_m": 20.30351609627857, "scenario_id": "major_breach", "model_type": "Automated approximate 2D flood-routing prototype", "validated_hydraulic_output": false}, "geometry": {"type": "Polygon", "coordinates": [[[75.1225053078, 18.077227067099997], [75.1225053078, 18.076949289099996], [75.1222275298, 18.076949289099996], [75.1222275298, 18.0766715111], [75.1227830858, 18.0766715111], [75.1227830858, 18.077227067099997], [75.1225053078, 18.077227067099997]]]}}, {"type": "Feature", "properties": {"time_min": 60, "depth_min_m": 6.0, "depth_max_m": null, "depth_class": "6.0+ m", "class_area_km2": 12.76136286211322, "flooded_area_km2": 17.78648792691141, "frame_max_depth_m": 144.69788555673983, "class_mean_depth_m": 20.30351609627857, "scenario_id": "major_breach", "model_type": "Automated approximate 2D flood-routing prototype", "validated_hydraulic_output": false}, "geometry": {"type": "Polygon", "coordinates": [[[75.1211164178, 18.075004843099997], [75.1211164178, 18.0747270651], [75.1213941958, 18.0747270651], [75.1213941958, 18.075004843099997], [75.1211164178, 18.075004843099997]]]}}, {"type": "Feature", "properties": {"time_min": 60, "depth_min_m": 6.0, "depth_max_m": null, "depth_class": "6.0+ m", "class_area_km2": 12.76136286211322, "flooded_area_km2": 17.78648792691141, "frame_max_depth_m": 144.69788555673983, "class_mean_depth_m": 20.30351609627857, "scenario_id": "major_breach", "model_type": "Automated approximate 2D flood-routing prototype", "validated_hydraulic_output": false}, "geometry": {"type": "Polygon", "coordinates": [[[75.13083864779999, 18.074171509099997], [75.13083864779999, 18.073893731099997], [75.13111642579999, 18.073893731099997], [75.13111642579999, 18.074171509099997], [75.13083864779999, 18.074171509099997]]]}}, {"type": "Feature", "properties": {"time_min": 60, "depth_min_m": 6.0, "depth_max_m": null, "depth_class": "6.0+ m", "class_area_km2": 12.76136286211322, "flooded_area_km2": 17.78648792691141, "frame_max_depth_m": 144.69788555673983, "class_mean_depth_m": 20.30351609627857, "scenario_id": "major_breach", "model_type": "Automated approximate 2D flood-routing prototype", "validated_hydraulic_output": false}, "geometry": {"type": "Polygon", "coordinates": [[[75.1319497598, 18.0777826231], [75.1319497598, 18.076949289099996], [75.13222753779999, 18.076949289099996], [75.13222753779999, 18.0766715111], [75.1313942038, 18.0766715111], [75.1313942038, 18.076949289099996], [75.13083864779999, 18.076949289099996], [75.13083864779999, 18.076393733099998], [75.1305608698, 18.076393733099998], [75.1305608698, 18.0766715111], [75.1300053138, 18.0766715111], [75.1300053138, 18.076393733099998], [75.1297275358, 18.076393733099998], [75.1297275358, 18.0758381771], [75.12944975779999, 18.0758381771], [75.12944975779999, 18.0755603991], [75.1288942018, 18.0755603991], [75.1288942018, 18.075282621099998], [75.1286164238, 18.075282621099998], [75.1286164238, 18.0755603991], [75.12778308979999, 18.0755603991], [75.12778308979999, 18.075282621099998], [75.1272275338, 18.075282621099998], [75.1272275338, 18.0747270651], [75.1266719778, 18.0747270651], [75.1266719778, 18.075004843099997], [75.1269497558, 18.075004843099997], [75.1269497558, 18.075282621099998], [75.1266719778, 18.075282621099998], [75.1266719778, 18.0755603991], [75.12611642179999, 18.0755603991], [75.12611642179999, 18.075004843099997], [75.12639419979999, 18.075004843099997], [75.12639419979999, 18.0744492871], [75.1266719778, 18.0744492871], [75.1266719778, 18.073893731099997], [75.1269497558, 18.073893731099997], [75.1269497558, 18.0736159531], [75.12778308979999, 18.0736159531], [75.12778308979999, 18.074171509099997], [75.12806086779999, 18.074171509099997], [75.12806086779999, 18.0744492871], [75.1288942018, 18.0744492871], [75.1288942018, 18.0747270651], [75.12917197979999, 18.0747270651], [75.12917197979999, 18.075282621099998], [75.1297275358, 18.075282621099998], [75.1297275358, 18.075004843099997], [75.1300053138, 18.075004843099997], [75.1300053138, 18.0744492871], [75.1302830918, 18.0744492871], [75.1302830918, 18.0747270651], [75.1313942038, 18.0747270651], [75.1313942038, 18.0755603991], [75.1316719818, 18.0755603991], [75.1316719818, 18.0758381771], [75.1319497598, 18.0758381771], [75.1319497598, 18.076115955099997], [75.1330608718, 18.076115955099997], [75.1330608718, 18.077504845099998], [75.1327830938, 18.077504845099998], [75.1327830938, 18.0777826231], [75.1319497598, 18.0777826231]]]}}, {"type": "Feature", "properties": {"time_min": 60, "depth_min_m": 6.0, "depth_max_m": null, "depth_class": "6.0+ m", "class_area_km2": 12.76136286211322, "flooded_area_km2": 17.78648792691141, "frame_max_depth_m": 144.69788555673983, "class_mean_depth_m": 20.30351609627857, "scenario_id": "major_breach", "model_type": "Automated approximate 2D flood-routing prototype", "validated_hydraulic_output": false}, "geometry": {"type": "Polygon", "coordinates": [[[75.12806086779999, 18.073893731099997], [75.12806086779999, 18.0736159531], [75.1283386458, 18.0736159531], [75.1283386458, 18.073893731099997], [75.12806086779999, 18.073893731099997]]]}}, {"type": "Feature", "properties": {"time_min": 60, "depth_min_m": 6.0, "depth_max_m": null, "depth_class": "6.0+ m", "class_area_km2": 12.76136286211322, "flooded_area_km2": 17.78648792691141, "frame_max_depth_m": 144.69788555673983, "class_mean_depth_m": 20.30351609627857, "scenario_id": "major_breach", "model_type": "Automated approximate 2D flood-routing prototype", "validated_hydraulic_output": false}, "geometry": {"type": "Polygon", "coordinates": [[[75.12778308979999, 18.073338175099998], [75.12778308979999, 18.073060397099997], [75.12806086779999, 18.073060397099997], [75.12806086779999, 18.073338175099998], [75.12778308979999, 18.073338175099998]]]}}, {"type": "Feature", "properties": {"time_min": 60, "depth_min_m": 6.0, "depth_max_m": null, "depth_class": "6.0+ m", "class_area_km2": 12.76136286211322, "flooded_area_km2": 17.78648792691141, "frame_max_depth_m": 144.69788555673983, "class_mean_depth_m": 20.30351609627857, "scenario_id": "major_breach", "model_type": "Automated approximate 2D flood-routing prototype", "validated_hydraulic_output": false}, "geometry": {"type": "Polygon", "coordinates": [[[75.1102830758, 18.0630603891], [75.1102830758, 18.062504833099997], [75.1105608538, 18.062504833099997], [75.1105608538, 18.0630603891], [75.1102830758, 18.0630603891]]]}}, {"type": "Feature", "properties": {"time_min": 60, "depth_min_m": 6.0, "depth_max_m": null, "depth_class": "6.0+ m", "class_area_km2": 12.76136286211322, "flooded_area_km2": 17.78648792691141, "frame_max_depth_m": 144.69788555673983, "class_mean_depth_m": 20.30351609627857, "scenario_id": "major_breach", "model_type": "Automated approximate 2D flood-routing prototype", "validated_hydraulic_output": false}, "geometry": {"type": "Polygon", "coordinates": [[[75.0950052858, 18.053060381099996], [75.0950052858, 18.0527826031], [75.09472750779999, 18.0527826031], [75.09472750779999, 18.052504825099998], [75.0950052858, 18.052504825099998], [75.0950052858, 18.052227047099997], [75.0952830638, 18.052227047099997], [75.0952830638, 18.0519492691], [75.0955608418, 18.0519492691], [75.0955608418, 18.053060381099996], [75.0950052858, 18.053060381099996]]]}}, {"type": "Feature", "properties": {"time_min": 60, "depth_min_m": 6.0, "depth_max_m": null, "depth_class": "6.0+ m", "class_area_km2": 12.76136286211322, "flooded_area_km2": 17.78648792691141, "frame_max_depth_m": 144.69788555673983, "class_mean_depth_m": 20.30351609627857, "scenario_id": "major_breach", "model_type": "Automated approximate 2D flood-routing prototype", "validated_hydraulic_output": false}, "geometry": {"type": "Polygon", "coordinates": [[[75.09611639779999, 18.0519492691], [75.09611639779999, 18.0516714911], [75.0963941758, 18.0516714911], [75.0963941758, 18.0519492691], [75.09611639779999, 18.0519492691]]]}}, {"type": "Feature", "properties": {"time_min": 60, "depth_min_m": 6.0, "depth_max_m": null, "depth_class": "6.0+ m", "class_area_km2": 12.76136286211322, "flooded_area_km2": 17.78648792691141, "frame_max_depth_m": 144.69788555673983, "class_mean_depth_m": 20.30351609627857, "scenario_id": "major_breach", "model_type": "Automated approximate 2D flood-routing prototype", "validated_hydraulic_output": false}, "geometry": {"type": "Polygon", "coordinates": [[[75.1100052978, 18.0880604091], [75.1100052978, 18.087504853099997], [75.10972751979999, 18.087504853099997], [75.10972751979999, 18.0869492971], [75.10944974179999, 18.0869492971], [75.10944974179999, 18.0858381851], [75.1091719638, 18.0858381851], [75.1091719638, 18.084449295099997], [75.1088941858, 18.084449295099997], [75.1088941858, 18.0838937391], [75.1086164078, 18.0838937391], [75.1086164078, 18.083615961099998], [75.1088941858, 18.083615961099998], [75.1088941858, 18.082504849099998], [75.1086164078, 18.082504849099998], [75.1086164078, 18.081115959099996], [75.10833862979999, 18.081115959099996], [75.10833862979999, 18.0808381811], [75.1077830738, 18.0808381811], [75.1077830738, 18.080560403099998], [75.1072275178, 18.080560403099998], [75.1072275178, 18.080282625099997], [75.10667196179999, 18.080282625099997], [75.10667196179999, 18.080560403099998], [75.10639418379999, 18.080560403099998], [75.10639418379999, 18.080282625099997], [75.1061164058, 18.080282625099997], [75.1061164058, 18.080560403099998], [75.10528307179999, 18.080560403099998], [75.10528307179999, 18.080282625099997], [75.1044497378, 18.080282625099997], [75.1044497378, 18.0800048471], [75.1038941818, 18.0800048471], [75.1038941818, 18.080282625099997], [75.10361640379999, 18.080282625099997], [75.10361640379999, 18.0800048471], [75.1030608478, 18.0800048471], [75.1030608478, 18.0797270691], [75.1025052918, 18.0797270691], [75.1025052918, 18.079449291099998], [75.10194973579999, 18.079449291099998], [75.10194973579999, 18.079171513099997], [75.1011164018, 18.079171513099997], [75.1011164018, 18.0788937351], [75.1008386238, 18.0788937351], [75.1008386238, 18.0786159571], [75.10056084579999, 18.0786159571], [75.10056084579999, 18.078338179099998], [75.10028306779999, 18.078338179099998], [75.10028306779999, 18.078060401099997], [75.1000052898, 18.078060401099997], [75.1000052898, 18.0777826231], [75.0997275118, 18.0777826231], [75.0997275118, 18.077504845099998], [75.0994497338, 18.077504845099998], [75.0994497338, 18.0777826231], [75.0983386218, 18.0777826231], [75.0983386218, 18.078060401099997], [75.09722750979999, 18.078060401099997], [75.09722750979999, 18.078338179099998], [75.09583861979999, 18.078338179099998], [75.09583861979999, 18.0786159571], [75.0952830638, 18.0786159571], [75.0952830638, 18.078338179099998], [75.0950052858, 18.078338179099998], [75.0950052858, 18.078060401099997], [75.09472750779999, 18.078060401099997], [75.09472750779999, 18.0777826231], [75.09444972979999, 18.0777826231], [75.09444972979999, 18.077504845099998], [75.09417195179999, 18.077504845099998], [75.09417195179999, 18.077227067099997], [75.0938941738, 18.077227067099997], [75.0938941738, 18.078060401099997], [75.0936163958, 18.078060401099997], [75.0936163958, 18.0786159571], [75.09278306179999, 18.0786159571], [75.09278306179999, 18.078338179099998], [75.0919497278, 18.078338179099998], [75.0919497278, 18.0777826231], [75.09139417179999, 18.0777826231], [75.09139417179999, 18.077504845099998], [75.0911163938, 18.077504845099998], [75.0911163938, 18.077227067099997], [75.0908386158, 18.077227067099997], [75.0908386158, 18.076949289099996], [75.0905608378, 18.076949289099996], [75.0905608378, 18.076115955099997], [75.0911163938, 18.076115955099997], [75.0911163938, 18.0758381771], [75.09167194979999, 18.0758381771], [75.09167194979999, 18.0755603991], [75.0905608378, 18.0755603991], [75.0905608378, 18.0758381771], [75.09000528179999, 18.0758381771], [75.09000528179999, 18.076949289099996], [75.08972750379999, 18.076949289099996], [75.08972750379999, 18.077227067099997], [75.0894497258, 18.077227067099997], [75.0894497258, 18.076949289099996], [75.0888941698, 18.076949289099996], [75.0888941698, 18.077227067099997], [75.08861639179999, 18.077227067099997], [75.08861639179999, 18.077504845099998], [75.08833861379999, 18.077504845099998], [75.08833861379999, 18.078060401099997], [75.0888941698, 18.078060401099997], [75.0888941698, 18.0786159571], [75.08861639179999, 18.0786159571], [75.08861639179999, 18.0788937351], [75.0891719478, 18.0788937351], [75.0891719478, 18.079171513099997], [75.0894497258, 18.079171513099997], [75.0894497258, 18.079449291099998], [75.08861639179999, 18.079449291099998], [75.08861639179999, 18.0797270691], [75.08833861379999, 18.0797270691], [75.08833861379999, 18.079449291099998], [75.0877830578, 18.079449291099998], [75.0877830578, 18.0797270691], [75.0875052798, 18.0797270691], [75.0875052798, 18.0800048471], [75.08694972379999, 18.0800048471], [75.08694972379999, 18.0797270691], [75.08667194579999, 18.0797270691], [75.08667194579999, 18.0800048471], [75.0858386118, 18.0800048471], [75.0858386118, 18.080282625099997], [75.08528305579999, 18.080282625099997], [75.08528305579999, 18.080560403099998], [75.0847274998, 18.080560403099998], [75.0847274998, 18.080282625099997], [75.0844497218, 18.080282625099997], [75.0844497218, 18.0797270691], [75.0841719438, 18.0797270691], [75.0841719438, 18.079449291099998], [75.08389416579999, 18.079449291099998], [75.08389416579999, 18.079171513099997], [75.08361638779999, 18.079171513099997], [75.08361638779999, 18.0788937351], [75.0841719438, 18.0788937351], [75.0841719438, 18.0786159571], [75.0847274998, 18.0786159571], [75.0847274998, 18.078338179099998], [75.08556083379999, 18.078338179099998], [75.08556083379999, 18.078060401099997], [75.08667194579999, 18.078060401099997], [75.08667194579999, 18.077504845099998], [75.0863941678, 18.077504845099998], [75.0863941678, 18.077227067099997], [75.08667194579999, 18.077227067099997], [75.08667194579999, 18.0758381771], [75.08694972379999, 18.0758381771], [75.08694972379999, 18.0755603991], [75.08667194579999, 18.0755603991], [75.08667194579999, 18.075004843099997], [75.0872275018, 18.075004843099997], [75.0872275018, 18.0747270651], [75.0875052798, 18.0747270651], [75.0875052798, 18.0744492871], [75.0877830578, 18.0744492871], [75.0877830578, 18.073893731099997], [75.0880608358, 18.073893731099997], [75.0880608358, 18.0736159531], [75.0888941698, 18.0736159531], [75.0888941698, 18.073338175099998], [75.0894497258, 18.073338175099998], [75.0894497258, 18.072227063099998], [75.0888941698, 18.072227063099998], [75.0888941698, 18.071949285099997], [75.08833861379999, 18.071949285099997], [75.08833861379999, 18.0716715071], [75.0877830578, 18.0716715071], [75.0877830578, 18.0713937291], [75.0872275018, 18.0713937291], [75.0872275018, 18.071115951099998], [75.0863941678, 18.071115951099998], [75.0863941678, 18.070838173099997], [75.0861163898, 18.070838173099997], [75.0861163898, 18.0702826171], [75.0850052778, 18.0702826171], [75.0850052778, 18.070004839099997], [75.0844497218, 18.070004839099997], [75.0844497218, 18.069727061099996], [75.08389416579999, 18.069727061099996], [75.08389416579999, 18.0702826171], [75.08361638779999, 18.0702826171], [75.08361638779999, 18.070838173099997], [75.0830608318, 18.070838173099997], [75.0830608318, 18.0705603951], [75.08250527579999, 18.0705603951], [75.08250527579999, 18.0702826171], [75.08222749779999, 18.0702826171], [75.08222749779999, 18.070004839099997], [75.08250527579999, 18.070004839099997], [75.08250527579999, 18.069727061099996], [75.08222749779999, 18.069727061099996], [75.08222749779999, 18.0694492831], [75.0830608318, 18.0694492831], [75.0830608318, 18.068893727099997], [75.0833386098, 18.068893727099997], [75.0833386098, 18.0683381711], [75.0827830538, 18.0683381711], [75.0827830538, 18.068060393099998], [75.0830608318, 18.068060393099998], [75.0830608318, 18.0675048371], [75.0833386098, 18.0675048371], [75.0833386098, 18.0672270591], [75.08361638779999, 18.0672270591], [75.08361638779999, 18.066671503099997], [75.08389416579999, 18.066671503099997], [75.08389416579999, 18.0663937251], [75.0841719438, 18.0663937251], [75.0841719438, 18.0661159471], [75.0844497218, 18.0661159471], [75.0844497218, 18.065560391099996], [75.0847274998, 18.065560391099996], [75.0847274998, 18.0652826131], [75.0850052778, 18.0652826131], [75.0850052778, 18.064727057099997], [75.08528305579999, 18.064727057099997], [75.08528305579999, 18.064449279099996], [75.0850052778, 18.064449279099996], [75.0850052778, 18.062782611099998], [75.08528305579999, 18.062782611099998], [75.08528305579999, 18.061671499099997], [75.0850052778, 18.061671499099997], [75.0850052778, 18.061393721099996], [75.0847274998, 18.061393721099996], [75.0847274998, 18.0611159431], [75.0844497218, 18.0611159431], [75.0844497218, 18.060838165099998], [75.08389416579999, 18.060838165099998], [75.08389416579999, 18.0611159431], [75.0830608318, 18.0611159431], [75.0830608318, 18.060838165099998], [75.0827830538, 18.060838165099998], [75.0827830538, 18.0602826091], [75.0830608318, 18.0602826091], [75.0830608318, 18.059727053099998], [75.0833386098, 18.059727053099998], [75.0833386098, 18.0588937191], [75.0830608318, 18.0588937191], [75.0830608318, 18.058615941099998], [75.0827830538, 18.058615941099998], [75.0827830538, 18.0580603851], [75.0830608318, 18.0580603851], [75.0830608318, 18.0577826071], [75.0833386098, 18.0577826071], [75.0833386098, 18.057504829099997], [75.08361638779999, 18.057504829099997], [75.08361638779999, 18.0561159391], [75.0833386098, 18.0561159391], [75.0833386098, 18.055282605099997], [75.0830608318, 18.055282605099997], [75.0830608318, 18.054171493099997], [75.0827830538, 18.054171493099997], [75.0827830538, 18.053338159099997], [75.08250527579999, 18.053338159099997], [75.08250527579999, 18.053060381099996], [75.0819497198, 18.053060381099996], [75.0819497198, 18.0527826031], [75.0816719418, 18.0527826031], [75.0816719418, 18.052504825099998], [75.0819497198, 18.052504825099998], [75.0819497198, 18.0505603791], [75.0816719418, 18.0505603791], [75.0816719418, 18.0497270451], [75.0813941638, 18.0497270451], [75.0813941638, 18.048893711099996], [75.0811163858, 18.048893711099996], [75.0811163858, 18.048338155099998], [75.08083860779999, 18.048338155099998], [75.08083860779999, 18.047227043099998], [75.08056082979999, 18.047227043099998], [75.08056082979999, 18.0466714871], [75.0802830518, 18.0466714871], [75.0802830518, 18.046115931099997], [75.0800052738, 18.046115931099997], [75.0800052738, 18.045838153099997], [75.07944971779999, 18.045838153099997], [75.07944971779999, 18.0455603751], [75.07917193979999, 18.0455603751], [75.07917193979999, 18.045282597099998], [75.0788941618, 18.045282597099998], [75.0788941618, 18.043893707099997], [75.0783386058, 18.043893707099997], [75.0783386058, 18.0436159291], [75.07806082779999, 18.0436159291], [75.07806082779999, 18.042782595099997], [75.07750527179999, 18.042782595099997], [75.07750527179999, 18.0422270391], [75.0772274938, 18.0422270391], [75.0772274938, 18.041949261099997], [75.0769497158, 18.041949261099997], [75.0769497158, 18.041671483099996], [75.07639415979999, 18.041671483099996], [75.07639415979999, 18.0413937051], [75.0758386038, 18.0413937051], [75.0758386038, 18.041115927099998], [75.0755608258, 18.041115927099998], [75.0755608258, 18.040560371099996], [75.0752830478, 18.040560371099996], [75.0752830478, 18.0402825931], [75.07500526979999, 18.0402825931], [75.07500526979999, 18.037782591099997], [75.07472749179999, 18.037782591099997], [75.07472749179999, 18.0372270351], [75.07444971379999, 18.0372270351], [75.07444971379999, 18.036949257099998], [75.0741719358, 18.036949257099998], [75.0741719358, 18.0361159231], [75.0738941578, 18.0361159231], [75.0738941578, 18.035838145099998], [75.0736163798, 18.035838145099998], [75.0736163798, 18.034727033099998], [75.0741719358, 18.034727033099998], [75.0741719358, 18.034449255099997], [75.07639415979999, 18.034449255099997], [75.07639415979999, 18.034727033099998], [75.07750527179999, 18.034727033099998], [75.07750527179999, 18.034449255099997], [75.0788941618, 18.034449255099997], [75.0788941618, 18.0350048111], [75.07917193979999, 18.0350048111], [75.07917193979999, 18.035838145099998], [75.07944971779999, 18.035838145099998], [75.07944971779999, 18.0361159231], [75.0797274958, 18.0361159231], [75.0797274958, 18.036393701099996], [75.0800052738, 18.036393701099996], [75.0800052738, 18.036671479099997], [75.0802830518, 18.036671479099997], [75.0802830518, 18.036949257099998], [75.08056082979999, 18.036949257099998], [75.08056082979999, 18.0372270351], [75.08083860779999, 18.0372270351], [75.08083860779999, 18.037504813099996], [75.0811163858, 18.037504813099996], [75.0811163858, 18.0380603691], [75.0816719418, 18.0380603691], [75.0816719418, 18.0383381471], [75.08222749779999, 18.0383381471], [75.08222749779999, 18.038615925099997], [75.0830608318, 18.038615925099997], [75.0830608318, 18.0383381471], [75.0833386098, 18.0383381471], [75.0833386098, 18.0380603691], [75.08389416579999, 18.0380603691], [75.08389416579999, 18.037782591099997], [75.0844497218, 18.037782591099997], [75.0844497218, 18.037504813099996], [75.0850052778, 18.037504813099996], [75.0850052778, 18.0372270351], [75.08556083379999, 18.0372270351], [75.08556083379999, 18.036949257099998], [75.0858386118, 18.036949257099998], [75.0858386118, 18.036671479099997], [75.0861163898, 18.036671479099997], [75.0861163898, 18.036393701099996], [75.0863941678, 18.036393701099996], [75.0863941678, 18.0361159231], [75.0872275018, 18.0361159231], [75.0872275018, 18.036671479099997], [75.08694972379999, 18.036671479099997], [75.08694972379999, 18.036949257099998], [75.08667194579999, 18.036949257099998], [75.08667194579999, 18.037504813099996], [75.0863941678, 18.037504813099996], [75.0863941678, 18.037782591099997], [75.0861163898, 18.037782591099997], [75.0861163898, 18.0383381471], [75.0858386118, 18.0383381471], [75.0858386118, 18.038893703099998], [75.08556083379999, 18.038893703099998], [75.08556083379999, 18.0394492591], [75.08528305579999, 18.0394492591], [75.08528305579999, 18.040004815099998], [75.0850052778, 18.040004815099998], [75.0850052778, 18.040560371099996], [75.0847274998, 18.040560371099996], [75.0847274998, 18.041115927099998], [75.0844497218, 18.041115927099998], [75.0844497218, 18.0425048171], [75.0847274998, 18.0425048171], [75.0847274998, 18.043060373099998], [75.0850052778, 18.043060373099998], [75.0850052778, 18.0433381511], [75.08556083379999, 18.0433381511], [75.08556083379999, 18.0436159291], [75.0863941678, 18.0436159291], [75.0863941678, 18.043893707099997], [75.08667194579999, 18.043893707099997], [75.08667194579999, 18.0444492631], [75.0872275018, 18.0444492631], [75.0872275018, 18.0466714871], [75.0875052798, 18.0466714871], [75.0875052798, 18.046949265099997], [75.0877830578, 18.046949265099997], [75.0877830578, 18.048060377099997], [75.0880608358, 18.048060377099997], [75.0880608358, 18.0486159331], [75.08833861379999, 18.0486159331], [75.08833861379999, 18.048893711099996], [75.0888941698, 18.048893711099996], [75.0888941698, 18.049171489099997], [75.0894497258, 18.049171489099997], [75.0894497258, 18.049449267099998], [75.08972750379999, 18.049449267099998], [75.08972750379999, 18.0497270451], [75.09000528179999, 18.0497270451], [75.09000528179999, 18.0505603791], [75.0902830598, 18.0505603791], [75.0902830598, 18.051393713099998], [75.0911163938, 18.051393713099998], [75.0911163938, 18.0516714911], [75.09167194979999, 18.0516714911], [75.09167194979999, 18.0519492691], [75.09139417179999, 18.0519492691], [75.09139417179999, 18.052227047099997], [75.09167194979999, 18.052227047099997], [75.09167194979999, 18.052504825099998], [75.0919497278, 18.052504825099998], [75.0919497278, 18.052227047099997], [75.09278306179999, 18.052227047099997], [75.09278306179999, 18.0519492691], [75.0933386178, 18.0519492691], [75.0933386178, 18.052227047099997], [75.0938941738, 18.052227047099997], [75.0938941738, 18.052504825099998], [75.09417195179999, 18.052504825099998], [75.09417195179999, 18.0527826031], [75.09444972979999, 18.0527826031], [75.09444972979999, 18.053060381099996], [75.09472750779999, 18.053060381099996], [75.09472750779999, 18.053338159099997], [75.09444972979999, 18.053338159099997], [75.09444972979999, 18.0536159371], [75.0936163958, 18.0536159371], [75.0936163958, 18.0538937151], [75.0933386178, 18.0538937151], [75.0933386178, 18.054171493099997], [75.0922275058, 18.054171493099997], [75.0922275058, 18.0538937151], [75.0919497278, 18.0538937151], [75.0919497278, 18.054171493099997], [75.0908386158, 18.054171493099997], [75.0908386158, 18.0547270491], [75.0902830598, 18.0547270491], [75.0902830598, 18.055282605099997], [75.08972750379999, 18.055282605099997], [75.08972750379999, 18.0550048271], [75.0894497258, 18.0550048271], [75.0894497258, 18.0547270491], [75.0891719478, 18.0547270491], [75.0891719478, 18.0550048271], [75.0888941698, 18.0550048271], [75.0888941698, 18.055282605099997], [75.08833861379999, 18.055282605099997], [75.08833861379999, 18.055560383099998], [75.0880608358, 18.055560383099998], [75.0880608358, 18.0561159391], [75.08833861379999, 18.0561159391], [75.08833861379999, 18.056393717099997], [75.08861639179999, 18.056393717099997], [75.08861639179999, 18.056671495099998], [75.0888941698, 18.056671495099998], [75.0888941698, 18.0569492731], [75.0891719478, 18.0569492731], [75.0891719478, 18.057227051099996], [75.08972750379999, 18.057227051099996], [75.08972750379999, 18.057504829099997], [75.09000528179999, 18.057504829099997], [75.09000528179999, 18.0577826071], [75.0905608378, 18.0577826071], [75.0905608378, 18.0580603851], [75.0911163938, 18.0580603851], [75.0911163938, 18.058615941099998], [75.0908386158, 18.058615941099998], [75.0908386158, 18.059449275099997], [75.0911163938, 18.059449275099997], [75.0911163938, 18.059727053099998], [75.09167194979999, 18.059727053099998], [75.09167194979999, 18.0602826091], [75.0919497278, 18.0602826091], [75.0919497278, 18.060560387099997], [75.0925052838, 18.060560387099997], [75.0925052838, 18.060838165099998], [75.09278306179999, 18.060838165099998], [75.09278306179999, 18.0611159431], [75.0933386178, 18.0611159431], [75.0933386178, 18.061671499099997], [75.0936163958, 18.061671499099997], [75.0936163958, 18.063893723099998], [75.0950052858, 18.063893723099998], [75.0950052858, 18.063615945099997], [75.0952830638, 18.063615945099997], [75.0952830638, 18.0633381671], [75.0955608418, 18.0633381671], [75.0955608418, 18.0630603891], [75.0963941758, 18.0630603891], [75.0963941758, 18.062782611099998], [75.0969497318, 18.062782611099998], [75.0969497318, 18.062504833099997], [75.0983386218, 18.062504833099997], [75.0983386218, 18.062782611099998], [75.09889417779999, 18.062782611099998], [75.09889417779999, 18.0630603891], [75.0994497338, 18.0630603891], [75.0994497338, 18.0633381671], [75.0997275118, 18.0633381671], [75.0997275118, 18.063615945099997], [75.1000052898, 18.063615945099997], [75.1000052898, 18.063893723099998], [75.10028306779999, 18.063893723099998], [75.10028306779999, 18.064449279099996], [75.10056084579999, 18.064449279099996], [75.10056084579999, 18.065004835099998], [75.1008386238, 18.065004835099998], [75.1008386238, 18.065560391099996], [75.10194973579999, 18.065560391099996], [75.10194973579999, 18.0652826131], [75.1027830698, 18.0652826131], [75.1027830698, 18.065004835099998], [75.1030608478, 18.065004835099998], [75.1030608478, 18.064727057099997], [75.10333862579999, 18.064727057099997], [75.10333862579999, 18.064449279099996], [75.1038941818, 18.064449279099996], [75.1038941818, 18.0641715011], [75.1041719598, 18.0641715011], [75.1041719598, 18.063893723099998], [75.1044497378, 18.063893723099998], [75.1044497378, 18.063615945099997], [75.10528307179999, 18.063615945099997], [75.10528307179999, 18.0633381671], [75.1061164058, 18.0633381671], [75.1061164058, 18.0630603891], [75.10639418379999, 18.0630603891], [75.10639418379999, 18.062782611099998], [75.10667196179999, 18.062782611099998], [75.10667196179999, 18.062504833099997], [75.1069497398, 18.062504833099997], [75.1069497398, 18.0622270551], [75.1072275178, 18.0622270551], [75.1072275178, 18.0619492771], [75.1075052958, 18.0619492771], [75.1075052958, 18.061671499099997], [75.10806085179999, 18.061671499099997], [75.10806085179999, 18.061393721099996], [75.1091719638, 18.061393721099996], [75.1091719638, 18.0619492771], [75.10944974179999, 18.0619492771], [75.10944974179999, 18.0622270551], [75.1091719638, 18.0622270551], [75.1091719638, 18.062504833099997], [75.10944974179999, 18.062504833099997], [75.10944974179999, 18.0630603891], [75.1091719638, 18.0630603891], [75.1091719638, 18.0633381671], [75.1088941858, 18.0633381671], [75.1088941858, 18.063615945099997], [75.1086164078, 18.063615945099997], [75.1086164078, 18.064449279099996], [75.10833862979999, 18.064449279099996], [75.10833862979999, 18.065004835099998], [75.10806085179999, 18.065004835099998], [75.10806085179999, 18.065560391099996], [75.1077830738, 18.065560391099996], [75.1077830738, 18.065838169099997], [75.1075052958, 18.065838169099997], [75.1075052958, 18.0661159471], [75.1072275178, 18.0661159471], [75.1072275178, 18.0672270591], [75.1075052958, 18.0672270591], [75.1075052958, 18.0675048371], [75.1077830738, 18.0675048371], [75.1077830738, 18.068060393099998], [75.10806085179999, 18.068060393099998], [75.10806085179999, 18.0683381711], [75.10833862979999, 18.0683381711], [75.10833862979999, 18.068615949099996], [75.1086164078, 18.068615949099996], [75.1086164078, 18.068893727099997], [75.1088941858, 18.068893727099997], [75.1088941858, 18.069171505099998], [75.1091719638, 18.069171505099998], [75.1091719638, 18.0694492831], [75.10972751979999, 18.0694492831], [75.10972751979999, 18.069727061099996], [75.1100052978, 18.069727061099996], [75.1100052978, 18.070004839099997], [75.1105608538, 18.070004839099997], [75.1105608538, 18.0702826171], [75.1108386318, 18.0702826171], [75.1108386318, 18.0705603951], [75.11139418779999, 18.0705603951], [75.11139418779999, 18.070838173099997], [75.1122275218, 18.070838173099997], [75.1122275218, 18.071115951099998], [75.1133386338, 18.071115951099998], [75.1133386338, 18.0713937291], [75.11389418979999, 18.0713937291], [75.11389418979999, 18.0716715071], [75.1147275238, 18.0716715071], [75.1147275238, 18.071949285099997], [75.1152830798, 18.071949285099997], [75.1152830798, 18.072227063099998], [75.1163941918, 18.072227063099998], [75.1163941918, 18.0725048411], [75.11694974779999, 18.0725048411], [75.11694974779999, 18.072227063099998], [75.1177830818, 18.072227063099998], [75.1177830818, 18.071949285099997], [75.1183386378, 18.071949285099997], [75.1183386378, 18.072227063099998], [75.1191719718, 18.072227063099998], [75.1191719718, 18.0725048411], [75.1197275278, 18.0725048411], [75.1197275278, 18.073060397099997], [75.12000530579999, 18.073060397099997], [75.12000530579999, 18.0736159531], [75.1205608618, 18.0736159531], [75.1205608618, 18.073893731099997], [75.1208386398, 18.073893731099997], [75.1208386398, 18.074171509099997], [75.1213941958, 18.074171509099997], [75.1213941958, 18.0744492871], [75.1208386398, 18.0744492871], [75.1208386398, 18.0747270651], [75.1205608618, 18.0747270651], [75.1205608618, 18.0758381771], [75.1208386398, 18.0758381771], [75.1208386398, 18.076949289099996], [75.1211164178, 18.076949289099996], [75.1211164178, 18.077227067099997], [75.1208386398, 18.077227067099997], [75.1208386398, 18.078338179099998], [75.1205608618, 18.078338179099998], [75.1205608618, 18.079171513099997], [75.12000530579999, 18.079171513099997], [75.12000530579999, 18.0788937351], [75.1197275278, 18.0788937351], [75.1197275278, 18.0797270691], [75.12000530579999, 18.0797270691], [75.12000530579999, 18.080560403099998], [75.1197275278, 18.080560403099998], [75.1197275278, 18.0808381811], [75.1194497498, 18.0808381811], [75.1194497498, 18.080560403099998], [75.11861641579999, 18.080560403099998], [75.11861641579999, 18.080282625099997], [75.1183386378, 18.080282625099997], [75.1183386378, 18.080560403099998], [75.1177830818, 18.080560403099998], [75.1177830818, 18.0808381811], [75.1166719698, 18.0808381811], [75.1166719698, 18.081115959099996], [75.1152830798, 18.081115959099996], [75.1152830798, 18.081393737099997], [75.1150053018, 18.081393737099997], [75.1150053018, 18.0819492931], [75.1147275238, 18.0819492931], [75.1147275238, 18.082227071099997], [75.11417196779999, 18.082227071099997], [75.11417196779999, 18.082504849099998], [75.1136164118, 18.082504849099998], [75.1136164118, 18.083615961099998], [75.1130608558, 18.083615961099998], [75.1130608558, 18.0850048511], [75.11250529979999, 18.0850048511], [75.11250529979999, 18.085282629099996], [75.1122275218, 18.085282629099996], [75.1122275218, 18.085560407099997], [75.1119497438, 18.085560407099997], [75.1119497438, 18.0858381851], [75.1116719658, 18.0858381851], [75.1116719658, 18.086671519099998], [75.11139418779999, 18.086671519099998], [75.11139418779999, 18.0869492971], [75.1108386318, 18.0869492971], [75.1108386318, 18.087782631099998], [75.1105608538, 18.087782631099998], [75.1105608538, 18.0880604091], [75.1100052978, 18.0880604091]], [[75.0880608358, 18.078338179099998], [75.08833861379999, 18.078338179099998], [75.08833861379999, 18.078060401099997], [75.0880608358, 18.078060401099997], [75.0880608358, 18.078338179099998]], [[75.0877830578, 18.055560383099998], [75.0880608358, 18.055560383099998], [75.0880608358, 18.055282605099997], [75.0877830578, 18.055282605099997], [75.0877830578, 18.055560383099998]], [[75.0872275018, 18.0550048271], [75.0877830578, 18.0550048271], [75.0877830578, 18.0547270491], [75.0872275018, 18.0547270491], [75.0872275018, 18.0550048271]]]}}]}