timestamp,station,latitude,longitude,total_gate_discharge_cusec,total_gate_discharge_m3s
23-10-2023 03:00,Ujjani Dam_1,18.07402,75.12002,0.0,0.0
23-10-2023 04:00,Ujjani Dam_1,18.07402,75.12002,0.0,0.0
23-10-2023 05:00,Ujjani Dam_1,18.07402,75.12002,0.0,0.0
06-11-2023 14:00,Ujjani Dam_1,18.07402,75.12002,0.0,0.0
06-11-2023 15:00,Ujjani Dam_1,18.07402,75.12002,0.0,0.0
06-11-2023 16:00,Ujjani Dam_1,18.07402,75.12002,0.0,0.0
06-11-2023 17:00,Ujjani Dam_1,18.07402,75.12002,0.0,0.0
06-11-2023 18:00,Ujjani Dam_1,18.07402,75.12002,0.0,0.0
06-11-2023 19:00,Ujjani Dam_1,18.07402,75.12002,0.0,0.0
06-11-2023 20:00,Ujjani Dam_1,18.07402,75.12002,0.0,0.0
06-11-2023 21:00,Ujjani Dam_1,18.07402,75.12002,0.0,0.0
06-11-2023 22:00,Ujjani Dam_1,18.07402,75.12002,0.0,0.0
06-11-2023 23:00,Ujjani Dam_1,18.07402,75.12002,0.0,0.0
07-11-2023 00:00,Ujjani Dam_1,18.07402,75.12002,0.0,0.0
07-11-2023 01:00,Ujjani Dam_1,18.07402,75.12002,0.0,0.0
07-11-2023 02:00,Ujjani Dam_1,18.07402,75.12002,0.0,0.0
07-11-2023 03:00,Ujjani Dam_1,18.07402,75.12002,0.0,0.0
07-11-2023 04:00,Ujjani Dam_1,18.07402,75.12002,0.0,0.0
07-11-2023 05:00,Ujjani Dam_1,18.07402,75.12002,0.0,0.0
07-11-2023 06:00,Ujjani Dam_1,18.07402,75.12002,0.0,0.0
07-11-2023 07:00,Ujjani Dam_1,18.07402,75.12002,0.0,0.0
07-11-2023 08:00,Ujjani Dam_1,18.07402,75.12002,0.0,0.0
07-11-2023 09:00,Ujjani Dam_1,18.07402,75.12002,0.0,0.0
07-11-2023 10:00,Ujjani Dam_1,18.07402,75.12002,0.0,0.0
07-11-2023 11:00,Ujjani Dam_1,18.07402,75.12002,0.0,0.0
07-11-2023 12:00,Ujjani Dam_1,18.07402,75.12002,0.0,0.0
07-11-2023 13:00,Ujjani Dam_1,18.07402,75.12002,0.0,0.0
07-11-2023 14:00,Ujjani Dam_1,18.07402,75.12002,0.0,0.0
07-11-2023 15:00,Ujjani Dam_1,18.07402,75.12002,0.0,0.0
07-11-2023 16:00,Ujjani Dam_1,18.07402,75.12002,0.0,0.0
07-11-2023 17:00,Ujjani Dam_1,18.07402,75.12002,0.0,0.0
07-11-2023 18:00,Ujjani Dam_1,18.07402,75.12002,0.0,0.0
07-11-2023 19:00,Ujjani Dam_1,18.07402,75.12002,0.0,0.0
07-11-2023 20:00,Ujjani Dam_1,18.07402,75.12002,0.0,0.0
07-11-2023 21:00,Ujjani Dam_1,18.07402,75.12002,0.0,0.0
07-11-2023 22:00,Ujjani Dam_1,18.07402,75.12002,0.0,0.0
07-11-2023 23:00,Ujjani Dam_1,18.07402,75.12002,0.0,0.0
08-11-2023 00:00,Ujjani Dam_1,18.07402,75.12002,0.0,0.0
08-11-2023 01:00,Ujjani Dam_1,18.07402,75.12002,0.0,0.0
08-11-2023 02:00,Ujjani Dam_1,18.07402,75.12002,0.0,0.0
08-11-2023 03:00,Ujjani Dam_1,18.07402,75.12002,0.0,0.0
08-11-2023 04:00,Ujjani Dam_1,18.07402,75.12002,0.0,0.0
08-11-2023 05:00,Ujjani Dam_1,18.07402,75.12002,0.0,0.0
08-11-2023 06:00,Ujjani Dam_1,18.07402,75.12002,0.0,0.0
08-11-2023 07:00,Ujjani Dam_1,18.07402,75.12002,0.0,0.0
08-11-2023 08:00,Ujjani Dam_1,18.07402,75.12002,0.0,0.0
08-11-2023 09:00,Ujjani Dam_1,18.07402,75.12002,0.0,0.0
08-11-2023 10:00,Ujjani Dam_1,18.07402,75.12002,0.0,0.0
08-11-2023 11:00,Ujjani Dam_1,18.07402,75.12002,0.0,0.0
08-11-2023 12:00,Ujjani Dam_1,18.07402,75.12002,0.0,0.0
08-11-2023 13:00,Ujjani Dam_1,18.07402,75.12002,0.0,0.0
08-11-2023 14:00,Ujjani Dam_1,18.07402,75.12002,0.0,0.0
08-11-2023 15:00,Ujjani Dam_1,18.07402,75.12002,0.0,0.0
08-11-2023 16:00,Ujjani Dam_1,18.07402,75.12002,0.0,0.0
08-11-2023 18:00,Ujjani Dam_1,18.07402,75.12002,0.0,0.0
08-11-2023 19:00,Ujjani Dam_1,18.07402,75.12002,0.0,0.0
08-11-2023 20:00,Ujjani Dam_1,18.07402,75.12002,0.0,0.0
08-11-2023 21:00,Ujjani Dam_1,18.07402,75.12002,0.0,0.0
08-11-2023 22:00,Ujjani Dam_1,18.07402,75.12002,0.0,0.0
08-11-2023 23:00,Ujjani Dam_1,18.07402,75.12002,0.0,0.0
09-11-2023 00:00,Ujjani Dam_1,18.07402,75.12002,0.0,0.0
09-11-2023 01:00,Ujjani Dam_1,18.07402,75.12002,0.0,0.0
09-11-2023 02:00,Ujjani Dam_1,18.07402,75.12002,0.0,0.0
09-11-2023 03:00,Ujjani Dam_1,18.07402,75.12002,0.0,0.0
09-11-2023 04:00,Ujjani Dam_1,18.07402,75.12002,0.0,0.0
09-11-2023 05:00,Ujjani Dam_1,18.07402,75.12002,0.0,0.0
09-11-2023 06:00,Ujjani Dam_1,18.07402,75.12002,0.0,0.0
09-11-2023 07:00,Ujjani Dam_1,18.07402,75.12002,0.0,0.0
09-11-2023 08:00,Ujjani Dam_1,18.07402,75.12002,0.0,0.0
09-11-2023 09:00,Ujjani Dam_1,18.07402,75.12002,0.0,0.0
09-11-2023 10:00,Ujjani Dam_1,18.07402,75.12002,0.0,0.0
09-11-2023 11:00,Ujjani Dam_1,18.07402,75.12002,0.0,0.0
09-11-2023 12:00,Ujjani Dam_1,18.07402,75.12002,0.0,0.0
09-11-2023 13:00,Ujjani Dam_1,18.07402,75.12002,0.0,0.0
09-11-2023 14:00,Ujjani Dam_1,18.07402,75.12002,0.0,0.0
09-11-2023 15:00,Ujjani Dam_1,18.07402,75.12002,0.0,0.0
09-11-2023 16:00,Ujjani Dam_1,18.07402,75.12002,0.0,0.0
09-11-2023 17:00,Ujjani Dam_1,18.07402,75.12002,0.0,0.0
09-11-2023 18:00,Ujjani Dam_1,18.07402,75.12002,0.0,0.0
09-11-2023 19:00,Ujjani Dam_1,18.07402,75.12002,0.0,0.0
09-11-2023 20:00,Ujjani Dam_1,18.07402,75.12002,0.0,0.0
09-11-2023 21:00,Ujjani Dam_1,18.07402,75.12002,0.0,0.0
09-11-2023 22:00,Ujjani Dam_1,18.07402,75.12002,0.0,0.0
09-11-2023 23:00,Ujjani Dam_1,18.07402,75.12002,0.0,0.0
10-11-2023 00:00,Ujjani Dam_1,18.07402,75.12002,0.0,0.0
10-11-2023 01:00,Ujjani Dam_1,18.07402,75.12002,0.0,0.0
10-11-2023 02:00,Ujjani Dam_1,18.07402,75.12002,0.0,0.0
10-11-2023 03:00,Ujjani Dam_1,18.07402,75.12002,0.0,0.0
10-11-2023 04:00,Ujjani Dam_1,18.07402,75.12002,0.0,0.0
10-11-2023 05:00,Ujjani Dam_1,18.07402,75.12002,0.0,0.0
10-11-2023 06:00,Ujjani Dam_1,18.07402,75.12002,0.0,0.0
10-11-2023 07:00,Ujjani Dam_1,18.07402,75.12002,0.0,0.0
10-11-2023 08:00,Ujjani Dam_1,18.07402,75.12002,0.0,0.0
10-11-2023 09:00,Ujjani Dam_1,18.07402,75.12002,0.0,0.0
10-11-2023 10:00,Ujjani Dam_1,18.07402,75.12002,0.0,0.0
10-11-2023 11:00,Ujjani Dam_1,18.07402,75.12002,0.0,0.0
10-11-2023 12:00,Ujjani Dam_1,18.07402,75.12002,0.0,0.0
10-11-2023 13:00,Ujjani Dam_1,18.07402,75.12002,0.0,0.0
10-11-2023 14:00,Ujjani Dam_1,18.07402,75.12002,0.0,0.0
10-11-2023 15:00,Ujjani Dam_1,18.07402,75.12002,0.0,0.0
10-11-2023 16:00,Ujjani Dam_1,18.07402,75.12002,0.0,0.0
10-11-2023 17:00,Ujjani Dam_1,18.07402,75.12002,0.0,0.0
10-11-2023 18:00,Ujjani Dam_1,18.07402,75.12002,0.0,0.0
10-11-2023 19:00,Ujjani Dam_1,18.07402,75.12002,0.0,0.0
10-11-2023 20:00,Ujjani Dam_1,18.07402,75.12002,0.0,0.0
10-11-2023 21:00,Ujjani Dam_1,18.07402,75.12002,0.0,0.0
10-11-2023 22:00,Ujjani Dam_1,18.07402,75.12002,0.0,0.0
10-11-2023 23:00,Ujjani Dam_1,18.07402,75.12002,0.0,0.0
11-11-2023 00:00,Ujjani Dam_1,18.07402,75.12002,0.0,0.0
11-11-2023 01:00,Ujjani Dam_1,18.07402,75.12002,0.0,0.0
11-11-2023 02:00,Ujjani Dam_1,18.07402,75.12002,0.0,0.0
11-11-2023 03:00,Ujjani Dam_1,18.07402,75.12002,0.0,0.0
11-11-2023 05:00,Ujjani Dam_1,18.07402,75.12002,0.0,0.0
11-11-2023 06:00,Ujjani Dam_1,18.07402,75.12002,0.0,0.0
11-11-2023 07:00,Ujjani Dam_1,18.07402,75.12002,0.0,0.0
11-11-2023 08:00,Ujjani Dam_1,18.07402,75.12002,0.0,0.0
11-11-2023 09:00,Ujjani Dam_1,18.07402,75.12002,0.0,0.0
11-11-2023 10:00,Ujjani Dam_1,18.07402,75.12002,0.0,0.0
11-11-2023 11:00,Ujjani Dam_1,18.07402,75.12002,0.0,0.0
11-11-2023 12:00,Ujjani Dam_1,18.07402,75.12002,0.0,0.0
11-11-2023 13:00,Ujjani Dam_1,18.07402,75.12002,0.0,0.0
11-11-2023 14:00,Ujjani Dam_1,18.07402,75.12002,0.0,0.0
11-11-2023 15:00,Ujjani Dam_1,18.07402,75.12002,0.0,0.0
11-11-2023 16:00,Ujjani Dam_1,18.07402,75.12002,0.0,0.0
11-11-2023 17:00,Ujjani Dam_1,18.07402,75.12002,0.0,0.0
11-11-2023 18:00,Ujjani Dam_1,18.07402,75.12002,0.0,0.0
11-11-2023 19:00,Ujjani Dam_1,18.07402,75.12002,0.0,0.0
11-11-2023 20:00,Ujjani Dam_1,18.07402,75.12002,0.0,0.0
11-11-2023 21:00,Ujjani Dam_1,18.07402,75.12002,0.0,0.0
11-11-2023 22:00,Ujjani Dam_1,18.07402,75.12002,0.0,0.0
11-11-2023 23:00,Ujjani Dam_1,18.07402,75.12002,0.0,0.0
12-11-2023 00:00,Ujjani Dam_1,18.07402,75.12002,0.0,0.0
12-11-2023 01:00,Ujjani Dam_1,18.07402,75.12002,0.0,0.0
12-11-2023 02:00,Ujjani Dam_1,18.07402,75.12002,0.0,0.0
12-11-2023 03:00,Ujjani Dam_1,18.07402,75.12002,0.0,0.0
12-11-2023 04:00,Ujjani Dam_1,18.07402,75.12002,0.0,0.0
12-11-2023 05:00,Ujjani Dam_1,18.07402,75.12002,0.0,0.0
12-11-2023 06:00,Ujjani Dam_1,18.07402,75.12002,0.0,0.0
12-11-2023 07:00,Ujjani Dam_1,18.07402,75.12002,0.0,0.0
12-11-2023 08:00,Ujjani Dam_1,18.07402,75.12002,0.0,0.0
12-11-2023 09:00,Ujjani Dam_1,18.07402,75.12002,0.0,0.0
12-11-2023 10:00,Ujjani Dam_1,18.07402,75.12002,0.0,0.0
12-11-2023 11:00,Ujjani Dam_1,18.07402,75.12002,0.0,0.0
12-11-2023 12:00,Ujjani Dam_1,18.07402,75.12002,0.0,0.0
12-11-2023 13:00,Ujjani Dam_1,18.07402,75.12002,0.0,0.0
12-11-2023 14:00,Ujjani Dam_1,18.07402,75.12002,0.0,0.0
12-11-2023 15:00,Ujjani Dam_1,18.07402,75.12002,0.0,0.0
12-11-2023 16:00,Ujjani Dam_1,18.07402,75.12002,0.0,0.0
12-11-2023 17:00,Ujjani Dam_1,18.07402,75.12002,0.0,0.0
12-11-2023 18:00,Ujjani Dam_1,18.07402,75.12002,0.0,0.0
12-11-2023 19:00,Ujjani Dam_1,18.07402,75.12002,0.0,0.0
12-11-2023 20:00,Ujjani Dam_1,18.07402,75.12002,0.0,0.0
12-11-2023 21:00,Ujjani Dam_1,18.07402,75.12002,0.0,0.0
12-11-2023 22:00,Ujjani Dam_1,18.07402,75.12002,0.0,0.0
12-11-2023 23:00,Ujjani Dam_1,18.07402,75.12002,0.0,0.0
13-11-2023 00:00,Ujjani Dam_1,18.07402,75.12002,0.0,0.0
13-11-2023 01:00,Ujjani Dam_1,18.07402,75.12002,0.0,0.0
13-11-2023 02:00,Ujjani Dam_1,18.07402,75.12002,0.0,0.0
13-11-2023 03:00,Ujjani Dam_1,18.07402,75.12002,0.0,0.0
13-11-2023 04:00,Ujjani Dam_1,18.07402,75.12002,0.0,0.0
13-11-2023 05:00,Ujjani Dam_1,18.07402,75.12002,0.0,0.0
13-11-2023 06:00,Ujjani Dam_1,18.07402,75.12002,0.0,0.0
13-11-2023 07:00,Ujjani Dam_1,18.07402,75.12002,0.0,0.0
13-11-2023 08:00,Ujjani Dam_1,18.07402,75.12002,0.0,0.0
13-11-2023 09:00,Ujjani Dam_1,18.07402,75.12002,0.0,0.0
13-11-2023 10:00,Ujjani Dam_1,18.07402,75.12002,0.0,0.0
13-11-2023 11:00,Ujjani Dam_1,18.07402,75.12002,0.0,0.0
13-11-2023 13:00,Ujjani Dam_1,18.07402,75.12002,0.0,0.0
13-11-2023 14:00,Ujjani Dam_1,18.07402,75.12002,0.0,0.0
13-11-2023 15:00,Ujjani Dam_1,18.07402,75.12002,0.0,0.0
13-11-2023 16:00,Ujjani Dam_1,18.07402,75.12002,0.0,0.0
13-11-2023 17:00,Ujjani Dam_1,18.07402,75.12002,0.0,0.0
13-11-2023 18:00,Ujjani Dam_1,18.07402,75.12002,0.0,0.0
13-11-2023 19:00,Ujjani Dam_1,18.07402,75.12002,0.0,0.0
13-11-2023 20:00,Ujjani Dam_1,18.07402,75.12002,0.0,0.0
13-11-2023 21:00,Ujjani Dam_1,18.07402,75.12002,0.0,0.0
13-11-2023 22:00,Ujjani Dam_1,18.07402,75.12002,0.0,0.0
13-11-2023 23:00,Ujjani Dam_1,18.07402,75.12002,0.0,0.0
14-11-2023 00:00,Ujjani Dam_1,18.07402,75.12002,0.0,0.0
14-11-2023 01:00,Ujjani Dam_1,18.07402,75.12002,0.0,0.0
14-11-2023 02:00,Ujjani Dam_1,18.07402,75.12002,0.0,0.0
14-11-2023 03:00,Ujjani Dam_1,18.07402,75.12002,0.0,0.0
14-11-2023 04:00,Ujjani Dam_1,18.07402,75.12002,0.0,0.0
14-11-2023 05:00,Ujjani Dam_1,18.07402,75.12002,0.0,0.0
14-11-2023 06:00,Ujjani Dam_1,18.07402,75.12002,0.0,0.0
14-11-2023 07:00,Ujjani Dam_1,18.07402,75.12002,0.0,0.0
14-11-2023 08:00,Ujjani Dam_1,18.07402,75.12002,0.0,0.0
14-11-2023 09:00,Ujjani Dam_1,18.07402,75.12002,0.0,0.0
14-11-2023 10:00,Ujjani Dam_1,18.07402,75.12002,0.0,0.0
14-11-2023 11:00,Ujjani Dam_1,18.07402,75.12002,0.0,0.0
14-11-2023 12:00,Ujjani Dam_1,18.07402,75.12002,0.0,0.0
14-11-2023 13:00,Ujjani Dam_1,18.07402,75.12002,0.0,0.0
14-11-2023 14:00,Ujjani Dam_1,18.07402,75.12002,0.0,0.0
14-11-2023 15:00,Ujjani Dam_1,18.07402,75.12002,0.0,0.0
14-11-2023 16:00,Ujjani Dam_1,18.07402,75.12002,0.0,0.0
14-11-2023 17:00,Ujjani Dam_1,18.07402,75.12002,0.0,0.0
14-11-2023 18:00,Ujjani Dam_1,18.07402,75.12002,0.0,0.0
14-11-2023 19:00,Ujjani Dam_1,18.07402,75.12002,0.0,0.0
14-11-2023 20:00,Ujjani Dam_1,18.07402,75.12002,0.0,0.0
14-11-2023 21:00,Ujjani Dam_1,18.07402,75.12002,0.0,0.0
14-11-2023 22:00,Ujjani Dam_1,18.07402,75.12002,0.0,0.0
14-11-2023 23:00,Ujjani Dam_1,18.07402,75.12002,0.0,0.0
15-11-2023 00:00,Ujjani Dam_1,18.07402,75.12002,0.0,0.0
15-11-2023 01:00,Ujjani Dam_1,18.07402,75.12002,0.0,0.0
15-11-2023 02:00,Ujjani Dam_1,18.07402,75.12002,0.0,0.0
15-11-2023 03:00,Ujjani Dam_1,18.07402,75.12002,0.0,0.0
15-11-2023 04:00,Ujjani Dam_1,18.07402,75.12002,0.0,0.0
15-11-2023 05:00,Ujjani Dam_1,18.07402,75.12002,0.0,0.0
15-11-2023 06:00,Ujjani Dam_1,18.07402,75.12002,0.0,0.0
15-11-2023 07:00,Ujjani Dam_1,18.07402,75.12002,0.0,0.0
15-11-2023 08:00,Ujjani Dam_1,18.07402,75.12002,0.0,0.0
15-11-2023 09:00,Ujjani Dam_1,18.07402,75.12002,0.0,0.0
15-11-2023 10:00,Ujjani Dam_1,18.07402,75.12002,0.0,0.0
15-11-2023 11:00,Ujjani Dam_1,18.07402,75.12002,0.0,0.0
15-11-2023 12:00,Ujjani Dam_1,18.07402,75.12002,0.0,0.0
15-11-2023 13:00,Ujjani Dam_1,18.07402,75.12002,0.0,0.0
15-11-2023 14:00,Ujjani Dam_1,18.07402,75.12002,0.0,0.0
15-11-2023 15:00,Ujjani Dam_1,18.07402,75.12002,0.0,0.0
15-11-2023 16:00,Ujjani Dam_1,18.07402,75.12002,0.0,0.0
15-11-2023 17:00,Ujjani Dam_1,18.07402,75.12002,0.0,0.0
15-11-2023 18:00,Ujjani Dam_1,18.07402,75.12002,0.0,0.0
15-11-2023 19:00,Ujjani Dam_1,18.07402,75.12002,0.0,0.0
15-11-2023 20:00,Ujjani Dam_1,18.07402,75.12002,0.0,0.0
15-11-2023 21:00,Ujjani Dam_1,18.07402,75.12002,0.0,0.0
15-11-2023 22:00,Ujjani Dam_1,18.07402,75.12002,0.0,0.0
15-11-2023 23:00,Ujjani Dam_1,18.07402,75.12002,0.0,0.0
16-11-2023 01:00,Ujjani Dam_1,18.07402,75.12002,0.0,0.0
16-11-2023 02:00,Ujjani Dam_1,18.07402,75.12002,0.0,0.0
16-11-2023 03:00,Ujjani Dam_1,18.07402,75.12002,0.0,0.0
16-11-2023 04:00,Ujjani Dam_1,18.07402,75.12002,0.0,0.0
16-11-2023 05:00,Ujjani Dam_1,18.07402,75.12002,0.0,0.0
16-11-2023 06:00,Ujjani Dam_1,18.07402,75.12002,0.0,0.0
16-11-2023 07:00,Ujjani Dam_1,18.07402,75.12002,0.0,0.0
16-11-2023 08:00,Ujjani Dam_1,18.07402,75.12002,0.0,0.0
16-11-2023 09:00,Ujjani Dam_1,18.07402,75.12002,0.0,0.0
16-11-2023 10:00,Ujjani Dam_1,18.07402,75.12002,0.0,0.0
16-11-2023 11:00,Ujjani Dam_1,18.07402,75.12002,0.0,0.0
16-11-2023 12:00,Ujjani Dam_1,18.07402,75.12002,0.0,0.0
16-11-2023 13:00,Ujjani Dam_1,18.07402,75.12002,0.0,0.0
16-11-2023 14:00,Ujjani Dam_1,18.07402,75.12002,0.0,0.0
16-11-2023 15:00,Ujjani Dam_1,18.07402,75.12002,0.0,0.0
16-11-2023 16:00,Ujjani Dam_1,18.07402,75.12002,0.0,0.0
16-11-2023 17:00,Ujjani Dam_1,18.07402,75.12002,0.0,0.0
16-11-2023 18:00,Ujjani Dam_1,18.07402,75.12002,0.0,0.0
16-11-2023 19:00,Ujjani Dam_1,18.07402,75.12002,0.0,0.0
16-11-2023 20:00,Ujjani Dam_1,18.07402,75.12002,0.0,0.0
16-11-2023 21:00,Ujjani Dam_1,18.07402,75.12002,0.0,0.0
16-11-2023 22:00,Ujjani Dam_1,18.07402,75.12002,0.0,0.0
16-11-2023 23:00,Ujjani Dam_1,18.07402,75.12002,0.0,0.0
17-11-2023 00:00,Ujjani Dam_1,18.07402,75.12002,0.0,0.0
17-11-2023 01:00,Ujjani Dam_1,18.07402,75.12002,0.0,0.0
17-11-2023 02:00,Ujjani Dam_1,18.07402,75.12002,0.0,0.0
17-11-2023 03:00,Ujjani Dam_1,18.07402,75.12002,0.0,0.0
17-11-2023 04:00,Ujjani Dam_1,18.07402,75.12002,0.0,0.0
17-11-2023 05:00,Ujjani Dam_1,18.07402,75.12002,0.0,0.0
17-11-2023 06:00,Ujjani Dam_1,18.07402,75.12002,0.0,0.0
17-11-2023 07:00,Ujjani Dam_1,18.07402,75.12002,0.0,0.0
17-11-2023 08:00,Ujjani Dam_1,18.07402,75.12002,0.0,0.0
17-11-2023 09:00,Ujjani Dam_1,18.07402,75.12002,0.0,0.0
17-11-2023 10:00,Ujjani Dam_1,18.07402,75.12002,0.0,0.0
17-11-2023 11:00,Ujjani Dam_1,18.07402,75.12002,0.0,0.0
17-11-2023 12:00,Ujjani Dam_1,18.07402,75.12002,0.0,0.0
17-11-2023 13:00,Ujjani Dam_1,18.07402,75.12002,0.0,0.0
17-11-2023 14:00,Ujjani Dam_1,18.07402,75.12002,0.0,0.0
17-11-2023 15:00,Ujjani Dam_1,18.07402,75.12002,0.0,0.0
17-11-2023 16:00,Ujjani Dam_1,18.07402,75.12002,0.0,0.0
17-11-2023 17:00,Ujjani Dam_1,18.07402,75.12002,0.0,0.0
17-11-2023 18:00,Ujjani Dam_1,18.07402,75.12002,0.0,0.0
17-11-2023 19:00,Ujjani Dam_1,18.07402,75.12002,0.0,0.0
17-11-2023 20:00,Ujjani Dam_1,18.07402,75.12002,0.0,0.0
17-11-2023 21:00,Ujjani Dam_1,18.07402,75.12002,0.0,0.0
17-11-2023 22:00,Ujjani Dam_1,18.07402,75.12002,0.0,0.0
17-11-2023 23:00,Ujjani Dam_1,18.07402,75.12002,0.0,0.0
18-11-2023 00:00,Ujjani Dam_1,18.07402,75.12002,0.0,0.0
18-11-2023 01:00,Ujjani Dam_1,18.07402,75.12002,0.0,0.0
18-11-2023 02:00,Ujjani Dam_1,18.07402,75.12002,0.0,0.0
18-11-2023 03:00,Ujjani Dam_1,18.07402,75.12002,0.0,0.0
18-11-2023 04:00,Ujjani Dam_1,18.07402,75.12002,0.0,0.0
18-11-2023 05:00,Ujjani Dam_1,18.07402,75.12002,0.0,0.0
18-11-2023 06:00,Ujjani Dam_1,18.07402,75.12002,0.0,0.0
18-11-2023 07:00,Ujjani Dam_1,18.07402,75.12002,0.0,0.0
18-11-2023 08:00,Ujjani Dam_1,18.07402,75.12002,0.0,0.0
18-11-2023 10:00,Ujjani Dam_1,18.07402,75.12002,0.0,0.0
18-11-2023 11:00,Ujjani Dam_1,18.07402,75.12002,0.0,0.0
18-11-2023 12:00,Ujjani Dam_1,18.07402,75.12002,0.0,0.0
18-11-2023 13:00,Ujjani Dam_1,18.07402,75.12002,0.0,0.0
18-11-2023 14:00,Ujjani Dam_1,18.07402,75.12002,0.0,0.0
18-11-2023 15:00,Ujjani Dam_1,18.07402,75.12002,0.0,0.0
18-11-2023 16:00,Ujjani Dam_1,18.07402,75.12002,0.0,0.0
18-11-2023 17:00,Ujjani Dam_1,18.07402,75.12002,0.0,0.0
18-11-2023 18:00,Ujjani Dam_1,18.07402,75.12002,0.0,0.0
18-11-2023 19:00,Ujjani Dam_1,18.07402,75.12002,0.0,0.0
18-11-2023 20:00,Ujjani Dam_1,18.07402,75.12002,0.0,0.0
18-11-2023 21:00,Ujjani Dam_1,18.07402,75.12002,0.0,0.0
18-11-2023 22:00,Ujjani Dam_1,18.07402,75.12002,0.0,0.0
18-11-2023 23:00,Ujjani Dam_1,18.07402,75.12002,1090.17,30.870176649200644
19-11-2023 00:00,Ujjani Dam_1,18.07402,75.12002,1453.56,41.16023553226752
19-11-2023 01:00,Ujjani Dam_1,18.07402,75.12002,1453.56,41.16023553226752
19-11-2023 02:00,Ujjani Dam_1,18.07402,75.12002,1453.56,41.16023553226752
19-11-2023 03:00,Ujjani Dam_1,18.07402,75.12002,1453.56,41.16023553226752
19-11-2023 04:00,Ujjani Dam_1,18.07402,75.12002,1453.56,41.16023553226752
19-11-2023 05:00,Ujjani Dam_1,18.07402,75.12002,1453.56,41.16023553226752
19-11-2023 06:00,Ujjani Dam_1,18.07402,75.12002,1453.56,41.16023553226752
19-11-2023 07:00,Ujjani Dam_1,18.07402,75.12002,1453.56,41.16023553226752
19-11-2023 08:00,Ujjani Dam_1,18.07402,75.12002,1453.56,41.16023553226752
19-11-2023 09:00,Ujjani Dam_1,18.07402,75.12002,1453.56,41.16023553226752
19-11-2023 10:00,Ujjani Dam_1,18.07402,75.12002,1453.56,41.16023553226752
19-11-2023 11:00,Ujjani Dam_1,18.07402,75.12002,1453.56,41.16023553226752
19-11-2023 12:00,Ujjani Dam_1,18.07402,75.12002,2180.3399999999997,61.740353298401274
19-11-2023 13:00,Ujjani Dam_1,18.07402,75.12002,2180.3399999999997,61.740353298401274
19-11-2023 14:00,Ujjani Dam_1,18.07402,75.12002,2180.3399999999997,61.740353298401274
19-11-2023 15:00,Ujjani Dam_1,18.07402,75.12002,2180.3399999999997,61.740353298401274
19-11-2023 16:00,Ujjani Dam_1,18.07402,75.12002,2180.3399999999997,61.740353298401274
19-11-2023 17:00,Ujjani Dam_1,18.07402,75.12002,2180.3399999999997,61.740353298401274
19-11-2023 18:00,Ujjani Dam_1,18.07402,75.12002,2180.3399999999997,61.740353298401274
19-11-2023 19:00,Ujjani Dam_1,18.07402,75.12002,2180.3399999999997,61.740353298401274
19-11-2023 20:00,Ujjani Dam_1,18.07402,75.12002,2180.3399999999997,61.740353298401274
19-11-2023 21:00,Ujjani Dam_1,18.07402,75.12002,2180.3399999999997,61.740353298401274
19-11-2023 22:00,Ujjani Dam_1,18.07402,75.12002,2180.3399999999997,61.740353298401274
19-11-2023 23:00,Ujjani Dam_1,18.07402,75.12002,2180.3399999999997,61.740353298401274
20-11-2023 00:00,Ujjani Dam_1,18.07402,75.12002,2180.3399999999997,61.740353298401274
20-11-2023 01:00,Ujjani Dam_1,18.07402,75.12002,2180.3399999999997,61.740353298401274
20-11-2023 02:00,Ujjani Dam_1,18.07402,75.12002,2180.3399999999997,61.740353298401274
20-11-2023 03:00,Ujjani Dam_1,18.07402,75.12002,2180.3399999999997,61.740353298401274
20-11-2023 04:00,Ujjani Dam_1,18.07402,75.12002,2180.3399999999997,61.740353298401274
20-11-2023 05:00,Ujjani Dam_1,18.07402,75.12002,2180.3399999999997,61.740353298401274
20-11-2023 06:00,Ujjani Dam_1,18.07402,75.12002,2180.3399999999997,61.740353298401274
20-11-2023 07:00,Ujjani Dam_1,18.07402,75.12002,2180.3399999999997,61.740353298401274
20-11-2023 08:00,Ujjani Dam_1,18.07402,75.12002,2180.3399999999997,61.740353298401274
20-11-2023 09:00,Ujjani Dam_1,18.07402,75.12002,2180.3399999999997,61.740353298401274
20-11-2023 10:00,Ujjani Dam_1,18.07402,75.12002,2180.3399999999997,61.740353298401274
20-11-2023 11:00,Ujjani Dam_1,18.07402,75.12002,2180.3399999999997,61.740353298401274
20-11-2023 12:00,Ujjani Dam_1,18.07402,75.12002,2180.3399999999997,61.740353298401274
20-11-2023 13:00,Ujjani Dam_1,18.07402,75.12002,2543.38,72.02050128516096
20-11-2023 14:00,Ujjani Dam_1,18.07402,75.12002,2543.38,72.02050128516096
20-11-2023 15:00,Ujjani Dam_1,18.07402,75.12002,2543.38,72.02050128516096
20-11-2023 16:00,Ujjani Dam_1,18.07402,75.12002,2543.38,72.02050128516096
20-11-2023 17:00,Ujjani Dam_1,18.07402,75.12002,2543.38,72.02050128516096
20-11-2023 19:00,Ujjani Dam_1,18.07402,75.12002,2543.38,72.02050128516096
20-11-2023 20:00,Ujjani Dam_1,18.07402,75.12002,2907.1199999999994,82.32047106453503
20-11-2023 21:00,Ujjani Dam_1,18.07402,75.12002,2907.1199999999994,82.32047106453503
20-11-2023 22:00,Ujjani Dam_1,18.07402,75.12002,2907.1199999999994,82.32047106453503
20-11-2023 23:00,Ujjani Dam_1,18.07402,75.12002,2907.1199999999994,82.32047106453503
21-11-2023 00:00,Ujjani Dam_1,18.07402,75.12002,2907.1199999999994,82.32047106453503
21-11-2023 01:00,Ujjani Dam_1,18.07402,75.12002,2907.1199999999994,82.32047106453503
21-11-2023 02:00,Ujjani Dam_1,18.07402,75.12002,2907.1199999999994,82.32047106453503
21-11-2023 03:00,Ujjani Dam_1,18.07402,75.12002,2907.1199999999994,82.32047106453503
21-11-2023 04:00,Ujjani Dam_1,18.07402,75.12002,2907.1199999999994,82.32047106453503
21-11-2023 05:00,Ujjani Dam_1,18.07402,75.12002,2907.1199999999994,82.32047106453503
21-11-2023 06:00,Ujjani Dam_1,18.07402,75.12002,2907.1199999999994,82.32047106453503
21-11-2023 07:00,Ujjani Dam_1,18.07402,75.12002,2907.1199999999994,82.32047106453503
21-11-2023 08:00,Ujjani Dam_1,18.07402,75.12002,2907.1199999999994,82.32047106453503
21-11-2023 09:00,Ujjani Dam_1,18.07402,75.12002,2907.1199999999994,82.32047106453503
21-11-2023 10:00,Ujjani Dam_1,18.07402,75.12002,2907.1199999999994,82.32047106453503
21-11-2023 17:00,Ujjani Dam_1,18.07402,75.12002,2907.1199999999994,82.32047106453503
21-11-2023 18:00,Ujjani Dam_1,18.07402,75.12002,2907.1199999999994,82.32047106453503
21-11-2023 19:00,Ujjani Dam_1,18.07402,75.12002,2907.1199999999994,82.32047106453503
21-11-2023 20:00,Ujjani Dam_1,18.07402,75.12002,2907.1199999999994,82.32047106453503
21-11-2023 21:00,Ujjani Dam_1,18.07402,75.12002,2907.1199999999994,82.32047106453503
21-11-2023 22:00,Ujjani Dam_1,18.07402,75.12002,2907.1199999999994,82.32047106453503
21-11-2023 23:00,Ujjani Dam_1,18.07402,75.12002,2907.1199999999994,82.32047106453503
22-11-2023 00:00,Ujjani Dam_1,18.07402,75.12002,2907.1199999999994,82.32047106453503
22-11-2023 01:00,Ujjani Dam_1,18.07402,75.12002,2907.1199999999994,82.32047106453503
22-11-2023 02:00,Ujjani Dam_1,18.07402,75.12002,2907.1199999999994,82.32047106453503
22-11-2023 03:00,Ujjani Dam_1,18.07402,75.12002,2907.1199999999994,82.32047106453503
22-11-2023 04:00,Ujjani Dam_1,18.07402,75.12002,2907.1199999999994,82.32047106453503
22-11-2023 05:00,Ujjani Dam_1,18.07402,75.12002,2907.1199999999994,82.32047106453503
22-11-2023 06:00,Ujjani Dam_1,18.07402,75.12002,2907.1199999999994,82.32047106453503
22-11-2023 07:00,Ujjani Dam_1,18.07402,75.12002,2907.1199999999994,82.32047106453503
22-11-2023 08:00,Ujjani Dam_1,18.07402,75.12002,2907.1199999999994,82.32047106453503
22-11-2023 09:00,Ujjani Dam_1,18.07402,75.12002,2907.1199999999994,82.32047106453503
22-11-2023 10:00,Ujjani Dam_1,18.07402,75.12002,2907.1199999999994,82.32047106453503
22-11-2023 11:00,Ujjani Dam_1,18.07402,75.12002,908.29,25.71990859104768
22-11-2023 12:00,Ujjani Dam_1,18.07402,75.12002,908.29,25.71990859104768
22-11-2023 13:00,Ujjani Dam_1,18.07402,75.12002,908.29,25.71990859104768
22-11-2023 14:00,Ujjani Dam_1,18.07402,75.12002,908.29,25.71990859104768
22-11-2023 15:00,Ujjani Dam_1,18.07402,75.12002,908.29,25.71990859104768
22-11-2023 17:00,Ujjani Dam_1,18.07402,75.12002,0.0,0.0
22-11-2023 18:00,Ujjani Dam_1,18.07402,75.12002,0.0,0.0
22-11-2023 19:00,Ujjani Dam_1,18.07402,75.12002,0.0,0.0
22-11-2023 20:00,Ujjani Dam_1,18.07402,75.12002,0.0,0.0
22-11-2023 21:00,Ujjani Dam_1,18.07402,75.12002,0.0,0.0
22-11-2023 22:00,Ujjani Dam_1,18.07402,75.12002,0.0,0.0
22-11-2023 23:00,Ujjani Dam_1,18.07402,75.12002,0.0,0.0
23-11-2023 00:00,Ujjani Dam_1,18.07402,75.12002,0.0,0.0
23-11-2023 01:00,Ujjani Dam_1,18.07402,75.12002,0.0,0.0
23-11-2023 02:00,Ujjani Dam_1,18.07402,75.12002,0.0,0.0
23-11-2023 03:00,Ujjani Dam_1,18.07402,75.12002,0.0,0.0
23-11-2023 04:00,Ujjani Dam_1,18.07402,75.12002,0.0,0.0
23-11-2023 05:00,Ujjani Dam_1,18.07402,75.12002,0.0,0.0
23-11-2023 07:00,Ujjani Dam_1,18.07402,75.12002,0.0,0.0
23-11-2023 08:00,Ujjani Dam_1,18.07402,75.12002,0.0,0.0
23-11-2023 09:00,Ujjani Dam_1,18.07402,75.12002,0.0,0.0
23-11-2023 10:00,Ujjani Dam_1,18.07402,75.12002,0.0,0.0
23-11-2023 13:00,Ujjani Dam_1,18.07402,75.12002,0.0,0.0
23-11-2023 15:00,Ujjani Dam_1,18.07402,75.12002,0.0,0.0
23-11-2023 16:00,Ujjani Dam_1,18.07402,75.12002,0.0,0.0
23-11-2023 17:00,Ujjani Dam_1,18.07402,75.12002,0.0,0.0
23-11-2023 18:00,Ujjani Dam_1,18.07402,75.12002,0.0,0.0
23-11-2023 19:00,Ujjani Dam_1,18.07402,75.12002,0.0,0.0
23-11-2023 20:00,Ujjani Dam_1,18.07402,75.12002,0.0,0.0
23-11-2023 21:00,Ujjani Dam_1,18.07402,75.12002,0.0,0.0
23-11-2023 23:00,Ujjani Dam_1,18.07402,75.12002,0.0,0.0
24-11-2023 00:00,Ujjani Dam_1,18.07402,75.12002,0.0,0.0
24-11-2023 01:00,Ujjani Dam_1,18.07402,75.12002,0.0,0.0
24-11-2023 02:00,Ujjani Dam_1,18.07402,75.12002,0.0,0.0
24-11-2023 03:00,Ujjani Dam_1,18.07402,75.12002,0.0,0.0
24-11-2023 04:00,Ujjani Dam_1,18.07402,75.12002,0.0,0.0
24-11-2023 05:00,Ujjani Dam_1,18.07402,75.12002,0.0,0.0
24-11-2023 07:00,Ujjani Dam_1,18.07402,75.12002,0.0,0.0
24-11-2023 08:00,Ujjani Dam_1,18.07402,75.12002,0.0,0.0
24-11-2023 09:00,Ujjani Dam_1,18.07402,75.12002,0.0,0.0
24-11-2023 10:00,Ujjani Dam_1,18.07402,75.12002,0.0,0.0
24-11-2023 11:00,Ujjani Dam_1,18.07402,75.12002,0.0,0.0
24-11-2023 12:00,Ujjani Dam_1,18.07402,75.12002,0.0,0.0
24-11-2023 13:00,Ujjani Dam_1,18.07402,75.12002,0.0,0.0
24-11-2023 15:00,Ujjani Dam_1,18.07402,75.12002,0.0,0.0
24-11-2023 16:00,Ujjani Dam_1,18.07402,75.12002,0.0,0.0
24-11-2023 17:00,Ujjani Dam_1,18.07402,75.12002,0.0,0.0
24-11-2023 18:00,Ujjani Dam_1,18.07402,75.12002,0.0,0.0
24-11-2023 19:00,Ujjani Dam_1,18.07402,75.12002,0.0,0.0
24-11-2023 20:00,Ujjani Dam_1,18.07402,75.12002,0.0,0.0
24-11-2023 22:00,Ujjani Dam_1,18.07402,75.12002,0.0,0.0
24-11-2023 23:00,Ujjani Dam_1,18.07402,75.12002,0.0,0.0
25-11-2023 00:00,Ujjani Dam_1,18.07402,75.12002,0.0,0.0
25-11-2023 01:00,Ujjani Dam_1,18.07402,75.12002,0.0,0.0
25-11-2023 02:00,Ujjani Dam_1,18.07402,75.12002,0.0,0.0
25-11-2023 03:00,Ujjani Dam_1,18.07402,75.12002,0.0,0.0
25-11-2023 04:00,Ujjani Dam_1,18.07402,75.12002,0.0,0.0
25-11-2023 06:00,Ujjani Dam_1,18.07402,75.12002,0.0,0.0
25-11-2023 07:00,Ujjani Dam_1,18.07402,75.12002,0.0,0.0
25-11-2023 08:00,Ujjani Dam_1,18.07402,75.12002,0.0,0.0
25-11-2023 09:00,Ujjani Dam_1,18.07402,75.12002,0.0,0.0
25-11-2023 10:00,Ujjani Dam_1,18.07402,75.12002,0.0,0.0
25-11-2023 11:00,Ujjani Dam_1,18.07402,75.12002,0.0,0.0
25-11-2023 12:00,Ujjani Dam_1,18.07402,75.12002,0.0,0.0
25-11-2023 14:00,Ujjani Dam_1,18.07402,75.12002,0.0,0.0
25-11-2023 15:00,Ujjani Dam_1,18.07402,75.12002,0.0,0.0
25-11-2023 16:00,Ujjani Dam_1,18.07402,75.12002,0.0,0.0
25-11-2023 17:00,Ujjani Dam_1,18.07402,75.12002,0.0,0.0
25-11-2023 18:00,Ujjani Dam_1,18.07402,75.12002,0.0,0.0
25-11-2023 19:00,Ujjani Dam_1,18.07402,75.12002,0.0,0.0
25-11-2023 20:00,Ujjani Dam_1,18.07402,75.12002,0.0,0.0
25-11-2023 22:00,Ujjani Dam_1,18.07402,75.12002,0.0,0.0
25-11-2023 23:00,Ujjani Dam_1,18.07402,75.12002,0.0,0.0
26-11-2023 00:00,Ujjani Dam_1,18.07402,75.12002,0.0,0.0
26-11-2023 01:00,Ujjani Dam_1,18.07402,75.12002,0.0,0.0
26-11-2023 02:00,Ujjani Dam_1,18.07402,75.12002,0.0,0.0
26-11-2023 03:00,Ujjani Dam_1,18.07402,75.12002,0.0,0.0
26-11-2023 04:00,Ujjani Dam_1,18.07402,75.12002,0.0,0.0
26-11-2023 06:00,Ujjani Dam_1,18.07402,75.12002,0.0,0.0
26-11-2023 07:00,Ujjani Dam_1,18.07402,75.12002,0.0,0.0
26-11-2023 08:00,Ujjani Dam_1,18.07402,75.12002,0.0,0.0
26-11-2023 09:00,Ujjani Dam_1,18.07402,75.12002,0.0,0.0
26-11-2023 10:00,Ujjani Dam_1,18.07402,75.12002,0.0,0.0
26-11-2023 11:00,Ujjani Dam_1,18.07402,75.12002,0.0,0.0
26-11-2023 12:00,Ujjani Dam_1,18.07402,75.12002,0.0,0.0
26-11-2023 14:00,Ujjani Dam_1,18.07402,75.12002,0.0,0.0
26-11-2023 15:00,Ujjani Dam_1,18.07402,75.12002,0.0,0.0
26-11-2023 16:00,Ujjani Dam_1,18.07402,75.12002,0.0,0.0
26-11-2023 17:00,Ujjani Dam_1,18.07402,75.12002,0.0,0.0
26-11-2023 18:00,Ujjani Dam_1,18.07402,75.12002,0.0,0.0
26-11-2023 19:00,Ujjani Dam_1,18.07402,75.12002,0.0,0.0
26-11-2023 20:00,Ujjani Dam_1,18.07402,75.12002,0.0,0.0
26-11-2023 22:00,Ujjani Dam_1,18.07402,75.12002,0.0,0.0
26-11-2023 23:00,Ujjani Dam_1,18.07402,75.12002,0.0,0.0
27-11-2023 00:00,Ujjani Dam_1,18.07402,75.12002,0.0,0.0
27-11-2023 01:00,Ujjani Dam_1,18.07402,75.12002,0.0,0.0
27-11-2023 02:00,Ujjani Dam_1,18.07402,75.12002,0.0,0.0
27-11-2023 03:00,Ujjani Dam_1,18.07402,75.12002,0.0,0.0
27-11-2023 05:00,Ujjani Dam_1,18.07402,75.12002,0.0,0.0
27-11-2023 06:00,Ujjani Dam_1,18.07402,75.12002,0.0,0.0
27-11-2023 07:00,Ujjani Dam_1,18.07402,75.12002,0.0,0.0
27-11-2023 08:00,Ujjani Dam_1,18.07402,75.12002,0.0,0.0
27-11-2023 09:00,Ujjani Dam_1,18.07402,75.12002,0.0,0.0
27-11-2023 10:00,Ujjani Dam_1,18.07402,75.12002,0.0,0.0
27-11-2023 11:00,Ujjani Dam_1,18.07402,75.12002,0.0,0.0
27-11-2023 12:00,Ujjani Dam_1,18.07402,75.12002,0.0,0.0
27-11-2023 14:00,Ujjani Dam_1,18.07402,75.12002,0.0,0.0
27-11-2023 15:00,Ujjani Dam_1,18.07402,75.12002,0.0,0.0
27-11-2023 16:00,Ujjani Dam_1,18.07402,75.12002,0.0,0.0
27-11-2023 17:00,Ujjani Dam_1,18.07402,75.12002,0.0,0.0
27-11-2023 18:00,Ujjani Dam_1,18.07402,75.12002,0.0,0.0
27-11-2023 19:00,Ujjani Dam_1,18.07402,75.12002,0.0,0.0
27-11-2023 21:00,Ujjani Dam_1,18.07402,75.12002,0.0,0.0
27-11-2023 22:00,Ujjani Dam_1,18.07402,75.12002,0.0,0.0
27-11-2023 23:00,Ujjani Dam_1,18.07402,75.12002,0.0,0.0
28-11-2023 00:00,Ujjani Dam_1,18.07402,75.12002,0.0,0.0
28-11-2023 01:00,Ujjani Dam_1,18.07402,75.12002,0.0,0.0
28-11-2023 02:00,Ujjani Dam_1,18.07402,75.12002,0.0,0.0
28-11-2023 03:00,Ujjani Dam_1,18.07402,75.12002,0.0,0.0
28-11-2023 05:00,Ujjani Dam_1,18.07402,75.12002,0.0,0.0
28-11-2023 06:00,Ujjani Dam_1,18.07402,75.12002,0.0,0.0
28-11-2023 07:00,Ujjani Dam_1,18.07402,75.12002,0.0,0.0
28-11-2023 08:00,Ujjani Dam_1,18.07402,75.12002,0.0,0.0
28-11-2023 09:00,Ujjani Dam_1,18.07402,75.12002,0.0,0.0
28-11-2023 10:00,Ujjani Dam_1,18.07402,75.12002,0.0,0.0
28-11-2023 11:00,Ujjani Dam_1,18.07402,75.12002,0.0,0.0
28-11-2023 13:00,Ujjani Dam_1,18.07402,75.12002,0.0,0.0
28-11-2023 14:00,Ujjani Dam_1,18.07402,75.12002,0.0,0.0
28-11-2023 15:00,Ujjani Dam_1,18.07402,75.12002,0.0,0.0
28-11-2023 16:00,Ujjani Dam_1,18.07402,75.12002,0.0,0.0
28-11-2023 17:00,Ujjani Dam_1,18.07402,75.12002,0.0,0.0
28-11-2023 18:00,Ujjani Dam_1,18.07402,75.12002,0.0,0.0
28-11-2023 19:00,Ujjani Dam_1,18.07402,75.12002,0.0,0.0
28-11-2023 21:00,Ujjani Dam_1,18.07402,75.12002,0.0,0.0
28-11-2023 22:00,Ujjani Dam_1,18.07402,75.12002,0.0,0.0
28-11-2023 23:00,Ujjani Dam_1,18.07402,75.12002,0.0,0.0
29-11-2023 00:00,Ujjani Dam_1,18.07402,75.12002,0.0,0.0
29-11-2023 02:00,Ujjani Dam_1,18.07402,75.12002,0.0,0.0
29-11-2023 03:00,Ujjani Dam_1,18.07402,75.12002,0.0,0.0
29-11-2023 05:00,Ujjani Dam_1,18.07402,75.12002,0.0,0.0
29-11-2023 06:00,Ujjani Dam_1,18.07402,75.12002,0.0,0.0
29-11-2023 07:00,Ujjani Dam_1,18.07402,75.12002,0.0,0.0
29-11-2023 08:00,Ujjani Dam_1,18.07402,75.12002,0.0,0.0
29-11-2023 09:00,Ujjani Dam_1,18.07402,75.12002,0.0,0.0
29-11-2023 10:00,Ujjani Dam_1,18.07402,75.12002,0.0,0.0
29-11-2023 11:00,Ujjani Dam_1,18.07402,75.12002,0.0,0.0
29-11-2023 13:00,Ujjani Dam_1,18.07402,75.12002,0.0,0.0
29-11-2023 14:00,Ujjani Dam_1,18.07402,75.12002,0.0,0.0
29-11-2023 15:00,Ujjani Dam_1,18.07402,75.12002,0.0,0.0
29-11-2023 16:00,Ujjani Dam_1,18.07402,75.12002,0.0,0.0
29-11-2023 17:00,Ujjani Dam_1,18.07402,75.12002,0.0,0.0
29-11-2023 18:00,Ujjani Dam_1,18.07402,75.12002,0.0,0.0
30-11-2023 13:00,Ujjani Dam_1,18.07402,75.12002,0.0,0.0
30-11-2023 14:00,Ujjani Dam_1,18.07402,75.12002,0.0,0.0
30-11-2023 15:00,Ujjani Dam_1,18.07402,75.12002,0.0,0.0
30-11-2023 16:00,Ujjani Dam_1,18.07402,75.12002,0.0,0.0
30-11-2023 17:00,Ujjani Dam_1,18.07402,75.12002,0.0,0.0
30-11-2023 18:00,Ujjani Dam_1,18.07402,75.12002,0.0,0.0
30-11-2023 20:00,Ujjani Dam_1,18.07402,75.12002,0.0,0.0
30-11-2023 21:00,Ujjani Dam_1,18.07402,75.12002,0.0,0.0
30-11-2023 22:00,Ujjani Dam_1,18.07402,75.12002,0.0,0.0
30-11-2023 23:00,Ujjani Dam_1,18.07402,75.12002,0.0,0.0
01-12-2023 00:00,Ujjani Dam_1,18.07402,75.12002,0.0,0.0
01-12-2023 01:00,Ujjani Dam_1,18.07402,75.12002,0.0,0.0
01-12-2023 02:00,Ujjani Dam_1,18.07402,75.12002,0.0,0.0
01-12-2023 04:00,Ujjani Dam_1,18.07402,75.12002,0.0,0.0
01-12-2023 05:00,Ujjani Dam_1,18.07402,75.12002,0.0,0.0
01-12-2023 06:00,Ujjani Dam_1,18.07402,75.12002,0.0,0.0
01-12-2023 07:00,Ujjani Dam_1,18.07402,75.12002,0.0,0.0
01-12-2023 08:00,Ujjani Dam_1,18.07402,75.12002,0.0,0.0
01-12-2023 09:00,Ujjani Dam_1,18.07402,75.12002,0.0,0.0
01-12-2023 10:00,Ujjani Dam_1,18.07402,75.12002,0.0,0.0
01-12-2023 12:00,Ujjani Dam_1,18.07402,75.12002,0.0,0.0
01-12-2023 13:00,Ujjani Dam_1,18.07402,75.12002,0.0,0.0
01-12-2023 14:00,Ujjani Dam_1,18.07402,75.12002,0.0,0.0
01-12-2023 15:00,Ujjani Dam_1,18.07402,75.12002,0.0,0.0
01-12-2023 16:00,Ujjani Dam_1,18.07402,75.12002,0.0,0.0
01-12-2023 17:00,Ujjani Dam_1,18.07402,75.12002,0.0,0.0
01-12-2023 18:00,Ujjani Dam_1,18.07402,75.12002,0.0,0.0
01-12-2023 20:00,Ujjani Dam_1,18.07402,75.12002,0.0,0.0
01-12-2023 21:00,Ujjani Dam_1,18.07402,75.12002,0.0,0.0
01-12-2023 22:00,Ujjani Dam_1,18.07402,75.12002,0.0,0.0
01-12-2023 23:00,Ujjani Dam_1,18.07402,75.12002,0.0,0.0
02-12-2023 00:00,Ujjani Dam_1,18.07402,75.12002,0.0,0.0
02-12-2023 01:00,Ujjani Dam_1,18.07402,75.12002,0.0,0.0
02-12-2023 02:00,Ujjani Dam_1,18.07402,75.12002,0.0,0.0
02-12-2023 04:00,Ujjani Dam_1,18.07402,75.12002,0.0,0.0
02-12-2023 05:00,Ujjani Dam_1,18.07402,75.12002,0.0,0.0
02-12-2023 06:00,Ujjani Dam_1,18.07402,75.12002,0.0,0.0
02-12-2023 07:00,Ujjani Dam_1,18.07402,75.12002,0.0,0.0
02-12-2023 08:00,Ujjani Dam_1,18.07402,75.12002,0.0,0.0
02-12-2023 09:00,Ujjani Dam_1,18.07402,75.12002,0.0,0.0
02-12-2023 10:00,Ujjani Dam_1,18.07402,75.12002,0.0,0.0
02-12-2023 12:00,Ujjani Dam_1,18.07402,75.12002,0.0,0.0
02-12-2023 13:00,Ujjani Dam_1,18.07402,75.12002,0.0,0.0
02-12-2023 14:00,Ujjani Dam_1,18.07402,75.12002,0.0,0.0
02-12-2023 15:00,Ujjani Dam_1,18.07402,75.12002,0.0,0.0
02-12-2023 16:00,Ujjani Dam_1,18.07402,75.12002,0.0,0.0
02-12-2023 17:00,Ujjani Dam_1,18.07402,75.12002,0.0,0.0
02-12-2023 19:00,Ujjani Dam_1,18.07402,75.12002,0.0,0.0
02-12-2023 20:00,Ujjani Dam_1,18.07402,75.12002,0.0,0.0
02-12-2023 21:00,Ujjani Dam_1,18.07402,75.12002,0.0,0.0
02-12-2023 22:00,Ujjani Dam_1,18.07402,75.12002,0.0,0.0
02-12-2023 23:00,Ujjani Dam_1,18.07402,75.12002,0.0,0.0
03-12-2023 00:00,Ujjani Dam_1,18.07402,75.12002,0.0,0.0
03-12-2023 01:00,Ujjani Dam_1,18.07402,75.12002,0.0,0.0
03-12-2023 03:00,Ujjani Dam_1,18.07402,75.12002,0.0,0.0
03-12-2023 04:00,Ujjani Dam_1,18.07402,75.12002,0.0,0.0
03-12-2023 05:00,Ujjani Dam_1,18.07402,75.12002,0.0,0.0
03-12-2023 06:00,Ujjani Dam_1,18.07402,75.12002,0.0,0.0
03-12-2023 07:00,Ujjani Dam_1,18.07402,75.12002,0.0,0.0
03-12-2023 08:00,Ujjani Dam_1,18.07402,75.12002,0.0,0.0
03-12-2023 09:00,Ujjani Dam_1,18.07402,75.12002,0.0,0.0
03-12-2023 11:00,Ujjani Dam_1,18.07402,75.12002,0.0,0.0
03-12-2023 12:00,Ujjani Dam_1,18.07402,75.12002,0.0,0.0
03-12-2023 13:00,Ujjani Dam_1,18.07402,75.12002,0.0,0.0
03-12-2023 14:00,Ujjani Dam_1,18.07402,75.12002,0.0,0.0
03-12-2023 15:00,Ujjani Dam_1,18.07402,75.12002,0.0,0.0
03-12-2023 16:00,Ujjani Dam_1,18.07402,75.12002,0.0,0.0
03-12-2023 17:00,Ujjani Dam_1,18.07402,75.12002,0.0,0.0
03-12-2023 19:00,Ujjani Dam_1,18.07402,75.12002,0.0,0.0
03-12-2023 20:00,Ujjani Dam_1,18.07402,75.12002,0.0,0.0
03-12-2023 21:00,Ujjani Dam_1,18.07402,75.12002,0.0,0.0
03-12-2023 22:00,Ujjani Dam_1,18.07402,75.12002,0.0,0.0
03-12-2023 23:00,Ujjani Dam_1,18.07402,75.12002,0.0,0.0
04-12-2023 00:00,Ujjani Dam_1,18.07402,75.12002,0.0,0.0
04-12-2023 01:00,Ujjani Dam_1,18.07402,75.12002,0.0,0.0
04-12-2023 03:00,Ujjani Dam_1,18.07402,75.12002,0.0,0.0
04-12-2023 04:00,Ujjani Dam_1,18.07402,75.12002,0.0,0.0
04-12-2023 05:00,Ujjani Dam_1,18.07402,75.12002,0.0,0.0
04-12-2023 06:00,Ujjani Dam_1,18.07402,75.12002,0.0,0.0
04-12-2023 07:00,Ujjani Dam_1,18.07402,75.12002,0.0,0.0
04-12-2023 08:00,Ujjani Dam_1,18.07402,75.12002,0.0,0.0
04-12-2023 09:00,Ujjani Dam_1,18.07402,75.12002,0.0,0.0
04-12-2023 11:00,Ujjani Dam_1,18.07402,75.12002,0.0,0.0
04-12-2023 13:00,Ujjani Dam_1,18.07402,75.12002,0.0,0.0
04-12-2023 14:00,Ujjani Dam_1,18.07402,75.12002,0.0,0.0
04-12-2023 15:00,Ujjani Dam_1,18.07402,75.12002,0.0,0.0
04-12-2023 16:00,Ujjani Dam_1,18.07402,75.12002,0.0,0.0
04-12-2023 17:00,Ujjani Dam_1,18.07402,75.12002,0.0,0.0
04-12-2023 19:00,Ujjani Dam_1,18.07402,75.12002,0.0,0.0
04-12-2023 20:00,Ujjani Dam_1,18.07402,75.12002,0.0,0.0
04-12-2023 21:00,Ujjani Dam_1,18.07402,75.12002,0.0,0.0
04-12-2023 22:00,Ujjani Dam_1,18.07402,75.12002,0.0,0.0
04-12-2023 23:00,Ujjani Dam_1,18.07402,75.12002,0.0,0.0
05-12-2023 00:00,Ujjani Dam_1,18.07402,75.12002,0.0,0.0
05-12-2023 01:00,Ujjani Dam_1,18.07402,75.12002,0.0,0.0
05-12-2023 03:00,Ujjani Dam_1,18.07402,75.12002,0.0,0.0
05-12-2023 04:00,Ujjani Dam_1,18.07402,75.12002,0.0,0.0
05-12-2023 05:00,Ujjani Dam_1,18.07402,75.12002,0.0,0.0
05-12-2023 06:00,Ujjani Dam_1,18.07402,75.12002,0.0,0.0
05-12-2023 07:00,Ujjani Dam_1,18.07402,75.12002,0.0,0.0
05-12-2023 08:00,Ujjani Dam_1,18.07402,75.12002,0.0,0.0
05-12-2023 10:00,Ujjani Dam_1,18.07402,75.12002,0.0,0.0
05-12-2023 11:00,Ujjani Dam_1,18.07402,75.12002,0.0,0.0
05-12-2023 12:00,Ujjani Dam_1,18.07402,75.12002,0.0,0.0
05-12-2023 13:00,Ujjani Dam_1,18.07402,75.12002,0.0,0.0
05-12-2023 14:00,Ujjani Dam_1,18.07402,75.12002,0.0,0.0
05-12-2023 15:00,Ujjani Dam_1,18.07402,75.12002,0.0,0.0
05-12-2023 16:00,Ujjani Dam_1,18.07402,75.12002,0.0,0.0
05-12-2023 18:00,Ujjani Dam_1,18.07402,75.12002,0.0,0.0
05-12-2023 19:00,Ujjani Dam_1,18.07402,75.12002,0.0,0.0
05-12-2023 20:00,Ujjani Dam_1,18.07402,75.12002,0.0,0.0
05-12-2023 21:00,Ujjani Dam_1,18.07402,75.12002,0.0,0.0
05-12-2023 22:00,Ujjani Dam_1,18.07402,75.12002,0.0,0.0
05-12-2023 23:00,Ujjani Dam_1,18.07402,75.12002,0.0,0.0
06-12-2023 00:00,Ujjani Dam_1,18.07402,75.12002,0.0,0.0
06-12-2023 02:00,Ujjani Dam_1,18.07402,75.12002,0.0,0.0
06-12-2023 03:00,Ujjani Dam_1,18.07402,75.12002,0.0,0.0
06-12-2023 04:00,Ujjani Dam_1,18.07402,75.12002,0.0,0.0
06-12-2023 05:00,Ujjani Dam_1,18.07402,75.12002,0.0,0.0
06-12-2023 06:00,Ujjani Dam_1,18.07402,75.12002,0.0,0.0
06-12-2023 07:00,Ujjani Dam_1,18.07402,75.12002,0.0,0.0
06-12-2023 08:00,Ujjani Dam_1,18.07402,75.12002,0.0,0.0
06-12-2023 10:00,Ujjani Dam_1,18.07402,75.12002,0.0,0.0
06-12-2023 11:00,Ujjani Dam_1,18.07402,75.12002,0.0,0.0
06-12-2023 12:00,Ujjani Dam_1,18.07402,75.12002,0.0,0.0
06-12-2023 13:00,Ujjani Dam_1,18.07402,75.12002,0.0,0.0
06-12-2023 14:00,Ujjani Dam_1,18.07402,75.12002,0.0,0.0
06-12-2023 15:00,Ujjani Dam_1,18.07402,75.12002,0.0,0.0
06-12-2023 16:00,Ujjani Dam_1,18.07402,75.12002,0.0,0.0
06-12-2023 18:00,Ujjani Dam_1,18.07402,75.12002,0.0,0.0
06-12-2023 19:00,Ujjani Dam_1,18.07402,75.12002,0.0,0.0
06-12-2023 20:00,Ujjani Dam_1,18.07402,75.12002,0.0,0.0
06-12-2023 21:00,Ujjani Dam_1,18.07402,75.12002,0.0,0.0
06-12-2023 22:00,Ujjani Dam_1,18.07402,75.12002,0.0,0.0
06-12-2023 23:00,Ujjani Dam_1,18.07402,75.12002,0.0,0.0
07-12-2023 00:00,Ujjani Dam_1,18.07402,75.12002,0.0,0.0
07-12-2023 02:00,Ujjani Dam_1,18.07402,75.12002,0.0,0.0
07-12-2023 03:00,Ujjani Dam_1,18.07402,75.12002,0.0,0.0
07-12-2023 04:00,Ujjani Dam_1,18.07402,75.12002,0.0,0.0
07-12-2023 05:00,Ujjani Dam_1,18.07402,75.12002,0.0,0.0
07-12-2023 06:00,Ujjani Dam_1,18.07402,75.12002,0.0,0.0
07-12-2023 07:00,Ujjani Dam_1,18.07402,75.12002,0.0,0.0
07-12-2023 08:00,Ujjani Dam_1,18.07402,75.12002,0.0,0.0
07-12-2023 10:00,Ujjani Dam_1,18.07402,75.12002,0.0,0.0
07-12-2023 11:00,Ujjani Dam_1,18.07402,75.12002,0.0,0.0
07-12-2023 12:00,Ujjani Dam_1,18.07402,75.12002,0.0,0.0
07-12-2023 13:00,Ujjani Dam_1,18.07402,75.12002,0.0,0.0
07-12-2023 14:00,Ujjani Dam_1,18.07402,75.12002,0.0,0.0
07-12-2023 15:00,Ujjani Dam_1,18.07402,75.12002,0.0,0.0
07-12-2023 16:00,Ujjani Dam_1,18.07402,75.12002,0.0,0.0
07-12-2023 18:00,Ujjani Dam_1,18.07402,75.12002,0.0,0.0
07-12-2023 19:00,Ujjani Dam_1,18.07402,75.12002,0.0,0.0
07-12-2023 20:00,Ujjani Dam_1,18.07402,75.12002,0.0,0.0
07-12-2023 21:00,Ujjani Dam_1,18.07402,75.12002,0.0,0.0
07-12-2023 22:00,Ujjani Dam_1,18.07402,75.12002,0.0,0.0
07-12-2023 23:00,Ujjani Dam_1,18.07402,75.12002,0.0,0.0
08-12-2023 00:00,Ujjani Dam_1,18.07402,75.12002,0.0,0.0
08-12-2023 02:00,Ujjani Dam_1,18.07402,75.12002,0.0,0.0
08-12-2023 03:00,Ujjani Dam_1,18.07402,75.12002,0.0,0.0
08-12-2023 04:00,Ujjani Dam_1,18.07402,75.12002,0.0,0.0
08-12-2023 05:00,Ujjani Dam_1,18.07402,75.12002,0.0,0.0
08-12-2023 06:00,Ujjani Dam_1,18.07402,75.12002,0.0,0.0
08-12-2023 07:00,Ujjani Dam_1,18.07402,75.12002,0.0,0.0
08-12-2023 09:00,Ujjani Dam_1,18.07402,75.12002,0.0,0.0
08-12-2023 10:00,Ujjani Dam_1,18.07402,75.12002,0.0,0.0
08-12-2023 11:00,Ujjani Dam_1,18.07402,75.12002,0.0,0.0
08-12-2023 12:00,Ujjani Dam_1,18.07402,75.12002,0.0,0.0
08-12-2023 13:00,Ujjani Dam_1,18.07402,75.12002,0.0,0.0
08-12-2023 14:00,Ujjani Dam_1,18.07402,75.12002,0.0,0.0
08-12-2023 15:00,Ujjani Dam_1,18.07402,75.12002,0.0,0.0
08-12-2023 17:00,Ujjani Dam_1,18.07402,75.12002,0.0,0.0
08-12-2023 18:00,Ujjani Dam_1,18.07402,75.12002,0.0,0.0
08-12-2023 19:00,Ujjani Dam_1,18.07402,75.12002,0.0,0.0
08-12-2023 20:00,Ujjani Dam_1,18.07402,75.12002,0.0,0.0
08-12-2023 21:00,Ujjani Dam_1,18.07402,75.12002,0.0,0.0
08-12-2023 22:00,Ujjani Dam_1,18.07402,75.12002,0.0,0.0
08-12-2023 23:00,Ujjani Dam_1,18.07402,75.12002,0.0,0.0
09-12-2023 01:00,Ujjani Dam_1,18.07402,75.12002,0.0,0.0
09-12-2023 02:00,Ujjani Dam_1,18.07402,75.12002,0.0,0.0
09-12-2023 03:00,Ujjani Dam_1,18.07402,75.12002,0.0,0.0
09-12-2023 04:00,Ujjani Dam_1,18.07402,75.12002,0.0,0.0
09-12-2023 05:00,Ujjani Dam_1,18.07402,75.12002,0.0,0.0
09-12-2023 06:00,Ujjani Dam_1,18.07402,75.12002,0.0,0.0
09-12-2023 07:00,Ujjani Dam_1,18.07402,75.12002,0.0,0.0
09-12-2023 09:00,Ujjani Dam_1,18.07402,75.12002,0.0,0.0
09-12-2023 10:00,Ujjani Dam_1,18.07402,75.12002,0.0,0.0
09-12-2023 11:00,Ujjani Dam_1,18.07402,75.12002,0.0,0.0
09-12-2023 12:00,Ujjani Dam_1,18.07402,75.12002,0.0,0.0
09-12-2023 14:00,Ujjani Dam_1,18.07402,75.12002,0.0,0.0
09-12-2023 15:00,Ujjani Dam_1,18.07402,75.12002,0.0,0.0
09-12-2023 17:00,Ujjani Dam_1,18.07402,75.12002,0.0,0.0
09-12-2023 18:00,Ujjani Dam_1,18.07402,75.12002,0.0,0.0
09-12-2023 19:00,Ujjani Dam_1,18.07402,75.12002,0.0,0.0
09-12-2023 20:00,Ujjani Dam_1,18.07402,75.12002,0.0,0.0
09-12-2023 21:00,Ujjani Dam_1,18.07402,75.12002,0.0,0.0
09-12-2023 22:00,Ujjani Dam_1,18.07402,75.12002,0.0,0.0
09-12-2023 23:00,Ujjani Dam_1,18.07402,75.12002,0.0,0.0
10-12-2023 01:00,Ujjani Dam_1,18.07402,75.12002,0.0,0.0
10-12-2023 02:00,Ujjani Dam_1,18.07402,75.12002,0.0,0.0
10-12-2023 03:00,Ujjani Dam_1,18.07402,75.12002,0.0,0.0
10-12-2023 04:00,Ujjani Dam_1,18.07402,75.12002,0.0,0.0
10-12-2023 05:00,Ujjani Dam_1,18.07402,75.12002,0.0,0.0
10-12-2023 06:00,Ujjani Dam_1,18.07402,75.12002,0.0,0.0
10-12-2023 07:00,Ujjani Dam_1,18.07402,75.12002,0.0,0.0
10-12-2023 09:00,Ujjani Dam_1,18.07402,75.12002,0.0,0.0
10-12-2023 10:00,Ujjani Dam_1,18.07402,75.12002,0.0,0.0
10-12-2023 11:00,Ujjani Dam_1,18.07402,75.12002,0.0,0.0
10-12-2023 12:00,Ujjani Dam_1,18.07402,75.12002,0.0,0.0
10-12-2023 13:00,Ujjani Dam_1,18.07402,75.12002,0.0,0.0
10-12-2023 14:00,Ujjani Dam_1,18.07402,75.12002,0.0,0.0
10-12-2023 15:00,Ujjani Dam_1,18.07402,75.12002,0.0,0.0
10-12-2023 17:00,Ujjani Dam_1,18.07402,75.12002,0.0,0.0
10-12-2023 18:00,Ujjani Dam_1,18.07402,75.12002,0.0,0.0
10-12-2023 19:00,Ujjani Dam_1,18.07402,75.12002,0.0,0.0
10-12-2023 20:00,Ujjani Dam_1,18.07402,75.12002,0.0,0.0
10-12-2023 21:00,Ujjani Dam_1,18.07402,75.12002,0.0,0.0
10-12-2023 22:00,Ujjani Dam_1,18.07402,75.12002,0.0,0.0
10-12-2023 23:00,Ujjani Dam_1,18.07402,75.12002,0.0,0.0
11-12-2023 01:00,Ujjani Dam_1,18.07402,75.12002,0.0,0.0
11-12-2023 02:00,Ujjani Dam_1,18.07402,75.12002,0.0,0.0
11-12-2023 03:00,Ujjani Dam_1,18.07402,75.12002,0.0,0.0
11-12-2023 04:00,Ujjani Dam_1,18.07402,75.12002,0.0,0.0
11-12-2023 05:00,Ujjani Dam_1,18.07402,75.12002,0.0,0.0
11-12-2023 06:00,Ujjani Dam_1,18.07402,75.12002,0.0,0.0
11-12-2023 08:00,Ujjani Dam_1,18.07402,75.12002,0.0,0.0
11-12-2023 09:00,Ujjani Dam_1,18.07402,75.12002,0.0,0.0
11-12-2023 10:00,Ujjani Dam_1,18.07402,75.12002,0.0,0.0
11-12-2023 11:00,Ujjani Dam_1,18.07402,75.12002,0.0,0.0
11-12-2023 12:00,Ujjani Dam_1,18.07402,75.12002,0.0,0.0
11-12-2023 13:00,Ujjani Dam_1,18.07402,75.12002,0.0,0.0
11-12-2023 14:00,Ujjani Dam_1,18.07402,75.12002,0.0,0.0
11-12-2023 16:00,Ujjani Dam_1,18.07402,75.12002,0.0,0.0
11-12-2023 17:00,Ujjani Dam_1,18.07402,75.12002,0.0,0.0
11-12-2023 18:00,Ujjani Dam_1,18.07402,75.12002,0.0,0.0
11-12-2023 19:00,Ujjani Dam_1,18.07402,75.12002,0.0,0.0
11-12-2023 20:00,Ujjani Dam_1,18.07402,75.12002,0.0,0.0
11-12-2023 21:00,Ujjani Dam_1,18.07402,75.12002,0.0,0.0
11-12-2023 22:00,Ujjani Dam_1,18.07402,75.12002,0.0,0.0
12-12-2023 00:00,Ujjani Dam_1,18.07402,75.12002,0.0,0.0
12-12-2023 01:00,Ujjani Dam_1,18.07402,75.12002,0.0,0.0
12-12-2023 02:00,Ujjani Dam_1,18.07402,75.12002,0.0,0.0
12-12-2023 03:00,Ujjani Dam_1,18.07402,75.12002,0.0,0.0
12-12-2023 04:00,Ujjani Dam_1,18.07402,75.12002,0.0,0.0
12-12-2023 05:00,Ujjani Dam_1,18.07402,75.12002,0.0,0.0
12-12-2023 06:00,Ujjani Dam_1,18.07402,75.12002,0.0,0.0
12-12-2023 08:00,Ujjani Dam_1,18.07402,75.12002,0.0,0.0
12-12-2023 09:00,Ujjani Dam_1,18.07402,75.12002,0.0,0.0
12-12-2023 10:00,Ujjani Dam_1,18.07402,75.12002,0.0,0.0
12-12-2023 11:00,Ujjani Dam_1,18.07402,75.12002,0.0,0.0
12-12-2023 12:00,Ujjani Dam_1,18.07402,75.12002,0.0,0.0
12-12-2023 13:00,Ujjani Dam_1,18.07402,75.12002,0.0,0.0
12-12-2023 14:00,Ujjani Dam_1,18.07402,75.12002,0.0,0.0
12-12-2023 16:00,Ujjani Dam_1,18.07402,75.12002,0.0,0.0
12-12-2023 17:00,Ujjani Dam_1,18.07402,75.12002,0.0,0.0
12-12-2023 18:00,Ujjani Dam_1,18.07402,75.12002,0.0,0.0
12-12-2023 19:00,Ujjani Dam_1,18.07402,75.12002,0.0,0.0
12-12-2023 20:00,Ujjani Dam_1,18.07402,75.12002,0.0,0.0
12-12-2023 21:00,Ujjani Dam_1,18.07402,75.12002,0.0,0.0
12-12-2023 22:00,Ujjani Dam_1,18.07402,75.12002,0.0,0.0
13-12-2023 00:00,Ujjani Dam_1,18.07402,75.12002,0.0,0.0
13-12-2023 01:00,Ujjani Dam_1,18.07402,75.12002,0.0,0.0
13-12-2023 02:00,Ujjani Dam_1,18.07402,75.12002,0.0,0.0
13-12-2023 03:00,Ujjani Dam_1,18.07402,75.12002,0.0,0.0
13-12-2023 04:00,Ujjani Dam_1,18.07402,75.12002,0.0,0.0
13-12-2023 05:00,Ujjani Dam_1,18.07402,75.12002,0.0,0.0
13-12-2023 06:00,Ujjani Dam_1,18.07402,75.12002,0.0,0.0
13-12-2023 08:00,Ujjani Dam_1,18.07402,75.12002,0.0,0.0
13-12-2023 09:00,Ujjani Dam_1,18.07402,75.12002,0.0,0.0
13-12-2023 13:00,Ujjani Dam_1,18.07402,75.12002,0.0,0.0
13-12-2023 14:00,Ujjani Dam_1,18.07402,75.12002,0.0,0.0
13-12-2023 16:00,Ujjani Dam_1,18.07402,75.12002,0.0,0.0
13-12-2023 17:00,Ujjani Dam_1,18.07402,75.12002,0.0,0.0
13-12-2023 18:00,Ujjani Dam_1,18.07402,75.12002,0.0,0.0
13-12-2023 19:00,Ujjani Dam_1,18.07402,75.12002,0.0,0.0
13-12-2023 20:00,Ujjani Dam_1,18.07402,75.12002,0.0,0.0
13-12-2023 21:00,Ujjani Dam_1,18.07402,75.12002,0.0,0.0
13-12-2023 22:00,Ujjani Dam_1,18.07402,75.12002,0.0,0.0
14-12-2023 00:00,Ujjani Dam_1,18.07402,75.12002,0.0,0.0
14-12-2023 01:00,Ujjani Dam_1,18.07402,75.12002,0.0,0.0
14-12-2023 02:00,Ujjani Dam_1,18.07402,75.12002,0.0,0.0
14-12-2023 03:00,Ujjani Dam_1,18.07402,75.12002,0.0,0.0
14-12-2023 04:00,Ujjani Dam_1,18.07402,75.12002,0.0,0.0
14-12-2023 05:00,Ujjani Dam_1,18.07402,75.12002,0.0,0.0
14-12-2023 07:00,Ujjani Dam_1,18.07402,75.12002,0.0,0.0
14-12-2023 08:00,Ujjani Dam_1,18.07402,75.12002,0.0,0.0
14-12-2023 09:00,Ujjani Dam_1,18.07402,75.12002,0.0,0.0
14-12-2023 10:00,Ujjani Dam_1,18.07402,75.12002,0.0,0.0
14-12-2023 11:00,Ujjani Dam_1,18.07402,75.12002,0.0,0.0
14-12-2023 12:00,Ujjani Dam_1,18.07402,75.12002,0.0,0.0
14-12-2023 13:00,Ujjani Dam_1,18.07402,75.12002,0.0,0.0
14-12-2023 15:00,Ujjani Dam_1,18.07402,75.12002,0.0,0.0
14-12-2023 16:00,Ujjani Dam_1,18.07402,75.12002,0.0,0.0
14-12-2023 17:00,Ujjani Dam_1,18.07402,75.12002,0.0,0.0
14-12-2023 18:00,Ujjani Dam_1,18.07402,75.12002,0.0,0.0
14-12-2023 19:00,Ujjani Dam_1,18.07402,75.12002,0.0,0.0
14-12-2023 20:00,Ujjani Dam_1,18.07402,75.12002,0.0,0.0
14-12-2023 21:00,Ujjani Dam_1,18.07402,75.12002,0.0,0.0
14-12-2023 23:00,Ujjani Dam_1,18.07402,75.12002,0.0,0.0
15-12-2023 00:00,Ujjani Dam_1,18.07402,75.12002,0.0,0.0
15-12-2023 02:00,Ujjani Dam_1,18.07402,75.12002,0.0,0.0
15-12-2023 03:00,Ujjani Dam_1,18.07402,75.12002,0.0,0.0
15-12-2023 04:00,Ujjani Dam_1,18.07402,75.12002,0.0,0.0
15-12-2023 05:00,Ujjani Dam_1,18.07402,75.12002,0.0,0.0
15-12-2023 07:00,Ujjani Dam_1,18.07402,75.12002,0.0,0.0
15-12-2023 08:00,Ujjani Dam_1,18.07402,75.12002,0.0,0.0
15-12-2023 09:00,Ujjani Dam_1,18.07402,75.12002,0.0,0.0
15-12-2023 10:00,Ujjani Dam_1,18.07402,75.12002,0.0,0.0
15-12-2023 11:00,Ujjani Dam_1,18.07402,75.12002,0.0,0.0
15-12-2023 12:00,Ujjani Dam_1,18.07402,75.12002,0.0,0.0
15-12-2023 13:00,Ujjani Dam_1,18.07402,75.12002,0.0,0.0
15-12-2023 15:00,Ujjani Dam_1,18.07402,75.12002,0.0,0.0
15-12-2023 16:00,Ujjani Dam_1,18.07402,75.12002,0.0,0.0
15-12-2023 17:00,Ujjani Dam_1,18.07402,75.12002,0.0,0.0
15-12-2023 18:00,Ujjani Dam_1,18.07402,75.12002,0.0,0.0
15-12-2023 19:00,Ujjani Dam_1,18.07402,75.12002,0.0,0.0
15-12-2023 20:00,Ujjani Dam_1,18.07402,75.12002,0.0,0.0
15-12-2023 21:00,Ujjani Dam_1,18.07402,75.12002,0.0,0.0
15-12-2023 23:00,Ujjani Dam_1,18.07402,75.12002,0.0,0.0
16-12-2023 00:00,Ujjani Dam_1,18.07402,75.12002,0.0,0.0
16-12-2023 01:00,Ujjani Dam_1,18.07402,75.12002,0.0,0.0
16-12-2023 02:00,Ujjani Dam_1,18.07402,75.12002,0.0,0.0
16-12-2023 03:00,Ujjani Dam_1,18.07402,75.12002,0.0,0.0
16-12-2023 04:00,Ujjani Dam_1,18.07402,75.12002,0.0,0.0
16-12-2023 05:00,Ujjani Dam_1,18.07402,75.12002,0.0,0.0
16-12-2023 07:00,Ujjani Dam_1,18.07402,75.12002,0.0,0.0
16-12-2023 08:00,Ujjani Dam_1,18.07402,75.12002,0.0,0.0
16-12-2023 09:00,Ujjani Dam_1,18.07402,75.12002,0.0,0.0
16-12-2023 10:00,Ujjani Dam_1,18.07402,75.12002,0.0,0.0
16-12-2023 11:00,Ujjani Dam_1,18.07402,75.12002,0.0,0.0
16-12-2023 12:00,Ujjani Dam_1,18.07402,75.12002,0.0,0.0
16-12-2023 13:00,Ujjani Dam_1,18.07402,75.12002,0.0,0.0
16-12-2023 15:00,Ujjani Dam_1,18.07402,75.12002,0.0,0.0
16-12-2023 16:00,Ujjani Dam_1,18.07402,75.12002,0.0,0.0
16-12-2023 17:00,Ujjani Dam_1,18.07402,75.12002,0.0,0.0
16-12-2023 18:00,Ujjani Dam_1,18.07402,75.12002,0.0,0.0
16-12-2023 19:00,Ujjani Dam_1,18.07402,75.12002,0.0,0.0
16-12-2023 20:00,Ujjani Dam_1,18.07402,75.12002,0.0,0.0
16-12-2023 21:00,Ujjani Dam_1,18.07402,75.12002,0.0,0.0
16-12-2023 23:00,Ujjani Dam_1,18.07402,75.12002,0.0,0.0
17-12-2023 00:00,Ujjani Dam_1,18.07402,75.12002,0.0,0.0
17-12-2023 01:00,Ujjani Dam_1,18.07402,75.12002,0.0,0.0
17-12-2023 02:00,Ujjani Dam_1,18.07402,75.12002,0.0,0.0
17-12-2023 03:00,Ujjani Dam_1,18.07402,75.12002,0.0,0.0
17-12-2023 04:00,Ujjani Dam_1,18.07402,75.12002,0.0,0.0
17-12-2023 06:00,Ujjani Dam_1,18.07402,75.12002,0.0,0.0
17-12-2023 07:00,Ujjani Dam_1,18.07402,75.12002,0.0,0.0
17-12-2023 08:00,Ujjani Dam_1,18.07402,75.12002,0.0,0.0
17-12-2023 09:00,Ujjani Dam_1,18.07402,75.12002,0.0,0.0
17-12-2023 10:00,Ujjani Dam_1,18.07402,75.12002,0.0,0.0
17-12-2023 11:00,Ujjani Dam_1,18.07402,75.12002,0.0,0.0
17-12-2023 12:00,Ujjani Dam_1,18.07402,75.12002,0.0,0.0
17-12-2023 14:00,Ujjani Dam_1,18.07402,75.12002,0.0,0.0
17-12-2023 15:00,Ujjani Dam_1,18.07402,75.12002,0.0,0.0
17-12-2023 16:00,Ujjani Dam_1,18.07402,75.12002,0.0,0.0
17-12-2023 17:00,Ujjani Dam_1,18.07402,75.12002,0.0,0.0
17-12-2023 18:00,Ujjani Dam_1,18.07402,75.12002,0.0,0.0
17-12-2023 19:00,Ujjani Dam_1,18.07402,75.12002,0.0,0.0
17-12-2023 20:00,Ujjani Dam_1,18.07402,75.12002,0.0,0.0
17-12-2023 22:00,Ujjani Dam_1,18.07402,75.12002,0.0,0.0
17-12-2023 23:00,Ujjani Dam_1,18.07402,75.12002,0.0,0.0
18-12-2023 00:00,Ujjani Dam_1,18.07402,75.12002,0.0,0.0
18-12-2023 01:00,Ujjani Dam_1,18.07402,75.12002,0.0,0.0
18-12-2023 02:00,Ujjani Dam_1,18.07402,75.12002,0.0,0.0
18-12-2023 03:00,Ujjani Dam_1,18.07402,75.12002,0.0,0.0
18-12-2023 04:00,Ujjani Dam_1,18.07402,75.12002,0.0,0.0
18-12-2023 06:00,Ujjani Dam_1,18.07402,75.12002,0.0,0.0
18-12-2023 07:00,Ujjani Dam_1,18.07402,75.12002,0.0,0.0
18-12-2023 08:00,Ujjani Dam_1,18.07402,75.12002,0.0,0.0
18-12-2023 09:00,Ujjani Dam_1,18.07402,75.12002,0.0,0.0
18-12-2023 10:00,Ujjani Dam_1,18.07402,75.12002,0.0,0.0
18-12-2023 11:00,Ujjani Dam_1,18.07402,75.12002,0.0,0.0
18-12-2023 12:00,Ujjani Dam_1,18.07402,75.12002,0.0,0.0
18-12-2023 14:00,Ujjani Dam_1,18.07402,75.12002,0.0,0.0
18-12-2023 15:00,Ujjani Dam_1,18.07402,75.12002,0.0,0.0
18-12-2023 16:00,Ujjani Dam_1,18.07402,75.12002,0.0,0.0
18-12-2023 17:00,Ujjani Dam_1,18.07402,75.12002,0.0,0.0
18-12-2023 18:00,Ujjani Dam_1,18.07402,75.12002,0.0,0.0
18-12-2023 19:00,Ujjani Dam_1,18.07402,75.12002,0.0,0.0
18-12-2023 20:00,Ujjani Dam_1,18.07402,75.12002,0.0,0.0
18-12-2023 22:00,Ujjani Dam_1,18.07402,75.12002,0.0,0.0
18-12-2023 23:00,Ujjani Dam_1,18.07402,75.12002,0.0,0.0
19-12-2023 00:00,Ujjani Dam_1,18.07402,75.12002,0.0,0.0
19-12-2023 01:00,Ujjani Dam_1,18.07402,75.12002,0.0,0.0
19-12-2023 02:00,Ujjani Dam_1,18.07402,75.12002,0.0,0.0
19-12-2023 03:00,Ujjani Dam_1,18.07402,75.12002,0.0,0.0
19-12-2023 04:00,Ujjani Dam_1,18.07402,75.12002,0.0,0.0
19-12-2023 06:00,Ujjani Dam_1,18.07402,75.12002,0.0,0.0
19-12-2023 07:00,Ujjani Dam_1,18.07402,75.12002,0.0,0.0
19-12-2023 08:00,Ujjani Dam_1,18.07402,75.12002,0.0,0.0
19-12-2023 09:00,Ujjani Dam_1,18.07402,75.12002,0.0,0.0
19-12-2023 10:00,Ujjani Dam_1,18.07402,75.12002,0.0,0.0
19-12-2023 11:00,Ujjani Dam_1,18.07402,75.12002,0.0,0.0
19-12-2023 12:00,Ujjani Dam_1,18.07402,75.12002,0.0,0.0
19-12-2023 14:00,Ujjani Dam_1,18.07402,75.12002,0.0,0.0
19-12-2023 15:00,Ujjani Dam_1,18.07402,75.12002,0.0,0.0
19-12-2023 16:00,Ujjani Dam_1,18.07402,75.12002,0.0,0.0
19-12-2023 17:00,Ujjani Dam_1,18.07402,75.12002,0.0,0.0
19-12-2023 18:00,Ujjani Dam_1,18.07402,75.12002,0.0,0.0
19-12-2023 19:00,Ujjani Dam_1,18.07402,75.12002,0.0,0.0
19-12-2023 20:00,Ujjani Dam_1,18.07402,75.12002,0.0,0.0
19-12-2023 22:00,Ujjani Dam_1,18.07402,75.12002,0.0,0.0
19-12-2023 23:00,Ujjani Dam_1,18.07402,75.12002,0.0,0.0
20-12-2023 00:00,Ujjani Dam_1,18.07402,75.12002,0.0,0.0
20-12-2023 01:00,Ujjani Dam_1,18.07402,75.12002,0.0,0.0
20-12-2023 02:00,Ujjani Dam_1,18.07402,75.12002,0.0,0.0
20-12-2023 03:00,Ujjani Dam_1,18.07402,75.12002,0.0,0.0
20-12-2023 04:00,Ujjani Dam_1,18.07402,75.12002,0.0,0.0
20-12-2023 05:00,Ujjani Dam_1,18.07402,75.12002,0.0,0.0
20-12-2023 06:00,Ujjani Dam_1,18.07402,75.12002,0.0,0.0
20-12-2023 07:00,Ujjani Dam_1,18.07402,75.12002,0.0,0.0
20-12-2023 08:00,Ujjani Dam_1,18.07402,75.12002,0.0,0.0
20-12-2023 09:00,Ujjani Dam_1,18.07402,75.12002,0.0,0.0
20-12-2023 10:00,Ujjani Dam_1,18.07402,75.12002,0.0,0.0
20-12-2023 11:00,Ujjani Dam_1,18.07402,75.12002,0.0,0.0
20-12-2023 12:00,Ujjani Dam_1,18.07402,75.12002,0.0,0.0
20-12-2023 13:00,Ujjani Dam_1,18.07402,75.12002,0.0,0.0
20-12-2023 15:00,Ujjani Dam_1,18.07402,75.12002,0.0,0.0
20-12-2023 16:00,Ujjani Dam_1,18.07402,75.12002,0.0,0.0
20-12-2023 17:00,Ujjani Dam_1,18.07402,75.12002,0.0,0.0
20-12-2023 18:00,Ujjani Dam_1,18.07402,75.12002,0.0,0.0
20-12-2023 19:00,Ujjani Dam_1,18.07402,75.12002,0.0,0.0
20-12-2023 20:00,Ujjani Dam_1,18.07402,75.12002,0.0,0.0
20-12-2023 21:00,Ujjani Dam_1,18.07402,75.12002,0.0,0.0
20-12-2023 23:00,Ujjani Dam_1,18.07402,75.12002,0.0,0.0
21-12-2023 00:00,Ujjani Dam_1,18.07402,75.12002,0.0,0.0
21-12-2023 01:00,Ujjani Dam_1,18.07402,75.12002,0.0,0.0
21-12-2023 02:00,Ujjani Dam_1,18.07402,75.12002,0.0,0.0
21-12-2023 03:00,Ujjani Dam_1,18.07402,75.12002,0.0,0.0
21-12-2023 04:00,Ujjani Dam_1,18.07402,75.12002,0.0,0.0
21-12-2023 05:00,Ujjani Dam_1,18.07402,75.12002,0.0,0.0
21-12-2023 07:00,Ujjani Dam_1,18.07402,75.12002,0.0,0.0
21-12-2023 08:00,Ujjani Dam_1,18.07402,75.12002,0.0,0.0
21-12-2023 09:00,Ujjani Dam_1,18.07402,75.12002,0.0,0.0
21-12-2023 10:00,Ujjani Dam_1,18.07402,75.12002,0.0,0.0
21-12-2023 11:00,Ujjani Dam_1,18.07402,75.12002,0.0,0.0
21-12-2023 12:00,Ujjani Dam_1,18.07402,75.12002,0.0,0.0
21-12-2023 13:00,Ujjani Dam_1,18.07402,75.12002,0.0,0.0
21-12-2023 15:00,Ujjani Dam_1,18.07402,75.12002,0.0,0.0
21-12-2023 16:00,Ujjani Dam_1,18.07402,75.12002,0.0,0.0
21-12-2023 17:00,Ujjani Dam_1,18.07402,75.12002,0.0,0.0
21-12-2023 18:00,Ujjani Dam_1,18.07402,75.12002,0.0,0.0
21-12-2023 19:00,Ujjani Dam_1,18.07402,75.12002,0.0,0.0
21-12-2023 20:00,Ujjani Dam_1,18.07402,75.12002,0.0,0.0
21-12-2023 21:00,Ujjani Dam_1,18.07402,75.12002,0.0,0.0
21-12-2023 23:00,Ujjani Dam_1,18.07402,75.12002,0.0,0.0
22-12-2023 00:00,Ujjani Dam_1,18.07402,75.12002,0.0,0.0
22-12-2023 01:00,Ujjani Dam_1,18.07402,75.12002,0.0,0.0
22-12-2023 02:00,Ujjani Dam_1,18.07402,75.12002,0.0,0.0
22-12-2023 03:00,Ujjani Dam_1,18.07402,75.12002,0.0,0.0
22-12-2023 04:00,Ujjani Dam_1,18.07402,75.12002,0.0,0.0
22-12-2023 06:00,Ujjani Dam_1,18.07402,75.12002,0.0,0.0
22-12-2023 07:00,Ujjani Dam_1,18.07402,75.12002,0.0,0.0
22-12-2023 08:00,Ujjani Dam_1,18.07402,75.12002,0.0,0.0
22-12-2023 09:00,Ujjani Dam_1,18.07402,75.12002,0.0,0.0
22-12-2023 10:00,Ujjani Dam_1,18.07402,75.12002,0.0,0.0
22-12-2023 11:00,Ujjani Dam_1,18.07402,75.12002,0.0,0.0
22-12-2023 12:00,Ujjani Dam_1,18.07402,75.12002,0.0,0.0
22-12-2023 14:00,Ujjani Dam_1,18.07402,75.12002,0.0,0.0
22-12-2023 15:00,Ujjani Dam_1,18.07402,75.12002,0.0,0.0
22-12-2023 16:00,Ujjani Dam_1,18.07402,75.12002,0.0,0.0
22-12-2023 17:00,Ujjani Dam_1,18.07402,75.12002,0.0,0.0
22-12-2023 18:00,Ujjani Dam_1,18.07402,75.12002,0.0,0.0
22-12-2023 19:00,Ujjani Dam_1,18.07402,75.12002,0.0,0.0
22-12-2023 20:00,Ujjani Dam_1,18.07402,75.12002,0.0,0.0
22-12-2023 22:00,Ujjani Dam_1,18.07402,75.12002,0.0,0.0
22-12-2023 23:00,Ujjani Dam_1,18.07402,75.12002,0.0,0.0
23-12-2023 00:00,Ujjani Dam_1,18.07402,75.12002,0.0,0.0
23-12-2023 01:00,Ujjani Dam_1,18.07402,75.12002,0.0,0.0
23-12-2023 02:00,Ujjani Dam_1,18.07402,75.12002,0.0,0.0
23-12-2023 03:00,Ujjani Dam_1,18.07402,75.12002,0.0,0.0
23-12-2023 04:00,Ujjani Dam_1,18.07402,75.12002,0.0,0.0
23-12-2023 06:00,Ujjani Dam_1,18.07402,75.12002,0.0,0.0
23-12-2023 07:00,Ujjani Dam_1,18.07402,75.12002,0.0,0.0
23-12-2023 08:00,Ujjani Dam_1,18.07402,75.12002,0.0,0.0
23-12-2023 09:00,Ujjani Dam_1,18.07402,75.12002,0.0,0.0
23-12-2023 10:00,Ujjani Dam_1,18.07402,75.12002,0.0,0.0
23-12-2023 11:00,Ujjani Dam_1,18.07402,75.12002,0.0,0.0
23-12-2023 12:00,Ujjani Dam_1,18.07402,75.12002,0.0,0.0
23-12-2023 14:00,Ujjani Dam_1,18.07402,75.12002,0.0,0.0
23-12-2023 15:00,Ujjani Dam_1,18.07402,75.12002,0.0,0.0
23-12-2023 16:00,Ujjani Dam_1,18.07402,75.12002,0.0,0.0
23-12-2023 17:00,Ujjani Dam_1,18.07402,75.12002,0.0,0.0
23-12-2023 18:00,Ujjani Dam_1,18.07402,75.12002,0.0,0.0
23-12-2023 19:00,Ujjani Dam_1,18.07402,75.12002,0.0,0.0
23-12-2023 20:00,Ujjani Dam_1,18.07402,75.12002,0.0,0.0
23-12-2023 22:00,Ujjani Dam_1,18.07402,75.12002,0.0,0.0
23-12-2023 23:00,Ujjani Dam_1,18.07402,75.12002,0.0,0.0
24-12-2023 00:00,Ujjani Dam_1,18.07402,75.12002,0.0,0.0
24-12-2023 01:00,Ujjani Dam_1,18.07402,75.12002,0.0,0.0
24-12-2023 02:00,Ujjani Dam_1,18.07402,75.12002,0.0,0.0
24-12-2023 03:00,Ujjani Dam_1,18.07402,75.12002,0.0,0.0
24-12-2023 04:00,Ujjani Dam_1,18.07402,75.12002,0.0,0.0
24-12-2023 06:00,Ujjani Dam_1,18.07402,75.12002,0.0,0.0
24-12-2023 07:00,Ujjani Dam_1,18.07402,75.12002,0.0,0.0
24-12-2023 08:00,Ujjani Dam_1,18.07402,75.12002,0.0,0.0
24-12-2023 09:00,Ujjani Dam_1,18.07402,75.12002,0.0,0.0
24-12-2023 10:00,Ujjani Dam_1,18.07402,75.12002,0.0,0.0
24-12-2023 11:00,Ujjani Dam_1,18.07402,75.12002,0.0,0.0
24-12-2023 12:00,Ujjani Dam_1,18.07402,75.12002,0.0,0.0
24-12-2023 14:00,Ujjani Dam_1,18.07402,75.12002,0.0,0.0
24-12-2023 15:00,Ujjani Dam_1,18.07402,75.12002,0.0,0.0
24-12-2023 16:00,Ujjani Dam_1,18.07402,75.12002,0.0,0.0
24-12-2023 17:00,Ujjani Dam_1,18.07402,75.12002,0.0,0.0
24-12-2023 18:00,Ujjani Dam_1,18.07402,75.12002,0.0,0.0
24-12-2023 19:00,Ujjani Dam_1,18.07402,75.12002,0.0,0.0
24-12-2023 20:00,Ujjani Dam_1,18.07402,75.12002,0.0,0.0
24-12-2023 22:00,Ujjani Dam_1,18.07402,75.12002,0.0,0.0
24-12-2023 23:00,Ujjani Dam_1,18.07402,75.12002,0.0,0.0
25-12-2023 00:00,Ujjani Dam_1,18.07402,75.12002,0.0,0.0
25-12-2023 01:00,Ujjani Dam_1,18.07402,75.12002,0.0,0.0
25-12-2023 02:00,Ujjani Dam_1,18.07402,75.12002,0.0,0.0
25-12-2023 03:00,Ujjani Dam_1,18.07402,75.12002,0.0,0.0
25-12-2023 05:00,Ujjani Dam_1,18.07402,75.12002,0.0,0.0
25-12-2023 06:00,Ujjani Dam_1,18.07402,75.12002,0.0,0.0
25-12-2023 07:00,Ujjani Dam_1,18.07402,75.12002,0.0,0.0
25-12-2023 08:00,Ujjani Dam_1,18.07402,75.12002,0.0,0.0
25-12-2023 09:00,Ujjani Dam_1,18.07402,75.12002,0.0,0.0
25-12-2023 10:00,Ujjani Dam_1,18.07402,75.12002,0.0,0.0
25-12-2023 11:00,Ujjani Dam_1,18.07402,75.12002,0.0,0.0
25-12-2023 13:00,Ujjani Dam_1,18.07402,75.12002,0.0,0.0
25-12-2023 14:00,Ujjani Dam_1,18.07402,75.12002,0.0,0.0
25-12-2023 15:00,Ujjani Dam_1,18.07402,75.12002,0.0,0.0
25-12-2023 16:00,Ujjani Dam_1,18.07402,75.12002,0.0,0.0
25-12-2023 17:00,Ujjani Dam_1,18.07402,75.12002,0.0,0.0
25-12-2023 22:00,Ujjani Dam_1,18.07402,75.12002,0.0,0.0
25-12-2023 23:00,Ujjani Dam_1,18.07402,75.12002,0.0,0.0
26-12-2023 00:00,Ujjani Dam_1,18.07402,75.12002,0.0,0.0
26-12-2023 01:00,Ujjani Dam_1,18.07402,75.12002,0.0,0.0
26-12-2023 02:00,Ujjani Dam_1,18.07402,75.12002,0.0,0.0
26-12-2023 03:00,Ujjani Dam_1,18.07402,75.12002,0.0,0.0
26-12-2023 05:00,Ujjani Dam_1,18.07402,75.12002,0.0,0.0
26-12-2023 06:00,Ujjani Dam_1,18.07402,75.12002,0.0,0.0
26-12-2023 07:00,Ujjani Dam_1,18.07402,75.12002,0.0,0.0
26-12-2023 08:00,Ujjani Dam_1,18.07402,75.12002,0.0,0.0
26-12-2023 09:00,Ujjani Dam_1,18.07402,75.12002,0.0,0.0
26-12-2023 10:00,Ujjani Dam_1,18.07402,75.12002,0.0,0.0
26-12-2023 12:00,Ujjani Dam_1,18.07402,75.12002,0.0,0.0
26-12-2023 13:00,Ujjani Dam_1,18.07402,75.12002,0.0,0.0
26-12-2023 14:00,Ujjani Dam_1,18.07402,75.12002,0.0,0.0
26-12-2023 15:00,Ujjani Dam_1,18.07402,75.12002,0.0,0.0
26-12-2023 16:00,Ujjani Dam_1,18.07402,75.12002,0.0,0.0
26-12-2023 17:00,Ujjani Dam_1,18.07402,75.12002,0.0,0.0
26-12-2023 18:00,Ujjani Dam_1,18.07402,75.12002,0.0,0.0
26-12-2023 20:00,Ujjani Dam_1,18.07402,75.12002,0.0,0.0
26-12-2023 21:00,Ujjani Dam_1,18.07402,75.12002,0.0,0.0
26-12-2023 22:00,Ujjani Dam_1,18.07402,75.12002,0.0,0.0
26-12-2023 23:00,Ujjani Dam_1,18.07402,75.12002,0.0,0.0
27-12-2023 00:00,Ujjani Dam_1,18.07402,75.12002,0.0,0.0
27-12-2023 01:00,Ujjani Dam_1,18.07402,75.12002,0.0,0.0
27-12-2023 02:00,Ujjani Dam_1,18.07402,75.12002,0.0,0.0
27-12-2023 04:00,Ujjani Dam_1,18.07402,75.12002,0.0,0.0
27-12-2023 05:00,Ujjani Dam_1,18.07402,75.12002,0.0,0.0
27-12-2023 06:00,Ujjani Dam_1,18.07402,75.12002,0.0,0.0
27-12-2023 07:00,Ujjani Dam_1,18.07402,75.12002,0.0,0.0
27-12-2023 08:00,Ujjani Dam_1,18.07402,75.12002,0.0,0.0
27-12-2023 09:00,Ujjani Dam_1,18.07402,75.12002,0.0,0.0
27-12-2023 10:00,Ujjani Dam_1,18.07402,75.12002,0.0,0.0
27-12-2023 12:00,Ujjani Dam_1,18.07402,75.12002,0.0,0.0
27-12-2023 13:00,Ujjani Dam_1,18.07402,75.12002,0.0,0.0
27-12-2023 14:00,Ujjani Dam_1,18.07402,75.12002,0.0,0.0
27-12-2023 15:00,Ujjani Dam_1,18.07402,75.12002,0.0,0.0
27-12-2023 16:00,Ujjani Dam_1,18.07402,75.12002,0.0,0.0
27-12-2023 17:00,Ujjani Dam_1,18.07402,75.12002,0.0,0.0
27-12-2023 18:00,Ujjani Dam_1,18.07402,75.12002,0.0,0.0
27-12-2023 20:00,Ujjani Dam_1,18.07402,75.12002,0.0,0.0
28-12-2023 10:00,Ujjani Dam_1,18.07402,75.12002,0.0,0.0
28-12-2023 12:00,Ujjani Dam_1,18.07402,75.12002,0.0,0.0
28-12-2023 13:00,Ujjani Dam_1,18.07402,75.12002,0.0,0.0
28-12-2023 14:00,Ujjani Dam_1,18.07402,75.12002,0.0,0.0
28-12-2023 15:00,Ujjani Dam_1,18.07402,75.12002,0.0,0.0
28-12-2023 16:00,Ujjani Dam_1,18.07402,75.12002,0.0,0.0
28-12-2023 17:00,Ujjani Dam_1,18.07402,75.12002,0.0,0.0
28-12-2023 18:00,Ujjani Dam_1,18.07402,75.12002,0.0,0.0
28-12-2023 20:00,Ujjani Dam_1,18.07402,75.12002,0.0,0.0
28-12-2023 21:00,Ujjani Dam_1,18.07402,75.12002,0.0,0.0
29-12-2023 06:00,Ujjani Dam_1,18.07402,75.12002,0.0,0.0
29-12-2023 07:00,Ujjani Dam_1,18.07402,75.12002,0.0,0.0
29-12-2023 08:00,Ujjani Dam_1,18.07402,75.12002,0.0,0.0
29-12-2023 11:00,Ujjani Dam_1,18.07402,75.12002,0.0,0.0
29-12-2023 12:00,Ujjani Dam_1,18.07402,75.12002,0.0,0.0
29-12-2023 13:00,Ujjani Dam_1,18.07402,75.12002,0.0,0.0
29-12-2023 14:00,Ujjani Dam_1,18.07402,75.12002,0.0,0.0
29-12-2023 15:00,Ujjani Dam_1,18.07402,75.12002,0.0,0.0
29-12-2023 16:00,Ujjani Dam_1,18.07402,75.12002,0.0,0.0
29-12-2023 17:00,Ujjani Dam_1,18.07402,75.12002,0.0,0.0
29-12-2023 19:00,Ujjani Dam_1,18.07402,75.12002,0.0,0.0
29-12-2023 20:00,Ujjani Dam_1,18.07402,75.12002,0.0,0.0
29-12-2023 21:00,Ujjani Dam_1,18.07402,75.12002,0.0,0.0
29-12-2023 22:00,Ujjani Dam_1,18.07402,75.12002,0.0,0.0
29-12-2023 23:00,Ujjani Dam_1,18.07402,75.12002,0.0,0.0
30-12-2023 00:00,Ujjani Dam_1,18.07402,75.12002,0.0,0.0
30-12-2023 01:00,Ujjani Dam_1,18.07402,75.12002,0.0,0.0
30-12-2023 03:00,Ujjani Dam_1,18.07402,75.12002,0.0,0.0
30-12-2023 04:00,Ujjani Dam_1,18.07402,75.12002,0.0,0.0
30-12-2023 05:00,Ujjani Dam_1,18.07402,75.12002,0.0,0.0
30-12-2023 06:00,Ujjani Dam_1,18.07402,75.12002,0.0,0.0
30-12-2023 07:00,Ujjani Dam_1,18.07402,75.12002,0.0,0.0
30-12-2023 08:00,Ujjani Dam_1,18.07402,75.12002,0.0,0.0
30-12-2023 09:00,Ujjani Dam_1,18.07402,75.12002,0.0,0.0
30-12-2023 11:00,Ujjani Dam_1,18.07402,75.12002,0.0,0.0
30-12-2023 12:00,Ujjani Dam_1,18.07402,75.12002,0.0,0.0
30-12-2023 13:00,Ujjani Dam_1,18.07402,75.12002,0.0,0.0
30-12-2023 14:00,Ujjani Dam_1,18.07402,75.12002,0.0,0.0
30-12-2023 15:00,Ujjani Dam_1,18.07402,75.12002,0.0,0.0
30-12-2023 16:00,Ujjani Dam_1,18.07402,75.12002,0.0,0.0
30-12-2023 17:00,Ujjani Dam_1,18.07402,75.12002,0.0,0.0
30-12-2023 19:00,Ujjani Dam_1,18.07402,75.12002,0.0,0.0
30-12-2023 20:00,Ujjani Dam_1,18.07402,75.12002,0.0,0.0
30-12-2023 21:00,Ujjani Dam_1,18.07402,75.12002,0.0,0.0
30-12-2023 22:00,Ujjani Dam_1,18.07402,75.12002,0.0,0.0
30-12-2023 23:00,Ujjani Dam_1,18.07402,75.12002,0.0,0.0
31-12-2023 00:00,Ujjani Dam_1,18.07402,75.12002,0.0,0.0
31-12-2023 01:00,Ujjani Dam_1,18.07402,75.12002,0.0,0.0
31-12-2023 03:00,Ujjani Dam_1,18.07402,75.12002,0.0,0.0
31-12-2023 04:00,Ujjani Dam_1,18.07402,75.12002,0.0,0.0
31-12-2023 05:00,Ujjani Dam_1,18.07402,75.12002,0.0,0.0
31-12-2023 06:00,Ujjani Dam_1,18.07402,75.12002,0.0,0.0
31-12-2023 07:00,Ujjani Dam_1,18.07402,75.12002,0.0,0.0
31-12-2023 08:00,Ujjani Dam_1,18.07402,75.12002,0.0,0.0
31-12-2023 09:00,Ujjani Dam_1,18.07402,75.12002,0.0,0.0
31-12-2023 11:00,Ujjani Dam_1,18.07402,75.12002,0.0,0.0
31-12-2023 12:00,Ujjani Dam_1,18.07402,75.12002,0.0,0.0
31-12-2023 13:00,Ujjani Dam_1,18.07402,75.12002,0.0,0.0
31-12-2023 14:00,Ujjani Dam_1,18.07402,75.12002,0.0,0.0
31-12-2023 15:00,Ujjani Dam_1,18.07402,75.12002,0.0,0.0
31-12-2023 16:00,Ujjani Dam_1,18.07402,75.12002,0.0,0.0
31-12-2023 17:00,Ujjani Dam_1,18.07402,75.12002,0.0,0.0
31-12-2023 19:00,Ujjani Dam_1,18.07402,75.12002,0.0,0.0
31-12-2023 20:00,Ujjani Dam_1,18.07402,75.12002,0.0,0.0
31-12-2023 21:00,Ujjani Dam_1,18.07402,75.12002,0.0,0.0
31-12-2023 22:00,Ujjani Dam_1,18.07402,75.12002,0.0,0.0
31-12-2023 23:00,Ujjani Dam_1,18.07402,75.12002,0.0,0.0
01-01-2024 00:00,Ujjani Dam_1,18.07402,75.12002,0.0,0.0
01-01-2024 01:00,Ujjani Dam_1,18.07402,75.12002,0.0,0.0
01-01-2024 03:00,Ujjani Dam_1,18.07402,75.12002,0.0,0.0
01-01-2024 04:00,Ujjani Dam_1,18.07402,75.12002,0.0,0.0
01-01-2024 05:00,Ujjani Dam_1,18.07402,75.12002,0.0,0.0
01-01-2024 06:00,Ujjani Dam_1,18.07402,75.12002,0.0,0.0
01-01-2024 07:00,Ujjani Dam_1,18.07402,75.12002,0.0,0.0
01-01-2024 08:00,Ujjani Dam_1,18.07402,75.12002,0.0,0.0
01-01-2024 10:00,Ujjani Dam_1,18.07402,75.12002,0.0,0.0
01-01-2024 11:00,Ujjani Dam_1,18.07402,75.12002,0.0,0.0
01-01-2024 12:00,Ujjani Dam_1,18.07402,75.12002,0.0,0.0
01-01-2024 13:00,Ujjani Dam_1,18.07402,75.12002,0.0,0.0
01-01-2024 14:00,Ujjani Dam_1,18.07402,75.12002,0.0,0.0
01-01-2024 15:00,Ujjani Dam_1,18.07402,75.12002,0.0,0.0
01-01-2024 16:00,Ujjani Dam_1,18.07402,75.12002,0.0,0.0
01-01-2024 18:00,Ujjani Dam_1,18.07402,75.12002,0.0,0.0
01-01-2024 19:00,Ujjani Dam_1,18.07402,75.12002,0.0,0.0
01-01-2024 20:00,Ujjani Dam_1,18.07402,75.12002,0.0,0.0
01-01-2024 21:00,Ujjani Dam_1,18.07402,75.12002,0.0,0.0
01-01-2024 22:00,Ujjani Dam_1,18.07402,75.12002,0.0,0.0
01-01-2024 23:00,Ujjani Dam_1,18.07402,75.12002,0.0,0.0
02-01-2024 00:00,Ujjani Dam_1,18.07402,75.12002,0.0,0.0
02-01-2024 02:00,Ujjani Dam_1,18.07402,75.12002,0.0,0.0
02-01-2024 03:00,Ujjani Dam_1,18.07402,75.12002,0.0,0.0
02-01-2024 04:00,Ujjani Dam_1,18.07402,75.12002,0.0,0.0
02-01-2024 05:00,Ujjani Dam_1,18.07402,75.12002,0.0,0.0
02-01-2024 06:00,Ujjani Dam_1,18.07402,75.12002,0.0,0.0
02-01-2024 07:00,Ujjani Dam_1,18.07402,75.12002,0.0,0.0
02-01-2024 08:00,Ujjani Dam_1,18.07402,75.12002,0.0,0.0
02-01-2024 10:00,Ujjani Dam_1,18.07402,75.12002,0.0,0.0
02-01-2024 11:00,Ujjani Dam_1,18.07402,75.12002,0.0,0.0
02-01-2024 12:00,Ujjani Dam_1,18.07402,75.12002,0.0,0.0
02-01-2024 13:00,Ujjani Dam_1,18.07402,75.12002,0.0,0.0
02-01-2024 14:00,Ujjani Dam_1,18.07402,75.12002,0.0,0.0
02-01-2024 15:00,Ujjani Dam_1,18.07402,75.12002,0.0,0.0
02-01-2024 16:00,Ujjani Dam_1,18.07402,75.12002,0.0,0.0
02-01-2024 18:00,Ujjani Dam_1,18.07402,75.12002,0.0,0.0
02-01-2024 19:00,Ujjani Dam_1,18.07402,75.12002,0.0,0.0
02-01-2024 20:00,Ujjani Dam_1,18.07402,75.12002,0.0,0.0
02-01-2024 21:00,Ujjani Dam_1,18.07402,75.12002,0.0,0.0
02-01-2024 22:00,Ujjani Dam_1,18.07402,75.12002,0.0,0.0
02-01-2024 23:00,Ujjani Dam_1,18.07402,75.12002,0.0,0.0
03-01-2024 00:00,Ujjani Dam_1,18.07402,75.12002,0.0,0.0
03-01-2024 02:00,Ujjani Dam_1,18.07402,75.12002,0.0,0.0
03-01-2024 03:00,Ujjani Dam_1,18.07402,75.12002,0.0,0.0
03-01-2024 04:00,Ujjani Dam_1,18.07402,75.12002,0.0,0.0
03-01-2024 05:00,Ujjani Dam_1,18.07402,75.12002,0.0,0.0
03-01-2024 06:00,Ujjani Dam_1,18.07402,75.12002,0.0,0.0
03-01-2024 07:00,Ujjani Dam_1,18.07402,75.12002,0.0,0.0
03-01-2024 08:00,Ujjani Dam_1,18.07402,75.12002,0.0,0.0
03-01-2024 10:00,Ujjani Dam_1,18.07402,75.12002,0.0,0.0
03-01-2024 11:00,Ujjani Dam_1,18.07402,75.12002,0.0,0.0
03-01-2024 12:00,Ujjani Dam_1,18.07402,75.12002,0.0,0.0
03-01-2024 13:00,Ujjani Dam_1,18.07402,75.12002,0.0,0.0
03-01-2024 14:00,Ujjani Dam_1,18.07402,75.12002,0.0,0.0
03-01-2024 15:00,Ujjani Dam_1,18.07402,75.12002,0.0,0.0
03-01-2024 16:00,Ujjani Dam_1,18.07402,75.12002,0.0,0.0
03-01-2024 18:00,Ujjani Dam_1,18.07402,75.12002,0.0,0.0
03-01-2024 19:00,Ujjani Dam_1,18.07402,75.12002,0.0,0.0
03-01-2024 20:00,Ujjani Dam_1,18.07402,75.12002,0.0,0.0
03-01-2024 21:00,Ujjani Dam_1,18.07402,75.12002,0.0,0.0
03-01-2024 22:00,Ujjani Dam_1,18.07402,75.12002,0.0,0.0
03-01-2024 23:00,Ujjani Dam_1,18.07402,75.12002,0.0,0.0
04-01-2024 00:00,Ujjani Dam_1,18.07402,75.12002,0.0,0.0
04-01-2024 02:00,Ujjani Dam_1,18.07402,75.12002,0.0,0.0
04-01-2024 03:00,Ujjani Dam_1,18.07402,75.12002,0.0,0.0
04-01-2024 04:00,Ujjani Dam_1,18.07402,75.12002,0.0,0.0
04-01-2024 05:00,Ujjani Dam_1,18.07402,75.12002,0.0,0.0
04-01-2024 06:00,Ujjani Dam_1,18.07402,75.12002,0.0,0.0
04-01-2024 07:00,Ujjani Dam_1,18.07402,75.12002,0.0,0.0
04-01-2024 09:00,Ujjani Dam_1,18.07402,75.12002,0.0,0.0
04-01-2024 10:00,Ujjani Dam_1,18.07402,75.12002,0.0,0.0
04-01-2024 11:00,Ujjani Dam_1,18.07402,75.12002,0.0,0.0
04-01-2024 12:00,Ujjani Dam_1,18.07402,75.12002,0.0,0.0
04-01-2024 13:00,Ujjani Dam_1,18.07402,75.12002,0.0,0.0
04-01-2024 14:00,Ujjani Dam_1,18.07402,75.12002,0.0,0.0
04-01-2024 15:00,Ujjani Dam_1,18.07402,75.12002,0.0,0.0
04-01-2024 17:00,Ujjani Dam_1,18.07402,75.12002,0.0,0.0
04-01-2024 18:00,Ujjani Dam_1,18.07402,75.12002,0.0,0.0
04-01-2024 19:00,Ujjani Dam_1,18.07402,75.12002,0.0,0.0
04-01-2024 20:00,Ujjani Dam_1,18.07402,75.12002,0.0,0.0
04-01-2024 21:00,Ujjani Dam_1,18.07402,75.12002,0.0,0.0
04-01-2024 22:00,Ujjani Dam_1,18.07402,75.12002,0.0,0.0
04-01-2024 23:00,Ujjani Dam_1,18.07402,75.12002,0.0,0.0
05-01-2024 01:00,Ujjani Dam_1,18.07402,75.12002,0.0,0.0
05-01-2024 02:00,Ujjani Dam_1,18.07402,75.12002,0.0,0.0
05-01-2024 03:00,Ujjani Dam_1,18.07402,75.12002,0.0,0.0
05-01-2024 04:00,Ujjani Dam_1,18.07402,75.12002,0.0,0.0
05-01-2024 05:00,Ujjani Dam_1,18.07402,75.12002,0.0,0.0
05-01-2024 06:00,Ujjani Dam_1,18.07402,75.12002,0.0,0.0
05-01-2024 07:00,Ujjani Dam_1,18.07402,75.12002,0.0,0.0
05-01-2024 09:00,Ujjani Dam_1,18.07402,75.12002,0.0,0.0
05-01-2024 10:00,Ujjani Dam_1,18.07402,75.12002,0.0,0.0
05-01-2024 11:00,Ujjani Dam_1,18.07402,75.12002,0.0,0.0
05-01-2024 12:00,Ujjani Dam_1,18.07402,75.12002,0.0,0.0
05-01-2024 13:00,Ujjani Dam_1,18.07402,75.12002,0.0,0.0
05-01-2024 14:00,Ujjani Dam_1,18.07402,75.12002,0.0,0.0
05-01-2024 15:00,Ujjani Dam_1,18.07402,75.12002,0.0,0.0
05-01-2024 17:00,Ujjani Dam_1,18.07402,75.12002,0.0,0.0
05-01-2024 18:00,Ujjani Dam_1,18.07402,75.12002,0.0,0.0
05-01-2024 19:00,Ujjani Dam_1,18.07402,75.12002,0.0,0.0
05-01-2024 20:00,Ujjani Dam_1,18.07402,75.12002,0.0,0.0
05-01-2024 21:00,Ujjani Dam_1,18.07402,75.12002,0.0,0.0
05-01-2024 22:00,Ujjani Dam_1,18.07402,75.12002,0.0,0.0
05-01-2024 23:00,Ujjani Dam_1,18.07402,75.12002,0.0,0.0
06-01-2024 01:00,Ujjani Dam_1,18.07402,75.12002,0.0,0.0
06-01-2024 02:00,Ujjani Dam_1,18.07402,75.12002,0.0,0.0
06-01-2024 03:00,Ujjani Dam_1,18.07402,75.12002,0.0,0.0
06-01-2024 04:00,Ujjani Dam_1,18.07402,75.12002,0.0,0.0
06-01-2024 05:00,Ujjani Dam_1,18.07402,75.12002,0.0,0.0
06-01-2024 06:00,Ujjani Dam_1,18.07402,75.12002,0.0,0.0
06-01-2024 07:00,Ujjani Dam_1,18.07402,75.12002,0.0,0.0
06-01-2024 09:00,Ujjani Dam_1,18.07402,75.12002,0.0,0.0
06-01-2024 10:00,Ujjani Dam_1,18.07402,75.12002,0.0,0.0
06-01-2024 11:00,Ujjani Dam_1,18.07402,75.12002,0.0,0.0
06-01-2024 12:00,Ujjani Dam_1,18.07402,75.12002,0.0,0.0
06-01-2024 13:00,Ujjani Dam_1,18.07402,75.12002,0.0,0.0
06-01-2024 14:00,Ujjani Dam_1,18.07402,75.12002,0.0,0.0
06-01-2024 15:00,Ujjani Dam_1,18.07402,75.12002,0.0,0.0
06-01-2024 17:00,Ujjani Dam_1,18.07402,75.12002,0.0,0.0
06-01-2024 18:00,Ujjani Dam_1,18.07402,75.12002,0.0,0.0
06-01-2024 19:00,Ujjani Dam_1,18.07402,75.12002,0.0,0.0
06-01-2024 20:00,Ujjani Dam_1,18.07402,75.12002,0.0,0.0
06-01-2024 21:00,Ujjani Dam_1,18.07402,75.12002,0.0,0.0
06-01-2024 22:00,Ujjani Dam_1,18.07402,75.12002,0.0,0.0
06-01-2024 23:00,Ujjani Dam_1,18.07402,75.12002,0.0,0.0
07-01-2024 01:00,Ujjani Dam_1,18.07402,75.12002,0.0,0.0
07-01-2024 02:00,Ujjani Dam_1,18.07402,75.12002,0.0,0.0
07-01-2024 03:00,Ujjani Dam_1,18.07402,75.12002,0.0,0.0
07-01-2024 04:00,Ujjani Dam_1,18.07402,75.12002,0.0,0.0
07-01-2024 05:00,Ujjani Dam_1,18.07402,75.12002,0.0,0.0
07-01-2024 08:00,Ujjani Dam_1,18.07402,75.12002,0.0,0.0
07-01-2024 09:00,Ujjani Dam_1,18.07402,75.12002,0.0,0.0
07-01-2024 10:00,Ujjani Dam_1,18.07402,75.12002,0.0,0.0
07-01-2024 11:00,Ujjani Dam_1,18.07402,75.12002,0.0,0.0
07-01-2024 12:00,Ujjani Dam_1,18.07402,75.12002,0.0,0.0
07-01-2024 13:00,Ujjani Dam_1,18.07402,75.12002,0.0,0.0
07-01-2024 17:00,Ujjani Dam_1,18.07402,75.12002,0.0,0.0
07-01-2024 18:00,Ujjani Dam_1,18.07402,75.12002,0.0,0.0
07-01-2024 19:00,Ujjani Dam_1,18.07402,75.12002,0.0,0.0
07-01-2024 20:00,Ujjani Dam_1,18.07402,75.12002,0.0,0.0
07-01-2024 21:00,Ujjani Dam_1,18.07402,75.12002,0.0,0.0
07-01-2024 22:00,Ujjani Dam_1,18.07402,75.12002,0.0,0.0
08-01-2024 00:00,Ujjani Dam_1,18.07402,75.12002,0.0,0.0
08-01-2024 01:00,Ujjani Dam_1,18.07402,75.12002,0.0,0.0
08-01-2024 02:00,Ujjani Dam_1,18.07402,75.12002,0.0,0.0
08-01-2024 03:00,Ujjani Dam_1,18.07402,75.12002,0.0,0.0
08-01-2024 04:00,Ujjani Dam_1,18.07402,75.12002,0.0,0.0
08-01-2024 05:00,Ujjani Dam_1,18.07402,75.12002,0.0,0.0
08-01-2024 06:00,Ujjani Dam_1,18.07402,75.12002,0.0,0.0
08-01-2024 08:00,Ujjani Dam_1,18.07402,75.12002,0.0,0.0
08-01-2024 09:00,Ujjani Dam_1,18.07402,75.12002,0.0,0.0
08-01-2024 10:00,Ujjani Dam_1,18.07402,75.12002,0.0,0.0
08-01-2024 11:00,Ujjani Dam_1,18.07402,75.12002,0.0,0.0
08-01-2024 12:00,Ujjani Dam_1,18.07402,75.12002,0.0,0.0
08-01-2024 13:00,Ujjani Dam_1,18.07402,75.12002,0.0,0.0
08-01-2024 14:00,Ujjani Dam_1,18.07402,75.12002,0.0,0.0
08-01-2024 16:00,Ujjani Dam_1,18.07402,75.12002,0.0,0.0
08-01-2024 17:00,Ujjani Dam_1,18.07402,75.12002,0.0,0.0
08-01-2024 18:00,Ujjani Dam_1,18.07402,75.12002,0.0,0.0
08-01-2024 19:00,Ujjani Dam_1,18.07402,75.12002,0.0,0.0
08-01-2024 20:00,Ujjani Dam_1,18.07402,75.12002,0.0,0.0
08-01-2024 21:00,Ujjani Dam_1,18.07402,75.12002,0.0,0.0
08-01-2024 22:00,Ujjani Dam_1,18.07402,75.12002,0.0,0.0
09-01-2024 00:00,Ujjani Dam_1,18.07402,75.12002,0.0,0.0
09-01-2024 01:00,Ujjani Dam_1,18.07402,75.12002,0.0,0.0
09-01-2024 02:00,Ujjani Dam_1,18.07402,75.12002,0.0,0.0
09-01-2024 03:00,Ujjani Dam_1,18.07402,75.12002,0.0,0.0
09-01-2024 04:00,Ujjani Dam_1,18.07402,75.12002,0.0,0.0
09-01-2024 05:00,Ujjani Dam_1,18.07402,75.12002,0.0,0.0
09-01-2024 06:00,Ujjani Dam_1,18.07402,75.12002,0.0,0.0
09-01-2024 08:00,Ujjani Dam_1,18.07402,75.12002,0.0,0.0
09-01-2024 09:00,Ujjani Dam_1,18.07402,75.12002,0.0,0.0
09-01-2024 10:00,Ujjani Dam_1,18.07402,75.12002,0.0,0.0
09-01-2024 11:00,Ujjani Dam_1,18.07402,75.12002,0.0,0.0
09-01-2024 12:00,Ujjani Dam_1,18.07402,75.12002,0.0,0.0
09-01-2024 13:00,Ujjani Dam_1,18.07402,75.12002,0.0,0.0
09-01-2024 14:00,Ujjani Dam_1,18.07402,75.12002,0.0,0.0
09-01-2024 16:00,Ujjani Dam_1,18.07402,75.12002,0.0,0.0
09-01-2024 17:00,Ujjani Dam_1,18.07402,75.12002,0.0,0.0
09-01-2024 18:00,Ujjani Dam_1,18.07402,75.12002,3404.2999999999997,96.39904085314559
09-01-2024 19:00,Ujjani Dam_1,18.07402,75.12002,3411.399999999999,96.60009046394877
09-01-2024 20:00,Ujjani Dam_1,18.07402,75.12002,3407.9,96.5009815008768
09-01-2024 21:00,Ujjani Dam_1,18.07402,75.12002,3411.399999999999,96.60009046394877
09-01-2024 22:00,Ujjani Dam_1,18.07402,75.12002,3407.9,96.5009815008768
10-01-2024 00:00,Ujjani Dam_1,18.07402,75.12002,3411.399999999999,96.60009046394877
10-01-2024 01:00,Ujjani Dam_1,18.07402,75.12002,3411.399999999999,96.60009046394877
10-01-2024 02:00,Ujjani Dam_1,18.07402,75.12002,3414.8999999999996,96.69919942702079
10-01-2024 03:00,Ujjani Dam_1,18.07402,75.12002,3414.8999999999996,96.69919942702079
10-01-2024 04:00,Ujjani Dam_1,18.07402,75.12002,3414.8999999999996,96.69919942702079
10-01-2024 05:00,Ujjani Dam_1,18.07402,75.12002,3418.4999999999995,96.80114007475198
10-01-2024 07:00,Ujjani Dam_1,18.07402,75.12002,3414.8999999999996,96.69919942702079
10-01-2024 08:00,Ujjani Dam_1,18.07402,75.12002,3414.8999999999996,96.69919942702079
10-01-2024 09:00,Ujjani Dam_1,18.07402,75.12002,3414.8999999999996,96.69919942702079
10-01-2024 10:00,Ujjani Dam_1,18.07402,75.12002,3414.8999999999996,96.69919942702079
10-01-2024 11:00,Ujjani Dam_1,18.07402,75.12002,3418.4999999999995,96.80114007475198
10-01-2024 12:00,Ujjani Dam_1,18.07402,75.12002,3418.4999999999995,96.80114007475198
10-01-2024 13:00,Ujjani Dam_1,18.07402,75.12002,3429.0999999999995,97.10129864862719
10-01-2024 15:00,Ujjani Dam_1,18.07402,75.12002,3425.500000000001,96.99935800089602
10-01-2024 16:00,Ujjani Dam_1,18.07402,75.12002,3429.0999999999995,97.10129864862719
10-01-2024 17:00,Ujjani Dam_1,18.07402,75.12002,3425.500000000001,96.99935800089602
10-01-2024 18:00,Ujjani Dam_1,18.07402,75.12002,3425.500000000001,96.99935800089602
10-01-2024 19:00,Ujjani Dam_1,18.07402,75.12002,3425.500000000001,96.99935800089602
10-01-2024 20:00,Ujjani Dam_1,18.07402,75.12002,3436.100000000001,97.29951657477123
10-01-2024 21:00,Ujjani Dam_1,18.07402,75.12002,3432.6000000000004,97.20040761169922
10-01-2024 23:00,Ujjani Dam_1,18.07402,75.12002,3436.100000000001,97.29951657477123
11-01-2024 00:00,Ujjani Dam_1,18.07402,75.12002,3436.100000000001,97.29951657477123
11-01-2024 01:00,Ujjani Dam_1,18.07402,75.12002,3432.6000000000004,97.20040761169922
11-01-2024 02:00,Ujjani Dam_1,18.07402,75.12002,3436.100000000001,97.29951657477123
11-01-2024 03:00,Ujjani Dam_1,18.07402,75.12002,3436.100000000001,97.29951657477123
11-01-2024 04:00,Ujjani Dam_1,18.07402,75.12002,3439.6,97.3986255378432
11-01-2024 05:00,Ujjani Dam_1,18.07402,75.12002,3450.2,97.6987841117184
11-01-2024 07:00,Ujjani Dam_1,18.07402,75.12002,3439.6,97.3986255378432
11-01-2024 08:00,Ujjani Dam_1,18.07402,75.12002,3427.620000000001,97.05938971567106
11-01-2024 09:00,Ujjani Dam_1,18.07402,75.12002,3427.620000000001,97.05938971567106
11-01-2024 10:00,Ujjani Dam_1,18.07402,75.12002,3434.7200000000003,97.26043932647426
11-01-2024 11:00,Ujjani Dam_1,18.07402,75.12002,2835.0999999999995,80.28109177297918
11-01-2024 12:00,Ujjani Dam_1,18.07402,75.12002,2835.0999999999995,80.28109177297918
11-01-2024 13:00,Ujjani Dam_1,18.07402,75.12002,2814.2499999999995,79.69068552153598
11-01-2024 15:00,Ujjani Dam_1,18.07402,75.12002,2814.2499999999995,79.69068552153598
11-01-2024 16:00,Ujjani Dam_1,18.07402,75.12002,2814.2499999999995,79.69068552153598
11-01-2024 17:00,Ujjani Dam_1,18.07402,75.12002,2835.0999999999995,80.28109177297918
11-01-2024 18:00,Ujjani Dam_1,18.07402,75.12002,2835.0999999999995,80.28109177297918
11-01-2024 19:00,Ujjani Dam_1,18.07402,75.12002,2852.71,80.77975144146433
11-01-2024 20:00,Ujjani Dam_1,18.07402,75.12002,2814.2499999999995,79.69068552153598
11-01-2024 21:00,Ujjani Dam_1,18.07402,75.12002,2835.0999999999995,80.28109177297918
11-01-2024 23:00,Ujjani Dam_1,18.07402,75.12002,2796.56,79.18976050532352
12-01-2024 00:00,Ujjani Dam_1,18.07402,75.12002,2754.51,77.99903710612993
12-01-2024 01:00,Ujjani Dam_1,18.07402,75.12002,2754.51,77.99903710612993
12-01-2024 02:00,Ujjani Dam_1,18.07402,75.12002,2754.51,77.99903710612993
12-01-2024 03:00,Ujjani Dam_1,18.07402,75.12002,2775.36,78.58944335757313
12-01-2024 04:00,Ujjani Dam_1,18.07402,75.12002,2754.51,77.99903710612993
12-01-2024 05:00,Ujjani Dam_1,18.07402,75.12002,2754.51,77.99903710612993
12-01-2024 07:00,Ujjani Dam_1,18.07402,75.12002,2736.91,77.50066060611071
12-01-2024 08:00,Ujjani Dam_1,18.07402,75.12002,2736.91,77.50066060611071
12-01-2024 09:00,Ujjani Dam_1,18.07402,75.12002,2694.86,76.30993720691713
12-01-2024 10:00,Ujjani Dam_1,18.07402,75.12002,2716.06,76.91025435466752
12-01-2024 11:00,Ujjani Dam_1,18.07402,75.12002,2674.0199999999995,75.71981412393983
12-01-2024 12:00,Ujjani Dam_1,18.07402,75.12002,2674.0199999999995,75.71981412393983
12-01-2024 13:00,Ujjani Dam_1,18.07402,75.12002,2653.1699999999996,75.12940787249663
12-01-2024 15:00,Ujjani Dam_1,18.07402,75.12002,2653.1699999999996,75.12940787249663
12-01-2024 16:00,Ujjani Dam_1,18.07402,75.12002,2653.1699999999996,75.12940787249663
12-01-2024 17:00,Ujjani Dam_1,18.07402,75.12002,2694.86,76.30993720691713
12-01-2024 18:00,Ujjani Dam_1,18.07402,75.12002,2674.0199999999995,75.71981412393983
12-01-2024 19:00,Ujjani Dam_1,18.07402,75.12002,2674.0199999999995,75.71981412393983
12-01-2024 20:00,Ujjani Dam_1,18.07402,75.12002,2674.0199999999995,75.71981412393983
12-01-2024 21:00,Ujjani Dam_1,18.07402,75.12002,2653.1699999999996,75.12940787249663
12-01-2024 23:00,Ujjani Dam_1,18.07402,75.12002,2631.97,74.52909072474624
13-01-2024 00:00,Ujjani Dam_1,18.07402,75.12002,2631.97,74.52909072474624
13-01-2024 01:00,Ujjani Dam_1,18.07402,75.12002,2590.0200000000004,73.34119901021185
13-01-2024 02:00,Ujjani Dam_1,18.07402,75.12002,2611.13,73.93896764176897
13-01-2024 03:00,Ujjani Dam_1,18.07402,75.12002,2611.13,73.93896764176897
13-01-2024 04:00,Ujjani Dam_1,18.07402,75.12002,2611.13,73.93896764176897
13-01-2024 06:00,Ujjani Dam_1,18.07402,75.12002,2590.0200000000004,73.34119901021185
13-01-2024 07:00,Ujjani Dam_1,18.07402,75.12002,2569.1700000000005,72.75079275876865
13-01-2024 08:00,Ujjani Dam_1,18.07402,75.12002,2051.4500000000003,58.09059494115841
13-01-2024 09:00,Ujjani Dam_1,18.07402,75.12002,2034.49,57.610341222958084
13-01-2024 10:00,Ujjani Dam_1,18.07402,75.12002,2017.54,57.13037067322368
13-01-2024 11:00,Ujjani Dam_1,18.07402,75.12002,1998.4800000000002,56.59065157718017
13-01-2024 12:00,Ujjani Dam_1,18.07402,75.12002,1998.4800000000002,56.59065157718017
13-01-2024 14:00,Ujjani Dam_1,18.07402,75.12002,2034.49,57.610341222958084
13-01-2024 15:00,Ujjani Dam_1,18.07402,75.12002,1998.4800000000002,56.59065157718017
13-01-2024 16:00,Ujjani Dam_1,18.07402,75.12002,2017.54,57.13037067322368
13-01-2024 17:00,Ujjani Dam_1,18.07402,75.12002,2017.54,57.13037067322368
13-01-2024 18:00,Ujjani Dam_1,18.07402,75.12002,2034.49,57.610341222958084
13-01-2024 19:00,Ujjani Dam_1,18.07402,75.12002,2512.3100000000004,71.14069686154754
13-01-2024 20:00,Ujjani Dam_1,18.07402,75.12002,2512.3100000000004,71.14069686154754
13-01-2024 22:00,Ujjani Dam_1,18.07402,75.12002,1494.1800000000003,42.31046584083457
13-01-2024 23:00,Ujjani Dam_1,18.07402,75.12002,1481.46,41.95027555218432
14-01-2024 00:00,Ujjani Dam_1,18.07402,75.12002,1481.46,41.95027555218432
14-01-2024 01:00,Ujjani Dam_1,18.07402,75.12002,1481.46,41.95027555218432
14-01-2024 02:00,Ujjani Dam_1,18.07402,75.12002,1481.46,41.95027555218432
14-01-2024 03:00,Ujjani Dam_1,18.07402,75.12002,1468.7400000000002,41.590085263534085
14-01-2024 04:00,Ujjani Dam_1,18.07402,75.12002,1454.27,41.18034049334784
14-01-2024 06:00,Ujjani Dam_1,18.07402,75.12002,1441.55,40.8201502046976
14-01-2024 07:00,Ujjani Dam_1,18.07402,75.12002,1454.27,41.18034049334784
14-01-2024 08:00,Ujjani Dam_1,18.07402,75.12002,1454.27,41.18034049334784
14-01-2024 09:00,Ujjani Dam_1,18.07402,75.12002,1441.55,40.8201502046976
14-01-2024 10:00,Ujjani Dam_1,18.07402,75.12002,1441.55,40.8201502046976
14-01-2024 11:00,Ujjani Dam_1,18.07402,75.12002,1412.5700000000002,39.999527990461445
14-01-2024 12:00,Ujjani Dam_1,18.07402,75.12002,1427.09,40.41068860297728
14-01-2024 14:00,Ujjani Dam_1,18.07402,75.12002,1399.8999999999999,39.6407535441408
14-01-2024 15:00,Ujjani Dam_1,18.07402,75.12002,1399.8999999999999,39.6407535441408
14-01-2024 16:00,Ujjani Dam_1,18.07402,75.12002,1399.8999999999999,39.6407535441408
14-01-2024 17:00,Ujjani Dam_1,18.07402,75.12002,1399.8999999999999,39.6407535441408
14-01-2024 18:00,Ujjani Dam_1,18.07402,75.12002,1399.8999999999999,39.6407535441408
14-01-2024 19:00,Ujjani Dam_1,18.07402,75.12002,1399.8999999999999,39.6407535441408
14-01-2024 20:00,Ujjani Dam_1,18.07402,75.12002,1399.8999999999999,39.6407535441408
14-01-2024 22:00,Ujjani Dam_1,18.07402,75.12002,1399.8999999999999,39.6407535441408
14-01-2024 23:00,Ujjani Dam_1,18.07402,75.12002,1399.8999999999999,39.6407535441408
15-01-2024 00:00,Ujjani Dam_1,18.07402,75.12002,1399.8999999999999,39.6407535441408
15-01-2024 01:00,Ujjani Dam_1,18.07402,75.12002,1385.38,39.229592931624964
15-01-2024 02:00,Ujjani Dam_1,18.07402,75.12002,1370.91,38.81984816143872
15-01-2024 03:00,Ujjani Dam_1,18.07402,75.12002,1341.62,37.990447724759036
15-01-2024 04:00,Ujjani Dam_1,18.07402,75.12002,1370.91,38.81984816143872
15-01-2024 06:00,Ujjani Dam_1,18.07402,75.12002,1356.4399999999998,38.41010339125248
15-01-2024 07:00,Ujjani Dam_1,18.07402,75.12002,1356.4399999999998,38.41010339125248
15-01-2024 08:00,Ujjani Dam_1,18.07402,75.12002,1327.15,37.58070295457281
15-01-2024 09:00,Ujjani Dam_1,18.07402,75.12002,1312.2800000000002,37.15963144574977
15-01-2024 10:00,Ujjani Dam_1,18.07402,75.12002,1327.15,37.58070295457281
15-01-2024 11:00,Ujjani Dam_1,18.07402,75.12002,1312.2800000000002,37.15963144574977
15-01-2024 12:00,Ujjani Dam_1,18.07402,75.12002,1312.2800000000002,37.15963144574977
15-01-2024 14:00,Ujjani Dam_1,18.07402,75.12002,1296.0599999999997,36.70033219402751
15-01-2024 15:00,Ujjani Dam_1,18.07402,75.12002,1296.0599999999997,36.70033219402751
15-01-2024 16:00,Ujjani Dam_1,18.07402,75.12002,1281.2400000000002,36.28067652753409
15-01-2024 17:00,Ujjani Dam_1,18.07402,75.12002,1266.3700000000001,35.859605018711044
15-01-2024 18:00,Ujjani Dam_1,18.07402,75.12002,1281.2400000000002,36.28067652753409
15-01-2024 19:00,Ujjani Dam_1,18.07402,75.12002,1281.2400000000002,36.28067652753409
15-01-2024 20:00,Ujjani Dam_1,18.07402,75.12002,1281.2400000000002,36.28067652753409
15-01-2024 23:00,Ujjani Dam_1,18.07402,75.12002,1266.3700000000001,35.859605018711044
16-01-2024 00:00,Ujjani Dam_1,18.07402,75.12002,1250.1499999999999,35.400305766988794
16-01-2024 01:00,Ujjani Dam_1,18.07402,75.12002,1235.3200000000002,34.98036693202945
16-01-2024 02:00,Ujjani Dam_1,18.07402,75.12002,1250.1499999999999,35.400305766988794
16-01-2024 03:00,Ujjani Dam_1,18.07402,75.12002,1235.3200000000002,34.98036693202945
16-01-2024 05:00,Ujjani Dam_1,18.07402,75.12002,1235.3200000000002,34.98036693202945
16-01-2024 06:00,Ujjani Dam_1,18.07402,75.12002,1232.47,34.89966391924224
16-01-2024 07:00,Ujjani Dam_1,18.07402,75.12002,2278.52,64.52050129680384
16-01-2024 08:00,Ujjani Dam_1,18.07402,75.12002,2278.52,64.52050129680384
16-01-2024 09:00,Ujjani Dam_1,18.07402,75.12002,2278.52,64.52050129680384
16-01-2024 10:00,Ujjani Dam_1,18.07402,75.12002,1239.19,35.08995312834048
16-01-2024 14:00,Ujjani Dam_1,18.07402,75.12002,1220.82,34.56977265644544
16-01-2024 15:00,Ujjani Dam_1,18.07402,75.12002,1202.8,34.0595030808576
16-01-2024 16:00,Ujjani Dam_1,18.07402,75.12002,1220.82,34.56977265644544
16-01-2024 17:00,Ujjani Dam_1,18.07402,75.12002,1202.8,34.0595030808576
16-01-2024 18:00,Ujjani Dam_1,18.07402,75.12002,1202.8,34.0595030808576
16-01-2024 19:00,Ujjani Dam_1,18.07402,75.12002,1202.8,34.0595030808576
16-01-2024 21:00,Ujjani Dam_1,18.07402,75.12002,1184.1200000000001,33.53054438651905
16-01-2024 22:00,Ujjani Dam_1,18.07402,75.12002,1184.1200000000001,33.53054438651905
17-01-2024 03:00,Ujjani Dam_1,18.07402,75.12002,1145.98,32.45053985750016
17-01-2024 04:00,Ujjani Dam_1,18.07402,75.12002,1126.16,31.889299958046724
17-01-2024 05:00,Ujjani Dam_1,18.07402,75.12002,1126.16,31.889299958046724
17-01-2024 06:00,Ujjani Dam_1,18.07402,75.12002,411.06,11.639922960107521
17-01-2024 07:00,Ujjani Dam_1,18.07402,75.12002,1135.37,32.15009811515904
17-01-2024 08:00,Ujjani Dam_1,18.07402,75.12002,1156.2,32.739938029670405
17-01-2024 09:00,Ujjani Dam_1,18.07402,75.12002,1135.37,32.15009811515904
17-01-2024 10:00,Ujjani Dam_1,18.07402,75.12002,437.19,12.37984216155648
17-01-2024 11:00,Ujjani Dam_1,18.07402,75.12002,164.21,4.64990937887232
17-01-2024 12:00,Ujjani Dam_1,18.07402,75.12002,0.0,0.0
17-01-2024 13:00,Ujjani Dam_1,18.07402,75.12002,0.0,0.0
17-01-2024 15:00,Ujjani Dam_1,18.07402,75.12002,0.0,0.0
17-01-2024 16:00,Ujjani Dam_1,18.07402,75.12002,0.0,0.0
17-01-2024 19:00,Ujjani Dam_1,18.07402,75.12002,0.0,0.0
17-01-2024 20:00,Ujjani Dam_1,18.07402,75.12002,0.0,0.0
17-01-2024 21:00,Ujjani Dam_1,18.07402,75.12002,0.0,0.0
17-01-2024 22:00,Ujjani Dam_1,18.07402,75.12002,0.0,0.0
17-01-2024 23:00,Ujjani Dam_1,18.07402,75.12002,0.0,0.0
18-01-2024 00:00,Ujjani Dam_1,18.07402,75.12002,0.0,0.0
18-01-2024 01:00,Ujjani Dam_1,18.07402,75.12002,0.0,0.0
18-01-2024 02:00,Ujjani Dam_1,18.07402,75.12002,0.0,0.0
18-01-2024 03:00,Ujjani Dam_1,18.07402,75.12002,0.0,0.0
18-01-2024 04:00,Ujjani Dam_1,18.07402,75.12002,0.0,0.0
18-01-2024 06:00,Ujjani Dam_1,18.07402,75.12002,0.0,0.0
18-01-2024 07:00,Ujjani Dam_1,18.07402,75.12002,0.0,0.0
18-01-2024 08:00,Ujjani Dam_1,18.07402,75.12002,0.0,0.0
18-01-2024 09:00,Ujjani Dam_1,18.07402,75.12002,0.0,0.0
18-01-2024 11:00,Ujjani Dam_1,18.07402,75.12002,0.0,0.0
18-01-2024 12:00,Ujjani Dam_1,18.07402,75.12002,0.0,0.0
18-01-2024 14:00,Ujjani Dam_1,18.07402,75.12002,0.0,0.0
18-01-2024 15:00,Ujjani Dam_1,18.07402,75.12002,0.0,0.0
18-01-2024 16:00,Ujjani Dam_1,18.07402,75.12002,0.0,0.0
18-01-2024 17:00,Ujjani Dam_1,18.07402,75.12002,0.0,0.0
18-01-2024 18:00,Ujjani Dam_1,18.07402,75.12002,0.0,0.0
18-01-2024 19:00,Ujjani Dam_1,18.07402,75.12002,0.0,0.0
18-01-2024 20:00,Ujjani Dam_1,18.07402,75.12002,0.0,0.0
18-01-2024 22:00,Ujjani Dam_1,18.07402,75.12002,0.0,0.0
18-01-2024 23:00,Ujjani Dam_1,18.07402,75.12002,0.0,0.0
19-01-2024 00:00,Ujjani Dam_1,18.07402,75.12002,0.0,0.0
19-01-2024 01:00,Ujjani Dam_1,18.07402,75.12002,0.0,0.0
19-01-2024 02:00,Ujjani Dam_1,18.07402,75.12002,0.0,0.0
19-01-2024 03:00,Ujjani Dam_1,18.07402,75.12002,0.0,0.0
19-01-2024 04:00,Ujjani Dam_1,18.07402,75.12002,0.0,0.0
19-01-2024 06:00,Ujjani Dam_1,18.07402,75.12002,0.0,0.0
19-01-2024 07:00,Ujjani Dam_1,18.07402,75.12002,0.0,0.0
19-01-2024 08:00,Ujjani Dam_1,18.07402,75.12002,0.0,0.0
19-01-2024 09:00,Ujjani Dam_1,18.07402,75.12002,0.0,0.0
19-01-2024 10:00,Ujjani Dam_1,18.07402,75.12002,0.0,0.0
19-01-2024 11:00,Ujjani Dam_1,18.07402,75.12002,0.0,0.0
19-01-2024 12:00,Ujjani Dam_1,18.07402,75.12002,0.0,0.0
19-01-2024 14:00,Ujjani Dam_1,18.07402,75.12002,0.0,0.0
19-01-2024 15:00,Ujjani Dam_1,18.07402,75.12002,0.0,0.0
19-01-2024 16:00,Ujjani Dam_1,18.07402,75.12002,0.0,0.0
19-01-2024 17:00,Ujjani Dam_1,18.07402,75.12002,0.0,0.0
19-01-2024 18:00,Ujjani Dam_1,18.07402,75.12002,0.0,0.0
19-01-2024 19:00,Ujjani Dam_1,18.07402,75.12002,0.0,0.0
19-01-2024 20:00,Ujjani Dam_1,18.07402,75.12002,0.0,0.0
19-01-2024 22:00,Ujjani Dam_1,18.07402,75.12002,0.0,0.0
19-01-2024 23:00,Ujjani Dam_1,18.07402,75.12002,0.0,0.0
20-01-2024 00:00,Ujjani Dam_1,18.07402,75.12002,0.0,0.0
20-01-2024 01:00,Ujjani Dam_1,18.07402,75.12002,0.0,0.0
20-01-2024 02:00,Ujjani Dam_1,18.07402,75.12002,0.0,0.0
20-01-2024 03:00,Ujjani Dam_1,18.07402,75.12002,0.0,0.0
20-01-2024 04:00,Ujjani Dam_1,18.07402,75.12002,0.0,0.0
20-01-2024 06:00,Ujjani Dam_1,18.07402,75.12002,0.0,0.0
20-01-2024 07:00,Ujjani Dam_1,18.07402,75.12002,0.0,0.0
20-01-2024 08:00,Ujjani Dam_1,18.07402,75.12002,0.0,0.0
20-01-2024 09:00,Ujjani Dam_1,18.07402,75.12002,0.0,0.0
20-01-2024 10:00,Ujjani Dam_1,18.07402,75.12002,0.0,0.0
20-01-2024 11:00,Ujjani Dam_1,18.07402,75.12002,0.0,0.0
20-01-2024 12:00,Ujjani Dam_1,18.07402,75.12002,0.0,0.0
20-01-2024 14:00,Ujjani Dam_1,18.07402,75.12002,0.0,0.0
20-01-2024 15:00,Ujjani Dam_1,18.07402,75.12002,0.0,0.0
20-01-2024 16:00,Ujjani Dam_1,18.07402,75.12002,0.0,0.0
20-01-2024 18:00,Ujjani Dam_1,18.07402,75.12002,0.0,0.0
20-01-2024 19:00,Ujjani Dam_1,18.07402,75.12002,0.0,0.0
20-01-2024 21:00,Ujjani Dam_1,18.07402,75.12002,0.0,0.0
20-01-2024 22:00,Ujjani Dam_1,18.07402,75.12002,0.0,0.0
20-01-2024 23:00,Ujjani Dam_1,18.07402,75.12002,0.0,0.0
21-01-2024 00:00,Ujjani Dam_1,18.07402,75.12002,0.0,0.0
21-01-2024 01:00,Ujjani Dam_1,18.07402,75.12002,0.0,0.0
21-01-2024 02:00,Ujjani Dam_1,18.07402,75.12002,0.0,0.0
21-01-2024 03:00,Ujjani Dam_1,18.07402,75.12002,0.0,0.0
21-01-2024 05:00,Ujjani Dam_1,18.07402,75.12002,0.0,0.0
21-01-2024 06:00,Ujjani Dam_1,18.07402,75.12002,0.0,0.0
21-01-2024 07:00,Ujjani Dam_1,18.07402,75.12002,0.0,0.0
21-01-2024 08:00,Ujjani Dam_1,18.07402,75.12002,0.0,0.0
21-01-2024 09:00,Ujjani Dam_1,18.07402,75.12002,0.0,0.0
21-01-2024 10:00,Ujjani Dam_1,18.07402,75.12002,0.0,0.0
21-01-2024 11:00,Ujjani Dam_1,18.07402,75.12002,0.0,0.0
21-01-2024 13:00,Ujjani Dam_1,18.07402,75.12002,0.0,0.0
21-01-2024 14:00,Ujjani Dam_1,18.07402,75.12002,0.0,0.0
21-01-2024 16:00,Ujjani Dam_1,18.07402,75.12002,0.0,0.0
21-01-2024 17:00,Ujjani Dam_1,18.07402,75.12002,0.0,0.0
21-01-2024 18:00,Ujjani Dam_1,18.07402,75.12002,0.0,0.0
21-01-2024 19:00,Ujjani Dam_1,18.07402,75.12002,0.0,0.0
21-01-2024 21:00,Ujjani Dam_1,18.07402,75.12002,0.0,0.0
21-01-2024 22:00,Ujjani Dam_1,18.07402,75.12002,0.0,0.0
21-01-2024 23:00,Ujjani Dam_1,18.07402,75.12002,0.0,0.0
22-01-2024 00:00,Ujjani Dam_1,18.07402,75.12002,0.0,0.0
22-01-2024 01:00,Ujjani Dam_1,18.07402,75.12002,0.0,0.0
22-01-2024 02:00,Ujjani Dam_1,18.07402,75.12002,0.0,0.0
22-01-2024 03:00,Ujjani Dam_1,18.07402,75.12002,0.0,0.0
22-01-2024 05:00,Ujjani Dam_1,18.07402,75.12002,0.0,0.0
22-01-2024 06:00,Ujjani Dam_1,18.07402,75.12002,0.0,0.0
22-01-2024 07:00,Ujjani Dam_1,18.07402,75.12002,0.0,0.0
22-01-2024 08:00,Ujjani Dam_1,18.07402,75.12002,0.0,0.0
22-01-2024 10:00,Ujjani Dam_1,18.07402,75.12002,0.0,0.0
22-01-2024 11:00,Ujjani Dam_1,18.07402,75.12002,0.0,0.0
22-01-2024 13:00,Ujjani Dam_1,18.07402,75.12002,0.0,0.0
22-01-2024 14:00,Ujjani Dam_1,18.07402,75.12002,0.0,0.0
22-01-2024 16:00,Ujjani Dam_1,18.07402,75.12002,0.0,0.0
22-01-2024 17:00,Ujjani Dam_1,18.07402,75.12002,0.0,0.0
22-01-2024 19:00,Ujjani Dam_1,18.07402,75.12002,0.0,0.0
22-01-2024 20:00,Ujjani Dam_1,18.07402,75.12002,0.0,0.0
22-01-2024 21:00,Ujjani Dam_1,18.07402,75.12002,0.0,0.0
22-01-2024 23:00,Ujjani Dam_1,18.07402,75.12002,0.0,0.0
23-01-2024 00:00,Ujjani Dam_1,18.07402,75.12002,0.0,0.0
23-01-2024 02:00,Ujjani Dam_1,18.07402,75.12002,0.0,0.0
23-01-2024 03:00,Ujjani Dam_1,18.07402,75.12002,0.0,0.0
23-01-2024 05:00,Ujjani Dam_1,18.07402,75.12002,0.0,0.0
23-01-2024 06:00,Ujjani Dam_1,18.07402,75.12002,0.0,0.0
23-01-2024 08:00,Ujjani Dam_1,18.07402,75.12002,0.0,0.0
23-01-2024 09:00,Ujjani Dam_1,18.07402,75.12002,0.0,0.0
23-01-2024 11:00,Ujjani Dam_1,18.07402,75.12002,0.0,0.0
23-01-2024 12:00,Ujjani Dam_1,18.07402,75.12002,0.0,0.0
23-01-2024 14:00,Ujjani Dam_1,18.07402,75.12002,0.0,0.0
23-01-2024 15:00,Ujjani Dam_1,18.07402,75.12002,0.0,0.0
23-01-2024 17:00,Ujjani Dam_1,18.07402,75.12002,0.0,0.0
23-01-2024 18:00,Ujjani Dam_1,18.07402,75.12002,0.0,0.0
23-01-2024 20:00,Ujjani Dam_1,18.07402,75.12002,0.0,0.0
23-01-2024 21:00,Ujjani Dam_1,18.07402,75.12002,0.0,0.0
23-01-2024 22:00,Ujjani Dam_1,18.07402,75.12002,0.0,0.0
24-01-2024 00:00,Ujjani Dam_1,18.07402,75.12002,0.0,0.0
24-01-2024 01:00,Ujjani Dam_1,18.07402,75.12002,0.0,0.0
24-01-2024 03:00,Ujjani Dam_1,18.07402,75.12002,0.0,0.0
24-01-2024 04:00,Ujjani Dam_1,18.07402,75.12002,0.0,0.0
24-01-2024 06:00,Ujjani Dam_1,18.07402,75.12002,0.0,0.0
24-01-2024 07:00,Ujjani Dam_1,18.07402,75.12002,0.0,0.0
24-01-2024 09:00,Ujjani Dam_1,18.07402,75.12002,0.0,0.0
24-01-2024 10:00,Ujjani Dam_1,18.07402,75.12002,0.0,0.0
24-01-2024 12:00,Ujjani Dam_1,18.07402,75.12002,0.0,0.0
24-01-2024 13:00,Ujjani Dam_1,18.07402,75.12002,0.0,0.0
24-01-2024 15:00,Ujjani Dam_1,18.07402,75.12002,0.0,0.0
24-01-2024 16:00,Ujjani Dam_1,18.07402,75.12002,0.0,0.0
25-01-2024 00:00,Ujjani Dam_1,18.07402,75.12002,0.0,0.0
25-01-2024 01:00,Ujjani Dam_1,18.07402,75.12002,0.0,0.0
25-01-2024 02:00,Ujjani Dam_1,18.07402,75.12002,0.0,0.0
25-01-2024 04:00,Ujjani Dam_1,18.07402,75.12002,0.0,0.0
25-01-2024 05:00,Ujjani Dam_1,18.07402,75.12002,0.0,0.0
25-01-2024 07:00,Ujjani Dam_1,18.07402,75.12002,0.0,0.0
25-01-2024 08:00,Ujjani Dam_1,18.07402,75.12002,0.0,0.0
25-01-2024 10:00,Ujjani Dam_1,18.07402,75.12002,0.0,0.0
25-01-2024 11:00,Ujjani Dam_1,18.07402,75.12002,0.0,0.0
25-01-2024 13:00,Ujjani Dam_1,18.07402,75.12002,0.0,0.0
25-01-2024 14:00,Ujjani Dam_1,18.07402,75.12002,0.0,0.0
25-01-2024 16:00,Ujjani Dam_1,18.07402,75.12002,0.0,0.0
25-01-2024 17:00,Ujjani Dam_1,18.07402,75.12002,0.0,0.0
25-01-2024 19:00,Ujjani Dam_1,18.07402,75.12002,0.0,0.0
25-01-2024 20:00,Ujjani Dam_1,18.07402,75.12002,0.0,0.0
25-01-2024 22:00,Ujjani Dam_1,18.07402,75.12002,0.0,0.0
25-01-2024 23:00,Ujjani Dam_1,18.07402,75.12002,0.0,0.0
26-01-2024 01:00,Ujjani Dam_1,18.07402,75.12002,0.0,0.0
26-01-2024 02:00,Ujjani Dam_1,18.07402,75.12002,0.0,0.0
26-01-2024 04:00,Ujjani Dam_1,18.07402,75.12002,0.0,0.0
26-01-2024 05:00,Ujjani Dam_1,18.07402,75.12002,0.0,0.0
26-01-2024 06:00,Ujjani Dam_1,18.07402,75.12002,0.0,0.0
26-01-2024 08:00,Ujjani Dam_1,18.07402,75.12002,0.0,0.0
26-01-2024 09:00,Ujjani Dam_1,18.07402,75.12002,0.0,0.0
26-01-2024 11:00,Ujjani Dam_1,18.07402,75.12002,0.0,0.0
26-01-2024 12:00,Ujjani Dam_1,18.07402,75.12002,0.0,0.0
26-01-2024 14:00,Ujjani Dam_1,18.07402,75.12002,0.0,0.0
26-01-2024 15:00,Ujjani Dam_1,18.07402,75.12002,0.0,0.0
26-01-2024 17:00,Ujjani Dam_1,18.07402,75.12002,0.0,0.0
26-01-2024 18:00,Ujjani Dam_1,18.07402,75.12002,0.0,0.0
26-01-2024 20:00,Ujjani Dam_1,18.07402,75.12002,0.0,0.0
26-01-2024 21:00,Ujjani Dam_1,18.07402,75.12002,0.0,0.0
26-01-2024 23:00,Ujjani Dam_1,18.07402,75.12002,0.0,0.0
27-01-2024 00:00,Ujjani Dam_1,18.07402,75.12002,0.0,0.0
27-01-2024 02:00,Ujjani Dam_1,18.07402,75.12002,0.0,0.0
27-01-2024 03:00,Ujjani Dam_1,18.07402,75.12002,0.0,0.0
27-01-2024 05:00,Ujjani Dam_1,18.07402,75.12002,0.0,0.0
27-01-2024 06:00,Ujjani Dam_1,18.07402,75.12002,0.0,0.0
27-01-2024 08:00,Ujjani Dam_1,18.07402,75.12002,0.0,0.0
27-01-2024 09:00,Ujjani Dam_1,18.07402,75.12002,0.0,0.0
27-01-2024 10:00,Ujjani Dam_1,18.07402,75.12002,0.0,0.0
27-01-2024 12:00,Ujjani Dam_1,18.07402,75.12002,0.0,0.0
27-01-2024 13:00,Ujjani Dam_1,18.07402,75.12002,0.0,0.0
27-01-2024 15:00,Ujjani Dam_1,18.07402,75.12002,0.0,0.0
27-01-2024 16:00,Ujjani Dam_1,18.07402,75.12002,0.0,0.0
27-01-2024 18:00,Ujjani Dam_1,18.07402,75.12002,0.0,0.0
27-01-2024 19:00,Ujjani Dam_1,18.07402,75.12002,0.0,0.0
27-01-2024 21:00,Ujjani Dam_1,18.07402,75.12002,0.0,0.0
27-01-2024 22:00,Ujjani Dam_1,18.07402,75.12002,0.0,0.0
28-01-2024 00:00,Ujjani Dam_1,18.07402,75.12002,0.0,0.0
28-01-2024 01:00,Ujjani Dam_1,18.07402,75.12002,0.0,0.0
28-01-2024 03:00,Ujjani Dam_1,18.07402,75.12002,0.0,0.0
28-01-2024 04:00,Ujjani Dam_1,18.07402,75.12002,0.0,0.0
28-01-2024 06:00,Ujjani Dam_1,18.07402,75.12002,0.0,0.0
28-01-2024 07:00,Ujjani Dam_1,18.07402,75.12002,0.0,0.0
28-01-2024 10:00,Ujjani Dam_1,18.07402,75.12002,0.0,0.0
28-01-2024 12:00,Ujjani Dam_1,18.07402,75.12002,0.0,0.0
28-01-2024 13:00,Ujjani Dam_1,18.07402,75.12002,0.0,0.0
28-01-2024 14:00,Ujjani Dam_1,18.07402,75.12002,0.0,0.0
28-01-2024 16:00,Ujjani Dam_1,18.07402,75.12002,0.0,0.0
28-01-2024 17:00,Ujjani Dam_1,18.07402,75.12002,0.0,0.0
28-01-2024 19:00,Ujjani Dam_1,18.07402,75.12002,0.0,0.0
28-01-2024 20:00,Ujjani Dam_1,18.07402,75.12002,0.0,0.0
28-01-2024 22:00,Ujjani Dam_1,18.07402,75.12002,0.0,0.0
28-01-2024 23:00,Ujjani Dam_1,18.07402,75.12002,0.0,0.0
29-01-2024 01:00,Ujjani Dam_1,18.07402,75.12002,0.0,0.0
29-01-2024 02:00,Ujjani Dam_1,18.07402,75.12002,0.0,0.0
29-01-2024 04:00,Ujjani Dam_1,18.07402,75.12002,0.0,0.0
29-01-2024 05:00,Ujjani Dam_1,18.07402,75.12002,0.0,0.0
29-01-2024 07:00,Ujjani Dam_1,18.07402,75.12002,0.0,0.0
29-01-2024 08:00,Ujjani Dam_1,18.07402,75.12002,0.0,0.0
29-01-2024 10:00,Ujjani Dam_1,18.07402,75.12002,0.0,0.0
29-01-2024 11:00,Ujjani Dam_1,18.07402,75.12002,0.0,0.0
29-01-2024 13:00,Ujjani Dam_1,18.07402,75.12002,0.0,0.0
29-01-2024 14:00,Ujjani Dam_1,18.07402,75.12002,0.0,0.0
29-01-2024 16:00,Ujjani Dam_1,18.07402,75.12002,0.0,0.0
29-01-2024 17:00,Ujjani Dam_1,18.07402,75.12002,0.0,0.0
29-01-2024 18:00,Ujjani Dam_1,18.07402,75.12002,0.0,0.0
29-01-2024 20:00,Ujjani Dam_1,18.07402,75.12002,0.0,0.0
29-01-2024 21:00,Ujjani Dam_1,18.07402,75.12002,0.0,0.0
29-01-2024 23:00,Ujjani Dam_1,18.07402,75.12002,0.0,0.0
30-01-2024 00:00,Ujjani Dam_1,18.07402,75.12002,0.0,0.0
30-01-2024 02:00,Ujjani Dam_1,18.07402,75.12002,0.0,0.0
30-01-2024 03:00,Ujjani Dam_1,18.07402,75.12002,0.0,0.0
30-01-2024 05:00,Ujjani Dam_1,18.07402,75.12002,0.0,0.0
30-01-2024 06:00,Ujjani Dam_1,18.07402,75.12002,0.0,0.0
30-01-2024 08:00,Ujjani Dam_1,18.07402,75.12002,0.0,0.0
30-01-2024 09:00,Ujjani Dam_1,18.07402,75.12002,0.0,0.0
30-01-2024 11:00,Ujjani Dam_1,18.07402,75.12002,0.0,0.0
30-01-2024 12:00,Ujjani Dam_1,18.07402,75.12002,0.0,0.0
30-01-2024 14:00,Ujjani Dam_1,18.07402,75.12002,0.0,0.0
30-01-2024 15:00,Ujjani Dam_1,18.07402,75.12002,0.0,0.0
30-01-2024 17:00,Ujjani Dam_1,18.07402,75.12002,0.0,0.0
30-01-2024 18:00,Ujjani Dam_1,18.07402,75.12002,0.0,0.0
30-01-2024 19:00,Ujjani Dam_1,18.07402,75.12002,0.0,0.0
30-01-2024 21:00,Ujjani Dam_1,18.07402,75.12002,0.0,0.0
30-01-2024 22:00,Ujjani Dam_1,18.07402,75.12002,0.0,0.0
31-01-2024 00:00,Ujjani Dam_1,18.07402,75.12002,0.0,0.0
31-01-2024 01:00,Ujjani Dam_1,18.07402,75.12002,0.0,0.0
31-01-2024 03:00,Ujjani Dam_1,18.07402,75.12002,0.0,0.0
31-01-2024 04:00,Ujjani Dam_1,18.07402,75.12002,0.0,0.0
31-01-2024 06:00,Ujjani Dam_1,18.07402,75.12002,0.0,0.0
31-01-2024 07:00,Ujjani Dam_1,18.07402,75.12002,0.0,0.0
31-01-2024 09:00,Ujjani Dam_1,18.07402,75.12002,0.0,0.0
31-01-2024 10:00,Ujjani Dam_1,18.07402,75.12002,0.0,0.0
31-01-2024 13:00,Ujjani Dam_1,18.07402,75.12002,0.0,0.0
31-01-2024 15:00,Ujjani Dam_1,18.07402,75.12002,0.0,0.0
31-01-2024 16:00,Ujjani Dam_1,18.07402,75.12002,0.0,0.0
31-01-2024 18:00,Ujjani Dam_1,18.07402,75.12002,0.0,0.0
31-01-2024 19:00,Ujjani Dam_1,18.07402,75.12002,0.0,0.0
31-01-2024 21:00,Ujjani Dam_1,18.07402,75.12002,0.0,0.0
31-01-2024 22:00,Ujjani Dam_1,18.07402,75.12002,0.0,0.0
31-01-2024 23:00,Ujjani Dam_1,18.07402,75.12002,0.0,0.0
01-02-2024 01:00,Ujjani Dam_1,18.07402,75.12002,0.0,0.0
01-02-2024 02:00,Ujjani Dam_1,18.07402,75.12002,0.0,0.0
01-02-2024 04:00,Ujjani Dam_1,18.07402,75.12002,0.0,0.0
01-02-2024 05:00,Ujjani Dam_1,18.07402,75.12002,0.0,0.0
01-02-2024 07:00,Ujjani Dam_1,18.07402,75.12002,0.0,0.0
01-02-2024 08:00,Ujjani Dam_1,18.07402,75.12002,0.0,0.0
01-02-2024 10:00,Ujjani Dam_1,18.07402,75.12002,0.0,0.0
01-02-2024 11:00,Ujjani Dam_1,18.07402,75.12002,0.0,0.0
01-02-2024 13:00,Ujjani Dam_1,18.07402,75.12002,0.0,0.0
01-02-2024 14:00,Ujjani Dam_1,18.07402,75.12002,0.0,0.0
01-02-2024 16:00,Ujjani Dam_1,18.07402,75.12002,0.0,0.0
02-02-2024 15:00,Ujjani Dam_1,18.07402,75.12002,21454.74,607.5305812512462
02-02-2024 16:00,Ujjani Dam_1,18.07402,75.12002,25919.56,733.9602042521395
02-02-2024 17:00,Ujjani Dam_1,18.07402,75.12002,0.0,0.0
02-02-2024 19:00,Ujjani Dam_1,18.07402,75.12002,0.0,0.0
02-02-2024 20:00,Ujjani Dam_1,18.07402,75.12002,0.0,0.0
02-02-2024 22:00,Ujjani Dam_1,18.07402,75.12002,0.0,0.0
03-02-2024 08:00,Ujjani Dam_1,18.07402,75.12002,0.0,0.0
03-02-2024 13:00,Ujjani Dam_1,18.07402,75.12002,0.0,0.0
04-02-2024 00:00,Ujjani Dam_1,18.07402,75.12002,0.0,0.0
04-02-2024 01:00,Ujjani Dam_1,18.07402,75.12002,0.0,0.0
04-02-2024 02:00,Ujjani Dam_1,18.07402,75.12002,0.0,0.0
04-02-2024 06:00,Ujjani Dam_1,18.07402,75.12002,0.0,0.0
04-02-2024 07:00,Ujjani Dam_1,18.07402,75.12002,0.0,0.0
04-02-2024 08:00,Ujjani Dam_1,18.07402,75.12002,0.0,0.0
04-02-2024 09:00,Ujjani Dam_1,18.07402,75.12002,0.0,0.0
04-02-2024 11:00,Ujjani Dam_1,18.07402,75.12002,0.0,0.0
04-02-2024 12:00,Ujjani Dam_1,18.07402,75.12002,0.0,0.0
04-02-2024 14:00,Ujjani Dam_1,18.07402,75.12002,0.0,0.0
04-02-2024 15:00,Ujjani Dam_1,18.07402,75.12002,0.0,0.0
04-02-2024 17:00,Ujjani Dam_1,18.07402,75.12002,0.0,0.0
04-02-2024 18:00,Ujjani Dam_1,18.07402,75.12002,0.0,0.0
04-02-2024 20:00,Ujjani Dam_1,18.07402,75.12002,0.0,0.0
04-02-2024 21:00,Ujjani Dam_1,18.07402,75.12002,0.0,0.0
04-02-2024 22:00,Ujjani Dam_1,18.07402,75.12002,0.0,0.0
05-02-2024 00:00,Ujjani Dam_1,18.07402,75.12002,0.0,0.0
05-02-2024 01:00,Ujjani Dam_1,18.07402,75.12002,0.0,0.0
05-02-2024 03:00,Ujjani Dam_1,18.07402,75.12002,0.0,0.0
05-02-2024 04:00,Ujjani Dam_1,18.07402,75.12002,0.0,0.0
05-02-2024 06:00,Ujjani Dam_1,18.07402,75.12002,0.0,0.0
05-02-2024 07:00,Ujjani Dam_1,18.07402,75.12002,0.0,0.0
05-02-2024 09:00,Ujjani Dam_1,18.07402,75.12002,0.0,0.0
05-02-2024 10:00,Ujjani Dam_1,18.07402,75.12002,0.0,0.0
05-02-2024 15:00,Ujjani Dam_1,18.07402,75.12002,0.0,0.0
05-02-2024 16:00,Ujjani Dam_1,18.07402,75.12002,0.0,0.0
05-02-2024 18:00,Ujjani Dam_1,18.07402,75.12002,0.0,0.0
05-02-2024 19:00,Ujjani Dam_1,18.07402,75.12002,0.0,0.0
05-02-2024 21:00,Ujjani Dam_1,18.07402,75.12002,0.0,0.0
05-02-2024 22:00,Ujjani Dam_1,18.07402,75.12002,0.0,0.0
05-02-2024 23:00,Ujjani Dam_1,18.07402,75.12002,0.0,0.0
06-02-2024 01:00,Ujjani Dam_1,18.07402,75.12002,0.0,0.0
06-02-2024 02:00,Ujjani Dam_1,18.07402,75.12002,0.0,0.0
06-02-2024 04:00,Ujjani Dam_1,18.07402,75.12002,0.0,0.0
06-02-2024 05:00,Ujjani Dam_1,18.07402,75.12002,0.0,0.0
06-02-2024 07:00,Ujjani Dam_1,18.07402,75.12002,0.0,0.0
06-02-2024 08:00,Ujjani Dam_1,18.07402,75.12002,0.0,0.0
06-02-2024 10:00,Ujjani Dam_1,18.07402,75.12002,0.0,0.0
06-02-2024 11:00,Ujjani Dam_1,18.07402,75.12002,0.0,0.0
06-02-2024 13:00,Ujjani Dam_1,18.07402,75.12002,0.0,0.0
06-02-2024 14:00,Ujjani Dam_1,18.07402,75.12002,0.0,0.0
06-02-2024 16:00,Ujjani Dam_1,18.07402,75.12002,0.0,0.0
06-02-2024 17:00,Ujjani Dam_1,18.07402,75.12002,0.0,0.0
06-02-2024 19:00,Ujjani Dam_1,18.07402,75.12002,0.0,0.0
06-02-2024 20:00,Ujjani Dam_1,18.07402,75.12002,0.0,0.0
06-02-2024 22:00,Ujjani Dam_1,18.07402,75.12002,0.0,0.0
06-02-2024 23:00,Ujjani Dam_1,18.07402,75.12002,0.0,0.0
07-02-2024 01:00,Ujjani Dam_1,18.07402,75.12002,0.0,0.0
07-02-2024 02:00,Ujjani Dam_1,18.07402,75.12002,0.0,0.0
07-02-2024 03:00,Ujjani Dam_1,18.07402,75.12002,0.0,0.0
07-02-2024 05:00,Ujjani Dam_1,18.07402,75.12002,0.0,0.0
07-02-2024 06:00,Ujjani Dam_1,18.07402,75.12002,0.0,0.0
07-02-2024 08:00,Ujjani Dam_1,18.07402,75.12002,0.0,0.0
07-02-2024 09:00,Ujjani Dam_1,18.07402,75.12002,0.0,0.0
07-02-2024 11:00,Ujjani Dam_1,18.07402,75.12002,0.0,0.0
07-02-2024 12:00,Ujjani Dam_1,18.07402,75.12002,0.0,0.0
07-02-2024 13:00,Ujjani Dam_1,18.07402,75.12002,0.0,0.0
07-02-2024 22:00,Ujjani Dam_1,18.07402,75.12002,0.0,0.0
08-02-2024 01:00,Ujjani Dam_1,18.07402,75.12002,0.0,0.0
08-02-2024 03:00,Ujjani Dam_1,18.07402,75.12002,0.0,0.0
08-02-2024 04:00,Ujjani Dam_1,18.07402,75.12002,0.0,0.0
08-02-2024 06:00,Ujjani Dam_1,18.07402,75.12002,0.0,0.0
08-02-2024 07:00,Ujjani Dam_1,18.07402,75.12002,0.0,0.0
08-02-2024 08:00,Ujjani Dam_1,18.07402,75.12002,0.0,0.0
08-02-2024 10:00,Ujjani Dam_1,18.07402,75.12002,0.0,0.0
08-02-2024 11:00,Ujjani Dam_1,18.07402,75.12002,0.0,0.0
08-02-2024 13:00,Ujjani Dam_1,18.07402,75.12002,0.0,0.0
08-02-2024 14:00,Ujjani Dam_1,18.07402,75.12002,0.0,0.0
08-02-2024 16:00,Ujjani Dam_1,18.07402,75.12002,0.0,0.0
08-02-2024 17:00,Ujjani Dam_1,18.07402,75.12002,0.0,0.0
08-02-2024 19:00,Ujjani Dam_1,18.07402,75.12002,0.0,0.0
08-02-2024 20:00,Ujjani Dam_1,18.07402,75.12002,0.0,0.0
08-02-2024 22:00,Ujjani Dam_1,18.07402,75.12002,0.0,0.0
08-02-2024 23:00,Ujjani Dam_1,18.07402,75.12002,0.0,0.0
09-02-2024 01:00,Ujjani Dam_1,18.07402,75.12002,0.0,0.0
09-02-2024 02:00,Ujjani Dam_1,18.07402,75.12002,0.0,0.0
09-02-2024 04:00,Ujjani Dam_1,18.07402,75.12002,0.0,0.0
09-02-2024 05:00,Ujjani Dam_1,18.07402,75.12002,0.0,0.0
09-02-2024 07:00,Ujjani Dam_1,18.07402,75.12002,0.0,0.0
09-02-2024 08:00,Ujjani Dam_1,18.07402,75.12002,0.0,0.0
09-02-2024 09:00,Ujjani Dam_1,18.07402,75.12002,0.0,0.0
09-02-2024 11:00,Ujjani Dam_1,18.07402,75.12002,0.0,0.0
09-02-2024 12:00,Ujjani Dam_1,18.07402,75.12002,0.0,0.0
09-02-2024 14:00,Ujjani Dam_1,18.07402,75.12002,0.0,0.0
09-02-2024 15:00,Ujjani Dam_1,18.07402,75.12002,0.0,0.0
09-02-2024 17:00,Ujjani Dam_1,18.07402,75.12002,0.0,0.0
09-02-2024 18:00,Ujjani Dam_1,18.07402,75.12002,0.0,0.0
09-02-2024 20:00,Ujjani Dam_1,18.07402,75.12002,0.0,0.0
09-02-2024 21:00,Ujjani Dam_1,18.07402,75.12002,0.0,0.0
09-02-2024 23:00,Ujjani Dam_1,18.07402,75.12002,0.0,0.0
10-02-2024 00:00,Ujjani Dam_1,18.07402,75.12002,0.0,0.0
10-02-2024 02:00,Ujjani Dam_1,18.07402,75.12002,0.0,0.0
10-02-2024 03:00,Ujjani Dam_1,18.07402,75.12002,0.0,0.0
10-02-2024 05:00,Ujjani Dam_1,18.07402,75.12002,0.0,0.0
10-02-2024 14:00,Ujjani Dam_1,18.07402,75.12002,0.0,0.0
10-02-2024 15:00,Ujjani Dam_1,18.07402,75.12002,0.0,0.0
10-02-2024 17:00,Ujjani Dam_1,18.07402,75.12002,0.0,0.0
10-02-2024 18:00,Ujjani Dam_1,18.07402,75.12002,0.0,0.0
10-02-2024 20:00,Ujjani Dam_1,18.07402,75.12002,0.0,0.0
10-02-2024 21:00,Ujjani Dam_1,18.07402,75.12002,0.0,0.0
10-02-2024 23:00,Ujjani Dam_1,18.07402,75.12002,0.0,0.0
11-02-2024 00:00,Ujjani Dam_1,18.07402,75.12002,0.0,0.0
11-02-2024 02:00,Ujjani Dam_1,18.07402,75.12002,0.0,0.0
11-02-2024 03:00,Ujjani Dam_1,18.07402,75.12002,0.0,0.0
11-02-2024 05:00,Ujjani Dam_1,18.07402,75.12002,0.0,0.0
11-02-2024 06:00,Ujjani Dam_1,18.07402,75.12002,0.0,0.0
11-02-2024 08:00,Ujjani Dam_1,18.07402,75.12002,0.0,0.0
11-02-2024 09:00,Ujjani Dam_1,18.07402,75.12002,0.0,0.0
11-02-2024 11:00,Ujjani Dam_1,18.07402,75.12002,0.0,0.0
11-02-2024 12:00,Ujjani Dam_1,18.07402,75.12002,0.0,0.0
11-02-2024 13:00,Ujjani Dam_1,18.07402,75.12002,0.0,0.0
11-02-2024 15:00,Ujjani Dam_1,18.07402,75.12002,0.0,0.0
11-02-2024 16:00,Ujjani Dam_1,18.07402,75.12002,0.0,0.0
11-02-2024 18:00,Ujjani Dam_1,18.07402,75.12002,0.0,0.0
11-02-2024 20:00,Ujjani Dam_1,18.07402,75.12002,0.0,0.0
11-02-2024 21:00,Ujjani Dam_1,18.07402,75.12002,0.0,0.0
11-02-2024 22:00,Ujjani Dam_1,18.07402,75.12002,0.0,0.0
12-02-2024 00:00,Ujjani Dam_1,18.07402,75.12002,0.0,0.0
12-02-2024 01:00,Ujjani Dam_1,18.07402,75.12002,0.0,0.0
12-02-2024 03:00,Ujjani Dam_1,18.07402,75.12002,0.0,0.0
12-02-2024 04:00,Ujjani Dam_1,18.07402,75.12002,0.0,0.0
12-02-2024 06:00,Ujjani Dam_1,18.07402,75.12002,0.0,0.0
12-02-2024 07:00,Ujjani Dam_1,18.07402,75.12002,0.0,0.0
12-02-2024 09:00,Ujjani Dam_1,18.07402,75.12002,0.0,0.0
12-02-2024 10:00,Ujjani Dam_1,18.07402,75.12002,0.0,0.0
12-02-2024 12:00,Ujjani Dam_1,18.07402,75.12002,0.0,0.0
12-02-2024 13:00,Ujjani Dam_1,18.07402,75.12002,0.0,0.0
12-02-2024 14:00,Ujjani Dam_1,18.07402,75.12002,0.0,0.0
12-02-2024 16:00,Ujjani Dam_1,18.07402,75.12002,0.0,0.0
12-02-2024 17:00,Ujjani Dam_1,18.07402,75.12002,0.0,0.0
12-02-2024 19:00,Ujjani Dam_1,18.07402,75.12002,0.0,0.0
12-02-2024 20:00,Ujjani Dam_1,18.07402,75.12002,0.0,0.0
12-02-2024 22:00,Ujjani Dam_1,18.07402,75.12002,0.0,0.0
12-02-2024 23:00,Ujjani Dam_1,18.07402,75.12002,0.0,0.0
13-02-2024 01:00,Ujjani Dam_1,18.07402,75.12002,0.0,0.0
13-02-2024 02:00,Ujjani Dam_1,18.07402,75.12002,0.0,0.0
13-02-2024 04:00,Ujjani Dam_1,18.07402,75.12002,0.0,0.0
13-02-2024 05:00,Ujjani Dam_1,18.07402,75.12002,0.0,0.0
13-02-2024 07:00,Ujjani Dam_1,18.07402,75.12002,0.0,0.0
13-02-2024 08:00,Ujjani Dam_1,18.07402,75.12002,0.0,0.0
13-02-2024 10:00,Ujjani Dam_1,18.07402,75.12002,0.0,0.0
13-02-2024 11:00,Ujjani Dam_1,18.07402,75.12002,0.0,0.0
13-02-2024 13:00,Ujjani Dam_1,18.07402,75.12002,0.0,0.0
13-02-2024 14:00,Ujjani Dam_1,18.07402,75.12002,0.0,0.0
13-02-2024 16:00,Ujjani Dam_1,18.07402,75.12002,0.0,0.0
13-02-2024 17:00,Ujjani Dam_1,18.07402,75.12002,0.0,0.0
13-02-2024 18:00,Ujjani Dam_1,18.07402,75.12002,0.0,0.0
13-02-2024 20:00,Ujjani Dam_1,18.07402,75.12002,0.0,0.0
13-02-2024 21:00,Ujjani Dam_1,18.07402,75.12002,0.0,0.0
13-02-2024 23:00,Ujjani Dam_1,18.07402,75.12002,0.0,0.0
14-02-2024 00:00,Ujjani Dam_1,18.07402,75.12002,0.0,0.0
14-02-2024 02:00,Ujjani Dam_1,18.07402,75.12002,0.0,0.0
14-02-2024 03:00,Ujjani Dam_1,18.07402,75.12002,0.0,0.0
14-02-2024 05:00,Ujjani Dam_1,18.07402,75.12002,0.0,0.0
14-02-2024 06:00,Ujjani Dam_1,18.07402,75.12002,0.0,0.0
14-02-2024 08:00,Ujjani Dam_1,18.07402,75.12002,0.0,0.0
14-02-2024 09:00,Ujjani Dam_1,18.07402,75.12002,0.0,0.0
14-02-2024 11:00,Ujjani Dam_1,18.07402,75.12002,0.0,0.0
14-02-2024 12:00,Ujjani Dam_1,18.07402,75.12002,0.0,0.0
14-02-2024 14:00,Ujjani Dam_1,18.07402,75.12002,0.0,0.0
14-02-2024 15:00,Ujjani Dam_1,18.07402,75.12002,0.0,0.0
14-02-2024 16:00,Ujjani Dam_1,18.07402,75.12002,0.0,0.0
15-02-2024 00:00,Ujjani Dam_1,18.07402,75.12002,0.0,0.0
15-02-2024 02:00,Ujjani Dam_1,18.07402,75.12002,0.0,0.0
15-02-2024 03:00,Ujjani Dam_1,18.07402,75.12002,0.0,0.0
15-02-2024 04:00,Ujjani Dam_1,18.07402,75.12002,0.0,0.0
15-02-2024 06:00,Ujjani Dam_1,18.07402,75.12002,0.0,0.0
15-02-2024 07:00,Ujjani Dam_1,18.07402,75.12002,0.0,0.0
15-02-2024 09:00,Ujjani Dam_1,18.07402,75.12002,0.0,0.0
15-02-2024 10:00,Ujjani Dam_1,18.07402,75.12002,0.0,0.0
15-02-2024 12:00,Ujjani Dam_1,18.07402,75.12002,0.0,0.0
15-02-2024 13:00,Ujjani Dam_1,18.07402,75.12002,0.0,0.0
15-02-2024 15:00,Ujjani Dam_1,18.07402,75.12002,0.0,0.0
15-02-2024 16:00,Ujjani Dam_1,18.07402,75.12002,0.0,0.0
15-02-2024 18:00,Ujjani Dam_1,18.07402,75.12002,0.0,0.0
15-02-2024 19:00,Ujjani Dam_1,18.07402,75.12002,0.0,0.0
15-02-2024 21:00,Ujjani Dam_1,18.07402,75.12002,0.0,0.0
15-02-2024 22:00,Ujjani Dam_1,18.07402,75.12002,0.0,0.0
16-02-2024 00:00,Ujjani Dam_1,18.07402,75.12002,0.0,0.0
16-02-2024 01:00,Ujjani Dam_1,18.07402,75.12002,0.0,0.0
16-02-2024 02:00,Ujjani Dam_1,18.07402,75.12002,0.0,0.0
16-02-2024 04:00,Ujjani Dam_1,18.07402,75.12002,0.0,0.0
16-02-2024 05:00,Ujjani Dam_1,18.07402,75.12002,0.0,0.0
16-02-2024 07:00,Ujjani Dam_1,18.07402,75.12002,0.0,0.0
16-02-2024 08:00,Ujjani Dam_1,18.07402,75.12002,0.0,0.0
16-02-2024 10:00,Ujjani Dam_1,18.07402,75.12002,0.0,0.0
16-02-2024 11:00,Ujjani Dam_1,18.07402,75.12002,0.0,0.0
16-02-2024 13:00,Ujjani Dam_1,18.07402,75.12002,0.0,0.0
16-02-2024 14:00,Ujjani Dam_1,18.07402,75.12002,0.0,0.0
16-02-2024 16:00,Ujjani Dam_1,18.07402,75.12002,0.0,0.0
16-02-2024 17:00,Ujjani Dam_1,18.07402,75.12002,0.0,0.0
16-02-2024 19:00,Ujjani Dam_1,18.07402,75.12002,0.0,0.0
16-02-2024 20:00,Ujjani Dam_1,18.07402,75.12002,0.0,0.0
16-02-2024 22:00,Ujjani Dam_1,18.07402,75.12002,0.0,0.0
16-02-2024 23:00,Ujjani Dam_1,18.07402,75.12002,0.0,0.0
17-02-2024 01:00,Ujjani Dam_1,18.07402,75.12002,0.0,0.0
17-02-2024 02:00,Ujjani Dam_1,18.07402,75.12002,0.0,0.0
17-02-2024 03:00,Ujjani Dam_1,18.07402,75.12002,0.0,0.0
17-02-2024 05:00,Ujjani Dam_1,18.07402,75.12002,0.0,0.0
17-02-2024 06:00,Ujjani Dam_1,18.07402,75.12002,0.0,0.0
17-02-2024 08:00,Ujjani Dam_1,18.07402,75.12002,0.0,0.0
17-02-2024 09:00,Ujjani Dam_1,18.07402,75.12002,0.0,0.0
17-02-2024 11:00,Ujjani Dam_1,18.07402,75.12002,0.0,0.0
17-02-2024 12:00,Ujjani Dam_1,18.07402,75.12002,0.0,0.0
17-02-2024 14:00,Ujjani Dam_1,18.07402,75.12002,0.0,0.0
17-02-2024 15:00,Ujjani Dam_1,18.07402,75.12002,0.0,0.0
17-02-2024 17:00,Ujjani Dam_1,18.07402,75.12002,0.0,0.0
17-02-2024 18:00,Ujjani Dam_1,18.07402,75.12002,0.0,0.0
17-02-2024 20:00,Ujjani Dam_1,18.07402,75.12002,0.0,0.0
17-02-2024 21:00,Ujjani Dam_1,18.07402,75.12002,0.0,0.0
17-02-2024 23:00,Ujjani Dam_1,18.07402,75.12002,0.0,0.0
18-02-2024 01:00,Ujjani Dam_1,18.07402,75.12002,0.0,0.0
18-02-2024 02:00,Ujjani Dam_1,18.07402,75.12002,0.0,0.0
18-02-2024 03:00,Ujjani Dam_1,18.07402,75.12002,0.0,0.0
18-02-2024 05:00,Ujjani Dam_1,18.07402,75.12002,0.0,0.0
18-02-2024 06:00,Ujjani Dam_1,18.07402,75.12002,0.0,0.0
18-02-2024 08:00,Ujjani Dam_1,18.07402,75.12002,0.0,0.0
18-02-2024 09:00,Ujjani Dam_1,18.07402,75.12002,0.0,0.0
18-02-2024 11:00,Ujjani Dam_1,18.07402,75.12002,0.0,0.0
18-02-2024 13:00,Ujjani Dam_1,18.07402,75.12002,0.0,0.0
18-02-2024 15:00,Ujjani Dam_1,18.07402,75.12002,0.0,0.0
18-02-2024 16:00,Ujjani Dam_1,18.07402,75.12002,0.0,0.0
18-02-2024 18:00,Ujjani Dam_1,18.07402,75.12002,0.0,0.0
18-02-2024 19:00,Ujjani Dam_1,18.07402,75.12002,0.0,0.0
18-02-2024 21:00,Ujjani Dam_1,18.07402,75.12002,0.0,0.0
18-02-2024 22:00,Ujjani Dam_1,18.07402,75.12002,0.0,0.0
19-02-2024 00:00,Ujjani Dam_1,18.07402,75.12002,0.0,0.0
19-02-2024 01:00,Ujjani Dam_1,18.07402,75.12002,0.0,0.0
19-02-2024 03:00,Ujjani Dam_1,18.07402,75.12002,0.0,0.0
19-02-2024 04:00,Ujjani Dam_1,18.07402,75.12002,0.0,0.0
19-02-2024 06:00,Ujjani Dam_1,18.07402,75.12002,0.0,0.0
19-02-2024 07:00,Ujjani Dam_1,18.07402,75.12002,0.0,0.0
19-02-2024 09:00,Ujjani Dam_1,18.07402,75.12002,0.0,0.0
19-02-2024 10:00,Ujjani Dam_1,18.07402,75.12002,0.0,0.0
19-02-2024 12:00,Ujjani Dam_1,18.07402,75.12002,0.0,0.0
19-02-2024 13:00,Ujjani Dam_1,18.07402,75.12002,0.0,0.0
19-02-2024 15:00,Ujjani Dam_1,18.07402,75.12002,0.0,0.0
19-02-2024 16:00,Ujjani Dam_1,18.07402,75.12002,0.0,0.0
19-02-2024 17:00,Ujjani Dam_1,18.07402,75.12002,0.0,0.0
19-02-2024 19:00,Ujjani Dam_1,18.07402,75.12002,0.0,0.0
19-02-2024 20:00,Ujjani Dam_1,18.07402,75.12002,0.0,0.0
19-02-2024 22:00,Ujjani Dam_1,18.07402,75.12002,0.0,0.0
19-02-2024 23:00,Ujjani Dam_1,18.07402,75.12002,0.0,0.0
20-02-2024 01:00,Ujjani Dam_1,18.07402,75.12002,0.0,0.0
20-02-2024 02:00,Ujjani Dam_1,18.07402,75.12002,0.0,0.0
20-02-2024 04:00,Ujjani Dam_1,18.07402,75.12002,0.0,0.0
20-02-2024 06:00,Ujjani Dam_1,18.07402,75.12002,0.0,0.0
20-02-2024 07:00,Ujjani Dam_1,18.07402,75.12002,0.0,0.0
20-02-2024 08:00,Ujjani Dam_1,18.07402,75.12002,0.0,0.0
20-02-2024 10:00,Ujjani Dam_1,18.07402,75.12002,0.0,0.0
20-02-2024 11:00,Ujjani Dam_1,18.07402,75.12002,0.0,0.0
20-02-2024 13:00,Ujjani Dam_1,18.07402,75.12002,0.0,0.0
20-02-2024 22:00,Ujjani Dam_1,18.07402,75.12002,0.0,0.0
20-02-2024 23:00,Ujjani Dam_1,18.07402,75.12002,0.0,0.0
21-02-2024 00:00,Ujjani Dam_1,18.07402,75.12002,0.0,0.0
21-02-2024 02:00,Ujjani Dam_1,18.07402,75.12002,0.0,0.0
21-02-2024 05:00,Ujjani Dam_1,18.07402,75.12002,0.0,0.0
21-02-2024 06:00,Ujjani Dam_1,18.07402,75.12002,0.0,0.0
21-02-2024 07:00,Ujjani Dam_1,18.07402,75.12002,0.0,0.0
21-02-2024 09:00,Ujjani Dam_1,18.07402,75.12002,0.0,0.0
21-02-2024 10:00,Ujjani Dam_1,18.07402,75.12002,0.0,0.0
21-02-2024 11:00,Ujjani Dam_1,18.07402,75.12002,0.0,0.0
21-02-2024 15:00,Ujjani Dam_1,18.07402,75.12002,0.0,0.0
21-02-2024 16:00,Ujjani Dam_1,18.07402,75.12002,0.0,0.0
21-02-2024 17:00,Ujjani Dam_1,18.07402,75.12002,0.0,0.0
21-02-2024 18:00,Ujjani Dam_1,18.07402,75.12002,0.0,0.0
21-02-2024 20:00,Ujjani Dam_1,18.07402,75.12002,0.0,0.0
21-02-2024 21:00,Ujjani Dam_1,18.07402,75.12002,0.0,0.0
21-02-2024 23:00,Ujjani Dam_1,18.07402,75.12002,0.0,0.0
22-02-2024 00:00,Ujjani Dam_1,18.07402,75.12002,0.0,0.0
22-02-2024 02:00,Ujjani Dam_1,18.07402,75.12002,0.0,0.0
22-02-2024 11:00,Ujjani Dam_1,18.07402,75.12002,0.0,0.0
22-02-2024 12:00,Ujjani Dam_1,18.07402,75.12002,0.0,0.0
22-02-2024 15:00,Ujjani Dam_1,18.07402,75.12002,0.0,0.0
22-02-2024 18:00,Ujjani Dam_1,18.07402,75.12002,0.0,0.0
22-02-2024 19:00,Ujjani Dam_1,18.07402,75.12002,0.0,0.0
22-02-2024 20:00,Ujjani Dam_1,18.07402,75.12002,0.0,0.0
22-02-2024 22:00,Ujjani Dam_1,18.07402,75.12002,0.0,0.0
22-02-2024 23:00,Ujjani Dam_1,18.07402,75.12002,0.0,0.0
23-02-2024 01:00,Ujjani Dam_1,18.07402,75.12002,0.0,0.0
23-02-2024 02:00,Ujjani Dam_1,18.07402,75.12002,0.0,0.0
23-02-2024 04:00,Ujjani Dam_1,18.07402,75.12002,0.0,0.0
23-02-2024 05:00,Ujjani Dam_1,18.07402,75.12002,0.0,0.0
23-02-2024 07:00,Ujjani Dam_1,18.07402,75.12002,0.0,0.0
23-02-2024 10:00,Ujjani Dam_1,18.07402,75.12002,0.0,0.0
23-02-2024 12:00,Ujjani Dam_1,18.07402,75.12002,0.0,0.0
23-02-2024 13:00,Ujjani Dam_1,18.07402,75.12002,0.0,0.0
23-02-2024 14:00,Ujjani Dam_1,18.07402,75.12002,0.0,0.0
23-02-2024 15:00,Ujjani Dam_1,18.07402,75.12002,0.0,0.0
23-02-2024 16:00,Ujjani Dam_1,18.07402,75.12002,0.0,0.0
23-02-2024 17:00,Ujjani Dam_1,18.07402,75.12002,0.0,0.0
23-02-2024 19:00,Ujjani Dam_1,18.07402,75.12002,0.0,0.0
23-02-2024 20:00,Ujjani Dam_1,18.07402,75.12002,0.0,0.0
23-02-2024 21:00,Ujjani Dam_1,18.07402,75.12002,0.0,0.0
23-02-2024 23:00,Ujjani Dam_1,18.07402,75.12002,0.0,0.0
24-02-2024 00:00,Ujjani Dam_1,18.07402,75.12002,0.0,0.0
24-02-2024 02:00,Ujjani Dam_1,18.07402,75.12002,0.0,0.0
24-02-2024 03:00,Ujjani Dam_1,18.07402,75.12002,0.0,0.0
24-02-2024 05:00,Ujjani Dam_1,18.07402,75.12002,0.0,0.0
24-02-2024 06:00,Ujjani Dam_1,18.07402,75.12002,0.0,0.0
24-02-2024 08:00,Ujjani Dam_1,18.07402,75.12002,0.0,0.0
24-02-2024 09:00,Ujjani Dam_1,18.07402,75.12002,0.0,0.0
24-02-2024 11:00,Ujjani Dam_1,18.07402,75.12002,0.0,0.0
24-02-2024 12:00,Ujjani Dam_1,18.07402,75.12002,0.0,0.0
24-02-2024 14:00,Ujjani Dam_1,18.07402,75.12002,0.0,0.0
24-02-2024 15:00,Ujjani Dam_1,18.07402,75.12002,0.0,0.0
24-02-2024 17:00,Ujjani Dam_1,18.07402,75.12002,0.0,0.0
24-02-2024 18:00,Ujjani Dam_1,18.07402,75.12002,0.0,0.0
24-02-2024 20:00,Ujjani Dam_1,18.07402,75.12002,0.0,0.0
24-02-2024 21:00,Ujjani Dam_1,18.07402,75.12002,0.0,0.0
24-02-2024 23:00,Ujjani Dam_1,18.07402,75.12002,0.0,0.0
25-02-2024 00:00,Ujjani Dam_1,18.07402,75.12002,0.0,0.0
25-02-2024 01:00,Ujjani Dam_1,18.07402,75.12002,0.0,0.0
25-02-2024 03:00,Ujjani Dam_1,18.07402,75.12002,0.0,0.0
25-02-2024 04:00,Ujjani Dam_1,18.07402,75.12002,0.0,0.0
25-02-2024 06:00,Ujjani Dam_1,18.07402,75.12002,0.0,0.0
25-02-2024 07:00,Ujjani Dam_1,18.07402,75.12002,0.0,0.0
25-02-2024 09:00,Ujjani Dam_1,18.07402,75.12002,0.0,0.0
25-02-2024 10:00,Ujjani Dam_1,18.07402,75.12002,0.0,0.0
25-02-2024 12:00,Ujjani Dam_1,18.07402,75.12002,0.0,0.0
25-02-2024 13:00,Ujjani Dam_1,18.07402,75.12002,0.0,0.0
25-02-2024 15:00,Ujjani Dam_1,18.07402,75.12002,0.0,0.0
25-02-2024 16:00,Ujjani Dam_1,18.07402,75.12002,0.0,0.0
25-02-2024 18:00,Ujjani Dam_1,18.07402,75.12002,0.0,0.0
25-02-2024 19:00,Ujjani Dam_1,18.07402,75.12002,0.0,0.0
25-02-2024 21:00,Ujjani Dam_1,18.07402,75.12002,0.0,0.0
25-02-2024 22:00,Ujjani Dam_1,18.07402,75.12002,0.0,0.0
26-02-2024 00:00,Ujjani Dam_1,18.07402,75.12002,0.0,0.0
26-02-2024 01:00,Ujjani Dam_1,18.07402,75.12002,0.0,0.0
26-02-2024 03:00,Ujjani Dam_1,18.07402,75.12002,0.0,0.0
26-02-2024 04:00,Ujjani Dam_1,18.07402,75.12002,0.0,0.0
26-02-2024 05:00,Ujjani Dam_1,18.07402,75.12002,0.0,0.0
26-02-2024 07:00,Ujjani Dam_1,18.07402,75.12002,0.0,0.0
26-02-2024 08:00,Ujjani Dam_1,18.07402,75.12002,0.0,0.0
26-02-2024 10:00,Ujjani Dam_1,18.07402,75.12002,0.0,0.0
26-02-2024 19:00,Ujjani Dam_1,18.07402,75.12002,0.0,0.0
26-02-2024 20:00,Ujjani Dam_1,18.07402,75.12002,0.0,0.0
26-02-2024 22:00,Ujjani Dam_1,18.07402,75.12002,0.0,0.0
26-02-2024 23:00,Ujjani Dam_1,18.07402,75.12002,0.0,0.0
27-02-2024 01:00,Ujjani Dam_1,18.07402,75.12002,0.0,0.0
27-02-2024 02:00,Ujjani Dam_1,18.07402,75.12002,0.0,0.0
27-02-2024 04:00,Ujjani Dam_1,18.07402,75.12002,0.0,0.0
27-02-2024 05:00,Ujjani Dam_1,18.07402,75.12002,0.0,0.0
27-02-2024 07:00,Ujjani Dam_1,18.07402,75.12002,0.0,0.0
27-02-2024 08:00,Ujjani Dam_1,18.07402,75.12002,0.0,0.0
27-02-2024 10:00,Ujjani Dam_1,18.07402,75.12002,0.0,0.0
27-02-2024 11:00,Ujjani Dam_1,18.07402,75.12002,0.0,0.0
27-02-2024 12:00,Ujjani Dam_1,18.07402,75.12002,0.0,0.0
27-02-2024 14:00,Ujjani Dam_1,18.07402,75.12002,0.0,0.0
27-02-2024 15:00,Ujjani Dam_1,18.07402,75.12002,0.0,0.0
27-02-2024 17:00,Ujjani Dam_1,18.07402,75.12002,0.0,0.0
27-02-2024 18:00,Ujjani Dam_1,18.07402,75.12002,0.0,0.0
27-02-2024 20:00,Ujjani Dam_1,18.07402,75.12002,0.0,0.0
27-02-2024 21:00,Ujjani Dam_1,18.07402,75.12002,0.0,0.0
27-02-2024 23:00,Ujjani Dam_1,18.07402,75.12002,0.0,0.0
28-02-2024 00:00,Ujjani Dam_1,18.07402,75.12002,0.0,0.0
28-02-2024 02:00,Ujjani Dam_1,18.07402,75.12002,0.0,0.0
28-02-2024 03:00,Ujjani Dam_1,18.07402,75.12002,0.0,0.0
28-02-2024 05:00,Ujjani Dam_1,18.07402,75.12002,0.0,0.0
28-02-2024 06:00,Ujjani Dam_1,18.07402,75.12002,0.0,0.0
28-02-2024 08:00,Ujjani Dam_1,18.07402,75.12002,0.0,0.0
28-02-2024 09:00,Ujjani Dam_1,18.07402,75.12002,0.0,0.0
28-02-2024 10:00,Ujjani Dam_1,18.07402,75.12002,0.0,0.0
28-02-2024 11:00,Ujjani Dam_1,18.07402,75.12002,0.0,0.0
28-02-2024 12:00,Ujjani Dam_1,18.07402,75.12002,0.0,0.0
28-02-2024 13:00,Ujjani Dam_1,18.07402,75.12002,0.0,0.0
28-02-2024 14:00,Ujjani Dam_1,18.07402,75.12002,0.0,0.0
28-02-2024 15:00,Ujjani Dam_1,18.07402,75.12002,0.0,0.0
28-02-2024 16:00,Ujjani Dam_1,18.07402,75.12002,0.0,0.0
28-02-2024 17:00,Ujjani Dam_1,18.07402,75.12002,0.0,0.0
28-02-2024 18:00,Ujjani Dam_1,18.07402,75.12002,0.0,0.0
28-02-2024 19:00,Ujjani Dam_1,18.07402,75.12002,0.0,0.0
28-02-2024 21:00,Ujjani Dam_1,18.07402,75.12002,0.0,0.0
28-02-2024 22:00,Ujjani Dam_1,18.07402,75.12002,0.0,0.0
29-02-2024 00:00,Ujjani Dam_1,18.07402,75.12002,0.0,0.0
29-02-2024 01:00,Ujjani Dam_1,18.07402,75.12002,0.0,0.0
29-02-2024 03:00,Ujjani Dam_1,18.07402,75.12002,0.0,0.0
29-02-2024 04:00,Ujjani Dam_1,18.07402,75.12002,0.0,0.0
29-02-2024 06:00,Ujjani Dam_1,18.07402,75.12002,0.0,0.0
29-02-2024 07:00,Ujjani Dam_1,18.07402,75.12002,0.0,0.0
29-02-2024 09:00,Ujjani Dam_1,18.07402,75.12002,0.0,0.0
29-02-2024 10:00,Ujjani Dam_1,18.07402,75.12002,0.0,0.0
29-02-2024 12:00,Ujjani Dam_1,18.07402,75.12002,0.0,0.0
29-02-2024 13:00,Ujjani Dam_1,18.07402,75.12002,0.0,0.0
29-02-2024 14:00,Ujjani Dam_1,18.07402,75.12002,0.0,0.0
29-02-2024 16:00,Ujjani Dam_1,18.07402,75.12002,0.0,0.0
29-02-2024 17:00,Ujjani Dam_1,18.07402,75.12002,0.0,0.0
29-02-2024 19:00,Ujjani Dam_1,18.07402,75.12002,0.0,0.0
29-02-2024 20:00,Ujjani Dam_1,18.07402,75.12002,0.0,0.0
29-02-2024 22:00,Ujjani Dam_1,18.07402,75.12002,0.0,0.0
29-02-2024 23:00,Ujjani Dam_1,18.07402,75.12002,0.0,0.0
01-03-2024 01:00,Ujjani Dam_1,18.07402,75.12002,0.0,0.0
01-03-2024 02:00,Ujjani Dam_1,18.07402,75.12002,0.0,0.0
01-03-2024 04:00,Ujjani Dam_1,18.07402,75.12002,0.0,0.0
01-03-2024 05:00,Ujjani Dam_1,18.07402,75.12002,0.0,0.0
01-03-2024 07:00,Ujjani Dam_1,18.07402,75.12002,0.0,0.0
01-03-2024 08:00,Ujjani Dam_1,18.07402,75.12002,0.0,0.0
01-03-2024 10:00,Ujjani Dam_1,18.07402,75.12002,0.0,0.0
01-03-2024 11:00,Ujjani Dam_1,18.07402,75.12002,0.0,0.0
01-03-2024 13:00,Ujjani Dam_1,18.07402,75.12002,0.0,0.0
01-03-2024 14:00,Ujjani Dam_1,18.07402,75.12002,0.0,0.0
01-03-2024 16:00,Ujjani Dam_1,18.07402,75.12002,0.0,0.0
01-03-2024 17:00,Ujjani Dam_1,18.07402,75.12002,0.0,0.0
01-03-2024 18:00,Ujjani Dam_1,18.07402,75.12002,0.0,0.0
01-03-2024 21:00,Ujjani Dam_1,18.07402,75.12002,0.0,0.0
01-03-2024 23:00,Ujjani Dam_1,18.07402,75.12002,0.0,0.0
02-03-2024 00:00,Ujjani Dam_1,18.07402,75.12002,0.0,0.0
02-03-2024 02:00,Ujjani Dam_1,18.07402,75.12002,0.0,0.0
05-03-2024 16:00,Ujjani Dam_1,18.07402,75.12002,0.0,0.0
07-03-2024 10:00,Ujjani Dam_1,18.07402,75.12002,0.0,0.0
07-03-2024 11:00,Ujjani Dam_1,18.07402,75.12002,0.0,0.0
07-03-2024 12:00,Ujjani Dam_1,18.07402,75.12002,0.0,0.0
07-03-2024 13:00,Ujjani Dam_1,18.07402,75.12002,0.0,0.0
07-03-2024 14:00,Ujjani Dam_1,18.07402,75.12002,0.0,0.0
07-03-2024 16:00,Ujjani Dam_1,18.07402,75.12002,0.0,0.0
08-03-2024 16:00,Ujjani Dam_1,18.07402,75.12002,0.0,0.0
13-03-2024 11:00,Ujjani Dam_1,18.07402,75.12002,0.0,0.0
13-03-2024 12:00,Ujjani Dam_1,18.07402,75.12002,0.0,0.0
13-03-2024 14:00,Ujjani Dam_1,18.07402,75.12002,0.0,0.0
13-03-2024 15:00,Ujjani Dam_1,18.07402,75.12002,0.0,0.0
13-03-2024 16:00,Ujjani Dam_1,18.07402,75.12002,0.0,0.0
13-03-2024 17:00,Ujjani Dam_1,18.07402,75.12002,0.0,0.0
13-03-2024 18:00,Ujjani Dam_1,18.07402,75.12002,0.0,0.0
13-03-2024 19:00,Ujjani Dam_1,18.07402,75.12002,0.0,0.0
13-03-2024 20:00,Ujjani Dam_1,18.07402,75.12002,0.0,0.0
13-03-2024 21:00,Ujjani Dam_1,18.07402,75.12002,0.0,0.0
13-03-2024 22:00,Ujjani Dam_1,18.07402,75.12002,0.0,0.0
13-03-2024 23:00,Ujjani Dam_1,18.07402,75.12002,0.0,0.0
14-03-2024 01:00,Ujjani Dam_1,18.07402,75.12002,0.0,0.0
14-03-2024 02:00,Ujjani Dam_1,18.07402,75.12002,0.0,0.0
14-03-2024 03:00,Ujjani Dam_1,18.07402,75.12002,0.0,0.0
14-03-2024 04:00,Ujjani Dam_1,18.07402,75.12002,0.0,0.0
14-03-2024 05:00,Ujjani Dam_1,18.07402,75.12002,0.0,0.0
14-03-2024 06:00,Ujjani Dam_1,18.07402,75.12002,0.0,0.0
14-03-2024 07:00,Ujjani Dam_1,18.07402,75.12002,0.0,0.0
14-03-2024 08:00,Ujjani Dam_1,18.07402,75.12002,0.0,0.0
14-03-2024 09:00,Ujjani Dam_1,18.07402,75.12002,0.0,0.0
14-03-2024 10:00,Ujjani Dam_1,18.07402,75.12002,0.0,0.0
14-03-2024 11:00,Ujjani Dam_1,18.07402,75.12002,0.0,0.0
14-03-2024 12:00,Ujjani Dam_1,18.07402,75.12002,0.0,0.0
14-03-2024 13:00,Ujjani Dam_1,18.07402,75.12002,0.0,0.0
14-03-2024 14:00,Ujjani Dam_1,18.07402,75.12002,0.0,0.0
14-03-2024 15:00,Ujjani Dam_1,18.07402,75.12002,0.0,0.0
14-03-2024 16:00,Ujjani Dam_1,18.07402,75.12002,0.0,0.0
14-03-2024 17:00,Ujjani Dam_1,18.07402,75.12002,0.0,0.0
14-03-2024 18:00,Ujjani Dam_1,18.07402,75.12002,0.0,0.0
14-03-2024 19:00,Ujjani Dam_1,18.07402,75.12002,0.0,0.0
14-03-2024 20:00,Ujjani Dam_1,18.07402,75.12002,0.0,0.0
14-03-2024 21:00,Ujjani Dam_1,18.07402,75.12002,0.0,0.0
14-03-2024 22:00,Ujjani Dam_1,18.07402,75.12002,0.0,0.0
14-03-2024 23:00,Ujjani Dam_1,18.07402,75.12002,0.0,0.0
15-03-2024 00:00,Ujjani Dam_1,18.07402,75.12002,0.0,0.0
15-03-2024 01:00,Ujjani Dam_1,18.07402,75.12002,0.0,0.0
15-03-2024 03:00,Ujjani Dam_1,18.07402,75.12002,0.0,0.0
15-03-2024 04:00,Ujjani Dam_1,18.07402,75.12002,0.0,0.0
15-03-2024 05:00,Ujjani Dam_1,18.07402,75.12002,0.0,0.0
15-03-2024 07:00,Ujjani Dam_1,18.07402,75.12002,0.0,0.0
15-03-2024 08:00,Ujjani Dam_1,18.07402,75.12002,0.0,0.0
15-03-2024 09:00,Ujjani Dam_1,18.07402,75.12002,0.0,0.0
15-03-2024 10:00,Ujjani Dam_1,18.07402,75.12002,0.0,0.0
15-03-2024 11:00,Ujjani Dam_1,18.07402,75.12002,0.0,0.0
15-03-2024 12:00,Ujjani Dam_1,18.07402,75.12002,0.0,0.0
15-03-2024 13:00,Ujjani Dam_1,18.07402,75.12002,0.0,0.0
15-03-2024 16:00,Ujjani Dam_1,18.07402,75.12002,0.0,0.0
15-03-2024 17:00,Ujjani Dam_1,18.07402,75.12002,0.0,0.0
15-03-2024 18:00,Ujjani Dam_1,18.07402,75.12002,0.0,0.0
15-03-2024 19:00,Ujjani Dam_1,18.07402,75.12002,0.0,0.0
15-03-2024 20:00,Ujjani Dam_1,18.07402,75.12002,0.0,0.0
15-03-2024 21:00,Ujjani Dam_1,18.07402,75.12002,0.0,0.0
15-03-2024 22:00,Ujjani Dam_1,18.07402,75.12002,0.0,0.0
15-03-2024 23:00,Ujjani Dam_1,18.07402,75.12002,0.0,0.0
16-03-2024 00:00,Ujjani Dam_1,18.07402,75.12002,0.0,0.0
16-03-2024 01:00,Ujjani Dam_1,18.07402,75.12002,0.0,0.0
16-03-2024 02:00,Ujjani Dam_1,18.07402,75.12002,0.0,0.0
16-03-2024 03:00,Ujjani Dam_1,18.07402,75.12002,0.0,0.0
16-03-2024 04:00,Ujjani Dam_1,18.07402,75.12002,0.0,0.0
16-03-2024 05:00,Ujjani Dam_1,18.07402,75.12002,0.0,0.0
16-03-2024 06:00,Ujjani Dam_1,18.07402,75.12002,0.0,0.0
16-03-2024 07:00,Ujjani Dam_1,18.07402,75.12002,0.0,0.0
16-03-2024 08:00,Ujjani Dam_1,18.07402,75.12002,0.0,0.0
16-03-2024 09:00,Ujjani Dam_1,18.07402,75.12002,0.0,0.0
16-03-2024 10:00,Ujjani Dam_1,18.07402,75.12002,0.0,0.0
16-03-2024 13:00,Ujjani Dam_1,18.07402,75.12002,0.0,0.0
16-03-2024 14:00,Ujjani Dam_1,18.07402,75.12002,0.0,0.0
16-03-2024 15:00,Ujjani Dam_1,18.07402,75.12002,0.0,0.0
16-03-2024 16:00,Ujjani Dam_1,18.07402,75.12002,0.0,0.0
16-03-2024 18:00,Ujjani Dam_1,18.07402,75.12002,0.0,0.0
16-03-2024 19:00,Ujjani Dam_1,18.07402,75.12002,0.0,0.0
16-03-2024 21:00,Ujjani Dam_1,18.07402,75.12002,0.0,0.0
19-04-2024 14:00,Ujjani Dam_1,18.07402,75.12002,0.0,0.0
19-04-2024 15:00,Ujjani Dam_1,18.07402,75.12002,0.0,0.0
19-04-2024 16:00,Ujjani Dam_1,18.07402,75.12002,0.0,0.0
19-04-2024 17:00,Ujjani Dam_1,18.07402,75.12002,0.0,0.0
19-04-2024 18:00,Ujjani Dam_1,18.07402,75.12002,0.0,0.0
19-04-2024 20:00,Ujjani Dam_1,18.07402,75.12002,0.0,0.0
19-04-2024 21:00,Ujjani Dam_1,18.07402,75.12002,0.0,0.0
19-04-2024 23:00,Ujjani Dam_1,18.07402,75.12002,0.0,0.0
20-04-2024 01:00,Ujjani Dam_1,18.07402,75.12002,0.0,0.0
20-04-2024 02:00,Ujjani Dam_1,18.07402,75.12002,0.0,0.0
20-04-2024 04:00,Ujjani Dam_1,18.07402,75.12002,0.0,0.0
20-04-2024 05:00,Ujjani Dam_1,18.07402,75.12002,0.0,0.0
20-04-2024 07:00,Ujjani Dam_1,18.07402,75.12002,0.0,0.0
20-04-2024 08:00,Ujjani Dam_1,18.07402,75.12002,0.0,0.0
20-04-2024 09:00,Ujjani Dam_1,18.07402,75.12002,0.0,0.0
20-04-2024 10:00,Ujjani Dam_1,18.07402,75.12002,0.0,0.0
20-04-2024 11:00,Ujjani Dam_1,18.07402,75.12002,0.0,0.0
20-04-2024 12:00,Ujjani Dam_1,18.07402,75.12002,0.0,0.0
20-04-2024 13:00,Ujjani Dam_1,18.07402,75.12002,0.0,0.0
20-04-2024 14:00,Ujjani Dam_1,18.07402,75.12002,0.0,0.0
20-04-2024 15:00,Ujjani Dam_1,18.07402,75.12002,0.0,0.0
20-04-2024 16:00,Ujjani Dam_1,18.07402,75.12002,0.0,0.0
20-04-2024 17:00,Ujjani Dam_1,18.07402,75.12002,0.0,0.0
20-04-2024 19:00,Ujjani Dam_1,18.07402,75.12002,0.0,0.0
20-04-2024 20:00,Ujjani Dam_1,18.07402,75.12002,0.0,0.0
20-04-2024 21:00,Ujjani Dam_1,18.07402,75.12002,0.0,0.0
20-04-2024 22:00,Ujjani Dam_1,18.07402,75.12002,0.0,0.0
21-04-2024 00:00,Ujjani Dam_1,18.07402,75.12002,0.0,0.0
21-04-2024 02:00,Ujjani Dam_1,18.07402,75.12002,0.0,0.0
21-04-2024 03:00,Ujjani Dam_1,18.07402,75.12002,0.0,0.0
21-04-2024 04:00,Ujjani Dam_1,18.07402,75.12002,0.0,0.0
21-04-2024 05:00,Ujjani Dam_1,18.07402,75.12002,0.0,0.0
21-04-2024 07:00,Ujjani Dam_1,18.07402,75.12002,0.0,0.0
21-04-2024 10:00,Ujjani Dam_1,18.07402,75.12002,0.0,0.0
21-04-2024 12:00,Ujjani Dam_1,18.07402,75.12002,0.0,0.0
21-04-2024 13:00,Ujjani Dam_1,18.07402,75.12002,0.0,0.0
21-04-2024 14:00,Ujjani Dam_1,18.07402,75.12002,0.0,0.0
21-04-2024 15:00,Ujjani Dam_1,18.07402,75.12002,0.0,0.0
21-04-2024 17:00,Ujjani Dam_1,18.07402,75.12002,0.0,0.0
21-04-2024 18:00,Ujjani Dam_1,18.07402,75.12002,0.0,0.0
21-04-2024 19:00,Ujjani Dam_1,18.07402,75.12002,0.0,0.0
21-04-2024 20:00,Ujjani Dam_1,18.07402,75.12002,0.0,0.0
21-04-2024 22:00,Ujjani Dam_1,18.07402,75.12002,0.0,0.0
22-04-2024 00:00,Ujjani Dam_1,18.07402,75.12002,0.0,0.0
22-04-2024 01:00,Ujjani Dam_1,18.07402,75.12002,0.0,0.0
22-04-2024 02:00,Ujjani Dam_1,18.07402,75.12002,0.0,0.0
22-04-2024 03:00,Ujjani Dam_1,18.07402,75.12002,0.0,0.0
22-04-2024 04:00,Ujjani Dam_1,18.07402,75.12002,0.0,0.0
22-04-2024 05:00,Ujjani Dam_1,18.07402,75.12002,0.0,0.0
22-04-2024 06:00,Ujjani Dam_1,18.07402,75.12002,0.0,0.0
22-04-2024 07:00,Ujjani Dam_1,18.07402,75.12002,0.0,0.0
22-04-2024 08:00,Ujjani Dam_1,18.07402,75.12002,0.0,0.0
22-04-2024 10:00,Ujjani Dam_1,18.07402,75.12002,0.0,0.0
22-04-2024 11:00,Ujjani Dam_1,18.07402,75.12002,0.0,0.0
22-04-2024 12:00,Ujjani Dam_1,18.07402,75.12002,0.0,0.0
22-04-2024 16:00,Ujjani Dam_1,18.07402,75.12002,0.0,0.0
22-04-2024 17:00,Ujjani Dam_1,18.07402,75.12002,0.0,0.0
22-04-2024 19:00,Ujjani Dam_1,18.07402,75.12002,0.0,0.0
22-04-2024 20:00,Ujjani Dam_1,18.07402,75.12002,0.0,0.0
22-04-2024 21:00,Ujjani Dam_1,18.07402,75.12002,0.0,0.0
22-04-2024 22:00,Ujjani Dam_1,18.07402,75.12002,0.0,0.0
23-04-2024 02:00,Ujjani Dam_1,18.07402,75.12002,0.0,0.0
23-04-2024 03:00,Ujjani Dam_1,18.07402,75.12002,0.0,0.0
23-04-2024 04:00,Ujjani Dam_1,18.07402,75.12002,0.0,0.0
23-04-2024 05:00,Ujjani Dam_1,18.07402,75.12002,0.0,0.0
23-04-2024 07:00,Ujjani Dam_1,18.07402,75.12002,0.0,0.0
23-04-2024 08:00,Ujjani Dam_1,18.07402,75.12002,0.0,0.0
23-04-2024 09:00,Ujjani Dam_1,18.07402,75.12002,0.0,0.0
23-04-2024 12:00,Ujjani Dam_1,18.07402,75.12002,0.0,0.0
23-04-2024 13:00,Ujjani Dam_1,18.07402,75.12002,0.0,0.0
23-04-2024 14:00,Ujjani Dam_1,18.07402,75.12002,0.0,0.0
23-04-2024 15:00,Ujjani Dam_1,18.07402,75.12002,0.0,0.0
23-04-2024 16:00,Ujjani Dam_1,18.07402,75.12002,0.0,0.0
23-04-2024 17:00,Ujjani Dam_1,18.07402,75.12002,0.0,0.0
23-04-2024 18:00,Ujjani Dam_1,18.07402,75.12002,0.0,0.0
23-04-2024 19:00,Ujjani Dam_1,18.07402,75.12002,0.0,0.0
23-04-2024 20:00,Ujjani Dam_1,18.07402,75.12002,0.0,0.0
23-04-2024 21:00,Ujjani Dam_1,18.07402,75.12002,0.0,0.0
24-04-2024 09:00,Ujjani Dam_1,18.07402,75.12002,0.0,0.0
24-04-2024 10:00,Ujjani Dam_1,18.07402,75.12002,0.0,0.0
24-04-2024 11:00,Ujjani Dam_1,18.07402,75.12002,0.0,0.0
24-04-2024 12:00,Ujjani Dam_1,18.07402,75.12002,0.0,0.0
25-04-2024 08:00,Ujjani Dam_1,18.07402,75.12002,0.0,0.0
25-04-2024 11:00,Ujjani Dam_1,18.07402,75.12002,0.0,0.0
25-04-2024 12:00,Ujjani Dam_1,18.07402,75.12002,0.0,0.0
25-04-2024 13:00,Ujjani Dam_1,18.07402,75.12002,0.0,0.0
25-04-2024 14:00,Ujjani Dam_1,18.07402,75.12002,0.0,0.0
25-04-2024 15:00,Ujjani Dam_1,18.07402,75.12002,0.0,0.0
25-04-2024 16:00,Ujjani Dam_1,18.07402,75.12002,0.0,0.0
25-04-2024 17:00,Ujjani Dam_1,18.07402,75.12002,0.0,0.0
25-04-2024 19:00,Ujjani Dam_1,18.07402,75.12002,0.0,0.0
25-04-2024 21:00,Ujjani Dam_1,18.07402,75.12002,0.0,0.0
25-04-2024 23:00,Ujjani Dam_1,18.07402,75.12002,0.0,0.0
26-04-2024 00:00,Ujjani Dam_1,18.07402,75.12002,0.0,0.0
26-04-2024 01:00,Ujjani Dam_1,18.07402,75.12002,0.0,0.0
26-04-2024 02:00,Ujjani Dam_1,18.07402,75.12002,0.0,0.0
26-04-2024 03:00,Ujjani Dam_1,18.07402,75.12002,0.0,0.0
26-04-2024 04:00,Ujjani Dam_1,18.07402,75.12002,0.0,0.0
26-04-2024 05:00,Ujjani Dam_1,18.07402,75.12002,0.0,0.0
26-04-2024 06:00,Ujjani Dam_1,18.07402,75.12002,0.0,0.0
26-04-2024 07:00,Ujjani Dam_1,18.07402,75.12002,0.0,0.0
26-04-2024 11:00,Ujjani Dam_1,18.07402,75.12002,0.0,0.0
26-04-2024 14:00,Ujjani Dam_1,18.07402,75.12002,0.0,0.0
26-04-2024 15:00,Ujjani Dam_1,18.07402,75.12002,0.0,0.0
26-04-2024 16:00,Ujjani Dam_1,18.07402,75.12002,0.0,0.0
26-04-2024 18:00,Ujjani Dam_1,18.07402,75.12002,0.0,0.0
27-04-2024 00:00,Ujjani Dam_1,18.07402,75.12002,0.0,0.0
27-04-2024 07:00,Ujjani Dam_1,18.07402,75.12002,0.0,0.0
03-05-2024 15:00,Ujjani Dam_1,18.07402,75.12002,0.0,0.0
03-05-2024 20:00,Ujjani Dam_1,18.07402,75.12002,0.0,0.0
04-05-2024 00:00,Ujjani Dam_1,18.07402,75.12002,0.0,0.0
04-05-2024 02:00,Ujjani Dam_1,18.07402,75.12002,0.0,0.0
04-05-2024 04:00,Ujjani Dam_1,18.07402,75.12002,0.0,0.0
04-05-2024 09:00,Ujjani Dam_1,18.07402,75.12002,0.0,0.0
04-05-2024 15:00,Ujjani Dam_1,18.07402,75.12002,0.0,0.0
04-05-2024 18:00,Ujjani Dam_1,18.07402,75.12002,0.0,0.0
04-05-2024 19:00,Ujjani Dam_1,18.07402,75.12002,0.0,0.0
04-05-2024 20:00,Ujjani Dam_1,18.07402,75.12002,0.0,0.0
05-05-2024 08:00,Ujjani Dam_1,18.07402,75.12002,0.0,0.0
06-05-2024 17:00,Ujjani Dam_1,18.07402,75.12002,0.0,0.0
06-05-2024 18:00,Ujjani Dam_1,18.07402,75.12002,0.0,0.0
06-05-2024 20:00,Ujjani Dam_1,18.07402,75.12002,0.0,0.0
06-05-2024 21:00,Ujjani Dam_1,18.07402,75.12002,0.0,0.0
07-05-2024 06:00,Ujjani Dam_1,18.07402,75.12002,0.0,0.0
07-05-2024 11:00,Ujjani Dam_1,18.07402,75.12002,0.0,0.0
07-05-2024 15:00,Ujjani Dam_1,18.07402,75.12002,0.0,0.0
07-05-2024 19:00,Ujjani Dam_1,18.07402,75.12002,0.0,0.0
07-05-2024 20:00,Ujjani Dam_1,18.07402,75.12002,0.0,0.0
07-05-2024 22:00,Ujjani Dam_1,18.07402,75.12002,0.0,0.0
08-05-2024 02:00,Ujjani Dam_1,18.07402,75.12002,0.0,0.0
08-05-2024 03:00,Ujjani Dam_1,18.07402,75.12002,0.0,0.0
08-05-2024 04:00,Ujjani Dam_1,18.07402,75.12002,0.0,0.0
08-05-2024 05:00,Ujjani Dam_1,18.07402,75.12002,0.0,0.0
08-05-2024 11:00,Ujjani Dam_1,18.07402,75.12002,0.0,0.0
08-05-2024 12:00,Ujjani Dam_1,18.07402,75.12002,0.0,0.0
08-05-2024 13:00,Ujjani Dam_1,18.07402,75.12002,0.0,0.0
08-05-2024 22:00,Ujjani Dam_1,18.07402,75.12002,0.0,0.0
08-05-2024 23:00,Ujjani Dam_1,18.07402,75.12002,0.0,0.0
09-05-2024 00:00,Ujjani Dam_1,18.07402,75.12002,0.0,0.0
09-05-2024 01:00,Ujjani Dam_1,18.07402,75.12002,0.0,0.0
09-05-2024 03:00,Ujjani Dam_1,18.07402,75.12002,0.0,0.0
09-05-2024 04:00,Ujjani Dam_1,18.07402,75.12002,0.0,0.0
09-05-2024 05:00,Ujjani Dam_1,18.07402,75.12002,0.0,0.0
09-05-2024 06:00,Ujjani Dam_1,18.07402,75.12002,0.0,0.0
15-05-2024 13:00,Ujjani Dam_1,18.07402,75.12002,0.0,0.0
14-06-2024 14:00,Ujjani Dam_1,18.07402,75.12002,0.0,0.0
14-06-2024 15:00,Ujjani Dam_1,18.07402,75.12002,0.0,0.0
14-06-2024 16:00,Ujjani Dam_1,18.07402,75.12002,0.0,0.0
14-06-2024 17:00,Ujjani Dam_1,18.07402,75.12002,0.0,0.0
14-06-2024 18:00,Ujjani Dam_1,18.07402,75.12002,0.0,0.0
14-06-2024 19:00,Ujjani Dam_1,18.07402,75.12002,0.0,0.0
14-06-2024 20:00,Ujjani Dam_1,18.07402,75.12002,0.0,0.0
14-06-2024 22:00,Ujjani Dam_1,18.07402,75.12002,0.0,0.0
14-06-2024 23:00,Ujjani Dam_1,18.07402,75.12002,0.0,0.0
15-06-2024 00:00,Ujjani Dam_1,18.07402,75.12002,0.0,0.0
15-06-2024 01:00,Ujjani Dam_1,18.07402,75.12002,0.0,0.0
15-06-2024 02:00,Ujjani Dam_1,18.07402,75.12002,0.0,0.0
15-06-2024 03:00,Ujjani Dam_1,18.07402,75.12002,0.0,0.0
15-06-2024 04:00,Ujjani Dam_1,18.07402,75.12002,0.0,0.0
15-06-2024 05:00,Ujjani Dam_1,18.07402,75.12002,0.0,0.0
15-06-2024 06:00,Ujjani Dam_1,18.07402,75.12002,0.0,0.0
15-06-2024 08:00,Ujjani Dam_1,18.07402,75.12002,0.0,0.0
15-06-2024 09:00,Ujjani Dam_1,18.07402,75.12002,0.0,0.0
15-06-2024 10:00,Ujjani Dam_1,18.07402,75.12002,0.0,0.0
15-06-2024 11:00,Ujjani Dam_1,18.07402,75.12002,0.0,0.0
15-06-2024 12:00,Ujjani Dam_1,18.07402,75.12002,0.0,0.0
15-06-2024 13:00,Ujjani Dam_1,18.07402,75.12002,0.0,0.0
15-06-2024 16:00,Ujjani Dam_1,18.07402,75.12002,0.0,0.0
15-06-2024 17:00,Ujjani Dam_1,18.07402,75.12002,0.0,0.0
15-06-2024 18:00,Ujjani Dam_1,18.07402,75.12002,0.0,0.0
15-06-2024 19:00,Ujjani Dam_1,18.07402,75.12002,0.0,0.0
15-06-2024 20:00,Ujjani Dam_1,18.07402,75.12002,0.0,0.0
15-06-2024 21:00,Ujjani Dam_1,18.07402,75.12002,0.0,0.0
15-06-2024 22:00,Ujjani Dam_1,18.07402,75.12002,0.0,0.0
15-06-2024 23:00,Ujjani Dam_1,18.07402,75.12002,0.0,0.0
16-06-2024 00:00,Ujjani Dam_1,18.07402,75.12002,0.0,0.0
16-06-2024 02:00,Ujjani Dam_1,18.07402,75.12002,0.0,0.0
16-06-2024 03:00,Ujjani Dam_1,18.07402,75.12002,0.0,0.0
16-06-2024 04:00,Ujjani Dam_1,18.07402,75.12002,0.0,0.0
16-06-2024 05:00,Ujjani Dam_1,18.07402,75.12002,0.0,0.0
16-06-2024 06:00,Ujjani Dam_1,18.07402,75.12002,0.0,0.0
16-06-2024 08:00,Ujjani Dam_1,18.07402,75.12002,0.0,0.0
16-06-2024 09:00,Ujjani Dam_1,18.07402,75.12002,0.0,0.0
16-06-2024 10:00,Ujjani Dam_1,18.07402,75.12002,0.0,0.0
16-06-2024 11:00,Ujjani Dam_1,18.07402,75.12002,0.0,0.0
16-06-2024 12:00,Ujjani Dam_1,18.07402,75.12002,0.0,0.0
17-06-2024 12:00,Ujjani Dam_1,18.07402,75.12002,0.0,0.0
17-06-2024 13:00,Ujjani Dam_1,18.07402,75.12002,0.0,0.0
03-07-2024 16:00,Ujjani Dam_1,18.07402,75.12002,0.0,0.0
03-07-2024 18:00,Ujjani Dam_1,18.07402,75.12002,0.0,0.0
03-07-2024 19:00,Ujjani Dam_1,18.07402,75.12002,0.0,0.0
03-07-2024 20:00,Ujjani Dam_1,18.07402,75.12002,0.0,0.0
03-07-2024 21:00,Ujjani Dam_1,18.07402,75.12002,0.0,0.0
03-07-2024 22:00,Ujjani Dam_1,18.07402,75.12002,0.0,0.0
04-07-2024 02:00,Ujjani Dam_1,18.07402,75.12002,0.0,0.0
04-07-2024 15:00,Ujjani Dam_1,18.07402,75.12002,0.0,0.0
04-07-2024 16:00,Ujjani Dam_1,18.07402,75.12002,0.0,0.0
11-07-2024 12:00,Ujjani Dam_1,18.07402,75.12002,0.0,0.0
12-07-2024 12:00,Ujjani Dam_1,18.07402,75.12002,0.0,0.0
12-07-2024 16:00,Ujjani Dam_1,18.07402,75.12002,0.0,0.0
12-07-2024 17:00,Ujjani Dam_1,18.07402,75.12002,0.0,0.0
12-07-2024 22:00,Ujjani Dam_1,18.07402,75.12002,0.0,0.0
14-07-2024 22:00,Ujjani Dam_1,18.07402,75.12002,0.0,0.0
15-07-2024 00:00,Ujjani Dam_1,18.07402,75.12002,0.0,0.0
15-07-2024 09:00,Ujjani Dam_1,18.07402,75.12002,0.0,0.0
15-07-2024 10:00,Ujjani Dam_1,18.07402,75.12002,0.0,0.0
15-07-2024 11:00,Ujjani Dam_1,18.07402,75.12002,0.0,0.0
16-07-2024 07:00,Ujjani Dam_1,18.07402,75.12002,0.0,0.0
16-07-2024 08:00,Ujjani Dam_1,18.07402,75.12002,0.0,0.0
16-07-2024 09:00,Ujjani Dam_1,18.07402,75.12002,0.0,0.0
16-07-2024 10:00,Ujjani Dam_1,18.07402,75.12002,0.0,0.0
16-07-2024 14:00,Ujjani Dam_1,18.07402,75.12002,0.0,0.0
16-07-2024 15:00,Ujjani Dam_1,18.07402,75.12002,0.0,0.0
16-07-2024 16:00,Ujjani Dam_1,18.07402,75.12002,0.0,0.0
16-07-2024 17:00,Ujjani Dam_1,18.07402,75.12002,0.0,0.0
16-07-2024 18:00,Ujjani Dam_1,18.07402,75.12002,0.0,0.0
16-07-2024 21:00,Ujjani Dam_1,18.07402,75.12002,0.0,0.0
16-07-2024 22:00,Ujjani Dam_1,18.07402,75.12002,0.0,0.0
16-07-2024 23:00,Ujjani Dam_1,18.07402,75.12002,0.0,0.0
17-07-2024 01:00,Ujjani Dam_1,18.07402,75.12002,0.0,0.0
17-07-2024 02:00,Ujjani Dam_1,18.07402,75.12002,0.0,0.0
17-07-2024 03:00,Ujjani Dam_1,18.07402,75.12002,0.0,0.0
17-07-2024 04:00,Ujjani Dam_1,18.07402,75.12002,0.0,0.0
17-07-2024 05:00,Ujjani Dam_1,18.07402,75.12002,0.0,0.0
17-07-2024 09:00,Ujjani Dam_1,18.07402,75.12002,0.0,0.0
17-07-2024 10:00,Ujjani Dam_1,18.07402,75.12002,0.0,0.0
17-07-2024 11:00,Ujjani Dam_1,18.07402,75.12002,0.0,0.0
17-07-2024 13:00,Ujjani Dam_1,18.07402,75.12002,0.0,0.0
17-07-2024 18:00,Ujjani Dam_1,18.07402,75.12002,0.0,0.0
18-07-2024 05:00,Ujjani Dam_1,18.07402,75.12002,0.0,0.0
18-07-2024 08:00,Ujjani Dam_1,18.07402,75.12002,0.0,0.0
18-07-2024 09:00,Ujjani Dam_1,18.07402,75.12002,0.0,0.0
18-07-2024 10:00,Ujjani Dam_1,18.07402,75.12002,0.0,0.0
18-07-2024 11:00,Ujjani Dam_1,18.07402,75.12002,0.0,0.0
18-07-2024 12:00,Ujjani Dam_1,18.07402,75.12002,0.0,0.0
18-07-2024 15:00,Ujjani Dam_1,18.07402,75.12002,0.0,0.0
18-07-2024 16:00,Ujjani Dam_1,18.07402,75.12002,0.0,0.0
18-07-2024 17:00,Ujjani Dam_1,18.07402,75.12002,0.0,0.0
20-08-2024 16:00,Ujjani Dam_1,18.07402,75.12002,5005.88,141.75073601796097
20-08-2024 17:00,Ujjani Dam_1,18.07402,75.12002,5010.08,141.86966677364737
20-08-2024 19:00,Ujjani Dam_1,18.07402,75.12002,5010.08,141.86966677364737
20-08-2024 20:00,Ujjani Dam_1,18.07402,75.12002,5010.08,141.86966677364737
20-08-2024 21:00,Ujjani Dam_1,18.07402,75.12002,5014.34,141.9902965401293
20-08-2024 22:00,Ujjani Dam_1,18.07402,75.12002,5022.8,142.2298570622976
20-08-2024 23:00,Ujjani Dam_1,18.07402,75.12002,5022.8,142.2298570622976
21-08-2024 00:00,Ujjani Dam_1,18.07402,75.12002,5022.8,142.2298570622976
21-08-2024 01:00,Ujjani Dam_1,18.07402,75.12002,5018.55,142.1095104642816
21-08-2024 13:00,Ujjani Dam_1,18.07402,75.12002,5029.52,142.42014627139585
21-08-2024 14:00,Ujjani Dam_1,18.07402,75.12002,5029.52,142.42014627139585
21-08-2024 15:00,Ujjani Dam_1,18.07402,75.12002,5029.52,142.42014627139585
21-08-2024 16:00,Ujjani Dam_1,18.07402,75.12002,5029.52,142.42014627139585
21-08-2024 17:00,Ujjani Dam_1,18.07402,75.12002,5018.55,142.1095104642816
21-08-2024 19:00,Ujjani Dam_1,18.07402,75.12002,5029.52,142.42014627139585
21-08-2024 20:00,Ujjani Dam_1,18.07402,75.12002,5037.98,142.65970679356414
21-08-2024 21:00,Ujjani Dam_1,18.07402,75.12002,5029.52,142.42014627139585
21-08-2024 23:00,Ujjani Dam_1,18.07402,75.12002,5029.52,142.42014627139585
22-08-2024 00:00,Ujjani Dam_1,18.07402,75.12002,5025.26,142.29951650491392
22-08-2024 01:00,Ujjani Dam_1,18.07402,75.12002,5025.26,142.29951650491392
22-08-2024 02:00,Ujjani Dam_1,18.07402,75.12002,5025.26,142.29951650491392
22-08-2024 03:00,Ujjani Dam_1,18.07402,75.12002,5025.26,142.29951650491392
22-08-2024 04:00,Ujjani Dam_1,18.07402,75.12002,5025.26,142.29951650491392
22-08-2024 05:00,Ujjani Dam_1,18.07402,75.12002,5029.52,142.42014627139585
22-08-2024 06:00,Ujjani Dam_1,18.07402,75.12002,5025.26,142.29951650491392
22-08-2024 07:00,Ujjani Dam_1,18.07402,75.12002,5025.26,142.29951650491392
22-08-2024 08:00,Ujjani Dam_1,18.07402,75.12002,5029.52,142.42014627139585
22-08-2024 10:00,Ujjani Dam_1,18.07402,75.12002,5029.52,142.42014627139585
22-08-2024 11:00,Ujjani Dam_1,18.07402,75.12002,5033.77,142.54049286941185
22-08-2024 12:00,Ujjani Dam_1,18.07402,75.12002,5029.52,142.42014627139585
22-08-2024 13:00,Ujjani Dam_1,18.07402,75.12002,5033.77,142.54049286941185
22-08-2024 14:00,Ujjani Dam_1,18.07402,75.12002,5029.52,142.42014627139585
22-08-2024 15:00,Ujjani Dam_1,18.07402,75.12002,5033.77,142.54049286941185
22-08-2024 16:00,Ujjani Dam_1,18.07402,75.12002,5022.8,142.2298570622976
22-08-2024 18:00,Ujjani Dam_1,18.07402,75.12002,5029.52,142.42014627139585
22-08-2024 19:00,Ujjani Dam_1,18.07402,75.12002,5029.52,142.42014627139585
22-08-2024 20:00,Ujjani Dam_1,18.07402,75.12002,5033.77,142.54049286941185
22-08-2024 21:00,Ujjani Dam_1,18.07402,75.12002,5033.77,142.54049286941185
22-08-2024 22:00,Ujjani Dam_1,18.07402,75.12002,5033.77,142.54049286941185
22-08-2024 23:00,Ujjani Dam_1,18.07402,75.12002,5037.98,142.65970679356414
23-08-2024 01:00,Ujjani Dam_1,18.07402,75.12002,5033.77,142.54049286941185
29-08-2024 17:00,Ujjani Dam_1,18.07402,75.12002,80528.80000000002,2280.3216758378503
29-08-2024 18:00,Ujjani Dam_1,18.07402,75.12002,80455.36000000002,2278.2420866241337
29-08-2024 19:00,Ujjani Dam_1,18.07402,75.12002,70609.56,1999.4400784486195
29-08-2024 20:00,Ujjani Dam_1,18.07402,75.12002,70541.74,1997.5196299127504
29-08-2024 21:00,Ujjani Dam_1,18.07402,75.12002,70479.64000000003,1995.7611537393877
29-08-2024 22:00,Ujjani Dam_1,18.07402,75.12002,60769.43999999997,1720.7989099617478
29-08-2024 23:00,Ujjani Dam_1,18.07402,75.12002,52221.17999999999,1478.7391429132183
30-08-2024 00:00,Ujjani Dam_1,18.07402,75.12002,51000.0,1444.1591761920001
30-08-2024 01:00,Ujjani Dam_1,18.07402,75.12002,41086.78999999999,1163.4483293877195
30-08-2024 02:00,Ujjani Dam_1,18.07402,75.12002,41086.78999999999,1163.4483293877195
30-08-2024 04:00,Ujjani Dam_1,18.07402,75.12002,41053.02999999999,1162.4923526467735
30-08-2024 05:00,Ujjani Dam_1,18.07402,75.12002,41053.02999999999,1162.4923526467735
30-08-2024 06:00,Ujjani Dam_1,18.07402,75.12002,41086.78999999999,1163.4483293877195
30-08-2024 07:00,Ujjani Dam_1,18.07402,75.12002,40552.479999999996,1148.3183550851481
30-08-2024 08:00,Ujjani Dam_1,18.07402,75.12002,40552.479999999996,1148.3183550851481
30-08-2024 09:00,Ujjani Dam_1,18.07402,75.12002,40552.479999999996,1148.3183550851481
30-08-2024 11:00,Ujjani Dam_1,18.07402,75.12002,35543.909999999996,1006.4914467498546
30-08-2024 12:00,Ujjani Dam_1,18.07402,75.12002,35572.43000000001,1007.2990432146588
30-08-2024 13:00,Ujjani Dam_1,18.07402,75.12002,35572.43000000001,1007.2990432146588
30-08-2024 14:00,Ujjani Dam_1,18.07402,75.12002,35572.43000000001,1007.2990432146588
30-08-2024 15:00,Ujjani Dam_1,18.07402,75.12002,35572.43000000001,1007.2990432146588
30-08-2024 16:00,Ujjani Dam_1,18.07402,75.12002,35572.43000000001,1007.2990432146588
30-08-2024 17:00,Ujjani Dam_1,18.07402,75.12002,35600.740000000005,1008.1006931416782
30-08-2024 19:00,Ujjani Dam_1,18.07402,75.12002,35600.740000000005,1008.1006931416782
30-08-2024 20:00,Ujjani Dam_1,18.07402,75.12002,35543.909999999996,1006.4914467498546
30-08-2024 21:00,Ujjani Dam_1,18.07402,75.12002,35572.43000000001,1007.2990432146588
30-08-2024 22:00,Ujjani Dam_1,18.07402,75.12002,35572.43000000001,1007.2990432146588
30-08-2024 23:00,Ujjani Dam_1,18.07402,75.12002,35543.909999999996,1006.4914467498546
31-08-2024 00:00,Ujjani Dam_1,18.07402,75.12002,35543.909999999996,1006.4914467498546
31-08-2024 01:00,Ujjani Dam_1,18.07402,75.12002,35543.909999999996,1006.4914467498546
31-08-2024 03:00,Ujjani Dam_1,18.07402,75.12002,35510.34,1005.5408502097612
31-08-2024 04:00,Ujjani Dam_1,18.07402,75.12002,25268.320000000003,715.5191410775656
31-08-2024 05:00,Ujjani Dam_1,18.07402,75.12002,25268.320000000003,715.5191410775656
31-08-2024 06:00,Ujjani Dam_1,18.07402,75.12002,25268.320000000003,715.5191410775656
31-08-2024 07:00,Ujjani Dam_1,18.07402,75.12002,25268.320000000003,715.5191410775656
31-08-2024 08:00,Ujjani Dam_1,18.07402,75.12002,25268.320000000003,715.5191410775656
31-08-2024 09:00,Ujjani Dam_1,18.07402,75.12002,25245.760000000006,714.8803130184501
31-08-2024 11:00,Ujjani Dam_1,18.07402,75.12002,20109.6,569.4404582264832
31-08-2024 12:00,Ujjani Dam_1,18.07402,75.12002,20109.6,569.4404582264832
31-08-2024 13:00,Ujjani Dam_1,18.07402,75.12002,20109.6,569.4404582264832
31-08-2024 14:00,Ujjani Dam_1,18.07402,75.12002,20109.6,569.4404582264832
31-08-2024 15:00,Ujjani Dam_1,18.07402,75.12002,20092.640000000007,568.9602045082831
31-08-2024 16:00,Ujjani Dam_1,18.07402,75.12002,20092.640000000007,568.9602045082831
31-08-2024 18:00,Ujjani Dam_1,18.07402,75.12002,20109.6,569.4404582264832
31-08-2024 19:00,Ujjani Dam_1,18.07402,75.12002,20120.96,569.7621376037683
31-08-2024 20:00,Ujjani Dam_1,18.07402,75.12002,20120.96,569.7621376037683
31-08-2024 21:00,Ujjani Dam_1,18.07402,75.12002,20120.96,569.7621376037683
31-08-2024 22:00,Ujjani Dam_1,18.07402,75.12002,20137.760000000002,570.237860626514
31-08-2024 23:00,Ujjani Dam_1,18.07402,75.12002,20120.96,569.7621376037683
01-09-2024 00:00,Ujjani Dam_1,18.07402,75.12002,20120.96,569.7621376037683
01-09-2024 02:00,Ujjani Dam_1,18.07402,75.12002,20109.6,569.4404582264832
01-09-2024 03:00,Ujjani Dam_1,18.07402,75.12002,20109.6,569.4404582264832
01-09-2024 04:00,Ujjani Dam_1,18.07402,75.12002,20109.6,569.4404582264832
01-09-2024 05:00,Ujjani Dam_1,18.07402,75.12002,20109.6,569.4404582264832
01-09-2024 06:00,Ujjani Dam_1,18.07402,75.12002,20109.6,569.4404582264832
01-09-2024 07:00,Ujjani Dam_1,18.07402,75.12002,20109.6,569.4404582264832
01-09-2024 08:00,Ujjani Dam_1,18.07402,75.12002,20109.6,569.4404582264832
01-09-2024 10:00,Ujjani Dam_1,18.07402,75.12002,20109.6,569.4404582264832
01-09-2024 11:00,Ujjani Dam_1,18.07402,75.12002,20109.6,569.4404582264832
01-09-2024 12:00,Ujjani Dam_1,18.07402,75.12002,20109.6,569.4404582264832
01-09-2024 13:00,Ujjani Dam_1,18.07402,75.12002,20109.6,569.4404582264832
01-09-2024 14:00,Ujjani Dam_1,18.07402,75.12002,20075.679999999997,568.4799507900825
01-09-2024 15:00,Ujjani Dam_1,18.07402,75.12002,20075.679999999997,568.4799507900825
01-09-2024 16:00,Ujjani Dam_1,18.07402,75.12002,20075.679999999997,568.4799507900825
01-09-2024 18:00,Ujjani Dam_1,18.07402,75.12002,20092.640000000007,568.9602045082831
01-09-2024 19:00,Ujjani Dam_1,18.07402,75.12002,19112.660000000007,541.210261185055
01-09-2024 20:00,Ujjani Dam_1,18.07402,75.12002,14883.040000000006,421.44076050259986
01-09-2024 21:00,Ujjani Dam_1,18.07402,75.12002,14866.079999999994,420.96050678439923
01-09-2024 22:00,Ujjani Dam_1,18.07402,75.12002,14866.079999999994,420.96050678439923
01-09-2024 23:00,Ujjani Dam_1,18.07402,75.12002,14854.72,420.6388274071142
02-09-2024 00:00,Ujjani Dam_1,18.07402,75.12002,14854.72,420.6388274071142
02-09-2024 02:00,Ujjani Dam_1,18.07402,75.12002,14854.72,420.6388274071142
02-09-2024 03:00,Ujjani Dam_1,18.07402,75.12002,14866.079999999994,420.96050678439923
02-09-2024 04:00,Ujjani Dam_1,18.07402,75.12002,14866.079999999994,420.96050678439923
02-09-2024 05:00,Ujjani Dam_1,18.07402,75.12002,14866.079999999994,420.96050678439923
02-09-2024 06:00,Ujjani Dam_1,18.07402,75.12002,14866.079999999994,420.96050678439923
02-09-2024 09:00,Ujjani Dam_1,18.07402,75.12002,14843.519999999997,420.3216787252838
02-09-2024 10:00,Ujjani Dam_1,18.07402,75.12002,14866.079999999994,420.96050678439923
02-09-2024 11:00,Ujjani Dam_1,18.07402,75.12002,14854.72,420.6388274071142
02-09-2024 12:00,Ujjani Dam_1,18.07402,75.12002,14854.72,420.6388274071142
02-09-2024 13:00,Ujjani Dam_1,18.07402,75.12002,14843.519999999997,420.3216787252838
02-09-2024 14:00,Ujjani Dam_1,18.07402,75.12002,14854.72,420.6388274071142
02-09-2024 15:00,Ujjani Dam_1,18.07402,75.12002,14854.72,420.6388274071142
02-09-2024 16:00,Ujjani Dam_1,18.07402,75.12002,14854.72,420.6388274071142
02-09-2024 18:00,Ujjani Dam_1,18.07402,75.12002,14854.72,420.6388274071142
02-09-2024 19:00,Ujjani Dam_1,18.07402,75.12002,10633.920000000002,301.1190813116007
02-09-2024 20:00,Ujjani Dam_1,18.07402,75.12002,10639.679999999997,301.2821863479705
02-09-2024 21:00,Ujjani Dam_1,18.07402,75.12002,10633.920000000002,301.1190813116007
02-09-2024 22:00,Ujjani Dam_1,18.07402,75.12002,10650.880000000001,301.599335029801
02-09-2024 23:00,Ujjani Dam_1,18.07402,75.12002,10639.679999999997,301.2821863479705
03-09-2024 00:00,Ujjani Dam_1,18.07402,75.12002,10633.920000000002,301.1190813116007
03-09-2024 02:00,Ujjani Dam_1,18.07402,75.12002,10633.920000000002,301.1190813116007
03-09-2024 03:00,Ujjani Dam_1,18.07402,75.12002,10633.920000000002,301.1190813116007
03-09-2024 04:00,Ujjani Dam_1,18.07402,75.12002,10633.920000000002,301.1190813116007
03-09-2024 05:00,Ujjani Dam_1,18.07402,75.12002,10633.920000000002,301.1190813116007
03-09-2024 06:00,Ujjani Dam_1,18.07402,75.12002,10633.920000000002,301.1190813116007
03-09-2024 07:00,Ujjani Dam_1,18.07402,75.12002,10633.920000000002,301.1190813116007
03-09-2024 09:00,Ujjani Dam_1,18.07402,75.12002,10633.920000000002,301.1190813116007
03-09-2024 10:00,Ujjani Dam_1,18.07402,75.12002,10633.920000000002,301.1190813116007
03-09-2024 11:00,Ujjani Dam_1,18.07402,75.12002,10633.920000000002,301.1190813116007
03-09-2024 12:00,Ujjani Dam_1,18.07402,75.12002,10633.920000000002,301.1190813116007
03-09-2024 13:00,Ujjani Dam_1,18.07402,75.12002,10633.920000000002,301.1190813116007
03-09-2024 14:00,Ujjani Dam_1,18.07402,75.12002,10639.679999999997,301.2821863479705
03-09-2024 15:00,Ujjani Dam_1,18.07402,75.12002,10633.920000000002,301.1190813116007
03-09-2024 17:00,Ujjani Dam_1,18.07402,75.12002,10633.920000000002,301.1190813116007
03-09-2024 18:00,Ujjani Dam_1,18.07402,75.12002,10633.920000000002,301.1190813116007
03-09-2024 19:00,Ujjani Dam_1,18.07402,75.12002,5319.84,150.6410931739853
03-09-2024 20:00,Ujjani Dam_1,18.07402,75.12002,5319.84,150.6410931739853
03-09-2024 21:00,Ujjani Dam_1,18.07402,75.12002,5319.84,150.6410931739853
03-09-2024 22:00,Ujjani Dam_1,18.07402,75.12002,5319.84,150.6410931739853
03-09-2024 23:00,Ujjani Dam_1,18.07402,75.12002,5319.84,150.6410931739853
04-09-2024 01:00,Ujjani Dam_1,18.07402,75.12002,5319.84,150.6410931739853
04-09-2024 02:00,Ujjani Dam_1,18.07402,75.12002,5325.44,150.79966751490048
04-09-2024 03:00,Ujjani Dam_1,18.07402,75.12002,5325.44,150.79966751490048
04-09-2024 04:00,Ujjani Dam_1,18.07402,75.12002,5325.44,150.79966751490048
04-09-2024 05:00,Ujjani Dam_1,18.07402,75.12002,5325.44,150.79966751490048
04-09-2024 06:00,Ujjani Dam_1,18.07402,75.12002,5325.44,150.79966751490048
04-09-2024 07:00,Ujjani Dam_1,18.07402,75.12002,5328.239999999999,150.87895468535805
04-09-2024 09:00,Ujjani Dam_1,18.07402,75.12002,5328.239999999999,150.87895468535805
04-09-2024 10:00,Ujjani Dam_1,18.07402,75.12002,5336.72,151.11908154445825
04-09-2024 11:00,Ujjani Dam_1,18.07402,75.12002,5333.919999999999,151.03979437400062
04-09-2024 12:00,Ujjani Dam_1,18.07402,75.12002,5342.400000000001,151.27992123310082
04-09-2024 13:00,Ujjani Dam_1,18.07402,75.12002,5336.72,151.11908154445825
04-09-2024 14:00,Ujjani Dam_1,18.07402,75.12002,5333.919999999999,151.03979437400062
04-09-2024 15:00,Ujjani Dam_1,18.07402,75.12002,5336.72,151.11908154445825
04-09-2024 17:00,Ujjani Dam_1,18.07402,75.12002,5342.400000000001,151.27992123310082
04-09-2024 18:00,Ujjani Dam_1,18.07402,75.12002,5342.400000000001,151.27992123310082
04-09-2024 19:00,Ujjani Dam_1,18.07402,75.12002,5342.400000000001,151.27992123310082
04-09-2024 20:00,Ujjani Dam_1,18.07402,75.12002,5342.400000000001,151.27992123310082
04-09-2024 21:00,Ujjani Dam_1,18.07402,75.12002,5342.400000000001,151.27992123310082
04-09-2024 22:00,Ujjani Dam_1,18.07402,75.12002,5345.2,151.3592084035584
04-09-2024 23:00,Ujjani Dam_1,18.07402,75.12002,5342.400000000001,151.27992123310082
05-09-2024 01:00,Ujjani Dam_1,18.07402,75.12002,5342.400000000001,151.27992123310082
05-09-2024 02:00,Ujjani Dam_1,18.07402,75.12002,5342.400000000001,151.27992123310082
05-09-2024 03:00,Ujjani Dam_1,18.07402,75.12002,5345.2,151.3592084035584
05-09-2024 04:00,Ujjani Dam_1,18.07402,75.12002,5342.400000000001,151.27992123310082
05-09-2024 05:00,Ujjani Dam_1,18.07402,75.12002,5342.400000000001,151.27992123310082
05-09-2024 06:00,Ujjani Dam_1,18.07402,75.12002,5342.400000000001,151.27992123310082
05-09-2024 07:00,Ujjani Dam_1,18.07402,75.12002,5342.400000000001,151.27992123310082
05-09-2024 09:00,Ujjani Dam_1,18.07402,75.12002,5345.2,151.3592084035584
05-09-2024 10:00,Ujjani Dam_1,18.07402,75.12002,5350.88,151.52004809220097
05-09-2024 11:00,Ujjani Dam_1,18.07402,75.12002,5350.88,151.52004809220097
05-09-2024 12:00,Ujjani Dam_1,18.07402,75.12002,5350.88,151.52004809220097
05-09-2024 13:00,Ujjani Dam_1,18.07402,75.12002,5353.68,151.59933526265857
05-09-2024 14:00,Ujjani Dam_1,18.07402,75.12002,6022.89,170.5492521704909
05-09-2024 16:00,Ujjani Dam_1,18.07402,75.12002,10718.72,303.5203499026022
05-09-2024 17:00,Ujjani Dam_1,18.07402,75.12002,10707.359999999997,303.198670525317
05-09-2024 18:00,Ujjani Dam_1,18.07402,75.12002,10707.359999999997,303.198670525317
05-09-2024 19:00,Ujjani Dam_1,18.07402,75.12002,10707.359999999997,303.198670525317
05-09-2024 20:00,Ujjani Dam_1,18.07402,75.12002,10718.72,303.5203499026022
05-09-2024 21:00,Ujjani Dam_1,18.07402,75.12002,12346.710000000001,349.6198929859124
05-09-2024 22:00,Ujjani Dam_1,18.07402,75.12002,20171.679999999997,571.1983680629145
05-09-2024 23:00,Ujjani Dam_1,18.07402,75.12002,20171.679999999997,571.1983680629145
06-09-2024 01:00,Ujjani Dam_1,18.07402,75.12002,20171.679999999997,571.1983680629145
06-09-2024 02:00,Ujjani Dam_1,18.07402,75.12002,20171.679999999997,571.1983680629145
06-09-2024 03:00,Ujjani Dam_1,18.07402,75.12002,20154.72,570.7181143447143
06-09-2024 04:00,Ujjani Dam_1,18.07402,75.12002,20137.760000000002,570.237860626514
06-09-2024 05:00,Ujjani Dam_1,18.07402,75.12002,20120.96,569.7621376037683
06-09-2024 06:00,Ujjani Dam_1,18.07402,75.12002,20137.760000000002,570.237860626514
06-09-2024 08:00,Ujjani Dam_1,18.07402,75.12002,20137.760000000002,570.237860626514
06-09-2024 09:00,Ujjani Dam_1,18.07402,75.12002,20137.760000000002,570.237860626514
06-09-2024 10:00,Ujjani Dam_1,18.07402,75.12002,20137.760000000002,570.237860626514
06-09-2024 11:00,Ujjani Dam_1,18.07402,75.12002,20137.760000000002,570.237860626514
06-09-2024 12:00,Ujjani Dam_1,18.07402,75.12002,20170.610000000004,571.1680690370613
06-09-2024 13:00,Ujjani Dam_1,18.07402,75.12002,23739.270000000004,672.221266796068
06-09-2024 14:00,Ujjani Dam_1,18.07402,75.12002,29871.610000000008,845.8697978260534
06-09-2024 16:00,Ujjani Dam_1,18.07402,75.12002,29894.170000000013,846.5086258851691
06-09-2024 17:00,Ujjani Dam_1,18.07402,75.12002,29967.660000000007,848.589630941215
06-09-2024 18:00,Ujjani Dam_1,18.07402,75.12002,29990.220000000012,849.2284590003306
06-09-2024 19:00,Ujjani Dam_1,18.07402,75.12002,30018.540000000008,850.030392095816
06-09-2024 20:00,Ujjani Dam_1,18.07402,75.12002,29990.220000000012,849.2284590003306
06-09-2024 21:00,Ujjani Dam_1,18.07402,75.12002,29967.660000000007,848.589630941215
06-09-2024 22:00,Ujjani Dam_1,18.07402,75.12002,29990.220000000012,849.2284590003306
07-09-2024 00:00,Ujjani Dam_1,18.07402,75.12002,29990.220000000012,849.2284590003306
07-09-2024 01:00,Ujjani Dam_1,18.07402,75.12002,30018.540000000008,850.030392095816
07-09-2024 02:00,Ujjani Dam_1,18.07402,75.12002,30041.100000000006,850.6692201549314
07-09-2024 03:00,Ujjani Dam_1,18.07402,75.12002,30018.540000000008,850.030392095816
07-09-2024 04:00,Ujjani Dam_1,18.07402,75.12002,29990.220000000012,849.2284590003306
07-09-2024 05:00,Ujjani Dam_1,18.07402,75.12002,30041.100000000006,850.6692201549314
07-09-2024 06:00,Ujjani Dam_1,18.07402,75.12002,30041.100000000006,850.6692201549314
07-09-2024 08:00,Ujjani Dam_1,18.07402,75.12002,30041.100000000006,850.6692201549314
07-09-2024 09:00,Ujjani Dam_1,18.07402,75.12002,30069.41000000001,851.470870081951
07-09-2024 10:00,Ujjani Dam_1,18.07402,75.12002,30091.98000000001,852.1099813095325
07-09-2024 11:00,Ujjani Dam_1,18.07402,75.12002,30120.28999999999,852.9116312365514
07-09-2024 12:00,Ujjani Dam_1,18.07402,75.12002,30120.28999999999,852.9116312365514
07-09-2024 13:00,Ujjani Dam_1,18.07402,75.12002,30120.28999999999,852.9116312365514
07-09-2024 14:00,Ujjani Dam_1,18.07402,75.12002,30120.28999999999,852.9116312365514
07-09-2024 16:00,Ujjani Dam_1,18.07402,75.12002,30142.85999999999,853.5507424641329
07-09-2024 17:00,Ujjani Dam_1,18.07402,75.12002,30142.85999999999,853.5507424641329
07-09-2024 18:00,Ujjani Dam_1,18.07402,75.12002,30142.85999999999,853.5507424641329
07-09-2024 19:00,Ujjani Dam_1,18.07402,75.12002,30142.85999999999,853.5507424641329
07-09-2024 20:00,Ujjani Dam_1,18.07402,75.12002,30120.28999999999,852.9116312365514
07-09-2024 21:00,Ujjani Dam_1,18.07402,75.12002,30120.28999999999,852.9116312365514
07-09-2024 22:00,Ujjani Dam_1,18.07402,75.12002,30091.98000000001,852.1099813095325
08-09-2024 00:00,Ujjani Dam_1,18.07402,75.12002,30091.98000000001,852.1099813095325
08-09-2024 01:00,Ujjani Dam_1,18.07402,75.12002,30091.98000000001,852.1099813095325
08-09-2024 02:00,Ujjani Dam_1,18.07402,75.12002,30091.98000000001,852.1099813095325
08-09-2024 03:00,Ujjani Dam_1,18.07402,75.12002,30091.98000000001,852.1099813095325
08-09-2024 04:00,Ujjani Dam_1,18.07402,75.12002,30091.98000000001,852.1099813095325
08-09-2024 05:00,Ujjani Dam_1,18.07402,75.12002,30091.98000000001,852.1099813095325
08-09-2024 06:00,Ujjani Dam_1,18.07402,75.12002,30091.98000000001,852.1099813095325
08-09-2024 08:00,Ujjani Dam_1,18.07402,75.12002,30091.98000000001,852.1099813095325
08-09-2024 09:00,Ujjani Dam_1,18.07402,75.12002,30091.98000000001,852.1099813095325
08-09-2024 10:00,Ujjani Dam_1,18.07402,75.12002,30120.28999999999,852.9116312365514
08-09-2024 11:00,Ujjani Dam_1,18.07402,75.12002,30142.85999999999,853.5507424641329
08-09-2024 12:00,Ujjani Dam_1,18.07402,75.12002,30142.85999999999,853.5507424641329
08-09-2024 13:00,Ujjani Dam_1,18.07402,75.12002,30142.85999999999,853.5507424641329
08-09-2024 14:00,Ujjani Dam_1,18.07402,75.12002,30142.85999999999,853.5507424641329
08-09-2024 16:00,Ujjani Dam_1,18.07402,75.12002,30091.98000000001,852.1099813095325
08-09-2024 17:00,Ujjani Dam_1,18.07402,75.12002,30120.28999999999,852.9116312365514
08-09-2024 18:00,Ujjani Dam_1,18.07402,75.12002,30120.28999999999,852.9116312365514
08-09-2024 19:00,Ujjani Dam_1,18.07402,75.12002,30142.85999999999,853.5507424641329
08-09-2024 20:00,Ujjani Dam_1,18.07402,75.12002,30120.28999999999,852.9116312365514
08-09-2024 21:00,Ujjani Dam_1,18.07402,75.12002,30091.98000000001,852.1099813095325
08-09-2024 22:00,Ujjani Dam_1,18.07402,75.12002,30041.100000000006,850.6692201549314
09-09-2024 00:00,Ujjani Dam_1,18.07402,75.12002,30041.100000000006,850.6692201549314
09-09-2024 01:00,Ujjani Dam_1,18.07402,75.12002,30041.100000000006,850.6692201549314
09-09-2024 02:00,Ujjani Dam_1,18.07402,75.12002,30041.100000000006,850.6692201549314
09-09-2024 03:00,Ujjani Dam_1,18.07402,75.12002,30018.540000000008,850.030392095816
09-09-2024 04:00,Ujjani Dam_1,18.07402,75.12002,29990.220000000012,849.2284590003306
09-09-2024 05:00,Ujjani Dam_1,18.07402,75.12002,29990.220000000012,849.2284590003306
09-09-2024 06:00,Ujjani Dam_1,18.07402,75.12002,29967.660000000007,848.589630941215
09-09-2024 08:00,Ujjani Dam_1,18.07402,75.12002,29967.660000000007,848.589630941215
09-09-2024 09:00,Ujjani Dam_1,18.07402,75.12002,29967.660000000007,848.589630941215
09-09-2024 10:00,Ujjani Dam_1,18.07402,75.12002,29967.660000000007,848.589630941215
09-09-2024 11:00,Ujjani Dam_1,18.07402,75.12002,20153.8,570.6920628458496
09-09-2024 12:00,Ujjani Dam_1,18.07402,75.12002,20153.8,570.6920628458496
09-09-2024 13:00,Ujjani Dam_1,18.07402,75.12002,20142.09,570.3604725722573
09-09-2024 15:00,Ujjani Dam_1,18.07402,75.12002,20125.130000000005,569.8802188540571
09-09-2024 16:00,Ujjani Dam_1,18.07402,75.12002,14866.079999999994,420.96050678439923
09-09-2024 17:00,Ujjani Dam_1,18.07402,75.12002,14883.040000000006,421.44076050259986
09-09-2024 18:00,Ujjani Dam_1,18.07402,75.12002,14883.040000000006,421.44076050259986
09-09-2024 19:00,Ujjani Dam_1,18.07402,75.12002,14894.239999999996,421.75790918443
09-09-2024 20:00,Ujjani Dam_1,18.07402,75.12002,14883.040000000006,421.44076050259986
09-09-2024 21:00,Ujjani Dam_1,18.07402,75.12002,14883.040000000006,421.44076050259986
09-09-2024 23:00,Ujjani Dam_1,18.07402,75.12002,14866.079999999994,420.96050678439923
10-09-2024 00:00,Ujjani Dam_1,18.07402,75.12002,14866.079999999994,420.96050678439923
10-09-2024 01:00,Ujjani Dam_1,18.07402,75.12002,14866.079999999994,420.96050678439923
10-09-2024 02:00,Ujjani Dam_1,18.07402,75.12002,14866.079999999994,420.96050678439923
10-09-2024 03:00,Ujjani Dam_1,18.07402,75.12002,14866.079999999994,420.96050678439923
10-09-2024 04:00,Ujjani Dam_1,18.07402,75.12002,14866.079999999994,420.96050678439923
10-09-2024 05:00,Ujjani Dam_1,18.07402,75.12002,14854.72,420.6388274071142
10-09-2024 07:00,Ujjani Dam_1,18.07402,75.12002,14854.72,420.6388274071142
10-09-2024 08:00,Ujjani Dam_1,18.07402,75.12002,14854.72,420.6388274071142
10-09-2024 09:00,Ujjani Dam_1,18.07402,75.12002,14854.72,420.6388274071142
10-09-2024 10:00,Ujjani Dam_1,18.07402,75.12002,14854.72,420.6388274071142
10-09-2024 11:00,Ujjani Dam_1,18.07402,75.12002,14866.079999999994,420.96050678439923
10-09-2024 12:00,Ujjani Dam_1,18.07402,75.12002,14854.72,420.6388274071142
10-09-2024 13:00,Ujjani Dam_1,18.07402,75.12002,11701.840000000002,331.35920812412934
10-09-2024 15:00,Ujjani Dam_1,18.07402,75.12002,10656.48,301.75790937071616
10-09-2024 16:00,Ujjani Dam_1,18.07402,75.12002,10656.48,301.75790937071616
10-09-2024 17:00,Ujjani Dam_1,18.07402,75.12002,10656.48,301.75790937071616
10-09-2024 18:00,Ujjani Dam_1,18.07402,75.12002,10656.48,301.75790937071616
10-09-2024 19:00,Ujjani Dam_1,18.07402,75.12002,10656.48,301.75790937071616
10-09-2024 20:00,Ujjani Dam_1,18.07402,75.12002,10656.48,301.75790937071616
10-09-2024 21:00,Ujjani Dam_1,18.07402,75.12002,10650.880000000001,301.599335029801
10-09-2024 23:00,Ujjani Dam_1,18.07402,75.12002,10639.679999999997,301.2821863479705
11-09-2024 00:00,Ujjani Dam_1,18.07402,75.12002,10639.679999999997,301.2821863479705
11-09-2024 01:00,Ujjani Dam_1,18.07402,75.12002,10639.679999999997,301.2821863479705
11-09-2024 02:00,Ujjani Dam_1,18.07402,75.12002,10650.880000000001,301.599335029801
11-09-2024 03:00,Ujjani Dam_1,18.07402,75.12002,10639.679999999997,301.2821863479705
11-09-2024 04:00,Ujjani Dam_1,18.07402,75.12002,10639.679999999997,301.2821863479705
09-12-2024 16:00,Ujjani Dam_1,18.07402,75.12002,0.0,0.0
09-12-2024 17:00,Ujjani Dam_1,18.07402,75.12002,0.0,0.0
09-12-2024 18:00,Ujjani Dam_1,18.07402,75.12002,0.0,0.0
09-12-2024 19:00,Ujjani Dam_1,18.07402,75.12002,0.0,0.0
09-12-2024 20:00,Ujjani Dam_1,18.07402,75.12002,0.0,0.0
09-12-2024 21:00,Ujjani Dam_1,18.07402,75.12002,0.0,0.0
09-12-2024 22:00,Ujjani Dam_1,18.07402,75.12002,0.0,0.0
09-12-2024 23:00,Ujjani Dam_1,18.07402,75.12002,0.0,0.0
10-12-2024 01:00,Ujjani Dam_1,18.07402,75.12002,0.0,0.0
10-12-2024 02:00,Ujjani Dam_1,18.07402,75.12002,0.0,0.0
10-12-2024 03:00,Ujjani Dam_1,18.07402,75.12002,0.0,0.0
10-12-2024 04:00,Ujjani Dam_1,18.07402,75.12002,0.0,0.0
10-12-2024 05:00,Ujjani Dam_1,18.07402,75.12002,0.0,0.0
10-12-2024 06:00,Ujjani Dam_1,18.07402,75.12002,0.0,0.0
10-12-2024 07:00,Ujjani Dam_1,18.07402,75.12002,0.0,0.0
10-12-2024 08:00,Ujjani Dam_1,18.07402,75.12002,0.0,0.0
10-12-2024 09:00,Ujjani Dam_1,18.07402,75.12002,0.0,0.0
10-12-2024 11:00,Ujjani Dam_1,18.07402,75.12002,0.0,0.0
10-12-2024 12:00,Ujjani Dam_1,18.07402,75.12002,0.0,0.0
10-12-2024 13:00,Ujjani Dam_1,18.07402,75.12002,0.0,0.0
10-12-2024 14:00,Ujjani Dam_1,18.07402,75.12002,0.0,0.0
10-12-2024 16:00,Ujjani Dam_1,18.07402,75.12002,0.0,0.0
10-12-2024 17:00,Ujjani Dam_1,18.07402,75.12002,0.0,0.0
10-12-2024 18:00,Ujjani Dam_1,18.07402,75.12002,0.0,0.0
10-12-2024 19:00,Ujjani Dam_1,18.07402,75.12002,0.0,0.0
10-12-2024 20:00,Ujjani Dam_1,18.07402,75.12002,0.0,0.0
10-12-2024 22:00,Ujjani Dam_1,18.07402,75.12002,0.0,0.0
10-12-2024 23:00,Ujjani Dam_1,18.07402,75.12002,0.0,0.0
11-12-2024 00:00,Ujjani Dam_1,18.07402,75.12002,0.0,0.0
11-12-2024 01:00,Ujjani Dam_1,18.07402,75.12002,0.0,0.0
11-12-2024 02:00,Ujjani Dam_1,18.07402,75.12002,0.0,0.0
11-12-2024 03:00,Ujjani Dam_1,18.07402,75.12002,0.0,0.0
12-12-2024 16:00,Ujjani Dam_1,18.07402,75.12002,0.0,0.0
12-12-2024 17:00,Ujjani Dam_1,18.07402,75.12002,0.0,0.0
12-12-2024 19:00,Ujjani Dam_1,18.07402,75.12002,0.0,0.0
12-12-2024 20:00,Ujjani Dam_1,18.07402,75.12002,0.0,0.0
12-12-2024 21:00,Ujjani Dam_1,18.07402,75.12002,0.0,0.0
12-12-2024 22:00,Ujjani Dam_1,18.07402,75.12002,0.0,0.0
12-12-2024 23:00,Ujjani Dam_1,18.07402,75.12002,0.0,0.0
13-12-2024 00:00,Ujjani Dam_1,18.07402,75.12002,0.0,0.0
13-12-2024 01:00,Ujjani Dam_1,18.07402,75.12002,0.0,0.0
13-12-2024 02:00,Ujjani Dam_1,18.07402,75.12002,0.0,0.0
13-12-2024 03:00,Ujjani Dam_1,18.07402,75.12002,0.0,0.0
13-12-2024 04:00,Ujjani Dam_1,18.07402,75.12002,0.0,0.0
13-12-2024 05:00,Ujjani Dam_1,18.07402,75.12002,0.0,0.0
13-12-2024 06:00,Ujjani Dam_1,18.07402,75.12002,0.0,0.0
13-12-2024 08:00,Ujjani Dam_1,18.07402,75.12002,0.0,0.0
13-12-2024 09:00,Ujjani Dam_1,18.07402,75.12002,0.0,0.0
13-12-2024 10:00,Ujjani Dam_1,18.07402,75.12002,0.0,0.0
13-12-2024 11:00,Ujjani Dam_1,18.07402,75.12002,0.0,0.0
13-12-2024 12:00,Ujjani Dam_1,18.07402,75.12002,0.0,0.0
13-12-2024 13:00,Ujjani Dam_1,18.07402,75.12002,0.0,0.0
13-12-2024 14:00,Ujjani Dam_1,18.07402,75.12002,0.0,0.0
13-12-2024 15:00,Ujjani Dam_1,18.07402,75.12002,0.0,0.0
13-12-2024 16:00,Ujjani Dam_1,18.07402,75.12002,0.0,0.0
13-12-2024 18:00,Ujjani Dam_1,18.07402,75.12002,0.0,0.0
13-12-2024 19:00,Ujjani Dam_1,18.07402,75.12002,0.0,0.0
13-12-2024 20:00,Ujjani Dam_1,18.07402,75.12002,0.0,0.0
13-12-2024 21:00,Ujjani Dam_1,18.07402,75.12002,0.0,0.0
13-12-2024 22:00,Ujjani Dam_1,18.07402,75.12002,0.0,0.0
13-12-2024 23:00,Ujjani Dam_1,18.07402,75.12002,0.0,0.0
14-12-2024 00:00,Ujjani Dam_1,18.07402,75.12002,0.0,0.0
14-12-2024 01:00,Ujjani Dam_1,18.07402,75.12002,0.0,0.0
14-12-2024 02:00,Ujjani Dam_1,18.07402,75.12002,0.0,0.0
14-12-2024 03:00,Ujjani Dam_1,18.07402,75.12002,0.0,0.0
14-12-2024 04:00,Ujjani Dam_1,18.07402,75.12002,0.0,0.0
14-12-2024 06:00,Ujjani Dam_1,18.07402,75.12002,0.0,0.0
14-12-2024 07:00,Ujjani Dam_1,18.07402,75.12002,0.0,0.0
14-12-2024 08:00,Ujjani Dam_1,18.07402,75.12002,0.0,0.0
14-12-2024 09:00,Ujjani Dam_1,18.07402,75.12002,0.0,0.0
14-12-2024 11:00,Ujjani Dam_1,18.07402,75.12002,0.0,0.0
14-12-2024 12:00,Ujjani Dam_1,18.07402,75.12002,0.0,0.0
14-12-2024 13:00,Ujjani Dam_1,18.07402,75.12002,0.0,0.0
14-12-2024 14:00,Ujjani Dam_1,18.07402,75.12002,0.0,0.0
14-12-2024 15:00,Ujjani Dam_1,18.07402,75.12002,0.0,0.0
14-12-2024 16:00,Ujjani Dam_1,18.07402,75.12002,0.0,0.0
14-12-2024 17:00,Ujjani Dam_1,18.07402,75.12002,0.0,0.0
14-12-2024 18:00,Ujjani Dam_1,18.07402,75.12002,0.0,0.0
14-12-2024 19:00,Ujjani Dam_1,18.07402,75.12002,0.0,0.0
14-12-2024 20:00,Ujjani Dam_1,18.07402,75.12002,0.0,0.0
14-12-2024 22:00,Ujjani Dam_1,18.07402,75.12002,0.0,0.0
14-12-2024 23:00,Ujjani Dam_1,18.07402,75.12002,0.0,0.0
15-12-2024 00:00,Ujjani Dam_1,18.07402,75.12002,0.0,0.0
15-12-2024 01:00,Ujjani Dam_1,18.07402,75.12002,0.0,0.0
15-12-2024 02:00,Ujjani Dam_1,18.07402,75.12002,0.0,0.0
15-12-2024 03:00,Ujjani Dam_1,18.07402,75.12002,0.0,0.0
15-12-2024 04:00,Ujjani Dam_1,18.07402,75.12002,0.0,0.0
15-12-2024 06:00,Ujjani Dam_1,18.07402,75.12002,0.0,0.0
15-12-2024 07:00,Ujjani Dam_1,18.07402,75.12002,0.0,0.0
15-12-2024 08:00,Ujjani Dam_1,18.07402,75.12002,0.0,0.0
15-12-2024 09:00,Ujjani Dam_1,18.07402,75.12002,0.0,0.0
15-12-2024 10:00,Ujjani Dam_1,18.07402,75.12002,0.0,0.0
15-12-2024 11:00,Ujjani Dam_1,18.07402,75.12002,0.0,0.0
15-12-2024 12:00,Ujjani Dam_1,18.07402,75.12002,0.0,0.0
15-12-2024 14:00,Ujjani Dam_1,18.07402,75.12002,0.0,0.0
15-12-2024 15:00,Ujjani Dam_1,18.07402,75.12002,0.0,0.0
15-12-2024 16:00,Ujjani Dam_1,18.07402,75.12002,0.0,0.0
15-12-2024 17:00,Ujjani Dam_1,18.07402,75.12002,0.0,0.0
15-12-2024 18:00,Ujjani Dam_1,18.07402,75.12002,0.0,0.0
15-12-2024 19:00,Ujjani Dam_1,18.07402,75.12002,0.0,0.0
15-12-2024 20:00,Ujjani Dam_1,18.07402,75.12002,0.0,0.0
15-12-2024 22:00,Ujjani Dam_1,18.07402,75.12002,0.0,0.0
15-12-2024 23:00,Ujjani Dam_1,18.07402,75.12002,0.0,0.0
16-12-2024 00:00,Ujjani Dam_1,18.07402,75.12002,0.0,0.0
16-12-2024 01:00,Ujjani Dam_1,18.07402,75.12002,0.0,0.0
16-12-2024 02:00,Ujjani Dam_1,18.07402,75.12002,0.0,0.0
16-12-2024 03:00,Ujjani Dam_1,18.07402,75.12002,0.0,0.0
16-12-2024 05:00,Ujjani Dam_1,18.07402,75.12002,0.0,0.0
16-12-2024 06:00,Ujjani Dam_1,18.07402,75.12002,0.0,0.0
16-12-2024 07:00,Ujjani Dam_1,18.07402,75.12002,0.0,0.0
16-12-2024 08:00,Ujjani Dam_1,18.07402,75.12002,0.0,0.0
16-12-2024 09:00,Ujjani Dam_1,18.07402,75.12002,0.0,0.0
16-12-2024 10:00,Ujjani Dam_1,18.07402,75.12002,0.0,0.0
16-12-2024 11:00,Ujjani Dam_1,18.07402,75.12002,0.0,0.0
16-12-2024 13:00,Ujjani Dam_1,18.07402,75.12002,0.0,0.0
16-12-2024 14:00,Ujjani Dam_1,18.07402,75.12002,0.0,0.0
16-12-2024 15:00,Ujjani Dam_1,18.07402,75.12002,0.0,0.0
16-12-2024 16:00,Ujjani Dam_1,18.07402,75.12002,0.0,0.0
16-12-2024 17:00,Ujjani Dam_1,18.07402,75.12002,0.0,0.0
16-12-2024 18:00,Ujjani Dam_1,18.07402,75.12002,0.0,0.0
16-12-2024 19:00,Ujjani Dam_1,18.07402,75.12002,0.0,0.0
16-12-2024 21:00,Ujjani Dam_1,18.07402,75.12002,0.0,0.0
16-12-2024 22:00,Ujjani Dam_1,18.07402,75.12002,0.0,0.0
16-12-2024 23:00,Ujjani Dam_1,18.07402,75.12002,0.0,0.0
17-12-2024 00:00,Ujjani Dam_1,18.07402,75.12002,0.0,0.0
17-12-2024 02:00,Ujjani Dam_1,18.07402,75.12002,0.0,0.0
17-12-2024 03:00,Ujjani Dam_1,18.07402,75.12002,0.0,0.0
17-12-2024 04:00,Ujjani Dam_1,18.07402,75.12002,0.0,0.0
17-12-2024 05:00,Ujjani Dam_1,18.07402,75.12002,0.0,0.0
17-12-2024 06:00,Ujjani Dam_1,18.07402,75.12002,0.0,0.0
17-12-2024 07:00,Ujjani Dam_1,18.07402,75.12002,0.0,0.0
17-12-2024 08:00,Ujjani Dam_1,18.07402,75.12002,0.0,0.0
17-12-2024 09:00,Ujjani Dam_1,18.07402,75.12002,0.0,0.0
17-12-2024 10:00,Ujjani Dam_1,18.07402,75.12002,0.0,0.0
17-12-2024 12:00,Ujjani Dam_1,18.07402,75.12002,0.0,0.0
17-12-2024 13:00,Ujjani Dam_1,18.07402,75.12002,0.0,0.0
17-12-2024 14:00,Ujjani Dam_1,18.07402,75.12002,0.0,0.0
17-12-2024 15:00,Ujjani Dam_1,18.07402,75.12002,0.0,0.0
17-12-2024 16:00,Ujjani Dam_1,18.07402,75.12002,0.0,0.0
17-12-2024 17:00,Ujjani Dam_1,18.07402,75.12002,0.0,0.0
17-12-2024 18:00,Ujjani Dam_1,18.07402,75.12002,0.0,0.0
17-12-2024 19:00,Ujjani Dam_1,18.07402,75.12002,0.0,0.0
17-12-2024 21:00,Ujjani Dam_1,18.07402,75.12002,0.0,0.0
17-12-2024 22:00,Ujjani Dam_1,18.07402,75.12002,0.0,0.0
17-12-2024 23:00,Ujjani Dam_1,18.07402,75.12002,0.0,0.0
18-12-2024 00:00,Ujjani Dam_1,18.07402,75.12002,0.0,0.0
18-12-2024 01:00,Ujjani Dam_1,18.07402,75.12002,0.0,0.0
18-12-2024 02:00,Ujjani Dam_1,18.07402,75.12002,0.0,0.0
18-12-2024 03:00,Ujjani Dam_1,18.07402,75.12002,0.0,0.0
18-12-2024 05:00,Ujjani Dam_1,18.07402,75.12002,0.0,0.0
18-12-2024 06:00,Ujjani Dam_1,18.07402,75.12002,0.0,0.0
18-12-2024 07:00,Ujjani Dam_1,18.07402,75.12002,0.0,0.0
18-12-2024 08:00,Ujjani Dam_1,18.07402,75.12002,0.0,0.0
18-12-2024 09:00,Ujjani Dam_1,18.07402,75.12002,0.0,0.0
18-12-2024 10:00,Ujjani Dam_1,18.07402,75.12002,0.0,0.0
18-12-2024 11:00,Ujjani Dam_1,18.07402,75.12002,0.0,0.0
18-12-2024 12:00,Ujjani Dam_1,18.07402,75.12002,0.0,0.0
18-12-2024 13:00,Ujjani Dam_1,18.07402,75.12002,0.0,0.0
18-12-2024 14:00,Ujjani Dam_1,18.07402,75.12002,0.0,0.0
18-12-2024 15:00,Ujjani Dam_1,18.07402,75.12002,0.0,0.0
18-12-2024 17:00,Ujjani Dam_1,18.07402,75.12002,0.0,0.0
18-12-2024 18:00,Ujjani Dam_1,18.07402,75.12002,0.0,0.0
18-12-2024 19:00,Ujjani Dam_1,18.07402,75.12002,0.0,0.0
18-12-2024 20:00,Ujjani Dam_1,18.07402,75.12002,0.0,0.0
18-12-2024 21:00,Ujjani Dam_1,18.07402,75.12002,0.0,0.0
18-12-2024 22:00,Ujjani Dam_1,18.07402,75.12002,0.0,0.0
18-12-2024 23:00,Ujjani Dam_1,18.07402,75.12002,0.0,0.0
19-12-2024 00:00,Ujjani Dam_1,18.07402,75.12002,0.0,0.0
19-12-2024 01:00,Ujjani Dam_1,18.07402,75.12002,0.0,0.0
19-12-2024 02:00,Ujjani Dam_1,18.07402,75.12002,0.0,0.0
19-12-2024 04:00,Ujjani Dam_1,18.07402,75.12002,0.0,0.0
19-12-2024 05:00,Ujjani Dam_1,18.07402,75.12002,0.0,0.0
19-12-2024 06:00,Ujjani Dam_1,18.07402,75.12002,0.0,0.0
19-12-2024 07:00,Ujjani Dam_1,18.07402,75.12002,0.0,0.0
19-12-2024 08:00,Ujjani Dam_1,18.07402,75.12002,0.0,0.0
19-12-2024 09:00,Ujjani Dam_1,18.07402,75.12002,0.0,0.0
19-12-2024 10:00,Ujjani Dam_1,18.07402,75.12002,0.0,0.0
19-12-2024 12:00,Ujjani Dam_1,18.07402,75.12002,0.0,0.0
19-12-2024 13:00,Ujjani Dam_1,18.07402,75.12002,0.0,0.0
19-12-2024 14:00,Ujjani Dam_1,18.07402,75.12002,0.0,0.0
19-12-2024 15:00,Ujjani Dam_1,18.07402,75.12002,0.0,0.0
19-12-2024 16:00,Ujjani Dam_1,18.07402,75.12002,0.0,0.0
19-12-2024 17:00,Ujjani Dam_1,18.07402,75.12002,0.0,0.0
19-12-2024 18:00,Ujjani Dam_1,18.07402,75.12002,0.0,0.0
19-12-2024 20:00,Ujjani Dam_1,18.07402,75.12002,0.0,0.0
19-12-2024 21:00,Ujjani Dam_1,18.07402,75.12002,0.0,0.0
19-12-2024 22:00,Ujjani Dam_1,18.07402,75.12002,0.0,0.0
19-12-2024 23:00,Ujjani Dam_1,18.07402,75.12002,0.0,0.0
20-12-2024 00:00,Ujjani Dam_1,18.07402,75.12002,0.0,0.0
20-12-2024 01:00,Ujjani Dam_1,18.07402,75.12002,0.0,0.0
20-12-2024 03:00,Ujjani Dam_1,18.07402,75.12002,0.0,0.0
20-12-2024 04:00,Ujjani Dam_1,18.07402,75.12002,0.0,0.0
20-12-2024 05:00,Ujjani Dam_1,18.07402,75.12002,0.0,0.0
20-12-2024 06:00,Ujjani Dam_1,18.07402,75.12002,0.0,0.0
20-12-2024 07:00,Ujjani Dam_1,18.07402,75.12002,0.0,0.0
20-12-2024 08:00,Ujjani Dam_1,18.07402,75.12002,0.0,0.0
20-12-2024 09:00,Ujjani Dam_1,18.07402,75.12002,0.0,0.0
20-12-2024 10:00,Ujjani Dam_1,18.07402,75.12002,0.0,0.0
20-12-2024 12:00,Ujjani Dam_1,18.07402,75.12002,0.0,0.0
20-12-2024 13:00,Ujjani Dam_1,18.07402,75.12002,0.0,0.0
20-12-2024 14:00,Ujjani Dam_1,18.07402,75.12002,0.0,0.0
20-12-2024 15:00,Ujjani Dam_1,18.07402,75.12002,0.0,0.0
20-12-2024 16:00,Ujjani Dam_1,18.07402,75.12002,0.0,0.0
20-12-2024 17:00,Ujjani Dam_1,18.07402,75.12002,0.0,0.0
20-12-2024 18:00,Ujjani Dam_1,18.07402,75.12002,0.0,0.0
20-12-2024 20:00,Ujjani Dam_1,18.07402,75.12002,0.0,0.0
20-12-2024 21:00,Ujjani Dam_1,18.07402,75.12002,0.0,0.0
20-12-2024 22:00,Ujjani Dam_1,18.07402,75.12002,0.0,0.0
20-12-2024 23:00,Ujjani Dam_1,18.07402,75.12002,0.0,0.0
21-12-2024 00:00,Ujjani Dam_1,18.07402,75.12002,0.0,0.0
21-12-2024 01:00,Ujjani Dam_1,18.07402,75.12002,0.0,0.0
21-12-2024 03:00,Ujjani Dam_1,18.07402,75.12002,0.0,0.0
21-12-2024 04:00,Ujjani Dam_1,18.07402,75.12002,0.0,0.0
21-12-2024 05:00,Ujjani Dam_1,18.07402,75.12002,0.0,0.0
21-12-2024 06:00,Ujjani Dam_1,18.07402,75.12002,0.0,0.0
21-12-2024 07:00,Ujjani Dam_1,18.07402,75.12002,0.0,0.0
21-12-2024 08:00,Ujjani Dam_1,18.07402,75.12002,0.0,0.0
21-12-2024 09:00,Ujjani Dam_1,18.07402,75.12002,0.0,0.0
21-12-2024 10:00,Ujjani Dam_1,18.07402,75.12002,0.0,0.0
21-12-2024 12:00,Ujjani Dam_1,18.07402,75.12002,0.0,0.0
21-12-2024 13:00,Ujjani Dam_1,18.07402,75.12002,0.0,0.0
21-12-2024 14:00,Ujjani Dam_1,18.07402,75.12002,0.0,0.0
21-12-2024 15:00,Ujjani Dam_1,18.07402,75.12002,0.0,0.0
21-12-2024 16:00,Ujjani Dam_1,18.07402,75.12002,0.0,0.0
21-12-2024 17:00,Ujjani Dam_1,18.07402,75.12002,0.0,0.0
21-12-2024 18:00,Ujjani Dam_1,18.07402,75.12002,0.0,0.0
21-12-2024 20:00,Ujjani Dam_1,18.07402,75.12002,0.0,0.0
21-12-2024 21:00,Ujjani Dam_1,18.07402,75.12002,0.0,0.0
21-12-2024 22:00,Ujjani Dam_1,18.07402,75.12002,0.0,0.0
21-12-2024 23:00,Ujjani Dam_1,18.07402,75.12002,0.0,0.0
22-12-2024 00:00,Ujjani Dam_1,18.07402,75.12002,0.0,0.0
22-12-2024 01:00,Ujjani Dam_1,18.07402,75.12002,0.0,0.0
22-12-2024 02:00,Ujjani Dam_1,18.07402,75.12002,0.0,0.0
22-12-2024 04:00,Ujjani Dam_1,18.07402,75.12002,0.0,0.0
22-12-2024 05:00,Ujjani Dam_1,18.07402,75.12002,0.0,0.0
22-12-2024 06:00,Ujjani Dam_1,18.07402,75.12002,0.0,0.0
22-12-2024 07:00,Ujjani Dam_1,18.07402,75.12002,0.0,0.0
22-12-2024 08:00,Ujjani Dam_1,18.07402,75.12002,0.0,0.0
22-12-2024 09:00,Ujjani Dam_1,18.07402,75.12002,0.0,0.0
22-12-2024 11:00,Ujjani Dam_1,18.07402,75.12002,0.0,0.0
22-12-2024 12:00,Ujjani Dam_1,18.07402,75.12002,0.0,0.0
22-12-2024 13:00,Ujjani Dam_1,18.07402,75.12002,0.0,0.0
22-12-2024 14:00,Ujjani Dam_1,18.07402,75.12002,0.0,0.0
22-12-2024 15:00,Ujjani Dam_1,18.07402,75.12002,0.0,0.0
22-12-2024 16:00,Ujjani Dam_1,18.07402,75.12002,0.0,0.0
22-12-2024 17:00,Ujjani Dam_1,18.07402,75.12002,0.0,0.0
22-12-2024 19:00,Ujjani Dam_1,18.07402,75.12002,0.0,0.0
22-12-2024 21:00,Ujjani Dam_1,18.07402,75.12002,0.0,0.0
22-12-2024 22:00,Ujjani Dam_1,18.07402,75.12002,0.0,0.0
22-12-2024 23:00,Ujjani Dam_1,18.07402,75.12002,0.0,0.0
23-12-2024 00:00,Ujjani Dam_1,18.07402,75.12002,0.0,0.0
23-12-2024 01:00,Ujjani Dam_1,18.07402,75.12002,0.0,0.0
23-12-2024 03:00,Ujjani Dam_1,18.07402,75.12002,0.0,0.0
23-12-2024 04:00,Ujjani Dam_1,18.07402,75.12002,0.0,0.0
23-12-2024 05:00,Ujjani Dam_1,18.07402,75.12002,0.0,0.0
23-12-2024 07:00,Ujjani Dam_1,18.07402,75.12002,0.0,0.0
23-12-2024 08:00,Ujjani Dam_1,18.07402,75.12002,0.0,0.0
23-12-2024 09:00,Ujjani Dam_1,18.07402,75.12002,0.0,0.0
23-12-2024 10:00,Ujjani Dam_1,18.07402,75.12002,0.0,0.0
23-12-2024 11:00,Ujjani Dam_1,18.07402,75.12002,0.0,0.0
23-12-2024 12:00,Ujjani Dam_1,18.07402,75.12002,0.0,0.0
23-12-2024 13:00,Ujjani Dam_1,18.07402,75.12002,0.0,0.0
23-12-2024 14:00,Ujjani Dam_1,18.07402,75.12002,0.0,0.0
23-12-2024 15:00,Ujjani Dam_1,18.07402,75.12002,0.0,0.0
23-12-2024 16:00,Ujjani Dam_1,18.07402,75.12002,0.0,0.0
23-12-2024 17:00,Ujjani Dam_1,18.07402,75.12002,0.0,0.0
23-12-2024 19:00,Ujjani Dam_1,18.07402,75.12002,0.0,0.0
23-12-2024 20:00,Ujjani Dam_1,18.07402,75.12002,0.0,0.0
23-12-2024 21:00,Ujjani Dam_1,18.07402,75.12002,0.0,0.0
23-12-2024 22:00,Ujjani Dam_1,18.07402,75.12002,0.0,0.0
23-12-2024 23:00,Ujjani Dam_1,18.07402,75.12002,0.0,0.0
24-12-2024 00:00,Ujjani Dam_1,18.07402,75.12002,0.0,0.0
24-12-2024 01:00,Ujjani Dam_1,18.07402,75.12002,0.0,0.0
24-12-2024 03:00,Ujjani Dam_1,18.07402,75.12002,0.0,0.0
24-12-2024 04:00,Ujjani Dam_1,18.07402,75.12002,0.0,0.0
24-12-2024 05:00,Ujjani Dam_1,18.07402,75.12002,0.0,0.0
24-12-2024 06:00,Ujjani Dam_1,18.07402,75.12002,0.0,0.0
24-12-2024 07:00,Ujjani Dam_1,18.07402,75.12002,0.0,0.0
24-12-2024 08:00,Ujjani Dam_1,18.07402,75.12002,0.0,0.0
24-12-2024 09:00,Ujjani Dam_1,18.07402,75.12002,0.0,0.0
24-12-2024 11:00,Ujjani Dam_1,18.07402,75.12002,0.0,0.0
24-12-2024 12:00,Ujjani Dam_1,18.07402,75.12002,0.0,0.0
24-12-2024 13:00,Ujjani Dam_1,18.07402,75.12002,0.0,0.0
24-12-2024 14:00,Ujjani Dam_1,18.07402,75.12002,0.0,0.0
24-12-2024 15:00,Ujjani Dam_1,18.07402,75.12002,0.0,0.0
24-12-2024 16:00,Ujjani Dam_1,18.07402,75.12002,0.0,0.0
24-12-2024 17:00,Ujjani Dam_1,18.07402,75.12002,0.0,0.0
24-12-2024 19:00,Ujjani Dam_1,18.07402,75.12002,0.0,0.0
24-12-2024 20:00,Ujjani Dam_1,18.07402,75.12002,0.0,0.0
24-12-2024 21:00,Ujjani Dam_1,18.07402,75.12002,0.0,0.0
24-12-2024 22:00,Ujjani Dam_1,18.07402,75.12002,0.0,0.0
24-12-2024 23:00,Ujjani Dam_1,18.07402,75.12002,0.0,0.0
25-12-2024 00:00,Ujjani Dam_1,18.07402,75.12002,0.0,0.0
25-12-2024 02:00,Ujjani Dam_1,18.07402,75.12002,0.0,0.0
25-12-2024 03:00,Ujjani Dam_1,18.07402,75.12002,0.0,0.0
25-12-2024 04:00,Ujjani Dam_1,18.07402,75.12002,0.0,0.0
25-12-2024 05:00,Ujjani Dam_1,18.07402,75.12002,0.0,0.0
25-12-2024 06:00,Ujjani Dam_1,18.07402,75.12002,0.0,0.0
25-12-2024 07:00,Ujjani Dam_1,18.07402,75.12002,0.0,0.0
25-12-2024 08:00,Ujjani Dam_1,18.07402,75.12002,0.0,0.0
25-12-2024 10:00,Ujjani Dam_1,18.07402,75.12002,0.0,0.0
25-12-2024 11:00,Ujjani Dam_1,18.07402,75.12002,0.0,0.0
25-12-2024 12:00,Ujjani Dam_1,18.07402,75.12002,0.0,0.0
25-12-2024 13:00,Ujjani Dam_1,18.07402,75.12002,0.0,0.0
25-12-2024 14:00,Ujjani Dam_1,18.07402,75.12002,0.0,0.0
25-12-2024 15:00,Ujjani Dam_1,18.07402,75.12002,0.0,0.0
25-12-2024 16:00,Ujjani Dam_1,18.07402,75.12002,0.0,0.0
25-12-2024 18:00,Ujjani Dam_1,18.07402,75.12002,0.0,0.0
25-12-2024 19:00,Ujjani Dam_1,18.07402,75.12002,0.0,0.0
25-12-2024 20:00,Ujjani Dam_1,18.07402,75.12002,0.0,0.0
25-12-2024 21:00,Ujjani Dam_1,18.07402,75.12002,0.0,0.0
25-12-2024 22:00,Ujjani Dam_1,18.07402,75.12002,0.0,0.0
25-12-2024 23:00,Ujjani Dam_1,18.07402,75.12002,0.0,0.0
26-12-2024 00:00,Ujjani Dam_1,18.07402,75.12002,0.0,0.0
26-12-2024 02:00,Ujjani Dam_1,18.07402,75.12002,0.0,0.0
26-12-2024 03:00,Ujjani Dam_1,18.07402,75.12002,0.0,0.0
26-12-2024 04:00,Ujjani Dam_1,18.07402,75.12002,0.0,0.0
26-12-2024 05:00,Ujjani Dam_1,18.07402,75.12002,0.0,0.0
26-12-2024 06:00,Ujjani Dam_1,18.07402,75.12002,0.0,0.0
26-12-2024 07:00,Ujjani Dam_1,18.07402,75.12002,0.0,0.0
26-12-2024 08:00,Ujjani Dam_1,18.07402,75.12002,0.0,0.0
26-12-2024 10:00,Ujjani Dam_1,18.07402,75.12002,0.0,0.0
26-12-2024 11:00,Ujjani Dam_1,18.07402,75.12002,0.0,0.0
26-12-2024 12:00,Ujjani Dam_1,18.07402,75.12002,0.0,0.0
26-12-2024 13:00,Ujjani Dam_1,18.07402,75.12002,0.0,0.0
26-12-2024 14:00,Ujjani Dam_1,18.07402,75.12002,0.0,0.0
26-12-2024 15:00,Ujjani Dam_1,18.07402,75.12002,0.0,0.0
26-12-2024 16:00,Ujjani Dam_1,18.07402,75.12002,1527.72,43.26021287553024
26-12-2024 18:00,Ujjani Dam_1,18.07402,75.12002,1524.88,43.179793031208966
26-12-2024 19:00,Ujjani Dam_1,18.07402,75.12002,1526.3,43.2200029533696
26-12-2024 20:00,Ujjani Dam_1,18.07402,75.12002,1524.88,43.179793031208966
26-12-2024 21:00,Ujjani Dam_1,18.07402,75.12002,2981.26,84.41988207086592
26-12-2024 22:00,Ujjani Dam_1,18.07402,75.12002,2984.08,84.49973557825535
26-12-2024 23:00,Ujjani Dam_1,18.07402,75.12002,2984.08,84.49973557825535
27-12-2024 01:00,Ujjani Dam_1,18.07402,75.12002,2981.26,84.41988207086592
27-12-2024 02:00,Ujjani Dam_1,18.07402,75.12002,2979.84,84.37967214870528
27-12-2024 03:00,Ujjani Dam_1,18.07402,75.12002,2979.84,84.37967214870528
27-12-2024 04:00,Ujjani Dam_1,18.07402,75.12002,2981.26,84.41988207086592
27-12-2024 05:00,Ujjani Dam_1,18.07402,75.12002,2979.84,84.37967214870528
27-12-2024 06:00,Ujjani Dam_1,18.07402,75.12002,3708.38,105.00962756484097
27-12-2024 07:00,Ujjani Dam_1,18.07402,75.12002,4436.92,125.63958298097664
27-12-2024 09:00,Ujjani Dam_1,18.07402,75.12002,4432.72,125.52065222529025
27-12-2024 10:00,Ujjani Dam_1,18.07402,75.12002,4432.72,125.52065222529025
27-12-2024 11:00,Ujjani Dam_1,18.07402,75.12002,4425.66,125.32073528835072
27-12-2024 12:00,Ujjani Dam_1,18.07402,75.12002,4436.92,125.63958298097664
27-12-2024 13:00,Ujjani Dam_1,18.07402,75.12002,4428.46,125.40002245880832
27-12-2024 14:00,Ujjani Dam_1,18.07402,75.12002,4428.46,125.40002245880832
27-12-2024 15:00,Ujjani Dam_1,18.07402,75.12002,4425.66,125.32073528835072
27-12-2024 17:00,Ujjani Dam_1,18.07402,75.12002,4425.66,125.32073528835072
27-12-2024 18:00,Ujjani Dam_1,18.07402,75.12002,4428.46,125.40002245880832
27-12-2024 19:00,Ujjani Dam_1,18.07402,75.12002,4425.66,125.32073528835072
27-12-2024 20:00,Ujjani Dam_1,18.07402,75.12002,4425.66,125.32073528835072
27-12-2024 21:00,Ujjani Dam_1,18.07402,75.12002,4425.66,125.32073528835072
27-12-2024 22:00,Ujjani Dam_1,18.07402,75.12002,4425.66,125.32073528835072
27-12-2024 23:00,Ujjani Dam_1,18.07402,75.12002,4425.66,125.32073528835072
28-12-2024 01:00,Ujjani Dam_1,18.07402,75.12002,4421.400000000001,125.20010552186882
28-12-2024 02:00,Ujjani Dam_1,18.07402,75.12002,4425.66,125.32073528835072
28-12-2024 03:00,Ujjani Dam_1,18.07402,75.12002,4417.860000000001,125.09986388493314
28-12-2024 04:00,Ujjani Dam_1,18.07402,75.12002,4421.400000000001,125.20010552186882
28-12-2024 05:00,Ujjani Dam_1,18.07402,75.12002,4421.400000000001,125.20010552186882
28-12-2024 07:00,Ujjani Dam_1,18.07402,75.12002,4425.66,125.32073528835072
28-12-2024 08:00,Ujjani Dam_1,18.07402,75.12002,4417.860000000001,125.09986388493314
28-12-2024 09:00,Ujjani Dam_1,18.07402,75.12002,4413.639999999999,124.98036679231487
28-12-2024 10:00,Ujjani Dam_1,18.07402,75.12002,4410.78,124.89938061106176
28-12-2024 11:00,Ujjani Dam_1,18.07402,75.12002,4421.400000000001,125.20010552186882
28-12-2024 12:00,Ujjani Dam_1,18.07402,75.12002,4410.78,124.89938061106176
28-12-2024 13:00,Ujjani Dam_1,18.07402,75.12002,4413.639999999999,124.98036679231487
28-12-2024 14:00,Ujjani Dam_1,18.07402,75.12002,4413.639999999999,124.98036679231487
28-12-2024 16:00,Ujjani Dam_1,18.07402,75.12002,4410.78,124.89938061106176
28-12-2024 17:00,Ujjani Dam_1,18.07402,75.12002,4413.639999999999,124.98036679231487
28-12-2024 18:00,Ujjani Dam_1,18.07402,75.12002,4413.639999999999,124.98036679231487
28-12-2024 19:00,Ujjani Dam_1,18.07402,75.12002,4410.78,124.89938061106176
28-12-2024 20:00,Ujjani Dam_1,18.07402,75.12002,4410.78,124.89938061106176
28-12-2024 21:00,Ujjani Dam_1,18.07402,75.12002,4410.78,124.89938061106176
28-12-2024 22:00,Ujjani Dam_1,18.07402,75.12002,4406.58,124.78044985537537
28-12-2024 23:00,Ujjani Dam_1,18.07402,75.12002,4402.32,124.65982008889344
29-12-2024 01:00,Ujjani Dam_1,18.07402,75.12002,4406.58,124.78044985537537
29-12-2024 02:00,Ujjani Dam_1,18.07402,75.12002,4402.32,124.65982008889344
29-12-2024 03:00,Ujjani Dam_1,18.07402,75.12002,4406.58,124.78044985537537
29-12-2024 04:00,Ujjani Dam_1,18.07402,75.12002,4398.1,124.54032299627521
29-12-2024 05:00,Ujjani Dam_1,18.07402,75.12002,4398.1,124.54032299627521
29-12-2024 06:00,Ujjani Dam_1,18.07402,75.12002,4395.96,124.47972494456832
29-12-2024 07:00,Ujjani Dam_1,18.07402,75.12002,4398.1,124.54032299627521
29-12-2024 09:00,Ujjani Dam_1,18.07402,75.12002,4395.96,124.47972494456832
29-12-2024 10:00,Ujjani Dam_1,18.07402,75.12002,4391.76,124.36079418888193
29-12-2024 11:00,Ujjani Dam_1,18.07402,75.12002,4395.96,124.47972494456832
29-12-2024 12:00,Ujjani Dam_1,18.07402,75.12002,4391.76,124.36079418888193
29-12-2024 13:00,Ujjani Dam_1,18.07402,75.12002,4395.96,124.47972494456832
29-12-2024 14:00,Ujjani Dam_1,18.07402,75.12002,4391.76,124.36079418888193
29-12-2024 16:00,Ujjani Dam_1,18.07402,75.12002,4391.76,124.36079418888193
29-12-2024 17:00,Ujjani Dam_1,18.07402,75.12002,4391.76,124.36079418888193
29-12-2024 18:00,Ujjani Dam_1,18.07402,75.12002,4395.96,124.47972494456832
29-12-2024 19:00,Ujjani Dam_1,18.07402,75.12002,4391.76,124.36079418888193
29-12-2024 20:00,Ujjani Dam_1,18.07402,75.12002,4391.76,124.36079418888193
29-12-2024 21:00,Ujjani Dam_1,18.07402,75.12002,4387.5,124.2401644224
29-12-2024 22:00,Ujjani Dam_1,18.07402,75.12002,4387.5,124.2401644224
30-12-2024 00:00,Ujjani Dam_1,18.07402,75.12002,4384.68,124.16031091501057
30-12-2024 01:00,Ujjani Dam_1,18.07402,75.12002,4380.4400000000005,124.0402474854605
30-12-2024 02:00,Ujjani Dam_1,18.07402,75.12002,4387.5,124.2401644224
30-12-2024 03:00,Ujjani Dam_1,18.07402,75.12002,4384.68,124.16031091501057
30-12-2024 04:00,Ujjani Dam_1,18.07402,75.12002,4380.4400000000005,124.0402474854605
30-12-2024 05:00,Ujjani Dam_1,18.07402,75.12002,4380.4400000000005,124.0402474854605
30-12-2024 07:00,Ujjani Dam_1,18.07402,75.12002,4380.4400000000005,124.0402474854605
30-12-2024 08:00,Ujjani Dam_1,18.07402,75.12002,4380.4400000000005,124.0402474854605
30-12-2024 09:00,Ujjani Dam_1,18.07402,75.12002,4380.4400000000005,124.0402474854605
30-12-2024 10:00,Ujjani Dam_1,18.07402,75.12002,4380.4400000000005,124.0402474854605
30-12-2024 11:00,Ujjani Dam_1,18.07402,75.12002,4380.4400000000005,124.0402474854605
30-12-2024 12:00,Ujjani Dam_1,18.07402,75.12002,4380.4400000000005,124.0402474854605
30-12-2024 13:00,Ujjani Dam_1,18.07402,75.12002,4376.88,123.93943951159297
30-12-2024 14:00,Ujjani Dam_1,18.07402,75.12002,4376.88,123.93943951159297
30-12-2024 16:00,Ujjani Dam_1,18.07402,75.12002,4376.88,123.93943951159297
30-12-2024 17:00,Ujjani Dam_1,18.07402,75.12002,4376.88,123.93943951159297
30-12-2024 18:00,Ujjani Dam_1,18.07402,75.12002,4376.88,123.93943951159297
30-12-2024 19:00,Ujjani Dam_1,18.07402,75.12002,4376.88,123.93943951159297
30-12-2024 20:00,Ujjani Dam_1,18.07402,75.12002,4376.88,123.93943951159297
30-12-2024 21:00,Ujjani Dam_1,18.07402,75.12002,4376.88,123.93943951159297
30-12-2024 22:00,Ujjani Dam_1,18.07402,75.12002,4372.68,123.82050875590657
31-12-2024 00:00,Ujjani Dam_1,18.07402,75.12002,4369.820000000001,123.73952257465346
31-12-2024 01:00,Ujjani Dam_1,18.07402,75.12002,4369.820000000001,123.73952257465346
31-12-2024 02:00,Ujjani Dam_1,18.07402,75.12002,4369.820000000001,123.73952257465346
31-12-2024 03:00,Ujjani Dam_1,18.07402,75.12002,4369.820000000001,123.73952257465346
31-12-2024 04:00,Ujjani Dam_1,18.07402,75.12002,4365.599999999999,123.62002548203519
31-12-2024 05:00,Ujjani Dam_1,18.07402,75.12002,4357.14,123.3804649598669
31-12-2024 06:00,Ujjani Dam_1,18.07402,75.12002,4361.36,123.49996205248512
31-12-2024 08:00,Ujjani Dam_1,18.07402,75.12002,4361.36,123.49996205248512
31-12-2024 09:00,Ujjani Dam_1,18.07402,75.12002,4357.14,123.3804649598669
31-12-2024 10:00,Ujjani Dam_1,18.07402,75.12002,4361.36,123.49996205248512
31-12-2024 11:00,Ujjani Dam_1,18.07402,75.12002,4357.14,123.3804649598669
31-12-2024 12:00,Ujjani Dam_1,18.07402,75.12002,4357.14,123.3804649598669
31-12-2024 13:00,Ujjani Dam_1,18.07402,75.12002,4357.14,123.3804649598669
31-12-2024 14:00,Ujjani Dam_1,18.07402,75.12002,4357.14,123.3804649598669
31-12-2024 16:00,Ujjani Dam_1,18.07402,75.12002,4357.14,123.3804649598669
31-12-2024 17:00,Ujjani Dam_1,18.07402,75.12002,4357.14,123.3804649598669
31-12-2024 18:00,Ujjani Dam_1,18.07402,75.12002,4357.14,123.3804649598669
31-12-2024 19:00,Ujjani Dam_1,18.07402,75.12002,4355.0,123.31986690816001
31-12-2024 20:00,Ujjani Dam_1,18.07402,75.12002,4355.0,123.31986690816001
31-12-2024 21:00,Ujjani Dam_1,18.07402,75.12002,4355.0,123.31986690816001
31-12-2024 22:00,Ujjani Dam_1,18.07402,75.12002,4350.78,123.20036981554176
01-01-2025 00:00,Ujjani Dam_1,18.07402,75.12002,4350.78,123.20036981554176
01-01-2025 01:00,Ujjani Dam_1,18.07402,75.12002,4346.54,123.08030638599168
01-01-2025 02:00,Ujjani Dam_1,18.07402,75.12002,4346.54,123.08030638599168
01-01-2025 03:00,Ujjani Dam_1,18.07402,75.12002,4346.54,123.08030638599168
01-01-2025 04:00,Ujjani Dam_1,18.07402,75.12002,4342.28,122.95967661950975
01-01-2025 05:00,Ujjani Dam_1,18.07402,75.12002,4342.28,122.95967661950975
01-01-2025 06:00,Ujjani Dam_1,18.07402,75.12002,4342.28,122.95967661950975
01-01-2025 08:00,Ujjani Dam_1,18.07402,75.12002,4342.28,122.95967661950975
01-01-2025 09:00,Ujjani Dam_1,18.07402,75.12002,4342.28,122.95967661950975
01-01-2025 10:00,Ujjani Dam_1,18.07402,75.12002,4374.42,123.86978006897665
01-01-2025 11:00,Ujjani Dam_1,18.07402,75.12002,4470.84,126.60009041737729
01-01-2025 12:00,Ujjani Dam_1,18.07402,75.12002,4470.84,126.60009041737729
01-01-2025 13:00,Ujjani Dam_1,18.07402,75.12002,4470.84,126.60009041737729
01-01-2025 14:00,Ujjani Dam_1,18.07402,75.12002,4470.84,126.60009041737729
01-01-2025 16:00,Ujjani Dam_1,18.07402,75.12002,4470.84,126.60009041737729
01-01-2025 17:00,Ujjani Dam_1,18.07402,75.12002,4470.84,126.60009041737729
01-01-2025 19:00,Ujjani Dam_1,18.07402,75.12002,4470.84,126.60009041737729
01-01-2025 20:00,Ujjani Dam_1,18.07402,75.12002,4470.84,126.60009041737729
01-01-2025 21:00,Ujjani Dam_1,18.07402,75.12002,4470.84,126.60009041737729
01-01-2025 23:00,Ujjani Dam_1,18.07402,75.12002,4470.84,126.60009041737729
02-01-2025 00:00,Ujjani Dam_1,18.07402,75.12002,4470.84,126.60009041737729
02-01-2025 01:00,Ujjani Dam_1,18.07402,75.12002,4470.84,126.60009041737729
02-01-2025 02:00,Ujjani Dam_1,18.07402,75.12002,4470.84,126.60009041737729
02-01-2025 03:00,Ujjani Dam_1,18.07402,75.12002,4470.84,126.60009041737729
02-01-2025 04:00,Ujjani Dam_1,18.07402,75.12002,4470.84,126.60009041737729
11-04-2025 17:00,Ujjani Dam_1,18.07402,75.12002,4393.8099999999995,124.41884372439551
15-04-2025 09:00,Ujjani Dam_1,18.07402,75.12002,0.0,0.0
15-04-2025 11:00,Ujjani Dam_1,18.07402,75.12002,0.0,0.0
15-04-2025 13:00,Ujjani Dam_1,18.07402,75.12002,0.0,0.0
15-04-2025 14:00,Ujjani Dam_1,18.07402,75.12002,0.0,0.0
15-04-2025 15:00,Ujjani Dam_1,18.07402,75.12002,0.0,0.0
15-04-2025 20:00,Ujjani Dam_1,18.07402,75.12002,0.0,0.0
15-04-2025 21:00,Ujjani Dam_1,18.07402,75.12002,0.0,0.0
15-04-2025 22:00,Ujjani Dam_1,18.07402,75.12002,0.0,0.0
15-04-2025 23:00,Ujjani Dam_1,18.07402,75.12002,0.0,0.0
16-04-2025 01:00,Ujjani Dam_1,18.07402,75.12002,0.0,0.0
16-04-2025 02:00,Ujjani Dam_1,18.07402,75.12002,0.0,0.0
16-04-2025 03:00,Ujjani Dam_1,18.07402,75.12002,0.0,0.0
16-04-2025 04:00,Ujjani Dam_1,18.07402,75.12002,0.0,0.0
16-04-2025 05:00,Ujjani Dam_1,18.07402,75.12002,0.0,0.0
16-04-2025 06:00,Ujjani Dam_1,18.07402,75.12002,0.0,0.0
16-04-2025 07:00,Ujjani Dam_1,18.07402,75.12002,0.0,0.0
16-04-2025 08:00,Ujjani Dam_1,18.07402,75.12002,0.0,0.0
16-04-2025 10:00,Ujjani Dam_1,18.07402,75.12002,0.0,0.0
16-04-2025 11:00,Ujjani Dam_1,18.07402,75.12002,0.0,0.0
16-04-2025 12:00,Ujjani Dam_1,18.07402,75.12002,0.0,0.0
16-04-2025 13:00,Ujjani Dam_1,18.07402,75.12002,0.0,0.0
16-04-2025 14:00,Ujjani Dam_1,18.07402,75.12002,0.0,0.0
16-04-2025 15:00,Ujjani Dam_1,18.07402,75.12002,0.0,0.0
16-04-2025 17:00,Ujjani Dam_1,18.07402,75.12002,0.0,0.0
16-04-2025 18:00,Ujjani Dam_1,18.07402,75.12002,0.0,0.0
16-04-2025 19:00,Ujjani Dam_1,18.07402,75.12002,0.0,0.0
16-04-2025 20:00,Ujjani Dam_1,18.07402,75.12002,0.0,0.0
16-04-2025 21:00,Ujjani Dam_1,18.07402,75.12002,0.0,0.0
16-04-2025 23:00,Ujjani Dam_1,18.07402,75.12002,0.0,0.0
17-04-2025 01:00,Ujjani Dam_1,18.07402,75.12002,0.0,0.0
17-04-2025 02:00,Ujjani Dam_1,18.07402,75.12002,0.0,0.0
17-04-2025 03:00,Ujjani Dam_1,18.07402,75.12002,0.0,0.0
17-04-2025 04:00,Ujjani Dam_1,18.07402,75.12002,0.0,0.0
17-04-2025 05:00,Ujjani Dam_1,18.07402,75.12002,0.0,0.0
17-04-2025 06:00,Ujjani Dam_1,18.07402,75.12002,0.0,0.0
17-04-2025 07:00,Ujjani Dam_1,18.07402,75.12002,0.0,0.0
17-04-2025 08:00,Ujjani Dam_1,18.07402,75.12002,0.0,0.0
17-04-2025 10:00,Ujjani Dam_1,18.07402,75.12002,0.0,0.0
17-04-2025 11:00,Ujjani Dam_1,18.07402,75.12002,0.0,0.0
17-04-2025 12:00,Ujjani Dam_1,18.07402,75.12002,0.0,0.0
17-04-2025 13:00,Ujjani Dam_1,18.07402,75.12002,0.0,0.0
17-04-2025 14:00,Ujjani Dam_1,18.07402,75.12002,0.0,0.0
17-04-2025 15:00,Ujjani Dam_1,18.07402,75.12002,0.0,0.0
17-04-2025 16:00,Ujjani Dam_1,18.07402,75.12002,0.0,0.0
17-04-2025 17:00,Ujjani Dam_1,18.07402,75.12002,0.0,0.0
17-04-2025 19:00,Ujjani Dam_1,18.07402,75.12002,0.0,0.0
17-04-2025 20:00,Ujjani Dam_1,18.07402,75.12002,0.0,0.0
17-04-2025 21:00,Ujjani Dam_1,18.07402,75.12002,0.0,0.0
06-05-2025 17:00,Ujjani Dam_1,18.07402,75.12002,0.0,0.0
06-05-2025 18:00,Ujjani Dam_1,18.07402,75.12002,0.0,0.0
06-05-2025 20:00,Ujjani Dam_1,18.07402,75.12002,0.0,0.0
06-05-2025 21:00,Ujjani Dam_1,18.07402,75.12002,0.0,0.0
06-05-2025 22:00,Ujjani Dam_1,18.07402,75.12002,0.0,0.0
06-05-2025 23:00,Ujjani Dam_1,18.07402,75.12002,0.0,0.0
22-05-2025 12:00,Ujjani Dam_1,18.07402,75.12002,0.0,0.0
17-09-2025 12:00,Ujjani Dam_1,18.07402,75.12002,9868.319999999998,279.4397035607654
17-09-2025 13:00,Ujjani Dam_1,18.07402,75.12002,9868.319999999998,279.4397035607654
17-09-2025 14:00,Ujjani Dam_1,18.07402,75.12002,9868.319999999998,279.4397035607654
17-09-2025 15:00,Ujjani Dam_1,18.07402,75.12002,9873.219999999998,279.57845610906617
17-09-2025 16:00,Ujjani Dam_1,18.07402,75.12002,5034.4800000000005,142.56059783049218
17-09-2025 17:00,Ujjani Dam_1,18.07402,75.12002,5038.679999999999,142.67952858617855
17-09-2025 18:00,Ujjani Dam_1,18.07402,75.12002,5038.679999999999,142.67952858617855
17-09-2025 19:00,Ujjani Dam_1,18.07402,75.12002,5042.94,142.80015835266047
17-09-2025 20:00,Ujjani Dam_1,18.07402,75.12002,5047.2,142.9207881191424
17-09-2025 21:00,Ujjani Dam_1,18.07402,75.12002,5047.2,142.9207881191424
17-09-2025 22:00,Ujjani Dam_1,18.07402,75.12002,5049.3,142.9802534969856
18-09-2025 00:00,Ujjani Dam_1,18.07402,75.12002,5049.3,142.9802534969856
18-09-2025 01:00,Ujjani Dam_1,18.07402,75.12002,5057.76,143.21981401915394
18-09-2025 02:00,Ujjani Dam_1,18.07402,75.12002,5053.5,143.09918425267202
18-09-2025 03:00,Ujjani Dam_1,18.07402,75.12002,5057.76,143.21981401915394
18-09-2025 04:00,Ujjani Dam_1,18.07402,75.12002,15086.399999999996,427.1992744255487
18-09-2025 05:00,Ujjani Dam_1,18.07402,75.12002,15086.399999999996,427.1992744255487
18-09-2025 06:00,Ujjani Dam_1,18.07402,75.12002,15103.359999999993,427.67952814374894
18-09-2025 08:00,Ujjani Dam_1,18.07402,75.12002,15103.359999999993,427.67952814374894
18-09-2025 09:00,Ujjani Dam_1,18.07402,75.12002,15103.359999999993,427.67952814374894
18-09-2025 10:00,Ujjani Dam_1,18.07402,75.12002,15103.359999999993,427.67952814374894
18-09-2025 11:00,Ujjani Dam_1,18.07402,75.12002,15103.359999999993,427.67952814374894
18-09-2025 12:00,Ujjani Dam_1,18.07402,75.12002,15103.359999999993,427.67952814374894
18-09-2025 13:00,Ujjani Dam_1,18.07402,75.12002,15103.359999999993,427.67952814374894
18-09-2025 15:00,Ujjani Dam_1,18.07402,75.12002,15075.200000000004,426.8821257437185
18-09-2025 16:00,Ujjani Dam_1,18.07402,75.12002,15103.359999999993,427.67952814374894
18-09-2025 17:00,Ujjani Dam_1,18.07402,75.12002,15114.72,428.00120752103425
18-09-2025 18:00,Ujjani Dam_1,18.07402,75.12002,15114.72,428.00120752103425
18-09-2025 19:00,Ujjani Dam_1,18.07402,75.12002,15114.72,428.00120752103425
18-09-2025 20:00,Ujjani Dam_1,18.07402,75.12002,15114.72,428.00120752103425
18-09-2025 21:00,Ujjani Dam_1,18.07402,75.12002,15114.72,428.00120752103425
18-09-2025 22:00,Ujjani Dam_1,18.07402,75.12002,15125.920000000006,428.31835620286483
20-09-2025 00:00,Ujjani Dam_1,18.07402,75.12002,40032.0,1133.580002770944
20-09-2025 01:00,Ujjani Dam_1,18.07402,75.12002,40032.0,1133.580002770944
20-09-2025 02:00,Ujjani Dam_1,18.07402,75.12002,40032.0,1133.580002770944
20-09-2025 03:00,Ujjani Dam_1,18.07402,75.12002,40032.0,1133.580002770944
20-09-2025 04:00,Ujjani Dam_1,18.07402,75.12002,40032.0,1133.580002770944
20-09-2025 05:00,Ujjani Dam_1,18.07402,75.12002,40032.0,1133.580002770944
20-09-2025 07:00,Ujjani Dam_1,18.07402,75.12002,35020.799999999996,991.6786211291135
20-09-2025 08:00,Ujjani Dam_1,18.07402,75.12002,35054.71999999999,992.6391285655139
20-09-2025 09:00,Ujjani Dam_1,18.07402,75.12002,35020.799999999996,991.6786211291135
20-09-2025 10:00,Ujjani Dam_1,18.07402,75.12002,35054.71999999999,992.6391285655139
20-09-2025 11:00,Ujjani Dam_1,18.07402,75.12002,35054.71999999999,992.6391285655139
20-09-2025 12:00,Ujjani Dam_1,18.07402,75.12002,35083.03999999999,993.4410616609995
20-09-2025 13:00,Ujjani Dam_1,18.07402,75.12002,35083.03999999999,993.4410616609995
20-09-2025 15:00,Ujjani Dam_1,18.07402,75.12002,35020.799999999996,991.6786211291135
20-09-2025 16:00,Ujjani Dam_1,18.07402,75.12002,35054.71999999999,992.6391285655139
20-09-2025 17:00,Ujjani Dam_1,18.07402,75.12002,35020.799999999996,991.6786211291135
20-09-2025 18:00,Ujjani Dam_1,18.07402,75.12002,35020.799999999996,991.6786211291135
20-09-2025 19:00,Ujjani Dam_1,18.07402,75.12002,35083.03999999999,993.4410616609995
20-09-2025 20:00,Ujjani Dam_1,18.07402,75.12002,35020.799999999996,991.6786211291135
20-09-2025 21:00,Ujjani Dam_1,18.07402,75.12002,35020.799999999996,991.6786211291135
20-09-2025 23:00,Ujjani Dam_1,18.07402,75.12002,35020.799999999996,991.6786211291135
21-09-2025 00:00,Ujjani Dam_1,18.07402,75.12002,35020.799999999996,991.6786211291135
21-09-2025 01:00,Ujjani Dam_1,18.07402,75.12002,35020.799999999996,991.6786211291135
21-09-2025 02:00,Ujjani Dam_1,18.07402,75.12002,34964.32,990.0792856335975
21-09-2025 03:00,Ujjani Dam_1,18.07402,75.12002,34992.64000000001,990.8812187290831
21-09-2025 04:00,Ujjani Dam_1,18.07402,75.12002,34992.64000000001,990.8812187290831
21-09-2025 05:00,Ujjani Dam_1,18.07402,75.12002,18804.320000000003,532.4790447068775
21-09-2025 07:00,Ujjani Dam_1,18.07402,75.12002,19877.91999999999,562.8800112080484
21-09-2025 08:00,Ujjani Dam_1,18.07402,75.12002,19877.91999999999,562.8800112080484
21-09-2025 09:00,Ujjani Dam_1,18.07402,75.12002,19877.91999999999,562.8800112080484
21-09-2025 10:00,Ujjani Dam_1,18.07402,75.12002,19877.91999999999,562.8800112080484
21-09-2025 11:00,Ujjani Dam_1,18.07402,75.12002,19894.88,563.360264926249
21-09-2025 12:00,Ujjani Dam_1,18.07402,75.12002,14566.56,412.4790448931635
21-09-2025 13:00,Ujjani Dam_1,18.07402,75.12002,14577.920000000006,412.8007242704488
21-09-2025 15:00,Ujjani Dam_1,18.07402,75.12002,14566.56,412.4790448931635
21-09-2025 16:00,Ujjani Dam_1,18.07402,75.12002,14577.920000000006,412.8007242704488
21-09-2025 17:00,Ujjani Dam_1,18.07402,75.12002,14577.920000000006,412.8007242704488
21-09-2025 18:00,Ujjani Dam_1,18.07402,75.12002,14600.480000000003,413.43955232956426
21-09-2025 19:00,Ujjani Dam_1,18.07402,75.12002,14577.920000000006,412.8007242704488
21-09-2025 20:00,Ujjani Dam_1,18.07402,75.12002,14577.920000000006,412.8007242704488
21-09-2025 21:00,Ujjani Dam_1,18.07402,75.12002,14577.920000000006,412.8007242704488
21-09-2025 23:00,Ujjani Dam_1,18.07402,75.12002,30415.84000000001,861.2806752468176
22-09-2025 00:00,Ujjani Dam_1,18.07402,75.12002,30415.84000000001,861.2806752468176
22-09-2025 01:00,Ujjani Dam_1,18.07402,75.12002,30415.84000000001,861.2806752468176
22-09-2025 02:00,Ujjani Dam_1,18.07402,75.12002,35597.12,1007.9981861570152
22-09-2025 03:00,Ujjani Dam_1,18.07402,75.12002,35625.44,1008.8001192525006
22-09-2025 04:00,Ujjani Dam_1,18.07402,75.12002,35625.44,1008.8001192525006
22-09-2025 05:00,Ujjani Dam_1,18.07402,75.12002,45909.12,1300.0015082137193
22-09-2025 07:00,Ujjani Dam_1,18.07402,75.12002,69798.71999999999,1976.4796465579618
22-09-2025 08:00,Ujjani Dam_1,18.07402,75.12002,69742.24,1974.8803110624463
22-09-2025 09:00,Ujjani Dam_1,18.07402,75.12002,63175.070000000014,1788.9187656288618
22-09-2025 10:00,Ujjani Dam_1,18.07402,75.12002,60362.71999999998,1709.2818821158496
22-09-2025 11:00,Ujjani Dam_1,18.07402,75.12002,60255.35999999999,1706.241785465733
22-09-2025 12:00,Ujjani Dam_1,18.07402,75.12002,50293.76,1424.160686454866
22-09-2025 13:00,Ujjani Dam_1,18.07402,75.12002,50254.24,1423.0416046775501
22-09-2025 15:00,Ujjani Dam_1,18.07402,75.12002,29845.12,845.1196845598311
22-09-2025 16:00,Ujjani Dam_1,18.07402,75.12002,29845.12,845.1196845598311
22-09-2025 17:00,Ujjani Dam_1,18.07402,75.12002,29816.960000000006,844.3222821598006
22-09-2025 23:00,Ujjani Dam_1,18.07402,75.12002,50293.76,1424.160686454866
23-09-2025 00:00,Ujjani Dam_1,18.07402,75.12002,50293.76,1424.160686454866
23-09-2025 01:00,Ujjani Dam_1,18.07402,75.12002,50293.76,1424.160686454866
23-09-2025 02:00,Ujjani Dam_1,18.07402,75.12002,50293.76,1424.160686454866
23-09-2025 03:00,Ujjani Dam_1,18.07402,75.12002,50293.76,1424.160686454866
23-09-2025 04:00,Ujjani Dam_1,18.07402,75.12002,50293.76,1424.160686454866
23-09-2025 06:00,Ujjani Dam_1,18.07402,75.12002,50254.24,1423.0416046775501
23-09-2025 07:00,Ujjani Dam_1,18.07402,75.12002,50254.24,1423.0416046775501
23-09-2025 08:00,Ujjani Dam_1,18.07402,75.12002,50254.24,1423.0416046775501
23-09-2025 09:00,Ujjani Dam_1,18.07402,75.12002,50254.24,1423.0416046775501
23-09-2025 10:00,Ujjani Dam_1,18.07402,75.12002,50208.95999999999,1421.7594178638642
23-09-2025 11:00,Ujjani Dam_1,18.07402,75.12002,50208.95999999999,1421.7594178638642
23-09-2025 12:00,Ujjani Dam_1,18.07402,75.12002,50208.95999999999,1421.7594178638642
23-09-2025 14:00,Ujjani Dam_1,18.07402,75.12002,40089.28000000001,1135.2019917437342
23-09-2025 15:00,Ujjani Dam_1,18.07402,75.12002,40123.04,1136.1579684846797
23-09-2025 16:00,Ujjani Dam_1,18.07402,75.12002,40123.04,1136.1579684846797
23-09-2025 17:00,Ujjani Dam_1,18.07402,75.12002,40089.28000000001,1135.2019917437342
23-09-2025 18:00,Ujjani Dam_1,18.07402,75.12002,40089.28000000001,1135.2019917437342
23-09-2025 19:00,Ujjani Dam_1,18.07402,75.12002,40021.44,1133.2809768709326
23-09-2025 20:00,Ujjani Dam_1,18.07402,75.12002,34936.16000000002,989.2818832335672
23-09-2025 22:00,Ujjani Dam_1,18.07402,75.12002,29794.239999999994,843.67892340523
23-09-2025 23:00,Ujjani Dam_1,18.07402,75.12002,29771.679999999997,843.0400953461145
24-09-2025 00:00,Ujjani Dam_1,18.07402,75.12002,29794.239999999994,843.67892340523
24-09-2025 01:00,Ujjani Dam_1,18.07402,75.12002,29771.679999999997,843.0400953461145
24-09-2025 02:00,Ujjani Dam_1,18.07402,75.12002,29794.239999999994,843.67892340523
24-09-2025 03:00,Ujjani Dam_1,18.07402,75.12002,29794.239999999994,843.67892340523
24-09-2025 04:00,Ujjani Dam_1,18.07402,75.12002,29816.960000000006,844.3222821598006
24-09-2025 06:00,Ujjani Dam_1,18.07402,75.12002,29816.960000000006,844.3222821598006
24-09-2025 07:00,Ujjani Dam_1,18.07402,75.12002,29845.12,845.1196845598311
24-09-2025 08:00,Ujjani Dam_1,18.07402,75.12002,29845.12,845.1196845598311
24-09-2025 09:00,Ujjani Dam_1,18.07402,75.12002,29845.12,845.1196845598311
24-09-2025 10:00,Ujjani Dam_1,18.07402,75.12002,29845.12,845.1196845598311
24-09-2025 12:00,Ujjani Dam_1,18.07402,75.12002,29867.679999999997,845.7585126189465
24-09-2025 14:00,Ujjani Dam_1,18.07402,75.12002,35054.71999999999,992.6391285655139
24-09-2025 15:00,Ujjani Dam_1,18.07402,75.12002,35054.71999999999,992.6391285655139
24-09-2025 16:00,Ujjani Dam_1,18.07402,75.12002,35020.799999999996,991.6786211291135
24-09-2025 17:00,Ujjani Dam_1,18.07402,75.12002,35054.71999999999,992.6391285655139
24-09-2025 18:00,Ujjani Dam_1,18.07402,75.12002,40190.88,1138.0789833574809
24-09-2025 19:00,Ujjani Dam_1,18.07402,75.12002,40190.88,1138.0789833574809
24-09-2025 20:00,Ujjani Dam_1,18.07402,75.12002,45287.52000000001,1282.3997563721323
24-09-2025 22:00,Ujjani Dam_1,18.07402,75.12002,50338.88,1425.4383425730969
24-09-2025 23:00,Ujjani Dam_1,18.07402,75.12002,50293.76,1424.160686454866
25-09-2025 00:00,Ujjani Dam_1,18.07402,75.12002,55300.0,1565.9216165376001
25-09-2025 01:00,Ujjani Dam_1,18.07402,75.12002,55249.12,1564.4808553829992
25-09-2025 02:00,Ujjani Dam_1,18.07402,75.12002,55203.839999999975,1563.1986685693125
25-09-2025 03:00,Ujjani Dam_1,18.07402,75.12002,55152.95999999999,1561.7579074147122
25-09-2025 04:00,Ujjani Dam_1,18.07402,75.12002,55152.95999999999,1561.7579074147122
25-09-2025 06:00,Ujjani Dam_1,18.07402,75.12002,55107.839999999975,1560.4802512964807
25-09-2025 07:00,Ujjani Dam_1,18.07402,75.12002,50124.16000000002,1419.3581492728633
25-09-2025 08:00,Ujjani Dam_1,18.07402,75.12002,50124.16000000002,1419.3581492728633
25-09-2025 09:00,Ujjani Dam_1,18.07402,75.12002,50124.16000000002,1419.3581492728633
25-09-2025 10:00,Ujjani Dam_1,18.07402,75.12002,40021.44,1133.2809768709326
25-09-2025 11:00,Ujjani Dam_1,18.07402,75.12002,39987.520000000004,1132.320469434532
25-09-2025 13:00,Ujjani Dam_1,18.07402,75.12002,39953.59999999999,1131.359961998131
25-09-2025 14:00,Ujjani Dam_1,18.07402,75.12002,24516.799999999992,694.2384645267454
25-09-2025 15:00,Ujjani Dam_1,18.07402,75.12002,24499.840000000007,693.7582108085455
25-09-2025 16:00,Ujjani Dam_1,18.07402,75.12002,24516.799999999992,694.2384645267454
25-09-2025 17:00,Ujjani Dam_1,18.07402,75.12002,24516.799999999992,694.2384645267454
25-09-2025 18:00,Ujjani Dam_1,18.07402,75.12002,24499.840000000007,693.7582108085455
25-09-2025 19:00,Ujjani Dam_1,18.07402,75.12002,26590.56,752.9608083153715
25-09-2025 21:00,Ujjani Dam_1,18.07402,75.12002,24516.799999999992,694.2384645267454
25-09-2025 22:00,Ujjani Dam_1,18.07402,75.12002,24539.520000000004,694.881823281316
25-09-2025 23:00,Ujjani Dam_1,18.07402,75.12002,24516.799999999992,694.2384645267454
26-09-2025 00:00,Ujjani Dam_1,18.07402,75.12002,24516.799999999992,694.2384645267454
26-09-2025 01:00,Ujjani Dam_1,18.07402,75.12002,24516.799999999992,694.2384645267454
26-09-2025 02:00,Ujjani Dam_1,18.07402,75.12002,24516.799999999992,694.2384645267454
26-09-2025 03:00,Ujjani Dam_1,18.07402,75.12002,24499.840000000007,693.7582108085455
26-09-2025 05:00,Ujjani Dam_1,18.07402,75.12002,24499.840000000007,693.7582108085455
26-09-2025 06:00,Ujjani Dam_1,18.07402,75.12002,24499.840000000007,693.7582108085455
26-09-2025 07:00,Ujjani Dam_1,18.07402,75.12002,24499.840000000007,693.7582108085455
26-09-2025 08:00,Ujjani Dam_1,18.07402,75.12002,19256.320000000003,545.2782593664615
26-09-2025 09:00,Ujjani Dam_1,18.07402,75.12002,19256.320000000003,545.2782593664615
26-09-2025 10:00,Ujjani Dam_1,18.07402,75.12002,13967.679999999995,395.5206518061464
26-09-2025 11:00,Ujjani Dam_1,18.07402,75.12002,13967.679999999995,395.5206518061464
26-09-2025 13:00,Ujjani Dam_1,18.07402,75.12002,29669.919999999987,840.1585730369123
26-09-2025 14:00,Ujjani Dam_1,18.07402,75.12002,29669.919999999987,840.1585730369123
26-09-2025 15:00,Ujjani Dam_1,18.07402,75.12002,39857.59999999999,1128.641544725299
26-09-2025 16:00,Ujjani Dam_1,18.07402,75.12002,35331.68,1000.4817623976346
26-09-2025 17:00,Ujjani Dam_1,18.07402,75.12002,35303.35999999999,999.679829302149
26-09-2025 18:00,Ujjani Dam_1,18.07402,75.12002,39857.59999999999,1128.641544725299
26-09-2025 19:00,Ujjani Dam_1,18.07402,75.12002,39823.68000000001,1127.6810372888988
26-09-2025 21:00,Ujjani Dam_1,18.07402,75.12002,24398.239999999994,690.881219194798
26-09-2025 22:00,Ujjani Dam_1,18.07402,75.12002,24398.239999999994,690.881219194798
26-09-2025 23:00,Ujjani Dam_1,18.07402,75.12002,13922.399999999996,394.2384649924607
27-09-2025 00:00,Ujjani Dam_1,18.07402,75.12002,13911.200000000004,393.9213163106305
27-09-2025 01:00,Ujjani Dam_1,18.07402,75.12002,13911.200000000004,393.9213163106305
27-09-2025 02:00,Ujjani Dam_1,18.07402,75.12002,13911.200000000004,393.9213163106305
27-09-2025 03:00,Ujjani Dam_1,18.07402,75.12002,13911.200000000004,393.9213163106305
27-09-2025 05:00,Ujjani Dam_1,18.07402,75.12002,13945.119999999997,394.881823747031
27-09-2025 06:00,Ujjani Dam_1,18.07402,75.12002,40394.40000000001,1143.842027975885
27-09-2025 07:00,Ujjani Dam_1,18.07402,75.12002,50858.71999999999,1440.1585721054819
27-09-2025 08:00,Ujjani Dam_1,18.07402,75.12002,50949.12,1442.7184150373992
27-09-2025 09:00,Ujjani Dam_1,18.07402,75.12002,70448.48,1994.8788007995802
27-09-2025 10:00,Ujjani Dam_1,18.07402,75.12002,79958.08,2264.1606851508636
27-09-2025 12:00,Ujjani Dam_1,18.07402,75.12002,89128.63999999997,2523.842025833594
27-09-2025 13:00,Ujjani Dam_1,18.07402,75.12002,88964.63999999997,2519.198062992506
27-09-2025 14:00,Ujjani Dam_1,18.07402,75.12002,98796.32000000004,2797.6002372941425
27-09-2025 15:00,Ujjani Dam_1,18.07402,75.12002,98513.76,2789.599029121106
27-09-2025 16:00,Ujjani Dam_1,18.07402,75.12002,98423.36000000003,2787.03918618919
27-09-2025 17:00,Ujjani Dam_1,18.07402,75.12002,89213.28000000001,2526.238763729142
27-09-2025 18:00,Ujjani Dam_1,18.07402,75.12002,80325.28000000001,2274.5586312194464
27-09-2025 20:00,Ujjani Dam_1,18.07402,75.12002,80178.4,2270.3994527920127
27-09-2025 21:00,Ujjani Dam_1,18.07402,75.12002,80104.95999999999,2268.319863578296
27-09-2025 22:00,Ujjani Dam_1,18.07402,75.12002,70589.76,1998.8794048860977
27-09-2025 23:00,Ujjani Dam_1,18.07402,75.12002,70589.76,1998.8794048860977
28-09-2025 00:00,Ujjani Dam_1,18.07402,75.12002,70521.92000000001,1996.958390013297
28-09-2025 01:00,Ujjani Dam_1,18.07402,75.12002,50765.85000000001,1437.5287865624837
28-09-2025 02:00,Ujjani Dam_1,18.07402,75.12002,49926.400000000016,1413.7582096908293
28-09-2025 04:00,Ujjani Dam_1,18.07402,75.12002,49926.400000000016,1413.7582096908293
28-09-2025 05:00,Ujjani Dam_1,18.07402,75.12002,49926.400000000016,1413.7582096908293
28-09-2025 06:00,Ujjani Dam_1,18.07402,75.12002,49836.0,1411.198366758912
28-09-2025 07:00,Ujjani Dam_1,18.07402,75.12002,48485.58,1372.9587307841434
28-09-2025 08:00,Ujjani Dam_1,18.07402,75.12002,39032.64000000001,1105.281278960763
28-09-2025 09:00,Ujjani Dam_1,18.07402,75.12002,39032.64000000001,1105.281278960763
28-09-2025 11:00,Ujjani Dam_1,18.07402,75.12002,40592.16000000002,1149.4419675579193
28-09-2025 12:00,Ujjani Dam_1,18.07402,75.12002,40625.92,1150.3979442988646
28-09-2025 13:00,Ujjani Dam_1,18.07402,75.12002,40625.92,1150.3979442988646
28-09-2025 14:00,Ujjani Dam_1,18.07402,75.12002,40625.92,1150.3979442988646
28-09-2025 15:00,Ujjani Dam_1,18.07402,75.12002,40625.92,1150.3979442988646
28-09-2025 16:00,Ujjani Dam_1,18.07402,75.12002,40625.92,1150.3979442988646
28-09-2025 17:00,Ujjani Dam_1,18.07402,75.12002,40625.92,1150.3979442988646
28-09-2025 19:00,Ujjani Dam_1,18.07402,75.12002,50425.830000000016,1427.900492384272
28-09-2025 20:00,Ujjani Dam_1,18.07402,75.12002,59582.88,1687.199272469545
28-09-2025 21:00,Ujjani Dam_1,18.07402,75.12002,59633.76,1688.640033624146
28-09-2025 22:00,Ujjani Dam_1,18.07402,75.12002,59633.76,1688.640033624146
28-09-2025 23:00,Ujjani Dam_1,18.07402,75.12002,74720.16000000002,2115.8393080496953
29-09-2025 00:00,Ujjani Dam_1,18.07402,75.12002,74720.16000000002,2115.8393080496953
29-09-2025 01:00,Ujjani Dam_1,18.07402,75.12002,83493.06,2364.2601715166516
29-09-2025 03:00,Ujjani Dam_1,18.07402,75.12002,84828.63999999998,2402.0795854879943
29-09-2025 04:00,Ujjani Dam_1,18.07402,75.12002,84828.63999999998,2402.0795854879943
29-09-2025 05:00,Ujjani Dam_1,18.07402,75.12002,84828.63999999998,2402.0795854879943
29-09-2025 06:00,Ujjani Dam_1,18.07402,75.12002,84907.84,2404.3222797380813
29-09-2025 07:00,Ujjani Dam_1,18.07402,75.12002,85071.67999999996,2408.9617118837136
29-09-2025 08:00,Ujjani Dam_1,18.07402,75.12002,85229.76,2413.438038992978
29-09-2025 09:00,Ujjani Dam_1,18.07402,75.12002,94287.36000000003,2669.920708684678
29-09-2025 10:00,Ujjani Dam_1,18.07402,75.12002,94468.15999999999,2675.0403945485104
29-09-2025 12:00,Ujjani Dam_1,18.07402,75.12002,94824.15999999999,2685.1211919352627
29-09-2025 13:00,Ujjani Dam_1,18.07402,75.12002,104203.67999999996,2950.7196208818577
29-09-2025 14:00,Ujjani Dam_1,18.07402,75.12002,104503.19999999997,2959.2010827730937
29-09-2025 15:00,Ujjani Dam_1,18.07402,75.12002,104604.80000000003,2962.0780743868427
29-09-2025 16:00,Ujjani Dam_1,18.07402,75.12002,124725.76,3531.84021199061
29-09-2025 17:00,Ujjani Dam_1,18.07402,75.12002,124855.67999999995,3535.519136699841
29-09-2025 19:00,Ujjani Dam_1,18.07402,75.12002,124855.67999999995,3535.519136699841
29-09-2025 20:00,Ujjani Dam_1,18.07402,75.12002,124980.0,3539.0394870681603
29-09-2025 21:00,Ujjani Dam_1,18.07402,75.12002,124855.67999999995,3535.519136699841
29-09-2025 22:00,Ujjani Dam_1,18.07402,75.12002,124725.76,3531.84021199061
29-09-2025 23:00,Ujjani Dam_1,18.07402,75.12002,116199.36000000004,3290.3994512085824
30-09-2025 00:00,Ujjani Dam_1,18.07402,75.12002,115155.85999999997,3260.8508217898284
30-09-2025 01:00,Ujjani Dam_1,18.07402,75.12002,101197.76,2865.601445374034
30-09-2025 03:00,Ujjani Dam_1,18.07402,75.12002,101005.60000000002,2860.160080132916
30-09-2025 04:00,Ujjani Dam_1,18.07402,75.12002,80624.80000000002,2283.040093110682
30-09-2025 05:00,Ujjani Dam_1,18.07402,75.12002,58774.88,1664.319260423209
30-09-2025 06:00,Ujjani Dam_1,18.07402,75.12002,50016.80000000001,1416.3180526227459
30-09-2025 07:00,Ujjani Dam_1,18.07402,75.12002,49971.680000000015,1415.040396504515
30-09-2025 08:00,Ujjani Dam_1,18.07402,75.12002,49971.680000000015,1415.040396504515
30-09-2025 09:00,Ujjani Dam_1,18.07402,75.12002,19601.12,555.041908071383
30-09-2025 11:00,Ujjani Dam_1,18.07402,75.12002,19634.88,555.997884812329
30-09-2025 12:00,Ujjani Dam_1,18.07402,75.12002,19634.88,555.997884812329
30-09-2025 13:00,Ujjani Dam_1,18.07402,75.12002,19685.760000000002,557.43864596693
30-09-2025 14:00,Ujjani Dam_1,18.07402,75.12002,19685.760000000002,557.43864596693
30-09-2025 15:00,Ujjani Dam_1,18.07402,75.12002,19685.760000000002,557.43864596693
30-09-2025 16:00,Ujjani Dam_1,18.07402,75.12002,19714.08000000001,558.2405790624156
30-09-2025 17:00,Ujjani Dam_1,18.07402,75.12002,20591.65000000001,583.090594126157
30-09-2025 19:00,Ujjani Dam_1,18.07402,75.12002,30704.0,869.440457760768
30-09-2025 20:00,Ujjani Dam_1,18.07402,75.12002,30704.0,869.440457760768
30-09-2025 21:00,Ujjani Dam_1,18.07402,75.12002,24499.840000000007,693.7582108085455
30-09-2025 22:00,Ujjani Dam_1,18.07402,75.12002,24477.280000000006,693.11938274943
30-09-2025 23:00,Ujjani Dam_1,18.07402,75.12002,24499.840000000007,693.7582108085455
01-10-2025 00:00,Ujjani Dam_1,18.07402,75.12002,24516.799999999992,694.2384645267454
01-10-2025 01:00,Ujjani Dam_1,18.07402,75.12002,24516.799999999992,694.2384645267454
01-10-2025 03:00,Ujjani Dam_1,18.07402,75.12002,24516.799999999992,694.2384645267454
01-10-2025 04:00,Ujjani Dam_1,18.07402,75.12002,24499.840000000007,693.7582108085455
01-10-2025 05:00,Ujjani Dam_1,18.07402,75.12002,24499.840000000007,693.7582108085455
01-10-2025 06:00,Ujjani Dam_1,18.07402,75.12002,24499.840000000007,693.7582108085455
01-10-2025 07:00,Ujjani Dam_1,18.07402,75.12002,24499.840000000007,693.7582108085455
01-10-2025 08:00,Ujjani Dam_1,18.07402,75.12002,24516.799999999992,694.2384645267454
01-10-2025 09:00,Ujjani Dam_1,18.07402,75.12002,24539.520000000004,694.881823281316
01-10-2025 11:00,Ujjani Dam_1,18.07402,75.12002,24556.479999999996,695.362076999516
01-10-2025 12:00,Ujjani Dam_1,18.07402,75.12002,24579.039999999997,696.0009050586316
01-10-2025 13:00,Ujjani Dam_1,18.07402,75.12002,35450.24,1003.839007729582
01-10-2025 14:00,Ujjani Dam_1,18.07402,75.12002,35450.24,1003.839007729582
01-10-2025 15:00,Ujjani Dam_1,18.07402,75.12002,35450.24,1003.839007729582
01-10-2025 16:00,Ujjani Dam_1,18.07402,75.12002,35422.08000000001,1003.0416053295517
01-10-2025 18:00,Ujjani Dam_1,18.07402,75.12002,35422.08000000001,1003.0416053295517
01-10-2025 19:00,Ujjani Dam_1,18.07402,75.12002,35422.08000000001,1003.0416053295517
01-10-2025 20:00,Ujjani Dam_1,18.07402,75.12002,35388.16000000002,1002.0810978931513
01-10-2025 21:00,Ujjani Dam_1,18.07402,75.12002,30240.64000000001,856.3195637238993
01-10-2025 22:00,Ujjani Dam_1,18.07402,75.12002,30212.479999999992,855.522161323868
01-10-2025 23:00,Ujjani Dam_1,18.07402,75.12002,30212.479999999992,855.522161323868
02-10-2025 00:00,Ujjani Dam_1,18.07402,75.12002,25042.400000000005,709.1217990955009
02-10-2025 02:00,Ujjani Dam_1,18.07402,75.12002,25019.679999999997,708.4784403409304
02-10-2025 03:00,Ujjani Dam_1,18.07402,75.12002,25019.679999999997,708.4784403409304
02-10-2025 04:00,Ujjani Dam_1,18.07402,75.12002,20307.359999999993,575.0403978085169
02-10-2025 05:00,Ujjani Dam_1,18.07402,75.12002,20307.359999999993,575.0403978085169
02-10-2025 06:00,Ujjani Dam_1,18.07402,75.12002,20290.4,574.5601440903168
02-10-2025 07:00,Ujjani Dam_1,18.07402,75.12002,20324.320000000003,575.5206515267175
02-10-2025 08:00,Ujjani Dam_1,18.07402,75.12002,20324.320000000003,575.5206515267175
02-10-2025 10:00,Ujjani Dam_1,18.07402,75.12002,20341.280000000006,576.0009052449179
02-10-2025 11:00,Ujjani Dam_1,18.07402,75.12002,20324.320000000003,575.5206515267175
02-10-2025 12:00,Ujjani Dam_1,18.07402,75.12002,20341.280000000006,576.0009052449179
02-10-2025 13:00,Ujjani Dam_1,18.07402,75.12002,20341.280000000006,576.0009052449179
02-10-2025 14:00,Ujjani Dam_1,18.07402,75.12002,20341.280000000006,576.0009052449179
02-10-2025 15:00,Ujjani Dam_1,18.07402,75.12002,20341.280000000006,576.0009052449179
02-10-2025 16:00,Ujjani Dam_1,18.07402,75.12002,20358.239999999998,576.481158963118
02-10-2025 18:00,Ujjani Dam_1,18.07402,75.12002,20358.239999999998,576.481158963118
02-10-2025 19:00,Ujjani Dam_1,18.07402,75.12002,20358.239999999998,576.481158963118
02-10-2025 20:00,Ujjani Dam_1,18.07402,75.12002,20341.280000000006,576.0009052449179
02-10-2025 21:00,Ujjani Dam_1,18.07402,75.12002,20358.239999999998,576.481158963118
02-10-2025 22:00,Ujjani Dam_1,18.07402,75.12002,23080.989999999994,653.580853021486
02-10-2025 23:00,Ujjani Dam_1,18.07402,75.12002,25081.91999999999,710.2408808728164
03-10-2025 01:00,Ujjani Dam_1,18.07402,75.12002,25059.359999999993,709.602052813701
03-10-2025 02:00,Ujjani Dam_1,18.07402,75.12002,25059.359999999993,709.602052813701
03-10-2025 03:00,Ujjani Dam_1,18.07402,75.12002,25059.359999999993,709.602052813701
03-10-2025 04:00,Ujjani Dam_1,18.07402,75.12002,25059.359999999993,709.602052813701
03-10-2025 05:00,Ujjani Dam_1,18.07402,75.12002,25059.359999999993,709.602052813701
03-10-2025 06:00,Ujjani Dam_1,18.07402,75.12002,25042.400000000005,709.1217990955009
03-10-2025 07:00,Ujjani Dam_1,18.07402,75.12002,25042.400000000005,709.1217990955009
03-10-2025 09:00,Ujjani Dam_1,18.07402,75.12002,19284.640000000007,546.080192461947
03-10-2025 10:00,Ujjani Dam_1,18.07402,75.12002,19284.640000000007,546.080192461947
03-10-2025 11:00,Ujjani Dam_1,18.07402,75.12002,19273.28,545.7585130846618
03-10-2025 12:00,Ujjani Dam_1,18.07402,75.12002,19284.640000000007,546.080192461947
03-10-2025 13:00,Ujjani Dam_1,18.07402,75.12002,19273.28,545.7585130846618
03-10-2025 14:00,Ujjani Dam_1,18.07402,75.12002,19284.640000000007,546.080192461947
03-10-2025 15:00,Ujjani Dam_1,18.07402,75.12002,19273.28,545.7585130846618
03-10-2025 17:00,Ujjani Dam_1,18.07402,75.12002,14521.44,411.2013887749325
03-10-2025 18:00,Ujjani Dam_1,18.07402,75.12002,14532.640000000003,411.518537456763
03-10-2025 19:00,Ujjani Dam_1,18.07402,75.12002,14532.640000000003,411.518537456763
03-10-2025 20:00,Ujjani Dam_1,18.07402,75.12002,14532.640000000003,411.518537456763
03-10-2025 21:00,Ujjani Dam_1,18.07402,75.12002,14521.44,411.2013887749325
03-10-2025 22:00,Ujjani Dam_1,18.07402,75.12002,14532.640000000003,411.518537456763
03-10-2025 23:00,Ujjani Dam_1,18.07402,75.12002,14532.640000000003,411.518537456763
04-10-2025 01:00,Ujjani Dam_1,18.07402,75.12002,14532.640000000003,411.518537456763
04-10-2025 02:00,Ujjani Dam_1,18.07402,75.12002,14521.44,411.2013887749325
04-10-2025 03:00,Ujjani Dam_1,18.07402,75.12002,14532.640000000003,411.518537456763
04-10-2025 04:00,Ujjani Dam_1,18.07402,75.12002,14532.640000000003,411.518537456763
04-10-2025 05:00,Ujjani Dam_1,18.07402,75.12002,14532.640000000003,411.518537456763
04-10-2025 06:00,Ujjani Dam_1,18.07402,75.12002,14532.640000000003,411.518537456763
04-10-2025 07:00,Ujjani Dam_1,18.07402,75.12002,14532.640000000003,411.518537456763
04-10-2025 09:00,Ujjani Dam_1,18.07402,75.12002,9907.939999999999,280.56161702274045
04-10-2025 10:00,Ujjani Dam_1,18.07402,75.12002,9917.74,280.8391221193421
04-10-2025 11:00,Ujjani Dam_1,18.07402,75.12002,9917.74,280.8391221193421
04-10-2025 12:00,Ujjani Dam_1,18.07402,75.12002,9922.780000000002,280.98183902616586
04-10-2025 13:00,Ujjani Dam_1,18.07402,75.12002,9922.780000000002,280.98183902616586
04-10-2025 14:00,Ujjani Dam_1,18.07402,75.12002,9922.780000000002,280.98183902616586
04-10-2025 16:00,Ujjani Dam_1,18.07402,75.12002,9932.58,281.25934412276735
04-10-2025 17:00,Ujjani Dam_1,18.07402,75.12002,9932.58,281.25934412276735
04-10-2025 18:00,Ujjani Dam_1,18.07402,75.12002,9932.58,281.25934412276735
04-10-2025 19:00,Ujjani Dam_1,18.07402,75.12002,9937.479999999998,281.3980966710681
04-10-2025 20:00,Ujjani Dam_1,18.07402,75.12002,5062.0199999999995,143.34044378563584
04-10-2025 21:00,Ujjani Dam_1,18.07402,75.12002,5062.0199999999995,143.34044378563584
04-10-2025 23:00,Ujjani Dam_1,18.07402,75.12002,0.0,0.0
05-10-2025 00:00,Ujjani Dam_1,18.07402,75.12002,0.0,0.0
05-10-2025 01:00,Ujjani Dam_1,18.07402,75.12002,0.0,0.0
05-10-2025 02:00,Ujjani Dam_1,18.07402,75.12002,0.0,0.0
05-10-2025 03:00,Ujjani Dam_1,18.07402,75.12002,0.0,0.0
05-10-2025 04:00,Ujjani Dam_1,18.07402,75.12002,0.0,0.0
05-10-2025 05:00,Ujjani Dam_1,18.07402,75.12002,0.0,0.0
05-10-2025 07:00,Ujjani Dam_1,18.07402,75.12002,0.0,0.0
05-10-2025 08:00,Ujjani Dam_1,18.07402,75.12002,0.0,0.0
05-10-2025 09:00,Ujjani Dam_1,18.07402,75.12002,0.0,0.0
05-10-2025 10:00,Ujjani Dam_1,18.07402,75.12002,0.0,0.0
05-10-2025 11:00,Ujjani Dam_1,18.07402,75.12002,0.0,0.0
05-10-2025 12:00,Ujjani Dam_1,18.07402,75.12002,0.0,0.0
05-10-2025 13:00,Ujjani Dam_1,18.07402,75.12002,0.0,0.0
05-10-2025 15:00,Ujjani Dam_1,18.07402,75.12002,0.0,0.0
05-10-2025 16:00,Ujjani Dam_1,18.07402,75.12002,0.0,0.0
05-10-2025 17:00,Ujjani Dam_1,18.07402,75.12002,0.0,0.0
05-10-2025 18:00,Ujjani Dam_1,18.07402,75.12002,4255.400000000001,120.49950898759681
05-10-2025 19:00,Ujjani Dam_1,18.07402,75.12002,5115.0,144.84067031808002
05-10-2025 21:00,Ujjani Dam_1,18.07402,75.12002,10036.460000000001,284.20089814674435
05-10-2025 22:00,Ujjani Dam_1,18.07402,75.12002,10036.460000000001,284.20089814674435
05-10-2025 23:00,Ujjani Dam_1,18.07402,75.12002,20087.04,568.8016301673678
06-10-2025 00:00,Ujjani Dam_1,18.07402,75.12002,20070.08000000001,568.3213764491676
06-10-2025 01:00,Ujjani Dam_1,18.07402,75.12002,20070.08000000001,568.3213764491676
06-10-2025 02:00,Ujjani Dam_1,18.07402,75.12002,20070.08000000001,568.3213764491676
06-10-2025 03:00,Ujjani Dam_1,18.07402,75.12002,30664.479999999992,868.321375983452
06-10-2025 05:00,Ujjani Dam_1,18.07402,75.12002,30613.59999999999,866.880614828851
06-10-2025 06:00,Ujjani Dam_1,18.07402,75.12002,30613.59999999999,866.880614828851
06-10-2025 07:00,Ujjani Dam_1,18.07402,75.12002,30613.59999999999,866.880614828851
06-10-2025 08:00,Ujjani Dam_1,18.07402,75.12002,30613.59999999999,866.880614828851
06-10-2025 09:00,Ujjani Dam_1,18.07402,75.12002,30585.280000000013,866.0786817333661
06-10-2025 10:00,Ujjani Dam_1,18.07402,75.12002,30585.280000000013,866.0786817333661
06-10-2025 11:00,Ujjani Dam_1,18.07402,75.12002,25307.840000000007,716.6382228548815
06-10-2025 12:00,Ujjani Dam_1,18.07402,75.12002,25285.280000000006,715.999394795766
06-10-2025 14:00,Ujjani Dam_1,18.07402,75.12002,19990.88,566.078682199081
06-10-2025 16:00,Ujjani Dam_1,18.07402,75.12002,19990.88,566.078682199081
06-10-2025 17:00,Ujjani Dam_1,18.07402,75.12002,14651.359999999993,414.88031348416496
06-10-2025 18:00,Ujjani Dam_1,18.07402,75.12002,14640.0,414.55863410688
06-10-2025 19:00,Ujjani Dam_1,18.07402,75.12002,14640.0,414.55863410688
06-10-2025 21:00,Ujjani Dam_1,18.07402,75.12002,9996.839999999997,283.0789846847692
06-10-2025 22:00,Ujjani Dam_1,18.07402,75.12002,9996.839999999997,283.0789846847692
06-10-2025 23:00,Ujjani Dam_1,18.07402,75.12002,9996.839999999997,283.0789846847692
07-10-2025 00:00,Ujjani Dam_1,18.07402,75.12002,9996.839999999997,283.0789846847692
07-10-2025 01:00,Ujjani Dam_1,18.07402,75.12002,9987.039999999999,282.80147958816764
07-10-2025 02:00,Ujjani Dam_1,18.07402,75.12002,9987.039999999999,282.80147958816764
07-10-2025 03:00,Ujjani Dam_1,18.07402,75.12002,9987.039999999999,282.80147958816764
07-10-2025 05:00,Ujjani Dam_1,18.07402,75.12002,9987.039999999999,282.80147958816764
07-10-2025 06:00,Ujjani Dam_1,18.07402,75.12002,9996.839999999997,283.0789846847692
07-10-2025 07:00,Ujjani Dam_1,18.07402,75.12002,9987.039999999999,282.80147958816764
07-10-2025 08:00,Ujjani Dam_1,18.07402,75.12002,9996.839999999997,283.0789846847692
07-10-2025 09:00,Ujjani Dam_1,18.07402,75.12002,9996.839999999997,283.0789846847692
07-10-2025 10:00,Ujjani Dam_1,18.07402,75.12002,10001.88,283.22170159159293
07-10-2025 12:00,Ujjani Dam_1,18.07402,75.12002,10001.88,283.22170159159293
07-10-2025 13:00,Ujjani Dam_1,18.07402,75.12002,9996.839999999997,283.0789846847692
07-10-2025 14:00,Ujjani Dam_1,18.07402,75.12002,9996.839999999997,283.0789846847692
07-10-2025 15:00,Ujjani Dam_1,18.07402,75.12002,9996.839999999997,283.0789846847692
07-10-2025 16:00,Ujjani Dam_1,18.07402,75.12002,10001.88,283.22170159159293
07-10-2025 17:00,Ujjani Dam_1,18.07402,75.12002,10001.88,283.22170159159293
07-10-2025 19:00,Ujjani Dam_1,18.07402,75.12002,10001.88,283.22170159159293
07-10-2025 20:00,Ujjani Dam_1,18.07402,75.12002,10001.88,283.22170159159293
07-10-2025 21:00,Ujjani Dam_1,18.07402,75.12002,10001.88,283.22170159159293
07-10-2025 22:00,Ujjani Dam_1,18.07402,75.12002,10001.88,283.22170159159293
07-10-2025 23:00,Ujjani Dam_1,18.07402,75.12002,10001.88,283.22170159159293
08-10-2025 00:00,Ujjani Dam_1,18.07402,75.12002,10011.680000000002,283.49920668819465
08-10-2025 01:00,Ujjani Dam_1,18.07402,75.12002,10011.680000000002,283.49920668819465
08-10-2025 02:00,Ujjani Dam_1,18.07402,75.12002,10001.88,283.22170159159293
08-10-2025 04:00,Ujjani Dam_1,18.07402,75.12002,10001.88,283.22170159159293
08-10-2025 05:00,Ujjani Dam_1,18.07402,75.12002,10001.88,283.22170159159293
08-10-2025 06:00,Ujjani Dam_1,18.07402,75.12002,5095.92,144.30038488510465
08-10-2025 07:00,Ujjani Dam_1,18.07402,75.12002,5095.92,144.30038488510465
08-10-2025 09:00,Ujjani Dam_1,18.07402,75.12002,0.0,0.0
08-10-2025 10:00,Ujjani Dam_1,18.07402,75.12002,0.0,0.0
08-10-2025 11:00,Ujjani Dam_1,18.07402,75.12002,0.0,0.0
08-10-2025 12:00,Ujjani Dam_1,18.07402,75.12002,0.0,0.0
08-10-2025 13:00,Ujjani Dam_1,18.07402,75.12002,0.0,0.0
08-10-2025 14:00,Ujjani Dam_1,18.07402,75.12002,0.0,0.0
08-10-2025 15:00,Ujjani Dam_1,18.07402,75.12002,0.0,0.0
08-10-2025 16:00,Ujjani Dam_1,18.07402,75.12002,0.0,0.0
08-10-2025 18:00,Ujjani Dam_1,18.07402,75.12002,0.0,0.0
08-10-2025 19:00,Ujjani Dam_1,18.07402,75.12002,0.0,0.0
08-10-2025 20:00,Ujjani Dam_1,18.07402,75.12002,0.0,0.0
08-10-2025 21:00,Ujjani Dam_1,18.07402,75.12002,0.0,0.0
08-10-2025 22:00,Ujjani Dam_1,18.07402,75.12002,0.0,0.0
08-10-2025 23:00,Ujjani Dam_1,18.07402,75.12002,0.0,0.0
09-10-2025 01:00,Ujjani Dam_1,18.07402,75.12002,0.0,0.0
09-10-2025 02:00,Ujjani Dam_1,18.07402,75.12002,0.0,0.0
09-10-2025 03:00,Ujjani Dam_1,18.07402,75.12002,3141.6,88.9602052534272
09-10-2025 04:00,Ujjani Dam_1,18.07402,75.12002,3137.36,88.84014182387713
09-10-2025 05:00,Ujjani Dam_1,18.07402,75.12002,3141.6,88.9602052534272
09-10-2025 06:00,Ujjani Dam_1,18.07402,75.12002,3140.2,88.9205616681984
09-10-2025 07:00,Ujjani Dam_1,18.07402,75.12002,3140.2,88.9205616681984
09-10-2025 09:00,Ujjani Dam_1,18.07402,75.12002,7853.999999999998,222.40051313356796
09-10-2025 10:00,Ujjani Dam_1,18.07402,75.12002,7861.000000000002,222.59873105971207
09-10-2025 11:00,Ujjani Dam_1,18.07402,75.12002,7861.000000000002,222.59873105971207
09-10-2025 12:00,Ujjani Dam_1,18.07402,75.12002,7861.000000000002,222.59873105971207
09-10-2025 13:00,Ujjani Dam_1,18.07402,75.12002,7861.000000000002,222.59873105971207
09-10-2025 16:00,Ujjani Dam_1,18.07402,75.12002,14741.760000000004,417.44015641608206
09-10-2025 17:00,Ujjani Dam_1,18.07402,75.12002,14730.399999999996,417.1184770387967
09-10-2025 18:00,Ujjani Dam_1,18.07402,75.12002,14741.760000000004,417.44015641608206
09-10-2025 20:00,Ujjani Dam_1,18.07402,75.12002,14730.399999999996,417.1184770387967
09-10-2025 21:00,Ujjani Dam_1,18.07402,75.12002,14730.399999999996,417.1184770387967
09-10-2025 22:00,Ujjani Dam_1,18.07402,75.12002,10051.300000000001,284.62112015016965
09-10-2025 23:00,Ujjani Dam_1,18.07402,75.12002,10041.359999999999,284.33965069504507
10-10-2025 00:00,Ujjani Dam_1,18.07402,75.12002,10051.300000000001,284.62112015016965
10-10-2025 02:00,Ujjani Dam_1,18.07402,75.12002,5115.0,144.84067031808002
10-10-2025 03:00,Ujjani Dam_1,18.07402,75.12002,5119.2,144.9596010737664
10-10-2025 04:00,Ujjani Dam_1,18.07402,75.12002,5115.0,144.84067031808002
10-10-2025 05:00,Ujjani Dam_1,18.07402,75.12002,5115.0,144.84067031808002
10-10-2025 06:00,Ujjani Dam_1,18.07402,75.12002,5110.74,144.7200405515981
10-10-2025 07:00,Ujjani Dam_1,18.07402,75.12002,5110.74,144.7200405515981
10-10-2025 10:00,Ujjani Dam_1,18.07402,75.12002,1706.4,48.3198670245888
10-10-2025 11:00,Ujjani Dam_1,18.07402,75.12002,1706.4,48.3198670245888
10-10-2025 12:00,Ujjani Dam_1,18.07402,75.12002,1706.4,48.3198670245888
10-10-2025 13:00,Ujjani Dam_1,18.07402,75.12002,1706.4,48.3198670245888
10-10-2025 14:00,Ujjani Dam_1,18.07402,75.12002,1706.4,48.3198670245888
10-10-2025 16:00,Ujjani Dam_1,18.07402,75.12002,0.0,0.0
10-10-2025 17:00,Ujjani Dam_1,18.07402,75.12002,0.0,0.0
10-10-2025 18:00,Ujjani Dam_1,18.07402,75.12002,0.0,0.0
10-10-2025 19:00,Ujjani Dam_1,18.07402,75.12002,0.0,0.0
10-10-2025 20:00,Ujjani Dam_1,18.07402,75.12002,0.0,0.0
10-10-2025 21:00,Ujjani Dam_1,18.07402,75.12002,0.0,0.0
10-10-2025 23:00,Ujjani Dam_1,18.07402,75.12002,0.0,0.0
11-10-2025 00:00,Ujjani Dam_1,18.07402,75.12002,0.0,0.0
11-10-2025 01:00,Ujjani Dam_1,18.07402,75.12002,0.0,0.0
11-10-2025 02:00,Ujjani Dam_1,18.07402,75.12002,0.0,0.0
11-10-2025 03:00,Ujjani Dam_1,18.07402,75.12002,0.0,0.0
11-10-2025 05:00,Ujjani Dam_1,18.07402,75.12002,0.0,0.0
11-10-2025 06:00,Ujjani Dam_1,18.07402,75.12002,0.0,0.0
11-10-2025 07:00,Ujjani Dam_1,18.07402,75.12002,0.0,0.0
11-10-2025 08:00,Ujjani Dam_1,18.07402,75.12002,0.0,0.0
11-10-2025 09:00,Ujjani Dam_1,18.07402,75.12002,0.0,0.0
11-10-2025 10:00,Ujjani Dam_1,18.07402,75.12002,0.0,0.0
11-10-2025 12:00,Ujjani Dam_1,18.07402,75.12002,0.0,0.0
11-10-2025 13:00,Ujjani Dam_1,18.07402,75.12002,0.0,0.0
11-10-2025 14:00,Ujjani Dam_1,18.07402,75.12002,0.0,0.0
11-10-2025 15:00,Ujjani Dam_1,18.07402,75.12002,0.0,0.0
11-10-2025 16:00,Ujjani Dam_1,18.07402,75.12002,0.0,0.0
11-10-2025 17:00,Ujjani Dam_1,18.07402,75.12002,0.0,0.0
11-10-2025 19:00,Ujjani Dam_1,18.07402,75.12002,2157.02,61.08000443587584
11-10-2025 20:00,Ujjani Dam_1,18.07402,75.12002,3011.64,85.28014787033088
11-10-2025 21:00,Ujjani Dam_1,18.07402,75.12002,3011.64,85.28014787033088
11-10-2025 22:00,Ujjani Dam_1,18.07402,75.12002,3008.8,85.19972802600961
11-10-2025 23:00,Ujjani Dam_1,18.07402,75.12002,3008.8,85.19972802600961
12-10-2025 00:00,Ujjani Dam_1,18.07402,75.12002,3011.64,85.28014787033088
12-10-2025 01:00,Ujjani Dam_1,18.07402,75.12002,3011.64,85.28014787033088
12-10-2025 03:00,Ujjani Dam_1,18.07402,75.12002,3008.8,85.19972802600961
12-10-2025 04:00,Ujjani Dam_1,18.07402,75.12002,3008.8,85.19972802600961
12-10-2025 05:00,Ujjani Dam_1,18.07402,75.12002,3011.64,85.28014787033088
12-10-2025 06:00,Ujjani Dam_1,18.07402,75.12002,3011.64,85.28014787033088
12-10-2025 07:00,Ujjani Dam_1,18.07402,75.12002,3008.8,85.19972802600961
12-10-2025 08:00,Ujjani Dam_1,18.07402,75.12002,3011.64,85.28014787033088
12-10-2025 09:00,Ujjani Dam_1,18.07402,75.12002,3008.8,85.19972802600961
12-10-2025 11:00,Ujjani Dam_1,18.07402,75.12002,3011.64,85.28014787033088
12-10-2025 12:00,Ujjani Dam_1,18.07402,75.12002,3011.64,85.28014787033088
12-10-2025 13:00,Ujjani Dam_1,18.07402,75.12002,3011.64,85.28014787033088
12-10-2025 14:00,Ujjani Dam_1,18.07402,75.12002,3011.64,85.28014787033088
12-10-2025 15:00,Ujjani Dam_1,18.07402,75.12002,3011.64,85.28014787033088
12-10-2025 16:00,Ujjani Dam_1,18.07402,75.12002,3011.64,85.28014787033088
12-10-2025 18:00,Ujjani Dam_1,18.07402,75.12002,3011.64,85.28014787033088
12-10-2025 19:00,Ujjani Dam_1,18.07402,75.12002,3011.64,85.28014787033088
12-10-2025 20:00,Ujjani Dam_1,18.07402,75.12002,3014.48,85.36056771465216
12-10-2025 21:00,Ujjani Dam_1,18.07402,75.12002,3008.8,85.19972802600961
12-10-2025 22:00,Ujjani Dam_1,18.07402,75.12002,3008.8,85.19972802600961
12-10-2025 23:00,Ujjani Dam_1,18.07402,75.12002,3011.64,85.28014787033088
13-10-2025 00:00,Ujjani Dam_1,18.07402,75.12002,3008.8,85.19972802600961
13-10-2025 02:00,Ujjani Dam_1,18.07402,75.12002,3011.64,85.28014787033088
13-10-2025 03:00,Ujjani Dam_1,18.07402,75.12002,3011.64,85.28014787033088
13-10-2025 04:00,Ujjani Dam_1,18.07402,75.12002,3011.64,85.28014787033088
13-10-2025 05:00,Ujjani Dam_1,18.07402,75.12002,3011.64,85.28014787033088
13-10-2025 06:00,Ujjani Dam_1,18.07402,75.12002,3011.64,85.28014787033088
13-10-2025 07:00,Ujjani Dam_1,18.07402,75.12002,3011.64,85.28014787033088
13-10-2025 08:00,Ujjani Dam_1,18.07402,75.12002,5127.72,145.20086060673026
13-10-2025 10:00,Ujjani Dam_1,18.07402,75.12002,5127.72,145.20086060673026
13-10-2025 11:00,Ujjani Dam_1,18.07402,75.12002,5123.46,145.08023084024833
13-10-2025 12:00,Ujjani Dam_1,18.07402,75.12002,5123.46,145.08023084024833
13-10-2025 13:00,Ujjani Dam_1,18.07402,75.12002,5127.72,145.20086060673026
13-10-2025 14:00,Ujjani Dam_1,18.07402,75.12002,5123.46,145.08023084024833
13-10-2025 19:00,Ujjani Dam_1,18.07402,75.12002,5127.72,145.20086060673026
13-10-2025 20:00,Ujjani Dam_1,18.07402,75.12002,5123.46,145.08023084024833
13-10-2025 21:00,Ujjani Dam_1,18.07402,75.12002,5119.2,144.9596010737664
13-10-2025 22:00,Ujjani Dam_1,18.07402,75.12002,5123.46,145.08023084024833
13-10-2025 23:00,Ujjani Dam_1,18.07402,75.12002,5055.65,143.1600654728448
14-10-2025 00:00,Ujjani Dam_1,18.07402,75.12002,3011.64,85.28014787033088
14-10-2025 02:00,Ujjani Dam_1,18.07402,75.12002,3007.4,85.1600844407808
14-10-2025 03:00,Ujjani Dam_1,18.07402,75.12002,3007.4,85.1600844407808
14-10-2025 04:00,Ujjani Dam_1,18.07402,75.12002,3008.8,85.19972802600961
14-10-2025 05:00,Ujjani Dam_1,18.07402,75.12002,3007.4,85.1600844407808
14-10-2025 06:00,Ujjani Dam_1,18.07402,75.12002,3007.4,85.1600844407808
14-10-2025 07:00,Ujjani Dam_1,18.07402,75.12002,3007.4,85.1600844407808
14-10-2025 08:00,Ujjani Dam_1,18.07402,75.12002,3007.4,85.1600844407808
14-10-2025 10:00,Ujjani Dam_1,18.07402,75.12002,3007.4,85.1600844407808
14-10-2025 11:00,Ujjani Dam_1,18.07402,75.12002,3007.4,85.1600844407808
14-10-2025 12:00,Ujjani Dam_1,18.07402,75.12002,3007.4,85.1600844407808
14-10-2025 13:00,Ujjani Dam_1,18.07402,75.12002,3007.4,85.1600844407808
14-10-2025 14:00,Ujjani Dam_1,18.07402,75.12002,3007.4,85.1600844407808
14-10-2025 15:00,Ujjani Dam_1,18.07402,75.12002,3007.4,85.1600844407808
14-10-2025 16:00,Ujjani Dam_1,18.07402,75.12002,3007.4,85.1600844407808
14-10-2025 18:00,Ujjani Dam_1,18.07402,75.12002,0.0,0.0
14-10-2025 19:00,Ujjani Dam_1,18.07402,75.12002,0.0,0.0
14-10-2025 20:00,Ujjani Dam_1,18.07402,75.12002,0.0,0.0
14-10-2025 21:00,Ujjani Dam_1,18.07402,75.12002,0.0,0.0
14-10-2025 22:00,Ujjani Dam_1,18.07402,75.12002,0.0,0.0
14-10-2025 23:00,Ujjani Dam_1,18.07402,75.12002,0.0,0.0
15-10-2025 00:00,Ujjani Dam_1,18.07402,75.12002,0.0,0.0
15-10-2025 02:00,Ujjani Dam_1,18.07402,75.12002,0.0,0.0
15-10-2025 03:00,Ujjani Dam_1,18.07402,75.12002,0.0,0.0
15-10-2025 04:00,Ujjani Dam_1,18.07402,75.12002,0.0,0.0
15-10-2025 05:00,Ujjani Dam_1,18.07402,75.12002,0.0,0.0
15-10-2025 06:00,Ujjani Dam_1,18.07402,75.12002,0.0,0.0
15-10-2025 07:00,Ujjani Dam_1,18.07402,75.12002,0.0,0.0
15-10-2025 09:00,Ujjani Dam_1,18.07402,75.12002,0.0,0.0
15-10-2025 10:00,Ujjani Dam_1,18.07402,75.12002,0.0,0.0
15-10-2025 11:00,Ujjani Dam_1,18.07402,75.12002,0.0,0.0
15-10-2025 12:00,Ujjani Dam_1,18.07402,75.12002,0.0,0.0
15-10-2025 13:00,Ujjani Dam_1,18.07402,75.12002,0.0,0.0
15-10-2025 14:00,Ujjani Dam_1,18.07402,75.12002,0.0,0.0
15-10-2025 15:00,Ujjani Dam_1,18.07402,75.12002,0.0,0.0
15-10-2025 17:00,Ujjani Dam_1,18.07402,75.12002,0.0,0.0
15-10-2025 18:00,Ujjani Dam_1,18.07402,75.12002,0.0,0.0
15-10-2025 19:00,Ujjani Dam_1,18.07402,75.12002,0.0,0.0
15-10-2025 20:00,Ujjani Dam_1,18.07402,75.12002,0.0,0.0
15-10-2025 21:00,Ujjani Dam_1,18.07402,75.12002,0.0,0.0
15-10-2025 22:00,Ujjani Dam_1,18.07402,75.12002,0.0,0.0
15-10-2025 23:00,Ujjani Dam_1,18.07402,75.12002,0.0,0.0
16-10-2025 01:00,Ujjani Dam_1,18.07402,75.12002,0.0,0.0
16-10-2025 02:00,Ujjani Dam_1,18.07402,75.12002,0.0,0.0
16-10-2025 03:00,Ujjani Dam_1,18.07402,75.12002,0.0,0.0
16-10-2025 04:00,Ujjani Dam_1,18.07402,75.12002,0.0,0.0
16-10-2025 05:00,Ujjani Dam_1,18.07402,75.12002,0.0,0.0
16-10-2025 06:00,Ujjani Dam_1,18.07402,75.12002,0.0,0.0
16-10-2025 07:00,Ujjani Dam_1,18.07402,75.12002,0.0,0.0
16-10-2025 09:00,Ujjani Dam_1,18.07402,75.12002,0.0,0.0
16-10-2025 10:00,Ujjani Dam_1,18.07402,75.12002,0.0,0.0
16-10-2025 11:00,Ujjani Dam_1,18.07402,75.12002,0.0,0.0
16-10-2025 12:00,Ujjani Dam_1,18.07402,75.12002,0.0,0.0
16-10-2025 13:00,Ujjani Dam_1,18.07402,75.12002,0.0,0.0
16-10-2025 14:00,Ujjani Dam_1,18.07402,75.12002,0.0,0.0
16-10-2025 15:00,Ujjani Dam_1,18.07402,75.12002,0.0,0.0
16-10-2025 17:00,Ujjani Dam_1,18.07402,75.12002,0.0,0.0
16-10-2025 18:00,Ujjani Dam_1,18.07402,75.12002,0.0,0.0
16-10-2025 19:00,Ujjani Dam_1,18.07402,75.12002,0.0,0.0
16-10-2025 20:00,Ujjani Dam_1,18.07402,75.12002,0.0,0.0
16-10-2025 21:00,Ujjani Dam_1,18.07402,75.12002,0.0,0.0
16-10-2025 22:00,Ujjani Dam_1,18.07402,75.12002,0.0,0.0
16-10-2025 23:00,Ujjani Dam_1,18.07402,75.12002,0.0,0.0
17-10-2025 01:00,Ujjani Dam_1,18.07402,75.12002,0.0,0.0
17-10-2025 02:00,Ujjani Dam_1,18.07402,75.12002,0.0,0.0
17-10-2025 03:00,Ujjani Dam_1,18.07402,75.12002,0.0,0.0
17-10-2025 04:00,Ujjani Dam_1,18.07402,75.12002,0.0,0.0
17-10-2025 05:00,Ujjani Dam_1,18.07402,75.12002,0.0,0.0
17-10-2025 06:00,Ujjani Dam_1,18.07402,75.12002,0.0,0.0
17-10-2025 07:00,Ujjani Dam_1,18.07402,75.12002,0.0,0.0
17-10-2025 09:00,Ujjani Dam_1,18.07402,75.12002,0.0,0.0
17-10-2025 10:00,Ujjani Dam_1,18.07402,75.12002,0.0,0.0
17-10-2025 11:00,Ujjani Dam_1,18.07402,75.12002,0.0,0.0
17-10-2025 12:00,Ujjani Dam_1,18.07402,75.12002,0.0,0.0
17-10-2025 13:00,Ujjani Dam_1,18.07402,75.12002,0.0,0.0
17-10-2025 14:00,Ujjani Dam_1,18.07402,75.12002,0.0,0.0
17-10-2025 15:00,Ujjani Dam_1,18.07402,75.12002,0.0,0.0
17-10-2025 17:00,Ujjani Dam_1,18.07402,75.12002,0.0,0.0
17-10-2025 18:00,Ujjani Dam_1,18.07402,75.12002,0.0,0.0
17-10-2025 19:00,Ujjani Dam_1,18.07402,75.12002,0.0,0.0
17-10-2025 20:00,Ujjani Dam_1,18.07402,75.12002,0.0,0.0
17-10-2025 21:00,Ujjani Dam_1,18.07402,75.12002,0.0,0.0
17-10-2025 22:00,Ujjani Dam_1,18.07402,75.12002,0.0,0.0
17-10-2025 23:00,Ujjani Dam_1,18.07402,75.12002,0.0,0.0
18-10-2025 01:00,Ujjani Dam_1,18.07402,75.12002,0.0,0.0
18-10-2025 02:00,Ujjani Dam_1,18.07402,75.12002,0.0,0.0
18-10-2025 03:00,Ujjani Dam_1,18.07402,75.12002,0.0,0.0
18-10-2025 04:00,Ujjani Dam_1,18.07402,75.12002,0.0,0.0
18-10-2025 05:00,Ujjani Dam_1,18.07402,75.12002,0.0,0.0
18-10-2025 06:00,Ujjani Dam_1,18.07402,75.12002,0.0,0.0
18-10-2025 07:00,Ujjani Dam_1,18.07402,75.12002,0.0,0.0
18-10-2025 09:00,Ujjani Dam_1,18.07402,75.12002,0.0,0.0
18-10-2025 10:00,Ujjani Dam_1,18.07402,75.12002,0.0,0.0
18-10-2025 11:00,Ujjani Dam_1,18.07402,75.12002,0.0,0.0
18-10-2025 12:00,Ujjani Dam_1,18.07402,75.12002,0.0,0.0
18-10-2025 13:00,Ujjani Dam_1,18.07402,75.12002,0.0,0.0
18-10-2025 14:00,Ujjani Dam_1,18.07402,75.12002,0.0,0.0
18-10-2025 16:00,Ujjani Dam_1,18.07402,75.12002,0.0,0.0
18-10-2025 17:00,Ujjani Dam_1,18.07402,75.12002,0.0,0.0
18-10-2025 18:00,Ujjani Dam_1,18.07402,75.12002,0.0,0.0
18-10-2025 19:00,Ujjani Dam_1,18.07402,75.12002,0.0,0.0
18-10-2025 20:00,Ujjani Dam_1,18.07402,75.12002,0.0,0.0
18-10-2025 21:00,Ujjani Dam_1,18.07402,75.12002,0.0,0.0
18-10-2025 22:00,Ujjani Dam_1,18.07402,75.12002,0.0,0.0
19-10-2025 00:00,Ujjani Dam_1,18.07402,75.12002,0.0,0.0
19-10-2025 01:00,Ujjani Dam_1,18.07402,75.12002,0.0,0.0
19-10-2025 02:00,Ujjani Dam_1,18.07402,75.12002,0.0,0.0
19-10-2025 03:00,Ujjani Dam_1,18.07402,75.12002,0.0,0.0
19-10-2025 04:00,Ujjani Dam_1,18.07402,75.12002,0.0,0.0
19-10-2025 05:00,Ujjani Dam_1,18.07402,75.12002,0.0,0.0
19-10-2025 06:00,Ujjani Dam_1,18.07402,75.12002,0.0,0.0
19-10-2025 08:00,Ujjani Dam_1,18.07402,75.12002,0.0,0.0
19-10-2025 09:00,Ujjani Dam_1,18.07402,75.12002,0.0,0.0
19-10-2025 10:00,Ujjani Dam_1,18.07402,75.12002,0.0,0.0
19-10-2025 11:00,Ujjani Dam_1,18.07402,75.12002,0.0,0.0
19-10-2025 12:00,Ujjani Dam_1,18.07402,75.12002,0.0,0.0
19-10-2025 13:00,Ujjani Dam_1,18.07402,75.12002,0.0,0.0
19-10-2025 14:00,Ujjani Dam_1,18.07402,75.12002,0.0,0.0
19-10-2025 16:00,Ujjani Dam_1,18.07402,75.12002,0.0,0.0
19-10-2025 17:00,Ujjani Dam_1,18.07402,75.12002,0.0,0.0
19-10-2025 18:00,Ujjani Dam_1,18.07402,75.12002,0.0,0.0
19-10-2025 19:00,Ujjani Dam_1,18.07402,75.12002,0.0,0.0
19-10-2025 20:00,Ujjani Dam_1,18.07402,75.12002,0.0,0.0
19-10-2025 21:00,Ujjani Dam_1,18.07402,75.12002,0.0,0.0
19-10-2025 22:00,Ujjani Dam_1,18.07402,75.12002,0.0,0.0
20-10-2025 00:00,Ujjani Dam_1,18.07402,75.12002,0.0,0.0
20-10-2025 01:00,Ujjani Dam_1,18.07402,75.12002,0.0,0.0
20-10-2025 02:00,Ujjani Dam_1,18.07402,75.12002,0.0,0.0
20-10-2025 03:00,Ujjani Dam_1,18.07402,75.12002,0.0,0.0
20-10-2025 04:00,Ujjani Dam_1,18.07402,75.12002,0.0,0.0
20-10-2025 05:00,Ujjani Dam_1,18.07402,75.12002,0.0,0.0
20-10-2025 06:00,Ujjani Dam_1,18.07402,75.12002,0.0,0.0
20-10-2025 08:00,Ujjani Dam_1,18.07402,75.12002,0.0,0.0
20-10-2025 09:00,Ujjani Dam_1,18.07402,75.12002,0.0,0.0
20-10-2025 10:00,Ujjani Dam_1,18.07402,75.12002,0.0,0.0
20-10-2025 11:00,Ujjani Dam_1,18.07402,75.12002,0.0,0.0
20-10-2025 12:00,Ujjani Dam_1,18.07402,75.12002,0.0,0.0
20-10-2025 13:00,Ujjani Dam_1,18.07402,75.12002,0.0,0.0
20-10-2025 14:00,Ujjani Dam_1,18.07402,75.12002,0.0,0.0
20-10-2025 16:00,Ujjani Dam_1,18.07402,75.12002,0.0,0.0
20-10-2025 17:00,Ujjani Dam_1,18.07402,75.12002,0.0,0.0
20-10-2025 18:00,Ujjani Dam_1,18.07402,75.12002,0.0,0.0
20-10-2025 19:00,Ujjani Dam_1,18.07402,75.12002,0.0,0.0
20-10-2025 20:00,Ujjani Dam_1,18.07402,75.12002,0.0,0.0
20-10-2025 21:00,Ujjani Dam_1,18.07402,75.12002,0.0,0.0
20-10-2025 22:00,Ujjani Dam_1,18.07402,75.12002,0.0,0.0
21-10-2025 00:00,Ujjani Dam_1,18.07402,75.12002,0.0,0.0
21-10-2025 01:00,Ujjani Dam_1,18.07402,75.12002,0.0,0.0
21-10-2025 02:00,Ujjani Dam_1,18.07402,75.12002,0.0,0.0
21-10-2025 03:00,Ujjani Dam_1,18.07402,75.12002,0.0,0.0
21-10-2025 04:00,Ujjani Dam_1,18.07402,75.12002,0.0,0.0
21-10-2025 05:00,Ujjani Dam_1,18.07402,75.12002,0.0,0.0
21-10-2025 06:00,Ujjani Dam_1,18.07402,75.12002,0.0,0.0
21-10-2025 08:00,Ujjani Dam_1,18.07402,75.12002,0.0,0.0
21-10-2025 09:00,Ujjani Dam_1,18.07402,75.12002,0.0,0.0
21-10-2025 10:00,Ujjani Dam_1,18.07402,75.12002,0.0,0.0
21-10-2025 11:00,Ujjani Dam_1,18.07402,75.12002,0.0,0.0
21-10-2025 12:00,Ujjani Dam_1,18.07402,75.12002,0.0,0.0
21-10-2025 13:00,Ujjani Dam_1,18.07402,75.12002,0.0,0.0
21-10-2025 15:00,Ujjani Dam_1,18.07402,75.12002,0.0,0.0
21-10-2025 16:00,Ujjani Dam_1,18.07402,75.12002,0.0,0.0
21-10-2025 17:00,Ujjani Dam_1,18.07402,75.12002,0.0,0.0
21-10-2025 18:00,Ujjani Dam_1,18.07402,75.12002,0.0,0.0
21-10-2025 19:00,Ujjani Dam_1,18.07402,75.12002,0.0,0.0
21-10-2025 20:00,Ujjani Dam_1,18.07402,75.12002,0.0,0.0
21-10-2025 21:00,Ujjani Dam_1,18.07402,75.12002,0.0,0.0
21-10-2025 23:00,Ujjani Dam_1,18.07402,75.12002,0.0,0.0
22-10-2025 00:00,Ujjani Dam_1,18.07402,75.12002,0.0,0.0
22-10-2025 01:00,Ujjani Dam_1,18.07402,75.12002,0.0,0.0
22-10-2025 02:00,Ujjani Dam_1,18.07402,75.12002,0.0,0.0
22-10-2025 03:00,Ujjani Dam_1,18.07402,75.12002,0.0,0.0
22-10-2025 04:00,Ujjani Dam_1,18.07402,75.12002,0.0,0.0
22-10-2025 05:00,Ujjani Dam_1,18.07402,75.12002,0.0,0.0
22-10-2025 07:00,Ujjani Dam_1,18.07402,75.12002,0.0,0.0
22-10-2025 08:00,Ujjani Dam_1,18.07402,75.12002,0.0,0.0
22-10-2025 09:00,Ujjani Dam_1,18.07402,75.12002,0.0,0.0
22-10-2025 10:00,Ujjani Dam_1,18.07402,75.12002,0.0,0.0
22-10-2025 11:00,Ujjani Dam_1,18.07402,75.12002,0.0,0.0
22-10-2025 12:00,Ujjani Dam_1,18.07402,75.12002,0.0,0.0
22-10-2025 13:00,Ujjani Dam_1,18.07402,75.12002,0.0,0.0
22-10-2025 15:00,Ujjani Dam_1,18.07402,75.12002,0.0,0.0
22-10-2025 16:00,Ujjani Dam_1,18.07402,75.12002,0.0,0.0
22-10-2025 17:00,Ujjani Dam_1,18.07402,75.12002,0.0,0.0
22-10-2025 18:00,Ujjani Dam_1,18.07402,75.12002,0.0,0.0
22-10-2025 19:00,Ujjani Dam_1,18.07402,75.12002,0.0,0.0
22-10-2025 20:00,Ujjani Dam_1,18.07402,75.12002,0.0,0.0
22-10-2025 21:00,Ujjani Dam_1,18.07402,75.12002,0.0,0.0
22-10-2025 23:00,Ujjani Dam_1,18.07402,75.12002,0.0,0.0
23-10-2025 00:00,Ujjani Dam_1,18.07402,75.12002,0.0,0.0
23-10-2025 01:00,Ujjani Dam_1,18.07402,75.12002,0.0,0.0
23-10-2025 02:00,Ujjani Dam_1,18.07402,75.12002,0.0,0.0
23-10-2025 03:00,Ujjani Dam_1,18.07402,75.12002,0.0,0.0
23-10-2025 04:00,Ujjani Dam_1,18.07402,75.12002,0.0,0.0
23-10-2025 05:00,Ujjani Dam_1,18.07402,75.12002,0.0,0.0
