{
"type": "FeatureCollection",
"name": "roughness_zones",
"crs": { "type": "name", "properties": { "name": "urn:ogc:def:crs:OGC:1.3:CRS84" } },
"features": [
{ "type": "Feature", "properties": { "zone_id": "channel", "land_cover": "river_channel", "manning_n": 0.035, "provenance": "synthetic" }, "geometry": { "type": "Polygon", "coordinates": [ [ [ 75.121683797843531, 18.077367029977854 ], [ 75.123575796114821, 18.077799151661821 ], [ 75.123579055414936, 18.077799893394129 ], [ 75.125469427884525, 18.07822854395851 ], [ 75.125474301219271, 18.078229643056442 ], [ 75.127364679456406, 18.078653677970266 ], [ 75.127371147905222, 18.07865511846607 ], [ 75.129261530674597, 18.079073045097029 ], [ 75.129269568733491, 18.079074806057559 ], [ 75.131159954760165, 18.079485165521131 ], [ 75.131169530130109, 18.079487221347293 ], [ 75.133059918107335, 18.079888596570061 ], [ 75.13307099145554, 18.079890917373305 ], [ 75.134961380052829, 18.080281940910588 ], [ 75.134973904763228, 18.080284492966758 ], [ 75.136864292634755, 18.080663854528574 ], [ 75.136878214566195, 18.080666600807948 ], [ 75.138768600359384, 18.081033054449161 ], [ 75.138783857632546, 18.081035955220056 ], [ 75.140674239996898, 18.081388326152503 ], [ 75.140690762831071, 18.08139133965318 ], [ 75.14258114042714, 18.081728530639747 ], [ 75.142598851049641, 18.081731613810973 ], [ 75.144489222557993, 18.082052611104071 ], [ 75.144508035206854, 18.082055720371272 ], [ 75.146398399337031, 18.082359599161091 ], [ 75.146418220376944, 18.08236269125192 ], [ 75.148308575876513, 18.082648620592281 ], [ 75.148329304044196, 18.082651653372324 ], [ 75.150219649707438, 18.082918900555537 ], [ 75.150241176499094, 18.082921833861921 ], [ 75.152131511175725, 18.083169768216845 ], [ 75.152153721383684, 18.083172564667201 ], [ 75.154044043987184, 18.083400660758574 ], [ 75.154066816387186, 18.083403286511707 ], [ 75.15595712590283, 18.083611126721923 ], [ 75.155980334086649, 18.083613552165833 ], [ 75.157870629579236, 18.083800828644261 ], [ 75.15789414292108, 18.083803028988452 ], [ 75.159784423542078, 18.083969544957117 ], [ 75.159808108280529, 18.08397150070823 ], [ 75.161698373274945, 18.084117171116283 ], [ 75.161722093686706, 18.084118868419367 ], [ 75.163612342399077, 18.084243719942926 ], [ 75.163635962036508, 18.084245150775754 ], [ 75.165526193916619, 18.084349321163199 ], [ 75.165549576877467, 18.084350483375978 ], [ 75.167439791485194, 18.084434220143009 ], [ 75.167462803682071, 18.084435117342064 ], [ 75.169353000691558, 18.08449877582445 ], [ 75.1693755110891, 18.084499417104432 ], [ 75.17126569029223, 18.084543457880219 ], [ 75.171287572081511, 18.084543857415305 ], [ 75.17317773339056, 18.08456884311201 ], [ 75.173198865074937, 18.084569019621675 ], [ 75.175089008524481, 18.084575611127601 ], [ 75.175109274895377, 18.084575587236603 ], [ 75.176999400643197, 18.084564539339027 ], [ 75.177018693630359, 18.084564340854762 ], [ 75.178908801957647, 18.084536497330795 ], [ 75.178927021345046, 18.084536152462633 ], [ 75.180817112655689, 18.084492440652397 ], [ 75.180834166660134, 18.084491979198305 ], [ 75.182724241479065, 18.084433404092405 ], [ 75.182740047194514, 18.084432856617763 ], [ 75.184630106165272, 18.084360494494536 ], [ 75.184644589881458, 18.084359891526265 ], [ 75.186534633762875, 18.084274883176512 ], [ 75.186547731170421, 18.08427425443352 ], [ 75.188437760832315, 18.084177798013066 ], [ 75.188449417129874, 18.08417717169117 ], [ 75.190339433548118, 18.084070515243724 ], [ 75.190349603468903, 18.084069917370186 ], [ 75.192239607719401, 18.083954351065028 ], [ 75.192248255494633, 18.083953804934453 ], [ 75.194138248746881, 18.083830653064929 ], [ 75.194145348023966, 18.083830178765798 ], [ 75.196035331533579, 18.083700791556222 ], [ 75.196040865264635, 18.083700405594058 ], [ 75.197930840365174, 18.083566150863732 ], [ 75.197934800679676, 18.083565865884697 ], [ 75.199824768774121, 18.083428120618429 ], [ 75.199827156846382, 18.083427945235115 ], [ 75.201717119397657, 18.083288087110351 ], [ 75.203607545168524, 18.083147451434975 ], [ 75.205496026043335, 18.083007570393992 ], [ 75.207383008408399, 18.082869737236422 ], [ 75.209268534201982, 18.082735239551695 ], [ 75.211152653759768, 18.082605321113572 ], [ 75.213035425668096, 18.082481174614706 ], [ 75.214916916598597, 18.082363934766015 ], [ 75.216797201096739, 18.082254671794331 ], [ 75.218676361327084, 18.082154385367872 ], [ 75.220554486751965, 18.082063998975286 ], [ 75.222431673737461, 18.081984354780285 ], [ 75.224308025082081, 18.081916208969293 ], [ 75.226183649456047, 18.081860227606406 ], [ 75.228058660756147, 18.081816983006092 ], [ 75.229933177373795, 18.081786950631077 ], [ 75.2318073213888, 18.081770506520474 ], [ 75.233681217689082, 18.081767925251349 ], [ 75.235554993044275, 18.081779378435517 ], [ 75.237428775135797, 18.081804933752796 ], [ 75.239302691571709, 18.081844554521542 ], [ 75.241176868905569, 18.081898099807283 ], [ 75.243051431673067, 18.081965325070406 ], [ 75.244926501472776, 18.082045883353807 ], [ 75.246802196103857, 18.082139327010939 ], [ 75.248678628774996, 18.08224510997416 ], [ 75.250555907396148, 18.082362590561836 ], [ 75.252434133956484, 18.082491034820446 ], [ 75.254313403997543, 18.082629620396268 ], [ 75.256193806169691, 18.082777440926559 ], [ 75.258075421874693, 18.082933510938158 ], [ 75.259958324983273, 18.083096771236647 ], [ 75.261842581618012, 18.083266094765314 ], [ 75.263728249982094, 18.083440292908602 ], [ 75.265615380230173, 18.083618122211924 ], [ 75.267504014367418, 18.083798291485291 ], [ 75.269393910827176, 18.083979442864624 ], [ 75.271284859763441, 18.08416019008374 ], [ 75.271286982349679, 18.08416039190973 ], [ 75.27317738133921, 18.084339194374344 ], [ 75.273181090797763, 18.084339542002319 ], [ 75.275071488256202, 18.084515053173014 ], [ 75.275076790988052, 18.084515538913507 ], [ 75.276967184609759, 18.084686356100754 ], [ 75.276974078325921, 18.084686967913459 ], [ 75.278864465752648, 18.084851693474761 ], [ 75.278872939310574, 18.084852415091749 ], [ 75.280763318145091, 18.085009664903254 ], [ 75.280773351377292, 18.085010476054133 ], [ 75.282663719197458, 18.08515888791467 ], [ 75.282675282742105, 18.085159764653831 ], [ 75.284565637115335, 18.085298006571609 ], [ 75.284578692262073, 18.085298921706151 ], [ 75.286469030760017, 18.085425700018938 ], [ 75.286483529327086, 18.085426623633641 ], [ 75.288373849540562, 18.085540690914179 ], [ 75.288389733801267, 18.085541590987063 ], [ 75.290280033355245, 18.085641753687074 ], [ 75.290297236033751, 18.085642596786506 ], [ 75.292187512602382, 18.085727722573605 ], [ 75.292205956957829, 18.08572847462435 ], [ 75.294096208279328, 18.085797499368645 ], [ 75.294115808297818, 18.085798126471119 ], [ 75.296006032189297, 18.08585006083975 ], [ 75.296026692899915, 18.085850530123277 ], [ 75.297916887271697, 18.085884465743824 ], [ 75.297938505199937, 18.085884746231592 ], [ 75.299828668069821, 18.085899861387844 ], [ 75.299851131836419, 18.085899924848992 ], [ 75.301741261343196, 18.085895489675039 ], [ 75.301764452411462, 18.085895311437614 ], [ 75.303654546828071, 18.085870692579395 ], [ 75.303678340395479, 18.085870252277356 ], [ 75.305568398141318, 18.085824916993978 ], [ 75.305592664164692, 18.085824199222344 ], [ 75.307482683817426, 18.085757718902638 ], [ 75.30750728815417, 18.085756713756719 ], [ 75.309397268460486, 18.085668766830146 ], [ 75.309422074101988, 18.08566747030876 ], [ 75.311312013987617, 18.08555784453301 ], [ 75.31133688235586, 18.085556258789815 ], [ 75.313226780934556, 18.085424852901674 ], [ 75.313251573209044, 18.085422986334819 ], [ 75.315141429790543, 18.08526981105403 ], [ 75.315166008230733, 18.085267678230391 ], [ 75.31705582232749, 18.085092856610526 ], [ 75.317080051555834, 18.085090478027642 ], [ 75.318969822888704, 18.084894245151663 ], [ 75.318993571101004, 18.084891646846412 ], [ 75.320883299603736, 18.084674348868404 ], [ 75.320906439677486, 18.084671561887639 ], [ 75.322796125499778, 18.084433654426178 ], [ 75.322818535975998, 18.084430714178925 ], [ 75.324708179485384, 18.0841727600714 ], [ 75.32472974540589, 18.084169705585733 ], [ 75.326619347188313, 18.08389237201661 ], [ 75.3266399607773, 18.083889245126549 ], [ 75.328529521636213, 18.083593300146276 ], [ 75.328549082821894, 18.083590144634641 ], [ 75.330438603776159, 18.083276453089624 ], [ 75.3304570205554, 18.083273313812146 ], [ 75.332346502835691, 18.082942832709438 ], [ 75.332363691490571, 18.082939754723547 ], [ 75.334253136534556, 18.082593528057629 ], [ 75.334269021714817, 18.082590555776985 ], [ 75.336158431160911, 18.082229708848768 ], [ 75.33617294585099, 18.082226885241003 ], [ 75.338062321530813, 18.081852618502449 ], [ 75.338075406921931, 18.081849984344458 ], [ 75.339964750851664, 18.081463566804967 ], [ 75.33997635614223, 18.081461160006164 ], [ 75.341865670512576, 18.081063922239466 ], [ 75.341875752659746, 18.081061777240468 ], [ 75.343765039824717, 18.080655104032957 ], [ 75.343773563269565, 18.080653251284108 ], [ 75.34566282573428, 18.080238573968025 ], [ 75.345669762121759, 18.080237039489695 ], [ 75.347559002529152, 18.079815828006005 ], [ 75.347564330441671, 18.079814633030981 ], [ 75.349453551558256, 18.079388387768724 ], [ 75.349457256278882, 18.079387548465572 ], [ 75.351346460979556, 18.078957791925621 ], [ 75.351348534297983, 18.078957319201514 ], [ 75.353237725550215, 18.078525587533736 ], [ 75.355126752141217, 18.078093457338667 ], [ 75.357013928078402, 18.077662851543405 ], [ 75.35889949038615, 18.077235237704986 ], [ 75.360783462409785, 18.076812107987561 ], [ 75.362665873959116, 18.076394920745152 ], [ 75.364546761453184, 18.075985092637357 ], [ 75.366426168092772, 18.075583991040421 ], [ 75.368304144051834, 18.075192926798035 ], [ 75.370180746661916, 18.074813147358018 ], [ 75.372056040579466, 18.074445830332834 ], [ 75.373930097908911, 18.074092077521946 ], [ 75.375802998265726, 18.07375290942651 ], [ 75.37767482875168, 18.073429260283927 ], [ 75.379545683836184, 18.073121973640632 ], [ 75.381415665114133, 18.072831798480028 ], [ 75.383284880937012, 18.072559385912921 ], [ 75.385153445907576, 18.072305286434098 ], [ 75.387021480234012, 18.072069947743991 ], [ 75.388889108946856, 18.07185371312978 ], [ 75.390756460995107, 18.071656820396811 ], [ 75.392623668225141, 18.071479401341236 ], [ 75.394490864276236, 18.071321481751443 ], [ 75.396358183407031, 18.071182981928196 ], [ 75.398225759289758, 18.071063717712832 ], [ 75.400093723795734, 18.070963402015789 ], [ 75.401962205806214, 18.070881646838199 ], [ 75.403831330074482, 18.070817965782055 ], [ 75.405701216164502, 18.070771777044943 ], [ 75.407571977486839, 18.070742406896478 ], [ 75.409443720448238, 18.070729093632668 ], [ 75.411316543725135, 18.070730992003693 ], [ 75.41319053766054, 18.070747178108093 ], [ 75.415065783788691, 18.070776654743153 ], [ 75.416942354479872, 18.070818357197478 ], [ 75.418820312690087, 18.070871159467334 ], [ 75.420699711810769, 18.070933880873536 ], [ 75.422580595594368, 18.071005293050973 ], [ 75.424462998149593, 18.071084127278162 ], [ 75.426346943978785, 18.071169082109563 ], [ 75.428232448055255, 18.071258831270121 ], [ 75.430119515925028, 18.071352031767603 ], [ 75.432008143807209, 18.071447332174781 ], [ 75.433897944921526, 18.07154336204075 ], [ 75.435788888170322, 18.071638778291959 ], [ 75.435791149136506, 18.071638891187341 ], [ 75.437681341481266, 18.071732276547294 ], [ 75.437685083597202, 18.071732458174996 ], [ 75.439575269381535, 18.071822557778422 ], [ 75.4395804516559, 18.071822798576576 ], [ 75.441470627634899, 18.071908356532379 ], [ 75.441477200400868, 18.071908644043507 ], [ 75.443367363387466, 18.071988449106218 ], [ 75.443375268451774, 18.071988768414496 ], [ 75.445265415338142, 18.072061661524106 ], [ 75.445274586165539, 18.072061995759231 ], [ 75.447164713944048, 18.072126877262352 ], [ 75.447175075888893, 18.07212720815857 ], [ 75.449065181672722, 18.072183044667813 ], [ 75.44907665226971, 18.072183353164636 ], [ 75.450966733312896, 18.072229184015715 ], [ 75.450979222636931, 18.072229450885555 ], [ 75.452869276353752, 18.072264394153429 ], [ 75.452882687458583, 18.07226460063977 ], [ 75.454772711441919, 18.072287858678283 ], [ 75.45478694088348, 18.072287987126689 ], [ 75.456676932922491, 18.072298851598706 ], [ 75.456691871369785, 18.072298886062757 ], [ 75.458581829466397, 18.072296742430805 ], [ 75.458597362399786, 18.072296669234429 ], [ 75.460487284784037, 18.072281000685219 ], [ 75.460503293275778, 18.072280808924074 ], [ 75.462393178419873, 18.072251199703459 ], [ 75.462409539988343, 18.072250881668769 ], [ 75.464299386619274, 18.072207019807255 ], [ 75.464315976144107, 18.072206571318116 ], [ 75.466205783255006, 18.072148250730802 ], [ 75.466222473937435, 18.072147671363421 ], [ 75.468112240797126, 18.072074793311543 ], [ 75.468128905146941, 18.072074086517357 ], [ 75.47001863130798, 18.071986660422944 ], [ 75.470035142136965, 18.071985833531357 ], [ 75.47192482744201, 18.071883977139841 ], [ 75.471941058843313, 18.071883041245261 ], [ 75.473830703429712, 18.071766980135077 ], [ 75.473846531722955, 18.071765949871931 ], [ 75.47573613602556, 18.0716360163138 ], [ 75.475751440649333, 18.071634909526928 ], [ 75.477641005401424, 18.071491540699625 ], [ 75.477655669737175, 18.071490378020844 ], [ 75.479545195969592, 18.071334113593668 ], [ 75.479559108084757, 18.071332917938033 ], [ 75.481448597123219, 18.07116439703443 ], [ 75.481461650424492, 18.071163193031513 ], [ 75.483351103884914, 18.070983150591513 ], [ 75.483363197678216, 18.070981963968663 ], [ 75.48525261746029, 18.070791226531732 ], [ 75.485263657416368, 18.070790083466502 ], [ 75.487153045695365, 18.070589564399587 ], [ 75.487162944225958, 18.070588490858452 ], [ 75.489052303442563, 18.070379185057359 ], [ 75.489060979993994, 18.070378206137153 ], [ 75.490950312842571, 18.07016118423266 ], [ 75.490957694117512, 18.070160323519911 ], [ 75.492847003532631, 18.069936725622668 ], [ 75.492853023652899, 18.069936004584633 ], [ 75.494742312794216, 18.069707033605944 ], [ 75.494746913418183, 18.069706471025423 ], [ 75.496636185653884, 18.069473385613286 ], [ 75.496639316063693, 18.069472997077817 ], [ 75.498528574952473, 18.069237104210046 ], [ 75.500419441396886, 18.068999548942664 ], [ 75.502308000025039, 18.068762202713639 ], [ 75.504194937007057, 18.068526383626274 ], [ 75.506080275342114, 18.068293505060769 ], [ 75.507964011893847, 18.068064987762448 ], [ 75.509846151869681, 18.067842247047569 ], [ 75.511726708980689, 18.067626684412787 ], [ 75.513605705622808, 18.067419679285827 ], [ 75.515483173061995, 18.067222580969723 ], [ 75.517359151614301, 18.067036700829167 ], [ 75.519233690811703, 18.066863304765224 ], [ 75.521106849517295, 18.066703606023033 ], [ 75.52297869598776, 18.066558758369602 ], [ 75.524849307848072, 18.066429849676737 ], [ 75.526718771964312, 18.066317895936891 ], [ 75.528587184195572, 18.066223835734576 ], [ 75.530454649003687, 18.066148525190222 ], [ 75.532321278915532, 18.066092733387023 ], [ 75.534187193829453, 18.066057138286912 ], [ 75.536052520164148, 18.066042323137239 ], [ 75.537917389863352, 18.066048773366422 ], [ 75.539781939264714, 18.06607687396534 ], [ 75.541646307863886, 18.066126907350185 ], [ 75.543510636992707, 18.066199051703915 ], [ 75.545375068451904, 18.06629337979469 ], [ 75.547239743130547, 18.06640985827261 ], [ 75.549104799650706, 18.066548347449274 ], [ 75.550970373073909, 18.066708601567246 ], [ 75.55283659369988, 18.06689026956947 ], [ 75.554703585990111, 18.067092896380135 ], [ 75.556571467634186, 18.067315924708996 ], [ 75.558440348776529, 18.06755869739029 ], [ 75.560310331409809, 18.067820460264969 ], [ 75.562181508935026, 18.068100365611507 ], [ 75.564053965884, 18.068397476125799 ], [ 75.56592777778684, 18.068710769444102 ], [ 75.56780301117324, 18.069039143198573 ], [ 75.569679723681872, 18.069381420585884 ], [ 75.571557964253756, 18.069736356424478 ], [ 75.573437773396094, 18.070102643671333 ], [ 75.575319183475742, 18.070478920358731 ], [ 75.577202219038497, 18.070863776913342 ], [ 75.579086897118003, 18.071255763809742 ], [ 75.580973227531032, 18.071653399512776 ], [ 75.582861213127089, 18.072055178655063 ], [ 75.584750850007708, 18.072459580403446 ], [ 75.586641722772598, 18.072864990144623 ], [ 75.588533819000716, 18.073269883163899 ], [ 75.588536239577778, 18.073270399684208 ], [ 75.590427526515569, 18.073672833413269 ], [ 75.590431536206935, 18.073673682611105 ], [ 75.592322818644249, 18.074072346224067 ], [ 75.592523969103311, 18.074104941154161 ], [ 75.592727491349336, 18.074118521434784 ], [ 75.592931425286153, 18.074112956278 ], [ 75.593133806852606, 18.074088299282995 ], [ 75.593332686940144, 18.07404478791975 ], [ 75.593526150166142, 18.073982841241676 ], [ 75.593712333322443, 18.073903055849367 ], [ 75.593889443321004, 18.073806200144201 ], [ 75.594055774463939, 18.073693206927267 ], [ 75.594209724871547, 18.073565164414937 ], [ 75.59434981191005, 18.073423305757601 ], [ 75.594474686470491, 18.073268997162526 ], [ 75.594583145961082, 18.073103724735375 ], [ 75.594674145888177, 18.072929080167093 ], [ 75.594746809914071, 18.07274674540394 ], [ 75.594800438295181, 18.072558476448574 ], [ 75.59483451461881, 18.072366086448032 ], [ 75.594848710774357, 18.072171428231599 ], [ 75.594842890110797, 18.071976376466708 ], [ 75.594817108750135, 18.07178280960477 ], [ 75.594771615044394, 18.071592591790878 ], [ 75.59470684718147, 18.071407554911335 ], [ 75.594623428962805, 18.07122948095223 ], [ 75.594522163793926, 18.071060084838713 ], [ 75.594404026945512, 18.070900997920251 ], [ 75.594270156159865, 18.070753752260924 ], [ 75.594121840692992, 18.070619765885947 ], [ 75.593960508898164, 18.070500329126489 ], [ 75.593787714470253, 18.070396592194324 ], [ 75.593605121483535, 18.070309554105702 ], [ 75.593414488366918, 18.070240053061394 ], [ 75.593217650970885, 18.070188758375242 ], [ 75.591328413891446, 18.069790524919277 ], [ 75.589440381804238, 18.069388782782458 ], [ 75.587550750471237, 18.068984416421575 ], [ 75.585659914593492, 18.068579013619203 ], [ 75.583767868424658, 18.068174095129329 ], [ 75.583765417755032, 18.068173572132494 ], [ 75.581874203330386, 18.067771104898164 ], [ 75.581870115799902, 18.067770239143865 ], [ 75.579978922012955, 18.067371577272375 ], [ 75.579973201952328, 18.067370379534992 ], [ 75.578082033656528, 18.066977041777601 ], [ 75.578074692134777, 18.066975528078004 ], [ 75.576183554056783, 18.06658901452483 ], [ 75.576174609089705, 18.06658720595474 ], [ 75.574283505802953, 18.066208989638717 ], [ 75.574272982603702, 18.066206912101638 ], [ 75.572381918503112, 18.065838430755111 ], [ 75.57236984976268, 18.065836114621629 ], [ 75.570478829040482, 18.065478762634029 ], [ 75.570465255221734, 18.065476242310037 ], [ 75.568574281844647, 18.065131362934007 ], [ 75.568559251471598, 18.065128676341946 ], [ 75.566668329159498, 18.0647975541936 ], [ 75.566651899079872, 18.064794742168303 ], [ 75.564761031285997, 18.064478596065957 ], [ 75.564743266884747, 18.06447570166959 ], [ 75.562852456777662, 18.064175677852877 ], [ 75.562833432117031, 18.064172745616165 ], [ 75.56094268256436, 18.063889911385541 ], [ 75.560922480427337, 18.063886986486249 ], [ 75.559031793981362, 18.063622324300152 ], [ 75.559010505796309, 18.063619451693327 ], [ 75.557119884681512, 18.063373853757817 ], [ 75.557097610308517, 18.063371077276074 ], [ 75.555207056411192, 18.063145340658615 ], [ 75.555183903775244, 18.063142702104319 ], [ 75.553293418635192, 18.062937524400393 ], [ 75.553269503196219, 18.062935062654365 ], [ 75.551379088000388, 18.062751038232431 ], [ 75.551354532056806, 18.062748788405752 ], [ 75.54946418763538, 18.062586405252482 ], [ 75.549439119465021, 18.062584397908932 ], [ 75.547548846289203, 18.062444035093101 ], [ 75.547523399139038, 18.062442295568925 ], [ 75.545633197321351, 18.062324221338965 ], [ 75.545607508264212, 18.062322769184817 ], [ 75.543717377560739, 18.062227139710899 ], [ 75.54369158624516, 18.062225988276946 ], [ 75.541801526059913, 18.062152847044956 ], [ 75.541775773383335, 18.062152003225457 ], [ 75.539885782774562, 18.062101281086267 ], [ 75.539860209515211, 18.062100745233778 ], [ 75.537970287203862, 18.0620722611073 ], [ 75.537945032648196, 18.062072027119946 ], [ 75.536055177028146, 18.062065489349678 ], [ 75.536030377630595, 18.062065544928121 ], [ 75.534140586780808, 18.06208055327804 ], [ 75.534116374891113, 18.062080880341892 ], [ 75.532226646589478, 18.062116928623691 ], [ 75.532203149278104, 18.062117503871086 ], [ 75.530313481017004, 18.062173983186064 ], [ 75.530290819024458, 18.062174778775198 ], [ 75.528401208027802, 18.06225098135155 ], [ 75.528379494856424, 18.062251965679121 ], [ 75.526489938098237, 18.062347089281818 ], [ 75.526469279257981, 18.062348227831176 ], [ 75.524579773482088, 18.062461380718037 ], [ 75.524560265894792, 18.062462636948979 ], [ 75.522670807635905, 18.062592843343857 ], [ 75.522652539194681, 18.0625941795968 ], [ 75.520763124800382, 18.06274038564699 ], [ 75.520746174075654, 18.062741764035657 ], [ 75.518856799729463, 18.062902844218623 ], [ 75.51884123580713, 18.062904227488616 ], [ 75.516951897552076, 18.063078991429613 ], [ 75.516937779986193, 18.063080343762905 ], [ 75.515048473749175, 18.063267543423489 ], [ 75.515035852608236, 18.063268831172987 ], [ 75.513146574224976, 18.063467168367502 ], [ 75.5131354902108, 18.063468360709226 ], [ 75.511246235450727, 18.063676494904904 ], [ 75.511236720068112, 18.063677564398727 ], [ 75.50934748465987, 18.063894120753176 ], [ 75.509339560416919, 18.063895043806355 ], [ 75.507450340073575, 18.064118621394847 ], [ 75.507444020694962, 18.064119378625026 ], [ 75.505554811139234, 18.064348558808771 ], [ 75.505550101776734, 18.064349135305513 ], [ 75.503660898765872, 18.064582490191551 ], [ 75.503657796194815, 18.064582875676908 ], [ 75.501768595545116, 18.06481897661941 ], [ 75.499877920294125, 18.065056587286069 ], [ 75.497989555026166, 18.065293827909198 ], [ 75.496102710930344, 18.065529418233389 ], [ 75.494217345148513, 18.065762020668476 ], [ 75.492333407279517, 18.065990342085822 ], [ 75.490450839455036, 18.066213141112961 ], [ 75.488569576431189, 18.066429235060543 ], [ 75.486689545715791, 18.066637506445709 ], [ 75.484810667713262, 18.066836909083609 ], [ 75.482932855934877, 18.067026473715099 ], [ 75.481056017264933, 18.06720531314928 ], [ 75.479180052306901, 18.067372626899829 ], [ 75.477304855810175, 18.067527705300471 ], [ 75.475430317189875, 18.067669933087618 ], [ 75.473556321137636, 18.067798792443028 ], [ 75.471682748324312, 18.067913865491921 ], [ 75.469809476182789, 18.068014836255085 ], [ 75.467936379766982, 18.068101492055192 ], [ 75.466063332669279, 18.068173724379093 ], [ 75.46419020797795, 18.068231529198595 ], [ 75.462316879260101, 18.068275006752607 ], [ 75.460443221543059, 18.068304360793331 ], [ 75.458569112280529, 18.068319897299105 ], [ 75.456694432280472, 18.068322022656691 ], [ 75.454819066577244, 18.068311241315392 ], [ 75.452942905234664, 18.068288152916729 ], [ 75.451065844071977, 18.068253448904027 ], [ 75.449187785300353, 18.068207908618156 ], [ 75.447308638074674, 18.068152394888411 ], [ 75.445428318951585, 18.068087849129803 ], [ 75.443546752273008, 18.068015285962048 ], [ 75.441663870466769, 18.067935787368882 ], [ 75.439779614291581, 18.067850496420675 ], [ 75.437893933015417, 18.067760610586127 ], [ 75.436006784565492, 18.067667374664904 ], [ 75.434118135645505, 18.067572073374293 ], [ 75.43222835630641, 18.067476043675022 ], [ 75.430337417493632, 18.067380625581777 ], [ 75.430335077652984, 18.067380508765069 ], [ 75.42844493439361, 18.06728715544552 ], [ 75.42844103853173, 18.067286966516647 ], [ 75.426550905060992, 18.06719699607233 ], [ 75.42654545722327, 18.067196743580102 ], [ 75.424655336687564, 18.067111509384539 ], [ 75.424648350220565, 18.067111205562636 ], [ 75.422758245676491, 18.067032047863801 ], [ 75.422749743314199, 18.067031708417339 ], [ 75.4208596577093, 18.066959945961859 ], [ 75.420849671643325, 18.0669595897538 ], [ 75.418959607797575, 18.066896511530178 ], [ 75.418948179720317, 18.066896160171336 ], [ 75.41705814030847, 18.066843017321446 ], [ 75.417045321415671, 18.066842694669845 ], [ 75.415155308950929, 18.066800692616702 ], [ 75.415141159888847, 18.066800424194845 ], [ 75.413251176707234, 18.066770715033396 ], [ 75.413235767448484, 18.066770527374629 ], [ 75.411345815694872, 18.066754202571083 ], [ 75.411329225327151, 18.066754122509074 ], [ 75.409439306942431, 18.066752205951914 ], [ 75.409421623356224, 18.066752259870128 ], [ 75.407531740065693, 18.066765701314417 ], [ 75.407513059528597, 18.066765914375111 ], [ 75.405623212832012, 18.066795583318957 ], [ 75.405603639441495, 18.066795978693236 ], [ 75.403713830604502, 18.066842658723093 ], [ 75.403693475614872, 18.066843256845143 ], [ 75.401803705662047, 18.06690764048351 ], [ 75.401782686687199, 18.066908458352977 ], [ 75.399892956396513, 18.066991142439353 ], [ 75.399871396495271, 18.066992192995176 ], [ 75.397981706394248, 18.067093674627859 ], [ 75.397959733050754, 18.067094966215649 ], [ 75.39607008341406, 18.067215639278672 ], [ 75.396047827431872, 18.067217175231104 ], [ 75.394158218280779, 18.067357327527059 ], [ 75.394135812613186, 18.067359105872907 ], [ 75.39224624371623, 18.06751891687912 ], [ 75.392223822260249, 18.067520930192178 ], [ 75.39033429313578, 18.06770046945358 ], [ 75.390311989518366, 18.067702704847409 ], [ 75.388422499438462, 18.067901931016014 ], [ 75.388400445825695, 18.067904370284872 ], [ 75.386510993821446, 18.068123130811856 ], [ 75.386489319779599, 18.068125750712529 ], [ 75.384599904648027, 18.068363782195053 ], [ 75.384578736083625, 18.068366554859409 ], [ 75.382689356395957, 18.068623484040366 ], [ 75.382668814598105, 18.068626377503477 ], [ 75.380779468709207, 18.068901722918589 ], [ 75.380759669512614, 18.068904701744277 ], [ 75.378870355571834, 18.069197876007188 ], [ 75.378851408652963, 18.069200901989745 ], [ 75.376962124615972, 18.069511214701791 ], [ 75.376944132929097, 18.069514247621992 ], [ 75.375054876571042, 18.069840908889862 ], [ 75.375037935924851, 18.069843907302733 ], [ 75.373148704854216, 18.070186031843431 ], [ 75.373132903623357, 18.070188953876549 ], [ 75.371243695296968, 18.070545565685741 ], [ 75.371229114259023, 18.07054836982832 ], [ 75.369339925997721, 18.070918407384834 ], [ 75.369326638280512, 18.07092105325049 ], [ 75.36743746728547, 18.071303375226339 ], [ 75.367425538407602, 18.071305824275047 ], [ 75.365536381777432, 18.071699215717697 ], [ 75.365525869762223, 18.071701431925472 ], [ 75.363636724510371, 18.072104610876 ], [ 75.363627680052389, 18.072106561343784 ], [ 75.361738543124929, 18.072518185852136 ], [ 75.361731009788429, 18.072519841347681 ], [ 75.359841878082307, 18.072938516843823 ], [ 75.359835892511327, 18.07293985227296 ], [ 75.357946762892439, 18.073364139250682 ], [ 75.357942355014245, 18.073365134055763 ], [ 75.356053224335852, 18.073793556023954 ], [ 75.356050417540899, 18.073794194508721 ], [ 75.354161282661764, 18.07422524616349 ], [ 75.35227117177422, 18.074657622982503 ], [ 75.350383275729385, 18.07508905754521 ], [ 75.348496998410141, 18.075518147060798 ], [ 75.346612331854885, 18.07594336363826 ], [ 75.344729261761913, 18.076363198367616 ], [ 75.342847767342562, 18.07677616962285 ], [ 75.340967821113964, 18.077180831162597 ], [ 75.339089388661989, 18.077575779973046 ], [ 75.337212428382188, 18.077959663805615 ], [ 75.335336891209948, 18.078331188363283 ], [ 75.3334627203716, 18.078689124089298 ], [ 75.331589851168175, 18.079032312520326 ], [ 75.329718210816054, 18.079359672168302 ], [ 75.327847718377711, 18.079670203899489 ], [ 75.325978284786117, 18.079962995790272 ], [ 75.324109813002224, 18.080237227438744 ], [ 75.322242198305574, 18.080492173723989 ], [ 75.32037532874044, 18.08072720800638 ], [ 75.318509085718091, 18.080941804770394 ], [ 75.316643344775372, 18.081135541715323 ], [ 75.314777976484763, 18.081308101302511 ], [ 75.312912847495369, 18.08145927177112 ], [ 75.311047821691872, 18.081588947633929 ], [ 75.309182761435508, 18.081697129666022 ], [ 75.30731752886345, 18.081783924396362 ], [ 75.305451987206723, 18.081849543111083 ], [ 75.303586002095841, 18.081894300374135 ], [ 75.301719442816491, 18.081918612068591 ], [ 75.299852183489918, 18.081922992959282 ], [ 75.297984104142685, 18.081908053776228 ], [ 75.296115091655352, 18.081874497817481 ], [ 75.294245040569777, 18.081823117070876 ], [ 75.292373853745985, 18.081754787855697 ], [ 75.290501442876135, 18.081670465988793 ], [ 75.288627728853498, 18.081571181483248 ], [ 75.286752642009702, 18.081458032792707 ], [ 75.28487612223698, 18.081332180619828 ], [ 75.282998119013669, 18.081194841313007 ], [ 75.281118591344807, 18.081047279880096 ], [ 75.279237507653093, 18.080890802654746 ], [ 75.277354845618873, 18.080726749653117 ], [ 75.275470592008375, 18.080556486665888 ], [ 75.273584742483251, 18.080381397130274 ], [ 75.271697301418996, 18.080202873832604 ], [ 75.269808281751438, 18.080022310493934 ], [ 75.26791820371578, 18.079841141110808 ], [ 75.266026857410978, 18.079660712282561 ], [ 75.266024342603743, 18.079660473841336 ], [ 75.26413400112709, 18.079482341343446 ], [ 75.264130009243686, 18.079481968874443 ], [ 75.262239676559659, 18.079307339252441 ], [ 75.262234255515281, 18.079306845279802 ], [ 75.260343933369299, 18.079136976105364 ], [ 75.260337139060027, 18.079136376272899 ], [ 75.258446829067111, 18.078972473165955 ], [ 75.258438725246847, 18.078971785753975 ], [ 75.256548428883846, 18.078814995149415 ], [ 75.256539087010836, 18.078814240533475 ], [ 75.254648805609634, 18.078665642811075 ], [ 75.254638304649419, 18.078664842873547 ], [ 75.252748039391165, 18.078525445891813 ], [ 75.252736465562634, 18.078524623398934 ], [ 75.250846217473097, 18.078395356471102 ], [ 75.250833663925789, 18.078394534429773 ], [ 75.248943433871716, 18.07827624277764 ], [ 75.248930000284588, 18.078275443787405 ], [ 75.247039788971236, 18.078168883505814 ], [ 75.247025581065643, 18.078168129122787 ], [ 75.245135389035326, 18.078073962684567 ], [ 75.245120517998785, 18.078073272814429 ], [ 75.24323034563055, 18.07799206514245 ], [ 75.243214927451135, 18.077991457480074 ], [ 75.241324774961498, 18.077923672609568 ], [ 75.241308929677544, 18.077923162141996 ], [ 75.239418797122269, 18.077869160492916 ], [ 75.239402647995092, 18.077868759081184 ], [ 75.237512535272103, 18.077828795356684 ], [ 75.237496207894793, 18.077828511410029 ], [ 75.235606114747881, 18.077802733133634 ], [ 75.235589736104842, 18.077802571386826 ], [ 75.233699662128515, 18.077791018086643 ], [ 75.233683359624465, 18.077790979487911 ], [ 75.231793304269601, 18.077793582532991 ], [ 75.231777204746805, 18.077793664246336 ], [ 75.229887167327206, 18.077810247335805 ], [ 75.229871396092193, 18.077810442857686 ], [ 75.227981375791956, 18.077840723159994 ], [ 75.227966055670436, 18.077841022546043 ], [ 75.226076051551956, 18.077884612481355 ], [ 75.226061301990327, 18.07788500267581 ], [ 75.224171313003168, 18.077941412330894 ], [ 75.224157249232164, 18.077941877587328 ], [ 75.222267274222318, 18.078010517748876 ], [ 75.222254006494879, 18.078011040128597 ], [ 75.220364044214833, 18.078091225916602 ], [ 75.2203516771267, 18.078091785849018 ], [ 75.218461726245593, 18.078182740928899 ], [ 75.21845035814286, 18.078183317816553 ], [ 75.216560417257497, 18.0782841791649 ], [ 75.216550139731851, 18.078284752015541 ], [ 75.214660207377548, 18.078394575211227 ], [ 75.214651104845359, 18.078395123279268 ], [ 75.21276117950741, 18.078512888288586 ], [ 75.212753328866157, 18.078513391708888 ], [ 75.210863408991258, 18.07863800913027 ], [ 75.210856879344064, 18.07863844952837 ], [ 75.208966963351813, 18.078768767259739 ], [ 75.20896181578874, 18.07876912832393 ], [ 75.2070719020833, 18.078903938613152 ], [ 75.207068189506899, 18.078904206615412 ], [ 75.20517827648834, 18.079042253451831 ], [ 75.205176043471582, 18.079042417706333 ], [ 75.203286129547351, 18.079182404509812 ], [ 75.201395908751564, 18.079323024602367 ], [ 75.199507595236156, 18.079462760321579 ], [ 75.197620843311086, 18.079600270814129 ], [ 75.195735657158423, 18.079734184993054 ], [ 75.193852032041391, 18.079863136547093 ], [ 75.191969954189815, 18.079985772289714 ], [ 75.190089400665968, 18.080100760363813 ], [ 75.188210339262724, 18.080206798249883 ], [ 75.186332728408459, 18.080302620533338 ], [ 75.184456517113475, 18.080387006386079 ], [ 75.182581644970426, 18.08045878672252 ], [ 75.18070804222458, 18.080516850994531 ], [ 75.178835629933403, 18.080560153594298 ], [ 75.176964320229672, 18.080587719839393 ], [ 75.175094016706822, 18.080598651519082 ], [ 75.173224614928387, 18.08059213198651 ], [ 75.171356003078557, 18.080567430785365 ], [ 75.169488062744549, 18.080523907804139 ], [ 75.167620669827897, 18.080461016953539 ], [ 75.165753695577067, 18.080378309365518 ], [ 75.163887007714123, 18.080275436112089 ], [ 75.162020471639053, 18.080152150443094 ], [ 75.160153951682773, 18.080008309540478 ], [ 75.158287312370106, 18.079843875784256 ], [ 75.156420419673879, 18.079658917524831 ], [ 75.154553142213118, 18.079453609351724 ], [ 75.152685352377219, 18.079228231849349 ], [ 75.150816927343371, 18.078983170827367 ], [ 75.148947749970134, 18.078718916014168 ], [ 75.147077709548924, 18.078436059202129 ], [ 75.145206702407961, 18.078135291836094 ], [ 75.143334632366091, 18.077817402039525 ], [ 75.141461411037966, 18.077483271076922 ], [ 75.139586958006831, 18.077133869257331 ], [ 75.13771120087236, 18.076770251288078 ], [ 75.135834075196627, 18.076393551095542 ], [ 75.133955524366769, 18.076004976134868 ], [ 75.132075499397729, 18.075605801217137 ], [ 75.130193958691791, 18.075197361886271 ], [ 75.128310867788628, 18.074781047387006 ], [ 75.126426199105083, 18.074358293261344 ], [ 75.124539931703922, 18.073930573624185 ], [ 75.12265205110026, 18.073499393164504 ], [ 75.120762549098117, 18.073066278917349 ], [ 75.120562048240274, 18.073030164858981 ], [ 75.120358811931837, 18.073013021182131 ], [ 75.120154797384416, 18.073015012984708 ], [ 75.119951969303628, 18.073036121085611 ], [ 75.119752280970289, 18.073076142209324 ], [ 75.119557655431919, 18.073134690943355 ], [ 75.119369966984863, 18.07321120344945 ], [ 75.119191023126064, 18.073304942893014 ], [ 75.119022547147424, 18.073415006538262 ], [ 75.118866161541078, 18.073540334441194 ], [ 75.118723372374717, 18.073679719656173 ], [ 75.118595554787845, 18.073831819858384 ], [ 75.118483939748273, 18.073995170269946 ], [ 75.118389602196729, 18.074168197765353 ], [ 75.118313450693577, 18.074349236020431 ], [ 75.118256218667327, 18.074536541559052 ], [ 75.118218457349556, 18.074728310542856 ], [ 75.118200530464122, 18.074922696142615 ], [ 75.118202610721795, 18.075117826323812 ], [ 75.118224678154661, 18.075311821875104 ], [ 75.118266520305681, 18.075502814506237 ], [ 75.118327734272441, 18.075688964840982 ], [ 75.118407730584934, 18.075868480131764 ], [ 75.118505738880401, 18.076039631525568 ], [ 75.118620815320625, 18.076200770714564 ], [ 75.118751851680258, 18.076350345811225 ], [ 75.118897586018704, 18.076486916295003 ], [ 75.119056614832843, 18.076609166886467 ], [ 75.119227406573685, 18.076715920215385 ], [ 75.119408316396473, 18.076806148160571 ], [ 75.1195976020026, 18.076878981752369 ], [ 75.119793440420253, 18.076933719542282 ], [ 75.121683797843531, 18.077367029977854 ] ] ] } },
{ "type": "Feature", "properties": { "zone_id": "floodplain", "land_cover": "floodplain", "manning_n": 0.05, "provenance": "synthetic" }, "geometry": { "type": "Polygon", "coordinates": [ [ [ 75.119229336817639, 18.095206002485064 ], [ 75.119261932861235, 18.095213420508397 ], [ 75.121152481910542, 18.095642111539764 ], [ 75.121201219814296, 18.095653103556721 ], [ 75.123091774964308, 18.096077178496476 ], [ 75.123156465513546, 18.096091584814225 ], [ 75.125047025627126, 18.09650955089116 ], [ 75.125127413768126, 18.096527162158495 ], [ 75.127017977662206, 18.096937560351396 ], [ 75.127113740386619, 18.096958120553175 ], [ 75.129004306838468, 18.097359533654732 ], [ 75.129115050795164, 18.097382743877276 ], [ 75.131005618549324, 18.097773804312332 ], [ 75.131130877548088, 18.097799327281983 ], [ 75.133021445323564, 18.098178724634177 ], [ 75.133160677916933, 18.098206190018537 ], [ 75.135051244414996, 18.098572678221093 ], [ 75.135203831765381, 18.098601688665173 ], [ 75.137094395677508, 18.098954092813695 ], [ 75.137259639925844, 18.098984230660133 ], [ 75.139150199942222, 18.099321453407349 ], [ 75.139327323299909, 18.099352288022317 ], [ 75.141217878118027, 18.099673315517364 ], [ 75.141406022894415, 18.099704411112775 ], [ 75.143296571228035, 18.100008318450051 ], [ 75.143494800988464, 18.100039242260355 ], [ 75.145385341576713, 18.1003251984061 ], [ 75.14559264359697, 18.10035552904607 ], [ 75.147483175213537, 18.100622801213849 ], [ 75.14769846435415, 18.100652137015267 ], [ 75.149588985816621, 18.10090009446473 ], [ 75.149811109889527, 18.100928061567277 ], [ 75.151701620068508, 18.101156178804022 ], [ 75.151929366710661, 18.101182438762319 ], [ 75.153819864539074, 18.101390298120176 ], [ 75.154051969539722, 18.101414554785102 ], [ 75.155942454021584, 18.101601848375925 ], [ 75.156177610987172, 18.101623853818293 ], [ 75.158068081206366, 18.10179038483798 ], [ 75.158304952381513, 18.101809944104829 ], [ 75.160195407510074, 18.101955627488113 ], [ 75.160432635516926, 18.101972602016698 ], [ 75.162323074822837, 18.102097464437044 ], [ 75.162559295037582, 18.102111773997631 ], [ 75.164449717892012, 18.102215953212653 ], [ 75.164683571144238, 18.10222757630579 ], [ 75.166573977028207, 18.102311319852259 ], [ 75.166804122298302, 18.102320292545425 ], [ 75.168694510808464, 18.102383955791808 ], [ 75.168919637599359, 18.102390369041526 ], [ 75.170810008453088, 18.102434412609899 ], [ 75.171028848537674, 18.102438408173228 ], [ 75.172919201577116, 18.10246339474616 ], [ 75.173130539857553, 18.10246515983728 ], [ 75.175020875052795, 18.102471750368622 ], [ 75.175223559319178, 18.102471511258916 ], [ 75.177113876770463, 18.102460460611436 ], [ 75.177306826205523, 18.102458475401818 ], [ 75.17919712614416, 18.102430627437428 ], [ 75.179379338482491, 18.102427178250778 ], [ 75.181269621270843, 18.102383460403018 ], [ 75.181440178584921, 18.102378845249916 ], [ 75.183330444715395, 18.102320262610721 ], [ 75.18348851786061, 18.102314787176397 ], [ 75.185378767953196, 18.102242416132555 ], [ 75.185523619753212, 18.102236385717472 ], [ 75.187413854552233, 18.102151367174518 ], [ 75.187544841850453, 18.102145078998262 ], [ 75.18943506222007, 18.102048611232245 ], [ 75.189551636950895, 18.102042347281976 ], [ 75.191441843869697, 18.101935678461516 ], [ 75.191543553322788, 18.10192969903613 ], [ 75.193433747877165, 18.101814119459249 ], [ 75.193520234332794, 18.101808657528682 ], [ 75.195410417709596, 18.101685491620493 ], [ 75.195481417619121, 18.101680748090018 ], [ 75.197371591097294, 18.101551346208822 ], [ 75.197426933968188, 18.101547486150338 ], [ 75.199317098909674, 18.101413216250844 ], [ 75.199356706031409, 18.101410366138911 ], [ 75.201246863871262, 18.101272605341983 ], [ 75.201270746990929, 18.101270851311256 ], [ 75.20316089922683, 18.101130977430223 ], [ 75.205055720361244, 18.100990014503473 ], [ 75.20693111291375, 18.100851101215458 ], [ 75.208791526961974, 18.100715207007628 ], [ 75.210637367568694, 18.10058353841605 ], [ 75.212469123702945, 18.100457228946578 ], [ 75.214287366904244, 18.100337335621894 ], [ 75.216092749696173, 18.100224836501184 ], [ 75.217886003617394, 18.100120629111068 ], [ 75.219667936746674, 18.100025529707779 ], [ 75.221439430603951, 18.099940273272416 ], [ 75.223201436324231, 18.099865514123209 ], [ 75.224954970018473, 18.099801827014378 ], [ 75.226701107285507, 18.09974970857828 ], [ 75.228440976838783, 18.09970957896218 ], [ 75.230175753289629, 18.099681783509258 ], [ 75.231906649140385, 18.099666594339762 ], [ 75.233634906097876, 18.099664211701967 ], [ 75.235361785838279, 18.099674764982296 ], [ 75.237088560400139, 18.099698313290791 ], [ 75.238816502387394, 18.099734845569348 ], [ 75.240546875188485, 18.099784280204805 ], [ 75.242280923403172, 18.099846464164187 ], [ 75.244019863674254, 18.099921171704253 ], [ 75.245764876084834, 18.100008102738297 ], [ 75.247517096269092, 18.100106880970174 ], [ 75.249277608326054, 18.100217051924606 ], [ 75.251047438614748, 18.100338081017206 ], [ 75.25282755044023, 18.100469351812066 ], [ 75.254618839621571, 18.100610164615013 ], [ 75.256422130881134, 18.100759735542724 ], [ 75.258238174972789, 18.100917196196296 ], [ 75.260067646443346, 18.101081594053085 ], [ 75.261911141893691, 18.101251893671986 ], [ 75.263769178611156, 18.101426978790506 ], [ 75.265642193441039, 18.101605655373685 ], [ 75.267527788251186, 18.1017863917446 ], [ 75.269423883066267, 18.101967628801528 ], [ 75.269445111055916, 18.101969647233325 ], [ 75.271335699530923, 18.102148464913153 ], [ 75.271372797835539, 18.102151941488192 ], [ 75.273263384876927, 18.102327467532195 ], [ 75.273316417515261, 18.102332325347529 ], [ 75.275207000852902, 18.102503156927533 ], [ 75.275275944935927, 18.102509275568075 ], [ 75.277166522243462, 18.102674014903162 ], [ 75.277251266338325, 18.102681231673589 ], [ 75.279141835245653, 18.102838494502517 ], [ 75.279242177661644, 18.102846606678625 ], [ 75.281132735767756, 18.102995030664662 ], [ 75.281248382861392, 18.103003798766618 ], [ 75.283138927747856, 18.103142051785035 ], [ 75.283269492380683, 18.10315120385728 ], [ 75.285160021625387, 18.103277992116347 ], [ 75.285305021934931, 18.103287228977223 ], [ 75.287195533126265, 18.103401304924521 ], [ 75.287354391790714, 18.103410306322896 ], [ 75.289244882542036, 18.103510476290097 ], [ 75.289416926736379, 18.103518907876857 ], [ 75.291307394700567, 18.103604039417533 ], [ 75.291491856939089, 18.10361156040722 ], [ 75.293382299823406, 18.103680589284217 ], [ 75.293578319878605, 18.103686860648303 ], [ 75.295468735459579, 18.103738797429099 ], [ 75.295675363523074, 18.103743490429057 ], [ 75.297565749661146, 18.103777426650009 ], [ 75.297781950877393, 18.103780231488042 ], [ 75.299672305531743, 18.103795345350825 ], [ 75.299896965988452, 18.103795979691714 ], [ 75.301787287231363, 18.103791541258083 ], [ 75.302019221432715, 18.103789758359397 ], [ 75.3039095074638, 18.103765134213369 ], [ 75.304147467247816, 18.103760730396523 ], [ 75.306037716407559, 18.103715387746227 ], [ 75.30628040119953, 18.103708208947978 ], [ 75.308170611982476, 18.103641719142669 ], [ 75.308416680208481, 18.103631666308875 ], [ 75.310306851275769, 18.103543707750099 ], [ 75.310554932699205, 18.103530740867569 ], [ 75.312445062890077, 18.103421101297037 ], [ 75.312693771579092, 18.103405241907417 ], [ 75.314583859921839, 18.103273820057982 ], [ 75.314831807520818, 18.10325515215397 ], [ 75.316721853242356, 18.103101958753477 ], [ 75.316967662198437, 18.103080628021537 ], [ 75.318857664732974, 18.102905786143555 ], [ 75.319099981127508, 18.102881997582298 ], [ 75.320989940123937, 18.102685742341439 ], [ 75.321227445778561, 18.102659756348615 ], [ 75.323117361106426, 18.102442433941935 ], [ 75.323348784667417, 18.102414561019902 ], [ 75.325238656421604, 18.102176627119846 ], [ 75.325462783179503, 18.1021472213965 ], [ 75.32735261168331, 18.101889238904707 ], [ 75.327568291946847, 18.101858690701754 ], [ 75.329458077753642, 18.101581326876712 ], [ 75.329664233665454, 18.101550054577846 ], [ 75.33155397755867, 18.101254077553186 ], [ 75.331749608312691, 18.101222519031655 ], [ 75.333639311304267, 18.100908793745397 ], [ 75.333823496791894, 18.100877397603949 ], [ 75.335713160119084, 18.100546881162504 ], [ 75.33588506309404, 18.100516098020936 ], [ 75.337774688214608, 18.100169834525179 ], [ 75.337933555118155, 18.100140108564283 ], [ 75.339823143704081, 18.099779223427767 ], [ 75.339968304332785, 18.099750984366526 ], [ 75.341857858262344, 18.099376678159455 ], [ 75.341988724490065, 18.099350333806651 ], [ 75.343878245838397, 18.098963875661521 ], [ 75.343994309618779, 18.098939805148177 ], [ 75.34588380064703, 18.098542525765957 ], [ 75.34598463152787, 18.098521073531685 ], [ 75.347874094671141, 18.098114357829544 ], [ 75.347959337045566, 18.098095828407068 ], [ 75.349848774899499, 18.097681107850892 ], [ 75.349918145204811, 18.097665761468882 ], [ 75.351807560510764, 18.09724450613556 ], [ 75.351860844563035, 18.097232555141968 ], [ 75.353750240192582, 18.096806265558143 ], [ 75.353787290818261, 18.096797871654172 ], [ 75.355676669756406, 18.096368070459469 ], [ 75.355697404851824, 18.096363342727237 ], [ 75.35758677017958, 18.095931566210886 ], [ 75.359474582344248, 18.095499709223873 ], [ 75.361343952083516, 18.095073161351809 ], [ 75.363197221662489, 18.094652866024923 ], [ 75.365034596167177, 18.094240197000744 ], [ 75.366856345286109, 18.09383644924775 ], [ 75.368662804923048, 18.093442833653068 ], [ 75.370454379095207, 18.093060472692866 ], [ 75.372231541997039, 18.092690397100469 ], [ 75.373994840030036, 18.092333543568973 ], [ 75.375744893627157, 18.091990753497811 ], [ 75.377482398645881, 18.091662772780179 ], [ 75.379208127138909, 18.091350252593617 ], [ 75.380922927287173, 18.091053751132133 ], [ 75.382627722317082, 18.09077373618188 ], [ 75.384323508238325, 18.090510588413192 ], [ 75.386011350276817, 18.090264605231546 ], [ 75.387692377928801, 18.090036005005114 ], [ 75.389367778611813, 18.089824931469831 ], [ 75.391038789944773, 18.08963145810565 ], [ 75.392706690761912, 18.0894555922793 ], [ 75.394372791004912, 18.089297278966342 ], [ 75.396038420710639, 18.08915640388912 ], [ 75.397704918344203, 18.089032795945677 ], [ 75.399373618754566, 18.088926228849363 ], [ 75.401045841061674, 18.088836421948166 ], [ 75.40272287676035, 18.088763040246647 ], [ 75.404405978334012, 18.08870569370227 ], [ 75.406096348616813, 18.088663935914855 ], [ 75.407795131122825, 18.08863726236504 ], [ 75.409503401487001, 18.088625108386037 ], [ 75.411222160119536, 18.088626847069715 ], [ 75.412952326120461, 18.088641787314121 ], [ 75.414694732427463, 18.088669172214406 ], [ 75.416450122146088, 18.088708177985531 ], [ 75.418219145953969, 18.088757913583738 ], [ 75.420002360449431, 18.088817421167299 ], [ 75.421800227289864, 18.088885677508038 ], [ 75.423613112968681, 18.088961596434675 ], [ 75.425441289064366, 18.089044032358998 ], [ 75.427284932843179, 18.089131784909377 ], [ 75.429144128053196, 18.089223604668401 ], [ 75.431018865861105, 18.089318199992285 ], [ 75.432905307351561, 18.089414054923637 ], [ 75.434803171230215, 18.089509817340968 ], [ 75.434825783179704, 18.089510946358349 ], [ 75.436716166799954, 18.089604336928403 ], [ 75.436753591746552, 18.089606153305205 ], [ 75.438643968846051, 18.089696257774097 ], [ 75.43869579683556, 18.089698665882651 ], [ 75.440586164180004, 18.089784228234201 ], [ 75.440651898495219, 18.089787103488085 ], [ 75.44254225290473, 18.089866912356083 ], [ 75.442621311555001, 18.089870105583174 ], [ 75.444511649924706, 18.089943001792051 ], [ 75.444603367490743, 18.089946344273919 ], [ 75.446493686811309, 18.090011228060522 ], [ 75.446597316762066, 18.090014537122677 ], [ 75.448487614139935, 18.090070374996522 ], [ 75.448602331738343, 18.090073460016676 ], [ 75.450492604415558, 18.090119291217594 ], [ 75.450617510319532, 18.090121959902696 ], [ 75.452507755693119, 18.090156902417696 ], [ 75.452641880341034, 18.090158967185687 ], [ 75.454532095981619, 18.090182223289187 ], [ 75.454674404825752, 18.090183507580416 ], [ 75.456564588495482, 18.090194368864964 ], [ 75.45671398811281, 18.090194713201516 ], [ 75.458604137782515, 18.090192565068879 ], [ 75.458759482857715, 18.090191832679167 ], [ 75.460649596722746, 18.09017615826534 ], [ 75.460809697854401, 18.090174240097625 ], [ 75.462699774349687, 18.090144623608115 ], [ 75.462863406593627, 18.090141442569827 ], [ 75.464753444407236, 18.090097572005476 ], [ 75.46491935642922, 18.090093086286387 ], [ 75.466809354514552, 18.09003475554351 ], [ 75.466976278195148, 18.090028960908231 ], [ 75.468866235781832, 18.08995607124027 ], [ 75.469032896086574, 18.08994900220976 ], [ 75.470922812689494, 18.089861563041993 ], [ 75.471087937605063, 18.0898532929208 ], [ 75.472977813031946, 18.089751422012874 ], [ 75.473140143360723, 18.089742061759296 ], [ 75.475029977717767, 18.089625984714687 ], [ 75.475188276530602, 18.089615680690571 ], [ 75.477078070226241, 18.089485729815699 ], [ 75.477231131787747, 18.089474660490218 ], [ 75.479120885534712, 18.089331273009822 ], [ 75.479267543544012, 18.089319644724778 ], [ 75.481157258359076, 18.089163360364111 ], [ 75.481296393380319, 18.089151402295364 ], [ 75.48318607058232, 18.088982860243352 ], [ 75.483316616580169, 18.088970818713737 ], [ 75.485206257785904, 18.08879075398492 ], [ 75.485327207722818, 18.088778886295913 ], [ 75.487216814840892, 18.088588125512853 ], [ 75.487327225336429, 18.088576693468145 ], [ 75.489216800559035, 18.088376150088781 ], [ 75.48931579564946, 18.088365413380917 ], [ 75.491205341442367, 18.088156082399468 ], [ 75.491292115517211, 18.08814629202352 ], [ 75.493181634607623, 18.087929244175943 ], [ 75.493255454627786, 18.08792063602224 ], [ 75.495144949990404, 18.087697011530537 ], [ 75.495205157114356, 18.087689800294267 ], [ 75.497094631955733, 18.087460802186598 ], [ 75.497140642715067, 18.087455175715661 ], [ 75.499030100456125, 18.087222062761779 ], [ 75.49906140762684, 18.087218176948376 ], [ 75.500950851883857, 18.086982256252078 ], [ 75.502856459761901, 18.086742849850818 ], [ 75.504739038828674, 18.086506250447805 ], [ 75.506605415472919, 18.086272996235063 ], [ 75.508455782691598, 18.086044432719238 ], [ 75.510290071402665, 18.08582190939557 ], [ 75.512108295434018, 18.085606728240023 ], [ 75.513910553356197, 18.085400136315293 ], [ 75.515697030496014, 18.085203319420085 ], [ 75.517468001038608, 18.085017396843963 ], [ 75.519223830075859, 18.08484341727662 ], [ 75.520964975444457, 18.084682355897947 ], [ 75.522691989156087, 18.084535112652652 ], [ 75.524405518210528, 18.084402511681414 ], [ 75.52610630458058, 18.084285301846243 ], [ 75.527795184154712, 18.084184158250409 ], [ 75.529473084448185, 18.084099684614376 ], [ 75.531141020915214, 18.084032416332533 ], [ 75.532800091755234, 18.083982824001836 ], [ 75.534451471143342, 18.083951317188895 ], [ 75.536096400899055, 18.083938248186257 ], [ 75.537736180669299, 18.083943915506225 ], [ 75.539372156774334, 18.083968566872553 ], [ 75.541005709946361, 18.084012401495944 ], [ 75.542638242234403, 18.084075571460517 ], [ 75.544271163411366, 18.084158182099504 ], [ 75.545905877243797, 18.08426029129998 ], [ 75.547543767991442, 18.084381907740617 ], [ 75.549186187502727, 18.084522988132239 ], [ 75.550834443229903, 18.084683433590058 ], [ 75.552489787452302, 18.084863085318947 ], [ 75.554153407925583, 18.085061719830854 ], [ 75.555826420105888, 18.08527904393911 ], [ 75.557509861027668, 18.085514689784098 ], [ 75.559204684834739, 18.085768210139992 ], [ 75.560911759897408, 18.08603907423436 ], [ 75.562631867393435, 18.086326664285956 ], [ 75.564365701174708, 18.086630272928833 ], [ 75.566113868717906, 18.086949101654145 ], [ 75.567876892922499, 18.087282260357618 ], [ 75.569655214527586, 18.087628768045555 ], [ 75.571449194902016, 18.087987554712697 ], [ 75.573259118996674, 18.088357464380199 ], [ 75.57508519825069, 18.088737259254433 ], [ 75.576927573275171, 18.0891256249508 ], [ 75.578786316185315, 18.089521176718879 ], [ 75.58066143245108, 18.089922466592252 ], [ 75.582548812828506, 18.090327123222263 ], [ 75.584448378594487, 18.090733611794654 ], [ 75.584472586673016, 18.090738777434339 ], [ 75.586364054004591, 18.091141245153942 ], [ 75.586404154745452, 18.09114973784899 ], [ 75.588295617817209, 18.09154843508038 ], [ 75.590307319519439, 18.091874410696672 ], [ 75.59234274743406, 18.092010221050447 ], [ 75.594382292696793, 18.091954557971281 ], [ 75.596406306776913, 18.091707957893824 ], [ 75.598395290957185, 18.091272796677401 ], [ 75.600330084361985, 18.090653266687969 ], [ 75.602192048713022, 18.089855336364487 ], [ 75.603963248024726, 18.08888669266139 ], [ 75.605626621501131, 18.087756666924626 ], [ 75.607166147962801, 18.086476144918549 ], [ 75.608567000215658, 18.085057461874491 ], [ 75.609815687872, 18.083514283576164 ], [ 75.610900187247452, 18.081861474631673 ], [ 75.611810057083602, 18.080114955205453 ], [ 75.612536538984799, 18.07829154759418 ], [ 75.613072641606294, 18.076408814128154 ], [ 75.613413207789321, 18.074484887963024 ], [ 75.613554964003995, 18.072538298393813 ], [ 75.613496551632494, 18.070587792375957 ], [ 75.61323853980052, 18.068652153973229 ], [ 75.612783419643563, 18.06675002347173 ], [ 75.612135580072362, 18.06489971790133 ], [ 75.611301265280602, 18.063119054691565 ], [ 75.610288514412645, 18.061425180158107 ], [ 75.609107083980035, 18.059834404468393 ], [ 75.607768353779619, 18.058362044672226 ], [ 75.606285217224482, 18.057022277305059 ], [ 75.604671957146579, 18.055828001978906 ], [ 75.602944108268005, 18.054790717270127 ], [ 75.60111830766462, 18.053920410094811 ], [ 75.599212134659254, 18.053225459632827 ], [ 75.597243941682123, 18.052712556721882 ], [ 75.595372930278245, 18.052318160704463 ], [ 75.593514008399126, 18.051922608333658 ], [ 75.591639090813246, 18.051521386199777 ], [ 75.58975207853311, 18.0511167988106 ], [ 75.587852868598617, 18.050710341372774 ], [ 75.587828364235492, 18.050705111845737 ], [ 75.585937329928242, 18.050302678570517 ], [ 75.58589645851859, 18.050294021757814 ], [ 75.584005445065088, 18.049895393501895 ], [ 75.583948249917583, 18.049883417137508 ], [ 75.582057262259326, 18.049490112508288 ], [ 75.581983854061775, 18.049474976786101 ], [ 75.580092897008768, 18.049088495730953 ], [ 75.580003455911495, 18.049070411548964 ], [ 75.578112534114467, 18.048692226959876 ], [ 75.578007312236238, 18.048671453329341 ], [ 75.576116430159885, 18.048303002800171 ], [ 75.575995754391528, 18.048279843398799 ], [ 75.574104916289116, 18.047922521183622 ], [ 75.573969191233758, 18.047897320038636 ], [ 75.572078401123136, 18.047552469258559 ], [ 75.571928111987148, 18.047525605559123 ], [ 75.570037373628494, 18.047194510703306 ], [ 75.569873088847416, 18.047166392759891 ], [ 75.56798240572266, 18.046850272524942 ], [ 75.567804779094388, 18.046821330919062 ], [ 75.565914154388594, 18.046521331428977 ], [ 75.565723926474263, 18.046492011426469 ], [ 75.563833363059047, 18.046209199872848 ], [ 75.5636313616168, 18.046179953209361 ], [ 75.561740862035819, 18.045915311949337 ], [ 75.561528001266041, 18.045886588133421 ], [ 75.559637567722703, 18.045641009279997 ], [ 75.559414846132185, 18.045613246597132 ], [ 75.557524480479771, 18.045387527133741 ], [ 75.557292977213294, 18.045361143568961 ], [ 75.55540268094714, 18.045155981016691 ], [ 75.555163550488189, 18.045131365342389 ], [ 75.553273324740388, 18.044947354005604 ], [ 75.553027789947635, 18.044924857300774 ], [ 75.551137635484153, 18.044762485112837 ], [ 75.550886979001774, 18.04474241298799 ], [ 75.548996896221809, 18.044602058975691 ], [ 75.548742450377105, 18.044584664771474 ], [ 75.546852439314634, 18.044466597152933 ], [ 75.546595574688425, 18.044452076359729 ], [ 75.544705635016342, 18.044356451286763 ], [ 75.544447747941703, 18.044344937396485 ], [ 75.542557878977803, 18.044271798348763 ], [ 75.542300378274859, 18.044263360300803 ], [ 75.540410578990162, 18.044212638135154 ], [ 75.540154872287061, 18.044207279458327 ], [ 75.538265141315918, 18.044178793112732 ], [ 75.538012621324313, 18.044176452798158 ], [ 75.536122956976584, 18.044169910646126 ], [ 75.53587498809226, 18.044170465716459 ], [ 75.533985388367157, 18.044185467563622 ], [ 75.533743293944028, 18.044188737236503 ], [ 75.531853756545615, 18.044224776947445 ], [ 75.531618807152441, 18.044230528231012 ], [ 75.529729329506523, 18.04428699697068 ], [ 75.529502732421051, 18.044294951477951 ], [ 75.527613311693599, 18.044371141548375 ], [ 75.527396201821389, 18.04438098328087 ], [ 75.525506834938014, 18.044476092530338 ], [ 75.525300267272186, 18.044487476358611 ], [ 75.523410950938754, 18.044600613137113 ], [ 75.523215894601179, 18.044613173698075 ], [ 75.521326625325344, 18.04474336232968 ], [ 75.521143959162828, 18.044756723066751 ], [ 75.519254733276355, 18.044902909806265 ], [ 75.519085242919715, 18.044916691896233 ], [ 75.517196056601435, 18.045077751335079 ], [ 75.517040432848034, 18.045091582272054 ], [ 75.515151282147372, 18.045266324155161 ], [ 75.515010120486181, 18.045279845795335 ], [ 75.513121001347031, 18.045467022208758 ], [ 75.512994802422241, 18.045479898115303 ], [ 75.511105710707085, 18.045678211001949 ], [ 75.510994881505496, 18.045690132965856 ], [ 75.50910581301973, 18.045898241924842 ], [ 75.509010668566603, 18.045908935572069 ], [ 75.507121619082724, 18.046125465895379 ], [ 75.507042384445484, 18.046134695321527 ], [ 75.505153349727394, 18.04635824622062 ], [ 75.505090162146274, 18.046365817620956 ], [ 75.503201137973093, 18.046594970594246 ], [ 75.503154048967005, 18.046600734878528 ], [ 75.501265031156649, 18.046834062170625 ], [ 75.501234008486463, 18.046837916568943 ], [ 75.499344992918751, 18.047073989671251 ], [ 75.497441248262646, 18.047313233351286 ], [ 75.49556065304165, 18.047549493178902 ], [ 75.493695354374751, 18.047782388789514 ], [ 75.491844957383478, 18.04801067253436 ], [ 75.49000899005739, 18.048233175787999 ], [ 75.48818690400789, 18.048448812519524 ], [ 75.486378075268789, 18.048656581895941 ], [ 75.484581805325988, 18.048855569952337 ], [ 75.482797322522885, 18.04904495038452 ], [ 75.481023783987823, 18.049223984538099 ], [ 75.479260278212465, 18.049392020687268 ], [ 75.477505828406422, 18.049548492713424 ], [ 75.475759396707389, 18.049692918311841 ], [ 75.474019889309673, 18.049824896865925 ], [ 75.472286162540144, 18.049944107136355 ], [ 75.470557029837551, 18.050050304916375 ], [ 75.468831269596919, 18.050143320795701 ], [ 75.467107633753741, 18.050223058165805 ], [ 75.465384856977707, 18.05028949157742 ], [ 75.463661666297327, 18.050342665535286 ], [ 75.46193679096956, 18.050382693782883 ], [ 75.460208972379434, 18.050409759095871 ], [ 75.458476973777536, 18.050424113565395 ], [ 75.456739589653139, 18.050426079318221 ], [ 75.454995654573025, 18.050416049588282 ], [ 75.45324405134528, 18.05039449002668 ], [ 75.45148371839899, 18.050361940116943 ], [ 75.449713656311346, 18.050319014548201 ], [ 75.447932933461814, 18.05026640439289 ], [ 75.446140690813877, 18.050204877935588 ], [ 75.444336145883625, 18.050135281007446 ], [ 75.442518595963151, 18.050058536691441 ], [ 75.440687420707192, 18.049975644280408 ], [ 75.438842084176983, 18.049887677386639 ], [ 75.436982136482868, 18.049795781122565 ], [ 75.435107215123651, 18.049701168290056 ], [ 75.433220990579144, 18.049605315001923 ], [ 75.431323142710241, 18.049509542796621 ], [ 75.431299746667975, 18.049508374695694 ], [ 75.429409794402986, 18.049415026629312 ], [ 75.429370839721244, 18.049413137445597 ], [ 75.427480897279537, 18.049323171936205 ], [ 75.427426424409219, 18.049320647149692 ], [ 75.425536494949171, 18.049235417436414 ], [ 75.425466637343192, 18.049232379372299 ], [ 75.42357672393004, 18.049153225569949 ], [ 75.423491708906298, 18.049149831264433 ], [ 75.421601814491879, 18.049078071988504 ], [ 75.421501963935185, 18.049074510053551 ], [ 75.419612091338536, 18.049011434164374 ], [ 75.419497822131262, 18.049007920687764 ], [ 75.417607974020328, 18.048954779202738 ], [ 75.417479798068427, 18.048951552742373 ], [ 75.415589976942854, 18.048909550964613 ], [ 75.415448500647116, 18.048906866721683 ], [ 75.413558708822578, 18.048877156631654 ], [ 75.413404631836244, 18.04887527991486 ], [ 75.411514871429887, 18.048858952870468 ], [ 75.411348984547772, 18.048858151991595 ], [ 75.409459257465414, 18.048856231780039 ], [ 75.409282439499563, 18.048856770549708 ], [ 75.407392747424311, 18.048870206832451 ], [ 75.40720596094809, 18.04887233685055 ], [ 75.405316305330729, 18.048901999040591 ], [ 75.405120591206639, 18.048905951997455 ], [ 75.403230973257649, 18.048952623605228 ], [ 75.403027443908741, 18.048958603825191 ], [ 75.401137864592073, 18.049022977306908 ], [ 75.400927696030308, 18.049031154772344 ], [ 75.399038156058907, 18.049113826911441 ], [ 75.398822578738901, 18.049124331001824 ], [ 75.396933078572033, 18.049225798851207 ], [ 75.396713367197307, 18.04923871301764 ], [ 75.394823907039495, 18.049359370426984 ], [ 75.394601369503974, 18.049374727996121 ], [ 75.392711949305706, 18.049514862744964 ], [ 75.392487915000189, 18.049532644009805 ], [ 75.390598534460324, 18.049692435563831 ], [ 75.390374342212127, 18.049712566273151 ], [ 75.38848500078187, 18.049892084177156 ], [ 75.38826198672075, 18.049914435482719 ], [ 75.386372683609039, 18.050113638400017 ], [ 75.386152169258949, 18.050138028265504 ], [ 75.384262903439478, 18.050356763669885 ], [ 75.384046184331368, 18.050382959689372 ], [ 75.382156954550794, 18.050620964211593 ], [ 75.38194528962461, 18.050648687734004 ], [ 75.38005609441214, 18.050905588161257 ], [ 75.379850696441537, 18.050934519571683 ], [ 75.377961534119621, 18.051209834494287 ], [ 75.377763561342306, 18.051239619467932 ], [ 75.375874430038465, 18.051532761563909 ], [ 75.375684979118802, 18.0515630180833 ], [ 75.373795876778274, 18.051873297027623 ], [ 75.37361597716847, 18.051903622941527 ], [ 75.371726901567982, 18.052230248923149 ], [ 75.371557511273096, 18.052260229823716 ], [ 75.36966846003503, 18.052602317649956 ], [ 75.369510462730176, 18.052631534854722 ], [ 75.367621433337774, 18.052988108618997 ], [ 75.367475636735705, 18.05301614706115 ], [ 75.365586626548634, 18.053386145346749 ], [ 75.365453761873226, 18.053412601201948 ], [ 75.363564768143632, 18.053794882791482 ], [ 75.363445490534801, 18.053819370696775 ], [ 75.361556510423739, 18.054212720753757 ], [ 75.361451400075254, 18.054234880504211 ], [ 75.359562430669499, 18.054638017190591 ], [ 75.359471994494342, 18.054657519826957 ], [ 75.357583032823158, 18.055069101317823 ], [ 75.357507706436792, 18.055085654545458 ], [ 75.355618749489125, 18.055504286399501 ], [ 75.35555889931004, 18.055517639300348 ], [ 75.353669944051362, 18.055941882143177 ], [ 75.353625869334209, 18.05595182916004 ], [ 75.351736912723453, 18.056380206634884 ], [ 75.351708847358779, 18.056386590819905 ], [ 75.349819886365125, 18.05681759775916 ], [ 75.347921231979882, 18.057251920793856 ], [ 75.346044817570913, 18.057680726556526 ], [ 75.344184709782439, 18.058103858189035 ], [ 75.342340855591104, 18.058519861983005 ], [ 75.340513137765384, 18.058927351190317 ], [ 75.338701373199939, 18.059325012901116 ], [ 75.336905310764053, 18.05971161401169 ], [ 75.335124628793977, 18.060086006212074 ], [ 75.333358932363751, 18.060447129933475 ], [ 75.331607750508255, 18.060794017205044 ], [ 75.329870533608968, 18.061125793383159 ], [ 75.328146651149083, 18.061441677744181 ], [ 75.326435390070287, 18.061740982957094 ], [ 75.324735953964847, 18.062023113486006 ], [ 75.323047463313742, 18.062287563011836 ], [ 75.321368956979939, 18.062533910997118 ], [ 75.319699395105587, 18.062761818559309 ], [ 75.318037663543763, 18.062971023845964 ], [ 75.316382579871913, 18.06316133713511 ], [ 75.314732900988759, 18.063332635896831 ], [ 75.313087332212902, 18.063484860057574 ], [ 75.311444537741707, 18.06361800769718 ], [ 75.3098031522523, 18.06373213138578 ], [ 75.308161793379867, 18.063827335329208 ], [ 75.306519074753581, 18.063903773443865 ], [ 75.304873619254465, 18.063961648424531 ], [ 75.303224072140537, 18.064001211808037 ], [ 75.301569113701561, 18.064022764974563 ], [ 75.299907471134517, 18.064026660971134 ], [ 75.298237929373514, 18.064013306993875 ], [ 75.296559340666008, 18.063983167327184 ], [ 75.294870632755391, 18.06393676651351 ], [ 75.293170815597833, 18.063874692516205 ], [ 75.291458986601342, 18.063797599639781 ], [ 75.289734334453158, 18.063706210986005 ], [ 75.28799614163097, 18.063601320246896 ], [ 75.286243785758757, 18.063483792666826 ], [ 75.284476739979169, 18.063354565039432 ], [ 75.282694572535135, 18.063214644641388 ], [ 75.280896945761711, 18.063065107040124 ], [ 75.279083614676267, 18.062907092745508 ], [ 75.277254425335002, 18.062741802703737 ], [ 75.275409313109662, 18.06257049265761 ], [ 75.273548300993525, 18.062394466416215 ], [ 75.271671498005844, 18.062215068093252 ], [ 75.269784086712761, 18.062034151626136 ], [ 75.267883949446073, 18.061852879432426 ], [ 75.267858803890718, 18.061850495223407 ], [ 75.265968651632832, 18.061672377898386 ], [ 75.265928736795587, 18.061668653525341 ], [ 75.264038593421219, 18.061494038748865 ], [ 75.263984388408304, 18.061489099441829 ], [ 75.262094255694535, 18.06131924466164 ], [ 75.262026319413494, 18.061313246844108 ], [ 75.260136199002716, 18.061149357561082 ], [ 75.260055168931302, 18.061142484019328 ], [ 75.258165062322647, 18.060985706554909 ], [ 75.258071652974991, 18.060978161025457 ], [ 75.256181561516996, 18.060829575652264 ], [ 75.256076562472344, 18.060821576938253 ], [ 75.254186487356819, 18.060682191414525 ], [ 75.254070760720097, 18.060673967157133 ], [ 75.2521807029771, 18.060544710703393 ], [ 75.252055180152212, 18.06053649095016 ], [ 75.250165140646459, 18.06041820870362 ], [ 75.250030818324049, 18.060410219429112 ], [ 75.248140797752527, 18.060303667408725 ], [ 75.247998733040745, 18.06029612415394 ], [ 75.246108731931656, 18.060201964765881 ], [ 75.245960036593388, 18.060195066569321 ], [ 75.24407005530621, 18.060113864679476 ], [ 75.243915889104585, 18.0601077884738 ], [ 75.242025927831477, 18.060040008070473 ], [ 75.24186749102644, 18.060034903712623 ], [ 75.239977549794915, 18.059980905179277 ], [ 75.239816074873161, 18.05997689126934 ], [ 75.237926153549651, 18.059936929283325 ], [ 75.23776289631229, 18.059934089906843 ], [ 75.235872994607163, 18.059908311976727 ], [ 75.23570922476712, 18.059906694478165 ], [ 75.233819342240324, 18.059895140128088 ], [ 75.233656333711863, 18.059894753990243 ], [ 75.231766469779757, 18.059897354596274 ], [ 75.231605490854918, 18.059898171463647 ], [ 75.229715644797878, 18.05991475074287 ], [ 75.229557948412378, 18.059916705587604 ], [ 75.227668119383239, 18.059946980737223 ], [ 75.227514933667507, 18.059949974127267 ], [ 75.225625120700528, 18.059993557606738 ], [ 75.225477639996285, 18.059997458998662 ], [ 75.223587842016855, 18.060053860944354 ], [ 75.223447218514195, 18.060058512890585 ], [ 75.22155743434891, 18.060127144148662 ], [ 75.221424770465987, 18.06013236728138 ], [ 75.219534998853248, 18.060212543040759 ], [ 75.219411340442292, 18.060218141674437 ], [ 75.217521580043069, 18.060309085678433 ], [ 75.21740791046777, 18.060314853859829 ], [ 75.215518159876666, 18.060415703171351 ], [ 75.215415394963671, 18.060421430999604 ], [ 75.21352565272008, 18.060531241291692 ], [ 75.21343463655036, 18.060536721332138 ], [ 75.211544901149651, 18.060654472672478 ], [ 75.211466402623856, 18.060659506294023 ], [ 75.209576672528712, 18.060784109389015 ], [ 75.209511382611552, 18.060788512865678 ], [ 75.20762165626293, 18.06091881572717 ], [ 75.207570185796115, 18.06092242595826 ], [ 75.205680461624198, 18.061057220953213 ], [ 75.205643339582991, 18.061059900672458 ], [ 75.203753616017977, 18.061197931913934 ], [ 75.203731288088562, 18.061199574273697 ], [ 75.201841563571051, 18.061339545309032 ], [ 75.199948792944042, 18.061480352344361 ], [ 75.198075129463589, 18.061619002302734 ], [ 75.196217130134912, 18.061754415622133 ], [ 75.194374849904605, 18.061885280387195 ], [ 75.192548254022043, 18.06201032620028 ], [ 75.190737216735627, 18.062128331421924 ], [ 75.188941519989058, 18.062238129345687 ], [ 75.187160852237852, 18.062338613263169 ], [ 75.185394807472889, 18.062428740398413 ], [ 75.18364288462692, 18.062507534711226 ], [ 75.181904487517784, 18.062574088598186 ], [ 75.180178925511584, 18.062627563549459 ], [ 75.178465415074996, 18.062667189852366 ], [ 75.176763082387083, 18.062692265465547 ], [ 75.175070967149622, 18.062702154219373 ], [ 75.173388027697257, 18.062696283526513 ], [ 75.171713147466264, 18.062674141808369 ], [ 75.170045142827547, 18.062635275857179 ], [ 75.168382772219459, 18.062579288355732 ], [ 75.166724746462251, 18.062505835768953 ], [ 75.165069740066627, 18.062414626799072 ], [ 75.163416403302421, 18.062305421563753 ], [ 75.161763374742975, 18.06217803161238 ], [ 75.160109293971317, 18.062032320843993 ], [ 75.158452814128665, 18.061868207335014 ], [ 75.156792613976691, 18.06168566602696 ], [ 75.155127409184288, 18.061484732172527 ], [ 75.153455962570348, 18.061265505389787 ], [ 75.151777093097635, 18.061028154139063 ], [ 75.150089683466803, 18.060772920411271 ], [ 75.148392686228107, 18.060500124404705 ], [ 75.146685128387603, 18.060210168967242 ], [ 75.144966114555075, 18.05990354359394 ], [ 75.143234828734137, 18.059580827791713 ], [ 75.141490534893947, 18.059242693650631 ], [ 75.139732576506873, 18.058889907496241 ], [ 75.137960375260519, 18.058523330532779 ], [ 75.136173429152564, 18.058143918419471 ], [ 75.134371310196059, 18.057752719757218 ], [ 75.132553661942467, 18.057350873487795 ], [ 75.130720197022512, 18.056939605232035 ], [ 75.128870694876511, 18.056520222608313 ], [ 75.127004999830618, 18.056094109586091 ], [ 75.125123019629626, 18.055662719931561 ], [ 75.123118203725355, 18.055301613432992 ], [ 75.12108604401493, 18.055130192413472 ], [ 75.119046104805946, 18.055150107248359 ], [ 75.117018025234486, 18.055361166248883 ], [ 75.115021330382433, 18.055761337504251 ], [ 75.113075243486918, 18.056346768423172 ], [ 75.111198501041216, 18.057111822787558 ], [ 75.109409172558699, 18.058049134963447 ], [ 75.107724486728017, 18.059149680749606 ], [ 75.106160665626646, 18.060402864184951 ], [ 75.104732768584682, 18.061796619482429 ], [ 75.103454547198439, 18.063317527112083 ], [ 75.102338312889231, 18.064950942919772 ], [ 75.101394818282245, 18.066681139042494 ], [ 75.100633153550547, 18.068491455267932 ], [ 75.100060658726079, 18.070364459384329 ], [ 75.099682852827712, 18.072282114980567 ], [ 75.099503380496131, 18.074225955083282 ], [ 75.099523976657309, 18.076177259961408 ], [ 75.099744449564184, 18.078117237387424 ], [ 75.100162682389524, 18.080027203620052 ], [ 75.10077465336407, 18.081888763365455 ], [ 75.101574474276077, 18.083683986982614 ], [ 75.102554446969719, 18.085395583224678 ], [ 75.103705137307088, 18.087007065849939 ], [ 75.105015465887575, 18.088502912494555 ], [ 75.106472814656897, 18.089868714273095 ], [ 75.108063148381959, 18.091091314661991 ], [ 75.109771149823899, 18.092158936323578 ], [ 75.111580367307283, 18.093061294645018 ], [ 75.113473373261826, 18.09378969689395 ], [ 75.115431932206263, 18.094337126031693 ], [ 75.117322465855622, 18.094770477393716 ], [ 75.119229336817639, 18.095206002485064 ] ], [ [ 75.119793440420253, 18.076933719542282 ], [ 75.1195976020026, 18.076878981752369 ], [ 75.119408316396473, 18.076806148160571 ], [ 75.119227406573685, 18.076715920215385 ], [ 75.119056614832843, 18.076609166886467 ], [ 75.118897586018704, 18.076486916295003 ], [ 75.118751851680258, 18.076350345811225 ], [ 75.118620815320625, 18.076200770714564 ], [ 75.118505738880401, 18.076039631525568 ], [ 75.118407730584934, 18.075868480131764 ], [ 75.118327734272441, 18.075688964840982 ], [ 75.118266520305681, 18.075502814506237 ], [ 75.118224678154661, 18.075311821875104 ], [ 75.118202610721795, 18.075117826323812 ], [ 75.118200530464122, 18.074922696142615 ], [ 75.118218457349556, 18.074728310542856 ], [ 75.118256218667327, 18.074536541559052 ], [ 75.118313450693577, 18.074349236020431 ], [ 75.118389602196729, 18.074168197765353 ], [ 75.118483939748273, 18.073995170269946 ], [ 75.118595554787845, 18.073831819858384 ], [ 75.118723372374717, 18.073679719656173 ], [ 75.118866161541078, 18.073540334441194 ], [ 75.119022547147424, 18.073415006538262 ], [ 75.119191023126064, 18.073304942893014 ], [ 75.119369966984863, 18.07321120344945 ], [ 75.119557655431919, 18.073134690943355 ], [ 75.119752280970289, 18.073076142209324 ], [ 75.119951969303628, 18.073036121085611 ], [ 75.120154797384416, 18.073015012984708 ], [ 75.120358811931837, 18.073013021182131 ], [ 75.120562048240274, 18.073030164858981 ], [ 75.120762549098117, 18.073066278917349 ], [ 75.12265205110026, 18.073499393164504 ], [ 75.124539931703922, 18.073930573624185 ], [ 75.126426199105083, 18.074358293261344 ], [ 75.128310867788628, 18.074781047387006 ], [ 75.130193958691791, 18.075197361886271 ], [ 75.132075499397729, 18.075605801217137 ], [ 75.133955524366769, 18.076004976134868 ], [ 75.135834075196627, 18.076393551095542 ], [ 75.13771120087236, 18.076770251288078 ], [ 75.139586958006831, 18.077133869257331 ], [ 75.141461411037966, 18.077483271076922 ], [ 75.143334632366091, 18.077817402039525 ], [ 75.145206702407961, 18.078135291836094 ], [ 75.147077709548924, 18.078436059202129 ], [ 75.148947749970134, 18.078718916014168 ], [ 75.150816927343371, 18.078983170827367 ], [ 75.152685352377219, 18.079228231849349 ], [ 75.154553142213118, 18.079453609351724 ], [ 75.156420419673879, 18.079658917524831 ], [ 75.158287312370106, 18.079843875784256 ], [ 75.160153951682773, 18.080008309540478 ], [ 75.162020471639053, 18.080152150443094 ], [ 75.163887007714123, 18.080275436112089 ], [ 75.165753695577067, 18.080378309365518 ], [ 75.167620669827897, 18.080461016953539 ], [ 75.169488062744549, 18.080523907804139 ], [ 75.171356003078557, 18.080567430785365 ], [ 75.173224614928387, 18.08059213198651 ], [ 75.175094016706822, 18.080598651519082 ], [ 75.176964320229672, 18.080587719839393 ], [ 75.178835629933403, 18.080560153594298 ], [ 75.18070804222458, 18.080516850994531 ], [ 75.182581644970426, 18.08045878672252 ], [ 75.184456517113475, 18.080387006386079 ], [ 75.186332728408459, 18.080302620533338 ], [ 75.188210339262724, 18.080206798249883 ], [ 75.190089400665968, 18.080100760363813 ], [ 75.191969954189815, 18.079985772289714 ], [ 75.193852032041391, 18.079863136547093 ], [ 75.195735657158423, 18.079734184993054 ], [ 75.197620843311086, 18.079600270814129 ], [ 75.199507595236156, 18.079462760321579 ], [ 75.201395908751564, 18.079323024602367 ], [ 75.203286129547351, 18.079182404509812 ], [ 75.205176043471582, 18.079042417706333 ], [ 75.20517827648834, 18.079042253451831 ], [ 75.207068189506899, 18.078904206615412 ], [ 75.2070719020833, 18.078903938613152 ], [ 75.20896181578874, 18.07876912832393 ], [ 75.208966963351813, 18.078768767259739 ], [ 75.210856879344064, 18.07863844952837 ], [ 75.210863408991258, 18.07863800913027 ], [ 75.212753328866157, 18.078513391708888 ], [ 75.21276117950741, 18.078512888288586 ], [ 75.214651104845359, 18.078395123279268 ], [ 75.214660207377548, 18.078394575211227 ], [ 75.216550139731851, 18.078284752015541 ], [ 75.216560417257497, 18.0782841791649 ], [ 75.21845035814286, 18.078183317816553 ], [ 75.218461726245593, 18.078182740928899 ], [ 75.2203516771267, 18.078091785849018 ], [ 75.220364044214833, 18.078091225916602 ], [ 75.222254006494879, 18.078011040128597 ], [ 75.222267274222318, 18.078010517748876 ], [ 75.224157249232164, 18.077941877587328 ], [ 75.224171313003168, 18.077941412330894 ], [ 75.226061301990327, 18.07788500267581 ], [ 75.226076051551956, 18.077884612481355 ], [ 75.227966055670436, 18.077841022546043 ], [ 75.227981375791956, 18.077840723159994 ], [ 75.229871396092193, 18.077810442857686 ], [ 75.229887167327206, 18.077810247335805 ], [ 75.231777204746805, 18.077793664246336 ], [ 75.231793304269601, 18.077793582532991 ], [ 75.233683359624465, 18.077790979487911 ], [ 75.233699662128515, 18.077791018086643 ], [ 75.235589736104842, 18.077802571386826 ], [ 75.235606114747881, 18.077802733133634 ], [ 75.237496207894793, 18.077828511410029 ], [ 75.237512535272103, 18.077828795356684 ], [ 75.239402647995092, 18.077868759081184 ], [ 75.239418797122269, 18.077869160492916 ], [ 75.241308929677544, 18.077923162141996 ], [ 75.241324774961498, 18.077923672609568 ], [ 75.243214927451135, 18.077991457480074 ], [ 75.24323034563055, 18.07799206514245 ], [ 75.245120517998785, 18.078073272814429 ], [ 75.245135389035326, 18.078073962684567 ], [ 75.247025581065643, 18.078168129122787 ], [ 75.247039788971236, 18.078168883505814 ], [ 75.248930000284588, 18.078275443787405 ], [ 75.248943433871716, 18.07827624277764 ], [ 75.250833663925789, 18.078394534429773 ], [ 75.250846217473097, 18.078395356471102 ], [ 75.252736465562634, 18.078524623398934 ], [ 75.252748039391165, 18.078525445891813 ], [ 75.254638304649419, 18.078664842873547 ], [ 75.254648805609634, 18.078665642811075 ], [ 75.256539087010836, 18.078814240533475 ], [ 75.256548428883846, 18.078814995149415 ], [ 75.258438725246847, 18.078971785753975 ], [ 75.258446829067111, 18.078972473165955 ], [ 75.260337139060027, 18.079136376272899 ], [ 75.260343933369299, 18.079136976105364 ], [ 75.262234255515281, 18.079306845279802 ], [ 75.262239676559659, 18.079307339252441 ], [ 75.264130009243686, 18.079481968874443 ], [ 75.26413400112709, 18.079482341343446 ], [ 75.266024342603743, 18.079660473841336 ], [ 75.266026857410978, 18.079660712282561 ], [ 75.26791820371578, 18.079841141110808 ], [ 75.269808281751438, 18.080022310493934 ], [ 75.271697301418996, 18.080202873832604 ], [ 75.273584742483251, 18.080381397130274 ], [ 75.275470592008375, 18.080556486665888 ], [ 75.277354845618873, 18.080726749653117 ], [ 75.279237507653093, 18.080890802654746 ], [ 75.281118591344807, 18.081047279880096 ], [ 75.282998119013669, 18.081194841313007 ], [ 75.28487612223698, 18.081332180619828 ], [ 75.286752642009702, 18.081458032792707 ], [ 75.288627728853498, 18.081571181483248 ], [ 75.290501442876135, 18.081670465988793 ], [ 75.292373853745985, 18.081754787855697 ], [ 75.294245040569777, 18.081823117070876 ], [ 75.296115091655352, 18.081874497817481 ], [ 75.297984104142685, 18.081908053776228 ], [ 75.299852183489918, 18.081922992959282 ], [ 75.301719442816491, 18.081918612068591 ], [ 75.303586002095841, 18.081894300374135 ], [ 75.305451987206723, 18.081849543111083 ], [ 75.30731752886345, 18.081783924396362 ], [ 75.309182761435508, 18.081697129666022 ], [ 75.311047821691872, 18.081588947633929 ], [ 75.312912847495369, 18.08145927177112 ], [ 75.314777976484763, 18.081308101302511 ], [ 75.316643344775372, 18.081135541715323 ], [ 75.318509085718091, 18.080941804770394 ], [ 75.32037532874044, 18.08072720800638 ], [ 75.322242198305574, 18.080492173723989 ], [ 75.324109813002224, 18.080237227438744 ], [ 75.325978284786117, 18.079962995790272 ], [ 75.327847718377711, 18.079670203899489 ], [ 75.329718210816054, 18.079359672168302 ], [ 75.331589851168175, 18.079032312520326 ], [ 75.3334627203716, 18.078689124089298 ], [ 75.335336891209948, 18.078331188363283 ], [ 75.337212428382188, 18.077959663805615 ], [ 75.339089388661989, 18.077575779973046 ], [ 75.340967821113964, 18.077180831162597 ], [ 75.342847767342562, 18.07677616962285 ], [ 75.344729261761913, 18.076363198367616 ], [ 75.346612331854885, 18.07594336363826 ], [ 75.348496998410141, 18.075518147060798 ], [ 75.350383275729385, 18.07508905754521 ], [ 75.35227117177422, 18.074657622982503 ], [ 75.354161282661764, 18.07422524616349 ], [ 75.356050417540899, 18.073794194508721 ], [ 75.356053224335852, 18.073793556023954 ], [ 75.357942355014245, 18.073365134055763 ], [ 75.357946762892439, 18.073364139250682 ], [ 75.359835892511327, 18.07293985227296 ], [ 75.359841878082307, 18.072938516843823 ], [ 75.361731009788429, 18.072519841347681 ], [ 75.361738543124929, 18.072518185852136 ], [ 75.363627680052389, 18.072106561343784 ], [ 75.363636724510371, 18.072104610876 ], [ 75.365525869762223, 18.071701431925472 ], [ 75.365536381777432, 18.071699215717697 ], [ 75.367425538407602, 18.071305824275047 ], [ 75.36743746728547, 18.071303375226339 ], [ 75.369326638280512, 18.07092105325049 ], [ 75.369339925997721, 18.070918407384834 ], [ 75.371229114259023, 18.07054836982832 ], [ 75.371243695296968, 18.070545565685741 ], [ 75.373132903623357, 18.070188953876549 ], [ 75.373148704854216, 18.070186031843431 ], [ 75.375037935924851, 18.069843907302733 ], [ 75.375054876571042, 18.069840908889862 ], [ 75.376944132929097, 18.069514247621992 ], [ 75.376962124615972, 18.069511214701791 ], [ 75.378851408652963, 18.069200901989745 ], [ 75.378870355571834, 18.069197876007188 ], [ 75.380759669512614, 18.068904701744277 ], [ 75.380779468709207, 18.068901722918589 ], [ 75.382668814598105, 18.068626377503477 ], [ 75.382689356395957, 18.068623484040366 ], [ 75.384578736083625, 18.068366554859409 ], [ 75.384599904648027, 18.068363782195053 ], [ 75.386489319779599, 18.068125750712529 ], [ 75.386510993821446, 18.068123130811856 ], [ 75.388400445825695, 18.067904370284872 ], [ 75.388422499438462, 18.067901931016014 ], [ 75.390311989518366, 18.067702704847409 ], [ 75.39033429313578, 18.06770046945358 ], [ 75.392223822260249, 18.067520930192178 ], [ 75.39224624371623, 18.06751891687912 ], [ 75.394135812613186, 18.067359105872907 ], [ 75.394158218280779, 18.067357327527059 ], [ 75.396047827431872, 18.067217175231104 ], [ 75.39607008341406, 18.067215639278672 ], [ 75.397959733050754, 18.067094966215649 ], [ 75.397981706394248, 18.067093674627859 ], [ 75.399871396495271, 18.066992192995176 ], [ 75.399892956396513, 18.066991142439353 ], [ 75.401782686687199, 18.066908458352977 ], [ 75.401803705662047, 18.06690764048351 ], [ 75.403693475614872, 18.066843256845143 ], [ 75.403713830604502, 18.066842658723093 ], [ 75.405603639441495, 18.066795978693236 ], [ 75.405623212832012, 18.066795583318957 ], [ 75.407513059528597, 18.066765914375111 ], [ 75.407531740065693, 18.066765701314417 ], [ 75.409421623356224, 18.066752259870128 ], [ 75.409439306942431, 18.066752205951914 ], [ 75.411329225327151, 18.066754122509074 ], [ 75.411345815694872, 18.066754202571083 ], [ 75.413235767448484, 18.066770527374629 ], [ 75.413251176707234, 18.066770715033396 ], [ 75.415141159888847, 18.066800424194845 ], [ 75.415155308950929, 18.066800692616702 ], [ 75.417045321415671, 18.066842694669845 ], [ 75.41705814030847, 18.066843017321446 ], [ 75.418948179720317, 18.066896160171336 ], [ 75.418959607797575, 18.066896511530178 ], [ 75.420849671643325, 18.0669595897538 ], [ 75.4208596577093, 18.066959945961859 ], [ 75.422749743314199, 18.067031708417339 ], [ 75.422758245676491, 18.067032047863801 ], [ 75.424648350220565, 18.067111205562636 ], [ 75.424655336687564, 18.067111509384539 ], [ 75.42654545722327, 18.067196743580102 ], [ 75.426550905060992, 18.06719699607233 ], [ 75.42844103853173, 18.067286966516647 ], [ 75.42844493439361, 18.06728715544552 ], [ 75.430335077652984, 18.067380508765069 ], [ 75.430337417493632, 18.067380625581777 ], [ 75.43222835630641, 18.067476043675022 ], [ 75.434118135645505, 18.067572073374293 ], [ 75.436006784565492, 18.067667374664904 ], [ 75.437893933015417, 18.067760610586127 ], [ 75.439779614291581, 18.067850496420675 ], [ 75.441663870466769, 18.067935787368882 ], [ 75.443546752273008, 18.068015285962048 ], [ 75.445428318951585, 18.068087849129803 ], [ 75.447308638074674, 18.068152394888411 ], [ 75.449187785300353, 18.068207908618156 ], [ 75.451065844071977, 18.068253448904027 ], [ 75.452942905234664, 18.068288152916729 ], [ 75.454819066577244, 18.068311241315392 ], [ 75.456694432280472, 18.068322022656691 ], [ 75.458569112280529, 18.068319897299105 ], [ 75.460443221543059, 18.068304360793331 ], [ 75.462316879260101, 18.068275006752607 ], [ 75.46419020797795, 18.068231529198595 ], [ 75.466063332669279, 18.068173724379093 ], [ 75.467936379766982, 18.068101492055192 ], [ 75.469809476182789, 18.068014836255085 ], [ 75.471682748324312, 18.067913865491921 ], [ 75.473556321137636, 18.067798792443028 ], [ 75.475430317189875, 18.067669933087618 ], [ 75.477304855810175, 18.067527705300471 ], [ 75.479180052306901, 18.067372626899829 ], [ 75.481056017264933, 18.06720531314928 ], [ 75.482932855934877, 18.067026473715099 ], [ 75.484810667713262, 18.066836909083609 ], [ 75.486689545715791, 18.066637506445709 ], [ 75.488569576431189, 18.066429235060543 ], [ 75.490450839455036, 18.066213141112961 ], [ 75.492333407279517, 18.065990342085822 ], [ 75.494217345148513, 18.065762020668476 ], [ 75.496102710930344, 18.065529418233389 ], [ 75.497989555026166, 18.065293827909198 ], [ 75.499877920294125, 18.065056587286069 ], [ 75.501768595545116, 18.06481897661941 ], [ 75.503657796194815, 18.064582875676908 ], [ 75.503660898765872, 18.064582490191551 ], [ 75.505550101776734, 18.064349135305513 ], [ 75.505554811139234, 18.064348558808771 ], [ 75.507444020694962, 18.064119378625026 ], [ 75.507450340073575, 18.064118621394847 ], [ 75.509339560416919, 18.063895043806355 ], [ 75.50934748465987, 18.063894120753176 ], [ 75.511236720068112, 18.063677564398727 ], [ 75.511246235450727, 18.063676494904904 ], [ 75.5131354902108, 18.063468360709226 ], [ 75.513146574224976, 18.063467168367502 ], [ 75.515035852608236, 18.063268831172987 ], [ 75.515048473749175, 18.063267543423489 ], [ 75.516937779986193, 18.063080343762905 ], [ 75.516951897552076, 18.063078991429613 ], [ 75.51884123580713, 18.062904227488616 ], [ 75.518856799729463, 18.062902844218623 ], [ 75.520746174075654, 18.062741764035657 ], [ 75.520763124800382, 18.06274038564699 ], [ 75.522652539194681, 18.0625941795968 ], [ 75.522670807635905, 18.062592843343857 ], [ 75.524560265894792, 18.062462636948979 ], [ 75.524579773482088, 18.062461380718037 ], [ 75.526469279257981, 18.062348227831176 ], [ 75.526489938098237, 18.062347089281818 ], [ 75.528379494856424, 18.062251965679121 ], [ 75.528401208027802, 18.06225098135155 ], [ 75.530290819024458, 18.062174778775198 ], [ 75.530313481017004, 18.062173983186064 ], [ 75.532203149278104, 18.062117503871086 ], [ 75.532226646589478, 18.062116928623691 ], [ 75.534116374891113, 18.062080880341892 ], [ 75.534140586780808, 18.06208055327804 ], [ 75.536030377630595, 18.062065544928121 ], [ 75.536055177028146, 18.062065489349678 ], [ 75.537945032648196, 18.062072027119946 ], [ 75.537970287203862, 18.0620722611073 ], [ 75.539860209515211, 18.062100745233778 ], [ 75.539885782774562, 18.062101281086267 ], [ 75.541775773383335, 18.062152003225457 ], [ 75.541801526059913, 18.062152847044956 ], [ 75.54369158624516, 18.062225988276946 ], [ 75.543717377560739, 18.062227139710899 ], [ 75.545607508264212, 18.062322769184817 ], [ 75.545633197321351, 18.062324221338965 ], [ 75.547523399139038, 18.062442295568925 ], [ 75.547548846289203, 18.062444035093101 ], [ 75.549439119465021, 18.062584397908932 ], [ 75.54946418763538, 18.062586405252482 ], [ 75.551354532056806, 18.062748788405752 ], [ 75.551379088000388, 18.062751038232431 ], [ 75.553269503196219, 18.062935062654365 ], [ 75.553293418635192, 18.062937524400393 ], [ 75.555183903775244, 18.063142702104319 ], [ 75.555207056411192, 18.063145340658615 ], [ 75.557097610308517, 18.063371077276074 ], [ 75.557119884681512, 18.063373853757817 ], [ 75.559010505796309, 18.063619451693327 ], [ 75.559031793981362, 18.063622324300152 ], [ 75.560922480427337, 18.063886986486249 ], [ 75.56094268256436, 18.063889911385541 ], [ 75.562833432117031, 18.064172745616165 ], [ 75.562852456777662, 18.064175677852877 ], [ 75.564743266884747, 18.06447570166959 ], [ 75.564761031285997, 18.064478596065957 ], [ 75.566651899079872, 18.064794742168303 ], [ 75.566668329159498, 18.0647975541936 ], [ 75.568559251471598, 18.065128676341946 ], [ 75.568574281844647, 18.065131362934007 ], [ 75.570465255221734, 18.065476242310037 ], [ 75.570478829040482, 18.065478762634029 ], [ 75.57236984976268, 18.065836114621629 ], [ 75.572381918503112, 18.065838430755111 ], [ 75.574272982603702, 18.066206912101638 ], [ 75.574283505802953, 18.066208989638717 ], [ 75.576174609089705, 18.06658720595474 ], [ 75.576183554056783, 18.06658901452483 ], [ 75.578074692134777, 18.066975528078004 ], [ 75.578082033656528, 18.066977041777601 ], [ 75.579973201952328, 18.067370379534992 ], [ 75.579978922012955, 18.067371577272375 ], [ 75.581870115799902, 18.067770239143865 ], [ 75.581874203330386, 18.067771104898164 ], [ 75.583765417755032, 18.068173572132494 ], [ 75.583767868424658, 18.068174095129329 ], [ 75.585659914593492, 18.068579013619203 ], [ 75.587550750471237, 18.068984416421575 ], [ 75.589440381804238, 18.069388782782458 ], [ 75.591328413891446, 18.069790524919277 ], [ 75.593217650970885, 18.070188758375242 ], [ 75.593414488366918, 18.070240053061394 ], [ 75.593605121483535, 18.070309554105702 ], [ 75.593787714470253, 18.070396592194324 ], [ 75.593960508898164, 18.070500329126489 ], [ 75.594121840692992, 18.070619765885947 ], [ 75.594270156159865, 18.070753752260924 ], [ 75.594404026945512, 18.070900997920251 ], [ 75.594522163793926, 18.071060084838713 ], [ 75.594623428962805, 18.07122948095223 ], [ 75.59470684718147, 18.071407554911335 ], [ 75.594771615044394, 18.071592591790878 ], [ 75.594817108750135, 18.07178280960477 ], [ 75.594842890110797, 18.071976376466708 ], [ 75.594848710774357, 18.072171428231599 ], [ 75.59483451461881, 18.072366086448032 ], [ 75.594800438295181, 18.072558476448574 ], [ 75.594746809914071, 18.07274674540394 ], [ 75.594674145888177, 18.072929080167093 ], [ 75.594583145961082, 18.073103724735375 ], [ 75.594474686470491, 18.073268997162526 ], [ 75.59434981191005, 18.073423305757601 ], [ 75.594209724871547, 18.073565164414937 ], [ 75.594055774463939, 18.073693206927267 ], [ 75.593889443321004, 18.073806200144201 ], [ 75.593712333322443, 18.073903055849367 ], [ 75.593526150166142, 18.073982841241676 ], [ 75.593332686940144, 18.07404478791975 ], [ 75.593133806852606, 18.074088299282995 ], [ 75.592931425286153, 18.074112956278 ], [ 75.592727491349336, 18.074118521434784 ], [ 75.592523969103311, 18.074104941154161 ], [ 75.592322818644249, 18.074072346224067 ], [ 75.590431536206935, 18.073673682611105 ], [ 75.590427526515569, 18.073672833413269 ], [ 75.588536239577778, 18.073270399684208 ], [ 75.588533819000716, 18.073269883163899 ], [ 75.586641722772598, 18.072864990144623 ], [ 75.584750850007708, 18.072459580403446 ], [ 75.582861213127089, 18.072055178655063 ], [ 75.580973227531032, 18.071653399512776 ], [ 75.579086897118003, 18.071255763809742 ], [ 75.577202219038497, 18.070863776913342 ], [ 75.575319183475742, 18.070478920358731 ], [ 75.573437773396094, 18.070102643671333 ], [ 75.571557964253756, 18.069736356424478 ], [ 75.569679723681872, 18.069381420585884 ], [ 75.56780301117324, 18.069039143198573 ], [ 75.56592777778684, 18.068710769444102 ], [ 75.564053965884, 18.068397476125799 ], [ 75.562181508935026, 18.068100365611507 ], [ 75.560310331409809, 18.067820460264969 ], [ 75.558440348776529, 18.06755869739029 ], [ 75.556571467634186, 18.067315924708996 ], [ 75.554703585990111, 18.067092896380135 ], [ 75.55283659369988, 18.06689026956947 ], [ 75.550970373073909, 18.066708601567246 ], [ 75.549104799650706, 18.066548347449274 ], [ 75.547239743130547, 18.06640985827261 ], [ 75.545375068451904, 18.06629337979469 ], [ 75.543510636992707, 18.066199051703915 ], [ 75.541646307863886, 18.066126907350185 ], [ 75.539781939264714, 18.06607687396534 ], [ 75.537917389863352, 18.066048773366422 ], [ 75.536052520164148, 18.066042323137239 ], [ 75.534187193829453, 18.066057138286912 ], [ 75.532321278915532, 18.066092733387023 ], [ 75.530454649003687, 18.066148525190222 ], [ 75.528587184195572, 18.066223835734576 ], [ 75.526718771964312, 18.066317895936891 ], [ 75.524849307848072, 18.066429849676737 ], [ 75.52297869598776, 18.066558758369602 ], [ 75.521106849517295, 18.066703606023033 ], [ 75.519233690811703, 18.066863304765224 ], [ 75.517359151614301, 18.067036700829167 ], [ 75.515483173061995, 18.067222580969723 ], [ 75.513605705622808, 18.067419679285827 ], [ 75.511726708980689, 18.067626684412787 ], [ 75.509846151869681, 18.067842247047569 ], [ 75.507964011893847, 18.068064987762448 ], [ 75.506080275342114, 18.068293505060769 ], [ 75.504194937007057, 18.068526383626274 ], [ 75.502308000025039, 18.068762202713639 ], [ 75.500419441396886, 18.068999548942664 ], [ 75.498528574952473, 18.069237104210046 ], [ 75.496639316063693, 18.069472997077817 ], [ 75.496636185653884, 18.069473385613286 ], [ 75.494746913418183, 18.069706471025423 ], [ 75.494742312794216, 18.069707033605944 ], [ 75.492853023652899, 18.069936004584633 ], [ 75.492847003532631, 18.069936725622668 ], [ 75.490957694117512, 18.070160323519911 ], [ 75.490950312842571, 18.07016118423266 ], [ 75.489060979993994, 18.070378206137153 ], [ 75.489052303442563, 18.070379185057359 ], [ 75.487162944225958, 18.070588490858452 ], [ 75.487153045695365, 18.070589564399587 ], [ 75.485263657416368, 18.070790083466502 ], [ 75.48525261746029, 18.070791226531732 ], [ 75.483363197678216, 18.070981963968663 ], [ 75.483351103884914, 18.070983150591513 ], [ 75.481461650424492, 18.071163193031513 ], [ 75.481448597123219, 18.07116439703443 ], [ 75.479559108084757, 18.071332917938033 ], [ 75.479545195969592, 18.071334113593668 ], [ 75.477655669737175, 18.071490378020844 ], [ 75.477641005401424, 18.071491540699625 ], [ 75.475751440649333, 18.071634909526928 ], [ 75.47573613602556, 18.0716360163138 ], [ 75.473846531722955, 18.071765949871931 ], [ 75.473830703429712, 18.071766980135077 ], [ 75.471941058843313, 18.071883041245261 ], [ 75.47192482744201, 18.071883977139841 ], [ 75.470035142136965, 18.071985833531357 ], [ 75.47001863130798, 18.071986660422944 ], [ 75.468128905146941, 18.072074086517357 ], [ 75.468112240797126, 18.072074793311543 ], [ 75.466222473937435, 18.072147671363421 ], [ 75.466205783255006, 18.072148250730802 ], [ 75.464315976144107, 18.072206571318116 ], [ 75.464299386619274, 18.072207019807255 ], [ 75.462409539988343, 18.072250881668769 ], [ 75.462393178419873, 18.072251199703459 ], [ 75.460503293275778, 18.072280808924074 ], [ 75.460487284784037, 18.072281000685219 ], [ 75.458597362399786, 18.072296669234429 ], [ 75.458581829466397, 18.072296742430805 ], [ 75.456691871369785, 18.072298886062757 ], [ 75.456676932922491, 18.072298851598706 ], [ 75.45478694088348, 18.072287987126689 ], [ 75.454772711441919, 18.072287858678283 ], [ 75.452882687458583, 18.07226460063977 ], [ 75.452869276353752, 18.072264394153429 ], [ 75.450979222636931, 18.072229450885555 ], [ 75.450966733312896, 18.072229184015715 ], [ 75.44907665226971, 18.072183353164636 ], [ 75.449065181672722, 18.072183044667813 ], [ 75.447175075888893, 18.07212720815857 ], [ 75.447164713944048, 18.072126877262352 ], [ 75.445274586165539, 18.072061995759231 ], [ 75.445265415338142, 18.072061661524106 ], [ 75.443375268451774, 18.071988768414496 ], [ 75.443367363387466, 18.071988449106218 ], [ 75.441477200400868, 18.071908644043507 ], [ 75.441470627634899, 18.071908356532379 ], [ 75.4395804516559, 18.071822798576576 ], [ 75.439575269381535, 18.071822557778422 ], [ 75.437685083597202, 18.071732458174996 ], [ 75.437681341481266, 18.071732276547294 ], [ 75.435791149136506, 18.071638891187341 ], [ 75.435788888170322, 18.071638778291959 ], [ 75.433897944921526, 18.07154336204075 ], [ 75.432008143807209, 18.071447332174781 ], [ 75.430119515925028, 18.071352031767603 ], [ 75.428232448055255, 18.071258831270121 ], [ 75.426346943978785, 18.071169082109563 ], [ 75.424462998149593, 18.071084127278162 ], [ 75.422580595594368, 18.071005293050973 ], [ 75.420699711810769, 18.070933880873536 ], [ 75.418820312690087, 18.070871159467334 ], [ 75.416942354479872, 18.070818357197478 ], [ 75.415065783788691, 18.070776654743153 ], [ 75.41319053766054, 18.070747178108093 ], [ 75.411316543725135, 18.070730992003693 ], [ 75.409443720448238, 18.070729093632668 ], [ 75.407571977486839, 18.070742406896478 ], [ 75.405701216164502, 18.070771777044943 ], [ 75.403831330074482, 18.070817965782055 ], [ 75.401962205806214, 18.070881646838199 ], [ 75.400093723795734, 18.070963402015789 ], [ 75.398225759289758, 18.071063717712832 ], [ 75.396358183407031, 18.071182981928196 ], [ 75.394490864276236, 18.071321481751443 ], [ 75.392623668225141, 18.071479401341236 ], [ 75.390756460995107, 18.071656820396811 ], [ 75.388889108946856, 18.07185371312978 ], [ 75.387021480234012, 18.072069947743991 ], [ 75.385153445907576, 18.072305286434098 ], [ 75.383284880937012, 18.072559385912921 ], [ 75.381415665114133, 18.072831798480028 ], [ 75.379545683836184, 18.073121973640632 ], [ 75.37767482875168, 18.073429260283927 ], [ 75.375802998265726, 18.07375290942651 ], [ 75.373930097908911, 18.074092077521946 ], [ 75.372056040579466, 18.074445830332834 ], [ 75.370180746661916, 18.074813147358018 ], [ 75.368304144051834, 18.075192926798035 ], [ 75.366426168092772, 18.075583991040421 ], [ 75.364546761453184, 18.075985092637357 ], [ 75.362665873959116, 18.076394920745152 ], [ 75.360783462409785, 18.076812107987561 ], [ 75.35889949038615, 18.077235237704986 ], [ 75.357013928078402, 18.077662851543405 ], [ 75.355126752141217, 18.078093457338667 ], [ 75.353237725550215, 18.078525587533736 ], [ 75.351348534297983, 18.078957319201514 ], [ 75.351346460979556, 18.078957791925621 ], [ 75.349457256278882, 18.079387548465572 ], [ 75.349453551558256, 18.079388387768724 ], [ 75.347564330441671, 18.079814633030981 ], [ 75.347559002529152, 18.079815828006005 ], [ 75.345669762121759, 18.080237039489695 ], [ 75.34566282573428, 18.080238573968025 ], [ 75.343773563269565, 18.080653251284108 ], [ 75.343765039824717, 18.080655104032957 ], [ 75.341875752659746, 18.081061777240468 ], [ 75.341865670512576, 18.081063922239466 ], [ 75.33997635614223, 18.081461160006164 ], [ 75.339964750851664, 18.081463566804967 ], [ 75.338075406921931, 18.081849984344458 ], [ 75.338062321530813, 18.081852618502449 ], [ 75.33617294585099, 18.082226885241003 ], [ 75.336158431160911, 18.082229708848768 ], [ 75.334269021714817, 18.082590555776985 ], [ 75.334253136534556, 18.082593528057629 ], [ 75.332363691490571, 18.082939754723547 ], [ 75.332346502835691, 18.082942832709438 ], [ 75.3304570205554, 18.083273313812146 ], [ 75.330438603776159, 18.083276453089624 ], [ 75.328549082821894, 18.083590144634641 ], [ 75.328529521636213, 18.083593300146276 ], [ 75.3266399607773, 18.083889245126549 ], [ 75.326619347188313, 18.08389237201661 ], [ 75.32472974540589, 18.084169705585733 ], [ 75.324708179485384, 18.0841727600714 ], [ 75.322818535975998, 18.084430714178925 ], [ 75.322796125499778, 18.084433654426178 ], [ 75.320906439677486, 18.084671561887639 ], [ 75.320883299603736, 18.084674348868404 ], [ 75.318993571101004, 18.084891646846412 ], [ 75.318969822888704, 18.084894245151663 ], [ 75.317080051555834, 18.085090478027642 ], [ 75.31705582232749, 18.085092856610526 ], [ 75.315166008230733, 18.085267678230391 ], [ 75.315141429790543, 18.08526981105403 ], [ 75.313251573209044, 18.085422986334819 ], [ 75.313226780934556, 18.085424852901674 ], [ 75.31133688235586, 18.085556258789815 ], [ 75.311312013987617, 18.08555784453301 ], [ 75.309422074101988, 18.08566747030876 ], [ 75.309397268460486, 18.085668766830146 ], [ 75.30750728815417, 18.085756713756719 ], [ 75.307482683817426, 18.085757718902638 ], [ 75.305592664164692, 18.085824199222344 ], [ 75.305568398141318, 18.085824916993978 ], [ 75.303678340395479, 18.085870252277356 ], [ 75.303654546828071, 18.085870692579395 ], [ 75.301764452411462, 18.085895311437614 ], [ 75.301741261343196, 18.085895489675039 ], [ 75.299851131836419, 18.085899924848992 ], [ 75.299828668069821, 18.085899861387844 ], [ 75.297938505199937, 18.085884746231592 ], [ 75.297916887271697, 18.085884465743824 ], [ 75.296026692899915, 18.085850530123277 ], [ 75.296006032189297, 18.08585006083975 ], [ 75.294115808297818, 18.085798126471119 ], [ 75.294096208279328, 18.085797499368645 ], [ 75.292205956957829, 18.08572847462435 ], [ 75.292187512602382, 18.085727722573605 ], [ 75.290297236033751, 18.085642596786506 ], [ 75.290280033355245, 18.085641753687074 ], [ 75.288389733801267, 18.085541590987063 ], [ 75.288373849540562, 18.085540690914179 ], [ 75.286483529327086, 18.085426623633641 ], [ 75.286469030760017, 18.085425700018938 ], [ 75.284578692262073, 18.085298921706151 ], [ 75.284565637115335, 18.085298006571609 ], [ 75.282675282742105, 18.085159764653831 ], [ 75.282663719197458, 18.08515888791467 ], [ 75.280773351377292, 18.085010476054133 ], [ 75.280763318145091, 18.085009664903254 ], [ 75.278872939310574, 18.084852415091749 ], [ 75.278864465752648, 18.084851693474761 ], [ 75.276974078325921, 18.084686967913459 ], [ 75.276967184609759, 18.084686356100754 ], [ 75.275076790988052, 18.084515538913507 ], [ 75.275071488256202, 18.084515053173014 ], [ 75.273181090797763, 18.084339542002319 ], [ 75.27317738133921, 18.084339194374344 ], [ 75.271286982349679, 18.08416039190973 ], [ 75.271284859763441, 18.08416019008374 ], [ 75.269393910827176, 18.083979442864624 ], [ 75.267504014367418, 18.083798291485291 ], [ 75.265615380230173, 18.083618122211924 ], [ 75.263728249982094, 18.083440292908602 ], [ 75.261842581618012, 18.083266094765314 ], [ 75.259958324983273, 18.083096771236647 ], [ 75.258075421874693, 18.082933510938158 ], [ 75.256193806169691, 18.082777440926559 ], [ 75.254313403997543, 18.082629620396268 ], [ 75.252434133956484, 18.082491034820446 ], [ 75.250555907396148, 18.082362590561836 ], [ 75.248678628774996, 18.08224510997416 ], [ 75.246802196103857, 18.082139327010939 ], [ 75.244926501472776, 18.082045883353807 ], [ 75.243051431673067, 18.081965325070406 ], [ 75.241176868905569, 18.081898099807283 ], [ 75.239302691571709, 18.081844554521542 ], [ 75.237428775135797, 18.081804933752796 ], [ 75.235554993044275, 18.081779378435517 ], [ 75.233681217689082, 18.081767925251349 ], [ 75.2318073213888, 18.081770506520474 ], [ 75.229933177373795, 18.081786950631077 ], [ 75.228058660756147, 18.081816983006092 ], [ 75.226183649456047, 18.081860227606406 ], [ 75.224308025082081, 18.081916208969293 ], [ 75.222431673737461, 18.081984354780285 ], [ 75.220554486751965, 18.082063998975286 ], [ 75.218676361327084, 18.082154385367872 ], [ 75.216797201096739, 18.082254671794331 ], [ 75.214916916598597, 18.082363934766015 ], [ 75.213035425668096, 18.082481174614706 ], [ 75.211152653759768, 18.082605321113572 ], [ 75.209268534201982, 18.082735239551695 ], [ 75.207383008408399, 18.082869737236422 ], [ 75.205496026043335, 18.083007570393992 ], [ 75.203607545168524, 18.083147451434975 ], [ 75.201717119397657, 18.083288087110351 ], [ 75.199827156846382, 18.083427945235115 ], [ 75.199824768774121, 18.083428120618429 ], [ 75.197934800679676, 18.083565865884697 ], [ 75.197930840365174, 18.083566150863732 ], [ 75.196040865264635, 18.083700405594058 ], [ 75.196035331533579, 18.083700791556222 ], [ 75.194145348023966, 18.083830178765798 ], [ 75.194138248746881, 18.083830653064929 ], [ 75.192248255494633, 18.083953804934453 ], [ 75.192239607719401, 18.083954351065028 ], [ 75.190349603468903, 18.084069917370186 ], [ 75.190339433548118, 18.084070515243724 ], [ 75.188449417129874, 18.08417717169117 ], [ 75.188437760832315, 18.084177798013066 ], [ 75.186547731170421, 18.08427425443352 ], [ 75.186534633762875, 18.084274883176512 ], [ 75.184644589881458, 18.084359891526265 ], [ 75.184630106165272, 18.084360494494536 ], [ 75.182740047194514, 18.084432856617763 ], [ 75.182724241479065, 18.084433404092405 ], [ 75.180834166660134, 18.084491979198305 ], [ 75.180817112655689, 18.084492440652397 ], [ 75.178927021345046, 18.084536152462633 ], [ 75.178908801957647, 18.084536497330795 ], [ 75.177018693630359, 18.084564340854762 ], [ 75.176999400643197, 18.084564539339027 ], [ 75.175109274895377, 18.084575587236603 ], [ 75.175089008524481, 18.084575611127601 ], [ 75.173198865074937, 18.084569019621675 ], [ 75.17317773339056, 18.08456884311201 ], [ 75.171287572081511, 18.084543857415305 ], [ 75.17126569029223, 18.084543457880219 ], [ 75.1693755110891, 18.084499417104432 ], [ 75.169353000691558, 18.08449877582445 ], [ 75.167462803682071, 18.084435117342064 ], [ 75.167439791485194, 18.084434220143009 ], [ 75.165549576877467, 18.084350483375978 ], [ 75.165526193916619, 18.084349321163199 ], [ 75.163635962036508, 18.084245150775754 ], [ 75.163612342399077, 18.084243719942926 ], [ 75.161722093686706, 18.084118868419367 ], [ 75.161698373274945, 18.084117171116283 ], [ 75.159808108280529, 18.08397150070823 ], [ 75.159784423542078, 18.083969544957117 ], [ 75.15789414292108, 18.083803028988452 ], [ 75.157870629579236, 18.083800828644261 ], [ 75.155980334086649, 18.083613552165833 ], [ 75.15595712590283, 18.083611126721923 ], [ 75.154066816387186, 18.083403286511707 ], [ 75.154044043987184, 18.083400660758574 ], [ 75.152153721383684, 18.083172564667201 ], [ 75.152131511175725, 18.083169768216845 ], [ 75.150241176499094, 18.082921833861921 ], [ 75.150219649707438, 18.082918900555537 ], [ 75.148329304044196, 18.082651653372324 ], [ 75.148308575876513, 18.082648620592281 ], [ 75.146418220376944, 18.08236269125192 ], [ 75.146398399337031, 18.082359599161091 ], [ 75.144508035206854, 18.082055720371272 ], [ 75.144489222557993, 18.082052611104071 ], [ 75.142598851049641, 18.081731613810973 ], [ 75.14258114042714, 18.081728530639747 ], [ 75.140690762831071, 18.08139133965318 ], [ 75.140674239996898, 18.081388326152503 ], [ 75.138783857632546, 18.081035955220056 ], [ 75.138768600359384, 18.081033054449161 ], [ 75.136878214566195, 18.080666600807948 ], [ 75.136864292634755, 18.080663854528574 ], [ 75.134973904763228, 18.080284492966758 ], [ 75.134961380052829, 18.080281940910588 ], [ 75.13307099145554, 18.079890917373305 ], [ 75.133059918107335, 18.079888596570061 ], [ 75.131169530130109, 18.079487221347293 ], [ 75.131159954760165, 18.079485165521131 ], [ 75.129269568733491, 18.079074806057559 ], [ 75.129261530674597, 18.079073045097029 ], [ 75.127371147905222, 18.07865511846607 ], [ 75.127364679456406, 18.078653677970266 ], [ 75.125474301219271, 18.078229643056442 ], [ 75.125469427884525, 18.07822854395851 ], [ 75.123579055414936, 18.077799893394129 ], [ 75.123575796114821, 18.077799151661821 ], [ 75.121683797843531, 18.077367029977854 ], [ 75.119793440420253, 18.076933719542282 ] ] ] } },
{ "type": "Feature", "properties": { "zone_id": "urban_1", "land_cover": "urban", "manning_n": 0.08, "provenance": "synthetic" }, "geometry": { "type": "Polygon", "coordinates": [ [ [ 75.202520903156966, 18.097979865111149 ], [ 75.202488333559842, 18.097359749578445 ], [ 75.202392362957809, 18.096745672918605 ], [ 75.202233916238711, 18.096143548927291 ], [ 75.20201451991781, 18.095559176233049 ], [ 75.201736287413965, 18.094998182459278 ], [ 75.201401898676593, 18.094465970035085 ], [ 75.201014574360315, 18.0939676641764 ], [ 75.200578044796359, 18.093508063538149 ], [ 75.20009651406032, 18.093091594012233 ], [ 75.199574619482476, 18.092722266115807 ], [ 75.199017386990548, 18.092403636379746 ], [ 75.198430182715086, 18.092138773108857 ], [ 75.197818661323112, 18.091930226842869 ], [ 75.197188711577127, 18.091780005802505 ], [ 75.196546399643182, 18.091689556556677 ], [ 75.19589791069329, 18.091659750096657 ], [ 75.195249489363405, 18.091690873451199 ], [ 75.194607379639947, 18.091782626923219 ], [ 75.193977764752205, 18.091934126974579 ], [ 75.19336670764902, 18.092143914731274 ], [ 75.192780092631835, 18.09240997002729 ], [ 75.192223568705387, 18.092729730852017 ], [ 75.191702495190668, 18.093100118014338 ], [ 75.191221890123643, 18.093517564786158 ], [ 75.190786381936064, 18.093978051240292 ], [ 75.1904001648833, 18.094477142952588 ], [ 75.190066958648572, 18.09501003369579 ], [ 75.189789972512642, 18.095571591714723 ], [ 75.189571874434364, 18.096156409137333 ], [ 75.189414765340075, 18.096758854046261 ], [ 75.189320158870629, 18.097373124709886 ], [ 75.189288966781305, 18.097993305450661 ], [ 75.189321490136365, 18.098613423613021 ], [ 75.189417416383989, 18.099227507082436 ], [ 75.189575822340871, 18.099829641801584 ], [ 75.189795183058251, 18.100414028729627 ], [ 75.190073386485423, 18.100975039696181 ], [ 75.19040775379041, 18.101507271611432 ], [ 75.190795065142225, 18.102005598510424 ], [ 75.191231590707872, 18.102465220929648 ], [ 75.191713126565375, 18.102881712140189 ], [ 75.19223503518765, 18.103251060791571 ], [ 75.192792290107278, 18.103569709555273 ], [ 75.193379524331817, 18.103834589395312 ], [ 75.193991082043283, 18.104043149135208 ], [ 75.194621073083496, 18.104193380036424 ], [ 75.195263429699452, 18.104283835151129 ], [ 75.195911965002054, 18.104313643262486 ], [ 75.196560432573975, 18.104282517278296 ], [ 75.197202586651841, 18.104190756996697 ], [ 75.1978322423018, 18.104039246217511 ], [ 75.198443335008548, 18.103829444227014 ], [ 75.199029979102392, 18.103563371738215 ], [ 75.199586524461196, 18.103243591422423 ], [ 75.200107610940378, 18.102873183219803 ], [ 75.200588220005756, 18.102455714667013 ], [ 75.201023723071842, 18.101995206528244 ], [ 75.201409926080188, 18.101496094061005 ], [ 75.201743109887204, 18.100963184290144 ], [ 75.202020066074056, 18.100401609702057 ], [ 75.202238127832828, 18.099816778805558 ], [ 75.202395195632903, 18.09921432403576 ], [ 75.202489757420324, 18.098600047503254 ], [ 75.202520903156966, 18.097979865111149 ] ] ] } },
{ "type": "Feature", "properties": { "zone_id": "urban_2", "land_cover": "urban", "manning_n": 0.08, "provenance": "synthetic" }, "geometry": { "type": "Polygon", "coordinates": [ [ [ 75.278087026560897, 18.069518317750823 ], [ 75.278054198244703, 18.0688982162524 ], [ 75.277957982050225, 18.068284178313444 ], [ 75.277799305228427, 18.067682117354245 ], [ 75.277579696507999, 18.067097831394161 ], [ 75.277301271350353, 18.066536947219539 ], [ 75.27696671155708, 18.066004866202661 ], [ 75.276579239426823, 18.065506712293121 ], [ 75.276142586710961, 18.065047282682233 ], [ 75.275660958667885, 18.064631001615062 ], [ 75.275138993562024, 18.064261877794607 ], [ 75.274581717997677, 18.063943465787712 ], [ 75.273994498518036, 18.063678831804072 ], [ 75.273382989934902, 18.063470524177415 ], [ 75.272753080886417, 18.063320548832671 ], [ 75.272110837146329, 18.063230349975242 ], [ 75.271462443230178, 18.063200796187783 ], [ 75.270814142859678, 18.06323217206846 ], [ 75.270172178857806, 18.063324175490866 ], [ 75.269542733052603, 18.063475920512161 ], [ 75.268931866767176, 18.063685945901302 ], [ 75.268345462468218, 18.063952229205515 ], [ 75.267789167134296, 18.064272206219652 ], [ 75.267268337888311, 18.064642795671396 ], [ 75.266787990417143, 18.065060428884749 ], [ 75.266352750674969, 18.065521084136762 ], [ 75.265966810334902, 18.066020325376819 ], [ 75.265633886417888, 18.066553344936349 ], [ 75.265357185488, 18.067115009817829 ], [ 75.265139372758995, 18.06769991111792 ], [ 75.264982546410181, 18.068302416109024 ], [ 75.264888217359783, 18.068916722478257 ], [ 75.264857294691112, 18.069536914201393 ], [ 75.264890076872788, 18.070157018514372 ], [ 75.264986248858861, 18.070771063433362 ], [ 75.2651448850973, 18.071373135269834 ], [ 75.265364458418972, 18.071957435586448 ], [ 75.265642854722842, 18.0725183370451 ], [ 75.265977393316149, 18.073050437609325 ], [ 75.266364852714972, 18.073548612578321 ], [ 75.26680150165717, 18.074008063951482 ], [ 75.267283135029359, 18.07442436664742 ], [ 75.267805114362375, 18.074793511131958 ], [ 75.268362412505098, 18.075111942044153 ], [ 75.268949662046722, 18.075376592447768 ], [ 75.269561207020146, 18.075584913378091 ], [ 75.27019115738878, 18.075734898398913 ], [ 75.270833445790984, 18.075825102933003 ], [ 75.271481885994845, 18.075854658179551 ], [ 75.272130232499876, 18.075823279484329 ], [ 75.272772240710154, 18.075731269081881 ], [ 75.273401727098701, 18.07557951318331 ], [ 75.27401262878287, 18.075369473437647 ], [ 75.274599061935604, 18.075103172849403 ], [ 75.275155378469492, 18.074783176287923 ], [ 75.27567622044694, 18.074412565776722 ], [ 75.276156571691757, 18.073994910801098 ], [ 75.27659180610479, 18.073534233920316 ], [ 75.27697773221773, 18.07303497201617 ], [ 75.277310633556354, 18.072501933551351 ], [ 75.277587304424273, 18.071940252249888 ], [ 75.277805080762988, 18.071355337646139 ], [ 75.277961865791639, 18.07075282297895 ], [ 75.278056150179921, 18.070138510933056 ], [ 75.278087026560897, 18.069518317750823 ] ] ] } },
{ "type": "Feature", "properties": { "zone_id": "urban_3", "land_cover": "urban", "manning_n": 0.08, "provenance": "synthetic" }, "geometry": { "type": "Polygon", "coordinates": [ [ [ 75.363172079098135, 18.08746593017996 ], [ 75.363138947820062, 18.086845849104702 ], [ 75.363042425651216, 18.086231859569398 ], [ 75.362883442788899, 18.085629874525154 ], [ 75.362663530908208, 18.085045691257353 ], [ 75.362384808388455, 18.084484935560805 ], [ 75.362049959892772, 18.083953007568248 ], [ 75.361662210497371, 18.083455029753864 ], [ 75.361225294620681, 18.082995797611872 ], [ 75.360743420052103, 18.082579733484977 ], [ 75.360221227426578, 18.082210843986925 ], [ 75.359663745535954, 18.081892681428471 ], [ 75.359076342907059, 18.081628309618171 ], [ 75.358464676112192, 18.081420274366568 ], [ 75.357834635310439, 18.081270578977659 ], [ 75.35719228754202, 18.081180664963281 ], [ 75.356543818322606, 18.081151398165741 ], [ 75.355895472097984, 18.081183060422351 ], [ 75.355253492132391, 18.081275346851861 ], [ 75.354624060407843, 18.08142736878893 ], [ 75.354013238112856, 18.081637662338544 ], [ 75.353426907292118, 18.081904202467953 ], [ 75.352870714218867, 18.082224422500865 ], [ 75.352350015033878, 18.082595238826265 ], [ 75.351869824174642, 18.083013080584465 ], [ 75.351434766090549, 18.083473924044696 ], [ 75.351049030708793, 18.083973331343863 ], [ 75.350716333080086, 18.084506493213517 ], [ 75.350439877592677, 18.085068275284463 ], [ 75.350222327099786, 18.08565326752306 ], [ 75.350065777258095, 18.086255836323765 ], [ 75.34997173632523, 18.08687017875657 ], [ 75.349941110611496, 18.087490378447132 ], [ 75.349974195726844, 18.088110462551604 ], [ 75.350070673708245, 18.088724459277699 ], [ 75.350229616056481, 18.089326455397966 ], [ 75.350449492653453, 18.089910653201386 ], [ 75.350728186475735, 18.090471426334556 ], [ 75.351063013963028, 18.091003373994639 ], [ 75.351450750846496, 18.091501372951665 ], [ 75.351887663188478, 18.091960626898899 ], [ 75.352369543335456, 18.092376712655678 ], [ 75.352891750438104, 18.092745622777041 ], [ 75.353449255148206, 18.093063804159673 ], [ 75.354036688062052, 18.093328192271628 ], [ 75.354648391443405, 18.093536240675888 ], [ 75.355278473727267, 18.093685945563017 ], [ 75.355920866279263, 18.093775865056166 ], [ 75.356569381862712, 18.093805133102482 ], [ 75.357217774250074, 18.093773467816654 ], [ 75.35785979840314, 18.093681174196359 ], [ 75.358489270641741, 18.093529141183261 ], [ 75.359100128220462, 18.093318833098039 ], [ 75.359686487738657, 18.093052275532006 ], [ 75.360242701820283, 18.092732035831553 ], [ 75.360763413517262, 18.092361198363513 ], [ 75.361243607911163, 18.091943334800082 ], [ 75.361678660416857, 18.091482469709955 ], [ 75.362064381321503, 18.090983041787499 ], [ 75.362397056130717, 18.09044986109366 ], [ 75.362673481333218, 18.089888062721055 ], [ 75.362890995239582, 18.089303057329801 ], [ 75.363047503599162, 18.08870047903088 ], [ 75.363141499748437, 18.088086131119287 ], [ 75.363172079098135, 18.08746593017996 ] ] ] } },
{ "type": "Feature", "properties": { "zone_id": "urban_4", "land_cover": "urban", "manning_n": 0.08, "provenance": "synthetic" }, "geometry": { "type": "Polygon", "coordinates": [ [ [ 75.448144689190315, 18.054541792554431 ], [ 75.448111268691434, 18.053921729812011 ], [ 75.448014472641987, 18.053307786225233 ], [ 75.44785523387452, 18.05270587429996 ], [ 75.447635086525636, 18.052121790614965 ], [ 75.447356151238992, 18.051561160004081 ], [ 75.447021114723185, 18.051029381393949 ], [ 75.446633203861325, 18.050531575819203 ], [ 75.446196154623138, 18.050072537115014 ], [ 75.445714176078681, 18.049656685761523 ], [ 75.445191909860895, 18.049288026324259 ], [ 75.444634385467438, 18.048970108899887 ], [ 75.444046971832009, 18.048705994938171 ], [ 75.443435325631256, 18.048498227768878 ], [ 75.442805336824662, 18.048348808116998 ], [ 75.442163071951441, 18.048259174841842 ], [ 75.441514715729241, 18.048230191085192 ], [ 75.440866511516759, 18.048262135961625 ], [ 75.440224701212358, 18.048354701871098 ], [ 75.439595465166548, 18.048506997459477 ], [ 75.438984862686283, 18.048717556198742 ], [ 75.438398773702687, 18.048984350504195 ], [ 75.437842842163562, 18.049304811253144 ], [ 75.437322421694773, 18.04967585251724 ], [ 75.436842524053432, 18.050093901270785 ], [ 75.436407770868669, 18.05055493178924 ], [ 75.436022349134703, 18.051054504407041 ], [ 75.435689970884582, 18.051587808262198 ], [ 75.435413837433202, 18.052149707616099 ], [ 75.435196608534142, 18.052734791303166 ], [ 75.435040376748077, 18.053337424834382 ], [ 75.43494664727001, 18.053951804653359 ], [ 75.434916323410334, 18.054572014022568 ], [ 75.434949697870849, 18.055192080001859 ], [ 75.435046449900298, 18.055806030970505 ], [ 75.435205648357694, 18.056407954138969 ], [ 75.435425760655633, 18.05699205249638 ], [ 75.435704667497362, 18.057552700645097 ], [ 75.436039683267438, 18.058084498984488 ], [ 75.436427581879968, 18.058582325721733 ], [ 75.436864627836002, 18.059041386208396 ], [ 75.437346612191618, 18.059457259127264 ], [ 75.437868893090553, 18.059825939084043 ], [ 75.438426440470877, 18.060143875193521 ], [ 75.439013884515646, 18.060408005287876 ], [ 75.439625567379537, 18.06061578541739 ], [ 75.440255597694119, 18.060765214359005 ], [ 75.440897907325038, 18.060854852896384 ], [ 75.441546309834663, 18.060883837685562 ], [ 75.442194560085468, 18.060851889572263 ], [ 75.442836414409911, 18.060759316280933 ], [ 75.443465690765748, 18.060607009449363 ], [ 75.444076328296987, 18.060396436037667 ], [ 75.444662445725513, 18.060129624194388 ], [ 75.445218398010368, 18.059809143716191 ], [ 75.445738830728445, 18.059438081289588 ], [ 75.446218731651939, 18.059020010753557 ], [ 75.446653479025557, 18.058558958669749 ], [ 75.447038886078388, 18.058059365532419 ], [ 75.4473712413416, 18.057526042992162 ], [ 75.447647344383668, 18.056964127505605 ], [ 75.447864536619605, 18.056379030858331 ], [ 75.448020726897667, 18.055776388037398 ], [ 75.44811441161805, 18.055162002956173 ], [ 75.448144689190315, 18.054541792554431 ] ] ] } },
{ "type": "Feature", "properties": { "zone_id": "urban_5", "land_cover": "urban", "manning_n": 0.08, "provenance": "synthetic" }, "geometry": { "type": "Polygon", "coordinates": [ [ [ 75.533257299202461, 18.078775695299019 ], [ 75.533223573597056, 18.078155656182769 ], [ 75.533126467471035, 18.077541764270631 ], [ 75.532966916643176, 18.07693993156774 ], [ 75.532746458254508, 18.076355953887013 ], [ 75.532467215942887, 18.075795455038723 ], [ 75.532131879371477, 18.075263832678299 ], [ 75.531743678310534, 18.074766206333791 ], [ 75.531306351521422, 18.074307368112976 ], [ 75.530824110743779, 18.073891736564498 ], [ 75.530301600132375, 18.073523314136924 ], [ 75.529743851534846, 18.073205648644858 ], [ 75.52915623604045, 18.072941799112908 ], [ 75.528544412266484, 18.072734306325852 ], [ 75.527914271879553, 18.072585168368327 ], [ 75.527271882876093, 18.072495821389314 ], [ 75.526623431167209, 18.072467125776182 ], [ 75.52597516102982, 18.072499357871585 ], [ 75.525333314996487, 18.072592207312475 ], [ 75.524704073761939, 18.072744780017267 ], [ 75.52409349668379, 18.072955606792025 ], [ 75.523507463450031, 18.073222657473398 ], [ 75.522951617473623, 18.073543360471923 ], [ 75.522431311559103, 18.073914627528101 ], [ 75.521951556363391, 18.07433288344302 ], [ 75.521516972147268, 18.074794100497787 ], [ 75.521131744281263, 18.075293837230536 ], [ 75.520799582935069, 18.075827281198272 ], [ 75.520523687338255, 18.076389295311934 ], [ 75.520306714957158, 18.076974467299131 ], [ 75.520150755885027, 18.077577161818361 ], [ 75.520057312693069, 18.078191574723391 ], [ 75.520027285936578, 18.078811788955218 ], [ 75.520060965457475, 18.079431831523845 ], [ 75.52015802756722, 18.080045731030907 ], [ 75.520317538138599, 18.080647575179391 ], [ 75.520537961577546, 18.081231567716536 ], [ 75.520817175589386, 18.081792084261142 ], [ 75.521152491598428, 18.082323726477721 ], [ 75.521540680624639, 18.082821374075174 ], [ 75.521978004369132, 18.083280234128971 ], [ 75.522460251209338, 18.083695887251434 ], [ 75.522982776757445, 18.084064330164946 ], [ 75.523540548591825, 18.084382014267597 ], [ 75.524128194730238, 18.084645879819625 ], [ 75.524740055377748, 18.084853385420605 ], [ 75.52537023745073, 18.085002532493437 ], [ 75.526012671350756, 18.08509188453888 ], [ 75.526661169441411, 18.085120580974849 ], [ 75.527309485663324, 18.085088345427067 ], [ 75.527951375712917, 18.084995488391247 ], [ 75.528580657203989, 18.084842904240872 ], [ 75.529191269231816, 18.084632062609696 ], [ 75.529777330765398, 18.084364994232008 ], [ 75.530333197304159, 18.084044271377319 ], [ 75.530853515253398, 18.083672983068201 ], [ 75.531333273493701, 18.083254705320297 ], [ 75.531767851647288, 18.082793466691548 ], [ 75.532153064576576, 18.082293709472861 ], [ 75.532485202685933, 18.081760246894532 ], [ 75.532761067638731, 18.081198216760793 ], [ 75.532978003146297, 18.080613031959683 ], [ 75.53313392053235, 18.08001032832513 ], [ 75.533227318827741, 18.079395910353682 ], [ 75.533257299202461, 18.078775695299019 ] ] ] } }
]
}
