{"type": "FeatureCollection", "features": [{"type": "Feature", "properties": {"time_min": 30, "depth_min_m": 0.05, "depth_max_m": 1.0, "depth_class": "0.05\u20131.0 m", "class_area_km2": 0.3122653147306347, "flooded_area_km2": 2.9222979453693503, "frame_max_depth_m": 132.33808102972478, "class_mean_depth_m": 0.5197092183706848, "scenario_id": "baseline", "model_type": "Automated approximate 2D flood-routing prototype", "validated_hydraulic_output": false}, "geometry": {"type": "Polygon", "coordinates": [[[75.1305608698, 18.091949301099998], [75.1305608698, 18.091671523099997], [75.13083864779999, 18.091671523099997], [75.13083864779999, 18.091949301099998], [75.1305608698, 18.091949301099998]]]}}, {"type": "Feature", "properties": {"time_min": 30, "depth_min_m": 0.05, "depth_max_m": 1.0, "depth_class": "0.05\u20131.0 m", "class_area_km2": 0.3122653147306347, "flooded_area_km2": 2.9222979453693503, "frame_max_depth_m": 132.33808102972478, "class_mean_depth_m": 0.5197092183706848, "scenario_id": "baseline", "model_type": "Automated approximate 2D flood-routing prototype", "validated_hydraulic_output": false}, "geometry": {"type": "Polygon", "coordinates": [[[75.13111642579999, 18.090838189099998], [75.13111642579999, 18.090560411099997], [75.13083864779999, 18.090560411099997], [75.13083864779999, 18.0900048551], [75.13111642579999, 18.0900048551], [75.13111642579999, 18.0902826331], [75.1313942038, 18.0902826331], [75.1313942038, 18.090838189099998], [75.13111642579999, 18.090838189099998]]]}}, {"type": "Feature", "properties": {"time_min": 30, "depth_min_m": 0.05, "depth_max_m": 1.0, "depth_class": "0.05\u20131.0 m", "class_area_km2": 0.3122653147306347, "flooded_area_km2": 2.9222979453693503, "frame_max_depth_m": 132.33808102972478, "class_mean_depth_m": 0.5197092183706848, "scenario_id": "baseline", "model_type": "Automated approximate 2D flood-routing prototype", "validated_hydraulic_output": false}, "geometry": {"type": "Polygon", "coordinates": [[[75.1313942038, 18.0900048551], [75.1313942038, 18.089727077099997], [75.1316719818, 18.089727077099997], [75.1316719818, 18.0900048551], [75.1313942038, 18.0900048551]]]}}, {"type": "Feature", "properties": {"time_min": 30, "depth_min_m": 0.05, "depth_max_m": 1.0, "depth_class": "0.05\u20131.0 m", "class_area_km2": 0.3122653147306347, "flooded_area_km2": 2.9222979453693503, "frame_max_depth_m": 132.33808102972478, "class_mean_depth_m": 0.5197092183706848, "scenario_id": "baseline", "model_type": "Automated approximate 2D flood-routing prototype", "validated_hydraulic_output": false}, "geometry": {"type": "Polygon", "coordinates": [[[75.1319497598, 18.089449299099996], [75.1319497598, 18.0891715211], [75.13222753779999, 18.0891715211], [75.13222753779999, 18.089449299099996], [75.1319497598, 18.089449299099996]]]}}, {"type": "Feature", "properties": {"time_min": 30, "depth_min_m": 0.05, "depth_max_m": 1.0, "depth_class": "0.05\u20131.0 m", "class_area_km2": 0.3122653147306347, "flooded_area_km2": 2.9222979453693503, "frame_max_depth_m": 132.33808102972478, "class_mean_depth_m": 0.5197092183706848, "scenario_id": "baseline", "model_type": "Automated approximate 2D flood-routing prototype", "validated_hydraulic_output": false}, "geometry": {"type": "Polygon", "coordinates": [[[75.1316719818, 18.0891715211], [75.1316719818, 18.088893743099998], [75.1319497598, 18.088893743099998], [75.1319497598, 18.0891715211], [75.1316719818, 18.0891715211]]]}}, {"type": "Feature", "properties": {"time_min": 30, "depth_min_m": 0.05, "depth_max_m": 1.0, "depth_class": "0.05\u20131.0 m", "class_area_km2": 0.3122653147306347, "flooded_area_km2": 2.9222979453693503, "frame_max_depth_m": 132.33808102972478, "class_mean_depth_m": 0.5197092183706848, "scenario_id": "baseline", "model_type": "Automated approximate 2D flood-routing prototype", "validated_hydraulic_output": false}, "geometry": {"type": "Polygon", "coordinates": [[[75.13222753779999, 18.088893743099998], [75.13222753779999, 18.088615965099997], [75.13250531579999, 18.088615965099997], [75.13250531579999, 18.088893743099998], [75.13222753779999, 18.088893743099998]]]}}, {"type": "Feature", "properties": {"time_min": 30, "depth_min_m": 0.05, "depth_max_m": 1.0, "depth_class": "0.05\u20131.0 m", "class_area_km2": 0.3122653147306347, "flooded_area_km2": 2.9222979453693503, "frame_max_depth_m": 132.33808102972478, "class_mean_depth_m": 0.5197092183706848, "scenario_id": "baseline", "model_type": "Automated approximate 2D flood-routing prototype", "validated_hydraulic_output": false}, "geometry": {"type": "Polygon", "coordinates": [[[75.13250531579999, 18.088338187099996], [75.13250531579999, 18.0880604091], [75.1327830938, 18.0880604091], [75.1327830938, 18.088338187099996], [75.13250531579999, 18.088338187099996]]]}}, {"type": "Feature", "properties": {"time_min": 30, "depth_min_m": 0.05, "depth_max_m": 1.0, "depth_class": "0.05\u20131.0 m", "class_area_km2": 0.3122653147306347, "flooded_area_km2": 2.9222979453693503, "frame_max_depth_m": 132.33808102972478, "class_mean_depth_m": 0.5197092183706848, "scenario_id": "baseline", "model_type": "Automated approximate 2D flood-routing prototype", "validated_hydraulic_output": false}, "geometry": {"type": "Polygon", "coordinates": [[[75.13250531579999, 18.087782631099998], [75.13250531579999, 18.087504853099997], [75.1327830938, 18.087504853099997], [75.1327830938, 18.087782631099998], [75.13250531579999, 18.087782631099998]]]}}, {"type": "Feature", "properties": {"time_min": 30, "depth_min_m": 0.05, "depth_max_m": 1.0, "depth_class": "0.05\u20131.0 m", "class_area_km2": 0.3122653147306347, "flooded_area_km2": 2.9222979453693503, "frame_max_depth_m": 132.33808102972478, "class_mean_depth_m": 0.5197092183706848, "scenario_id": "baseline", "model_type": "Automated approximate 2D flood-routing prototype", "validated_hydraulic_output": false}, "geometry": {"type": "Polygon", "coordinates": [[[75.1330608718, 18.087504853099997], [75.1330608718, 18.0872270751], [75.1333386498, 18.0872270751], [75.1333386498, 18.0869492971], [75.13361642779999, 18.0869492971], [75.13361642779999, 18.0872270751], [75.13389420579999, 18.0872270751], [75.13389420579999, 18.087504853099997], [75.1330608718, 18.087504853099997]]]}}, {"type": "Feature", "properties": {"time_min": 30, "depth_min_m": 0.05, "depth_max_m": 1.0, "depth_class": "0.05\u20131.0 m", "class_area_km2": 0.3122653147306347, "flooded_area_km2": 2.9222979453693503, "frame_max_depth_m": 132.33808102972478, "class_mean_depth_m": 0.5197092183706848, "scenario_id": "baseline", "model_type": "Automated approximate 2D flood-routing prototype", "validated_hydraulic_output": false}, "geometry": {"type": "Polygon", "coordinates": [[[75.13222753779999, 18.0872270751], [75.13222753779999, 18.0869492971], [75.13250531579999, 18.0869492971], [75.13250531579999, 18.0872270751], [75.13222753779999, 18.0872270751]]]}}, {"type": "Feature", "properties": {"time_min": 30, "depth_min_m": 0.05, "depth_max_m": 1.0, "depth_class": "0.05\u20131.0 m", "class_area_km2": 0.3122653147306347, "flooded_area_km2": 2.9222979453693503, "frame_max_depth_m": 132.33808102972478, "class_mean_depth_m": 0.5197092183706848, "scenario_id": "baseline", "model_type": "Automated approximate 2D flood-routing prototype", "validated_hydraulic_output": false}, "geometry": {"type": "Polygon", "coordinates": [[[75.1347275398, 18.085282629099996], [75.1347275398, 18.0850048511], [75.1350053178, 18.0850048511], [75.1350053178, 18.085282629099996], [75.1347275398, 18.085282629099996]]]}}, {"type": "Feature", "properties": {"time_min": 30, "depth_min_m": 0.05, "depth_max_m": 1.0, "depth_class": "0.05\u20131.0 m", "class_area_km2": 0.3122653147306347, "flooded_area_km2": 2.9222979453693503, "frame_max_depth_m": 132.33808102972478, "class_mean_depth_m": 0.5197092183706848, "scenario_id": "baseline", "model_type": "Automated approximate 2D flood-routing prototype", "validated_hydraulic_output": false}, "geometry": {"type": "Polygon", "coordinates": [[[75.1350053178, 18.084727073099998], [75.1350053178, 18.084449295099997], [75.13528309579999, 18.084449295099997], [75.13528309579999, 18.084727073099998], [75.1350053178, 18.084727073099998]]]}}, {"type": "Feature", "properties": {"time_min": 30, "depth_min_m": 0.05, "depth_max_m": 1.0, "depth_class": "0.05\u20131.0 m", "class_area_km2": 0.3122653147306347, "flooded_area_km2": 2.9222979453693503, "frame_max_depth_m": 132.33808102972478, "class_mean_depth_m": 0.5197092183706848, "scenario_id": "baseline", "model_type": "Automated approximate 2D flood-routing prototype", "validated_hydraulic_output": false}, "geometry": {"type": "Polygon", "coordinates": [[[75.13417198379999, 18.084449295099997], [75.13417198379999, 18.0841715171], [75.1344497618, 18.0841715171], [75.1344497618, 18.084449295099997], [75.13417198379999, 18.084449295099997]]]}}, {"type": "Feature", "properties": {"time_min": 30, "depth_min_m": 0.05, "depth_max_m": 1.0, "depth_class": "0.05\u20131.0 m", "class_area_km2": 0.3122653147306347, "flooded_area_km2": 2.9222979453693503, "frame_max_depth_m": 132.33808102972478, "class_mean_depth_m": 0.5197092183706848, "scenario_id": "baseline", "model_type": "Automated approximate 2D flood-routing prototype", "validated_hydraulic_output": false}, "geometry": {"type": "Polygon", "coordinates": [[[75.1350053178, 18.0830604051], [75.1350053178, 18.0827826271], [75.13528309579999, 18.0827826271], [75.13528309579999, 18.0830604051], [75.1350053178, 18.0830604051]]]}}, {"type": "Feature", "properties": {"time_min": 30, "depth_min_m": 0.05, "depth_max_m": 1.0, "depth_class": "0.05\u20131.0 m", "class_area_km2": 0.3122653147306347, "flooded_area_km2": 2.9222979453693503, "frame_max_depth_m": 132.33808102972478, "class_mean_depth_m": 0.5197092183706848, "scenario_id": "baseline", "model_type": "Automated approximate 2D flood-routing prototype", "validated_hydraulic_output": false}, "geometry": {"type": "Polygon", "coordinates": [[[75.1358386518, 18.0830604051], [75.1358386518, 18.082504849099998], [75.1361164298, 18.082504849099998], [75.1361164298, 18.0827826271], [75.1363942078, 18.0827826271], [75.1363942078, 18.0830604051], [75.1358386518, 18.0830604051]]]}}, {"type": "Feature", "properties": {"time_min": 30, "depth_min_m": 0.05, "depth_max_m": 1.0, "depth_class": "0.05\u20131.0 m", "class_area_km2": 0.3122653147306347, "flooded_area_km2": 2.9222979453693503, "frame_max_depth_m": 132.33808102972478, "class_mean_depth_m": 0.5197092183706848, "scenario_id": "baseline", "model_type": "Automated approximate 2D flood-routing prototype", "validated_hydraulic_output": false}, "geometry": {"type": "Polygon", "coordinates": [[[75.13528309579999, 18.082227071099997], [75.13528309579999, 18.0819492931], [75.13556087379999, 18.0819492931], [75.13556087379999, 18.082227071099997], [75.13528309579999, 18.082227071099997]]]}}, {"type": "Feature", "properties": {"time_min": 30, "depth_min_m": 0.05, "depth_max_m": 1.0, "depth_class": "0.05\u20131.0 m", "class_area_km2": 0.3122653147306347, "flooded_area_km2": 2.9222979453693503, "frame_max_depth_m": 132.33808102972478, "class_mean_depth_m": 0.5197092183706848, "scenario_id": "baseline", "model_type": "Automated approximate 2D flood-routing prototype", "validated_hydraulic_output": false}, "geometry": {"type": "Polygon", "coordinates": [[[75.11250529979999, 18.079171513099997], [75.11250529979999, 18.0788937351], [75.1122275218, 18.0788937351], [75.1122275218, 18.078338179099998], [75.11278307779999, 18.078338179099998], [75.11278307779999, 18.079171513099997], [75.11250529979999, 18.079171513099997]]]}}, {"type": "Feature", "properties": {"time_min": 30, "depth_min_m": 0.05, "depth_max_m": 1.0, "depth_class": "0.05\u20131.0 m", "class_area_km2": 0.3122653147306347, "flooded_area_km2": 2.9222979453693503, "frame_max_depth_m": 132.33808102972478, "class_mean_depth_m": 0.5197092183706848, "scenario_id": "baseline", "model_type": "Automated approximate 2D flood-routing prototype", "validated_hydraulic_output": false}, "geometry": {"type": "Polygon", "coordinates": [[[75.1122275218, 18.078060401099997], [75.1122275218, 18.077504845099998], [75.1130608558, 18.077504845099998], [75.1130608558, 18.0777826231], [75.1152830798, 18.0777826231], [75.1152830798, 18.077504845099998], [75.11583863579999, 18.077504845099998], [75.11583863579999, 18.0777826231], [75.11556085779999, 18.0777826231], [75.11556085779999, 18.078060401099997], [75.1122275218, 18.078060401099997]]]}}, {"type": "Feature", "properties": {"time_min": 30, "depth_min_m": 0.05, "depth_max_m": 1.0, "depth_class": "0.05\u20131.0 m", "class_area_km2": 0.3122653147306347, "flooded_area_km2": 2.9222979453693503, "frame_max_depth_m": 132.33808102972478, "class_mean_depth_m": 0.5197092183706848, "scenario_id": "baseline", "model_type": "Automated approximate 2D flood-routing prototype", "validated_hydraulic_output": false}, "geometry": {"type": "Polygon", "coordinates": [[[75.11139418779999, 18.0777826231], [75.11139418779999, 18.077504845099998], [75.1119497438, 18.077504845099998], [75.1119497438, 18.0777826231], [75.11139418779999, 18.0777826231]]]}}, {"type": "Feature", "properties": {"time_min": 30, "depth_min_m": 0.05, "depth_max_m": 1.0, "depth_class": "0.05\u20131.0 m", "class_area_km2": 0.3122653147306347, "flooded_area_km2": 2.9222979453693503, "frame_max_depth_m": 132.33808102972478, "class_mean_depth_m": 0.5197092183706848, "scenario_id": "baseline", "model_type": "Automated approximate 2D flood-routing prototype", "validated_hydraulic_output": false}, "geometry": {"type": "Polygon", "coordinates": [[[75.1161164138, 18.0777826231], [75.1161164138, 18.077504845099998], [75.1163941918, 18.077504845099998], [75.1163941918, 18.077227067099997], [75.1166719698, 18.077227067099997], [75.1166719698, 18.0777826231], [75.1161164138, 18.0777826231]]]}}, {"type": "Feature", "properties": {"time_min": 30, "depth_min_m": 0.05, "depth_max_m": 1.0, "depth_class": "0.05\u20131.0 m", "class_area_km2": 0.3122653147306347, "flooded_area_km2": 2.9222979453693503, "frame_max_depth_m": 132.33808102972478, "class_mean_depth_m": 0.5197092183706848, "scenario_id": "baseline", "model_type": "Automated approximate 2D flood-routing prototype", "validated_hydraulic_output": false}, "geometry": {"type": "Polygon", "coordinates": [[[75.1105608538, 18.077227067099997], [75.1105608538, 18.076949289099996], [75.1108386318, 18.076949289099996], [75.1108386318, 18.077227067099997], [75.1105608538, 18.077227067099997]]]}}, {"type": "Feature", "properties": {"time_min": 30, "depth_min_m": 0.05, "depth_max_m": 1.0, "depth_class": "0.05\u20131.0 m", "class_area_km2": 0.3122653147306347, "flooded_area_km2": 2.9222979453693503, "frame_max_depth_m": 132.33808102972478, "class_mean_depth_m": 0.5197092183706848, "scenario_id": "baseline", "model_type": "Automated approximate 2D flood-routing prototype", "validated_hydraulic_output": false}, "geometry": {"type": "Polygon", "coordinates": [[[75.1166719698, 18.077227067099997], [75.1166719698, 18.076949289099996], [75.1175053038, 18.076949289099996], [75.1175053038, 18.077227067099997], [75.1166719698, 18.077227067099997]]]}}, {"type": "Feature", "properties": {"time_min": 30, "depth_min_m": 0.05, "depth_max_m": 1.0, "depth_class": "0.05\u20131.0 m", "class_area_km2": 0.3122653147306347, "flooded_area_km2": 2.9222979453693503, "frame_max_depth_m": 132.33808102972478, "class_mean_depth_m": 0.5197092183706848, "scenario_id": "baseline", "model_type": "Automated approximate 2D flood-routing prototype", "validated_hydraulic_output": false}, "geometry": {"type": "Polygon", "coordinates": [[[75.1100052978, 18.076949289099996], [75.1100052978, 18.0766715111], [75.1102830758, 18.0766715111], [75.1102830758, 18.076949289099996], [75.1100052978, 18.076949289099996]]]}}, {"type": "Feature", "properties": {"time_min": 30, "depth_min_m": 0.05, "depth_max_m": 1.0, "depth_class": "0.05\u20131.0 m", "class_area_km2": 0.3122653147306347, "flooded_area_km2": 2.9222979453693503, "frame_max_depth_m": 132.33808102972478, "class_mean_depth_m": 0.5197092183706848, "scenario_id": "baseline", "model_type": "Automated approximate 2D flood-routing prototype", "validated_hydraulic_output": false}, "geometry": {"type": "Polygon", "coordinates": [[[75.1177830818, 18.076949289099996], [75.1177830818, 18.0766715111], [75.1191719718, 18.0766715111], [75.1191719718, 18.076949289099996], [75.1177830818, 18.076949289099996]]]}}, {"type": "Feature", "properties": {"time_min": 30, "depth_min_m": 0.05, "depth_max_m": 1.0, "depth_class": "0.05\u20131.0 m", "class_area_km2": 0.3122653147306347, "flooded_area_km2": 2.9222979453693503, "frame_max_depth_m": 132.33808102972478, "class_mean_depth_m": 0.5197092183706848, "scenario_id": "baseline", "model_type": "Automated approximate 2D flood-routing prototype", "validated_hydraulic_output": false}, "geometry": {"type": "Polygon", "coordinates": [[[75.1091719638, 18.0766715111], [75.1091719638, 18.076393733099998], [75.10972751979999, 18.076393733099998], [75.10972751979999, 18.0766715111], [75.1091719638, 18.0766715111]]]}}, {"type": "Feature", "properties": {"time_min": 30, "depth_min_m": 0.05, "depth_max_m": 1.0, "depth_class": "0.05\u20131.0 m", "class_area_km2": 0.3122653147306347, "flooded_area_km2": 2.9222979453693503, "frame_max_depth_m": 132.33808102972478, "class_mean_depth_m": 0.5197092183706848, "scenario_id": "baseline", "model_type": "Automated approximate 2D flood-routing prototype", "validated_hydraulic_output": false}, "geometry": {"type": "Polygon", "coordinates": [[[75.1194497498, 18.076949289099996], [75.1194497498, 18.0766715111], [75.1197275278, 18.0766715111], [75.1197275278, 18.076115955099997], [75.12000530579999, 18.076115955099997], [75.12000530579999, 18.076949289099996], [75.1194497498, 18.076949289099996]]]}}, {"type": "Feature", "properties": {"time_min": 30, "depth_min_m": 0.05, "depth_max_m": 1.0, "depth_class": "0.05\u20131.0 m", "class_area_km2": 0.3122653147306347, "flooded_area_km2": 2.9222979453693503, "frame_max_depth_m": 132.33808102972478, "class_mean_depth_m": 0.5197092183706848, "scenario_id": "baseline", "model_type": "Automated approximate 2D flood-routing prototype", "validated_hydraulic_output": false}, "geometry": {"type": "Polygon", "coordinates": [[[75.1088941858, 18.076393733099998], [75.1088941858, 18.0758381771], [75.1091719638, 18.0758381771], [75.1091719638, 18.076393733099998], [75.1088941858, 18.076393733099998]]]}}, {"type": "Feature", "properties": {"time_min": 30, "depth_min_m": 0.05, "depth_max_m": 1.0, "depth_class": "0.05\u20131.0 m", "class_area_km2": 0.3122653147306347, "flooded_area_km2": 2.9222979453693503, "frame_max_depth_m": 132.33808102972478, "class_mean_depth_m": 0.5197092183706848, "scenario_id": "baseline", "model_type": "Automated approximate 2D flood-routing prototype", "validated_hydraulic_output": false}, "geometry": {"type": "Polygon", "coordinates": [[[75.09306083979999, 18.076949289099996], [75.09306083979999, 18.076115955099997], [75.0933386178, 18.076115955099997], [75.0933386178, 18.0755603991], [75.0936163958, 18.0755603991], [75.0936163958, 18.0766715111], [75.0933386178, 18.0766715111], [75.0933386178, 18.076949289099996], [75.09306083979999, 18.076949289099996]]]}}, {"type": "Feature", "properties": {"time_min": 30, "depth_min_m": 0.05, "depth_max_m": 1.0, "depth_class": "0.05\u20131.0 m", "class_area_km2": 0.3122653147306347, "flooded_area_km2": 2.9222979453693503, "frame_max_depth_m": 132.33808102972478, "class_mean_depth_m": 0.5197092183706848, "scenario_id": "baseline", "model_type": "Automated approximate 2D flood-routing prototype", "validated_hydraulic_output": false}, "geometry": {"type": "Polygon", "coordinates": [[[75.1008386238, 18.0758381771], [75.1008386238, 18.0755603991], [75.1013941798, 18.0755603991], [75.1013941798, 18.0758381771], [75.1008386238, 18.0758381771]]]}}, {"type": "Feature", "properties": {"time_min": 30, "depth_min_m": 0.05, "depth_max_m": 1.0, "depth_class": "0.05\u20131.0 m", "class_area_km2": 0.3122653147306347, "flooded_area_km2": 2.9222979453693503, "frame_max_depth_m": 132.33808102972478, "class_mean_depth_m": 0.5197092183706848, "scenario_id": "baseline", "model_type": "Automated approximate 2D flood-routing prototype", "validated_hydraulic_output": false}, "geometry": {"type": "Polygon", "coordinates": [[[75.1055608498, 18.0758381771], [75.1055608498, 18.0755603991], [75.1061164058, 18.0755603991], [75.1061164058, 18.0758381771], [75.1055608498, 18.0758381771]]]}}, {"type": "Feature", "properties": {"time_min": 30, "depth_min_m": 0.05, "depth_max_m": 1.0, "depth_class": "0.05\u20131.0 m", "class_area_km2": 0.3122653147306347, "flooded_area_km2": 2.9222979453693503, "frame_max_depth_m": 132.33808102972478, "class_mean_depth_m": 0.5197092183706848, "scenario_id": "baseline", "model_type": "Automated approximate 2D flood-routing prototype", "validated_hydraulic_output": false}, "geometry": {"type": "Polygon", "coordinates": [[[75.1086164078, 18.0758381771], [75.1086164078, 18.0755603991], [75.1088941858, 18.0755603991], [75.1088941858, 18.0758381771], [75.1086164078, 18.0758381771]]]}}, {"type": "Feature", "properties": {"time_min": 30, "depth_min_m": 0.05, "depth_max_m": 1.0, "depth_class": "0.05\u20131.0 m", "class_area_km2": 0.3122653147306347, "flooded_area_km2": 2.9222979453693503, "frame_max_depth_m": 132.33808102972478, "class_mean_depth_m": 0.5197092183706848, "scenario_id": "baseline", "model_type": "Automated approximate 2D flood-routing prototype", "validated_hydraulic_output": false}, "geometry": {"type": "Polygon", "coordinates": [[[75.10639418379999, 18.0755603991], [75.10639418379999, 18.075282621099998], [75.10667196179999, 18.075282621099998], [75.10667196179999, 18.0755603991], [75.10639418379999, 18.0755603991]]]}}, {"type": "Feature", "properties": {"time_min": 30, "depth_min_m": 0.05, "depth_max_m": 1.0, "depth_class": "0.05\u20131.0 m", "class_area_km2": 0.3122653147306347, "flooded_area_km2": 2.9222979453693503, "frame_max_depth_m": 132.33808102972478, "class_mean_depth_m": 0.5197092183706848, "scenario_id": "baseline", "model_type": "Automated approximate 2D flood-routing prototype", "validated_hydraulic_output": false}, "geometry": {"type": "Polygon", "coordinates": [[[75.1194497498, 18.0755603991], [75.1194497498, 18.075282621099998], [75.1197275278, 18.075282621099998], [75.1197275278, 18.0755603991], [75.1194497498, 18.0755603991]]]}}, {"type": "Feature", "properties": {"time_min": 30, "depth_min_m": 0.05, "depth_max_m": 1.0, "depth_class": "0.05\u20131.0 m", "class_area_km2": 0.3122653147306347, "flooded_area_km2": 2.9222979453693503, "frame_max_depth_m": 132.33808102972478, "class_mean_depth_m": 0.5197092183706848, "scenario_id": "baseline", "model_type": "Automated approximate 2D flood-routing prototype", "validated_hydraulic_output": false}, "geometry": {"type": "Polygon", "coordinates": [[[75.10500529379999, 18.0755603991], [75.10500529379999, 18.075282621099998], [75.1047275158, 18.075282621099998], [75.1047275158, 18.075004843099997], [75.10528307179999, 18.075004843099997], [75.10528307179999, 18.075282621099998], [75.1055608498, 18.075282621099998], [75.1055608498, 18.0755603991], [75.10500529379999, 18.0755603991]]]}}, {"type": "Feature", "properties": {"time_min": 30, "depth_min_m": 0.05, "depth_max_m": 1.0, "depth_class": "0.05\u20131.0 m", "class_area_km2": 0.3122653147306347, "flooded_area_km2": 2.9222979453693503, "frame_max_depth_m": 132.33808102972478, "class_mean_depth_m": 0.5197092183706848, "scenario_id": "baseline", "model_type": "Automated approximate 2D flood-routing prototype", "validated_hydraulic_output": false}, "geometry": {"type": "Polygon", "coordinates": [[[75.1069497398, 18.0758381771], [75.1069497398, 18.075282621099998], [75.10667196179999, 18.075282621099998], [75.10667196179999, 18.075004843099997], [75.1072275178, 18.075004843099997], [75.1072275178, 18.075282621099998], [75.10833862979999, 18.075282621099998], [75.10833862979999, 18.0758381771], [75.1069497398, 18.0758381771]]]}}, {"type": "Feature", "properties": {"time_min": 30, "depth_min_m": 0.05, "depth_max_m": 1.0, "depth_class": "0.05\u20131.0 m", "class_area_km2": 0.3122653147306347, "flooded_area_km2": 2.9222979453693503, "frame_max_depth_m": 132.33808102972478, "class_mean_depth_m": 0.5197092183706848, "scenario_id": "baseline", "model_type": "Automated approximate 2D flood-routing prototype", "validated_hydraulic_output": false}, "geometry": {"type": "Polygon", "coordinates": [[[75.11889419379999, 18.075282621099998], [75.11889419379999, 18.075004843099997], [75.1194497498, 18.075004843099997], [75.1194497498, 18.075282621099998], [75.11889419379999, 18.075282621099998]]]}}, {"type": "Feature", "properties": {"time_min": 30, "depth_min_m": 0.05, "depth_max_m": 1.0, "depth_class": "0.05\u20131.0 m", "class_area_km2": 0.3122653147306347, "flooded_area_km2": 2.9222979453693503, "frame_max_depth_m": 132.33808102972478, "class_mean_depth_m": 0.5197092183706848, "scenario_id": "baseline", "model_type": "Automated approximate 2D flood-routing prototype", "validated_hydraulic_output": false}, "geometry": {"type": "Polygon", "coordinates": [[[75.10333862579999, 18.075004843099997], [75.10333862579999, 18.0747270651], [75.1047275158, 18.0747270651], [75.1047275158, 18.075004843099997], [75.10333862579999, 18.075004843099997]]]}}, {"type": "Feature", "properties": {"time_min": 30, "depth_min_m": 0.05, "depth_max_m": 1.0, "depth_class": "0.05\u20131.0 m", "class_area_km2": 0.3122653147306347, "flooded_area_km2": 2.9222979453693503, "frame_max_depth_m": 132.33808102972478, "class_mean_depth_m": 0.5197092183706848, "scenario_id": "baseline", "model_type": "Automated approximate 2D flood-routing prototype", "validated_hydraulic_output": false}, "geometry": {"type": "Polygon", "coordinates": [[[75.11861641579999, 18.075004843099997], [75.11861641579999, 18.0747270651], [75.11889419379999, 18.0747270651], [75.11889419379999, 18.075004843099997], [75.11861641579999, 18.075004843099997]]]}}, {"type": "Feature", "properties": {"time_min": 30, "depth_min_m": 0.05, "depth_max_m": 1.0, "depth_class": "0.05\u20131.0 m", "class_area_km2": 0.3122653147306347, "flooded_area_km2": 2.9222979453693503, "frame_max_depth_m": 132.33808102972478, "class_mean_depth_m": 0.5197092183706848, "scenario_id": "baseline", "model_type": "Automated approximate 2D flood-routing prototype", "validated_hydraulic_output": false}, "geometry": {"type": "Polygon", "coordinates": [[[75.10194973579999, 18.0747270651], [75.10194973579999, 18.0744492871], [75.10222751379999, 18.0744492871], [75.10222751379999, 18.0747270651], [75.10194973579999, 18.0747270651]]]}}, {"type": "Feature", "properties": {"time_min": 30, "depth_min_m": 0.05, "depth_max_m": 1.0, "depth_class": "0.05\u20131.0 m", "class_area_km2": 0.3122653147306347, "flooded_area_km2": 2.9222979453693503, "frame_max_depth_m": 132.33808102972478, "class_mean_depth_m": 0.5197092183706848, "scenario_id": "baseline", "model_type": "Automated approximate 2D flood-routing prototype", "validated_hydraulic_output": false}, "geometry": {"type": "Polygon", "coordinates": [[[75.1000052898, 18.0755603991], [75.1000052898, 18.073893731099997], [75.10028306779999, 18.073893731099997], [75.10028306779999, 18.075004843099997], [75.10056084579999, 18.075004843099997], [75.10056084579999, 18.0744492871], [75.1013941798, 18.0744492871], [75.1013941798, 18.0747270651], [75.1011164018, 18.0747270651], [75.1011164018, 18.075004843099997], [75.1008386238, 18.075004843099997], [75.1008386238, 18.0755603991], [75.1000052898, 18.0755603991]]]}}, {"type": "Feature", "properties": {"time_min": 30, "depth_min_m": 0.05, "depth_max_m": 1.0, "depth_class": "0.05\u20131.0 m", "class_area_km2": 0.3122653147306347, "flooded_area_km2": 2.9222979453693503, "frame_max_depth_m": 132.33808102972478, "class_mean_depth_m": 0.5197092183706848, "scenario_id": "baseline", "model_type": "Automated approximate 2D flood-routing prototype", "validated_hydraulic_output": false}, "geometry": {"type": "Polygon", "coordinates": [[[75.0997275118, 18.073893731099997], [75.0997275118, 18.0736159531], [75.1000052898, 18.0736159531], [75.1000052898, 18.073893731099997], [75.0997275118, 18.073893731099997]]]}}, {"type": "Feature", "properties": {"time_min": 30, "depth_min_m": 0.05, "depth_max_m": 1.0, "depth_class": "0.05\u20131.0 m", "class_area_km2": 0.3122653147306347, "flooded_area_km2": 2.9222979453693503, "frame_max_depth_m": 132.33808102972478, "class_mean_depth_m": 0.5197092183706848, "scenario_id": "baseline", "model_type": "Automated approximate 2D flood-routing prototype", "validated_hydraulic_output": false}, "geometry": {"type": "Polygon", "coordinates": [[[75.0977830658, 18.0736159531], [75.0977830658, 18.073338175099998], [75.09889417779999, 18.073338175099998], [75.09889417779999, 18.0736159531], [75.0977830658, 18.0736159531]]]}}, {"type": "Feature", "properties": {"time_min": 30, "depth_min_m": 0.05, "depth_max_m": 1.0, "depth_class": "0.05\u20131.0 m", "class_area_km2": 0.3122653147306347, "flooded_area_km2": 2.9222979453693503, "frame_max_depth_m": 132.33808102972478, "class_mean_depth_m": 0.5197092183706848, "scenario_id": "baseline", "model_type": "Automated approximate 2D flood-routing prototype", "validated_hydraulic_output": false}, "geometry": {"type": "Polygon", "coordinates": [[[75.1183386378, 18.0736159531], [75.1183386378, 18.073338175099998], [75.11861641579999, 18.073338175099998], [75.11861641579999, 18.0736159531], [75.1183386378, 18.0736159531]]]}}, {"type": "Feature", "properties": {"time_min": 30, "depth_min_m": 0.05, "depth_max_m": 1.0, "depth_class": "0.05\u20131.0 m", "class_area_km2": 0.3122653147306347, "flooded_area_km2": 2.9222979453693503, "frame_max_depth_m": 132.33808102972478, "class_mean_depth_m": 0.5197092183706848, "scenario_id": "baseline", "model_type": "Automated approximate 2D flood-routing prototype", "validated_hydraulic_output": false}, "geometry": {"type": "Polygon", "coordinates": [[[75.09306083979999, 18.075282621099998], [75.09306083979999, 18.0747270651], [75.0933386178, 18.0747270651], [75.0933386178, 18.0744492871], [75.09444972979999, 18.0744492871], [75.09444972979999, 18.074171509099997], [75.09472750779999, 18.074171509099997], [75.09472750779999, 18.073893731099997], [75.09444972979999, 18.073893731099997], [75.09444972979999, 18.073338175099998], [75.0950052858, 18.073338175099998], [75.0950052858, 18.0736159531], [75.0955608418, 18.0736159531], [75.0955608418, 18.072782619099996], [75.09583861979999, 18.072782619099996], [75.09583861979999, 18.073060397099997], [75.0977830658, 18.073060397099997], [75.0977830658, 18.073338175099998], [75.09722750979999, 18.073338175099998], [75.09722750979999, 18.0736159531], [75.0969497318, 18.0736159531], [75.0969497318, 18.073893731099997], [75.0966719538, 18.073893731099997], [75.0966719538, 18.074171509099997], [75.0963941758, 18.074171509099997], [75.0963941758, 18.0744492871], [75.09611639779999, 18.0744492871], [75.09611639779999, 18.075282621099998], [75.0955608418, 18.075282621099998], [75.0955608418, 18.075004843099997], [75.0952830638, 18.075004843099997], [75.0952830638, 18.0747270651], [75.0950052858, 18.0747270651], [75.0950052858, 18.075004843099997], [75.0938941738, 18.075004843099997], [75.0938941738, 18.0747270651], [75.0936163958, 18.0747270651], [75.0936163958, 18.075004843099997], [75.0933386178, 18.075004843099997], [75.0933386178, 18.075282621099998], [75.09306083979999, 18.075282621099998]], [[75.09472750779999, 18.0744492871], [75.0950052858, 18.0744492871], [75.0950052858, 18.074171509099997], [75.09472750779999, 18.074171509099997], [75.09472750779999, 18.0744492871]]]}}, {"type": "Feature", "properties": {"time_min": 30, "depth_min_m": 0.05, "depth_max_m": 1.0, "depth_class": "0.05\u20131.0 m", "class_area_km2": 0.3122653147306347, "flooded_area_km2": 2.9222979453693503, "frame_max_depth_m": 132.33808102972478, "class_mean_depth_m": 0.5197092183706848, "scenario_id": "baseline", "model_type": "Automated approximate 2D flood-routing prototype", "validated_hydraulic_output": false}, "geometry": {"type": "Polygon", "coordinates": [[[75.0908386158, 18.073060397099997], [75.0908386158, 18.0725048411], [75.0911163938, 18.0725048411], [75.0911163938, 18.073060397099997], [75.0908386158, 18.073060397099997]]]}}, {"type": "Feature", "properties": {"time_min": 30, "depth_min_m": 0.05, "depth_max_m": 1.0, "depth_class": "0.05\u20131.0 m", "class_area_km2": 0.3122653147306347, "flooded_area_km2": 2.9222979453693503, "frame_max_depth_m": 132.33808102972478, "class_mean_depth_m": 0.5197092183706848, "scenario_id": "baseline", "model_type": "Automated approximate 2D flood-routing prototype", "validated_hydraulic_output": false}, "geometry": {"type": "Polygon", "coordinates": [[[75.11889419379999, 18.073060397099997], [75.11889419379999, 18.0725048411], [75.1191719718, 18.0725048411], [75.1191719718, 18.073060397099997], [75.11889419379999, 18.073060397099997]]]}}, {"type": "Feature", "properties": {"time_min": 30, "depth_min_m": 0.05, "depth_max_m": 1.0, "depth_class": "0.05\u20131.0 m", "class_area_km2": 0.3122653147306347, "flooded_area_km2": 2.9222979453693503, "frame_max_depth_m": 132.33808102972478, "class_mean_depth_m": 0.5197092183706848, "scenario_id": "baseline", "model_type": "Automated approximate 2D flood-routing prototype", "validated_hydraulic_output": false}, "geometry": {"type": "Polygon", "coordinates": [[[75.11556085779999, 18.072782619099996], [75.11556085779999, 18.0725048411], [75.11583863579999, 18.0725048411], [75.11583863579999, 18.072782619099996], [75.11556085779999, 18.072782619099996]]]}}, {"type": "Feature", "properties": {"time_min": 30, "depth_min_m": 0.05, "depth_max_m": 1.0, "depth_class": "0.05\u20131.0 m", "class_area_km2": 0.3122653147306347, "flooded_area_km2": 2.9222979453693503, "frame_max_depth_m": 132.33808102972478, "class_mean_depth_m": 0.5197092183706848, "scenario_id": "baseline", "model_type": "Automated approximate 2D flood-routing prototype", "validated_hydraulic_output": false}, "geometry": {"type": "Polygon", "coordinates": [[[75.11722752579999, 18.072782619099996], [75.11722752579999, 18.0725048411], [75.1175053038, 18.0725048411], [75.1175053038, 18.072782619099996], [75.11722752579999, 18.072782619099996]]]}}, {"type": "Feature", "properties": {"time_min": 30, "depth_min_m": 0.05, "depth_max_m": 1.0, "depth_class": "0.05\u20131.0 m", "class_area_km2": 0.3122653147306347, "flooded_area_km2": 2.9222979453693503, "frame_max_depth_m": 132.33808102972478, "class_mean_depth_m": 0.5197092183706848, "scenario_id": "baseline", "model_type": "Automated approximate 2D flood-routing prototype", "validated_hydraulic_output": false}, "geometry": {"type": "Polygon", "coordinates": [[[75.0905608378, 18.0725048411], [75.0905608378, 18.072227063099998], [75.0908386158, 18.072227063099998], [75.0908386158, 18.0725048411], [75.0905608378, 18.0725048411]]]}}, {"type": "Feature", "properties": {"time_min": 30, "depth_min_m": 0.05, "depth_max_m": 1.0, "depth_class": "0.05\u20131.0 m", "class_area_km2": 0.3122653147306347, "flooded_area_km2": 2.9222979453693503, "frame_max_depth_m": 132.33808102972478, "class_mean_depth_m": 0.5197092183706848, "scenario_id": "baseline", "model_type": "Automated approximate 2D flood-routing prototype", "validated_hydraulic_output": false}, "geometry": {"type": "Polygon", "coordinates": [[[75.11389418979999, 18.0725048411], [75.11389418979999, 18.072227063099998], [75.11417196779999, 18.072227063099998], [75.11417196779999, 18.0725048411], [75.11389418979999, 18.0725048411]]]}}, {"type": "Feature", "properties": {"time_min": 30, "depth_min_m": 0.05, "depth_max_m": 1.0, "depth_class": "0.05\u20131.0 m", "class_area_km2": 0.3122653147306347, "flooded_area_km2": 2.9222979453693503, "frame_max_depth_m": 132.33808102972478, "class_mean_depth_m": 0.5197092183706848, "scenario_id": "baseline", "model_type": "Automated approximate 2D flood-routing prototype", "validated_hydraulic_output": false}, "geometry": {"type": "Polygon", "coordinates": [[[75.1122275218, 18.072227063099998], [75.1122275218, 18.071949285099997], [75.1133386338, 18.071949285099997], [75.1133386338, 18.072227063099998], [75.1122275218, 18.072227063099998]]]}}, {"type": "Feature", "properties": {"time_min": 30, "depth_min_m": 0.05, "depth_max_m": 1.0, "depth_class": "0.05\u20131.0 m", "class_area_km2": 0.3122653147306347, "flooded_area_km2": 2.9222979453693503, "frame_max_depth_m": 132.33808102972478, "class_mean_depth_m": 0.5197092183706848, "scenario_id": "baseline", "model_type": "Automated approximate 2D flood-routing prototype", "validated_hydraulic_output": false}, "geometry": {"type": "Polygon", "coordinates": [[[75.11111640979999, 18.071949285099997], [75.11111640979999, 18.0716715071], [75.1116719658, 18.0716715071], [75.1116719658, 18.071949285099997], [75.11111640979999, 18.071949285099997]]]}}, {"type": "Feature", "properties": {"time_min": 30, "depth_min_m": 0.05, "depth_max_m": 1.0, "depth_class": "0.05\u20131.0 m", "class_area_km2": 0.3122653147306347, "flooded_area_km2": 2.9222979453693503, "frame_max_depth_m": 132.33808102972478, "class_mean_depth_m": 0.5197092183706848, "scenario_id": "baseline", "model_type": "Automated approximate 2D flood-routing prototype", "validated_hydraulic_output": false}, "geometry": {"type": "Polygon", "coordinates": [[[75.09139417179999, 18.0716715071], [75.09139417179999, 18.0713937291], [75.09167194979999, 18.0713937291], [75.09167194979999, 18.0716715071], [75.09139417179999, 18.0716715071]]]}}, {"type": "Feature", "properties": {"time_min": 30, "depth_min_m": 0.05, "depth_max_m": 1.0, "depth_class": "0.05\u20131.0 m", "class_area_km2": 0.3122653147306347, "flooded_area_km2": 2.9222979453693503, "frame_max_depth_m": 132.33808102972478, "class_mean_depth_m": 0.5197092183706848, "scenario_id": "baseline", "model_type": "Automated approximate 2D flood-routing prototype", "validated_hydraulic_output": false}, "geometry": {"type": "Polygon", "coordinates": [[[75.10972751979999, 18.0716715071], [75.10972751979999, 18.0713937291], [75.1102830758, 18.0713937291], [75.1102830758, 18.0716715071], [75.10972751979999, 18.0716715071]]]}}, {"type": "Feature", "properties": {"time_min": 30, "depth_min_m": 0.05, "depth_max_m": 1.0, "depth_class": "0.05\u20131.0 m", "class_area_km2": 0.3122653147306347, "flooded_area_km2": 2.9222979453693503, "frame_max_depth_m": 132.33808102972478, "class_mean_depth_m": 0.5197092183706848, "scenario_id": "baseline", "model_type": "Automated approximate 2D flood-routing prototype", "validated_hydraulic_output": false}, "geometry": {"type": "Polygon", "coordinates": [[[75.1075052958, 18.0713937291], [75.1075052958, 18.071115951099998], [75.1069497398, 18.071115951099998], [75.1069497398, 18.070838173099997], [75.1058386278, 18.070838173099997], [75.1058386278, 18.0705603951], [75.10667196179999, 18.0705603951], [75.10667196179999, 18.0702826171], [75.1072275178, 18.0702826171], [75.1072275178, 18.0705603951], [75.1075052958, 18.0705603951], [75.1075052958, 18.070838173099997], [75.1077830738, 18.070838173099997], [75.1077830738, 18.071115951099998], [75.1086164078, 18.071115951099998], [75.1086164078, 18.0713937291], [75.1075052958, 18.0713937291]]]}}, {"type": "Feature", "properties": {"time_min": 30, "depth_min_m": 0.05, "depth_max_m": 1.0, "depth_class": "0.05\u20131.0 m", "class_area_km2": 0.3122653147306347, "flooded_area_km2": 2.9222979453693503, "frame_max_depth_m": 132.33808102972478, "class_mean_depth_m": 0.5197092183706848, "scenario_id": "baseline", "model_type": "Automated approximate 2D flood-routing prototype", "validated_hydraulic_output": false}, "geometry": {"type": "Polygon", "coordinates": [[[75.1044497378, 18.0705603951], [75.1044497378, 18.0702826171], [75.1058386278, 18.0702826171], [75.1058386278, 18.0705603951], [75.1044497378, 18.0705603951]]]}}, {"type": "Feature", "properties": {"time_min": 30, "depth_min_m": 0.05, "depth_max_m": 1.0, "depth_class": "0.05\u20131.0 m", "class_area_km2": 0.3122653147306347, "flooded_area_km2": 2.9222979453693503, "frame_max_depth_m": 132.33808102972478, "class_mean_depth_m": 0.5197092183706848, "scenario_id": "baseline", "model_type": "Automated approximate 2D flood-routing prototype", "validated_hydraulic_output": false}, "geometry": {"type": "Polygon", "coordinates": [[[75.10194973579999, 18.0702826171], [75.10194973579999, 18.070004839099997], [75.10222751379999, 18.070004839099997], [75.10222751379999, 18.0702826171], [75.10194973579999, 18.0702826171]]]}}, {"type": "Feature", "properties": {"time_min": 30, "depth_min_m": 0.05, "depth_max_m": 1.0, "depth_class": "0.05\u20131.0 m", "class_area_km2": 0.3122653147306347, "flooded_area_km2": 2.9222979453693503, "frame_max_depth_m": 132.33808102972478, "class_mean_depth_m": 0.5197092183706848, "scenario_id": "baseline", "model_type": "Automated approximate 2D flood-routing prototype", "validated_hydraulic_output": false}, "geometry": {"type": "Polygon", "coordinates": [[[75.1025052918, 18.0702826171], [75.1025052918, 18.070004839099997], [75.10333862579999, 18.070004839099997], [75.10333862579999, 18.0702826171], [75.1025052918, 18.0702826171]]]}}, {"type": "Feature", "properties": {"time_min": 30, "depth_min_m": 0.05, "depth_max_m": 1.0, "depth_class": "0.05\u20131.0 m", "class_area_km2": 0.3122653147306347, "flooded_area_km2": 2.9222979453693503, "frame_max_depth_m": 132.33808102972478, "class_mean_depth_m": 0.5197092183706848, "scenario_id": "baseline", "model_type": "Automated approximate 2D flood-routing prototype", "validated_hydraulic_output": false}, "geometry": {"type": "Polygon", "coordinates": [[[75.1038941818, 18.0702826171], [75.1038941818, 18.070004839099997], [75.1041719598, 18.070004839099997], [75.1041719598, 18.0702826171], [75.1038941818, 18.0702826171]]]}}, {"type": "Feature", "properties": {"time_min": 30, "depth_min_m": 0.05, "depth_max_m": 1.0, "depth_class": "0.05\u20131.0 m", "class_area_km2": 0.3122653147306347, "flooded_area_km2": 2.9222979453693503, "frame_max_depth_m": 132.33808102972478, "class_mean_depth_m": 0.5197092183706848, "scenario_id": "baseline", "model_type": "Automated approximate 2D flood-routing prototype", "validated_hydraulic_output": false}, "geometry": {"type": "Polygon", "coordinates": [[[75.1013941798, 18.070004839099997], [75.1013941798, 18.069727061099996], [75.1016719578, 18.069727061099996], [75.1016719578, 18.070004839099997], [75.1013941798, 18.070004839099997]]]}}, {"type": "Feature", "properties": {"time_min": 30, "depth_min_m": 0.05, "depth_max_m": 1.0, "depth_class": "0.05\u20131.0 m", "class_area_km2": 0.3122653147306347, "flooded_area_km2": 2.9222979453693503, "frame_max_depth_m": 132.33808102972478, "class_mean_depth_m": 0.5197092183706848, "scenario_id": "baseline", "model_type": "Automated approximate 2D flood-routing prototype", "validated_hydraulic_output": false}, "geometry": {"type": "Polygon", "coordinates": [[[75.0902830598, 18.072227063099998], [75.0902830598, 18.0713937291], [75.09000528179999, 18.0713937291], [75.09000528179999, 18.069171505099998], [75.0902830598, 18.069171505099998], [75.0902830598, 18.0694492831], [75.0905608378, 18.0694492831], [75.0905608378, 18.069727061099996], [75.09139417179999, 18.069727061099996], [75.09139417179999, 18.070004839099997], [75.09167194979999, 18.070004839099997], [75.09167194979999, 18.0705603951], [75.0919497278, 18.0705603951], [75.0919497278, 18.070838173099997], [75.0922275058, 18.070838173099997], [75.0922275058, 18.071115951099998], [75.0919497278, 18.071115951099998], [75.0919497278, 18.0713937291], [75.09167194979999, 18.0713937291], [75.09167194979999, 18.071115951099998], [75.09139417179999, 18.071115951099998], [75.09139417179999, 18.0713937291], [75.0908386158, 18.0713937291], [75.0908386158, 18.0716715071], [75.0905608378, 18.0716715071], [75.0905608378, 18.072227063099998], [75.0902830598, 18.072227063099998]], [[75.0908386158, 18.070838173099997], [75.0911163938, 18.070838173099997], [75.0911163938, 18.0705603951], [75.09139417179999, 18.0705603951], [75.09139417179999, 18.0702826171], [75.0908386158, 18.0702826171], [75.0908386158, 18.070004839099997], [75.0905608378, 18.070004839099997], [75.0905608378, 18.0705603951], [75.0908386158, 18.0705603951], [75.0908386158, 18.070838173099997]]]}}, {"type": "Feature", "properties": {"time_min": 30, "depth_min_m": 0.05, "depth_max_m": 1.0, "depth_class": "0.05\u20131.0 m", "class_area_km2": 0.3122653147306347, "flooded_area_km2": 2.9222979453693503, "frame_max_depth_m": 132.33808102972478, "class_mean_depth_m": 0.5197092183706848, "scenario_id": "baseline", "model_type": "Automated approximate 2D flood-routing prototype", "validated_hydraulic_output": false}, "geometry": {"type": "Polygon", "coordinates": [[[75.0994497338, 18.068060393099998], [75.0994497338, 18.067782615099997], [75.10056084579999, 18.067782615099997], [75.10056084579999, 18.068060393099998], [75.0994497338, 18.068060393099998]]]}}, {"type": "Feature", "properties": {"time_min": 30, "depth_min_m": 0.05, "depth_max_m": 1.0, "depth_class": "0.05\u20131.0 m", "class_area_km2": 0.3122653147306347, "flooded_area_km2": 2.9222979453693503, "frame_max_depth_m": 132.33808102972478, "class_mean_depth_m": 0.5197092183706848, "scenario_id": "baseline", "model_type": "Automated approximate 2D flood-routing prototype", "validated_hydraulic_output": false}, "geometry": {"type": "Polygon", "coordinates": [[[75.09889417779999, 18.0675048371], [75.09889417779999, 18.0672270591], [75.09917195579999, 18.0672270591], [75.09917195579999, 18.0675048371], [75.09889417779999, 18.0675048371]]]}}, {"type": "Feature", "properties": {"time_min": 30, "depth_min_m": 0.05, "depth_max_m": 1.0, "depth_class": "0.05\u20131.0 m", "class_area_km2": 0.3122653147306347, "flooded_area_km2": 2.9222979453693503, "frame_max_depth_m": 132.33808102972478, "class_mean_depth_m": 0.5197092183706848, "scenario_id": "baseline", "model_type": "Automated approximate 2D flood-routing prototype", "validated_hydraulic_output": false}, "geometry": {"type": "Polygon", "coordinates": [[[75.0983386218, 18.0672270591], [75.0983386218, 18.066949281099998], [75.09889417779999, 18.066949281099998], [75.09889417779999, 18.0672270591], [75.0983386218, 18.0672270591]]]}}, {"type": "Feature", "properties": {"time_min": 30, "depth_min_m": 0.05, "depth_max_m": 1.0, "depth_class": "0.05\u20131.0 m", "class_area_km2": 0.3122653147306347, "flooded_area_km2": 2.9222979453693503, "frame_max_depth_m": 132.33808102972478, "class_mean_depth_m": 0.5197092183706848, "scenario_id": "baseline", "model_type": "Automated approximate 2D flood-routing prototype", "validated_hydraulic_output": false}, "geometry": {"type": "Polygon", "coordinates": [[[75.1011164018, 18.069727061099996], [75.1011164018, 18.069171505099998], [75.1008386238, 18.069171505099998], [75.1008386238, 18.067782615099997], [75.10056084579999, 18.067782615099997], [75.10056084579999, 18.0675048371], [75.1008386238, 18.0675048371], [75.1008386238, 18.0672270591], [75.1011164018, 18.0672270591], [75.1011164018, 18.0663937251], [75.1013941798, 18.0663937251], [75.1013941798, 18.066671503099997], [75.1016719578, 18.066671503099997], [75.1016719578, 18.0672270591], [75.1025052918, 18.0672270591], [75.1025052918, 18.0675048371], [75.1027830698, 18.0675048371], [75.1027830698, 18.066671503099997], [75.1030608478, 18.066671503099997], [75.1030608478, 18.067782615099997], [75.10222751379999, 18.067782615099997], [75.10222751379999, 18.0675048371], [75.1016719578, 18.0675048371], [75.1016719578, 18.067782615099997], [75.1013941798, 18.067782615099997], [75.1013941798, 18.069727061099996], [75.1011164018, 18.069727061099996]]]}}, {"type": "Feature", "properties": {"time_min": 30, "depth_min_m": 0.05, "depth_max_m": 1.0, "depth_class": "0.05\u20131.0 m", "class_area_km2": 0.3122653147306347, "flooded_area_km2": 2.9222979453693503, "frame_max_depth_m": 132.33808102972478, "class_mean_depth_m": 0.5197092183706848, "scenario_id": "baseline", "model_type": "Automated approximate 2D flood-routing prototype", "validated_hydraulic_output": false}, "geometry": {"type": "Polygon", "coordinates": [[[75.10194973579999, 18.066671503099997], [75.10194973579999, 18.0663937251], [75.1027830698, 18.0663937251], [75.1027830698, 18.066671503099997], [75.10194973579999, 18.066671503099997]]]}}, {"type": "Feature", "properties": {"time_min": 30, "depth_min_m": 0.05, "depth_max_m": 1.0, "depth_class": "0.05\u20131.0 m", "class_area_km2": 0.3122653147306347, "flooded_area_km2": 2.9222979453693503, "frame_max_depth_m": 132.33808102972478, "class_mean_depth_m": 0.5197092183706848, "scenario_id": "baseline", "model_type": "Automated approximate 2D flood-routing prototype", "validated_hydraulic_output": false}, "geometry": {"type": "Polygon", "coordinates": [[[75.0955608418, 18.066949281099998], [75.0955608418, 18.0661159471], [75.09583861979999, 18.0661159471], [75.09583861979999, 18.066949281099998], [75.0955608418, 18.066949281099998]]]}}, {"type": "Feature", "properties": {"time_min": 30, "depth_min_m": 0.05, "depth_max_m": 1.0, "depth_class": "0.05\u20131.0 m", "class_area_km2": 0.3122653147306347, "flooded_area_km2": 2.9222979453693503, "frame_max_depth_m": 132.33808102972478, "class_mean_depth_m": 0.5197092183706848, "scenario_id": "baseline", "model_type": "Automated approximate 2D flood-routing prototype", "validated_hydraulic_output": false}, "geometry": {"type": "Polygon", "coordinates": [[[75.0977830658, 18.066949281099998], [75.0977830658, 18.066671503099997], [75.09722750979999, 18.066671503099997], [75.09722750979999, 18.0663937251], [75.0969497318, 18.0663937251], [75.0969497318, 18.0661159471], [75.0963941758, 18.0661159471], [75.0963941758, 18.065838169099997], [75.0969497318, 18.065838169099997], [75.0969497318, 18.065560391099996], [75.09722750979999, 18.065560391099996], [75.09722750979999, 18.065838169099997], [75.09750528779999, 18.065838169099997], [75.09750528779999, 18.0663937251], [75.0980608438, 18.0663937251], [75.0980608438, 18.066949281099998], [75.0977830658, 18.066949281099998]]]}}, {"type": "Feature", "properties": {"time_min": 30, "depth_min_m": 0.05, "depth_max_m": 1.0, "depth_class": "0.05\u20131.0 m", "class_area_km2": 0.3122653147306347, "flooded_area_km2": 2.9222979453693503, "frame_max_depth_m": 132.33808102972478, "class_mean_depth_m": 0.5197092183706848, "scenario_id": "baseline", "model_type": "Automated approximate 2D flood-routing prototype", "validated_hydraulic_output": false}, "geometry": {"type": "Polygon", "coordinates": [[[75.09472750779999, 18.065838169099997], [75.09472750779999, 18.065560391099996], [75.0950052858, 18.065560391099996], [75.0950052858, 18.0652826131], [75.0952830638, 18.0652826131], [75.0952830638, 18.065560391099996], [75.09611639779999, 18.065560391099996], [75.09611639779999, 18.065838169099997], [75.09472750779999, 18.065838169099997]]]}}, {"type": "Feature", "properties": {"time_min": 30, "depth_min_m": 0.05, "depth_max_m": 1.0, "depth_class": "0.05\u20131.0 m", "class_area_km2": 0.3122653147306347, "flooded_area_km2": 2.9222979453693503, "frame_max_depth_m": 132.33808102972478, "class_mean_depth_m": 0.5197092183706848, "scenario_id": "baseline", "model_type": "Automated approximate 2D flood-routing prototype", "validated_hydraulic_output": false}, "geometry": {"type": "Polygon", "coordinates": [[[75.09417195179999, 18.065560391099996], [75.09417195179999, 18.0652826131], [75.09472750779999, 18.0652826131], [75.09472750779999, 18.065560391099996], [75.09417195179999, 18.065560391099996]]]}}, {"type": "Feature", "properties": {"time_min": 30, "depth_min_m": 0.05, "depth_max_m": 1.0, "depth_class": "0.05\u20131.0 m", "class_area_km2": 0.3122653147306347, "flooded_area_km2": 2.9222979453693503, "frame_max_depth_m": 132.33808102972478, "class_mean_depth_m": 0.5197092183706848, "scenario_id": "baseline", "model_type": "Automated approximate 2D flood-routing prototype", "validated_hydraulic_output": false}, "geometry": {"type": "Polygon", "coordinates": [[[75.0938941738, 18.0652826131], [75.0938941738, 18.065004835099998], [75.09417195179999, 18.065004835099998], [75.09417195179999, 18.0652826131], [75.0938941738, 18.0652826131]]]}}, {"type": "Feature", "properties": {"time_min": 30, "depth_min_m": 0.05, "depth_max_m": 1.0, "depth_class": "0.05\u20131.0 m", "class_area_km2": 0.3122653147306347, "flooded_area_km2": 2.9222979453693503, "frame_max_depth_m": 132.33808102972478, "class_mean_depth_m": 0.5197092183706848, "scenario_id": "baseline", "model_type": "Automated approximate 2D flood-routing prototype", "validated_hydraulic_output": false}, "geometry": {"type": "Polygon", "coordinates": [[[75.0933386178, 18.065004835099998], [75.0933386178, 18.064727057099997], [75.0936163958, 18.064727057099997], [75.0936163958, 18.065004835099998], [75.0933386178, 18.065004835099998]]]}}, {"type": "Feature", "properties": {"time_min": 30, "depth_min_m": 0.05, "depth_max_m": 1.0, "depth_class": "0.05\u20131.0 m", "class_area_km2": 0.3122653147306347, "flooded_area_km2": 2.9222979453693503, "frame_max_depth_m": 132.33808102972478, "class_mean_depth_m": 0.5197092183706848, "scenario_id": "baseline", "model_type": "Automated approximate 2D flood-routing prototype", "validated_hydraulic_output": false}, "geometry": {"type": "Polygon", "coordinates": [[[75.09306083979999, 18.064727057099997], [75.09306083979999, 18.064449279099996], [75.0933386178, 18.064449279099996], [75.0933386178, 18.064727057099997], [75.09306083979999, 18.064727057099997]]]}}, {"type": "Feature", "properties": {"time_min": 30, "depth_min_m": 0.05, "depth_max_m": 1.0, "depth_class": "0.05\u20131.0 m", "class_area_km2": 0.3122653147306347, "flooded_area_km2": 2.9222979453693503, "frame_max_depth_m": 132.33808102972478, "class_mean_depth_m": 0.5197092183706848, "scenario_id": "baseline", "model_type": "Automated approximate 2D flood-routing prototype", "validated_hydraulic_output": false}, "geometry": {"type": "Polygon", "coordinates": [[[75.09278306179999, 18.0641715011], [75.09278306179999, 18.063893723099998], [75.0925052838, 18.063893723099998], [75.0925052838, 18.063615945099997], [75.0922275058, 18.063615945099997], [75.0922275058, 18.0633381671], [75.09278306179999, 18.0633381671], [75.09278306179999, 18.063615945099997], [75.09306083979999, 18.063615945099997], [75.09306083979999, 18.0641715011], [75.09278306179999, 18.0641715011]]]}}, {"type": "Feature", "properties": {"time_min": 30, "depth_min_m": 1.0, "depth_max_m": 3.0, "depth_class": "1.0\u20133.0 m", "class_area_km2": 0.6173106221842605, "flooded_area_km2": 2.9222979453693503, "frame_max_depth_m": 132.33808102972478, "class_mean_depth_m": 1.9601724457546785, "scenario_id": "baseline", "model_type": "Automated approximate 2D flood-routing prototype", "validated_hydraulic_output": false}, "geometry": {"type": "Polygon", "coordinates": [[[75.12944975779999, 18.093060413099998], [75.12944975779999, 18.092782635099997], [75.1297275358, 18.092782635099997], [75.1297275358, 18.093060413099998], [75.12944975779999, 18.093060413099998]]]}}, {"type": "Feature", "properties": {"time_min": 30, "depth_min_m": 1.0, "depth_max_m": 3.0, "depth_class": "1.0\u20133.0 m", "class_area_km2": 0.6173106221842605, "flooded_area_km2": 2.9222979453693503, "frame_max_depth_m": 132.33808102972478, "class_mean_depth_m": 1.9601724457546785, "scenario_id": "baseline", "model_type": "Automated approximate 2D flood-routing prototype", "validated_hydraulic_output": false}, "geometry": {"type": "Polygon", "coordinates": [[[75.1300053138, 18.092504857099996], [75.1300053138, 18.0922270791], [75.1305608698, 18.0922270791], [75.1305608698, 18.092504857099996], [75.1300053138, 18.092504857099996]]]}}, {"type": "Feature", "properties": {"time_min": 30, "depth_min_m": 1.0, "depth_max_m": 3.0, "depth_class": "1.0\u20133.0 m", "class_area_km2": 0.6173106221842605, "flooded_area_km2": 2.9222979453693503, "frame_max_depth_m": 132.33808102972478, "class_mean_depth_m": 1.9601724457546785, "scenario_id": "baseline", "model_type": "Automated approximate 2D flood-routing prototype", "validated_hydraulic_output": false}, "geometry": {"type": "Polygon", "coordinates": [[[75.1305608698, 18.0922270791], [75.1305608698, 18.091949301099998], [75.13083864779999, 18.091949301099998], [75.13083864779999, 18.0922270791], [75.1305608698, 18.0922270791]]]}}, {"type": "Feature", "properties": {"time_min": 30, "depth_min_m": 1.0, "depth_max_m": 3.0, "depth_class": "1.0\u20133.0 m", "class_area_km2": 0.6173106221842605, "flooded_area_km2": 2.9222979453693503, "frame_max_depth_m": 132.33808102972478, "class_mean_depth_m": 1.9601724457546785, "scenario_id": "baseline", "model_type": "Automated approximate 2D flood-routing prototype", "validated_hydraulic_output": false}, "geometry": {"type": "Polygon", "coordinates": [[[75.13111642579999, 18.0922270791], [75.13111642579999, 18.091949301099998], [75.1313942038, 18.091949301099998], [75.1313942038, 18.0922270791], [75.13111642579999, 18.0922270791]]]}}, {"type": "Feature", "properties": {"time_min": 30, "depth_min_m": 1.0, "depth_max_m": 3.0, "depth_class": "1.0\u20133.0 m", "class_area_km2": 0.6173106221842605, "flooded_area_km2": 2.9222979453693503, "frame_max_depth_m": 132.33808102972478, "class_mean_depth_m": 1.9601724457546785, "scenario_id": "baseline", "model_type": "Automated approximate 2D flood-routing prototype", "validated_hydraulic_output": false}, "geometry": {"type": "Polygon", "coordinates": [[[75.13111642579999, 18.0913937451], [75.13111642579999, 18.090838189099998], [75.1313942038, 18.090838189099998], [75.1313942038, 18.0900048551], [75.1316719818, 18.0900048551], [75.1316719818, 18.089727077099997], [75.1319497598, 18.089727077099997], [75.1319497598, 18.089449299099996], [75.13222753779999, 18.089449299099996], [75.13222753779999, 18.0902826331], [75.1316719818, 18.0902826331], [75.1316719818, 18.0911159671], [75.1313942038, 18.0911159671], [75.1313942038, 18.0913937451], [75.13111642579999, 18.0913937451]]]}}, {"type": "Feature", "properties": {"time_min": 30, "depth_min_m": 1.0, "depth_max_m": 3.0, "depth_class": "1.0\u20133.0 m", "class_area_km2": 0.6173106221842605, "flooded_area_km2": 2.9222979453693503, "frame_max_depth_m": 132.33808102972478, "class_mean_depth_m": 1.9601724457546785, "scenario_id": "baseline", "model_type": "Automated approximate 2D flood-routing prototype", "validated_hydraulic_output": false}, "geometry": {"type": "Polygon", "coordinates": [[[75.13222753779999, 18.089449299099996], [75.13222753779999, 18.088893743099998], [75.13250531579999, 18.088893743099998], [75.13250531579999, 18.089449299099996], [75.13222753779999, 18.089449299099996]]]}}, {"type": "Feature", "properties": {"time_min": 30, "depth_min_m": 1.0, "depth_max_m": 3.0, "depth_class": "1.0\u20133.0 m", "class_area_km2": 0.6173106221842605, "flooded_area_km2": 2.9222979453693503, "frame_max_depth_m": 132.33808102972478, "class_mean_depth_m": 1.9601724457546785, "scenario_id": "baseline", "model_type": "Automated approximate 2D flood-routing prototype", "validated_hydraulic_output": false}, "geometry": {"type": "Polygon", "coordinates": [[[75.13250531579999, 18.088615965099997], [75.13250531579999, 18.088338187099996], [75.1327830938, 18.088338187099996], [75.1327830938, 18.088615965099997], [75.13250531579999, 18.088615965099997]]]}}, {"type": "Feature", "properties": {"time_min": 30, "depth_min_m": 1.0, "depth_max_m": 3.0, "depth_class": "1.0\u20133.0 m", "class_area_km2": 0.6173106221842605, "flooded_area_km2": 2.9222979453693503, "frame_max_depth_m": 132.33808102972478, "class_mean_depth_m": 1.9601724457546785, "scenario_id": "baseline", "model_type": "Automated approximate 2D flood-routing prototype", "validated_hydraulic_output": false}, "geometry": {"type": "Polygon", "coordinates": [[[75.1327830938, 18.0880604091], [75.1327830938, 18.087504853099997], [75.13250531579999, 18.087504853099997], [75.13250531579999, 18.0869492971], [75.1330608718, 18.0869492971], [75.1330608718, 18.087504853099997], [75.13361642779999, 18.087504853099997], [75.13361642779999, 18.087782631099998], [75.1330608718, 18.087782631099998], [75.1330608718, 18.0880604091], [75.1327830938, 18.0880604091]]]}}, {"type": "Feature", "properties": {"time_min": 30, "depth_min_m": 1.0, "depth_max_m": 3.0, "depth_class": "1.0\u20133.0 m", "class_area_km2": 0.6173106221842605, "flooded_area_km2": 2.9222979453693503, "frame_max_depth_m": 132.33808102972478, "class_mean_depth_m": 1.9601724457546785, "scenario_id": "baseline", "model_type": "Automated approximate 2D flood-routing prototype", "validated_hydraulic_output": false}, "geometry": {"type": "Polygon", "coordinates": [[[75.13361642779999, 18.0872270751], [75.13361642779999, 18.086671519099998], [75.13389420579999, 18.086671519099998], [75.13389420579999, 18.0872270751], [75.13361642779999, 18.0872270751]]]}}, {"type": "Feature", "properties": {"time_min": 30, "depth_min_m": 1.0, "depth_max_m": 3.0, "depth_class": "1.0\u20133.0 m", "class_area_km2": 0.6173106221842605, "flooded_area_km2": 2.9222979453693503, "frame_max_depth_m": 132.33808102972478, "class_mean_depth_m": 1.9601724457546785, "scenario_id": "baseline", "model_type": "Automated approximate 2D flood-routing prototype", "validated_hydraulic_output": false}, "geometry": {"type": "Polygon", "coordinates": [[[75.1333386498, 18.086671519099998], [75.1333386498, 18.0858381851], [75.13361642779999, 18.0858381851], [75.13361642779999, 18.086671519099998], [75.1333386498, 18.086671519099998]]]}}, {"type": "Feature", "properties": {"time_min": 30, "depth_min_m": 1.0, "depth_max_m": 3.0, "depth_class": "1.0\u20133.0 m", "class_area_km2": 0.6173106221842605, "flooded_area_km2": 2.9222979453693503, "frame_max_depth_m": 132.33808102972478, "class_mean_depth_m": 1.9601724457546785, "scenario_id": "baseline", "model_type": "Automated approximate 2D flood-routing prototype", "validated_hydraulic_output": false}, "geometry": {"type": "Polygon", "coordinates": [[[75.1344497618, 18.085560407099997], [75.1344497618, 18.085282629099996], [75.1347275398, 18.085282629099996], [75.1347275398, 18.085560407099997], [75.1344497618, 18.085560407099997]]]}}, {"type": "Feature", "properties": {"time_min": 30, "depth_min_m": 1.0, "depth_max_m": 3.0, "depth_class": "1.0\u20133.0 m", "class_area_km2": 0.6173106221842605, "flooded_area_km2": 2.9222979453693503, "frame_max_depth_m": 132.33808102972478, "class_mean_depth_m": 1.9601724457546785, "scenario_id": "baseline", "model_type": "Automated approximate 2D flood-routing prototype", "validated_hydraulic_output": false}, "geometry": {"type": "Polygon", "coordinates": [[[75.1333386498, 18.085282629099996], [75.1333386498, 18.0850048511], [75.13361642779999, 18.0850048511], [75.13361642779999, 18.085282629099996], [75.1333386498, 18.085282629099996]]]}}, {"type": "Feature", "properties": {"time_min": 30, "depth_min_m": 1.0, "depth_max_m": 3.0, "depth_class": "1.0\u20133.0 m", "class_area_km2": 0.6173106221842605, "flooded_area_km2": 2.9222979453693503, "frame_max_depth_m": 132.33808102972478, "class_mean_depth_m": 1.9601724457546785, "scenario_id": "baseline", "model_type": "Automated approximate 2D flood-routing prototype", "validated_hydraulic_output": false}, "geometry": {"type": "Polygon", "coordinates": [[[75.1344497618, 18.0850048511], [75.1344497618, 18.084727073099998], [75.1350053178, 18.084727073099998], [75.1350053178, 18.0850048511], [75.1344497618, 18.0850048511]]]}}, {"type": "Feature", "properties": {"time_min": 30, "depth_min_m": 1.0, "depth_max_m": 3.0, "depth_class": "1.0\u20133.0 m", "class_area_km2": 0.6173106221842605, "flooded_area_km2": 2.9222979453693503, "frame_max_depth_m": 132.33808102972478, "class_mean_depth_m": 1.9601724457546785, "scenario_id": "baseline", "model_type": "Automated approximate 2D flood-routing prototype", "validated_hydraulic_output": false}, "geometry": {"type": "Polygon", "coordinates": [[[75.1361164298, 18.084449295099997], [75.1361164298, 18.0841715171], [75.1358386518, 18.0841715171], [75.1358386518, 18.0838937391], [75.1363942078, 18.0838937391], [75.1363942078, 18.084449295099997], [75.1361164298, 18.084449295099997]]]}}, {"type": "Feature", "properties": {"time_min": 30, "depth_min_m": 1.0, "depth_max_m": 3.0, "depth_class": "1.0\u20133.0 m", "class_area_km2": 0.6173106221842605, "flooded_area_km2": 2.9222979453693503, "frame_max_depth_m": 132.33808102972478, "class_mean_depth_m": 1.9601724457546785, "scenario_id": "baseline", "model_type": "Automated approximate 2D flood-routing prototype", "validated_hydraulic_output": false}, "geometry": {"type": "Polygon", "coordinates": [[[75.13556087379999, 18.083615961099998], [75.13556087379999, 18.083338183099997], [75.1358386518, 18.083338183099997], [75.1358386518, 18.083615961099998], [75.13556087379999, 18.083615961099998]]]}}, {"type": "Feature", "properties": {"time_min": 30, "depth_min_m": 1.0, "depth_max_m": 3.0, "depth_class": "1.0\u20133.0 m", "class_area_km2": 0.6173106221842605, "flooded_area_km2": 2.9222979453693503, "frame_max_depth_m": 132.33808102972478, "class_mean_depth_m": 1.9601724457546785, "scenario_id": "baseline", "model_type": "Automated approximate 2D flood-routing prototype", "validated_hydraulic_output": false}, "geometry": {"type": "Polygon", "coordinates": [[[75.1344497618, 18.0827826271], [75.1344497618, 18.082504849099998], [75.1347275398, 18.082504849099998], [75.1347275398, 18.0827826271], [75.1344497618, 18.0827826271]]]}}, {"type": "Feature", "properties": {"time_min": 30, "depth_min_m": 1.0, "depth_max_m": 3.0, "depth_class": "1.0\u20133.0 m", "class_area_km2": 0.6173106221842605, "flooded_area_km2": 2.9222979453693503, "frame_max_depth_m": 132.33808102972478, "class_mean_depth_m": 1.9601724457546785, "scenario_id": "baseline", "model_type": "Automated approximate 2D flood-routing prototype", "validated_hydraulic_output": false}, "geometry": {"type": "Polygon", "coordinates": [[[75.1350053178, 18.0827826271], [75.1350053178, 18.082504849099998], [75.13528309579999, 18.082504849099998], [75.13528309579999, 18.0827826271], [75.1350053178, 18.0827826271]]]}}, {"type": "Feature", "properties": {"time_min": 30, "depth_min_m": 1.0, "depth_max_m": 3.0, "depth_class": "1.0\u20133.0 m", "class_area_km2": 0.6173106221842605, "flooded_area_km2": 2.9222979453693503, "frame_max_depth_m": 132.33808102972478, "class_mean_depth_m": 1.9601724457546785, "scenario_id": "baseline", "model_type": "Automated approximate 2D flood-routing prototype", "validated_hydraulic_output": false}, "geometry": {"type": "Polygon", "coordinates": [[[75.1344497618, 18.082227071099997], [75.1344497618, 18.0819492931], [75.13528309579999, 18.0819492931], [75.13528309579999, 18.082227071099997], [75.1344497618, 18.082227071099997]]]}}, {"type": "Feature", "properties": {"time_min": 30, "depth_min_m": 1.0, "depth_max_m": 3.0, "depth_class": "1.0\u20133.0 m", "class_area_km2": 0.6173106221842605, "flooded_area_km2": 2.9222979453693503, "frame_max_depth_m": 132.33808102972478, "class_mean_depth_m": 1.9601724457546785, "scenario_id": "baseline", "model_type": "Automated approximate 2D flood-routing prototype", "validated_hydraulic_output": false}, "geometry": {"type": "Polygon", "coordinates": [[[75.1380608758, 18.0816715151], [75.1380608758, 18.081393737099997], [75.13833865379999, 18.081393737099997], [75.13833865379999, 18.0816715151], [75.1380608758, 18.0816715151]]]}}, {"type": "Feature", "properties": {"time_min": 30, "depth_min_m": 1.0, "depth_max_m": 3.0, "depth_class": "1.0\u20133.0 m", "class_area_km2": 0.6173106221842605, "flooded_area_km2": 2.9222979453693503, "frame_max_depth_m": 132.33808102972478, "class_mean_depth_m": 1.9601724457546785, "scenario_id": "baseline", "model_type": "Automated approximate 2D flood-routing prototype", "validated_hydraulic_output": false}, "geometry": {"type": "Polygon", "coordinates": [[[75.1361164298, 18.081115959099996], [75.1361164298, 18.0808381811], [75.1363942078, 18.0808381811], [75.1363942078, 18.081115959099996], [75.1361164298, 18.081115959099996]]]}}, {"type": "Feature", "properties": {"time_min": 30, "depth_min_m": 1.0, "depth_max_m": 3.0, "depth_class": "1.0\u20133.0 m", "class_area_km2": 0.6173106221842605, "flooded_area_km2": 2.9222979453693503, "frame_max_depth_m": 132.33808102972478, "class_mean_depth_m": 1.9601724457546785, "scenario_id": "baseline", "model_type": "Automated approximate 2D flood-routing prototype", "validated_hydraulic_output": false}, "geometry": {"type": "Polygon", "coordinates": [[[75.13250531579999, 18.0808381811], [75.13250531579999, 18.080560403099998], [75.1327830938, 18.080560403099998], [75.1327830938, 18.0808381811], [75.13250531579999, 18.0808381811]]]}}, {"type": "Feature", "properties": {"time_min": 30, "depth_min_m": 1.0, "depth_max_m": 3.0, "depth_class": "1.0\u20133.0 m", "class_area_km2": 0.6173106221842605, "flooded_area_km2": 2.9222979453693503, "frame_max_depth_m": 132.33808102972478, "class_mean_depth_m": 1.9601724457546785, "scenario_id": "baseline", "model_type": "Automated approximate 2D flood-routing prototype", "validated_hydraulic_output": false}, "geometry": {"type": "Polygon", "coordinates": [[[75.1102830758, 18.076949289099996], [75.1102830758, 18.0766715111], [75.1108386318, 18.0766715111], [75.1108386318, 18.076949289099996], [75.1102830758, 18.076949289099996]]]}}, {"type": "Feature", "properties": {"time_min": 30, "depth_min_m": 1.0, "depth_max_m": 3.0, "depth_class": "1.0\u20133.0 m", "class_area_km2": 0.6173106221842605, "flooded_area_km2": 2.9222979453693503, "frame_max_depth_m": 132.33808102972478, "class_mean_depth_m": 1.9601724457546785, "scenario_id": "baseline", "model_type": "Automated approximate 2D flood-routing prototype", "validated_hydraulic_output": false}, "geometry": {"type": "Polygon", "coordinates": [[[75.10972751979999, 18.0766715111], [75.10972751979999, 18.076393733099998], [75.1102830758, 18.076393733099998], [75.1102830758, 18.0766715111], [75.10972751979999, 18.0766715111]]]}}, {"type": "Feature", "properties": {"time_min": 30, "depth_min_m": 1.0, "depth_max_m": 3.0, "depth_class": "1.0\u20133.0 m", "class_area_km2": 0.6173106221842605, "flooded_area_km2": 2.9222979453693503, "frame_max_depth_m": 132.33808102972478, "class_mean_depth_m": 1.9601724457546785, "scenario_id": "baseline", "model_type": "Automated approximate 2D flood-routing prototype", "validated_hydraulic_output": false}, "geometry": {"type": "Polygon", "coordinates": [[[75.1091719638, 18.076393733099998], [75.1091719638, 18.0758381771], [75.10944974179999, 18.0758381771], [75.10944974179999, 18.076115955099997], [75.10972751979999, 18.076115955099997], [75.10972751979999, 18.076393733099998], [75.1091719638, 18.076393733099998]]]}}, {"type": "Feature", "properties": {"time_min": 30, "depth_min_m": 1.0, "depth_max_m": 3.0, "depth_class": "1.0\u20133.0 m", "class_area_km2": 0.6173106221842605, "flooded_area_km2": 2.9222979453693503, "frame_max_depth_m": 132.33808102972478, "class_mean_depth_m": 1.9601724457546785, "scenario_id": "baseline", "model_type": "Automated approximate 2D flood-routing prototype", "validated_hydraulic_output": false}, "geometry": {"type": "Polygon", "coordinates": [[[75.1088941858, 18.0758381771], [75.1088941858, 18.0755603991], [75.1091719638, 18.0755603991], [75.1091719638, 18.0758381771], [75.1088941858, 18.0758381771]]]}}, {"type": "Feature", "properties": {"time_min": 30, "depth_min_m": 1.0, "depth_max_m": 3.0, "depth_class": "1.0\u20133.0 m", "class_area_km2": 0.6173106221842605, "flooded_area_km2": 2.9222979453693503, "frame_max_depth_m": 132.33808102972478, "class_mean_depth_m": 1.9601724457546785, "scenario_id": "baseline", "model_type": "Automated approximate 2D flood-routing prototype", "validated_hydraulic_output": false}, "geometry": {"type": "Polygon", "coordinates": [[[75.10833862979999, 18.0755603991], [75.10833862979999, 18.075282621099998], [75.1086164078, 18.075282621099998], [75.1086164078, 18.0755603991], [75.10833862979999, 18.0755603991]]]}}, {"type": "Feature", "properties": {"time_min": 30, "depth_min_m": 1.0, "depth_max_m": 3.0, "depth_class": "1.0\u20133.0 m", "class_area_km2": 0.6173106221842605, "flooded_area_km2": 2.9222979453693503, "frame_max_depth_m": 132.33808102972478, "class_mean_depth_m": 1.9601724457546785, "scenario_id": "baseline", "model_type": "Automated approximate 2D flood-routing prototype", "validated_hydraulic_output": false}, "geometry": {"type": "Polygon", "coordinates": [[[75.1072275178, 18.075282621099998], [75.1072275178, 18.075004843099997], [75.10667196179999, 18.075004843099997], [75.10667196179999, 18.0747270651], [75.1075052958, 18.0747270651], [75.1075052958, 18.075004843099997], [75.10806085179999, 18.075004843099997], [75.10806085179999, 18.075282621099998], [75.1072275178, 18.075282621099998]]]}}, {"type": "Feature", "properties": {"time_min": 30, "depth_min_m": 1.0, "depth_max_m": 3.0, "depth_class": "1.0\u20133.0 m", "class_area_km2": 0.6173106221842605, "flooded_area_km2": 2.9222979453693503, "frame_max_depth_m": 132.33808102972478, "class_mean_depth_m": 1.9601724457546785, "scenario_id": "baseline", "model_type": "Automated approximate 2D flood-routing prototype", "validated_hydraulic_output": false}, "geometry": {"type": "Polygon", "coordinates": [[[75.1147275238, 18.075004843099997], [75.1147275238, 18.0747270651], [75.1152830798, 18.0747270651], [75.1152830798, 18.075004843099997], [75.1147275238, 18.075004843099997]]]}}, {"type": "Feature", "properties": {"time_min": 30, "depth_min_m": 1.0, "depth_max_m": 3.0, "depth_class": "1.0\u20133.0 m", "class_area_km2": 0.6173106221842605, "flooded_area_km2": 2.9222979453693503, "frame_max_depth_m": 132.33808102972478, "class_mean_depth_m": 1.9601724457546785, "scenario_id": "baseline", "model_type": "Automated approximate 2D flood-routing prototype", "validated_hydraulic_output": false}, "geometry": {"type": "Polygon", "coordinates": [[[75.09472750779999, 18.0744492871], [75.09472750779999, 18.074171509099997], [75.0950052858, 18.074171509099997], [75.0950052858, 18.0744492871], [75.09472750779999, 18.0744492871]]]}}, {"type": "Feature", "properties": {"time_min": 30, "depth_min_m": 1.0, "depth_max_m": 3.0, "depth_class": "1.0\u20133.0 m", "class_area_km2": 0.6173106221842605, "flooded_area_km2": 2.9222979453693503, "frame_max_depth_m": 132.33808102972478, "class_mean_depth_m": 1.9601724457546785, "scenario_id": "baseline", "model_type": "Automated approximate 2D flood-routing prototype", "validated_hydraulic_output": false}, "geometry": {"type": "Polygon", "coordinates": [[[75.1055608498, 18.0755603991], [75.1055608498, 18.075282621099998], [75.10528307179999, 18.075282621099998], [75.10528307179999, 18.075004843099997], [75.1047275158, 18.075004843099997], [75.1047275158, 18.0747270651], [75.10333862579999, 18.0747270651], [75.10333862579999, 18.0744492871], [75.10056084579999, 18.0744492871], [75.10056084579999, 18.075004843099997], [75.10028306779999, 18.075004843099997], [75.10028306779999, 18.073893731099997], [75.10222751379999, 18.073893731099997], [75.10222751379999, 18.074171509099997], [75.1044497378, 18.074171509099997], [75.1044497378, 18.0744492871], [75.10528307179999, 18.0744492871], [75.10528307179999, 18.0747270651], [75.1055608498, 18.0747270651], [75.1055608498, 18.075004843099997], [75.10667196179999, 18.075004843099997], [75.10667196179999, 18.075282621099998], [75.10639418379999, 18.075282621099998], [75.10639418379999, 18.0755603991], [75.1055608498, 18.0755603991]]]}}, {"type": "Feature", "properties": {"time_min": 30, "depth_min_m": 1.0, "depth_max_m": 3.0, "depth_class": "1.0\u20133.0 m", "class_area_km2": 0.6173106221842605, "flooded_area_km2": 2.9222979453693503, "frame_max_depth_m": 132.33808102972478, "class_mean_depth_m": 1.9601724457546785, "scenario_id": "baseline", "model_type": "Automated approximate 2D flood-routing prototype", "validated_hydraulic_output": false}, "geometry": {"type": "Polygon", "coordinates": [[[75.1000052898, 18.073893731099997], [75.1000052898, 18.0736159531], [75.10028306779999, 18.0736159531], [75.10028306779999, 18.073893731099997], [75.1000052898, 18.073893731099997]]]}}, {"type": "Feature", "properties": {"time_min": 30, "depth_min_m": 1.0, "depth_max_m": 3.0, "depth_class": "1.0\u20133.0 m", "class_area_km2": 0.6173106221842605, "flooded_area_km2": 2.9222979453693503, "frame_max_depth_m": 132.33808102972478, "class_mean_depth_m": 1.9601724457546785, "scenario_id": "baseline", "model_type": "Automated approximate 2D flood-routing prototype", "validated_hydraulic_output": false}, "geometry": {"type": "Polygon", "coordinates": [[[75.09889417779999, 18.0736159531], [75.09889417779999, 18.073338175099998], [75.0997275118, 18.073338175099998], [75.0997275118, 18.0736159531], [75.09889417779999, 18.0736159531]]]}}, {"type": "Feature", "properties": {"time_min": 30, "depth_min_m": 1.0, "depth_max_m": 3.0, "depth_class": "1.0\u20133.0 m", "class_area_km2": 0.6173106221842605, "flooded_area_km2": 2.9222979453693503, "frame_max_depth_m": 132.33808102972478, "class_mean_depth_m": 1.9601724457546785, "scenario_id": "baseline", "model_type": "Automated approximate 2D flood-routing prototype", "validated_hydraulic_output": false}, "geometry": {"type": "Polygon", "coordinates": [[[75.0908386158, 18.073338175099998], [75.0908386158, 18.073060397099997], [75.0911163938, 18.073060397099997], [75.0911163938, 18.073338175099998], [75.0908386158, 18.073338175099998]]]}}, {"type": "Feature", "properties": {"time_min": 30, "depth_min_m": 1.0, "depth_max_m": 3.0, "depth_class": "1.0\u20133.0 m", "class_area_km2": 0.6173106221842605, "flooded_area_km2": 2.9222979453693503, "frame_max_depth_m": 132.33808102972478, "class_mean_depth_m": 1.9601724457546785, "scenario_id": "baseline", "model_type": "Automated approximate 2D flood-routing prototype", "validated_hydraulic_output": false}, "geometry": {"type": "Polygon", "coordinates": [[[75.0977830658, 18.073338175099998], [75.0977830658, 18.073060397099997], [75.09889417779999, 18.073060397099997], [75.09889417779999, 18.073338175099998], [75.0977830658, 18.073338175099998]]]}}, {"type": "Feature", "properties": {"time_min": 30, "depth_min_m": 1.0, "depth_max_m": 3.0, "depth_class": "1.0\u20133.0 m", "class_area_km2": 0.6173106221842605, "flooded_area_km2": 2.9222979453693503, "frame_max_depth_m": 132.33808102972478, "class_mean_depth_m": 1.9601724457546785, "scenario_id": "baseline", "model_type": "Automated approximate 2D flood-routing prototype", "validated_hydraulic_output": false}, "geometry": {"type": "Polygon", "coordinates": [[[75.1166719698, 18.073060397099997], [75.1166719698, 18.072782619099996], [75.11722752579999, 18.072782619099996], [75.11722752579999, 18.073060397099997], [75.1166719698, 18.073060397099997]]]}}, {"type": "Feature", "properties": {"time_min": 30, "depth_min_m": 1.0, "depth_max_m": 3.0, "depth_class": "1.0\u20133.0 m", "class_area_km2": 0.6173106221842605, "flooded_area_km2": 2.9222979453693503, "frame_max_depth_m": 132.33808102972478, "class_mean_depth_m": 1.9601724457546785, "scenario_id": "baseline", "model_type": "Automated approximate 2D flood-routing prototype", "validated_hydraulic_output": false}, "geometry": {"type": "Polygon", "coordinates": [[[75.0905608378, 18.072782619099996], [75.0905608378, 18.0725048411], [75.0908386158, 18.0725048411], [75.0908386158, 18.072782619099996], [75.0905608378, 18.072782619099996]]]}}, {"type": "Feature", "properties": {"time_min": 30, "depth_min_m": 1.0, "depth_max_m": 3.0, "depth_class": "1.0\u20133.0 m", "class_area_km2": 0.6173106221842605, "flooded_area_km2": 2.9222979453693503, "frame_max_depth_m": 132.33808102972478, "class_mean_depth_m": 1.9601724457546785, "scenario_id": "baseline", "model_type": "Automated approximate 2D flood-routing prototype", "validated_hydraulic_output": false}, "geometry": {"type": "Polygon", "coordinates": [[[75.1119497438, 18.0777826231], [75.1119497438, 18.077504845099998], [75.11139418779999, 18.077504845099998], [75.11139418779999, 18.077227067099997], [75.1108386318, 18.077227067099997], [75.1108386318, 18.076949289099996], [75.1116719658, 18.076949289099996], [75.1116719658, 18.0766715111], [75.11278307779999, 18.0766715111], [75.11278307779999, 18.076949289099996], [75.11389418979999, 18.076949289099996], [75.11389418979999, 18.077227067099997], [75.1147275238, 18.077227067099997], [75.1147275238, 18.076949289099996], [75.11556085779999, 18.076949289099996], [75.11556085779999, 18.0766715111], [75.1163941918, 18.0766715111], [75.1163941918, 18.076393733099998], [75.11694974779999, 18.076393733099998], [75.11694974779999, 18.076115955099997], [75.1175053038, 18.076115955099997], [75.1175053038, 18.0758381771], [75.1177830818, 18.0758381771], [75.1177830818, 18.075004843099997], [75.1175053038, 18.075004843099997], [75.1175053038, 18.0736159531], [75.1177830818, 18.0736159531], [75.1177830818, 18.073338175099998], [75.1180608598, 18.073338175099998], [75.1180608598, 18.073060397099997], [75.11861641579999, 18.073060397099997], [75.11861641579999, 18.072782619099996], [75.1175053038, 18.072782619099996], [75.1175053038, 18.0725048411], [75.11889419379999, 18.0725048411], [75.11889419379999, 18.073338175099998], [75.1183386378, 18.073338175099998], [75.1183386378, 18.074171509099997], [75.11861641579999, 18.074171509099997], [75.11861641579999, 18.075004843099997], [75.11889419379999, 18.075004843099997], [75.11889419379999, 18.075282621099998], [75.1194497498, 18.075282621099998], [75.1194497498, 18.0755603991], [75.1197275278, 18.0755603991], [75.1197275278, 18.0758381771], [75.12000530579999, 18.0758381771], [75.12000530579999, 18.076115955099997], [75.1197275278, 18.076115955099997], [75.1197275278, 18.0766715111], [75.1194497498, 18.0766715111], [75.1194497498, 18.076949289099996], [75.1191719718, 18.076949289099996], [75.1191719718, 18.0766715111], [75.1177830818, 18.0766715111], [75.1177830818, 18.076949289099996], [75.1166719698, 18.076949289099996], [75.1166719698, 18.077227067099997], [75.1163941918, 18.077227067099997], [75.1163941918, 18.077504845099998], [75.1152830798, 18.077504845099998], [75.1152830798, 18.0777826231], [75.1130608558, 18.0777826231], [75.1130608558, 18.077504845099998], [75.1122275218, 18.077504845099998], [75.1122275218, 18.0777826231], [75.1119497438, 18.0777826231]]]}}, {"type": "Feature", "properties": {"time_min": 30, "depth_min_m": 1.0, "depth_max_m": 3.0, "depth_class": "1.0\u20133.0 m", "class_area_km2": 0.6173106221842605, "flooded_area_km2": 2.9222979453693503, "frame_max_depth_m": 132.33808102972478, "class_mean_depth_m": 1.9601724457546785, "scenario_id": "baseline", "model_type": "Automated approximate 2D flood-routing prototype", "validated_hydraulic_output": false}, "geometry": {"type": "Polygon", "coordinates": [[[75.09278306179999, 18.076393733099998], [75.09278306179999, 18.076115955099997], [75.0925052838, 18.076115955099997], [75.0925052838, 18.0758381771], [75.0922275058, 18.0758381771], [75.0922275058, 18.075282621099998], [75.0919497278, 18.075282621099998], [75.0919497278, 18.075004843099997], [75.09167194979999, 18.075004843099997], [75.09167194979999, 18.0744492871], [75.09139417179999, 18.0744492871], [75.09139417179999, 18.074171509099997], [75.0919497278, 18.074171509099997], [75.0919497278, 18.073893731099997], [75.0911163938, 18.073893731099997], [75.0911163938, 18.0736159531], [75.09278306179999, 18.0736159531], [75.09278306179999, 18.073338175099998], [75.0938941738, 18.073338175099998], [75.0938941738, 18.073060397099997], [75.09417195179999, 18.073060397099997], [75.09417195179999, 18.072782619099996], [75.09472750779999, 18.072782619099996], [75.09472750779999, 18.072227063099998], [75.09583861979999, 18.072227063099998], [75.09583861979999, 18.0725048411], [75.0966719538, 18.0725048411], [75.0966719538, 18.072782619099996], [75.0977830658, 18.072782619099996], [75.0977830658, 18.073060397099997], [75.09583861979999, 18.073060397099997], [75.09583861979999, 18.072782619099996], [75.0955608418, 18.072782619099996], [75.0955608418, 18.0736159531], [75.0950052858, 18.0736159531], [75.0950052858, 18.073338175099998], [75.09444972979999, 18.073338175099998], [75.09444972979999, 18.073893731099997], [75.09472750779999, 18.073893731099997], [75.09472750779999, 18.074171509099997], [75.09444972979999, 18.074171509099997], [75.09444972979999, 18.0744492871], [75.0933386178, 18.0744492871], [75.0933386178, 18.0747270651], [75.09306083979999, 18.0747270651], [75.09306083979999, 18.075282621099998], [75.0933386178, 18.075282621099998], [75.0933386178, 18.076115955099997], [75.09306083979999, 18.076115955099997], [75.09306083979999, 18.076393733099998], [75.09278306179999, 18.076393733099998]]]}}, {"type": "Feature", "properties": {"time_min": 30, "depth_min_m": 1.0, "depth_max_m": 3.0, "depth_class": "1.0\u20133.0 m", "class_area_km2": 0.6173106221842605, "flooded_area_km2": 2.9222979453693503, "frame_max_depth_m": 132.33808102972478, "class_mean_depth_m": 1.9601724457546785, "scenario_id": "baseline", "model_type": "Automated approximate 2D flood-routing prototype", "validated_hydraulic_output": false}, "geometry": {"type": "Polygon", "coordinates": [[[75.1130608558, 18.072782619099996], [75.1130608558, 18.0725048411], [75.1122275218, 18.0725048411], [75.1122275218, 18.072227063099998], [75.11389418979999, 18.072227063099998], [75.11389418979999, 18.0725048411], [75.11556085779999, 18.0725048411], [75.11556085779999, 18.072782619099996], [75.1130608558, 18.072782619099996]]]}}, {"type": "Feature", "properties": {"time_min": 30, "depth_min_m": 1.0, "depth_max_m": 3.0, "depth_class": "1.0\u20133.0 m", "class_area_km2": 0.6173106221842605, "flooded_area_km2": 2.9222979453693503, "frame_max_depth_m": 132.33808102972478, "class_mean_depth_m": 1.9601724457546785, "scenario_id": "baseline", "model_type": "Automated approximate 2D flood-routing prototype", "validated_hydraulic_output": false}, "geometry": {"type": "Polygon", "coordinates": [[[75.11111640979999, 18.072227063099998], [75.11111640979999, 18.071949285099997], [75.1122275218, 18.071949285099997], [75.1122275218, 18.072227063099998], [75.11111640979999, 18.072227063099998]]]}}, {"type": "Feature", "properties": {"time_min": 30, "depth_min_m": 1.0, "depth_max_m": 3.0, "depth_class": "1.0\u20133.0 m", "class_area_km2": 0.6173106221842605, "flooded_area_km2": 2.9222979453693503, "frame_max_depth_m": 132.33808102972478, "class_mean_depth_m": 1.9601724457546785, "scenario_id": "baseline", "model_type": "Automated approximate 2D flood-routing prototype", "validated_hydraulic_output": false}, "geometry": {"type": "Polygon", "coordinates": [[[75.10972751979999, 18.071949285099997], [75.10972751979999, 18.0716715071], [75.11111640979999, 18.0716715071], [75.11111640979999, 18.071949285099997], [75.10972751979999, 18.071949285099997]]]}}, {"type": "Feature", "properties": {"time_min": 30, "depth_min_m": 1.0, "depth_max_m": 3.0, "depth_class": "1.0\u20133.0 m", "class_area_km2": 0.6173106221842605, "flooded_area_km2": 2.9222979453693503, "frame_max_depth_m": 132.33808102972478, "class_mean_depth_m": 1.9601724457546785, "scenario_id": "baseline", "model_type": "Automated approximate 2D flood-routing prototype", "validated_hydraulic_output": false}, "geometry": {"type": "Polygon", "coordinates": [[[75.10833862979999, 18.0716715071], [75.10833862979999, 18.0713937291], [75.10972751979999, 18.0713937291], [75.10972751979999, 18.0716715071], [75.10833862979999, 18.0716715071]]]}}, {"type": "Feature", "properties": {"time_min": 30, "depth_min_m": 1.0, "depth_max_m": 3.0, "depth_class": "1.0\u20133.0 m", "class_area_km2": 0.6173106221842605, "flooded_area_km2": 2.9222979453693503, "frame_max_depth_m": 132.33808102972478, "class_mean_depth_m": 1.9601724457546785, "scenario_id": "baseline", "model_type": "Automated approximate 2D flood-routing prototype", "validated_hydraulic_output": false}, "geometry": {"type": "Polygon", "coordinates": [[[75.10528307179999, 18.0713937291], [75.10528307179999, 18.071115951099998], [75.10500529379999, 18.071115951099998], [75.10500529379999, 18.070838173099997], [75.1047275158, 18.070838173099997], [75.1047275158, 18.0705603951], [75.1058386278, 18.0705603951], [75.1058386278, 18.070838173099997], [75.1069497398, 18.070838173099997], [75.1069497398, 18.071115951099998], [75.1075052958, 18.071115951099998], [75.1075052958, 18.0713937291], [75.10667196179999, 18.0713937291], [75.10667196179999, 18.071115951099998], [75.1058386278, 18.071115951099998], [75.1058386278, 18.0713937291], [75.10528307179999, 18.0713937291]]]}}, {"type": "Feature", "properties": {"time_min": 30, "depth_min_m": 1.0, "depth_max_m": 3.0, "depth_class": "1.0\u20133.0 m", "class_area_km2": 0.6173106221842605, "flooded_area_km2": 2.9222979453693503, "frame_max_depth_m": 132.33808102972478, "class_mean_depth_m": 1.9601724457546785, "scenario_id": "baseline", "model_type": "Automated approximate 2D flood-routing prototype", "validated_hydraulic_output": false}, "geometry": {"type": "Polygon", "coordinates": [[[75.1038941818, 18.0705603951], [75.1038941818, 18.0702826171], [75.1044497378, 18.0702826171], [75.1044497378, 18.0705603951], [75.1038941818, 18.0705603951]]]}}, {"type": "Feature", "properties": {"time_min": 30, "depth_min_m": 1.0, "depth_max_m": 3.0, "depth_class": "1.0\u20133.0 m", "class_area_km2": 0.6173106221842605, "flooded_area_km2": 2.9222979453693503, "frame_max_depth_m": 132.33808102972478, "class_mean_depth_m": 1.9601724457546785, "scenario_id": "baseline", "model_type": "Automated approximate 2D flood-routing prototype", "validated_hydraulic_output": false}, "geometry": {"type": "Polygon", "coordinates": [[[75.10194973579999, 18.0705603951], [75.10194973579999, 18.0702826171], [75.10222751379999, 18.0702826171], [75.10222751379999, 18.070004839099997], [75.1025052918, 18.070004839099997], [75.1025052918, 18.0702826171], [75.10333862579999, 18.0702826171], [75.10333862579999, 18.0705603951], [75.10194973579999, 18.0705603951]]]}}, {"type": "Feature", "properties": {"time_min": 30, "depth_min_m": 1.0, "depth_max_m": 3.0, "depth_class": "1.0\u20133.0 m", "class_area_km2": 0.6173106221842605, "flooded_area_km2": 2.9222979453693503, "frame_max_depth_m": 132.33808102972478, "class_mean_depth_m": 1.9601724457546785, "scenario_id": "baseline", "model_type": "Automated approximate 2D flood-routing prototype", "validated_hydraulic_output": false}, "geometry": {"type": "Polygon", "coordinates": [[[75.10333862579999, 18.0702826171], [75.10333862579999, 18.070004839099997], [75.1038941818, 18.070004839099997], [75.1038941818, 18.0702826171], [75.10333862579999, 18.0702826171]]]}}, {"type": "Feature", "properties": {"time_min": 30, "depth_min_m": 1.0, "depth_max_m": 3.0, "depth_class": "1.0\u20133.0 m", "class_area_km2": 0.6173106221842605, "flooded_area_km2": 2.9222979453693503, "frame_max_depth_m": 132.33808102972478, "class_mean_depth_m": 1.9601724457546785, "scenario_id": "baseline", "model_type": "Automated approximate 2D flood-routing prototype", "validated_hydraulic_output": false}, "geometry": {"type": "Polygon", "coordinates": [[[75.09750528779999, 18.069171505099998], [75.09750528779999, 18.068893727099997], [75.0977830658, 18.068893727099997], [75.0977830658, 18.068615949099996], [75.0980608438, 18.068615949099996], [75.0980608438, 18.069171505099998], [75.09750528779999, 18.069171505099998]]]}}, {"type": "Feature", "properties": {"time_min": 30, "depth_min_m": 1.0, "depth_max_m": 3.0, "depth_class": "1.0\u20133.0 m", "class_area_km2": 0.6173106221842605, "flooded_area_km2": 2.9222979453693503, "frame_max_depth_m": 132.33808102972478, "class_mean_depth_m": 1.9601724457546785, "scenario_id": "baseline", "model_type": "Automated approximate 2D flood-routing prototype", "validated_hydraulic_output": false}, "geometry": {"type": "Polygon", "coordinates": [[[75.0911163938, 18.073060397099997], [75.0911163938, 18.0725048411], [75.0908386158, 18.0725048411], [75.0908386158, 18.072227063099998], [75.0905608378, 18.072227063099998], [75.0905608378, 18.0716715071], [75.0908386158, 18.0716715071], [75.0908386158, 18.0713937291], [75.09139417179999, 18.0713937291], [75.09139417179999, 18.0716715071], [75.09167194979999, 18.0716715071], [75.09167194979999, 18.0713937291], [75.0919497278, 18.0713937291], [75.0919497278, 18.071115951099998], [75.0922275058, 18.071115951099998], [75.0922275058, 18.070838173099997], [75.0919497278, 18.070838173099997], [75.0919497278, 18.0705603951], [75.09167194979999, 18.0705603951], [75.09167194979999, 18.070004839099997], [75.09139417179999, 18.070004839099997], [75.09139417179999, 18.069727061099996], [75.0905608378, 18.069727061099996], [75.0905608378, 18.0694492831], [75.0902830598, 18.0694492831], [75.0902830598, 18.069171505099998], [75.09000528179999, 18.069171505099998], [75.09000528179999, 18.0683381711], [75.08972750379999, 18.0683381711], [75.08972750379999, 18.0672270591], [75.0894497258, 18.0672270591], [75.0894497258, 18.066671503099997], [75.08972750379999, 18.066671503099997], [75.08972750379999, 18.066949281099998], [75.0902830598, 18.066949281099998], [75.0902830598, 18.0672270591], [75.0905608378, 18.0672270591], [75.0905608378, 18.067782615099997], [75.0908386158, 18.067782615099997], [75.0908386158, 18.068060393099998], [75.09139417179999, 18.068060393099998], [75.09139417179999, 18.0683381711], [75.0911163938, 18.0683381711], [75.0911163938, 18.068893727099997], [75.09139417179999, 18.068893727099997], [75.09139417179999, 18.069171505099998], [75.09167194979999, 18.069171505099998], [75.09167194979999, 18.0694492831], [75.0919497278, 18.0694492831], [75.0919497278, 18.069727061099996], [75.0922275058, 18.069727061099996], [75.0922275058, 18.0702826171], [75.0925052838, 18.0702826171], [75.0925052838, 18.0705603951], [75.09278306179999, 18.0705603951], [75.09278306179999, 18.070838173099997], [75.09306083979999, 18.070838173099997], [75.09306083979999, 18.071115951099998], [75.0933386178, 18.071115951099998], [75.0933386178, 18.0713937291], [75.0936163958, 18.0713937291], [75.0936163958, 18.0716715071], [75.09417195179999, 18.0716715071], [75.09417195179999, 18.071949285099997], [75.09444972979999, 18.071949285099997], [75.09444972979999, 18.072227063099998], [75.09417195179999, 18.072227063099998], [75.09417195179999, 18.0725048411], [75.0936163958, 18.0725048411], [75.0936163958, 18.072782619099996], [75.0922275058, 18.072782619099996], [75.0922275058, 18.073060397099997], [75.0911163938, 18.073060397099997]]]}}, {"type": "Feature", "properties": {"time_min": 30, "depth_min_m": 1.0, "depth_max_m": 3.0, "depth_class": "1.0\u20133.0 m", "class_area_km2": 0.6173106221842605, "flooded_area_km2": 2.9222979453693503, "frame_max_depth_m": 132.33808102972478, "class_mean_depth_m": 1.9601724457546785, "scenario_id": "baseline", "model_type": "Automated approximate 2D flood-routing prototype", "validated_hydraulic_output": false}, "geometry": {"type": "Polygon", "coordinates": [[[75.1025052918, 18.0675048371], [75.1025052918, 18.0672270591], [75.1016719578, 18.0672270591], [75.1016719578, 18.066671503099997], [75.1027830698, 18.066671503099997], [75.1027830698, 18.0675048371], [75.1025052918, 18.0675048371]]]}}, {"type": "Feature", "properties": {"time_min": 30, "depth_min_m": 1.0, "depth_max_m": 3.0, "depth_class": "1.0\u20133.0 m", "class_area_km2": 0.6173106221842605, "flooded_area_km2": 2.9222979453693503, "frame_max_depth_m": 132.33808102972478, "class_mean_depth_m": 1.9601724457546785, "scenario_id": "baseline", "model_type": "Automated approximate 2D flood-routing prototype", "validated_hydraulic_output": false}, "geometry": {"type": "Polygon", "coordinates": [[[75.1011164018, 18.0702826171], [75.1011164018, 18.070004839099997], [75.10056084579999, 18.070004839099997], [75.10056084579999, 18.069727061099996], [75.0994497338, 18.069727061099996], [75.0994497338, 18.0694492831], [75.09917195579999, 18.0694492831], [75.09917195579999, 18.069171505099998], [75.09889417779999, 18.069171505099998], [75.09889417779999, 18.068893727099997], [75.0986163998, 18.068893727099997], [75.0986163998, 18.068060393099998], [75.0980608438, 18.068060393099998], [75.0980608438, 18.0675048371], [75.09722750979999, 18.0675048371], [75.09722750979999, 18.0672270591], [75.0966719538, 18.0672270591], [75.0966719538, 18.066949281099998], [75.09583861979999, 18.066949281099998], [75.09583861979999, 18.067782615099997], [75.0955608418, 18.067782615099997], [75.0955608418, 18.068060393099998], [75.0952830638, 18.068060393099998], [75.0952830638, 18.067782615099997], [75.0950052858, 18.067782615099997], [75.0950052858, 18.0672270591], [75.09472750779999, 18.0672270591], [75.09472750779999, 18.066949281099998], [75.09444972979999, 18.066949281099998], [75.09444972979999, 18.0661159471], [75.09417195179999, 18.0661159471], [75.09417195179999, 18.065560391099996], [75.09472750779999, 18.065560391099996], [75.09472750779999, 18.065838169099997], [75.0963941758, 18.065838169099997], [75.0963941758, 18.0661159471], [75.0969497318, 18.0661159471], [75.0969497318, 18.0663937251], [75.09722750979999, 18.0663937251], [75.09722750979999, 18.066671503099997], [75.0977830658, 18.066671503099997], [75.0977830658, 18.066949281099998], [75.0983386218, 18.066949281099998], [75.0983386218, 18.0672270591], [75.09889417779999, 18.0672270591], [75.09889417779999, 18.0675048371], [75.09917195579999, 18.0675048371], [75.09917195579999, 18.067782615099997], [75.0994497338, 18.067782615099997], [75.0994497338, 18.068060393099998], [75.10056084579999, 18.068060393099998], [75.10056084579999, 18.067782615099997], [75.1008386238, 18.067782615099997], [75.1008386238, 18.069171505099998], [75.1011164018, 18.069171505099998], [75.1011164018, 18.069727061099996], [75.1013941798, 18.069727061099996], [75.1013941798, 18.070004839099997], [75.1016719578, 18.070004839099997], [75.1016719578, 18.0702826171], [75.1011164018, 18.0702826171]], [[75.0955608418, 18.066949281099998], [75.09583861979999, 18.066949281099998], [75.09583861979999, 18.0661159471], [75.0955608418, 18.0661159471], [75.0955608418, 18.066949281099998]]]}}, {"type": "Feature", "properties": {"time_min": 30, "depth_min_m": 1.0, "depth_max_m": 3.0, "depth_class": "1.0\u20133.0 m", "class_area_km2": 0.6173106221842605, "flooded_area_km2": 2.9222979453693503, "frame_max_depth_m": 132.33808102972478, "class_mean_depth_m": 1.9601724457546785, "scenario_id": "baseline", "model_type": "Automated approximate 2D flood-routing prototype", "validated_hydraulic_output": false}, "geometry": {"type": "Polygon", "coordinates": [[[75.0933386178, 18.065560391099996], [75.0933386178, 18.0652826131], [75.09306083979999, 18.0652826131], [75.09306083979999, 18.065004835099998], [75.09278306179999, 18.065004835099998], [75.09278306179999, 18.064449279099996], [75.0922275058, 18.064449279099996], [75.0922275058, 18.0641715011], [75.0919497278, 18.0641715011], [75.0919497278, 18.063893723099998], [75.09139417179999, 18.063893723099998], [75.09139417179999, 18.0633381671], [75.0922275058, 18.0633381671], [75.0922275058, 18.063615945099997], [75.0925052838, 18.063615945099997], [75.0925052838, 18.063893723099998], [75.09278306179999, 18.063893723099998], [75.09278306179999, 18.0641715011], [75.09306083979999, 18.0641715011], [75.09306083979999, 18.064727057099997], [75.0933386178, 18.064727057099997], [75.0933386178, 18.065004835099998], [75.0938941738, 18.065004835099998], [75.0938941738, 18.0652826131], [75.09417195179999, 18.0652826131], [75.09417195179999, 18.065560391099996], [75.0933386178, 18.065560391099996]]]}}, {"type": "Feature", "properties": {"time_min": 30, "depth_min_m": 3.0, "depth_max_m": 6.0, "depth_class": "3.0\u20136.0 m", "class_area_km2": 0.7851757913747173, "flooded_area_km2": 2.9222979453693503, "frame_max_depth_m": 132.33808102972478, "class_mean_depth_m": 4.2634945253695316, "scenario_id": "baseline", "model_type": "Automated approximate 2D flood-routing prototype", "validated_hydraulic_output": false}, "geometry": {"type": "Polygon", "coordinates": [[[75.1313942038, 18.091671523099997], [75.1313942038, 18.0911159671], [75.1316719818, 18.0911159671], [75.1316719818, 18.091671523099997], [75.1313942038, 18.091671523099997]]]}}, {"type": "Feature", "properties": {"time_min": 30, "depth_min_m": 3.0, "depth_max_m": 6.0, "depth_class": "3.0\u20136.0 m", "class_area_km2": 0.7851757913747173, "flooded_area_km2": 2.9222979453693503, "frame_max_depth_m": 132.33808102972478, "class_mean_depth_m": 4.2634945253695316, "scenario_id": "baseline", "model_type": "Automated approximate 2D flood-routing prototype", "validated_hydraulic_output": false}, "geometry": {"type": "Polygon", "coordinates": [[[75.1316719818, 18.0911159671], [75.1316719818, 18.0902826331], [75.13222753779999, 18.0902826331], [75.13222753779999, 18.090838189099998], [75.1319497598, 18.090838189099998], [75.1319497598, 18.0911159671], [75.1316719818, 18.0911159671]]]}}, {"type": "Feature", "properties": {"time_min": 30, "depth_min_m": 3.0, "depth_max_m": 6.0, "depth_class": "3.0\u20136.0 m", "class_area_km2": 0.7851757913747173, "flooded_area_km2": 2.9222979453693503, "frame_max_depth_m": 132.33808102972478, "class_mean_depth_m": 4.2634945253695316, "scenario_id": "baseline", "model_type": "Automated approximate 2D flood-routing prototype", "validated_hydraulic_output": false}, "geometry": {"type": "Polygon", "coordinates": [[[75.13222753779999, 18.0900048551], [75.13222753779999, 18.089449299099996], [75.13250531579999, 18.089449299099996], [75.13250531579999, 18.0900048551], [75.13222753779999, 18.0900048551]]]}}, {"type": "Feature", "properties": {"time_min": 30, "depth_min_m": 3.0, "depth_max_m": 6.0, "depth_class": "3.0\u20136.0 m", "class_area_km2": 0.7851757913747173, "flooded_area_km2": 2.9222979453693503, "frame_max_depth_m": 132.33808102972478, "class_mean_depth_m": 4.2634945253695316, "scenario_id": "baseline", "model_type": "Automated approximate 2D flood-routing prototype", "validated_hydraulic_output": false}, "geometry": {"type": "Polygon", "coordinates": [[[75.13250531579999, 18.089449299099996], [75.13250531579999, 18.088615965099997], [75.1327830938, 18.088615965099997], [75.1327830938, 18.0880604091], [75.1330608718, 18.0880604091], [75.1330608718, 18.088893743099998], [75.1327830938, 18.088893743099998], [75.1327830938, 18.089449299099996], [75.13250531579999, 18.089449299099996]]]}}, {"type": "Feature", "properties": {"time_min": 30, "depth_min_m": 3.0, "depth_max_m": 6.0, "depth_class": "3.0\u20136.0 m", "class_area_km2": 0.7851757913747173, "flooded_area_km2": 2.9222979453693503, "frame_max_depth_m": 132.33808102972478, "class_mean_depth_m": 4.2634945253695316, "scenario_id": "baseline", "model_type": "Automated approximate 2D flood-routing prototype", "validated_hydraulic_output": false}, "geometry": {"type": "Polygon", "coordinates": [[[75.1330608718, 18.0880604091], [75.1330608718, 18.087782631099998], [75.1333386498, 18.087782631099998], [75.1333386498, 18.0880604091], [75.1330608718, 18.0880604091]]]}}, {"type": "Feature", "properties": {"time_min": 30, "depth_min_m": 3.0, "depth_max_m": 6.0, "depth_class": "3.0\u20136.0 m", "class_area_km2": 0.7851757913747173, "flooded_area_km2": 2.9222979453693503, "frame_max_depth_m": 132.33808102972478, "class_mean_depth_m": 4.2634945253695316, "scenario_id": "baseline", "model_type": "Automated approximate 2D flood-routing prototype", "validated_hydraulic_output": false}, "geometry": {"type": "Polygon", "coordinates": [[[75.13361642779999, 18.087782631099998], [75.13361642779999, 18.087504853099997], [75.13389420579999, 18.087504853099997], [75.13389420579999, 18.087782631099998], [75.13361642779999, 18.087782631099998]]]}}, {"type": "Feature", "properties": {"time_min": 30, "depth_min_m": 3.0, "depth_max_m": 6.0, "depth_class": "3.0\u20136.0 m", "class_area_km2": 0.7851757913747173, "flooded_area_km2": 2.9222979453693503, "frame_max_depth_m": 132.33808102972478, "class_mean_depth_m": 4.2634945253695316, "scenario_id": "baseline", "model_type": "Automated approximate 2D flood-routing prototype", "validated_hydraulic_output": false}, "geometry": {"type": "Polygon", "coordinates": [[[75.13222753779999, 18.087504853099997], [75.13222753779999, 18.0872270751], [75.13250531579999, 18.0872270751], [75.13250531579999, 18.087504853099997], [75.13222753779999, 18.087504853099997]]]}}, {"type": "Feature", "properties": {"time_min": 30, "depth_min_m": 3.0, "depth_max_m": 6.0, "depth_class": "3.0\u20136.0 m", "class_area_km2": 0.7851757913747173, "flooded_area_km2": 2.9222979453693503, "frame_max_depth_m": 132.33808102972478, "class_mean_depth_m": 4.2634945253695316, "scenario_id": "baseline", "model_type": "Automated approximate 2D flood-routing prototype", "validated_hydraulic_output": false}, "geometry": {"type": "Polygon", "coordinates": [[[75.13389420579999, 18.0869492971], [75.13389420579999, 18.086671519099998], [75.13417198379999, 18.086671519099998], [75.13417198379999, 18.0869492971], [75.13389420579999, 18.0869492971]]]}}, {"type": "Feature", "properties": {"time_min": 30, "depth_min_m": 3.0, "depth_max_m": 6.0, "depth_class": "3.0\u20136.0 m", "class_area_km2": 0.7851757913747173, "flooded_area_km2": 2.9222979453693503, "frame_max_depth_m": 132.33808102972478, "class_mean_depth_m": 4.2634945253695316, "scenario_id": "baseline", "model_type": "Automated approximate 2D flood-routing prototype", "validated_hydraulic_output": false}, "geometry": {"type": "Polygon", "coordinates": [[[75.13361642779999, 18.086671519099998], [75.13361642779999, 18.086393741099997], [75.13389420579999, 18.086393741099997], [75.13389420579999, 18.086671519099998], [75.13361642779999, 18.086671519099998]]]}}, {"type": "Feature", "properties": {"time_min": 30, "depth_min_m": 3.0, "depth_max_m": 6.0, "depth_class": "3.0\u20136.0 m", "class_area_km2": 0.7851757913747173, "flooded_area_km2": 2.9222979453693503, "frame_max_depth_m": 132.33808102972478, "class_mean_depth_m": 4.2634945253695316, "scenario_id": "baseline", "model_type": "Automated approximate 2D flood-routing prototype", "validated_hydraulic_output": false}, "geometry": {"type": "Polygon", "coordinates": [[[75.1347275398, 18.0861159631], [75.1347275398, 18.0858381851], [75.1350053178, 18.0858381851], [75.1350053178, 18.0861159631], [75.1347275398, 18.0861159631]]]}}, {"type": "Feature", "properties": {"time_min": 30, "depth_min_m": 3.0, "depth_max_m": 6.0, "depth_class": "3.0\u20136.0 m", "class_area_km2": 0.7851757913747173, "flooded_area_km2": 2.9222979453693503, "frame_max_depth_m": 132.33808102972478, "class_mean_depth_m": 4.2634945253695316, "scenario_id": "baseline", "model_type": "Automated approximate 2D flood-routing prototype", "validated_hydraulic_output": false}, "geometry": {"type": "Polygon", "coordinates": [[[75.1333386498, 18.0858381851], [75.1333386498, 18.085560407099997], [75.13361642779999, 18.085560407099997], [75.13361642779999, 18.0858381851], [75.1333386498, 18.0858381851]]]}}, {"type": "Feature", "properties": {"time_min": 30, "depth_min_m": 3.0, "depth_max_m": 6.0, "depth_class": "3.0\u20136.0 m", "class_area_km2": 0.7851757913747173, "flooded_area_km2": 2.9222979453693503, "frame_max_depth_m": 132.33808102972478, "class_mean_depth_m": 4.2634945253695316, "scenario_id": "baseline", "model_type": "Automated approximate 2D flood-routing prototype", "validated_hydraulic_output": false}, "geometry": {"type": "Polygon", "coordinates": [[[75.1344497618, 18.085282629099996], [75.1344497618, 18.0850048511], [75.1347275398, 18.0850048511], [75.1347275398, 18.085282629099996], [75.1344497618, 18.085282629099996]]]}}, {"type": "Feature", "properties": {"time_min": 30, "depth_min_m": 3.0, "depth_max_m": 6.0, "depth_class": "3.0\u20136.0 m", "class_area_km2": 0.7851757913747173, "flooded_area_km2": 2.9222979453693503, "frame_max_depth_m": 132.33808102972478, "class_mean_depth_m": 4.2634945253695316, "scenario_id": "baseline", "model_type": "Automated approximate 2D flood-routing prototype", "validated_hydraulic_output": false}, "geometry": {"type": "Polygon", "coordinates": [[[75.13389420579999, 18.084727073099998], [75.13389420579999, 18.084449295099997], [75.13417198379999, 18.084449295099997], [75.13417198379999, 18.084727073099998], [75.13389420579999, 18.084727073099998]]]}}, {"type": "Feature", "properties": {"time_min": 30, "depth_min_m": 3.0, "depth_max_m": 6.0, "depth_class": "3.0\u20136.0 m", "class_area_km2": 0.7851757913747173, "flooded_area_km2": 2.9222979453693503, "frame_max_depth_m": 132.33808102972478, "class_mean_depth_m": 4.2634945253695316, "scenario_id": "baseline", "model_type": "Automated approximate 2D flood-routing prototype", "validated_hydraulic_output": false}, "geometry": {"type": "Polygon", "coordinates": [[[75.1350053178, 18.084449295099997], [75.1350053178, 18.0841715171], [75.13528309579999, 18.0841715171], [75.13528309579999, 18.084449295099997], [75.1350053178, 18.084449295099997]]]}}, {"type": "Feature", "properties": {"time_min": 30, "depth_min_m": 3.0, "depth_max_m": 6.0, "depth_class": "3.0\u20136.0 m", "class_area_km2": 0.7851757913747173, "flooded_area_km2": 2.9222979453693503, "frame_max_depth_m": 132.33808102972478, "class_mean_depth_m": 4.2634945253695316, "scenario_id": "baseline", "model_type": "Automated approximate 2D flood-routing prototype", "validated_hydraulic_output": false}, "geometry": {"type": "Polygon", "coordinates": [[[75.13694976379999, 18.084449295099997], [75.13694976379999, 18.0841715171], [75.1372275418, 18.0841715171], [75.1372275418, 18.084449295099997], [75.13694976379999, 18.084449295099997]]]}}, {"type": "Feature", "properties": {"time_min": 30, "depth_min_m": 3.0, "depth_max_m": 6.0, "depth_class": "3.0\u20136.0 m", "class_area_km2": 0.7851757913747173, "flooded_area_km2": 2.9222979453693503, "frame_max_depth_m": 132.33808102972478, "class_mean_depth_m": 4.2634945253695316, "scenario_id": "baseline", "model_type": "Automated approximate 2D flood-routing prototype", "validated_hydraulic_output": false}, "geometry": {"type": "Polygon", "coordinates": [[[75.1347275398, 18.0841715171], [75.1347275398, 18.0838937391], [75.1350053178, 18.0838937391], [75.1350053178, 18.0841715171], [75.1347275398, 18.0841715171]]]}}, {"type": "Feature", "properties": {"time_min": 30, "depth_min_m": 3.0, "depth_max_m": 6.0, "depth_class": "3.0\u20136.0 m", "class_area_km2": 0.7851757913747173, "flooded_area_km2": 2.9222979453693503, "frame_max_depth_m": 132.33808102972478, "class_mean_depth_m": 4.2634945253695316, "scenario_id": "baseline", "model_type": "Automated approximate 2D flood-routing prototype", "validated_hydraulic_output": false}, "geometry": {"type": "Polygon", "coordinates": [[[75.1375053198, 18.0841715171], [75.1375053198, 18.0838937391], [75.1380608758, 18.0838937391], [75.1380608758, 18.0841715171], [75.1375053198, 18.0841715171]]]}}, {"type": "Feature", "properties": {"time_min": 30, "depth_min_m": 3.0, "depth_max_m": 6.0, "depth_class": "3.0\u20136.0 m", "class_area_km2": 0.7851757913747173, "flooded_area_km2": 2.9222979453693503, "frame_max_depth_m": 132.33808102972478, "class_mean_depth_m": 4.2634945253695316, "scenario_id": "baseline", "model_type": "Automated approximate 2D flood-routing prototype", "validated_hydraulic_output": false}, "geometry": {"type": "Polygon", "coordinates": [[[75.1347275398, 18.083615961099998], [75.1347275398, 18.083338183099997], [75.1350053178, 18.083338183099997], [75.1350053178, 18.083615961099998], [75.1347275398, 18.083615961099998]]]}}, {"type": "Feature", "properties": {"time_min": 30, "depth_min_m": 3.0, "depth_max_m": 6.0, "depth_class": "3.0\u20136.0 m", "class_area_km2": 0.7851757913747173, "flooded_area_km2": 2.9222979453693503, "frame_max_depth_m": 132.33808102972478, "class_mean_depth_m": 4.2634945253695316, "scenario_id": "baseline", "model_type": "Automated approximate 2D flood-routing prototype", "validated_hydraulic_output": false}, "geometry": {"type": "Polygon", "coordinates": [[[75.1350053178, 18.083338183099997], [75.1350053178, 18.0830604051], [75.13528309579999, 18.0830604051], [75.13528309579999, 18.0827826271], [75.13556087379999, 18.0827826271], [75.13556087379999, 18.082504849099998], [75.1358386518, 18.082504849099998], [75.1358386518, 18.0830604051], [75.13556087379999, 18.0830604051], [75.13556087379999, 18.083338183099997], [75.1350053178, 18.083338183099997]]]}}, {"type": "Feature", "properties": {"time_min": 30, "depth_min_m": 3.0, "depth_max_m": 6.0, "depth_class": "3.0\u20136.0 m", "class_area_km2": 0.7851757913747173, "flooded_area_km2": 2.9222979453693503, "frame_max_depth_m": 132.33808102972478, "class_mean_depth_m": 4.2634945253695316, "scenario_id": "baseline", "model_type": "Automated approximate 2D flood-routing prototype", "validated_hydraulic_output": false}, "geometry": {"type": "Polygon", "coordinates": [[[75.1344497618, 18.082504849099998], [75.1344497618, 18.082227071099997], [75.13556087379999, 18.082227071099997], [75.13556087379999, 18.082504849099998], [75.1344497618, 18.082504849099998]]]}}, {"type": "Feature", "properties": {"time_min": 30, "depth_min_m": 3.0, "depth_max_m": 6.0, "depth_class": "3.0\u20136.0 m", "class_area_km2": 0.7851757913747173, "flooded_area_km2": 2.9222979453693503, "frame_max_depth_m": 132.33808102972478, "class_mean_depth_m": 4.2634945253695316, "scenario_id": "baseline", "model_type": "Automated approximate 2D flood-routing prototype", "validated_hydraulic_output": false}, "geometry": {"type": "Polygon", "coordinates": [[[75.13250531579999, 18.080560403099998], [75.13250531579999, 18.080282625099997], [75.1330608718, 18.080282625099997], [75.1330608718, 18.080560403099998], [75.13250531579999, 18.080560403099998]]]}}, {"type": "Feature", "properties": {"time_min": 30, "depth_min_m": 3.0, "depth_max_m": 6.0, "depth_class": "3.0\u20136.0 m", "class_area_km2": 0.7851757913747173, "flooded_area_km2": 2.9222979453693503, "frame_max_depth_m": 132.33808102972478, "class_mean_depth_m": 4.2634945253695316, "scenario_id": "baseline", "model_type": "Automated approximate 2D flood-routing prototype", "validated_hydraulic_output": false}, "geometry": {"type": "Polygon", "coordinates": [[[75.1086164078, 18.0755603991], [75.1086164078, 18.075282621099998], [75.10806085179999, 18.075282621099998], [75.10806085179999, 18.075004843099997], [75.1075052958, 18.075004843099997], [75.1075052958, 18.0747270651], [75.10833862979999, 18.0747270651], [75.10833862979999, 18.075004843099997], [75.1088941858, 18.075004843099997], [75.1088941858, 18.075282621099998], [75.1091719638, 18.075282621099998], [75.1091719638, 18.0755603991], [75.1086164078, 18.0755603991]]]}}, {"type": "Feature", "properties": {"time_min": 30, "depth_min_m": 3.0, "depth_max_m": 6.0, "depth_class": "3.0\u20136.0 m", "class_area_km2": 0.7851757913747173, "flooded_area_km2": 2.9222979453693503, "frame_max_depth_m": 132.33808102972478, "class_mean_depth_m": 4.2634945253695316, "scenario_id": "baseline", "model_type": "Automated approximate 2D flood-routing prototype", "validated_hydraulic_output": false}, "geometry": {"type": "Polygon", "coordinates": [[[75.0911163938, 18.074171509099997], [75.0911163938, 18.073893731099997], [75.0919497278, 18.073893731099997], [75.0919497278, 18.074171509099997], [75.0911163938, 18.074171509099997]]]}}, {"type": "Feature", "properties": {"time_min": 30, "depth_min_m": 3.0, "depth_max_m": 6.0, "depth_class": "3.0\u20136.0 m", "class_area_km2": 0.7851757913747173, "flooded_area_km2": 2.9222979453693503, "frame_max_depth_m": 132.33808102972478, "class_mean_depth_m": 4.2634945253695316, "scenario_id": "baseline", "model_type": "Automated approximate 2D flood-routing prototype", "validated_hydraulic_output": false}, "geometry": {"type": "Polygon", "coordinates": [[[75.10361640379999, 18.073060397099997], [75.10361640379999, 18.072782619099996], [75.1038941818, 18.072782619099996], [75.1038941818, 18.073060397099997], [75.10361640379999, 18.073060397099997]]]}}, {"type": "Feature", "properties": {"time_min": 30, "depth_min_m": 3.0, "depth_max_m": 6.0, "depth_class": "3.0\u20136.0 m", "class_area_km2": 0.7851757913747173, "flooded_area_km2": 2.9222979453693503, "frame_max_depth_m": 132.33808102972478, "class_mean_depth_m": 4.2634945253695316, "scenario_id": "baseline", "model_type": "Automated approximate 2D flood-routing prototype", "validated_hydraulic_output": false}, "geometry": {"type": "Polygon", "coordinates": [[[75.1055608498, 18.075004843099997], [75.1055608498, 18.0747270651], [75.10528307179999, 18.0747270651], [75.10528307179999, 18.0744492871], [75.1044497378, 18.0744492871], [75.1044497378, 18.074171509099997], [75.10222751379999, 18.074171509099997], [75.10222751379999, 18.073893731099997], [75.10028306779999, 18.073893731099997], [75.10028306779999, 18.0736159531], [75.0997275118, 18.0736159531], [75.0997275118, 18.073338175099998], [75.09889417779999, 18.073338175099998], [75.09889417779999, 18.073060397099997], [75.0977830658, 18.073060397099997], [75.0977830658, 18.072782619099996], [75.0966719538, 18.072782619099996], [75.0966719538, 18.0725048411], [75.09583861979999, 18.0725048411], [75.09583861979999, 18.072227063099998], [75.09472750779999, 18.072227063099998], [75.09472750779999, 18.072782619099996], [75.09417195179999, 18.072782619099996], [75.09417195179999, 18.073060397099997], [75.0938941738, 18.073060397099997], [75.0938941738, 18.073338175099998], [75.09278306179999, 18.073338175099998], [75.09278306179999, 18.0736159531], [75.0908386158, 18.0736159531], [75.0908386158, 18.073338175099998], [75.0911163938, 18.073338175099998], [75.0911163938, 18.073060397099997], [75.0922275058, 18.073060397099997], [75.0922275058, 18.072782619099996], [75.0936163958, 18.072782619099996], [75.0936163958, 18.0725048411], [75.09417195179999, 18.0725048411], [75.09417195179999, 18.072227063099998], [75.09444972979999, 18.072227063099998], [75.09444972979999, 18.071949285099997], [75.09417195179999, 18.071949285099997], [75.09417195179999, 18.0716715071], [75.0936163958, 18.0716715071], [75.0936163958, 18.0713937291], [75.0933386178, 18.0713937291], [75.0933386178, 18.071115951099998], [75.09306083979999, 18.071115951099998], [75.09306083979999, 18.070838173099997], [75.09278306179999, 18.070838173099997], [75.09278306179999, 18.0705603951], [75.0925052838, 18.0705603951], [75.0925052838, 18.0702826171], [75.0922275058, 18.0702826171], [75.0922275058, 18.069727061099996], [75.0919497278, 18.069727061099996], [75.0919497278, 18.0694492831], [75.09167194979999, 18.0694492831], [75.09167194979999, 18.069171505099998], [75.09139417179999, 18.069171505099998], [75.09139417179999, 18.068893727099997], [75.0911163938, 18.068893727099997], [75.0911163938, 18.0683381711], [75.09139417179999, 18.0683381711], [75.09139417179999, 18.068060393099998], [75.0908386158, 18.068060393099998], [75.0908386158, 18.067782615099997], [75.0905608378, 18.067782615099997], [75.0905608378, 18.0672270591], [75.0902830598, 18.0672270591], [75.0902830598, 18.066949281099998], [75.08972750379999, 18.066949281099998], [75.08972750379999, 18.066671503099997], [75.0894497258, 18.066671503099997], [75.0894497258, 18.065560391099996], [75.0891719478, 18.065560391099996], [75.0891719478, 18.064727057099997], [75.0894497258, 18.064727057099997], [75.0894497258, 18.065004835099998], [75.08972750379999, 18.065004835099998], [75.08972750379999, 18.0652826131], [75.09000528179999, 18.0652826131], [75.09000528179999, 18.065560391099996], [75.0902830598, 18.065560391099996], [75.0902830598, 18.065838169099997], [75.0905608378, 18.065838169099997], [75.0905608378, 18.0661159471], [75.0911163938, 18.0661159471], [75.0911163938, 18.0663937251], [75.09139417179999, 18.0663937251], [75.09139417179999, 18.066949281099998], [75.09167194979999, 18.066949281099998], [75.09167194979999, 18.067782615099997], [75.0919497278, 18.067782615099997], [75.0919497278, 18.068615949099996], [75.0922275058, 18.068615949099996], [75.0922275058, 18.068893727099997], [75.0925052838, 18.068893727099997], [75.0925052838, 18.069171505099998], [75.09278306179999, 18.069171505099998], [75.09278306179999, 18.069727061099996], [75.09306083979999, 18.069727061099996], [75.09306083979999, 18.070004839099997], [75.0933386178, 18.070004839099997], [75.0933386178, 18.0702826171], [75.0936163958, 18.0702826171], [75.0936163958, 18.070838173099997], [75.0938941738, 18.070838173099997], [75.0938941738, 18.071115951099998], [75.09444972979999, 18.071115951099998], [75.09444972979999, 18.0713937291], [75.09472750779999, 18.0713937291], [75.09472750779999, 18.0716715071], [75.09611639779999, 18.0716715071], [75.09611639779999, 18.071949285099997], [75.0969497318, 18.071949285099997], [75.0969497318, 18.072227063099998], [75.0977830658, 18.072227063099998], [75.0977830658, 18.0725048411], [75.0986163998, 18.0725048411], [75.0986163998, 18.072782619099996], [75.0994497338, 18.072782619099996], [75.0994497338, 18.073060397099997], [75.10028306779999, 18.073060397099997], [75.10028306779999, 18.073338175099998], [75.1008386238, 18.073338175099998], [75.1008386238, 18.073060397099997], [75.1011164018, 18.073060397099997], [75.1011164018, 18.073338175099998], [75.1027830698, 18.073338175099998], [75.1027830698, 18.0736159531], [75.1030608478, 18.0736159531], [75.1030608478, 18.073893731099997], [75.10333862579999, 18.073893731099997], [75.10333862579999, 18.0736159531], [75.10361640379999, 18.0736159531], [75.10361640379999, 18.073338175099998], [75.1038941818, 18.073338175099998], [75.1038941818, 18.0736159531], [75.1047275158, 18.0736159531], [75.1047275158, 18.073893731099997], [75.10528307179999, 18.073893731099997], [75.10528307179999, 18.074171509099997], [75.1069497398, 18.074171509099997], [75.1069497398, 18.0744492871], [75.1075052958, 18.0744492871], [75.1075052958, 18.0747270651], [75.10667196179999, 18.0747270651], [75.10667196179999, 18.075004843099997], [75.1055608498, 18.075004843099997]]]}}, {"type": "Feature", "properties": {"time_min": 30, "depth_min_m": 3.0, "depth_max_m": 6.0, "depth_class": "3.0\u20136.0 m", "class_area_km2": 0.7851757913747173, "flooded_area_km2": 2.9222979453693503, "frame_max_depth_m": 132.33808102972478, "class_mean_depth_m": 4.2634945253695316, "scenario_id": "baseline", "model_type": "Automated approximate 2D flood-routing prototype", "validated_hydraulic_output": false}, "geometry": {"type": "Polygon", "coordinates": [[[75.11389418979999, 18.077227067099997], [75.11389418979999, 18.076949289099996], [75.11278307779999, 18.076949289099996], [75.11278307779999, 18.0766715111], [75.1116719658, 18.0766715111], [75.1116719658, 18.076949289099996], [75.1108386318, 18.076949289099996], [75.1108386318, 18.0766715111], [75.1102830758, 18.0766715111], [75.1102830758, 18.076393733099998], [75.10972751979999, 18.076393733099998], [75.10972751979999, 18.076115955099997], [75.10944974179999, 18.076115955099997], [75.10944974179999, 18.0758381771], [75.1091719638, 18.0758381771], [75.1091719638, 18.0755603991], [75.1100052978, 18.0755603991], [75.1100052978, 18.0758381771], [75.1102830758, 18.0758381771], [75.1102830758, 18.076115955099997], [75.1105608538, 18.076115955099997], [75.1105608538, 18.076393733099998], [75.11139418779999, 18.076393733099998], [75.11139418779999, 18.0755603991], [75.1116719658, 18.0755603991], [75.1116719658, 18.0744492871], [75.1119497438, 18.0744492871], [75.1119497438, 18.072782619099996], [75.11111640979999, 18.072782619099996], [75.11111640979999, 18.0725048411], [75.10806085179999, 18.0725048411], [75.10806085179999, 18.072782619099996], [75.1077830738, 18.072782619099996], [75.1077830738, 18.0725048411], [75.1075052958, 18.0725048411], [75.1075052958, 18.072227063099998], [75.1069497398, 18.072227063099998], [75.1069497398, 18.071949285099997], [75.1055608498, 18.071949285099997], [75.1055608498, 18.0716715071], [75.1047275158, 18.0716715071], [75.1047275158, 18.071115951099998], [75.1027830698, 18.071115951099998], [75.1027830698, 18.070838173099997], [75.1011164018, 18.070838173099997], [75.1011164018, 18.0705603951], [75.0997275118, 18.0705603951], [75.0997275118, 18.0702826171], [75.0983386218, 18.0702826171], [75.0983386218, 18.070004839099997], [75.09750528779999, 18.070004839099997], [75.09750528779999, 18.069727061099996], [75.0969497318, 18.069727061099996], [75.0969497318, 18.0694492831], [75.0966719538, 18.0694492831], [75.0966719538, 18.069171505099998], [75.09611639779999, 18.069171505099998], [75.09611639779999, 18.068893727099997], [75.09583861979999, 18.068893727099997], [75.09583861979999, 18.068615949099996], [75.0955608418, 18.068615949099996], [75.0955608418, 18.0683381711], [75.0950052858, 18.0683381711], [75.0950052858, 18.068060393099998], [75.09472750779999, 18.068060393099998], [75.09472750779999, 18.067782615099997], [75.09444972979999, 18.067782615099997], [75.09444972979999, 18.0675048371], [75.09417195179999, 18.0675048371], [75.09417195179999, 18.0672270591], [75.0938941738, 18.0672270591], [75.0938941738, 18.066949281099998], [75.0936163958, 18.066949281099998], [75.0936163958, 18.066671503099997], [75.0933386178, 18.066671503099997], [75.0933386178, 18.0661159471], [75.09306083979999, 18.0661159471], [75.09306083979999, 18.065838169099997], [75.0925052838, 18.065838169099997], [75.0925052838, 18.065560391099996], [75.0922275058, 18.065560391099996], [75.0922275058, 18.065004835099998], [75.0919497278, 18.065004835099998], [75.0919497278, 18.064727057099997], [75.09167194979999, 18.064727057099997], [75.09167194979999, 18.064449279099996], [75.09139417179999, 18.064449279099996], [75.09139417179999, 18.0641715011], [75.0908386158, 18.0641715011], [75.0908386158, 18.063893723099998], [75.0905608378, 18.063893723099998], [75.0905608378, 18.063615945099997], [75.0902830598, 18.063615945099997], [75.0902830598, 18.0630603891], [75.0911163938, 18.0630603891], [75.0911163938, 18.0633381671], [75.09139417179999, 18.0633381671], [75.09139417179999, 18.063893723099998], [75.0919497278, 18.063893723099998], [75.0919497278, 18.0641715011], [75.0922275058, 18.0641715011], [75.0922275058, 18.064449279099996], [75.09278306179999, 18.064449279099996], [75.09278306179999, 18.065004835099998], [75.09306083979999, 18.065004835099998], [75.09306083979999, 18.0652826131], [75.0933386178, 18.0652826131], [75.0933386178, 18.065560391099996], [75.09417195179999, 18.065560391099996], [75.09417195179999, 18.0661159471], [75.09444972979999, 18.0661159471], [75.09444972979999, 18.066949281099998], [75.09472750779999, 18.066949281099998], [75.09472750779999, 18.0672270591], [75.0950052858, 18.0672270591], [75.0950052858, 18.067782615099997], [75.0952830638, 18.067782615099997], [75.0952830638, 18.068060393099998], [75.0955608418, 18.068060393099998], [75.0955608418, 18.067782615099997], [75.09583861979999, 18.067782615099997], [75.09583861979999, 18.066949281099998], [75.0966719538, 18.066949281099998], [75.0966719538, 18.0672270591], [75.09722750979999, 18.0672270591], [75.09722750979999, 18.0675048371], [75.0980608438, 18.0675048371], [75.0980608438, 18.068060393099998], [75.0986163998, 18.068060393099998], [75.0986163998, 18.068893727099997], [75.09889417779999, 18.068893727099997], [75.09889417779999, 18.069171505099998], [75.09917195579999, 18.069171505099998], [75.09917195579999, 18.0694492831], [75.0994497338, 18.0694492831], [75.0994497338, 18.069727061099996], [75.10056084579999, 18.069727061099996], [75.10056084579999, 18.070004839099997], [75.1011164018, 18.070004839099997], [75.1011164018, 18.0702826171], [75.10194973579999, 18.0702826171], [75.10194973579999, 18.0705603951], [75.10333862579999, 18.0705603951], [75.10333862579999, 18.0702826171], [75.1038941818, 18.0702826171], [75.1038941818, 18.0705603951], [75.1047275158, 18.0705603951], [75.1047275158, 18.070838173099997], [75.10500529379999, 18.070838173099997], [75.10500529379999, 18.071115951099998], [75.10528307179999, 18.071115951099998], [75.10528307179999, 18.0713937291], [75.1058386278, 18.0713937291], [75.1058386278, 18.071115951099998], [75.10667196179999, 18.071115951099998], [75.10667196179999, 18.0713937291], [75.10833862979999, 18.0713937291], [75.10833862979999, 18.0716715071], [75.10972751979999, 18.0716715071], [75.10972751979999, 18.071949285099997], [75.11111640979999, 18.071949285099997], [75.11111640979999, 18.072227063099998], [75.1122275218, 18.072227063099998], [75.1122275218, 18.0725048411], [75.1130608558, 18.0725048411], [75.1130608558, 18.072782619099996], [75.1166719698, 18.072782619099996], [75.1166719698, 18.073060397099997], [75.11722752579999, 18.073060397099997], [75.11722752579999, 18.072782619099996], [75.11861641579999, 18.072782619099996], [75.11861641579999, 18.073060397099997], [75.1180608598, 18.073060397099997], [75.1180608598, 18.073338175099998], [75.1177830818, 18.073338175099998], [75.1177830818, 18.0736159531], [75.1175053038, 18.0736159531], [75.1175053038, 18.075004843099997], [75.1177830818, 18.075004843099997], [75.1177830818, 18.0758381771], [75.1175053038, 18.0758381771], [75.1175053038, 18.076115955099997], [75.11694974779999, 18.076115955099997], [75.11694974779999, 18.076393733099998], [75.1163941918, 18.076393733099998], [75.1163941918, 18.0766715111], [75.11556085779999, 18.0766715111], [75.11556085779999, 18.076949289099996], [75.1147275238, 18.076949289099996], [75.1147275238, 18.077227067099997], [75.11389418979999, 18.077227067099997]], [[75.1147275238, 18.075004843099997], [75.1152830798, 18.075004843099997], [75.1152830798, 18.0747270651], [75.1147275238, 18.0747270651], [75.1147275238, 18.075004843099997]], [[75.09750528779999, 18.069171505099998], [75.0980608438, 18.069171505099998], [75.0980608438, 18.068615949099996], [75.0977830658, 18.068615949099996], [75.0977830658, 18.068893727099997], [75.09750528779999, 18.068893727099997], [75.09750528779999, 18.069171505099998]]]}}, {"type": "Feature", "properties": {"time_min": 30, "depth_min_m": 6.0, "depth_max_m": null, "depth_class": "6.0+ m", "class_area_km2": 1.2075462170797377, "flooded_area_km2": 2.9222979453693503, "frame_max_depth_m": 132.33808102972478, "class_mean_depth_m": 20.700134620051703, "scenario_id": "baseline", "model_type": "Automated approximate 2D flood-routing prototype", "validated_hydraulic_output": false}, "geometry": {"type": "Polygon", "coordinates": [[[75.13389420579999, 18.092782635099997], [75.13389420579999, 18.092504857099996], [75.13417198379999, 18.092504857099996], [75.13417198379999, 18.092782635099997], [75.13389420579999, 18.092782635099997]]]}}, {"type": "Feature", "properties": {"time_min": 30, "depth_min_m": 6.0, "depth_max_m": null, "depth_class": "6.0+ m", "class_area_km2": 1.2075462170797377, "flooded_area_km2": 2.9222979453693503, "frame_max_depth_m": 132.33808102972478, "class_mean_depth_m": 20.700134620051703, "scenario_id": "baseline", "model_type": "Automated approximate 2D flood-routing prototype", "validated_hydraulic_output": false}, "geometry": {"type": "Polygon", "coordinates": [[[75.1302830918, 18.0933381911], [75.1302830918, 18.093060413099998], [75.1297275358, 18.093060413099998], [75.1297275358, 18.092504857099996], [75.1305608698, 18.092504857099996], [75.1305608698, 18.0922270791], [75.1313942038, 18.0922270791], [75.1313942038, 18.091671523099997], [75.1316719818, 18.091671523099997], [75.1316719818, 18.0911159671], [75.1319497598, 18.0911159671], [75.1319497598, 18.090838189099998], [75.13222753779999, 18.090838189099998], [75.13222753779999, 18.0900048551], [75.13250531579999, 18.0900048551], [75.13250531579999, 18.089449299099996], [75.1327830938, 18.089449299099996], [75.1327830938, 18.088893743099998], [75.1330608718, 18.088893743099998], [75.1330608718, 18.0880604091], [75.1333386498, 18.0880604091], [75.1333386498, 18.087782631099998], [75.13389420579999, 18.087782631099998], [75.13389420579999, 18.0869492971], [75.13417198379999, 18.0869492971], [75.13417198379999, 18.086671519099998], [75.13389420579999, 18.086671519099998], [75.13389420579999, 18.086393741099997], [75.13361642779999, 18.086393741099997], [75.13361642779999, 18.085560407099997], [75.1333386498, 18.085560407099997], [75.1333386498, 18.085282629099996], [75.13361642779999, 18.085282629099996], [75.13361642779999, 18.084727073099998], [75.13417198379999, 18.084727073099998], [75.13417198379999, 18.084449295099997], [75.1344497618, 18.084449295099997], [75.1344497618, 18.085560407099997], [75.1347275398, 18.085560407099997], [75.1347275398, 18.0861159631], [75.1350053178, 18.0861159631], [75.1350053178, 18.084727073099998], [75.13528309579999, 18.084727073099998], [75.13528309579999, 18.0841715171], [75.1350053178, 18.0841715171], [75.1350053178, 18.0838937391], [75.1347275398, 18.0838937391], [75.1347275398, 18.083615961099998], [75.1350053178, 18.083615961099998], [75.1350053178, 18.083338183099997], [75.13556087379999, 18.083338183099997], [75.13556087379999, 18.0838937391], [75.1358386518, 18.0838937391], [75.1358386518, 18.0841715171], [75.1361164298, 18.0841715171], [75.1361164298, 18.084449295099997], [75.1372275418, 18.084449295099997], [75.1372275418, 18.0841715171], [75.1380608758, 18.0841715171], [75.1380608758, 18.0838937391], [75.13833865379999, 18.0838937391], [75.13833865379999, 18.084727073099998], [75.1377830978, 18.084727073099998], [75.1377830978, 18.0850048511], [75.13833865379999, 18.0850048511], [75.13833865379999, 18.085282629099996], [75.13861643179999, 18.085282629099996], [75.13861643179999, 18.085560407099997], [75.13833865379999, 18.085560407099997], [75.13833865379999, 18.086393741099997], [75.1377830978, 18.086393741099997], [75.1377830978, 18.086671519099998], [75.1375053198, 18.086671519099998], [75.1375053198, 18.0872270751], [75.1380608758, 18.0872270751], [75.1380608758, 18.0869492971], [75.13833865379999, 18.0869492971], [75.13833865379999, 18.087782631099998], [75.1380608758, 18.087782631099998], [75.1380608758, 18.087504853099997], [75.1377830978, 18.087504853099997], [75.1377830978, 18.088338187099996], [75.1375053198, 18.088338187099996], [75.1375053198, 18.088615965099997], [75.1377830978, 18.088615965099997], [75.1377830978, 18.088893743099998], [75.1380608758, 18.088893743099998], [75.1380608758, 18.089727077099997], [75.13861643179999, 18.089727077099997], [75.13861643179999, 18.0900048551], [75.1388942098, 18.0900048551], [75.1388942098, 18.0902826331], [75.13861643179999, 18.0902826331], [75.13861643179999, 18.090560411099997], [75.1377830978, 18.090560411099997], [75.1377830978, 18.090838189099998], [75.13667198579999, 18.090838189099998], [75.13667198579999, 18.0911159671], [75.13694976379999, 18.0911159671], [75.13694976379999, 18.091671523099997], [75.1361164298, 18.091671523099997], [75.1361164298, 18.091949301099998], [75.1350053178, 18.091949301099998], [75.1350053178, 18.0922270791], [75.1347275398, 18.0922270791], [75.1347275398, 18.092504857099996], [75.13417198379999, 18.092504857099996], [75.13417198379999, 18.0922270791], [75.13389420579999, 18.0922270791], [75.13389420579999, 18.092504857099996], [75.13361642779999, 18.092504857099996], [75.13361642779999, 18.092782635099997], [75.1333386498, 18.092782635099997], [75.1333386498, 18.093060413099998], [75.1330608718, 18.093060413099998], [75.1330608718, 18.092782635099997], [75.1327830938, 18.092782635099997], [75.1327830938, 18.093060413099998], [75.13083864779999, 18.093060413099998], [75.13083864779999, 18.0933381911], [75.1302830918, 18.0933381911]]]}}, {"type": "Feature", "properties": {"time_min": 30, "depth_min_m": 6.0, "depth_max_m": null, "depth_class": "6.0+ m", "class_area_km2": 1.2075462170797377, "flooded_area_km2": 2.9222979453693503, "frame_max_depth_m": 132.33808102972478, "class_mean_depth_m": 20.700134620051703, "scenario_id": "baseline", "model_type": "Automated approximate 2D flood-routing prototype", "validated_hydraulic_output": false}, "geometry": {"type": "Polygon", "coordinates": [[[75.13528309579999, 18.0827826271], [75.13528309579999, 18.082504849099998], [75.13556087379999, 18.082504849099998], [75.13556087379999, 18.0827826271], [75.13528309579999, 18.0827826271]]]}}, {"type": "Feature", "properties": {"time_min": 30, "depth_min_m": 6.0, "depth_max_m": null, "depth_class": "6.0+ m", "class_area_km2": 1.2075462170797377, "flooded_area_km2": 2.9222979453693503, "frame_max_depth_m": 132.33808102972478, "class_mean_depth_m": 20.700134620051703, "scenario_id": "baseline", "model_type": "Automated approximate 2D flood-routing prototype", "validated_hydraulic_output": false}, "geometry": {"type": "Polygon", "coordinates": [[[75.1105608538, 18.076393733099998], [75.1105608538, 18.076115955099997], [75.1102830758, 18.076115955099997], [75.1102830758, 18.0758381771], [75.1100052978, 18.0758381771], [75.1100052978, 18.0755603991], [75.1091719638, 18.0755603991], [75.1091719638, 18.075282621099998], [75.1088941858, 18.075282621099998], [75.1088941858, 18.075004843099997], [75.10833862979999, 18.075004843099997], [75.10833862979999, 18.0747270651], [75.1075052958, 18.0747270651], [75.1075052958, 18.0744492871], [75.1069497398, 18.0744492871], [75.1069497398, 18.074171509099997], [75.10528307179999, 18.074171509099997], [75.10528307179999, 18.073893731099997], [75.1047275158, 18.073893731099997], [75.1047275158, 18.0736159531], [75.1038941818, 18.0736159531], [75.1038941818, 18.073338175099998], [75.10361640379999, 18.073338175099998], [75.10361640379999, 18.0736159531], [75.10333862579999, 18.0736159531], [75.10333862579999, 18.073893731099997], [75.1030608478, 18.073893731099997], [75.1030608478, 18.0736159531], [75.1027830698, 18.0736159531], [75.1027830698, 18.073338175099998], [75.1011164018, 18.073338175099998], [75.1011164018, 18.073060397099997], [75.1008386238, 18.073060397099997], [75.1008386238, 18.073338175099998], [75.10028306779999, 18.073338175099998], [75.10028306779999, 18.073060397099997], [75.0994497338, 18.073060397099997], [75.0994497338, 18.072782619099996], [75.0986163998, 18.072782619099996], [75.0986163998, 18.0725048411], [75.0977830658, 18.0725048411], [75.0977830658, 18.072227063099998], [75.0969497318, 18.072227063099998], [75.0969497318, 18.071949285099997], [75.09611639779999, 18.071949285099997], [75.09611639779999, 18.0716715071], [75.09472750779999, 18.0716715071], [75.09472750779999, 18.0713937291], [75.09444972979999, 18.0713937291], [75.09444972979999, 18.071115951099998], [75.0938941738, 18.071115951099998], [75.0938941738, 18.070838173099997], [75.0936163958, 18.070838173099997], [75.0936163958, 18.0702826171], [75.0933386178, 18.0702826171], [75.0933386178, 18.070004839099997], [75.09306083979999, 18.070004839099997], [75.09306083979999, 18.069727061099996], [75.09278306179999, 18.069727061099996], [75.09278306179999, 18.069171505099998], [75.0925052838, 18.069171505099998], [75.0925052838, 18.068893727099997], [75.0922275058, 18.068893727099997], [75.0922275058, 18.068615949099996], [75.0919497278, 18.068615949099996], [75.0919497278, 18.067782615099997], [75.09167194979999, 18.067782615099997], [75.09167194979999, 18.066949281099998], [75.09139417179999, 18.066949281099998], [75.09139417179999, 18.0663937251], [75.0911163938, 18.0663937251], [75.0911163938, 18.0661159471], [75.0905608378, 18.0661159471], [75.0905608378, 18.065838169099997], [75.0902830598, 18.065838169099997], [75.0902830598, 18.065560391099996], [75.09000528179999, 18.065560391099996], [75.09000528179999, 18.0652826131], [75.08972750379999, 18.0652826131], [75.08972750379999, 18.065004835099998], [75.0894497258, 18.065004835099998], [75.0894497258, 18.064727057099997], [75.0891719478, 18.064727057099997], [75.0891719478, 18.0641715011], [75.0888941698, 18.0641715011], [75.0888941698, 18.063893723099998], [75.0891719478, 18.063893723099998], [75.0891719478, 18.062782611099998], [75.09000528179999, 18.062782611099998], [75.09000528179999, 18.0630603891], [75.0902830598, 18.0630603891], [75.0902830598, 18.063615945099997], [75.0905608378, 18.063615945099997], [75.0905608378, 18.063893723099998], [75.0908386158, 18.063893723099998], [75.0908386158, 18.0641715011], [75.09139417179999, 18.0641715011], [75.09139417179999, 18.064449279099996], [75.09167194979999, 18.064449279099996], [75.09167194979999, 18.064727057099997], [75.0919497278, 18.064727057099997], [75.0919497278, 18.065004835099998], [75.0922275058, 18.065004835099998], [75.0922275058, 18.065560391099996], [75.0925052838, 18.065560391099996], [75.0925052838, 18.065838169099997], [75.09306083979999, 18.065838169099997], [75.09306083979999, 18.0661159471], [75.0933386178, 18.0661159471], [75.0933386178, 18.066671503099997], [75.0936163958, 18.066671503099997], [75.0936163958, 18.066949281099998], [75.0938941738, 18.066949281099998], [75.0938941738, 18.0672270591], [75.09417195179999, 18.0672270591], [75.09417195179999, 18.0675048371], [75.09444972979999, 18.0675048371], [75.09444972979999, 18.067782615099997], [75.09472750779999, 18.067782615099997], [75.09472750779999, 18.068060393099998], [75.0950052858, 18.068060393099998], [75.0950052858, 18.0683381711], [75.0955608418, 18.0683381711], [75.0955608418, 18.068615949099996], [75.09583861979999, 18.068615949099996], [75.09583861979999, 18.068893727099997], [75.09611639779999, 18.068893727099997], [75.09611639779999, 18.069171505099998], [75.0966719538, 18.069171505099998], [75.0966719538, 18.0694492831], [75.0969497318, 18.0694492831], [75.0969497318, 18.069727061099996], [75.09750528779999, 18.069727061099996], [75.09750528779999, 18.070004839099997], [75.0983386218, 18.070004839099997], [75.0983386218, 18.0702826171], [75.0997275118, 18.0702826171], [75.0997275118, 18.0705603951], [75.1011164018, 18.0705603951], [75.1011164018, 18.070838173099997], [75.1027830698, 18.070838173099997], [75.1027830698, 18.071115951099998], [75.1047275158, 18.071115951099998], [75.1047275158, 18.0716715071], [75.1055608498, 18.0716715071], [75.1055608498, 18.071949285099997], [75.1069497398, 18.071949285099997], [75.1069497398, 18.072227063099998], [75.1075052958, 18.072227063099998], [75.1075052958, 18.0725048411], [75.1077830738, 18.0725048411], [75.1077830738, 18.072782619099996], [75.10806085179999, 18.072782619099996], [75.10806085179999, 18.0725048411], [75.11111640979999, 18.0725048411], [75.11111640979999, 18.072782619099996], [75.1119497438, 18.072782619099996], [75.1119497438, 18.0744492871], [75.1116719658, 18.0744492871], [75.1116719658, 18.0755603991], [75.11139418779999, 18.0755603991], [75.11139418779999, 18.076393733099998], [75.1105608538, 18.076393733099998]], [[75.10361640379999, 18.073060397099997], [75.1038941818, 18.073060397099997], [75.1038941818, 18.072782619099996], [75.10361640379999, 18.072782619099996], [75.10361640379999, 18.073060397099997]]]}}]}