{"type": "FeatureCollection", "features": [{"type": "Feature", "properties": {"time_min": 50, "depth_min_m": 0.05, "depth_max_m": 1.0, "depth_class": "0.05\u20131.0 m", "class_area_km2": 0.043320043662053366, "flooded_area_km2": 1.832076846541007, "frame_max_depth_m": 111.31809952292599, "class_mean_depth_m": 0.5400023702160297, "scenario_id": "baseline", "model_type": "Automated approximate 2D flood-routing prototype", "validated_hydraulic_output": false}, "geometry": {"type": "Polygon", "coordinates": [[[75.1363942078, 18.102227087099998], [75.1363942078, 18.101949309099997], [75.13667198579999, 18.101949309099997], [75.13667198579999, 18.102227087099998], [75.1363942078, 18.102227087099998]]]}}, {"type": "Feature", "properties": {"time_min": 50, "depth_min_m": 0.05, "depth_max_m": 1.0, "depth_class": "0.05\u20131.0 m", "class_area_km2": 0.043320043662053366, "flooded_area_km2": 1.832076846541007, "frame_max_depth_m": 111.31809952292599, "class_mean_depth_m": 0.5400023702160297, "scenario_id": "baseline", "model_type": "Automated approximate 2D flood-routing prototype", "validated_hydraulic_output": false}, "geometry": {"type": "Polygon", "coordinates": [[[75.1363942078, 18.0994493071], [75.1363942078, 18.099171529099998], [75.13667198579999, 18.099171529099998], [75.13667198579999, 18.0994493071], [75.1363942078, 18.0994493071]]]}}, {"type": "Feature", "properties": {"time_min": 50, "depth_min_m": 0.05, "depth_max_m": 1.0, "depth_class": "0.05\u20131.0 m", "class_area_km2": 0.043320043662053366, "flooded_area_km2": 1.832076846541007, "frame_max_depth_m": 111.31809952292599, "class_mean_depth_m": 0.5400023702160297, "scenario_id": "baseline", "model_type": "Automated approximate 2D flood-routing prototype", "validated_hydraulic_output": false}, "geometry": {"type": "Polygon", "coordinates": [[[75.13417198379999, 18.099171529099998], [75.13417198379999, 18.098893751099997], [75.1344497618, 18.098893751099997], [75.1344497618, 18.099171529099998], [75.13417198379999, 18.099171529099998]]]}}, {"type": "Feature", "properties": {"time_min": 50, "depth_min_m": 0.05, "depth_max_m": 1.0, "depth_class": "0.05\u20131.0 m", "class_area_km2": 0.043320043662053366, "flooded_area_km2": 1.832076846541007, "frame_max_depth_m": 111.31809952292599, "class_mean_depth_m": 0.5400023702160297, "scenario_id": "baseline", "model_type": "Automated approximate 2D flood-routing prototype", "validated_hydraulic_output": false}, "geometry": {"type": "Polygon", "coordinates": [[[75.13972754379999, 18.099171529099998], [75.13972754379999, 18.098893751099997], [75.14000532179999, 18.098893751099997], [75.14000532179999, 18.099171529099998], [75.13972754379999, 18.099171529099998]]]}}, {"type": "Feature", "properties": {"time_min": 50, "depth_min_m": 0.05, "depth_max_m": 1.0, "depth_class": "0.05\u20131.0 m", "class_area_km2": 0.043320043662053366, "flooded_area_km2": 1.832076846541007, "frame_max_depth_m": 111.31809952292599, "class_mean_depth_m": 0.5400023702160297, "scenario_id": "baseline", "model_type": "Automated approximate 2D flood-routing prototype", "validated_hydraulic_output": false}, "geometry": {"type": "Polygon", "coordinates": [[[75.13361642779999, 18.099171529099998], [75.13361642779999, 18.0986159731], [75.13417198379999, 18.0986159731], [75.13417198379999, 18.098893751099997], [75.13389420579999, 18.098893751099997], [75.13389420579999, 18.099171529099998], [75.13361642779999, 18.099171529099998]]]}}, {"type": "Feature", "properties": {"time_min": 50, "depth_min_m": 0.05, "depth_max_m": 1.0, "depth_class": "0.05\u20131.0 m", "class_area_km2": 0.043320043662053366, "flooded_area_km2": 1.832076846541007, "frame_max_depth_m": 111.31809952292599, "class_mean_depth_m": 0.5400023702160297, "scenario_id": "baseline", "model_type": "Automated approximate 2D flood-routing prototype", "validated_hydraulic_output": false}, "geometry": {"type": "Polygon", "coordinates": [[[75.14000532179999, 18.098893751099997], [75.14000532179999, 18.0986159731], [75.1402830998, 18.0986159731], [75.1402830998, 18.098893751099997], [75.14000532179999, 18.098893751099997]]]}}, {"type": "Feature", "properties": {"time_min": 50, "depth_min_m": 0.05, "depth_max_m": 1.0, "depth_class": "0.05\u20131.0 m", "class_area_km2": 0.043320043662053366, "flooded_area_km2": 1.832076846541007, "frame_max_depth_m": 111.31809952292599, "class_mean_depth_m": 0.5400023702160297, "scenario_id": "baseline", "model_type": "Automated approximate 2D flood-routing prototype", "validated_hydraulic_output": false}, "geometry": {"type": "Polygon", "coordinates": [[[75.1377830978, 18.098893751099997], [75.1377830978, 18.0986159731], [75.1375053198, 18.0986159731], [75.1375053198, 18.0983381951], [75.1380608758, 18.0983381951], [75.1380608758, 18.098893751099997], [75.1377830978, 18.098893751099997]]]}}, {"type": "Feature", "properties": {"time_min": 50, "depth_min_m": 0.05, "depth_max_m": 1.0, "depth_class": "0.05\u20131.0 m", "class_area_km2": 0.043320043662053366, "flooded_area_km2": 1.832076846541007, "frame_max_depth_m": 111.31809952292599, "class_mean_depth_m": 0.5400023702160297, "scenario_id": "baseline", "model_type": "Automated approximate 2D flood-routing prototype", "validated_hydraulic_output": false}, "geometry": {"type": "Polygon", "coordinates": [[[75.1327830938, 18.0975048611], [75.1327830938, 18.097227083099998], [75.1330608718, 18.097227083099998], [75.1330608718, 18.0975048611], [75.1327830938, 18.0975048611]]]}}, {"type": "Feature", "properties": {"time_min": 50, "depth_min_m": 0.05, "depth_max_m": 1.0, "depth_class": "0.05\u20131.0 m", "class_area_km2": 0.043320043662053366, "flooded_area_km2": 1.832076846541007, "frame_max_depth_m": 111.31809952292599, "class_mean_depth_m": 0.5400023702160297, "scenario_id": "baseline", "model_type": "Automated approximate 2D flood-routing prototype", "validated_hydraulic_output": false}, "geometry": {"type": "Polygon", "coordinates": [[[75.1375053198, 18.097227083099998], [75.1375053198, 18.096949305099997], [75.1377830978, 18.096949305099997], [75.1377830978, 18.097227083099998], [75.1375053198, 18.097227083099998]]]}}, {"type": "Feature", "properties": {"time_min": 50, "depth_min_m": 0.05, "depth_max_m": 1.0, "depth_class": "0.05\u20131.0 m", "class_area_km2": 0.043320043662053366, "flooded_area_km2": 1.832076846541007, "frame_max_depth_m": 111.31809952292599, "class_mean_depth_m": 0.5400023702160297, "scenario_id": "baseline", "model_type": "Automated approximate 2D flood-routing prototype", "validated_hydraulic_output": false}, "geometry": {"type": "Polygon", "coordinates": [[[75.1394497658, 18.097227083099998], [75.1394497658, 18.096949305099997], [75.13972754379999, 18.096949305099997], [75.13972754379999, 18.097227083099998], [75.1394497658, 18.097227083099998]]]}}, {"type": "Feature", "properties": {"time_min": 50, "depth_min_m": 0.05, "depth_max_m": 1.0, "depth_class": "0.05\u20131.0 m", "class_area_km2": 0.043320043662053366, "flooded_area_km2": 1.832076846541007, "frame_max_depth_m": 111.31809952292599, "class_mean_depth_m": 0.5400023702160297, "scenario_id": "baseline", "model_type": "Automated approximate 2D flood-routing prototype", "validated_hydraulic_output": false}, "geometry": {"type": "Polygon", "coordinates": [[[75.13222753779999, 18.096671527099996], [75.13222753779999, 18.0963937491], [75.13250531579999, 18.0963937491], [75.13250531579999, 18.096671527099996], [75.13222753779999, 18.096671527099996]]]}}, {"type": "Feature", "properties": {"time_min": 50, "depth_min_m": 0.05, "depth_max_m": 1.0, "depth_class": "0.05\u20131.0 m", "class_area_km2": 0.043320043662053366, "flooded_area_km2": 1.832076846541007, "frame_max_depth_m": 111.31809952292599, "class_mean_depth_m": 0.5400023702160297, "scenario_id": "baseline", "model_type": "Automated approximate 2D flood-routing prototype", "validated_hydraulic_output": false}, "geometry": {"type": "Polygon", "coordinates": [[[75.1394497658, 18.0955604151], [75.1394497658, 18.0952826371], [75.13972754379999, 18.0952826371], [75.13972754379999, 18.0955604151], [75.1394497658, 18.0955604151]]]}}, {"type": "Feature", "properties": {"time_min": 50, "depth_min_m": 0.05, "depth_max_m": 1.0, "depth_class": "0.05\u20131.0 m", "class_area_km2": 0.043320043662053366, "flooded_area_km2": 1.832076846541007, "frame_max_depth_m": 111.31809952292599, "class_mean_depth_m": 0.5400023702160297, "scenario_id": "baseline", "model_type": "Automated approximate 2D flood-routing prototype", "validated_hydraulic_output": false}, "geometry": {"type": "Polygon", "coordinates": [[[75.1316719818, 18.0955604151], [75.1316719818, 18.095004859099998], [75.1319497598, 18.095004859099998], [75.1319497598, 18.0955604151], [75.1316719818, 18.0955604151]]]}}, {"type": "Feature", "properties": {"time_min": 50, "depth_min_m": 0.05, "depth_max_m": 1.0, "depth_class": "0.05\u20131.0 m", "class_area_km2": 0.043320043662053366, "flooded_area_km2": 1.832076846541007, "frame_max_depth_m": 111.31809952292599, "class_mean_depth_m": 0.5400023702160297, "scenario_id": "baseline", "model_type": "Automated approximate 2D flood-routing prototype", "validated_hydraulic_output": false}, "geometry": {"type": "Polygon", "coordinates": [[[75.1316719818, 18.0944493031], [75.1316719818, 18.0941715251], [75.1319497598, 18.0941715251], [75.1319497598, 18.0944493031], [75.1316719818, 18.0944493031]]]}}, {"type": "Feature", "properties": {"time_min": 50, "depth_min_m": 0.05, "depth_max_m": 1.0, "depth_class": "0.05\u20131.0 m", "class_area_km2": 0.043320043662053366, "flooded_area_km2": 1.832076846541007, "frame_max_depth_m": 111.31809952292599, "class_mean_depth_m": 0.5400023702160297, "scenario_id": "baseline", "model_type": "Automated approximate 2D flood-routing prototype", "validated_hydraulic_output": false}, "geometry": {"type": "Polygon", "coordinates": [[[75.1425053238, 18.0941715251], [75.1425053238, 18.093893747099997], [75.14278310179999, 18.093893747099997], [75.14278310179999, 18.0941715251], [75.1425053238, 18.0941715251]]]}}, {"type": "Feature", "properties": {"time_min": 50, "depth_min_m": 0.05, "depth_max_m": 1.0, "depth_class": "0.05\u20131.0 m", "class_area_km2": 0.043320043662053366, "flooded_area_km2": 1.832076846541007, "frame_max_depth_m": 111.31809952292599, "class_mean_depth_m": 0.5400023702160297, "scenario_id": "baseline", "model_type": "Automated approximate 2D flood-routing prototype", "validated_hydraulic_output": false}, "geometry": {"type": "Polygon", "coordinates": [[[75.14278310179999, 18.093893747099997], [75.14278310179999, 18.093615969099996], [75.14306087979999, 18.093615969099996], [75.14306087979999, 18.093893747099997], [75.14278310179999, 18.093893747099997]]]}}, {"type": "Feature", "properties": {"time_min": 50, "depth_min_m": 0.05, "depth_max_m": 1.0, "depth_class": "0.05\u20131.0 m", "class_area_km2": 0.043320043662053366, "flooded_area_km2": 1.832076846541007, "frame_max_depth_m": 111.31809952292599, "class_mean_depth_m": 0.5400023702160297, "scenario_id": "baseline", "model_type": "Automated approximate 2D flood-routing prototype", "validated_hydraulic_output": false}, "geometry": {"type": "Polygon", "coordinates": [[[75.1388942098, 18.093615969099996], [75.1388942098, 18.0933381911], [75.1391719878, 18.0933381911], [75.1391719878, 18.093615969099996], [75.1388942098, 18.093615969099996]]]}}, {"type": "Feature", "properties": {"time_min": 50, "depth_min_m": 0.05, "depth_max_m": 1.0, "depth_class": "0.05\u20131.0 m", "class_area_km2": 0.043320043662053366, "flooded_area_km2": 1.832076846541007, "frame_max_depth_m": 111.31809952292599, "class_mean_depth_m": 0.5400023702160297, "scenario_id": "baseline", "model_type": "Automated approximate 2D flood-routing prototype", "validated_hydraulic_output": false}, "geometry": {"type": "Polygon", "coordinates": [[[75.1405608778, 18.093615969099996], [75.1405608778, 18.0933381911], [75.1408386558, 18.0933381911], [75.1408386558, 18.093615969099996], [75.1405608778, 18.093615969099996]]]}}, {"type": "Feature", "properties": {"time_min": 50, "depth_min_m": 0.05, "depth_max_m": 1.0, "depth_class": "0.05\u20131.0 m", "class_area_km2": 0.043320043662053366, "flooded_area_km2": 1.832076846541007, "frame_max_depth_m": 111.31809952292599, "class_mean_depth_m": 0.5400023702160297, "scenario_id": "baseline", "model_type": "Automated approximate 2D flood-routing prototype", "validated_hydraulic_output": false}, "geometry": {"type": "Polygon", "coordinates": [[[75.14611643779999, 18.091949301099998], [75.14611643779999, 18.091671523099997], [75.1463942158, 18.091671523099997], [75.1463942158, 18.091949301099998], [75.14611643779999, 18.091949301099998]]]}}, {"type": "Feature", "properties": {"time_min": 50, "depth_min_m": 0.05, "depth_max_m": 1.0, "depth_class": "0.05\u20131.0 m", "class_area_km2": 0.043320043662053366, "flooded_area_km2": 1.832076846541007, "frame_max_depth_m": 111.31809952292599, "class_mean_depth_m": 0.5400023702160297, "scenario_id": "baseline", "model_type": "Automated approximate 2D flood-routing prototype", "validated_hydraulic_output": false}, "geometry": {"type": "Polygon", "coordinates": [[[75.1327830938, 18.091949301099998], [75.1327830938, 18.0913937451], [75.1330608718, 18.0913937451], [75.1330608718, 18.091949301099998], [75.1327830938, 18.091949301099998]]]}}, {"type": "Feature", "properties": {"time_min": 50, "depth_min_m": 0.05, "depth_max_m": 1.0, "depth_class": "0.05\u20131.0 m", "class_area_km2": 0.043320043662053366, "flooded_area_km2": 1.832076846541007, "frame_max_depth_m": 111.31809952292599, "class_mean_depth_m": 0.5400023702160297, "scenario_id": "baseline", "model_type": "Automated approximate 2D flood-routing prototype", "validated_hydraulic_output": false}, "geometry": {"type": "Polygon", "coordinates": [[[75.13250531579999, 18.0913937451], [75.13250531579999, 18.0911159671], [75.1327830938, 18.0911159671], [75.1327830938, 18.0913937451], [75.13250531579999, 18.0913937451]]]}}, {"type": "Feature", "properties": {"time_min": 50, "depth_min_m": 0.05, "depth_max_m": 1.0, "depth_class": "0.05\u20131.0 m", "class_area_km2": 0.043320043662053366, "flooded_area_km2": 1.832076846541007, "frame_max_depth_m": 111.31809952292599, "class_mean_depth_m": 0.5400023702160297, "scenario_id": "baseline", "model_type": "Automated approximate 2D flood-routing prototype", "validated_hydraulic_output": false}, "geometry": {"type": "Polygon", "coordinates": [[[75.14750532779999, 18.0902826331], [75.14750532779999, 18.0900048551], [75.14778310579999, 18.0900048551], [75.14778310579999, 18.0902826331], [75.14750532779999, 18.0902826331]]]}}, {"type": "Feature", "properties": {"time_min": 50, "depth_min_m": 0.05, "depth_max_m": 1.0, "depth_class": "0.05\u20131.0 m", "class_area_km2": 0.043320043662053366, "flooded_area_km2": 1.832076846541007, "frame_max_depth_m": 111.31809952292599, "class_mean_depth_m": 0.5400023702160297, "scenario_id": "baseline", "model_type": "Automated approximate 2D flood-routing prototype", "validated_hydraulic_output": false}, "geometry": {"type": "Polygon", "coordinates": [[[75.1480608838, 18.089727077099997], [75.1480608838, 18.089449299099996], [75.1483386618, 18.089449299099996], [75.1483386618, 18.089727077099997], [75.1480608838, 18.089727077099997]]]}}, {"type": "Feature", "properties": {"time_min": 50, "depth_min_m": 0.05, "depth_max_m": 1.0, "depth_class": "0.05\u20131.0 m", "class_area_km2": 0.043320043662053366, "flooded_area_km2": 1.832076846541007, "frame_max_depth_m": 111.31809952292599, "class_mean_depth_m": 0.5400023702160297, "scenario_id": "baseline", "model_type": "Automated approximate 2D flood-routing prototype", "validated_hydraulic_output": false}, "geometry": {"type": "Polygon", "coordinates": [[[75.13361642779999, 18.0891715211], [75.13361642779999, 18.088893743099998], [75.13389420579999, 18.088893743099998], [75.13389420579999, 18.0891715211], [75.13361642779999, 18.0891715211]]]}}, {"type": "Feature", "properties": {"time_min": 50, "depth_min_m": 0.05, "depth_max_m": 1.0, "depth_class": "0.05\u20131.0 m", "class_area_km2": 0.043320043662053366, "flooded_area_km2": 1.832076846541007, "frame_max_depth_m": 111.31809952292599, "class_mean_depth_m": 0.5400023702160297, "scenario_id": "baseline", "model_type": "Automated approximate 2D flood-routing prototype", "validated_hydraulic_output": false}, "geometry": {"type": "Polygon", "coordinates": [[[75.1466719938, 18.0872270751], [75.1466719938, 18.0869492971], [75.1469497718, 18.0869492971], [75.1469497718, 18.0872270751], [75.1466719938, 18.0872270751]]]}}, {"type": "Feature", "properties": {"time_min": 50, "depth_min_m": 0.05, "depth_max_m": 1.0, "depth_class": "0.05\u20131.0 m", "class_area_km2": 0.043320043662053366, "flooded_area_km2": 1.832076846541007, "frame_max_depth_m": 111.31809952292599, "class_mean_depth_m": 0.5400023702160297, "scenario_id": "baseline", "model_type": "Automated approximate 2D flood-routing prototype", "validated_hydraulic_output": false}, "geometry": {"type": "Polygon", "coordinates": [[[75.14750532779999, 18.0872270751], [75.14750532779999, 18.0869492971], [75.14778310579999, 18.0869492971], [75.14778310579999, 18.0872270751], [75.14750532779999, 18.0872270751]]]}}, {"type": "Feature", "properties": {"time_min": 50, "depth_min_m": 0.05, "depth_max_m": 1.0, "depth_class": "0.05\u20131.0 m", "class_area_km2": 0.043320043662053366, "flooded_area_km2": 1.832076846541007, "frame_max_depth_m": 111.31809952292599, "class_mean_depth_m": 0.5400023702160297, "scenario_id": "baseline", "model_type": "Automated approximate 2D flood-routing prototype", "validated_hydraulic_output": false}, "geometry": {"type": "Polygon", "coordinates": [[[75.1350053178, 18.086671519099998], [75.1350053178, 18.086393741099997], [75.13528309579999, 18.086393741099997], [75.13528309579999, 18.086671519099998], [75.1350053178, 18.086671519099998]]]}}, {"type": "Feature", "properties": {"time_min": 50, "depth_min_m": 0.05, "depth_max_m": 1.0, "depth_class": "0.05\u20131.0 m", "class_area_km2": 0.043320043662053366, "flooded_area_km2": 1.832076846541007, "frame_max_depth_m": 111.31809952292599, "class_mean_depth_m": 0.5400023702160297, "scenario_id": "baseline", "model_type": "Automated approximate 2D flood-routing prototype", "validated_hydraulic_output": false}, "geometry": {"type": "Polygon", "coordinates": [[[75.13389420579999, 18.0861159631], [75.13389420579999, 18.0858381851], [75.13417198379999, 18.0858381851], [75.13417198379999, 18.0861159631], [75.13389420579999, 18.0861159631]]]}}, {"type": "Feature", "properties": {"time_min": 50, "depth_min_m": 0.05, "depth_max_m": 1.0, "depth_class": "0.05\u20131.0 m", "class_area_km2": 0.043320043662053366, "flooded_area_km2": 1.832076846541007, "frame_max_depth_m": 111.31809952292599, "class_mean_depth_m": 0.5400023702160297, "scenario_id": "baseline", "model_type": "Automated approximate 2D flood-routing prototype", "validated_hydraulic_output": false}, "geometry": {"type": "Polygon", "coordinates": [[[75.1455608818, 18.0861159631], [75.1455608818, 18.0858381851], [75.14583865979999, 18.0858381851], [75.14583865979999, 18.0861159631], [75.1455608818, 18.0861159631]]]}}, {"type": "Feature", "properties": {"time_min": 50, "depth_min_m": 0.05, "depth_max_m": 1.0, "depth_class": "0.05\u20131.0 m", "class_area_km2": 0.043320043662053366, "flooded_area_km2": 1.832076846541007, "frame_max_depth_m": 111.31809952292599, "class_mean_depth_m": 0.5400023702160297, "scenario_id": "baseline", "model_type": "Automated approximate 2D flood-routing prototype", "validated_hydraulic_output": false}, "geometry": {"type": "Polygon", "coordinates": [[[75.13667198579999, 18.0858381851], [75.13667198579999, 18.085560407099997], [75.13694976379999, 18.085560407099997], [75.13694976379999, 18.0858381851], [75.13667198579999, 18.0858381851]]]}}, {"type": "Feature", "properties": {"time_min": 50, "depth_min_m": 0.05, "depth_max_m": 1.0, "depth_class": "0.05\u20131.0 m", "class_area_km2": 0.043320043662053366, "flooded_area_km2": 1.832076846541007, "frame_max_depth_m": 111.31809952292599, "class_mean_depth_m": 0.5400023702160297, "scenario_id": "baseline", "model_type": "Automated approximate 2D flood-routing prototype", "validated_hydraulic_output": false}, "geometry": {"type": "Polygon", "coordinates": [[[75.1358386518, 18.085560407099997], [75.1358386518, 18.085282629099996], [75.1361164298, 18.085282629099996], [75.1361164298, 18.085560407099997], [75.1358386518, 18.085560407099997]]]}}, {"type": "Feature", "properties": {"time_min": 50, "depth_min_m": 0.05, "depth_max_m": 1.0, "depth_class": "0.05\u20131.0 m", "class_area_km2": 0.043320043662053366, "flooded_area_km2": 1.832076846541007, "frame_max_depth_m": 111.31809952292599, "class_mean_depth_m": 0.5400023702160297, "scenario_id": "baseline", "model_type": "Automated approximate 2D flood-routing prototype", "validated_hydraulic_output": false}, "geometry": {"type": "Polygon", "coordinates": [[[75.1377830978, 18.085560407099997], [75.1377830978, 18.085282629099996], [75.13861643179999, 18.085282629099996], [75.13861643179999, 18.085560407099997], [75.1377830978, 18.085560407099997]]]}}, {"type": "Feature", "properties": {"time_min": 50, "depth_min_m": 0.05, "depth_max_m": 1.0, "depth_class": "0.05\u20131.0 m", "class_area_km2": 0.043320043662053366, "flooded_area_km2": 1.832076846541007, "frame_max_depth_m": 111.31809952292599, "class_mean_depth_m": 0.5400023702160297, "scenario_id": "baseline", "model_type": "Automated approximate 2D flood-routing prototype", "validated_hydraulic_output": false}, "geometry": {"type": "Polygon", "coordinates": [[[75.1391719878, 18.085560407099997], [75.1391719878, 18.0850048511], [75.1394497658, 18.0850048511], [75.1394497658, 18.085560407099997], [75.1391719878, 18.085560407099997]]]}}, {"type": "Feature", "properties": {"time_min": 50, "depth_min_m": 0.05, "depth_max_m": 1.0, "depth_class": "0.05\u20131.0 m", "class_area_km2": 0.043320043662053366, "flooded_area_km2": 1.832076846541007, "frame_max_depth_m": 111.31809952292599, "class_mean_depth_m": 0.5400023702160297, "scenario_id": "baseline", "model_type": "Automated approximate 2D flood-routing prototype", "validated_hydraulic_output": false}, "geometry": {"type": "Polygon", "coordinates": [[[75.13972754379999, 18.085282629099996], [75.13972754379999, 18.0850048511], [75.14000532179999, 18.0850048511], [75.14000532179999, 18.085282629099996], [75.13972754379999, 18.085282629099996]]]}}, {"type": "Feature", "properties": {"time_min": 50, "depth_min_m": 0.05, "depth_max_m": 1.0, "depth_class": "0.05\u20131.0 m", "class_area_km2": 0.043320043662053366, "flooded_area_km2": 1.832076846541007, "frame_max_depth_m": 111.31809952292599, "class_mean_depth_m": 0.5400023702160297, "scenario_id": "baseline", "model_type": "Automated approximate 2D flood-routing prototype", "validated_hydraulic_output": false}, "geometry": {"type": "Polygon", "coordinates": [[[75.1408386558, 18.0850048511], [75.1408386558, 18.084727073099998], [75.1411164338, 18.084727073099998], [75.1411164338, 18.0850048511], [75.1408386558, 18.0850048511]]]}}, {"type": "Feature", "properties": {"time_min": 50, "depth_min_m": 0.05, "depth_max_m": 1.0, "depth_class": "0.05\u20131.0 m", "class_area_km2": 0.043320043662053366, "flooded_area_km2": 1.832076846541007, "frame_max_depth_m": 111.31809952292599, "class_mean_depth_m": 0.5400023702160297, "scenario_id": "baseline", "model_type": "Automated approximate 2D flood-routing prototype", "validated_hydraulic_output": false}, "geometry": {"type": "Polygon", "coordinates": [[[75.1438942138, 18.084727073099998], [75.1438942138, 18.0841715171], [75.1441719918, 18.0841715171], [75.1441719918, 18.084727073099998], [75.1438942138, 18.084727073099998]]]}}, {"type": "Feature", "properties": {"time_min": 50, "depth_min_m": 0.05, "depth_max_m": 1.0, "depth_class": "0.05\u20131.0 m", "class_area_km2": 0.043320043662053366, "flooded_area_km2": 1.832076846541007, "frame_max_depth_m": 111.31809952292599, "class_mean_depth_m": 0.5400023702160297, "scenario_id": "baseline", "model_type": "Automated approximate 2D flood-routing prototype", "validated_hydraulic_output": false}, "geometry": {"type": "Polygon", "coordinates": [[[75.14278310179999, 18.0838937391], [75.14278310179999, 18.083338183099997], [75.14306087979999, 18.083338183099997], [75.14306087979999, 18.0838937391], [75.14278310179999, 18.0838937391]]]}}, {"type": "Feature", "properties": {"time_min": 50, "depth_min_m": 1.0, "depth_max_m": 3.0, "depth_class": "1.0\u20133.0 m", "class_area_km2": 0.11552011643214231, "flooded_area_km2": 1.832076846541007, "frame_max_depth_m": 111.31809952292599, "class_mean_depth_m": 1.971334004737514, "scenario_id": "baseline", "model_type": "Automated approximate 2D flood-routing prototype", "validated_hydraulic_output": false}, "geometry": {"type": "Polygon", "coordinates": [[[75.13556087379999, 18.102227087099998], [75.13556087379999, 18.101949309099997], [75.1358386518, 18.101949309099997], [75.1358386518, 18.102227087099998], [75.13556087379999, 18.102227087099998]]]}}, {"type": "Feature", "properties": {"time_min": 50, "depth_min_m": 1.0, "depth_max_m": 3.0, "depth_class": "1.0\u20133.0 m", "class_area_km2": 0.11552011643214231, "flooded_area_km2": 1.832076846541007, "frame_max_depth_m": 111.31809952292599, "class_mean_depth_m": 1.971334004737514, "scenario_id": "baseline", "model_type": "Automated approximate 2D flood-routing prototype", "validated_hydraulic_output": false}, "geometry": {"type": "Polygon", "coordinates": [[[75.13694976379999, 18.100004863099997], [75.13694976379999, 18.0994493071], [75.1372275418, 18.0994493071], [75.1372275418, 18.0997270851], [75.1375053198, 18.0997270851], [75.1375053198, 18.100004863099997], [75.13694976379999, 18.100004863099997]]]}}, {"type": "Feature", "properties": {"time_min": 50, "depth_min_m": 1.0, "depth_max_m": 3.0, "depth_class": "1.0\u20133.0 m", "class_area_km2": 0.11552011643214231, "flooded_area_km2": 1.832076846541007, "frame_max_depth_m": 111.31809952292599, "class_mean_depth_m": 1.971334004737514, "scenario_id": "baseline", "model_type": "Automated approximate 2D flood-routing prototype", "validated_hydraulic_output": false}, "geometry": {"type": "Polygon", "coordinates": [[[75.1344497618, 18.0994493071], [75.1344497618, 18.099171529099998], [75.1347275398, 18.099171529099998], [75.1347275398, 18.0994493071], [75.1344497618, 18.0994493071]]]}}, {"type": "Feature", "properties": {"time_min": 50, "depth_min_m": 1.0, "depth_max_m": 3.0, "depth_class": "1.0\u20133.0 m", "class_area_km2": 0.11552011643214231, "flooded_area_km2": 1.832076846541007, "frame_max_depth_m": 111.31809952292599, "class_mean_depth_m": 1.971334004737514, "scenario_id": "baseline", "model_type": "Automated approximate 2D flood-routing prototype", "validated_hydraulic_output": false}, "geometry": {"type": "Polygon", "coordinates": [[[75.13833865379999, 18.0994493071], [75.13833865379999, 18.099171529099998], [75.1388942098, 18.099171529099998], [75.1388942098, 18.0994493071], [75.13833865379999, 18.0994493071]]]}}, {"type": "Feature", "properties": {"time_min": 50, "depth_min_m": 1.0, "depth_max_m": 3.0, "depth_class": "1.0\u20133.0 m", "class_area_km2": 0.11552011643214231, "flooded_area_km2": 1.832076846541007, "frame_max_depth_m": 111.31809952292599, "class_mean_depth_m": 1.971334004737514, "scenario_id": "baseline", "model_type": "Automated approximate 2D flood-routing prototype", "validated_hydraulic_output": false}, "geometry": {"type": "Polygon", "coordinates": [[[75.1391719878, 18.0994493071], [75.1391719878, 18.099171529099998], [75.1394497658, 18.099171529099998], [75.1394497658, 18.0994493071], [75.1391719878, 18.0994493071]]]}}, {"type": "Feature", "properties": {"time_min": 50, "depth_min_m": 1.0, "depth_max_m": 3.0, "depth_class": "1.0\u20133.0 m", "class_area_km2": 0.11552011643214231, "flooded_area_km2": 1.832076846541007, "frame_max_depth_m": 111.31809952292599, "class_mean_depth_m": 1.971334004737514, "scenario_id": "baseline", "model_type": "Automated approximate 2D flood-routing prototype", "validated_hydraulic_output": false}, "geometry": {"type": "Polygon", "coordinates": [[[75.13667198579999, 18.0994493071], [75.13667198579999, 18.099171529099998], [75.13556087379999, 18.099171529099998], [75.13556087379999, 18.098893751099997], [75.13694976379999, 18.098893751099997], [75.13694976379999, 18.0983381951], [75.1372275418, 18.0983381951], [75.1372275418, 18.098893751099997], [75.1377830978, 18.098893751099997], [75.1377830978, 18.099171529099998], [75.13694976379999, 18.099171529099998], [75.13694976379999, 18.0994493071], [75.13667198579999, 18.0994493071]]]}}, {"type": "Feature", "properties": {"time_min": 50, "depth_min_m": 1.0, "depth_max_m": 3.0, "depth_class": "1.0\u20133.0 m", "class_area_km2": 0.11552011643214231, "flooded_area_km2": 1.832076846541007, "frame_max_depth_m": 111.31809952292599, "class_mean_depth_m": 1.971334004737514, "scenario_id": "baseline", "model_type": "Automated approximate 2D flood-routing prototype", "validated_hydraulic_output": false}, "geometry": {"type": "Polygon", "coordinates": [[[75.13361642779999, 18.0986159731], [75.13361642779999, 18.0983381951], [75.13389420579999, 18.0983381951], [75.13389420579999, 18.0986159731], [75.13361642779999, 18.0986159731]]]}}, {"type": "Feature", "properties": {"time_min": 50, "depth_min_m": 1.0, "depth_max_m": 3.0, "depth_class": "1.0\u20133.0 m", "class_area_km2": 0.11552011643214231, "flooded_area_km2": 1.832076846541007, "frame_max_depth_m": 111.31809952292599, "class_mean_depth_m": 1.971334004737514, "scenario_id": "baseline", "model_type": "Automated approximate 2D flood-routing prototype", "validated_hydraulic_output": false}, "geometry": {"type": "Polygon", "coordinates": [[[75.1375053198, 18.0983381951], [75.1375053198, 18.098060417099997], [75.1377830978, 18.098060417099997], [75.1377830978, 18.0983381951], [75.1375053198, 18.0983381951]]]}}, {"type": "Feature", "properties": {"time_min": 50, "depth_min_m": 1.0, "depth_max_m": 3.0, "depth_class": "1.0\u20133.0 m", "class_area_km2": 0.11552011643214231, "flooded_area_km2": 1.832076846541007, "frame_max_depth_m": 111.31809952292599, "class_mean_depth_m": 1.971334004737514, "scenario_id": "baseline", "model_type": "Automated approximate 2D flood-routing prototype", "validated_hydraulic_output": false}, "geometry": {"type": "Polygon", "coordinates": [[[75.1333386498, 18.0975048611], [75.1333386498, 18.097227083099998], [75.13361642779999, 18.097227083099998], [75.13361642779999, 18.0975048611], [75.1333386498, 18.0975048611]]]}}, {"type": "Feature", "properties": {"time_min": 50, "depth_min_m": 1.0, "depth_max_m": 3.0, "depth_class": "1.0\u20133.0 m", "class_area_km2": 0.11552011643214231, "flooded_area_km2": 1.832076846541007, "frame_max_depth_m": 111.31809952292599, "class_mean_depth_m": 1.971334004737514, "scenario_id": "baseline", "model_type": "Automated approximate 2D flood-routing prototype", "validated_hydraulic_output": false}, "geometry": {"type": "Polygon", "coordinates": [[[75.1375053198, 18.0975048611], [75.1375053198, 18.097227083099998], [75.1377830978, 18.097227083099998], [75.1377830978, 18.0975048611], [75.1375053198, 18.0975048611]]]}}, {"type": "Feature", "properties": {"time_min": 50, "depth_min_m": 1.0, "depth_max_m": 3.0, "depth_class": "1.0\u20133.0 m", "class_area_km2": 0.11552011643214231, "flooded_area_km2": 1.832076846541007, "frame_max_depth_m": 111.31809952292599, "class_mean_depth_m": 1.971334004737514, "scenario_id": "baseline", "model_type": "Automated approximate 2D flood-routing prototype", "validated_hydraulic_output": false}, "geometry": {"type": "Polygon", "coordinates": [[[75.13250531579999, 18.0975048611], [75.13250531579999, 18.096949305099997], [75.1327830938, 18.096949305099997], [75.1327830938, 18.096671527099996], [75.1330608718, 18.096671527099996], [75.1330608718, 18.097227083099998], [75.1327830938, 18.097227083099998], [75.1327830938, 18.0975048611], [75.13250531579999, 18.0975048611]]]}}, {"type": "Feature", "properties": {"time_min": 50, "depth_min_m": 1.0, "depth_max_m": 3.0, "depth_class": "1.0\u20133.0 m", "class_area_km2": 0.11552011643214231, "flooded_area_km2": 1.832076846541007, "frame_max_depth_m": 111.31809952292599, "class_mean_depth_m": 1.971334004737514, "scenario_id": "baseline", "model_type": "Automated approximate 2D flood-routing prototype", "validated_hydraulic_output": false}, "geometry": {"type": "Polygon", "coordinates": [[[75.13250531579999, 18.096671527099996], [75.13250531579999, 18.0963937491], [75.1327830938, 18.0963937491], [75.1327830938, 18.096671527099996], [75.13250531579999, 18.096671527099996]]]}}, {"type": "Feature", "properties": {"time_min": 50, "depth_min_m": 1.0, "depth_max_m": 3.0, "depth_class": "1.0\u20133.0 m", "class_area_km2": 0.11552011643214231, "flooded_area_km2": 1.832076846541007, "frame_max_depth_m": 111.31809952292599, "class_mean_depth_m": 1.971334004737514, "scenario_id": "baseline", "model_type": "Automated approximate 2D flood-routing prototype", "validated_hydraulic_output": false}, "geometry": {"type": "Polygon", "coordinates": [[[75.1350053178, 18.096671527099996], [75.1350053178, 18.0963937491], [75.13528309579999, 18.0963937491], [75.13528309579999, 18.096671527099996], [75.1350053178, 18.096671527099996]]]}}, {"type": "Feature", "properties": {"time_min": 50, "depth_min_m": 1.0, "depth_max_m": 3.0, "depth_class": "1.0\u20133.0 m", "class_area_km2": 0.11552011643214231, "flooded_area_km2": 1.832076846541007, "frame_max_depth_m": 111.31809952292599, "class_mean_depth_m": 1.971334004737514, "scenario_id": "baseline", "model_type": "Automated approximate 2D flood-routing prototype", "validated_hydraulic_output": false}, "geometry": {"type": "Polygon", "coordinates": [[[75.1391719878, 18.0975048611], [75.1391719878, 18.096115971099998], [75.1394497658, 18.096115971099998], [75.1394497658, 18.0975048611], [75.1391719878, 18.0975048611]]]}}, {"type": "Feature", "properties": {"time_min": 50, "depth_min_m": 1.0, "depth_max_m": 3.0, "depth_class": "1.0\u20133.0 m", "class_area_km2": 0.11552011643214231, "flooded_area_km2": 1.832076846541007, "frame_max_depth_m": 111.31809952292599, "class_mean_depth_m": 1.971334004737514, "scenario_id": "baseline", "model_type": "Automated approximate 2D flood-routing prototype", "validated_hydraulic_output": false}, "geometry": {"type": "Polygon", "coordinates": [[[75.13222753779999, 18.0963937491], [75.13222753779999, 18.096115971099998], [75.13250531579999, 18.096115971099998], [75.13250531579999, 18.0963937491], [75.13222753779999, 18.0963937491]]]}}, {"type": "Feature", "properties": {"time_min": 50, "depth_min_m": 1.0, "depth_max_m": 3.0, "depth_class": "1.0\u20133.0 m", "class_area_km2": 0.11552011643214231, "flooded_area_km2": 1.832076846541007, "frame_max_depth_m": 111.31809952292599, "class_mean_depth_m": 1.971334004737514, "scenario_id": "baseline", "model_type": "Automated approximate 2D flood-routing prototype", "validated_hydraulic_output": false}, "geometry": {"type": "Polygon", "coordinates": [[[75.13528309579999, 18.0963937491], [75.13528309579999, 18.096115971099998], [75.1361164298, 18.096115971099998], [75.1361164298, 18.0963937491], [75.13528309579999, 18.0963937491]]]}}, {"type": "Feature", "properties": {"time_min": 50, "depth_min_m": 1.0, "depth_max_m": 3.0, "depth_class": "1.0\u20133.0 m", "class_area_km2": 0.11552011643214231, "flooded_area_km2": 1.832076846541007, "frame_max_depth_m": 111.31809952292599, "class_mean_depth_m": 1.971334004737514, "scenario_id": "baseline", "model_type": "Automated approximate 2D flood-routing prototype", "validated_hydraulic_output": false}, "geometry": {"type": "Polygon", "coordinates": [[[75.1319497598, 18.096115971099998], [75.1319497598, 18.095838193099997], [75.13222753779999, 18.095838193099997], [75.13222753779999, 18.096115971099998], [75.1319497598, 18.096115971099998]]]}}, {"type": "Feature", "properties": {"time_min": 50, "depth_min_m": 1.0, "depth_max_m": 3.0, "depth_class": "1.0\u20133.0 m", "class_area_km2": 0.11552011643214231, "flooded_area_km2": 1.832076846541007, "frame_max_depth_m": 111.31809952292599, "class_mean_depth_m": 1.971334004737514, "scenario_id": "baseline", "model_type": "Automated approximate 2D flood-routing prototype", "validated_hydraulic_output": false}, "geometry": {"type": "Polygon", "coordinates": [[[75.1388942098, 18.096115971099998], [75.1388942098, 18.095838193099997], [75.1391719878, 18.095838193099997], [75.1391719878, 18.096115971099998], [75.1388942098, 18.096115971099998]]]}}, {"type": "Feature", "properties": {"time_min": 50, "depth_min_m": 1.0, "depth_max_m": 3.0, "depth_class": "1.0\u20133.0 m", "class_area_km2": 0.11552011643214231, "flooded_area_km2": 1.832076846541007, "frame_max_depth_m": 111.31809952292599, "class_mean_depth_m": 1.971334004737514, "scenario_id": "baseline", "model_type": "Automated approximate 2D flood-routing prototype", "validated_hydraulic_output": false}, "geometry": {"type": "Polygon", "coordinates": [[[75.13861643179999, 18.095838193099997], [75.13861643179999, 18.0955604151], [75.1388942098, 18.0955604151], [75.1388942098, 18.095838193099997], [75.13861643179999, 18.095838193099997]]]}}, {"type": "Feature", "properties": {"time_min": 50, "depth_min_m": 1.0, "depth_max_m": 3.0, "depth_class": "1.0\u20133.0 m", "class_area_km2": 0.11552011643214231, "flooded_area_km2": 1.832076846541007, "frame_max_depth_m": 111.31809952292599, "class_mean_depth_m": 1.971334004737514, "scenario_id": "baseline", "model_type": "Automated approximate 2D flood-routing prototype", "validated_hydraulic_output": false}, "geometry": {"type": "Polygon", "coordinates": [[[75.1350053178, 18.095838193099997], [75.1350053178, 18.0952826371], [75.13528309579999, 18.0952826371], [75.13528309579999, 18.095838193099997], [75.1350053178, 18.095838193099997]]]}}, {"type": "Feature", "properties": {"time_min": 50, "depth_min_m": 1.0, "depth_max_m": 3.0, "depth_class": "1.0\u20133.0 m", "class_area_km2": 0.11552011643214231, "flooded_area_km2": 1.832076846541007, "frame_max_depth_m": 111.31809952292599, "class_mean_depth_m": 1.971334004737514, "scenario_id": "baseline", "model_type": "Automated approximate 2D flood-routing prototype", "validated_hydraulic_output": false}, "geometry": {"type": "Polygon", "coordinates": [[[75.1358386518, 18.0955604151], [75.1358386518, 18.0952826371], [75.1361164298, 18.0952826371], [75.1361164298, 18.0955604151], [75.1358386518, 18.0955604151]]]}}, {"type": "Feature", "properties": {"time_min": 50, "depth_min_m": 1.0, "depth_max_m": 3.0, "depth_class": "1.0\u20133.0 m", "class_area_km2": 0.11552011643214231, "flooded_area_km2": 1.832076846541007, "frame_max_depth_m": 111.31809952292599, "class_mean_depth_m": 1.971334004737514, "scenario_id": "baseline", "model_type": "Automated approximate 2D flood-routing prototype", "validated_hydraulic_output": false}, "geometry": {"type": "Polygon", "coordinates": [[[75.1394497658, 18.0952826371], [75.1394497658, 18.094727081099997], [75.13972754379999, 18.094727081099997], [75.13972754379999, 18.0952826371], [75.1394497658, 18.0952826371]]]}}, {"type": "Feature", "properties": {"time_min": 50, "depth_min_m": 1.0, "depth_max_m": 3.0, "depth_class": "1.0\u20133.0 m", "class_area_km2": 0.11552011643214231, "flooded_area_km2": 1.832076846541007, "frame_max_depth_m": 111.31809952292599, "class_mean_depth_m": 1.971334004737514, "scenario_id": "baseline", "model_type": "Automated approximate 2D flood-routing prototype", "validated_hydraulic_output": false}, "geometry": {"type": "Polygon", "coordinates": [[[75.1405608778, 18.0952826371], [75.1405608778, 18.094727081099997], [75.1408386558, 18.094727081099997], [75.1408386558, 18.0952826371], [75.1405608778, 18.0952826371]]]}}, {"type": "Feature", "properties": {"time_min": 50, "depth_min_m": 1.0, "depth_max_m": 3.0, "depth_class": "1.0\u20133.0 m", "class_area_km2": 0.11552011643214231, "flooded_area_km2": 1.832076846541007, "frame_max_depth_m": 111.31809952292599, "class_mean_depth_m": 1.971334004737514, "scenario_id": "baseline", "model_type": "Automated approximate 2D flood-routing prototype", "validated_hydraulic_output": false}, "geometry": {"type": "Polygon", "coordinates": [[[75.1319497598, 18.095004859099998], [75.1319497598, 18.094727081099997], [75.13222753779999, 18.094727081099997], [75.13222753779999, 18.095004859099998], [75.1319497598, 18.095004859099998]]]}}, {"type": "Feature", "properties": {"time_min": 50, "depth_min_m": 1.0, "depth_max_m": 3.0, "depth_class": "1.0\u20133.0 m", "class_area_km2": 0.11552011643214231, "flooded_area_km2": 1.832076846541007, "frame_max_depth_m": 111.31809952292599, "class_mean_depth_m": 1.971334004737514, "scenario_id": "baseline", "model_type": "Automated approximate 2D flood-routing prototype", "validated_hydraulic_output": false}, "geometry": {"type": "Polygon", "coordinates": [[[75.1425053238, 18.094727081099997], [75.1425053238, 18.0941715251], [75.14278310179999, 18.0941715251], [75.14278310179999, 18.094727081099997], [75.1425053238, 18.094727081099997]]]}}, {"type": "Feature", "properties": {"time_min": 50, "depth_min_m": 1.0, "depth_max_m": 3.0, "depth_class": "1.0\u20133.0 m", "class_area_km2": 0.11552011643214231, "flooded_area_km2": 1.832076846541007, "frame_max_depth_m": 111.31809952292599, "class_mean_depth_m": 1.971334004737514, "scenario_id": "baseline", "model_type": "Automated approximate 2D flood-routing prototype", "validated_hydraulic_output": false}, "geometry": {"type": "Polygon", "coordinates": [[[75.1313942038, 18.0944493031], [75.1313942038, 18.0941715251], [75.1316719818, 18.0941715251], [75.1316719818, 18.0944493031], [75.1313942038, 18.0944493031]]]}}, {"type": "Feature", "properties": {"time_min": 50, "depth_min_m": 1.0, "depth_max_m": 3.0, "depth_class": "1.0\u20133.0 m", "class_area_km2": 0.11552011643214231, "flooded_area_km2": 1.832076846541007, "frame_max_depth_m": 111.31809952292599, "class_mean_depth_m": 1.971334004737514, "scenario_id": "baseline", "model_type": "Automated approximate 2D flood-routing prototype", "validated_hydraulic_output": false}, "geometry": {"type": "Polygon", "coordinates": [[[75.13833865379999, 18.0944493031], [75.13833865379999, 18.0941715251], [75.13861643179999, 18.0941715251], [75.13861643179999, 18.0944493031], [75.13833865379999, 18.0944493031]]]}}, {"type": "Feature", "properties": {"time_min": 50, "depth_min_m": 1.0, "depth_max_m": 3.0, "depth_class": "1.0\u20133.0 m", "class_area_km2": 0.11552011643214231, "flooded_area_km2": 1.832076846541007, "frame_max_depth_m": 111.31809952292599, "class_mean_depth_m": 1.971334004737514, "scenario_id": "baseline", "model_type": "Automated approximate 2D flood-routing prototype", "validated_hydraulic_output": false}, "geometry": {"type": "Polygon", "coordinates": [[[75.14278310179999, 18.0941715251], [75.14278310179999, 18.093893747099997], [75.14306087979999, 18.093893747099997], [75.14306087979999, 18.0941715251], [75.14278310179999, 18.0941715251]]]}}, {"type": "Feature", "properties": {"time_min": 50, "depth_min_m": 1.0, "depth_max_m": 3.0, "depth_class": "1.0\u20133.0 m", "class_area_km2": 0.11552011643214231, "flooded_area_km2": 1.832076846541007, "frame_max_depth_m": 111.31809952292599, "class_mean_depth_m": 1.971334004737514, "scenario_id": "baseline", "model_type": "Automated approximate 2D flood-routing prototype", "validated_hydraulic_output": false}, "geometry": {"type": "Polygon", "coordinates": [[[75.1441719918, 18.0941715251], [75.1441719918, 18.093893747099997], [75.14444976979999, 18.093893747099997], [75.14444976979999, 18.0941715251], [75.1441719918, 18.0941715251]]]}}, {"type": "Feature", "properties": {"time_min": 50, "depth_min_m": 1.0, "depth_max_m": 3.0, "depth_class": "1.0\u20133.0 m", "class_area_km2": 0.11552011643214231, "flooded_area_km2": 1.832076846541007, "frame_max_depth_m": 111.31809952292599, "class_mean_depth_m": 1.971334004737514, "scenario_id": "baseline", "model_type": "Automated approximate 2D flood-routing prototype", "validated_hydraulic_output": false}, "geometry": {"type": "Polygon", "coordinates": [[[75.1316719818, 18.0941715251], [75.1316719818, 18.093615969099996], [75.1319497598, 18.093615969099996], [75.1319497598, 18.0941715251], [75.1316719818, 18.0941715251]]]}}, {"type": "Feature", "properties": {"time_min": 50, "depth_min_m": 1.0, "depth_max_m": 3.0, "depth_class": "1.0\u20133.0 m", "class_area_km2": 0.11552011643214231, "flooded_area_km2": 1.832076846541007, "frame_max_depth_m": 111.31809952292599, "class_mean_depth_m": 1.971334004737514, "scenario_id": "baseline", "model_type": "Automated approximate 2D flood-routing prototype", "validated_hydraulic_output": false}, "geometry": {"type": "Polygon", "coordinates": [[[75.1408386558, 18.093893747099997], [75.1408386558, 18.093615969099996], [75.1411164338, 18.093615969099996], [75.1411164338, 18.093893747099997], [75.1408386558, 18.093893747099997]]]}}, {"type": "Feature", "properties": {"time_min": 50, "depth_min_m": 1.0, "depth_max_m": 3.0, "depth_class": "1.0\u20133.0 m", "class_area_km2": 0.11552011643214231, "flooded_area_km2": 1.832076846541007, "frame_max_depth_m": 111.31809952292599, "class_mean_depth_m": 1.971334004737514, "scenario_id": "baseline", "model_type": "Automated approximate 2D flood-routing prototype", "validated_hydraulic_output": false}, "geometry": {"type": "Polygon", "coordinates": [[[75.1422275458, 18.093893747099997], [75.1422275458, 18.093615969099996], [75.14278310179999, 18.093615969099996], [75.14278310179999, 18.093893747099997], [75.1422275458, 18.093893747099997]]]}}, {"type": "Feature", "properties": {"time_min": 50, "depth_min_m": 1.0, "depth_max_m": 3.0, "depth_class": "1.0\u20133.0 m", "class_area_km2": 0.11552011643214231, "flooded_area_km2": 1.832076846541007, "frame_max_depth_m": 111.31809952292599, "class_mean_depth_m": 1.971334004737514, "scenario_id": "baseline", "model_type": "Automated approximate 2D flood-routing prototype", "validated_hydraulic_output": false}, "geometry": {"type": "Polygon", "coordinates": [[[75.1391719878, 18.093615969099996], [75.1391719878, 18.0933381911], [75.1394497658, 18.0933381911], [75.1394497658, 18.093615969099996], [75.1391719878, 18.093615969099996]]]}}, {"type": "Feature", "properties": {"time_min": 50, "depth_min_m": 1.0, "depth_max_m": 3.0, "depth_class": "1.0\u20133.0 m", "class_area_km2": 0.11552011643214231, "flooded_area_km2": 1.832076846541007, "frame_max_depth_m": 111.31809952292599, "class_mean_depth_m": 1.971334004737514, "scenario_id": "baseline", "model_type": "Automated approximate 2D flood-routing prototype", "validated_hydraulic_output": false}, "geometry": {"type": "Polygon", "coordinates": [[[75.1411164338, 18.093615969099996], [75.1411164338, 18.0933381911], [75.14139421179999, 18.0933381911], [75.14139421179999, 18.093615969099996], [75.1411164338, 18.093615969099996]]]}}, {"type": "Feature", "properties": {"time_min": 50, "depth_min_m": 1.0, "depth_max_m": 3.0, "depth_class": "1.0\u20133.0 m", "class_area_km2": 0.11552011643214231, "flooded_area_km2": 1.832076846541007, "frame_max_depth_m": 111.31809952292599, "class_mean_depth_m": 1.971334004737514, "scenario_id": "baseline", "model_type": "Automated approximate 2D flood-routing prototype", "validated_hydraulic_output": false}, "geometry": {"type": "Polygon", "coordinates": [[[75.14167198979999, 18.093615969099996], [75.14167198979999, 18.0933381911], [75.1419497678, 18.0933381911], [75.1419497678, 18.093615969099996], [75.14167198979999, 18.093615969099996]]]}}, {"type": "Feature", "properties": {"time_min": 50, "depth_min_m": 1.0, "depth_max_m": 3.0, "depth_class": "1.0\u20133.0 m", "class_area_km2": 0.11552011643214231, "flooded_area_km2": 1.832076846541007, "frame_max_depth_m": 111.31809952292599, "class_mean_depth_m": 1.971334004737514, "scenario_id": "baseline", "model_type": "Automated approximate 2D flood-routing prototype", "validated_hydraulic_output": false}, "geometry": {"type": "Polygon", "coordinates": [[[75.1300053138, 18.0933381911], [75.1300053138, 18.093060413099998], [75.1302830918, 18.093060413099998], [75.1302830918, 18.0933381911], [75.1300053138, 18.0933381911]]]}}, {"type": "Feature", "properties": {"time_min": 50, "depth_min_m": 1.0, "depth_max_m": 3.0, "depth_class": "1.0\u20133.0 m", "class_area_km2": 0.11552011643214231, "flooded_area_km2": 1.832076846541007, "frame_max_depth_m": 111.31809952292599, "class_mean_depth_m": 1.971334004737514, "scenario_id": "baseline", "model_type": "Automated approximate 2D flood-routing prototype", "validated_hydraulic_output": false}, "geometry": {"type": "Polygon", "coordinates": [[[75.1419497678, 18.0933381911], [75.1419497678, 18.093060413099998], [75.1422275458, 18.093060413099998], [75.1422275458, 18.0933381911], [75.1419497678, 18.0933381911]]]}}, {"type": "Feature", "properties": {"time_min": 50, "depth_min_m": 1.0, "depth_max_m": 3.0, "depth_class": "1.0\u20133.0 m", "class_area_km2": 0.11552011643214231, "flooded_area_km2": 1.832076846541007, "frame_max_depth_m": 111.31809952292599, "class_mean_depth_m": 1.971334004737514, "scenario_id": "baseline", "model_type": "Automated approximate 2D flood-routing prototype", "validated_hydraulic_output": false}, "geometry": {"type": "Polygon", "coordinates": [[[75.1305608698, 18.093060413099998], [75.1305608698, 18.092782635099997], [75.13083864779999, 18.092782635099997], [75.13083864779999, 18.093060413099998], [75.1305608698, 18.093060413099998]]]}}, {"type": "Feature", "properties": {"time_min": 50, "depth_min_m": 1.0, "depth_max_m": 3.0, "depth_class": "1.0\u20133.0 m", "class_area_km2": 0.11552011643214231, "flooded_area_km2": 1.832076846541007, "frame_max_depth_m": 111.31809952292599, "class_mean_depth_m": 1.971334004737514, "scenario_id": "baseline", "model_type": "Automated approximate 2D flood-routing prototype", "validated_hydraulic_output": false}, "geometry": {"type": "Polygon", "coordinates": [[[75.1422275458, 18.093060413099998], [75.1422275458, 18.092782635099997], [75.1425053238, 18.092782635099997], [75.1425053238, 18.093060413099998], [75.1422275458, 18.093060413099998]]]}}, {"type": "Feature", "properties": {"time_min": 50, "depth_min_m": 1.0, "depth_max_m": 3.0, "depth_class": "1.0\u20133.0 m", "class_area_km2": 0.11552011643214231, "flooded_area_km2": 1.832076846541007, "frame_max_depth_m": 111.31809952292599, "class_mean_depth_m": 1.971334004737514, "scenario_id": "baseline", "model_type": "Automated approximate 2D flood-routing prototype", "validated_hydraulic_output": false}, "geometry": {"type": "Polygon", "coordinates": [[[75.14278310179999, 18.093060413099998], [75.14278310179999, 18.092782635099997], [75.1433386578, 18.092782635099997], [75.1433386578, 18.093060413099998], [75.14278310179999, 18.093060413099998]]]}}, {"type": "Feature", "properties": {"time_min": 50, "depth_min_m": 1.0, "depth_max_m": 3.0, "depth_class": "1.0\u20133.0 m", "class_area_km2": 0.11552011643214231, "flooded_area_km2": 1.832076846541007, "frame_max_depth_m": 111.31809952292599, "class_mean_depth_m": 1.971334004737514, "scenario_id": "baseline", "model_type": "Automated approximate 2D flood-routing prototype", "validated_hydraulic_output": false}, "geometry": {"type": "Polygon", "coordinates": [[[75.1441719918, 18.092782635099997], [75.1441719918, 18.092504857099996], [75.14444976979999, 18.092504857099996], [75.14444976979999, 18.092782635099997], [75.1441719918, 18.092782635099997]]]}}, {"type": "Feature", "properties": {"time_min": 50, "depth_min_m": 1.0, "depth_max_m": 3.0, "depth_class": "1.0\u20133.0 m", "class_area_km2": 0.11552011643214231, "flooded_area_km2": 1.832076846541007, "frame_max_depth_m": 111.31809952292599, "class_mean_depth_m": 1.971334004737514, "scenario_id": "baseline", "model_type": "Automated approximate 2D flood-routing prototype", "validated_hydraulic_output": false}, "geometry": {"type": "Polygon", "coordinates": [[[75.1319497598, 18.091949301099998], [75.1319497598, 18.091671523099997], [75.1327830938, 18.091671523099997], [75.1327830938, 18.091949301099998], [75.1319497598, 18.091949301099998]]]}}, {"type": "Feature", "properties": {"time_min": 50, "depth_min_m": 1.0, "depth_max_m": 3.0, "depth_class": "1.0\u20133.0 m", "class_area_km2": 0.11552011643214231, "flooded_area_km2": 1.832076846541007, "frame_max_depth_m": 111.31809952292599, "class_mean_depth_m": 1.971334004737514, "scenario_id": "baseline", "model_type": "Automated approximate 2D flood-routing prototype", "validated_hydraulic_output": false}, "geometry": {"type": "Polygon", "coordinates": [[[75.1466719938, 18.0913937451], [75.1466719938, 18.0911159671], [75.1469497718, 18.0911159671], [75.1469497718, 18.0913937451], [75.1466719938, 18.0913937451]]]}}, {"type": "Feature", "properties": {"time_min": 50, "depth_min_m": 1.0, "depth_max_m": 3.0, "depth_class": "1.0\u20133.0 m", "class_area_km2": 0.11552011643214231, "flooded_area_km2": 1.832076846541007, "frame_max_depth_m": 111.31809952292599, "class_mean_depth_m": 1.971334004737514, "scenario_id": "baseline", "model_type": "Automated approximate 2D flood-routing prototype", "validated_hydraulic_output": false}, "geometry": {"type": "Polygon", "coordinates": [[[75.1327830938, 18.0913937451], [75.1327830938, 18.090560411099997], [75.1330608718, 18.090560411099997], [75.1330608718, 18.0913937451], [75.1327830938, 18.0913937451]]]}}, {"type": "Feature", "properties": {"time_min": 50, "depth_min_m": 1.0, "depth_max_m": 3.0, "depth_class": "1.0\u20133.0 m", "class_area_km2": 0.11552011643214231, "flooded_area_km2": 1.832076846541007, "frame_max_depth_m": 111.31809952292599, "class_mean_depth_m": 1.971334004737514, "scenario_id": "baseline", "model_type": "Automated approximate 2D flood-routing prototype", "validated_hydraulic_output": false}, "geometry": {"type": "Polygon", "coordinates": [[[75.1330608718, 18.090560411099997], [75.1330608718, 18.0902826331], [75.1333386498, 18.0902826331], [75.1333386498, 18.090560411099997], [75.1330608718, 18.090560411099997]]]}}, {"type": "Feature", "properties": {"time_min": 50, "depth_min_m": 1.0, "depth_max_m": 3.0, "depth_class": "1.0\u20133.0 m", "class_area_km2": 0.11552011643214231, "flooded_area_km2": 1.832076846541007, "frame_max_depth_m": 111.31809952292599, "class_mean_depth_m": 1.971334004737514, "scenario_id": "baseline", "model_type": "Automated approximate 2D flood-routing prototype", "validated_hydraulic_output": false}, "geometry": {"type": "Polygon", "coordinates": [[[75.1333386498, 18.0900048551], [75.1333386498, 18.089727077099997], [75.13361642779999, 18.089727077099997], [75.13361642779999, 18.0900048551], [75.1333386498, 18.0900048551]]]}}, {"type": "Feature", "properties": {"time_min": 50, "depth_min_m": 1.0, "depth_max_m": 3.0, "depth_class": "1.0\u20133.0 m", "class_area_km2": 0.11552011643214231, "flooded_area_km2": 1.832076846541007, "frame_max_depth_m": 111.31809952292599, "class_mean_depth_m": 1.971334004737514, "scenario_id": "baseline", "model_type": "Automated approximate 2D flood-routing prototype", "validated_hydraulic_output": false}, "geometry": {"type": "Polygon", "coordinates": [[[75.13361642779999, 18.089727077099997], [75.13361642779999, 18.089449299099996], [75.13417198379999, 18.089449299099996], [75.13417198379999, 18.089727077099997], [75.13361642779999, 18.089727077099997]]]}}, {"type": "Feature", "properties": {"time_min": 50, "depth_min_m": 1.0, "depth_max_m": 3.0, "depth_class": "1.0\u20133.0 m", "class_area_km2": 0.11552011643214231, "flooded_area_km2": 1.832076846541007, "frame_max_depth_m": 111.31809952292599, "class_mean_depth_m": 1.971334004737514, "scenario_id": "baseline", "model_type": "Automated approximate 2D flood-routing prototype", "validated_hydraulic_output": false}, "geometry": {"type": "Polygon", "coordinates": [[[75.1480608838, 18.088615965099997], [75.1480608838, 18.088338187099996], [75.1483386618, 18.088338187099996], [75.1483386618, 18.088615965099997], [75.1480608838, 18.088615965099997]]]}}, {"type": "Feature", "properties": {"time_min": 50, "depth_min_m": 1.0, "depth_max_m": 3.0, "depth_class": "1.0\u20133.0 m", "class_area_km2": 0.11552011643214231, "flooded_area_km2": 1.832076846541007, "frame_max_depth_m": 111.31809952292599, "class_mean_depth_m": 1.971334004737514, "scenario_id": "baseline", "model_type": "Automated approximate 2D flood-routing prototype", "validated_hydraulic_output": false}, "geometry": {"type": "Polygon", "coordinates": [[[75.1347275398, 18.0880604091], [75.1347275398, 18.087782631099998], [75.13528309579999, 18.087782631099998], [75.13528309579999, 18.0880604091], [75.1347275398, 18.0880604091]]]}}, {"type": "Feature", "properties": {"time_min": 50, "depth_min_m": 1.0, "depth_max_m": 3.0, "depth_class": "1.0\u20133.0 m", "class_area_km2": 0.11552011643214231, "flooded_area_km2": 1.832076846541007, "frame_max_depth_m": 111.31809952292599, "class_mean_depth_m": 1.971334004737514, "scenario_id": "baseline", "model_type": "Automated approximate 2D flood-routing prototype", "validated_hydraulic_output": false}, "geometry": {"type": "Polygon", "coordinates": [[[75.13528309579999, 18.087504853099997], [75.13528309579999, 18.0872270751], [75.13556087379999, 18.0872270751], [75.13556087379999, 18.087504853099997], [75.13528309579999, 18.087504853099997]]]}}, {"type": "Feature", "properties": {"time_min": 50, "depth_min_m": 1.0, "depth_max_m": 3.0, "depth_class": "1.0\u20133.0 m", "class_area_km2": 0.11552011643214231, "flooded_area_km2": 1.832076846541007, "frame_max_depth_m": 111.31809952292599, "class_mean_depth_m": 1.971334004737514, "scenario_id": "baseline", "model_type": "Automated approximate 2D flood-routing prototype", "validated_hydraulic_output": false}, "geometry": {"type": "Polygon", "coordinates": [[[75.1497275518, 18.087504853099997], [75.1497275518, 18.0872270751], [75.1500053298, 18.0872270751], [75.1500053298, 18.087504853099997], [75.1497275518, 18.087504853099997]]]}}, {"type": "Feature", "properties": {"time_min": 50, "depth_min_m": 1.0, "depth_max_m": 3.0, "depth_class": "1.0\u20133.0 m", "class_area_km2": 0.11552011643214231, "flooded_area_km2": 1.832076846541007, "frame_max_depth_m": 111.31809952292599, "class_mean_depth_m": 1.971334004737514, "scenario_id": "baseline", "model_type": "Automated approximate 2D flood-routing prototype", "validated_hydraulic_output": false}, "geometry": {"type": "Polygon", "coordinates": [[[75.1394497658, 18.0872270751], [75.1394497658, 18.0869492971], [75.13972754379999, 18.0869492971], [75.13972754379999, 18.0872270751], [75.1394497658, 18.0872270751]]]}}, {"type": "Feature", "properties": {"time_min": 50, "depth_min_m": 1.0, "depth_max_m": 3.0, "depth_class": "1.0\u20133.0 m", "class_area_km2": 0.11552011643214231, "flooded_area_km2": 1.832076846541007, "frame_max_depth_m": 111.31809952292599, "class_mean_depth_m": 1.971334004737514, "scenario_id": "baseline", "model_type": "Automated approximate 2D flood-routing prototype", "validated_hydraulic_output": false}, "geometry": {"type": "Polygon", "coordinates": [[[75.1472275498, 18.0872270751], [75.1472275498, 18.0869492971], [75.14750532779999, 18.0869492971], [75.14750532779999, 18.0872270751], [75.1472275498, 18.0872270751]]]}}, {"type": "Feature", "properties": {"time_min": 50, "depth_min_m": 1.0, "depth_max_m": 3.0, "depth_class": "1.0\u20133.0 m", "class_area_km2": 0.11552011643214231, "flooded_area_km2": 1.832076846541007, "frame_max_depth_m": 111.31809952292599, "class_mean_depth_m": 1.971334004737514, "scenario_id": "baseline", "model_type": "Automated approximate 2D flood-routing prototype", "validated_hydraulic_output": false}, "geometry": {"type": "Polygon", "coordinates": [[[75.1486164398, 18.0872270751], [75.1486164398, 18.0869492971], [75.14889421779999, 18.0869492971], [75.14889421779999, 18.0872270751], [75.1486164398, 18.0872270751]]]}}, {"type": "Feature", "properties": {"time_min": 50, "depth_min_m": 1.0, "depth_max_m": 3.0, "depth_class": "1.0\u20133.0 m", "class_area_km2": 0.11552011643214231, "flooded_area_km2": 1.832076846541007, "frame_max_depth_m": 111.31809952292599, "class_mean_depth_m": 1.971334004737514, "scenario_id": "baseline", "model_type": "Automated approximate 2D flood-routing prototype", "validated_hydraulic_output": false}, "geometry": {"type": "Polygon", "coordinates": [[[75.1350053178, 18.0869492971], [75.1350053178, 18.086671519099998], [75.13528309579999, 18.086671519099998], [75.13528309579999, 18.0869492971], [75.1350053178, 18.0869492971]]]}}, {"type": "Feature", "properties": {"time_min": 50, "depth_min_m": 1.0, "depth_max_m": 3.0, "depth_class": "1.0\u20133.0 m", "class_area_km2": 0.11552011643214231, "flooded_area_km2": 1.832076846541007, "frame_max_depth_m": 111.31809952292599, "class_mean_depth_m": 1.971334004737514, "scenario_id": "baseline", "model_type": "Automated approximate 2D flood-routing prototype", "validated_hydraulic_output": false}, "geometry": {"type": "Polygon", "coordinates": [[[75.1480608838, 18.0869492971], [75.1480608838, 18.086671519099998], [75.1483386618, 18.086671519099998], [75.1483386618, 18.0869492971], [75.1480608838, 18.0869492971]]]}}, {"type": "Feature", "properties": {"time_min": 50, "depth_min_m": 1.0, "depth_max_m": 3.0, "depth_class": "1.0\u20133.0 m", "class_area_km2": 0.11552011643214231, "flooded_area_km2": 1.832076846541007, "frame_max_depth_m": 111.31809952292599, "class_mean_depth_m": 1.971334004737514, "scenario_id": "baseline", "model_type": "Automated approximate 2D flood-routing prototype", "validated_hydraulic_output": false}, "geometry": {"type": "Polygon", "coordinates": [[[75.1472275498, 18.086671519099998], [75.1472275498, 18.086393741099997], [75.14750532779999, 18.086393741099997], [75.14750532779999, 18.086671519099998], [75.1472275498, 18.086671519099998]]]}}, {"type": "Feature", "properties": {"time_min": 50, "depth_min_m": 1.0, "depth_max_m": 3.0, "depth_class": "1.0\u20133.0 m", "class_area_km2": 0.11552011643214231, "flooded_area_km2": 1.832076846541007, "frame_max_depth_m": 111.31809952292599, "class_mean_depth_m": 1.971334004737514, "scenario_id": "baseline", "model_type": "Automated approximate 2D flood-routing prototype", "validated_hydraulic_output": false}, "geometry": {"type": "Polygon", "coordinates": [[[75.1466719938, 18.0869492971], [75.1466719938, 18.086671519099998], [75.1463942158, 18.086671519099998], [75.1463942158, 18.086393741099997], [75.1466719938, 18.086393741099997], [75.1466719938, 18.0861159631], [75.1472275498, 18.0861159631], [75.1472275498, 18.086393741099997], [75.1469497718, 18.086393741099997], [75.1469497718, 18.0869492971], [75.1466719938, 18.0869492971]]]}}, {"type": "Feature", "properties": {"time_min": 50, "depth_min_m": 1.0, "depth_max_m": 3.0, "depth_class": "1.0\u20133.0 m", "class_area_km2": 0.11552011643214231, "flooded_area_km2": 1.832076846541007, "frame_max_depth_m": 111.31809952292599, "class_mean_depth_m": 1.971334004737514, "scenario_id": "baseline", "model_type": "Automated approximate 2D flood-routing prototype", "validated_hydraulic_output": false}, "geometry": {"type": "Polygon", "coordinates": [[[75.1394497658, 18.086393741099997], [75.1394497658, 18.0861159631], [75.13972754379999, 18.0861159631], [75.13972754379999, 18.086393741099997], [75.1394497658, 18.086393741099997]]]}}, {"type": "Feature", "properties": {"time_min": 50, "depth_min_m": 1.0, "depth_max_m": 3.0, "depth_class": "1.0\u20133.0 m", "class_area_km2": 0.11552011643214231, "flooded_area_km2": 1.832076846541007, "frame_max_depth_m": 111.31809952292599, "class_mean_depth_m": 1.971334004737514, "scenario_id": "baseline", "model_type": "Automated approximate 2D flood-routing prototype", "validated_hydraulic_output": false}, "geometry": {"type": "Polygon", "coordinates": [[[75.14583865979999, 18.0861159631], [75.14583865979999, 18.0858381851], [75.14611643779999, 18.0858381851], [75.14611643779999, 18.0861159631], [75.14583865979999, 18.0861159631]]]}}, {"type": "Feature", "properties": {"time_min": 50, "depth_min_m": 1.0, "depth_max_m": 3.0, "depth_class": "1.0\u20133.0 m", "class_area_km2": 0.11552011643214231, "flooded_area_km2": 1.832076846541007, "frame_max_depth_m": 111.31809952292599, "class_mean_depth_m": 1.971334004737514, "scenario_id": "baseline", "model_type": "Automated approximate 2D flood-routing prototype", "validated_hydraulic_output": false}, "geometry": {"type": "Polygon", "coordinates": [[[75.1391719878, 18.0861159631], [75.1391719878, 18.085560407099997], [75.1394497658, 18.085560407099997], [75.1394497658, 18.0861159631], [75.1391719878, 18.0861159631]]]}}, {"type": "Feature", "properties": {"time_min": 50, "depth_min_m": 1.0, "depth_max_m": 3.0, "depth_class": "1.0\u20133.0 m", "class_area_km2": 0.11552011643214231, "flooded_area_km2": 1.832076846541007, "frame_max_depth_m": 111.31809952292599, "class_mean_depth_m": 1.971334004737514, "scenario_id": "baseline", "model_type": "Automated approximate 2D flood-routing prototype", "validated_hydraulic_output": false}, "geometry": {"type": "Polygon", "coordinates": [[[75.1363942078, 18.0858381851], [75.1363942078, 18.085560407099997], [75.13667198579999, 18.085560407099997], [75.13667198579999, 18.0858381851], [75.1363942078, 18.0858381851]]]}}, {"type": "Feature", "properties": {"time_min": 50, "depth_min_m": 1.0, "depth_max_m": 3.0, "depth_class": "1.0\u20133.0 m", "class_area_km2": 0.11552011643214231, "flooded_area_km2": 1.832076846541007, "frame_max_depth_m": 111.31809952292599, "class_mean_depth_m": 1.971334004737514, "scenario_id": "baseline", "model_type": "Automated approximate 2D flood-routing prototype", "validated_hydraulic_output": false}, "geometry": {"type": "Polygon", "coordinates": [[[75.13833865379999, 18.0858381851], [75.13833865379999, 18.085560407099997], [75.13861643179999, 18.085560407099997], [75.13861643179999, 18.0858381851], [75.13833865379999, 18.0858381851]]]}}, {"type": "Feature", "properties": {"time_min": 50, "depth_min_m": 1.0, "depth_max_m": 3.0, "depth_class": "1.0\u20133.0 m", "class_area_km2": 0.11552011643214231, "flooded_area_km2": 1.832076846541007, "frame_max_depth_m": 111.31809952292599, "class_mean_depth_m": 1.971334004737514, "scenario_id": "baseline", "model_type": "Automated approximate 2D flood-routing prototype", "validated_hydraulic_output": false}, "geometry": {"type": "Polygon", "coordinates": [[[75.1452831038, 18.086393741099997], [75.1452831038, 18.085282629099996], [75.1455608818, 18.085282629099996], [75.1455608818, 18.0861159631], [75.14583865979999, 18.0861159631], [75.14583865979999, 18.086393741099997], [75.1452831038, 18.086393741099997]]]}}, {"type": "Feature", "properties": {"time_min": 50, "depth_min_m": 1.0, "depth_max_m": 3.0, "depth_class": "1.0\u20133.0 m", "class_area_km2": 0.11552011643214231, "flooded_area_km2": 1.832076846541007, "frame_max_depth_m": 111.31809952292599, "class_mean_depth_m": 1.971334004737514, "scenario_id": "baseline", "model_type": "Automated approximate 2D flood-routing prototype", "validated_hydraulic_output": false}, "geometry": {"type": "Polygon", "coordinates": [[[75.13528309579999, 18.085560407099997], [75.13528309579999, 18.085282629099996], [75.1358386518, 18.085282629099996], [75.1358386518, 18.085560407099997], [75.13528309579999, 18.085560407099997]]]}}, {"type": "Feature", "properties": {"time_min": 50, "depth_min_m": 1.0, "depth_max_m": 3.0, "depth_class": "1.0\u20133.0 m", "class_area_km2": 0.11552011643214231, "flooded_area_km2": 1.832076846541007, "frame_max_depth_m": 111.31809952292599, "class_mean_depth_m": 1.971334004737514, "scenario_id": "baseline", "model_type": "Automated approximate 2D flood-routing prototype", "validated_hydraulic_output": false}, "geometry": {"type": "Polygon", "coordinates": [[[75.1372275418, 18.085560407099997], [75.1372275418, 18.085282629099996], [75.1375053198, 18.085282629099996], [75.1375053198, 18.085560407099997], [75.1372275418, 18.085560407099997]]]}}, {"type": "Feature", "properties": {"time_min": 50, "depth_min_m": 1.0, "depth_max_m": 3.0, "depth_class": "1.0\u20133.0 m", "class_area_km2": 0.11552011643214231, "flooded_area_km2": 1.832076846541007, "frame_max_depth_m": 111.31809952292599, "class_mean_depth_m": 1.971334004737514, "scenario_id": "baseline", "model_type": "Automated approximate 2D flood-routing prototype", "validated_hydraulic_output": false}, "geometry": {"type": "Polygon", "coordinates": [[[75.13861643179999, 18.085560407099997], [75.13861643179999, 18.085282629099996], [75.1391719878, 18.085282629099996], [75.1391719878, 18.085560407099997], [75.13861643179999, 18.085560407099997]]]}}, {"type": "Feature", "properties": {"time_min": 50, "depth_min_m": 1.0, "depth_max_m": 3.0, "depth_class": "1.0\u20133.0 m", "class_area_km2": 0.11552011643214231, "flooded_area_km2": 1.832076846541007, "frame_max_depth_m": 111.31809952292599, "class_mean_depth_m": 1.971334004737514, "scenario_id": "baseline", "model_type": "Automated approximate 2D flood-routing prototype", "validated_hydraulic_output": false}, "geometry": {"type": "Polygon", "coordinates": [[[75.13972754379999, 18.085560407099997], [75.13972754379999, 18.085282629099996], [75.1402830998, 18.085282629099996], [75.1402830998, 18.085560407099997], [75.13972754379999, 18.085560407099997]]]}}, {"type": "Feature", "properties": {"time_min": 50, "depth_min_m": 1.0, "depth_max_m": 3.0, "depth_class": "1.0\u20133.0 m", "class_area_km2": 0.11552011643214231, "flooded_area_km2": 1.832076846541007, "frame_max_depth_m": 111.31809952292599, "class_mean_depth_m": 1.971334004737514, "scenario_id": "baseline", "model_type": "Automated approximate 2D flood-routing prototype", "validated_hydraulic_output": false}, "geometry": {"type": "Polygon", "coordinates": [[[75.1394497658, 18.085282629099996], [75.1394497658, 18.0850048511], [75.13972754379999, 18.0850048511], [75.13972754379999, 18.085282629099996], [75.1394497658, 18.085282629099996]]]}}, {"type": "Feature", "properties": {"time_min": 50, "depth_min_m": 1.0, "depth_max_m": 3.0, "depth_class": "1.0\u20133.0 m", "class_area_km2": 0.11552011643214231, "flooded_area_km2": 1.832076846541007, "frame_max_depth_m": 111.31809952292599, "class_mean_depth_m": 1.971334004737514, "scenario_id": "baseline", "model_type": "Automated approximate 2D flood-routing prototype", "validated_hydraulic_output": false}, "geometry": {"type": "Polygon", "coordinates": [[[75.1408386558, 18.085282629099996], [75.1408386558, 18.0850048511], [75.1411164338, 18.0850048511], [75.1411164338, 18.085282629099996], [75.1408386558, 18.085282629099996]]]}}, {"type": "Feature", "properties": {"time_min": 50, "depth_min_m": 1.0, "depth_max_m": 3.0, "depth_class": "1.0\u20133.0 m", "class_area_km2": 0.11552011643214231, "flooded_area_km2": 1.832076846541007, "frame_max_depth_m": 111.31809952292599, "class_mean_depth_m": 1.971334004737514, "scenario_id": "baseline", "model_type": "Automated approximate 2D flood-routing prototype", "validated_hydraulic_output": false}, "geometry": {"type": "Polygon", "coordinates": [[[75.13417198379999, 18.0850048511], [75.13417198379999, 18.084727073099998], [75.1344497618, 18.084727073099998], [75.1344497618, 18.0850048511], [75.13417198379999, 18.0850048511]]]}}, {"type": "Feature", "properties": {"time_min": 50, "depth_min_m": 1.0, "depth_max_m": 3.0, "depth_class": "1.0\u20133.0 m", "class_area_km2": 0.11552011643214231, "flooded_area_km2": 1.832076846541007, "frame_max_depth_m": 111.31809952292599, "class_mean_depth_m": 1.971334004737514, "scenario_id": "baseline", "model_type": "Automated approximate 2D flood-routing prototype", "validated_hydraulic_output": false}, "geometry": {"type": "Polygon", "coordinates": [[[75.1372275418, 18.0850048511], [75.1372275418, 18.084727073099998], [75.1375053198, 18.084727073099998], [75.1375053198, 18.0850048511], [75.1372275418, 18.0850048511]]]}}, {"type": "Feature", "properties": {"time_min": 50, "depth_min_m": 1.0, "depth_max_m": 3.0, "depth_class": "1.0\u20133.0 m", "class_area_km2": 0.11552011643214231, "flooded_area_km2": 1.832076846541007, "frame_max_depth_m": 111.31809952292599, "class_mean_depth_m": 1.971334004737514, "scenario_id": "baseline", "model_type": "Automated approximate 2D flood-routing prototype", "validated_hydraulic_output": false}, "geometry": {"type": "Polygon", "coordinates": [[[75.1411164338, 18.0850048511], [75.1411164338, 18.084727073099998], [75.14139421179999, 18.084727073099998], [75.14139421179999, 18.0850048511], [75.1411164338, 18.0850048511]]]}}, {"type": "Feature", "properties": {"time_min": 50, "depth_min_m": 1.0, "depth_max_m": 3.0, "depth_class": "1.0\u20133.0 m", "class_area_km2": 0.11552011643214231, "flooded_area_km2": 1.832076846541007, "frame_max_depth_m": 111.31809952292599, "class_mean_depth_m": 1.971334004737514, "scenario_id": "baseline", "model_type": "Automated approximate 2D flood-routing prototype", "validated_hydraulic_output": false}, "geometry": {"type": "Polygon", "coordinates": [[[75.1441719918, 18.084727073099998], [75.1441719918, 18.084449295099997], [75.14444976979999, 18.084449295099997], [75.14444976979999, 18.084727073099998], [75.1441719918, 18.084727073099998]]]}}, {"type": "Feature", "properties": {"time_min": 50, "depth_min_m": 1.0, "depth_max_m": 3.0, "depth_class": "1.0\u20133.0 m", "class_area_km2": 0.11552011643214231, "flooded_area_km2": 1.832076846541007, "frame_max_depth_m": 111.31809952292599, "class_mean_depth_m": 1.971334004737514, "scenario_id": "baseline", "model_type": "Automated approximate 2D flood-routing prototype", "validated_hydraulic_output": false}, "geometry": {"type": "Polygon", "coordinates": [[[75.14139421179999, 18.084449295099997], [75.14139421179999, 18.0841715171], [75.14167198979999, 18.0841715171], [75.14167198979999, 18.084449295099997], [75.14139421179999, 18.084449295099997]]]}}, {"type": "Feature", "properties": {"time_min": 50, "depth_min_m": 1.0, "depth_max_m": 3.0, "depth_class": "1.0\u20133.0 m", "class_area_km2": 0.11552011643214231, "flooded_area_km2": 1.832076846541007, "frame_max_depth_m": 111.31809952292599, "class_mean_depth_m": 1.971334004737514, "scenario_id": "baseline", "model_type": "Automated approximate 2D flood-routing prototype", "validated_hydraulic_output": false}, "geometry": {"type": "Polygon", "coordinates": [[[75.14472754779999, 18.084449295099997], [75.14472754779999, 18.0841715171], [75.1450053258, 18.0841715171], [75.1450053258, 18.084449295099997], [75.14472754779999, 18.084449295099997]]]}}, {"type": "Feature", "properties": {"time_min": 50, "depth_min_m": 1.0, "depth_max_m": 3.0, "depth_class": "1.0\u20133.0 m", "class_area_km2": 0.11552011643214231, "flooded_area_km2": 1.832076846541007, "frame_max_depth_m": 111.31809952292599, "class_mean_depth_m": 1.971334004737514, "scenario_id": "baseline", "model_type": "Automated approximate 2D flood-routing prototype", "validated_hydraulic_output": false}, "geometry": {"type": "Polygon", "coordinates": [[[75.1419497678, 18.084449295099997], [75.1419497678, 18.0841715171], [75.1422275458, 18.0841715171], [75.1422275458, 18.0838937391], [75.1425053238, 18.0838937391], [75.1425053238, 18.084449295099997], [75.1419497678, 18.084449295099997]]]}}, {"type": "Feature", "properties": {"time_min": 50, "depth_min_m": 1.0, "depth_max_m": 3.0, "depth_class": "1.0\u20133.0 m", "class_area_km2": 0.11552011643214231, "flooded_area_km2": 1.832076846541007, "frame_max_depth_m": 111.31809952292599, "class_mean_depth_m": 1.971334004737514, "scenario_id": "baseline", "model_type": "Automated approximate 2D flood-routing prototype", "validated_hydraulic_output": false}, "geometry": {"type": "Polygon", "coordinates": [[[75.1438942138, 18.0841715171], [75.1438942138, 18.0838937391], [75.1441719918, 18.0838937391], [75.1441719918, 18.0841715171], [75.1438942138, 18.0841715171]]]}}, {"type": "Feature", "properties": {"time_min": 50, "depth_min_m": 1.0, "depth_max_m": 3.0, "depth_class": "1.0\u20133.0 m", "class_area_km2": 0.11552011643214231, "flooded_area_km2": 1.832076846541007, "frame_max_depth_m": 111.31809952292599, "class_mean_depth_m": 1.971334004737514, "scenario_id": "baseline", "model_type": "Automated approximate 2D flood-routing prototype", "validated_hydraulic_output": false}, "geometry": {"type": "Polygon", "coordinates": [[[75.14306087979999, 18.0838937391], [75.14306087979999, 18.083615961099998], [75.1433386578, 18.083615961099998], [75.1433386578, 18.0838937391], [75.14306087979999, 18.0838937391]]]}}, {"type": "Feature", "properties": {"time_min": 50, "depth_min_m": 3.0, "depth_max_m": 6.0, "depth_class": "3.0\u20136.0 m", "class_area_km2": 0.12905763007653398, "flooded_area_km2": 1.832076846541007, "frame_max_depth_m": 111.31809952292599, "class_mean_depth_m": 4.563582707953853, "scenario_id": "baseline", "model_type": "Automated approximate 2D flood-routing prototype", "validated_hydraulic_output": false}, "geometry": {"type": "Polygon", "coordinates": [[[75.13556087379999, 18.101949309099997], [75.13556087379999, 18.1016715311], [75.1358386518, 18.1016715311], [75.1358386518, 18.101949309099997], [75.13556087379999, 18.101949309099997]]]}}, {"type": "Feature", "properties": {"time_min": 50, "depth_min_m": 3.0, "depth_max_m": 6.0, "depth_class": "3.0\u20136.0 m", "class_area_km2": 0.12905763007653398, "flooded_area_km2": 1.832076846541007, "frame_max_depth_m": 111.31809952292599, "class_mean_depth_m": 4.563582707953853, "scenario_id": "baseline", "model_type": "Automated approximate 2D flood-routing prototype", "validated_hydraulic_output": false}, "geometry": {"type": "Polygon", "coordinates": [[[75.1350053178, 18.0994493071], [75.1350053178, 18.099171529099998], [75.13528309579999, 18.099171529099998], [75.13528309579999, 18.0994493071], [75.1350053178, 18.0994493071]]]}}, {"type": "Feature", "properties": {"time_min": 50, "depth_min_m": 3.0, "depth_max_m": 6.0, "depth_class": "3.0\u20136.0 m", "class_area_km2": 0.12905763007653398, "flooded_area_km2": 1.832076846541007, "frame_max_depth_m": 111.31809952292599, "class_mean_depth_m": 4.563582707953853, "scenario_id": "baseline", "model_type": "Automated approximate 2D flood-routing prototype", "validated_hydraulic_output": false}, "geometry": {"type": "Polygon", "coordinates": [[[75.13667198579999, 18.098893751099997], [75.13667198579999, 18.0986159731], [75.13694976379999, 18.0986159731], [75.13694976379999, 18.098893751099997], [75.13667198579999, 18.098893751099997]]]}}, {"type": "Feature", "properties": {"time_min": 50, "depth_min_m": 3.0, "depth_max_m": 6.0, "depth_class": "3.0\u20136.0 m", "class_area_km2": 0.12905763007653398, "flooded_area_km2": 1.832076846541007, "frame_max_depth_m": 111.31809952292599, "class_mean_depth_m": 4.563582707953853, "scenario_id": "baseline", "model_type": "Automated approximate 2D flood-routing prototype", "validated_hydraulic_output": false}, "geometry": {"type": "Polygon", "coordinates": [[[75.1372275418, 18.098893751099997], [75.1372275418, 18.0986159731], [75.1377830978, 18.0986159731], [75.1377830978, 18.098893751099997], [75.1372275418, 18.098893751099997]]]}}, {"type": "Feature", "properties": {"time_min": 50, "depth_min_m": 3.0, "depth_max_m": 6.0, "depth_class": "3.0\u20136.0 m", "class_area_km2": 0.12905763007653398, "flooded_area_km2": 1.832076846541007, "frame_max_depth_m": 111.31809952292599, "class_mean_depth_m": 4.563582707953853, "scenario_id": "baseline", "model_type": "Automated approximate 2D flood-routing prototype", "validated_hydraulic_output": false}, "geometry": {"type": "Polygon", "coordinates": [[[75.13833865379999, 18.099171529099998], [75.13833865379999, 18.098893751099997], [75.1380608758, 18.098893751099997], [75.1380608758, 18.0986159731], [75.13861643179999, 18.0986159731], [75.13861643179999, 18.099171529099998], [75.13833865379999, 18.099171529099998]]]}}, {"type": "Feature", "properties": {"time_min": 50, "depth_min_m": 3.0, "depth_max_m": 6.0, "depth_class": "3.0\u20136.0 m", "class_area_km2": 0.12905763007653398, "flooded_area_km2": 1.832076846541007, "frame_max_depth_m": 111.31809952292599, "class_mean_depth_m": 4.563582707953853, "scenario_id": "baseline", "model_type": "Automated approximate 2D flood-routing prototype", "validated_hydraulic_output": false}, "geometry": {"type": "Polygon", "coordinates": [[[75.13972754379999, 18.098893751099997], [75.13972754379999, 18.0986159731], [75.14000532179999, 18.0986159731], [75.14000532179999, 18.098893751099997], [75.13972754379999, 18.098893751099997]]]}}, {"type": "Feature", "properties": {"time_min": 50, "depth_min_m": 3.0, "depth_max_m": 6.0, "depth_class": "3.0\u20136.0 m", "class_area_km2": 0.12905763007653398, "flooded_area_km2": 1.832076846541007, "frame_max_depth_m": 111.31809952292599, "class_mean_depth_m": 4.563582707953853, "scenario_id": "baseline", "model_type": "Automated approximate 2D flood-routing prototype", "validated_hydraulic_output": false}, "geometry": {"type": "Polygon", "coordinates": [[[75.13861643179999, 18.0983381951], [75.13861643179999, 18.098060417099997], [75.1388942098, 18.098060417099997], [75.1388942098, 18.0983381951], [75.13861643179999, 18.0983381951]]]}}, {"type": "Feature", "properties": {"time_min": 50, "depth_min_m": 3.0, "depth_max_m": 6.0, "depth_class": "3.0\u20136.0 m", "class_area_km2": 0.12905763007653398, "flooded_area_km2": 1.832076846541007, "frame_max_depth_m": 111.31809952292599, "class_mean_depth_m": 4.563582707953853, "scenario_id": "baseline", "model_type": "Automated approximate 2D flood-routing prototype", "validated_hydraulic_output": false}, "geometry": {"type": "Polygon", "coordinates": [[[75.1394497658, 18.0983381951], [75.1394497658, 18.098060417099997], [75.13972754379999, 18.098060417099997], [75.13972754379999, 18.0983381951], [75.1394497658, 18.0983381951]]]}}, {"type": "Feature", "properties": {"time_min": 50, "depth_min_m": 3.0, "depth_max_m": 6.0, "depth_class": "3.0\u20136.0 m", "class_area_km2": 0.12905763007653398, "flooded_area_km2": 1.832076846541007, "frame_max_depth_m": 111.31809952292599, "class_mean_depth_m": 4.563582707953853, "scenario_id": "baseline", "model_type": "Automated approximate 2D flood-routing prototype", "validated_hydraulic_output": false}, "geometry": {"type": "Polygon", "coordinates": [[[75.13667198579999, 18.0983381951], [75.13667198579999, 18.097782639099997], [75.1372275418, 18.097782639099997], [75.1372275418, 18.0983381951], [75.13667198579999, 18.0983381951]]]}}, {"type": "Feature", "properties": {"time_min": 50, "depth_min_m": 3.0, "depth_max_m": 6.0, "depth_class": "3.0\u20136.0 m", "class_area_km2": 0.12905763007653398, "flooded_area_km2": 1.832076846541007, "frame_max_depth_m": 111.31809952292599, "class_mean_depth_m": 4.563582707953853, "scenario_id": "baseline", "model_type": "Automated approximate 2D flood-routing prototype", "validated_hydraulic_output": false}, "geometry": {"type": "Polygon", "coordinates": [[[75.1375053198, 18.098060417099997], [75.1375053198, 18.097782639099997], [75.1377830978, 18.097782639099997], [75.1377830978, 18.098060417099997], [75.1375053198, 18.098060417099997]]]}}, {"type": "Feature", "properties": {"time_min": 50, "depth_min_m": 3.0, "depth_max_m": 6.0, "depth_class": "3.0\u20136.0 m", "class_area_km2": 0.12905763007653398, "flooded_area_km2": 1.832076846541007, "frame_max_depth_m": 111.31809952292599, "class_mean_depth_m": 4.563582707953853, "scenario_id": "baseline", "model_type": "Automated approximate 2D flood-routing prototype", "validated_hydraulic_output": false}, "geometry": {"type": "Polygon", "coordinates": [[[75.1380608758, 18.098060417099997], [75.1380608758, 18.097782639099997], [75.13833865379999, 18.097782639099997], [75.13833865379999, 18.098060417099997], [75.1380608758, 18.098060417099997]]]}}, {"type": "Feature", "properties": {"time_min": 50, "depth_min_m": 3.0, "depth_max_m": 6.0, "depth_class": "3.0\u20136.0 m", "class_area_km2": 0.12905763007653398, "flooded_area_km2": 1.832076846541007, "frame_max_depth_m": 111.31809952292599, "class_mean_depth_m": 4.563582707953853, "scenario_id": "baseline", "model_type": "Automated approximate 2D flood-routing prototype", "validated_hydraulic_output": false}, "geometry": {"type": "Polygon", "coordinates": [[[75.13361642779999, 18.098060417099997], [75.13361642779999, 18.0975048611], [75.13389420579999, 18.0975048611], [75.13389420579999, 18.098060417099997], [75.13361642779999, 18.098060417099997]]]}}, {"type": "Feature", "properties": {"time_min": 50, "depth_min_m": 3.0, "depth_max_m": 6.0, "depth_class": "3.0\u20136.0 m", "class_area_km2": 0.12905763007653398, "flooded_area_km2": 1.832076846541007, "frame_max_depth_m": 111.31809952292599, "class_mean_depth_m": 4.563582707953853, "scenario_id": "baseline", "model_type": "Automated approximate 2D flood-routing prototype", "validated_hydraulic_output": false}, "geometry": {"type": "Polygon", "coordinates": [[[75.1380608758, 18.0975048611], [75.1380608758, 18.097227083099998], [75.13833865379999, 18.097227083099998], [75.13833865379999, 18.0975048611], [75.1380608758, 18.0975048611]]]}}, {"type": "Feature", "properties": {"time_min": 50, "depth_min_m": 3.0, "depth_max_m": 6.0, "depth_class": "3.0\u20136.0 m", "class_area_km2": 0.12905763007653398, "flooded_area_km2": 1.832076846541007, "frame_max_depth_m": 111.31809952292599, "class_mean_depth_m": 4.563582707953853, "scenario_id": "baseline", "model_type": "Automated approximate 2D flood-routing prototype", "validated_hydraulic_output": false}, "geometry": {"type": "Polygon", "coordinates": [[[75.1377830978, 18.097227083099998], [75.1377830978, 18.096949305099997], [75.1380608758, 18.096949305099997], [75.1380608758, 18.097227083099998], [75.1377830978, 18.097227083099998]]]}}, {"type": "Feature", "properties": {"time_min": 50, "depth_min_m": 3.0, "depth_max_m": 6.0, "depth_class": "3.0\u20136.0 m", "class_area_km2": 0.12905763007653398, "flooded_area_km2": 1.832076846541007, "frame_max_depth_m": 111.31809952292599, "class_mean_depth_m": 4.563582707953853, "scenario_id": "baseline", "model_type": "Automated approximate 2D flood-routing prototype", "validated_hydraulic_output": false}, "geometry": {"type": "Polygon", "coordinates": [[[75.1388942098, 18.0975048611], [75.1388942098, 18.096671527099996], [75.1391719878, 18.096671527099996], [75.1391719878, 18.0975048611], [75.1388942098, 18.0975048611]]]}}, {"type": "Feature", "properties": {"time_min": 50, "depth_min_m": 3.0, "depth_max_m": 6.0, "depth_class": "3.0\u20136.0 m", "class_area_km2": 0.12905763007653398, "flooded_area_km2": 1.832076846541007, "frame_max_depth_m": 111.31809952292599, "class_mean_depth_m": 4.563582707953853, "scenario_id": "baseline", "model_type": "Automated approximate 2D flood-routing prototype", "validated_hydraulic_output": false}, "geometry": {"type": "Polygon", "coordinates": [[[75.1372275418, 18.097227083099998], [75.1372275418, 18.096671527099996], [75.1375053198, 18.096671527099996], [75.1375053198, 18.097227083099998], [75.1372275418, 18.097227083099998]]]}}, {"type": "Feature", "properties": {"time_min": 50, "depth_min_m": 3.0, "depth_max_m": 6.0, "depth_class": "3.0\u20136.0 m", "class_area_km2": 0.12905763007653398, "flooded_area_km2": 1.832076846541007, "frame_max_depth_m": 111.31809952292599, "class_mean_depth_m": 4.563582707953853, "scenario_id": "baseline", "model_type": "Automated approximate 2D flood-routing prototype", "validated_hydraulic_output": false}, "geometry": {"type": "Polygon", "coordinates": [[[75.1380608758, 18.096949305099997], [75.1380608758, 18.096671527099996], [75.13833865379999, 18.096671527099996], [75.13833865379999, 18.096949305099997], [75.1380608758, 18.096949305099997]]]}}, {"type": "Feature", "properties": {"time_min": 50, "depth_min_m": 3.0, "depth_max_m": 6.0, "depth_class": "3.0\u20136.0 m", "class_area_km2": 0.12905763007653398, "flooded_area_km2": 1.832076846541007, "frame_max_depth_m": 111.31809952292599, "class_mean_depth_m": 4.563582707953853, "scenario_id": "baseline", "model_type": "Automated approximate 2D flood-routing prototype", "validated_hydraulic_output": false}, "geometry": {"type": "Polygon", "coordinates": [[[75.1330608718, 18.097227083099998], [75.1330608718, 18.096671527099996], [75.1327830938, 18.096671527099996], [75.1327830938, 18.0963937491], [75.1333386498, 18.0963937491], [75.1333386498, 18.096671527099996], [75.13361642779999, 18.096671527099996], [75.13361642779999, 18.0963937491], [75.13389420579999, 18.0963937491], [75.13389420579999, 18.096671527099996], [75.13417198379999, 18.096671527099996], [75.13417198379999, 18.097227083099998], [75.13389420579999, 18.097227083099998], [75.13389420579999, 18.096949305099997], [75.13361642779999, 18.096949305099997], [75.13361642779999, 18.097227083099998], [75.1330608718, 18.097227083099998]]]}}, {"type": "Feature", "properties": {"time_min": 50, "depth_min_m": 3.0, "depth_max_m": 6.0, "depth_class": "3.0\u20136.0 m", "class_area_km2": 0.12905763007653398, "flooded_area_km2": 1.832076846541007, "frame_max_depth_m": 111.31809952292599, "class_mean_depth_m": 4.563582707953853, "scenario_id": "baseline", "model_type": "Automated approximate 2D flood-routing prototype", "validated_hydraulic_output": false}, "geometry": {"type": "Polygon", "coordinates": [[[75.1319497598, 18.0963937491], [75.1319497598, 18.096115971099998], [75.13222753779999, 18.096115971099998], [75.13222753779999, 18.0963937491], [75.1319497598, 18.0963937491]]]}}, {"type": "Feature", "properties": {"time_min": 50, "depth_min_m": 3.0, "depth_max_m": 6.0, "depth_class": "3.0\u20136.0 m", "class_area_km2": 0.12905763007653398, "flooded_area_km2": 1.832076846541007, "frame_max_depth_m": 111.31809952292599, "class_mean_depth_m": 4.563582707953853, "scenario_id": "baseline", "model_type": "Automated approximate 2D flood-routing prototype", "validated_hydraulic_output": false}, "geometry": {"type": "Polygon", "coordinates": [[[75.1375053198, 18.0963937491], [75.1375053198, 18.096115971099998], [75.1377830978, 18.096115971099998], [75.1377830978, 18.0963937491], [75.1375053198, 18.0963937491]]]}}, {"type": "Feature", "properties": {"time_min": 50, "depth_min_m": 3.0, "depth_max_m": 6.0, "depth_class": "3.0\u20136.0 m", "class_area_km2": 0.12905763007653398, "flooded_area_km2": 1.832076846541007, "frame_max_depth_m": 111.31809952292599, "class_mean_depth_m": 4.563582707953853, "scenario_id": "baseline", "model_type": "Automated approximate 2D flood-routing prototype", "validated_hydraulic_output": false}, "geometry": {"type": "Polygon", "coordinates": [[[75.1388942098, 18.0963937491], [75.1388942098, 18.096115971099998], [75.1391719878, 18.096115971099998], [75.1391719878, 18.0963937491], [75.1388942098, 18.0963937491]]]}}, {"type": "Feature", "properties": {"time_min": 50, "depth_min_m": 3.0, "depth_max_m": 6.0, "depth_class": "3.0\u20136.0 m", "class_area_km2": 0.12905763007653398, "flooded_area_km2": 1.832076846541007, "frame_max_depth_m": 111.31809952292599, "class_mean_depth_m": 4.563582707953853, "scenario_id": "baseline", "model_type": "Automated approximate 2D flood-routing prototype", "validated_hydraulic_output": false}, "geometry": {"type": "Polygon", "coordinates": [[[75.13833865379999, 18.0955604151], [75.13833865379999, 18.0952826371], [75.13861643179999, 18.0952826371], [75.13861643179999, 18.0955604151], [75.13833865379999, 18.0955604151]]]}}, {"type": "Feature", "properties": {"time_min": 50, "depth_min_m": 3.0, "depth_max_m": 6.0, "depth_class": "3.0\u20136.0 m", "class_area_km2": 0.12905763007653398, "flooded_area_km2": 1.832076846541007, "frame_max_depth_m": 111.31809952292599, "class_mean_depth_m": 4.563582707953853, "scenario_id": "baseline", "model_type": "Automated approximate 2D flood-routing prototype", "validated_hydraulic_output": false}, "geometry": {"type": "Polygon", "coordinates": [[[75.14000532179999, 18.0955604151], [75.14000532179999, 18.0952826371], [75.1402830998, 18.0952826371], [75.1402830998, 18.0955604151], [75.14000532179999, 18.0955604151]]]}}, {"type": "Feature", "properties": {"time_min": 50, "depth_min_m": 3.0, "depth_max_m": 6.0, "depth_class": "3.0\u20136.0 m", "class_area_km2": 0.12905763007653398, "flooded_area_km2": 1.832076846541007, "frame_max_depth_m": 111.31809952292599, "class_mean_depth_m": 4.563582707953853, "scenario_id": "baseline", "model_type": "Automated approximate 2D flood-routing prototype", "validated_hydraulic_output": false}, "geometry": {"type": "Polygon", "coordinates": [[[75.1402830998, 18.095004859099998], [75.1402830998, 18.094727081099997], [75.1405608778, 18.094727081099997], [75.1405608778, 18.095004859099998], [75.1402830998, 18.095004859099998]]]}}, {"type": "Feature", "properties": {"time_min": 50, "depth_min_m": 3.0, "depth_max_m": 6.0, "depth_class": "3.0\u20136.0 m", "class_area_km2": 0.12905763007653398, "flooded_area_km2": 1.832076846541007, "frame_max_depth_m": 111.31809952292599, "class_mean_depth_m": 4.563582707953853, "scenario_id": "baseline", "model_type": "Automated approximate 2D flood-routing prototype", "validated_hydraulic_output": false}, "geometry": {"type": "Polygon", "coordinates": [[[75.1305608698, 18.094727081099997], [75.1305608698, 18.0944493031], [75.13083864779999, 18.0944493031], [75.13083864779999, 18.094727081099997], [75.1305608698, 18.094727081099997]]]}}, {"type": "Feature", "properties": {"time_min": 50, "depth_min_m": 3.0, "depth_max_m": 6.0, "depth_class": "3.0\u20136.0 m", "class_area_km2": 0.12905763007653398, "flooded_area_km2": 1.832076846541007, "frame_max_depth_m": 111.31809952292599, "class_mean_depth_m": 4.563582707953853, "scenario_id": "baseline", "model_type": "Automated approximate 2D flood-routing prototype", "validated_hydraulic_output": false}, "geometry": {"type": "Polygon", "coordinates": [[[75.13111642579999, 18.094727081099997], [75.13111642579999, 18.0944493031], [75.1313942038, 18.0944493031], [75.1313942038, 18.094727081099997], [75.13111642579999, 18.094727081099997]]]}}, {"type": "Feature", "properties": {"time_min": 50, "depth_min_m": 3.0, "depth_max_m": 6.0, "depth_class": "3.0\u20136.0 m", "class_area_km2": 0.12905763007653398, "flooded_area_km2": 1.832076846541007, "frame_max_depth_m": 111.31809952292599, "class_mean_depth_m": 4.563582707953853, "scenario_id": "baseline", "model_type": "Automated approximate 2D flood-routing prototype", "validated_hydraulic_output": false}, "geometry": {"type": "Polygon", "coordinates": [[[75.1330608718, 18.0944493031], [75.1330608718, 18.0941715251], [75.1333386498, 18.0941715251], [75.1333386498, 18.0944493031], [75.1330608718, 18.0944493031]]]}}, {"type": "Feature", "properties": {"time_min": 50, "depth_min_m": 3.0, "depth_max_m": 6.0, "depth_class": "3.0\u20136.0 m", "class_area_km2": 0.12905763007653398, "flooded_area_km2": 1.832076846541007, "frame_max_depth_m": 111.31809952292599, "class_mean_depth_m": 4.563582707953853, "scenario_id": "baseline", "model_type": "Automated approximate 2D flood-routing prototype", "validated_hydraulic_output": false}, "geometry": {"type": "Polygon", "coordinates": [[[75.1313942038, 18.0941715251], [75.1313942038, 18.093893747099997], [75.1316719818, 18.093893747099997], [75.1316719818, 18.0941715251], [75.1313942038, 18.0941715251]]]}}, {"type": "Feature", "properties": {"time_min": 50, "depth_min_m": 3.0, "depth_max_m": 6.0, "depth_class": "3.0\u20136.0 m", "class_area_km2": 0.12905763007653398, "flooded_area_km2": 1.832076846541007, "frame_max_depth_m": 111.31809952292599, "class_mean_depth_m": 4.563582707953853, "scenario_id": "baseline", "model_type": "Automated approximate 2D flood-routing prototype", "validated_hydraulic_output": false}, "geometry": {"type": "Polygon", "coordinates": [[[75.14167198979999, 18.0941715251], [75.14167198979999, 18.093893747099997], [75.1419497678, 18.093893747099997], [75.1419497678, 18.0941715251], [75.14167198979999, 18.0941715251]]]}}, {"type": "Feature", "properties": {"time_min": 50, "depth_min_m": 3.0, "depth_max_m": 6.0, "depth_class": "3.0\u20136.0 m", "class_area_km2": 0.12905763007653398, "flooded_area_km2": 1.832076846541007, "frame_max_depth_m": 111.31809952292599, "class_mean_depth_m": 4.563582707953853, "scenario_id": "baseline", "model_type": "Automated approximate 2D flood-routing prototype", "validated_hydraulic_output": false}, "geometry": {"type": "Polygon", "coordinates": [[[75.1402830998, 18.0941715251], [75.1402830998, 18.093893747099997], [75.14000532179999, 18.093893747099997], [75.14000532179999, 18.093615969099996], [75.1405608778, 18.093615969099996], [75.1405608778, 18.0941715251], [75.1402830998, 18.0941715251]]]}}, {"type": "Feature", "properties": {"time_min": 50, "depth_min_m": 3.0, "depth_max_m": 6.0, "depth_class": "3.0\u20136.0 m", "class_area_km2": 0.12905763007653398, "flooded_area_km2": 1.832076846541007, "frame_max_depth_m": 111.31809952292599, "class_mean_depth_m": 4.563582707953853, "scenario_id": "baseline", "model_type": "Automated approximate 2D flood-routing prototype", "validated_hydraulic_output": false}, "geometry": {"type": "Polygon", "coordinates": [[[75.1419497678, 18.093893747099997], [75.1419497678, 18.093615969099996], [75.1422275458, 18.093615969099996], [75.1422275458, 18.093893747099997], [75.1419497678, 18.093893747099997]]]}}, {"type": "Feature", "properties": {"time_min": 50, "depth_min_m": 3.0, "depth_max_m": 6.0, "depth_class": "3.0\u20136.0 m", "class_area_km2": 0.12905763007653398, "flooded_area_km2": 1.832076846541007, "frame_max_depth_m": 111.31809952292599, "class_mean_depth_m": 4.563582707953853, "scenario_id": "baseline", "model_type": "Automated approximate 2D flood-routing prototype", "validated_hydraulic_output": false}, "geometry": {"type": "Polygon", "coordinates": [[[75.1319497598, 18.094727081099997], [75.1319497598, 18.093615969099996], [75.1313942038, 18.093615969099996], [75.1313942038, 18.0933381911], [75.13222753779999, 18.0933381911], [75.13222753779999, 18.093615969099996], [75.13250531579999, 18.093615969099996], [75.13250531579999, 18.093893747099997], [75.1327830938, 18.093893747099997], [75.1327830938, 18.0941715251], [75.13222753779999, 18.0941715251], [75.13222753779999, 18.0944493031], [75.13250531579999, 18.0944493031], [75.13250531579999, 18.094727081099997], [75.1319497598, 18.094727081099997]]]}}, {"type": "Feature", "properties": {"time_min": 50, "depth_min_m": 3.0, "depth_max_m": 6.0, "depth_class": "3.0\u20136.0 m", "class_area_km2": 0.12905763007653398, "flooded_area_km2": 1.832076846541007, "frame_max_depth_m": 111.31809952292599, "class_mean_depth_m": 4.563582707953853, "scenario_id": "baseline", "model_type": "Automated approximate 2D flood-routing prototype", "validated_hydraulic_output": false}, "geometry": {"type": "Polygon", "coordinates": [[[75.1394497658, 18.093615969099996], [75.1394497658, 18.0933381911], [75.13972754379999, 18.0933381911], [75.13972754379999, 18.093615969099996], [75.1394497658, 18.093615969099996]]]}}, {"type": "Feature", "properties": {"time_min": 50, "depth_min_m": 3.0, "depth_max_m": 6.0, "depth_class": "3.0\u20136.0 m", "class_area_km2": 0.12905763007653398, "flooded_area_km2": 1.832076846541007, "frame_max_depth_m": 111.31809952292599, "class_mean_depth_m": 4.563582707953853, "scenario_id": "baseline", "model_type": "Automated approximate 2D flood-routing prototype", "validated_hydraulic_output": false}, "geometry": {"type": "Polygon", "coordinates": [[[75.1433386578, 18.093060413099998], [75.1433386578, 18.092782635099997], [75.1436164358, 18.092782635099997], [75.1436164358, 18.093060413099998], [75.1433386578, 18.093060413099998]]]}}, {"type": "Feature", "properties": {"time_min": 50, "depth_min_m": 3.0, "depth_max_m": 6.0, "depth_class": "3.0\u20136.0 m", "class_area_km2": 0.12905763007653398, "flooded_area_km2": 1.832076846541007, "frame_max_depth_m": 111.31809952292599, "class_mean_depth_m": 4.563582707953853, "scenario_id": "baseline", "model_type": "Automated approximate 2D flood-routing prototype", "validated_hydraulic_output": false}, "geometry": {"type": "Polygon", "coordinates": [[[75.1438942138, 18.093060413099998], [75.1438942138, 18.092782635099997], [75.1441719918, 18.092782635099997], [75.1441719918, 18.093060413099998], [75.1438942138, 18.093060413099998]]]}}, {"type": "Feature", "properties": {"time_min": 50, "depth_min_m": 3.0, "depth_max_m": 6.0, "depth_class": "3.0\u20136.0 m", "class_area_km2": 0.12905763007653398, "flooded_area_km2": 1.832076846541007, "frame_max_depth_m": 111.31809952292599, "class_mean_depth_m": 4.563582707953853, "scenario_id": "baseline", "model_type": "Automated approximate 2D flood-routing prototype", "validated_hydraulic_output": false}, "geometry": {"type": "Polygon", "coordinates": [[[75.13083864779999, 18.0941715251], [75.13083864779999, 18.093615969099996], [75.1305608698, 18.093615969099996], [75.1305608698, 18.0933381911], [75.13083864779999, 18.0933381911], [75.13083864779999, 18.092504857099996], [75.13111642579999, 18.092504857099996], [75.13111642579999, 18.0941715251], [75.13083864779999, 18.0941715251]]]}}, {"type": "Feature", "properties": {"time_min": 50, "depth_min_m": 3.0, "depth_max_m": 6.0, "depth_class": "3.0\u20136.0 m", "class_area_km2": 0.12905763007653398, "flooded_area_km2": 1.832076846541007, "frame_max_depth_m": 111.31809952292599, "class_mean_depth_m": 4.563582707953853, "scenario_id": "baseline", "model_type": "Automated approximate 2D flood-routing prototype", "validated_hydraulic_output": false}, "geometry": {"type": "Polygon", "coordinates": [[[75.1313942038, 18.092504857099996], [75.1313942038, 18.0922270791], [75.1316719818, 18.0922270791], [75.1316719818, 18.092504857099996], [75.1313942038, 18.092504857099996]]]}}, {"type": "Feature", "properties": {"time_min": 50, "depth_min_m": 3.0, "depth_max_m": 6.0, "depth_class": "3.0\u20136.0 m", "class_area_km2": 0.12905763007653398, "flooded_area_km2": 1.832076846541007, "frame_max_depth_m": 111.31809952292599, "class_mean_depth_m": 4.563582707953853, "scenario_id": "baseline", "model_type": "Automated approximate 2D flood-routing prototype", "validated_hydraulic_output": false}, "geometry": {"type": "Polygon", "coordinates": [[[75.14444976979999, 18.092504857099996], [75.14444976979999, 18.0922270791], [75.14472754779999, 18.0922270791], [75.14472754779999, 18.092504857099996], [75.14444976979999, 18.092504857099996]]]}}, {"type": "Feature", "properties": {"time_min": 50, "depth_min_m": 3.0, "depth_max_m": 6.0, "depth_class": "3.0\u20136.0 m", "class_area_km2": 0.12905763007653398, "flooded_area_km2": 1.832076846541007, "frame_max_depth_m": 111.31809952292599, "class_mean_depth_m": 4.563582707953853, "scenario_id": "baseline", "model_type": "Automated approximate 2D flood-routing prototype", "validated_hydraulic_output": false}, "geometry": {"type": "Polygon", "coordinates": [[[75.14583865979999, 18.091949301099998], [75.14583865979999, 18.091671523099997], [75.14611643779999, 18.091671523099997], [75.14611643779999, 18.091949301099998], [75.14583865979999, 18.091949301099998]]]}}, {"type": "Feature", "properties": {"time_min": 50, "depth_min_m": 3.0, "depth_max_m": 6.0, "depth_class": "3.0\u20136.0 m", "class_area_km2": 0.12905763007653398, "flooded_area_km2": 1.832076846541007, "frame_max_depth_m": 111.31809952292599, "class_mean_depth_m": 4.563582707953853, "scenario_id": "baseline", "model_type": "Automated approximate 2D flood-routing prototype", "validated_hydraulic_output": false}, "geometry": {"type": "Polygon", "coordinates": [[[75.1463942158, 18.091671523099997], [75.1463942158, 18.0913937451], [75.1466719938, 18.0913937451], [75.1466719938, 18.091671523099997], [75.1463942158, 18.091671523099997]]]}}, {"type": "Feature", "properties": {"time_min": 50, "depth_min_m": 3.0, "depth_max_m": 6.0, "depth_class": "3.0\u20136.0 m", "class_area_km2": 0.12905763007653398, "flooded_area_km2": 1.832076846541007, "frame_max_depth_m": 111.31809952292599, "class_mean_depth_m": 4.563582707953853, "scenario_id": "baseline", "model_type": "Automated approximate 2D flood-routing prototype", "validated_hydraulic_output": false}, "geometry": {"type": "Polygon", "coordinates": [[[75.1330608718, 18.091671523099997], [75.1330608718, 18.090560411099997], [75.1333386498, 18.090560411099997], [75.1333386498, 18.091671523099997], [75.1330608718, 18.091671523099997]]]}}, {"type": "Feature", "properties": {"time_min": 50, "depth_min_m": 3.0, "depth_max_m": 6.0, "depth_class": "3.0\u20136.0 m", "class_area_km2": 0.12905763007653398, "flooded_area_km2": 1.832076846541007, "frame_max_depth_m": 111.31809952292599, "class_mean_depth_m": 4.563582707953853, "scenario_id": "baseline", "model_type": "Automated approximate 2D flood-routing prototype", "validated_hydraulic_output": false}, "geometry": {"type": "Polygon", "coordinates": [[[75.1469497718, 18.090560411099997], [75.1469497718, 18.0902826331], [75.1472275498, 18.0902826331], [75.1472275498, 18.090560411099997], [75.1469497718, 18.090560411099997]]]}}, {"type": "Feature", "properties": {"time_min": 50, "depth_min_m": 3.0, "depth_max_m": 6.0, "depth_class": "3.0\u20136.0 m", "class_area_km2": 0.12905763007653398, "flooded_area_km2": 1.832076846541007, "frame_max_depth_m": 111.31809952292599, "class_mean_depth_m": 4.563582707953853, "scenario_id": "baseline", "model_type": "Automated approximate 2D flood-routing prototype", "validated_hydraulic_output": false}, "geometry": {"type": "Polygon", "coordinates": [[[75.1333386498, 18.0902826331], [75.1333386498, 18.0900048551], [75.13361642779999, 18.0900048551], [75.13361642779999, 18.0902826331], [75.1333386498, 18.0902826331]]]}}, {"type": "Feature", "properties": {"time_min": 50, "depth_min_m": 3.0, "depth_max_m": 6.0, "depth_class": "3.0\u20136.0 m", "class_area_km2": 0.12905763007653398, "flooded_area_km2": 1.832076846541007, "frame_max_depth_m": 111.31809952292599, "class_mean_depth_m": 4.563582707953853, "scenario_id": "baseline", "model_type": "Automated approximate 2D flood-routing prototype", "validated_hydraulic_output": false}, "geometry": {"type": "Polygon", "coordinates": [[[75.1472275498, 18.0902826331], [75.1472275498, 18.0900048551], [75.1469497718, 18.0900048551], [75.1469497718, 18.089449299099996], [75.14750532779999, 18.089449299099996], [75.14750532779999, 18.0902826331], [75.1472275498, 18.0902826331]]]}}, {"type": "Feature", "properties": {"time_min": 50, "depth_min_m": 3.0, "depth_max_m": 6.0, "depth_class": "3.0\u20136.0 m", "class_area_km2": 0.12905763007653398, "flooded_area_km2": 1.832076846541007, "frame_max_depth_m": 111.31809952292599, "class_mean_depth_m": 4.563582707953853, "scenario_id": "baseline", "model_type": "Automated approximate 2D flood-routing prototype", "validated_hydraulic_output": false}, "geometry": {"type": "Polygon", "coordinates": [[[75.13417198379999, 18.089449299099996], [75.13417198379999, 18.0891715211], [75.1344497618, 18.0891715211], [75.1344497618, 18.089449299099996], [75.13417198379999, 18.089449299099996]]]}}, {"type": "Feature", "properties": {"time_min": 50, "depth_min_m": 3.0, "depth_max_m": 6.0, "depth_class": "3.0\u20136.0 m", "class_area_km2": 0.12905763007653398, "flooded_area_km2": 1.832076846541007, "frame_max_depth_m": 111.31809952292599, "class_mean_depth_m": 4.563582707953853, "scenario_id": "baseline", "model_type": "Automated approximate 2D flood-routing prototype", "validated_hydraulic_output": false}, "geometry": {"type": "Polygon", "coordinates": [[[75.13528309579999, 18.089449299099996], [75.13528309579999, 18.0891715211], [75.13556087379999, 18.0891715211], [75.13556087379999, 18.089449299099996], [75.13528309579999, 18.089449299099996]]]}}, {"type": "Feature", "properties": {"time_min": 50, "depth_min_m": 3.0, "depth_max_m": 6.0, "depth_class": "3.0\u20136.0 m", "class_area_km2": 0.12905763007653398, "flooded_area_km2": 1.832076846541007, "frame_max_depth_m": 111.31809952292599, "class_mean_depth_m": 4.563582707953853, "scenario_id": "baseline", "model_type": "Automated approximate 2D flood-routing prototype", "validated_hydraulic_output": false}, "geometry": {"type": "Polygon", "coordinates": [[[75.1333386498, 18.0891715211], [75.1333386498, 18.088893743099998], [75.13361642779999, 18.088893743099998], [75.13361642779999, 18.0891715211], [75.1333386498, 18.0891715211]]]}}, {"type": "Feature", "properties": {"time_min": 50, "depth_min_m": 3.0, "depth_max_m": 6.0, "depth_class": "3.0\u20136.0 m", "class_area_km2": 0.12905763007653398, "flooded_area_km2": 1.832076846541007, "frame_max_depth_m": 111.31809952292599, "class_mean_depth_m": 4.563582707953853, "scenario_id": "baseline", "model_type": "Automated approximate 2D flood-routing prototype", "validated_hydraulic_output": false}, "geometry": {"type": "Polygon", "coordinates": [[[75.1344497618, 18.0891715211], [75.1344497618, 18.088893743099998], [75.1347275398, 18.088893743099998], [75.1347275398, 18.0891715211], [75.1344497618, 18.0891715211]]]}}, {"type": "Feature", "properties": {"time_min": 50, "depth_min_m": 3.0, "depth_max_m": 6.0, "depth_class": "3.0\u20136.0 m", "class_area_km2": 0.12905763007653398, "flooded_area_km2": 1.832076846541007, "frame_max_depth_m": 111.31809952292599, "class_mean_depth_m": 4.563582707953853, "scenario_id": "baseline", "model_type": "Automated approximate 2D flood-routing prototype", "validated_hydraulic_output": false}, "geometry": {"type": "Polygon", "coordinates": [[[75.14778310579999, 18.0891715211], [75.14778310579999, 18.088893743099998], [75.1480608838, 18.088893743099998], [75.1480608838, 18.0891715211], [75.14778310579999, 18.0891715211]]]}}, {"type": "Feature", "properties": {"time_min": 50, "depth_min_m": 3.0, "depth_max_m": 6.0, "depth_class": "3.0\u20136.0 m", "class_area_km2": 0.12905763007653398, "flooded_area_km2": 1.832076846541007, "frame_max_depth_m": 111.31809952292599, "class_mean_depth_m": 4.563582707953853, "scenario_id": "baseline", "model_type": "Automated approximate 2D flood-routing prototype", "validated_hydraulic_output": false}, "geometry": {"type": "Polygon", "coordinates": [[[75.13389420579999, 18.088893743099998], [75.13389420579999, 18.088615965099997], [75.13417198379999, 18.088615965099997], [75.13417198379999, 18.088893743099998], [75.13389420579999, 18.088893743099998]]]}}, {"type": "Feature", "properties": {"time_min": 50, "depth_min_m": 3.0, "depth_max_m": 6.0, "depth_class": "3.0\u20136.0 m", "class_area_km2": 0.12905763007653398, "flooded_area_km2": 1.832076846541007, "frame_max_depth_m": 111.31809952292599, "class_mean_depth_m": 4.563582707953853, "scenario_id": "baseline", "model_type": "Automated approximate 2D flood-routing prototype", "validated_hydraulic_output": false}, "geometry": {"type": "Polygon", "coordinates": [[[75.1344497618, 18.088338187099996], [75.1344497618, 18.0880604091], [75.1347275398, 18.0880604091], [75.1347275398, 18.088338187099996], [75.1344497618, 18.088338187099996]]]}}, {"type": "Feature", "properties": {"time_min": 50, "depth_min_m": 3.0, "depth_max_m": 6.0, "depth_class": "3.0\u20136.0 m", "class_area_km2": 0.12905763007653398, "flooded_area_km2": 1.832076846541007, "frame_max_depth_m": 111.31809952292599, "class_mean_depth_m": 4.563582707953853, "scenario_id": "baseline", "model_type": "Automated approximate 2D flood-routing prototype", "validated_hydraulic_output": false}, "geometry": {"type": "Polygon", "coordinates": [[[75.13528309579999, 18.0880604091], [75.13528309579999, 18.087782631099998], [75.13556087379999, 18.087782631099998], [75.13556087379999, 18.0880604091], [75.13528309579999, 18.0880604091]]]}}, {"type": "Feature", "properties": {"time_min": 50, "depth_min_m": 3.0, "depth_max_m": 6.0, "depth_class": "3.0\u20136.0 m", "class_area_km2": 0.12905763007653398, "flooded_area_km2": 1.832076846541007, "frame_max_depth_m": 111.31809952292599, "class_mean_depth_m": 4.563582707953853, "scenario_id": "baseline", "model_type": "Automated approximate 2D flood-routing prototype", "validated_hydraulic_output": false}, "geometry": {"type": "Polygon", "coordinates": [[[75.1500053298, 18.087782631099998], [75.1500053298, 18.087504853099997], [75.15028310779999, 18.087504853099997], [75.15028310779999, 18.087782631099998], [75.1500053298, 18.087782631099998]]]}}, {"type": "Feature", "properties": {"time_min": 50, "depth_min_m": 3.0, "depth_max_m": 6.0, "depth_class": "3.0\u20136.0 m", "class_area_km2": 0.12905763007653398, "flooded_area_km2": 1.832076846541007, "frame_max_depth_m": 111.31809952292599, "class_mean_depth_m": 4.563582707953853, "scenario_id": "baseline", "model_type": "Automated approximate 2D flood-routing prototype", "validated_hydraulic_output": false}, "geometry": {"type": "Polygon", "coordinates": [[[75.13556087379999, 18.087504853099997], [75.13556087379999, 18.0872270751], [75.1358386518, 18.0872270751], [75.1358386518, 18.087504853099997], [75.13556087379999, 18.087504853099997]]]}}, {"type": "Feature", "properties": {"time_min": 50, "depth_min_m": 3.0, "depth_max_m": 6.0, "depth_class": "3.0\u20136.0 m", "class_area_km2": 0.12905763007653398, "flooded_area_km2": 1.832076846541007, "frame_max_depth_m": 111.31809952292599, "class_mean_depth_m": 4.563582707953853, "scenario_id": "baseline", "model_type": "Automated approximate 2D flood-routing prototype", "validated_hydraulic_output": false}, "geometry": {"type": "Polygon", "coordinates": [[[75.1494497738, 18.087782631099998], [75.1494497738, 18.087504853099997], [75.14917199579999, 18.087504853099997], [75.14917199579999, 18.0872270751], [75.1497275518, 18.0872270751], [75.1497275518, 18.087782631099998], [75.1494497738, 18.087782631099998]]]}}, {"type": "Feature", "properties": {"time_min": 50, "depth_min_m": 3.0, "depth_max_m": 6.0, "depth_class": "3.0\u20136.0 m", "class_area_km2": 0.12905763007653398, "flooded_area_km2": 1.832076846541007, "frame_max_depth_m": 111.31809952292599, "class_mean_depth_m": 4.563582707953853, "scenario_id": "baseline", "model_type": "Automated approximate 2D flood-routing prototype", "validated_hydraulic_output": false}, "geometry": {"type": "Polygon", "coordinates": [[[75.13528309579999, 18.0872270751], [75.13528309579999, 18.0869492971], [75.13556087379999, 18.0869492971], [75.13556087379999, 18.0872270751], [75.13528309579999, 18.0872270751]]]}}, {"type": "Feature", "properties": {"time_min": 50, "depth_min_m": 3.0, "depth_max_m": 6.0, "depth_class": "3.0\u20136.0 m", "class_area_km2": 0.12905763007653398, "flooded_area_km2": 1.832076846541007, "frame_max_depth_m": 111.31809952292599, "class_mean_depth_m": 4.563582707953853, "scenario_id": "baseline", "model_type": "Automated approximate 2D flood-routing prototype", "validated_hydraulic_output": false}, "geometry": {"type": "Polygon", "coordinates": [[[75.14778310579999, 18.0872270751], [75.14778310579999, 18.0869492971], [75.1480608838, 18.0869492971], [75.1480608838, 18.0872270751], [75.14778310579999, 18.0872270751]]]}}, {"type": "Feature", "properties": {"time_min": 50, "depth_min_m": 3.0, "depth_max_m": 6.0, "depth_class": "3.0\u20136.0 m", "class_area_km2": 0.12905763007653398, "flooded_area_km2": 1.832076846541007, "frame_max_depth_m": 111.31809952292599, "class_mean_depth_m": 4.563582707953853, "scenario_id": "baseline", "model_type": "Automated approximate 2D flood-routing prototype", "validated_hydraulic_output": false}, "geometry": {"type": "Polygon", "coordinates": [[[75.1483386618, 18.0872270751], [75.1483386618, 18.0869492971], [75.1486164398, 18.0869492971], [75.1486164398, 18.0872270751], [75.1483386618, 18.0872270751]]]}}, {"type": "Feature", "properties": {"time_min": 50, "depth_min_m": 3.0, "depth_max_m": 6.0, "depth_class": "3.0\u20136.0 m", "class_area_km2": 0.12905763007653398, "flooded_area_km2": 1.832076846541007, "frame_max_depth_m": 111.31809952292599, "class_mean_depth_m": 4.563582707953853, "scenario_id": "baseline", "model_type": "Automated approximate 2D flood-routing prototype", "validated_hydraulic_output": false}, "geometry": {"type": "Polygon", "coordinates": [[[75.1463942158, 18.0869492971], [75.1463942158, 18.086671519099998], [75.1466719938, 18.086671519099998], [75.1466719938, 18.0869492971], [75.1463942158, 18.0869492971]]]}}, {"type": "Feature", "properties": {"time_min": 50, "depth_min_m": 3.0, "depth_max_m": 6.0, "depth_class": "3.0\u20136.0 m", "class_area_km2": 0.12905763007653398, "flooded_area_km2": 1.832076846541007, "frame_max_depth_m": 111.31809952292599, "class_mean_depth_m": 4.563582707953853, "scenario_id": "baseline", "model_type": "Automated approximate 2D flood-routing prototype", "validated_hydraulic_output": false}, "geometry": {"type": "Polygon", "coordinates": [[[75.13972754379999, 18.086671519099998], [75.13972754379999, 18.086393741099997], [75.14000532179999, 18.086393741099997], [75.14000532179999, 18.086671519099998], [75.13972754379999, 18.086671519099998]]]}}, {"type": "Feature", "properties": {"time_min": 50, "depth_min_m": 3.0, "depth_max_m": 6.0, "depth_class": "3.0\u20136.0 m", "class_area_km2": 0.12905763007653398, "flooded_area_km2": 1.832076846541007, "frame_max_depth_m": 111.31809952292599, "class_mean_depth_m": 4.563582707953853, "scenario_id": "baseline", "model_type": "Automated approximate 2D flood-routing prototype", "validated_hydraulic_output": false}, "geometry": {"type": "Polygon", "coordinates": [[[75.14583865979999, 18.086393741099997], [75.14583865979999, 18.0861159631], [75.14611643779999, 18.0861159631], [75.14611643779999, 18.086393741099997], [75.14583865979999, 18.086393741099997]]]}}, {"type": "Feature", "properties": {"time_min": 50, "depth_min_m": 3.0, "depth_max_m": 6.0, "depth_class": "3.0\u20136.0 m", "class_area_km2": 0.12905763007653398, "flooded_area_km2": 1.832076846541007, "frame_max_depth_m": 111.31809952292599, "class_mean_depth_m": 4.563582707953853, "scenario_id": "baseline", "model_type": "Automated approximate 2D flood-routing prototype", "validated_hydraulic_output": false}, "geometry": {"type": "Polygon", "coordinates": [[[75.1450053258, 18.086393741099997], [75.1450053258, 18.0858381851], [75.1452831038, 18.0858381851], [75.1452831038, 18.086393741099997], [75.1450053258, 18.086393741099997]]]}}, {"type": "Feature", "properties": {"time_min": 50, "depth_min_m": 3.0, "depth_max_m": 6.0, "depth_class": "3.0\u20136.0 m", "class_area_km2": 0.12905763007653398, "flooded_area_km2": 1.832076846541007, "frame_max_depth_m": 111.31809952292599, "class_mean_depth_m": 4.563582707953853, "scenario_id": "baseline", "model_type": "Automated approximate 2D flood-routing prototype", "validated_hydraulic_output": false}, "geometry": {"type": "Polygon", "coordinates": [[[75.1363942078, 18.0861159631], [75.1363942078, 18.0858381851], [75.13694976379999, 18.0858381851], [75.13694976379999, 18.0861159631], [75.1363942078, 18.0861159631]]]}}, {"type": "Feature", "properties": {"time_min": 50, "depth_min_m": 3.0, "depth_max_m": 6.0, "depth_class": "3.0\u20136.0 m", "class_area_km2": 0.12905763007653398, "flooded_area_km2": 1.832076846541007, "frame_max_depth_m": 111.31809952292599, "class_mean_depth_m": 4.563582707953853, "scenario_id": "baseline", "model_type": "Automated approximate 2D flood-routing prototype", "validated_hydraulic_output": false}, "geometry": {"type": "Polygon", "coordinates": [[[75.13833865379999, 18.0861159631], [75.13833865379999, 18.0858381851], [75.13861643179999, 18.0858381851], [75.13861643179999, 18.0861159631], [75.13833865379999, 18.0861159631]]]}}, {"type": "Feature", "properties": {"time_min": 50, "depth_min_m": 3.0, "depth_max_m": 6.0, "depth_class": "3.0\u20136.0 m", "class_area_km2": 0.12905763007653398, "flooded_area_km2": 1.832076846541007, "frame_max_depth_m": 111.31809952292599, "class_mean_depth_m": 4.563582707953853, "scenario_id": "baseline", "model_type": "Automated approximate 2D flood-routing prototype", "validated_hydraulic_output": false}, "geometry": {"type": "Polygon", "coordinates": [[[75.13556087379999, 18.0861159631], [75.13556087379999, 18.0858381851], [75.13528309579999, 18.0858381851], [75.13528309579999, 18.085560407099997], [75.1363942078, 18.085560407099997], [75.1363942078, 18.0858381851], [75.1361164298, 18.0858381851], [75.1361164298, 18.0861159631], [75.13556087379999, 18.0861159631]]]}}, {"type": "Feature", "properties": {"time_min": 50, "depth_min_m": 3.0, "depth_max_m": 6.0, "depth_class": "3.0\u20136.0 m", "class_area_km2": 0.12905763007653398, "flooded_area_km2": 1.832076846541007, "frame_max_depth_m": 111.31809952292599, "class_mean_depth_m": 4.563582707953853, "scenario_id": "baseline", "model_type": "Automated approximate 2D flood-routing prototype", "validated_hydraulic_output": false}, "geometry": {"type": "Polygon", "coordinates": [[[75.1375053198, 18.0858381851], [75.1375053198, 18.085560407099997], [75.1377830978, 18.085560407099997], [75.1377830978, 18.0858381851], [75.1375053198, 18.0858381851]]]}}, {"type": "Feature", "properties": {"time_min": 50, "depth_min_m": 3.0, "depth_max_m": 6.0, "depth_class": "3.0\u20136.0 m", "class_area_km2": 0.12905763007653398, "flooded_area_km2": 1.832076846541007, "frame_max_depth_m": 111.31809952292599, "class_mean_depth_m": 4.563582707953853, "scenario_id": "baseline", "model_type": "Automated approximate 2D flood-routing prototype", "validated_hydraulic_output": false}, "geometry": {"type": "Polygon", "coordinates": [[[75.1380608758, 18.0858381851], [75.1380608758, 18.085560407099997], [75.13833865379999, 18.085560407099997], [75.13833865379999, 18.0858381851], [75.1380608758, 18.0858381851]]]}}, {"type": "Feature", "properties": {"time_min": 50, "depth_min_m": 3.0, "depth_max_m": 6.0, "depth_class": "3.0\u20136.0 m", "class_area_km2": 0.12905763007653398, "flooded_area_km2": 1.832076846541007, "frame_max_depth_m": 111.31809952292599, "class_mean_depth_m": 4.563582707953853, "scenario_id": "baseline", "model_type": "Automated approximate 2D flood-routing prototype", "validated_hydraulic_output": false}, "geometry": {"type": "Polygon", "coordinates": [[[75.1388942098, 18.0858381851], [75.1388942098, 18.085560407099997], [75.1391719878, 18.085560407099997], [75.1391719878, 18.0858381851], [75.1388942098, 18.0858381851]]]}}, {"type": "Feature", "properties": {"time_min": 50, "depth_min_m": 3.0, "depth_max_m": 6.0, "depth_class": "3.0\u20136.0 m", "class_area_km2": 0.12905763007653398, "flooded_area_km2": 1.832076846541007, "frame_max_depth_m": 111.31809952292599, "class_mean_depth_m": 4.563582707953853, "scenario_id": "baseline", "model_type": "Automated approximate 2D flood-routing prototype", "validated_hydraulic_output": false}, "geometry": {"type": "Polygon", "coordinates": [[[75.1402830998, 18.0858381851], [75.1402830998, 18.085560407099997], [75.1408386558, 18.085560407099997], [75.1408386558, 18.0858381851], [75.1402830998, 18.0858381851]]]}}, {"type": "Feature", "properties": {"time_min": 50, "depth_min_m": 3.0, "depth_max_m": 6.0, "depth_class": "3.0\u20136.0 m", "class_area_km2": 0.12905763007653398, "flooded_area_km2": 1.832076846541007, "frame_max_depth_m": 111.31809952292599, "class_mean_depth_m": 4.563582707953853, "scenario_id": "baseline", "model_type": "Automated approximate 2D flood-routing prototype", "validated_hydraulic_output": false}, "geometry": {"type": "Polygon", "coordinates": [[[75.1394497658, 18.0858381851], [75.1394497658, 18.085282629099996], [75.13972754379999, 18.085282629099996], [75.13972754379999, 18.0858381851], [75.1394497658, 18.0858381851]]]}}, {"type": "Feature", "properties": {"time_min": 50, "depth_min_m": 3.0, "depth_max_m": 6.0, "depth_class": "3.0\u20136.0 m", "class_area_km2": 0.12905763007653398, "flooded_area_km2": 1.832076846541007, "frame_max_depth_m": 111.31809952292599, "class_mean_depth_m": 4.563582707953853, "scenario_id": "baseline", "model_type": "Automated approximate 2D flood-routing prototype", "validated_hydraulic_output": false}, "geometry": {"type": "Polygon", "coordinates": [[[75.1436164358, 18.085560407099997], [75.1436164358, 18.085282629099996], [75.1438942138, 18.085282629099996], [75.1438942138, 18.085560407099997], [75.1436164358, 18.085560407099997]]]}}, {"type": "Feature", "properties": {"time_min": 50, "depth_min_m": 3.0, "depth_max_m": 6.0, "depth_class": "3.0\u20136.0 m", "class_area_km2": 0.12905763007653398, "flooded_area_km2": 1.832076846541007, "frame_max_depth_m": 111.31809952292599, "class_mean_depth_m": 4.563582707953853, "scenario_id": "baseline", "model_type": "Automated approximate 2D flood-routing prototype", "validated_hydraulic_output": false}, "geometry": {"type": "Polygon", "coordinates": [[[75.1438942138, 18.085282629099996], [75.1438942138, 18.0850048511], [75.1433386578, 18.0850048511], [75.1433386578, 18.084727073099998], [75.1441719918, 18.084727073099998], [75.1441719918, 18.085282629099996], [75.1438942138, 18.085282629099996]]]}}, {"type": "Feature", "properties": {"time_min": 50, "depth_min_m": 3.0, "depth_max_m": 6.0, "depth_class": "3.0\u20136.0 m", "class_area_km2": 0.12905763007653398, "flooded_area_km2": 1.832076846541007, "frame_max_depth_m": 111.31809952292599, "class_mean_depth_m": 4.563582707953853, "scenario_id": "baseline", "model_type": "Automated approximate 2D flood-routing prototype", "validated_hydraulic_output": false}, "geometry": {"type": "Polygon", "coordinates": [[[75.1450053258, 18.0850048511], [75.1450053258, 18.084727073099998], [75.1452831038, 18.084727073099998], [75.1452831038, 18.0850048511], [75.1450053258, 18.0850048511]]]}}, {"type": "Feature", "properties": {"time_min": 50, "depth_min_m": 3.0, "depth_max_m": 6.0, "depth_class": "3.0\u20136.0 m", "class_area_km2": 0.12905763007653398, "flooded_area_km2": 1.832076846541007, "frame_max_depth_m": 111.31809952292599, "class_mean_depth_m": 4.563582707953853, "scenario_id": "baseline", "model_type": "Automated approximate 2D flood-routing prototype", "validated_hydraulic_output": false}, "geometry": {"type": "Polygon", "coordinates": [[[75.1375053198, 18.084727073099998], [75.1375053198, 18.084449295099997], [75.1377830978, 18.084449295099997], [75.1377830978, 18.084727073099998], [75.1375053198, 18.084727073099998]]]}}, {"type": "Feature", "properties": {"time_min": 50, "depth_min_m": 3.0, "depth_max_m": 6.0, "depth_class": "3.0\u20136.0 m", "class_area_km2": 0.12905763007653398, "flooded_area_km2": 1.832076846541007, "frame_max_depth_m": 111.31809952292599, "class_mean_depth_m": 4.563582707953853, "scenario_id": "baseline", "model_type": "Automated approximate 2D flood-routing prototype", "validated_hydraulic_output": false}, "geometry": {"type": "Polygon", "coordinates": [[[75.14306087979999, 18.084727073099998], [75.14306087979999, 18.084449295099997], [75.1433386578, 18.084449295099997], [75.1433386578, 18.084727073099998], [75.14306087979999, 18.084727073099998]]]}}, {"type": "Feature", "properties": {"time_min": 50, "depth_min_m": 3.0, "depth_max_m": 6.0, "depth_class": "3.0\u20136.0 m", "class_area_km2": 0.12905763007653398, "flooded_area_km2": 1.832076846541007, "frame_max_depth_m": 111.31809952292599, "class_mean_depth_m": 4.563582707953853, "scenario_id": "baseline", "model_type": "Automated approximate 2D flood-routing prototype", "validated_hydraulic_output": false}, "geometry": {"type": "Polygon", "coordinates": [[[75.1411164338, 18.085282629099996], [75.1411164338, 18.0850048511], [75.14139421179999, 18.0850048511], [75.14139421179999, 18.084449295099997], [75.14167198979999, 18.084449295099997], [75.14167198979999, 18.0841715171], [75.1419497678, 18.0841715171], [75.1419497678, 18.084449295099997], [75.1422275458, 18.084449295099997], [75.1422275458, 18.0850048511], [75.14167198979999, 18.0850048511], [75.14167198979999, 18.085282629099996], [75.1411164338, 18.085282629099996]]]}}, {"type": "Feature", "properties": {"time_min": 50, "depth_min_m": 3.0, "depth_max_m": 6.0, "depth_class": "3.0\u20136.0 m", "class_area_km2": 0.12905763007653398, "flooded_area_km2": 1.832076846541007, "frame_max_depth_m": 111.31809952292599, "class_mean_depth_m": 4.563582707953853, "scenario_id": "baseline", "model_type": "Automated approximate 2D flood-routing prototype", "validated_hydraulic_output": false}, "geometry": {"type": "Polygon", "coordinates": [[[75.14278310179999, 18.084449295099997], [75.14278310179999, 18.0841715171], [75.14306087979999, 18.0841715171], [75.14306087979999, 18.084449295099997], [75.14278310179999, 18.084449295099997]]]}}, {"type": "Feature", "properties": {"time_min": 50, "depth_min_m": 6.0, "depth_max_m": null, "depth_class": "6.0+ m", "class_area_km2": 1.5441790563702775, "flooded_area_km2": 1.832076846541007, "frame_max_depth_m": 111.31809952292599, "class_mean_depth_m": 32.695906301816485, "scenario_id": "baseline", "model_type": "Automated approximate 2D flood-routing prototype", "validated_hydraulic_output": false}, "geometry": {"type": "Polygon", "coordinates": [[[75.1372275418, 18.0997270851], [75.1372275418, 18.0994493071], [75.1375053198, 18.0994493071], [75.1375053198, 18.0997270851], [75.1372275418, 18.0997270851]]]}}, {"type": "Feature", "properties": {"time_min": 50, "depth_min_m": 6.0, "depth_max_m": null, "depth_class": "6.0+ m", "class_area_km2": 1.5441790563702775, "flooded_area_km2": 1.832076846541007, "frame_max_depth_m": 111.31809952292599, "class_mean_depth_m": 32.695906301816485, "scenario_id": "baseline", "model_type": "Automated approximate 2D flood-routing prototype", "validated_hydraulic_output": false}, "geometry": {"type": "Polygon", "coordinates": [[[75.13972754379999, 18.0955604151], [75.13972754379999, 18.0944493031], [75.14000532179999, 18.0944493031], [75.14000532179999, 18.093893747099997], [75.1402830998, 18.093893747099997], [75.1402830998, 18.0941715251], [75.1405608778, 18.0941715251], [75.1405608778, 18.094727081099997], [75.1402830998, 18.094727081099997], [75.1402830998, 18.095004859099998], [75.1405608778, 18.095004859099998], [75.1405608778, 18.0952826371], [75.14000532179999, 18.0952826371], [75.14000532179999, 18.0955604151], [75.13972754379999, 18.0955604151]]]}}, {"type": "Feature", "properties": {"time_min": 50, "depth_min_m": 6.0, "depth_max_m": null, "depth_class": "6.0+ m", "class_area_km2": 1.5441790563702775, "flooded_area_km2": 1.832076846541007, "frame_max_depth_m": 111.31809952292599, "class_mean_depth_m": 32.695906301816485, "scenario_id": "baseline", "model_type": "Automated approximate 2D flood-routing prototype", "validated_hydraulic_output": false}, "geometry": {"type": "Polygon", "coordinates": [[[75.14167198979999, 18.093893747099997], [75.14167198979999, 18.093615969099996], [75.1419497678, 18.093615969099996], [75.1419497678, 18.093893747099997], [75.14167198979999, 18.093893747099997]]]}}, {"type": "Feature", "properties": {"time_min": 50, "depth_min_m": 6.0, "depth_max_m": null, "depth_class": "6.0+ m", "class_area_km2": 1.5441790563702775, "flooded_area_km2": 1.832076846541007, "frame_max_depth_m": 111.31809952292599, "class_mean_depth_m": 32.695906301816485, "scenario_id": "baseline", "model_type": "Automated approximate 2D flood-routing prototype", "validated_hydraulic_output": false}, "geometry": {"type": "Polygon", "coordinates": [[[75.1302830918, 18.0933381911], [75.1302830918, 18.093060413099998], [75.13083864779999, 18.093060413099998], [75.13083864779999, 18.0933381911], [75.1302830918, 18.0933381911]]]}}, {"type": "Feature", "properties": {"time_min": 50, "depth_min_m": 6.0, "depth_max_m": null, "depth_class": "6.0+ m", "class_area_km2": 1.5441790563702775, "flooded_area_km2": 1.832076846541007, "frame_max_depth_m": 111.31809952292599, "class_mean_depth_m": 32.695906301816485, "scenario_id": "baseline", "model_type": "Automated approximate 2D flood-routing prototype", "validated_hydraulic_output": false}, "geometry": {"type": "Polygon", "coordinates": [[[75.1300053138, 18.093060413099998], [75.1300053138, 18.092782635099997], [75.1302830918, 18.092782635099997], [75.1302830918, 18.093060413099998], [75.1300053138, 18.093060413099998]]]}}, {"type": "Feature", "properties": {"time_min": 50, "depth_min_m": 6.0, "depth_max_m": null, "depth_class": "6.0+ m", "class_area_km2": 1.5441790563702775, "flooded_area_km2": 1.832076846541007, "frame_max_depth_m": 111.31809952292599, "class_mean_depth_m": 32.695906301816485, "scenario_id": "baseline", "model_type": "Automated approximate 2D flood-routing prototype", "validated_hydraulic_output": false}, "geometry": {"type": "Polygon", "coordinates": [[[75.1497275518, 18.087782631099998], [75.1497275518, 18.087504853099997], [75.1500053298, 18.087504853099997], [75.1500053298, 18.087782631099998], [75.1497275518, 18.087782631099998]]]}}, {"type": "Feature", "properties": {"time_min": 50, "depth_min_m": 6.0, "depth_max_m": null, "depth_class": "6.0+ m", "class_area_km2": 1.5441790563702775, "flooded_area_km2": 1.832076846541007, "frame_max_depth_m": 111.31809952292599, "class_mean_depth_m": 32.695906301816485, "scenario_id": "baseline", "model_type": "Automated approximate 2D flood-routing prototype", "validated_hydraulic_output": false}, "geometry": {"type": "Polygon", "coordinates": [[[75.13361642779999, 18.085560407099997], [75.13361642779999, 18.0850048511], [75.13389420579999, 18.0850048511], [75.13389420579999, 18.084727073099998], [75.13417198379999, 18.084727073099998], [75.13417198379999, 18.0850048511], [75.1344497618, 18.0850048511], [75.1344497618, 18.085282629099996], [75.13417198379999, 18.085282629099996], [75.13417198379999, 18.085560407099997], [75.13361642779999, 18.085560407099997]]]}}, {"type": "Feature", "properties": {"time_min": 50, "depth_min_m": 6.0, "depth_max_m": null, "depth_class": "6.0+ m", "class_area_km2": 1.5441790563702775, "flooded_area_km2": 1.832076846541007, "frame_max_depth_m": 111.31809952292599, "class_mean_depth_m": 32.695906301816485, "scenario_id": "baseline", "model_type": "Automated approximate 2D flood-routing prototype", "validated_hydraulic_output": false}, "geometry": {"type": "Polygon", "coordinates": [[[75.1372275418, 18.084727073099998], [75.1372275418, 18.084449295099997], [75.1375053198, 18.084449295099997], [75.1375053198, 18.084727073099998], [75.1372275418, 18.084727073099998]]]}}, {"type": "Feature", "properties": {"time_min": 50, "depth_min_m": 6.0, "depth_max_m": null, "depth_class": "6.0+ m", "class_area_km2": 1.5441790563702775, "flooded_area_km2": 1.832076846541007, "frame_max_depth_m": 111.31809952292599, "class_mean_depth_m": 32.695906301816485, "scenario_id": "baseline", "model_type": "Automated approximate 2D flood-routing prototype", "validated_hydraulic_output": false}, "geometry": {"type": "Polygon", "coordinates": [[[75.1347275398, 18.0994493071], [75.1347275398, 18.099171529099998], [75.1344497618, 18.099171529099998], [75.1344497618, 18.098893751099997], [75.13417198379999, 18.098893751099997], [75.13417198379999, 18.0986159731], [75.13389420579999, 18.0986159731], [75.13389420579999, 18.0983381951], [75.13361642779999, 18.0983381951], [75.13361642779999, 18.098060417099997], [75.13389420579999, 18.098060417099997], [75.13389420579999, 18.0975048611], [75.13361642779999, 18.0975048611], [75.13361642779999, 18.096949305099997], [75.13389420579999, 18.096949305099997], [75.13389420579999, 18.097227083099998], [75.13417198379999, 18.097227083099998], [75.13417198379999, 18.096671527099996], [75.13389420579999, 18.096671527099996], [75.13389420579999, 18.0963937491], [75.13361642779999, 18.0963937491], [75.13361642779999, 18.096671527099996], [75.1333386498, 18.096671527099996], [75.1333386498, 18.0963937491], [75.13250531579999, 18.0963937491], [75.13250531579999, 18.096115971099998], [75.13222753779999, 18.096115971099998], [75.13222753779999, 18.095838193099997], [75.1319497598, 18.095838193099997], [75.1319497598, 18.095004859099998], [75.13222753779999, 18.095004859099998], [75.13222753779999, 18.094727081099997], [75.13250531579999, 18.094727081099997], [75.13250531579999, 18.0944493031], [75.13222753779999, 18.0944493031], [75.13222753779999, 18.0941715251], [75.1327830938, 18.0941715251], [75.1327830938, 18.0944493031], [75.1333386498, 18.0944493031], [75.1333386498, 18.0941715251], [75.1330608718, 18.0941715251], [75.1330608718, 18.093893747099997], [75.13250531579999, 18.093893747099997], [75.13250531579999, 18.093615969099996], [75.13222753779999, 18.093615969099996], [75.13222753779999, 18.0933381911], [75.1313942038, 18.0933381911], [75.1313942038, 18.093615969099996], [75.1316719818, 18.093615969099996], [75.1316719818, 18.093893747099997], [75.1313942038, 18.093893747099997], [75.1313942038, 18.0944493031], [75.13111642579999, 18.0944493031], [75.13111642579999, 18.094727081099997], [75.13083864779999, 18.094727081099997], [75.13083864779999, 18.0944493031], [75.1305608698, 18.0944493031], [75.1305608698, 18.0941715251], [75.13111642579999, 18.0941715251], [75.13111642579999, 18.092504857099996], [75.1316719818, 18.092504857099996], [75.1316719818, 18.0922270791], [75.1319497598, 18.0922270791], [75.1319497598, 18.091949301099998], [75.1330608718, 18.091949301099998], [75.1330608718, 18.091671523099997], [75.1333386498, 18.091671523099997], [75.1333386498, 18.0902826331], [75.13361642779999, 18.0902826331], [75.13361642779999, 18.089727077099997], [75.13417198379999, 18.089727077099997], [75.13417198379999, 18.089449299099996], [75.1344497618, 18.089449299099996], [75.1344497618, 18.0891715211], [75.13389420579999, 18.0891715211], [75.13389420579999, 18.088893743099998], [75.13417198379999, 18.088893743099998], [75.13417198379999, 18.088338187099996], [75.1347275398, 18.088338187099996], [75.1347275398, 18.0880604091], [75.13556087379999, 18.0880604091], [75.13556087379999, 18.087782631099998], [75.13528309579999, 18.087782631099998], [75.13528309579999, 18.087504853099997], [75.1358386518, 18.087504853099997], [75.1358386518, 18.0872270751], [75.13556087379999, 18.0872270751], [75.13556087379999, 18.0869492971], [75.13528309579999, 18.0869492971], [75.13528309579999, 18.0858381851], [75.13556087379999, 18.0858381851], [75.13556087379999, 18.0861159631], [75.1361164298, 18.0861159631], [75.1361164298, 18.0858381851], [75.1363942078, 18.0858381851], [75.1363942078, 18.0861159631], [75.13694976379999, 18.0861159631], [75.13694976379999, 18.085560407099997], [75.1375053198, 18.085560407099997], [75.1375053198, 18.0858381851], [75.1377830978, 18.0858381851], [75.1377830978, 18.085560407099997], [75.1380608758, 18.085560407099997], [75.1380608758, 18.0858381851], [75.13833865379999, 18.0858381851], [75.13833865379999, 18.0861159631], [75.13861643179999, 18.0861159631], [75.13861643179999, 18.085560407099997], [75.1388942098, 18.085560407099997], [75.1388942098, 18.0858381851], [75.1391719878, 18.0858381851], [75.1391719878, 18.0869492971], [75.1394497658, 18.0869492971], [75.1394497658, 18.0872270751], [75.13972754379999, 18.0872270751], [75.13972754379999, 18.0869492971], [75.14000532179999, 18.0869492971], [75.14000532179999, 18.086393741099997], [75.13972754379999, 18.086393741099997], [75.13972754379999, 18.0861159631], [75.1394497658, 18.0861159631], [75.1394497658, 18.0858381851], [75.13972754379999, 18.0858381851], [75.13972754379999, 18.085560407099997], [75.1402830998, 18.085560407099997], [75.1402830998, 18.0858381851], [75.1408386558, 18.0858381851], [75.1408386558, 18.085282629099996], [75.14167198979999, 18.085282629099996], [75.14167198979999, 18.0850048511], [75.1422275458, 18.0850048511], [75.1422275458, 18.084449295099997], [75.1425053238, 18.084449295099997], [75.1425053238, 18.0841715171], [75.14278310179999, 18.0841715171], [75.14278310179999, 18.084449295099997], [75.14306087979999, 18.084449295099997], [75.14306087979999, 18.084727073099998], [75.1433386578, 18.084727073099998], [75.1433386578, 18.0850048511], [75.1438942138, 18.0850048511], [75.1438942138, 18.085282629099996], [75.1441719918, 18.085282629099996], [75.1441719918, 18.084727073099998], [75.14444976979999, 18.084727073099998], [75.14444976979999, 18.084449295099997], [75.1450053258, 18.084449295099997], [75.1450053258, 18.0850048511], [75.1452831038, 18.0850048511], [75.1452831038, 18.0858381851], [75.1450053258, 18.0858381851], [75.1450053258, 18.086393741099997], [75.1463942158, 18.086393741099997], [75.1463942158, 18.0869492971], [75.1466719938, 18.0869492971], [75.1466719938, 18.0872270751], [75.1480608838, 18.0872270751], [75.1480608838, 18.0869492971], [75.1483386618, 18.0869492971], [75.1483386618, 18.0872270751], [75.14917199579999, 18.0872270751], [75.14917199579999, 18.087504853099997], [75.1494497738, 18.087504853099997], [75.1494497738, 18.087782631099998], [75.1497275518, 18.087782631099998], [75.1497275518, 18.0880604091], [75.1486164398, 18.0880604091], [75.1486164398, 18.088338187099996], [75.1480608838, 18.088338187099996], [75.1480608838, 18.088893743099998], [75.14778310579999, 18.088893743099998], [75.14778310579999, 18.0891715211], [75.14750532779999, 18.0891715211], [75.14750532779999, 18.089449299099996], [75.1469497718, 18.089449299099996], [75.1469497718, 18.0900048551], [75.1472275498, 18.0900048551], [75.1472275498, 18.0902826331], [75.1469497718, 18.0902826331], [75.1469497718, 18.0911159671], [75.1466719938, 18.0911159671], [75.1466719938, 18.0913937451], [75.1463942158, 18.0913937451], [75.1463942158, 18.091671523099997], [75.14583865979999, 18.091671523099997], [75.14583865979999, 18.091949301099998], [75.1455608818, 18.091949301099998], [75.1455608818, 18.0922270791], [75.14444976979999, 18.0922270791], [75.14444976979999, 18.092504857099996], [75.1441719918, 18.092504857099996], [75.1441719918, 18.092782635099997], [75.1438942138, 18.092782635099997], [75.1438942138, 18.093060413099998], [75.1436164358, 18.093060413099998], [75.1436164358, 18.092782635099997], [75.1422275458, 18.092782635099997], [75.1422275458, 18.093060413099998], [75.1419497678, 18.093060413099998], [75.1419497678, 18.0933381911], [75.1411164338, 18.0933381911], [75.1411164338, 18.093615969099996], [75.1408386558, 18.093615969099996], [75.1408386558, 18.0933381911], [75.1405608778, 18.0933381911], [75.1405608778, 18.093615969099996], [75.13972754379999, 18.093615969099996], [75.13972754379999, 18.0933381911], [75.1388942098, 18.0933381911], [75.1388942098, 18.093615969099996], [75.13861643179999, 18.093615969099996], [75.13861643179999, 18.0941715251], [75.13833865379999, 18.0941715251], [75.13833865379999, 18.0955604151], [75.13861643179999, 18.0955604151], [75.13861643179999, 18.095838193099997], [75.1388942098, 18.095838193099997], [75.1388942098, 18.0963937491], [75.1391719878, 18.0963937491], [75.1391719878, 18.096671527099996], [75.1388942098, 18.096671527099996], [75.1388942098, 18.0975048611], [75.1394497658, 18.0975048611], [75.1394497658, 18.0983381951], [75.13972754379999, 18.0983381951], [75.13972754379999, 18.099171529099998], [75.1391719878, 18.099171529099998], [75.1391719878, 18.0994493071], [75.1388942098, 18.0994493071], [75.1388942098, 18.099171529099998], [75.13861643179999, 18.099171529099998], [75.13861643179999, 18.0986159731], [75.1380608758, 18.0986159731], [75.1380608758, 18.098060417099997], [75.13833865379999, 18.098060417099997], [75.13833865379999, 18.097782639099997], [75.1380608758, 18.097782639099997], [75.1380608758, 18.0975048611], [75.13833865379999, 18.0975048611], [75.13833865379999, 18.097227083099998], [75.1380608758, 18.097227083099998], [75.1380608758, 18.096949305099997], [75.1375053198, 18.096949305099997], [75.1375053198, 18.096671527099996], [75.1372275418, 18.096671527099996], [75.1372275418, 18.097227083099998], [75.1375053198, 18.097227083099998], [75.1375053198, 18.0986159731], [75.1372275418, 18.0986159731], [75.1372275418, 18.097782639099997], [75.13667198579999, 18.097782639099997], [75.13667198579999, 18.0983381951], [75.13694976379999, 18.0983381951], [75.13694976379999, 18.0986159731], [75.13667198579999, 18.0986159731], [75.13667198579999, 18.098893751099997], [75.13556087379999, 18.098893751099997], [75.13556087379999, 18.099171529099998], [75.1350053178, 18.099171529099998], [75.1350053178, 18.0994493071], [75.1347275398, 18.0994493071]], [[75.13861643179999, 18.0983381951], [75.1388942098, 18.0983381951], [75.1388942098, 18.098060417099997], [75.13861643179999, 18.098060417099997], [75.13861643179999, 18.0983381951]], [[75.1380608758, 18.096949305099997], [75.13833865379999, 18.096949305099997], [75.13833865379999, 18.096671527099996], [75.1380608758, 18.096671527099996], [75.1380608758, 18.096949305099997]], [[75.1350053178, 18.096671527099996], [75.13556087379999, 18.096671527099996], [75.13556087379999, 18.0963937491], [75.1361164298, 18.0963937491], [75.1361164298, 18.0952826371], [75.1358386518, 18.0952826371], [75.1358386518, 18.095004859099998], [75.13528309579999, 18.095004859099998], [75.13528309579999, 18.0952826371], [75.1350053178, 18.0952826371], [75.1350053178, 18.095838193099997], [75.13528309579999, 18.095838193099997], [75.13528309579999, 18.0963937491], [75.1350053178, 18.0963937491], [75.1350053178, 18.096671527099996]], [[75.1375053198, 18.0963937491], [75.1377830978, 18.0963937491], [75.1377830978, 18.096115971099998], [75.1375053198, 18.096115971099998], [75.1375053198, 18.0963937491]], [[75.13528309579999, 18.089449299099996], [75.13556087379999, 18.089449299099996], [75.13556087379999, 18.0891715211], [75.13528309579999, 18.0891715211], [75.13528309579999, 18.089449299099996]], [[75.1344497618, 18.0891715211], [75.1347275398, 18.0891715211], [75.1347275398, 18.088893743099998], [75.1344497618, 18.088893743099998], [75.1344497618, 18.0891715211]], [[75.1436164358, 18.085560407099997], [75.1438942138, 18.085560407099997], [75.1438942138, 18.085282629099996], [75.1436164358, 18.085282629099996], [75.1436164358, 18.085560407099997]]]}}, {"type": "Feature", "properties": {"time_min": 50, "depth_min_m": 6.0, "depth_max_m": null, "depth_class": "6.0+ m", "class_area_km2": 1.5441790563702775, "flooded_area_km2": 1.832076846541007, "frame_max_depth_m": 111.31809952292599, "class_mean_depth_m": 32.695906301816485, "scenario_id": "baseline", "model_type": "Automated approximate 2D flood-routing prototype", "validated_hydraulic_output": false}, "geometry": {"type": "Polygon", "coordinates": [[[75.1422275458, 18.083615961099998], [75.1422275458, 18.0827826271], [75.1425053238, 18.0827826271], [75.1425053238, 18.0830604051], [75.14278310179999, 18.0830604051], [75.14278310179999, 18.083615961099998], [75.1422275458, 18.083615961099998]]]}}]}