{
  "type": "FeatureCollection",
  "features": [
    {
      "type": "Feature",
      "properties": {
        "osm_id": 41846707,
        "osm_type": "way",
        "source": "OpenStreetMap",
        "name": "Bhima",
        "name:en": "Bhima River",
        "waterway": "river"
      },
      "geometry": {
        "type": "LineString",
        "coordinates": [
          [
            75.1202332,
            18.0737611
          ],
          [
            75.1164405,
            18.0742532
          ],
          [
            75.1124923,
            18.0734373
          ],
          [
            75.1032226,
            18.0716422
          ],
          [
            75.1001327,
            18.0711526
          ],
          [
            75.0937812,
            18.0672359
          ],
          [
            75.0886314,
            18.0625031
          ],
          [
            75.0857131,
            18.0585862
          ],
          [
            75.0846832,
            18.054506
          ],
          [
            75.0846832,
            18.046835
          ],
          [
            75.0824516,
            18.0414488
          ],
          [
            75.0793617,
            18.0376947
          ],
          [
            75.067517,
            18.032145
          ],
          [
            75.0572173,
            18.027248
          ],
          [
            75.0530975,
            18.0247995
          ],
          [
            75.0489776,
            18.021045
          ],
          [
            75.047776,
            18.0158212
          ],
          [
            75.0393646,
            18.0024346
          ],
          [
            75.035073,
            17.9965572
          ],
          [
            75.0278632,
            17.9903532
          ],
          [
            75.02443,
            17.9800669
          ],
          [
            75.0208251,
            17.9709231
          ],
          [
            75.0203009,
            17.9665391
          ],
          [
            75.0216849,
            17.9637274
          ],
          [
            75.024945,
            17.9617788
          ],
          [
            75.0280186,
            17.9597449
          ],
          [
            75.0328414,
            17.9565533
          ],
          [
            75.0352447,
            17.9539405
          ],
          [
            75.0374188,
            17.9507584
          ],
          [
            75.0392287,
            17.9498949
          ],
          [
            75.0465533,
            17.9507135
          ],
          [
            75.0530711,
            17.9518852
          ],
          [
            75.056874,
            17.9536139
          ],
          [
            75.0592773,
            17.9570432
          ],
          [
            75.0639121,
            17.9647181
          ],
          [
            75.0659112,
            17.9722217
          ],
          [
            75.0669746,
            17.9762128
          ],
          [
            75.0685356,
            17.9785538
          ],
          [
            75.0713283,
            17.9802345
          ],
          [
            75.075739,
            17.9816918
          ],
          [
            75.078743,
            17.9820796
          ],
          [
            75.0817649,
            17.9813732
          ],
          [
            75.0965278,
            17.9758216
          ],
          [
            75.0997894,
            17.9756584
          ],
          [
            75.1027076,
            17.9769646
          ],
          [
            75.1044242,
            17.9795771
          ],
          [
            75.105534,
            17.9816734
          ],
          [
            75.1055834,
            17.9885962
          ],
          [
            75.1078574,
            17.997047
          ],
          [
            75.1109474,
            18.0004755
          ],
          [
            75.1154105,
            18.0016183
          ],
          [
            75.1205604,
            17.999496
          ],
          [
            75.1234786,
            17.9980266
          ],
          [
            75.1248519,
            17.9955777
          ],
          [
            75.1267402,
            17.9918226
          ],
          [
            75.1284568,
            17.9861081
          ],
          [
            75.1294868,
            17.9774545
          ],
          [
            75.1323417,
            17.972756
          ],
          [
            75.1355113,
            17.9711664
          ]
        ]
      }
    },
    {
      "type": "Feature",
      "properties": {
        "osm_id": 147256201,
        "osm_type": "way",
        "source": "OpenStreetMap",
        "name": "Bhima",
        "name:en": null,
        "waterway": "river"
      },
      "geometry": {
        "type": "LineString",
        "coordinates": [
          [
            75.1355113,
            17.9711664
          ],
          [
            75.1467164,
            17.9755449
          ],
          [
            75.1530046,
            17.9772763
          ],
          [
            75.1596239,
            17.9752301
          ],
          [
            75.1616924,
            17.970744
          ],
          [
            75.1622151,
            17.9600734
          ],
          [
            75.163186,
            17.9540007
          ],
          [
            75.1709177,
            17.9469564
          ],
          [
            75.1771914,
            17.9464537
          ],
          [
            75.1810339,
            17.9468247
          ],
          [
            75.1911335,
            17.9492386
          ],
          [
            75.1940304,
            17.9490716
          ],
          [
            75.1971105,
            17.9489707
          ],
          [
            75.1989913,
            17.9472177
          ],
          [
            75.1996651,
            17.9452248
          ],
          [
            75.1978074,
            17.9404101
          ],
          [
            75.1964571,
            17.9376542
          ],
          [
            75.1948752,
            17.9355433
          ],
          [
            75.1931425,
            17.9341535
          ],
          [
            75.1881873,
            17.9310724
          ],
          [
            75.182508,
            17.9279641
          ],
          [
            75.180749,
            17.9271413
          ],
          [
            75.1788543,
            17.9255137
          ],
          [
            75.1770755,
            17.9237084
          ],
          [
            75.1745043,
            17.9200472
          ],
          [
            75.1725967,
            17.9176058
          ],
          [
            75.1698223,
            17.9144866
          ],
          [
            75.1659347,
            17.9105496
          ],
          [
            75.1632133,
            17.9085961
          ],
          [
            75.1586321,
            17.9056528
          ],
          [
            75.1444126,
            17.9007212
          ],
          [
            75.142645,
            17.899345
          ],
          [
            75.1394715,
            17.896885
          ],
          [
            75.1330183,
            17.8902853
          ],
          [
            75.1311121,
            17.8877864
          ],
          [
            75.1284642,
            17.8829099
          ],
          [
            75.1284991,
            17.8811808
          ],
          [
            75.128756,
            17.8783121
          ],
          [
            75.1290135,
            17.8772379
          ],
          [
            75.1291605,
            17.8763404
          ],
          [
            75.1293982,
            17.87371
          ],
          [
            75.1301186,
            17.870758
          ],
          [
            75.1318797,
            17.8689476
          ],
          [
            75.1368193,
            17.866794
          ],
          [
            75.1407085,
            17.8664769
          ],
          [
            75.1437549,
            17.8660613
          ],
          [
            75.1475894,
            17.8666577
          ],
          [
            75.1569959,
            17.8680183
          ],
          [
            75.1675691,
            17.8744192
          ],
          [
            75.1723649,
            17.8771144
          ],
          [
            75.177736,
            17.8787925
          ],
          [
            75.187011,
            17.8808508
          ],
          [
            75.189512,
            17.8807039
          ],
          [
            75.1958301,
            17.8802478
          ],
          [
            75.1996649,
            17.8787457
          ],
          [
            75.2026584,
            17.875814
          ],
          [
            75.2056957,
            17.8703368
          ],
          [
            75.2094695,
            17.8599849
          ],
          [
            75.2132548,
            17.8506
          ],
          [
            75.2135517,
            17.847948
          ],
          [
            75.2128399,
            17.8460739
          ],
          [
            75.2120216,
            17.8440351
          ],
          [
            75.2105018,
            17.8421227
          ],
          [
            75.2071801,
            17.8401438
          ],
          [
            75.2007401,
            17.8387742
          ],
          [
            75.1935464,
            17.8381655
          ],
          [
            75.1893779,
            17.8367616
          ],
          [
            75.1855077,
            17.8347959
          ],
          [
            75.1824374,
            17.8324809
          ],
          [
            75.1781769,
            17.8276652
          ],
          [
            75.1741152,
            17.8219991
          ],
          [
            75.1703666,
            17.8160336
          ],
          [
            75.1684255,
            17.812794
          ],
          [
            75.1668535,
            17.8094047
          ],
          [
            75.1628375,
            17.7990945
          ],
          [
            75.1612389,
            17.793441
          ],
          [
            75.1608844,
            17.7890004
          ],
          [
            75.161513,
            17.7850038
          ],
          [
            75.1630447,
            17.7820119
          ],
          [
            75.1650788,
            17.7813108
          ],
          [
            75.1674523,
            17.7813813
          ],
          [
            75.1689361,
            17.7816924
          ],
          [
            75.1699415,
            17.7819032
          ],
          [
            75.1712784,
            17.781568
          ],
          [
            75.1740979,
            17.7775322
          ],
          [
            75.176749,
            17.7742285
          ],
          [
            75.1820951,
            17.7699824
          ],
          [
            75.1980089,
            17.7617364
          ],
          [
            75.2051092,
            17.7579324
          ],
          [
            75.2125184,
            17.7561646
          ],
          [
            75.2182556,
            17.7561823
          ],
          [
            75.220291,
            17.7565061
          ],
          [
            75.2279499,
            17.7577247
          ],
          [
            75.2387292,
            17.759062
          ],
          [
            75.2497144,
            17.7592647
          ],
          [
            75.2555813,
            17.7602801
          ],
          [
            75.2628801,
            17.7624094
          ],
          [
            75.2684368,
            17.7635863
          ],
          [
            75.2717127,
            17.762524
          ],
          [
            75.2753801,
            17.7602147
          ],
          [
            75.2784394,
            17.7560573
          ],
          [
            75.2809196,
            17.7532394
          ],
          [
            75.2848671,
            17.7493464
          ],
          [
            75.2884866,
            17.746447
          ],
          [
            75.2955153,
            17.7412888
          ]
        ]
      }
    },
    {
      "type": "Feature",
      "properties": {
        "osm_id": 202550137,
        "osm_type": "way",
        "source": "OpenStreetMap",
        "name": "Nira",
        "name:en": null,
        "waterway": "river"
      },
      "geometry": {
        "type": "LineString",
        "coordinates": [
          [
            74.8157491,
            18.0148259
          ],
          [
            74.8173375,
            18.0153542
          ],
          [
            74.8188999,
            18.0148176
          ],
          [
            74.8207444,
            18.0137239
          ],
          [
            74.8218728,
            18.0125477
          ],
          [
            74.8233104,
            18.0107636
          ],
          [
            74.8244905,
            18.0090596
          ],
          [
            74.8253488,
            18.0075904
          ],
          [
            74.8263788,
            18.0053048
          ],
          [
            74.8276555,
            18.0023662
          ],
          [
            74.8279881,
            18.0013969
          ],
          [
            74.8291254,
            17.9969378
          ],
          [
            74.8295116,
            17.9956317
          ],
          [
            74.8299837,
            17.9947338
          ],
          [
            74.8306918,
            17.9939685
          ],
          [
            74.8316359,
            17.9931827
          ],
          [
            74.832859,
            17.9926623
          ],
          [
            74.8336959,
            17.9923358
          ],
          [
            74.8346668,
            17.9920654
          ],
          [
            74.8354447,
            17.9920246
          ],
          [
            74.8360133,
            17.9921011
          ],
          [
            74.8369145,
            17.9923817
          ],
          [
            74.8376065,
            17.9927184
          ],
          [
            74.8385239,
            17.993244
          ],
          [
            74.8394358,
            17.9938919
          ],
          [
            74.8413348,
            17.9949633
          ],
          [
            74.8435503,
            17.9961878
          ],
          [
            74.8445052,
            17.9965603
          ],
          [
            74.8456317,
            17.9967796
          ],
          [
            74.8467582,
            17.9968817
          ],
          [
            74.8474824,
            17.9968613
          ],
          [
            74.8482227,
            17.9967643
          ],
          [
            74.8490542,
            17.9965501
          ],
          [
            74.8501754,
            17.9961062
          ],
          [
            74.8514146,
            17.9954991
          ],
          [
            74.8523587,
            17.9950603
          ],
          [
            74.8531419,
            17.9948868
          ],
          [
            74.8567897,
            17.9945399
          ],
          [
            74.8587397,
            17.9941827
          ],
          [
            74.8603034,
            17.993698
          ],
          [
            74.8609793,
            17.993295
          ],
          [
            74.8616284,
            17.9928154
          ],
          [
            74.8619825,
            17.9924684
          ],
          [
            74.8623258,
            17.9919582
          ],
          [
            74.8624599,
            17.9916113
          ],
          [
            74.8626691,
            17.9908001
          ],
          [
            74.8627281,
            17.9902133
          ],
          [
            74.8627764,
            17.9893051
          ],
          [
            74.8627388,
            17.9888918
          ],
          [
            74.8623848,
            17.9872846
          ],
          [
            74.8616016,
            17.9845907
          ],
          [
            74.860003,
            17.9812027
          ],
          [
            74.8597348,
            17.979825
          ],
          [
            74.8594987,
            17.9779779
          ],
          [
            74.8594665,
            17.9753756
          ],
          [
            74.8594236,
            17.9733244
          ],
          [
            74.8593056,
            17.9725386
          ],
          [
            74.8591018,
            17.9713241
          ],
          [
            74.8588657,
            17.9702016
          ],
          [
            74.8583937,
            17.9694566
          ],
          [
            74.8570526,
            17.9684768
          ],
          [
            74.8551643,
            17.9670685
          ],
          [
            74.8526001,
            17.9650273
          ],
          [
            74.8501539,
            17.9626187
          ],
          [
            74.8492098,
            17.9614042
          ],
          [
            74.8481369,
            17.9597611
          ],
          [
            74.8476756,
            17.9588374
          ],
          [
            74.8472196,
            17.9581587
          ],
          [
            74.8460555,
            17.9568217
          ],
          [
            74.8450631,
            17.9556429
          ],
          [
            74.8443013,
            17.9546886
          ],
          [
            74.8440278,
            17.9543058
          ],
          [
            74.843663,
            17.9530964
          ],
          [
            74.8435879,
            17.9522339
          ],
          [
            74.8435181,
            17.9511367
          ],
          [
            74.8435235,
            17.950259
          ],
          [
            74.8435664,
            17.949468
          ],
          [
            74.8436844,
            17.9489015
          ],
          [
            74.8438024,
            17.948483
          ],
          [
            74.8440707,
            17.9479318
          ],
          [
            74.8444998,
            17.9473756
          ],
          [
            74.8450577,
            17.9467632
          ],
          [
            74.8455888,
            17.9464774
          ],
          [
            74.8471498,
            17.9459977
          ],
          [
            74.8483622,
            17.9458803
          ],
          [
            74.8492205,
            17.945819
          ],
          [
            74.8508631,
            17.9458655
          ],
          [
            74.8526484,
            17.9459772
          ],
          [
            74.8546708,
            17.946309
          ],
          [
            74.8556632,
            17.9465437
          ],
          [
            74.8572349,
            17.9470439
          ],
          [
            74.858104,
            17.9475338
          ],
          [
            74.8586404,
            17.9480033
          ],
          [
            74.8594183,
            17.9489729
          ],
          [
            74.8601478,
            17.9498456
          ],
          [
            74.860577,
            17.9503866
          ],
          [
            74.8612422,
            17.9510857
          ],
          [
            74.8619449,
            17.9516675
          ],
          [
            74.8625833,
            17.9520451
          ],
          [
            74.8630607,
            17.952188
          ],
          [
            74.8639083,
            17.9522595
          ],
          [
            74.8656517,
            17.952188
          ],
          [
            74.8665798,
            17.952137
          ],
          [
            74.8697709,
            17.951181
          ],
          [
            74.8704368,
            17.9507387
          ],
          [
            74.8712307,
            17.9497639
          ],
          [
            74.871676,
            17.9489117
          ],
          [
            74.8722929,
            17.9474623
          ],
          [
            74.8728186,
            17.9457986
          ],
          [
            74.873001,
            17.9451403
          ],
          [
            74.8731887,
            17.9448239
          ],
          [
            74.8734301,
            17.9444921
          ],
          [
            74.8737735,
            17.9441298
          ],
          [
            74.8739719,
            17.9439512
          ],
          [
            74.8742992,
            17.9437011
          ],
          [
            74.8751092,
            17.943548
          ],
          [
            74.8763215,
            17.9435072
          ],
          [
            74.8784834,
            17.9435327
          ],
          [
            74.8796421,
            17.943497
          ],
          [
            74.8806989,
            17.9434408
          ],
          [
            74.8822653,
            17.9431601
          ],
          [
            74.8835367,
            17.9428131
          ],
          [
            74.8841375,
            17.9426192
          ],
          [
            74.8851085,
            17.942267
          ],
          [
            74.8857095,
            17.9419145
          ],
          [
            74.886868,
            17.9412208
          ],
          [
            74.8878309,
            17.9405675
          ],
          [
            74.8890084,
            17.9396795
          ],
          [
            74.8901162,
            17.9388884
          ],
          [
            74.8911676,
            17.9380566
          ],
          [
            74.8916933,
            17.9376534
          ],
          [
            74.8921841,
            17.9374007
          ],
          [
            74.892734,
            17.9371915
          ],
          [
            74.8932946,
            17.9370409
          ],
          [
            74.8936057,
            17.9370001
          ],
          [
            74.8939383,
            17.936972
          ],
          [
            74.8942173,
            17.9369924
          ],
          [
            74.8945257,
            17.937069
          ],
          [
            74.8952016,
            17.9372987
          ],
          [
            74.8964435,
            17.9380157
          ],
          [
            74.8976344,
            17.9390109
          ],
          [
            74.8983961,
            17.9397356
          ],
          [
            74.8995548,
            17.9405063
          ],
          [
            74.9001771,
            17.9410166
          ],
          [
            74.9018669,
            17.9422517
          ],
          [
            74.9029237,
            17.9431142
          ],
          [
            74.9032885,
            17.9435123
          ],
          [
            74.9036211,
            17.9437726
          ],
          [
            74.9042004,
            17.9441502
          ],
          [
            74.9046403,
            17.9442931
          ],
          [
            74.9059009,
            17.9445483
          ],
          [
            74.9075693,
            17.9448443
          ],
          [
            74.908728,
            17.9450025
          ],
          [
            74.9128028,
            17.9456539
          ],
          [
            74.9187734,
            17.9447237
          ],
          [
            74.9242848,
            17.9418485
          ],
          [
            74.9257547,
            17.9412259
          ],
          [
            74.9268275,
            17.9410422
          ],
          [
            74.9298316,
            17.940986
          ],
          [
            74.9317253,
            17.9409248
          ],
          [
            74.933002,
            17.9410218
          ],
          [
            74.9340481,
            17.9412769
          ],
          [
            74.9352765,
            17.9417362
          ],
          [
            74.9360007,
            17.9419608
          ],
          [
            74.9365908,
            17.9419863
          ],
          [
            74.9370629,
            17.9418128
          ],
          [
            74.9377495,
            17.9412259
          ],
          [
            74.9383825,
            17.9406441
          ],
          [
            74.9414134,
            17.9384087
          ],
          [
            74.9419284,
            17.9380055
          ],
          [
            74.9423897,
            17.9374237
          ],
          [
            74.9427491,
            17.9367245
          ],
          [
            74.9430603,
            17.9356629
          ],
          [
            74.94313,
            17.9350556
          ],
          [
            74.943012,
            17.9338613
          ],
          [
            74.9429208,
            17.9330702
          ],
          [
            74.9426526,
            17.9319014
          ],
          [
            74.9418533,
            17.9299007
          ],
          [
            74.9413919,
            17.9288238
          ],
          [
            74.9410808,
            17.9281297
          ],
          [
            74.9408662,
            17.92741
          ],
          [
            74.9407482,
            17.9269507
          ],
          [
            74.9407107,
            17.9267006
          ],
          [
            74.9406785,
            17.9261187
          ],
          [
            74.9407697,
            17.9256083
          ],
          [
            74.9410593,
            17.9247917
          ],
          [
            74.9412525,
            17.9245058
          ],
          [
            74.9414885,
            17.9242149
          ],
          [
            74.9417943,
            17.9239597
          ],
          [
            74.9422127,
            17.9236943
          ],
          [
            74.9426794,
            17.9236177
          ],
          [
            74.9431568,
            17.923679
          ],
          [
            74.9448037,
            17.9240516
          ],
          [
            74.945367,
            17.9240618
          ],
          [
            74.9456781,
            17.923975
          ],
          [
            74.9464291,
            17.923827
          ],
          [
            74.9473035,
            17.9237351
          ],
          [
            74.9497819,
            17.9233778
          ],
          [
            74.951461,
            17.9229644
          ],
          [
            74.9536872,
            17.9222958
          ],
          [
            74.9550873,
            17.9216629
          ],
          [
            74.9558008,
            17.92128
          ],
          [
            74.957217,
            17.9203001
          ],
          [
            74.9584186,
            17.9194017
          ],
          [
            74.9596149,
            17.918631
          ],
          [
            74.9612242,
            17.9177531
          ],
          [
            74.9624044,
            17.9173039
          ],
          [
            74.9632573,
            17.9170385
          ],
          [
            74.9648988,
            17.9165842
          ],
          [
            74.9666959,
            17.9163443
          ],
          [
            74.9673879,
            17.9164259
          ],
          [
            74.9683964,
            17.9166301
          ],
          [
            74.9714059,
            17.9173396
          ],
          [
            74.9721944,
            17.9175081
          ],
          [
            74.9742597,
            17.9176254
          ],
          [
            74.9783206,
            17.9177224
          ],
          [
            74.9798655,
            17.9177684
          ],
          [
            74.9819362,
            17.9177428
          ],
          [
            74.9836421,
            17.9175693
          ],
          [
            74.9854284,
            17.917212
          ],
          [
            74.9870324,
            17.9168496
          ],
          [
            74.9893659,
            17.9161299
          ],
          [
            74.9925631,
            17.91491
          ],
          [
            74.9966776,
            17.9134195
          ],
          [
            74.9990319,
            17.9128002
          ],
          [
            75.0013554,
            17.9125926
          ],
          [
            75.0025517,
            17.9124241
          ],
          [
            75.0042093,
            17.9121128
          ],
          [
            75.0054753,
            17.9118422
          ],
          [
            75.0069988,
            17.9112859
          ],
          [
            75.0085437,
            17.9105202
          ],
          [
            75.0093484,
            17.9100608
          ],
          [
            75.010094,
            17.9096984
          ],
          [
            75.0107002,
            17.9094738
          ],
          [
            75.0119716,
            17.9092032
          ],
          [
            75.0130874,
            17.9091165
          ],
          [
            75.0146699,
            17.909193
          ],
          [
            75.0160432,
            17.9091726
          ],
          [
            75.0174808,
            17.909091
          ],
          [
            75.0180924,
            17.9089072
          ],
          [
            75.0185752,
            17.908703
          ],
          [
            75.0190419,
            17.9083814
          ],
          [
            75.0192833,
            17.9081313
          ],
          [
            75.0194496,
            17.9077536
          ],
          [
            75.0195301,
            17.9073503
          ],
          [
            75.0195998,
            17.906605
          ],
          [
            75.0196052,
            17.905625
          ],
          [
            75.0191224,
            17.9005254
          ],
          [
            75.0192028,
            17.8991369
          ],
          [
            75.0193047,
            17.8983048
          ],
          [
            75.0194228,
            17.8977484
          ],
          [
            75.0195944,
            17.8973247
          ],
          [
            75.0198787,
            17.8969061
          ],
          [
            75.020265,
            17.8964518
          ],
          [
            75.0208229,
            17.8960791
          ],
          [
            75.0214666,
            17.8957371
          ],
          [
            75.0224483,
            17.8953951
          ],
          [
            75.0239557,
            17.8949816
          ],
          [
            75.0247274,
            17.8949328
          ],
          [
            75.0253558,
            17.8949765
          ],
          [
            75.0260781,
            17.8951503
          ],
          [
            75.026506,
            17.8953474
          ],
          [
            75.0273031,
            17.8957524
          ],
          [
            75.0276142,
            17.8959413
          ],
          [
            75.0281292,
            17.8963293
          ],
          [
            75.0283813,
            17.8967274
          ],
          [
            75.0286442,
            17.8971103
          ],
          [
            75.0289768,
            17.8979118
          ],
          [
            75.0292611,
            17.8986775
          ],
          [
            75.0296688,
            17.899484
          ],
          [
            75.0304735,
            17.9004642
          ],
          [
            75.0311279,
            17.9011482
          ],
          [
            75.0317502,
            17.9015566
          ],
          [
            75.0330269,
            17.902506
          ],
          [
            75.0348616,
            17.9038128
          ],
          [
            75.0370824,
            17.9055382
          ],
          [
            75.0375438,
            17.9059159
          ],
          [
            75.0381768,
            17.9061507
          ],
          [
            75.0390458,
            17.9063039
          ],
          [
            75.0398873,
            17.9062665
          ],
          [
            75.041036,
            17.9060793
          ],
          [
            75.0453007,
            17.9048644
          ],
          [
            75.0482565,
            17.9038435
          ],
          [
            75.0493509,
            17.9035831
          ],
          [
            75.0501502,
            17.9034759
          ],
          [
            75.0510728,
            17.9034657
          ],
          [
            75.0518453,
            17.9035882
          ],
          [
            75.0525588,
            17.9038332
          ],
          [
            75.052945,
            17.9041446
          ],
          [
            75.0533581,
            17.9047215
          ],
          [
            75.0535512,
            17.9055688
          ],
          [
            75.053637,
            17.9060742
          ],
          [
            75.0535834,
            17.9065234
          ],
          [
            75.0532079,
            17.9074524
          ],
          [
            75.0523657,
            17.9099434
          ],
          [
            75.0520752,
            17.9106768
          ],
          [
            75.0518131,
            17.9109847
          ],
          [
            75.0510782,
            17.9115819
          ],
          [
            75.0504184,
            17.9120005
          ],
          [
            75.049383,
            17.91271
          ],
          [
            75.0485194,
            17.9135931
          ],
          [
            75.0469261,
            17.9150835
          ],
          [
            75.0458479,
            17.9163341
          ],
          [
            75.0453222,
            17.9171661
          ],
          [
            75.0450325,
            17.9177939
          ],
          [
            75.0448394,
            17.9186055
          ],
          [
            75.0446999,
            17.9196671
          ],
          [
            75.0447053,
            17.9214689
          ],
          [
            75.0451237,
            17.9224285
          ],
          [
            75.0454134,
            17.9228572
          ],
          [
            75.0479256,
            17.9254332
          ],
          [
            75.0509412,
            17.9271127
          ],
          [
            75.0550454,
            17.9283584
          ],
          [
            75.0580315,
            17.9273506
          ],
          [
            75.0604293,
            17.9255171
          ],
          [
            75.0678727,
            17.9184209
          ],
          [
            75.0706824,
            17.9171472
          ],
          [
            75.0738304,
            17.9175251
          ],
          [
            75.0758751,
            17.9190788
          ],
          [
            75.0781847,
            17.9208004
          ],
          [
            75.0808766,
            17.9212762
          ],
          [
            75.0829361,
            17.922046
          ],
          [
            75.0860274,
            17.9245773
          ],
          [
            75.0870198,
            17.9258329
          ],
          [
            75.0874543,
            17.9265781
          ],
          [
            75.0875723,
            17.927165
          ],
          [
            75.0875831,
            17.9277316
          ],
          [
            75.0875401,
            17.9279714
          ],
          [
            75.087229,
            17.9285125
          ],
          [
            75.0861508,
            17.9295332
          ],
          [
            75.0835383,
            17.9314625
          ],
          [
            75.0813281,
            17.9333662
          ],
          [
            75.0808239,
            17.9338919
          ],
          [
            75.0804591,
            17.9344329
          ],
          [
            75.0801748,
            17.9351117
          ],
          [
            75.0800461,
            17.9356986
          ],
          [
            75.079971,
            17.9362499
          ],
          [
            75.0798744,
            17.9370358
          ],
          [
            75.0798422,
            17.9375768
          ],
          [
            75.0799066,
            17.9382709
          ],
          [
            75.0800192,
            17.9388425
          ],
          [
            75.0801963,
            17.9394805
          ],
          [
            75.0803357,
            17.9398122
          ],
          [
            75.0806737,
            17.9402256
          ],
          [
            75.0814784,
            17.9408023
          ],
          [
            75.0822079,
            17.9412259
          ],
          [
            75.0832272,
            17.9416903
          ],
          [
            75.0865102,
            17.9426906
          ],
          [
            75.0876206,
            17.9431193
          ],
          [
            75.0891334,
            17.9440635
          ],
          [
            75.0908285,
            17.9451913
          ],
          [
            75.0919658,
            17.9456915
          ],
          [
            75.0929421,
            17.9459824
          ],
          [
            75.0945675,
            17.9462477
          ],
          [
            75.0957638,
            17.9463396
          ],
          [
            75.096885,
            17.9462783
          ],
          [
            75.0977433,
            17.9461252
          ],
          [
            75.0985372,
            17.9457986
          ],
          [
            75.0995672,
            17.9452628
          ],
          [
            75.1005489,
            17.9445075
          ],
          [
            75.1015949,
            17.9436246
          ],
          [
            75.1024908,
            17.9427825
          ],
          [
            75.1031774,
            17.9419506
          ],
          [
            75.1042074,
            17.9404246
          ],
          [
            75.1052535,
            17.9390313
          ],
          [
            75.1055914,
            17.9387047
          ],
          [
            75.1059937,
            17.9383424
          ],
          [
            75.1064551,
            17.9380361
          ],
          [
            75.1069003,
            17.9377963
          ],
          [
            75.1074582,
            17.9376278
          ],
          [
            75.1083004,
            17.9376074
          ],
          [
            75.1096308,
            17.9376534
          ],
          [
            75.1104784,
            17.9378932
          ],
          [
            75.1112831,
            17.9382148
          ],
          [
            75.1121896,
            17.9389191
          ],
          [
            75.1139009,
            17.9416291
          ],
          [
            75.1148182,
            17.944043
          ],
          [
            75.11558,
            17.9459211
          ],
          [
            75.1160037,
            17.9465743
          ],
          [
            75.1167387,
            17.9474113
          ],
          [
            75.1172429,
            17.9479216
          ],
          [
            75.1177472,
            17.9483758
          ],
          [
            75.1184982,
            17.9489525
          ],
          [
            75.1191312,
            17.9493965
          ],
          [
            75.1196086,
            17.9496415
          ],
          [
            75.1200378,
            17.9498201
          ],
          [
            75.1214325,
            17.950259
          ],
          [
            75.1234925,
            17.9508152
          ],
          [
            75.1251501,
            17.9513205
          ],
          [
            75.1257563,
            17.9515297
          ],
          [
            75.1260084,
            17.9517542
          ],
          [
            75.1263356,
            17.9520706
          ],
          [
            75.1266736,
            17.9522901
          ],
          [
            75.127151,
            17.952484
          ],
          [
            75.1274461,
            17.9526728
          ],
          [
            75.1280844,
            17.9534179
          ],
          [
            75.1288408,
            17.9546069
          ],
          [
            75.1292163,
            17.9556225
          ],
          [
            75.1293451,
            17.9564288
          ],
          [
            75.1293611,
            17.9572453
          ],
          [
            75.1293236,
            17.9588119
          ],
          [
            75.1290071,
            17.9602254
          ],
          [
            75.1287925,
            17.9607766
          ],
          [
            75.1284814,
            17.9612154
          ],
          [
            75.1279396,
            17.961639
          ],
          [
            75.1266414,
            17.9622411
          ],
          [
            75.125016,
            17.9628382
          ],
          [
            75.1227522,
            17.9635015
          ],
          [
            75.1200378,
            17.9641598
          ],
          [
            75.1188362,
            17.9646395
          ],
          [
            75.1177204,
            17.9650579
          ],
          [
            75.1169425,
            17.9654764
          ],
          [
            75.1162344,
            17.9662928
          ],
          [
            75.1157623,
            17.9671042
          ],
          [
            75.1154834,
            17.9678237
          ],
          [
            75.1154619,
            17.9684003
          ],
          [
            75.1155049,
            17.9690534
          ],
          [
            75.1157087,
            17.9697882
          ],
          [
            75.1161271,
            17.9705945
          ],
          [
            75.1162988,
            17.9708496
          ],
          [
            75.1178759,
            17.9724467
          ],
          [
            75.1185948,
            17.9728447
          ],
          [
            75.1195389,
            17.9731815
          ],
          [
            75.1206654,
            17.9732223
          ],
          [
            75.121631,
            17.9731407
          ],
          [
            75.1245707,
            17.9725182
          ],
          [
            75.1267648,
            17.9717885
          ],
          [
            75.1305511,
            17.9703045
          ],
          [
            75.1313138,
            17.9700995
          ],
          [
            75.1321077,
            17.969977
          ],
          [
            75.1328901,
            17.9699547
          ],
          [
            75.1336044,
            17.9701403
          ],
          [
            75.1344788,
            17.9705281
          ],
          [
            75.1355113,
            17.9711664
          ]
        ]
      }
    },
    {
      "type": "Feature",
      "properties": {
        "osm_id": 206508227,
        "osm_type": "way",
        "source": "OpenStreetMap",
        "name": "Bhima",
        "name:en": "Bhima River",
        "waterway": "river"
      },
      "geometry": {
        "type": "LineString",
        "coordinates": [
          [
            74.8064232,
            18.3440571
          ],
          [
            74.8086333,
            18.3434562
          ],
          [
            74.8155105,
            18.341837
          ],
          [
            74.8173129,
            18.3414297
          ],
          [
            74.8184824,
            18.3408899
          ],
          [
            74.8198235,
            18.3399021
          ],
          [
            74.8219263,
            18.3371626
          ],
          [
            74.8238683,
            18.3337306
          ],
          [
            74.8276126,
            18.3287402
          ],
          [
            74.8314857,
            18.3230368
          ],
          [
            74.8348975,
            18.3195128
          ],
          [
            74.8395775,
            18.3136966
          ],
          [
            74.8436308,
            18.3075958
          ],
          [
            74.844296,
            18.305029
          ],
          [
            74.8442101,
            18.3023195
          ],
          [
            74.8438024,
            18.3004453
          ],
          [
            74.8427081,
            18.2989377
          ],
          [
            74.8413563,
            18.2977561
          ],
          [
            74.839468,
            18.2966967
          ],
          [
            74.8361635,
            18.2952706
          ],
          [
            74.8319793,
            18.2940686
          ],
          [
            74.8287391,
            18.2947409
          ],
          [
            74.8249841,
            18.2959633
          ],
          [
            74.8207354,
            18.2975116
          ],
          [
            74.8158431,
            18.2987543
          ],
          [
            74.8113155,
            18.3003434
          ],
          [
            74.8079681,
            18.3015454
          ],
          [
            74.8059726,
            18.3020547
          ],
          [
            74.8038912,
            18.3020547
          ],
          [
            74.8025393,
            18.3018306
          ],
          [
            74.8003721,
            18.3006694
          ],
          [
            74.7988915,
            18.2993044
          ],
          [
            74.7980761,
            18.2980617
          ],
          [
            74.7969389,
            18.2959225
          ],
          [
            74.7956729,
            18.2932536
          ],
          [
            74.7950291,
            18.2889548
          ],
          [
            74.795587,
            18.2849004
          ],
          [
            74.7961449,
            18.2814775
          ],
          [
            74.7976255,
            18.2787269
          ],
          [
            74.7996855,
            18.2767709
          ],
          [
            74.8024964,
            18.2744889
          ],
          [
            74.8069596,
            18.2719012
          ],
          [
            74.8109078,
            18.2705156
          ],
          [
            74.8145771,
            18.2688855
          ],
          [
            74.8173022,
            18.2672962
          ],
          [
            74.8222804,
            18.2627522
          ],
          [
            74.8281383,
            18.2549273
          ],
          [
            74.8311209,
            18.2513408
          ],
          [
            74.8330307,
            18.2495068
          ],
          [
            74.8345327,
            18.248549
          ],
          [
            74.8366141,
            18.2481006
          ],
          [
            74.8390388,
            18.2478561
          ],
          [
            74.8449826,
            18.2477134
          ],
          [
            74.8509478,
            18.2476727
          ],
          [
            74.8626852,
            18.2484878
          ],
          [
            74.8732638,
            18.2505257
          ],
          [
            74.878006,
            18.2526042
          ],
          [
            74.8813748,
            18.2547235
          ],
          [
            74.8878336,
            18.2563945
          ],
          [
            74.8906874,
            18.2570262
          ],
          [
            74.9106002,
            18.259227
          ],
          [
            74.9205994,
            18.2601643
          ],
          [
            74.9331736,
            18.2623243
          ],
          [
            74.9385381,
            18.2637099
          ],
          [
            74.9434089,
            18.2649325
          ],
          [
            74.9462628,
            18.2651974
          ],
          [
            74.9485159,
            18.2652789
          ],
          [
            74.9503612,
            18.2646676
          ],
          [
            74.9529791,
            18.2625077
          ],
          [
            74.9551248,
            18.2593085
          ],
          [
            74.9574423,
            18.2564353
          ],
          [
            74.961884,
            18.252645
          ],
          [
            74.9695873,
            18.2479784
          ],
          [
            74.9790649,
            18.2435448
          ],
          [
            74.9827409,
            18.2426799
          ],
          [
            74.9867105,
            18.2424557
          ],
          [
            74.9899721,
            18.2425983
          ],
          [
            74.9951434,
            18.2432709
          ],
          [
            75.0007868,
            18.2452272
          ],
          [
            75.0072026,
            18.2479784
          ],
          [
            75.01791,
            18.2537862
          ],
          [
            75.0247764,
            18.2588602
          ],
          [
            75.0281453,
            18.2604496
          ],
          [
            75.0306558,
            18.2611832
          ],
          [
            75.0325227,
            18.2612851
          ],
          [
            75.0349045,
            18.2612851
          ],
          [
            75.0369429,
            18.2608979
          ],
          [
            75.0387025,
            18.2600624
          ],
          [
            75.039711,
            18.2588194
          ],
          [
            75.040226,
            18.257393
          ],
          [
            75.0403332,
            18.2545809
          ],
          [
            75.0402259,
            18.2526246
          ],
          [
            75.0398826,
            18.2519318
          ],
          [
            75.0385952,
            18.2502608
          ],
          [
            75.0334024,
            18.244514
          ],
          [
            75.028038,
            18.2379518
          ],
          [
            75.0228452,
            18.2311041
          ],
          [
            75.0213003,
            18.2288622
          ],
          [
            75.0196266,
            18.2258051
          ],
          [
            75.0179958,
            18.2226256
          ],
          [
            75.0166654,
            18.2181824
          ],
          [
            75.0159359,
            18.2139836
          ],
          [
            75.0161504,
            18.2110077
          ],
          [
            75.0162792,
            18.2086433
          ],
          [
            75.0169658,
            18.2061565
          ],
          [
            75.0182962,
            18.2027321
          ],
          [
            75.019412,
            18.200816
          ],
          [
            75.0217294,
            18.1988999
          ],
          [
            75.0254201,
            18.196943
          ],
          [
            75.0269651,
            18.1964945
          ],
          [
            75.0291109,
            18.1962499
          ],
          [
            75.0332307,
            18.1963722
          ],
          [
            75.037651,
            18.1968207
          ],
          [
            75.0414705,
            18.197473
          ],
          [
            75.0495815,
            18.200286
          ],
          [
            75.0532722,
            18.202039
          ],
          [
            75.0614261,
            18.2077057
          ],
          [
            75.0684642,
            18.2122715
          ],
          [
            75.0720262,
            18.2134537
          ],
          [
            75.0779914,
            18.2143505
          ],
          [
            75.0864887,
            18.2136983
          ],
          [
            75.0941276,
            18.2120676
          ],
          [
            75.09799,
            18.2101312
          ],
          [
            75.1006508,
            18.208684
          ],
          [
            75.1029897,
            18.2071757
          ],
          [
            75.1040625,
            18.2058508
          ],
          [
            75.1043415,
            18.2041182
          ],
          [
            75.1047277,
            18.2009383
          ],
          [
            75.104556,
            18.1965353
          ],
          [
            75.1037406,
            18.1913167
          ],
          [
            75.1021099,
            18.1857311
          ],
          [
            75.095973,
            18.1710119
          ],
          [
            75.093956,
            18.1650586
          ],
          [
            75.0923252,
            18.1606139
          ],
          [
            75.0911235,
            18.1544157
          ],
          [
            75.0904369,
            18.1457703
          ],
          [
            75.0902652,
            18.1411619
          ],
          [
            75.090394,
            18.138144
          ],
          [
            75.090866,
            18.135697
          ],
          [
            75.0920677,
            18.1327198
          ],
          [
            75.0933981,
            18.1309661
          ],
          [
            75.0955867,
            18.128152
          ],
          [
            75.0972175,
            18.1269284
          ],
          [
            75.0991487,
            18.1260719
          ],
          [
            75.1033115,
            18.1245629
          ],
          [
            75.1067876,
            18.1239918
          ],
          [
            75.1102637,
            18.1239103
          ],
          [
            75.1257133,
            18.125297
          ],
          [
            75.1359057,
            18.126337
          ],
          [
            75.139017,
            18.1265206
          ],
          [
            75.1424074,
            18.126337
          ],
          [
            75.1468491,
            18.1254193
          ],
          [
            75.1488017,
            18.1245629
          ],
          [
            75.150733,
            18.1239306
          ],
          [
            75.1530719,
            18.1226255
          ],
          [
            75.1545524,
            18.1214631
          ],
          [
            75.1557112,
            18.119852
          ],
          [
            75.1563548,
            18.118037
          ],
          [
            75.156548,
            18.115814
          ],
          [
            75.156269,
            18.113224
          ],
          [
            75.1549816,
            18.1100832
          ],
          [
            75.1489734,
            18.0989066
          ],
          [
            75.1418066,
            18.0866277
          ],
          [
            75.1397681,
            18.0838741
          ],
          [
            75.1373648,
            18.0810591
          ],
          [
            75.1320433,
            18.0771019
          ],
          [
            75.1287603,
            18.0756026
          ],
          [
            75.1274836,
            18.0749192
          ],
          [
            75.1255739,
            18.0742154
          ],
          [
            75.1241684,
            18.0738279
          ],
          [
            75.1217651,
            18.0735933
          ],
          [
            75.1202332,
            18.0737611
          ]
        ]
      }
    },
    {
      "type": "Feature",
      "properties": {
        "osm_id": 253945281,
        "osm_type": "way",
        "source": "OpenStreetMap",
        "name": null,
        "name:en": null,
        "waterway": "canal"
      },
      "geometry": {
        "type": "LineString",
        "coordinates": [
          [
            75.1463321,
            17.9865921
          ],
          [
            75.1466051,
            17.9852895
          ],
          [
            75.1479573,
            17.9794964
          ]
        ]
      }
    },
    {
      "type": "Feature",
      "properties": {
        "osm_id": 280261046,
        "osm_type": "way",
        "source": "OpenStreetMap",
        "name": null,
        "name:en": null,
        "waterway": "canal"
      },
      "geometry": {
        "type": "LineString",
        "coordinates": [
          [
            75.3272004,
            18.0287703
          ],
          [
            75.3268571,
            18.0284235
          ],
          [
            75.3246255,
            18.0261994
          ],
          [
            75.3236385,
            18.0251588
          ],
          [
            75.3240032,
            18.0241385
          ],
          [
            75.3244807,
            18.0238896
          ],
          [
            75.3254624,
            18.0228122
          ],
          [
            75.3259344,
            18.0221389
          ],
          [
            75.3264548,
            18.0217675
          ],
          [
            75.3270008,
            18.0202132
          ]
        ]
      }
    },
    {
      "type": "Feature",
      "properties": {
        "osm_id": 305188769,
        "osm_type": "way",
        "source": "OpenStreetMap",
        "name": null,
        "name:en": null,
        "waterway": "canal"
      },
      "geometry": {
        "type": "LineString",
        "coordinates": [
          [
            75.1812566,
            18.006156
          ],
          [
            75.181665,
            18.0059867
          ],
          [
            75.1821834,
            18.0056679
          ],
          [
            75.1826704,
            18.0052646
          ],
          [
            75.1830055,
            18.0049359
          ],
          [
            75.183105,
            18.0046719
          ],
          [
            75.1831731,
            18.0041291
          ],
          [
            75.1830893,
            18.003661
          ],
          [
            75.1829846,
            18.0030883
          ],
          [
            75.1827385,
            18.0025853
          ],
          [
            75.1812304,
            17.999931
          ],
          [
            75.1809529,
            17.9992039
          ],
          [
            75.1808429,
            17.9984917
          ],
          [
            75.1804397,
            17.9952944
          ],
          [
            75.1802407,
            17.9947167
          ],
          [
            75.179958,
            17.9942286
          ],
          [
            75.1796647,
            17.99389
          ],
          [
            75.1792039,
            17.9936011
          ],
          [
            75.1789002,
            17.9934318
          ],
          [
            75.1783661,
            17.9932625
          ],
          [
            75.1777691,
            17.9930334
          ],
          [
            75.177235,
            17.9926947
          ],
          [
            75.1766381,
            17.992107
          ],
          [
            75.1763635,
            17.9916557
          ],
          [
            75.1761932,
            17.9910781
          ],
          [
            75.1761709,
            17.9904231
          ],
          [
            75.1763635,
            17.9883031
          ],
          [
            75.1763709,
            17.9877255
          ],
          [
            75.1763042,
            17.9872606
          ],
          [
            75.1753341,
            17.985697
          ],
          [
            75.1744307,
            17.9843376
          ],
          [
            75.1739567,
            17.9839643
          ],
          [
            75.1732483,
            17.9833541
          ],
          [
            75.1726015,
            17.9825133
          ],
          [
            75.1706762,
            17.9792028
          ],
          [
            75.1705132,
            17.9787308
          ],
          [
            75.1704244,
            17.9780053
          ],
          [
            75.1705741,
            17.9775096
          ],
          [
            75.1707498,
            17.977029
          ],
          [
            75.1708358,
            17.9767771
          ],
          [
            75.1728904,
            17.9723632
          ],
          [
            75.1733199,
            17.9712361
          ],
          [
            75.1734235,
            17.9690454
          ],
          [
            75.1738125,
            17.9658787
          ],
          [
            75.1741581,
            17.9648963
          ],
          [
            75.1751416,
            17.9622406
          ],
          [
            75.17566,
            17.9615291
          ],
          [
            75.1761043,
            17.9611769
          ],
          [
            75.1764449,
            17.961036
          ],
          [
            75.1766597,
            17.9609726
          ],
          [
            75.1773632,
            17.9608176
          ],
          [
            75.1780223,
            17.960881
          ],
          [
            75.1787332,
            17.961043
          ],
          [
            75.1795182,
            17.9614587
          ],
          [
            75.1799847,
            17.9620434
          ],
          [
            75.1803888,
            17.9627918
          ],
          [
            75.1807104,
            17.9634029
          ],
          [
            75.1814065,
            17.9641708
          ],
          [
            75.1831616,
            17.9658332
          ],
          [
            75.1835171,
            17.9660516
          ],
          [
            75.1841391,
            17.9661995
          ],
          [
            75.1856202,
            17.9663193
          ],
          [
            75.1862422,
            17.9662418
          ],
          [
            75.1869754,
            17.9660516
          ],
          [
            75.1874641,
            17.9656712
          ],
          [
            75.1878196,
            17.9651499
          ],
          [
            75.1886416,
            17.9635156
          ],
          [
            75.1890415,
            17.9631141
          ],
          [
            75.189508,
            17.9628394
          ],
          [
            75.1900042,
            17.9626562
          ],
          [
            75.1907891,
            17.9626562
          ],
          [
            75.1915741,
            17.9628394
          ],
          [
            75.192211,
            17.9632198
          ],
          [
            75.1926109,
            17.963727
          ],
          [
            75.1940327,
            17.9664672
          ],
          [
            75.1941969,
            17.9672274
          ],
          [
            75.1944918,
            17.9682846
          ],
          [
            75.1949492,
            17.9688266
          ],
          [
            75.1956915,
            17.969468
          ],
          [
            75.1978539,
            17.9708135
          ],
          [
            75.1987943,
            17.9709825
          ],
          [
            75.1993497,
            17.9709614
          ],
          [
            75.2004013,
            17.9707853
          ],
          [
            75.2010752,
            17.9704119
          ],
          [
            75.2031413,
            17.9683128
          ],
          [
            75.2034597,
            17.9681085
          ],
          [
            75.2042447,
            17.9678267
          ],
          [
            75.204926,
            17.9676999
          ],
          [
            75.2055258,
            17.9677211
          ],
          [
            75.2061182,
            17.9678338
          ],
          [
            75.2068143,
            17.9680874
          ],
          [
            75.2074364,
            17.9685452
          ],
          [
            75.2078511,
            17.9690736
          ],
          [
            75.2101171,
            17.9721377
          ],
          [
            75.2126498,
            17.9751173
          ],
          [
            75.2134866,
            17.9756245
          ],
          [
            75.2142864,
            17.9757724
          ],
          [
            75.2147307,
            17.9757513
          ],
          [
            75.2151084,
            17.975709
          ],
          [
            75.2154416,
            17.9756104
          ],
          [
            75.2160562,
            17.9753498
          ],
          [
            75.2175077,
            17.97442
          ],
          [
            75.217952,
            17.9742298
          ],
          [
            75.2185221,
            17.9741279
          ],
          [
            75.2192055,
            17.9742275
          ],
          [
            75.2198847,
            17.9744815
          ],
          [
            75.2215394,
            17.9753632
          ],
          [
            75.2221677,
            17.9758861
          ],
          [
            75.22244,
            17.9763344
          ],
          [
            75.2226704,
            17.9768524
          ],
          [
            75.2227437,
            17.977211
          ],
          [
            75.2227228,
            17.9776892
          ],
          [
            75.2227175,
            17.9808718
          ],
          [
            75.2227521,
            17.9840617
          ],
          [
            75.2226861,
            17.9873914
          ],
          [
            75.2226966,
            17.990539
          ],
          [
            75.2226914,
            17.9935969
          ],
          [
            75.2229375,
            17.9958729
          ],
          [
            75.2231679,
            17.9964705
          ],
          [
            75.2236339,
            17.9970133
          ],
          [
            75.2241785,
            17.9974267
          ],
          [
            75.2248488,
            17.9976259
          ],
          [
            75.2260374,
            17.9975412
          ],
          [
            75.2262521,
            17.9974665
          ],
          [
            75.2266501,
            17.9971727
          ],
          [
            75.2273986,
            17.996445
          ]
        ]
      }
    },
    {
      "type": "Feature",
      "properties": {
        "osm_id": 305188771,
        "osm_type": "way",
        "source": "OpenStreetMap",
        "name": null,
        "name:en": null,
        "waterway": "canal"
      },
      "geometry": {
        "type": "LineString",
        "coordinates": [
          [
            75.1217651,
            18.0735933
          ],
          [
            75.1203922,
            18.0712938
          ],
          [
            75.1199881,
            18.0711048
          ],
          [
            75.1196212,
            18.0710822
          ],
          [
            75.1187852,
            18.0711785
          ],
          [
            75.1183936,
            18.0710867
          ],
          [
            75.1180261,
            18.0710051
          ],
          [
            75.1174843,
            18.070791
          ],
          [
            75.1172054,
            18.0707629
          ],
          [
            75.1163819,
            18.0706686
          ],
          [
            75.1152742,
            18.0705436
          ],
          [
            75.1144609,
            18.0704385
          ],
          [
            75.113572,
            18.0702684
          ],
          [
            75.113166,
            18.0701076
          ],
          [
            75.1127556,
            18.0698373
          ],
          [
            75.1121762,
            18.0691947
          ],
          [
            75.1119858,
            18.0687791
          ],
          [
            75.1114252,
            18.0671675
          ],
          [
            75.1113796,
            18.0668437
          ],
          [
            75.1114118,
            18.0665173
          ],
          [
            75.1115647,
            18.0661093
          ],
          [
            75.1117578,
            18.0657599
          ],
          [
            75.1122782,
            18.0652117
          ],
          [
            75.1129255,
            18.0646931
          ],
          [
            75.1133028,
            18.0644339
          ],
          [
            75.1136434,
            18.0639596
          ],
          [
            75.113799,
            18.0634573
          ],
          [
            75.1138714,
            18.0626923
          ],
          [
            75.1138285,
            18.0619859
          ],
          [
            75.1137185,
            18.0616773
          ],
          [
            75.1134583,
            18.0611036
          ],
          [
            75.1131552,
            18.0606803
          ],
          [
            75.1126485,
            18.0601712
          ],
          [
            75.1117357,
            18.0595924
          ],
          [
            75.1109194,
            18.0594915
          ],
          [
            75.1102092,
            18.059476
          ],
          [
            75.1094419,
            18.0596856
          ],
          [
            75.1058951,
            18.0611716
          ],
          [
            75.1048893,
            18.0614798
          ],
          [
            75.1042635,
            18.061586
          ],
          [
            75.1033024,
            18.0615966
          ],
          [
            75.1024978,
            18.0612991
          ],
          [
            75.1011008,
            18.0603535
          ],
          [
            75.1001733,
            18.0595673
          ],
          [
            75.099648,
            18.0584942
          ],
          [
            75.0993575,
            18.0575167
          ],
          [
            75.0994133,
            18.0567835
          ],
          [
            75.099838,
            18.0556679
          ],
          [
            75.102386,
            18.0532879
          ],
          [
            75.1036041,
            18.052066
          ],
          [
            75.1042523,
            18.0510565
          ],
          [
            75.104934,
            18.0463494
          ],
          [
            75.1050011,
            18.0457969
          ],
          [
            75.1049117,
            18.0452762
          ],
          [
            75.1046099,
            18.0445749
          ],
          [
            75.1038947,
            18.0437886
          ],
          [
            75.1027995,
            18.043353
          ],
          [
            75.1018384,
            18.0432042
          ],
          [
            75.1010226,
            18.0433742
          ],
          [
            75.100095,
            18.0439268
          ],
          [
            75.0973012,
            18.0459988
          ],
          [
            75.0968542,
            18.0461582
          ],
          [
            75.0962954,
            18.0463388
          ],
          [
            75.0956919,
            18.0464132
          ],
          [
            75.0949655,
            18.0463494
          ],
          [
            75.094105,
            18.0460732
          ],
          [
            75.0936133,
            18.0457225
          ],
          [
            75.0933283,
            18.045425
          ],
          [
            75.0930433,
            18.0451275
          ],
          [
            75.0927081,
            18.0442136
          ],
          [
            75.092574,
            18.042386
          ],
          [
            75.0922946,
            18.0390813
          ],
          [
            75.0922946,
            18.0382631
          ],
          [
            75.0927304,
            18.0372323
          ],
          [
            75.0938508,
            18.0360125
          ],
          [
            75.0944263,
            18.0352554
          ],
          [
            75.094873,
            18.0339913
          ],
          [
            75.0949441,
            18.0331722
          ],
          [
            75.0945885,
            18.0321578
          ],
          [
            75.0942645,
            18.0313313
          ],
          [
            75.0942487,
            18.0302417
          ],
          [
            75.0945569,
            18.0291296
          ],
          [
            75.0957998,
            18.0274059
          ],
          [
            75.1000022,
            18.0216634
          ],
          [
            75.1031822,
            18.0174
          ],
          [
            75.1040096,
            18.0166225
          ],
          [
            75.1073783,
            18.0157092
          ],
          [
            75.1088007,
            18.0152808
          ],
          [
            75.1095277,
            18.0150178
          ],
          [
            75.1101994,
            18.0145068
          ],
          [
            75.1107209,
            18.0134697
          ],
          [
            75.1110844,
            18.0126882
          ],
          [
            75.1115427,
            18.0123275
          ],
          [
            75.1122302,
            18.0118841
          ],
          [
            75.1131943,
            18.0116436
          ],
          [
            75.1137396,
            18.0117037
          ],
          [
            75.1139292,
            18.0117488
          ],
          [
            75.1143164,
            18.011839
          ],
          [
            75.1148538,
            18.012102
          ],
          [
            75.1155966,
            18.0126356
          ],
          [
            75.1174299,
            18.0147397
          ],
          [
            75.11807,
            18.0151981
          ],
          [
            75.1184888,
            18.0154537
          ],
          [
            75.1189076,
            18.0156115
          ],
          [
            75.1196583,
            18.0156566
          ],
          [
            75.1201799,
            18.0155889
          ],
          [
            75.1207884,
            18.015371
          ],
          [
            75.1215312,
            18.0145669
          ],
          [
            75.1224636,
            18.0110199
          ],
          [
            75.1226533,
            18.0104337
          ],
          [
            75.123159,
            18.0096972
          ],
          [
            75.1238307,
            18.0091261
          ],
          [
            75.124052,
            18.0090133
          ],
          [
            75.1245024,
            18.0088781
          ],
          [
            75.1249766,
            18.0087729
          ],
          [
            75.1254586,
            18.0087879
          ],
          [
            75.1261145,
            18.0089682
          ],
          [
            75.1269728,
            18.0095705
          ],
          [
            75.1322613,
            18.0167527
          ],
          [
            75.1327354,
            18.0172562
          ],
          [
            75.1333281,
            18.0176883
          ],
          [
            75.1341025,
            18.0179024
          ],
          [
            75.1348888,
            18.0180227
          ],
          [
            75.1353511,
            18.0179475
          ],
          [
            75.1362519,
            18.0176394
          ],
          [
            75.1368722,
            18.0172862
          ],
          [
            75.1371567,
            18.0170194
          ],
          [
            75.137536,
            18.0163732
          ],
          [
            75.1376072,
            18.015633
          ],
          [
            75.1375031,
            18.0149713
          ],
          [
            75.1358268,
            18.0106884
          ],
          [
            75.1353239,
            18.0090411
          ],
          [
            75.1359162,
            18.0051299
          ],
          [
            75.1380395,
            17.9990293
          ],
          [
            75.1384826,
            17.9979362
          ],
          [
            75.1385881,
            17.9973265
          ],
          [
            75.138497,
            17.9966408
          ],
          [
            75.1354915,
            17.9890488
          ],
          [
            75.1354244,
            17.9883472
          ],
          [
            75.1355809,
            17.9876032
          ],
          [
            75.1359609,
            17.9870717
          ],
          [
            75.1365239,
            17.9864084
          ],
          [
            75.137218,
            17.9856899
          ],
          [
            75.1380743,
            17.9852473
          ],
          [
            75.1394188,
            17.9853156
          ],
          [
            75.1463321,
            17.9865921
          ],
          [
            75.1475807,
            17.9869106
          ],
          [
            75.1486142,
            17.9879269
          ],
          [
            75.1491616,
            17.9895276
          ],
          [
            75.1519839,
            17.9917346
          ],
          [
            75.1521384,
            17.9918555
          ],
          [
            75.1531011,
            17.9926083
          ],
          [
            75.1542658,
            17.9927279
          ],
          [
            75.1552841,
            17.9925148
          ],
          [
            75.1561356,
            17.9920145
          ],
          [
            75.1564471,
            17.9915766
          ],
          [
            75.1567016,
            17.9909916
          ],
          [
            75.1570943,
            17.9895381
          ],
          [
            75.1582807,
            17.9884238
          ],
          [
            75.1588973,
            17.9883009
          ],
          [
            75.1602572,
            17.9885238
          ],
          [
            75.1633992,
            17.9907966
          ],
          [
            75.1663783,
            17.9929819
          ],
          [
            75.1668489,
            17.9936855
          ],
          [
            75.1681821,
            17.9971766
          ],
          [
            75.1689683,
            17.9980859
          ],
          [
            75.173779,
            18.0003841
          ],
          [
            75.1758736,
            18.0013702
          ],
          [
            75.1763972,
            18.001918
          ],
          [
            75.1766905,
            18.002426
          ],
          [
            75.176858,
            18.0030535
          ],
          [
            75.1775391,
            18.005293
          ],
          [
            75.1779367,
            18.0058821
          ],
          [
            75.1784147,
            18.0062301
          ],
          [
            75.1790992,
            18.0065195
          ],
          [
            75.1798009,
            18.0065593
          ],
          [
            75.1803873,
            18.0064398
          ],
          [
            75.1809372,
            18.0062506
          ]
        ]
      }
    },
    {
      "type": "Feature",
      "properties": {
        "osm_id": 305188772,
        "osm_type": "way",
        "source": "OpenStreetMap",
        "name": null,
        "name:en": null,
        "waterway": "canal"
      },
      "geometry": {
        "type": "LineString",
        "coordinates": [
          [
            75.2435191,
            17.9592471
          ],
          [
            75.2431473,
            17.958216
          ],
          [
            75.242896,
            17.9576531
          ],
          [
            75.2425661,
            17.9572795
          ],
          [
            75.2422466,
            17.9569059
          ],
          [
            75.2417125,
            17.9565971
          ],
          [
            75.2410423,
            17.9563879
          ],
          [
            75.2404349,
            17.9562484
          ],
          [
            75.2382199,
            17.9558848
          ],
          [
            75.2372354,
            17.9556656
          ],
          [
            75.236518,
            17.9553916
          ],
          [
            75.2347377,
            17.9545099
          ],
          [
            75.2322609,
            17.9533692
          ],
          [
            75.2293808,
            17.9520092
          ],
          [
            75.2283074,
            17.9513915
          ],
          [
            75.2278309,
            17.9508187
          ],
          [
            75.2275743,
            17.9503753
          ],
          [
            75.2274539,
            17.9499419
          ],
          [
            75.2274224,
            17.9494338
          ],
          [
            75.2274172,
            17.946689
          ],
          [
            75.2273387,
            17.9449055
          ],
          [
            75.2271463,
            17.9442696
          ],
          [
            75.2268307,
            17.9436452
          ],
          [
            75.2258515,
            17.9418069
          ],
          [
            75.2253488,
            17.9413137
          ],
          [
            75.2249037,
            17.9410796
          ],
          [
            75.2243434,
            17.9407458
          ],
          [
            75.2229191,
            17.9399786
          ],
          [
            75.2202119,
            17.9383695
          ],
          [
            75.2193532,
            17.9378265
          ],
          [
            75.2189552,
            17.9377019
          ],
          [
            75.2186253,
            17.9376122
          ],
          [
            75.2182116,
            17.9375973
          ],
          [
            75.217578,
            17.9375973
          ],
          [
            75.216934,
            17.9377717
          ],
          [
            75.2160385,
            17.9382948
          ],
          [
            75.2148342,
            17.9387132
          ],
          [
            75.2143995,
            17.9387232
          ],
          [
            75.2138864,
            17.9386036
          ],
          [
            75.2135827,
            17.9384293
          ],
          [
            75.2131742,
            17.9382051
          ],
          [
            75.2126925,
            17.9378314
          ],
          [
            75.2106084,
            17.9356444
          ],
          [
            75.2099277,
            17.9351711
          ],
          [
            75.2095664,
            17.9350565
          ],
          [
            75.2090898,
            17.9350067
          ],
          [
            75.2085557,
            17.9350515
          ],
          [
            75.2067178,
            17.9355547
          ],
          [
            75.2060894,
            17.9355846
          ],
          [
            75.2057386,
            17.9355398
          ],
          [
            75.2047855,
            17.9353953
          ],
          [
            75.2030261,
            17.9348871
          ],
          [
            75.2024501,
            17.9344986
          ],
          [
            75.2019945,
            17.9340601
          ],
          [
            75.2015809,
            17.9333776
          ],
          [
            75.2009525,
            17.9322168
          ],
          [
            75.200853,
            17.9316987
          ],
          [
            75.2008844,
            17.9311407
          ],
          [
            75.2010677,
            17.9305528
          ],
          [
            75.2013766,
            17.9300895
          ],
          [
            75.2017327,
            17.9297756
          ],
          [
            75.2025077,
            17.9294069
          ],
          [
            75.2033927,
            17.9291229
          ],
          [
            75.2038063,
            17.928839
          ],
          [
            75.20411,
            17.9284952
          ],
          [
            75.2044033,
            17.9280817
          ],
          [
            75.2045604,
            17.9274888
          ],
          [
            75.2045604,
            17.9270105
          ],
          [
            75.2043823,
            17.9252668
          ],
          [
            75.2041938,
            17.9247187
          ],
          [
            75.203754,
            17.9241009
          ],
          [
            75.2024658,
            17.9226461
          ],
          [
            75.2019317,
            17.9222176
          ],
          [
            75.2015285,
            17.9220731
          ],
          [
            75.201162,
            17.9219884
          ],
          [
            75.2006593,
            17.9219735
          ],
          [
            75.1994601,
            17.9220134
          ],
          [
            75.1989731,
            17.9219785
          ],
          [
            75.1983867,
            17.9218838
          ],
          [
            75.1978683,
            17.9216546
          ],
          [
            75.1974336,
            17.9214055
          ],
          [
            75.197088,
            17.9210368
          ],
          [
            75.1966377,
            17.9202994
          ],
          [
            75.1963183,
            17.9194026
          ],
          [
            75.1955957,
            17.9173399
          ],
          [
            75.1954491,
            17.9169413
          ],
          [
            75.1950511,
            17.9165078
          ],
          [
            75.1944803,
            17.9161092
          ],
          [
            75.1939986,
            17.9159149
          ],
          [
            75.1934226,
            17.9158452
          ],
          [
            75.1928937,
            17.91589
          ],
          [
            75.1917941,
            17.9160395
          ],
          [
            75.1908149,
            17.916164
          ],
          [
            75.1886627,
            17.9164082
          ],
          [
            75.1881181,
            17.9164331
          ],
          [
            75.1873065,
            17.9162139
          ],
          [
            75.1865629,
            17.9158103
          ],
          [
            75.1837772,
            17.9141561
          ],
          [
            75.1826409,
            17.9134635
          ],
          [
            75.1821539,
            17.9129154
          ],
          [
            75.1818659,
            17.9123973
          ],
          [
            75.18096,
            17.9106783
          ],
          [
            75.1782605,
            17.9055624
          ],
          [
            75.1778245,
            17.9046452
          ],
          [
            75.1776944,
            17.904041
          ],
          [
            75.1774038,
            17.9024614
          ],
          [
            75.1774004,
            17.9018662
          ],
          [
            75.1775572,
            17.9011765
          ],
          [
            75.1776708,
            17.9007956
          ],
          [
            75.1777898,
            17.9005125
          ],
          [
            75.1782604,
            17.8998433
          ],
          [
            75.1791205,
            17.8991278
          ],
          [
            75.1803754,
            17.8985359
          ],
          [
            75.1823227,
            17.8976196
          ],
          [
            75.1832369,
            17.8975167
          ],
          [
            75.1845027,
            17.8976196
          ],
          [
            75.1872668,
            17.8977483
          ],
          [
            75.1877536,
            17.8976248
          ],
          [
            75.1883919,
            17.8973468
          ],
          [
            75.1890626,
            17.8969556
          ],
          [
            75.1894304,
            17.8966468
          ],
          [
            75.1903067,
            17.896307
          ],
          [
            75.1912155,
            17.8963379
          ],
          [
            75.1922757,
            17.8966777
          ],
          [
            75.1930762,
            17.8968527
          ],
          [
            75.1935414,
            17.8967806
          ],
          [
            75.1946125,
            17.8965026
          ],
          [
            75.1950236,
            17.8962762
          ],
          [
            75.197385,
            17.8928173
          ],
          [
            75.198586,
            17.8912448
          ],
          [
            75.1994657,
            17.8907498
          ],
          [
            75.2006132,
            17.890546
          ],
          [
            75.2012252,
            17.8904222
          ],
          [
            75.2018525,
            17.8900582
          ],
          [
            75.2022579,
            17.8897015
          ],
          [
            75.2025945,
            17.8893885
          ],
          [
            75.2030994,
            17.88818
          ],
          [
            75.2044228,
            17.8846346
          ],
          [
            75.2046599,
            17.8841687
          ],
          [
            75.2048741,
            17.8839648
          ],
          [
            75.2054402,
            17.8834844
          ],
          [
            75.2062893,
            17.8830403
          ],
          [
            75.206886,
            17.8823341
          ],
          [
            75.2079952,
            17.8793637
          ],
          [
            75.2086378,
            17.8782935
          ],
          [
            75.2089591,
            17.8780242
          ],
          [
            75.2096782,
            17.8778276
          ],
          [
            75.2107951,
            17.8775509
          ],
          [
            75.2120955,
            17.8772888
          ],
          [
            75.2127534,
            17.8774053
          ],
          [
            75.2133042,
            17.8776164
          ],
          [
            75.2138091,
            17.8778567
          ],
          [
            75.2142604,
            17.878228
          ],
          [
            75.2146888,
            17.8787667
          ],
          [
            75.2149336,
            17.8794584
          ],
          [
            75.2156068,
            17.8822467
          ],
          [
            75.2161269,
            17.8842997
          ],
          [
            75.2164559,
            17.8847293
          ],
          [
            75.2174121,
            17.8856101
          ],
          [
            75.2209692,
            17.8889444
          ],
          [
            75.2216883,
            17.889818
          ],
          [
            75.2219331,
            17.8907207
          ],
          [
            75.2221856,
            17.8913395
          ],
          [
            75.2225757,
            17.8920674
          ],
          [
            75.2230194,
            17.8924023
          ],
          [
            75.2235319,
            17.8925406
          ],
          [
            75.2238609,
            17.8926062
          ],
          [
            75.2243963,
            17.892628
          ],
          [
            75.2257427,
            17.8925188
          ]
        ]
      }
    },
    {
      "type": "Feature",
      "properties": {
        "osm_id": 305188773,
        "osm_type": "way",
        "source": "OpenStreetMap",
        "name": null,
        "name:en": null,
        "waterway": "canal"
      },
      "geometry": {
        "type": "LineString",
        "coordinates": [
          [
            75.2391037,
            17.9841961
          ],
          [
            75.2392567,
            17.9834444
          ]
        ]
      }
    },
    {
      "type": "Feature",
      "properties": {
        "osm_id": 305188776,
        "osm_type": "way",
        "source": "OpenStreetMap",
        "name": null,
        "name:en": null,
        "waterway": "canal"
      },
      "geometry": {
        "type": "LineString",
        "coordinates": [
          [
            75.3270008,
            18.0202132
          ],
          [
            75.327049,
            18.0200994
          ]
        ]
      }
    },
    {
      "type": "Feature",
      "properties": {
        "osm_id": 305188778,
        "osm_type": "way",
        "source": "OpenStreetMap",
        "name": null,
        "name:en": null,
        "waterway": "canal"
      },
      "geometry": {
        "type": "LineString",
        "coordinates": [
          [
            75.327049,
            18.0200994
          ],
          [
            75.3290458,
            18.0153847
          ]
        ]
      }
    },
    {
      "type": "Feature",
      "properties": {
        "osm_id": 305188780,
        "osm_type": "way",
        "source": "OpenStreetMap",
        "name": null,
        "name:en": null,
        "waterway": "canal"
      },
      "geometry": {
        "type": "LineString",
        "coordinates": [
          [
            75.2436552,
            17.9597253
          ],
          [
            75.2435191,
            17.9592471
          ]
        ]
      }
    },
    {
      "type": "Feature",
      "properties": {
        "osm_id": 305188782,
        "osm_type": "way",
        "source": "OpenStreetMap",
        "name": null,
        "name:en": null,
        "waterway": "canal"
      },
      "geometry": {
        "type": "LineString",
        "coordinates": [
          [
            75.1809372,
            18.0062506
          ],
          [
            75.1812566,
            18.006156
          ]
        ]
      }
    },
    {
      "type": "Feature",
      "properties": {
        "osm_id": 305188786,
        "osm_type": "way",
        "source": "OpenStreetMap",
        "name": null,
        "name:en": null,
        "waterway": "canal"
      },
      "geometry": {
        "type": "LineString",
        "coordinates": [
          [
            75.2273986,
            17.996445
          ],
          [
            75.2277744,
            17.9959696
          ]
        ]
      }
    },
    {
      "type": "Feature",
      "properties": {
        "osm_id": 305188788,
        "osm_type": "way",
        "source": "OpenStreetMap",
        "name": null,
        "name:en": null,
        "waterway": "canal"
      },
      "geometry": {
        "type": "LineString",
        "coordinates": [
          [
            75.2277744,
            17.9959696
          ],
          [
            75.2280669,
            17.9956016
          ],
          [
            75.2287167,
            17.9946526
          ],
          [
            75.230282,
            17.9926743
          ],
          [
            75.2308254,
            17.9919051
          ],
          [
            75.2311059,
            17.9913049
          ],
          [
            75.2311883,
            17.9905493
          ],
          [
            75.2314391,
            17.9889505
          ],
          [
            75.2316613,
            17.9883095
          ],
          [
            75.2319131,
            17.9879433
          ],
          [
            75.2325277,
            17.9874573
          ],
          [
            75.2329498,
            17.987246
          ],
          [
            75.2334978,
            17.9871121
          ],
          [
            75.2340236,
            17.9870487
          ],
          [
            75.2351122,
            17.9871192
          ],
          [
            75.2363267,
            17.9871121
          ],
          [
            75.237593,
            17.986767
          ],
          [
            75.2379707,
            17.9865768
          ],
          [
            75.2384224,
            17.986126
          ],
          [
            75.2388889,
            17.985147
          ],
          [
            75.2391037,
            17.9841961
          ]
        ]
      }
    },
    {
      "type": "Feature",
      "properties": {
        "osm_id": 305188792,
        "osm_type": "way",
        "source": "OpenStreetMap",
        "name": null,
        "name:en": null,
        "waterway": "canal"
      },
      "geometry": {
        "type": "LineString",
        "coordinates": [
          [
            75.2392567,
            17.9834444
          ],
          [
            75.2395028,
            17.9820249
          ],
          [
            75.2395185,
            17.9815667
          ],
          [
            75.2394242,
            17.9810537
          ],
          [
            75.2393352,
            17.9806204
          ],
          [
            75.2391415,
            17.9803116
          ],
          [
            75.2389163,
            17.9800874
          ],
          [
            75.2381099,
            17.9794549
          ],
          [
            75.2376334,
            17.9792557
          ],
          [
            75.236916,
            17.9791162
          ],
          [
            75.2355912,
            17.9788921
          ],
          [
            75.2350361,
            17.9786381
          ],
          [
            75.2345963,
            17.9782496
          ],
          [
            75.2339732,
            17.9775722
          ],
          [
            75.2325803,
            17.9759883
          ],
          [
            75.2323237,
            17.9753209
          ],
          [
            75.2321038,
            17.9746186
          ],
          [
            75.2319886,
            17.9728753
          ],
          [
            75.2319257,
            17.9723623
          ],
          [
            75.2317267,
            17.9718044
          ],
          [
            75.2307109,
            17.969568
          ],
          [
            75.2305119,
            17.9691894
          ],
          [
            75.2302867,
            17.9689254
          ],
          [
            75.2296741,
            17.9684971
          ],
          [
            75.2290509,
            17.9681085
          ],
          [
            75.2283859,
            17.9676304
          ],
          [
            75.2279984,
            17.9672169
          ],
          [
            75.227768,
            17.9664947
          ],
          [
            75.2276528,
            17.9660464
          ],
          [
            75.2276267,
            17.9656878
          ],
          [
            75.227679,
            17.9652743
          ],
          [
            75.2278204,
            17.9648211
          ],
          [
            75.2279408,
            17.9645072
          ],
          [
            75.2281346,
            17.9642183
          ],
          [
            75.2284749,
            17.9639494
          ],
          [
            75.2291819,
            17.9635459
          ],
          [
            75.2297788,
            17.9634014
          ],
          [
            75.2330987,
            17.9630129
          ],
          [
            75.2363295,
            17.9625447
          ],
          [
            75.2370626,
            17.9625995
          ],
          [
            75.2379266,
            17.962719
          ],
          [
            75.2395447,
            17.9633317
          ],
          [
            75.2409951,
            17.9636605
          ],
          [
            75.2416968,
            17.9635559
          ],
          [
            75.2422571,
            17.9634064
          ],
          [
            75.2428907,
            17.9631325
          ],
          [
            75.2436186,
            17.9626294
          ],
          [
            75.243849,
            17.9620864
          ],
          [
            75.2439066,
            17.9616979
          ],
          [
            75.2439746,
            17.9607066
          ],
          [
            75.2439223,
            17.960353
          ],
          [
            75.2436552,
            17.9597253
          ]
        ]
      }
    },
    {
      "type": "Feature",
      "properties": {
        "osm_id": 306287074,
        "osm_type": "way",
        "source": "OpenStreetMap",
        "name": null,
        "name:en": null,
        "waterway": "canal"
      },
      "geometry": {
        "type": "LineString",
        "coordinates": [
          [
            75.1479573,
            17.9794964
          ],
          [
            75.1498639,
            17.9709177
          ]
        ]
      }
    },
    {
      "type": "Feature",
      "properties": {
        "osm_id": 306287075,
        "osm_type": "way",
        "source": "OpenStreetMap",
        "name": null,
        "name:en": null,
        "waterway": "canal"
      },
      "geometry": {
        "type": "LineString",
        "coordinates": [
          [
            75.1498639,
            17.9709177
          ],
          [
            75.1498758,
            17.9708558
          ],
          [
            75.1503843,
            17.9685802
          ],
          [
            75.1503843,
            17.9677996
          ],
          [
            75.1501069,
            17.9667662
          ],
          [
            75.1491708,
            17.9639958
          ],
          [
            75.1491015,
            17.9630173
          ],
          [
            75.1495637,
            17.9607416
          ],
          [
            75.1498527,
            17.9593563
          ],
          [
            75.1495291,
            17.956157
          ],
          [
            75.1495984,
            17.9550906
          ],
          [
            75.151605,
            17.9515001
          ],
          [
            75.1522302,
            17.9503331
          ],
          [
            75.1525784,
            17.9496253
          ],
          [
            75.1535361,
            17.9446635
          ],
          [
            75.1536311,
            17.9442494
          ],
          [
            75.1535044,
            17.9436772
          ],
          [
            75.1521827,
            17.9394908
          ],
          [
            75.1507977,
            17.9351386
          ],
          [
            75.1493969,
            17.930696
          ],
          [
            75.1479169,
            17.9261177
          ],
          [
            75.1463656,
            17.9215317
          ],
          [
            75.1460649,
            17.9205453
          ],
          [
            75.1460728,
            17.9199428
          ],
          [
            75.1471412,
            17.9161098
          ],
          [
            75.1471729,
            17.9158462
          ],
          [
            75.1471175,
            17.9154621
          ],
          [
            75.1470542,
            17.9152061
          ],
          [
            75.1467614,
            17.9147317
          ],
          [
            75.1464369,
            17.9144229
          ],
          [
            75.146144,
            17.9142121
          ],
          [
            75.1457404,
            17.9140313
          ],
          [
            75.145036,
            17.9139786
          ],
          [
            75.1414112,
            17.9155149
          ],
          [
            75.1405802,
            17.9157634
          ],
          [
            75.1401133,
            17.9157634
          ],
          [
            75.1393535,
            17.9154546
          ],
          [
            75.138475,
            17.9146413
          ],
          [
            75.1379606,
            17.914197
          ],
          [
            75.1375648,
            17.9139861
          ],
          [
            75.1369317,
            17.913828
          ],
          [
            75.1365597,
            17.9137226
          ],
          [
            75.1360928,
            17.9137828
          ],
          [
            75.1355862,
            17.9140389
          ],
          [
            75.1337343,
            17.9158613
          ],
          [
            75.133394,
            17.9162227
          ],
          [
            75.1329587,
            17.9164487
          ],
          [
            75.13265,
            17.9165089
          ],
          [
            75.1322464,
            17.9165466
          ],
          [
            75.1318665,
            17.9165089
          ],
          [
            75.1315341,
            17.9163282
          ],
          [
            75.130893,
            17.9158688
          ],
          [
            75.1306081,
            17.9153417
          ],
          [
            75.1301332,
            17.9109136
          ],
          [
            75.1301491,
            17.9099722
          ],
          [
            75.1303153,
            17.9093396
          ],
          [
            75.1312333,
            17.9079012
          ],
          [
            75.1315895,
            17.9073138
          ],
          [
            75.1316924,
            17.9069674
          ],
          [
            75.1316765,
            17.9064402
          ],
          [
            75.1309009,
            17.9049641
          ],
          [
            75.1307347,
            17.9047533
          ],
          [
            75.1305527,
            17.9046026
          ],
          [
            75.1302678,
            17.9044671
          ],
          [
            75.1298641,
            17.9044445
          ],
          [
            75.1291677,
            17.9045499
          ],
          [
            75.1237067,
            17.9053181
          ],
          [
            75.1183724,
            17.9061239
          ],
          [
            75.1178738,
            17.9061616
          ],
          [
            75.117486,
            17.9061089
          ],
          [
            75.1171774,
            17.905913
          ],
          [
            75.1168054,
            17.9055516
          ],
          [
            75.1149297,
            17.90214
          ],
          [
            75.1144786,
            17.9012814
          ],
          [
            75.113885,
            17.900694
          ],
          [
            75.1125791,
            17.8998053
          ],
          [
            75.1121517,
            17.8994513
          ],
          [
            75.1120409,
            17.8991049
          ],
          [
            75.1116056,
            17.8958136
          ],
          [
            75.1114157,
            17.8955274
          ],
          [
            75.1110912,
            17.8952638
          ],
          [
            75.1077434,
            17.8941567
          ],
          [
            75.1056303,
            17.8931023
          ],
          [
            75.1051792,
            17.892801
          ],
          [
            75.1048467,
            17.8923868
          ],
          [
            75.1006759,
            17.8875062
          ],
          [
            75.0999715,
            17.8867003
          ],
          [
            75.099742,
            17.8862334
          ],
          [
            75.0991326,
            17.8815861
          ],
          [
            75.0989505,
            17.8806973
          ],
          [
            75.0977475,
            17.8780611
          ],
          [
            75.0974784,
            17.8772777
          ],
          [
            75.0973835,
            17.8764868
          ],
          [
            75.0980958,
            17.873956
          ],
          [
            75.0991246,
            17.8700617
          ],
          [
            75.0999003,
            17.8658585
          ],
          [
            75.1007154,
            17.8611655
          ],
          [
            75.1008183,
            17.8606608
          ],
          [
            75.1010004,
            17.8603519
          ],
          [
            75.1013802,
            17.8599226
          ],
          [
            75.101958,
            17.8595158
          ],
          [
            75.103533,
            17.8591316
          ],
          [
            75.1039841,
            17.8590412
          ],
          [
            75.1043719,
            17.8589357
          ],
          [
            75.1046489,
            17.8588303
          ],
          [
            75.1049021,
            17.8587022
          ],
          [
            75.1051475,
            17.8584988
          ],
          [
            75.1054957,
            17.8581372
          ],
          [
            75.1079208,
            17.8540384
          ],
          [
            75.1099467,
            17.850608
          ],
          [
            75.1104056,
            17.8498142
          ],
          [
            75.1105958,
            17.8492549
          ],
          [
            75.1106574,
            17.8487755
          ],
          [
            75.1106854,
            17.848344
          ],
          [
            75.1105903,
            17.8478273
          ],
          [
            75.1097025,
            17.8449905
          ],
          [
            75.1089708,
            17.8426328
          ],
          [
            75.1086728,
            17.8419518
          ],
          [
            75.107437,
            17.839527
          ],
          [
            75.1070306,
            17.8390008
          ],
          [
            75.1064777,
            17.8385984
          ],
          [
            75.105551,
            17.8380825
          ],
          [
            75.1049114,
            17.8377007
          ],
          [
            75.1044128,
            17.8371383
          ],
          [
            75.1043044,
            17.8361993
          ],
          [
            75.1043107,
            17.8356558
          ],
          [
            75.1043153,
            17.8352552
          ],
          [
            75.1043424,
            17.8344091
          ],
          [
            75.104402,
            17.8339189
          ],
          [
            75.1054155,
            17.8317365
          ],
          [
            75.1069872,
            17.8283983
          ],
          [
            75.1085373,
            17.8251427
          ],
          [
            75.1086999,
            17.8246267
          ],
          [
            75.1084505,
            17.8217528
          ],
          [
            75.1083367,
            17.8209685
          ],
          [
            75.107643,
            17.8193999
          ],
          [
            75.1072203,
            17.8189562
          ],
          [
            75.1069438,
            17.8187085
          ],
          [
            75.1067867,
            17.8185279
          ],
          [
            75.1066403,
            17.8182906
          ],
          [
            75.106494,
            17.8178623
          ],
          [
            75.1065103,
            17.8174186
          ],
          [
            75.1066837,
            17.8168355
          ],
          [
            75.1078327,
            17.8135899
          ],
          [
            75.1086186,
            17.8112628
          ],
          [
            75.1094098,
            17.8089098
          ],
          [
            75.1095887,
            17.8085434
          ],
          [
            75.1097459,
            17.8083216
          ],
          [
            75.1099627,
            17.8081306
          ],
          [
            75.1103312,
            17.8078984
          ],
          [
            75.1108027,
            17.8078159
          ],
          [
            75.1112742,
            17.8077849
          ],
          [
            75.1117241,
            17.8078004
          ],
          [
            75.1122173,
            17.8076972
          ],
          [
            75.1130032,
            17.8075372
          ],
          [
            75.1143473,
            17.8069851
          ],
          [
            75.1149109,
            17.8067477
          ],
          [
            75.1153337,
            17.8066858
          ],
          [
            75.115854,
            17.8066806
          ],
          [
            75.1187969,
            17.8075785
          ],
          [
            75.1193118,
            17.8077385
          ],
          [
            75.119637,
            17.8079397
          ],
          [
            75.119973,
            17.8082545
          ],
          [
            75.1207914,
            17.8097251
          ],
          [
            75.121019,
            17.8101173
          ],
          [
            75.1214905,
            17.8106126
          ],
          [
            75.1220054,
            17.8107468
          ],
          [
            75.1222997,
            17.8108064
          ],
          [
            75.1224987,
            17.8108206
          ],
          [
            75.1226854,
            17.8108217
          ],
          [
            75.1228379,
            17.8108026
          ],
          [
            75.1229964,
            17.8107827
          ],
          [
            75.124401,
            17.8105507
          ],
          [
            75.1273872,
            17.8091575
          ],
          [
            75.1279075,
            17.8089098
          ],
          [
            75.1305958,
            17.8063917
          ],
          [
            75.1310022,
            17.8059221
          ],
          [
            75.1311106,
            17.8057105
          ],
          [
            75.1312407,
            17.8053287
          ],
          [
            75.1313328,
            17.8049468
          ],
          [
            75.1313057,
            17.8044927
          ],
          [
            75.1311185,
            17.8041481
          ],
          [
            75.1310619,
            17.8040438
          ],
          [
            75.1287205,
            17.8013398
          ],
          [
            75.1281948,
            17.8007103
          ],
          [
            75.1276095,
            17.7996369
          ],
          [
            75.1262293,
            17.7970359
          ],
          [
            75.1260377,
            17.7966749
          ],
          [
            75.124195,
            17.7933618
          ],
          [
            75.1236205,
            17.7922162
          ],
          [
            75.1234037,
            17.791633
          ],
          [
            75.1233495,
            17.7909415
          ],
          [
            75.1235229,
            17.7903119
          ],
          [
            75.1247858,
            17.7877574
          ],
          [
            75.1251001,
            17.7870968
          ],
          [
            75.1252085,
            17.7867408
          ],
          [
            75.1252248,
            17.7860647
          ],
          [
            75.1252681,
            17.7826637
          ],
          [
            75.1252735,
            17.781998
          ],
          [
            75.1259727,
            17.7793917
          ],
          [
            75.126222,
            17.7786279
          ],
          [
            75.1267206,
            17.7778125
          ],
          [
            75.1269537,
            17.7771932
          ],
          [
            75.1270675,
            17.7755675
          ],
          [
            75.1270241,
            17.7752733
          ],
          [
            75.126829,
            17.7748139
          ],
          [
            75.1266068,
            17.7746127
          ],
          [
            75.1263521,
            17.7744114
          ],
          [
            75.125951,
            17.7742256
          ],
          [
            75.1255662,
            17.7741275
          ],
          [
            75.1250513,
            17.7741172
          ],
          [
            75.124634,
            17.7742514
          ],
          [
            75.1221572,
            17.7757894
          ],
          [
            75.1212683,
            17.7764139
          ],
          [
            75.1204283,
            17.7766977
          ],
          [
            75.1200326,
            17.7767803
          ],
          [
            75.1196966,
            17.7767906
          ],
          [
            75.1192305,
            17.7767442
          ],
          [
            75.1186831,
            17.7766616
          ],
          [
            75.1182929,
            17.7766719
          ],
          [
            75.1180381,
            17.7767545
          ],
          [
            75.1159624,
            17.777668
          ],
          [
            75.1137999,
            17.7786744
          ],
          [
            75.1119029,
            17.7799853
          ],
          [
            75.1112797,
            17.7804188
          ],
          [
            75.1105697,
            17.7805736
          ],
          [
            75.1074804,
            17.7809452
          ],
          [
            75.1057515,
            17.7808936
          ],
          [
            75.1038004,
            17.7808574
          ],
          [
            75.1031934,
            17.7807336
          ],
          [
            75.1021528,
            17.7803104
          ],
          [
            75.0998008,
            17.7789896
          ],
          [
            75.0980288,
            17.7780426
          ],
          [
            75.0972257,
            17.7776438
          ],
          [
            75.0969548,
            17.7773341
          ],
          [
            75.0967867,
            17.7770709
          ],
          [
            75.0966241,
            17.7766477
          ],
          [
            75.0966241,
            17.7755329
          ],
          [
            75.0966512,
            17.7751097
          ],
          [
            75.0967759,
            17.7748826
          ],
          [
            75.0968843,
            17.7747278
          ],
          [
            75.0970902,
            17.7745317
          ],
          [
            75.0973667,
            17.7743407
          ],
          [
            75.0981085,
            17.7740131
          ],
          [
            75.1008764,
            17.7726502
          ]
        ]
      }
    },
    {
      "type": "Feature",
      "properties": {
        "osm_id": 589688365,
        "osm_type": "way",
        "source": "OpenStreetMap",
        "name": null,
        "name:en": null,
        "waterway": "canal"
      },
      "geometry": {
        "type": "LineString",
        "coordinates": [
          [
            74.9972057,
            18.1253314
          ],
          [
            74.9971497,
            18.1256334
          ],
          [
            74.9969968,
            18.1266862
          ],
          [
            74.9970451,
            18.1269309
          ],
          [
            74.9971738,
            18.1271093
          ],
          [
            74.9973482,
            18.1272266
          ],
          [
            74.9976119,
            18.1273236
          ],
          [
            74.9984568,
            18.1273747
          ],
          [
            75.0008759,
            18.1275094
          ],
          [
            75.0019418,
            18.1275504
          ]
        ]
      }
    },
    {
      "type": "Feature",
      "properties": {
        "osm_id": 589688368,
        "osm_type": "way",
        "source": "OpenStreetMap",
        "name": null,
        "name:en": null,
        "waterway": "canal"
      },
      "geometry": {
        "type": "LineString",
        "coordinates": [
          [
            75.0006996,
            18.1338452
          ],
          [
            75.0008592,
            18.134044
          ],
          [
            75.0010255,
            18.1342492
          ],
          [
            75.0013608,
            18.1356384
          ],
          [
            75.0013581,
            18.1357403
          ],
          [
            75.0013232,
            18.1358295
          ],
          [
            75.0009719,
            18.1362884
          ],
          [
            75.0003147,
            18.1371142
          ],
          [
            75.0002637,
            18.1372187
          ],
          [
            75.000245,
            18.1373717
          ],
          [
            75.0002584,
            18.1380879
          ],
          [
            75.0002986,
            18.1394159
          ],
          [
            75.000312,
            18.1394924
          ],
          [
            75.0003657,
            18.1395739
          ],
          [
            75.0005025,
            18.1397396
          ],
          [
            75.0013956,
            18.1409197
          ],
          [
            75.0015002,
            18.1410115
          ],
          [
            75.0016451,
            18.1410829
          ],
          [
            75.0019187,
            18.1411797
          ]
        ]
      }
    },
    {
      "type": "Feature",
      "properties": {
        "osm_id": 589688369,
        "osm_type": "way",
        "source": "OpenStreetMap",
        "name": null,
        "name:en": null,
        "waterway": "canal"
      },
      "geometry": {
        "type": "LineString",
        "coordinates": [
          [
            75.0004394,
            18.1335622
          ],
          [
            75.0006996,
            18.1338452
          ]
        ]
      }
    },
    {
      "type": "Feature",
      "properties": {
        "osm_id": 589688371,
        "osm_type": "way",
        "source": "OpenStreetMap",
        "name": null,
        "name:en": null,
        "waterway": "canal"
      },
      "geometry": {
        "type": "LineString",
        "coordinates": [
          [
            74.9909994,
            18.1276204
          ],
          [
            74.9911509,
            18.1277645
          ],
          [
            74.9912676,
            18.1279098
          ],
          [
            74.9915278,
            18.1292633
          ],
          [
            74.9916539,
            18.1301555
          ],
          [
            74.991796,
            18.1317053
          ],
          [
            74.9919113,
            18.1327759
          ],
          [
            74.9919516,
            18.1328676
          ],
          [
            74.9920052,
            18.1329263
          ],
          [
            74.9922386,
            18.1330996
          ],
          [
            74.9929064,
            18.1335661
          ],
          [
            74.9933061,
            18.1338617
          ],
          [
            74.9934295,
            18.1339382
          ],
          [
            74.993569,
            18.1339917
          ],
          [
            74.9937004,
            18.1340198
          ],
          [
            74.9938077,
            18.1340198
          ],
          [
            74.9939311,
            18.1339968
          ],
          [
            74.9940518,
            18.1339255
          ],
          [
            74.9946123,
            18.1336425
          ],
          [
            74.9951005,
            18.1333749
          ],
          [
            74.9952078,
            18.1332653
          ],
          [
            74.9952587,
            18.1331531
          ],
          [
            74.9953043,
            18.1329008
          ],
          [
            74.9953794,
            18.1326484
          ],
          [
            74.995468,
            18.1324063
          ],
          [
            74.9956262,
            18.1321335
          ],
          [
            74.995771,
            18.1319296
          ],
          [
            74.9959829,
            18.1316925
          ],
          [
            74.9970478,
            18.1308896
          ],
          [
            74.9972892,
            18.1307163
          ],
          [
            74.9974152,
            18.1306627
          ],
          [
            74.9975789,
            18.1306372
          ],
          [
            74.9982172,
            18.13065
          ],
          [
            74.9986571,
            18.1306704
          ],
          [
            74.998928,
            18.1307545
          ],
          [
            74.9990138,
            18.1308488
          ],
          [
            74.9991265,
            18.1313255
          ],
          [
            74.9991748,
            18.1316849
          ],
          [
            74.9993853,
            18.1329607
          ],
          [
            74.9994349,
            18.1331085
          ],
          [
            74.9994899,
            18.1331735
          ],
          [
            74.9995878,
            18.1332487
          ],
          [
            74.9997528,
            18.1333214
          ],
          [
            74.9999419,
            18.1333774
          ],
          [
            75.0002544,
            18.1334526
          ],
          [
            75.0003791,
            18.1335036
          ],
          [
            75.0004394,
            18.1335622
          ]
        ]
      }
    },
    {
      "type": "Feature",
      "properties": {
        "osm_id": 673170837,
        "osm_type": "way",
        "source": "OpenStreetMap",
        "name": null,
        "name:en": null,
        "waterway": "canal"
      },
      "geometry": {
        "type": "LineString",
        "coordinates": [
          [
            75.4137289,
            18.1740037
          ],
          [
            75.4104164,
            18.1729716
          ],
          [
            75.4032844,
            18.1708003
          ],
          [
            75.4004788,
            18.1699364
          ],
          [
            75.3901255,
            18.1669445
          ],
          [
            75.3878579,
            18.1662734
          ],
          [
            75.3851313,
            18.1654664
          ]
        ]
      }
    },
    {
      "type": "Feature",
      "properties": {
        "osm_id": 1239168129,
        "osm_type": "way",
        "source": "OpenStreetMap",
        "name": null,
        "name:en": null,
        "waterway": "stream"
      },
      "geometry": {
        "type": "LineString",
        "coordinates": [
          [
            75.3008616,
            18.136788
          ],
          [
            75.3012586,
            18.1364515
          ],
          [
            75.3045416,
            18.1353911
          ],
          [
            75.3057003,
            18.1343716
          ],
          [
            75.3079104,
            18.1323935
          ],
          [
            75.3087687,
            18.1311904
          ],
          [
            75.3088546,
            18.1304971
          ],
          [
            75.3095197,
            18.1296814
          ],
          [
            75.3105068,
            18.1286821
          ]
        ]
      }
    },
    {
      "type": "Feature",
      "properties": {
        "osm_id": 1303719842,
        "osm_type": "way",
        "source": "OpenStreetMap",
        "name": null,
        "name:en": null,
        "waterway": "canal"
      },
      "geometry": {
        "type": "LineString",
        "coordinates": [
          [
            75.0019418,
            18.1275504
          ],
          [
            75.0032439,
            18.1276193
          ],
          [
            75.0035624,
            18.1276393
          ],
          [
            75.0040034,
            18.1276592
          ],
          [
            75.0047244,
            18.1277025
          ],
          [
            75.0048469,
            18.1277058
          ],
          [
            75.0050079,
            18.1277224
          ],
          [
            75.005253,
            18.127789
          ],
          [
            75.0054595,
            18.1279087
          ],
          [
            75.0056205,
            18.128075
          ],
          [
            75.005897,
            18.1284675
          ],
          [
            75.0064535,
            18.1293025
          ],
          [
            75.0065445,
            18.1294488
          ],
          [
            75.0066775,
            18.1296484
          ],
          [
            75.0067335,
            18.1297915
          ],
          [
            75.00673,
            18.1298746
          ],
          [
            75.006772,
            18.130031
          ],
          [
            75.0069085,
            18.1303702
          ],
          [
            75.0072586,
            18.1311453
          ],
          [
            75.0073216,
            18.1312517
          ],
          [
            75.0074406,
            18.1314846
          ],
          [
            75.0075876,
            18.1317108
          ],
          [
            75.0077416,
            18.1318704
          ],
          [
            75.0079411,
            18.1319436
          ],
          [
            75.0082876,
            18.1319669
          ],
          [
            75.0085221,
            18.1319503
          ],
          [
            75.0087321,
            18.1319137
          ],
          [
            75.0089141,
            18.1318372
          ],
          [
            75.0091521,
            18.1316775
          ],
          [
            75.0095022,
            18.1313848
          ],
          [
            75.0097402,
            18.1311619
          ],
          [
            75.0099502,
            18.1309657
          ],
          [
            75.0100867,
            18.1307761
          ],
          [
            75.0101742,
            18.1305432
          ],
          [
            75.0103282,
            18.1301574
          ],
          [
            75.0104227,
            18.1298746
          ],
          [
            75.0105347,
            18.1295586
          ],
          [
            75.0105767,
            18.1294488
          ],
          [
            75.0107027,
            18.1291727
          ],
          [
            75.0109162,
            18.1286239
          ],
          [
            75.0109512,
            18.1284942
          ],
          [
            75.0110422,
            18.1282946
          ],
          [
            75.0112137,
            18.1279985
          ],
          [
            75.0112872,
            18.127912
          ],
          [
            75.0113677,
            18.1278122
          ],
          [
            75.0115217,
            18.1277091
          ],
          [
            75.0117038,
            18.1276293
          ],
          [
            75.0117948,
            18.1275927
          ],
          [
            75.0119068,
            18.1275827
          ],
          [
            75.0120363,
            18.1274962
          ],
          [
            75.0122288,
            18.1274297
          ],
          [
            75.0123758,
            18.1274164
          ],
          [
            75.0126418,
            18.1274696
          ],
          [
            75.0128133,
            18.1275628
          ],
          [
            75.0130478,
            18.1278056
          ],
          [
            75.0135308,
            18.128421
          ],
          [
            75.0136638,
            18.128554
          ],
          [
            75.0138599,
            18.1286705
          ],
          [
            75.0139719,
            18.1287071
          ],
          [
            75.0141504,
            18.1286971
          ],
          [
            75.0143114,
            18.1286705
          ],
          [
            75.0145949,
            18.128564
          ],
          [
            75.0153369,
            18.1282547
          ],
          [
            75.0154979,
            18.1281915
          ],
          [
            75.0156204,
            18.1281283
          ],
          [
            75.0157219,
            18.1280684
          ],
          [
            75.0162435,
            18.1277557
          ],
          [
            75.016884,
            18.1274031
          ],
          [
            75.0175315,
            18.1269906
          ],
          [
            75.017955,
            18.1267478
          ],
          [
            75.0182176,
            18.1265981
          ],
          [
            75.0183436,
            18.1265382
          ],
          [
            75.0185536,
            18.126475
          ],
          [
            75.0186831,
            18.1264551
          ],
          [
            75.0190471,
            18.1265016
          ],
          [
            75.0197226,
            18.1266912
          ],
          [
            75.0200971,
            18.1268077
          ],
          [
            75.0205382,
            18.1269141
          ],
          [
            75.0206712,
            18.126944
          ],
          [
            75.0212347,
            18.1271004
          ],
          [
            75.0214552,
            18.1271436
          ],
          [
            75.0217107,
            18.1272268
          ],
          [
            75.0225683,
            18.1274596
          ],
          [
            75.0239508,
            18.1278322
          ],
          [
            75.0240698,
            18.1278588
          ],
          [
            75.0242063,
            18.1278987
          ],
          [
            75.0245038,
            18.1279719
          ],
          [
            75.0248224,
            18.1280085
          ],
          [
            75.0250394,
            18.1279752
          ],
          [
            75.0250801,
            18.1279698
          ]
        ]
      }
    },
    {
      "type": "Feature",
      "properties": {
        "osm_id": 1312631630,
        "osm_type": "way",
        "source": "OpenStreetMap",
        "name": null,
        "name:en": null,
        "waterway": "river"
      },
      "geometry": {
        "type": "LineString",
        "coordinates": [
          [
            75.3105068,
            18.1286821
          ],
          [
            75.3117728,
            18.1283355
          ],
          [
            75.312674,
            18.1277849
          ],
          [
            75.313425,
            18.1273974
          ],
          [
            75.3153991,
            18.1260107
          ],
          [
            75.3187895,
            18.1247056
          ],
          [
            75.320313,
            18.1242977
          ],
          [
            75.3211498,
            18.1244404
          ],
          [
            75.3220296,
            18.1250726
          ],
          [
            75.3235745,
            18.1252969
          ],
          [
            75.3249693,
            18.1251746
          ],
          [
            75.3256559,
            18.1246036
          ],
          [
            75.3265142,
            18.1234412
          ],
          [
            75.327909,
            18.1227886
          ],
          [
            75.3293252,
            18.1224215
          ],
          [
            75.3301406,
            18.1220952
          ],
          [
            75.3322434,
            18.1215038
          ],
          [
            75.3330588,
            18.1214223
          ],
          [
            75.3340888,
            18.1220341
          ],
          [
            75.3349256,
            18.1220748
          ],
          [
            75.3355264,
            18.1215446
          ],
          [
            75.3361487,
            18.1211775
          ],
          [
            75.3373074,
            18.1210144
          ],
          [
            75.3381657,
            18.1211979
          ],
          [
            75.3391957,
            18.1212591
          ],
          [
            75.3398394,
            18.1209532
          ],
          [
            75.3405261,
            18.1204842
          ],
          [
            75.3417063,
            18.1202598
          ],
          [
            75.3430366,
            18.1204638
          ],
          [
            75.3438949,
            18.120321
          ],
          [
            75.3447532,
            18.1193829
          ],
          [
            75.3460836,
            18.1186691
          ],
          [
            75.3474355,
            18.1180981
          ],
          [
            75.348401,
            18.1170172
          ],
          [
            75.348916,
            18.1165482
          ],
          [
            75.3500318,
            18.1162423
          ],
          [
            75.3513407,
            18.116385
          ],
          [
            75.3535938,
            18.1174863
          ],
          [
            75.3543234,
            18.1175679
          ],
          [
            75.3550315,
            18.1173639
          ],
          [
            75.3568983,
            18.1160995
          ],
          [
            75.3572631,
            18.1159567
          ],
          [
            75.3592586,
            18.116283
          ],
          [
            75.3599667,
            18.1162015
          ],
          [
            75.3613132,
            18.1152557
          ],
          [
            75.3617799,
            18.1148593
          ],
          [
            75.3622386,
            18.1146305
          ],
          [
            75.3626356,
            18.1145164
          ],
          [
            75.3636414,
            18.1143775
          ],
          [
            75.3640839,
            18.1142284
          ],
          [
            75.364505,
            18.1140231
          ],
          [
            75.3647209,
            18.1138721
          ],
          [
            75.364851,
            18.1136904
          ],
          [
            75.3651313,
            18.1129295
          ],
          [
            75.3653741,
            18.1126121
          ],
          [
            75.3665542,
            18.1116332
          ],
          [
            75.3668278,
            18.1114369
          ],
          [
            75.3671551,
            18.1113069
          ],
          [
            75.368936,
            18.1110009
          ],
          [
            75.3711462,
            18.1103891
          ],
          [
            75.3723264,
            18.1103687
          ],
          [
            75.3729915,
            18.1102871
          ],
          [
            75.3737855,
            18.1096141
          ],
          [
            75.3747082,
            18.1088187
          ],
          [
            75.3775406,
            18.1060654
          ],
          [
            75.3782272,
            18.1057187
          ],
          [
            75.3795147,
            18.1055963
          ],
          [
            75.3803086,
            18.1053515
          ],
          [
            75.3811025,
            18.1050252
          ],
          [
            75.3815746,
            18.1041278
          ],
          [
            75.3825617,
            18.1031285
          ],
          [
            75.3848576,
            18.1021495
          ],
          [
            75.3874969,
            18.1004974
          ],
          [
            75.3901791,
            18.0991309
          ],
          [
            75.3915524,
            18.0989473
          ],
          [
            75.391767,
            18.0988657
          ],
          [
            75.3923034,
            18.0983966
          ],
          [
            75.3934407,
            18.09754
          ],
          [
            75.3944278,
            18.0965814
          ],
          [
            75.3955006,
            18.0956839
          ],
          [
            75.3968739,
            18.0947865
          ],
          [
            75.3973889,
            18.093991
          ],
          [
            75.397582,
            18.0938279
          ],
          [
            75.3986764,
            18.0930936
          ],
          [
            75.4005217,
            18.0920126
          ],
          [
            75.4012728,
            18.0912987
          ],
          [
            75.403955,
            18.0908907
          ],
          [
            75.4048347,
            18.0906664
          ],
          [
            75.4080963,
            18.0887898
          ],
          [
            75.4088473,
            18.0882391
          ],
          [
            75.4144478,
            18.0864237
          ],
          [
            75.416615,
            18.0849755
          ],
          [
            75.4168725,
            18.0847308
          ],
          [
            75.4170012,
            18.0840372
          ],
          [
            75.4173016,
            18.0836905
          ],
          [
            75.4176879,
            18.0834049
          ],
          [
            75.4181385,
            18.0832621
          ],
          [
            75.4195332,
            18.0830377
          ],
          [
            75.4206061,
            18.082487
          ],
          [
            75.4222154,
            18.0819974
          ],
          [
            75.4243612,
            18.0816711
          ],
          [
            75.4270649,
            18.0816915
          ],
          [
            75.4275155,
            18.0814875
          ],
          [
            75.4289317,
            18.080284
          ],
          [
            75.4301977,
            18.0794069
          ],
          [
            75.4315495,
            18.0788357
          ],
          [
            75.4320645,
            18.0788357
          ],
          [
            75.4327512,
            18.0786114
          ],
          [
            75.4337168,
            18.077877
          ],
          [
            75.4343819,
            18.077571
          ],
          [
            75.4350042,
            18.0773467
          ],
          [
            75.436399,
            18.0774486
          ],
          [
            75.4369139,
            18.0774282
          ],
          [
            75.4378366,
            18.0771427
          ],
          [
            75.4400682,
            18.075266
          ],
          [
            75.4419994,
            18.0740217
          ],
          [
            75.4438233,
            18.0733077
          ],
          [
            75.4445743,
            18.0732873
          ],
          [
            75.4450864,
            18.0733094
          ]
        ]
      }
    },
    {
      "type": "Feature",
      "properties": {
        "osm_id": 1501623982,
        "osm_type": "way",
        "source": "OpenStreetMap",
        "name": null,
        "name:en": null,
        "waterway": "canal"
      },
      "geometry": {
        "type": "LineString",
        "coordinates": [
          [
            75.250433,
            18.2524185
          ],
          [
            75.2503321,
            18.2511951
          ],
          [
            75.2502806,
            18.2505302
          ],
          [
            75.2502387,
            18.2499341
          ],
          [
            75.2501883,
            18.2493279
          ],
          [
            75.250183,
            18.2492046
          ],
          [
            75.2501969,
            18.2490711
          ],
          [
            75.2502473,
            18.2487175
          ],
          [
            75.2503096,
            18.2483191
          ],
          [
            75.2507224,
            18.2451165
          ],
          [
            75.2507457,
            18.2449388
          ],
          [
            75.2507774,
            18.2448323
          ],
          [
            75.2508503,
            18.2447028
          ],
          [
            75.2511006,
            18.244277
          ],
          [
            75.2512257,
            18.2440535
          ],
          [
            75.2512594,
            18.2439683
          ],
          [
            75.2512855,
            18.243853
          ],
          [
            75.2513883,
            18.2433545
          ],
          [
            75.2515769,
            18.2424781
          ],
          [
            75.2517693,
            18.2416141
          ],
          [
            75.2519319,
            18.2408867
          ],
          [
            75.2520439,
            18.2404503
          ],
          [
            75.2523382,
            18.2396443
          ],
          [
            75.2526325,
            18.2389091
          ],
          [
            75.2528895,
            18.2383145
          ],
          [
            75.2531415,
            18.2377152
          ],
          [
            75.2532765,
            18.2374032
          ],
          [
            75.2535806,
            18.2367098
          ],
          [
            75.2538749,
            18.2360039
          ],
          [
            75.2541465,
            18.2353753
          ],
          [
            75.2542831,
            18.2350509
          ],
          [
            75.2543758,
            18.2348409
          ],
          [
            75.2544344,
            18.2347266
          ],
          [
            75.2544799,
            18.234654
          ],
          [
            75.2545482,
            18.2345953
          ],
          [
            75.2550653,
            18.2341505
          ],
          [
            75.2556085,
            18.2336655
          ],
          [
            75.2561207,
            18.2332547
          ],
          [
            75.2565647,
            18.2328608
          ],
          [
            75.2566053,
            18.2328268
          ],
          [
            75.2566525,
            18.2327758
          ],
          [
            75.2567322,
            18.2326616
          ],
          [
            75.2570249,
            18.2321982
          ],
          [
            75.2574526,
            18.2314862
          ],
          [
            75.257664,
            18.2311386
          ],
          [
            75.2577209,
            18.2310599
          ],
          [
            75.2577859,
            18.2309996
          ],
          [
            75.2579924,
            18.2308204
          ],
          [
            75.2587958,
            18.2301563
          ],
          [
            75.2590511,
            18.2299292
          ],
          [
            75.2591226,
            18.2298273
          ],
          [
            75.2591844,
            18.229679
          ],
          [
            75.2593389,
            18.2291894
          ],
          [
            75.259656,
            18.2282796
          ],
          [
            75.2599325,
            18.2274394
          ],
          [
            75.2602138,
            18.2266408
          ],
          [
            75.2603455,
            18.2262825
          ],
          [
            75.2603846,
            18.2261218
          ],
          [
            75.2603976,
            18.2259875
          ],
          [
            75.2603943,
            18.2250823
          ],
          [
            75.2603976,
            18.2244428
          ],
          [
            75.2603911,
            18.2239934
          ],
          [
            75.2603775,
            18.2234033
          ],
          [
            75.2603803,
            18.2233361
          ],
          [
            75.260403,
            18.2232568
          ],
          [
            75.2604667,
            18.2231223
          ],
          [
            75.2604851,
            18.2230699
          ],
          [
            75.2604893,
            18.2230268
          ],
          [
            75.2604681,
            18.2229838
          ],
          [
            75.2604228,
            18.2228682
          ],
          [
            75.2603379,
            18.2223289
          ],
          [
            75.2601991,
            18.2215759
          ],
          [
            75.2601033,
            18.2211421
          ],
          [
            75.260107,
            18.2210552
          ],
          [
            75.2601313,
            18.2208831
          ],
          [
            75.2601799,
            18.2204537
          ],
          [
            75.2602677,
            18.2197298
          ],
          [
            75.2603144,
            18.2192915
          ],
          [
            75.2603275,
            18.2192312
          ],
          [
            75.2603742,
            18.2191229
          ],
          [
            75.2606731,
            18.2185143
          ],
          [
            75.2611232,
            18.2176484
          ],
          [
            75.2612143,
            18.2174551
          ],
          [
            75.2612511,
            18.2173986
          ],
          [
            75.2613049,
            18.2173381
          ],
          [
            75.2614791,
            18.2172009
          ],
          [
            75.261908,
            18.2168822
          ],
          [
            75.2625904,
            18.2163632
          ],
          [
            75.262739,
            18.2162583
          ],
          [
            75.2628424,
            18.2161494
          ],
          [
            75.26342,
            18.2154931
          ],
          [
            75.2635488,
            18.2153452
          ],
          [
            75.2635672,
            18.2153062
          ],
          [
            75.2635714,
            18.2152618
          ],
          [
            75.2635601,
            18.2152094
          ],
          [
            75.2634228,
            18.2149284
          ],
          [
            75.2632303,
            18.2144819
          ],
          [
            75.2630476,
            18.2140449
          ],
          [
            75.2630015,
            18.2138841
          ],
          [
            75.26298,
            18.2137893
          ],
          [
            75.262965,
            18.2136701
          ],
          [
            75.2629586,
            18.2133898
          ],
          [
            75.2629275,
            18.2129444
          ],
          [
            75.2629232,
            18.2125154
          ],
          [
            75.2629275,
            18.2120843
          ],
          [
            75.2629328,
            18.2120445
          ],
          [
            75.2629672,
            18.211962
          ],
          [
            75.263009,
            18.2118947
          ],
          [
            75.2630605,
            18.2118336
          ],
          [
            75.2631732,
            18.2117531
          ],
          [
            75.2635712,
            18.2114596
          ],
          [
            75.2638662,
            18.2112211
          ],
          [
            75.2639081,
            18.2111895
          ],
          [
            75.2639349,
            18.2111518
          ],
          [
            75.2639778,
            18.2110753
          ],
          [
            75.2641248,
            18.2106942
          ],
          [
            75.2642128,
            18.2104954
          ],
          [
            75.2642299,
            18.2104221
          ],
          [
            75.2642739,
            18.210207
          ],
          [
            75.2643748,
            18.2097769
          ],
          [
            75.2644885,
            18.209248
          ],
          [
            75.2645636,
            18.2088444
          ],
          [
            75.2646087,
            18.2086773
          ],
          [
            75.2646945,
            18.2084531
          ],
          [
            75.2648136,
            18.2081279
          ],
          [
            75.2648876,
            18.2079608
          ],
          [
            75.2649198,
            18.2079139
          ],
          [
            75.2649949,
            18.2078191
          ],
          [
            75.2651108,
            18.2076877
          ],
          [
            75.2656183,
            18.207226
          ],
          [
            75.2657363,
            18.2070578
          ],
          [
            75.2659702,
            18.2067246
          ],
          [
            75.2661461,
            18.2065054
          ],
          [
            75.2663135,
            18.2063148
          ],
          [
            75.2666783,
            18.2058919
          ],
          [
            75.2667319,
            18.2058246
          ],
          [
            75.2667523,
            18.2057828
          ],
          [
            75.266762,
            18.205737
          ],
          [
            75.266762,
            18.2056881
          ],
          [
            75.2667416,
            18.2056167
          ],
          [
            75.2665635,
            18.2052834
          ],
          [
            75.266336,
            18.2047871
          ],
          [
            75.2660699,
            18.2042795
          ],
          [
            75.2659036,
            18.2038984
          ],
          [
            75.2658865,
            18.2038352
          ],
          [
            75.2658232,
            18.2035141
          ],
          [
            75.2657996,
            18.2033908
          ],
          [
            75.2657631,
            18.2032879
          ],
          [
            75.2655893,
            18.2029546
          ],
          [
            75.2655035,
            18.2027946
          ],
          [
            75.2654895,
            18.2027548
          ],
          [
            75.2654852,
            18.2027171
          ],
          [
            75.2654981,
            18.2026152
          ],
          [
            75.2655861,
            18.2022524
          ],
          [
            75.2657266,
            18.2016072
          ],
          [
            75.2658318,
            18.201118
          ],
          [
            75.2659337,
            18.2006757
          ],
          [
            75.2660174,
            18.2002935
          ],
          [
            75.2660742,
            18.2001212
          ],
          [
            75.2660775,
            18.2000815
          ],
          [
            75.2660678,
            18.2000499
          ],
          [
            75.2660442,
            18.2000224
          ],
          [
            75.2658908,
            18.1999286
          ],
          [
            75.2655539,
            18.1997523
          ],
          [
            75.2653339,
            18.1996279
          ],
          [
            75.2650003,
            18.1994679
          ],
          [
            75.2643319,
            18.1991652
          ],
          [
            75.2640062,
            18.199021
          ],
          [
            75.2637269,
            18.198864
          ],
          [
            75.2633346,
            18.1986759
          ],
          [
            75.2630339,
            18.1985597
          ],
          [
            75.2627565,
            18.198447
          ],
          [
            75.2620261,
            18.1981586
          ],
          [
            75.2615927,
            18.1979971
          ],
          [
            75.2610454,
            18.1978117
          ],
          [
            75.2607362,
            18.1976928
          ],
          [
            75.2605448,
            18.1976369
          ],
          [
            75.2599993,
            18.1974736
          ],
          [
            75.2598461,
            18.1974195
          ],
          [
            75.2596827,
            18.1973529
          ],
          [
            75.2595033,
            18.1972908
          ],
          [
            75.2591858,
            18.197164
          ],
          [
            75.258899,
            18.1970415
          ],
          [
            75.2586151,
            18.1968987
          ],
          [
            75.2584685,
            18.1968259
          ],
          [
            75.2582004,
            18.196715
          ],
          [
            75.2579193,
            18.1966138
          ],
          [
            75.2576662,
            18.1965153
          ],
          [
            75.2575158,
            18.1964399
          ],
          [
            75.2574271,
            18.1964018
          ],
          [
            75.2573355,
            18.1963831
          ],
          [
            75.2571534,
            18.1963574
          ],
          [
            75.2569433,
            18.1963414
          ],
          [
            75.2567957,
            18.196329
          ],
          [
            75.2565248,
            18.1963068
          ],
          [
            75.2563576,
            18.1962935
          ],
          [
            75.2561531,
            18.1963077
          ],
          [
            75.2559009,
            18.1963272
          ],
          [
            75.2556347,
            18.1963636
          ],
          [
            75.2555105,
            18.1963805
          ],
          [
            75.2554311,
            18.1963778
          ],
          [
            75.2553648,
            18.1963654
          ],
          [
            75.2553172,
            18.1963539
          ],
          [
            75.2552621,
            18.196321
          ],
          [
            75.2552182,
            18.1962758
          ],
          [
            75.2551621,
            18.1962048
          ],
          [
            75.2551374,
            18.1960904
          ],
          [
            75.2551382,
            18.1960147
          ],
          [
            75.2552097,
            18.195739
          ],
          [
            75.2552854,
            18.1953875
          ],
          [
            75.255326,
            18.195026
          ],
          [
            75.2553276,
            18.1949202
          ],
          [
            75.2553171,
            18.1948453
          ],
          [
            75.2553089,
            18.1947889
          ],
          [
            75.2553057,
            18.1947363
          ],
          [
            75.2553228,
            18.1946437
          ],
          [
            75.2553642,
            18.1943409
          ],
          [
            75.2553992,
            18.1940666
          ],
          [
            75.2554407,
            18.1937214
          ],
          [
            75.2554764,
            18.1933575
          ]
        ]
      }
    },
    {
      "type": "Feature",
      "properties": {
        "osm_id": 1501629649,
        "osm_type": "way",
        "source": "OpenStreetMap",
        "name": null,
        "name:en": null,
        "waterway": "stream"
      },
      "geometry": {
        "type": "LineString",
        "coordinates": [
          [
            75.2819736,
            18.2399117
          ],
          [
            75.2821156,
            18.2398997
          ],
          [
            75.2821883,
            18.2399137
          ],
          [
            75.2822795,
            18.2399734
          ],
          [
            75.2823867,
            18.2400331
          ],
          [
            75.282489,
            18.2400823
          ],
          [
            75.2828033,
            18.2401654
          ],
          [
            75.2830189,
            18.2402017
          ],
          [
            75.2831311,
            18.2402227
          ],
          [
            75.2832408,
            18.2402426
          ],
          [
            75.2833874,
            18.2402789
          ],
          [
            75.283523,
            18.240321
          ],
          [
            75.2836622,
            18.2403772
          ],
          [
            75.2838434,
            18.2404627
          ],
          [
            75.2839506,
            18.2405142
          ],
          [
            75.2840369,
            18.2405973
          ],
          [
            75.2841293,
            18.2406862
          ],
          [
            75.2842267,
            18.2408103
          ],
          [
            75.2843068,
            18.2409543
          ],
          [
            75.2843783,
            18.2411814
          ],
          [
            75.2844867,
            18.2414904
          ],
          [
            75.2845619,
            18.2417338
          ],
          [
            75.284658,
            18.2420382
          ],
          [
            75.2847061,
            18.2421845
          ],
          [
            75.2847554,
            18.242298
          ],
          [
            75.2848084,
            18.2423589
          ],
          [
            75.2848688,
            18.2424045
          ],
          [
            75.2849218,
            18.2424244
          ],
          [
            75.2850093,
            18.2424279
          ],
          [
            75.285066,
            18.2424267
          ],
          [
            75.2851313,
            18.2424396
          ],
          [
            75.2851892,
            18.242463
          ],
          [
            75.2852743,
            18.242518
          ],
          [
            75.2854209,
            18.2426948
          ],
          [
            75.2855639,
            18.2429102
          ],
          [
            75.2858104,
            18.2432192
          ],
          [
            75.2859398,
            18.2433409
          ],
          [
            75.2860729,
            18.2434135
          ],
          [
            75.2862355,
            18.243472
          ],
          [
            75.2864524,
            18.2435188
          ],
          [
            75.2865387,
            18.2435188
          ],
          [
            75.2866274,
            18.2434942
          ],
          [
            75.2867716,
            18.2434205
          ],
          [
            75.286975,
            18.2433245
          ],
          [
            75.2870662,
            18.2432625
          ],
          [
            75.2871907,
            18.2432192
          ],
          [
            75.2873509,
            18.2431817
          ],
          [
            75.2877231,
            18.2431056
          ],
          [
            75.2878352,
            18.2430448
          ],
          [
            75.2879067,
            18.2429839
          ],
          [
            75.2880164,
            18.2428551
          ],
          [
            75.2881828,
            18.2427322
          ],
          [
            75.2883233,
            18.2426749
          ],
          [
            75.2884009,
            18.2426761
          ],
          [
            75.2884736,
            18.2427135
          ],
          [
            75.288624,
            18.2427884
          ],
          [
            75.2889493,
            18.2429195
          ],
          [
            75.2892661,
            18.2430272
          ],
          [
            75.2895569,
            18.2431115
          ],
          [
            75.2897652,
            18.2431759
          ],
          [
            75.2899513,
            18.2432309
          ],
          [
            75.2901115,
            18.2432777
          ],
          [
            75.2904048,
            18.2432929
          ],
          [
            75.2906464,
            18.2432976
          ],
          [
            75.2907622,
            18.2433257
          ],
          [
            75.2908571,
            18.243376
          ],
          [
            75.2910494,
            18.243534
          ],
          [
            75.2913008,
            18.2437997
          ],
          [
            75.2915842,
            18.2441017
          ],
          [
            75.2920265,
            18.2444778
          ],
          [
            75.2923127,
            18.2447017
          ],
          [
            75.2926787,
            18.2449378
          ],
          [
            75.2928894,
            18.2450865
          ],
          [
            75.2930792,
            18.2452539
          ],
          [
            75.2931473,
            18.2453767
          ],
          [
            75.2932012,
            18.2455091
          ],
          [
            75.2932706,
            18.2455897
          ],
          [
            75.2933839,
            18.2456395
          ],
          [
            75.2935495,
            18.2456798
          ],
          [
            75.2938765,
            18.2457282
          ],
          [
            75.2943281,
            18.2457511
          ],
          [
            75.2945433,
            18.2457444
          ],
          [
            75.2947552,
            18.2457229
          ],
          [
            75.2949007,
            18.2456854
          ],
          [
            75.295157,
            18.2455871
          ],
          [
            75.2953899,
            18.2454642
          ],
          [
            75.295539,
            18.2453869
          ],
          [
            75.2956709,
            18.2453331
          ],
          [
            75.2957966,
            18.2453062
          ],
          [
            75.2959421,
            18.2453073
          ],
          [
            75.2960406,
            18.2452956
          ],
          [
            75.2961627,
            18.2452558
          ],
          [
            75.2962551,
            18.2451997
          ],
          [
            75.2963512,
            18.2451095
          ],
          [
            75.296435,
            18.2450299
          ],
          [
            75.2965127,
            18.2449925
          ],
          [
            75.2965928,
            18.2449784
          ],
          [
            75.2967283,
            18.2450124
          ],
          [
            75.2970032,
            18.2451084
          ],
          [
            75.2972225,
            18.2451868
          ],
          [
            75.2974739,
            18.2452371
          ],
          [
            75.2977402,
            18.2453003
          ],
          [
            75.297962,
            18.2453354
          ],
          [
            75.2982159,
            18.2453647
          ],
          [
            75.2984747,
            18.2453869
          ],
          [
            75.2986558,
            18.2453893
          ],
          [
            75.298821,
            18.2453588
          ],
          [
            75.2988838,
            18.2453085
          ],
          [
            75.2989319,
            18.245243
          ],
          [
            75.2989602,
            18.2451692
          ],
          [
            75.2989689,
            18.2451013
          ],
          [
            75.2989676,
            18.2450346
          ],
          [
            75.298959,
            18.2449855
          ],
          [
            75.2989122,
            18.2449293
          ],
          [
            75.2988234,
            18.244879
          ],
          [
            75.2987581,
            18.2448298
          ],
          [
            75.2987261,
            18.2447783
          ],
          [
            75.2987088,
            18.2446999
          ],
          [
            75.2987039,
            18.244632
          ],
          [
            75.2987101,
            18.2445723
          ],
          [
            75.2987335,
            18.2444939
          ],
          [
            75.2987618,
            18.2444447
          ],
          [
            75.2988099,
            18.2443698
          ],
          [
            75.2989849,
            18.2442972
          ],
          [
            75.2991916,
            18.2442786
          ],
          [
            75.2996333,
            18.2442772
          ],
          [
            75.3000085,
            18.2442665
          ],
          [
            75.3006087,
            18.2442409
          ],
          [
            75.3009428,
            18.244249
          ],
          [
            75.3011863,
            18.244288
          ],
          [
            75.3014737,
            18.244374
          ],
          [
            75.3017144,
            18.2444829
          ],
          [
            75.3020286,
            18.2446604
          ],
          [
            75.3021631,
            18.2447142
          ],
          [
            75.3023075,
            18.2447612
          ],
          [
            75.3024293,
            18.2447626
          ],
          [
            75.3026473,
            18.244737
          ],
          [
            75.3028441,
            18.2447276
          ],
          [
            75.302946,
            18.2447478
          ],
          [
            75.3030932,
            18.244811
          ],
          [
            75.3031909,
            18.2448661
          ],
          [
            75.3033877,
            18.2450167
          ],
          [
            75.3035179,
            18.2451269
          ],
          [
            75.3037317,
            18.2452963
          ],
          [
            75.3039256,
            18.2453945
          ],
          [
            75.3041465,
            18.245451
          ],
          [
            75.3044594,
            18.2455316
          ],
          [
            75.3046915,
            18.2455827
          ],
          [
            75.3050129,
            18.2456782
          ],
          [
            75.3052479,
            18.2457696
          ],
          [
            75.3054716,
            18.2458839
          ],
          [
            75.3056797,
            18.2460385
          ],
          [
            75.3058255,
            18.2461394
          ],
          [
            75.306001,
            18.2462604
          ],
          [
            75.3062643,
            18.2463787
          ],
          [
            75.3064583,
            18.2464015
          ],
          [
            75.3067858,
            18.2464698
          ],
          [
            75.3069663,
            18.2464791
          ],
          [
            75.3071193,
            18.2464578
          ],
          [
            75.3073214,
            18.2464133
          ],
          [
            75.3075531,
            18.2462986
          ],
          [
            75.3076961,
            18.2462471
          ],
          [
            75.3079266,
            18.2461546
          ],
          [
            75.3080954,
            18.2461406
          ],
          [
            75.3083961,
            18.2461254
          ],
          [
            75.3086013,
            18.2461328
          ],
          [
            75.3089285,
            18.246143
          ],
          [
            75.3091763,
            18.2461522
          ],
          [
            75.3093426,
            18.2461532
          ],
          [
            75.3094918,
            18.246145
          ],
          [
            75.309554,
            18.2461277
          ],
          [
            75.3096237,
            18.2460798
          ],
          [
            75.3098576,
            18.2459219
          ],
          [
            75.3101248,
            18.2456906
          ],
          [
            75.3102428,
            18.245606
          ],
          [
            75.3103393,
            18.2455592
          ],
          [
            75.310438,
            18.2455296
          ],
          [
            75.3105646,
            18.2455265
          ],
          [
            75.3106891,
            18.2455418
          ],
          [
            75.3108318,
            18.2455734
          ],
          [
            75.3110496,
            18.2455795
          ],
          [
            75.3113071,
            18.2455805
          ],
          [
            75.3114777,
            18.2455785
          ],
          [
            75.3118296,
            18.2455612
          ],
          [
            75.3120452,
            18.2455632
          ],
          [
            75.3123671,
            18.2455755
          ],
          [
            75.3125967,
            18.245606
          ],
          [
            75.312822,
            18.2456132
          ],
          [
            75.3129346,
            18.2456183
          ],
          [
            75.3130409,
            18.2456396
          ],
          [
            75.3132072,
            18.2456824
          ],
          [
            75.3133423,
            18.2457334
          ],
          [
            75.3134582,
            18.2457385
          ],
          [
            75.3136374,
            18.2457181
          ],
          [
            75.3139056,
            18.2456672
          ],
          [
            75.3141438,
            18.2456346
          ],
          [
            75.3142554,
            18.2455887
          ],
          [
            75.3144839,
            18.2454868
          ],
          [
            75.3147746,
            18.2453737
          ],
          [
            75.3149367,
            18.2453391
          ],
          [
            75.3150557,
            18.2453299
          ],
          [
            75.3152671,
            18.2453024
          ],
          [
            75.3154602,
            18.2452555
          ],
          [
            75.3157231,
            18.2451791
          ],
          [
            75.3159162,
            18.245123
          ],
          [
            75.3160417,
            18.2450762
          ],
          [
            75.3162069,
            18.2449671
          ],
          [
            75.3165749,
            18.2447634
          ],
          [
            75.3167809,
            18.2446299
          ],
          [
            75.3169408,
            18.2445382
          ],
          [
            75.3170341,
            18.2444648
          ]
        ]
      }
    },
    {
      "type": "Feature",
      "properties": {
        "osm_id": 1501630616,
        "osm_type": "way",
        "source": "OpenStreetMap",
        "name": null,
        "name:en": null,
        "waterway": "stream"
      },
      "geometry": {
        "type": "LineString",
        "coordinates": [
          [
            75.2879218,
            18.2215087
          ],
          [
            75.2884795,
            18.2218051
          ],
          [
            75.288706,
            18.2219006
          ],
          [
            75.2889269,
            18.2219638
          ],
          [
            75.2892214,
            18.2220431
          ],
          [
            75.2895724,
            18.2221722
          ],
          [
            75.289823,
            18.222273
          ],
          [
            75.2899717,
            18.2223483
          ],
          [
            75.290109,
            18.2224317
          ],
          [
            75.2902817,
            18.2225541
          ],
          [
            75.2905634,
            18.2227208
          ],
          [
            75.2907871,
            18.2228728
          ],
          [
            75.2909003,
            18.2229924
          ],
          [
            75.2910561,
            18.2231229
          ],
          [
            75.2911891,
            18.2232385
          ],
          [
            75.2914369,
            18.2234066
          ],
          [
            75.2917285,
            18.2235572
          ],
          [
            75.2921546,
            18.2238476
          ],
          [
            75.2923911,
            18.2240211
          ],
          [
            75.292459,
            18.2241583
          ],
          [
            75.2927011,
            18.2244675
          ],
          [
            75.2931131,
            18.224883
          ],
          [
            75.2935675,
            18.225269
          ],
          [
            75.2937869,
            18.2254949
          ],
          [
            75.2939639,
            18.2256495
          ],
          [
            75.2942668,
            18.2258472
          ],
          [
            75.2945033,
            18.2260233
          ],
          [
            75.2947114,
            18.226182
          ],
          [
            75.2949265,
            18.2264334
          ],
          [
            75.2950893,
            18.226615
          ],
          [
            75.2955115,
            18.2270421
          ],
          [
            75.2955534,
            18.2271158
          ],
          [
            75.2955961,
            18.2271894
          ],
          [
            75.2957186,
            18.2273253
          ],
          [
            75.2959305,
            18.2276227
          ],
          [
            75.2962128,
            18.228064
          ],
          [
            75.2963631,
            18.2282091
          ],
          [
            75.2964839,
            18.2282887
          ],
          [
            75.2965985,
            18.2283309
          ],
          [
            75.2967218,
            18.2283753
          ],
          [
            75.2969806,
            18.2284327
          ],
          [
            75.2971543,
            18.2284468
          ],
          [
            75.2972529,
            18.228462
          ],
          [
            75.2973589,
            18.2284901
          ],
          [
            75.2974932,
            18.2285451
          ],
          [
            75.2975832,
            18.2286106
          ],
          [
            75.2976584,
            18.2286844
          ],
          [
            75.2977212,
            18.22873
          ],
          [
            75.29781,
            18.2287476
          ],
          [
            75.2979517,
            18.2287815
          ],
          [
            75.2982117,
            18.2288225
          ],
          [
            75.2985248,
            18.2289009
          ],
          [
            75.2987589,
            18.2289887
          ],
          [
            75.2991656,
            18.2291585
          ],
          [
            75.2994528,
            18.2292673
          ],
          [
            75.2996068,
            18.2293212
          ],
          [
            75.2999039,
            18.2294101
          ],
          [
            75.3000234,
            18.2294687
          ],
          [
            75.3001799,
            18.2295764
          ],
          [
            75.3003525,
            18.2296899
          ],
          [
            75.300456,
            18.2297332
          ],
          [
            75.3005891,
            18.2297695
          ],
          [
            75.3007148,
            18.2297941
          ],
          [
            75.3007937,
            18.2298093
          ],
          [
            75.3008799,
            18.2298514
          ],
          [
            75.3009798,
            18.2299018
          ],
          [
            75.3011893,
            18.2300809
          ],
          [
            75.3013778,
            18.2302248
          ],
          [
            75.3015146,
            18.2303489
          ],
          [
            75.3016428,
            18.2304964
          ],
          [
            75.3017784,
            18.2306825
          ],
          [
            75.3019521,
            18.2308441
          ],
          [
            75.3021432,
            18.2309869
          ],
          [
            75.3024254,
            18.2311987
          ],
          [
            75.3029894,
            18.2315454
          ],
          [
            75.3033957,
            18.2317673
          ],
          [
            75.3039478,
            18.2319972
          ],
          [
            75.3043258,
            18.2321788
          ],
          [
            75.3045707,
            18.2323146
          ],
          [
            75.3047293,
            18.2324356
          ],
          [
            75.3049402,
            18.2325754
          ],
          [
            75.305086,
            18.2326373
          ],
          [
            75.3052417,
            18.2326911
          ],
          [
            75.3053861,
            18.2327018
          ],
          [
            75.3055376,
            18.2326964
          ],
          [
            75.3056806,
            18.2327032
          ],
          [
            75.3058604,
            18.2327435
          ],
          [
            75.3060104,
            18.2328201
          ],
          [
            75.306227,
            18.2329788
          ],
          [
            75.3063686,
            18.233085
          ],
          [
            75.3065951,
            18.2332033
          ],
          [
            75.3070368,
            18.2334454
          ],
          [
            75.3076172,
            18.2337022
          ],
          [
            75.3080901,
            18.2339093
          ],
          [
            75.3084426,
            18.2340706
          ],
          [
            75.3091391,
            18.234318
          ],
          [
            75.3094987,
            18.2344915
          ],
          [
            75.3097096,
            18.2345977
          ],
          [
            75.3099013,
            18.2347277
          ],
          [
            75.3100155,
            18.2348495
          ],
          [
            75.3101017,
            18.2349653
          ],
          [
            75.3101309,
            18.2350533
          ],
          [
            75.3101374,
            18.2351862
          ],
          [
            75.3101439,
            18.2354472
          ],
          [
            75.3101602,
            18.2355707
          ],
          [
            75.3102253,
            18.2357113
          ],
          [
            75.3103635,
            18.235892
          ],
          [
            75.3108009,
            18.2362843
          ],
          [
            75.3109733,
            18.2364542
          ],
          [
            75.3111294,
            18.2366596
          ],
          [
            75.3113847,
            18.2369423
          ],
          [
            75.3115604,
            18.2371137
          ],
          [
            75.3116856,
            18.2372589
          ],
          [
            75.3119262,
            18.2374411
          ],
          [
            75.3121702,
            18.2376172
          ],
          [
            75.3123393,
            18.2377315
          ],
          [
            75.3125393,
            18.2379199
          ],
          [
            75.312671,
            18.2380667
          ],
          [
            75.3127572,
            18.2382458
          ],
          [
            75.3129198,
            18.2386597
          ],
          [
            75.3130337,
            18.2388775
          ],
          [
            75.3133883,
            18.2398072
          ],
          [
            75.3136348,
            18.2404392
          ],
          [
            75.3137482,
            18.2407342
          ],
          [
            75.3137957,
            18.2410058
          ],
          [
            75.3139246,
            18.2415239
          ],
          [
            75.3139844,
            18.2417226
          ],
          [
            75.3140983,
            18.2421626
          ],
          [
            75.3141936,
            18.2423684
          ],
          [
            75.3143094,
            18.2424926
          ],
          [
            75.3144551,
            18.2426203
          ],
          [
            75.3148512,
            18.2428492
          ],
          [
            75.3151257,
            18.2430301
          ],
          [
            75.3153462,
            18.2432058
          ],
          [
            75.3156077,
            18.2435144
          ],
          [
            75.3158281,
            18.2438001
          ],
          [
            75.3160766,
            18.244123
          ],
          [
            75.316198,
            18.2442525
          ],
          [
            75.3163418,
            18.24435
          ],
          [
            75.3164913,
            18.2444192
          ],
          [
            75.3166164,
            18.2444547
          ],
          [
            75.3167229,
            18.2444636
          ],
          [
            75.3168312,
            18.2444725
          ],
          [
            75.3170341,
            18.2444648
          ]
        ]
      }
    },
    {
      "type": "Feature",
      "properties": {
        "osm_id": 1501630617,
        "osm_type": "way",
        "source": "OpenStreetMap",
        "name": null,
        "name:en": null,
        "waterway": "stream"
      },
      "geometry": {
        "type": "LineString",
        "coordinates": [
          [
            75.3170341,
            18.2444648
          ],
          [
            75.3173206,
            18.2444778
          ],
          [
            75.3174495,
            18.2444813
          ],
          [
            75.3175205,
            18.2444955
          ],
          [
            75.3176177,
            18.2445381
          ],
          [
            75.3177111,
            18.2446037
          ],
          [
            75.3177914,
            18.2446995
          ],
          [
            75.3179221,
            18.2448557
          ],
          [
            75.3180417,
            18.2449373
          ],
          [
            75.3182752,
            18.2450437
          ],
          [
            75.3184975,
            18.2451661
          ],
          [
            75.318802,
            18.2452956
          ],
          [
            75.3189776,
            18.2453347
          ],
          [
            75.3191177,
            18.2453524
          ],
          [
            75.3192746,
            18.2453524
          ],
          [
            75.3194315,
            18.2453453
          ],
          [
            75.3199246,
            18.2452921
          ],
          [
            75.3201525,
            18.2452868
          ],
          [
            75.3205952,
            18.245285
          ],
          [
            75.3208698,
            18.2453063
          ],
          [
            75.3212378,
            18.2453879
          ],
          [
            75.3214228,
            18.2454518
          ],
          [
            75.3218543,
            18.2456487
          ],
          [
            75.322424,
            18.2458829
          ],
          [
            75.3226071,
            18.245984
          ],
          [
            75.3227434,
            18.2460762
          ],
          [
            75.3228779,
            18.2462324
          ],
          [
            75.3229452,
            18.2462856
          ],
          [
            75.3230591,
            18.2463441
          ],
          [
            75.3235112,
            18.2464754
          ],
          [
            75.323831,
            18.246552
          ],
          [
            75.3239655,
            18.2465628
          ],
          [
            75.3241212,
            18.2465655
          ],
          [
            75.3243166,
            18.2465386
          ],
          [
            75.3244228,
            18.246509
          ],
          [
            75.3248588,
            18.2463477
          ],
          [
            75.3250188,
            18.2462912
          ],
          [
            75.3250952,
            18.2462872
          ],
          [
            75.3252934,
            18.2463127
          ],
          [
            75.3257054,
            18.2463974
          ],
          [
            75.3260961,
            18.2465171
          ],
          [
            75.3263679,
            18.246622
          ],
          [
            75.3265279,
            18.2467013
          ],
          [
            75.3267049,
            18.2468169
          ],
          [
            75.3268492,
            18.2469406
          ],
          [
            75.327189,
            18.2473547
          ],
          [
            75.3274863,
            18.247637
          ],
          [
            75.327894,
            18.247988
          ],
          [
            75.3279959,
            18.2480552
          ],
          [
            75.3281021,
            18.2481278
          ],
          [
            75.3281984,
            18.2481668
          ],
          [
            75.328306,
            18.2481896
          ],
          [
            75.3284759,
            18.2482232
          ],
          [
            75.3286925,
            18.2482461
          ],
          [
            75.3288383,
            18.2482461
          ],
          [
            75.3293536,
            18.2482326
          ],
          [
            75.3296877,
            18.2482394
          ],
          [
            75.3298675,
            18.2482622
          ],
          [
            75.3302469,
            18.2483254
          ],
          [
            75.3306192,
            18.2484572
          ],
          [
            75.3310142,
            18.2485042
          ],
          [
            75.331194,
            18.2485029
          ],
          [
            75.3313893,
            18.2484894
          ],
          [
            75.3315323,
            18.248433
          ],
          [
            75.3318268,
            18.2483093
          ],
          [
            75.332049,
            18.2482447
          ],
          [
            75.3322472,
            18.2482004
          ],
          [
            75.3325615,
            18.2481842
          ],
          [
            75.3328881,
            18.2481842
          ],
          [
            75.3330643,
            18.2482053
          ],
          [
            75.3333429,
            18.2482627
          ],
          [
            75.3335474,
            18.2483048
          ],
          [
            75.3337557,
            18.2483879
          ],
          [
            75.3339159,
            18.2484745
          ],
          [
            75.3341723,
            18.2486173
          ],
          [
            75.3342499,
            18.2486817
          ],
          [
            75.3343645,
            18.2488175
          ],
          [
            75.3344348,
            18.2489006
          ],
          [
            75.3346492,
            18.2491264
          ],
          [
            75.3349499,
            18.2494237
          ],
          [
            75.3352346,
            18.2496438
          ],
          [
            75.3355859,
            18.2498076
          ],
          [
            75.3357843,
            18.2498638
          ],
          [
            75.3359371,
            18.2498931
          ],
          [
            75.3360567,
            18.2499071
          ],
          [
            75.3364017,
            18.2498966
          ],
          [
            75.3365866,
            18.2498954
          ],
          [
            75.3367887,
            18.2499083
          ],
          [
            75.3370204,
            18.2499446
          ],
          [
            75.3373729,
            18.2500686
          ],
          [
            75.337543,
            18.2501225
          ],
          [
            75.3379062,
            18.2502181
          ],
          [
            75.3382038,
            18.2503277
          ],
          [
            75.3384298,
            18.2504359
          ],
          [
            75.3386461,
            18.2505918
          ],
          [
            75.3387746,
            18.2507046
          ],
          [
            75.3388819,
            18.2507988
          ],
          [
            75.3392503,
            18.251194
          ],
          [
            75.3393366,
            18.2512818
          ],
          [
            75.3394253,
            18.2513485
          ],
          [
            75.3396139,
            18.2514597
          ],
          [
            75.3397285,
            18.2515206
          ],
          [
            75.3399762,
            18.251654
          ],
          [
            75.3401734,
            18.2517675
          ],
          [
            75.3404372,
            18.2519571
          ],
          [
            75.3407847,
            18.2522181
          ],
          [
            75.3410016,
            18.2523574
          ],
          [
            75.341147,
            18.2524897
          ],
          [
            75.3412037,
            18.2525587
          ],
          [
            75.3412407,
            18.2526816
          ],
          [
            75.3412999,
            18.2529836
          ],
          [
            75.341327,
            18.2531568
          ],
          [
            75.3413911,
            18.2535512
          ],
          [
            75.341481,
            18.2538544
          ],
          [
            75.3416166,
            18.254106
          ],
          [
            75.341709,
            18.2542265
          ],
          [
            75.3419442,
            18.2546695
          ],
          [
            75.3420076,
            18.2547976
          ],
          [
            75.3421946,
            18.2551343
          ],
          [
            75.3422304,
            18.2552872
          ],
          [
            75.3422288,
            18.2554138
          ],
          [
            75.3422401,
            18.2554911
          ],
          [
            75.3422775,
            18.2555714
          ],
          [
            75.3423639,
            18.2556293
          ],
          [
            75.3425564,
            18.255753
          ],
          [
            75.3427447,
            18.2558686
          ],
          [
            75.3430661,
            18.2561604
          ],
          [
            75.3435233,
            18.2565422
          ],
          [
            75.3437428,
            18.2567519
          ],
          [
            75.3439452,
            18.25701
          ],
          [
            75.3440245,
            18.2571754
          ],
          [
            75.3441901,
            18.2575128
          ],
          [
            75.3442963,
            18.2577414
          ],
          [
            75.3443855,
            18.2579175
          ],
          [
            75.3444959,
            18.2582886
          ],
          [
            75.3445667,
            18.2585023
          ],
          [
            75.34467,
            18.2589325
          ],
          [
            75.3447635,
            18.2592216
          ],
          [
            75.3449206,
            18.259512
          ],
          [
            75.3450551,
            18.2597526
          ],
          [
            75.3453085,
            18.2601506
          ],
          [
            75.3454175,
            18.2603979
          ],
          [
            75.3455711,
            18.2608186
          ],
          [
            75.3456477,
            18.2611024
          ],
          [
            75.3458159,
            18.2615565
          ],
          [
            75.3459261,
            18.261757
          ],
          [
            75.346068,
            18.2619326
          ],
          [
            75.3462399,
            18.2620781
          ],
          [
            75.346479,
            18.2622253
          ],
          [
            75.3466789,
            18.2622892
          ],
          [
            75.3468563,
            18.2623388
          ],
          [
            75.3470973,
            18.2623725
          ],
          [
            75.3473252,
            18.2624169
          ],
          [
            75.3475195,
            18.2624807
          ],
          [
            75.3477343,
            18.2625694
          ],
          [
            75.3480705,
            18.2627255
          ],
          [
            75.3483395,
            18.2628249
          ],
          [
            75.3485319,
            18.2628728
          ],
          [
            75.3487897,
            18.2629136
          ],
          [
            75.3491129,
            18.2629207
          ],
          [
            75.3494491,
            18.2629029
          ],
          [
            75.3495537,
            18.2629082
          ],
          [
            75.3497162,
            18.262926
          ],
          [
            75.3498507,
            18.2629597
          ],
          [
            75.3499628,
            18.2630218
          ],
          [
            75.3500749,
            18.2631318
          ],
          [
            75.350187,
            18.2632311
          ],
          [
            75.3505288,
            18.2634972
          ],
          [
            75.3508352,
            18.2636888
          ],
          [
            75.3512461,
            18.2638821
          ],
          [
            75.3516272,
            18.264118
          ],
          [
            75.3521876,
            18.2644977
          ],
          [
            75.3525761,
            18.264801
          ],
          [
            75.3527947,
            18.2650068
          ],
          [
            75.35306,
            18.2652835
          ],
          [
            75.3532972,
            18.2654431
          ],
          [
            75.3534933,
            18.2655265
          ],
          [
            75.3536596,
            18.2655478
          ],
          [
            75.3540052,
            18.2655762
          ],
          [
            75.3541826,
            18.2655797
          ],
          [
            75.3544871,
            18.2655584
          ],
          [
            75.3547075,
            18.265491
          ],
          [
            75.3548943,
            18.2653899
          ],
          [
            75.3551297,
            18.2652622
          ],
          [
            75.3553352,
            18.2651646
          ],
          [
            75.3559311,
            18.2649784
          ],
          [
            75.356512,
            18.2647673
          ],
          [
            75.3569827,
            18.2646076
          ],
          [
            75.3571228,
            18.2645828
          ],
          [
            75.3572686,
            18.2645757
          ],
          [
            75.3573806,
            18.2646165
          ],
          [
            75.3574964,
            18.2647123
          ],
          [
            75.3576029,
            18.2648861
          ],
          [
            75.3577113,
            18.2651096
          ],
          [
            75.3578887,
            18.2653598
          ],
          [
            75.3580363,
            18.2655034
          ],
          [
            75.3582754,
            18.2656436
          ],
          [
            75.3583875,
            18.2657252
          ],
          [
            75.3588974,
            18.2659842
          ],
          [
            75.3591889,
            18.266197
          ],
          [
            75.3593775,
            18.2663638
          ],
          [
            75.3595625,
            18.2665855
          ],
          [
            75.3597437,
            18.2669172
          ],
          [
            75.3598072,
            18.2671727
          ],
          [
            75.3598464,
            18.2674724
          ],
          [
            75.3599305,
            18.2679425
          ],
          [
            75.3600313,
            18.2683008
          ],
          [
            75.3600799,
            18.2684782
          ],
          [
            75.3601565,
            18.2686184
          ],
          [
            75.3603115,
            18.2687461
          ],
          [
            75.360461,
            18.268856
          ],
          [
            75.3606795,
            18.2690121
          ],
          [
            75.3609597,
            18.2692179
          ],
          [
            75.361253,
            18.2694875
          ],
          [
            75.3616285,
            18.2698317
          ],
          [
            75.3618321,
            18.2700339
          ],
          [
            75.3622113,
            18.2705057
          ],
          [
            75.3626129,
            18.2709988
          ],
          [
            75.3628838,
            18.2713394
          ],
          [
            75.3630519,
            18.2715381
          ],
          [
            75.3632835,
            18.2718733
          ],
          [
            75.3634909,
            18.2720649
          ],
          [
            75.3636478,
            18.2721891
          ],
          [
            75.3640699,
            18.2725013
          ],
          [
            75.364309,
            18.2726112
          ],
          [
            75.3644246,
            18.2726392
          ],
          [
            75.3646021,
            18.2726427
          ],
          [
            75.3647414,
            18.2726111
          ],
          [
            75.3649644,
            18.2725291
          ],
          [
            75.3652836,
            18.2724425
          ],
          [
            75.3655412,
            18.2723794
          ],
          [
            75.3658974,
            18.2722319
          ],
          [
            75.3662733,
            18.2720622
          ],
          [
            75.3668118,
            18.2718363
          ],
          [
            75.3671951,
            18.2717252
          ],
          [
            75.3674379,
            18.2716702
          ],
          [
            75.3676487,
            18.271628
          ],
          [
            75.3678323,
            18.2715999
          ],
          [
            75.3680841,
            18.2715933
          ],
          [
            75.3683569,
            18.2716128
          ],
          [
            75.3686464,
            18.2716643
          ],
          [
            75.3690499,
            18.2717512
          ],
          [
            75.3694347,
            18.271847
          ],
          [
            75.3698008,
            18.2719711
          ],
          [
            75.3701576,
            18.2720474
          ],
          [
            75.370576,
            18.2721113
          ],
          [
            75.3709702,
            18.272207
          ],
          [
            75.3713083,
            18.2722691
          ],
          [
            75.3715698,
            18.2723277
          ],
          [
            75.3718164,
            18.2723986
          ],
          [
            75.372147,
            18.272505
          ],
          [
            75.3724702,
            18.27267
          ],
          [
            75.3728755,
            18.2729237
          ],
          [
            75.3733052,
            18.2731791
          ],
          [
            75.3740642,
            18.2738177
          ],
          [
            75.3749142,
            18.274513
          ],
          [
            75.3752616,
            18.2747472
          ],
          [
            75.3757604,
            18.2750132
          ],
          [
            75.3759958,
            18.2751214
          ],
          [
            75.3762461,
            18.2752385
          ],
          [
            75.3763992,
            18.2752829
          ],
          [
            75.3766757,
            18.2753361
          ],
          [
            75.3768644,
            18.2753857
          ],
          [
            75.3770306,
            18.2754425
          ],
          [
            75.3771801,
            18.2755152
          ],
          [
            75.3773426,
            18.2756287
          ],
          [
            75.3776583,
            18.2759338
          ],
          [
            75.3778218,
            18.276279
          ]
        ]
      }
    },
    {
      "type": "Feature",
      "properties": {
        "osm_id": 1502364384,
        "osm_type": "way",
        "source": "OpenStreetMap",
        "name": null,
        "name:en": null,
        "waterway": "stream"
      },
      "geometry": {
        "type": "LineString",
        "coordinates": [
          [
            75.2789722,
            18.1761347
          ],
          [
            75.2783068,
            18.1754192
          ],
          [
            75.278086,
            18.1752389
          ],
          [
            75.2779296,
            18.175136
          ],
          [
            75.2776635,
            18.175034
          ],
          [
            75.2774854,
            18.1749892
          ],
          [
            75.2772472,
            18.1749403
          ],
          [
            75.2770305,
            18.1749341
          ],
          [
            75.2767258,
            18.1749933
          ],
          [
            75.2765112,
            18.1750809
          ],
          [
            75.2763095,
            18.1751829
          ],
          [
            75.2760692,
            18.1752583
          ],
          [
            75.2759681,
            18.1752707
          ],
          [
            75.2758672,
            18.1752618
          ],
          [
            75.2757588,
            18.1752423
          ],
          [
            75.2754637,
            18.1751517
          ],
          [
            75.2753049,
            18.1750577
          ],
          [
            75.2751854,
            18.1749743
          ],
          [
            75.2747683,
            18.1746095
          ],
          [
            75.274645,
            18.1745311
          ],
          [
            75.2744639,
            18.1744233
          ],
          [
            75.274263,
            18.1743074
          ],
          [
            75.2741336,
            18.1742149
          ],
          [
            75.2738304,
            18.1739503
          ],
          [
            75.2736628,
            18.1737922
          ],
          [
            75.2735568,
            18.1736517
          ],
          [
            75.2734878,
            18.1735334
          ],
          [
            75.2734262,
            18.1734503
          ],
          [
            75.273383,
            18.1733999
          ],
          [
            75.2733078,
            18.1733519
          ],
          [
            75.2732253,
            18.1733332
          ],
          [
            75.2730934,
            18.1733215
          ],
          [
            75.2729923,
            18.1733402
          ],
          [
            75.272858,
            18.1733988
          ],
          [
            75.2726658,
            18.1734936
          ],
          [
            75.2725327,
            18.173517
          ],
          [
            75.2724143,
            18.1735229
          ],
          [
            75.2722615,
            18.1735299
          ],
          [
            75.2720015,
            18.1735674
          ],
          [
            75.2717353,
            18.1736224
          ],
          [
            75.2715701,
            18.1736447
          ],
          [
            75.2714198,
            18.1736447
          ],
          [
            75.2712324,
            18.173606
          ],
          [
            75.2709847,
            18.1735369
          ],
          [
            75.2707728,
            18.1734678
          ],
          [
            75.2706557,
            18.1734315
          ],
          [
            75.2705657,
            18.1733824
          ],
          [
            75.2704289,
            18.1732559
          ],
          [
            75.270355,
            18.1731763
          ],
          [
            75.2702847,
            18.1730803
          ],
          [
            75.2702046,
            18.1729702
          ],
          [
            75.2699863,
            18.1725148
          ],
          [
            75.2699408,
            18.1722583
          ],
          [
            75.2699169,
            18.1720298
          ],
          [
            75.2699002,
            18.1719557
          ],
          [
            75.269866,
            18.1718769
          ],
          [
            75.2698356,
            18.171844
          ],
          [
            75.2697494,
            18.1718089
          ],
          [
            75.2695793,
            18.1717726
          ],
          [
            75.2694634,
            18.1717363
          ],
          [
            75.2693488,
            18.1716813
          ],
          [
            75.2692626,
            18.1715876
          ],
          [
            75.2692133,
            18.1714576
          ],
          [
            75.2691935,
            18.1713124
          ],
          [
            75.2691788,
            18.1711637
          ],
          [
            75.2691048,
            18.1709049
          ],
          [
            75.2690395,
            18.1706508
          ],
          [
            75.2690038,
            18.1705009
          ],
          [
            75.2689409,
            18.1702773
          ],
          [
            75.2689027,
            18.1701895
          ],
          [
            75.2688164,
            18.1700735
          ],
          [
            75.2686353,
            18.1698838
          ],
          [
            75.2684217,
            18.1696444
          ],
          [
            75.2683388,
            18.1695548
          ],
          [
            75.268273,
            18.1694905
          ],
          [
            75.2682213,
            18.1694612
          ],
          [
            75.2681621,
            18.1694448
          ],
          [
            75.268082,
            18.169446
          ],
          [
            75.2679292,
            18.1694729
          ],
          [
            75.267783,
            18.1695452
          ],
          [
            75.2675684,
            18.1697367
          ],
          [
            75.2672106,
            18.1700828
          ],
          [
            75.2667475,
            18.1705697
          ],
          [
            75.2665725,
            18.1707325
          ],
          [
            75.2663235,
            18.1709596
          ],
          [
            75.2662212,
            18.1710182
          ],
          [
            75.2661288,
            18.1710428
          ],
          [
            75.2660586,
            18.1710416
          ],
          [
            75.2659698,
            18.1710217
          ],
          [
            75.2658182,
            18.170962
          ],
          [
            75.2654485,
            18.1708156
          ],
          [
            75.2651379,
            18.1706435
          ],
          [
            75.2649826,
            18.1706084
          ],
          [
            75.2648976,
            18.1705697
          ],
          [
            75.2648532,
            18.1705299
          ],
          [
            75.2648052,
            18.1704491
          ],
          [
            75.2647203,
            18.1702797
          ],
          [
            75.2645943,
            18.1700665
          ],
          [
            75.2645001,
            18.1699384
          ],
          [
            75.2644347,
            18.1698538
          ],
          [
            75.2644057,
            18.1698007
          ],
          [
            75.2643757,
            18.1697202
          ],
          [
            75.2643628,
            18.1696458
          ],
          [
            75.2643489,
            18.1695449
          ],
          [
            75.2642834,
            18.1692707
          ],
          [
            75.2642512,
            18.1691463
          ],
          [
            75.2642169,
            18.169076
          ],
          [
            75.2641675,
            18.1690168
          ],
          [
            75.2641,
            18.168974
          ],
          [
            75.2640055,
            18.1689465
          ],
          [
            75.2637323,
            18.1688495
          ],
          [
            75.2635426,
            18.1687338
          ],
          [
            75.2633501,
            18.1686047
          ],
          [
            75.2631731,
            18.168489
          ],
          [
            75.2629537,
            18.1684096
          ],
          [
            75.2627343,
            18.1683504
          ],
          [
            75.26257,
            18.1682805
          ],
          [
            75.2624157,
            18.1681904
          ],
          [
            75.2623322,
            18.1681097
          ],
          [
            75.2622911,
            18.1680155
          ],
          [
            75.2622099,
            18.1679151
          ],
          [
            75.2621723,
            18.1678967
          ],
          [
            75.2621133,
            18.1678804
          ],
          [
            75.2620575,
            18.1678804
          ],
          [
            75.2619845,
            18.1678886
          ],
          [
            75.2618794,
            18.1679304
          ],
          [
            75.2617936,
            18.1679661
          ],
          [
            75.261697,
            18.1680303
          ],
          [
            75.2616198,
            18.1680966
          ],
          [
            75.2615339,
            18.1682546
          ],
          [
            75.261436,
            18.1685041
          ],
          [
            75.2613254,
            18.1686663
          ],
          [
            75.2612262,
            18.1687745
          ],
          [
            75.2611124,
            18.1688409
          ],
          [
            75.260966,
            18.1688888
          ],
          [
            75.2608262,
            18.1689058
          ],
          [
            75.2606701,
            18.1689043
          ],
          [
            75.2604814,
            18.1688734
          ],
          [
            75.2603042,
            18.1688904
          ],
          [
            75.2599415,
            18.1689645
          ],
          [
            75.25967,
            18.1689692
          ],
          [
            75.2595659,
            18.1689815
          ],
          [
            75.2594992,
            18.169014
          ],
          [
            75.2594277,
            18.1690789
          ],
          [
            75.2593805,
            18.1691484
          ],
          [
            75.2593144,
            18.1693098
          ],
          [
            75.2592309,
            18.1693959
          ],
          [
            75.259112,
            18.1694538
          ],
          [
            75.2588826,
            18.169521
          ],
          [
            75.2586589,
            18.1695385
          ],
          [
            75.2582682,
            18.1695681
          ],
          [
            75.2579129,
            18.1695708
          ],
          [
            75.2575986,
            18.1695923
          ],
          [
            75.257239,
            18.1696125
          ],
          [
            75.2568511,
            18.1696394
          ],
          [
            75.2565057,
            18.169673
          ],
          [
            75.2563556,
            18.169708
          ],
          [
            75.2561858,
            18.1697618
          ],
          [
            75.2558616,
            18.1698869
          ],
          [
            75.2555898,
            18.1699837
          ],
          [
            75.2552811,
            18.1700564
          ],
          [
            75.2551353,
            18.1700792
          ],
          [
            75.2550235,
            18.1700725
          ],
          [
            75.2548947,
            18.1700416
          ],
          [
            75.2547304,
            18.1699676
          ],
          [
            75.2544119,
            18.1697362
          ],
          [
            75.2542208,
            18.1695815
          ],
          [
            75.2540679,
            18.1695264
          ],
          [
            75.2537876,
            18.1694578
          ],
          [
            75.2535512,
            18.1694255
          ],
          [
            75.2533133,
            18.1694161
          ],
          [
            75.2531293,
            18.1694309
          ],
          [
            75.2528504,
            18.1694578
          ],
          [
            75.2526296,
            18.1694511
          ],
          [
            75.2523195,
            18.1694282
          ],
          [
            75.2520081,
            18.1693623
          ],
          [
            75.2516443,
            18.1693004
          ],
          [
            75.2511438,
            18.1691982
          ],
          [
            75.2507827,
            18.1691009
          ],
          [
            75.2503973,
            18.1690004
          ],
          [
            75.25009,
            18.1689186
          ],
          [
            75.2499176,
            18.1688614
          ],
          [
            75.24962,
            18.1686992
          ],
          [
            75.2494607,
            18.1686111
          ],
          [
            75.2493419,
            18.1685601
          ],
          [
            75.2491436,
            18.1685477
          ],
          [
            75.2488638,
            18.1685292
          ],
          [
            75.2483682,
            18.168412
          ],
          [
            75.2481385,
            18.168389
          ],
          [
            75.2479106,
            18.1684067
          ],
          [
            75.2475631,
            18.1684262
          ],
          [
            75.2472941,
            18.168444
          ],
          [
            75.2471017,
            18.1684404
          ],
          [
            75.2468533,
            18.1684174
          ],
          [
            75.2464442,
            18.1682292
          ],
          [
            75.2461285,
            18.168073
          ],
          [
            75.2459436,
            18.1680056
          ],
          [
            75.2456148,
            18.1679009
          ],
          [
            75.2453626,
            18.1678281
          ],
          [
            75.2450227,
            18.1676258
          ],
          [
            75.244735,
            18.167466
          ],
          [
            75.2443576,
            18.1673116
          ],
          [
            75.2440868,
            18.167214
          ],
          [
            75.2439616,
            18.1672069
          ],
          [
            75.2437113,
            18.1672034
          ],
          [
            75.2435488,
            18.1671821
          ],
          [
            75.2433826,
            18.1671483
          ],
          [
            75.2426844,
            18.1669675
          ]
        ]
      }
    },
    {
      "type": "Feature",
      "properties": {
        "osm_id": 1502721341,
        "osm_type": "way",
        "source": "OpenStreetMap",
        "name": null,
        "name:en": null,
        "waterway": "stream"
      },
      "geometry": {
        "type": "LineString",
        "coordinates": [
          [
            75.3346685,
            18.2092166
          ],
          [
            75.3347355,
            18.2094037
          ],
          [
            75.3347934,
            18.209522
          ],
          [
            75.3348402,
            18.2095793
          ],
          [
            75.3348957,
            18.2096156
          ],
          [
            75.3350091,
            18.2096741
          ],
          [
            75.3351336,
            18.2097257
          ],
          [
            75.3352617,
            18.2097865
          ],
          [
            75.3353542,
            18.2098544
          ],
          [
            75.3354145,
            18.2099305
          ],
          [
            75.3354546,
            18.2100405
          ],
          [
            75.3354716,
            18.2101078
          ],
          [
            75.3354744,
            18.2102019
          ],
          [
            75.335466,
            18.2103713
          ],
          [
            75.3354546,
            18.2105973
          ],
          [
            75.3354617,
            18.2106712
          ],
          [
            75.3354886,
            18.2107748
          ],
          [
            75.3355169,
            18.2108541
          ],
          [
            75.3355948,
            18.2110007
          ],
          [
            75.3356882,
            18.2111809
          ],
          [
            75.3357208,
            18.2113288
          ],
          [
            75.3357279,
            18.2114431
          ],
          [
            75.3357321,
            18.2115682
          ],
          [
            75.335776,
            18.2118519
          ],
          [
            75.3358567,
            18.2122123
          ],
          [
            75.3359827,
            18.2125835
          ],
          [
            75.3360634,
            18.2128417
          ],
          [
            75.3361809,
            18.2130931
          ],
          [
            75.3362587,
            18.2132209
          ],
          [
            75.3363652,
            18.2133917
          ],
          [
            75.3364381,
            18.2134928
          ],
          [
            75.3366772,
            18.213775
          ],
          [
            75.3367631,
            18.2138725
          ],
          [
            75.336907,
            18.2139684
          ],
          [
            75.3370321,
            18.2140269
          ],
          [
            75.3372675,
            18.214089
          ],
          [
            75.3376656,
            18.2141278
          ],
          [
            75.3379275,
            18.2141049
          ],
          [
            75.338263,
            18.2141076
          ],
          [
            75.3385717,
            18.2141264
          ],
          [
            75.3387812,
            18.2141439
          ],
          [
            75.3393177,
            18.2142421
          ],
          [
            75.3395612,
            18.214273
          ],
          [
            75.3397311,
            18.214312
          ],
          [
            75.3398953,
            18.2143698
          ],
          [
            75.3401232,
            18.2144398
          ],
          [
            75.3407561,
            18.2144882
          ],
          [
            75.3410802,
            18.2145016
          ],
          [
            75.3413719,
            18.2144962
          ],
          [
            75.3416621,
            18.2145258
          ],
          [
            75.3420217,
            18.2145904
          ],
          [
            75.3425341,
            18.2146603
          ],
          [
            75.3431316,
            18.2147383
          ],
          [
            75.3435902,
            18.2147961
          ],
          [
            75.343998,
            18.2148513
          ],
          [
            75.3442315,
            18.2148607
          ],
          [
            75.3444382,
            18.2148539
          ],
          [
            75.3446336,
            18.2148324
          ],
          [
            75.3448148,
            18.2148082
          ],
          [
            75.345,
            18.2147621
          ],
          [
            75.3455548,
            18.2146343
          ],
          [
            75.3459154,
            18.2145137
          ],
          [
            75.3464122,
            18.214338
          ],
          [
            75.3467354,
            18.2141836
          ],
          [
            75.3469782,
            18.2140523
          ],
          [
            75.3473857,
            18.2138941
          ],
          [
            75.3481946,
            18.2136821
          ],
          [
            75.3485187,
            18.2136026
          ],
          [
            75.3492182,
            18.2133479
          ],
          [
            75.3496452,
            18.2132133
          ],
          [
            75.3500164,
            18.2131053
          ],
          [
            75.3502739,
            18.2130829
          ],
          [
            75.3506258,
            18.2130829
          ],
          [
            75.3508811,
            18.2131236
          ],
          [
            75.3515428,
            18.2133072
          ],
          [
            75.352003,
            18.2134524
          ],
          [
            75.3522876,
            18.2135652
          ],
          [
            75.35266,
            18.2137583
          ],
          [
            75.3529218,
            18.2138695
          ],
          [
            75.3531283,
            18.2139205
          ],
          [
            75.3533023,
            18.2139282
          ],
          [
            75.3534161,
            18.2139297
          ],
          [
            75.353517,
            18.2139158
          ],
          [
            75.3536747,
            18.2138494
          ],
          [
            75.3538812,
            18.2137552
          ],
          [
            75.3540926,
            18.2136502
          ],
          [
            75.3543187,
            18.2135945
          ],
          [
            75.3546081,
            18.213576
          ],
          [
            75.3549236,
            18.2135544
          ],
          [
            75.3552911,
            18.2135389
          ],
          [
            75.3558977,
            18.213559
          ],
          [
            75.3567905,
            18.2136517
          ],
          [
            75.3570946,
            18.2136532
          ],
          [
            75.3572848,
            18.2136378
          ],
          [
            75.3574393,
            18.2136131
          ],
          [
            75.3576426,
            18.2135358
          ],
          [
            75.357828,
            18.2134679
          ],
          [
            75.3580882,
            18.2133489
          ],
          [
            75.3583141,
            18.2132322
          ],
          [
            75.3587108,
            18.2130267
          ],
          [
            75.3589288,
            18.2129062
          ],
          [
            75.359155,
            18.212855
          ],
          [
            75.3593698,
            18.2128408
          ],
          [
            75.3597397,
            18.212839
          ],
          [
            75.3601338,
            18.2129065
          ],
          [
            75.3606344,
            18.2130271
          ],
          [
            75.3609371,
            18.2130644
          ],
          [
            75.3612696,
            18.2130555
          ],
          [
            75.3614769,
            18.2130431
          ],
          [
            75.361744,
            18.2130023
          ],
          [
            75.3621718,
            18.2129757
          ],
          [
            75.3624707,
            18.2129686
          ],
          [
            75.3626313,
            18.2129047
          ],
          [
            75.3627415,
            18.2127964
          ],
          [
            75.3628592,
            18.2126705
          ],
          [
            75.3629601,
            18.2124664
          ],
          [
            75.363046,
            18.2122783
          ],
          [
            75.3631357,
            18.2121257
          ],
          [
            75.3631955,
            18.2120725
          ],
          [
            75.3633169,
            18.2119784
          ],
          [
            75.3635635,
            18.2118383
          ],
          [
            75.363782,
            18.21173
          ],
          [
            75.3639576,
            18.2116874
          ],
          [
            75.3643331,
            18.2117158
          ],
          [
            75.3648897,
            18.2118525
          ],
          [
            75.3652221,
            18.2119984
          ],
          [
            75.3655857,
            18.2122852
          ],
          [
            75.3657533,
            18.2123929
          ],
          [
            75.3659184,
            18.2124796
          ],
          [
            75.3660626,
            18.2125416
          ],
          [
            75.3661846,
            18.212572
          ],
          [
            75.3664964,
            18.2126025
          ],
          [
            75.3666381,
            18.2126013
          ],
          [
            75.3667281,
            18.2125978
          ],
          [
            75.3668218,
            18.2125709
          ],
          [
            75.3669389,
            18.2125237
          ],
          [
            75.3670446,
            18.2124542
          ],
          [
            75.367134,
            18.2123646
          ],
          [
            75.3672299,
            18.2122734
          ],
          [
            75.3673617,
            18.2121962
          ],
          [
            75.3678983,
            18.2121174
          ],
          [
            75.3681292,
            18.2120757
          ],
          [
            75.3684187,
            18.2120139
          ],
          [
            75.3687325,
            18.2118934
          ],
          [
            75.3692643,
            18.2116926
          ],
          [
            75.3694741,
            18.2116262
          ],
          [
            75.3696643,
            18.2116076
          ],
          [
            75.3698481,
            18.2116076
          ],
          [
            75.3700189,
            18.211637
          ],
          [
            75.3703116,
            18.2117281
          ],
          [
            75.370549,
            18.2118177
          ],
          [
            75.370923,
            18.2119645
          ],
          [
            75.371123,
            18.2120494
          ],
          [
            75.3714076,
            18.2121267
          ],
          [
            75.3719752,
            18.2121916
          ],
          [
            75.3731428,
            18.2122549
          ],
          [
            75.3733818,
            18.212258
          ],
          [
            75.373507,
            18.2122224
          ],
          [
            75.3736241,
            18.212139
          ],
          [
            75.3737688,
            18.2120664
          ],
          [
            75.373925,
            18.2120294
          ],
          [
            75.3740453,
            18.2120216
          ],
          [
            75.3742014,
            18.2120355
          ],
          [
            75.3743331,
            18.2120742
          ],
          [
            75.3744876,
            18.2121576
          ],
          [
            75.374608,
            18.2122456
          ],
          [
            75.3747706,
            18.2123754
          ],
          [
            75.3751478,
            18.2127029
          ],
          [
            75.3752844,
            18.2128233
          ],
          [
            75.375491,
            18.2129516
          ],
          [
            75.3756666,
            18.2130303
          ],
          [
            75.3758032,
            18.2130813
          ],
          [
            75.3758943,
            18.2130952
          ],
          [
            75.3760276,
            18.2131045
          ],
          [
            75.376278,
            18.2130998
          ],
          [
            75.3765285,
            18.2131307
          ],
          [
            75.3768602,
            18.2131972
          ],
          [
            75.3772391,
            18.2132976
          ],
          [
            75.3777123,
            18.2134072
          ],
          [
            75.377966,
            18.2134351
          ],
          [
            75.3781856,
            18.2134459
          ],
          [
            75.3783173,
            18.2134335
          ],
          [
            75.378475,
            18.2134011
          ],
          [
            75.378797,
            18.2133238
          ],
          [
            75.3790474,
            18.213259
          ],
          [
            75.3793223,
            18.2131446
          ],
          [
            75.3795597,
            18.213035
          ],
          [
            75.3798703,
            18.2128867
          ],
          [
            75.3804541,
            18.2125237
          ],
          [
            75.3809468,
            18.2122194
          ],
          [
            75.3812672,
            18.2120185
          ],
          [
            75.3815488,
            18.2118813
          ],
          [
            75.3818272,
            18.2117926
          ],
          [
            75.3821335,
            18.2116968
          ],
          [
            75.38258,
            18.2115939
          ],
          [
            75.3829629,
            18.2114981
          ],
          [
            75.3832048,
            18.2114195
          ],
          [
            75.3835559,
            18.2112931
          ],
          [
            75.3839268,
            18.2110645
          ],
          [
            75.3844025,
            18.2108359
          ],
          [
            75.3852003,
            18.2105213
          ],
          [
            75.3856638,
            18.2103134
          ],
          [
            75.3860586,
            18.2102074
          ],
          [
            75.3864127,
            18.2101952
          ],
          [
            75.3867667,
            18.2102156
          ],
          [
            75.3871508,
            18.2102869
          ],
          [
            75.38755,
            18.2103909
          ],
          [
            75.3878225,
            18.2104887
          ],
          [
            75.3886228,
            18.2109065
          ],
          [
            75.3888524,
            18.2110003
          ],
          [
            75.3890434,
            18.211035
          ],
          [
            75.3895026,
            18.2110778
          ],
          [
            75.389876,
            18.211088
          ],
          [
            75.3900798,
            18.2111165
          ],
          [
            75.3902729,
            18.2111817
          ],
          [
            75.3904789,
            18.2113081
          ],
          [
            75.3907922,
            18.2115568
          ],
          [
            75.3909682,
            18.211728
          ],
          [
            75.3911699,
            18.2119542
          ],
          [
            75.3915368,
            18.2123395
          ],
          [
            75.3917621,
            18.2125392
          ],
          [
            75.3921591,
            18.212796
          ],
          [
            75.3928285,
            18.2131038
          ],
          [
            75.3935345,
            18.2133973
          ],
          [
            75.3941911,
            18.2136338
          ],
          [
            75.3944829,
            18.2137194
          ],
          [
            75.3947211,
            18.2137479
          ],
          [
            75.3949507,
            18.2137622
          ],
          [
            75.3956631,
            18.2137642
          ],
          [
            75.3963111,
            18.2138009
          ],
          [
            75.3970772,
            18.2138722
          ],
          [
            75.3973797,
            18.2138845
          ],
          [
            75.3975578,
            18.2139252
          ],
          [
            75.3977144,
            18.2140271
          ],
          [
            75.3980857,
            18.2144674
          ],
          [
            75.3983367,
            18.2147365
          ],
          [
            75.3985964,
            18.2150055
          ],
          [
            75.3987659,
            18.215246
          ],
          [
            75.3988496,
            18.2154376
          ],
          [
            75.3989115,
            18.2157904
          ],
          [
            75.3989511,
            18.2160243
          ],
          [
            75.399036,
            18.2162476
          ],
          [
            75.3992371,
            18.2166833
          ],
          [
            75.3995604,
            18.2171177
          ],
          [
            75.399908,
            18.21745
          ],
          [
            75.4001869,
            18.2176273
          ],
          [
            75.400423,
            18.21777
          ],
          [
            75.4006762,
            18.2178576
          ],
          [
            75.4009015,
            18.2179188
          ],
          [
            75.4011332,
            18.2179371
          ],
          [
            75.4013778,
            18.2179351
          ],
          [
            75.4016396,
            18.21788
          ],
          [
            75.4021718,
            18.2177027
          ],
          [
            75.4025108,
            18.2176416
          ],
          [
            75.4027313,
            18.2176425
          ],
          [
            75.4029493,
            18.2176936
          ],
          [
            75.4030342,
            18.2176936
          ],
          [
            75.4031214,
            18.217665
          ],
          [
            75.4034221,
            18.2174201
          ],
          [
            75.4035809,
            18.2173314
          ],
          [
            75.4037602,
            18.2172551
          ],
          [
            75.4041413,
            18.2171646
          ],
          [
            75.4043244,
            18.2171504
          ],
          [
            75.4046737,
            18.2171877
          ],
          [
            75.4049445,
            18.217248
          ],
          [
            75.4050809,
            18.2173137
          ],
          [
            75.4051668,
            18.2173651
          ],
          [
            75.4052584,
            18.217523
          ],
          [
            75.4054209,
            18.2179649
          ],
          [
            75.4056151,
            18.2182949
          ],
          [
            75.4057123,
            18.2184333
          ],
          [
            75.4058113,
            18.2185025
          ],
          [
            75.4059308,
            18.2185522
          ],
          [
            75.4060354,
            18.2185664
          ],
          [
            75.4061326,
            18.2185238
          ],
          [
            75.4061905,
            18.2184688
          ],
          [
            75.406254,
            18.218357
          ],
          [
            75.4062727,
            18.2182417
          ],
          [
            75.4062858,
            18.217995
          ],
          [
            75.4062839,
            18.2176561
          ],
          [
            75.4063175,
            18.2174432
          ],
          [
            75.406381,
            18.2172764
          ],
          [
            75.4065604,
            18.2170422
          ],
          [
            75.4067976,
            18.2167849
          ],
          [
            75.4068929,
            18.216721
          ],
          [
            75.4070292,
            18.2166571
          ],
          [
            75.407145,
            18.2166199
          ],
          [
            75.4073673,
            18.2166039
          ],
          [
            75.4076755,
            18.2165312
          ],
          [
            75.4080697,
            18.2164034
          ],
          [
            75.4083723,
            18.2163129
          ],
          [
            75.408533,
            18.2163094
          ],
          [
            75.4087179,
            18.2163502
          ],
          [
            75.4089813,
            18.2164726
          ],
          [
            75.4091812,
            18.2165915
          ],
          [
            75.4094352,
            18.216721
          ],
          [
            75.4099414,
            18.2169056
          ],
          [
            75.4104262,
            18.2171317
          ],
          [
            75.4109418,
            18.2175433
          ],
          [
            75.4110735,
            18.2176481
          ],
          [
            75.4112858,
            18.2177799
          ],
          [
            75.4114883,
            18.2178915
          ],
          [
            75.4116949,
            18.217983
          ],
          [
            75.4120276,
            18.2181793
          ],
          [
            75.4122626,
            18.2183097
          ],
          [
            75.4123985,
            18.2183689
          ],
          [
            75.4125564,
            18.2184159
          ],
          [
            75.4128321,
            18.2184414
          ],
          [
            75.413022,
            18.2184506
          ],
          [
            75.4132602,
            18.2184485
          ],
          [
            75.413758,
            18.2184118
          ],
          [
            75.4141378,
            18.2183374
          ],
          [
            75.414391,
            18.2182885
          ],
          [
            75.4145466,
            18.2182773
          ],
          [
            75.4147376,
            18.2182824
          ],
          [
            75.414846,
            18.2182987
          ],
          [
            75.4151603,
            18.2183833
          ],
          [
            75.4153545,
            18.2184261
          ],
          [
            75.4155551,
            18.2184597
          ],
          [
            75.4157493,
            18.2185056
          ],
          [
            75.416275,
            18.2187013
          ],
          [
            75.4164982,
            18.2187909
          ],
          [
            75.4165765,
            18.2188388
          ],
          [
            75.4166162,
            18.218901
          ],
          [
            75.4166505,
            18.2190274
          ],
          [
            75.4166795,
            18.219165
          ],
          [
            75.4167128,
            18.219272
          ],
          [
            75.4167503,
            18.2193576
          ],
          [
            75.4167793,
            18.2193993
          ],
          [
            75.4168394,
            18.2194442
          ],
          [
            75.4169574,
            18.2195043
          ],
          [
            75.4170797,
            18.2195573
          ],
          [
            75.4172181,
            18.2196042
          ],
          [
            75.4173168,
            18.2196164
          ],
          [
            75.4174305,
            18.2196103
          ],
          [
            75.4175196,
            18.2196215
          ],
          [
            75.4176719,
            18.219645
          ],
          [
            75.4178511,
            18.2196888
          ],
          [
            75.4180185,
            18.2197418
          ],
          [
            75.4184197,
            18.2199058
          ],
          [
            75.4185549,
            18.2199609
          ],
          [
            75.4186515,
            18.2199741
          ],
          [
            75.4187557,
            18.2199758
          ],
          [
            75.4192213,
            18.2199635
          ],
          [
            75.419511,
            18.219937
          ],
          [
            75.4197342,
            18.2197842
          ],
          [
            75.4199766,
            18.2196028
          ],
          [
            75.4202985,
            18.2193256
          ],
          [
            75.4203579,
            18.2192396
          ],
          [
            75.4203749,
            18.2191415
          ],
          [
            75.4204216,
            18.2190366
          ],
          [
            75.4205788,
            18.2188644
          ],
          [
            75.420743,
            18.2186856
          ],
          [
            75.4209964,
            18.2184422
          ],
          [
            75.4213687,
            18.218063
          ],
          [
            75.4216023,
            18.2177994
          ],
          [
            75.4218302,
            18.2174834
          ],
          [
            75.4219619,
            18.2173032
          ],
          [
            75.4220666,
            18.2172266
          ],
          [
            75.4222026,
            18.217162
          ],
          [
            75.4232502,
            18.2168931
          ],
          [
            75.4233648,
            18.2168783
          ],
          [
            75.423413,
            18.2168958
          ],
          [
            75.4234343,
            18.216941
          ],
          [
            75.4234122,
            18.2170768
          ],
          [
            75.4232988,
            18.2175029
          ],
          [
            75.4231351,
            18.2183092
          ],
          [
            75.423145,
            18.2184908
          ],
          [
            75.4231549,
            18.2185916
          ],
          [
            75.4231662,
            18.2186467
          ],
          [
            75.4231988,
            18.218718
          ],
          [
            75.423254,
            18.2187785
          ],
          [
            75.423523,
            18.2189628
          ],
          [
            75.4239349,
            18.2192277
          ],
          [
            75.4241459,
            18.2192976
          ],
          [
            75.4242662,
            18.2193299
          ],
          [
            75.4243766,
            18.2193272
          ],
          [
            75.4245465,
            18.2192895
          ],
          [
            75.4250703,
            18.2191053
          ],
          [
            75.4254681,
            18.2189695
          ],
          [
            75.4258942,
            18.2188189
          ],
          [
            75.4265902,
            18.2185356
          ],
          [
            75.4270341,
            18.2184492
          ]
        ]
      }
    },
    {
      "type": "Feature",
      "properties": {
        "osm_id": 1503222363,
        "osm_type": "way",
        "source": "OpenStreetMap",
        "name": null,
        "name:en": null,
        "waterway": "stream"
      },
      "geometry": {
        "type": "LineString",
        "coordinates": [
          [
            75.36581,
            18.1613836
          ],
          [
            75.3657502,
            18.1614563
          ],
          [
            75.3655989,
            18.1616285
          ],
          [
            75.3654961,
            18.1617439
          ],
          [
            75.3654308,
            18.1619089
          ],
          [
            75.3654195,
            18.1620119
          ],
          [
            75.3654252,
            18.1621095
          ],
          [
            75.365455,
            18.1622231
          ],
          [
            75.3655279,
            18.1625515
          ],
          [
            75.3655428,
            18.1626668
          ],
          [
            75.3655354,
            18.1628727
          ],
          [
            75.3654905,
            18.1630733
          ],
          [
            75.3653953,
            18.1635827
          ],
          [
            75.3653616,
            18.1638276
          ],
          [
            75.3651767,
            18.1645376
          ],
          [
            75.365059,
            18.1648837
          ],
          [
            75.365003,
            18.1650097
          ],
          [
            75.3649171,
            18.1651357
          ],
          [
            75.364719,
            18.1654623
          ],
          [
            75.3643817,
            18.165989
          ],
          [
            75.3642246,
            18.1662406
          ],
          [
            75.3640972,
            18.166523
          ],
          [
            75.3639783,
            18.1668109
          ],
          [
            75.363773,
            18.1673826
          ],
          [
            75.3635352,
            18.1679811
          ],
          [
            75.3635309,
            18.1680336
          ],
          [
            75.3635578,
            18.1680672
          ],
          [
            75.363589,
            18.1680901
          ],
          [
            75.3636966,
            18.1681318
          ],
          [
            75.3638622,
            18.1681789
          ],
          [
            75.3641184,
            18.1682609
          ],
          [
            75.364655,
            18.1684546
          ],
          [
            75.365503,
            18.1687411
          ],
          [
            75.3657351,
            18.1688151
          ],
          [
            75.3665222,
            18.1690612
          ],
          [
            75.3668705,
            18.1691473
          ],
          [
            75.3669484,
            18.169185
          ],
          [
            75.3670234,
            18.1692495
          ],
          [
            75.3671182,
            18.1693329
          ],
          [
            75.3672032,
            18.1693948
          ],
          [
            75.367407,
            18.1694701
          ],
          [
            75.3677921,
            18.1696437
          ],
          [
            75.3683527,
            18.1698427
          ],
          [
            75.368936,
            18.170031
          ],
          [
            75.3695575,
            18.1702543
          ],
          [
            75.369624,
            18.1702624
          ],
          [
            75.3696849,
            18.170253
          ],
          [
            75.3697273,
            18.1702247
          ],
          [
            75.3697811,
            18.1702153
          ],
          [
            75.370039,
            18.1702875
          ],
          [
            75.3710624,
            18.1705263
          ],
          [
            75.3714528,
            18.1706718
          ],
          [
            75.3716246,
            18.1707109
          ],
          [
            75.3723307,
            18.1709948
          ],
          [
            75.3727006,
            18.1711581
          ],
          [
            75.3730873,
            18.1713605
          ],
          [
            75.3735449,
            18.1716356
          ],
          [
            75.373629,
            18.1716959
          ],
          [
            75.3737093,
            18.1717154
          ],
          [
            75.373756,
            18.1716888
          ],
          [
            75.3737915,
            18.1716249
          ],
          [
            75.3738233,
            18.1715486
          ],
          [
            75.37387,
            18.1714368
          ],
          [
            75.3739297,
            18.1713835
          ],
          [
            75.373997,
            18.1713729
          ],
          [
            75.3740568,
            18.1713924
          ],
          [
            75.3742021,
            18.1715216
          ],
          [
            75.3744721,
            18.1718522
          ],
          [
            75.374716,
            18.1722169
          ],
          [
            75.3749762,
            18.1725197
          ],
          [
            75.3750998,
            18.1727206
          ],
          [
            75.3755844,
            18.1730172
          ],
          [
            75.376108,
            18.1732892
          ],
          [
            75.3770317,
            18.1738516
          ],
          [
            75.3772269,
            18.1739844
          ],
          [
            75.3773765,
            18.1740308
          ],
          [
            75.3775618,
            18.1740308
          ],
          [
            75.3778838,
            18.1739319
          ],
          [
            75.378762,
            18.1736414
          ],
          [
            75.3799588,
            18.1733819
          ],
          [
            75.3802678,
            18.1733448
          ],
          [
            75.380515,
            18.1733479
          ],
          [
            75.3810809,
            18.1734189
          ],
          [
            75.3814322,
            18.1735117
          ],
          [
            75.3817737,
            18.1737094
          ],
          [
            75.3819851,
            18.1739165
          ],
          [
            75.3822563,
            18.1740954
          ],
          [
            75.3826951,
            18.1742734
          ],
          [
            75.3831535,
            18.1745169
          ],
          [
            75.3834222,
            18.1746083
          ],
          [
            75.3836983,
            18.1746387
          ],
          [
            75.3838757,
            18.1746528
          ],
          [
            75.3841567,
            18.1746434
          ],
          [
            75.3844747,
            18.1746176
          ],
          [
            75.384699,
            18.1745591
          ],
          [
            75.3851234,
            18.174441
          ],
          [
            75.3856576,
            18.1743345
          ],
          [
            75.385865,
            18.1742653
          ],
          [
            75.3859285,
            18.1742209
          ],
          [
            75.3859509,
            18.1741588
          ],
          [
            75.3859527,
            18.1740506
          ],
          [
            75.3859621,
            18.1739884
          ],
          [
            75.3860424,
            18.1739441
          ],
          [
            75.3861975,
            18.1739086
          ],
          [
            75.3864011,
            18.1738766
          ],
          [
            75.386586,
            18.1738039
          ],
          [
            75.3869951,
            18.1735465
          ],
          [
            75.387223,
            18.1734205
          ],
          [
            75.3874191,
            18.1733619
          ],
          [
            75.3875779,
            18.1733637
          ],
          [
            75.3878572,
            18.1733845
          ],
          [
            75.388122,
            18.1734061
          ],
          [
            75.3882706,
            18.1734074
          ],
          [
            75.3883924,
            18.1734074
          ],
          [
            75.3886118,
            18.1734599
          ],
          [
            75.3889304,
            18.1735654
          ],
          [
            75.3891804,
            18.1736358
          ],
          [
            75.3893821,
            18.1736725
          ],
          [
            75.3894937,
            18.1736826
          ],
          [
            75.3897093,
            18.1736898
          ],
          [
            75.3898445,
            18.1736979
          ],
          [
            75.3898982,
            18.1737102
          ],
          [
            75.3899314,
            18.1737418
          ],
          [
            75.3899515,
            18.1737856
          ],
          [
            75.3901028,
            18.1742346
          ],
          [
            75.3903288,
            18.1748505
          ],
          [
            75.3905119,
            18.1751238
          ],
          [
            75.3907272,
            18.1754277
          ],
          [
            75.3908677,
            18.1755378
          ],
          [
            75.3910131,
            18.1756033
          ],
          [
            75.3912468,
            18.1756759
          ],
          [
            75.3915738,
            18.1757284
          ],
          [
            75.3918682,
            18.1757687
          ],
          [
            75.3920367,
            18.1757849
          ],
          [
            75.3922003,
            18.1757867
          ],
          [
            75.3923795,
            18.1757867
          ],
          [
            75.3925866,
            18.1757643
          ],
          [
            75.393033,
            18.1756738
          ],
          [
            75.3932348,
            18.1756329
          ],
          [
            75.3935225,
            18.1755158
          ],
          [
            75.393855,
            18.1754022
          ],
          [
            75.3940025,
            18.1753809
          ],
          [
            75.3941763,
            18.1753667
          ],
          [
            75.3943444,
            18.1753667
          ],
          [
            75.3945629,
            18.1753862
          ],
          [
            75.394959,
            18.1754608
          ],
          [
            75.395071,
            18.1754626
          ],
          [
            75.3951831,
            18.175459
          ],
          [
            75.3953979,
            18.1754235
          ],
          [
            75.3955362,
            18.1754111
          ],
          [
            75.3956352,
            18.1754359
          ],
          [
            75.3957678,
            18.1755211
          ],
          [
            75.3958817,
            18.1756383
          ],
          [
            75.3959733,
            18.1757714
          ],
          [
            75.3960312,
            18.1758264
          ],
          [
            75.3960872,
            18.1758495
          ],
          [
            75.3961788,
            18.1758654
          ],
          [
            75.396317,
            18.1758548
          ],
          [
            75.3965879,
            18.1757891
          ],
          [
            75.3967803,
            18.1757093
          ],
          [
            75.3970511,
            18.1755673
          ],
          [
            75.397307,
            18.1754945
          ],
          [
            75.3975816,
            18.1754679
          ],
          [
            75.3981831,
            18.1752939
          ],
          [
            75.398624,
            18.175104
          ],
          [
            75.398822,
            18.174939
          ],
          [
            75.3989583,
            18.1748059
          ],
          [
            75.3990125,
            18.1747349
          ],
          [
            75.3993917,
            18.1745734
          ],
          [
            75.3995972,
            18.1744633
          ],
          [
            75.3997373,
            18.1744101
          ],
          [
            75.3998326,
            18.1743994
          ],
          [
            75.3999633,
            18.1744332
          ],
          [
            75.4003519,
            18.174584
          ],
          [
            75.4011701,
            18.1748982
          ],
          [
            75.4013755,
            18.1749674
          ],
          [
            75.4016669,
            18.1750969
          ],
          [
            75.4018108,
            18.1751892
          ],
          [
            75.401992,
            18.1753667
          ],
          [
            75.402175,
            18.1756045
          ],
          [
            75.4023637,
            18.1758122
          ],
          [
            75.4024534,
            18.1758921
          ],
          [
            75.4026028,
            18.1759772
          ],
          [
            75.402784,
            18.1760749
          ],
          [
            75.402898,
            18.1761796
          ],
          [
            75.4029503,
            18.1762736
          ],
          [
            75.4030418,
            18.1764706
          ],
          [
            75.403096,
            18.1766233
          ],
          [
            75.4031576,
            18.1767422
          ],
          [
            75.4032398,
            18.176822
          ],
          [
            75.4033425,
            18.1768717
          ],
          [
            75.4038936,
            18.1769126
          ],
          [
            75.404327,
            18.1769356
          ],
          [
            75.4045343,
            18.1769339
          ],
          [
            75.4046912,
            18.1769321
          ],
          [
            75.4048108,
            18.1769055
          ],
          [
            75.4049322,
            18.1768593
          ],
          [
            75.4051078,
            18.1767493
          ],
          [
            75.4052236,
            18.1766836
          ],
          [
            75.4054571,
            18.176641
          ],
          [
            75.4056589,
            18.1766144
          ],
          [
            75.4059559,
            18.1765612
          ],
          [
            75.4063108,
            18.1763908
          ],
          [
            75.4067797,
            18.1760749
          ],
          [
            75.4069739,
            18.1759258
          ],
          [
            75.4073942,
            18.1757501
          ],
          [
            75.4080443,
            18.1755495
          ],
          [
            75.4082759,
            18.1754484
          ],
          [
            75.4084795,
            18.1753472
          ],
          [
            75.4086663,
            18.1752691
          ],
          [
            75.408855,
            18.1752247
          ],
          [
            75.4091072,
            18.1752247
          ],
          [
            75.4092865,
            18.1752815
          ],
          [
            75.4094658,
            18.1753348
          ],
          [
            75.4095424,
            18.1753348
          ],
          [
            75.4097535,
            18.1752514
          ],
          [
            75.4100206,
            18.1751449
          ],
          [
            75.4103046,
            18.1750668
          ],
          [
            75.4105586,
            18.1749567
          ],
          [
            75.4109668,
            18.1747391
          ],
          [
            75.4115302,
            18.174427
          ],
          [
            75.4117199,
            18.1743342
          ],
          [
            75.4119323,
            18.1742885
          ],
          [
            75.4121036,
            18.1742939
          ],
          [
            75.4123839,
            18.1743356
          ],
          [
            75.4126628,
            18.174384
          ],
          [
            75.4129275,
            18.1743947
          ],
          [
            75.413137,
            18.1743894
          ],
          [
            75.413222,
            18.1743786
          ],
          [
            75.4133097,
            18.1743342
          ],
          [
            75.4134131,
            18.1743019
          ],
          [
            75.4136353,
            18.1742293
          ],
          [
            75.413709,
            18.1741741
          ],
          [
            75.413818,
            18.1741069
          ],
          [
            75.4139553,
            18.1739482
          ],
          [
            75.4141252,
            18.1738809
          ],
          [
            75.4143191,
            18.1738338
          ],
          [
            75.4147268,
            18.1737962
          ],
          [
            75.4150425,
            18.17378
          ],
          [
            75.4153257,
            18.1737558
          ],
          [
            75.4155677,
            18.1737141
          ],
          [
            75.4157801,
            18.1736523
          ],
          [
            75.415991,
            18.1735729
          ],
          [
            75.4162331,
            18.1734626
          ],
          [
            75.416461,
            18.173398
          ],
          [
            75.4167229,
            18.1733483
          ],
          [
            75.416924,
            18.1732999
          ],
          [
            75.4171066,
            18.173238
          ],
          [
            75.41723,
            18.1731761
          ],
          [
            75.417456,
            18.1729986
          ],
          [
            75.4178296,
            18.1727892
          ],
          [
            75.4181173,
            18.1726561
          ],
          [
            75.4184087,
            18.1726401
          ],
          [
            75.4187244,
            18.1726845
          ],
          [
            75.4191865,
            18.1727421
          ],
          [
            75.4196027,
            18.1729143
          ],
          [
            75.4205965,
            18.1734174
          ],
          [
            75.4213553,
            18.1738128
          ],
          [
            75.4215252,
            18.1739258
          ],
          [
            75.4216498,
            18.1740522
          ],
          [
            75.4217545,
            18.1742029
          ],
          [
            75.4219952,
            18.1743966
          ],
          [
            75.4224284,
            18.1746172
          ],
          [
            75.4227059,
            18.1747543
          ],
          [
            75.4230428,
            18.1750287
          ],
          [
            75.4233174,
            18.1752144
          ],
          [
            75.4236147,
            18.1753542
          ],
          [
            75.4238611,
            18.1753731
          ],
          [
            75.4240848,
            18.1753535
          ],
          [
            75.4242231,
            18.1753233
          ],
          [
            75.42438,
            18.1752896
          ],
          [
            75.4245556,
            18.1752435
          ],
          [
            75.424733,
            18.1751601
          ],
          [
            75.4249534,
            18.1750323
          ],
          [
            75.4250973,
            18.1749897
          ],
          [
            75.4252972,
            18.1749701
          ],
          [
            75.4254447,
            18.1749506
          ],
          [
            75.4256166,
            18.174956
          ],
          [
            75.4258613,
            18.1749826
          ],
          [
            75.4261975,
            18.1750447
          ],
          [
            75.4265001,
            18.17505
          ],
          [
            75.4268794,
            18.175034
          ],
          [
            75.4273762,
            18.1750003
          ],
          [
            75.428045,
            18.1749755
          ],
          [
            75.428504,
            18.1749591
          ]
        ]
      }
    }
  ]
}