lulc_id,state,district,latitude,longitude,crs,lulc_class,lulc_code,land_cover_type,manning_n,impervious_fraction,vegetation_density,soil_type,infiltration_rate_mm_hr,surface_elevation_m,slope_degree,floodplain_flag,river_distance_m,waterbody_flag,urban_flag,agriculture_flag,forest_flag,lulc_geometry_wkt,observation_date,data_source,data_status
IN-LULC-01-001,Uttar Pradesh,Kanpur,26.361874,80.410956,EPSG:4326,Cropland,2,Cropland,0.035,0.65,0.35,Black Soil,8.86,1239.94,12.43,0,13265.65,0,0,1,0,"POLYGON((80.40795626637843 26.358873592936956,80.41395626637843 26.358873592936956,80.41395626637843 26.364873592936956,80.40795626637843 26.364873592936956,80.40795626637843 26.358873592936956))",2026-08-01,Indian LULC class anchor + synthetic prototype attributes,SYNTHETIC_PROTOTYPE
IN-LULC-01-002,Uttar Pradesh,Kanpur,26.394319,80.261843,EPSG:4326,Forest,3,Forest,0.12,0.05,0.9,Alluvial,8.71,110.93,6.67,0,13550.78,0,0,0,1,"POLYGON((80.25884274242804 26.391318715741818,80.26484274242804 26.391318715741818,80.26484274242804 26.397318715741818,80.25884274242804 26.397318715741818,80.25884274242804 26.391318715741818))",2026-08-01,Indian LULC class anchor + synthetic prototype attributes,SYNTHETIC_PROTOTYPE
IN-LULC-01-003,Uttar Pradesh,Kanpur,26.363047,80.457377,EPSG:4326,Built-up,4,Built-up,0.15,0.9,0.15,Black Soil,5.11,495.06,16.42,0,11029.79,0,1,0,0,"POLYGON((80.45437698550596 26.3600468745419,80.46037698550596 26.3600468745419,80.46037698550596 26.3660468745419,80.45437698550596 26.3660468745419,80.45437698550596 26.3600468745419))",2026-08-01,Indian LULC class anchor + synthetic prototype attributes,SYNTHETIC_PROTOTYPE
IN-LULC-01-004,Uttar Pradesh,Kanpur,26.396834,80.466839,EPSG:4326,Grassland,5,Grassland,0.04,0.15,0.55,Sandy Loam,19.05,11.75,16.51,0,3702.62,0,0,0,0,"POLYGON((80.46383898195035 26.393834028660354,80.46983898195035 26.393834028660354,80.46983898195035 26.399834028660354,80.46383898195035 26.399834028660354,80.46383898195035 26.393834028660354))",2026-08-01,Indian LULC class anchor + synthetic prototype attributes,SYNTHETIC_PROTOTYPE
IN-LULC-01-005,Uttar Pradesh,Kanpur,26.387087,80.22278,EPSG:4326,Barren Land,6,Barren Land,0.025,0.05,0.05,Alluvial,6.94,1051.92,2.36,0,9887.27,0,0,0,0,"POLYGON((80.2197796314897 26.38408746812432,80.2257796314897 26.38408746812432,80.2257796314897 26.39008746812432,80.2197796314897 26.39008746812432,80.2197796314897 26.38408746812432))",2026-08-01,Indian LULC class anchor + synthetic prototype attributes,SYNTHETIC_PROTOTYPE
IN-LULC-01-006,Uttar Pradesh,Kanpur,26.496742,80.299448,EPSG:4326,Wetland,7,Wetland,0.06,0.2,0.8,Sandy Loam,3.61,825.21,2.53,0,8918.01,0,0,0,0,"POLYGON((80.29644781724716 26.493741858552184,80.30244781724716 26.493741858552184,80.30244781724716 26.499741858552184,80.29644781724716 26.499741858552184,80.29644781724716 26.493741858552184))",2026-08-01,Indian LULC class anchor + synthetic prototype attributes,SYNTHETIC_PROTOTYPE
IN-LULC-01-007,Uttar Pradesh,Kanpur,26.507308,80.244648,EPSG:4326,Shrubland,8,Shrubland,0.07,0.1,0.65,Sandy Loam,10.83,1189.93,5.72,0,12194.66,0,0,0,0,"POLYGON((80.2416481304795 26.50430762203279,80.2476481304795 26.50430762203279,80.2476481304795 26.51030762203279,80.2416481304795 26.51030762203279,80.2416481304795 26.50430762203279))",2026-08-01,Indian LULC class anchor + synthetic prototype attributes,SYNTHETIC_PROTOTYPE
IN-LULC-01-008,Uttar Pradesh,Kanpur,26.534375,80.264855,EPSG:4326,Road/Transport,9,Road/Transport,0.02,0.95,0.02,Alluvial,3.93,960.13,1.33,0,8888.08,0,1,0,0,"POLYGON((80.26185509033277 26.531375379419725,80.26785509033277 26.531375379419725,80.26785509033277 26.537375379419725,80.26185509033277 26.537375379419725,80.26185509033277 26.531375379419725))",2026-08-01,Indian LULC class anchor + synthetic prototype attributes,SYNTHETIC_PROTOTYPE
IN-LULC-01-009,Uttar Pradesh,Kanpur,26.576557,80.308565,EPSG:4326,Settlement,10,Settlement,0.1,0.75,0.2,Red Soil,5.04,822.92,8.58,0,6337.32,0,1,0,0,"POLYGON((80.30556545100963 26.573556599822325,80.31156545100963 26.573556599822325,80.31156545100963 26.579556599822325,80.30556545100963 26.579556599822325,80.30556545100963 26.573556599822325))",2026-08-01,Indian LULC class anchor + synthetic prototype attributes,SYNTHETIC_PROTOTYPE
IN-LULC-01-010,Uttar Pradesh,Kanpur,26.372901,80.464395,EPSG:4326,Water Body,1,Water Body,0.03,0.02,0.98,Black Soil,0.68,256.15,11.62,0,6549.1,1,0,0,0,"POLYGON((80.46139461348771 26.369900738710253,80.46739461348771 26.369900738710253,80.46739461348771 26.375900738710254,80.46139461348771 26.375900738710254,80.46139461348771 26.369900738710253))",2026-08-01,Indian LULC class anchor + synthetic prototype attributes,SYNTHETIC_PROTOTYPE
IN-LULC-01-011,Uttar Pradesh,Kanpur,26.59402,80.467422,EPSG:4326,Cropland,2,Cropland,0.035,0.65,0.35,Red Soil,8.08,1053.01,10.56,0,3089.79,0,0,1,0,"POLYGON((80.46442220454907 26.591019819438813,80.47042220454907 26.591019819438813,80.47042220454907 26.597019819438813,80.46442220454907 26.597019819438813,80.46442220454907 26.591019819438813))",2026-08-01,Indian LULC class anchor + synthetic prototype attributes,SYNTHETIC_PROTOTYPE
IN-LULC-01-012,Uttar Pradesh,Kanpur,26.35965,80.375099,EPSG:4326,Forest,3,Forest,0.12,0.05,0.9,Alluvial,9.67,1331.18,3.08,0,15121.05,0,0,0,1,"POLYGON((80.37209858092976 26.356650362790777,80.37809858092976 26.356650362790777,80.37809858092976 26.362650362790777,80.37209858092976 26.362650362790777,80.37209858092976 26.356650362790777))",2026-08-01,Indian LULC class anchor + synthetic prototype attributes,SYNTHETIC_PROTOTYPE
IN-LULC-01-013,Uttar Pradesh,Kanpur,26.340102,80.409607,EPSG:4326,Built-up,4,Built-up,0.15,0.9,0.15,Red Soil,4.91,1397.22,7.09,0,15998.18,0,1,0,0,"POLYGON((80.40660673301775 26.337101720428347,80.41260673301775 26.337101720428347,80.41260673301775 26.343101720428347,80.40660673301775 26.343101720428347,80.40660673301775 26.337101720428347))",2026-08-01,Indian LULC class anchor + synthetic prototype attributes,SYNTHETIC_PROTOTYPE
IN-LULC-01-014,Uttar Pradesh,Kanpur,26.384717,80.256641,EPSG:4326,Grassland,5,Grassland,0.04,0.15,0.55,Alluvial,11.51,406.89,12.68,0,12044.44,0,0,0,0,"POLYGON((80.25364102481868 26.38171652866481,80.25964102481868 26.38171652866481,80.25964102481868 26.38771652866481,80.25364102481868 26.38771652866481,80.25364102481868 26.38171652866481))",2026-08-01,Indian LULC class anchor + synthetic prototype attributes,SYNTHETIC_PROTOTYPE
IN-LULC-01-015,Uttar Pradesh,Kanpur,26.533223,80.426266,EPSG:4326,Barren Land,6,Barren Land,0.025,0.05,0.05,Lateritic,9.11,808.59,9.76,0,13989.13,0,0,0,0,"POLYGON((80.42326624549658 26.530223375111113,80.42926624549658 26.530223375111113,80.42926624549658 26.536223375111113,80.42326624549658 26.536223375111113,80.42326624549658 26.530223375111113))",2026-08-01,Indian LULC class anchor + synthetic prototype attributes,SYNTHETIC_PROTOTYPE
IN-LULC-01-016,Uttar Pradesh,Kanpur,26.530368,80.282088,EPSG:4326,Wetland,7,Wetland,0.06,0.2,0.8,Alluvial,3.1,212.66,16.07,0,15017.42,0,0,0,0,"POLYGON((80.27908750757545 26.52736764772448,80.28508750757545 26.52736764772448,80.28508750757545 26.53336764772448,80.27908750757545 26.53336764772448,80.27908750757545 26.52736764772448))",2026-08-01,Indian LULC class anchor + synthetic prototype attributes,SYNTHETIC_PROTOTYPE
IN-LULC-01-017,Uttar Pradesh,Kanpur,26.306294,80.49851,EPSG:4326,Shrubland,8,Shrubland,0.07,0.1,0.65,Alluvial,12.03,735.01,17.65,1,1281.99,0,0,0,0,"POLYGON((80.49550988685368 26.30329366053521,80.50150988685368 26.30329366053521,80.50150988685368 26.30929366053521,80.49550988685368 26.30929366053521,80.49550988685368 26.30329366053521))",2026-08-01,Indian LULC class anchor + synthetic prototype attributes,SYNTHETIC_PROTOTYPE
IN-LULC-01-018,Uttar Pradesh,Kanpur,26.528526,80.207083,EPSG:4326,Road/Transport,9,Road/Transport,0.02,0.95,0.02,Sandy Loam,4.37,1681.4,15.93,0,9015.3,0,1,0,0,"POLYGON((80.20408325698256 26.52552633777698,80.21008325698256 26.52552633777698,80.21008325698256 26.53152633777698,80.20408325698256 26.53152633777698,80.20408325698256 26.52552633777698))",2026-08-01,Indian LULC class anchor + synthetic prototype attributes,SYNTHETIC_PROTOTYPE
IN-LULC-01-019,Uttar Pradesh,Kanpur,26.485579,80.214859,EPSG:4326,Settlement,10,Settlement,0.1,0.75,0.2,Alluvial,4.31,1280.96,11.68,1,2017.86,0,1,0,0,"POLYGON((80.21185900088338 26.482578516360462,80.21785900088338 26.482578516360462,80.21785900088338 26.488578516360462,80.21185900088338 26.488578516360462,80.21185900088338 26.482578516360462))",2026-08-01,Indian LULC class anchor + synthetic prototype attributes,SYNTHETIC_PROTOTYPE
IN-LULC-01-020,Uttar Pradesh,Kanpur,26.321222,80.496702,EPSG:4326,Water Body,1,Water Body,0.03,0.02,0.98,Black Soil,0.45,111.19,17.82,0,3134.73,1,0,0,0,"POLYGON((80.49370168733891 26.318221963732196,80.49970168733891 26.318221963732196,80.49970168733891 26.324221963732196,80.49370168733891 26.324221963732196,80.49370168733891 26.318221963732196))",2026-08-01,Indian LULC class anchor + synthetic prototype attributes,SYNTHETIC_PROTOTYPE
IN-LULC-02-001,Bihar,Patna,25.593562,85.018558,EPSG:4326,Forest,3,Forest,0.12,0.05,0.9,Black Soil,8.11,1012.48,5.92,0,16760.85,0,0,0,1,"POLYGON((85.01555803097918 25.590562466782917,85.02155803097918 25.590562466782917,85.02155803097918 25.596562466782917,85.01555803097918 25.596562466782917,85.01555803097918 25.590562466782917))",2026-08-01,Indian LULC class anchor + synthetic prototype attributes,SYNTHETIC_PROTOTYPE
IN-LULC-02-002,Bihar,Patna,25.662374,85.216259,EPSG:4326,Built-up,4,Built-up,0.15,0.9,0.15,Lateritic,6.7,995.88,10.92,0,13217.19,0,1,0,0,"POLYGON((85.21325878090614 25.659373797497743,85.21925878090615 25.659373797497743,85.21925878090615 25.665373797497743,85.21325878090614 25.665373797497743,85.21325878090614 25.659373797497743))",2026-08-01,Indian LULC class anchor + synthetic prototype attributes,SYNTHETIC_PROTOTYPE
IN-LULC-02-003,Bihar,Patna,25.514144,85.277221,EPSG:4326,Grassland,5,Grassland,0.04,0.15,0.55,Red Soil,13.47,1256.04,5.93,0,5706.44,0,0,0,0,"POLYGON((85.27422051087457 25.51114395978149,85.28022051087457 25.51114395978149,85.28022051087457 25.51714395978149,85.27422051087457 25.51714395978149,85.27422051087457 25.51114395978149))",2026-08-01,Indian LULC class anchor + synthetic prototype attributes,SYNTHETIC_PROTOTYPE
IN-LULC-02-004,Bihar,Patna,25.579139,85.155776,EPSG:4326,Barren Land,6,Barren Land,0.025,0.05,0.05,Alluvial,5.34,348.66,13.29,1,2297.0,0,0,0,0,"POLYGON((85.15277647886201 25.576139249865275,85.15877647886201 25.576139249865275,85.15877647886201 25.582139249865275,85.15277647886201 25.582139249865275,85.15277647886201 25.576139249865275))",2026-08-01,Indian LULC class anchor + synthetic prototype attributes,SYNTHETIC_PROTOTYPE
IN-LULC-02-005,Bihar,Patna,25.507235,85.107298,EPSG:4326,Wetland,7,Wetland,0.06,0.2,0.8,Black Soil,3.07,624.65,6.78,0,18653.48,0,0,0,0,"POLYGON((85.1042982195742 25.50423543447919,85.1102982195742 25.50423543447919,85.1102982195742 25.510235434479192,85.1042982195742 25.510235434479192,85.1042982195742 25.50423543447919))",2026-08-01,Indian LULC class anchor + synthetic prototype attributes,SYNTHETIC_PROTOTYPE
IN-LULC-02-006,Bihar,Patna,25.740954,85.014842,EPSG:4326,Shrubland,8,Shrubland,0.07,0.1,0.65,Alluvial,10.25,667.83,3.97,0,3982.29,0,0,0,0,"POLYGON((85.01184187695385 25.737953571318634,85.01784187695385 25.737953571318634,85.01784187695385 25.743953571318634,85.01184187695385 25.743953571318634,85.01184187695385 25.737953571318634))",2026-08-01,Indian LULC class anchor + synthetic prototype attributes,SYNTHETIC_PROTOTYPE
IN-LULC-02-007,Bihar,Patna,25.577165,85.143085,EPSG:4326,Road/Transport,9,Road/Transport,0.02,0.95,0.02,Sandy Loam,4.31,1315.81,15.14,0,13528.42,0,1,0,0,"POLYGON((85.14008485112076 25.57416456365234,85.14608485112076 25.57416456365234,85.14608485112076 25.58016456365234,85.14008485112076 25.58016456365234,85.14008485112076 25.57416456365234))",2026-08-01,Indian LULC class anchor + synthetic prototype attributes,SYNTHETIC_PROTOTYPE
IN-LULC-02-008,Bihar,Patna,25.681978,85.228907,EPSG:4326,Settlement,10,Settlement,0.1,0.75,0.2,Lateritic,7.56,282.95,11.43,0,17811.39,0,1,0,0,"POLYGON((85.22590735261579 25.678978490661404,85.23190735261579 25.678978490661404,85.23190735261579 25.684978490661404,85.22590735261579 25.684978490661404,85.22590735261579 25.678978490661404))",2026-08-01,Indian LULC class anchor + synthetic prototype attributes,SYNTHETIC_PROTOTYPE
IN-LULC-02-009,Bihar,Patna,25.653661,85.235071,EPSG:4326,Water Body,1,Water Body,0.03,0.02,0.98,Alluvial,0.56,168.21,8.58,0,9266.43,1,0,0,0,"POLYGON((85.23207102185452 25.650660865737564,85.23807102185452 25.650660865737564,85.23807102185452 25.656660865737564,85.23207102185452 25.656660865737564,85.23207102185452 25.650660865737564))",2026-08-01,Indian LULC class anchor + synthetic prototype attributes,SYNTHETIC_PROTOTYPE
IN-LULC-02-010,Bihar,Patna,25.712852,85.036295,EPSG:4326,Cropland,2,Cropland,0.035,0.65,0.35,Red Soil,9.81,138.63,16.68,0,5096.16,0,0,1,0,"POLYGON((85.03329486671605 25.709851595761968,85.03929486671605 25.709851595761968,85.03929486671605 25.71585159576197,85.03329486671605 25.71585159576197,85.03329486671605 25.709851595761968))",2026-08-01,Indian LULC class anchor + synthetic prototype attributes,SYNTHETIC_PROTOTYPE
IN-LULC-02-011,Bihar,Patna,25.582441,85.266813,EPSG:4326,Forest,3,Forest,0.12,0.05,0.9,Sandy Loam,8.1,1001.87,6.96,0,7634.58,0,0,0,1,"POLYGON((85.26381345890022 25.579441472267224,85.26981345890022 25.579441472267224,85.26981345890022 25.585441472267224,85.26381345890022 25.585441472267224,85.26381345890022 25.579441472267224))",2026-08-01,Indian LULC class anchor + synthetic prototype attributes,SYNTHETIC_PROTOTYPE
IN-LULC-02-012,Bihar,Patna,25.544378,85.069422,EPSG:4326,Built-up,4,Built-up,0.15,0.9,0.15,Black Soil,4.07,732.81,5.25,0,11442.39,0,1,0,0,"POLYGON((85.06642231572346 25.541377630520806,85.07242231572346 25.541377630520806,85.07242231572346 25.547377630520806,85.06642231572346 25.547377630520806,85.06642231572346 25.541377630520806))",2026-08-01,Indian LULC class anchor + synthetic prototype attributes,SYNTHETIC_PROTOTYPE
IN-LULC-02-013,Bihar,Patna,25.652002,85.178416,EPSG:4326,Grassland,5,Grassland,0.04,0.15,0.55,Sandy Loam,13.7,1223.46,9.24,0,18588.57,0,0,0,0,"POLYGON((85.1754155333569 25.64900185199044,85.1814155333569 25.64900185199044,85.1814155333569 25.65500185199044,85.1754155333569 25.65500185199044,85.1754155333569 25.64900185199044))",2026-08-01,Indian LULC class anchor + synthetic prototype attributes,SYNTHETIC_PROTOTYPE
IN-LULC-02-014,Bihar,Patna,25.683765,85.285985,EPSG:4326,Barren Land,6,Barren Land,0.025,0.05,0.05,Alluvial,8.63,956.59,15.44,1,2935.02,0,0,0,0,"POLYGON((85.28298472170127 25.680765401698043,85.28898472170127 25.680765401698043,85.28898472170127 25.686765401698043,85.28298472170127 25.686765401698043,85.28298472170127 25.680765401698043))",2026-08-01,Indian LULC class anchor + synthetic prototype attributes,SYNTHETIC_PROTOTYPE
IN-LULC-02-015,Bihar,Patna,25.457198,85.12493,EPSG:4326,Wetland,7,Wetland,0.06,0.2,0.8,Alluvial,3.76,1487.96,15.04,0,9486.27,0,0,0,0,"POLYGON((85.121930476953 25.45419839570635,85.127930476953 25.45419839570635,85.127930476953 25.46019839570635,85.121930476953 25.46019839570635,85.121930476953 25.45419839570635))",2026-08-01,Indian LULC class anchor + synthetic prototype attributes,SYNTHETIC_PROTOTYPE
IN-LULC-02-016,Bihar,Patna,25.690716,85.209099,EPSG:4326,Shrubland,8,Shrubland,0.07,0.1,0.65,Alluvial,13.91,1594.08,10.61,0,13557.54,0,0,0,0,"POLYGON((85.20609915691281 25.687715790566426,85.21209915691281 25.687715790566426,85.21209915691281 25.693715790566426,85.20609915691281 25.693715790566426,85.20609915691281 25.687715790566426))",2026-08-01,Indian LULC class anchor + synthetic prototype attributes,SYNTHETIC_PROTOTYPE
IN-LULC-02-017,Bihar,Patna,25.555621,85.174447,EPSG:4326,Road/Transport,9,Road/Transport,0.02,0.95,0.02,Red Soil,4.44,1297.83,7.44,0,19748.89,0,1,0,0,"POLYGON((85.17144699062018 25.55262115675703,85.17744699062018 25.55262115675703,85.17744699062018 25.55862115675703,85.17144699062018 25.55862115675703,85.17144699062018 25.55262115675703))",2026-08-01,Indian LULC class anchor + synthetic prototype attributes,SYNTHETIC_PROTOTYPE
IN-LULC-02-018,Bihar,Patna,25.572322,85.183252,EPSG:4326,Settlement,10,Settlement,0.1,0.75,0.2,Sandy Loam,9.59,12.99,14.41,0,12448.71,0,1,0,0,"POLYGON((85.18025188634329 25.569321609312883,85.18625188634329 25.569321609312883,85.18625188634329 25.575321609312883,85.18025188634329 25.575321609312883,85.18025188634329 25.569321609312883))",2026-08-01,Indian LULC class anchor + synthetic prototype attributes,SYNTHETIC_PROTOTYPE
IN-LULC-02-019,Bihar,Patna,25.679045,85.220448,EPSG:4326,Water Body,1,Water Body,0.03,0.02,0.98,Alluvial,0.64,1778.73,11.34,0,4503.88,1,0,0,0,"POLYGON((85.21744765665177 25.676044865441234,85.22344765665177 25.676044865441234,85.22344765665177 25.682044865441235,85.21744765665177 25.682044865441235,85.21744765665177 25.676044865441234))",2026-08-01,Indian LULC class anchor + synthetic prototype attributes,SYNTHETIC_PROTOTYPE
IN-LULC-02-020,Bihar,Patna,25.505228,84.995356,EPSG:4326,Cropland,2,Cropland,0.035,0.65,0.35,Red Soil,12.36,861.46,12.18,0,13998.84,0,0,1,0,"POLYGON((84.99235586991445 25.502228194875116,84.99835586991445 25.502228194875116,84.99835586991445 25.508228194875116,84.99235586991445 25.508228194875116,84.99235586991445 25.502228194875116))",2026-08-01,Indian LULC class anchor + synthetic prototype attributes,SYNTHETIC_PROTOTYPE
IN-LULC-03-001,Assam,Guwahati,26.09378,91.775343,EPSG:4326,Built-up,4,Built-up,0.15,0.9,0.15,Lateritic,5.49,272.96,7.29,0,8513.67,0,1,0,0,"POLYGON((91.77234317638342 26.09078001581858,91.77834317638342 26.09078001581858,91.77834317638342 26.09678001581858,91.77234317638342 26.09678001581858,91.77234317638342 26.09078001581858))",2026-08-01,Indian LULC class anchor + synthetic prototype attributes,SYNTHETIC_PROTOTYPE
IN-LULC-03-002,Assam,Guwahati,26.151321,91.633568,EPSG:4326,Grassland,5,Grassland,0.04,0.15,0.55,Sandy Loam,13.59,152.35,5.35,0,17488.68,0,0,0,0,"POLYGON((91.63056793115422 26.148321351517623,91.63656793115422 26.148321351517623,91.63656793115422 26.154321351517623,91.63056793115422 26.154321351517623,91.63056793115422 26.148321351517623))",2026-08-01,Indian LULC class anchor + synthetic prototype attributes,SYNTHETIC_PROTOTYPE
IN-LULC-03-003,Assam,Guwahati,26.135473,91.847997,EPSG:4326,Barren Land,6,Barren Land,0.025,0.05,0.05,Sandy Loam,10.84,1513.07,15.6,0,18852.83,0,0,0,0,"POLYGON((91.84499729469086 26.132473145619482,91.85099729469086 26.132473145619482,91.85099729469086 26.138473145619482,91.84499729469086 26.138473145619482,91.84499729469086 26.132473145619482))",2026-08-01,Indian LULC class anchor + synthetic prototype attributes,SYNTHETIC_PROTOTYPE
IN-LULC-03-004,Assam,Guwahati,26.193278,91.664498,EPSG:4326,Wetland,7,Wetland,0.06,0.2,0.8,Black Soil,3.7,875.81,5.12,0,14379.47,0,0,0,0,"POLYGON((91.66149814683237 26.190278048690566,91.66749814683237 26.190278048690566,91.66749814683237 26.196278048690566,91.66149814683237 26.196278048690566,91.66149814683237 26.190278048690566))",2026-08-01,Indian LULC class anchor + synthetic prototype attributes,SYNTHETIC_PROTOTYPE
IN-LULC-03-005,Assam,Guwahati,26.262063,91.889976,EPSG:4326,Shrubland,8,Shrubland,0.07,0.1,0.65,Red Soil,6.08,423.06,1.49,0,13845.71,0,0,0,0,"POLYGON((91.88697557916726 26.259062844338224,91.89297557916726 26.259062844338224,91.89297557916726 26.265062844338225,91.88697557916726 26.265062844338225,91.88697557916726 26.259062844338224))",2026-08-01,Indian LULC class anchor + synthetic prototype attributes,SYNTHETIC_PROTOTYPE
IN-LULC-03-006,Assam,Guwahati,26.213298,91.607841,EPSG:4326,Road/Transport,9,Road/Transport,0.02,0.95,0.02,Alluvial,2.91,749.47,12.77,0,9397.25,0,1,0,0,"POLYGON((91.60484068581992 26.21029766256191,91.61084068581992 26.21029766256191,91.61084068581992 26.21629766256191,91.60484068581992 26.21629766256191,91.60484068581992 26.21029766256191))",2026-08-01,Indian LULC class anchor + synthetic prototype attributes,SYNTHETIC_PROTOTYPE
IN-LULC-03-007,Assam,Guwahati,26.188055,91.73719,EPSG:4326,Settlement,10,Settlement,0.1,0.75,0.2,Lateritic,5.42,1742.95,12.55,0,19424.5,0,1,0,0,"POLYGON((91.734190059297 26.185055047147205,91.740190059297 26.185055047147205,91.740190059297 26.191055047147206,91.734190059297 26.191055047147206,91.734190059297 26.185055047147205))",2026-08-01,Indian LULC class anchor + synthetic prototype attributes,SYNTHETIC_PROTOTYPE
IN-LULC-03-008,Assam,Guwahati,26.237826,91.752071,EPSG:4326,Water Body,1,Water Body,0.03,0.02,0.98,Lateritic,0.4,582.34,5.51,1,2131.03,1,0,0,0,"POLYGON((91.7490709134674 26.234826305303436,91.7550709134674 26.234826305303436,91.7550709134674 26.240826305303436,91.7490709134674 26.240826305303436,91.7490709134674 26.234826305303436))",2026-08-01,Indian LULC class anchor + synthetic prototype attributes,SYNTHETIC_PROTOTYPE
IN-LULC-03-009,Assam,Guwahati,26.121078,91.830977,EPSG:4326,Cropland,2,Cropland,0.035,0.65,0.35,Sandy Loam,8.16,975.19,3.67,0,9367.95,0,0,1,0,"POLYGON((91.82797723019382 26.1180775702116,91.83397723019382 26.1180775702116,91.83397723019382 26.1240775702116,91.82797723019382 26.1240775702116,91.82797723019382 26.1180775702116))",2026-08-01,Indian LULC class anchor + synthetic prototype attributes,SYNTHETIC_PROTOTYPE
IN-LULC-03-010,Assam,Guwahati,26.015578,91.822808,EPSG:4326,Forest,3,Forest,0.12,0.05,0.9,Red Soil,7.99,492.64,9.86,0,16545.03,0,0,0,1,"POLYGON((91.81980754941969 26.012577520569856,91.8258075494197 26.012577520569856,91.8258075494197 26.018577520569856,91.81980754941969 26.018577520569856,91.81980754941969 26.012577520569856))",2026-08-01,Indian LULC class anchor + synthetic prototype attributes,SYNTHETIC_PROTOTYPE
IN-LULC-03-011,Assam,Guwahati,26.276121,91.732717,EPSG:4326,Built-up,4,Built-up,0.15,0.9,0.15,Sandy Loam,6.04,1496.85,11.32,0,15334.25,0,1,0,0,"POLYGON((91.72971672857673 26.273120911298374,91.73571672857673 26.273120911298374,91.73571672857673 26.279120911298374,91.72971672857673 26.279120911298374,91.72971672857673 26.273120911298374))",2026-08-01,Indian LULC class anchor + synthetic prototype attributes,SYNTHETIC_PROTOTYPE
IN-LULC-03-012,Assam,Guwahati,25.995646,91.648539,EPSG:4326,Grassland,5,Grassland,0.04,0.15,0.55,Red Soil,9.64,747.69,1.36,0,5152.24,0,0,0,0,"POLYGON((91.64553857122502 25.9926463092097,91.65153857122502 25.9926463092097,91.65153857122502 25.9986463092097,91.64553857122502 25.9986463092097,91.64553857122502 25.9926463092097))",2026-08-01,Indian LULC class anchor + synthetic prototype attributes,SYNTHETIC_PROTOTYPE
IN-LULC-03-013,Assam,Guwahati,26.26225,91.815474,EPSG:4326,Barren Land,6,Barren Land,0.025,0.05,0.05,Lateritic,6.94,276.59,13.48,0,18425.19,0,0,0,0,"POLYGON((91.81247434972717 26.25925010172913,91.81847434972717 26.25925010172913,91.81847434972717 26.26525010172913,91.81247434972717 26.26525010172913,91.81247434972717 26.25925010172913))",2026-08-01,Indian LULC class anchor + synthetic prototype attributes,SYNTHETIC_PROTOTYPE
IN-LULC-03-014,Assam,Guwahati,26.052358,91.796662,EPSG:4326,Wetland,7,Wetland,0.06,0.2,0.8,Lateritic,3.77,1794.12,5.09,0,6777.34,0,0,0,0,"POLYGON((91.79366241518126 26.049357696498927,91.79966241518126 26.049357696498927,91.79966241518126 26.055357696498927,91.79366241518126 26.055357696498927,91.79366241518126 26.049357696498927))",2026-08-01,Indian LULC class anchor + synthetic prototype attributes,SYNTHETIC_PROTOTYPE
IN-LULC-03-015,Assam,Guwahati,26.112677,91.793278,EPSG:4326,Shrubland,8,Shrubland,0.07,0.1,0.65,Lateritic,7.84,121.3,3.17,0,17160.4,0,0,0,0,"POLYGON((91.7902781040655 26.109676686184166,91.7962781040655 26.109676686184166,91.7962781040655 26.115676686184166,91.7902781040655 26.115676686184166,91.7902781040655 26.109676686184166))",2026-08-01,Indian LULC class anchor + synthetic prototype attributes,SYNTHETIC_PROTOTYPE
IN-LULC-03-016,Assam,Guwahati,26.236489,91.594264,EPSG:4326,Road/Transport,9,Road/Transport,0.02,0.95,0.02,Sandy Loam,4.6,715.6,0.68,0,14928.78,0,1,0,0,"POLYGON((91.59126442794502 26.233488725878487,91.59726442794502 26.233488725878487,91.59726442794502 26.239488725878488,91.59126442794502 26.239488725878488,91.59126442794502 26.233488725878487))",2026-08-01,Indian LULC class anchor + synthetic prototype attributes,SYNTHETIC_PROTOTYPE
IN-LULC-03-017,Assam,Guwahati,26.007302,91.858873,EPSG:4326,Settlement,10,Settlement,0.1,0.75,0.2,Alluvial,7.67,490.71,4.59,0,10248.59,0,1,0,0,"POLYGON((91.85587294828598 26.00430226347053,91.86187294828598 26.00430226347053,91.86187294828598 26.010302263470532,91.85587294828598 26.010302263470532,91.85587294828598 26.00430226347053))",2026-08-01,Indian LULC class anchor + synthetic prototype attributes,SYNTHETIC_PROTOTYPE
IN-LULC-03-018,Assam,Guwahati,26.04288,91.829309,EPSG:4326,Water Body,1,Water Body,0.03,0.02,0.98,Black Soil,0.55,425.95,9.32,1,513.15,1,0,0,0,"POLYGON((91.82630945707088 26.039880190872474,91.83230945707088 26.039880190872474,91.83230945707088 26.045880190872474,91.82630945707088 26.045880190872474,91.82630945707088 26.039880190872474))",2026-08-01,Indian LULC class anchor + synthetic prototype attributes,SYNTHETIC_PROTOTYPE
IN-LULC-03-019,Assam,Guwahati,26.040814,91.858957,EPSG:4326,Cropland,2,Cropland,0.035,0.65,0.35,Red Soil,16.63,1641.59,3.24,0,4728.72,0,0,1,0,"POLYGON((91.85595697117427 26.037813507828503,91.86195697117427 26.037813507828503,91.86195697117427 26.043813507828503,91.85595697117427 26.043813507828503,91.85595697117427 26.037813507828503))",2026-08-01,Indian LULC class anchor + synthetic prototype attributes,SYNTHETIC_PROTOTYPE
IN-LULC-03-020,Assam,Guwahati,26.288192,91.71907,EPSG:4326,Forest,3,Forest,0.12,0.05,0.9,Red Soil,7.75,65.3,10.19,0,19544.6,0,0,0,1,"POLYGON((91.7160698451202 26.28519166207864,91.7220698451202 26.28519166207864,91.7220698451202 26.29119166207864,91.7160698451202 26.29119166207864,91.7160698451202 26.28519166207864))",2026-08-01,Indian LULC class anchor + synthetic prototype attributes,SYNTHETIC_PROTOTYPE
IN-LULC-04-001,West Bengal,Kolkata,22.631907,88.46066,EPSG:4326,Grassland,5,Grassland,0.04,0.15,0.55,Lateritic,11.06,1718.51,0.68,0,3026.54,0,0,0,0,"POLYGON((88.4576599409084 22.62890669187994,88.4636599409084 22.62890669187994,88.4636599409084 22.63490669187994,88.4576599409084 22.63490669187994,88.4576599409084 22.62890669187994))",2026-08-01,Indian LULC class anchor + synthetic prototype attributes,SYNTHETIC_PROTOTYPE
IN-LULC-04-002,West Bengal,Kolkata,22.458846,88.369002,EPSG:4326,Barren Land,6,Barren Land,0.025,0.05,0.05,Red Soil,4.94,495.58,12.54,1,1074.51,0,0,0,0,"POLYGON((88.36600235823732 22.455845677850075,88.37200235823732 22.455845677850075,88.37200235823732 22.461845677850075,88.36600235823732 22.461845677850075,88.36600235823732 22.455845677850075))",2026-08-01,Indian LULC class anchor + synthetic prototype attributes,SYNTHETIC_PROTOTYPE
IN-LULC-04-003,West Bengal,Kolkata,22.593816,88.232603,EPSG:4326,Wetland,7,Wetland,0.06,0.2,0.8,Alluvial,2.03,74.34,6.33,0,17585.05,0,0,0,0,"POLYGON((88.22960311762074 22.59081605311593,88.23560311762074 22.59081605311593,88.23560311762074 22.59681605311593,88.22960311762074 22.59681605311593,88.22960311762074 22.59081605311593))",2026-08-01,Indian LULC class anchor + synthetic prototype attributes,SYNTHETIC_PROTOTYPE
IN-LULC-04-004,West Bengal,Kolkata,22.647889,88.458203,EPSG:4326,Shrubland,8,Shrubland,0.07,0.1,0.65,Lateritic,12.81,709.59,12.83,0,5854.08,0,0,0,0,"POLYGON((88.45520293245806 22.644889085608025,88.46120293245806 22.644889085608025,88.46120293245806 22.650889085608025,88.45520293245806 22.650889085608025,88.45520293245806 22.644889085608025))",2026-08-01,Indian LULC class anchor + synthetic prototype attributes,SYNTHETIC_PROTOTYPE
IN-LULC-04-005,West Bengal,Kolkata,22.560308,88.37653,EPSG:4326,Road/Transport,9,Road/Transport,0.02,0.95,0.02,Alluvial,4.59,692.86,9.13,0,15095.9,0,1,0,0,"POLYGON((88.3735299416046 22.55730808826393,88.3795299416046 22.55730808826393,88.3795299416046 22.56330808826393,88.3735299416046 22.56330808826393,88.3735299416046 22.55730808826393))",2026-08-01,Indian LULC class anchor + synthetic prototype attributes,SYNTHETIC_PROTOTYPE
IN-LULC-04-006,West Bengal,Kolkata,22.649473,88.483977,EPSG:4326,Settlement,10,Settlement,0.1,0.75,0.2,Black Soil,9.29,822.14,3.4,1,2043.93,0,1,0,0,"POLYGON((88.48097657327648 22.646472507916815,88.48697657327648 22.646472507916815,88.48697657327648 22.652472507916816,88.48097657327648 22.652472507916816,88.48097657327648 22.646472507916815))",2026-08-01,Indian LULC class anchor + synthetic prototype attributes,SYNTHETIC_PROTOTYPE
IN-LULC-04-007,West Bengal,Kolkata,22.508926,88.255724,EPSG:4326,Water Body,1,Water Body,0.03,0.02,0.98,Lateritic,0.48,1658.49,17.87,0,6854.67,1,0,0,0,"POLYGON((88.25272392201089 22.505926067805575,88.25872392201089 22.505926067805575,88.25872392201089 22.511926067805575,88.25272392201089 22.511926067805575,88.25272392201089 22.505926067805575))",2026-08-01,Indian LULC class anchor + synthetic prototype attributes,SYNTHETIC_PROTOTYPE
IN-LULC-04-008,West Bengal,Kolkata,22.54252,88.49859,EPSG:4326,Cropland,2,Cropland,0.035,0.65,0.35,Alluvial,9.53,836.0,8.95,0,8882.47,0,0,1,0,"POLYGON((88.49559043792648 22.53951954259667,88.50159043792648 22.53951954259667,88.50159043792648 22.54551954259667,88.49559043792648 22.54551954259667,88.49559043792648 22.53951954259667))",2026-08-01,Indian LULC class anchor + synthetic prototype attributes,SYNTHETIC_PROTOTYPE
IN-LULC-04-009,West Bengal,Kolkata,22.6009,88.228828,EPSG:4326,Forest,3,Forest,0.12,0.05,0.9,Black Soil,4.94,504.52,5.0,1,1125.09,0,0,0,1,"POLYGON((88.22582774204646 22.597900015082363,88.23182774204646 22.597900015082363,88.23182774204646 22.603900015082363,88.22582774204646 22.603900015082363,88.22582774204646 22.597900015082363))",2026-08-01,Indian LULC class anchor + synthetic prototype attributes,SYNTHETIC_PROTOTYPE
IN-LULC-04-010,West Bengal,Kolkata,22.593708,88.465176,EPSG:4326,Built-up,4,Built-up,0.15,0.9,0.15,Sandy Loam,8.12,272.34,2.39,0,6625.98,0,1,0,0,"POLYGON((88.46217576698929 22.590707536826002,88.46817576698929 22.590707536826002,88.46817576698929 22.596707536826003,88.46217576698929 22.596707536826003,88.46217576698929 22.590707536826002))",2026-08-01,Indian LULC class anchor + synthetic prototype attributes,SYNTHETIC_PROTOTYPE
IN-LULC-04-011,West Bengal,Kolkata,22.67132,88.491591,EPSG:4326,Grassland,5,Grassland,0.04,0.15,0.55,Black Soil,19.84,656.41,10.83,1,935.51,0,0,0,0,"POLYGON((88.48859133371047 22.668319985935312,88.49459133371047 22.668319985935312,88.49459133371047 22.674319985935313,88.48859133371047 22.674319985935313,88.48859133371047 22.668319985935312))",2026-08-01,Indian LULC class anchor + synthetic prototype attributes,SYNTHETIC_PROTOTYPE
IN-LULC-04-012,West Bengal,Kolkata,22.470814,88.264725,EPSG:4326,Barren Land,6,Barren Land,0.025,0.05,0.05,Alluvial,9.73,65.26,13.25,0,16924.86,0,0,0,0,"POLYGON((88.2617249388411 22.46781435064228,88.2677249388411 22.46781435064228,88.2677249388411 22.47381435064228,88.2617249388411 22.47381435064228,88.2617249388411 22.46781435064228))",2026-08-01,Indian LULC class anchor + synthetic prototype attributes,SYNTHETIC_PROTOTYPE
IN-LULC-04-013,West Bengal,Kolkata,22.604666,88.362136,EPSG:4326,Wetland,7,Wetland,0.06,0.2,0.8,Sandy Loam,3.65,242.43,7.54,0,3646.91,0,0,0,0,"POLYGON((88.35913600488026 22.601666289385552,88.36513600488026 22.601666289385552,88.36513600488026 22.607666289385552,88.35913600488026 22.607666289385552,88.35913600488026 22.601666289385552))",2026-08-01,Indian LULC class anchor + synthetic prototype attributes,SYNTHETIC_PROTOTYPE
IN-LULC-04-014,West Bengal,Kolkata,22.639166,88.403515,EPSG:4326,Shrubland,8,Shrubland,0.07,0.1,0.65,Black Soil,13.74,379.35,12.79,0,9934.35,0,0,0,0,"POLYGON((88.40051461523805 22.636166269405994,88.40651461523805 22.636166269405994,88.40651461523805 22.642166269405994,88.40051461523805 22.642166269405994,88.40051461523805 22.636166269405994))",2026-08-01,Indian LULC class anchor + synthetic prototype attributes,SYNTHETIC_PROTOTYPE
IN-LULC-04-015,West Bengal,Kolkata,22.503357,88.377754,EPSG:4326,Road/Transport,9,Road/Transport,0.02,0.95,0.02,Lateritic,5.6,121.69,2.49,1,1090.87,0,1,0,0,"POLYGON((88.37475379690163 22.500356845552734,88.38075379690163 22.500356845552734,88.38075379690163 22.506356845552734,88.37475379690163 22.506356845552734,88.37475379690163 22.500356845552734))",2026-08-01,Indian LULC class anchor + synthetic prototype attributes,SYNTHETIC_PROTOTYPE
IN-LULC-04-016,West Bengal,Kolkata,22.528377,88.503782,EPSG:4326,Settlement,10,Settlement,0.1,0.75,0.2,Alluvial,9.62,154.24,17.14,0,13759.61,0,1,0,0,"POLYGON((88.50078162881255 22.525376859251278,88.50678162881255 22.525376859251278,88.50678162881255 22.531376859251278,88.50078162881255 22.531376859251278,88.50078162881255 22.525376859251278))",2026-08-01,Indian LULC class anchor + synthetic prototype attributes,SYNTHETIC_PROTOTYPE
IN-LULC-04-017,West Bengal,Kolkata,22.655388,88.363357,EPSG:4326,Water Body,1,Water Body,0.03,0.02,0.98,Black Soil,0.51,676.92,9.61,0,19755.03,1,0,0,0,"POLYGON((88.36035707836247 22.652387759629594,88.36635707836247 22.652387759629594,88.36635707836247 22.658387759629594,88.36035707836247 22.658387759629594,88.36035707836247 22.652387759629594))",2026-08-01,Indian LULC class anchor + synthetic prototype attributes,SYNTHETIC_PROTOTYPE
IN-LULC-04-018,West Bengal,Kolkata,22.457619,88.384369,EPSG:4326,Cropland,2,Cropland,0.035,0.65,0.35,Lateritic,13.75,907.51,9.31,0,17386.55,0,0,1,0,"POLYGON((88.38136932544973 22.454619110299017,88.38736932544973 22.454619110299017,88.38736932544973 22.460619110299017,88.38136932544973 22.460619110299017,88.38136932544973 22.454619110299017))",2026-08-01,Indian LULC class anchor + synthetic prototype attributes,SYNTHETIC_PROTOTYPE
IN-LULC-04-019,West Bengal,Kolkata,22.473454,88.278953,EPSG:4326,Forest,3,Forest,0.12,0.05,0.9,Alluvial,8.6,80.2,5.44,0,12325.59,0,0,0,1,"POLYGON((88.27595287935402 22.470454231070438,88.28195287935402 22.470454231070438,88.28195287935402 22.476454231070438,88.27595287935402 22.476454231070438,88.27595287935402 22.470454231070438))",2026-08-01,Indian LULC class anchor + synthetic prototype attributes,SYNTHETIC_PROTOTYPE
IN-LULC-04-020,West Bengal,Kolkata,22.43786,88.397447,EPSG:4326,Built-up,4,Built-up,0.15,0.9,0.15,Alluvial,7.86,1454.38,1.58,1,1747.89,0,1,0,0,"POLYGON((88.39444680321479 22.43486008708147,88.40044680321479 22.43486008708147,88.40044680321479 22.44086008708147,88.39444680321479 22.44086008708147,88.39444680321479 22.43486008708147))",2026-08-01,Indian LULC class anchor + synthetic prototype attributes,SYNTHETIC_PROTOTYPE
IN-LULC-05-001,Odisha,Sambalpur,21.371926,83.992908,EPSG:4326,Barren Land,6,Barren Land,0.025,0.05,0.05,Sandy Loam,10.21,1442.24,17.96,0,13063.47,0,0,0,0,"POLYGON((83.98990789999434 21.36892643614299,83.99590789999434 21.36892643614299,83.99590789999434 21.37492643614299,83.98990789999434 21.37492643614299,83.98990789999434 21.36892643614299))",2026-08-01,Indian LULC class anchor + synthetic prototype attributes,SYNTHETIC_PROTOTYPE
IN-LULC-05-002,Odisha,Sambalpur,21.36197,84.104314,EPSG:4326,Wetland,7,Wetland,0.06,0.2,0.8,Black Soil,1.98,1097.51,15.06,1,239.49,0,0,0,0,"POLYGON((84.10131432897253 21.35896962609188,84.10731432897254 21.35896962609188,84.10731432897254 21.36496962609188,84.10131432897253 21.36496962609188,84.10131432897253 21.35896962609188))",2026-08-01,Indian LULC class anchor + synthetic prototype attributes,SYNTHETIC_PROTOTYPE
IN-LULC-05-003,Odisha,Sambalpur,21.323307,84.046118,EPSG:4326,Shrubland,8,Shrubland,0.07,0.1,0.65,Sandy Loam,9.49,859.47,4.04,1,1184.98,0,0,0,0,"POLYGON((84.04311803489814 21.320306857315188,84.04911803489814 21.320306857315188,84.04911803489814 21.32630685731519,84.04311803489814 21.32630685731519,84.04311803489814 21.320306857315188))",2026-08-01,Indian LULC class anchor + synthetic prototype attributes,SYNTHETIC_PROTOTYPE
IN-LULC-05-004,Odisha,Sambalpur,21.492621,83.89154,EPSG:4326,Road/Transport,9,Road/Transport,0.02,0.95,0.02,Lateritic,4.14,1026.61,3.3,0,13579.05,0,1,0,0,"POLYGON((83.88854002299678 21.489620800385506,83.89454002299678 21.489620800385506,83.89454002299678 21.495620800385506,83.88854002299678 21.495620800385506,83.88854002299678 21.489620800385506))",2026-08-01,Indian LULC class anchor + synthetic prototype attributes,SYNTHETIC_PROTOTYPE
IN-LULC-05-005,Odisha,Sambalpur,21.522724,83.912289,EPSG:4326,Settlement,10,Settlement,0.1,0.75,0.2,Lateritic,9.19,1331.18,16.82,0,6172.09,0,1,0,0,"POLYGON((83.9092886921492 21.519724059714182,83.9152886921492 21.519724059714182,83.9152886921492 21.525724059714182,83.9092886921492 21.525724059714182,83.9092886921492 21.519724059714182))",2026-08-01,Indian LULC class anchor + synthetic prototype attributes,SYNTHETIC_PROTOTYPE
IN-LULC-05-006,Odisha,Sambalpur,21.4245,84.10626,EPSG:4326,Water Body,1,Water Body,0.03,0.02,0.98,Sandy Loam,0.5,58.79,8.85,0,12933.04,1,0,0,0,"POLYGON((84.10326013206398 21.421499752369733,84.10926013206398 21.421499752369733,84.10926013206398 21.427499752369734,84.10326013206398 21.427499752369734,84.10326013206398 21.421499752369733))",2026-08-01,Indian LULC class anchor + synthetic prototype attributes,SYNTHETIC_PROTOTYPE
IN-LULC-05-007,Odisha,Sambalpur,21.322875,84.1053,EPSG:4326,Cropland,2,Cropland,0.035,0.65,0.35,Black Soil,13.84,1458.41,5.1,0,14348.32,0,0,1,0,"POLYGON((84.10230038298486 21.319874596907898,84.10830038298486 21.319874596907898,84.10830038298486 21.325874596907898,84.10230038298486 21.325874596907898,84.10230038298486 21.319874596907898))",2026-08-01,Indian LULC class anchor + synthetic prototype attributes,SYNTHETIC_PROTOTYPE
IN-LULC-05-008,Odisha,Sambalpur,21.495701,83.988499,EPSG:4326,Forest,3,Forest,0.12,0.05,0.9,Alluvial,8.51,1713.1,13.74,0,4925.39,0,0,0,1,"POLYGON((83.98549929911472 21.492700640131268,83.99149929911472 21.492700640131268,83.99149929911472 21.49870064013127,83.98549929911472 21.49870064013127,83.98549929911472 21.492700640131268))",2026-08-01,Indian LULC class anchor + synthetic prototype attributes,SYNTHETIC_PROTOTYPE
IN-LULC-05-009,Odisha,Sambalpur,21.571656,83.979716,EPSG:4326,Built-up,4,Built-up,0.15,0.9,0.15,Lateritic,6.62,195.83,14.2,0,13062.57,0,1,0,0,"POLYGON((83.97671559183578 21.56865596705586,83.98271559183578 21.56865596705586,83.98271559183578 21.57465596705586,83.97671559183578 21.57465596705586,83.97671559183578 21.56865596705586))",2026-08-01,Indian LULC class anchor + synthetic prototype attributes,SYNTHETIC_PROTOTYPE
IN-LULC-05-010,Odisha,Sambalpur,21.349909,83.947587,EPSG:4326,Grassland,5,Grassland,0.04,0.15,0.55,Lateritic,10.15,756.16,8.57,0,17281.11,0,0,0,0,"POLYGON((83.94458683518125 21.34690875700109,83.95058683518126 21.34690875700109,83.95058683518126 21.35290875700109,83.94458683518125 21.35290875700109,83.94458683518125 21.34690875700109))",2026-08-01,Indian LULC class anchor + synthetic prototype attributes,SYNTHETIC_PROTOTYPE
IN-LULC-05-011,Odisha,Sambalpur,21.477016,83.978772,EPSG:4326,Barren Land,6,Barren Land,0.025,0.05,0.05,Lateritic,8.55,1225.85,5.62,0,17920.7,0,0,0,0,"POLYGON((83.975771814291 21.474015562678353,83.981771814291 21.474015562678353,83.981771814291 21.480015562678354,83.975771814291 21.480015562678354,83.975771814291 21.474015562678353))",2026-08-01,Indian LULC class anchor + synthetic prototype attributes,SYNTHETIC_PROTOTYPE
IN-LULC-05-012,Odisha,Sambalpur,21.336594,84.044647,EPSG:4326,Wetland,7,Wetland,0.06,0.2,0.8,Black Soil,3.29,71.16,8.79,0,13808.95,0,0,0,0,"POLYGON((84.04164712282456 21.333593704199593,84.04764712282456 21.333593704199593,84.04764712282456 21.339593704199594,84.04164712282456 21.339593704199594,84.04164712282456 21.333593704199593))",2026-08-01,Indian LULC class anchor + synthetic prototype attributes,SYNTHETIC_PROTOTYPE
IN-LULC-05-013,Odisha,Sambalpur,21.548419,83.967631,EPSG:4326,Shrubland,8,Shrubland,0.07,0.1,0.65,Red Soil,9.7,677.34,3.2,1,389.02,0,0,0,0,"POLYGON((83.96463109628303 21.54541921283739,83.97063109628303 21.54541921283739,83.97063109628303 21.55141921283739,83.96463109628303 21.55141921283739,83.96463109628303 21.54541921283739))",2026-08-01,Indian LULC class anchor + synthetic prototype attributes,SYNTHETIC_PROTOTYPE
IN-LULC-05-014,Odisha,Sambalpur,21.353929,84.066812,EPSG:4326,Road/Transport,9,Road/Transport,0.02,0.95,0.02,Sandy Loam,5.28,774.51,17.29,0,4143.93,0,1,0,0,"POLYGON((84.06381215079645 21.350928794499005,84.06981215079645 21.350928794499005,84.06981215079645 21.356928794499005,84.06381215079645 21.356928794499005,84.06381215079645 21.350928794499005))",2026-08-01,Indian LULC class anchor + synthetic prototype attributes,SYNTHETIC_PROTOTYPE
IN-LULC-05-015,Odisha,Sambalpur,21.487316,84.035741,EPSG:4326,Settlement,10,Settlement,0.1,0.75,0.2,Sandy Loam,9.0,1697.32,9.3,0,10198.56,0,1,0,0,"POLYGON((84.03274066163247 21.4843158845582,84.03874066163247 21.4843158845582,84.03874066163247 21.4903158845582,84.03274066163247 21.4903158845582,84.03274066163247 21.4843158845582))",2026-08-01,Indian LULC class anchor + synthetic prototype attributes,SYNTHETIC_PROTOTYPE
IN-LULC-05-016,Odisha,Sambalpur,21.475044,84.046347,EPSG:4326,Water Body,1,Water Body,0.03,0.02,0.98,Black Soil,0.64,18.76,15.93,0,10522.92,1,0,0,0,"POLYGON((84.04334691144996 21.472044030007,84.04934691144996 21.472044030007,84.04934691144996 21.478044030007002,84.04334691144996 21.478044030007002,84.04334691144996 21.472044030007))",2026-08-01,Indian LULC class anchor + synthetic prototype attributes,SYNTHETIC_PROTOTYPE
IN-LULC-05-017,Odisha,Sambalpur,21.53501,84.083233,EPSG:4326,Cropland,2,Cropland,0.035,0.65,0.35,Red Soil,7.27,576.56,9.51,0,19929.93,0,0,1,0,"POLYGON((84.08023306961721 21.532009508148146,84.08623306961721 21.532009508148146,84.08623306961721 21.538009508148146,84.08023306961721 21.538009508148146,84.08023306961721 21.532009508148146))",2026-08-01,Indian LULC class anchor + synthetic prototype attributes,SYNTHETIC_PROTOTYPE
IN-LULC-05-018,Odisha,Sambalpur,21.418944,84.071144,EPSG:4326,Forest,3,Forest,0.12,0.05,0.9,Red Soil,6.33,1503.56,15.59,0,19908.81,0,0,0,1,"POLYGON((84.06814446566273 21.415944476305388,84.07414446566273 21.415944476305388,84.07414446566273 21.421944476305388,84.06814446566273 21.421944476305388,84.06814446566273 21.415944476305388))",2026-08-01,Indian LULC class anchor + synthetic prototype attributes,SYNTHETIC_PROTOTYPE
IN-LULC-05-019,Odisha,Sambalpur,21.374503,84.024624,EPSG:4326,Built-up,4,Built-up,0.15,0.9,0.15,Alluvial,4.88,740.51,14.61,0,9784.07,0,1,0,0,"POLYGON((84.02162399730996 21.37150258224202,84.02762399730996 21.37150258224202,84.02762399730996 21.37750258224202,84.02162399730996 21.37750258224202,84.02162399730996 21.37150258224202))",2026-08-01,Indian LULC class anchor + synthetic prototype attributes,SYNTHETIC_PROTOTYPE
IN-LULC-05-020,Odisha,Sambalpur,21.471909,84.111768,EPSG:4326,Grassland,5,Grassland,0.04,0.15,0.55,Alluvial,11.05,517.26,6.69,1,1977.15,0,0,0,0,"POLYGON((84.10876800624632 21.468909022206493,84.11476800624632 21.468909022206493,84.11476800624632 21.474909022206493,84.10876800624632 21.474909022206493,84.10876800624632 21.468909022206493))",2026-08-01,Indian LULC class anchor + synthetic prototype attributes,SYNTHETIC_PROTOTYPE
IN-LULC-06-001,Jharkhand,Dhanbad,23.852495,86.500716,EPSG:4326,Wetland,7,Wetland,0.06,0.2,0.8,Red Soil,3.06,819.45,15.59,0,7597.77,0,0,0,0,"POLYGON((86.4977155778974 23.849494784421527,86.5037155778974 23.849494784421527,86.5037155778974 23.855494784421527,86.4977155778974 23.855494784421527,86.4977155778974 23.849494784421527))",2026-08-01,Indian LULC class anchor + synthetic prototype attributes,SYNTHETIC_PROTOTYPE
IN-LULC-06-002,Jharkhand,Dhanbad,23.665401,86.378767,EPSG:4326,Shrubland,8,Shrubland,0.07,0.1,0.65,Black Soil,8.83,1250.86,2.37,1,686.04,0,0,0,0,"POLYGON((86.37576726924912 23.66240072418702,86.38176726924912 23.66240072418702,86.38176726924912 23.66840072418702,86.37576726924912 23.66840072418702,86.37576726924912 23.66240072418702))",2026-08-01,Indian LULC class anchor + synthetic prototype attributes,SYNTHETIC_PROTOTYPE
IN-LULC-06-003,Jharkhand,Dhanbad,23.679212,86.433747,EPSG:4326,Road/Transport,9,Road/Transport,0.02,0.95,0.02,Red Soil,4.06,868.54,17.93,0,10676.24,0,1,0,0,"POLYGON((86.43074734832307 23.676211777572004,86.43674734832307 23.676211777572004,86.43674734832307 23.682211777572004,86.43074734832307 23.682211777572004,86.43074734832307 23.676211777572004))",2026-08-01,Indian LULC class anchor + synthetic prototype attributes,SYNTHETIC_PROTOTYPE
IN-LULC-06-004,Jharkhand,Dhanbad,23.815492,86.516834,EPSG:4326,Settlement,10,Settlement,0.1,0.75,0.2,Black Soil,6.46,192.51,3.05,1,639.13,0,1,0,0,"POLYGON((86.51383373405992 23.81249183583034,86.51983373405992 23.81249183583034,86.51983373405992 23.81849183583034,86.51383373405992 23.81849183583034,86.51383373405992 23.81249183583034))",2026-08-01,Indian LULC class anchor + synthetic prototype attributes,SYNTHETIC_PROTOTYPE
IN-LULC-06-005,Jharkhand,Dhanbad,23.792393,86.532354,EPSG:4326,Water Body,1,Water Body,0.03,0.02,0.98,Alluvial,0.52,989.16,2.56,0,15866.67,1,0,0,0,"POLYGON((86.52935391698003 23.78939260633371,86.53535391698003 23.78939260633371,86.53535391698003 23.79539260633371,86.52935391698003 23.79539260633371,86.52935391698003 23.78939260633371))",2026-08-01,Indian LULC class anchor + synthetic prototype attributes,SYNTHETIC_PROTOTYPE
IN-LULC-06-006,Jharkhand,Dhanbad,23.722467,86.571964,EPSG:4326,Cropland,2,Cropland,0.035,0.65,0.35,Red Soil,12.53,815.48,0.78,1,2826.71,0,0,1,0,"POLYGON((86.56896407143721 23.719467475374085,86.57496407143721 23.719467475374085,86.57496407143721 23.725467475374085,86.56896407143721 23.725467475374085,86.56896407143721 23.719467475374085))",2026-08-01,Indian LULC class anchor + synthetic prototype attributes,SYNTHETIC_PROTOTYPE
IN-LULC-06-007,Jharkhand,Dhanbad,23.838819,86.479015,EPSG:4326,Forest,3,Forest,0.12,0.05,0.9,Lateritic,8.97,1730.93,7.65,0,16673.9,0,0,0,1,"POLYGON((86.47601487794955 23.835818929278826,86.48201487794955 23.835818929278826,86.48201487794955 23.841818929278826,86.47601487794955 23.841818929278826,86.47601487794955 23.835818929278826))",2026-08-01,Indian LULC class anchor + synthetic prototype attributes,SYNTHETIC_PROTOTYPE
IN-LULC-06-008,Jharkhand,Dhanbad,23.778014,86.478634,EPSG:4326,Built-up,4,Built-up,0.15,0.9,0.15,Black Soil,6.08,1435.4,17.98,0,8322.84,0,1,0,0,"POLYGON((86.4756337311473 23.77501419262314,86.4816337311473 23.77501419262314,86.4816337311473 23.78101419262314,86.4756337311473 23.78101419262314,86.4756337311473 23.77501419262314))",2026-08-01,Indian LULC class anchor + synthetic prototype attributes,SYNTHETIC_PROTOTYPE
IN-LULC-06-009,Jharkhand,Dhanbad,23.841423,86.317844,EPSG:4326,Grassland,5,Grassland,0.04,0.15,0.55,Alluvial,14.76,105.12,17.76,0,8023.1,0,0,0,0,"POLYGON((86.31484419152991 23.838422748329993,86.32084419152991 23.838422748329993,86.32084419152991 23.844422748329993,86.31484419152991 23.844422748329993,86.31484419152991 23.838422748329993))",2026-08-01,Indian LULC class anchor + synthetic prototype attributes,SYNTHETIC_PROTOTYPE
IN-LULC-06-010,Jharkhand,Dhanbad,23.825319,86.360825,EPSG:4326,Barren Land,6,Barren Land,0.025,0.05,0.05,Lateritic,9.49,1305.48,6.34,0,16834.17,0,0,0,0,"POLYGON((86.35782473362865 23.82231927149525,86.36382473362865 23.82231927149525,86.36382473362865 23.82831927149525,86.35782473362865 23.82831927149525,86.35782473362865 23.82231927149525))",2026-08-01,Indian LULC class anchor + synthetic prototype attributes,SYNTHETIC_PROTOTYPE
IN-LULC-06-011,Jharkhand,Dhanbad,23.762359,86.471998,EPSG:4326,Wetland,7,Wetland,0.06,0.2,0.8,Alluvial,2.71,581.19,13.61,0,14684.48,0,0,0,0,"POLYGON((86.46899752647744 23.759358946357125,86.47499752647744 23.759358946357125,86.47499752647744 23.765358946357125,86.46899752647744 23.765358946357125,86.46899752647744 23.759358946357125))",2026-08-01,Indian LULC class anchor + synthetic prototype attributes,SYNTHETIC_PROTOTYPE
IN-LULC-06-012,Jharkhand,Dhanbad,23.714969,86.495788,EPSG:4326,Shrubland,8,Shrubland,0.07,0.1,0.65,Sandy Loam,6.84,1267.02,9.86,0,16826.07,0,0,0,0,"POLYGON((86.49278829912954 23.711968642137197,86.49878829912954 23.711968642137197,86.49878829912954 23.717968642137198,86.49278829912954 23.717968642137198,86.49278829912954 23.711968642137197))",2026-08-01,Indian LULC class anchor + synthetic prototype attributes,SYNTHETIC_PROTOTYPE
IN-LULC-06-013,Jharkhand,Dhanbad,23.778488,86.370578,EPSG:4326,Road/Transport,9,Road/Transport,0.02,0.95,0.02,Red Soil,3.95,1062.43,2.74,0,3364.24,0,1,0,0,"POLYGON((86.3675778891184 23.775487763838743,86.3735778891184 23.775487763838743,86.3735778891184 23.781487763838744,86.3675778891184 23.781487763838744,86.3675778891184 23.775487763838743))",2026-08-01,Indian LULC class anchor + synthetic prototype attributes,SYNTHETIC_PROTOTYPE
IN-LULC-06-014,Jharkhand,Dhanbad,23.911566,86.451785,EPSG:4326,Settlement,10,Settlement,0.1,0.75,0.2,Black Soil,6.58,1351.93,10.19,0,15287.5,0,1,0,0,"POLYGON((86.44878473164658 23.908565952562753,86.45478473164658 23.908565952562753,86.45478473164658 23.914565952562754,86.44878473164658 23.914565952562754,86.44878473164658 23.908565952562753))",2026-08-01,Indian LULC class anchor + synthetic prototype attributes,SYNTHETIC_PROTOTYPE
IN-LULC-06-015,Jharkhand,Dhanbad,23.68098,86.429834,EPSG:4326,Water Body,1,Water Body,0.03,0.02,0.98,Red Soil,0.33,132.05,9.27,0,13817.98,1,0,0,0,"POLYGON((86.42683403067595 23.67797954890176,86.43283403067595 23.67797954890176,86.43283403067595 23.68397954890176,86.42683403067595 23.68397954890176,86.42683403067595 23.67797954890176))",2026-08-01,Indian LULC class anchor + synthetic prototype attributes,SYNTHETIC_PROTOTYPE
IN-LULC-06-016,Jharkhand,Dhanbad,23.760958,86.304161,EPSG:4326,Cropland,2,Cropland,0.035,0.65,0.35,Black Soil,11.36,1012.95,8.18,0,15318.32,0,0,1,0,"POLYGON((86.30116053201657 23.75795835350183,86.30716053201657 23.75795835350183,86.30716053201657 23.76395835350183,86.30116053201657 23.76395835350183,86.30116053201657 23.75795835350183))",2026-08-01,Indian LULC class anchor + synthetic prototype attributes,SYNTHETIC_PROTOTYPE
IN-LULC-06-017,Jharkhand,Dhanbad,23.705053,86.31868,EPSG:4326,Forest,3,Forest,0.12,0.05,0.9,Lateritic,7.08,439.75,12.82,0,14221.55,0,0,0,1,"POLYGON((86.3156795119307 23.702052967227512,86.3216795119307 23.702052967227512,86.3216795119307 23.708052967227513,86.3156795119307 23.708052967227513,86.3156795119307 23.702052967227512))",2026-08-01,Indian LULC class anchor + synthetic prototype attributes,SYNTHETIC_PROTOTYPE
IN-LULC-06-018,Jharkhand,Dhanbad,23.920666,86.530992,EPSG:4326,Built-up,4,Built-up,0.15,0.9,0.15,Red Soil,4.09,835.94,6.62,0,8954.35,0,1,0,0,"POLYGON((86.52799233232874 23.917665810601008,86.53399233232874 23.917665810601008,86.53399233232874 23.92366581060101,86.52799233232874 23.92366581060101,86.52799233232874 23.917665810601008))",2026-08-01,Indian LULC class anchor + synthetic prototype attributes,SYNTHETIC_PROTOTYPE
IN-LULC-06-019,Jharkhand,Dhanbad,23.762005,86.542882,EPSG:4326,Grassland,5,Grassland,0.04,0.15,0.55,Black Soil,17.42,1731.72,14.1,0,6254.02,0,0,0,0,"POLYGON((86.53988169441133 23.759005488212686,86.54588169441134 23.759005488212686,86.54588169441134 23.765005488212687,86.53988169441133 23.765005488212687,86.53988169441133 23.759005488212686))",2026-08-01,Indian LULC class anchor + synthetic prototype attributes,SYNTHETIC_PROTOTYPE
IN-LULC-06-020,Jharkhand,Dhanbad,23.797611,86.506775,EPSG:4326,Barren Land,6,Barren Land,0.025,0.05,0.05,Black Soil,8.26,1738.11,6.2,0,17498.54,0,0,0,0,"POLYGON((86.50377510922499 23.794610951887435,86.50977510922499 23.794610951887435,86.50977510922499 23.800610951887435,86.50377510922499 23.800610951887435,86.50377510922499 23.794610951887435))",2026-08-01,Indian LULC class anchor + synthetic prototype attributes,SYNTHETIC_PROTOTYPE
IN-LULC-07-001,Chhattisgarh,Raipur,21.343423,81.571991,EPSG:4326,Shrubland,8,Shrubland,0.07,0.1,0.65,Alluvial,6.55,1714.35,2.66,0,18309.98,0,0,0,0,"POLYGON((81.56899050291946 21.340423359626843,81.57499050291946 21.340423359626843,81.57499050291946 21.346423359626844,81.56899050291946 21.346423359626844,81.56899050291946 21.340423359626843))",2026-08-01,Indian LULC class anchor + synthetic prototype attributes,SYNTHETIC_PROTOTYPE
IN-LULC-07-002,Chhattisgarh,Raipur,21.2711,81.658309,EPSG:4326,Road/Transport,9,Road/Transport,0.02,0.95,0.02,Alluvial,2.96,1539.32,15.86,0,11571.47,0,1,0,0,"POLYGON((81.65530900072388 21.268099830259906,81.66130900072388 21.268099830259906,81.66130900072388 21.274099830259907,81.65530900072388 21.274099830259907,81.65530900072388 21.268099830259906))",2026-08-01,Indian LULC class anchor + synthetic prototype attributes,SYNTHETIC_PROTOTYPE
IN-LULC-07-003,Chhattisgarh,Raipur,21.31846,81.580576,EPSG:4326,Settlement,10,Settlement,0.1,0.75,0.2,Alluvial,9.48,1277.4,12.19,0,13445.14,0,1,0,0,"POLYGON((81.57757623770796 21.31546015878652,81.58357623770796 21.31546015878652,81.58357623770796 21.321460158786522,81.57757623770796 21.321460158786522,81.57757623770796 21.31546015878652))",2026-08-01,Indian LULC class anchor + synthetic prototype attributes,SYNTHETIC_PROTOTYPE
IN-LULC-07-004,Chhattisgarh,Raipur,21.252549,81.621247,EPSG:4326,Water Body,1,Water Body,0.03,0.02,0.98,Red Soil,0.63,908.81,4.72,0,5457.86,1,0,0,0,"POLYGON((81.61824657193759 21.249548660917185,81.62424657193759 21.249548660917185,81.62424657193759 21.255548660917185,81.61824657193759 21.255548660917185,81.61824657193759 21.249548660917185))",2026-08-01,Indian LULC class anchor + synthetic prototype attributes,SYNTHETIC_PROTOTYPE
IN-LULC-07-005,Chhattisgarh,Raipur,21.374636,81.519626,EPSG:4326,Cropland,2,Cropland,0.035,0.65,0.35,Sandy Loam,8.62,789.69,4.93,0,5882.19,0,0,1,0,"POLYGON((81.51662591941985 21.37163607303611,81.52262591941985 21.37163607303611,81.52262591941985 21.37763607303611,81.51662591941985 21.37763607303611,81.51662591941985 21.37163607303611))",2026-08-01,Indian LULC class anchor + synthetic prototype attributes,SYNTHETIC_PROTOTYPE
IN-LULC-07-006,Chhattisgarh,Raipur,21.227041,81.515372,EPSG:4326,Forest,3,Forest,0.12,0.05,0.9,Black Soil,9.46,1404.54,2.26,1,1218.36,0,0,0,1,"POLYGON((81.51237206268476 21.224040783199385,81.51837206268476 21.224040783199385,81.51837206268476 21.230040783199385,81.51237206268476 21.230040783199385,81.51237206268476 21.224040783199385))",2026-08-01,Indian LULC class anchor + synthetic prototype attributes,SYNTHETIC_PROTOTYPE
IN-LULC-07-007,Chhattisgarh,Raipur,21.377919,81.555516,EPSG:4326,Built-up,4,Built-up,0.15,0.9,0.15,Alluvial,7.1,185.42,10.5,0,19753.61,0,1,0,0,"POLYGON((81.55251567172695 21.374918876105614,81.55851567172695 21.374918876105614,81.55851567172695 21.380918876105614,81.55251567172695 21.380918876105614,81.55251567172695 21.374918876105614))",2026-08-01,Indian LULC class anchor + synthetic prototype attributes,SYNTHETIC_PROTOTYPE
IN-LULC-07-008,Chhattisgarh,Raipur,21.363799,81.485852,EPSG:4326,Grassland,5,Grassland,0.04,0.15,0.55,Red Soil,9.32,327.37,13.39,1,1523.73,0,0,0,0,"POLYGON((81.4828521311185 21.36079890378389,81.4888521311185 21.36079890378389,81.4888521311185 21.36679890378389,81.4828521311185 21.36679890378389,81.4828521311185 21.36079890378389))",2026-08-01,Indian LULC class anchor + synthetic prototype attributes,SYNTHETIC_PROTOTYPE
IN-LULC-07-009,Chhattisgarh,Raipur,21.153932,81.606339,EPSG:4326,Barren Land,6,Barren Land,0.025,0.05,0.05,Lateritic,10.32,1706.55,2.8,0,3806.39,0,0,0,0,"POLYGON((81.60333854983669 21.150931828547833,81.60933854983669 21.150931828547833,81.60933854983669 21.156931828547833,81.60333854983669 21.156931828547833,81.60333854983669 21.150931828547833))",2026-08-01,Indian LULC class anchor + synthetic prototype attributes,SYNTHETIC_PROTOTYPE
IN-LULC-07-010,Chhattisgarh,Raipur,21.232685,81.535384,EPSG:4326,Wetland,7,Wetland,0.06,0.2,0.8,Red Soil,3.87,1199.47,7.73,0,19259.1,0,0,0,0,"POLYGON((81.53238403272212 21.22968536050329,81.53838403272212 21.22968536050329,81.53838403272212 21.23568536050329,81.53238403272212 21.23568536050329,81.53238403272212 21.22968536050329))",2026-08-01,Indian LULC class anchor + synthetic prototype attributes,SYNTHETIC_PROTOTYPE
IN-LULC-07-011,Chhattisgarh,Raipur,21.364189,81.662379,EPSG:4326,Shrubland,8,Shrubland,0.07,0.1,0.65,Lateritic,6.62,477.65,5.22,0,7146.85,0,0,0,0,"POLYGON((81.65937897860701 21.361189306188614,81.66537897860701 21.361189306188614,81.66537897860701 21.367189306188614,81.65937897860701 21.367189306188614,81.65937897860701 21.361189306188614))",2026-08-01,Indian LULC class anchor + synthetic prototype attributes,SYNTHETIC_PROTOTYPE
IN-LULC-07-012,Chhattisgarh,Raipur,21.322451,81.663752,EPSG:4326,Road/Transport,9,Road/Transport,0.02,0.95,0.02,Black Soil,5.24,515.8,5.75,0,14316.96,0,1,0,0,"POLYGON((81.66075166918964 21.31945119169116,81.66675166918964 21.31945119169116,81.66675166918964 21.32545119169116,81.66075166918964 21.32545119169116,81.66075166918964 21.31945119169116))",2026-08-01,Indian LULC class anchor + synthetic prototype attributes,SYNTHETIC_PROTOTYPE
IN-LULC-07-013,Chhattisgarh,Raipur,21.196448,81.514739,EPSG:4326,Settlement,10,Settlement,0.1,0.75,0.2,Alluvial,6.34,580.18,6.84,0,9907.66,0,1,0,0,"POLYGON((81.51173930985692 21.1934477918956,81.51773930985692 21.1934477918956,81.51773930985692 21.1994477918956,81.51173930985692 21.1994477918956,81.51173930985692 21.1934477918956))",2026-08-01,Indian LULC class anchor + synthetic prototype attributes,SYNTHETIC_PROTOTYPE
IN-LULC-07-014,Chhattisgarh,Raipur,21.107428,81.675566,EPSG:4326,Water Body,1,Water Body,0.03,0.02,0.98,Red Soil,0.48,1328.65,6.93,0,5316.94,1,0,0,0,"POLYGON((81.67256601835686 21.10442801746997,81.67856601835686 21.10442801746997,81.67856601835686 21.11042801746997,81.67256601835686 21.11042801746997,81.67256601835686 21.10442801746997))",2026-08-01,Indian LULC class anchor + synthetic prototype attributes,SYNTHETIC_PROTOTYPE
IN-LULC-07-015,Chhattisgarh,Raipur,21.330342,81.693811,EPSG:4326,Cropland,2,Cropland,0.035,0.65,0.35,Alluvial,16.0,1656.48,5.95,0,19813.55,0,0,1,0,"POLYGON((81.69081136702626 21.327341703430164,81.69681136702626 21.327341703430164,81.69681136702626 21.333341703430165,81.69081136702626 21.333341703430165,81.69081136702626 21.327341703430164))",2026-08-01,Indian LULC class anchor + synthetic prototype attributes,SYNTHETIC_PROTOTYPE
IN-LULC-07-016,Chhattisgarh,Raipur,21.154959,81.48134,EPSG:4326,Forest,3,Forest,0.12,0.05,0.9,Lateritic,10.89,1526.99,10.01,0,12663.01,0,0,0,1,"POLYGON((81.47834047596837 21.15195886211966,81.48434047596837 21.15195886211966,81.48434047596837 21.15795886211966,81.47834047596837 21.15795886211966,81.47834047596837 21.15195886211966))",2026-08-01,Indian LULC class anchor + synthetic prototype attributes,SYNTHETIC_PROTOTYPE
IN-LULC-07-017,Chhattisgarh,Raipur,21.358001,81.736126,EPSG:4326,Built-up,4,Built-up,0.15,0.9,0.15,Lateritic,4.7,1632.08,1.39,0,7452.05,0,1,0,0,"POLYGON((81.73312606176982 21.35500107034808,81.73912606176982 21.35500107034808,81.73912606176982 21.36100107034808,81.73312606176982 21.36100107034808,81.73312606176982 21.35500107034808))",2026-08-01,Indian LULC class anchor + synthetic prototype attributes,SYNTHETIC_PROTOTYPE
IN-LULC-07-018,Chhattisgarh,Raipur,21.345363,81.602981,EPSG:4326,Grassland,5,Grassland,0.04,0.15,0.55,Red Soil,16.7,1320.1,15.91,0,3112.74,0,0,0,0,"POLYGON((81.59998098109556 21.34236291314276,81.60598098109556 21.34236291314276,81.60598098109556 21.34836291314276,81.59998098109556 21.34836291314276,81.59998098109556 21.34236291314276))",2026-08-01,Indian LULC class anchor + synthetic prototype attributes,SYNTHETIC_PROTOTYPE
IN-LULC-07-019,Chhattisgarh,Raipur,21.23479,81.595013,EPSG:4326,Barren Land,6,Barren Land,0.025,0.05,0.05,Lateritic,7.74,1501.96,4.33,0,11274.53,0,0,0,0,"POLYGON((81.59201347605956 21.231789972298888,81.59801347605956 21.231789972298888,81.59801347605956 21.237789972298888,81.59201347605956 21.237789972298888,81.59201347605956 21.231789972298888))",2026-08-01,Indian LULC class anchor + synthetic prototype attributes,SYNTHETIC_PROTOTYPE
IN-LULC-07-020,Chhattisgarh,Raipur,21.340912,81.755484,EPSG:4326,Wetland,7,Wetland,0.06,0.2,0.8,Sandy Loam,2.03,31.56,2.43,0,6830.69,0,0,0,0,"POLYGON((81.75248368138023 21.337912122769982,81.75848368138023 21.337912122769982,81.75848368138023 21.343912122769982,81.75248368138023 21.343912122769982,81.75248368138023 21.337912122769982))",2026-08-01,Indian LULC class anchor + synthetic prototype attributes,SYNTHETIC_PROTOTYPE
IN-LULC-08-001,Madhya Pradesh,Bhopal,23.173943,77.395032,EPSG:4326,Road/Transport,9,Road/Transport,0.02,0.95,0.02,Alluvial,4.66,188.77,3.8,0,3831.36,0,1,0,0,"POLYGON((77.39203163780748 23.170943063508002,77.39803163780748 23.170943063508002,77.39803163780748 23.176943063508002,77.39203163780748 23.176943063508002,77.39203163780748 23.170943063508002))",2026-08-01,Indian LULC class anchor + synthetic prototype attributes,SYNTHETIC_PROTOTYPE
IN-LULC-08-002,Madhya Pradesh,Bhopal,23.336507,77.313108,EPSG:4326,Settlement,10,Settlement,0.1,0.75,0.2,Black Soil,5.2,1448.64,12.17,0,4010.9,0,1,0,0,"POLYGON((77.31010784687392 23.333506746992796,77.31610784687392 23.333506746992796,77.31610784687392 23.339506746992797,77.31010784687392 23.339506746992797,77.31010784687392 23.333506746992796))",2026-08-01,Indian LULC class anchor + synthetic prototype attributes,SYNTHETIC_PROTOTYPE
IN-LULC-08-003,Madhya Pradesh,Bhopal,23.376036,77.410998,EPSG:4326,Water Body,1,Water Body,0.03,0.02,0.98,Alluvial,0.49,42.14,16.88,0,12526.7,1,0,0,0,"POLYGON((77.40799793965307 23.373035996101468,77.41399793965307 23.373035996101468,77.41399793965307 23.379035996101468,77.40799793965307 23.379035996101468,77.40799793965307 23.373035996101468))",2026-08-01,Indian LULC class anchor + synthetic prototype attributes,SYNTHETIC_PROTOTYPE
IN-LULC-08-004,Madhya Pradesh,Bhopal,23.314926,77.453187,EPSG:4326,Cropland,2,Cropland,0.035,0.65,0.35,Sandy Loam,14.61,504.41,12.86,0,19218.85,0,0,1,0,"POLYGON((77.45018749743693 23.31192638126531,77.45618749743693 23.31192638126531,77.45618749743693 23.31792638126531,77.45018749743693 23.31792638126531,77.45018749743693 23.31192638126531))",2026-08-01,Indian LULC class anchor + synthetic prototype attributes,SYNTHETIC_PROTOTYPE
IN-LULC-08-005,Madhya Pradesh,Bhopal,23.158328,77.551626,EPSG:4326,Forest,3,Forest,0.12,0.05,0.9,Red Soil,9.98,611.23,15.74,0,3925.19,0,0,0,1,"POLYGON((77.54862615621758 23.155328486590204,77.55462615621758 23.155328486590204,77.55462615621758 23.161328486590204,77.54862615621758 23.161328486590204,77.54862615621758 23.155328486590204))",2026-08-01,Indian LULC class anchor + synthetic prototype attributes,SYNTHETIC_PROTOTYPE
IN-LULC-08-006,Madhya Pradesh,Bhopal,23.24941,77.527428,EPSG:4326,Built-up,4,Built-up,0.15,0.9,0.15,Black Soil,4.43,203.94,1.84,0,6617.77,0,1,0,0,"POLYGON((77.52442754131363 23.246409981644582,77.53042754131363 23.246409981644582,77.53042754131363 23.252409981644583,77.52442754131363 23.252409981644583,77.52442754131363 23.246409981644582))",2026-08-01,Indian LULC class anchor + synthetic prototype attributes,SYNTHETIC_PROTOTYPE
IN-LULC-08-007,Madhya Pradesh,Bhopal,23.307612,77.270418,EPSG:4326,Grassland,5,Grassland,0.04,0.15,0.55,Red Soil,11.63,441.22,12.74,0,13567.31,0,0,0,0,"POLYGON((77.26741784488644 23.30461188099681,77.27341784488644 23.30461188099681,77.27341784488644 23.31061188099681,77.26741784488644 23.31061188099681,77.26741784488644 23.30461188099681))",2026-08-01,Indian LULC class anchor + synthetic prototype attributes,SYNTHETIC_PROTOTYPE
IN-LULC-08-008,Madhya Pradesh,Bhopal,23.280627,77.381069,EPSG:4326,Barren Land,6,Barren Land,0.025,0.05,0.05,Sandy Loam,6.62,12.72,8.84,0,12231.82,0,0,0,0,"POLYGON((77.37806887962364 23.277626894842843,77.38406887962364 23.277626894842843,77.38406887962364 23.283626894842843,77.37806887962364 23.283626894842843,77.37806887962364 23.277626894842843))",2026-08-01,Indian LULC class anchor + synthetic prototype attributes,SYNTHETIC_PROTOTYPE
IN-LULC-08-009,Madhya Pradesh,Bhopal,23.322336,77.260003,EPSG:4326,Wetland,7,Wetland,0.06,0.2,0.8,Alluvial,2.01,1227.56,14.13,1,1991.4,0,0,0,0,"POLYGON((77.25700289061784 23.319335763471766,77.26300289061784 23.319335763471766,77.26300289061784 23.325335763471767,77.25700289061784 23.325335763471767,77.25700289061784 23.319335763471766))",2026-08-01,Indian LULC class anchor + synthetic prototype attributes,SYNTHETIC_PROTOTYPE
IN-LULC-08-010,Madhya Pradesh,Bhopal,23.290656,77.458143,EPSG:4326,Shrubland,8,Shrubland,0.07,0.1,0.65,Red Soil,8.27,842.92,3.93,1,1761.5,0,0,0,0,"POLYGON((77.45514323721594 23.287655542158074,77.46114323721594 23.287655542158074,77.46114323721594 23.293655542158074,77.45514323721594 23.293655542158074,77.45514323721594 23.287655542158074))",2026-08-01,Indian LULC class anchor + synthetic prototype attributes,SYNTHETIC_PROTOTYPE
IN-LULC-08-011,Madhya Pradesh,Bhopal,23.269414,77.306885,EPSG:4326,Road/Transport,9,Road/Transport,0.02,0.95,0.02,Sandy Loam,4.71,692.05,9.0,0,15010.07,0,1,0,0,"POLYGON((77.303884529812 23.26641394747312,77.309884529812 23.26641394747312,77.309884529812 23.27241394747312,77.303884529812 23.27241394747312,77.303884529812 23.26641394747312))",2026-08-01,Indian LULC class anchor + synthetic prototype attributes,SYNTHETIC_PROTOTYPE
IN-LULC-08-012,Madhya Pradesh,Bhopal,23.339584,77.523376,EPSG:4326,Settlement,10,Settlement,0.1,0.75,0.2,Alluvial,5.2,596.85,12.24,0,10732.78,0,1,0,0,"POLYGON((77.52037569725705 23.33658401417471,77.52637569725705 23.33658401417471,77.52637569725705 23.34258401417471,77.52037569725705 23.34258401417471,77.52037569725705 23.33658401417471))",2026-08-01,Indian LULC class anchor + synthetic prototype attributes,SYNTHETIC_PROTOTYPE
IN-LULC-08-013,Madhya Pradesh,Bhopal,23.250945,77.406707,EPSG:4326,Water Body,1,Water Body,0.03,0.02,0.98,Lateritic,0.49,1121.3,6.17,0,11790.29,1,0,0,0,"POLYGON((77.40370674689467 23.247944897364544,77.40970674689467 23.247944897364544,77.40970674689467 23.253944897364544,77.40370674689467 23.253944897364544,77.40370674689467 23.247944897364544))",2026-08-01,Indian LULC class anchor + synthetic prototype attributes,SYNTHETIC_PROTOTYPE
IN-LULC-08-014,Madhya Pradesh,Bhopal,23.199709,77.340908,EPSG:4326,Cropland,2,Cropland,0.035,0.65,0.35,Sandy Loam,10.76,1582.4,17.71,1,594.03,0,0,1,0,"POLYGON((77.33790786532063 23.19670867566563,77.34390786532063 23.19670867566563,77.34390786532063 23.20270867566563,77.33790786532063 23.20270867566563,77.33790786532063 23.19670867566563))",2026-08-01,Indian LULC class anchor + synthetic prototype attributes,SYNTHETIC_PROTOTYPE
IN-LULC-08-015,Madhya Pradesh,Bhopal,23.162619,77.50755,EPSG:4326,Forest,3,Forest,0.12,0.05,0.9,Sandy Loam,5.92,1252.33,1.76,0,15891.51,0,0,0,1,"POLYGON((77.50455011795866 23.159619275234927,77.51055011795866 23.159619275234927,77.51055011795866 23.165619275234928,77.50455011795866 23.165619275234928,77.50455011795866 23.159619275234927))",2026-08-01,Indian LULC class anchor + synthetic prototype attributes,SYNTHETIC_PROTOTYPE
IN-LULC-08-016,Madhya Pradesh,Bhopal,23.320396,77.537522,EPSG:4326,Built-up,4,Built-up,0.15,0.9,0.15,Black Soil,7.05,210.94,12.97,0,12171.47,0,1,0,0,"POLYGON((77.53452203928863 23.317395591147896,77.54052203928863 23.317395591147896,77.54052203928863 23.323395591147897,77.53452203928863 23.323395591147897,77.53452203928863 23.317395591147896))",2026-08-01,Indian LULC class anchor + synthetic prototype attributes,SYNTHETIC_PROTOTYPE
IN-LULC-08-017,Madhya Pradesh,Bhopal,23.151399,77.548057,EPSG:4326,Grassland,5,Grassland,0.04,0.15,0.55,Red Soil,12.24,1084.18,15.38,0,5332.21,0,0,0,0,"POLYGON((77.54505669959602 23.148399481019194,77.55105669959602 23.148399481019194,77.55105669959602 23.154399481019194,77.54505669959602 23.154399481019194,77.54505669959602 23.148399481019194))",2026-08-01,Indian LULC class anchor + synthetic prototype attributes,SYNTHETIC_PROTOTYPE
IN-LULC-08-018,Madhya Pradesh,Bhopal,23.135917,77.400545,EPSG:4326,Barren Land,6,Barren Land,0.025,0.05,0.05,Lateritic,9.1,716.49,4.65,0,3061.29,0,0,0,0,"POLYGON((77.39754530793827 23.132917144397176,77.40354530793827 23.132917144397176,77.40354530793827 23.138917144397176,77.39754530793827 23.138917144397176,77.39754530793827 23.132917144397176))",2026-08-01,Indian LULC class anchor + synthetic prototype attributes,SYNTHETIC_PROTOTYPE
IN-LULC-08-019,Madhya Pradesh,Bhopal,23.13044,77.556765,EPSG:4326,Wetland,7,Wetland,0.06,0.2,0.8,Sandy Loam,3.05,1630.59,13.12,0,10055.39,0,0,0,0,"POLYGON((77.55376506533416 23.12743955383178,77.55976506533416 23.12743955383178,77.55976506533416 23.13343955383178,77.55376506533416 23.13343955383178,77.55376506533416 23.12743955383178))",2026-08-01,Indian LULC class anchor + synthetic prototype attributes,SYNTHETIC_PROTOTYPE
IN-LULC-08-020,Madhya Pradesh,Bhopal,23.376499,77.48971,EPSG:4326,Shrubland,8,Shrubland,0.07,0.1,0.65,Alluvial,13.22,923.88,11.58,0,10475.21,0,0,0,0,"POLYGON((77.48670978786429 23.373499173447083,77.49270978786429 23.373499173447083,77.49270978786429 23.379499173447083,77.48670978786429 23.379499173447083,77.48670978786429 23.373499173447083))",2026-08-01,Indian LULC class anchor + synthetic prototype attributes,SYNTHETIC_PROTOTYPE
IN-LULC-09-001,Rajasthan,Jaipur,26.928113,75.806583,EPSG:4326,Settlement,10,Settlement,0.1,0.75,0.2,Red Soil,9.15,615.52,4.7,0,9823.64,0,1,0,0,"POLYGON((75.80358252153997 26.925112966001773,75.80958252153997 26.925112966001773,75.80958252153997 26.931112966001773,75.80358252153997 26.931112966001773,75.80358252153997 26.925112966001773))",2026-08-01,Indian LULC class anchor + synthetic prototype attributes,SYNTHETIC_PROTOTYPE
IN-LULC-09-002,Rajasthan,Jaipur,26.901544,75.932064,EPSG:4326,Water Body,1,Water Body,0.03,0.02,0.98,Alluvial,0.32,1012.32,13.04,0,13864.56,1,0,0,0,"POLYGON((75.92906370082925 26.89854382602531,75.93506370082925 26.89854382602531,75.93506370082925 26.90454382602531,75.92906370082925 26.90454382602531,75.92906370082925 26.89854382602531))",2026-08-01,Indian LULC class anchor + synthetic prototype attributes,SYNTHETIC_PROTOTYPE
IN-LULC-09-003,Rajasthan,Jaipur,26.858738,75.799868,EPSG:4326,Cropland,2,Cropland,0.035,0.65,0.35,Sandy Loam,7.62,1265.61,12.08,0,6652.23,0,0,1,0,"POLYGON((75.79686811176761 26.85573819550372,75.80286811176761 26.85573819550372,75.80286811176761 26.86173819550372,75.79686811176761 26.86173819550372,75.79686811176761 26.85573819550372))",2026-08-01,Indian LULC class anchor + synthetic prototype attributes,SYNTHETIC_PROTOTYPE
IN-LULC-09-004,Rajasthan,Jaipur,27.002574,75.766496,EPSG:4326,Forest,3,Forest,0.12,0.05,0.9,Red Soil,7.32,649.29,15.45,0,10776.03,0,0,0,1,"POLYGON((75.76349577471976 26.99957351544394,75.76949577471976 26.99957351544394,75.76949577471976 27.005573515443942,75.76349577471976 27.005573515443942,75.76349577471976 26.99957351544394))",2026-08-01,Indian LULC class anchor + synthetic prototype attributes,SYNTHETIC_PROTOTYPE
IN-LULC-09-005,Rajasthan,Jaipur,26.980566,75.741473,EPSG:4326,Built-up,4,Built-up,0.15,0.9,0.15,Red Soil,8.39,955.16,12.9,0,19162.72,0,1,0,0,"POLYGON((75.73847253685918 26.97756557471279,75.74447253685918 26.97756557471279,75.74447253685918 26.98356557471279,75.73847253685918 26.98356557471279,75.73847253685918 26.97756557471279))",2026-08-01,Indian LULC class anchor + synthetic prototype attributes,SYNTHETIC_PROTOTYPE
IN-LULC-09-006,Rajasthan,Jaipur,26.971215,75.837835,EPSG:4326,Grassland,5,Grassland,0.04,0.15,0.55,Sandy Loam,9.08,109.35,10.72,0,3474.37,0,0,0,0,"POLYGON((75.83483460358676 26.968215306203177,75.84083460358676 26.968215306203177,75.84083460358676 26.974215306203178,75.83483460358676 26.974215306203178,75.83483460358676 26.968215306203177))",2026-08-01,Indian LULC class anchor + synthetic prototype attributes,SYNTHETIC_PROTOTYPE
IN-LULC-09-007,Rajasthan,Jaipur,26.797626,75.649725,EPSG:4326,Barren Land,6,Barren Land,0.025,0.05,0.05,Red Soil,7.64,988.17,16.02,0,16280.4,0,0,0,0,"POLYGON((75.64672503639542 26.79462558287687,75.65272503639542 26.79462558287687,75.65272503639542 26.80062558287687,75.64672503639542 26.80062558287687,75.64672503639542 26.79462558287687))",2026-08-01,Indian LULC class anchor + synthetic prototype attributes,SYNTHETIC_PROTOTYPE
IN-LULC-09-008,Rajasthan,Jaipur,27.055852,75.653183,EPSG:4326,Wetland,7,Wetland,0.06,0.2,0.8,Black Soil,1.86,67.35,0.26,0,19163.01,0,0,0,0,"POLYGON((75.65018269982515 27.052852468394246,75.65618269982515 27.052852468394246,75.65618269982515 27.058852468394246,75.65018269982515 27.058852468394246,75.65018269982515 27.052852468394246))",2026-08-01,Indian LULC class anchor + synthetic prototype attributes,SYNTHETIC_PROTOTYPE
IN-LULC-09-009,Rajasthan,Jaipur,26.939097,75.927789,EPSG:4326,Shrubland,8,Shrubland,0.07,0.1,0.65,Sandy Loam,8.55,1763.6,6.24,0,8763.21,0,0,0,0,"POLYGON((75.92478936653274 26.93609681823271,75.93078936653274 26.93609681823271,75.93078936653274 26.94209681823271,75.92478936653274 26.94209681823271,75.92478936653274 26.93609681823271))",2026-08-01,Indian LULC class anchor + synthetic prototype attributes,SYNTHETIC_PROTOTYPE
IN-LULC-09-010,Rajasthan,Jaipur,27.004937,75.65912,EPSG:4326,Road/Transport,9,Road/Transport,0.02,0.95,0.02,Sandy Loam,3.79,811.03,16.79,0,5253.5,0,1,0,0,"POLYGON((75.65611977464185 27.00193677649881,75.66211977464185 27.00193677649881,75.66211977464185 27.00793677649881,75.65611977464185 27.00793677649881,75.65611977464185 27.00193677649881))",2026-08-01,Indian LULC class anchor + synthetic prototype attributes,SYNTHETIC_PROTOTYPE
IN-LULC-09-011,Rajasthan,Jaipur,27.052857,75.758821,EPSG:4326,Settlement,10,Settlement,0.1,0.75,0.2,Red Soil,5.57,1449.1,0.44,1,2234.27,0,1,0,0,"POLYGON((75.75582148746652 27.049856683660202,75.76182148746652 27.049856683660202,75.76182148746652 27.055856683660203,75.75582148746652 27.055856683660203,75.75582148746652 27.049856683660202))",2026-08-01,Indian LULC class anchor + synthetic prototype attributes,SYNTHETIC_PROTOTYPE
IN-LULC-09-012,Rajasthan,Jaipur,27.018256,75.904281,EPSG:4326,Water Body,1,Water Body,0.03,0.02,0.98,Lateritic,0.36,1197.06,4.52,0,12367.34,1,0,0,0,"POLYGON((75.90128060101657 27.015255633355103,75.90728060101657 27.015255633355103,75.90728060101657 27.021255633355103,75.90128060101657 27.021255633355103,75.90128060101657 27.015255633355103))",2026-08-01,Indian LULC class anchor + synthetic prototype attributes,SYNTHETIC_PROTOTYPE
IN-LULC-09-013,Rajasthan,Jaipur,27.06,75.781946,EPSG:4326,Cropland,2,Cropland,0.035,0.65,0.35,Alluvial,13.18,1731.97,5.72,0,10295.56,0,0,1,0,"POLYGON((75.77894558105405 27.056999578393675,75.78494558105405 27.056999578393675,75.78494558105405 27.062999578393676,75.77894558105405 27.062999578393676,75.77894558105405 27.056999578393675))",2026-08-01,Indian LULC class anchor + synthetic prototype attributes,SYNTHETIC_PROTOTYPE
IN-LULC-09-014,Rajasthan,Jaipur,26.880203,75.742232,EPSG:4326,Forest,3,Forest,0.12,0.05,0.9,Sandy Loam,8.82,413.52,17.87,0,19415.02,0,0,0,1,"POLYGON((75.73923235602103 26.877202991474558,75.74523235602103 26.877202991474558,75.74523235602103 26.88320299147456,75.73923235602103 26.88320299147456,75.73923235602103 26.877202991474558))",2026-08-01,Indian LULC class anchor + synthetic prototype attributes,SYNTHETIC_PROTOTYPE
IN-LULC-09-015,Rajasthan,Jaipur,26.892971,75.869854,EPSG:4326,Built-up,4,Built-up,0.15,0.9,0.15,Sandy Loam,7.42,590.44,0.23,0,18417.43,0,1,0,0,"POLYGON((75.86685393642504 26.88997120862932,75.87285393642505 26.88997120862932,75.87285393642505 26.89597120862932,75.86685393642504 26.89597120862932,75.86685393642504 26.88997120862932))",2026-08-01,Indian LULC class anchor + synthetic prototype attributes,SYNTHETIC_PROTOTYPE
IN-LULC-09-016,Rajasthan,Jaipur,27.015945,75.872781,EPSG:4326,Grassland,5,Grassland,0.04,0.15,0.55,Black Soil,16.72,681.12,8.42,0,9645.54,0,0,0,0,"POLYGON((75.86978133097325 27.012945370280168,75.87578133097325 27.012945370280168,75.87578133097325 27.018945370280168,75.86978133097325 27.018945370280168,75.86978133097325 27.012945370280168))",2026-08-01,Indian LULC class anchor + synthetic prototype attributes,SYNTHETIC_PROTOTYPE
IN-LULC-09-017,Rajasthan,Jaipur,27.000857,75.893121,EPSG:4326,Barren Land,6,Barren Land,0.025,0.05,0.05,Red Soil,9.11,1315.6,3.58,0,11321.8,0,0,0,0,"POLYGON((75.8901209313356 26.997856884754867,75.8961209313356 26.997856884754867,75.8961209313356 27.003856884754867,75.8901209313356 27.003856884754867,75.8901209313356 26.997856884754867))",2026-08-01,Indian LULC class anchor + synthetic prototype attributes,SYNTHETIC_PROTOTYPE
IN-LULC-09-018,Rajasthan,Jaipur,26.905837,75.674014,EPSG:4326,Wetland,7,Wetland,0.06,0.2,0.8,Red Soil,2.86,1475.46,7.0,0,16295.27,0,0,0,0,"POLYGON((75.67101367593814 26.902836844030116,75.67701367593814 26.902836844030116,75.67701367593814 26.908836844030116,75.67101367593814 26.908836844030116,75.67101367593814 26.902836844030116))",2026-08-01,Indian LULC class anchor + synthetic prototype attributes,SYNTHETIC_PROTOTYPE
IN-LULC-09-019,Rajasthan,Jaipur,26.812345,75.667224,EPSG:4326,Shrubland,8,Shrubland,0.07,0.1,0.65,Sandy Loam,9.16,1205.93,13.78,1,758.84,0,0,0,0,"POLYGON((75.66422385293149 26.809345245625217,75.67022385293149 26.809345245625217,75.67022385293149 26.815345245625217,75.66422385293149 26.815345245625217,75.66422385293149 26.809345245625217))",2026-08-01,Indian LULC class anchor + synthetic prototype attributes,SYNTHETIC_PROTOTYPE
IN-LULC-09-020,Rajasthan,Jaipur,26.915307,75.909759,EPSG:4326,Road/Transport,9,Road/Transport,0.02,0.95,0.02,Sandy Loam,3.31,1651.31,11.01,0,19948.99,0,1,0,0,"POLYGON((75.9067585147499 26.91230704121418,75.9127585147499 26.91230704121418,75.9127585147499 26.91830704121418,75.9067585147499 26.91830704121418,75.9067585147499 26.91230704121418))",2026-08-01,Indian LULC class anchor + synthetic prototype attributes,SYNTHETIC_PROTOTYPE
IN-LULC-10-001,Gujarat,Ahmedabad,22.952306,72.482188,EPSG:4326,Water Body,1,Water Body,0.03,0.02,0.98,Lateritic,0.45,3.96,11.4,0,16681.81,1,0,0,0,"POLYGON((72.47918823262492 22.94930603874845,72.48518823262492 22.94930603874845,72.48518823262492 22.95530603874845,72.47918823262492 22.95530603874845,72.47918823262492 22.94930603874845))",2026-08-01,Indian LULC class anchor + synthetic prototype attributes,SYNTHETIC_PROTOTYPE
IN-LULC-10-002,Gujarat,Ahmedabad,22.954437,72.652877,EPSG:4326,Cropland,2,Cropland,0.035,0.65,0.35,Black Soil,10.19,646.01,17.31,0,6640.99,0,0,1,0,"POLYGON((72.64987679458757 22.951437221040443,72.65587679458757 22.951437221040443,72.65587679458757 22.957437221040443,72.64987679458757 22.957437221040443,72.64987679458757 22.951437221040443))",2026-08-01,Indian LULC class anchor + synthetic prototype attributes,SYNTHETIC_PROTOTYPE
IN-LULC-10-003,Gujarat,Ahmedabad,22.883785,72.591917,EPSG:4326,Forest,3,Forest,0.12,0.05,0.9,Red Soil,5.78,1301.63,0.36,0,12126.75,0,0,0,1,"POLYGON((72.58891658128421 22.880784855226935,72.59491658128421 22.880784855226935,72.59491658128421 22.886784855226935,72.58891658128421 22.886784855226935,72.58891658128421 22.880784855226935))",2026-08-01,Indian LULC class anchor + synthetic prototype attributes,SYNTHETIC_PROTOTYPE
IN-LULC-10-004,Gujarat,Ahmedabad,23.14052,72.475521,EPSG:4326,Built-up,4,Built-up,0.15,0.9,0.15,Sandy Loam,6.41,620.04,4.6,0,13498.17,0,1,0,0,"POLYGON((72.47252100012597 23.137519981350174,72.47852100012597 23.137519981350174,72.47852100012597 23.143519981350174,72.47252100012597 23.143519981350174,72.47252100012597 23.137519981350174))",2026-08-01,Indian LULC class anchor + synthetic prototype attributes,SYNTHETIC_PROTOTYPE
IN-LULC-10-005,Gujarat,Ahmedabad,23.065323,72.615677,EPSG:4326,Grassland,5,Grassland,0.04,0.15,0.55,Alluvial,18.38,918.07,17.37,0,18408.04,0,0,0,0,"POLYGON((72.6126774186832 23.062322901600343,72.6186774186832 23.062322901600343,72.6186774186832 23.068322901600343,72.6126774186832 23.068322901600343,72.6126774186832 23.062322901600343))",2026-08-01,Indian LULC class anchor + synthetic prototype attributes,SYNTHETIC_PROTOTYPE
IN-LULC-10-006,Gujarat,Ahmedabad,22.88571,72.485519,EPSG:4326,Barren Land,6,Barren Land,0.025,0.05,0.05,Sandy Loam,10.45,563.71,7.9,0,18669.42,0,0,0,0,"POLYGON((72.4825186560357 22.882709610075533,72.4885186560357 22.882709610075533,72.4885186560357 22.888709610075534,72.4825186560357 22.888709610075534,72.4825186560357 22.882709610075533))",2026-08-01,Indian LULC class anchor + synthetic prototype attributes,SYNTHETIC_PROTOTYPE
IN-LULC-10-007,Gujarat,Ahmedabad,22.993019,72.548831,EPSG:4326,Wetland,7,Wetland,0.06,0.2,0.8,Lateritic,2.25,1356.53,13.42,0,4999.85,0,0,0,0,"POLYGON((72.54583053448644 22.990019283666292,72.55183053448644 22.990019283666292,72.55183053448644 22.996019283666293,72.54583053448644 22.996019283666293,72.54583053448644 22.990019283666292))",2026-08-01,Indian LULC class anchor + synthetic prototype attributes,SYNTHETIC_PROTOTYPE
IN-LULC-10-008,Gujarat,Ahmedabad,22.900937,72.671686,EPSG:4326,Shrubland,8,Shrubland,0.07,0.1,0.65,Black Soil,9.25,1105.48,12.06,0,17622.49,0,0,0,0,"POLYGON((72.6686860373938 22.897936758813028,72.6746860373938 22.897936758813028,72.6746860373938 22.90393675881303,72.6686860373938 22.90393675881303,72.6686860373938 22.897936758813028))",2026-08-01,Indian LULC class anchor + synthetic prototype attributes,SYNTHETIC_PROTOTYPE
IN-LULC-10-009,Gujarat,Ahmedabad,23.073196,72.512738,EPSG:4326,Road/Transport,9,Road/Transport,0.02,0.95,0.02,Alluvial,5.34,1322.24,9.58,0,6736.26,0,1,0,0,"POLYGON((72.5097377012577 23.07019630420665,72.5157377012577 23.07019630420665,72.5157377012577 23.07619630420665,72.5097377012577 23.07619630420665,72.5097377012577 23.07019630420665))",2026-08-01,Indian LULC class anchor + synthetic prototype attributes,SYNTHETIC_PROTOTYPE
IN-LULC-10-010,Gujarat,Ahmedabad,23.071991,72.697157,EPSG:4326,Settlement,10,Settlement,0.1,0.75,0.2,Alluvial,9.12,1402.76,13.98,0,8083.37,0,1,0,0,"POLYGON((72.69415729008692 23.068991121245073,72.70015729008692 23.068991121245073,72.70015729008692 23.074991121245073,72.69415729008692 23.074991121245073,72.69415729008692 23.068991121245073))",2026-08-01,Indian LULC class anchor + synthetic prototype attributes,SYNTHETIC_PROTOTYPE
IN-LULC-10-011,Gujarat,Ahmedabad,23.127888,72.650189,EPSG:4326,Water Body,1,Water Body,0.03,0.02,0.98,Black Soil,0.58,282.13,1.84,0,5049.95,1,0,0,0,"POLYGON((72.64718869822846 23.124887948139023,72.65318869822846 23.124887948139023,72.65318869822846 23.130887948139023,72.64718869822846 23.130887948139023,72.64718869822846 23.124887948139023))",2026-08-01,Indian LULC class anchor + synthetic prototype attributes,SYNTHETIC_PROTOTYPE
IN-LULC-10-012,Gujarat,Ahmedabad,23.13552,72.594975,EPSG:4326,Cropland,2,Cropland,0.035,0.65,0.35,Sandy Loam,15.72,1678.6,6.26,0,4647.49,0,0,1,0,"POLYGON((72.59197502708274 23.13252047490817,72.59797502708274 23.13252047490817,72.59797502708274 23.13852047490817,72.59197502708274 23.13852047490817,72.59197502708274 23.13252047490817))",2026-08-01,Indian LULC class anchor + synthetic prototype attributes,SYNTHETIC_PROTOTYPE
IN-LULC-10-013,Gujarat,Ahmedabad,22.888192,72.585259,EPSG:4326,Forest,3,Forest,0.12,0.05,0.9,Red Soil,4.93,1572.67,4.19,0,12890.71,0,0,0,1,"POLYGON((72.58225863967542 22.885191618013454,72.58825863967542 22.885191618013454,72.58825863967542 22.891191618013455,72.58225863967542 22.891191618013455,72.58225863967542 22.885191618013454))",2026-08-01,Indian LULC class anchor + synthetic prototype attributes,SYNTHETIC_PROTOTYPE
IN-LULC-10-014,Gujarat,Ahmedabad,22.985264,72.722143,EPSG:4326,Built-up,4,Built-up,0.15,0.9,0.15,Black Soil,5.23,349.39,10.48,0,14365.52,0,1,0,0,"POLYGON((72.71914272287458 22.982264457693056,72.72514272287458 22.982264457693056,72.72514272287458 22.988264457693056,72.71914272287458 22.988264457693056,72.71914272287458 22.982264457693056))",2026-08-01,Indian LULC class anchor + synthetic prototype attributes,SYNTHETIC_PROTOTYPE
IN-LULC-10-015,Gujarat,Ahmedabad,22.986343,72.475871,EPSG:4326,Grassland,5,Grassland,0.04,0.15,0.55,Lateritic,19.03,665.46,16.95,0,19016.73,0,0,0,0,"POLYGON((72.47287109750553 22.9833430810274,72.47887109750553 22.9833430810274,72.47887109750553 22.9893430810274,72.47287109750553 22.9893430810274,72.47287109750553 22.9833430810274))",2026-08-01,Indian LULC class anchor + synthetic prototype attributes,SYNTHETIC_PROTOTYPE
IN-LULC-10-016,Gujarat,Ahmedabad,22.947051,72.677079,EPSG:4326,Barren Land,6,Barren Land,0.025,0.05,0.05,Sandy Loam,8.1,778.3,4.77,0,8981.8,0,0,0,0,"POLYGON((72.67407927773816 22.94405068457461,72.68007927773816 22.94405068457461,72.68007927773816 22.95005068457461,72.67407927773816 22.95005068457461,72.67407927773816 22.94405068457461))",2026-08-01,Indian LULC class anchor + synthetic prototype attributes,SYNTHETIC_PROTOTYPE
IN-LULC-10-017,Gujarat,Ahmedabad,22.984039,72.501546,EPSG:4326,Wetland,7,Wetland,0.06,0.2,0.8,Red Soil,3.6,1403.97,11.64,0,19407.76,0,0,0,0,"POLYGON((72.49854644185503 22.981038854700586,72.50454644185503 22.981038854700586,72.50454644185503 22.987038854700586,72.49854644185503 22.987038854700586,72.49854644185503 22.981038854700586))",2026-08-01,Indian LULC class anchor + synthetic prototype attributes,SYNTHETIC_PROTOTYPE
IN-LULC-10-018,Gujarat,Ahmedabad,22.996372,72.453534,EPSG:4326,Shrubland,8,Shrubland,0.07,0.1,0.65,Sandy Loam,12.07,318.2,2.7,0,11376.85,0,0,0,0,"POLYGON((72.45053359583916 22.99337180282505,72.45653359583916 22.99337180282505,72.45653359583916 22.99937180282505,72.45053359583916 22.99937180282505,72.45053359583916 22.99337180282505))",2026-08-01,Indian LULC class anchor + synthetic prototype attributes,SYNTHETIC_PROTOTYPE
IN-LULC-10-019,Gujarat,Ahmedabad,23.052122,72.722343,EPSG:4326,Road/Transport,9,Road/Transport,0.02,0.95,0.02,Lateritic,3.57,1360.14,7.55,0,3906.39,0,1,0,0,"POLYGON((72.71934333166809 23.049121825047727,72.72534333166809 23.049121825047727,72.72534333166809 23.055121825047728,72.71934333166809 23.055121825047728,72.71934333166809 23.049121825047727))",2026-08-01,Indian LULC class anchor + synthetic prototype attributes,SYNTHETIC_PROTOTYPE
IN-LULC-10-020,Gujarat,Ahmedabad,22.972228,72.447812,EPSG:4326,Settlement,10,Settlement,0.1,0.75,0.2,Sandy Loam,6.91,766.68,13.63,0,7079.81,0,1,0,0,"POLYGON((72.44481195699206 22.96922823648428,72.45081195699206 22.96922823648428,72.45081195699206 22.97522823648428,72.44481195699206 22.97522823648428,72.44481195699206 22.96922823648428))",2026-08-01,Indian LULC class anchor + synthetic prototype attributes,SYNTHETIC_PROTOTYPE
IN-LULC-11-001,Maharashtra,Pune,18.449703,73.87551,EPSG:4326,Cropland,2,Cropland,0.035,0.65,0.35,Sandy Loam,9.48,317.29,15.44,0,13154.66,0,0,1,0,"POLYGON((73.87250993215987 18.446703294110335,73.87850993215987 18.446703294110335,73.87850993215987 18.452703294110336,73.87250993215987 18.452703294110336,73.87250993215987 18.446703294110335))",2026-08-01,Indian LULC class anchor + synthetic prototype attributes,SYNTHETIC_PROTOTYPE
IN-LULC-11-002,Maharashtra,Pune,18.395776,73.839845,EPSG:4326,Forest,3,Forest,0.12,0.05,0.9,Black Soil,8.64,337.75,8.75,0,15420.47,0,0,0,1,"POLYGON((73.83684511543515 18.39277649625933,73.84284511543515 18.39277649625933,73.84284511543515 18.39877649625933,73.83684511543515 18.39877649625933,73.83684511543515 18.39277649625933))",2026-08-01,Indian LULC class anchor + synthetic prototype attributes,SYNTHETIC_PROTOTYPE
IN-LULC-11-003,Maharashtra,Pune,18.535838,73.728364,EPSG:4326,Built-up,4,Built-up,0.15,0.9,0.15,Sandy Loam,4.56,1706.92,2.26,0,7811.83,0,1,0,0,"POLYGON((73.72536418635352 18.532838432364944,73.73136418635352 18.532838432364944,73.73136418635352 18.538838432364944,73.72536418635352 18.538838432364944,73.72536418635352 18.532838432364944))",2026-08-01,Indian LULC class anchor + synthetic prototype attributes,SYNTHETIC_PROTOTYPE
IN-LULC-11-004,Maharashtra,Pune,18.663299,73.958226,EPSG:4326,Grassland,5,Grassland,0.04,0.15,0.55,Sandy Loam,20.59,326.7,7.47,0,8348.64,0,0,0,0,"POLYGON((73.95522592540502 18.660299402343217,73.96122592540502 18.660299402343217,73.96122592540502 18.666299402343217,73.95522592540502 18.666299402343217,73.95522592540502 18.660299402343217))",2026-08-01,Indian LULC class anchor + synthetic prototype attributes,SYNTHETIC_PROTOTYPE
IN-LULC-11-005,Maharashtra,Pune,18.435182,73.795166,EPSG:4326,Barren Land,6,Barren Land,0.025,0.05,0.05,Alluvial,6.12,383.99,11.11,0,9557.29,0,0,0,0,"POLYGON((73.79216649493048 18.432182230467124,73.79816649493048 18.432182230467124,73.79816649493048 18.438182230467124,73.79216649493048 18.438182230467124,73.79216649493048 18.432182230467124))",2026-08-01,Indian LULC class anchor + synthetic prototype attributes,SYNTHETIC_PROTOTYPE
IN-LULC-11-006,Maharashtra,Pune,18.543304,73.888962,EPSG:4326,Wetland,7,Wetland,0.06,0.2,0.8,Sandy Loam,3.89,247.32,11.26,0,6873.37,0,0,0,0,"POLYGON((73.88596240539805 18.540303752816627,73.89196240539805 18.540303752816627,73.89196240539805 18.546303752816627,73.88596240539805 18.546303752816627,73.88596240539805 18.540303752816627))",2026-08-01,Indian LULC class anchor + synthetic prototype attributes,SYNTHETIC_PROTOTYPE
IN-LULC-11-007,Maharashtra,Pune,18.616777,73.865021,EPSG:4326,Shrubland,8,Shrubland,0.07,0.1,0.65,Lateritic,9.53,1540.01,6.96,0,11393.64,0,0,0,0,"POLYGON((73.8620213988055 18.613776599699992,73.8680213988055 18.613776599699992,73.8680213988055 18.619776599699993,73.8620213988055 18.619776599699993,73.8620213988055 18.613776599699992))",2026-08-01,Indian LULC class anchor + synthetic prototype attributes,SYNTHETIC_PROTOTYPE
IN-LULC-11-008,Maharashtra,Pune,18.591518,73.780629,EPSG:4326,Road/Transport,9,Road/Transport,0.02,0.95,0.02,Alluvial,3.68,566.73,13.47,0,9702.66,0,1,0,0,"POLYGON((73.77762890700114 18.588518116071334,73.78362890700114 18.588518116071334,73.78362890700114 18.594518116071335,73.77762890700114 18.594518116071335,73.77762890700114 18.588518116071334))",2026-08-01,Indian LULC class anchor + synthetic prototype attributes,SYNTHETIC_PROTOTYPE
IN-LULC-11-009,Maharashtra,Pune,18.584309,73.863196,EPSG:4326,Settlement,10,Settlement,0.1,0.75,0.2,Black Soil,7.68,208.65,9.77,0,5360.18,0,1,0,0,"POLYGON((73.86019617772543 18.58130868332502,73.86619617772543 18.58130868332502,73.86619617772543 18.58730868332502,73.86019617772543 18.58730868332502,73.86019617772543 18.58130868332502))",2026-08-01,Indian LULC class anchor + synthetic prototype attributes,SYNTHETIC_PROTOTYPE
IN-LULC-11-010,Maharashtra,Pune,18.644617,73.930992,EPSG:4326,Water Body,1,Water Body,0.03,0.02,0.98,Black Soil,0.39,680.44,0.52,0,15698.27,1,0,0,0,"POLYGON((73.92799204135274 18.641617156757558,73.93399204135274 18.641617156757558,73.93399204135274 18.64761715675756,73.92799204135274 18.64761715675756,73.92799204135274 18.641617156757558))",2026-08-01,Indian LULC class anchor + synthetic prototype attributes,SYNTHETIC_PROTOTYPE
IN-LULC-11-011,Maharashtra,Pune,18.550486,73.786227,EPSG:4326,Cropland,2,Cropland,0.035,0.65,0.35,Black Soil,12.99,696.57,11.39,0,3740.13,0,0,1,0,"POLYGON((73.78322660687634 18.547485742360546,73.78922660687634 18.547485742360546,73.78922660687634 18.553485742360547,73.78322660687634 18.553485742360547,73.78322660687634 18.547485742360546))",2026-08-01,Indian LULC class anchor + synthetic prototype attributes,SYNTHETIC_PROTOTYPE
IN-LULC-11-012,Maharashtra,Pune,18.627573,73.972627,EPSG:4326,Forest,3,Forest,0.12,0.05,0.9,Alluvial,5.35,1033.34,15.1,0,10432.19,0,0,0,1,"POLYGON((73.96962731324626 18.624573493373184,73.97562731324626 18.624573493373184,73.97562731324626 18.630573493373184,73.96962731324626 18.630573493373184,73.96962731324626 18.624573493373184))",2026-08-01,Indian LULC class anchor + synthetic prototype attributes,SYNTHETIC_PROTOTYPE
IN-LULC-11-013,Maharashtra,Pune,18.532095,73.717008,EPSG:4326,Built-up,4,Built-up,0.15,0.9,0.15,Black Soil,7.79,692.08,17.92,0,4720.28,0,1,0,0,"POLYGON((73.7140080655187 18.529094716098566,73.7200080655187 18.529094716098566,73.7200080655187 18.535094716098566,73.7140080655187 18.535094716098566,73.7140080655187 18.529094716098566))",2026-08-01,Indian LULC class anchor + synthetic prototype attributes,SYNTHETIC_PROTOTYPE
IN-LULC-11-014,Maharashtra,Pune,18.645664,74.002194,EPSG:4326,Grassland,5,Grassland,0.04,0.15,0.55,Alluvial,11.96,806.93,7.37,0,4656.69,0,0,0,0,"POLYGON((73.99919367822395 18.642664153972696,74.00519367822395 18.642664153972696,74.00519367822395 18.648664153972696,73.99919367822395 18.648664153972696,73.99919367822395 18.642664153972696))",2026-08-01,Indian LULC class anchor + synthetic prototype attributes,SYNTHETIC_PROTOTYPE
IN-LULC-11-015,Maharashtra,Pune,18.657337,73.774984,EPSG:4326,Barren Land,6,Barren Land,0.025,0.05,0.05,Black Soil,10.85,663.8,10.15,1,2902.96,0,0,0,0,"POLYGON((73.77198417313888 18.654336625369154,73.77798417313888 18.654336625369154,73.77798417313888 18.660336625369155,73.77198417313888 18.660336625369155,73.77198417313888 18.654336625369154))",2026-08-01,Indian LULC class anchor + synthetic prototype attributes,SYNTHETIC_PROTOTYPE
IN-LULC-11-016,Maharashtra,Pune,18.433663,73.960174,EPSG:4326,Wetland,7,Wetland,0.06,0.2,0.8,Red Soil,2.0,1144.47,2.83,0,3110.49,0,0,0,0,"POLYGON((73.95717448670825 18.430662887808168,73.96317448670825 18.430662887808168,73.96317448670825 18.43666288780817,73.95717448670825 18.43666288780817,73.95717448670825 18.430662887808168))",2026-08-01,Indian LULC class anchor + synthetic prototype attributes,SYNTHETIC_PROTOTYPE
IN-LULC-11-017,Maharashtra,Pune,18.525147,73.794959,EPSG:4326,Shrubland,8,Shrubland,0.07,0.1,0.65,Alluvial,11.0,1144.98,1.81,0,7179.4,0,0,0,0,"POLYGON((73.79195941488715 18.5221473519955,73.79795941488715 18.5221473519955,73.79795941488715 18.5281473519955,73.79195941488715 18.5281473519955,73.79195941488715 18.5221473519955))",2026-08-01,Indian LULC class anchor + synthetic prototype attributes,SYNTHETIC_PROTOTYPE
IN-LULC-11-018,Maharashtra,Pune,18.56932,73.830767,EPSG:4326,Road/Transport,9,Road/Transport,0.02,0.95,0.02,Black Soil,3.61,1219.16,7.05,0,12253.1,0,1,0,0,"POLYGON((73.82776673896595 18.566319555435193,73.83376673896595 18.566319555435193,73.83376673896595 18.572319555435193,73.82776673896595 18.572319555435193,73.82776673896595 18.566319555435193))",2026-08-01,Indian LULC class anchor + synthetic prototype attributes,SYNTHETIC_PROTOTYPE
IN-LULC-11-019,Maharashtra,Pune,18.547333,73.84918,EPSG:4326,Settlement,10,Settlement,0.1,0.75,0.2,Alluvial,4.49,1267.88,6.14,0,9631.53,0,1,0,0,"POLYGON((73.8461804153716 18.544332875210383,73.8521804153716 18.544332875210383,73.8521804153716 18.550332875210383,73.8461804153716 18.550332875210383,73.8461804153716 18.544332875210383))",2026-08-01,Indian LULC class anchor + synthetic prototype attributes,SYNTHETIC_PROTOTYPE
IN-LULC-11-020,Maharashtra,Pune,18.51491,73.990166,EPSG:4326,Water Body,1,Water Body,0.03,0.02,0.98,Black Soil,0.67,320.91,15.63,0,11511.34,1,0,0,0,"POLYGON((73.98716551473453 18.511909716450894,73.99316551473453 18.511909716450894,73.99316551473453 18.517909716450895,73.98716551473453 18.517909716450895,73.98716551473453 18.511909716450894))",2026-08-01,Indian LULC class anchor + synthetic prototype attributes,SYNTHETIC_PROTOTYPE
IN-LULC-12-001,Goa,Panaji,15.495803,73.821438,EPSG:4326,Forest,3,Forest,0.12,0.05,0.9,Lateritic,7.47,1094.82,3.39,0,12494.48,0,0,0,1,"POLYGON((73.8184376455345 15.492802513470249,73.8244376455345 15.492802513470249,73.8244376455345 15.498802513470249,73.8184376455345 15.498802513470249,73.8184376455345 15.492802513470249))",2026-08-01,Indian LULC class anchor + synthetic prototype attributes,SYNTHETIC_PROTOTYPE
IN-LULC-12-002,Goa,Panaji,15.361446,73.696875,EPSG:4326,Built-up,4,Built-up,0.15,0.9,0.15,Red Soil,3.88,1593.07,10.22,0,15035.25,0,1,0,0,"POLYGON((73.69387535766995 15.358446157554255,73.69987535766995 15.358446157554255,73.69987535766995 15.364446157554255,73.69387535766995 15.364446157554255,73.69387535766995 15.358446157554255))",2026-08-01,Indian LULC class anchor + synthetic prototype attributes,SYNTHETIC_PROTOTYPE
IN-LULC-12-003,Goa,Panaji,15.54082,73.972497,EPSG:4326,Grassland,5,Grassland,0.04,0.15,0.55,Lateritic,18.01,644.14,16.2,0,12489.96,0,0,0,0,"POLYGON((73.96949732436713 15.53782004410599,73.97549732436713 15.53782004410599,73.97549732436713 15.54382004410599,73.96949732436713 15.54382004410599,73.96949732436713 15.53782004410599))",2026-08-01,Indian LULC class anchor + synthetic prototype attributes,SYNTHETIC_PROTOTYPE
IN-LULC-12-004,Goa,Panaji,15.407704,73.708424,EPSG:4326,Barren Land,6,Barren Land,0.025,0.05,0.05,Red Soil,10.72,255.45,4.48,0,10861.31,0,0,0,0,"POLYGON((73.70542393145631 15.404703963196017,73.71142393145631 15.404703963196017,73.71142393145631 15.410703963196017,73.70542393145631 15.410703963196017,73.70542393145631 15.404703963196017))",2026-08-01,Indian LULC class anchor + synthetic prototype attributes,SYNTHETIC_PROTOTYPE
IN-LULC-12-005,Goa,Panaji,15.503354,73.702549,EPSG:4326,Wetland,7,Wetland,0.06,0.2,0.8,Lateritic,2.42,561.03,15.32,0,9043.47,0,0,0,0,"POLYGON((73.69954850135828 15.500354210347735,73.70554850135828 15.500354210347735,73.70554850135828 15.506354210347736,73.69954850135828 15.506354210347736,73.69954850135828 15.500354210347735))",2026-08-01,Indian LULC class anchor + synthetic prototype attributes,SYNTHETIC_PROTOTYPE
IN-LULC-12-006,Goa,Panaji,15.429702,73.95097,EPSG:4326,Shrubland,8,Shrubland,0.07,0.1,0.65,Alluvial,6.37,1489.82,6.77,0,10281.73,0,0,0,0,"POLYGON((73.94797012949657 15.426701735700066,73.95397012949657 15.426701735700066,73.95397012949657 15.432701735700066,73.94797012949657 15.432701735700066,73.94797012949657 15.426701735700066))",2026-08-01,Indian LULC class anchor + synthetic prototype attributes,SYNTHETIC_PROTOTYPE
IN-LULC-12-007,Goa,Panaji,15.507158,73.729139,EPSG:4326,Road/Transport,9,Road/Transport,0.02,0.95,0.02,Red Soil,4.71,1727.36,16.02,0,4229.93,0,1,0,0,"POLYGON((73.72613901621463 15.504158469926807,73.73213901621463 15.504158469926807,73.73213901621463 15.510158469926807,73.72613901621463 15.510158469926807,73.72613901621463 15.504158469926807))",2026-08-01,Indian LULC class anchor + synthetic prototype attributes,SYNTHETIC_PROTOTYPE
IN-LULC-12-008,Goa,Panaji,15.574158,73.723412,EPSG:4326,Settlement,10,Settlement,0.1,0.75,0.2,Red Soil,6.0,97.26,1.9,1,2181.62,0,1,0,0,"POLYGON((73.72041199640115 15.571158356466913,73.72641199640115 15.571158356466913,73.72641199640115 15.577158356466914,73.72041199640115 15.577158356466914,73.72041199640115 15.571158356466913))",2026-08-01,Indian LULC class anchor + synthetic prototype attributes,SYNTHETIC_PROTOTYPE
IN-LULC-12-009,Goa,Panaji,15.635924,73.913399,EPSG:4326,Water Body,1,Water Body,0.03,0.02,0.98,Red Soil,0.5,1504.07,4.64,0,12037.72,1,0,0,0,"POLYGON((73.91039876690024 15.632923979936328,73.91639876690024 15.632923979936328,73.91639876690024 15.638923979936328,73.91039876690024 15.638923979936328,73.91039876690024 15.632923979936328))",2026-08-01,Indian LULC class anchor + synthetic prototype attributes,SYNTHETIC_PROTOTYPE
IN-LULC-12-010,Goa,Panaji,15.63078,73.883206,EPSG:4326,Cropland,2,Cropland,0.035,0.65,0.35,Sandy Loam,14.89,173.07,6.06,0,7922.37,0,0,1,0,"POLYGON((73.88020611872643 15.627780401625904,73.88620611872643 15.627780401625904,73.88620611872643 15.633780401625904,73.88020611872643 15.633780401625904,73.88020611872643 15.627780401625904))",2026-08-01,Indian LULC class anchor + synthetic prototype attributes,SYNTHETIC_PROTOTYPE
IN-LULC-12-011,Goa,Panaji,15.371691,73.748116,EPSG:4326,Forest,3,Forest,0.12,0.05,0.9,Lateritic,5.54,834.35,5.04,0,16750.72,0,0,0,1,"POLYGON((73.74511609199368 15.368691361329109,73.75111609199368 15.368691361329109,73.75111609199368 15.37469136132911,73.74511609199368 15.37469136132911,73.74511609199368 15.368691361329109))",2026-08-01,Indian LULC class anchor + synthetic prototype attributes,SYNTHETIC_PROTOTYPE
IN-LULC-12-012,Goa,Panaji,15.542111,73.87668,EPSG:4326,Built-up,4,Built-up,0.15,0.9,0.15,Black Soil,6.35,570.02,9.42,0,13674.75,0,1,0,0,"POLYGON((73.87368023402372 15.53911069065706,73.87968023402372 15.53911069065706,73.87968023402372 15.54511069065706,73.87368023402372 15.54511069065706,73.87368023402372 15.53911069065706))",2026-08-01,Indian LULC class anchor + synthetic prototype attributes,SYNTHETIC_PROTOTYPE
IN-LULC-12-013,Goa,Panaji,15.543476,73.908359,EPSG:4326,Grassland,5,Grassland,0.04,0.15,0.55,Lateritic,9.1,1564.85,7.03,0,7140.12,0,0,0,0,"POLYGON((73.90535878595682 15.540475760780094,73.91135878595682 15.540475760780094,73.91135878595682 15.546475760780094,73.90535878595682 15.546475760780094,73.90535878595682 15.540475760780094))",2026-08-01,Indian LULC class anchor + synthetic prototype attributes,SYNTHETIC_PROTOTYPE
IN-LULC-12-014,Goa,Panaji,15.574731,73.775071,EPSG:4326,Barren Land,6,Barren Land,0.025,0.05,0.05,Alluvial,6.01,1076.73,2.49,1,507.59,0,0,0,0,"POLYGON((73.77207078673055 15.571731363961838,73.77807078673055 15.571731363961838,73.77807078673055 15.577731363961838,73.77207078673055 15.577731363961838,73.77207078673055 15.571731363961838))",2026-08-01,Indian LULC class anchor + synthetic prototype attributes,SYNTHETIC_PROTOTYPE
IN-LULC-12-015,Goa,Panaji,15.341984,73.8959,EPSG:4326,Wetland,7,Wetland,0.06,0.2,0.8,Red Soil,3.59,681.1,8.64,0,10287.0,0,0,0,0,"POLYGON((73.89290024984551 15.338984428896818,73.89890024984551 15.338984428896818,73.89890024984551 15.344984428896819,73.89290024984551 15.344984428896819,73.89290024984551 15.338984428896818))",2026-08-01,Indian LULC class anchor + synthetic prototype attributes,SYNTHETIC_PROTOTYPE
IN-LULC-12-016,Goa,Panaji,15.583685,73.801409,EPSG:4326,Shrubland,8,Shrubland,0.07,0.1,0.65,Sandy Loam,6.99,1468.18,11.14,0,4932.81,0,0,0,0,"POLYGON((73.79840902243075 15.580684912130272,73.80440902243075 15.580684912130272,73.80440902243075 15.586684912130272,73.79840902243075 15.586684912130272,73.79840902243075 15.580684912130272))",2026-08-01,Indian LULC class anchor + synthetic prototype attributes,SYNTHETIC_PROTOTYPE
IN-LULC-12-017,Goa,Panaji,15.355807,73.856424,EPSG:4326,Road/Transport,9,Road/Transport,0.02,0.95,0.02,Sandy Loam,4.72,642.2,16.77,0,11725.59,0,1,0,0,"POLYGON((73.85342400933884 15.352807360128432,73.85942400933884 15.352807360128432,73.85942400933884 15.358807360128433,73.85342400933884 15.358807360128433,73.85342400933884 15.352807360128432))",2026-08-01,Indian LULC class anchor + synthetic prototype attributes,SYNTHETIC_PROTOTYPE
IN-LULC-12-018,Goa,Panaji,15.462511,73.918198,EPSG:4326,Settlement,10,Settlement,0.1,0.75,0.2,Black Soil,8.79,445.45,4.98,0,7572.6,0,1,0,0,"POLYGON((73.91519769062467 15.459511233500864,73.92119769062467 15.459511233500864,73.92119769062467 15.465511233500864,73.91519769062467 15.465511233500864,73.91519769062467 15.459511233500864))",2026-08-01,Indian LULC class anchor + synthetic prototype attributes,SYNTHETIC_PROTOTYPE
IN-LULC-12-019,Goa,Panaji,15.39086,73.750782,EPSG:4326,Water Body,1,Water Body,0.03,0.02,0.98,Red Soil,0.66,1163.84,17.37,0,16526.48,1,0,0,0,"POLYGON((73.74778179958832 15.387859621605601,73.75378179958832 15.387859621605601,73.75378179958832 15.393859621605602,73.74778179958832 15.393859621605602,73.74778179958832 15.387859621605601))",2026-08-01,Indian LULC class anchor + synthetic prototype attributes,SYNTHETIC_PROTOTYPE
IN-LULC-12-020,Goa,Panaji,15.400154,73.974631,EPSG:4326,Cropland,2,Cropland,0.035,0.65,0.35,Red Soil,16.74,337.11,9.56,0,5447.85,0,0,1,0,"POLYGON((73.97163106733692 15.39715362303117,73.97763106733692 15.39715362303117,73.97763106733692 15.40315362303117,73.97163106733692 15.40315362303117,73.97163106733692 15.39715362303117))",2026-08-01,Indian LULC class anchor + synthetic prototype attributes,SYNTHETIC_PROTOTYPE
IN-LULC-13-001,Karnataka,Bengaluru,13.013194,77.62213,EPSG:4326,Built-up,4,Built-up,0.15,0.9,0.15,Sandy Loam,8.07,1798.2,11.98,0,3903.89,0,1,0,0,"POLYGON((77.61913014690664 13.010193590220446,77.62513014690664 13.010193590220446,77.62513014690664 13.016193590220446,77.61913014690664 13.016193590220446,77.61913014690664 13.010193590220446))",2026-08-01,Indian LULC class anchor + synthetic prototype attributes,SYNTHETIC_PROTOTYPE
IN-LULC-13-002,Karnataka,Bengaluru,12.871445,77.471485,EPSG:4326,Grassland,5,Grassland,0.04,0.15,0.55,Lateritic,13.38,387.66,16.19,0,6440.82,0,0,0,0,"POLYGON((77.46848536367527 12.868444787622192,77.47448536367527 12.868444787622192,77.47448536367527 12.874444787622192,77.46848536367527 12.874444787622192,77.46848536367527 12.868444787622192))",2026-08-01,Indian LULC class anchor + synthetic prototype attributes,SYNTHETIC_PROTOTYPE
IN-LULC-13-003,Karnataka,Bengaluru,12.840681,77.617107,EPSG:4326,Barren Land,6,Barren Land,0.025,0.05,0.05,Lateritic,6.86,698.61,9.03,0,5286.43,0,0,0,0,"POLYGON((77.61410674389062 12.83768076517465,77.62010674389062 12.83768076517465,77.62010674389062 12.84368076517465,77.61410674389062 12.84368076517465,77.61410674389062 12.83768076517465))",2026-08-01,Indian LULC class anchor + synthetic prototype attributes,SYNTHETIC_PROTOTYPE
IN-LULC-13-004,Karnataka,Bengaluru,12.996053,77.484615,EPSG:4326,Wetland,7,Wetland,0.06,0.2,0.8,Alluvial,3.82,1684.19,17.99,0,18138.5,0,0,0,0,"POLYGON((77.48161490261937 12.993053189663327,77.48761490261937 12.993053189663327,77.48761490261937 12.999053189663327,77.48161490261937 12.999053189663327,77.48161490261937 12.993053189663327))",2026-08-01,Indian LULC class anchor + synthetic prototype attributes,SYNTHETIC_PROTOTYPE
IN-LULC-13-005,Karnataka,Bengaluru,12.940557,77.602861,EPSG:4326,Shrubland,8,Shrubland,0.07,0.1,0.65,Lateritic,13.13,1369.96,5.77,0,19833.85,0,0,0,0,"POLYGON((77.59986050458464 12.937557337842112,77.60586050458464 12.937557337842112,77.60586050458464 12.943557337842112,77.59986050458464 12.943557337842112,77.59986050458464 12.937557337842112))",2026-08-01,Indian LULC class anchor + synthetic prototype attributes,SYNTHETIC_PROTOTYPE
IN-LULC-13-006,Karnataka,Bengaluru,12.881029,77.542892,EPSG:4326,Road/Transport,9,Road/Transport,0.02,0.95,0.02,Black Soil,5.41,775.19,16.26,0,17426.1,0,1,0,0,"POLYGON((77.5398915749137 12.878028655549093,77.5458915749137 12.878028655549093,77.5458915749137 12.884028655549093,77.5398915749137 12.884028655549093,77.5398915749137 12.878028655549093))",2026-08-01,Indian LULC class anchor + synthetic prototype attributes,SYNTHETIC_PROTOTYPE
IN-LULC-13-007,Karnataka,Bengaluru,13.077506,77.471955,EPSG:4326,Settlement,10,Settlement,0.1,0.75,0.2,Red Soil,4.24,1210.57,10.14,0,6677.37,0,1,0,0,"POLYGON((77.46895469654541 13.07450576839842,77.47495469654541 13.07450576839842,77.47495469654541 13.080505768398421,77.46895469654541 13.080505768398421,77.46895469654541 13.07450576839842))",2026-08-01,Indian LULC class anchor + synthetic prototype attributes,SYNTHETIC_PROTOTYPE
IN-LULC-13-008,Karnataka,Bengaluru,12.973241,77.728716,EPSG:4326,Water Body,1,Water Body,0.03,0.02,0.98,Black Soil,0.3,1748.35,9.94,0,17066.35,1,0,0,0,"POLYGON((77.72571563702115 12.97024093444287,77.73171563702115 12.97024093444287,77.73171563702115 12.97624093444287,77.72571563702115 12.97624093444287,77.72571563702115 12.97024093444287))",2026-08-01,Indian LULC class anchor + synthetic prototype attributes,SYNTHETIC_PROTOTYPE
IN-LULC-13-009,Karnataka,Bengaluru,13.0084,77.61904,EPSG:4326,Cropland,2,Cropland,0.035,0.65,0.35,Lateritic,11.19,581.31,3.13,0,5402.12,0,0,1,0,"POLYGON((77.61604005109609 13.005400134665972,77.62204005109609 13.005400134665972,77.62204005109609 13.011400134665973,77.61604005109609 13.011400134665973,77.61604005109609 13.005400134665972))",2026-08-01,Indian LULC class anchor + synthetic prototype attributes,SYNTHETIC_PROTOTYPE
IN-LULC-13-010,Karnataka,Bengaluru,13.072919,77.499269,EPSG:4326,Forest,3,Forest,0.12,0.05,0.9,Sandy Loam,8.8,75.89,0.24,0,6743.86,0,0,0,1,"POLYGON((77.49626891724277 13.069919013474433,77.50226891724277 13.069919013474433,77.50226891724277 13.075919013474433,77.49626891724277 13.075919013474433,77.49626891724277 13.069919013474433))",2026-08-01,Indian LULC class anchor + synthetic prototype attributes,SYNTHETIC_PROTOTYPE
IN-LULC-13-011,Karnataka,Bengaluru,13.058689,77.54358,EPSG:4326,Built-up,4,Built-up,0.15,0.9,0.15,Sandy Loam,7.12,1674.77,7.82,0,9257.63,0,1,0,0,"POLYGON((77.5405796913787 13.055689496734562,77.5465796913787 13.055689496734562,77.5465796913787 13.061689496734562,77.5405796913787 13.061689496734562,77.5405796913787 13.055689496734562))",2026-08-01,Indian LULC class anchor + synthetic prototype attributes,SYNTHETIC_PROTOTYPE
IN-LULC-13-012,Karnataka,Bengaluru,13.101524,77.727428,EPSG:4326,Grassland,5,Grassland,0.04,0.15,0.55,Red Soil,20.7,1669.33,1.91,0,10537.09,0,0,0,0,"POLYGON((77.72442806544154 13.098524030760164,77.73042806544154 13.098524030760164,77.73042806544154 13.104524030760164,77.72442806544154 13.104524030760164,77.72442806544154 13.098524030760164))",2026-08-01,Indian LULC class anchor + synthetic prototype attributes,SYNTHETIC_PROTOTYPE
IN-LULC-13-013,Karnataka,Bengaluru,12.933361,77.686483,EPSG:4326,Barren Land,6,Barren Land,0.025,0.05,0.05,Black Soil,10.71,342.66,0.78,0,11581.57,0,0,0,0,"POLYGON((77.68348338589763 12.930361394861306,77.68948338589763 12.930361394861306,77.68948338589763 12.936361394861306,77.68348338589763 12.936361394861306,77.68348338589763 12.930361394861306))",2026-08-01,Indian LULC class anchor + synthetic prototype attributes,SYNTHETIC_PROTOTYPE
IN-LULC-13-014,Karnataka,Bengaluru,13.087489,77.459002,EPSG:4326,Wetland,7,Wetland,0.06,0.2,0.8,Alluvial,2.96,1040.59,5.4,0,6781.85,0,0,0,0,"POLYGON((77.45600186832917 13.084488744610153,77.46200186832917 13.084488744610153,77.46200186832917 13.090488744610154,77.45600186832917 13.090488744610154,77.45600186832917 13.084488744610153))",2026-08-01,Indian LULC class anchor + synthetic prototype attributes,SYNTHETIC_PROTOTYPE
IN-LULC-13-015,Karnataka,Bengaluru,12.857768,77.470155,EPSG:4326,Shrubland,8,Shrubland,0.07,0.1,0.65,Sandy Loam,6.63,859.88,5.66,0,12788.2,0,0,0,0,"POLYGON((77.46715526227302 12.854767505905533,77.47315526227302 12.854767505905533,77.47315526227302 12.860767505905534,77.46715526227302 12.860767505905534,77.46715526227302 12.854767505905533))",2026-08-01,Indian LULC class anchor + synthetic prototype attributes,SYNTHETIC_PROTOTYPE
IN-LULC-13-016,Karnataka,Bengaluru,13.064492,77.461245,EPSG:4326,Road/Transport,9,Road/Transport,0.02,0.95,0.02,Lateritic,3.44,1537.1,11.28,0,10039.95,0,1,0,0,"POLYGON((77.45824452209526 13.061492321898955,77.46424452209526 13.061492321898955,77.46424452209526 13.067492321898955,77.45824452209526 13.067492321898955,77.45824452209526 13.061492321898955))",2026-08-01,Indian LULC class anchor + synthetic prototype attributes,SYNTHETIC_PROTOTYPE
IN-LULC-13-017,Karnataka,Bengaluru,12.920763,77.57514,EPSG:4326,Settlement,10,Settlement,0.1,0.75,0.2,Sandy Loam,7.62,121.72,10.13,0,13410.91,0,1,0,0,"POLYGON((77.5721402172169 12.917763388799601,77.5781402172169 12.917763388799601,77.5781402172169 12.923763388799602,77.5721402172169 12.923763388799602,77.5721402172169 12.917763388799601))",2026-08-01,Indian LULC class anchor + synthetic prototype attributes,SYNTHETIC_PROTOTYPE
IN-LULC-13-018,Karnataka,Bengaluru,12.901686,77.58016,EPSG:4326,Water Body,1,Water Body,0.03,0.02,0.98,Black Soil,0.39,1200.98,8.36,0,19442.21,1,0,0,0,"POLYGON((77.5771598296207 12.898685732185616,77.5831598296207 12.898685732185616,77.5831598296207 12.904685732185616,77.5771598296207 12.904685732185616,77.5771598296207 12.898685732185616))",2026-08-01,Indian LULC class anchor + synthetic prototype attributes,SYNTHETIC_PROTOTYPE
IN-LULC-13-019,Karnataka,Bengaluru,13.02549,77.467655,EPSG:4326,Cropland,2,Cropland,0.035,0.65,0.35,Red Soil,8.36,374.21,16.53,1,2083.32,0,0,1,0,"POLYGON((77.46465487250319 13.022490375337743,77.47065487250319 13.022490375337743,77.47065487250319 13.028490375337743,77.46465487250319 13.028490375337743,77.46465487250319 13.022490375337743))",2026-08-01,Indian LULC class anchor + synthetic prototype attributes,SYNTHETIC_PROTOTYPE
IN-LULC-13-020,Karnataka,Bengaluru,13.043516,77.600347,EPSG:4326,Forest,3,Forest,0.12,0.05,0.9,Alluvial,9.44,1548.7,1.14,0,4544.62,0,0,0,1,"POLYGON((77.59734737281738 13.040515906123204,77.60334737281738 13.040515906123204,77.60334737281738 13.046515906123204,77.59734737281738 13.046515906123204,77.59734737281738 13.040515906123204))",2026-08-01,Indian LULC class anchor + synthetic prototype attributes,SYNTHETIC_PROTOTYPE
IN-LULC-14-001,Telangana,Hyderabad,17.335506,78.346204,EPSG:4326,Grassland,5,Grassland,0.04,0.15,0.55,Black Soil,11.97,1618.91,11.36,0,9054.15,0,0,0,0,"POLYGON((78.34320431135744 17.332506233230628,78.34920431135744 17.332506233230628,78.34920431135744 17.33850623323063,78.34320431135744 17.33850623323063,78.34320431135744 17.332506233230628))",2026-08-01,Indian LULC class anchor + synthetic prototype attributes,SYNTHETIC_PROTOTYPE
IN-LULC-14-002,Telangana,Hyderabad,17.379808,78.339556,EPSG:4326,Barren Land,6,Barren Land,0.025,0.05,0.05,Sandy Loam,8.07,1251.78,12.34,0,11984.59,0,0,0,0,"POLYGON((78.33655556653743 17.37680751064433,78.34255556653743 17.37680751064433,78.34255556653743 17.38280751064433,78.33655556653743 17.38280751064433,78.33655556653743 17.37680751064433))",2026-08-01,Indian LULC class anchor + synthetic prototype attributes,SYNTHETIC_PROTOTYPE
IN-LULC-14-003,Telangana,Hyderabad,17.310972,78.365368,EPSG:4326,Wetland,7,Wetland,0.06,0.2,0.8,Red Soil,2.64,512.89,9.6,0,9041.72,0,0,0,0,"POLYGON((78.36236783732075 17.307971776532455,78.36836783732075 17.307971776532455,78.36836783732075 17.313971776532455,78.36236783732075 17.313971776532455,78.36236783732075 17.307971776532455))",2026-08-01,Indian LULC class anchor + synthetic prototype attributes,SYNTHETIC_PROTOTYPE
IN-LULC-14-004,Telangana,Hyderabad,17.338578,78.35378,EPSG:4326,Shrubland,8,Shrubland,0.07,0.1,0.65,Lateritic,6.06,1241.56,11.32,1,2182.05,0,0,0,0,"POLYGON((78.35078029264182 17.335578426239998,78.35678029264182 17.335578426239998,78.35678029264182 17.341578426239998,78.35078029264182 17.341578426239998,78.35078029264182 17.335578426239998))",2026-08-01,Indian LULC class anchor + synthetic prototype attributes,SYNTHETIC_PROTOTYPE
IN-LULC-14-005,Telangana,Hyderabad,17.42756,78.525725,EPSG:4326,Road/Transport,9,Road/Transport,0.02,0.95,0.02,Lateritic,2.99,534.1,13.83,1,1213.12,0,1,0,0,"POLYGON((78.52272506378186 17.424559732849644,78.52872506378186 17.424559732849644,78.52872506378186 17.430559732849645,78.52272506378186 17.430559732849645,78.52272506378186 17.424559732849644))",2026-08-01,Indian LULC class anchor + synthetic prototype attributes,SYNTHETIC_PROTOTYPE
IN-LULC-14-006,Telangana,Hyderabad,17.429157,78.41071,EPSG:4326,Settlement,10,Settlement,0.1,0.75,0.2,Red Soil,5.07,940.62,12.94,0,3355.45,0,1,0,0,"POLYGON((78.40771005375346 17.426157348120732,78.41371005375346 17.426157348120732,78.41371005375346 17.432157348120732,78.40771005375346 17.432157348120732,78.40771005375346 17.426157348120732))",2026-08-01,Indian LULC class anchor + synthetic prototype attributes,SYNTHETIC_PROTOTYPE
IN-LULC-14-007,Telangana,Hyderabad,17.290916,78.439014,EPSG:4326,Water Body,1,Water Body,0.03,0.02,0.98,Lateritic,0.69,104.11,13.13,0,6218.35,1,0,0,0,"POLYGON((78.43601390604175 17.287915684442712,78.44201390604175 17.287915684442712,78.44201390604175 17.293915684442712,78.43601390604175 17.293915684442712,78.43601390604175 17.287915684442712))",2026-08-01,Indian LULC class anchor + synthetic prototype attributes,SYNTHETIC_PROTOTYPE
IN-LULC-14-008,Telangana,Hyderabad,17.480325,78.39826,EPSG:4326,Cropland,2,Cropland,0.035,0.65,0.35,Sandy Loam,10.61,5.36,16.28,0,10140.34,0,0,1,0,"POLYGON((78.39525955454884 17.47732475661404,78.40125955454884 17.47732475661404,78.40125955454884 17.48332475661404,78.39525955454884 17.48332475661404,78.39525955454884 17.47732475661404))",2026-08-01,Indian LULC class anchor + synthetic prototype attributes,SYNTHETIC_PROTOTYPE
IN-LULC-14-009,Telangana,Hyderabad,17.318695,78.467509,EPSG:4326,Forest,3,Forest,0.12,0.05,0.9,Sandy Loam,6.46,1214.1,13.3,1,2624.41,0,0,0,1,"POLYGON((78.46450930396797 17.315694543396244,78.47050930396797 17.315694543396244,78.47050930396797 17.321694543396244,78.46450930396797 17.321694543396244,78.46450930396797 17.315694543396244))",2026-08-01,Indian LULC class anchor + synthetic prototype attributes,SYNTHETIC_PROTOTYPE
IN-LULC-14-010,Telangana,Hyderabad,17.506585,78.511939,EPSG:4326,Built-up,4,Built-up,0.15,0.9,0.15,Lateritic,6.46,929.83,6.93,0,12641.16,0,1,0,0,"POLYGON((78.5089385532687 17.50358492248254,78.5149385532687 17.50358492248254,78.5149385532687 17.50958492248254,78.5089385532687 17.50958492248254,78.5089385532687 17.50358492248254))",2026-08-01,Indian LULC class anchor + synthetic prototype attributes,SYNTHETIC_PROTOTYPE
IN-LULC-14-011,Telangana,Hyderabad,17.385168,78.432886,EPSG:4326,Grassland,5,Grassland,0.04,0.15,0.55,Lateritic,19.95,1177.04,4.33,0,11632.24,0,0,0,0,"POLYGON((78.42988648246147 17.382168307505346,78.43588648246147 17.382168307505346,78.43588648246147 17.388168307505346,78.42988648246147 17.388168307505346,78.42988648246147 17.382168307505346))",2026-08-01,Indian LULC class anchor + synthetic prototype attributes,SYNTHETIC_PROTOTYPE
IN-LULC-14-012,Telangana,Hyderabad,17.379396,78.516487,EPSG:4326,Barren Land,6,Barren Land,0.025,0.05,0.05,Lateritic,10.14,721.94,14.43,0,17878.1,0,0,0,0,"POLYGON((78.5134868316289 17.376395723221314,78.5194868316289 17.376395723221314,78.5194868316289 17.382395723221315,78.5134868316289 17.382395723221315,78.5134868316289 17.376395723221314))",2026-08-01,Indian LULC class anchor + synthetic prototype attributes,SYNTHETIC_PROTOTYPE
IN-LULC-14-013,Telangana,Hyderabad,17.436288,78.416895,EPSG:4326,Wetland,7,Wetland,0.06,0.2,0.8,Alluvial,3.41,922.57,6.87,0,14980.45,0,0,0,0,"POLYGON((78.41389527170895 17.433287931560006,78.41989527170895 17.433287931560006,78.41989527170895 17.439287931560006,78.41389527170895 17.439287931560006,78.41389527170895 17.433287931560006))",2026-08-01,Indian LULC class anchor + synthetic prototype attributes,SYNTHETIC_PROTOTYPE
IN-LULC-14-014,Telangana,Hyderabad,17.398971,78.454673,EPSG:4326,Shrubland,8,Shrubland,0.07,0.1,0.65,Sandy Loam,12.09,795.81,3.74,0,3190.52,0,0,0,0,"POLYGON((78.45167256507642 17.39597125946639,78.45767256507642 17.39597125946639,78.45767256507642 17.40197125946639,78.45167256507642 17.40197125946639,78.45167256507642 17.39597125946639))",2026-08-01,Indian LULC class anchor + synthetic prototype attributes,SYNTHETIC_PROTOTYPE
IN-LULC-14-015,Telangana,Hyderabad,17.302078,78.442677,EPSG:4326,Road/Transport,9,Road/Transport,0.02,0.95,0.02,Alluvial,4.08,647.47,2.84,1,2123.65,0,1,0,0,"POLYGON((78.43967747089656 17.29907849443761,78.44567747089656 17.29907849443761,78.44567747089656 17.30507849443761,78.43967747089656 17.30507849443761,78.43967747089656 17.29907849443761))",2026-08-01,Indian LULC class anchor + synthetic prototype attributes,SYNTHETIC_PROTOTYPE
IN-LULC-14-016,Telangana,Hyderabad,17.360382,78.542133,EPSG:4326,Settlement,10,Settlement,0.1,0.75,0.2,Red Soil,5.37,263.62,16.18,0,17534.82,0,1,0,0,"POLYGON((78.53913287921453 17.35738150629772,78.54513287921453 17.35738150629772,78.54513287921453 17.36338150629772,78.53913287921453 17.36338150629772,78.53913287921453 17.35738150629772))",2026-08-01,Indian LULC class anchor + synthetic prototype attributes,SYNTHETIC_PROTOTYPE
IN-LULC-14-017,Telangana,Hyderabad,17.318579,78.57105,EPSG:4326,Water Body,1,Water Body,0.03,0.02,0.98,Red Soil,0.51,474.59,12.15,0,16038.91,1,0,0,0,"POLYGON((78.56804992480798 17.315578969692186,78.57404992480798 17.315578969692186,78.57404992480798 17.321578969692187,78.56804992480798 17.321578969692187,78.56804992480798 17.315578969692186))",2026-08-01,Indian LULC class anchor + synthetic prototype attributes,SYNTHETIC_PROTOTYPE
IN-LULC-14-018,Telangana,Hyderabad,17.485903,78.536101,EPSG:4326,Cropland,2,Cropland,0.035,0.65,0.35,Red Soil,9.74,832.07,12.5,0,16241.44,0,0,1,0,"POLYGON((78.53310070329053 17.48290279257627,78.53910070329053 17.48290279257627,78.53910070329053 17.48890279257627,78.53310070329053 17.48890279257627,78.53310070329053 17.48290279257627))",2026-08-01,Indian LULC class anchor + synthetic prototype attributes,SYNTHETIC_PROTOTYPE
IN-LULC-14-019,Telangana,Hyderabad,17.265722,78.389191,EPSG:4326,Forest,3,Forest,0.12,0.05,0.9,Red Soil,7.51,406.35,0.96,1,2204.89,0,0,0,1,"POLYGON((78.38619143817101 17.262722342282366,78.39219143817101 17.262722342282366,78.39219143817101 17.268722342282366,78.38619143817101 17.268722342282366,78.38619143817101 17.262722342282366))",2026-08-01,Indian LULC class anchor + synthetic prototype attributes,SYNTHETIC_PROTOTYPE
IN-LULC-14-020,Telangana,Hyderabad,17.451268,78.58528,EPSG:4326,Built-up,4,Built-up,0.15,0.9,0.15,Black Soil,4.07,853.45,10.8,0,16635.63,0,1,0,0,"POLYGON((78.58227989173866 17.44826806431847,78.58827989173867 17.44826806431847,78.58827989173867 17.45426806431847,78.58227989173866 17.45426806431847,78.58227989173866 17.44826806431847))",2026-08-01,Indian LULC class anchor + synthetic prototype attributes,SYNTHETIC_PROTOTYPE
IN-LULC-15-001,Andhra Pradesh,Vijayawada,16.44769,80.775369,EPSG:4326,Barren Land,6,Barren Land,0.025,0.05,0.05,Black Soil,8.13,1246.52,5.94,0,18292.88,0,0,0,0,"POLYGON((80.77236940278975 16.444689784007885,80.77836940278975 16.444689784007885,80.77836940278975 16.450689784007885,80.77236940278975 16.450689784007885,80.77236940278975 16.444689784007885))",2026-08-01,Indian LULC class anchor + synthetic prototype attributes,SYNTHETIC_PROTOTYPE
IN-LULC-15-002,Andhra Pradesh,Vijayawada,16.658075,80.76545,EPSG:4326,Wetland,7,Wetland,0.06,0.2,0.8,Red Soil,2.29,643.81,6.78,0,3793.59,0,0,0,0,"POLYGON((80.76244961068751 16.65507499559312,80.76844961068751 16.65507499559312,80.76844961068751 16.661074995593122,80.76244961068751 16.661074995593122,80.76244961068751 16.65507499559312))",2026-08-01,Indian LULC class anchor + synthetic prototype attributes,SYNTHETIC_PROTOTYPE
IN-LULC-15-003,Andhra Pradesh,Vijayawada,16.537866,80.732058,EPSG:4326,Shrubland,8,Shrubland,0.07,0.1,0.65,Lateritic,6.4,1636.43,6.45,0,19836.71,0,0,0,0,"POLYGON((80.72905841863312 16.53486556719759,80.73505841863312 16.53486556719759,80.73505841863312 16.54086556719759,80.72905841863312 16.54086556719759,80.72905841863312 16.53486556719759))",2026-08-01,Indian LULC class anchor + synthetic prototype attributes,SYNTHETIC_PROTOTYPE
IN-LULC-15-004,Andhra Pradesh,Vijayawada,16.548465,80.743219,EPSG:4326,Road/Transport,9,Road/Transport,0.02,0.95,0.02,Alluvial,3.95,319.35,12.85,0,16358.63,0,1,0,0,"POLYGON((80.74021878238382 16.545465161061674,80.74621878238382 16.545465161061674,80.74621878238382 16.551465161061675,80.74021878238382 16.551465161061675,80.74021878238382 16.545465161061674))",2026-08-01,Indian LULC class anchor + synthetic prototype attributes,SYNTHETIC_PROTOTYPE
IN-LULC-15-005,Andhra Pradesh,Vijayawada,16.476879,80.549766,EPSG:4326,Settlement,10,Settlement,0.1,0.75,0.2,Red Soil,8.48,679.55,17.77,0,4539.4,0,1,0,0,"POLYGON((80.54676570417662 16.473878889287064,80.55276570417662 16.473878889287064,80.55276570417662 16.479878889287065,80.54676570417662 16.479878889287065,80.54676570417662 16.473878889287064))",2026-08-01,Indian LULC class anchor + synthetic prototype attributes,SYNTHETIC_PROTOTYPE
IN-LULC-15-006,Andhra Pradesh,Vijayawada,16.396698,80.623334,EPSG:4326,Water Body,1,Water Body,0.03,0.02,0.98,Black Soil,0.63,1484.18,4.59,0,16566.71,1,0,0,0,"POLYGON((80.62033449990494 16.393697521292598,80.62633449990494 16.393697521292598,80.62633449990494 16.399697521292598,80.62033449990494 16.399697521292598,80.62033449990494 16.393697521292598))",2026-08-01,Indian LULC class anchor + synthetic prototype attributes,SYNTHETIC_PROTOTYPE
IN-LULC-15-007,Andhra Pradesh,Vijayawada,16.528504,80.709515,EPSG:4326,Cropland,2,Cropland,0.035,0.65,0.35,Lateritic,7.52,752.9,0.8,0,7079.52,0,0,1,0,"POLYGON((80.70651495469588 16.525504287441976,80.71251495469588 16.525504287441976,80.71251495469588 16.531504287441976,80.70651495469588 16.531504287441976,80.70651495469588 16.525504287441976))",2026-08-01,Indian LULC class anchor + synthetic prototype attributes,SYNTHETIC_PROTOTYPE
IN-LULC-15-008,Andhra Pradesh,Vijayawada,16.458157,80.641281,EPSG:4326,Forest,3,Forest,0.12,0.05,0.9,Red Soil,10.24,272.87,15.68,0,7224.22,0,0,0,1,"POLYGON((80.63828074399443 16.455157287848305,80.64428074399443 16.455157287848305,80.64428074399443 16.461157287848305,80.63828074399443 16.461157287848305,80.63828074399443 16.455157287848305))",2026-08-01,Indian LULC class anchor + synthetic prototype attributes,SYNTHETIC_PROTOTYPE
IN-LULC-15-009,Andhra Pradesh,Vijayawada,16.516983,80.66639,EPSG:4326,Built-up,4,Built-up,0.15,0.9,0.15,Alluvial,4.4,530.2,10.43,0,8662.93,0,1,0,0,"POLYGON((80.663390023015 16.513982676389638,80.669390023015 16.513982676389638,80.669390023015 16.51998267638964,80.663390023015 16.51998267638964,80.663390023015 16.513982676389638))",2026-08-01,Indian LULC class anchor + synthetic prototype attributes,SYNTHETIC_PROTOTYPE
IN-LULC-15-010,Andhra Pradesh,Vijayawada,16.619213,80.607359,EPSG:4326,Grassland,5,Grassland,0.04,0.15,0.55,Red Soil,14.72,1697.3,3.5,1,2201.28,0,0,0,0,"POLYGON((80.60435913153044 16.61621333420415,80.61035913153044 16.61621333420415,80.61035913153044 16.62221333420415,80.60435913153044 16.62221333420415,80.60435913153044 16.61621333420415))",2026-08-01,Indian LULC class anchor + synthetic prototype attributes,SYNTHETIC_PROTOTYPE
IN-LULC-15-011,Andhra Pradesh,Vijayawada,16.413337,80.533346,EPSG:4326,Barren Land,6,Barren Land,0.025,0.05,0.05,Sandy Loam,11.01,461.83,15.72,0,3943.01,0,0,0,0,"POLYGON((80.5303464913552 16.410337424495633,80.5363464913552 16.410337424495633,80.5363464913552 16.416337424495634,80.5303464913552 16.416337424495634,80.5303464913552 16.410337424495633))",2026-08-01,Indian LULC class anchor + synthetic prototype attributes,SYNTHETIC_PROTOTYPE
IN-LULC-15-012,Andhra Pradesh,Vijayawada,16.384911,80.714585,EPSG:4326,Wetland,7,Wetland,0.06,0.2,0.8,Red Soil,3.17,1296.49,5.04,0,10060.1,0,0,0,0,"POLYGON((80.71158507058581 16.381910874717363,80.71758507058581 16.381910874717363,80.71758507058581 16.387910874717363,80.71158507058581 16.387910874717363,80.71158507058581 16.381910874717363))",2026-08-01,Indian LULC class anchor + synthetic prototype attributes,SYNTHETIC_PROTOTYPE
IN-LULC-15-013,Andhra Pradesh,Vijayawada,16.460779,80.742865,EPSG:4326,Shrubland,8,Shrubland,0.07,0.1,0.65,Red Soil,8.17,1137.11,3.7,0,14750.25,0,0,0,0,"POLYGON((80.73986534714898 16.45777926955547,80.74586534714898 16.45777926955547,80.74586534714898 16.46377926955547,80.73986534714898 16.46377926955547,80.73986534714898 16.45777926955547))",2026-08-01,Indian LULC class anchor + synthetic prototype attributes,SYNTHETIC_PROTOTYPE
IN-LULC-15-014,Andhra Pradesh,Vijayawada,16.61293,80.533535,EPSG:4326,Road/Transport,9,Road/Transport,0.02,0.95,0.02,Lateritic,2.55,225.3,16.52,0,14715.54,0,1,0,0,"POLYGON((80.53053545447372 16.609929625767,80.53653545447372 16.609929625767,80.53653545447372 16.615929625767,80.53053545447372 16.615929625767,80.53053545447372 16.609929625767))",2026-08-01,Indian LULC class anchor + synthetic prototype attributes,SYNTHETIC_PROTOTYPE
IN-LULC-15-015,Andhra Pradesh,Vijayawada,16.61691,80.7023,EPSG:4326,Settlement,10,Settlement,0.1,0.75,0.2,Lateritic,4.74,1378.72,12.84,0,14496.34,0,1,0,0,"POLYGON((80.699299615322 16.61390972165471,80.705299615322 16.61390972165471,80.705299615322 16.61990972165471,80.699299615322 16.61990972165471,80.699299615322 16.61390972165471))",2026-08-01,Indian LULC class anchor + synthetic prototype attributes,SYNTHETIC_PROTOTYPE
IN-LULC-15-016,Andhra Pradesh,Vijayawada,16.3638,80.508295,EPSG:4326,Water Body,1,Water Body,0.03,0.02,0.98,Lateritic,0.55,882.54,1.25,0,14205.13,1,0,0,0,"POLYGON((80.50529548948387 16.36080036954304,80.51129548948387 16.36080036954304,80.51129548948387 16.36680036954304,80.50529548948387 16.36680036954304,80.50529548948387 16.36080036954304))",2026-08-01,Indian LULC class anchor + synthetic prototype attributes,SYNTHETIC_PROTOTYPE
IN-LULC-15-017,Andhra Pradesh,Vijayawada,16.590428,80.680317,EPSG:4326,Cropland,2,Cropland,0.035,0.65,0.35,Lateritic,16.68,103.72,12.75,0,6540.17,0,0,1,0,"POLYGON((80.67731722227488 16.587427646738607,80.68331722227488 16.587427646738607,80.68331722227488 16.593427646738608,80.67731722227488 16.593427646738608,80.67731722227488 16.587427646738607))",2026-08-01,Indian LULC class anchor + synthetic prototype attributes,SYNTHETIC_PROTOTYPE
IN-LULC-15-018,Andhra Pradesh,Vijayawada,16.477236,80.525478,EPSG:4326,Forest,3,Forest,0.12,0.05,0.9,Lateritic,10.82,377.14,10.18,0,9671.81,0,0,0,1,"POLYGON((80.52247811366134 16.474235820150977,80.52847811366134 16.474235820150977,80.52847811366134 16.480235820150977,80.52247811366134 16.480235820150977,80.52247811366134 16.474235820150977))",2026-08-01,Indian LULC class anchor + synthetic prototype attributes,SYNTHETIC_PROTOTYPE
IN-LULC-15-019,Andhra Pradesh,Vijayawada,16.483512,80.63837,EPSG:4326,Built-up,4,Built-up,0.15,0.9,0.15,Lateritic,6.61,462.79,16.75,0,11380.22,0,1,0,0,"POLYGON((80.63537013748898 16.480511844270932,80.64137013748898 16.480511844270932,80.64137013748898 16.486511844270932,80.63537013748898 16.486511844270932,80.63537013748898 16.480511844270932))",2026-08-01,Indian LULC class anchor + synthetic prototype attributes,SYNTHETIC_PROTOTYPE
IN-LULC-15-020,Andhra Pradesh,Vijayawada,16.562109,80.58084,EPSG:4326,Grassland,5,Grassland,0.04,0.15,0.55,Alluvial,16.25,256.93,8.14,0,13545.41,0,0,0,0,"POLYGON((80.57784037671405 16.559108641545617,80.58384037671405 16.559108641545617,80.58384037671405 16.565108641545617,80.57784037671405 16.565108641545617,80.57784037671405 16.559108641545617))",2026-08-01,Indian LULC class anchor + synthetic prototype attributes,SYNTHETIC_PROTOTYPE
IN-LULC-16-001,Tamil Nadu,Chennai,13.000385,80.326493,EPSG:4326,Wetland,7,Wetland,0.06,0.2,0.8,Lateritic,3.32,1194.62,10.59,0,7164.82,0,0,0,0,"POLYGON((80.32349310230654 12.997385076724745,80.32949310230654 12.997385076724745,80.32949310230654 13.003385076724745,80.32349310230654 13.003385076724745,80.32349310230654 12.997385076724745))",2026-08-01,Indian LULC class anchor + synthetic prototype attributes,SYNTHETIC_PROTOTYPE
IN-LULC-16-002,Tamil Nadu,Chennai,12.94119,80.359021,EPSG:4326,Shrubland,8,Shrubland,0.07,0.1,0.65,Lateritic,13.24,334.68,3.91,0,17594.22,0,0,0,0,"POLYGON((80.35602067904553 12.93818968980979,80.36202067904553 12.93818968980979,80.36202067904553 12.94418968980979,80.35602067904553 12.94418968980979,80.35602067904553 12.93818968980979))",2026-08-01,Indian LULC class anchor + synthetic prototype attributes,SYNTHETIC_PROTOTYPE
IN-LULC-16-003,Tamil Nadu,Chennai,12.941692,80.365437,EPSG:4326,Road/Transport,9,Road/Transport,0.02,0.95,0.02,Sandy Loam,4.97,1613.92,11.94,0,9122.45,0,1,0,0,"POLYGON((80.36243656592669 12.938692372193428,80.36843656592669 12.938692372193428,80.36843656592669 12.944692372193428,80.36243656592669 12.944692372193428,80.36243656592669 12.938692372193428))",2026-08-01,Indian LULC class anchor + synthetic prototype attributes,SYNTHETIC_PROTOTYPE
IN-LULC-16-004,Tamil Nadu,Chennai,13.051572,80.336984,EPSG:4326,Settlement,10,Settlement,0.1,0.75,0.2,Sandy Loam,8.27,1742.79,2.79,0,15106.08,0,1,0,0,"POLYGON((80.33398388517357 13.048571949005163,80.33998388517357 13.048571949005163,80.33998388517357 13.054571949005163,80.33398388517357 13.054571949005163,80.33398388517357 13.048571949005163))",2026-08-01,Indian LULC class anchor + synthetic prototype attributes,SYNTHETIC_PROTOTYPE
IN-LULC-16-005,Tamil Nadu,Chennai,13.076455,80.14796,EPSG:4326,Water Body,1,Water Body,0.03,0.02,0.98,Red Soil,0.55,1786.33,8.24,0,17176.31,1,0,0,0,"POLYGON((80.14496001265476 13.073455117216321,80.15096001265476 13.073455117216321,80.15096001265476 13.079455117216321,80.14496001265476 13.079455117216321,80.14496001265476 13.073455117216321))",2026-08-01,Indian LULC class anchor + synthetic prototype attributes,SYNTHETIC_PROTOTYPE
IN-LULC-16-006,Tamil Nadu,Chennai,13.226686,80.412596,EPSG:4326,Cropland,2,Cropland,0.035,0.65,0.35,Red Soil,14.59,1110.76,13.02,0,18907.19,0,0,1,0,"POLYGON((80.40959572107091 13.223685626840764,80.41559572107091 13.223685626840764,80.41559572107091 13.229685626840764,80.40959572107091 13.229685626840764,80.40959572107091 13.223685626840764))",2026-08-01,Indian LULC class anchor + synthetic prototype attributes,SYNTHETIC_PROTOTYPE
IN-LULC-16-007,Tamil Nadu,Chennai,13.041236,80.163221,EPSG:4326,Forest,3,Forest,0.12,0.05,0.9,Lateritic,10.74,60.37,16.94,0,15217.47,0,0,0,1,"POLYGON((80.160220725648 13.038236434140355,80.166220725648 13.038236434140355,80.166220725648 13.044236434140355,80.160220725648 13.044236434140355,80.160220725648 13.038236434140355))",2026-08-01,Indian LULC class anchor + synthetic prototype attributes,SYNTHETIC_PROTOTYPE
IN-LULC-16-008,Tamil Nadu,Chennai,13.174874,80.304434,EPSG:4326,Built-up,4,Built-up,0.15,0.9,0.15,Black Soil,5.63,1194.15,3.28,1,2511.98,0,1,0,0,"POLYGON((80.30143413175135 13.171874286946027,80.30743413175135 13.171874286946027,80.30743413175135 13.177874286946027,80.30143413175135 13.177874286946027,80.30143413175135 13.171874286946027))",2026-08-01,Indian LULC class anchor + synthetic prototype attributes,SYNTHETIC_PROTOTYPE
IN-LULC-16-009,Tamil Nadu,Chennai,13.224457,80.150791,EPSG:4326,Grassland,5,Grassland,0.04,0.15,0.55,Red Soil,17.38,743.25,9.0,0,17093.4,0,0,0,0,"POLYGON((80.14779056650805 13.221456781399931,80.15379056650805 13.221456781399931,80.15379056650805 13.227456781399932,80.14779056650805 13.227456781399932,80.14779056650805 13.221456781399931))",2026-08-01,Indian LULC class anchor + synthetic prototype attributes,SYNTHETIC_PROTOTYPE
IN-LULC-16-010,Tamil Nadu,Chennai,13.091578,80.140177,EPSG:4326,Barren Land,6,Barren Land,0.025,0.05,0.05,Red Soil,7.26,97.01,15.73,0,8801.67,0,0,0,0,"POLYGON((80.13717681736104 13.088577869687118,80.14317681736104 13.088577869687118,80.14317681736104 13.094577869687118,80.13717681736104 13.094577869687118,80.13717681736104 13.088577869687118))",2026-08-01,Indian LULC class anchor + synthetic prototype attributes,SYNTHETIC_PROTOTYPE
IN-LULC-16-011,Tamil Nadu,Chennai,13.095252,80.339422,EPSG:4326,Wetland,7,Wetland,0.06,0.2,0.8,Lateritic,1.97,1459.24,17.22,0,14749.6,0,0,0,0,"POLYGON((80.33642155812863 13.09225204188588,80.34242155812863 13.09225204188588,80.34242155812863 13.09825204188588,80.33642155812863 13.09825204188588,80.33642155812863 13.09225204188588))",2026-08-01,Indian LULC class anchor + synthetic prototype attributes,SYNTHETIC_PROTOTYPE
IN-LULC-16-012,Tamil Nadu,Chennai,13.137464,80.222317,EPSG:4326,Shrubland,8,Shrubland,0.07,0.1,0.65,Lateritic,9.87,1698.23,1.57,0,8297.39,0,0,0,0,"POLYGON((80.21931661772301 13.134464410005677,80.22531661772301 13.134464410005677,80.22531661772301 13.140464410005677,80.21931661772301 13.140464410005677,80.21931661772301 13.134464410005677))",2026-08-01,Indian LULC class anchor + synthetic prototype attributes,SYNTHETIC_PROTOTYPE
IN-LULC-16-013,Tamil Nadu,Chennai,13.216143,80.20378,EPSG:4326,Road/Transport,9,Road/Transport,0.02,0.95,0.02,Lateritic,4.23,846.91,2.62,0,5958.65,0,1,0,0,"POLYGON((80.20077985884107 13.213142616296619,80.20677985884107 13.213142616296619,80.20677985884107 13.219142616296619,80.20077985884107 13.219142616296619,80.20077985884107 13.213142616296619))",2026-08-01,Indian LULC class anchor + synthetic prototype attributes,SYNTHETIC_PROTOTYPE
IN-LULC-16-014,Tamil Nadu,Chennai,13.156716,80.189893,EPSG:4326,Settlement,10,Settlement,0.1,0.75,0.2,Black Soil,7.92,709.38,11.25,0,9160.66,0,1,0,0,"POLYGON((80.18689319275599 13.153715939515335,80.19289319275599 13.153715939515335,80.19289319275599 13.159715939515335,80.18689319275599 13.159715939515335,80.18689319275599 13.153715939515335))",2026-08-01,Indian LULC class anchor + synthetic prototype attributes,SYNTHETIC_PROTOTYPE
IN-LULC-16-015,Tamil Nadu,Chennai,13.12654,80.15647,EPSG:4326,Water Body,1,Water Body,0.03,0.02,0.98,Black Soil,0.6,77.92,7.66,0,14569.07,1,0,0,0,"POLYGON((80.15346983424126 13.123540103170171,80.15946983424126 13.123540103170171,80.15946983424126 13.129540103170172,80.15346983424126 13.129540103170172,80.15346983424126 13.123540103170171))",2026-08-01,Indian LULC class anchor + synthetic prototype attributes,SYNTHETIC_PROTOTYPE
IN-LULC-16-016,Tamil Nadu,Chennai,13.214984,80.383849,EPSG:4326,Cropland,2,Cropland,0.035,0.65,0.35,Red Soil,9.77,877.04,3.01,0,15148.21,0,0,1,0,"POLYGON((80.38084857525452 13.211983784798258,80.38684857525452 13.211983784798258,80.38684857525452 13.217983784798259,80.38084857525452 13.217983784798259,80.38084857525452 13.211983784798258))",2026-08-01,Indian LULC class anchor + synthetic prototype attributes,SYNTHETIC_PROTOTYPE
IN-LULC-16-017,Tamil Nadu,Chennai,13.194816,80.37194,EPSG:4326,Forest,3,Forest,0.12,0.05,0.9,Red Soil,5.29,1187.41,17.93,0,12091.63,0,0,0,1,"POLYGON((80.36893998140711 13.191816217539957,80.37493998140711 13.191816217539957,80.37493998140711 13.197816217539957,80.36893998140711 13.197816217539957,80.36893998140711 13.191816217539957))",2026-08-01,Indian LULC class anchor + synthetic prototype attributes,SYNTHETIC_PROTOTYPE
IN-LULC-16-018,Tamil Nadu,Chennai,13.158271,80.167848,EPSG:4326,Built-up,4,Built-up,0.15,0.9,0.15,Black Soil,6.1,349.46,4.2,1,780.07,0,1,0,0,"POLYGON((80.16484841592349 13.155271487570827,80.17084841592349 13.155271487570827,80.17084841592349 13.161271487570827,80.16484841592349 13.161271487570827,80.16484841592349 13.155271487570827))",2026-08-01,Indian LULC class anchor + synthetic prototype attributes,SYNTHETIC_PROTOTYPE
IN-LULC-16-019,Tamil Nadu,Chennai,13.03335,80.336823,EPSG:4326,Grassland,5,Grassland,0.04,0.15,0.55,Black Soil,11.67,54.65,3.51,0,4871.28,0,0,0,0,"POLYGON((80.33382292474681 13.03035013486779,80.33982292474681 13.03035013486779,80.33982292474681 13.03635013486779,80.33382292474681 13.03635013486779,80.33382292474681 13.03035013486779))",2026-08-01,Indian LULC class anchor + synthetic prototype attributes,SYNTHETIC_PROTOTYPE
IN-LULC-16-020,Tamil Nadu,Chennai,13.21899,80.407173,EPSG:4326,Barren Land,6,Barren Land,0.025,0.05,0.05,Alluvial,8.71,48.24,3.1,0,12470.21,0,0,0,0,"POLYGON((80.40417349266976 13.215989847302536,80.41017349266976 13.215989847302536,80.41017349266976 13.221989847302536,80.40417349266976 13.221989847302536,80.40417349266976 13.215989847302536))",2026-08-01,Indian LULC class anchor + synthetic prototype attributes,SYNTHETIC_PROTOTYPE
IN-LULC-17-001,Kerala,Kochi,10.032102,76.353208,EPSG:4326,Shrubland,8,Shrubland,0.07,0.1,0.65,Red Soil,12.19,1124.08,10.54,0,13568.27,0,0,0,0,"POLYGON((76.35020818731158 10.029101686237663,76.35620818731158 10.029101686237663,76.35620818731158 10.035101686237663,76.35020818731158 10.035101686237663,76.35020818731158 10.029101686237663))",2026-08-01,Indian LULC class anchor + synthetic prototype attributes,SYNTHETIC_PROTOTYPE
IN-LULC-17-002,Kerala,Kochi,9.919777,76.325912,EPSG:4326,Road/Transport,9,Road/Transport,0.02,0.95,0.02,Red Soil,2.74,93.27,9.6,0,13937.81,0,1,0,0,"POLYGON((76.32291209623449 9.916776724239817,76.32891209623449 9.916776724239817,76.32891209623449 9.922776724239817,76.32291209623449 9.922776724239817,76.32291209623449 9.916776724239817))",2026-08-01,Indian LULC class anchor + synthetic prototype attributes,SYNTHETIC_PROTOTYPE
IN-LULC-17-003,Kerala,Kochi,9.955563,76.408586,EPSG:4326,Settlement,10,Settlement,0.1,0.75,0.2,Red Soil,5.1,1584.85,11.52,0,11407.34,0,1,0,0,"POLYGON((76.40558587068158 9.952562509766212,76.41158587068158 9.952562509766212,76.41158587068158 9.958562509766212,76.40558587068158 9.958562509766212,76.40558587068158 9.952562509766212))",2026-08-01,Indian LULC class anchor + synthetic prototype attributes,SYNTHETIC_PROTOTYPE
IN-LULC-17-004,Kerala,Kochi,9.878026,76.374411,EPSG:4326,Water Body,1,Water Body,0.03,0.02,0.98,Lateritic,0.32,1554.86,10.75,0,13959.41,1,0,0,0,"POLYGON((76.37141101189304 9.875026271881923,76.37741101189305 9.875026271881923,76.37741101189305 9.881026271881924,76.37141101189304 9.881026271881924,76.37141101189304 9.875026271881923))",2026-08-01,Indian LULC class anchor + synthetic prototype attributes,SYNTHETIC_PROTOTYPE
IN-LULC-17-005,Kerala,Kochi,10.020626,76.338907,EPSG:4326,Cropland,2,Cropland,0.035,0.65,0.35,Lateritic,15.49,1241.13,6.27,0,11032.43,0,0,1,0,"POLYGON((76.33590693798232 10.01762581154736,76.34190693798232 10.01762581154736,76.34190693798232 10.02362581154736,76.33590693798232 10.02362581154736,76.33590693798232 10.01762581154736))",2026-08-01,Indian LULC class anchor + synthetic prototype attributes,SYNTHETIC_PROTOTYPE
IN-LULC-17-006,Kerala,Kochi,9.990642,76.40314,EPSG:4326,Forest,3,Forest,0.12,0.05,0.9,Lateritic,5.69,978.82,5.99,0,4497.17,0,0,0,1,"POLYGON((76.40014046503298 9.987642086419438,76.40614046503298 9.987642086419438,76.40614046503298 9.993642086419438,76.40014046503298 9.993642086419438,76.40014046503298 9.987642086419438))",2026-08-01,Indian LULC class anchor + synthetic prototype attributes,SYNTHETIC_PROTOTYPE
IN-LULC-17-007,Kerala,Kochi,10.010182,76.173833,EPSG:4326,Built-up,4,Built-up,0.15,0.9,0.15,Red Soil,7.49,676.82,4.5,0,4708.69,0,1,0,0,"POLYGON((76.17083272289823 10.007182272857225,76.17683272289823 10.007182272857225,76.17683272289823 10.013182272857225,76.17083272289823 10.013182272857225,76.17083272289823 10.007182272857225))",2026-08-01,Indian LULC class anchor + synthetic prototype attributes,SYNTHETIC_PROTOTYPE
IN-LULC-17-008,Kerala,Kochi,9.823044,76.417115,EPSG:4326,Grassland,5,Grassland,0.04,0.15,0.55,Black Soil,15.32,97.57,5.43,1,1773.78,0,0,0,0,"POLYGON((76.41411493174412 9.820044014007795,76.42011493174412 9.820044014007795,76.42011493174412 9.826044014007795,76.41411493174412 9.826044014007795,76.41411493174412 9.820044014007795))",2026-08-01,Indian LULC class anchor + synthetic prototype attributes,SYNTHETIC_PROTOTYPE
IN-LULC-17-009,Kerala,Kochi,9.796123,76.275026,EPSG:4326,Barren Land,6,Barren Land,0.025,0.05,0.05,Lateritic,8.74,713.19,14.69,0,5879.91,0,0,0,0,"POLYGON((76.2720258273916 9.793123246946209,76.2780258273916 9.793123246946209,76.2780258273916 9.799123246946209,76.2720258273916 9.799123246946209,76.2720258273916 9.793123246946209))",2026-08-01,Indian LULC class anchor + synthetic prototype attributes,SYNTHETIC_PROTOTYPE
IN-LULC-17-010,Kerala,Kochi,9.83488,76.274376,EPSG:4326,Wetland,7,Wetland,0.06,0.2,0.8,Black Soil,3.17,1179.06,12.7,0,4222.6,0,0,0,0,"POLYGON((76.27137606827783 9.831880155756934,76.27737606827783 9.831880155756934,76.27737606827783 9.837880155756935,76.27137606827783 9.837880155756935,76.27137606827783 9.831880155756934))",2026-08-01,Indian LULC class anchor + synthetic prototype attributes,SYNTHETIC_PROTOTYPE
IN-LULC-17-011,Kerala,Kochi,9.889595,76.232654,EPSG:4326,Shrubland,8,Shrubland,0.07,0.1,0.65,Alluvial,11.36,635.98,15.27,0,9694.27,0,0,0,0,"POLYGON((76.22965432347256 9.886595040084318,76.23565432347256 9.886595040084318,76.23565432347256 9.892595040084318,76.22965432347256 9.892595040084318,76.22965432347256 9.886595040084318))",2026-08-01,Indian LULC class anchor + synthetic prototype attributes,SYNTHETIC_PROTOTYPE
IN-LULC-17-012,Kerala,Kochi,9.781022,76.17872,EPSG:4326,Road/Transport,9,Road/Transport,0.02,0.95,0.02,Sandy Loam,4.0,1442.36,17.69,0,8471.33,0,1,0,0,"POLYGON((76.17571974496607 9.778021874735664,76.18171974496607 9.778021874735664,76.18171974496607 9.784021874735664,76.17571974496607 9.784021874735664,76.17571974496607 9.778021874735664))",2026-08-01,Indian LULC class anchor + synthetic prototype attributes,SYNTHETIC_PROTOTYPE
IN-LULC-17-013,Kerala,Kochi,9.999724,76.158259,EPSG:4326,Settlement,10,Settlement,0.1,0.75,0.2,Alluvial,8.99,1056.24,5.8,0,3108.54,0,1,0,0,"POLYGON((76.15525922685683 9.996724481616143,76.16125922685683 9.996724481616143,76.16125922685683 10.002724481616143,76.15525922685683 10.002724481616143,76.15525922685683 9.996724481616143))",2026-08-01,Indian LULC class anchor + synthetic prototype attributes,SYNTHETIC_PROTOTYPE
IN-LULC-17-014,Kerala,Kochi,10.020804,76.266363,EPSG:4326,Water Body,1,Water Body,0.03,0.02,0.98,Alluvial,0.35,321.26,3.24,0,6777.73,1,0,0,0,"POLYGON((76.26336321240481 10.017803902523413,76.26936321240481 10.017803902523413,76.26936321240481 10.023803902523413,76.26336321240481 10.023803902523413,76.26336321240481 10.017803902523413))",2026-08-01,Indian LULC class anchor + synthetic prototype attributes,SYNTHETIC_PROTOTYPE
IN-LULC-17-015,Kerala,Kochi,9.943865,76.247256,EPSG:4326,Cropland,2,Cropland,0.035,0.65,0.35,Red Soil,13.24,1320.53,17.9,0,3786.2,0,0,1,0,"POLYGON((76.24425628135721 9.940865326912233,76.25025628135721 9.940865326912233,76.25025628135721 9.946865326912233,76.24425628135721 9.946865326912233,76.24425628135721 9.940865326912233))",2026-08-01,Indian LULC class anchor + synthetic prototype attributes,SYNTHETIC_PROTOTYPE
IN-LULC-17-016,Kerala,Kochi,9.846989,76.346215,EPSG:4326,Forest,3,Forest,0.12,0.05,0.9,Lateritic,10.51,411.82,10.54,0,12465.15,0,0,0,1,"POLYGON((76.34321456689909 9.843988559828986,76.3492145668991 9.843988559828986,76.3492145668991 9.849988559828986,76.34321456689909 9.849988559828986,76.34321456689909 9.843988559828986))",2026-08-01,Indian LULC class anchor + synthetic prototype attributes,SYNTHETIC_PROTOTYPE
IN-LULC-17-017,Kerala,Kochi,9.853374,76.385421,EPSG:4326,Built-up,4,Built-up,0.15,0.9,0.15,Alluvial,4.11,1687.96,5.76,1,1344.8,0,1,0,0,"POLYGON((76.38242099875445 9.850374193473751,76.38842099875446 9.850374193473751,76.38842099875446 9.856374193473751,76.38242099875445 9.856374193473751,76.38242099875445 9.850374193473751))",2026-08-01,Indian LULC class anchor + synthetic prototype attributes,SYNTHETIC_PROTOTYPE
IN-LULC-17-018,Kerala,Kochi,9.98679,76.416485,EPSG:4326,Grassland,5,Grassland,0.04,0.15,0.55,Red Soil,14.22,343.52,15.9,0,12766.46,0,0,0,0,"POLYGON((76.41348500679229 9.983790382281594,76.41948500679229 9.983790382281594,76.41948500679229 9.989790382281594,76.41348500679229 9.989790382281594,76.41348500679229 9.983790382281594))",2026-08-01,Indian LULC class anchor + synthetic prototype attributes,SYNTHETIC_PROTOTYPE
IN-LULC-17-019,Kerala,Kochi,9.960228,76.121317,EPSG:4326,Barren Land,6,Barren Land,0.025,0.05,0.05,Lateritic,10.88,1415.38,9.58,0,10998.02,0,0,0,0,"POLYGON((76.11831723886019 9.957227605030967,76.12431723886019 9.957227605030967,76.12431723886019 9.963227605030967,76.11831723886019 9.963227605030967,76.11831723886019 9.957227605030967))",2026-08-01,Indian LULC class anchor + synthetic prototype attributes,SYNTHETIC_PROTOTYPE
IN-LULC-17-020,Kerala,Kochi,9.965909,76.163691,EPSG:4326,Wetland,7,Wetland,0.06,0.2,0.8,Lateritic,2.88,149.78,11.33,0,14839.28,0,0,0,0,"POLYGON((76.16069148162728 9.962908692034977,76.16669148162728 9.962908692034977,76.16669148162728 9.968908692034978,76.16069148162728 9.968908692034978,76.16069148162728 9.962908692034977))",2026-08-01,Indian LULC class anchor + synthetic prototype attributes,SYNTHETIC_PROTOTYPE
IN-LULC-18-001,Punjab,Ludhiana,30.966286,76.001971,EPSG:4326,Road/Transport,9,Road/Transport,0.02,0.95,0.02,Alluvial,3.75,361.92,15.27,0,10536.42,0,1,0,0,"POLYGON((75.99897110912583 30.963286416000777,76.00497110912583 30.963286416000777,76.00497110912583 30.969286416000777,75.99897110912583 30.969286416000777,75.99897110912583 30.963286416000777))",2026-08-01,Indian LULC class anchor + synthetic prototype attributes,SYNTHETIC_PROTOTYPE
IN-LULC-18-002,Punjab,Ludhiana,30.837838,75.755507,EPSG:4326,Settlement,10,Settlement,0.1,0.75,0.2,Black Soil,5.81,1396.09,5.74,0,7644.79,0,1,0,0,"POLYGON((75.7525071501571 30.834837782514427,75.7585071501571 30.834837782514427,75.7585071501571 30.840837782514427,75.7525071501571 30.840837782514427,75.7525071501571 30.834837782514427))",2026-08-01,Indian LULC class anchor + synthetic prototype attributes,SYNTHETIC_PROTOTYPE
IN-LULC-18-003,Punjab,Ludhiana,31.049771,75.79797,EPSG:4326,Water Body,1,Water Body,0.03,0.02,0.98,Alluvial,0.43,376.41,15.46,0,13664.04,1,0,0,0,"POLYGON((75.79497044100886 31.046770934603856,75.80097044100886 31.046770934603856,75.80097044100886 31.052770934603856,75.79497044100886 31.052770934603856,75.79497044100886 31.046770934603856))",2026-08-01,Indian LULC class anchor + synthetic prototype attributes,SYNTHETIC_PROTOTYPE
IN-LULC-18-004,Punjab,Ludhiana,31.040724,75.725299,EPSG:4326,Cropland,2,Cropland,0.035,0.65,0.35,Sandy Loam,15.97,540.33,6.81,0,16505.49,0,0,1,0,"POLYGON((75.7222991100855 31.037724476143914,75.7282991100855 31.037724476143914,75.7282991100855 31.043724476143915,75.7222991100855 31.043724476143915,75.7222991100855 31.037724476143914))",2026-08-01,Indian LULC class anchor + synthetic prototype attributes,SYNTHETIC_PROTOTYPE
IN-LULC-18-005,Punjab,Ludhiana,30.818783,75.724398,EPSG:4326,Forest,3,Forest,0.12,0.05,0.9,Lateritic,11.1,916.57,1.81,0,14109.87,0,0,0,1,"POLYGON((75.72139804300787 30.81578253802005,75.72739804300787 30.81578253802005,75.72739804300787 30.82178253802005,75.72139804300787 30.82178253802005,75.72139804300787 30.81578253802005))",2026-08-01,Indian LULC class anchor + synthetic prototype attributes,SYNTHETIC_PROTOTYPE
IN-LULC-18-006,Punjab,Ludhiana,30.850224,75.713876,EPSG:4326,Built-up,4,Built-up,0.15,0.9,0.15,Alluvial,5.09,1704.96,9.13,0,9776.78,0,1,0,0,"POLYGON((75.71087600374472 30.847223795880648,75.71687600374472 30.847223795880648,75.71687600374472 30.85322379588065,75.71087600374472 30.85322379588065,75.71087600374472 30.847223795880648))",2026-08-01,Indian LULC class anchor + synthetic prototype attributes,SYNTHETIC_PROTOTYPE
IN-LULC-18-007,Punjab,Ludhiana,30.992659,75.937536,EPSG:4326,Grassland,5,Grassland,0.04,0.15,0.55,Sandy Loam,11.17,541.39,4.55,1,1290.19,0,0,0,0,"POLYGON((75.93453558639905 30.989659445429798,75.94053558639905 30.989659445429798,75.94053558639905 30.995659445429798,75.93453558639905 30.995659445429798,75.93453558639905 30.989659445429798))",2026-08-01,Indian LULC class anchor + synthetic prototype attributes,SYNTHETIC_PROTOTYPE
IN-LULC-18-008,Punjab,Ludhiana,30.818901,75.997551,EPSG:4326,Barren Land,6,Barren Land,0.025,0.05,0.05,Lateritic,4.98,1398.09,14.65,1,965.51,0,0,0,0,"POLYGON((75.99455076253521 30.815901447663613,76.00055076253521 30.815901447663613,76.00055076253521 30.821901447663613,75.99455076253521 30.821901447663613,75.99455076253521 30.815901447663613))",2026-08-01,Indian LULC class anchor + synthetic prototype attributes,SYNTHETIC_PROTOTYPE
IN-LULC-18-009,Punjab,Ludhiana,30.823469,75.948226,EPSG:4326,Wetland,7,Wetland,0.06,0.2,0.8,Alluvial,1.93,1044.08,10.62,0,12791.01,0,0,0,0,"POLYGON((75.94522648779669 30.820469214878354,75.95122648779669 30.820469214878354,75.95122648779669 30.826469214878355,75.94522648779669 30.826469214878355,75.94522648779669 30.820469214878354))",2026-08-01,Indian LULC class anchor + synthetic prototype attributes,SYNTHETIC_PROTOTYPE
IN-LULC-18-010,Punjab,Ludhiana,30.972611,75.861179,EPSG:4326,Shrubland,8,Shrubland,0.07,0.1,0.65,Red Soil,12.48,227.25,11.43,0,15215.31,0,0,0,0,"POLYGON((75.85817882268802 30.96961058010297,75.86417882268802 30.96961058010297,75.86417882268802 30.97561058010297,75.85817882268802 30.97561058010297,75.85817882268802 30.96961058010297))",2026-08-01,Indian LULC class anchor + synthetic prototype attributes,SYNTHETIC_PROTOTYPE
IN-LULC-18-011,Punjab,Ludhiana,30.792685,75.809322,EPSG:4326,Road/Transport,9,Road/Transport,0.02,0.95,0.02,Red Soil,2.59,1141.86,11.01,0,6112.34,0,1,0,0,"POLYGON((75.80632171656865 30.789685012727347,75.81232171656865 30.789685012727347,75.81232171656865 30.795685012727347,75.80632171656865 30.795685012727347,75.80632171656865 30.789685012727347))",2026-08-01,Indian LULC class anchor + synthetic prototype attributes,SYNTHETIC_PROTOTYPE
IN-LULC-18-012,Punjab,Ludhiana,31.029705,75.99893,EPSG:4326,Settlement,10,Settlement,0.1,0.75,0.2,Sandy Loam,8.71,976.89,13.76,1,1074.15,0,1,0,0,"POLYGON((75.995930229804 31.026705286010454,76.001930229804 31.026705286010454,76.001930229804 31.032705286010454,75.995930229804 31.032705286010454,75.995930229804 31.026705286010454))",2026-08-01,Indian LULC class anchor + synthetic prototype attributes,SYNTHETIC_PROTOTYPE
IN-LULC-18-013,Punjab,Ludhiana,30.897639,75.802167,EPSG:4326,Water Body,1,Water Body,0.03,0.02,0.98,Alluvial,0.48,1187.62,5.23,0,15466.64,1,0,0,0,"POLYGON((75.79916659995395 30.89463907092995,75.80516659995395 30.89463907092995,75.80516659995395 30.90063907092995,75.79916659995395 30.90063907092995,75.79916659995395 30.89463907092995))",2026-08-01,Indian LULC class anchor + synthetic prototype attributes,SYNTHETIC_PROTOTYPE
IN-LULC-18-014,Punjab,Ludhiana,30.974351,75.869755,EPSG:4326,Cropland,2,Cropland,0.035,0.65,0.35,Sandy Loam,7.42,127.87,8.67,0,12415.93,0,0,1,0,"POLYGON((75.86675510738476 30.971351496215348,75.87275510738476 30.971351496215348,75.87275510738476 30.97735149621535,75.86675510738476 30.97735149621535,75.86675510738476 30.971351496215348))",2026-08-01,Indian LULC class anchor + synthetic prototype attributes,SYNTHETIC_PROTOTYPE
IN-LULC-18-015,Punjab,Ludhiana,30.973016,75.726622,EPSG:4326,Forest,3,Forest,0.12,0.05,0.9,Black Soil,6.78,829.99,7.72,0,8336.22,0,0,0,1,"POLYGON((75.72362201557256 30.970015673546957,75.72962201557256 30.970015673546957,75.72962201557256 30.976015673546957,75.72362201557256 30.976015673546957,75.72362201557256 30.970015673546957))",2026-08-01,Indian LULC class anchor + synthetic prototype attributes,SYNTHETIC_PROTOTYPE
IN-LULC-18-016,Punjab,Ludhiana,31.038843,75.767301,EPSG:4326,Built-up,4,Built-up,0.15,0.9,0.15,Red Soil,8.05,392.77,4.53,1,344.55,0,1,0,0,"POLYGON((75.76430119497948 31.035843214217827,75.77030119497948 31.035843214217827,75.77030119497948 31.041843214217828,75.76430119497948 31.041843214217828,75.76430119497948 31.035843214217827))",2026-08-01,Indian LULC class anchor + synthetic prototype attributes,SYNTHETIC_PROTOTYPE
IN-LULC-18-017,Punjab,Ludhiana,30.849801,75.831292,EPSG:4326,Grassland,5,Grassland,0.04,0.15,0.55,Red Soil,11.46,577.02,14.72,0,9877.86,0,0,0,0,"POLYGON((75.82829200266113 30.8468009131588,75.83429200266113 30.8468009131588,75.83429200266113 30.8528009131588,75.82829200266113 30.8528009131588,75.82829200266113 30.8468009131588))",2026-08-01,Indian LULC class anchor + synthetic prototype attributes,SYNTHETIC_PROTOTYPE
IN-LULC-18-018,Punjab,Ludhiana,30.789739,75.881044,EPSG:4326,Barren Land,6,Barren Land,0.025,0.05,0.05,Black Soil,5.23,430.42,6.74,0,9421.03,0,0,0,0,"POLYGON((75.87804373740347 30.786739421876785,75.88404373740347 30.786739421876785,75.88404373740347 30.792739421876785,75.87804373740347 30.792739421876785,75.87804373740347 30.786739421876785))",2026-08-01,Indian LULC class anchor + synthetic prototype attributes,SYNTHETIC_PROTOTYPE
IN-LULC-18-019,Punjab,Ludhiana,30.962279,75.778507,EPSG:4326,Wetland,7,Wetland,0.06,0.2,0.8,Black Soil,3.14,525.22,0.71,0,11116.44,0,0,0,0,"POLYGON((75.77550669015994 30.9592788678248,75.78150669015994 30.9592788678248,75.78150669015994 30.9652788678248,75.77550669015994 30.9652788678248,75.77550669015994 30.9592788678248))",2026-08-01,Indian LULC class anchor + synthetic prototype attributes,SYNTHETIC_PROTOTYPE
IN-LULC-18-020,Punjab,Ludhiana,30.87523,75.8455,EPSG:4326,Shrubland,8,Shrubland,0.07,0.1,0.65,Red Soil,13.17,957.95,7.77,0,8722.59,0,0,0,0,"POLYGON((75.84249979284438 30.872230078348753,75.84849979284438 30.872230078348753,75.84849979284438 30.878230078348754,75.84249979284438 30.878230078348754,75.84249979284438 30.872230078348753))",2026-08-01,Indian LULC class anchor + synthetic prototype attributes,SYNTHETIC_PROTOTYPE
IN-LULC-19-001,Haryana,Hisar,29.174962,75.683413,EPSG:4326,Settlement,10,Settlement,0.1,0.75,0.2,Black Soil,5.7,6.11,3.82,0,15118.12,0,1,0,0,"POLYGON((75.68041282742453 29.171962209996778,75.68641282742453 29.171962209996778,75.68641282742453 29.177962209996778,75.68041282742453 29.177962209996778,75.68041282742453 29.171962209996778))",2026-08-01,Indian LULC class anchor + synthetic prototype attributes,SYNTHETIC_PROTOTYPE
IN-LULC-19-002,Haryana,Hisar,29.171767,75.681352,EPSG:4326,Water Body,1,Water Body,0.03,0.02,0.98,Lateritic,0.52,1528.76,2.27,0,16826.44,1,0,0,0,"POLYGON((75.67835239096297 29.168766923612075,75.68435239096297 29.168766923612075,75.68435239096297 29.174766923612076,75.67835239096297 29.174766923612076,75.67835239096297 29.168766923612075))",2026-08-01,Indian LULC class anchor + synthetic prototype attributes,SYNTHETIC_PROTOTYPE
IN-LULC-19-003,Haryana,Hisar,29.235765,75.727327,EPSG:4326,Cropland,2,Cropland,0.035,0.65,0.35,Red Soil,9.33,1473.21,11.59,0,8733.91,0,0,1,0,"POLYGON((75.7243270733412 29.232764776497486,75.7303270733412 29.232764776497486,75.7303270733412 29.238764776497487,75.7243270733412 29.238764776497487,75.7243270733412 29.232764776497486))",2026-08-01,Indian LULC class anchor + synthetic prototype attributes,SYNTHETIC_PROTOTYPE
IN-LULC-19-004,Haryana,Hisar,29.039601,75.804266,EPSG:4326,Forest,3,Forest,0.12,0.05,0.9,Lateritic,8.8,1426.07,1.55,0,14391.23,0,0,0,1,"POLYGON((75.8012660135246 29.036600829765437,75.8072660135246 29.036600829765437,75.8072660135246 29.042600829765437,75.8012660135246 29.042600829765437,75.8012660135246 29.036600829765437))",2026-08-01,Indian LULC class anchor + synthetic prototype attributes,SYNTHETIC_PROTOTYPE
IN-LULC-19-005,Haryana,Hisar,29.236785,75.815378,EPSG:4326,Built-up,4,Built-up,0.15,0.9,0.15,Alluvial,5.03,946.6,6.56,0,19270.34,0,1,0,0,"POLYGON((75.81237774953861 29.23378534054444,75.81837774953861 29.23378534054444,75.81837774953861 29.23978534054444,75.81237774953861 29.23978534054444,75.81237774953861 29.23378534054444))",2026-08-01,Indian LULC class anchor + synthetic prototype attributes,SYNTHETIC_PROTOTYPE
IN-LULC-19-006,Haryana,Hisar,29.09025,75.596768,EPSG:4326,Grassland,5,Grassland,0.04,0.15,0.55,Alluvial,9.73,467.16,1.12,0,8301.18,0,0,0,0,"POLYGON((75.5937682158772 29.087250497023728,75.5997682158772 29.087250497023728,75.5997682158772 29.09325049702373,75.5937682158772 29.09325049702373,75.5937682158772 29.087250497023728))",2026-08-01,Indian LULC class anchor + synthetic prototype attributes,SYNTHETIC_PROTOTYPE
IN-LULC-19-007,Haryana,Hisar,29.197758,75.732761,EPSG:4326,Barren Land,6,Barren Land,0.025,0.05,0.05,Sandy Loam,10.08,1756.76,10.3,0,12919.05,0,0,0,0,"POLYGON((75.72976115827785 29.19475849634456,75.73576115827785 29.19475849634456,75.73576115827785 29.20075849634456,75.72976115827785 29.20075849634456,75.72976115827785 29.19475849634456))",2026-08-01,Indian LULC class anchor + synthetic prototype attributes,SYNTHETIC_PROTOTYPE
IN-LULC-19-008,Haryana,Hisar,29.139765,75.851346,EPSG:4326,Wetland,7,Wetland,0.06,0.2,0.8,Sandy Loam,2.1,1074.39,16.14,0,9387.05,0,0,0,0,"POLYGON((75.84834600357318 29.136765491533716,75.85434600357318 29.136765491533716,75.85434600357318 29.142765491533716,75.84834600357318 29.142765491533716,75.84834600357318 29.136765491533716))",2026-08-01,Indian LULC class anchor + synthetic prototype attributes,SYNTHETIC_PROTOTYPE
IN-LULC-19-009,Haryana,Hisar,29.050885,75.867291,EPSG:4326,Shrubland,8,Shrubland,0.07,0.1,0.65,Sandy Loam,12.91,1725.31,1.19,0,12706.9,0,0,0,0,"POLYGON((75.86429128939 29.047885091024852,75.87029128939 29.047885091024852,75.87029128939 29.053885091024853,75.86429128939 29.053885091024853,75.86429128939 29.047885091024852))",2026-08-01,Indian LULC class anchor + synthetic prototype attributes,SYNTHETIC_PROTOTYPE
IN-LULC-19-010,Haryana,Hisar,29.262805,75.793567,EPSG:4326,Road/Transport,9,Road/Transport,0.02,0.95,0.02,Black Soil,3.7,1316.27,17.3,1,740.06,0,1,0,0,"POLYGON((75.79056680994455 29.259804753481244,75.79656680994455 29.259804753481244,75.79656680994455 29.265804753481245,75.79056680994455 29.265804753481245,75.79056680994455 29.259804753481244))",2026-08-01,Indian LULC class anchor + synthetic prototype attributes,SYNTHETIC_PROTOTYPE
IN-LULC-19-011,Haryana,Hisar,29.178579,75.601454,EPSG:4326,Settlement,10,Settlement,0.1,0.75,0.2,Alluvial,6.52,1118.19,5.92,0,12241.91,0,1,0,0,"POLYGON((75.59845354700975 29.175579310916362,75.60445354700975 29.175579310916362,75.60445354700975 29.181579310916362,75.59845354700975 29.181579310916362,75.59845354700975 29.175579310916362))",2026-08-01,Indian LULC class anchor + synthetic prototype attributes,SYNTHETIC_PROTOTYPE
IN-LULC-19-012,Haryana,Hisar,29.162622,75.76023,EPSG:4326,Water Body,1,Water Body,0.03,0.02,0.98,Sandy Loam,0.44,627.75,16.39,1,473.45,1,0,0,0,"POLYGON((75.75723029820526 29.159622460892628,75.76323029820526 29.159622460892628,75.76323029820526 29.165622460892628,75.75723029820526 29.165622460892628,75.75723029820526 29.159622460892628))",2026-08-01,Indian LULC class anchor + synthetic prototype attributes,SYNTHETIC_PROTOTYPE
IN-LULC-19-013,Haryana,Hisar,29.167117,75.703525,EPSG:4326,Cropland,2,Cropland,0.035,0.65,0.35,Red Soil,9.08,958.93,17.44,0,9079.27,0,0,1,0,"POLYGON((75.70052450870176 29.164116554355747,75.70652450870176 29.164116554355747,75.70652450870176 29.170116554355747,75.70052450870176 29.170116554355747,75.70052450870176 29.164116554355747))",2026-08-01,Indian LULC class anchor + synthetic prototype attributes,SYNTHETIC_PROTOTYPE
IN-LULC-19-014,Haryana,Hisar,29.237126,75.79265,EPSG:4326,Forest,3,Forest,0.12,0.05,0.9,Red Soil,5.74,1512.26,2.2,0,13884.81,0,0,0,1,"POLYGON((75.78965016724098 29.234125642008333,75.79565016724098 29.234125642008333,75.79565016724098 29.240125642008334,75.78965016724098 29.240125642008334,75.78965016724098 29.234125642008333))",2026-08-01,Indian LULC class anchor + synthetic prototype attributes,SYNTHETIC_PROTOTYPE
IN-LULC-19-015,Haryana,Hisar,29.026552,75.674386,EPSG:4326,Built-up,4,Built-up,0.15,0.9,0.15,Alluvial,6.14,535.08,11.12,0,3906.07,0,1,0,0,"POLYGON((75.67138604426849 29.023552321487795,75.67738604426849 29.023552321487795,75.67738604426849 29.029552321487795,75.67138604426849 29.029552321487795,75.67138604426849 29.023552321487795))",2026-08-01,Indian LULC class anchor + synthetic prototype attributes,SYNTHETIC_PROTOTYPE
IN-LULC-19-016,Haryana,Hisar,29.256788,75.706269,EPSG:4326,Grassland,5,Grassland,0.04,0.15,0.55,Red Soil,9.15,681.01,1.79,0,18820.22,0,0,0,0,"POLYGON((75.70326900805277 29.25378787022625,75.70926900805277 29.25378787022625,75.70926900805277 29.25978787022625,75.70326900805277 29.25978787022625,75.70326900805277 29.25378787022625))",2026-08-01,Indian LULC class anchor + synthetic prototype attributes,SYNTHETIC_PROTOTYPE
IN-LULC-19-017,Haryana,Hisar,29.257733,75.660613,EPSG:4326,Barren Land,6,Barren Land,0.025,0.05,0.05,Red Soil,7.91,130.37,4.32,0,3917.28,0,0,0,0,"POLYGON((75.6576132562925 29.254733309867827,75.6636132562925 29.254733309867827,75.6636132562925 29.260733309867828,75.6576132562925 29.260733309867828,75.6576132562925 29.254733309867827))",2026-08-01,Indian LULC class anchor + synthetic prototype attributes,SYNTHETIC_PROTOTYPE
IN-LULC-19-018,Haryana,Hisar,29.023311,75.786895,EPSG:4326,Wetland,7,Wetland,0.06,0.2,0.8,Black Soil,3.1,636.31,2.5,0,19893.22,0,0,0,0,"POLYGON((75.78389536962362 29.020310651222996,75.78989536962362 29.020310651222996,75.78989536962362 29.026310651222996,75.78389536962362 29.026310651222996,75.78389536962362 29.020310651222996))",2026-08-01,Indian LULC class anchor + synthetic prototype attributes,SYNTHETIC_PROTOTYPE
IN-LULC-19-019,Haryana,Hisar,29.15393,75.635685,EPSG:4326,Shrubland,8,Shrubland,0.07,0.1,0.65,Lateritic,8.66,1746.81,4.38,1,1442.1,0,0,0,0,"POLYGON((75.6326846236393 29.150930376444016,75.6386846236393 29.150930376444016,75.6386846236393 29.156930376444016,75.6326846236393 29.156930376444016,75.6326846236393 29.150930376444016))",2026-08-01,Indian LULC class anchor + synthetic prototype attributes,SYNTHETIC_PROTOTYPE
IN-LULC-19-020,Haryana,Hisar,29.153224,75.782727,EPSG:4326,Road/Transport,9,Road/Transport,0.02,0.95,0.02,Red Soil,3.62,1673.47,13.82,0,18966.3,0,1,0,0,"POLYGON((75.77972663800278 29.150223780081014,75.78572663800279 29.150223780081014,75.78572663800279 29.156223780081014,75.77972663800278 29.156223780081014,75.77972663800278 29.150223780081014))",2026-08-01,Indian LULC class anchor + synthetic prototype attributes,SYNTHETIC_PROTOTYPE
IN-LULC-20-001,Himachal Pradesh,Mandi,31.698319,76.990845,EPSG:4326,Water Body,1,Water Body,0.03,0.02,0.98,Black Soil,0.46,1166.71,7.07,0,9542.35,1,0,0,0,"POLYGON((76.98784462519517 31.69531941898943,76.99384462519517 31.69531941898943,76.99384462519517 31.70131941898943,76.98784462519517 31.70131941898943,76.98784462519517 31.69531941898943))",2026-08-01,Indian LULC class anchor + synthetic prototype attributes,SYNTHETIC_PROTOTYPE
IN-LULC-20-002,Himachal Pradesh,Mandi,31.671518,76.948287,EPSG:4326,Cropland,2,Cropland,0.035,0.65,0.35,Sandy Loam,11.14,1755.16,8.59,0,10413.84,0,0,1,0,"POLYGON((76.94528702039406 31.66851772462412,76.95128702039406 31.66851772462412,76.95128702039406 31.67451772462412,76.94528702039406 31.67451772462412,76.94528702039406 31.66851772462412))",2026-08-01,Indian LULC class anchor + synthetic prototype attributes,SYNTHETIC_PROTOTYPE
IN-LULC-20-003,Himachal Pradesh,Mandi,31.728799,77.107936,EPSG:4326,Forest,3,Forest,0.12,0.05,0.9,Black Soil,5.5,1701.71,10.01,1,1818.35,0,0,0,1,"POLYGON((77.104935961296 31.725799445435907,77.110935961296 31.725799445435907,77.110935961296 31.731799445435907,77.104935961296 31.731799445435907,77.104935961296 31.725799445435907))",2026-08-01,Indian LULC class anchor + synthetic prototype attributes,SYNTHETIC_PROTOTYPE
IN-LULC-20-004,Himachal Pradesh,Mandi,31.759793,77.052353,EPSG:4326,Built-up,4,Built-up,0.15,0.9,0.15,Alluvial,5.07,56.36,5.2,0,11385.54,0,1,0,0,"POLYGON((77.04935253540252 31.75679318249197,77.05535253540252 31.75679318249197,77.05535253540252 31.76279318249197,77.04935253540252 31.76279318249197,77.04935253540252 31.75679318249197))",2026-08-01,Indian LULC class anchor + synthetic prototype attributes,SYNTHETIC_PROTOTYPE
IN-LULC-20-005,Himachal Pradesh,Mandi,31.835028,77.148369,EPSG:4326,Grassland,5,Grassland,0.04,0.15,0.55,Black Soil,18.64,499.8,11.14,1,490.59,0,0,0,0,"POLYGON((77.14536855959065 31.83202794297209,77.15136855959065 31.83202794297209,77.15136855959065 31.83802794297209,77.14536855959065 31.83802794297209,77.14536855959065 31.83202794297209))",2026-08-01,Indian LULC class anchor + synthetic prototype attributes,SYNTHETIC_PROTOTYPE
IN-LULC-20-006,Himachal Pradesh,Mandi,31.651727,77.112486,EPSG:4326,Barren Land,6,Barren Land,0.025,0.05,0.05,Black Soil,6.57,1511.65,8.69,0,13412.2,0,0,0,0,"POLYGON((77.10948619040211 31.64872729001329,77.11548619040211 31.64872729001329,77.11548619040211 31.65472729001329,77.10948619040211 31.65472729001329,77.10948619040211 31.64872729001329))",2026-08-01,Indian LULC class anchor + synthetic prototype attributes,SYNTHETIC_PROTOTYPE
IN-LULC-20-007,Himachal Pradesh,Mandi,31.682366,77.063693,EPSG:4326,Wetland,7,Wetland,0.06,0.2,0.8,Lateritic,3.05,84.15,11.29,0,12667.54,0,0,0,0,"POLYGON((77.06069313673565 31.679365601089483,77.06669313673565 31.679365601089483,77.06669313673565 31.685365601089483,77.06069313673565 31.685365601089483,77.06069313673565 31.679365601089483))",2026-08-01,Indian LULC class anchor + synthetic prototype attributes,SYNTHETIC_PROTOTYPE
IN-LULC-20-008,Himachal Pradesh,Mandi,31.71415,77.125804,EPSG:4326,Shrubland,8,Shrubland,0.07,0.1,0.65,Lateritic,13.17,10.57,0.81,0,18761.52,0,0,0,0,"POLYGON((77.12280423484101 31.711149761729928,77.12880423484101 31.711149761729928,77.12880423484101 31.717149761729928,77.12280423484101 31.717149761729928,77.12280423484101 31.711149761729928))",2026-08-01,Indian LULC class anchor + synthetic prototype attributes,SYNTHETIC_PROTOTYPE
IN-LULC-20-009,Himachal Pradesh,Mandi,31.658315,77.097339,EPSG:4326,Road/Transport,9,Road/Transport,0.02,0.95,0.02,Red Soil,2.8,82.78,15.95,0,5768.88,0,1,0,0,"POLYGON((77.09433906901336 31.655314938538478,77.10033906901336 31.655314938538478,77.10033906901336 31.661314938538478,77.09433906901336 31.661314938538478,77.09433906901336 31.655314938538478))",2026-08-01,Indian LULC class anchor + synthetic prototype attributes,SYNTHETIC_PROTOTYPE
IN-LULC-20-010,Himachal Pradesh,Mandi,31.569744,76.9303,EPSG:4326,Settlement,10,Settlement,0.1,0.75,0.2,Sandy Loam,7.18,1582.6,13.62,0,3113.14,0,1,0,0,"POLYGON((76.92729952107128 31.56674444939766,76.93329952107128 31.56674444939766,76.93329952107128 31.57274444939766,76.92729952107128 31.57274444939766,76.92729952107128 31.56674444939766))",2026-08-01,Indian LULC class anchor + synthetic prototype attributes,SYNTHETIC_PROTOTYPE
IN-LULC-20-011,Himachal Pradesh,Mandi,31.835231,76.977468,EPSG:4326,Water Body,1,Water Body,0.03,0.02,0.98,Black Soil,0.52,296.09,12.45,0,10073.58,1,0,0,0,"POLYGON((76.97446789612685 31.832231355412596,76.98046789612685 31.832231355412596,76.98046789612685 31.838231355412596,76.97446789612685 31.838231355412596,76.97446789612685 31.832231355412596))",2026-08-01,Indian LULC class anchor + synthetic prototype attributes,SYNTHETIC_PROTOTYPE
IN-LULC-20-012,Himachal Pradesh,Mandi,31.814764,77.113888,EPSG:4326,Cropland,2,Cropland,0.035,0.65,0.35,Alluvial,11.4,928.4,2.66,0,15114.9,0,0,1,0,"POLYGON((77.1108876895864 31.811763876002903,77.1168876895864 31.811763876002903,77.1168876895864 31.817763876002903,77.1108876895864 31.817763876002903,77.1108876895864 31.811763876002903))",2026-08-01,Indian LULC class anchor + synthetic prototype attributes,SYNTHETIC_PROTOTYPE
IN-LULC-20-013,Himachal Pradesh,Mandi,31.585209,77.132692,EPSG:4326,Forest,3,Forest,0.12,0.05,0.9,Red Soil,7.4,355.63,0.76,1,2856.34,0,0,0,1,"POLYGON((77.12969232670656 31.582208811783676,77.13569232670656 31.582208811783676,77.13569232670656 31.588208811783677,77.12969232670656 31.588208811783677,77.12969232670656 31.582208811783676))",2026-08-01,Indian LULC class anchor + synthetic prototype attributes,SYNTHETIC_PROTOTYPE
IN-LULC-20-014,Himachal Pradesh,Mandi,31.740425,77.047189,EPSG:4326,Built-up,4,Built-up,0.15,0.9,0.15,Alluvial,8.39,178.46,16.85,0,4845.15,0,1,0,0,"POLYGON((77.04418885304094 31.73742534483492,77.05018885304094 31.73742534483492,77.05018885304094 31.74342534483492,77.04418885304094 31.74342534483492,77.04418885304094 31.73742534483492))",2026-08-01,Indian LULC class anchor + synthetic prototype attributes,SYNTHETIC_PROTOTYPE
IN-LULC-20-015,Himachal Pradesh,Mandi,31.776078,76.995105,EPSG:4326,Grassland,5,Grassland,0.04,0.15,0.55,Black Soil,9.67,813.75,0.6,0,5821.74,0,0,0,0,"POLYGON((76.99210462366445 31.77307824687244,76.99810462366445 31.77307824687244,76.99810462366445 31.77907824687244,76.99210462366445 31.77907824687244,76.99210462366445 31.77307824687244))",2026-08-01,Indian LULC class anchor + synthetic prototype attributes,SYNTHETIC_PROTOTYPE
IN-LULC-20-016,Himachal Pradesh,Mandi,31.611696,77.169551,EPSG:4326,Barren Land,6,Barren Land,0.025,0.05,0.05,Lateritic,5.9,1081.41,0.73,0,9006.72,0,0,0,0,"POLYGON((77.16655086208215 31.60869625276429,77.17255086208215 31.60869625276429,77.17255086208215 31.61469625276429,77.16655086208215 31.61469625276429,77.16655086208215 31.60869625276429))",2026-08-01,Indian LULC class anchor + synthetic prototype attributes,SYNTHETIC_PROTOTYPE
IN-LULC-20-017,Himachal Pradesh,Mandi,31.843861,77.075865,EPSG:4326,Wetland,7,Wetland,0.06,0.2,0.8,Red Soil,3.84,1415.29,17.78,0,4049.29,0,0,0,0,"POLYGON((77.07286512919465 31.840861377707657,77.07886512919465 31.840861377707657,77.07886512919465 31.846861377707658,77.07286512919465 31.846861377707658,77.07286512919465 31.840861377707657))",2026-08-01,Indian LULC class anchor + synthetic prototype attributes,SYNTHETIC_PROTOTYPE
IN-LULC-20-018,Himachal Pradesh,Mandi,31.809372,76.901419,EPSG:4326,Shrubland,8,Shrubland,0.07,0.1,0.65,Sandy Loam,10.38,1344.01,3.08,0,9150.05,0,0,0,0,"POLYGON((76.89841890695351 31.806371520544637,76.90441890695351 31.806371520544637,76.90441890695351 31.812371520544637,76.89841890695351 31.812371520544637,76.89841890695351 31.806371520544637))",2026-08-01,Indian LULC class anchor + synthetic prototype attributes,SYNTHETIC_PROTOTYPE
IN-LULC-20-019,Himachal Pradesh,Mandi,31.75884,76.949576,EPSG:4326,Road/Transport,9,Road/Transport,0.02,0.95,0.02,Black Soil,4.33,960.7,17.83,0,16547.04,0,1,0,0,"POLYGON((76.94657601589769 31.755839734116645,76.95257601589769 31.755839734116645,76.95257601589769 31.761839734116645,76.94657601589769 31.761839734116645,76.94657601589769 31.755839734116645))",2026-08-01,Indian LULC class anchor + synthetic prototype attributes,SYNTHETIC_PROTOTYPE
IN-LULC-20-020,Himachal Pradesh,Mandi,31.830679,76.973465,EPSG:4326,Settlement,10,Settlement,0.1,0.75,0.2,Black Soil,6.4,970.72,7.64,0,18093.95,0,1,0,0,"POLYGON((76.97046525167016 31.827678759610414,76.97646525167016 31.827678759610414,76.97646525167016 31.833678759610414,76.97046525167016 31.833678759610414,76.97046525167016 31.827678759610414))",2026-08-01,Indian LULC class anchor + synthetic prototype attributes,SYNTHETIC_PROTOTYPE
IN-LULC-21-001,Uttarakhand,Dehradun,30.213853,77.8971,EPSG:4326,Cropland,2,Cropland,0.035,0.65,0.35,Red Soil,14.81,1075.69,11.71,0,8306.47,0,0,1,0,"POLYGON((77.89409989648422 30.210853062306743,77.90009989648422 30.210853062306743,77.90009989648422 30.216853062306743,77.89409989648422 30.216853062306743,77.89409989648422 30.210853062306743))",2026-08-01,Indian LULC class anchor + synthetic prototype attributes,SYNTHETIC_PROTOTYPE
IN-LULC-21-002,Uttarakhand,Dehradun,30.261722,78.114883,EPSG:4326,Forest,3,Forest,0.12,0.05,0.9,Alluvial,6.65,1126.84,9.79,0,14636.29,0,0,0,1,"POLYGON((78.11188273104005 30.25872224709728,78.11788273104005 30.25872224709728,78.11788273104005 30.26472224709728,78.11188273104005 30.26472224709728,78.11188273104005 30.25872224709728))",2026-08-01,Indian LULC class anchor + synthetic prototype attributes,SYNTHETIC_PROTOTYPE
IN-LULC-21-003,Uttarakhand,Dehradun,30.319565,78.162857,EPSG:4326,Built-up,4,Built-up,0.15,0.9,0.15,Sandy Loam,4.36,223.36,17.61,0,11136.81,0,1,0,0,"POLYGON((78.15985664162754 30.316564797781126,78.16585664162754 30.316564797781126,78.16585664162754 30.322564797781126,78.15985664162754 30.322564797781126,78.15985664162754 30.316564797781126))",2026-08-01,Indian LULC class anchor + synthetic prototype attributes,SYNTHETIC_PROTOTYPE
IN-LULC-21-004,Uttarakhand,Dehradun,30.275682,78.176948,EPSG:4326,Grassland,5,Grassland,0.04,0.15,0.55,Alluvial,19.36,817.29,5.99,0,5484.05,0,0,0,0,"POLYGON((78.17394831082152 30.272681827602618,78.17994831082152 30.272681827602618,78.17994831082152 30.278681827602618,78.17394831082152 30.278681827602618,78.17394831082152 30.272681827602618))",2026-08-01,Indian LULC class anchor + synthetic prototype attributes,SYNTHETIC_PROTOTYPE
IN-LULC-21-005,Uttarakhand,Dehradun,30.239228,77.98537,EPSG:4326,Barren Land,6,Barren Land,0.025,0.05,0.05,Alluvial,9.89,844.97,5.71,0,16520.07,0,0,0,0,"POLYGON((77.98236955966556 30.236227524609994,77.98836955966556 30.236227524609994,77.98836955966556 30.242227524609994,77.98236955966556 30.242227524609994,77.98236955966556 30.236227524609994))",2026-08-01,Indian LULC class anchor + synthetic prototype attributes,SYNTHETIC_PROTOTYPE
IN-LULC-21-006,Uttarakhand,Dehradun,30.309744,78.163882,EPSG:4326,Wetland,7,Wetland,0.06,0.2,0.8,Black Soil,2.61,1048.58,16.47,1,2311.64,0,0,0,0,"POLYGON((78.16088170419025 30.306744077871034,78.16688170419025 30.306744077871034,78.16688170419025 30.312744077871034,78.16088170419025 30.312744077871034,78.16088170419025 30.306744077871034))",2026-08-01,Indian LULC class anchor + synthetic prototype attributes,SYNTHETIC_PROTOTYPE
IN-LULC-21-007,Uttarakhand,Dehradun,30.299887,78.118023,EPSG:4326,Shrubland,8,Shrubland,0.07,0.1,0.65,Black Soil,10.05,455.26,13.49,1,1146.4,0,0,0,0,"POLYGON((78.11502257510679 30.296887312859482,78.12102257510679 30.296887312859482,78.12102257510679 30.302887312859482,78.11502257510679 30.302887312859482,78.11502257510679 30.296887312859482))",2026-08-01,Indian LULC class anchor + synthetic prototype attributes,SYNTHETIC_PROTOTYPE
IN-LULC-21-008,Uttarakhand,Dehradun,30.385444,78.116182,EPSG:4326,Road/Transport,9,Road/Transport,0.02,0.95,0.02,Lateritic,2.78,529.75,11.69,0,14345.06,0,1,0,0,"POLYGON((78.11318165365944 30.38244354128003,78.11918165365944 30.38244354128003,78.11918165365944 30.38844354128003,78.11318165365944 30.38844354128003,78.11318165365944 30.38244354128003))",2026-08-01,Indian LULC class anchor + synthetic prototype attributes,SYNTHETIC_PROTOTYPE
IN-LULC-21-009,Uttarakhand,Dehradun,30.384247,77.997502,EPSG:4326,Settlement,10,Settlement,0.1,0.75,0.2,Sandy Loam,4.97,1421.82,17.29,0,9709.97,0,1,0,0,"POLYGON((77.994502027683 30.381246678667004,78.000502027683 30.381246678667004,78.000502027683 30.387246678667005,77.994502027683 30.387246678667005,77.994502027683 30.381246678667004))",2026-08-01,Indian LULC class anchor + synthetic prototype attributes,SYNTHETIC_PROTOTYPE
IN-LULC-21-010,Uttarakhand,Dehradun,30.27712,77.937156,EPSG:4326,Water Body,1,Water Body,0.03,0.02,0.98,Alluvial,0.65,1122.3,1.33,0,19093.0,1,0,0,0,"POLYGON((77.93415638220166 30.274120408692344,77.94015638220166 30.274120408692344,77.94015638220166 30.280120408692344,77.93415638220166 30.280120408692344,77.93415638220166 30.274120408692344))",2026-08-01,Indian LULC class anchor + synthetic prototype attributes,SYNTHETIC_PROTOTYPE
IN-LULC-21-011,Uttarakhand,Dehradun,30.401139,78.143338,EPSG:4326,Cropland,2,Cropland,0.035,0.65,0.35,Black Soil,13.66,1724.73,8.38,0,18149.13,0,0,1,0,"POLYGON((78.14033792616644 30.39813857071475,78.14633792616644 30.39813857071475,78.14633792616644 30.40413857071475,78.14033792616644 30.40413857071475,78.14033792616644 30.39813857071475))",2026-08-01,Indian LULC class anchor + synthetic prototype attributes,SYNTHETIC_PROTOTYPE
IN-LULC-21-012,Uttarakhand,Dehradun,30.220502,77.919258,EPSG:4326,Forest,3,Forest,0.12,0.05,0.9,Black Soil,10.28,915.69,17.14,0,13689.97,0,0,0,1,"POLYGON((77.91625754647107 30.217501677460614,77.92225754647107 30.217501677460614,77.92225754647107 30.223501677460614,77.91625754647107 30.223501677460614,77.91625754647107 30.217501677460614))",2026-08-01,Indian LULC class anchor + synthetic prototype attributes,SYNTHETIC_PROTOTYPE
IN-LULC-21-013,Uttarakhand,Dehradun,30.403485,78.011743,EPSG:4326,Built-up,4,Built-up,0.15,0.9,0.15,Alluvial,8.05,289.97,3.56,0,12927.95,0,1,0,0,"POLYGON((78.00874315353056 30.400484982071408,78.01474315353056 30.400484982071408,78.01474315353056 30.406484982071408,78.00874315353056 30.406484982071408,78.00874315353056 30.400484982071408))",2026-08-01,Indian LULC class anchor + synthetic prototype attributes,SYNTHETIC_PROTOTYPE
IN-LULC-21-014,Uttarakhand,Dehradun,30.371216,77.903717,EPSG:4326,Grassland,5,Grassland,0.04,0.15,0.55,Lateritic,11.7,1298.99,13.08,1,1540.41,0,0,0,0,"POLYGON((77.90071697509138 30.36821588702809,77.90671697509138 30.36821588702809,77.90671697509138 30.37421588702809,77.90071697509138 30.37421588702809,77.90071697509138 30.36821588702809))",2026-08-01,Indian LULC class anchor + synthetic prototype attributes,SYNTHETIC_PROTOTYPE
IN-LULC-21-015,Uttarakhand,Dehradun,30.436707,77.964036,EPSG:4326,Barren Land,6,Barren Land,0.025,0.05,0.05,Sandy Loam,9.54,1336.02,4.01,0,18045.19,0,0,0,0,"POLYGON((77.96103613750765 30.433707227441545,77.96703613750765 30.433707227441545,77.96703613750765 30.439707227441545,77.96103613750765 30.439707227441545,77.96103613750765 30.433707227441545))",2026-08-01,Indian LULC class anchor + synthetic prototype attributes,SYNTHETIC_PROTOTYPE
IN-LULC-21-016,Uttarakhand,Dehradun,30.197937,78.004705,EPSG:4326,Wetland,7,Wetland,0.06,0.2,0.8,Red Soil,2.52,1234.87,4.41,1,394.77,0,0,0,0,"POLYGON((78.00170479026345 30.194937358009934,78.00770479026345 30.194937358009934,78.00770479026345 30.200937358009934,78.00170479026345 30.200937358009934,78.00170479026345 30.194937358009934))",2026-08-01,Indian LULC class anchor + synthetic prototype attributes,SYNTHETIC_PROTOTYPE
IN-LULC-21-017,Uttarakhand,Dehradun,30.409432,77.9683,EPSG:4326,Shrubland,8,Shrubland,0.07,0.1,0.65,Alluvial,13.77,1511.88,11.63,0,12113.82,0,0,0,0,"POLYGON((77.96530005360843 30.40643168241944,77.97130005360843 30.40643168241944,77.97130005360843 30.41243168241944,77.96530005360843 30.41243168241944,77.96530005360843 30.40643168241944))",2026-08-01,Indian LULC class anchor + synthetic prototype attributes,SYNTHETIC_PROTOTYPE
IN-LULC-21-018,Uttarakhand,Dehradun,30.287931,78.087355,EPSG:4326,Road/Transport,9,Road/Transport,0.02,0.95,0.02,Black Soil,3.67,853.02,17.57,1,1236.87,0,1,0,0,"POLYGON((78.08435486341135 30.28493103490369,78.09035486341135 30.28493103490369,78.09035486341135 30.29093103490369,78.08435486341135 30.29093103490369,78.08435486341135 30.28493103490369))",2026-08-01,Indian LULC class anchor + synthetic prototype attributes,SYNTHETIC_PROTOTYPE
IN-LULC-21-019,Uttarakhand,Dehradun,30.418872,77.931993,EPSG:4326,Settlement,10,Settlement,0.1,0.75,0.2,Lateritic,7.35,170.31,8.18,1,1004.45,0,1,0,0,"POLYGON((77.92899261597101 30.41587211408716,77.93499261597101 30.41587211408716,77.93499261597101 30.42187211408716,77.92899261597101 30.42187211408716,77.92899261597101 30.41587211408716))",2026-08-01,Indian LULC class anchor + synthetic prototype attributes,SYNTHETIC_PROTOTYPE
IN-LULC-21-020,Uttarakhand,Dehradun,30.331605,77.900308,EPSG:4326,Water Body,1,Water Body,0.03,0.02,0.98,Lateritic,0.54,1728.61,2.5,0,7260.44,1,0,0,0,"POLYGON((77.89730772875683 30.328605429051727,77.90330772875683 30.328605429051727,77.90330772875683 30.334605429051727,77.89730772875683 30.334605429051727,77.89730772875683 30.328605429051727))",2026-08-01,Indian LULC class anchor + synthetic prototype attributes,SYNTHETIC_PROTOTYPE
IN-LULC-22-001,Jammu and Kashmir,Srinagar,33.97936,74.800436,EPSG:4326,Forest,3,Forest,0.12,0.05,0.9,Red Soil,7.17,181.97,0.87,0,10185.86,0,0,0,1,"POLYGON((74.79743640026088 33.97635984753712,74.80343640026088 33.97635984753712,74.80343640026088 33.98235984753712,74.79743640026088 33.98235984753712,74.79743640026088 33.97635984753712))",2026-08-01,Indian LULC class anchor + synthetic prototype attributes,SYNTHETIC_PROTOTYPE
IN-LULC-22-002,Jammu and Kashmir,Srinagar,34.07257,74.781434,EPSG:4326,Built-up,4,Built-up,0.15,0.9,0.15,Black Soil,6.16,1075.81,4.44,0,16215.07,0,1,0,0,"POLYGON((74.77843384929892 34.069569849104376,74.78443384929892 34.069569849104376,74.78443384929892 34.075569849104376,74.77843384929892 34.075569849104376,74.77843384929892 34.069569849104376))",2026-08-01,Indian LULC class anchor + synthetic prototype attributes,SYNTHETIC_PROTOTYPE
IN-LULC-22-003,Jammu and Kashmir,Srinagar,33.962907,74.864336,EPSG:4326,Grassland,5,Grassland,0.04,0.15,0.55,Black Soil,20.99,1626.87,13.39,0,19904.79,0,0,0,0,"POLYGON((74.86133617521979 33.95990668701449,74.86733617521979 33.95990668701449,74.86733617521979 33.96590668701449,74.86133617521979 33.96590668701449,74.86133617521979 33.95990668701449))",2026-08-01,Indian LULC class anchor + synthetic prototype attributes,SYNTHETIC_PROTOTYPE
IN-LULC-22-004,Jammu and Kashmir,Srinagar,34.220946,74.836443,EPSG:4326,Barren Land,6,Barren Land,0.025,0.05,0.05,Sandy Loam,8.69,922.39,0.72,0,12041.59,0,0,0,0,"POLYGON((74.8334432383514 34.217946456924544,74.83944323835141 34.217946456924544,74.83944323835141 34.223946456924544,74.8334432383514 34.223946456924544,74.8334432383514 34.217946456924544))",2026-08-01,Indian LULC class anchor + synthetic prototype attributes,SYNTHETIC_PROTOTYPE
IN-LULC-22-005,Jammu and Kashmir,Srinagar,34.19688,74.882832,EPSG:4326,Wetland,7,Wetland,0.06,0.2,0.8,Black Soil,3.83,739.4,15.0,1,1791.78,0,0,0,0,"POLYGON((74.8798317047135 34.19388014851677,74.8858317047135 34.19388014851677,74.8858317047135 34.19988014851677,74.8798317047135 34.19988014851677,74.8798317047135 34.19388014851677))",2026-08-01,Indian LULC class anchor + synthetic prototype attributes,SYNTHETIC_PROTOTYPE
IN-LULC-22-006,Jammu and Kashmir,Srinagar,34.189619,74.949618,EPSG:4326,Shrubland,8,Shrubland,0.07,0.1,0.65,Black Soil,6.78,34.79,13.44,0,7341.14,0,0,0,0,"POLYGON((74.94661809148238 34.186619091570684,74.95261809148238 34.186619091570684,74.95261809148238 34.192619091570684,74.94661809148238 34.192619091570684,74.94661809148238 34.186619091570684))",2026-08-01,Indian LULC class anchor + synthetic prototype attributes,SYNTHETIC_PROTOTYPE
IN-LULC-22-007,Jammu and Kashmir,Srinagar,33.961953,74.873184,EPSG:4326,Road/Transport,9,Road/Transport,0.02,0.95,0.02,Black Soil,2.49,1348.1,14.81,0,10491.38,0,1,0,0,"POLYGON((74.87018359077759 33.95895297363851,74.87618359077759 33.95895297363851,74.87618359077759 33.96495297363851,74.87018359077759 33.96495297363851,74.87018359077759 33.95895297363851))",2026-08-01,Indian LULC class anchor + synthetic prototype attributes,SYNTHETIC_PROTOTYPE
IN-LULC-22-008,Jammu and Kashmir,Srinagar,33.975219,74.78845,EPSG:4326,Settlement,10,Settlement,0.1,0.75,0.2,Red Soil,9.02,1132.75,10.56,0,12676.96,0,1,0,0,"POLYGON((74.78544964730051 33.97221919036308,74.79144964730051 33.97221919036308,74.79144964730051 33.97821919036308,74.78544964730051 33.97821919036308,74.78544964730051 33.97221919036308))",2026-08-01,Indian LULC class anchor + synthetic prototype attributes,SYNTHETIC_PROTOTYPE
IN-LULC-22-009,Jammu and Kashmir,Srinagar,34.010869,74.725436,EPSG:4326,Water Body,1,Water Body,0.03,0.02,0.98,Sandy Loam,0.35,1244.19,15.41,0,18893.64,1,0,0,0,"POLYGON((74.72243637432017 34.00786860375945,74.72843637432017 34.00786860375945,74.72843637432017 34.01386860375945,74.72243637432017 34.01386860375945,74.72243637432017 34.00786860375945))",2026-08-01,Indian LULC class anchor + synthetic prototype attributes,SYNTHETIC_PROTOTYPE
IN-LULC-22-010,Jammu and Kashmir,Srinagar,34.139051,74.813206,EPSG:4326,Cropland,2,Cropland,0.035,0.65,0.35,Sandy Loam,8.63,1189.4,17.23,0,13420.35,0,0,1,0,"POLYGON((74.81020642174416 34.13605135699599,74.81620642174416 34.13605135699599,74.81620642174416 34.14205135699599,74.81020642174416 34.14205135699599,74.81020642174416 34.13605135699599))",2026-08-01,Indian LULC class anchor + synthetic prototype attributes,SYNTHETIC_PROTOTYPE
IN-LULC-22-011,Jammu and Kashmir,Srinagar,34.077336,74.913941,EPSG:4326,Forest,3,Forest,0.12,0.05,0.9,Black Soil,11.17,1639.03,0.11,0,9454.44,0,0,0,1,"POLYGON((74.91094110895261 34.074336336860426,74.91694110895261 34.074336336860426,74.91694110895261 34.08033633686043,74.91094110895261 34.08033633686043,74.91094110895261 34.074336336860426))",2026-08-01,Indian LULC class anchor + synthetic prototype attributes,SYNTHETIC_PROTOTYPE
IN-LULC-22-012,Jammu and Kashmir,Srinagar,34.110049,74.679633,EPSG:4326,Built-up,4,Built-up,0.15,0.9,0.15,Sandy Loam,7.21,1141.69,0.36,0,3872.93,0,1,0,0,"POLYGON((74.67663315588212 34.10704923273347,74.68263315588212 34.10704923273347,74.68263315588212 34.113049232733474,74.67663315588212 34.113049232733474,74.67663315588212 34.10704923273347))",2026-08-01,Indian LULC class anchor + synthetic prototype attributes,SYNTHETIC_PROTOTYPE
IN-LULC-22-013,Jammu and Kashmir,Srinagar,34.018533,74.935332,EPSG:4326,Grassland,5,Grassland,0.04,0.15,0.55,Red Soil,10.09,751.28,6.32,0,7999.36,0,0,0,0,"POLYGON((74.93233165738766 34.015533190916706,74.93833165738766 34.015533190916706,74.93833165738766 34.021533190916706,74.93233165738766 34.021533190916706,74.93233165738766 34.015533190916706))",2026-08-01,Indian LULC class anchor + synthetic prototype attributes,SYNTHETIC_PROTOTYPE
IN-LULC-22-014,Jammu and Kashmir,Srinagar,34.220328,74.721305,EPSG:4326,Barren Land,6,Barren Land,0.025,0.05,0.05,Lateritic,10.44,473.96,1.49,0,11025.34,0,0,0,0,"POLYGON((74.71830491598143 34.21732835850607,74.72430491598143 34.21732835850607,74.72430491598143 34.22332835850607,74.71830491598143 34.22332835850607,74.71830491598143 34.21732835850607))",2026-08-01,Indian LULC class anchor + synthetic prototype attributes,SYNTHETIC_PROTOTYPE
IN-LULC-22-015,Jammu and Kashmir,Srinagar,34.139117,74.859227,EPSG:4326,Wetland,7,Wetland,0.06,0.2,0.8,Sandy Loam,3.23,346.12,8.31,0,6289.58,0,0,0,0,"POLYGON((74.85622658059722 34.13611688810459,74.86222658059722 34.13611688810459,74.86222658059722 34.14211688810459,74.85622658059722 34.14211688810459,74.85622658059722 34.13611688810459))",2026-08-01,Indian LULC class anchor + synthetic prototype attributes,SYNTHETIC_PROTOTYPE
IN-LULC-22-016,Jammu and Kashmir,Srinagar,34.061981,74.686031,EPSG:4326,Shrubland,8,Shrubland,0.07,0.1,0.65,Alluvial,13.71,179.9,10.38,0,8266.1,0,0,0,0,"POLYGON((74.6830311371437 34.05898145684755,74.6890311371437 34.05898145684755,74.6890311371437 34.06498145684755,74.6830311371437 34.06498145684755,74.6830311371437 34.05898145684755))",2026-08-01,Indian LULC class anchor + synthetic prototype attributes,SYNTHETIC_PROTOTYPE
IN-LULC-22-017,Jammu and Kashmir,Srinagar,33.97416,74.823366,EPSG:4326,Road/Transport,9,Road/Transport,0.02,0.95,0.02,Sandy Loam,3.9,1407.74,8.25,0,15953.89,0,1,0,0,"POLYGON((74.82036633652196 33.97116015665218,74.82636633652196 33.97116015665218,74.82636633652196 33.97716015665218,74.82036633652196 33.97716015665218,74.82036633652196 33.97116015665218))",2026-08-01,Indian LULC class anchor + synthetic prototype attributes,SYNTHETIC_PROTOTYPE
IN-LULC-22-018,Jammu and Kashmir,Srinagar,34.107959,74.655339,EPSG:4326,Settlement,10,Settlement,0.1,0.75,0.2,Red Soil,9.08,238.83,10.93,1,2192.29,0,1,0,0,"POLYGON((74.65233881022897 34.10495902448964,74.65833881022897 34.10495902448964,74.65833881022897 34.11095902448964,74.65233881022897 34.11095902448964,74.65233881022897 34.10495902448964))",2026-08-01,Indian LULC class anchor + synthetic prototype attributes,SYNTHETIC_PROTOTYPE
IN-LULC-22-019,Jammu and Kashmir,Srinagar,34.207541,74.818559,EPSG:4326,Water Body,1,Water Body,0.03,0.02,0.98,Alluvial,0.56,1696.82,15.15,0,12236.35,1,0,0,0,"POLYGON((74.81555931468257 34.20454099856961,74.82155931468257 34.20454099856961,74.82155931468257 34.21054099856961,74.81555931468257 34.21054099856961,74.81555931468257 34.20454099856961))",2026-08-01,Indian LULC class anchor + synthetic prototype attributes,SYNTHETIC_PROTOTYPE
IN-LULC-22-020,Jammu and Kashmir,Srinagar,33.977595,74.842889,EPSG:4326,Cropland,2,Cropland,0.035,0.65,0.35,Black Soil,11.89,237.24,11.25,0,15442.86,0,0,1,0,"POLYGON((74.83988938168669 33.974594669735794,74.84588938168669 33.974594669735794,74.84588938168669 33.980594669735794,74.83988938168669 33.980594669735794,74.83988938168669 33.974594669735794))",2026-08-01,Indian LULC class anchor + synthetic prototype attributes,SYNTHETIC_PROTOTYPE
IN-LULC-23-001,Ladakh,Leh,34.135652,77.521109,EPSG:4326,Built-up,4,Built-up,0.15,0.9,0.15,Sandy Loam,7.92,54.83,6.74,0,15140.2,0,1,0,0,"POLYGON((77.51810911185667 34.13265194158722,77.52410911185667 34.13265194158722,77.52410911185667 34.13865194158722,77.51810911185667 34.13865194158722,77.51810911185667 34.13265194158722))",2026-08-01,Indian LULC class anchor + synthetic prototype attributes,SYNTHETIC_PROTOTYPE
IN-LULC-23-002,Ladakh,Leh,34.097881,77.689056,EPSG:4326,Grassland,5,Grassland,0.04,0.15,0.55,Sandy Loam,16.1,1299.48,5.93,0,15754.66,0,0,0,0,"POLYGON((77.68605644544506 34.09488145586661,77.69205644544506 34.09488145586661,77.69205644544506 34.10088145586661,77.68605644544506 34.10088145586661,77.68605644544506 34.09488145586661))",2026-08-01,Indian LULC class anchor + synthetic prototype attributes,SYNTHETIC_PROTOTYPE
IN-LULC-23-003,Ladakh,Leh,34.085031,77.444448,EPSG:4326,Barren Land,6,Barren Land,0.025,0.05,0.05,Lateritic,6.44,1546.63,17.21,0,16818.68,0,0,0,0,"POLYGON((77.44144838216182 34.08203058447827,77.44744838216182 34.08203058447827,77.44744838216182 34.08803058447827,77.44144838216182 34.08803058447827,77.44144838216182 34.08203058447827))",2026-08-01,Indian LULC class anchor + synthetic prototype attributes,SYNTHETIC_PROTOTYPE
IN-LULC-23-004,Ladakh,Leh,34.28582,77.69892,EPSG:4326,Wetland,7,Wetland,0.06,0.2,0.8,Lateritic,2.59,482.67,2.48,0,17918.1,0,0,0,0,"POLYGON((77.695919680499 34.2828199569582,77.701919680499 34.2828199569582,77.701919680499 34.2888199569582,77.695919680499 34.2888199569582,77.695919680499 34.2828199569582))",2026-08-01,Indian LULC class anchor + synthetic prototype attributes,SYNTHETIC_PROTOTYPE
IN-LULC-23-005,Ladakh,Leh,34.264926,77.503751,EPSG:4326,Shrubland,8,Shrubland,0.07,0.1,0.65,Red Soil,9.2,82.21,5.92,0,12594.0,0,0,0,0,"POLYGON((77.50075066057693 34.26192557576267,77.50675066057693 34.26192557576267,77.50675066057693 34.26792557576267,77.50075066057693 34.26792557576267,77.50075066057693 34.26192557576267))",2026-08-01,Indian LULC class anchor + synthetic prototype attributes,SYNTHETIC_PROTOTYPE
IN-LULC-23-006,Ladakh,Leh,34.210182,77.653828,EPSG:4326,Road/Transport,9,Road/Transport,0.02,0.95,0.02,Sandy Loam,3.79,448.17,1.22,0,15030.65,0,1,0,0,"POLYGON((77.65082831135543 34.20718200621993,77.65682831135543 34.20718200621993,77.65682831135543 34.21318200621993,77.65082831135543 34.21318200621993,77.65082831135543 34.20718200621993))",2026-08-01,Indian LULC class anchor + synthetic prototype attributes,SYNTHETIC_PROTOTYPE
IN-LULC-23-007,Ladakh,Leh,34.211888,77.49938,EPSG:4326,Settlement,10,Settlement,0.1,0.75,0.2,Black Soil,9.1,801.24,3.24,0,5019.86,0,1,0,0,"POLYGON((77.49637951236748 34.208887816204076,77.50237951236748 34.208887816204076,77.50237951236748 34.214887816204076,77.49637951236748 34.214887816204076,77.49637951236748 34.208887816204076))",2026-08-01,Indian LULC class anchor + synthetic prototype attributes,SYNTHETIC_PROTOTYPE
IN-LULC-23-008,Ladakh,Leh,34.190655,77.574103,EPSG:4326,Water Body,1,Water Body,0.03,0.02,0.98,Alluvial,0.32,415.56,14.79,0,5901.08,1,0,0,0,"POLYGON((77.5711033774868 34.1876554827911,77.57710337748681 34.1876554827911,77.57710337748681 34.1936554827911,77.5711033774868 34.1936554827911,77.5711033774868 34.1876554827911))",2026-08-01,Indian LULC class anchor + synthetic prototype attributes,SYNTHETIC_PROTOTYPE
IN-LULC-23-009,Ladakh,Leh,34.228882,77.510524,EPSG:4326,Cropland,2,Cropland,0.035,0.65,0.35,Alluvial,8.36,759.74,6.48,0,15084.01,0,0,1,0,"POLYGON((77.50752380895905 34.225881949267134,77.51352380895905 34.225881949267134,77.51352380895905 34.231881949267134,77.50752380895905 34.231881949267134,77.50752380895905 34.225881949267134))",2026-08-01,Indian LULC class anchor + synthetic prototype attributes,SYNTHETIC_PROTOTYPE
IN-LULC-23-010,Ladakh,Leh,34.20024,77.709141,EPSG:4326,Forest,3,Forest,0.12,0.05,0.9,Lateritic,9.94,456.67,1.2,0,3980.42,0,0,0,1,"POLYGON((77.70614078887382 34.197240482411715,77.71214078887382 34.197240482411715,77.71214078887382 34.203240482411715,77.70614078887382 34.203240482411715,77.70614078887382 34.197240482411715))",2026-08-01,Indian LULC class anchor + synthetic prototype attributes,SYNTHETIC_PROTOTYPE
IN-LULC-23-011,Ladakh,Leh,34.231413,77.715901,EPSG:4326,Built-up,4,Built-up,0.15,0.9,0.15,Alluvial,5.38,852.32,4.79,0,7692.98,0,1,0,0,"POLYGON((77.71290141039455 34.22841304241593,77.71890141039455 34.22841304241593,77.71890141039455 34.23441304241593,77.71290141039455 34.23441304241593,77.71290141039455 34.22841304241593))",2026-08-01,Indian LULC class anchor + synthetic prototype attributes,SYNTHETIC_PROTOTYPE
IN-LULC-23-012,Ladakh,Leh,34.12633,77.485634,EPSG:4326,Grassland,5,Grassland,0.04,0.15,0.55,Red Soil,17.58,1655.43,15.03,1,2037.08,0,0,0,0,"POLYGON((77.4826340157901 34.12332951246611,77.4886340157901 34.12332951246611,77.4886340157901 34.12932951246611,77.4826340157901 34.12932951246611,77.4826340157901 34.12332951246611))",2026-08-01,Indian LULC class anchor + synthetic prototype attributes,SYNTHETIC_PROTOTYPE
IN-LULC-23-013,Ladakh,Leh,34.287661,77.506846,EPSG:4326,Barren Land,6,Barren Land,0.025,0.05,0.05,Red Soil,11.09,14.17,1.92,0,10337.9,0,0,0,0,"POLYGON((77.50384613428427 34.28466123460981,77.50984613428427 34.28466123460981,77.50984613428427 34.29066123460981,77.50384613428427 34.29066123460981,77.50384613428427 34.28466123460981))",2026-08-01,Indian LULC class anchor + synthetic prototype attributes,SYNTHETIC_PROTOTYPE
IN-LULC-23-014,Ladakh,Leh,34.235727,77.665577,EPSG:4326,Wetland,7,Wetland,0.06,0.2,0.8,Lateritic,3.53,1170.8,11.26,0,8241.03,0,0,0,0,"POLYGON((77.66257742024453 34.23272691003216,77.66857742024453 34.23272691003216,77.66857742024453 34.23872691003216,77.66257742024453 34.23872691003216,77.66257742024453 34.23272691003216))",2026-08-01,Indian LULC class anchor + synthetic prototype attributes,SYNTHETIC_PROTOTYPE
IN-LULC-23-015,Ladakh,Leh,34.146384,77.56018,EPSG:4326,Shrubland,8,Shrubland,0.07,0.1,0.65,Alluvial,11.35,1052.42,17.8,0,14957.33,0,0,0,0,"POLYGON((77.55718036416754 34.143383924528834,77.56318036416754 34.143383924528834,77.56318036416754 34.149383924528834,77.55718036416754 34.149383924528834,77.55718036416754 34.143383924528834))",2026-08-01,Indian LULC class anchor + synthetic prototype attributes,SYNTHETIC_PROTOTYPE
IN-LULC-23-016,Ladakh,Leh,34.059064,77.593724,EPSG:4326,Road/Transport,9,Road/Transport,0.02,0.95,0.02,Black Soil,3.02,723.71,0.13,0,12404.5,0,1,0,0,"POLYGON((77.59072396243972 34.05606413068534,77.59672396243973 34.05606413068534,77.59672396243973 34.06206413068534,77.59072396243972 34.06206413068534,77.59072396243972 34.05606413068534))",2026-08-01,Indian LULC class anchor + synthetic prototype attributes,SYNTHETIC_PROTOTYPE
IN-LULC-23-017,Ladakh,Leh,34.126508,77.588157,EPSG:4326,Settlement,10,Settlement,0.1,0.75,0.2,Red Soil,5.93,223.63,2.81,0,6410.75,0,1,0,0,"POLYGON((77.58515672416668 34.12350794690155,77.59115672416668 34.12350794690155,77.59115672416668 34.12950794690155,77.58515672416668 34.12950794690155,77.58515672416668 34.12350794690155))",2026-08-01,Indian LULC class anchor + synthetic prototype attributes,SYNTHETIC_PROTOTYPE
IN-LULC-23-018,Ladakh,Leh,34.237304,77.551345,EPSG:4326,Water Body,1,Water Body,0.03,0.02,0.98,Black Soil,0.69,99.55,14.24,0,14608.75,1,0,0,0,"POLYGON((77.54834547280942 34.234304088778856,77.55434547280942 34.234304088778856,77.55434547280942 34.240304088778856,77.54834547280942 34.240304088778856,77.54834547280942 34.234304088778856))",2026-08-01,Indian LULC class anchor + synthetic prototype attributes,SYNTHETIC_PROTOTYPE
IN-LULC-23-019,Ladakh,Leh,34.043962,77.579067,EPSG:4326,Cropland,2,Cropland,0.035,0.65,0.35,Lateritic,14.78,1072.94,0.75,0,15187.04,0,0,1,0,"POLYGON((77.5760673659633 34.04096188513908,77.5820673659633 34.04096188513908,77.5820673659633 34.04696188513908,77.5760673659633 34.04696188513908,77.5760673659633 34.04096188513908))",2026-08-01,Indian LULC class anchor + synthetic prototype attributes,SYNTHETIC_PROTOTYPE
IN-LULC-23-020,Ladakh,Leh,34.254208,77.591016,EPSG:4326,Forest,3,Forest,0.12,0.05,0.9,Lateritic,8.77,468.66,4.29,0,16682.05,0,0,0,1,"POLYGON((77.58801593025909 34.25120794295959,77.59401593025909 34.25120794295959,77.59401593025909 34.25720794295959,77.58801593025909 34.25720794295959,77.58801593025909 34.25120794295959))",2026-08-01,Indian LULC class anchor + synthetic prototype attributes,SYNTHETIC_PROTOTYPE
IN-LULC-24-001,Sikkim,Gangtok,27.295851,88.588477,EPSG:4326,Grassland,5,Grassland,0.04,0.15,0.55,Red Soil,17.2,1005.32,15.75,0,17341.28,0,0,0,0,"POLYGON((88.58547666681278 27.29285090463157,88.59147666681278 27.29285090463157,88.59147666681278 27.29885090463157,88.58547666681278 27.29885090463157,88.58547666681278 27.29285090463157))",2026-08-01,Indian LULC class anchor + synthetic prototype attributes,SYNTHETIC_PROTOTYPE
IN-LULC-24-002,Sikkim,Gangtok,27.353002,88.578429,EPSG:4326,Barren Land,6,Barren Land,0.025,0.05,0.05,Black Soil,11.02,1793.66,5.87,1,2414.59,0,0,0,0,"POLYGON((88.575429419517 27.35000196687718,88.581429419517 27.35000196687718,88.581429419517 27.35600196687718,88.575429419517 27.35600196687718,88.575429419517 27.35000196687718))",2026-08-01,Indian LULC class anchor + synthetic prototype attributes,SYNTHETIC_PROTOTYPE
IN-LULC-24-003,Sikkim,Gangtok,27.223908,88.645933,EPSG:4326,Wetland,7,Wetland,0.06,0.2,0.8,Alluvial,2.05,238.02,0.8,0,11652.51,0,0,0,0,"POLYGON((88.64293281837521 27.220907616764165,88.64893281837521 27.220907616764165,88.64893281837521 27.226907616764166,88.64293281837521 27.226907616764166,88.64293281837521 27.220907616764165))",2026-08-01,Indian LULC class anchor + synthetic prototype attributes,SYNTHETIC_PROTOTYPE
IN-LULC-24-004,Sikkim,Gangtok,27.41562,88.65873,EPSG:4326,Shrubland,8,Shrubland,0.07,0.1,0.65,Black Soil,6.86,1701.72,10.53,0,11412.54,0,0,0,0,"POLYGON((88.65573046203724 27.412620248690647,88.66173046203724 27.412620248690647,88.66173046203724 27.418620248690647,88.65573046203724 27.418620248690647,88.65573046203724 27.412620248690647))",2026-08-01,Indian LULC class anchor + synthetic prototype attributes,SYNTHETIC_PROTOTYPE
IN-LULC-24-005,Sikkim,Gangtok,27.436885,88.511852,EPSG:4326,Road/Transport,9,Road/Transport,0.02,0.95,0.02,Sandy Loam,5.33,1409.4,4.86,0,5769.37,0,1,0,0,"POLYGON((88.5088520052503 27.433884929539495,88.5148520052503 27.433884929539495,88.5148520052503 27.439884929539495,88.5088520052503 27.439884929539495,88.5088520052503 27.433884929539495))",2026-08-01,Indian LULC class anchor + synthetic prototype attributes,SYNTHETIC_PROTOTYPE
IN-LULC-24-006,Sikkim,Gangtok,27.191371,88.664755,EPSG:4326,Settlement,10,Settlement,0.1,0.75,0.2,Lateritic,8.11,1129.89,1.71,0,3031.34,0,1,0,0,"POLYGON((88.66175496201865 27.188370561162298,88.66775496201865 27.188370561162298,88.66775496201865 27.194370561162298,88.66175496201865 27.194370561162298,88.66175496201865 27.188370561162298))",2026-08-01,Indian LULC class anchor + synthetic prototype attributes,SYNTHETIC_PROTOTYPE
IN-LULC-24-007,Sikkim,Gangtok,27.206149,88.545832,EPSG:4326,Water Body,1,Water Body,0.03,0.02,0.98,Lateritic,0.47,1141.61,3.89,0,12055.42,1,0,0,0,"POLYGON((88.54283178295236 27.203148823558926,88.54883178295236 27.203148823558926,88.54883178295236 27.209148823558927,88.54283178295236 27.209148823558927,88.54283178295236 27.203148823558926))",2026-08-01,Indian LULC class anchor + synthetic prototype attributes,SYNTHETIC_PROTOTYPE
IN-LULC-24-008,Sikkim,Gangtok,27.271542,88.727484,EPSG:4326,Cropland,2,Cropland,0.035,0.65,0.35,Alluvial,12.13,513.36,10.79,0,12820.4,0,0,1,0,"POLYGON((88.72448431369497 27.268542266875684,88.73048431369497 27.268542266875684,88.73048431369497 27.274542266875685,88.72448431369497 27.274542266875685,88.72448431369497 27.268542266875684))",2026-08-01,Indian LULC class anchor + synthetic prototype attributes,SYNTHETIC_PROTOTYPE
IN-LULC-24-009,Sikkim,Gangtok,27.213682,88.5242,EPSG:4326,Forest,3,Forest,0.12,0.05,0.9,Alluvial,5.44,981.35,16.05,0,4454.75,0,0,0,1,"POLYGON((88.52119975083156 27.210682233862318,88.52719975083156 27.210682233862318,88.52719975083156 27.21668223386232,88.52119975083156 27.21668223386232,88.52119975083156 27.210682233862318))",2026-08-01,Indian LULC class anchor + synthetic prototype attributes,SYNTHETIC_PROTOTYPE
IN-LULC-24-010,Sikkim,Gangtok,27.369857,88.675719,EPSG:4326,Built-up,4,Built-up,0.15,0.9,0.15,Alluvial,4.96,168.81,17.89,0,8234.07,0,1,0,0,"POLYGON((88.67271914368733 27.36685650103199,88.67871914368733 27.36685650103199,88.67871914368733 27.37285650103199,88.67271914368733 27.37285650103199,88.67271914368733 27.36685650103199))",2026-08-01,Indian LULC class anchor + synthetic prototype attributes,SYNTHETIC_PROTOTYPE
IN-LULC-24-011,Sikkim,Gangtok,27.188045,88.47696,EPSG:4326,Grassland,5,Grassland,0.04,0.15,0.55,Lateritic,10.52,448.52,13.94,0,13693.08,0,0,0,0,"POLYGON((88.47396042889186 27.1850452957399,88.47996042889186 27.1850452957399,88.47996042889186 27.1910452957399,88.47396042889186 27.1910452957399,88.47396042889186 27.1850452957399))",2026-08-01,Indian LULC class anchor + synthetic prototype attributes,SYNTHETIC_PROTOTYPE
IN-LULC-24-012,Sikkim,Gangtok,27.417347,88.604537,EPSG:4326,Barren Land,6,Barren Land,0.025,0.05,0.05,Black Soil,8.82,52.34,7.88,0,4723.32,0,0,0,0,"POLYGON((88.60153715781414 27.41434699257914,88.60753715781414 27.41434699257914,88.60753715781414 27.42034699257914,88.60153715781414 27.42034699257914,88.60153715781414 27.41434699257914))",2026-08-01,Indian LULC class anchor + synthetic prototype attributes,SYNTHETIC_PROTOTYPE
IN-LULC-24-013,Sikkim,Gangtok,27.271887,88.53543,EPSG:4326,Wetland,7,Wetland,0.06,0.2,0.8,Sandy Loam,3.53,780.89,7.47,0,8346.51,0,0,0,0,"POLYGON((88.53242967186269 27.268886710579093,88.53842967186269 27.268886710579093,88.53842967186269 27.274886710579093,88.53242967186269 27.274886710579093,88.53242967186269 27.268886710579093))",2026-08-01,Indian LULC class anchor + synthetic prototype attributes,SYNTHETIC_PROTOTYPE
IN-LULC-24-014,Sikkim,Gangtok,27.297289,88.674824,EPSG:4326,Shrubland,8,Shrubland,0.07,0.1,0.65,Red Soil,7.55,1603.67,4.18,0,19743.3,0,0,0,0,"POLYGON((88.6718235115717 27.29428892348045,88.6778235115717 27.29428892348045,88.6778235115717 27.30028892348045,88.6718235115717 27.30028892348045,88.6718235115717 27.29428892348045))",2026-08-01,Indian LULC class anchor + synthetic prototype attributes,SYNTHETIC_PROTOTYPE
IN-LULC-24-015,Sikkim,Gangtok,27.469423,88.699176,EPSG:4326,Road/Transport,9,Road/Transport,0.02,0.95,0.02,Sandy Loam,3.01,1487.71,17.18,0,16839.9,0,1,0,0,"POLYGON((88.69617648932703 27.466422900414454,88.70217648932703 27.466422900414454,88.70217648932703 27.472422900414454,88.69617648932703 27.472422900414454,88.69617648932703 27.466422900414454))",2026-08-01,Indian LULC class anchor + synthetic prototype attributes,SYNTHETIC_PROTOTYPE
IN-LULC-24-016,Sikkim,Gangtok,27.384818,88.748978,EPSG:4326,Settlement,10,Settlement,0.1,0.75,0.2,Lateritic,4.7,1720.16,11.36,0,6654.72,0,1,0,0,"POLYGON((88.7459779814573 27.3818179403815,88.7519779814573 27.3818179403815,88.7519779814573 27.3878179403815,88.7459779814573 27.3878179403815,88.7459779814573 27.3818179403815))",2026-08-01,Indian LULC class anchor + synthetic prototype attributes,SYNTHETIC_PROTOTYPE
IN-LULC-24-017,Sikkim,Gangtok,27.193311,88.710598,EPSG:4326,Water Body,1,Water Body,0.03,0.02,0.98,Red Soil,0.33,255.5,10.23,0,12873.59,1,0,0,0,"POLYGON((88.70759788185715 27.190311489488558,88.71359788185715 27.190311489488558,88.71359788185715 27.196311489488558,88.70759788185715 27.196311489488558,88.70759788185715 27.190311489488558))",2026-08-01,Indian LULC class anchor + synthetic prototype attributes,SYNTHETIC_PROTOTYPE
IN-LULC-24-018,Sikkim,Gangtok,27.31474,88.72853,EPSG:4326,Cropland,2,Cropland,0.035,0.65,0.35,Sandy Loam,15.09,23.15,3.04,0,5454.11,0,0,1,0,"POLYGON((88.72553012559717 27.31173984680223,88.73153012559717 27.31173984680223,88.73153012559717 27.31773984680223,88.72553012559717 27.31773984680223,88.72553012559717 27.31173984680223))",2026-08-01,Indian LULC class anchor + synthetic prototype attributes,SYNTHETIC_PROTOTYPE
IN-LULC-24-019,Sikkim,Gangtok,27.411377,88.596539,EPSG:4326,Forest,3,Forest,0.12,0.05,0.9,Red Soil,9.77,1265.92,3.32,0,3166.47,0,0,0,1,"POLYGON((88.59353868961708 27.408376720089603,88.59953868961708 27.408376720089603,88.59953868961708 27.414376720089603,88.59353868961708 27.414376720089603,88.59353868961708 27.408376720089603))",2026-08-01,Indian LULC class anchor + synthetic prototype attributes,SYNTHETIC_PROTOTYPE
IN-LULC-24-020,Sikkim,Gangtok,27.337152,88.488495,EPSG:4326,Built-up,4,Built-up,0.15,0.9,0.15,Red Soil,7.15,115.14,1.96,0,8943.8,0,1,0,0,"POLYGON((88.48549539008644 27.33415169040091,88.49149539008644 27.33415169040091,88.49149539008644 27.34015169040091,88.48549539008644 27.34015169040091,88.48549539008644 27.33415169040091))",2026-08-01,Indian LULC class anchor + synthetic prototype attributes,SYNTHETIC_PROTOTYPE
IN-LULC-25-001,Arunachal Pradesh,Itanagar,27.012998,93.668202,EPSG:4326,Barren Land,6,Barren Land,0.025,0.05,0.05,Sandy Loam,6.39,1326.73,14.3,0,13241.84,0,0,0,0,"POLYGON((93.66520226234593 27.009998382899518,93.67120226234593 27.009998382899518,93.67120226234593 27.015998382899518,93.66520226234593 27.015998382899518,93.66520226234593 27.009998382899518))",2026-08-01,Indian LULC class anchor + synthetic prototype attributes,SYNTHETIC_PROTOTYPE
IN-LULC-25-002,Arunachal Pradesh,Itanagar,27.016596,93.767476,EPSG:4326,Wetland,7,Wetland,0.06,0.2,0.8,Sandy Loam,2.29,451.42,17.03,0,5455.0,0,0,0,0,"POLYGON((93.76447561633078 27.013596348941515,93.77047561633078 27.013596348941515,93.77047561633078 27.019596348941516,93.76447561633078 27.019596348941516,93.76447561633078 27.013596348941515))",2026-08-01,Indian LULC class anchor + synthetic prototype attributes,SYNTHETIC_PROTOTYPE
IN-LULC-25-003,Arunachal Pradesh,Itanagar,27.091294,93.58833,EPSG:4326,Shrubland,8,Shrubland,0.07,0.1,0.65,Red Soil,10.39,1330.55,7.83,1,143.42,0,0,0,0,"POLYGON((93.58533048934197 27.088293783819807,93.59133048934197 27.088293783819807,93.59133048934197 27.094293783819808,93.58533048934197 27.094293783819808,93.58533048934197 27.088293783819807))",2026-08-01,Indian LULC class anchor + synthetic prototype attributes,SYNTHETIC_PROTOTYPE
IN-LULC-25-004,Arunachal Pradesh,Itanagar,27.14995,93.608881,EPSG:4326,Road/Transport,9,Road/Transport,0.02,0.95,0.02,Red Soil,5.47,1427.78,11.85,0,11567.15,0,1,0,0,"POLYGON((93.60588072942602 27.146949681564575,93.61188072942602 27.146949681564575,93.61188072942602 27.152949681564575,93.60588072942602 27.152949681564575,93.60588072942602 27.146949681564575))",2026-08-01,Indian LULC class anchor + synthetic prototype attributes,SYNTHETIC_PROTOTYPE
IN-LULC-25-005,Arunachal Pradesh,Itanagar,27.144295,93.601581,EPSG:4326,Settlement,10,Settlement,0.1,0.75,0.2,Alluvial,9.66,1191.11,0.3,1,965.24,0,1,0,0,"POLYGON((93.59858090003709 27.14129511672912,93.60458090003709 27.14129511672912,93.60458090003709 27.14729511672912,93.59858090003709 27.14729511672912,93.59858090003709 27.14129511672912))",2026-08-01,Indian LULC class anchor + synthetic prototype attributes,SYNTHETIC_PROTOTYPE
IN-LULC-25-006,Arunachal Pradesh,Itanagar,27.021967,93.483593,EPSG:4326,Water Body,1,Water Body,0.03,0.02,0.98,Red Soil,0.7,464.06,9.48,0,13363.64,1,0,0,0,"POLYGON((93.480593347286 27.018966940888557,93.486593347286 27.018966940888557,93.486593347286 27.024966940888557,93.480593347286 27.024966940888557,93.480593347286 27.018966940888557))",2026-08-01,Indian LULC class anchor + synthetic prototype attributes,SYNTHETIC_PROTOTYPE
IN-LULC-25-007,Arunachal Pradesh,Itanagar,27.213528,93.668787,EPSG:4326,Cropland,2,Cropland,0.035,0.65,0.35,Black Soil,14.07,784.29,8.48,0,3721.66,0,0,1,0,"POLYGON((93.66578671678238 27.210528088752127,93.67178671678238 27.210528088752127,93.67178671678238 27.216528088752128,93.66578671678238 27.216528088752128,93.66578671678238 27.210528088752127))",2026-08-01,Indian LULC class anchor + synthetic prototype attributes,SYNTHETIC_PROTOTYPE
IN-LULC-25-008,Arunachal Pradesh,Itanagar,27.156861,93.667094,EPSG:4326,Forest,3,Forest,0.12,0.05,0.9,Red Soil,10.64,77.7,6.33,0,4089.38,0,0,0,1,"POLYGON((93.66409397366911 27.153861037514545,93.67009397366911 27.153861037514545,93.67009397366911 27.159861037514546,93.66409397366911 27.159861037514546,93.66409397366911 27.153861037514545))",2026-08-01,Indian LULC class anchor + synthetic prototype attributes,SYNTHETIC_PROTOTYPE
IN-LULC-25-009,Arunachal Pradesh,Itanagar,27.171603,93.485076,EPSG:4326,Built-up,4,Built-up,0.15,0.9,0.15,Sandy Loam,3.85,929.53,15.58,0,19606.03,0,1,0,0,"POLYGON((93.48207605482882 27.16860319149433,93.48807605482882 27.16860319149433,93.48807605482882 27.17460319149433,93.48207605482882 27.17460319149433,93.48207605482882 27.16860319149433))",2026-08-01,Indian LULC class anchor + synthetic prototype attributes,SYNTHETIC_PROTOTYPE
IN-LULC-25-010,Arunachal Pradesh,Itanagar,27.200171,93.539786,EPSG:4326,Grassland,5,Grassland,0.04,0.15,0.55,Sandy Loam,12.52,295.58,4.48,1,2959.35,0,0,0,0,"POLYGON((93.53678560355327 27.197171181993767,93.54278560355327 27.197171181993767,93.54278560355327 27.203171181993767,93.53678560355327 27.203171181993767,93.53678560355327 27.197171181993767))",2026-08-01,Indian LULC class anchor + synthetic prototype attributes,SYNTHETIC_PROTOTYPE
IN-LULC-25-011,Arunachal Pradesh,Itanagar,26.981184,93.652683,EPSG:4326,Barren Land,6,Barren Land,0.025,0.05,0.05,Sandy Loam,10.84,1313.09,17.07,0,17600.27,0,0,0,0,"POLYGON((93.64968296854357 26.978183769284225,93.65568296854357 26.978183769284225,93.65568296854357 26.984183769284225,93.64968296854357 26.984183769284225,93.64968296854357 26.978183769284225))",2026-08-01,Indian LULC class anchor + synthetic prototype attributes,SYNTHETIC_PROTOTYPE
IN-LULC-25-012,Arunachal Pradesh,Itanagar,26.997474,93.608087,EPSG:4326,Wetland,7,Wetland,0.06,0.2,0.8,Alluvial,3.69,233.54,16.43,0,15055.61,0,0,0,0,"POLYGON((93.605087067333 26.994474353380976,93.611087067333 26.994474353380976,93.611087067333 27.000474353380977,93.605087067333 27.000474353380977,93.605087067333 26.994474353380976))",2026-08-01,Indian LULC class anchor + synthetic prototype attributes,SYNTHETIC_PROTOTYPE
IN-LULC-25-013,Arunachal Pradesh,Itanagar,27.042907,93.715653,EPSG:4326,Shrubland,8,Shrubland,0.07,0.1,0.65,Sandy Loam,11.97,1427.02,2.57,0,9881.71,0,0,0,0,"POLYGON((93.71265272327568 27.039906539002573,93.71865272327568 27.039906539002573,93.71865272327568 27.045906539002573,93.71265272327568 27.045906539002573,93.71265272327568 27.039906539002573))",2026-08-01,Indian LULC class anchor + synthetic prototype attributes,SYNTHETIC_PROTOTYPE
IN-LULC-25-014,Arunachal Pradesh,Itanagar,27.032681,93.738758,EPSG:4326,Road/Transport,9,Road/Transport,0.02,0.95,0.02,Red Soil,3.42,463.53,6.35,0,15052.04,0,1,0,0,"POLYGON((93.73575795131833 27.029681179230813,93.74175795131833 27.029681179230813,93.74175795131833 27.035681179230814,93.73575795131833 27.035681179230814,93.73575795131833 27.029681179230813))",2026-08-01,Indian LULC class anchor + synthetic prototype attributes,SYNTHETIC_PROTOTYPE
IN-LULC-25-015,Arunachal Pradesh,Itanagar,27.187723,93.63723,EPSG:4326,Settlement,10,Settlement,0.1,0.75,0.2,Black Soil,8.86,21.03,16.08,0,19676.23,0,1,0,0,"POLYGON((93.63423022193527 27.184723482881445,93.64023022193527 27.184723482881445,93.64023022193527 27.190723482881445,93.63423022193527 27.190723482881445,93.63423022193527 27.184723482881445))",2026-08-01,Indian LULC class anchor + synthetic prototype attributes,SYNTHETIC_PROTOTYPE
IN-LULC-25-016,Arunachal Pradesh,Itanagar,27.12805,93.545373,EPSG:4326,Water Body,1,Water Body,0.03,0.02,0.98,Lateritic,0.64,1182.54,3.85,1,2206.16,1,0,0,0,"POLYGON((93.54237318032456 27.12504982870934,93.54837318032456 27.12504982870934,93.54837318032456 27.13104982870934,93.54237318032456 27.13104982870934,93.54237318032456 27.12504982870934))",2026-08-01,Indian LULC class anchor + synthetic prototype attributes,SYNTHETIC_PROTOTYPE
IN-LULC-25-017,Arunachal Pradesh,Itanagar,27.052035,93.504587,EPSG:4326,Cropland,2,Cropland,0.035,0.65,0.35,Black Soil,13.67,346.12,9.82,1,2962.89,0,0,1,0,"POLYGON((93.50158681217442 27.04903459690274,93.50758681217442 27.04903459690274,93.50758681217442 27.05503459690274,93.50158681217442 27.05503459690274,93.50158681217442 27.04903459690274))",2026-08-01,Indian LULC class anchor + synthetic prototype attributes,SYNTHETIC_PROTOTYPE
IN-LULC-25-018,Arunachal Pradesh,Itanagar,27.065958,93.724565,EPSG:4326,Forest,3,Forest,0.12,0.05,0.9,Lateritic,10.76,201.39,11.99,0,6887.58,0,0,0,1,"POLYGON((93.72156485589962 27.062957898356796,93.72756485589962 27.062957898356796,93.72756485589962 27.068957898356796,93.72156485589962 27.068957898356796,93.72156485589962 27.062957898356796))",2026-08-01,Indian LULC class anchor + synthetic prototype attributes,SYNTHETIC_PROTOTYPE
IN-LULC-25-019,Arunachal Pradesh,Itanagar,27.22961,93.576522,EPSG:4326,Built-up,4,Built-up,0.15,0.9,0.15,Black Soil,4.79,383.99,10.8,1,823.76,0,1,0,0,"POLYGON((93.57352222972376 27.22661001145986,93.57952222972376 27.22661001145986,93.57952222972376 27.23261001145986,93.57352222972376 27.23261001145986,93.57352222972376 27.22661001145986))",2026-08-01,Indian LULC class anchor + synthetic prototype attributes,SYNTHETIC_PROTOTYPE
IN-LULC-25-020,Arunachal Pradesh,Itanagar,27.051005,93.566086,EPSG:4326,Grassland,5,Grassland,0.04,0.15,0.55,Alluvial,17.46,1115.06,8.17,1,2760.79,0,0,0,0,"POLYGON((93.56308644920662 27.048005277183567,93.56908644920662 27.048005277183567,93.56908644920662 27.054005277183567,93.56308644920662 27.054005277183567,93.56308644920662 27.048005277183567))",2026-08-01,Indian LULC class anchor + synthetic prototype attributes,SYNTHETIC_PROTOTYPE
IN-LULC-26-001,Nagaland,Kohima,25.691723,94.139452,EPSG:4326,Wetland,7,Wetland,0.06,0.2,0.8,Red Soil,3.96,902.7,6.09,0,3570.27,0,0,0,0,"POLYGON((94.13645190003719 25.68872319607052,94.14245190003719 25.68872319607052,94.14245190003719 25.69472319607052,94.13645190003719 25.69472319607052,94.13645190003719 25.68872319607052))",2026-08-01,Indian LULC class anchor + synthetic prototype attributes,SYNTHETIC_PROTOTYPE
IN-LULC-26-002,Nagaland,Kohima,25.807916,93.974918,EPSG:4326,Shrubland,8,Shrubland,0.07,0.1,0.65,Alluvial,11.61,1336.69,17.71,1,2109.26,0,0,0,0,"POLYGON((93.97191786702581 25.804915557848975,93.97791786702581 25.804915557848975,93.97791786702581 25.810915557848976,93.97191786702581 25.810915557848976,93.97191786702581 25.804915557848975))",2026-08-01,Indian LULC class anchor + synthetic prototype attributes,SYNTHETIC_PROTOTYPE
IN-LULC-26-003,Nagaland,Kohima,25.7003,94.01764,EPSG:4326,Road/Transport,9,Road/Transport,0.02,0.95,0.02,Alluvial,4.55,1691.48,12.59,0,6468.66,0,1,0,0,"POLYGON((94.01464023349828 25.697299663905365,94.02064023349828 25.697299663905365,94.02064023349828 25.703299663905366,94.01464023349828 25.703299663905366,94.01464023349828 25.697299663905365))",2026-08-01,Indian LULC class anchor + synthetic prototype attributes,SYNTHETIC_PROTOTYPE
IN-LULC-26-004,Nagaland,Kohima,25.64555,93.975028,EPSG:4326,Settlement,10,Settlement,0.1,0.75,0.2,Sandy Loam,6.8,1041.71,0.44,0,14406.81,0,1,0,0,"POLYGON((93.9720278414847 25.642550007459683,93.9780278414847 25.642550007459683,93.9780278414847 25.648550007459683,93.9720278414847 25.648550007459683,93.9720278414847 25.642550007459683))",2026-08-01,Indian LULC class anchor + synthetic prototype attributes,SYNTHETIC_PROTOTYPE
IN-LULC-26-005,Nagaland,Kohima,25.676659,94.167148,EPSG:4326,Water Body,1,Water Body,0.03,0.02,0.98,Alluvial,0.48,1420.8,2.98,0,4936.08,1,0,0,0,"POLYGON((94.16414818809696 25.673659318444486,94.17014818809696 25.673659318444486,94.17014818809696 25.679659318444486,94.16414818809696 25.679659318444486,94.16414818809696 25.673659318444486))",2026-08-01,Indian LULC class anchor + synthetic prototype attributes,SYNTHETIC_PROTOTYPE
IN-LULC-26-006,Nagaland,Kohima,25.775196,94.061647,EPSG:4326,Cropland,2,Cropland,0.035,0.65,0.35,Black Soil,7.32,787.74,13.09,0,17560.4,0,0,1,0,"POLYGON((94.05864733230162 25.772195633632133,94.06464733230162 25.772195633632133,94.06464733230162 25.778195633632134,94.05864733230162 25.778195633632134,94.05864733230162 25.772195633632133))",2026-08-01,Indian LULC class anchor + synthetic prototype attributes,SYNTHETIC_PROTOTYPE
IN-LULC-26-007,Nagaland,Kohima,25.684806,94.033054,EPSG:4326,Forest,3,Forest,0.12,0.05,0.9,Sandy Loam,5.56,698.52,8.63,0,6431.82,0,0,0,1,"POLYGON((94.0300536830875 25.68180620759992,94.0360536830875 25.68180620759992,94.0360536830875 25.68780620759992,94.0300536830875 25.68780620759992,94.0300536830875 25.68180620759992))",2026-08-01,Indian LULC class anchor + synthetic prototype attributes,SYNTHETIC_PROTOTYPE
IN-LULC-26-008,Nagaland,Kohima,25.812574,94.10388,EPSG:4326,Built-up,4,Built-up,0.15,0.9,0.15,Red Soil,4.39,1185.87,4.58,0,16874.66,0,1,0,0,"POLYGON((94.10088048250076 25.809574082808048,94.10688048250076 25.809574082808048,94.10688048250076 25.815574082808048,94.10088048250076 25.815574082808048,94.10088048250076 25.809574082808048))",2026-08-01,Indian LULC class anchor + synthetic prototype attributes,SYNTHETIC_PROTOTYPE
IN-LULC-26-009,Nagaland,Kohima,25.571356,94.025835,EPSG:4326,Grassland,5,Grassland,0.04,0.15,0.55,Sandy Loam,10.43,1709.44,16.39,0,6070.48,0,0,0,0,"POLYGON((94.02283484739826 25.568355789157224,94.02883484739826 25.568355789157224,94.02883484739826 25.574355789157224,94.02283484739826 25.574355789157224,94.02283484739826 25.568355789157224))",2026-08-01,Indian LULC class anchor + synthetic prototype attributes,SYNTHETIC_PROTOTYPE
IN-LULC-26-010,Nagaland,Kohima,25.717092,94.041965,EPSG:4326,Barren Land,6,Barren Land,0.025,0.05,0.05,Alluvial,8.24,1151.74,2.43,0,10642.06,0,0,0,0,"POLYGON((94.03896503174107 25.71409195730113,94.04496503174107 25.71409195730113,94.04496503174107 25.72009195730113,94.03896503174107 25.72009195730113,94.03896503174107 25.71409195730113))",2026-08-01,Indian LULC class anchor + synthetic prototype attributes,SYNTHETIC_PROTOTYPE
IN-LULC-26-011,Nagaland,Kohima,25.801157,94.225268,EPSG:4326,Wetland,7,Wetland,0.06,0.2,0.8,Red Soil,1.9,848.7,16.28,0,16927.95,0,0,0,0,"POLYGON((94.22226809320593 25.798156634423076,94.22826809320593 25.798156634423076,94.22826809320593 25.804156634423077,94.22226809320593 25.804156634423077,94.22226809320593 25.798156634423076))",2026-08-01,Indian LULC class anchor + synthetic prototype attributes,SYNTHETIC_PROTOTYPE
IN-LULC-26-012,Nagaland,Kohima,25.70986,94.079014,EPSG:4326,Shrubland,8,Shrubland,0.07,0.1,0.65,Alluvial,8.35,530.68,10.97,0,16949.07,0,0,0,0,"POLYGON((94.07601400686542 25.706859686091583,94.08201400686542 25.706859686091583,94.08201400686542 25.712859686091583,94.07601400686542 25.712859686091583,94.07601400686542 25.706859686091583))",2026-08-01,Indian LULC class anchor + synthetic prototype attributes,SYNTHETIC_PROTOTYPE
IN-LULC-26-013,Nagaland,Kohima,25.761753,94.093142,EPSG:4326,Road/Transport,9,Road/Transport,0.02,0.95,0.02,Red Soil,3.35,99.34,10.01,0,5821.21,0,1,0,0,"POLYGON((94.09014203002491 25.75875281588002,94.09614203002491 25.75875281588002,94.09614203002491 25.76475281588002,94.09014203002491 25.76475281588002,94.09014203002491 25.75875281588002))",2026-08-01,Indian LULC class anchor + synthetic prototype attributes,SYNTHETIC_PROTOTYPE
IN-LULC-26-014,Nagaland,Kohima,25.736373,94.117842,EPSG:4326,Settlement,10,Settlement,0.1,0.75,0.2,Sandy Loam,6.14,528.05,15.86,0,13093.35,0,1,0,0,"POLYGON((94.1148421112633 25.73337323462585,94.1208421112633 25.73337323462585,94.1208421112633 25.73937323462585,94.1148421112633 25.73937323462585,94.1148421112633 25.73337323462585))",2026-08-01,Indian LULC class anchor + synthetic prototype attributes,SYNTHETIC_PROTOTYPE
IN-LULC-26-015,Nagaland,Kohima,25.738296,94.18482,EPSG:4326,Water Body,1,Water Body,0.03,0.02,0.98,Sandy Loam,0.45,1572.19,3.7,0,13933.94,1,0,0,0,"POLYGON((94.18182032470983 25.735296282163894,94.18782032470983 25.735296282163894,94.18782032470983 25.741296282163894,94.18182032470983 25.741296282163894,94.18182032470983 25.735296282163894))",2026-08-01,Indian LULC class anchor + synthetic prototype attributes,SYNTHETIC_PROTOTYPE
IN-LULC-26-016,Nagaland,Kohima,25.551227,94.174,EPSG:4326,Cropland,2,Cropland,0.035,0.65,0.35,Black Soil,11.99,379.95,14.97,0,13648.17,0,0,1,0,"POLYGON((94.17099954010082 25.548227383760537,94.17699954010082 25.548227383760537,94.17699954010082 25.554227383760537,94.17099954010082 25.554227383760537,94.17099954010082 25.548227383760537))",2026-08-01,Indian LULC class anchor + synthetic prototype attributes,SYNTHETIC_PROTOTYPE
IN-LULC-26-017,Nagaland,Kohima,25.679074,94.256084,EPSG:4326,Forest,3,Forest,0.12,0.05,0.9,Alluvial,9.81,1481.47,4.98,0,11323.82,0,0,0,1,"POLYGON((94.25308406958624 25.676074396508955,94.25908406958624 25.676074396508955,94.25908406958624 25.682074396508956,94.25308406958624 25.682074396508956,94.25308406958624 25.676074396508955))",2026-08-01,Indian LULC class anchor + synthetic prototype attributes,SYNTHETIC_PROTOTYPE
IN-LULC-26-018,Nagaland,Kohima,25.809299,94.009643,EPSG:4326,Built-up,4,Built-up,0.15,0.9,0.15,Red Soil,4.16,1605.07,13.04,0,18692.7,0,1,0,0,"POLYGON((94.00664251158392 25.806298572243985,94.01264251158392 25.806298572243985,94.01264251158392 25.812298572243986,94.00664251158392 25.812298572243986,94.00664251158392 25.806298572243985))",2026-08-01,Indian LULC class anchor + synthetic prototype attributes,SYNTHETIC_PROTOTYPE
IN-LULC-26-019,Nagaland,Kohima,25.705172,94.207898,EPSG:4326,Grassland,5,Grassland,0.04,0.15,0.55,Alluvial,9.93,261.13,6.35,0,12805.52,0,0,0,0,"POLYGON((94.20489783340533 25.70217179761408,94.21089783340533 25.70217179761408,94.21089783340533 25.70817179761408,94.20489783340533 25.70817179761408,94.20489783340533 25.70217179761408))",2026-08-01,Indian LULC class anchor + synthetic prototype attributes,SYNTHETIC_PROTOTYPE
IN-LULC-26-020,Nagaland,Kohima,25.674816,94.054627,EPSG:4326,Barren Land,6,Barren Land,0.025,0.05,0.05,Lateritic,9.83,627.74,4.48,0,18347.21,0,0,0,0,"POLYGON((94.05162722316408 25.671816440343854,94.05762722316408 25.671816440343854,94.05762722316408 25.677816440343854,94.05162722316408 25.677816440343854,94.05162722316408 25.671816440343854))",2026-08-01,Indian LULC class anchor + synthetic prototype attributes,SYNTHETIC_PROTOTYPE
IN-LULC-27-001,Manipur,Imphal,24.803776,93.913749,EPSG:4326,Shrubland,8,Shrubland,0.07,0.1,0.65,Sandy Loam,9.41,639.1,3.93,0,10886.3,0,0,0,0,"POLYGON((93.91074850422706 24.800775727265883,93.91674850422706 24.800775727265883,93.91674850422706 24.806775727265883,93.91074850422706 24.806775727265883,93.91074850422706 24.800775727265883))",2026-08-01,Indian LULC class anchor + synthetic prototype attributes,SYNTHETIC_PROTOTYPE
IN-LULC-27-002,Manipur,Imphal,24.722136,93.867282,EPSG:4326,Road/Transport,9,Road/Transport,0.02,0.95,0.02,Lateritic,5.55,1277.3,10.51,0,6994.11,0,1,0,0,"POLYGON((93.86428234615502 24.719136133732675,93.87028234615502 24.719136133732675,93.87028234615502 24.725136133732676,93.86428234615502 24.725136133732676,93.86428234615502 24.719136133732675))",2026-08-01,Indian LULC class anchor + synthetic prototype attributes,SYNTHETIC_PROTOTYPE
IN-LULC-27-003,Manipur,Imphal,24.732353,94.071798,EPSG:4326,Settlement,10,Settlement,0.1,0.75,0.2,Lateritic,7.77,1292.51,5.58,1,557.04,0,1,0,0,"POLYGON((94.06879782915357 24.729352537336506,94.07479782915357 24.729352537336506,94.07479782915357 24.735352537336507,94.06879782915357 24.735352537336507,94.06879782915357 24.729352537336506))",2026-08-01,Indian LULC class anchor + synthetic prototype attributes,SYNTHETIC_PROTOTYPE
IN-LULC-27-004,Manipur,Imphal,24.829132,93.87947,EPSG:4326,Water Body,1,Water Body,0.03,0.02,0.98,Black Soil,0.54,1729.59,3.83,0,8224.66,1,0,0,0,"POLYGON((93.87646952632008 24.82613205334139,93.88246952632008 24.82613205334139,93.88246952632008 24.83213205334139,93.87646952632008 24.83213205334139,93.87646952632008 24.82613205334139))",2026-08-01,Indian LULC class anchor + synthetic prototype attributes,SYNTHETIC_PROTOTYPE
IN-LULC-27-005,Manipur,Imphal,24.86997,93.877558,EPSG:4326,Cropland,2,Cropland,0.035,0.65,0.35,Lateritic,15.59,1494.13,15.5,0,9712.44,0,0,1,0,"POLYGON((93.87455773121651 24.866969703594183,93.88055773121651 24.866969703594183,93.88055773121651 24.872969703594183,93.87455773121651 24.872969703594183,93.87455773121651 24.866969703594183))",2026-08-01,Indian LULC class anchor + synthetic prototype attributes,SYNTHETIC_PROTOTYPE
IN-LULC-27-006,Manipur,Imphal,24.785352,93.937558,EPSG:4326,Forest,3,Forest,0.12,0.05,0.9,Lateritic,5.46,527.43,5.53,0,4775.63,0,0,0,1,"POLYGON((93.93455838289968 24.78235218945045,93.94055838289968 24.78235218945045,93.94055838289968 24.78835218945045,93.93455838289968 24.78835218945045,93.93455838289968 24.78235218945045))",2026-08-01,Indian LULC class anchor + synthetic prototype attributes,SYNTHETIC_PROTOTYPE
IN-LULC-27-007,Manipur,Imphal,24.871208,93.798732,EPSG:4326,Built-up,4,Built-up,0.15,0.9,0.15,Alluvial,3.7,230.52,0.97,0,9786.64,0,1,0,0,"POLYGON((93.79573154655262 24.86820754432619,93.80173154655262 24.86820754432619,93.80173154655262 24.87420754432619,93.79573154655262 24.87420754432619,93.79573154655262 24.86820754432619))",2026-08-01,Indian LULC class anchor + synthetic prototype attributes,SYNTHETIC_PROTOTYPE
IN-LULC-27-008,Manipur,Imphal,24.857573,94.010133,EPSG:4326,Grassland,5,Grassland,0.04,0.15,0.55,Alluvial,12.53,128.19,9.39,0,6120.5,0,0,0,0,"POLYGON((94.0071325646833 24.85457326432474,94.0131325646833 24.85457326432474,94.0131325646833 24.86057326432474,94.0071325646833 24.86057326432474,94.0071325646833 24.85457326432474))",2026-08-01,Indian LULC class anchor + synthetic prototype attributes,SYNTHETIC_PROTOTYPE
IN-LULC-27-009,Manipur,Imphal,24.751717,93.950804,EPSG:4326,Barren Land,6,Barren Land,0.025,0.05,0.05,Sandy Loam,7.31,742.77,2.43,0,4659.05,0,0,0,0,"POLYGON((93.94780419991423 24.748717362967586,93.95380419991423 24.748717362967586,93.95380419991423 24.754717362967586,93.94780419991423 24.754717362967586,93.94780419991423 24.748717362967586))",2026-08-01,Indian LULC class anchor + synthetic prototype attributes,SYNTHETIC_PROTOTYPE
IN-LULC-27-010,Manipur,Imphal,24.968675,94.055296,EPSG:4326,Wetland,7,Wetland,0.06,0.2,0.8,Lateritic,2.65,1072.72,7.4,0,12673.51,0,0,0,0,"POLYGON((94.05229600647979 24.965674638863497,94.0582960064798 24.965674638863497,94.0582960064798 24.971674638863497,94.05229600647979 24.971674638863497,94.05229600647979 24.965674638863497))",2026-08-01,Indian LULC class anchor + synthetic prototype attributes,SYNTHETIC_PROTOTYPE
IN-LULC-27-011,Manipur,Imphal,24.689876,94.055438,EPSG:4326,Shrubland,8,Shrubland,0.07,0.1,0.65,Lateritic,13.23,841.69,3.04,0,11909.46,0,0,0,0,"POLYGON((94.05243790462397 24.686875744725718,94.05843790462397 24.686875744725718,94.05843790462397 24.69287574472572,94.05243790462397 24.69287574472572,94.05243790462397 24.686875744725718))",2026-08-01,Indian LULC class anchor + synthetic prototype attributes,SYNTHETIC_PROTOTYPE
IN-LULC-27-012,Manipur,Imphal,24.945847,93.969662,EPSG:4326,Road/Transport,9,Road/Transport,0.02,0.95,0.02,Sandy Loam,4.75,1071.49,15.43,0,10688.97,0,1,0,0,"POLYGON((93.96666183296347 24.942847144066036,93.97266183296347 24.942847144066036,93.97266183296347 24.948847144066036,93.96666183296347 24.948847144066036,93.96666183296347 24.942847144066036))",2026-08-01,Indian LULC class anchor + synthetic prototype attributes,SYNTHETIC_PROTOTYPE
IN-LULC-27-013,Manipur,Imphal,24.760291,93.801871,EPSG:4326,Settlement,10,Settlement,0.1,0.75,0.2,Lateritic,4.5,153.27,1.91,0,19235.18,0,1,0,0,"POLYGON((93.79887110947185 24.75729074598294,93.80487110947185 24.75729074598294,93.80487110947185 24.76329074598294,93.79887110947185 24.76329074598294,93.79887110947185 24.75729074598294))",2026-08-01,Indian LULC class anchor + synthetic prototype attributes,SYNTHETIC_PROTOTYPE
IN-LULC-27-014,Manipur,Imphal,24.785456,93.801859,EPSG:4326,Water Body,1,Water Body,0.03,0.02,0.98,Black Soil,0.53,1583.48,1.78,0,16955.97,1,0,0,0,"POLYGON((93.79885924775726 24.782456234130272,93.80485924775726 24.782456234130272,93.80485924775726 24.788456234130273,93.79885924775726 24.788456234130273,93.79885924775726 24.782456234130272))",2026-08-01,Indian LULC class anchor + synthetic prototype attributes,SYNTHETIC_PROTOTYPE
IN-LULC-27-015,Manipur,Imphal,24.727478,94.001923,EPSG:4326,Cropland,2,Cropland,0.035,0.65,0.35,Alluvial,10.5,1252.98,14.3,0,4347.17,0,0,1,0,"POLYGON((93.99892256795994 24.72447775780066,94.00492256795994 24.72447775780066,94.00492256795994 24.73047775780066,93.99892256795994 24.73047775780066,93.99892256795994 24.72447775780066))",2026-08-01,Indian LULC class anchor + synthetic prototype attributes,SYNTHETIC_PROTOTYPE
IN-LULC-27-016,Manipur,Imphal,24.73022,94.032583,EPSG:4326,Forest,3,Forest,0.12,0.05,0.9,Alluvial,10.82,1213.72,4.11,0,13565.27,0,0,0,1,"POLYGON((94.02958340306172 24.727219736684685,94.03558340306172 24.727219736684685,94.03558340306172 24.733219736684685,94.02958340306172 24.733219736684685,94.02958340306172 24.727219736684685))",2026-08-01,Indian LULC class anchor + synthetic prototype attributes,SYNTHETIC_PROTOTYPE
IN-LULC-27-017,Manipur,Imphal,24.785964,94.062912,EPSG:4326,Built-up,4,Built-up,0.15,0.9,0.15,Black Soil,5.29,1067.16,7.94,0,19024.87,0,1,0,0,"POLYGON((94.05991177200869 24.7829636829843,94.06591177200869 24.7829636829843,94.06591177200869 24.7889636829843,94.05991177200869 24.7889636829843,94.05991177200869 24.7829636829843))",2026-08-01,Indian LULC class anchor + synthetic prototype attributes,SYNTHETIC_PROTOTYPE
IN-LULC-27-018,Manipur,Imphal,24.738696,93.951516,EPSG:4326,Grassland,5,Grassland,0.04,0.15,0.55,Red Soil,13.63,1686.08,12.74,0,5222.68,0,0,0,0,"POLYGON((93.94851636575521 24.735696108852512,93.95451636575521 24.735696108852512,93.95451636575521 24.741696108852512,93.94851636575521 24.741696108852512,93.94851636575521 24.735696108852512))",2026-08-01,Indian LULC class anchor + synthetic prototype attributes,SYNTHETIC_PROTOTYPE
IN-LULC-27-019,Manipur,Imphal,24.750222,93.968371,EPSG:4326,Barren Land,6,Barren Land,0.025,0.05,0.05,Black Soil,5.43,800.17,1.02,0,13347.63,0,0,0,0,"POLYGON((93.96537082136774 24.747221519463118,93.97137082136774 24.747221519463118,93.97137082136774 24.753221519463118,93.96537082136774 24.753221519463118,93.96537082136774 24.747221519463118))",2026-08-01,Indian LULC class anchor + synthetic prototype attributes,SYNTHETIC_PROTOTYPE
IN-LULC-27-020,Manipur,Imphal,24.907098,93.806127,EPSG:4326,Wetland,7,Wetland,0.06,0.2,0.8,Lateritic,3.39,9.88,0.73,0,15992.95,0,0,0,0,"POLYGON((93.80312706144417 24.904098432895722,93.80912706144417 24.904098432895722,93.80912706144417 24.910098432895722,93.80312706144417 24.910098432895722,93.80312706144417 24.904098432895722))",2026-08-01,Indian LULC class anchor + synthetic prototype attributes,SYNTHETIC_PROTOTYPE
IN-LULC-28-001,Mizoram,Aizawl,23.701133,92.869688,EPSG:4326,Road/Transport,9,Road/Transport,0.02,0.95,0.02,Alluvial,5.16,1604.09,14.59,0,11629.83,0,1,0,0,"POLYGON((92.86668769176067 23.69813301461515,92.87268769176067 23.69813301461515,92.87268769176067 23.70413301461515,92.86668769176067 23.70413301461515,92.86668769176067 23.69813301461515))",2026-08-01,Indian LULC class anchor + synthetic prototype attributes,SYNTHETIC_PROTOTYPE
IN-LULC-28-002,Mizoram,Aizawl,23.647378,92.685798,EPSG:4326,Settlement,10,Settlement,0.1,0.75,0.2,Red Soil,5.98,173.02,14.95,1,2334.7,0,1,0,0,"POLYGON((92.68279808417132 23.64437777269713,92.68879808417132 23.64437777269713,92.68879808417132 23.65037777269713,92.68279808417132 23.65037777269713,92.68279808417132 23.64437777269713))",2026-08-01,Indian LULC class anchor + synthetic prototype attributes,SYNTHETIC_PROTOTYPE
IN-LULC-28-003,Mizoram,Aizawl,23.626982,92.787026,EPSG:4326,Water Body,1,Water Body,0.03,0.02,0.98,Alluvial,0.51,1045.68,13.87,0,6246.52,1,0,0,0,"POLYGON((92.78402635879361 23.62398236083155,92.79002635879361 23.62398236083155,92.79002635879361 23.62998236083155,92.78402635879361 23.62998236083155,92.78402635879361 23.62398236083155))",2026-08-01,Indian LULC class anchor + synthetic prototype attributes,SYNTHETIC_PROTOTYPE
IN-LULC-28-004,Mizoram,Aizawl,23.83542,92.678227,EPSG:4326,Cropland,2,Cropland,0.035,0.65,0.35,Alluvial,7.81,125.83,7.54,0,15213.13,0,0,1,0,"POLYGON((92.6752265205855 23.832419776588118,92.6812265205855 23.832419776588118,92.6812265205855 23.83841977658812,92.6752265205855 23.83841977658812,92.6752265205855 23.832419776588118))",2026-08-01,Indian LULC class anchor + synthetic prototype attributes,SYNTHETIC_PROTOTYPE
IN-LULC-28-005,Mizoram,Aizawl,23.739651,92.635185,EPSG:4326,Forest,3,Forest,0.12,0.05,0.9,Sandy Loam,8.34,1390.8,5.88,0,18098.76,0,0,0,1,"POLYGON((92.63218505925968 23.736650703936526,92.63818505925968 23.736650703936526,92.63818505925968 23.742650703936526,92.63218505925968 23.742650703936526,92.63218505925968 23.736650703936526))",2026-08-01,Indian LULC class anchor + synthetic prototype attributes,SYNTHETIC_PROTOTYPE
IN-LULC-28-006,Mizoram,Aizawl,23.588832,92.667791,EPSG:4326,Built-up,4,Built-up,0.15,0.9,0.15,Red Soil,6.53,937.77,2.36,0,3195.17,0,1,0,0,"POLYGON((92.66479101262543 23.58583163577932,92.67079101262543 23.58583163577932,92.67079101262543 23.59183163577932,92.66479101262543 23.59183163577932,92.66479101262543 23.58583163577932))",2026-08-01,Indian LULC class anchor + synthetic prototype attributes,SYNTHETIC_PROTOTYPE
IN-LULC-28-007,Mizoram,Aizawl,23.773662,92.623738,EPSG:4326,Grassland,5,Grassland,0.04,0.15,0.55,Lateritic,9.66,1599.98,15.9,1,1801.77,0,0,0,0,"POLYGON((92.62073782935785 23.77066218292853,92.62673782935785 23.77066218292853,92.62673782935785 23.77666218292853,92.62073782935785 23.77666218292853,92.62073782935785 23.77066218292853))",2026-08-01,Indian LULC class anchor + synthetic prototype attributes,SYNTHETIC_PROTOTYPE
IN-LULC-28-008,Mizoram,Aizawl,23.67235,92.82971,EPSG:4326,Barren Land,6,Barren Land,0.025,0.05,0.05,Red Soil,9.58,180.14,3.06,0,6546.38,0,0,0,0,"POLYGON((92.82671015459105 23.669349803821312,92.83271015459106 23.669349803821312,92.83271015459106 23.675349803821312,92.82671015459105 23.675349803821312,92.82671015459105 23.669349803821312))",2026-08-01,Indian LULC class anchor + synthetic prototype attributes,SYNTHETIC_PROTOTYPE
IN-LULC-28-009,Mizoram,Aizawl,23.848215,92.801961,EPSG:4326,Wetland,7,Wetland,0.06,0.2,0.8,Red Soil,3.52,1759.84,16.61,0,4464.57,0,0,0,0,"POLYGON((92.79896112439182 23.845215307053632,92.80496112439182 23.845215307053632,92.80496112439182 23.851215307053632,92.79896112439182 23.851215307053632,92.79896112439182 23.845215307053632))",2026-08-01,Indian LULC class anchor + synthetic prototype attributes,SYNTHETIC_PROTOTYPE
IN-LULC-28-010,Mizoram,Aizawl,23.797307,92.85991,EPSG:4326,Shrubland,8,Shrubland,0.07,0.1,0.65,Lateritic,6.74,591.3,11.12,0,4029.83,0,0,0,0,"POLYGON((92.85690960583868 23.794306889556378,92.86290960583868 23.794306889556378,92.86290960583868 23.800306889556378,92.85690960583868 23.800306889556378,92.85690960583868 23.794306889556378))",2026-08-01,Indian LULC class anchor + synthetic prototype attributes,SYNTHETIC_PROTOTYPE
IN-LULC-28-011,Mizoram,Aizawl,23.631723,92.605149,EPSG:4326,Road/Transport,9,Road/Transport,0.02,0.95,0.02,Sandy Loam,4.18,1276.57,13.71,0,10318.98,0,1,0,0,"POLYGON((92.60214930724027 23.628723141558584,92.60814930724027 23.628723141558584,92.60814930724027 23.634723141558585,92.60214930724027 23.634723141558585,92.60214930724027 23.628723141558584))",2026-08-01,Indian LULC class anchor + synthetic prototype attributes,SYNTHETIC_PROTOTYPE
IN-LULC-28-012,Mizoram,Aizawl,23.633804,92.676112,EPSG:4326,Settlement,10,Settlement,0.1,0.75,0.2,Red Soil,7.16,684.34,1.06,0,14343.35,0,1,0,0,"POLYGON((92.67311198176361 23.630804275224488,92.67911198176361 23.630804275224488,92.67911198176361 23.63680427522449,92.67311198176361 23.63680427522449,92.67311198176361 23.630804275224488))",2026-08-01,Indian LULC class anchor + synthetic prototype attributes,SYNTHETIC_PROTOTYPE
IN-LULC-28-013,Mizoram,Aizawl,23.655548,92.59346,EPSG:4326,Water Body,1,Water Body,0.03,0.02,0.98,Lateritic,0.45,723.42,1.06,0,4153.89,1,0,0,0,"POLYGON((92.59046038369034 23.652547954357814,92.59646038369034 23.652547954357814,92.59646038369034 23.658547954357815,92.59046038369034 23.658547954357815,92.59046038369034 23.652547954357814))",2026-08-01,Indian LULC class anchor + synthetic prototype attributes,SYNTHETIC_PROTOTYPE
IN-LULC-28-014,Mizoram,Aizawl,23.829551,92.817811,EPSG:4326,Cropland,2,Cropland,0.035,0.65,0.35,Sandy Loam,16.18,1319.79,3.8,0,12425.01,0,0,1,0,"POLYGON((92.81481105252283 23.826550898207593,92.82081105252283 23.826550898207593,92.82081105252283 23.832550898207593,92.81481105252283 23.832550898207593,92.81481105252283 23.826550898207593))",2026-08-01,Indian LULC class anchor + synthetic prototype attributes,SYNTHETIC_PROTOTYPE
IN-LULC-28-015,Mizoram,Aizawl,23.625954,92.797434,EPSG:4326,Forest,3,Forest,0.12,0.05,0.9,Sandy Loam,4.82,637.97,10.3,0,9206.73,0,0,0,1,"POLYGON((92.7944341416446 23.622954176622248,92.8004341416446 23.622954176622248,92.8004341416446 23.628954176622248,92.7944341416446 23.628954176622248,92.7944341416446 23.622954176622248))",2026-08-01,Indian LULC class anchor + synthetic prototype attributes,SYNTHETIC_PROTOTYPE
IN-LULC-28-016,Mizoram,Aizawl,23.6003,92.8692,EPSG:4326,Built-up,4,Built-up,0.15,0.9,0.15,Lateritic,3.82,475.25,6.53,0,15392.09,0,1,0,0,"POLYGON((92.86620026376964 23.59730028831438,92.87220026376964 23.59730028831438,92.87220026376964 23.60330028831438,92.86620026376964 23.60330028831438,92.86620026376964 23.59730028831438))",2026-08-01,Indian LULC class anchor + synthetic prototype attributes,SYNTHETIC_PROTOTYPE
IN-LULC-28-017,Mizoram,Aizawl,23.623693,92.656473,EPSG:4326,Grassland,5,Grassland,0.04,0.15,0.55,Black Soil,16.14,1734.05,10.52,0,15822.84,0,0,0,0,"POLYGON((92.65347333458607 23.62069344646765,92.65947333458607 23.62069344646765,92.65947333458607 23.62669344646765,92.65347333458607 23.62669344646765,92.65347333458607 23.62069344646765))",2026-08-01,Indian LULC class anchor + synthetic prototype attributes,SYNTHETIC_PROTOTYPE
IN-LULC-28-018,Mizoram,Aizawl,23.72281,92.572219,EPSG:4326,Barren Land,6,Barren Land,0.025,0.05,0.05,Lateritic,10.83,57.46,7.89,0,17791.92,0,0,0,0,"POLYGON((92.56921874693826 23.719809670306898,92.57521874693826 23.719809670306898,92.57521874693826 23.725809670306898,92.56921874693826 23.725809670306898,92.56921874693826 23.719809670306898))",2026-08-01,Indian LULC class anchor + synthetic prototype attributes,SYNTHETIC_PROTOTYPE
IN-LULC-28-019,Mizoram,Aizawl,23.799235,92.601358,EPSG:4326,Wetland,7,Wetland,0.06,0.2,0.8,Lateritic,3.9,964.47,14.8,1,1870.2,0,0,0,0,"POLYGON((92.59835809347236 23.79623519431974,92.60435809347236 23.79623519431974,92.60435809347236 23.80223519431974,92.59835809347236 23.80223519431974,92.59835809347236 23.79623519431974))",2026-08-01,Indian LULC class anchor + synthetic prototype attributes,SYNTHETIC_PROTOTYPE
IN-LULC-28-020,Mizoram,Aizawl,23.823622,92.677851,EPSG:4326,Shrubland,8,Shrubland,0.07,0.1,0.65,Alluvial,9.89,1245.67,15.56,0,4605.98,0,0,0,0,"POLYGON((92.67485092328079 23.82062165123404,92.68085092328079 23.82062165123404,92.68085092328079 23.82662165123404,92.67485092328079 23.82662165123404,92.67485092328079 23.82062165123404))",2026-08-01,Indian LULC class anchor + synthetic prototype attributes,SYNTHETIC_PROTOTYPE
IN-LULC-29-001,Tripura,Agartala,23.898815,91.397163,EPSG:4326,Settlement,10,Settlement,0.1,0.75,0.2,Red Soil,5.43,642.13,12.33,0,9288.42,0,1,0,0,"POLYGON((91.39416290251128 23.895815068625172,91.40016290251128 23.895815068625172,91.40016290251128 23.901815068625172,91.39416290251128 23.901815068625172,91.39416290251128 23.895815068625172))",2026-08-01,Indian LULC class anchor + synthetic prototype attributes,SYNTHETIC_PROTOTYPE
IN-LULC-29-002,Tripura,Agartala,23.703265,91.228314,EPSG:4326,Water Body,1,Water Body,0.03,0.02,0.98,Sandy Loam,0.57,551.27,12.91,0,18647.11,1,0,0,0,"POLYGON((91.22531367147545 23.70026512288707,91.23131367147545 23.70026512288707,91.23131367147545 23.70626512288707,91.22531367147545 23.70626512288707,91.22531367147545 23.70026512288707))",2026-08-01,Indian LULC class anchor + synthetic prototype attributes,SYNTHETIC_PROTOTYPE
IN-LULC-29-003,Tripura,Agartala,23.886209,91.429354,EPSG:4326,Cropland,2,Cropland,0.035,0.65,0.35,Lateritic,12.11,294.99,15.85,0,15717.07,0,0,1,0,"POLYGON((91.42635374604144 23.883209212363575,91.43235374604144 23.883209212363575,91.43235374604144 23.889209212363575,91.42635374604144 23.889209212363575,91.42635374604144 23.883209212363575))",2026-08-01,Indian LULC class anchor + synthetic prototype attributes,SYNTHETIC_PROTOTYPE
IN-LULC-29-004,Tripura,Agartala,23.965856,91.331851,EPSG:4326,Forest,3,Forest,0.12,0.05,0.9,Red Soil,8.21,1507.58,7.23,0,18192.98,0,0,0,1,"POLYGON((91.32885126415266 23.96285615135747,91.33485126415266 23.96285615135747,91.33485126415266 23.96885615135747,91.32885126415266 23.96885615135747,91.32885126415266 23.96285615135747))",2026-08-01,Indian LULC class anchor + synthetic prototype attributes,SYNTHETIC_PROTOTYPE
IN-LULC-29-005,Tripura,Agartala,23.831836,91.19997,EPSG:4326,Built-up,4,Built-up,0.15,0.9,0.15,Sandy Loam,8.35,731.79,3.69,1,1682.25,0,1,0,0,"POLYGON((91.19697016362053 23.828836285988576,91.20297016362053 23.828836285988576,91.20297016362053 23.834836285988576,91.19697016362053 23.834836285988576,91.19697016362053 23.828836285988576))",2026-08-01,Indian LULC class anchor + synthetic prototype attributes,SYNTHETIC_PROTOTYPE
IN-LULC-29-006,Tripura,Agartala,23.775175,91.160307,EPSG:4326,Grassland,5,Grassland,0.04,0.15,0.55,Black Soil,10.72,504.9,0.77,0,3984.91,0,0,0,0,"POLYGON((91.15730681436035 23.772175157969123,91.16330681436035 23.772175157969123,91.16330681436035 23.778175157969123,91.15730681436035 23.778175157969123,91.15730681436035 23.772175157969123))",2026-08-01,Indian LULC class anchor + synthetic prototype attributes,SYNTHETIC_PROTOTYPE
IN-LULC-29-007,Tripura,Agartala,23.718783,91.417971,EPSG:4326,Barren Land,6,Barren Land,0.025,0.05,0.05,Black Soil,6.27,172.63,3.8,1,2724.33,0,0,0,0,"POLYGON((91.41497137620668 23.71578277968763,91.42097137620668 23.71578277968763,91.42097137620668 23.72178277968763,91.41497137620668 23.72178277968763,91.41497137620668 23.71578277968763))",2026-08-01,Indian LULC class anchor + synthetic prototype attributes,SYNTHETIC_PROTOTYPE
IN-LULC-29-008,Tripura,Agartala,23.790913,91.40611,EPSG:4326,Wetland,7,Wetland,0.06,0.2,0.8,Alluvial,2.76,344.75,8.13,0,19636.61,0,0,0,0,"POLYGON((91.40311010855434 23.787913497567093,91.40911010855434 23.787913497567093,91.40911010855434 23.793913497567093,91.40311010855434 23.793913497567093,91.40311010855434 23.787913497567093))",2026-08-01,Indian LULC class anchor + synthetic prototype attributes,SYNTHETIC_PROTOTYPE
IN-LULC-29-009,Tripura,Agartala,23.720862,91.383021,EPSG:4326,Shrubland,8,Shrubland,0.07,0.1,0.65,Alluvial,12.47,512.84,11.25,0,17908.85,0,0,0,0,"POLYGON((91.38002092275542 23.717862111724983,91.38602092275542 23.717862111724983,91.38602092275542 23.723862111724983,91.38002092275542 23.723862111724983,91.38002092275542 23.717862111724983))",2026-08-01,Indian LULC class anchor + synthetic prototype attributes,SYNTHETIC_PROTOTYPE
IN-LULC-29-010,Tripura,Agartala,23.897616,91.27306,EPSG:4326,Road/Transport,9,Road/Transport,0.02,0.95,0.02,Black Soil,4.57,1748.93,6.04,0,17724.55,0,1,0,0,"POLYGON((91.27006006518846 23.894616061966126,91.27606006518846 23.894616061966126,91.27606006518846 23.900616061966126,91.27006006518846 23.900616061966126,91.27006006518846 23.894616061966126))",2026-08-01,Indian LULC class anchor + synthetic prototype attributes,SYNTHETIC_PROTOTYPE
IN-LULC-29-011,Tripura,Agartala,23.758607,91.146473,EPSG:4326,Settlement,10,Settlement,0.1,0.75,0.2,Alluvial,7.24,445.14,8.09,0,13291.26,0,1,0,0,"POLYGON((91.14347262428134 23.75560723857483,91.14947262428134 23.75560723857483,91.14947262428134 23.76160723857483,91.14347262428134 23.76160723857483,91.14347262428134 23.75560723857483))",2026-08-01,Indian LULC class anchor + synthetic prototype attributes,SYNTHETIC_PROTOTYPE
IN-LULC-29-012,Tripura,Agartala,23.786036,91.385899,EPSG:4326,Water Body,1,Water Body,0.03,0.02,0.98,Sandy Loam,0.55,321.04,8.85,0,6703.98,1,0,0,0,"POLYGON((91.38289851254808 23.78303636771715,91.38889851254808 23.78303636771715,91.38889851254808 23.78903636771715,91.38289851254808 23.78903636771715,91.38289851254808 23.78303636771715))",2026-08-01,Indian LULC class anchor + synthetic prototype attributes,SYNTHETIC_PROTOTYPE
IN-LULC-29-013,Tripura,Agartala,23.879985,91.270847,EPSG:4326,Cropland,2,Cropland,0.035,0.65,0.35,Red Soil,10.7,650.29,9.72,1,453.06,0,0,1,0,"POLYGON((91.2678469101564 23.876985078452623,91.2738469101564 23.876985078452623,91.2738469101564 23.882985078452624,91.2678469101564 23.882985078452624,91.2678469101564 23.876985078452623))",2026-08-01,Indian LULC class anchor + synthetic prototype attributes,SYNTHETIC_PROTOTYPE
IN-LULC-29-014,Tripura,Agartala,23.938024,91.411661,EPSG:4326,Forest,3,Forest,0.12,0.05,0.9,Red Soil,8.99,1599.16,5.45,0,16899.96,0,0,0,1,"POLYGON((91.4086608623298 23.93502366233208,91.4146608623298 23.93502366233208,91.4146608623298 23.94102366233208,91.4086608623298 23.94102366233208,91.4086608623298 23.93502366233208))",2026-08-01,Indian LULC class anchor + synthetic prototype attributes,SYNTHETIC_PROTOTYPE
IN-LULC-29-015,Tripura,Agartala,23.763837,91.216738,EPSG:4326,Built-up,4,Built-up,0.15,0.9,0.15,Sandy Loam,7.38,643.95,16.58,0,15461.52,0,1,0,0,"POLYGON((91.21373844282736 23.760836949373655,91.21973844282736 23.760836949373655,91.21973844282736 23.766836949373655,91.21373844282736 23.766836949373655,91.21373844282736 23.760836949373655))",2026-08-01,Indian LULC class anchor + synthetic prototype attributes,SYNTHETIC_PROTOTYPE
IN-LULC-29-016,Tripura,Agartala,23.938692,91.382933,EPSG:4326,Grassland,5,Grassland,0.04,0.15,0.55,Alluvial,19.98,1491.51,1.84,0,19147.7,0,0,0,0,"POLYGON((91.37993333868285 23.935691898827667,91.38593333868285 23.935691898827667,91.38593333868285 23.941691898827667,91.37993333868285 23.941691898827667,91.37993333868285 23.935691898827667))",2026-08-01,Indian LULC class anchor + synthetic prototype attributes,SYNTHETIC_PROTOTYPE
IN-LULC-29-017,Tripura,Agartala,23.71263,91.345306,EPSG:4326,Barren Land,6,Barren Land,0.025,0.05,0.05,Alluvial,10.05,119.36,1.06,0,18120.2,0,0,0,0,"POLYGON((91.34230571732733 23.709630479195216,91.34830571732734 23.709630479195216,91.34830571732734 23.715630479195216,91.34230571732733 23.715630479195216,91.34230571732733 23.709630479195216))",2026-08-01,Indian LULC class anchor + synthetic prototype attributes,SYNTHETIC_PROTOTYPE
IN-LULC-29-018,Tripura,Agartala,23.750091,91.271712,EPSG:4326,Wetland,7,Wetland,0.06,0.2,0.8,Alluvial,3.93,918.66,8.79,0,16729.38,0,0,0,0,"POLYGON((91.2687123604571 23.747091139646187,91.2747123604571 23.747091139646187,91.2747123604571 23.753091139646187,91.2687123604571 23.753091139646187,91.2687123604571 23.747091139646187))",2026-08-01,Indian LULC class anchor + synthetic prototype attributes,SYNTHETIC_PROTOTYPE
IN-LULC-29-019,Tripura,Agartala,23.920094,91.137826,EPSG:4326,Shrubland,8,Shrubland,0.07,0.1,0.65,Alluvial,7.87,1092.46,11.21,0,5304.03,0,0,0,0,"POLYGON((91.13482604196267 23.91709427852618,91.14082604196267 23.91709427852618,91.14082604196267 23.92309427852618,91.13482604196267 23.92309427852618,91.13482604196267 23.91709427852618))",2026-08-01,Indian LULC class anchor + synthetic prototype attributes,SYNTHETIC_PROTOTYPE
IN-LULC-29-020,Tripura,Agartala,23.905296,91.330562,EPSG:4326,Road/Transport,9,Road/Transport,0.02,0.95,0.02,Alluvial,4.57,899.29,1.5,0,11026.64,0,1,0,0,"POLYGON((91.32756203140322 23.90229624400239,91.33356203140322 23.90229624400239,91.33356203140322 23.90829624400239,91.32756203140322 23.90829624400239,91.32756203140322 23.90229624400239))",2026-08-01,Indian LULC class anchor + synthetic prototype attributes,SYNTHETIC_PROTOTYPE
IN-LULC-30-001,Meghalaya,Shillong,25.683782,91.855695,EPSG:4326,Water Body,1,Water Body,0.03,0.02,0.98,Alluvial,0.56,388.28,7.2,0,6562.08,1,0,0,0,"POLYGON((91.8526947759866 25.680782105200702,91.8586947759866 25.680782105200702,91.8586947759866 25.686782105200702,91.8526947759866 25.686782105200702,91.8526947759866 25.680782105200702))",2026-08-01,Indian LULC class anchor + synthetic prototype attributes,SYNTHETIC_PROTOTYPE
IN-LULC-30-002,Meghalaya,Shillong,25.661106,92.009557,EPSG:4326,Cropland,2,Cropland,0.035,0.65,0.35,Sandy Loam,8.43,567.44,4.22,0,8979.1,0,0,1,0,"POLYGON((92.00655686222947 25.65810572871613,92.01255686222947 25.65810572871613,92.01255686222947 25.66410572871613,92.00655686222947 25.66410572871613,92.00655686222947 25.65810572871613))",2026-08-01,Indian LULC class anchor + synthetic prototype attributes,SYNTHETIC_PROTOTYPE
IN-LULC-30-003,Meghalaya,Shillong,25.68352,91.924527,EPSG:4326,Forest,3,Forest,0.12,0.05,0.9,Black Soil,10.22,1646.71,3.35,0,8718.49,0,0,0,1,"POLYGON((91.92152708774806 25.680520281138936,91.92752708774806 25.680520281138936,91.92752708774806 25.686520281138936,91.92152708774806 25.686520281138936,91.92152708774806 25.680520281138936))",2026-08-01,Indian LULC class anchor + synthetic prototype attributes,SYNTHETIC_PROTOTYPE
IN-LULC-30-004,Meghalaya,Shillong,25.705583,91.947879,EPSG:4326,Built-up,4,Built-up,0.15,0.9,0.15,Red Soil,4.34,405.27,4.55,0,8602.41,0,1,0,0,"POLYGON((91.94487921982348 25.702583337929777,91.95087921982348 25.702583337929777,91.95087921982348 25.708583337929777,91.94487921982348 25.708583337929777,91.94487921982348 25.702583337929777))",2026-08-01,Indian LULC class anchor + synthetic prototype attributes,SYNTHETIC_PROTOTYPE
IN-LULC-30-005,Meghalaya,Shillong,25.686984,91.783375,EPSG:4326,Grassland,5,Grassland,0.04,0.15,0.55,Black Soil,19.29,60.67,5.42,0,16012.17,0,0,0,0,"POLYGON((91.78037480155191 25.683983703665007,91.78637480155191 25.683983703665007,91.78637480155191 25.689983703665007,91.78037480155191 25.689983703665007,91.78037480155191 25.683983703665007))",2026-08-01,Indian LULC class anchor + synthetic prototype attributes,SYNTHETIC_PROTOTYPE
IN-LULC-30-006,Meghalaya,Shillong,25.476734,91.984475,EPSG:4326,Barren Land,6,Barren Land,0.025,0.05,0.05,Black Soil,7.95,1717.65,12.06,0,6046.95,0,0,0,0,"POLYGON((91.98147499165694 25.473734377942183,91.98747499165694 25.473734377942183,91.98747499165694 25.479734377942183,91.98147499165694 25.479734377942183,91.98147499165694 25.473734377942183))",2026-08-01,Indian LULC class anchor + synthetic prototype attributes,SYNTHETIC_PROTOTYPE
IN-LULC-30-007,Meghalaya,Shillong,25.609028,91.866034,EPSG:4326,Wetland,7,Wetland,0.06,0.2,0.8,Lateritic,2.24,1154.57,2.14,0,18539.29,0,0,0,0,"POLYGON((91.86303369537359 25.606028206785467,91.86903369537359 25.606028206785467,91.86903369537359 25.612028206785467,91.86303369537359 25.612028206785467,91.86303369537359 25.606028206785467))",2026-08-01,Indian LULC class anchor + synthetic prototype attributes,SYNTHETIC_PROTOTYPE
IN-LULC-30-008,Meghalaya,Shillong,25.582946,92.01178,EPSG:4326,Shrubland,8,Shrubland,0.07,0.1,0.65,Red Soil,13.86,1787.64,15.52,0,7795.31,0,0,0,0,"POLYGON((92.0087796855229 25.579945612650803,92.0147796855229 25.579945612650803,92.0147796855229 25.585945612650804,92.0087796855229 25.585945612650804,92.0087796855229 25.579945612650803))",2026-08-01,Indian LULC class anchor + synthetic prototype attributes,SYNTHETIC_PROTOTYPE
IN-LULC-30-009,Meghalaya,Shillong,25.558063,92.034002,EPSG:4326,Road/Transport,9,Road/Transport,0.02,0.95,0.02,Black Soil,3.77,1517.49,10.6,1,2282.55,0,1,0,0,"POLYGON((92.03100235865465 25.55506310713779,92.03700235865465 25.55506310713779,92.03700235865465 25.56106310713779,92.03100235865465 25.56106310713779,92.03100235865465 25.55506310713779))",2026-08-01,Indian LULC class anchor + synthetic prototype attributes,SYNTHETIC_PROTOTYPE
IN-LULC-30-010,Meghalaya,Shillong,25.479295,91.786496,EPSG:4326,Settlement,10,Settlement,0.1,0.75,0.2,Sandy Loam,4.76,600.59,7.3,0,8542.25,0,1,0,0,"POLYGON((91.78349614996672 25.476295401774614,91.78949614996672 25.476295401774614,91.78949614996672 25.482295401774614,91.78349614996672 25.482295401774614,91.78349614996672 25.476295401774614))",2026-08-01,Indian LULC class anchor + synthetic prototype attributes,SYNTHETIC_PROTOTYPE
IN-LULC-30-011,Meghalaya,Shillong,25.57815,91.922217,EPSG:4326,Water Body,1,Water Body,0.03,0.02,0.98,Lateritic,0.49,937.6,7.52,0,12086.6,1,0,0,0,"POLYGON((91.91921726398702 25.575149929087317,91.92521726398702 25.575149929087317,91.92521726398702 25.581149929087317,91.91921726398702 25.581149929087317,91.91921726398702 25.575149929087317))",2026-08-01,Indian LULC class anchor + synthetic prototype attributes,SYNTHETIC_PROTOTYPE
IN-LULC-30-012,Meghalaya,Shillong,25.440629,91.88718,EPSG:4326,Cropland,2,Cropland,0.035,0.65,0.35,Alluvial,13.71,618.19,4.64,0,19064.71,0,0,1,0,"POLYGON((91.88417987529391 25.437628778671417,91.89017987529391 25.437628778671417,91.89017987529391 25.443628778671417,91.88417987529391 25.443628778671417,91.88417987529391 25.437628778671417))",2026-08-01,Indian LULC class anchor + synthetic prototype attributes,SYNTHETIC_PROTOTYPE
IN-LULC-30-013,Meghalaya,Shillong,25.487851,91.929302,EPSG:4326,Forest,3,Forest,0.12,0.05,0.9,Lateritic,5.1,948.45,9.23,0,3520.57,0,0,0,1,"POLYGON((91.92630192851529 25.484851190289962,91.93230192851529 25.484851190289962,91.93230192851529 25.490851190289963,91.92630192851529 25.490851190289963,91.92630192851529 25.484851190289962))",2026-08-01,Indian LULC class anchor + synthetic prototype attributes,SYNTHETIC_PROTOTYPE
IN-LULC-30-014,Meghalaya,Shillong,25.590815,92.036489,EPSG:4326,Built-up,4,Built-up,0.15,0.9,0.15,Lateritic,4.81,889.75,5.9,0,11968.58,0,1,0,0,"POLYGON((92.03348853308185 25.587814504217278,92.03948853308185 25.587814504217278,92.03948853308185 25.593814504217278,92.03348853308185 25.593814504217278,92.03348853308185 25.587814504217278))",2026-08-01,Indian LULC class anchor + synthetic prototype attributes,SYNTHETIC_PROTOTYPE
IN-LULC-30-015,Meghalaya,Shillong,25.600626,91.945822,EPSG:4326,Grassland,5,Grassland,0.04,0.15,0.55,Alluvial,10.01,1335.66,11.42,0,10385.01,0,0,0,0,"POLYGON((91.94282236870488 25.59762606286113,91.94882236870488 25.59762606286113,91.94882236870488 25.60362606286113,91.94282236870488 25.60362606286113,91.94282236870488 25.59762606286113))",2026-08-01,Indian LULC class anchor + synthetic prototype attributes,SYNTHETIC_PROTOTYPE
IN-LULC-30-016,Meghalaya,Shillong,25.501258,91.826255,EPSG:4326,Barren Land,6,Barren Land,0.025,0.05,0.05,Lateritic,8.22,498.39,3.02,1,1100.31,0,0,0,0,"POLYGON((91.82325455896098 25.498258147760787,91.82925455896098 25.498258147760787,91.82925455896098 25.504258147760787,91.82325455896098 25.504258147760787,91.82325455896098 25.498258147760787))",2026-08-01,Indian LULC class anchor + synthetic prototype attributes,SYNTHETIC_PROTOTYPE
IN-LULC-30-017,Meghalaya,Shillong,25.633191,91.977639,EPSG:4326,Wetland,7,Wetland,0.06,0.2,0.8,Red Soil,4.2,1265.06,13.33,0,11897.16,0,0,0,0,"POLYGON((91.97463941044691 25.630191271237422,91.98063941044691 25.630191271237422,91.98063941044691 25.636191271237422,91.97463941044691 25.636191271237422,91.97463941044691 25.630191271237422))",2026-08-01,Indian LULC class anchor + synthetic prototype attributes,SYNTHETIC_PROTOTYPE
IN-LULC-30-018,Meghalaya,Shillong,25.694971,91.936513,EPSG:4326,Shrubland,8,Shrubland,0.07,0.1,0.65,Red Soil,6.8,50.27,1.28,0,13862.08,0,0,0,0,"POLYGON((91.9335128317446 25.691970714285095,91.9395128317446 25.691970714285095,91.9395128317446 25.697970714285095,91.9335128317446 25.697970714285095,91.9335128317446 25.691970714285095))",2026-08-01,Indian LULC class anchor + synthetic prototype attributes,SYNTHETIC_PROTOTYPE
IN-LULC-30-019,Meghalaya,Shillong,25.488328,91.965156,EPSG:4326,Road/Transport,9,Road/Transport,0.02,0.95,0.02,Lateritic,2.7,1012.89,2.37,0,5937.55,0,1,0,0,"POLYGON((91.96215572240384 25.48532799416182,91.96815572240384 25.48532799416182,91.96815572240384 25.49132799416182,91.96215572240384 25.49132799416182,91.96215572240384 25.48532799416182))",2026-08-01,Indian LULC class anchor + synthetic prototype attributes,SYNTHETIC_PROTOTYPE
IN-LULC-30-020,Meghalaya,Shillong,25.667237,92.023075,EPSG:4326,Settlement,10,Settlement,0.1,0.75,0.2,Black Soil,7.78,1781.38,17.41,0,12339.04,0,1,0,0,"POLYGON((92.02007492643692 25.664236552047736,92.02607492643692 25.664236552047736,92.02607492643692 25.670236552047736,92.02007492643692 25.670236552047736,92.02007492643692 25.664236552047736))",2026-08-01,Indian LULC class anchor + synthetic prototype attributes,SYNTHETIC_PROTOTYPE
IN-LULC-31-001,Maharashtra,Nashik,19.885972,73.818033,EPSG:4326,Cropland,2,Cropland,0.035,0.65,0.35,Lateritic,14.98,838.34,17.17,0,18975.68,0,0,1,0,"POLYGON((73.81503347926585 19.88297230998824,73.82103347926585 19.88297230998824,73.82103347926585 19.88897230998824,73.81503347926585 19.88897230998824,73.81503347926585 19.88297230998824))",2026-08-01,Indian LULC class anchor + synthetic prototype attributes,SYNTHETIC_PROTOTYPE
IN-LULC-31-002,Maharashtra,Nashik,19.922892,73.836568,EPSG:4326,Forest,3,Forest,0.12,0.05,0.9,Lateritic,11.13,1604.74,8.66,0,14980.08,0,0,0,1,"POLYGON((73.83356777499101 19.919892488805896,73.83956777499101 19.919892488805896,73.83956777499101 19.925892488805896,73.83356777499101 19.925892488805896,73.83356777499101 19.919892488805896))",2026-08-01,Indian LULC class anchor + synthetic prototype attributes,SYNTHETIC_PROTOTYPE
IN-LULC-31-003,Maharashtra,Nashik,19.917644,73.640206,EPSG:4326,Built-up,4,Built-up,0.15,0.9,0.15,Lateritic,6.23,859.89,5.2,0,15533.55,0,1,0,0,"POLYGON((73.63720625123337 19.914644387792052,73.64320625123337 19.914644387792052,73.64320625123337 19.920644387792052,73.63720625123337 19.920644387792052,73.63720625123337 19.914644387792052))",2026-08-01,Indian LULC class anchor + synthetic prototype attributes,SYNTHETIC_PROTOTYPE
IN-LULC-31-004,Maharashtra,Nashik,19.9529,73.899756,EPSG:4326,Grassland,5,Grassland,0.04,0.15,0.55,Alluvial,18.57,1791.44,3.16,0,14352.96,0,0,0,0,"POLYGON((73.89675644344567 19.949899647195007,73.90275644344567 19.949899647195007,73.90275644344567 19.955899647195007,73.89675644344567 19.955899647195007,73.89675644344567 19.949899647195007))",2026-08-01,Indian LULC class anchor + synthetic prototype attributes,SYNTHETIC_PROTOTYPE
IN-LULC-31-005,Maharashtra,Nashik,19.959036,73.816634,EPSG:4326,Barren Land,6,Barren Land,0.025,0.05,0.05,Lateritic,5.08,1102.97,13.14,0,17953.14,0,0,0,0,"POLYGON((73.813633796996 19.9560356996995,73.819633796996 19.9560356996995,73.819633796996 19.9620356996995,73.813633796996 19.9620356996995,73.813633796996 19.9560356996995))",2026-08-01,Indian LULC class anchor + synthetic prototype attributes,SYNTHETIC_PROTOTYPE
IN-LULC-31-006,Maharashtra,Nashik,20.074237,73.884132,EPSG:4326,Wetland,7,Wetland,0.06,0.2,0.8,Lateritic,2.39,35.05,5.8,0,3009.02,0,0,0,0,"POLYGON((73.88113233199961 20.071236758460522,73.88713233199961 20.071236758460522,73.88713233199961 20.077236758460522,73.88113233199961 20.077236758460522,73.88113233199961 20.071236758460522))",2026-08-01,Indian LULC class anchor + synthetic prototype attributes,SYNTHETIC_PROTOTYPE
IN-LULC-31-007,Maharashtra,Nashik,20.123405,73.855474,EPSG:4326,Shrubland,8,Shrubland,0.07,0.1,0.65,Sandy Loam,11.41,1636.41,14.09,0,9320.28,0,0,0,0,"POLYGON((73.85247419752791 20.120405080745844,73.85847419752791 20.120405080745844,73.85847419752791 20.126405080745844,73.85247419752791 20.126405080745844,73.85247419752791 20.120405080745844))",2026-08-01,Indian LULC class anchor + synthetic prototype attributes,SYNTHETIC_PROTOTYPE
IN-LULC-31-008,Maharashtra,Nashik,19.925106,73.686274,EPSG:4326,Road/Transport,9,Road/Transport,0.02,0.95,0.02,Black Soil,4.19,888.67,10.57,0,3024.35,0,1,0,0,"POLYGON((73.68327353215275 19.92210645261865,73.68927353215275 19.92210645261865,73.68927353215275 19.92810645261865,73.68327353215275 19.92810645261865,73.68327353215275 19.92210645261865))",2026-08-01,Indian LULC class anchor + synthetic prototype attributes,SYNTHETIC_PROTOTYPE
IN-LULC-31-009,Maharashtra,Nashik,20.064288,73.657109,EPSG:4326,Settlement,10,Settlement,0.1,0.75,0.2,Red Soil,7.34,1085.83,4.91,0,16410.31,0,1,0,0,"POLYGON((73.65410860388009 20.06128826014863,73.66010860388009 20.06128826014863,73.66010860388009 20.06728826014863,73.65410860388009 20.06728826014863,73.65410860388009 20.06128826014863))",2026-08-01,Indian LULC class anchor + synthetic prototype attributes,SYNTHETIC_PROTOTYPE
IN-LULC-31-010,Maharashtra,Nashik,19.936043,73.858902,EPSG:4326,Water Body,1,Water Body,0.03,0.02,0.98,Sandy Loam,0.48,1381.97,10.29,0,4221.06,1,0,0,0,"POLYGON((73.85590212672992 19.933042605989655,73.86190212672992 19.933042605989655,73.86190212672992 19.939042605989655,73.85590212672992 19.939042605989655,73.85590212672992 19.933042605989655))",2026-08-01,Indian LULC class anchor + synthetic prototype attributes,SYNTHETIC_PROTOTYPE
IN-LULC-31-011,Maharashtra,Nashik,19.913515,73.649633,EPSG:4326,Cropland,2,Cropland,0.035,0.65,0.35,Black Soil,11.52,518.85,2.89,0,18678.68,0,0,1,0,"POLYGON((73.64663320094988 19.91051506716123,73.65263320094988 19.91051506716123,73.65263320094988 19.91651506716123,73.64663320094988 19.91651506716123,73.64663320094988 19.91051506716123))",2026-08-01,Indian LULC class anchor + synthetic prototype attributes,SYNTHETIC_PROTOTYPE
IN-LULC-31-012,Maharashtra,Nashik,19.942013,73.886789,EPSG:4326,Forest,3,Forest,0.12,0.05,0.9,Black Soil,6.3,974.2,5.67,0,17608.72,0,0,0,1,"POLYGON((73.88378897277 19.939012930899235,73.88978897277 19.939012930899235,73.88978897277 19.945012930899235,73.88378897277 19.945012930899235,73.88378897277 19.939012930899235))",2026-08-01,Indian LULC class anchor + synthetic prototype attributes,SYNTHETIC_PROTOTYPE
IN-LULC-31-013,Maharashtra,Nashik,19.893628,73.88006,EPSG:4326,Built-up,4,Built-up,0.15,0.9,0.15,Lateritic,6.24,442.35,6.57,0,9888.28,0,1,0,0,"POLYGON((73.87706031216246 19.890628319991244,73.88306031216246 19.890628319991244,73.88306031216246 19.896628319991244,73.87706031216246 19.896628319991244,73.87706031216246 19.890628319991244))",2026-08-01,Indian LULC class anchor + synthetic prototype attributes,SYNTHETIC_PROTOTYPE
IN-LULC-31-014,Maharashtra,Nashik,19.890819,73.762961,EPSG:4326,Grassland,5,Grassland,0.04,0.15,0.55,Alluvial,13.02,1112.88,15.95,0,17693.91,0,0,0,0,"POLYGON((73.75996119525425 19.887818663127486,73.76596119525425 19.887818663127486,73.76596119525425 19.893818663127487,73.75996119525425 19.893818663127487,73.75996119525425 19.887818663127486))",2026-08-01,Indian LULC class anchor + synthetic prototype attributes,SYNTHETIC_PROTOTYPE
IN-LULC-31-015,Maharashtra,Nashik,19.910028,73.745896,EPSG:4326,Barren Land,6,Barren Land,0.025,0.05,0.05,Lateritic,7.82,1456.41,4.12,1,2001.32,0,0,0,0,"POLYGON((73.74289575880547 19.907027948325805,73.74889575880547 19.907027948325805,73.74889575880547 19.913027948325805,73.74289575880547 19.913027948325805,73.74289575880547 19.907027948325805))",2026-08-01,Indian LULC class anchor + synthetic prototype attributes,SYNTHETIC_PROTOTYPE
IN-LULC-31-016,Maharashtra,Nashik,20.021915,73.677997,EPSG:4326,Wetland,7,Wetland,0.06,0.2,0.8,Lateritic,2.72,1015.9,4.77,0,7307.26,0,0,0,0,"POLYGON((73.67499668461268 20.018915448020877,73.68099668461268 20.018915448020877,73.68099668461268 20.024915448020877,73.67499668461268 20.024915448020877,73.67499668461268 20.018915448020877))",2026-08-01,Indian LULC class anchor + synthetic prototype attributes,SYNTHETIC_PROTOTYPE
IN-LULC-31-017,Maharashtra,Nashik,19.984105,73.799181,EPSG:4326,Shrubland,8,Shrubland,0.07,0.1,0.65,Lateritic,10.27,998.62,12.46,0,5713.76,0,0,0,0,"POLYGON((73.7961813257353 19.981105114528763,73.8021813257353 19.981105114528763,73.8021813257353 19.987105114528763,73.7961813257353 19.987105114528763,73.7961813257353 19.981105114528763))",2026-08-01,Indian LULC class anchor + synthetic prototype attributes,SYNTHETIC_PROTOTYPE
IN-LULC-31-018,Maharashtra,Nashik,19.938322,73.751404,EPSG:4326,Road/Transport,9,Road/Transport,0.02,0.95,0.02,Alluvial,3.53,1034.9,14.99,0,7726.29,0,1,0,0,"POLYGON((73.74840393438606 19.93532211373645,73.75440393438606 19.93532211373645,73.75440393438606 19.94132211373645,73.74840393438606 19.94132211373645,73.74840393438606 19.93532211373645))",2026-08-01,Indian LULC class anchor + synthetic prototype attributes,SYNTHETIC_PROTOTYPE
IN-LULC-31-019,Maharashtra,Nashik,20.129921,73.932777,EPSG:4326,Settlement,10,Settlement,0.1,0.75,0.2,Lateritic,9.43,1119.48,5.84,0,4842.67,0,1,0,0,"POLYGON((73.92977653710686 20.126920854167878,73.93577653710686 20.126920854167878,73.93577653710686 20.132920854167878,73.92977653710686 20.132920854167878,73.92977653710686 20.126920854167878))",2026-08-01,Indian LULC class anchor + synthetic prototype attributes,SYNTHETIC_PROTOTYPE
IN-LULC-31-020,Maharashtra,Nashik,20.108039,73.742565,EPSG:4326,Water Body,1,Water Body,0.03,0.02,0.98,Sandy Loam,0.51,1051.55,15.06,0,3735.03,1,0,0,0,"POLYGON((73.73956467211154 20.105038503531112,73.74556467211154 20.105038503531112,73.74556467211154 20.111038503531113,73.73956467211154 20.111038503531113,73.73956467211154 20.105038503531112))",2026-08-01,Indian LULC class anchor + synthetic prototype attributes,SYNTHETIC_PROTOTYPE
IN-LULC-32-001,Karnataka,Mysuru,12.248295,76.765548,EPSG:4326,Forest,3,Forest,0.12,0.05,0.9,Alluvial,5.39,581.61,15.66,0,12165.93,0,0,0,1,"POLYGON((76.76254771224369 12.24529539756608,76.76854771224369 12.24529539756608,76.76854771224369 12.25129539756608,76.76254771224369 12.25129539756608,76.76254771224369 12.24529539756608))",2026-08-01,Indian LULC class anchor + synthetic prototype attributes,SYNTHETIC_PROTOTYPE
IN-LULC-32-002,Karnataka,Mysuru,12.35034,76.505565,EPSG:4326,Built-up,4,Built-up,0.15,0.9,0.15,Sandy Loam,7.9,658.38,16.79,0,15123.67,0,1,0,0,"POLYGON((76.5025647398758 12.347340286399467,76.5085647398758 12.347340286399467,76.5085647398758 12.353340286399467,76.5025647398758 12.353340286399467,76.5025647398758 12.347340286399467))",2026-08-01,Indian LULC class anchor + synthetic prototype attributes,SYNTHETIC_PROTOTYPE
IN-LULC-32-003,Karnataka,Mysuru,12.21522,76.612935,EPSG:4326,Grassland,5,Grassland,0.04,0.15,0.55,Lateritic,18.31,646.05,3.38,0,17453.68,0,0,0,0,"POLYGON((76.60993509079638 12.212219567286175,76.61593509079638 12.212219567286175,76.61593509079638 12.218219567286175,76.60993509079638 12.218219567286175,76.60993509079638 12.212219567286175))",2026-08-01,Indian LULC class anchor + synthetic prototype attributes,SYNTHETIC_PROTOTYPE
IN-LULC-32-004,Karnataka,Mysuru,12.381388,76.756822,EPSG:4326,Barren Land,6,Barren Land,0.025,0.05,0.05,Alluvial,7.08,21.0,4.75,0,14722.73,0,0,0,0,"POLYGON((76.75382222065028 12.378387618225668,76.75982222065028 12.378387618225668,76.75982222065028 12.384387618225668,76.75382222065028 12.384387618225668,76.75382222065028 12.378387618225668))",2026-08-01,Indian LULC class anchor + synthetic prototype attributes,SYNTHETIC_PROTOTYPE
IN-LULC-32-005,Karnataka,Mysuru,12.20555,76.646576,EPSG:4326,Wetland,7,Wetland,0.06,0.2,0.8,Alluvial,2.57,455.65,3.04,0,14896.93,0,0,0,0,"POLYGON((76.64357593235182 12.202550025955604,76.64957593235182 12.202550025955604,76.64957593235182 12.208550025955605,76.64357593235182 12.208550025955605,76.64357593235182 12.202550025955604))",2026-08-01,Indian LULC class anchor + synthetic prototype attributes,SYNTHETIC_PROTOTYPE
IN-LULC-32-006,Karnataka,Mysuru,12.157567,76.632824,EPSG:4326,Shrubland,8,Shrubland,0.07,0.1,0.65,Sandy Loam,13.85,90.24,10.34,0,4462.46,0,0,0,0,"POLYGON((76.62982402724572 12.154566856558297,76.63582402724572 12.154566856558297,76.63582402724572 12.160566856558297,76.62982402724572 12.160566856558297,76.62982402724572 12.154566856558297))",2026-08-01,Indian LULC class anchor + synthetic prototype attributes,SYNTHETIC_PROTOTYPE
IN-LULC-32-007,Karnataka,Mysuru,12.335617,76.65205,EPSG:4326,Road/Transport,9,Road/Transport,0.02,0.95,0.02,Black Soil,3.61,808.08,8.58,1,2780.7,0,1,0,0,"POLYGON((76.64904988596889 12.332617146638354,76.6550498859689 12.332617146638354,76.6550498859689 12.338617146638354,76.64904988596889 12.338617146638354,76.64904988596889 12.332617146638354))",2026-08-01,Indian LULC class anchor + synthetic prototype attributes,SYNTHETIC_PROTOTYPE
IN-LULC-32-008,Karnataka,Mysuru,12.426897,76.575827,EPSG:4326,Settlement,10,Settlement,0.1,0.75,0.2,Black Soil,7.98,515.99,17.23,0,11240.04,0,1,0,0,"POLYGON((76.57282671308828 12.423897144956053,76.57882671308828 12.423897144956053,76.57882671308828 12.429897144956053,76.57282671308828 12.429897144956053,76.57282671308828 12.423897144956053))",2026-08-01,Indian LULC class anchor + synthetic prototype attributes,SYNTHETIC_PROTOTYPE
IN-LULC-32-009,Karnataka,Mysuru,12.235484,76.690085,EPSG:4326,Water Body,1,Water Body,0.03,0.02,0.98,Lateritic,0.56,509.82,6.64,0,10743.53,1,0,0,0,"POLYGON((76.68708469175094 12.232483616850367,76.69308469175094 12.232483616850367,76.69308469175094 12.238483616850367,76.68708469175094 12.238483616850367,76.68708469175094 12.232483616850367))",2026-08-01,Indian LULC class anchor + synthetic prototype attributes,SYNTHETIC_PROTOTYPE
IN-LULC-32-010,Karnataka,Mysuru,12.436962,76.738618,EPSG:4326,Cropland,2,Cropland,0.035,0.65,0.35,Black Soil,14.92,1146.39,5.44,0,9390.24,0,0,1,0,"POLYGON((76.73561764511163 12.433962435875484,76.74161764511163 12.433962435875484,76.74161764511163 12.439962435875485,76.73561764511163 12.439962435875485,76.73561764511163 12.433962435875484))",2026-08-01,Indian LULC class anchor + synthetic prototype attributes,SYNTHETIC_PROTOTYPE
IN-LULC-32-011,Karnataka,Mysuru,12.176513,76.620051,EPSG:4326,Forest,3,Forest,0.12,0.05,0.9,Red Soil,8.07,1358.66,8.54,0,15358.69,0,0,0,1,"POLYGON((76.61705079084598 12.17351326757036,76.62305079084598 12.17351326757036,76.62305079084598 12.17951326757036,76.61705079084598 12.17951326757036,76.61705079084598 12.17351326757036))",2026-08-01,Indian LULC class anchor + synthetic prototype attributes,SYNTHETIC_PROTOTYPE
IN-LULC-32-012,Karnataka,Mysuru,12.374354,76.719855,EPSG:4326,Built-up,4,Built-up,0.15,0.9,0.15,Black Soil,8.13,1494.52,4.19,0,17228.08,0,1,0,0,"POLYGON((76.71685490687973 12.371354164886494,76.72285490687973 12.371354164886494,76.72285490687973 12.377354164886494,76.71685490687973 12.377354164886494,76.71685490687973 12.371354164886494))",2026-08-01,Indian LULC class anchor + synthetic prototype attributes,SYNTHETIC_PROTOTYPE
IN-LULC-32-013,Karnataka,Mysuru,12.202116,76.797333,EPSG:4326,Grassland,5,Grassland,0.04,0.15,0.55,Black Soil,13.41,524.87,16.58,0,3447.41,0,0,0,0,"POLYGON((76.79433274302865 12.199116161774356,76.80033274302865 12.199116161774356,76.80033274302865 12.205116161774356,76.79433274302865 12.205116161774356,76.79433274302865 12.199116161774356))",2026-08-01,Indian LULC class anchor + synthetic prototype attributes,SYNTHETIC_PROTOTYPE
IN-LULC-32-014,Karnataka,Mysuru,12.162777,76.75978,EPSG:4326,Barren Land,6,Barren Land,0.025,0.05,0.05,Alluvial,7.39,1577.65,16.88,1,2047.62,0,0,0,0,"POLYGON((76.75678035400861 12.15977657279122,76.76278035400861 12.15977657279122,76.76278035400861 12.16577657279122,76.75678035400861 12.16577657279122,76.75678035400861 12.15977657279122))",2026-08-01,Indian LULC class anchor + synthetic prototype attributes,SYNTHETIC_PROTOTYPE
IN-LULC-32-015,Karnataka,Mysuru,12.252005,76.61163,EPSG:4326,Wetland,7,Wetland,0.06,0.2,0.8,Sandy Loam,4.06,301.96,4.66,0,7762.34,0,0,0,0,"POLYGON((76.60863019044959 12.249005266528275,76.61463019044959 12.249005266528275,76.61463019044959 12.255005266528276,76.60863019044959 12.255005266528276,76.60863019044959 12.249005266528275))",2026-08-01,Indian LULC class anchor + synthetic prototype attributes,SYNTHETIC_PROTOTYPE
IN-LULC-32-016,Karnataka,Mysuru,12.416183,76.727967,EPSG:4326,Shrubland,8,Shrubland,0.07,0.1,0.65,Black Soil,7.24,1329.6,13.97,0,13163.46,0,0,0,0,"POLYGON((76.72496683090303 12.413183375853489,76.73096683090303 12.413183375853489,76.73096683090303 12.419183375853489,76.72496683090303 12.419183375853489,76.72496683090303 12.413183375853489))",2026-08-01,Indian LULC class anchor + synthetic prototype attributes,SYNTHETIC_PROTOTYPE
IN-LULC-32-017,Karnataka,Mysuru,12.422254,76.652308,EPSG:4326,Road/Transport,9,Road/Transport,0.02,0.95,0.02,Sandy Loam,2.75,325.56,16.67,0,5030.98,0,1,0,0,"POLYGON((76.64930774966811 12.419254288947913,76.65530774966811 12.419254288947913,76.65530774966811 12.425254288947913,76.64930774966811 12.425254288947913,76.64930774966811 12.419254288947913))",2026-08-01,Indian LULC class anchor + synthetic prototype attributes,SYNTHETIC_PROTOTYPE
IN-LULC-32-018,Karnataka,Mysuru,12.296132,76.593814,EPSG:4326,Settlement,10,Settlement,0.1,0.75,0.2,Lateritic,7.72,1131.46,8.01,0,17679.24,0,1,0,0,"POLYGON((76.59081394924927 12.293131583956702,76.59681394924927 12.293131583956702,76.59681394924927 12.299131583956703,76.59081394924927 12.299131583956703,76.59081394924927 12.293131583956702))",2026-08-01,Indian LULC class anchor + synthetic prototype attributes,SYNTHETIC_PROTOTYPE
IN-LULC-32-019,Karnataka,Mysuru,12.414294,76.765848,EPSG:4326,Water Body,1,Water Body,0.03,0.02,0.98,Red Soil,0.68,812.17,15.74,0,5467.9,1,0,0,0,"POLYGON((76.76284799665129 12.411294086812163,76.76884799665129 12.411294086812163,76.76884799665129 12.417294086812163,76.76284799665129 12.417294086812163,76.76284799665129 12.411294086812163))",2026-08-01,Indian LULC class anchor + synthetic prototype attributes,SYNTHETIC_PROTOTYPE
IN-LULC-32-020,Karnataka,Mysuru,12.234105,76.609889,EPSG:4326,Cropland,2,Cropland,0.035,0.65,0.35,Red Soil,12.06,1645.93,1.73,0,4031.14,0,0,1,0,"POLYGON((76.60688874598962 12.231105338947039,76.61288874598962 12.231105338947039,76.61288874598962 12.237105338947039,76.60688874598962 12.237105338947039,76.60688874598962 12.231105338947039))",2026-08-01,Indian LULC class anchor + synthetic prototype attributes,SYNTHETIC_PROTOTYPE
IN-LULC-33-001,Tamil Nadu,Salem,11.784408,77.879735,EPSG:4326,Built-up,4,Built-up,0.15,0.9,0.15,Lateritic,4.03,322.04,6.32,0,15914.53,0,1,0,0,"POLYGON((77.87673497680329 11.781407767919,77.88273497680329 11.781407767919,77.88273497680329 11.787407767919,77.87673497680329 11.787407767919,77.87673497680329 11.781407767919))",2026-08-01,Indian LULC class anchor + synthetic prototype attributes,SYNTHETIC_PROTOTYPE
IN-LULC-33-002,Tamil Nadu,Salem,11.869453,77.739429,EPSG:4326,Grassland,5,Grassland,0.04,0.15,0.55,Red Soil,9.19,1352.98,7.7,0,13213.99,0,0,0,0,"POLYGON((77.73642880382546 11.86645301209011,77.74242880382546 11.86645301209011,77.74242880382546 11.87245301209011,77.73642880382546 11.87245301209011,77.73642880382546 11.86645301209011))",2026-08-01,Indian LULC class anchor + synthetic prototype attributes,SYNTHETIC_PROTOTYPE
IN-LULC-33-003,Tamil Nadu,Salem,11.791392,77.787534,EPSG:4326,Barren Land,6,Barren Land,0.025,0.05,0.05,Red Soil,10.8,1025.11,15.03,0,13934.43,0,0,0,0,"POLYGON((77.78453391889019 11.788391873419132,77.79053391889019 11.788391873419132,77.79053391889019 11.794391873419132,77.78453391889019 11.794391873419132,77.78453391889019 11.788391873419132))",2026-08-01,Indian LULC class anchor + synthetic prototype attributes,SYNTHETIC_PROTOTYPE
IN-LULC-33-004,Tamil Nadu,Salem,11.908448,77.83078,EPSG:4326,Wetland,7,Wetland,0.06,0.2,0.8,Black Soil,2.28,1119.01,12.36,0,12423.58,0,0,0,0,"POLYGON((77.82777956299311 11.90544813167338,77.83377956299312 11.90544813167338,77.83377956299312 11.91144813167338,77.82777956299311 11.91144813167338,77.82777956299311 11.90544813167338))",2026-08-01,Indian LULC class anchor + synthetic prototype attributes,SYNTHETIC_PROTOTYPE
IN-LULC-33-005,Tamil Nadu,Salem,11.911389,77.799821,EPSG:4326,Shrubland,8,Shrubland,0.07,0.1,0.65,Black Soil,9.76,195.25,1.53,0,6525.15,0,0,0,0,"POLYGON((77.79682134817915 11.908388915642687,77.80282134817915 11.908388915642687,77.80282134817915 11.914388915642688,77.79682134817915 11.914388915642688,77.79682134817915 11.908388915642687))",2026-08-01,Indian LULC class anchor + synthetic prototype attributes,SYNTHETIC_PROTOTYPE
IN-LULC-33-006,Tamil Nadu,Salem,11.67464,77.893985,EPSG:4326,Road/Transport,9,Road/Transport,0.02,0.95,0.02,Red Soil,4.49,1122.88,6.4,0,8938.56,0,1,0,0,"POLYGON((77.89098482114322 11.671639944495155,77.89698482114322 11.671639944495155,77.89698482114322 11.677639944495155,77.89098482114322 11.677639944495155,77.89098482114322 11.671639944495155))",2026-08-01,Indian LULC class anchor + synthetic prototype attributes,SYNTHETIC_PROTOTYPE
IN-LULC-33-007,Tamil Nadu,Salem,11.700295,77.742137,EPSG:4326,Settlement,10,Settlement,0.1,0.75,0.2,Red Soil,7.06,1379.47,3.4,0,3424.83,0,1,0,0,"POLYGON((77.73913665827001 11.697295057788374,77.74513665827001 11.697295057788374,77.74513665827001 11.703295057788374,77.73913665827001 11.703295057788374,77.73913665827001 11.697295057788374))",2026-08-01,Indian LULC class anchor + synthetic prototype attributes,SYNTHETIC_PROTOTYPE
IN-LULC-33-008,Tamil Nadu,Salem,11.877144,77.710285,EPSG:4326,Water Body,1,Water Body,0.03,0.02,0.98,Sandy Loam,0.35,461.97,7.2,0,3029.78,1,0,0,0,"POLYGON((77.70728506529494 11.874144065483895,77.71328506529494 11.874144065483895,77.71328506529494 11.880144065483895,77.70728506529494 11.880144065483895,77.70728506529494 11.874144065483895))",2026-08-01,Indian LULC class anchor + synthetic prototype attributes,SYNTHETIC_PROTOTYPE
IN-LULC-33-009,Tamil Nadu,Salem,11.90709,77.790168,EPSG:4326,Cropland,2,Cropland,0.035,0.65,0.35,Alluvial,8.05,1110.1,11.23,1,2347.93,0,0,1,0,"POLYGON((77.78716774116626 11.904090171379476,77.79316774116626 11.904090171379476,77.79316774116626 11.910090171379476,77.78716774116626 11.910090171379476,77.78716774116626 11.904090171379476))",2026-08-01,Indian LULC class anchor + synthetic prototype attributes,SYNTHETIC_PROTOTYPE
IN-LULC-33-010,Tamil Nadu,Salem,11.748561,77.713413,EPSG:4326,Forest,3,Forest,0.12,0.05,0.9,Alluvial,10.03,1534.95,0.12,0,14490.37,0,0,0,1,"POLYGON((77.71041329793243 11.745560623730825,77.71641329793243 11.745560623730825,77.71641329793243 11.751560623730825,77.71041329793243 11.751560623730825,77.71041329793243 11.745560623730825))",2026-08-01,Indian LULC class anchor + synthetic prototype attributes,SYNTHETIC_PROTOTYPE
IN-LULC-33-011,Tamil Nadu,Salem,11.736616,77.929813,EPSG:4326,Built-up,4,Built-up,0.15,0.9,0.15,Alluvial,6.31,1247.46,16.85,0,18108.33,0,1,0,0,"POLYGON((77.92681313444021 11.73361562350639,77.93281313444021 11.73361562350639,77.93281313444021 11.73961562350639,77.92681313444021 11.73961562350639,77.92681313444021 11.73361562350639))",2026-08-01,Indian LULC class anchor + synthetic prototype attributes,SYNTHETIC_PROTOTYPE
IN-LULC-33-012,Tamil Nadu,Salem,11.892116,77.905322,EPSG:4326,Grassland,5,Grassland,0.04,0.15,0.55,Lateritic,20.17,618.41,4.09,0,4130.65,0,0,0,0,"POLYGON((77.90232236600417 11.889115924344237,77.90832236600417 11.889115924344237,77.90832236600417 11.895115924344237,77.90232236600417 11.895115924344237,77.90232236600417 11.889115924344237))",2026-08-01,Indian LULC class anchor + synthetic prototype attributes,SYNTHETIC_PROTOTYPE
IN-LULC-33-013,Tamil Nadu,Salem,11.848809,77.757327,EPSG:4326,Barren Land,6,Barren Land,0.025,0.05,0.05,Sandy Loam,10.5,1099.88,14.13,0,15157.81,0,0,0,0,"POLYGON((77.75432713714643 11.845809214320845,77.76032713714643 11.845809214320845,77.76032713714643 11.851809214320845,77.75432713714643 11.851809214320845,77.75432713714643 11.845809214320845))",2026-08-01,Indian LULC class anchor + synthetic prototype attributes,SYNTHETIC_PROTOTYPE
IN-LULC-33-014,Tamil Nadu,Salem,11.844495,77.808965,EPSG:4326,Wetland,7,Wetland,0.06,0.2,0.8,Alluvial,4.09,310.21,0.43,0,6705.59,0,0,0,0,"POLYGON((77.80596485937262 11.841494923078493,77.81196485937262 11.841494923078493,77.81196485937262 11.847494923078493,77.80596485937262 11.847494923078493,77.80596485937262 11.841494923078493))",2026-08-01,Indian LULC class anchor + synthetic prototype attributes,SYNTHETIC_PROTOTYPE
IN-LULC-33-015,Tamil Nadu,Salem,11.675697,77.874522,EPSG:4326,Shrubland,8,Shrubland,0.07,0.1,0.65,Red Soil,8.44,504.07,11.7,0,19081.61,0,0,0,0,"POLYGON((77.87152185918832 11.672697483840386,77.87752185918832 11.672697483840386,77.87752185918832 11.678697483840386,77.87152185918832 11.678697483840386,77.87152185918832 11.672697483840386))",2026-08-01,Indian LULC class anchor + synthetic prototype attributes,SYNTHETIC_PROTOTYPE
IN-LULC-33-016,Tamil Nadu,Salem,11.733898,77.809234,EPSG:4326,Road/Transport,9,Road/Transport,0.02,0.95,0.02,Sandy Loam,3.59,661.4,13.96,1,2285.62,0,1,0,0,"POLYGON((77.8062343492734 11.730898071983358,77.8122343492734 11.730898071983358,77.8122343492734 11.736898071983358,77.8062343492734 11.736898071983358,77.8062343492734 11.730898071983358))",2026-08-01,Indian LULC class anchor + synthetic prototype attributes,SYNTHETIC_PROTOTYPE
IN-LULC-33-017,Tamil Nadu,Salem,11.834414,77.780787,EPSG:4326,Settlement,10,Settlement,0.1,0.75,0.2,Sandy Loam,5.08,293.03,0.17,0,19115.21,0,1,0,0,"POLYGON((77.77778664007586 11.831414073017127,77.78378664007586 11.831414073017127,77.78378664007586 11.837414073017127,77.77778664007586 11.837414073017127,77.77778664007586 11.831414073017127))",2026-08-01,Indian LULC class anchor + synthetic prototype attributes,SYNTHETIC_PROTOTYPE
IN-LULC-33-018,Tamil Nadu,Salem,11.71911,77.850555,EPSG:4326,Water Body,1,Water Body,0.03,0.02,0.98,Lateritic,0.61,749.56,5.83,0,9618.1,1,0,0,0,"POLYGON((77.84755522734937 11.71610987064183,77.85355522734937 11.71610987064183,77.85355522734937 11.72210987064183,77.84755522734937 11.72210987064183,77.84755522734937 11.71610987064183))",2026-08-01,Indian LULC class anchor + synthetic prototype attributes,SYNTHETIC_PROTOTYPE
IN-LULC-33-019,Tamil Nadu,Salem,11.777022,77.908721,EPSG:4326,Cropland,2,Cropland,0.035,0.65,0.35,Red Soil,9.52,902.29,8.58,0,6734.23,0,0,1,0,"POLYGON((77.90572102747643 11.77402203021416,77.91172102747643 11.77402203021416,77.91172102747643 11.78002203021416,77.90572102747643 11.78002203021416,77.90572102747643 11.77402203021416))",2026-08-01,Indian LULC class anchor + synthetic prototype attributes,SYNTHETIC_PROTOTYPE
IN-LULC-33-020,Tamil Nadu,Salem,11.802579,77.693444,EPSG:4326,Forest,3,Forest,0.12,0.05,0.9,Lateritic,8.12,202.12,0.6,1,264.94,0,0,0,1,"POLYGON((77.69044437460842 11.799579426005826,77.69644437460842 11.799579426005826,77.69644437460842 11.805579426005826,77.69044437460842 11.805579426005826,77.69044437460842 11.799579426005826))",2026-08-01,Indian LULC class anchor + synthetic prototype attributes,SYNTHETIC_PROTOTYPE
IN-LULC-34-001,Rajasthan,Kota,25.189443,75.785486,EPSG:4326,Grassland,5,Grassland,0.04,0.15,0.55,Sandy Loam,17.54,1636.37,5.36,0,10677.23,0,0,0,0,"POLYGON((75.78248610330728 25.186442768019248,75.78848610330728 25.186442768019248,75.78848610330728 25.192442768019248,75.78248610330728 25.192442768019248,75.78248610330728 25.186442768019248))",2026-08-01,Indian LULC class anchor + synthetic prototype attributes,SYNTHETIC_PROTOTYPE
IN-LULC-34-002,Rajasthan,Kota,25.292713,75.859631,EPSG:4326,Barren Land,6,Barren Land,0.025,0.05,0.05,Alluvial,7.51,1251.35,13.52,1,1227.63,0,0,0,0,"POLYGON((75.85663086615732 25.289713198720616,75.86263086615732 25.289713198720616,75.86263086615732 25.295713198720616,75.85663086615732 25.295713198720616,75.85663086615732 25.289713198720616))",2026-08-01,Indian LULC class anchor + synthetic prototype attributes,SYNTHETIC_PROTOTYPE
IN-LULC-34-003,Rajasthan,Kota,25.039369,75.774099,EPSG:4326,Wetland,7,Wetland,0.06,0.2,0.8,Lateritic,3.16,1728.77,16.63,0,12964.41,0,0,0,0,"POLYGON((75.77109876470303 25.036369462840007,75.77709876470303 25.036369462840007,75.77709876470303 25.042369462840007,75.77109876470303 25.042369462840007,75.77109876470303 25.036369462840007))",2026-08-01,Indian LULC class anchor + synthetic prototype attributes,SYNTHETIC_PROTOTYPE
IN-LULC-34-004,Rajasthan,Kota,25.292193,75.827971,EPSG:4326,Shrubland,8,Shrubland,0.07,0.1,0.65,Alluvial,7.86,1297.65,12.83,0,7130.17,0,0,0,0,"POLYGON((75.82497095194327 25.289193260569196,75.83097095194327 25.289193260569196,75.83097095194327 25.295193260569196,75.82497095194327 25.295193260569196,75.82497095194327 25.289193260569196))",2026-08-01,Indian LULC class anchor + synthetic prototype attributes,SYNTHETIC_PROTOTYPE
IN-LULC-34-005,Rajasthan,Kota,25.032758,75.780361,EPSG:4326,Road/Transport,9,Road/Transport,0.02,0.95,0.02,Alluvial,5.17,1272.88,16.89,0,17186.03,0,1,0,0,"POLYGON((75.77736085145573 25.029758473532034,75.78336085145573 25.029758473532034,75.78336085145573 25.035758473532034,75.77736085145573 25.035758473532034,75.77736085145573 25.029758473532034))",2026-08-01,Indian LULC class anchor + synthetic prototype attributes,SYNTHETIC_PROTOTYPE
IN-LULC-34-006,Rajasthan,Kota,25.030848,75.817698,EPSG:4326,Settlement,10,Settlement,0.1,0.75,0.2,Lateritic,8.79,1605.73,15.09,0,6814.42,0,1,0,0,"POLYGON((75.81469809433852 25.02784765780169,75.82069809433852 25.02784765780169,75.82069809433852 25.03384765780169,75.81469809433852 25.03384765780169,75.81469809433852 25.02784765780169))",2026-08-01,Indian LULC class anchor + synthetic prototype attributes,SYNTHETIC_PROTOTYPE
IN-LULC-34-007,Rajasthan,Kota,25.252805,75.745186,EPSG:4326,Water Body,1,Water Body,0.03,0.02,0.98,Black Soil,0.64,607.88,6.74,0,7702.74,1,0,0,0,"POLYGON((75.74218648670211 25.249805231452843,75.74818648670211 25.249805231452843,75.74818648670211 25.255805231452843,75.74218648670211 25.255805231452843,75.74218648670211 25.249805231452843))",2026-08-01,Indian LULC class anchor + synthetic prototype attributes,SYNTHETIC_PROTOTYPE
IN-LULC-34-008,Rajasthan,Kota,25.246415,75.813528,EPSG:4326,Cropland,2,Cropland,0.035,0.65,0.35,Alluvial,15.34,1026.68,9.27,0,9861.64,0,0,1,0,"POLYGON((75.81052771563719 25.243415034827223,75.81652771563719 25.243415034827223,75.81652771563719 25.249415034827223,75.81052771563719 25.249415034827223,75.81052771563719 25.243415034827223))",2026-08-01,Indian LULC class anchor + synthetic prototype attributes,SYNTHETIC_PROTOTYPE
IN-LULC-34-009,Rajasthan,Kota,25.112156,75.69774,EPSG:4326,Forest,3,Forest,0.12,0.05,0.9,Sandy Loam,5.59,1387.72,12.55,0,17121.16,0,0,0,1,"POLYGON((75.69474003978753 25.109155611904868,75.70074003978753 25.109155611904868,75.70074003978753 25.115155611904868,75.69474003978753 25.115155611904868,75.69474003978753 25.109155611904868))",2026-08-01,Indian LULC class anchor + synthetic prototype attributes,SYNTHETIC_PROTOTYPE
IN-LULC-34-010,Rajasthan,Kota,25.204868,75.855702,EPSG:4326,Built-up,4,Built-up,0.15,0.9,0.15,Alluvial,6.71,964.22,15.93,0,3752.61,0,1,0,0,"POLYGON((75.85270154201834 25.201868469708224,75.85870154201834 25.201868469708224,75.85870154201834 25.207868469708224,75.85270154201834 25.207868469708224,75.85270154201834 25.201868469708224))",2026-08-01,Indian LULC class anchor + synthetic prototype attributes,SYNTHETIC_PROTOTYPE
IN-LULC-34-011,Rajasthan,Kota,25.171934,75.905945,EPSG:4326,Grassland,5,Grassland,0.04,0.15,0.55,Sandy Loam,12.09,1691.77,16.57,1,559.11,0,0,0,0,"POLYGON((75.9029448832581 25.1689338804096,75.9089448832581 25.1689338804096,75.9089448832581 25.1749338804096,75.9029448832581 25.1749338804096,75.9029448832581 25.1689338804096))",2026-08-01,Indian LULC class anchor + synthetic prototype attributes,SYNTHETIC_PROTOTYPE
IN-LULC-34-012,Rajasthan,Kota,25.043922,75.974356,EPSG:4326,Barren Land,6,Barren Land,0.025,0.05,0.05,Red Soil,5.08,671.67,14.83,1,415.88,0,0,0,0,"POLYGON((75.97135614032233 25.040921653721036,75.97735614032233 25.040921653721036,75.97735614032233 25.046921653721036,75.97135614032233 25.046921653721036,75.97135614032233 25.040921653721036))",2026-08-01,Indian LULC class anchor + synthetic prototype attributes,SYNTHETIC_PROTOTYPE
IN-LULC-34-013,Rajasthan,Kota,25.270564,75.857134,EPSG:4326,Wetland,7,Wetland,0.06,0.2,0.8,Black Soil,3.86,507.39,16.54,0,8829.63,0,0,0,0,"POLYGON((75.8541336684073 25.267564050107072,75.8601336684073 25.267564050107072,75.8601336684073 25.273564050107073,75.8541336684073 25.273564050107073,75.8541336684073 25.267564050107072))",2026-08-01,Indian LULC class anchor + synthetic prototype attributes,SYNTHETIC_PROTOTYPE
IN-LULC-34-014,Rajasthan,Kota,25.264354,75.775477,EPSG:4326,Shrubland,8,Shrubland,0.07,0.1,0.65,Alluvial,7.16,1445.5,7.41,0,19879.35,0,0,0,0,"POLYGON((75.77247704936852 25.261353507210398,75.77847704936852 25.261353507210398,75.77847704936852 25.267353507210398,75.77247704936852 25.267353507210398,75.77247704936852 25.261353507210398))",2026-08-01,Indian LULC class anchor + synthetic prototype attributes,SYNTHETIC_PROTOTYPE
IN-LULC-34-015,Rajasthan,Kota,25.066145,75.855592,EPSG:4326,Road/Transport,9,Road/Transport,0.02,0.95,0.02,Lateritic,3.76,232.93,5.05,0,8543.12,0,1,0,0,"POLYGON((75.85259160998554 25.063144660154702,75.85859160998554 25.063144660154702,75.85859160998554 25.069144660154702,75.85259160998554 25.069144660154702,75.85259160998554 25.063144660154702))",2026-08-01,Indian LULC class anchor + synthetic prototype attributes,SYNTHETIC_PROTOTYPE
IN-LULC-34-016,Rajasthan,Kota,25.209077,75.791033,EPSG:4326,Settlement,10,Settlement,0.1,0.75,0.2,Sandy Loam,7.25,1618.51,10.29,0,19998.85,0,1,0,0,"POLYGON((75.78803290074336 25.206076981672233,75.79403290074336 25.206076981672233,75.79403290074336 25.212076981672233,75.78803290074336 25.212076981672233,75.78803290074336 25.206076981672233))",2026-08-01,Indian LULC class anchor + synthetic prototype attributes,SYNTHETIC_PROTOTYPE
IN-LULC-34-017,Rajasthan,Kota,25.282642,75.758724,EPSG:4326,Water Body,1,Water Body,0.03,0.02,0.98,Alluvial,0.63,982.65,0.46,0,12062.76,1,0,0,0,"POLYGON((75.75572407951132 25.279641902279014,75.76172407951132 25.279641902279014,75.76172407951132 25.285641902279014,75.75572407951132 25.285641902279014,75.75572407951132 25.279641902279014))",2026-08-01,Indian LULC class anchor + synthetic prototype attributes,SYNTHETIC_PROTOTYPE
IN-LULC-34-018,Rajasthan,Kota,25.098848,75.818492,EPSG:4326,Cropland,2,Cropland,0.035,0.65,0.35,Alluvial,14.68,315.0,4.26,0,10484.62,0,0,1,0,"POLYGON((75.81549184577887 25.095847598572895,75.82149184577887 25.095847598572895,75.82149184577887 25.101847598572895,75.81549184577887 25.101847598572895,75.81549184577887 25.095847598572895))",2026-08-01,Indian LULC class anchor + synthetic prototype attributes,SYNTHETIC_PROTOTYPE
IN-LULC-34-019,Rajasthan,Kota,25.171041,75.697191,EPSG:4326,Forest,3,Forest,0.12,0.05,0.9,Sandy Loam,8.16,1681.93,6.01,0,13782.09,0,0,0,1,"POLYGON((75.69419143658565 25.168041404034877,75.70019143658565 25.168041404034877,75.70019143658565 25.174041404034877,75.69419143658565 25.174041404034877,75.69419143658565 25.168041404034877))",2026-08-01,Indian LULC class anchor + synthetic prototype attributes,SYNTHETIC_PROTOTYPE
IN-LULC-34-020,Rajasthan,Kota,25.056382,75.920297,EPSG:4326,Built-up,4,Built-up,0.15,0.9,0.15,Sandy Loam,7.54,130.25,11.77,0,16658.91,0,1,0,0,"POLYGON((75.91729728340944 25.053381785056935,75.92329728340944 25.053381785056935,75.92329728340944 25.059381785056935,75.91729728340944 25.059381785056935,75.91729728340944 25.053381785056935))",2026-08-01,Indian LULC class anchor + synthetic prototype attributes,SYNTHETIC_PROTOTYPE
IN-LULC-35-001,Gujarat,Surat,21.083991,72.977381,EPSG:4326,Barren Land,6,Barren Land,0.025,0.05,0.05,Sandy Loam,5.96,244.17,17.57,0,7530.46,0,0,0,0,"POLYGON((72.97438061282772 21.0809910229224,72.98038061282772 21.0809910229224,72.98038061282772 21.0869910229224,72.97438061282772 21.0869910229224,72.97438061282772 21.0809910229224))",2026-08-01,Indian LULC class anchor + synthetic prototype attributes,SYNTHETIC_PROTOTYPE
IN-LULC-35-002,Gujarat,Surat,21.071303,72.704579,EPSG:4326,Wetland,7,Wetland,0.06,0.2,0.8,Lateritic,1.92,394.19,9.88,0,8579.81,0,0,0,0,"POLYGON((72.70157886947725 21.06830335857864,72.70757886947725 21.06830335857864,72.70757886947725 21.07430335857864,72.70157886947725 21.07430335857864,72.70157886947725 21.06830335857864))",2026-08-01,Indian LULC class anchor + synthetic prototype attributes,SYNTHETIC_PROTOTYPE
IN-LULC-35-003,Gujarat,Surat,21.165997,72.79866,EPSG:4326,Shrubland,8,Shrubland,0.07,0.1,0.65,Red Soil,12.21,1717.47,6.8,0,6156.02,0,0,0,0,"POLYGON((72.7956596440573 21.162996800375215,72.8016596440573 21.162996800375215,72.8016596440573 21.168996800375215,72.7956596440573 21.168996800375215,72.7956596440573 21.162996800375215))",2026-08-01,Indian LULC class anchor + synthetic prototype attributes,SYNTHETIC_PROTOTYPE
IN-LULC-35-004,Gujarat,Surat,21.166135,72.94255,EPSG:4326,Road/Transport,9,Road/Transport,0.02,0.95,0.02,Sandy Loam,5.5,1170.4,11.53,1,2049.38,0,1,0,0,"POLYGON((72.93954994636995 21.16313544358152,72.94554994636995 21.16313544358152,72.94554994636995 21.16913544358152,72.93954994636995 21.16913544358152,72.93954994636995 21.16313544358152))",2026-08-01,Indian LULC class anchor + synthetic prototype attributes,SYNTHETIC_PROTOTYPE
IN-LULC-35-005,Gujarat,Surat,21.203923,72.735899,EPSG:4326,Settlement,10,Settlement,0.1,0.75,0.2,Black Soil,4.68,1177.6,14.97,0,8587.69,0,1,0,0,"POLYGON((72.73289908342902 21.200922566926135,72.73889908342902 21.200922566926135,72.73889908342902 21.206922566926135,72.73289908342902 21.206922566926135,72.73289908342902 21.200922566926135))",2026-08-01,Indian LULC class anchor + synthetic prototype attributes,SYNTHETIC_PROTOTYPE
IN-LULC-35-006,Gujarat,Surat,21.152139,72.698809,EPSG:4326,Water Body,1,Water Body,0.03,0.02,0.98,Sandy Loam,0.49,1256.74,7.53,0,12762.55,1,0,0,0,"POLYGON((72.69580918379611 21.149139225505145,72.70180918379612 21.149139225505145,72.70180918379612 21.155139225505145,72.69580918379611 21.155139225505145,72.69580918379611 21.149139225505145))",2026-08-01,Indian LULC class anchor + synthetic prototype attributes,SYNTHETIC_PROTOTYPE
IN-LULC-35-007,Gujarat,Surat,21.15849,72.931842,EPSG:4326,Cropland,2,Cropland,0.035,0.65,0.35,Sandy Loam,15.1,1697.21,4.56,0,10968.96,0,0,1,0,"POLYGON((72.92884163612165 21.15549028870937,72.93484163612165 21.15549028870937,72.93484163612165 21.16149028870937,72.92884163612165 21.16149028870937,72.92884163612165 21.15549028870937))",2026-08-01,Indian LULC class anchor + synthetic prototype attributes,SYNTHETIC_PROTOTYPE
IN-LULC-35-008,Gujarat,Surat,21.300975,72.785423,EPSG:4326,Forest,3,Forest,0.12,0.05,0.9,Lateritic,5.57,288.33,2.56,1,2823.01,0,0,0,1,"POLYGON((72.78242316206115 21.297975076873804,72.78842316206115 21.297975076873804,72.78842316206115 21.303975076873805,72.78242316206115 21.303975076873805,72.78242316206115 21.297975076873804))",2026-08-01,Indian LULC class anchor + synthetic prototype attributes,SYNTHETIC_PROTOTYPE
IN-LULC-35-009,Gujarat,Surat,21.265231,72.967175,EPSG:4326,Built-up,4,Built-up,0.15,0.9,0.15,Red Soil,6.07,1627.98,13.61,0,6728.8,0,1,0,0,"POLYGON((72.96417545772577 21.262230926820322,72.97017545772577 21.262230926820322,72.97017545772577 21.268230926820323,72.96417545772577 21.268230926820323,72.96417545772577 21.262230926820322))",2026-08-01,Indian LULC class anchor + synthetic prototype attributes,SYNTHETIC_PROTOTYPE
IN-LULC-35-010,Gujarat,Surat,21.151353,72.949989,EPSG:4326,Grassland,5,Grassland,0.04,0.15,0.55,Sandy Loam,13.69,1090.53,9.03,0,8840.23,0,0,0,0,"POLYGON((72.94698852850527 21.14835338005607,72.95298852850527 21.14835338005607,72.95298852850527 21.15435338005607,72.94698852850527 21.15435338005607,72.94698852850527 21.14835338005607))",2026-08-01,Indian LULC class anchor + synthetic prototype attributes,SYNTHETIC_PROTOTYPE
IN-LULC-35-011,Gujarat,Surat,21.158533,72.783428,EPSG:4326,Barren Land,6,Barren Land,0.025,0.05,0.05,Red Soil,5.2,671.53,15.82,0,4251.57,0,0,0,0,"POLYGON((72.78042783246963 21.155532940215178,72.78642783246963 21.155532940215178,72.78642783246963 21.161532940215178,72.78042783246963 21.161532940215178,72.78042783246963 21.155532940215178))",2026-08-01,Indian LULC class anchor + synthetic prototype attributes,SYNTHETIC_PROTOTYPE
IN-LULC-35-012,Gujarat,Surat,21.270745,72.749584,EPSG:4326,Wetland,7,Wetland,0.06,0.2,0.8,Black Soil,3.13,1005.19,6.31,0,15387.92,0,0,0,0,"POLYGON((72.74658443755365 21.267745277359058,72.75258443755365 21.267745277359058,72.75258443755365 21.27374527735906,72.74658443755365 21.27374527735906,72.74658443755365 21.267745277359058))",2026-08-01,Indian LULC class anchor + synthetic prototype attributes,SYNTHETIC_PROTOTYPE
IN-LULC-35-013,Gujarat,Surat,21.082489,72.965634,EPSG:4326,Shrubland,8,Shrubland,0.07,0.1,0.65,Black Soil,7.11,1544.92,4.96,1,2613.67,0,0,0,0,"POLYGON((72.96263429857733 21.079488748170807,72.96863429857733 21.079488748170807,72.96863429857733 21.085488748170807,72.96263429857733 21.085488748170807,72.96263429857733 21.079488748170807))",2026-08-01,Indian LULC class anchor + synthetic prototype attributes,SYNTHETIC_PROTOTYPE
IN-LULC-35-014,Gujarat,Surat,21.126827,72.801236,EPSG:4326,Road/Transport,9,Road/Transport,0.02,0.95,0.02,Sandy Loam,3.66,394.95,17.52,0,13173.21,0,1,0,0,"POLYGON((72.79823589119071 21.123827337896746,72.80423589119071 21.123827337896746,72.80423589119071 21.129827337896746,72.79823589119071 21.129827337896746,72.79823589119071 21.123827337896746))",2026-08-01,Indian LULC class anchor + synthetic prototype attributes,SYNTHETIC_PROTOTYPE
IN-LULC-35-015,Gujarat,Surat,21.097024,72.901166,EPSG:4326,Settlement,10,Settlement,0.1,0.75,0.2,Sandy Loam,6.26,1215.41,10.58,0,10815.65,0,1,0,0,"POLYGON((72.89816586027877 21.094024424879315,72.90416586027877 21.094024424879315,72.90416586027877 21.100024424879315,72.89816586027877 21.100024424879315,72.89816586027877 21.094024424879315))",2026-08-01,Indian LULC class anchor + synthetic prototype attributes,SYNTHETIC_PROTOTYPE
IN-LULC-35-016,Gujarat,Surat,21.173774,72.796352,EPSG:4326,Water Body,1,Water Body,0.03,0.02,0.98,Lateritic,0.5,851.64,11.7,0,17678.14,1,0,0,0,"POLYGON((72.79335203103365 21.17077404632439,72.79935203103365 21.17077404632439,72.79935203103365 21.17677404632439,72.79335203103365 21.17677404632439,72.79335203103365 21.17077404632439))",2026-08-01,Indian LULC class anchor + synthetic prototype attributes,SYNTHETIC_PROTOTYPE
IN-LULC-35-017,Gujarat,Surat,21.241731,72.747212,EPSG:4326,Cropland,2,Cropland,0.035,0.65,0.35,Lateritic,12.43,1326.13,11.48,1,2163.35,0,0,1,0,"POLYGON((72.74421248450797 21.238730926235718,72.75021248450797 21.238730926235718,72.75021248450797 21.244730926235718,72.74421248450797 21.244730926235718,72.74421248450797 21.238730926235718))",2026-08-01,Indian LULC class anchor + synthetic prototype attributes,SYNTHETIC_PROTOTYPE
IN-LULC-35-018,Gujarat,Surat,21.318627,72.885558,EPSG:4326,Forest,3,Forest,0.12,0.05,0.9,Red Soil,6.43,851.64,8.32,0,16259.45,0,0,0,1,"POLYGON((72.88255823348456 21.315627037769584,72.88855823348456 21.315627037769584,72.88855823348456 21.321627037769584,72.88255823348456 21.321627037769584,72.88255823348456 21.315627037769584))",2026-08-01,Indian LULC class anchor + synthetic prototype attributes,SYNTHETIC_PROTOTYPE
IN-LULC-35-019,Gujarat,Surat,21.218855,72.692146,EPSG:4326,Built-up,4,Built-up,0.15,0.9,0.15,Alluvial,6.75,883.06,3.32,0,6164.13,0,1,0,0,"POLYGON((72.68914645666138 21.21585459897305,72.69514645666138 21.21585459897305,72.69514645666138 21.22185459897305,72.68914645666138 21.22185459897305,72.68914645666138 21.21585459897305))",2026-08-01,Indian LULC class anchor + synthetic prototype attributes,SYNTHETIC_PROTOTYPE
IN-LULC-35-020,Gujarat,Surat,21.26102,72.735251,EPSG:4326,Grassland,5,Grassland,0.04,0.15,0.55,Sandy Loam,17.18,97.08,5.01,0,3849.18,0,0,0,0,"POLYGON((72.73225060387323 21.258019747027532,72.73825060387323 21.258019747027532,72.73825060387323 21.264019747027533,72.73225060387323 21.264019747027533,72.73225060387323 21.258019747027532))",2026-08-01,Indian LULC class anchor + synthetic prototype attributes,SYNTHETIC_PROTOTYPE
