{"type": "FeatureCollection", "features": [{"type": "Feature", "properties": {"time_min": 20, "depth_min_m": 0.05, "depth_max_m": 1.0, "depth_class": "0.05\u20131.0 m", "class_area_km2": 0.2536027556049374, "flooded_area_km2": 3.96919900053564, "frame_max_depth_m": 24.516857413521734, "class_mean_depth_m": 0.5488313643252261, "scenario_id": "major_breach", "model_type": "Automated approximate 2D flood-routing prototype", "validated_hydraulic_output": false}, "geometry": {"type": "Polygon", "coordinates": [[[75.11278307779999, 18.0861159631], [75.11278307779999, 18.0858381851], [75.1130608558, 18.0858381851], [75.1130608558, 18.0861159631], [75.11278307779999, 18.0861159631]]]}}, {"type": "Feature", "properties": {"time_min": 20, "depth_min_m": 0.05, "depth_max_m": 1.0, "depth_class": "0.05\u20131.0 m", "class_area_km2": 0.2536027556049374, "flooded_area_km2": 3.96919900053564, "frame_max_depth_m": 24.516857413521734, "class_mean_depth_m": 0.5488313643252261, "scenario_id": "major_breach", "model_type": "Automated approximate 2D flood-routing prototype", "validated_hydraulic_output": false}, "geometry": {"type": "Polygon", "coordinates": [[[75.1136164118, 18.0850048511], [75.1136164118, 18.084727073099998], [75.11389418979999, 18.084727073099998], [75.11389418979999, 18.0850048511], [75.1136164118, 18.0850048511]]]}}, {"type": "Feature", "properties": {"time_min": 20, "depth_min_m": 0.05, "depth_max_m": 1.0, "depth_class": "0.05\u20131.0 m", "class_area_km2": 0.2536027556049374, "flooded_area_km2": 3.96919900053564, "frame_max_depth_m": 24.516857413521734, "class_mean_depth_m": 0.5488313643252261, "scenario_id": "major_breach", "model_type": "Automated approximate 2D flood-routing prototype", "validated_hydraulic_output": false}, "geometry": {"type": "Polygon", "coordinates": [[[75.12028308379999, 18.0850048511], [75.12028308379999, 18.084727073099998], [75.1208386398, 18.084727073099998], [75.1208386398, 18.084449295099997], [75.1211164178, 18.084449295099997], [75.1211164178, 18.0850048511], [75.12028308379999, 18.0850048511]]]}}, {"type": "Feature", "properties": {"time_min": 20, "depth_min_m": 0.05, "depth_max_m": 1.0, "depth_class": "0.05\u20131.0 m", "class_area_km2": 0.2536027556049374, "flooded_area_km2": 3.96919900053564, "frame_max_depth_m": 24.516857413521734, "class_mean_depth_m": 0.5488313643252261, "scenario_id": "major_breach", "model_type": "Automated approximate 2D flood-routing prototype", "validated_hydraulic_output": false}, "geometry": {"type": "Polygon", "coordinates": [[[75.11389418979999, 18.084727073099998], [75.11389418979999, 18.084449295099997], [75.11417196779999, 18.084449295099997], [75.11417196779999, 18.084727073099998], [75.11389418979999, 18.084727073099998]]]}}, {"type": "Feature", "properties": {"time_min": 20, "depth_min_m": 0.05, "depth_max_m": 1.0, "depth_class": "0.05\u20131.0 m", "class_area_km2": 0.2536027556049374, "flooded_area_km2": 3.96919900053564, "frame_max_depth_m": 24.516857413521734, "class_mean_depth_m": 0.5488313643252261, "scenario_id": "major_breach", "model_type": "Automated approximate 2D flood-routing prototype", "validated_hydraulic_output": false}, "geometry": {"type": "Polygon", "coordinates": [[[75.1211164178, 18.084449295099997], [75.1211164178, 18.0841715171], [75.1213941958, 18.0841715171], [75.1213941958, 18.084449295099997], [75.1211164178, 18.084449295099997]]]}}, {"type": "Feature", "properties": {"time_min": 20, "depth_min_m": 0.05, "depth_max_m": 1.0, "depth_class": "0.05\u20131.0 m", "class_area_km2": 0.2536027556049374, "flooded_area_km2": 3.96919900053564, "frame_max_depth_m": 24.516857413521734, "class_mean_depth_m": 0.5488313643252261, "scenario_id": "major_breach", "model_type": "Automated approximate 2D flood-routing prototype", "validated_hydraulic_output": false}, "geometry": {"type": "Polygon", "coordinates": [[[75.1297275358, 18.084449295099997], [75.1297275358, 18.0841715171], [75.1300053138, 18.0841715171], [75.1300053138, 18.084449295099997], [75.1297275358, 18.084449295099997]]]}}, {"type": "Feature", "properties": {"time_min": 20, "depth_min_m": 0.05, "depth_max_m": 1.0, "depth_class": "0.05\u20131.0 m", "class_area_km2": 0.2536027556049374, "flooded_area_km2": 3.96919900053564, "frame_max_depth_m": 24.516857413521734, "class_mean_depth_m": 0.5488313643252261, "scenario_id": "major_breach", "model_type": "Automated approximate 2D flood-routing prototype", "validated_hydraulic_output": false}, "geometry": {"type": "Polygon", "coordinates": [[[75.1213941958, 18.0838937391], [75.1213941958, 18.083615961099998], [75.12167197379999, 18.083615961099998], [75.12167197379999, 18.0838937391], [75.1213941958, 18.0838937391]]]}}, {"type": "Feature", "properties": {"time_min": 20, "depth_min_m": 0.05, "depth_max_m": 1.0, "depth_class": "0.05\u20131.0 m", "class_area_km2": 0.2536027556049374, "flooded_area_km2": 3.96919900053564, "frame_max_depth_m": 24.516857413521734, "class_mean_depth_m": 0.5488313643252261, "scenario_id": "major_breach", "model_type": "Automated approximate 2D flood-routing prototype", "validated_hydraulic_output": false}, "geometry": {"type": "Polygon", "coordinates": [[[75.1150053018, 18.083615961099998], [75.1150053018, 18.083338183099997], [75.1152830798, 18.083338183099997], [75.1152830798, 18.083615961099998], [75.1150053018, 18.083615961099998]]]}}, {"type": "Feature", "properties": {"time_min": 20, "depth_min_m": 0.05, "depth_max_m": 1.0, "depth_class": "0.05\u20131.0 m", "class_area_km2": 0.2536027556049374, "flooded_area_km2": 3.96919900053564, "frame_max_depth_m": 24.516857413521734, "class_mean_depth_m": 0.5488313643252261, "scenario_id": "major_breach", "model_type": "Automated approximate 2D flood-routing prototype", "validated_hydraulic_output": false}, "geometry": {"type": "Polygon", "coordinates": [[[75.1161164138, 18.083615961099998], [75.1161164138, 18.083338183099997], [75.1163941918, 18.083338183099997], [75.1163941918, 18.083615961099998], [75.1161164138, 18.083615961099998]]]}}, {"type": "Feature", "properties": {"time_min": 20, "depth_min_m": 0.05, "depth_max_m": 1.0, "depth_class": "0.05\u20131.0 m", "class_area_km2": 0.2536027556049374, "flooded_area_km2": 3.96919900053564, "frame_max_depth_m": 24.516857413521734, "class_mean_depth_m": 0.5488313643252261, "scenario_id": "major_breach", "model_type": "Automated approximate 2D flood-routing prototype", "validated_hydraulic_output": false}, "geometry": {"type": "Polygon", "coordinates": [[[75.12917197979999, 18.083615961099998], [75.12917197979999, 18.083338183099997], [75.12944975779999, 18.083338183099997], [75.12944975779999, 18.083615961099998], [75.12917197979999, 18.083615961099998]]]}}, {"type": "Feature", "properties": {"time_min": 20, "depth_min_m": 0.05, "depth_max_m": 1.0, "depth_class": "0.05\u20131.0 m", "class_area_km2": 0.2536027556049374, "flooded_area_km2": 3.96919900053564, "frame_max_depth_m": 24.516857413521734, "class_mean_depth_m": 0.5488313643252261, "scenario_id": "major_breach", "model_type": "Automated approximate 2D flood-routing prototype", "validated_hydraulic_output": false}, "geometry": {"type": "Polygon", "coordinates": [[[75.1197275278, 18.084727073099998], [75.1197275278, 18.084449295099997], [75.11889419379999, 18.084449295099997], [75.11889419379999, 18.0838937391], [75.1177830818, 18.0838937391], [75.1177830818, 18.0841715171], [75.1175053038, 18.0841715171], [75.1175053038, 18.0838937391], [75.11694974779999, 18.0838937391], [75.11694974779999, 18.083615961099998], [75.11722752579999, 18.083615961099998], [75.11722752579999, 18.083338183099997], [75.1175053038, 18.083338183099997], [75.1175053038, 18.083615961099998], [75.11861641579999, 18.083615961099998], [75.11861641579999, 18.083338183099997], [75.1183386378, 18.083338183099997], [75.1183386378, 18.0830604051], [75.1194497498, 18.0830604051], [75.1194497498, 18.083338183099997], [75.1197275278, 18.083338183099997], [75.1197275278, 18.0841715171], [75.12000530579999, 18.0841715171], [75.12000530579999, 18.084449295099997], [75.12028308379999, 18.084449295099997], [75.12028308379999, 18.084727073099998], [75.1197275278, 18.084727073099998]]]}}, {"type": "Feature", "properties": {"time_min": 20, "depth_min_m": 0.05, "depth_max_m": 1.0, "depth_class": "0.05\u20131.0 m", "class_area_km2": 0.2536027556049374, "flooded_area_km2": 3.96919900053564, "frame_max_depth_m": 24.516857413521734, "class_mean_depth_m": 0.5488313643252261, "scenario_id": "major_breach", "model_type": "Automated approximate 2D flood-routing prototype", "validated_hydraulic_output": false}, "geometry": {"type": "Polygon", "coordinates": [[[75.1288942018, 18.083338183099997], [75.1288942018, 18.0827826271], [75.12917197979999, 18.0827826271], [75.12917197979999, 18.083338183099997], [75.1288942018, 18.083338183099997]]]}}, {"type": "Feature", "properties": {"time_min": 20, "depth_min_m": 0.05, "depth_max_m": 1.0, "depth_class": "0.05\u20131.0 m", "class_area_km2": 0.2536027556049374, "flooded_area_km2": 3.96919900053564, "frame_max_depth_m": 24.516857413521734, "class_mean_depth_m": 0.5488313643252261, "scenario_id": "major_breach", "model_type": "Automated approximate 2D flood-routing prototype", "validated_hydraulic_output": false}, "geometry": {"type": "Polygon", "coordinates": [[[75.1302830918, 18.083338183099997], [75.1302830918, 18.0827826271], [75.1305608698, 18.0827826271], [75.1305608698, 18.083338183099997], [75.1302830918, 18.083338183099997]]]}}, {"type": "Feature", "properties": {"time_min": 20, "depth_min_m": 0.05, "depth_max_m": 1.0, "depth_class": "0.05\u20131.0 m", "class_area_km2": 0.2536027556049374, "flooded_area_km2": 3.96919900053564, "frame_max_depth_m": 24.516857413521734, "class_mean_depth_m": 0.5488313643252261, "scenario_id": "major_breach", "model_type": "Automated approximate 2D flood-routing prototype", "validated_hydraulic_output": false}, "geometry": {"type": "Polygon", "coordinates": [[[75.1305608698, 18.0827826271], [75.1305608698, 18.082504849099998], [75.13083864779999, 18.082504849099998], [75.13083864779999, 18.0827826271], [75.1305608698, 18.0827826271]]]}}, {"type": "Feature", "properties": {"time_min": 20, "depth_min_m": 0.05, "depth_max_m": 1.0, "depth_class": "0.05\u20131.0 m", "class_area_km2": 0.2536027556049374, "flooded_area_km2": 3.96919900053564, "frame_max_depth_m": 24.516857413521734, "class_mean_depth_m": 0.5488313643252261, "scenario_id": "major_breach", "model_type": "Automated approximate 2D flood-routing prototype", "validated_hydraulic_output": false}, "geometry": {"type": "Polygon", "coordinates": [[[75.1222275298, 18.082504849099998], [75.1222275298, 18.082227071099997], [75.1225053078, 18.082227071099997], [75.1225053078, 18.082504849099998], [75.1222275298, 18.082504849099998]]]}}, {"type": "Feature", "properties": {"time_min": 20, "depth_min_m": 0.05, "depth_max_m": 1.0, "depth_class": "0.05\u20131.0 m", "class_area_km2": 0.2536027556049374, "flooded_area_km2": 3.96919900053564, "frame_max_depth_m": 24.516857413521734, "class_mean_depth_m": 0.5488313643252261, "scenario_id": "major_breach", "model_type": "Automated approximate 2D flood-routing prototype", "validated_hydraulic_output": false}, "geometry": {"type": "Polygon", "coordinates": [[[75.12917197979999, 18.082504849099998], [75.12917197979999, 18.082227071099997], [75.1297275358, 18.082227071099997], [75.1297275358, 18.082504849099998], [75.12917197979999, 18.082504849099998]]]}}, {"type": "Feature", "properties": {"time_min": 20, "depth_min_m": 0.05, "depth_max_m": 1.0, "depth_class": "0.05\u20131.0 m", "class_area_km2": 0.2536027556049374, "flooded_area_km2": 3.96919900053564, "frame_max_depth_m": 24.516857413521734, "class_mean_depth_m": 0.5488313643252261, "scenario_id": "major_breach", "model_type": "Automated approximate 2D flood-routing prototype", "validated_hydraulic_output": false}, "geometry": {"type": "Polygon", "coordinates": [[[75.1300053138, 18.082504849099998], [75.1300053138, 18.082227071099997], [75.1302830918, 18.082227071099997], [75.1302830918, 18.082504849099998], [75.1300053138, 18.082504849099998]]]}}, {"type": "Feature", "properties": {"time_min": 20, "depth_min_m": 0.05, "depth_max_m": 1.0, "depth_class": "0.05\u20131.0 m", "class_area_km2": 0.2536027556049374, "flooded_area_km2": 3.96919900053564, "frame_max_depth_m": 24.516857413521734, "class_mean_depth_m": 0.5488313643252261, "scenario_id": "major_breach", "model_type": "Automated approximate 2D flood-routing prototype", "validated_hydraulic_output": false}, "geometry": {"type": "Polygon", "coordinates": [[[75.13083864779999, 18.0819492931], [75.13083864779999, 18.0816715151], [75.13111642579999, 18.0816715151], [75.13111642579999, 18.0819492931], [75.13083864779999, 18.0819492931]]]}}, {"type": "Feature", "properties": {"time_min": 20, "depth_min_m": 0.05, "depth_max_m": 1.0, "depth_class": "0.05\u20131.0 m", "class_area_km2": 0.2536027556049374, "flooded_area_km2": 3.96919900053564, "frame_max_depth_m": 24.516857413521734, "class_mean_depth_m": 0.5488313643252261, "scenario_id": "major_breach", "model_type": "Automated approximate 2D flood-routing prototype", "validated_hydraulic_output": false}, "geometry": {"type": "Polygon", "coordinates": [[[75.1227830858, 18.082504849099998], [75.1227830858, 18.0819492931], [75.1225053078, 18.0819492931], [75.1225053078, 18.0816715151], [75.1227830858, 18.0816715151], [75.1227830858, 18.081393737099997], [75.12306086379999, 18.081393737099997], [75.12306086379999, 18.082504849099998], [75.1227830858, 18.082504849099998]]]}}, {"type": "Feature", "properties": {"time_min": 20, "depth_min_m": 0.05, "depth_max_m": 1.0, "depth_class": "0.05\u20131.0 m", "class_area_km2": 0.2536027556049374, "flooded_area_km2": 3.96919900053564, "frame_max_depth_m": 24.516857413521734, "class_mean_depth_m": 0.5488313643252261, "scenario_id": "major_breach", "model_type": "Automated approximate 2D flood-routing prototype", "validated_hydraulic_output": false}, "geometry": {"type": "Polygon", "coordinates": [[[75.12944975779999, 18.0816715151], [75.12944975779999, 18.081393737099997], [75.1297275358, 18.081393737099997], [75.1297275358, 18.0816715151], [75.12944975779999, 18.0816715151]]]}}, {"type": "Feature", "properties": {"time_min": 20, "depth_min_m": 0.05, "depth_max_m": 1.0, "depth_class": "0.05\u20131.0 m", "class_area_km2": 0.2536027556049374, "flooded_area_km2": 3.96919900053564, "frame_max_depth_m": 24.516857413521734, "class_mean_depth_m": 0.5488313643252261, "scenario_id": "major_breach", "model_type": "Automated approximate 2D flood-routing prototype", "validated_hydraulic_output": false}, "geometry": {"type": "Polygon", "coordinates": [[[75.12167197379999, 18.0816715151], [75.12167197379999, 18.081115959099996], [75.1222275298, 18.081115959099996], [75.1222275298, 18.081393737099997], [75.12194975179999, 18.081393737099997], [75.12194975179999, 18.0816715151], [75.12167197379999, 18.0816715151]]]}}, {"type": "Feature", "properties": {"time_min": 20, "depth_min_m": 0.05, "depth_max_m": 1.0, "depth_class": "0.05\u20131.0 m", "class_area_km2": 0.2536027556049374, "flooded_area_km2": 3.96919900053564, "frame_max_depth_m": 24.516857413521734, "class_mean_depth_m": 0.5488313643252261, "scenario_id": "major_breach", "model_type": "Automated approximate 2D flood-routing prototype", "validated_hydraulic_output": false}, "geometry": {"type": "Polygon", "coordinates": [[[75.1300053138, 18.0816715151], [75.1300053138, 18.081115959099996], [75.1302830918, 18.081115959099996], [75.1302830918, 18.0816715151], [75.1300053138, 18.0816715151]]]}}, {"type": "Feature", "properties": {"time_min": 20, "depth_min_m": 0.05, "depth_max_m": 1.0, "depth_class": "0.05\u20131.0 m", "class_area_km2": 0.2536027556049374, "flooded_area_km2": 3.96919900053564, "frame_max_depth_m": 24.516857413521734, "class_mean_depth_m": 0.5488313643252261, "scenario_id": "major_breach", "model_type": "Automated approximate 2D flood-routing prototype", "validated_hydraulic_output": false}, "geometry": {"type": "Polygon", "coordinates": [[[75.1225053078, 18.081393737099997], [75.1225053078, 18.081115959099996], [75.1227830858, 18.081115959099996], [75.1227830858, 18.081393737099997], [75.1225053078, 18.081393737099997]]]}}, {"type": "Feature", "properties": {"time_min": 20, "depth_min_m": 0.05, "depth_max_m": 1.0, "depth_class": "0.05\u20131.0 m", "class_area_km2": 0.2536027556049374, "flooded_area_km2": 3.96919900053564, "frame_max_depth_m": 24.516857413521734, "class_mean_depth_m": 0.5488313643252261, "scenario_id": "major_breach", "model_type": "Automated approximate 2D flood-routing prototype", "validated_hydraulic_output": false}, "geometry": {"type": "Polygon", "coordinates": [[[75.12778308979999, 18.0816715151], [75.12778308979999, 18.081393737099997], [75.1275053118, 18.081393737099997], [75.1275053118, 18.081115959099996], [75.12806086779999, 18.081115959099996], [75.12806086779999, 18.0816715151], [75.12778308979999, 18.0816715151]]]}}, {"type": "Feature", "properties": {"time_min": 20, "depth_min_m": 0.05, "depth_max_m": 1.0, "depth_class": "0.05\u20131.0 m", "class_area_km2": 0.2536027556049374, "flooded_area_km2": 3.96919900053564, "frame_max_depth_m": 24.516857413521734, "class_mean_depth_m": 0.5488313643252261, "scenario_id": "major_breach", "model_type": "Automated approximate 2D flood-routing prototype", "validated_hydraulic_output": false}, "geometry": {"type": "Polygon", "coordinates": [[[75.12333864179999, 18.081115959099996], [75.12333864179999, 18.0808381811], [75.1236164198, 18.0808381811], [75.1236164198, 18.081115959099996], [75.12333864179999, 18.081115959099996]]]}}, {"type": "Feature", "properties": {"time_min": 20, "depth_min_m": 0.05, "depth_max_m": 1.0, "depth_class": "0.05\u20131.0 m", "class_area_km2": 0.2536027556049374, "flooded_area_km2": 3.96919900053564, "frame_max_depth_m": 24.516857413521734, "class_mean_depth_m": 0.5488313643252261, "scenario_id": "major_breach", "model_type": "Automated approximate 2D flood-routing prototype", "validated_hydraulic_output": false}, "geometry": {"type": "Polygon", "coordinates": [[[75.1305608698, 18.081115959099996], [75.1305608698, 18.0808381811], [75.13083864779999, 18.0808381811], [75.13083864779999, 18.081115959099996], [75.1305608698, 18.081115959099996]]]}}, {"type": "Feature", "properties": {"time_min": 20, "depth_min_m": 0.05, "depth_max_m": 1.0, "depth_class": "0.05\u20131.0 m", "class_area_km2": 0.2536027556049374, "flooded_area_km2": 3.96919900053564, "frame_max_depth_m": 24.516857413521734, "class_mean_depth_m": 0.5488313643252261, "scenario_id": "major_breach", "model_type": "Automated approximate 2D flood-routing prototype", "validated_hydraulic_output": false}, "geometry": {"type": "Polygon", "coordinates": [[[75.1227830858, 18.0808381811], [75.1227830858, 18.080560403099998], [75.12333864179999, 18.080560403099998], [75.12333864179999, 18.0808381811], [75.1227830858, 18.0808381811]]]}}, {"type": "Feature", "properties": {"time_min": 20, "depth_min_m": 0.05, "depth_max_m": 1.0, "depth_class": "0.05\u20131.0 m", "class_area_km2": 0.2536027556049374, "flooded_area_km2": 3.96919900053564, "frame_max_depth_m": 24.516857413521734, "class_mean_depth_m": 0.5488313643252261, "scenario_id": "major_breach", "model_type": "Automated approximate 2D flood-routing prototype", "validated_hydraulic_output": false}, "geometry": {"type": "Polygon", "coordinates": [[[75.1283386458, 18.0808381811], [75.1283386458, 18.080560403099998], [75.1286164238, 18.080560403099998], [75.1286164238, 18.0808381811], [75.1283386458, 18.0808381811]]]}}, {"type": "Feature", "properties": {"time_min": 20, "depth_min_m": 0.05, "depth_max_m": 1.0, "depth_class": "0.05\u20131.0 m", "class_area_km2": 0.2536027556049374, "flooded_area_km2": 3.96919900053564, "frame_max_depth_m": 24.516857413521734, "class_mean_depth_m": 0.5488313643252261, "scenario_id": "major_breach", "model_type": "Automated approximate 2D flood-routing prototype", "validated_hydraulic_output": false}, "geometry": {"type": "Polygon", "coordinates": [[[75.1222275298, 18.081115959099996], [75.1222275298, 18.0808381811], [75.1213941958, 18.0808381811], [75.1213941958, 18.080560403099998], [75.12194975179999, 18.080560403099998], [75.12194975179999, 18.080282625099997], [75.1222275298, 18.080282625099997], [75.1222275298, 18.080560403099998], [75.1225053078, 18.080560403099998], [75.1225053078, 18.081115959099996], [75.1222275298, 18.081115959099996]]]}}, {"type": "Feature", "properties": {"time_min": 20, "depth_min_m": 0.05, "depth_max_m": 1.0, "depth_class": "0.05\u20131.0 m", "class_area_km2": 0.2536027556049374, "flooded_area_km2": 3.96919900053564, "frame_max_depth_m": 24.516857413521734, "class_mean_depth_m": 0.5488313643252261, "scenario_id": "major_breach", "model_type": "Automated approximate 2D flood-routing prototype", "validated_hydraulic_output": false}, "geometry": {"type": "Polygon", "coordinates": [[[75.1275053118, 18.080560403099998], [75.1275053118, 18.080282625099997], [75.12778308979999, 18.080282625099997], [75.12778308979999, 18.080560403099998], [75.1275053118, 18.080560403099998]]]}}, {"type": "Feature", "properties": {"time_min": 20, "depth_min_m": 0.05, "depth_max_m": 1.0, "depth_class": "0.05\u20131.0 m", "class_area_km2": 0.2536027556049374, "flooded_area_km2": 3.96919900053564, "frame_max_depth_m": 24.516857413521734, "class_mean_depth_m": 0.5488313643252261, "scenario_id": "major_breach", "model_type": "Automated approximate 2D flood-routing prototype", "validated_hydraulic_output": false}, "geometry": {"type": "Polygon", "coordinates": [[[75.1300053138, 18.0808381811], [75.1300053138, 18.080560403099998], [75.1297275358, 18.080560403099998], [75.1297275358, 18.0800048471], [75.1305608698, 18.0800048471], [75.1305608698, 18.080282625099997], [75.1302830918, 18.080282625099997], [75.1302830918, 18.0808381811], [75.1300053138, 18.0808381811]]]}}, {"type": "Feature", "properties": {"time_min": 20, "depth_min_m": 0.05, "depth_max_m": 1.0, "depth_class": "0.05\u20131.0 m", "class_area_km2": 0.2536027556049374, "flooded_area_km2": 3.96919900053564, "frame_max_depth_m": 24.516857413521734, "class_mean_depth_m": 0.5488313643252261, "scenario_id": "major_breach", "model_type": "Automated approximate 2D flood-routing prototype", "validated_hydraulic_output": false}, "geometry": {"type": "Polygon", "coordinates": [[[75.1213941958, 18.080282625099997], [75.1213941958, 18.0800048471], [75.12167197379999, 18.0800048471], [75.12167197379999, 18.080282625099997], [75.1213941958, 18.080282625099997]]]}}, {"type": "Feature", "properties": {"time_min": 20, "depth_min_m": 0.05, "depth_max_m": 1.0, "depth_class": "0.05\u20131.0 m", "class_area_km2": 0.2536027556049374, "flooded_area_km2": 3.96919900053564, "frame_max_depth_m": 24.516857413521734, "class_mean_depth_m": 0.5488313643252261, "scenario_id": "major_breach", "model_type": "Automated approximate 2D flood-routing prototype", "validated_hydraulic_output": false}, "geometry": {"type": "Polygon", "coordinates": [[[75.1225053078, 18.080282625099997], [75.1225053078, 18.0800048471], [75.1227830858, 18.0800048471], [75.1227830858, 18.080282625099997], [75.1225053078, 18.080282625099997]]]}}, {"type": "Feature", "properties": {"time_min": 20, "depth_min_m": 0.05, "depth_max_m": 1.0, "depth_class": "0.05\u20131.0 m", "class_area_km2": 0.2536027556049374, "flooded_area_km2": 3.96919900053564, "frame_max_depth_m": 24.516857413521734, "class_mean_depth_m": 0.5488313643252261, "scenario_id": "major_breach", "model_type": "Automated approximate 2D flood-routing prototype", "validated_hydraulic_output": false}, "geometry": {"type": "Polygon", "coordinates": [[[75.1236164198, 18.080282625099997], [75.1236164198, 18.0800048471], [75.1238941978, 18.0800048471], [75.1238941978, 18.0797270691], [75.1241719758, 18.0797270691], [75.1241719758, 18.080282625099997], [75.1236164198, 18.080282625099997]]]}}, {"type": "Feature", "properties": {"time_min": 20, "depth_min_m": 0.05, "depth_max_m": 1.0, "depth_class": "0.05\u20131.0 m", "class_area_km2": 0.2536027556049374, "flooded_area_km2": 3.96919900053564, "frame_max_depth_m": 24.516857413521734, "class_mean_depth_m": 0.5488313643252261, "scenario_id": "major_breach", "model_type": "Automated approximate 2D flood-routing prototype", "validated_hydraulic_output": false}, "geometry": {"type": "Polygon", "coordinates": [[[75.12333864179999, 18.0800048471], [75.12333864179999, 18.0797270691], [75.1236164198, 18.0797270691], [75.1236164198, 18.0800048471], [75.12333864179999, 18.0800048471]]]}}, {"type": "Feature", "properties": {"time_min": 20, "depth_min_m": 0.05, "depth_max_m": 1.0, "depth_class": "0.05\u20131.0 m", "class_area_km2": 0.2536027556049374, "flooded_area_km2": 3.96919900053564, "frame_max_depth_m": 24.516857413521734, "class_mean_depth_m": 0.5488313643252261, "scenario_id": "major_breach", "model_type": "Automated approximate 2D flood-routing prototype", "validated_hydraulic_output": false}, "geometry": {"type": "Polygon", "coordinates": [[[75.1227830858, 18.0797270691], [75.1227830858, 18.079449291099998], [75.12306086379999, 18.079449291099998], [75.12306086379999, 18.0797270691], [75.1227830858, 18.0797270691]]]}}, {"type": "Feature", "properties": {"time_min": 20, "depth_min_m": 0.05, "depth_max_m": 1.0, "depth_class": "0.05\u20131.0 m", "class_area_km2": 0.2536027556049374, "flooded_area_km2": 3.96919900053564, "frame_max_depth_m": 24.516857413521734, "class_mean_depth_m": 0.5488313643252261, "scenario_id": "major_breach", "model_type": "Automated approximate 2D flood-routing prototype", "validated_hydraulic_output": false}, "geometry": {"type": "Polygon", "coordinates": [[[75.1244497538, 18.0797270691], [75.1244497538, 18.079449291099998], [75.12472753179999, 18.079449291099998], [75.12472753179999, 18.0797270691], [75.1244497538, 18.0797270691]]]}}, {"type": "Feature", "properties": {"time_min": 20, "depth_min_m": 0.05, "depth_max_m": 1.0, "depth_class": "0.05\u20131.0 m", "class_area_km2": 0.2536027556049374, "flooded_area_km2": 3.96919900053564, "frame_max_depth_m": 24.516857413521734, "class_mean_depth_m": 0.5488313643252261, "scenario_id": "major_breach", "model_type": "Automated approximate 2D flood-routing prototype", "validated_hydraulic_output": false}, "geometry": {"type": "Polygon", "coordinates": [[[75.1213941958, 18.0797270691], [75.1213941958, 18.079449291099998], [75.12194975179999, 18.079449291099998], [75.12194975179999, 18.079171513099997], [75.1222275298, 18.079171513099997], [75.1222275298, 18.0797270691], [75.1213941958, 18.0797270691]]]}}, {"type": "Feature", "properties": {"time_min": 20, "depth_min_m": 0.05, "depth_max_m": 1.0, "depth_class": "0.05\u20131.0 m", "class_area_km2": 0.2536027556049374, "flooded_area_km2": 3.96919900053564, "frame_max_depth_m": 24.516857413521734, "class_mean_depth_m": 0.5488313643252261, "scenario_id": "major_breach", "model_type": "Automated approximate 2D flood-routing prototype", "validated_hydraulic_output": false}, "geometry": {"type": "Polygon", "coordinates": [[[75.1211164178, 18.079449291099998], [75.1211164178, 18.079171513099997], [75.1213941958, 18.079171513099997], [75.1213941958, 18.079449291099998], [75.1211164178, 18.079449291099998]]]}}, {"type": "Feature", "properties": {"time_min": 20, "depth_min_m": 0.05, "depth_max_m": 1.0, "depth_class": "0.05\u20131.0 m", "class_area_km2": 0.2536027556049374, "flooded_area_km2": 3.96919900053564, "frame_max_depth_m": 24.516857413521734, "class_mean_depth_m": 0.5488313643252261, "scenario_id": "major_breach", "model_type": "Automated approximate 2D flood-routing prototype", "validated_hydraulic_output": false}, "geometry": {"type": "Polygon", "coordinates": [[[75.1225053078, 18.079449291099998], [75.1225053078, 18.079171513099997], [75.1227830858, 18.079171513099997], [75.1227830858, 18.079449291099998], [75.1225053078, 18.079449291099998]]]}}, {"type": "Feature", "properties": {"time_min": 20, "depth_min_m": 0.05, "depth_max_m": 1.0, "depth_class": "0.05\u20131.0 m", "class_area_km2": 0.2536027556049374, "flooded_area_km2": 3.96919900053564, "frame_max_depth_m": 24.516857413521734, "class_mean_depth_m": 0.5488313643252261, "scenario_id": "major_breach", "model_type": "Automated approximate 2D flood-routing prototype", "validated_hydraulic_output": false}, "geometry": {"type": "Polygon", "coordinates": [[[75.1283386458, 18.079449291099998], [75.1283386458, 18.079171513099997], [75.1286164238, 18.079171513099997], [75.1286164238, 18.079449291099998], [75.1283386458, 18.079449291099998]]]}}, {"type": "Feature", "properties": {"time_min": 20, "depth_min_m": 0.05, "depth_max_m": 1.0, "depth_class": "0.05\u20131.0 m", "class_area_km2": 0.2536027556049374, "flooded_area_km2": 3.96919900053564, "frame_max_depth_m": 24.516857413521734, "class_mean_depth_m": 0.5488313643252261, "scenario_id": "major_breach", "model_type": "Automated approximate 2D flood-routing prototype", "validated_hydraulic_output": false}, "geometry": {"type": "Polygon", "coordinates": [[[75.1286164238, 18.080282625099997], [75.1286164238, 18.079449291099998], [75.1288942018, 18.079449291099998], [75.1288942018, 18.079171513099997], [75.12917197979999, 18.079171513099997], [75.12917197979999, 18.0788937351], [75.12944975779999, 18.0788937351], [75.12944975779999, 18.079449291099998], [75.12917197979999, 18.079449291099998], [75.12917197979999, 18.0797270691], [75.1288942018, 18.0797270691], [75.1288942018, 18.0800048471], [75.12917197979999, 18.0800048471], [75.12917197979999, 18.080282625099997], [75.1286164238, 18.080282625099997]]]}}, {"type": "Feature", "properties": {"time_min": 20, "depth_min_m": 0.05, "depth_max_m": 1.0, "depth_class": "0.05\u20131.0 m", "class_area_km2": 0.2536027556049374, "flooded_area_km2": 3.96919900053564, "frame_max_depth_m": 24.516857413521734, "class_mean_depth_m": 0.5488313643252261, "scenario_id": "major_breach", "model_type": "Automated approximate 2D flood-routing prototype", "validated_hydraulic_output": false}, "geometry": {"type": "Polygon", "coordinates": [[[75.1208386398, 18.079171513099997], [75.1208386398, 18.0788937351], [75.1211164178, 18.0788937351], [75.1211164178, 18.079171513099997], [75.1208386398, 18.079171513099997]]]}}, {"type": "Feature", "properties": {"time_min": 20, "depth_min_m": 0.05, "depth_max_m": 1.0, "depth_class": "0.05\u20131.0 m", "class_area_km2": 0.2536027556049374, "flooded_area_km2": 3.96919900053564, "frame_max_depth_m": 24.516857413521734, "class_mean_depth_m": 0.5488313643252261, "scenario_id": "major_breach", "model_type": "Automated approximate 2D flood-routing prototype", "validated_hydraulic_output": false}, "geometry": {"type": "Polygon", "coordinates": [[[75.1213941958, 18.079171513099997], [75.1213941958, 18.0788937351], [75.12194975179999, 18.0788937351], [75.12194975179999, 18.079171513099997], [75.1213941958, 18.079171513099997]]]}}, {"type": "Feature", "properties": {"time_min": 20, "depth_min_m": 0.05, "depth_max_m": 1.0, "depth_class": "0.05\u20131.0 m", "class_area_km2": 0.2536027556049374, "flooded_area_km2": 3.96919900053564, "frame_max_depth_m": 24.516857413521734, "class_mean_depth_m": 0.5488313643252261, "scenario_id": "major_breach", "model_type": "Automated approximate 2D flood-routing prototype", "validated_hydraulic_output": false}, "geometry": {"type": "Polygon", "coordinates": [[[75.1316719818, 18.079171513099997], [75.1316719818, 18.0788937351], [75.1319497598, 18.0788937351], [75.1319497598, 18.079171513099997], [75.1316719818, 18.079171513099997]]]}}, {"type": "Feature", "properties": {"time_min": 20, "depth_min_m": 0.05, "depth_max_m": 1.0, "depth_class": "0.05\u20131.0 m", "class_area_km2": 0.2536027556049374, "flooded_area_km2": 3.96919900053564, "frame_max_depth_m": 24.516857413521734, "class_mean_depth_m": 0.5488313643252261, "scenario_id": "major_breach", "model_type": "Automated approximate 2D flood-routing prototype", "validated_hydraulic_output": false}, "geometry": {"type": "Polygon", "coordinates": [[[75.1258386438, 18.0788937351], [75.1258386438, 18.0786159571], [75.12611642179999, 18.0786159571], [75.12611642179999, 18.0788937351], [75.1258386438, 18.0788937351]]]}}, {"type": "Feature", "properties": {"time_min": 20, "depth_min_m": 0.05, "depth_max_m": 1.0, "depth_class": "0.05\u20131.0 m", "class_area_km2": 0.2536027556049374, "flooded_area_km2": 3.96919900053564, "frame_max_depth_m": 24.516857413521734, "class_mean_depth_m": 0.5488313643252261, "scenario_id": "major_breach", "model_type": "Automated approximate 2D flood-routing prototype", "validated_hydraulic_output": false}, "geometry": {"type": "Polygon", "coordinates": [[[75.1327830938, 18.0788937351], [75.1327830938, 18.0786159571], [75.1330608718, 18.0786159571], [75.1330608718, 18.0788937351], [75.1327830938, 18.0788937351]]]}}, {"type": "Feature", "properties": {"time_min": 20, "depth_min_m": 0.05, "depth_max_m": 1.0, "depth_class": "0.05\u20131.0 m", "class_area_km2": 0.2536027556049374, "flooded_area_km2": 3.96919900053564, "frame_max_depth_m": 24.516857413521734, "class_mean_depth_m": 0.5488313643252261, "scenario_id": "major_breach", "model_type": "Automated approximate 2D flood-routing prototype", "validated_hydraulic_output": false}, "geometry": {"type": "Polygon", "coordinates": [[[75.12333864179999, 18.0788937351], [75.12333864179999, 18.078338179099998], [75.1236164198, 18.078338179099998], [75.1236164198, 18.0788937351], [75.12333864179999, 18.0788937351]]]}}, {"type": "Feature", "properties": {"time_min": 20, "depth_min_m": 0.05, "depth_max_m": 1.0, "depth_class": "0.05\u20131.0 m", "class_area_km2": 0.2536027556049374, "flooded_area_km2": 3.96919900053564, "frame_max_depth_m": 24.516857413521734, "class_mean_depth_m": 0.5488313643252261, "scenario_id": "major_breach", "model_type": "Automated approximate 2D flood-routing prototype", "validated_hydraulic_output": false}, "geometry": {"type": "Polygon", "coordinates": [[[75.1238941978, 18.0786159571], [75.1238941978, 18.078338179099998], [75.1241719758, 18.078338179099998], [75.1241719758, 18.0786159571], [75.1238941978, 18.0786159571]]]}}, {"type": "Feature", "properties": {"time_min": 20, "depth_min_m": 0.05, "depth_max_m": 1.0, "depth_class": "0.05\u20131.0 m", "class_area_km2": 0.2536027556049374, "flooded_area_km2": 3.96919900053564, "frame_max_depth_m": 24.516857413521734, "class_mean_depth_m": 0.5488313643252261, "scenario_id": "major_breach", "model_type": "Automated approximate 2D flood-routing prototype", "validated_hydraulic_output": false}, "geometry": {"type": "Polygon", "coordinates": [[[75.12806086779999, 18.079171513099997], [75.12806086779999, 18.0786159571], [75.12778308979999, 18.0786159571], [75.12778308979999, 18.078338179099998], [75.1283386458, 18.078338179099998], [75.1283386458, 18.079171513099997], [75.12806086779999, 18.079171513099997]]]}}, {"type": "Feature", "properties": {"time_min": 20, "depth_min_m": 0.05, "depth_max_m": 1.0, "depth_class": "0.05\u20131.0 m", "class_area_km2": 0.2536027556049374, "flooded_area_km2": 3.96919900053564, "frame_max_depth_m": 24.516857413521734, "class_mean_depth_m": 0.5488313643252261, "scenario_id": "major_breach", "model_type": "Automated approximate 2D flood-routing prototype", "validated_hydraulic_output": false}, "geometry": {"type": "Polygon", "coordinates": [[[75.1286164238, 18.0786159571], [75.1286164238, 18.078338179099998], [75.1288942018, 18.078338179099998], [75.1288942018, 18.0786159571], [75.1286164238, 18.0786159571]]]}}, {"type": "Feature", "properties": {"time_min": 20, "depth_min_m": 0.05, "depth_max_m": 1.0, "depth_class": "0.05\u20131.0 m", "class_area_km2": 0.2536027556049374, "flooded_area_km2": 3.96919900053564, "frame_max_depth_m": 24.516857413521734, "class_mean_depth_m": 0.5488313643252261, "scenario_id": "major_breach", "model_type": "Automated approximate 2D flood-routing prototype", "validated_hydraulic_output": false}, "geometry": {"type": "Polygon", "coordinates": [[[75.1330608718, 18.0786159571], [75.1330608718, 18.078338179099998], [75.1333386498, 18.078338179099998], [75.1333386498, 18.0786159571], [75.1330608718, 18.0786159571]]]}}, {"type": "Feature", "properties": {"time_min": 20, "depth_min_m": 0.05, "depth_max_m": 1.0, "depth_class": "0.05\u20131.0 m", "class_area_km2": 0.2536027556049374, "flooded_area_km2": 3.96919900053564, "frame_max_depth_m": 24.516857413521734, "class_mean_depth_m": 0.5488313643252261, "scenario_id": "major_breach", "model_type": "Automated approximate 2D flood-routing prototype", "validated_hydraulic_output": false}, "geometry": {"type": "Polygon", "coordinates": [[[75.1272275338, 18.0788937351], [75.1272275338, 18.0786159571], [75.12639419979999, 18.0786159571], [75.12639419979999, 18.078338179099998], [75.12611642179999, 18.078338179099998], [75.12611642179999, 18.078060401099997], [75.12778308979999, 18.078060401099997], [75.12778308979999, 18.078338179099998], [75.1275053118, 18.078338179099998], [75.1275053118, 18.0788937351], [75.1272275338, 18.0788937351]]]}}, {"type": "Feature", "properties": {"time_min": 20, "depth_min_m": 0.05, "depth_max_m": 1.0, "depth_class": "0.05\u20131.0 m", "class_area_km2": 0.2536027556049374, "flooded_area_km2": 3.96919900053564, "frame_max_depth_m": 24.516857413521734, "class_mean_depth_m": 0.5488313643252261, "scenario_id": "major_breach", "model_type": "Automated approximate 2D flood-routing prototype", "validated_hydraulic_output": false}, "geometry": {"type": "Polygon", "coordinates": [[[75.1225053078, 18.0786159571], [75.1225053078, 18.078338179099998], [75.1227830858, 18.078338179099998], [75.1227830858, 18.0777826231], [75.12306086379999, 18.0777826231], [75.12306086379999, 18.0786159571], [75.1225053078, 18.0786159571]]]}}, {"type": "Feature", "properties": {"time_min": 20, "depth_min_m": 0.05, "depth_max_m": 1.0, "depth_class": "0.05\u20131.0 m", "class_area_km2": 0.2536027556049374, "flooded_area_km2": 3.96919900053564, "frame_max_depth_m": 24.516857413521734, "class_mean_depth_m": 0.5488313643252261, "scenario_id": "major_breach", "model_type": "Automated approximate 2D flood-routing prototype", "validated_hydraulic_output": false}, "geometry": {"type": "Polygon", "coordinates": [[[75.12167197379999, 18.078338179099998], [75.12167197379999, 18.0777826231], [75.12194975179999, 18.0777826231], [75.12194975179999, 18.078338179099998], [75.12167197379999, 18.078338179099998]]]}}, {"type": "Feature", "properties": {"time_min": 20, "depth_min_m": 0.05, "depth_max_m": 1.0, "depth_class": "0.05\u20131.0 m", "class_area_km2": 0.2536027556049374, "flooded_area_km2": 3.96919900053564, "frame_max_depth_m": 24.516857413521734, "class_mean_depth_m": 0.5488313643252261, "scenario_id": "major_breach", "model_type": "Automated approximate 2D flood-routing prototype", "validated_hydraulic_output": false}, "geometry": {"type": "Polygon", "coordinates": [[[75.1241719758, 18.078338179099998], [75.1241719758, 18.0777826231], [75.1244497538, 18.0777826231], [75.1244497538, 18.078338179099998], [75.1241719758, 18.078338179099998]]]}}, {"type": "Feature", "properties": {"time_min": 20, "depth_min_m": 0.05, "depth_max_m": 1.0, "depth_class": "0.05\u20131.0 m", "class_area_km2": 0.2536027556049374, "flooded_area_km2": 3.96919900053564, "frame_max_depth_m": 24.516857413521734, "class_mean_depth_m": 0.5488313643252261, "scenario_id": "major_breach", "model_type": "Automated approximate 2D flood-routing prototype", "validated_hydraulic_output": false}, "geometry": {"type": "Polygon", "coordinates": [[[75.12500530979999, 18.0788937351], [75.12500530979999, 18.078338179099998], [75.12472753179999, 18.078338179099998], [75.12472753179999, 18.078060401099997], [75.12500530979999, 18.078060401099997], [75.12500530979999, 18.0777826231], [75.1252830878, 18.0777826231], [75.1252830878, 18.0788937351], [75.12500530979999, 18.0788937351]]]}}, {"type": "Feature", "properties": {"time_min": 20, "depth_min_m": 0.05, "depth_max_m": 1.0, "depth_class": "0.05\u20131.0 m", "class_area_km2": 0.2536027556049374, "flooded_area_km2": 3.96919900053564, "frame_max_depth_m": 24.516857413521734, "class_mean_depth_m": 0.5488313643252261, "scenario_id": "major_breach", "model_type": "Automated approximate 2D flood-routing prototype", "validated_hydraulic_output": false}, "geometry": {"type": "Polygon", "coordinates": [[[75.1211164178, 18.078060401099997], [75.1211164178, 18.0777826231], [75.1213941958, 18.0777826231], [75.1213941958, 18.078060401099997], [75.1211164178, 18.078060401099997]]]}}, {"type": "Feature", "properties": {"time_min": 20, "depth_min_m": 0.05, "depth_max_m": 1.0, "depth_class": "0.05\u20131.0 m", "class_area_km2": 0.2536027556049374, "flooded_area_km2": 3.96919900053564, "frame_max_depth_m": 24.516857413521734, "class_mean_depth_m": 0.5488313643252261, "scenario_id": "major_breach", "model_type": "Automated approximate 2D flood-routing prototype", "validated_hydraulic_output": false}, "geometry": {"type": "Polygon", "coordinates": [[[75.12333864179999, 18.078060401099997], [75.12333864179999, 18.0777826231], [75.1236164198, 18.0777826231], [75.1236164198, 18.078060401099997], [75.12333864179999, 18.078060401099997]]]}}, {"type": "Feature", "properties": {"time_min": 20, "depth_min_m": 0.05, "depth_max_m": 1.0, "depth_class": "0.05\u20131.0 m", "class_area_km2": 0.2536027556049374, "flooded_area_km2": 3.96919900053564, "frame_max_depth_m": 24.516857413521734, "class_mean_depth_m": 0.5488313643252261, "scenario_id": "major_breach", "model_type": "Automated approximate 2D flood-routing prototype", "validated_hydraulic_output": false}, "geometry": {"type": "Polygon", "coordinates": [[[75.12806086779999, 18.078060401099997], [75.12806086779999, 18.0777826231], [75.1283386458, 18.0777826231], [75.1283386458, 18.078060401099997], [75.12806086779999, 18.078060401099997]]]}}, {"type": "Feature", "properties": {"time_min": 20, "depth_min_m": 0.05, "depth_max_m": 1.0, "depth_class": "0.05\u20131.0 m", "class_area_km2": 0.2536027556049374, "flooded_area_km2": 3.96919900053564, "frame_max_depth_m": 24.516857413521734, "class_mean_depth_m": 0.5488313643252261, "scenario_id": "major_breach", "model_type": "Automated approximate 2D flood-routing prototype", "validated_hydraulic_output": false}, "geometry": {"type": "Polygon", "coordinates": [[[75.1316719818, 18.0786159571], [75.1316719818, 18.078060401099997], [75.1313942038, 18.078060401099997], [75.1313942038, 18.0777826231], [75.1319497598, 18.0777826231], [75.1319497598, 18.0786159571], [75.1316719818, 18.0786159571]]]}}, {"type": "Feature", "properties": {"time_min": 20, "depth_min_m": 0.05, "depth_max_m": 1.0, "depth_class": "0.05\u20131.0 m", "class_area_km2": 0.2536027556049374, "flooded_area_km2": 3.96919900053564, "frame_max_depth_m": 24.516857413521734, "class_mean_depth_m": 0.5488313643252261, "scenario_id": "major_breach", "model_type": "Automated approximate 2D flood-routing prototype", "validated_hydraulic_output": false}, "geometry": {"type": "Polygon", "coordinates": [[[75.12306086379999, 18.0777826231], [75.12306086379999, 18.077504845099998], [75.12333864179999, 18.077504845099998], [75.12333864179999, 18.0777826231], [75.12306086379999, 18.0777826231]]]}}, {"type": "Feature", "properties": {"time_min": 20, "depth_min_m": 0.05, "depth_max_m": 1.0, "depth_class": "0.05\u20131.0 m", "class_area_km2": 0.2536027556049374, "flooded_area_km2": 3.96919900053564, "frame_max_depth_m": 24.516857413521734, "class_mean_depth_m": 0.5488313643252261, "scenario_id": "major_breach", "model_type": "Automated approximate 2D flood-routing prototype", "validated_hydraulic_output": false}, "geometry": {"type": "Polygon", "coordinates": [[[75.1244497538, 18.0777826231], [75.1244497538, 18.077504845099998], [75.12472753179999, 18.077504845099998], [75.12472753179999, 18.0777826231], [75.1244497538, 18.0777826231]]]}}, {"type": "Feature", "properties": {"time_min": 20, "depth_min_m": 0.05, "depth_max_m": 1.0, "depth_class": "0.05\u20131.0 m", "class_area_km2": 0.2536027556049374, "flooded_area_km2": 3.96919900053564, "frame_max_depth_m": 24.516857413521734, "class_mean_depth_m": 0.5488313643252261, "scenario_id": "major_breach", "model_type": "Automated approximate 2D flood-routing prototype", "validated_hydraulic_output": false}, "geometry": {"type": "Polygon", "coordinates": [[[75.1252830878, 18.0777826231], [75.1252830878, 18.077227067099997], [75.1258386438, 18.077227067099997], [75.1258386438, 18.077504845099998], [75.1255608658, 18.077504845099998], [75.1255608658, 18.0777826231], [75.1252830878, 18.0777826231]]]}}, {"type": "Feature", "properties": {"time_min": 20, "depth_min_m": 0.05, "depth_max_m": 1.0, "depth_class": "0.05\u20131.0 m", "class_area_km2": 0.2536027556049374, "flooded_area_km2": 3.96919900053564, "frame_max_depth_m": 24.516857413521734, "class_mean_depth_m": 0.5488313643252261, "scenario_id": "major_breach", "model_type": "Automated approximate 2D flood-routing prototype", "validated_hydraulic_output": false}, "geometry": {"type": "Polygon", "coordinates": [[[75.1222275298, 18.077504845099998], [75.1222275298, 18.077227067099997], [75.1225053078, 18.077227067099997], [75.1225053078, 18.077504845099998], [75.1222275298, 18.077504845099998]]]}}, {"type": "Feature", "properties": {"time_min": 20, "depth_min_m": 0.05, "depth_max_m": 1.0, "depth_class": "0.05\u20131.0 m", "class_area_km2": 0.2536027556049374, "flooded_area_km2": 3.96919900053564, "frame_max_depth_m": 24.516857413521734, "class_mean_depth_m": 0.5488313643252261, "scenario_id": "major_breach", "model_type": "Automated approximate 2D flood-routing prototype", "validated_hydraulic_output": false}, "geometry": {"type": "Polygon", "coordinates": [[[75.12333864179999, 18.077504845099998], [75.12333864179999, 18.077227067099997], [75.1238941978, 18.077227067099997], [75.1238941978, 18.077504845099998], [75.12333864179999, 18.077504845099998]]]}}, {"type": "Feature", "properties": {"time_min": 20, "depth_min_m": 0.05, "depth_max_m": 1.0, "depth_class": "0.05\u20131.0 m", "class_area_km2": 0.2536027556049374, "flooded_area_km2": 3.96919900053564, "frame_max_depth_m": 24.516857413521734, "class_mean_depth_m": 0.5488313643252261, "scenario_id": "major_breach", "model_type": "Automated approximate 2D flood-routing prototype", "validated_hydraulic_output": false}, "geometry": {"type": "Polygon", "coordinates": [[[75.1241719758, 18.077504845099998], [75.1241719758, 18.077227067099997], [75.1244497538, 18.077227067099997], [75.1244497538, 18.077504845099998], [75.1241719758, 18.077504845099998]]]}}, {"type": "Feature", "properties": {"time_min": 20, "depth_min_m": 0.05, "depth_max_m": 1.0, "depth_class": "0.05\u20131.0 m", "class_area_km2": 0.2536027556049374, "flooded_area_km2": 3.96919900053564, "frame_max_depth_m": 24.516857413521734, "class_mean_depth_m": 0.5488313643252261, "scenario_id": "major_breach", "model_type": "Automated approximate 2D flood-routing prototype", "validated_hydraulic_output": false}, "geometry": {"type": "Polygon", "coordinates": [[[75.12639419979999, 18.077504845099998], [75.12639419979999, 18.077227067099997], [75.1269497558, 18.077227067099997], [75.1269497558, 18.077504845099998], [75.12639419979999, 18.077504845099998]]]}}, {"type": "Feature", "properties": {"time_min": 20, "depth_min_m": 0.05, "depth_max_m": 1.0, "depth_class": "0.05\u20131.0 m", "class_area_km2": 0.2536027556049374, "flooded_area_km2": 3.96919900053564, "frame_max_depth_m": 24.516857413521734, "class_mean_depth_m": 0.5488313643252261, "scenario_id": "major_breach", "model_type": "Automated approximate 2D flood-routing prototype", "validated_hydraulic_output": false}, "geometry": {"type": "Polygon", "coordinates": [[[75.1288942018, 18.077504845099998], [75.1288942018, 18.077227067099997], [75.12917197979999, 18.077227067099997], [75.12917197979999, 18.077504845099998], [75.1288942018, 18.077504845099998]]]}}, {"type": "Feature", "properties": {"time_min": 20, "depth_min_m": 0.05, "depth_max_m": 1.0, "depth_class": "0.05\u20131.0 m", "class_area_km2": 0.2536027556049374, "flooded_area_km2": 3.96919900053564, "frame_max_depth_m": 24.516857413521734, "class_mean_depth_m": 0.5488313643252261, "scenario_id": "major_breach", "model_type": "Automated approximate 2D flood-routing prototype", "validated_hydraulic_output": false}, "geometry": {"type": "Polygon", "coordinates": [[[75.12194975179999, 18.077227067099997], [75.12194975179999, 18.076949289099996], [75.1222275298, 18.076949289099996], [75.1222275298, 18.077227067099997], [75.12194975179999, 18.077227067099997]]]}}, {"type": "Feature", "properties": {"time_min": 20, "depth_min_m": 0.05, "depth_max_m": 1.0, "depth_class": "0.05\u20131.0 m", "class_area_km2": 0.2536027556049374, "flooded_area_km2": 3.96919900053564, "frame_max_depth_m": 24.516857413521734, "class_mean_depth_m": 0.5488313643252261, "scenario_id": "major_breach", "model_type": "Automated approximate 2D flood-routing prototype", "validated_hydraulic_output": false}, "geometry": {"type": "Polygon", "coordinates": [[[75.1258386438, 18.077227067099997], [75.1258386438, 18.076949289099996], [75.12611642179999, 18.076949289099996], [75.12611642179999, 18.077227067099997], [75.1258386438, 18.077227067099997]]]}}, {"type": "Feature", "properties": {"time_min": 20, "depth_min_m": 0.05, "depth_max_m": 1.0, "depth_class": "0.05\u20131.0 m", "class_area_km2": 0.2536027556049374, "flooded_area_km2": 3.96919900053564, "frame_max_depth_m": 24.516857413521734, "class_mean_depth_m": 0.5488313643252261, "scenario_id": "major_breach", "model_type": "Automated approximate 2D flood-routing prototype", "validated_hydraulic_output": false}, "geometry": {"type": "Polygon", "coordinates": [[[75.1269497558, 18.077227067099997], [75.1269497558, 18.076949289099996], [75.1272275338, 18.076949289099996], [75.1272275338, 18.077227067099997], [75.1269497558, 18.077227067099997]]]}}, {"type": "Feature", "properties": {"time_min": 20, "depth_min_m": 0.05, "depth_max_m": 1.0, "depth_class": "0.05\u20131.0 m", "class_area_km2": 0.2536027556049374, "flooded_area_km2": 3.96919900053564, "frame_max_depth_m": 24.516857413521734, "class_mean_depth_m": 0.5488313643252261, "scenario_id": "major_breach", "model_type": "Automated approximate 2D flood-routing prototype", "validated_hydraulic_output": false}, "geometry": {"type": "Polygon", "coordinates": [[[75.1275053118, 18.077227067099997], [75.1275053118, 18.076949289099996], [75.12778308979999, 18.076949289099996], [75.12778308979999, 18.077227067099997], [75.1275053118, 18.077227067099997]]]}}, {"type": "Feature", "properties": {"time_min": 20, "depth_min_m": 0.05, "depth_max_m": 1.0, "depth_class": "0.05\u20131.0 m", "class_area_km2": 0.2536027556049374, "flooded_area_km2": 3.96919900053564, "frame_max_depth_m": 24.516857413521734, "class_mean_depth_m": 0.5488313643252261, "scenario_id": "major_breach", "model_type": "Automated approximate 2D flood-routing prototype", "validated_hydraulic_output": false}, "geometry": {"type": "Polygon", "coordinates": [[[75.1330608718, 18.077227067099997], [75.1330608718, 18.0766715111], [75.1333386498, 18.0766715111], [75.1333386498, 18.077227067099997], [75.1330608718, 18.077227067099997]]]}}, {"type": "Feature", "properties": {"time_min": 20, "depth_min_m": 0.05, "depth_max_m": 1.0, "depth_class": "0.05\u20131.0 m", "class_area_km2": 0.2536027556049374, "flooded_area_km2": 3.96919900053564, "frame_max_depth_m": 24.516857413521734, "class_mean_depth_m": 0.5488313643252261, "scenario_id": "major_breach", "model_type": "Automated approximate 2D flood-routing prototype", "validated_hydraulic_output": false}, "geometry": {"type": "Polygon", "coordinates": [[[75.12500530979999, 18.076949289099996], [75.12500530979999, 18.0766715111], [75.1252830878, 18.0766715111], [75.1252830878, 18.076949289099996], [75.12500530979999, 18.076949289099996]]]}}, {"type": "Feature", "properties": {"time_min": 20, "depth_min_m": 0.05, "depth_max_m": 1.0, "depth_class": "0.05\u20131.0 m", "class_area_km2": 0.2536027556049374, "flooded_area_km2": 3.96919900053564, "frame_max_depth_m": 24.516857413521734, "class_mean_depth_m": 0.5488313643252261, "scenario_id": "major_breach", "model_type": "Automated approximate 2D flood-routing prototype", "validated_hydraulic_output": false}, "geometry": {"type": "Polygon", "coordinates": [[[75.12806086779999, 18.076949289099996], [75.12806086779999, 18.0766715111], [75.1283386458, 18.0766715111], [75.1283386458, 18.076949289099996], [75.12806086779999, 18.076949289099996]]]}}, {"type": "Feature", "properties": {"time_min": 20, "depth_min_m": 0.05, "depth_max_m": 1.0, "depth_class": "0.05\u20131.0 m", "class_area_km2": 0.2536027556049374, "flooded_area_km2": 3.96919900053564, "frame_max_depth_m": 24.516857413521734, "class_mean_depth_m": 0.5488313643252261, "scenario_id": "major_breach", "model_type": "Automated approximate 2D flood-routing prototype", "validated_hydraulic_output": false}, "geometry": {"type": "Polygon", "coordinates": [[[75.12306086379999, 18.076949289099996], [75.12306086379999, 18.076393733099998], [75.12333864179999, 18.076393733099998], [75.12333864179999, 18.076949289099996], [75.12306086379999, 18.076949289099996]]]}}, {"type": "Feature", "properties": {"time_min": 20, "depth_min_m": 0.05, "depth_max_m": 1.0, "depth_class": "0.05\u20131.0 m", "class_area_km2": 0.2536027556049374, "flooded_area_km2": 3.96919900053564, "frame_max_depth_m": 24.516857413521734, "class_mean_depth_m": 0.5488313643252261, "scenario_id": "major_breach", "model_type": "Automated approximate 2D flood-routing prototype", "validated_hydraulic_output": false}, "geometry": {"type": "Polygon", "coordinates": [[[75.1236164198, 18.076949289099996], [75.1236164198, 18.0766715111], [75.1238941978, 18.0766715111], [75.1238941978, 18.076393733099998], [75.1241719758, 18.076393733099998], [75.1241719758, 18.076949289099996], [75.1236164198, 18.076949289099996]]]}}, {"type": "Feature", "properties": {"time_min": 20, "depth_min_m": 0.05, "depth_max_m": 1.0, "depth_class": "0.05\u20131.0 m", "class_area_km2": 0.2536027556049374, "flooded_area_km2": 3.96919900053564, "frame_max_depth_m": 24.516857413521734, "class_mean_depth_m": 0.5488313643252261, "scenario_id": "major_breach", "model_type": "Automated approximate 2D flood-routing prototype", "validated_hydraulic_output": false}, "geometry": {"type": "Polygon", "coordinates": [[[75.12917197979999, 18.076949289099996], [75.12917197979999, 18.076393733099998], [75.12944975779999, 18.076393733099998], [75.12944975779999, 18.076949289099996], [75.12917197979999, 18.076949289099996]]]}}, {"type": "Feature", "properties": {"time_min": 20, "depth_min_m": 0.05, "depth_max_m": 1.0, "depth_class": "0.05\u20131.0 m", "class_area_km2": 0.2536027556049374, "flooded_area_km2": 3.96919900053564, "frame_max_depth_m": 24.516857413521734, "class_mean_depth_m": 0.5488313643252261, "scenario_id": "major_breach", "model_type": "Automated approximate 2D flood-routing prototype", "validated_hydraulic_output": false}, "geometry": {"type": "Polygon", "coordinates": [[[75.1244497538, 18.0766715111], [75.1244497538, 18.076393733099998], [75.12500530979999, 18.076393733099998], [75.12500530979999, 18.0766715111], [75.1244497538, 18.0766715111]]]}}, {"type": "Feature", "properties": {"time_min": 20, "depth_min_m": 0.05, "depth_max_m": 1.0, "depth_class": "0.05\u20131.0 m", "class_area_km2": 0.2536027556049374, "flooded_area_km2": 3.96919900053564, "frame_max_depth_m": 24.516857413521734, "class_mean_depth_m": 0.5488313643252261, "scenario_id": "major_breach", "model_type": "Automated approximate 2D flood-routing prototype", "validated_hydraulic_output": false}, "geometry": {"type": "Polygon", "coordinates": [[[75.1266719778, 18.076949289099996], [75.1266719778, 18.0766715111], [75.12639419979999, 18.0766715111], [75.12639419979999, 18.076393733099998], [75.1269497558, 18.076393733099998], [75.1269497558, 18.076115955099997], [75.1272275338, 18.076115955099997], [75.1272275338, 18.076393733099998], [75.1275053118, 18.076393733099998], [75.1275053118, 18.0766715111], [75.1269497558, 18.0766715111], [75.1269497558, 18.076949289099996], [75.1266719778, 18.076949289099996]]]}}, {"type": "Feature", "properties": {"time_min": 20, "depth_min_m": 0.05, "depth_max_m": 1.0, "depth_class": "0.05\u20131.0 m", "class_area_km2": 0.2536027556049374, "flooded_area_km2": 3.96919900053564, "frame_max_depth_m": 24.516857413521734, "class_mean_depth_m": 0.5488313643252261, "scenario_id": "major_breach", "model_type": "Automated approximate 2D flood-routing prototype", "validated_hydraulic_output": false}, "geometry": {"type": "Polygon", "coordinates": [[[75.1222275298, 18.076393733099998], [75.1222275298, 18.076115955099997], [75.1225053078, 18.076115955099997], [75.1225053078, 18.076393733099998], [75.1222275298, 18.076393733099998]]]}}, {"type": "Feature", "properties": {"time_min": 20, "depth_min_m": 0.05, "depth_max_m": 1.0, "depth_class": "0.05\u20131.0 m", "class_area_km2": 0.2536027556049374, "flooded_area_km2": 3.96919900053564, "frame_max_depth_m": 24.516857413521734, "class_mean_depth_m": 0.5488313643252261, "scenario_id": "major_breach", "model_type": "Automated approximate 2D flood-routing prototype", "validated_hydraulic_output": false}, "geometry": {"type": "Polygon", "coordinates": [[[75.1236164198, 18.076393733099998], [75.1236164198, 18.0758381771], [75.1238941978, 18.0758381771], [75.1238941978, 18.076393733099998], [75.1236164198, 18.076393733099998]]]}}, {"type": "Feature", "properties": {"time_min": 20, "depth_min_m": 0.05, "depth_max_m": 1.0, "depth_class": "0.05\u20131.0 m", "class_area_km2": 0.2536027556049374, "flooded_area_km2": 3.96919900053564, "frame_max_depth_m": 24.516857413521734, "class_mean_depth_m": 0.5488313643252261, "scenario_id": "major_breach", "model_type": "Automated approximate 2D flood-routing prototype", "validated_hydraulic_output": false}, "geometry": {"type": "Polygon", "coordinates": [[[75.12306086379999, 18.076115955099997], [75.12306086379999, 18.0758381771], [75.12333864179999, 18.0758381771], [75.12333864179999, 18.076115955099997], [75.12306086379999, 18.076115955099997]]]}}, {"type": "Feature", "properties": {"time_min": 20, "depth_min_m": 0.05, "depth_max_m": 1.0, "depth_class": "0.05\u20131.0 m", "class_area_km2": 0.2536027556049374, "flooded_area_km2": 3.96919900053564, "frame_max_depth_m": 24.516857413521734, "class_mean_depth_m": 0.5488313643252261, "scenario_id": "major_breach", "model_type": "Automated approximate 2D flood-routing prototype", "validated_hydraulic_output": false}, "geometry": {"type": "Polygon", "coordinates": [[[75.1272275338, 18.076115955099997], [75.1272275338, 18.0758381771], [75.1275053118, 18.0758381771], [75.1275053118, 18.076115955099997], [75.1272275338, 18.076115955099997]]]}}, {"type": "Feature", "properties": {"time_min": 20, "depth_min_m": 0.05, "depth_max_m": 1.0, "depth_class": "0.05\u20131.0 m", "class_area_km2": 0.2536027556049374, "flooded_area_km2": 3.96919900053564, "frame_max_depth_m": 24.516857413521734, "class_mean_depth_m": 0.5488313643252261, "scenario_id": "major_breach", "model_type": "Automated approximate 2D flood-routing prototype", "validated_hydraulic_output": false}, "geometry": {"type": "Polygon", "coordinates": [[[75.12333864179999, 18.0758381771], [75.12333864179999, 18.0755603991], [75.1236164198, 18.0755603991], [75.1236164198, 18.0758381771], [75.12333864179999, 18.0758381771]]]}}, {"type": "Feature", "properties": {"time_min": 20, "depth_min_m": 0.05, "depth_max_m": 1.0, "depth_class": "0.05\u20131.0 m", "class_area_km2": 0.2536027556049374, "flooded_area_km2": 3.96919900053564, "frame_max_depth_m": 24.516857413521734, "class_mean_depth_m": 0.5488313643252261, "scenario_id": "major_breach", "model_type": "Automated approximate 2D flood-routing prototype", "validated_hydraulic_output": false}, "geometry": {"type": "Polygon", "coordinates": [[[75.12472753179999, 18.0758381771], [75.12472753179999, 18.0755603991], [75.12500530979999, 18.0755603991], [75.12500530979999, 18.0758381771], [75.12472753179999, 18.0758381771]]]}}, {"type": "Feature", "properties": {"time_min": 20, "depth_min_m": 0.05, "depth_max_m": 1.0, "depth_class": "0.05\u20131.0 m", "class_area_km2": 0.2536027556049374, "flooded_area_km2": 3.96919900053564, "frame_max_depth_m": 24.516857413521734, "class_mean_depth_m": 0.5488313643252261, "scenario_id": "major_breach", "model_type": "Automated approximate 2D flood-routing prototype", "validated_hydraulic_output": false}, "geometry": {"type": "Polygon", "coordinates": [[[75.1252830878, 18.076115955099997], [75.1252830878, 18.0758381771], [75.1255608658, 18.0758381771], [75.1255608658, 18.075282621099998], [75.1258386438, 18.075282621099998], [75.1258386438, 18.076115955099997], [75.1252830878, 18.076115955099997]]]}}, {"type": "Feature", "properties": {"time_min": 20, "depth_min_m": 0.05, "depth_max_m": 1.0, "depth_class": "0.05\u20131.0 m", "class_area_km2": 0.2536027556049374, "flooded_area_km2": 3.96919900053564, "frame_max_depth_m": 24.516857413521734, "class_mean_depth_m": 0.5488313643252261, "scenario_id": "major_breach", "model_type": "Automated approximate 2D flood-routing prototype", "validated_hydraulic_output": false}, "geometry": {"type": "Polygon", "coordinates": [[[75.1238941978, 18.0758381771], [75.1238941978, 18.0755603991], [75.1241719758, 18.0755603991], [75.1241719758, 18.075282621099998], [75.1244497538, 18.075282621099998], [75.1244497538, 18.0758381771], [75.1238941978, 18.0758381771]]]}}, {"type": "Feature", "properties": {"time_min": 20, "depth_min_m": 0.05, "depth_max_m": 1.0, "depth_class": "0.05\u20131.0 m", "class_area_km2": 0.2536027556049374, "flooded_area_km2": 3.96919900053564, "frame_max_depth_m": 24.516857413521734, "class_mean_depth_m": 0.5488313643252261, "scenario_id": "major_breach", "model_type": "Automated approximate 2D flood-routing prototype", "validated_hydraulic_output": false}, "geometry": {"type": "Polygon", "coordinates": [[[75.1213941958, 18.0755603991], [75.1213941958, 18.075282621099998], [75.12167197379999, 18.075282621099998], [75.12167197379999, 18.0755603991], [75.1213941958, 18.0755603991]]]}}, {"type": "Feature", "properties": {"time_min": 20, "depth_min_m": 0.05, "depth_max_m": 1.0, "depth_class": "0.05\u20131.0 m", "class_area_km2": 0.2536027556049374, "flooded_area_km2": 3.96919900053564, "frame_max_depth_m": 24.516857413521734, "class_mean_depth_m": 0.5488313643252261, "scenario_id": "major_breach", "model_type": "Automated approximate 2D flood-routing prototype", "validated_hydraulic_output": false}, "geometry": {"type": "Polygon", "coordinates": [[[75.13222753779999, 18.0755603991], [75.13222753779999, 18.075282621099998], [75.13250531579999, 18.075282621099998], [75.13250531579999, 18.0755603991], [75.13222753779999, 18.0755603991]]]}}, {"type": "Feature", "properties": {"time_min": 20, "depth_min_m": 0.05, "depth_max_m": 1.0, "depth_class": "0.05\u20131.0 m", "class_area_km2": 0.2536027556049374, "flooded_area_km2": 3.96919900053564, "frame_max_depth_m": 24.516857413521734, "class_mean_depth_m": 0.5488313643252261, "scenario_id": "major_breach", "model_type": "Automated approximate 2D flood-routing prototype", "validated_hydraulic_output": false}, "geometry": {"type": "Polygon", "coordinates": [[[75.1222275298, 18.0758381771], [75.1222275298, 18.075004843099997], [75.1225053078, 18.075004843099997], [75.1225053078, 18.075282621099998], [75.1227830858, 18.075282621099998], [75.1227830858, 18.0755603991], [75.1225053078, 18.0755603991], [75.1225053078, 18.0758381771], [75.1222275298, 18.0758381771]]]}}, {"type": "Feature", "properties": {"time_min": 20, "depth_min_m": 0.05, "depth_max_m": 1.0, "depth_class": "0.05\u20131.0 m", "class_area_km2": 0.2536027556049374, "flooded_area_km2": 3.96919900053564, "frame_max_depth_m": 24.516857413521734, "class_mean_depth_m": 0.5488313643252261, "scenario_id": "major_breach", "model_type": "Automated approximate 2D flood-routing prototype", "validated_hydraulic_output": false}, "geometry": {"type": "Polygon", "coordinates": [[[75.1227830858, 18.075282621099998], [75.1227830858, 18.075004843099997], [75.12306086379999, 18.075004843099997], [75.12306086379999, 18.075282621099998], [75.1227830858, 18.075282621099998]]]}}, {"type": "Feature", "properties": {"time_min": 20, "depth_min_m": 0.05, "depth_max_m": 1.0, "depth_class": "0.05\u20131.0 m", "class_area_km2": 0.2536027556049374, "flooded_area_km2": 3.96919900053564, "frame_max_depth_m": 24.516857413521734, "class_mean_depth_m": 0.5488313643252261, "scenario_id": "major_breach", "model_type": "Automated approximate 2D flood-routing prototype", "validated_hydraulic_output": false}, "geometry": {"type": "Polygon", "coordinates": [[[75.12333864179999, 18.075004843099997], [75.12333864179999, 18.0747270651], [75.1236164198, 18.0747270651], [75.1236164198, 18.075004843099997], [75.12333864179999, 18.075004843099997]]]}}, {"type": "Feature", "properties": {"time_min": 20, "depth_min_m": 0.05, "depth_max_m": 1.0, "depth_class": "0.05\u20131.0 m", "class_area_km2": 0.2536027556049374, "flooded_area_km2": 3.96919900053564, "frame_max_depth_m": 24.516857413521734, "class_mean_depth_m": 0.5488313643252261, "scenario_id": "major_breach", "model_type": "Automated approximate 2D flood-routing prototype", "validated_hydraulic_output": false}, "geometry": {"type": "Polygon", "coordinates": [[[75.13250531579999, 18.075004843099997], [75.13250531579999, 18.0747270651], [75.1327830938, 18.0747270651], [75.1327830938, 18.075004843099997], [75.13250531579999, 18.075004843099997]]]}}, {"type": "Feature", "properties": {"time_min": 20, "depth_min_m": 0.05, "depth_max_m": 1.0, "depth_class": "0.05\u20131.0 m", "class_area_km2": 0.2536027556049374, "flooded_area_km2": 3.96919900053564, "frame_max_depth_m": 24.516857413521734, "class_mean_depth_m": 0.5488313643252261, "scenario_id": "major_breach", "model_type": "Automated approximate 2D flood-routing prototype", "validated_hydraulic_output": false}, "geometry": {"type": "Polygon", "coordinates": [[[75.1213941958, 18.0747270651], [75.1213941958, 18.0744492871], [75.12167197379999, 18.0744492871], [75.12167197379999, 18.0747270651], [75.1213941958, 18.0747270651]]]}}, {"type": "Feature", "properties": {"time_min": 20, "depth_min_m": 0.05, "depth_max_m": 1.0, "depth_class": "0.05\u20131.0 m", "class_area_km2": 0.2536027556049374, "flooded_area_km2": 3.96919900053564, "frame_max_depth_m": 24.516857413521734, "class_mean_depth_m": 0.5488313643252261, "scenario_id": "major_breach", "model_type": "Automated approximate 2D flood-routing prototype", "validated_hydraulic_output": false}, "geometry": {"type": "Polygon", "coordinates": [[[75.1225053078, 18.075004843099997], [75.1225053078, 18.0747270651], [75.1222275298, 18.0747270651], [75.1222275298, 18.0744492871], [75.1227830858, 18.0744492871], [75.1227830858, 18.075004843099997], [75.1225053078, 18.075004843099997]]]}}, {"type": "Feature", "properties": {"time_min": 20, "depth_min_m": 0.05, "depth_max_m": 1.0, "depth_class": "0.05\u20131.0 m", "class_area_km2": 0.2536027556049374, "flooded_area_km2": 3.96919900053564, "frame_max_depth_m": 24.516857413521734, "class_mean_depth_m": 0.5488313643252261, "scenario_id": "major_breach", "model_type": "Automated approximate 2D flood-routing prototype", "validated_hydraulic_output": false}, "geometry": {"type": "Polygon", "coordinates": [[[75.1258386438, 18.0747270651], [75.1258386438, 18.0744492871], [75.12611642179999, 18.0744492871], [75.12611642179999, 18.0747270651], [75.1258386438, 18.0747270651]]]}}, {"type": "Feature", "properties": {"time_min": 20, "depth_min_m": 0.05, "depth_max_m": 1.0, "depth_class": "0.05\u20131.0 m", "class_area_km2": 0.2536027556049374, "flooded_area_km2": 3.96919900053564, "frame_max_depth_m": 24.516857413521734, "class_mean_depth_m": 0.5488313643252261, "scenario_id": "major_breach", "model_type": "Automated approximate 2D flood-routing prototype", "validated_hydraulic_output": false}, "geometry": {"type": "Polygon", "coordinates": [[[75.12194975179999, 18.0744492871], [75.12194975179999, 18.074171509099997], [75.1222275298, 18.074171509099997], [75.1222275298, 18.0744492871], [75.12194975179999, 18.0744492871]]]}}, {"type": "Feature", "properties": {"time_min": 20, "depth_min_m": 0.05, "depth_max_m": 1.0, "depth_class": "0.05\u20131.0 m", "class_area_km2": 0.2536027556049374, "flooded_area_km2": 3.96919900053564, "frame_max_depth_m": 24.516857413521734, "class_mean_depth_m": 0.5488313643252261, "scenario_id": "major_breach", "model_type": "Automated approximate 2D flood-routing prototype", "validated_hydraulic_output": false}, "geometry": {"type": "Polygon", "coordinates": [[[75.1302830918, 18.074171509099997], [75.1302830918, 18.073893731099997], [75.1305608698, 18.073893731099997], [75.1305608698, 18.074171509099997], [75.1302830918, 18.074171509099997]]]}}, {"type": "Feature", "properties": {"time_min": 20, "depth_min_m": 0.05, "depth_max_m": 1.0, "depth_class": "0.05\u20131.0 m", "class_area_km2": 0.2536027556049374, "flooded_area_km2": 3.96919900053564, "frame_max_depth_m": 24.516857413521734, "class_mean_depth_m": 0.5488313643252261, "scenario_id": "major_breach", "model_type": "Automated approximate 2D flood-routing prototype", "validated_hydraulic_output": false}, "geometry": {"type": "Polygon", "coordinates": [[[75.1222275298, 18.073893731099997], [75.1222275298, 18.0736159531], [75.1225053078, 18.0736159531], [75.1225053078, 18.073893731099997], [75.1222275298, 18.073893731099997]]]}}, {"type": "Feature", "properties": {"time_min": 20, "depth_min_m": 0.05, "depth_max_m": 1.0, "depth_class": "0.05\u20131.0 m", "class_area_km2": 0.2536027556049374, "flooded_area_km2": 3.96919900053564, "frame_max_depth_m": 24.516857413521734, "class_mean_depth_m": 0.5488313643252261, "scenario_id": "major_breach", "model_type": "Automated approximate 2D flood-routing prototype", "validated_hydraulic_output": false}, "geometry": {"type": "Polygon", "coordinates": [[[75.1288942018, 18.073893731099997], [75.1288942018, 18.0736159531], [75.12917197979999, 18.0736159531], [75.12917197979999, 18.073893731099997], [75.1288942018, 18.073893731099997]]]}}, {"type": "Feature", "properties": {"time_min": 20, "depth_min_m": 0.05, "depth_max_m": 1.0, "depth_class": "0.05\u20131.0 m", "class_area_km2": 0.2536027556049374, "flooded_area_km2": 3.96919900053564, "frame_max_depth_m": 24.516857413521734, "class_mean_depth_m": 0.5488313643252261, "scenario_id": "major_breach", "model_type": "Automated approximate 2D flood-routing prototype", "validated_hydraulic_output": false}, "geometry": {"type": "Polygon", "coordinates": [[[75.1305608698, 18.073893731099997], [75.1305608698, 18.0736159531], [75.13111642579999, 18.0736159531], [75.13111642579999, 18.073893731099997], [75.1305608698, 18.073893731099997]]]}}, {"type": "Feature", "properties": {"time_min": 20, "depth_min_m": 0.05, "depth_max_m": 1.0, "depth_class": "0.05\u20131.0 m", "class_area_km2": 0.2536027556049374, "flooded_area_km2": 3.96919900053564, "frame_max_depth_m": 24.516857413521734, "class_mean_depth_m": 0.5488313643252261, "scenario_id": "major_breach", "model_type": "Automated approximate 2D flood-routing prototype", "validated_hydraulic_output": false}, "geometry": {"type": "Polygon", "coordinates": [[[75.13222753779999, 18.073893731099997], [75.13222753779999, 18.0736159531], [75.13250531579999, 18.0736159531], [75.13250531579999, 18.073893731099997], [75.13222753779999, 18.073893731099997]]]}}, {"type": "Feature", "properties": {"time_min": 20, "depth_min_m": 0.05, "depth_max_m": 1.0, "depth_class": "0.05\u20131.0 m", "class_area_km2": 0.2536027556049374, "flooded_area_km2": 3.96919900053564, "frame_max_depth_m": 24.516857413521734, "class_mean_depth_m": 0.5488313643252261, "scenario_id": "major_breach", "model_type": "Automated approximate 2D flood-routing prototype", "validated_hydraulic_output": false}, "geometry": {"type": "Polygon", "coordinates": [[[75.1313942038, 18.073893731099997], [75.1313942038, 18.073338175099998], [75.1319497598, 18.073338175099998], [75.1319497598, 18.0736159531], [75.1316719818, 18.0736159531], [75.1316719818, 18.073893731099997], [75.1313942038, 18.073893731099997]]]}}, {"type": "Feature", "properties": {"time_min": 20, "depth_min_m": 0.05, "depth_max_m": 1.0, "depth_class": "0.05\u20131.0 m", "class_area_km2": 0.2536027556049374, "flooded_area_km2": 3.96919900053564, "frame_max_depth_m": 24.516857413521734, "class_mean_depth_m": 0.5488313643252261, "scenario_id": "major_breach", "model_type": "Automated approximate 2D flood-routing prototype", "validated_hydraulic_output": false}, "geometry": {"type": "Polygon", "coordinates": [[[75.12000530579999, 18.0736159531], [75.12000530579999, 18.073338175099998], [75.12028308379999, 18.073338175099998], [75.12028308379999, 18.0736159531], [75.12000530579999, 18.0736159531]]]}}, {"type": "Feature", "properties": {"time_min": 20, "depth_min_m": 0.05, "depth_max_m": 1.0, "depth_class": "0.05\u20131.0 m", "class_area_km2": 0.2536027556049374, "flooded_area_km2": 3.96919900053564, "frame_max_depth_m": 24.516857413521734, "class_mean_depth_m": 0.5488313643252261, "scenario_id": "major_breach", "model_type": "Automated approximate 2D flood-routing prototype", "validated_hydraulic_output": false}, "geometry": {"type": "Polygon", "coordinates": [[[75.1205608618, 18.0736159531], [75.1205608618, 18.073338175099998], [75.1208386398, 18.073338175099998], [75.1208386398, 18.0736159531], [75.1205608618, 18.0736159531]]]}}, {"type": "Feature", "properties": {"time_min": 20, "depth_min_m": 0.05, "depth_max_m": 1.0, "depth_class": "0.05\u20131.0 m", "class_area_km2": 0.2536027556049374, "flooded_area_km2": 3.96919900053564, "frame_max_depth_m": 24.516857413521734, "class_mean_depth_m": 0.5488313643252261, "scenario_id": "major_breach", "model_type": "Automated approximate 2D flood-routing prototype", "validated_hydraulic_output": false}, "geometry": {"type": "Polygon", "coordinates": [[[75.1227830858, 18.0736159531], [75.1227830858, 18.073338175099998], [75.12306086379999, 18.073338175099998], [75.12306086379999, 18.0736159531], [75.1227830858, 18.0736159531]]]}}, {"type": "Feature", "properties": {"time_min": 20, "depth_min_m": 0.05, "depth_max_m": 1.0, "depth_class": "0.05\u20131.0 m", "class_area_km2": 0.2536027556049374, "flooded_area_km2": 3.96919900053564, "frame_max_depth_m": 24.516857413521734, "class_mean_depth_m": 0.5488313643252261, "scenario_id": "major_breach", "model_type": "Automated approximate 2D flood-routing prototype", "validated_hydraulic_output": false}, "geometry": {"type": "Polygon", "coordinates": [[[75.1258386438, 18.073893731099997], [75.1258386438, 18.073060397099997], [75.12639419979999, 18.073060397099997], [75.12639419979999, 18.073338175099998], [75.1266719778, 18.073338175099998], [75.1266719778, 18.0736159531], [75.12611642179999, 18.0736159531], [75.12611642179999, 18.073893731099997], [75.1258386438, 18.073893731099997]]]}}, {"type": "Feature", "properties": {"time_min": 20, "depth_min_m": 0.05, "depth_max_m": 1.0, "depth_class": "0.05\u20131.0 m", "class_area_km2": 0.2536027556049374, "flooded_area_km2": 3.96919900053564, "frame_max_depth_m": 24.516857413521734, "class_mean_depth_m": 0.5488313643252261, "scenario_id": "major_breach", "model_type": "Automated approximate 2D flood-routing prototype", "validated_hydraulic_output": false}, "geometry": {"type": "Polygon", "coordinates": [[[75.12028308379999, 18.073338175099998], [75.12028308379999, 18.073060397099997], [75.1205608618, 18.073060397099997], [75.1205608618, 18.073338175099998], [75.12028308379999, 18.073338175099998]]]}}, {"type": "Feature", "properties": {"time_min": 20, "depth_min_m": 0.05, "depth_max_m": 1.0, "depth_class": "0.05\u20131.0 m", "class_area_km2": 0.2536027556049374, "flooded_area_km2": 3.96919900053564, "frame_max_depth_m": 24.516857413521734, "class_mean_depth_m": 0.5488313643252261, "scenario_id": "major_breach", "model_type": "Automated approximate 2D flood-routing prototype", "validated_hydraulic_output": false}, "geometry": {"type": "Polygon", "coordinates": [[[75.1213941958, 18.073338175099998], [75.1213941958, 18.073060397099997], [75.12167197379999, 18.073060397099997], [75.12167197379999, 18.073338175099998], [75.1213941958, 18.073338175099998]]]}}, {"type": "Feature", "properties": {"time_min": 20, "depth_min_m": 0.05, "depth_max_m": 1.0, "depth_class": "0.05\u20131.0 m", "class_area_km2": 0.2536027556049374, "flooded_area_km2": 3.96919900053564, "frame_max_depth_m": 24.516857413521734, "class_mean_depth_m": 0.5488313643252261, "scenario_id": "major_breach", "model_type": "Automated approximate 2D flood-routing prototype", "validated_hydraulic_output": false}, "geometry": {"type": "Polygon", "coordinates": [[[75.12194975179999, 18.073338175099998], [75.12194975179999, 18.073060397099997], [75.1222275298, 18.073060397099997], [75.1222275298, 18.073338175099998], [75.12194975179999, 18.073338175099998]]]}}, {"type": "Feature", "properties": {"time_min": 20, "depth_min_m": 0.05, "depth_max_m": 1.0, "depth_class": "0.05\u20131.0 m", "class_area_km2": 0.2536027556049374, "flooded_area_km2": 3.96919900053564, "frame_max_depth_m": 24.516857413521734, "class_mean_depth_m": 0.5488313643252261, "scenario_id": "major_breach", "model_type": "Automated approximate 2D flood-routing prototype", "validated_hydraulic_output": false}, "geometry": {"type": "Polygon", "coordinates": [[[75.1225053078, 18.073338175099998], [75.1225053078, 18.073060397099997], [75.1227830858, 18.073060397099997], [75.1227830858, 18.073338175099998], [75.1225053078, 18.073338175099998]]]}}, {"type": "Feature", "properties": {"time_min": 20, "depth_min_m": 0.05, "depth_max_m": 1.0, "depth_class": "0.05\u20131.0 m", "class_area_km2": 0.2536027556049374, "flooded_area_km2": 3.96919900053564, "frame_max_depth_m": 24.516857413521734, "class_mean_depth_m": 0.5488313643252261, "scenario_id": "major_breach", "model_type": "Automated approximate 2D flood-routing prototype", "validated_hydraulic_output": false}, "geometry": {"type": "Polygon", "coordinates": [[[75.1266719778, 18.073338175099998], [75.1266719778, 18.073060397099997], [75.1269497558, 18.073060397099997], [75.1269497558, 18.073338175099998], [75.1266719778, 18.073338175099998]]]}}, {"type": "Feature", "properties": {"time_min": 20, "depth_min_m": 0.05, "depth_max_m": 1.0, "depth_class": "0.05\u20131.0 m", "class_area_km2": 0.2536027556049374, "flooded_area_km2": 3.96919900053564, "frame_max_depth_m": 24.516857413521734, "class_mean_depth_m": 0.5488313643252261, "scenario_id": "major_breach", "model_type": "Automated approximate 2D flood-routing prototype", "validated_hydraulic_output": false}, "geometry": {"type": "Polygon", "coordinates": [[[75.12944975779999, 18.0736159531], [75.12944975779999, 18.072782619099996], [75.1297275358, 18.072782619099996], [75.1297275358, 18.073060397099997], [75.1300053138, 18.073060397099997], [75.1300053138, 18.073338175099998], [75.1297275358, 18.073338175099998], [75.1297275358, 18.0736159531], [75.12944975779999, 18.0736159531]]]}}, {"type": "Feature", "properties": {"time_min": 20, "depth_min_m": 0.05, "depth_max_m": 1.0, "depth_class": "0.05\u20131.0 m", "class_area_km2": 0.2536027556049374, "flooded_area_km2": 3.96919900053564, "frame_max_depth_m": 24.516857413521734, "class_mean_depth_m": 0.5488313643252261, "scenario_id": "major_breach", "model_type": "Automated approximate 2D flood-routing prototype", "validated_hydraulic_output": false}, "geometry": {"type": "Polygon", "coordinates": [[[75.1288942018, 18.073060397099997], [75.1288942018, 18.072782619099996], [75.12917197979999, 18.072782619099996], [75.12917197979999, 18.073060397099997], [75.1288942018, 18.073060397099997]]]}}, {"type": "Feature", "properties": {"time_min": 20, "depth_min_m": 0.05, "depth_max_m": 1.0, "depth_class": "0.05\u20131.0 m", "class_area_km2": 0.2536027556049374, "flooded_area_km2": 3.96919900053564, "frame_max_depth_m": 24.516857413521734, "class_mean_depth_m": 0.5488313643252261, "scenario_id": "major_breach", "model_type": "Automated approximate 2D flood-routing prototype", "validated_hydraulic_output": false}, "geometry": {"type": "Polygon", "coordinates": [[[75.1213941958, 18.072782619099996], [75.1213941958, 18.0725048411], [75.12167197379999, 18.0725048411], [75.12167197379999, 18.072782619099996], [75.1213941958, 18.072782619099996]]]}}, {"type": "Feature", "properties": {"time_min": 20, "depth_min_m": 0.05, "depth_max_m": 1.0, "depth_class": "0.05\u20131.0 m", "class_area_km2": 0.2536027556049374, "flooded_area_km2": 3.96919900053564, "frame_max_depth_m": 24.516857413521734, "class_mean_depth_m": 0.5488313643252261, "scenario_id": "major_breach", "model_type": "Automated approximate 2D flood-routing prototype", "validated_hydraulic_output": false}, "geometry": {"type": "Polygon", "coordinates": [[[75.1197275278, 18.0725048411], [75.1197275278, 18.072227063099998], [75.12000530579999, 18.072227063099998], [75.12000530579999, 18.0725048411], [75.1197275278, 18.0725048411]]]}}, {"type": "Feature", "properties": {"time_min": 20, "depth_min_m": 0.05, "depth_max_m": 1.0, "depth_class": "0.05\u20131.0 m", "class_area_km2": 0.2536027556049374, "flooded_area_km2": 3.96919900053564, "frame_max_depth_m": 24.516857413521734, "class_mean_depth_m": 0.5488313643252261, "scenario_id": "major_breach", "model_type": "Automated approximate 2D flood-routing prototype", "validated_hydraulic_output": false}, "geometry": {"type": "Polygon", "coordinates": [[[75.1275053118, 18.0725048411], [75.1275053118, 18.072227063099998], [75.12778308979999, 18.072227063099998], [75.12778308979999, 18.0725048411], [75.1275053118, 18.0725048411]]]}}, {"type": "Feature", "properties": {"time_min": 20, "depth_min_m": 0.05, "depth_max_m": 1.0, "depth_class": "0.05\u20131.0 m", "class_area_km2": 0.2536027556049374, "flooded_area_km2": 3.96919900053564, "frame_max_depth_m": 24.516857413521734, "class_mean_depth_m": 0.5488313643252261, "scenario_id": "major_breach", "model_type": "Automated approximate 2D flood-routing prototype", "validated_hydraulic_output": false}, "geometry": {"type": "Polygon", "coordinates": [[[75.11583863579999, 18.072227063099998], [75.11583863579999, 18.071949285099997], [75.1161164138, 18.071949285099997], [75.1161164138, 18.072227063099998], [75.11583863579999, 18.072227063099998]]]}}, {"type": "Feature", "properties": {"time_min": 20, "depth_min_m": 0.05, "depth_max_m": 1.0, "depth_class": "0.05\u20131.0 m", "class_area_km2": 0.2536027556049374, "flooded_area_km2": 3.96919900053564, "frame_max_depth_m": 24.516857413521734, "class_mean_depth_m": 0.5488313643252261, "scenario_id": "major_breach", "model_type": "Automated approximate 2D flood-routing prototype", "validated_hydraulic_output": false}, "geometry": {"type": "Polygon", "coordinates": [[[75.11694974779999, 18.072227063099998], [75.11694974779999, 18.071949285099997], [75.11722752579999, 18.071949285099997], [75.11722752579999, 18.072227063099998], [75.11694974779999, 18.072227063099998]]]}}, {"type": "Feature", "properties": {"time_min": 20, "depth_min_m": 0.05, "depth_max_m": 1.0, "depth_class": "0.05\u20131.0 m", "class_area_km2": 0.2536027556049374, "flooded_area_km2": 3.96919900053564, "frame_max_depth_m": 24.516857413521734, "class_mean_depth_m": 0.5488313643252261, "scenario_id": "major_breach", "model_type": "Automated approximate 2D flood-routing prototype", "validated_hydraulic_output": false}, "geometry": {"type": "Polygon", "coordinates": [[[75.1269497558, 18.073060397099997], [75.1269497558, 18.072782619099996], [75.1266719778, 18.072782619099996], [75.1266719778, 18.072227063099998], [75.1269497558, 18.072227063099998], [75.1269497558, 18.0716715071], [75.1272275338, 18.0716715071], [75.1272275338, 18.0725048411], [75.1275053118, 18.0725048411], [75.1275053118, 18.072782619099996], [75.1272275338, 18.072782619099996], [75.1272275338, 18.073060397099997], [75.1269497558, 18.073060397099997]]]}}, {"type": "Feature", "properties": {"time_min": 20, "depth_min_m": 0.05, "depth_max_m": 1.0, "depth_class": "0.05\u20131.0 m", "class_area_km2": 0.2536027556049374, "flooded_area_km2": 3.96919900053564, "frame_max_depth_m": 24.516857413521734, "class_mean_depth_m": 0.5488313643252261, "scenario_id": "major_breach", "model_type": "Automated approximate 2D flood-routing prototype", "validated_hydraulic_output": false}, "geometry": {"type": "Polygon", "coordinates": [[[75.1152830798, 18.071949285099997], [75.1152830798, 18.0716715071], [75.11556085779999, 18.0716715071], [75.11556085779999, 18.071949285099997], [75.1152830798, 18.071949285099997]]]}}, {"type": "Feature", "properties": {"time_min": 20, "depth_min_m": 0.05, "depth_max_m": 1.0, "depth_class": "0.05\u20131.0 m", "class_area_km2": 0.2536027556049374, "flooded_area_km2": 3.96919900053564, "frame_max_depth_m": 24.516857413521734, "class_mean_depth_m": 0.5488313643252261, "scenario_id": "major_breach", "model_type": "Automated approximate 2D flood-routing prototype", "validated_hydraulic_output": false}, "geometry": {"type": "Polygon", "coordinates": [[[75.1177830818, 18.071949285099997], [75.1177830818, 18.0716715071], [75.1180608598, 18.0716715071], [75.1180608598, 18.071949285099997], [75.1177830818, 18.071949285099997]]]}}, {"type": "Feature", "properties": {"time_min": 20, "depth_min_m": 0.05, "depth_max_m": 1.0, "depth_class": "0.05\u20131.0 m", "class_area_km2": 0.2536027556049374, "flooded_area_km2": 3.96919900053564, "frame_max_depth_m": 24.516857413521734, "class_mean_depth_m": 0.5488313643252261, "scenario_id": "major_breach", "model_type": "Automated approximate 2D flood-routing prototype", "validated_hydraulic_output": false}, "geometry": {"type": "Polygon", "coordinates": [[[75.12806086779999, 18.0725048411], [75.12806086779999, 18.072227063099998], [75.12778308979999, 18.072227063099998], [75.12778308979999, 18.071949285099997], [75.1283386458, 18.071949285099997], [75.1283386458, 18.0713937291], [75.1286164238, 18.0713937291], [75.1286164238, 18.0716715071], [75.1288942018, 18.0716715071], [75.1288942018, 18.0725048411], [75.1286164238, 18.0725048411], [75.1286164238, 18.072227063099998], [75.1283386458, 18.072227063099998], [75.1283386458, 18.0725048411], [75.12806086779999, 18.0725048411]]]}}, {"type": "Feature", "properties": {"time_min": 20, "depth_min_m": 0.05, "depth_max_m": 1.0, "depth_class": "0.05\u20131.0 m", "class_area_km2": 0.2536027556049374, "flooded_area_km2": 3.96919900053564, "frame_max_depth_m": 24.516857413521734, "class_mean_depth_m": 0.5488313643252261, "scenario_id": "major_breach", "model_type": "Automated approximate 2D flood-routing prototype", "validated_hydraulic_output": false}, "geometry": {"type": "Polygon", "coordinates": [[[75.11444974579999, 18.0716715071], [75.11444974579999, 18.0713937291], [75.1147275238, 18.0713937291], [75.1147275238, 18.0716715071], [75.11444974579999, 18.0716715071]]]}}, {"type": "Feature", "properties": {"time_min": 20, "depth_min_m": 0.05, "depth_max_m": 1.0, "depth_class": "0.05\u20131.0 m", "class_area_km2": 0.2536027556049374, "flooded_area_km2": 3.96919900053564, "frame_max_depth_m": 24.516857413521734, "class_mean_depth_m": 0.5488313643252261, "scenario_id": "major_breach", "model_type": "Automated approximate 2D flood-routing prototype", "validated_hydraulic_output": false}, "geometry": {"type": "Polygon", "coordinates": [[[75.1272275338, 18.0716715071], [75.1272275338, 18.0713937291], [75.1275053118, 18.0713937291], [75.1275053118, 18.0716715071], [75.1272275338, 18.0716715071]]]}}, {"type": "Feature", "properties": {"time_min": 20, "depth_min_m": 0.05, "depth_max_m": 1.0, "depth_class": "0.05\u20131.0 m", "class_area_km2": 0.2536027556049374, "flooded_area_km2": 3.96919900053564, "frame_max_depth_m": 24.516857413521734, "class_mean_depth_m": 0.5488313643252261, "scenario_id": "major_breach", "model_type": "Automated approximate 2D flood-routing prototype", "validated_hydraulic_output": false}, "geometry": {"type": "Polygon", "coordinates": [[[75.12778308979999, 18.0716715071], [75.12778308979999, 18.0713937291], [75.12806086779999, 18.0713937291], [75.12806086779999, 18.0716715071], [75.12778308979999, 18.0716715071]]]}}, {"type": "Feature", "properties": {"time_min": 20, "depth_min_m": 0.05, "depth_max_m": 1.0, "depth_class": "0.05\u20131.0 m", "class_area_km2": 0.2536027556049374, "flooded_area_km2": 3.96919900053564, "frame_max_depth_m": 24.516857413521734, "class_mean_depth_m": 0.5488313643252261, "scenario_id": "major_breach", "model_type": "Automated approximate 2D flood-routing prototype", "validated_hydraulic_output": false}, "geometry": {"type": "Polygon", "coordinates": [[[75.1130608558, 18.071115951099998], [75.1130608558, 18.070838173099997], [75.1133386338, 18.070838173099997], [75.1133386338, 18.071115951099998], [75.1130608558, 18.071115951099998]]]}}, {"type": "Feature", "properties": {"time_min": 20, "depth_min_m": 0.05, "depth_max_m": 1.0, "depth_class": "0.05\u20131.0 m", "class_area_km2": 0.2536027556049374, "flooded_area_km2": 3.96919900053564, "frame_max_depth_m": 24.516857413521734, "class_mean_depth_m": 0.5488313643252261, "scenario_id": "major_breach", "model_type": "Automated approximate 2D flood-routing prototype", "validated_hydraulic_output": false}, "geometry": {"type": "Polygon", "coordinates": [[[75.1122275218, 18.070838173099997], [75.1122275218, 18.0705603951], [75.11250529979999, 18.0705603951], [75.11250529979999, 18.070838173099997], [75.1122275218, 18.070838173099997]]]}}, {"type": "Feature", "properties": {"time_min": 20, "depth_min_m": 0.05, "depth_max_m": 1.0, "depth_class": "0.05\u20131.0 m", "class_area_km2": 0.2536027556049374, "flooded_area_km2": 3.96919900053564, "frame_max_depth_m": 24.516857413521734, "class_mean_depth_m": 0.5488313643252261, "scenario_id": "major_breach", "model_type": "Automated approximate 2D flood-routing prototype", "validated_hydraulic_output": false}, "geometry": {"type": "Polygon", "coordinates": [[[75.1116719658, 18.0705603951], [75.1116719658, 18.0702826171], [75.1119497438, 18.0702826171], [75.1119497438, 18.0705603951], [75.1116719658, 18.0705603951]]]}}, {"type": "Feature", "properties": {"time_min": 20, "depth_min_m": 0.05, "depth_max_m": 1.0, "depth_class": "0.05\u20131.0 m", "class_area_km2": 0.2536027556049374, "flooded_area_km2": 3.96919900053564, "frame_max_depth_m": 24.516857413521734, "class_mean_depth_m": 0.5488313643252261, "scenario_id": "major_breach", "model_type": "Automated approximate 2D flood-routing prototype", "validated_hydraulic_output": false}, "geometry": {"type": "Polygon", "coordinates": [[[75.11111640979999, 18.0702826171], [75.11111640979999, 18.070004839099997], [75.11139418779999, 18.070004839099997], [75.11139418779999, 18.0702826171], [75.11111640979999, 18.0702826171]]]}}, {"type": "Feature", "properties": {"time_min": 20, "depth_min_m": 0.05, "depth_max_m": 1.0, "depth_class": "0.05\u20131.0 m", "class_area_km2": 0.2536027556049374, "flooded_area_km2": 3.96919900053564, "frame_max_depth_m": 24.516857413521734, "class_mean_depth_m": 0.5488313643252261, "scenario_id": "major_breach", "model_type": "Automated approximate 2D flood-routing prototype", "validated_hydraulic_output": false}, "geometry": {"type": "Polygon", "coordinates": [[[75.10833862979999, 18.0683381711], [75.10833862979999, 18.068060393099998], [75.1086164078, 18.068060393099998], [75.1086164078, 18.0683381711], [75.10833862979999, 18.0683381711]]]}}, {"type": "Feature", "properties": {"time_min": 20, "depth_min_m": 0.05, "depth_max_m": 1.0, "depth_class": "0.05\u20131.0 m", "class_area_km2": 0.2536027556049374, "flooded_area_km2": 3.96919900053564, "frame_max_depth_m": 24.516857413521734, "class_mean_depth_m": 0.5488313643252261, "scenario_id": "major_breach", "model_type": "Automated approximate 2D flood-routing prototype", "validated_hydraulic_output": false}, "geometry": {"type": "Polygon", "coordinates": [[[75.10806085179999, 18.068060393099998], [75.10806085179999, 18.067782615099997], [75.10833862979999, 18.067782615099997], [75.10833862979999, 18.068060393099998], [75.10806085179999, 18.068060393099998]]]}}, {"type": "Feature", "properties": {"time_min": 20, "depth_min_m": 0.05, "depth_max_m": 1.0, "depth_class": "0.05\u20131.0 m", "class_area_km2": 0.2536027556049374, "flooded_area_km2": 3.96919900053564, "frame_max_depth_m": 24.516857413521734, "class_mean_depth_m": 0.5488313643252261, "scenario_id": "major_breach", "model_type": "Automated approximate 2D flood-routing prototype", "validated_hydraulic_output": false}, "geometry": {"type": "Polygon", "coordinates": [[[75.1077830738, 18.0675048371], [75.1077830738, 18.066949281099998], [75.10806085179999, 18.066949281099998], [75.10806085179999, 18.0675048371], [75.1077830738, 18.0675048371]]]}}, {"type": "Feature", "properties": {"time_min": 20, "depth_min_m": 1.0, "depth_max_m": 3.0, "depth_class": "1.0\u20133.0 m", "class_area_km2": 0.4882529921077265, "flooded_area_km2": 3.96919900053564, "frame_max_depth_m": 24.516857413521734, "class_mean_depth_m": 1.9746088445197414, "scenario_id": "major_breach", "model_type": "Automated approximate 2D flood-routing prototype", "validated_hydraulic_output": false}, "geometry": {"type": "Polygon", "coordinates": [[[75.11250529979999, 18.086393741099997], [75.11250529979999, 18.0858381851], [75.11278307779999, 18.0858381851], [75.11278307779999, 18.086393741099997], [75.11250529979999, 18.086393741099997]]]}}, {"type": "Feature", "properties": {"time_min": 20, "depth_min_m": 1.0, "depth_max_m": 3.0, "depth_class": "1.0\u20133.0 m", "class_area_km2": 0.4882529921077265, "flooded_area_km2": 3.96919900053564, "frame_max_depth_m": 24.516857413521734, "class_mean_depth_m": 1.9746088445197414, "scenario_id": "major_breach", "model_type": "Automated approximate 2D flood-routing prototype", "validated_hydraulic_output": false}, "geometry": {"type": "Polygon", "coordinates": [[[75.11278307779999, 18.0858381851], [75.11278307779999, 18.085560407099997], [75.1130608558, 18.085560407099997], [75.1130608558, 18.0858381851], [75.11278307779999, 18.0858381851]]]}}, {"type": "Feature", "properties": {"time_min": 20, "depth_min_m": 1.0, "depth_max_m": 3.0, "depth_class": "1.0\u20133.0 m", "class_area_km2": 0.4882529921077265, "flooded_area_km2": 3.96919900053564, "frame_max_depth_m": 24.516857413521734, "class_mean_depth_m": 1.9746088445197414, "scenario_id": "major_breach", "model_type": "Automated approximate 2D flood-routing prototype", "validated_hydraulic_output": false}, "geometry": {"type": "Polygon", "coordinates": [[[75.1130608558, 18.085560407099997], [75.1130608558, 18.0850048511], [75.1133386338, 18.0850048511], [75.1133386338, 18.084727073099998], [75.1136164118, 18.084727073099998], [75.1136164118, 18.085282629099996], [75.1133386338, 18.085282629099996], [75.1133386338, 18.085560407099997], [75.1130608558, 18.085560407099997]]]}}, {"type": "Feature", "properties": {"time_min": 20, "depth_min_m": 1.0, "depth_max_m": 3.0, "depth_class": "1.0\u20133.0 m", "class_area_km2": 0.4882529921077265, "flooded_area_km2": 3.96919900053564, "frame_max_depth_m": 24.516857413521734, "class_mean_depth_m": 1.9746088445197414, "scenario_id": "major_breach", "model_type": "Automated approximate 2D flood-routing prototype", "validated_hydraulic_output": false}, "geometry": {"type": "Polygon", "coordinates": [[[75.1136164118, 18.084727073099998], [75.1136164118, 18.0841715171], [75.11389418979999, 18.0841715171], [75.11389418979999, 18.0838937391], [75.11417196779999, 18.0838937391], [75.11417196779999, 18.083615961099998], [75.11444974579999, 18.083615961099998], [75.11444974579999, 18.083338183099997], [75.1150053018, 18.083338183099997], [75.1150053018, 18.083615961099998], [75.1147275238, 18.083615961099998], [75.1147275238, 18.0838937391], [75.11444974579999, 18.0838937391], [75.11444974579999, 18.0841715171], [75.11417196779999, 18.0841715171], [75.11417196779999, 18.084449295099997], [75.11389418979999, 18.084449295099997], [75.11389418979999, 18.084727073099998], [75.1136164118, 18.084727073099998]]]}}, {"type": "Feature", "properties": {"time_min": 20, "depth_min_m": 1.0, "depth_max_m": 3.0, "depth_class": "1.0\u20133.0 m", "class_area_km2": 0.4882529921077265, "flooded_area_km2": 3.96919900053564, "frame_max_depth_m": 24.516857413521734, "class_mean_depth_m": 1.9746088445197414, "scenario_id": "major_breach", "model_type": "Automated approximate 2D flood-routing prototype", "validated_hydraulic_output": false}, "geometry": {"type": "Polygon", "coordinates": [[[75.1297275358, 18.0841715171], [75.1297275358, 18.0838937391], [75.12944975779999, 18.0838937391], [75.12944975779999, 18.083615961099998], [75.1302830918, 18.083615961099998], [75.1302830918, 18.083338183099997], [75.1305608698, 18.083338183099997], [75.1305608698, 18.0838937391], [75.1300053138, 18.0838937391], [75.1300053138, 18.0841715171], [75.1297275358, 18.0841715171]]]}}, {"type": "Feature", "properties": {"time_min": 20, "depth_min_m": 1.0, "depth_max_m": 3.0, "depth_class": "1.0\u20133.0 m", "class_area_km2": 0.4882529921077265, "flooded_area_km2": 3.96919900053564, "frame_max_depth_m": 24.516857413521734, "class_mean_depth_m": 1.9746088445197414, "scenario_id": "major_breach", "model_type": "Automated approximate 2D flood-routing prototype", "validated_hydraulic_output": false}, "geometry": {"type": "Polygon", "coordinates": [[[75.12917197979999, 18.083338183099997], [75.12917197979999, 18.0827826271], [75.12944975779999, 18.0827826271], [75.12944975779999, 18.083338183099997], [75.12917197979999, 18.083338183099997]]]}}, {"type": "Feature", "properties": {"time_min": 20, "depth_min_m": 1.0, "depth_max_m": 3.0, "depth_class": "1.0\u20133.0 m", "class_area_km2": 0.4882529921077265, "flooded_area_km2": 3.96919900053564, "frame_max_depth_m": 24.516857413521734, "class_mean_depth_m": 1.9746088445197414, "scenario_id": "major_breach", "model_type": "Automated approximate 2D flood-routing prototype", "validated_hydraulic_output": false}, "geometry": {"type": "Polygon", "coordinates": [[[75.11389418979999, 18.0827826271], [75.11389418979999, 18.082504849099998], [75.11417196779999, 18.082504849099998], [75.11417196779999, 18.0827826271], [75.11389418979999, 18.0827826271]]]}}, {"type": "Feature", "properties": {"time_min": 20, "depth_min_m": 1.0, "depth_max_m": 3.0, "depth_class": "1.0\u20133.0 m", "class_area_km2": 0.4882529921077265, "flooded_area_km2": 3.96919900053564, "frame_max_depth_m": 24.516857413521734, "class_mean_depth_m": 1.9746088445197414, "scenario_id": "major_breach", "model_type": "Automated approximate 2D flood-routing prototype", "validated_hydraulic_output": false}, "geometry": {"type": "Polygon", "coordinates": [[[75.12944975779999, 18.0827826271], [75.12944975779999, 18.082504849099998], [75.1297275358, 18.082504849099998], [75.1297275358, 18.082227071099997], [75.1300053138, 18.082227071099997], [75.1300053138, 18.0816715151], [75.1302830918, 18.0816715151], [75.1302830918, 18.0819492931], [75.1305608698, 18.0819492931], [75.1305608698, 18.0816715151], [75.13083864779999, 18.0816715151], [75.13083864779999, 18.082504849099998], [75.1305608698, 18.082504849099998], [75.1305608698, 18.0827826271], [75.12944975779999, 18.0827826271]], [[75.1300053138, 18.082504849099998], [75.1302830918, 18.082504849099998], [75.1302830918, 18.082227071099997], [75.1300053138, 18.082227071099997], [75.1300053138, 18.082504849099998]]]}}, {"type": "Feature", "properties": {"time_min": 20, "depth_min_m": 1.0, "depth_max_m": 3.0, "depth_class": "1.0\u20133.0 m", "class_area_km2": 0.4882529921077265, "flooded_area_km2": 3.96919900053564, "frame_max_depth_m": 24.516857413521734, "class_mean_depth_m": 1.9746088445197414, "scenario_id": "major_breach", "model_type": "Automated approximate 2D flood-routing prototype", "validated_hydraulic_output": false}, "geometry": {"type": "Polygon", "coordinates": [[[75.10806085179999, 18.0819492931], [75.10806085179999, 18.0816715151], [75.10833862979999, 18.0816715151], [75.10833862979999, 18.0819492931], [75.10806085179999, 18.0819492931]]]}}, {"type": "Feature", "properties": {"time_min": 20, "depth_min_m": 1.0, "depth_max_m": 3.0, "depth_class": "1.0\u20133.0 m", "class_area_km2": 0.4882529921077265, "flooded_area_km2": 3.96919900053564, "frame_max_depth_m": 24.516857413521734, "class_mean_depth_m": 1.9746088445197414, "scenario_id": "major_breach", "model_type": "Automated approximate 2D flood-routing prototype", "validated_hydraulic_output": false}, "geometry": {"type": "Polygon", "coordinates": [[[75.12194975179999, 18.0816715151], [75.12194975179999, 18.081393737099997], [75.1227830858, 18.081393737099997], [75.1227830858, 18.0816715151], [75.12194975179999, 18.0816715151]]]}}, {"type": "Feature", "properties": {"time_min": 20, "depth_min_m": 1.0, "depth_max_m": 3.0, "depth_class": "1.0\u20133.0 m", "class_area_km2": 0.4882529921077265, "flooded_area_km2": 3.96919900053564, "frame_max_depth_m": 24.516857413521734, "class_mean_depth_m": 1.9746088445197414, "scenario_id": "major_breach", "model_type": "Automated approximate 2D flood-routing prototype", "validated_hydraulic_output": false}, "geometry": {"type": "Polygon", "coordinates": [[[75.1313942038, 18.0816715151], [75.1313942038, 18.081393737099997], [75.1316719818, 18.081393737099997], [75.1316719818, 18.0816715151], [75.1313942038, 18.0816715151]]]}}, {"type": "Feature", "properties": {"time_min": 20, "depth_min_m": 1.0, "depth_max_m": 3.0, "depth_class": "1.0\u20133.0 m", "class_area_km2": 0.4882529921077265, "flooded_area_km2": 3.96919900053564, "frame_max_depth_m": 24.516857413521734, "class_mean_depth_m": 1.9746088445197414, "scenario_id": "major_breach", "model_type": "Automated approximate 2D flood-routing prototype", "validated_hydraulic_output": false}, "geometry": {"type": "Polygon", "coordinates": [[[75.1077830738, 18.081393737099997], [75.1077830738, 18.081115959099996], [75.10806085179999, 18.081115959099996], [75.10806085179999, 18.081393737099997], [75.1077830738, 18.081393737099997]]]}}, {"type": "Feature", "properties": {"time_min": 20, "depth_min_m": 1.0, "depth_max_m": 3.0, "depth_class": "1.0\u20133.0 m", "class_area_km2": 0.4882529921077265, "flooded_area_km2": 3.96919900053564, "frame_max_depth_m": 24.516857413521734, "class_mean_depth_m": 1.9746088445197414, "scenario_id": "major_breach", "model_type": "Automated approximate 2D flood-routing prototype", "validated_hydraulic_output": false}, "geometry": {"type": "Polygon", "coordinates": [[[75.12028308379999, 18.084727073099998], [75.12028308379999, 18.084449295099997], [75.12000530579999, 18.084449295099997], [75.12000530579999, 18.0841715171], [75.1197275278, 18.0841715171], [75.1197275278, 18.083338183099997], [75.1194497498, 18.083338183099997], [75.1194497498, 18.0830604051], [75.1183386378, 18.0830604051], [75.1183386378, 18.083338183099997], [75.11861641579999, 18.083338183099997], [75.11861641579999, 18.083615961099998], [75.1175053038, 18.083615961099998], [75.1175053038, 18.083338183099997], [75.11722752579999, 18.083338183099997], [75.11722752579999, 18.083615961099998], [75.1163941918, 18.083615961099998], [75.1163941918, 18.083338183099997], [75.1150053018, 18.083338183099997], [75.1150053018, 18.0827826271], [75.11556085779999, 18.0827826271], [75.11556085779999, 18.0830604051], [75.1161164138, 18.0830604051], [75.1161164138, 18.082504849099998], [75.11556085779999, 18.082504849099998], [75.11556085779999, 18.0819492931], [75.1163941918, 18.0819492931], [75.1163941918, 18.0816715151], [75.11694974779999, 18.0816715151], [75.11694974779999, 18.081393737099997], [75.11722752579999, 18.081393737099997], [75.11722752579999, 18.081115959099996], [75.1175053038, 18.081115959099996], [75.1175053038, 18.081393737099997], [75.1180608598, 18.081393737099997], [75.1180608598, 18.081115959099996], [75.11861641579999, 18.081115959099996], [75.11861641579999, 18.081393737099997], [75.11889419379999, 18.081393737099997], [75.11889419379999, 18.081115959099996], [75.12000530579999, 18.081115959099996], [75.12000530579999, 18.081393737099997], [75.12028308379999, 18.081393737099997], [75.12028308379999, 18.0816715151], [75.12000530579999, 18.0816715151], [75.12000530579999, 18.083338183099997], [75.1208386398, 18.083338183099997], [75.1208386398, 18.0838937391], [75.1211164178, 18.0838937391], [75.1211164178, 18.082227071099997], [75.1213941958, 18.082227071099997], [75.1213941958, 18.0808381811], [75.1222275298, 18.0808381811], [75.1222275298, 18.081115959099996], [75.12167197379999, 18.081115959099996], [75.12167197379999, 18.083615961099998], [75.1213941958, 18.083615961099998], [75.1213941958, 18.0841715171], [75.1211164178, 18.0841715171], [75.1211164178, 18.084449295099997], [75.1208386398, 18.084449295099997], [75.1208386398, 18.084727073099998], [75.12028308379999, 18.084727073099998]]]}}, {"type": "Feature", "properties": {"time_min": 20, "depth_min_m": 1.0, "depth_max_m": 3.0, "depth_class": "1.0\u20133.0 m", "class_area_km2": 0.4882529921077265, "flooded_area_km2": 3.96919900053564, "frame_max_depth_m": 24.516857413521734, "class_mean_depth_m": 1.9746088445197414, "scenario_id": "major_breach", "model_type": "Automated approximate 2D flood-routing prototype", "validated_hydraulic_output": false}, "geometry": {"type": "Polygon", "coordinates": [[[75.13083864779999, 18.081393737099997], [75.13083864779999, 18.0808381811], [75.13111642579999, 18.0808381811], [75.13111642579999, 18.081393737099997], [75.13083864779999, 18.081393737099997]]]}}, {"type": "Feature", "properties": {"time_min": 20, "depth_min_m": 1.0, "depth_max_m": 3.0, "depth_class": "1.0\u20133.0 m", "class_area_km2": 0.4882529921077265, "flooded_area_km2": 3.96919900053564, "frame_max_depth_m": 24.516857413521734, "class_mean_depth_m": 1.9746088445197414, "scenario_id": "major_breach", "model_type": "Automated approximate 2D flood-routing prototype", "validated_hydraulic_output": false}, "geometry": {"type": "Polygon", "coordinates": [[[75.1075052958, 18.081115959099996], [75.1075052958, 18.0808381811], [75.1077830738, 18.0808381811], [75.1077830738, 18.081115959099996], [75.1075052958, 18.081115959099996]]]}}, {"type": "Feature", "properties": {"time_min": 20, "depth_min_m": 1.0, "depth_max_m": 3.0, "depth_class": "1.0\u20133.0 m", "class_area_km2": 0.4882529921077265, "flooded_area_km2": 3.96919900053564, "frame_max_depth_m": 24.516857413521734, "class_mean_depth_m": 1.9746088445197414, "scenario_id": "major_breach", "model_type": "Automated approximate 2D flood-routing prototype", "validated_hydraulic_output": false}, "geometry": {"type": "Polygon", "coordinates": [[[75.1227830858, 18.081393737099997], [75.1227830858, 18.081115959099996], [75.1225053078, 18.081115959099996], [75.1225053078, 18.080560403099998], [75.1227830858, 18.080560403099998], [75.1227830858, 18.0808381811], [75.12333864179999, 18.0808381811], [75.12333864179999, 18.081115959099996], [75.12306086379999, 18.081115959099996], [75.12306086379999, 18.081393737099997], [75.1227830858, 18.081393737099997]]]}}, {"type": "Feature", "properties": {"time_min": 20, "depth_min_m": 1.0, "depth_max_m": 3.0, "depth_class": "1.0\u20133.0 m", "class_area_km2": 0.4882529921077265, "flooded_area_km2": 3.96919900053564, "frame_max_depth_m": 24.516857413521734, "class_mean_depth_m": 1.9746088445197414, "scenario_id": "major_breach", "model_type": "Automated approximate 2D flood-routing prototype", "validated_hydraulic_output": false}, "geometry": {"type": "Polygon", "coordinates": [[[75.1072275178, 18.0808381811], [75.1072275178, 18.080560403099998], [75.1075052958, 18.080560403099998], [75.1075052958, 18.0808381811], [75.1072275178, 18.0808381811]]]}}, {"type": "Feature", "properties": {"time_min": 20, "depth_min_m": 1.0, "depth_max_m": 3.0, "depth_class": "1.0\u20133.0 m", "class_area_km2": 0.4882529921077265, "flooded_area_km2": 3.96919900053564, "frame_max_depth_m": 24.516857413521734, "class_mean_depth_m": 1.9746088445197414, "scenario_id": "major_breach", "model_type": "Automated approximate 2D flood-routing prototype", "validated_hydraulic_output": false}, "geometry": {"type": "Polygon", "coordinates": [[[75.1211164178, 18.0808381811], [75.1211164178, 18.080560403099998], [75.1213941958, 18.080560403099998], [75.1213941958, 18.0808381811], [75.1211164178, 18.0808381811]]]}}, {"type": "Feature", "properties": {"time_min": 20, "depth_min_m": 1.0, "depth_max_m": 3.0, "depth_class": "1.0\u20133.0 m", "class_area_km2": 0.4882529921077265, "flooded_area_km2": 3.96919900053564, "frame_max_depth_m": 24.516857413521734, "class_mean_depth_m": 1.9746088445197414, "scenario_id": "major_breach", "model_type": "Automated approximate 2D flood-routing prototype", "validated_hydraulic_output": false}, "geometry": {"type": "Polygon", "coordinates": [[[75.12917197979999, 18.082227071099997], [75.12917197979999, 18.0816715151], [75.1288942018, 18.0816715151], [75.1288942018, 18.081115959099996], [75.1283386458, 18.081115959099996], [75.1283386458, 18.0808381811], [75.1286164238, 18.0808381811], [75.1286164238, 18.080282625099997], [75.1297275358, 18.080282625099997], [75.1297275358, 18.080560403099998], [75.1300053138, 18.080560403099998], [75.1300053138, 18.0816715151], [75.1297275358, 18.0816715151], [75.1297275358, 18.082227071099997], [75.12917197979999, 18.082227071099997]], [[75.12944975779999, 18.0816715151], [75.1297275358, 18.0816715151], [75.1297275358, 18.081393737099997], [75.12944975779999, 18.081393737099997], [75.12944975779999, 18.0816715151]], [[75.12917197979999, 18.081115959099996], [75.12944975779999, 18.081115959099996], [75.12944975779999, 18.080560403099998], [75.1288942018, 18.080560403099998], [75.1288942018, 18.0808381811], [75.12917197979999, 18.0808381811], [75.12917197979999, 18.081115959099996]]]}}, {"type": "Feature", "properties": {"time_min": 20, "depth_min_m": 1.0, "depth_max_m": 3.0, "depth_class": "1.0\u20133.0 m", "class_area_km2": 0.4882529921077265, "flooded_area_km2": 3.96919900053564, "frame_max_depth_m": 24.516857413521734, "class_mean_depth_m": 1.9746088445197414, "scenario_id": "major_breach", "model_type": "Automated approximate 2D flood-routing prototype", "validated_hydraulic_output": false}, "geometry": {"type": "Polygon", "coordinates": [[[75.1213941958, 18.080560403099998], [75.1213941958, 18.080282625099997], [75.12167197379999, 18.080282625099997], [75.12167197379999, 18.080560403099998], [75.1213941958, 18.080560403099998]]]}}, {"type": "Feature", "properties": {"time_min": 20, "depth_min_m": 1.0, "depth_max_m": 3.0, "depth_class": "1.0\u20133.0 m", "class_area_km2": 0.4882529921077265, "flooded_area_km2": 3.96919900053564, "frame_max_depth_m": 24.516857413521734, "class_mean_depth_m": 1.9746088445197414, "scenario_id": "major_breach", "model_type": "Automated approximate 2D flood-routing prototype", "validated_hydraulic_output": false}, "geometry": {"type": "Polygon", "coordinates": [[[75.1302830918, 18.0808381811], [75.1302830918, 18.080282625099997], [75.1305608698, 18.080282625099997], [75.1305608698, 18.0797270691], [75.13083864779999, 18.0797270691], [75.13083864779999, 18.0800048471], [75.1313942038, 18.0800048471], [75.1313942038, 18.080282625099997], [75.13111642579999, 18.080282625099997], [75.13111642579999, 18.080560403099998], [75.13083864779999, 18.080560403099998], [75.13083864779999, 18.0808381811], [75.1302830918, 18.0808381811]]]}}, {"type": "Feature", "properties": {"time_min": 20, "depth_min_m": 1.0, "depth_max_m": 3.0, "depth_class": "1.0\u20133.0 m", "class_area_km2": 0.4882529921077265, "flooded_area_km2": 3.96919900053564, "frame_max_depth_m": 24.516857413521734, "class_mean_depth_m": 1.9746088445197414, "scenario_id": "major_breach", "model_type": "Automated approximate 2D flood-routing prototype", "validated_hydraulic_output": false}, "geometry": {"type": "Polygon", "coordinates": [[[75.1244497538, 18.0800048471], [75.1244497538, 18.0797270691], [75.12472753179999, 18.0797270691], [75.12472753179999, 18.0800048471], [75.1244497538, 18.0800048471]]]}}, {"type": "Feature", "properties": {"time_min": 20, "depth_min_m": 1.0, "depth_max_m": 3.0, "depth_class": "1.0\u20133.0 m", "class_area_km2": 0.4882529921077265, "flooded_area_km2": 3.96919900053564, "frame_max_depth_m": 24.516857413521734, "class_mean_depth_m": 1.9746088445197414, "scenario_id": "major_breach", "model_type": "Automated approximate 2D flood-routing prototype", "validated_hydraulic_output": false}, "geometry": {"type": "Polygon", "coordinates": [[[75.1319497598, 18.0800048471], [75.1319497598, 18.0797270691], [75.13222753779999, 18.0797270691], [75.13222753779999, 18.0800048471], [75.1319497598, 18.0800048471]]]}}, {"type": "Feature", "properties": {"time_min": 20, "depth_min_m": 1.0, "depth_max_m": 3.0, "depth_class": "1.0\u20133.0 m", "class_area_km2": 0.4882529921077265, "flooded_area_km2": 3.96919900053564, "frame_max_depth_m": 24.516857413521734, "class_mean_depth_m": 1.9746088445197414, "scenario_id": "major_breach", "model_type": "Automated approximate 2D flood-routing prototype", "validated_hydraulic_output": false}, "geometry": {"type": "Polygon", "coordinates": [[[75.1211164178, 18.080282625099997], [75.1211164178, 18.079449291099998], [75.1213941958, 18.079449291099998], [75.1213941958, 18.080282625099997], [75.1211164178, 18.080282625099997]]]}}, {"type": "Feature", "properties": {"time_min": 20, "depth_min_m": 1.0, "depth_max_m": 3.0, "depth_class": "1.0\u20133.0 m", "class_area_km2": 0.4882529921077265, "flooded_area_km2": 3.96919900053564, "frame_max_depth_m": 24.516857413521734, "class_mean_depth_m": 1.9746088445197414, "scenario_id": "major_breach", "model_type": "Automated approximate 2D flood-routing prototype", "validated_hydraulic_output": false}, "geometry": {"type": "Polygon", "coordinates": [[[75.12917197979999, 18.0797270691], [75.12917197979999, 18.079449291099998], [75.12944975779999, 18.079449291099998], [75.12944975779999, 18.0797270691], [75.12917197979999, 18.0797270691]]]}}, {"type": "Feature", "properties": {"time_min": 20, "depth_min_m": 1.0, "depth_max_m": 3.0, "depth_class": "1.0\u20133.0 m", "class_area_km2": 0.4882529921077265, "flooded_area_km2": 3.96919900053564, "frame_max_depth_m": 24.516857413521734, "class_mean_depth_m": 1.9746088445197414, "scenario_id": "major_breach", "model_type": "Automated approximate 2D flood-routing prototype", "validated_hydraulic_output": false}, "geometry": {"type": "Polygon", "coordinates": [[[75.1208386398, 18.079449291099998], [75.1208386398, 18.079171513099997], [75.1211164178, 18.079171513099997], [75.1211164178, 18.079449291099998], [75.1208386398, 18.079449291099998]]]}}, {"type": "Feature", "properties": {"time_min": 20, "depth_min_m": 1.0, "depth_max_m": 3.0, "depth_class": "1.0\u20133.0 m", "class_area_km2": 0.4882529921077265, "flooded_area_km2": 3.96919900053564, "frame_max_depth_m": 24.516857413521734, "class_mean_depth_m": 1.9746088445197414, "scenario_id": "major_breach", "model_type": "Automated approximate 2D flood-routing prototype", "validated_hydraulic_output": false}, "geometry": {"type": "Polygon", "coordinates": [[[75.1213941958, 18.079449291099998], [75.1213941958, 18.079171513099997], [75.12194975179999, 18.079171513099997], [75.12194975179999, 18.079449291099998], [75.1213941958, 18.079449291099998]]]}}, {"type": "Feature", "properties": {"time_min": 20, "depth_min_m": 1.0, "depth_max_m": 3.0, "depth_class": "1.0\u20133.0 m", "class_area_km2": 0.4882529921077265, "flooded_area_km2": 3.96919900053564, "frame_max_depth_m": 24.516857413521734, "class_mean_depth_m": 1.9746088445197414, "scenario_id": "major_breach", "model_type": "Automated approximate 2D flood-routing prototype", "validated_hydraulic_output": false}, "geometry": {"type": "Polygon", "coordinates": [[[75.1227830858, 18.079449291099998], [75.1227830858, 18.079171513099997], [75.12306086379999, 18.079171513099997], [75.12306086379999, 18.079449291099998], [75.1227830858, 18.079449291099998]]]}}, {"type": "Feature", "properties": {"time_min": 20, "depth_min_m": 1.0, "depth_max_m": 3.0, "depth_class": "1.0\u20133.0 m", "class_area_km2": 0.4882529921077265, "flooded_area_km2": 3.96919900053564, "frame_max_depth_m": 24.516857413521734, "class_mean_depth_m": 1.9746088445197414, "scenario_id": "major_breach", "model_type": "Automated approximate 2D flood-routing prototype", "validated_hydraulic_output": false}, "geometry": {"type": "Polygon", "coordinates": [[[75.1316719818, 18.079449291099998], [75.1316719818, 18.079171513099997], [75.1319497598, 18.079171513099997], [75.1319497598, 18.079449291099998], [75.1316719818, 18.079449291099998]]]}}, {"type": "Feature", "properties": {"time_min": 20, "depth_min_m": 1.0, "depth_max_m": 3.0, "depth_class": "1.0\u20133.0 m", "class_area_km2": 0.4882529921077265, "flooded_area_km2": 3.96919900053564, "frame_max_depth_m": 24.516857413521734, "class_mean_depth_m": 1.9746088445197414, "scenario_id": "major_breach", "model_type": "Automated approximate 2D flood-routing prototype", "validated_hydraulic_output": false}, "geometry": {"type": "Polygon", "coordinates": [[[75.12333864179999, 18.0797270691], [75.12333864179999, 18.0788937351], [75.1236164198, 18.0788937351], [75.1236164198, 18.0786159571], [75.1238941978, 18.0786159571], [75.1238941978, 18.079171513099997], [75.1241719758, 18.079171513099997], [75.1241719758, 18.0797270691], [75.12333864179999, 18.0797270691]]]}}, {"type": "Feature", "properties": {"time_min": 20, "depth_min_m": 1.0, "depth_max_m": 3.0, "depth_class": "1.0\u20133.0 m", "class_area_km2": 0.4882529921077265, "flooded_area_km2": 3.96919900053564, "frame_max_depth_m": 24.516857413521734, "class_mean_depth_m": 1.9746088445197414, "scenario_id": "major_breach", "model_type": "Automated approximate 2D flood-routing prototype", "validated_hydraulic_output": false}, "geometry": {"type": "Polygon", "coordinates": [[[75.1316719818, 18.0788937351], [75.1316719818, 18.0786159571], [75.1319497598, 18.0786159571], [75.1319497598, 18.0788937351], [75.1316719818, 18.0788937351]]]}}, {"type": "Feature", "properties": {"time_min": 20, "depth_min_m": 1.0, "depth_max_m": 3.0, "depth_class": "1.0\u20133.0 m", "class_area_km2": 0.4882529921077265, "flooded_area_km2": 3.96919900053564, "frame_max_depth_m": 24.516857413521734, "class_mean_depth_m": 1.9746088445197414, "scenario_id": "major_breach", "model_type": "Automated approximate 2D flood-routing prototype", "validated_hydraulic_output": false}, "geometry": {"type": "Polygon", "coordinates": [[[75.1241719758, 18.0788937351], [75.1241719758, 18.078338179099998], [75.12500530979999, 18.078338179099998], [75.12500530979999, 18.0788937351], [75.1241719758, 18.0788937351]]]}}, {"type": "Feature", "properties": {"time_min": 20, "depth_min_m": 1.0, "depth_max_m": 3.0, "depth_class": "1.0\u20133.0 m", "class_area_km2": 0.4882529921077265, "flooded_area_km2": 3.96919900053564, "frame_max_depth_m": 24.516857413521734, "class_mean_depth_m": 1.9746088445197414, "scenario_id": "major_breach", "model_type": "Automated approximate 2D flood-routing prototype", "validated_hydraulic_output": false}, "geometry": {"type": "Polygon", "coordinates": [[[75.12611642179999, 18.0788937351], [75.12611642179999, 18.078338179099998], [75.12639419979999, 18.078338179099998], [75.12639419979999, 18.0786159571], [75.1266719778, 18.0786159571], [75.1266719778, 18.0788937351], [75.12611642179999, 18.0788937351]]]}}, {"type": "Feature", "properties": {"time_min": 20, "depth_min_m": 1.0, "depth_max_m": 3.0, "depth_class": "1.0\u20133.0 m", "class_area_km2": 0.4882529921077265, "flooded_area_km2": 3.96919900053564, "frame_max_depth_m": 24.516857413521734, "class_mean_depth_m": 1.9746088445197414, "scenario_id": "major_breach", "model_type": "Automated approximate 2D flood-routing prototype", "validated_hydraulic_output": false}, "geometry": {"type": "Polygon", "coordinates": [[[75.12167197379999, 18.0786159571], [75.12167197379999, 18.078338179099998], [75.12194975179999, 18.078338179099998], [75.12194975179999, 18.0786159571], [75.12167197379999, 18.0786159571]]]}}, {"type": "Feature", "properties": {"time_min": 20, "depth_min_m": 1.0, "depth_max_m": 3.0, "depth_class": "1.0\u20133.0 m", "class_area_km2": 0.4882529921077265, "flooded_area_km2": 3.96919900053564, "frame_max_depth_m": 24.516857413521734, "class_mean_depth_m": 1.9746088445197414, "scenario_id": "major_breach", "model_type": "Automated approximate 2D flood-routing prototype", "validated_hydraulic_output": false}, "geometry": {"type": "Polygon", "coordinates": [[[75.1300053138, 18.0797270691], [75.1300053138, 18.079449291099998], [75.1302830918, 18.079449291099998], [75.1302830918, 18.079171513099997], [75.1300053138, 18.079171513099997], [75.1300053138, 18.0788937351], [75.1302830918, 18.0788937351], [75.1302830918, 18.0786159571], [75.1297275358, 18.0786159571], [75.1297275358, 18.078338179099998], [75.1302830918, 18.078338179099998], [75.1302830918, 18.078060401099997], [75.1305608698, 18.078060401099997], [75.1305608698, 18.0797270691], [75.1300053138, 18.0797270691]]]}}, {"type": "Feature", "properties": {"time_min": 20, "depth_min_m": 1.0, "depth_max_m": 3.0, "depth_class": "1.0\u20133.0 m", "class_area_km2": 0.4882529921077265, "flooded_area_km2": 3.96919900053564, "frame_max_depth_m": 24.516857413521734, "class_mean_depth_m": 1.9746088445197414, "scenario_id": "major_breach", "model_type": "Automated approximate 2D flood-routing prototype", "validated_hydraulic_output": false}, "geometry": {"type": "Polygon", "coordinates": [[[75.1313942038, 18.0786159571], [75.1313942038, 18.078060401099997], [75.1316719818, 18.078060401099997], [75.1316719818, 18.0786159571], [75.1313942038, 18.0786159571]]]}}, {"type": "Feature", "properties": {"time_min": 20, "depth_min_m": 1.0, "depth_max_m": 3.0, "depth_class": "1.0\u20133.0 m", "class_area_km2": 0.4882529921077265, "flooded_area_km2": 3.96919900053564, "frame_max_depth_m": 24.516857413521734, "class_mean_depth_m": 1.9746088445197414, "scenario_id": "major_breach", "model_type": "Automated approximate 2D flood-routing prototype", "validated_hydraulic_output": false}, "geometry": {"type": "Polygon", "coordinates": [[[75.1286164238, 18.079449291099998], [75.1286164238, 18.079171513099997], [75.1283386458, 18.079171513099997], [75.1283386458, 18.078338179099998], [75.12778308979999, 18.078338179099998], [75.12778308979999, 18.078060401099997], [75.1288942018, 18.078060401099997], [75.1288942018, 18.078338179099998], [75.1286164238, 18.078338179099998], [75.1286164238, 18.0786159571], [75.1288942018, 18.0786159571], [75.1288942018, 18.0788937351], [75.12917197979999, 18.0788937351], [75.12917197979999, 18.079171513099997], [75.1288942018, 18.079171513099997], [75.1288942018, 18.079449291099998], [75.1286164238, 18.079449291099998]]]}}, {"type": "Feature", "properties": {"time_min": 20, "depth_min_m": 1.0, "depth_max_m": 3.0, "depth_class": "1.0\u20133.0 m", "class_area_km2": 0.4882529921077265, "flooded_area_km2": 3.96919900053564, "frame_max_depth_m": 24.516857413521734, "class_mean_depth_m": 1.9746088445197414, "scenario_id": "major_breach", "model_type": "Automated approximate 2D flood-routing prototype", "validated_hydraulic_output": false}, "geometry": {"type": "Polygon", "coordinates": [[[75.12944975779999, 18.078338179099998], [75.12944975779999, 18.078060401099997], [75.1297275358, 18.078060401099997], [75.1297275358, 18.078338179099998], [75.12944975779999, 18.078338179099998]]]}}, {"type": "Feature", "properties": {"time_min": 20, "depth_min_m": 1.0, "depth_max_m": 3.0, "depth_class": "1.0\u20133.0 m", "class_area_km2": 0.4882529921077265, "flooded_area_km2": 3.96919900053564, "frame_max_depth_m": 24.516857413521734, "class_mean_depth_m": 1.9746088445197414, "scenario_id": "major_breach", "model_type": "Automated approximate 2D flood-routing prototype", "validated_hydraulic_output": false}, "geometry": {"type": "Polygon", "coordinates": [[[75.1319497598, 18.0786159571], [75.1319497598, 18.0777826231], [75.13222753779999, 18.0777826231], [75.13222753779999, 18.0786159571], [75.1319497598, 18.0786159571]]]}}, {"type": "Feature", "properties": {"time_min": 20, "depth_min_m": 1.0, "depth_max_m": 3.0, "depth_class": "1.0\u20133.0 m", "class_area_km2": 0.4882529921077265, "flooded_area_km2": 3.96919900053564, "frame_max_depth_m": 24.516857413521734, "class_mean_depth_m": 1.9746088445197414, "scenario_id": "major_breach", "model_type": "Automated approximate 2D flood-routing prototype", "validated_hydraulic_output": false}, "geometry": {"type": "Polygon", "coordinates": [[[75.12917197979999, 18.078060401099997], [75.12917197979999, 18.0777826231], [75.12944975779999, 18.0777826231], [75.12944975779999, 18.078060401099997], [75.12917197979999, 18.078060401099997]]]}}, {"type": "Feature", "properties": {"time_min": 20, "depth_min_m": 1.0, "depth_max_m": 3.0, "depth_class": "1.0\u20133.0 m", "class_area_km2": 0.4882529921077265, "flooded_area_km2": 3.96919900053564, "frame_max_depth_m": 24.516857413521734, "class_mean_depth_m": 1.9746088445197414, "scenario_id": "major_breach", "model_type": "Automated approximate 2D flood-routing prototype", "validated_hydraulic_output": false}, "geometry": {"type": "Polygon", "coordinates": [[[75.1208386398, 18.078060401099997], [75.1208386398, 18.077504845099998], [75.1211164178, 18.077504845099998], [75.1211164178, 18.078060401099997], [75.1208386398, 18.078060401099997]]]}}, {"type": "Feature", "properties": {"time_min": 20, "depth_min_m": 1.0, "depth_max_m": 3.0, "depth_class": "1.0\u20133.0 m", "class_area_km2": 0.4882529921077265, "flooded_area_km2": 3.96919900053564, "frame_max_depth_m": 24.516857413521734, "class_mean_depth_m": 1.9746088445197414, "scenario_id": "major_breach", "model_type": "Automated approximate 2D flood-routing prototype", "validated_hydraulic_output": false}, "geometry": {"type": "Polygon", "coordinates": [[[75.1241719758, 18.0777826231], [75.1241719758, 18.077504845099998], [75.1244497538, 18.077504845099998], [75.1244497538, 18.0777826231], [75.1241719758, 18.0777826231]]]}}, {"type": "Feature", "properties": {"time_min": 20, "depth_min_m": 1.0, "depth_max_m": 3.0, "depth_class": "1.0\u20133.0 m", "class_area_km2": 0.4882529921077265, "flooded_area_km2": 3.96919900053564, "frame_max_depth_m": 24.516857413521734, "class_mean_depth_m": 1.9746088445197414, "scenario_id": "major_breach", "model_type": "Automated approximate 2D flood-routing prototype", "validated_hydraulic_output": false}, "geometry": {"type": "Polygon", "coordinates": [[[75.1222275298, 18.079449291099998], [75.1222275298, 18.078338179099998], [75.12194975179999, 18.078338179099998], [75.12194975179999, 18.077227067099997], [75.1222275298, 18.077227067099997], [75.1222275298, 18.077504845099998], [75.1225053078, 18.077504845099998], [75.1225053078, 18.077227067099997], [75.1227830858, 18.077227067099997], [75.1227830858, 18.077504845099998], [75.12306086379999, 18.077504845099998], [75.12306086379999, 18.0777826231], [75.1227830858, 18.0777826231], [75.1227830858, 18.078338179099998], [75.1225053078, 18.078338179099998], [75.1225053078, 18.0786159571], [75.12306086379999, 18.0786159571], [75.12306086379999, 18.078338179099998], [75.12333864179999, 18.078338179099998], [75.12333864179999, 18.0788937351], [75.1227830858, 18.0788937351], [75.1227830858, 18.079171513099997], [75.1225053078, 18.079171513099997], [75.1225053078, 18.079449291099998], [75.1222275298, 18.079449291099998]]]}}, {"type": "Feature", "properties": {"time_min": 20, "depth_min_m": 1.0, "depth_max_m": 3.0, "depth_class": "1.0\u20133.0 m", "class_area_km2": 0.4882529921077265, "flooded_area_km2": 3.96919900053564, "frame_max_depth_m": 24.516857413521734, "class_mean_depth_m": 1.9746088445197414, "scenario_id": "major_breach", "model_type": "Automated approximate 2D flood-routing prototype", "validated_hydraulic_output": false}, "geometry": {"type": "Polygon", "coordinates": [[[75.1266719778, 18.078060401099997], [75.1266719778, 18.0777826231], [75.1269497558, 18.0777826231], [75.1269497558, 18.077227067099997], [75.1272275338, 18.077227067099997], [75.1272275338, 18.0777826231], [75.1275053118, 18.0777826231], [75.1275053118, 18.078060401099997], [75.1266719778, 18.078060401099997]]]}}, {"type": "Feature", "properties": {"time_min": 20, "depth_min_m": 1.0, "depth_max_m": 3.0, "depth_class": "1.0\u20133.0 m", "class_area_km2": 0.4882529921077265, "flooded_area_km2": 3.96919900053564, "frame_max_depth_m": 24.516857413521734, "class_mean_depth_m": 1.9746088445197414, "scenario_id": "major_breach", "model_type": "Automated approximate 2D flood-routing prototype", "validated_hydraulic_output": false}, "geometry": {"type": "Polygon", "coordinates": [[[75.1313942038, 18.0777826231], [75.1313942038, 18.077227067099997], [75.1316719818, 18.077227067099997], [75.1316719818, 18.0777826231], [75.1313942038, 18.0777826231]]]}}, {"type": "Feature", "properties": {"time_min": 20, "depth_min_m": 1.0, "depth_max_m": 3.0, "depth_class": "1.0\u20133.0 m", "class_area_km2": 0.4882529921077265, "flooded_area_km2": 3.96919900053564, "frame_max_depth_m": 24.516857413521734, "class_mean_depth_m": 1.9746088445197414, "scenario_id": "major_breach", "model_type": "Automated approximate 2D flood-routing prototype", "validated_hydraulic_output": false}, "geometry": {"type": "Polygon", "coordinates": [[[75.12306086379999, 18.077504845099998], [75.12306086379999, 18.076949289099996], [75.12333864179999, 18.076949289099996], [75.12333864179999, 18.077504845099998], [75.12306086379999, 18.077504845099998]]]}}, {"type": "Feature", "properties": {"time_min": 20, "depth_min_m": 1.0, "depth_max_m": 3.0, "depth_class": "1.0\u20133.0 m", "class_area_km2": 0.4882529921077265, "flooded_area_km2": 3.96919900053564, "frame_max_depth_m": 24.516857413521734, "class_mean_depth_m": 1.9746088445197414, "scenario_id": "major_breach", "model_type": "Automated approximate 2D flood-routing prototype", "validated_hydraulic_output": false}, "geometry": {"type": "Polygon", "coordinates": [[[75.1238941978, 18.077504845099998], [75.1238941978, 18.076949289099996], [75.1241719758, 18.076949289099996], [75.1241719758, 18.077504845099998], [75.1238941978, 18.077504845099998]]]}}, {"type": "Feature", "properties": {"time_min": 20, "depth_min_m": 1.0, "depth_max_m": 3.0, "depth_class": "1.0\u20133.0 m", "class_area_km2": 0.4882529921077265, "flooded_area_km2": 3.96919900053564, "frame_max_depth_m": 24.516857413521734, "class_mean_depth_m": 1.9746088445197414, "scenario_id": "major_breach", "model_type": "Automated approximate 2D flood-routing prototype", "validated_hydraulic_output": false}, "geometry": {"type": "Polygon", "coordinates": [[[75.1286164238, 18.0777826231], [75.1286164238, 18.077504845099998], [75.1283386458, 18.077504845099998], [75.1283386458, 18.077227067099997], [75.1286164238, 18.077227067099997], [75.1286164238, 18.076949289099996], [75.12944975779999, 18.076949289099996], [75.12944975779999, 18.077227067099997], [75.1288942018, 18.077227067099997], [75.1288942018, 18.077504845099998], [75.12917197979999, 18.077504845099998], [75.12917197979999, 18.0777826231], [75.1286164238, 18.0777826231]]]}}, {"type": "Feature", "properties": {"time_min": 20, "depth_min_m": 1.0, "depth_max_m": 3.0, "depth_class": "1.0\u20133.0 m", "class_area_km2": 0.4882529921077265, "flooded_area_km2": 3.96919900053564, "frame_max_depth_m": 24.516857413521734, "class_mean_depth_m": 1.9746088445197414, "scenario_id": "major_breach", "model_type": "Automated approximate 2D flood-routing prototype", "validated_hydraulic_output": false}, "geometry": {"type": "Polygon", "coordinates": [[[75.1269497558, 18.076949289099996], [75.1269497558, 18.0766715111], [75.1272275338, 18.0766715111], [75.1272275338, 18.076949289099996], [75.1269497558, 18.076949289099996]]]}}, {"type": "Feature", "properties": {"time_min": 20, "depth_min_m": 1.0, "depth_max_m": 3.0, "depth_class": "1.0\u20133.0 m", "class_area_km2": 0.4882529921077265, "flooded_area_km2": 3.96919900053564, "frame_max_depth_m": 24.516857413521734, "class_mean_depth_m": 1.9746088445197414, "scenario_id": "major_breach", "model_type": "Automated approximate 2D flood-routing prototype", "validated_hydraulic_output": false}, "geometry": {"type": "Polygon", "coordinates": [[[75.1213941958, 18.078060401099997], [75.1213941958, 18.077504845099998], [75.1211164178, 18.077504845099998], [75.1211164178, 18.077227067099997], [75.1213941958, 18.077227067099997], [75.1213941958, 18.076393733099998], [75.12194975179999, 18.076393733099998], [75.12194975179999, 18.076115955099997], [75.1222275298, 18.076115955099997], [75.1222275298, 18.076393733099998], [75.1225053078, 18.076393733099998], [75.1225053078, 18.0766715111], [75.1222275298, 18.0766715111], [75.1222275298, 18.076949289099996], [75.12167197379999, 18.076949289099996], [75.12167197379999, 18.078060401099997], [75.1213941958, 18.078060401099997]]]}}, {"type": "Feature", "properties": {"time_min": 20, "depth_min_m": 1.0, "depth_max_m": 3.0, "depth_class": "1.0\u20133.0 m", "class_area_km2": 0.4882529921077265, "flooded_area_km2": 3.96919900053564, "frame_max_depth_m": 24.516857413521734, "class_mean_depth_m": 1.9746088445197414, "scenario_id": "major_breach", "model_type": "Automated approximate 2D flood-routing prototype", "validated_hydraulic_output": false}, "geometry": {"type": "Polygon", "coordinates": [[[75.12778308979999, 18.077227067099997], [75.12778308979999, 18.076949289099996], [75.1275053118, 18.076949289099996], [75.1275053118, 18.076115955099997], [75.12778308979999, 18.076115955099997], [75.12778308979999, 18.0766715111], [75.12806086779999, 18.0766715111], [75.12806086779999, 18.077227067099997], [75.12778308979999, 18.077227067099997]]]}}, {"type": "Feature", "properties": {"time_min": 20, "depth_min_m": 1.0, "depth_max_m": 3.0, "depth_class": "1.0\u20133.0 m", "class_area_km2": 0.4882529921077265, "flooded_area_km2": 3.96919900053564, "frame_max_depth_m": 24.516857413521734, "class_mean_depth_m": 1.9746088445197414, "scenario_id": "major_breach", "model_type": "Automated approximate 2D flood-routing prototype", "validated_hydraulic_output": false}, "geometry": {"type": "Polygon", "coordinates": [[[75.1227830858, 18.076949289099996], [75.1227830858, 18.076393733099998], [75.1225053078, 18.076393733099998], [75.1225053078, 18.076115955099997], [75.1236164198, 18.076115955099997], [75.1236164198, 18.076393733099998], [75.12306086379999, 18.076393733099998], [75.12306086379999, 18.076949289099996], [75.1227830858, 18.076949289099996]]]}}, {"type": "Feature", "properties": {"time_min": 20, "depth_min_m": 1.0, "depth_max_m": 3.0, "depth_class": "1.0\u20133.0 m", "class_area_km2": 0.4882529921077265, "flooded_area_km2": 3.96919900053564, "frame_max_depth_m": 24.516857413521734, "class_mean_depth_m": 1.9746088445197414, "scenario_id": "major_breach", "model_type": "Automated approximate 2D flood-routing prototype", "validated_hydraulic_output": false}, "geometry": {"type": "Polygon", "coordinates": [[[75.1288942018, 18.076393733099998], [75.1288942018, 18.076115955099997], [75.12917197979999, 18.076115955099997], [75.12917197979999, 18.076393733099998], [75.1288942018, 18.076393733099998]]]}}, {"type": "Feature", "properties": {"time_min": 20, "depth_min_m": 1.0, "depth_max_m": 3.0, "depth_class": "1.0\u20133.0 m", "class_area_km2": 0.4882529921077265, "flooded_area_km2": 3.96919900053564, "frame_max_depth_m": 24.516857413521734, "class_mean_depth_m": 1.9746088445197414, "scenario_id": "major_breach", "model_type": "Automated approximate 2D flood-routing prototype", "validated_hydraulic_output": false}, "geometry": {"type": "Polygon", "coordinates": [[[75.1283386458, 18.0766715111], [75.1283386458, 18.0758381771], [75.1286164238, 18.0758381771], [75.1286164238, 18.0766715111], [75.1283386458, 18.0766715111]]]}}, {"type": "Feature", "properties": {"time_min": 20, "depth_min_m": 1.0, "depth_max_m": 3.0, "depth_class": "1.0\u20133.0 m", "class_area_km2": 0.4882529921077265, "flooded_area_km2": 3.96919900053564, "frame_max_depth_m": 24.516857413521734, "class_mean_depth_m": 1.9746088445197414, "scenario_id": "major_breach", "model_type": "Automated approximate 2D flood-routing prototype", "validated_hydraulic_output": false}, "geometry": {"type": "Polygon", "coordinates": [[[75.1222275298, 18.076115955099997], [75.1222275298, 18.0758381771], [75.1225053078, 18.0758381771], [75.1225053078, 18.076115955099997], [75.1222275298, 18.076115955099997]]]}}, {"type": "Feature", "properties": {"time_min": 20, "depth_min_m": 1.0, "depth_max_m": 3.0, "depth_class": "1.0\u20133.0 m", "class_area_km2": 0.4882529921077265, "flooded_area_km2": 3.96919900053564, "frame_max_depth_m": 24.516857413521734, "class_mean_depth_m": 1.9746088445197414, "scenario_id": "major_breach", "model_type": "Automated approximate 2D flood-routing prototype", "validated_hydraulic_output": false}, "geometry": {"type": "Polygon", "coordinates": [[[75.1269497558, 18.076115955099997], [75.1269497558, 18.0758381771], [75.1272275338, 18.0758381771], [75.1272275338, 18.076115955099997], [75.1269497558, 18.076115955099997]]]}}, {"type": "Feature", "properties": {"time_min": 20, "depth_min_m": 1.0, "depth_max_m": 3.0, "depth_class": "1.0\u20133.0 m", "class_area_km2": 0.4882529921077265, "flooded_area_km2": 3.96919900053564, "frame_max_depth_m": 24.516857413521734, "class_mean_depth_m": 1.9746088445197414, "scenario_id": "major_breach", "model_type": "Automated approximate 2D flood-routing prototype", "validated_hydraulic_output": false}, "geometry": {"type": "Polygon", "coordinates": [[[75.12472753179999, 18.0777826231], [75.12472753179999, 18.077504845099998], [75.1244497538, 18.077504845099998], [75.1244497538, 18.077227067099997], [75.12472753179999, 18.077227067099997], [75.12472753179999, 18.0766715111], [75.12500530979999, 18.0766715111], [75.12500530979999, 18.076393733099998], [75.1244497538, 18.076393733099998], [75.1244497538, 18.0766715111], [75.1241719758, 18.0766715111], [75.1241719758, 18.076393733099998], [75.1238941978, 18.076393733099998], [75.1238941978, 18.0758381771], [75.1244497538, 18.0758381771], [75.1244497538, 18.0755603991], [75.12472753179999, 18.0755603991], [75.12472753179999, 18.076115955099997], [75.12500530979999, 18.076115955099997], [75.12500530979999, 18.0758381771], [75.1252830878, 18.0758381771], [75.1252830878, 18.076115955099997], [75.12611642179999, 18.076115955099997], [75.12611642179999, 18.0758381771], [75.1266719778, 18.0758381771], [75.1266719778, 18.076115955099997], [75.1269497558, 18.076115955099997], [75.1269497558, 18.076393733099998], [75.12639419979999, 18.076393733099998], [75.12639419979999, 18.0766715111], [75.1266719778, 18.0766715111], [75.1266719778, 18.077227067099997], [75.12611642179999, 18.077227067099997], [75.12611642179999, 18.076949289099996], [75.1258386438, 18.076949289099996], [75.1258386438, 18.077227067099997], [75.1252830878, 18.077227067099997], [75.1252830878, 18.0777826231], [75.12472753179999, 18.0777826231]], [[75.12500530979999, 18.076949289099996], [75.1252830878, 18.076949289099996], [75.1252830878, 18.0766715111], [75.12500530979999, 18.0766715111], [75.12500530979999, 18.076949289099996]]]}}, {"type": "Feature", "properties": {"time_min": 20, "depth_min_m": 1.0, "depth_max_m": 3.0, "depth_class": "1.0\u20133.0 m", "class_area_km2": 0.4882529921077265, "flooded_area_km2": 3.96919900053564, "frame_max_depth_m": 24.516857413521734, "class_mean_depth_m": 1.9746088445197414, "scenario_id": "major_breach", "model_type": "Automated approximate 2D flood-routing prototype", "validated_hydraulic_output": false}, "geometry": {"type": "Polygon", "coordinates": [[[75.12306086379999, 18.0758381771], [75.12306086379999, 18.0755603991], [75.12333864179999, 18.0755603991], [75.12333864179999, 18.0758381771], [75.12306086379999, 18.0758381771]]]}}, {"type": "Feature", "properties": {"time_min": 20, "depth_min_m": 1.0, "depth_max_m": 3.0, "depth_class": "1.0\u20133.0 m", "class_area_km2": 0.4882529921077265, "flooded_area_km2": 3.96919900053564, "frame_max_depth_m": 24.516857413521734, "class_mean_depth_m": 1.9746088445197414, "scenario_id": "major_breach", "model_type": "Automated approximate 2D flood-routing prototype", "validated_hydraulic_output": false}, "geometry": {"type": "Polygon", "coordinates": [[[75.1258386438, 18.0758381771], [75.1258386438, 18.0755603991], [75.12611642179999, 18.0755603991], [75.12611642179999, 18.0758381771], [75.1258386438, 18.0758381771]]]}}, {"type": "Feature", "properties": {"time_min": 20, "depth_min_m": 1.0, "depth_max_m": 3.0, "depth_class": "1.0\u20133.0 m", "class_area_km2": 0.4882529921077265, "flooded_area_km2": 3.96919900053564, "frame_max_depth_m": 24.516857413521734, "class_mean_depth_m": 1.9746088445197414, "scenario_id": "major_breach", "model_type": "Automated approximate 2D flood-routing prototype", "validated_hydraulic_output": false}, "geometry": {"type": "Polygon", "coordinates": [[[75.13222753779999, 18.076115955099997], [75.13222753779999, 18.0758381771], [75.13250531579999, 18.0758381771], [75.13250531579999, 18.075282621099998], [75.1327830938, 18.075282621099998], [75.1327830938, 18.0758381771], [75.1330608718, 18.0758381771], [75.1330608718, 18.076115955099997], [75.13222753779999, 18.076115955099997]]]}}, {"type": "Feature", "properties": {"time_min": 20, "depth_min_m": 1.0, "depth_max_m": 3.0, "depth_class": "1.0\u20133.0 m", "class_area_km2": 0.4882529921077265, "flooded_area_km2": 3.96919900053564, "frame_max_depth_m": 24.516857413521734, "class_mean_depth_m": 1.9746088445197414, "scenario_id": "major_breach", "model_type": "Automated approximate 2D flood-routing prototype", "validated_hydraulic_output": false}, "geometry": {"type": "Polygon", "coordinates": [[[75.1319497598, 18.0755603991], [75.1319497598, 18.075282621099998], [75.13222753779999, 18.075282621099998], [75.13222753779999, 18.0755603991], [75.1319497598, 18.0755603991]]]}}, {"type": "Feature", "properties": {"time_min": 20, "depth_min_m": 1.0, "depth_max_m": 3.0, "depth_class": "1.0\u20133.0 m", "class_area_km2": 0.4882529921077265, "flooded_area_km2": 3.96919900053564, "frame_max_depth_m": 24.516857413521734, "class_mean_depth_m": 1.9746088445197414, "scenario_id": "major_breach", "model_type": "Automated approximate 2D flood-routing prototype", "validated_hydraulic_output": false}, "geometry": {"type": "Polygon", "coordinates": [[[75.1258386438, 18.075282621099998], [75.1258386438, 18.0747270651], [75.12611642179999, 18.0747270651], [75.12611642179999, 18.075282621099998], [75.1258386438, 18.075282621099998]]]}}, {"type": "Feature", "properties": {"time_min": 20, "depth_min_m": 1.0, "depth_max_m": 3.0, "depth_class": "1.0\u20133.0 m", "class_area_km2": 0.4882529921077265, "flooded_area_km2": 3.96919900053564, "frame_max_depth_m": 24.516857413521734, "class_mean_depth_m": 1.9746088445197414, "scenario_id": "major_breach", "model_type": "Automated approximate 2D flood-routing prototype", "validated_hydraulic_output": false}, "geometry": {"type": "Polygon", "coordinates": [[[75.1211164178, 18.076115955099997], [75.1211164178, 18.0755603991], [75.1208386398, 18.0755603991], [75.1208386398, 18.075282621099998], [75.1211164178, 18.075282621099998], [75.1211164178, 18.075004843099997], [75.1213941958, 18.075004843099997], [75.1213941958, 18.0747270651], [75.12194975179999, 18.0747270651], [75.12194975179999, 18.0744492871], [75.1222275298, 18.0744492871], [75.1222275298, 18.0747270651], [75.1225053078, 18.0747270651], [75.1225053078, 18.075004843099997], [75.1222275298, 18.075004843099997], [75.1222275298, 18.0758381771], [75.1213941958, 18.0758381771], [75.1213941958, 18.076115955099997], [75.1211164178, 18.076115955099997]], [[75.1213941958, 18.0755603991], [75.12167197379999, 18.0755603991], [75.12167197379999, 18.075282621099998], [75.1213941958, 18.075282621099998], [75.1213941958, 18.0755603991]]]}}, {"type": "Feature", "properties": {"time_min": 20, "depth_min_m": 1.0, "depth_max_m": 3.0, "depth_class": "1.0\u20133.0 m", "class_area_km2": 0.4882529921077265, "flooded_area_km2": 3.96919900053564, "frame_max_depth_m": 24.516857413521734, "class_mean_depth_m": 1.9746088445197414, "scenario_id": "major_breach", "model_type": "Automated approximate 2D flood-routing prototype", "validated_hydraulic_output": false}, "geometry": {"type": "Polygon", "coordinates": [[[75.1236164198, 18.0758381771], [75.1236164198, 18.0755603991], [75.12333864179999, 18.0755603991], [75.12333864179999, 18.075004843099997], [75.12306086379999, 18.075004843099997], [75.12306086379999, 18.0744492871], [75.1241719758, 18.0744492871], [75.1241719758, 18.0747270651], [75.1238941978, 18.0747270651], [75.1238941978, 18.075004843099997], [75.1241719758, 18.075004843099997], [75.1241719758, 18.0755603991], [75.1238941978, 18.0755603991], [75.1238941978, 18.0758381771], [75.1236164198, 18.0758381771]], [[75.12333864179999, 18.075004843099997], [75.1236164198, 18.075004843099997], [75.1236164198, 18.0747270651], [75.12333864179999, 18.0747270651], [75.12333864179999, 18.075004843099997]]]}}, {"type": "Feature", "properties": {"time_min": 20, "depth_min_m": 1.0, "depth_max_m": 3.0, "depth_class": "1.0\u20133.0 m", "class_area_km2": 0.4882529921077265, "flooded_area_km2": 3.96919900053564, "frame_max_depth_m": 24.516857413521734, "class_mean_depth_m": 1.9746088445197414, "scenario_id": "major_breach", "model_type": "Automated approximate 2D flood-routing prototype", "validated_hydraulic_output": false}, "geometry": {"type": "Polygon", "coordinates": [[[75.13222753779999, 18.075004843099997], [75.13222753779999, 18.0744492871], [75.1327830938, 18.0744492871], [75.1327830938, 18.0747270651], [75.13250531579999, 18.0747270651], [75.13250531579999, 18.075004843099997], [75.13222753779999, 18.075004843099997]]]}}, {"type": "Feature", "properties": {"time_min": 20, "depth_min_m": 1.0, "depth_max_m": 3.0, "depth_class": "1.0\u20133.0 m", "class_area_km2": 0.4882529921077265, "flooded_area_km2": 3.96919900053564, "frame_max_depth_m": 24.516857413521734, "class_mean_depth_m": 1.9746088445197414, "scenario_id": "major_breach", "model_type": "Automated approximate 2D flood-routing prototype", "validated_hydraulic_output": false}, "geometry": {"type": "Polygon", "coordinates": [[[75.13083864779999, 18.0747270651], [75.13083864779999, 18.0744492871], [75.1302830918, 18.0744492871], [75.1302830918, 18.074171509099997], [75.1305608698, 18.074171509099997], [75.1305608698, 18.073893731099997], [75.13083864779999, 18.073893731099997], [75.13083864779999, 18.074171509099997], [75.1313942038, 18.074171509099997], [75.1313942038, 18.0747270651], [75.13083864779999, 18.0747270651]]]}}, {"type": "Feature", "properties": {"time_min": 20, "depth_min_m": 1.0, "depth_max_m": 3.0, "depth_class": "1.0\u20133.0 m", "class_area_km2": 0.4882529921077265, "flooded_area_km2": 3.96919900053564, "frame_max_depth_m": 24.516857413521734, "class_mean_depth_m": 1.9746088445197414, "scenario_id": "major_breach", "model_type": "Automated approximate 2D flood-routing prototype", "validated_hydraulic_output": false}, "geometry": {"type": "Polygon", "coordinates": [[[75.1300053138, 18.074171509099997], [75.1300053138, 18.073893731099997], [75.1302830918, 18.073893731099997], [75.1302830918, 18.074171509099997], [75.1300053138, 18.074171509099997]]]}}, {"type": "Feature", "properties": {"time_min": 20, "depth_min_m": 1.0, "depth_max_m": 3.0, "depth_class": "1.0\u20133.0 m", "class_area_km2": 0.4882529921077265, "flooded_area_km2": 3.96919900053564, "frame_max_depth_m": 24.516857413521734, "class_mean_depth_m": 1.9746088445197414, "scenario_id": "major_breach", "model_type": "Automated approximate 2D flood-routing prototype", "validated_hydraulic_output": false}, "geometry": {"type": "Polygon", "coordinates": [[[75.12611642179999, 18.0744492871], [75.12611642179999, 18.074171509099997], [75.1258386438, 18.074171509099997], [75.1258386438, 18.073893731099997], [75.12611642179999, 18.073893731099997], [75.12611642179999, 18.0736159531], [75.1266719778, 18.0736159531], [75.1266719778, 18.073893731099997], [75.12639419979999, 18.073893731099997], [75.12639419979999, 18.0744492871], [75.12611642179999, 18.0744492871]]]}}, {"type": "Feature", "properties": {"time_min": 20, "depth_min_m": 1.0, "depth_max_m": 3.0, "depth_class": "1.0\u20133.0 m", "class_area_km2": 0.4882529921077265, "flooded_area_km2": 3.96919900053564, "frame_max_depth_m": 24.516857413521734, "class_mean_depth_m": 1.9746088445197414, "scenario_id": "major_breach", "model_type": "Automated approximate 2D flood-routing prototype", "validated_hydraulic_output": false}, "geometry": {"type": "Polygon", "coordinates": [[[75.12917197979999, 18.073893731099997], [75.12917197979999, 18.0736159531], [75.1297275358, 18.0736159531], [75.1297275358, 18.073893731099997], [75.12917197979999, 18.073893731099997]]]}}, {"type": "Feature", "properties": {"time_min": 20, "depth_min_m": 1.0, "depth_max_m": 3.0, "depth_class": "1.0\u20133.0 m", "class_area_km2": 0.4882529921077265, "flooded_area_km2": 3.96919900053564, "frame_max_depth_m": 24.516857413521734, "class_mean_depth_m": 1.9746088445197414, "scenario_id": "major_breach", "model_type": "Automated approximate 2D flood-routing prototype", "validated_hydraulic_output": false}, "geometry": {"type": "Polygon", "coordinates": [[[75.12028308379999, 18.0736159531], [75.12028308379999, 18.073338175099998], [75.1205608618, 18.073338175099998], [75.1205608618, 18.0736159531], [75.12028308379999, 18.0736159531]]]}}, {"type": "Feature", "properties": {"time_min": 20, "depth_min_m": 1.0, "depth_max_m": 3.0, "depth_class": "1.0\u20133.0 m", "class_area_km2": 0.4882529921077265, "flooded_area_km2": 3.96919900053564, "frame_max_depth_m": 24.516857413521734, "class_mean_depth_m": 1.9746088445197414, "scenario_id": "major_breach", "model_type": "Automated approximate 2D flood-routing prototype", "validated_hydraulic_output": false}, "geometry": {"type": "Polygon", "coordinates": [[[75.1222275298, 18.0736159531], [75.1222275298, 18.073338175099998], [75.1227830858, 18.073338175099998], [75.1227830858, 18.0736159531], [75.1222275298, 18.0736159531]]]}}, {"type": "Feature", "properties": {"time_min": 20, "depth_min_m": 1.0, "depth_max_m": 3.0, "depth_class": "1.0\u20133.0 m", "class_area_km2": 0.4882529921077265, "flooded_area_km2": 3.96919900053564, "frame_max_depth_m": 24.516857413521734, "class_mean_depth_m": 1.9746088445197414, "scenario_id": "major_breach", "model_type": "Automated approximate 2D flood-routing prototype", "validated_hydraulic_output": false}, "geometry": {"type": "Polygon", "coordinates": [[[75.1266719778, 18.0736159531], [75.1266719778, 18.073338175099998], [75.1269497558, 18.073338175099998], [75.1269497558, 18.0736159531], [75.1266719778, 18.0736159531]]]}}, {"type": "Feature", "properties": {"time_min": 20, "depth_min_m": 1.0, "depth_max_m": 3.0, "depth_class": "1.0\u20133.0 m", "class_area_km2": 0.4882529921077265, "flooded_area_km2": 3.96919900053564, "frame_max_depth_m": 24.516857413521734, "class_mean_depth_m": 1.9746088445197414, "scenario_id": "major_breach", "model_type": "Automated approximate 2D flood-routing prototype", "validated_hydraulic_output": false}, "geometry": {"type": "Polygon", "coordinates": [[[75.1319497598, 18.0744492871], [75.1319497598, 18.074171509099997], [75.1313942038, 18.074171509099997], [75.1313942038, 18.073893731099997], [75.1319497598, 18.073893731099997], [75.1319497598, 18.073060397099997], [75.13222753779999, 18.073060397099997], [75.13222753779999, 18.073338175099998], [75.13250531579999, 18.073338175099998], [75.13250531579999, 18.0736159531], [75.13222753779999, 18.0736159531], [75.13222753779999, 18.073893731099997], [75.13250531579999, 18.073893731099997], [75.13250531579999, 18.074171509099997], [75.13222753779999, 18.074171509099997], [75.13222753779999, 18.0744492871], [75.1319497598, 18.0744492871]]]}}, {"type": "Feature", "properties": {"time_min": 20, "depth_min_m": 1.0, "depth_max_m": 3.0, "depth_class": "1.0\u20133.0 m", "class_area_km2": 0.4882529921077265, "flooded_area_km2": 3.96919900053564, "frame_max_depth_m": 24.516857413521734, "class_mean_depth_m": 1.9746088445197414, "scenario_id": "major_breach", "model_type": "Automated approximate 2D flood-routing prototype", "validated_hydraulic_output": false}, "geometry": {"type": "Polygon", "coordinates": [[[75.1197275278, 18.073060397099997], [75.1197275278, 18.072782619099996], [75.12000530579999, 18.072782619099996], [75.12000530579999, 18.073060397099997], [75.1197275278, 18.073060397099997]]]}}, {"type": "Feature", "properties": {"time_min": 20, "depth_min_m": 1.0, "depth_max_m": 3.0, "depth_class": "1.0\u20133.0 m", "class_area_km2": 0.4882529921077265, "flooded_area_km2": 3.96919900053564, "frame_max_depth_m": 24.516857413521734, "class_mean_depth_m": 1.9746088445197414, "scenario_id": "major_breach", "model_type": "Automated approximate 2D flood-routing prototype", "validated_hydraulic_output": false}, "geometry": {"type": "Polygon", "coordinates": [[[75.1213941958, 18.0744492871], [75.1213941958, 18.0736159531], [75.1208386398, 18.0736159531], [75.1208386398, 18.073338175099998], [75.1205608618, 18.073338175099998], [75.1205608618, 18.073060397099997], [75.12028308379999, 18.073060397099997], [75.12028308379999, 18.072782619099996], [75.1205608618, 18.072782619099996], [75.1205608618, 18.0725048411], [75.1208386398, 18.0725048411], [75.1208386398, 18.073060397099997], [75.1213941958, 18.073060397099997], [75.1213941958, 18.073338175099998], [75.12194975179999, 18.073338175099998], [75.12194975179999, 18.073893731099997], [75.12167197379999, 18.073893731099997], [75.12167197379999, 18.0744492871], [75.1213941958, 18.0744492871]]]}}, {"type": "Feature", "properties": {"time_min": 20, "depth_min_m": 1.0, "depth_max_m": 3.0, "depth_class": "1.0\u20133.0 m", "class_area_km2": 0.4882529921077265, "flooded_area_km2": 3.96919900053564, "frame_max_depth_m": 24.516857413521734, "class_mean_depth_m": 1.9746088445197414, "scenario_id": "major_breach", "model_type": "Automated approximate 2D flood-routing prototype", "validated_hydraulic_output": false}, "geometry": {"type": "Polygon", "coordinates": [[[75.12167197379999, 18.072782619099996], [75.12167197379999, 18.0725048411], [75.12194975179999, 18.0725048411], [75.12194975179999, 18.072782619099996], [75.12167197379999, 18.072782619099996]]]}}, {"type": "Feature", "properties": {"time_min": 20, "depth_min_m": 1.0, "depth_max_m": 3.0, "depth_class": "1.0\u20133.0 m", "class_area_km2": 0.4882529921077265, "flooded_area_km2": 3.96919900053564, "frame_max_depth_m": 24.516857413521734, "class_mean_depth_m": 1.9746088445197414, "scenario_id": "major_breach", "model_type": "Automated approximate 2D flood-routing prototype", "validated_hydraulic_output": false}, "geometry": {"type": "Polygon", "coordinates": [[[75.1283386458, 18.073893731099997], [75.1283386458, 18.072782619099996], [75.12778308979999, 18.072782619099996], [75.12778308979999, 18.073060397099997], [75.1275053118, 18.073060397099997], [75.1275053118, 18.073338175099998], [75.1269497558, 18.073338175099998], [75.1269497558, 18.073060397099997], [75.1272275338, 18.073060397099997], [75.1272275338, 18.072782619099996], [75.1275053118, 18.072782619099996], [75.1275053118, 18.0725048411], [75.12778308979999, 18.0725048411], [75.12778308979999, 18.072227063099998], [75.12806086779999, 18.072227063099998], [75.12806086779999, 18.0725048411], [75.1283386458, 18.0725048411], [75.1283386458, 18.072227063099998], [75.1286164238, 18.072227063099998], [75.1286164238, 18.0725048411], [75.1288942018, 18.0725048411], [75.1288942018, 18.073060397099997], [75.12917197979999, 18.073060397099997], [75.12917197979999, 18.0736159531], [75.1288942018, 18.0736159531], [75.1288942018, 18.073893731099997], [75.1283386458, 18.073893731099997]]]}}, {"type": "Feature", "properties": {"time_min": 20, "depth_min_m": 1.0, "depth_max_m": 3.0, "depth_class": "1.0\u20133.0 m", "class_area_km2": 0.4882529921077265, "flooded_area_km2": 3.96919900053564, "frame_max_depth_m": 24.516857413521734, "class_mean_depth_m": 1.9746088445197414, "scenario_id": "major_breach", "model_type": "Automated approximate 2D flood-routing prototype", "validated_hydraulic_output": false}, "geometry": {"type": "Polygon", "coordinates": [[[75.1194497498, 18.072227063099998], [75.1194497498, 18.071949285099997], [75.1197275278, 18.071949285099997], [75.1197275278, 18.072227063099998], [75.1194497498, 18.072227063099998]]]}}, {"type": "Feature", "properties": {"time_min": 20, "depth_min_m": 1.0, "depth_max_m": 3.0, "depth_class": "1.0\u20133.0 m", "class_area_km2": 0.4882529921077265, "flooded_area_km2": 3.96919900053564, "frame_max_depth_m": 24.516857413521734, "class_mean_depth_m": 1.9746088445197414, "scenario_id": "major_breach", "model_type": "Automated approximate 2D flood-routing prototype", "validated_hydraulic_output": false}, "geometry": {"type": "Polygon", "coordinates": [[[75.1150053018, 18.071949285099997], [75.1150053018, 18.0716715071], [75.1152830798, 18.0716715071], [75.1152830798, 18.071949285099997], [75.1150053018, 18.071949285099997]]]}}, {"type": "Feature", "properties": {"time_min": 20, "depth_min_m": 1.0, "depth_max_m": 3.0, "depth_class": "1.0\u20133.0 m", "class_area_km2": 0.4882529921077265, "flooded_area_km2": 3.96919900053564, "frame_max_depth_m": 24.516857413521734, "class_mean_depth_m": 1.9746088445197414, "scenario_id": "major_breach", "model_type": "Automated approximate 2D flood-routing prototype", "validated_hydraulic_output": false}, "geometry": {"type": "Polygon", "coordinates": [[[75.12778308979999, 18.071949285099997], [75.12778308979999, 18.0716715071], [75.12806086779999, 18.0716715071], [75.12806086779999, 18.071949285099997], [75.12778308979999, 18.071949285099997]]]}}, {"type": "Feature", "properties": {"time_min": 20, "depth_min_m": 1.0, "depth_max_m": 3.0, "depth_class": "1.0\u20133.0 m", "class_area_km2": 0.4882529921077265, "flooded_area_km2": 3.96919900053564, "frame_max_depth_m": 24.516857413521734, "class_mean_depth_m": 1.9746088445197414, "scenario_id": "major_breach", "model_type": "Automated approximate 2D flood-routing prototype", "validated_hydraulic_output": false}, "geometry": {"type": "Polygon", "coordinates": [[[75.11417196779999, 18.0716715071], [75.11417196779999, 18.0713937291], [75.11444974579999, 18.0713937291], [75.11444974579999, 18.0716715071], [75.11417196779999, 18.0716715071]]]}}, {"type": "Feature", "properties": {"time_min": 20, "depth_min_m": 1.0, "depth_max_m": 3.0, "depth_class": "1.0\u20133.0 m", "class_area_km2": 0.4882529921077265, "flooded_area_km2": 3.96919900053564, "frame_max_depth_m": 24.516857413521734, "class_mean_depth_m": 1.9746088445197414, "scenario_id": "major_breach", "model_type": "Automated approximate 2D flood-routing prototype", "validated_hydraulic_output": false}, "geometry": {"type": "Polygon", "coordinates": [[[75.12806086779999, 18.0716715071], [75.12806086779999, 18.0713937291], [75.1283386458, 18.0713937291], [75.1283386458, 18.0716715071], [75.12806086779999, 18.0716715071]]]}}, {"type": "Feature", "properties": {"time_min": 20, "depth_min_m": 1.0, "depth_max_m": 3.0, "depth_class": "1.0\u20133.0 m", "class_area_km2": 0.4882529921077265, "flooded_area_km2": 3.96919900053564, "frame_max_depth_m": 24.516857413521734, "class_mean_depth_m": 1.9746088445197414, "scenario_id": "major_breach", "model_type": "Automated approximate 2D flood-routing prototype", "validated_hydraulic_output": false}, "geometry": {"type": "Polygon", "coordinates": [[[75.1136164118, 18.0713937291], [75.1136164118, 18.071115951099998], [75.11389418979999, 18.071115951099998], [75.11389418979999, 18.0713937291], [75.1136164118, 18.0713937291]]]}}, {"type": "Feature", "properties": {"time_min": 20, "depth_min_m": 1.0, "depth_max_m": 3.0, "depth_class": "1.0\u20133.0 m", "class_area_km2": 0.4882529921077265, "flooded_area_km2": 3.96919900053564, "frame_max_depth_m": 24.516857413521734, "class_mean_depth_m": 1.9746088445197414, "scenario_id": "major_breach", "model_type": "Automated approximate 2D flood-routing prototype", "validated_hydraulic_output": false}, "geometry": {"type": "Polygon", "coordinates": [[[75.11278307779999, 18.071115951099998], [75.11278307779999, 18.070838173099997], [75.1130608558, 18.070838173099997], [75.1130608558, 18.071115951099998], [75.11278307779999, 18.071115951099998]]]}}, {"type": "Feature", "properties": {"time_min": 20, "depth_min_m": 1.0, "depth_max_m": 3.0, "depth_class": "1.0\u20133.0 m", "class_area_km2": 0.4882529921077265, "flooded_area_km2": 3.96919900053564, "frame_max_depth_m": 24.516857413521734, "class_mean_depth_m": 1.9746088445197414, "scenario_id": "major_breach", "model_type": "Automated approximate 2D flood-routing prototype", "validated_hydraulic_output": false}, "geometry": {"type": "Polygon", "coordinates": [[[75.1119497438, 18.070838173099997], [75.1119497438, 18.0705603951], [75.1122275218, 18.0705603951], [75.1122275218, 18.070838173099997], [75.1119497438, 18.070838173099997]]]}}, {"type": "Feature", "properties": {"time_min": 20, "depth_min_m": 1.0, "depth_max_m": 3.0, "depth_class": "1.0\u20133.0 m", "class_area_km2": 0.4882529921077265, "flooded_area_km2": 3.96919900053564, "frame_max_depth_m": 24.516857413521734, "class_mean_depth_m": 1.9746088445197414, "scenario_id": "major_breach", "model_type": "Automated approximate 2D flood-routing prototype", "validated_hydraulic_output": false}, "geometry": {"type": "Polygon", "coordinates": [[[75.11139418779999, 18.0705603951], [75.11139418779999, 18.0702826171], [75.1116719658, 18.0702826171], [75.1116719658, 18.0705603951], [75.11139418779999, 18.0705603951]]]}}, {"type": "Feature", "properties": {"time_min": 20, "depth_min_m": 1.0, "depth_max_m": 3.0, "depth_class": "1.0\u20133.0 m", "class_area_km2": 0.4882529921077265, "flooded_area_km2": 3.96919900053564, "frame_max_depth_m": 24.516857413521734, "class_mean_depth_m": 1.9746088445197414, "scenario_id": "major_breach", "model_type": "Automated approximate 2D flood-routing prototype", "validated_hydraulic_output": false}, "geometry": {"type": "Polygon", "coordinates": [[[75.1108386318, 18.0702826171], [75.1108386318, 18.070004839099997], [75.11111640979999, 18.070004839099997], [75.11111640979999, 18.0702826171], [75.1108386318, 18.0702826171]]]}}, {"type": "Feature", "properties": {"time_min": 20, "depth_min_m": 1.0, "depth_max_m": 3.0, "depth_class": "1.0\u20133.0 m", "class_area_km2": 0.4882529921077265, "flooded_area_km2": 3.96919900053564, "frame_max_depth_m": 24.516857413521734, "class_mean_depth_m": 1.9746088445197414, "scenario_id": "major_breach", "model_type": "Automated approximate 2D flood-routing prototype", "validated_hydraulic_output": false}, "geometry": {"type": "Polygon", "coordinates": [[[75.1102830758, 18.070004839099997], [75.1102830758, 18.069727061099996], [75.1105608538, 18.069727061099996], [75.1105608538, 18.070004839099997], [75.1102830758, 18.070004839099997]]]}}, {"type": "Feature", "properties": {"time_min": 20, "depth_min_m": 1.0, "depth_max_m": 3.0, "depth_class": "1.0\u20133.0 m", "class_area_km2": 0.4882529921077265, "flooded_area_km2": 3.96919900053564, "frame_max_depth_m": 24.516857413521734, "class_mean_depth_m": 1.9746088445197414, "scenario_id": "major_breach", "model_type": "Automated approximate 2D flood-routing prototype", "validated_hydraulic_output": false}, "geometry": {"type": "Polygon", "coordinates": [[[75.1100052978, 18.069727061099996], [75.1100052978, 18.0694492831], [75.1102830758, 18.0694492831], [75.1102830758, 18.069727061099996], [75.1100052978, 18.069727061099996]]]}}, {"type": "Feature", "properties": {"time_min": 20, "depth_min_m": 1.0, "depth_max_m": 3.0, "depth_class": "1.0\u20133.0 m", "class_area_km2": 0.4882529921077265, "flooded_area_km2": 3.96919900053564, "frame_max_depth_m": 24.516857413521734, "class_mean_depth_m": 1.9746088445197414, "scenario_id": "major_breach", "model_type": "Automated approximate 2D flood-routing prototype", "validated_hydraulic_output": false}, "geometry": {"type": "Polygon", "coordinates": [[[75.10944974179999, 18.0694492831], [75.10944974179999, 18.069171505099998], [75.1100052978, 18.069171505099998], [75.1100052978, 18.0694492831], [75.10944974179999, 18.0694492831]]]}}, {"type": "Feature", "properties": {"time_min": 20, "depth_min_m": 1.0, "depth_max_m": 3.0, "depth_class": "1.0\u20133.0 m", "class_area_km2": 0.4882529921077265, "flooded_area_km2": 3.96919900053564, "frame_max_depth_m": 24.516857413521734, "class_mean_depth_m": 1.9746088445197414, "scenario_id": "major_breach", "model_type": "Automated approximate 2D flood-routing prototype", "validated_hydraulic_output": false}, "geometry": {"type": "Polygon", "coordinates": [[[75.1091719638, 18.069171505099998], [75.1091719638, 18.068893727099997], [75.10944974179999, 18.068893727099997], [75.10944974179999, 18.069171505099998], [75.1091719638, 18.069171505099998]]]}}, {"type": "Feature", "properties": {"time_min": 20, "depth_min_m": 1.0, "depth_max_m": 3.0, "depth_class": "1.0\u20133.0 m", "class_area_km2": 0.4882529921077265, "flooded_area_km2": 3.96919900053564, "frame_max_depth_m": 24.516857413521734, "class_mean_depth_m": 1.9746088445197414, "scenario_id": "major_breach", "model_type": "Automated approximate 2D flood-routing prototype", "validated_hydraulic_output": false}, "geometry": {"type": "Polygon", "coordinates": [[[75.1086164078, 18.068893727099997], [75.1086164078, 18.0683381711], [75.1088941858, 18.0683381711], [75.1088941858, 18.068615949099996], [75.1091719638, 18.068615949099996], [75.1091719638, 18.068893727099997], [75.1086164078, 18.068893727099997]]]}}, {"type": "Feature", "properties": {"time_min": 20, "depth_min_m": 1.0, "depth_max_m": 3.0, "depth_class": "1.0\u20133.0 m", "class_area_km2": 0.4882529921077265, "flooded_area_km2": 3.96919900053564, "frame_max_depth_m": 24.516857413521734, "class_mean_depth_m": 1.9746088445197414, "scenario_id": "major_breach", "model_type": "Automated approximate 2D flood-routing prototype", "validated_hydraulic_output": false}, "geometry": {"type": "Polygon", "coordinates": [[[75.1077830738, 18.067782615099997], [75.1077830738, 18.0675048371], [75.10806085179999, 18.0675048371], [75.10806085179999, 18.067782615099997], [75.1077830738, 18.067782615099997]]]}}, {"type": "Feature", "properties": {"time_min": 20, "depth_min_m": 1.0, "depth_max_m": 3.0, "depth_class": "1.0\u20133.0 m", "class_area_km2": 0.4882529921077265, "flooded_area_km2": 3.96919900053564, "frame_max_depth_m": 24.516857413521734, "class_mean_depth_m": 1.9746088445197414, "scenario_id": "major_breach", "model_type": "Automated approximate 2D flood-routing prototype", "validated_hydraulic_output": false}, "geometry": {"type": "Polygon", "coordinates": [[[75.1075052958, 18.0672270591], [75.1075052958, 18.066949281099998], [75.1077830738, 18.066949281099998], [75.1077830738, 18.0672270591], [75.1075052958, 18.0672270591]]]}}, {"type": "Feature", "properties": {"time_min": 20, "depth_min_m": 3.0, "depth_max_m": 6.0, "depth_class": "3.0\u20136.0 m", "class_area_km2": 0.46930047300557814, "flooded_area_km2": 3.96919900053564, "frame_max_depth_m": 24.516857413521734, "class_mean_depth_m": 4.358491195541716, "scenario_id": "major_breach", "model_type": "Automated approximate 2D flood-routing prototype", "validated_hydraulic_output": false}, "geometry": {"type": "Polygon", "coordinates": [[[75.12944975779999, 18.083615961099998], [75.12944975779999, 18.0827826271], [75.1302830918, 18.0827826271], [75.1302830918, 18.083615961099998], [75.12944975779999, 18.083615961099998]]]}}, {"type": "Feature", "properties": {"time_min": 20, "depth_min_m": 3.0, "depth_max_m": 6.0, "depth_class": "3.0\u20136.0 m", "class_area_km2": 0.46930047300557814, "flooded_area_km2": 3.96919900053564, "frame_max_depth_m": 24.516857413521734, "class_mean_depth_m": 4.358491195541716, "scenario_id": "major_breach", "model_type": "Automated approximate 2D flood-routing prototype", "validated_hydraulic_output": false}, "geometry": {"type": "Polygon", "coordinates": [[[75.1297275358, 18.082227071099997], [75.1297275358, 18.0816715151], [75.1300053138, 18.0816715151], [75.1300053138, 18.082227071099997], [75.1297275358, 18.082227071099997]]]}}, {"type": "Feature", "properties": {"time_min": 20, "depth_min_m": 3.0, "depth_max_m": 6.0, "depth_class": "3.0\u20136.0 m", "class_area_km2": 0.46930047300557814, "flooded_area_km2": 3.96919900053564, "frame_max_depth_m": 24.516857413521734, "class_mean_depth_m": 4.358491195541716, "scenario_id": "major_breach", "model_type": "Automated approximate 2D flood-routing prototype", "validated_hydraulic_output": false}, "geometry": {"type": "Polygon", "coordinates": [[[75.12306086379999, 18.081393737099997], [75.12306086379999, 18.081115959099996], [75.1236164198, 18.081115959099996], [75.1236164198, 18.081393737099997], [75.12306086379999, 18.081393737099997]]]}}, {"type": "Feature", "properties": {"time_min": 20, "depth_min_m": 3.0, "depth_max_m": 6.0, "depth_class": "3.0\u20136.0 m", "class_area_km2": 0.46930047300557814, "flooded_area_km2": 3.96919900053564, "frame_max_depth_m": 24.516857413521734, "class_mean_depth_m": 4.358491195541716, "scenario_id": "major_breach", "model_type": "Automated approximate 2D flood-routing prototype", "validated_hydraulic_output": false}, "geometry": {"type": "Polygon", "coordinates": [[[75.1086164078, 18.0838937391], [75.1086164078, 18.0827826271], [75.10833862979999, 18.0827826271], [75.10833862979999, 18.0816715151], [75.10806085179999, 18.0816715151], [75.10806085179999, 18.081115959099996], [75.1077830738, 18.081115959099996], [75.1077830738, 18.0808381811], [75.10833862979999, 18.0808381811], [75.10833862979999, 18.081115959099996], [75.1086164078, 18.081115959099996], [75.1086164078, 18.082227071099997], [75.1088941858, 18.082227071099997], [75.1088941858, 18.0838937391], [75.1086164078, 18.0838937391]]]}}, {"type": "Feature", "properties": {"time_min": 20, "depth_min_m": 3.0, "depth_max_m": 6.0, "depth_class": "3.0\u20136.0 m", "class_area_km2": 0.46930047300557814, "flooded_area_km2": 3.96919900053564, "frame_max_depth_m": 24.516857413521734, "class_mean_depth_m": 4.358491195541716, "scenario_id": "major_breach", "model_type": "Automated approximate 2D flood-routing prototype", "validated_hydraulic_output": false}, "geometry": {"type": "Polygon", "coordinates": [[[75.1075052958, 18.0808381811], [75.1075052958, 18.080560403099998], [75.1077830738, 18.080560403099998], [75.1077830738, 18.0808381811], [75.1075052958, 18.0808381811]]]}}, {"type": "Feature", "properties": {"time_min": 20, "depth_min_m": 3.0, "depth_max_m": 6.0, "depth_class": "3.0\u20136.0 m", "class_area_km2": 0.46930047300557814, "flooded_area_km2": 3.96919900053564, "frame_max_depth_m": 24.516857413521734, "class_mean_depth_m": 4.358491195541716, "scenario_id": "major_breach", "model_type": "Automated approximate 2D flood-routing prototype", "validated_hydraulic_output": false}, "geometry": {"type": "Polygon", "coordinates": [[[75.12917197979999, 18.081115959099996], [75.12917197979999, 18.0808381811], [75.1288942018, 18.0808381811], [75.1288942018, 18.080560403099998], [75.12944975779999, 18.080560403099998], [75.12944975779999, 18.081115959099996], [75.12917197979999, 18.081115959099996]]]}}, {"type": "Feature", "properties": {"time_min": 20, "depth_min_m": 3.0, "depth_max_m": 6.0, "depth_class": "3.0\u20136.0 m", "class_area_km2": 0.46930047300557814, "flooded_area_km2": 3.96919900053564, "frame_max_depth_m": 24.516857413521734, "class_mean_depth_m": 4.358491195541716, "scenario_id": "major_breach", "model_type": "Automated approximate 2D flood-routing prototype", "validated_hydraulic_output": false}, "geometry": {"type": "Polygon", "coordinates": [[[75.10639418379999, 18.080560403099998], [75.10639418379999, 18.080282625099997], [75.1072275178, 18.080282625099997], [75.1072275178, 18.080560403099998], [75.10639418379999, 18.080560403099998]]]}}, {"type": "Feature", "properties": {"time_min": 20, "depth_min_m": 3.0, "depth_max_m": 6.0, "depth_class": "3.0\u20136.0 m", "class_area_km2": 0.46930047300557814, "flooded_area_km2": 3.96919900053564, "frame_max_depth_m": 24.516857413521734, "class_mean_depth_m": 4.358491195541716, "scenario_id": "major_breach", "model_type": "Automated approximate 2D flood-routing prototype", "validated_hydraulic_output": false}, "geometry": {"type": "Polygon", "coordinates": [[[75.1088941858, 18.080560403099998], [75.1088941858, 18.080282625099997], [75.1091719638, 18.080282625099997], [75.1091719638, 18.080560403099998], [75.1088941858, 18.080560403099998]]]}}, {"type": "Feature", "properties": {"time_min": 20, "depth_min_m": 3.0, "depth_max_m": 6.0, "depth_class": "3.0\u20136.0 m", "class_area_km2": 0.46930047300557814, "flooded_area_km2": 3.96919900053564, "frame_max_depth_m": 24.516857413521734, "class_mean_depth_m": 4.358491195541716, "scenario_id": "major_breach", "model_type": "Automated approximate 2D flood-routing prototype", "validated_hydraulic_output": false}, "geometry": {"type": "Polygon", "coordinates": [[[75.1236164198, 18.0800048471], [75.1236164198, 18.0797270691], [75.1238941978, 18.0797270691], [75.1238941978, 18.0800048471], [75.1236164198, 18.0800048471]]]}}, {"type": "Feature", "properties": {"time_min": 20, "depth_min_m": 3.0, "depth_max_m": 6.0, "depth_class": "3.0\u20136.0 m", "class_area_km2": 0.46930047300557814, "flooded_area_km2": 3.96919900053564, "frame_max_depth_m": 24.516857413521734, "class_mean_depth_m": 4.358491195541716, "scenario_id": "major_breach", "model_type": "Automated approximate 2D flood-routing prototype", "validated_hydraulic_output": false}, "geometry": {"type": "Polygon", "coordinates": [[[75.1300053138, 18.079449291099998], [75.1300053138, 18.079171513099997], [75.1302830918, 18.079171513099997], [75.1302830918, 18.079449291099998], [75.1300053138, 18.079449291099998]]]}}, {"type": "Feature", "properties": {"time_min": 20, "depth_min_m": 3.0, "depth_max_m": 6.0, "depth_class": "3.0\u20136.0 m", "class_area_km2": 0.46930047300557814, "flooded_area_km2": 3.96919900053564, "frame_max_depth_m": 24.516857413521734, "class_mean_depth_m": 4.358491195541716, "scenario_id": "major_breach", "model_type": "Automated approximate 2D flood-routing prototype", "validated_hydraulic_output": false}, "geometry": {"type": "Polygon", "coordinates": [[[75.12306086379999, 18.0797270691], [75.12306086379999, 18.079171513099997], [75.1227830858, 18.079171513099997], [75.1227830858, 18.0788937351], [75.12333864179999, 18.0788937351], [75.12333864179999, 18.0797270691], [75.12306086379999, 18.0797270691]]]}}, {"type": "Feature", "properties": {"time_min": 20, "depth_min_m": 3.0, "depth_max_m": 6.0, "depth_class": "3.0\u20136.0 m", "class_area_km2": 0.46930047300557814, "flooded_area_km2": 3.96919900053564, "frame_max_depth_m": 24.516857413521734, "class_mean_depth_m": 4.358491195541716, "scenario_id": "major_breach", "model_type": "Automated approximate 2D flood-routing prototype", "validated_hydraulic_output": false}, "geometry": {"type": "Polygon", "coordinates": [[[75.1116719658, 18.086393741099997], [75.1116719658, 18.0858381851], [75.1119497438, 18.0858381851], [75.1119497438, 18.085560407099997], [75.1122275218, 18.085560407099997], [75.1122275218, 18.0850048511], [75.11278307779999, 18.0850048511], [75.11278307779999, 18.084727073099998], [75.1130608558, 18.084727073099998], [75.1130608558, 18.083615961099998], [75.1133386338, 18.083615961099998], [75.1133386338, 18.083338183099997], [75.1136164118, 18.083338183099997], [75.1136164118, 18.082504849099998], [75.11389418979999, 18.082504849099998], [75.11389418979999, 18.082227071099997], [75.11444974579999, 18.082227071099997], [75.11444974579999, 18.0819492931], [75.1147275238, 18.0819492931], [75.1147275238, 18.0816715151], [75.1150053018, 18.0816715151], [75.1150053018, 18.081393737099997], [75.1152830798, 18.081393737099997], [75.1152830798, 18.081115959099996], [75.1163941918, 18.081115959099996], [75.1163941918, 18.0808381811], [75.11722752579999, 18.0808381811], [75.11722752579999, 18.080560403099998], [75.1180608598, 18.080560403099998], [75.1180608598, 18.080282625099997], [75.11861641579999, 18.080282625099997], [75.11861641579999, 18.080560403099998], [75.1194497498, 18.080560403099998], [75.1194497498, 18.0808381811], [75.1197275278, 18.0808381811], [75.1197275278, 18.080560403099998], [75.12000530579999, 18.080560403099998], [75.12000530579999, 18.0797270691], [75.1197275278, 18.0797270691], [75.1197275278, 18.0788937351], [75.12000530579999, 18.0788937351], [75.12000530579999, 18.079171513099997], [75.1205608618, 18.079171513099997], [75.1205608618, 18.078338179099998], [75.1208386398, 18.078338179099998], [75.1208386398, 18.079449291099998], [75.1211164178, 18.079449291099998], [75.1211164178, 18.080282625099997], [75.1213941958, 18.080282625099997], [75.1213941958, 18.080560403099998], [75.1211164178, 18.080560403099998], [75.1211164178, 18.0808381811], [75.1213941958, 18.0808381811], [75.1213941958, 18.082227071099997], [75.1211164178, 18.082227071099997], [75.1211164178, 18.0838937391], [75.1208386398, 18.0838937391], [75.1208386398, 18.083338183099997], [75.12000530579999, 18.083338183099997], [75.12000530579999, 18.0816715151], [75.12028308379999, 18.0816715151], [75.12028308379999, 18.081393737099997], [75.12000530579999, 18.081393737099997], [75.12000530579999, 18.081115959099996], [75.11889419379999, 18.081115959099996], [75.11889419379999, 18.081393737099997], [75.11861641579999, 18.081393737099997], [75.11861641579999, 18.081115959099996], [75.1180608598, 18.081115959099996], [75.1180608598, 18.081393737099997], [75.1175053038, 18.081393737099997], [75.1175053038, 18.081115959099996], [75.11722752579999, 18.081115959099996], [75.11722752579999, 18.081393737099997], [75.11694974779999, 18.081393737099997], [75.11694974779999, 18.0816715151], [75.1163941918, 18.0816715151], [75.1163941918, 18.0819492931], [75.11556085779999, 18.0819492931], [75.11556085779999, 18.082504849099998], [75.1161164138, 18.082504849099998], [75.1161164138, 18.0830604051], [75.11556085779999, 18.0830604051], [75.11556085779999, 18.0827826271], [75.1150053018, 18.0827826271], [75.1150053018, 18.083338183099997], [75.11444974579999, 18.083338183099997], [75.11444974579999, 18.083615961099998], [75.11417196779999, 18.083615961099998], [75.11417196779999, 18.0838937391], [75.11389418979999, 18.0838937391], [75.11389418979999, 18.0841715171], [75.1136164118, 18.0841715171], [75.1136164118, 18.084727073099998], [75.1133386338, 18.084727073099998], [75.1133386338, 18.0850048511], [75.1130608558, 18.0850048511], [75.1130608558, 18.085560407099997], [75.11278307779999, 18.085560407099997], [75.11278307779999, 18.0858381851], [75.11250529979999, 18.0858381851], [75.11250529979999, 18.086393741099997], [75.1116719658, 18.086393741099997]], [[75.11389418979999, 18.0827826271], [75.11417196779999, 18.0827826271], [75.11417196779999, 18.082504849099998], [75.11389418979999, 18.082504849099998], [75.11389418979999, 18.0827826271]]]}}, {"type": "Feature", "properties": {"time_min": 20, "depth_min_m": 3.0, "depth_max_m": 6.0, "depth_class": "3.0\u20136.0 m", "class_area_km2": 0.46930047300557814, "flooded_area_km2": 3.96919900053564, "frame_max_depth_m": 24.516857413521734, "class_mean_depth_m": 4.358491195541716, "scenario_id": "major_breach", "model_type": "Automated approximate 2D flood-routing prototype", "validated_hydraulic_output": false}, "geometry": {"type": "Polygon", "coordinates": [[[75.1283386458, 18.078060401099997], [75.1283386458, 18.077504845099998], [75.1286164238, 18.077504845099998], [75.1286164238, 18.0777826231], [75.12917197979999, 18.0777826231], [75.12917197979999, 18.078060401099997], [75.1283386458, 18.078060401099997]]]}}, {"type": "Feature", "properties": {"time_min": 20, "depth_min_m": 3.0, "depth_max_m": 6.0, "depth_class": "3.0\u20136.0 m", "class_area_km2": 0.46930047300557814, "flooded_area_km2": 3.96919900053564, "frame_max_depth_m": 24.516857413521734, "class_mean_depth_m": 4.358491195541716, "scenario_id": "major_breach", "model_type": "Automated approximate 2D flood-routing prototype", "validated_hydraulic_output": false}, "geometry": {"type": "Polygon", "coordinates": [[[75.1211164178, 18.0777826231], [75.1211164178, 18.077504845099998], [75.1213941958, 18.077504845099998], [75.1213941958, 18.0777826231], [75.1211164178, 18.0777826231]]]}}, {"type": "Feature", "properties": {"time_min": 20, "depth_min_m": 3.0, "depth_max_m": 6.0, "depth_class": "3.0\u20136.0 m", "class_area_km2": 0.46930047300557814, "flooded_area_km2": 3.96919900053564, "frame_max_depth_m": 24.516857413521734, "class_mean_depth_m": 4.358491195541716, "scenario_id": "major_breach", "model_type": "Automated approximate 2D flood-routing prototype", "validated_hydraulic_output": false}, "geometry": {"type": "Polygon", "coordinates": [[[75.1319497598, 18.079449291099998], [75.1319497598, 18.079171513099997], [75.13222753779999, 18.079171513099997], [75.13222753779999, 18.0777826231], [75.1327830938, 18.0777826231], [75.1327830938, 18.077504845099998], [75.1330608718, 18.077504845099998], [75.1330608718, 18.077227067099997], [75.1333386498, 18.077227067099997], [75.1333386498, 18.078338179099998], [75.1330608718, 18.078338179099998], [75.1330608718, 18.0786159571], [75.1327830938, 18.0786159571], [75.1327830938, 18.0788937351], [75.13250531579999, 18.0788937351], [75.13250531579999, 18.079171513099997], [75.1327830938, 18.079171513099997], [75.1327830938, 18.079449291099998], [75.1319497598, 18.079449291099998]]]}}, {"type": "Feature", "properties": {"time_min": 20, "depth_min_m": 3.0, "depth_max_m": 6.0, "depth_class": "3.0\u20136.0 m", "class_area_km2": 0.46930047300557814, "flooded_area_km2": 3.96919900053564, "frame_max_depth_m": 24.516857413521734, "class_mean_depth_m": 4.358491195541716, "scenario_id": "major_breach", "model_type": "Automated approximate 2D flood-routing prototype", "validated_hydraulic_output": false}, "geometry": {"type": "Polygon", "coordinates": [[[75.1208386398, 18.077504845099998], [75.1208386398, 18.077227067099997], [75.1211164178, 18.077227067099997], [75.1211164178, 18.077504845099998], [75.1208386398, 18.077504845099998]]]}}, {"type": "Feature", "properties": {"time_min": 20, "depth_min_m": 3.0, "depth_max_m": 6.0, "depth_class": "3.0\u20136.0 m", "class_area_km2": 0.46930047300557814, "flooded_area_km2": 3.96919900053564, "frame_max_depth_m": 24.516857413521734, "class_mean_depth_m": 4.358491195541716, "scenario_id": "major_breach", "model_type": "Automated approximate 2D flood-routing prototype", "validated_hydraulic_output": false}, "geometry": {"type": "Polygon", "coordinates": [[[75.1227830858, 18.077504845099998], [75.1227830858, 18.076949289099996], [75.12306086379999, 18.076949289099996], [75.12306086379999, 18.077504845099998], [75.1227830858, 18.077504845099998]]]}}, {"type": "Feature", "properties": {"time_min": 20, "depth_min_m": 3.0, "depth_max_m": 6.0, "depth_class": "3.0\u20136.0 m", "class_area_km2": 0.46930047300557814, "flooded_area_km2": 3.96919900053564, "frame_max_depth_m": 24.516857413521734, "class_mean_depth_m": 4.358491195541716, "scenario_id": "major_breach", "model_type": "Automated approximate 2D flood-routing prototype", "validated_hydraulic_output": false}, "geometry": {"type": "Polygon", "coordinates": [[[75.1222275298, 18.077227067099997], [75.1222275298, 18.076949289099996], [75.1225053078, 18.076949289099996], [75.1225053078, 18.077227067099997], [75.1222275298, 18.077227067099997]]]}}, {"type": "Feature", "properties": {"time_min": 20, "depth_min_m": 3.0, "depth_max_m": 6.0, "depth_class": "3.0\u20136.0 m", "class_area_km2": 0.46930047300557814, "flooded_area_km2": 3.96919900053564, "frame_max_depth_m": 24.516857413521734, "class_mean_depth_m": 4.358491195541716, "scenario_id": "major_breach", "model_type": "Automated approximate 2D flood-routing prototype", "validated_hydraulic_output": false}, "geometry": {"type": "Polygon", "coordinates": [[[75.1316719818, 18.0777826231], [75.1316719818, 18.076949289099996], [75.1313942038, 18.076949289099996], [75.1313942038, 18.0766715111], [75.13222753779999, 18.0766715111], [75.13222753779999, 18.076949289099996], [75.1319497598, 18.076949289099996], [75.1319497598, 18.0777826231], [75.1316719818, 18.0777826231]]]}}, {"type": "Feature", "properties": {"time_min": 20, "depth_min_m": 3.0, "depth_max_m": 6.0, "depth_class": "3.0\u20136.0 m", "class_area_km2": 0.46930047300557814, "flooded_area_km2": 3.96919900053564, "frame_max_depth_m": 24.516857413521734, "class_mean_depth_m": 4.358491195541716, "scenario_id": "major_breach", "model_type": "Automated approximate 2D flood-routing prototype", "validated_hydraulic_output": false}, "geometry": {"type": "Polygon", "coordinates": [[[75.1225053078, 18.0766715111], [75.1225053078, 18.076393733099998], [75.1227830858, 18.076393733099998], [75.1227830858, 18.0766715111], [75.1225053078, 18.0766715111]]]}}, {"type": "Feature", "properties": {"time_min": 20, "depth_min_m": 3.0, "depth_max_m": 6.0, "depth_class": "3.0\u20136.0 m", "class_area_km2": 0.46930047300557814, "flooded_area_km2": 3.96919900053564, "frame_max_depth_m": 24.516857413521734, "class_mean_depth_m": 4.358491195541716, "scenario_id": "major_breach", "model_type": "Automated approximate 2D flood-routing prototype", "validated_hydraulic_output": false}, "geometry": {"type": "Polygon", "coordinates": [[[75.12472753179999, 18.076115955099997], [75.12472753179999, 18.0758381771], [75.12500530979999, 18.0758381771], [75.12500530979999, 18.076115955099997], [75.12472753179999, 18.076115955099997]]]}}, {"type": "Feature", "properties": {"time_min": 20, "depth_min_m": 3.0, "depth_max_m": 6.0, "depth_class": "3.0\u20136.0 m", "class_area_km2": 0.46930047300557814, "flooded_area_km2": 3.96919900053564, "frame_max_depth_m": 24.516857413521734, "class_mean_depth_m": 4.358491195541716, "scenario_id": "major_breach", "model_type": "Automated approximate 2D flood-routing prototype", "validated_hydraulic_output": false}, "geometry": {"type": "Polygon", "coordinates": [[[75.1319497598, 18.076115955099997], [75.1319497598, 18.0758381771], [75.13222753779999, 18.0758381771], [75.13222753779999, 18.076115955099997], [75.1319497598, 18.076115955099997]]]}}, {"type": "Feature", "properties": {"time_min": 20, "depth_min_m": 3.0, "depth_max_m": 6.0, "depth_class": "3.0\u20136.0 m", "class_area_km2": 0.46930047300557814, "flooded_area_km2": 3.96919900053564, "frame_max_depth_m": 24.516857413521734, "class_mean_depth_m": 4.358491195541716, "scenario_id": "major_breach", "model_type": "Automated approximate 2D flood-routing prototype", "validated_hydraulic_output": false}, "geometry": {"type": "Polygon", "coordinates": [[[75.1258386438, 18.0755603991], [75.1258386438, 18.075282621099998], [75.12611642179999, 18.075282621099998], [75.12611642179999, 18.0755603991], [75.1258386438, 18.0755603991]]]}}, {"type": "Feature", "properties": {"time_min": 20, "depth_min_m": 3.0, "depth_max_m": 6.0, "depth_class": "3.0\u20136.0 m", "class_area_km2": 0.46930047300557814, "flooded_area_km2": 3.96919900053564, "frame_max_depth_m": 24.516857413521734, "class_mean_depth_m": 4.358491195541716, "scenario_id": "major_breach", "model_type": "Automated approximate 2D flood-routing prototype", "validated_hydraulic_output": false}, "geometry": {"type": "Polygon", "coordinates": [[[75.1316719818, 18.0819492931], [75.1316719818, 18.081393737099997], [75.1313942038, 18.081393737099997], [75.1313942038, 18.0816715151], [75.13083864779999, 18.0816715151], [75.13083864779999, 18.081393737099997], [75.13111642579999, 18.081393737099997], [75.13111642579999, 18.0808381811], [75.13083864779999, 18.0808381811], [75.13083864779999, 18.080560403099998], [75.13111642579999, 18.080560403099998], [75.13111642579999, 18.080282625099997], [75.1313942038, 18.080282625099997], [75.1313942038, 18.0800048471], [75.13083864779999, 18.0800048471], [75.13083864779999, 18.0797270691], [75.1305608698, 18.0797270691], [75.1305608698, 18.078060401099997], [75.1302830918, 18.078060401099997], [75.1302830918, 18.078338179099998], [75.1297275358, 18.078338179099998], [75.1297275358, 18.078060401099997], [75.12944975779999, 18.078060401099997], [75.12944975779999, 18.076393733099998], [75.12917197979999, 18.076393733099998], [75.12917197979999, 18.076115955099997], [75.1288942018, 18.076115955099997], [75.1288942018, 18.076393733099998], [75.1286164238, 18.076393733099998], [75.1286164238, 18.0758381771], [75.1283386458, 18.0758381771], [75.1283386458, 18.0766715111], [75.12778308979999, 18.0766715111], [75.12778308979999, 18.076115955099997], [75.1275053118, 18.076115955099997], [75.1275053118, 18.0758381771], [75.1269497558, 18.0758381771], [75.1269497558, 18.076115955099997], [75.1266719778, 18.076115955099997], [75.1266719778, 18.0758381771], [75.12611642179999, 18.0758381771], [75.12611642179999, 18.0755603991], [75.12639419979999, 18.0755603991], [75.12639419979999, 18.075282621099998], [75.1269497558, 18.075282621099998], [75.1269497558, 18.075004843099997], [75.1266719778, 18.075004843099997], [75.1266719778, 18.0747270651], [75.1272275338, 18.0747270651], [75.1272275338, 18.075282621099998], [75.12778308979999, 18.075282621099998], [75.12778308979999, 18.0755603991], [75.1283386458, 18.0755603991], [75.1283386458, 18.075282621099998], [75.1288942018, 18.075282621099998], [75.1288942018, 18.0755603991], [75.12944975779999, 18.0755603991], [75.12944975779999, 18.0758381771], [75.1297275358, 18.0758381771], [75.1297275358, 18.076115955099997], [75.1300053138, 18.076115955099997], [75.1300053138, 18.0766715111], [75.1305608698, 18.0766715111], [75.1305608698, 18.076393733099998], [75.13083864779999, 18.076393733099998], [75.13083864779999, 18.076949289099996], [75.1313942038, 18.076949289099996], [75.1313942038, 18.0786159571], [75.1316719818, 18.0786159571], [75.1316719818, 18.079449291099998], [75.1319497598, 18.079449291099998], [75.1319497598, 18.0800048471], [75.13222753779999, 18.0800048471], [75.13222753779999, 18.0816715151], [75.1319497598, 18.0816715151], [75.1319497598, 18.0819492931], [75.1316719818, 18.0819492931]], [[75.13083864779999, 18.079171513099997], [75.1313942038, 18.079171513099997], [75.1313942038, 18.0786159571], [75.13083864779999, 18.0786159571], [75.13083864779999, 18.079171513099997]], [[75.1305608698, 18.0777826231], [75.13111642579999, 18.0777826231], [75.13111642579999, 18.077227067099997], [75.1305608698, 18.077227067099997], [75.1305608698, 18.0777826231]]]}}, {"type": "Feature", "properties": {"time_min": 20, "depth_min_m": 3.0, "depth_max_m": 6.0, "depth_class": "3.0\u20136.0 m", "class_area_km2": 0.46930047300557814, "flooded_area_km2": 3.96919900053564, "frame_max_depth_m": 24.516857413521734, "class_mean_depth_m": 4.358491195541716, "scenario_id": "major_breach", "model_type": "Automated approximate 2D flood-routing prototype", "validated_hydraulic_output": false}, "geometry": {"type": "Polygon", "coordinates": [[[75.12611642179999, 18.075004843099997], [75.12611642179999, 18.0744492871], [75.12639419979999, 18.0744492871], [75.12639419979999, 18.075004843099997], [75.12611642179999, 18.075004843099997]]]}}, {"type": "Feature", "properties": {"time_min": 20, "depth_min_m": 3.0, "depth_max_m": 6.0, "depth_class": "3.0\u20136.0 m", "class_area_km2": 0.46930047300557814, "flooded_area_km2": 3.96919900053564, "frame_max_depth_m": 24.516857413521734, "class_mean_depth_m": 4.358491195541716, "scenario_id": "major_breach", "model_type": "Automated approximate 2D flood-routing prototype", "validated_hydraulic_output": false}, "geometry": {"type": "Polygon", "coordinates": [[[75.12028308379999, 18.0747270651], [75.12028308379999, 18.0744492871], [75.1205608618, 18.0744492871], [75.1205608618, 18.0747270651], [75.12028308379999, 18.0747270651]]]}}, {"type": "Feature", "properties": {"time_min": 20, "depth_min_m": 3.0, "depth_max_m": 6.0, "depth_class": "3.0\u20136.0 m", "class_area_km2": 0.46930047300557814, "flooded_area_km2": 3.96919900053564, "frame_max_depth_m": 24.516857413521734, "class_mean_depth_m": 4.358491195541716, "scenario_id": "major_breach", "model_type": "Automated approximate 2D flood-routing prototype", "validated_hydraulic_output": false}, "geometry": {"type": "Polygon", "coordinates": [[[75.1316719818, 18.0758381771], [75.1316719818, 18.0755603991], [75.1313942038, 18.0755603991], [75.1313942038, 18.074171509099997], [75.1319497598, 18.074171509099997], [75.1319497598, 18.0744492871], [75.13222753779999, 18.0744492871], [75.13222753779999, 18.075004843099997], [75.1327830938, 18.075004843099997], [75.1327830938, 18.075282621099998], [75.1319497598, 18.075282621099998], [75.1319497598, 18.0758381771], [75.1316719818, 18.0758381771]]]}}, {"type": "Feature", "properties": {"time_min": 20, "depth_min_m": 3.0, "depth_max_m": 6.0, "depth_class": "3.0\u20136.0 m", "class_area_km2": 0.46930047300557814, "flooded_area_km2": 3.96919900053564, "frame_max_depth_m": 24.516857413521734, "class_mean_depth_m": 4.358491195541716, "scenario_id": "major_breach", "model_type": "Automated approximate 2D flood-routing prototype", "validated_hydraulic_output": false}, "geometry": {"type": "Polygon", "coordinates": [[[75.12333864179999, 18.0744492871], [75.12333864179999, 18.074171509099997], [75.1236164198, 18.074171509099997], [75.1236164198, 18.0744492871], [75.12333864179999, 18.0744492871]]]}}, {"type": "Feature", "properties": {"time_min": 20, "depth_min_m": 3.0, "depth_max_m": 6.0, "depth_class": "3.0\u20136.0 m", "class_area_km2": 0.46930047300557814, "flooded_area_km2": 3.96919900053564, "frame_max_depth_m": 24.516857413521734, "class_mean_depth_m": 4.358491195541716, "scenario_id": "major_breach", "model_type": "Automated approximate 2D flood-routing prototype", "validated_hydraulic_output": false}, "geometry": {"type": "Polygon", "coordinates": [[[75.13222753779999, 18.0744492871], [75.13222753779999, 18.074171509099997], [75.13250531579999, 18.074171509099997], [75.13250531579999, 18.0744492871], [75.13222753779999, 18.0744492871]]]}}, {"type": "Feature", "properties": {"time_min": 20, "depth_min_m": 3.0, "depth_max_m": 6.0, "depth_class": "3.0\u20136.0 m", "class_area_km2": 0.46930047300557814, "flooded_area_km2": 3.96919900053564, "frame_max_depth_m": 24.516857413521734, "class_mean_depth_m": 4.358491195541716, "scenario_id": "major_breach", "model_type": "Automated approximate 2D flood-routing prototype", "validated_hydraulic_output": false}, "geometry": {"type": "Polygon", "coordinates": [[[75.12639419979999, 18.0744492871], [75.12639419979999, 18.073893731099997], [75.1266719778, 18.073893731099997], [75.1266719778, 18.0744492871], [75.12639419979999, 18.0744492871]]]}}, {"type": "Feature", "properties": {"time_min": 20, "depth_min_m": 3.0, "depth_max_m": 6.0, "depth_class": "3.0\u20136.0 m", "class_area_km2": 0.46930047300557814, "flooded_area_km2": 3.96919900053564, "frame_max_depth_m": 24.516857413521734, "class_mean_depth_m": 4.358491195541716, "scenario_id": "major_breach", "model_type": "Automated approximate 2D flood-routing prototype", "validated_hydraulic_output": false}, "geometry": {"type": "Polygon", "coordinates": [[[75.13111642579999, 18.074171509099997], [75.13111642579999, 18.073893731099997], [75.1313942038, 18.073893731099997], [75.1313942038, 18.074171509099997], [75.13111642579999, 18.074171509099997]]]}}, {"type": "Feature", "properties": {"time_min": 20, "depth_min_m": 3.0, "depth_max_m": 6.0, "depth_class": "3.0\u20136.0 m", "class_area_km2": 0.46930047300557814, "flooded_area_km2": 3.96919900053564, "frame_max_depth_m": 24.516857413521734, "class_mean_depth_m": 4.358491195541716, "scenario_id": "major_breach", "model_type": "Automated approximate 2D flood-routing prototype", "validated_hydraulic_output": false}, "geometry": {"type": "Polygon", "coordinates": [[[75.1211164178, 18.077227067099997], [75.1211164178, 18.076949289099996], [75.1208386398, 18.076949289099996], [75.1208386398, 18.076115955099997], [75.1205608618, 18.076115955099997], [75.1205608618, 18.0747270651], [75.1208386398, 18.0747270651], [75.1208386398, 18.0744492871], [75.1211164178, 18.0744492871], [75.1211164178, 18.074171509099997], [75.1208386398, 18.074171509099997], [75.1208386398, 18.073893731099997], [75.1205608618, 18.073893731099997], [75.1205608618, 18.0736159531], [75.1213941958, 18.0736159531], [75.1213941958, 18.075004843099997], [75.1211164178, 18.075004843099997], [75.1211164178, 18.075282621099998], [75.1208386398, 18.075282621099998], [75.1208386398, 18.0755603991], [75.1211164178, 18.0755603991], [75.1211164178, 18.076115955099997], [75.1213941958, 18.076115955099997], [75.1213941958, 18.0758381771], [75.1222275298, 18.0758381771], [75.1222275298, 18.076115955099997], [75.12194975179999, 18.076115955099997], [75.12194975179999, 18.076393733099998], [75.1213941958, 18.076393733099998], [75.1213941958, 18.077227067099997], [75.1211164178, 18.077227067099997]]]}}, {"type": "Feature", "properties": {"time_min": 20, "depth_min_m": 3.0, "depth_max_m": 6.0, "depth_class": "3.0\u20136.0 m", "class_area_km2": 0.46930047300557814, "flooded_area_km2": 3.96919900053564, "frame_max_depth_m": 24.516857413521734, "class_mean_depth_m": 4.358491195541716, "scenario_id": "major_breach", "model_type": "Automated approximate 2D flood-routing prototype", "validated_hydraulic_output": false}, "geometry": {"type": "Polygon", "coordinates": [[[75.1266719778, 18.073893731099997], [75.1266719778, 18.0736159531], [75.1269497558, 18.0736159531], [75.1269497558, 18.073893731099997], [75.1266719778, 18.073893731099997]]]}}, {"type": "Feature", "properties": {"time_min": 20, "depth_min_m": 3.0, "depth_max_m": 6.0, "depth_class": "3.0\u20136.0 m", "class_area_km2": 0.46930047300557814, "flooded_area_km2": 3.96919900053564, "frame_max_depth_m": 24.516857413521734, "class_mean_depth_m": 4.358491195541716, "scenario_id": "major_breach", "model_type": "Automated approximate 2D flood-routing prototype", "validated_hydraulic_output": false}, "geometry": {"type": "Polygon", "coordinates": [[[75.1316719818, 18.073893731099997], [75.1316719818, 18.0736159531], [75.1319497598, 18.0736159531], [75.1319497598, 18.073893731099997], [75.1316719818, 18.073893731099997]]]}}, {"type": "Feature", "properties": {"time_min": 20, "depth_min_m": 3.0, "depth_max_m": 6.0, "depth_class": "3.0\u20136.0 m", "class_area_km2": 0.46930047300557814, "flooded_area_km2": 3.96919900053564, "frame_max_depth_m": 24.516857413521734, "class_mean_depth_m": 4.358491195541716, "scenario_id": "major_breach", "model_type": "Automated approximate 2D flood-routing prototype", "validated_hydraulic_output": false}, "geometry": {"type": "Polygon", "coordinates": [[[75.12917197979999, 18.075282621099998], [75.12917197979999, 18.0747270651], [75.1288942018, 18.0747270651], [75.1288942018, 18.0744492871], [75.12806086779999, 18.0744492871], [75.12806086779999, 18.074171509099997], [75.12778308979999, 18.074171509099997], [75.12778308979999, 18.0736159531], [75.1269497558, 18.0736159531], [75.1269497558, 18.073338175099998], [75.1275053118, 18.073338175099998], [75.1275053118, 18.073060397099997], [75.12778308979999, 18.073060397099997], [75.12778308979999, 18.072782619099996], [75.1283386458, 18.072782619099996], [75.1283386458, 18.073893731099997], [75.1297275358, 18.073893731099997], [75.1297275358, 18.074171509099997], [75.1302830918, 18.074171509099997], [75.1302830918, 18.0744492871], [75.13083864779999, 18.0744492871], [75.13083864779999, 18.0747270651], [75.13111642579999, 18.0747270651], [75.13111642579999, 18.075004843099997], [75.1305608698, 18.075004843099997], [75.1305608698, 18.0747270651], [75.1300053138, 18.0747270651], [75.1300053138, 18.075004843099997], [75.1297275358, 18.075004843099997], [75.1297275358, 18.075282621099998], [75.12917197979999, 18.075282621099998]]]}}, {"type": "Feature", "properties": {"time_min": 20, "depth_min_m": 3.0, "depth_max_m": 6.0, "depth_class": "3.0\u20136.0 m", "class_area_km2": 0.46930047300557814, "flooded_area_km2": 3.96919900053564, "frame_max_depth_m": 24.516857413521734, "class_mean_depth_m": 4.358491195541716, "scenario_id": "major_breach", "model_type": "Automated approximate 2D flood-routing prototype", "validated_hydraulic_output": false}, "geometry": {"type": "Polygon", "coordinates": [[[75.1213941958, 18.073060397099997], [75.1213941958, 18.072782619099996], [75.12194975179999, 18.072782619099996], [75.12194975179999, 18.073060397099997], [75.1213941958, 18.073060397099997]]]}}, {"type": "Feature", "properties": {"time_min": 20, "depth_min_m": 3.0, "depth_max_m": 6.0, "depth_class": "3.0\u20136.0 m", "class_area_km2": 0.46930047300557814, "flooded_area_km2": 3.96919900053564, "frame_max_depth_m": 24.516857413521734, "class_mean_depth_m": 4.358491195541716, "scenario_id": "major_breach", "model_type": "Automated approximate 2D flood-routing prototype", "validated_hydraulic_output": false}, "geometry": {"type": "Polygon", "coordinates": [[[75.1197275278, 18.072782619099996], [75.1197275278, 18.0725048411], [75.12000530579999, 18.0725048411], [75.12000530579999, 18.072782619099996], [75.1197275278, 18.072782619099996]]]}}, {"type": "Feature", "properties": {"time_min": 20, "depth_min_m": 3.0, "depth_max_m": 6.0, "depth_class": "3.0\u20136.0 m", "class_area_km2": 0.46930047300557814, "flooded_area_km2": 3.96919900053564, "frame_max_depth_m": 24.516857413521734, "class_mean_depth_m": 4.358491195541716, "scenario_id": "major_breach", "model_type": "Automated approximate 2D flood-routing prototype", "validated_hydraulic_output": false}, "geometry": {"type": "Polygon", "coordinates": [[[75.12028308379999, 18.072782619099996], [75.12028308379999, 18.0725048411], [75.1205608618, 18.0725048411], [75.1205608618, 18.072782619099996], [75.12028308379999, 18.072782619099996]]]}}, {"type": "Feature", "properties": {"time_min": 20, "depth_min_m": 3.0, "depth_max_m": 6.0, "depth_class": "3.0\u20136.0 m", "class_area_km2": 0.46930047300557814, "flooded_area_km2": 3.96919900053564, "frame_max_depth_m": 24.516857413521734, "class_mean_depth_m": 4.358491195541716, "scenario_id": "major_breach", "model_type": "Automated approximate 2D flood-routing prototype", "validated_hydraulic_output": false}, "geometry": {"type": "Polygon", "coordinates": [[[75.1163941918, 18.0725048411], [75.1163941918, 18.072227063099998], [75.11694974779999, 18.072227063099998], [75.11694974779999, 18.0725048411], [75.1163941918, 18.0725048411]]]}}, {"type": "Feature", "properties": {"time_min": 20, "depth_min_m": 3.0, "depth_max_m": 6.0, "depth_class": "3.0\u20136.0 m", "class_area_km2": 0.46930047300557814, "flooded_area_km2": 3.96919900053564, "frame_max_depth_m": 24.516857413521734, "class_mean_depth_m": 4.358491195541716, "scenario_id": "major_breach", "model_type": "Automated approximate 2D flood-routing prototype", "validated_hydraulic_output": false}, "geometry": {"type": "Polygon", "coordinates": [[[75.1152830798, 18.072227063099998], [75.1152830798, 18.071949285099997], [75.11583863579999, 18.071949285099997], [75.11583863579999, 18.072227063099998], [75.1152830798, 18.072227063099998]]]}}, {"type": "Feature", "properties": {"time_min": 20, "depth_min_m": 3.0, "depth_max_m": 6.0, "depth_class": "3.0\u20136.0 m", "class_area_km2": 0.46930047300557814, "flooded_area_km2": 3.96919900053564, "frame_max_depth_m": 24.516857413521734, "class_mean_depth_m": 4.358491195541716, "scenario_id": "major_breach", "model_type": "Automated approximate 2D flood-routing prototype", "validated_hydraulic_output": false}, "geometry": {"type": "Polygon", "coordinates": [[[75.11722752579999, 18.072227063099998], [75.11722752579999, 18.071949285099997], [75.1177830818, 18.071949285099997], [75.1177830818, 18.072227063099998], [75.11722752579999, 18.072227063099998]]]}}, {"type": "Feature", "properties": {"time_min": 20, "depth_min_m": 3.0, "depth_max_m": 6.0, "depth_class": "3.0\u20136.0 m", "class_area_km2": 0.46930047300557814, "flooded_area_km2": 3.96919900053564, "frame_max_depth_m": 24.516857413521734, "class_mean_depth_m": 4.358491195541716, "scenario_id": "major_breach", "model_type": "Automated approximate 2D flood-routing prototype", "validated_hydraulic_output": false}, "geometry": {"type": "Polygon", "coordinates": [[[75.1191719718, 18.0725048411], [75.1191719718, 18.072227063099998], [75.1183386378, 18.072227063099998], [75.1183386378, 18.071949285099997], [75.1194497498, 18.071949285099997], [75.1194497498, 18.072227063099998], [75.1197275278, 18.072227063099998], [75.1197275278, 18.0725048411], [75.1191719718, 18.0725048411]]]}}, {"type": "Feature", "properties": {"time_min": 20, "depth_min_m": 3.0, "depth_max_m": 6.0, "depth_class": "3.0\u20136.0 m", "class_area_km2": 0.46930047300557814, "flooded_area_km2": 3.96919900053564, "frame_max_depth_m": 24.516857413521734, "class_mean_depth_m": 4.358491195541716, "scenario_id": "major_breach", "model_type": "Automated approximate 2D flood-routing prototype", "validated_hydraulic_output": false}, "geometry": {"type": "Polygon", "coordinates": [[[75.1147275238, 18.071949285099997], [75.1147275238, 18.0716715071], [75.1150053018, 18.0716715071], [75.1150053018, 18.071949285099997], [75.1147275238, 18.071949285099997]]]}}, {"type": "Feature", "properties": {"time_min": 20, "depth_min_m": 3.0, "depth_max_m": 6.0, "depth_class": "3.0\u20136.0 m", "class_area_km2": 0.46930047300557814, "flooded_area_km2": 3.96919900053564, "frame_max_depth_m": 24.516857413521734, "class_mean_depth_m": 4.358491195541716, "scenario_id": "major_breach", "model_type": "Automated approximate 2D flood-routing prototype", "validated_hydraulic_output": false}, "geometry": {"type": "Polygon", "coordinates": [[[75.12806086779999, 18.071949285099997], [75.12806086779999, 18.0716715071], [75.1283386458, 18.0716715071], [75.1283386458, 18.071949285099997], [75.12806086779999, 18.071949285099997]]]}}, {"type": "Feature", "properties": {"time_min": 20, "depth_min_m": 3.0, "depth_max_m": 6.0, "depth_class": "3.0\u20136.0 m", "class_area_km2": 0.46930047300557814, "flooded_area_km2": 3.96919900053564, "frame_max_depth_m": 24.516857413521734, "class_mean_depth_m": 4.358491195541716, "scenario_id": "major_breach", "model_type": "Automated approximate 2D flood-routing prototype", "validated_hydraulic_output": false}, "geometry": {"type": "Polygon", "coordinates": [[[75.11389418979999, 18.0716715071], [75.11389418979999, 18.0713937291], [75.11417196779999, 18.0713937291], [75.11417196779999, 18.0716715071], [75.11389418979999, 18.0716715071]]]}}, {"type": "Feature", "properties": {"time_min": 20, "depth_min_m": 3.0, "depth_max_m": 6.0, "depth_class": "3.0\u20136.0 m", "class_area_km2": 0.46930047300557814, "flooded_area_km2": 3.96919900053564, "frame_max_depth_m": 24.516857413521734, "class_mean_depth_m": 4.358491195541716, "scenario_id": "major_breach", "model_type": "Automated approximate 2D flood-routing prototype", "validated_hydraulic_output": false}, "geometry": {"type": "Polygon", "coordinates": [[[75.1133386338, 18.0713937291], [75.1133386338, 18.071115951099998], [75.1136164118, 18.071115951099998], [75.1136164118, 18.0713937291], [75.1133386338, 18.0713937291]]]}}, {"type": "Feature", "properties": {"time_min": 20, "depth_min_m": 3.0, "depth_max_m": 6.0, "depth_class": "3.0\u20136.0 m", "class_area_km2": 0.46930047300557814, "flooded_area_km2": 3.96919900053564, "frame_max_depth_m": 24.516857413521734, "class_mean_depth_m": 4.358491195541716, "scenario_id": "major_breach", "model_type": "Automated approximate 2D flood-routing prototype", "validated_hydraulic_output": false}, "geometry": {"type": "Polygon", "coordinates": [[[75.1119497438, 18.071115951099998], [75.1119497438, 18.070838173099997], [75.11278307779999, 18.070838173099997], [75.11278307779999, 18.071115951099998], [75.1119497438, 18.071115951099998]]]}}, {"type": "Feature", "properties": {"time_min": 20, "depth_min_m": 3.0, "depth_max_m": 6.0, "depth_class": "3.0\u20136.0 m", "class_area_km2": 0.46930047300557814, "flooded_area_km2": 3.96919900053564, "frame_max_depth_m": 24.516857413521734, "class_mean_depth_m": 4.358491195541716, "scenario_id": "major_breach", "model_type": "Automated approximate 2D flood-routing prototype", "validated_hydraulic_output": false}, "geometry": {"type": "Polygon", "coordinates": [[[75.11139418779999, 18.070838173099997], [75.11139418779999, 18.0705603951], [75.1119497438, 18.0705603951], [75.1119497438, 18.070838173099997], [75.11139418779999, 18.070838173099997]]]}}, {"type": "Feature", "properties": {"time_min": 20, "depth_min_m": 3.0, "depth_max_m": 6.0, "depth_class": "3.0\u20136.0 m", "class_area_km2": 0.46930047300557814, "flooded_area_km2": 3.96919900053564, "frame_max_depth_m": 24.516857413521734, "class_mean_depth_m": 4.358491195541716, "scenario_id": "major_breach", "model_type": "Automated approximate 2D flood-routing prototype", "validated_hydraulic_output": false}, "geometry": {"type": "Polygon", "coordinates": [[[75.1108386318, 18.0705603951], [75.1108386318, 18.0702826171], [75.11139418779999, 18.0702826171], [75.11139418779999, 18.0705603951], [75.1108386318, 18.0705603951]]]}}, {"type": "Feature", "properties": {"time_min": 20, "depth_min_m": 3.0, "depth_max_m": 6.0, "depth_class": "3.0\u20136.0 m", "class_area_km2": 0.46930047300557814, "flooded_area_km2": 3.96919900053564, "frame_max_depth_m": 24.516857413521734, "class_mean_depth_m": 4.358491195541716, "scenario_id": "major_breach", "model_type": "Automated approximate 2D flood-routing prototype", "validated_hydraulic_output": false}, "geometry": {"type": "Polygon", "coordinates": [[[75.1105608538, 18.0702826171], [75.1105608538, 18.070004839099997], [75.1108386318, 18.070004839099997], [75.1108386318, 18.0702826171], [75.1105608538, 18.0702826171]]]}}, {"type": "Feature", "properties": {"time_min": 20, "depth_min_m": 3.0, "depth_max_m": 6.0, "depth_class": "3.0\u20136.0 m", "class_area_km2": 0.46930047300557814, "flooded_area_km2": 3.96919900053564, "frame_max_depth_m": 24.516857413521734, "class_mean_depth_m": 4.358491195541716, "scenario_id": "major_breach", "model_type": "Automated approximate 2D flood-routing prototype", "validated_hydraulic_output": false}, "geometry": {"type": "Polygon", "coordinates": [[[75.1100052978, 18.070004839099997], [75.1100052978, 18.069727061099996], [75.1102830758, 18.069727061099996], [75.1102830758, 18.070004839099997], [75.1100052978, 18.070004839099997]]]}}, {"type": "Feature", "properties": {"time_min": 20, "depth_min_m": 3.0, "depth_max_m": 6.0, "depth_class": "3.0\u20136.0 m", "class_area_km2": 0.46930047300557814, "flooded_area_km2": 3.96919900053564, "frame_max_depth_m": 24.516857413521734, "class_mean_depth_m": 4.358491195541716, "scenario_id": "major_breach", "model_type": "Automated approximate 2D flood-routing prototype", "validated_hydraulic_output": false}, "geometry": {"type": "Polygon", "coordinates": [[[75.10972751979999, 18.069727061099996], [75.10972751979999, 18.0694492831], [75.1100052978, 18.0694492831], [75.1100052978, 18.069727061099996], [75.10972751979999, 18.069727061099996]]]}}, {"type": "Feature", "properties": {"time_min": 20, "depth_min_m": 3.0, "depth_max_m": 6.0, "depth_class": "3.0\u20136.0 m", "class_area_km2": 0.46930047300557814, "flooded_area_km2": 3.96919900053564, "frame_max_depth_m": 24.516857413521734, "class_mean_depth_m": 4.358491195541716, "scenario_id": "major_breach", "model_type": "Automated approximate 2D flood-routing prototype", "validated_hydraulic_output": false}, "geometry": {"type": "Polygon", "coordinates": [[[75.1091719638, 18.0694492831], [75.1091719638, 18.069171505099998], [75.10944974179999, 18.069171505099998], [75.10944974179999, 18.0694492831], [75.1091719638, 18.0694492831]]]}}, {"type": "Feature", "properties": {"time_min": 20, "depth_min_m": 3.0, "depth_max_m": 6.0, "depth_class": "3.0\u20136.0 m", "class_area_km2": 0.46930047300557814, "flooded_area_km2": 3.96919900053564, "frame_max_depth_m": 24.516857413521734, "class_mean_depth_m": 4.358491195541716, "scenario_id": "major_breach", "model_type": "Automated approximate 2D flood-routing prototype", "validated_hydraulic_output": false}, "geometry": {"type": "Polygon", "coordinates": [[[75.1086164078, 18.069171505099998], [75.1086164078, 18.068893727099997], [75.1091719638, 18.068893727099997], [75.1091719638, 18.069171505099998], [75.1086164078, 18.069171505099998]]]}}, {"type": "Feature", "properties": {"time_min": 20, "depth_min_m": 3.0, "depth_max_m": 6.0, "depth_class": "3.0\u20136.0 m", "class_area_km2": 0.46930047300557814, "flooded_area_km2": 3.96919900053564, "frame_max_depth_m": 24.516857413521734, "class_mean_depth_m": 4.358491195541716, "scenario_id": "major_breach", "model_type": "Automated approximate 2D flood-routing prototype", "validated_hydraulic_output": false}, "geometry": {"type": "Polygon", "coordinates": [[[75.10833862979999, 18.068615949099996], [75.10833862979999, 18.0683381711], [75.1086164078, 18.0683381711], [75.1086164078, 18.068615949099996], [75.10833862979999, 18.068615949099996]]]}}, {"type": "Feature", "properties": {"time_min": 20, "depth_min_m": 3.0, "depth_max_m": 6.0, "depth_class": "3.0\u20136.0 m", "class_area_km2": 0.46930047300557814, "flooded_area_km2": 3.96919900053564, "frame_max_depth_m": 24.516857413521734, "class_mean_depth_m": 4.358491195541716, "scenario_id": "major_breach", "model_type": "Automated approximate 2D flood-routing prototype", "validated_hydraulic_output": false}, "geometry": {"type": "Polygon", "coordinates": [[[75.10806085179999, 18.0683381711], [75.10806085179999, 18.068060393099998], [75.10833862979999, 18.068060393099998], [75.10833862979999, 18.0683381711], [75.10806085179999, 18.0683381711]]]}}, {"type": "Feature", "properties": {"time_min": 20, "depth_min_m": 3.0, "depth_max_m": 6.0, "depth_class": "3.0\u20136.0 m", "class_area_km2": 0.46930047300557814, "flooded_area_km2": 3.96919900053564, "frame_max_depth_m": 24.516857413521734, "class_mean_depth_m": 4.358491195541716, "scenario_id": "major_breach", "model_type": "Automated approximate 2D flood-routing prototype", "validated_hydraulic_output": false}, "geometry": {"type": "Polygon", "coordinates": [[[75.1077830738, 18.068060393099998], [75.1077830738, 18.067782615099997], [75.10806085179999, 18.067782615099997], [75.10806085179999, 18.068060393099998], [75.1077830738, 18.068060393099998]]]}}, {"type": "Feature", "properties": {"time_min": 20, "depth_min_m": 3.0, "depth_max_m": 6.0, "depth_class": "3.0\u20136.0 m", "class_area_km2": 0.46930047300557814, "flooded_area_km2": 3.96919900053564, "frame_max_depth_m": 24.516857413521734, "class_mean_depth_m": 4.358491195541716, "scenario_id": "major_breach", "model_type": "Automated approximate 2D flood-routing prototype", "validated_hydraulic_output": false}, "geometry": {"type": "Polygon", "coordinates": [[[75.1075052958, 18.067782615099997], [75.1075052958, 18.0672270591], [75.1077830738, 18.0672270591], [75.1077830738, 18.067782615099997], [75.1075052958, 18.067782615099997]]]}}, {"type": "Feature", "properties": {"time_min": 20, "depth_min_m": 3.0, "depth_max_m": 6.0, "depth_class": "3.0\u20136.0 m", "class_area_km2": 0.46930047300557814, "flooded_area_km2": 3.96919900053564, "frame_max_depth_m": 24.516857413521734, "class_mean_depth_m": 4.358491195541716, "scenario_id": "major_breach", "model_type": "Automated approximate 2D flood-routing prototype", "validated_hydraulic_output": false}, "geometry": {"type": "Polygon", "coordinates": [[[75.1072275178, 18.0672270591], [75.1072275178, 18.066671503099997], [75.1075052958, 18.066671503099997], [75.1075052958, 18.0672270591], [75.1072275178, 18.0672270591]]]}}, {"type": "Feature", "properties": {"time_min": 20, "depth_min_m": 6.0, "depth_max_m": null, "depth_class": "6.0+ m", "class_area_km2": 2.758042779817398, "flooded_area_km2": 3.96919900053564, "frame_max_depth_m": 24.516857413521734, "class_mean_depth_m": 15.18321177764725, "scenario_id": "major_breach", "model_type": "Automated approximate 2D flood-routing prototype", "validated_hydraulic_output": false}, "geometry": {"type": "Polygon", "coordinates": [[[75.13222753779999, 18.081115959099996], [75.13222753779999, 18.0797270691], [75.1319497598, 18.0797270691], [75.1319497598, 18.079449291099998], [75.1327830938, 18.079449291099998], [75.1327830938, 18.0800048471], [75.1330608718, 18.0800048471], [75.1330608718, 18.080560403099998], [75.1327830938, 18.080560403099998], [75.1327830938, 18.081115959099996], [75.13222753779999, 18.081115959099996]]]}}, {"type": "Feature", "properties": {"time_min": 20, "depth_min_m": 6.0, "depth_max_m": null, "depth_class": "6.0+ m", "class_area_km2": 2.758042779817398, "flooded_area_km2": 3.96919900053564, "frame_max_depth_m": 24.516857413521734, "class_mean_depth_m": 15.18321177764725, "scenario_id": "major_breach", "model_type": "Automated approximate 2D flood-routing prototype", "validated_hydraulic_output": false}, "geometry": {"type": "Polygon", "coordinates": [[[75.13250531579999, 18.079171513099997], [75.13250531579999, 18.0788937351], [75.1327830938, 18.0788937351], [75.1327830938, 18.079171513099997], [75.13250531579999, 18.079171513099997]]]}}, {"type": "Feature", "properties": {"time_min": 20, "depth_min_m": 6.0, "depth_max_m": null, "depth_class": "6.0+ m", "class_area_km2": 2.758042779817398, "flooded_area_km2": 3.96919900053564, "frame_max_depth_m": 24.516857413521734, "class_mean_depth_m": 15.18321177764725, "scenario_id": "major_breach", "model_type": "Automated approximate 2D flood-routing prototype", "validated_hydraulic_output": false}, "geometry": {"type": "Polygon", "coordinates": [[[75.13083864779999, 18.079171513099997], [75.13083864779999, 18.0786159571], [75.1313942038, 18.0786159571], [75.1313942038, 18.079171513099997], [75.13083864779999, 18.079171513099997]]]}}, {"type": "Feature", "properties": {"time_min": 20, "depth_min_m": 6.0, "depth_max_m": null, "depth_class": "6.0+ m", "class_area_km2": 2.758042779817398, "flooded_area_km2": 3.96919900053564, "frame_max_depth_m": 24.516857413521734, "class_mean_depth_m": 15.18321177764725, "scenario_id": "major_breach", "model_type": "Automated approximate 2D flood-routing prototype", "validated_hydraulic_output": false}, "geometry": {"type": "Polygon", "coordinates": [[[75.1319497598, 18.079171513099997], [75.1319497598, 18.0786159571], [75.13222753779999, 18.0786159571], [75.13222753779999, 18.079171513099997], [75.1319497598, 18.079171513099997]]]}}, {"type": "Feature", "properties": {"time_min": 20, "depth_min_m": 6.0, "depth_max_m": null, "depth_class": "6.0+ m", "class_area_km2": 2.758042779817398, "flooded_area_km2": 3.96919900053564, "frame_max_depth_m": 24.516857413521734, "class_mean_depth_m": 15.18321177764725, "scenario_id": "major_breach", "model_type": "Automated approximate 2D flood-routing prototype", "validated_hydraulic_output": false}, "geometry": {"type": "Polygon", "coordinates": [[[75.1305608698, 18.0777826231], [75.1305608698, 18.077227067099997], [75.13111642579999, 18.077227067099997], [75.13111642579999, 18.0777826231], [75.1305608698, 18.0777826231]]]}}, {"type": "Feature", "properties": {"time_min": 20, "depth_min_m": 6.0, "depth_max_m": null, "depth_class": "6.0+ m", "class_area_km2": 2.758042779817398, "flooded_area_km2": 3.96919900053564, "frame_max_depth_m": 24.516857413521734, "class_mean_depth_m": 15.18321177764725, "scenario_id": "major_breach", "model_type": "Automated approximate 2D flood-routing prototype", "validated_hydraulic_output": false}, "geometry": {"type": "Polygon", "coordinates": [[[75.1313942038, 18.077227067099997], [75.1313942038, 18.076949289099996], [75.1316719818, 18.076949289099996], [75.1316719818, 18.077227067099997], [75.1313942038, 18.077227067099997]]]}}, {"type": "Feature", "properties": {"time_min": 20, "depth_min_m": 6.0, "depth_max_m": null, "depth_class": "6.0+ m", "class_area_km2": 2.758042779817398, "flooded_area_km2": 3.96919900053564, "frame_max_depth_m": 24.516857413521734, "class_mean_depth_m": 15.18321177764725, "scenario_id": "major_breach", "model_type": "Automated approximate 2D flood-routing prototype", "validated_hydraulic_output": false}, "geometry": {"type": "Polygon", "coordinates": [[[75.1225053078, 18.077227067099997], [75.1225053078, 18.076949289099996], [75.1222275298, 18.076949289099996], [75.1222275298, 18.0766715111], [75.1227830858, 18.0766715111], [75.1227830858, 18.077227067099997], [75.1225053078, 18.077227067099997]]]}}, {"type": "Feature", "properties": {"time_min": 20, "depth_min_m": 6.0, "depth_max_m": null, "depth_class": "6.0+ m", "class_area_km2": 2.758042779817398, "flooded_area_km2": 3.96919900053564, "frame_max_depth_m": 24.516857413521734, "class_mean_depth_m": 15.18321177764725, "scenario_id": "major_breach", "model_type": "Automated approximate 2D flood-routing prototype", "validated_hydraulic_output": false}, "geometry": {"type": "Polygon", "coordinates": [[[75.13083864779999, 18.074171509099997], [75.13083864779999, 18.073893731099997], [75.13111642579999, 18.073893731099997], [75.13111642579999, 18.074171509099997], [75.13083864779999, 18.074171509099997]]]}}, {"type": "Feature", "properties": {"time_min": 20, "depth_min_m": 6.0, "depth_max_m": null, "depth_class": "6.0+ m", "class_area_km2": 2.758042779817398, "flooded_area_km2": 3.96919900053564, "frame_max_depth_m": 24.516857413521734, "class_mean_depth_m": 15.18321177764725, "scenario_id": "major_breach", "model_type": "Automated approximate 2D flood-routing prototype", "validated_hydraulic_output": false}, "geometry": {"type": "Polygon", "coordinates": [[[75.1319497598, 18.0777826231], [75.1319497598, 18.076949289099996], [75.13222753779999, 18.076949289099996], [75.13222753779999, 18.0766715111], [75.1313942038, 18.0766715111], [75.1313942038, 18.076949289099996], [75.13083864779999, 18.076949289099996], [75.13083864779999, 18.076393733099998], [75.1305608698, 18.076393733099998], [75.1305608698, 18.0766715111], [75.1300053138, 18.0766715111], [75.1300053138, 18.076115955099997], [75.1297275358, 18.076115955099997], [75.1297275358, 18.0758381771], [75.12944975779999, 18.0758381771], [75.12944975779999, 18.0755603991], [75.1288942018, 18.0755603991], [75.1288942018, 18.075282621099998], [75.1283386458, 18.075282621099998], [75.1283386458, 18.0755603991], [75.12778308979999, 18.0755603991], [75.12778308979999, 18.075282621099998], [75.1272275338, 18.075282621099998], [75.1272275338, 18.0747270651], [75.1266719778, 18.0747270651], [75.1266719778, 18.075004843099997], [75.1269497558, 18.075004843099997], [75.1269497558, 18.075282621099998], [75.12639419979999, 18.075282621099998], [75.12639419979999, 18.0755603991], [75.12611642179999, 18.0755603991], [75.12611642179999, 18.075004843099997], [75.12639419979999, 18.075004843099997], [75.12639419979999, 18.0744492871], [75.1266719778, 18.0744492871], [75.1266719778, 18.073893731099997], [75.1269497558, 18.073893731099997], [75.1269497558, 18.0736159531], [75.12778308979999, 18.0736159531], [75.12778308979999, 18.074171509099997], [75.12806086779999, 18.074171509099997], [75.12806086779999, 18.0744492871], [75.1288942018, 18.0744492871], [75.1288942018, 18.0747270651], [75.12917197979999, 18.0747270651], [75.12917197979999, 18.075282621099998], [75.1297275358, 18.075282621099998], [75.1297275358, 18.075004843099997], [75.1300053138, 18.075004843099997], [75.1300053138, 18.0747270651], [75.1305608698, 18.0747270651], [75.1305608698, 18.075004843099997], [75.13111642579999, 18.075004843099997], [75.13111642579999, 18.0747270651], [75.1313942038, 18.0747270651], [75.1313942038, 18.0755603991], [75.1316719818, 18.0755603991], [75.1316719818, 18.0758381771], [75.1319497598, 18.0758381771], [75.1319497598, 18.076115955099997], [75.1330608718, 18.076115955099997], [75.1330608718, 18.077504845099998], [75.1327830938, 18.077504845099998], [75.1327830938, 18.0777826231], [75.1319497598, 18.0777826231]]]}}, {"type": "Feature", "properties": {"time_min": 20, "depth_min_m": 6.0, "depth_max_m": null, "depth_class": "6.0+ m", "class_area_km2": 2.758042779817398, "flooded_area_km2": 3.96919900053564, "frame_max_depth_m": 24.516857413521734, "class_mean_depth_m": 15.18321177764725, "scenario_id": "major_breach", "model_type": "Automated approximate 2D flood-routing prototype", "validated_hydraulic_output": false}, "geometry": {"type": "Polygon", "coordinates": [[[75.11139418779999, 18.086393741099997], [75.11139418779999, 18.0861159631], [75.1105608538, 18.0861159631], [75.1105608538, 18.0858381851], [75.1100052978, 18.0858381851], [75.1100052978, 18.085560407099997], [75.10972751979999, 18.085560407099997], [75.10972751979999, 18.085282629099996], [75.10944974179999, 18.085282629099996], [75.10944974179999, 18.084727073099998], [75.1091719638, 18.084727073099998], [75.1091719638, 18.0841715171], [75.1088941858, 18.0841715171], [75.1088941858, 18.082227071099997], [75.1086164078, 18.082227071099997], [75.1086164078, 18.081115959099996], [75.10833862979999, 18.081115959099996], [75.10833862979999, 18.0808381811], [75.1077830738, 18.0808381811], [75.1077830738, 18.080560403099998], [75.1072275178, 18.080560403099998], [75.1072275178, 18.080282625099997], [75.1061164058, 18.080282625099997], [75.1061164058, 18.0800048471], [75.1058386278, 18.0800048471], [75.1058386278, 18.0797270691], [75.1055608498, 18.0797270691], [75.1055608498, 18.079171513099997], [75.10528307179999, 18.079171513099997], [75.10528307179999, 18.0788937351], [75.10500529379999, 18.0788937351], [75.10500529379999, 18.0786159571], [75.1047275158, 18.0786159571], [75.1047275158, 18.078338179099998], [75.1044497378, 18.078338179099998], [75.1044497378, 18.078060401099997], [75.1041719598, 18.078060401099997], [75.1041719598, 18.077504845099998], [75.1038941818, 18.077504845099998], [75.1038941818, 18.077227067099997], [75.10361640379999, 18.077227067099997], [75.10361640379999, 18.0766715111], [75.10333862579999, 18.0766715111], [75.10333862579999, 18.076393733099998], [75.1030608478, 18.076393733099998], [75.1030608478, 18.0758381771], [75.1027830698, 18.0758381771], [75.1027830698, 18.075282621099998], [75.10222751379999, 18.075282621099998], [75.10222751379999, 18.075004843099997], [75.1016719578, 18.075004843099997], [75.1016719578, 18.0747270651], [75.1013941798, 18.0747270651], [75.1013941798, 18.0744492871], [75.1008386238, 18.0744492871], [75.1008386238, 18.074171509099997], [75.10056084579999, 18.074171509099997], [75.10056084579999, 18.073893731099997], [75.10028306779999, 18.073893731099997], [75.10028306779999, 18.0736159531], [75.1000052898, 18.0736159531], [75.1000052898, 18.073338175099998], [75.0994497338, 18.073338175099998], [75.0994497338, 18.073060397099997], [75.09917195579999, 18.073060397099997], [75.09917195579999, 18.072782619099996], [75.09889417779999, 18.072782619099996], [75.09889417779999, 18.0725048411], [75.0986163998, 18.0725048411], [75.0986163998, 18.072227063099998], [75.0983386218, 18.072227063099998], [75.0983386218, 18.0716715071], [75.0980608438, 18.0716715071], [75.0980608438, 18.070004839099997], [75.0983386218, 18.070004839099997], [75.0983386218, 18.069727061099996], [75.1000052898, 18.069727061099996], [75.1000052898, 18.0694492831], [75.10028306779999, 18.0694492831], [75.10028306779999, 18.069171505099998], [75.1011164018, 18.069171505099998], [75.1011164018, 18.068893727099997], [75.10194973579999, 18.068893727099997], [75.10194973579999, 18.068615949099996], [75.10222751379999, 18.068615949099996], [75.10222751379999, 18.0683381711], [75.1027830698, 18.0683381711], [75.1027830698, 18.068060393099998], [75.1030608478, 18.068060393099998], [75.1030608478, 18.067782615099997], [75.10361640379999, 18.067782615099997], [75.10361640379999, 18.0675048371], [75.1044497378, 18.0675048371], [75.1044497378, 18.0672270591], [75.1047275158, 18.0672270591], [75.1047275158, 18.066949281099998], [75.10528307179999, 18.066949281099998], [75.10528307179999, 18.066671503099997], [75.1058386278, 18.066671503099997], [75.1058386278, 18.0663937251], [75.1072275178, 18.0663937251], [75.1072275178, 18.0672270591], [75.1075052958, 18.0672270591], [75.1075052958, 18.067782615099997], [75.1077830738, 18.067782615099997], [75.1077830738, 18.068060393099998], [75.10806085179999, 18.068060393099998], [75.10806085179999, 18.0683381711], [75.10833862979999, 18.0683381711], [75.10833862979999, 18.068615949099996], [75.1086164078, 18.068615949099996], [75.1086164078, 18.069171505099998], [75.1091719638, 18.069171505099998], [75.1091719638, 18.0694492831], [75.10972751979999, 18.0694492831], [75.10972751979999, 18.069727061099996], [75.1100052978, 18.069727061099996], [75.1100052978, 18.070004839099997], [75.1105608538, 18.070004839099997], [75.1105608538, 18.0702826171], [75.1108386318, 18.0702826171], [75.1108386318, 18.0705603951], [75.11139418779999, 18.0705603951], [75.11139418779999, 18.070838173099997], [75.1119497438, 18.070838173099997], [75.1119497438, 18.071115951099998], [75.1133386338, 18.071115951099998], [75.1133386338, 18.0713937291], [75.11389418979999, 18.0713937291], [75.11389418979999, 18.0716715071], [75.1147275238, 18.0716715071], [75.1147275238, 18.071949285099997], [75.1152830798, 18.071949285099997], [75.1152830798, 18.072227063099998], [75.1163941918, 18.072227063099998], [75.1163941918, 18.0725048411], [75.11694974779999, 18.0725048411], [75.11694974779999, 18.072227063099998], [75.1177830818, 18.072227063099998], [75.1177830818, 18.071949285099997], [75.1183386378, 18.071949285099997], [75.1183386378, 18.072227063099998], [75.1191719718, 18.072227063099998], [75.1191719718, 18.0725048411], [75.1197275278, 18.0725048411], [75.1197275278, 18.073060397099997], [75.12000530579999, 18.073060397099997], [75.12000530579999, 18.0736159531], [75.1205608618, 18.0736159531], [75.1205608618, 18.073893731099997], [75.1208386398, 18.073893731099997], [75.1208386398, 18.074171509099997], [75.1211164178, 18.074171509099997], [75.1211164178, 18.0744492871], [75.1208386398, 18.0744492871], [75.1208386398, 18.0747270651], [75.1205608618, 18.0747270651], [75.1205608618, 18.076115955099997], [75.1208386398, 18.076115955099997], [75.1208386398, 18.076949289099996], [75.1211164178, 18.076949289099996], [75.1211164178, 18.077227067099997], [75.1208386398, 18.077227067099997], [75.1208386398, 18.078338179099998], [75.1205608618, 18.078338179099998], [75.1205608618, 18.079171513099997], [75.12000530579999, 18.079171513099997], [75.12000530579999, 18.0788937351], [75.1197275278, 18.0788937351], [75.1197275278, 18.0797270691], [75.12000530579999, 18.0797270691], [75.12000530579999, 18.080560403099998], [75.1197275278, 18.080560403099998], [75.1197275278, 18.0808381811], [75.1194497498, 18.0808381811], [75.1194497498, 18.080560403099998], [75.11861641579999, 18.080560403099998], [75.11861641579999, 18.080282625099997], [75.1180608598, 18.080282625099997], [75.1180608598, 18.080560403099998], [75.11722752579999, 18.080560403099998], [75.11722752579999, 18.0808381811], [75.1163941918, 18.0808381811], [75.1163941918, 18.081115959099996], [75.1152830798, 18.081115959099996], [75.1152830798, 18.081393737099997], [75.1150053018, 18.081393737099997], [75.1150053018, 18.0816715151], [75.1147275238, 18.0816715151], [75.1147275238, 18.0819492931], [75.11444974579999, 18.0819492931], [75.11444974579999, 18.082227071099997], [75.11389418979999, 18.082227071099997], [75.11389418979999, 18.082504849099998], [75.1136164118, 18.082504849099998], [75.1136164118, 18.083338183099997], [75.1133386338, 18.083338183099997], [75.1133386338, 18.083615961099998], [75.1130608558, 18.083615961099998], [75.1130608558, 18.084727073099998], [75.11278307779999, 18.084727073099998], [75.11278307779999, 18.0850048511], [75.1122275218, 18.0850048511], [75.1122275218, 18.085560407099997], [75.1119497438, 18.085560407099997], [75.1119497438, 18.0858381851], [75.1116719658, 18.0858381851], [75.1116719658, 18.086393741099997], [75.11139418779999, 18.086393741099997]], [[75.1088941858, 18.080560403099998], [75.1091719638, 18.080560403099998], [75.1091719638, 18.080282625099997], [75.1088941858, 18.080282625099997], [75.1088941858, 18.080560403099998]], [[75.12028308379999, 18.0747270651], [75.1205608618, 18.0747270651], [75.1205608618, 18.0744492871], [75.12028308379999, 18.0744492871], [75.12028308379999, 18.0747270651]]]}}]}