population_id,state,district,village_or_city,nearest_city,latitude,longitude,crs,population_total,male_population,female_population,households,population_density_per_km2,children_population,elderly_population,settlement_type,river_distance_m,floodplain_flag,elevation_m,estimated_exposed_population,settlement_geometry_wkt,data_source,data_status
IN-POP-0001,Delhi,Delhi,Delhi Settlement 0001,Delhi,28.631994,77.233237,EPSG:4326,71808,36050,35758,21133,7053.6,10278,8561,City,6902.2,0,449.1,5121,POINT (77.233237 28.631994),SYNTHETIC_PROTOTYPE,SYNTHETIC_PROTOTYPE
IN-POP-0002,Maharashtra,Mumbai,Mumbai Settlement 0002,Mumbai,19.073927,72.879341,EPSG:4326,18036,9038,8998,4237,2572.6,3022,1959,Village,4697.6,0,189.3,1373,POINT (72.879341 19.073927),SYNTHETIC_PROTOTYPE,SYNTHETIC_PROTOTYPE
IN-POP-0003,Maharashtra,Pune,Pune Settlement 0003,Pune,18.502288,73.86412,EPSG:4326,5054,2670,2384,1536,883.0,659,520,Village,4857.9,0,87.2,197,POINT (73.864120 18.502288),SYNTHETIC_PROTOTYPE,SYNTHETIC_PROTOTYPE
IN-POP-0004,Maharashtra,Nagpur,Nagpur Settlement 0004,Nagpur,21.141281,79.068789,EPSG:4326,116336,59588,56748,23539,13157.0,15054,9026,Urban Fringe,1818.0,0,492.7,5850,POINT (79.068789 21.141281),SYNTHETIC_PROTOTYPE,SYNTHETIC_PROTOTYPE
IN-POP-0005,Gujarat,Ahmedabad,Ahmedabad Settlement 0005,Ahmedabad,23.016661,72.575092,EPSG:4326,9719,5123,4596,2866,1780.6,1333,1151,Village,2219.3,0,858.6,33,POINT (72.575092 23.016661),SYNTHETIC_PROTOTYPE,SYNTHETIC_PROTOTYPE
IN-POP-0006,Gujarat,Surat,Surat Settlement 0006,Surat,21.141004,72.828015,EPSG:4326,10645,5138,5507,2779,3013.5,1348,949,Village,4907.3,0,670.4,671,POINT (72.828015 21.141004),SYNTHETIC_PROTOTYPE,SYNTHETIC_PROTOTYPE
IN-POP-0007,Rajasthan,Jaipur,Jaipur Settlement 0007,Jaipur,26.892855,75.773221,EPSG:4326,82529,40598,41931,20752,9434.7,15983,6640,City,294.3,1,199.5,22557,POINT (75.773221 26.892855),SYNTHETIC_PROTOTYPE,SYNTHETIC_PROTOTYPE
IN-POP-0008,Uttar Pradesh,Lucknow,Lucknow Settlement 0008,Lucknow,26.833207,80.920856,EPSG:4326,12265,6291,5974,3325,1028.7,1594,840,Village,7496.0,0,591.5,264,POINT (80.920856 26.833207),SYNTHETIC_PROTOTYPE,SYNTHETIC_PROTOTYPE
IN-POP-0009,Uttar Pradesh,Varanasi,Varanasi Settlement 0009,Varanasi,25.337797,82.982836,EPSG:4326,107537,54146,53391,25000,18241.1,16491,8488,Urban Fringe,3816.6,0,264.3,7822,POINT (82.982836 25.337797),SYNTHETIC_PROTOTYPE,SYNTHETIC_PROTOTYPE
IN-POP-0010,Bihar,Patna,Patna Settlement 0010,Patna,25.587427,85.166136,EPSG:4326,123512,63422,60090,32713,159726.8,23883,12706,Town,5495.9,0,1021.9,6084,POINT (85.166136 25.587427),SYNTHETIC_PROTOTYPE,SYNTHETIC_PROTOTYPE
IN-POP-0011,West Bengal,Kolkata,Kolkata Settlement 0011,Kolkata,22.595395,88.344413,EPSG:4326,148019,77726,70293,43539,22857.4,29019,13361,Urban Fringe,2353.0,0,667.9,8294,POINT (88.344413 22.595395),SYNTHETIC_PROTOTYPE,SYNTHETIC_PROTOTYPE
IN-POP-0012,Assam,Guwahati,Guwahati Settlement 0012,Guwahati,26.149199,91.72461,EPSG:4326,22298,11566,10732,5909,9273.3,3502,2035,Village,4062.2,0,242.6,364,POINT (91.724610 26.149199),SYNTHETIC_PROTOTYPE,SYNTHETIC_PROTOTYPE
IN-POP-0013,Odisha,Bhubaneswar,Bhubaneswar Settlement 0013,Bhubaneswar,20.304118,85.852081,EPSG:4326,9664,4849,4815,2069,11908.3,1735,1053,Village,55.1,1,662.1,2404,POINT (85.852081 20.304118),SYNTHETIC_PROTOTYPE,SYNTHETIC_PROTOTYPE
IN-POP-0014,Jharkhand,Ranchi,Ranchi Settlement 0014,Ranchi,23.319848,85.300332,EPSG:4326,19974,9727,10247,4187,4707.9,2802,2243,Village,1676.1,1,88.1,11732,POINT (85.300332 23.319848),SYNTHETIC_PROTOTYPE,SYNTHETIC_PROTOTYPE
IN-POP-0015,Madhya Pradesh,Bhopal,Bhopal Settlement 0015,Bhopal,23.277164,77.38867,EPSG:4326,3947,2081,1866,1057,553.3,619,434,Village,7584.8,0,1165.9,155,POINT (77.388670 23.277164),SYNTHETIC_PROTOTYPE,SYNTHETIC_PROTOTYPE
IN-POP-0016,Madhya Pradesh,Indore,Indore Settlement 0016,Indore,22.72796,75.832225,EPSG:4326,16861,8039,8822,4273,3031.3,2918,1965,Town,3439.0,0,404.0,17,POINT (75.832225 22.727960),SYNTHETIC_PROTOTYPE,SYNTHETIC_PROTOTYPE
IN-POP-0017,Chhattisgarh,Raipur,Raipur Settlement 0017,Raipur,21.25047,81.65325,EPSG:4326,20424,9852,10572,4992,4740.7,4322,1615,Village,1372.0,1,319.1,2535,POINT (81.653250 21.250470),SYNTHETIC_PROTOTYPE,SYNTHETIC_PROTOTYPE
IN-POP-0018,Telangana,Hyderabad,Hyderabad Settlement 0018,Hyderabad,17.378781,78.460904,EPSG:4326,57700,27602,30098,12609,11755.8,9970,5319,Town,5747.1,0,6.7,2618,POINT (78.460904 17.378781),SYNTHETIC_PROTOTYPE,SYNTHETIC_PROTOTYPE
IN-POP-0019,Karnataka,Bengaluru,Bengaluru Settlement 0019,Bengaluru,12.985825,77.56836,EPSG:4326,130654,64820,65834,37603,13621.9,27301,14028,Town,1210.8,1,989.5,63053,POINT (77.568360 12.985825),SYNTHETIC_PROTOTYPE,SYNTHETIC_PROTOTYPE
IN-POP-0020,Karnataka,Mysuru,Mysuru Settlement 0020,Mysuru,12.301781,76.618586,EPSG:4326,9265,4405,4860,2342,1666.8,1710,640,Town,524.0,1,712.8,4888,POINT (76.618586 12.301781),SYNTHETIC_PROTOTYPE,SYNTHETIC_PROTOTYPE
IN-POP-0021,Tamil Nadu,Chennai,Chennai Settlement 0021,Chennai,13.110527,80.267722,EPSG:4326,89110,42468,46642,27349,8656.0,12185,5713,City,5110.2,0,321.6,499,POINT (80.267722 13.110527),SYNTHETIC_PROTOTYPE,SYNTHETIC_PROTOTYPE
IN-POP-0022,Tamil Nadu,Coimbatore,Coimbatore Settlement 0022,Coimbatore,11.027097,76.927457,EPSG:4326,11775,5638,6137,2964,1123.9,2240,839,Town,484.0,1,594.7,5841,POINT (76.927457 11.027097),SYNTHETIC_PROTOTYPE,SYNTHETIC_PROTOTYPE
IN-POP-0023,Kerala,Kochi,Kochi Settlement 0023,Kochi,9.915441,76.24771,EPSG:4326,14942,7273,7669,3005,2320.4,3188,1066,Village,1746.4,1,1111.9,10938,POINT (76.247710 9.915441),SYNTHETIC_PROTOTYPE,SYNTHETIC_PROTOTYPE
IN-POP-0024,Kerala,Thiruvananthapuram,Thiruvananthapuram Settlement 0024,Thiruvananthapuram,8.527706,76.93291,EPSG:4326,16300,8612,7688,4837,1487.4,2503,1725,Village,7448.4,0,230.4,752,POINT (76.932910 8.527706),SYNTHETIC_PROTOTYPE,SYNTHETIC_PROTOTYPE
IN-POP-0025,Andhra Pradesh,Vijayawada,Vijayawada Settlement 0025,Vijayawada,16.518754,80.638505,EPSG:4326,3068,1482,1586,754,336.5,625,209,Village,1987.5,0,10.1,114,POINT (80.638505 16.518754),SYNTHETIC_PROTOTYPE,SYNTHETIC_PROTOTYPE
IN-POP-0026,Andhra Pradesh,Visakhapatnam,Visakhapatnam Settlement 0026,Visakhapatnam,17.709929,83.188508,EPSG:4326,14642,7260,7382,4274,4876.2,1992,1699,Village,2566.5,0,698.0,412,POINT (83.188508 17.709929),SYNTHETIC_PROTOTYPE,SYNTHETIC_PROTOTYPE
IN-POP-0027,Jammu and Kashmir,Srinagar,Srinagar Settlement 0027,Srinagar,34.107016,74.825435,EPSG:4326,22734,11266,11468,6321,2534.3,4158,2440,Village,587.7,1,296.9,11343,POINT (74.825435 34.107016),SYNTHETIC_PROTOTYPE,SYNTHETIC_PROTOTYPE
IN-POP-0028,Himachal Pradesh,Shimla,Shimla Settlement 0028,Shimla,31.115727,77.147766,EPSG:4326,17363,8860,8503,5183,8002.4,2277,1051,Town,509.3,1,201.5,3252,POINT (77.147766 31.115727),SYNTHETIC_PROTOTYPE,SYNTHETIC_PROTOTYPE
IN-POP-0029,Uttarakhand,Dehradun,Dehradun Settlement 0029,Dehradun,30.331472,78.032757,EPSG:4326,87917,46327,41590,18348,21093.7,12786,6506,Urban Fringe,1495.0,1,269.6,8663,POINT (78.032757 30.331472),SYNTHETIC_PROTOTYPE,SYNTHETIC_PROTOTYPE
IN-POP-0030,Bihar,Gaya,Gaya Settlement 0030,Gaya,24.800328,85.008136,EPSG:4326,19756,10329,9427,4208,2361.3,2468,1422,Village,6614.2,0,772.2,1304,POINT (85.008136 24.800328),SYNTHETIC_PROTOTYPE,SYNTHETIC_PROTOTYPE
IN-POP-0031,Uttar Pradesh,Agra,Agra Settlement 0031,Agra,27.190887,78.035241,EPSG:4326,52773,26125,26648,13331,14716.9,7642,4515,Town,1823.5,0,977.0,301,POINT (78.035241 27.190887),SYNTHETIC_PROTOTYPE,SYNTHETIC_PROTOTYPE
IN-POP-0032,Delhi,Delhi,Delhi Settlement 0032,Delhi,28.606053,77.223327,EPSG:4326,49516,24452,25064,12083,80619.3,10727,3818,Town,1228.8,1,894.6,32796,POINT (77.223327 28.606053),SYNTHETIC_PROTOTYPE,SYNTHETIC_PROTOTYPE
IN-POP-0033,Maharashtra,Mumbai,Mumbai Settlement 0033,Mumbai,19.083641,72.857639,EPSG:4326,798,397,401,183,120.6,101,103,Village,2596.3,0,785.3,62,POINT (72.857639 19.083641),SYNTHETIC_PROTOTYPE,SYNTHETIC_PROTOTYPE
IN-POP-0034,Maharashtra,Pune,Pune Settlement 0034,Pune,18.508553,73.836781,EPSG:4326,82191,43504,38687,16763,76803.9,10119,8393,Town,4314.3,0,1119.8,6270,POINT (73.836781 18.508553),SYNTHETIC_PROTOTYPE,SYNTHETIC_PROTOTYPE
IN-POP-0035,Maharashtra,Nagpur,Nagpur Settlement 0035,Nagpur,21.119809,79.109562,EPSG:4326,13292,6896,6396,2996,1497.5,1958,1666,Village,5737.9,0,669.6,884,POINT (79.109562 21.119809),SYNTHETIC_PROTOTYPE,SYNTHETIC_PROTOTYPE
IN-POP-0036,Gujarat,Ahmedabad,Ahmedabad Settlement 0036,Ahmedabad,23.045778,72.547929,EPSG:4326,86181,42079,44102,26912,7519.6,12451,5561,City,5035.2,0,315.2,2381,POINT (72.547929 23.045778),SYNTHETIC_PROTOTYPE,SYNTHETIC_PROTOTYPE
IN-POP-0037,Gujarat,Surat,Surat Settlement 0037,Surat,21.199613,72.820516,EPSG:4326,13395,6426,6969,3402,1282.2,2822,1561,City,5029.4,0,573.4,272,POINT (72.820516 21.199613),SYNTHETIC_PROTOTYPE,SYNTHETIC_PROTOTYPE
IN-POP-0038,Rajasthan,Jaipur,Jaipur Settlement 0038,Jaipur,26.904674,75.764508,EPSG:4326,94076,46870,47206,29080,22126.7,13894,6600,Urban Fringe,2873.0,0,754.8,3051,POINT (75.764508 26.904674),SYNTHETIC_PROTOTYPE,SYNTHETIC_PROTOTYPE
IN-POP-0039,Uttar Pradesh,Lucknow,Lucknow Settlement 0039,Lucknow,26.822394,80.927425,EPSG:4326,66225,33951,32274,20426,30273.6,8708,4707,Town,7934.9,0,348.0,58,POINT (80.927425 26.822394),SYNTHETIC_PROTOTYPE,SYNTHETIC_PROTOTYPE
IN-POP-0040,Uttar Pradesh,Varanasi,Varanasi Settlement 0040,Varanasi,25.296014,82.986353,EPSG:4326,18831,9019,9812,5288,4090.6,4009,1612,City,6407.6,0,1185.6,417,POINT (82.986353 25.296014),SYNTHETIC_PROTOTYPE,SYNTHETIC_PROTOTYPE
IN-POP-0041,Bihar,Patna,Patna Settlement 0041,Patna,25.622052,85.131248,EPSG:4326,21224,9986,11238,5838,37538.8,2930,2594,Village,4549.0,0,946.3,1035,POINT (85.131248 25.622052),SYNTHETIC_PROTOTYPE,SYNTHETIC_PROTOTYPE
IN-POP-0042,West Bengal,Kolkata,Kolkata Settlement 0042,Kolkata,22.588618,88.387784,EPSG:4326,47725,22841,24884,10457,83840.2,10407,3673,Urban Fringe,2157.8,0,880.5,2556,POINT (88.387784 22.588618),SYNTHETIC_PROTOTYPE,SYNTHETIC_PROTOTYPE
IN-POP-0043,Assam,Guwahati,Guwahati Settlement 0043,Guwahati,26.149332,91.737574,EPSG:4326,10913,5156,5757,2645,13127.2,2286,867,Village,2188.4,0,925.4,260,POINT (91.737574 26.149332),SYNTHETIC_PROTOTYPE,SYNTHETIC_PROTOTYPE
IN-POP-0044,Odisha,Bhubaneswar,Bhubaneswar Settlement 0044,Bhubaneswar,20.269697,85.830593,EPSG:4326,9493,4943,4550,2572,1278.0,1205,1075,Village,1422.5,1,117.4,6623,POINT (85.830593 20.269697),SYNTHETIC_PROTOTYPE,SYNTHETIC_PROTOTYPE
IN-POP-0045,Jharkhand,Ranchi,Ranchi Settlement 0045,Ranchi,23.31913,85.288623,EPSG:4326,21306,10325,10981,4902,3839.7,4214,1702,Village,5399.9,0,433.3,1158,POINT (85.288623 23.319130),SYNTHETIC_PROTOTYPE,SYNTHETIC_PROTOTYPE
IN-POP-0046,Madhya Pradesh,Bhopal,Bhopal Settlement 0046,Bhopal,23.248998,77.402096,EPSG:4326,9076,4484,4592,2386,3056.8,1539,936,Village,6212.3,0,1030.7,161,POINT (77.402096 23.248998),SYNTHETIC_PROTOTYPE,SYNTHETIC_PROTOTYPE
IN-POP-0047,Madhya Pradesh,Indore,Indore Settlement 0047,Indore,22.698649,75.886148,EPSG:4326,47941,24815,23126,10172,8581.4,6993,5994,Town,6957.6,0,151.9,1770,POINT (75.886148 22.698649),SYNTHETIC_PROTOTYPE,SYNTHETIC_PROTOTYPE
IN-POP-0048,Chhattisgarh,Raipur,Raipur Settlement 0048,Raipur,21.23756,81.633806,EPSG:4326,6692,3274,3418,1689,950.9,903,578,Village,5414.5,0,851.1,242,POINT (81.633806 21.237560),SYNTHETIC_PROTOTYPE,SYNTHETIC_PROTOTYPE
IN-POP-0049,Telangana,Hyderabad,Hyderabad Settlement 0049,Hyderabad,17.363619,78.471681,EPSG:4326,815,423,392,192,244.3,146,84,Village,5457.9,0,141.6,17,POINT (78.471681 17.363619),SYNTHETIC_PROTOTYPE,SYNTHETIC_PROTOTYPE
IN-POP-0050,Karnataka,Bengaluru,Bengaluru Settlement 0050,Bengaluru,12.99514,77.592544,EPSG:4326,6873,3276,3597,1928,6493.6,875,802,Village,6525.0,0,460.3,369,POINT (77.592544 12.995140),SYNTHETIC_PROTOTYPE,SYNTHETIC_PROTOTYPE
IN-POP-0051,Karnataka,Mysuru,Mysuru Settlement 0051,Mysuru,12.301075,76.658685,EPSG:4326,85841,41486,44355,25514,7768.3,13304,6833,Urban Fringe,6437.9,0,441.7,437,POINT (76.658685 12.301075),SYNTHETIC_PROTOTYPE,SYNTHETIC_PROTOTYPE
IN-POP-0052,Tamil Nadu,Chennai,Chennai Settlement 0052,Chennai,13.069088,80.245295,EPSG:4326,95878,48349,47529,29789,8193.6,20606,10680,Town,5579.8,0,44.9,5388,POINT (80.245295 13.069088),SYNTHETIC_PROTOTYPE,SYNTHETIC_PROTOTYPE
IN-POP-0053,Tamil Nadu,Coimbatore,Coimbatore Settlement 0053,Coimbatore,11.032305,76.951404,EPSG:4326,80572,38054,42518,16504,20498.0,16792,4982,Urban Fringe,4198.8,0,262.1,96,POINT (76.951404 11.032305),SYNTHETIC_PROTOTYPE,SYNTHETIC_PROTOTYPE
IN-POP-0054,Kerala,Kochi,Kochi Settlement 0054,Kochi,9.934725,76.271146,EPSG:4326,23220,11688,11532,5804,2006.8,4082,2166,Village,4932.1,0,574.0,1133,POINT (76.271146 9.934725),SYNTHETIC_PROTOTYPE,SYNTHETIC_PROTOTYPE
IN-POP-0055,Kerala,Thiruvananthapuram,Thiruvananthapuram Settlement 0055,Thiruvananthapuram,8.546421,76.954759,EPSG:4326,16161,7674,8487,3551,3207.9,3066,1675,Village,5743.9,0,744.5,1155,POINT (76.954759 8.546421),SYNTHETIC_PROTOTYPE,SYNTHETIC_PROTOTYPE
IN-POP-0056,Andhra Pradesh,Vijayawada,Vijayawada Settlement 0056,Vijayawada,16.514877,80.669359,EPSG:4326,12298,5822,6476,2756,11764.2,2492,1185,Village,6229.4,0,982.4,207,POINT (80.669359 16.514877),SYNTHETIC_PROTOTYPE,SYNTHETIC_PROTOTYPE
IN-POP-0057,Andhra Pradesh,Visakhapatnam,Visakhapatnam Settlement 0057,Visakhapatnam,17.682237,83.238538,EPSG:4326,20543,9934,10609,4863,2045.6,2711,1871,Village,3876.9,0,449.3,966,POINT (83.238538 17.682237),SYNTHETIC_PROTOTYPE,SYNTHETIC_PROTOTYPE
IN-POP-0058,Jammu and Kashmir,Srinagar,Srinagar Settlement 0058,Srinagar,34.067153,74.806648,EPSG:4326,134474,64868,69606,32797,11570.5,25593,9603,Town,1277.1,1,774.2,17764,POINT (74.806648 34.067153),SYNTHETIC_PROTOTYPE,SYNTHETIC_PROTOTYPE
IN-POP-0059,Himachal Pradesh,Shimla,Shimla Settlement 0059,Shimla,31.078524,77.1691,EPSG:4326,112005,57937,54068,24840,14688.5,21129,11360,Urban Fringe,2820.3,0,1028.2,5789,POINT (77.169100 31.078524),SYNTHETIC_PROTOTYPE,SYNTHETIC_PROTOTYPE
IN-POP-0060,Uttarakhand,Dehradun,Dehradun Settlement 0060,Dehradun,30.334289,78.037535,EPSG:4326,16335,8520,7815,4489,4846.4,2892,1776,Village,4326.3,0,1065.1,268,POINT (78.037535 30.334289),SYNTHETIC_PROTOTYPE,SYNTHETIC_PROTOTYPE
IN-POP-0061,Bihar,Gaya,Gaya Settlement 0061,Gaya,24.818297,85.007676,EPSG:4326,24434,11996,12438,4975,3290.1,4927,1796,Village,719.0,1,103.5,4068,POINT (85.007676 24.818297),SYNTHETIC_PROTOTYPE,SYNTHETIC_PROTOTYPE
IN-POP-0062,Uttar Pradesh,Agra,Agra Settlement 0062,Agra,27.195403,77.983546,EPSG:4326,44376,23308,21068,13280,6242.8,7636,2752,Urban Fringe,746.4,1,1031.1,4517,POINT (77.983546 27.195403),SYNTHETIC_PROTOTYPE,SYNTHETIC_PROTOTYPE
IN-POP-0063,Delhi,Delhi,Delhi Settlement 0063,Delhi,28.607705,77.208273,EPSG:4326,115014,60857,54157,28636,75950.7,20628,7495,City,6490.3,0,24.7,2147,POINT (77.208273 28.607705),SYNTHETIC_PROTOTYPE,SYNTHETIC_PROTOTYPE
IN-POP-0064,Maharashtra,Mumbai,Mumbai Settlement 0064,Mumbai,19.061112,72.88715,EPSG:4326,72847,37021,35826,16519,6205.9,12868,5637,Urban Fringe,4324.6,0,775.1,566,POINT (72.887150 19.061112),SYNTHETIC_PROTOTYPE,SYNTHETIC_PROTOTYPE
IN-POP-0065,Maharashtra,Pune,Pune Settlement 0065,Pune,18.525463,73.843355,EPSG:4326,55640,28333,27307,14139,17248.9,10036,5565,City,7165.4,0,1029.5,3695,POINT (73.843355 18.525463),SYNTHETIC_PROTOTYPE,SYNTHETIC_PROTOTYPE
IN-POP-0066,Maharashtra,Nagpur,Nagpur Settlement 0066,Nagpur,21.151434,79.107227,EPSG:4326,11542,5827,5715,2619,1017.7,1877,1305,Town,6939.4,0,815.0,470,POINT (79.107227 21.151434),SYNTHETIC_PROTOTYPE,SYNTHETIC_PROTOTYPE
IN-POP-0067,Gujarat,Ahmedabad,Ahmedabad Settlement 0067,Ahmedabad,23.037152,72.56456,EPSG:4326,21941,11553,10388,4538,11246.0,3733,2269,City,418.0,1,609.9,8652,POINT (72.564560 23.037152),SYNTHETIC_PROTOTYPE,SYNTHETIC_PROTOTYPE
IN-POP-0068,Gujarat,Surat,Surat Settlement 0068,Surat,21.184128,72.837671,EPSG:4326,62123,32380,29743,12910,5477.4,11408,7450,City,3935.2,0,250.4,313,POINT (72.837671 21.184128),SYNTHETIC_PROTOTYPE,SYNTHETIC_PROTOTYPE
IN-POP-0069,Rajasthan,Jaipur,Jaipur Settlement 0069,Jaipur,26.900538,75.812414,EPSG:4326,74746,35527,39219,15330,8644.3,10194,5733,Town,2943.2,0,1084.2,2127,POINT (75.812414 26.900538),SYNTHETIC_PROTOTYPE,SYNTHETIC_PROTOTYPE
IN-POP-0070,Uttar Pradesh,Lucknow,Lucknow Settlement 0070,Lucknow,26.819332,80.961077,EPSG:4326,9633,4836,4797,2706,1227.2,1840,1165,Village,5824.5,0,243.6,67,POINT (80.961077 26.819332),SYNTHETIC_PROTOTYPE,SYNTHETIC_PROTOTYPE
IN-POP-0071,Uttar Pradesh,Varanasi,Varanasi Settlement 0071,Varanasi,25.31833,82.969804,EPSG:4326,44771,23060,21711,10949,15238.9,8261,5186,Town,7307.4,0,400.0,1084,POINT (82.969804 25.318330),SYNTHETIC_PROTOTYPE,SYNTHETIC_PROTOTYPE
IN-POP-0072,Bihar,Patna,Patna Settlement 0072,Patna,25.614764,85.12763,EPSG:4326,5454,2836,2618,1130,565.8,674,708,Village,6251.5,0,586.6,413,POINT (85.127630 25.614764),SYNTHETIC_PROTOTYPE,SYNTHETIC_PROTOTYPE
IN-POP-0073,West Bengal,Kolkata,Kolkata Settlement 0073,Kolkata,22.57011,88.369367,EPSG:4326,12682,6620,6062,2611,1732.3,1990,1072,Village,5178.6,0,762.3,469,POINT (88.369367 22.570110),SYNTHETIC_PROTOTYPE,SYNTHETIC_PROTOTYPE
IN-POP-0074,Assam,Guwahati,Guwahati Settlement 0074,Guwahati,26.158478,91.75898,EPSG:4326,135059,70573,64486,38117,27933.2,17091,11175,City,5154.3,0,258.2,5078,POINT (91.758980 26.158478),SYNTHETIC_PROTOTYPE,SYNTHETIC_PROTOTYPE
IN-POP-0075,Odisha,Bhubaneswar,Bhubaneswar Settlement 0075,Bhubaneswar,20.323782,85.831622,EPSG:4326,6472,3359,3113,1377,1082.9,1272,717,Village,6532.6,0,72.6,476,POINT (85.831622 20.323782),SYNTHETIC_PROTOTYPE,SYNTHETIC_PROTOTYPE
IN-POP-0076,Jharkhand,Ranchi,Ranchi Settlement 0076,Ranchi,23.327402,85.326085,EPSG:4326,10736,5520,5216,2909,1723.4,2354,1271,Village,5875.5,0,854.3,517,POINT (85.326085 23.327402),SYNTHETIC_PROTOTYPE,SYNTHETIC_PROTOTYPE
IN-POP-0077,Madhya Pradesh,Bhopal,Bhopal Settlement 0077,Bhopal,23.266873,77.392157,EPSG:4326,20706,10930,9776,4286,3674.8,2645,1966,City,4469.8,0,658.6,1096,POINT (77.392157 23.266873),SYNTHETIC_PROTOTYPE,SYNTHETIC_PROTOTYPE
IN-POP-0078,Madhya Pradesh,Indore,Indore Settlement 0078,Indore,22.745473,75.834333,EPSG:4326,125667,61095,64572,32153,35709.6,18023,8472,City,6080.8,0,16.9,8588,POINT (75.834333 22.745473),SYNTHETIC_PROTOTYPE,SYNTHETIC_PROTOTYPE
IN-POP-0079,Chhattisgarh,Raipur,Raipur Settlement 0079,Raipur,21.239043,81.643294,EPSG:4326,128502,60618,67884,35712,32786.8,21309,14681,Urban Fringe,441.8,1,939.5,57683,POINT (81.643294 21.239043),SYNTHETIC_PROTOTYPE,SYNTHETIC_PROTOTYPE
IN-POP-0080,Telangana,Hyderabad,Hyderabad Settlement 0080,Hyderabad,17.359636,78.463669,EPSG:4326,14118,7028,7090,3640,1479.2,2751,969,Village,714.9,1,625.2,3305,POINT (78.463669 17.359636),SYNTHETIC_PROTOTYPE,SYNTHETIC_PROTOTYPE
IN-POP-0081,Karnataka,Bengaluru,Bengaluru Settlement 0081,Bengaluru,12.970561,77.584967,EPSG:4326,23388,11271,12117,7148,2138.5,3775,2734,Village,4404.1,0,702.6,346,POINT (77.584967 12.970561),SYNTHETIC_PROTOTYPE,SYNTHETIC_PROTOTYPE
IN-POP-0082,Karnataka,Mysuru,Mysuru Settlement 0082,Mysuru,12.292696,76.616182,EPSG:4326,21327,10978,10349,4778,3350.4,3945,2074,Village,2304.3,0,376.6,281,POINT (76.616182 12.292696),SYNTHETIC_PROTOTYPE,SYNTHETIC_PROTOTYPE
IN-POP-0083,Tamil Nadu,Chennai,Chennai Settlement 0083,Chennai,13.10831,80.242012,EPSG:4326,12196,5949,6247,3087,3153.1,1940,1004,Village,7924.5,0,436.3,465,POINT (80.242012 13.108310),SYNTHETIC_PROTOTYPE,SYNTHETIC_PROTOTYPE
IN-POP-0084,Tamil Nadu,Coimbatore,Coimbatore Settlement 0084,Coimbatore,11.016793,76.967334,EPSG:4326,99769,49568,50201,19984,9609.7,14411,12744,Town,4433.8,0,1167.2,1938,POINT (76.967334 11.016793),SYNTHETIC_PROTOTYPE,SYNTHETIC_PROTOTYPE
IN-POP-0085,Kerala,Kochi,Kochi Settlement 0085,Kochi,9.960764,76.261793,EPSG:4326,2836,1454,1382,589,292.9,478,358,Village,545.4,1,49.2,2106,POINT (76.261793 9.960764),SYNTHETIC_PROTOTYPE,SYNTHETIC_PROTOTYPE
IN-POP-0086,Kerala,Thiruvananthapuram,Thiruvananthapuram Settlement 0086,Thiruvananthapuram,8.53097,76.938454,EPSG:4326,5739,2993,2746,1273,501.7,1012,668,Town,7789.9,0,453.8,30,POINT (76.938454 8.530970),SYNTHETIC_PROTOTYPE,SYNTHETIC_PROTOTYPE
IN-POP-0087,Andhra Pradesh,Vijayawada,Vijayawada Settlement 0087,Vijayawada,16.485918,80.620714,EPSG:4326,47641,23367,24274,12759,20327.0,8444,5876,Urban Fringe,6932.2,0,974.1,1702,POINT (80.620714 16.485918),SYNTHETIC_PROTOTYPE,SYNTHETIC_PROTOTYPE
IN-POP-0088,Andhra Pradesh,Visakhapatnam,Visakhapatnam Settlement 0088,Visakhapatnam,17.662708,83.201271,EPSG:4326,2132,1025,1107,553,224.9,425,196,Village,3413.3,0,130.5,117,POINT (83.201271 17.662708),SYNTHETIC_PROTOTYPE,SYNTHETIC_PROTOTYPE
IN-POP-0089,Jammu and Kashmir,Srinagar,Srinagar Settlement 0089,Srinagar,34.060641,74.772316,EPSG:4326,19784,9451,10333,4237,3367.3,3877,2245,Village,3930.9,0,681.1,913,POINT (74.772316 34.060641),SYNTHETIC_PROTOTYPE,SYNTHETIC_PROTOTYPE
IN-POP-0090,Himachal Pradesh,Shimla,Shimla Settlement 0090,Shimla,31.10594,77.169867,EPSG:4326,89932,43441,46491,27807,12860.1,11447,10197,City,212.8,1,939.2,38697,POINT (77.169867 31.105940),SYNTHETIC_PROTOTYPE,SYNTHETIC_PROTOTYPE
IN-POP-0091,Uttarakhand,Dehradun,Dehradun Settlement 0091,Dehradun,30.331247,78.056672,EPSG:4326,20237,9665,10572,4950,8673.9,3194,1234,Village,1967.5,0,173.3,80,POINT (78.056672 30.331247),SYNTHETIC_PROTOTYPE,SYNTHETIC_PROTOTYPE
IN-POP-0092,Bihar,Gaya,Gaya Settlement 0092,Gaya,24.772469,85.011045,EPSG:4326,20789,9883,10906,4838,3354.4,4255,1995,Village,2767.4,0,498.7,1071,POINT (85.011045 24.772469),SYNTHETIC_PROTOTYPE,SYNTHETIC_PROTOTYPE
IN-POP-0093,Uttar Pradesh,Agra,Agra Settlement 0093,Agra,27.16833,78.007701,EPSG:4326,109708,56700,53008,33682,13306.9,14610,12187,Urban Fringe,1160.8,1,516.1,31639,POINT (78.007701 27.168330),SYNTHETIC_PROTOTYPE,SYNTHETIC_PROTOTYPE
IN-POP-0094,Delhi,Delhi,Delhi Settlement 0094,Delhi,28.616241,77.235297,EPSG:4326,901,468,433,268,101.8,188,96,Village,5435.7,0,309.0,6,POINT (77.235297 28.616241),SYNTHETIC_PROTOTYPE,SYNTHETIC_PROTOTYPE
IN-POP-0095,Maharashtra,Mumbai,Mumbai Settlement 0095,Mumbai,19.048663,72.877701,EPSG:4326,19992,9441,10551,5143,1737.5,3706,1276,Village,4953.7,0,683.6,1302,POINT (72.877701 19.048663),SYNTHETIC_PROTOTYPE,SYNTHETIC_PROTOTYPE
IN-POP-0096,Maharashtra,Pune,Pune Settlement 0096,Pune,18.5401,73.88461,EPSG:4326,24803,12343,12460,5195,2645.1,5270,2892,Village,2985.0,0,685.4,997,POINT (73.884610 18.540100),SYNTHETIC_PROTOTYPE,SYNTHETIC_PROTOTYPE
IN-POP-0097,Maharashtra,Nagpur,Nagpur Settlement 0097,Nagpur,21.153702,79.090576,EPSG:4326,18000,8741,9259,5400,7699.9,3397,1749,Village,6071.6,0,1047.4,1001,POINT (79.090576 21.153702),SYNTHETIC_PROTOTYPE,SYNTHETIC_PROTOTYPE
IN-POP-0098,Gujarat,Ahmedabad,Ahmedabad Settlement 0098,Ahmedabad,23.01946,72.598984,EPSG:4326,84158,40824,43334,24669,16157.6,10124,5721,Urban Fringe,501.4,1,939.4,58462,POINT (72.598984 23.019460),SYNTHETIC_PROTOTYPE,SYNTHETIC_PROTOTYPE
IN-POP-0099,Gujarat,Surat,Surat Settlement 0099,Surat,21.147772,72.814604,EPSG:4326,9033,4420,4613,2190,917.8,1601,1053,Village,1028.1,1,259.0,3428,POINT (72.814604 21.147772),SYNTHETIC_PROTOTYPE,SYNTHETIC_PROTOTYPE
IN-POP-0100,Rajasthan,Jaipur,Jaipur Settlement 0100,Jaipur,26.922658,75.79182,EPSG:4326,133554,65369,68185,34357,25983.2,18461,10405,City,5241.2,0,348.0,7910,POINT (75.791820 26.922658),SYNTHETIC_PROTOTYPE,SYNTHETIC_PROTOTYPE
IN-POP-0101,Uttar Pradesh,Lucknow,Lucknow Settlement 0101,Lucknow,26.828285,80.930582,EPSG:4326,19029,9687,9342,4671,2862.0,2558,1307,Village,514.8,1,271.7,8232,POINT (80.930582 26.828285),SYNTHETIC_PROTOTYPE,SYNTHETIC_PROTOTYPE
IN-POP-0102,Uttar Pradesh,Varanasi,Varanasi Settlement 0102,Varanasi,25.314083,82.998611,EPSG:4326,82060,42297,39763,20768,11674.3,16507,10254,City,6624.5,0,1064.7,5223,POINT (82.998611 25.314083),SYNTHETIC_PROTOTYPE,SYNTHETIC_PROTOTYPE
IN-POP-0103,Bihar,Patna,Patna Settlement 0103,Patna,25.585951,85.156248,EPSG:4326,141786,72767,69019,44045,26572.2,18972,16100,City,3244.4,0,475.4,9261,POINT (85.156248 25.585951),SYNTHETIC_PROTOTYPE,SYNTHETIC_PROTOTYPE
IN-POP-0104,West Bengal,Kolkata,Kolkata Settlement 0104,Kolkata,22.585039,88.342465,EPSG:4326,117823,57528,60295,23682,14176.7,21616,12552,Town,7356.2,0,332.2,8464,POINT (88.342465 22.585039),SYNTHETIC_PROTOTYPE,SYNTHETIC_PROTOTYPE
IN-POP-0105,Assam,Guwahati,Guwahati Settlement 0105,Guwahati,26.15462,91.744348,EPSG:4326,20222,10587,9635,4622,12536.8,2637,1832,Village,3407.8,0,39.3,86,POINT (91.744348 26.154620),SYNTHETIC_PROTOTYPE,SYNTHETIC_PROTOTYPE
IN-POP-0106,Odisha,Bhubaneswar,Bhubaneswar Settlement 0106,Bhubaneswar,20.27032,85.843654,EPSG:4326,12645,6150,6495,3551,1890.1,1685,841,Village,2943.0,0,521.1,651,POINT (85.843654 20.270320),SYNTHETIC_PROTOTYPE,SYNTHETIC_PROTOTYPE
IN-POP-0107,Jharkhand,Ranchi,Ranchi Settlement 0107,Ranchi,23.31518,85.297121,EPSG:4326,144726,72981,71745,37945,33413.4,29183,14366,City,4761.8,0,100.7,9080,POINT (85.297121 23.315180),SYNTHETIC_PROTOTYPE,SYNTHETIC_PROTOTYPE
IN-POP-0108,Madhya Pradesh,Bhopal,Bhopal Settlement 0108,Bhopal,23.283573,77.393123,EPSG:4326,82369,41732,40637,19403,6988.3,12674,8326,City,2474.1,0,923.0,2729,POINT (77.393123 23.283573),SYNTHETIC_PROTOTYPE,SYNTHETIC_PROTOTYPE
IN-POP-0109,Madhya Pradesh,Indore,Indore Settlement 0109,Indore,22.707873,75.883969,EPSG:4326,19008,9596,9412,5033,17340.3,3595,1687,Village,2374.9,0,522.0,777,POINT (75.883969 22.707873),SYNTHETIC_PROTOTYPE,SYNTHETIC_PROTOTYPE
IN-POP-0110,Chhattisgarh,Raipur,Raipur Settlement 0110,Raipur,21.236498,81.642653,EPSG:4326,51896,26956,24940,12652,21099.6,7169,3142,City,7666.2,0,953.3,3099,POINT (81.642653 21.236498),SYNTHETIC_PROTOTYPE,SYNTHETIC_PROTOTYPE
IN-POP-0111,Telangana,Hyderabad,Hyderabad Settlement 0111,Hyderabad,17.409644,78.485715,EPSG:4326,83870,41490,42380,17930,8312.3,16286,7023,City,3339.8,0,720.7,6575,POINT (78.485715 17.409644),SYNTHETIC_PROTOTYPE,SYNTHETIC_PROTOTYPE
IN-POP-0112,Karnataka,Bengaluru,Bengaluru Settlement 0112,Bengaluru,12.979692,77.597723,EPSG:4326,22389,10780,11609,5806,7961.3,4388,2465,Village,2925.5,0,771.7,1763,POINT (77.597723 12.979692),SYNTHETIC_PROTOTYPE,SYNTHETIC_PROTOTYPE
IN-POP-0113,Karnataka,Mysuru,Mysuru Settlement 0113,Mysuru,12.309199,76.63868,EPSG:4326,5686,2730,2956,1538,485.8,1117,394,Village,4750.9,0,392.3,344,POINT (76.638680 12.309199),SYNTHETIC_PROTOTYPE,SYNTHETIC_PROTOTYPE
IN-POP-0114,Tamil Nadu,Chennai,Chennai Settlement 0114,Chennai,13.06271,80.282428,EPSG:4326,27111,13040,14071,5968,15412.7,4476,2480,Urban Fringe,5711.7,0,660.1,1901,POINT (80.282428 13.062710),SYNTHETIC_PROTOTYPE,SYNTHETIC_PROTOTYPE
IN-POP-0115,Tamil Nadu,Coimbatore,Coimbatore Settlement 0115,Coimbatore,11.012218,76.982078,EPSG:4326,6802,3374,3428,1663,3013.4,1086,522,Village,7949.0,0,376.7,37,POINT (76.982078 11.012218),SYNTHETIC_PROTOTYPE,SYNTHETIC_PROTOTYPE
IN-POP-0116,Kerala,Kochi,Kochi Settlement 0116,Kochi,9.908424,76.247753,EPSG:4326,7354,3795,3559,1596,2182.5,907,935,Village,2646.8,0,1111.9,552,POINT (76.247753 9.908424),SYNTHETIC_PROTOTYPE,SYNTHETIC_PROTOTYPE
IN-POP-0117,Kerala,Thiruvananthapuram,Thiruvananthapuram Settlement 0117,Thiruvananthapuram,8.504858,76.909902,EPSG:4326,9715,4821,4894,2734,1216.2,1327,633,Village,544.1,1,23.9,6422,POINT (76.909902 8.504858),SYNTHETIC_PROTOTYPE,SYNTHETIC_PROTOTYPE
IN-POP-0118,Andhra Pradesh,Vijayawada,Vijayawada Settlement 0118,Vijayawada,16.498506,80.676324,EPSG:4326,24720,12863,11857,5002,3963.2,5220,1977,Urban Fringe,4669.3,0,86.8,1404,POINT (80.676324 16.498506),SYNTHETIC_PROTOTYPE,SYNTHETIC_PROTOTYPE
IN-POP-0119,Andhra Pradesh,Visakhapatnam,Visakhapatnam Settlement 0119,Visakhapatnam,17.673715,83.240549,EPSG:4326,2071,1011,1060,456,939.3,329,257,Village,5777.8,0,115.7,163,POINT (83.240549 17.673715),SYNTHETIC_PROTOTYPE,SYNTHETIC_PROTOTYPE
IN-POP-0120,Jammu and Kashmir,Srinagar,Srinagar Settlement 0120,Srinagar,34.072751,74.775363,EPSG:4326,970,487,483,288,85.1,188,111,Village,7078.5,0,980.8,44,POINT (74.775363 34.072751),SYNTHETIC_PROTOTYPE,SYNTHETIC_PROTOTYPE
IN-POP-0121,Himachal Pradesh,Shimla,Shimla Settlement 0121,Shimla,31.096357,77.183362,EPSG:4326,111979,55658,56321,25883,14984.0,20793,7485,City,346.3,1,347.0,62937,POINT (77.183362 31.096357),SYNTHETIC_PROTOTYPE,SYNTHETIC_PROTOTYPE
IN-POP-0122,Uttarakhand,Dehradun,Dehradun Settlement 0122,Dehradun,30.303271,78.036107,EPSG:4326,23170,12034,11136,4668,3866.4,3451,1426,Village,326.3,1,983.0,7595,POINT (78.036107 30.303271),SYNTHETIC_PROTOTYPE,SYNTHETIC_PROTOTYPE
IN-POP-0123,Bihar,Gaya,Gaya Settlement 0123,Gaya,24.79193,84.979836,EPSG:4326,74261,39090,35171,16736,26151.7,10886,8908,Town,6710.2,0,476.4,2804,POINT (84.979836 24.791930),SYNTHETIC_PROTOTYPE,SYNTHETIC_PROTOTYPE
IN-POP-0124,Uttar Pradesh,Agra,Agra Settlement 0124,Agra,27.186848,78.037473,EPSG:4326,22613,11284,11329,7004,3301.8,4016,2024,Village,6731.4,0,613.3,601,POINT (78.037473 27.186848),SYNTHETIC_PROTOTYPE,SYNTHETIC_PROTOTYPE
IN-POP-0125,Delhi,Delhi,Delhi Settlement 0125,Delhi,28.597925,77.224082,EPSG:4326,97990,46618,51372,22483,11632.7,13221,7311,Town,211.5,1,229.3,27386,POINT (77.224082 28.597925),SYNTHETIC_PROTOTYPE,SYNTHETIC_PROTOTYPE
IN-POP-0126,Maharashtra,Mumbai,Mumbai Settlement 0126,Mumbai,19.089458,72.851058,EPSG:4326,13916,6987,6929,3107,3400.9,2810,983,Village,4537.4,0,894.8,437,POINT (72.851058 19.089458),SYNTHETIC_PROTOTYPE,SYNTHETIC_PROTOTYPE
IN-POP-0127,Maharashtra,Pune,Pune Settlement 0127,Pune,18.495842,73.868245,EPSG:4326,18946,9130,9816,4014,1739.6,2742,1873,Village,6705.3,0,370.8,935,POINT (73.868245 18.495842),SYNTHETIC_PROTOTYPE,SYNTHETIC_PROTOTYPE
IN-POP-0128,Maharashtra,Nagpur,Nagpur Settlement 0128,Nagpur,21.133504,79.080006,EPSG:4326,16017,8444,7573,3245,1631.0,2196,1413,Village,3991.3,0,289.3,1227,POINT (79.080006 21.133504),SYNTHETIC_PROTOTYPE,SYNTHETIC_PROTOTYPE
IN-POP-0129,Gujarat,Ahmedabad,Ahmedabad Settlement 0129,Ahmedabad,22.998675,72.585231,EPSG:4326,21191,10004,11187,6182,3017.6,2877,2503,Village,3975.2,0,870.3,693,POINT (72.585231 22.998675),SYNTHETIC_PROTOTYPE,SYNTHETIC_PROTOTYPE
IN-POP-0130,Gujarat,Surat,Surat Settlement 0130,Surat,21.172162,72.841744,EPSG:4326,14967,7519,7448,4331,10035.0,2932,1536,Village,7782.1,0,1120.5,268,POINT (72.841744 21.172162),SYNTHETIC_PROTOTYPE,SYNTHETIC_PROTOTYPE
IN-POP-0131,Rajasthan,Jaipur,Jaipur Settlement 0131,Jaipur,26.906532,75.792188,EPSG:4326,3645,1773,1872,859,383.9,613,378,Village,3239.0,0,282.7,89,POINT (75.792188 26.906532),SYNTHETIC_PROTOTYPE,SYNTHETIC_PROTOTYPE
IN-POP-0132,Uttar Pradesh,Lucknow,Lucknow Settlement 0132,Lucknow,26.84696,80.952177,EPSG:4326,86357,40694,45663,20211,7827.5,16669,8948,City,573.0,1,485.0,7596,POINT (80.952177 26.846960),SYNTHETIC_PROTOTYPE,SYNTHETIC_PROTOTYPE
IN-POP-0133,Uttar Pradesh,Varanasi,Varanasi Settlement 0133,Varanasi,25.291428,82.950461,EPSG:4326,39936,20128,19808,9232,16610.4,6329,3065,City,4489.3,0,207.2,2676,POINT (82.950461 25.291428),SYNTHETIC_PROTOTYPE,SYNTHETIC_PROTOTYPE
IN-POP-0134,Bihar,Patna,Patna Settlement 0134,Patna,25.572163,85.16586,EPSG:4326,123781,62006,61775,26050,10636.4,21242,9484,Urban Fringe,6173.7,0,577.2,5970,POINT (85.165860 25.572163),SYNTHETIC_PROTOTYPE,SYNTHETIC_PROTOTYPE
IN-POP-0135,West Bengal,Kolkata,Kolkata Settlement 0135,Kolkata,22.569536,88.33885,EPSG:4326,73320,36734,36586,16868,31582.8,13642,7999,Town,2818.9,0,1116.9,1844,POINT (88.338850 22.569536),SYNTHETIC_PROTOTYPE,SYNTHETIC_PROTOTYPE
IN-POP-0136,Assam,Guwahati,Guwahati Settlement 0136,Guwahati,26.158017,91.715961,EPSG:4326,14314,6872,7442,3540,2158.6,1834,1547,Village,320.5,1,975.8,4664,POINT (91.715961 26.158017),SYNTHETIC_PROTOTYPE,SYNTHETIC_PROTOTYPE
IN-POP-0137,Odisha,Bhubaneswar,Bhubaneswar Settlement 0137,Bhubaneswar,20.318024,85.840634,EPSG:4326,9424,4620,4804,2306,1706.1,1480,1163,Village,5963.4,0,227.8,678,POINT (85.840634 20.318024),SYNTHETIC_PROTOTYPE,SYNTHETIC_PROTOTYPE
IN-POP-0138,Jharkhand,Ranchi,Ranchi Settlement 0138,Ranchi,23.316439,85.313928,EPSG:4326,125821,61930,63891,26545,26356.2,22636,11020,Urban Fringe,4484.1,0,34.1,1211,POINT (85.313928 23.316439),SYNTHETIC_PROTOTYPE,SYNTHETIC_PROTOTYPE
IN-POP-0139,Madhya Pradesh,Bhopal,Bhopal Settlement 0139,Bhopal,23.243773,77.403163,EPSG:4326,123752,59302,64450,24862,28077.5,20809,10364,Town,2916.5,0,687.3,5343,POINT (77.403163 23.243773),SYNTHETIC_PROTOTYPE,SYNTHETIC_PROTOTYPE
IN-POP-0140,Madhya Pradesh,Indore,Indore Settlement 0140,Indore,22.711257,75.839831,EPSG:4326,46358,24094,22264,9623,7506.8,8789,3371,Urban Fringe,4570.0,0,1127.6,2366,POINT (75.839831 22.711257),SYNTHETIC_PROTOTYPE,SYNTHETIC_PROTOTYPE
IN-POP-0141,Chhattisgarh,Raipur,Raipur Settlement 0141,Raipur,21.254637,81.659222,EPSG:4326,142801,68400,74401,33017,15301.6,20463,8634,City,7561.5,0,1134.6,5811,POINT (81.659222 21.254637),SYNTHETIC_PROTOTYPE,SYNTHETIC_PROTOTYPE
IN-POP-0142,Telangana,Hyderabad,Hyderabad Settlement 0142,Hyderabad,17.369499,78.512404,EPSG:4326,5951,3140,2811,1217,631.2,1266,620,Village,6046.9,0,562.0,3,POINT (78.512404 17.369499),SYNTHETIC_PROTOTYPE,SYNTHETIC_PROTOTYPE
IN-POP-0143,Karnataka,Bengaluru,Bengaluru Settlement 0143,Bengaluru,12.956823,77.621781,EPSG:4326,49070,24058,25012,9838,11045.8,6455,4285,Town,108.1,1,330.0,22227,POINT (77.621781 12.956823),SYNTHETIC_PROTOTYPE,SYNTHETIC_PROTOTYPE
IN-POP-0144,Karnataka,Mysuru,Mysuru Settlement 0144,Mysuru,12.311417,76.656973,EPSG:4326,35553,17627,17926,9632,3063.0,7163,2674,Town,481.3,1,704.0,23040,POINT (76.656973 12.311417),SYNTHETIC_PROTOTYPE,SYNTHETIC_PROTOTYPE
IN-POP-0145,Tamil Nadu,Chennai,Chennai Settlement 0145,Chennai,13.06153,80.280469,EPSG:4326,16098,8487,7611,4957,1586.0,3440,1354,Village,669.1,1,416.3,12011,POINT (80.280469 13.061530),SYNTHETIC_PROTOTYPE,SYNTHETIC_PROTOTYPE
IN-POP-0146,Tamil Nadu,Coimbatore,Coimbatore Settlement 0146,Coimbatore,11.011985,76.947361,EPSG:4326,30892,14980,15912,7088,4481.1,4240,3170,Urban Fringe,942.9,1,496.4,8946,POINT (76.947361 11.011985),SYNTHETIC_PROTOTYPE,SYNTHETIC_PROTOTYPE
IN-POP-0147,Kerala,Kochi,Kochi Settlement 0147,Kochi,9.9221,76.279713,EPSG:4326,10732,5603,5129,2456,2393.9,2269,1038,Village,2707.4,0,24.9,831,POINT (76.279713 9.922100),SYNTHETIC_PROTOTYPE,SYNTHETIC_PROTOTYPE
IN-POP-0148,Kerala,Thiruvananthapuram,Thiruvananthapuram Settlement 0148,Thiruvananthapuram,8.536837,76.950115,EPSG:4326,104919,50400,54519,22605,16580.2,19788,11024,Urban Fringe,5361.8,0,310.6,6759,POINT (76.950115 8.536837),SYNTHETIC_PROTOTYPE,SYNTHETIC_PROTOTYPE
IN-POP-0149,Andhra Pradesh,Vijayawada,Vijayawada Settlement 0149,Vijayawada,16.513559,80.623609,EPSG:4326,134417,70414,64003,38459,85931.8,20219,14555,Town,4988.9,0,439.8,10450,POINT (80.623609 16.513559),SYNTHETIC_PROTOTYPE,SYNTHETIC_PROTOTYPE
IN-POP-0150,Andhra Pradesh,Visakhapatnam,Visakhapatnam Settlement 0150,Visakhapatnam,17.676317,83.194601,EPSG:4326,15998,8031,7967,4095,11201.1,2818,1294,Village,3472.8,0,444.4,916,POINT (83.194601 17.676317),SYNTHETIC_PROTOTYPE,SYNTHETIC_PROTOTYPE
IN-POP-0151,Jammu and Kashmir,Srinagar,Srinagar Settlement 0151,Srinagar,34.103844,74.802316,EPSG:4326,108857,55464,53393,27980,24297.0,15812,14002,Urban Fringe,2734.1,0,553.3,5460,POINT (74.802316 34.103844),SYNTHETIC_PROTOTYPE,SYNTHETIC_PROTOTYPE
IN-POP-0152,Himachal Pradesh,Shimla,Shimla Settlement 0152,Shimla,31.090949,77.151039,EPSG:4326,6764,3363,3401,1880,661.3,1274,430,Village,5280.9,0,513.1,30,POINT (77.151039 31.090949),SYNTHETIC_PROTOTYPE,SYNTHETIC_PROTOTYPE
IN-POP-0153,Uttarakhand,Dehradun,Dehradun Settlement 0153,Dehradun,30.328092,78.048752,EPSG:4326,20572,10863,9709,5107,27871.1,2572,1926,Village,4933.6,0,170.2,1160,POINT (78.048752 30.328092),SYNTHETIC_PROTOTYPE,SYNTHETIC_PROTOTYPE
IN-POP-0154,Bihar,Gaya,Gaya Settlement 0154,Gaya,24.790361,85.029196,EPSG:4326,86693,41917,44776,22302,8324.8,14903,5776,Town,3067.5,0,80.2,2874,POINT (85.029196 24.790361),SYNTHETIC_PROTOTYPE,SYNTHETIC_PROTOTYPE
IN-POP-0155,Uttar Pradesh,Agra,Agra Settlement 0155,Agra,27.151122,78.024524,EPSG:4326,17465,8408,9057,3927,1719.2,2721,1726,Urban Fringe,2339.4,0,776.9,1087,POINT (78.024524 27.151122),SYNTHETIC_PROTOTYPE,SYNTHETIC_PROTOTYPE
IN-POP-0156,Delhi,Delhi,Delhi Settlement 0156,Delhi,28.602905,77.216881,EPSG:4326,59656,31342,28314,13164,5303.1,7967,7314,City,6574.8,0,162.2,2001,POINT (77.216881 28.602905),SYNTHETIC_PROTOTYPE,SYNTHETIC_PROTOTYPE
IN-POP-0157,Maharashtra,Mumbai,Mumbai Settlement 0157,Mumbai,19.104595,72.848738,EPSG:4326,86207,44745,41462,18654,46340.4,13936,9039,Town,4409.6,0,451.9,643,POINT (72.848738 19.104595),SYNTHETIC_PROTOTYPE,SYNTHETIC_PROTOTYPE
IN-POP-0158,Maharashtra,Pune,Pune Settlement 0158,Pune,18.528842,73.86773,EPSG:4326,18432,9767,8665,5710,2070.5,2291,2005,Village,921.0,1,514.5,8821,POINT (73.867730 18.528842),SYNTHETIC_PROTOTYPE,SYNTHETIC_PROTOTYPE
IN-POP-0159,Maharashtra,Nagpur,Nagpur Settlement 0159,Nagpur,21.159936,79.071643,EPSG:4326,110209,55576,54633,27175,20277.9,20560,13968,Town,5094.4,0,1095.6,399,POINT (79.071643 21.159936),SYNTHETIC_PROTOTYPE,SYNTHETIC_PROTOTYPE
IN-POP-0160,Gujarat,Ahmedabad,Ahmedabad Settlement 0160,Ahmedabad,23.030563,72.583701,EPSG:4326,23915,11431,12484,6026,3311.9,4349,2703,Village,835.1,1,1053.6,13200,POINT (72.583701 23.030563),SYNTHETIC_PROTOTYPE,SYNTHETIC_PROTOTYPE
IN-POP-0161,Gujarat,Surat,Surat Settlement 0161,Surat,21.164715,72.824647,EPSG:4326,14088,6667,7421,4363,2074.5,1718,1401,City,577.4,1,679.2,4765,POINT (72.824647 21.164715),SYNTHETIC_PROTOTYPE,SYNTHETIC_PROTOTYPE
IN-POP-0162,Rajasthan,Jaipur,Jaipur Settlement 0162,Jaipur,26.897573,75.805325,EPSG:4326,76043,38075,37968,17543,20167.9,11041,9764,City,1609.6,1,1176.6,51484,POINT (75.805325 26.897573),SYNTHETIC_PROTOTYPE,SYNTHETIC_PROTOTYPE
IN-POP-0163,Uttar Pradesh,Lucknow,Lucknow Settlement 0163,Lucknow,26.872343,80.916562,EPSG:4326,127085,62595,64490,30425,14279.2,26024,10863,City,1082.9,1,499.6,90359,POINT (80.916562 26.872343),SYNTHETIC_PROTOTYPE,SYNTHETIC_PROTOTYPE
IN-POP-0164,Uttar Pradesh,Varanasi,Varanasi Settlement 0164,Varanasi,25.321786,82.975806,EPSG:4326,22688,11009,11679,5046,2639.7,2857,1718,Village,1620.0,1,1133.1,7840,POINT (82.975806 25.321786),SYNTHETIC_PROTOTYPE,SYNTHETIC_PROTOTYPE
IN-POP-0165,Bihar,Patna,Patna Settlement 0165,Patna,25.592327,85.112817,EPSG:4326,116430,54827,61603,35133,15714.6,25416,8203,City,3274.2,0,324.9,9305,POINT (85.112817 25.592327),SYNTHETIC_PROTOTYPE,SYNTHETIC_PROTOTYPE
IN-POP-0166,West Bengal,Kolkata,Kolkata Settlement 0166,Kolkata,22.56091,88.383295,EPSG:4326,99884,48626,51258,21490,38016.5,21500,11313,City,7912.1,0,180.2,999,POINT (88.383295 22.560910),SYNTHETIC_PROTOTYPE,SYNTHETIC_PROTOTYPE
IN-POP-0167,Assam,Guwahati,Guwahati Settlement 0167,Guwahati,26.123058,91.718136,EPSG:4326,80911,40427,40484,17220,9472.8,17426,4858,Urban Fringe,6918.6,0,742.9,4578,POINT (91.718136 26.123058),SYNTHETIC_PROTOTYPE,SYNTHETIC_PROTOTYPE
IN-POP-0168,Odisha,Bhubaneswar,Bhubaneswar Settlement 0168,Bhubaneswar,20.31685,85.837423,EPSG:4326,70801,35235,35566,15529,7033.7,9005,4663,Town,4126.4,0,513.0,1651,POINT (85.837423 20.316850),SYNTHETIC_PROTOTYPE,SYNTHETIC_PROTOTYPE
IN-POP-0169,Jharkhand,Ranchi,Ranchi Settlement 0169,Ranchi,23.369647,85.330662,EPSG:4326,88723,45996,42727,20926,8291.5,12987,6604,Urban Fringe,5987.1,0,933.1,2383,POINT (85.330662 23.369647),SYNTHETIC_PROTOTYPE,SYNTHETIC_PROTOTYPE
IN-POP-0170,Madhya Pradesh,Bhopal,Bhopal Settlement 0170,Bhopal,23.232496,77.406408,EPSG:4326,79362,38221,41141,20785,17402.6,14357,6133,City,5272.6,0,242.3,1616,POINT (77.406408 23.232496),SYNTHETIC_PROTOTYPE,SYNTHETIC_PROTOTYPE
IN-POP-0171,Madhya Pradesh,Indore,Indore Settlement 0171,Indore,22.695092,75.855053,EPSG:4326,613,323,290,125,64.1,129,65,Village,1187.9,1,384.8,70,POINT (75.855053 22.695092),SYNTHETIC_PROTOTYPE,SYNTHETIC_PROTOTYPE
IN-POP-0172,Chhattisgarh,Raipur,Raipur Settlement 0172,Raipur,21.2771,81.644822,EPSG:4326,53905,26829,27076,16559,9537.0,7876,5442,City,3857.6,0,982.4,1495,POINT (81.644822 21.277100),SYNTHETIC_PROTOTYPE,SYNTHETIC_PROTOTYPE
IN-POP-0173,Telangana,Hyderabad,Hyderabad Settlement 0173,Hyderabad,17.371688,78.469634,EPSG:4326,19854,10195,9659,5438,3237.7,2402,1952,City,7757.5,0,223.9,894,POINT (78.469634 17.371688),SYNTHETIC_PROTOTYPE,SYNTHETIC_PROTOTYPE
IN-POP-0174,Karnataka,Bengaluru,Bengaluru Settlement 0174,Bengaluru,12.950884,77.603395,EPSG:4326,95753,47501,48252,22048,10533.7,18519,11317,Urban Fringe,7946.4,0,412.4,208,POINT (77.603395 12.950884),SYNTHETIC_PROTOTYPE,SYNTHETIC_PROTOTYPE
IN-POP-0175,Karnataka,Mysuru,Mysuru Settlement 0175,Mysuru,12.292797,76.663391,EPSG:4326,23452,12094,11358,5933,6805.7,3017,1871,Village,1971.3,0,993.9,1644,POINT (76.663391 12.292797),SYNTHETIC_PROTOTYPE,SYNTHETIC_PROTOTYPE
IN-POP-0176,Tamil Nadu,Chennai,Chennai Settlement 0176,Chennai,13.110128,80.255057,EPSG:4326,92189,44808,47381,18991,30353.3,19294,5654,Town,5376.7,0,594.7,7048,POINT (80.255057 13.110128),SYNTHETIC_PROTOTYPE,SYNTHETIC_PROTOTYPE
IN-POP-0177,Tamil Nadu,Coimbatore,Coimbatore Settlement 0177,Coimbatore,11.013215,76.961654,EPSG:4326,40209,20830,19379,11199,45159.9,5887,2988,City,6712.7,0,1077.8,1031,POINT (76.961654 11.013215),SYNTHETIC_PROTOTYPE,SYNTHETIC_PROTOTYPE
IN-POP-0178,Kerala,Kochi,Kochi Settlement 0178,Kochi,9.910991,76.274157,EPSG:4326,72971,37621,35350,18061,6865.3,14778,4557,Town,942.5,1,27.3,7296,POINT (76.274157 9.910991),SYNTHETIC_PROTOTYPE,SYNTHETIC_PROTOTYPE
IN-POP-0179,Kerala,Thiruvananthapuram,Thiruvananthapuram Settlement 0179,Thiruvananthapuram,8.542143,76.930015,EPSG:4326,2027,1002,1025,440,263.8,280,157,Village,1592.1,1,867.4,954,POINT (76.930015 8.542143),SYNTHETIC_PROTOTYPE,SYNTHETIC_PROTOTYPE
IN-POP-0180,Andhra Pradesh,Vijayawada,Vijayawada Settlement 0180,Vijayawada,16.489433,80.668701,EPSG:4326,20658,10428,10230,4569,8402.7,3809,2118,Village,5771.0,0,818.3,738,POINT (80.668701 16.489433),SYNTHETIC_PROTOTYPE,SYNTHETIC_PROTOTYPE
IN-POP-0181,Andhra Pradesh,Visakhapatnam,Visakhapatnam Settlement 0181,Visakhapatnam,17.664878,83.21832,EPSG:4326,22724,11092,11632,4633,2292.9,2894,1960,Village,463.9,1,836.3,4043,POINT (83.218320 17.664878),SYNTHETIC_PROTOTYPE,SYNTHETIC_PROTOTYPE
IN-POP-0182,Jammu and Kashmir,Srinagar,Srinagar Settlement 0182,Srinagar,34.105659,74.780994,EPSG:4326,14552,7369,7183,3116,1272.1,2094,1743,Village,6918.3,0,991.2,660,POINT (74.780994 34.105659),SYNTHETIC_PROTOTYPE,SYNTHETIC_PROTOTYPE
IN-POP-0183,Himachal Pradesh,Shimla,Shimla Settlement 0183,Shimla,31.109424,77.159278,EPSG:4326,136499,68765,67734,37770,12591.3,26537,14250,Town,2025.8,0,360.1,3559,POINT (77.159278 31.109424),SYNTHETIC_PROTOTYPE,SYNTHETIC_PROTOTYPE
IN-POP-0184,Uttarakhand,Dehradun,Dehradun Settlement 0184,Dehradun,30.330967,78.042237,EPSG:4326,101501,52929,48572,26222,25088.6,20231,11506,Town,7330.5,0,533.6,1149,POINT (78.042237 30.330967),SYNTHETIC_PROTOTYPE,SYNTHETIC_PROTOTYPE
IN-POP-0185,Bihar,Gaya,Gaya Settlement 0185,Gaya,24.762867,84.987358,EPSG:4326,109816,54820,54996,23105,9609.8,13784,11039,Urban Fringe,7623.0,0,45.6,1841,POINT (84.987358 24.762867),SYNTHETIC_PROTOTYPE,SYNTHETIC_PROTOTYPE
IN-POP-0186,Uttar Pradesh,Agra,Agra Settlement 0186,Agra,27.201628,78.006879,EPSG:4326,2383,1128,1255,504,332.6,386,299,Village,3025.5,0,93.7,139,POINT (78.006879 27.201628),SYNTHETIC_PROTOTYPE,SYNTHETIC_PROTOTYPE
IN-POP-0187,Delhi,Delhi,Delhi Settlement 0187,Delhi,28.620339,77.196555,EPSG:4326,4534,2266,2268,954,617.8,935,467,Village,1819.9,0,132.2,113,POINT (77.196555 28.620339),SYNTHETIC_PROTOTYPE,SYNTHETIC_PROTOTYPE
IN-POP-0188,Maharashtra,Mumbai,Mumbai Settlement 0188,Mumbai,19.105299,72.873493,EPSG:4326,128569,66721,61848,33681,12525.6,17440,11472,City,1043.7,1,881.9,41195,POINT (72.873493 19.105299),SYNTHETIC_PROTOTYPE,SYNTHETIC_PROTOTYPE
IN-POP-0189,Maharashtra,Pune,Pune Settlement 0189,Pune,18.544107,73.840732,EPSG:4326,7110,3753,3357,1689,828.8,1503,579,Town,1541.3,1,327.0,2415,POINT (73.840732 18.544107),SYNTHETIC_PROTOTYPE,SYNTHETIC_PROTOTYPE
IN-POP-0190,Maharashtra,Nagpur,Nagpur Settlement 0190,Nagpur,21.126491,79.0984,EPSG:4326,57256,27763,29493,12585,5399.3,10017,4720,City,1928.3,0,324.8,3872,POINT (79.098400 21.126491),SYNTHETIC_PROTOTYPE,SYNTHETIC_PROTOTYPE
IN-POP-0191,Gujarat,Ahmedabad,Ahmedabad Settlement 0191,Ahmedabad,23.001722,72.5792,EPSG:4326,20296,10506,9790,4161,2071.1,3861,1782,Village,6924.7,0,901.5,667,POINT (72.579200 23.001722),SYNTHETIC_PROTOTYPE,SYNTHETIC_PROTOTYPE
IN-POP-0192,Gujarat,Surat,Surat Settlement 0192,Surat,21.18154,72.819829,EPSG:4326,3909,1972,1937,1205,1489.7,643,425,Village,3266.8,0,682.4,171,POINT (72.819829 21.181540),SYNTHETIC_PROTOTYPE,SYNTHETIC_PROTOTYPE
IN-POP-0193,Rajasthan,Jaipur,Jaipur Settlement 0193,Jaipur,26.916049,75.802201,EPSG:4326,8639,4188,4451,1752,746.6,1314,854,Village,4987.4,0,165.1,505,POINT (75.802201 26.916049),SYNTHETIC_PROTOTYPE,SYNTHETIC_PROTOTYPE
IN-POP-0194,Uttar Pradesh,Lucknow,Lucknow Settlement 0194,Lucknow,26.867147,80.974843,EPSG:4326,16895,8717,8178,3548,2831.7,2156,1743,Village,4931.2,0,1137.7,976,POINT (80.974843 26.867147),SYNTHETIC_PROTOTYPE,SYNTHETIC_PROTOTYPE
IN-POP-0195,Uttar Pradesh,Varanasi,Varanasi Settlement 0195,Varanasi,25.292733,82.994406,EPSG:4326,3039,1580,1459,858,367.7,617,385,Village,7766.1,0,772.2,210,POINT (82.994406 25.292733),SYNTHETIC_PROTOTYPE,SYNTHETIC_PROTOTYPE
IN-POP-0196,Bihar,Patna,Patna Settlement 0196,Patna,25.619597,85.121476,EPSG:4326,21545,10893,10652,5904,2666.9,4570,2756,Village,314.3,1,1068.0,5804,POINT (85.121476 25.619597),SYNTHETIC_PROTOTYPE,SYNTHETIC_PROTOTYPE
IN-POP-0197,West Bengal,Kolkata,Kolkata Settlement 0197,Kolkata,22.577332,88.359032,EPSG:4326,6972,3406,3566,1789,707.6,1391,632,Village,7791.9,0,12.8,256,POINT (88.359032 22.577332),SYNTHETIC_PROTOTYPE,SYNTHETIC_PROTOTYPE
IN-POP-0198,Assam,Guwahati,Guwahati Settlement 0198,Guwahati,26.136148,91.714725,EPSG:4326,9680,4600,5080,2178,1352.5,1254,648,Village,266.2,1,758.9,2184,POINT (91.714725 26.136148),SYNTHETIC_PROTOTYPE,SYNTHETIC_PROTOTYPE
IN-POP-0199,Odisha,Bhubaneswar,Bhubaneswar Settlement 0199,Bhubaneswar,20.29254,85.837946,EPSG:4326,8402,4337,4065,1740,965.3,1610,522,Village,3038.0,0,548.1,344,POINT (85.837946 20.292540),SYNTHETIC_PROTOTYPE,SYNTHETIC_PROTOTYPE
IN-POP-0200,Jharkhand,Ranchi,Ranchi Settlement 0200,Ranchi,23.360563,85.282637,EPSG:4326,26845,12680,14165,5720,2995.8,4604,1813,Town,3276.6,0,1092.7,1941,POINT (85.282637 23.360563),SYNTHETIC_PROTOTYPE,SYNTHETIC_PROTOTYPE
IN-POP-0201,Madhya Pradesh,Bhopal,Bhopal Settlement 0201,Bhopal,23.234739,77.441424,EPSG:4326,34654,17564,17090,9353,8072.1,7093,3692,Town,3580.8,0,1085.8,618,POINT (77.441424 23.234739),SYNTHETIC_PROTOTYPE,SYNTHETIC_PROTOTYPE
IN-POP-0202,Madhya Pradesh,Indore,Indore Settlement 0202,Indore,22.69174,75.852493,EPSG:4326,3980,1969,2011,1176,533.9,654,443,Village,6031.7,0,660.9,71,POINT (75.852493 22.691740),SYNTHETIC_PROTOTYPE,SYNTHETIC_PROTOTYPE
IN-POP-0203,Chhattisgarh,Raipur,Raipur Settlement 0203,Raipur,21.258229,81.612945,EPSG:4326,141736,73200,68536,31363,139372.2,24611,16644,Town,472.8,1,727.7,9428,POINT (81.612945 21.258229),SYNTHETIC_PROTOTYPE,SYNTHETIC_PROTOTYPE
IN-POP-0204,Telangana,Hyderabad,Hyderabad Settlement 0204,Hyderabad,17.395095,78.466596,EPSG:4326,15815,7893,7922,4494,1981.9,2925,1672,Village,415.1,1,959.7,10796,POINT (78.466596 17.395095),SYNTHETIC_PROTOTYPE,SYNTHETIC_PROTOTYPE
IN-POP-0205,Karnataka,Bengaluru,Bengaluru Settlement 0205,Bengaluru,12.999161,77.580784,EPSG:4326,103760,50909,52851,30850,10304.5,13133,13484,Urban Fringe,1654.7,1,489.8,30225,POINT (77.580784 12.999161),SYNTHETIC_PROTOTYPE,SYNTHETIC_PROTOTYPE
IN-POP-0206,Karnataka,Mysuru,Mysuru Settlement 0206,Mysuru,12.284509,76.644757,EPSG:4326,52609,25978,26631,11733,7109.3,9057,3370,Urban Fringe,257.0,1,313.7,4698,POINT (76.644757 12.284509),SYNTHETIC_PROTOTYPE,SYNTHETIC_PROTOTYPE
IN-POP-0207,Tamil Nadu,Chennai,Chennai Settlement 0207,Chennai,13.068927,80.256988,EPSG:4326,47469,23813,23656,12152,8237.5,8884,3053,City,4643.4,0,170.7,366,POINT (80.256988 13.068927),SYNTHETIC_PROTOTYPE,SYNTHETIC_PROTOTYPE
IN-POP-0208,Tamil Nadu,Coimbatore,Coimbatore Settlement 0208,Coimbatore,11.02097,76.9728,EPSG:4326,63494,31797,31697,16234,16029.6,9790,4107,City,1186.1,1,104.8,33062,POINT (76.972800 11.020970),SYNTHETIC_PROTOTYPE,SYNTHETIC_PROTOTYPE
IN-POP-0209,Kerala,Kochi,Kochi Settlement 0209,Kochi,9.935617,76.252751,EPSG:4326,107327,53361,53966,22701,29289.6,16175,13870,Town,7426.4,0,1105.4,7014,POINT (76.252751 9.935617),SYNTHETIC_PROTOTYPE,SYNTHETIC_PROTOTYPE
IN-POP-0210,Kerala,Thiruvananthapuram,Thiruvananthapuram Settlement 0210,Thiruvananthapuram,8.532237,76.964292,EPSG:4326,82608,43515,39093,17741,7394.0,13775,7230,City,2611.3,0,1154.1,6314,POINT (76.964292 8.532237),SYNTHETIC_PROTOTYPE,SYNTHETIC_PROTOTYPE
IN-POP-0211,Andhra Pradesh,Vijayawada,Vijayawada Settlement 0211,Vijayawada,16.529251,80.622317,EPSG:4326,14169,7049,7120,3517,1301.9,1767,1039,Village,1176.7,1,857.3,10001,POINT (80.622317 16.529251),SYNTHETIC_PROTOTYPE,SYNTHETIC_PROTOTYPE
IN-POP-0212,Andhra Pradesh,Visakhapatnam,Visakhapatnam Settlement 0212,Visakhapatnam,17.681769,83.248106,EPSG:4326,6892,3482,3410,1459,6667.1,1177,612,Village,7107.2,0,674.3,409,POINT (83.248106 17.681769),SYNTHETIC_PROTOTYPE,SYNTHETIC_PROTOTYPE
IN-POP-0213,Jammu and Kashmir,Srinagar,Srinagar Settlement 0213,Srinagar,34.070869,74.793628,EPSG:4326,62706,32184,30522,17257,6009.9,12963,4719,Urban Fringe,831.5,1,26.4,4475,POINT (74.793628 34.070869),SYNTHETIC_PROTOTYPE,SYNTHETIC_PROTOTYPE
IN-POP-0214,Himachal Pradesh,Shimla,Shimla Settlement 0214,Shimla,31.098501,77.185319,EPSG:4326,20915,10587,10328,5235,10760.9,3074,1563,Village,1294.8,1,478.9,3932,POINT (77.185319 31.098501),SYNTHETIC_PROTOTYPE,SYNTHETIC_PROTOTYPE
IN-POP-0215,Uttarakhand,Dehradun,Dehradun Settlement 0215,Dehradun,30.290572,78.00936,EPSG:4326,9689,4904,4785,2824,918.2,1292,1033,Village,3578.6,0,384.3,370,POINT (78.009360 30.290572),SYNTHETIC_PROTOTYPE,SYNTHETIC_PROTOTYPE
IN-POP-0216,Bihar,Gaya,Gaya Settlement 0216,Gaya,24.775276,85.004806,EPSG:4326,62801,32680,30121,16201,5955.6,9541,5655,Urban Fringe,1317.3,1,321.5,6042,POINT (85.004806 24.775276),SYNTHETIC_PROTOTYPE,SYNTHETIC_PROTOTYPE
IN-POP-0217,Uttar Pradesh,Agra,Agra Settlement 0217,Agra,27.20293,78.026682,EPSG:4326,5831,3053,2778,1792,554.7,1253,515,Village,3986.2,0,375.2,66,POINT (78.026682 27.202930),SYNTHETIC_PROTOTYPE,SYNTHETIC_PROTOTYPE
IN-POP-0218,Delhi,Delhi,Delhi Settlement 0218,Delhi,28.587362,77.216557,EPSG:4326,39105,20335,18770,11720,28217.5,6039,3741,City,1734.8,1,483.4,13546,POINT (77.216557 28.587362),SYNTHETIC_PROTOTYPE,SYNTHETIC_PROTOTYPE
IN-POP-0219,Maharashtra,Mumbai,Mumbai Settlement 0219,Mumbai,19.095355,72.901245,EPSG:4326,1286,617,669,316,847.0,204,125,Village,4603.3,0,246.4,50,POINT (72.901245 19.095355),SYNTHETIC_PROTOTYPE,SYNTHETIC_PROTOTYPE
IN-POP-0220,Maharashtra,Pune,Pune Settlement 0220,Pune,18.49311,73.878226,EPSG:4326,13582,6937,6645,3669,2349.2,2510,1641,Village,2196.8,0,81.1,224,POINT (73.878226 18.493110),SYNTHETIC_PROTOTYPE,SYNTHETIC_PROTOTYPE
IN-POP-0221,Maharashtra,Nagpur,Nagpur Settlement 0221,Nagpur,21.158696,79.066547,EPSG:4326,38275,19864,18411,8425,5868.0,6193,4857,Urban Fringe,947.5,1,180.0,19895,POINT (79.066547 21.158696),SYNTHETIC_PROTOTYPE,SYNTHETIC_PROTOTYPE
IN-POP-0222,Gujarat,Ahmedabad,Ahmedabad Settlement 0222,Ahmedabad,22.999561,72.541481,EPSG:4326,53374,27789,25585,14375,4547.1,9459,5089,City,3403.5,0,909.4,414,POINT (72.541481 22.999561),SYNTHETIC_PROTOTYPE,SYNTHETIC_PROTOTYPE
IN-POP-0223,Gujarat,Surat,Surat Settlement 0223,Surat,21.183065,72.803786,EPSG:4326,6007,2909,3098,1276,1109.8,753,716,City,5638.7,0,571.6,272,POINT (72.803786 21.183065),SYNTHETIC_PROTOTYPE,SYNTHETIC_PROTOTYPE
IN-POP-0224,Rajasthan,Jaipur,Jaipur Settlement 0224,Jaipur,26.895584,75.771784,EPSG:4326,63289,32455,30834,16833,23470.6,7712,4923,Urban Fringe,5824.8,0,425.1,430,POINT (75.771784 26.895584),SYNTHETIC_PROTOTYPE,SYNTHETIC_PROTOTYPE
IN-POP-0225,Uttar Pradesh,Lucknow,Lucknow Settlement 0225,Lucknow,26.859203,80.951414,EPSG:4326,40916,20419,20497,10231,24244.9,6558,3242,City,1592.4,1,940.7,28364,POINT (80.951414 26.859203),SYNTHETIC_PROTOTYPE,SYNTHETIC_PROTOTYPE
IN-POP-0226,Uttar Pradesh,Varanasi,Varanasi Settlement 0226,Varanasi,25.327126,82.94795,EPSG:4326,20798,9959,10839,5244,3203.2,2525,2060,Town,5402.4,0,368.2,1005,POINT (82.947950 25.327126),SYNTHETIC_PROTOTYPE,SYNTHETIC_PROTOTYPE
IN-POP-0227,Bihar,Patna,Patna Settlement 0227,Patna,25.601752,85.136659,EPSG:4326,9436,4972,4464,2486,2402.7,1987,1055,Village,1991.6,0,14.3,45,POINT (85.136659 25.601752),SYNTHETIC_PROTOTYPE,SYNTHETIC_PROTOTYPE
IN-POP-0228,West Bengal,Kolkata,Kolkata Settlement 0228,Kolkata,22.556066,88.369598,EPSG:4326,21666,10244,11422,6101,2196.3,4344,2269,Village,7829.6,0,713.1,219,POINT (88.369598 22.556066),SYNTHETIC_PROTOTYPE,SYNTHETIC_PROTOTYPE
IN-POP-0229,Assam,Guwahati,Guwahati Settlement 0229,Guwahati,26.126021,91.757163,EPSG:4326,3285,1733,1552,863,2016.1,681,294,Village,5311.1,0,525.0,156,POINT (91.757163 26.126021),SYNTHETIC_PROTOTYPE,SYNTHETIC_PROTOTYPE
IN-POP-0230,Odisha,Bhubaneswar,Bhubaneswar Settlement 0230,Bhubaneswar,20.313345,85.8114,EPSG:4326,134332,65928,68404,35842,11379.9,29441,15710,Urban Fringe,1279.8,1,294.7,53961,POINT (85.811400 20.313345),SYNTHETIC_PROTOTYPE,SYNTHETIC_PROTOTYPE
IN-POP-0231,Jharkhand,Ranchi,Ranchi Settlement 0231,Ranchi,23.328662,85.295845,EPSG:4326,36310,19217,17093,7726,6924.5,6605,4234,Town,7929.1,0,792.7,1680,POINT (85.295845 23.328662),SYNTHETIC_PROTOTYPE,SYNTHETIC_PROTOTYPE
IN-POP-0232,Madhya Pradesh,Bhopal,Bhopal Settlement 0232,Bhopal,23.281949,77.403116,EPSG:4326,89480,44531,44949,26935,7942.0,11930,8966,Town,5471.5,0,388.7,5128,POINT (77.403116 23.281949),SYNTHETIC_PROTOTYPE,SYNTHETIC_PROTOTYPE
IN-POP-0233,Madhya Pradesh,Indore,Indore Settlement 0233,Indore,22.737438,75.851438,EPSG:4326,69292,36250,33042,16494,6668.7,10558,7610,Town,4547.2,0,247.9,2751,POINT (75.851438 22.737438),SYNTHETIC_PROTOTYPE,SYNTHETIC_PROTOTYPE
IN-POP-0234,Chhattisgarh,Raipur,Raipur Settlement 0234,Raipur,21.236641,81.626176,EPSG:4326,119603,58060,61543,29855,31754.7,16600,10560,City,3310.6,0,291.6,4596,POINT (81.626176 21.236641),SYNTHETIC_PROTOTYPE,SYNTHETIC_PROTOTYPE
IN-POP-0235,Telangana,Hyderabad,Hyderabad Settlement 0235,Hyderabad,17.395555,78.488385,EPSG:4326,30285,15461,14824,7071,5298.7,5045,2308,Town,4927.1,0,1154.2,988,POINT (78.488385 17.395555),SYNTHETIC_PROTOTYPE,SYNTHETIC_PROTOTYPE
IN-POP-0236,Karnataka,Bengaluru,Bengaluru Settlement 0236,Bengaluru,12.969802,77.583632,EPSG:4326,5688,2749,2939,1521,860.8,716,484,Village,6086.3,0,585.8,401,POINT (77.583632 12.969802),SYNTHETIC_PROTOTYPE,SYNTHETIC_PROTOTYPE
IN-POP-0237,Karnataka,Mysuru,Mysuru Settlement 0237,Mysuru,12.272629,76.656934,EPSG:4326,95948,46296,49652,25469,43430.8,13521,12250,Town,2843.6,0,1017.4,7197,POINT (76.656934 12.272629),SYNTHETIC_PROTOTYPE,SYNTHETIC_PROTOTYPE
IN-POP-0238,Tamil Nadu,Chennai,Chennai Settlement 0238,Chennai,13.052829,80.280092,EPSG:4326,14899,7464,7435,4282,3658.1,1790,1262,City,4689.5,0,716.3,947,POINT (80.280092 13.052829),SYNTHETIC_PROTOTYPE,SYNTHETIC_PROTOTYPE
IN-POP-0239,Tamil Nadu,Coimbatore,Coimbatore Settlement 0239,Coimbatore,11.035316,76.958081,EPSG:4326,46532,21982,24550,10558,15685.0,9288,4402,Town,6680.2,0,411.4,3441,POINT (76.958081 11.035316),SYNTHETIC_PROTOTYPE,SYNTHETIC_PROTOTYPE
IN-POP-0240,Kerala,Kochi,Kochi Settlement 0240,Kochi,9.908398,76.286997,EPSG:4326,2866,1372,1494,848,1004.9,597,305,Village,5427.4,0,227.6,109,POINT (76.286997 9.908398),SYNTHETIC_PROTOTYPE,SYNTHETIC_PROTOTYPE
IN-POP-0241,Kerala,Thiruvananthapuram,Thiruvananthapuram Settlement 0241,Thiruvananthapuram,8.549092,76.94909,EPSG:4326,45030,22290,22740,10300,5515.4,6804,4882,Town,6163.7,0,895.9,3545,POINT (76.949090 8.549092),SYNTHETIC_PROTOTYPE,SYNTHETIC_PROTOTYPE
IN-POP-0242,Andhra Pradesh,Vijayawada,Vijayawada Settlement 0242,Vijayawada,16.504746,80.623702,EPSG:4326,110075,53540,56535,27408,9692.2,23757,7225,Town,272.4,1,784.2,42686,POINT (80.623702 16.504746),SYNTHETIC_PROTOTYPE,SYNTHETIC_PROTOTYPE
IN-POP-0243,Andhra Pradesh,Visakhapatnam,Visakhapatnam Settlement 0243,Visakhapatnam,17.715371,83.23542,EPSG:4326,137057,69647,67410,36228,34029.7,22148,14336,Urban Fringe,6383.1,0,127.3,2741,POINT (83.235420 17.715371),SYNTHETIC_PROTOTYPE,SYNTHETIC_PROTOTYPE
IN-POP-0244,Jammu and Kashmir,Srinagar,Srinagar Settlement 0244,Srinagar,34.081393,74.826662,EPSG:4326,2858,1467,1391,608,715.8,502,254,Village,3050.7,0,1072.3,120,POINT (74.826662 34.081393),SYNTHETIC_PROTOTYPE,SYNTHETIC_PROTOTYPE
IN-POP-0245,Himachal Pradesh,Shimla,Shimla Settlement 0245,Shimla,31.126707,77.150372,EPSG:4326,22885,12065,10820,5676,7903.4,4390,2572,Urban Fringe,7890.7,0,214.9,1649,POINT (77.150372 31.126707),SYNTHETIC_PROTOTYPE,SYNTHETIC_PROTOTYPE
IN-POP-0246,Uttarakhand,Dehradun,Dehradun Settlement 0246,Dehradun,30.298774,78.021026,EPSG:4326,12026,6216,5810,3422,1427.9,2123,1125,City,3363.9,0,94.8,905,POINT (78.021026 30.298774),SYNTHETIC_PROTOTYPE,SYNTHETIC_PROTOTYPE
IN-POP-0247,Bihar,Gaya,Gaya Settlement 0247,Gaya,24.777933,85.00188,EPSG:4326,28469,14601,13868,8653,2426.9,5652,2975,Urban Fringe,4385.2,0,8.3,287,POINT (85.001880 24.777933),SYNTHETIC_PROTOTYPE,SYNTHETIC_PROTOTYPE
IN-POP-0248,Uttar Pradesh,Agra,Agra Settlement 0248,Agra,27.171335,77.997053,EPSG:4326,87600,44282,43318,18504,125208.9,11952,7841,Town,3370.7,0,1013.9,1454,POINT (77.997053 27.171335),SYNTHETIC_PROTOTYPE,SYNTHETIC_PROTOTYPE
IN-POP-0249,Delhi,Delhi,Delhi Settlement 0249,Delhi,28.619628,77.202166,EPSG:4326,12916,6509,6407,2670,1727.7,1739,995,Town,6929.4,0,704.2,696,POINT (77.202166 28.619628),SYNTHETIC_PROTOTYPE,SYNTHETIC_PROTOTYPE
IN-POP-0250,Maharashtra,Mumbai,Mumbai Settlement 0250,Mumbai,19.068582,72.880869,EPSG:4326,47893,23369,24524,10570,7827.9,6897,5770,Urban Fringe,198.2,1,987.4,15766,POINT (72.880869 19.068582),SYNTHETIC_PROTOTYPE,SYNTHETIC_PROTOTYPE
IN-POP-0251,Maharashtra,Pune,Pune Settlement 0251,Pune,18.500969,73.884812,EPSG:4326,1490,748,742,458,1040.2,228,140,Village,5450.9,0,704.7,101,POINT (73.884812 18.500969),SYNTHETIC_PROTOTYPE,SYNTHETIC_PROTOTYPE
IN-POP-0252,Maharashtra,Nagpur,Nagpur Settlement 0252,Nagpur,21.124345,79.093424,EPSG:4326,149034,76747,72287,38658,21490.1,31174,18139,Urban Fringe,6515.7,0,122.2,652,POINT (79.093424 21.124345),SYNTHETIC_PROTOTYPE,SYNTHETIC_PROTOTYPE
IN-POP-0253,Gujarat,Ahmedabad,Ahmedabad Settlement 0253,Ahmedabad,23.003219,72.586495,EPSG:4326,22896,11903,10993,5631,6512.6,4333,1491,Village,7072.1,0,186.8,1184,POINT (72.586495 23.003219),SYNTHETIC_PROTOTYPE,SYNTHETIC_PROTOTYPE
IN-POP-0254,Gujarat,Surat,Surat Settlement 0254,Surat,21.17632,72.816654,EPSG:4326,22381,10608,11773,5128,3339.5,2700,1575,Village,88.0,1,165.4,7828,POINT (72.816654 21.176320),SYNTHETIC_PROTOTYPE,SYNTHETIC_PROTOTYPE
IN-POP-0255,Rajasthan,Jaipur,Jaipur Settlement 0255,Jaipur,26.896394,75.811621,EPSG:4326,141160,72273,68887,35182,12905.0,21554,16370,Town,3754.8,0,1071.6,7075,POINT (75.811621 26.896394),SYNTHETIC_PROTOTYPE,SYNTHETIC_PROTOTYPE
IN-POP-0256,Uttar Pradesh,Lucknow,Lucknow Settlement 0256,Lucknow,26.828406,80.916537,EPSG:4326,14547,7512,7035,3704,8091.0,3163,1592,Village,330.7,1,620.3,5227,POINT (80.916537 26.828406),SYNTHETIC_PROTOTYPE,SYNTHETIC_PROTOTYPE
IN-POP-0257,Uttar Pradesh,Varanasi,Varanasi Settlement 0257,Varanasi,25.321363,82.945417,EPSG:4326,23530,11425,12105,5580,10248.2,3129,1887,Village,4129.4,0,860.9,1564,POINT (82.945417 25.321363),SYNTHETIC_PROTOTYPE,SYNTHETIC_PROTOTYPE
IN-POP-0258,Bihar,Patna,Patna Settlement 0258,Patna,25.57838,85.135981,EPSG:4326,30422,14380,16042,7493,5310.3,3742,2016,Town,3928.2,0,749.3,25,POINT (85.135981 25.578380),SYNTHETIC_PROTOTYPE,SYNTHETIC_PROTOTYPE
IN-POP-0259,West Bengal,Kolkata,Kolkata Settlement 0259,Kolkata,22.545855,88.363307,EPSG:4326,110861,58120,52741,25714,26334.2,16284,13981,Town,5999.9,0,394.7,7570,POINT (88.363307 22.545855),SYNTHETIC_PROTOTYPE,SYNTHETIC_PROTOTYPE
IN-POP-0260,Assam,Guwahati,Guwahati Settlement 0260,Guwahati,26.168426,91.723385,EPSG:4326,18284,9459,8825,4019,2490.8,3368,1764,Village,4233.5,0,885.6,178,POINT (91.723385 26.168426),SYNTHETIC_PROTOTYPE,SYNTHETIC_PROTOTYPE
IN-POP-0261,Odisha,Bhubaneswar,Bhubaneswar Settlement 0261,Bhubaneswar,20.280222,85.804963,EPSG:4326,5895,3098,2797,1698,1811.3,929,383,Village,4981.7,0,956.4,79,POINT (85.804963 20.280222),SYNTHETIC_PROTOTYPE,SYNTHETIC_PROTOTYPE
IN-POP-0262,Jharkhand,Ranchi,Ranchi Settlement 0262,Ranchi,23.348731,85.302072,EPSG:4326,127172,64766,62406,30980,26374.1,21481,11595,City,1938.5,0,449.7,4091,POINT (85.302072 23.348731),SYNTHETIC_PROTOTYPE,SYNTHETIC_PROTOTYPE
IN-POP-0263,Madhya Pradesh,Bhopal,Bhopal Settlement 0263,Bhopal,23.246554,77.412368,EPSG:4326,49186,24179,25007,13222,7331.5,7539,5306,City,4396.4,0,679.3,2507,POINT (77.412368 23.246554),SYNTHETIC_PROTOTYPE,SYNTHETIC_PROTOTYPE
IN-POP-0264,Madhya Pradesh,Indore,Indore Settlement 0264,Indore,22.70428,75.886833,EPSG:4326,37779,19663,18116,9607,4749.4,7979,2882,City,5431.4,0,833.2,2963,POINT (75.886833 22.704280),SYNTHETIC_PROTOTYPE,SYNTHETIC_PROTOTYPE
IN-POP-0265,Chhattisgarh,Raipur,Raipur Settlement 0265,Raipur,21.244163,81.602409,EPSG:4326,23875,11959,11916,4893,2080.6,3253,1596,Town,3841.3,0,647.1,1337,POINT (81.602409 21.244163),SYNTHETIC_PROTOTYPE,SYNTHETIC_PROTOTYPE
IN-POP-0266,Telangana,Hyderabad,Hyderabad Settlement 0266,Hyderabad,17.36765,78.51549,EPSG:4326,62958,31815,31143,13273,16877.8,13419,8122,Urban Fringe,685.5,1,402.7,15790,POINT (78.515490 17.367650),SYNTHETIC_PROTOTYPE,SYNTHETIC_PROTOTYPE
IN-POP-0267,Karnataka,Bengaluru,Bengaluru Settlement 0267,Bengaluru,12.96122,77.615184,EPSG:4326,92493,48040,44453,18858,30771.4,13445,11247,Town,4339.0,0,845.2,3193,POINT (77.615184 12.961220),SYNTHETIC_PROTOTYPE,SYNTHETIC_PROTOTYPE
IN-POP-0268,Karnataka,Mysuru,Mysuru Settlement 0268,Mysuru,12.312866,76.625501,EPSG:4326,107110,52834,54276,25578,76916.9,19552,11940,City,5320.2,0,1097.5,77,POINT (76.625501 12.312866),SYNTHETIC_PROTOTYPE,SYNTHETIC_PROTOTYPE
IN-POP-0269,Tamil Nadu,Chennai,Chennai Settlement 0269,Chennai,13.064883,80.240975,EPSG:4326,10397,5507,4890,2971,1262.1,1779,1342,Village,1431.6,1,680.7,7661,POINT (80.240975 13.064883),SYNTHETIC_PROTOTYPE,SYNTHETIC_PROTOTYPE
IN-POP-0270,Tamil Nadu,Coimbatore,Coimbatore Settlement 0270,Coimbatore,11.032435,76.959836,EPSG:4326,133865,70904,62961,39830,11683.1,27703,17274,City,4578.5,0,702.5,3717,POINT (76.959836 11.032435),SYNTHETIC_PROTOTYPE,SYNTHETIC_PROTOTYPE
IN-POP-0271,Kerala,Kochi,Kochi Settlement 0271,Kochi,9.912919,76.253683,EPSG:4326,18746,9666,9080,4898,2393.3,2992,1316,Village,2622.5,0,1097.5,5,POINT (76.253683 9.912919),SYNTHETIC_PROTOTYPE,SYNTHETIC_PROTOTYPE
IN-POP-0272,Kerala,Thiruvananthapuram,Thiruvananthapuram Settlement 0272,Thiruvananthapuram,8.508974,76.919301,EPSG:4326,124548,65267,59281,30960,20822.6,18895,15160,City,7927.4,0,920.6,2665,POINT (76.919301 8.508974),SYNTHETIC_PROTOTYPE,SYNTHETIC_PROTOTYPE
IN-POP-0273,Andhra Pradesh,Vijayawada,Vijayawada Settlement 0273,Vijayawada,16.495334,80.673003,EPSG:4326,130178,61755,68423,39851,24482.0,20011,9488,City,3477.8,0,1115.6,9071,POINT (80.673003 16.495334),SYNTHETIC_PROTOTYPE,SYNTHETIC_PROTOTYPE
IN-POP-0274,Andhra Pradesh,Visakhapatnam,Visakhapatnam Settlement 0274,Visakhapatnam,17.688669,83.2162,EPSG:4326,1093,556,537,275,150.4,211,118,Village,7619.3,0,153.2,79,POINT (83.216200 17.688669),SYNTHETIC_PROTOTYPE,SYNTHETIC_PROTOTYPE
IN-POP-0275,Jammu and Kashmir,Srinagar,Srinagar Settlement 0275,Srinagar,34.096233,74.79498,EPSG:4326,73763,38458,35305,17371,6467.5,10048,5927,City,2374.6,0,502.8,3942,POINT (74.794980 34.096233),SYNTHETIC_PROTOTYPE,SYNTHETIC_PROTOTYPE
IN-POP-0276,Himachal Pradesh,Shimla,Shimla Settlement 0276,Shimla,31.109708,77.199279,EPSG:4326,24522,11594,12928,7179,2056.2,4647,2218,Village,598.7,1,182.0,12895,POINT (77.199279 31.109708),SYNTHETIC_PROTOTYPE,SYNTHETIC_PROTOTYPE
IN-POP-0277,Uttarakhand,Dehradun,Dehradun Settlement 0277,Dehradun,30.286676,78.039538,EPSG:4326,79342,38960,40382,18315,14187.7,17147,7522,Town,1191.9,1,420.8,54637,POINT (78.039538 30.286676),SYNTHETIC_PROTOTYPE,SYNTHETIC_PROTOTYPE
IN-POP-0278,Bihar,Gaya,Gaya Settlement 0278,Gaya,24.800833,85.004061,EPSG:4326,41537,20625,20912,9155,4703.3,6041,5224,Town,1424.5,1,972.8,22495,POINT (85.004061 24.800833),SYNTHETIC_PROTOTYPE,SYNTHETIC_PROTOTYPE
IN-POP-0279,Uttar Pradesh,Agra,Agra Settlement 0279,Agra,27.195794,77.994318,EPSG:4326,139135,71082,68053,30347,23350.8,17183,11931,City,293.8,1,1034.8,73008,POINT (77.994318 27.195794),SYNTHETIC_PROTOTYPE,SYNTHETIC_PROTOTYPE
IN-POP-0280,Delhi,Delhi,Delhi Settlement 0280,Delhi,28.62387,77.21961,EPSG:4326,12809,6043,6766,3165,3257.9,2105,899,Village,4235.6,0,1176.8,896,POINT (77.219610 28.623870),SYNTHETIC_PROTOTYPE,SYNTHETIC_PROTOTYPE
IN-POP-0281,Maharashtra,Mumbai,Mumbai Settlement 0281,Mumbai,19.093881,72.871967,EPSG:4326,2742,1374,1368,626,356.4,593,291,Village,212.6,1,428.9,1587,POINT (72.871967 19.093881),SYNTHETIC_PROTOTYPE,SYNTHETIC_PROTOTYPE
IN-POP-0282,Maharashtra,Pune,Pune Settlement 0282,Pune,18.541764,73.875873,EPSG:4326,3945,1995,1950,791,354.9,661,364,Village,1000.2,1,1012.0,2318,POINT (73.875873 18.541764),SYNTHETIC_PROTOTYPE,SYNTHETIC_PROTOTYPE
IN-POP-0283,Maharashtra,Nagpur,Nagpur Settlement 0283,Nagpur,21.157572,79.087208,EPSG:4326,902,473,429,228,351.2,147,110,Village,1560.3,1,302.2,69,POINT (79.087208 21.157572),SYNTHETIC_PROTOTYPE,SYNTHETIC_PROTOTYPE
IN-POP-0284,Gujarat,Ahmedabad,Ahmedabad Settlement 0284,Ahmedabad,23.037129,72.55714,EPSG:4326,21391,11308,10083,5221,4049.4,3649,2288,Town,1272.6,1,1064.3,12287,POINT (72.557140 23.037129),SYNTHETIC_PROTOTYPE,SYNTHETIC_PROTOTYPE
IN-POP-0285,Gujarat,Surat,Surat Settlement 0285,Surat,21.195847,72.854438,EPSG:4326,72577,36820,35757,16526,28665.1,11181,8294,Town,581.6,1,717.2,30007,POINT (72.854438 21.195847),SYNTHETIC_PROTOTYPE,SYNTHETIC_PROTOTYPE
IN-POP-0286,Rajasthan,Jaipur,Jaipur Settlement 0286,Jaipur,26.892642,75.768728,EPSG:4326,53941,25770,28171,14113,8858.4,6477,4352,Urban Fringe,2450.5,0,80.0,3652,POINT (75.768728 26.892642),SYNTHETIC_PROTOTYPE,SYNTHETIC_PROTOTYPE
IN-POP-0287,Uttar Pradesh,Lucknow,Lucknow Settlement 0287,Lucknow,26.843775,80.974205,EPSG:4326,126220,61873,64347,26390,30907.7,19985,11678,Town,7692.5,0,513.4,7076,POINT (80.974205 26.843775),SYNTHETIC_PROTOTYPE,SYNTHETIC_PROTOTYPE
IN-POP-0288,Uttar Pradesh,Varanasi,Varanasi Settlement 0288,Varanasi,25.323623,82.970834,EPSG:4326,116379,59325,57054,30292,13393.6,20136,12077,Town,518.6,1,728.1,28650,POINT (82.970834 25.323623),SYNTHETIC_PROTOTYPE,SYNTHETIC_PROTOTYPE
IN-POP-0289,Bihar,Patna,Patna Settlement 0289,Patna,25.59844,85.128545,EPSG:4326,7694,3758,3936,1626,988.0,988,601,Village,7236.2,0,709.7,318,POINT (85.128545 25.598440),SYNTHETIC_PROTOTYPE,SYNTHETIC_PROTOTYPE
IN-POP-0290,West Bengal,Kolkata,Kolkata Settlement 0290,Kolkata,22.588446,88.360281,EPSG:4326,20266,10354,9912,5763,6465.5,4240,2490,Town,7556.0,0,431.3,604,POINT (88.360281 22.588446),SYNTHETIC_PROTOTYPE,SYNTHETIC_PROTOTYPE
IN-POP-0291,Assam,Guwahati,Guwahati Settlement 0291,Guwahati,26.144697,91.736211,EPSG:4326,7485,3741,3744,2007,5509.0,1419,751,Village,5159.9,0,740.5,302,POINT (91.736211 26.144697),SYNTHETIC_PROTOTYPE,SYNTHETIC_PROTOTYPE
IN-POP-0292,Odisha,Bhubaneswar,Bhubaneswar Settlement 0292,Bhubaneswar,20.304334,85.803272,EPSG:4326,6895,3315,3580,1402,2526.0,868,795,Urban Fringe,4022.0,0,399.4,29,POINT (85.803272 20.304334),SYNTHETIC_PROTOTYPE,SYNTHETIC_PROTOTYPE
IN-POP-0293,Jharkhand,Ranchi,Ranchi Settlement 0293,Ranchi,23.347084,85.339344,EPSG:4326,11696,5822,5874,2771,2094.4,2298,1006,Village,4597.2,0,517.7,106,POINT (85.339344 23.347084),SYNTHETIC_PROTOTYPE,SYNTHETIC_PROTOTYPE
IN-POP-0294,Madhya Pradesh,Bhopal,Bhopal Settlement 0294,Bhopal,23.27082,77.427148,EPSG:4326,18452,9045,9407,4547,2421.7,3874,2022,Village,1034.3,1,476.1,1267,POINT (77.427148 23.270820),SYNTHETIC_PROTOTYPE,SYNTHETIC_PROTOTYPE
IN-POP-0295,Madhya Pradesh,Indore,Indore Settlement 0295,Indore,22.702268,75.842094,EPSG:4326,120893,63892,57001,35587,23099.5,26333,14572,City,3425.8,0,990.8,1033,POINT (75.842094 22.702268),SYNTHETIC_PROTOTYPE,SYNTHETIC_PROTOTYPE
IN-POP-0296,Chhattisgarh,Raipur,Raipur Settlement 0296,Raipur,21.273576,81.606266,EPSG:4326,7598,3913,3685,1977,9638.0,1219,910,Village,1553.7,1,637.9,3475,POINT (81.606266 21.273576),SYNTHETIC_PROTOTYPE,SYNTHETIC_PROTOTYPE
IN-POP-0297,Telangana,Hyderabad,Hyderabad Settlement 0297,Hyderabad,17.360739,78.461221,EPSG:4326,23295,11141,12154,5502,3475.9,4123,2712,Village,1658.6,1,867.8,6254,POINT (78.461221 17.360739),SYNTHETIC_PROTOTYPE,SYNTHETIC_PROTOTYPE
IN-POP-0298,Karnataka,Bengaluru,Bengaluru Settlement 0298,Bengaluru,12.989891,77.621517,EPSG:4326,20709,10356,10353,4413,14197.8,2557,1469,Village,5557.0,0,1147.5,955,POINT (77.621517 12.989891),SYNTHETIC_PROTOTYPE,SYNTHETIC_PROTOTYPE
IN-POP-0299,Karnataka,Mysuru,Mysuru Settlement 0299,Mysuru,12.275451,76.651945,EPSG:4326,129349,68384,60965,38086,118446.0,20761,11138,Town,2075.4,0,949.0,4934,POINT (76.651945 12.275451),SYNTHETIC_PROTOTYPE,SYNTHETIC_PROTOTYPE
IN-POP-0300,Tamil Nadu,Chennai,Chennai Settlement 0300,Chennai,13.112272,80.299639,EPSG:4326,21297,10335,10962,4508,7959.0,3733,1579,Village,5217.2,0,896.8,491,POINT (80.299639 13.112272),SYNTHETIC_PROTOTYPE,SYNTHETIC_PROTOTYPE
IN-POP-0301,Tamil Nadu,Coimbatore,Coimbatore Settlement 0301,Coimbatore,11.005313,76.944357,EPSG:4326,13065,6645,6420,2795,1247.6,2318,1556,Village,4993.5,0,11.1,802,POINT (76.944357 11.005313),SYNTHETIC_PROTOTYPE,SYNTHETIC_PROTOTYPE
IN-POP-0302,Kerala,Kochi,Kochi Settlement 0302,Kochi,9.92894,76.274758,EPSG:4326,128733,68151,60582,38476,73621.7,17990,9212,Town,2104.6,0,961.4,4159,POINT (76.274758 9.928940),SYNTHETIC_PROTOTYPE,SYNTHETIC_PROTOTYPE
IN-POP-0303,Kerala,Thiruvananthapuram,Thiruvananthapuram Settlement 0303,Thiruvananthapuram,8.505804,76.919189,EPSG:4326,21124,10536,10588,5482,3684.0,4190,2637,Urban Fringe,4224.0,0,99.9,916,POINT (76.919189 8.505804),SYNTHETIC_PROTOTYPE,SYNTHETIC_PROTOTYPE
IN-POP-0304,Andhra Pradesh,Vijayawada,Vijayawada Settlement 0304,Vijayawada,16.535443,80.619444,EPSG:4326,105190,54591,50599,23181,10566.1,20815,7201,Town,6343.3,0,1150.5,565,POINT (80.619444 16.535443),SYNTHETIC_PROTOTYPE,SYNTHETIC_PROTOTYPE
IN-POP-0305,Andhra Pradesh,Visakhapatnam,Visakhapatnam Settlement 0305,Visakhapatnam,17.670241,83.211588,EPSG:4326,93517,44506,49011,22908,10508.2,17437,8047,Urban Fringe,1274.2,1,1131.9,18657,POINT (83.211588 17.670241),SYNTHETIC_PROTOTYPE,SYNTHETIC_PROTOTYPE
IN-POP-0306,Jammu and Kashmir,Srinagar,Srinagar Settlement 0306,Srinagar,34.094874,74.810105,EPSG:4326,122396,64077,58319,27565,14093.2,18119,11074,Urban Fringe,4673.9,0,756.4,8072,POINT (74.810105 34.094874),SYNTHETIC_PROTOTYPE,SYNTHETIC_PROTOTYPE
IN-POP-0307,Himachal Pradesh,Shimla,Shimla Settlement 0307,Shimla,31.124412,77.166441,EPSG:4326,133593,68695,64898,27210,23752.0,19903,9622,Urban Fringe,908.0,1,976.5,7306,POINT (77.166441 31.124412),SYNTHETIC_PROTOTYPE,SYNTHETIC_PROTOTYPE
IN-POP-0308,Uttarakhand,Dehradun,Dehradun Settlement 0308,Dehradun,30.320964,78.054735,EPSG:4326,127537,61326,66211,26160,13363.9,20044,8354,City,6020.3,0,621.6,3032,POINT (78.054735 30.320964),SYNTHETIC_PROTOTYPE,SYNTHETIC_PROTOTYPE
IN-POP-0309,Bihar,Gaya,Gaya Settlement 0309,Gaya,24.785256,84.97164,EPSG:4326,15645,7397,8248,3129,1818.3,3417,1564,Village,7739.4,0,61.3,147,POINT (84.971640 24.785256),SYNTHETIC_PROTOTYPE,SYNTHETIC_PROTOTYPE
IN-POP-0310,Uttar Pradesh,Agra,Agra Settlement 0310,Agra,27.156856,77.980203,EPSG:4326,117530,61863,55667,23785,20961.2,21559,10146,Urban Fringe,2034.9,0,102.4,7512,POINT (77.980203 27.156856),SYNTHETIC_PROTOTYPE,SYNTHETIC_PROTOTYPE
IN-POP-0311,Delhi,Delhi,Delhi Settlement 0311,Delhi,28.623574,77.218842,EPSG:4326,132410,65246,67164,33733,14578.6,22048,9066,Town,6815.5,0,1185.2,6755,POINT (77.218842 28.623574),SYNTHETIC_PROTOTYPE,SYNTHETIC_PROTOTYPE
IN-POP-0312,Maharashtra,Mumbai,Mumbai Settlement 0312,Mumbai,19.048471,72.864129,EPSG:4326,145303,73370,71933,34320,35532.3,22922,14171,Town,2259.9,0,565.8,11220,POINT (72.864129 19.048471),SYNTHETIC_PROTOTYPE,SYNTHETIC_PROTOTYPE
IN-POP-0313,Maharashtra,Pune,Pune Settlement 0313,Pune,18.518579,73.846188,EPSG:4326,499,255,244,123,52.4,61,51,Village,976.3,1,863.3,228,POINT (73.846188 18.518579),SYNTHETIC_PROTOTYPE,SYNTHETIC_PROTOTYPE
IN-POP-0314,Maharashtra,Nagpur,Nagpur Settlement 0314,Nagpur,21.170616,79.097389,EPSG:4326,124245,59224,65021,35107,177290.7,25519,12996,Urban Fringe,3245.7,0,69.6,5120,POINT (79.097389 21.170616),SYNTHETIC_PROTOTYPE,SYNTHETIC_PROTOTYPE
IN-POP-0315,Gujarat,Ahmedabad,Ahmedabad Settlement 0315,Ahmedabad,23.017577,72.59688,EPSG:4326,40852,21545,19307,11806,7176.9,7563,3928,Urban Fringe,533.8,1,252.9,22414,POINT (72.596880 23.017577),SYNTHETIC_PROTOTYPE,SYNTHETIC_PROTOTYPE
IN-POP-0316,Gujarat,Surat,Surat Settlement 0316,Surat,21.152231,72.807601,EPSG:4326,7589,3780,3809,1714,931.3,1230,730,Village,1146.7,1,900.4,5377,POINT (72.807601 21.152231),SYNTHETIC_PROTOTYPE,SYNTHETIC_PROTOTYPE
IN-POP-0317,Rajasthan,Jaipur,Jaipur Settlement 0317,Jaipur,26.916265,75.766625,EPSG:4326,11186,5878,5308,2375,1132.8,1450,682,Village,5672.0,0,372.7,389,POINT (75.766625 26.916265),SYNTHETIC_PROTOTYPE,SYNTHETIC_PROTOTYPE
IN-POP-0318,Uttar Pradesh,Lucknow,Lucknow Settlement 0318,Lucknow,26.850827,80.97265,EPSG:4326,21755,10845,10910,5154,2156.6,3150,1821,Village,7640.9,0,666.8,956,POINT (80.972650 26.850827),SYNTHETIC_PROTOTYPE,SYNTHETIC_PROTOTYPE
IN-POP-0319,Uttar Pradesh,Varanasi,Varanasi Settlement 0319,Varanasi,25.288901,82.967346,EPSG:4326,4819,2425,2394,1264,1155.9,915,482,Village,1265.1,1,1166.3,2724,POINT (82.967346 25.288901),SYNTHETIC_PROTOTYPE,SYNTHETIC_PROTOTYPE
IN-POP-0320,Bihar,Patna,Patna Settlement 0320,Patna,25.583055,85.161887,EPSG:4326,75962,37609,38353,15738,12524.8,9510,7585,Urban Fringe,6828.7,0,387.8,417,POINT (85.161887 25.583055),SYNTHETIC_PROTOTYPE,SYNTHETIC_PROTOTYPE
IN-POP-0321,West Bengal,Kolkata,Kolkata Settlement 0321,Kolkata,22.600574,88.352013,EPSG:4326,10759,5285,5474,2629,969.1,1424,1393,Village,2971.5,0,150.8,757,POINT (88.352013 22.600574),SYNTHETIC_PROTOTYPE,SYNTHETIC_PROTOTYPE
IN-POP-0322,Assam,Guwahati,Guwahati Settlement 0322,Guwahati,26.127274,91.723407,EPSG:4326,16170,8378,7792,4549,2460.0,2736,1706,Village,2534.8,0,845.9,314,POINT (91.723407 26.127274),SYNTHETIC_PROTOTYPE,SYNTHETIC_PROTOTYPE
IN-POP-0323,Odisha,Bhubaneswar,Bhubaneswar Settlement 0323,Bhubaneswar,20.292941,85.800605,EPSG:4326,16556,8615,7941,3919,1774.4,3640,1456,Village,827.0,1,510.5,1378,POINT (85.800605 20.292941),SYNTHETIC_PROTOTYPE,SYNTHETIC_PROTOTYPE
IN-POP-0324,Jharkhand,Ranchi,Ranchi Settlement 0324,Ranchi,23.371702,85.314263,EPSG:4326,53359,26119,27240,11336,5019.1,10466,3284,City,3557.1,0,498.7,791,POINT (85.314263 23.371702),SYNTHETIC_PROTOTYPE,SYNTHETIC_PROTOTYPE
IN-POP-0325,Madhya Pradesh,Bhopal,Bhopal Settlement 0325,Bhopal,23.241529,77.423683,EPSG:4326,68691,35199,33492,16137,29966.9,8441,4980,City,5866.7,0,985.5,5149,POINT (77.423683 23.241529),SYNTHETIC_PROTOTYPE,SYNTHETIC_PROTOTYPE
IN-POP-0326,Madhya Pradesh,Indore,Indore Settlement 0326,Indore,22.74094,75.839855,EPSG:4326,2494,1264,1230,523,2753.0,413,157,Village,869.4,1,1003.8,399,POINT (75.839855 22.740940),SYNTHETIC_PROTOTYPE,SYNTHETIC_PROTOTYPE
IN-POP-0327,Chhattisgarh,Raipur,Raipur Settlement 0327,Raipur,21.234372,81.642275,EPSG:4326,98668,51639,47029,20013,16505.9,13298,8045,City,1516.1,1,129.9,5182,POINT (81.642275 21.234372),SYNTHETIC_PROTOTYPE,SYNTHETIC_PROTOTYPE
IN-POP-0328,Telangana,Hyderabad,Hyderabad Settlement 0328,Hyderabad,17.359636,78.470583,EPSG:4326,131781,69672,62109,36288,43380.7,16254,7955,City,6863.2,0,97.2,7478,POINT (78.470583 17.359636),SYNTHETIC_PROTOTYPE,SYNTHETIC_PROTOTYPE
IN-POP-0329,Karnataka,Bengaluru,Bengaluru Settlement 0329,Bengaluru,12.944245,77.604802,EPSG:4326,70086,33480,36606,15526,59911.1,10898,8540,City,7384.4,0,233.9,4100,POINT (77.604802 12.944245),SYNTHETIC_PROTOTYPE,SYNTHETIC_PROTOTYPE
IN-POP-0330,Karnataka,Mysuru,Mysuru Settlement 0330,Mysuru,12.315074,76.661072,EPSG:4326,1539,804,735,479,136.7,297,94,Village,5543.8,0,5.5,31,POINT (76.661072 12.315074),SYNTHETIC_PROTOTYPE,SYNTHETIC_PROTOTYPE
IN-POP-0331,Tamil Nadu,Chennai,Chennai Settlement 0331,Chennai,13.068591,80.291727,EPSG:4326,3382,1597,1785,869,554.1,585,349,Village,6338.1,0,1115.2,188,POINT (80.291727 13.068591),SYNTHETIC_PROTOTYPE,SYNTHETIC_PROTOTYPE
IN-POP-0332,Tamil Nadu,Coimbatore,Coimbatore Settlement 0332,Coimbatore,11.03006,76.946636,EPSG:4326,7495,3676,3819,1966,786.6,1516,606,Village,2118.6,0,195.5,463,POINT (76.946636 11.030060),SYNTHETIC_PROTOTYPE,SYNTHETIC_PROTOTYPE
IN-POP-0333,Kerala,Kochi,Kochi Settlement 0333,Kochi,9.945007,76.252596,EPSG:4326,19823,9382,10441,4934,2651.4,3221,1770,Village,5314.2,0,794.2,25,POINT (76.252596 9.945007),SYNTHETIC_PROTOTYPE,SYNTHETIC_PROTOTYPE
IN-POP-0334,Kerala,Thiruvananthapuram,Thiruvananthapuram Settlement 0334,Thiruvananthapuram,8.514381,76.937658,EPSG:4326,1052,541,511,327,374.4,176,94,Village,2875.2,0,544.1,72,POINT (76.937658 8.514381),SYNTHETIC_PROTOTYPE,SYNTHETIC_PROTOTYPE
IN-POP-0335,Andhra Pradesh,Vijayawada,Vijayawada Settlement 0335,Vijayawada,16.485816,80.657569,EPSG:4326,116973,56354,60619,35534,118199.1,24619,12914,Town,3111.3,0,368.2,7577,POINT (80.657569 16.485816),SYNTHETIC_PROTOTYPE,SYNTHETIC_PROTOTYPE
IN-POP-0336,Andhra Pradesh,Visakhapatnam,Visakhapatnam Settlement 0336,Visakhapatnam,17.66268,83.203689,EPSG:4326,94348,47008,47340,19676,11249.9,15550,11707,City,6340.9,0,417.9,1933,POINT (83.203689 17.662680),SYNTHETIC_PROTOTYPE,SYNTHETIC_PROTOTYPE
IN-POP-0337,Jammu and Kashmir,Srinagar,Srinagar Settlement 0337,Srinagar,34.092895,74.819031,EPSG:4326,11390,5513,5877,2706,1670.8,2466,1414,Village,2157.7,0,8.9,591,POINT (74.819031 34.092895),SYNTHETIC_PROTOTYPE,SYNTHETIC_PROTOTYPE
IN-POP-0338,Himachal Pradesh,Shimla,Shimla Settlement 0338,Shimla,31.093896,77.16582,EPSG:4326,76048,37000,39048,15589,58026.6,9809,5036,Town,6533.2,0,1147.3,1005,POINT (77.165820 31.093896),SYNTHETIC_PROTOTYPE,SYNTHETIC_PROTOTYPE
IN-POP-0339,Uttarakhand,Dehradun,Dehradun Settlement 0339,Dehradun,30.294316,78.008776,EPSG:4326,129679,64067,65612,39914,11658.3,20371,9090,City,6177.6,0,999.1,3193,POINT (78.008776 30.294316),SYNTHETIC_PROTOTYPE,SYNTHETIC_PROTOTYPE
IN-POP-0340,Bihar,Gaya,Gaya Settlement 0340,Gaya,24.818402,85.013716,EPSG:4326,107992,53691,54301,25939,13350.0,14303,7987,Urban Fringe,5036.4,0,47.9,3992,POINT (85.013716 24.818402),SYNTHETIC_PROTOTYPE,SYNTHETIC_PROTOTYPE
IN-POP-0341,Uttar Pradesh,Agra,Agra Settlement 0341,Agra,27.200335,77.997135,EPSG:4326,466,228,238,126,141.2,72,42,Village,1823.5,0,185.1,25,POINT (77.997135 27.200335),SYNTHETIC_PROTOTYPE,SYNTHETIC_PROTOTYPE
IN-POP-0342,Delhi,Delhi,Delhi Settlement 0342,Delhi,28.589499,77.182828,EPSG:4326,4113,2072,2041,1131,359.2,672,269,Village,2837.5,0,746.3,174,POINT (77.182828 28.589499),SYNTHETIC_PROTOTYPE,SYNTHETIC_PROTOTYPE
IN-POP-0343,Maharashtra,Mumbai,Mumbai Settlement 0343,Mumbai,19.073394,72.900646,EPSG:4326,33129,15753,17376,9761,2926.4,6913,4188,Town,847.6,1,675.2,9823,POINT (72.900646 19.073394),SYNTHETIC_PROTOTYPE,SYNTHETIC_PROTOTYPE
IN-POP-0344,Maharashtra,Pune,Pune Settlement 0344,Pune,18.512205,73.843301,EPSG:4326,47163,22361,24802,10580,39750.2,7215,4558,Town,1644.1,1,1031.1,2676,POINT (73.843301 18.512205),SYNTHETIC_PROTOTYPE,SYNTHETIC_PROTOTYPE
IN-POP-0345,Maharashtra,Nagpur,Nagpur Settlement 0345,Nagpur,21.153562,79.070922,EPSG:4326,31690,15858,15832,6818,7550.9,5155,2384,Town,5885.4,0,602.1,2331,POINT (79.070922 21.153562),SYNTHETIC_PROTOTYPE,SYNTHETIC_PROTOTYPE
IN-POP-0346,Gujarat,Ahmedabad,Ahmedabad Settlement 0346,Ahmedabad,23.020185,72.555278,EPSG:4326,80100,37829,42271,21699,6732.7,12580,5687,Town,3441.0,0,340.7,811,POINT (72.555278 23.020185),SYNTHETIC_PROTOTYPE,SYNTHETIC_PROTOTYPE
IN-POP-0347,Gujarat,Surat,Surat Settlement 0347,Surat,21.188573,72.838012,EPSG:4326,19873,9364,10509,5464,4518.6,3012,1718,Town,5837.4,0,562.5,1327,POINT (72.838012 21.188573),SYNTHETIC_PROTOTYPE,SYNTHETIC_PROTOTYPE
IN-POP-0348,Rajasthan,Jaipur,Jaipur Settlement 0348,Jaipur,26.920434,75.793619,EPSG:4326,37403,18018,19385,8505,3988.6,5836,4671,City,3784.5,0,428.4,1372,POINT (75.793619 26.920434),SYNTHETIC_PROTOTYPE,SYNTHETIC_PROTOTYPE
IN-POP-0349,Uttar Pradesh,Lucknow,Lucknow Settlement 0349,Lucknow,26.830316,80.959997,EPSG:4326,130383,64245,66138,40266,23892.0,19570,15820,Town,7328.7,0,1139.8,3033,POINT (80.959997 26.830316),SYNTHETIC_PROTOTYPE,SYNTHETIC_PROTOTYPE
IN-POP-0350,Uttar Pradesh,Varanasi,Varanasi Settlement 0350,Varanasi,25.344918,82.964424,EPSG:4326,86894,45633,41261,19946,13235.9,11053,10077,Urban Fringe,3586.0,0,242.7,4569,POINT (82.964424 25.344918),SYNTHETIC_PROTOTYPE,SYNTHETIC_PROTOTYPE
IN-POP-0351,Bihar,Patna,Patna Settlement 0351,Patna,25.607606,85.155246,EPSG:4326,23494,11896,11598,5298,3055.2,3000,1990,City,5391.9,0,460.9,1720,POINT (85.155246 25.607606),SYNTHETIC_PROTOTYPE,SYNTHETIC_PROTOTYPE
IN-POP-0352,West Bengal,Kolkata,Kolkata Settlement 0352,Kolkata,22.555583,88.3809,EPSG:4326,23959,12007,11952,6805,2160.6,3468,1751,Village,3731.1,0,81.1,817,POINT (88.380900 22.555583),SYNTHETIC_PROTOTYPE,SYNTHETIC_PROTOTYPE
IN-POP-0353,Assam,Guwahati,Guwahati Settlement 0353,Guwahati,26.156595,91.757464,EPSG:4326,7611,3776,3835,2219,10293.7,1119,976,Village,52.5,1,934.7,1410,POINT (91.757464 26.156595),SYNTHETIC_PROTOTYPE,SYNTHETIC_PROTOTYPE
IN-POP-0354,Odisha,Bhubaneswar,Bhubaneswar Settlement 0354,Bhubaneswar,20.314116,85.801836,EPSG:4326,9897,4799,5098,2079,2436.6,1919,1163,Village,5875.8,0,600.9,203,POINT (85.801836 20.314116),SYNTHETIC_PROTOTYPE,SYNTHETIC_PROTOTYPE
IN-POP-0355,Jharkhand,Ranchi,Ranchi Settlement 0355,Ranchi,23.325713,85.321995,EPSG:4326,4544,2305,2239,1259,894.3,708,287,Village,4875.9,0,822.9,218,POINT (85.321995 23.325713),SYNTHETIC_PROTOTYPE,SYNTHETIC_PROTOTYPE
IN-POP-0356,Madhya Pradesh,Bhopal,Bhopal Settlement 0356,Bhopal,23.236122,77.410875,EPSG:4326,8396,4398,3998,1896,761.1,1391,1003,Village,7438.1,0,212.7,455,POINT (77.410875 23.236122),SYNTHETIC_PROTOTYPE,SYNTHETIC_PROTOTYPE
IN-POP-0357,Madhya Pradesh,Indore,Indore Settlement 0357,Indore,22.730819,75.835547,EPSG:4326,21436,11356,10080,4901,3145.2,4628,2522,Village,2417.0,0,119.6,876,POINT (75.835547 22.730819),SYNTHETIC_PROTOTYPE,SYNTHETIC_PROTOTYPE
IN-POP-0358,Chhattisgarh,Raipur,Raipur Settlement 0358,Raipur,21.230045,81.644113,EPSG:4326,68549,35910,32639,18389,7811.4,10832,4415,Town,5429.9,0,31.6,3898,POINT (81.644113 21.230045),SYNTHETIC_PROTOTYPE,SYNTHETIC_PROTOTYPE
IN-POP-0359,Telangana,Hyderabad,Hyderabad Settlement 0359,Hyderabad,17.392009,78.488501,EPSG:4326,67043,33997,33046,15440,62478.5,9217,8573,Urban Fringe,6254.7,0,1176.9,1857,POINT (78.488501 17.392009),SYNTHETIC_PROTOTYPE,SYNTHETIC_PROTOTYPE
IN-POP-0360,Karnataka,Bengaluru,Bengaluru Settlement 0360,Bengaluru,12.994893,77.569179,EPSG:4326,73456,36684,36772,15279,10472.3,9785,4471,Town,371.7,1,118.9,48679,POINT (77.569179 12.994893),SYNTHETIC_PROTOTYPE,SYNTHETIC_PROTOTYPE
IN-POP-0361,Karnataka,Mysuru,Mysuru Settlement 0361,Mysuru,12.286707,76.656912,EPSG:4326,52528,26084,26444,12865,7831.9,6738,4211,Town,3697.1,0,90.6,496,POINT (76.656912 12.286707),SYNTHETIC_PROTOTYPE,SYNTHETIC_PROTOTYPE
IN-POP-0362,Tamil Nadu,Chennai,Chennai Settlement 0362,Chennai,13.083506,80.253502,EPSG:4326,20486,9978,10508,4349,19942.4,3585,1854,Village,3889.6,0,502.7,57,POINT (80.253502 13.083506),SYNTHETIC_PROTOTYPE,SYNTHETIC_PROTOTYPE
IN-POP-0363,Tamil Nadu,Coimbatore,Coimbatore Settlement 0363,Coimbatore,11.01746,76.975701,EPSG:4326,64774,31945,32829,16512,6758.9,12960,3922,Town,5187.2,0,1028.1,2681,POINT (76.975701 11.017460),SYNTHETIC_PROTOTYPE,SYNTHETIC_PROTOTYPE
IN-POP-0364,Kerala,Kochi,Kochi Settlement 0364,Kochi,9.90944,76.294015,EPSG:4326,13417,6508,6909,3153,5480.8,2856,1146,Village,2985.2,0,380.1,100,POINT (76.294015 9.909440),SYNTHETIC_PROTOTYPE,SYNTHETIC_PROTOTYPE
IN-POP-0365,Kerala,Thiruvananthapuram,Thiruvananthapuram Settlement 0365,Thiruvananthapuram,8.499659,76.917165,EPSG:4326,6628,3391,3237,1923,2098.4,1284,859,Village,3948.3,0,962.7,199,POINT (76.917165 8.499659),SYNTHETIC_PROTOTYPE,SYNTHETIC_PROTOTYPE
IN-POP-0366,Andhra Pradesh,Vijayawada,Vijayawada Settlement 0366,Vijayawada,16.495648,80.624646,EPSG:4326,13740,6624,7116,2823,1231.7,1791,1510,Village,5778.5,0,718.2,915,POINT (80.624646 16.495648),SYNTHETIC_PROTOTYPE,SYNTHETIC_PROTOTYPE
IN-POP-0367,Andhra Pradesh,Visakhapatnam,Visakhapatnam Settlement 0367,Visakhapatnam,17.66818,83.209222,EPSG:4326,110779,58208,52571,25676,115655.4,15354,12399,Town,5491.3,0,122.4,2835,POINT (83.209222 17.668180),SYNTHETIC_PROTOTYPE,SYNTHETIC_PROTOTYPE
IN-POP-0368,Jammu and Kashmir,Srinagar,Srinagar Settlement 0368,Srinagar,34.07865,74.797032,EPSG:4326,1432,741,691,355,143.6,306,90,Village,1345.3,1,1164.9,271,POINT (74.797032 34.078650),SYNTHETIC_PROTOTYPE,SYNTHETIC_PROTOTYPE
IN-POP-0369,Himachal Pradesh,Shimla,Shimla Settlement 0369,Shimla,31.118827,77.148057,EPSG:4326,119457,58826,60631,37313,30180.2,22632,13891,Town,6739.6,0,1168.7,632,POINT (77.148057 31.118827),SYNTHETIC_PROTOTYPE,SYNTHETIC_PROTOTYPE
IN-POP-0370,Uttarakhand,Dehradun,Dehradun Settlement 0370,Dehradun,30.295331,78.04632,EPSG:4326,10803,5619,5184,2537,1737.2,2109,1009,Village,665.5,1,1115.2,5614,POINT (78.046320 30.295331),SYNTHETIC_PROTOTYPE,SYNTHETIC_PROTOTYPE
IN-POP-0371,Bihar,Gaya,Gaya Settlement 0371,Gaya,24.79521,85.002145,EPSG:4326,21256,10431,10825,4289,2834.7,2574,1896,Urban Fringe,2932.6,0,199.3,1141,POINT (85.002145 24.795210),SYNTHETIC_PROTOTYPE,SYNTHETIC_PROTOTYPE
IN-POP-0372,Uttar Pradesh,Agra,Agra Settlement 0372,Agra,27.206365,77.98932,EPSG:4326,2898,1405,1493,830,980.2,371,290,Village,3281.5,0,343.9,184,POINT (77.989320 27.206365),SYNTHETIC_PROTOTYPE,SYNTHETIC_PROTOTYPE
IN-POP-0373,Delhi,Delhi,Delhi Settlement 0373,Delhi,28.619258,77.228003,EPSG:4326,12486,5988,6498,3119,1280.1,2671,864,Town,3398.5,0,765.9,595,POINT (77.228003 28.619258),SYNTHETIC_PROTOTYPE,SYNTHETIC_PROTOTYPE
IN-POP-0374,Maharashtra,Mumbai,Mumbai Settlement 0374,Mumbai,19.102834,72.900404,EPSG:4326,15864,8201,7663,3506,5249.7,2616,1563,Village,2750.2,0,164.2,972,POINT (72.900404 19.102834),SYNTHETIC_PROTOTYPE,SYNTHETIC_PROTOTYPE
IN-POP-0375,Maharashtra,Pune,Pune Settlement 0375,Pune,18.542977,73.838864,EPSG:4326,4595,2387,2208,1319,490.1,642,500,Village,7715.1,0,566.6,264,POINT (73.838864 18.542977),SYNTHETIC_PROTOTYPE,SYNTHETIC_PROTOTYPE
IN-POP-0376,Maharashtra,Nagpur,Nagpur Settlement 0376,Nagpur,21.154825,79.086231,EPSG:4326,142164,73527,68637,41867,13858.0,24286,11379,Urban Fringe,6420.4,0,1199.9,11143,POINT (79.086231 21.154825),SYNTHETIC_PROTOTYPE,SYNTHETIC_PROTOTYPE
IN-POP-0377,Gujarat,Ahmedabad,Ahmedabad Settlement 0377,Ahmedabad,23.051365,72.566873,EPSG:4326,80704,38804,41900,19754,9200.3,12523,9415,Urban Fringe,1568.1,1,392.8,32933,POINT (72.566873 23.051365),SYNTHETIC_PROTOTYPE,SYNTHETIC_PROTOTYPE
IN-POP-0378,Gujarat,Surat,Surat Settlement 0378,Surat,21.175341,72.840766,EPSG:4326,9761,5027,4734,2363,1554.6,1395,1250,Village,671.8,1,776.8,3262,POINT (72.840766 21.175341),SYNTHETIC_PROTOTYPE,SYNTHETIC_PROTOTYPE
IN-POP-0379,Rajasthan,Jaipur,Jaipur Settlement 0379,Jaipur,26.902659,75.814149,EPSG:4326,88974,43805,45169,24072,13744.2,18239,7743,City,945.3,1,985.7,21180,POINT (75.814149 26.902659),SYNTHETIC_PROTOTYPE,SYNTHETIC_PROTOTYPE
IN-POP-0380,Uttar Pradesh,Lucknow,Lucknow Settlement 0380,Lucknow,26.866931,80.944037,EPSG:4326,7353,3633,3720,2179,1131.3,912,815,Village,2938.0,0,790.0,59,POINT (80.944037 26.866931),SYNTHETIC_PROTOTYPE,SYNTHETIC_PROTOTYPE
IN-POP-0381,Uttar Pradesh,Varanasi,Varanasi Settlement 0381,Varanasi,25.304322,82.972987,EPSG:4326,8882,4686,4196,2244,790.3,1689,620,Village,323.3,1,23.4,5116,POINT (82.972987 25.304322),SYNTHETIC_PROTOTYPE,SYNTHETIC_PROTOTYPE
IN-POP-0382,Bihar,Patna,Patna Settlement 0382,Patna,25.606064,85.116853,EPSG:4326,13674,6851,6823,3397,1579.4,2780,1758,Village,7907.1,0,620.3,670,POINT (85.116853 25.606064),SYNTHETIC_PROTOTYPE,SYNTHETIC_PROTOTYPE
IN-POP-0383,West Bengal,Kolkata,Kolkata Settlement 0383,Kolkata,22.579549,88.33688,EPSG:4326,131094,67370,63724,38936,28679.6,16808,10903,Urban Fringe,3717.4,0,967.3,7581,POINT (88.336880 22.579549),SYNTHETIC_PROTOTYPE,SYNTHETIC_PROTOTYPE
IN-POP-0384,Assam,Guwahati,Guwahati Settlement 0384,Guwahati,26.123839,91.74416,EPSG:4326,8403,4057,4346,1981,1409.8,1548,662,Village,1419.9,1,1050.4,5949,POINT (91.744160 26.123839),SYNTHETIC_PROTOTYPE,SYNTHETIC_PROTOTYPE
IN-POP-0385,Odisha,Bhubaneswar,Bhubaneswar Settlement 0385,Bhubaneswar,20.315789,85.827114,EPSG:4326,77403,37479,39924,16619,19879.7,11300,9265,Town,3632.3,0,947.6,2657,POINT (85.827114 20.315789),SYNTHETIC_PROTOTYPE,SYNTHETIC_PROTOTYPE
IN-POP-0386,Jharkhand,Ranchi,Ranchi Settlement 0386,Ranchi,23.325769,85.306474,EPSG:4326,70636,35187,35449,14293,8128.1,13538,4865,City,3889.0,0,671.6,1895,POINT (85.306474 23.325769),SYNTHETIC_PROTOTYPE,SYNTHETIC_PROTOTYPE
IN-POP-0387,Madhya Pradesh,Bhopal,Bhopal Settlement 0387,Bhopal,23.270507,77.405596,EPSG:4326,90337,43580,46757,23405,14972.3,16600,11315,Town,5108.9,0,374.6,3858,POINT (77.405596 23.270507),SYNTHETIC_PROTOTYPE,SYNTHETIC_PROTOTYPE
IN-POP-0388,Madhya Pradesh,Indore,Indore Settlement 0388,Indore,22.71714,75.854754,EPSG:4326,120648,57021,63627,24347,14752.8,21476,14611,City,6632.6,0,207.4,9632,POINT (75.854754 22.717140),SYNTHETIC_PROTOTYPE,SYNTHETIC_PROTOTYPE
IN-POP-0389,Chhattisgarh,Raipur,Raipur Settlement 0389,Raipur,21.235708,81.606228,EPSG:4326,9495,4958,4537,2839,2524.1,2043,1070,Village,7724.4,0,517.9,86,POINT (81.606228 21.235708),SYNTHETIC_PROTOTYPE,SYNTHETIC_PROTOTYPE
IN-POP-0390,Telangana,Hyderabad,Hyderabad Settlement 0390,Hyderabad,17.396875,78.497907,EPSG:4326,66545,34181,32364,16312,6356.3,11793,7473,City,7155.3,0,1158.6,357,POINT (78.497907 17.396875),SYNTHETIC_PROTOTYPE,SYNTHETIC_PROTOTYPE
IN-POP-0391,Karnataka,Bengaluru,Bengaluru Settlement 0391,Bengaluru,12.943506,77.587262,EPSG:4326,23279,12086,11193,5638,6368.3,5050,1570,City,4426.0,0,1044.2,264,POINT (77.587262 12.943506),SYNTHETIC_PROTOTYPE,SYNTHETIC_PROTOTYPE
IN-POP-0392,Karnataka,Mysuru,Mysuru Settlement 0392,Mysuru,12.295551,76.612911,EPSG:4326,62360,29589,32771,13160,9412.1,12630,8087,City,3273.0,0,43.4,149,POINT (76.612911 12.295551),SYNTHETIC_PROTOTYPE,SYNTHETIC_PROTOTYPE
IN-POP-0393,Tamil Nadu,Chennai,Chennai Settlement 0393,Chennai,13.075444,80.244196,EPSG:4326,5781,2850,2931,1185,11348.2,1063,456,Urban Fringe,7168.5,0,741.6,403,POINT (80.244196 13.075444),SYNTHETIC_PROTOTYPE,SYNTHETIC_PROTOTYPE
IN-POP-0394,Tamil Nadu,Coimbatore,Coimbatore Settlement 0394,Coimbatore,11.01814,76.948603,EPSG:4326,9431,4543,4888,2730,1150.3,1174,944,Village,7119.7,0,845.2,81,POINT (76.948603 11.018140),SYNTHETIC_PROTOTYPE,SYNTHETIC_PROTOTYPE
IN-POP-0395,Kerala,Kochi,Kochi Settlement 0395,Kochi,9.93901,76.262564,EPSG:4326,91928,43215,48713,20779,9274.1,14461,11922,City,2256.3,0,750.6,2805,POINT (76.262564 9.939010),SYNTHETIC_PROTOTYPE,SYNTHETIC_PROTOTYPE
IN-POP-0396,Kerala,Thiruvananthapuram,Thiruvananthapuram Settlement 0396,Thiruvananthapuram,8.518799,76.949978,EPSG:4326,6324,3178,3146,1679,758.2,1043,559,Village,1676.1,1,536.1,484,POINT (76.949978 8.518799),SYNTHETIC_PROTOTYPE,SYNTHETIC_PROTOTYPE
IN-POP-0397,Andhra Pradesh,Vijayawada,Vijayawada Settlement 0397,Vijayawada,16.4793,80.677333,EPSG:4326,23767,11633,12134,6277,3381.4,5103,1808,Village,2932.5,0,486.4,1769,POINT (80.677333 16.479300),SYNTHETIC_PROTOTYPE,SYNTHETIC_PROTOTYPE
IN-POP-0398,Andhra Pradesh,Visakhapatnam,Visakhapatnam Settlement 0398,Visakhapatnam,17.701845,83.208064,EPSG:4326,104953,50541,54412,24218,18641.8,17112,12892,Town,3924.1,0,426.1,4517,POINT (83.208064 17.701845),SYNTHETIC_PROTOTYPE,SYNTHETIC_PROTOTYPE
IN-POP-0399,Jammu and Kashmir,Srinagar,Srinagar Settlement 0399,Srinagar,34.05547,74.803144,EPSG:4326,149153,70232,78921,43483,85479.8,27787,16585,Town,5682.9,0,251.0,11761,POINT (74.803144 34.055470),SYNTHETIC_PROTOTYPE,SYNTHETIC_PROTOTYPE
IN-POP-0400,Himachal Pradesh,Shimla,Shimla Settlement 0400,Shimla,31.092287,77.163955,EPSG:4326,50692,23962,26730,11712,8821.9,7766,6479,Town,2964.2,0,887.4,487,POINT (77.163955 31.092287),SYNTHETIC_PROTOTYPE,SYNTHETIC_PROTOTYPE
IN-POP-0401,Uttarakhand,Dehradun,Dehradun Settlement 0401,Dehradun,30.3417,78.05038,EPSG:4326,147247,74346,72901,30287,116829.6,21707,17148,Urban Fringe,936.8,1,427.2,52599,POINT (78.050380 30.341700),SYNTHETIC_PROTOTYPE,SYNTHETIC_PROTOTYPE
IN-POP-0402,Bihar,Gaya,Gaya Settlement 0402,Gaya,24.80499,84.974417,EPSG:4326,129528,62854,66674,28099,33425.5,23195,12433,City,2452.4,0,381.7,2117,POINT (84.974417 24.804990),SYNTHETIC_PROTOTYPE,SYNTHETIC_PROTOTYPE
IN-POP-0403,Uttar Pradesh,Agra,Agra Settlement 0403,Agra,27.175503,78.013995,EPSG:4326,725,348,377,147,110.8,148,66,Village,6669.3,0,510.0,45,POINT (78.013995 27.175503),SYNTHETIC_PROTOTYPE,SYNTHETIC_PROTOTYPE
IN-POP-0404,Delhi,Delhi,Delhi Settlement 0404,Delhi,28.627185,77.180007,EPSG:4326,13028,6238,6790,2815,1366.2,2455,1467,Village,2095.4,0,1092.4,741,POINT (77.180007 28.627185),SYNTHETIC_PROTOTYPE,SYNTHETIC_PROTOTYPE
IN-POP-0405,Maharashtra,Mumbai,Mumbai Settlement 0405,Mumbai,19.078853,72.866874,EPSG:4326,18348,9645,8703,3848,12824.6,2739,2358,Town,1258.2,1,266.3,8917,POINT (72.866874 19.078853),SYNTHETIC_PROTOTYPE,SYNTHETIC_PROTOTYPE
IN-POP-0406,Maharashtra,Pune,Pune Settlement 0406,Pune,18.508413,73.832314,EPSG:4326,55249,27184,28065,11056,20893.8,9241,5447,City,2153.6,0,1107.5,4052,POINT (73.832314 18.508413),SYNTHETIC_PROTOTYPE,SYNTHETIC_PROTOTYPE
IN-POP-0407,Maharashtra,Nagpur,Nagpur Settlement 0407,Nagpur,21.162908,79.065429,EPSG:4326,6653,3497,3156,1576,1121.5,1245,855,Village,1797.1,1,864.1,662,POINT (79.065429 21.162908),SYNTHETIC_PROTOTYPE,SYNTHETIC_PROTOTYPE
IN-POP-0408,Gujarat,Ahmedabad,Ahmedabad Settlement 0408,Ahmedabad,23.016751,72.589325,EPSG:4326,46953,24098,22855,12133,11262.0,10238,3696,Town,7472.2,0,262.8,1201,POINT (72.589325 23.016751),SYNTHETIC_PROTOTYPE,SYNTHETIC_PROTOTYPE
IN-POP-0409,Gujarat,Surat,Surat Settlement 0409,Surat,21.183824,72.805876,EPSG:4326,13001,6618,6383,2772,3358.2,2520,1455,Village,5888.9,0,1141.5,349,POINT (72.805876 21.183824),SYNTHETIC_PROTOTYPE,SYNTHETIC_PROTOTYPE
IN-POP-0410,Rajasthan,Jaipur,Jaipur Settlement 0410,Jaipur,26.940996,75.775064,EPSG:4326,20347,10530,9817,4505,1972.6,3496,1833,Village,6243.7,0,987.6,1032,POINT (75.775064 26.940996),SYNTHETIC_PROTOTYPE,SYNTHETIC_PROTOTYPE
IN-POP-0411,Uttar Pradesh,Lucknow,Lucknow Settlement 0411,Lucknow,26.864101,80.951849,EPSG:4326,8075,4236,3839,1945,5611.3,1247,614,Urban Fringe,2341.2,0,485.5,433,POINT (80.951849 26.864101),SYNTHETIC_PROTOTYPE,SYNTHETIC_PROTOTYPE
IN-POP-0412,Uttar Pradesh,Varanasi,Varanasi Settlement 0412,Varanasi,25.287759,83.000527,EPSG:4326,20650,10094,10556,4835,4678.7,3458,1312,Village,4645.3,0,109.3,327,POINT (83.000527 25.287759),SYNTHETIC_PROTOTYPE,SYNTHETIC_PROTOTYPE
IN-POP-0413,Bihar,Patna,Patna Settlement 0413,Patna,25.564825,85.117839,EPSG:4326,146350,70692,75658,30744,56628.1,28620,16144,Town,4179.1,0,53.4,3884,POINT (85.117839 25.564825),SYNTHETIC_PROTOTYPE,SYNTHETIC_PROTOTYPE
IN-POP-0414,West Bengal,Kolkata,Kolkata Settlement 0414,Kolkata,22.566257,88.370587,EPSG:4326,93099,49260,43839,21322,35621.6,17259,7952,Town,5703.4,0,973.2,2835,POINT (88.370587 22.566257),SYNTHETIC_PROTOTYPE,SYNTHETIC_PROTOTYPE
IN-POP-0415,Assam,Guwahati,Guwahati Settlement 0415,Guwahati,26.140943,91.738488,EPSG:4326,26419,12873,13546,6231,5474.9,4244,3205,Town,6949.7,0,1044.7,127,POINT (91.738488 26.140943),SYNTHETIC_PROTOTYPE,SYNTHETIC_PROTOTYPE
IN-POP-0416,Odisha,Bhubaneswar,Bhubaneswar Settlement 0416,Bhubaneswar,20.323423,85.844104,EPSG:4326,11617,5520,6097,2894,8360.3,2109,849,Village,959.9,1,124.0,6362,POINT (85.844104 20.323423),SYNTHETIC_PROTOTYPE,SYNTHETIC_PROTOTYPE
IN-POP-0417,Jharkhand,Ranchi,Ranchi Settlement 0417,Ranchi,23.346155,85.286134,EPSG:4326,72492,34459,38033,14502,12282.5,14467,5268,City,7383.9,0,691.1,2008,POINT (85.286134 23.346155),SYNTHETIC_PROTOTYPE,SYNTHETIC_PROTOTYPE
IN-POP-0418,Madhya Pradesh,Bhopal,Bhopal Settlement 0418,Bhopal,23.250029,77.41692,EPSG:4326,12492,6241,6251,2842,4541.5,2155,868,Village,7357.9,0,153.5,768,POINT (77.416920 23.250029),SYNTHETIC_PROTOTYPE,SYNTHETIC_PROTOTYPE
IN-POP-0419,Madhya Pradesh,Indore,Indore Settlement 0419,Indore,22.711161,75.846273,EPSG:4326,146783,70765,76018,40559,14553.6,27266,16601,City,3908.9,0,528.9,704,POINT (75.846273 22.711161),SYNTHETIC_PROTOTYPE,SYNTHETIC_PROTOTYPE
IN-POP-0420,Chhattisgarh,Raipur,Raipur Settlement 0420,Raipur,21.221766,81.601176,EPSG:4326,11892,5989,5903,2572,2872.8,2434,941,Village,2620.1,0,777.8,382,POINT (81.601176 21.221766),SYNTHETIC_PROTOTYPE,SYNTHETIC_PROTOTYPE
IN-POP-0421,Telangana,Hyderabad,Hyderabad Settlement 0421,Hyderabad,17.393676,78.500264,EPSG:4326,22030,10796,11234,6195,2760.4,2724,2132,Village,7978.4,0,937.6,333,POINT (78.500264 17.393676),SYNTHETIC_PROTOTYPE,SYNTHETIC_PROTOTYPE
IN-POP-0422,Karnataka,Bengaluru,Bengaluru Settlement 0422,Bengaluru,12.983769,77.585597,EPSG:4326,71697,35072,36625,14621,10087.4,13405,8220,Urban Fringe,1806.1,0,1132.6,1670,POINT (77.585597 12.983769),SYNTHETIC_PROTOTYPE,SYNTHETIC_PROTOTYPE
IN-POP-0423,Karnataka,Mysuru,Mysuru Settlement 0423,Mysuru,12.306526,76.654711,EPSG:4326,7080,3719,3361,1601,1827.8,1413,751,Village,4317.0,0,335.1,244,POINT (76.654711 12.306526),SYNTHETIC_PROTOTYPE,SYNTHETIC_PROTOTYPE
IN-POP-0424,Tamil Nadu,Chennai,Chennai Settlement 0424,Chennai,13.053449,80.29712,EPSG:4326,41186,21665,19521,9568,33356.8,7877,3714,Urban Fringe,7080.2,0,803.5,608,POINT (80.297120 13.053449),SYNTHETIC_PROTOTYPE,SYNTHETIC_PROTOTYPE
IN-POP-0425,Tamil Nadu,Coimbatore,Coimbatore Settlement 0425,Coimbatore,11.027912,76.929913,EPSG:4326,20597,10135,10462,4777,3821.4,4045,2008,Village,608.8,1,12.5,11055,POINT (76.929913 11.027912),SYNTHETIC_PROTOTYPE,SYNTHETIC_PROTOTYPE
IN-POP-0426,Kerala,Kochi,Kochi Settlement 0426,Kochi,9.939893,76.238764,EPSG:4326,42689,22333,20356,9911,79893.0,5790,2708,Town,6203.6,0,77.8,2219,POINT (76.238764 9.939893),SYNTHETIC_PROTOTYPE,SYNTHETIC_PROTOTYPE
IN-POP-0427,Kerala,Thiruvananthapuram,Thiruvananthapuram Settlement 0427,Thiruvananthapuram,8.530586,76.919854,EPSG:4326,6043,2900,3143,1562,584.5,750,776,Village,5556.0,0,522.5,102,POINT (76.919854 8.530586),SYNTHETIC_PROTOTYPE,SYNTHETIC_PROTOTYPE
IN-POP-0428,Andhra Pradesh,Vijayawada,Vijayawada Settlement 0428,Vijayawada,16.521936,80.652456,EPSG:4326,81727,39093,42634,18578,12903.6,15857,10601,City,637.9,1,83.8,13151,POINT (80.652456 16.521936),SYNTHETIC_PROTOTYPE,SYNTHETIC_PROTOTYPE
IN-POP-0429,Andhra Pradesh,Visakhapatnam,Visakhapatnam Settlement 0429,Visakhapatnam,17.71141,83.220932,EPSG:4326,54026,25860,28166,15611,7560.4,8200,4783,City,6791.5,0,1019.6,2740,POINT (83.220932 17.711410),SYNTHETIC_PROTOTYPE,SYNTHETIC_PROTOTYPE
IN-POP-0430,Jammu and Kashmir,Srinagar,Srinagar Settlement 0430,Srinagar,34.087399,74.767602,EPSG:4326,81456,41671,39785,21124,43174.8,9997,6216,Urban Fringe,7736.9,0,449.0,4865,POINT (74.767602 34.087399),SYNTHETIC_PROTOTYPE,SYNTHETIC_PROTOTYPE
IN-POP-0431,Himachal Pradesh,Shimla,Shimla Settlement 0431,Shimla,31.119333,77.197825,EPSG:4326,21778,10926,10852,5972,13884.2,3428,2064,Village,3713.1,0,24.2,436,POINT (77.197825 31.119333),SYNTHETIC_PROTOTYPE,SYNTHETIC_PROTOTYPE
IN-POP-0432,Uttarakhand,Dehradun,Dehradun Settlement 0432,Dehradun,30.316287,78.019427,EPSG:4326,9163,4652,4511,2326,17440.0,1994,698,Town,3627.2,0,476.6,594,POINT (78.019427 30.316287),SYNTHETIC_PROTOTYPE,SYNTHETIC_PROTOTYPE
IN-POP-0433,Bihar,Gaya,Gaya Settlement 0433,Gaya,24.808336,84.98808,EPSG:4326,104746,52062,52684,27073,49204.8,12900,8767,Urban Fringe,7011.7,0,113.5,3539,POINT (84.988080 24.808336),SYNTHETIC_PROTOTYPE,SYNTHETIC_PROTOTYPE
IN-POP-0434,Uttar Pradesh,Agra,Agra Settlement 0434,Agra,27.200988,78.024682,EPSG:4326,87016,44492,42524,24486,7459.2,18281,7281,Town,1846.0,0,889.5,1039,POINT (78.024682 27.200988),SYNTHETIC_PROTOTYPE,SYNTHETIC_PROTOTYPE
IN-POP-0435,Delhi,Delhi,Delhi Settlement 0435,Delhi,28.623502,77.233567,EPSG:4326,98647,48992,49655,22160,16906.4,14723,6913,Urban Fringe,1974.1,0,157.8,5085,POINT (77.233567 28.623502),SYNTHETIC_PROTOTYPE,SYNTHETIC_PROTOTYPE
IN-POP-0436,Maharashtra,Mumbai,Mumbai Settlement 0436,Mumbai,19.100949,72.889329,EPSG:4326,86744,44302,42442,21758,18094.4,11606,10714,Urban Fringe,3501.5,0,819.1,1738,POINT (72.889329 19.100949),SYNTHETIC_PROTOTYPE,SYNTHETIC_PROTOTYPE
IN-POP-0437,Maharashtra,Pune,Pune Settlement 0437,Pune,18.534291,73.876145,EPSG:4326,90116,44328,45788,18850,13921.7,17490,10575,Town,4511.4,0,735.0,3952,POINT (73.876145 18.534291),SYNTHETIC_PROTOTYPE,SYNTHETIC_PROTOTYPE
IN-POP-0438,Maharashtra,Nagpur,Nagpur Settlement 0438,Nagpur,21.161387,79.063457,EPSG:4326,5304,2769,2535,1393,642.2,733,375,Village,5772.5,0,871.3,378,POINT (79.063457 21.161387),SYNTHETIC_PROTOTYPE,SYNTHETIC_PROTOTYPE
IN-POP-0439,Gujarat,Ahmedabad,Ahmedabad Settlement 0439,Ahmedabad,23.011898,72.595318,EPSG:4326,23124,11512,11612,4936,2618.3,4388,2418,Village,3221.4,0,1102.4,405,POINT (72.595318 23.011898),SYNTHETIC_PROTOTYPE,SYNTHETIC_PROTOTYPE
IN-POP-0440,Gujarat,Surat,Surat Settlement 0440,Surat,21.187046,72.856116,EPSG:4326,23290,10994,12296,4699,2333.6,3325,1492,Village,5437.8,0,902.9,1214,POINT (72.856116 21.187046),SYNTHETIC_PROTOTYPE,SYNTHETIC_PROTOTYPE
IN-POP-0441,Rajasthan,Jaipur,Jaipur Settlement 0441,Jaipur,26.917652,75.765881,EPSG:4326,120489,57738,62751,28210,28249.7,17552,7591,Urban Fringe,5564.8,0,449.3,5098,POINT (75.765881 26.917652),SYNTHETIC_PROTOTYPE,SYNTHETIC_PROTOTYPE
IN-POP-0442,Uttar Pradesh,Lucknow,Lucknow Settlement 0442,Lucknow,26.835841,80.926779,EPSG:4326,15497,7583,7914,4633,1396.5,2225,1377,Village,6818.8,0,655.3,737,POINT (80.926779 26.835841),SYNTHETIC_PROTOTYPE,SYNTHETIC_PROTOTYPE
IN-POP-0443,Uttar Pradesh,Varanasi,Varanasi Settlement 0443,Varanasi,25.312422,82.951515,EPSG:4326,112314,58139,54175,33940,18929.2,21090,11654,Urban Fringe,2107.8,0,1083.4,7088,POINT (82.951515 25.312422),SYNTHETIC_PROTOTYPE,SYNTHETIC_PROTOTYPE
IN-POP-0444,Bihar,Patna,Patna Settlement 0444,Patna,25.571031,85.142662,EPSG:4326,876,444,432,192,224.5,144,66,Village,4090.4,0,1098.4,20,POINT (85.142662 25.571031),SYNTHETIC_PROTOTYPE,SYNTHETIC_PROTOTYPE
IN-POP-0445,West Bengal,Kolkata,Kolkata Settlement 0445,Kolkata,22.548698,88.377067,EPSG:4326,97200,47422,49778,20449,9730.9,14323,11719,City,2329.3,0,1141.9,3388,POINT (88.377067 22.548698),SYNTHETIC_PROTOTYPE,SYNTHETIC_PROTOTYPE
IN-POP-0446,Assam,Guwahati,Guwahati Settlement 0446,Guwahati,26.130923,91.733591,EPSG:4326,5192,2660,2532,1274,2164.0,1130,659,Village,2401.4,0,943.6,1,POINT (91.733591 26.130923),SYNTHETIC_PROTOTYPE,SYNTHETIC_PROTOTYPE
IN-POP-0447,Odisha,Bhubaneswar,Bhubaneswar Settlement 0447,Bhubaneswar,20.325645,85.853493,EPSG:4326,37927,19288,18639,11255,9914.6,5407,3812,Urban Fringe,7379.8,0,543.6,1006,POINT (85.853493 20.325645),SYNTHETIC_PROTOTYPE,SYNTHETIC_PROTOTYPE
IN-POP-0448,Jharkhand,Ranchi,Ranchi Settlement 0448,Ranchi,23.322894,85.301972,EPSG:4326,10266,4984,5282,2421,1138.6,1749,1305,Village,1947.1,0,80.8,488,POINT (85.301972 23.322894),SYNTHETIC_PROTOTYPE,SYNTHETIC_PROTOTYPE
IN-POP-0449,Madhya Pradesh,Bhopal,Bhopal Settlement 0449,Bhopal,23.250022,77.417175,EPSG:4326,50329,24222,26107,15309,4494.6,8032,4553,Town,1635.2,1,710.6,8222,POINT (77.417175 23.250022),SYNTHETIC_PROTOTYPE,SYNTHETIC_PROTOTYPE
IN-POP-0450,Madhya Pradesh,Indore,Indore Settlement 0450,Indore,22.747885,75.880128,EPSG:4326,2706,1401,1305,625,807.8,331,269,Village,3824.6,0,583.2,118,POINT (75.880128 22.747885),SYNTHETIC_PROTOTYPE,SYNTHETIC_PROTOTYPE
IN-POP-0451,Chhattisgarh,Raipur,Raipur Settlement 0451,Raipur,21.248066,81.622711,EPSG:4326,41854,20187,21667,10725,4197.5,8558,4174,City,147.5,1,713.0,8703,POINT (81.622711 21.248066),SYNTHETIC_PROTOTYPE,SYNTHETIC_PROTOTYPE
IN-POP-0452,Telangana,Hyderabad,Hyderabad Settlement 0452,Hyderabad,17.40043,78.494796,EPSG:4326,17789,9266,8523,5231,9955.2,3846,1525,Village,700.6,1,1086.0,8669,POINT (78.494796 17.400430),SYNTHETIC_PROTOTYPE,SYNTHETIC_PROTOTYPE
IN-POP-0453,Karnataka,Bengaluru,Bengaluru Settlement 0453,Bengaluru,13.001319,77.578348,EPSG:4326,17916,8991,8925,4921,3473.1,3211,1806,Village,1443.4,1,1191.2,12363,POINT (77.578348 13.001319),SYNTHETIC_PROTOTYPE,SYNTHETIC_PROTOTYPE
IN-POP-0454,Karnataka,Mysuru,Mysuru Settlement 0454,Mysuru,12.279119,76.654429,EPSG:4326,112812,54043,58769,26940,12299.4,20163,11181,Urban Fringe,5759.8,0,768.3,4009,POINT (76.654429 12.279119),SYNTHETIC_PROTOTYPE,SYNTHETIC_PROTOTYPE
IN-POP-0455,Tamil Nadu,Chennai,Chennai Settlement 0455,Chennai,13.061788,80.260133,EPSG:4326,3826,1912,1914,788,493.7,601,410,Village,6762.4,0,528.2,200,POINT (80.260133 13.061788),SYNTHETIC_PROTOTYPE,SYNTHETIC_PROTOTYPE
IN-POP-0456,Tamil Nadu,Coimbatore,Coimbatore Settlement 0456,Coimbatore,11.009327,76.958433,EPSG:4326,14029,6805,7224,3520,2836.4,2625,1530,Village,4389.8,0,168.6,500,POINT (76.958433 11.009327),SYNTHETIC_PROTOTYPE,SYNTHETIC_PROTOTYPE
IN-POP-0457,Kerala,Kochi,Kochi Settlement 0457,Kochi,9.937545,76.246315,EPSG:4326,22182,10823,11359,5648,2691.9,3659,2807,Village,6926.0,0,915.4,561,POINT (76.246315 9.937545),SYNTHETIC_PROTOTYPE,SYNTHETIC_PROTOTYPE
IN-POP-0458,Kerala,Thiruvananthapuram,Thiruvananthapuram Settlement 0458,Thiruvananthapuram,8.518286,76.942262,EPSG:4326,7298,3601,3697,1688,621.3,1494,649,Village,6340.7,0,668.4,285,POINT (76.942262 8.518286),SYNTHETIC_PROTOTYPE,SYNTHETIC_PROTOTYPE
IN-POP-0459,Andhra Pradesh,Vijayawada,Vijayawada Settlement 0459,Vijayawada,16.482659,80.651221,EPSG:4326,5472,2590,2882,1474,915.1,760,521,Village,2933.9,0,1012.5,399,POINT (80.651221 16.482659),SYNTHETIC_PROTOTYPE,SYNTHETIC_PROTOTYPE
IN-POP-0460,Andhra Pradesh,Visakhapatnam,Visakhapatnam Settlement 0460,Visakhapatnam,17.70444,83.204159,EPSG:4326,29611,14348,15263,6007,6710.1,3810,2731,City,3020.8,0,838.4,557,POINT (83.204159 17.704440),SYNTHETIC_PROTOTYPE,SYNTHETIC_PROTOTYPE
IN-POP-0461,Jammu and Kashmir,Srinagar,Srinagar Settlement 0461,Srinagar,34.097331,74.771944,EPSG:4326,5732,2727,3005,1325,497.5,1001,563,Village,2496.1,0,775.8,105,POINT (74.771944 34.097331),SYNTHETIC_PROTOTYPE,SYNTHETIC_PROTOTYPE
IN-POP-0462,Himachal Pradesh,Shimla,Shimla Settlement 0462,Shimla,31.10666,77.164436,EPSG:4326,11878,5952,5926,2624,1461.2,2530,987,Village,6273.2,0,475.6,121,POINT (77.164436 31.106660),SYNTHETIC_PROTOTYPE,SYNTHETIC_PROTOTYPE
IN-POP-0463,Uttarakhand,Dehradun,Dehradun Settlement 0463,Dehradun,30.338994,78.055325,EPSG:4326,11495,5782,5713,3401,1366.2,1644,1440,Village,2032.4,0,310.9,25,POINT (78.055325 30.338994),SYNTHETIC_PROTOTYPE,SYNTHETIC_PROTOTYPE
IN-POP-0464,Bihar,Gaya,Gaya Settlement 0464,Gaya,24.767996,85.002971,EPSG:4326,80303,40561,39742,21602,88441.9,13303,6079,City,984.1,1,725.8,54630,POINT (85.002971 24.767996),SYNTHETIC_PROTOTYPE,SYNTHETIC_PROTOTYPE
IN-POP-0465,Uttar Pradesh,Agra,Agra Settlement 0465,Agra,27.163529,77.990918,EPSG:4326,2241,1134,1107,673,239.3,342,153,Village,6117.3,0,686.7,162,POINT (77.990918 27.163529),SYNTHETIC_PROTOTYPE,SYNTHETIC_PROTOTYPE
IN-POP-0466,Delhi,Delhi,Delhi Settlement 0466,Delhi,28.600028,77.213199,EPSG:4326,11795,5720,6075,3090,2141.5,1807,875,Village,5102.8,0,922.6,826,POINT (77.213199 28.600028),SYNTHETIC_PROTOTYPE,SYNTHETIC_PROTOTYPE
IN-POP-0467,Maharashtra,Mumbai,Mumbai Settlement 0467,Mumbai,19.056155,72.906271,EPSG:4326,140347,70608,69739,28202,13910.3,17862,14130,Urban Fringe,2422.8,0,709.6,4414,POINT (72.906271 19.056155),SYNTHETIC_PROTOTYPE,SYNTHETIC_PROTOTYPE
IN-POP-0468,Maharashtra,Pune,Pune Settlement 0468,Pune,18.517717,73.857704,EPSG:4326,120871,58396,62475,33712,76186.6,17966,8506,Town,287.0,1,400.5,41542,POINT (73.857704 18.517717),SYNTHETIC_PROTOTYPE,SYNTHETIC_PROTOTYPE
IN-POP-0469,Maharashtra,Nagpur,Nagpur Settlement 0469,Nagpur,21.162251,79.080579,EPSG:4326,30369,15936,14433,7792,27084.4,4493,2452,City,4550.9,0,189.9,855,POINT (79.080579 21.162251),SYNTHETIC_PROTOTYPE,SYNTHETIC_PROTOTYPE
IN-POP-0470,Gujarat,Ahmedabad,Ahmedabad Settlement 0470,Ahmedabad,23.048438,72.549434,EPSG:4326,141165,68376,72789,34328,79677.0,22170,10711,Urban Fringe,2744.0,0,1181.6,1962,POINT (72.549434 23.048438),SYNTHETIC_PROTOTYPE,SYNTHETIC_PROTOTYPE
IN-POP-0471,Gujarat,Surat,Surat Settlement 0471,Surat,21.15685,72.829309,EPSG:4326,16880,8079,8801,5037,1970.7,2949,2172,Urban Fringe,2535.0,0,177.6,721,POINT (72.829309 21.156850),SYNTHETIC_PROTOTYPE,SYNTHETIC_PROTOTYPE
IN-POP-0472,Rajasthan,Jaipur,Jaipur Settlement 0472,Jaipur,26.923009,75.783744,EPSG:4326,79201,38658,40543,16996,12298.1,10815,7965,City,6841.9,0,742.0,1630,POINT (75.783744 26.923009),SYNTHETIC_PROTOTYPE,SYNTHETIC_PROTOTYPE
IN-POP-0473,Uttar Pradesh,Lucknow,Lucknow Settlement 0473,Lucknow,26.841777,80.957422,EPSG:4326,127651,65052,62599,39719,51992.0,26432,10608,Urban Fringe,5343.8,0,555.6,1613,POINT (80.957422 26.841777),SYNTHETIC_PROTOTYPE,SYNTHETIC_PROTOTYPE
IN-POP-0474,Uttar Pradesh,Varanasi,Varanasi Settlement 0474,Varanasi,25.299985,82.990221,EPSG:4326,15831,7618,8213,3652,4077.7,2021,1762,Village,7027.8,0,1151.6,707,POINT (82.990221 25.299985),SYNTHETIC_PROTOTYPE,SYNTHETIC_PROTOTYPE
IN-POP-0475,Bihar,Patna,Patna Settlement 0475,Patna,25.596295,85.148722,EPSG:4326,131458,63093,68365,35715,23658.9,16802,14062,Town,5196.1,0,1138.4,9173,POINT (85.148722 25.596295),SYNTHETIC_PROTOTYPE,SYNTHETIC_PROTOTYPE
IN-POP-0476,West Bengal,Kolkata,Kolkata Settlement 0476,Kolkata,22.554731,88.373768,EPSG:4326,9163,4784,4379,2362,2369.0,1944,1054,Village,7364.5,0,138.2,597,POINT (88.373768 22.554731),SYNTHETIC_PROTOTYPE,SYNTHETIC_PROTOTYPE
IN-POP-0477,Assam,Guwahati,Guwahati Settlement 0477,Guwahati,26.170887,91.745819,EPSG:4326,11115,5756,5359,2725,3418.2,2313,902,Village,2481.2,0,966.2,350,POINT (91.745819 26.170887),SYNTHETIC_PROTOTYPE,SYNTHETIC_PROTOTYPE
IN-POP-0478,Odisha,Bhubaneswar,Bhubaneswar Settlement 0478,Bhubaneswar,20.275237,85.837718,EPSG:4326,14152,6813,7339,2877,1254.9,2553,1001,Village,710.3,1,726.2,4232,POINT (85.837718 20.275237),SYNTHETIC_PROTOTYPE,SYNTHETIC_PROTOTYPE
IN-POP-0479,Jharkhand,Ranchi,Ranchi Settlement 0479,Ranchi,23.3246,85.319089,EPSG:4326,10363,5425,4938,3225,2387.4,1996,916,Village,4291.0,0,632.4,409,POINT (85.319089 23.324600),SYNTHETIC_PROTOTYPE,SYNTHETIC_PROTOTYPE
IN-POP-0480,Madhya Pradesh,Bhopal,Bhopal Settlement 0480,Bhopal,23.246758,77.418769,EPSG:4326,23578,11285,12293,5058,29259.6,4238,1457,Village,7723.1,0,45.4,306,POINT (77.418769 23.246758),SYNTHETIC_PROTOTYPE,SYNTHETIC_PROTOTYPE
IN-POP-0481,Madhya Pradesh,Indore,Indore Settlement 0481,Indore,22.696462,75.883595,EPSG:4326,78609,41469,37140,15781,7116.9,9654,6079,City,1377.8,1,956.0,49044,POINT (75.883595 22.696462),SYNTHETIC_PROTOTYPE,SYNTHETIC_PROTOTYPE
IN-POP-0482,Chhattisgarh,Raipur,Raipur Settlement 0482,Raipur,21.228396,81.632169,EPSG:4326,20536,10445,10091,5893,2141.7,4489,2389,Village,1071.4,1,242.7,6528,POINT (81.632169 21.228396),SYNTHETIC_PROTOTYPE,SYNTHETIC_PROTOTYPE
IN-POP-0483,Telangana,Hyderabad,Hyderabad Settlement 0483,Hyderabad,17.368447,78.515202,EPSG:4326,18697,9125,9572,5301,3202.3,3249,1197,Village,940.5,1,503.3,10367,POINT (78.515202 17.368447),SYNTHETIC_PROTOTYPE,SYNTHETIC_PROTOTYPE
IN-POP-0484,Karnataka,Bengaluru,Bengaluru Settlement 0484,Bengaluru,12.943229,77.599062,EPSG:4326,31973,16729,15244,6477,57919.5,4317,3823,City,4226.0,0,1071.7,1402,POINT (77.599062 12.943229),SYNTHETIC_PROTOTYPE,SYNTHETIC_PROTOTYPE
IN-POP-0485,Karnataka,Mysuru,Mysuru Settlement 0485,Mysuru,12.323547,76.662875,EPSG:4326,21445,10480,10965,5937,2426.2,3656,2045,Village,6852.5,0,914.6,968,POINT (76.662875 12.323547),SYNTHETIC_PROTOTYPE,SYNTHETIC_PROTOTYPE
IN-POP-0486,Tamil Nadu,Chennai,Chennai Settlement 0486,Chennai,13.064265,80.284363,EPSG:4326,102091,53635,48456,29075,14473.6,17857,6568,Town,6781.6,0,885.6,1381,POINT (80.284363 13.064265),SYNTHETIC_PROTOTYPE,SYNTHETIC_PROTOTYPE
IN-POP-0487,Tamil Nadu,Coimbatore,Coimbatore Settlement 0487,Coimbatore,11.042697,76.950953,EPSG:4326,140344,67591,72753,31557,89927.0,20478,17478,Urban Fringe,4123.5,0,417.7,11186,POINT (76.950953 11.042697),SYNTHETIC_PROTOTYPE,SYNTHETIC_PROTOTYPE
IN-POP-0488,Kerala,Kochi,Kochi Settlement 0488,Kochi,9.922532,76.279193,EPSG:4326,24073,11363,12710,4956,4235.2,4427,2247,Village,6069.8,0,261.6,1553,POINT (76.279193 9.922532),SYNTHETIC_PROTOTYPE,SYNTHETIC_PROTOTYPE
IN-POP-0489,Kerala,Thiruvananthapuram,Thiruvananthapuram Settlement 0489,Thiruvananthapuram,8.515095,76.913791,EPSG:4326,126695,63296,63399,28282,43742.7,19780,12893,Urban Fringe,2884.8,0,204.8,589,POINT (76.913791 8.515095),SYNTHETIC_PROTOTYPE,SYNTHETIC_PROTOTYPE
IN-POP-0490,Andhra Pradesh,Vijayawada,Vijayawada Settlement 0490,Vijayawada,16.521021,80.656028,EPSG:4326,3799,1871,1928,981,500.4,754,317,Village,1457.4,1,406.4,283,POINT (80.656028 16.521021),SYNTHETIC_PROTOTYPE,SYNTHETIC_PROTOTYPE
IN-POP-0491,Andhra Pradesh,Visakhapatnam,Visakhapatnam Settlement 0491,Visakhapatnam,17.699317,83.207329,EPSG:4326,3600,1811,1789,1039,2027.7,462,409,Village,7716.1,0,1103.8,2,POINT (83.207329 17.699317),SYNTHETIC_PROTOTYPE,SYNTHETIC_PROTOTYPE
IN-POP-0492,Jammu and Kashmir,Srinagar,Srinagar Settlement 0492,Srinagar,34.087418,74.803499,EPSG:4326,4464,2312,2152,1238,424.9,623,346,Village,2186.5,0,189.5,97,POINT (74.803499 34.087418),SYNTHETIC_PROTOTYPE,SYNTHETIC_PROTOTYPE
IN-POP-0493,Himachal Pradesh,Shimla,Shimla Settlement 0493,Shimla,31.106266,77.193917,EPSG:4326,117731,61921,55810,26476,11953.1,21785,14374,Town,4387.0,0,852.1,7353,POINT (77.193917 31.106266),SYNTHETIC_PROTOTYPE,SYNTHETIC_PROTOTYPE
IN-POP-0494,Uttarakhand,Dehradun,Dehradun Settlement 0494,Dehradun,30.293866,78.051548,EPSG:4326,52659,26343,26316,11539,5580.3,8975,6191,Urban Fringe,6618.7,0,893.5,2187,POINT (78.051548 30.293866),SYNTHETIC_PROTOTYPE,SYNTHETIC_PROTOTYPE
IN-POP-0495,Bihar,Gaya,Gaya Settlement 0495,Gaya,24.786728,85.01522,EPSG:4326,4046,2041,2005,958,339.3,775,327,Village,6232.2,0,835.5,165,POINT (85.015220 24.786728),SYNTHETIC_PROTOTYPE,SYNTHETIC_PROTOTYPE
IN-POP-0496,Uttar Pradesh,Agra,Agra Settlement 0496,Agra,27.165442,78.014796,EPSG:4326,124795,60877,63918,29043,24276.2,18379,13658,City,5261.4,0,78.2,3978,POINT (78.014796 27.165442),SYNTHETIC_PROTOTYPE,SYNTHETIC_PROTOTYPE
IN-POP-0497,Delhi,Delhi,Delhi Settlement 0497,Delhi,28.593214,77.219983,EPSG:4326,64189,33995,30194,14408,10291.7,13553,4279,Town,4830.5,0,912.0,3231,POINT (77.219983 28.593214),SYNTHETIC_PROTOTYPE,SYNTHETIC_PROTOTYPE
IN-POP-0498,Maharashtra,Mumbai,Mumbai Settlement 0498,Mumbai,19.049045,72.900917,EPSG:4326,20320,10549,9771,4234,13513.8,3761,1845,Village,5100.3,0,443.4,402,POINT (72.900917 19.049045),SYNTHETIC_PROTOTYPE,SYNTHETIC_PROTOTYPE
IN-POP-0499,Maharashtra,Pune,Pune Settlement 0499,Pune,18.544027,73.873923,EPSG:4326,6645,3397,3248,1680,1254.1,1397,538,Village,2176.3,0,704.8,173,POINT (73.873923 18.544027),SYNTHETIC_PROTOTYPE,SYNTHETIC_PROTOTYPE
IN-POP-0500,Maharashtra,Nagpur,Nagpur Settlement 0500,Nagpur,21.132684,79.101003,EPSG:4326,46434,24190,22244,10689,4577.0,6051,3768,Town,5878.8,0,63.7,2258,POINT (79.101003 21.132684),SYNTHETIC_PROTOTYPE,SYNTHETIC_PROTOTYPE
IN-POP-0501,Gujarat,Ahmedabad,Ahmedabad Settlement 0501,Ahmedabad,23.03172,72.561663,EPSG:4326,147587,74970,72617,32465,29349.8,21767,13661,Town,1967.6,0,317.8,6686,POINT (72.561663 23.031720),SYNTHETIC_PROTOTYPE,SYNTHETIC_PROTOTYPE
IN-POP-0502,Gujarat,Surat,Surat Settlement 0502,Surat,21.191207,72.804149,EPSG:4326,146461,70018,76443,44690,50432.7,30607,14948,City,4476.7,0,436.1,6134,POINT (72.804149 21.191207),SYNTHETIC_PROTOTYPE,SYNTHETIC_PROTOTYPE
IN-POP-0503,Rajasthan,Jaipur,Jaipur Settlement 0503,Jaipur,26.935145,75.760229,EPSG:4326,3993,1949,2044,981,6584.6,620,323,Village,7555.5,0,786.9,156,POINT (75.760229 26.935145),SYNTHETIC_PROTOTYPE,SYNTHETIC_PROTOTYPE
IN-POP-0504,Uttar Pradesh,Lucknow,Lucknow Settlement 0504,Lucknow,26.86691,80.945173,EPSG:4326,13124,6448,6676,2659,1424.8,2566,969,Village,2278.7,0,1146.6,566,POINT (80.945173 26.866910),SYNTHETIC_PROTOTYPE,SYNTHETIC_PROTOTYPE
IN-POP-0505,Uttar Pradesh,Varanasi,Varanasi Settlement 0505,Varanasi,25.321695,82.992526,EPSG:4326,80710,42720,37990,17507,32650.4,12059,6253,Town,4631.6,0,751.3,2214,POINT (82.992526 25.321695),SYNTHETIC_PROTOTYPE,SYNTHETIC_PROTOTYPE
IN-POP-0506,Bihar,Patna,Patna Settlement 0506,Patna,25.615852,85.116691,EPSG:4326,59875,28747,31128,18430,7349.7,9056,4079,Urban Fringe,4576.7,0,33.8,1495,POINT (85.116691 25.615852),SYNTHETIC_PROTOTYPE,SYNTHETIC_PROTOTYPE
IN-POP-0507,West Bengal,Kolkata,Kolkata Settlement 0507,Kolkata,22.595726,88.390229,EPSG:4326,38522,18535,19987,9601,7120.8,7261,3889,Town,3687.0,0,1013.7,147,POINT (88.390229 22.595726),SYNTHETIC_PROTOTYPE,SYNTHETIC_PROTOTYPE
IN-POP-0508,Assam,Guwahati,Guwahati Settlement 0508,Guwahati,26.154011,91.719045,EPSG:4326,58910,28579,30331,17715,5581.5,10173,4750,Town,3885.0,0,233.4,3834,POINT (91.719045 26.154011),SYNTHETIC_PROTOTYPE,SYNTHETIC_PROTOTYPE
IN-POP-0509,Odisha,Bhubaneswar,Bhubaneswar Settlement 0509,Bhubaneswar,20.293367,85.831008,EPSG:4326,125423,60977,64446,37888,18473.4,20945,14973,City,2204.7,0,470.5,1605,POINT (85.831008 20.293367),SYNTHETIC_PROTOTYPE,SYNTHETIC_PROTOTYPE
IN-POP-0510,Jharkhand,Ranchi,Ranchi Settlement 0510,Ranchi,23.361163,85.325767,EPSG:4326,17590,9142,8448,4463,1644.1,2656,1425,Village,1031.3,1,598.0,1690,POINT (85.325767 23.361163),SYNTHETIC_PROTOTYPE,SYNTHETIC_PROTOTYPE
IN-POP-0511,Madhya Pradesh,Bhopal,Bhopal Settlement 0511,Bhopal,23.277999,77.439961,EPSG:4326,835,394,441,211,119.7,165,106,Village,2908.2,0,836.6,39,POINT (77.439961 23.277999),SYNTHETIC_PROTOTYPE,SYNTHETIC_PROTOTYPE
IN-POP-0512,Madhya Pradesh,Indore,Indore Settlement 0512,Indore,22.741611,75.861827,EPSG:4326,3686,1892,1794,1071,472.1,661,401,Village,152.7,1,1144.2,1831,POINT (75.861827 22.741611),SYNTHETIC_PROTOTYPE,SYNTHETIC_PROTOTYPE
IN-POP-0513,Chhattisgarh,Raipur,Raipur Settlement 0513,Raipur,21.258278,81.628106,EPSG:4326,62426,32733,29693,15885,6373.5,12162,5825,Town,4983.6,0,331.7,2969,POINT (81.628106 21.258278),SYNTHETIC_PROTOTYPE,SYNTHETIC_PROTOTYPE
IN-POP-0514,Telangana,Hyderabad,Hyderabad Settlement 0514,Hyderabad,17.407996,78.499009,EPSG:4326,4277,2247,2030,864,728.9,583,307,Village,3659.9,0,632.4,171,POINT (78.499009 17.407996),SYNTHETIC_PROTOTYPE,SYNTHETIC_PROTOTYPE
IN-POP-0515,Karnataka,Bengaluru,Bengaluru Settlement 0515,Bengaluru,12.969047,77.567593,EPSG:4326,7388,3770,3618,1771,4025.0,1084,620,Village,5808.6,0,264.0,400,POINT (77.567593 12.969047),SYNTHETIC_PROTOTYPE,SYNTHETIC_PROTOTYPE
IN-POP-0516,Karnataka,Mysuru,Mysuru Settlement 0516,Mysuru,12.267592,76.65646,EPSG:4326,20095,10550,9545,5469,7624.2,3118,1905,Village,4615.0,0,621.9,1422,POINT (76.656460 12.267592),SYNTHETIC_PROTOTYPE,SYNTHETIC_PROTOTYPE
IN-POP-0517,Tamil Nadu,Chennai,Chennai Settlement 0517,Chennai,13.112585,80.26658,EPSG:4326,15429,7707,7722,3181,2881.2,2713,1207,Village,621.9,1,48.6,5707,POINT (80.266580 13.112585),SYNTHETIC_PROTOTYPE,SYNTHETIC_PROTOTYPE
IN-POP-0518,Tamil Nadu,Coimbatore,Coimbatore Settlement 0518,Coimbatore,11.006359,76.938161,EPSG:4326,61343,31853,29490,16469,8695.6,12501,4494,City,760.6,1,803.3,43604,POINT (76.938161 11.006359),SYNTHETIC_PROTOTYPE,SYNTHETIC_PROTOTYPE
IN-POP-0519,Kerala,Kochi,Kochi Settlement 0519,Kochi,9.921936,76.257689,EPSG:4326,72409,36230,36179,17666,14841.1,13173,5211,City,3430.5,0,812.0,3613,POINT (76.257689 9.921936),SYNTHETIC_PROTOTYPE,SYNTHETIC_PROTOTYPE
IN-POP-0520,Kerala,Thiruvananthapuram,Thiruvananthapuram Settlement 0520,Thiruvananthapuram,8.505119,76.956903,EPSG:4326,136254,66524,69730,33190,33027.0,27918,16846,Urban Fringe,7663.0,0,258.9,3611,POINT (76.956903 8.505119),SYNTHETIC_PROTOTYPE,SYNTHETIC_PROTOTYPE
IN-POP-0521,Andhra Pradesh,Vijayawada,Vijayawada Settlement 0521,Vijayawada,16.519055,80.666678,EPSG:4326,14553,7442,7111,4232,2819.3,1888,1820,Village,3648.7,0,172.1,627,POINT (80.666678 16.519055),SYNTHETIC_PROTOTYPE,SYNTHETIC_PROTOTYPE
IN-POP-0522,Andhra Pradesh,Visakhapatnam,Visakhapatnam Settlement 0522,Visakhapatnam,17.697189,83.224181,EPSG:4326,16144,7905,8239,4428,9555.1,3049,1892,Village,1320.2,1,1099.9,11245,POINT (83.224181 17.697189),SYNTHETIC_PROTOTYPE,SYNTHETIC_PROTOTYPE
IN-POP-0523,Jammu and Kashmir,Srinagar,Srinagar Settlement 0523,Srinagar,34.066154,74.789104,EPSG:4326,22570,11030,11540,4682,7135.4,4704,2360,Village,1059.7,1,741.1,9033,POINT (74.789104 34.066154),SYNTHETIC_PROTOTYPE,SYNTHETIC_PROTOTYPE
IN-POP-0524,Himachal Pradesh,Shimla,Shimla Settlement 0524,Shimla,31.109504,77.187152,EPSG:4326,114484,59612,54872,24530,47910.4,20688,11519,City,1806.4,0,54.7,2253,POINT (77.187152 31.109504),SYNTHETIC_PROTOTYPE,SYNTHETIC_PROTOTYPE
IN-POP-0525,Uttarakhand,Dehradun,Dehradun Settlement 0525,Dehradun,30.324828,78.045137,EPSG:4326,86996,42966,44030,20444,19165.7,14717,6219,Town,5058.7,0,229.5,5309,POINT (78.045137 30.324828),SYNTHETIC_PROTOTYPE,SYNTHETIC_PROTOTYPE
IN-POP-0526,Bihar,Gaya,Gaya Settlement 0526,Gaya,24.802172,84.987834,EPSG:4326,123217,63800,59417,26213,20633.9,18339,8955,Town,1318.0,1,277.3,33181,POINT (84.987834 24.802172),SYNTHETIC_PROTOTYPE,SYNTHETIC_PROTOTYPE
IN-POP-0527,Uttar Pradesh,Agra,Agra Settlement 0527,Agra,27.178798,77.996477,EPSG:4326,23075,11447,11628,6140,9304.3,4281,1539,Village,2609.4,0,65.2,1097,POINT (77.996477 27.178798),SYNTHETIC_PROTOTYPE,SYNTHETIC_PROTOTYPE
IN-POP-0528,Delhi,Delhi,Delhi Settlement 0528,Delhi,28.60322,77.203468,EPSG:4326,20183,10442,9741,5316,1814.4,2744,1979,Village,6719.1,0,76.3,234,POINT (77.203468 28.603220),SYNTHETIC_PROTOTYPE,SYNTHETIC_PROTOTYPE
IN-POP-0529,Maharashtra,Mumbai,Mumbai Settlement 0529,Mumbai,19.052846,72.891138,EPSG:4326,83929,40201,43728,21235,28965.2,14999,9414,Town,6777.4,0,1192.6,2776,POINT (72.891138 19.052846),SYNTHETIC_PROTOTYPE,SYNTHETIC_PROTOTYPE
IN-POP-0530,Maharashtra,Pune,Pune Settlement 0530,Pune,18.523629,73.886057,EPSG:4326,100397,51691,48706,22301,9179.5,13562,6953,Town,533.9,1,109.6,53265,POINT (73.886057 18.523629),SYNTHETIC_PROTOTYPE,SYNTHETIC_PROTOTYPE
IN-POP-0531,Maharashtra,Nagpur,Nagpur Settlement 0531,Nagpur,21.139965,79.080307,EPSG:4326,104414,50740,53674,21807,21773.2,15761,7295,Urban Fringe,4113.6,0,154.5,4414,POINT (79.080307 21.139965),SYNTHETIC_PROTOTYPE,SYNTHETIC_PROTOTYPE
IN-POP-0532,Gujarat,Ahmedabad,Ahmedabad Settlement 0532,Ahmedabad,22.993674,72.594215,EPSG:4326,12009,5650,6359,2910,4414.1,2602,1279,Village,171.6,1,1029.0,1187,POINT (72.594215 22.993674),SYNTHETIC_PROTOTYPE,SYNTHETIC_PROTOTYPE
IN-POP-0533,Gujarat,Surat,Surat Settlement 0533,Surat,21.172519,72.831215,EPSG:4326,21711,10701,11010,4407,5161.7,2699,1350,Village,6338.1,0,359.8,48,POINT (72.831215 21.172519),SYNTHETIC_PROTOTYPE,SYNTHETIC_PROTOTYPE
IN-POP-0534,Rajasthan,Jaipur,Jaipur Settlement 0534,Jaipur,26.893648,75.790792,EPSG:4326,11452,5389,6063,2886,2147.5,1714,1305,Village,3541.9,0,305.0,42,POINT (75.790792 26.893648),SYNTHETIC_PROTOTYPE,SYNTHETIC_PROTOTYPE
IN-POP-0535,Uttar Pradesh,Lucknow,Lucknow Settlement 0535,Lucknow,26.859786,80.959181,EPSG:4326,39503,20461,19042,10892,9505.8,8392,4706,City,3227.7,0,1139.6,1181,POINT (80.959181 26.859786),SYNTHETIC_PROTOTYPE,SYNTHETIC_PROTOTYPE
IN-POP-0536,Uttar Pradesh,Varanasi,Varanasi Settlement 0536,Varanasi,25.293046,82.945825,EPSG:4326,19156,9787,9369,4002,9989.2,3111,1973,Village,2632.0,0,474.2,72,POINT (82.945825 25.293046),SYNTHETIC_PROTOTYPE,SYNTHETIC_PROTOTYPE
IN-POP-0537,Bihar,Patna,Patna Settlement 0537,Patna,25.586291,85.126467,EPSG:4326,4928,2601,2327,1171,7776.3,679,448,Village,7271.3,0,7.3,182,POINT (85.126467 25.586291),SYNTHETIC_PROTOTYPE,SYNTHETIC_PROTOTYPE
IN-POP-0538,West Bengal,Kolkata,Kolkata Settlement 0538,Kolkata,22.573887,88.374824,EPSG:4326,9346,4413,4933,2033,869.9,2014,1040,Village,6816.7,0,301.7,464,POINT (88.374824 22.573887),SYNTHETIC_PROTOTYPE,SYNTHETIC_PROTOTYPE
IN-POP-0539,Assam,Guwahati,Guwahati Settlement 0539,Guwahati,26.167691,91.761764,EPSG:4326,108727,52096,56631,28412,10793.9,13991,9036,Town,5678.9,0,967.0,4210,POINT (91.761764 26.167691),SYNTHETIC_PROTOTYPE,SYNTHETIC_PROTOTYPE
IN-POP-0540,Odisha,Bhubaneswar,Bhubaneswar Settlement 0540,Bhubaneswar,20.302936,85.81777,EPSG:4326,10466,5268,5198,2135,3894.3,1908,1304,Village,5233.9,0,629.5,772,POINT (85.817770 20.302936),SYNTHETIC_PROTOTYPE,SYNTHETIC_PROTOTYPE
IN-POP-0541,Jharkhand,Ranchi,Ranchi Settlement 0541,Ranchi,23.372481,85.312789,EPSG:4326,14897,7405,7492,3056,2543.2,2678,1500,City,2759.0,0,148.4,549,POINT (85.312789 23.372481),SYNTHETIC_PROTOTYPE,SYNTHETIC_PROTOTYPE
IN-POP-0542,Madhya Pradesh,Bhopal,Bhopal Settlement 0542,Bhopal,23.28224,77.439815,EPSG:4326,43248,21086,22162,8993,3877.1,9006,2812,City,5956.4,0,869.8,50,POINT (77.439815 23.282240),SYNTHETIC_PROTOTYPE,SYNTHETIC_PROTOTYPE
IN-POP-0543,Madhya Pradesh,Indore,Indore Settlement 0543,Indore,22.702287,75.879557,EPSG:4326,15186,8023,7163,4155,1777.3,2477,1383,Village,139.5,1,416.3,6838,POINT (75.879557 22.702287),SYNTHETIC_PROTOTYPE,SYNTHETIC_PROTOTYPE
IN-POP-0544,Chhattisgarh,Raipur,Raipur Settlement 0544,Raipur,21.255353,81.630817,EPSG:4326,112121,57721,54400,22515,19038.6,20657,11439,Urban Fringe,631.4,1,453.0,27553,POINT (81.630817 21.255353),SYNTHETIC_PROTOTYPE,SYNTHETIC_PROTOTYPE
IN-POP-0545,Telangana,Hyderabad,Hyderabad Settlement 0545,Hyderabad,17.408615,78.516567,EPSG:4326,8660,4250,4410,2047,743.9,1415,828,Village,2799.2,0,455.2,556,POINT (78.516567 17.408615),SYNTHETIC_PROTOTYPE,SYNTHETIC_PROTOTYPE
IN-POP-0546,Karnataka,Bengaluru,Bengaluru Settlement 0546,Bengaluru,12.957284,77.584789,EPSG:4326,27157,13723,13434,7572,2565.8,3352,2758,Urban Fringe,2289.7,0,620.1,1700,POINT (77.584789 12.957284),SYNTHETIC_PROTOTYPE,SYNTHETIC_PROTOTYPE
IN-POP-0547,Karnataka,Mysuru,Mysuru Settlement 0547,Mysuru,12.305139,76.625489,EPSG:4326,3468,1744,1724,952,2201.0,429,256,Village,524.9,1,109.2,2177,POINT (76.625489 12.305139),SYNTHETIC_PROTOTYPE,SYNTHETIC_PROTOTYPE
IN-POP-0548,Tamil Nadu,Chennai,Chennai Settlement 0548,Chennai,13.06591,80.249996,EPSG:4326,11270,5334,5936,3316,1430.4,1365,1310,Village,4489.5,0,120.9,308,POINT (80.249996 13.065910),SYNTHETIC_PROTOTYPE,SYNTHETIC_PROTOTYPE
IN-POP-0549,Tamil Nadu,Coimbatore,Coimbatore Settlement 0549,Coimbatore,11.031169,76.938216,EPSG:4326,97546,50433,47113,26398,8439.6,19870,6439,City,4377.7,0,200.6,4113,POINT (76.938216 11.031169),SYNTHETIC_PROTOTYPE,SYNTHETIC_PROTOTYPE
IN-POP-0550,Kerala,Kochi,Kochi Settlement 0550,Kochi,9.932627,76.24461,EPSG:4326,17182,8338,8844,3953,2244.4,2069,2210,Urban Fringe,1272.2,1,1109.4,9473,POINT (76.244610 9.932627),SYNTHETIC_PROTOTYPE,SYNTHETIC_PROTOTYPE
IN-POP-0551,Kerala,Thiruvananthapuram,Thiruvananthapuram Settlement 0551,Thiruvananthapuram,8.527925,76.921963,EPSG:4326,24753,12715,12038,6916,3473.0,3388,2206,Village,5102.6,0,610.8,1896,POINT (76.921963 8.527925),SYNTHETIC_PROTOTYPE,SYNTHETIC_PROTOTYPE
IN-POP-0552,Andhra Pradesh,Vijayawada,Vijayawada Settlement 0552,Vijayawada,16.530151,80.619475,EPSG:4326,22383,11220,11163,6100,2665.1,3003,1996,Urban Fringe,7457.5,0,370.6,295,POINT (80.619475 16.530151),SYNTHETIC_PROTOTYPE,SYNTHETIC_PROTOTYPE
IN-POP-0553,Andhra Pradesh,Visakhapatnam,Visakhapatnam Settlement 0553,Visakhapatnam,17.677602,83.223194,EPSG:4326,14883,7681,7202,4149,24417.1,2808,1169,Village,6758.7,0,337.5,973,POINT (83.223194 17.677602),SYNTHETIC_PROTOTYPE,SYNTHETIC_PROTOTYPE
IN-POP-0554,Jammu and Kashmir,Srinagar,Srinagar Settlement 0554,Srinagar,34.066065,74.780769,EPSG:4326,15512,8129,7383,4158,1825.3,3286,1381,Village,545.9,1,1141.2,4720,POINT (74.780769 34.066065),SYNTHETIC_PROTOTYPE,SYNTHETIC_PROTOTYPE
IN-POP-0555,Himachal Pradesh,Shimla,Shimla Settlement 0555,Shimla,31.079549,77.160198,EPSG:4326,13354,6699,6655,4098,2972.7,1831,1204,Village,7248.1,0,360.7,1056,POINT (77.160198 31.079549),SYNTHETIC_PROTOTYPE,SYNTHETIC_PROTOTYPE
IN-POP-0556,Uttarakhand,Dehradun,Dehradun Settlement 0556,Dehradun,30.315861,78.047254,EPSG:4326,88436,43749,44687,18529,8407.4,14793,7546,City,1673.5,1,337.5,62900,POINT (78.047254 30.315861),SYNTHETIC_PROTOTYPE,SYNTHETIC_PROTOTYPE
IN-POP-0557,Bihar,Gaya,Gaya Settlement 0557,Gaya,24.814813,84.999633,EPSG:4326,40902,20729,20173,10640,11577.1,7103,3643,Urban Fringe,4701.5,0,269.3,2665,POINT (84.999633 24.814813),SYNTHETIC_PROTOTYPE,SYNTHETIC_PROTOTYPE
IN-POP-0558,Uttar Pradesh,Agra,Agra Settlement 0558,Agra,27.162653,78.017097,EPSG:4326,147827,72624,75203,35701,13424.7,19685,11983,Town,5112.9,0,648.1,7014,POINT (78.017097 27.162653),SYNTHETIC_PROTOTYPE,SYNTHETIC_PROTOTYPE
IN-POP-0559,Delhi,Delhi,Delhi Settlement 0559,Delhi,28.597068,77.191331,EPSG:4326,86194,41331,44863,26488,9017.0,11369,6725,Town,905.8,1,39.0,22670,POINT (77.191331 28.597068),SYNTHETIC_PROTOTYPE,SYNTHETIC_PROTOTYPE
IN-POP-0560,Maharashtra,Mumbai,Mumbai Settlement 0560,Mumbai,19.048807,72.856578,EPSG:4326,83934,41789,42145,18858,25077.4,18198,7187,Urban Fringe,4014.2,0,840.8,375,POINT (72.856578 19.048807),SYNTHETIC_PROTOTYPE,SYNTHETIC_PROTOTYPE
IN-POP-0561,Maharashtra,Pune,Pune Settlement 0561,Pune,18.534912,73.835218,EPSG:4326,4086,2155,1931,1040,392.9,688,311,Village,1552.1,1,1181.8,603,POINT (73.835218 18.534912),SYNTHETIC_PROTOTYPE,SYNTHETIC_PROTOTYPE
IN-POP-0562,Maharashtra,Nagpur,Nagpur Settlement 0562,Nagpur,21.174188,79.11647,EPSG:4326,17359,8967,8392,3990,1639.1,3481,1502,City,7178.3,0,519.5,1202,POINT (79.116470 21.174188),SYNTHETIC_PROTOTYPE,SYNTHETIC_PROTOTYPE
IN-POP-0563,Gujarat,Ahmedabad,Ahmedabad Settlement 0563,Ahmedabad,23.015536,72.560165,EPSG:4326,13882,7023,6859,2961,1701.6,2234,924,Town,4476.3,0,920.5,687,POINT (72.560165 23.015536),SYNTHETIC_PROTOTYPE,SYNTHETIC_PROTOTYPE
IN-POP-0564,Gujarat,Surat,Surat Settlement 0564,Surat,21.164718,72.823766,EPSG:4326,20490,10082,10408,5320,1931.2,2593,2646,Village,1905.7,0,565.2,1097,POINT (72.823766 21.164718),SYNTHETIC_PROTOTYPE,SYNTHETIC_PROTOTYPE
IN-POP-0565,Rajasthan,Jaipur,Jaipur Settlement 0565,Jaipur,26.895306,75.779127,EPSG:4326,37632,18489,19143,10067,26952.3,6407,2464,Town,6982.0,0,852.0,318,POINT (75.779127 26.895306),SYNTHETIC_PROTOTYPE,SYNTHETIC_PROTOTYPE
IN-POP-0566,Uttar Pradesh,Lucknow,Lucknow Settlement 0566,Lucknow,26.86384,80.93915,EPSG:4326,33512,17181,16331,7997,12184.5,5555,4299,Town,2912.5,0,134.5,167,POINT (80.939150 26.863840),SYNTHETIC_PROTOTYPE,SYNTHETIC_PROTOTYPE
IN-POP-0567,Uttar Pradesh,Varanasi,Varanasi Settlement 0567,Varanasi,25.30962,82.96208,EPSG:4326,16719,8260,8459,4520,13749.1,2252,1366,Village,4604.0,0,636.6,947,POINT (82.962080 25.309620),SYNTHETIC_PROTOTYPE,SYNTHETIC_PROTOTYPE
IN-POP-0568,Bihar,Patna,Patna Settlement 0568,Patna,25.622871,85.107903,EPSG:4326,22484,11541,10943,5209,5241.2,3888,2497,Village,5773.9,0,1113.0,1374,POINT (85.107903 25.622871),SYNTHETIC_PROTOTYPE,SYNTHETIC_PROTOTYPE
IN-POP-0569,West Bengal,Kolkata,Kolkata Settlement 0569,Kolkata,22.575545,88.35007,EPSG:4326,22547,11467,11080,5954,6643.4,3686,1625,Village,4945.9,0,529.1,273,POINT (88.350070 22.575545),SYNTHETIC_PROTOTYPE,SYNTHETIC_PROTOTYPE
IN-POP-0570,Assam,Guwahati,Guwahati Settlement 0570,Guwahati,26.134529,91.711676,EPSG:4326,132181,62550,69631,39649,32887.2,19248,11807,Town,3504.7,0,176.7,305,POINT (91.711676 26.134529),SYNTHETIC_PROTOTYPE,SYNTHETIC_PROTOTYPE
IN-POP-0571,Odisha,Bhubaneswar,Bhubaneswar Settlement 0571,Bhubaneswar,20.306244,85.824968,EPSG:4326,31067,15464,15603,6835,13056.3,4125,3959,Urban Fringe,2570.0,0,690.0,474,POINT (85.824968 20.306244),SYNTHETIC_PROTOTYPE,SYNTHETIC_PROTOTYPE
IN-POP-0572,Jharkhand,Ranchi,Ranchi Settlement 0572,Ranchi,23.349611,85.291054,EPSG:4326,17183,8557,8626,3675,1942.0,3142,2180,Town,1618.5,1,265.0,1691,POINT (85.291054 23.349611),SYNTHETIC_PROTOTYPE,SYNTHETIC_PROTOTYPE
IN-POP-0573,Madhya Pradesh,Bhopal,Bhopal Settlement 0573,Bhopal,23.278957,77.419735,EPSG:4326,130985,64817,66168,26438,34391.2,18360,8919,City,4285.8,0,421.8,476,POINT (77.419735 23.278957),SYNTHETIC_PROTOTYPE,SYNTHETIC_PROTOTYPE
IN-POP-0574,Madhya Pradesh,Indore,Indore Settlement 0574,Indore,22.743496,75.838361,EPSG:4326,140330,69644,70686,36115,11847.8,16909,15974,Urban Fringe,2221.5,0,932.4,9427,POINT (75.838361 22.743496),SYNTHETIC_PROTOTYPE,SYNTHETIC_PROTOTYPE
IN-POP-0575,Chhattisgarh,Raipur,Raipur Settlement 0575,Raipur,21.265493,81.642495,EPSG:4326,20901,10423,10478,4463,4175.3,2948,1339,Village,7562.8,0,830.4,1371,POINT (81.642495 21.265493),SYNTHETIC_PROTOTYPE,SYNTHETIC_PROTOTYPE
IN-POP-0576,Telangana,Hyderabad,Hyderabad Settlement 0576,Hyderabad,17.379612,78.464785,EPSG:4326,57047,27916,29131,16558,6123.9,9980,7145,Urban Fringe,348.7,1,270.9,12423,POINT (78.464785 17.379612),SYNTHETIC_PROTOTYPE,SYNTHETIC_PROTOTYPE
IN-POP-0577,Karnataka,Bengaluru,Bengaluru Settlement 0577,Bengaluru,12.991884,77.618287,EPSG:4326,120128,59100,61028,25444,11357.1,17763,15366,Town,1902.6,0,40.1,8747,POINT (77.618287 12.991884),SYNTHETIC_PROTOTYPE,SYNTHETIC_PROTOTYPE
IN-POP-0578,Karnataka,Mysuru,Mysuru Settlement 0578,Mysuru,12.293017,76.632677,EPSG:4326,2128,1039,1089,616,320.1,445,154,Village,6509.6,0,874.4,34,POINT (76.632677 12.293017),SYNTHETIC_PROTOTYPE,SYNTHETIC_PROTOTYPE
IN-POP-0579,Tamil Nadu,Chennai,Chennai Settlement 0579,Chennai,13.105528,80.290255,EPSG:4326,112406,53129,59277,33477,11678.5,23987,6910,Urban Fringe,1991.8,0,117.0,2206,POINT (80.290255 13.105528),SYNTHETIC_PROTOTYPE,SYNTHETIC_PROTOTYPE
IN-POP-0580,Tamil Nadu,Coimbatore,Coimbatore Settlement 0580,Coimbatore,11.018173,76.928548,EPSG:4326,116760,55838,60922,27199,12882.5,23688,10035,Urban Fringe,2541.8,0,14.5,7683,POINT (76.928548 11.018173),SYNTHETIC_PROTOTYPE,SYNTHETIC_PROTOTYPE
IN-POP-0581,Kerala,Kochi,Kochi Settlement 0581,Kochi,9.958544,76.28226,EPSG:4326,1286,622,664,323,150.1,187,167,Village,2704.2,0,74.4,11,POINT (76.282260 9.958544),SYNTHETIC_PROTOTYPE,SYNTHETIC_PROTOTYPE
IN-POP-0582,Kerala,Thiruvananthapuram,Thiruvananthapuram Settlement 0582,Thiruvananthapuram,8.515277,76.914799,EPSG:4326,84783,42766,42017,24225,8967.9,16270,6971,Town,5755.7,0,1081.4,3620,POINT (76.914799 8.515277),SYNTHETIC_PROTOTYPE,SYNTHETIC_PROTOTYPE
IN-POP-0583,Andhra Pradesh,Vijayawada,Vijayawada Settlement 0583,Vijayawada,16.521133,80.677135,EPSG:4326,84175,40311,43864,22635,14407.3,10210,7185,City,7238.9,0,952.0,3297,POINT (80.677135 16.521133),SYNTHETIC_PROTOTYPE,SYNTHETIC_PROTOTYPE
IN-POP-0584,Andhra Pradesh,Visakhapatnam,Visakhapatnam Settlement 0584,Visakhapatnam,17.685334,83.208674,EPSG:4326,24648,11659,12989,6458,11175.0,4582,3199,Village,4639.1,0,600.0,516,POINT (83.208674 17.685334),SYNTHETIC_PROTOTYPE,SYNTHETIC_PROTOTYPE
IN-POP-0585,Jammu and Kashmir,Srinagar,Srinagar Settlement 0585,Srinagar,34.083506,74.818814,EPSG:4326,13777,7281,6496,4177,1266.3,2378,1053,Village,2522.3,0,1171.4,833,POINT (74.818814 34.083506),SYNTHETIC_PROTOTYPE,SYNTHETIC_PROTOTYPE
IN-POP-0586,Himachal Pradesh,Shimla,Shimla Settlement 0586,Shimla,31.092748,77.202032,EPSG:4326,46538,22762,23776,9814,6307.5,9961,2803,Town,2387.5,0,267.2,3200,POINT (77.202032 31.092748),SYNTHETIC_PROTOTYPE,SYNTHETIC_PROTOTYPE
IN-POP-0587,Uttarakhand,Dehradun,Dehradun Settlement 0587,Dehradun,30.314726,78.003901,EPSG:4326,40596,20636,19960,9044,3665.0,7477,4691,City,4803.6,0,587.8,502,POINT (78.003901 30.314726),SYNTHETIC_PROTOTYPE,SYNTHETIC_PROTOTYPE
IN-POP-0588,Bihar,Gaya,Gaya Settlement 0588,Gaya,24.775158,84.99207,EPSG:4326,92859,45454,47405,22238,132687.4,11219,6500,Urban Fringe,5957.2,0,1169.0,97,POINT (84.992070 24.775158),SYNTHETIC_PROTOTYPE,SYNTHETIC_PROTOTYPE
IN-POP-0589,Uttar Pradesh,Agra,Agra Settlement 0589,Agra,27.204994,78.023342,EPSG:4326,21366,10107,11259,5495,2052.9,2703,1559,Village,3053.9,0,643.4,1089,POINT (78.023342 27.204994),SYNTHETIC_PROTOTYPE,SYNTHETIC_PROTOTYPE
IN-POP-0590,Delhi,Delhi,Delhi Settlement 0590,Delhi,28.584269,77.195655,EPSG:4326,133065,65493,67572,31105,52700.2,22873,14969,Town,4006.2,0,565.9,3580,POINT (77.195655 28.584269),SYNTHETIC_PROTOTYPE,SYNTHETIC_PROTOTYPE
IN-POP-0591,Maharashtra,Mumbai,Mumbai Settlement 0591,Mumbai,19.075583,72.907686,EPSG:4326,10953,5186,5767,2740,990.2,1396,735,Village,215.4,1,100.6,7372,POINT (72.907686 19.075583),SYNTHETIC_PROTOTYPE,SYNTHETIC_PROTOTYPE
IN-POP-0592,Maharashtra,Pune,Pune Settlement 0592,Pune,18.539979,73.836941,EPSG:4326,295,142,153,61,26.8,54,24,Village,6684.2,0,679.7,4,POINT (73.836941 18.539979),SYNTHETIC_PROTOTYPE,SYNTHETIC_PROTOTYPE
IN-POP-0593,Maharashtra,Nagpur,Nagpur Settlement 0593,Nagpur,21.136896,79.095436,EPSG:4326,114025,58663,55362,32554,9599.4,16724,14579,Town,6063.3,0,727.5,6683,POINT (79.095436 21.136896),SYNTHETIC_PROTOTYPE,SYNTHETIC_PROTOTYPE
IN-POP-0594,Gujarat,Ahmedabad,Ahmedabad Settlement 0594,Ahmedabad,23.036839,72.58541,EPSG:4326,20789,9817,10972,5319,5694.5,2583,1881,Village,7059.3,0,176.8,441,POINT (72.585410 23.036839),SYNTHETIC_PROTOTYPE,SYNTHETIC_PROTOTYPE
IN-POP-0595,Gujarat,Surat,Surat Settlement 0595,Surat,21.184594,72.81714,EPSG:4326,94563,48433,46130,22649,13108.3,15159,8244,Urban Fringe,2606.6,0,307.8,6457,POINT (72.817140 21.184594),SYNTHETIC_PROTOTYPE,SYNTHETIC_PROTOTYPE
IN-POP-0596,Rajasthan,Jaipur,Jaipur Settlement 0596,Jaipur,26.89428,75.808594,EPSG:4326,61295,29305,31990,18878,5985.1,9235,7021,City,520.8,1,859.7,25985,POINT (75.808594 26.894280),SYNTHETIC_PROTOTYPE,SYNTHETIC_PROTOTYPE
IN-POP-0597,Uttar Pradesh,Lucknow,Lucknow Settlement 0597,Lucknow,26.867178,80.965026,EPSG:4326,11203,5908,5295,3185,1068.8,1831,1282,Village,4893.3,0,73.5,811,POINT (80.965026 26.867178),SYNTHETIC_PROTOTYPE,SYNTHETIC_PROTOTYPE
IN-POP-0598,Uttar Pradesh,Varanasi,Varanasi Settlement 0598,Varanasi,25.307578,82.951062,EPSG:4326,78025,36848,41177,16913,33507.1,12911,9236,Town,1781.9,1,176.5,27589,POINT (82.951062 25.307578),SYNTHETIC_PROTOTYPE,SYNTHETIC_PROTOTYPE
IN-POP-0599,Bihar,Patna,Patna Settlement 0599,Patna,25.564135,85.158176,EPSG:4326,60933,31910,29023,16255,7302.2,11723,4516,Urban Fringe,7199.5,0,848.7,715,POINT (85.158176 25.564135),SYNTHETIC_PROTOTYPE,SYNTHETIC_PROTOTYPE
IN-POP-0600,West Bengal,Kolkata,Kolkata Settlement 0600,Kolkata,22.542745,88.371922,EPSG:4326,77903,39817,38086,16689,60392.9,16192,6031,Town,4646.9,0,212.9,3353,POINT (88.371922 22.542745),SYNTHETIC_PROTOTYPE,SYNTHETIC_PROTOTYPE
IN-POP-0601,Assam,Guwahati,Guwahati Settlement 0601,Guwahati,26.134034,91.735207,EPSG:4326,1374,717,657,334,127.1,268,144,Village,7618.1,0,546.9,86,POINT (91.735207 26.134034),SYNTHETIC_PROTOTYPE,SYNTHETIC_PROTOTYPE
IN-POP-0602,Odisha,Bhubaneswar,Bhubaneswar Settlement 0602,Bhubaneswar,20.268321,85.828911,EPSG:4326,5816,2824,2992,1571,3266.0,878,529,Village,3937.7,0,797.6,243,POINT (85.828911 20.268321),SYNTHETIC_PROTOTYPE,SYNTHETIC_PROTOTYPE
IN-POP-0603,Jharkhand,Ranchi,Ranchi Settlement 0603,Ranchi,23.328372,85.322273,EPSG:4326,147208,69903,77305,39647,12655.7,24131,15139,City,2781.1,0,986.4,8339,POINT (85.322273 23.328372),SYNTHETIC_PROTOTYPE,SYNTHETIC_PROTOTYPE
IN-POP-0604,Madhya Pradesh,Bhopal,Bhopal Settlement 0604,Bhopal,23.273663,77.401156,EPSG:4326,67415,32123,35292,15924,15073.0,10908,6051,City,6340.1,0,999.9,3617,POINT (77.401156 23.273663),SYNTHETIC_PROTOTYPE,SYNTHETIC_PROTOTYPE
IN-POP-0605,Madhya Pradesh,Indore,Indore Settlement 0605,Indore,22.708503,75.85498,EPSG:4326,50642,24495,26147,13464,19082.6,7376,6122,Urban Fringe,3097.9,0,829.9,2142,POINT (75.854980 22.708503),SYNTHETIC_PROTOTYPE,SYNTHETIC_PROTOTYPE
IN-POP-0606,Chhattisgarh,Raipur,Raipur Settlement 0606,Raipur,21.224674,81.651937,EPSG:4326,130282,61678,68604,40340,20123.6,28118,10746,Urban Fringe,2808.5,0,231.5,2842,POINT (81.651937 21.224674),SYNTHETIC_PROTOTYPE,SYNTHETIC_PROTOTYPE
IN-POP-0607,Telangana,Hyderabad,Hyderabad Settlement 0607,Hyderabad,17.367135,78.459255,EPSG:4326,15999,8180,7819,4447,1475.1,2272,1549,Village,5707.4,0,678.3,703,POINT (78.459255 17.367135),SYNTHETIC_PROTOTYPE,SYNTHETIC_PROTOTYPE
IN-POP-0608,Karnataka,Bengaluru,Bengaluru Settlement 0608,Bengaluru,12.945729,77.609515,EPSG:4326,16739,8428,8311,3727,13858.7,2593,1974,Village,5945.1,0,309.9,292,POINT (77.609515 12.945729),SYNTHETIC_PROTOTYPE,SYNTHETIC_PROTOTYPE
IN-POP-0609,Karnataka,Mysuru,Mysuru Settlement 0609,Mysuru,12.280942,76.655912,EPSG:4326,21868,11267,10601,4495,2101.6,4098,1787,Village,3482.0,0,1083.9,939,POINT (76.655912 12.280942),SYNTHETIC_PROTOTYPE,SYNTHETIC_PROTOTYPE
IN-POP-0610,Tamil Nadu,Chennai,Chennai Settlement 0610,Chennai,13.081042,80.296488,EPSG:4326,64155,31380,32775,12981,6406.2,8841,8339,Town,1372.7,1,1050.9,15466,POINT (80.296488 13.081042),SYNTHETIC_PROTOTYPE,SYNTHETIC_PROTOTYPE
IN-POP-0611,Tamil Nadu,Coimbatore,Coimbatore Settlement 0611,Coimbatore,10.994963,76.979511,EPSG:4326,149385,78536,70849,35540,17561.5,20940,16587,City,3523.9,0,753.0,6832,POINT (76.979511 10.994963),SYNTHETIC_PROTOTYPE,SYNTHETIC_PROTOTYPE
IN-POP-0612,Kerala,Kochi,Kochi Settlement 0612,Kochi,9.933628,76.263929,EPSG:4326,7839,3765,4074,2271,3742.0,973,576,Village,3550.5,0,714.6,69,POINT (76.263929 9.933628),SYNTHETIC_PROTOTYPE,SYNTHETIC_PROTOTYPE
IN-POP-0613,Kerala,Thiruvananthapuram,Thiruvananthapuram Settlement 0613,Thiruvananthapuram,8.525704,76.946072,EPSG:4326,22309,10877,11432,4689,2794.8,4741,1397,Village,1504.3,1,1078.5,1289,POINT (76.946072 8.525704),SYNTHETIC_PROTOTYPE,SYNTHETIC_PROTOTYPE
IN-POP-0614,Andhra Pradesh,Vijayawada,Vijayawada Settlement 0614,Vijayawada,16.47958,80.671846,EPSG:4326,4601,2313,2288,1047,421.3,555,429,Village,2184.4,0,392.1,296,POINT (80.671846 16.479580),SYNTHETIC_PROTOTYPE,SYNTHETIC_PROTOTYPE
IN-POP-0615,Andhra Pradesh,Visakhapatnam,Visakhapatnam Settlement 0615,Visakhapatnam,17.68645,83.213617,EPSG:4326,13655,6911,6744,3429,1576.3,1881,1343,Village,7177.0,0,149.7,39,POINT (83.213617 17.686450),SYNTHETIC_PROTOTYPE,SYNTHETIC_PROTOTYPE
IN-POP-0616,Jammu and Kashmir,Srinagar,Srinagar Settlement 0616,Srinagar,34.063197,74.815368,EPSG:4326,10067,4917,5150,2059,1626.1,1891,1150,Village,5603.8,0,389.1,590,POINT (74.815368 34.063197),SYNTHETIC_PROTOTYPE,SYNTHETIC_PROTOTYPE
IN-POP-0617,Himachal Pradesh,Shimla,Shimla Settlement 0617,Shimla,31.104895,77.197524,EPSG:4326,97412,50981,46431,28984,11645.4,20178,6833,Town,832.8,1,804.5,10570,POINT (77.197524 31.104895),SYNTHETIC_PROTOTYPE,SYNTHETIC_PROTOTYPE
IN-POP-0618,Uttarakhand,Dehradun,Dehradun Settlement 0618,Dehradun,30.342372,78.018406,EPSG:4326,101590,51867,49723,25637,14245.1,14127,6306,Urban Fringe,3569.6,0,1179.8,404,POINT (78.018406 30.342372),SYNTHETIC_PROTOTYPE,SYNTHETIC_PROTOTYPE
IN-POP-0619,Bihar,Gaya,Gaya Settlement 0619,Gaya,24.781501,85.000072,EPSG:4326,103768,51411,52357,28358,106425.3,20805,7079,Town,1845.8,0,251.7,3573,POINT (85.000072 24.781501),SYNTHETIC_PROTOTYPE,SYNTHETIC_PROTOTYPE
IN-POP-0620,Uttar Pradesh,Agra,Agra Settlement 0620,Agra,27.162552,78.03235,EPSG:4326,3079,1552,1527,775,391.8,574,368,Village,1891.8,0,408.1,45,POINT (78.032350 27.162552),SYNTHETIC_PROTOTYPE,SYNTHETIC_PROTOTYPE
IN-POP-0621,Delhi,Delhi,Delhi Settlement 0621,Delhi,28.639566,77.237186,EPSG:4326,59065,31101,27964,12555,5614.5,8814,3811,Town,643.0,1,732.1,31808,POINT (77.237186 28.639566),SYNTHETIC_PROTOTYPE,SYNTHETIC_PROTOTYPE
IN-POP-0622,Maharashtra,Mumbai,Mumbai Settlement 0622,Mumbai,19.072658,72.847738,EPSG:4326,19588,9439,10149,5695,4348.3,2829,1186,Village,5607.4,0,165.1,903,POINT (72.847738 19.072658),SYNTHETIC_PROTOTYPE,SYNTHETIC_PROTOTYPE
IN-POP-0623,Maharashtra,Pune,Pune Settlement 0623,Pune,18.499136,73.866904,EPSG:4326,113926,54334,59592,24311,90362.9,20293,14168,Urban Fringe,810.7,1,379.1,59023,POINT (73.866904 18.499136),SYNTHETIC_PROTOTYPE,SYNTHETIC_PROTOTYPE
IN-POP-0624,Maharashtra,Nagpur,Nagpur Settlement 0624,Nagpur,21.151425,79.106623,EPSG:4326,20537,10797,9740,4211,4097.7,3736,1672,Town,7645.6,0,267.7,1039,POINT (79.106623 21.151425),SYNTHETIC_PROTOTYPE,SYNTHETIC_PROTOTYPE
IN-POP-0625,Gujarat,Ahmedabad,Ahmedabad Settlement 0625,Ahmedabad,23.029506,72.571787,EPSG:4326,23162,11413,11749,6919,3638.9,4691,2490,Village,1656.9,1,766.5,12663,POINT (72.571787 23.029506),SYNTHETIC_PROTOTYPE,SYNTHETIC_PROTOTYPE
IN-POP-0626,Gujarat,Surat,Surat Settlement 0626,Surat,21.157876,72.820556,EPSG:4326,12966,6164,6802,3310,1466.7,2381,1076,Village,7472.1,0,269.8,294,POINT (72.820556 21.157876),SYNTHETIC_PROTOTYPE,SYNTHETIC_PROTOTYPE
IN-POP-0627,Rajasthan,Jaipur,Jaipur Settlement 0627,Jaipur,26.940626,75.781008,EPSG:4326,7231,3524,3707,1810,1236.8,879,891,Village,5326.3,0,96.4,271,POINT (75.781008 26.940626),SYNTHETIC_PROTOTYPE,SYNTHETIC_PROTOTYPE
IN-POP-0628,Uttar Pradesh,Lucknow,Lucknow Settlement 0628,Lucknow,26.876545,80.940208,EPSG:4326,826,407,419,184,96.8,109,95,Village,5674.6,0,855.9,25,POINT (80.940208 26.876545),SYNTHETIC_PROTOTYPE,SYNTHETIC_PROTOTYPE
IN-POP-0629,Uttar Pradesh,Varanasi,Varanasi Settlement 0629,Varanasi,25.325425,82.988565,EPSG:4326,43311,22461,20850,10080,3756.7,8673,2766,City,7500.2,0,107.6,611,POINT (82.988565 25.325425),SYNTHETIC_PROTOTYPE,SYNTHETIC_PROTOTYPE
IN-POP-0630,Bihar,Patna,Patna Settlement 0630,Patna,25.597536,85.138684,EPSG:4326,82708,43228,39480,24437,15000.7,13243,7879,Town,4172.9,0,574.8,2989,POINT (85.138684 25.597536),SYNTHETIC_PROTOTYPE,SYNTHETIC_PROTOTYPE
IN-POP-0631,West Bengal,Kolkata,Kolkata Settlement 0631,Kolkata,22.569104,88.34946,EPSG:4326,103677,50158,53519,29834,13464.8,12544,7353,Town,7324.5,0,1076.5,6037,POINT (88.349460 22.569104),SYNTHETIC_PROTOTYPE,SYNTHETIC_PROTOTYPE
IN-POP-0632,Assam,Guwahati,Guwahati Settlement 0632,Guwahati,26.170648,91.759284,EPSG:4326,99691,49598,50093,29250,13292.6,14176,12714,Town,4730.2,0,12.1,480,POINT (91.759284 26.170648),SYNTHETIC_PROTOTYPE,SYNTHETIC_PROTOTYPE
IN-POP-0633,Odisha,Bhubaneswar,Bhubaneswar Settlement 0633,Bhubaneswar,20.27257,85.808049,EPSG:4326,69360,33056,36304,14031,9898.1,13250,5350,Town,5696.5,0,649.6,4045,POINT (85.808049 20.272570),SYNTHETIC_PROTOTYPE,SYNTHETIC_PROTOTYPE
IN-POP-0634,Jharkhand,Ranchi,Ranchi Settlement 0634,Ranchi,23.327266,85.307518,EPSG:4326,37849,18296,19553,8295,3318.3,7081,4599,Town,7512.4,0,538.5,2904,POINT (85.307518 23.327266),SYNTHETIC_PROTOTYPE,SYNTHETIC_PROTOTYPE
IN-POP-0635,Madhya Pradesh,Bhopal,Bhopal Settlement 0635,Bhopal,23.233173,77.389867,EPSG:4326,57438,27621,29817,17285,5274.2,8998,6297,Urban Fringe,1001.5,1,1194.6,31967,POINT (77.389867 23.233173),SYNTHETIC_PROTOTYPE,SYNTHETIC_PROTOTYPE
IN-POP-0636,Madhya Pradesh,Indore,Indore Settlement 0636,Indore,22.740643,75.885607,EPSG:4326,13686,6481,7205,3530,1324.0,2617,1757,Village,3102.4,0,168.7,325,POINT (75.885607 22.740643),SYNTHETIC_PROTOTYPE,SYNTHETIC_PROTOTYPE
IN-POP-0637,Chhattisgarh,Raipur,Raipur Settlement 0637,Raipur,21.271045,81.60581,EPSG:4326,148780,70422,78358,35778,47877.6,20335,13009,City,4229.0,0,1071.9,7597,POINT (81.605810 21.271045),SYNTHETIC_PROTOTYPE,SYNTHETIC_PROTOTYPE
IN-POP-0638,Telangana,Hyderabad,Hyderabad Settlement 0638,Hyderabad,17.383222,78.469041,EPSG:4326,7576,3741,3835,1813,1095.1,1127,456,Village,4479.2,0,49.1,168,POINT (78.469041 17.383222),SYNTHETIC_PROTOTYPE,SYNTHETIC_PROTOTYPE
IN-POP-0639,Karnataka,Bengaluru,Bengaluru Settlement 0639,Bengaluru,12.958706,77.566547,EPSG:4326,131823,68970,62853,35474,76880.1,20397,16170,Urban Fringe,6371.1,0,357.2,10392,POINT (77.566547 12.958706),SYNTHETIC_PROTOTYPE,SYNTHETIC_PROTOTYPE
IN-POP-0640,Karnataka,Mysuru,Mysuru Settlement 0640,Mysuru,12.300967,76.640604,EPSG:4326,23054,11291,11763,6591,7382.2,3790,2579,Village,723.2,1,707.6,12617,POINT (76.640604 12.300967),SYNTHETIC_PROTOTYPE,SYNTHETIC_PROTOTYPE
IN-POP-0641,Tamil Nadu,Chennai,Chennai Settlement 0641,Chennai,13.112027,80.248532,EPSG:4326,7194,3798,3396,2216,921.3,1097,800,Village,7034.4,0,1194.6,179,POINT (80.248532 13.112027),SYNTHETIC_PROTOTYPE,SYNTHETIC_PROTOTYPE
IN-POP-0642,Tamil Nadu,Coimbatore,Coimbatore Settlement 0642,Coimbatore,11.029546,76.969692,EPSG:4326,81804,39017,42787,20083,8382.1,13477,5695,Urban Fringe,2004.9,0,861.0,2793,POINT (76.969692 11.029546),SYNTHETIC_PROTOTYPE,SYNTHETIC_PROTOTYPE
IN-POP-0643,Kerala,Kochi,Kochi Settlement 0643,Kochi,9.904353,76.246729,EPSG:4326,21103,10198,10905,5838,2209.3,3748,1746,Village,4172.7,0,848.7,1110,POINT (76.246729 9.904353),SYNTHETIC_PROTOTYPE,SYNTHETIC_PROTOTYPE
IN-POP-0644,Kerala,Thiruvananthapuram,Thiruvananthapuram Settlement 0644,Thiruvananthapuram,8.519487,76.933299,EPSG:4326,55959,27912,28047,13894,8154.6,7004,3870,Town,5587.0,0,52.7,2865,POINT (76.933299 8.519487),SYNTHETIC_PROTOTYPE,SYNTHETIC_PROTOTYPE
IN-POP-0645,Andhra Pradesh,Vijayawada,Vijayawada Settlement 0645,Vijayawada,16.515486,80.675593,EPSG:4326,5334,2539,2795,1597,715.3,660,405,Town,6573.0,0,340.6,1,POINT (80.675593 16.515486),SYNTHETIC_PROTOTYPE,SYNTHETIC_PROTOTYPE
IN-POP-0646,Andhra Pradesh,Visakhapatnam,Visakhapatnam Settlement 0646,Visakhapatnam,17.683971,83.234851,EPSG:4326,11157,5443,5714,2843,5950.7,1464,1055,Village,7106.7,0,1097.7,19,POINT (83.234851 17.683971),SYNTHETIC_PROTOTYPE,SYNTHETIC_PROTOTYPE
IN-POP-0647,Jammu and Kashmir,Srinagar,Srinagar Settlement 0647,Srinagar,34.110073,74.787553,EPSG:4326,25973,13748,12225,6678,18784.3,4564,2290,Town,7681.7,0,1075.4,1428,POINT (74.787553 34.110073),SYNTHETIC_PROTOTYPE,SYNTHETIC_PROTOTYPE
IN-POP-0648,Himachal Pradesh,Shimla,Shimla Settlement 0648,Shimla,31.11988,77.176756,EPSG:4326,120594,63790,56804,33850,18713.9,23423,9011,Urban Fringe,3416.5,0,364.8,503,POINT (77.176756 31.119880),SYNTHETIC_PROTOTYPE,SYNTHETIC_PROTOTYPE
IN-POP-0649,Uttarakhand,Dehradun,Dehradun Settlement 0649,Dehradun,30.318643,78.026734,EPSG:4326,14927,7020,7907,3072,2577.2,3222,939,Village,502.1,1,883.3,8350,POINT (78.026734 30.318643),SYNTHETIC_PROTOTYPE,SYNTHETIC_PROTOTYPE
IN-POP-0650,Bihar,Gaya,Gaya Settlement 0650,Gaya,24.780097,84.987075,EPSG:4326,1450,707,743,315,1227.0,225,184,Village,2234.1,0,149.3,58,POINT (84.987075 24.780097),SYNTHETIC_PROTOTYPE,SYNTHETIC_PROTOTYPE
IN-POP-0651,Uttar Pradesh,Agra,Agra Settlement 0651,Agra,27.175706,78.00472,EPSG:4326,91389,44708,46681,27133,22353.5,14111,10933,City,4890.7,0,564.7,1233,POINT (78.004720 27.175706),SYNTHETIC_PROTOTYPE,SYNTHETIC_PROTOTYPE
IN-POP-0652,Delhi,Delhi,Delhi Settlement 0652,Delhi,28.584805,77.206967,EPSG:4326,1408,741,667,405,135.3,287,106,Village,7049.3,0,1152.5,34,POINT (77.206967 28.584805),SYNTHETIC_PROTOTYPE,SYNTHETIC_PROTOTYPE
IN-POP-0653,Maharashtra,Mumbai,Mumbai Settlement 0653,Mumbai,19.10376,72.894672,EPSG:4326,41347,21032,20315,11757,8988.4,8011,2770,City,4657.0,0,528.5,513,POINT (72.894672 19.103760),SYNTHETIC_PROTOTYPE,SYNTHETIC_PROTOTYPE
IN-POP-0654,Maharashtra,Pune,Pune Settlement 0654,Pune,18.535647,73.855539,EPSG:4326,111268,58268,53000,28153,14595.0,20486,8626,City,4666.9,0,1079.8,7845,POINT (73.855539 18.535647),SYNTHETIC_PROTOTYPE,SYNTHETIC_PROTOTYPE
IN-POP-0655,Maharashtra,Nagpur,Nagpur Settlement 0655,Nagpur,21.126981,79.104169,EPSG:4326,116416,60828,55588,25356,59298.9,20631,12421,Urban Fringe,6365.3,0,1139.2,5281,POINT (79.104169 21.126981),SYNTHETIC_PROTOTYPE,SYNTHETIC_PROTOTYPE
IN-POP-0656,Gujarat,Ahmedabad,Ahmedabad Settlement 0656,Ahmedabad,23.050949,72.551717,EPSG:4326,318,164,154,88,85.3,40,30,Village,5567.2,0,1085.1,9,POINT (72.551717 23.050949),SYNTHETIC_PROTOTYPE,SYNTHETIC_PROTOTYPE
IN-POP-0657,Gujarat,Surat,Surat Settlement 0657,Surat,21.141637,72.832948,EPSG:4326,7210,3517,3693,1936,1788.5,1387,865,Village,3445.6,0,538.0,486,POINT (72.832948 21.141637),SYNTHETIC_PROTOTYPE,SYNTHETIC_PROTOTYPE
IN-POP-0658,Rajasthan,Jaipur,Jaipur Settlement 0658,Jaipur,26.912712,75.803145,EPSG:4326,12350,6361,5989,3249,1178.7,2450,1444,Village,4210.7,0,799.6,427,POINT (75.803145 26.912712),SYNTHETIC_PROTOTYPE,SYNTHETIC_PROTOTYPE
IN-POP-0659,Uttar Pradesh,Lucknow,Lucknow Settlement 0659,Lucknow,26.841813,80.951886,EPSG:4326,2734,1400,1334,619,506.9,418,338,Village,2323.7,0,220.1,207,POINT (80.951886 26.841813),SYNTHETIC_PROTOTYPE,SYNTHETIC_PROTOTYPE
IN-POP-0660,Uttar Pradesh,Varanasi,Varanasi Settlement 0660,Varanasi,25.34227,82.98123,EPSG:4326,9307,4817,4490,2550,927.1,1563,1007,Village,4002.2,0,78.1,519,POINT (82.981230 25.342270),SYNTHETIC_PROTOTYPE,SYNTHETIC_PROTOTYPE
IN-POP-0661,Bihar,Patna,Patna Settlement 0661,Patna,25.60085,85.144421,EPSG:4326,103648,50519,53129,26322,11812.0,16634,11939,City,1144.5,1,889.1,56467,POINT (85.144421 25.600850),SYNTHETIC_PROTOTYPE,SYNTHETIC_PROTOTYPE
IN-POP-0662,West Bengal,Kolkata,Kolkata Settlement 0662,Kolkata,22.582554,88.370762,EPSG:4326,127360,66629,60731,30915,14395.4,18360,16453,Town,4513.6,0,655.3,7778,POINT (88.370762 22.582554),SYNTHETIC_PROTOTYPE,SYNTHETIC_PROTOTYPE
IN-POP-0663,Assam,Guwahati,Guwahati Settlement 0663,Guwahati,26.157768,91.72544,EPSG:4326,106752,51785,54967,22578,12097.5,18793,9918,Town,893.4,1,797.3,40793,POINT (91.725440 26.157768),SYNTHETIC_PROTOTYPE,SYNTHETIC_PROTOTYPE
IN-POP-0664,Odisha,Bhubaneswar,Bhubaneswar Settlement 0664,Bhubaneswar,20.31684,85.81253,EPSG:4326,17961,9355,8606,4530,3162.6,3433,1139,Village,2511.6,0,963.8,1025,POINT (85.812530 20.316840),SYNTHETIC_PROTOTYPE,SYNTHETIC_PROTOTYPE
IN-POP-0665,Jharkhand,Ranchi,Ranchi Settlement 0665,Ranchi,23.34589,85.291108,EPSG:4326,17588,8819,8769,3544,19147.3,3645,2133,Village,4373.1,0,790.6,499,POINT (85.291108 23.345890),SYNTHETIC_PROTOTYPE,SYNTHETIC_PROTOTYPE
IN-POP-0666,Madhya Pradesh,Bhopal,Bhopal Settlement 0666,Bhopal,23.277261,77.388269,EPSG:4326,112005,56779,55226,26195,16444.3,21360,14356,Urban Fringe,3701.3,0,1005.6,1258,POINT (77.388269 23.277261),SYNTHETIC_PROTOTYPE,SYNTHETIC_PROTOTYPE
IN-POP-0667,Madhya Pradesh,Indore,Indore Settlement 0667,Indore,22.748599,75.832632,EPSG:4326,16025,8251,7774,3680,1508.9,2695,975,Town,6373.6,0,461.3,640,POINT (75.832632 22.748599),SYNTHETIC_PROTOTYPE,SYNTHETIC_PROTOTYPE
IN-POP-0668,Chhattisgarh,Raipur,Raipur Settlement 0668,Raipur,21.234384,81.6174,EPSG:4326,11304,5630,5674,2478,1274.0,1512,1465,Village,107.9,1,151.3,1964,POINT (81.617400 21.234384),SYNTHETIC_PROTOTYPE,SYNTHETIC_PROTOTYPE
IN-POP-0669,Telangana,Hyderabad,Hyderabad Settlement 0669,Hyderabad,17.405315,78.464982,EPSG:4326,94821,48314,46507,19781,16908.4,13531,5894,Town,2241.0,0,354.9,657,POINT (78.464982 17.405315),SYNTHETIC_PROTOTYPE,SYNTHETIC_PROTOTYPE
IN-POP-0670,Karnataka,Bengaluru,Bengaluru Settlement 0670,Bengaluru,12.979998,77.58822,EPSG:4326,4720,2454,2266,1357,3219.9,606,459,Village,800.8,1,374.5,983,POINT (77.588220 12.979998),SYNTHETIC_PROTOTYPE,SYNTHETIC_PROTOTYPE
IN-POP-0671,Karnataka,Mysuru,Mysuru Settlement 0671,Mysuru,12.272206,76.656167,EPSG:4326,13607,6945,6662,4058,1460.8,2729,1505,Village,4553.9,0,424.9,252,POINT (76.656167 12.272206),SYNTHETIC_PROTOTYPE,SYNTHETIC_PROTOTYPE
IN-POP-0672,Tamil Nadu,Chennai,Chennai Settlement 0672,Chennai,13.10603,80.285488,EPSG:4326,24645,11593,13052,7288,7342.3,2979,2321,Village,7102.5,0,224.6,460,POINT (80.285488 13.106030),SYNTHETIC_PROTOTYPE,SYNTHETIC_PROTOTYPE
IN-POP-0673,Tamil Nadu,Coimbatore,Coimbatore Settlement 0673,Coimbatore,11.011962,76.969068,EPSG:4326,777,371,406,182,85.6,147,49,Village,7669.2,0,1114.1,49,POINT (76.969068 11.011962),SYNTHETIC_PROTOTYPE,SYNTHETIC_PROTOTYPE
IN-POP-0674,Kerala,Kochi,Kochi Settlement 0674,Kochi,9.927764,76.266534,EPSG:4326,47309,23290,24019,13453,11025.7,6919,2923,City,704.2,1,503.0,3638,POINT (76.266534 9.927764),SYNTHETIC_PROTOTYPE,SYNTHETIC_PROTOTYPE
IN-POP-0675,Kerala,Thiruvananthapuram,Thiruvananthapuram Settlement 0675,Thiruvananthapuram,8.526701,76.913779,EPSG:4326,11368,5953,5415,3237,5551.7,1549,1135,Village,5483.4,0,778.5,67,POINT (76.913779 8.526701),SYNTHETIC_PROTOTYPE,SYNTHETIC_PROTOTYPE
IN-POP-0676,Andhra Pradesh,Vijayawada,Vijayawada Settlement 0676,Vijayawada,16.480424,80.635393,EPSG:4326,2205,1053,1152,527,1992.8,377,282,Village,6947.7,0,598.7,30,POINT (80.635393 16.480424),SYNTHETIC_PROTOTYPE,SYNTHETIC_PROTOTYPE
IN-POP-0677,Andhra Pradesh,Visakhapatnam,Visakhapatnam Settlement 0677,Visakhapatnam,17.713823,83.245759,EPSG:4326,17906,8744,9162,5554,2785.2,3603,2202,Village,7512.7,0,998.9,377,POINT (83.245759 17.713823),SYNTHETIC_PROTOTYPE,SYNTHETIC_PROTOTYPE
IN-POP-0678,Jammu and Kashmir,Srinagar,Srinagar Settlement 0678,Srinagar,34.055138,74.818303,EPSG:4326,5452,2643,2809,1152,1549.7,1135,394,Village,412.0,1,925.2,3817,POINT (74.818303 34.055138),SYNTHETIC_PROTOTYPE,SYNTHETIC_PROTOTYPE
IN-POP-0679,Himachal Pradesh,Shimla,Shimla Settlement 0679,Shimla,31.10142,77.176126,EPSG:4326,17120,8104,9016,4782,3039.6,3228,1780,Village,3129.4,0,408.5,996,POINT (77.176126 31.101420),SYNTHETIC_PROTOTYPE,SYNTHETIC_PROTOTYPE
IN-POP-0680,Uttarakhand,Dehradun,Dehradun Settlement 0680,Dehradun,30.335922,78.021854,EPSG:4326,10935,5247,5688,2589,1031.0,1567,1412,Village,4904.9,0,784.6,618,POINT (78.021854 30.335922),SYNTHETIC_PROTOTYPE,SYNTHETIC_PROTOTYPE
IN-POP-0681,Bihar,Gaya,Gaya Settlement 0681,Gaya,24.784029,84.992783,EPSG:4326,98276,51110,47166,23913,10395.3,18516,12420,Urban Fringe,7767.2,0,227.6,7557,POINT (84.992783 24.784029),SYNTHETIC_PROTOTYPE,SYNTHETIC_PROTOTYPE
IN-POP-0682,Uttar Pradesh,Agra,Agra Settlement 0682,Agra,27.177825,78.0367,EPSG:4326,24335,12522,11813,6061,7149.2,5277,2471,Village,2334.8,0,526.9,1567,POINT (78.036700 27.177825),SYNTHETIC_PROTOTYPE,SYNTHETIC_PROTOTYPE
IN-POP-0683,Delhi,Delhi,Delhi Settlement 0683,Delhi,28.594206,77.183289,EPSG:4326,108907,51992,56915,24397,15984.3,23636,11973,City,113.6,1,339.4,58139,POINT (77.183289 28.594206),SYNTHETIC_PROTOTYPE,SYNTHETIC_PROTOTYPE
IN-POP-0684,Maharashtra,Mumbai,Mumbai Settlement 0684,Mumbai,19.084086,72.885812,EPSG:4326,23855,11888,11967,7166,5411.2,3249,2038,Village,7387.9,0,482.2,463,POINT (72.885812 19.084086),SYNTHETIC_PROTOTYPE,SYNTHETIC_PROTOTYPE
IN-POP-0685,Maharashtra,Pune,Pune Settlement 0685,Pune,18.500818,73.885278,EPSG:4326,101439,48647,52792,26505,10544.7,20335,10724,Urban Fringe,1192.3,1,1064.8,5103,POINT (73.885278 18.500818),SYNTHETIC_PROTOTYPE,SYNTHETIC_PROTOTYPE
IN-POP-0686,Maharashtra,Nagpur,Nagpur Settlement 0686,Nagpur,21.118697,79.074254,EPSG:4326,87473,46290,41183,18798,16666.9,11367,7562,City,2174.9,0,214.2,1956,POINT (79.074254 21.118697),SYNTHETIC_PROTOTYPE,SYNTHETIC_PROTOTYPE
IN-POP-0687,Gujarat,Ahmedabad,Ahmedabad Settlement 0687,Ahmedabad,23.036811,72.556019,EPSG:4326,8650,4252,4398,2029,785.4,1639,818,Urban Fringe,2130.5,0,477.4,118,POINT (72.556019 23.036811),SYNTHETIC_PROTOTYPE,SYNTHETIC_PROTOTYPE
IN-POP-0688,Gujarat,Surat,Surat Settlement 0688,Surat,21.146109,72.84726,EPSG:4326,66760,34565,32195,17029,33787.2,9900,5537,Town,5347.0,0,1100.6,757,POINT (72.847260 21.146109),SYNTHETIC_PROTOTYPE,SYNTHETIC_PROTOTYPE
IN-POP-0689,Rajasthan,Jaipur,Jaipur Settlement 0689,Jaipur,26.911621,75.79271,EPSG:4326,71414,37771,33643,20302,26816.5,10313,5615,Urban Fringe,933.5,1,355.9,37229,POINT (75.792710 26.911621),SYNTHETIC_PROTOTYPE,SYNTHETIC_PROTOTYPE
IN-POP-0690,Uttar Pradesh,Lucknow,Lucknow Settlement 0690,Lucknow,26.868683,80.958842,EPSG:4326,13080,6772,6308,4051,1118.9,2735,1319,Village,5370.7,0,532.0,850,POINT (80.958842 26.868683),SYNTHETIC_PROTOTYPE,SYNTHETIC_PROTOTYPE
IN-POP-0691,Uttar Pradesh,Varanasi,Varanasi Settlement 0691,Varanasi,25.2955,82.980728,EPSG:4326,7681,3988,3693,1625,1039.3,1106,926,Village,1164.1,1,148.8,4871,POINT (82.980728 25.295500),SYNTHETIC_PROTOTYPE,SYNTHETIC_PROTOTYPE
IN-POP-0692,Bihar,Patna,Patna Settlement 0692,Patna,25.598573,85.130095,EPSG:4326,10711,5120,5591,2672,1722.2,1542,1241,Village,3004.7,0,135.3,24,POINT (85.130095 25.598573),SYNTHETIC_PROTOTYPE,SYNTHETIC_PROTOTYPE
IN-POP-0693,West Bengal,Kolkata,Kolkata Settlement 0693,Kolkata,22.56435,88.36061,EPSG:4326,141087,70329,70758,30845,21501.0,20200,17527,Town,7406.2,0,677.9,3166,POINT (88.360610 22.564350),SYNTHETIC_PROTOTYPE,SYNTHETIC_PROTOTYPE
IN-POP-0694,Assam,Guwahati,Guwahati Settlement 0694,Guwahati,26.137685,91.749084,EPSG:4326,149449,72175,77274,31594,23948.1,23321,16757,Urban Fringe,7976.4,0,1163.4,9514,POINT (91.749084 26.137685),SYNTHETIC_PROTOTYPE,SYNTHETIC_PROTOTYPE
IN-POP-0695,Odisha,Bhubaneswar,Bhubaneswar Settlement 0695,Bhubaneswar,20.309301,85.834595,EPSG:4326,15062,7417,7645,3352,2163.8,2510,1445,Village,3189.6,0,736.9,462,POINT (85.834595 20.309301),SYNTHETIC_PROTOTYPE,SYNTHETIC_PROTOTYPE
IN-POP-0696,Jharkhand,Ranchi,Ranchi Settlement 0696,Ranchi,23.323254,85.330183,EPSG:4326,86918,41691,45227,23856,12259.0,15910,6703,City,81.3,1,547.5,12268,POINT (85.330183 23.323254),SYNTHETIC_PROTOTYPE,SYNTHETIC_PROTOTYPE
IN-POP-0697,Madhya Pradesh,Bhopal,Bhopal Settlement 0697,Bhopal,23.230598,77.436546,EPSG:4326,116272,55900,60372,30640,14153.2,16908,14456,Town,668.9,1,1165.1,31227,POINT (77.436546 23.230598),SYNTHETIC_PROTOTYPE,SYNTHETIC_PROTOTYPE
IN-POP-0698,Madhya Pradesh,Indore,Indore Settlement 0698,Indore,22.693139,75.88315,EPSG:4326,1388,706,682,303,128.0,264,176,Village,2193.9,0,1077.1,27,POINT (75.883150 22.693139),SYNTHETIC_PROTOTYPE,SYNTHETIC_PROTOTYPE
IN-POP-0699,Chhattisgarh,Raipur,Raipur Settlement 0699,Raipur,21.242667,81.647216,EPSG:4326,15571,7352,8219,3212,1676.8,3354,1370,Town,3692.5,0,1016.7,195,POINT (81.647216 21.242667),SYNTHETIC_PROTOTYPE,SYNTHETIC_PROTOTYPE
IN-POP-0700,Telangana,Hyderabad,Hyderabad Settlement 0700,Hyderabad,17.413925,78.485053,EPSG:4326,8439,4136,4303,1775,1371.4,1142,1077,Village,5765.4,0,673.8,172,POINT (78.485053 17.413925),SYNTHETIC_PROTOTYPE,SYNTHETIC_PROTOTYPE
